Rank,Z1_Vehicles,Z2_Distance,Z3_WaitTime,Z4_LoadBalance,Z5_Makespan,Unserved,Num_Routes,ASF,ASF_aug,In_ROI,Routes
1,4,956.3076,1646.971,416.0,968.9345,0,4,152.865308,153.026669,True,50-33-65-32-90-63-11-62-30-69-1-76-3-79-78-81-9-51-20-66-71-35-34-29-68-80-77-28|26-21-39-67-23-72-73-2-40-53-87-57-41-22-75-56-74-4-55-25-24-54-12|7-48-47-36-46-45-92-42-15-43-14-44-38-86-16-5-60-99-6-18-82-8-83-84-17-61-85-91-100-13-95-97-37-98-93-59-96-94-58|27-89-52-88-64-49-19-10-70-31
2,4,958.9544,1613.9181,190.0,925.1789,0,4,147.907377,148.03541,True,27-33-51-65-20-30-69-1-50-76-3-79-78-81-9-66-71-35-34-29-68-80-77-12-28|21-39-67-23-72-73-40-53-87-2-41-22-75-56-74-4-55-25-24-54-26|89-83-18-52-7-48-47-19-62-88-11-64-49-63-90-32-10-70-31|82-36-46-45-5-92-42-57-15-43-14-44-38-86-61-85-98-59-99-96-6-60-8-84-17-16-91-37-100-13-97-93-95-94-58
3,4,962.3514,1371.1874,348.0,964.6993,0,4,111.497771,111.612142,True,21-72-75-39-67-23-73-40-2-87-57-41-22-56-74-4-55-25-24-54-12-26-58|50-33-51-65-20-30-62-11-64-49-47-19-10-63-90-32-66-71-35-34-29-68-80-77-1-70|7-82-48-36-46-45-92-42-15-43-14-44-38-86-16-99-6-89-18-8-83-84-60-5-17-61-91-100-13-95-97-37-98-85-93-59-96-94|27-69-31-88-52-76-3-79-78-9-81-28-53
4,4,963.6203,1649.8322,132.0,956.5335,0,4,153.294491,153.428215,True,27-65-33-76-3-79-78-81-9-51-20-66-71-35-34-29-68-80-77-50-28|26-21-72-75-39-67-23-73-2-40-53-87-57-41-22-56-74-4-55-25-24-54-12-58|52-18-82-45-46-36-47-19-62-31-69-1-30-88-11-64-49-48-7-63-90-32-10-70|94-95-92-42-15-43-14-38-44-61-5-99-6-60-83-8-84-17-86-16-91-100-13-97-37-98-85-93-59-96-89
5,4,967.7273,1656.2966,132.0,954.9061,0,4,154.264154,154.399835,True,27-65-33-76-3-79-78-81-9-51-20-66-71-35-34-29-68-80-77-50-28|26-21-72-75-39-67-23-73-2-40-53-87-57-41-22-56-74-4-55-25-24-54-12-58|52-18-7-82-45-46-36-47-19-62-31-69-30-88-11-64-49-48-63-90-32-10-70-1|94-95-92-42-15-43-14-44-38-86-5-99-6-60-83-8-84-17-61-16-91-100-13-97-37-98-85-93-59-96-89
6,4,978.3315,1582.741,176.0,925.1789,0,4,143.230819,143.358589,True,27-33-51-65-20-30-69-50-76-3-79-78-81-9-66-71-35-34-29-68-80-77-12-28|26-21-39-67-23-72-73-40-53-87-2-41-22-75-56-74-4-55-25-24-54|89-60-83-18-52-7-48-47-11-62-88-19-64-49-63-90-32-10-31-70-1|82-36-46-45-5-96-92-42-57-15-43-14-44-38-86-61-85-98-59-99-6-8-84-17-16-91-37-100-13-97-93-95-94-58
7,4,980.389,1329.8435,372.0,962.249,0,4,105.296193,105.411806,True,26-39-67-23-72-73-21-40-2-87-57-41-22-75-56-74-4-55-25-24-54-12|27-33-51-65-20-30-62-11-64-49-47-19-10-63-90-32-66-71-35-34-29-68-80-77-50-1-70|48-36-46-45-96-95-92-42-15-43-14-44-38-86-16-99-5-84-8-83-60-6-13-89-18-82-17-61-91-100-37-59-93-85-98-97-94-58|69-31-88-7-52-76-3-79-78-9-81-28-53
8,4,983.3414,1337.6876,372.0,953.0034,0,4,106.472805,106.589093,True,21-72-39-67-23-73-40-2-87-57-41-22-75-56-74-4-55-25-24-54-12-26-58|27-33-51-65-20-30-62-11-64-49-47-19-10-63-90-32-66-71-35-34-29-68-80-77-50-70|52-48-36-46-45-95-92-42-15-43-14-44-38-86-99-5-84-8-83-60-6-89-18-7-82-17-61-16-91-100-13-97-37-98-85-93-59-96-94|69-88-31-1-76-3-79-78-9-81-28-53
9,4,989.9611,1344.1684,356.0,955.1707,0,4,107.444921,107.562893,True,21-72-75-39-67-23-73-40-2-87-57-41-22-56-74-4-55-25-24-54-12-26-58|33-65-20-30-62-11-64-49-47-19-10-63-90-32-66-71-35-34-29-68-80-77-50-1-70|52-48-36-46-45-92-97-42-15-43-14-44-38-86-16-99-5-60-6-84-83-8-82-7-18-17-61-85-91-100-13-94-95-59-37-98-93-96-89|27-69-88-31-51-76-3-79-78-9-81-28-53
10,4,990.5428,1302.8741,392.0,957.2386,0,4,101.250777,101.366639,True,27-33-51-65-20-30-62-11-64-49-19-10-63-90-32-66-71-35-34-29-24-80-77-50-1-70|48-47-36-46-45-96-92-42-2-57-15-43-14-44-38-86-16-85-99-89-18-82-8-83-60-5-84-17-61-91-100-13-97-37-98-93-59-95-94-58|69-31-88-7-52-28-76-81-9-78-79-3-68-55-56-74-72-4-25-54-12-26|21-39-67-23-75-73-40-41-22-87-6-53
11,4,991.4317,1328.4263,358.0,970.067,0,4,105.083606,105.202092,True,2-73-21-39-67-23-75-72-40-41-22-87-6-53|33-51-65-20-30-62-11-64-49-19-10-63-90-32-66-71-35-34-29-24-80-77-50-1-70-31|7-48-47-36-46-45-92-42-57-15-43-14-44-38-86-99-96-89-18-82-8-83-60-5-84-17-61-16-91-100-13-97-37-98-85-93-59-95-94-58|27-69-88-52-28-76-81-9-78-79-3-68-55-56-74-4-25-54-12-26
12,4,994.3075,1275.6535,354.0,932.0967,0,4,97.167682,97.27302,True,26-21-39-67-23-72-73-40-2-87-57-41-22-75-56-74-4-55-25-24-54-12|27-33-51-65-20-69-62-11-64-49-47-19-10-63-90-32-66-71-35-34-29-68-80-77-1-70|48-36-46-45-5-92-97-42-15-43-14-44-38-86-16-85-98-37-99-84-8-83-60-6-89-18-7-82-17-61-91-100-13-95-59-93-96-94-58|52-88-31-30-50-76-3-79-78-9-81-28-53
13,3,995.7368,802.2792,250.0,948.8661,0,3,26.161539,26.188114,True,27-69-39-67-23-72-73-21-40-53-87-2-41-22-75-56-74-4-55-25-54-24-80-12-26|28-33-81-65-20-63-36-64-11-62-88-31-30-51-76-3-79-78-9-19-49-47-48-82-7-10-90-32-66-71-35-34-29-68-77-50-1-70-52|89-18-45-83-60-5-59-92-42-57-15-43-14-38-44-85-99-96-6-61-84-8-46-17-86-16-91-100-13-97-37-98-93-95-94-58
14,3,995.7368,802.2792,250.0,948.8661,0,3,26.161539,26.188114,True,27-69-39-67-23-72-73-21-40-53-87-2-41-22-75-56-74-4-55-25-54-24-80-12-26|28-33-81-65-20-63-36-64-11-62-88-31-30-51-76-3-79-78-9-19-49-47-48-82-7-10-90-32-66-71-35-34-29-68-77-50-1-70-52|89-18-45-83-60-5-59-92-42-57-15-43-14-38-44-85-99-96-6-61-84-8-46-17-86-16-91-100-13-97-37-98-93-95-94-58
15,4,996.016,1404.0668,213.0,949.1367,0,4,116.429685,116.543253,True,26-39-67-23-73-40-94-6-87-2-41-22-75-56-72-21-12-68-54-55-4-74-25-24-29-80-3-77-28|89-96-92-37-42-57-15-43-14-38-44-61-85-99-5-84-60-8-46-17-86-16-91-100-98-93-59-95-97-58|27-52-18-83-45-36-19-62-88-11-64-49-47-48-82-7-10-63-90-32-66-71-35-51-70-31|50-33-81-65-20-30-69-1-76-79-78-34-9-53-13
16,4,999.8885,1573.0056,246.0,919.5355,0,4,141.770509,141.909439,True,52-18-82-7-65-81-33-50-76-3-79-78-9-51-20-66-71-35-34-29-68-80-77-12-28|26-21-39-67-23-72-73-2-40-53-87-57-41-22-75-56-74-4-55-25-24-54-58|27-69-31-30-62-11-64-88-47-49-19-63-90-32-10-70-1|48-36-46-45-96-92-97-42-15-43-14-44-38-86-91-37-98-99-6-60-83-8-5-84-17-61-16-85-100-13-95-59-93-94-89
17,6,1001.834,2824.3903,208.0,910.9058,0,6,329.478204,329.800931,True,52-32-65-33-76-3-79-78-81-9-51-20-66-71-35-34-29-68-80-77-50-28|26-21-72-75-39-67-23-41-57-87-2-73-22-56-74-4-55-25-24-54-12|27-69-31-62-11-64-63-90-30-88-7-19-49-10-70-1|82-48-47-36-46-45-5-42-15-43-14-44-38-86-84-83-8-17-61-16-91-100-58|89-96-92-98-59-99-95-94-6|53-40-13-97-37-85-93-60-18
18,4,1002.6195,1483.2628,308.0,938.4011,0,4,128.309079,128.444397,True,21-39-67-23-73-40-2-97-87-57-41-22-75-56-74-72-4-55-25-24-54-12-26-58|28-33-81-65-20-30-62-11-64-7-8-47-49-19-10-63-90-32-66-71-35-34-29-68-80-77-50-1-70|48-36-46-45-96-95-92-42-15-43-14-44-38-86-99-5-60-6-89-18-82-83-84-17-61-16-91-100-37-98-85-93-59-94|27-69-31-88-52-76-3-79-78-9-51-53-13
19,7,1004.9257,3913.5294,162.0,926.1858,0,7,492.849068,493.334085,True,88-40-96-99-97-87-57-41-22-73-2-13-58|52-7-82-48-47-36-46-45-8-83-53-6-84-17-5-60-18-89|27-69-1-30-62-11-64-49-19-10-70|28-33-76-3-79-78-81-9-35-34-29-68-80-24-77-12|21-39-67-23-56-75-74-72-4-55-25-54-26|50-51-71-65-66-20-32-90-63-31|95-92-42-15-43-14-44-38-86-16-61-85-91-100-37-98-93-59-94
20,4,1006.5151,1275.8833,328.0,932.0967,0,4,97.202157,97.308591,True,21-72-2-97-92-37-42-14-43-15-39-67-23-73-40-87-57-41-22-75-56-74-4-55-25-24-54-12-26|27-33-51-65-20-30-62-11-64-49-47-19-10-63-90-32-66-71-35-34-29-68-80-77-50-70|52-48-36-46-45-61-86-38-44-85-98-99-5-84-8-83-60-6-89-18-7-82-17-16-91-100-13-95-59-93-96-94-58|69-88-31-1-76-3-79-78-9-81-28-53
21,4,1010.6592,1568.2106,156.0,945.9073,0,4,141.051249,141.187647,True,45-36-32-65-81-33-30-50-76-3-79-78-9-51-20-66-71-35-34-29-68-80-77-28|26-21-72-75-39-67-23-73-40-53-87-2-41-22-56-74-4-55-25-24-54-12|27-69-52-18-83-48-62-88-11-64-49-46-47-19-63-90-10-7-82-31-70-1|89-95-92-42-57-15-43-14-44-38-86-16-85-99-96-6-60-8-5-84-17-61-91-100-13-97-37-98-93-59-94-58
22,4,1011.5712,1273.1149,310.0,937.1949,0,4,96.786895,96.893395,True,21-72-2-97-92-37-42-14-43-15-39-67-23-73-40-87-57-41-22-75-56-74-4-55-25-24-54-12-26-58|27-33-51-65-20-30-62-11-64-49-47-19-10-63-90-32-66-71-35-34-29-68-80-77-50-70|52-48-36-46-45-61-38-44-85-98-99-5-84-8-83-60-6-89-18-7-82-17-86-16-91-100-13-95-59-93-96-94|69-88-31-1-76-3-79-78-9-81-28-53
23,11,1012.4933,6116.1927,325.0,897.6088,0,11,823.248565,824.079466,True,99-97-87-57-41-22-74-73-2-13|6|52-18-82-48-47-36-46-45-8-83-84-17-5-60-89|7-62-88-11-64-49-19-10-31|33-79-78-81-9-35-34-29-24-80-12|21-39-67-23-56-75-72-4-55-25-54-26|27-69-30-1|76-68-3-77-28|53-40-58|50-51-71-65-66-20-32-63-90-70|95-92-42-15-43-14-44-38-86-16-61-85-91-100-37-98-93-59-96-94
24,3,1018.1353,690.8866,100.0,938.3528,0,3,9.452659,9.452668,True,27-69-39-67-23-72-73-21-40-53-87-2-41-22-75-56-54-68-12-26-74-4-55-25-24-29-80-77-28|50-33-65-20-19-36-64-11-62-88-31-30-1-76-3-79-78-9-32-90-63-49-47-48-82-7-10-66-71-35-34-81-51-70-52|89-18-45-83-60-59-92-37-42-57-15-43-14-38-44-61-85-99-96-6-5-84-8-46-17-86-16-91-100-13-97-98-93-95-94-58
25,3,1018.1353,690.8866,100.0,938.3528,0,3,9.452659,9.452668,True,27-69-39-67-23-72-73-21-40-53-87-2-41-22-75-56-54-68-12-26-74-4-55-25-24-29-80-77-28|50-33-65-20-19-36-64-11-62-88-31-30-1-76-3-79-78-9-32-90-63-49-47-48-82-7-10-66-71-35-34-81-51-70-52|89-18-45-83-60-59-92-37-42-57-15-43-14-38-44-61-85-99-96-6-5-84-8-46-17-86-16-91-100-13-97-98-93-95-94-58
26,3,1028.3219,681.3156,112.0,938.3528,0,3,8.017001,8.019831,True,27-28-26-39-67-23-73-40-53-87-2-41-22-75-56-55-54-68-12-21-72-74-4-25-24-29-80-77|50-33-81-65-63-36-64-11-62-69-88-30-1-76-3-79-78-34-9-20-19-49-47-48-82-7-10-90-32-66-71-35-51-70-31-52|89-18-83-45-5-59-92-37-42-57-15-43-14-38-44-61-85-99-96-6-60-84-8-46-17-86-16-91-100-13-97-98-93-95-94-58
27,3,1032.0654,676.9566,112.0,938.3528,0,3,7.363147,7.366446,True,27-26-39-67-23-72-21-40-53-87-2-41-22-75-56-54-68-12-73-74-4-55-25-24-29-80-77-28|1-50-33-81-65-63-36-64-11-62-31-69-88-30-76-3-79-78-34-9-51-19-49-47-48-82-7-10-90-32-66-71-35-20-70-52|89-18-45-83-60-5-59-92-37-42-57-15-43-14-38-44-85-99-96-6-61-84-8-46-17-86-16-91-100-13-97-98-93-95-94-58
28,3,1032.5728,716.8934,96.0,949.1367,0,3,13.353675,13.363134,True,27-26-39-67-23-73-21-40-53-87-2-41-22-75-56-54-68-12-72-74-4-55-25-24-29-80-3-77-28|50-33-65-20-63-64-11-62-31-69-88-30-76-79-78-9-51-19-49-47-48-82-7-10-90-32-66-71-35-34-81-1-70-52-89|36-46-45-83-5-59-92-42-57-15-43-14-38-44-61-85-99-96-6-60-18-8-84-17-86-16-91-100-13-97-37-98-93-95-94-58
29,3,1032.8082,667.1791,88.0,939.0934,0,3,6.972632,6.972398,True,27-28-26-39-67-23-72-73-21-40-53-87-2-41-22-75-56-54-68-12-74-4-55-25-24-29-80-3-77|50-33-65-20-63-64-11-62-31-69-88-30-76-79-78-9-51-7-48-47-49-19-10-90-32-66-71-35-34-81-1-70-52|89-18-82-36-46-45-92-42-57-15-43-14-44-38-86-16-98-59-99-96-6-60-83-8-84-5-61-17-85-91-37-100-13-97-93-95-94-58
30,3,1032.8082,667.1791,88.0,939.0934,0,3,6.972632,6.972398,True,27-28-26-39-67-23-72-73-21-40-53-87-2-41-22-75-56-54-68-12-74-4-55-25-24-29-80-3-77|50-33-65-20-63-64-11-62-31-69-88-30-76-79-78-9-51-7-48-47-49-19-10-90-32-66-71-35-34-81-1-70-52|89-18-82-36-46-45-92-42-57-15-43-14-44-38-86-16-98-59-99-96-6-60-83-8-84-5-61-17-85-91-37-100-13-97-93-95-94-58
31,11,1033.012,6429.2711,279.0,886.2775,0,11,870.210327,871.088045,True,96-99-97-87-57-41-22-73-2-13|88-18-83-60-6|52-7-82-48-47-36-46-45-8-84-17-5-89|62-11-64-49-19-10|3-33-79-78-81-9-35-34-29-24-80-12|21-39-67-23-56-75-74-72-4-55-25-54-26|27-69-1-30-70|76-68-77-28|53-40-58|50-51-71-65-66-20-32-90-63-31|95-92-42-15-43-14-44-38-86-16-61-85-91-100-37-98-93-59-94
32,4,1033.2931,1414.5851,342.0,922.0825,0,4,118.007421,118.142592,True,27-50-33-1-69-88-7-82-8-47-49-19-10-90-32-66-71-35-81-3-68-12-28|26-21-73-72-54-24-29-34-65-20-30-62-11-64-63-31-53-40-2-41-22-75-56-74-4-55-25-80-77|89-18-48-36-46-45-83-60-92-37-98-91-44-14-38-86-16-85-99-97-87-94-6-5-84-17-61-100-13-95-59-93-96-58|57-42-43-15-39-67-23-76-79-78-9-51-70-52
33,3,1033.6947,695.6019,77.0,949.1367,0,3,10.159946,10.164648,True,27-26-39-67-23-72-73-40-53-87-2-41-22-75-56-54-68-12-21-74-4-55-25-24-29-80-3-77-28|50-33-65-20-63-36-64-11-62-31-69-88-30-76-79-78-34-9-51-19-49-47-48-82-7-10-90-32-66-71-35-81-70-1|89-52-18-83-45-5-59-92-42-57-15-43-14-38-44-61-85-99-96-6-60-84-8-46-17-86-16-91-100-13-97-37-98-93-95-94-58
34,3,1033.6947,695.6019,77.0,949.1367,0,3,10.159946,10.164648,True,27-26-39-67-23-72-73-40-53-87-2-41-22-75-56-54-68-12-21-74-4-55-25-24-29-80-3-77-28|50-33-65-20-63-36-64-11-62-31-69-88-30-76-79-78-34-9-51-19-49-47-48-82-7-10-90-32-66-71-35-81-70-1|89-52-18-83-45-5-59-92-42-57-15-43-14-38-44-61-85-99-96-6-60-84-8-46-17-86-16-91-100-13-97-37-98-93-95-94-58
35,3,1033.961,676.8512,112.0,938.3528,0,3,7.347348,7.351199,True,27-28-26-39-67-23-73-40-53-87-2-41-22-75-56-55-4-54-68-12-21-72-74-25-24-29-80-77|50-33-81-65-19-36-64-11-62-69-88-30-1-76-3-79-78-34-9-20-63-49-47-48-82-7-10-90-32-66-71-35-51-70-31-52|89-18-83-45-5-59-92-37-42-57-15-43-14-38-44-61-85-99-96-6-60-84-8-46-17-86-16-91-100-13-97-98-93-95-94-58
36,3,1034.3603,689.3141,86.0,948.8661,0,3,9.216776,9.221594,True,27-28-26-39-67-23-73-21-40-53-87-2-41-22-75-56-54-68-12-72-74-4-55-25-24-29-80-3-77|50-33-65-20-19-36-64-11-62-31-69-88-30-76-79-78-9-51-63-49-47-48-82-7-10-90-32-66-71-35-34-81-1-70-52|89-18-83-45-5-59-92-42-57-15-43-14-38-44-61-85-99-96-6-60-84-8-46-17-86-16-91-100-13-97-37-98-93-95-94-58
37,3,1034.3603,689.3141,86.0,948.8661,0,3,9.216776,9.221594,True,27-28-26-39-67-23-73-21-40-53-87-2-41-22-75-56-54-68-12-72-74-4-55-25-24-29-80-3-77|50-33-65-20-19-36-64-11-62-31-69-88-30-76-79-78-9-51-63-49-47-48-82-7-10-90-32-66-71-35-34-81-1-70-52|89-18-83-45-5-59-92-42-57-15-43-14-38-44-61-85-99-96-6-60-84-8-46-17-86-16-91-100-13-97-37-98-93-95-94-58
38,3,1036.4167,683.264,93.0,938.3528,0,3,8.30927,8.31292,True,27-69-39-67-23-73-2-40-53-87-57-41-22-75-56-72-21-26-12-68-54-55-4-74-25-24-29-80-77-28|50-33-81-65-20-19-36-64-11-62-88-30-1-76-3-79-78-9-51-32-90-63-49-47-48-82-7-10-66-71-35-34-70-31-52|89-18-45-83-60-5-59-92-37-42-15-43-14-38-44-85-99-96-6-61-84-8-46-17-86-16-91-100-13-97-98-93-95-94-58
39,3,1036.4167,683.264,93.0,938.3528,0,3,8.30927,8.31292,True,27-69-39-67-23-73-2-40-53-87-57-41-22-75-56-72-21-26-12-68-54-55-4-74-25-24-29-80-77-28|50-33-81-65-20-19-36-64-11-62-88-30-1-76-3-79-78-9-51-32-90-63-49-47-48-82-7-10-66-71-35-34-70-31-52|89-18-45-83-60-5-59-92-37-42-15-43-14-38-44-85-99-96-6-61-84-8-46-17-86-16-91-100-13-97-98-93-95-94-58
40,3,1037.1996,672.4379,112.0,938.3528,0,3,6.86154,6.865701,True,27-28-26-39-67-23-73-40-53-87-2-41-22-75-56-55-54-68-12-21-72-74-4-25-24-29-80-77|50-33-81-65-63-36-64-11-62-69-88-30-76-3-79-78-34-9-20-19-49-47-48-82-7-10-90-32-66-71-35-51-1-70-31-52|89-18-45-83-60-5-59-92-37-42-57-15-43-14-38-44-61-85-99-96-6-84-8-46-17-86-16-91-100-13-97-98-93-95-94-58
41,3,1037.5146,657.1206,103.0,938.4305,0,3,6.873183,6.874252,True,27-28-26-39-67-23-72-73-40-53-87-2-41-22-75-56-54-68-12-21-74-4-55-25-24-29-80-77|50-33-65-20-90-63-36-64-11-62-69-88-30-76-3-79-78-9-51-31-19-49-47-48-82-7-10-32-66-71-35-34-81-70-1|89-52-18-45-60-5-59-92-37-42-57-15-43-14-38-44-61-85-99-96-6-84-83-8-46-17-86-16-91-100-13-95-97-98-93-94-58
42,3,1037.5146,657.1206,103.0,938.4305,0,3,6.873183,6.874252,True,27-28-26-39-67-23-72-73-40-53-87-2-41-22-75-56-54-68-12-21-74-4-55-25-24-29-80-77|50-33-65-20-90-63-36-64-11-62-69-88-30-76-3-79-78-9-51-31-19-49-47-48-82-7-10-32-66-71-35-34-81-70-1|89-52-18-45-60-5-59-92-37-42-57-15-43-14-38-44-61-85-99-96-6-84-83-8-46-17-86-16-91-100-13-95-97-98-93-94-58
43,4,1037.7618,1536.472,94.0,926.9182,0,4,136.290465,136.421184,True,82-7-20-65-51-33-50-76-3-79-78-81-9-66-71-35-34-29-68-80-77-28|26-39-67-23-72-73-21-40-53-2-57-41-22-75-56-74-4-55-25-24-54-12-58|27-69-31-62-47-11-64-63-90-32-30-88-52-94-87-97-59-48-49-19-10-70-1|36-46-45-5-96-92-42-15-43-14-44-38-86-61-85-99-6-18-8-83-60-84-17-16-91-100-13-95-37-98-93-89
44,3,1038.9264,684.748,86.0,948.8661,0,3,8.531866,8.537369,True,27-28-26-39-67-23-73-21-40-53-87-2-41-22-75-56-54-68-12-72-74-4-55-25-24-29-80-3-77|50-33-65-20-63-36-64-11-62-31-69-88-30-76-79-78-9-51-19-49-47-48-82-7-10-90-32-66-71-35-34-81-1-70-52|89-18-45-83-60-5-59-92-42-57-15-43-14-38-44-61-85-99-96-6-84-8-46-17-86-16-91-100-13-97-37-98-93-95-94-58
45,3,1039.3744,684.3001,86.0,948.8661,0,3,8.464675,8.470244,True,27-28-26-39-67-23-72-73-21-40-53-87-2-41-22-75-56-54-68-12-74-4-55-25-24-29-80-3-77|50-33-65-20-63-36-64-11-62-31-69-88-30-76-79-78-9-51-19-49-47-48-82-7-10-90-32-66-71-35-34-81-1-70-52|89-18-45-83-60-5-59-92-42-57-15-43-14-38-44-61-85-99-96-6-84-8-46-17-86-16-91-100-13-97-37-98-93-95-94-58
46,3,1040.4358,672.7254,86.0,939.0934,0,3,6.972632,6.975318,True,27-28-26-39-67-23-72-73-21-40-53-87-2-41-22-75-56-54-68-12-74-4-55-25-24-29-80-3-77|50-33-65-20-63-36-64-11-62-31-69-88-30-76-79-78-9-51-19-49-47-48-82-7-10-90-32-66-71-35-34-81-1-70-52|89-18-45-83-60-5-59-92-37-42-57-15-43-14-38-44-61-85-99-96-6-84-8-46-17-86-16-91-100-13-97-98-93-95-94-58
47,3,1041.0954,671.0529,86.0,939.0934,0,3,6.980964,6.983597,True,27-28-26-39-67-23-72-73-21-40-53-87-2-41-22-75-56-54-68-12-74-4-55-25-24-29-80-3-77|50-33-65-20-63-36-64-11-62-31-69-88-30-76-79-78-9-51-19-49-47-48-82-7-10-90-32-66-71-35-34-81-1-70-52|89-18-45-83-60-5-59-92-98-37-42-57-15-43-14-38-44-61-85-99-6-84-8-46-17-86-16-91-100-13-95-97-93-96-94-58
48,3,1042.871,669.2773,79.0,939.0934,0,3,7.513664,7.515863,True,27-28-26-39-67-23-72-73-2-40-53-87-57-41-22-75-56-54-68-12-21-74-4-55-25-24-29-80-3-77|50-33-65-20-63-36-64-11-62-31-69-88-30-76-79-78-9-51-19-49-47-48-82-7-10-90-32-66-71-35-34-81-1-70-52|89-18-45-83-60-5-59-92-98-37-42-15-43-14-38-44-61-85-99-6-84-8-46-17-86-16-91-100-13-95-97-93-96-94-58
49,3,1042.871,669.2773,79.0,939.0934,0,3,7.513664,7.515863,True,27-28-26-39-67-23-72-73-2-40-53-87-57-41-22-75-56-54-68-12-21-74-4-55-25-24-29-80-3-77|50-33-65-20-63-36-64-11-62-31-69-88-30-76-79-78-9-51-19-49-47-48-82-7-10-90-32-66-71-35-34-81-1-70-52|89-18-45-83-60-5-59-92-98-37-42-15-43-14-38-44-61-85-99-6-84-8-46-17-86-16-91-100-13-95-97-93-96-94-58
50,3,1042.9025,658.7122,86.0,939.0934,0,3,7.523111,7.524435,True,27-28-26-39-67-23-72-73-21-40-53-87-2-41-22-75-56-54-68-12-74-4-55-25-24-29-80-3-77|50-33-65-20-63-36-64-11-62-31-69-88-30-76-79-78-9-51-19-49-47-48-82-7-10-90-32-66-71-35-34-81-1-70-52|89-18-45-83-60-5-59-92-98-37-42-57-15-43-14-38-44-85-99-96-6-61-84-8-46-17-86-16-91-100-13-97-93-95-94-58
51,3,1042.9025,658.7122,86.0,939.0934,0,3,7.523111,7.524435,True,27-28-26-39-67-23-72-73-21-40-53-87-2-41-22-75-56-54-68-12-74-4-55-25-24-29-80-3-77|50-33-65-20-63-36-64-11-62-31-69-88-30-76-79-78-9-51-19-49-47-48-82-7-10-90-32-66-71-35-34-81-1-70-52|89-18-45-83-60-5-59-92-98-37-42-57-15-43-14-38-44-85-99-96-6-61-84-8-46-17-86-16-91-100-13-97-93-95-94-58
52,3,1043.0435,641.4267,103.0,926.8839,0,3,7.565411,7.564053,True,27-28-26-39-67-23-73-21-40-53-87-2-41-22-75-56-54-68-12-72-74-4-55-25-24-29-80-77|50-33-81-65-20-63-36-64-11-62-69-88-30-76-3-79-78-9-51-19-49-47-48-82-7-10-90-32-66-71-35-34-1-70-31|52-18-45-83-60-5-59-92-37-42-57-15-43-14-38-44-61-85-98-99-96-6-89-84-8-46-17-86-16-91-100-13-95-97-93-94-58
53,3,1043.0435,641.4267,103.0,926.8839,0,3,7.565411,7.564053,True,27-28-26-39-67-23-73-21-40-53-87-2-41-22-75-56-54-68-12-72-74-4-55-25-24-29-80-77|50-33-81-65-20-63-36-64-11-62-69-88-30-76-3-79-78-9-51-19-49-47-48-82-7-10-90-32-66-71-35-34-1-70-31|52-18-45-83-60-5-59-92-37-42-57-15-43-14-38-44-61-85-98-99-96-6-89-84-8-46-17-86-16-91-100-13-95-97-93-94-58
54,4,1043.2526,1518.6282,79.0,926.9182,0,4,133.613885,133.742075,True,82-7-90-32-20-65-33-51-30-50-76-3-79-78-34-81-9-66-71-35-29-68-80-77-28|26-39-67-23-72-73-21-40-53-2-57-41-22-75-56-74-4-55-25-24-54-12-58|27-69-31-62-63-64-11-47-88-52-89-94-87-59-8-48-49-19-10-70-1|36-46-45-5-96-95-92-42-15-43-14-44-38-86-85-99-6-18-83-60-84-17-61-16-91-100-13-97-37-98-93
55,3,1043.8697,657.7451,86.0,939.0934,0,3,7.813245,7.814714,True,27-28-26-39-67-23-72-73-21-40-53-87-2-41-22-75-56-54-68-12-74-4-55-25-24-29-80-3-77|50-33-65-90-63-36-64-11-62-31-69-88-30-76-79-78-9-51-20-19-49-47-48-82-7-10-32-66-71-35-34-81-1-70-52|89-18-45-83-60-5-59-92-98-37-42-57-15-43-14-38-44-85-99-96-6-61-84-8-46-17-86-16-91-100-13-97-93-95-94-58
56,3,1046.4864,691.672,60.0,953.5774,0,3,9.57046,9.577376,True,27-28-26-39-67-23-72-73-21-40-53-87-2-41-22-75-56-54-68-12-74-4-55-25-24-29-80-3-77-50|33-65-20-63-36-64-11-62-31-69-88-30-76-79-78-9-51-19-49-47-48-82-7-10-90-32-66-71-35-34-81-1-70-52|89-18-83-45-5-60-59-92-42-57-15-43-14-38-44-61-85-99-96-6-84-8-46-17-86-16-91-100-13-97-37-98-93-95-94-58
57,3,1046.4864,691.672,60.0,953.5774,0,3,9.57046,9.577376,True,27-28-26-39-67-23-72-73-21-40-53-87-2-41-22-75-56-54-68-12-74-4-55-25-24-29-80-3-77-50|33-65-20-63-36-64-11-62-31-69-88-30-76-79-78-9-51-19-49-47-48-82-7-10-90-32-66-71-35-34-81-1-70-52|89-18-83-45-5-60-59-92-42-57-15-43-14-38-44-61-85-99-96-6-84-8-46-17-86-16-91-100-13-97-37-98-93-95-94-58
58,4,1048.2244,1395.6793,304.0,908.2635,0,4,115.171562,115.302503,True,1-69-27-6-96-60-83-8-47-49-19-10-63-90-32-66-71-35-81-3-68-12-26|21-73-72-54-24-29-33-34-65-20-30-62-11-64-88-52-53-40-2-41-22-75-56-74-4-55-25-80-77-28|89-18-7-82-48-36-46-45-92-98-91-44-14-38-86-16-85-99-97-87-5-84-17-61-95-13-37-100-93-59-94-58|57-42-43-15-39-67-23-76-50-79-78-9-51-70-31
59,3,1048.676,691.9366,56.0,972.9498,0,3,12.051079,12.061197,True,28-27-69-39-67-23-73-40-53-87-2-41-22-75-56-72-21-12-68-54-55-4-74-25-24-29-77-3-80-26-58|50-33-81-65-20-90-63-36-64-11-62-88-30-1-76-79-78-34-9-51-19-49-47-48-82-7-10-32-66-71-35-70-31-52|89-18-45-83-60-5-59-92-37-42-57-15-43-14-38-44-85-99-96-6-61-84-8-46-17-86-16-91-100-13-97-98-93-95-94
60,3,1048.676,691.9366,56.0,972.9498,0,3,12.051079,12.061197,True,28-27-69-39-67-23-73-40-53-87-2-41-22-75-56-72-21-12-68-54-55-4-74-25-24-29-77-3-80-26-58|50-33-81-65-20-90-63-36-64-11-62-88-30-1-76-79-78-34-9-51-19-49-47-48-82-7-10-32-66-71-35-70-31-52|89-18-45-83-60-5-59-92-37-42-57-15-43-14-38-44-85-99-96-6-61-84-8-46-17-86-16-91-100-13-97-98-93-95-94
61,3,1051.8043,688.8645,68.0,962.4927,0,3,10.482527,10.492755,True,27-28-26-39-67-23-73-40-53-87-2-41-22-75-56-55-54-68-12-21-72-74-4-25-24-29-80-3-77-58|50-33-81-65-20-63-36-64-11-62-69-88-30-76-79-78-9-51-19-49-47-48-82-7-10-90-32-66-71-35-34-1-70-31-52|89-18-45-83-60-5-59-92-42-57-15-43-14-38-44-85-99-96-6-61-84-8-46-17-86-16-91-100-13-97-37-98-93-95-94
62,3,1052.2716,666.0738,71.0,970.5041,0,3,11.684235,11.692686,True,27-28-26-39-67-23-73-21-40-53-87-2-41-22-75-56-54-68-12-72-74-4-55-25-24-29-80-77-70-31|50-33-81-65-63-36-64-11-62-69-88-30-76-3-79-78-9-51-20-19-49-47-48-82-7-10-90-32-66-71-35-34-1-52-13|89-18-45-83-60-5-59-92-37-42-57-15-43-14-38-44-61-85-99-96-6-84-8-46-17-86-16-91-100-98-93-97-95-94-58
63,3,1052.2716,666.0738,71.0,970.5041,0,3,11.684235,11.692686,True,27-28-26-39-67-23-73-21-40-53-87-2-41-22-75-56-54-68-12-72-74-4-55-25-24-29-80-77-70-31|50-33-81-65-63-36-64-11-62-69-88-30-76-3-79-78-9-51-20-19-49-47-48-82-7-10-90-32-66-71-35-34-1-52-13|89-18-45-83-60-5-59-92-37-42-57-15-43-14-38-44-61-85-99-96-6-84-8-46-17-86-16-91-100-98-93-97-95-94-58
64,3,1053.8283,603.0969,90.0,924.2771,0,3,10.800827,10.795264,True,50-33-81-65-71-51-1-27-69-30-31-88-52-40-53-87-2-41-22-75-56-55-24-29-68-12-26-21-73-74-72-4-25-54-80-77-28|89-60-83-45-46-48-47-36-64-11-62-7-82-44-38-86-16-99-6-18-8-5-84-17-61-85-91-100-13-96-93-59-97-58|94-95-92-98-37-14-42-57-43-15-39-67-23-76-3-79-78-34-9-32-90-63-49-19-10-20-66-35-70
65,3,1053.8283,603.0969,90.0,924.2771,0,3,10.800827,10.795264,True,50-33-81-65-71-51-1-27-69-30-31-88-52-40-53-87-2-41-22-75-56-55-24-29-68-12-26-21-73-74-72-4-25-54-80-77-28|89-60-83-45-46-48-47-36-64-11-62-7-82-44-38-86-16-99-6-18-8-5-84-17-61-85-91-100-13-96-93-59-97-58|94-95-92-98-37-14-42-57-43-15-39-67-23-76-3-79-78-34-9-32-90-63-49-19-10-20-66-35-70
66,3,1053.9285,686.7647,68.0,973.0304,0,3,12.063171,12.075301,True,27-28-26-39-67-23-73-21-40-53-87-2-41-22-75-56-4-55-54-68-72-74-25-24-29-77-3-80-12-58|33-81-65-20-63-36-64-11-62-69-88-30-76-79-78-9-51-19-49-47-48-82-7-10-90-32-66-71-35-34-50-1-70-31-52|89-18-45-83-60-5-59-92-37-42-57-15-43-14-38-44-85-99-96-6-61-84-8-46-17-86-16-91-100-13-97-98-93-95-94
67,3,1054.6047,668.2024,79.0,939.0934,0,3,11.033747,11.039305,True,27-28-26-39-67-23-73-2-40-53-87-57-41-22-75-56-72-21-12-68-54-55-4-74-25-24-29-80-3-77|33-81-65-20-63-36-64-11-62-69-88-30-76-79-78-9-51-19-49-47-48-82-7-10-90-32-66-71-35-34-50-1-70-31-52|89-18-45-83-60-59-92-98-37-42-15-43-14-38-44-61-85-99-6-5-84-8-46-17-86-16-91-100-13-95-97-93-96-94-58
68,3,1054.9949,652.113,86.0,939.0934,0,3,11.150818,11.15478,True,27-28-26-39-67-23-73-40-53-87-2-41-22-75-56-72-21-12-68-54-55-4-74-25-24-29-80-3-77|33-81-65-20-63-36-64-11-62-69-88-30-76-79-78-9-51-19-49-47-48-82-7-10-90-32-66-71-35-34-50-1-70-31-52|89-18-45-83-60-5-61-92-97-42-57-15-43-14-38-44-91-85-98-37-99-96-6-84-8-46-17-86-16-100-13-95-59-93-94-58
69,3,1055.0606,674.9739,68.0,973.0304,0,3,12.063171,12.073872,True,27-28-26-39-67-23-72-73-21-40-53-87-2-41-22-75-56-55-68-54-74-4-25-24-29-77-3-80-12-58|50-33-81-65-20-63-36-64-11-62-69-88-30-76-79-78-9-51-31-19-49-47-48-82-7-10-90-32-66-71-35-34-1-70-52|89-18-45-83-60-5-59-92-37-42-57-15-43-14-38-44-85-99-96-6-61-84-8-46-17-86-16-91-100-13-97-98-93-95-94
70,3,1055.3579,685.3109,68.0,962.4927,0,3,11.259729,11.270489,True,27-28-26-39-67-23-73-40-53-87-2-41-22-75-56-72-21-12-68-54-55-4-74-25-24-29-80-3-77-58|33-81-65-63-19-36-64-11-62-69-88-30-76-79-78-34-9-20-49-47-48-82-7-10-90-32-66-71-35-51-50-1-70-31-52|89-18-83-45-5-59-92-42-57-15-43-14-38-44-61-85-99-96-6-60-84-8-46-17-86-16-91-100-13-97-37-98-93-95-94
71,3,1056.1186,671.5196,68.0,959.9753,0,3,11.487922,11.496465,True,27-28-26-54-39-67-23-73-40-53-87-2-41-22-75-56-72-68-12-21-74-4-55-25-24-29-3-77-80-58|1-50-33-81-65-20-63-36-64-11-62-69-88-30-76-79-78-9-51-19-49-47-48-82-7-10-90-32-66-71-35-34-70-31-52|89-18-45-83-60-5-59-92-37-42-57-15-43-14-38-44-85-99-96-6-61-84-8-46-17-86-16-91-100-13-97-98-93-95-94
72,3,1056.1186,671.5196,68.0,959.9753,0,3,11.487922,11.496465,True,27-28-26-54-39-67-23-73-40-53-87-2-41-22-75-56-72-68-12-21-74-4-55-25-24-29-3-77-80-58|1-50-33-81-65-20-63-36-64-11-62-69-88-30-76-79-78-9-51-19-49-47-48-82-7-10-90-32-66-71-35-34-70-31-52|89-18-45-83-60-5-59-92-37-42-57-15-43-14-38-44-85-99-96-6-61-84-8-46-17-86-16-91-100-13-97-98-93-95-94
73,4,1057.2457,1350.0359,143.0,924.0166,0,4,108.325041,108.438105,True,26-50-33-81-65-71-51-1-69-52-27-53-40-2-41-22-75-56-55-24-29-68-12-21-73-74-72-4-25-54-80-77-28|89-18-83-46-36-45-86-38-44-16-99-59-87-6-60-5-84-17-61-85-91-100-13-97-93-96-94-58|95-92-98-37-14-42-57-43-15-39-67-23-76-3-79-78-34-9-20-66-35|30-62-11-64-19-88-7-82-8-48-47-49-63-90-32-10-70-31
74,3,1058.3015,606.5757,85.0,945.5718,0,3,12.14279,12.141785,True,27-33-81-65-71-51-30-69-31-88-52-40-53-87-57-41-22-75-56-55-24-29-68-12-26-21-73-74-72-4-25-54-80-77-50-70|89-60-5-83-45-46-48-47-36-64-11-62-7-82-44-38-86-99-96-6-18-8-84-17-61-85-91-100-13-95-59-93-97-2-58|94-92-37-98-16-14-42-43-15-39-67-23-76-3-79-78-34-9-32-90-63-49-19-10-66-35-20-1-28
75,3,1058.3015,606.5757,85.0,945.5718,0,3,12.14279,12.141785,True,27-33-81-65-71-51-30-69-31-88-52-40-53-87-57-41-22-75-56-55-24-29-68-12-26-21-73-74-72-4-25-54-80-77-50-70|89-60-5-83-45-46-48-47-36-64-11-62-7-82-44-38-86-99-96-6-18-8-84-17-61-85-91-100-13-95-59-93-97-2-58|94-92-37-98-16-14-42-43-15-39-67-23-76-3-79-78-34-9-32-90-63-49-19-10-66-35-20-1-28
76,3,1059.5852,668.053,68.0,959.9753,0,3,12.5279,12.536963,True,27-28-26-39-67-23-73-40-53-87-2-41-22-75-56-72-21-12-68-54-55-4-74-25-24-29-3-77-80-58|33-81-65-20-63-36-64-11-62-69-88-30-76-79-78-9-51-19-49-47-48-82-7-10-90-32-66-71-35-34-50-1-70-31-52|89-18-45-83-60-5-59-92-37-42-57-15-43-14-38-44-85-99-96-6-61-84-8-46-17-86-16-91-100-13-97-98-93-95-94
77,4,1061.3627,1303.974,439.0,913.553,0,4,101.415758,101.551179,True,27-50-33-65-71-81-20-30-31-88-52-53-40-2-57-22-41-75-56-55-24-29-68-12-26-21-73-74-72-4-25-54-80-77-28|89-60-5-83-45-46-48-47-36-64-11-62-7-82-44-38-86-61-99-6-18-8-84-17-16-91-100-85-93-59-96-97-58|94-95-92-98-37-42-14-43-15-39-67-23-76-3-79-78-34-9-32-90-63-49-19-10-66-35-51-70-1|69-87-13
78,3,1062.2965,666.3092,68.0,962.4927,0,3,13.341309,13.351301,True,27-28-26-39-67-23-73-40-53-87-2-41-22-75-56-72-21-12-68-54-55-4-74-25-24-29-80-3-77-58|33-81-65-20-63-36-64-11-62-69-88-30-76-79-78-9-51-19-49-47-48-82-7-10-90-32-66-71-35-34-50-1-70-31-52|89-18-45-83-60-5-59-92-37-42-57-15-43-14-38-44-91-85-99-96-6-61-84-8-46-17-86-16-100-13-95-97-98-93-94
79,3,1062.3803,667.7752,61.0,962.4927,0,3,13.366455,13.375991,True,27-28-26-39-67-23-73-2-40-53-87-57-41-22-75-56-72-21-12-68-54-55-4-74-25-24-29-80-3-77-58|33-81-65-20-63-36-64-11-62-69-88-30-76-79-78-9-51-19-49-47-48-82-7-10-90-32-66-71-35-34-50-1-70-31-52|89-18-45-83-60-5-59-92-37-42-15-43-14-38-44-61-85-99-96-6-84-8-46-17-86-16-91-100-13-97-98-93-95-94
80,4,1062.4256,1382.413,272.0,922.0825,0,4,113.181607,113.313692,True,50-1-69-27-83-8-46-47-49-19-10-90-32-66-71-35-81-3-68-12-28|26-21-73-54-24-29-33-65-20-30-62-11-64-63-88-53-40-57-41-22-75-56-74-72-4-55-25-80-77|52-7-48-36-82-18-60-45-61-16-86-38-14-44-91-85-99-97-87-2-94-6-5-84-17-100-13-95-59-93-96-58|89-92-98-37-42-43-15-39-67-23-76-79-78-34-9-51-70-31
81,3,1062.6699,666.2283,59.0,959.9753,0,3,13.453332,13.462146,True,27-28-26-39-67-23-73-40-53-87-2-41-22-75-56-72-21-12-68-54-55-4-74-25-24-29-3-77-80-58|50-33-81-65-90-63-36-64-11-62-69-88-30-76-79-78-9-51-20-19-49-47-48-82-7-10-32-66-71-35-34-1-70-31|52-18-45-83-60-5-59-92-37-42-57-15-43-14-38-44-85-99-96-6-61-84-8-46-17-86-16-91-100-13-97-98-93-95-94-89
82,3,1062.6699,666.2283,59.0,959.9753,0,3,13.453332,13.462146,True,27-28-26-39-67-23-73-40-53-87-2-41-22-75-56-72-21-12-68-54-55-4-74-25-24-29-3-77-80-58|50-33-81-65-90-63-36-64-11-62-69-88-30-76-79-78-9-51-20-19-49-47-48-82-7-10-32-66-71-35-34-1-70-31|52-18-45-83-60-5-59-92-37-42-57-15-43-14-38-44-85-99-96-6-61-84-8-46-17-86-16-91-100-13-97-98-93-95-94-89
83,3,1065.4736,660.1057,56.0,962.4927,0,3,14.294415,14.303229,True,27-28-26-39-67-23-73-40-53-87-2-41-22-75-56-72-21-12-68-54-55-4-74-25-24-29-80-3-77-58|33-81-65-20-63-36-64-11-62-69-88-30-76-79-78-9-51-31-19-49-47-48-7-10-90-32-66-71-35-34-50-1-70|52-18-45-83-60-5-92-98-37-42-57-15-43-14-44-38-86-16-91-99-6-82-8-46-84-17-61-85-100-13-95-97-59-93-96-94-89
84,3,1065.4736,660.1057,56.0,962.4927,0,3,14.294415,14.303229,True,27-28-26-39-67-23-73-40-53-87-2-41-22-75-56-72-21-12-68-54-55-4-74-25-24-29-80-3-77-58|33-81-65-20-63-36-64-11-62-69-88-30-76-79-78-9-51-31-19-49-47-48-7-10-90-32-66-71-35-34-50-1-70|52-18-45-83-60-5-92-98-37-42-57-15-43-14-44-38-86-16-91-99-6-82-8-46-84-17-61-85-100-13-95-97-59-93-96-94-89
85,3,1066.2165,590.7086,78.0,924.2771,0,3,14.517308,14.512404,True,50-33-81-65-71-51-1-27-69-30-31-88-52-53-40-2-41-22-75-56-55-24-29-68-12-26-21-73-74-72-4-25-54-80-77-28|89-18-60-83-45-46-48-47-36-64-11-62-7-82-44-38-86-99-87-6-8-84-5-17-61-85-91-100-13-96-93-59-97-58|94-95-92-37-98-16-14-42-57-43-15-39-67-23-76-3-79-78-34-9-32-90-63-49-19-10-66-35-20-70
86,3,1066.2165,590.7086,78.0,924.2771,0,3,14.517308,14.512404,True,50-33-81-65-71-51-1-27-69-30-31-88-52-53-40-2-41-22-75-56-55-24-29-68-12-26-21-73-74-72-4-25-54-80-77-28|89-18-60-83-45-46-48-47-36-64-11-62-7-82-44-38-86-99-87-6-8-84-5-17-61-85-91-100-13-96-93-59-97-58|94-95-92-37-98-16-14-42-57-43-15-39-67-23-76-3-79-78-34-9-32-90-63-49-19-10-66-35-20-70
87,3,1067.236,589.6892,116.0,924.2771,0,3,14.823137,14.822185,True,50-33-81-65-71-51-1-27-69-30-31-88-52-53-40-2-41-22-75-56-55-24-29-68-12-26-21-73-74-72-4-25-54-80-77-28|89-18-60-83-45-46-48-47-36-64-11-62-7-82-44-38-86-99-87-6-8-84-5-61-17-16-85-91-100-13-96-93-59-97-58|94-95-92-98-37-14-42-57-43-15-39-67-23-76-3-79-78-34-9-32-90-63-49-19-10-66-35-20-70
88,3,1067.63,589.2951,116.0,924.2771,0,3,14.94136,14.940468,True,50-33-81-65-71-51-1-27-69-30-31-88-52-53-40-2-41-22-75-56-55-24-29-68-12-26-21-73-74-72-4-25-54-80-77-28|89-18-60-83-45-46-48-47-36-64-11-62-7-82-44-38-86-99-87-6-8-84-5-61-17-16-85-91-100-13-96-93-59-97-58|94-95-92-98-37-42-14-43-57-15-39-67-23-76-3-79-78-34-9-32-90-63-49-19-10-66-35-20-70
89,3,1068.4246,657.1847,59.0,962.4927,0,3,15.179742,15.189304,True,27-28-26-39-67-23-73-40-53-87-2-41-22-75-56-72-21-12-68-54-55-4-74-25-24-29-80-3-77-58|50-33-81-65-20-63-36-64-11-62-69-88-30-76-79-78-9-51-31-19-49-47-48-82-7-10-90-32-66-71-35-34-70-1|89-52-18-83-45-5-59-92-37-42-57-15-43-14-38-44-85-99-61-6-60-84-8-46-17-86-16-91-100-13-95-97-98-93-96-94
90,3,1070.4557,586.4694,116.0,924.2771,0,3,15.789067,15.788599,True,50-51-65-71-81-33-1-27-69-30-31-88-52-53-40-2-41-22-75-56-55-24-29-68-12-26-21-73-74-72-4-25-54-80-77-28|89-18-60-83-45-46-48-47-36-64-11-62-7-82-44-38-86-99-87-6-8-84-5-61-17-16-85-91-100-13-96-93-59-97-58|94-95-92-98-37-14-42-57-43-15-39-67-23-76-3-79-78-34-9-32-90-63-49-19-10-20-66-35-70
91,4,1072.3563,1365.719,223.0,915.8201,0,4,110.67752,110.80424,True,50-33-1-69-27-6-96-83-8-47-49-19-10-90-32-66-71-35-81-3-68-12|26-21-73-72-54-24-29-34-65-20-30-62-11-64-63-88-53-40-2-41-22-75-56-74-4-55-25-80-77-28|89-18-61-14-42-43-15-39-67-23-76-79-78-9-51-70-31|52-7-82-48-36-46-45-60-92-98-91-44-38-86-16-85-99-97-87-37-84-17-5-94-13-95-59-93-100-57-58
92,3,1073.8483,583.0769,108.0,924.2771,0,3,16.806826,16.806066,True,26-50-33-81-65-51-1-27-69-30-31-88-52-53-40-2-57-22-41-75-56-55-24-29-68-12-21-73-74-72-4-25-54-80-77-28|89-18-60-83-45-46-48-47-36-64-11-62-7-82-44-38-86-99-87-6-8-84-5-61-17-16-85-91-100-13-96-93-59-97-58|94-95-92-98-37-42-14-43-15-39-67-23-76-3-79-78-34-9-20-90-63-49-19-10-32-66-71-35-70
93,3,1075.5281,581.397,116.0,924.2771,0,3,17.310775,17.311067,True,26-50-33-81-65-71-51-1-27-69-30-31-88-52-53-40-2-41-22-75-56-55-24-29-68-12-21-73-74-72-4-25-54-80-77-28|89-18-60-83-45-46-48-47-36-64-11-62-7-82-44-38-86-99-87-6-8-84-5-61-17-16-85-91-100-13-96-93-59-97-58|94-95-92-98-37-14-42-57-43-15-39-67-23-76-3-79-78-34-9-20-90-63-49-19-10-32-66-35-70
94,3,1076.2658,640.0572,69.0,945.6723,0,3,17.532098,17.53992,True,26-27-33-81-65-71-20-30-69-53-40-2-41-22-75-56-55-24-29-68-12-21-73-74-72-4-25-54-80-77-50-1-28|89-18-60-83-45-46-82-47-36-64-11-62-88-44-38-86-99-87-6-8-84-5-61-17-16-85-91-100-13-96-93-59-97-58|94-95-92-98-37-14-42-57-43-15-39-67-23-76-3-79-78-34-9-32-90-63-49-19-48-7-10-66-35-51-70-31-52
95,4,1076.5538,1367.0471,250.0,913.553,0,4,110.876734,111.007273,True,50-33-1-69-27-89-6-96-83-8-46-47-49-19-10-90-32-66-71-35-81-3-68-12-13|26-24-29-34-65-20-30-62-11-64-63-88-53-40-2-57-22-41-75-56-72-74-73-4-55-25-54-80-77-28|52-7-48-36-82-18-60-61-16-86-38-14-44-91-85-98-37-99-97-87-95-5-84-17-100-93-59-94-58|45-92-42-43-15-39-23-67-21-76-79-78-9-51-70-31
96,3,1076.7992,580.1259,78.0,924.2771,0,3,17.692121,17.688804,True,26-12-50-33-81-65-71-51-1-27-69-30-31-88-52-53-40-2-41-22-75-56-55-24-29-68-21-73-74-72-4-25-54-80-77-28|89-18-60-5-83-45-46-48-47-36-64-11-62-7-82-44-38-86-99-87-6-8-84-17-61-85-91-100-13-96-93-59-97-58|94-95-92-37-98-16-14-42-57-43-15-39-67-23-76-3-79-78-34-9-32-90-63-49-19-10-66-35-20-70
97,3,1076.8241,580.101,29.0,924.2771,0,3,17.699577,17.691363,True,26-50-51-65-81-33-1-27-69-30-31-88-52-53-40-2-41-22-75-56-55-24-29-68-12-21-73-74-72-4-25-54-80-77-28|89-18-60-83-45-46-48-47-36-64-11-62-7-82-44-38-86-99-87-6-8-84-5-17-61-16-91-100-13-96-93-59-97-58|94-95-92-37-98-85-14-42-57-43-15-39-67-23-76-3-79-78-34-9-32-90-63-49-19-10-66-71-35-20-70
98,3,1076.8241,580.101,29.0,924.2771,0,3,17.699577,17.691363,True,26-50-51-65-81-33-1-27-69-30-31-88-52-53-40-2-41-22-75-56-55-24-29-68-12-21-73-74-72-4-25-54-80-77-28|89-18-60-83-45-46-48-47-36-64-11-62-7-82-44-38-86-99-87-6-8-84-5-17-61-16-91-100-13-96-93-59-97-58|94-95-92-37-98-85-14-42-57-43-15-39-67-23-76-3-79-78-34-9-32-90-63-49-19-10-66-71-35-20-70
99,3,1077.3033,579.6218,116.0,924.2771,0,3,17.843339,17.843897,True,26-50-33-81-65-71-51-1-27-69-30-31-88-52-53-40-2-41-22-75-56-55-24-29-68-12-21-73-74-72-4-25-54-80-77-28|89-18-60-83-45-46-48-47-36-64-11-62-7-82-44-38-86-99-87-6-8-84-5-61-17-16-85-91-100-13-96-93-59-97-58|94-95-92-98-37-14-42-57-43-15-39-67-23-76-3-79-78-34-9-32-90-63-49-19-10-66-35-20-70
100,4,1080.4583,1363.6194,140.0,908.0803,0,4,110.362568,110.481943,True,27-69-89-6-96-60-83-8-47-49-19-10-63-90-32-66-71-35-34-3-68-12-26|21-73-72-54-24-29-33-81-65-30-62-11-64-88-31-53-40-2-41-22-75-56-74-4-55-25-80-77-28|18-45-86-14-42-57-43-15-39-67-23-76-50-79-78-9-51-20-70-1|52-7-82-48-36-46-5-92-98-91-44-38-16-85-99-97-87-84-17-61-94-13-95-59-93-100-37-58
101,4,1081.49,1386.2428,329.0,903.5098,0,4,113.756078,113.897371,True,12-50-33-81-65-71-51-1-69-27-31-30-64-88-52-53-40-2-57-22-41-75-56-55-24-29-68-26-21-73-74-72-4-25-54-80-77|89-60-83-45-46-36-47-48-11-62-7-82-18-61-16-44-86-38-14-87-97-37-98-100-13-58|94-95-92-42-43-15-39-67-23-76-3-79-78-34-9-32-90-63-49-19-10-20-66-35-70-28|6-99-5-8-84-17-91-85-93-59-96
102,3,1084.3351,575.4262,95.0,945.5718,0,3,19.952887,19.95602,True,26-27-33-81-65-71-51-30-69-31-88-52-53-40-2-41-22-75-56-55-24-29-68-12-21-73-74-72-4-25-54-80-77-50-70|89-18-60-5-83-45-46-48-47-36-64-11-62-7-82-44-38-86-99-87-6-8-84-17-61-85-100-13-95-96-93-59-97-58|94-92-37-98-91-16-14-42-57-43-15-39-67-23-76-3-79-78-34-9-32-90-63-49-19-10-66-35-20-1-28
103,3,1084.3376,572.5875,150.0,924.2771,0,3,19.953627,19.958641,True,26-50-33-81-65-71-51-1-27-69-30-31-88-52-53-40-2-41-22-75-56-55-24-29-68-12-21-73-74-72-4-25-54-80-77-28|89-18-60-83-45-46-36-47-48-19-64-11-62-7-82-44-38-86-99-87-6-8-84-5-61-17-16-85-91-100-13-96-93-59-97-58|94-95-92-98-37-42-14-43-57-15-39-67-23-76-3-79-78-34-9-63-49-10-90-32-20-66-35-70
104,4,1084.431,1385.1449,229.0,892.6413,0,4,113.591397,113.721776,True,50-33-1-69-27-89-6-96-83-8-46-47-49-19-10-90-32-66-71-35-81-3-68-12-28-13-58|26-54-24-29-34-65-20-30-62-11-64-63-88-53-40-2-41-22-75-56-72-74-73-4-55-25-80-77|52-7-48-36-82-18-60-92-37-98-91-44-14-38-86-16-61-85-99-97-87-5-84-17-100-93-59-95-94|45-42-57-43-15-39-23-67-21-76-79-78-9-51-70-31
105,4,1084.5904,1351.6671,147.0,911.7627,0,4,108.569734,108.689809,True,50-1-69-27-83-8-47-49-19-10-90-32-66-71-35-34-3-68-12-28|26-21-73-54-24-29-33-81-65-20-30-62-11-64-63-88-53-40-2-41-22-75-56-74-72-4-55-25-80-77|89-18-45-86-14-43-42-57-15-39-67-23-76-79-78-9-51-70-31|52-7-82-48-36-46-60-96-92-37-98-91-44-38-16-61-85-99-97-87-84-5-6-94-13-95-59-93-17-100-58
106,4,1085.2801,1342.0345,249.0,905.94,0,4,107.124833,107.252996,True,27-69-50-33-30-66-71-35-81-3-68-12-28|26-21-73-72-54-24-29-34-65-64-11-62-47-88-31-53-40-2-41-22-75-56-74-4-55-25-80-77|89-18-45-86-14-42-57-43-15-39-67-23-76-79-78-9-51-20-32-90-63-49-19-10-70-1|52-7-82-48-36-46-83-60-92-37-98-91-44-38-16-61-85-99-97-87-6-8-84-17-5-96-94-13-95-59-93-100-58
107,4,1085.5052,1021.4111,503.0,924.0166,0,4,59.031328,59.139576,True,50-33-81-65-71-51-1-27-69-30-31-88-53-40-2-41-22-75-56-55-24-29-68-12-26-21-73-74-72-4-25-54-80-77-28|89-83-45-46-36-47-48-19-64-11-62-7-5-44-38-86-16-99-59-87-6-60-84-17-61-85-100-13-97-93-96-94-58|95-92-37-98-91-14-42-57-43-15-39-67-23-76-3-79-78-34-9-90-63-49-10-32-20-66-35-70|52-82-8-18
108,4,1085.5052,1021.4111,503.0,924.0166,0,4,59.031328,59.139576,True,50-33-81-65-71-51-1-27-69-30-31-88-53-40-2-41-22-75-56-55-24-29-68-12-26-21-73-74-72-4-25-54-80-77-28|89-83-45-46-36-47-48-19-64-11-62-7-5-44-38-86-16-99-59-87-6-60-84-17-61-85-100-13-97-93-96-94-58|95-92-37-98-91-14-42-57-43-15-39-67-23-76-3-79-78-34-9-90-63-49-10-32-20-66-35-70|52-82-8-18
109,4,1085.6692,1009.3102,514.0,922.0825,0,4,57.21619,57.323482,True,12-50-33-81-65-51-1-69-31-30-64-11-88-53-40-2-57-22-41-75-56-55-24-29-68-26-21-73-74-72-4-25-54-80-77-28|89-83-45-46-36-47-48-62-7-18-60-86-38-14-44-16-99-97-87-94-6-5-84-17-61-85-91-100-13-95-59-93-96-58|92-98-37-42-43-15-39-67-23-76-3-79-78-34-9-20-32-63-49-19-10-90-66-71-35-70|27-52-82-8
110,4,1085.6692,1009.3102,514.0,922.0825,0,4,57.21619,57.323482,True,12-50-33-81-65-51-1-69-31-30-64-11-88-53-40-2-57-22-41-75-56-55-24-29-68-26-21-73-74-72-4-25-54-80-77-28|89-83-45-46-36-47-48-62-7-18-60-86-38-14-44-16-99-97-87-94-6-5-84-17-61-85-91-100-13-95-59-93-96-58|92-98-37-42-43-15-39-67-23-76-3-79-78-34-9-20-32-63-49-19-10-90-66-71-35-70|27-52-82-8
111,3,1085.7823,571.1428,116.0,924.2771,0,3,20.387046,20.388876,True,26-50-33-81-65-71-51-1-27-69-30-31-88-52-53-40-2-41-22-75-56-55-24-29-68-12-21-73-74-72-4-25-54-80-77-28|89-18-60-83-45-48-46-47-36-64-11-62-7-82-44-38-86-99-87-6-8-84-5-61-17-16-85-91-100-13-96-93-59-97-58|94-95-92-98-37-14-42-57-43-15-39-67-23-76-3-79-78-34-9-32-90-63-49-19-10-66-35-20-70
112,3,1086.5882,566.8521,180.0,952.2457,0,3,20.628803,20.640827,True,28-27-33-81-65-71-51-30-69-1-31-88-52-99-53-40-57-41-22-75-56-55-24-29-68-12-26-21-73-74-72-4-25-54-80-77-50-70|89-18-60-5-45-46-48-47-36-64-11-62-7-82-44-86-38-14-87-6-8-83-84-17-61-85-100-13-94-96-93-59-97-2-58|95-92-37-98-16-91-42-43-15-39-67-23-76-3-79-78-34-9-32-90-63-49-19-10-66-35-20
113,3,1087.0632,569.8619,116.0,924.2771,0,3,20.77132,20.773342,True,26-50-33-81-71-65-51-1-27-69-30-31-88-52-53-40-2-41-22-75-56-55-24-68-29-12-21-73-74-72-4-25-54-80-77-28|89-18-60-83-45-46-48-47-36-64-11-62-7-82-44-38-86-99-87-6-8-84-5-61-17-16-85-91-100-13-96-93-59-97-58|94-95-92-98-37-14-42-57-43-15-39-67-23-76-3-79-78-34-9-20-90-63-49-19-10-32-66-35-70
114,3,1088.2309,567.9875,48.0,959.1521,0,3,21.12163,21.122153,True,12-33-81-65-71-51-1-27-69-30-62-88-52-53-40-2-41-22-75-56-55-24-29-68-26-21-73-74-72-4-25-54-80-77-50-70-31|94-95-92-37-98-16-14-43-42-57-15-39-67-23-76-79-78-9-20-32-90-63-49-19-10-66-35-34-3-28|89-18-60-83-45-46-48-47-36-64-11-7-82-86-44-38-99-87-6-8-5-84-17-61-85-91-100-13-96-93-59-97-58
115,3,1088.2309,567.9875,48.0,959.1521,0,3,21.12163,21.122153,True,12-33-81-65-71-51-1-27-69-30-62-88-52-53-40-2-41-22-75-56-55-24-29-68-26-21-73-74-72-4-25-54-80-77-50-70-31|94-95-92-37-98-16-14-43-42-57-15-39-67-23-76-79-78-9-20-32-90-63-49-19-10-66-35-34-3-28|89-18-60-83-45-46-48-47-36-64-11-7-82-86-44-38-99-87-6-8-5-84-17-61-85-91-100-13-96-93-59-97-58
116,3,1088.432,529.3504,67.0,945.5718,0,3,21.181947,21.176598,True,26-12-33-81-65-71-51-1-27-69-30-31-88-52-53-40-2-41-22-75-56-55-24-29-68-21-73-74-72-4-25-54-80-77-50-70|89-18-60-5-83-45-46-48-47-36-64-11-62-7-82-44-38-86-99-87-6-8-84-17-61-85-91-100-13-96-93-59-97-58|94-95-92-37-98-16-14-42-57-43-15-39-67-23-76-3-79-78-34-9-32-90-63-49-19-10-20-66-35-28
117,3,1088.432,529.3504,67.0,945.5718,0,3,21.181947,21.176598,True,26-12-33-81-65-71-51-1-27-69-30-31-88-52-53-40-2-41-22-75-56-55-24-29-68-21-73-74-72-4-25-54-80-77-50-70|89-18-60-5-83-45-46-48-47-36-64-11-62-7-82-44-38-86-99-87-6-8-84-17-61-85-91-100-13-96-93-59-97-58|94-95-92-37-98-16-14-42-57-43-15-39-67-23-76-3-79-78-34-9-32-90-63-49-19-10-20-66-35-28
118,4,1088.8765,1021.0341,473.0,913.8929,0,4,58.974784,59.079469,True,50-33-81-65-71-51-1-31-27-53-40-2-41-22-75-56-55-24-29-68-12-26-21-73-74-72-4-25-54-80-77-28|89-83-45-46-36-47-48-19-64-11-62-7-82-44-38-86-16-99-59-87-6-60-84-5-17-61-85-91-100-13-96-93-97-58|94-95-92-98-37-42-14-43-57-15-39-67-23-76-3-79-78-34-9-90-63-49-10-32-20-66-35-70|69-30-88-8-18-52
119,4,1088.8765,1021.0341,473.0,913.8929,0,4,58.974784,59.079469,True,50-33-81-65-71-51-1-31-27-53-40-2-41-22-75-56-55-24-29-68-12-26-21-73-74-72-4-25-54-80-77-28|89-83-45-46-36-47-48-19-64-11-62-7-82-44-38-86-16-99-59-87-6-60-84-5-17-61-85-91-100-13-96-93-97-58|94-95-92-98-37-42-14-43-57-15-39-67-23-76-3-79-78-34-9-90-63-49-10-32-20-66-35-70|69-30-88-8-18-52
120,4,1089.5455,1332.117,132.0,902.6846,0,4,105.637209,105.752975,True,50-33-1-69-27-6-96-83-8-46-47-49-19-10-90-32-66-71-35-81-3-68-12|26-21-73-72-54-24-29-34-65-20-30-62-11-64-63-88-53-40-2-41-22-75-56-74-4-55-25-80-77-28|89-18-45-86-14-42-57-43-15-39-67-23-76-79-78-9-51-70-31|52-7-48-36-82-60-92-37-98-91-44-38-16-85-99-97-87-5-84-17-61-13-100-93-59-95-94-58
121,4,1090.0007,1326.023,147.0,893.2675,0,4,104.723107,104.838183,True,50-33-1-69-27-89-6-96-83-8-46-47-49-19-10-90-32-66-71-35-81-3-68-12-28|26-21-73-54-24-29-34-65-20-30-62-11-64-63-88-53-40-2-41-22-75-56-74-72-4-55-25-80-77|18-45-86-14-42-57-43-15-39-67-23-76-79-78-9-51-70-31|52-7-48-36-82-60-92-37-98-91-44-38-16-61-85-99-97-87-5-84-17-13-100-93-59-95-94-58
122,4,1094.1162,1334.0838,123.0,905.9447,0,4,105.932227,106.049249,True,27-50-33-1-69-6-96-83-8-46-47-49-19-10-90-32-66-71-35-81-3-68-12|26-21-73-72-54-24-29-34-65-30-62-11-64-63-88-53-40-2-41-22-75-56-74-4-55-25-80-77-28|89-18-45-86-14-43-42-57-15-39-67-23-76-79-78-9-51-20-70-31|52-7-48-36-82-60-92-98-91-44-38-16-61-85-99-97-87-84-17-5-94-13-95-59-93-100-37-58
123,3,1094.4055,562.5197,116.0,924.2771,0,3,22.973988,22.977112,True,26-50-33-81-65-71-51-27-1-69-30-31-88-52-53-40-2-41-22-75-56-55-24-29-68-12-74-21-73-72-4-25-54-80-77-28|89-18-60-83-45-46-48-47-36-64-11-62-7-82-44-38-86-99-87-6-8-84-5-61-17-16-85-91-100-13-96-93-59-97-58|94-95-92-98-37-14-42-57-43-15-39-67-23-76-3-79-78-34-9-32-90-63-49-19-10-66-35-20-70
124,3,1095.3291,549.293,22.0,945.5718,0,3,23.251073,23.246284,True,26-28-27-33-81-65-71-51-30-69-31-88-7-52-53-40-2-41-22-75-56-55-24-29-68-12-21-73-74-72-4-25-54-80-77-50-70|89-18-60-5-83-45-46-47-36-64-11-62-48-82-44-38-99-96-87-6-8-84-17-86-61-85-91-100-93-59-97-58|94-95-92-37-98-16-14-42-57-43-15-39-67-23-76-3-79-78-34-9-32-90-63-49-19-10-66-35-20-1-13
125,3,1095.3291,549.293,22.0,945.5718,0,3,23.251073,23.246284,True,26-28-27-33-81-65-71-51-30-69-31-88-7-52-53-40-2-41-22-75-56-55-24-29-68-12-21-73-74-72-4-25-54-80-77-50-70|89-18-60-5-83-45-46-47-36-64-11-62-48-82-44-38-99-96-87-6-8-84-17-86-61-85-91-100-93-59-97-58|94-95-92-37-98-16-14-42-57-43-15-39-67-23-76-3-79-78-34-9-32-90-63-49-19-10-66-35-20-1-13
126,4,1097.3542,1012.8737,500.0,922.0825,0,4,57.750724,57.860656,True,12-50-33-81-65-71-51-30-64-63-88-31-53-40-2-41-22-75-56-55-24-29-68-26-21-73-74-72-4-25-54-80-77|89-83-45-46-36-47-48-11-62-7-18-60-5-44-38-86-16-99-97-87-94-6-84-17-61-85-91-100-13-95-59-93-96-58|92-98-37-42-14-43-57-15-39-67-23-76-3-79-78-34-9-32-90-49-19-10-20-66-35-70-1-28|27-69-52-82-8
127,3,1097.3693,559.5559,84.0,924.2771,0,3,23.86313,23.863498,True,26-50-33-81-65-71-51-1-27-69-30-31-88-52-53-40-2-41-22-75-56-55-24-29-68-12-21-73-74-72-4-25-54-80-77-28|89-18-60-83-45-46-48-47-36-64-11-62-7-44-38-86-99-87-6-8-84-5-61-17-16-85-91-100-13-96-93-59-97-58|94-95-92-98-37-14-42-57-43-15-39-67-23-76-3-79-78-34-9-20-90-63-49-82-19-10-32-66-35-70
128,3,1097.3693,559.5559,84.0,924.2771,0,3,23.86313,23.863498,True,26-50-33-81-65-71-51-1-27-69-30-31-88-52-53-40-2-41-22-75-56-55-24-29-68-12-21-73-74-72-4-25-54-80-77-28|89-18-60-83-45-46-48-47-36-64-11-62-7-44-38-86-99-87-6-8-84-5-61-17-16-85-91-100-13-96-93-59-97-58|94-95-92-98-37-14-42-57-43-15-39-67-23-76-3-79-78-34-9-20-90-63-49-82-19-10-32-66-35-70
129,3,1097.3936,559.5315,104.0,924.2771,0,3,23.87043,23.872802,True,50-33-81-65-71-51-1-27-18-69-30-31-88-52-40-53-2-41-22-75-56-55-24-29-68-12-26-21-73-74-72-4-25-54-80-77-28|89-60-83-45-46-48-47-36-64-11-62-7-82-44-38-86-99-87-6-8-84-5-61-17-16-85-91-100-13-96-93-59-97-58|94-95-92-98-37-14-42-57-43-15-39-67-23-76-3-79-78-34-9-20-90-63-49-19-10-32-66-35-70
130,4,1097.4523,1304.991,192.0,893.2675,0,4,101.568318,101.686975,True,50-33-1-69-27-89-6-96-83-8-46-49-19-10-90-32-66-71-35-81-3-68-12-28|26-21-73-72-54-24-29-34-65-63-64-11-62-88-31-30-53-40-2-41-22-75-56-74-4-55-25-80-77|18-45-86-14-42-57-43-15-39-67-23-76-79-78-9-51-20-70|52-7-48-47-36-82-60-92-37-98-91-44-38-16-61-85-99-97-87-5-84-17-13-100-93-59-95-94-58
131,4,1098.0456,1322.6819,141.0,897.9714,0,4,104.221948,104.339042,True,50-33-1-69-27-6-96-83-8-46-47-49-19-10-90-32-66-71-35-81-3-68-12-28|26-21-73-72-54-24-29-34-65-30-62-11-64-63-88-53-40-2-41-22-75-56-74-4-55-25-80-77|89-60-45-86-14-42-57-43-15-39-67-23-76-79-78-9-51-20-70-31|52-7-48-36-82-18-92-37-98-91-44-38-16-61-85-99-97-87-84-17-5-13-100-93-59-95-94-58
132,4,1098.0456,1322.6819,141.0,897.9714,0,4,104.221948,104.339042,True,50-33-1-69-27-6-96-83-8-46-47-49-19-10-90-32-66-71-35-81-3-68-12-28|26-21-73-72-54-24-29-34-65-30-62-11-64-63-88-53-40-2-41-22-75-56-74-4-55-25-80-77|89-60-45-86-14-42-57-43-15-39-67-23-76-79-78-9-51-20-70-31|52-7-48-36-82-18-92-37-98-91-44-38-16-61-85-99-97-87-84-17-5-13-100-93-59-95-94-58
133,4,1099.1149,1311.788,138.0,892.6413,0,4,102.587863,102.702545,True,50-33-1-69-27-89-6-96-83-8-46-47-49-19-10-90-32-66-71-35-81-3-68-12-28|26-21-73-72-54-24-29-34-65-30-62-11-64-63-88-53-40-2-41-22-75-56-74-4-55-25-80-77|18-45-86-14-42-57-43-15-39-67-23-76-79-78-9-51-20-70-31|52-7-48-36-82-60-92-37-98-91-44-38-16-61-85-99-97-87-5-84-17-13-95-59-93-100-94-58
134,4,1100.9333,1345.3034,114.0,923.4807,0,4,107.615175,107.737656,True,50-33-1-27-52-7-82-46-36-47-48-62-11-49-19-10-90-32-66-71-35-81-3-68-12-28|26-21-73-72-54-24-29-34-65-30-69-64-63-88-53-40-2-41-22-75-56-74-4-55-25-80-77|89-18-45-86-14-42-57-43-15-39-67-23-76-79-78-9-51-20-70-31|92-37-98-91-44-38-16-61-85-99-97-87-6-8-83-84-17-5-60-96-13-100-93-59-95-94-58
135,3,1100.9497,571.432,63.0,929.0096,0,3,24.937262,24.939095,True,72-26-12-33-81-65-51-1-27-69-30-31-88-52-53-40-2-41-22-75-56-55-24-29-68-21-73-74-4-25-54-80-77-50-28|89-18-60-5-83-45-46-48-47-36-64-11-62-7-82-44-38-86-99-87-6-8-84-17-61-85-91-100-13-96-93-59-97-58|94-95-92-37-98-16-14-43-42-57-15-39-67-23-76-3-79-78-34-9-32-90-63-49-19-10-20-66-71-35-70
136,3,1101.4722,570.9095,81.0,929.0096,0,3,25.094003,25.097715,True,72-26-12-33-81-65-51-1-27-69-30-31-88-52-53-40-2-41-22-75-56-55-24-29-68-21-73-74-4-25-54-80-77-50-28|89-18-60-5-83-45-46-48-47-36-64-11-62-7-82-44-38-86-99-87-6-8-84-17-61-85-98-100-13-96-93-59-97-58|94-95-92-37-91-16-14-43-42-57-15-39-67-23-76-3-79-78-34-9-32-90-63-49-19-10-66-71-35-20-70
137,3,1101.4722,570.9095,81.0,929.0096,0,3,25.094003,25.097715,True,72-26-12-33-81-65-51-1-27-69-30-31-88-52-53-40-2-41-22-75-56-55-24-29-68-21-73-74-4-25-54-80-77-50-28|89-18-60-5-83-45-46-48-47-36-64-11-62-7-82-44-38-86-99-87-6-8-84-17-61-85-98-100-13-96-93-59-97-58|94-95-92-37-91-16-14-43-42-57-15-39-67-23-76-3-79-78-34-9-32-90-63-49-19-10-66-71-35-20-70
138,4,1101.5261,1296.9831,138.0,892.6413,0,4,100.367131,100.480316,True,50-33-1-69-27-89-6-96-83-8-46-47-49-19-10-90-32-66-71-35-81-3-68-12-28|26-21-73-72-54-24-29-34-65-30-62-11-64-63-88-53-40-2-41-22-75-56-74-4-55-25-80-77|18-45-86-14-42-57-43-15-39-67-23-76-79-78-9-51-20-70-31|52-7-48-36-82-60-94-92-37-98-91-44-38-16-61-85-99-97-87-5-84-17-13-95-59-93-100-58
139,3,1102.4051,527.6634,121.0,950.1686,0,3,25.373869,25.378548,True,26-50-33-81-65-71-51-1-27-69-30-31-88-52-53-40-2-41-22-75-56-55-24-29-68-12-21-73-74-72-4-25-54-80-77-70-28|89-18-60-83-45-46-48-47-36-64-11-62-7-82-44-38-86-99-87-6-8-84-5-61-17-16-85-91-100-13-96-93-59-97-58|94-95-92-98-37-14-42-57-43-15-39-67-23-76-3-79-78-34-9-32-90-63-49-19-10-66-35-20
140,3,1103.7286,530.5176,64.0,913.553,0,3,25.770938,25.76525,True,26-50-33-81-65-71-51-1-27-69-30-31-88-52-18-60-99-89-53-40-2-41-22-75-56-55-24-29-68-12-21-73-74-72-4-25-54-80-77-28|94-95-92-37-98-85-14-42-57-43-15-39-67-23-76-3-79-78-34-9-20-90-63-49-19-10-32-66-35-70|82-45-46-36-47-48-7-62-11-64-16-86-44-38-91-97-87-6-8-83-84-17-61-5-96-13-59-93-100-58
141,3,1103.7286,530.5176,64.0,913.553,0,3,25.770938,25.76525,True,26-50-33-81-65-71-51-1-27-69-30-31-88-52-18-60-99-89-53-40-2-41-22-75-56-55-24-29-68-12-21-73-74-72-4-25-54-80-77-28|94-95-92-37-98-85-14-42-57-43-15-39-67-23-76-3-79-78-34-9-20-90-63-49-19-10-32-66-35-70|82-45-46-36-47-48-7-62-11-64-16-86-44-38-91-97-87-6-8-83-84-17-61-5-96-13-59-93-100-58
142,3,1107.0171,542.1672,59.0,945.5718,0,3,26.757479,26.758828,True,2-72-26-28-27-33-81-65-30-69-31-88-52-53-40-57-41-22-75-56-55-24-29-68-12-21-73-74-4-25-54-80-77-50-70|89-18-60-5-83-45-46-48-47-36-64-11-62-7-82-44-38-86-99-87-6-8-84-17-61-85-91-100-13-96-93-59-97-58|94-95-92-37-98-16-14-42-43-15-39-67-23-76-3-79-78-34-9-32-90-63-49-19-10-66-71-35-20-51-1
143,3,1108.6219,528.3407,81.0,945.5718,0,3,27.238919,27.240875,True,72-26-12-51-71-65-81-33-1-27-69-30-31-88-52-53-40-2-41-22-75-56-55-24-29-68-21-73-74-4-25-54-80-77-50-70|89-18-60-83-45-46-48-47-36-64-11-62-7-82-44-38-86-99-87-6-8-84-17-5-96-13-95-59-93-85-91-100-97-58|94-92-37-98-61-16-14-43-42-57-15-39-67-23-76-3-79-78-9-20-32-90-63-49-19-10-66-35-34-28
144,3,1109.7298,538.9361,57.0,945.5718,0,3,27.571288,27.572766,True,73-72-21-26-27-33-81-65-71-51-30-69-31-88-52-53-40-2-41-22-75-56-55-24-29-68-12-74-4-25-54-80-77-50-70|89-18-60-5-83-45-46-48-47-36-64-11-62-7-82-44-38-86-99-87-6-8-84-17-61-85-91-100-13-96-93-59-97-58|94-95-92-37-98-16-14-42-57-43-15-39-67-23-76-3-79-78-34-9-32-90-63-49-19-10-66-35-20-1-28
145,3,1110.435,520.4051,126.0,945.5718,0,3,27.78284,27.78865,True,2-72-26-12-33-81-65-71-51-1-27-69-30-31-88-52-40-53-87-57-41-22-75-56-55-24-29-68-21-73-74-4-25-54-80-77-50-70|89-18-60-5-83-45-46-48-47-36-64-11-62-7-82-44-38-86-99-96-6-8-84-61-17-16-85-91-100-13-95-59-93-97-58|94-92-98-37-42-14-43-15-39-67-23-76-3-79-78-9-20-32-90-63-49-19-10-66-35-34-28
146,3,1110.5431,527.3783,65.0,945.5718,0,3,27.815266,27.816054,True,72-26-12-3-33-65-71-51-1-27-69-30-31-88-52-53-40-2-41-22-75-56-55-24-29-68-21-73-74-4-25-54-80-77-50-70|89-18-60-5-83-45-46-48-47-36-64-11-62-7-82-44-38-86-99-87-6-8-84-17-61-16-91-100-13-97-59-93-96-94-58|95-92-37-98-85-14-42-57-43-15-39-67-23-76-79-78-34-9-20-63-49-19-10-90-32-66-35-81-28
147,3,1111.4588,516.4474,106.0,945.5718,0,3,28.089986,28.093509,True,72-26-12-33-81-65-51-1-27-69-30-31-88-52-53-40-2-41-22-75-56-55-24-29-68-21-73-74-4-25-54-80-77-50-70|89-60-5-45-46-82-48-47-36-64-11-62-7-18-44-38-86-99-87-6-8-83-84-17-61-85-91-100-13-97-59-93-96-94-58|95-92-37-98-16-14-42-57-43-15-39-67-23-76-3-79-78-34-9-20-63-49-19-10-90-32-66-71-35-28
148,3,1113.0987,504.6837,62.0,945.5718,0,3,28.581965,28.579815,True,72-26-12-33-81-65-51-1-27-69-30-31-88-52-53-40-2-41-22-75-56-55-24-29-68-21-73-74-4-25-54-80-77-50-70|89-18-60-5-83-45-46-48-47-36-64-11-62-7-82-44-38-86-99-87-6-8-84-17-61-85-91-100-13-96-93-59-97-58|94-95-92-37-98-16-14-42-57-43-15-39-67-23-76-3-79-78-34-9-32-90-63-49-19-10-20-66-71-35-28
149,3,1113.0987,504.6837,62.0,945.5718,0,3,28.581965,28.579815,True,72-26-12-33-81-65-51-1-27-69-30-31-88-52-53-40-2-41-22-75-56-55-24-29-68-21-73-74-4-25-54-80-77-50-70|89-18-60-5-83-45-46-48-47-36-64-11-62-7-82-44-38-86-99-87-6-8-84-17-61-85-91-100-13-96-93-59-97-58|94-95-92-37-98-16-14-42-57-43-15-39-67-23-76-3-79-78-34-9-32-90-63-49-19-10-20-66-71-35-28
150,3,1115.1659,526.6404,49.0,960.2178,0,3,29.202127,29.204788,True,21-72-26-12-3-33-65-71-51-1-27-69-30-31-88-52-53-40-2-57-22-41-75-56-55-24-29-68-73-74-4-25-54-80-77-50-70-28|89-18-60-5-83-45-46-48-47-36-64-11-62-7-82-44-38-86-99-87-6-8-84-17-61-91-100-13-97-59-93-96-94-58|95-92-37-98-85-16-14-42-43-15-39-67-23-76-79-78-34-9-20-63-49-19-10-90-32-66-35-81
151,3,1115.1659,526.6404,49.0,960.2178,0,3,29.202127,29.204788,True,21-72-26-12-3-33-65-71-51-1-27-69-30-31-88-52-53-40-2-57-22-41-75-56-55-24-29-68-73-74-4-25-54-80-77-50-70-28|89-18-60-5-83-45-46-48-47-36-64-11-62-7-82-44-38-86-99-87-6-8-84-17-61-91-100-13-97-59-93-96-94-58|95-92-37-98-85-16-14-42-43-15-39-67-23-76-79-78-34-9-20-63-49-19-10-90-32-66-35-81
152,3,1115.8516,501.865,70.0,946.3857,0,3,29.407821,29.406997,True,81-33-12-26-28-27-65-71-51-30-69-31-88-52-53-40-2-41-22-75-56-55-24-29-68-21-73-74-72-4-25-54-80-77-1-70|89-60-5-83-45-46-82-48-47-36-64-11-62-7-18-44-38-86-99-87-6-8-84-17-61-85-91-100-13-96-93-59-97-58|94-95-92-37-98-16-14-42-57-43-15-39-67-23-76-3-79-78-34-9-32-90-63-49-19-10-20-66-35-50
153,3,1118.8418,523.7963,48.0,945.5718,0,3,30.304899,30.305939,True,72-26-12-33-81-65-71-51-1-27-69-30-62-31-88-52-53-40-2-41-22-75-56-55-24-29-68-21-73-74-4-25-54-80-77-50-70|94-95-92-37-98-16-14-43-42-57-15-39-67-23-76-79-78-9-20-32-90-63-49-19-10-66-35-34-3-28|89-18-60-5-83-45-46-48-47-36-64-11-7-82-44-38-86-99-87-6-8-84-17-61-85-91-100-13-96-93-59-97-58
154,3,1118.8418,523.7963,48.0,945.5718,0,3,30.304899,30.305939,True,72-26-12-33-81-65-71-51-1-27-69-30-62-31-88-52-53-40-2-41-22-75-56-55-24-29-68-21-73-74-4-25-54-80-77-50-70|94-95-92-37-98-16-14-43-42-57-15-39-67-23-76-79-78-9-20-32-90-63-49-19-10-66-35-34-3-28|89-18-60-5-83-45-46-48-47-36-64-11-7-82-44-38-86-99-87-6-8-84-17-61-85-91-100-13-96-93-59-97-58
155,3,1122.2492,555.8288,56.0,942.0198,0,3,31.327119,31.334253,True,26-72-39-33-81-65-71-51-1-69-27-52-88-31-30-50-76-53-40-57-41-22-75-56-55-24-21-73-74-4-25-54-80-77-70|89-60-5-83-45-46-48-47-36-64-11-62-7-82-18-99-86-38-87-6-8-84-17-61-85-91-100-13-96-93-59-97-2-58|94-95-92-37-98-16-42-14-44-43-15-23-67-3-79-78-9-20-32-90-63-49-19-10-66-35-34-29-68-12-28
156,3,1122.2492,555.8288,56.0,942.0198,0,3,31.327119,31.334253,True,26-72-39-33-81-65-71-51-1-69-27-52-88-31-30-50-76-53-40-57-41-22-75-56-55-24-21-73-74-4-25-54-80-77-70|89-60-5-83-45-46-48-47-36-64-11-62-7-82-18-99-86-38-87-6-8-84-17-61-85-91-100-13-96-93-59-97-2-58|94-95-92-37-98-16-42-14-44-43-15-23-67-3-79-78-9-20-32-90-63-49-19-10-66-35-34-29-68-12-28
157,3,1122.2632,520.3749,50.0,945.5718,0,3,31.331314,31.333067,True,21-72-26-12-33-81-65-51-1-27-69-30-31-52-89-53-40-2-41-22-75-56-55-24-29-68-73-74-4-25-54-80-77-50-70|18-60-5-83-45-46-82-7-48-47-36-64-11-62-88-44-38-86-99-87-6-8-84-17-61-85-91-100-13-96-93-59-97-58|94-95-92-37-98-16-14-42-57-43-15-39-67-23-76-79-78-9-20-32-90-63-49-19-10-66-71-35-34-3-28
158,3,1122.6999,512.9881,87.0,935.5226,0,3,31.462325,31.465294,True,50-33-81-65-20-1-69-27-52-62-64-11-63-30-31-88-53-40-2-41-22-75-56-55-24-29-68-12-26-21-73-74-72-4-25-54-80-77-70|95-92-18-82-47-36-45-38-44-91-85-99-97-87-6-8-83-84-17-96-94-13-59-93-61-100-98-37-58|89-60-5-16-86-14-42-57-43-15-39-67-23-76-3-79-78-9-51-19-49-46-48-7-10-90-32-66-71-35-34-28
159,3,1122.6999,512.9881,87.0,935.5226,0,3,31.462325,31.465294,True,50-33-81-65-20-1-69-27-52-62-64-11-63-30-31-88-53-40-2-41-22-75-56-55-24-29-68-12-26-21-73-74-72-4-25-54-80-77-70|95-92-18-82-47-36-45-38-44-91-85-99-97-87-6-8-83-84-17-96-94-13-59-93-61-100-98-37-58|89-60-5-16-86-14-42-57-43-15-39-67-23-76-3-79-78-9-51-19-49-46-48-7-10-90-32-66-71-35-34-28
160,3,1122.8653,553.1466,59.0,924.2771,0,3,31.511937,31.516493,True,72-26-12-33-81-65-71-51-1-27-69-30-31-52-18-53-40-2-41-22-75-56-55-24-29-68-21-73-74-4-25-54-80-77-50|89-60-5-83-45-46-82-7-48-47-36-64-11-62-88-44-38-86-99-87-6-8-84-17-61-85-91-100-13-96-93-59-97-58|94-95-92-37-98-16-14-42-57-43-15-39-67-23-76-3-79-78-34-9-32-90-63-49-19-10-66-35-20-70-28
161,3,1122.8653,553.1466,59.0,924.2771,0,3,31.511937,31.516493,True,72-26-12-33-81-65-71-51-1-27-69-30-31-52-18-53-40-2-41-22-75-56-55-24-29-68-21-73-74-4-25-54-80-77-50|89-60-5-83-45-46-82-7-48-47-36-64-11-62-88-44-38-86-99-87-6-8-84-17-61-85-91-100-13-96-93-59-97-58|94-95-92-37-98-16-14-42-57-43-15-39-67-23-76-3-79-78-34-9-32-90-63-49-19-10-66-35-20-70-28
162,3,1124.5485,485.376,97.0,950.1686,0,3,32.016885,32.019463,True,21-72-12-3-33-81-65-71-51-1-69-27-30-31-88-52-40-53-87-2-41-22-75-56-55-24-29-68-26-73-74-4-25-54-80-77-70-28|89-18-60-5-83-82-48-45-46-47-36-64-11-62-7-44-38-86-16-99-96-6-8-84-17-61-85-91-100-13-59-93-97-58|94-95-92-98-37-14-42-57-43-15-39-67-23-76-79-78-34-9-20-63-49-19-10-90-32-66-35-50
163,3,1124.5485,485.376,97.0,950.1686,0,3,32.016885,32.019463,True,21-72-12-3-33-81-65-71-51-1-69-27-30-31-88-52-40-53-87-2-41-22-75-56-55-24-29-68-26-73-74-4-25-54-80-77-70-28|89-18-60-5-83-82-48-45-46-47-36-64-11-62-7-44-38-86-16-99-96-6-8-84-17-61-85-91-100-13-59-93-97-58|94-95-92-98-37-14-42-57-43-15-39-67-23-76-79-78-34-9-20-63-49-19-10-90-32-66-35-50
164,3,1128.2397,499.3495,79.0,934.7033,0,3,33.124273,33.125936,True,72-26-12-33-81-65-71-51-1-69-27-88-31-30-76-53-40-2-41-22-75-56-55-24-29-68-21-73-74-4-25-80-77-50-70|52-18-60-83-45-46-82-48-47-36-64-11-62-7-44-38-86-16-99-87-6-8-84-5-17-61-85-91-100-13-96-93-59-97-58|89-94-95-92-98-37-14-42-57-43-15-39-67-23-54-3-79-78-34-9-32-90-63-49-19-10-66-35-20-28
165,3,1128.2397,499.3495,79.0,934.7033,0,3,33.124273,33.125936,True,72-26-12-33-81-65-71-51-1-69-27-88-31-30-76-53-40-2-41-22-75-56-55-24-29-68-21-73-74-4-25-80-77-50-70|52-18-60-83-45-46-82-48-47-36-64-11-62-7-44-38-86-16-99-87-6-8-84-5-17-61-85-91-100-13-96-93-59-97-58|89-94-95-92-98-37-14-42-57-43-15-39-67-23-54-3-79-78-34-9-32-90-63-49-19-10-66-35-20-28
166,3,1129.9056,522.8989,37.0,945.5718,0,3,33.624033,33.627158,True,26-12-33-81-65-71-51-69-30-31-62-88-52-18-60-89-53-40-2-41-22-75-56-55-24-29-68-21-73-74-72-4-25-54-80-77-50-70|27-45-48-36-64-11-7-82-44-38-86-99-87-6-8-83-84-5-17-61-85-91-100-13-96-93-59-97-58|94-95-92-37-98-16-14-43-42-57-15-39-67-23-76-3-79-78-34-9-32-90-63-49-46-47-19-10-66-35-20-1-28
167,3,1129.9056,522.8989,37.0,945.5718,0,3,33.624033,33.627158,True,26-12-33-81-65-71-51-69-30-31-62-88-52-18-60-89-53-40-2-41-22-75-56-55-24-29-68-21-73-74-72-4-25-54-80-77-50-70|27-45-48-36-64-11-7-82-44-38-86-99-87-6-8-83-84-5-17-61-85-91-100-13-96-93-59-97-58|94-95-92-37-98-16-14-43-42-57-15-39-67-23-76-3-79-78-34-9-32-90-63-49-46-47-19-10-66-35-20-1-28
168,3,1130.7039,531.6827,36.0,952.1425,0,3,33.863509,33.869077,True,50-33-81-65-20-1-27-69-30-90-63-64-88-31-53-40-73-41-22-75-56-55-24-29-68-12-26-21-72-74-4-25-54-80-77-70-52|95-97-92-18-82-46-36-47-19-11-62-83-16-38-44-91-85-99-87-6-8-84-17-5-96-94-13-59-93-98-37-100-57-2-58|89-60-45-61-86-14-42-43-15-39-67-23-76-3-79-78-9-51-7-48-49-10-32-66-71-35-34-28
169,3,1132.4952,495.094,67.0,934.7033,0,3,34.400916,34.402017,True,72-26-12-33-81-65-71-51-1-27-69-30-31-88-52-53-40-2-41-22-75-56-55-24-29-68-21-73-74-4-54-25-80-77-50-70|89-18-60-5-83-45-46-48-47-36-64-11-62-7-82-44-38-86-99-87-6-8-84-17-61-85-91-100-13-96-93-59-97-58|94-95-92-37-98-16-14-42-57-43-15-39-67-23-76-3-79-78-34-9-32-90-63-49-19-10-66-35-20-28
170,3,1132.4952,495.094,67.0,934.7033,0,3,34.400916,34.402017,True,72-26-12-33-81-65-71-51-1-27-69-30-31-88-52-53-40-2-41-22-75-56-55-24-29-68-21-73-74-4-54-25-80-77-50-70|89-18-60-5-83-45-46-48-47-36-64-11-62-7-82-44-38-86-99-87-6-8-84-17-61-85-91-100-13-96-93-59-97-58|94-95-92-37-98-16-14-42-57-43-15-39-67-23-76-3-79-78-34-9-32-90-63-49-19-10-66-35-20-28
171,4,1135.0251,1279.1161,191.0,902.6846,0,4,97.687079,97.81444,True,92-69-50-33-76-89-6-96-83-8-46-47-49-19-10-90-32-66-71-35-81-3-68-12|26-21-73-72-54-24-29-34-65-30-62-11-64-63-88-53-40-2-41-22-75-56-74-4-55-25-80-77-28|52-18-45-86-14-43-42-57-15-39-23-67-79-78-9-51-20-70-1|27-31-7-48-36-82-60-61-16-38-44-91-85-98-37-99-97-87-5-84-17-13-100-93-59-95-94-58
172,3,1138.8062,513.122,62.0,917.9937,0,3,36.2942,36.296892,True,73-21-26-28-27-33-81-65-30-69-31-88-7-52-99-96-53-40-2-57-22-41-75-56-55-24-29-68-12-13-74-72-4-25-54-80-77-50|94-92-18-82-48-47-36-64-11-62-5-16-44-38-91-85-97-87-6-8-84-46-17-86-100-37-98-93-59-95-58|89-60-83-45-61-14-42-43-15-39-67-23-76-3-79-78-34-9-20-63-49-19-10-90-32-66-71-35-51-70-1
173,3,1138.8062,513.122,62.0,917.9937,0,3,36.2942,36.296892,True,73-21-26-28-27-33-81-65-30-69-31-88-7-52-99-96-53-40-2-57-22-41-75-56-55-24-29-68-12-13-74-72-4-25-54-80-77-50|94-92-18-82-48-47-36-64-11-62-5-16-44-38-91-85-97-87-6-8-84-46-17-86-100-37-98-93-59-95-58|89-60-83-45-61-14-42-43-15-39-67-23-76-3-79-78-34-9-20-63-49-19-10-90-32-66-71-35-51-70-1
174,4,1140.2558,1297.3562,111.0,901.1576,0,4,100.423094,100.546531,True,50-33-27-96-59-5-83-46-47-48-19-11-64-49-63-90-32-66-71-35-81-3-68-12-28|26-21-73-72-54-24-29-34-65-51-1-69-30-62-88-53-40-2-41-22-75-56-74-4-55-25-80-77|89-18-45-86-14-42-57-43-15-39-67-23-76-79-78-9-20-10-70-31-52|7-36-82-60-94-92-37-98-91-44-38-16-85-99-97-87-6-8-84-17-61-100-13-95-93-58
175,4,1141.4178,1253.2213,51.0,922.1094,0,4,93.802853,93.91716,True,27-96-59-5-83-48-47-19-11-64-49-63-90-32-10-68-12-26-28|21-73-72-75-54-29-33-81-65-1-69-30-62-88-53-40-57-41-22-56-74-4-55-25-24-80-77-50|89-18-45-86-14-42-43-15-39-67-23-76-3-79-78-34-9-20-66-71-35-51-70-31-52|7-36-46-82-60-94-92-37-98-91-44-38-16-85-99-97-87-6-8-84-17-61-100-13-95-93-2-58
176,3,1144.5922,484.5852,209.0,957.74,0,3,38.03001,38.050819,True,26-50-33-81-65-71-51-1-27-69-30-31-88-52-53-40-2-41-22-75-56-55-24-29-68-12-21-73-74-72-4-25-54-80-77-28-70|89-18-60-83-46-45-36-47-48-19-64-11-62-7-82-44-38-86-99-87-6-8-84-5-61-17-16-85-91-100-13-97-59-93-96-94-58|95-92-98-37-14-42-57-43-15-39-67-23-76-3-78-79-34-9-49-63-10-90-32-20-66-35
177,3,1145.0821,560.1527,50.0,924.0166,0,3,38.176976,38.188308,True,26-50-33-81-65-71-51-62-64-90-30-69-11-19-47-88-53-40-2-41-22-75-56-55-24-29-68-12-21-73-74-72-4-25-54-80-77-28|27-45-46-36-82-18-83-86-38-44-16-99-59-87-6-8-60-84-5-17-61-85-91-100-13-97-93-96-94-58|89-95-92-98-37-14-42-57-43-15-39-67-23-76-3-79-78-34-9-63-49-48-7-10-32-66-35-20-70-1-31-52
178,3,1145.0821,560.1527,50.0,924.0166,0,3,38.176976,38.188308,True,26-50-33-81-65-71-51-62-64-90-30-69-11-19-47-88-53-40-2-41-22-75-56-55-24-29-68-12-21-73-74-72-4-25-54-80-77-28|27-45-46-36-82-18-83-86-38-44-16-99-59-87-6-8-60-84-5-17-61-85-91-100-13-97-93-96-94-58|89-95-92-98-37-14-42-57-43-15-39-67-23-76-3-79-78-34-9-63-49-48-7-10-32-66-35-20-70-1-31-52
179,3,1145.1876,493.2701,76.0,945.5718,0,3,38.208641,38.215807,True,72-26-12-33-81-65-71-51-1-27-69-30-31-88-53-40-2-41-22-75-56-55-24-29-68-21-73-74-4-25-54-80-77-50-70|52-89-18-7-82-45-46-47-36-64-11-62-48-44-38-86-99-87-6-8-83-84-60-5-17-61-85-91-100-13-96-93-59-97-58|94-95-92-37-98-16-14-42-57-43-15-39-67-23-76-3-79-78-34-9-32-90-63-49-19-10-66-35-20-28
180,3,1146.1226,492.3351,67.0,945.5718,0,3,38.489142,38.495547,True,72-26-12-33-81-65-71-1-51-27-69-30-31-88-52-53-40-2-41-22-75-56-55-24-29-68-21-73-74-4-25-54-80-77-50-70|89-18-60-5-83-45-46-48-47-36-64-11-62-7-82-44-38-86-99-87-6-8-84-17-61-85-91-100-13-96-93-59-97-58|94-95-92-37-98-16-14-42-57-43-15-39-67-23-76-3-79-78-34-9-32-90-63-49-19-10-66-35-20-28
181,4,1148.4137,1415.7366,61.0,920.487,0,4,118.180155,118.321696,True,27-96-59-61-5-83-82-48-19-88-62-11-49-10-20-66-71-35-51-70-31|21-73-75-33-65-32-63-64-90-30-69-28-53-40-57-41-22-56-74-72-4-55-25-54-12-26|89-46-45-86-14-42-43-15-39-67-23-76-3-79-81-9-34-78-29-24-68-80-77-50-1|52-7-47-36-18-60-94-92-37-98-91-44-38-16-85-99-97-87-6-8-84-17-100-13-95-93-2-58
182,3,1148.7942,489.6635,67.0,945.5718,0,3,39.290625,39.297431,True,26-12-33-81-65-71-51-1-27-72-69-30-31-88-52-53-40-2-41-22-75-56-55-24-29-68-21-73-74-4-25-54-80-77-50-70|89-18-60-5-83-45-46-48-47-36-64-11-62-7-82-44-38-86-99-87-6-8-84-17-61-85-91-100-13-96-93-59-97-58|94-95-92-37-98-16-14-42-57-43-15-39-67-23-76-3-79-78-34-9-32-90-63-49-19-10-66-35-20-28
183,3,1149.9399,481.7153,150.0,960.2178,0,3,39.634324,39.650778,True,72-26-12-3-33-81-65-71-51-1-27-69-30-31-88-52-40-53-2-41-22-75-56-55-24-29-68-21-73-74-4-25-54-80-77-50-70-28|89-18-60-5-83-48-45-46-47-36-64-11-62-7-82-44-38-86-99-87-6-8-84-17-61-85-91-100-13-97-59-93-96-94-58|95-92-37-98-16-14-42-57-43-15-39-67-23-76-79-78-34-9-20-19-49-63-10-90-32-66-35
184,3,1150.2502,506.6749,29.0,924.2771,0,3,39.727419,39.730219,True,50-33-81-65-71-51-1-69-31-52-27-26-67-40-53-2-41-22-75-56-55-24-29-68-12-21-73-74-72-4-25-54-80-77-28|89-18-60-83-45-46-48-47-36-64-11-62-7-82-44-38-86-99-87-6-8-84-5-17-61-16-91-100-13-96-93-59-97-58|94-95-92-85-98-37-42-14-43-57-15-39-23-76-88-30-3-79-78-34-9-32-90-63-49-19-10-66-35-20-70
185,3,1150.2502,506.6749,29.0,924.2771,0,3,39.727419,39.730219,True,50-33-81-65-71-51-1-69-31-52-27-26-67-40-53-2-41-22-75-56-55-24-29-68-12-21-73-74-72-4-25-54-80-77-28|89-18-60-83-45-46-48-47-36-64-11-62-7-82-44-38-86-99-87-6-8-84-5-17-61-16-91-100-13-96-93-59-97-58|94-95-92-85-98-37-42-14-43-57-15-39-23-76-88-30-3-79-78-34-9-32-90-63-49-19-10-66-35-20-70
186,3,1154.3624,481.7723,47.0,935.5226,0,3,40.961082,40.964867,True,50-33-51-65-20-32-90-63-64-11-62-88-18-89-96-99-37-38-87-2-41-22-75-56-55-24-29-68-12-21-73-74-72-4-25-54-80-77-70|7-19-36-46-45-61-85-98-92-14-44-15-57-23-67-40-6-84-8-82-48-47-49-10-66-71-35-34-3-28|97-42-43-39-26-27-52-31-69-30-1-76-79-78-9-81-53-13-5-60-83-17-86-16-91-100-93-59-95-94-58
187,3,1154.3624,481.7723,47.0,935.5226,0,3,40.961082,40.964867,True,50-33-51-65-20-32-90-63-64-11-62-88-18-89-96-99-37-38-87-2-41-22-75-56-55-24-29-68-12-21-73-74-72-4-25-54-80-77-70|7-19-36-46-45-61-85-98-92-14-44-15-57-23-67-40-6-84-8-82-48-47-49-10-66-71-35-34-3-28|97-42-43-39-26-27-52-31-69-30-1-76-79-78-9-81-53-13-5-60-83-17-86-16-91-100-93-59-95-94-58
188,4,1157.8531,1370.9405,110.0,912.0825,0,4,111.46073,111.602022,True,50-33-69-59-5-46-48-19-11-64-49-63-90-32-66-71-35-81-68-80-77-12-28|26-21-73-72-54-24-29-34-65-51-1-30-62-88-53-40-2-41-22-75-56-74-4-55-25|89-18-45-86-14-42-57-43-15-39-67-23-76-3-79-78-9-20-10-70-31-52|92-94-27-7-47-36-82-83-60-16-38-44-91-85-98-37-99-97-87-6-8-84-17-61-100-13-95-93-96-58
189,3,1160.069,469.0712,187.0,959.1521,0,3,42.673041,42.694178,True,72-26-12-33-65-71-51-1-69-27-62-11-64-63-30-88-52-53-40-2-41-22-75-56-55-24-29-68-21-73-74-4-25-54-80-77-50-70-31|95-92-37-45-46-36-47-19-48-82-7-18-83-86-38-44-91-85-99-59-97-87-6-8-84-60-5-61-98-17-16-100-13-93-96-94-58|89-57-14-42-43-15-39-67-23-76-3-79-78-34-9-20-32-90-49-10-66-35-81-28
190,3,1160.1788,496.7463,104.0,924.2771,0,3,42.705996,42.717786,True,50-26-33-81-65-71-51-1-27-18-69-30-31-88-52-40-2-41-53-22-75-56-55-24-29-68-12-21-73-74-72-4-25-54-80-77-28|89-60-83-45-46-48-47-36-64-11-62-7-82-44-38-86-99-87-6-8-84-5-61-17-16-85-91-100-13-96-93-59-97-58|94-95-92-98-37-14-42-57-43-15-39-67-23-76-3-79-78-34-9-20-90-63-49-19-10-32-66-35-70
191,3,1160.5961,466.657,56.0,945.5718,0,3,42.83117,42.836966,True,72-26-12-33-81-65-71-51-1-27-69-30-31-88-52-96-53-40-2-41-22-75-56-24-55-29-68-21-73-74-4-25-54-80-77-50-70|89-18-60-5-83-45-46-48-47-36-64-11-62-7-82-44-38-86-99-87-6-8-84-17-61-85-91-100-13-93-59-97-58|94-95-92-37-98-16-14-42-57-43-15-39-67-23-76-3-79-78-34-9-32-90-63-49-19-10-66-35-20-28
192,3,1160.5961,466.657,56.0,945.5718,0,3,42.83117,42.836966,True,72-26-12-33-81-65-71-51-1-27-69-30-31-88-52-96-53-40-2-41-22-75-56-24-55-29-68-21-73-74-4-25-54-80-77-50-70|89-18-60-5-83-45-46-48-47-36-64-11-62-7-82-44-38-86-99-87-6-8-84-17-61-85-91-100-13-93-59-97-58|94-95-92-37-98-16-14-42-57-43-15-39-67-23-76-3-79-78-34-9-32-90-63-49-19-10-66-35-20-28
193,3,1163.7752,465.4022,209.0,957.74,0,3,43.784915,43.808601,True,26-50-33-81-65-71-51-1-27-69-30-31-88-52-53-40-2-41-22-75-56-55-24-29-68-12-21-73-74-72-4-25-54-80-77-28-70|89-18-60-83-46-45-36-47-48-19-64-11-62-7-82-44-38-86-99-87-6-8-84-5-61-17-16-85-91-100-13-97-59-93-96-94-58|95-92-98-37-42-14-57-43-15-39-67-23-76-3-78-79-9-34-49-63-10-90-32-20-66-35
194,14,1164.6877,6783.5554,285.0,875.1971,0,14,923.352977,924.323179,True,40-87-41-22-74-73-58|6|82-48-47-36-46-45-8-83-84-17-5-89|27-69-90-63-62-88|76-79-78-81-9-35-34-29-24-80|21-72-75-39-67-23-56-4-55-25-54|53|50-51-71-65-66-32|2-57-42-15-43-14-44-38-86-16-85-91-100-98-93-59-94|26-12-3-33-20-30-31-52-60-61-99-96|95-92-37-18-7-11-64-49-19-10-70-1|68-77|13-97|28
195,3,1166.2105,490.7146,116.0,924.2771,0,3,44.515496,44.529391,True,26-50-33-81-65-1-71-51-69-27-30-31-88-52-53-40-2-41-22-75-56-55-24-29-68-12-21-73-74-72-4-25-54-80-77-28|89-18-60-83-45-46-48-47-36-64-11-62-7-82-44-38-86-99-87-6-8-84-5-61-17-16-85-91-100-13-96-93-59-97-58|94-95-92-98-37-14-42-57-43-15-39-67-23-76-3-79-78-34-9-49-32-90-63-19-10-66-35-20-70
196,3,1168.0435,470.4142,48.0,945.5718,0,3,45.06541,45.073203,True,72-26-12-51-71-65-81-33-1-69-27-30-62-88-31-52-53-40-2-41-22-75-56-55-24-29-68-21-73-74-4-25-54-80-77-50-70|94-95-92-37-98-16-14-42-57-43-15-39-67-23-76-3-79-78-34-9-32-90-63-49-19-10-66-35-20-28|89-18-45-46-36-47-48-82-7-64-11-61-44-38-86-91-99-87-84-8-83-6-60-5-17-85-100-13-96-93-59-97-58
197,3,1168.0435,470.4142,48.0,945.5718,0,3,45.06541,45.073203,True,72-26-12-51-71-65-81-33-1-69-27-30-62-88-31-52-53-40-2-41-22-75-56-55-24-29-68-21-73-74-4-25-54-80-77-50-70|94-95-92-37-98-16-14-42-57-43-15-39-67-23-76-3-79-78-34-9-32-90-63-49-19-10-66-35-20-28|89-18-45-46-36-47-48-82-7-64-11-61-44-38-86-91-99-87-84-8-83-6-60-5-17-85-100-13-96-93-59-97-58
198,3,1177.3292,437.1088,147.0,946.3857,0,3,47.851113,47.866719,True,50-33-81-51-65-20-32-90-63-64-11-62-18-89-96-99-59-38-97-87-2-41-22-75-56-55-24-29-68-12-21-73-74-72-4-25-54-80-77-1-70|7-19-36-46-45-61-91-42-44-15-57-23-67-40-53-6-8-82-48-47-49-10-66-71-35-34-3-28|94-95-92-98-37-14-43-39-26-27-69-31-88-30-76-79-78-9-52-60-84-5-83-17-86-16-85-100-13-93-58
199,3,1177.3292,437.1088,147.0,946.3857,0,3,47.851113,47.866719,True,50-33-81-51-65-20-32-90-63-64-11-62-18-89-96-99-59-38-97-87-2-41-22-75-56-55-24-29-68-12-21-73-74-72-4-25-54-80-77-1-70|7-19-36-46-45-61-91-42-44-15-57-23-67-40-53-6-8-82-48-47-49-10-66-71-35-34-3-28|94-95-92-98-37-14-43-39-26-27-69-31-88-30-76-79-78-9-52-60-84-5-83-17-86-16-85-100-13-93-58
200,3,1177.3647,466.5992,137.0,973.8587,0,3,47.861758,47.884919,True,26-54-24-29-81-33-51-65-30-62-11-64-63-88-53-40-57-41-22-75-56-72-21-73-74-4-55-68-12-25-80-77-3-50-70-1-28|18-83-45-61-14-42-43-15-39-67-23-76-79-78-34-9-20-32-90-49-19-10-66-71-35-31|94-92-60-82-36-48-7-69-27-52-89-98-37-91-44-38-86-16-85-99-97-87-6-8-84-47-46-17-5-96-13-95-59-93-100-2-58
201,3,1177.8096,502.5568,42.0,972.8505,0,3,47.995221,48.014257,True,72-75-12-33-81-65-1-27-69-30-62-11-64-88-53-40-57-41-22-56-55-24-29-68-26-21-73-74-4-25-54-80-77-50-70-31-52|89-46-45-86-14-42-43-15-39-67-23-76-79-78-9-51-20-32-90-63-49-10-66-71-35-34-3-28-13|95-92-37-7-19-36-47-48-82-18-83-60-5-16-38-44-91-85-99-97-2-87-6-8-84-17-61-100-98-93-59-96-94-58
202,4,1180.4282,1263.6356,416.0,902.6846,0,4,95.364995,95.526154,True,89-83-45-42-39-33-1-69-27-23-67-76-6-60-8-46-47-49-19-10-90-32-66-71-35-81-3-68-12-13|26-21-73-54-24-29-34-65-20-30-62-11-64-63-88-53-40-2-41-22-75-56-74-72-4-55-25-80-77-28|52-7-48-36-82-18-96-92-37-98-91-44-14-15-43-38-86-16-61-85-99-97-87-57-5-84-17-100-93-59-95-94-58|50-79-78-9-51-70-31
203,3,1182.2413,465.048,118.0,960.2178,0,3,49.324737,49.345182,True,72-26-12-3-33-81-65-71-51-1-27-69-30-31-88-52-40-53-2-41-22-75-56-55-24-29-68-21-73-74-4-25-54-80-77-50-70-28|89-18-60-5-83-48-45-46-47-36-64-11-62-7-91-44-38-86-99-87-6-8-84-17-61-85-100-13-97-59-93-96-94-58|95-92-37-98-16-14-42-57-43-15-39-67-23-76-79-78-34-9-20-19-49-63-82-10-90-32-66-35
204,4,1190.4537,1256.7046,438.0,893.2675,0,4,94.325345,94.48926,True,89-45-42-39-33-50-1-69-27-23-67-76-6-96-83-8-46-47-49-19-10-90-32-66-71-35-81-3-68-12-28-13|26-21-73-72-54-24-29-34-65-20-30-62-11-64-63-88-53-40-2-41-22-75-56-74-4-55-25-80-77|52-7-48-36-82-18-60-92-37-98-91-44-14-15-43-38-86-16-61-85-99-97-87-57-5-84-17-100-93-59-95-94-58|79-78-9-51-70-31
205,4,1192.6925,1254.4657,438.0,893.2675,0,4,93.989518,94.153769,True,45-42-39-33-50-1-69-27-23-67-76-89-6-96-83-8-46-47-49-19-10-90-32-66-71-35-81-3-68-12-28-13|26-21-73-72-54-24-29-34-65-20-30-62-11-64-63-88-53-40-2-41-22-75-56-74-4-55-25-80-77|52-7-48-36-82-18-60-92-37-98-91-44-14-15-43-38-86-16-61-85-99-97-87-57-5-84-17-100-93-59-95-94-58|79-78-9-51-70-31
206,3,1193.3884,474.0813,46.0,972.8505,0,3,52.668878,52.688717,True,72-26-33-81-65-71-51-1-27-69-30-62-64-88-89-53-40-57-41-22-75-56-55-24-29-68-21-74-4-25-54-80-77-50-70-31-52|92-37-98-60-83-45-46-36-48-19-11-7-18-5-16-38-44-91-85-99-97-87-6-8-84-17-61-100-13-95-59-93-96-94-58|39-73-2-42-86-14-43-15-23-67-12-76-3-79-78-9-20-32-90-63-49-47-82-10-66-35-34-28
207,3,1193.3884,474.0813,46.0,972.8505,0,3,52.668878,52.688717,True,72-26-33-81-65-71-51-1-27-69-30-62-64-88-89-53-40-57-41-22-75-56-55-24-29-68-21-74-4-25-54-80-77-50-70-31-52|92-37-98-60-83-45-46-36-48-19-11-7-18-5-16-38-44-91-85-99-97-87-6-8-84-17-61-100-13-95-59-93-96-94-58|39-73-2-42-86-14-43-15-23-67-12-76-3-79-78-9-20-32-90-63-49-47-82-10-66-35-34-28
208,3,1193.4085,489.8098,32.0,988.599,0,3,52.674897,52.698064,True,72-26-33-81-65-71-1-27-69-30-62-11-64-88-53-40-57-41-22-75-56-55-24-29-68-21-74-4-25-54-80-77-50-70-31-52-89|42-37-60-83-45-46-36-19-48-82-18-16-38-44-91-85-99-97-87-6-8-5-84-17-61-100-13-95-59-93-96-94-58|39-73-2-92-98-86-14-43-15-23-67-12-76-3-79-78-9-51-20-32-90-63-49-47-7-10-66-35-34-28
209,3,1193.4085,489.8098,32.0,988.599,0,3,52.674897,52.698064,True,72-26-33-81-65-71-1-27-69-30-62-11-64-88-53-40-57-41-22-75-56-55-24-29-68-21-74-4-25-54-80-77-50-70-31-52-89|42-37-60-83-45-46-36-19-48-82-18-16-38-44-91-85-99-97-87-6-8-5-84-17-61-100-13-95-59-93-96-94-58|39-73-2-92-98-86-14-43-15-23-67-12-76-3-79-78-9-51-20-32-90-63-49-47-7-10-66-35-34-28
210,3,1195.2046,461.3244,122.0,973.8587,0,3,53.213743,53.239964,True,26-21-73-72-54-24-29-33-65-71-81-51-30-62-11-64-63-88-53-40-57-41-22-75-56-74-4-55-68-12-25-80-77-3-50-70-1-28|89-18-83-45-61-14-42-43-15-39-67-23-76-79-78-34-9-32-90-49-19-10-66-35-20-31|94-92-60-82-36-48-7-69-27-52-85-16-86-38-44-91-37-98-99-97-87-6-8-84-47-46-17-5-96-13-95-59-93-100-2-58
211,3,1196.2419,446.4236,140.0,959.9951,0,3,53.524933,53.548951,True,26-21-72-39-24-29-33-65-71-81-51-30-62-11-64-63-88-53-40-57-41-22-75-56-73-74-4-55-68-12-54-25-80-77-50-70-1-28|89-18-83-45-61-14-42-43-15-23-67-76-3-79-78-34-9-32-90-49-19-10-66-35-20-31|94-92-60-82-36-48-7-69-27-52-85-16-86-38-44-91-37-98-99-97-87-6-8-84-47-46-17-5-96-13-95-59-93-100-2-58
212,3,1196.2419,446.4236,140.0,959.9951,0,3,53.524933,53.548951,True,26-21-72-39-24-29-33-65-71-81-51-30-62-11-64-63-88-53-40-57-41-22-75-56-73-74-4-55-68-12-54-25-80-77-50-70-1-28|89-18-83-45-61-14-42-43-15-23-67-76-3-79-78-34-9-32-90-49-19-10-66-35-20-31|94-92-60-82-36-48-7-69-27-52-85-16-86-38-44-91-37-98-99-97-87-6-8-84-47-46-17-5-96-13-95-59-93-100-2-58
213,4,1196.4228,1240.4477,58.0,922.1094,0,4,91.886814,92.016407,True,27-59-5-83-82-48-19-49-63-90-32-10-18-61-96-94-26-12-68-28|21-73-72-54-29-33-81-65-51-1-69-62-11-64-30-88-53-40-2-41-22-75-56-74-4-55-25-24-80-77-50|89-46-45-98-42-57-43-15-39-67-23-76-3-79-78-34-9-20-66-71-35-70-31|52-7-47-36-60-92-37-91-44-14-38-86-16-85-99-97-87-6-8-84-17-100-13-95-93-58
214,4,1196.4228,1240.4477,58.0,922.1094,0,4,91.886814,92.016407,True,27-59-5-83-82-48-19-49-63-90-32-10-18-61-96-94-26-12-68-28|21-73-72-54-29-33-81-65-51-1-69-62-11-64-30-88-53-40-2-41-22-75-56-74-4-55-25-24-80-77-50|89-46-45-98-42-57-43-15-39-67-23-76-3-79-78-34-9-20-66-71-35-70-31|52-7-47-36-60-92-37-91-44-14-38-86-16-85-99-97-87-6-8-84-17-100-13-95-93-58
215,14,1198.6594,6844.264,282.0,875.1971,0,14,932.459263,933.448462,True,40-87-41-22-74-73-58|60-6|52-7-48-47-36-46-45-8-84-17-5-89|27-90-63-62|76-79-78-81-9-35-34-29-24-80|21-72-75-39-67-23-56-4-55-25-54|53|50-51-71-65-66-32-31|2-57-42-15-43-14-44-38-86-16-85-91-100-98-93-59-94|26-12-3-33-20-30-88-18-83-61-99-96|95-92-37-82-19-11-64-49-10-70-1|68-77|13-97|69-28
216,3,1198.7761,427.7313,55.0,945.5718,0,3,54.285176,54.296487,True,72-26-12-33-81-65-71-51-1-27-69-30-31-88-52-53-40-2-41-22-97-75-56-24-29-68-21-55-73-74-4-25-54-80-77-50-70|89-18-60-5-83-45-46-48-47-36-64-11-62-7-82-44-38-86-99-87-6-8-84-17-61-85-91-100-13-96-93-59-58|94-95-92-37-98-16-14-42-57-43-15-39-67-23-76-3-79-78-34-9-32-90-63-49-19-10-66-35-20-28
217,3,1198.7761,427.7313,55.0,945.5718,0,3,54.285176,54.296487,True,72-26-12-33-81-65-71-51-1-27-69-30-31-88-52-53-40-2-41-22-97-75-56-24-29-68-21-55-73-74-4-25-54-80-77-50-70|89-18-60-5-83-45-46-48-47-36-64-11-62-7-82-44-38-86-99-87-6-8-84-17-61-85-91-100-13-96-93-59-58|94-95-92-37-98-16-14-42-57-43-15-39-67-23-76-3-79-78-34-9-32-90-63-49-19-10-66-35-20-28
218,4,1199.4699,1244.5939,439.0,902.6846,0,4,92.508749,92.675064,True,89-83-45-42-39-33-1-69-27-23-67-76-79-6-60-8-46-47-49-19-10-90-32-66-71-35-81-3-68-12-13|26-21-73-54-24-29-34-65-20-30-62-11-64-63-88-53-40-2-41-22-75-56-74-72-4-55-25-80-77-28|52-7-48-36-82-18-96-92-37-98-91-44-14-15-43-38-86-16-61-85-99-97-87-57-5-84-17-100-93-59-95-94-58|50-78-9-51-70-31
219,4,1199.4699,1244.5939,439.0,902.6846,0,4,92.508749,92.675064,True,89-83-45-42-39-33-1-69-27-23-67-76-79-6-60-8-46-47-49-19-10-90-32-66-71-35-81-3-68-12-13|26-21-73-54-24-29-34-65-20-30-62-11-64-63-88-53-40-2-41-22-75-56-74-72-4-55-25-80-77-28|52-7-48-36-82-18-96-92-37-98-91-44-14-15-43-38-86-16-61-85-99-97-87-57-5-84-17-100-93-59-95-94-58|50-78-9-51-70-31
220,3,1200.2257,421.6907,174.0,946.3857,0,3,54.720056,54.742918,True,50-33-81-51-65-20-32-90-63-64-11-62-82-18-44-61-99-96-89-97-87-41-22-75-56-55-24-29-68-12-26-21-73-74-72-4-25-54-80-77-1-70|52-7-19-36-46-45-42-57-39-23-67-38-40-6-8-48-47-49-10-66-71-35-34-3-28|94-95-92-37-98-85-14-43-15-2-27-69-31-88-30-76-79-78-9-53-84-5-60-83-17-86-16-91-100-13-59-93-58
221,4,1200.7379,1082.5044,222.0,903.5098,0,4,68.195318,68.316124,True,12-50-33-81-65-71-51-1-69-31-30-64-88-52-53-40-2-57-22-41-75-56-55-24-29-68-26-21-73-74-4-25-54-80-77|89-60-45-46-36-47-48-11-62-7-86-38-44-99-97-87-6-5-84-17-85-100-13-59-93-58|92-98-42-43-15-39-67-23-76-3-79-78-34-9-32-90-63-49-10-20-66-35-70-28|27-19-82-8-18-83-61-16-91-14-37-95-96-94-72
222,4,1200.7379,1082.5044,222.0,903.5098,0,4,68.195318,68.316124,True,12-50-33-81-65-71-51-1-69-31-30-64-88-52-53-40-2-57-22-41-75-56-55-24-29-68-26-21-73-74-4-25-54-80-77|89-60-45-46-36-47-48-11-62-7-86-38-44-99-97-87-6-5-84-17-85-100-13-59-93-58|92-98-42-43-15-39-67-23-76-3-79-78-34-9-32-90-63-49-10-20-66-35-70-28|27-19-82-8-18-83-61-16-91-14-37-95-96-94-72
223,3,1201.259,492.226,19.0,988.599,0,3,55.030054,55.054638,True,72-26-33-81-65-71-1-27-69-30-62-11-64-88-53-40-57-41-22-75-56-55-24-29-68-21-74-4-25-54-80-77-50-70-31-52-89|42-37-92-60-83-45-46-36-19-48-7-18-16-38-44-91-85-99-97-87-6-8-5-84-17-61-100-13-95-59-93-96-94-58|39-73-2-98-86-14-43-15-23-67-12-76-79-78-9-51-20-32-90-63-49-47-82-10-66-35-34-3-28
224,3,1201.259,492.226,19.0,988.599,0,3,55.030054,55.054638,True,72-26-33-81-65-71-1-27-69-30-62-11-64-88-53-40-57-41-22-75-56-55-24-29-68-21-74-4-25-54-80-77-50-70-31-52-89|42-37-92-60-83-45-46-36-19-48-7-18-16-38-44-91-85-99-97-87-6-8-5-84-17-61-100-13-95-59-93-96-94-58|39-73-2-98-86-14-43-15-23-67-12-76-79-78-9-51-20-32-90-63-49-47-82-10-66-35-34-3-28
225,3,1204.3298,484.4463,34.0,947.8057,0,3,55.951289,55.971009,True,50-33-81-65-71-51-1-69-62-11-64-32-30-76-26-67-87-57-41-22-73-72-75-56-24-68-21-74-4-55-25-54-80-77-70|52-19-36-46-45-42-2-39-23-15-43-14-44-38-86-99-40-53-8-48-47-49-63-90-10-20-66-35-34-29-3-12-28|27-89-92-37-98-85-5-60-82-7-88-31-9-78-79-6-84-18-83-17-61-16-91-100-13-97-59-93-96-95-94-58
226,3,1204.3298,484.4463,34.0,947.8057,0,3,55.951289,55.971009,True,50-33-81-65-71-51-1-69-62-11-64-32-30-76-26-67-87-57-41-22-73-72-75-56-24-68-21-74-4-55-25-54-80-77-70|52-19-36-46-45-42-2-39-23-15-43-14-44-38-86-99-40-53-8-48-47-49-63-90-10-20-66-35-34-29-3-12-28|27-89-92-37-98-85-5-60-82-7-88-31-9-78-79-6-84-18-83-17-61-16-91-100-13-97-59-93-96-95-94-58
227,3,1206.9264,460.5433,47.0,972.8505,0,3,56.730279,56.752249,True,72-26-33-81-65-71-1-27-69-30-62-11-64-88-53-40-57-41-22-75-56-55-24-29-68-21-74-4-25-54-80-77-50-70-31-52|89-42-37-60-83-45-46-48-36-19-82-18-16-38-44-91-85-99-97-87-6-8-5-84-17-61-100-13-95-59-93-96-94-58|39-73-2-92-98-86-14-43-15-23-67-12-76-3-79-78-9-51-20-32-90-63-49-47-7-10-66-35-34-28
228,3,1206.9264,460.5433,47.0,972.8505,0,3,56.730279,56.752249,True,72-26-33-81-65-71-1-27-69-30-62-11-64-88-53-40-57-41-22-75-56-55-24-29-68-21-74-4-25-54-80-77-50-70-31-52|89-42-37-60-83-45-46-48-36-19-82-18-16-38-44-91-85-99-97-87-6-8-5-84-17-61-100-13-95-59-93-96-94-58|39-73-2-92-98-86-14-43-15-23-67-12-76-3-79-78-9-51-20-32-90-63-49-47-7-10-66-35-34-28
229,4,1207.0847,1248.9108,316.0,892.6413,0,4,93.156288,93.311729,True,50-1-69-27-89-99-86-38-96-6-83-8-47-49-19-10-90-32-66-71-35-81-3-68-12-28-13-58|21-73-72-39-54-24-29-34-65-20-30-62-11-64-63-88-53-40-57-41-22-75-56-74-4-55-25-80-77|52-7-48-82-45-18-60-92-42-23-15-43-14-44-16-61-85-91-98-37-2-87-97-5-84-17-100-93-59-95-94|46-36-31-33-76-26-67-79-78-9-51-70
230,4,1207.0847,1248.9108,316.0,892.6413,0,4,93.156288,93.311729,True,50-1-69-27-89-99-86-38-96-6-83-8-47-49-19-10-90-32-66-71-35-81-3-68-12-28-13-58|21-73-72-39-54-24-29-34-65-20-30-62-11-64-63-88-53-40-57-41-22-75-56-74-4-55-25-80-77|52-7-48-82-45-18-60-92-42-23-15-43-14-44-16-61-85-91-98-37-2-87-97-5-84-17-100-93-59-95-94|46-36-31-33-76-26-67-79-78-9-51-70
231,3,1208.0821,475.1363,26.0,988.599,0,3,57.076967,57.101734,True,72-26-33-81-65-71-51-1-27-69-30-62-64-88-53-40-57-41-22-75-56-55-24-29-68-21-74-4-25-54-80-77-50-70-31-52-89|42-37-60-83-45-46-36-48-19-11-7-82-18-38-44-91-85-99-97-87-6-8-5-84-17-61-100-13-95-59-93-96-94-58|39-73-2-92-98-16-86-14-43-15-23-67-12-76-3-79-78-9-20-32-90-63-49-47-10-66-35-34-28
232,3,1208.0821,475.1363,26.0,988.599,0,3,57.076967,57.101734,True,72-26-33-81-65-71-51-1-27-69-30-62-64-88-53-40-57-41-22-75-56-55-24-29-68-21-74-4-25-54-80-77-50-70-31-52-89|42-37-60-83-45-46-36-48-19-11-7-82-18-38-44-91-85-99-97-87-6-8-5-84-17-61-100-13-95-59-93-96-94-58|39-73-2-92-98-16-86-14-43-15-23-67-12-76-3-79-78-9-20-32-90-63-49-47-10-66-35-34-28
233,3,1210.0638,429.4561,93.0,936.8063,0,3,57.671502,57.688943,True,50-33-81-65-71-51-1-69-62-11-64-30-76-26-67-40-87-41-22-73-21-72-75-56-55-24-29-68-12-74-4-25-80-77-70|52-7-82-36-46-45-61-2-23-15-43-14-38-44-99-84-8-48-47-49-19-10-63-90-32-20-66-35-34-3-28|54-39-57-42-85-98-37-92-96-89-27-88-31-9-78-79-53-6-18-83-60-5-17-86-16-91-100-13-97-93-59-95-94-58
234,3,1210.0638,429.4561,93.0,936.8063,0,3,57.671502,57.688943,True,50-33-81-65-71-51-1-69-62-11-64-30-76-26-67-40-87-41-22-73-21-72-75-56-55-24-29-68-12-74-4-25-80-77-70|52-7-82-36-46-45-61-2-23-15-43-14-38-44-99-84-8-48-47-49-19-10-63-90-32-20-66-35-34-3-28|54-39-57-42-85-98-37-92-96-89-27-88-31-9-78-79-53-6-18-83-60-5-17-86-16-91-100-13-97-93-59-95-94-58
235,4,1212.8714,1237.4866,468.0,896.4673,0,4,91.442654,91.613891,True,94-42-2-39-33-50-1-69-27-26-23-67-76-89-6-96-83-8-46-47-49-19-10-90-32-66-71-35-81-3-68-12-28-13|21-73-72-54-24-29-34-65-20-30-62-11-64-63-88-53-40-41-22-75-56-74-4-55-25-80-77|52-18-7-48-82-45-60-59-92-98-91-44-14-15-43-38-86-16-61-85-99-97-87-57-5-84-17-93-100-37-95-58|36-79-78-9-51-70-31
236,4,1212.8714,1237.4866,468.0,896.4673,0,4,91.442654,91.613891,True,94-42-2-39-33-50-1-69-27-26-23-67-76-89-6-96-83-8-46-47-49-19-10-90-32-66-71-35-81-3-68-12-28-13|21-73-72-54-24-29-34-65-20-30-62-11-64-63-88-53-40-41-22-75-56-74-4-55-25-80-77|52-18-7-48-82-45-60-59-92-98-91-44-14-15-43-38-86-16-61-85-99-97-87-57-5-84-17-93-100-37-95-58|36-79-78-9-51-70-31
237,3,1215.0145,478.4704,11.0,988.599,0,3,59.156709,59.182556,True,72-26-33-81-65-71-1-27-69-30-62-64-88-53-40-57-41-22-75-56-55-24-29-68-21-74-4-25-54-80-77-50-70-31-52-89|42-92-83-45-46-36-48-19-11-7-18-60-16-38-44-91-85-99-97-87-6-8-5-84-17-61-100-13-95-59-93-96-94-58|39-73-2-37-98-86-14-43-15-23-67-12-76-79-78-9-51-20-32-90-63-49-47-82-10-66-35-34-3-28
238,3,1215.0145,478.4704,11.0,988.599,0,3,59.156709,59.182556,True,72-26-33-81-65-71-1-27-69-30-62-64-88-53-40-57-41-22-75-56-55-24-29-68-21-74-4-25-54-80-77-50-70-31-52-89|42-92-83-45-46-36-48-19-11-7-18-60-16-38-44-91-85-99-97-87-6-8-5-84-17-61-100-13-95-59-93-96-94-58|39-73-2-37-98-86-14-43-15-23-67-12-76-79-78-9-51-20-32-90-63-49-47-82-10-66-35-34-3-28
239,3,1215.1396,428.1369,99.0,935.5226,0,3,59.194234,59.213407,True,50-33-81-65-71-51-1-69-31-62-30-76-26-67-40-97-87-41-22-73-72-75-56-55-24-29-68-12-21-74-4-25-54-80-77-70|52-7-82-36-46-45-61-92-2-39-23-15-43-14-44-38-86-99-6-53-8-48-47-49-19-10-63-90-32-20-66-35-34-3-28|57-42-37-98-85-96-89-27-88-11-64-9-78-79-83-84-5-60-18-17-16-91-100-13-95-59-93-94-58
240,3,1215.1396,428.1369,99.0,935.5226,0,3,59.194234,59.213407,True,50-33-81-65-71-51-1-69-31-62-30-76-26-67-40-97-87-41-22-73-72-75-56-55-24-29-68-12-21-74-4-25-54-80-77-70|52-7-82-36-46-45-61-92-2-39-23-15-43-14-44-38-86-99-6-53-8-48-47-49-19-10-63-90-32-20-66-35-34-3-28|57-42-37-98-85-96-89-27-88-11-64-9-78-79-83-84-5-60-18-17-16-91-100-13-95-59-93-94-58
241,3,1216.6601,466.5582,26.0,988.599,0,3,59.650375,59.676429,True,72-26-33-81-65-71-1-27-69-30-62-64-88-53-40-57-41-22-75-56-55-24-29-68-21-74-4-25-54-80-77-50-70-31-52-89|42-37-92-60-83-45-46-36-48-19-11-7-18-16-38-44-91-85-99-97-87-6-8-5-84-17-61-100-13-95-59-93-96-94-58|39-73-2-98-86-14-43-15-23-67-12-76-3-79-78-9-51-20-32-90-63-49-47-82-10-66-35-34-28
242,3,1218.1323,425.555,175.0,945.4639,0,3,60.092041,60.120816,True,50-33-81-65-20-32-90-63-64-11-62-88-31-1-76-28-96-99-59-97-87-2-41-22-75-56-55-24-29-68-12-21-73-74-72-4-25-54-80-77-70|52-82-48-36-46-45-61-23-15-43-44-38-67-40-6-8-47-49-19-10-66-71-35-34-3|94-92-98-37-14-42-57-39-26-27-69-30-51-9-78-79-53-84-5-60-13-89-18-7-83-17-86-16-91-100-85-93-95-58
243,3,1219.061,527.8567,23.0,962.5139,0,3,60.370654,60.402411,True,50-33-65-20-90-63-64-11-62-88-76-28-40-94-6-99-95-22-41-43-57-2-73-56-55-24-29-68-21-72-74-4-25-54-80-3-77-12-26-58|52-36-46-45-92-42-75-39-23-15-44-38-67-87-8-82-19-49-47-48-7-10-32-66-71-35-34-81-70-1|27-69-31-30-51-9-78-79-53-84-83-18-60-5-13-97-85-91-16-61-17-86-14-100-37-98-93-59-96-89
244,3,1219.061,527.8567,23.0,962.5139,0,3,60.370654,60.402411,True,50-33-65-20-90-63-64-11-62-88-76-28-40-94-6-99-95-22-41-43-57-2-73-56-55-24-29-68-21-72-74-4-25-54-80-3-77-12-26-58|52-36-46-45-92-42-75-39-23-15-44-38-67-87-8-82-19-49-47-48-7-10-32-66-71-35-34-81-70-1|27-69-31-30-51-9-78-79-53-84-83-18-60-5-13-97-85-91-16-61-17-86-14-100-37-98-93-59-96-89
245,3,1219.074,418.691,66.0,992.1011,0,3,60.374558,60.398682,True,27-33-51-65-63-64-11-62-88-7-18-89-96-99-59-97-87-2-41-22-75-56-55-24-29-68-12-21-73-74-72-4-25-54-80-77-70-52-93|82-48-36-46-45-61-91-42-57-23-15-44-38-67-40-6-8-47-49-19-10-90-32-20-66-71-35-34-81-3|94-95-92-98-37-14-43-39-26-28-69-31-30-1-50-76-79-78-9-53-84-5-60-83-17-86-16-85-100-13-58
246,3,1221.6795,461.1467,38.0,977.9403,0,3,61.156194,61.182543,True,21-72-33-81-65-51-69-27-64-11-62-88-31-30-1-53-40-22-41-6-2-75-56-55-24-29-68-26-74-4-25-54-80-77-50-70-52-89|42-37-45-46-36-48-82-7-18-83-60-85-91-44-38-99-97-87-5-8-84-17-61-100-13-95-59-93-96-94-58|73-57-92-98-16-86-14-43-15-39-23-67-12-76-79-78-9-20-32-90-63-49-47-19-10-66-71-35-34-3-28
247,3,1221.6795,461.1467,38.0,977.9403,0,3,61.156194,61.182543,True,21-72-33-81-65-51-69-27-64-11-62-88-31-30-1-53-40-22-41-6-2-75-56-55-24-29-68-26-74-4-25-54-80-77-50-70-52-89|42-37-45-46-36-48-82-7-18-83-60-85-91-44-38-99-97-87-5-8-84-17-61-100-13-95-59-93-96-94-58|73-57-92-98-16-86-14-43-15-39-23-67-12-76-79-78-9-20-32-90-63-49-47-19-10-66-71-35-34-3-28
248,3,1225.2065,388.8095,170.0,946.3857,0,3,62.214314,62.239338,True,50-33-81-65-20-32-90-63-64-11-62-31-69-76-28-89-96-99-59-97-87-2-41-22-75-56-55-24-29-68-12-21-72-74-4-25-54-80-77-1-70|82-36-46-45-61-98-15-23-43-14-44-38-67-40-6-8-47-49-19-10-66-71-35-34-3-13|94-95-92-37-42-57-73-39-26-27-52-88-30-51-9-78-79-53-84-5-60-18-7-48-83-17-86-16-91-100-85-93-58
249,3,1225.2065,388.8095,170.0,946.3857,0,3,62.214314,62.239338,True,50-33-81-65-20-32-90-63-64-11-62-31-69-76-28-89-96-99-59-97-87-2-41-22-75-56-55-24-29-68-12-21-72-74-4-25-54-80-77-1-70|82-36-46-45-61-98-15-23-43-14-44-38-67-40-6-8-47-49-19-10-66-71-35-34-3-13|94-95-92-37-42-57-73-39-26-27-52-88-30-51-9-78-79-53-84-5-60-18-7-48-83-17-86-16-91-100-85-93-58
250,3,1225.4534,453.13,45.0,994.0077,0,3,62.288366,62.317755,True,21-72-12-3-33-81-65-71-51-1-69-27-62-64-30-53-40-57-41-22-75-56-74-55-68-29-4-25-54-24-80-77-50-70-31-52|89-95-42-37-92-5-60-83-45-46-36-19-11-88-18-16-38-99-97-87-6-8-84-17-61-85-100-13-59-93-96-94-58|26-39-73-2-43-14-98-91-86-44-15-23-67-76-79-78-9-20-32-90-63-49-47-48-82-7-10-66-35-34-28
251,3,1226.1986,457.0197,32.0,988.599,0,3,62.511943,62.540028,True,72-26-33-81-65-71-1-27-69-30-62-11-64-88-53-40-57-41-22-75-56-55-24-29-68-21-74-4-25-54-80-77-50-70-31-52-89|42-37-60-83-45-46-36-19-48-82-18-16-38-44-91-85-99-97-87-6-8-5-84-17-61-100-13-95-59-93-96-94-58|39-73-98-2-92-86-14-43-15-23-67-12-76-3-79-78-9-51-20-32-90-63-49-47-7-10-66-35-34-28
252,3,1226.5523,456.6661,26.0,988.599,0,3,62.618028,62.645566,True,72-26-33-81-65-71-1-27-69-30-62-64-88-53-40-57-41-22-75-56-55-24-68-29-21-74-4-25-54-80-77-50-70-31-52-89|42-37-92-60-83-45-46-36-48-19-11-7-18-16-38-44-91-85-99-97-87-6-8-5-84-17-61-100-13-95-59-93-96-94-58|39-73-2-98-86-14-43-15-23-67-12-76-3-79-78-9-51-20-32-90-63-49-47-82-10-66-35-34-28
253,3,1226.5523,456.6661,26.0,988.599,0,3,62.618028,62.645566,True,72-26-33-81-65-71-1-27-69-30-62-64-88-53-40-57-41-22-75-56-55-24-68-29-21-74-4-25-54-80-77-50-70-31-52-89|42-37-92-60-83-45-46-36-48-19-11-7-18-16-38-44-91-85-99-97-87-6-8-5-84-17-61-100-13-95-59-93-96-94-58|39-73-2-98-86-14-43-15-23-67-12-76-3-79-78-9-51-20-32-90-63-49-47-82-10-66-35-34-28
254,3,1226.5523,456.6661,26.0,988.599,0,3,62.618028,62.645566,True,72-26-33-81-65-71-1-27-69-30-62-64-88-53-40-57-41-22-75-56-55-24-68-29-21-74-4-25-54-80-77-50-70-31-52-89|42-37-92-60-83-45-46-36-48-19-11-7-18-16-38-44-91-85-99-97-87-6-8-5-84-17-61-100-13-95-59-93-96-94-58|39-73-2-98-86-14-43-15-23-67-12-76-3-79-78-9-51-20-32-90-63-49-47-82-10-66-35-34-28
255,3,1226.5523,456.6661,26.0,988.599,0,3,62.618028,62.645566,True,72-26-33-81-65-71-1-27-69-30-62-64-88-53-40-57-41-22-75-56-55-24-68-29-21-74-4-25-54-80-77-50-70-31-52-89|42-37-92-60-83-45-46-36-48-19-11-7-18-16-38-44-91-85-99-97-87-6-8-5-84-17-61-100-13-95-59-93-96-94-58|39-73-2-98-86-14-43-15-23-67-12-76-3-79-78-9-51-20-32-90-63-49-47-82-10-66-35-34-28
256,4,1227.6061,1229.7964,16.0,922.1094,0,4,90.289123,90.422273,True,27-18-96-5-83-48-47-19-11-49-63-90-32-10-61-98-2-26-12-68-28|21-73-75-54-29-33-81-65-20-1-69-30-62-64-88-53-40-57-41-22-56-74-72-4-55-25-24-80-77-50|89-46-45-86-14-42-43-15-39-67-23-76-3-79-78-34-9-66-71-35-51-70-31-52|7-36-82-60-94-92-37-44-38-16-85-99-97-87-6-8-84-17-91-100-13-95-59-93-58
257,4,1227.6061,1229.7964,16.0,922.1094,0,4,90.289123,90.422273,True,27-18-96-5-83-48-47-19-11-49-63-90-32-10-61-98-2-26-12-68-28|21-73-75-54-29-33-81-65-20-1-69-30-62-64-88-53-40-57-41-22-56-74-72-4-55-25-24-80-77-50|89-46-45-86-14-42-43-15-39-67-23-76-3-79-78-34-9-66-71-35-51-70-31-52|7-36-82-60-94-92-37-44-38-16-85-99-97-87-6-8-84-17-91-100-13-95-59-93-58
258,3,1228.9295,454.2888,36.0,988.599,0,3,63.331196,63.36009,True,72-26-33-81-65-71-1-27-69-30-62-11-64-88-53-40-57-41-22-75-56-55-24-29-68-21-74-4-25-54-80-77-50-70-31-52-89|42-92-37-60-83-45-46-36-19-48-82-18-16-38-44-91-85-99-97-87-6-8-5-84-17-61-100-13-95-59-93-96-94-58|39-73-98-2-86-14-43-15-23-67-12-76-3-79-78-9-51-20-32-90-63-49-47-7-10-66-35-34-28
259,3,1230.6853,414.4822,38.0,947.7242,0,3,63.857946,63.875465,True,50-33-81-65-51-1-69-27-88-62-31-76-26-40-53-87-2-41-22-73-72-75-56-55-24-29-68-12-21-74-4-25-80-77-70|54-39-57-43-37-92-36-64-11-63-90-30-20-9-78-79-89-84-5-60-83-18-82-46-17-86-16-91-100-13-95-97-59-93-96-94-58|52-7-48-45-61-85-98-42-14-44-15-23-67-38-99-6-8-47-49-19-10-32-66-71-35-34-3-28
260,3,1230.6853,414.4822,38.0,947.7242,0,3,63.857946,63.875465,True,50-33-81-65-51-1-69-27-88-62-31-76-26-40-53-87-2-41-22-73-72-75-56-55-24-29-68-12-21-74-4-25-80-77-70|54-39-57-43-37-92-36-64-11-63-90-30-20-9-78-79-89-84-5-60-83-18-82-46-17-86-16-91-100-13-95-97-59-93-96-94-58|52-7-48-45-61-85-98-42-14-44-15-23-67-38-99-6-8-47-49-19-10-32-66-71-35-34-3-28
261,3,1232.8284,400.771,141.0,992.7548,0,3,64.500858,64.534018,True,50-33-81-51-65-20-32-90-63-64-11-62-18-89-96-99-59-97-95-6-87-2-41-22-75-56-55-24-29-68-12-21-73-74-72-4-25-54-80-77-1-70-93|52-7-82-36-46-45-61-85-91-23-15-43-38-44-67-40-8-48-47-49-19-10-66-71-35-34-3-28|94-92-98-37-14-42-57-39-26-27-69-31-88-30-76-79-78-9-53-84-5-60-83-17-86-16-100-13-58
262,3,1232.8284,400.771,141.0,992.7548,0,3,64.500858,64.534018,True,50-33-81-51-65-20-32-90-63-64-11-62-18-89-96-99-59-97-95-6-87-2-41-22-75-56-55-24-29-68-12-21-73-74-72-4-25-54-80-77-1-70-93|52-7-82-36-46-45-61-85-91-23-15-43-38-44-67-40-8-48-47-49-19-10-66-71-35-34-3-28|94-92-98-37-14-42-57-39-26-27-69-31-88-30-76-79-78-9-53-84-5-60-83-17-86-16-100-13-58
263,3,1233.335,368.5849,183.0,946.3857,0,3,64.652837,64.678566,True,50-33-81-65-20-32-90-63-64-11-62-31-69-76-28-96-99-59-97-87-2-41-22-75-56-55-24-29-68-12-21-72-74-4-25-54-80-77-1-70|82-36-46-45-98-37-15-23-43-14-44-38-67-40-6-8-47-49-19-10-66-71-35-34-3|94-95-92-42-57-73-39-26-27-52-88-30-51-9-78-79-53-84-60-83-48-7-18-89-13-5-61-17-86-16-91-100-85-93-58
264,3,1233.335,368.5849,183.0,946.3857,0,3,64.652837,64.678566,True,50-33-81-65-20-32-90-63-64-11-62-31-69-76-28-96-99-59-97-87-2-41-22-75-56-55-24-29-68-12-21-72-74-4-25-54-80-77-1-70|82-36-46-45-98-37-15-23-43-14-44-38-67-40-6-8-47-49-19-10-66-71-35-34-3|94-95-92-42-57-73-39-26-27-52-88-30-51-9-78-79-53-84-60-83-48-7-18-89-13-5-61-17-86-16-91-100-85-93-58
265,9,1234.5477,5160.9836,276.0,876.1731,0,9,679.96721,680.71273,True,99-40-53-87-41-22-73-2-13-58|52-7-48-47-36-46-45-84-17-5|33-79-78-81-9-35-34-29-80|21-39-67-23-56-75-74-4-55-25-54|27-69-49-10-70-1|76-68-77|50-51-65-66-20-32-31|97-92-42-15-43-14-44-38-86-16-85-100-37-93-59-94|3-71-63-90-30-62-11-64-19-88-82-8-83-60-6-96-61-91-98-95-57-72-24-12-26-28-18-89
266,3,1235.5654,412.9417,131.0,992.7548,0,3,65.321982,65.356789,True,50-33-51-65-20-32-90-63-64-11-62-82-18-89-96-99-59-97-87-2-41-22-75-56-55-24-29-68-12-21-73-74-72-4-25-54-80-77-1-70-93|7-19-36-46-45-61-91-42-57-23-15-44-38-67-40-6-8-48-47-49-10-66-71-35-34-81-3-28|94-95-92-98-37-14-43-39-26-27-69-52-88-31-30-76-79-78-9-53-84-5-60-83-17-86-16-85-100-13-58
267,3,1235.7912,401.0051,108.0,994.1458,0,3,65.389716,65.420708,True,50-33-51-65-20-32-90-63-64-11-62-82-83-60-89-99-59-95-97-87-2-41-22-75-56-55-24-29-68-12-21-73-74-72-4-25-54-80-77-70-18-93|7-36-46-45-86-16-91-23-15-14-44-38-67-40-6-8-48-47-49-19-10-66-71-35-34-81-28|94-96-92-98-37-42-43-57-39-26-27-52-69-31-88-30-1-76-3-79-78-9-53-84-17-5-61-85-100-13-58
268,3,1235.7912,401.0051,108.0,994.1458,0,3,65.389716,65.420708,True,50-33-51-65-20-32-90-63-64-11-62-82-83-60-89-99-59-95-97-87-2-41-22-75-56-55-24-29-68-12-21-73-74-72-4-25-54-80-77-70-18-93|7-36-46-45-86-16-91-23-15-14-44-38-67-40-6-8-48-47-49-19-10-66-71-35-34-81-28|94-96-92-98-37-42-43-57-39-26-27-52-69-31-88-30-1-76-3-79-78-9-53-84-17-5-61-85-100-13-58
269,3,1237.7644,445.4539,32.0,988.599,0,3,65.981668,66.011487,True,72-26-33-81-65-71-1-27-69-62-30-11-64-88-53-40-57-41-22-75-56-55-24-29-68-21-74-4-25-54-80-77-50-70-31-52-89|42-37-5-60-83-45-46-36-19-48-82-18-16-38-44-91-85-99-97-87-6-8-84-17-61-100-13-95-59-93-96-94-58|39-73-98-2-92-86-14-43-15-23-67-12-76-3-79-78-9-51-20-32-90-63-49-47-7-10-66-35-34-28
270,3,1238.0296,393.5505,9.0,935.5226,0,3,66.061219,66.073071,True,50-33-81-65-71-51-1-69-62-11-64-30-76-26-67-40-97-41-22-73-72-75-56-55-24-29-68-12-21-74-4-25-54-80-77-70|52-7-19-36-46-45-61-92-2-23-15-43-14-38-44-85-99-87-6-8-48-47-49-63-10-90-32-66-35-34-3-28|39-57-42-37-98-96-89-27-88-31-20-9-78-79-53-84-5-60-83-18-82-17-86-16-91-100-13-95-59-93-94-58
271,3,1238.0296,393.5505,9.0,935.5226,0,3,66.061219,66.073071,True,50-33-81-65-71-51-1-69-62-11-64-30-76-26-67-40-97-41-22-73-72-75-56-55-24-29-68-12-21-74-4-25-54-80-77-70|52-7-19-36-46-45-61-92-2-23-15-43-14-38-44-85-99-87-6-8-48-47-49-63-10-90-32-66-35-34-3-28|39-57-42-37-98-96-89-27-88-31-20-9-78-79-53-84-5-60-83-18-82-17-86-16-91-100-13-95-59-93-94-58
272,4,1238.2687,1172.0343,132.0,892.6413,0,4,81.624801,81.759665,True,12-33-50-27-96-59-5-83-46-48-47-11-19-49-63-90-32-10-68-26-28-13-95-61|21-73-72-75-39-24-29-34-65-1-69-30-62-64-88-53-40-57-41-22-56-74-4-55-25-80-77|89-18-45-86-14-42-43-15-23-67-54-76-3-79-78-81-9-66-71-35-51-20-70-31-52|7-36-82-60-94-92-37-98-91-44-38-16-85-99-97-87-6-8-84-17-93-100-2-58
273,4,1238.2687,1172.0343,132.0,892.6413,0,4,81.624801,81.759665,True,12-33-50-27-96-59-5-83-46-48-47-11-19-49-63-90-32-10-68-26-28-13-95-61|21-73-72-75-39-24-29-34-65-1-69-30-62-64-88-53-40-57-41-22-56-74-4-55-25-80-77|89-18-45-86-14-42-43-15-23-67-54-76-3-79-78-81-9-66-71-35-51-20-70-31-52|7-36-82-60-94-92-37-98-91-44-38-16-85-99-97-87-6-8-84-17-93-100-2-58
274,3,1238.389,422.9821,32.0,909.3678,0,3,66.169051,66.183803,True,27-33-65-64-11-62-88-76-26-40-94-96-99-97-87-41-22-73-21-72-75-56-55-24-29-68-12-13-2-74-4-25-80-77-28|18-82-48-36-45-5-42-57-23-15-44-38-67-6-60-8-46-47-49-19-7-10-63-90-32-66-71-35-34-81-51-70-31-52|89-92-98-37-14-43-39-54-3-50-1-69-30-20-9-78-79-53-84-83-17-86-16-61-91-100-85-93-59-95-58
275,3,1238.389,422.9821,32.0,909.3678,0,3,66.169051,66.183803,True,27-33-65-64-11-62-88-76-26-40-94-96-99-97-87-41-22-73-21-72-75-56-55-24-29-68-12-13-2-74-4-25-80-77-28|18-82-48-36-45-5-42-57-23-15-44-38-67-6-60-8-46-47-49-19-7-10-63-90-32-66-71-35-34-81-51-70-31-52|89-92-98-37-14-43-39-54-3-50-1-69-30-20-9-78-79-53-84-83-17-86-16-61-91-100-85-93-59-95-58
276,3,1242.8612,388.9995,139.0,992.7548,0,3,67.510715,67.544919,True,50-33-51-65-20-32-90-63-64-11-62-88-82-18-83-60-96-99-59-97-87-2-41-22-75-56-55-24-29-68-12-21-73-74-72-4-25-54-80-77-1-70-93|7-19-36-46-45-61-91-42-57-23-15-44-38-67-40-6-8-48-47-49-10-66-71-34-35-81-3-28|26-39-43-14-37-98-92-95-94-89-27-52-69-31-30-76-79-78-9-53-84-5-17-86-16-85-100-13-58
277,3,1247.7999,382.8671,78.0,924.6541,0,3,68.992331,69.010782,True,50-33-81-65-71-51-1-69-62-30-76-26-67-40-97-87-41-22-73-72-75-56-55-24-29-68-12-21-74-4-25-80-77-70|52-7-82-36-46-45-61-92-2-23-15-43-14-38-44-99-6-53-8-48-47-49-19-10-63-90-32-20-66-35-34-3-28|54-39-57-42-37-98-85-96-89-27-31-88-11-64-9-78-79-83-84-5-60-18-17-86-16-91-100-13-95-59-93-94-58
278,3,1247.7999,382.8671,78.0,924.6541,0,3,68.992331,69.010782,True,50-33-81-65-71-51-1-69-62-30-76-26-67-40-97-87-41-22-73-72-75-56-55-24-29-68-12-21-74-4-25-80-77-70|52-7-82-36-46-45-61-92-2-23-15-43-14-38-44-99-6-53-8-48-47-49-19-10-63-90-32-20-66-35-34-3-28|54-39-57-42-37-98-85-96-89-27-31-88-11-64-9-78-79-83-84-5-60-18-17-86-16-91-100-13-95-59-93-94-58
279,3,1248.7718,358.6197,120.0,946.3857,0,3,69.283902,69.306467,True,50-33-81-65-20-90-63-64-11-62-69-76-26-40-94-96-99-97-87-41-22-73-21-72-75-56-55-24-29-68-12-13-2-74-4-25-54-80-77-1-70|82-19-36-45-5-42-57-39-23-15-38-44-67-6-8-46-47-49-10-32-66-71-35-34-3-28|43-14-91-37-92-59-95-89-27-52-88-31-30-51-9-78-79-53-84-60-83-18-7-48-17-86-16-61-85-93-98-100-58
280,3,1248.7718,358.6197,120.0,946.3857,0,3,69.283902,69.306467,True,50-33-81-65-20-90-63-64-11-62-69-76-26-40-94-96-99-97-87-41-22-73-21-72-75-56-55-24-29-68-12-13-2-74-4-25-54-80-77-1-70|82-19-36-45-5-42-57-39-23-15-38-44-67-6-8-46-47-49-10-32-66-71-35-34-3-28|43-14-91-37-92-59-95-89-27-52-88-31-30-51-9-78-79-53-84-60-83-18-7-48-17-86-16-61-85-93-98-100-58
281,3,1250.9737,382.7078,100.0,945.5718,0,3,69.944464,69.96918,True,39-33-65-20-32-63-64-11-62-69-1-76-89-96-99-97-87-2-41-22-75-56-55-24-29-68-12-26-21-73-74-72-4-25-54-80-77-50-70|52-82-48-36-46-45-5-61-91-23-44-38-67-40-84-8-47-49-19-10-90-66-71-35-34-3-28|94-92-98-37-42-14-43-15-57-27-88-31-30-51-9-81-78-79-53-6-60-18-7-83-17-86-16-85-100-13-95-59-93-58
282,3,1253.5338,380.7159,79.0,936.8063,0,3,70.712491,70.734262,True,50-33-81-65-71-51-1-69-62-11-64-30-76-26-67-40-87-41-22-73-21-72-75-56-55-24-29-68-12-74-4-25-80-77-70|52-82-19-36-46-45-61-2-23-15-43-14-38-44-99-53-7-8-48-47-49-63-10-90-32-20-66-35-34-3-28|54-39-57-42-85-98-37-92-96-89-27-88-31-9-78-79-6-84-5-60-18-83-17-86-16-91-100-13-97-93-59-95-94-58
283,3,1254.7047,362.9696,125.0,935.5173,0,3,71.063764,71.087631,True,50-33-81-65-32-90-63-64-11-62-31-69-76-26-40-94-96-99-97-87-41-22-73-21-72-56-55-24-29-68-12-13-2-74-4-25-80-77-1-70|18-82-36-45-5-98-42-57-23-15-14-44-38-67-6-60-8-46-47-49-19-10-20-66-71-35-34-3-28|54-39-75-43-37-92-89-27-52-88-30-51-9-78-79-53-84-83-7-48-17-86-16-61-91-100-85-93-59-95-58
284,3,1254.7047,362.9696,125.0,935.5173,0,3,71.063764,71.087631,True,50-33-81-65-32-90-63-64-11-62-31-69-76-26-40-94-96-99-97-87-41-22-73-21-72-56-55-24-29-68-12-13-2-74-4-25-80-77-1-70|18-82-36-45-5-98-42-57-23-15-14-44-38-67-6-60-8-46-47-49-19-10-20-66-71-35-34-3-28|54-39-75-43-37-92-89-27-52-88-30-51-9-78-79-53-84-83-7-48-17-86-16-61-91-100-85-93-59-95-58
285,3,1255.8445,476.6866,2.0,962.5139,0,3,71.405702,71.438718,True,27-33-81-65-63-64-11-62-30-50-76-28-40-99-6-53-41-43-57-2-73-56-55-24-29-68-21-72-74-4-25-54-80-3-77-12-26-58|36-46-45-92-42-75-39-23-15-44-38-67-22-87-8-48-47-49-19-82-7-10-90-32-66-71-35-34-51-70-1|52-69-31-88-20-9-78-79-84-83-18-60-5-85-91-14-16-86-17-61-96-13-97-37-100-98-93-59-95-94-89
286,3,1255.8445,476.6866,2.0,962.5139,0,3,71.405702,71.438718,True,27-33-81-65-63-64-11-62-30-50-76-28-40-99-6-53-41-43-57-2-73-56-55-24-29-68-21-72-74-4-25-54-80-3-77-12-26-58|36-46-45-92-42-75-39-23-15-44-38-67-22-87-8-48-47-49-19-82-7-10-90-32-66-71-35-34-51-70-1|52-69-31-88-20-9-78-79-84-83-18-60-5-85-91-14-16-86-17-61-96-13-97-37-100-98-93-59-95-94-89
287,3,1258.3912,365.6202,94.0,963.0056,0,3,72.169709,72.196102,True,50-33-81-65-20-90-36-64-11-62-69-76-26-40-94-96-99-97-87-41-22-73-21-72-75-56-55-24-29-68-12-13-2-74-4-25-54-80-77-1-70-52|57-42-14-37-92-59-95-89-27-88-31-30-51-9-78-79-6-84-5-18-83-17-86-16-61-85-93-98-100-58|60-7-82-46-45-91-43-15-39-23-38-44-67-53-8-48-47-49-19-10-63-32-66-71-35-34-3-28
288,3,1258.3912,365.6202,94.0,963.0056,0,3,72.169709,72.196102,True,50-33-81-65-20-90-36-64-11-62-69-76-26-40-94-96-99-97-87-41-22-73-21-72-75-56-55-24-29-68-12-13-2-74-4-25-54-80-77-1-70-52|57-42-14-37-92-59-95-89-27-88-31-30-51-9-78-79-6-84-5-18-83-17-86-16-61-85-93-98-100-58|60-7-82-46-45-91-43-15-39-23-38-44-67-53-8-48-47-49-19-10-63-32-66-71-35-34-3-28
289,3,1260.3251,392.574,73.0,946.3857,0,3,72.749885,72.776309,True,50-33-81-65-71-51-69-62-11-63-30-76-97-21-67-41-22-75-56-55-24-29-68-12-73-74-72-4-25-54-80-77-1-70|52-7-47-36-46-45-61-92-2-23-15-43-14-38-44-99-40-87-6-8-82-48-49-19-10-90-32-20-66-35-34-3-28|26-39-57-42-37-98-85-18-27-31-88-64-78-9-79-53-89-84-5-60-83-17-86-16-91-100-13-95-59-93-96-94-58
290,3,1260.8044,370.7703,106.0,935.5173,0,3,72.893666,72.918633,True,50-33-81-65-20-69-27-31-62-11-64-63-76-40-96-99-97-87-53-22-72-56-55-24-29-68-12-21-73-74-4-25-80-77-1-70|52-7-47-36-46-45-92-2-23-15-14-44-38-67-41-6-8-82-48-49-19-10-90-32-66-71-35-34-3-28|26-54-39-75-57-43-42-37-98-85-61-18-88-30-51-9-78-79-89-84-5-60-83-17-86-16-91-100-13-95-59-93-94-58
291,3,1262.0603,334.4627,98.0,935.5173,0,3,73.270438,73.289536,True,50-33-81-65-20-90-64-11-62-69-76-26-40-94-99-97-87-41-22-73-21-72-75-56-55-24-29-68-12-13-2-74-4-25-80-77-1-70|19-36-46-45-83-96-42-57-23-15-44-38-67-6-8-82-48-47-49-63-10-32-66-71-35-34-3-28|54-39-43-14-91-37-92-59-95-89-27-52-18-7-88-31-30-51-9-78-79-53-84-60-5-17-86-16-61-85-93-98-100-58
292,3,1262.0603,334.4627,98.0,935.5173,0,3,73.270438,73.289536,True,50-33-81-65-20-90-64-11-62-69-76-26-40-94-99-97-87-41-22-73-21-72-75-56-55-24-29-68-12-13-2-74-4-25-80-77-1-70|19-36-46-45-83-96-42-57-23-15-44-38-67-6-8-82-48-47-49-63-10-32-66-71-35-34-3-28|54-39-43-14-91-37-92-59-95-89-27-52-18-7-88-31-30-51-9-78-79-53-84-60-5-17-86-16-61-85-93-98-100-58
293,3,1262.9043,356.1799,55.0,924.6541,0,3,73.523626,73.540305,True,50-33-81-65-51-1-69-27-62-11-64-30-76-26-40-99-97-87-53-73-22-41-2-21-72-56-55-24-29-68-12-74-4-25-80-77-70|54-39-75-57-43-42-92-37-98-85-96-52-88-31-63-90-32-20-9-78-79-6-84-5-60-18-82-46-17-91-100-13-95-59-93-94-58|89-7-48-47-36-45-61-16-44-14-15-23-67-38-86-83-8-49-19-10-66-71-35-34-3-28
294,3,1262.9043,356.1799,55.0,924.6541,0,3,73.523626,73.540305,True,50-33-81-65-51-1-69-27-62-11-64-30-76-26-40-99-97-87-53-73-22-41-2-21-72-56-55-24-29-68-12-74-4-25-80-77-70|54-39-75-57-43-42-92-37-98-85-96-52-88-31-63-90-32-20-9-78-79-6-84-5-60-18-82-46-17-91-100-13-95-59-93-94-58|89-7-48-47-36-45-61-16-44-14-15-23-67-38-86-83-8-49-19-10-66-71-35-34-3-28
295,3,1266.8646,353.847,141.0,924.6541,0,3,74.711718,74.737835,True,50-33-81-65-71-51-1-69-27-31-62-30-76-26-40-2-97-87-53-73-22-41-21-72-75-56-55-24-29-68-12-74-4-25-80-77-70|54-39-57-42-43-14-37-92-98-85-96-52-88-11-64-63-90-20-9-78-79-84-5-60-83-7-82-46-17-86-16-91-100-13-95-59-93-94-58|89-18-48-47-36-45-61-44-15-23-67-38-99-6-8-49-19-10-32-66-35-34-3-28
296,3,1269.2646,424.6906,28.0,923.2682,0,3,75.431729,75.457685,True,50-33-81-65-71-51-1-27-31-30-69-76-26-40-2-97-87-53-73-22-41-21-72-75-56-55-24-29-68-12-74-4-25-80|54-39-57-42-43-14-92-96-11-62-88-64-63-90-20-9-78-79-18-84-5-60-83-82-17-86-16-91-100-13-95-59-93-94-58|89-52-7-48-47-36-46-45-61-85-98-37-44-15-23-67-38-99-6-8-49-19-10-32-66-35-34-3-77-70-28
297,3,1269.2646,424.6906,28.0,923.2682,0,3,75.431729,75.457685,True,50-33-81-65-71-51-1-27-31-30-69-76-26-40-2-97-87-53-73-22-41-21-72-75-56-55-24-29-68-12-74-4-25-80|54-39-57-42-43-14-92-96-11-62-88-64-63-90-20-9-78-79-18-84-5-60-83-82-17-86-16-91-100-13-95-59-93-94-58|89-52-7-48-47-36-46-45-61-85-98-37-44-15-23-67-38-99-6-8-49-19-10-32-66-35-34-3-77-70-28
298,3,1269.4529,340.7756,167.0,924.6541,0,3,75.48821,75.515743,True,1-50-33-81-71-65-64-30-76-26-40-94-99-97-87-57-41-22-75-56-55-24-29-68-21-73-74-72-4-25-80-77-70|52-19-36-46-45-5-92-2-23-15-14-44-38-67-53-6-8-48-47-49-63-90-10-66-35-34-3-28|96-61-85-98-37-42-43-39-54-12-27-69-31-88-62-11-32-20-51-9-78-79-89-84-60-83-18-7-82-17-86-16-91-100-13-95-59-93-58
299,3,1269.4529,340.7756,167.0,924.6541,0,3,75.48821,75.515743,True,1-50-33-81-71-65-64-30-76-26-40-94-99-97-87-57-41-22-75-56-55-24-29-68-21-73-74-72-4-25-80-77-70|52-19-36-46-45-5-92-2-23-15-14-44-38-67-53-6-8-48-47-49-63-90-10-66-35-34-3-28|96-61-85-98-37-42-43-39-54-12-27-69-31-88-62-11-32-20-51-9-78-79-89-84-60-83-18-7-82-17-86-16-91-100-13-95-59-93-58
300,3,1273.3189,370.3029,42.0,935.5226,0,3,76.648016,76.670268,True,50-33-81-65-71-51-1-69-7-62-11-64-30-76-26-40-99-97-87-22-41-73-72-75-56-55-24-29-68-12-21-74-4-25-54-80-77-70|52-82-36-46-45-61-92-2-23-15-14-44-38-67-53-6-8-48-47-49-19-10-63-90-32-20-66-35-34-3-28|39-57-43-42-37-98-85-96-89-27-88-31-9-78-79-83-84-5-60-18-17-86-16-91-100-13-95-59-93-94-58
301,3,1275.2596,249.5904,464.0,988.599,0,3,77.230227,77.285116,True,72-26-33-81-34-65-71-1-27-69-30-62-11-64-63-88-53-40-57-41-22-75-56-55-24-29-68-12-21-73-74-4-25-54-80-77-50-70-31-52-89|2-43-42-37-60-83-45-46-36-19-48-82-18-16-38-44-91-85-99-97-87-6-8-84-5-47-10-90-32-20-66-35-13-95-59-98-100-14-86-17-61-93-96-94-58|28-39-92-15-23-67-76-3-79-78-9-51-49-7
302,3,1276.1957,389.3712,34.0,994.1458,0,3,77.511064,77.545032,True,39-24-29-33-65-32-64-11-31-69-1-76-96-99-97-87-2-57-41-22-75-56-55-26-21-73-74-72-4-25-54-80-77-70-18-93|52-82-48-36-46-45-5-91-23-14-44-38-67-40-84-8-47-49-19-10-63-90-20-66-71-35-34-3-68-12-28|94-95-59-92-98-37-42-43-15-27-88-62-30-51-81-9-78-79-50-53-6-89-7-83-60-61-17-86-16-85-100-13-58
303,3,1278.546,354.2073,60.0,924.6541,0,3,78.216158,78.237734,True,50-33-81-65-71-51-1-69-7-62-11-64-30-76-26-40-99-97-87-22-41-73-72-75-56-55-24-29-68-12-21-74-4-25-80-77-70|52-82-36-46-45-61-92-2-23-15-14-44-38-67-53-6-8-48-47-49-19-10-63-90-32-20-66-35-34-3-28|54-39-57-43-42-37-98-85-96-89-27-88-31-9-78-79-83-84-5-60-18-17-86-16-91-100-13-95-59-93-94-58
304,3,1282.0001,314.4171,262.0,935.5173,0,3,79.252371,79.290844,True,50-33-81-65-32-90-36-64-11-62-69-76-26-40-94-96-99-97-87-41-22-73-21-72-75-56-55-24-29-68-12-13-2-74-4-25-80-77-1-70|54-39-57-42-43-14-91-98-59-95-89-52-88-31-30-20-51-9-78-79-53-84-5-60-83-18-7-82-48-46-17-86-16-61-85-93-100-37-58|27-45-92-23-15-38-44-67-6-8-47-49-19-10-63-66-71-35-34-3-28
305,3,1282.0001,314.4171,262.0,935.5173,0,3,79.252371,79.290844,True,50-33-81-65-32-90-36-64-11-62-69-76-26-40-94-96-99-97-87-41-22-73-21-72-75-56-55-24-29-68-12-13-2-74-4-25-80-77-1-70|54-39-57-42-43-14-91-98-59-95-89-52-88-31-30-20-51-9-78-79-53-84-5-60-83-18-7-82-48-46-17-86-16-61-85-93-100-37-58|27-45-92-23-15-38-44-67-6-8-47-49-19-10-63-66-71-35-34-3-28
306,3,1282.4317,392.1223,291.0,907.6931,0,3,79.381851,79.430835,True,89-94-95-96-60-83-45-36-48-82-18-52-27-69-31-88-7-11-34-9-78-79-5-84-85-91-14-16-86-17-61-13-59-93-98-100-37-97-58|65-33-3-21-73-72-39-23-15-43-38-44-99-57-41-87-6-8-46-47-49-19-10-63-90-32-66-71-35-81-51-20-70-1-50-28|2-42-92-62-64-30-76-67-26-53-40-22-75-56-55-24-29-68-54-74-4-25-80-77-12
307,3,1282.4317,392.1223,291.0,907.6931,0,3,79.381851,79.430835,True,89-94-95-96-60-83-45-36-48-82-18-52-27-69-31-88-7-11-34-9-78-79-5-84-85-91-14-16-86-17-61-13-59-93-98-100-37-97-58|65-33-3-21-73-72-39-23-15-43-38-44-99-57-41-87-6-8-46-47-49-19-10-63-90-32-66-71-35-81-51-20-70-1-50-28|2-42-92-62-64-30-76-67-26-53-40-22-75-56-55-24-29-68-54-74-4-25-80-77-12
308,3,1283.5313,358.0979,22.0,945.5718,0,3,79.711751,79.734744,True,33-81-65-51-1-69-31-62-27-76-26-40-99-97-87-53-73-22-41-72-56-55-24-29-68-12-21-74-4-25-54-80-77-50-70|82-47-36-45-61-92-39-23-15-14-44-38-67-75-6-8-48-19-49-63-10-90-32-66-71-35-34-3-28|2-57-43-42-37-98-85-96-89-52-64-11-88-30-20-9-78-79-83-84-5-60-18-7-46-17-86-16-91-100-13-95-59-93-94-58
309,3,1283.5313,358.0979,22.0,945.5718,0,3,79.711751,79.734744,True,33-81-65-51-1-69-31-62-27-76-26-40-99-97-87-53-73-22-41-72-56-55-24-29-68-12-21-74-4-25-54-80-77-50-70|82-47-36-45-61-92-39-23-15-14-44-38-67-75-6-8-48-19-49-63-10-90-32-66-71-35-34-3-28|2-57-43-42-37-98-85-96-89-52-64-11-88-30-20-9-78-79-83-84-5-60-18-7-46-17-86-16-91-100-13-95-59-93-94-58
310,3,1284.2586,269.7536,426.0,998.54,0,3,79.929941,79.988245,True,28-50-33-81-65-20-90-36-64-11-62-69-76-26-40-94-96-99-97-87-41-22-73-21-72-75-56-55-24-29-68-12-13-2-74-4-25-80-77-3-1-70-89|92-59-98-37-14-43-42-57-39-54-27-88-31-30-51-9-78-79-53-84-83-18-7-10-63-32-66-71-35-34-82-48-46-17-86-16-61-91-100-85-93-95-58|60-45-5-44-15-23-67-38-6-8-47-49-19-52
311,3,1284.2586,269.7536,426.0,998.54,0,3,79.929941,79.988245,True,28-50-33-81-65-20-90-36-64-11-62-69-76-26-40-94-96-99-97-87-41-22-73-21-72-75-56-55-24-29-68-12-13-2-74-4-25-80-77-3-1-70-89|92-59-98-37-14-43-42-57-39-54-27-88-31-30-51-9-78-79-53-84-83-18-7-10-63-32-66-71-35-34-82-48-46-17-86-16-61-91-100-85-93-95-58|60-45-5-44-15-23-67-38-6-8-47-49-19-52
312,3,1284.7426,317.1773,183.0,946.3857,0,3,80.07513,80.108569,True,50-33-81-65-20-32-90-63-64-11-62-31-69-76-28-96-99-59-97-87-2-41-22-75-56-55-24-29-68-12-21-72-74-4-25-54-80-77-1-70|82-36-46-45-98-37-15-23-43-14-44-38-67-40-6-8-47-49-19-10-66-71-35-34-3|94-95-92-42-57-73-39-26-27-52-88-30-89-51-9-78-79-53-84-60-83-48-7-18-13-5-61-17-86-16-91-100-85-93-58
313,3,1284.7426,317.1773,183.0,946.3857,0,3,80.07513,80.108569,True,50-33-81-65-20-32-90-63-64-11-62-31-69-76-28-96-99-59-97-87-2-41-22-75-56-55-24-29-68-12-21-72-74-4-25-54-80-77-1-70|82-36-46-45-98-37-15-23-43-14-44-38-67-40-6-8-47-49-19-10-66-71-35-34-3|94-95-92-42-57-73-39-26-27-52-88-30-89-51-9-78-79-53-84-60-83-48-7-18-13-5-61-17-86-16-91-100-85-93-58
314,3,1287.7566,343.3393,164.0,916.9676,0,3,80.979338,81.011294,True,50-33-81-65-71-51-1-27-69-30-63-64-19-99-59-97-87-53-73-22-41-72-75-56-55-24-29-68-12-26-13-2-74-4-25-54-80-77-28|82-36-45-61-98-37-92-23-15-14-44-38-67-40-84-8-48-47-49-10-90-32-20-66-35-70|21-39-57-43-42-95-89-52-7-11-62-88-31-76-3-79-78-34-9-6-5-60-18-83-46-17-86-16-91-100-85-93-96-94-58
315,3,1287.7566,343.3393,164.0,916.9676,0,3,80.979338,81.011294,True,50-33-81-65-71-51-1-27-69-30-63-64-19-99-59-97-87-53-73-22-41-72-75-56-55-24-29-68-12-26-13-2-74-4-25-54-80-77-28|82-36-45-61-98-37-92-23-15-14-44-38-67-40-84-8-48-47-49-10-90-32-20-66-35-70|21-39-57-43-42-95-89-52-7-11-62-88-31-76-3-79-78-34-9-6-5-60-18-83-46-17-86-16-91-100-85-93-96-94-58
316,3,1287.7956,331.2885,147.0,924.6541,0,3,80.991036,81.020649,True,50-33-81-65-71-51-1-69-27-62-64-30-76-26-40-97-87-53-73-22-41-2-21-72-75-56-55-24-29-68-12-74-4-25-80-77-70|54-39-57-42-43-14-37-92-98-96-52-31-88-11-63-90-32-20-9-78-79-83-84-5-60-18-7-82-46-17-61-85-91-100-13-95-59-93-94-58|89-48-47-36-45-86-16-44-15-23-67-38-99-6-8-49-19-10-66-35-34-3-28
317,3,1287.7956,331.2885,147.0,924.6541,0,3,80.991036,81.020649,True,50-33-81-65-71-51-1-69-27-62-64-30-76-26-40-97-87-53-73-22-41-2-21-72-75-56-55-24-29-68-12-74-4-25-80-77-70|54-39-57-42-43-14-37-92-98-96-52-31-88-11-63-90-32-20-9-78-79-83-84-5-60-18-7-82-46-17-61-85-91-100-13-95-59-93-94-58|89-48-47-36-45-86-16-44-15-23-67-38-99-6-8-49-19-10-66-35-34-3-28
318,3,1288.6941,353.3366,95.0,935.5173,0,3,81.260572,81.290191,True,50-33-81-65-71-51-69-27-62-11-64-63-30-76-40-99-97-87-53-21-22-72-75-56-55-24-29-68-12-73-74-4-25-80-77-1-70|52-7-47-36-45-61-92-2-23-15-14-44-38-67-41-6-8-82-48-49-19-10-90-32-66-35-34-3-28|26-54-39-57-43-42-37-98-85-18-88-31-20-9-78-79-89-84-5-60-83-46-17-86-16-91-100-13-95-59-93-96-94-58
319,4,1289.8397,867.2939,408.0,903.6483,0,4,81.604251,81.738127,True,28-29-33-32-31-88-7-52-18-60-99-5-84-83-89-6-94-95-97-2-57-43-14-86-17-61-16-85-91-100-37-98-93-59-96|34-65-71-51-1-69-27-62-11-64-63-90-30-76-26-40-53-87-41-56-55-24-68-12-13-21-73-74-72-4-25-54-80-77|82-48-36-46-45-92-42-75-39-23-15-38-44-67-22-8-47-49-19-10-20-66-35-70-58|3-79-78-9-81-50
320,4,1289.8397,867.2939,408.0,903.6483,0,4,81.604251,81.738127,True,28-29-33-32-31-88-7-52-18-60-99-5-84-83-89-6-94-95-97-2-57-43-14-86-17-61-16-85-91-100-37-98-93-59-96|34-65-71-51-1-69-27-62-11-64-63-90-30-76-26-40-53-87-41-56-55-24-68-12-13-21-73-74-72-4-25-54-80-77|82-48-36-46-45-92-42-75-39-23-15-38-44-67-22-8-47-49-19-10-20-66-35-70-58|3-79-78-9-81-50
321,3,1292.4367,342.5537,96.0,994.1458,0,3,82.383367,82.421385,True,39-50-33-65-20-32-64-11-31-69-1-76-89-96-99-97-87-2-57-41-22-75-56-55-24-29-68-26-21-73-74-72-4-25-54-80-77-70-18-93|52-48-36-46-45-5-61-85-23-14-44-38-67-40-84-8-47-49-19-10-63-90-66-71-35-34-3-28|94-95-59-92-98-37-42-43-15-12-27-88-62-30-51-9-81-78-79-53-6-7-82-83-60-17-86-16-91-100-13-58
322,3,1293.0917,332.1226,124.0,994.4581,0,3,82.579859,82.619356,True,39-50-33-65-20-32-64-11-31-69-1-76-28-96-99-97-87-2-57-41-22-75-56-55-24-29-68-26-21-73-74-72-4-25-54-80-77-70-60-93|52-82-48-36-46-45-61-91-23-14-44-38-67-40-84-8-47-49-19-10-63-90-66-71-35-34-3|94-95-59-92-98-37-42-43-15-12-27-88-62-30-51-9-81-78-79-53-6-89-18-7-83-5-17-86-16-85-100-13-58
323,3,1293.742,324.3925,153.0,957.1288,0,3,82.77496,82.810793,True,50-33-81-65-20-90-64-11-62-69-76-26-40-94-99-97-87-41-22-73-21-72-75-56-55-24-29-68-12-13-2-74-4-25-80-77-1-70-89|52-82-19-36-45-96-42-57-23-15-44-38-67-6-60-8-46-47-49-63-10-32-66-71-35-34-3-28|95-59-92-37-91-14-43-39-54-27-88-31-30-51-9-78-79-53-84-5-83-18-7-48-17-86-16-61-85-93-98-100-58
324,3,1293.9271,332.8847,165.0,913.553,0,3,82.83048,82.862306,True,50-33-81-65-51-1-69-27-18-7-62-11-30-76-26-40-96-99-97-87-53-22-41-73-21-72-75-56-55-24-29-68-12-13-2-74-4-25-54-80-77-28|52-48-36-46-45-61-42-57-23-15-43-44-38-67-6-60-8-82-47-49-19-10-20-66-71-35-34-3-70|39-14-37-98-92-94-89-31-88-64-63-90-32-9-78-79-83-84-5-17-86-16-91-100-85-93-59-95-58
325,3,1293.9271,332.8847,165.0,913.553,0,3,82.83048,82.862306,True,50-33-81-65-51-1-69-27-18-7-62-11-30-76-26-40-96-99-97-87-53-22-41-73-21-72-75-56-55-24-29-68-12-13-2-74-4-25-54-80-77-28|52-48-36-46-45-61-42-57-23-15-43-44-38-67-6-60-8-82-47-49-19-10-20-66-71-35-34-3-70|39-14-37-98-92-94-89-31-88-64-63-90-32-9-78-79-83-84-5-17-86-16-91-100-85-93-59-95-58
326,3,1294.2048,313.6052,153.0,957.1288,0,3,82.913792,82.948146,True,50-33-81-65-20-90-64-11-62-69-76-26-40-94-99-97-87-41-22-73-21-72-75-56-55-24-29-68-12-13-2-74-4-25-80-77-1-70-89|52-82-19-36-45-96-42-57-23-15-44-38-67-6-60-8-46-47-49-63-10-32-66-71-35-34-3-28|95-59-92-37-98-91-14-43-39-54-27-88-31-30-51-9-78-79-53-84-5-83-18-7-48-17-86-16-61-85-93-100-58
327,3,1294.2048,313.6052,153.0,957.1288,0,3,82.913792,82.948146,True,50-33-81-65-20-90-64-11-62-69-76-26-40-94-99-97-87-41-22-73-21-72-75-56-55-24-29-68-12-13-2-74-4-25-80-77-1-70-89|52-82-19-36-45-96-42-57-23-15-44-38-67-6-60-8-46-47-49-63-10-32-66-71-35-34-3-28|95-59-92-37-98-91-14-43-39-54-27-88-31-30-51-9-78-79-53-84-5-83-18-7-48-17-86-16-61-85-93-100-58
328,3,1294.4484,284.4052,444.0,988.599,0,3,82.986875,83.050743,True,72-26-33-81-34-65-71-1-27-69-30-62-11-64-63-88-53-40-57-41-22-75-56-55-24-29-68-12-21-73-74-4-25-54-80-77-50-70-31-52-89|2-43-42-37-60-83-45-46-36-19-48-82-18-16-38-44-91-85-99-97-87-6-8-84-5-47-10-90-32-20-66-35-59-95-13-17-86-14-100-61-93-96-94-58|92-15-39-23-67-28-76-3-79-78-9-51-49-7-98
329,3,1294.4484,284.4052,444.0,988.599,0,3,82.986875,83.050743,True,72-26-33-81-34-65-71-1-27-69-30-62-11-64-63-88-53-40-57-41-22-75-56-55-24-29-68-12-21-73-74-4-25-54-80-77-50-70-31-52-89|2-43-42-37-60-83-45-46-36-19-48-82-18-16-38-44-91-85-99-97-87-6-8-84-5-47-10-90-32-20-66-35-59-95-13-17-86-14-100-61-93-96-94-58|92-15-39-23-67-28-76-3-79-78-9-51-49-7-98
330,3,1296.1411,331.7303,131.0,997.1151,0,3,83.49467,83.536122,True,39-50-33-65-20-32-63-64-11-69-1-76-28-96-99-97-87-2-57-41-22-75-56-55-29-24-68-12-26-21-73-74-72-4-25-54-80-77-70-18-93|36-46-45-61-16-91-42-23-44-86-38-67-40-84-8-48-47-49-19-10-90-66-71-35-34-3|94-59-95-92-98-37-14-43-15-27-31-88-62-30-51-9-81-78-79-53-6-89-52-7-82-83-60-5-17-85-100-13-58
331,3,1296.1411,331.7303,131.0,997.1151,0,3,83.49467,83.536122,True,39-50-33-65-20-32-63-64-11-69-1-76-28-96-99-97-87-2-57-41-22-75-56-55-29-24-68-12-26-21-73-74-72-4-25-54-80-77-70-18-93|36-46-45-61-16-91-42-23-44-86-38-67-40-84-8-48-47-49-19-10-90-66-71-35-34-3|94-59-95-92-98-37-14-43-15-27-31-88-62-30-51-9-81-78-79-53-6-89-52-7-82-83-60-5-17-85-100-13-58
332,3,1300.7456,334.2448,88.0,994.1458,0,3,84.876036,84.914501,True,39-50-33-65-20-32-64-11-31-69-1-76-96-99-97-87-2-57-41-22-75-56-55-24-29-68-26-21-73-74-72-4-25-54-80-77-70-18-93|52-82-48-36-46-45-5-91-23-14-44-38-67-40-84-8-47-49-19-10-63-90-66-71-35-34-3-28|94-95-59-92-98-37-42-43-15-12-27-88-62-30-51-9-81-78-79-53-6-89-7-83-60-61-17-86-16-85-100-13-58
333,3,1302.8229,317.8887,238.0,924.6541,0,3,85.499222,85.540433,True,50-33-81-65-71-51-1-69-27-62-64-30-76-26-40-99-97-87-53-73-22-41-2-21-72-75-56-55-24-29-68-12-74-4-25-80-77-70|54-39-57-42-43-14-37-92-98-85-96-52-31-88-11-63-90-32-20-9-78-79-83-84-5-60-18-7-82-46-17-86-16-91-100-13-95-59-93-94-58|89-48-47-36-45-61-44-15-23-67-38-6-8-49-19-10-66-35-34-3-28
334,3,1302.8229,317.8887,238.0,924.6541,0,3,85.499222,85.540433,True,50-33-81-65-71-51-1-69-27-62-64-30-76-26-40-99-97-87-53-73-22-41-2-21-72-75-56-55-24-29-68-12-74-4-25-80-77-70|54-39-57-42-43-14-37-92-98-85-96-52-31-88-11-63-90-32-20-9-78-79-83-84-5-60-18-7-82-46-17-86-16-91-100-13-95-59-93-94-58|89-48-47-36-45-61-44-15-23-67-38-6-8-49-19-10-66-35-34-3-28
335,3,1303.179,288.4281,118.0,924.6541,0,3,85.606051,85.63095,True,50-33-81-65-51-1-69-27-18-7-62-11-30-76-26-40-96-99-97-87-53-22-41-73-21-72-75-56-55-24-29-68-13-2-74-4-25-80-77-70|52-48-47-36-46-45-61-42-57-23-15-44-38-67-6-60-8-82-49-19-10-20-66-71-35-34-3-28|12-54-39-43-14-37-98-92-94-89-31-88-64-63-90-32-9-78-79-83-84-5-17-86-16-91-100-85-93-59-95-58
336,3,1303.179,288.4281,118.0,924.6541,0,3,85.606051,85.63095,True,50-33-81-65-51-1-69-27-18-7-62-11-30-76-26-40-96-99-97-87-53-22-41-73-21-72-75-56-55-24-29-68-13-2-74-4-25-80-77-70|52-48-47-36-46-45-61-42-57-23-15-44-38-67-6-60-8-82-49-19-10-20-66-71-35-34-3-28|12-54-39-43-14-37-98-92-94-89-31-88-64-63-90-32-9-78-79-83-84-5-17-86-16-91-100-85-93-59-95-58
337,3,1305.7312,329.2592,110.0,994.1458,0,3,86.371714,86.413127,True,39-50-33-65-20-32-64-11-31-69-1-76-89-96-99-97-87-2-57-41-22-75-56-55-24-29-68-26-21-73-74-72-4-25-54-80-77-70-18-93|52-82-48-36-46-45-5-61-91-23-44-38-67-40-84-8-47-49-19-10-63-90-66-71-35-34-3-28|94-95-59-92-98-37-42-14-43-15-12-27-88-62-30-51-9-81-78-79-53-6-7-83-60-17-86-16-85-100-13-58
338,3,1317.1264,317.864,110.0,994.1458,0,3,89.79028,89.833402,True,39-50-33-65-20-32-64-11-31-69-1-76-89-96-99-97-87-2-57-41-22-75-56-55-24-29-68-26-21-73-74-72-4-25-54-80-77-70-18-93|52-82-48-36-46-45-5-61-91-23-44-38-67-40-84-8-47-49-19-10-63-90-66-71-35-34-3-28|94-95-59-92-98-37-42-14-43-15-12-27-88-62-30-51-81-78-9-79-53-6-7-83-60-17-86-16-85-100-13-58
339,4,1320.2676,787.1276,534.0,902.6846,0,4,90.732633,90.876068,True,26-24-29-3-33-81-20-32-90-11-19-48-7-88-31-51-9-52-18-83-84-5-95-57-43-14-86-17-61-16-85-100-37-98-93-59-94|34-65-1-27-69-62-64-63-30-50-54-67-40-6-21-73-22-41-56-55-68-12-13-2-74-72-4-25-80-77-28|89-82-36-46-45-92-42-75-39-23-15-38-44-91-99-97-87-96-60-8-47-49-10-66-71-35-70-58|76-78-79-53
340,4,1320.2676,787.1276,534.0,902.6846,0,4,90.732633,90.876068,True,26-24-29-3-33-81-20-32-90-11-19-48-7-88-31-51-9-52-18-83-84-5-95-57-43-14-86-17-61-16-85-100-37-98-93-59-94|34-65-1-27-69-62-64-63-30-50-54-67-40-6-21-73-22-41-56-55-68-12-13-2-74-72-4-25-80-77-28|89-82-36-46-45-92-42-75-39-23-15-38-44-91-99-97-87-96-60-8-47-49-10-66-71-35-70-58|76-78-79-53
341,3,1321.6964,335.5568,95.0,948.0171,0,3,91.161282,91.200009,True,50-33-81-65-71-51-69-27-62-11-64-63-30-76-40-99-97-87-53-21-22-72-75-56-55-24-29-68-12-73-74-4-25-77-80-1-70|52-7-47-36-45-61-92-2-23-15-14-44-38-67-41-6-8-49-82-48-19-10-90-32-66-35-34-3-28|26-54-39-57-43-42-37-98-85-18-88-31-20-9-78-79-89-84-5-60-83-46-17-86-16-91-100-13-95-59-93-96-94-58
342,3,1321.6964,335.5568,95.0,948.0171,0,3,91.161282,91.200009,True,50-33-81-65-71-51-69-27-62-11-64-63-30-76-40-99-97-87-53-21-22-72-75-56-55-24-29-68-12-73-74-4-25-77-80-1-70|52-7-47-36-45-61-92-2-23-15-14-44-38-67-41-6-8-49-82-48-19-10-90-32-66-35-34-3-28|26-54-39-57-43-42-37-98-85-18-88-31-20-9-78-79-89-84-5-60-83-46-17-86-16-91-100-13-95-59-93-96-94-58
343,3,1321.9416,389.2086,76.0,923.2682,0,3,91.234832,91.276068,True,50-33-81-65-71-51-1-69-62-11-64-63-30-76-26-40-99-97-87-53-73-22-41-21-72-75-56-55-24-29-68-12-74-4-25-80-28|52-82-19-36-45-61-92-2-23-15-14-44-38-67-6-8-48-47-49-10-90-32-66-35-34-3-77-70-89|96-85-98-37-42-43-57-39-54-27-88-31-20-9-78-79-60-84-5-83-18-7-46-17-86-16-91-100-13-95-59-93-94-58
344,3,1321.9416,389.2086,76.0,923.2682,0,3,91.234832,91.276068,True,50-33-81-65-71-51-1-69-62-11-64-63-30-76-26-40-99-97-87-53-73-22-41-21-72-75-56-55-24-29-68-12-74-4-25-80-28|52-82-19-36-45-61-92-2-23-15-14-44-38-67-6-8-48-47-49-10-90-32-66-35-34-3-77-70-89|96-85-98-37-42-43-57-39-54-27-88-31-20-9-78-79-60-84-5-83-18-7-46-17-86-16-91-100-13-95-59-93-94-58
345,3,1322.5222,263.3579,157.0,950.7603,0,3,91.409021,91.443778,True,50-33-65-71-51-1-69-27-62-11-64-63-30-76-12-26-40-99-97-87-41-73-72-75-56-55-24-29-34-35-68-74-4-25-54-80-77-70-31|2-57-42-14-37-98-85-61-89-88-90-32-20-78-9-79-53-6-84-5-60-83-18-82-7-19-46-17-86-16-91-100-13-95-59-93-96-94-58|52-48-36-45-92-21-39-23-15-43-38-44-67-22-8-47-49-10-66-81-3-28
346,3,1322.5222,263.3579,157.0,950.7603,0,3,91.409021,91.443778,True,50-33-65-71-51-1-69-27-62-11-64-63-30-76-12-26-40-99-97-87-41-73-72-75-56-55-24-29-34-35-68-74-4-25-54-80-77-70-31|2-57-42-14-37-98-85-61-89-88-90-32-20-78-9-79-53-6-84-5-60-83-18-82-7-19-46-17-86-16-91-100-13-95-59-93-96-94-58|52-48-36-45-92-21-39-23-15-43-38-44-67-22-8-47-49-10-66-81-3-28
347,3,1322.9615,374.3586,160.0,906.6008,0,3,91.540791,91.586006,True,50-33-81-65-51-1-69-27-18-7-62-11-30-76-26-94-96-99-97-87-53-22-41-73-21-72-75-56-55-24-29-68-12-13-2-74-4-25-54-80-28|52-82-48-47-36-45-61-57-23-15-43-44-38-67-40-60-8-46-49-19-10-32-20-66-71-35-34-3-77-70-31|39-42-14-91-98-37-92-95-59-83-64-63-90-88-9-78-79-6-84-17-86-16-100-85-93-5-89-58
348,3,1322.9615,374.3586,160.0,906.6008,0,3,91.540791,91.586006,True,50-33-81-65-51-1-69-27-18-7-62-11-30-76-26-94-96-99-97-87-53-22-41-73-21-72-75-56-55-24-29-68-12-13-2-74-4-25-54-80-28|52-82-48-47-36-45-61-57-23-15-43-44-38-67-40-60-8-46-49-19-10-32-20-66-71-35-34-3-77-70-31|39-42-14-91-98-37-92-95-59-83-64-63-90-88-9-78-79-6-84-17-86-16-100-85-93-5-89-58
349,4,1326.7501,1101.0877,508.0,902.6846,0,4,92.677393,92.867267,True,26-12-54-24-29-3-11-19-47-48-7-88-31-52-82-83-84-5-60-18-89-94-95-97-2-57-43-14-86-17-61-16-85-91-100-37-98-93-59-96|50-33-81-34-65-20-69-27-62-64-63-90-32-30-76-40-99-6-53-21-73-41-56-55-68-13-74-72-4-25-80-77-28|36-46-45-92-42-75-39-23-15-44-38-67-22-87-8-49-10-70-58|79-78-9-66-71-35-51-1
350,3,1328.9135,311.3157,97.0,935.5226,0,3,93.326414,93.361996,True,50-33-81-65-71-51-1-69-27-62-64-30-76-26-40-94-99-97-87-53-22-41-73-21-72-75-56-55-24-29-68-12-74-4-25-54-80-77-70|52-82-19-36-45-61-92-23-15-14-44-38-67-6-84-8-48-47-49-63-10-90-32-20-66-35-34-3-28|39-2-57-43-42-37-98-85-96-5-60-83-18-88-11-9-78-79-31-7-46-17-86-16-91-100-13-95-59-93-89-58
351,3,1328.9135,311.3157,97.0,935.5226,0,3,93.326414,93.361996,True,50-33-81-65-71-51-1-69-27-62-64-30-76-26-40-94-99-97-87-53-22-41-73-21-72-75-56-55-24-29-68-12-74-4-25-54-80-77-70|52-82-19-36-45-61-92-23-15-14-44-38-67-6-84-8-48-47-49-63-10-90-32-20-66-35-34-3-28|39-2-57-43-42-37-98-85-96-5-60-83-18-88-11-9-78-79-31-7-46-17-86-16-91-100-13-95-59-93-89-58
352,4,1330.6685,1092.5472,488.0,902.6846,0,4,93.852896,94.040663,True,26-12-54-24-29-3-33-81-20-90-32-11-7-88-31-52-82-18-83-84-5-60-89-6-94-2-57-14-86-17-61-16-85-91-100-37-98-93-59-96|34-65-71-51-1-69-27-62-64-63-30-50-76-40-95-99-97-87-53-73-41-56-55-21-13-74-72-4-25-80-77-28|48-36-46-45-92-42-75-39-23-15-43-38-44-67-22-8-47-49-19-10-66-70-58|79-78-9-35-68
353,3,1332.5078,350.7105,82.0,988.599,0,3,94.404701,94.453733,True,72-26-33-81-65-71-1-27-69-30-62-11-64-88-53-40-57-41-22-75-56-55-24-29-68-21-74-4-25-54-80-77-50-70-31-52-89|42-37-60-83-45-46-36-19-48-82-18-16-38-44-91-85-99-97-87-6-8-5-84-66-17-61-100-13-95-59-93-96-94-58|39-73-98-2-92-86-14-43-15-23-67-12-76-3-79-78-9-51-20-32-90-63-49-47-7-10-35-34-28
354,3,1332.5078,350.7105,82.0,988.599,0,3,94.404701,94.453733,True,72-26-33-81-65-71-1-27-69-30-62-11-64-88-53-40-57-41-22-75-56-55-24-29-68-21-74-4-25-54-80-77-50-70-31-52-89|42-37-60-83-45-46-36-19-48-82-18-16-38-44-91-85-99-97-87-6-8-5-84-66-17-61-100-13-95-59-93-96-94-58|39-73-98-2-92-86-14-43-15-23-67-12-76-3-79-78-9-51-20-32-90-63-49-47-7-10-35-34-28
355,3,1332.8744,277.354,129.0,924.6541,0,3,94.514676,94.547923,True,92-1-50-33-81-51-71-65-64-30-76-26-40-94-99-97-87-57-41-22-73-75-56-55-24-29-68-21-72-74-4-25-80-77-70|52-82-19-36-45-5-2-23-15-14-44-38-67-53-6-8-48-47-49-63-90-10-66-35-34-3-28|96-61-85-98-37-42-43-39-54-12-27-69-31-88-62-11-32-20-9-78-79-89-84-60-83-18-7-46-17-86-16-91-100-13-95-59-93-58
356,3,1339.4155,367.4984,15.0,962.5139,0,3,96.477003,96.520012,True,27-33-81-65-63-64-62-30-50-76-28-40-99-96-6-53-41-43-57-2-73-56-55-24-29-68-21-72-74-4-25-54-80-3-77-12-26-58|36-46-45-92-42-75-39-23-15-44-38-67-22-87-8-48-47-49-19-82-10-32-66-71-35-34-51-70-1|89-18-52-69-31-16-88-7-11-90-20-9-78-79-83-84-60-5-85-91-14-86-17-61-13-97-37-100-98-93-59-95-94
357,3,1344.2504,289.9993,90.0,936.8063,0,3,97.927469,97.963948,True,50-33-81-65-71-51-1-69-27-62-64-30-76-26-40-53-87-41-22-73-21-72-75-56-55-24-29-68-12-74-4-25-80-77-70|52-82-19-36-45-61-2-23-15-14-44-38-99-67-8-48-47-49-63-10-90-32-20-66-35-34-3-28|54-39-57-43-42-92-37-98-85-96-89-31-88-11-9-78-79-6-84-5-60-83-18-7-46-17-86-16-91-100-13-97-93-59-95-94-58
358,3,1344.2939,277.6663,125.0,981.1156,0,3,97.94051,97.985298,True,50-33-81-65-71-51-1-69-62-11-64-63-30-76-26-40-94-87-53-73-22-41-72-75-56-55-24-29-68-12-13-2-74-4-25-80-77-70-89-93|52-7-82-36-46-45-5-96-85-44-15-57-23-67-21-6-99-84-8-60-48-47-19-10-90-32-66-35-34-3-28|95-97-92-59-37-91-14-43-42-39-54-27-38-88-31-79-78-9-20-49-18-83-17-86-16-61-100-98-58
359,3,1348.0396,323.228,85.0,927.855,0,3,99.064237,99.104994,True,50-33-81-65-71-51-1-69-62-64-63-90-30-76-94-99-97-87-53-73-22-41-72-75-56-55-24-29-68-12-21-74-4-25-80-77-70|82-19-36-45-61-42-2-23-15-43-44-38-67-40-6-8-47-49-48-7-10-32-66-35-34-3-28-52-89|96-92-98-37-14-57-39-54-26-27-31-88-11-20-9-78-79-18-84-5-60-83-46-17-86-16-91-100-13-95-85-93-59-58
360,3,1350.4084,270.3032,77.0,924.6541,0,3,99.774868,99.807117,True,50-33-81-65-71-51-1-69-27-62-64-30-76-26-40-99-97-87-53-73-22-41-21-72-75-56-55-24-29-68-12-74-4-25-80-77-70|52-82-19-36-45-61-92-2-23-15-14-44-38-67-6-8-48-47-49-63-10-90-32-20-66-35-34-3-28|54-39-57-43-42-37-98-85-96-89-31-88-11-9-78-79-83-84-5-60-18-7-46-17-86-16-91-100-13-95-59-93-94-58
361,3,1350.4084,270.3032,77.0,924.6541,0,3,99.774868,99.807117,True,50-33-81-65-71-51-1-69-27-62-64-30-76-26-40-99-97-87-53-73-22-41-21-72-75-56-55-24-29-68-12-74-4-25-80-77-70|52-82-19-36-45-61-92-2-23-15-14-44-38-67-6-8-48-47-49-63-10-90-32-20-66-35-34-3-28|54-39-57-43-42-37-98-85-96-89-31-88-11-9-78-79-83-84-5-60-18-7-46-17-86-16-91-100-13-95-59-93-94-58
362,3,1352.9593,267.7523,310.0,924.6541,0,3,100.540135,100.596067,True,50-33-81-65-71-51-1-69-27-62-64-30-76-26-40-99-97-87-53-73-22-41-2-21-72-75-56-55-24-68-29-12-74-4-25-80-77-70|54-39-57-42-43-14-37-92-98-85-96-52-31-88-11-63-90-32-20-9-78-79-83-84-48-5-60-18-7-82-46-17-86-16-91-100-13-95-59-93-94-58|89-47-36-45-61-44-15-23-67-38-6-8-49-19-10-66-35-34-3-28
363,3,1352.9593,267.7523,310.0,924.6541,0,3,100.540135,100.596067,True,50-33-81-65-71-51-1-69-27-62-64-30-76-26-40-99-97-87-53-73-22-41-2-21-72-75-56-55-24-68-29-12-74-4-25-80-77-70|54-39-57-42-43-14-37-92-98-85-96-52-31-88-11-63-90-32-20-9-78-79-83-84-48-5-60-18-7-82-46-17-86-16-91-100-13-95-59-93-94-58|89-47-36-45-61-44-15-23-67-38-6-8-49-19-10-66-35-34-3-28
364,3,1361.9299,253.3063,111.0,946.2657,0,3,103.231324,103.271121,True,50-33-81-65-71-51-1-69-27-62-64-30-76-26-40-99-97-87-53-73-22-41-21-72-75-56-55-24-29-68-12-13-2-74-4-25-80-77-70-89|52-82-19-36-45-61-42-57-23-15-44-38-67-6-60-8-48-47-49-63-10-90-32-20-66-35-34-3-28|94-95-92-98-37-14-43-39-54-31-88-11-9-78-79-5-84-83-18-7-46-17-86-16-91-100-85-93-59-96-58
365,4,1365.4749,769.9351,589.0,903.5098,0,4,104.294814,104.454856,True,28-3-29-81-20-90-11-19-47-48-7-88-32-31-52-82-83-84-5-60-18-89-94-95-97-57-43-14-86-17-61-16-85-91-100-37-98-93-59-96|50-33-34-65-71-51-1-69-27-62-64-63-30-76-26-40-99-6-53-21-73-41-56-55-24-68-12-13-2-74-72-4-25-54-80-77|36-46-45-92-42-75-39-23-15-44-38-67-22-87-8-49-10-66-35-70-58|79-78-9
366,4,1375.1131,737.9664,614.0,902.6846,0,4,107.186289,107.346804,True,26-54-24-29-3-33-81-20-32-90-11-19-48-7-88-31-9-82-18-83-84-5-60-89-95-97-2-57-43-14-86-17-61-16-85-91-100-37-98-93-59-94|34-65-51-1-69-27-52-62-64-63-30-50-76-40-99-96-6-53-21-41-56-55-68-12-13-73-74-72-4-25-80-77-28|36-46-45-92-42-75-39-23-15-44-38-67-22-87-8-47-49-10-66-71-35-70-58|79-78
367,4,1386.1022,1099.0308,183.0,892.6413,0,4,110.482999,110.656363,True,27-28-54-24-33-90-63-19-47-7-88-52-6-99-84-17-86-16-93-96|82-94-95-97-42-43-57-2-73-72-39-29-79-78-81-9-89-61-85-91-100-37-98|3-34-65-51-1-69-31-62-11-64-32-30-50-76-26-53-40-21-41-75-56-55-68-12-13-74-4-25-80-77|48-36-46-45-83-5-59-92-23-15-14-44-38-67-22-87-8-49-10-20-66-71-35-70-18-60-58
368,4,1387.961,793.3061,412.0,902.6846,0,4,111.040643,111.193112,True,12-24-29-33-81-20-32-90-11-19-47-7-88-31-78-52-18-83-84-5-60-89-94-95-2-57-14-16-17-61-85-91-100-37-98-93-59-96|50-34-65-71-51-1-69-27-62-64-63-30-76-26-40-97-99-6-87-41-73-21-56-55-68-13-74-72-4-25-80-77-28|82-48-36-46-45-92-42-75-39-23-15-43-38-44-86-8-49-10-66-35-70-58|67-54-3-79-9-53-22
369,3,1390.7135,192.9439,313.0,982.8564,0,3,111.866394,111.931461,True,28-50-33-65-71-51-1-69-27-62-11-64-63-30-76-40-99-97-87-53-73-72-41-75-56-55-24-29-34-35-68-74-4-25-54-80-77-3-70-52-89|12-26-21-2-57-42-92-37-15-43-14-85-98-96-88-31-90-32-20-9-78-79-6-84-5-60-83-18-82-7-19-47-46-17-86-16-91-100-13-95-59-93-94-58|48-36-45-61-39-23-38-44-67-22-8-49-10-66-81
370,3,1396.6482,269.7718,47.0,924.6541,0,3,113.646819,113.68986,True,50-33-81-65-71-51-1-69-27-62-64-30-76-26-40-99-97-87-53-73-22-41-21-72-75-56-55-24-29-68-12-74-4-25-80-77-70|52-82-19-36-45-61-92-2-23-15-14-44-38-67-6-8-48-49-47-63-10-90-32-20-66-35-34-3-89-28|54-39-57-42-43-37-98-85-96-31-88-11-9-78-79-83-84-5-60-18-7-46-17-86-16-91-100-13-95-59-93-94-58
371,4,1400.0061,715.6698,680.0,902.6846,0,4,114.654167,114.825404,True,26-12-54-24-29-3-33-81-20-90-11-19-47-48-7-88-31-32-9-52-82-83-84-5-60-18-89-94-95-97-2-57-43-14-86-17-61-16-85-91-100-37-98-93-59-96|50-34-65-71-51-1-69-27-62-64-63-30-76-40-99-6-53-21-73-41-56-55-68-13-74-72-4-25-80-77-28|36-46-45-92-42-75-39-23-15-44-38-67-22-87-8-49-10-66-35-70-58|79-78
372,3,1426.8615,234.9585,102.0,957.1288,0,3,122.710807,122.768061,True,50-33-81-65-20-90-64-11-62-69-76-26-40-94-96-99-97-87-41-22-73-21-72-75-56-55-24-29-68-12-13-2-74-4-25-80-77-1-70-89|52-82-19-36-45-5-42-57-23-15-44-38-67-6-60-8-46-47-49-63-10-32-66-71-35-3-28-59|98-37-14-43-92-39-54-27-88-31-30-51-9-78-79-53-84-83-18-7-34-48-17-86-16-61-91-100-85-93-95-58
373,3,1429.4772,126.4943,505.0,972.1847,0,3,123.495511,123.579839,True,28-50-33-81-65-71-51-1-69-27-62-64-30-76-26-40-99-97-87-53-73-22-41-2-21-72-75-56-55-24-29-35-68-12-74-4-25-80-77-3-34-70|54-39-57-42-43-14-37-92-98-85-96-52-31-88-11-63-90-32-20-9-78-79-83-84-61-5-60-89-18-7-82-48-19-47-46-17-86-16-91-100-13-95-59-93-94-58|36-45-23-15-38-44-67-6-8-49-10-66
374,3,1437.8822,231.3976,205.0,996.7173,0,3,126.016995,126.09326,True,50-33-81-65-71-51-1-69-27-62-64-30-76-26-40-94-99-87-53-73-22-41-21-72-75-56-55-24-29-68-12-13-2-74-4-25-80-77-70-89-93-85|52-82-19-36-45-96-42-57-23-15-44-38-67-6-60-8-48-49-63-47-10-90-32-20-66-35-34-3-28|95-97-92-59-37-91-14-43-39-54-31-88-11-9-78-79-83-84-5-18-7-46-17-86-16-61-100-98-58
375,10,1477.1542,4181.8967,405.0,877.3304,0,10,533.104171,533.788984,True,50-33-81-65-71-51-30-69-52-88-31-1-29-24-68-77|89-18-60-83-45-46-48-47-36-64-11-62-7-82-44-38-86-99-5-61-84-8-17-16-100-91-85-93|98-14-43-67-76-3-79-78-34-9-20-90-63-49-19-10-32-66-35-70|12-74-75-57-37-97-58|40-26-28-56-72-73-21-2-95-96-59-94|15-13-54-4-25-80|27-41-22-55|53-6|92-42-23-87|39
376,7,1492.8197,2769.8699,442.0,888.2165,0,7,321.300142,321.782283,True,81-65-20-90-36-64-11-26-40-94-96-99-97-87-41-22-73-21-72-75-56-55-24-29-68-12-13-2-74-4-25-80|95-59-92-37-91-14-43-42-57-39-54-78-79-9-18-5-84-83-82-48-46-17-86-16-61-85-93-98-100-58|45-23-15-44-38-67-6-60-8-47-49-19-63-32-66-71-35-34-3|52-7-31-70-1-50-28-89|27-53-77-51|69-30-62-10|33-76-88
377,9,1498.1488,4161.542,387.0,888.1989,0,9,530.05097,530.738558,True,33-81-65-20-32-90-63-64-11-62-59-97-87-2-41-22-75-56-55-24-29-68-21-72-74-4-25-54-80|82-36-46-45-98-37-23-15-43-38-44-14-67-8-47-49-19-66-71-35-34|92-42-57-73-39-78-79-9-51-84-48-83-5-61-17-86-16-91-100-85-93|94-18-7-31-70|58|95-52-27-69-50-3-76-12-26-40-96-99-60-89-1-77-28|53-6-13|88-10|30
378,4,1506.9566,704.9903,264.0,903.5098,0,4,146.739328,146.899573,True,81-65-11-62-7-69-30-1-76-26-40-96-99-97-87-41-22-21-72-75-56-55-68-13-74-4-25-54-80-77|52-48-36-45-61-57-23-15-43-38-44-67-6-8-47-49-19-10-20-66-35-34-3-70|39-42-14-37-92-94-31-32-90-63-64-88-78-79-9-83-5-84-17-86-16-91-100-85-93-59-95-58|89-18-27-50-51-71-33-29-24-12-28-53-73-2-98-60-46-82
379,14,1566.5294,6881.4435,252.0,876.1731,0,14,938.036192,939.138476,True,99-87-41-22-73-2-13|88-8-60-6|52-7-48-47-46-84-17-5|62-64-49-10|33-79-78-81-9-35-34-29-80|21-39-67-23-56-75-74-4-55-25-54|27-69-70-1|76-68-77|53-40-58|50-51-65-66-20-32-31|92-97-15-43-14-38-86-16-85-100-37-93-59-94|3-90-63-71-19-82-83-91-98-61-96-95-57-72-24-12-26-28-18-89|45-44-11-30|42-36
380,16,1620.8467,7311.6332,399.0,870.095,0,16,1002.56465,1003.762145,True,20-65-63-36-64-11-62-69-88-30-9-51-7-82-48-47-49-19-10-90-32-66-71-35-70-31-52|45-42-15-43-14-38-44-61-84-8-46-17-86-16-91-100|28-80|1-21-57|12-54-73-72-75-23-4-68-24-29-34-50|81-78-3-2-56-74-25|41-22-55-26|40|27-76-79-77|39-67|33|5-95-13|94-97-92-93-96|89-60-83-18-6-59-85-98-37-58|53-87|99
381,19,1643.2301,7602.788,212.0,870.541,0,19,1046.237868,1047.468019,True,39-67-23-75-2-99-52|95-45-46-36-8-48-19-10-70-50-77-28|97-33-71-65-35-34|59-98-85-44-38-86-61-84-6|88-62|53-40-21-56-4-24-29-68-80|94|92|89|55-25-26|54-12-32-90-63-11-64-49-47-82-18-60-17-16-96|58|3-79-78-81-9-66-20-7-83-5-93|30-13|42-15-57-74-72|1-76-73-87-43-14-91-100-37|27-69|41-22-51|31
382,10,1657.7893,4822.813,363.0,891.2184,0,10,629.241607,630.074631,True,50-33-81-71-51-1-69-31-88-52-53-40-2-41-22-75-56-72-73-21-4-55-54-12-68-24-80-28|89-83-45-47-11-62-7-82-44-16-84-5-6-96-59-91-100-97-58|94-95-92-98-37-42-15-39-76-3-79-78-9-20-10-66-32-90-63-19|93|85-60-36-64-49-46-48-17-14-43-18-26|65-34-29-67-23-57-61-8-13-86-70|35-25|74-77|99-38-87|27-30
383,9,1680.2579,3215.2455,621.0,886.8315,0,9,388.106493,388.729964,True,26-12-54-24-29-3-48-47-19-11-63-32-20-9-81-82-83-84-5-60-18-94-95-97-2-57-43-14-86-16-61-85-91-100-37-98-93-59-96|34-71-65-64-90-40-6-99-21-41-56-55-68-13-73-74-72-4-25-80|36-46-45-92-42-75-39-23-15-44-38-67-22-87-8-49-66-35-17-58|79-78|62-7-52-10-70|77|53-28-51-50-1-31-89|27-88-30-76|69-33
384,10,1739.5342,3676.5522,388.0,888.1989,0,10,457.302495,457.990151,True,12-33-81-65-71-51-1-27-31-64-88-52-53-2-57-41-22-75-56-55-29-68-26-21-73-74-4-25-54-80|60-45-48-36-11-62-82-18-16-44-99-97-87-94-6-5-17-85-91-100-13-95-58|92-98-37-43-15-67-78-34-9-32-90-49-19-10-20-66-35-70-28|8|46-93-96|14-86-61-59-72-3-24-79-50-63-47-7-83-89|76-77|42-39-40-84|69-30-38|23
385,19,1774.7865,7582.3324,235.0,870.095,0,19,1043.169527,1044.43831,True,39-67-23-75-99-52-53|95-45-8-19-10-70-77|97-33-71-65-35-34|85-44-38-86-61-84|88-62|27-21-56-4-24-29-68-80|28-94|92-37|89|55-25|54-12-32-90-63-36-49-47-46-18-60-17-16-100-59-96|58|40-26-3-79-78-81-9-66-20-7-48-83-5-93|30-64-11-98-87-13|42-15-57-74-72|1-50-76-73-22-43-14-91|69|2-41-51|31-82-6
386,12,1853.056,6612.1264,260.0,880.3246,0,12,897.638624,898.787291,True,36-32-65-81-33-30-50-76-3-78-34-66-20-68-80-28|26-23-67-75-72-40-53-87-2-41-22-56-74-4-54-24-12|27-52-18-83-48-88-62-64-49-47-19-90-10-31|95-92-42-57-15-38-14-44-6-60-8-5-84-17-61-91-59-97-94-58|98-13-96-82-63-29|21-73-43-16-86-45-70|46-85-100|7-69-51-77|71-1-11-93-37-89|25|55-35|39-99-9-79
387,12,1853.0668,6123.9375,301.0,870.095,0,12,824.41029,825.488297,True,50-1-69-27-89-6-83-8-47-19-90-32-66-71-81-3-68-12-28|26-21-73-72-54-24-29-34-30-62-11-88-53-40-2-22-75-4-55-80|18-14-42-15-39-79-78-9-51-70-31|52-7-48-82-60-92-37-98-91-44-16-61-85-97-99-59-95-5-84-93-94|57-100-96|86-76-10-20-77|67-25|33-23-56-74-43-46-63|17-13-58|64-49-35|38-87-41|45-36-65
388,10,1889.4019,4628.4515,308.0,870.095,0,10,600.087385,600.95207,True,50-1-69-27-89-6-96-83-8-47-19-90-32-66-71-81-3-68-12-28|26-21-73-72-54-24-29-34-30-62-11-63-88-53-40-2-22-75-4-55-80|18-14-42-15-39-79-78-9-51-70-31|52-7-48-82-60-92-37-98-91-44-16-61-85-97-99-59-95-5-84-93-94|13-100-57|56-35-20-77|45-38-43-74-86-46-58|10-17-25|64-76-67-41-87-49|36-65-33-23
389,11,1916.2442,4837.8107,303.0,873.2039,0,11,631.491272,632.39568,True,50-1-69-27-89-6-83-8-47-19-90-32-66-71-81-3-68-12-28|26-21-73-72-54-24-29-34-30-11-88-53-40-22-75-4-55-80|18-14-42-15-79-78-9-51-70|52-7-48-82-60-92-97-37-98-91-44-16-61-84-5-85-93-59-95-94|10-20-46-86-96-13-2-58|31-36-45-33-74-57-43-100-17|56-77|99-87-41-63-35-25|62-64-76-38-49|39-67-23|65
390,21,2077.5682,9185.9888,141.0,870.095,0,21,1283.717977,1285.309343,True,26-87-18-82-19|12|17-86-16|50-51-62-31-95-13|61|73-22-41-57-97-93-94|21-72-39-67-23-56-4-55-25|29-77|65-81-33-3-100|91-45-36-47-76-9-71-20-70|7-89|53-96-5-46-48-49-63|42-98-37-43-15-24-80|52-84-2|60-85-59|83-99-58|27-69-90-32-66-35-68-1-28|88-8-74-75-54|40-6-79-78-34-10|30-64-11|92-44-38-14
391,21,2140.4788,9581.3777,122.0,870.095,0,21,1343.026318,1344.693966,True,26-87-18-82-19|75-39-67-23-56-12|17-86-16|50-51-62-31-95-13|61|73-22-41-57-97-93-94|21-4-55-25|29-77|33-65-9-81-3-100|91-45-36-47-76-35-71-20-70|72-89-7|53-96-5-46-48-49-63|42-15-43-38-14-98-37-24-80|52-84-2|60-85-59|83-99-58|27-69-90-32-66-1-68-28|88-8-74-54|40-6-79-78-34-10|30-64-11|92-44
392,20,2391.5379,9096.5335,184.0,879.1569,0,20,1270.299693,1271.97719,True,39-67-23-75-99-52-10-90|95-8-19-70-29-77|97-14-71-65-35|3-94-61-86-38-44-98-13|62-63-31|27-85-21-4-24-80|28-73-53|92-37|68-89|55-25|54-12-32-49-46-18-60-16-100-59-96|58|40-26-79-78-34-81-7-48-83-5-93|45-11-87-56|42-57-72|1-88-20-50-76-22-43-91|69-84-17|33-41-2-51-66|15-82-64-6-74|47-36-30-9
393,22,2413.326,8749.1459,178.0,870.095,0,22,1218.191549,1219.822115,True,87-26-78-35-71-19-82-18|75-15-38-14-12|17-16-85-59-80|50-1-31-62-95|61-46-47-49|73-41-97-93-94|4-25|57-68-29-77|81-79-3-100|91-45-27-76-51-9-66-20-70|21-72-86-83-7-89|53-5-48-63-10|98-37-42-43-23-67-24|52-84-2-55|60|96-99-56-58|90-28|39-34-65-32-36-64-11-88-8-13-74-54|40-6|22|69-30|33-92-44
394,22,2449.6221,8250.2092,157.0,873.9669,0,22,1143.351039,1144.916134,True,26-87-14-82-18|75-15-43-38-12-9|89-16-86-17-46-47-80|50-51-62-95|61|41-57-97-93|21-4-25|68-29-77|3-23|85-91-45-27-76-20-66-71-35-81|72-7|53-96-48-49-63-10-31|98-42-2-67-24|52-84-5-55-32-70|59|60-83-99-73-56-58|69-1-28|39-65-90-19-36-88-8-13-74-54|40-78-34-79-6|22|30-64-11|33-92-44-100-37-94
395,20,2499.8008,9613.9749,130.0,870.095,0,20,1347.915904,1349.696737,True,26-87-14-19-52|75-15-38-97-12-9|84-16-17-47-80|50-31-62-95-13|41-93|25|57-77|33-81-3-23-22-100|94-91-61-45-18-76-71-66-20-70|21-72-86-7-89|53-96-5-46-48-49-63|98-37-42-43-67|2-4-55-24-29-32|51-65-35-60-59|83-99-73-56-58|27-90-1-68-28|39-82-36-88-8-74-54|40-6-79-78-34-10|69-30-64-11|92-44-85
396,25,2504.6802,9949.0365,108.0,870.541,0,25,1398.175136,1400.007059,True,87-14-82-19-18|75-38|16-17-47|31-62-95-13|15-61-49|73-41-97-93-94|21-4-55-25-26|57|23-100|91-45|72-86-7-89|96-5-46-48-63|98-37-42-43-67|2-84-52-32-70|60-85-59|83-99-56-58|27-69-30-20-66-90-1|39-54-71-65-36-88-8-74|53-40-6-10|22|64-11|92-44|12-76-50-24-29-9-35-51|28-68|33-81-34-78-79-3-77-80
397,21,2588.7161,9068.6485,173.0,879.1569,0,21,1266.116931,1267.848599,True,39-67-23-99-52-90-53|95-8-19-70-29-77|97-14-71-65-35-34|75-44-38-86-61-84-47-3-13|62-63|27-85-21-4-24-80|10|28-73-94|92-37|68-89|55-25|12-54-32-49-46-18-60-16-100-59-96|58|40-26-79-78-81-7-48-83-5-93|45-11-30-98-87-56|42-57-72|76-50-88-20-1-22-43-91|69-17|33-41-2-51-66|15-82-64-31-6-74|36-9
398,22,2716.4779,10232.6707,101.0,887.7744,0,22,1440.720264,1442.659257,True,87-26-78-70-19-82-18|14-38-75-12-9|84-16-17-47-80|50-51-62-31-95-13|15-61-49-52|41-97-93-59-94|21-4-25|57-29-77-28|81-3-23-100|83-45-71-20-76|72-73-86-7-89|53-96-5-46-48-63|37-42-43-67-24|2-55-32|35-60|56-58|27-69-1-66-68|39-65-90-36-8-74-54|40-6-79-34-10|22|30-64-11-88|33-92-98-44-91-85-99
