Rank,Z1_Vehicles,Z2_Distance,Z3_WaitTime,Z4_LoadBalance,Z5_Makespan,Unserved,Num_Routes,ASF,ASF_aug,In_ROI,Routes
1,12,1071.4716,329.2901,165.0,227.5528,0,12,31.560198,31.594396,True,1-30-51-65-66-71-35-34|52-18-45-8-84-17-5-83-60-89|31-88-62-11-63-10-90-32-20-70|40-87-97-95-13|73-75-23-67-39-56-4-26|28-12-76-3-79-29-24-55-25-54|7-19-64-49-36-46-47-48-82|27-69-50-33-81-9-78-68-80-77|92-42-14-44-38-86-16-91-100-37-98-59|2-57-15-43-41-22-74-72-21-58|6-99-61-85-93-96-94|53
2,12,1071.4716,329.2901,165.0,227.5528,0,12,31.560198,31.594396,True,1-30-51-65-66-71-35-34|52-18-45-8-84-17-5-83-60-89|31-88-62-11-63-10-90-32-20-70|40-87-97-95-13|73-75-23-67-39-56-4-26|28-12-76-3-79-29-24-55-25-54|7-19-64-49-36-46-47-48-82|27-69-50-33-81-9-78-68-80-77|92-42-14-44-38-86-16-91-100-37-98-59|2-57-15-43-41-22-74-72-21-58|6-99-61-85-93-96-94|53
3,12,1071.4716,329.2901,165.0,227.5528,0,12,31.560198,31.594396,True,1-30-51-65-66-71-35-34|52-18-45-8-84-17-5-83-60-89|31-88-62-11-63-10-90-32-20-70|40-87-97-95-13|73-75-23-67-39-56-4-26|28-12-76-3-79-29-24-55-25-54|7-19-64-49-36-46-47-48-82|27-69-50-33-81-9-78-68-80-77|92-42-14-44-38-86-16-91-100-37-98-59|2-57-15-43-41-22-74-72-21-58|6-99-61-85-93-96-94|53
4,12,1071.4716,329.2901,165.0,227.5528,0,12,31.560198,31.594396,True,1-30-51-65-66-71-35-34|52-18-45-8-84-17-5-83-60-89|31-88-62-11-63-10-90-32-20-70|40-87-97-95-13|73-75-23-67-39-56-4-26|28-12-76-3-79-29-24-55-25-54|7-19-64-49-36-46-47-48-82|27-69-50-33-81-9-78-68-80-77|92-42-14-44-38-86-16-91-100-37-98-59|2-57-15-43-41-22-74-72-21-58|6-99-61-85-93-96-94|53
5,12,1071.941,318.6528,165.0,227.5528,0,12,29.964592,29.997336,True,1-30-51-65-66-71-35-34|52-18-83-45-8-17-5-60-89|31-88-62-11-63-10-90-32-20-70|40-87-97-95-94-13|73-75-23-67-39-56-4-26|28-12-76-3-79-29-24-55-25-54|7-19-64-49-36-46-47-48-82|27-69-50-33-81-9-78-68-80-77|92-42-14-44-38-86-16-91-100-37-98-59|2-57-15-43-41-22-74-72-21-58|53|6-99-84-61-85-93-96
6,12,1071.941,318.6528,165.0,227.5528,0,12,29.964592,29.997336,True,1-30-51-65-66-71-35-34|52-18-83-45-8-17-5-60-89|31-88-62-11-63-10-90-32-20-70|40-87-97-95-94-13|73-75-23-67-39-56-4-26|28-12-76-3-79-29-24-55-25-54|7-19-64-49-36-46-47-48-82|27-69-50-33-81-9-78-68-80-77|92-42-14-44-38-86-16-91-100-37-98-59|2-57-15-43-41-22-74-72-21-58|53|6-99-84-61-85-93-96
7,12,1076.8624,323.8994,156.0,227.5528,0,12,30.75158,30.785688,True,1-30-51-65-66-71-35-34|52-18-45-8-84-17-5-83-60-89|31-88-62-11-63-10-90-32-20-70|95-97-87-13|73-75-23-67-39-56-4-26|28-12-76-3-79-29-24-55-25-54|7-19-64-49-36-46-47-48-82|27-69-50-33-81-9-78-68-80-77|92-42-14-44-38-86-16-91-100-37-98-59|2-57-15-43-41-22-74-72-21-58|6-99-61-85-93-96-94|40-53
8,12,1076.8624,323.8994,156.0,227.5528,0,12,30.75158,30.785688,True,1-30-51-65-66-71-35-34|52-18-45-8-84-17-5-83-60-89|31-88-62-11-63-10-90-32-20-70|95-97-87-13|73-75-23-67-39-56-4-26|28-12-76-3-79-29-24-55-25-54|7-19-64-49-36-46-47-48-82|27-69-50-33-81-9-78-68-80-77|92-42-14-44-38-86-16-91-100-37-98-59|2-57-15-43-41-22-74-72-21-58|6-99-61-85-93-96-94|40-53
9,11,1081.0475,161.4983,174.0,228.489,0,11,6.391417,6.40406,True,1-30-51-65-66-71-35-34|83-18-45-8-84-61-17-5-60-89|52-31-88-62-11-63-10-90-32-20-70|73-75-23-67-39-56-4-26|28-12-76-3-79-29-24-55-25-54|7-19-64-49-36-46-47-48-82|27-69-50-33-81-9-78-68-80-77|92-42-14-44-38-86-16-91-100-98-93-96|2-57-15-43-41-22-74-72-21-58|95-37-85-99-59-87-6-94-97-13|40-53
10,11,1081.0475,161.4983,174.0,228.489,0,11,6.391417,6.40406,True,1-30-51-65-66-71-35-34|83-18-45-8-84-61-17-5-60-89|52-31-88-62-11-63-10-90-32-20-70|73-75-23-67-39-56-4-26|28-12-76-3-79-29-24-55-25-54|7-19-64-49-36-46-47-48-82|27-69-50-33-81-9-78-68-80-77|92-42-14-44-38-86-16-91-100-98-93-96|2-57-15-43-41-22-74-72-21-58|95-37-85-99-59-87-6-94-97-13|40-53
11,12,1081.2776,263.501,165.0,227.5528,0,12,21.691827,21.719099,True,1-30-51-65-66-71-35-34|52-18-45-8-84-17-83-60-89|31-88-62-11-63-10-90-32-20-70|40-87-97-93-95-13|73-75-23-67-39-56-4-26|28-12-76-3-79-29-24-55-25-54|7-19-64-49-36-46-47-48-82|27-69-50-33-81-9-78-68-80-77|92-42-14-44-38-86-16-91-100-37-98-59|2-57-15-43-41-22-74-72-21-58|5-61-85-99-96-94-6|53
12,11,1082.3065,221.9291,113.0,227.3861,0,11,15.456049,15.471869,True,1-30-51-65-66-71-35-34|52-18-45-8-84-17-5-83-60-89|31-88-62-11-63-10-90-32-20-70|28-76-3-79-29-24-55-25-54|7-19-64-49-36-46-47-48-82|27-69-50-33-81-9-78-68-80-77|42-14-44-38-86-16-91-100-37-93-59|2-57-15-43-41-22-74-72-21-58|73-75-23-67-39-56-4-12-26|92-98-85-61-99-87-97-95-96|53-40-6-94-13
13,11,1082.3065,221.9291,113.0,227.3861,0,11,15.456049,15.471869,True,1-30-51-65-66-71-35-34|52-18-45-8-84-17-5-83-60-89|31-88-62-11-63-10-90-32-20-70|28-76-3-79-29-24-55-25-54|7-19-64-49-36-46-47-48-82|27-69-50-33-81-9-78-68-80-77|42-14-44-38-86-16-91-100-37-93-59|2-57-15-43-41-22-74-72-21-58|73-75-23-67-39-56-4-12-26|92-98-85-61-99-87-97-95-96|53-40-6-94-13
14,11,1084.1309,236.3756,71.0,227.3861,0,11,17.623013,17.637347,True,1-30-51-65-66-71-35-34|52-18-45-8-84-17-5-83-60-89|31-88-62-11-63-10-90-32-20-70|53-40-6-94-95-93-96|73-75-23-67-39-56-4-26|28-12-76-3-79-29-24-55-25-54|7-19-64-49-36-46-47-48-82|27-69-50-33-81-9-78-68-80-77|42-14-44-38-86-16-91-100-37-98-59|2-57-15-43-41-22-74-72-21-58|92-85-61-99-97-87-13
15,11,1084.1309,236.3756,71.0,227.3861,0,11,17.623013,17.637347,True,1-30-51-65-66-71-35-34|52-18-45-8-84-17-5-83-60-89|31-88-62-11-63-10-90-32-20-70|53-40-6-94-95-93-96|73-75-23-67-39-56-4-26|28-12-76-3-79-29-24-55-25-54|7-19-64-49-36-46-47-48-82|27-69-50-33-81-9-78-68-80-77|42-14-44-38-86-16-91-100-37-98-59|2-57-15-43-41-22-74-72-21-58|92-85-61-99-97-87-13
16,11,1084.9269,228.826,77.0,227.3861,0,11,16.49058,16.504621,True,1-30-51-65-66-71-35-34|52-18-45-8-84-17-5-83-60-89|31-88-62-11-63-10-90-32-20-70|28-76-3-79-29-24-55-25-54|7-19-64-49-36-46-47-48-82|27-69-50-33-81-9-78-68-80-77|42-14-44-38-86-16-91-100-37-98-93|2-57-15-43-41-22-74-72-21-58|73-75-23-67-39-56-4-12-26|92-85-61-99-59-87-97-96|53-40-6-94-95-13
17,11,1085.8548,211.7416,78.0,227.3861,0,11,13.92791,13.939766,True,1-30-51-65-66-71-35-34|52-18-45-8-84-17-5-83-60-89|31-88-62-11-63-10-90-32-20-70|28-76-3-79-29-24-55-25-54|7-19-64-49-36-46-47-48-82|27-69-50-33-81-9-78-68-80-77|42-14-44-38-86-61-16-91-100-37-93|2-57-15-43-41-22-74-72-21-58|73-75-23-67-39-56-4-12-26|92-98-85-96-99-59-87-97|53-40-6-94-95-13
18,11,1086.4593,221.9291,77.0,227.3861,0,11,15.456049,15.469515,True,1-30-51-65-66-71-35-34|52-18-45-8-84-17-5-83-60-89|31-88-62-11-63-10-90-32-20-70|28-76-3-79-29-24-55-25-54|7-19-64-49-36-46-47-48-82|27-69-50-33-81-9-78-68-80-77|42-14-44-38-86-16-91-100-37-93|2-57-15-43-41-22-74-72-21-58|73-75-23-67-39-56-4-12-26|92-98-85-61-99-87-97-59-96|53-40-6-94-95-13
19,11,1086.6901,166.1767,103.0,227.7899,0,11,7.093185,7.101018,True,1-30-51-71-65-66-35-34|52-18-45-8-84-17-5-83-60-89|28-12-76-3-79-29-24-55-25-54|7-19-64-49-36-46-47-48-82|27-69-50-33-81-9-78-68-80-77|95-42-14-44-38-86-16-91-100-37-93-96|2-57-15-43-41-22-74-72-21-58|92-98-85-61-99-53|73-75-23-67-39-56-4-26|31-88-62-11-63-10-90-32-20-70|40-87-97-6-59-94-13
20,11,1087.0161,169.7373,89.0,229.0292,0,11,7.627279,7.63453,True,1-30-51-65-66-71-35-34|52-18-45-8-84-17-5-83-60-89|31-88-62-11-63-10-90-32-20-70|40-87-97-6-96-95-13|73-75-23-67-39-56-4-26|28-12-76-3-79-29-24-55-25-54|7-19-64-49-36-46-47-48-82|27-69-50-33-81-9-78-68-80-77|92-42-14-44-38-86-16-91-100-98-93-59|2-57-15-43-41-22-74-72-21-58|61-85-37-99-94-53
21,11,1087.6632,166.1767,53.0,227.3861,0,11,7.093185,7.096249,True,1-30-51-65-66-71-35-34|52-18-45-8-84-17-5-83-60-89|31-88-62-11-63-10-90-32-20-70|40-87-94-6-96-95-97-13|73-75-23-67-39-56-4-26|28-12-76-3-79-29-24-55-25-54|7-19-64-49-36-46-47-48-82|27-69-50-33-81-9-78-68-80-77|92-42-14-44-38-86-16-91-100-37-93|2-57-15-43-41-22-74-72-21-58|59-98-85-61-99-53
22,11,1087.6632,166.1767,53.0,227.3861,0,11,7.093185,7.096249,True,1-30-51-65-66-71-35-34|52-18-45-8-84-17-5-83-60-89|31-88-62-11-63-10-90-32-20-70|40-87-94-6-96-95-97-13|73-75-23-67-39-56-4-26|28-12-76-3-79-29-24-55-25-54|7-19-64-49-36-46-47-48-82|27-69-50-33-81-9-78-68-80-77|92-42-14-44-38-86-16-91-100-37-93|2-57-15-43-41-22-74-72-21-58|59-98-85-61-99-53
23,11,1089.3051,174.2687,52.0,228.1153,0,11,8.306984,8.311764,True,1-30-51-65-66-71-35-34|52-18-45-8-84-17-5-83-60-89|28-12-76-3-79-29-24-55-25-54|7-19-64-49-36-46-47-48-82|27-69-50-33-81-9-78-68-80-77|92-42-14-44-38-86-16-91-100-37-98-96|2-57-15-43-41-22-74-72-21-58|59-85-61-99-94-53|73-75-23-67-39-56-4-26|31-88-62-11-63-10-90-32-20-70|40-87-97-6-93-95-13
24,11,1089.3051,174.2687,52.0,228.1153,0,11,8.306984,8.311764,True,1-30-51-65-66-71-35-34|52-18-45-8-84-17-5-83-60-89|28-12-76-3-79-29-24-55-25-54|7-19-64-49-36-46-47-48-82|27-69-50-33-81-9-78-68-80-77|92-42-14-44-38-86-16-91-100-37-98-96|2-57-15-43-41-22-74-72-21-58|59-85-61-99-94-53|73-75-23-67-39-56-4-26|31-88-62-11-63-10-90-32-20-70|40-87-97-6-93-95-13
25,11,1096.4566,147.6415,176.0,227.3861,0,11,6.066,6.081222,True,27-69-30-65-66-71-35-50|5-18-45-8-84-61-17-83-60-89|52-31-88-62-11-63-10-90-32-20-70|21-73-75-23-67-39-56-4-26|28-12-76-3-79-29-24-55-25-54|7-19-64-49-36-46-47-48-82|1-33-81-51-9-34-78-68-80-77|42-14-44-38-86-16-91-100-37-93-96|2-57-15-43-41-22-74-72-95|59-92-98-85-99-97-87-6-94-13-58|40-53
26,11,1098.1589,160.0426,143.0,229.0292,0,11,6.173061,6.1876,True,27-69-30-65-66-71-35-34|52-18-45-8-84-17-83-60-89|31-88-62-11-63-10-90-32-20-70|28-76-3-79-29-24-55-25-54|7-19-64-49-36-46-47-48-82|1-50-33-51-9-81-78-68-80-12-77|92-42-14-44-38-86-16-91-100-98-93-59|2-57-15-43-41-22-74-72-21-58|73-75-23-67-39-56-4-26|5-61-85-37-99-87-6-96-13-97-95|94-40-53
27,11,1098.1589,160.0426,143.0,229.0292,0,11,6.173061,6.1876,True,27-69-30-65-66-71-35-34|52-18-45-8-84-17-83-60-89|31-88-62-11-63-10-90-32-20-70|28-76-3-79-29-24-55-25-54|7-19-64-49-36-46-47-48-82|1-50-33-51-9-81-78-68-80-12-77|92-42-14-44-38-86-16-91-100-98-93-59|2-57-15-43-41-22-74-72-21-58|73-75-23-67-39-56-4-26|5-61-85-37-99-87-6-96-13-97-95|94-40-53
28,11,1098.7617,139.2566,176.0,227.3861,0,11,6.066,6.080656,True,1-30-51-65-66-71-35-34|5-18-45-8-84-61-17-83-60-96|52-31-88-62-11-63-10-90-32-20-70|21-73-75-23-67-39-56-4-26|28-12-76-3-79-29-24-55-25-54|7-19-64-49-36-46-47-48-82|27-69-50-33-81-9-78-68-80-77|92-42-14-44-38-86-16-91-100-37-93|2-57-15-43-41-22-74-72-58-89|95-59-98-85-99-97-87-6-94-13|40-53
29,11,1098.7617,139.2566,176.0,227.3861,0,11,6.066,6.080656,True,1-30-51-65-66-71-35-34|5-18-45-8-84-61-17-83-60-96|52-31-88-62-11-63-10-90-32-20-70|21-73-75-23-67-39-56-4-26|28-12-76-3-79-29-24-55-25-54|7-19-64-49-36-46-47-48-82|27-69-50-33-81-9-78-68-80-77|92-42-14-44-38-86-16-91-100-37-93|2-57-15-43-41-22-74-72-58-89|95-59-98-85-99-97-87-6-94-13|40-53
30,11,1098.7617,139.2566,176.0,227.3861,0,11,6.066,6.080656,True,1-30-51-65-66-71-35-34|5-18-45-8-84-61-17-83-60-96|52-31-88-62-11-63-10-90-32-20-70|21-73-75-23-67-39-56-4-26|28-12-76-3-79-29-24-55-25-54|7-19-64-49-36-46-47-48-82|27-69-50-33-81-9-78-68-80-77|92-42-14-44-38-86-16-91-100-37-93|2-57-15-43-41-22-74-72-58-89|95-59-98-85-99-97-87-6-94-13|40-53
31,11,1099.0487,165.4496,166.0,227.3861,0,11,6.984121,7.001792,True,1-30-51-65-66-71-35-34|5-18-45-8-84-61-17-83-60-89|52-31-88-62-11-63-10-90-32-20-70|21-73-75-23-67-39-56-4-26|28-12-76-3-79-29-24-55-25-54|7-19-64-49-36-46-47-48-82|27-69-50-33-81-9-78-68-80-77|42-14-44-38-86-16-91-100-37-93-59|2-57-15-43-41-22-74-72-95-96|92-98-85-99-97-87-6-94-13-58|40-53
32,11,1099.4527,174.8314,44.0,227.3861,0,11,8.391385,8.398384,True,1-30-51-65-66-71-35-34|52-18-45-8-84-17-5-83-60-89|31-88-62-11-63-10-90-32-20-70|40-87-94-6-13-95-97-93|73-75-23-67-39-56-4-26|28-12-76-3-79-29-24-55-25-54|7-19-64-49-36-46-47-48-82|27-69-50-33-81-9-78-68-80-77|92-42-14-44-38-86-16-91-100-37-96|2-57-15-43-41-22-74-72-21-58|59-98-85-61-99-53
33,11,1099.8937,164.1529,166.0,227.3861,0,11,6.789619,6.807349,True,1-30-51-65-66-71-35-34|5-18-45-8-84-61-17-83-60-89|52-31-88-62-11-63-10-90-32-20-70|21-73-75-23-67-39-56-4-26|28-12-76-3-79-29-24-55-25-54|7-19-64-49-36-46-47-48-82|27-69-50-33-81-9-78-68-80-77|42-14-44-38-86-16-91-100-37-98-93|2-57-15-43-41-22-74-72-95-96|92-59-85-99-97-87-6-94-13-58|40-53
34,11,1099.8937,164.1529,166.0,227.3861,0,11,6.789619,6.807349,True,1-30-51-65-66-71-35-34|5-18-45-8-84-61-17-83-60-89|52-31-88-62-11-63-10-90-32-20-70|21-73-75-23-67-39-56-4-26|28-12-76-3-79-29-24-55-25-54|7-19-64-49-36-46-47-48-82|27-69-50-33-81-9-78-68-80-77|42-14-44-38-86-16-91-100-37-98-93|2-57-15-43-41-22-74-72-95-96|92-59-85-99-97-87-6-94-13-58|40-53
35,11,1100.0879,162.0543,144.0,227.5528,0,11,6.474827,6.490125,True,1-30-51-65-66-71-35-34|52-18-45-8-84-17-5-83-60-89|31-88-62-11-63-10-90-32-20-70|28-12-76-3-79-29-24-55-25-54|7-19-64-49-36-46-47-48-82|27-69-50-33-81-9-78-68-80-77|92-42-14-44-38-86-16-91-100-37-98-59|2-57-15-43-41-22-74-72-21-58|73-75-23-67-39-56-4-26|61-85-99-97-87-6-94-13-93-96|95-40-53
36,11,1100.0879,162.0543,144.0,227.5528,0,11,6.474827,6.490125,True,1-30-51-65-66-71-35-34|52-18-45-8-84-17-5-83-60-89|31-88-62-11-63-10-90-32-20-70|28-12-76-3-79-29-24-55-25-54|7-19-64-49-36-46-47-48-82|27-69-50-33-81-9-78-68-80-77|92-42-14-44-38-86-16-91-100-37-98-59|2-57-15-43-41-22-74-72-21-58|73-75-23-67-39-56-4-26|61-85-99-97-87-6-94-13-93-96|95-40-53
37,11,1100.9612,161.1254,144.0,227.5528,0,11,6.335487,6.350908,True,1-30-51-65-66-71-35-34|52-18-45-8-84-17-5-83-60-89|31-88-62-11-63-10-90-32-20-70|28-12-76-3-79-29-24-55-25-54|7-19-64-49-36-46-47-48-82|27-69-50-33-81-9-78-68-80-77|92-42-14-44-38-86-16-91-100-37-98-59|2-57-15-43-41-22-74-72-21-58|73-75-23-67-39-56-4-26|61-85-99-87-97-6-94-13-93-96|95-40-53
38,11,1101.0186,138.0348,176.0,227.3861,0,11,6.066,6.08115,True,1-30-51-65-66-71-35-34|5-18-45-8-84-61-17-83-60-89|52-31-88-62-11-63-10-90-32-20-70|21-73-75-23-67-39-56-4-26|28-12-76-3-79-29-24-55-25-54|7-19-64-49-36-46-47-48-82|27-69-50-33-81-9-78-68-80-77|92-42-14-44-38-86-16-91-100-37-93|2-57-15-43-41-22-74-72-58-96|95-59-85-98-99-97-87-6-94-13|40-53
39,11,1101.1183,138.5835,115.0,229.0292,0,11,5.378664,5.388072,True,27-69-30-71-65-66-35-34|52-18-45-8-84-17-83-60-89|31-88-62-11-63-10-90-32-20-70|28-12-76-3-79-29-24-55-25-54|7-19-64-49-36-46-47-48-82|1-50-33-51-9-81-78-68-80-77|92-42-14-44-38-86-16-91-100-98-93-59|2-57-15-43-41-22-74-72-21-58|73-75-23-67-39-56-4-26|5-61-85-99-87-6-96-97-13|94-95-37-40-53
40,11,1101.1183,138.5835,115.0,229.0292,0,11,5.378664,5.388072,True,27-69-30-71-65-66-35-34|52-18-45-8-84-17-83-60-89|31-88-62-11-63-10-90-32-20-70|28-12-76-3-79-29-24-55-25-54|7-19-64-49-36-46-47-48-82|1-50-33-51-9-81-78-68-80-77|92-42-14-44-38-86-16-91-100-98-93-59|2-57-15-43-41-22-74-72-21-58|73-75-23-67-39-56-4-26|5-61-85-99-87-6-96-97-13|94-95-37-40-53
41,11,1101.4433,155.399,174.0,227.3861,0,11,5.866,5.883682,True,1-30-51-65-66-71-35-34|5-18-45-8-84-61-17-83-60-89|52-31-88-62-11-63-10-90-32-20-70|21-73-75-23-67-39-56-4-26|28-12-76-3-79-29-24-55-25-54|7-19-64-49-36-46-47-48-82|27-69-50-33-81-9-78-68-80-77|92-42-14-44-38-86-16-91-100-37-93|2-57-15-43-41-22-74-72-95-96|59-98-85-99-97-87-6-94-13-58|40-53
42,11,1101.4433,155.399,174.0,227.3861,0,11,5.866,5.883682,True,1-30-51-65-66-71-35-34|5-18-45-8-84-61-17-83-60-89|52-31-88-62-11-63-10-90-32-20-70|21-73-75-23-67-39-56-4-26|28-12-76-3-79-29-24-55-25-54|7-19-64-49-36-46-47-48-82|27-69-50-33-81-9-78-68-80-77|92-42-14-44-38-86-16-91-100-37-93|2-57-15-43-41-22-74-72-95-96|59-98-85-99-97-87-6-94-13-58|40-53
43,11,1102.045,140.6289,173.0,227.3861,0,11,5.766,5.781547,True,1-30-51-65-66-71-35-34|59-18-45-8-84-61-17-83-60-89|52-31-88-62-11-63-10-90-32-20-70|21-73-75-23-67-39-56-4-26|28-12-76-3-79-29-24-55-25-54|7-19-64-49-36-46-47-48-82|27-69-50-33-81-9-78-68-80-77|92-42-14-44-38-86-16-91-100-85-93|2-57-15-43-41-22-74-72-58|40-53|5-98-37-99-97-87-6-96-94-13-95
44,11,1102.045,140.6289,173.0,227.3861,0,11,5.766,5.781547,True,1-30-51-65-66-71-35-34|59-18-45-8-84-61-17-83-60-89|52-31-88-62-11-63-10-90-32-20-70|21-73-75-23-67-39-56-4-26|28-12-76-3-79-29-24-55-25-54|7-19-64-49-36-46-47-48-82|27-69-50-33-81-9-78-68-80-77|92-42-14-44-38-86-16-91-100-85-93|2-57-15-43-41-22-74-72-58|40-53|5-98-37-99-97-87-6-96-94-13-95
45,11,1102.5262,156.6527,144.0,227.3861,0,11,5.801037,5.816232,True,1-30-51-65-66-71-35-34|52-18-45-8-84-17-5-83-60-89|31-88-62-11-63-10-90-32-20-70|73-75-23-67-39-56-4-26|28-12-76-3-79-29-24-55-25-54|7-19-64-49-36-46-47-48-82|27-69-50-33-81-9-78-68-80-77|42-14-44-38-86-16-91-100-85-93|2-57-15-43-41-22-74-72-21-58|92-98-37-61-99-87-6-96-13-97-59-95|94-40-53
46,11,1102.5262,156.6527,144.0,227.3861,0,11,5.801037,5.816232,True,1-30-51-65-66-71-35-34|52-18-45-8-84-17-5-83-60-89|31-88-62-11-63-10-90-32-20-70|73-75-23-67-39-56-4-26|28-12-76-3-79-29-24-55-25-54|7-19-64-49-36-46-47-48-82|27-69-50-33-81-9-78-68-80-77|42-14-44-38-86-16-91-100-85-93|2-57-15-43-41-22-74-72-21-58|92-98-37-61-99-87-6-96-13-97-59-95|94-40-53
47,11,1103.4349,159.5492,91.0,227.5528,0,11,6.099063,6.10969,True,1-30-51-65-66-71-35-34|52-18-45-8-84-17-5-83-60-89|31-88-62-11-63-10-90-32-20-70|94-40-87-97-6-93-95-13|73-75-23-67-39-56-4-26|28-12-76-3-79-29-24-55-25-54|7-19-64-49-36-46-47-48-82|27-69-50-33-81-9-78-68-80-77|92-42-14-44-38-86-16-91-100-37-98-59|2-57-15-43-41-22-74-72-21-58|61-85-99-96-53
48,11,1103.9147,149.1942,91.0,227.5528,0,11,6.217588,6.226805,True,1-30-65-66-71-35-34-77|52-18-45-8-84-17-5-83-60-89|27-31-88-62-11-63-10-90-32-20-70|94-40-87-97-6-93-95-13|73-75-23-67-39-56-4-26|28-69-76-3-79-29-24-55-25-54|7-19-64-49-36-46-47-48-82|92-42-14-44-38-86-16-91-100-37-98-59|2-57-15-43-41-22-74-72-21-58|61-85-99-96-53|50-33-51-9-81-78-68-80-12
49,11,1103.9147,149.1942,91.0,227.5528,0,11,6.217588,6.226805,True,1-30-65-66-71-35-34-77|52-18-45-8-84-17-5-83-60-89|27-31-88-62-11-63-10-90-32-20-70|94-40-87-97-6-93-95-13|73-75-23-67-39-56-4-26|28-69-76-3-79-29-24-55-25-54|7-19-64-49-36-46-47-48-82|92-42-14-44-38-86-16-91-100-37-98-59|2-57-15-43-41-22-74-72-21-58|61-85-99-96-53|50-33-51-9-81-78-68-80-12
50,11,1104.2859,143.0674,148.0,228.0579,0,11,6.328953,6.343139,True,27-69-30-65-66-71-35-34|52-18-45-8-84-17-83-60-93-89|1-31-88-62-11-63-10-90-32-20-70|28-12-76-3-79-29-24-55-25-54|7-19-64-49-36-46-47-48-82|50-33-51-9-81-78-68-80-77|92-42-14-44-38-86-16-91-100-37-98-59|2-57-15-43-41-22-74-72-21-58|73-75-23-67-39-56-4-26|5-61-85-99-87-94-6-96-97-13|95-40-53
51,11,1105.3991,139.521,141.0,227.534,0,11,6.662892,6.676101,True,33-51-71-65-66-35-34-50|52-18-45-8-84-61-17-83-60-89|31-88-62-11-63-10-90-32-20-70|28-12-76-3-79-29-24-55-25-54|7-19-64-49-36-46-47-48-82|27-69-1-30-9-78-81-68-80-77|92-42-14-44-38-86-16-91-100-98-59-95|2-57-15-43-41-22-74-72-21-58|73-75-23-67-39-56-4-26|5-85-37-99-97-87-6-96-93-13|94-40-53
52,11,1105.3991,139.521,141.0,227.534,0,11,6.662892,6.676101,True,33-51-71-65-66-35-34-50|52-18-45-8-84-61-17-83-60-89|31-88-62-11-63-10-90-32-20-70|28-12-76-3-79-29-24-55-25-54|7-19-64-49-36-46-47-48-82|27-69-1-30-9-78-81-68-80-77|92-42-14-44-38-86-16-91-100-98-59-95|2-57-15-43-41-22-74-72-21-58|73-75-23-67-39-56-4-26|5-85-37-99-97-87-6-96-93-13|94-40-53
53,11,1108.9159,100.932,168.0,227.3861,0,11,7.717944,7.729097,True,1-30-51-65-66-71-35-34|5-18-45-8-84-61-17-83-60-89|52-31-88-62-11-63-10-90-32-20-70|21-73-75-23-67-39-56-4-26|28-12-76-3-79-29-24-55-25-54|7-19-64-49-36-46-47-48-82|27-69-50-33-81-9-78-68-80-77|92-42-14-44-38-86-16-91-100-93-96|2-57-15-43-41-22-74-72-58|95-59-98-85-99-97-87-6-94-13|37-40-53
54,11,1108.9159,100.932,168.0,227.3861,0,11,7.717944,7.729097,True,1-30-51-65-66-71-35-34|5-18-45-8-84-61-17-83-60-89|52-31-88-62-11-63-10-90-32-20-70|21-73-75-23-67-39-56-4-26|28-12-76-3-79-29-24-55-25-54|7-19-64-49-36-46-47-48-82|27-69-50-33-81-9-78-68-80-77|92-42-14-44-38-86-16-91-100-93-96|2-57-15-43-41-22-74-72-58|95-59-98-85-99-97-87-6-94-13|37-40-53
55,11,1108.9369,122.5916,123.0,229.0292,0,11,7.724248,7.734403,True,27-69-30-65-66-71-35-34|52-18-45-8-84-17-83-60-89|1-31-88-62-11-63-10-90-32-20-70|28-12-3-78-79-29-24-55-25-54|7-19-64-49-36-46-47-48-82|50-76-33-81-9-51-68-80-77|92-42-14-44-38-86-16-91-100-98-93-59|2-57-15-43-41-22-74-72-21-58|73-75-23-67-39-56-4-26|5-61-85-37-99-87-6-96-97-13|94-95-40-53
56,11,1108.9369,122.5916,123.0,229.0292,0,11,7.724248,7.734403,True,27-69-30-65-66-71-35-34|52-18-45-8-84-17-83-60-89|1-31-88-62-11-63-10-90-32-20-70|28-12-3-78-79-29-24-55-25-54|7-19-64-49-36-46-47-48-82|50-76-33-81-9-51-68-80-77|92-42-14-44-38-86-16-91-100-98-93-59|2-57-15-43-41-22-74-72-21-58|73-75-23-67-39-56-4-26|5-61-85-37-99-87-6-96-97-13|94-95-40-53
57,11,1108.9576,179.4069,43.0,227.3861,0,11,9.077706,9.088143,True,1-30-51-65-66-71-35-34|52-18-45-8-84-17-5-83-60-89|31-88-62-11-63-10-90-32-20-70|40-87-94-6-13-95-93-96|73-23-67-39-56-4-26|28-12-76-3-79-29-24-55-25-54|7-19-64-49-36-46-47-48-82|27-69-50-33-81-9-78-68-80-77|92-42-14-44-38-86-16-91-100-97-37|2-57-15-43-41-22-75-74-72-21-58|59-98-85-61-99-53
58,11,1108.9576,179.4069,43.0,227.3861,0,11,9.077706,9.088143,True,1-30-51-65-66-71-35-34|52-18-45-8-84-17-5-83-60-89|31-88-62-11-63-10-90-32-20-70|40-87-94-6-13-95-93-96|73-23-67-39-56-4-26|28-12-76-3-79-29-24-55-25-54|7-19-64-49-36-46-47-48-82|27-69-50-33-81-9-78-68-80-77|92-42-14-44-38-86-16-91-100-97-37|2-57-15-43-41-22-75-74-72-21-58|59-98-85-61-99-53
59,11,1108.9576,179.4069,43.0,227.3861,0,11,9.077706,9.088143,True,1-30-51-65-66-71-35-34|52-18-45-8-84-17-5-83-60-89|31-88-62-11-63-10-90-32-20-70|40-87-94-6-13-95-93-96|73-23-67-39-56-4-26|28-12-76-3-79-29-24-55-25-54|7-19-64-49-36-46-47-48-82|27-69-50-33-81-9-78-68-80-77|92-42-14-44-38-86-16-91-100-97-37|2-57-15-43-41-22-75-74-72-21-58|59-98-85-61-99-53
60,11,1108.9576,179.4069,43.0,227.3861,0,11,9.077706,9.088143,True,1-30-51-65-66-71-35-34|52-18-45-8-84-17-5-83-60-89|31-88-62-11-63-10-90-32-20-70|40-87-94-6-13-95-93-96|73-23-67-39-56-4-26|28-12-76-3-79-29-24-55-25-54|7-19-64-49-36-46-47-48-82|27-69-50-33-81-9-78-68-80-77|92-42-14-44-38-86-16-91-100-97-37|2-57-15-43-41-22-75-74-72-21-58|59-98-85-61-99-53
61,12,1109.1204,215.9582,185.0,227.0562,0,12,14.560413,14.590833,True,1-33-51-65-66-71-35-34|52-18-45-8-84-17-5-83-60-89|31-88-62-11-63-10-90-32-70-50|28-12-76-3-79-29-24-55-25-54|7-19-64-49-36-46-47-48-82|27-69-30-20-9-78-81-68-80-77|42-14-44-38-86-61-16-91-100-93-59|2-57-15-43-41-22-74-72-21-58|73-75-23-67-39-56-4-26|95-92-85-98-37-87-97-6-96-94-13|40-53|99
62,12,1109.1204,215.9582,185.0,227.0562,0,12,14.560413,14.590833,True,1-33-51-65-66-71-35-34|52-18-45-8-84-17-5-83-60-89|31-88-62-11-63-10-90-32-70-50|28-12-76-3-79-29-24-55-25-54|7-19-64-49-36-46-47-48-82|27-69-30-20-9-78-81-68-80-77|42-14-44-38-86-61-16-91-100-93-59|2-57-15-43-41-22-74-72-21-58|73-75-23-67-39-56-4-26|95-92-85-98-37-87-97-6-96-94-13|40-53|99
63,11,1109.4119,146.4629,159.0,227.3861,0,11,7.866757,7.883989,True,1-30-51-65-66-71-35-34|59-18-45-8-84-17-5-83-60-89|52-31-88-62-11-63-10-90-32-20-70|21-73-75-23-67-39-56-4-26|28-50-76-3-79-29-24-55-25-54|7-19-64-49-36-46-47-48-82|27-69-33-81-9-78-68-80-77-12|92-42-14-44-38-86-16-91-100-37-93|2-57-15-43-41-22-74-72-95-96|98-85-61-99-97-87-6-94-13-58|40-53
64,11,1110.7129,142.4227,102.0,227.3861,0,11,8.257036,8.268352,True,1-30-51-65-66-71-35-34|83-18-45-8-84-61-17-5-60-89|52-31-88-62-11-63-10-90-32-20-70|94-40-87-97-6-93-95-13|73-75-23-67-39-56-4-26|28-12-76-3-79-29-24-55-25-54|7-19-64-49-36-46-47-48-82|27-69-50-33-81-9-78-68-80-77|42-14-44-38-86-16-91-100-37-59-96|2-57-15-43-41-22-74-72-21-58|92-98-85-99-53
65,11,1110.7129,142.4227,102.0,227.3861,0,11,8.257036,8.268352,True,1-30-51-65-66-71-35-34|83-18-45-8-84-61-17-5-60-89|52-31-88-62-11-63-10-90-32-20-70|94-40-87-97-6-93-95-13|73-75-23-67-39-56-4-26|28-12-76-3-79-29-24-55-25-54|7-19-64-49-36-46-47-48-82|27-69-50-33-81-9-78-68-80-77|42-14-44-38-86-16-91-100-37-59-96|2-57-15-43-41-22-74-72-21-58|92-98-85-99-53
66,11,1110.7725,170.7522,43.0,227.3861,0,11,8.274913,8.284596,True,1-30-51-65-66-71-35-34|52-18-45-8-84-17-5-83-60-89|31-88-62-11-63-10-90-32-20-70|40-87-94-6-96-93-13-95|73-23-67-39-56-4-26|28-12-76-3-79-29-24-55-25-54|7-19-64-49-36-46-47-48-82|27-69-50-33-81-9-78-68-80-77|92-42-14-44-38-86-16-91-100-97-37|2-57-15-43-41-22-75-74-72-21-58|59-98-85-61-99-53
67,11,1110.7725,170.7522,43.0,227.3861,0,11,8.274913,8.284596,True,1-30-51-65-66-71-35-34|52-18-45-8-84-17-5-83-60-89|31-88-62-11-63-10-90-32-20-70|40-87-94-6-96-93-13-95|73-23-67-39-56-4-26|28-12-76-3-79-29-24-55-25-54|7-19-64-49-36-46-47-48-82|27-69-50-33-81-9-78-68-80-77|92-42-14-44-38-86-16-91-100-97-37|2-57-15-43-41-22-75-74-72-21-58|59-98-85-61-99-53
68,11,1113.8762,170.7522,38.0,227.3861,0,11,9.206024,9.216138,True,1-30-51-65-66-71-35-34|52-18-45-8-84-17-93-5-83-60|31-88-62-11-63-10-90-32-20-70|40-87-94-6-96-95-13-89|73-23-67-39-56-4-26|28-12-76-3-79-29-24-55-25-54|7-19-64-49-36-46-47-48-82|27-69-50-33-81-9-78-68-80-77|92-42-14-44-38-86-16-91-100-97-37|2-57-15-43-41-22-75-74-72-21-58|59-98-85-61-99-53
69,11,1113.8762,170.7522,38.0,227.3861,0,11,9.206024,9.216138,True,1-30-51-65-66-71-35-34|52-18-45-8-84-17-93-5-83-60|31-88-62-11-63-10-90-32-20-70|40-87-94-6-96-95-13-89|73-23-67-39-56-4-26|28-12-76-3-79-29-24-55-25-54|7-19-64-49-36-46-47-48-82|27-69-50-33-81-9-78-68-80-77|92-42-14-44-38-86-16-91-100-97-37|2-57-15-43-41-22-75-74-72-21-58|59-98-85-61-99-53
70,11,1114.3833,147.7031,101.0,227.3861,0,11,9.358159,9.371268,True,1-30-51-65-66-71-35-34|52-18-45-8-84-17-5-83-60-89|31-88-62-11-63-10-90-32-20-70|40-87-94-6-96-93-98-100-37|2-73-23-67-39-56-4-26|28-12-76-3-79-29-24-55-25-54|7-19-64-49-36-46-47-48-82|27-69-50-33-81-9-78-68-80-77|92-14-44-38-86-16-85-97-13|42-57-15-43-41-22-75-74-72-21-58|95-59-91-61-99-53
71,11,1114.3833,147.7031,101.0,227.3861,0,11,9.358159,9.371268,True,1-30-51-65-66-71-35-34|52-18-45-8-84-17-5-83-60-89|31-88-62-11-63-10-90-32-20-70|40-87-94-6-96-93-98-100-37|2-73-23-67-39-56-4-26|28-12-76-3-79-29-24-55-25-54|7-19-64-49-36-46-47-48-82|27-69-50-33-81-9-78-68-80-77|92-14-44-38-86-16-85-97-13|42-57-15-43-41-22-75-74-72-21-58|95-59-91-61-99-53
72,11,1115.829,168.2847,111.0,226.4402,0,11,9.79187,9.809358,True,52-18-45-8-84-17-5-83-60-89|31-88-62-11-63-10-90-32-50|28-76-3-79-29-24-55-25-54|7-19-64-49-36-46-47-48-82|27-69-30-33-81-78-34-68-80-77|95-42-14-44-38-86-16-91-100-37-98-96|2-57-15-43-41-22-74-72-58|21-73-75-23-67-39-56-4-26|92-85-61-99-97-87-6-93-59-13|94-53-40-12|1-51-71-65-9-35-66-20-70
73,11,1115.829,168.2847,111.0,226.4402,0,11,9.79187,9.809358,True,52-18-45-8-84-17-5-83-60-89|31-88-62-11-63-10-90-32-50|28-76-3-79-29-24-55-25-54|7-19-64-49-36-46-47-48-82|27-69-30-33-81-78-34-68-80-77|95-42-14-44-38-86-16-91-100-37-98-96|2-57-15-43-41-22-74-72-58|21-73-75-23-67-39-56-4-26|92-85-61-99-97-87-6-93-59-13|94-53-40-12|1-51-71-65-9-35-66-20-70
74,11,1116.2529,162.5101,86.0,227.3861,0,11,9.919054,9.933445,True,1-30-51-65-66-71-35-34|52-18-45-8-84-17-5-83-60-89|31-88-62-11-63-10-90-32-20-70|94-40-87-97-6-93-95-13|73-75-23-67-39-56-4-26|28-12-76-3-79-29-24-55-25-54|7-19-64-49-36-46-47-48-82|27-69-50-33-81-9-78-68-80-77|92-14-44-38-86-16-91-100-37-98-59|42-57-15-43-41-22-74-72-21-2-58|61-85-99-96-53
75,11,1116.2529,162.5101,86.0,227.3861,0,11,9.919054,9.933445,True,1-30-51-65-66-71-35-34|52-18-45-8-84-17-5-83-60-89|31-88-62-11-63-10-90-32-20-70|94-40-87-97-6-93-95-13|73-75-23-67-39-56-4-26|28-12-76-3-79-29-24-55-25-54|7-19-64-49-36-46-47-48-82|27-69-50-33-81-9-78-68-80-77|92-14-44-38-86-16-91-100-37-98-59|42-57-15-43-41-22-74-72-21-2-58|61-85-99-96-53
76,11,1117.6918,103.9825,166.0,227.8783,0,11,10.350711,10.364828,True,1-30-51-65-66-71-35-34|5-83-18-45-8-84-17-60-89|52-31-88-62-11-63-10-90-32-20-70|21-73-75-23-67-39-56-4-26|28-12-76-3-79-29-24-55-25-54|7-19-64-49-36-46-47-48-82|27-69-50-33-81-9-78-68-80-77|95-42-14-44-38-86-16-91-100-37-98-93|2-57-15-43-41-22-74-72-58-96|59-85-61-99-97-87-6-94-13|92-40-53
77,11,1117.6918,103.9825,166.0,227.8783,0,11,10.350711,10.364828,True,1-30-51-65-66-71-35-34|5-83-18-45-8-84-17-60-89|52-31-88-62-11-63-10-90-32-20-70|21-73-75-23-67-39-56-4-26|28-12-76-3-79-29-24-55-25-54|7-19-64-49-36-46-47-48-82|27-69-50-33-81-9-78-68-80-77|95-42-14-44-38-86-16-91-100-37-98-93|2-57-15-43-41-22-74-72-58-96|59-85-61-99-97-87-6-94-13|92-40-53
78,11,1117.9763,156.3578,99.0,227.3861,0,11,10.436056,10.451341,True,1-30-51-65-66-71-35-34|52-18-45-8-84-17-5-83-60-89|31-88-62-11-63-10-90-32-20-70|40-87-94-6-13-95-93-96|2-73-23-67-39-56-4-26|28-12-76-3-79-29-24-55-25-54|7-19-64-49-36-46-47-48-82|27-69-50-33-81-9-78-68-80-77|92-14-44-38-86-16-85-91-100-97|42-57-15-43-41-22-75-74-72-21-58|59-98-37-61-99-53
79,11,1117.9763,156.3578,99.0,227.3861,0,11,10.436056,10.451341,True,1-30-51-65-66-71-35-34|52-18-45-8-84-17-5-83-60-89|31-88-62-11-63-10-90-32-20-70|40-87-94-6-13-95-93-96|2-73-23-67-39-56-4-26|28-12-76-3-79-29-24-55-25-54|7-19-64-49-36-46-47-48-82|27-69-50-33-81-9-78-68-80-77|92-14-44-38-86-16-85-91-100-97|42-57-15-43-41-22-75-74-72-21-58|59-98-37-61-99-53
80,12,1120.3548,292.9768,105.0,226.5649,0,12,26.113202,26.150471,True,88-51-9-71-35-34-3-77|18-45-8-84-61-17-5-60-89|62-11-64-63-90-10-70-1|28-76-29-24-55-25-54|52-7-19-47-49-36-46-48-82-83|50-33-81-78-79-68-80-12|42-14-44-38-86-16-91-100-37-93-96|2-57-15-43-41-22-74-72-21-58|73-75-23-67-39-56-4-26|59-92-98-85-99-97-87|53-40-6-94-95-13|27-69-30-20-65-66-32-31
81,12,1120.9975,283.6915,105.0,226.5649,0,12,24.720398,24.756467,True,88-51-9-71-35-34-3-77|18-45-8-84-61-17-5-60-89|62-11-64-63-90-10-70-1|28-76-29-24-55-25-54|52-7-19-47-49-36-46-48-82-83|50-33-81-78-79-68-80-12|42-14-44-38-86-16-91-100-37-93-96|2-57-15-43-41-22-74-72-58|21-73-75-23-67-39-56-4-26|59-92-98-85-99-97-87|53-40-6-94-95-13|27-69-30-20-65-66-32-31
82,12,1120.9975,283.6915,105.0,226.5649,0,12,24.720398,24.756467,True,88-51-9-71-35-34-3-77|18-45-8-84-61-17-5-60-89|62-11-64-63-90-10-70-1|28-76-29-24-55-25-54|52-7-19-47-49-36-46-48-82-83|50-33-81-78-79-68-80-12|42-14-44-38-86-16-91-100-37-93-96|2-57-15-43-41-22-74-72-58|21-73-75-23-67-39-56-4-26|59-92-98-85-99-97-87|53-40-6-94-95-13|27-69-30-20-65-66-32-31
83,12,1122.2401,364.6737,135.0,224.6339,0,12,36.867738,36.919037,True,18-45-8-84-61-17-83-60-89|52-88-62-11-63-10-90-32-70-31|53-40-55-25-54|7-19-64-49-36-46-47-48-82|1-30-51-9-34-78-29-68-80-12|92-37-44-38-86-16-91-100-98-59-95|2-57-15-43-41-22-74-72-21-58|73-75-23-67-39-56-4-24-26|5-85-14-42-87-97-94-13|27-69-50-76-79-3-77|6-99-93-96|28-33-81-65-35-71-66-20
84,12,1122.2401,364.6737,135.0,224.6339,0,12,36.867738,36.919037,True,18-45-8-84-61-17-83-60-89|52-88-62-11-63-10-90-32-70-31|53-40-55-25-54|7-19-64-49-36-46-47-48-82|1-30-51-9-34-78-29-68-80-12|92-37-44-38-86-16-91-100-98-59-95|2-57-15-43-41-22-74-72-21-58|73-75-23-67-39-56-4-24-26|5-85-14-42-87-97-94-13|27-69-50-76-79-3-77|6-99-93-96|28-33-81-65-35-71-66-20
85,11,1122.3068,116.1172,123.0,229.0292,0,11,11.735229,11.748424,True,27-69-30-71-65-66-35-34|52-18-45-8-84-17-83-60-89|31-88-62-11-63-10-90-32-20-70|28-12-50-76-33-79-24-55-25-54|7-19-64-49-36-46-47-48-82|1-3-51-9-81-78-29-68-80-77|92-42-14-44-38-86-16-91-100-98-93-59|2-57-15-43-41-22-74-72-21-58|73-75-23-67-39-56-4-26|5-61-85-37-99-87-6-96-97-13|94-95-40-53
86,11,1122.65,116.3569,85.0,227.3861,0,11,11.838171,11.847458,True,1-30-51-65-66-71-35-34|52-18-45-8-84-17-83-60-89|73-75-23-67-39-56-4-26|28-12-76-3-79-29-24-55-25-54|7-19-64-49-36-46-47-48-82|27-69-50-33-81-9-78-68-80-77|92-42-14-44-38-86-16-91-100-37-59|2-57-15-43-41-22-74-72-21-58|5-61-96-99-94-53|31-88-62-11-63-10-90-32-20-70|85-98-40-87-97-6-93-95-13
87,11,1122.65,116.3569,85.0,227.3861,0,11,11.838171,11.847458,True,1-30-51-65-66-71-35-34|52-18-45-8-84-17-83-60-89|73-75-23-67-39-56-4-26|28-12-76-3-79-29-24-55-25-54|7-19-64-49-36-46-47-48-82|27-69-50-33-81-9-78-68-80-77|92-42-14-44-38-86-16-91-100-37-59|2-57-15-43-41-22-74-72-21-58|5-61-96-99-94-53|31-88-62-11-63-10-90-32-20-70|85-98-40-87-97-6-93-95-13
88,11,1124.0188,140.9832,77.0,227.5528,0,11,12.248817,12.261434,True,1-30-51-65-66-71-35-34|52-18-45-8-84-17-5-83-60-89|31-88-62-11-63-10-90-32-20-70|61-40-87-97-6-93-95-13|73-75-23-67-39-56-4-26|28-12-76-3-79-29-24-55-25-54|7-19-64-49-36-46-47-48-82|27-69-50-33-81-9-78-68-80-77|92-42-14-44-38-86-16-91-100-37-98-59|2-57-15-43-41-22-74-72-21-58|94-85-99-96-53
89,11,1124.0188,140.9832,77.0,227.5528,0,11,12.248817,12.261434,True,1-30-51-65-66-71-35-34|52-18-45-8-84-17-5-83-60-89|31-88-62-11-63-10-90-32-20-70|61-40-87-97-6-93-95-13|73-75-23-67-39-56-4-26|28-12-76-3-79-29-24-55-25-54|7-19-64-49-36-46-47-48-82|27-69-50-33-81-9-78-68-80-77|92-42-14-44-38-86-16-91-100-37-98-59|2-57-15-43-41-22-74-72-21-58|94-85-99-96-53
90,11,1124.7632,148.1675,45.0,229.2508,0,11,12.472139,12.483112,True,1-30-51-65-66-71-35-34|52-18-45-8-84-17-5-83-60-89|31-88-62-11-63-10-90-32-20-70|95-40-87-94-6-13-91-93-96|73-75-23-67-39-56-4-26|28-12-76-3-79-29-24-55-25-54|7-19-64-49-36-46-47-48-82|27-69-50-33-81-9-78-68-80-77|42-14-44-38-86-61-16-100-97|2-57-15-43-41-22-74-72-21-58|59-92-37-98-85-99-53
91,11,1124.7632,148.1675,45.0,229.2508,0,11,12.472139,12.483112,True,1-30-51-65-66-71-35-34|52-18-45-8-84-17-5-83-60-89|31-88-62-11-63-10-90-32-20-70|95-40-87-94-6-13-91-93-96|73-75-23-67-39-56-4-26|28-12-76-3-79-29-24-55-25-54|7-19-64-49-36-46-47-48-82|27-69-50-33-81-9-78-68-80-77|42-14-44-38-86-61-16-100-97|2-57-15-43-41-22-74-72-21-58|59-92-37-98-85-99-53
92,11,1125.8126,164.416,43.0,227.3861,0,11,12.786951,12.800195,True,1-30-51-65-66-71-35-34|52-18-45-8-84-17-5-83-60-89|31-88-62-11-63-10-90-32-20-70|94-40-87-6-13-95-93-96|73-23-67-39-56-4-26|28-12-76-3-79-29-24-55-25-54|7-19-64-49-36-46-47-48-82|27-69-50-33-81-9-78-68-80-77|92-42-14-44-38-86-16-91-100-97-37|2-57-15-43-41-22-75-74-72-21-58|59-98-61-85-99-53
93,11,1125.8126,164.416,43.0,227.3861,0,11,12.786951,12.800195,True,1-30-51-65-66-71-35-34|52-18-45-8-84-17-5-83-60-89|31-88-62-11-63-10-90-32-20-70|94-40-87-6-13-95-93-96|73-23-67-39-56-4-26|28-12-76-3-79-29-24-55-25-54|7-19-64-49-36-46-47-48-82|27-69-50-33-81-9-78-68-80-77|92-42-14-44-38-86-16-91-100-97-37|2-57-15-43-41-22-75-74-72-21-58|59-98-61-85-99-53
94,12,1126.3401,278.8327,101.0,225.5889,0,12,23.991581,24.027977,True,30-51-71-65-35-34-12|52-18-45-8-84-17-5-83-60-89|31-88-62-11-63-90-10-70|28-76-3-79-29-24-55-25-54|7-19-64-49-36-46-47-48-82|27-50-33-81-9-78-68-80-77|42-14-44-38-86-16-91-100-98-93-96|2-57-15-43-41-22-74-72-21-58|73-75-23-67-39-56-4-26|92-85-61-99-97-87-37-59|53-40-6-94-95-13|69-32-66-20-1
95,12,1126.3401,278.8327,101.0,225.5889,0,12,23.991581,24.027977,True,30-51-71-65-35-34-12|52-18-45-8-84-17-5-83-60-89|31-88-62-11-63-90-10-70|28-76-3-79-29-24-55-25-54|7-19-64-49-36-46-47-48-82|27-50-33-81-9-78-68-80-77|42-14-44-38-86-16-91-100-98-93-96|2-57-15-43-41-22-74-72-21-58|73-75-23-67-39-56-4-26|92-85-61-99-97-87-37-59|53-40-6-94-95-13|69-32-66-20-1
96,11,1126.875,151.3981,168.0,227.1051,0,11,13.105668,13.129737,True,28-1-30-81-65-71-66-20-50|5-18-45-8-84-61-17-83-60-89|52-88-62-11-63-10-90-32-70-31|73-75-23-67-39-56-4-54-12-26|27-69-76-78-29-24-55-25-80|7-19-64-49-36-46-47-48-82|51-33-3-79-9-35-34-68-77|42-14-44-38-86-16-91-100-37-93-59|2-57-15-43-41-22-74-72-21-58|95-92-98-85-99-87-94-6-96-97-13|40-53
97,11,1126.875,151.3981,168.0,227.1051,0,11,13.105668,13.129737,True,28-1-30-81-65-71-66-20-50|5-18-45-8-84-61-17-83-60-89|52-88-62-11-63-10-90-32-70-31|73-75-23-67-39-56-4-54-12-26|27-69-76-78-29-24-55-25-80|7-19-64-49-36-46-47-48-82|51-33-3-79-9-35-34-68-77|42-14-44-38-86-16-91-100-37-93-59|2-57-15-43-41-22-74-72-21-58|95-92-98-85-99-87-94-6-96-97-13|40-53
98,11,1131.1147,145.7076,98.0,225.5671,0,11,14.377574,14.39483,True,33-51-30-65-66-71-35-34|18-45-8-84-61-17-83-60-89|52-88-62-11-63-10-90-32-70-31|28-12-50-76-3-79-29-24-55-25-54|7-19-64-49-36-46-47-48-82|27-69-1-20-9-78-81-68-80-77|95-92-14-44-38-86-16-91-100-98-59|42-57-15-43-41-22-74-72-21-2-58|73-75-23-67-39-56-4-26|5-85-37-99-94-53|40-87-97-6-96-93-13
99,11,1131.1147,145.7076,98.0,225.5671,0,11,14.377574,14.39483,True,33-51-30-65-66-71-35-34|18-45-8-84-61-17-83-60-89|52-88-62-11-63-10-90-32-70-31|28-12-50-76-3-79-29-24-55-25-54|7-19-64-49-36-46-47-48-82|27-69-1-20-9-78-81-68-80-77|95-92-14-44-38-86-16-91-100-98-59|42-57-15-43-41-22-74-72-21-2-58|73-75-23-67-39-56-4-26|5-85-37-99-94-53|40-87-97-6-96-93-13
100,12,1135.4224,288.8496,82.0,226.5649,0,12,25.494123,25.532993,True,88-31-51-71-35-34-3-77|18-45-8-84-17-5-83-60-89|62-11-64-63-10-90-32-70|28-76-79-29-24-55-25-54|52-7-19-49-36-46-47-48-82|50-33-81-9-78-68-80-12|42-14-44-38-86-16-91-100-37-93-96|2-57-15-43-41-22-74-72-58|21-73-75-23-67-39-56-4-26|92-98-85-61-99-87-97-59|53-40-6-94-95-13|27-69-30-65-66-20-1
101,12,1135.4224,288.8496,82.0,226.5649,0,12,25.494123,25.532993,True,88-31-51-71-35-34-3-77|18-45-8-84-17-5-83-60-89|62-11-64-63-10-90-32-70|28-76-79-29-24-55-25-54|52-7-19-49-36-46-47-48-82|50-33-81-9-78-68-80-12|42-14-44-38-86-16-91-100-37-93-96|2-57-15-43-41-22-74-72-58|21-73-75-23-67-39-56-4-26|92-98-85-61-99-87-97-59|53-40-6-94-95-13|27-69-30-65-66-20-1
102,11,1137.5731,121.7711,145.0,227.3,0,11,16.315111,16.335674,True,1-51-81-78-65-71-66-20-70|5-18-45-8-84-61-17-83-60-89|52-88-62-11-63-10-90-32-31|21-73-75-23-67-39-56-4-26|28-12-76-3-79-29-24-55-25-54|7-19-64-49-36-46-47-48-82|27-69-50-33-9-35-34-68-80-77|42-14-44-38-86-16-91-100-37-93-59|2-57-15-43-41-22-74-72-58-96|95-92-98-85-99-97-87-6-94-13|30-40-53
103,11,1137.5731,121.7711,145.0,227.3,0,11,16.315111,16.335674,True,1-51-81-78-65-71-66-20-70|5-18-45-8-84-61-17-83-60-89|52-88-62-11-63-10-90-32-31|21-73-75-23-67-39-56-4-26|28-12-76-3-79-29-24-55-25-54|7-19-64-49-36-46-47-48-82|27-69-50-33-9-35-34-68-80-77|42-14-44-38-86-16-91-100-37-93-59|2-57-15-43-41-22-74-72-58-96|95-92-98-85-99-97-87-6-94-13|30-40-53
104,11,1139.0835,137.6348,98.0,227.0562,0,11,16.768235,16.786894,True,33-51-30-65-66-71-35-34|52-18-45-8-84-61-17-83-60-89|31-88-62-11-63-10-90-32-70-50|28-12-76-3-79-29-24-55-25-54|7-19-64-49-36-46-47-48-82|27-69-1-20-9-78-81-68-80-77|42-14-44-38-86-16-91-100-98-59-95|2-57-15-43-41-22-74-72-21-58|73-75-23-67-39-56-4-26|5-92-37-99-97-87-6-96-93-13|94-85-40-53
105,11,1139.0835,137.6348,98.0,227.0562,0,11,16.768235,16.786894,True,33-51-30-65-66-71-35-34|52-18-45-8-84-61-17-83-60-89|31-88-62-11-63-10-90-32-70-50|28-12-76-3-79-29-24-55-25-54|7-19-64-49-36-46-47-48-82|27-69-1-20-9-78-81-68-80-77|42-14-44-38-86-16-91-100-98-59-95|2-57-15-43-41-22-74-72-21-58|73-75-23-67-39-56-4-26|5-92-37-99-97-87-6-96-93-13|94-85-40-53
106,12,1139.9651,313.671,100.0,224.509,0,12,29.217326,29.262774,True,51-71-35-34-3-77|18-45-8-84-17-5-83-60-89|88-62-11-19-10-90-32-70-1|28-76-79-29-24-55-25-54|52-7-64-49-36-46-47-48-82|50-33-81-9-78-68-80-12|42-14-44-38-86-61-16-91-100-37-93|2-57-15-43-41-22-74-72-21-58|73-75-23-67-39-56-4-26|92-98-85-99-59-87-97-96|53-40-6-94-95-13|27-69-30-20-65-66-63-31
107,12,1139.9651,313.671,100.0,224.509,0,12,29.217326,29.262774,True,51-71-35-34-3-77|18-45-8-84-17-5-83-60-89|88-62-11-19-10-90-32-70-1|28-76-79-29-24-55-25-54|52-7-64-49-36-46-47-48-82|50-33-81-9-78-68-80-12|42-14-44-38-86-61-16-91-100-37-93|2-57-15-43-41-22-74-72-21-58|73-75-23-67-39-56-4-26|92-98-85-99-59-87-97-96|53-40-6-94-95-13|27-69-30-20-65-66-63-31
108,11,1140.0865,155.8784,60.0,227.3861,0,11,17.069134,17.087081,True,33-51-30-65-66-71-35-34|52-18-45-8-84-17-5-83-60-89|27-31-88-62-11-63-10-90-32-20-70|40-87-94-6-13-95-93-96|73-75-23-67-39-56-4-26|28-12-76-3-24-55-25-54-80|7-19-64-49-36-46-47-48-82|1-69-81-79-9-78-29-68-77-50|92-42-14-44-38-86-16-91-100-97-37|2-57-15-43-41-22-74-72-21-58|59-98-85-61-99-53
109,11,1140.0865,155.8784,60.0,227.3861,0,11,17.069134,17.087081,True,33-51-30-65-66-71-35-34|52-18-45-8-84-17-5-83-60-89|27-31-88-62-11-63-10-90-32-20-70|40-87-94-6-13-95-93-96|73-75-23-67-39-56-4-26|28-12-76-3-24-55-25-54-80|7-19-64-49-36-46-47-48-82|1-69-81-79-9-78-29-68-77-50|92-42-14-44-38-86-16-91-100-97-37|2-57-15-43-41-22-74-72-21-58|59-98-85-61-99-53
110,11,1141.5107,89.7124,161.0,227.7858,0,11,17.496385,17.514994,True,1-30-51-65-66-71-35-34|5-83-18-45-8-84-17-60-96-89|52-31-88-62-11-63-10-90-32-20-70|21-73-75-23-67-39-56-4-26|28-12-76-3-79-29-24-55-25-54|7-19-64-49-36-46-47-48-82|27-69-50-33-81-9-78-68-80-77|92-86-44-38-16-61-91-14-100-93|2-42-15-43-41-22-74-72-58|95-59-98-85-99-97-87-6-94-13|37-57-40-53
111,11,1141.5107,89.7124,161.0,227.7858,0,11,17.496385,17.514994,True,1-30-51-65-66-71-35-34|5-83-18-45-8-84-17-60-96-89|52-31-88-62-11-63-10-90-32-20-70|21-73-75-23-67-39-56-4-26|28-12-76-3-79-29-24-55-25-54|7-19-64-49-36-46-47-48-82|27-69-50-33-81-9-78-68-80-77|92-86-44-38-16-61-91-14-100-93|2-42-15-43-41-22-74-72-58|95-59-98-85-99-97-87-6-94-13|37-57-40-53
112,11,1143.9426,176.3643,61.0,227.0385,0,11,18.225943,18.248168,True,1-30-51-71-65-35-34-77|52-18-45-8-84-17-5-83-60-89|31-88-62-11-63-10-66-20-70|40-87-94-6-96-95-97-13|73-75-23-67-39-56-4-26|28-12-76-3-79-29-24-55-25-54|7-19-64-49-36-46-47-48-82|27-69-50-33-81-9-78-68-80|42-14-44-38-86-16-91-100-37-98-93|2-57-15-43-41-22-74-72-21-58|92-59-85-61-99-53-90-32
113,11,1143.9426,176.3643,61.0,227.0385,0,11,18.225943,18.248168,True,1-30-51-71-65-35-34-77|52-18-45-8-84-17-5-83-60-89|31-88-62-11-63-10-66-20-70|40-87-94-6-96-95-97-13|73-75-23-67-39-56-4-26|28-12-76-3-79-29-24-55-25-54|7-19-64-49-36-46-47-48-82|27-69-50-33-81-9-78-68-80|42-14-44-38-86-16-91-100-37-98-93|2-57-15-43-41-22-74-72-21-58|92-59-85-61-99-53-90-32
114,11,1145.0395,112.1117,131.0,227.3861,0,11,18.555042,18.575009,True,1-30-51-65-66-71-35-34|85-18-45-8-84-17-83-60-96-89|52-31-88-62-11-63-10-90-32-20-70|73-75-23-67-39-56-4-26|28-12-76-3-79-29-24-55-25-54|7-19-64-49-36-46-47-48-82|27-69-50-33-81-9-78-68-80-77|42-14-44-38-86-61-16-91-100-37-59|2-57-15-43-41-22-74-72-21-58|95-94-92-99-97-87-6-13-98-93|5-40-53
115,11,1145.0395,112.1117,131.0,227.3861,0,11,18.555042,18.575009,True,1-30-51-65-66-71-35-34|85-18-45-8-84-17-83-60-96-89|52-31-88-62-11-63-10-90-32-20-70|73-75-23-67-39-56-4-26|28-12-76-3-79-29-24-55-25-54|7-19-64-49-36-46-47-48-82|27-69-50-33-81-9-78-68-80-77|42-14-44-38-86-61-16-91-100-37-59|2-57-15-43-41-22-74-72-21-58|95-94-92-99-97-87-6-13-98-93|5-40-53
116,11,1147.9608,92.1145,123.0,229.0292,0,11,19.431412,19.448703,True,27-69-30-65-66-71-35-34|52-18-45-8-84-17-83-60-89|1-31-88-62-11-63-10-90-32-70-50|28-12-3-76-33-79-24-55-25-54|7-19-64-49-36-46-47-48-82|29-81-78-9-20-51-68-80-77|92-42-14-44-38-86-16-91-100-98-93-59|2-57-15-43-41-22-74-72-21-58|73-75-23-67-39-56-4-26|5-61-85-37-99-87-6-96-97-13|94-95-40-53
117,11,1151.5835,174.4171,97.0,227.0562,0,11,20.518232,20.546059,True,33-30-65-35-71-66-20|52-18-45-8-84-17-5-83-60-89|31-88-62-11-63-10-90-32-70-50|28-76-3-79-29-24-55-25-54|7-19-64-49-36-46-47-48-82|27-69-1-51-9-81-78-68-80-77|95-42-14-44-38-86-16-91-100-37-98-96|2-57-15-43-41-22-74-72-58|21-73-75-23-67-39-56-4-26|92-85-61-99-97-87-6-93-59-13|94-53-40-12-34
118,12,1151.7806,299.9861,125.0,224.6339,0,12,27.164599,27.214057,True,52-18-45-8-84-17-83-60-89|31-88-62-11-63-10-90-32-70-1|53-40-55-25-54|7-19-64-49-36-46-47-48-82|27-69-30-20-51-9-29-68-80-12|92-37-44-38-86-16-91-100-98-59-95|2-57-15-43-41-22-74-72-21-58|73-75-23-67-39-56-4-26|5-61-85-42-87-97-6-96-94|28-76-3-79-78-34-24-77|99-14-93-13|33-81-65-66-71-35-50
119,12,1151.7806,299.9861,125.0,224.6339,0,12,27.164599,27.214057,True,52-18-45-8-84-17-83-60-89|31-88-62-11-63-10-90-32-70-1|53-40-55-25-54|7-19-64-49-36-46-47-48-82|27-69-30-20-51-9-29-68-80-12|92-37-44-38-86-16-91-100-98-59-95|2-57-15-43-41-22-74-72-21-58|73-75-23-67-39-56-4-26|5-61-85-42-87-97-6-96-94|28-76-3-79-78-34-24-77|99-14-93-13|33-81-65-66-71-35-50
120,11,1153.7222,118.7072,111.0,227.0562,0,11,21.159844,21.181356,True,33-51-30-65-66-71-35-34|52-18-45-8-84-61-17-83-60-89|31-88-62-11-63-10-90-32-70-50|28-12-76-3-79-29-24-55-25-54|7-19-64-49-36-46-47-48-82|27-69-1-20-9-78-81-68-80-77|94-92-44-38-86-16-91-100-98-59|42-57-15-43-41-22-74-72-21-58|73-75-23-67-39-56-4-26|5-85-37-99-97-87-6-96-93-13|95-14-2-40-53
121,11,1153.7222,118.7072,111.0,227.0562,0,11,21.159844,21.181356,True,33-51-30-65-66-71-35-34|52-18-45-8-84-61-17-83-60-89|31-88-62-11-63-10-90-32-70-50|28-12-76-3-79-29-24-55-25-54|7-19-64-49-36-46-47-48-82|27-69-1-20-9-78-81-68-80-77|94-92-44-38-86-16-91-100-98-59|42-57-15-43-41-22-74-72-21-58|73-75-23-67-39-56-4-26|5-85-37-99-97-87-6-96-93-13|95-14-2-40-53
122,12,1156.9732,292.2959,82.0,222.3329,0,12,26.011056,26.056274,True,88-51-71-35-34-3-77|18-45-8-84-17-5-83-60-89|62-11-64-10-90-32-70-1|28-76-79-29-24-55-25-54|52-7-19-49-36-46-47-48-82|50-33-81-9-78-68-80-12|42-14-44-38-86-61-16-91-100-37-96|2-57-15-43-41-22-74-72-58|21-73-75-23-67-39-56-4-26|92-98-85-99-59-87-97-93|53-40-6-94-95-13|27-69-30-20-65-66-63-31
123,12,1156.9732,292.2959,82.0,222.3329,0,12,26.011056,26.056274,True,88-51-71-35-34-3-77|18-45-8-84-17-5-83-60-89|62-11-64-10-90-32-70-1|28-76-79-29-24-55-25-54|52-7-19-49-36-46-47-48-82|50-33-81-9-78-68-80-12|42-14-44-38-86-61-16-91-100-37-96|2-57-15-43-41-22-74-72-58|21-73-75-23-67-39-56-4-26|92-98-85-99-59-87-97-93|53-40-6-94-95-13|27-69-30-20-65-66-63-31
124,12,1157.658,143.6572,146.0,226.2009,0,12,22.340563,22.37067,True,27-69-30-20-65-66-35-34|18-45-8-84-17-83-60-89|1-31-88-11-63-90-32-10-70-50|28-12-76-3-79-29-24-55-25-54|7-19-64-49-36-46-47-48-82|33-51-71-9-81-78-68-80-77|92-42-14-44-38-86-16-91-100-37-93|2-57-15-43-41-22-74-72-21-58|73-75-23-67-39-56-4-26|5-61-85-98-99-87-6-96-97-13|94-59-95-40-53|62-52
125,12,1157.658,143.6572,146.0,226.2009,0,12,22.340563,22.37067,True,27-69-30-20-65-66-35-34|18-45-8-84-17-83-60-89|1-31-88-11-63-90-32-10-70-50|28-12-76-3-79-29-24-55-25-54|7-19-64-49-36-46-47-48-82|33-51-71-9-81-78-68-80-77|92-42-14-44-38-86-16-91-100-37-93|2-57-15-43-41-22-74-72-21-58|73-75-23-67-39-56-4-26|5-61-85-98-99-87-6-96-97-13|94-59-95-40-53|62-52
126,12,1158.2412,289.6476,125.0,224.6339,0,12,25.613815,25.663661,True,52-18-45-8-84-17-83-60-89|31-88-62-11-63-10-90-32-70-1|53-40-55-25-54|7-19-64-49-36-46-47-48-82|27-69-30-20-9-78-29-68-80-12|92-37-44-38-86-16-91-100-98-59-95|2-57-15-43-41-22-74-72-21-58|73-75-23-67-39-56-4-26|5-61-85-42-87-97-6-96-94|28-76-3-79-34-24-77|99-14-93-13|51-33-81-65-66-71-35-50
127,12,1158.2412,289.6476,125.0,224.6339,0,12,25.613815,25.663661,True,52-18-45-8-84-17-83-60-89|31-88-62-11-63-10-90-32-70-1|53-40-55-25-54|7-19-64-49-36-46-47-48-82|27-69-30-20-9-78-29-68-80-12|92-37-44-38-86-16-91-100-98-59-95|2-57-15-43-41-22-74-72-21-58|73-75-23-67-39-56-4-26|5-61-85-42-87-97-6-96-94|28-76-3-79-34-24-77|99-14-93-13|51-33-81-65-66-71-35-50
128,12,1159.0437,262.0862,128.0,222.2205,0,12,22.75628,22.80217,True,1-30-71-65-35-51-77|52-18-45-8-84-17-5-83-60-89|31-88-62-11-90-32-10-70|28-76-3-79-29-24-55-25-54|7-19-64-49-36-46-47-48-82|27-69-50-33-81-9-78-34-68-12|42-14-44-38-86-61-16-91-100-37-95|2-57-15-43-41-22-74-72-21-58|73-75-23-67-39-56-4-80-26|92-98-85-99-59-87-97-93-96|53-40-6-94-13|63-66-20
129,12,1159.0437,262.0862,128.0,222.2205,0,12,22.75628,22.80217,True,1-30-71-65-35-51-77|52-18-45-8-84-17-5-83-60-89|31-88-62-11-90-32-10-70|28-76-3-79-29-24-55-25-54|7-19-64-49-36-46-47-48-82|27-69-50-33-81-9-78-34-68-12|42-14-44-38-86-61-16-91-100-37-95|2-57-15-43-41-22-74-72-21-58|73-75-23-67-39-56-4-80-26|92-98-85-99-59-87-97-93-96|53-40-6-94-13|63-66-20
130,12,1161.8297,177.7797,147.0,222.2205,0,12,23.592094,23.628074,True,33-51-71-65-66-20-35-34|52-18-45-8-84-17-83-60-89|31-88-62-11-63-10-90-32-70|28-12-50-76-3-79-29-24-55-25-54|7-19-64-49-36-46-47-48-82|27-69-1-30-9-78-81-68-80-77|94-92-44-38-86-16-91-100-98-59|42-57-15-43-41-22-74-72-21-58|73-75-23-67-39-56-4-26|5-61-85-96-6-99-93-37-97-13|95-14-2-40-53|87
131,12,1161.8297,177.7797,147.0,222.2205,0,12,23.592094,23.628074,True,33-51-71-65-66-20-35-34|52-18-45-8-84-17-83-60-89|31-88-62-11-63-10-90-32-70|28-12-50-76-3-79-29-24-55-25-54|7-19-64-49-36-46-47-48-82|27-69-1-30-9-78-81-68-80-77|94-92-44-38-86-16-91-100-98-59|42-57-15-43-41-22-74-72-21-58|73-75-23-67-39-56-4-26|5-61-85-96-6-99-93-37-97-13|95-14-2-40-53|87
132,11,1162.471,189.7659,111.0,223.7034,0,11,23.784476,23.818769,True,1-30-51-71-65-35-34-77|85-61-45-8-84-18-83-17-60|52-88-62-11-63-10-90-32-70|21-73-75-23-67-39-56-4-26|28-76-3-79-29-24-55-25-54|7-19-64-49-36-46-47-48-82|27-69-50-33-81-9-78-68-80-12|92-42-14-44-38-86-16-91-100-37-93|2-57-15-43-41-22-74-72-58-89|95-98-59-99-97-87-6-13-94-96-5|40-53-20-66-31
133,11,1162.471,189.7659,111.0,223.7034,0,11,23.784476,23.818769,True,1-30-51-71-65-35-34-77|85-61-45-8-84-18-83-17-60|52-88-62-11-63-10-90-32-70|21-73-75-23-67-39-56-4-26|28-76-3-79-29-24-55-25-54|7-19-64-49-36-46-47-48-82|27-69-50-33-81-9-78-68-80-12|92-42-14-44-38-86-16-91-100-37-93|2-57-15-43-41-22-74-72-58-89|95-98-59-99-97-87-6-13-94-96-5|40-53-20-66-31
134,11,1164.2209,134.483,64.0,228.0345,0,11,24.309447,24.331922,True,1-30-51-71-65-35-34-77|52-18-45-8-84-17-37-5-60-89|31-88-62-11-63-90-32-66-20-70|83-40-87-95-6-96-94-13|73-75-23-67-39-56-4-26|28-76-3-79-29-24-55-25-54|7-19-64-49-36-46-47-48-82|27-69-50-33-81-9-78-68-80-12|92-42-14-44-38-86-16-91-100-97-93|2-57-15-43-41-22-74-72-21-58|59-98-85-61-99-53-10
135,11,1164.2209,134.483,64.0,228.0345,0,11,24.309447,24.331922,True,1-30-51-71-65-35-34-77|52-18-45-8-84-17-37-5-60-89|31-88-62-11-63-90-32-66-20-70|83-40-87-95-6-96-94-13|73-75-23-67-39-56-4-26|28-76-3-79-29-24-55-25-54|7-19-64-49-36-46-47-48-82|27-69-50-33-81-9-78-68-80-12|92-42-14-44-38-86-16-91-100-97-93|2-57-15-43-41-22-74-72-21-58|59-98-85-61-99-53-10
136,11,1165.7696,142.6062,44.0,227.301,0,11,24.774057,24.796105,True,1-30-51-71-65-66-35-34|52-18-45-8-84-17-5-83-60-89|31-88-62-11-10-63-90-32-70|94-40-87-95-6-96-93-13|73-75-23-67-39-56-4-26|28-12-76-3-79-29-24-55-25-54|7-19-64-49-36-46-47-48-82|27-69-50-33-81-9-78-68-80-77|92-42-14-44-38-86-16-91-100-97-37|2-57-15-43-41-22-74-72-21-58|59-98-85-61-99-53-20
137,11,1165.7696,142.6062,44.0,227.301,0,11,24.774057,24.796105,True,1-30-51-71-65-66-35-34|52-18-45-8-84-17-5-83-60-89|31-88-62-11-10-63-90-32-70|94-40-87-95-6-96-93-13|73-75-23-67-39-56-4-26|28-12-76-3-79-29-24-55-25-54|7-19-64-49-36-46-47-48-82|27-69-50-33-81-9-78-68-80-77|92-42-14-44-38-86-16-91-100-97-37|2-57-15-43-41-22-74-72-21-58|59-98-85-61-99-53-20
138,11,1167.4093,86.2287,125.0,227.3,0,11,25.265978,25.288161,True,51-81-78-65-71-66-20-70|5-18-45-8-84-61-17-83-60-89|52-88-62-11-63-10-90-32-31|21-73-75-23-67-39-56-4-26|28-1-30-76-79-24-55-25-54|7-19-64-49-36-46-47-48-82|27-69-50-33-9-35-34-68-80-77|42-14-44-38-86-16-91-100-37-93-59|2-57-15-43-41-22-74-72-58-96|95-92-98-85-99-97-87-6-94-13|12-29-3-40-53
139,11,1167.4093,86.2287,125.0,227.3,0,11,25.265978,25.288161,True,51-81-78-65-71-66-20-70|5-18-45-8-84-61-17-83-60-89|52-88-62-11-63-10-90-32-31|21-73-75-23-67-39-56-4-26|28-1-30-76-79-24-55-25-54|7-19-64-49-36-46-47-48-82|27-69-50-33-9-35-34-68-80-77|42-14-44-38-86-16-91-100-37-93-59|2-57-15-43-41-22-74-72-58-96|95-92-98-85-99-97-87-6-94-13|12-29-3-40-53
140,11,1167.5025,86.3034,114.0,228.0579,0,11,25.293918,25.315154,True,52-18-45-8-84-17-5-83-60-89|1-31-88-62-11-63-10-90-32-20-70|73-23-67-39-56-4-26|28-12-50-76-3-79-29-24-55-25-54|7-19-64-49-36-46-47-48-82|92-42-14-44-38-86-16-91-100-97-37|2-57-15-43-41-22-75-74-72-21-58|27-69-30-33-66-35-34-77|98-85-61-99-87-94-6-96-93-13|59-95-40-53|71-65-9-78-81-51-68-80
141,11,1167.5025,86.3034,114.0,228.0579,0,11,25.293918,25.315154,True,52-18-45-8-84-17-5-83-60-89|1-31-88-62-11-63-10-90-32-20-70|73-23-67-39-56-4-26|28-12-50-76-3-79-29-24-55-25-54|7-19-64-49-36-46-47-48-82|92-42-14-44-38-86-16-91-100-97-37|2-57-15-43-41-22-75-74-72-21-58|27-69-30-33-66-35-34-77|98-85-61-99-87-94-6-96-93-13|59-95-40-53|71-65-9-78-81-51-68-80
142,12,1167.8031,215.7057,93.0,225.8281,0,12,25.384098,25.4227,True,30-20-65-66-35-34|52-18-45-8-84-17-5-83-60-89|31-88-62-11-63-10-90-32-70|40-87-94-6-13-95-93-96|73-75-23-67-39-56-4-26|28-76-3-79-29-24-55-25-54|7-19-64-49-36-46-47-48-82|27-69-50-33-9-78-68-80-77-12|92-42-14-44-38-86-16-91-100-97-37|2-57-15-43-41-22-74-72-21-58|59-98-85-61-99-53|1-51-71-81
143,12,1167.8031,215.7057,93.0,225.8281,0,12,25.384098,25.4227,True,30-20-65-66-35-34|52-18-45-8-84-17-5-83-60-89|31-88-62-11-63-10-90-32-70|40-87-94-6-13-95-93-96|73-75-23-67-39-56-4-26|28-76-3-79-29-24-55-25-54|7-19-64-49-36-46-47-48-82|27-69-50-33-9-78-68-80-77-12|92-42-14-44-38-86-16-91-100-97-37|2-57-15-43-41-22-74-72-21-58|59-98-85-61-99-53|1-51-71-81
144,12,1167.9356,179.3404,141.0,223.9367,0,12,25.423854,25.461558,True,1-30-51-71-65-35-34-77|52-18-45-8-84-17-5-83-60-89|73-75-23-67-39-56-4-26|28-12-76-3-79-29-24-55-25-54|7-19-64-49-36-46-47-48-82|27-69-50-33-81-9-78-68-80|42-14-44-38-86-16-91-100-37-59|2-57-15-43-41-22-74-72-21-58|94-99-61-96-6|31-62-11-63-10-32-66-20-70|85-98-92-40-87-97-93-95-13|90-88-53
145,12,1167.9356,179.3404,141.0,223.9367,0,12,25.423854,25.461558,True,1-30-51-71-65-35-34-77|52-18-45-8-84-17-5-83-60-89|73-75-23-67-39-56-4-26|28-12-76-3-79-29-24-55-25-54|7-19-64-49-36-46-47-48-82|27-69-50-33-81-9-78-68-80|42-14-44-38-86-16-91-100-37-59|2-57-15-43-41-22-74-72-21-58|94-99-61-96-6|31-62-11-63-10-32-66-20-70|85-98-92-40-87-97-93-95-13|90-88-53
146,11,1170.3193,147.1816,43.0,227.301,0,11,26.138958,26.162957,True,1-30-51-71-65-66-35-34|52-18-45-8-84-17-5-83-60-89|31-88-62-11-10-63-90-32-70|94-40-87-95-6-96-93-13|73-23-67-39-56-4-26|28-12-76-3-79-29-24-55-25-54|7-19-64-49-36-46-47-48-82|27-69-50-33-81-9-78-68-80-77|92-42-14-44-38-86-16-91-100-97-37|2-57-15-43-41-22-75-74-72-21-58|59-98-85-61-99-53-20
147,11,1170.3193,147.1816,43.0,227.301,0,11,26.138958,26.162957,True,1-30-51-71-65-66-35-34|52-18-45-8-84-17-5-83-60-89|31-88-62-11-10-63-90-32-70|94-40-87-95-6-96-93-13|73-23-67-39-56-4-26|28-12-76-3-79-29-24-55-25-54|7-19-64-49-36-46-47-48-82|27-69-50-33-81-9-78-68-80-77|92-42-14-44-38-86-16-91-100-97-37|2-57-15-43-41-22-75-74-72-21-58|59-98-85-61-99-53-20
148,12,1172.523,213.6645,132.0,222.9615,0,12,26.80007,26.843251,True,51-81-78-65-71-66-20-70|18-45-8-84-61-17-83-60-89|52-88-62-11-63-10-90-32-31|21-73-75-23-67-39-56-4-26|28-1-30-76-79-24-55-25-54|7-19-64-49-36-46-47-48-82|27-69-50-33-9-35-34-68-80-77|92-42-14-44-38-86-16-91-100-85-93|2-57-15-43-41-22-74-72-58|87-59-6-94-13|12-29-3-40-53|96-99-5-98-37-97-95
149,12,1172.523,213.6645,132.0,222.9615,0,12,26.80007,26.843251,True,51-81-78-65-71-66-20-70|18-45-8-84-61-17-83-60-89|52-88-62-11-63-10-90-32-31|21-73-75-23-67-39-56-4-26|28-1-30-76-79-24-55-25-54|7-19-64-49-36-46-47-48-82|27-69-50-33-9-35-34-68-80-77|92-42-14-44-38-86-16-91-100-85-93|2-57-15-43-41-22-74-72-58|87-59-6-94-13|12-29-3-40-53|96-99-5-98-37-97-95
150,12,1174.4497,181.3873,107.0,222.2205,0,12,27.378102,27.414409,True,88-65-66-35-34|52-18-45-8-84-17-5-83-60-89|40-87-94-6-96-95-97-13|73-75-23-67-39-56-4-26|28-12-76-3-79-29-24-55-25-54|7-19-64-49-36-46-47-48-82|27-69-50-33-81-9-78-68-80-77|92-42-14-44-38-86-16-91-100-37-93|2-57-15-43-41-22-74-72-21-58|59-98-85-61-99-53|31-62-11-63-10-90-32-20-70|1-51-71-30
151,11,1179.4341,125.1579,44.0,229.4029,0,11,28.873397,28.897242,True,1-30-51-71-65-66-35-34|52-83-18-45-8-84-17-91-5-60-89|31-88-62-11-63-10-90-32-70|94-40-87-95-6-96-93-13|73-75-23-67-39-56-4-26|28-12-76-3-79-29-24-55-25-54|7-19-64-49-36-46-47-48-82|27-69-50-33-81-9-78-68-80-77|42-14-44-38-86-61-16-100-97|2-57-15-43-41-22-74-72-21-58|59-92-37-98-85-99-53-20
152,11,1179.4341,125.1579,44.0,229.4029,0,11,28.873397,28.897242,True,1-30-51-71-65-66-35-34|52-83-18-45-8-84-17-91-5-60-89|31-88-62-11-63-10-90-32-70|94-40-87-95-6-96-93-13|73-75-23-67-39-56-4-26|28-12-76-3-79-29-24-55-25-54|7-19-64-49-36-46-47-48-82|27-69-50-33-81-9-78-68-80-77|42-14-44-38-86-61-16-100-97|2-57-15-43-41-22-74-72-21-58|59-92-37-98-85-99-53-20
153,12,1181.9166,150.6783,94.0,226.8443,0,12,29.618144,29.651478,True,1-51-81-78-65-71-66-20-70|5-83-60-45-8-18-89|52-88-62-11-63-10-90-32-31|73-75-23-67-39-56-4-26|28-50-76-33-79-24-55-25-54|7-19-64-49-36-46-47-48-82|27-69-30-9-35-34-68-80-77|42-14-44-86-61-84-17-100-37-93-96|2-57-15-43-41-22-74-72-21-58|92-98-99-59-87-97-95-94-13|12-29-3-40-53|85-91-38-16-6
154,12,1181.9166,150.6783,94.0,226.8443,0,12,29.618144,29.651478,True,1-51-81-78-65-71-66-20-70|5-83-60-45-8-18-89|52-88-62-11-63-10-90-32-31|73-75-23-67-39-56-4-26|28-50-76-33-79-24-55-25-54|7-19-64-49-36-46-47-48-82|27-69-30-9-35-34-68-80-77|42-14-44-86-61-84-17-100-37-93-96|2-57-15-43-41-22-74-72-21-58|92-98-99-59-87-97-95-94-13|12-29-3-40-53|85-91-38-16-6
155,12,1184.386,242.5928,81.0,223.2227,0,12,30.35897,30.404989,True,27-69-33-30-66-71-35-34|52-18-45-8-84-17-5-83-60-89|31-88-62-11-63-10-90-32-70|40-87-94-6-13-95-37-93|73-75-23-67-39-56-4-26|12-3-79-29-24-55-25-54|7-19-64-49-36-46-47-48-82|28-76-50-9-78-68-80-77|92-42-14-44-38-86-16-91-100-97-96|2-57-15-43-41-22-74-72-21-58|59-98-85-61-99-53|81-65-20-51-1
156,12,1184.386,242.5928,81.0,223.2227,0,12,30.35897,30.404989,True,27-69-33-30-66-71-35-34|52-18-45-8-84-17-5-83-60-89|31-88-62-11-63-10-90-32-70|40-87-94-6-13-95-37-93|73-75-23-67-39-56-4-26|12-3-79-29-24-55-25-54|7-19-64-49-36-46-47-48-82|28-76-50-9-78-68-80-77|92-42-14-44-38-86-16-91-100-97-96|2-57-15-43-41-22-74-72-21-58|59-98-85-61-99-53|81-65-20-51-1
157,11,1184.9347,96.1233,124.0,227.3861,0,11,30.523576,30.552414,True,1-30-51-65-66-71-35-34|5-18-45-8-84-61-17-83-60-89|52-31-88-62-11-63-10-90-32-20-70|21-73-75-23-67-39-56-4-54-26|27-69-50-33-81-9-78-29-68-80-77|92-42-14-44-38-86-16-91-100-37-93|2-57-15-43-41-22-74-72-58-96|28-76-3-79-24-55-25-12|95-59-98-85-99-97-87-6-94-13|47-36-64-49-19-7-46|48-82-40-53
158,11,1184.9347,96.1233,124.0,227.3861,0,11,30.523576,30.552414,True,1-30-51-65-66-71-35-34|5-18-45-8-84-61-17-83-60-89|52-31-88-62-11-63-10-90-32-20-70|21-73-75-23-67-39-56-4-54-26|27-69-50-33-81-9-78-29-68-80-77|92-42-14-44-38-86-16-91-100-37-93|2-57-15-43-41-22-74-72-58-96|28-76-3-79-24-55-25-12|95-59-98-85-99-97-87-6-94-13|47-36-64-49-19-7-46|48-82-40-53
159,12,1185.6602,168.5491,147.0,225.0384,0,12,30.741236,30.783403,True,27-1-30-51-71-65-66-20-70|5-61-99-97-87-6-94-13|21-73-75-23-67-39-56-4-77-50|28-12-24-29-68-55-25-54-26|33-81-78-79-9-35-34-3-80|92-16-86-44-38-14-91-100-37-98-95|18-45-8-84-17-85-93-59-96|82-47-36-64-49-46-83-60-89|62-88-52-53|42-57-15-43-41-22-74-72-2-58|7-48-19-11-63-90-32-10-31|69-76-40
160,12,1185.6602,168.5491,147.0,225.0384,0,12,30.741236,30.783403,True,27-1-30-51-71-65-66-20-70|5-61-99-97-87-6-94-13|21-73-75-23-67-39-56-4-77-50|28-12-24-29-68-55-25-54-26|33-81-78-79-9-35-34-3-80|92-16-86-44-38-14-91-100-37-98-95|18-45-8-84-17-85-93-59-96|82-47-36-64-49-46-83-60-89|62-88-52-53|42-57-15-43-41-22-74-72-2-58|7-48-19-11-63-90-32-10-31|69-76-40
161,11,1191.4145,188.5113,69.0,226.1417,0,11,32.46753,32.506483,True,69-30-65-66-71-35-34|18-45-8-84-17-5-83-60-89|40-87-94-6-13-95-93-96|73-23-67-39-56-4-26|28-12-76-3-79-29-24-55-25-54|52-62-11-49-36-46-47-48-82|27-1-50-33-81-51-9-78-68-80-77|92-42-14-44-38-86-16-91-100-97-37|2-57-15-43-41-22-75-74-72-21-58|59-98-85-61-99-53-20-70-31|7-19-64-88-10-90-63-32
162,11,1191.4145,188.5113,69.0,226.1417,0,11,32.46753,32.506483,True,69-30-65-66-71-35-34|18-45-8-84-17-5-83-60-89|40-87-94-6-13-95-93-96|73-23-67-39-56-4-26|28-12-76-3-79-29-24-55-25-54|52-62-11-49-36-46-47-48-82|27-1-50-33-81-51-9-78-68-80-77|92-42-14-44-38-86-16-91-100-97-37|2-57-15-43-41-22-75-74-72-21-58|59-98-85-61-99-53-20-70-31|7-19-64-88-10-90-63-32
163,11,1192.0233,100.3546,61.0,227.3861,0,11,32.650182,32.675481,True,1-30-51-65-66-71-35-34|52-18-45-8-84-17-5-83-60-89|31-88-62-11-63-10-90-32-20-70|75-40-87-95-6-96-93-94|21-73-23-67-56-22-74-4-72-26|28-12-76-3-79-29-24-55-25-54|7-19-64-49-36-46-47-48-82|27-69-50-33-81-9-78-68-80-77|92-42-14-44-38-86-16-91-100-97-37|39-15-43-41-57-2-13-58|59-98-85-61-99-53
164,11,1192.0233,100.3546,61.0,227.3861,0,11,32.650182,32.675481,True,1-30-51-65-66-71-35-34|52-18-45-8-84-17-5-83-60-89|31-88-62-11-63-10-90-32-20-70|75-40-87-95-6-96-93-94|21-73-23-67-56-22-74-4-72-26|28-12-76-3-79-29-24-55-25-54|7-19-64-49-36-46-47-48-82|27-69-50-33-81-9-78-68-80-77|92-42-14-44-38-86-16-91-100-97-37|39-15-43-41-57-2-13-58|59-98-85-61-99-53
165,12,1195.8846,147.5731,169.0,222.2205,0,12,33.808571,33.852437,True,33-51-65-66-71-35-34|52-18-45-8-84-61-17-83-60-89|31-88-62-63-32-90-10-70-1-50|28-12-76-3-79-29-24-55-25-54|7-19-64-49-36-46-47-48-82|27-69-30-20-9-78-81-68-80-77|94-92-44-38-86-16-91-100-98-59|42-57-15-43-41-22-74-72-21-58|73-75-23-67-39-56-4-26|5-85-37-99-97-87-6-96-93-13|95-14-2-40-53|11
166,12,1195.8846,147.5731,169.0,222.2205,0,12,33.808571,33.852437,True,33-51-65-66-71-35-34|52-18-45-8-84-61-17-83-60-89|31-88-62-63-32-90-10-70-1-50|28-12-76-3-79-29-24-55-25-54|7-19-64-49-36-46-47-48-82|27-69-30-20-9-78-81-68-80-77|94-92-44-38-86-16-91-100-98-59|42-57-15-43-41-22-74-72-21-58|73-75-23-67-39-56-4-26|5-85-37-99-97-87-6-96-93-13|95-14-2-40-53|11
167,12,1197.1899,150.0756,159.0,225.0384,0,12,34.200145,34.2442,True,1-51-71-65-66-20-70|27-69-30-32-90-63-10-48|5-61-99-97-87-6-94-13|21-72-75-23-67-39-56-4-77-50|28-29-24-76-68-55-25-54-26|12-33-81-78-79-9-35-34-3-80|92-14-44-38-86-16-91-100-37-98-95|42-57-15-43-41-22-74-2-58|18-45-8-84-17-85-93-59-96|31-88-62-11-19-7-52|82-47-36-64-49-46-83-60-89|73-40-53
168,12,1197.1899,150.0756,159.0,225.0384,0,12,34.200145,34.2442,True,1-51-71-65-66-20-70|27-69-30-32-90-63-10-48|5-61-99-97-87-6-94-13|21-72-75-23-67-39-56-4-77-50|28-29-24-76-68-55-25-54-26|12-33-81-78-79-9-35-34-3-80|92-14-44-38-86-16-91-100-37-98-95|42-57-15-43-41-22-74-2-58|18-45-8-84-17-85-93-59-96|31-88-62-11-19-7-52|82-47-36-64-49-46-83-60-89|73-40-53
169,12,1197.8172,215.7573,103.0,224.6339,0,12,34.388343,34.436778,True,31-88-62-11-63-10-90-32-70|28-76-3-79-29-24-55-25-54|92-91-16-44-38-86-14-100-98-59-95|2-42-15-43-57-41-75-74-72-58|37-85-61-99-96-94-6|83-45-46-8-84-17-5-60-89|33-51-65-9-78-81-68-12|27-69-1-30-20-66-71-35-34-50|21-73-23-67-39-22-56-4|48-47-36-64-49-19-7-52|82-18-53-40-26-80-77|87-97-93-13
170,12,1197.8172,215.7573,103.0,224.6339,0,12,34.388343,34.436778,True,31-88-62-11-63-10-90-32-70|28-76-3-79-29-24-55-25-54|92-91-16-44-38-86-14-100-98-59-95|2-42-15-43-57-41-75-74-72-58|37-85-61-99-96-94-6|83-45-46-8-84-17-5-60-89|33-51-65-9-78-81-68-12|27-69-1-30-20-66-71-35-34-50|21-73-23-67-39-22-56-4|48-47-36-64-49-19-7-52|82-18-53-40-26-80-77|87-97-93-13
171,11,1202.9404,191.1964,57.0,227.2385,0,11,35.925311,35.967089,True,30-51-65-66-71-35-34|52-82-18-45-8-84-17-5-83-60-89|31-62-11-64-63-90-10-20-1|40-87-94-6-13-37-93-95|73-75-23-67-39-56-4-80-26|28-76-3-79-29-24-55-25-54|7-88-19-36-49-47-46-48|27-69-50-33-81-9-78-68-77-12|92-42-14-44-38-86-16-91-100-97-96|2-57-15-43-41-22-74-72-21-58|59-98-85-61-99-53-70-32
172,11,1202.9404,191.1964,57.0,227.2385,0,11,35.925311,35.967089,True,30-51-65-66-71-35-34|52-82-18-45-8-84-17-5-83-60-89|31-62-11-64-63-90-10-20-1|40-87-94-6-13-37-93-95|73-75-23-67-39-56-4-80-26|28-76-3-79-29-24-55-25-54|7-88-19-36-49-47-46-48|27-69-50-33-81-9-78-68-77-12|92-42-14-44-38-86-16-91-100-97-96|2-57-15-43-41-22-74-72-21-58|59-98-85-61-99-53-70-32
173,11,1203.5295,93.2443,123.0,222.9615,0,11,36.102035,36.135255,True,1-51-81-78-65-71-66-20-70|95-18-45-8-84-61-17-83-60-89|52-88-62-11-63-10-90-32-31|21-73-75-23-67-39-56-4-54-26|7-19-64-49-36-46-47-48-82|27-69-50-33-9-35-34-68-80-77|92-42-14-44-38-86-16-91-100-85-93|2-57-15-43-41-22-74-72-58|30-76-79-28|5-98-37-99-87-94-6-13-97-59-96|12-29-3-53-40-55-25-24
174,11,1203.5295,93.2443,123.0,222.9615,0,11,36.102035,36.135255,True,1-51-81-78-65-71-66-20-70|95-18-45-8-84-61-17-83-60-89|52-88-62-11-63-10-90-32-31|21-73-75-23-67-39-56-4-54-26|7-19-64-49-36-46-47-48-82|27-69-50-33-9-35-34-68-80-77|92-42-14-44-38-86-16-91-100-85-93|2-57-15-43-41-22-74-72-58|30-76-79-28|5-98-37-99-87-94-6-13-97-59-96|12-29-3-53-40-55-25-24
175,12,1206.3182,208.4356,66.0,226.5649,0,12,36.938638,36.985114,True,85-61-44-45-8-18|42-15-41-87-57-98-97-13|40-53-22-74-72-21-2-58|73-75-23-67-39-56-4-25-26|28-33-81-29-24-55-54-80-68-77|12-76-3-79-78-34-50|1-51-65-9-35-71-66-20-70|27-69-30-32-90-63-10|31-62-11-64-49-19-7-52|88-48-47-36-46-82|94-95-59-99-6-84-17-5-83-60-89|92-91-16-86-38-43-14-100-37-93-96
176,12,1206.3182,208.4356,66.0,226.5649,0,12,36.938638,36.985114,True,85-61-44-45-8-18|42-15-41-87-57-98-97-13|40-53-22-74-72-21-2-58|73-75-23-67-39-56-4-25-26|28-33-81-29-24-55-54-80-68-77|12-76-3-79-78-34-50|1-51-65-9-35-71-66-20-70|27-69-30-32-90-63-10|31-62-11-64-49-19-7-52|88-48-47-36-46-82|94-95-59-99-6-84-17-5-83-60-89|92-91-16-86-38-43-14-100-37-93-96
177,11,1206.8639,121.5771,44.0,227.7257,0,11,37.102352,37.133638,True,1-30-33-65-71-66-35|52-18-45-8-84-17-5-83-60-89|31-88-62-11-63-10-90-32-20-70|50-40-87-94-6-13-95-93-96|73-23-67-39-56-4-26-77|28-12-51-81-3-29-24-55-25-54|7-19-64-49-36-46-47-48-82|27-69-76-79-9-78-34-68-80|92-42-14-44-38-86-16-91-100-97-37|2-57-15-43-41-22-75-74-72-21-58|59-98-85-61-99-53
178,11,1206.8639,121.5771,44.0,227.7257,0,11,37.102352,37.133638,True,1-30-33-65-71-66-35|52-18-45-8-84-17-5-83-60-89|31-88-62-11-63-10-90-32-20-70|50-40-87-94-6-13-95-93-96|73-23-67-39-56-4-26-77|28-12-51-81-3-29-24-55-25-54|7-19-64-49-36-46-47-48-82|27-69-76-79-9-78-34-68-80|92-42-14-44-38-86-16-91-100-97-37|2-57-15-43-41-22-75-74-72-21-58|59-98-85-61-99-53
179,11,1209.3706,92.1333,104.0,228.3788,0,11,37.854353,37.888072,True,52-88-62-19-10-63-90-32-31|28-1-50-76-3-79-29-24-55-25-54|95-92-14-44-38-86-16-91-100-37-98-93|2-42-57-15-43-41-75-74-72-58|59-85-61-99-97-87-6-96-94-13|5-45-8-84-17-83-60-89|71-65-9-78-81-51|27-69-30-33-34-35-66-20-70|21-73-23-67-39-22-56-4|48-82-18-53-40-26-12-80-68-77|7-11-64-36-49-47-46
180,11,1209.3706,92.1333,104.0,228.3788,0,11,37.854353,37.888072,True,52-88-62-19-10-63-90-32-31|28-1-50-76-3-79-29-24-55-25-54|95-92-14-44-38-86-16-91-100-37-98-93|2-42-57-15-43-41-75-74-72-58|59-85-61-99-97-87-6-96-94-13|5-45-8-84-17-83-60-89|71-65-9-78-81-51|27-69-30-33-34-35-66-20-70|21-73-23-67-39-22-56-4|48-82-18-53-40-26-12-80-68-77|7-11-64-36-49-47-46
181,12,1212.517,213.031,110.0,221.3074,0,12,38.798288,38.850925,True,30-51-71-65-35-34-3-77|85-61-45-8-84-17-83-60-89|52-88-62-11-63-10-90-32-70-31|21-73-75-23-67-39-56-4-26|28-76-79-29-24-55-25-54|7-19-64-49-36-46-47-48-82|50-33-81-9-78-68-80-12|92-42-14-44-99-96|2-57-15-43-41-22-74-72-58|95-59-98-97-87-6-13-94-5|27-69-40-53-66-20-1|18-38-86-16-91-100-37-93
182,12,1212.517,213.031,110.0,221.3074,0,12,38.798288,38.850925,True,30-51-71-65-35-34-3-77|85-61-45-8-84-17-83-60-89|52-88-62-11-63-10-90-32-70-31|21-73-75-23-67-39-56-4-26|28-76-79-29-24-55-25-54|7-19-64-49-36-46-47-48-82|50-33-81-9-78-68-80-12|92-42-14-44-99-96|2-57-15-43-41-22-74-72-58|95-59-98-97-87-6-13-94-5|27-69-40-53-66-20-1|18-38-86-16-91-100-37-93
183,13,1213.379,355.1885,116.0,219.5197,0,13,39.056876,39.131727,True,92-98-37-91-44-86-84-17-5-89|96-99-61-16-85-93-59-94|42-15-14-38-43-100-97-95|87-57-41-2-13-58|40-53-22-74-72-21|73-75-23-67-39-56-4-25-26|12-29-24-55-54-80-68-77|28-76-3-79-81-78-34-50|33-51-65-9-35-71-66-20|27-69-1-30-32-90-63-10-70|31-62-11-64-49-19-7-52|88-48-47-36-46-82|83-18-45-8-60-6
184,13,1213.379,355.1885,116.0,219.5197,0,13,39.056876,39.131727,True,92-98-37-91-44-86-84-17-5-89|96-99-61-16-85-93-59-94|42-15-14-38-43-100-97-95|87-57-41-2-13-58|40-53-22-74-72-21|73-75-23-67-39-56-4-25-26|12-29-24-55-54-80-68-77|28-76-3-79-81-78-34-50|33-51-65-9-35-71-66-20|27-69-1-30-32-90-63-10-70|31-62-11-64-49-19-7-52|88-48-47-36-46-82|83-18-45-8-60-6
185,13,1215.6945,336.7823,118.0,220.4517,0,13,39.751523,39.824648,True,16-86-61-84-17-5-60-89|96-99-37-85-93-59-94-13|95-92-98-91-44-38-43-14-100-97|57-15-42-87-41-2-58|40-53-22-75-56-74-72-21|73-23-67-39-55-4-25-26|28-12-33-29-24-54-80-68-77|76-3-79-81-78-34-50|1-51-71-65-9-35-66-20|27-69-30-32-90-63-10-70|31-62-11-64-49-19-7-52|88-48-47-36-46-82|83-45-8-18-6
186,13,1216.8674,351.2875,106.0,220.6754,0,13,40.103402,40.177887,True,92-98-91-44-86-61-84-17-5-89|96-99-16-85-93-59-94|42-15-14-38-43-37-100-97-95|87-57-41-2-13-58|40-53-22-74-72-21|73-75-23-67-39-56-4-25-26|12-29-24-55-54-80-68-77|28-76-3-79-81-78-34-50|33-51-65-9-35-71-66-20|27-69-1-30-32-90-63-10-70|31-62-11-64-49-19-7-52|88-48-47-36-46-82|83-18-45-8-60-6
187,13,1216.9308,326.9153,105.0,219.2453,0,13,40.122428,40.192962,True,16-86-61-84-17-5-60-89|96-99-37-98-85-93-59-94|95-92-91-44-38-43-14-100-97|57-15-42-87-41-2-13-58|40-53-22-75-74-72-21|73-23-67-39-56-4-25-26|28-12-33-29-24-55-54-80-68-77|76-3-79-81-78-34-50|1-51-65-9-35-71-66-20|27-69-30-32-90-63-10-70|31-62-11-64-49-19-7-52|88-48-47-36-46-82|83-45-8-18-6
188,13,1217.4567,323.2657,105.0,219.2453,0,13,40.280176,40.35032,True,16-86-61-84-17-5-60-89|96-99-37-98-85-93-59-94|95-92-91-44-38-43-14-100-97|15-42-87-57-41-2-13-58|40-53-22-75-74-72-21|73-23-67-39-56-4-25-26|28-12-33-29-24-55-54-80-68-77|76-3-79-81-78-34-50|1-51-65-9-35-71-66-20|27-69-30-32-90-63-10-70|31-62-11-64-49-19-7-52|88-48-47-36-46-82|83-45-8-18-6
189,13,1218.0356,316.572,105.0,219.2453,0,13,40.453863,40.523177,True,16-86-61-84-17-5-60-89|96-99-37-98-85-93-59-94|95-92-91-44-38-43-14-100-97|2-15-42-87-57-41-13-58|40-53-22-75-74-72-21|73-23-67-39-56-4-25-26|28-12-33-29-24-55-54-80-68-77|76-3-79-81-78-34-50|1-51-65-9-35-71-66-20|27-69-30-32-90-63-10-70|31-62-11-64-49-19-7-52|88-48-47-36-46-82|83-45-8-18-6
190,13,1218.0356,316.572,105.0,219.2453,0,13,40.453863,40.523177,True,16-86-61-84-17-5-60-89|96-99-37-98-85-93-59-94|95-92-91-44-38-43-14-100-97|2-15-42-87-57-41-13-58|40-53-22-75-74-72-21|73-23-67-39-56-4-25-26|28-12-33-29-24-55-54-80-68-77|76-3-79-81-78-34-50|1-51-65-9-35-71-66-20|27-69-30-32-90-63-10-70|31-62-11-64-49-19-7-52|88-48-47-36-46-82|83-45-8-18-6
191,12,1219.1195,206.7734,94.0,224.6339,0,12,40.779042,40.831619,True,31-88-62-11-63-10-90-32-70|28-76-3-79-29-24-55-25-54|92-16-86-44-14-43-100-98-59-95|2-15-42-87-57-41-75-74-72-58|94-96-99-85-61-6|83-45-46-8-84-17-5-60-89|33-51-65-9-78-81-68-12|27-69-1-30-20-66-71-35-34-50|21-73-23-67-39-22-56-4|48-47-36-64-49-19-7-52|82-18-53-40-26-80-77|37-38-91-93-97-13
192,12,1219.1195,206.7734,94.0,224.6339,0,12,40.779042,40.831619,True,31-88-62-11-63-10-90-32-70|28-76-3-79-29-24-55-25-54|92-16-86-44-14-43-100-98-59-95|2-15-42-87-57-41-75-74-72-58|94-96-99-85-61-6|83-45-46-8-84-17-5-60-89|33-51-65-9-78-81-68-12|27-69-1-30-20-66-71-35-34-50|21-73-23-67-39-22-56-4|48-47-36-64-49-19-7-52|82-18-53-40-26-80-77|37-38-91-93-97-13
193,11,1219.5749,85.2719,88.0,228.3788,0,11,40.915654,40.949805,True,52-88-62-11-63-10-90-32-31|28-1-50-76-3-79-29-24-55-25-54|95-92-14-44-38-86-16-91-100-37-98-96|2-42-15-43-57-41-75-74-72-58|59-85-61-99-97-87-6-94-13|5-83-45-8-84-17-93-60-89|71-65-9-78-81-51-68-77|27-69-30-33-34-35-66-20-70|21-73-23-67-39-22-56-4|48-82-18-53-40-26-80-12|7-64-49-36-19-47-46
194,11,1219.5749,85.2719,88.0,228.3788,0,11,40.915654,40.949805,True,52-88-62-11-63-10-90-32-31|28-1-50-76-3-79-29-24-55-25-54|95-92-14-44-38-86-16-91-100-37-98-96|2-42-15-43-57-41-75-74-72-58|59-85-61-99-97-87-6-94-13|5-83-45-8-84-17-93-60-89|71-65-9-78-81-51-68-77|27-69-30-33-34-35-66-20-70|21-73-23-67-39-22-56-4|48-82-18-53-40-26-80-12|7-64-49-36-19-47-46
195,13,1221.2953,253.0485,171.0,219.2453,0,13,41.431754,41.499118,True,61-86-16-85-99-84-5-93-94|92-98-91-44-38-43-14-100-37|2-57-15-42-87-97-59-96-95-13|40-41-22-74-72-21-58|73-75-23-67-39-56-4-25-26|28-12-33-29-24-55-54-80-68-77|76-3-79-81-78-34-50|1-51-71-65-9-35-66-20|27-69-88-30-10-63-90-32-70|31-62-11-64-49-19-7-52|82-48-47-46-45-17-60|18-89-53|36-8-83-6
196,13,1221.2953,253.0485,171.0,219.2453,0,13,41.431754,41.499118,True,61-86-16-85-99-84-5-93-94|92-98-91-44-38-43-14-100-37|2-57-15-42-87-97-59-96-95-13|40-41-22-74-72-21-58|73-75-23-67-39-56-4-25-26|28-12-33-29-24-55-54-80-68-77|76-3-79-81-78-34-50|1-51-71-65-9-35-66-20|27-69-88-30-10-63-90-32-70|31-62-11-64-49-19-7-52|82-48-47-46-45-17-60|18-89-53|36-8-83-6
197,11,1221.4095,136.2598,48.0,227.3861,0,11,41.466037,41.504237,True,1-30-51-65-66-71-35-34|52-18-45-8-84-17-5-83-60-89|31-88-62-11-63-10-90-32-20-70|73-95-99-87-94-6-13-37-93-96|75-23-67-39-41-56-4-26|28-12-76-3-79-29-24-55-25-54|7-19-64-49-36-46-47-48-82|27-69-50-33-81-9-78-68-80-77|42-14-44-38-86-16-91-100-97|2-57-15-40-22-74-72-21-58|59-92-98-85-61-53-43
198,11,1221.4095,136.2598,48.0,227.3861,0,11,41.466037,41.504237,True,1-30-51-65-66-71-35-34|52-18-45-8-84-17-5-83-60-89|31-88-62-11-63-10-90-32-20-70|73-95-99-87-94-6-13-37-93-96|75-23-67-39-41-56-4-26|28-12-76-3-79-29-24-55-25-54|7-19-64-49-36-46-47-48-82|27-69-50-33-81-9-78-68-80-77|42-14-44-38-86-16-91-100-97|2-57-15-40-22-74-72-21-58|59-92-98-85-61-53-43
199,11,1222.1495,112.8657,97.0,226.8661,0,11,41.688042,41.727778,True,31-88-62-11-63-10-90-32-70|28-76-3-79-29-24-55-25-54|92-14-44-38-86-16-91-100-93-59-95|2-57-15-42-87-41-75-74-72-58|61-85-98-37-99-6-94-97-13-43|83-45-46-8-84-17-5-60-96-89|33-65-9-78-81-51-68|27-69-1-30-20-66-71-35-34-50|21-73-23-67-39-22-56-4|47-36-64-49-19-7-52|48-82-18-53-40-26-12-80-77
200,11,1223.8712,73.6721,88.0,228.3788,0,11,42.204531,42.238231,True,52-88-62-11-63-10-90-32-31|28-1-50-76-3-79-29-24-55-25-54|95-92-14-44-38-86-16-91-100-37-98-96|2-42-15-43-57-41-75-74-72-58|59-85-61-99-97-87-6-94-13|5-83-45-8-84-17-93-60-89|71-65-9-78-81-51-68-77|27-69-30-33-34-35-66-20-70|21-73-23-67-39-22-56-4|48-82-18-53-40-26-80-12|7-47-36-64-49-19-46
201,11,1224.4813,107.5524,79.0,225.0825,0,11,42.387558,42.425128,True,52-31-88-62-11-63-10-90-32-70|28-50-76-3-79-29-24-55-25-54|92-14-44-38-86-16-91-100-37-59-95|2-42-15-43-57-41-75-74-72-21-58|98-85-61-99-97-87-6-94-13|5-45-8-84-17-60-93-96-89|33-65-71-9-78-81-68|27-69-30-51-34-35-66-20-1|73-23-67-39-22-56-4-77|48-82-18-53-40-26-80-12|7-47-36-64-49-19-46-83
202,11,1224.4813,107.5524,79.0,225.0825,0,11,42.387558,42.425128,True,52-31-88-62-11-63-10-90-32-70|28-50-76-3-79-29-24-55-25-54|92-14-44-38-86-16-91-100-37-59-95|2-42-15-43-57-41-75-74-72-21-58|98-85-61-99-97-87-6-94-13|5-45-8-84-17-60-93-96-89|33-65-71-9-78-81-68|27-69-30-51-34-35-66-20-1|73-23-67-39-22-56-4-77|48-82-18-53-40-26-80-12|7-47-36-64-49-19-46-83
203,11,1229.1499,95.2526,97.0,226.8661,0,11,43.788139,43.827332,True,31-88-62-11-63-10-90-32-70|28-50-76-3-79-29-24-55-25-54|92-14-44-38-86-16-91-100-93-59-95|2-57-15-42-87-41-75-74-72-58|61-85-98-37-99-6-94-97-13-43|83-45-46-8-84-17-5-60-96-89|33-65-9-78-81-51-68|27-69-1-30-20-66-71-35-34|21-73-23-67-39-22-56-4|47-36-64-49-19-7-52|48-82-18-53-40-26-12-80-77
204,12,1229.501,193.6641,104.0,224.6339,0,12,43.893492,43.948218,True,31-88-62-11-63-10-90-32-70|28-76-3-79-29-24-55-25-54|92-91-16-86-44-14-43-100-98-59-95|2-15-42-87-57-41-75-74-72-58|37-85-61-99-96-94-6|5-83-45-46-8-84-17-60-89|33-51-65-9-78-81-68-12|27-69-1-30-20-66-71-35-34-50|21-73-23-67-39-22-56-4|48-47-36-64-49-19-7-52|82-18-53-40-26-80-77|38-93-97-13
205,12,1229.501,193.6641,104.0,224.6339,0,12,43.893492,43.948218,True,31-88-62-11-63-10-90-32-70|28-76-3-79-29-24-55-25-54|92-91-16-86-44-14-43-100-98-59-95|2-15-42-87-57-41-75-74-72-58|37-85-61-99-96-94-6|5-83-45-46-8-84-17-60-89|33-51-65-9-78-81-68-12|27-69-1-30-20-66-71-35-34-50|21-73-23-67-39-22-56-4|48-47-36-64-49-19-7-52|82-18-53-40-26-80-77|38-93-97-13
206,11,1231.7949,96.8639,92.0,225.5889,0,11,44.58164,44.621177,True,31-88-62-11-63-10-90-32-70|28-50-76-3-79-29-24-55-25-54|61-16-86-44-38-14-91-100-98-93-96|92-42-15-87-57-41-75-74-72-58|95-59-37-85-99-6-94-97-13-43|83-45-46-8-84-17-5-60-89|33-65-9-78-81-51-68-12|27-69-1-30-20-66-71-35-34|21-73-23-67-39-22-56-4-2|47-36-64-49-19-7-52|48-82-18-53-40-26-80-77
207,11,1231.7949,96.8639,92.0,225.5889,0,11,44.58164,44.621177,True,31-88-62-11-63-10-90-32-70|28-50-76-3-79-29-24-55-25-54|61-16-86-44-38-14-91-100-98-93-96|92-42-15-87-57-41-75-74-72-58|95-59-37-85-99-6-94-97-13-43|83-45-46-8-84-17-5-60-89|33-65-9-78-81-51-68-12|27-69-1-30-20-66-71-35-34|21-73-23-67-39-22-56-4-2|47-36-64-49-19-7-52|48-82-18-53-40-26-80-77
208,11,1231.7949,96.8639,92.0,225.5889,0,11,44.58164,44.621177,True,31-88-62-11-63-10-90-32-70|28-50-76-3-79-29-24-55-25-54|61-16-86-44-38-14-91-100-98-93-96|92-42-15-87-57-41-75-74-72-58|95-59-37-85-99-6-94-97-13-43|83-45-46-8-84-17-5-60-89|33-65-9-78-81-51-68-12|27-69-1-30-20-66-71-35-34|21-73-23-67-39-22-56-4-2|47-36-64-49-19-7-52|48-82-18-53-40-26-80-77
209,11,1235.057,74.5287,100.0,227.717,0,11,45.560266,45.598551,True,52-31-88-62-11-63-10-90-32-70|28-50-76-3-79-29-24-55-25-54|92-42-14-44-38-86-16-91-100-37-98-95|2-15-43-57-41-75-74-72-58|59-85-61-99-87-94-6-96-97-13|5-83-45-46-8-84-17-93-60-89|71-65-9-78-81-51-68-12|27-69-30-33-34-35-66-20-1|21-73-23-67-39-22-56-4-77|48-82-18-53-40-26-80|47-36-64-49-19-7
210,13,1235.3591,246.4583,182.0,219.2453,0,13,45.650902,45.722596,True,61-86-16-85-99-84-5-93-94|92-98-91-44-38-43-14-100-37|2-57-15-42-87-97-59-96-95-13|40-41-22-74-72-21-58|73-75-23-67-39-56-4-25-26|28-12-29-24-55-54-80-68-77|33-76-3-79-81-78-34-50|1-51-71-65-9-35-66-20|27-69-88-30-10-63-90-32-70|31-62-11-64-49-19-7-52|82-48-47-46-45-17-60|18-83-89-53|36-8-6
211,13,1235.3591,246.4583,182.0,219.2453,0,13,45.650902,45.722596,True,61-86-16-85-99-84-5-93-94|92-98-91-44-38-43-14-100-37|2-57-15-42-87-97-59-96-95-13|40-41-22-74-72-21-58|73-75-23-67-39-56-4-25-26|28-12-29-24-55-54-80-68-77|33-76-3-79-81-78-34-50|1-51-71-65-9-35-66-20|27-69-88-30-10-63-90-32-70|31-62-11-64-49-19-7-52|82-48-47-46-45-17-60|18-83-89-53|36-8-6
212,11,1235.8371,87.4917,84.0,224.6339,0,11,45.794296,45.832697,True,31-88-62-11-63-10-90-32-70|28-50-76-3-79-29-24-55-25-54|92-14-44-38-86-16-91-100-98-59-95|2-15-42-87-57-41-75-74-72-58|61-85-37-99-96-6-94-97-13-43|5-83-45-46-8-84-17-93-60-89|33-65-9-78-81-51-68-12|27-69-1-30-20-66-71-35-34|21-73-23-67-39-22-56-4|47-36-64-49-19-7-52|48-82-18-53-40-26-80-77
213,11,1235.8371,87.4917,84.0,224.6339,0,11,45.794296,45.832697,True,31-88-62-11-63-10-90-32-70|28-50-76-3-79-29-24-55-25-54|92-14-44-38-86-16-91-100-98-59-95|2-15-42-87-57-41-75-74-72-58|61-85-37-99-96-6-94-97-13-43|5-83-45-46-8-84-17-93-60-89|33-65-9-78-81-51-68-12|27-69-1-30-20-66-71-35-34|21-73-23-67-39-22-56-4|47-36-64-49-19-7-52|48-82-18-53-40-26-80-77
214,11,1238.1117,80.2019,85.0,224.2628,0,11,46.476698,46.514732,True,31-88-62-11-63-10-90-32-70|28-51-76-3-79-29-24-55-25-54|92-14-44-38-86-61-16-91-100-98-93|59-42-15-87-57-41-75-74-72-58|95-94-37-85-99-96-6-97-13-43|83-45-46-8-84-17-5-60-89|33-65-9-81-78-68-12|27-69-1-30-20-66-71-35-34-50|21-73-23-67-39-22-56-4-2|48-47-36-64-49-19-7-52|82-18-53-40-26-80-77
215,11,1238.1117,80.2019,85.0,224.2628,0,11,46.476698,46.514732,True,31-88-62-11-63-10-90-32-70|28-51-76-3-79-29-24-55-25-54|92-14-44-38-86-61-16-91-100-98-93|59-42-15-87-57-41-75-74-72-58|95-94-37-85-99-96-6-97-13-43|83-45-46-8-84-17-5-60-89|33-65-9-81-78-68-12|27-69-1-30-20-66-71-35-34-50|21-73-23-67-39-22-56-4-2|48-47-36-64-49-19-7-52|82-18-53-40-26-80-77
216,13,1243.247,327.9447,103.0,222.2205,0,13,48.017265,48.096095,True,1-30-51-71-65-66-20-70|88-62-83-17-5-60-89|2-15-42-87-94-6|52-7-19-11-90-32-10|96-99-97-43-74-72-21|27-69-53-40-26-12-77|28-76-3-79-29-24-55-25-54|31-63-64-49-36-46-47-48-82|50-33-81-78-9-35-34-68-80|95-92-14-44-38-86-16-91-100|18-45-8-84-61-85-93-98-37-59|39-67-75-22-41-57-13-58|73-23-56-4
217,13,1243.247,327.9447,103.0,222.2205,0,13,48.017265,48.096095,True,1-30-51-71-65-66-20-70|88-62-83-17-5-60-89|2-15-42-87-94-6|52-7-19-11-90-32-10|96-99-97-43-74-72-21|27-69-53-40-26-12-77|28-76-3-79-29-24-55-25-54|31-63-64-49-36-46-47-48-82|50-33-81-78-9-35-34-68-80|95-92-14-44-38-86-16-91-100|18-45-8-84-61-85-93-98-37-59|39-67-75-22-41-57-13-58|73-23-56-4
218,11,1243.4611,121.756,39.0,227.2385,0,11,48.081508,48.123226,True,1-30-51-65-66-71-35-34|45-48-11-63-10-90-32-20-70|31-40-87-6-18-83-13-95|73-23-67-39-56-4-26|28-12-76-3-79-29-24-55-25-54|82-88-62-64-49-19-7-52|27-69-50-33-81-9-78-68-80-77|92-42-14-44-38-86-16-91-100-97-37|2-57-15-43-41-22-75-74-72-21-58|94-98-99-96-53-59-93-60-89|47-36-46-8-84-61-85-17-5
219,11,1243.4611,121.756,39.0,227.2385,0,11,48.081508,48.123226,True,1-30-51-65-66-71-35-34|45-48-11-63-10-90-32-20-70|31-40-87-6-18-83-13-95|73-23-67-39-56-4-26|28-12-76-3-79-29-24-55-25-54|82-88-62-64-49-19-7-52|27-69-50-33-81-9-78-68-80-77|92-42-14-44-38-86-16-91-100-97-37|2-57-15-43-41-22-75-74-72-21-58|94-98-99-96-53-59-93-60-89|47-36-46-8-84-61-85-17-5
220,11,1243.4685,81.7628,83.0,224.2628,0,11,48.083727,48.123403,True,31-88-62-11-63-10-90-32-70|28-50-76-3-79-29-24-55-25-54|92-14-44-38-86-61-16-91-100-98-93|59-42-15-87-57-41-75-74-72-58|95-94-37-85-99-96-6-97-13-43|83-45-46-8-84-17-5-60-89|33-65-9-78-81-51-68-12|27-69-1-30-20-66-71-35-34|21-73-23-67-39-22-56-4-2|47-36-64-49-19-7-52|48-82-18-53-40-26-80-77
221,12,1244.1199,166.6838,78.0,225.8281,0,12,48.279158,48.331801,True,52-18-45-8-84-17-5-83-60-89|31-88-62-11-63-32-66-35|40-87-94-6-13-95-93-96|73-23-67-39-56-4-26|28-12-76-3-79-29-24-55-25-54|7-19-64-49-36-46-47-48-82|27-69-51-20-10-70-68-80-77|92-42-14-44-38-86-16-91-100-97-37|2-57-15-43-41-22-75-74-72-21-58|59-98-85-61-99-53|33-65-9-34-78-50|1-71-81-30-90
222,12,1244.1199,166.6838,78.0,225.8281,0,12,48.279158,48.331801,True,52-18-45-8-84-17-5-83-60-89|31-88-62-11-63-32-66-35|40-87-94-6-13-95-93-96|73-23-67-39-56-4-26|28-12-76-3-79-29-24-55-25-54|7-19-64-49-36-46-47-48-82|27-69-51-20-10-70-68-80-77|92-42-14-44-38-86-16-91-100-97-37|2-57-15-43-41-22-75-74-72-21-58|59-98-85-61-99-53|33-65-9-34-78-50|1-71-81-30-90
223,14,1245.0182,409.7009,137.0,214.4935,0,14,48.548625,48.642791,True,1-30-71-65-35-51|52-45-46-8-84-17-5-83-60-89|31-62-11-63-90-32-66-20-70|76-3-29-24-55-25|7-19-64-49-36-47-48-82|27-69-50-33-81-9-78-34-68-12|42-14-44-38-86-16-91-100-37|2-57-15-43-41-22-74-72-21-58|73-75-23-67-39-56-4-26|92-98-85-61-99-87-97-59-93-96|53-40-6-94-95-13|18-88-28|79-10|54-80-77
224,14,1245.0182,409.7009,137.0,214.4935,0,14,48.548625,48.642791,True,1-30-71-65-35-51|52-45-46-8-84-17-5-83-60-89|31-62-11-63-90-32-66-20-70|76-3-29-24-55-25|7-19-64-49-36-47-48-82|27-69-50-33-81-9-78-34-68-12|42-14-44-38-86-16-91-100-37|2-57-15-43-41-22-74-72-21-58|73-75-23-67-39-56-4-26|92-98-85-61-99-87-97-59-93-96|53-40-6-94-95-13|18-88-28|79-10|54-80-77
225,11,1248.0648,68.694,141.0,228.3443,0,11,49.46261,49.508117,True,28-12-50-76-3-79-29-24-55-25-54|92-42-14-44-38-86-16-91-100-98-59-95|2-57-15-43-41-22-75-74-72-21-58|5-61-37-99-97-87-6-94-13-93-96|71-65-9-78-81-51-68-80-26|27-69-30-33-34-35-66-20-1|48-88-62-11-19-10-90-32-70|52-18-45-8-84-17-85-83-60-89|73-23-67-39-56-4-77|47-40-53|31-63-64-49-36-46-7-82
226,11,1248.0648,68.694,141.0,228.3443,0,11,49.46261,49.508117,True,28-12-50-76-3-79-29-24-55-25-54|92-42-14-44-38-86-16-91-100-98-59-95|2-57-15-43-41-22-75-74-72-21-58|5-61-37-99-97-87-6-94-13-93-96|71-65-9-78-81-51-68-80-26|27-69-30-33-34-35-66-20-1|48-88-62-11-19-10-90-32-70|52-18-45-8-84-17-85-83-60-89|73-23-67-39-56-4-77|47-40-53|31-63-64-49-36-46-7-82
227,12,1249.5859,183.5927,97.0,224.0915,0,12,49.918935,49.977394,True,33-81-78-79-3-29-24-80-68-77|52-7-62-11-64-49-46-83-60-89|28-76-51-9-66-32-70-1|12-40-21-41-72-56-4-26|88-48-45-84-17-5-93-96|82-47-36-19-63-90-10-31|73-75-23-67-39-55-25-54|37-98-59-99-8-18|27-69-30-20-65-71-35-34-50|91-86-53-22-74-2-58|42-15-57-87-97-6-94-13|92-85-61-16-44-38-43-14-100-95
228,12,1249.5859,183.5927,97.0,224.0915,0,12,49.918935,49.977394,True,33-81-78-79-3-29-24-80-68-77|52-7-62-11-64-49-46-83-60-89|28-76-51-9-66-32-70-1|12-40-21-41-72-56-4-26|88-48-45-84-17-5-93-96|82-47-36-19-63-90-10-31|73-75-23-67-39-55-25-54|37-98-59-99-8-18|27-69-30-20-65-71-35-34-50|91-86-53-22-74-2-58|42-15-57-87-97-6-94-13|92-85-61-16-44-38-43-14-100-95
229,13,1249.7571,323.475,87.0,219.2453,0,13,49.970317,50.048383,True,99-5-84-17-93-94|61-16-86-42-43-57-37|15-41-87-97-95-96-13|40-53-22-75-74-72-21-58|2-73-23-67-39-56-4-25-26|12-33-29-24-55-54-80-68-77|28-76-3-79-81-78-34-50|1-51-65-9-35-71-66-20|27-69-30-32-90-63-10-70|31-62-11-64-49-19-7-52|88-48-47-36-46-82-60|18-83-45-8-6-89|92-85-91-44-38-14-100-98-59
230,13,1249.7571,323.475,87.0,219.2453,0,13,49.970317,50.048383,True,99-5-84-17-93-94|61-16-86-42-43-57-37|15-41-87-97-95-96-13|40-53-22-75-74-72-21-58|2-73-23-67-39-56-4-25-26|12-33-29-24-55-54-80-68-77|28-76-3-79-81-78-34-50|1-51-65-9-35-71-66-20|27-69-30-32-90-63-10-70|31-62-11-64-49-19-7-52|88-48-47-36-46-82-60|18-83-45-8-6-89|92-85-91-44-38-14-100-98-59
231,11,1250.2135,66.5738,114.0,227.3861,0,11,50.107224,50.150213,True,1-30-51-65-66-71-35-34|5-18-45-8-84-61-17-83-60-89|52-31-88-62-11-63-10-90-32-20-70|21-73-23-67-39-22-56-4-75|28-12-76-3-79-29-24-55-25-54|7-19-64-49-36-46-47-48-82|27-69-50-33-81-9-78-68-80-77-26|2-42-14-44-38-86-16-91-13-95|98-94-40-99-96-97-43-100-93|92-85-37-15-87-41-74-72-58|59-57-6-53
232,11,1250.2135,66.5738,114.0,227.3861,0,11,50.107224,50.150213,True,1-30-51-65-66-71-35-34|5-18-45-8-84-61-17-83-60-89|52-31-88-62-11-63-10-90-32-20-70|21-73-23-67-39-22-56-4-75|28-12-76-3-79-29-24-55-25-54|7-19-64-49-36-46-47-48-82|27-69-50-33-81-9-78-68-80-77-26|2-42-14-44-38-86-16-91-13-95|98-94-40-99-96-97-43-100-93|92-85-37-15-87-41-74-72-58|59-57-6-53
233,13,1252.8595,264.1933,149.0,219.0564,0,13,50.901013,50.977289,True,27-30-65-66-10-32-70|7-62-83-45-17-5-60-89|69-90-88-18-52|94-96-99-97-87-6-13|21-72-75-23-67-39-56-4-26|28-76-50-20-51-3-77-12|81-78-79-29-24-55-25-54|31-63-64-49-36-46-47-48-82|1-33-9-71-35-34-68-80|92-42-14-44-38-86-16-91-100-37-95|73-40-53|2-57-15-43-41-22-74-58|19-11-8-84-61-85-98-93-59
234,13,1252.8595,264.1933,149.0,219.0564,0,13,50.901013,50.977289,True,27-30-65-66-10-32-70|7-62-83-45-17-5-60-89|69-90-88-18-52|94-96-99-97-87-6-13|21-72-75-23-67-39-56-4-26|28-76-50-20-51-3-77-12|81-78-79-29-24-55-25-54|31-63-64-49-36-46-47-48-82|1-33-9-71-35-34-68-80|92-42-14-44-38-86-16-91-100-37-95|73-40-53|2-57-15-43-41-22-74-58|19-11-8-84-61-85-98-93-59
235,12,1255.1442,143.5141,110.0,222.9615,0,12,51.586442,51.641687,True,1-51-81-78-65-71-66-20-70|95-92-5-45-8-84-61-17-83-60-89|52-88-62-11-63-10-90-32-31|21-73-75-23-67-39-56-4-54-26|7-19-64-49-36-46-47-48-82|27-69-50-33-9-35-34-68-80-77|42-14-44-86-85-6|2-57-15-43-41-22-74-72-58|30-76-79-28|94-37-98-99-87-96-59-97-13|12-29-3-53-40-55-25-24|18-38-16-91-100-93
236,12,1255.1442,143.5141,110.0,222.9615,0,12,51.586442,51.641687,True,1-51-81-78-65-71-66-20-70|95-92-5-45-8-84-61-17-83-60-89|52-88-62-11-63-10-90-32-31|21-73-75-23-67-39-56-4-54-26|7-19-64-49-36-46-47-48-82|27-69-50-33-9-35-34-68-80-77|42-14-44-86-85-6|2-57-15-43-41-22-74-72-58|30-76-79-28|94-37-98-99-87-96-59-97-13|12-29-3-53-40-55-25-24|18-38-16-91-100-93
237,11,1256.801,117.0615,55.0,229.2508,0,11,52.083471,52.130389,True,52-18-45-8-84-17-5-83-60-89|31-88-62-11-63-10-90-32-20-70|95-40-87-94-6-13-91-93-96|73-75-23-67-39-56-4-80-77|27-69-76-33-79-29-55-25-54-26|7-19-64-49-36-46-47-48-82|42-14-44-38-86-61-16-100-97-98|2-57-15-43-41-22-74-72-21-58|59-92-37-85-99-53-50-1|65-30-9-81-3-68-24|28-12-34-78-51-66-71-35
238,11,1256.801,117.0615,55.0,229.2508,0,11,52.083471,52.130389,True,52-18-45-8-84-17-5-83-60-89|31-88-62-11-63-10-90-32-20-70|95-40-87-94-6-13-91-93-96|73-75-23-67-39-56-4-80-77|27-69-76-33-79-29-55-25-54-26|7-19-64-49-36-46-47-48-82|42-14-44-38-86-61-16-100-97-98|2-57-15-43-41-22-74-72-21-58|59-92-37-85-99-53-50-1|65-30-9-81-3-68-24|28-12-34-78-51-66-71-35
239,13,1258.9922,234.4554,134.0,218.1186,0,13,52.740839,52.812854,True,27-30-65-66-10-32-70|90-11-7-18-17-5-60-89|69-62-88-52|94-96-99-97-87-6-13|21-73-72-75-23-67-56-4-26|28-76-50-20-51-3-77-12|81-78-79-29-24-55-25-54|31-63-64-49-36-19-47-48-82|1-33-9-71-35-34-68-80|92-42-14-44-38-86-16-91-100-37-95|39-40-53|2-57-15-43-41-22-74-58|83-45-46-8-84-61-85-98-93-59
240,13,1258.9922,234.4554,134.0,218.1186,0,13,52.740839,52.812854,True,27-30-65-66-10-32-70|90-11-7-18-17-5-60-89|69-62-88-52|94-96-99-97-87-6-13|21-73-72-75-23-67-56-4-26|28-76-50-20-51-3-77-12|81-78-79-29-24-55-25-54|31-63-64-49-36-19-47-48-82|1-33-9-71-35-34-68-80|92-42-14-44-38-86-16-91-100-37-95|39-40-53|2-57-15-43-41-22-74-58|83-45-46-8-84-61-85-98-93-59
241,14,1265.4103,533.5847,102.0,214.4818,0,14,62.20438,62.319744,True,27-69-33-71-65-66-20-70|47-36-11-63-90-32-10-31|42-15-41-2-13|59-5-60-45-8-46-48-82-89|28-76-79-78-55-25-26|6-99-98-100-97-95|87-37-91-85-94|53-40-73-74-75-72-21|88-62-64-49-19-7-52|1-30-51-81-9-35-34-3-50|12-54-24-29-80-68-77|18-83-84-17-86-93-96|92-61-16-44-38-14-43-57-58|39-23-67-56-22-4
242,14,1265.4103,533.5847,102.0,214.4818,0,14,62.20438,62.319744,True,27-69-33-71-65-66-20-70|47-36-11-63-90-32-10-31|42-15-41-2-13|59-5-60-45-8-46-48-82-89|28-76-79-78-55-25-26|6-99-98-100-97-95|87-37-91-85-94|53-40-73-74-75-72-21|88-62-64-49-19-7-52|1-30-51-81-9-35-34-3-50|12-54-24-29-80-68-77|18-83-84-17-86-93-96|92-61-16-44-38-14-43-57-58|39-23-67-56-22-4
243,12,1266.5722,167.1103,98.0,223.6761,0,12,55.014829,55.075949,True,1-30-51-71-65-66-20-70|83-7-62-88-6-93-5-60-89|52-48-19-11-90-32-10-77-12|94-92-99-96-97-2-74-56-21-58|27-69-76-3-79-29-24-55-25-54|31-63-64-49-36-47-46-82|28-50-33-81-78-9-35-34-68-80|18-45-8-84-17-85-91-37-59|39-67-75-22-41-57-13|15-42-87-73-4-26|61-16-86-44-38-43-14-100-98-95|72-23-40-53
244,11,1268.5524,75.4602,99.0,226.9661,0,11,55.608898,55.657159,True,52-31-88-62-11-63-10-90-32-70|28-50-76-3-79-29-24-55-25-54|92-14-44-38-86-16-91-100-37-98-95|2-42-15-43-57-41-75-74-72-58|59-85-61-99-87-94-6-96-97-13|5-83-18-45-8-84-17-93-60-89|71-65-9-78-81-51-68-12|27-69-30-33-34-35-66-20-1|21-73-23-67-39-22-56-4-77|48-82-53-40-26-80|47-36-64-49-19-7-46
245,12,1271.1836,154.2316,96.0,222.2205,0,12,56.398268,56.458422,True,64-65-66-35-34|82-18-45-8-84-17-5-83-60-89|33-50-76-3-79-29-24-55-25-54|52-7-62-11-19-36-49-47-46|63-30-20-9-71-68-77-12|42-14-44-38-86-61-16-91-100-37|2-57-15-43-41-22-74-72-21-58|73-75-23-67-39-56-4-80-26|92-98-85-99-59-87-97-93-96|53-40-6-94-95-13|27-69-31-88-48-10-90-32-70|1-51-81-78-28
246,12,1271.1836,154.2316,96.0,222.2205,0,12,56.398268,56.458422,True,64-65-66-35-34|82-18-45-8-84-17-5-83-60-89|33-50-76-3-79-29-24-55-25-54|52-7-62-11-19-36-49-47-46|63-30-20-9-71-68-77-12|42-14-44-38-86-61-16-91-100-37|2-57-15-43-41-22-74-72-21-58|73-75-23-67-39-56-4-80-26|92-98-85-99-59-87-97-93-96|53-40-6-94-95-13|27-69-31-88-48-10-90-32-70|1-51-81-78-28
247,11,1276.1745,76.1329,92.0,226.9661,0,11,57.895521,57.945469,True,52-31-88-62-11-63-10-90-32-70|28-50-76-3-79-29-24-55-25-54|92-14-44-38-86-16-91-100-98-59-95|2-42-15-43-57-41-75-74-72-58|61-85-37-99-87-94-6-96-97-13|5-18-45-8-84-17-83-60-93-89|71-65-9-78-81-51-68-12|27-69-30-33-34-35-66-20-1|21-73-23-67-39-22-56-4-77|48-82-53-40-26-80|47-36-64-49-19-7-46
248,13,1279.7628,272.6506,126.0,219.6741,0,13,58.972011,59.055419,True,2-15-84-61-16-86-5-60-89|94-42-85-99-96-6|92-98-37-91-44-38-43-14-100-97-95|73-75-23-67-39-56-4-25-26|33-29-24-55-54-80-68-77|28-12-76-3-79-81-78-34-50|1-51-65-9-35-71-66-20|27-69-30-32-90-63-10-70|31-62-11-64-49-19-48-7-52|88-82-46-18|40-53-41-74-72-21-58|47-36-45-8-83-17-93-59|57-22-87-13
249,13,1279.7628,272.6506,126.0,219.6741,0,13,58.972011,59.055419,True,2-15-84-61-16-86-5-60-89|94-42-85-99-96-6|92-98-37-91-44-38-43-14-100-97-95|73-75-23-67-39-56-4-25-26|33-29-24-55-54-80-68-77|28-12-76-3-79-81-78-34-50|1-51-65-9-35-71-66-20|27-69-30-32-90-63-10-70|31-62-11-64-49-19-48-7-52|88-82-46-18|40-53-41-74-72-21-58|47-36-45-8-83-17-93-59|57-22-87-13
250,12,1279.8408,144.0712,84.0,222.2205,0,12,58.995408,59.055434,True,1-30-51-71-65-66-20-70|83-7-62-88-6-5-17-60-89|52-48-19-11-90-32-10-77-12|42-92-96-99-97-87-74-56-21-58|27-69-76-3-79-29-24-55-25-54|31-63-64-49-36-47-46-82|28-50-33-81-78-9-35-34-68-80|18-45-8-84-61-85-98-93-59|39-67-75-22-41-57-13|94-15-2-73-4-26|91-16-86-44-38-43-14-100-37-95|72-23-40-53
251,12,1279.8408,144.0712,84.0,222.2205,0,12,58.995408,59.055434,True,1-30-51-71-65-66-20-70|83-7-62-88-6-5-17-60-89|52-48-19-11-90-32-10-77-12|42-92-96-99-97-87-74-56-21-58|27-69-76-3-79-29-24-55-25-54|31-63-64-49-36-47-46-82|28-50-33-81-78-9-35-34-68-80|18-45-8-84-61-85-98-93-59|39-67-75-22-41-57-13|94-15-2-73-4-26|91-16-86-44-38-43-14-100-37-95|72-23-40-53
252,11,1284.3106,74.1626,107.0,227.2626,0,11,60.336348,60.389986,True,1-51-71-65-9-81-66-20-70|27-69-30-32-90-10-19-48-52|94-5-99-97-87-6-98-13|28-12-50-76-33-79-78-29-24-68-80|92-16-86-44-38-14-91-100-37-59-95|42-57-15-43-41-22-75-74-72-2-58|31-18-45-8-84-61-17-85-93-96|82-47-36-64-49-46-83-60-89|7-88-62-11-63-35-77|21-73-23-67-39-56-55-4-25|34-3-53-40-54-26
253,14,1287.8586,458.3568,125.0,213.8383,0,14,61.400761,61.513779,True,6-99-84-17-5-60-89|94-96-59-93-98-91-100-37|95-92-16-44-38-43-14-85-97|2-73-15-42-87-41-57-13-58|53-22-75-74-72-21|23-67-39-56-4-25-26|28-76-29-24-54-80-68-77|3-33-81-79-78-34-35-50|1-51-71-65-9-66-20|27-69-30-32-90-63-10-70|31-62-11-64-49-19-7-52|88-48-47-36-46-82|83-61-86-45-8-18|40-55-12
254,14,1287.8586,458.3568,125.0,213.8383,0,14,61.400761,61.513779,True,6-99-84-17-5-60-89|94-96-59-93-98-91-100-37|95-92-16-44-38-43-14-85-97|2-73-15-42-87-41-57-13-58|53-22-75-74-72-21|23-67-39-56-4-25-26|28-76-29-24-54-80-68-77|3-33-81-79-78-34-35-50|1-51-71-65-9-66-20|27-69-30-32-90-63-10-70|31-62-11-64-49-19-7-52|88-48-47-36-46-82|83-61-86-45-8-18|40-55-12
255,11,1289.0295,107.2292,79.0,227.2626,0,11,61.752017,61.80923,True,33-65-71-9-66-20-70-1|27-69-30-32-90-10-19-48-52|94-5-99-97-87-6-59-13|92-16-86-44-38-14-91-100-37-98-95|42-57-15-43-41-22-75-74-72-2-58|31-18-45-8-84-61-17-85-93-96|82-47-36-64-49-46-83-60-89|7-88-62-11-63-51-35-77|21-73-23-67-39-56-55-25-12-26|3-76-53-40-4-54-80-50|29-34-78-81-79-28-68-24
256,13,1290.632,299.3701,123.0,219.2453,0,13,62.232786,62.323099,True,61-16-86-84-5-6|98-44-99-59-37-91-85-93-94-96|92-42-14-38-43-100-97-95|2-73-15-87-57-41-13-58|28-12-3-29-24-55-54-80-68-77|33-76-79-81-78-34-35-50|27-69-30-32-90-63-10-70-31|62-64-36-49-47-48-82|18-83-45-8-46-17-60-89|88-11-19-7-52|21-75-23-67-39-22-74-56-72|53-40-4-25-26|51-71-65-9-66-20-1
257,13,1290.632,299.3701,123.0,219.2453,0,13,62.232786,62.323099,True,61-16-86-84-5-6|98-44-99-59-37-91-85-93-94-96|92-42-14-38-43-100-97-95|2-73-15-87-57-41-13-58|28-12-3-29-24-55-54-80-68-77|33-76-79-81-78-34-35-50|27-69-30-32-90-63-10-70-31|62-64-36-49-47-48-82|18-83-45-8-46-17-60-89|88-11-19-7-52|21-75-23-67-39-22-74-56-72|53-40-4-25-26|51-71-65-9-66-20-1
258,13,1296.9784,192.4627,126.0,218.7631,0,13,64.1367,64.213108,True,28-33-34-78-79-3-29-24-68-80-12|52-62-11-64-49-46-83-60-89|31-76-53-40-21-72-4-26|7-48-36-45-84-17-5|47-19-63-90-32-10-70|73-75-23-67-39-56-55-25-54|42-15-41-87-6-94-13|27-69-88-82-8-18|30-20-66-71-35-77|1-51-65-9-81-50|95-92-98-91-44-14-43-100-97|59-37-38-86-16-61-85-93-96|99-57-22-74-2-58
259,13,1296.9784,192.4627,126.0,218.7631,0,13,64.1367,64.213108,True,28-33-34-78-79-3-29-24-68-80-12|52-62-11-64-49-46-83-60-89|31-76-53-40-21-72-4-26|7-48-36-45-84-17-5|47-19-63-90-32-10-70|73-75-23-67-39-56-55-25-54|42-15-41-87-6-94-13|27-69-88-82-8-18|30-20-66-71-35-77|1-51-65-9-81-50|95-92-98-91-44-14-43-100-97|59-37-38-86-16-61-85-93-96|99-57-22-74-2-58
260,13,1302.8048,236.306,123.0,219.2453,0,13,65.884621,65.969126,True,61-16-86-84-5-6|98-44-99-59-37-91-85-93-94-96|92-42-14-38-43-100-97-95|2-73-15-87-57-41-13|40-53-22-75-74-72-21-58|23-67-39-56-4-25-26|28-12-3-29-24-55-54-80-68-77|33-76-79-81-78-34-35-50|1-51-71-65-9-66-20-32|27-69-30-90-63-10-70|31-62-64-36-49-47-48-82|18-83-45-8-46-17-60-89|52-7-19-11-88
261,13,1302.8048,236.306,123.0,219.2453,0,13,65.884621,65.969126,True,61-16-86-84-5-6|98-44-99-59-37-91-85-93-94-96|92-42-14-38-43-100-97-95|2-73-15-87-57-41-13|40-53-22-75-74-72-21-58|23-67-39-56-4-25-26|28-12-3-29-24-55-54-80-68-77|33-76-79-81-78-34-35-50|1-51-71-65-9-66-20-32|27-69-30-90-63-10-70|31-62-64-36-49-47-48-82|18-83-45-8-46-17-60-89|52-7-19-11-88
262,14,1305.8472,518.1765,79.0,220.1891,0,14,66.797329,66.921069,True,27-69-33-71-65-66-20-70|47-36-11-63-90-32-10-31|42-15-23-41-2-13|59-5-60-45-8-46-48-82-89|28-76-9-78-55-25-26|6-99-98-100-97-95|87-37-91-85-94|53-40-74-75-72-21|88-62-64-49-19-7-52|1-30-51-81-79-35-34-3-50|12-54-24-29-80-68-77|18-83-84-17-86-93-96|92-61-16-44-38-14-43-57-58|73-39-67-56-22-4
263,14,1305.8472,518.1765,79.0,220.1891,0,14,66.797329,66.921069,True,27-69-33-71-65-66-20-70|47-36-11-63-90-32-10-31|42-15-23-41-2-13|59-5-60-45-8-46-48-82-89|28-76-9-78-55-25-26|6-99-98-100-97-95|87-37-91-85-94|53-40-74-75-72-21|88-62-64-49-19-7-52|1-30-51-81-79-35-34-3-50|12-54-24-29-80-68-77|18-83-84-17-86-93-96|92-61-16-44-38-14-43-57-58|73-39-67-56-22-4
264,11,1309.1159,64.9917,98.0,228.5886,0,11,67.777952,67.836955,True,1-51-71-65-9-35-66-20-70|27-69-30-32-90-63-19-48|94-5-99-97-87-6-98-13|92-16-86-44-38-14-91-100-37-59-95|42-57-15-43-41-22-75-74-72-2-58|31-18-45-8-84-61-17-85-93-96|82-47-11-64-49-46-83-60-89|52-7-88-62-36-10-50-3-77|21-73-23-67-39-56-55-25-54-80|34-76-53-40-4-26|29-33-81-78-79-28-12-68-24
265,11,1309.1159,64.9917,98.0,228.5886,0,11,67.777952,67.836955,True,1-51-71-65-9-35-66-20-70|27-69-30-32-90-63-19-48|94-5-99-97-87-6-98-13|92-16-86-44-38-14-91-100-37-59-95|42-57-15-43-41-22-75-74-72-2-58|31-18-45-8-84-61-17-85-93-96|82-47-11-64-49-46-83-60-89|52-7-88-62-36-10-50-3-77|21-73-23-67-39-56-55-25-54-80|34-76-53-40-4-26|29-33-81-78-79-28-12-68-24
266,13,1311.0,271.0434,116.0,218.5117,0,13,68.343172,68.434536,True,33-34-78-79-3-29-24-80-68-77|52-7-62-11-49-36-46-83-60-89|28-76-12-40-21-72-4-26|48-45-8-84-17-5|82-47-19-64-63-90-10-70-31|73-75-23-67-39-56-55-25-54|88-53-22-74-57-2-58|42-15-41-87-6-94-13|27-18-38-43|69-30-20-65-71-66-32|1-51-9-35-81-50|95-92-98-91-16-44-14-100-97|37-59-99-61-86-85-93-96
267,13,1311.0,271.0434,116.0,218.5117,0,13,68.343172,68.434536,True,33-34-78-79-3-29-24-80-68-77|52-7-62-11-49-36-46-83-60-89|28-76-12-40-21-72-4-26|48-45-8-84-17-5|82-47-19-64-63-90-10-70-31|73-75-23-67-39-56-55-25-54|88-53-22-74-57-2-58|42-15-41-87-6-94-13|27-18-38-43|69-30-20-65-71-66-32|1-51-9-35-81-50|95-92-98-91-16-44-14-100-97|37-59-99-61-86-85-93-96
268,11,1311.9144,130.1926,43.0,226.6718,0,11,68.6175,68.681335,True,52-18-45-8-84-17-5-83-60-89|40-87-94-6-13-95-93-96|73-23-67-39-56-4-3-26|28-12-50-76-33-29-24-55-25-54|7-19-64-49-36-46-47-48-82|27-69-62-11-10-51-68-80-77|92-42-14-44-38-86-16-91-100-97-37|2-57-15-43-41-22-75-74-72-21-58|59-98-85-61-99-53-34-35|1-31-88-30-79-90-63-32|71-65-9-78-81-66-20-70
269,11,1311.9144,130.1926,43.0,226.6718,0,11,68.6175,68.681335,True,52-18-45-8-84-17-5-83-60-89|40-87-94-6-13-95-93-96|73-23-67-39-56-4-3-26|28-12-50-76-33-29-24-55-25-54|7-19-64-49-36-46-47-48-82|27-69-62-11-10-51-68-80-77|92-42-14-44-38-86-16-91-100-97-37|2-57-15-43-41-22-75-74-72-21-58|59-98-85-61-99-53-34-35|1-31-88-30-79-90-63-32|71-65-9-78-81-66-20-70
270,11,1316.0414,73.3629,88.0,227.6526,0,11,69.855611,69.916807,True,1-51-71-65-9-66-20-70|27-69-30-32-90-63-19-48-52|94-5-99-97-87-6-98-13|92-16-86-44-38-14-91-100-37-59-95|42-57-15-43-41-22-75-74-2-58|31-18-45-8-84-61-17-85-93-96|82-47-36-64-49-46-83-60-89|7-88-62-11-10-35-3-77|21-73-72-23-67-39-56-55-25-80|34-76-53-40-26-4-54-50|29-33-81-78-79-28-12-68-24
271,11,1316.0414,73.3629,88.0,227.6526,0,11,69.855611,69.916807,True,1-51-71-65-9-66-20-70|27-69-30-32-90-63-19-48-52|94-5-99-97-87-6-98-13|92-16-86-44-38-14-91-100-37-59-95|42-57-15-43-41-22-75-74-2-58|31-18-45-8-84-61-17-85-93-96|82-47-36-64-49-46-83-60-89|7-88-62-11-10-35-3-77|21-73-72-23-67-39-56-55-25-80|34-76-53-40-26-4-54-50|29-33-81-78-79-28-12-68-24
272,11,1319.135,72.4612,94.0,227.2626,0,11,70.783691,70.846221,True,1-51-71-65-9-66-20-70|27-69-30-32-90-10-19-48-52|94-5-99-97-87-6-98-13|92-16-86-44-38-14-91-100-37-59-95|42-57-15-43-41-22-75-74-72-2-58|31-18-45-8-84-61-17-85-93-96|82-47-36-64-49-46-83-60-89|7-88-62-11-63-35-3-77|21-73-23-67-39-56-55-4-25|34-76-53-40-26-54-80-50|29-33-81-78-79-28-12-68-24
273,12,1323.4985,130.2004,113.0,223.9929,0,12,72.092724,72.166933,True,5-61-16-86-84-6-17-83-60-89|95-37-44-99-59-98-91-85-93-94|92-42-15-38-43-14-100-97-96|2-57-41-87-13-58|73-72-23-67-39-56-4-25-26|28-12-29-76-24-55-54-80-68-77|27-69-33-81-79-3-78-34-35-50|1-51-71-65-9-66-20-32|88-30-90-63-10-70-31|82-62-11-64-49-48-7-52|45-40-53-22-75-74-21|19-47-36-46-8-18
274,12,1323.4985,130.2004,113.0,223.9929,0,12,72.092724,72.166933,True,5-61-16-86-84-6-17-83-60-89|95-37-44-99-59-98-91-85-93-94|92-42-15-38-43-14-100-97-96|2-57-41-87-13-58|73-72-23-67-39-56-4-25-26|28-12-29-76-24-55-54-80-68-77|27-69-33-81-79-3-78-34-35-50|1-51-71-65-9-66-20-32|88-30-90-63-10-70-31|82-62-11-64-49-48-7-52|45-40-53-22-75-74-21|19-47-36-46-8-18
275,11,1326.3355,62.144,107.0,227.7177,0,11,72.943824,73.008335,True,28-12-3-76-34-29-55-25-54|92-42-14-44-38-86-16-91-100-37-59-95|2-57-15-43-41-22-74-72-21-58|5-61-98-99-87-94-6-13-97-93-96|82-18-45-8-84-17-85-83-60-89|71-65-79-78-81-51-77-26|27-69-30-33-9-35-66-20-50|73-75-23-67-39-56-4-24-80|47-36-64-49-63-46|31-7-52-53-40-68|48-88-62-11-19-10-90-32-70-1
276,11,1326.3355,62.144,107.0,227.7177,0,11,72.943824,73.008335,True,28-12-3-76-34-29-55-25-54|92-42-14-44-38-86-16-91-100-37-59-95|2-57-15-43-41-22-74-72-21-58|5-61-98-99-87-94-6-13-97-93-96|82-18-45-8-84-17-85-83-60-89|71-65-79-78-81-51-77-26|27-69-30-33-9-35-66-20-50|73-75-23-67-39-56-4-24-80|47-36-64-49-63-46|31-7-52-53-40-68|48-88-62-11-19-10-90-32-70-1
277,11,1328.3947,61.8362,94.0,227.6709,0,11,73.561592,73.625368,True,28-1-30-51-71-65-66-35-34|52-18-45-8-84-83-17-100-89|31-88-62-11-63-10-90-32-20-70|7-19-64-49-36-46-47-48-82|27-69-50-33-81-9-78-68-80-12-77|95-59-61-16-44-38-86-91-97-13-2|5-85-14-37-99-96-6-94|98-92-76-3-79-29-24-26-58|42-15-41-87-43-74-75-72|21-73-23-67-56-55-4-25-54|39-40-53-22-57-93-60
278,11,1328.3947,61.8362,94.0,227.6709,0,11,73.561592,73.625368,True,28-1-30-51-71-65-66-35-34|52-18-45-8-84-83-17-100-89|31-88-62-11-63-10-90-32-20-70|7-19-64-49-36-46-47-48-82|27-69-50-33-81-9-78-68-80-12-77|95-59-61-16-44-38-86-91-97-13-2|5-85-14-37-99-96-6-94|98-92-76-3-79-29-24-26-58|42-15-41-87-43-74-75-72|21-73-23-67-56-55-4-25-54|39-40-53-22-57-93-60
279,13,1335.1341,313.0715,122.0,218.1506,0,13,75.583421,75.688875,True,6-99-84-17-5-83-60-89|94-96-59-98-86-14-91-100-37-93|95-92-61-16-44-38-43-85-97|2-73-15-42-87-41-57-13-58|40-53-22-75-74-72-21|28-51-81-29-24-55-54-80-68-12|27-69-33-71-65-66-20-70|1-30-88-36-46-47-48-82|31-63-90-32-9-78-34-3-77|23-67-39-56-4-25-26|76-79-35-50|62-11-64-49-10|18-45-8-19-7-52
280,13,1335.1341,313.0715,122.0,218.1506,0,13,75.583421,75.688875,True,6-99-84-17-5-83-60-89|94-96-59-98-86-14-91-100-37-93|95-92-61-16-44-38-43-85-97|2-73-15-42-87-41-57-13-58|40-53-22-75-74-72-21|28-51-81-29-24-55-54-80-68-12|27-69-33-71-65-66-20-70|1-30-88-36-46-47-48-82|31-63-90-32-9-78-34-3-77|23-67-39-56-4-25-26|76-79-35-50|62-11-64-49-10|18-45-8-19-7-52
281,11,1336.0806,48.6638,106.0,227.6709,0,11,75.867344,75.932649,True,28-1-30-51-71-65-66-35-34|52-83-18-45-8-84-17-100-60-89|31-88-62-11-63-10-90-32-20-70|7-19-64-49-36-46-47-48-82|27-69-50-33-81-9-78-68-80-12-77|95-61-44-38-86-16-93-97-13-2|98-85-5-6-99-91-14-37-94-96|59-92-76-3-79-29-24-26-58|42-15-41-87-43-74-75-72|21-73-23-67-56-55-4-25-54|39-40-53-22-57
282,11,1336.0806,48.6638,106.0,227.6709,0,11,75.867344,75.932649,True,28-1-30-51-71-65-66-35-34|52-83-18-45-8-84-17-100-60-89|31-88-62-11-63-10-90-32-20-70|7-19-64-49-36-46-47-48-82|27-69-50-33-81-9-78-68-80-12-77|95-61-44-38-86-16-93-97-13-2|98-85-5-6-99-91-14-37-94-96|59-92-76-3-79-29-24-26-58|42-15-41-87-43-74-75-72|21-73-23-67-56-55-4-25-54|39-40-53-22-57
283,12,1352.1924,103.4648,122.0,220.7354,0,12,80.700885,80.780104,True,5-61-16-86-84-6-17-83-60-89|98-44-99-59-37-91-85-93-94-96|92-42-14-38-43-100-97-95|2-73-15-87-57-41-13-58|21-72-75-23-67-39-56-4-25-26|28-12-3-29-24-55-54-80-68-77|33-76-79-81-78-34-35-50|1-51-71-65-9-66-20-32|27-69-88-30-90-63-10-70-31|48-62-11-64-49-7-52|45-40-53-22-74|19-47-36-46-8-18-82
284,12,1352.1924,103.4648,122.0,220.7354,0,12,80.700885,80.780104,True,5-61-16-86-84-6-17-83-60-89|98-44-99-59-37-91-85-93-94-96|92-42-14-38-43-100-97-95|2-73-15-87-57-41-13-58|21-72-75-23-67-39-56-4-25-26|28-12-3-29-24-55-54-80-68-77|33-76-79-81-78-34-35-50|1-51-71-65-9-66-20-32|27-69-88-30-90-63-10-70-31|48-62-11-64-49-7-52|45-40-53-22-74|19-47-36-46-8-18-82
285,12,1353.0393,106.3675,78.0,226.5521,0,12,80.954959,81.03134,True,28-12-29-34-78-79-3-68-80-24-26|7-19-11-64-49-47-48-83-60-89|50-76-33-81-9-51-70-1|36-46-45-84-86-17-5-93-96|59-98-37-91-99-8-18-82-52|27-69-30-20-65-66-35-77|71-53-22-74-57-2-58|42-15-41-87-6-94-13-14|92-85-61-16-44-38-43-100-97-95|88-62-63-90-32-10-31|73-39-67-56-55-4-25-54|21-72-23-75-40
286,12,1353.0393,106.3675,78.0,226.5521,0,12,80.954959,81.03134,True,28-12-29-34-78-79-3-68-80-24-26|7-19-11-64-49-47-48-83-60-89|50-76-33-81-9-51-70-1|36-46-45-84-86-17-5-93-96|59-98-37-91-99-8-18-82-52|27-69-30-20-65-66-35-77|71-53-22-74-57-2-58|42-15-41-87-6-94-13-14|92-85-61-16-44-38-43-100-97-95|88-62-63-90-32-10-31|73-39-67-56-55-4-25-54|21-72-23-75-40
287,13,1353.5789,177.1976,152.0,219.6741,0,13,81.116835,81.21067,True,2-15-84-61-16-86-5-60-89|42-57-96-99-37-98-85-93-59-94|95-92-91-44-38-43-14-100-97-58|21-73-75-23-67-39-56-4-25-26|28-12-33-29-24-55-54-80-68-77|72-76-3-79-81-78-34-50|1-51-65-9-35-71-66-20|27-69-30-32-90-63-10-70|31-62-11-64-49-19-48-7-52|47-46-88-6|40-87-22-74-13|41-53|82-36-45-8-18-83-17
288,11,1359.665,51.9359,70.0,229.3451,0,11,82.942665,83.012188,True,1-51-71-65-9-66-20-70|27-69-30-32-90-10-19-48-52|42-5-99-87-94-6-13-95-98|92-16-86-44-38-14-91-100-97-37|59-57-15-43-41-22-75-74-72-2-58|31-18-45-8-84-61-17-85-93-96|82-47-36-64-49-46-83-60-89|7-88-62-11-63-35-3-77|21-73-23-67-39-56-55-4-25|34-76-53-40-26-54-80-50|33-29-78-81-79-28-12-68-24
289,11,1359.665,51.9359,70.0,229.3451,0,11,82.942665,83.012188,True,1-51-71-65-9-66-20-70|27-69-30-32-90-10-19-48-52|42-5-99-87-94-6-13-95-98|92-16-86-44-38-14-91-100-97-37|59-57-15-43-41-22-75-74-72-2-58|31-18-45-8-84-61-17-85-93-96|82-47-36-64-49-46-83-60-89|7-88-62-11-63-35-3-77|21-73-23-67-39-56-55-4-25|34-76-53-40-26-54-80-50|33-29-78-81-79-28-12-68-24
290,11,1362.1308,60.8759,80.0,227.7594,0,11,83.682404,83.75477,True,33-51-30-65-66-71-35-34|45-62-11-63-10-90-32-70-50|28-12-76-3-79-29-24-55-25-54|27-69-1-20-9-78-81-68-80-77|92-85-61-16-44-38-86-17-91-100-98|42-57-15-43-41-22-74-72-21-58|73-75-23-67-39-56-4-26-96|59-94-37-99-97-87-6-13-5-83|95-14-2-40-53-93-60-31|19-88-64-49-7-52-89|48-47-36-8-84-18-46-82
291,11,1362.1308,60.8759,80.0,227.7594,0,11,83.682404,83.75477,True,33-51-30-65-66-71-35-34|45-62-11-63-10-90-32-70-50|28-12-76-3-79-29-24-55-25-54|27-69-1-20-9-78-81-68-80-77|92-85-61-16-44-38-86-17-91-100-98|42-57-15-43-41-22-74-72-21-58|73-75-23-67-39-56-4-26-96|59-94-37-99-97-87-6-13-5-83|95-14-2-40-53-93-60-31|19-88-64-49-7-52-89|48-47-36-8-84-18-46-82
292,12,1364.5268,113.2172,113.0,222.816,0,12,84.401232,84.485026,True,5-16-44-86-84-6-60-89|95-37-59-99-98-91-61-85-93-94-96|92-42-15-38-43-14-100-97|73-72-23-67-39-56-4-25-26|28-12-29-76-24-55-54-80-68-77|27-69-33-81-79-3-78-34-50|1-51-65-9-35-71-66-32|45-40-53-22-75-74-21-58|52-7-62-11-30-10-90-20-70|88-87-41-57-2-13|31-63-64-49-36-19-48|18-83-8-82-47-46-17
293,12,1364.5268,113.2172,113.0,222.816,0,12,84.401232,84.485026,True,5-16-44-86-84-6-60-89|95-37-59-99-98-91-61-85-93-94-96|92-42-15-38-43-14-100-97|73-72-23-67-39-56-4-25-26|28-12-29-76-24-55-54-80-68-77|27-69-33-81-79-3-78-34-50|1-51-65-9-35-71-66-32|45-40-53-22-75-74-21-58|52-7-62-11-30-10-90-20-70|88-87-41-57-2-13|31-63-64-49-36-19-48|18-83-8-82-47-46-17
294,13,1373.5268,190.7182,134.0,219.6741,0,13,87.101227,87.201275,True,2-15-84-61-16-86-5-60-89|42-57-96-99-37-98-85-93-59-94|95-92-91-44-38-43-14-100-97-58|21-73-75-23-67-39-56-4-25-26|28-12-33-29-24-55-54-80-68-77|72-76-3-79-81-78-34-50|1-51-65-9-35-71-66-20|27-69-30-32-90-63-10-70|31-62-11-64-49-19-48-7-52|88-45-8-6|36-87-41-13|40-53-22-74|18-82-47-46-17-83
295,12,1378.1484,146.135,126.0,220.5429,0,12,88.487706,88.581483,True,85-16-86-61-99-84-5-94-91-100|92-14-44-38-43-57-13-97-37|42-15-41-87-6-96-93-98-59-95|27-69-40-53-22-75-74-72-21-58|2-73-23-67-39-56-4-25-26|28-12-3-29-24-55-54-80-68-77|31-62-64-36-49-47-48-82|18-83-45-8-46-17-60-89|1-30-11-88-19-7-52|50-76-33-79-10|71-65-9-78-81-51-35|34-20-66-32-90-63-70
296,12,1378.1484,146.135,126.0,220.5429,0,12,88.487706,88.581483,True,85-16-86-61-99-84-5-94-91-100|92-14-44-38-43-57-13-97-37|42-15-41-87-6-96-93-98-59-95|27-69-40-53-22-75-74-72-21-58|2-73-23-67-39-56-4-25-26|28-12-3-29-24-55-54-80-68-77|31-62-64-36-49-47-48-82|18-83-45-8-46-17-60-89|1-30-11-88-19-7-52|50-76-33-79-10|71-65-9-78-81-51-35|34-20-66-32-90-63-70
297,13,1379.4695,105.1434,143.0,219.7018,0,13,88.884022,88.973921,True,28-33-34-78-79-3-29-24-80-68-77|52-7-62-11-64-49-47-83-60-89|31-76-12-40-72-74-4-26|48-36-46-45-84-17-5|82-19-63-90-32-10-70|21-73-75-23-67-39-56-55-25-54|71-53-22-57-2-58|42-15-41-87-6-94-13|27-69-99-8-18|88-30-20-66-35|1-51-65-9-81-50|95-92-37-91-44-14-43-100-97|59-98-38-86-16-61-85-93-96
298,13,1379.4695,105.1434,143.0,219.7018,0,13,88.884022,88.973921,True,28-33-34-78-79-3-29-24-80-68-77|52-7-62-11-64-49-47-83-60-89|31-76-12-40-72-74-4-26|48-36-46-45-84-17-5|82-19-63-90-32-10-70|21-73-75-23-67-39-56-55-25-54|71-53-22-57-2-58|42-15-41-87-6-94-13|27-69-99-8-18|88-30-20-66-35|1-51-65-9-81-50|95-92-37-91-44-14-43-100-97|59-98-38-86-16-61-85-93-96
299,12,1379.4878,116.2038,78.0,226.1463,0,12,88.889515,88.975245,True,33-34-78-79-3-29-24-80-68|62-11-64-49-46-82-83-60|88-51-9-81-66-70-1|28-12-26-40-73-22-72-4|48-36-45-84-86-17-5-93-96|52-7-47-19-63-90-32-10-31|21-75-23-67-39-56-55-25-54|95-37-98-59-99-8-18-89|27-69-30-20-65-35-77-50|71-76-53-74-57-2-58|42-15-41-87-6-94-13-14|92-85-61-16-44-38-43-97-100-91
300,12,1379.4878,116.2038,78.0,226.1463,0,12,88.889515,88.975245,True,33-34-78-79-3-29-24-80-68|62-11-64-49-46-82-83-60|88-51-9-81-66-70-1|28-12-26-40-73-22-72-4|48-36-45-84-86-17-5-93-96|52-7-47-19-63-90-32-10-31|21-75-23-67-39-56-55-25-54|95-37-98-59-99-8-18-89|27-69-30-20-65-35-77-50|71-76-53-74-57-2-58|42-15-41-87-6-94-13-14|92-85-61-16-44-38-43-97-100-91
301,13,1381.1837,117.4872,130.0,219.7018,0,13,89.398289,89.489254,True,28-33-34-78-79-3-29-24-80-68-77|52-88-11-64-49-19-47-89|31-76-12-40-72-74-4-26|48-36-46-45-84-17-5-60|82-7-62-63-90-32-10-70|21-73-75-23-67-39-56-55-25-54|71-53-22-57-2-58|42-15-41-87-6-94-13|27-44-83-8-18|69-30-20-66-35|1-51-65-9-81-50|95-92-99-37-43-14-100-97|59-98-91-38-86-16-61-85-93-96
302,13,1381.1837,117.4872,130.0,219.7018,0,13,89.398289,89.489254,True,28-33-34-78-79-3-29-24-80-68-77|52-88-11-64-49-19-47-89|31-76-12-40-72-74-4-26|48-36-46-45-84-17-5-60|82-7-62-63-90-32-10-70|21-73-75-23-67-39-56-55-25-54|71-53-22-57-2-58|42-15-41-87-6-94-13|27-44-83-8-18|69-30-20-66-35|1-51-65-9-81-50|95-92-99-37-43-14-100-97|59-98-91-38-86-16-61-85-93-96
303,13,1384.9308,124.8756,141.0,218.7631,0,13,90.522414,90.61657,True,28-33-34-78-79-3-29-24-80-68-77|52-62-11-64-49-46-83-60-89|31-76-12-40-21-72-4-26|7-48-36-45-84-17-5|82-47-19-63-90-32-10-70|73-75-23-67-39-56-55-25-54|71-53-22-74-57-2-58|42-15-41-87-6-94-13|27-69-99-8-18|88-30-20-66-35|1-51-65-9-81-50|95-92-98-91-44-14-43-100-97|59-37-38-86-16-61-85-93-96
304,13,1384.9308,124.8756,141.0,218.7631,0,13,90.522414,90.61657,True,28-33-34-78-79-3-29-24-80-68-77|52-62-11-64-49-46-83-60-89|31-76-12-40-21-72-4-26|7-48-36-45-84-17-5|82-47-19-63-90-32-10-70|73-75-23-67-39-56-55-25-54|71-53-22-74-57-2-58|42-15-41-87-6-94-13|27-69-99-8-18|88-30-20-66-35|1-51-65-9-81-50|95-92-98-91-44-14-43-100-97|59-37-38-86-16-61-85-93-96
305,15,1393.8909,498.7002,121.0,216.5126,0,15,93.210445,93.361625,True,27-69-30-66-1|48-36-11-10-70|2-42-57-15-41-73-13|28-76-79-29-54-4-26|6-99-61-16-100-97|87-37-91-85-93-59|53-40-55-25-12|88-62-64-49-19-7-52|71-65-9-78-3-68-77|18-83-45-84-17-5-96|92-44-86-38-14-43-58|72-75-23-67-39-22-74-56-21|50-20-35-34-24-80|94-95-98-60-8-46-47-82-89|33-81-51-32-90-63-31
306,15,1393.8909,498.7002,121.0,216.5126,0,15,93.210445,93.361625,True,27-69-30-66-1|48-36-11-10-70|2-42-57-15-41-73-13|28-76-79-29-54-4-26|6-99-61-16-100-97|87-37-91-85-93-59|53-40-55-25-12|88-62-64-49-19-7-52|71-65-9-78-3-68-77|18-83-45-84-17-5-96|92-44-86-38-14-43-58|72-75-23-67-39-22-74-56-21|50-20-35-34-24-80|94-95-98-60-8-46-47-82-89|33-81-51-32-90-63-31
307,12,1397.3772,77.0855,88.0,226.1463,0,12,94.256349,94.342578,True,33-34-78-79-3-29-24-80-68-77|52-7-62-11-64-49-46-83-60-89|88-51-9-81-66-70-1|31-28-76-12-40-21-72-4-26|48-36-45-84-86-17-5-93-96|82-47-19-63-90-32-10|73-75-23-67-39-56-55-25-54|59-98-37-91-99-8-18|27-69-30-20-65-35-50|71-53-22-74-57-2-58|42-15-41-87-6-94-13-14|92-85-61-16-44-38-43-100-97-95
308,13,1397.8644,98.259,122.0,222.9206,0,13,94.402501,94.495268,True,33-34-78-79-3-29-24-80-68-77|52-7-62-11-64-49-46-83-60-89|31-28-76-12-40-21-72-4-26|48-36-45-84-17-5|82-47-19-63-90-32-10-70|73-75-23-67-39-56-55-25-54|71-53-22-74-57-2-58|42-15-41-87-6-94-13|27-69-99-8-18|88-30-20-66-35|1-51-65-9-81-50|95-92-98-91-16-44-14-43-100-97|59-37-38-86-61-85-93-96
309,13,1397.8644,98.259,122.0,222.9206,0,13,94.402501,94.495268,True,33-34-78-79-3-29-24-80-68-77|52-7-62-11-64-49-46-83-60-89|31-28-76-12-40-21-72-4-26|48-36-45-84-17-5|82-47-19-63-90-32-10-70|73-75-23-67-39-56-55-25-54|71-53-22-74-57-2-58|42-15-41-87-6-94-13|27-69-99-8-18|88-30-20-66-35|1-51-65-9-81-50|95-92-98-91-16-44-14-43-100-97|59-37-38-86-61-85-93-96
310,13,1411.734,271.4978,107.0,221.0011,0,13,98.563385,98.684511,True,1-33-81-34-78-79-29-24-80-68-77|31-3-76-12-40-21-72-4-26|73-75-23-67-39-56-55-25-54|59-98-37-91-99-8-46-17-60-89|27-69-30-20-65-66-35-50|42-15-41-87-6-13-14|92-85-61-16-44-38-43-100-97-95|28-51-63-36-49-47-48-82|52-7-88-11-64-19-90-32-70|53-94-86-93-96|62-9-71-10|18-83-45-84-5|2-57-22-74-58
311,13,1411.734,271.4978,107.0,221.0011,0,13,98.563385,98.684511,True,1-33-81-34-78-79-29-24-80-68-77|31-3-76-12-40-21-72-4-26|73-75-23-67-39-56-55-25-54|59-98-37-91-99-8-46-17-60-89|27-69-30-20-65-66-35-50|42-15-41-87-6-13-14|92-85-61-16-44-38-43-100-97-95|28-51-63-36-49-47-48-82|52-7-88-11-64-19-90-32-70|53-94-86-93-96|62-9-71-10|18-83-45-84-5|2-57-22-74-58
312,19,1418.3584,840.9449,123.0,213.0976,0,19,108.308405,108.51915,True,33-71-65-66-81-50|47-36-46-45-84-17-83-60-89|88-11-64-49-19-7|40-73-56-4-54-80|79-78-34-29-24-68|92-44-86-16-61-96|2-57-15-43-41-22-74-72-58|6-99-93-85-59|18-8-48-82|94-53-12|5-91-38-100-37-95|28|98-14-42-87-97|13|21-75-23-67-39-55-25-26|27-69-1-20-51-9-35-3|52-30-10-31|76-77|62-63-90-32-70
313,19,1418.3584,840.9449,123.0,213.0976,0,19,108.308405,108.51915,True,33-71-65-66-81-50|47-36-46-45-84-17-83-60-89|88-11-64-49-19-7|40-73-56-4-54-80|79-78-34-29-24-68|92-44-86-16-61-96|2-57-15-43-41-22-74-72-58|6-99-93-85-59|18-8-48-82|94-53-12|5-91-38-100-37-95|28|98-14-42-87-97|13|21-75-23-67-39-55-25-26|27-69-1-20-51-9-35-3|52-30-10-31|76-77|62-63-90-32-70
314,12,1422.2649,77.0855,93.0,226.1463,0,12,101.722644,101.816839,True,33-34-78-79-3-29-24-80-68-77|52-7-62-11-64-49-46-83-60-89|31-28-76-12-40-21-72-4-26|48-36-45-84-86-17-5-93-96|82-47-19-63-90-32-10-70|73-75-23-67-39-56-55-25-54|71-53-22-74-57-2-58|42-15-41-87-6-94-13-14|92-85-61-16-44-38-43-100-97-95|27-69-99-8-18-91-98-37-59|88-30-20-66-35|1-51-65-9-81-50
315,13,1424.2569,87.9501,150.0,223.2307,0,13,102.320249,102.422234,True,42-57-37-59-99-94-96-93-85-5-60|95-92-98-91-44-38-43-14-100-97-58|21-73-75-23-67-39-56-4-25-54|28-12-29-79-24-55-80-68-77|72-76-33-81-78-34-3-50|1-51-65-9-35-71-66-20|27-69-30-32-90-63-10-70|31-62-11-64-49-19-48-7-52|47-36-45-8-83-17-13|82-88-40-53|2-15-87-41-74-26|61-18-6-84-86-46-89|16-22
316,13,1424.2569,87.9501,150.0,223.2307,0,13,102.320249,102.422234,True,42-57-37-59-99-94-96-93-85-5-60|95-92-98-91-44-38-43-14-100-97-58|21-73-75-23-67-39-56-4-25-54|28-12-29-79-24-55-80-68-77|72-76-33-81-78-34-3-50|1-51-65-9-35-71-66-20|27-69-30-32-90-63-10-70|31-62-11-64-49-19-48-7-52|47-36-45-8-83-17-13|82-88-40-53|2-15-87-41-74-26|61-18-6-84-86-46-89|16-22
317,14,1440.8383,201.4179,154.0,218.5117,0,14,107.294654,107.418625,True,28-33-34-78-79-3-29-24-80-68-77|52-62-11-64-49-83-60-89|31-76-12-40-21-72-4-26|7-36-46-45-8-17-5|82-48-47-19-63-90-32-10-70|73-75-23-67-39-56-55-25-54|71-53-22-74-57-2-58|42-15-41-87-13-94|27-69-6-99-84-18|88-30-66-20-1|51-9-35-81-50|95-92-98-91-16-44-14-43-100-97|59-37-38-86-61-85-93-96|65
318,14,1440.8383,201.4179,154.0,218.5117,0,14,107.294654,107.418625,True,28-33-34-78-79-3-29-24-80-68-77|52-62-11-64-49-83-60-89|31-76-12-40-21-72-4-26|7-36-46-45-8-17-5|82-48-47-19-63-90-32-10-70|73-75-23-67-39-56-55-25-54|71-53-22-74-57-2-58|42-15-41-87-13-94|27-69-6-99-84-18|88-30-66-20-1|51-9-35-81-50|95-92-98-91-16-44-14-43-100-97|59-37-38-86-61-85-93-96|65
319,12,1444.844,60.8182,103.0,228.9302,0,12,108.496381,108.596328,True,28-33-34-78-79-3-29-24-80-68-77|52-7-62-11-64-49-46-83-60-89|31-76-53-40-21-72-4-12|47-19-63-90-32-10-70|73-75-23-67-39-56-55-25-54-26|71-81-22-74-57-2-58|92-85-61-16-44-38-43-100-97-95|27-69-99-8-18-94-13-37-59|42-15-41-87-91-86-14-98|45-82-88-30|48-36-84-6-96-93-17-5|1-51-65-9-35-66-20-50
320,12,1444.844,60.8182,103.0,228.9302,0,12,108.496381,108.596328,True,28-33-34-78-79-3-29-24-80-68-77|52-7-62-11-64-49-46-83-60-89|31-76-53-40-21-72-4-12|47-19-63-90-32-10-70|73-75-23-67-39-56-55-25-54-26|71-81-22-74-57-2-58|92-85-61-16-44-38-43-100-97-95|27-69-99-8-18-94-13-37-59|42-15-41-87-91-86-14-98|45-82-88-30|48-36-84-6-96-93-17-5|1-51-65-9-35-66-20-50
321,13,1450.2114,187.1806,99.0,221.0011,0,13,110.106612,110.225833,True,1-33-81-34-78-79-29-24-80-68-77|31-3-76-12-40-21-72-4-26|48-36-45-83-18-93-96|73-75-23-67-39-56-55-25-54|59-98-37-91-99-8-46-17-60-89|27-69-30-20-65-66-35-50|53-22-74-57-2-58|42-15-41-87-6-13-14|92-85-61-16-44-38-43-100-97-95|28-51-63-49-47-82|52-7-88-11-64-19-90-32-70|62-9-71-10|94-86-84-5
322,13,1450.2114,187.1806,99.0,221.0011,0,13,110.106612,110.225833,True,1-33-81-34-78-79-29-24-80-68-77|31-3-76-12-40-21-72-4-26|48-36-45-83-18-93-96|73-75-23-67-39-56-55-25-54|59-98-37-91-99-8-46-17-60-89|27-69-30-20-65-66-35-50|53-22-74-57-2-58|42-15-41-87-6-13-14|92-85-61-16-44-38-43-100-97-95|28-51-63-49-47-82|52-7-88-11-64-19-90-32-70|62-9-71-10|94-86-84-5
323,16,1451.1311,490.7301,129.0,211.9068,0,16,110.38251,110.550076,True,51-71-35-34-3-77|62-11-90-32-10-70-1|28-76-79-29-24-55-25-54|50-33-81-9-78-68-80-12|42-14-44-38-100-37|2-57-15-43-41-22-74-72-21-58|73-75-23-67-39-56-4-26|92-98-99-97-87|53-40-13-95|27-69-30-20-65-66-63|83-45-86-61-6-93-85-96|7-82-46-60-59|89-52-48-19-31|18-5-94-91-16-17|64-8-84|88-49-36-47
324,16,1451.1311,490.7301,129.0,211.9068,0,16,110.38251,110.550076,True,51-71-35-34-3-77|62-11-90-32-10-70-1|28-76-79-29-24-55-25-54|50-33-81-9-78-68-80-12|42-14-44-38-100-37|2-57-15-43-41-22-74-72-21-58|73-75-23-67-39-56-4-26|92-98-99-97-87|53-40-13-95|27-69-30-20-65-66-63|83-45-86-61-6-93-85-96|7-82-46-60-59|89-52-48-19-31|18-5-94-91-16-17|64-8-84|88-49-36-47
325,19,1454.2819,659.0751,162.0,205.2975,0,19,111.327756,111.524727,True,27-69-30-1|48-36-11-64-63-10-70|2-57-15-41-73|89|28-76-68-54-4-26|6-99-61-16-100-97|87-37-98-91-85-93-59|53-55-25|88-62-49-19-7-52|33|51-71-9-35-81-3-77|18-83-84-17-5-96-13|92-42-44-38-86-14-43-58|72-75-23-67-39-22-74-56-21|50-79-78-34-29-24-80|12|94-95-60-45-8-46-47-82|65-20-66-32-90-31|40
326,19,1454.2819,659.0751,162.0,205.2975,0,19,111.327756,111.524727,True,27-69-30-1|48-36-11-64-63-10-70|2-57-15-41-73|89|28-76-68-54-4-26|6-99-61-16-100-97|87-37-98-91-85-93-59|53-55-25|88-62-49-19-7-52|33|51-71-9-35-81-3-77|18-83-84-17-5-96-13|92-42-44-38-86-14-43-58|72-75-23-67-39-22-74-56-21|50-79-78-34-29-24-80|12|94-95-60-45-8-46-47-82|65-20-66-32-90-31|40
327,12,1457.7914,87.0454,75.0,226.1463,0,12,112.380589,112.485136,True,33-34-78-79-3-29-24-80-68-77|52-7-62-11-64-49-46-83-60-89|31-28-76-12-40-55-4-25|48-36-45-84-86-17-5-93-96|82-47-19-63-90-32-10-70|71-53-41-72-54-26|2-57-15-42-87-6-94-13-14|92-85-61-16-44-38-43-100-97-95|27-69-99-8-18-91-98-37-59|88-30-20-66-35-58|1-51-65-9-81-50|73-23-67-39-22-74-56-75-21
328,12,1457.7914,87.0454,75.0,226.1463,0,12,112.380589,112.485136,True,33-34-78-79-3-29-24-80-68-77|52-7-62-11-64-49-46-83-60-89|31-28-76-12-40-55-4-25|48-36-45-84-86-17-5-93-96|82-47-19-63-90-32-10-70|71-53-41-72-54-26|2-57-15-42-87-6-94-13-14|92-85-61-16-44-38-43-100-97-95|27-69-99-8-18-91-98-37-59|88-30-20-66-35-58|1-51-65-9-81-50|73-23-67-39-22-74-56-75-21
329,13,1460.3948,171.007,68.0,223.5644,0,13,113.161627,113.278762,True,28-33-34-78-79-3-29-24-80-68-77|52-7-62-11-64-49-46-83-60-89|31-69-76-12-40-21-72-4-26|48-36-45-84-17-5-93-96|82-47-19-63-90-32-10-70|73-75-23-67-39-56-55-25-54|71-53-22-74-57-2-58|42-15-41-87-6-13-14|92-61-16-86-44-43-100-97-95|27-99-8-18-91-98-37-59|88-30-9-66-20|1-51-65-35-81-50|94-38-85
330,13,1460.3948,171.007,68.0,223.5644,0,13,113.161627,113.278762,True,28-33-34-78-79-3-29-24-80-68-77|52-7-62-11-64-49-46-83-60-89|31-69-76-12-40-21-72-4-26|48-36-45-84-17-5-93-96|82-47-19-63-90-32-10-70|73-75-23-67-39-56-55-25-54|71-53-22-74-57-2-58|42-15-41-87-6-13-14|92-61-16-86-44-43-100-97-95|27-99-8-18-91-98-37-59|88-30-9-66-20|1-51-65-35-81-50|94-38-85
331,12,1460.4628,64.692,103.0,226.1463,0,12,113.182005,113.286801,True,33-34-78-79-3-29-24-80-68-77|52-7-62-11-64-49-46-83-60-89|19-88-51-9-81-66-70-1|31-28-76-12-40-21-72-4-26|48-36-45-84-86-17-5-93-96|73-75-23-67-39-56-55-25-54|27-69-30-20-65-71-35-50|42-15-41-87-6-94-13-14|92-85-61-16-44-38-43-100-97-95|59-98-37-91-99-8-18-82|2-57-22-53-10|47-63-90-32-74-58
332,12,1460.4628,64.692,103.0,226.1463,0,12,113.182005,113.286801,True,33-34-78-79-3-29-24-80-68-77|52-7-62-11-64-49-46-83-60-89|19-88-51-9-81-66-70-1|31-28-76-12-40-21-72-4-26|48-36-45-84-86-17-5-93-96|73-75-23-67-39-56-55-25-54|27-69-30-20-65-71-35-50|42-15-41-87-6-94-13-14|92-85-61-16-44-38-43-100-97-95|59-98-37-91-99-8-18-82|2-57-22-53-10|47-63-90-32-74-58
333,18,1502.4945,719.7588,146.0,207.4867,0,18,125.791534,126.0105,True,27-69-30-1|48-36-11-10-70|2-57-15-41-73-13|76-54-4-26|6-99-61-16-100-97|87-37-91-85-93-59|53-40-55-25|88-62-64-49-19-7-52|33-81-79-29-24|51-71-65-9-78-3-68-77|18-83-45-84-17-5-96|92-42-44-38-86-14-43-58|72-75-23-67-39-22-74-56-21|50-34-35-66-20|80-12|94-95-98-60-8-82-89|46-47-28|32-90-63-31
334,18,1502.4945,719.7588,146.0,207.4867,0,18,125.791534,126.0105,True,27-69-30-1|48-36-11-10-70|2-57-15-41-73-13|76-54-4-26|6-99-61-16-100-97|87-37-91-85-93-59|53-40-55-25|88-62-64-49-19-7-52|33-81-79-29-24|51-71-65-9-78-3-68-77|18-83-45-84-17-5-96|92-42-44-38-86-14-43-58|72-75-23-67-39-22-74-56-21|50-34-35-66-20|80-12|94-95-98-60-8-82-89|46-47-28|32-90-63-31
335,15,1516.6808,410.2119,121.0,216.198,0,15,130.04742,130.222117,True,27-69-30-53-66-1|48-36-11-10-70|2-42-57-15-41-73-13|76-79-29-54-55-4-26|6-99-61-16-100-97|40-87-37-91-85-93-59|88-62-64-49-19-7-52|71-65-9-78-3-68-80-77|18-83-45-84-17-5-96|92-44-86-38-14-43-58|72-75-23-67-39-22-74-56-21|50-20-35-34-24-12|94-95-98-60-8-82-89|46-47-28-25|33-81-51-32-90-63-31
336,15,1516.6808,410.2119,121.0,216.198,0,15,130.04742,130.222117,True,27-69-30-53-66-1|48-36-11-10-70|2-42-57-15-41-73-13|76-79-29-54-55-4-26|6-99-61-16-100-97|40-87-37-91-85-93-59|88-62-64-49-19-7-52|71-65-9-78-3-68-80-77|18-83-45-84-17-5-96|92-44-86-38-14-43-58|72-75-23-67-39-22-74-56-21|50-20-35-34-24-12|94-95-98-60-8-82-89|46-47-28-25|33-81-51-32-90-63-31
337,19,1523.3267,717.2196,129.0,210.9068,0,19,132.041191,132.265139,True,1-51-65-66-71-35-34|45-8-84-17-5-60|31-88-11-63-32-90-10-70|87|73-75-23-67-39-56-4|28-12-3-79-29-24-55-25-54|7-19-64-49-36-46-47-48|50-33-81-9-78-68-80-77|92-42-44-38-86-16-91-100-37|2-43-41-22-74-72-21-58|6-96-93-85-94|53|69-20-59-98-97-95|82-18-83-57-26-89-52|27-30-62-61-14|40-13|99|76|15
338,19,1523.3267,717.2196,129.0,210.9068,0,19,132.041191,132.265139,True,1-51-65-66-71-35-34|45-8-84-17-5-60|31-88-11-63-32-90-10-70|87|73-75-23-67-39-56-4|28-12-3-79-29-24-55-25-54|7-19-64-49-36-46-47-48|50-33-81-9-78-68-80-77|92-42-44-38-86-16-91-100-37|2-43-41-22-74-72-21-58|6-96-93-85-94|53|69-20-59-98-97-95|82-18-83-57-26-89-52|27-30-62-61-14|40-13|99|76|15
339,20,1563.6678,704.3565,112.0,214.2054,0,20,144.143504,144.37672,True,83-45-46-8-18|47-11-90-30-51-77|33-71-65-32-63-10-31|62-88|95-2-23-67-55-25-54|39-41-22-75-56-72|27-69-53-40-73-74-4-26|93-85-100-37|21|89-6-12-80-68|28-76-3-79-78-34-29-24|52-48-36-64-49-19-7|1|82-60-59|57-15-97|58|50-81-9-35-66-20-70|96-99-61-16-86-14-43|94-92-42-87-13|98-91-44-38-84-17-5
340,20,1563.6678,704.3565,112.0,214.2054,0,20,144.143504,144.37672,True,83-45-46-8-18|47-11-90-30-51-77|33-71-65-32-63-10-31|62-88|95-2-23-67-55-25-54|39-41-22-75-56-72|27-69-53-40-73-74-4-26|93-85-100-37|21|89-6-12-80-68|28-76-3-79-78-34-29-24|52-48-36-64-49-19-7|1|82-60-59|57-15-97|58|50-81-9-35-66-20-70|96-99-61-16-86-14-43|94-92-42-87-13|98-91-44-38-84-17-5
341,16,1601.5865,285.6513,165.0,215.8045,0,16,155.519136,155.705261,True,30-65-66-71-34|52-45-8-84-17-83-60-89|62-11-63-90-32-70-50|28-12-76-3-79-55-25|7-64-49-36-47-48|51-9-78-68-80-77|92-42-14-44-38-86-16-100-93-59|2-57-15-43-41-22-74-21-58|73-75-23-67-39-56-4-26|37-85-99-87-6-96-97-13|95-40-53|88-31-24-54-98|29-1-5-61-91-94|27-82-46-19-10|72-18-20-81-35|33-69
342,16,1601.5865,285.6513,165.0,215.8045,0,16,155.519136,155.705261,True,30-65-66-71-34|52-45-8-84-17-83-60-89|62-11-63-90-32-70-50|28-12-76-3-79-55-25|7-64-49-36-47-48|51-9-78-68-80-77|92-42-14-44-38-86-16-100-93-59|2-57-15-43-41-22-74-21-58|73-75-23-67-39-56-4-26|37-85-99-87-6-96-97-13|95-40-53|88-31-24-54-98|29-1-5-61-91-94|27-82-46-19-10|72-18-20-81-35|33-69
343,20,1616.729,868.4057,114.0,203.0856,0,20,160.061863,160.334136,True,27-69-30-66-1|62-11-64-49-10-70|2-42-15-41-73-13|76-29-54-4-26|6-99-61-16-91-100-95|87-97-37-85-93-59|21-23-55-25|88-19-48-7-52|78-79-77|71-65-35-3-68|83-84-17-5-96|92-14-44-86-38-43-57-58|72-75-39-67-22-74-56|50-20-9-34-24|80-12|94-98-45-8-82|31-18-60-89|47-36-46-28|33-81-51-32-90-63|53-40
344,20,1616.729,868.4057,114.0,203.0856,0,20,160.061863,160.334136,True,27-69-30-66-1|62-11-64-49-10-70|2-42-15-41-73-13|76-29-54-4-26|6-99-61-16-91-100-95|87-97-37-85-93-59|21-23-55-25|88-19-48-7-52|78-79-77|71-65-35-3-68|83-84-17-5-96|92-14-44-86-38-43-57-58|72-75-39-67-22-74-56|50-20-9-34-24|80-12|94-98-45-8-82|31-18-60-89|47-36-46-28|33-81-51-32-90-63|53-40
345,18,1630.804,612.4136,138.0,206.3957,0,18,164.284379,164.524773,True,1-66-71-35-34|52-45-8-84-17-5-60|31-11-63-90-32-70|61-16-86-44-87-91-98-97-13|73-23-67-39-56-25|28-76-79-29-24-55-54|7-19-64-49-47-46-48|33-81-9-78-68-80-77|92-42-14-38-10|2-15-43-41-22-74-72-21-58|6-95-59-93-85-100-37|40-53|50-30-82-96-94-89|88-12-26-75|51-20-65-3|18-83-99-57|27-69-62-36|4
346,18,1630.804,612.4136,138.0,206.3957,0,18,164.284379,164.524773,True,1-66-71-35-34|52-45-8-84-17-5-60|31-11-63-90-32-70|61-16-86-44-87-91-98-97-13|73-23-67-39-56-25|28-76-79-29-24-55-54|7-19-64-49-47-46-48|33-81-9-78-68-80-77|92-42-14-38-10|2-15-43-41-22-74-72-21-58|6-95-59-93-85-100-37|40-53|50-30-82-96-94-89|88-12-26-75|51-20-65-3|18-83-99-57|27-69-62-36|4
347,18,1631.7977,459.3915,139.0,211.9068,0,18,164.582496,164.801161,True,65-66-71-35-34|45-8-84-17-83-60-89|31-88-62-11-63-90-10|40-87-94-6-93-96|73-75-23-67-39-4-26|28-12-76-79-29-24-55-25-54|7-19-47-46-82|69-50-33-9-78-80|42-14-44-38-86-16-91-100-97|2-15-43-41-22-74-72-21-58|59-98-85-61-99-53|1-51-30-52-5-95|68-3-77|48-20-32-70|81-57-37-13|27-92-56|18-36-49|64
348,18,1631.7977,459.3915,139.0,211.9068,0,18,164.582496,164.801161,True,65-66-71-35-34|45-8-84-17-83-60-89|31-88-62-11-63-90-10|40-87-94-6-93-96|73-75-23-67-39-4-26|28-12-76-79-29-24-55-25-54|7-19-47-46-82|69-50-33-9-78-80|42-14-44-38-86-16-91-100-97|2-15-43-41-22-74-72-21-58|59-98-85-61-99-53|1-51-30-52-5-95|68-3-77|48-20-32-70|81-57-37-13|27-92-56|18-36-49|64
349,13,1633.1904,35.4469,110.0,229.08,0,13,165.000303,165.15397,True,27-52-69-99-87-57-97-100-93-96|33-34-79-29-55-80-68-77-50|83-86-38-16-61-37-94-13|7-62-11-64-49-19-46-17|28-1-12-76-21-72-56-25-54-26|48-36-84-5-60-59-95-89|2-73-23-67-39-75-74-4|31-63-90-32-65-71-35-70|42-14-44-8-85-91-43-58|82-88-30-20-66-10-98|92-15-22-53|45-18-6-40-41|47-51-9-78-81-3-24
350,13,1633.1904,35.4469,110.0,229.08,0,13,165.000303,165.15397,True,27-52-69-99-87-57-97-100-93-96|33-34-79-29-55-80-68-77-50|83-86-38-16-61-37-94-13|7-62-11-64-49-19-46-17|28-1-12-76-21-72-56-25-54-26|48-36-84-5-60-59-95-89|2-73-23-67-39-75-74-4|31-63-90-32-65-71-35-70|42-14-44-8-85-91-43-58|82-88-30-20-66-10-98|92-15-22-53|45-18-6-40-41|47-51-9-78-81-3-24
351,21,1655.288,847.8274,146.0,204.6071,0,21,171.629577,171.914059,True,27-69-30-66-1|48-36-11-10-70|2-57-15-41-73|59-89|76-29-24-54-4-26|6-99-61-16-91-100-97|87-37-85-93-96|53-40-55-25|88-62-64-49-19-7-52|33-78-79|71-65-9-3-68-77|83-45-84-17-5|92-44-86-38-14-43-58|72-75-23-67-39-22-74-56-21|20-35-34|12-80|94-95-98-8-82|31-18-60|46-47-28|50-81-51-32-90-63|42-13
352,21,1655.288,847.8274,146.0,204.6071,0,21,171.629577,171.914059,True,27-69-30-66-1|48-36-11-10-70|2-57-15-41-73|59-89|76-29-24-54-4-26|6-99-61-16-91-100-97|87-37-85-93-96|53-40-55-25|88-62-64-49-19-7-52|33-78-79|71-65-9-3-68-77|83-45-84-17-5|92-44-86-38-14-43-58|72-75-23-67-39-22-74-56-21|20-35-34|12-80|94-95-98-8-82|31-18-60|46-47-28|50-81-51-32-90-63|42-13
353,13,1666.7645,69.1253,98.0,227.2215,0,13,175.072526,175.239838,True,27-52-69-97-87-43-100-85-93|33-34-78-79-3-29-24-80-68-77-50|61-16-38-83-18-94|7-62-11-64-49-46-17-60|82-88-51-9-81-66-20-1|31-28-76-12-40-21-72-4-26|48-36-84-5-6-95-37-59-96-89|42-91-86-45-47-19-32|73-75-23-67-39-56-55-25-54|92-14-98-99-8-90-63|65-30-10-70-35|71-53-22-74-2-58|15-44-41-57-13
354,19,1680.6753,710.757,116.0,213.0976,0,19,179.245769,179.514981,True,33-51-9-35-81|47-36-46-84-17-60-89|88-11-19-7-52|73-75-23-67-39-56|3-79-78-34-68-80|92-42-14-44-38-86-16-59|2-57-15-43-41-22-74-72-21-58|6-99-93-85-96|5-91-100-37-95|83-45-61-98|27-69-90-65-71-66-20|50-1-30-10-31|76-77|62-64-49-63-32-70|28-29-26-97-94-13|18-53-54-12|82-40-24|48-8-4-25|87-55
355,19,1680.6753,710.757,116.0,213.0976,0,19,179.245769,179.514981,True,33-51-9-35-81|47-36-46-84-17-60-89|88-11-19-7-52|73-75-23-67-39-56|3-79-78-34-68-80|92-42-14-44-38-86-16-59|2-57-15-43-41-22-74-72-21-58|6-99-93-85-96|5-91-100-37-95|83-45-61-98|27-69-90-65-71-66-20|50-1-30-10-31|76-77|62-64-49-63-32-70|28-29-26-97-94-13|18-53-54-12|82-40-24|48-8-4-25|87-55
356,13,1692.0965,29.031,134.0,229.9558,0,13,182.672116,182.845024,True,27-52-69-99-87-57-97-100-85-93|33-34-3-79-29-55-80-68-77-50|61-16-38-83-18-94-13-37|7-62-11-64-49-19-46-17|28-1-12-76-21-72-75-25-54-26|48-36-84-5-6-95-59-96-60-89|2-73-23-67-39-56-74-4-24|63-90-32-65-35-71-70-31|42-14-44-8-86-43-58|82-88-30-20-66-10-98|92-15-22-53|45-91-40-41|47-51-9-78-81
357,22,1694.9449,987.8266,98.0,216.3423,0,22,183.526651,183.84129,True,33-71-65-66-81-50|18|47-36-46-45-84-17-83-89|88-11-49-19|40-73-56-4-24-80|54-55|29-79-78-34-35|92-42-44-86-16-61-96|2-57-15-41-22-74-72-58|6-99-93-85-59|64-48-8-82|60-94-12-68|53-26|5-91-100-37-95|39-28|98-14-38-43-97|87-13|21-75-23-67-25|27-69-20-9-3|52-7-1-30-51-10-31|76-77|62-63-90-32-70
358,22,1694.9449,987.8266,98.0,216.3423,0,22,183.526651,183.84129,True,33-71-65-66-81-50|18|47-36-46-45-84-17-83-89|88-11-49-19|40-73-56-4-24-80|54-55|29-79-78-34-35|92-42-44-86-16-61-96|2-57-15-41-22-74-72-58|6-99-93-85-59|64-48-8-82|60-94-12-68|53-26|5-91-100-37-95|39-28|98-14-38-43-97|87-13|21-75-23-67-25|27-69-20-9-3|52-7-1-30-51-10-31|76-77|62-63-90-32-70
359,18,1699.263,405.6183,140.0,213.5723,0,18,184.822086,185.053274,True,30-51-66-71-35-34|18-8-84-17-5-60-89|88-62-10-63-90-32-70|94-87-97-6-93-13|73-75-23-67-39-56-4|12-76-79-29-24-55-25-54|7-19-64-49-36-47-46-82|27-50-81-9-78-68-80-77|92-42-14-44-38-86-91-100-98-59|15-43-41-22-74-72-58|85-99-96-53|2-37-83-52-31|69-40-26-3-1-95|48-20-28-21|33-57-61|16-45|65|11
360,18,1699.263,405.6183,140.0,213.5723,0,18,184.822086,185.053274,True,30-51-66-71-35-34|18-8-84-17-5-60-89|88-62-10-63-90-32-70|94-87-97-6-93-13|73-75-23-67-39-56-4|12-76-79-29-24-55-25-54|7-19-64-49-36-47-46-82|27-50-81-9-78-68-80-77|92-42-14-44-38-86-91-100-98-59|15-43-41-22-74-72-58|85-99-96-53|2-37-83-52-31|69-40-26-3-1-95|48-20-28-21|33-57-61|16-45|65|11
361,22,1714.8815,956.7315,97.0,216.3423,0,22,189.507632,189.823489,True,33-71-65-66-81-50|47-36-46-45-84-17-83-89|88-62-11-49-19-82|40-73-56-4-24-80|29-79-78-34-35|92-42-44-86-16-61-96|2-57-15-41-22-74-72-58|6-99-93-59|64-48-8-18|60-94-12-68|5-85-91-100-37-95|98-14-38-43-97|21-75-23-67-25|52-7-1-30-10-31|63-90-32-70|69-20-51-3-54-26|55-77|28-13|27-53|39|87|76-9
362,22,1714.8815,956.7315,97.0,216.3423,0,22,189.507632,189.823489,True,33-71-65-66-81-50|47-36-46-45-84-17-83-89|88-62-11-49-19-82|40-73-56-4-24-80|29-79-78-34-35|92-42-44-86-16-61-96|2-57-15-41-22-74-72-58|6-99-93-59|64-48-8-18|60-94-12-68|5-85-91-100-37-95|98-14-38-43-97|21-75-23-67-25|52-7-1-30-10-31|63-90-32-70|69-20-51-3-54-26|55-77|28-13|27-53|39|87|76-9
363,20,1718.826,813.5065,119.0,205.5065,0,20,190.690965,190.986496,True,84-61-16-85-93-94|92-98-91-44-14-43-100-37|15-42-87-97-59-96-95-13|22-75-74-72-21-58|2-73-23-39-56-4-26|28-12-54-24-29-80-68-77|3-79-34-78-81-50|1-20-71-51|27-69-30-90-63-10-70|31-62-11-49-19-7-52|88-48-47-46-82-60-5|18-83-45-8-6-89|40-57-86-17|32-65-35-66|53-25|99-41-55|36-64|76-33-9|67|38
364,20,1718.826,813.5065,119.0,205.5065,0,20,190.690965,190.986496,True,84-61-16-85-93-94|92-98-91-44-14-43-100-37|15-42-87-97-59-96-95-13|22-75-74-72-21-58|2-73-23-39-56-4-26|28-12-54-24-29-80-68-77|3-79-34-78-81-50|1-20-71-51|27-69-30-90-63-10-70|31-62-11-49-19-7-52|88-48-47-46-82-60-5|18-83-45-8-6-89|40-57-86-17|32-65-35-66|53-25|99-41-55|36-64|76-33-9|67|38
365,17,1720.7969,509.6819,117.0,217.2519,0,17,191.282251,191.533461,True,1-30-71-65-66-20-32|19-47-48-8-84-17-5|73-75-23-39-80-12|51-76-79-29-24-55-25-54|27-69-33-81-9-35-34-68|42-87-43-14-91-100-95|2-57-15-41-22-74-58|6-94-61-83|88-82-18-60-96-13-26|50-89-99-16-85|90-63-49-36-46-93-59|92-37-67-3-77|28-62-11-64-98-21|45-7-31-78-70-52|53-40-72-56-4|44-38-86-97|10
366,17,1720.7969,509.6819,117.0,217.2519,0,17,191.282251,191.533461,True,1-30-71-65-66-20-32|19-47-48-8-84-17-5|73-75-23-39-80-12|51-76-79-29-24-55-25-54|27-69-33-81-9-35-34-68|42-87-43-14-91-100-95|2-57-15-41-22-74-58|6-94-61-83|88-82-18-60-96-13-26|50-89-99-16-85|90-63-49-36-46-93-59|92-37-67-3-77|28-62-11-64-98-21|45-7-31-78-70-52|53-40-72-56-4|44-38-86-97|10
367,20,1724.1186,805.989,133.0,205.5065,0,20,192.278746,192.576136,True,1-51-71-35-34-77|52-18-84-5-60-89|31-88-62-11-63-90-32-20-70|87-95-6-96-94-13|73-75-23-39-56-4-26|28-76-3-79-29-24-55-54|7-19-49-36-47-48-82|27-69-50-33-81-78-68-80-12|92-42-14-44-86-16-91-100|2-57-15-41-22-74-72-21-58|59-98-85-99|65-30-93-37|53-40-43-97|83-45-8-66|17-46|25|61-64-10|9|67|38
368,18,1731.9287,391.1668,152.0,213.7366,0,18,194.621795,194.86184,True,1-51-71-65-66-20-70|27-69-32-90-63-10-48|5-61-99-97-87-6-94-13|72-75-23-67-39-56-4-77|28-29-68-55-25-54|78-9-35-34-3-80|92-16-86-44-38-14-91-100-98-95|42-57-15-43-41-22-74-2-58|45-8-84-17-85-93-59|31-62-19-52|47-64-49-83-89|73-76-53|50-26-21-96-60-82|18-37-24-12|40-46-7|33-88-30-81|36-11|79
369,20,1733.7034,691.8453,102.0,211.5375,0,20,195.154195,195.435144,True,69-33-65-66-20-70|47-36-63-90-32-10-31|41-2|82-46-8-5-60-89|28-76-79-78-55-25-26|6-99-100|87-91-85-94|40-74-72-21|64-49-19-7-52|1-30-51-81-9-35-34|12-54-24-29-80-68-77|18-83-17-86-93-96|92-16-44-38-14-43-57-58|39-67-56-22-4|50-59-98-37-97-95-13|61-45-48-88|71-3-75|27-73-53|42-15-23|62-11-84
370,20,1741.2106,566.4329,172.0,207.8451,0,20,197.406349,197.677185,True,30-33-34-35-71|52-45-84-17-83-60|31-88-10-63-90-70|28-12-76-3-24-55-25-54|7-48-47-49-36-46-82|27-20-81-78-68-80-77|92-42-14-44-38-86-16-91-100-59|2-57-15-43-41-22-74-21-58|75-23-67-39-56-4|5-85-37-99-97-87-6-96-93-13|94-40|50-1-26-95-98-89|29-51-72-73|19-32-66|69-65|64-18-61|53|79-9|8|62-11
371,17,1747.2278,404.8284,107.0,210.0774,0,17,199.211514,199.452849,True,30-71-65-66-20-70|83-45-53-5-17-60-89|23-87-94-6|52-7-48-11-90-32-10|15-42-99-97-74-56-72|27-69-62-26-4-77|76-3-79-29-55-25|31-63-64-49-36-47-46-82|50-81-78-9-35-68-80|92-91-86-38-14-43|18-84-93-85-98-37-59|2-39-67-75-41-57-13-58|88-54-73-21-95-96|28-12-1-51-33-34-24|19-61-100|22-40|44-16-8
372,17,1750.4656,288.5139,92.0,218.5969,0,17,200.18285,200.407487,True,50-3-78-29-24-80-68-77|52-7-62-11-64-49-46|88-81-9-66-70-1|12-4-72-26|48-36-45-84-17-86-93-5|82-47-19-63-90-32|73-23-67-56-55-25-54|59-98-37-91-99-8-18|27-69-20-65-35|71-53-22-74-57-2-58|15-41-87-6-94-13|92-85-44-38-43-100-97|21-95-96-60-83-89|31-51-33-34-75|61-16-14-42|39-40-28-10|30-76-79
373,22,1796.7187,934.73,94.0,216.3423,0,22,214.058773,214.39558,True,33-71-65-66-81-50|47-36-46-45-84-17-83-89|88-11-49-19|40-73-56-4-24-80|29-79-78-34-35|92-42-44-86-16-61-96|2-57-15-41-22-74-72-58|6-99-93-85-59|64-48-8-82|60-94-12-68|5-91-100-37-95|98-14-38-43-97|21-75-23-67-25|52-7-1-30-51-10-31|62-63-90-32-70|20-3-54-26|55-77|28-76-18-13|27-53|69-39|87|9
374,22,1805.3676,1004.9319,100.0,213.0976,0,22,216.653467,217.003513,True,48-36-64-19|27-69-1-30-70|97-100-37-95|21-15-41-57|89-99-61-16-14-13|82-62-11-49-63-90|12-24-55-26|34-81-71-65-66-32|18-46-45|94-92-98-91-85-93-96|83-60-40|76-79-9-35-80|39-67-25-54|73-75-23-56-22-74|52-7-84-5-6|42-44-38-43-58|8-17-86-59|33-51-31-88-10-47|72-53|28-77|50-78-29-68-3-20|87-2-4
375,18,1830.0685,344.9472,145.0,217.2531,0,18,224.063713,224.326095,True,2-15-86-84-61-5-89|42-57-96-99-85-98-59|92-14-38-100-58|21-73-75-23-67-39-56-4-25|12-33-29-24-55-68-77|72-76-3-79-34-81-50|1-51-71-65-9-20|30-32-63-10-70|31-64-49-19-48-52|47-46-88-6|40-87-22-74-13|41-53|82-36-45-8-18-83-17|27-16-91-60-54|28-94-44-43-97-95-26-80|7-90-66-35|62-11-93-37|69-78
376,20,1839.0177,577.6666,125.0,208.1503,0,20,226.748474,227.045683,True,8-17-5-60-89|11-63-90-32-70|40-87-94-6-93-95-13|75-23-67-39-56-4-26|28-79-55-25|7-19-64-49-36-46-47-48|33-81-78-68-80-77|14-44-38-86-91-100-37|57-15-43-41-22-74-21-58|85-98-59-53|12-3-71-20-50|29-24-34-51-31-83|72-73-1-82-18|54-2-97-96|92-16-61-99-52-10|27-88-66-35|42-45-84|76-30|69-62-9|65
377,19,1852.2951,564.4344,97.0,216.1051,0,19,230.731707,231.029008,True,33-65-66-35-34|18-8-84-17-85-60-83|31-88-62-11-63-32-70-50|28-40-53-24-55-25-54|7-64-49-36-47-82|1-81-20-9-78-29-68-77|92-42-14-44-38-98-95|2-15-43-41-22-74-72-58|75-23-67-56-4-26|37-61-99-87-6-96|76-3|71-48-59-97|91-57-21-80-12|94-93-5-89|86-46-10-90-52|45-19-51-13|27-16-100|69-39-73|30-79
378,20,1864.9057,574.5129,165.0,206.198,0,20,234.514881,234.82309,True,27-30-66-1|48-36-11-10-70|2-57-15-41-73-13|76-29-54-4-26|6-99-61-16-100-97|87-37-91-85-93|88-62-64-49-19-7-52|71-65-9-3-68-77|18-83-45-84-17-5-96|92-44-86-38-14-43-58|72-75-23-67-39-22-74-56-21|50-20-35-34-24|94-95-98-8-82|31-60|42-40-79|28-32-80-89|12-33-81-78-51-63|47-46-59-25|90-53-55|69
379,20,1868.2844,860.5092,101.0,212.0817,0,20,235.528492,235.875097,True,1-30-71-65-66|52-45-8-17-60-89|62-11-10-90-32-20|40-6-96-13|73-75-23-56-4-26|28-3-29-24-55-54|7-19-64-49-36-47-46-82|27-69-50-33-9-78-68-80-77|42-44-38-86-16-91-97|2-57-41-22-74-72-21|83-88-70-93-95|100-98|99-94-53-59-31|5-48-51-81-35-34|76-43-14-37|12-85-61-84-18-63|92-58|39-15-87-25|79|67
380,20,1902.5352,618.7205,106.0,211.544,0,20,245.803736,246.124767,True,27-51-65-66-70|7-6-5-17|52-48-19-11-90-32-77-12|96-42-74-56-58|28-76-29-24-55-25-54|31-63-64-49-36-47-46-82|50-33-81-34-78-68-80|18-45-8-84-61-85-98-59|39-67-75-41-57-13|94-15-4|91-44-86-38-43-14-100|72-23-40-53|1-21-97-37-83|2-26-88-10-60-95|89-35-71-3|62-93|20-30|73-79-9|69-99-16|92-87-22
381,18,1903.2931,388.59,102.0,215.573,0,18,246.031103,246.317446,True,52-11-63-32-10-70|28-76-29-24-55-54|92-14-44-38-16-91-59-95|2-42-15-43-57-74-58|85-99-87-96-94-13|18-5-8-84-17-83-89|71-65-9-78-81-51-12|27-69-33-34-35-66-20|21-73-23-67-4-77|36-64-49-46-7|48-82-53-40-26-80|6-97-37-100-98-93|31-1-50-3-75-72|30-56-41-60|86-47-19-90|61-45-88-68|62-22-25|39-79
382,22,1933.962,933.3869,102.0,208.1757,0,22,255.231778,255.609132,True,1-30-65-66-71-34|52-83-8-17-5-89|31-62-11-63-32-20-70|95-97-87-13|73-75-23-56-4-26|28-12-29-24-55|7-19-36-46-47-48-82|27-69-50-33-81-78-68-77|92-16-86-38-100-59|57-15-41-74-21|93-85-94|40-72-43-37-98-96|88-90-51-35-80|6-99-58|64-45-60-91-2|61-14-3-54-25|49-18|84-10|39-22-53|76-79-9|42-44|67
383,23,1968.4099,1138.6642,69.0,217.4646,0,23,265.566155,265.983028,True,83-45-46-8-18|76-79-24|82-11-90-30-51|32-64-47-17-5|23-67-55-25|15-41-22-72|27-31-69-50-53-73-74|84-85-100-37|21-13-94|89-6-96-2-80-68-12|28-77-3|40-81-1|52-88-62-19-7-59|57-97-98-93-60|75-58|9-35-71-66-20|99-16-86-14|92-42-87|44-38-61|63-48-36-49-10-70|33-65-34-78-29-54|95-4-26|39-56-43-91
384,23,1984.3095,1068.7906,101.0,207.8451,0,23,270.336039,270.748958,True,48-36-64-19|27-69-1-30-70|97-100-95|21-73-41-57|89-61-16-14-13|82-62-11-49-90|12-3-24-55-26|34-81-71-65-66-32|18-8-46|94-98-91-85-93|83-45-60-40|76-79-9-35-80|39-67-25-54|75-23-56-22-74|7-88-84-5-6|42-37-44-38-43-2-58|52-17-86-59|33-51-31-10-47|53-72-96|15-99-63-50|28-77|78-29-68-20|92-87-4
385,21,1993.8714,817.0713,102.0,209.4975,0,21,273.204595,273.582372,True,1-51-65-66-70|27-30-10-48|5-61-97-87-6-94-13|21-72-75-67-39-77|28-68-54|33-81-9-35-34-3-80|92-37-91-44-38-14-100-95|57-43-41-74-2|83-45-8-84-85-59-96|31-88-62-11-19-7-52|47-36-64-49-46-60|73-40-53|69-18-17-26|12-98-42-22-82|56-93-89|24-29-50-32-63|90-20-71-58|76-16-86|99-4-25|79-78-55|15-23
386,21,2011.6838,735.7,98.0,214.8277,0,21,278.548311,278.919626,True,30-65-66-71-35-34|18-84-17-83|31-90-32-20-70|87-40-96-59-93-60|75-23-67-56-4-26|28-12-76-3-29-24-55-25|7-64-49-36-46-48-82|33-9-78-68-80-77|21-72-41-57-2-58|5-99|92-16-86-38-14-100|50-73-98-94-89|54-1-63|69-8-47-19-91|27-81-51-37-85-95|61-10-52-97|88-53-43-13|39-22-6-74|42-15-44|45-62-11|79
387,22,2018.5995,817.6721,117.0,203.8204,0,22,280.623026,281.009261,True,51-71-65-35-34|52-45-8-84-17-83-89|31-88-63-32-20-70|40-87-6-93-95|73-75-23-39-4-26|76-3-29-24-55-54|19-64-36-47-46-82|33-81-9-78-68-77|92-37-14-38-86-91-98|57-15-41-22-74-72-58|61-99-53|5-59-12-80|50-30-7-48-96|42-60-90-66|43-56-21|62-11-85-100-97|28-1-18-16-94-2|69-10-13|25|27-44-49|79|67
388,23,2048.1255,948.5662,102.0,205.5065,0,23,289.480814,289.894594,True,71-35|52-18-84-60-89|31-88-62-11-90-70|96-93-37-94-13|73-75-23-39-4-26|28-76-3-79-29-24-55-54|7-19-49-36-48-82|27-69-50-33-81-78-68-80|43-14-91-100-97|40-41-22-74-72-21-58|59-98-85-99-1|95-92-44-87-6|47-45-17-86-5|83-77|63-12-56-57-2|34-65-32-20-51|64-46-61|53-16|10-66|9-25|42-38|30-8|15-67
389,23,2099.037,809.1681,134.0,204.3395,0,23,304.754282,305.16545,True,5-61-86-84-17-89|95-44-99-59-98-91-93-96-94|42-15-38-43-14-100-97|57-2|72-23-67-39-56-25|28-76-12-24-29-80-68-77|69-33-34-79-3-50|1-51-9-20-32|30-90-10|62-64-52|45-53-22-75|19-47-36-46-8-18|6-58|83-48-49|21-54-26-37-60|73-7-82-63-31|92-81-66-35-70|13-85|27-40-74-4|16-87-41-55|88-71-78|65|11
390,24,2102.6164,1130.261,99.0,210.3355,0,24,305.828098,306.286203,True,1-35-34|18-8-17-5-60-89|62-11-63-90-32-20-70|95-97-13|73-75-23-67-26|12-76-3-29-55-25-54|19-64-49-36-47-46-82|27-50-33-81-9-78-80|92-37-14-86-16-91-59|2-15-43-22-21-58|6-61-85-94|56-68-31|69-48-10-52-72|77|28-53-96-83-7|24-74-93|42-98-51-71-66|88-57-100|45-38-41-4|79|44-84|40-39|99-87|30-65
391,24,2136.1672,771.1247,111.0,209.2329,0,24,315.893346,316.308681,True,2-16-61-84-5-89|96-42-37-85-94|95-92-44-14-43-100-58|73-75-23-39-4-26|28-33-29-24-55-54-68-77|72-3-79-34-50|51-65-35-66|27-69-30-90-10|31-62-64-49-7|47-46-88-6|87-13|82-36-45-8-17-83|12-98-19-70-52|1-63-32-48-60|18-59-97-74-56-21|40-91-93|99-20-80|57-15-41-22-25|81-71-78|86-38|76-53|9|11|67
392,23,2165.4046,869.3422,96.0,203.8204,0,23,324.66456,325.100787,True,27-30-66|36-11-90-10-70|15-41-22-13|59-45-8-46-48-89|76-29-4-26|6-99-61-16-100-97|87-37-91-85-5|73-72-56-25|88-62-64-49-7-52|33-78|71-65-9-68-77|18-83-84-17-93-96|86-44-38-14-43-57-2|23-67-39-74|50-3-24-34-20|51-80-54-12|98-95-94-82-32|31-19-60-21|1-47-28-75-58|40-81-63|69-35|92-53-55|42-79
393,24,2180.0051,1109.0077,83.0,215.4903,0,24,329.044716,329.522023,True,96-61-84-5-89|6-93-37|92-44-38-43-100-97|2-42-13-58|40-53-22-75-74-21|23-39-4-26|28-29-24-55-80-77|3-33-81-79-34-35-50|1-51-71-65-9|27-69-70|31-11-64-49-7|88-36-82|45-18-12-25|30-48-17-60-59|54-95-98-91-85|78-19-47-52|62-8-14-57-72|94-99-63-32-20|66-90-83|41-56-73-68|46-86-16|76-10|15-87|67
394,22,2193.3792,723.8715,94.0,217.9253,0,22,333.056923,333.481337,True,83-45-46-8-18-26|51-65-79-24-25|82-36-11-63-90-10-54|71-32-64-47-5|88|21-23-67-29|48|15-41-72-70|27-69-50-53-73-74-43|84-85-100-37-95|39-13-94|89-6-96-2-80-68-12|28-3-78-4|52-7-49|40-34-81-1|31-62-19-59-56|22-57-97-98-93-60|55-75-58|33-30-76-9-35-66-20|99-61-16-14-77|42-87|92-91-44-38-86-17
395,25,2222.3756,855.3362,111.0,204.647,0,25,341.755849,342.20929,True,33-78-79-3-29-80-68-77|52-7-62-11-49-46-83-60-89|12-26-72-21|48-45-84-5-93-96|82-19-63-90-10-70|73-75-23-39-55-54|74-2-58|15-42-87-94|92-85-61-16-44-97-95|27-59-98-37|30-20|1-51-9-81-50|32-100|24-34-35-31|91-43-86-17|71-40-57-14|6-41-56-25|76-18-47|13|28-69-88-8-66|53-22-4|65-64|67|36-99|38
396,25,2275.5927,1064.6578,78.0,223.1424,0,25,357.720988,358.221267,True,30-66-35-34|47-11-64-63-90|42-15-22-87-13|59-82|28-76-33-79-29-4|99-100-97|5-37-94|21-73-74-72-25|31-88-62-19-7-52|53-78|51-65-9-3-68|26-12-54-80-50|84-17-95|92-98-86-38-43-57-2|23-67-39|6-85-70|81-40-93|27-69-36-14-96|75-41-91-46|48-1-71-77|16-45-83-60-32-20|58|24-55-56-89|61-18-49-10|44-8
397,25,2287.6888,968.6263,93.0,215.247,0,25,361.349808,361.839627,True,45-46-8-18-26|65-79-24-25|82-36-11-90-51-54|71-32-64-47|62-88|23-67-29|48-10|41-72-70|27-31-69-50-53-73-74|39-21|68-80-12|28-3-78-4|52-7-49|40-34-81-1|19-63-56|22|55-75-58|33-30-76-9-35-66-20|77|96-99-98-93-97-95-13|2-6-17-85-37|92-44-14-43-57-94|87-100|42-15-38-61-5-60-59|91-16-86-84-83-89
398,23,2301.7738,816.1588,108.0,204.6981,0,23,365.575309,366.045801,True,28-78-34-29-24-80-68-77|52-7-19-11-64-49-47|62-66-51-70-1|31-12-40-72-4-26|48-36-45-86-93-96|6-82-10|75-67-55-54|37-91-99-8-18|27-69-20-65-35|22-74-2-58|15-41-87-14|61-16-44-97-95|59-81-50-32-90-89|76-30-46-83|71-88-43|5-94-53-21-56|3-57-17-60|85-42-98-13|23-39-63|79-73-25|100|92-38-84|33-9
399,25,2417.0604,880.1172,75.0,217.2559,0,25,400.161301,400.675156,True,45-46-8-26|65-79-24-25|82-36-11-90-51-54|71-32-64-47|62-88|95-23-67-29|48-10|15-41-72-70|27-31-69-50-53-73-74-43|13-100-37|39-21-94|89-6-2-80-68-12|28-3-78-4|52-7-49|40-34-81-1|19-63-56|22-57-97|55-75-58|33-30-76-9-35-66-20|86-14-77|92-42-87|44-38|17-91-85-98|16-61-99-59-84-83-60-96|18-5-93
400,25,2455.044,729.7809,85.0,215.5166,0,25,411.556362,412.059801,True,83-45-46-8-18-26|65-79-29-24-25|36-11-90-51-54|71-32-64-47-17|91-62-88|23-67|48-10|15-42-70|27-31-69-50-53-74|84-85-13-100|39-21|6-96-2-80-68-12|28-3-78-4|52-7-49|34-81-1|63-19-59-56|22-57-97-98-93|55-58|33-30-76-9-35-66-20|99-86-14-77|87|92-44-38-61|40-75-95-37-5-60|94-16-82-89|73-72-41-43
