Rank,Z1_Vehicles,Z2_Distance,Z3_WaitTime,Z4_LoadBalance,Z5_Makespan,Unserved,Num_Routes,ASF,ASF_aug,In_ROI,Routes
1,17,1671.8979,651.138,161.0,232.6101,0,17,34.794505,34.824002,True,5-45-2-7-6-8-46-4-100|82-11-15-16-9-10-13-17|47-14-12-73-78-60|65-52-57-22-49-20-24|83-23-21-19-18-48-25|27-29-31-34-50-80|92-33-30-28-26-32-93|72-39-36-40-38-41-54-96|42-44-43-37-35|95-62-67-71-94|99-86-87-74|63-85-84-56-66|90-53-55-68|64-51-76-89-91|69-98-88-79-3-1-70|59-75-97-58-77|61-81
2,17,1671.8979,651.138,161.0,232.6101,0,17,34.794505,34.824002,True,5-45-2-7-6-8-46-4-100|82-11-15-16-9-10-13-17|47-14-12-73-78-60|65-52-57-22-49-20-24|83-23-21-19-18-48-25|27-29-31-34-50-80|92-33-30-28-26-32-93|72-39-36-40-38-41-54-96|42-44-43-37-35|95-62-67-71-94|99-86-87-74|63-85-84-56-66|90-53-55-68|64-51-76-89-91|69-98-88-79-3-1-70|59-75-97-58-77|61-81
3,16,1686.3419,483.018,159.0,235.5908,0,16,9.576507,9.585066,True,83-23-21-19-22-49-20-48-25|27-29-31-34-50-80|92-33-30-28-26-32-93|72-39-36-40-38-41-54-96|95-62-67-71-94|14-47-73-79-8-46-4-1-70-100|65-52-99-57-86-74-24|63-76-85-84-56-66|61-81-90|59-75-87-97-58-77|42-44-43-37-35|64-51-18-89-91|69-98-88-55|82-11-15-16-9-10-13-17|12-53-78-60|5-45-2-6-7-3-68
4,16,1686.3419,483.018,159.0,235.5908,0,16,9.576507,9.585066,True,83-23-21-19-22-49-20-48-25|27-29-31-34-50-80|92-33-30-28-26-32-93|72-39-36-40-38-41-54-96|95-62-67-71-94|14-47-73-79-8-46-4-1-70-100|65-52-99-57-86-74-24|63-76-85-84-56-66|61-81-90|59-75-87-97-58-77|42-44-43-37-35|64-51-18-89-91|69-98-88-55|82-11-15-16-9-10-13-17|12-53-78-60|5-45-2-6-7-3-68
5,16,1689.1887,553.9212,155.0,233.2743,0,16,20.211985,20.231286,True,5-45-2-7-6-8-46-4-100|82-12-11-9-10-13-17|14-47-16-15-78-60|83-23-21-19-18-48-25|27-29-31-34-50-91|92-33-30-28-26-32-93|72-39-36-40-38-41-54-96|62-67-71-94-80|88-73-79-55-68|69-98-53-3-1-70|65-52-99-57-86-74-24|95-63-76-85-84-56-66|61-81-90|59-75-87-97-58-77|42-44-43-37-35|64-51-49-22-20-89
6,16,1689.1887,553.9212,155.0,233.2743,0,16,20.211985,20.231286,True,5-45-2-7-6-8-46-4-100|82-12-11-9-10-13-17|14-47-16-15-78-60|83-23-21-19-18-48-25|27-29-31-34-50-91|92-33-30-28-26-32-93|72-39-36-40-38-41-54-96|62-67-71-94-80|88-73-79-55-68|69-98-53-3-1-70|65-52-99-57-86-74-24|95-63-76-85-84-56-66|61-81-90|59-75-87-97-58-77|42-44-43-37-35|64-51-49-22-20-89
7,17,1693.0837,658.4392,155.0,232.6101,0,17,35.889685,35.926032,True,5-45-2-6-8-46-4-100|12-11-16-9-10-13-17|53-78-60|65-52-57-22-49-20-24|83-23-21-19-18-48-25|27-29-31-34-50-80|92-33-30-28-26-32-93|72-39-36-40-38-41-54-96|42-44-43-37-35|95-62-67-71-94|82-99-86-87-74|63-85-84-56-66|14-15-47-73-79-55-68|64-51-76-89-91|69-98-88-7-3-1-70|59-75-97-58-77|61-81-90
8,16,1694.6385,462.3455,159.0,232.672,0,16,6.475628,6.483138,True,5-45-2-6-7-46-4-100|82-12-11-9-10-13-17|83-23-21-19-22-49-20-48-25|27-29-31-34-50-91-80|92-33-30-28-26-32-93|72-39-36-40-38-41-54-96|95-62-67-71-94|88-78-53-55-68|69-98-79-8-3-1-70|65-52-99-57-86-74-24|63-76-85-84-56-66|61-81-90|59-75-87-97-58-77|42-44-43-37-35|64-51-18-89|14-47-15-16-73-60
9,16,1694.6385,462.3455,159.0,232.672,0,16,6.475628,6.483138,True,5-45-2-6-7-46-4-100|82-12-11-9-10-13-17|83-23-21-19-22-49-20-48-25|27-29-31-34-50-91-80|92-33-30-28-26-32-93|72-39-36-40-38-41-54-96|95-62-67-71-94|88-78-53-55-68|69-98-79-8-3-1-70|65-52-99-57-86-74-24|63-76-85-84-56-66|61-81-90|59-75-87-97-58-77|42-44-43-37-35|64-51-18-89|14-47-15-16-73-60
10,17,1696.2815,648.0807,155.0,232.6101,0,17,34.335913,34.371667,True,5-45-2-7-6-8-46-4-100|82-12-11-9-10-13-17|14-47-16-15-78-60|65-52-57-22-49-20-24|83-23-21-19-18-48-25|27-29-31-34-50-80|92-33-30-28-26-32-93|72-39-36-40-38-41-54-96|95-62-67-71-94|99-86-87-74|63-85-84-56-66|88-73-79-55-68|64-51-76-89-91|69-98-53-3-1-70|59-75-97-58-77|61-81-90|42-44-43-37-35
11,17,1696.7546,647.6076,155.0,232.6101,0,17,34.264943,34.300767,True,5-45-2-7-6-8-46-4-100|82-12-11-9-10-13-17|14-47-16-15-78-60|65-52-57-22-49-20-24|83-23-21-19-18-48-25|27-29-31-34-50-80|92-33-30-28-26-32-93|72-39-36-40-38-41-54-96|42-44-43-37-35|95-62-67-71-94|99-86-87-74|63-85-84-56-66|69-88-73-79-55-68|64-51-76-89-91|98-53-3-1-70|59-75-97-58-77|61-81-90
12,17,1696.9167,647.4455,155.0,232.6101,0,17,34.240632,34.27648,True,5-45-2-7-6-8-46-4-100|82-12-11-9-10-13-17|14-47-16-15-78-60|52-57-22-49-20-24|83-23-21-19-18-48-25|27-29-31-34-50-80|92-33-30-28-26-32-93|72-39-36-40-38-41-54-96|42-44-43-37-35|95-62-67-71-94|65-99-86-87-74|63-85-84-56-66|88-73-79-55-68|64-51-76-89-91|69-98-53-3-1-70|59-75-97-58-77|61-81-90
13,17,1697.5165,649.797,138.0,232.6101,0,17,34.593356,34.628037,True,5-45-2-7-6-8-46-4-100|82-12-11-9-10-13-17|14-47-16-15-78-60|65-52-57-22-49-20-24|83-23-21-19-18-48-25|27-29-31-34-50-80|92-33-30-28-26-32-93|72-39-36-40-38-41-54|42-44-43-37-35|95-62-67-71-94-96|99-86-87-74|63-85-84-56-66|88-73-79-55-68|64-51-76-89-91|69-98-53-3-1-70|59-75-97-58-77|61-81-90
14,17,1698.7154,645.6468,155.0,232.6101,0,17,33.970824,34.006942,True,5-45-2-7-6-8-46-4-100|82-12-11-9-10-13-17|14-47-16-15-78-60|65-52-57-22-49-20-24|83-23-21-19-18-48-25|27-29-31-34-50-80|92-33-30-28-26-32-93|72-39-36-40-38-41-54-96|42-44-43-37-35|95-62-67-71-94|99-86-87-74|63-85-84-56-66|98-88-73-79-55-68|64-51-76-89-91|69-53-3-1-70|59-75-97-58-77|61-81-90
15,17,1699.0528,645.3093,155.0,232.6101,0,17,33.920207,33.956376,True,5-45-2-8-7-6-46-4-100|82-12-11-9-10-13-17|14-47-16-15-78-60|65-52-57-22-49-20-24|83-23-21-19-18-48-25|27-29-31-34-50-80|92-33-30-28-26-32-93|72-39-36-40-38-41-54-96|42-44-43-37-35|95-62-67-71-94|99-86-87-74|63-85-84-56-66|88-73-79-55-68|64-51-76-89-91|69-98-53-3-1-70|59-75-97-58-77|61-81-90
16,17,1699.5582,639.3505,138.0,232.6101,0,17,33.026381,33.060108,True,5-45-2-7-6-8-46-4-100|82-12-11-9-10-13-17|14-47-16-15-78-60|65-52-57-22-49-20-24|83-23-21-19-18-48-25|27-29-31-34-50-80|92-33-30-28-26-32-93|72-39-36-38-41-54-96|42-44-40-43-37-35|95-62-67-71-94|99-86-87-74|88-73-79-55-68|64-51-76-89-91|69-98-53-3-1-70|59-75-97-58-77|61-81-90|63-85-84-56-66
17,17,1699.5582,639.3505,138.0,232.6101,0,17,33.026381,33.060108,True,5-45-2-7-6-8-46-4-100|82-12-11-9-10-13-17|14-47-16-15-78-60|65-52-57-22-49-20-24|83-23-21-19-18-48-25|27-29-31-34-50-80|92-33-30-28-26-32-93|72-39-36-38-41-54-96|42-44-40-43-37-35|95-62-67-71-94|99-86-87-74|88-73-79-55-68|64-51-76-89-91|69-98-53-3-1-70|59-75-97-58-77|61-81-90|63-85-84-56-66
18,16,1700.9955,482.7467,155.0,236.672,0,16,9.535813,9.54849,True,5-45-2-7-6-8-46-4-100|82-12-11-9-10-13-17|14-47-16-15-78-60|83-23-21-18-22-49-20-48-25|27-29-31-34-50-80|92-33-30-28-26-32-93|72-39-36-40-38-41-54-96|95-62-67-71-94|88-73-79-55-68|69-98-53-3-1-70|65-52-99-57-86-74-24|63-76-85-84-56-66|61-81-90|59-75-87-97-58-77|42-44-43-37-35|64-19-51-89-91
19,16,1701.9823,471.0508,155.0,236.672,0,16,7.781421,7.79264,True,5-45-2-7-6-8-46-4-100|82-12-11-9-10-13-17|14-47-16-15-78-60|83-23-21-18-22-49-20-48-25|27-29-31-34-50-91-80|92-33-30-28-26-32-93|72-39-36-40-38-41-54-96|95-62-67-71-94|88-73-79-55-68|69-98-53-3-1-70|65-52-99-57-86-74-24|63-76-85-84-56-66|61-81-90|59-75-87-97-58-77|42-44-43-37-35|64-19-51-89
20,16,1702.1554,458.6867,159.0,232.672,0,16,5.926817,5.936032,True,5-45-2-7-6-8-46-4-100|82-12-11-9-10-13-17|14-47-16-15-78-60|83-23-21-19-22-49-20-48-25|27-29-31-34-50-91-80|92-33-30-28-26-32-93|72-39-36-40-38-41-54-96|95-62-67-71-94|73-79-55-68|69-98-88-53-3-1-70|65-52-99-57-86-74-24|64-51-85-84-56-66|61-81-90|59-75-87-97-58-77|42-44-43-37-35|63-76-18-89
21,16,1702.3977,470.6354,155.0,236.672,0,16,7.719115,7.730396,True,5-45-2-7-6-8-46-4-100|82-12-11-9-10-13-17|14-47-15-16-78-60|83-23-21-18-22-49-20-48-25|27-29-31-34-50-91-80|92-33-30-28-26-32-93|72-39-36-40-38-41-54-96|95-62-67-71-94|88-73-79-55-68|69-98-53-3-1-70|65-52-99-57-86-74-24|63-76-85-84-56-66|61-81-90|59-75-87-97-58-77|42-44-43-37-35|64-19-51-89
22,16,1702.6776,484.8732,139.0,236.672,0,16,9.854785,9.866685,True,5-45-2-7-6-8-46-4-100|82-12-11-9-10-13-17|14-47-16-15-78-60|83-23-21-18-22-49-20-48-25|27-29-31-34-50-80|92-33-30-28-26-32-93|72-39-36-40-38-41-54|95-62-67-71-94-96|88-73-79-55-68|69-98-53-3-1-70|52-99-57-86-74-24|63-76-85-84-56-66|61-81-90|65-59-75-87-97-58-77|42-44-43-37-35|64-19-51-89-91
23,16,1703.0202,484.5306,139.0,236.672,0,16,9.8034,9.815352,True,45-5-2-7-6-8-46-4-100|82-12-11-9-10-13-17|14-47-16-15-78-60|83-23-21-18-22-49-20-48-25|27-29-31-34-50-80|92-33-30-28-26-32-93|72-39-36-40-38-41-54|95-62-67-71-94-96|88-73-79-55-68|69-98-53-3-1-70|52-99-57-86-74-24|63-76-85-84-56-66|61-81-90|65-59-75-87-97-58-77|42-44-43-37-35|64-19-51-89-91
24,16,1703.6597,469.3734,158.0,236.672,0,16,7.529812,7.541582,True,5-45-2-7-6-8-46-4-70|82-12-11-9-10-13-17|14-47-16-15-78-60|83-23-21-18-22-49-20-48-25|27-29-31-34-50-91-80|92-33-30-28-26-32-93|72-39-36-40-38-41-54-96|95-62-67-71-94|88-73-79-55-68|69-98-53-3-1-100|65-52-99-57-86-74-24|63-76-85-84-56-66|61-81-90|59-75-87-97-58-77|42-44-43-37-35|64-19-51-89
25,17,1703.956,627.6585,155.0,232.6101,0,17,31.272576,31.307569,True,5-45-2-7-6-8-46-4-100|82-12-11-9-10-13-17|14-47-16-15-78-60|65-52-57-22-20-24|83-23-21-19-18-49-48-25|27-29-31-34-50-80|92-33-30-28-26-32-93|72-39-36-40-38-41-54-96|42-44-43-37-35|95-62-67-71-94|99-86-87-74|63-85-84-56-66|88-73-79-55-68|64-51-76-89-91|69-98-53-3-1-70|59-75-97-58-77|61-81-90
26,17,1704.0773,639.6822,155.0,232.0075,0,17,33.076134,33.112876,True,5-45-2-7-6-8-46-4-100|82-12-11-9-10-13-17|14-47-16-15-78-60|65-52-57-22-49-20-24|83-23-21-19-18-48-25|27-29-31-34-50-80|92-33-30-28-26-32-93|72-39-36-40-38-41-54-96|42-44-43-37-35|95-62-67-71-94|99-86-87-74|63-85-84-56-66|88-73-79-55-68|64-51-76-89-91|69-98-53-3-1-70|59-75-97-77-58|61-81-90
27,17,1704.0773,639.6822,155.0,232.0075,0,17,33.076134,33.112876,True,5-45-2-7-6-8-46-4-100|82-12-11-9-10-13-17|14-47-16-15-78-60|65-52-57-22-49-20-24|83-23-21-19-18-48-25|27-29-31-34-50-80|92-33-30-28-26-32-93|72-39-36-40-38-41-54-96|42-44-43-37-35|95-62-67-71-94|99-86-87-74|63-85-84-56-66|88-73-79-55-68|64-51-76-89-91|69-98-53-3-1-70|59-75-97-77-58|61-81-90
28,16,1704.4163,468.6168,155.0,236.672,0,16,7.416331,7.427915,True,5-45-2-7-6-8-46-4-100|82-12-11-9-10-13-17|14-47-16-15-78-60|83-23-21-18-22-49-20-48-25|27-29-31-34-50-91-80|92-33-30-28-26-32-93|72-39-36-40-38-41-54-96|95-62-67-71-94|98-88-73-79-55-68|69-53-3-1-70|65-52-99-57-86-74-24|63-76-85-84-56-66|61-81-90|59-75-87-97-58-77|42-44-43-37-35|64-19-51-89
29,17,1704.5402,626.4887,155.0,232.6101,0,17,31.097115,31.132107,True,5-45-2-7-6-8-46-4-100|82-12-11-9-10-13-17|14-47-16-15-78-60|65-52-57-22-49-20-24|83-23-21-19-18-48-25|27-29-31-34-50-80|92-33-30-28-26-32-93|72-39-36-40-38-41-54-96|42-44-43-37-35|95-62-67-71-94|99-86-87-74|63-85-84-56-66|73-79-55-68|64-51-76-89-91|69-98-88-53-3-1-70|59-75-97-58-77|61-81-90
30,16,1704.5684,471.743,155.0,236.3466,0,16,7.885252,7.897301,True,5-45-2-7-6-8-46-4-100|82-12-11-9-10-13-17|14-47-16-15-78-60|83-23-21-19-18-49-20-48-25|27-29-31-34-50-91-80|92-33-30-28-26-32-93|72-39-36-40-38-41-54-96|95-62-67-71-94|88-73-79-55-68|69-98-53-3-1-70|65-52-99-57-86-74-24|63-76-85-84-56-66|61-81-90|59-75-87-97-58-77|42-44-43-37-35|64-51-22-89
31,16,1705.6041,527.7656,155.0,232.6101,0,16,16.28865,16.308853,True,5-45-2-7-6-8-46-4-100|82-12-11-9-10-13-17|14-47-16-15-78-60|83-23-21-19-22-49-48-25|27-29-31-34-50-91|92-33-30-28-26-32-93|72-39-36-40-38-41-54-96|95-62-67-71-94-80|88-73-79-55-68|69-98-53-3-1-70|65-52-99-57-86-74-24|63-76-85-84-56-66|61-81-90|59-75-87-97-58-77|42-44-43-37-35|64-51-18-20-89
32,16,1706.0816,450.2194,159.0,232.672,0,16,4.656716,4.665839,True,5-45-2-7-6-8-46-4-100|82-12-11-9-10-13-17|14-47-16-15-78-60|83-23-21-19-22-49-20-48-25|27-29-31-34-50-91-80|92-33-30-28-26-32-93|72-39-36-40-38-41-54-96|95-62-67-71-94|69-73-79-55-68|98-88-53-3-1-70|65-52-99-57-86-74-24|63-76-85-84-56-66|61-81-90|59-75-87-97-58-77|42-44-43-37-35|64-51-18-89
33,16,1706.0816,450.2194,159.0,232.672,0,16,4.656716,4.665839,True,5-45-2-7-6-8-46-4-100|82-12-11-9-10-13-17|14-47-16-15-78-60|83-23-21-19-22-49-20-48-25|27-29-31-34-50-91-80|92-33-30-28-26-32-93|72-39-36-40-38-41-54-96|95-62-67-71-94|69-73-79-55-68|98-88-53-3-1-70|65-52-99-57-86-74-24|63-76-85-84-56-66|61-81-90|59-75-87-97-58-77|42-44-43-37-35|64-51-18-89
34,16,1706.0922,503.1536,155.0,232.6101,0,16,12.596855,12.613513,True,5-45-2-7-6-8-46-4-100|82-11-15-9-10-13-17|14-47-16-12-78-60|23-21-19-49-22-20-48-25|27-29-31-34-50-91|92-33-30-28-26-32-93|72-39-36-40-38-41-54-96|95-62-67-71-94-80|69-98-53-3-1-70|65-52-99-57-86-74-24|63-76-85-84-56-66|59-75-87-97-58-77|42-44-43-37-35|88-73-79-55-68|83-64-51-18-89|61-81-90
35,16,1706.0922,503.1536,155.0,232.6101,0,16,12.596855,12.613513,True,5-45-2-7-6-8-46-4-100|82-11-15-9-10-13-17|14-47-16-12-78-60|23-21-19-49-22-20-48-25|27-29-31-34-50-91|92-33-30-28-26-32-93|72-39-36-40-38-41-54-96|95-62-67-71-94-80|69-98-53-3-1-70|65-52-99-57-86-74-24|63-76-85-84-56-66|59-75-87-97-58-77|42-44-43-37-35|88-73-79-55-68|83-64-51-18-89|61-81-90
36,16,1706.9256,466.1075,155.0,236.672,0,16,7.039928,7.051888,True,5-45-2-7-6-8-46-4-100|82-11-12-9-10-13-17|14-47-16-15-78-60|83-23-21-18-22-49-20-48-25|27-29-31-34-50-91-80|92-33-30-28-26-32-93|72-39-36-40-38-41-54-96|95-62-67-71-94|88-73-79-55-68|69-98-53-3-1-70|65-52-99-57-86-74-24|63-76-85-84-56-66|61-81-90|59-75-87-97-58-77|42-44-43-37-35|64-19-51-89
37,17,1706.9713,631.9374,138.0,232.6101,0,17,31.914413,31.949252,True,5-45-2-7-6-8-46-4-100|82-12-11-9-10-13-17|14-47-16-15-78-60|65-52-57-22-49-20-24|83-23-21-19-18-48-25|27-29-31-34-50-80|92-33-30-28-26-32-93|72-39-36-40-41-54-96|42-38-44-43-37-35|95-62-67-71-94|99-86-87-74|63-85-84-56-66|88-73-79-55-68|64-51-76-89-91|69-98-53-3-1-70|59-75-97-58-77|61-81-90
38,17,1706.9713,631.9374,138.0,232.6101,0,17,31.914413,31.949252,True,5-45-2-7-6-8-46-4-100|82-12-11-9-10-13-17|14-47-16-15-78-60|65-52-57-22-49-20-24|83-23-21-19-18-48-25|27-29-31-34-50-80|92-33-30-28-26-32-93|72-39-36-40-41-54-96|42-38-44-43-37-35|95-62-67-71-94|99-86-87-74|63-85-84-56-66|88-73-79-55-68|64-51-76-89-91|69-98-53-3-1-70|59-75-97-58-77|61-81-90
39,16,1707.0562,463.1142,155.0,236.672,0,16,6.590932,6.602482,True,5-45-2-7-8-46-4-100|82-12-11-9-10-13-17|14-47-16-15-53-60|83-23-21-18-22-49-20-48-25|27-29-31-34-50-91-80|92-33-30-28-26-32-93|72-39-36-40-38-41-54-96|95-62-67-71-94|73-79-78-55-68|69-98-88-6-3-1-70|65-52-99-57-86-74-24|63-76-85-84-56-66|61-81-90|59-75-87-97-58-77|42-44-43-37-35|64-19-51-89
40,17,1707.2328,618.9282,138.0,232.6101,0,17,29.963045,29.99601,True,5-45-2-7-6-8-46-4-100|82-12-11-9-10-13-17|14-47-16-15-78-60|65-52-57-22-20-24|83-23-21-19-18-49-48-25|27-29-31-34-50-80|92-33-30-28-26-32-93|72-39-36-38-41-54-96|42-44-40-43-37-35|95-62-67-71-94|99-86-87-74|63-85-84-56-66|88-73-79-55-68|64-51-76-89-91|69-98-53-3-1-70|59-75-97-58-77|61-81-90
41,16,1707.6209,479.9299,139.0,236.672,0,16,9.113292,9.125934,True,5-45-2-7-6-8-46-4-100|82-11-12-9-10-13-17|14-47-16-15-78-60|83-23-21-18-22-49-20-48-25|27-29-31-34-50-80|92-33-30-28-26-32-93|72-39-36-40-38-41-54|95-62-67-71-94-96|88-73-79-55-68|69-98-53-3-1-70|52-99-57-86-74-24|63-76-85-84-56-66|61-81-90|65-59-75-87-97-58-77|42-44-43-37-35|64-19-51-89-91
42,17,1707.817,617.7585,138.0,232.6101,0,17,29.787583,29.820549,True,5-45-2-7-6-8-46-4-100|82-12-11-9-10-13-17|14-47-16-15-78-60|65-52-57-22-49-20-24|83-23-21-19-18-48-25|27-29-31-34-50-80|92-33-30-28-26-32-93|72-39-36-38-41-54-96|42-44-40-43-37-35|95-62-67-71-94|99-86-87-74|63-85-84-56-66|73-79-55-68|64-51-76-89-91|69-98-88-53-3-1-70|59-75-97-58-77|61-81-90
43,17,1707.817,617.7585,138.0,232.6101,0,17,29.787583,29.820549,True,5-45-2-7-6-8-46-4-100|82-12-11-9-10-13-17|14-47-16-15-78-60|65-52-57-22-49-20-24|83-23-21-19-18-48-25|27-29-31-34-50-80|92-33-30-28-26-32-93|72-39-36-38-41-54-96|42-44-40-43-37-35|95-62-67-71-94|99-86-87-74|63-85-84-56-66|73-79-55-68|64-51-76-89-91|69-98-88-53-3-1-70|59-75-97-58-77|61-81-90
44,16,1708.6693,450.3307,155.0,234.6455,0,16,4.673406,4.683219,True,5-45-2-7-6-8-46-4-100|82-12-11-9-10-13|14-47-16-15-78-17-60|23-21-19-49-22-20-25-24|27-29-31-34-50-91-80|92-33-30-28-26-32-93|72-39-36-40-38-41-54-96|95-62-67-71-94|88-73-79-55-68|69-98-53-3-1-70|83-52-99-57-86-74|63-76-85-84-56-66|61-81-90|65-59-75-87-97-58-77|42-44-43-37-35|64-51-18-89-48
45,16,1708.6693,450.3307,155.0,234.6455,0,16,4.673406,4.683219,True,5-45-2-7-6-8-46-4-100|82-12-11-9-10-13|14-47-16-15-78-17-60|23-21-19-49-22-20-25-24|27-29-31-34-50-91-80|92-33-30-28-26-32-93|72-39-36-40-38-41-54-96|95-62-67-71-94|88-73-79-55-68|69-98-53-3-1-70|83-52-99-57-86-74|63-76-85-84-56-66|61-81-90|65-59-75-87-97-58-77|42-44-43-37-35|64-51-18-89-48
46,16,1708.8393,469.4494,139.0,236.672,0,16,7.541217,7.552653,True,5-45-2-7-6-8-46-4-100|82-12-11-9-10-13-17|14-47-16-15-78-60|83-23-21-18-22-49-20-48-25|27-29-31-34-50-80|92-33-30-28-26-32-93|72-38-44-41-54-96|95-62-67-71-94|88-73-79-55-68|69-98-53-3-1-70|65-52-99-57-86-74-24|63-76-85-84-56-66|61-81-90|59-75-87-97-58-77|42-39-36-40-43-37-35|64-19-51-89-91
47,16,1708.8393,469.4494,139.0,236.672,0,16,7.541217,7.552653,True,5-45-2-7-6-8-46-4-100|82-12-11-9-10-13-17|14-47-16-15-78-60|83-23-21-18-22-49-20-48-25|27-29-31-34-50-80|92-33-30-28-26-32-93|72-38-44-41-54-96|95-62-67-71-94|88-73-79-55-68|69-98-53-3-1-70|65-52-99-57-86-74-24|63-76-85-84-56-66|61-81-90|59-75-87-97-58-77|42-39-36-40-43-37-35|64-19-51-89-91
48,17,1712.7994,647.73,117.0,232.6101,0,17,34.283309,34.320165,True,5-45-2-7-6-8-46-4-100|82-12-11-9-10-13-17|14-47-16-15-78-60|65-52-57-22-49-20-24|83-23-21-19-18-48-25|27-29-31-34-50-80|92-33-30-28-26-32-93|72-39-36-38-41-54-96|42-44-40-43-37-35|95-62-67-71-94|99-86-87-74|63-85-84-56-66|88-73-79-55|64-51-76-89-91|69-98-53-3-1-70|59-75-97-58-77|61-81-90-68
49,17,1712.7994,647.73,117.0,232.6101,0,17,34.283309,34.320165,True,5-45-2-7-6-8-46-4-100|82-12-11-9-10-13-17|14-47-16-15-78-60|65-52-57-22-49-20-24|83-23-21-19-18-48-25|27-29-31-34-50-80|92-33-30-28-26-32-93|72-39-36-38-41-54-96|42-44-40-43-37-35|95-62-67-71-94|99-86-87-74|63-85-84-56-66|88-73-79-55|64-51-76-89-91|69-98-53-3-1-70|59-75-97-58-77|61-81-90-68
50,16,1713.7174,424.6193,148.0,236.672,0,16,3.329,3.336074,True,5-45-2-7-6-8-46-55|82-12-11-9-10-13-17|14-47-16-15-78-60|83-23-21-18-22-49-20-48-25|27-29-31-34-50-80|92-33-30-28-26-32-93|95-62-67-71-94-96|69-73-79-3-1-4-100-70|98-88-53|65-52-99-57-86-74-24|63-76-85-84-56-66|59-75-87-97-58-77|64-19-51-89-91|42-39-36-44-40-43-37-35|72-61-38-41-54-68|90-81
51,16,1713.7174,424.6193,148.0,236.672,0,16,3.329,3.336074,True,5-45-2-7-6-8-46-55|82-12-11-9-10-13-17|14-47-16-15-78-60|83-23-21-18-22-49-20-48-25|27-29-31-34-50-80|92-33-30-28-26-32-93|95-62-67-71-94-96|69-73-79-3-1-4-100-70|98-88-53|65-52-99-57-86-74-24|63-76-85-84-56-66|59-75-87-97-58-77|64-19-51-89-91|42-39-36-44-40-43-37-35|72-61-38-41-54-68|90-81
52,16,1714.2777,470.572,155.0,232.6101,0,16,7.709605,7.723831,True,5-45-2-7-6-8-46-4-100|82-11-16-9-10-13-17|14-47-15-12-78-60|83-23-21-19-22-49-48-25|27-29-31-34-50-91-80|92-33-30-28-26-32-93|72-39-36-40-38-41-54-96|95-62-67-71-94|88-73-79-55-68|69-98-53-3-1-70|65-52-99-57-86-74-24|63-76-85-84-56-66|61-81-90|59-75-87-97-58-77|42-44-43-37-35|64-51-18-20-89
53,16,1714.2777,470.572,155.0,232.6101,0,16,7.709605,7.723831,True,5-45-2-7-6-8-46-4-100|82-11-16-9-10-13-17|14-47-15-12-78-60|83-23-21-19-22-49-48-25|27-29-31-34-50-91-80|92-33-30-28-26-32-93|72-39-36-40-38-41-54-96|95-62-67-71-94|88-73-79-55-68|69-98-53-3-1-70|65-52-99-57-86-74-24|63-76-85-84-56-66|61-81-90|59-75-87-97-58-77|42-44-43-37-35|64-51-18-20-89
54,16,1714.2869,451.4331,158.0,232.672,0,16,4.838769,4.850436,True,5-45-2-7-6-8-46-4-100|82-11-15-16-9-10-13-17|83-23-21-19-22-49-20-48-25|27-29-31-34-50-91-80|72-39-36-40-38-41-54-96|95-62-67-71-94|69-98-88-79-3-1-70|63-76-85-84-56-66|59-75-87-97-58-77|42-44-43-37-35|64-51-18-89|65-52-99-57-86-74-24|61-81-68-55|14-47-73-78-53-60|92-33-30-28-26-32-93|12-90
55,16,1714.2869,451.4331,158.0,232.672,0,16,4.838769,4.850436,True,5-45-2-7-6-8-46-4-100|82-11-15-16-9-10-13-17|83-23-21-19-22-49-20-48-25|27-29-31-34-50-91-80|72-39-36-40-38-41-54-96|95-62-67-71-94|69-98-88-79-3-1-70|63-76-85-84-56-66|59-75-87-97-58-77|42-44-43-37-35|64-51-18-89|65-52-99-57-86-74-24|61-81-68-55|14-47-73-78-53-60|92-33-30-28-26-32-93|12-90
56,17,1719.1764,627.5687,137.0,232.6101,0,17,31.259111,31.296856,True,5-45-2-6-7-46-4-100|82-12-11-9-10-13-17|14-47-15-16-73-60|65-52-57-22-49-20-24|83-23-21-19-18-48-25|27-29-31-34-50-80|92-33-30-28-26-32-93|95-62-67-71-94-96-54|99-86-87-74|63-85-84-56-66|88-78-53-55|64-51-76-89-91|69-98-79-8-3-1-70|59-75-97-58-77|90-81|42-39-36-44-38-35-37|72-61-41-40-43-68
57,17,1719.1764,627.5687,137.0,232.6101,0,17,31.259111,31.296856,True,5-45-2-6-7-46-4-100|82-12-11-9-10-13-17|14-47-15-16-73-60|65-52-57-22-49-20-24|83-23-21-19-18-48-25|27-29-31-34-50-80|92-33-30-28-26-32-93|95-62-67-71-94-96-54|99-86-87-74|63-85-84-56-66|88-78-53-55|64-51-76-89-91|69-98-79-8-3-1-70|59-75-97-58-77|90-81|42-39-36-44-38-35-37|72-61-41-40-43-68
58,17,1721.17,613.3958,138.0,232.6101,0,17,29.13318,29.169497,True,5-45-2-7-6-8-46-4-100|82-11-15-9-10-13-17|14-47-16-12-78-60|65-64-22-49-20-24|83-23-21-19-18-48-25|72-39-36-40-38-41-54|42-44-43-37-35|52-99-57-86-74|88-73-79-55-68|95-63-51-76-89-91|69-98-53-3-1-70|59-75-87-97-58-77|92-33-30-28-34-50-80|31-29-27-26-32-93|71-67-94-96|61-81-90|62-85-84-56-66
59,16,1723.0135,449.4588,155.0,234.0444,0,16,4.901484,4.915379,True,5-45-2-7-6-8-46-4-100|82-12-11-9-10-13-17|14-47-16-15-78-60|83-23-21-18-22-49-20-25|27-29-31-34-50-91-80|92-33-30-28-26-32-93|72-39-36-40-38-41-54-96|95-62-67-71-94|73-79-55-68|69-98-88-53-3-1-70|65-52-99-57-86-74-24|63-76-85-84-56-66|61-81-90|59-75-87-97-58-77|42-44-43-37-35|64-19-51-89-48
60,16,1723.0866,449.9498,168.0,232.672,0,16,5.329,5.344085,True,5-45-2-7-6-8-46-4-100|82-12-11-9-10-13-17|14-47-16-15-78-60|83-23-21-19-22-49-20-48-25|27-29-31-34-50-91-80|92-33-30-28-26-32-93|95-62-67-71-94|88-73-79-55-68|69-98-53-3-1-70|65-52-99-57-86-74-24|63-76-85-84-56-66|90-81|59-75-87-97-58-77|64-51-18-89|42-39-36-44-41-54-96|72-61-38-40-43-37-35
61,17,1724.0056,607.9699,138.0,232.6101,0,17,28.319289,28.355643,True,5-45-2-7-6-8-46-4-100|82-12-11-9-10-13-17|14-47-16-15-78-55-68|65-52-57-22-49-20-24|83-23-21-19-18-48-25|92-33-30-28-26-32-93|42-39-36-40-41-54|72-38-44-43-37-35|95-62-67-71-94-96|64-51-76-89-91|59-75-97-58-77|99-86-87-74|63-85-84-56-66|69-88-79-3-1-70|27-29-31-34-50-80|98-73-53-60|61-81-90
62,17,1724.0056,607.9699,138.0,232.6101,0,17,28.319289,28.355643,True,5-45-2-7-6-8-46-4-100|82-12-11-9-10-13-17|14-47-16-15-78-55-68|65-52-57-22-49-20-24|83-23-21-19-18-48-25|92-33-30-28-26-32-93|42-39-36-40-41-54|72-38-44-43-37-35|95-62-67-71-94-96|64-51-76-89-91|59-75-97-58-77|99-86-87-74|63-85-84-56-66|69-88-79-3-1-70|27-29-31-34-50-80|98-73-53-60|61-81-90
63,16,1725.0299,445.6256,155.0,233.4674,0,16,5.506393,5.520231,True,5-45-2-7-6-8-46-4-60|47-14-12-53-78-17-13|82-11-15-16-9-10|23-21-18-49-22-20-48-25|27-29-31-34-50-80|92-33-30-28-26-32-93|72-39-36-40-38-41-54-96|95-62-67-71-94|69-98-73-79-55-68|88-3-1-70-100|83-52-99-57-86-74-24|63-76-85-84-56-66|61-81-90|65-59-75-87-97-58-77|42-44-43-37-35|64-19-51-89-91
64,16,1725.0299,445.6256,155.0,233.4674,0,16,5.506393,5.520231,True,5-45-2-7-6-8-46-4-60|47-14-12-53-78-17-13|82-11-15-16-9-10|23-21-18-49-22-20-48-25|27-29-31-34-50-80|92-33-30-28-26-32-93|72-39-36-40-38-41-54-96|95-62-67-71-94|69-98-73-79-55-68|88-3-1-70-100|83-52-99-57-86-74-24|63-76-85-84-56-66|61-81-90|65-59-75-87-97-58-77|42-44-43-37-35|64-19-51-89-91
65,17,1725.1784,584.5501,138.0,233.2743,0,17,24.806324,24.839617,True,5-45-2-7-6-8-46-55|82-11-15-9-10-13-17|14-47-16-12-78-60|83-23-21-19-18-48-25|27-29-31-34-50-91-80|92-33-30-28-26-32-93|72-39-36-40-38-41-54|95-62-67-71-94-96|88-73-79-68|61-3-1-4-100-70|65-52-99-57-86-74-24|63-76-85-84-56-66|59-75-87-97-58-77|42-44-43-37-35|64-51-49-22-20-89|90-81|69-98-53
66,17,1725.1784,584.5501,138.0,233.2743,0,17,24.806324,24.839617,True,5-45-2-7-6-8-46-55|82-11-15-9-10-13-17|14-47-16-12-78-60|83-23-21-19-18-48-25|27-29-31-34-50-91-80|92-33-30-28-26-32-93|72-39-36-40-38-41-54|95-62-67-71-94-96|88-73-79-68|61-3-1-4-100-70|65-52-99-57-86-74-24|63-76-85-84-56-66|59-75-87-97-58-77|42-44-43-37-35|64-51-49-22-20-89|90-81|69-98-53
67,17,1725.2991,629.9855,128.0,232.6101,0,17,31.621633,31.660677,True,5-45-2-7-6-8-46-4-100|82-12-11-9-10-13-17|14-47-16-15-78-55|65-52-57-22-49-20-24|83-23-21-19-18-48-25|27-29-31-34-50-80|92-33-30-28-26-32-93|72-39-36-40-38-41-54-68|42-44-43-37-35|95-62-67-71-94-96|99-86-87-74|63-85-84-56-66|88-73-79-60|64-51-76-89-91|61-81-3-1-70|59-75-97-58-77|69-98-90-53
68,17,1725.4844,609.8588,124.0,237.2766,0,17,28.602634,28.639015,True,5-45-2-7-6-8-46-55|82-12-11-9-10-13-17|14-47-16-15-78-60|65-52-86-22-49-20-24|83-23-21-19-18-48-25|27-29-31-34-50-80|92-33-30-28-26-32-93|72-39-36-38-41-54|42-44-40-43-37-35|95-62-67-71-94-96|99-57-74|63-85-84-56-66|88-73-79-68|64-51-76-89-91|69-98-53-3-1-4-100-70|59-75-87-97-58-77|61-81-90
69,16,1725.6435,447.4356,139.0,236.672,0,16,5.69047,5.703644,True,82-12-11-9-10-13-17|14-47-16-15-78-60-100|83-23-21-18-22-49-20-48-25|27-29-31-34-50-80|92-33-30-28-26-32-93|72-39-36-40-38-41-54|95-62-67-71-94-96|98-73-79-6-55|69-88-53-46-4-1-70|65-52-99-57-86-74-24|63-76-85-84-56-66|61-81-90|59-75-87-97-58-77|42-44-43-37-35|64-19-51-89-91|5-45-2-7-8-3-68
70,16,1725.6435,447.4356,139.0,236.672,0,16,5.69047,5.703644,True,82-12-11-9-10-13-17|14-47-16-15-78-60-100|83-23-21-18-22-49-20-48-25|27-29-31-34-50-80|92-33-30-28-26-32-93|72-39-36-40-38-41-54|95-62-67-71-94-96|98-73-79-6-55|69-88-53-46-4-1-70|65-52-99-57-86-74-24|63-76-85-84-56-66|61-81-90|59-75-87-97-58-77|42-44-43-37-35|64-19-51-89-91|5-45-2-7-8-3-68
71,17,1725.7946,596.533,148.0,232.6101,0,17,26.603761,26.639936,True,5-45-2-7-6-8-46-4-100|82-12-11-9-10-13-17|14-47-16-15-78-60|65-52-57-22-49-20-24|83-23-21-19-18-48-25|27-29-31-34-50-80|92-33-30-28-26-32-93|72-39-38-81-54-96|42-36-44-41-40-43-37-35|95-62-67-71-94|99-86-87-74|63-85-84-56-66|88-73-79-55-68|64-51-76-89-91|69-98-53-3-1-70|59-75-97-58-77|61-90
72,17,1725.7946,596.533,148.0,232.6101,0,17,26.603761,26.639936,True,5-45-2-7-6-8-46-4-100|82-12-11-9-10-13-17|14-47-16-15-78-60|65-52-57-22-49-20-24|83-23-21-19-18-48-25|27-29-31-34-50-80|92-33-30-28-26-32-93|72-39-38-81-54-96|42-36-44-41-40-43-37-35|95-62-67-71-94|99-86-87-74|63-85-84-56-66|88-73-79-55-68|64-51-76-89-91|69-98-53-3-1-70|59-75-97-58-77|61-90
73,17,1725.9162,622.8006,125.0,232.6101,0,17,30.543895,30.581746,True,5-45-2-7-6-8-46-4-100|82-12-11-9-10-13-17|14-47-16-15-78-55-68|65-52-57-22-49-20-24|83-23-21-19-18-48-25|27-29-31-34-50-80|92-33-30-28-26-32-93|42-39-36-40-41-54|72-38-44-43-37-35|95-62-67-71-94-96|99-86-87-74|63-85-84-56-66|98-88-73-79-60|64-51-76-89-91|61-81-3-1-70|59-75-97-58-77|69-90-53
74,17,1726.7469,584.0902,128.0,236.1455,0,17,24.737336,24.770461,True,82-12-11-9-10-13-17|14-47-16-15-53-55-68|65-52-86-22-49-20-24-48|83-23-21-19-18-25-77|27-29-31-34-50-80|92-33-30-28-26-32-93|72-39-36-38-41-54-96|42-44-40-43-37-35|95-62-67-71-94|99-57|63-85-84-56-66|64-51-76-89-91|69-98-88-7-8-3-1-100|59-75-87-97-74-58|61-81-90|73-79-78-60|5-45-2-6-46-4-70
75,17,1726.7469,584.0902,128.0,236.1455,0,17,24.737336,24.770461,True,82-12-11-9-10-13-17|14-47-16-15-53-55-68|65-52-86-22-49-20-24-48|83-23-21-19-18-25-77|27-29-31-34-50-80|92-33-30-28-26-32-93|72-39-36-38-41-54-96|42-44-40-43-37-35|95-62-67-71-94|99-57|63-85-84-56-66|64-51-76-89-91|69-98-88-7-8-3-1-100|59-75-87-97-74-58|61-81-90|73-79-78-60|5-45-2-6-46-4-70
76,17,1727.2537,606.9659,124.0,237.2766,0,17,28.168697,28.205175,True,5-45-2-7-6-8-46-55|82-12-11-9-10-13-17|14-47-16-15-78-60|65-57-22-49-20-24|83-23-21-19-18-48-25|27-29-31-34-50-80|92-33-30-28-26-32-93|72-39-36-38-54-96|42-44-41-40-43-37-35|62-67-71-94|52-99-86-74|95-63-85-84-56-66|88-73-79-68|64-51-76-89-91|69-98-53-3-1-4-100-70|59-75-87-97-58-77|61-81-90
77,17,1728.07,617.6954,125.0,232.6101,0,17,29.778119,29.815852,True,5-45-2-7-6-8-46-4-100|82-12-11-9-10-13-17|14-47-16-15-78-55-68|65-52-57-22-49-20-24|83-23-21-19-18-48-25|27-29-31-34-50-80|92-33-30-28-26-32-93|42-39-36-40-41-54-96|72-38-44-43-37-35|95-62-67-71-94|99-86-74|63-85-84-56-66|98-88-73-79-60|64-51-76-89-91|61-81-3-1-70|59-75-87-97-58-77|69-90-53
78,17,1728.07,617.6954,125.0,232.6101,0,17,29.778119,29.815852,True,5-45-2-7-6-8-46-4-100|82-12-11-9-10-13-17|14-47-16-15-78-55-68|65-52-57-22-49-20-24|83-23-21-19-18-48-25|27-29-31-34-50-80|92-33-30-28-26-32-93|42-39-36-40-41-54-96|72-38-44-43-37-35|95-62-67-71-94|99-86-74|63-85-84-56-66|98-88-73-79-60|64-51-76-89-91|61-81-3-1-70|59-75-87-97-58-77|69-90-53
79,16,1729.4771,443.6047,159.0,232.672,0,16,6.840548,6.855698,True,5-45-2-7-6-8-46-4-100|82-11-15-9-10-17-60|14-47-16-12-78-13|83-23-21-19-22-49-20-48-25|27-29-31-34-50-91-80|92-33-30-28-26-32-93|72-39-36-40-38-41-54-96|95-62-67-71-94|88-73-79-55-68|69-98-53-3-1-70|65-52-99-57-86-74-24|63-76-85-84-56-66|61-81-90|59-75-87-97-58-77|42-44-43-37-35|64-51-18-89
80,16,1729.4771,443.6047,159.0,232.672,0,16,6.840548,6.855698,True,5-45-2-7-6-8-46-4-100|82-11-15-9-10-17-60|14-47-16-12-78-13|83-23-21-19-22-49-20-48-25|27-29-31-34-50-91-80|92-33-30-28-26-32-93|72-39-36-40-38-41-54-96|95-62-67-71-94|88-73-79-55-68|69-98-53-3-1-70|65-52-99-57-86-74-24|63-76-85-84-56-66|61-81-90|59-75-87-97-58-77|42-44-43-37-35|64-51-18-89
81,16,1730.1679,466.7352,133.0,235.4032,0,16,7.134091,7.150728,True,5-45-2-7-6-8-46-55|82-11-15-9-10-13-17|14-47-16-12-78-60|83-23-21-19-18-48-25|27-29-31-34-50-91-80|92-33-30-28-26-32-93|72-39-36-40-38-41-54-96|95-62-67-71-94|88-73-79-68|61-81-3-1-4-100-70|65-52-99-57-86-74-24|63-76-85-84-56-66|59-75-87-97-58-77|42-44-43-37-35|64-51-49-22-20-89|69-98-90-53
82,17,1730.848,590.624,124.0,237.2766,0,17,25.717411,25.752515,True,5-45-2-7-6-8-46-55|82-12-11-9-10-13-17|14-47-16-15-78-60|65-52-22-49-20-24|83-23-21-19-18-48-25|27-29-31-34-50-80|33-30-28-26-32-93|72-39-36-38-54-96|42-44-41-40-43-37-35|92-62-67-71-94|99-57-86-74|95-63-85-84-56-66|88-73-79-68|64-51-76-89-91|69-98-53-3-1-4-100-70|59-75-87-97-58-77|61-81-90
83,17,1731.0628,603.503,138.0,232.6101,0,17,27.649259,27.68706,True,5-45-2-8-7-6-46-4-100|82-12-11-9-10-13-17|14-47-16-15-78-60|64-57-22-20-24|83-23-21-19-18-49-48-25|72-39-36-40-38-41-54|42-44-43-37-35|65-52-99-86-87-74|88-73-79-55-68|95-63-51-76-89-91|69-98-53-3-1-70|59-75-97-58-77|33-28-31-30-34-50-80|29-27-26-32-93|71-67-94-96|61-81-90|92-62-85-84-56-66
84,16,1731.2941,458.3337,155.0,232.6101,0,16,7.38565,7.403145,True,5-45-2-7-6-8-46-4-100|82-11-15-16-9-10-13-17|65-52-57-22-49-24|83-23-21-19-18-20-48-25|27-29-31-34-50-91-80|92-33-30-28-26-32-93|72-39-36-40-38-41-54-96|95-62-67-71-94-68-55|63-76-51-56-66|69-98-88-53-3-1-70|59-75-87-97-58-77|12-99-86-74|61-81-90|14-47-73-79-78-60|42-44-43-37-35|64-84-85-89
85,16,1731.2941,458.3337,155.0,232.6101,0,16,7.38565,7.403145,True,5-45-2-7-6-8-46-4-100|82-11-15-16-9-10-13-17|65-52-57-22-49-24|83-23-21-19-18-20-48-25|27-29-31-34-50-91-80|92-33-30-28-26-32-93|72-39-36-40-38-41-54-96|95-62-67-71-94-68-55|63-76-51-56-66|69-98-88-53-3-1-70|59-75-87-97-58-77|12-99-86-74|61-81-90|14-47-73-79-78-60|42-44-43-37-35|64-84-85-89
86,16,1731.403,468.4515,107.0,235.4032,0,16,7.418333,7.432997,True,5-45-2-7-6-8-46-55|82-11-15-9-10-13-17|14-47-16-12-78-60|83-23-21-19-18-48-25|27-29-31-34-50-91-80|92-33-30-28-26-32-93|72-39-36-40-38-41-54|95-62-67-71-94-96|88-73-79-68|61-81-3-1-4-100-70|65-52-99-57-86-74-24|63-76-85-84-56-66|59-75-87-97-58-77|42-44-43-37-35|64-51-49-22-20-89|69-98-90-53
87,16,1731.403,468.4515,107.0,235.4032,0,16,7.418333,7.432997,True,5-45-2-7-6-8-46-55|82-11-15-9-10-13-17|14-47-16-12-78-60|83-23-21-19-18-48-25|27-29-31-34-50-91-80|92-33-30-28-26-32-93|72-39-36-40-38-41-54|95-62-67-71-94-96|88-73-79-68|61-81-3-1-4-100-70|65-52-99-57-86-74-24|63-76-85-84-56-66|59-75-87-97-58-77|42-44-43-37-35|64-51-49-22-20-89|69-98-90-53
88,17,1732.3198,590.0078,148.0,232.6101,0,17,25.624981,25.662135,True,5-45-2-7-6-8-46-4-100|82-11-15-9-10-13-17|14-47-16-12-78-60|65-52-57-22-49-20-24|83-23-21-19-18-48-25|27-29-31-34-50-80|92-33-30-28-26-32-93|72-39-38-81-54-96|42-36-44-41-40-43-37-35|95-62-67-71-94|99-86-87-74|63-85-84-56-66|88-73-79-55-68|64-51-76-89-91|69-98-53-3-1-70|59-75-97-58-77|61-90
89,17,1732.3198,590.0078,148.0,232.6101,0,17,25.624981,25.662135,True,5-45-2-7-6-8-46-4-100|82-11-15-9-10-13-17|14-47-16-12-78-60|65-52-57-22-49-20-24|83-23-21-19-18-48-25|27-29-31-34-50-80|92-33-30-28-26-32-93|72-39-38-81-54-96|42-36-44-41-40-43-37-35|95-62-67-71-94|99-86-87-74|63-85-84-56-66|88-73-79-55-68|64-51-76-89-91|69-98-53-3-1-70|59-75-97-58-77|61-90
90,16,1732.4299,409.0912,178.0,234.6455,0,16,7.726405,7.73946,True,5-45-2-7-6-8-46-4-1-100|83-23-21-19-22-49-20-24-25|27-29-31-34-50-91-80|92-33-30-28-26-32-93|69-3-43-70|65-52-99-57-86-74|95-63-76-85-84-56-66|59-75-87-97-58-77|72-42-44-40-38-41-35-37|64-51-18-89-48|14-47-11-15-16-9-10-13-17|98-88-73-79-60|36-39-61-81-68|62-67-71-94-96-54|90|82-12-78-53-55
91,17,1732.6108,616.1059,116.0,232.6101,0,17,29.539697,29.577653,True,5-45-2-7-6-8-46-4-100|82-12-11-9-10-13-17|14-47-16-15-78-55-68|65-52-57-22-49-20-24|83-23-21-19-18-48-25|27-29-31-34-50-80|92-33-30-28-26-32-93|42-39-36-40-41-54|72-38-44-43-37-35|95-62-67-71-94-96|99-86-87-74|63-85-84-56-66|88-73-79-60|64-51-76-89-91|61-81-3-1-70|59-75-97-58-77|69-98-90-53
92,17,1732.6108,616.1059,116.0,232.6101,0,17,29.539697,29.577653,True,5-45-2-7-6-8-46-4-100|82-12-11-9-10-13-17|14-47-16-15-78-55-68|65-52-57-22-49-20-24|83-23-21-19-18-48-25|27-29-31-34-50-80|92-33-30-28-26-32-93|42-39-36-40-41-54|72-38-44-43-37-35|95-62-67-71-94-96|99-86-87-74|63-85-84-56-66|88-73-79-60|64-51-76-89-91|61-81-3-1-70|59-75-97-58-77|69-98-90-53
93,16,1732.7205,444.7275,152.0,236.3466,0,16,7.813587,7.829729,True,14-47-16-15-78-60|83-23-21-19-18-49-20-48-25|27-29-31-34-50-91-80|92-33-30-28-26-32-93|95-62-67-71-94-96-54|63-76-85-84-56-66|59-75-87-97-58-77|72-39-36-38-40-43-37-35|65-52-99-57-86-74-24|45-73-79-8-46-4-100|64-51-22-89|82-12-11-9-10-13-17|69-98-88-53-55|2-5-7-6-3-1-70|42-44-61-41-68|90-81
94,16,1732.7205,444.7275,152.0,236.3466,0,16,7.813587,7.829729,True,14-47-16-15-78-60|83-23-21-19-18-49-20-48-25|27-29-31-34-50-91-80|92-33-30-28-26-32-93|95-62-67-71-94-96-54|63-76-85-84-56-66|59-75-87-97-58-77|72-39-36-38-40-43-37-35|65-52-99-57-86-74-24|45-73-79-8-46-4-100|64-51-22-89|82-12-11-9-10-13-17|69-98-88-53-55|2-5-7-6-3-1-70|42-44-61-41-68|90-81
95,17,1732.7302,615.9866,116.0,232.6101,0,17,29.521795,29.559768,True,5-45-2-7-6-8-46-4-100|82-12-11-9-10-13-17|14-47-16-15-78-55-68|65-52-57-22-49-20-24|83-23-21-19-18-48-25|27-29-31-34-50-80|92-33-30-28-26-32-93|42-39-36-40-41-54|72-38-44-43-37-35|62-67-71-94-96|99-86-87-74|95-63-85-84-56-66|88-73-79-60|64-51-76-89-91|61-81-3-1-70|59-75-97-58-77|69-98-90-53
96,17,1732.7377,613.1015,137.0,232.6101,0,17,29.089027,29.12867,True,5-45-2-7-6-8-46-4-100|82-12-11-9-10-13-17|14-47-16-15-78-60|65-52-57-22-49-20-24|83-23-21-19-18-48-25|27-29-31-34-50-80|92-33-30-28-26-32-93|95-62-67-71-94-96|99-86-87-74|63-85-84-56-66|88-73-79-55-68|64-51-76-89-91|69-98-53-3-1-70|59-75-97-58-77|72-42-61-90|39-36-38-44-40-43-37-35|81-41-54
97,16,1733.2061,417.2239,159.0,237.5454,0,16,7.959275,7.972317,True,82-12-11-9-10-13-17|14-47-16-15-78-60|83-23-21-19-22-49-20-48-25|27-29-31-34-50-91-80|92-33-30-28-26-32-93|72-39-36-40-38-41-54-96|95-62-67-71-94|69-98-88-53-3-1-4-100-70|65-52-99-57-86-74-24|63-76-85-84-56-66|61-81-90|59-75-87-97-58-77|42-44-43-37-35|64-51-18-89|2-5-8-7-6-46-55|45-73-79-68
98,17,1733.7664,607.0728,133.0,232.6101,0,17,28.184725,28.223372,True,5-45-2-7-6-8-46-4-100|82-12-11-9-10-13-17|14-47-16-15-78-60|65-52-57-22-49-20-24|83-23-21-19-18-48-25|27-29-31-34-50-80|92-33-30-28-26-32-93|95-62-67-71-94-96|99-86-87-74|63-85-84-56-66|88-73-79-55-68|64-51-76-89-91|69-98-53-3-1-70|59-75-97-58-77|39-42-61-90|72-36-38-44-40-43-37-35|81-41-54
99,17,1733.7664,607.0728,133.0,232.6101,0,17,28.184725,28.223372,True,5-45-2-7-6-8-46-4-100|82-12-11-9-10-13-17|14-47-16-15-78-60|65-52-57-22-49-20-24|83-23-21-19-18-48-25|27-29-31-34-50-80|92-33-30-28-26-32-93|95-62-67-71-94-96|99-86-87-74|63-85-84-56-66|88-73-79-55-68|64-51-76-89-91|69-98-53-3-1-70|59-75-97-58-77|39-42-61-90|72-36-38-44-40-43-37-35|81-41-54
100,17,1734.4552,614.2615,121.0,232.6101,0,17,29.263035,29.301767,True,5-45-2-7-6-8-46-4-100|82-12-11-9-10-13-17|14-47-16-15-78-55-68|65-52-57-22-49-20-24|83-23-21-19-18-48-25|27-29-31-34-50-80|92-33-30-28-26-32-93|42-39-41-54|72-36-38-44-40-43-37-35|95-62-67-71-94-96|99-86-87-74|63-85-84-56-66|88-73-79-60|64-51-76-89-91|61-81-3-1-70|59-75-97-58-77|69-98-90-53
101,17,1734.4552,614.2615,121.0,232.6101,0,17,29.263035,29.301767,True,5-45-2-7-6-8-46-4-100|82-12-11-9-10-13-17|14-47-16-15-78-55-68|65-52-57-22-49-20-24|83-23-21-19-18-48-25|27-29-31-34-50-80|92-33-30-28-26-32-93|42-39-41-54|72-36-38-44-40-43-37-35|95-62-67-71-94-96|99-86-87-74|63-85-84-56-66|88-73-79-60|64-51-76-89-91|61-81-3-1-70|59-75-97-58-77|69-98-90-53
102,16,1735.3109,411.0862,159.0,233.8218,0,16,8.590693,8.602887,True,82-11-15-9-10-13-17|83-23-21-19-22-49-20-48-25|27-29-31-34-50-80|92-33-30-28-26-32-93|95-62-67-71-94-96-54|65-52-99-57-86-74-24|63-76-85-84-56-66|59-75-87-97-58-77|42-39-36-44-43-37-35|2-79-8-3-1-4-100-70|69-98-88-7-6-46-55|61-81-90|64-51-18-89-91|72-38-40-41-68|45-5-73-78-60|14-47-16-12-53
103,16,1735.3109,411.0862,159.0,233.8218,0,16,8.590693,8.602887,True,82-11-15-9-10-13-17|83-23-21-19-22-49-20-48-25|27-29-31-34-50-80|92-33-30-28-26-32-93|95-62-67-71-94-96-54|65-52-99-57-86-74-24|63-76-85-84-56-66|59-75-87-97-58-77|42-39-36-44-43-37-35|2-79-8-3-1-4-100-70|69-98-88-7-6-46-55|61-81-90|64-51-18-89-91|72-38-40-41-68|45-5-73-78-60|14-47-16-12-53
104,16,1738.4068,430.9831,146.0,238.7071,0,16,9.519475,9.535016,True,5-45-2-7-8-46-55-68|82-12-11-9-10-13-17|14-47-16-15-53|64-51-49-22-20-24-58|83-23-21-19-18-48-25|27-29-31-34-50-91-80|92-33-30-28-26-32-93|72-39-36-40-38-54-96|42-44-41-43-37-35|65-52-99-86-57-66|73-79-78-60|95-63-76-85-84-89|69-98-88-6-3-1-4-100-70|59-75-87-97-74-77|61-81-90|62-67-71-94-56
105,16,1738.4068,430.9831,146.0,238.7071,0,16,9.519475,9.535016,True,5-45-2-7-8-46-55-68|82-12-11-9-10-13-17|14-47-16-15-53|64-51-49-22-20-24-58|83-23-21-19-18-48-25|27-29-31-34-50-91-80|92-33-30-28-26-32-93|72-39-36-40-38-54-96|42-44-41-43-37-35|65-52-99-86-57-66|73-79-78-60|95-63-76-85-84-89|69-98-88-6-3-1-4-100-70|59-75-87-97-74-77|61-81-90|62-67-71-94-56
106,16,1738.4385,436.0715,137.0,236.672,0,16,9.528993,9.544101,True,5-45-2-7-6-8-46-4-100|82-12-11-9-10-13-17|14-47-16-15-78-60|83-23-21-18-22-49-20-48-25|27-29-31-34-50-91-80|92-33-30-28-26-32-93|95-62-67-71-94-96|88-73-79-55-68|69-98-53-3-1-70|65-52-99-57-86-74-24|63-76-85-84-56-66|72-42-61-90|59-75-87-97-58-77|64-19-51-89|39-36-38-44-40-43-37-35|81-41-54
107,16,1738.6372,433.1747,164.0,233.4674,0,16,9.58859,9.605542,True,5-45-2-7-6-8-46-4-100|82-11-15-9-10-13-17|14-47-16-12-78-60|23-21-19-49-22-20-48-25|27-29-31-34-50-80|92-33-30-28-26-32-93|72-39-36-40-38-41-54-96|95-62-67-71-94|69-98-73-79-55-68|88-53-3-1-70|83-52-99-57-86-74-24|63-76-85-84-56-66|90-81|65-59-75-87-97-58-77|42-44-61-43-37-35|64-51-18-89-91
108,16,1738.6372,433.1747,164.0,233.4674,0,16,9.58859,9.605542,True,5-45-2-7-6-8-46-4-100|82-11-15-9-10-13-17|14-47-16-12-78-60|23-21-19-49-22-20-48-25|27-29-31-34-50-80|92-33-30-28-26-32-93|72-39-36-40-38-41-54-96|95-62-67-71-94|69-98-73-79-55-68|88-53-3-1-70|83-52-99-57-86-74-24|63-76-85-84-56-66|90-81|65-59-75-87-97-58-77|42-44-61-43-37-35|64-51-18-89-91
109,16,1740.3408,387.5547,155.0,237.5674,0,16,10.099664,10.11,True,82-12-11-9-10-13-17|14-47-16-15-78-4-1-70-100|83-23-21-18-22-49-20-48-25|27-29-31-34-50-91-80|92-33-30-28-26-32-93|72-39-36-40-38-41-54-96|95-62-67-71-94|45-73-79-6-55-68|69-98-88-53|65-52-99-57-86-74-24|63-76-85-84-56-66|61-81-90|59-75-87-97-58-77|42-44-43-37-35|64-19-51-89|2-5-8-7-46-3-60
110,16,1740.3408,387.5547,155.0,237.5674,0,16,10.099664,10.11,True,82-12-11-9-10-13-17|14-47-16-15-78-4-1-70-100|83-23-21-18-22-49-20-48-25|27-29-31-34-50-91-80|92-33-30-28-26-32-93|72-39-36-40-38-41-54-96|95-62-67-71-94|45-73-79-6-55-68|69-98-88-53|65-52-99-57-86-74-24|63-76-85-84-56-66|61-81-90|59-75-87-97-58-77|42-44-43-37-35|64-19-51-89|2-5-8-7-46-3-60
111,17,1740.8392,601.3929,138.0,232.6101,0,17,27.332736,27.373154,True,5-45-2-7-6-8-46-4-100|82-12-11-9-10-13-17|14-47-16-15-78-60|65-52-57-22-49-48-24|83-23-21-19-18-20-25|27-29-31-34-50-80|92-33-30-28-26-32-93|72-39-36-38-41-54-96|42-44-40-43-37-35|95-62-67-71-94|99-86-87-74|63-76-85-84-56-66|88-73-79-55-68|64-51-89-91|69-98-53-3-1-70|59-75-97-58-77|61-81-90
112,17,1741.99,598.7191,138.0,232.6101,0,17,26.931673,26.972035,True,5-45-2-7-6-8-46-4-100|47-15-16-12-9-10-17-60|65-52-57-22-49-20-24|83-23-21-19-18-48-25|27-29-31-34-50-80|92-33-30-28-26-32-93|72-39-36-38-41-54-96|42-44-40-43-37-35|95-62-67-71-94|82-99-86-87-74|63-85-84-56-66|88-73-79-55-68|64-51-76-89-91|69-98-53-3-1-70|59-75-97-58-77|61-81-90|14-11-78-13
113,16,1742.7077,438.6129,134.0,236.672,0,16,10.809731,10.826201,True,5-45-2-7-6-8-46-4-100|82-12-11-9-10-13-17|83-23-21-18-22-49-20-48-25|27-29-31-34-50-91-80|92-33-30-28-26-32-93|72-39-36-40-38-41-54-96|95-62-67-71-94|69-98-88-53-3-1-70|65-52-99-57-86-74-24|63-76-85-84-56-66|42-44-43-37-35|59-75-87-97-58-77|61-81-90-68|14-15-47-73-79-60|64-19-51-89|16-78-55
114,17,1743.2457,577.7105,149.0,232.6101,0,17,23.78038,23.819067,True,5-45-2-7-6-8-46-4-100|14-47-16-73-78-60|59-52-57-22-49-20-24|65-83-23-21-19-18-48-25|92-95-62-67-71-94-96-54|69-98-88-79-3-1-70|82-12-11-9-10-13-17|99-86-87-58-77|31-27-26-32-93|64-51-76-89-91|33-28-29-30-34-50-80|72-39-36-38-40-43-37-35|61-81|63-85-84-56-66|15-75-97-74|42-44-41-68|90-53-55
115,17,1743.2457,577.7105,149.0,232.6101,0,17,23.78038,23.819067,True,5-45-2-7-6-8-46-4-100|14-47-16-73-78-60|59-52-57-22-49-20-24|65-83-23-21-19-18-48-25|92-95-62-67-71-94-96-54|69-98-88-79-3-1-70|82-12-11-9-10-13-17|99-86-87-58-77|31-27-26-32-93|64-51-76-89-91|33-28-29-30-34-50-80|72-39-36-38-40-43-37-35|61-81|63-85-84-56-66|15-75-97-74|42-44-41-68|90-53-55
116,16,1745.6283,425.0843,158.0,232.672,0,16,11.685935,11.703052,True,5-45-2-7-6-8-46-4-100|82-12-11-9-10-13-17|14-47-16-15-78-60|83-23-21-19-22-49-20-48-25|27-29-31-34-50-91-80|92-33-30-28-26-32-93|72-39-36-40-38-41-54-96|95-62-67-71-94|69-98-53-3-1-70|65-52-99-57-86-74-24|63-76-85-84-56-66|59-75-87-97-58-77|61-81-43-37-35|88-73-79-55-68|64-51-18-89|42-44-90
117,17,1745.8008,588.4261,138.0,232.6101,0,17,25.387719,25.42768,True,5-45-2-7-6-8-46-4-100|82-12-11-9-10-13-17|14-47-16-15-78-60|65-52-57-22-49-20-24|83-23-21-19-18-48-25|27-29-31-34-50-80|92-33-30-28-26-32-93|72-39-36-38-41-54-96|42-44-40-43-37-35|69-98-53-3-1-70|59-75-87-97-58-77|64-99-86-74|95-63-85-51-89-91|88-73-79-55-68|62-76-84-56-66|71-67-94|61-81-90
118,16,1745.9002,418.2596,168.0,233.4674,0,16,11.767486,11.784781,True,5-45-2-6-8-46-4-100|83-23-21-19-22-49-20-48-25|27-29-31-34-50-91-80|92-33-30-28-26-32-93|42-39-36-40-38-41-54-96|95-62-67-71-94|12-78-53-55-68|69-98-88-7-3-1-70|82-52-99-86-57-74-24|63-76-85-84-56-66|90-81|65-59-75-87-97-58-77|72-44-61-43-37-35|64-51-18-89|14-47-16-15-9-10-13-17|11-73-79-60
119,16,1745.9002,418.2596,168.0,233.4674,0,16,11.767486,11.784781,True,5-45-2-6-8-46-4-100|83-23-21-19-22-49-20-48-25|27-29-31-34-50-91-80|92-33-30-28-26-32-93|42-39-36-40-38-41-54-96|95-62-67-71-94|12-78-53-55-68|69-98-88-7-3-1-70|82-52-99-86-57-74-24|63-76-85-84-56-66|90-81|65-59-75-87-97-58-77|72-44-61-43-37-35|64-51-18-89|14-47-16-15-9-10-13-17|11-73-79-60
120,17,1746.0642,563.6643,149.0,233.2743,0,17,21.673457,21.710982,True,5-45-2-7-6-8-46-55|82-11-15-9-10-13-17|14-47-16-12-78-60|83-23-21-19-18-48-25|27-29-31-34-50-91-80|92-33-30-28-26-32-93|72-39-36-40-38-41-54|95-62-67-71-94-96|88-73-79-68|69-98-61-3-1-4-100-70|65-52-99-57-86-74-24|63-76-85-84-56-66|59-75-87-97-58-77|42-44-43-37-35|64-51-49-22-20-89|90-81|53
121,17,1746.0642,563.6643,149.0,233.2743,0,17,21.673457,21.710982,True,5-45-2-7-6-8-46-55|82-11-15-9-10-13-17|14-47-16-12-78-60|83-23-21-19-18-48-25|27-29-31-34-50-91-80|92-33-30-28-26-32-93|72-39-36-40-38-41-54|95-62-67-71-94-96|88-73-79-68|69-98-61-3-1-4-100-70|65-52-99-57-86-74-24|63-76-85-84-56-66|59-75-87-97-58-77|42-44-43-37-35|64-51-49-22-20-89|90-81|53
122,16,1746.2733,399.6762,159.0,233.8218,0,16,11.879432,11.893204,True,82-12-11-9-10-13-17|14-47-16-15-53|83-23-21-19-22-49-20-48-25|27-29-31-34-50-91-80|92-33-30-28-26-32-93|95-62-67-71-94-96-54|65-52-99-57-86-74-24|63-76-85-84-56-66|59-75-87-97-58-77|39-42-44-41-35-37|64-51-18-89|5-79-8-3-1-4-100-70|69-98-88-7-6-46-55|45-2-73-78-60|72-36-38-40-43-68|61-81-90
123,16,1746.2733,399.6762,159.0,233.8218,0,16,11.879432,11.893204,True,82-12-11-9-10-13-17|14-47-16-15-53|83-23-21-19-22-49-20-48-25|27-29-31-34-50-91-80|92-33-30-28-26-32-93|95-62-67-71-94-96-54|65-52-99-57-86-74-24|63-76-85-84-56-66|59-75-87-97-58-77|39-42-44-41-35-37|64-51-18-89|5-79-8-3-1-4-100-70|69-98-88-7-6-46-55|45-2-73-78-60|72-36-38-40-43-68|61-81-90
124,17,1746.2737,587.2001,138.0,232.6101,0,17,25.203817,25.243736,True,5-45-2-7-6-8-46-4-100|82-12-11-9-10-13-17|14-47-16-15-78-60|65-52-57-22-49-20-24|83-23-21-19-18-48-25|27-29-31-50-89-80|92-33-30-28-26-34-32-93|72-36-38-44-41-54-96|42-39-40-43-37-35|95-62-67-71-94|99-86-87-74|63-85-84-66|88-73-79-55-68|64-51-76-56-91|69-98-53-3-1-70|59-75-97-58-77|61-81-90
125,16,1747.4439,435.3332,155.0,232.6101,0,16,12.230598,12.249488,True,5-45-2-7-6-8-46-4-100|82-11-15-16-9-10-13-17|65-52-57-22-20-89|83-23-21-19-18-49-48-25|27-29-31-34-50-91-80|92-33-30-28-26-32-93|72-39-36-40-38-41-54-96|95-62-67-71-94-68-55|64-51-85-84-56-66|69-98-88-53-3-1-70|59-75-87-97-58-77|12-99-86-74-24|61-81-90|14-47-73-79-78-60|42-44-43-37-35|63-76
126,16,1747.4439,435.3332,155.0,232.6101,0,16,12.230598,12.249488,True,5-45-2-7-6-8-46-4-100|82-11-15-16-9-10-13-17|65-52-57-22-20-89|83-23-21-19-18-49-48-25|27-29-31-34-50-91-80|92-33-30-28-26-32-93|72-39-36-40-38-41-54-96|95-62-67-71-94-68-55|64-51-85-84-56-66|69-98-88-53-3-1-70|59-75-87-97-58-77|12-99-86-74-24|61-81-90|14-47-73-79-78-60|42-44-43-37-35|63-76
127,17,1750.5045,580.6869,100.0,232.6101,0,17,24.226847,24.263259,True,5-45-7-6-8-46-4-100|82-12-11-9-10-13-17|14-47-16-15-78-55-68|65-52-57-22-49-20-24|83-23-21-19-18-48-25|27-29-31-34-50-80|92-33-30-28-26-32-93|42-39-36-40-41-54-96|72-38-44-43-37-35|95-62-67-71-94|99-86-87-74|63-85-84-56-66|98-88-73-79-60|64-51-76-89-91|2-53-3-1-70|59-75-97-58-77|69-61-81-90
128,17,1751.2127,610.8401,138.0,228.7232,0,17,28.749825,28.794188,True,5-45-2-7-6-8-46-4-100|82-12-11-9-10-13-17|14-47-16-15-78-60|65-52-57-22-49-20-24|83-23-21-19-18-48-25|27-29-31-34-50-80|92-33-30-28-26-32-93|72-39-36-38-41-54-96|42-44-40-43-37-35|95-62-67-71-94|63-76-85-84-56-66|88-73-79-55-68|64-51-89-91|69-98-53-3-1-70|59-75-87-97-74-58|61-81-90|99-86-77
129,17,1751.2127,610.8401,138.0,228.7232,0,17,28.749825,28.794188,True,5-45-2-7-6-8-46-4-100|82-12-11-9-10-13-17|14-47-16-15-78-60|65-52-57-22-49-20-24|83-23-21-19-18-48-25|27-29-31-34-50-80|92-33-30-28-26-32-93|72-39-36-38-41-54-96|42-44-40-43-37-35|95-62-67-71-94|63-76-85-84-56-66|88-73-79-55-68|64-51-89-91|69-98-53-3-1-70|59-75-87-97-74-58|61-81-90|99-86-77
130,16,1751.239,410.2512,155.0,236.672,0,16,13.369145,13.386021,True,5-45-2-7-6-8-46-4-100|82-12-16-9-10-13-17|14-47-11-73-78-60|83-23-21-18-22-49-20-48-25|27-29-31-34-50-91-80|92-33-30-28-26-32-93|72-39-36-40-38-41-54-96|95-62-67-71-94|15-79-55-68|69-98-88-53-3-1-70|65-52-99-57-86-74-24|63-76-85-84-56-66|61-81-90|59-75-87-97-58-77|42-44-43-37-35|64-19-51-89
131,17,1751.9267,609.7757,155.0,229.6842,0,17,28.590164,28.636426,True,5-45-2-7-6-8-46-4-100|82-11-12-53-55-68|14-47-15-16-17-60|65-52-57-22-49-20-24|83-23-21-19-18-48-25|27-29-31-34-50-80|92-33-30-28-26-32-93|72-39-36-40-38-41-54-96|42-44-43-37-35|95-62-67-71-94|99-86-87-97-58|63-85-84-56-66|64-51-76-89-91|69-98-88-79-3-1-70|59-75-9-74-77|61-81-90|73-78-10-13
132,16,1752.9755,386.4859,131.0,236.3466,0,16,13.890071,13.901454,True,5-45-2-7-6-8-46-4-100-70|83-23-21-19-18-49-20-48-25|27-29-31-34-50-91-80|92-33-30-28-26-32-93|72-39-36-40-38-41-54-96|95-62-67-71-94|63-76-85-84-56-66|59-75-87-97-58-77|42-44-61-43-37-35|65-52-99-57-86-74-24|82-12-11-9-10-13-17|14-47-16-15-53|69-98-88-90|64-51-22-89|73-79-78-55-68|81-3-1-60
133,16,1752.9755,386.4859,131.0,236.3466,0,16,13.890071,13.901454,True,5-45-2-7-6-8-46-4-100-70|83-23-21-19-18-49-20-48-25|27-29-31-34-50-91-80|92-33-30-28-26-32-93|72-39-36-40-38-41-54-96|95-62-67-71-94|63-76-85-84-56-66|59-75-87-97-58-77|42-44-61-43-37-35|65-52-99-57-86-74-24|82-12-11-9-10-13-17|14-47-16-15-53|69-98-88-90|64-51-22-89|73-79-78-55-68|81-3-1-60
134,16,1754.7031,402.093,149.0,233.8218,0,16,14.408356,14.424019,True,82-12-11-9-10-13-17|14-47-16-15-53|83-23-21-19-22-20-48-25|27-29-31-34-50-91-80|92-33-30-28-26-32-93|95-62-67-71-94-96-54|65-52-99-57-86-74-24|63-76-85-84-56-66|59-75-87-97-58-77|42-39-36-44-41-35-37|64-51-18-49-89|45-79-8-3-1-4-100-70|69-98-88-7-6-46-55|5-2-73-78-60|72-38-40-43-68|61-81-90
135,16,1754.7031,402.093,149.0,233.8218,0,16,14.408356,14.424019,True,82-12-11-9-10-13-17|14-47-16-15-53|83-23-21-19-22-20-48-25|27-29-31-34-50-91-80|92-33-30-28-26-32-93|95-62-67-71-94-96-54|65-52-99-57-86-74-24|63-76-85-84-56-66|59-75-87-97-58-77|42-39-36-44-41-35-37|64-51-18-49-89|45-79-8-3-1-4-100-70|69-98-88-7-6-46-55|5-2-73-78-60|72-38-40-43-68|61-81-90
136,17,1755.6918,562.7471,128.0,232.6101,0,17,21.535876,21.573952,True,5-45-2-8-7-6-46-4-100|82-12-11-9-10-13-17|14-47-16-15-78-60|64-22-49-20-24|83-23-21-19-18-48-25|65-52-99-57-86-74|88-73-79-55-68|95-63-51-76-89-91|69-98-53-3-1-70|59-75-87-97-58-77|33-30-28-34-50-80|31-29-27-26-32-93|72-71-67-94|39-42-61-90|92-62-85-84-56-66|36-38-44-40-43-37-35|81-41-54-96
137,17,1755.6918,562.7471,128.0,232.6101,0,17,21.535876,21.573952,True,5-45-2-8-7-6-46-4-100|82-12-11-9-10-13-17|14-47-16-15-78-60|64-22-49-20-24|83-23-21-19-18-48-25|65-52-99-57-86-74|88-73-79-55-68|95-63-51-76-89-91|69-98-53-3-1-70|59-75-87-97-58-77|33-30-28-34-50-80|31-29-27-26-32-93|72-71-67-94|39-42-61-90|92-62-85-84-56-66|36-38-44-40-43-37-35|81-41-54-96
138,16,1755.8811,390.6173,168.0,233.8218,0,16,14.761772,14.777968,True,82-12-11-9-10-13-17|83-23-21-19-22-49-20-48-25|27-29-31-34-50-91-80|92-33-30-28-26-32-93|95-62-67-71-94-96|65-52-99-57-86-74-24|63-76-85-84-56-66|59-75-87-97-58-77|45-2-79-8-3-1-4-100-70|69-98-88-7-6-46-55|90-81|64-51-18-89|5-73-78-60|14-47-16-15-53|42-39-36-44-40-43-37-35|72-61-38-41-54-68
139,16,1756.1775,435.9263,154.0,232.6101,0,16,14.850668,14.872167,True,5-45-2-7-6-8-46-4-100|82-12-11-9-10-13-17|14-47-16-15-78-60|83-23-21-19-22-49-48-25|27-29-31-34-50-93-80|92-33-30-28-26-32-91|72-39-36-40-38-41-54-96|95-62-67-71-94|69-98-53-3-1-70|63-76-85-84-56-66|65-52-99-57-86-74-24|61-81-43-37-35|88-73-79-55-68|64-51-18-20-89|42-44-90|59-75-87-97-58-77
140,16,1756.1775,435.9263,154.0,232.6101,0,16,14.850668,14.872167,True,5-45-2-7-6-8-46-4-100|82-12-11-9-10-13-17|14-47-16-15-78-60|83-23-21-19-22-49-48-25|27-29-31-34-50-93-80|92-33-30-28-26-32-91|72-39-36-40-38-41-54-96|95-62-67-71-94|69-98-53-3-1-70|63-76-85-84-56-66|65-52-99-57-86-74-24|61-81-43-37-35|88-73-79-55-68|64-51-18-20-89|42-44-90|59-75-87-97-58-77
141,16,1756.7288,424.152,168.0,232.672,0,16,15.016061,15.037369,True,5-45-2-7-6-8-46-4-100|82-11-15-9-10-17-60|14-47-16-12-78-13|83-23-21-19-22-49-20-48-25|27-29-31-34-50-91-80|92-33-30-28-26-32-93|72-39-36-40-38-41-54-96|95-62-67-71-94|88-73-79-55-68|69-98-53-3-1-70|65-52-99-57-86-74-24|63-76-85-84-56-66|90-81|59-75-87-97-58-77|42-44-61-43-37-35|64-51-18-89
142,16,1756.7288,424.152,168.0,232.672,0,16,15.016061,15.037369,True,5-45-2-7-6-8-46-4-100|82-11-15-9-10-17-60|14-47-16-12-78-13|83-23-21-19-22-49-20-48-25|27-29-31-34-50-91-80|92-33-30-28-26-32-93|72-39-36-40-38-41-54-96|95-62-67-71-94|88-73-79-55-68|69-98-53-3-1-70|65-52-99-57-86-74-24|63-76-85-84-56-66|90-81|59-75-87-97-58-77|42-44-61-43-37-35|64-51-18-89
143,16,1757.3976,386.3578,159.0,233.8218,0,16,15.216716,15.231828,True,82-12-11-9-10-13-17|14-47-16-15-78-60|83-23-21-19-22-49-20-48-25|27-29-31-34-50-91-80|92-33-30-28-26-32-93|95-62-67-71-94-96-54|65-52-99-57-86-74-24|63-76-85-84-56-66|59-75-87-97-58-77|39-42-44-41-35-37|64-51-18-89|45-2-79-8-3-1-4-100-70|69-98-88-7-6-46-55|5-73-53|72-36-38-40-43-68|61-81-90
144,16,1757.3976,386.3578,159.0,233.8218,0,16,15.216716,15.231828,True,82-12-11-9-10-13-17|14-47-16-15-78-60|83-23-21-19-22-49-20-48-25|27-29-31-34-50-91-80|92-33-30-28-26-32-93|95-62-67-71-94-96-54|65-52-99-57-86-74-24|63-76-85-84-56-66|59-75-87-97-58-77|39-42-44-41-35-37|64-51-18-89|45-2-79-8-3-1-4-100-70|69-98-88-7-6-46-55|5-73-53|72-36-38-40-43-68|61-81-90
145,16,1757.8681,426.4088,155.0,232.6101,0,16,15.357864,15.378543,True,82-12-11-9-10-13-17|14-47-16-15-78-55-68|83-23-21-19-22-20-48-24|27-29-31-34-50-91-80|92-33-30-28-26-32-93|72-39-36-40-38-41-54-96|62-67-71-94|69-98-88-53-3-1-70|65-52-99-57-86-74-25|95-63-76-85-84-56-66|61-81-90|59-75-87-97-58-77|42-44-43-37-35|64-51-18-49-89|2-7-8-79-60|45-5-73-6-46-4-100
146,16,1757.8681,426.4088,155.0,232.6101,0,16,15.357864,15.378543,True,82-12-11-9-10-13-17|14-47-16-15-78-55-68|83-23-21-19-22-20-48-24|27-29-31-34-50-91-80|92-33-30-28-26-32-93|72-39-36-40-38-41-54-96|62-67-71-94|69-98-88-53-3-1-70|65-52-99-57-86-74-25|95-63-76-85-84-56-66|61-81-90|59-75-87-97-58-77|42-44-43-37-35|64-51-18-49-89|2-7-8-79-60|45-5-73-6-46-4-100
147,16,1760.4346,414.827,159.0,232.672,0,16,16.127812,16.147933,True,82-12-16-9-10-13-17|14-47-15-11-78-60-100-70|83-23-21-19-22-49-20-48-25|27-29-31-34-50-80|92-33-30-28-26-32-93|72-39-36-40-38-41-54-96|95-62-67-71-94|45-73-79-6-55|69-98-88-53-46-4-1|65-52-99-57-86-74-24|63-76-85-84-56-66|61-81-90|59-75-87-97-58-77|42-44-43-37-35|64-51-18-89-91|2-5-8-7-3-68
148,17,1761.5607,603.7347,116.0,224.4748,0,17,27.684015,27.72758,True,5-45-2-7-6-8-46-4-100|82-12-11-9-10-13-17|14-47-16-15-78-55-68|65-52-57-22-49-20-24|83-23-21-19-18-48-25|27-29-31-34-50-80|92-33-30-28-26-32-93|42-39-36-40-41-54|72-38-44-43-37-35|95-62-67-71-94-96|99-86-87-77|63-85-84-56-66|88-73-79-60|64-51-76-89-91|61-81-3-1-70|69-98-90-53|59-75-97-74-58
149,17,1761.5607,603.7347,116.0,224.4748,0,17,27.684015,27.72758,True,5-45-2-7-6-8-46-4-100|82-12-11-9-10-13-17|14-47-16-15-78-55-68|65-52-57-22-49-20-24|83-23-21-19-18-48-25|27-29-31-34-50-80|92-33-30-28-26-32-93|42-39-36-40-41-54|72-38-44-43-37-35|95-62-67-71-94-96|99-86-87-77|63-85-84-56-66|88-73-79-60|64-51-76-89-91|61-81-3-1-70|69-98-90-53|59-75-97-74-58
150,17,1761.9168,600.136,138.0,228.7232,0,17,27.144207,27.190176,True,5-45-2-7-6-8-46-4-100|82-11-15-9-10-13-17|14-47-16-12-78-60|65-57-22-49-20-24|83-23-21-19-18-48-25|27-29-31-34-50-80|92-33-30-28-26-32-93|72-39-36-38-41-54-96|42-44-40-43-37-35|95-62-67-71-94|63-76-85-84-56-66|88-73-79-55-68|64-51-89-91|69-98-53-3-1-70|59-75-87-97-74-58|61-81-90|52-99-86-77
151,16,1764.0472,447.3078,138.0,234.2099,0,16,17.211599,17.235807,True,5-45-2-7-6-8-46-4-100|82-12-11-9-10-13-17|14-47-16-15-78-60|83-23-21-18-22-49-20-24-48|27-29-31-34-50-91-80|92-33-30-28-26-32-93|72-39-36-40-41-54-96|95-62-67-71-94-89|98-88-73-79-55-68|69-53-3-1-70|65-52-99-57-86-74-25|63-76-85-84-56|61-81-90|59-75-87-97-58-77|42-38-44-43-37-35|64-19-51-66
152,16,1764.0472,447.3078,138.0,234.2099,0,16,17.211599,17.235807,True,5-45-2-7-6-8-46-4-100|82-12-11-9-10-13-17|14-47-16-15-78-60|83-23-21-18-22-49-20-24-48|27-29-31-34-50-91-80|92-33-30-28-26-32-93|72-39-36-40-41-54-96|95-62-67-71-94-89|98-88-73-79-55-68|69-53-3-1-70|65-52-99-57-86-74-25|63-76-85-84-56|61-81-90|59-75-87-97-58-77|42-38-44-43-37-35|64-19-51-66
153,17,1764.3311,586.8406,155.0,228.7232,0,17,25.149903,25.196302,True,5-45-2-7-6-8-3-1-100|82-12-11-9-10-13-17|14-47-16-15-78-60|65-52-57-22-49-20-24|83-23-21-19-18-48-25|72-39-36-40-38-41-54-96|42-44-43-37-35|69-98-53-46-4-70|33-28-31-30-34-50-80|29-27-26-32-93|92-62-67-85-84-56-66|64-99-86-77|61-81-90|88-73-79-55-68|95-63-51-76-89-91|59-75-87-97-74-58|71-94
154,17,1764.3311,586.8406,155.0,228.7232,0,17,25.149903,25.196302,True,5-45-2-7-6-8-3-1-100|82-12-11-9-10-13-17|14-47-16-15-78-60|65-52-57-22-49-20-24|83-23-21-19-18-48-25|72-39-36-40-38-41-54-96|42-44-43-37-35|69-98-53-46-4-70|33-28-31-30-34-50-80|29-27-26-32-93|92-62-67-85-84-56-66|64-99-86-77|61-81-90|88-73-79-55-68|95-63-51-76-89-91|59-75-87-97-74-58|71-94
155,17,1764.3633,551.0695,140.0,232.6101,0,17,19.784238,19.824365,True,5-45-2-7-6-8-46-4-100|82-12-11-9-10-13-17|14-47-16-15-78-60|99-57-22-20-24|83-23-21-19-18-49-48-25|42-39-36-44-40-43-54|72-71-38-41-35-37|65-52-86-87-74|69-98-73-79-55-68|95-63-51-76-89-91|88-53-3-1-70|59-75-97-58-77|33-28-31-34-50-80|92-29-27-30-26-32-93|64-90|62-67-85-84-56-66|61-81-94-96
156,17,1764.3633,551.0695,140.0,232.6101,0,17,19.784238,19.824365,True,5-45-2-7-6-8-46-4-100|82-12-11-9-10-13-17|14-47-16-15-78-60|99-57-22-20-24|83-23-21-19-18-49-48-25|42-39-36-44-40-43-54|72-71-38-41-35-37|65-52-86-87-74|69-98-73-79-55-68|95-63-51-76-89-91|88-53-3-1-70|59-75-97-58-77|33-28-31-34-50-80|92-29-27-30-26-32-93|64-90|62-67-85-84-56-66|61-81-94-96
157,16,1764.4098,398.0047,145.0,232.672,0,16,17.320373,17.337763,True,14-47-16-15-78-60|83-23-21-19-22-49-20-48-25|27-29-31-34-50-91-80|92-33-30-28-26-32-93|95-62-67-71-94-96|63-76-85-84-56-66|59-75-87-97-58-77|72-39-36-38-40-43-37-35|65-52-99-57-86-74-24|45-73-79-8-46-4-100|64-51-18-89|82-12-11-9-10-13-17|69-98-90-53-55-68|2-5-7-6-3-1-70|42-44-61-81|88-41-54
158,16,1764.4098,398.0047,145.0,232.672,0,16,17.320373,17.337763,True,14-47-16-15-78-60|83-23-21-19-22-49-20-48-25|27-29-31-34-50-91-80|92-33-30-28-26-32-93|95-62-67-71-94-96|63-76-85-84-56-66|59-75-87-97-58-77|72-39-36-38-40-43-37-35|65-52-99-57-86-74-24|45-73-79-8-46-4-100|64-51-18-89|82-12-11-9-10-13-17|69-98-90-53-55-68|2-5-7-6-3-1-70|42-44-61-81|88-41-54
159,16,1766.5249,377.4644,168.0,233.8218,0,16,17.954902,17.972318,True,82-12-11-9-10-13-17|14-47-16-15-78-60|83-23-21-19-22-49-20-48-25|27-29-31-34-50-91-80|92-33-30-28-26-32-93|95-62-67-71-94-96|65-52-99-57-86-74-24|63-76-85-84-56-66|59-75-87-97-58-77|45-2-79-8-3-1-4-100-70|69-98-88-7-6-46-55|90-81|5-73-53|64-51-18-89|42-39-36-44-41-54-68|72-61-38-40-43-37-35
160,16,1766.5249,377.4644,168.0,233.8218,0,16,17.954902,17.972318,True,82-12-11-9-10-13-17|14-47-16-15-78-60|83-23-21-19-22-49-20-48-25|27-29-31-34-50-91-80|92-33-30-28-26-32-93|95-62-67-71-94-96|65-52-99-57-86-74-24|63-76-85-84-56-66|59-75-87-97-58-77|45-2-79-8-3-1-4-100-70|69-98-88-7-6-46-55|90-81|5-73-53|64-51-18-89|42-39-36-44-41-54-68|72-61-38-40-43-37-35
161,16,1766.7265,367.1252,161.0,234.6455,0,16,18.01537,18.030719,True,5-45-2-7-6-8-46-4-1-100|83-23-21-19-22-49-20-24-25|27-29-31-34-50-91-80|92-33-30-28-26-32-93|69-88-3-43-70|65-52-99-57-86-74|63-76-85-84-56-66|59-75-87-97-58-77|72-42-44-40-38-41-35-37|95-62-51-18-89-48|14-47-11-15-16-9-10-13-17|98-73-79-60|36-39-61-81-68|71-67-94-96-54|64-90|82-12-78-53-55
162,16,1766.7265,367.1252,161.0,234.6455,0,16,18.01537,18.030719,True,5-45-2-7-6-8-46-4-1-100|83-23-21-19-22-49-20-24-25|27-29-31-34-50-91-80|92-33-30-28-26-32-93|69-88-3-43-70|65-52-99-57-86-74|63-76-85-84-56-66|59-75-87-97-58-77|72-42-44-40-38-41-35-37|95-62-51-18-89-48|14-47-11-15-16-9-10-13-17|98-73-79-60|36-39-61-81-68|71-67-94-96-54|64-90|82-12-78-53-55
163,17,1767.1611,561.2793,128.0,233.2195,0,17,21.315703,21.357091,True,5-45-7-6-8-46-60|82-12-78-53-10-13-17|14-47-15-16-9-87-58-77|65-52-86-22-49-20-24|83-23-21-19-18-48-25|27-29-31-34-50-80|92-33-30-28-26-32-93|72-39-36-38-41-43-54|42-44-40-35-37|95-62-67-71-94-96|11-99-57-66|63-85-84-56|98-88-73-79-55-68|64-51-76-89-91|69-2-3-1-4-100-70|59-75-97-74|61-81-90
164,17,1767.6129,582.2529,155.0,230.6164,0,17,24.461747,24.508726,True,5-45-7-6-8-46-4-60|82-53-78-10-13-17|14-47-11-15-16-9-74-77|65-52-86-22-49-20-24|27-29-31-34-50-80|92-33-30-28-26-32-93|72-39-36-40-38-41-54-96|42-44-43-37-35|95-62-67-71-94|12-99-57-66|63-85-84-56|98-88-73-79-55-68|64-51-76-89-91|69-2-3-1-70-100|59-75-87-97-58|61-81-90|83-23-21-19-18-48-25
165,16,1767.6997,395.1071,154.0,233.8218,0,16,18.307337,18.326351,True,82-12-11-9-10-13-17|14-47-16-15-78-60|83-23-21-19-22-49-20-48-25|27-29-31-34-50-91-80|92-33-30-28-26-32-93|90-81-54-96|95-62-67-71-94|65-52-99-57-86-74-24|63-76-85-84-56-66|59-75-87-97-58-77|42-39-36-44-38-35-37|64-51-18-89|45-2-79-8-3-1-4-100-70|69-98-88-7-6-46-55|5-73-53|72-61-41-40-43-68
166,17,1768.121,559.4544,128.0,232.6101,0,17,21.041972,21.083284,True,5-45-2-8-79-46-4-100|82-12-11-9-10-13-17|14-47-16-73-78-60|65-52-57-22-49-20-24|83-23-21-19-18-48-25|27-29-31-34-50-80|92-33-30-28-26-32-93|72-39-36-41-54-96|42-44-38-40-43-37-35|95-62-67-71-94|15-99-86-74|63-85-84-56-66|88-7-6-55-68|64-51-76-89-91|69-98-53-3-1-70|59-75-87-97-58-77|61-81-90
167,16,1768.151,389.701,151.0,232.672,0,16,18.442735,18.460601,True,5-45-2-7-6-8-46-4-1|82-12-11-9-10-13-17|83-23-21-19-22-49-20-48-25|27-29-31-34-50-91-80|92-33-30-28-26-32-93|65-52-99-57-86-74-24|63-76-85-84-56-66|59-75-87-97-58-77|95-62-67-71-94-96|14-47-73-79-78-60-100-70|69-98-88-53-55|64-51-18-89|72-42-61-90|15-16-3-68|39-36-38-44-40-43-37-35|81-41-54
168,16,1768.151,389.701,151.0,232.672,0,16,18.442735,18.460601,True,5-45-2-7-6-8-46-4-1|82-12-11-9-10-13-17|83-23-21-19-22-49-20-48-25|27-29-31-34-50-91-80|92-33-30-28-26-32-93|65-52-99-57-86-74-24|63-76-85-84-56-66|59-75-87-97-58-77|95-62-67-71-94-96|14-47-73-79-78-60-100-70|69-98-88-53-55|64-51-18-89|72-42-61-90|15-16-3-68|39-36-38-44-40-43-37-35|81-41-54
169,17,1768.4997,566.4866,119.0,233.2195,0,17,22.096801,22.138472,True,5-45-2-7-6-8-46-55|82-12-78-53-10-13-17|14-47-11-15-16-9-60|52-86-22-49-20-24|83-23-21-19-18-48-25|27-29-31-34-50-80|92-33-30-28-26-32-93|72-39-36-38-54-96|42-44-41-40-43-37-35|62-67-71-94|65-99-57-74|95-63-85-84-56-66|69-98-73-79-68|64-51-76-89-91|88-3-1-4-100-70|59-75-87-97-58-77|61-81-90
170,17,1768.4997,566.4866,119.0,233.2195,0,17,22.096801,22.138472,True,5-45-2-7-6-8-46-55|82-12-78-53-10-13-17|14-47-11-15-16-9-60|52-86-22-49-20-24|83-23-21-19-18-48-25|27-29-31-34-50-80|92-33-30-28-26-32-93|72-39-36-38-54-96|42-44-41-40-43-37-35|62-67-71-94|65-99-57-74|95-63-85-84-56-66|69-98-73-79-68|64-51-76-89-91|88-3-1-4-100-70|59-75-87-97-58-77|61-81-90
171,16,1769.0181,386.1142,159.0,235.7274,0,16,18.702858,18.721705,True,82-12-11-9-10-13-17|14-47-16-15-78-55-68|83-23-21-19-22-49-20-48-25|27-29-31-34-50-91-80|92-33-30-28-26-32-93|72-39-36-40-38-41-54-96|95-62-67-71-94|69-98-88-53-46|65-52-99-57-86-74-24|63-76-85-84-56-66|61-81-90|59-75-87-97-58-77|42-44-43-37-35|64-51-18-89|45-2-7-8-79-60|5-73-6-3-1-4-100-70
172,16,1770.1383,380.4442,164.0,233.8218,0,16,19.038922,19.057468,True,83-23-21-19-22-20-48-25|27-29-31-34-50-91-80|92-33-30-28-26-32-93|95-62-67-71-94-96-54|65-52-99-57-86-74-24|63-76-85-84-56-66|59-75-87-97-58-77|42-39-36-44-41-35-37|64-51-18-49-89|45-79-8-3-1-4-100-70|69-98-88-7-6-46-55|5-2-73-78-60|72-61-38-40-43-68|90-81|14-47-11-15-16-9-10-13-17|82-12-53
173,16,1770.1383,380.4442,164.0,233.8218,0,16,19.038922,19.057468,True,83-23-21-19-22-20-48-25|27-29-31-34-50-91-80|92-33-30-28-26-32-93|95-62-67-71-94-96-54|65-52-99-57-86-74-24|63-76-85-84-56-66|59-75-87-97-58-77|42-39-36-44-41-35-37|64-51-18-49-89|45-79-8-3-1-4-100-70|69-98-88-7-6-46-55|5-2-73-78-60|72-61-38-40-43-68|90-81|14-47-11-15-16-9-10-13-17|82-12-53
174,16,1771.3941,383.7567,160.0,233.8218,0,16,19.415664,19.434684,True,82-12-11-9-10-13-17|14-47-16-15-78-60|83-23-21-19-22-20-48-25|27-29-31-34-50-91-80|92-33-30-28-26-32-93|90-81|95-62-67-71-94-96|65-52-99-57-86-74-24|63-76-85-84-56-66|59-75-87-97-58-77|64-51-18-49-89|45-2-79-8-3-1-4-100-70|69-98-88-7-6-46-55|5-73-53|42-39-36-44-40-43-37-35|72-61-38-41-54-68
175,16,1771.5568,419.0408,129.0,234.2099,0,16,19.464471,19.485791,True,82-11-16-9-10-13-17|14-47-15-12-78-60-100-70|83-23-21-18-22-49-20-24-48|27-29-31-34-50-80|92-33-30-28-26-32-93|72-39-36-40-38-41-54|95-62-67-71-94-96|45-73-79-6-55|69-98-88-53-46-4-1|65-52-99-57-86-74-25|63-76-85-84-56-66|61-81-90|59-75-87-97-58-77|42-44-43-37-35|64-19-51-89-91|2-5-8-7-3-68
176,16,1771.5568,419.0408,129.0,234.2099,0,16,19.464471,19.485791,True,82-11-16-9-10-13-17|14-47-15-12-78-60-100-70|83-23-21-18-22-49-20-24-48|27-29-31-34-50-80|92-33-30-28-26-32-93|72-39-36-40-38-41-54|95-62-67-71-94-96|45-73-79-6-55|69-98-88-53-46-4-1|65-52-99-57-86-74-25|63-76-85-84-56-66|61-81-90|59-75-87-97-58-77|42-44-43-37-35|64-19-51-89-91|2-5-8-7-3-68
177,16,1772.8353,357.8994,161.0,234.6455,0,16,19.848014,19.863812,True,5-45-2-7-6-8-46-4-1-100|83-23-21-19-22-49-20-24-25|27-29-31-34-50-91-80|92-33-30-28-26-32-93|14-47-15-12-53-55-68|69-98-88-3-43-70|82-99-57-86-74|95-63-76-85-84-56-66|59-75-87-97-58-77|72-42-44-40-38-41-35-37|62-51-18-89-48|65-52-11-16-9-10-13-17|73-79-78-60|36-39-61-81|64-90|71-67-94-96-54
178,16,1772.8353,357.8994,161.0,234.6455,0,16,19.848014,19.863812,True,5-45-2-7-6-8-46-4-1-100|83-23-21-19-22-49-20-24-25|27-29-31-34-50-91-80|92-33-30-28-26-32-93|14-47-15-12-53-55-68|69-98-88-3-43-70|82-99-57-86-74|95-63-76-85-84-56-66|59-75-87-97-58-77|72-42-44-40-38-41-35-37|62-51-18-89-48|65-52-11-16-9-10-13-17|73-79-78-60|36-39-61-81|64-90|71-67-94-96-54
179,16,1773.1984,387.9881,154.0,234.6455,0,16,19.956956,19.976676,True,82-12-11-9-10-13-17|14-47-16-15-78-60|83-23-21-19-22-49-20-24-25|27-29-31-34-50-91-80|92-33-30-28-26-32-93|90-81-54-96|95-62-67-71-94|65-52-99-57-86-74|63-76-85-84-56-66|59-75-87-97-58-77|42-39-36-44-41-35-37|64-51-18-89-48|45-2-79-8-3-1-4-100-70|69-98-88-7-6-46-55|5-73-53|72-61-38-40-43-68
180,16,1773.6474,381.3554,134.0,239.4535,0,16,20.091649,20.10923,True,47-14-12-9-53|45-73-79-78-10-13|83-23-21-19-22-49-20-48-25|27-29-31-34-50-91-80|92-33-30-28-26-32-93|72-39-36-40-38-41-54-96|95-62-67-71-94|2-5-8-6-46-3-1-4-100-70|65-52-99-57-86-74-24|63-76-85-84-56-66|69-98-90-81|59-75-87-97-58-77|42-44-61-43-37-35|64-51-18-89|88-7-55-68|82-11-15-16-17-60
181,16,1773.6474,381.3554,134.0,239.4535,0,16,20.091649,20.10923,True,47-14-12-9-53|45-73-79-78-10-13|83-23-21-19-22-49-20-48-25|27-29-31-34-50-91-80|92-33-30-28-26-32-93|72-39-36-40-38-41-54-96|95-62-67-71-94|2-5-8-6-46-3-1-4-100-70|65-52-99-57-86-74-24|63-76-85-84-56-66|69-98-90-81|59-75-87-97-58-77|42-44-61-43-37-35|64-51-18-89|88-7-55-68|82-11-15-16-17-60
182,17,1775.4078,549.2414,155.0,228.7232,0,17,20.61977,20.663852,True,5-45-2-7-6-8-46-4-100|82-12-11-9-10-13-17|14-47-16-15-78-60|27-29-31-34-50-80|92-33-30-28-26-32-93|72-39-36-40-38-41-54-96|95-62-67-71-94|88-73-79-55-68|69-98-53-3-1-70|61-81-90|59-75-87-97-74-58|42-44-43-37-35|99-57-86-77-25|64-84-85-89-91|83-19-21-18-49-20-48-24|63-76-51-56-66|65-52-23-22
183,17,1775.4078,549.2414,155.0,228.7232,0,17,20.61977,20.663852,True,5-45-2-7-6-8-46-4-100|82-12-11-9-10-13-17|14-47-16-15-78-60|27-29-31-34-50-80|92-33-30-28-26-32-93|72-39-36-40-38-41-54-96|95-62-67-71-94|88-73-79-55-68|69-98-53-3-1-70|61-81-90|59-75-87-97-74-58|42-44-43-37-35|99-57-86-77-25|64-84-85-89-91|83-19-21-18-49-20-48-24|63-76-51-56-66|65-52-23-22
184,16,1775.8754,387.9881,154.0,233.8218,0,16,20.760045,20.780444,True,82-12-11-9-10-13-17|14-47-16-15-78-60|83-23-21-19-22-49-20-48-25|27-29-31-34-50-91-80|92-33-30-28-26-32-93|90-81-54-96|95-62-67-71-94|65-52-99-57-86-74-24|63-76-85-84-56-66|59-75-87-97-58-77|42-39-36-44-41-35-37|64-51-18-89|45-2-79-8-3-1-4-100-70|69-98-88-7-6-46-55|5-73-53|72-61-38-40-43-68
185,17,1776.0555,568.0679,121.0,232.6101,0,17,22.333991,22.378275,True,5-45-2-7-8-46-4-100|82-12-11-9-10-13-17|14-47-15-16-73-60|65-52-57-22-49-20-24|83-23-21-19-18-48-25|72-39-36-40-38-41-54|42-44-61-43-37-35|99-86-74|88-78-53-55-68|92-95-63-51-76-89-91|69-98-79-6-3-1-70|59-75-87-97-58-77|33-28-31-34-50-80|29-27-30-26-32-93|71-67-94-96|64-90-81|62-85-84-56-66
186,17,1776.0555,568.0679,121.0,232.6101,0,17,22.333991,22.378275,True,5-45-2-7-8-46-4-100|82-12-11-9-10-13-17|14-47-15-16-73-60|65-52-57-22-49-20-24|83-23-21-19-18-48-25|72-39-36-40-38-41-54|42-44-61-43-37-35|99-86-74|88-78-53-55-68|92-95-63-51-76-89-91|69-98-79-6-3-1-70|59-75-87-97-58-77|33-28-31-34-50-80|29-27-30-26-32-93|71-67-94-96|64-90-81|62-85-84-56-66
187,16,1777.834,378.1306,170.0,232.672,0,16,21.347624,21.36856,True,5-45-2-7-6-8-46-4-100-70|12-15-16-9-10-13-17|27-29-31-34-50-80|92-33-30-28-26-32-93|72-39-36-40-38-41-54-96|65-52-99-57-86-74-24|63-76-85-84-56-66|59-75-87-97-58-77|42-61-81-43-37-35|95-62-67-71-94|14-47-73-79-3-1-60|69-98-88-55-68|64-51-18-89-91|44-90|83-23-21-19-22-49-20-48-25|82-11-78-53
188,16,1777.834,378.1306,170.0,232.672,0,16,21.347624,21.36856,True,5-45-2-7-6-8-46-4-100-70|12-15-16-9-10-13-17|27-29-31-34-50-80|92-33-30-28-26-32-93|72-39-36-40-38-41-54-96|65-52-99-57-86-74-24|63-76-85-84-56-66|59-75-87-97-58-77|42-61-81-43-37-35|95-62-67-71-94|14-47-73-79-3-1-60|69-98-88-55-68|64-51-18-89-91|44-90|83-23-21-19-22-49-20-48-25|82-11-78-53
189,17,1778.1262,536.892,140.0,232.6101,0,17,21.435284,21.477413,True,5-45-2-7-6-8-46-4-100|82-12-11-9-10-13-17|14-47-16-15-78-60|99-57-22-20-24|83-23-21-19-18-49-48-25|72-39-36-40-38-41-54|42-44-61-43-37-35|65-52-86-74|88-73-79-55-68|95-63-51-76-89-91|69-98-53-3-1-70|59-75-87-97-58-77|33-29-31-34-50-80|92-27-28-30-26-32-93|71-81-94-96|64-90|62-67-85-84-56-66
190,17,1778.1262,536.892,140.0,232.6101,0,17,21.435284,21.477413,True,5-45-2-7-6-8-46-4-100|82-12-11-9-10-13-17|14-47-16-15-78-60|99-57-22-20-24|83-23-21-19-18-49-48-25|72-39-36-40-38-41-54|42-44-61-43-37-35|65-52-86-74|88-73-79-55-68|95-63-51-76-89-91|69-98-53-3-1-70|59-75-87-97-58-77|33-29-31-34-50-80|92-27-28-30-26-32-93|71-81-94-96|64-90|62-67-85-84-56-66
191,16,1778.8196,374.8923,168.0,233.8218,0,16,21.643302,21.66402,True,82-12-11-9-10-13-17|14-47-16-15-78-60|83-23-21-19-22-49-20-48-25|27-29-31-34-50-91-80|92-33-30-28-26-32-93|90-81|95-62-67-71-94-96-68|65-52-99-57-86-74-24|63-76-85-84-56-66|59-75-87-97-58-77|64-51-18-89|45-2-79-8-3-1-4-100-70|69-98-88-7-6-46-55|5-73-53|42-39-36-44-38-37-54|72-61-41-40-43-35
192,16,1781.1859,389.5268,168.0,232.672,0,16,22.353204,22.376655,True,5-45-2-7-6-8-46-4-100|82-12-11-9-10-13-17|14-47-16-15-78-60|83-23-21-19-22-49-20-48-25|27-29-31-34-50-91-80|92-33-30-28-26-32-93|72-39-36-40-38-41-54-96|95-62-67-71-94|69-98-53-3-1-70|65-52-99-57-86-74-24|63-76-85-84-56-66|59-75-87-97-58-77|42-61-81-43-37-35|88-73-79-55-68|64-51-18-89|44-90
193,16,1781.1859,389.5268,168.0,232.672,0,16,22.353204,22.376655,True,5-45-2-7-6-8-46-4-100|82-12-11-9-10-13-17|14-47-16-15-78-60|83-23-21-19-22-49-20-48-25|27-29-31-34-50-91-80|92-33-30-28-26-32-93|72-39-36-40-38-41-54-96|95-62-67-71-94|69-98-53-3-1-70|65-52-99-57-86-74-24|63-76-85-84-56-66|59-75-87-97-58-77|42-61-81-43-37-35|88-73-79-55-68|64-51-18-89|44-90
194,16,1781.1859,389.5268,168.0,232.672,0,16,22.353204,22.376655,True,5-45-2-7-6-8-46-4-100|82-12-11-9-10-13-17|14-47-16-15-78-60|83-23-21-19-22-49-20-48-25|27-29-31-34-50-91-80|92-33-30-28-26-32-93|72-39-36-40-38-41-54-96|95-62-67-71-94|69-98-53-3-1-70|65-52-99-57-86-74-24|63-76-85-84-56-66|59-75-87-97-58-77|42-61-81-43-37-35|88-73-79-55-68|64-51-18-89|44-90
195,16,1781.3182,365.7847,146.0,235.5908,0,16,22.392901,22.411068,True,83-23-21-19-18-49-48-24|92-33-30-28-26-32-93|95-62-67-71-94-96-54-68|63-76-85-84-56-66|59-75-87-97-58-77|72-42-44-40-38-41-35-37|65-52-99-57-86-74-25|45-73-79-8-46-4-1-70-100|82-12-11-9-10-13-17|27-29-31-34-50-91-80|36-39-61-81-43|14-47-16-15-78-60|2-5-7-6-3-55|69-98-88-90|64-51-22-20-89|53
196,16,1781.4867,397.0199,146.0,233.8218,0,16,22.443455,22.466092,True,82-12-11-9-10-13-17|14-47-16-15-78-60|83-23-21-19-22-20-48-25|27-29-31-34-50-91-80|92-33-30-28-26-32-93|90-81-68|95-62-67-71-94-96|65-52-99-57-86-74-24|63-76-85-84-56-66|59-75-87-97-58-77|42-39-36-44-41-35-37|64-51-18-49-89|45-2-79-8-3-1-4-100-70|69-98-88-7-6-46-55|5-73-53|72-61-38-40-43-54
197,16,1781.659,389.0536,168.0,232.672,0,16,22.495145,22.518667,True,5-45-2-7-6-8-46-4-100|82-12-11-9-10-13-17|14-47-16-15-78-60|83-23-21-19-22-49-20-48-25|27-29-31-34-50-91-80|92-33-30-28-26-32-93|72-39-36-40-38-41-54-96|95-62-67-71-94|98-53-3-1-70|65-52-99-57-86-74-24|63-76-85-84-56-66|59-75-87-97-58-77|42-61-81-43-37-35|69-88-73-79-55-68|64-51-18-89|44-90
198,17,1782.4625,561.4748,125.0,233.422,0,17,22.736168,22.781907,True,5-45-2-7-6-8-46-55|82-12-11-9-10-13-60|14-47-16-15-57-74|65-52-86-22-49-20-24|83-23-21-19-18-48-25|27-29-31-34-50-80|92-33-30-28-26-32-93|72-39-36-38-41-54-96|42-44-40-43-37-35|62-67-71-94|95-63-85-84-56-66|69-88-73-79-68|64-51-76-89-91|98-78-3-1-4-100-70|59-75-87-97-58-77|61-81-90|99-53-17
199,17,1782.4625,561.4748,125.0,233.422,0,17,22.736168,22.781907,True,5-45-2-7-6-8-46-55|82-12-11-9-10-13-60|14-47-16-15-57-74|65-52-86-22-49-20-24|83-23-21-19-18-48-25|27-29-31-34-50-80|92-33-30-28-26-32-93|72-39-36-38-41-54-96|42-44-40-43-37-35|62-67-71-94|95-63-85-84-56-66|69-88-73-79-68|64-51-76-89-91|98-78-3-1-4-100-70|59-75-87-97-58-77|61-81-90|99-53-17
200,16,1783.011,475.6448,114.0,234.0444,0,16,22.900721,22.932443,True,64-51-85-84-56-91|39-42-44-41-40-43-37-35|90-53-10-13-17|82-52-99-57-20-25-24|72-36-38-81-54-96|14-47-15-16-9-87-97-58|95-63-76-18-89-48|65-59-75-86-74-77|11-12-73-78-55-68|69-98-88-60|27-29-31-34-50-80|83-23-21-19-22-49-66|92-33-30-28-26-32-93|5-45-2-7-6-8-3-1-70|61-79-46-4-100|62-67-71-94
201,16,1783.011,475.6448,114.0,234.0444,0,16,22.900721,22.932443,True,64-51-85-84-56-91|39-42-44-41-40-43-37-35|90-53-10-13-17|82-52-99-57-20-25-24|72-36-38-81-54-96|14-47-15-16-9-87-97-58|95-63-76-18-89-48|65-59-75-86-74-77|11-12-73-78-55-68|69-98-88-60|27-29-31-34-50-80|83-23-21-19-22-49-66|92-33-30-28-26-32-93|5-45-2-7-6-8-3-1-70|61-79-46-4-100|62-67-71-94
202,16,1783.0158,401.817,139.0,234.1123,0,16,22.90218,22.925339,True,82-12-11-9-10-13-17|14-47-16-15-78-60-100-70|83-23-21-18-22-49-20-24-25|27-29-31-34-50-91-80|92-33-30-28-26-32-93|72-39-36-40-38-41-54|95-62-67-71-94-96|45-73-79-6-55|69-98-88-53-46-4-1|65-52-99-86-87-97-74|63-76-85-84-56-66|61-81-90|59-75-57-77-58|42-44-43-37-35|64-19-51-89-48|2-5-8-7-3-68
203,16,1783.0158,401.817,139.0,234.1123,0,16,22.90218,22.925339,True,82-12-11-9-10-13-17|14-47-16-15-78-60-100-70|83-23-21-18-22-49-20-24-25|27-29-31-34-50-91-80|92-33-30-28-26-32-93|72-39-36-40-38-41-54|95-62-67-71-94-96|45-73-79-6-55|69-98-88-53-46-4-1|65-52-99-86-87-97-74|63-76-85-84-56-66|61-81-90|59-75-57-77-58|42-44-43-37-35|64-19-51-89-48|2-5-8-7-3-68
204,17,1783.237,551.4378,128.0,233.2195,0,17,22.968528,23.013263,True,5-45-7-6-8-46-55-60|12-78-53-10-13-17|14-47-11-15-16-9-58-77|65-52-86-22-49-20-24|83-23-21-19-18-48-25|92-28-27-29-34-50-80|33-30-31-26-32-93|72-39-36-38-41-54|42-44-40-43-37-35|95-62-67-71-94-96|82-99-57-66|63-85-84-56|98-88-73-79-68|64-51-76-89-91|69-2-3-1-4-100-70|59-75-87-97-74|61-81-90
205,17,1783.237,551.4378,128.0,233.2195,0,17,22.968528,23.013263,True,5-45-7-6-8-46-55-60|12-78-53-10-13-17|14-47-11-15-16-9-58-77|65-52-86-22-49-20-24|83-23-21-19-18-48-25|92-28-27-29-34-50-80|33-30-31-26-32-93|72-39-36-38-41-54|42-44-40-43-37-35|95-62-67-71-94-96|82-99-57-66|63-85-84-56|98-88-73-79-68|64-51-76-89-91|69-2-3-1-4-100-70|59-75-87-97-74|61-81-90
206,16,1783.324,373.6464,160.0,234.6455,0,16,22.994628,23.015835,True,5-45-2-7-6-8-46-4-1-100|83-23-21-19-22-49-20-25|27-29-31-34-50-91-80|92-33-30-28-26-32-93|69-3-43-70|65-52-99-57-86-74-24|95-63-76-85-84-56-66|59-75-87-97-58-77|72-42-44-40-38-41-35-37|62-51-18-89-48|14-47-11-15-16-9-10-13-17|98-88-73-79-60|36-39-61-81-68|71-67-94-96-54|64-90|82-12-78-53-55
207,16,1784.1133,384.0336,154.0,233.8218,0,16,23.231433,23.253711,True,82-11-16-9-10-13-17|14-47-15-12-78-60|83-23-21-19-22-49-20-48-25|27-29-31-34-50-91-80|92-33-30-28-26-32-93|90-81-68|95-62-67-71-94-96|65-52-99-57-86-74-24|63-76-85-84-56-66|59-75-87-97-58-77|42-39-36-44-41-35-37|64-51-18-89|45-2-79-8-3-1-4-100-70|69-98-88-7-6-46-55|5-73-53|72-61-38-40-43-54
208,16,1784.6922,359.1757,151.0,228.2427,0,16,23.405097,23.422683,True,39-42-44-41-40-43-37-35|14-47-16-15-9-97-58|11-12-73-78-55-68|92-33-30-28-26-32-93|5-45-2-7-6-8-3-1-70-100|95-62-67-71-94-50-91-80|72-36-38-81-54-96|65-52-99-57-86-74-77|64-51-22-20-48-25|27-29-31-34-89|82-90|63-76-85-84-56-66|59-75-87-10-13-17|61-79-46-4-60|69-98-88-53|83-23-21-19-18-49-24
209,16,1784.6922,359.1757,151.0,228.2427,0,16,23.405097,23.422683,True,39-42-44-41-40-43-37-35|14-47-16-15-9-97-58|11-12-73-78-55-68|92-33-30-28-26-32-93|5-45-2-7-6-8-3-1-70-100|95-62-67-71-94-50-91-80|72-36-38-81-54-96|65-52-99-57-86-74-77|64-51-22-20-48-25|27-29-31-34-89|82-90|63-76-85-84-56-66|59-75-87-10-13-17|61-79-46-4-60|69-98-88-53|83-23-21-19-18-49-24
210,16,1785.2634,345.9999,151.0,235.6733,0,16,23.576438,23.593334,True,39-42-44-41-40-43-37-35|14-47-16-15-9-97-58-77|11-12-73-78-55-68|92-33-30-28-26-32-93|5-45-2-7-6-8-3-1-70-100|95-62-67-71-94-50-91-80|72-36-38-81-54-96|65-83-52-99-57-86-74|64-76-22-20-48-25|23-21-19-18-49-24|27-29-31-34-89|82-90|63-51-85-84-56-66|59-75-87-10-13-17|61-79-46-4-60|69-98-88-53
211,16,1785.2634,345.9999,151.0,235.6733,0,16,23.576438,23.593334,True,39-42-44-41-40-43-37-35|14-47-16-15-9-97-58-77|11-12-73-78-55-68|92-33-30-28-26-32-93|5-45-2-7-6-8-3-1-70-100|95-62-67-71-94-50-91-80|72-36-38-81-54-96|65-83-52-99-57-86-74|64-76-22-20-48-25|23-21-19-18-49-24|27-29-31-34-89|82-90|63-51-85-84-56-66|59-75-87-10-13-17|61-79-46-4-60|69-98-88-53
212,16,1786.1153,395.5948,144.0,232.672,0,16,23.832028,23.855468,True,5-45-2-7-6-8-46-4-100|82-11-15-9-10-17-60|83-23-21-19-22-49-20-48-25|27-29-31-34-50-91-80|72-39-36-40-38-41-54-96|95-62-67-71-94|69-98-88-53-3-1-70|63-76-85-84-56-66|59-75-87-97-58-77|42-44-61-43-37-35|64-51-18-89|65-52-99-57-86-74-24|90-81-68-55|14-47-73-79-78-13|92-33-30-28-26-32-93|12-16
213,16,1786.1153,395.5948,144.0,232.672,0,16,23.832028,23.855468,True,5-45-2-7-6-8-46-4-100|82-11-15-9-10-17-60|83-23-21-19-22-49-20-48-25|27-29-31-34-50-91-80|72-39-36-40-38-41-54-96|95-62-67-71-94|69-98-88-53-3-1-70|63-76-85-84-56-66|59-75-87-97-58-77|42-44-61-43-37-35|64-51-18-89|65-52-99-57-86-74-24|90-81-68-55|14-47-73-79-78-13|92-33-30-28-26-32-93|12-16
214,16,1786.14,391.8094,146.0,233.8218,0,16,23.83943,23.862682,True,82-12-11-9-10-13-17|14-47-16-15-78-60|83-23-21-19-22-49-20-24-48|27-29-31-34-50-91-80|92-33-30-28-26-32-93|90-81-68|95-62-67-71-94-96|65-52-99-57-86-74-25|63-76-85-84-56-66|59-75-87-97-58-77|42-39-36-44-41-35-37|64-51-18-89|45-2-79-8-3-1-4-100-70|69-98-88-7-6-46-55|5-73-53|72-61-38-40-43-54
215,17,1787.7061,552.0541,138.0,232.6101,0,17,24.309274,24.356351,True,5-45-2-7-8-46-3-1-4-100|82-12-11-9-10-13-17|14-47-16-15-78-60|65-52-57-22-49-20-24|83-23-21-19-18-48-25|27-29-31-34-50-80|92-33-30-28-26-32-93|95-67-71-94|64-99-86-74|63-51-85-84-56-66|73-79-6-68|72-62-76-89-91|69-98-88-53-55-70|59-75-87-97-58-77|39-42-61-90|36-38-44-40-43-37-35|81-41-54-96
216,16,1789.1954,430.558,125.0,232.6101,0,16,24.756048,24.783747,True,5-45-2-7-6-8-46-4-100|82-11-15-16-9-10-13-17|64-22-49-20-24|83-23-21-19-18-48-25|27-29-31-34-50-91-80|92-33-30-28-26-32-93|72-39-36-40-38-41-54-96|95-62-67-71-94|63-76-51-85-56-66|69-98-88-53-3-1-70|59-75-87-97-58-77|65-52-99-57-86-74|42-61-81-90-55-68|14-47-73-79-78-60|44-43-37-35|12-84-89
217,16,1789.1954,430.558,125.0,232.6101,0,16,24.756048,24.783747,True,5-45-2-7-6-8-46-4-100|82-11-15-16-9-10-13-17|64-22-49-20-24|83-23-21-19-18-48-25|27-29-31-34-50-91-80|92-33-30-28-26-32-93|72-39-36-40-38-41-54-96|95-62-67-71-94|63-76-51-85-56-66|69-98-88-53-3-1-70|59-75-87-97-58-77|65-52-99-57-86-74|42-61-81-90-55-68|14-47-73-79-78-60|44-43-37-35|12-84-89
218,17,1789.6836,545.2567,123.0,232.6101,0,17,24.902515,24.947666,True,82-12-11-9-10-13-17|14-47-16-15-78-4-60|65-52-57-22-49-20-24|83-23-21-19-18-48-25|72-39-36-40-38-41-54|42-44-61-43-37-35|99-86-87-74|92-95-63-51-76-89-91|59-75-97-58-77|33-28-31-34-50-80|29-27-30-26-32-93|71-67-94-96|64-90-81|62-85-84-56-66|69-98-88-53-55-68|5-45-2-7-8-46-3-1-70-100|73-79-6
219,17,1789.6836,545.2567,123.0,232.6101,0,17,24.902515,24.947666,True,82-12-11-9-10-13-17|14-47-16-15-78-4-60|65-52-57-22-49-20-24|83-23-21-19-18-48-25|72-39-36-40-38-41-54|42-44-61-43-37-35|99-86-87-74|92-95-63-51-76-89-91|59-75-97-58-77|33-28-31-34-50-80|29-27-30-26-32-93|71-67-94-96|64-90-81|62-85-84-56-66|69-98-88-53-55-68|5-45-2-7-8-46-3-1-70-100|73-79-6
220,16,1790.1563,421.7375,118.0,236.3466,0,16,25.044312,25.070837,True,5-45-2-7-6-8-46-4-100|82-12-11-9-10-13-17|14-47-16-15-78-60|83-23-21-19-18-49-20-48-25|72-39-36-40-38-41-54|42-44-61-43-37-35|69-98-53-3-1-70|59-75-87-97-58-77|33-28-31-34-50-91-80|29-27-30-26-32-93|65-52-99-57-86-74-24|92-95-62-67-85-84-56-66|88-73-79-55-68|64-90-94|71-81-96|63-76-51-22-89
221,18,1790.5971,744.5123,160.0,223.2769,0,18,48.800648,48.878561,True,5-45-2-7-6-8-46-4-100|82-12-11-9-10-13-17|14-47-16-15-78-60|65-52-57-22-49-20-24|83-23-21-19-18-48-25|27-29-31-34-50-80|92-33-30-28-26-32-93|72-39-36-40-38-41-54-96|42-44-43-37-35|95-62-67-71-94|99-86-87-74|63-85-84-56-66|88-73-79-55-68|64-51-76-89-91|69-98-53-3-1-70|59-75-97-77|61-81-90|58
222,16,1791.591,339.4034,142.0,235.6733,0,16,25.474744,25.491648,True,39-42-44-41-40-43-37-35|14-47-16-15-9-97-58-77|11-12-73-78-55-68|92-33-30-28-26-32-93|5-45-2-7-6-8-3-1-70-100|95-62-67-71-94-50-91-80|72-36-38-81-54-96|65-83-52-99-57-86-74|64-76-22-20-48-25|23-21-19-18-49-24|27-29-31-34-89|98-82-90|63-51-85-84-56-66|59-75-87-10-13-17|61-79-46-4-60|69-88-53
223,16,1791.591,339.4034,142.0,235.6733,0,16,25.474744,25.491648,True,39-42-44-41-40-43-37-35|14-47-16-15-9-97-58-77|11-12-73-78-55-68|92-33-30-28-26-32-93|5-45-2-7-6-8-3-1-70-100|95-62-67-71-94-50-91-80|72-36-38-81-54-96|65-83-52-99-57-86-74|64-76-22-20-48-25|23-21-19-18-49-24|27-29-31-34-89|98-82-90|63-51-85-84-56-66|59-75-87-10-13-17|61-79-46-4-60|69-88-53
224,16,1791.6993,376.9769,125.0,236.3466,0,16,25.507208,25.528182,True,83-23-21-19-18-49-20-48-25|27-29-31-34-50-91-80|36-8-68|95-62-67-71-94-96-54|63-76-85-84-56-66|72-39-38-41-40-43-37-35|65-52-99-57-86-74-24|82-12-11-9-10-13-17|5-45-2-7-6-46-3-1-70|92-33-30-28-26-32-93|69-90-53-55|59-75-87-97-58-77|64-51-22-89|42-44-61-81|14-47-16-15-78-60|98-88-73-79-4-100
225,16,1792.2363,368.8541,109.0,235.5908,0,16,25.668307,25.686509,True,83-23-21-19-18-49-48-24|92-33-30-28-26-32-93|95-62-67-71-94-96-54-68|63-76-85-84-56-66|59-75-87-97-58-77|72-42-44-40-38-41-35-37|65-52-99-57-86-74-25|45-73-79-8-46-4-1-70-100|2-5-7-6-3-55|64-51-22-20-89|27-29-31-34-50-91-80|69-98-90|14-47-16-15-10-17-60|36-39-61-81-43|88-78-53|82-12-11-9-13
226,16,1792.2363,368.8541,109.0,235.5908,0,16,25.668307,25.686509,True,83-23-21-19-18-49-48-24|92-33-30-28-26-32-93|95-62-67-71-94-96-54-68|63-76-85-84-56-66|59-75-87-97-58-77|72-42-44-40-38-41-35-37|65-52-99-57-86-74-25|45-73-79-8-46-4-1-70-100|2-5-7-6-3-55|64-51-22-20-89|27-29-31-34-50-91-80|69-98-90|14-47-16-15-10-17-60|36-39-61-81-43|88-78-53|82-12-11-9-13
227,16,1794.4445,372.9533,133.0,232.6101,0,16,26.330772,26.352206,True,14-47-16-15-78-55|83-23-21-19-18-49-48-24|92-33-30-28-26-32-93|95-62-67-71-94-96-54|63-76-85-84-56-66|59-75-87-97-58-77|72-61-38-41-35-37|65-52-99-57-86-74-25|82-12-11-9-10-13-17|64-51-22-20-89|27-29-31-34-50-91-80|42-39-36-44-40-43-68|45-2-7-6-8-3-1-60|69-98-88-53-46-4-100-70|90-81|5-73-79
228,16,1794.4445,372.9533,133.0,232.6101,0,16,26.330772,26.352206,True,14-47-16-15-78-55|83-23-21-19-18-49-48-24|92-33-30-28-26-32-93|95-62-67-71-94-96-54|63-76-85-84-56-66|59-75-87-97-58-77|72-61-38-41-35-37|65-52-99-57-86-74-25|82-12-11-9-10-13-17|64-51-22-20-89|27-29-31-34-50-91-80|42-39-36-44-40-43-68|45-2-7-6-8-3-1-60|69-98-88-53-46-4-100-70|90-81|5-73-79
229,17,1796.1374,584.0221,147.0,228.7232,0,17,26.838653,26.893371,True,5-45-2-7-6-8-46-4-100|82-12-11-9-10-13-17|14-47-16-15-78-60|65-52-57-22-49-20-24|83-23-21-19-18-48-25|27-29-31-34-50-80|92-33-30-28-26-32-93|95-62-67-71-94-96-54|63-76-85-84-56-66|72-64-51-89-91|69-98-53-3-1-70|99-86-77|90-81|88-73-79-55-68|59-75-87-97-74-58|42-39-36-44-40-43-37-35|61-38-41
230,16,1796.8278,367.6977,137.0,237.4698,0,16,27.045784,27.068272,True,5-45-2-7-6-8-46-4-1-100|82-12-11-9-10-13-17|14-47-16-15-78-60|83-23-21-19-22-49-20-48-25|27-29-31-34-50-91-80|92-33-30-28-26-32-93|72-39-36-40-38-41-54-96|95-62-67-71-94|65-52-99-57-86-74-24|42-61-81-43-37-35-70|64-51-18-89|69-98-90-53|63-76-85-84-56-66|59-75-87-97-58-77|44-3-55-68|88-73-79
231,17,1798.3539,585.4399,97.0,235.4032,0,17,27.503596,27.555194,True,5-45-2-7-6-8-46-55|82-11-15-16-9-10-13|65-52-86-22-49-20-24|83-23-21-19-18-48-25|27-29-31-34-50-80|33-30-28-26-32-93|72-39-36-38-41-54-96|42-44-40-43-37-35|92-62-67-71-94|69-90-57-74|95-63-85-84-56-66|98-88-73-79-60|64-51-76-89-91|61-81-3-1-4-100-70|59-75-87-97-58-77|47-14-12-99-17|53-78-68
232,17,1798.3539,585.4399,97.0,235.4032,0,17,27.503596,27.555194,True,5-45-2-7-6-8-46-55|82-11-15-16-9-10-13|65-52-86-22-49-20-24|83-23-21-19-18-48-25|27-29-31-34-50-80|33-30-28-26-32-93|72-39-36-38-41-54-96|42-44-40-43-37-35|92-62-67-71-94|69-90-57-74|95-63-85-84-56-66|98-88-73-79-60|64-51-76-89-91|61-81-3-1-4-100-70|59-75-87-97-58-77|47-14-12-99-17|53-78-68
233,17,1798.5476,563.9303,147.0,228.7232,0,17,27.561701,27.614128,True,5-45-2-7-6-8-46-4-100|82-12-11-9-10-13-17|14-47-16-15-78-60|65-52-57-22-49-20-24|83-23-21-19-18-48-25|72-39-36-40-38-41-54|42-44-61-43-37-35|92-95-63-51-76-89-91|33-28-31-34-50-80|29-27-30-26-32-93|71-67-94-96|64-99-86-77|62-85-84-56-66|90-81|69-88-79-3-1-70|59-75-87-97-74-58|98-73-53-55-68
234,17,1798.7767,559.246,150.0,227.8001,0,17,27.630438,27.682393,True,5-45-2-7-6-8-46-4-100|82-11-15-16-9-10-13-17|47-14-12-78-79-60|83-23-21-19-18-49-48-24|27-29-31-34-50-91-80|92-33-30-28-26-32-93|72-39-36-38-41-54-96|95-62-67-71-94|88-55-68|69-98-73-3-1-70|65-52-99-86-87-97-74|63-76-85-84-56-66|61-81|59-75-57-77-58|42-44-40-43-37-35|64-51-22-20-89|90-53-25
235,17,1798.7767,559.246,150.0,227.8001,0,17,27.630438,27.682393,True,5-45-2-7-6-8-46-4-100|82-11-15-16-9-10-13-17|47-14-12-78-79-60|83-23-21-19-18-49-48-24|27-29-31-34-50-91-80|92-33-30-28-26-32-93|72-39-36-38-41-54-96|95-62-67-71-94|88-55-68|69-98-73-3-1-70|65-52-99-86-87-97-74|63-76-85-84-56-66|61-81|59-75-57-77-58|42-44-40-43-37-35|64-51-22-20-89|90-53-25
236,16,1799.1679,353.1665,158.0,234.6455,0,16,27.747806,27.770493,True,5-45-2-7-6-8-46-4-100|82-12-11-9-10-13-17|83-23-21-19-22-49-20-24-25|27-29-31-34-50-91-80|92-33-30-28-26-32-93|72-36-40-38-41-54-96|65-52-99-57-86-74|63-76-85-84-56-66|59-75-87-97-58-77|42-61-81-43-37-35|95-62-67-71-94|14-47-73-79-78-60|69-98-88-53-55-68|64-51-18-89-48|39-44-90|15-16-3-1-70
237,16,1801.361,349.5993,142.0,228.2427,0,16,28.405723,28.425973,True,39-42-44-41-40-43-37-35|14-47-15-16-9-87-97-58|11-12-73-78-55-68|92-33-30-28-26-89|5-45-2-7-6-8-3-1-70-100|95-62-67-71-94-50-91-80|72-36-38-81-54-96|65-83-52-99-57-86-74-77|64-51-22-20-48-25|23-21-19-18-49-24|27-29-31-34-32-93|98-82-90|63-76-85-84-56-66|59-75-10-13-17|61-79-46-4-60|69-88-53
238,16,1801.4249,342.9845,142.0,228.2427,0,16,28.424892,28.444169,True,39-42-44-41-40-43-37-35|14-47-15-16-9-87-97-58|11-12-73-78-55-68|92-33-30-28-26-32-93|5-45-2-7-6-8-3-1-70-100|95-62-67-71-94-50-91-80|72-36-38-81-54-96|65-83-52-99-57-86-74-77|64-51-22-20-48-25|23-21-19-18-49-24|27-29-31-34-89|98-82-90|63-76-85-84-56-66|59-75-10-13-17|61-79-46-4-60|69-88-53
239,16,1801.4249,342.9845,142.0,228.2427,0,16,28.424892,28.444169,True,39-42-44-41-40-43-37-35|14-47-15-16-9-87-97-58|11-12-73-78-55-68|92-33-30-28-26-32-93|5-45-2-7-6-8-3-1-70-100|95-62-67-71-94-50-91-80|72-36-38-81-54-96|65-83-52-99-57-86-74-77|64-51-22-20-48-25|23-21-19-18-49-24|27-29-31-34-89|98-82-90|63-76-85-84-56-66|59-75-10-13-17|61-79-46-4-60|69-88-53
240,17,1802.4453,547.247,98.0,237.2766,0,17,28.731029,28.778506,True,5-45-2-7-6-8-46-55|82-12-11-9-10-13-17|14-47-16-15-78-60|65-52-86-22-49-20-24|83-23-21-19-18-48-25|27-29-31-34-50-80|92-33-30-28-26-32-93|72-42-44-38-40-43-37-35|62-67-71-94-96|99-57-66-74|95-63-85-84-56|88-73-79-68|64-51-76-89-91|69-98-53-3-1-4-100-70|59-75-87-97-58-77|36-39-90|61-81-41-54
241,17,1802.4453,547.247,98.0,237.2766,0,17,28.731029,28.778506,True,5-45-2-7-6-8-46-55|82-12-11-9-10-13-17|14-47-16-15-78-60|65-52-86-22-49-20-24|83-23-21-19-18-48-25|27-29-31-34-50-80|92-33-30-28-26-32-93|72-42-44-38-40-43-37-35|62-67-71-94-96|99-57-66-74|95-63-85-84-56|88-73-79-68|64-51-76-89-91|69-98-53-3-1-4-100-70|59-75-87-97-58-77|36-39-90|61-81-41-54
242,16,1805.7427,481.0248,113.0,232.9994,0,16,29.720238,29.75933,True,5-45-2-7-6-8-46-4-100|82-11-15-16-9-10-58|65-52-57-22-49-20-24|83-23-21-19-18-48-25|27-29-31-34-50-91-80|92-33-30-28-26-32-93|72-39-36-40-38-41-43|95-62-67-71-94-68-55|63-76-51-56-66|69-98-88-53-3-1-70|59-75-87-97-13-17|12-99-86-74-77|61-81-90-96-54|14-47-73-79-78-60|42-44-35-37|64-84-85-89
243,17,1806.1251,457.7547,104.0,239.4535,0,17,29.834973,29.871057,True,14-47-16-15-53|83-23-21-19-18-20-48-24|27-29-31-34-50-91-80|92-33-30-28-26-32-93|42-39-36-44-41-54-68|95-62-67-71-94-96|63-76-85-84-56-66|59-75-87-97-58-77|72-38-40-43-37-35|65-52-99-57-86-74-25|64-51-22-49-89|82-12-11-9-10-13-17|5-45-2-90|69-98-88-81|61-7-55|73-79-78-60|8-6-46-3-1-4-100-70
244,16,1807.1354,334.3921,164.0,233.2195,0,16,30.138041,30.160689,True,83-23-21-19-22-49-20-48-25|27-29-31-34-50-91-80|92-33-30-28-26-32-93|72-39-36-40-38-41-54-96|95-62-67-71-94|14-47-73-79-3-1-4-100-70|65-52-99-57-86-74-24|59-75-87-97-58-77|2-5-8-7-6-46-55|69-98-88-90-68-60|82-11-15-16-9-10-13-17|63-76-85-84-56-66|42-44-61-43-37-35|64-51-18-89|12-78-53|45-81
245,16,1807.1354,334.3921,164.0,233.2195,0,16,30.138041,30.160689,True,83-23-21-19-22-49-20-48-25|27-29-31-34-50-91-80|92-33-30-28-26-32-93|72-39-36-40-38-41-54-96|95-62-67-71-94|14-47-73-79-3-1-4-100-70|65-52-99-57-86-74-24|59-75-87-97-58-77|2-5-8-7-6-46-55|69-98-88-90-68-60|82-11-15-16-9-10-13-17|63-76-85-84-56-66|42-44-61-43-37-35|64-51-18-89|12-78-53|45-81
246,16,1807.2977,434.0331,106.0,228.2427,0,16,30.186737,30.217833,True,64-51-85-84-56-91|39-42-44-41-40-43-37-35|90-10-13-17|82-52-99-57-20-24|72-36-38-81-54-96|14-47-15-16-9-87-97-58|63-76-18-48-25|65-59-75-86-74-77|11-12-73-78-55-68|69-98-88-53|27-29-31-34-89|83-23-21-19-22-49-66|92-33-30-28-26-32-93|5-45-2-7-6-8-3-1-70-100|61-79-46-4-60|95-62-67-71-94-50-80
247,16,1807.2977,434.0331,106.0,228.2427,0,16,30.186737,30.217833,True,64-51-85-84-56-91|39-42-44-41-40-43-37-35|90-10-13-17|82-52-99-57-20-24|72-36-38-81-54-96|14-47-15-16-9-87-97-58|63-76-18-48-25|65-59-75-86-74-77|11-12-73-78-55-68|69-98-88-53|27-29-31-34-89|83-23-21-19-22-49-66|92-33-30-28-26-32-93|5-45-2-7-6-8-3-1-70-100|61-79-46-4-60|95-62-67-71-94-50-80
248,16,1808.8511,381.8911,96.0,236.1455,0,16,30.65277,30.676696,True,39-42-44-41-40-43-37-35|92-33-30-28-26-32-93|5-45-2-7-8-46-3-1-70-100|95-62-67-71-94-50-91-80|72-36-38-81-54-96|64-51-22-20-48-24|83-23-21-19-18-49-25-77|27-29-31-34-89|63-76-85-84-56|61-6-4-60|69-98-99-90-68|59-75-87-97-74-58|14-47-73-79-78-17-13|82-11-15-16-9-10|65-52-86-57-66|12-88-53-55
249,16,1808.8511,381.8911,96.0,236.1455,0,16,30.65277,30.676696,True,39-42-44-41-40-43-37-35|92-33-30-28-26-32-93|5-45-2-7-8-46-3-1-70-100|95-62-67-71-94-50-91-80|72-36-38-81-54-96|64-51-22-20-48-24|83-23-21-19-18-49-25-77|27-29-31-34-89|63-76-85-84-56|61-6-4-60|69-98-99-90-68|59-75-87-97-74-58|14-47-73-79-78-17-13|82-11-15-16-9-10|65-52-86-57-66|12-88-53-55
250,16,1809.785,339.4034,142.0,228.2427,0,16,30.932941,30.954189,True,39-42-44-41-40-43-37-35|14-47-16-15-87-97-58|11-12-73-78-55-68|92-33-30-28-26-32-93|5-45-2-7-6-8-3-1-70-100|95-62-67-71-94-50-91-80|72-36-38-81-54-96|65-83-52-99-57-86-74-77|64-76-22-20-48-25|23-21-19-18-49-24|27-29-31-34-89|98-82-90|63-51-85-84-56-66|59-75-9-10-13-17|61-79-46-4-60|69-88-53
251,16,1811.035,383.0395,141.0,227.4425,0,16,31.307932,31.33588,True,39-42-44-41-40-43-37-35|72-36-38-54-96|14-47-15-16-9-87-97-58|63-76-85-84-56-66|59-75-86-77-25|11-12-73-78-55-68|27-29-31-34|92-33-30-28-26-32-93|5-45-2-7-6-8-3-1-70-100|95-62-67-71-94-50-91-80|69-98-53-10-13-17|88-79-46-4-60|61-81-90|65-82-52-99-57-20-48-24|64-51-49-22-74|83-23-21-19-18-89
252,16,1811.035,383.0395,141.0,227.4425,0,16,31.307932,31.33588,True,39-42-44-41-40-43-37-35|72-36-38-54-96|14-47-15-16-9-87-97-58|63-76-85-84-56-66|59-75-86-77-25|11-12-73-78-55-68|27-29-31-34|92-33-30-28-26-32-93|5-45-2-7-6-8-3-1-70-100|95-62-67-71-94-50-91-80|69-98-53-10-13-17|88-79-46-4-60|61-81-90|65-82-52-99-57-20-48-24|64-51-49-22-74|83-23-21-19-18-89
253,16,1812.8073,329.259,168.0,232.672,0,16,31.839612,31.863509,True,5-45-2-7-6-8-46-4-60-100|83-23-21-19-22-49-20-48-25|27-29-31-34-50-91-80|92-33-30-28-26-32-93|72-39-36-40-38-41-54-96|95-62-67-71-94|69-98-78-3-1-70|65-82-99-57-86-74-24|63-76-85-84-56-66|59-75-87-97-58-77|42-61-81-43-37-35|88-73-79-55-68|64-51-18-89|44-90|14-47-11-15-16-9-10-13-17|52-12-53
254,16,1812.8073,329.259,168.0,232.672,0,16,31.839612,31.863509,True,5-45-2-7-6-8-46-4-60-100|83-23-21-19-22-49-20-48-25|27-29-31-34-50-91-80|92-33-30-28-26-32-93|72-39-36-40-38-41-54-96|95-62-67-71-94|69-98-78-3-1-70|65-82-99-57-86-74-24|63-76-85-84-56-66|59-75-87-97-58-77|42-61-81-43-37-35|88-73-79-55-68|64-51-18-89|44-90|14-47-11-15-16-9-10-13-17|52-12-53
255,16,1812.8341,336.7175,142.0,228.2427,0,16,31.847665,31.869424,True,39-42-44-41-40-43-37-35|14-47-15-16-9-87-97-58|11-12-73-78-55-68|92-33-30-28-26-32-93|5-45-2-7-6-8-3-1-70-100|95-62-67-71-94-50-91-80|72-36-38-81-54-96|65-83-52-99-57-86-74-77|64-76-22-20-48-25|23-21-19-18-49-24|27-29-31-34-89|98-82-90|63-51-85-84-56-66|59-75-10-13-17|61-79-46-4-60|69-88-53
256,16,1814.627,340.7228,90.0,235.8983,0,16,32.385529,32.404376,True,14-47-16-15-53|83-23-21-19-18-49-48-24|92-33-30-28-26-32-93|95-62-67-71-94-96-54|63-76-85-84-56-66|59-75-87-97-77-25|72-42-44-40-38-41-35-37|65-52-99-57-86-74-58|45-73-79-8-46-4-1-70-100|82-12-11-9-10-13-17|2-5-6-3-55-68|64-51-22-20-89|27-29-31-34-50-91-80|7-78-60|36-39-61-81-43|69-98-88-90
257,16,1814.627,340.7228,90.0,235.8983,0,16,32.385529,32.404376,True,14-47-16-15-53|83-23-21-19-18-49-48-24|92-33-30-28-26-32-93|95-62-67-71-94-96-54|63-76-85-84-56-66|59-75-87-97-77-25|72-42-44-40-38-41-35-37|65-52-99-57-86-74-58|45-73-79-8-46-4-1-70-100|82-12-11-9-10-13-17|2-5-6-3-55-68|64-51-22-20-89|27-29-31-34-50-91-80|7-78-60|36-39-61-81-43|69-98-88-90
258,16,1815.9611,439.777,103.0,229.446,0,16,32.785753,32.82019,True,5-45-2-7-6-8-46-4-100|82-52-99-9-10-13-17|47-11-15-16-78-60|83-23-21-18-22-49-48-25|27-29-31-34-50-80|92-33-30-28-26-32-93|72-39-36-40-38-41-54|95-62-67-71-94-96|98-88-73-79-55-68|69-53-3-1-70|63-76-85-84-20-24|61-81-90-66-56|65-59-75-57-74-77|42-44-43-37-35|64-19-51-89-91|14-12-86-87-97-58
259,16,1815.9611,439.777,103.0,229.446,0,16,32.785753,32.82019,True,5-45-2-7-6-8-46-4-100|82-52-99-9-10-13-17|47-11-15-16-78-60|83-23-21-18-22-49-48-25|27-29-31-34-50-80|92-33-30-28-26-32-93|72-39-36-40-38-41-54|95-62-67-71-94-96|98-88-73-79-55-68|69-53-3-1-70|63-76-85-84-20-24|61-81-90-66-56|65-59-75-57-74-77|42-44-43-37-35|64-19-51-89-91|14-12-86-87-97-58
260,16,1817.072,343.0333,126.0,235.5908,0,16,33.119028,33.142508,True,83-23-21-19-18-49-48-24|92-33-30-28-26-32-93|95-62-67-71-94-96-54|63-76-85-84-56-66|59-75-87-97-58-77|72-42-44-40-38-41-35-37|65-52-99-57-86-74-25|45-73-79-8-46-4-1-70-100|82-12-11-9-10-13-17|2-5-6-3-55-68|36-39-61-81-43|69-98-88-90|64-51-22-20-89|14-47-16-15-78-60|27-29-31-34-50-91-80|7-53
261,16,1817.072,343.0333,126.0,235.5908,0,16,33.119028,33.142508,True,83-23-21-19-18-49-48-24|92-33-30-28-26-32-93|95-62-67-71-94-96-54|63-76-85-84-56-66|59-75-87-97-58-77|72-42-44-40-38-41-35-37|65-52-99-57-86-74-25|45-73-79-8-46-4-1-70-100|82-12-11-9-10-13-17|2-5-6-3-55-68|36-39-61-81-43|69-98-88-90|64-51-22-20-89|14-47-16-15-78-60|27-29-31-34-50-91-80|7-53
262,16,1817.1879,324.7293,147.0,234.6455,0,16,33.153794,33.176522,True,5-45-2-7-6-8-46-4-1-100|83-23-21-19-22-49-20-24-25|27-29-31-34-50-91-80|92-33-30-28-26-32-93|14-15-47-73-79-55-68|69-98-88-3-43-70|95-63-76-85-84-56-66|59-75-87-97-58-77|42-44-40-38-41-35-37|64-51-18-89-48|65-52-99-57-86-74|72-39-61-81|36-90|62-67-71-94-96-54|12-53-78-60|82-11-16-9-10-13-17
263,16,1817.1879,324.7293,147.0,234.6455,0,16,33.153794,33.176522,True,5-45-2-7-6-8-46-4-1-100|83-23-21-19-22-49-20-24-25|27-29-31-34-50-91-80|92-33-30-28-26-32-93|14-15-47-73-79-55-68|69-98-88-3-43-70|95-63-76-85-84-56-66|59-75-87-97-58-77|42-44-40-38-41-35-37|64-51-18-89-48|65-52-99-57-86-74|72-39-61-81|36-90|62-67-71-94-96-54|12-53-78-60|82-11-16-9-10-13-17
264,16,1818.8766,335.9219,117.0,235.5908,0,16,33.660422,33.682478,True,14-47-16-15-78-60|83-23-21-19-18-49-48-24|92-33-30-28-26-32-93|95-62-67-71-94-96-54|63-76-85-84-56-66|59-75-87-97-58-77|72-42-44-40-38-41-35-37|65-52-99-57-86-74-25|45-73-79-8-46-4-1-70-100|82-12-11-9-10-13-17|2-5-6-3-55-68|64-51-22-20-89|27-29-31-34-50-91-80|69-7-53|36-39-61-81-43|98-88-90
265,16,1820.244,446.1852,102.0,234.1494,0,16,34.07062,34.107909,True,82-52-99-57-20-25-24|14-47-15-16-9-87-97-13|11-12-73-78-60|69-98-53-10-17|83-23-21-19-22-49-66|92-33-30-28-26-32-93|95-62-67-71-94-50-91-80|65-59-75-86-74-58|5-45-2-7-79-46-55|27-29-31-34-89|90-81-54-96|63-76-18-77-48|64-51-85-84-56|42-39-36-44-40-43-68|88-6-8-3-1-4-100-70|72-61-38-41-35-37
266,16,1820.244,446.1852,102.0,234.1494,0,16,34.07062,34.107909,True,82-52-99-57-20-25-24|14-47-15-16-9-87-97-13|11-12-73-78-60|69-98-53-10-17|83-23-21-19-22-49-66|92-33-30-28-26-32-93|95-62-67-71-94-50-91-80|65-59-75-86-74-58|5-45-2-7-79-46-55|27-29-31-34-89|90-81-54-96|63-76-18-77-48|64-51-85-84-56|42-39-36-44-40-43-68|88-6-8-3-1-4-100-70|72-61-38-41-35-37
267,16,1822.137,358.3597,132.0,232.672,0,16,34.638539,34.666,True,82-98-88-9-10-13-17|14-47-15-16-6-46-4-1-70|83-23-21-19-22-49-20-48-25|27-29-31-34-50-91-80|92-33-30-28-26-32-93|72-39-36-40-38-41-54-96|95-62-67-71-94|65-52-99-57-86-74-24|63-76-85-84-56-66|59-75-87-97-58-77|42-44-43-37-35|64-51-18-89|5-2-7-8-79-60|11-12-78-3-100|69-61-81-90|45-73-53-55-68
268,16,1822.137,358.3597,132.0,232.672,0,16,34.638539,34.666,True,82-98-88-9-10-13-17|14-47-15-16-6-46-4-1-70|83-23-21-19-22-49-20-48-25|27-29-31-34-50-91-80|92-33-30-28-26-32-93|72-39-36-40-38-41-54-96|95-62-67-71-94|65-52-99-57-86-74-24|63-76-85-84-56-66|59-75-87-97-58-77|42-44-43-37-35|64-51-18-89|5-2-7-8-79-60|11-12-78-3-100|69-61-81-90|45-73-53-55-68
269,16,1824.2947,443.3032,99.0,234.9176,0,16,35.285831,35.323717,True,82-52-99-57-20-25-24|14-47-15-16-9-87-97-13|11-12-73-78-60|69-98-53-10-17|83-23-21-19-22-66|92-33-30-28-26-32-93|95-62-67-71-94-50-80|65-59-75-86-74-58|5-45-2-7-79-46-55|27-29-31-34-89|61-81-90-96|63-76-18-49-77-48|42-39-36-44-43-37-35|64-51-85-84-56-91|72-38-40-41-54-68|88-6-8-3-1-4-100-70
270,16,1824.2947,443.3032,99.0,234.9176,0,16,35.285831,35.323717,True,82-52-99-57-20-25-24|14-47-15-16-9-87-97-13|11-12-73-78-60|69-98-53-10-17|83-23-21-19-22-66|92-33-30-28-26-32-93|95-62-67-71-94-50-80|65-59-75-86-74-58|5-45-2-7-79-46-55|27-29-31-34-89|61-81-90-96|63-76-18-49-77-48|42-39-36-44-43-37-35|64-51-85-84-56-91|72-38-40-41-54-68|88-6-8-3-1-4-100-70
271,16,1826.405,352.4485,110.0,233.2743,0,16,35.918928,35.944673,True,14-47-16-15-78-60|83-23-21-19-18-48-25|27-29-31-34-50-91-80|92-33-30-28-26-32-93|36-7-6-55-68|95-62-67-71-94-96-54|63-76-85-84-56-66|59-75-87-97-58-77|72-39-38-41-40-43-37-35|65-52-99-57-86-74-24|45-73-79-8-46-4-100|64-51-49-22-20-89|82-12-11-9-10-13-17|69-98-90-53|5-2-88-3-1-70|42-44-61-81
272,16,1826.405,352.4485,110.0,233.2743,0,16,35.918928,35.944673,True,14-47-16-15-78-60|83-23-21-19-18-48-25|27-29-31-34-50-91-80|92-33-30-28-26-32-93|36-7-6-55-68|95-62-67-71-94-96-54|63-76-85-84-56-66|59-75-87-97-58-77|72-39-38-41-40-43-37-35|65-52-99-57-86-74-24|45-73-79-8-46-4-100|64-51-49-22-20-89|82-12-11-9-10-13-17|69-98-90-53|5-2-88-3-1-70|42-44-61-81
273,16,1828.134,434.0968,105.0,234.1494,0,16,36.437617,36.475759,True,82-52-99-57-25-24|14-47-15-16-9-87-97-13|69-98-53-10-17-60|92-33-30-28-26-32-93|5-45-2-7-6-8-3-1-70|95-62-67-71-94-50-91-80|65-59-75-86-74-58|27-29-31-34-89|42-39-36-44-40-43-37-35|63-76-85-84-56-66|88-78-79-46-4-100|72-61-38-41-68-55|64-51-18-77-48|11-12-73|90-81-54-96|83-23-21-19-22-49-20
274,16,1828.134,434.0968,105.0,234.1494,0,16,36.437617,36.475759,True,82-52-99-57-25-24|14-47-15-16-9-87-97-13|69-98-53-10-17-60|92-33-30-28-26-32-93|5-45-2-7-6-8-3-1-70|95-62-67-71-94-50-91-80|65-59-75-86-74-58|27-29-31-34-89|42-39-36-44-40-43-37-35|63-76-85-84-56-66|88-78-79-46-4-100|72-61-38-41-68-55|64-51-18-77-48|11-12-73|90-81-54-96|83-23-21-19-22-49-20
275,16,1828.9725,376.3398,145.0,227.4425,0,16,36.689195,36.72192,True,39-42-44-43-37-35|72-36-40-38-41-54-96|14-47-15-16-9-87-97-58|63-76-85-84-56|65-59-75-86-77-25|11-12-73-78-55-68|27-29-31-34-89|92-33-30-28-26-32-93|5-45-2-7-6-8-3-1-70-100|95-62-67-71-94-50-91-80|98-82-99-53-10-13-17|69-88-79-46-4-60|61-81-90|83-52-21-49-48-24|64-51-57-74|23-19-18-22-20-66
276,16,1828.9725,376.3398,145.0,227.4425,0,16,36.689195,36.72192,True,39-42-44-43-37-35|72-36-40-38-41-54-96|14-47-15-16-9-87-97-58|63-76-85-84-56|65-59-75-86-77-25|11-12-73-78-55-68|27-29-31-34-89|92-33-30-28-26-32-93|5-45-2-7-6-8-3-1-70-100|95-62-67-71-94-50-91-80|98-82-99-53-10-13-17|69-88-79-46-4-60|61-81-90|83-52-21-49-48-24|64-51-57-74|23-19-18-22-20-66
277,16,1829.7977,334.3017,109.0,236.3466,0,16,36.936746,36.961148,True,14-47-16-15-78-60|83-23-21-19-18-49-20-48-25|92-33-30-28-26-32-93|95-62-67-71-94-96-54-68|63-76-85-84-56-66|59-75-87-97-58-77|65-52-99-57-86-74-24|73-79-8-46-55|82-12-11-9-10-13-17|42-44-6-3-1-4-100-70|69-98-88-90|64-51-22-89|27-29-31-34-50-91-80|45-2-7-53|72-39-36-40-38-41-37-35|5-61-81-43
278,16,1829.7977,334.3017,109.0,236.3466,0,16,36.936746,36.961148,True,14-47-16-15-78-60|83-23-21-19-18-49-20-48-25|92-33-30-28-26-32-93|95-62-67-71-94-96-54-68|63-76-85-84-56-66|59-75-87-97-58-77|65-52-99-57-86-74-24|73-79-8-46-55|82-12-11-9-10-13-17|42-44-6-3-1-4-100-70|69-98-88-90|64-51-22-89|27-29-31-34-50-91-80|45-2-7-53|72-39-36-40-38-41-37-35|5-61-81-43
279,16,1830.5448,335.9219,117.0,235.5908,0,16,37.160866,37.186422,True,14-47-16-15-78-60|83-23-21-19-18-49-48-24|92-33-30-28-26-32-93|95-62-67-71-94-96-54|63-76-85-84-56-66|59-75-87-97-58-77|65-52-99-57-86-74-25|45-73-79-8-46-4-1-70-100|82-12-11-9-10-13-17|2-5-6-3-55-68|64-51-22-20-89|27-29-31-34-50-91-80|69-7-53|98-88-90|72-42-44-40-38-41-37-43|36-39-61-81-35
280,16,1830.5448,335.9219,117.0,235.5908,0,16,37.160866,37.186422,True,14-47-16-15-78-60|83-23-21-19-18-49-48-24|92-33-30-28-26-32-93|95-62-67-71-94-96-54|63-76-85-84-56-66|59-75-87-97-58-77|65-52-99-57-86-74-25|45-73-79-8-46-4-1-70-100|82-12-11-9-10-13-17|2-5-6-3-55-68|64-51-22-20-89|27-29-31-34-50-91-80|69-7-53|98-88-90|72-42-44-40-38-41-37-43|36-39-61-81-35
281,16,1832.98,433.0083,109.0,234.1494,0,16,37.891432,37.931265,True,82-52-99-57-20-25-24|14-47-15-16-9-87-97-13|11-12-73-78-60|69-98-88-53-10-17|83-23-21-19-22-49-66|92-33-30-28-26-32-93|95-62-67-71-94-50-91-80|65-59-75-86-74-58|27-29-31-34-89|61-81-90-96|63-76-18-77-48|42-39-36-43-37-35|64-51-85-84-56|72-44-40-38-41-54-68|5-45-2-7-79-46-55|6-8-3-1-4-100-70
282,16,1832.9999,436.173,101.0,234.1494,0,16,37.897411,37.936925,True,82-52-99-57-49-25-24|14-47-15-16-9-87-97-13|11-12-73-78-60|69-98-88-53-10-17|83-23-21-19-22-20-66|92-33-30-28-26-32-93|95-62-67-71-94-56-91-80|65-59-75-86-74-58|5-45-2-7-79-46-55|27-29-31-34-50|72-61-81-90-96|63-76-18-77-48|42-39-36-40-43-37-35|64-51-85-84-89|44-38-41-54-68|6-8-3-1-4-100-70
283,16,1833.2825,352.2926,145.0,227.4425,0,16,37.982195,38.012606,True,39-42-44-41-40-43-37-35|72-36-38-81-54-96|14-47-15-16-9-87-97-58|63-76-85-84-56|59-75-86-77-25|11-12-73-78-55-68|27-29-31-34-89|92-33-30-28-26-32-93|5-45-2-7-8-46-3-1-70-100|95-62-67-71-94-50-91-80|69-98-99-53-10-13-17|82-88-79-6-4-60|61-90|65-52-21-18-48-24|64-51-57-74|83-23-19-49-22-20-66
284,16,1833.2825,352.2926,145.0,227.4425,0,16,37.982195,38.012606,True,39-42-44-41-40-43-37-35|72-36-38-81-54-96|14-47-15-16-9-87-97-58|63-76-85-84-56|59-75-86-77-25|11-12-73-78-55-68|27-29-31-34-89|92-33-30-28-26-32-93|5-45-2-7-8-46-3-1-70-100|95-62-67-71-94-50-91-80|69-98-99-53-10-13-17|82-88-79-6-4-60|61-90|65-52-21-18-48-24|64-51-57-74|83-23-19-49-22-20-66
285,16,1834.1023,383.3593,113.0,232.6101,0,16,38.228124,38.261015,True,83-23-21-19-18-49-48-24|92-33-30-28-26-32-93|95-62-67-71-94-96-54|63-76-85-84-56-66|59-75-87-97-58-77|72-42-44-40-38-41-35-37|65-52-99-57-86-74-25|45-73-79-8-46-4-100-70|2-5-7-6-55-68|64-51-22-20-89|27-29-31-34-50-91-80|14-47-16-15-53-60|36-39-61-81-43|69-98-88-78|82-12-11-9-10-13-17|90-3-1
286,16,1834.1023,383.3593,113.0,232.6101,0,16,38.228124,38.261015,True,83-23-21-19-18-49-48-24|92-33-30-28-26-32-93|95-62-67-71-94-96-54|63-76-85-84-56-66|59-75-87-97-58-77|72-42-44-40-38-41-35-37|65-52-99-57-86-74-25|45-73-79-8-46-4-100-70|2-5-7-6-55-68|64-51-22-20-89|27-29-31-34-50-91-80|14-47-16-15-53-60|36-39-61-81-43|69-98-88-78|82-12-11-9-10-13-17|90-3-1
287,16,1835.0007,429.2617,109.0,234.2099,0,16,38.497638,38.537524,True,82-12-11-9-10-13-17|14-47-16-15-78-60-100-70|83-23-21-18-22-49-20-24-48|27-29-31-34-50-80|92-33-30-28-26-32-93|72-39-36-40-38-41-54|95-62-67-71-94-96|73-79-3-55|69-98-88-53-46-4-1|65-52-99-86-87-97-74|63-76-85-84-56-66|61-81-90-25|59-75-57-77-58|42-44-43-37-35|64-19-51-89-91|5-45-2-8-7-6-68
288,16,1835.6266,331.357,115.0,232.6101,0,16,38.685411,38.711159,True,14-47-16-15-78-60|83-23-21-19-18-49-48-25|27-29-31-34-50-91-80|92-33-30-28-26-32-93|36-7-6-55-68|95-62-67-71-94-96-54|63-76-85-84-56-66|59-75-87-97-58-77|72-39-38-41-40-43-37-35|65-52-99-57-86-74-24|45-73-79-8-46-4-100|64-51-22-20-89|82-12-11-9-10-13-17|69-98-90-53|5-2-88-3-1-70|42-44-61-81
289,16,1835.6266,331.357,115.0,232.6101,0,16,38.685411,38.711159,True,14-47-16-15-78-60|83-23-21-19-18-49-48-25|27-29-31-34-50-91-80|92-33-30-28-26-32-93|36-7-6-55-68|95-62-67-71-94-96-54|63-76-85-84-56-66|59-75-87-97-58-77|72-39-38-41-40-43-37-35|65-52-99-57-86-74-24|45-73-79-8-46-4-100|64-51-22-20-89|82-12-11-9-10-13-17|69-98-90-53|5-2-88-3-1-70|42-44-61-81
290,16,1836.0948,322.009,151.0,234.6455,0,16,38.825866,38.854258,True,5-45-2-7-6-8-46-4-1-100|83-23-21-19-22-49-20-24-25|27-29-31-34-50-91-80|65-52-99-57-86-74|95-63-76-85-84-56-66|59-75-87-97-58-77|72-42-44-40-38-41-37-35-70|62-51-18-89-48|14-47-11-15-16-9-10-13-17|98-88-73-79-60|39-71-67-94-96-54-68|64-90-81|12-78-3-55|92-33-30-28-26-32-93|36-61-43|69-82-53
291,16,1837.8385,435.9372,101.0,234.1494,0,16,39.348986,39.389916,True,82-52-99-57-20-25-24|14-47-15-16-9-87-97-13|11-12-73-78-60|69-98-88-53-10-17|83-23-21-19-22-49-66|92-33-30-28-26-32-93|95-62-67-71-94-56-91-80|65-59-75-86-74-58|5-45-2-7-79-46-55|27-29-31-34-50|72-61-81-90-96|63-76-18-77-48|42-39-36-40-43-37-35|64-51-85-84-89|44-38-41-54-68|6-8-3-1-4-100-70
292,16,1838.6054,408.1064,105.0,234.1494,0,16,39.579064,39.616449,True,14-47-15-16-9-87-97-13|69-98-88-53-10-17-60|83-23-21-19-22-49-66|92-33-30-28-26-32-93|5-45-2-7-6-8-3-1-70|95-62-67-71-94-50-91-80|65-59-75-86-74-58|27-29-31-34-89|42-39-36-44-40-43-37-35|72-61-38-41-68-55|64-51-18-77-48|82-52-99-57-20-25-24|63-76-85-84-56|90-81-54-96|78-79-46-4-100|11-12-73
293,16,1838.6054,408.1064,105.0,234.1494,0,16,39.579064,39.616449,True,14-47-15-16-9-87-97-13|69-98-88-53-10-17-60|83-23-21-19-22-49-66|92-33-30-28-26-32-93|5-45-2-7-6-8-3-1-70|95-62-67-71-94-50-91-80|65-59-75-86-74-58|27-29-31-34-89|42-39-36-44-40-43-37-35|72-61-38-41-68-55|64-51-18-77-48|82-52-99-57-20-25-24|63-76-85-84-56|90-81-54-96|78-79-46-4-100|11-12-73
294,16,1839.6777,340.1154,141.0,227.4425,0,16,39.900753,39.930856,True,72-39-36-44-41-54-96|14-47-15-16-9-87-97-58|63-76-85-84-56|59-75-86-77-25|11-12-73-78-55-68|27-29-31-34-89|92-33-30-28-26-32-93|5-45-2-7-6-8-3-1-70-100|95-62-67-71-94-50-91-80|69-98-99-53-10-13-17|82-88-79-46-4-60|61-81-90|65-52-21-18-49-20-48-24|64-51-57-74|83-23-19-22-66|42-38-40-43-37-35
295,16,1839.6777,340.1154,141.0,227.4425,0,16,39.900753,39.930856,True,72-39-36-44-41-54-96|14-47-15-16-9-87-97-58|63-76-85-84-56|59-75-86-77-25|11-12-73-78-55-68|27-29-31-34-89|92-33-30-28-26-32-93|5-45-2-7-6-8-3-1-70-100|95-62-67-71-94-50-91-80|69-98-99-53-10-13-17|82-88-79-46-4-60|61-81-90|65-52-21-18-49-20-48-24|64-51-57-74|83-23-19-22-66|42-38-40-43-37-35
296,17,1839.7312,484.2325,161.0,224.4748,0,17,39.916797,39.970388,True,5-45-2-7-6-8-46-4-100|82-11-15-16-9-10-13-17|65-52-57-22-49-20-24|83-23-21-19-18-48-25|27-29-31-34-50-91-80|92-33-30-28-26-32-93|72-39-36-40-38-41-54-96|95-62-67-71-94-68-55|69-98-88-53-3-1-70|14-47-73-79-78-60|64-84-85-89|99-90|42-81-43-37-35|63-76-51-56-66|59-75-97-74-58|12-87-86-77|44-61
297,17,1839.7312,484.2325,161.0,224.4748,0,17,39.916797,39.970388,True,5-45-2-7-6-8-46-4-100|82-11-15-16-9-10-13-17|65-52-57-22-49-20-24|83-23-21-19-18-48-25|27-29-31-34-50-91-80|92-33-30-28-26-32-93|72-39-36-40-38-41-54-96|95-62-67-71-94-68-55|69-98-88-53-3-1-70|14-47-73-79-78-60|64-84-85-89|99-90|42-81-43-37-35|63-76-51-56-66|59-75-97-74-58|12-87-86-77|44-61
298,16,1841.4931,327.2381,125.0,236.3466,0,16,40.445372,40.473822,True,14-47-16-15-78-60|83-23-21-19-18-49-20-48-25|27-29-31-34-50-91-80|92-33-30-28-26-32-93|36-7-6-55-68|95-62-67-71-94-96-54|63-76-85-84-56-66|59-75-87-97-58-77|72-39-38-41-40-43-37-35|65-52-99-57-86-74-24|45-73-79-8-46-4-100|64-51-22-89|82-12-11-9-10-13-17|69-98-90-53|5-2-88-3-1-70|42-44-61-81
299,16,1841.7665,326.8382,129.0,236.3466,0,16,40.527387,40.55626,True,14-47-16-15-78-60|83-23-21-19-18-49-20-48-25|92-33-30-28-26-32-93|95-62-67-71-94-96-54|63-76-85-84-56-66|59-75-87-97-58-77|72-39-38-41-40-43-37-35|65-52-99-57-86-74-24|45-73-79-8-46-4-100|82-12-11-9-10-13-17|5-2-88-6-3-1-70|69-98-90-55-68|64-51-22-89|36-44-61-81|27-29-31-34-50-91-80|42-7-53
300,16,1842.202,330.9572,114.0,232.6101,0,16,40.658024,40.685585,True,14-47-16-15-78-60|83-23-21-19-18-49-48-24|92-33-30-28-26-32-93|95-62-67-71-94-96-54|63-76-85-84-56-66|59-75-87-97-58-77|72-39-38-41-40-43-37-35|65-52-99-57-86-74-25|45-73-79-8-46-4-100|82-12-11-9-10-13-17|5-2-88-6-3-1-70|69-98-90-55-68|64-51-22-20-89|36-44-61-81|27-29-31-34-50-91-80|42-7-53
301,16,1842.202,330.9572,114.0,232.6101,0,16,40.658024,40.685585,True,14-47-16-15-78-60|83-23-21-19-18-49-48-24|92-33-30-28-26-32-93|95-62-67-71-94-96-54|63-76-85-84-56-66|59-75-87-97-58-77|72-39-38-41-40-43-37-35|65-52-99-57-86-74-25|45-73-79-8-46-4-100|82-12-11-9-10-13-17|5-2-88-6-3-1-70|69-98-90-55-68|64-51-22-20-89|36-44-61-81|27-29-31-34-50-91-80|42-7-53
302,16,1843.2356,472.6598,106.0,227.4901,0,16,40.968123,41.015682,True,64-51-85-84-56-66-91|39-42-44-41-40-43-37-35|82-52-99-86-10-13|90-57-74-25|72-36-38-81-54-96|14-47-15-16-9-87-97-58|63-76-18-48-24|65-59-75-77|11-12-73-78-55-68|69-98-88-53-17-60|27-29-31-34-89|83-23-21-19-22-49-20|92-33-30-28-26-32-93|5-45-2-7-6-8-3-1-70|61-79-46-4-100|95-62-67-71-94-50-80
303,16,1843.2356,472.6598,106.0,227.4901,0,16,40.968123,41.015682,True,64-51-85-84-56-66-91|39-42-44-41-40-43-37-35|82-52-99-86-10-13|90-57-74-25|72-36-38-81-54-96|14-47-15-16-9-87-97-58|63-76-18-48-24|65-59-75-77|11-12-73-78-55-68|69-98-88-53-17-60|27-29-31-34-89|83-23-21-19-22-49-20|92-33-30-28-26-32-93|5-45-2-7-6-8-3-1-70|61-79-46-4-100|95-62-67-71-94-50-80
304,16,1845.2886,415.1721,104.0,234.1494,0,16,41.584016,41.624366,True,82-52-99-57-20-25-24|14-47-15-16-9-87-97-13|11-12-73-78-55-68|88-53-10-17-60|83-23-21-19-22-49-66|92-33-30-28-26-32-93|5-45-2-7-6-8-3-1-70|95-62-67-71-94-50-91-80|65-59-75-86-74-58|69-98-79-46-4-100|27-29-31-34-89|72-81-90-96-54|63-76-18-77-48|42-39-36-44-40-43-37-35|64-51-85-84-56|61-38-41
305,16,1846.0199,333.7732,141.0,227.4425,0,16,41.803413,41.834467,True,39-42-44-41-40-43-37-35|14-47-15-16-9-87-97-58|63-76-85-84-56|59-75-86-77-25|11-12-73-78-55-68|27-29-31-34-89|5-45-2-7-6-8-3-1-70-100|95-62-67-71-94-50-91-80|69-98-99-53-10-13-17|65-52-21-18-49-20-48-24|83-23-19-22-66|72-36-38-54-96|82-88-79-46-4-60|92-33-30-28-26-32-93|64-51-57-74|61-81-90
306,16,1846.0199,333.7732,141.0,227.4425,0,16,41.803413,41.834467,True,39-42-44-41-40-43-37-35|14-47-15-16-9-87-97-58|63-76-85-84-56|59-75-86-77-25|11-12-73-78-55-68|27-29-31-34-89|5-45-2-7-6-8-3-1-70-100|95-62-67-71-94-50-91-80|69-98-99-53-10-13-17|65-52-21-18-49-20-48-24|83-23-19-22-66|72-36-38-54-96|82-88-79-46-4-60|92-33-30-28-26-32-93|64-51-57-74|61-81-90
307,18,1846.4734,576.212,153.0,224.4748,0,18,41.93944,42.00835,True,5-45-2-7-6-8-46-4-100|82-12-11-9-10-13-17|14-47-16-15-78-60|65-52-57-22-49-20-24|83-23-21-19-18-48-25|27-29-31-34-50-80|92-33-30-28-26-32-93|63-76-85-84-56-66|88-73-79-55-68|69-98-53-3-1-70|42-36-38-44-40-43-37-35|99-86-87-77|72-39-81-94-96-54|59-75-97-74-58|95-62-67-51-89-91|71-90|61-41|64
308,18,1846.4734,576.212,153.0,224.4748,0,18,41.93944,42.00835,True,5-45-2-7-6-8-46-4-100|82-12-11-9-10-13-17|14-47-16-15-78-60|65-52-57-22-49-20-24|83-23-21-19-18-48-25|27-29-31-34-50-80|92-33-30-28-26-32-93|63-76-85-84-56-66|88-73-79-55-68|69-98-53-3-1-70|42-36-38-44-40-43-37-35|99-86-87-77|72-39-81-94-96-54|59-75-97-74-58|95-62-67-51-89-91|71-90|61-41|64
309,16,1846.6202,301.4646,128.0,233.8218,0,16,41.983505,42.009549,True,82-12-11-9-10-13-17|83-23-21-19-22-49-20-48-25|27-29-31-34-50-91-80|92-33-30-28-26-32-93|95-62-67-71-94-96-54|65-52-99-57-86-74-24|63-76-85-84-56-66|59-75-87-97-58-77|45-2-79-8-3-1-4-100-70|69-98-88-7-6-46-55|72-61-38-40-43-68|42-39-81-41-35-37|14-47-16-15-53|5-73-78-60|36-44-90|64-51-18-89
310,16,1846.6202,301.4646,128.0,233.8218,0,16,41.983505,42.009549,True,82-12-11-9-10-13-17|83-23-21-19-22-49-20-48-25|27-29-31-34-50-91-80|92-33-30-28-26-32-93|95-62-67-71-94-96-54|65-52-99-57-86-74-24|63-76-85-84-56-66|59-75-87-97-58-77|45-2-79-8-3-1-4-100-70|69-98-88-7-6-46-55|72-61-38-40-43-68|42-39-81-41-35-37|14-47-16-15-53|5-73-78-60|36-44-90|64-51-18-89
311,16,1846.6748,328.9181,151.0,227.4425,0,16,41.999863,42.031385,True,39-42-44-41-40-43-37-35|72-36-38-81-54-96|14-47-15-16-9-87-97-58|63-76-85-84-56|59-75-86-77-25|11-12-73-78-55-68|27-29-31-34-89|92-33-30-28-26-32-93|5-45-2-7-6-8-3-1-70-100|95-62-67-71-94-50-91-80|69-98-99-53-10-13-17|61-90|65-82-52-18-49-20-48-24|64-51-57-74|83-23-21-19-22-66|88-79-46-4-60
312,16,1847.2117,315.0755,142.0,225.6424,0,16,42.160942,42.189379,True,39-42-44-41-40-43-37-35|14-47-15-16-9-87-97-58|11-12-73-78-55-68|92-33-30-28-26-32-93|5-45-2-7-6-8-3-1-70-100|95-62-67-71-94-50-91-80|72-36-38-81-54-96|65-52-99-57-86-74-24|63-64-51-22-20-48-25|83-23-21-19-18-49-77|27-29-31-34-89|98-82-90|76-85-84-56-66|59-75-10-13-17|61-79-46-4-60|69-88-53
313,16,1847.2117,315.0755,142.0,225.6424,0,16,42.160942,42.189379,True,39-42-44-41-40-43-37-35|14-47-15-16-9-87-97-58|11-12-73-78-55-68|92-33-30-28-26-32-93|5-45-2-7-6-8-3-1-70-100|95-62-67-71-94-50-91-80|72-36-38-81-54-96|65-52-99-57-86-74-24|63-64-51-22-20-48-25|83-23-21-19-18-49-77|27-29-31-34-89|98-82-90|76-85-84-56-66|59-75-10-13-17|61-79-46-4-60|69-88-53
314,16,1847.2601,325.9951,104.0,235.5908,0,16,42.175457,42.203239,True,83-23-21-19-18-49-48-24|92-33-30-28-26-32-93|95-62-67-71-94-96-54|63-76-85-84-56-66|59-75-87-97-58-77|72-42-44-40-38-41-35-37|65-52-99-57-86-74-25|45-73-79-8-46-4-1-70-100|2-5-6-3-55-68|64-51-22-20-89|27-29-31-34-50-91-80|69-98-88-90|14-47-15-16-53-10-17-60|36-39-61-81-43|7-78|82-12-11-9-13
315,16,1847.2601,325.9951,104.0,235.5908,0,16,42.175457,42.203239,True,83-23-21-19-18-49-48-24|92-33-30-28-26-32-93|95-62-67-71-94-96-54|63-76-85-84-56-66|59-75-87-97-58-77|72-42-44-40-38-41-35-37|65-52-99-57-86-74-25|45-73-79-8-46-4-1-70-100|2-5-6-3-55-68|64-51-22-20-89|27-29-31-34-50-91-80|69-98-88-90|14-47-15-16-53-10-17-60|36-39-61-81-43|7-78|82-12-11-9-13
316,16,1847.7855,415.1174,101.0,234.1494,0,16,42.333083,42.373874,True,82-52-99-57-20-25-24|14-47-15-16-9-87-97-13|11-12-73-78-60|69-98-88-53-10-17|83-23-21-19-22-49-66|92-33-30-28-26-32-93|95-62-67-71-94-50-91-80|65-59-75-86-74-58|5-45-2-7-79-46-55|27-29-31-34-89|72-61-81-90-96|63-76-18-77-48|42-39-36-40-43-37-35|64-51-85-84-56|44-38-41-54-68|6-8-3-1-4-100-70
317,16,1851.3461,440.4505,89.0,234.1494,0,16,43.401275,43.445735,True,82-52-99-57-20-25-24|14-47-15-16-9-87-97-13|69-98-88-53-78-10-17|83-23-21-19-22-49-66|95-62-67-71-94-56-91-80|65-59-75-86-74-58|5-45-2-7-79-46-55|27-29-31-34-50|42-39-36-44-40-43-37-35|64-51-85-84-89|6-8-3-1-4-100-70|72-81-90-96-68|63-76-18-77-48|92-33-30-28-26-32-93|11-12-73-60|61-38-41-54
318,16,1852.8784,406.5098,97.0,235.4942,0,16,43.860936,43.901765,True,82-52-99-57-20-25-24|14-47-15-16-9-87-97-13|69-98-88-53-10-17-60|83-23-21-19-22-49-66|5-45-2-7-6-8-3-1-70|95-62-67-71-94-50-91-80|65-59-75-86-74-58|27-29-31-34-32-89|72-81-90-96-54|42-39-36-44-40-43-37-35|78-79-46-4-100|63-76-85-84-56|11-12-73-55|61-38-41-68|64-51-18-77-48|92-33-30-28-26-93
319,16,1854.1205,302.1474,142.0,225.6424,0,16,44.233588,44.262158,True,39-42-44-41-40-43-37-35|14-47-15-16-9-87-97-58|11-12-73-78-55-68|92-33-30-28-26-32-93|5-45-2-7-6-8-3-1-70-100|95-62-67-71-94-50-91-80|72-36-38-81-54-96|65-83-52-99-57-86-74-24|63-64-51-22-20-48-25|23-21-19-18-49-77|27-29-31-34-89|98-82-90|76-85-84-56-66|59-75-10-13-17|61-79-46-4-60|69-88-53
320,16,1855.6382,313.093,125.0,236.3466,0,16,44.688898,44.719471,True,83-23-21-19-18-49-20-48-25|28-27-29-34-50-91-80|36-7-6-55-68|95-62-67-71-94-96-54|63-76-85-84-56-66|72-39-38-41-40-43-37-35|65-52-99-57-86-74-24|45-73-79-8-46-4-100|82-12-11-9-10-13-17|5-2-88-3-1-70|92-33-31-30-26-32-93|69-98-90-53|59-75-87-97-58-77|64-51-22-89|42-44-61-81|14-47-16-15-78-60
321,16,1858.5131,434.1663,97.0,228.2427,0,16,45.551355,45.596935,True,64-51-85-84-56|39-42-44-41-40-43-37-35|82-99-90-10-13|83-52-86-57-25-24|72-36-38-81-54-96|14-47-15-16-9-87-97-58|95-63-76-18-48|65-59-75-74-77|11-12-73-78-55-68|69-98-88-53-17-60|27-29-31-34-89|23-21-19-49-22-20-66|92-33-30-28-26-32-93|5-45-2-7-6-8-3-1-70|61-79-46-4-100|62-67-71-94-50-91-80
322,16,1858.525,395.3125,97.0,234.1494,0,16,45.554922,45.595564,True,82-52-99-57-20-25-24|14-47-15-16-9-87-97-13|11-12-73-78-55|69-98-88-53-10-17-60|83-23-21-19-22-49-66|92-33-30-28-26-32-93|5-45-2-7-6-8-3-1-70|95-62-67-71-94-50-91-80|65-59-75-86-74-58|61-79-46-4-100|27-29-31-34-89|72-81-90-96-54|63-76-18-77-48|42-39-36-44-40-43-37-35|64-51-85-84-56|38-41-68
323,16,1859.9263,318.5373,121.0,235.5908,0,16,45.975331,46.007493,True,14-47-16-15-53-55-68|83-23-21-19-18-49-48-24|92-33-30-28-26-32-93|95-62-67-71-94-96-54|63-76-85-84-56-66|59-75-87-97-58-77|72-42-44-40-38-41-35-37|65-52-57-86-74-25|45-73-79-8-46-4-1-70-100|82-11-12-78-10-13-17|64-51-22-20-89|27-29-31-34-50-91-80|69-98-88-7-6-3-60|36-39-61-81-43|5-2-90|99-9
324,16,1861.2375,390.57,98.0,234.1494,0,16,46.368673,46.409517,True,82-52-99-57-20-25-24|14-47-15-16-9-87-97-13|69-88-53-10-17-60|83-23-21-19-22-49-66|92-33-30-28-26-32-93|5-45-2-7-6-8-3-1-70|95-62-67-71-94-50-91-80|65-59-75-86-74-58|27-29-31-34-89|72-81-90-96-54|42-39-36-44-40-43-37-35|63-76-85-84-56|98-78-79-46-4-100|61-38-41-68-55|64-51-18-77-48|11-12-73
325,16,1863.6478,328.4223,95.0,235.5908,0,16,47.091768,47.123929,True,14-47-16-15-78-60|83-23-21-19-18-49-48-24|92-33-30-28-26-32-93|63-76-85-84-56-66|59-75-87-97-58-77|72-42-44-40-38-41-35-37|65-52-99-57-86-74-25|45-73-79-8-46-4-1-70-100|82-12-11-9-10-13-17|64-51-22-20-89|27-29-31-34-50-91-80|69-98-88-53-55|2-5-7-3-43|95-62-67-71-94-96-54|39-61-81-90-68|36-6
326,16,1864.5066,353.3484,115.0,227.4425,0,16,47.349411,47.386347,True,42-44-40-35-37|72-39-36-38-41-43-54|14-47-15-16-9-87-97-58|63-76-85-84-56|59-75-86-77-25|11-12-73-78-55-68|27-29-31-34-89|92-33-30-28-26-32-93|5-45-2-7-6-8-3-1-70-100|95-62-67-71-94-50-91-80|69-98-99-53-10-13-17|82-88-79-46-4-60|65-52-21-18-49-20-48-24|64-51-57-74|83-23-19-22-66|61-81-90-96
327,16,1871.0914,376.2106,98.0,234.1494,0,16,49.324858,49.366504,True,82-52-99-57-20-25-24|14-47-15-16-9-87-97-13|69-98-88-53-10-17-60|83-23-21-19-22-49-66|92-33-30-28-26-32-93|5-45-2-7-6-8-3-1-70|95-62-67-71-94-50-91-80|65-59-75-86-74-58|27-29-31-34-89|72-61-81-90-96-54|39-42-44-40-43-37-35|63-76-85-84-56|78-79-46-4-100|36-38-41-68-55|64-51-18-77-48|11-12-73
328,16,1871.8423,322.3307,133.0,228.2427,0,16,49.550131,49.586535,True,39-42-44-41-40-43-37-35|72-36-38-81-54-96|14-47-15-16-9-87-97-58|63-76-85-84-56|59-75-86-25|11-12-73-78-55-68|27-29-31-34-89|92-33-30-28-26-32-93|5-45-2-7-8-3-1-70-100|95-62-67-71-94-50-91-80|69-98-99-53-10-13-17|82-88-79-6-46-4-60|61-90|65-52-23-18-49-20-48-24|64-51-57-74-77|83-21-19-22-66
329,16,1873.7446,329.7616,83.0,235.5908,0,16,50.120801,50.154993,True,83-23-21-19-18-49-48-24|92-33-30-28-26-32-93|95-62-67-94-96-54|63-76-85-84-56-66|59-75-87-97-58-77|72-42-44-40-38-41-35-37|65-52-99-57-86-74-25|73-79-8-46-4-1-70-100|5-45-2-7-78-55-68|64-51-22-20-89|27-29-31-34-50-91-80|69-98-88-90|14-47-16-15-53-10|82-12-11-9-13-17|36-71-81-43|39-61-6-3-60
330,16,1882.0195,311.2522,105.0,225.6424,0,16,52.60329,52.637895,True,39-42-44-41-40-43-37-35|14-47-15-16-9-87-97-58|92-33-30-28-26-32-93|5-45-2-7-6-8-3-1-70-100|95-62-67-71-94-50-91-80|72-36-38-81-54-96|65-83-52-99-57-86-74-24|63-64-51-22-20-48-25|23-21-19-18-49-77|59-75-10-13-17|61-79-46-4-60|82-69-88-90|98-11-12-53|27-29-31-34-89|76-85-84-56-66|73-78-55-68
331,16,1882.7622,304.8845,116.0,235.5908,0,16,52.826077,52.862542,True,14-47-16-15-78-17-60|83-23-21-19-18-49-48-24|95-62-67-71-94-96-54|63-76-85-84-56-66|59-75-87-97-58-77|72-42-44-40-38-41-35-37|65-52-99-57-86-74-25|45-73-79-8-46-4-1-70-100|2-5-6-3-55-68|64-51-22-20-89|27-29-31-34-50-91-80|69-98-88-53-9-10-13|36-39-61-81-43|92-33-30-28-26-32-93|82-12-90|11-7
332,16,1884.2598,426.5008,101.0,228.2427,0,16,53.27536,53.327915,True,64-51-85-84-56-91|39-42-44-41-40-43-37-35|47-15-73-79-10-13|82-52-99-57-20-25-24|72-36-38-81-54-96|14-11-16-9-87-97-58|95-63-76-18-48|65-59-75-86-74-77|12-90-55-68|69-98-88-53-78-17-60|27-29-31-34-89|83-23-21-19-22-49-66|92-33-30-28-26-32-93|5-45-2-7-6-8-3-1-70|61-46-4-100|62-67-71-94-50-80
333,17,1884.5094,568.6691,81.0,237.8925,0,17,53.350254,53.423956,True,82-52-57-86-74-24|14-47-15-16-9-87-97-13|11-12-73-78-60|69-98-88-53-10-17|92-33-30-28-26-32-93|95-62-67-71-94-80|65-59-75-58-25|5-45-2-7-79-46-55|27-29-31-34-50-91|72-61-81-90-96|42-39-36-40-43-37-35|44-38-41-54-68|6-8-3-1-4-100-70|63-76-51-85-89-48|83-64-21-18-49-20-77|99-84-56-66|19-23-22
334,15,1885.4872,248.5095,99.0,237.0964,0,15,53.643596,53.670649,True,64-51-85-84-56-91|92-95-62-67-71-94-50-93|72-39-44-40-38-41-37-35|69-98-88-53-78-60|42-36-61-81-96-54-68|63-76-18-49-20-25-77|33-30-28-26-34-32-80|83-23-21-19-22-66|45-73-79-8-46-55|65-59-75-87-97-74-58|14-47-11-15-16-9-10-13-17|82-52-99-86-57-24|31-29-27-89-48|12-7-6-3-1-4-100|5-2-90-43-70
335,16,1887.1309,357.7424,97.0,234.1494,0,16,54.136696,54.180285,True,82-52-86-57-20-25-24|69-98-88-99-60|83-23-21-19-22-49-66|92-33-30-28-26-32-93|5-45-2-7-6-8-3-1-70|95-62-67-71-94-50-91-80|65-59-75-87-97-74-58|27-29-31-34-89|72-81-90-96-54|42-39-36-44-40-43-37-35|63-76-85-84-56|12-78-79-46-4-100|61-38-41-68-55|64-51-18-77-48|14-47-73-9-10-13-17|11-15-16-53
336,16,1893.3749,336.6247,102.0,232.6101,0,16,56.009906,56.052469,True,14-47-16-15-78-60|83-23-21-19-18-49-89|27-29-31-34-50-91-80|92-33-30-28-26-32-93|36-7-6-55-68|95-62-67-71-94-96-54|63-76-85-84-56-66|59-75-87-97-58-77|72-39-38-41-40-37-43|65-52-99-57-86-74-24|45-73-79-8-46-4-100|64-51-22-20-48-25|82-12-11-9-10-13-17|69-98-90-53|5-2-88-3-1-70|42-44-61-81-35
337,16,1899.549,306.6227,132.0,228.2427,0,16,57.862118,57.904378,True,39-42-44-41-40-43-37-35|14-47-15-16-9-87-97-58|63-76-85-84-56|11-12-73-78-55-68|27-29-31-34-89|92-33-30-28-26-32-93|5-45-2-7-6-8-3-1-70-100|95-62-67-71-94-50-91-80|69-82-99-53-10-13-17|61-79-46-4-60|65-52-21-18-49-20-48|72-36-38-81-54-96|83-64-51-57-25-24|59-23-19-22-66|98-88-90|75-86-74-77
338,16,1905.7092,301.5505,120.0,227.4425,0,16,59.710192,59.752219,True,39-42-44-41-40-43-37-35|14-47-15-16-9-87-97-58|59-75-86-77-25|11-12-73-78-55-68|92-33-30-28-26-34-32-93|5-45-2-7-6-8-3-1-70-100|95-62-67-71-94-50-91-80|69-98-99-53-10-13-17|82-88-79-46-4-60|65-52-21-18-49-20-48-24|83-23-19-22-66|72-36-38-81-54-96|63-76-51-85-89|64-90-57-74|61-84-56|27-29-31
339,16,1922.602,385.0979,90.0,228.2427,0,16,64.778028,64.834775,True,64-51-85-84-56|39-42-44-41-40-43-37-35|82-52-99-90-10-13|72-36-38-81-54-96|14-47-15-16-9-87-97-58|95-63-76-18-48-25|65-59-75-86-74-77|11-12-73-78-55-68|69-98-88-53-17-60|27-29-31-34-24|83-23-21-49-22-20-66|92-33-30-28-26-32-93|5-45-2-7-6-8-3-1-70|61-79-46-4-100|62-67-71-94-50-91-80|19-57-89
340,17,1935.8222,479.6597,149.0,219.4974,0,17,68.744104,68.823889,True,82-52-99-57-20-25-24|14-47-15-16-9-87-97-13|69-98-88-53-10-17-60|83-23-21-19-22-49-66|92-33-30-28-26-32-93|5-45-2-7-6-8-3-1-70|65-59-75-86-74-58|27-29-31-34-89|72-81-90-96-54|42-39-36-44-40-43-37-35|61-38-41-68-55|95-62-67-94-84-56-91|11-73-79-46-4-100|12-78-77|63-76-18-48|64-51-85-50-80|71
341,22,1944.6777,1107.3354,88.0,232.6101,0,22,103.224111,103.398071,True,45-5-3-1-70|2-6-55|88-7-8-46-4-100|12-9-10|82-11-15-16-17-13|14-47-73-79-78|64-19-18-48|65-22-49-20-66|83-21-23-25-24|33-28-27-34-50|92-31-29-30-26-32-93-80|72-39-36-40-35-37|42-44-38-41-43-68|61-81-54-96|95-62-84-56|52-75-97-58-77|98-53-60|63-76-51-85-89-91|71-67-94|69-90|59-87-86-74|99-57
342,17,1947.118,536.7565,121.0,223.2769,0,17,72.132845,72.222351,True,42-36-44-41-40-43-37-35|14-47-15-16-9-87-97-58|11-12-73-78-55-68|82-98-88-53-10-17-60|27-29-31-34-89|92-33-30-28-26-32-93|5-45-2-7-6-8-3-1-70|61-79-46-4-100|95-62-67-71-94-80|72-39-38-81-54-96|65-52-75-77|64-57-86-74-24|63-51-22-48-25|83-23-21-19-18-49-20|69-90-13|76-85-84-50-91|59-99-66-56
343,17,1951.4996,486.7989,128.0,223.2769,0,17,73.447305,73.531332,True,39-42-44-41-40-43-37-35|14-47-15-16-9-87-97-58|11-12-73-78-55-68|69-98-88-53-10-17-60|92-33-30-28-26-32-93|5-45-2-7-6-8-3-1-70|95-62-67-71-94-50-91|72-36-38-81-54-96|65-83-52-99-57-86-74-24|64-51-76-20-48-25|90-66-56|63-85-84-89|61-79-46-4-100|82-75-13|59-21-19-49-77|27-29-31-34-80|23-18-22
344,17,1969.1079,477.0981,105.0,223.8465,0,17,78.729807,78.815446,True,82-52-99-57-25-24|14-47-15-16-9-87-97-13|69-98-88-53-10-17-60|83-23-21-19-18-66|92-33-30-28-26-32-93|5-45-2-7-6-8-3-1-70|95-62-67-71-94-50-91-80|65-59-75-86-74-58|27-29-31-34-89|72-81-90-96-54|42-39-36-44-40-43-37-35|78-79-46-4-100|61-38-41-68-55|63-64-76-49-77|11-12-73|51-85-84-56|22-20-48
345,17,1970.1897,445.7865,131.0,223.2769,0,17,79.054347,79.138129,True,42-36-44-41-40-43-37-35|14-47-15-16-9-87-97-58|11-12-73-78-55-68|69-98-88-53-10-17-60|27-29-31-34-89|92-33-30-28-26-32-93|5-45-2-7-6-8-3-1-70|61-79-46-4-100|72-39-38-81-54-96|82-75-77|83-99-57-86-74-24|63-62-51-22-20-48-25|23-21-19-18-49-56|71-67-94-13|95-76-85-84-50-91-80|65-59-52-90|64-66
346,17,1972.7161,408.592,139.0,223.2769,0,17,79.812256,79.892016,True,39-42-44-40-43-37-35|14-47-15-16-9-87-97-58|11-12-73-78-55-68|69-98-88-53-10-17-60|5-45-2-7-6-8-3-1-70|72-36-38-41-54-96|65-83-52-99-57-86-74-24|63-64-22-20-48-25|23-21-19-18-49-77|59-75-89|82-61-90-13|79-46-4-100|95-62-67-94-84-56|33-31-27-34-50-91-80|92-29-28-30-26-32-93|71-81|76-51-85-66
347,16,1980.3163,349.3345,89.0,234.1494,0,16,82.09232,82.161803,True,82-52-99-57-20-25-24|14-47-15-16-9-87-97-13|69-98-88-53-10-17-60|83-23-21-19-22-49-66|92-33-30-28-26-32-93|95-62-67-71-94-56-91-80|65-59-75-86-74-58|5-45-2-7-79-46-55|27-29-31-34-50|36-39-90-35|63-76-18-77-48|64-51-85-84-89|72-42-6-8-3-1-4-100|44-61-81-54-96|40-38-41-37-43-70|11-12-73-78-68
348,17,1989.6201,495.3197,100.0,225.6424,0,17,84.883457,84.977753,True,39-42-44-41-40-43-37-35|14-47-15-16-9-87-97|11-12-53-55-68|69-98-88-78-17-60|92-95-33-30-34-32-93|5-45-2-7-8-3-1-70|71-67-94-91-80|72-36-38-81-54-96|65-83-52-99-57-86-74-24|63-64-51-22-20-48-25|23-21-19-18-49-77|59-75-58|82-61-90-10-13|27-29-31-50-89|76-85-84-56-66|73-79-6-46-4-100|62-28-26
349,20,1994.6068,957.0021,88.0,232.6101,0,20,86.379474,86.545263,True,45-5-3-1-70|2-7-6-8-46-4-100|11-15-16-9-13|47-14-12-53-10-17-60|64-19-18-48|65-57-22-49-20|83-21-23-25-24|33-28-27-26-34|92-31-29-30-32-80|72-39-36-35-37|42-44-38-40-43-68|61-81-41-54-96|95-62-90-50|52-99-86-87-58-77|51-85-84-56-66|98-88-73-79-55|63-76-89-91|71-67-94-93|59-75-97-74|69-82-78
350,22,2002.8186,1177.2173,79.0,234.0444,0,22,113.706408,113.907608,True,45-5-3-1-70|2-6-79-55|88-7-8-46-4-100|12-10|82-11-15-16-9-13|14-47-73-17|64-19-18-89-48|65-22-49-20-66|83-21-23-25-24|33-28-27-26-34|92-31-29-30-32-80|72-39-36-40-35-37|42-44-38-41-43-68|61-81-54-96|95-62-84-56|52-75-97-58-77|53-78-60|63-76-51-85-50-91|71-67-94-93|69-98-90|59-87-74|99-86-57
351,17,2021.6537,436.8223,79.0,235.6733,0,17,94.493554,94.58809,True,83-64-51-85-84-56-91|92-95-62-67-94-50-32-93|72-44-40-38-41-37-35-70|69-98-53-78-10|82-52-99-57-20-25-24|42-61-81-90-68-54|14-47-16-15-9-97-58-77|45-5-8-3-1-4-100|63-76-22-89-48|65-59-75-86-74|88-73-79-55-60|33-30-28-26-34-80|12-11-87-13-17|31-29-27-96|23-21-19-18-49-66|39-36-71-43|2-6-7-46
352,17,2025.2228,414.3707,89.0,234.0444,0,17,95.564272,95.657267,True,83-64-51-85-84-56-91|92-95-62-67-71-50-32-93|72-39-44-40-38-41-37-35-70|69-88-73-79-60|42-61-81-90-68-54|82-11-16-87-58-77|5-45-7-8-3-1-4-100|33-30-28-26-34-80|23-21-19-49-22-20-66|98-2-6-46-55|63-76-18-89-48|14-59-75-97-74-25|36-94-43|65-52-99-86-57-24|31-29-27-96|15-47-12-78|53-9-10-13-17
353,23,2037.8713,1332.5209,79.0,232.6101,0,23,137.001942,137.237039,True,45-5-3-1-70|2-6-55|88-7-8-46-4-100|12-10|82-11-15-16-9-13|14-47-17|64-19-18-48|65-57-22-49-20|83-21-23-25-24|33-28-27-26-34|92-31-29-30-32-80|72-39-36-38-35-37|42-44-41-40-43-68|61-81-54-96|95-62-85-50|52-75-97-58-77|90-84-56-66|73-79-78-60|63-51-76-89-91|71-67-94-93|69-98-53|59-87-74|99-86
354,20,2053.0425,907.5779,82.0,232.6101,0,20,103.910181,104.085488,True,2-5-8-46-3-1-70|61-7-6-4-100|12-11-9-13|14-47-16-15-10-17-60|19-22-18-48|99-57-49-20|83-21-23-25-24|33-28-27-26-34|92-31-29-30-32-80|72-39-36-35-37|42-44-38-40-43-68|45-81-41-54-96|95-62-90-50|65-52-75-58-77|63-85-84-56-66|98-88-73-79-55|64-51-76-89-91|71-67-94-93|59-86-87-97-74|69-82-53-78
355,19,2110.134,616.2413,119.0,223.2769,0,19,121.037629,121.188363,True,5-45-2-6-7-46-4-100|12-11-87-97-77|14-47-16-15-78-60|65-52-57-22-49-20-24|83-23-21-19-18-48-25|27-29-31-34-50-80|92-33-30-28-26-32-93|72-39-40-38-41-54-96|42-44-61-43-37-35|95-67-94|63-85-84-56-66|88-99|64-51-76-89-91|69-98-8-3-1-70|59-73-79-17-13|62-90-53-10|36-71-81-74|75-86-58|82-9-55-68
356,17,2128.9945,286.1857,158.0,234.9176,0,17,126.695785,126.807714,True,69-98-88-90-68-60|92-33-30-28-26-34-32-93|5-45-2-7-6-8-3-1-70|42-61-79-46-4-100|95-62-67-71-94-50-91-80|72-36-38-81-54-96|63-64-51-22-20-25-24|83-76-18-49-77-48|31-85-84-89|39-44-41-40-43-37-35|27-29-56|23-21-19-57-66|65-59-75-87-97-13-17|14-52-99-86-10-74|47-11-15-16-9-58|82-12-73-78-55|53
357,20,2145.4632,660.8371,110.0,223.2769,0,20,131.636385,131.803807,True,39-42-44-41-43-37-35|14-47-11-16-97-58|69-53-10-17-60|33-30-28-26-32-93|45-7-6-8-3-1-70|95-62-67-71-94-50-91-80|72-36-38-54-96|65-83-99-57-74-24|64-51-22-20-48-25|23-19-49-77|27-29-31-34-89|98-78-79-46-4-100|82-87-86|52-21-18-66|12-15-9-13|92-63-76-85-84-56|5-2-40-68|59-75|88-73-55|61-81-90
358,22,2162.1309,1110.1753,126.0,219.4974,0,22,136.636694,136.878149,True,14-47-16-15-78-60|64-19-18-49-48|92-33-30-28-26-32-93|95-67-71-94-96|62-85-51-84-66|59-75-58|72-39-36-40-38-41-37|65-57-86-74|73-79-8-46-4-100|82-10-13|2-6-3-1-70|42-44-61-81|27-29-31-34-50-91-80|83-21-23-25-24|90-43-35|69-98-88-53-9-97|63-76-89|5-45-7-68-54|22-20-77|11-12-17|99-87-55|52-56
359,22,2165.9645,1071.0459,80.0,232.4765,0,22,137.786788,138.020871,True,2-5-8-46-3-1-70|45-7-6-4-100|99-9-10|14-47-15-16-17|22-18-48-25|57-49-20|83-23-21-19-24|33-31-27-26-34|92-95-62-29-30-32-80|72-39-36-38-35-37|42-44-43-68|81-94-96-54|65-51-77-58|63-28-84-56-66|88-73-79-55|64-76-85-50-91|52-86-87-74|69-98-90-53|71-67-89-93|82-11-12-78-60|59-75-97-13|61-40-41
360,20,2168.387,712.9015,133.0,219.4974,0,20,138.513534,138.697375,True,82-52-99-57-20-25-24|14-47-15-16-9-87-97-13|69-98-88-53-10-17-60|83-23-21-19-22-49-66|92-33-30-28-26-32-93|5-45-2-7-6-8-3-1-70|95-62-67-71-94-50-91-80|65-59-75-86-74-58|72-81-90-96-54|42-39-36-44-40-43-37-35|63-76-85-84-56|61-68|79-4-100|73-78-77|18-48|11-12-46-55|51-89|64-34|38-41|27-29-31
361,19,2186.3058,571.6959,88.0,232.6101,0,19,143.889164,144.054367,True,82-11-15-16-17-13|69-98-88-53-9-10|59-75-87-97-58-77|65-52-99-90-74-24|83-19-21-57-25|63-23-18-22-49-20-48|64-76-51-84-89|92-33-28-30-50-56-91|95-62-67-34-26-32-93|31-29-27-96|72-44-61-43-68|5-46-3-1-4-70|45-8-37-35|2-7-6-79-60-100|47-14-12-73-78-55|42-39-40-38-41-54|36-71-81|86-66|85-94-80
362,22,2195.2955,1029.9965,71.0,232.4765,0,22,146.586093,146.821918,True,2-5-8-3-1-70|45-6-7-46-4-100|12-11-9|14-47-15-16-17|19-22-18-48|99-57-49-20|83-21-23-25-24|33-31-27-26-34|92-95-62-29-30-32-80|72-39-36-38-35-37|42-44-43-68|81-94-96-54|65-51-77-58|63-28-84-56-66|88-73-79-55|64-76-85-50-91|52-86-87-74|69-98-90-53|71-67-89-93|82-78-10-60|59-75-97-13|61-40-41
363,25,2270.4269,1185.0372,121.0,219.4974,0,25,169.1255,169.411074,True,83-23-21-19-49-20-48|27-29-31-34-50-91-80|45-7-6-55-68|95-62-67-94-96|63-76-85-84-56-66|59-75-58|72-39-38-40-37|65-86-74|73-79-8-46-4-100|82-12-11-10-13|2-5-3-1-70|69|64|14-47-16-15-78-60|42-44-61-81|92-33-30-28-26-32-93|57-25-24|22-77|41-54|36-71-43-35|98-88-53-17|90-97|51-18-89|52-87-9|99
364,23,2290.7248,1026.0806,121.0,223.1345,0,23,175.214872,175.482637,True,82-11-15-16-17-13|69-98-88-53-9-10|59-75-87-97-58|65-52-74-24|83-19-49-22-25|63-23-21-18-48|84-85-89|92-33-28-30-50-56|62-26-34-93|31-29-27-96|71-54|72-36-38-81|61-43-68|5-8-46-3-1-4-70|95-90|64-51-76-20-77|99-86-57-66|39-67-32|45-44-40-35-37|42-41|94-91-80|2-7-6-79-60-100|47-14-12-73-78-55
365,22,2292.4702,971.1004,104.0,225.0479,0,22,175.738496,175.996825,True,14-47-16-15-78-60|83-23-21-19-18-49-48|92-33-30-28-26-32-93|95-62-67-94-54|63-76-85-56-66|59-75-57-77|42-44-40-38-41-37-43|65-52-99-86-87-97-74|73-79-8-4-70|82-12-11-9-13|5-45-2-6-7-55|64-51-20|27-29-31-34-91-80|72-39-61-3|69-98-88-90|36-71-81-35|25-24|96-68-100|46-1|84-50-89|22-58|53-10-17
366,23,2321.8257,1045.2148,117.0,221.6703,0,23,184.545153,184.824499,True,82-11-15-16-17-13|69-98-88-53-9-10|59-75-97-58|65-52-87-74-24|19-23-57-25|83-22-18-48|63-76-51-85-89|92-33-28-30-50-56|95-67-34-26-93|62-27-96|71-81-54|72-39-36-40-38|61-43-68|5-46-3-1-4-70|90|64-21-49-20-77|99-86-66|29-31-84-32|45-8-37-35|42-44-41|94-91-80|2-7-6-79-60-100|47-14-12-73-78-55
367,25,2340.2827,1293.1058,159.0,216.2499,0,25,190.082226,190.408279,True,14-15-47-73-78-60|23-21-19-18-20-25|27-29-34-50-91|62-28-93|68|71-94-96|51-85-84-56-66|59-75-87-97-58|72-39-36-38-40-43-37-35|65-52-86-74-24|11-79-6-46-4-100|22-89|82-12-16-9-10-13-17|69-98-53|5-45-2-1-70|42-44|90-80|92-63-76-49-48|31-32|81-41-54|99-57-77|88-7-8-3-55|61|83-64-67-26|95-33-30
368,25,2343.6266,1294.1844,145.0,218.4643,0,25,191.085409,191.411559,True,45-5-8-7-6-4-100|82-11-15-9-13|14-47-16-12-78-60|83-23-21-19-18-49-48-24|27-29-31-50-91-80|92-33-30-28-26-32-93|72-39-36-40-38-41-54|95-62|55-68|69-98-73-3-70|65-52-86-74|63-76-85-84|81|59-57-77|42-44-37|64-51-22-20|53-25|71-94-43-35|88-79-17|2-46-1|67-34-89|75-97-58|61-90-66-56|99-87-10|96
369,23,2363.0919,1079.9141,132.0,219.4974,0,23,196.925005,197.22311,True,64-51-85-84-56-91|39-44-41-40-35-37|90-13|82-52-99-57-20-25-24|72-36-38-81-54|14-47-15-16-9-87-97-58|95-63-76-18-48|59-75-86-77|11-12-73-68|69-98-88-53-60|27-29-31-34-89|83-23-21-19-49-66|33-30-28-26-32-93|45-2-8-7|61-79-46-4-100|62-94-50-80|55-70|22-10-17|42-43-1|65-78-6|92-96|71-67-74|5-3
370,25,2366.7894,1259.1215,144.0,219.3502,0,25,198.03426,198.362133,True,5-45-2-46-4-100|82-11-10-13-17|14-47-16-78|65-20-24|83-23-48|72-39-36-40-38-41-54|42-44-43-37-35|69-98-53-1-70|33-28-27-50-80|31-29-30-26-32-93|92-62-67-85-84-56-66|99-86-87-77|81|88-73-79-55-68|95-63-76-89-91|52-75-74-58|61-3-60|71-96|64-51-22-49-25|90-94|34|59-57-97|7-8-6|19-21-18|12-15-9
371,25,2370.5399,1282.0446,120.0,219.5759,0,25,199.159399,199.48947,True,65-95-62-67-94-96|61-41-40-37-68|75-87-74-58|53-3-1|72-42-38-44-43-35|63-33-31-34|98-15-16-9-10-13-17|11-7-8-46-4-100|29-28-26-32-93|23-21-18-22-25-24|73-78-60|19-51-84-91|5-45-2-6-79|82-52-99-86-57|76-85-89|81|69-90|27-30-50|55-70|80|14-47-12-88-54|59-97-77|92-56-66|83-64-49-48|39-36-71-20
372,25,2379.2607,1271.895,144.0,216.4105,0,25,201.775635,202.108724,True,5-45-2-7-6-8-46-4-100|82-11-10-13|14-15-16-78-60|23-21-49-20-25|27-29-31-34-50-91-80|92-33-30-28-26-32-93|72-39-36-40-38-41-54|95-62-94|88-73-79-55-68|69-98-53-3-1|65-52-57-86-74|63-76-84|61-81|59-75-77|42-44-43-37-35|64-19-51-89|12-58|70|56-96|90-66-24|47-99-87-97-17|71-67-48|9|85-22|83-18
373,23,2379.5189,1016.5814,120.0,219.4974,0,23,201.853093,202.145426,True,99-57-20|14-47-15-16-9-87|69-11-10|83-23-21-19-22-49-66|92-33-30-28-26-32-93|45-5-8-6-1-70|95-62-67-71-96-91-80|59-75-74-58|27-29-31-34-89|72-81-90-54|42-39-36-44-43-37-35|63-84-56|79-4-100|61-41-68-55|51-18-48|76-85-25-24|65-12-17-13|7-46-3|52-94-50|38-40|2-88-53-78|64-86-97-77|82-98-73-60
374,23,2383.7919,1058.0826,112.0,218.8496,0,23,203.13499,203.433932,True,82-11-15-16-9-13-17|59-75-87-97-58|65-52-74-24|19-21-25|83-23-22-18-48|95-76-51-84-89|92-33-28-30-50|63-62-67-34-26-93|31-29-27|72-36-38-40-43|5-46-3-1-4|64-49-20-77|39-71-85-32|45-8-37-35|42-44-41|47-14-12-73-78|61-54-68-70|2-7-6-79-60-100|99-57-86-10-80|69-98-88-55-91|90-53-66|94-96|81-56
375,25,2395.1146,1040.1588,162.0,218.4359,0,25,206.531819,206.837008,True,5-45-7-6-8-4-100|82-12-11-9-13-17|14-47-16-15-78-60|83-23-22-20-25|27-29-31-50-91-80|92-33-30-28-26-32-93|39-36-40-38-41-54-96|95-62-67-94|73-79-55-68|69-98-53-1-70|65-52-57-86-74-24|76-85-84-56|61-81-90|59-75-87-97-77|42-44-43-37-35|19-51-89|10-58|88-46-3|72-64-18-48|49-66|99|63-34|71|21|2
376,25,2398.1476,1121.1914,147.0,217.1877,0,25,207.441726,207.758292,True,5-45-7-6-8-46-4-100|82-12-11-9-10-13-17|14-47-16-15-78-60|65-52-57-22-49-24|83-23-21-19-18-25|72-40-41-54|99-87-74|73-55-68|92-95-51-76-89-91|69-53-1-70|59-75-97-58|33-28-31-34-50-80|29-27-30-26-32-93|71-94-96|64-90|85|39-20-48|88-66-56|86-77|42-43-37-35|61-3|98-2-79|67-84|63-62-81|36-38-44
377,25,2404.764,1241.6666,170.0,216.2499,0,25,209.426636,209.765418,True,5-45-2-7-6-8-46-100|82-11-15-10-13-17|65-57-22-49-20-24|83-23-21-19-25|27-29-31-34-91-80|92-33-28-26-32-93|72-39-36-40-38-41-54-96|71-67-94-68-55|76-66|69-98-88-53-70|59-75-87-97-58|12-86-74|61-81-90|14-47-73-79-78-60|42-44-43-37-35|64-85-89|16-9-48|56|51-84-50|1-4|52-77|3|95-62-30|99|63-18
378,25,2406.7022,1295.4016,121.0,217.1877,0,25,210.008102,210.350766,True,5-45-2-7-8-6-100|82-11-10-13|14-15-60|65-52-57-49-20-24|83-23-21-19-18-48|27-29-31-34-50-80|92-33-30-28-26-32-93|72-39-36-38-54-96|42-44-40-43|62-67-71|99-86-87-74|63-85-84-56-66|88-73-79-55-68|64-51-76-89-91|69-98-3-1-70|59-75-97-77|61|95-22-25|37-35|17|47-94-4|81-41|53-9-58|90-46|12-16-78
379,25,2424.4827,1205.0774,110.0,219.4974,0,25,215.342252,215.675948,True,64-51-85-84-56|39-42-44-41-40-43-35|47-15-16-79-13|82-52-99-20-25-24|72-54-96|14-11-9-97|95-63-76-18-48|65-59-75-74|90-55|69-98-88|27-29-31-34-89|83-23-21-19-66|92-33-30-28-26-32-93|45-7-6-8-3-1-70|61-46-4-100|62-67-71-50-80|37-68|10-58|94-60|5-2-73-17|12-78-53-91|86-87-77|57-22-49|81|36-38
380,22,2437.3136,896.4881,98.0,224.2295,0,22,219.1915,219.481367,True,39-42-44-40-41-54-96|14-15-47-73-79-13|90-57-20-24|72-38-81|82-11-16-87-58|62-76-18-48|59-75-86-77|69-98-12-78-17-60|27-29-31-34-50|83-23-21-49-22-56|92-33-30-28-26-93|45-1-70|88-6-8-46-55|61-94-84-25|71-3-4-100|7-53|67-97-74|95-63-85-89-91|65-52-99-9-10-66|36-35-37|2-5-43-68|64-19-51-32-80
381,24,2454.4288,1119.9611,87.0,228.2427,0,24,224.326059,224.654684,True,95-62-84-56|39-42-44-41-40-43|47-15-10-13|82-99-57-20|38-81-54-96|11-16-87-58|63-76-18-48|52-86-74-77|12-90-55-68|69-98-53-78-17-60|27-29-31-34-50|83-23-21-49-22|92-33-30-28-26|45-5-3-1-70|61-8-46|94|64-24-25|2-79-4-100|73-7-6-93|65-59-75-97|71-67-89-91|14-88-9-66|72-36-35-37|19-51-85-32-80
382,23,2455.0293,736.906,124.0,219.4974,0,23,224.506221,224.779656,True,45-2-7-6-8-46-4-100|82-12-11-10-13-17|65-52-57-89|83-21-49-20-25-24|27-29-34-91-80|92-33-30-28-26-32-93|72-39-40-41-54-96|62-67-71-94|63-76-85-84-66|69-98-88-53-3-1-70|59-75-87-97-77|64-99-86-48|42-61-81-90|14-47-73-79-78|15-16-55-68|44-43-37-35|51|50-56|36-38-60|19-18-22-74-58|95-31|5-9|23
383,25,2458.7989,1296.3624,72.0,231.5707,0,25,225.637114,225.992808,True,5-45-6-46-4-100|82-12-11-9|14-47-16-15-78-60|65-52-57-22-20|83-23-21-18-48|29-31-34-50-80|92-33-28-30-32|39-38-41-54-96|42-44-43-37|95-67-94|99-86-87|63-85-84-56|88-55|64-51-76-91|69-98-73-3-1-70|59-75-97-58|10-13-17|2-8-74|81-90-66-93|61-40-35|72-71-68|19-49-25-24|7-53-77|62-27-26-89|36-79
384,25,2478.2575,981.2956,101.0,223.2769,0,25,231.474674,231.790603,True,39-42-44-41-43-37-35|14-47-16-97-58|98-78-55-68|69-53-10-17-60|33-30-28-26-32-93|45-6-8-3-1-70|95-62-67-71-94-50-91-80|72-36-38-54-96|65-83-57-74-24|51-22-20-48-25|23-19-49-77|59-75-66|82-90-13|27-29-31-34-89|85-84-56|79-46-4-100|87-86|52-21-18|61-81|12-15-9|64-99|92-63-76|88-7|11-73|5-2-40
385,25,2485.6532,1191.1649,134.0,218.4643,0,25,233.693376,234.045582,True,39-40-43-37-35|14-47-15-16-9-87-58|11-12-73-78-68|69-98-53-17-60|92-33-30-28-26-32-93|5-45-2-6-7-3-1-70|95-62-71-94-50-80|72-36-38-81-54-96|65-83-52-57-74|63-64-51-48|23-21-19-49-77|59-75-97|82-90-10-13|27-29-31-34-89|76-85-84-56|88-79-46-4|61-8|55-91|99-24|18-20|41|42-44|86|66-100|67-22-25
386,25,2525.787,1234.1705,93.0,223.7075,0,25,245.733543,246.100926,True,82-52-99-57-20-25|14-47-16-15-13|12-73-60|69-88-53-10-17|83-23-21-22-66|30-32-93|62-67-71-94-56-91|65-59-75-86-58|5-45-2-79-46-55|27-29-34-50|72-61-81|63-76-18-77|42-39-36-37|64-51-85-84-89|44-41-54-68|6-1-70-100|90-96-80|95-19-49-48-24|11-74|33-31-28-26|92-38-40-35|4|98-7-78|8-3-43|9-87-97
387,25,2543.774,1210.5489,69.0,237.1894,0,25,251.129625,251.498483,True,5-45-6-46-4-100|82-11-9|14-47-16-15-78-60|65-52-57-22-20|83-23-21-18-48|29-31-34-50-80|92-33-28-30-32|39-38-41-54-96|42-44-43-37|95-67-94|99-86|85-84-56|88-55|64-51-76-91|69-98-3-1-70|59-75-87-58|62-19-49-24-77|8-17-13|12-73-79-68-93|63-27-35|90-97-74|71-26-89|61-81-66-25|72-36-40|2-7-53-10
388,25,2548.8369,1175.9282,103.0,220.8405,0,25,252.648505,253.014636,True,82-11-15-16-17-13|69-98-88-53-9-10|59-75-58|65-52-99-87-74-24|83-57-25|63-23-22-49-48|64-76-51-84|92-33-28-30-50-56|62-26-34-93|31-29-27-96|72-71-81-54|36-40-38|44-61-43-68|5-46-3-1-4-70|95-94|90-20-77|86-66|39-32|45-8-37-35|42-41|91-80|2-7-6-79-60-100|47-14-12-73-78-55|67-85-89|21-19-18-97
389,25,2550.9334,1150.031,145.0,214.7386,0,25,253.277444,253.643604,True,14-47-16-15-78-60|23-21-19-18-20-25|27-29-50-91|28-93|45-7-6-55-68|62-67-71-94-96|76-85-84-56-66|59-75-87-97-58|72-39-36-38-40-43-35|65-52-57-86-74-24|73-79-46-4-100|22-89|82-12-11-9-10-13-17|69-98-53|5-2-88-1-70|42-44|90-54-80|92-63-49-48|31-34-32|41-37|99-77|81-3|61-8|83-64-51-26|95-33-30
390,25,2576.5256,1007.6834,100.0,223.2769,0,25,260.9551,261.304367,True,47-16-15-78-60|19-21-18-20-48-25|27-29-31-91-80|33-30-28-26-32-93|36-7-55-68|95-62-67-71-94-96-54|63-76-85-84-56|59-75-87-97-58|72-39-41-40-35|52-99-57-86-74-24|45-73-79-8-46-100|64-51-22-89|82-12-9-13-17|98-90-53|2-5-3-1-70|42-44-61-81|69-10-66|6-43|88-4|11-77|92-38-37|65-49|83-50-34|14|23
391,25,2582.5529,1228.4152,93.0,217.139,0,25,262.76331,263.145875,True,51-84-56|61-41|73-79-78-10-13|82-52-99-57-20-24|72-38-81-54-96|11-15-16-87-58|63-76-18-48|59-86-77|12-90-55-68|69-98-53-17-60|27-29-31-34|83-23-21-49-22|92-33-30-28-26|45-2-1|88-7-8-46-100|71-67-94-50-80|25|3-4-70|6-93|65-75-97-74-91|95-62-85-89|14-47-9-66|42-39-36-35-37|5-44-40-43|64-19-32
392,25,2589.0693,1150.3089,110.0,220.319,0,25,264.718224,265.093204,True,11-15-16-17-13|88-53-9-10|59-75-97-58|63-23-21-18|64-76-89|92-33-28-30-50|95-62-67-34-26-93|31-29-27-96|72-71-81-94-54|36-40-38|44-61-43-68|5-46-3-1-4-70|65-77|39-84-85-32|45-8-37-35|42-41|2-7-6-79-60-100|47-14-12-73-78-55|80|69-90-25-24|87-86-66-91|51-20-48|98-82-57-74|99-22-49-56|83-52-19
393,23,2606.6787,893.063,78.0,224.2295,0,23,270.001047,270.33951,True,39-42-44-40-41|47-15-73-79-10-13|82-52-99-57-20-24|72-38-81-54-96|11-16-87-58|62-76-18-48|65-59-75-86-77|12-90-55-68|69-98-53-78-17-60|27-29-31-34-50|23-21-49-22-56|92-33-30-28-26-93|45-2-1|61-8-46-100|83-94-84-25|71-3-4-70|7-6|67-97-74|95-63-85-89-91|14-88-9-66|36-35-37|5-43|64-19-51-32-80
394,25,2619.6053,1127.7846,100.0,219.4974,0,25,273.879008,274.258648,True,14-47-12-15-16-13|82-11-9-10|59-75-87-97-58|65-52-99-74|83-19-57-25-24|63-23-18-22-49-48|64-51-85-84-89|92-33-28-30-50-56|42-67-34-93|31-96|39-40-43-68|5-8-46-3-1-70|88-73-79|62-71-81|95-61-53-17|69-98-78-4-100|90-20|86-66|29-27-26-32-91|45-7-6-35|44-38-41-54|94-80|72-36-37|21-76-77|2-55-60
395,25,2623.0924,1101.5524,154.0,216.074,0,25,274.925138,275.306775,True,5-45-2-7-6-8-46-4-100|82-11-9-10-13|22-20-25|27-31-34-91-80|33-30-28-26-32-93|72-36-40-38-41-54-96|65-52-57-24|63-76-85|59-75-87-77|42-44-81-43-35|14-47-73-60|69-88-55|64-23-18-89|90-68|15-79-3-1-70|21-19-66-74|83-62-84-50-56|98-99-86-97-58|92-61-37|94-48|12-16-17|39-67-49|95-29|71-51|53-78
396,25,2632.3831,959.0771,119.0,219.4974,0,25,277.712368,278.072434,True,82-52-99-57-20-25-24|14-15-16-9-87-97-13|11-12-73-60|53-10-17|83-23-19-66|30-28-26-93|95-62-67-71-94-50-91-80|65-59-74-58|5-45-2-7-79-55|27-29-31-34-89|61-81-90-96|63-76-77|42-36-44-43-37-35|51-85-84-56|72-39-40-41-54-68|88-6-8-3-4-70|48|69-38-1-100|21-49-22|78-46|92-18-32|64-86|33|98|47-75
397,25,2676.5817,931.0044,136.0,214.7386,0,25,290.971952,291.342054,True,5-45-2-6-46-4-100|82-12-11-9-10-13-17|47-16-15-78-60|19-21-49-22-20-25|27-31-34-50-91-80|28-30-32-93|72-39-38-41-54-96|67-94|98-53-3-1-70|65-52-99-57-86-74-24|63-76-85-84-56-66|59-87-58|42-61-81-37-43|88-79-55-68|51-18-89|44-90|69-73-8|14-75-48|64-23-77|40-35|36-71-26|62-29|7-97|95-83|92-33
398,25,2706.2459,1125.0707,73.0,217.139,0,25,299.871188,300.273359,True,51-84-56|39-42-44-40-41|47-15-73-79-10-13|82-52-99-57-20-24|72-38-81-54-96|11-16-87-58|63-76-18-48|59-75-86-77|12-90-55-68|69-98-53-78-17-60|27-29-31-34|83-23-21-49-22|92-33-30-28-26|45-2-1|61-8-46-100|62-67-94-50-80|64-25|3-4-70|7-6-93|65-97-74-91|71-85-89|14-88-9-66|36-35-37|5-43|95-19-32
