Rank,Z1_Vehicles,Z2_Distance,Z3_WaitTime,Z4_LoadBalance,Z5_Makespan,Unserved,Num_Routes,ASF,ASF_aug,In_ROI,Routes
1,10,828.9369,0.0,50.0,1234.8075,0,10,13.851948,13.85973,True,5-3-7-8-10-11-9-6-4-2-1-75|13-17-18-19-15-16-14-12|20-24-25-27-29-30-28-26-23-22-21|32-33-31-35-37-38-39-36-34|81-78-76-71-70-73-77-79-80|43-42-41-40-44-45-46-48-51-50-52-49-47|57-55-54-53-56-58-60-59|67-65-63-62-74-72-61-64-68-66-69|90-87-86-83-82-84-85-88-89-91|98-96-95-94-92-93-97-100-99
2,10,828.9369,0.0,50.0,1234.8075,0,10,13.851948,13.85973,True,5-3-7-8-10-11-9-6-4-2-1-75|13-17-18-19-15-16-14-12|20-24-25-27-29-30-28-26-23-22-21|32-33-31-35-37-38-39-36-34|81-78-76-71-70-73-77-79-80|43-42-41-40-44-45-46-48-51-50-52-49-47|57-55-54-53-56-58-60-59|67-65-63-62-74-72-61-64-68-66-69|90-87-86-83-82-84-85-88-89-91|98-96-95-94-92-93-97-100-99
3,10,828.9369,0.0,50.0,1234.8075,0,10,13.851948,13.85973,True,5-3-7-8-10-11-9-6-4-2-1-75|13-17-18-19-15-16-14-12|20-24-25-27-29-30-28-26-23-22-21|32-33-31-35-37-38-39-36-34|81-78-76-71-70-73-77-79-80|43-42-41-40-44-45-46-48-51-50-52-49-47|57-55-54-53-56-58-60-59|67-65-63-62-74-72-61-64-68-66-69|90-87-86-83-82-84-85-88-89-91|98-96-95-94-92-93-97-100-99
4,10,828.9369,0.0,50.0,1234.8075,0,10,13.851948,13.85973,True,5-3-7-8-10-11-9-6-4-2-1-75|13-17-18-19-15-16-14-12|20-24-25-27-29-30-28-26-23-22-21|32-33-31-35-37-38-39-36-34|81-78-76-71-70-73-77-79-80|43-42-41-40-44-46-45-48-51-50-52-49-47|57-55-54-53-56-58-60-59|67-65-63-62-74-72-61-64-68-66-69|90-87-86-83-82-84-85-88-89-91|98-96-95-94-92-93-97-100-99
5,10,828.9369,0.0,50.0,1234.8075,0,10,13.851948,13.85973,True,5-3-7-8-10-11-9-6-4-2-1-75|13-17-18-19-15-16-14-12|20-24-25-27-29-30-28-26-23-22-21|32-33-31-35-37-38-39-36-34|81-78-76-71-70-73-77-79-80|43-42-41-40-44-46-45-48-51-50-52-49-47|57-55-54-53-56-58-60-59|67-65-63-62-74-72-61-64-68-66-69|90-87-86-83-82-84-85-88-89-91|98-96-95-94-92-93-97-100-99
6,10,828.9369,0.0,50.0,1234.8075,0,10,13.851948,13.85973,True,5-3-7-8-10-11-9-6-4-2-1-75|13-17-18-19-15-16-14-12|20-24-25-27-29-30-28-26-23-22-21|32-33-31-35-37-38-39-36-34|81-78-76-71-70-73-77-79-80|43-42-41-40-44-45-46-48-51-50-52-49-47|57-55-54-53-56-58-60-59|67-65-63-62-74-72-61-64-68-66-69|90-87-86-83-82-84-85-88-89-91|98-96-95-94-92-93-97-100-99
7,10,828.9369,0.0,50.0,1234.8075,0,10,13.851948,13.85973,True,5-3-7-8-10-11-9-6-4-2-1-75|13-17-18-19-15-16-14-12|20-24-25-27-29-30-28-26-23-22-21|32-33-31-35-37-38-39-36-34|81-78-76-71-70-73-77-79-80|43-42-41-40-44-45-46-48-51-50-52-49-47|57-55-54-53-56-58-60-59|67-65-63-62-74-72-61-64-68-66-69|90-87-86-83-82-84-85-88-89-91|98-96-95-94-92-93-97-100-99
8,10,828.9369,0.0,50.0,1234.8075,0,10,13.851948,13.85973,True,5-3-7-8-10-11-9-6-4-2-1-75|13-17-18-19-15-16-14-12|20-24-25-27-29-30-28-26-23-22-21|32-33-31-35-37-38-39-36-34|81-78-76-71-70-73-77-79-80|43-42-41-40-44-46-45-48-51-50-52-49-47|57-55-54-53-56-58-60-59|67-65-63-62-74-72-61-64-68-66-69|90-87-86-83-82-84-85-88-89-91|98-96-95-94-92-93-97-100-99
9,10,828.9369,0.0,50.0,1234.8075,0,10,13.851948,13.85973,True,5-3-7-8-10-11-9-6-4-2-1-75|13-17-18-19-15-16-14-12|20-24-25-27-29-30-28-26-23-22-21|32-33-31-35-37-38-39-36-34|81-78-76-71-70-73-77-79-80|43-42-41-40-44-46-45-48-51-50-52-49-47|57-55-54-53-56-58-60-59|67-65-63-62-74-72-61-64-68-66-69|90-87-86-83-82-84-85-88-89-91|98-96-95-94-92-93-97-100-99
10,10,828.9369,0.0,50.0,1234.8075,0,10,13.851948,13.85973,True,5-3-7-8-10-11-9-6-4-2-1-75|13-17-18-19-15-16-14-12|20-24-25-27-29-30-28-26-23-22-21|32-33-31-35-37-38-39-36-34|81-78-76-71-70-73-77-79-80|43-42-41-40-44-45-46-48-51-50-52-49-47|57-55-54-53-56-58-60-59|67-65-63-62-74-72-61-64-68-66-69|90-87-86-83-82-84-85-88-89-91|98-96-95-94-92-93-97-100-99
11,10,828.9369,0.0,50.0,1234.8075,0,10,13.851948,13.85973,True,5-3-7-8-10-11-9-6-4-2-1-75|13-17-18-19-15-16-14-12|20-24-25-27-29-30-28-26-23-22-21|32-33-31-35-37-38-39-36-34|81-78-76-71-70-73-77-79-80|43-42-41-40-44-45-46-48-51-50-52-49-47|57-55-54-53-56-58-60-59|67-65-63-62-74-72-61-64-68-66-69|90-87-86-83-82-84-85-88-89-91|98-96-95-94-92-93-97-100-99
12,10,828.9369,0.0,50.0,1234.8075,0,10,13.851948,13.85973,True,5-3-7-8-10-11-9-6-4-2-1-75|13-17-18-19-15-16-14-12|20-24-25-27-29-30-28-26-23-22-21|32-33-31-35-37-38-39-36-34|81-78-76-71-70-73-77-79-80|43-42-41-40-44-45-46-48-51-50-52-49-47|57-55-54-53-56-58-60-59|67-65-63-62-74-72-61-64-68-66-69|90-87-86-83-82-84-85-88-89-91|98-96-95-94-92-93-97-100-99
13,10,828.9369,0.0,50.0,1234.8075,0,10,13.851948,13.85973,True,5-3-7-8-10-11-9-6-4-2-1-75|13-17-18-19-15-16-14-12|20-24-25-27-29-30-28-26-23-22-21|32-33-31-35-37-38-39-36-34|81-78-76-71-70-73-77-79-80|43-42-41-40-44-46-45-48-51-50-52-49-47|57-55-54-53-56-58-60-59|67-65-63-62-74-72-61-64-68-66-69|90-87-86-83-82-84-85-88-89-91|98-96-95-94-92-93-97-100-99
14,10,828.9369,0.0,50.0,1234.8075,0,10,13.851948,13.85973,True,5-3-7-8-10-11-9-6-4-2-1-75|13-17-18-19-15-16-14-12|20-24-25-27-29-30-28-26-23-22-21|32-33-31-35-37-38-39-36-34|81-78-76-71-70-73-77-79-80|43-42-41-40-44-45-46-48-51-50-52-49-47|57-55-54-53-56-58-60-59|67-65-63-62-74-72-61-64-68-66-69|90-87-86-83-82-84-85-88-89-91|98-96-95-94-92-93-97-100-99
15,10,828.9369,0.0,50.0,1234.8075,0,10,13.851948,13.85973,True,5-3-7-8-10-11-9-6-4-2-1-75|13-17-18-19-15-16-14-12|20-24-25-27-29-30-28-26-23-22-21|32-33-31-35-37-38-39-36-34|81-78-76-71-70-73-77-79-80|43-42-41-40-44-45-46-48-51-50-52-49-47|57-55-54-53-56-58-60-59|67-65-63-62-74-72-61-64-68-66-69|90-87-86-83-82-84-85-88-89-91|98-96-95-94-92-93-97-100-99
16,10,828.9369,0.0,50.0,1234.8075,0,10,13.851948,13.85973,True,5-3-7-8-10-11-9-6-4-2-1-75|13-17-18-19-15-16-14-12|20-24-25-27-29-30-28-26-23-22-21|32-33-31-35-37-38-39-36-34|81-78-76-71-70-73-77-79-80|43-42-41-40-44-46-45-48-51-50-52-49-47|57-55-54-53-56-58-60-59|67-65-63-62-74-72-61-64-68-66-69|90-87-86-83-82-84-85-88-89-91|98-96-95-94-92-93-97-100-99
17,10,828.9369,0.0,50.0,1234.8075,0,10,13.851948,13.85973,True,5-3-7-8-10-11-9-6-4-2-1-75|13-17-18-19-15-16-14-12|20-24-25-27-29-30-28-26-23-22-21|32-33-31-35-37-38-39-36-34|81-78-76-71-70-73-77-79-80|43-42-41-40-44-45-46-48-51-50-52-49-47|57-55-54-53-56-58-60-59|67-65-63-62-74-72-61-64-68-66-69|90-87-86-83-82-84-85-88-89-91|98-96-95-94-92-93-97-100-99
18,10,828.9369,0.0,50.0,1234.8075,0,10,13.851948,13.85973,True,5-3-7-8-10-11-9-6-4-2-1-75|13-17-18-19-15-16-14-12|20-24-25-27-29-30-28-26-23-22-21|32-33-31-35-37-38-39-36-34|81-78-76-71-70-73-77-79-80|43-42-41-40-44-45-46-48-51-50-52-49-47|57-55-54-53-56-58-60-59|67-65-63-62-74-72-61-64-68-66-69|90-87-86-83-82-84-85-88-89-91|98-96-95-94-92-93-97-100-99
19,10,828.9369,0.0,50.0,1234.8075,0,10,13.851948,13.85973,True,5-3-7-8-10-11-9-6-4-2-1-75|13-17-18-19-15-16-14-12|20-24-25-27-29-30-28-26-23-22-21|32-33-31-35-37-38-39-36-34|81-78-76-71-70-73-77-79-80|43-42-41-40-44-45-46-48-51-50-52-49-47|57-55-54-53-56-58-60-59|67-65-63-62-74-72-61-64-68-66-69|90-87-86-83-82-84-85-88-89-91|98-96-95-94-92-93-97-100-99
20,10,828.9369,0.0,50.0,1234.8075,0,10,13.851948,13.85973,True,5-3-7-8-10-11-9-6-4-2-1-75|13-17-18-19-15-16-14-12|20-24-25-27-29-30-28-26-23-22-21|32-33-31-35-37-38-39-36-34|81-78-76-71-70-73-77-79-80|43-42-41-40-44-45-46-48-51-50-52-49-47|57-55-54-53-56-58-60-59|67-65-63-62-74-72-61-64-68-66-69|90-87-86-83-82-84-85-88-89-91|98-96-95-94-92-93-97-100-99
21,10,828.9369,0.0,50.0,1234.8075,0,10,13.851948,13.85973,True,5-3-7-8-10-11-9-6-4-2-1-75|13-17-18-19-15-16-14-12|20-24-25-27-29-30-28-26-23-22-21|32-33-31-35-37-38-39-36-34|81-78-76-71-70-73-77-79-80|43-42-41-40-44-45-46-48-51-50-52-49-47|57-55-54-53-56-58-60-59|67-65-63-62-74-72-61-64-68-66-69|90-87-86-83-82-84-85-88-89-91|98-96-95-94-92-93-97-100-99
22,10,828.9369,0.0,50.0,1234.8075,0,10,13.851948,13.85973,True,5-3-7-8-10-11-9-6-4-2-1-75|13-17-18-19-15-16-14-12|20-24-25-27-29-30-28-26-23-22-21|32-33-31-35-37-38-39-36-34|81-78-76-71-70-73-77-79-80|43-42-41-40-44-46-45-48-51-50-52-49-47|57-55-54-53-56-58-60-59|67-65-63-62-74-72-61-64-68-66-69|90-87-86-83-82-84-85-88-89-91|98-96-95-94-92-93-97-100-99
23,10,828.9369,0.0,50.0,1234.8075,0,10,13.851948,13.85973,True,5-3-7-8-10-11-9-6-4-2-1-75|13-17-18-19-15-16-14-12|20-24-25-27-29-30-28-26-23-22-21|32-33-31-35-37-38-39-36-34|81-78-76-71-70-73-77-79-80|43-42-41-40-44-46-45-48-51-50-52-49-47|57-55-54-53-56-58-60-59|67-65-63-62-74-72-61-64-68-66-69|90-87-86-83-82-84-85-88-89-91|98-96-95-94-92-93-97-100-99
24,10,828.9369,0.0,50.0,1234.8075,0,10,13.851948,13.85973,True,5-3-7-8-10-11-9-6-4-2-1-75|13-17-18-19-15-16-14-12|20-24-25-27-29-30-28-26-23-22-21|32-33-31-35-37-38-39-36-34|81-78-76-71-70-73-77-79-80|43-42-41-40-44-45-46-48-51-50-52-49-47|57-55-54-53-56-58-60-59|67-65-63-62-74-72-61-64-68-66-69|90-87-86-83-82-84-85-88-89-91|98-96-95-94-92-93-97-100-99
25,10,828.9369,0.0,50.0,1234.8075,0,10,13.851948,13.85973,True,5-3-7-8-10-11-9-6-4-2-1-75|13-17-18-19-15-16-14-12|20-24-25-27-29-30-28-26-23-22-21|32-33-31-35-37-38-39-36-34|81-78-76-71-70-73-77-79-80|43-42-41-40-44-46-45-48-51-50-52-49-47|57-55-54-53-56-58-60-59|67-65-63-62-74-72-61-64-68-66-69|90-87-86-83-82-84-85-88-89-91|98-96-95-94-92-93-97-100-99
26,10,828.9369,0.0,50.0,1234.8075,0,10,13.851948,13.85973,True,5-3-7-8-10-11-9-6-4-2-1-75|13-17-18-19-15-16-14-12|20-24-25-27-29-30-28-26-23-22-21|32-33-31-35-37-38-39-36-34|81-78-76-71-70-73-77-79-80|43-42-41-40-44-45-46-48-51-50-52-49-47|57-55-54-53-56-58-60-59|67-65-63-62-74-72-61-64-68-66-69|90-87-86-83-82-84-85-88-89-91|98-96-95-94-92-93-97-100-99
27,10,828.9369,0.0,50.0,1234.8075,0,10,13.851948,13.85973,True,5-3-7-8-10-11-9-6-4-2-1-75|13-17-18-19-15-16-14-12|20-24-25-27-29-30-28-26-23-22-21|32-33-31-35-37-38-39-36-34|81-78-76-71-70-73-77-79-80|43-42-41-40-44-45-46-48-51-50-52-49-47|57-55-54-53-56-58-60-59|67-65-63-62-74-72-61-64-68-66-69|90-87-86-83-82-84-85-88-89-91|98-96-95-94-92-93-97-100-99
28,10,828.9369,0.0,50.0,1234.8075,0,10,13.851948,13.85973,True,5-3-7-8-10-11-9-6-4-2-1-75|13-17-18-19-15-16-14-12|20-24-25-27-29-30-28-26-23-22-21|32-33-31-35-37-38-39-36-34|81-78-76-71-70-73-77-79-80|43-42-41-40-44-45-46-48-51-50-52-49-47|57-55-54-53-56-58-60-59|67-65-63-62-74-72-61-64-68-66-69|90-87-86-83-82-84-85-88-89-91|98-96-95-94-92-93-97-100-99
29,10,828.9369,0.0,50.0,1234.8075,0,10,13.851948,13.85973,True,5-3-7-8-10-11-9-6-4-2-1-75|13-17-18-19-15-16-14-12|20-24-25-27-29-30-28-26-23-22-21|32-33-31-35-37-38-39-36-34|81-78-76-71-70-73-77-79-80|43-42-41-40-44-46-45-48-51-50-52-49-47|57-55-54-53-56-58-60-59|67-65-63-62-74-72-61-64-68-66-69|90-87-86-83-82-84-85-88-89-91|98-96-95-94-92-93-97-100-99
30,10,828.9369,0.0,50.0,1234.8075,0,10,13.851948,13.85973,True,5-3-7-8-10-11-9-6-4-2-1-75|13-17-18-19-15-16-14-12|20-24-25-27-29-30-28-26-23-22-21|32-33-31-35-37-38-39-36-34|81-78-76-71-70-73-77-79-80|43-42-41-40-44-46-45-48-51-50-52-49-47|57-55-54-53-56-58-60-59|67-65-63-62-74-72-61-64-68-66-69|90-87-86-83-82-84-85-88-89-91|98-96-95-94-92-93-97-100-99
31,10,828.9369,0.0,50.0,1234.8075,0,10,13.851948,13.85973,True,5-3-7-8-10-11-9-6-4-2-1-75|13-17-18-19-15-16-14-12|20-24-25-27-29-30-28-26-23-22-21|32-33-31-35-37-38-39-36-34|81-78-76-71-70-73-77-79-80|43-42-41-40-44-45-46-48-51-50-52-49-47|57-55-54-53-56-58-60-59|67-65-63-62-74-72-61-64-68-66-69|90-87-86-83-82-84-85-88-89-91|98-96-95-94-92-93-97-100-99
32,10,828.9369,0.0,50.0,1234.8075,0,10,13.851948,13.85973,True,5-3-7-8-10-11-9-6-4-2-1-75|13-17-18-19-15-16-14-12|20-24-25-27-29-30-28-26-23-22-21|32-33-31-35-37-38-39-36-34|81-78-76-71-70-73-77-79-80|43-42-41-40-44-45-46-48-51-50-52-49-47|57-55-54-53-56-58-60-59|67-65-63-62-74-72-61-64-68-66-69|90-87-86-83-82-84-85-88-89-91|98-96-95-94-92-93-97-100-99
33,10,828.9369,0.0,50.0,1234.8075,0,10,13.851948,13.85973,True,5-3-7-8-10-11-9-6-4-2-1-75|13-17-18-19-15-16-14-12|20-24-25-27-29-30-28-26-23-22-21|32-33-31-35-37-38-39-36-34|81-78-76-71-70-73-77-79-80|43-42-41-40-44-45-46-48-51-50-52-49-47|57-55-54-53-56-58-60-59|67-65-63-62-74-72-61-64-68-66-69|90-87-86-83-82-84-85-88-89-91|98-96-95-94-92-93-97-100-99
34,10,828.9369,0.0,50.0,1234.8075,0,10,13.851948,13.85973,True,5-3-7-8-10-11-9-6-4-2-1-75|13-17-18-19-15-16-14-12|20-24-25-27-29-30-28-26-23-22-21|32-33-31-35-37-38-39-36-34|81-78-76-71-70-73-77-79-80|43-42-41-40-44-45-46-48-51-50-52-49-47|57-55-54-53-56-58-60-59|67-65-63-62-74-72-61-64-68-66-69|90-87-86-83-82-84-85-88-89-91|98-96-95-94-92-93-97-100-99
35,10,828.9369,0.0,50.0,1234.8075,0,10,13.851948,13.85973,True,5-3-7-8-10-11-9-6-4-2-1-75|13-17-18-19-15-16-14-12|20-24-25-27-29-30-28-26-23-22-21|32-33-31-35-37-38-39-36-34|81-78-76-71-70-73-77-79-80|43-42-41-40-44-45-46-48-51-50-52-49-47|57-55-54-53-56-58-60-59|67-65-63-62-74-72-61-64-68-66-69|90-87-86-83-82-84-85-88-89-91|98-96-95-94-92-93-97-100-99
36,10,828.9369,0.0,50.0,1234.8075,0,10,13.851948,13.85973,True,5-3-7-8-10-11-9-6-4-2-1-75|13-17-18-19-15-16-14-12|20-24-25-27-29-30-28-26-23-22-21|32-33-31-35-37-38-39-36-34|81-78-76-71-70-73-77-79-80|43-42-41-40-44-45-46-48-51-50-52-49-47|57-55-54-53-56-58-60-59|67-65-63-62-74-72-61-64-68-66-69|90-87-86-83-82-84-85-88-89-91|98-96-95-94-92-93-97-100-99
37,10,828.9369,0.0,50.0,1234.8075,0,10,13.851948,13.85973,True,5-3-7-8-10-11-9-6-4-2-1-75|13-17-18-19-15-16-14-12|20-24-25-27-29-30-28-26-23-22-21|32-33-31-35-37-38-39-36-34|81-78-76-71-70-73-77-79-80|43-42-41-40-44-46-45-48-51-50-52-49-47|57-55-54-53-56-58-60-59|67-65-63-62-74-72-61-64-68-66-69|90-87-86-83-82-84-85-88-89-91|98-96-95-94-92-93-97-100-99
38,10,828.9369,0.0,50.0,1234.8075,0,10,13.851948,13.85973,True,5-3-7-8-10-11-9-6-4-2-1-75|13-17-18-19-15-16-14-12|20-24-25-27-29-30-28-26-23-22-21|32-33-31-35-37-38-39-36-34|81-78-76-71-70-73-77-79-80|43-42-41-40-44-45-46-48-51-50-52-49-47|57-55-54-53-56-58-60-59|67-65-63-62-74-72-61-64-68-66-69|90-87-86-83-82-84-85-88-89-91|98-96-95-94-92-93-97-100-99
39,10,828.9369,0.0,50.0,1234.8075,0,10,13.851948,13.85973,True,5-3-7-8-10-11-9-6-4-2-1-75|13-17-18-19-15-16-14-12|20-24-25-27-29-30-28-26-23-22-21|32-33-31-35-37-38-39-36-34|81-78-76-71-70-73-77-79-80|43-42-41-40-44-45-46-48-51-50-52-49-47|57-55-54-53-56-58-60-59|67-65-63-62-74-72-61-64-68-66-69|90-87-86-83-82-84-85-88-89-91|98-96-95-94-92-93-97-100-99
40,10,828.9369,0.0,50.0,1234.8075,0,10,13.851948,13.85973,True,5-3-7-8-10-11-9-6-4-2-1-75|13-17-18-19-15-16-14-12|20-24-25-27-29-30-28-26-23-22-21|32-33-31-35-37-38-39-36-34|81-78-76-71-70-73-77-79-80|43-42-41-40-44-46-45-48-51-50-52-49-47|57-55-54-53-56-58-60-59|67-65-63-62-74-72-61-64-68-66-69|90-87-86-83-82-84-85-88-89-91|98-96-95-94-92-93-97-100-99
41,10,828.9369,0.0,50.0,1234.8075,0,10,13.851948,13.85973,True,5-3-7-8-10-11-9-6-4-2-1-75|13-17-18-19-15-16-14-12|20-24-25-27-29-30-28-26-23-22-21|32-33-31-35-37-38-39-36-34|81-78-76-71-70-73-77-79-80|43-42-41-40-44-46-45-48-51-50-52-49-47|57-55-54-53-56-58-60-59|67-65-63-62-74-72-61-64-68-66-69|90-87-86-83-82-84-85-88-89-91|98-96-95-94-92-93-97-100-99
42,10,828.9369,0.0,50.0,1234.8075,0,10,13.851948,13.85973,True,5-3-7-8-10-11-9-6-4-2-1-75|13-17-18-19-15-16-14-12|20-24-25-27-29-30-28-26-23-22-21|32-33-31-35-37-38-39-36-34|81-78-76-71-70-73-77-79-80|43-42-41-40-44-46-45-48-51-50-52-49-47|57-55-54-53-56-58-60-59|67-65-63-62-74-72-61-64-68-66-69|90-87-86-83-82-84-85-88-89-91|98-96-95-94-92-93-97-100-99
43,10,828.9369,0.0,50.0,1234.8075,0,10,13.851948,13.85973,True,5-3-7-8-10-11-9-6-4-2-1-75|13-17-18-19-15-16-14-12|20-24-25-27-29-30-28-26-23-22-21|32-33-31-35-37-38-39-36-34|81-78-76-71-70-73-77-79-80|43-42-41-40-44-45-46-48-51-50-52-49-47|57-55-54-53-56-58-60-59|67-65-63-62-74-72-61-64-68-66-69|90-87-86-83-82-84-85-88-89-91|98-96-95-94-92-93-97-100-99
44,10,828.9369,0.0,50.0,1234.8075,0,10,13.851948,13.85973,True,5-3-7-8-10-11-9-6-4-2-1-75|13-17-18-19-15-16-14-12|20-24-25-27-29-30-28-26-23-22-21|32-33-31-35-37-38-39-36-34|81-78-76-71-70-73-77-79-80|43-42-41-40-44-45-46-48-51-50-52-49-47|57-55-54-53-56-58-60-59|67-65-63-62-74-72-61-64-68-66-69|90-87-86-83-82-84-85-88-89-91|98-96-95-94-92-93-97-100-99
45,10,828.9369,0.0,50.0,1234.8075,0,10,13.851948,13.85973,True,5-3-7-8-10-11-9-6-4-2-1-75|13-17-18-19-15-16-14-12|20-24-25-27-29-30-28-26-23-22-21|32-33-31-35-37-38-39-36-34|81-78-76-71-70-73-77-79-80|43-42-41-40-44-46-45-48-51-50-52-49-47|57-55-54-53-56-58-60-59|67-65-63-62-74-72-61-64-68-66-69|90-87-86-83-82-84-85-88-89-91|98-96-95-94-92-93-97-100-99
46,10,828.9369,0.0,50.0,1234.8075,0,10,13.851948,13.85973,True,5-3-7-8-10-11-9-6-4-2-1-75|13-17-18-19-15-16-14-12|20-24-25-27-29-30-28-26-23-22-21|32-33-31-35-37-38-39-36-34|81-78-76-71-70-73-77-79-80|43-42-41-40-44-46-45-48-51-50-52-49-47|57-55-54-53-56-58-60-59|67-65-63-62-74-72-61-64-68-66-69|90-87-86-83-82-84-85-88-89-91|98-96-95-94-92-93-97-100-99
47,10,828.9369,0.0,50.0,1234.8075,0,10,13.851948,13.85973,True,5-3-7-8-10-11-9-6-4-2-1-75|13-17-18-19-15-16-14-12|20-24-25-27-29-30-28-26-23-22-21|32-33-31-35-37-38-39-36-34|81-78-76-71-70-73-77-79-80|43-42-41-40-44-45-46-48-51-50-52-49-47|57-55-54-53-56-58-60-59|67-65-63-62-74-72-61-64-68-66-69|90-87-86-83-82-84-85-88-89-91|98-96-95-94-92-93-97-100-99
48,10,828.9369,0.0,50.0,1234.8075,0,10,13.851948,13.85973,True,5-3-7-8-10-11-9-6-4-2-1-75|13-17-18-19-15-16-14-12|20-24-25-27-29-30-28-26-23-22-21|32-33-31-35-37-38-39-36-34|81-78-76-71-70-73-77-79-80|43-42-41-40-44-45-46-48-51-50-52-49-47|57-55-54-53-56-58-60-59|67-65-63-62-74-72-61-64-68-66-69|90-87-86-83-82-84-85-88-89-91|98-96-95-94-92-93-97-100-99
49,10,828.9369,0.0,50.0,1234.8075,0,10,13.851948,13.85973,True,5-3-7-8-10-11-9-6-4-2-1-75|13-17-18-19-15-16-14-12|20-24-25-27-29-30-28-26-23-22-21|32-33-31-35-37-38-39-36-34|81-78-76-71-70-73-77-79-80|43-42-41-40-44-45-46-48-51-50-52-49-47|57-55-54-53-56-58-60-59|67-65-63-62-74-72-61-64-68-66-69|90-87-86-83-82-84-85-88-89-91|98-96-95-94-92-93-97-100-99
50,10,851.2398,0.0,50.0,1144.6591,0,10,2.455736,2.456686,True,5-3-7-8-10-11-9-6-4-2-1-75|13-17-18-19-15-16-14-12|20-24-25-27-29-30-28-26-23-22-21|32-33-31-35-37-38-39-36-34|81-78-76-71-70-73-77-79-80-47|43-41-40-42-44-45-46-48-51-50-52-49|57-55-54-53-56-58-60-59|67-65-63-62-74-72-61-64-68-66-69|90-87-86-83-82-84-85-88-89-91|98-96-95-94-92-93-97-100-99
51,10,851.2398,0.0,50.0,1144.6591,0,10,2.455736,2.456686,True,5-3-7-8-10-11-9-6-4-2-1-75|13-17-18-19-15-16-14-12|20-24-25-27-29-30-28-26-23-22-21|32-33-31-35-37-38-39-36-34|81-78-76-71-70-73-77-79-80-47|43-41-40-42-44-45-46-48-51-50-52-49|57-55-54-53-56-58-60-59|67-65-63-62-74-72-61-64-68-66-69|90-87-86-83-82-84-85-88-89-91|98-96-95-94-92-93-97-100-99
52,10,856.9428,0.0,50.0,1142.2507,0,10,4.166631,4.168931,True,5-3-7-8-10-11-9-6-4-2-1-75|13-17-18-19-15-16-14-12|20-24-25-27-29-30-28-26-23-22-21|32-33-31-35-37-38-39-36-34|81-78-76-71-70-73-77-79-80-52|43-42-41-40-44-45-46-48-51-50-49-47|57-55-54-53-56-58-60-59|67-65-63-62-74-72-61-64-68-66-69|90-87-86-83-82-84-85-88-89-91|98-96-95-94-92-93-97-100-99
53,10,856.9428,0.0,50.0,1142.2507,0,10,4.166631,4.168931,True,5-3-7-8-10-11-9-6-4-2-1-75|13-17-18-19-15-16-14-12|20-24-25-27-29-30-28-26-23-22-21|32-33-31-35-37-38-39-36-34|81-78-76-71-70-73-77-79-80-52|43-42-41-40-44-45-46-48-51-50-49-47|57-55-54-53-56-58-60-59|67-65-63-62-74-72-61-64-68-66-69|90-87-86-83-82-84-85-88-89-91|98-96-95-94-92-93-97-100-99
54,10,861.1938,0.0,40.0,1234.8075,0,10,13.851948,13.868407,True,5-3-7-8-10-11-9-6-4-2-1-75|13-17-18-19-15-16-14-12|20-24-25-27-29-30-28-26-23-22-21|32-33-31-35-37-38-39-36-34|55-81-78-76-71-70-73-77-79-80|43-42-41-40-44-45-46-48-51-50-52-49-47|57-54-53-56-58-60-59-68|67-65-63-62-74-72-61-64-66-69|90-87-86-83-82-84-85-88-89-91|98-96-95-94-92-93-97-100-99
55,10,861.1938,0.0,40.0,1234.8075,0,10,13.851948,13.868407,True,5-3-7-8-10-11-9-6-4-2-1-75|13-17-18-19-15-16-14-12|20-24-25-27-29-30-28-26-23-22-21|32-33-31-35-37-38-39-36-34|55-81-78-76-71-70-73-77-79-80|43-42-41-40-44-45-46-48-51-50-52-49-47|57-54-53-56-58-60-59-68|67-65-63-62-74-72-61-64-66-69|90-87-86-83-82-84-85-88-89-91|98-96-95-94-92-93-97-100-99
56,10,865.5965,8.651,60.0,1139.6181,0,10,6.76274,6.769538,True,5-3-7-8-10-11-9-6-4-2-1-75|13-17-18-19-15-16-14-12|20-24-25-27-29-30-28-26-23-22-21|32-33-31-35-37-38-39-36-34|54-81-78-76-71-70-73-77-79-80|43-42-44-46-45-48-51-50-52-49-47|41-40-57-55-53-56-58-60-59-68-69|67-65-63-62-74-72-61-64-66|90-87-86-83-82-84-85-88-89-91|98-96-95-94-92-93-97-100-99
57,10,865.5965,8.651,60.0,1139.6181,0,10,6.76274,6.769538,True,5-3-7-8-10-11-9-6-4-2-1-75|13-17-18-19-15-16-14-12|20-24-25-27-29-30-28-26-23-22-21|32-33-31-35-37-38-39-36-34|54-81-78-76-71-70-73-77-79-80|43-42-44-46-45-48-51-50-52-49-47|41-40-57-55-53-56-58-60-59-68-69|67-65-63-62-74-72-61-64-66|90-87-86-83-82-84-85-88-89-91|98-96-95-94-92-93-97-100-99
58,10,870.1374,10.2822,60.0,1071.6026,0,10,8.125011,8.123214,True,5-7-10-11-8-9-6-4-2-1-75|13-17-18-19-15-16-14-12|20-24-25-27-29-30-28-26-23-22-21|32-33-31-35-37-38-39-36-34|54-81-78-76-71-70-73-77-79-80|43-42-44-46-45-48-51-50-52-49-47|41-40-57-55-53-56-58-60-59-68|67-65-63-62-74-72-61-64-66-69|90-87-86-83-82-84-85-88-89-91|3-98-96-95-94-92-93-97-100-99
59,10,870.1374,10.2822,60.0,1071.6026,0,10,8.125011,8.123214,True,5-7-10-11-8-9-6-4-2-1-75|13-17-18-19-15-16-14-12|20-24-25-27-29-30-28-26-23-22-21|32-33-31-35-37-38-39-36-34|54-81-78-76-71-70-73-77-79-80|43-42-44-46-45-48-51-50-52-49-47|41-40-57-55-53-56-58-60-59-68|67-65-63-62-74-72-61-64-66-69|90-87-86-83-82-84-85-88-89-91|3-98-96-95-94-92-93-97-100-99
60,10,891.0978,20.9232,40.0,1177.2823,0,10,14.413135,14.433074,True,5-3-7-8-10-11-9-6-4-2-1-75|13-17-18-19-15-16-14-12|24-32-33-31-35-37-38-36-34|81-78-76-71-70-73-77-79-80|43-42-44-57-45-46-48-51-50-52-49-47|41-40-55-54-53-56-58-60-59-68|67-65-63-62-74-72-61-64-66-69|90-87-86-83-82-84-85-88-89-91|98-96-95-94-92-93-97-100-99|20-25-27-29-39-30-28-26-23-22-21
61,10,891.0978,20.9232,40.0,1177.2823,0,10,14.413135,14.433074,True,5-3-7-8-10-11-9-6-4-2-1-75|13-17-18-19-15-16-14-12|24-32-33-31-35-37-38-36-34|81-78-76-71-70-73-77-79-80|43-42-44-57-45-46-48-51-50-52-49-47|41-40-55-54-53-56-58-60-59-68|67-65-63-62-74-72-61-64-66-69|90-87-86-83-82-84-85-88-89-91|98-96-95-94-92-93-97-100-99|20-25-27-29-39-30-28-26-23-22-21
62,10,893.6403,0.8584,40.0,1173.1331,0,10,15.175868,15.192938,True,5-3-7-8-10-11-9-6-4-2-1-75|13-17-18-19-15-16-14-12|20-24-25-27-29-30-28-26-23-22-21|32-33-31-35-37-38-39-36-34|55-81-78-76-71-70-73-77-79-80|43-41-57-44-45-46-48-51-50-52-49-47|67-65-63-62-74-72-61-64-68-66-69|90-87-86-83-82-84-85-88-89-91|98-96-95-94-92-93-97-100-99|42-40-54-53-56-58-60-59
63,10,893.6403,0.8584,40.0,1173.1331,0,10,15.175868,15.192938,True,5-3-7-8-10-11-9-6-4-2-1-75|13-17-18-19-15-16-14-12|20-24-25-27-29-30-28-26-23-22-21|32-33-31-35-37-38-39-36-34|55-81-78-76-71-70-73-77-79-80|43-41-57-44-45-46-48-51-50-52-49-47|67-65-63-62-74-72-61-64-68-66-69|90-87-86-83-82-84-85-88-89-91|98-96-95-94-92-93-97-100-99|42-40-54-53-56-58-60-59
64,10,895.1408,0.0,70.0,1141.979,0,10,15.626039,15.641758,True,5-3-7-8-10-11-9-6-4-2-1-75|13-17-18-19-15-16-14-12|20-25-27-33-29-30-28-26-23-22-21|24-32-31-46-35-37-38-39-36-34|81-78-76-71-70-73-77-79-80|43-42-41-40-44-45-48-51-50-52-49-47|57-55-54-53-56-58-60-59|67-65-63-62-74-72-61-64-68-66-69|90-87-86-83-82-84-85-88-89-91|98-96-95-94-92-93-97-100-99
65,10,895.1408,0.0,70.0,1141.979,0,10,15.626039,15.641758,True,5-3-7-8-10-11-9-6-4-2-1-75|13-17-18-19-15-16-14-12|20-25-27-33-29-30-28-26-23-22-21|24-32-31-46-35-37-38-39-36-34|81-78-76-71-70-73-77-79-80|43-42-41-40-44-45-48-51-50-52-49-47|57-55-54-53-56-58-60-59|67-65-63-62-74-72-61-64-68-66-69|90-87-86-83-82-84-85-88-89-91|98-96-95-94-92-93-97-100-99
66,10,895.1408,0.0,70.0,1141.979,0,10,15.626039,15.641758,True,5-3-7-8-10-11-9-6-4-2-1-75|13-17-18-19-15-16-14-12|20-25-27-33-29-30-28-26-23-22-21|24-32-31-46-35-37-38-39-36-34|81-78-76-71-70-73-77-79-80|43-42-41-40-44-45-48-51-50-52-49-47|57-55-54-53-56-58-60-59|67-65-63-62-74-72-61-64-68-66-69|90-87-86-83-82-84-85-88-89-91|98-96-95-94-92-93-97-100-99
67,10,895.1408,0.0,70.0,1141.979,0,10,15.626039,15.641758,True,5-3-7-8-10-11-9-6-4-2-1-75|13-17-18-19-15-16-14-12|20-25-27-33-29-30-28-26-23-22-21|24-32-31-46-35-37-38-39-36-34|81-78-76-71-70-73-77-79-80|43-42-41-40-44-45-48-51-50-52-49-47|57-55-54-53-56-58-60-59|67-65-63-62-74-72-61-64-68-66-69|90-87-86-83-82-84-85-88-89-91|98-96-95-94-92-93-97-100-99
68,10,895.1408,0.0,70.0,1141.979,0,10,15.626039,15.641758,True,5-3-7-8-10-11-9-6-4-2-1-75|13-17-18-19-15-16-14-12|20-25-27-33-29-30-28-26-23-22-21|24-32-31-46-35-37-38-39-36-34|81-78-76-71-70-73-77-79-80|43-42-41-40-44-45-48-51-50-52-49-47|57-55-54-53-56-58-60-59|67-65-63-62-74-72-61-64-68-66-69|90-87-86-83-82-84-85-88-89-91|98-96-95-94-92-93-97-100-99
69,10,895.1408,0.0,70.0,1141.979,0,10,15.626039,15.641758,True,5-3-7-8-10-11-9-6-4-2-1-75|13-17-18-19-15-16-14-12|20-25-27-33-29-30-28-26-23-22-21|24-32-31-46-35-37-38-39-36-34|81-78-76-71-70-73-77-79-80|43-42-41-40-44-45-48-51-50-52-49-47|57-55-54-53-56-58-60-59|67-65-63-62-74-72-61-64-68-66-69|90-87-86-83-82-84-85-88-89-91|98-96-95-94-92-93-97-100-99
70,10,895.1408,0.0,70.0,1141.979,0,10,15.626039,15.641758,True,5-3-7-8-10-11-9-6-4-2-1-75|13-17-18-19-15-16-14-12|20-25-27-33-29-30-28-26-23-22-21|24-32-31-46-35-37-38-39-36-34|81-78-76-71-70-73-77-79-80|43-42-41-40-44-45-48-51-50-52-49-47|57-55-54-53-56-58-60-59|67-65-63-62-74-72-61-64-68-66-69|90-87-86-83-82-84-85-88-89-91|98-96-95-94-92-93-97-100-99
71,11,900.2717,6.5294,190.0,1139.6181,0,11,17.165309,17.195492,True,5-3-7-8-10-11-9-6-4-2-1-75|13-17-18-19-15-16-14-12|32-33-31-35-37-38-39-36-34|81-78-76-71-70-73-77-79-80|43-42-44-57-45-46-48-51-50-52-49|41-40-55-54-53-56-58-60-59-68|67-65-63-62-74-72-61-64-66-69|90-87-86-83-82-84-85-88-89-91|98-96-95-94-92-93-97-100-99|24-25-27-29-30-28-26-23-22-21-47|20
72,11,900.2717,6.5294,190.0,1139.6181,0,11,17.165309,17.195492,True,5-3-7-8-10-11-9-6-4-2-1-75|13-17-18-19-15-16-14-12|32-33-31-35-37-38-39-36-34|81-78-76-71-70-73-77-79-80|43-42-44-57-45-46-48-51-50-52-49|41-40-55-54-53-56-58-60-59-68|67-65-63-62-74-72-61-64-66-69|90-87-86-83-82-84-85-88-89-91|98-96-95-94-92-93-97-100-99|24-25-27-29-30-28-26-23-22-21-47|20
73,10,900.2788,2.3185,30.0,1191.2082,0,10,17.167413,17.188405,True,5-3-7-8-10-11-9-6-4-2-1-75|13-17-18-19-15-16-14-12|20-24-25-27-29-30-28-26-23-22-21|32-33-31-35-37-38-39-36-34|67-81-78-76-71-70-73-77-79-80-66|43-42-40-56-44-46-48-51-50-52-49-47|41-57-55-54-53-58-60-59-68-69|65-63-62-74-72-61-64-45|90-87-86-83-82-84-85-88-89-91|98-96-95-94-92-93-97-100-99
74,10,900.2788,2.3185,30.0,1191.2082,0,10,17.167413,17.188405,True,5-3-7-8-10-11-9-6-4-2-1-75|13-17-18-19-15-16-14-12|20-24-25-27-29-30-28-26-23-22-21|32-33-31-35-37-38-39-36-34|67-81-78-76-71-70-73-77-79-80-66|43-42-40-56-44-46-48-51-50-52-49-47|41-57-55-54-53-58-60-59-68-69|65-63-62-74-72-61-64-45|90-87-86-83-82-84-85-88-89-91|98-96-95-94-92-93-97-100-99
75,11,901.5675,2.3185,190.0,1139.6181,0,11,17.554025,17.583965,True,5-3-7-8-10-11-9-6-4-2-1-75|13-17-18-19-15-16-14-12|32-33-31-35-37-38-39-36-34|81-78-76-71-70-73-77-79-80|43-42-57-44-46-45-48-51-50-52-49|41-40-55-54-53-56-58-60-59|67-65-63-62-74-72-61-64-68-66-69|90-87-86-83-82-84-85-88-89-91|98-96-95-94-92-93-97-100-99|24-25-27-29-30-28-26-23-22-21-47|20
76,11,901.5675,2.3185,190.0,1139.6181,0,11,17.554025,17.583965,True,5-3-7-8-10-11-9-6-4-2-1-75|13-17-18-19-15-16-14-12|32-33-31-35-37-38-39-36-34|81-78-76-71-70-73-77-79-80|43-42-57-44-46-45-48-51-50-52-49|41-40-55-54-53-56-58-60-59|67-65-63-62-74-72-61-64-68-66-69|90-87-86-83-82-84-85-88-89-91|98-96-95-94-92-93-97-100-99|24-25-27-29-30-28-26-23-22-21-47|20
77,11,901.5675,2.3185,190.0,1139.6181,0,11,17.554025,17.583965,True,5-3-7-8-10-11-9-6-4-2-1-75|13-17-18-19-15-16-14-12|32-33-31-35-37-38-39-36-34|81-78-76-71-70-73-77-79-80|43-42-57-44-46-45-48-51-50-52-49|41-40-55-54-53-56-58-60-59|67-65-63-62-74-72-61-64-68-66-69|90-87-86-83-82-84-85-88-89-91|98-96-95-94-92-93-97-100-99|24-25-27-29-30-28-26-23-22-21-47|20
78,11,901.5675,2.3185,190.0,1139.6181,0,11,17.554025,17.583965,True,5-3-7-8-10-11-9-6-4-2-1-75|13-17-18-19-15-16-14-12|32-33-31-35-37-38-39-36-34|81-78-76-71-70-73-77-79-80|43-42-57-44-46-45-48-51-50-52-49|41-40-55-54-53-56-58-60-59|67-65-63-62-74-72-61-64-68-66-69|90-87-86-83-82-84-85-88-89-91|98-96-95-94-92-93-97-100-99|24-25-27-29-30-28-26-23-22-21-47|20
79,11,901.5675,2.3185,190.0,1139.6181,0,11,17.554025,17.583965,True,5-3-7-8-10-11-9-6-4-2-1-75|13-17-18-19-15-16-14-12|32-33-31-35-37-38-39-36-34|81-78-76-71-70-73-77-79-80|43-42-57-44-46-45-48-51-50-52-49|41-40-55-54-53-56-58-60-59|67-65-63-62-74-72-61-64-68-66-69|90-87-86-83-82-84-85-88-89-91|98-96-95-94-92-93-97-100-99|24-25-27-29-30-28-26-23-22-21-47|20
80,12,907.0811,840.6314,190.0,1063.8759,0,12,124.398349,124.544629,True,5-3-7-8-11-9-6-4-2-1-75|13-17-18-19-15-16-14-12|32-33-31-35-37-38-39-36-34|81-78-76-71-70-73-77-79-80|43-42-41-40-44-46-45-48-51-50-52|57-55-54-53-56-58-60-59|67-65-63-62-74-72-61-64-68-66-69|90-87-86-83-82-84-85-88-89-91|98-96-95-94-92-93-97-100-99|23-21|20-24-25-27-29-30-28-26-22-49-47|10
81,12,907.0811,840.6314,190.0,1063.8759,0,12,124.398349,124.544629,True,5-3-7-8-11-9-6-4-2-1-75|13-17-18-19-15-16-14-12|32-33-31-35-37-38-39-36-34|81-78-76-71-70-73-77-79-80|43-42-41-40-44-46-45-48-51-50-52|57-55-54-53-56-58-60-59|67-65-63-62-74-72-61-64-68-66-69|90-87-86-83-82-84-85-88-89-91|98-96-95-94-92-93-97-100-99|23-21|20-24-25-27-29-30-28-26-22-49-47|10
82,12,910.0911,834.0159,190.0,1052.9929,0,12,123.40602,123.550578,True,5-3-7-8-11-9-6-4-2-1-75|13-17-18-19-15-16-14-12|32-33-31-35-37-38-39-36-34|81-78-76-71-70-73-77-79-80|43-42-41-40-44-46-45-48-51-50-52|57-55-54-53-56-58-60-59|67-65-63-62-74-72-61-64-68-66-69|90-87-86-83-82-84-85-88-89-91|98-96-95-94-92-93-97-100-99|23-26-22-21|20-24-25-27-29-30-28-49-47|10
83,12,910.0911,834.0159,190.0,1052.9929,0,12,123.40602,123.550578,True,5-3-7-8-11-9-6-4-2-1-75|13-17-18-19-15-16-14-12|32-33-31-35-37-38-39-36-34|81-78-76-71-70-73-77-79-80|43-42-41-40-44-46-45-48-51-50-52|57-55-54-53-56-58-60-59|67-65-63-62-74-72-61-64-68-66-69|90-87-86-83-82-84-85-88-89-91|98-96-95-94-92-93-97-100-99|23-26-22-21|20-24-25-27-29-30-28-49-47|10
84,12,911.8948,750.8004,190.0,1052.9929,0,12,110.923707,111.056323,True,5-3-7-8-11-9-6-4-2-1-75|13-17-18-19-15-16-14-12|32-33-31-35-37-38-39-36-34|81-78-76-71-70-73-77-79-80|43-42-41-40-44-46-45-48-51-50-52|57-55-54-53-56-58-60-59|67-65-63-62-74-72-61-64-68-66-69|90-87-86-83-82-84-85-88-89-91|98-96-95-94-92-93-97-100-99|23-26-21|20-24-25-27-29-30-28-22-49-47|10
85,12,911.8948,750.8004,190.0,1052.9929,0,12,110.923707,111.056323,True,5-3-7-8-11-9-6-4-2-1-75|13-17-18-19-15-16-14-12|32-33-31-35-37-38-39-36-34|81-78-76-71-70-73-77-79-80|43-42-41-40-44-45-46-48-51-50-52|57-55-54-53-56-58-60-59|67-65-63-62-74-72-61-64-68-66-69|90-87-86-83-82-84-85-88-89-91|98-96-95-94-92-93-97-100-99|23-26-21|20-24-25-27-29-30-28-22-49-47|10
86,12,911.8948,750.8004,190.0,1052.9929,0,12,110.923707,111.056323,True,5-3-7-8-11-9-6-4-2-1-75|13-17-18-19-15-16-14-12|32-33-31-35-37-38-39-36-34|81-78-76-71-70-73-77-79-80|43-42-41-40-44-46-45-48-51-50-52|57-55-54-53-56-58-60-59|67-65-63-62-74-72-61-64-68-66-69|90-87-86-83-82-84-85-88-89-91|98-96-95-94-92-93-97-100-99|23-26-21|20-24-25-27-29-30-28-22-49-47|10
87,12,912.0861,737.7782,190.0,1052.9929,0,12,108.970368,109.101089,True,5-3-7-8-11-9-6-4-2-1-75|13-17-18-19-15-16-14-12|32-33-31-35-37-38-39-36-34|81-78-76-71-70-73-77-79-80|43-42-41-40-44-46-45-48-51-50-52|57-55-54-53-56-58-60-59|67-65-63-62-74-72-61-64-68-66-69|90-87-86-83-82-84-85-88-89-91|98-96-95-94-92-93-97-100-99|24-26-23-22-21|20-25-27-30-28-29-49-47|10
88,12,912.0861,737.7782,190.0,1052.9929,0,12,108.970368,109.101089,True,5-3-7-8-11-9-6-4-2-1-75|13-17-18-19-15-16-14-12|32-33-31-35-37-38-39-36-34|81-78-76-71-70-73-77-79-80|43-42-41-40-44-46-45-48-51-50-52|57-55-54-53-56-58-60-59|67-65-63-62-74-72-61-64-68-66-69|90-87-86-83-82-84-85-88-89-91|98-96-95-94-92-93-97-100-99|24-26-23-22-21|20-25-27-30-28-29-49-47|10
89,11,912.7536,655.0391,170.0,1063.8759,0,11,96.559507,96.677349,True,5-3-7-8-11-9-6-4-2-1-75|18-17-10-13-19-15-16-14-12|32-33-31-35-37-38-39-36-34|81-78-76-71-70-73-77-79-80|43-42-41-40-44-45-46-48-51-50-52|57-55-54-53-56-58-60-59|67-65-63-62-74-72-61-64-68-66-69|90-87-86-83-82-84-85-88-89-91|98-96-95-94-92-93-97-100-99|23-21|20-24-25-27-29-30-28-26-22-49-47
90,11,912.7536,655.0391,170.0,1063.8759,0,11,96.559507,96.677349,True,5-3-7-8-11-9-6-4-2-1-75|18-17-10-13-19-15-16-14-12|32-33-31-35-37-38-39-36-34|81-78-76-71-70-73-77-79-80|43-42-41-40-44-45-46-48-51-50-52|57-55-54-53-56-58-60-59|67-65-63-62-74-72-61-64-68-66-69|90-87-86-83-82-84-85-88-89-91|98-96-95-94-92-93-97-100-99|23-21|20-24-25-27-29-30-28-26-22-49-47
91,12,913.4541,758.3671,180.0,1052.9929,0,12,112.05871,112.19193,True,5-3-7-8-9-6-4-2-1-75|13-17-18-19-15-16-14-12|32-33-31-35-37-38-39-36-34|81-78-76-71-70-73-77-79-80|43-42-41-40-44-46-45-48-51-50-52|57-55-54-53-56-58-60-59|67-65-63-62-74-72-61-64-68-66-69|90-87-86-83-82-84-85-88-89-91|98-96-95-94-92-93-97-100-99|23-26-21|20-24-25-27-29-30-28-22-49-47|10-11
92,12,913.4541,758.3671,180.0,1052.9929,0,12,112.05871,112.19193,True,5-3-7-8-9-6-4-2-1-75|13-17-18-19-15-16-14-12|32-33-31-35-37-38-39-36-34|81-78-76-71-70-73-77-79-80|43-42-41-40-44-46-45-48-51-50-52|57-55-54-53-56-58-60-59|67-65-63-62-74-72-61-64-68-66-69|90-87-86-83-82-84-85-88-89-91|98-96-95-94-92-93-97-100-99|23-26-21|20-24-25-27-29-30-28-22-49-47|10-11
93,10,917.1611,5.459,50.0,1139.6181,0,10,22.232108,22.252897,True,5-3-7-8-10-11-9-6-4-2-1-75|13-17-18-19-15-16-14-12|81-78-76-71-70-73-77-79-80|33-43-42-41-40-44-46-45-48-51-50|57-55-54-53-56-58-60-59|67-65-63-62-74-72-61-64-68-66-69|90-87-86-83-82-84-85-88-89-91|98-96-95-94-92-93-97-100-99|31-35-37-29-27-30-28-26-23-22-21|20-25-24-32-38-39-36-34-52-49-47
94,10,917.1611,5.459,50.0,1139.6181,0,10,22.232108,22.252897,True,5-3-7-8-10-11-9-6-4-2-1-75|13-17-18-19-15-16-14-12|81-78-76-71-70-73-77-79-80|33-43-42-41-40-44-46-45-48-51-50|57-55-54-53-56-58-60-59|67-65-63-62-74-72-61-64-68-66-69|90-87-86-83-82-84-85-88-89-91|98-96-95-94-92-93-97-100-99|31-35-37-29-27-30-28-26-23-22-21|20-25-24-32-38-39-36-34-52-49-47
95,11,917.7586,552.1859,130.0,1052.9929,0,11,81.131526,81.229809,True,5-3-7-8-11-9-6-4-2-1-75|18-17-10-13-19-15-16-14-12|32-33-31-35-37-38-39-36-34|81-78-76-71-70-73-77-79-80|43-42-41-40-44-46-45-48-51-50-52|57-55-54-53-56-58-60-59|67-65-63-62-74-72-61-64-68-66-69|90-87-86-83-82-84-85-88-89-91|98-96-95-94-92-93-97-100-99|24-26-23-22-21|20-25-27-30-28-29-49-47
96,11,917.7586,552.1859,130.0,1052.9929,0,11,81.131526,81.229809,True,5-3-7-8-11-9-6-4-2-1-75|18-17-10-13-19-15-16-14-12|32-33-31-35-37-38-39-36-34|81-78-76-71-70-73-77-79-80|43-42-41-40-44-46-45-48-51-50-52|57-55-54-53-56-58-60-59|67-65-63-62-74-72-61-64-68-66-69|90-87-86-83-82-84-85-88-89-91|98-96-95-94-92-93-97-100-99|24-26-23-22-21|20-25-27-30-28-29-49-47
97,11,924.8573,363.5519,120.0,1052.9929,0,11,52.83643,52.907548,True,5-7-8-9-6-4-2-1-75|13-17-18-19-15-16-14-12|24-32-31-35-37-38-39-36-34|81-78-76-71-70-73-77-79-80|43-42-41-40-44-46-45-48-51-50-52|57-55-54-53-56-58-60-59|67-65-63-62-74-72-61-64-68-66-69|90-87-86-83-82-84-85-88-89-91|98-96-95-94-92-93-97-100-99|20-25-27-33-29-30-28-26-21|3-11-10-23-22-49-47
98,11,924.8573,363.5519,120.0,1052.9929,0,11,52.83643,52.907548,True,5-7-8-9-6-4-2-1-75|13-17-18-19-15-16-14-12|24-32-31-35-37-38-39-36-34|81-78-76-71-70-73-77-79-80|43-42-41-40-44-46-45-48-51-50-52|57-55-54-53-56-58-60-59|67-65-63-62-74-72-61-64-68-66-69|90-87-86-83-82-84-85-88-89-91|98-96-95-94-92-93-97-100-99|20-25-27-33-29-30-28-26-21|3-11-10-23-22-49-47
99,12,940.7054,740.0966,190.0,1049.4031,0,12,109.318137,109.457253,True,5-3-7-8-11-9-6-4-2-1-75|13-17-18-19-15-16-14-12|32-33-31-35-37-38-39-36-34|81-78-76-71-70-73-77-79-80|43-42-57-44-46-45-48-51-50-52|41-40-55-54-53-56-58-60-59|67-65-63-62-74-72-61-64-68-66-69|90-87-86-83-82-84-85-88-89-91|98-96-95-94-92-93-97-100-99|24-26-23-22-21|20-25-27-30-28-29-49-47|10
100,12,940.7054,740.0966,190.0,1049.4031,0,12,109.318137,109.457253,True,5-3-7-8-11-9-6-4-2-1-75|13-17-18-19-15-16-14-12|32-33-31-35-37-38-39-36-34|81-78-76-71-70-73-77-79-80|43-42-57-44-46-45-48-51-50-52|41-40-55-54-53-56-58-60-59|67-65-63-62-74-72-61-64-68-66-69|90-87-86-83-82-84-85-88-89-91|98-96-95-94-92-93-97-100-99|24-26-23-22-21|20-25-27-30-28-29-49-47|10
101,10,946.4815,2.3185,70.0,1139.6181,0,10,31.028239,31.059353,True,5-3-7-8-10-11-9-6-4-2-1-75|13-17-18-19-15-16-14-12|32-33-31-35-37-38-39-36-34|43-42-57-44-46-45-48-51-50-52-49|41-40-55-54-53-56-58-60-59|67-65-63-62-74-72-61-64-68-66-69|90-87-86-81-83-82-84-85-88-89-91|98-96-95-94-92-93-97-100-99|24-25-27-29-30-28-26-23-22-21-47|20-78-76-71-70-73-77-79-80
102,10,946.4815,2.3185,70.0,1139.6181,0,10,31.028239,31.059353,True,5-3-7-8-10-11-9-6-4-2-1-75|13-17-18-19-15-16-14-12|32-33-31-35-37-38-39-36-34|43-42-57-44-46-45-48-51-50-52-49|41-40-55-54-53-56-58-60-59|67-65-63-62-74-72-61-64-68-66-69|90-87-86-81-83-82-84-85-88-89-91|98-96-95-94-92-93-97-100-99|24-25-27-29-30-28-26-23-22-21-47|20-78-76-71-70-73-77-79-80
103,10,949.479,95.2048,40.0,1155.9878,0,10,31.927488,31.972889,True,5-3-7-8-10-11-9-6-4-2-1-75|13-17-18-19-15-16-14-12|20-25-27-33-29-30-28-26-23-22-21|24-32-31-46-35-37-38-39-36-34|65-81-78-76-71-70-73-77-79-80|63-43-41-42-44-45-48-51-50-52-49-47|67-62-55-54-53-56-58-60-59|90-87-86-83-82-84-85-88-89-91|98-96-95-94-92-93-97-100-99|40-57-72-74-61-64-68-66-69
104,10,949.479,95.2048,40.0,1155.9878,0,10,31.927488,31.972889,True,5-3-7-8-10-11-9-6-4-2-1-75|13-17-18-19-15-16-14-12|20-25-27-33-29-30-28-26-23-22-21|24-32-31-46-35-37-38-39-36-34|65-81-78-76-71-70-73-77-79-80|63-43-41-42-44-45-48-51-50-52-49-47|67-62-55-54-53-56-58-60-59|90-87-86-83-82-84-85-88-89-91|98-96-95-94-92-93-97-100-99|40-57-72-74-61-64-68-66-69
105,11,954.6756,327.9666,130.0,1062.344,0,11,47.498634,47.575763,True,5-7-10-11-8-9-6-4-2-1-75|13-17-18-19-15-16-14-12|24-32-33-35-37-38-39-36-34|55-81-78-76-71-70-73-77-79-80|43-42-41-40-44-45-46-51-50-52|57-54-53-56-58-60-59-68|67-65-63-62-74-72-61-64-66-69|90-87-86-83-82-84-85-88-89-91|98-96-95-94-92-93-97-100-99|20-25-27-30-28-26-23-22-21|3-29-31-48-49-47
106,11,954.6756,327.9666,130.0,1062.344,0,11,47.498634,47.575763,True,5-7-10-11-8-9-6-4-2-1-75|13-17-18-19-15-16-14-12|24-32-33-35-37-38-39-36-34|55-81-78-76-71-70-73-77-79-80|43-42-41-40-44-45-46-51-50-52|57-54-53-56-58-60-59-68|67-65-63-62-74-72-61-64-66-69|90-87-86-83-82-84-85-88-89-91|98-96-95-94-92-93-97-100-99|20-25-27-30-28-26-23-22-21|3-29-31-48-49-47
107,11,954.967,203.8573,110.0,1052.9929,0,11,33.573877,33.629074,True,5-7-10-8-9-6-4-2-1-75|13-17-15-16-14-12-11|24-32-33-35-37-38-39-36-34|81-78-76-71-70-73-77-79-80|43-42-41-40-44-45-46-48-51-50-52|57-55-54-53-56-58-60-59|67-65-63-62-74-72-61-64-68-66-69|90-87-86-83-82-84-85-88-89-91|98-96-95-94-92-93-97-100-99|20-25-27-30-28-26-23-22-21|3-19-18-31-29-49-47
108,11,954.967,203.8573,110.0,1052.9929,0,11,33.573877,33.629074,True,5-7-10-8-9-6-4-2-1-75|13-17-15-16-14-12-11|24-32-33-35-37-38-39-36-34|81-78-76-71-70-73-77-79-80|43-42-41-40-44-45-46-48-51-50-52|57-55-54-53-56-58-60-59|67-65-63-62-74-72-61-64-68-66-69|90-87-86-83-82-84-85-88-89-91|98-96-95-94-92-93-97-100-99|20-25-27-30-28-26-23-22-21|3-19-18-31-29-49-47
109,10,964.2631,4.3159,60.0,1139.6181,0,10,36.36271,36.398459,True,5-3-7-8-10-11-9-6-4-2-1-75|13-17-18-19-15-16-14-12|20-24-25-27-29-30-28-26-23-22-21|32-33-31-35-37-38-39-36-34|41-42-44-46-45-48-51-50-52-49-47|98-67-65-63-62-72-61-64-68-66-69|90-81-78-82-83-84-85-88-89-91|43-40-74-76-71-70-73-77-79-80|57-55-54-53-56-58-60-59|87-86-96-95-94-92-93-97-100-99
110,10,964.2631,4.3159,60.0,1139.6181,0,10,36.36271,36.398459,True,5-3-7-8-10-11-9-6-4-2-1-75|13-17-18-19-15-16-14-12|20-24-25-27-29-30-28-26-23-22-21|32-33-31-35-37-38-39-36-34|41-42-44-46-45-48-51-50-52-49-47|98-67-65-63-62-72-61-64-68-66-69|90-81-78-82-83-84-85-88-89-91|43-40-74-76-71-70-73-77-79-80|57-55-54-53-56-58-60-59|87-86-96-95-94-92-93-97-100-99
111,12,965.2951,1073.9797,160.0,1051.0514,0,12,159.400601,159.594423,True,10-11-8-9-6-4-2-1-75|13-17-18-19-15-16-14-12|20-24-25-27-29-30-28-26-23-22-21|31-35-32-33-37-38-39-36-34|81-78-76-71-70-73-77-79-80|43-42-44-46-45-48-51-50-47|55-59-68-69|67-65-63-62-74-72-61-64-66|90-87-86-83-82-84-85-88-89-91|98-96-95-94-92-93-97-100-99|5-3-7-52-49|41-40-57-54-53-56-58-60
112,12,965.2951,1073.9797,160.0,1051.0514,0,12,159.400601,159.594423,True,10-11-8-9-6-4-2-1-75|13-17-18-19-15-16-14-12|20-24-25-27-29-30-28-26-23-22-21|31-35-32-33-37-38-39-36-34|81-78-76-71-70-73-77-79-80|43-42-44-46-45-48-51-50-47|55-59-68-69|67-65-63-62-74-72-61-64-66|90-87-86-83-82-84-85-88-89-91|98-96-95-94-92-93-97-100-99|5-3-7-52-49|41-40-57-54-53-56-58-60
113,11,966.0326,250.2313,100.0,1054.4261,0,11,36.893577,36.958265,True,5-3-7-8-10-11-9-6-4-75|13-17-18-19-15-16-14-12|20-24-25-27-29-30-28-26-23-22-21|32-33-31-35-37-38-39-36-34|41-42-44-46-45-48-51-50-52-49-47|67-65-63-62-72-61-64-68-66-69|81-78-82-83-84-85-88-89-91|43-40-74-76-71-70-73-77-79-80|96-95-94-92-93-97-100-99|57-55-54-53-56-58-60-59|90-87-86-98-2-1
114,11,966.0326,250.2313,100.0,1054.4261,0,11,36.893577,36.958265,True,5-3-7-8-10-11-9-6-4-75|13-17-18-19-15-16-14-12|20-24-25-27-29-30-28-26-23-22-21|32-33-31-35-37-38-39-36-34|41-42-44-46-45-48-51-50-52-49-47|67-65-63-62-72-61-64-68-66-69|81-78-82-83-84-85-88-89-91|43-40-74-76-71-70-73-77-79-80|96-95-94-92-93-97-100-99|57-55-54-53-56-58-60-59|90-87-86-98-2-1
115,11,966.2074,295.8428,90.0,1067.6747,0,11,42.680068,42.752637,True,5-3-7-8-10-11-9-6-4|13-17-18-19-15-16-14-12|20-24-25-27-29-30-28-26-23-22-21|32-33-31-35-37-38-39-36-34|43-42-44-46-45-48-51-50-52-49-47|67-65-63-62-74-72-61-64-66|81-76-82-83-84-85-88-91|41-40-57-78-71-70-73-77-79-80|98-96-95-94-92-93-97-100-99|55-54-53-56-58-60-59-68-69|90-87-86-89-2-1-75
116,11,966.2074,295.8428,90.0,1067.6747,0,11,42.680068,42.752637,True,5-3-7-8-10-11-9-6-4|13-17-18-19-15-16-14-12|20-24-25-27-29-30-28-26-23-22-21|32-33-31-35-37-38-39-36-34|43-42-44-46-45-48-51-50-52-49-47|67-65-63-62-74-72-61-64-66|81-76-82-83-84-85-88-91|41-40-57-78-71-70-73-77-79-80|98-96-95-94-92-93-97-100-99|55-54-53-56-58-60-59-68-69|90-87-86-89-2-1-75
117,13,972.6284,447.3324,190.0,1049.4031,0,13,65.403498,65.508576,True,5-3-8-9-6-4-2-1-75|13-17-18-19-15-16-14-12|32-33-31-35-37-38-39-36-34|81-78-76-71-70-73-77-79-80|41-40-42-44-46-45-48-51-50-52|57-55-54-53-56-58-60-59|67-65-63-62-74-72-61-64-68-66-69|90-87-86-83-82-84-85-88-89-91|98-96-95-94-92-93-97-100-99|25-27-28-26-23-21|20-24-29-30-11-10-22-49-47|43|7
118,13,972.6284,447.3324,190.0,1049.4031,0,13,65.403498,65.508576,True,5-3-8-9-6-4-2-1-75|13-17-18-19-15-16-14-12|32-33-31-35-37-38-39-36-34|81-78-76-71-70-73-77-79-80|41-40-42-44-46-45-48-51-50-52|57-55-54-53-56-58-60-59|67-65-63-62-74-72-61-64-68-66-69|90-87-86-83-82-84-85-88-89-91|98-96-95-94-92-93-97-100-99|25-27-28-26-23-21|20-24-29-30-11-10-22-49-47|43|7
119,13,973.1956,445.0139,190.0,1049.4031,0,13,65.055729,65.160629,True,5-3-8-9-6-4-2-1-75|13-17-18-19-15-16-14-12|32-33-31-35-37-38-39-36-34|81-78-76-71-70-73-77-79-80|42-41-40-44-46-45-48-51-50-52|57-55-54-53-56-58-60-59|67-65-63-62-74-72-61-64-68-66-69|90-87-86-83-82-84-85-88-89-91|98-96-95-94-92-93-97-100-99|25-27-28-26-23-21|20-24-29-30-11-10-22-49-47|43|7
120,13,973.1956,445.0139,190.0,1049.4031,0,13,65.055729,65.160629,True,5-3-8-9-6-4-2-1-75|13-17-18-19-15-16-14-12|32-33-31-35-37-38-39-36-34|81-78-76-71-70-73-77-79-80|42-41-40-44-46-45-48-51-50-52|57-55-54-53-56-58-60-59|67-65-63-62-74-72-61-64-68-66-69|90-87-86-83-82-84-85-88-89-91|98-96-95-94-92-93-97-100-99|25-27-28-26-23-21|20-24-29-30-11-10-22-49-47|43|7
121,11,977.4534,4.3159,140.0,1066.4163,0,11,40.319807,40.356832,True,5-3-7-8-10-11-9-6-4-1-75|13-17-18-19-15-16-14-12|20-24-25-27-29-30-28-26-23-22-21|32-33-31-35-37-38-39-36-34|41-42-44-46-45-48-51-50-52-49-47|67-65-63-62-74-72-61-64-66-69|81-78-82-83-84-85-88-89-91|43-40-55-76-71-70-73-77-79-80|96-95-94-92-93-97-100-99-2|57-54-53-56-58-60-59-68|90-87-86-98
122,11,977.4534,4.3159,140.0,1066.4163,0,11,40.319807,40.356832,True,5-3-7-8-10-11-9-6-4-1-75|13-17-18-19-15-16-14-12|20-24-25-27-29-30-28-26-23-22-21|32-33-31-35-37-38-39-36-34|41-42-44-46-45-48-51-50-52-49-47|67-65-63-62-74-72-61-64-66-69|81-78-82-83-84-85-88-89-91|43-40-55-76-71-70-73-77-79-80|96-95-94-92-93-97-100-99-2|57-54-53-56-58-60-59-68|90-87-86-98
123,11,979.7281,441.1772,90.0,1058.8414,0,11,64.480227,64.577328,True,5-3-7-8-10-11-9-6-4|13-17-18-19-15-16-14-12|20-24-25-27-29-30-28-26-23-22-21|32-33-31-35-37-38-39-36-34|41-42-44-46-45-48-51-50-52-49-47|67-65-63-62-61-64-68-66-69|81-78-76-82-83-84-85-88-89-91|43-40-74-72-71-70-73-77-79-80|90-87-86-96-94-92-93-97-100-99|57-55-54-53-56-58-60-59|98-95-2-1-75
124,11,979.7281,441.1772,90.0,1058.8414,0,11,64.480227,64.577328,True,5-3-7-8-10-11-9-6-4|13-17-18-19-15-16-14-12|20-24-25-27-29-30-28-26-23-22-21|32-33-31-35-37-38-39-36-34|41-42-44-46-45-48-51-50-52-49-47|67-65-63-62-61-64-68-66-69|81-78-76-82-83-84-85-88-89-91|43-40-74-72-71-70-73-77-79-80|90-87-86-96-94-92-93-97-100-99|57-55-54-53-56-58-60-59|98-95-2-1-75
125,11,980.1876,252.1813,80.0,1067.3227,0,11,41.140077,41.209238,True,5-3-7-8-10-11-9-6-4|13-17-18-19-15-16-14-12|20-24-25-27-29-30-28-26-23-22-21|32-33-31-35-37-38-39-36-34|41-42-44-46-45-48-51-50-52-49-47|67-65-63-62-74-72-61-64-66-69|81-78-76-82-83-84-85-88-89-91|43-40-57-55-71-70-73-77-79-80|96-95-94-92-93-97-100-99|54-53-56-58-60-59-68|90-87-86-98-2-1-75
126,11,980.1876,252.1813,80.0,1067.3227,0,11,41.140077,41.209238,True,5-3-7-8-10-11-9-6-4|13-17-18-19-15-16-14-12|20-24-25-27-29-30-28-26-23-22-21|32-33-31-35-37-38-39-36-34|41-42-44-46-45-48-51-50-52-49-47|67-65-63-62-74-72-61-64-66-69|81-78-76-82-83-84-85-88-89-91|43-40-57-55-71-70-73-77-79-80|96-95-94-92-93-97-100-99|54-53-56-58-60-59-68|90-87-86-98-2-1-75
127,11,983.866,192.3287,90.0,1066.4163,0,11,42.243595,42.305746,True,5-3-7-8-10-11-9-6-4-75|13-17-18-19-15-16-14-12|20-24-25-27-29-30-28-26-23-22-21|32-33-31-35-37-38-39-36-34|41-42-44-46-45-48-51-50-52-49-47|67-65-63-62-74-72-61-64-66-69|81-78-82-83-84-85-88-89-91|43-40-55-76-71-70-73-77-79-80|96-95-94-92-93-97-100|57-54-53-56-58-60-59-68|90-87-86-98-99-2-1
128,11,983.866,192.3287,90.0,1066.4163,0,11,42.243595,42.305746,True,5-3-7-8-10-11-9-6-4-75|13-17-18-19-15-16-14-12|20-24-25-27-29-30-28-26-23-22-21|32-33-31-35-37-38-39-36-34|41-42-44-46-45-48-51-50-52-49-47|67-65-63-62-74-72-61-64-66-69|81-78-82-83-84-85-88-89-91|43-40-55-76-71-70-73-77-79-80|96-95-94-92-93-97-100|57-54-53-56-58-60-59-68|90-87-86-98-99-2-1
129,11,986.3182,282.6352,90.0,1066.3567,0,11,42.979257,43.055681,True,5-3-7-8-10-11-9-6-4-75|13-17-18-19-15-16-14-12|20-24-25-27-29-30-28-26-23-22-21|32-33-31-35-37-38-39-36-34|42-44-46-45-48-51-50-52-49-47|67-65-63-62-74-72-61-64-66-69|81-78-76-82-83-84-85-88-89-91|43-41-40-57-71-70-73-77-79-80|96-95-94-92-93-97-100|55-54-53-56-58-60-59-68|90-87-86-98-99-2-1
130,11,986.3182,282.6352,90.0,1066.3567,0,11,42.979257,43.055681,True,5-3-7-8-10-11-9-6-4-75|13-17-18-19-15-16-14-12|20-24-25-27-29-30-28-26-23-22-21|32-33-31-35-37-38-39-36-34|42-44-46-45-48-51-50-52-49-47|67-65-63-62-74-72-61-64-66-69|81-78-76-82-83-84-85-88-89-91|43-41-40-57-71-70-73-77-79-80|96-95-94-92-93-97-100|55-54-53-56-58-60-59-68|90-87-86-98-99-2-1
131,11,987.6995,192.3287,130.0,1054.4261,0,11,43.393626,43.459128,True,5-3-7-8-10-11-9-6-4-1-75|13-17-18-19-15-16-14-12|20-24-25-27-29-30-28-26-23-22-21|32-33-31-35-37-38-39-36-34|41-42-44-46-45-48-51-50-52-49-47|67-65-63-62-74-72-61-64-66-69|81-78-76-82-83-84-85-88-89-91|43-40-55-71-70-73-77-79-80|96-95-94-92-93-97-100-2|57-54-53-56-58-60-59-68|90-87-86-98-99
132,11,987.6995,192.3287,130.0,1054.4261,0,11,43.393626,43.459128,True,5-3-7-8-10-11-9-6-4-1-75|13-17-18-19-15-16-14-12|20-24-25-27-29-30-28-26-23-22-21|32-33-31-35-37-38-39-36-34|41-42-44-46-45-48-51-50-52-49-47|67-65-63-62-74-72-61-64-66-69|81-78-76-82-83-84-85-88-89-91|43-40-55-71-70-73-77-79-80|96-95-94-92-93-97-100-2|57-54-53-56-58-60-59-68|90-87-86-98-99
133,11,989.1575,192.3287,100.0,1054.4261,0,11,43.831045,43.893985,True,5-3-7-8-10-11-9-6-4-1-75|13-17-18-19-15-16-14-12|20-24-25-27-29-30-28-26-23-22-21|32-33-31-35-37-38-39-36-34|41-42-44-46-45-48-51-50-52-49-47|67-65-63-62-74-72-61-64-66-69|81-78-76-82-83-84-85-88-89-91|43-40-57-71-70-73-77-79-80|96-95-94-92-93-97-100|55-54-53-56-58-60-59-68|90-87-86-98-99-2
134,11,989.1575,192.3287,100.0,1054.4261,0,11,43.831045,43.893985,True,5-3-7-8-10-11-9-6-4-1-75|13-17-18-19-15-16-14-12|20-24-25-27-29-30-28-26-23-22-21|32-33-31-35-37-38-39-36-34|41-42-44-46-45-48-51-50-52-49-47|67-65-63-62-74-72-61-64-66-69|81-78-76-82-83-84-85-88-89-91|43-40-57-71-70-73-77-79-80|96-95-94-92-93-97-100|55-54-53-56-58-60-59-68|90-87-86-98-99-2
135,11,989.1575,192.3287,100.0,1054.4261,0,11,43.831045,43.893985,True,5-3-7-8-10-11-9-6-4-1-75|13-17-18-19-15-16-14-12|20-24-25-27-29-30-28-26-23-22-21|32-33-31-35-37-38-39-36-34|41-42-44-46-45-48-51-50-52-49-47|67-65-63-62-74-72-61-64-66-69|81-78-76-82-83-84-85-88-89-91|43-40-57-71-70-73-77-79-80|96-95-94-92-93-97-100|55-54-53-56-58-60-59-68|90-87-86-98-99-2
136,12,989.7527,983.9818,170.0,1046.1748,0,12,145.900917,146.088845,True,5-3-7-8-11-9-6-4-2-1-75|13-17-18-19-15-16-14-12|20-24-25-27-29-30-28-26-23-22-21|81-78-76-71-70-73-77-79-80|43-41-42-46-45-48-51-50-52|57-53-54-55-64-66-69|90-87-86-83-82-84-85-88-89-91|98-96-95-94-92-93-97-100-99|40-47-49|10-44-60-56-58-59-68|67-65-63-74-62-72-61|32-33-31-35-37-38-39-36-34
137,12,989.7527,983.9818,170.0,1046.1748,0,12,145.900917,146.088845,True,5-3-7-8-11-9-6-4-2-1-75|13-17-18-19-15-16-14-12|20-24-25-27-29-30-28-26-23-22-21|81-78-76-71-70-73-77-79-80|43-41-42-46-45-48-51-50-52|57-53-54-55-64-66-69|90-87-86-83-82-84-85-88-89-91|98-96-95-94-92-93-97-100-99|40-47-49|10-44-60-56-58-59-68|67-65-63-74-62-72-61|32-33-31-35-37-38-39-36-34
138,11,989.8065,191.6798,100.0,1054.4261,0,11,44.025733,44.08877,True,5-3-7-8-10-11-9-6-4-1-75|13-17-18-19-15-16-14-12|20-24-25-27-29-30-28-26-23-22-21|32-33-31-35-37-38-39-36-34|41-42-44-46-45-48-51-50-52-49-47|67-65-63-62-74-72-61-64-66-69|81-78-76-82-83-84-85-88-89-91|43-40-57-71-70-73-77-79-80|96-95-94-92-93-97-100|55-54-53-56-58-60-59-68|90-86-87-98-99-2
139,11,989.8065,191.6798,100.0,1054.4261,0,11,44.025733,44.08877,True,5-3-7-8-10-11-9-6-4-1-75|13-17-18-19-15-16-14-12|20-24-25-27-29-30-28-26-23-22-21|32-33-31-35-37-38-39-36-34|41-42-44-46-45-48-51-50-52-49-47|67-65-63-62-74-72-61-64-66-69|81-78-76-82-83-84-85-88-89-91|43-40-57-71-70-73-77-79-80|96-95-94-92-93-97-100|55-54-53-56-58-60-59-68|90-86-87-98-99-2
140,11,990.0754,190.9404,100.0,1067.3227,0,11,44.106393,44.171335,True,5-3-7-8-10-11-9-6-4-75|13-17-18-19-15-16-14-12|20-24-25-27-29-30-28-26-23-22-21|32-33-31-35-37-38-39-36-34|41-42-44-46-45-48-51-50-52-49-47|67-65-63-62-74-72-61-64-66-69|81-78-76-82-83-84-85-88-89-91|43-40-57-55-71-70-73-77-79-80|98-95-94-92-93-97-100|54-53-56-58-60-59-68|90-87-86-96-99-2-1
141,11,990.0754,190.9404,100.0,1067.3227,0,11,44.106393,44.171335,True,5-3-7-8-10-11-9-6-4-75|13-17-18-19-15-16-14-12|20-24-25-27-29-30-28-26-23-22-21|32-33-31-35-37-38-39-36-34|41-42-44-46-45-48-51-50-52-49-47|67-65-63-62-74-72-61-64-66-69|81-78-76-82-83-84-85-88-89-91|43-40-57-55-71-70-73-77-79-80|98-95-94-92-93-97-100|54-53-56-58-60-59-68|90-87-86-96-99-2-1
142,11,990.9673,435.3838,90.0,1054.4261,0,11,63.611211,63.710152,True,5-3-7-8-10-11-9-6-4|13-17-18-19-15-16-14-12|20-24-25-27-29-30-28-26-23-22-21|32-33-31-35-37-38-39-36-34|41-42-44-46-45-48-51-50-52-49-47|67-65-63-62-74-72-61-64-66-69|81-78-76-82-83-84-85-88-89-91|43-40-57-71-70-73-77-79-80|90-87-86-96-94-92-93-97-100-99|55-54-53-56-58-60-59-68|98-95-2-1-75
143,11,990.9673,435.3838,90.0,1054.4261,0,11,63.611211,63.710152,True,5-3-7-8-10-11-9-6-4|13-17-18-19-15-16-14-12|20-24-25-27-29-30-28-26-23-22-21|32-33-31-35-37-38-39-36-34|41-42-44-46-45-48-51-50-52-49-47|67-65-63-62-74-72-61-64-66-69|81-78-76-82-83-84-85-88-89-91|43-40-57-71-70-73-77-79-80|90-87-86-96-94-92-93-97-100-99|55-54-53-56-58-60-59-68|98-95-2-1-75
144,11,991.8709,243.2523,80.0,1067.5264,0,11,44.645063,44.71642,True,5-3-7-8-10-11-9-6-4|13-17-18-19-15-16-14-12|20-24-25-27-29-30-28-26-23-22-21|32-33-31-35-37-38-39-36-34|43-42-44-46-45-48-51-50-52-49-47|67-65-63-62-74-72-61-64-66-69|81-78-82-83-84-85-88-89-91|41-40-57-76-71-70-73-77-79-80|90-95-94-92-93-97-100-99|55-54-53-56-58-60-59-68|87-86-98-96-2-1-75
145,11,991.8709,243.2523,80.0,1067.5264,0,11,44.645063,44.71642,True,5-3-7-8-10-11-9-6-4|13-17-18-19-15-16-14-12|20-24-25-27-29-30-28-26-23-22-21|32-33-31-35-37-38-39-36-34|43-42-44-46-45-48-51-50-52-49-47|67-65-63-62-74-72-61-64-66-69|81-78-82-83-84-85-88-89-91|41-40-57-76-71-70-73-77-79-80|90-95-94-92-93-97-100-99|55-54-53-56-58-60-59-68|87-86-98-96-2-1-75
146,12,992.1225,842.9314,160.0,1046.1748,0,12,124.743349,124.909831,True,5-3-7-8-11-9-6-4-2-1-75|13-17-18-19-15-16-14-12|20-24-25-27-29-30-28-26-23-22-21|81-78-76-71-70-73-77-79-80|43-42-46-45-48-51-50-52|57-55-54-53-58-60-64-61-66-69|90-87-86-83-82-84-85-88-89-91|98-96-95-94-92-93-97-100-99|41-40-47-49|10-44-56-59-68|67-65-63-62-72-74|32-33-31-35-37-38-39-36-34
147,12,992.1225,842.9314,160.0,1046.1748,0,12,124.743349,124.909831,True,5-3-7-8-11-9-6-4-2-1-75|13-17-18-19-15-16-14-12|20-24-25-27-29-30-28-26-23-22-21|81-78-76-71-70-73-77-79-80|43-42-46-45-48-51-50-52|57-55-54-53-58-60-64-61-66-69|90-87-86-83-82-84-85-88-89-91|98-96-95-94-92-93-97-100-99|41-40-47-49|10-44-56-59-68|67-65-63-62-72-74|32-33-31-35-37-38-39-36-34
148,11,997.5252,425.5324,100.0,1052.9929,0,11,62.133496,62.233712,True,5-3-7-10-8-9-6-4-2-1-75|13-17-19-15-11-12-16-14|18-33-32-31-35-38-39-36-34|81-78-76-71-70-73-77-79-80|43-42-41-40-44-46-45-48-51-50-52|57-55-54-53-56-58-60-59|67-65-63-62-74-72-61-64-68-66-69|90-87-86-83-82-84-85-88-89-91|98-96-95-94-92-93-97-100-99|20-37-30-28-26-23-21|25-27-29-24-22-49-47
149,11,997.5252,425.5324,100.0,1052.9929,0,11,62.133496,62.233712,True,5-3-7-10-8-9-6-4-2-1-75|13-17-19-15-11-12-16-14|18-33-32-31-35-38-39-36-34|81-78-76-71-70-73-77-79-80|43-42-41-40-44-46-45-48-51-50-52|57-55-54-53-56-58-60-59|67-65-63-62-74-72-61-64-68-66-69|90-87-86-83-82-84-85-88-89-91|98-96-95-94-92-93-97-100-99|20-37-30-28-26-23-21|25-27-29-24-22-49-47
150,13,998.4569,806.0145,180.0,1049.4031,0,13,119.20582,119.371449,True,5-3-8-9-6-4-2-1-75|13-17-18-19-15-16-14-12|32-33-31-35-37-38-39-36-34|81-78-76-71-70-73-77-79-80|42-41-40-44-45-46-48-51-50-52|57-55-54-53-56-58-60-59|67-65-63-62-74-72-61-64-68-66-69|90-87-86-83-82-84-85-88-89-91|98-96-95-94-92-93-97-100-99|23-26-21|24-27-29-30-28-11-22-49-47|20-43|25-10-7
151,13,998.4569,806.0145,180.0,1049.4031,0,13,119.20582,119.371449,True,5-3-8-9-6-4-2-1-75|13-17-18-19-15-16-14-12|32-33-31-35-37-38-39-36-34|81-78-76-71-70-73-77-79-80|42-41-40-44-45-46-48-51-50-52|57-55-54-53-56-58-60-59|67-65-63-62-74-72-61-64-68-66-69|90-87-86-83-82-84-85-88-89-91|98-96-95-94-92-93-97-100-99|23-26-21|24-27-29-30-28-11-22-49-47|20-43|25-10-7
152,11,998.5468,277.4636,90.0,1065.4457,0,11,46.647815,46.726994,True,5-3-7-8-10-11-9-6-4-75|13-17-18-19-15-16-14-12|20-24-25-27-29-30-28-26-23-22-21|32-33-31-35-37-38-39-36-34|41-44-46-45-48-51-50-52-49-47|67-65-63-62-74-72-61-64-66-69|81-78-76-82-83-84-85-88-89-91|43-42-40-55-71-70-73-77-79-80|90-95-94-92-93-97-100|57-54-53-56-58-60-59-68|87-86-98-96-99-2-1
153,11,998.5468,277.4636,90.0,1065.4457,0,11,46.647815,46.726994,True,5-3-7-8-10-11-9-6-4-75|13-17-18-19-15-16-14-12|20-24-25-27-29-30-28-26-23-22-21|32-33-31-35-37-38-39-36-34|41-44-46-45-48-51-50-52-49-47|67-65-63-62-74-72-61-64-66-69|81-78-76-82-83-84-85-88-89-91|43-42-40-55-71-70-73-77-79-80|90-95-94-92-93-97-100|57-54-53-56-58-60-59-68|87-86-98-96-99-2-1
154,11,999.5914,195.1248,80.0,1054.4261,0,11,46.961219,47.025708,True,5-3-7-8-10-11-9-6-4-75|13-17-18-19-15-16-14-12|20-24-25-27-29-30-28-26-23-22-21|33-32-31-35-37-38-39-36-34|41-42-44-46-45-48-51-50-52-49-47|67-65-63-62-74-72-61-64-66-69|81-76-71-82-83-84-85-88-89-91|43-40-55-78-70-73-77-79-80|90-87-86-95-94-92-93|57-54-53-56-58-60-59-68|98-96-97-100-99-2-1
155,11,999.5914,195.1248,80.0,1054.4261,0,11,46.961219,47.025708,True,5-3-7-8-10-11-9-6-4-75|13-17-18-19-15-16-14-12|20-24-25-27-29-30-28-26-23-22-21|33-32-31-35-37-38-39-36-34|41-42-44-46-45-48-51-50-52-49-47|67-65-63-62-74-72-61-64-66-69|81-76-71-82-83-84-85-88-89-91|43-40-55-78-70-73-77-79-80|90-87-86-95-94-92-93|57-54-53-56-58-60-59-68|98-96-97-100-99-2-1
156,11,999.6573,189.845,90.0,1067.3227,0,11,46.980965,47.047617,True,5-3-7-8-10-11-9-6-4-75|13-17-18-19-15-16-14-12|20-24-25-27-29-30-28-26-23-22-21|32-33-31-35-37-38-39-36-34|41-42-44-46-45-48-51-50-52-49-47|67-65-63-62-74-72-61-64-66-69|81-78-76-82-83-84-85-88-89-91|43-40-57-55-71-70-73-77-79-80|90-95-94-92-93-97-100|54-53-56-58-60-59-68|87-86-98-96-99-2-1
157,11,999.6573,189.845,90.0,1067.3227,0,11,46.980965,47.047617,True,5-3-7-8-10-11-9-6-4-75|13-17-18-19-15-16-14-12|20-24-25-27-29-30-28-26-23-22-21|32-33-31-35-37-38-39-36-34|41-42-44-46-45-48-51-50-52-49-47|67-65-63-62-74-72-61-64-66-69|81-78-76-82-83-84-85-88-89-91|43-40-57-55-71-70-73-77-79-80|90-95-94-92-93-97-100|54-53-56-58-60-59-68|87-86-98-96-99-2-1
158,11,999.6573,189.845,90.0,1067.3227,0,11,46.980965,47.047617,True,5-3-7-8-10-11-9-6-4-75|13-17-18-19-15-16-14-12|20-24-25-27-29-30-28-26-23-22-21|32-33-31-35-37-38-39-36-34|41-42-44-46-45-48-51-50-52-49-47|67-65-63-62-74-72-61-64-66-69|81-78-76-82-83-84-85-88-89-91|43-40-57-55-71-70-73-77-79-80|90-95-94-92-93-97-100|54-53-56-58-60-59-68|87-86-98-96-99-2-1
159,11,999.6573,189.845,90.0,1067.3227,0,11,46.980965,47.047617,True,5-3-7-8-10-11-9-6-4-75|13-17-18-19-15-16-14-12|20-24-25-27-29-30-28-26-23-22-21|32-33-31-35-37-38-39-36-34|41-42-44-46-45-48-51-50-52-49-47|67-65-63-62-74-72-61-64-66-69|81-78-76-82-83-84-85-88-89-91|43-40-57-55-71-70-73-77-79-80|90-95-94-92-93-97-100|54-53-56-58-60-59-68|87-86-98-96-99-2-1
160,11,999.8804,6.701,80.0,1054.4261,0,11,47.047899,47.084212,True,5-3-7-8-10-11-9-6-4-1-75|13-17-18-19-15-16-14-12|20-24-25-27-29-30-28-26-23-22-21|32-33-31-35-37-38-39-36-34|43-42-44-46-45-48-51-50-52-49-47|67-65-63-62-74-72-61-64-66-69|81-78-71-82-83-84-85-88-89-91|41-40-57-76-70-73-77-79-80|98-95-94-92-93|55-54-53-56-58-60-59-68|90-87-86-96-97-100-99-2
161,11,999.8804,6.701,80.0,1054.4261,0,11,47.047899,47.084212,True,5-3-7-8-10-11-9-6-4-1-75|13-17-18-19-15-16-14-12|20-24-25-27-29-30-28-26-23-22-21|32-33-31-35-37-38-39-36-34|43-42-44-46-45-48-51-50-52-49-47|67-65-63-62-74-72-61-64-66-69|81-78-71-82-83-84-85-88-89-91|41-40-57-76-70-73-77-79-80|98-95-94-92-93|55-54-53-56-58-60-59-68|90-87-86-96-97-100-99-2
162,13,1001.4635,798.2414,180.0,1049.4031,0,13,118.039852,118.205217,True,5-3-8-9-6-4-2-1-75|13-17-18-19-15-16-14-12|32-33-31-35-37-38-39-36-34|81-78-76-71-70-73-77-79-80|41-40-42-44-46-45-48-51-50-52|57-55-54-53-56-58-60-59|67-65-63-62-74-72-61-64-68-66-69|90-87-86-83-82-84-85-88-89-91|98-96-95-94-92-93-97-100-99|28-26-23-21|24-27-29-30-11-22-49-47|20-43|25-10-7
163,13,1001.4635,798.2414,180.0,1049.4031,0,13,118.039852,118.205217,True,5-3-8-9-6-4-2-1-75|13-17-18-19-15-16-14-12|32-33-31-35-37-38-39-36-34|81-78-76-71-70-73-77-79-80|41-40-42-44-46-45-48-51-50-52|57-55-54-53-56-58-60-59|67-65-63-62-74-72-61-64-68-66-69|90-87-86-83-82-84-85-88-89-91|98-96-95-94-92-93-97-100-99|28-26-23-21|24-27-29-30-11-22-49-47|20-43|25-10-7
164,12,1005.0868,622.8887,130.0,1049.4031,0,12,91.736939,91.871788,True,5-3-7-8-11-10|13-17-18-19-16-14-12-9-6-4|20-24-25-27-29-30-28-26-23-22-21|32-33-31-35-37-38-39-36-34|43-45-48-51-50-52-47|40-57-54-53-56-58-60-59|67-65-63-62-74-72-61-64-68-66-69|90-87-86-83-82-84-85-88-89-91|96-94-92-93-97-100-99-2-1-75|55-41-42-44-46-49|81-78-76-71-70-73-77-79-80|98-95-15
165,12,1005.0868,622.8887,130.0,1049.4031,0,12,91.736939,91.871788,True,5-3-7-8-11-10|13-17-18-19-16-14-12-9-6-4|20-24-25-27-29-30-28-26-23-22-21|32-33-31-35-37-38-39-36-34|43-45-48-51-50-52-47|40-57-54-53-56-58-60-59|67-65-63-62-74-72-61-64-68-66-69|90-87-86-83-82-84-85-88-89-91|96-94-92-93-97-100-99-2-1-75|55-41-42-44-46-49|81-78-76-71-70-73-77-79-80|98-95-15
166,10,1010.8035,79.6927,50.0,1096.3596,0,10,50.324824,50.378352,True,95-3-5-7-8-10-11-9-6-4|13-17-18-19-15-16-14-12|32-33-31-35-37-38-39-36-34|96-81-78-76-71-70-73-77-79-80|43-42-57-44-46-45-48-51-50-52-49|41-40-55-54-53-56-58-60-59|67-65-63-62-74-72-61-64-68-66-69|98-90-87-86-83-82-84-85-88-89-91|24-25-27-29-30-28-26-23-22-21-47|20-94-93-92-97-100-99-2-1-75
167,10,1010.8035,79.6927,50.0,1096.3596,0,10,50.324824,50.378352,True,95-3-5-7-8-10-11-9-6-4|13-17-18-19-15-16-14-12|32-33-31-35-37-38-39-36-34|96-81-78-76-71-70-73-77-79-80|43-42-57-44-46-45-48-51-50-52-49|41-40-55-54-53-56-58-60-59|67-65-63-62-74-72-61-64-68-66-69|98-90-87-86-83-82-84-85-88-89-91|24-25-27-29-30-28-26-23-22-21-47|20-94-93-92-97-100-99-2-1-75
168,12,1019.7533,969.8365,110.0,1048.1841,0,12,143.779113,143.968221,True,5-3-7-10-11-9-6-4-2-1-75|13-17-18-19-15-16-14-12|24-25-27-29-30-28-26-23-22-21|33-32-31-35-37-38-39-36-34|81-78-76-71-70-73-77-79-80|41-40-46-45-48-51-50-47|57-54-53-55-68-69|67-65-63-72-61-64-66|90-87-86-83-82-84-85-88-89-91|98-96-95-94-92-93-97-100-99|74-62-49-52|20-8-43-42-44-56-58-60-59
169,12,1019.7533,969.8365,110.0,1048.1841,0,12,143.779113,143.968221,True,5-3-7-10-11-9-6-4-2-1-75|13-17-18-19-15-16-14-12|24-25-27-29-30-28-26-23-22-21|33-32-31-35-37-38-39-36-34|81-78-76-71-70-73-77-79-80|41-40-46-45-48-51-50-47|57-54-53-55-68-69|67-65-63-72-61-64-66|90-87-86-83-82-84-85-88-89-91|98-96-95-94-92-93-97-100-99|74-62-49-52|20-8-43-42-44-56-58-60-59
170,11,1020.5483,185.3988,70.0,1067.3227,0,11,53.248279,53.318531,True,5-3-7-8-10-11-9-6-4-75|13-17-18-19-15-16-14-12|20-24-25-27-29-30-28-26-23-22-21|32-33-31-35-37-38-39-36-34|42-44-46-45-48-51-50-52-49-47|43-67-65-63-62-74-72-61-64-66-69|81-78-76-82-83-84-85-88-89-91|41-40-57-55-71-70-73-77-79-80|90-95-94-92-93-97|54-53-56-58-60-59-68|87-86-98-96-100-99-2-1
171,11,1020.5483,185.3988,70.0,1067.3227,0,11,53.248279,53.318531,True,5-3-7-8-10-11-9-6-4-75|13-17-18-19-15-16-14-12|20-24-25-27-29-30-28-26-23-22-21|32-33-31-35-37-38-39-36-34|42-44-46-45-48-51-50-52-49-47|43-67-65-63-62-74-72-61-64-66-69|81-78-76-82-83-84-85-88-89-91|41-40-57-55-71-70-73-77-79-80|90-95-94-92-93-97|54-53-56-58-60-59-68|87-86-98-96-100-99-2-1
172,11,1021.5616,89.1108,70.0,1054.4261,0,11,53.552259,53.606438,True,5-3-7-8-10-11-9-6-4-75|13-17-18-19-15-16-14-12|20-24-25-27-29-30-28-26-23-22-21|32-33-31-35-37-38-39-36-34|41-42-44-46-45-48-51-50-52-49-47|67-65-63-62-74-72-61-64-66-69|81-78-76-71-83-82-84-88-89-91|43-40-57-70-73-77-79-80|90-98-95-94-93-92-85|55-54-53-56-58-60-59-68|87-86-96-97-100-99-2-1
173,11,1021.5616,89.1108,70.0,1054.4261,0,11,53.552259,53.606438,True,5-3-7-8-10-11-9-6-4-75|13-17-18-19-15-16-14-12|20-24-25-27-29-30-28-26-23-22-21|32-33-31-35-37-38-39-36-34|41-42-44-46-45-48-51-50-52-49-47|67-65-63-62-74-72-61-64-66-69|81-78-76-71-83-82-84-88-89-91|43-40-57-70-73-77-79-80|90-98-95-94-93-92-85|55-54-53-56-58-60-59-68|87-86-96-97-100-99-2-1
174,12,1022.2201,723.5637,100.0,1046.1748,0,12,106.8382,106.989806,True,5-3-7-8-11-9-6-4-2-1-75|13-17-18-19-15-16-14-12|20-25-27-29-30-28-26-23-21|81-78-76-71-70-73-77-79-80|43-42-44-45-48-46-47|41-57-55-54-53-56-61-64-66-69|90-87-86-83-82-84-85-88-89-91|98-96-95-94-92-93-97-100-99|35-37-31-51-50-52-49|10-24-40-60-58-59-68|67-65-63-62-72-74|32-33-38-39-36-34-22
175,12,1022.2201,723.5637,100.0,1046.1748,0,12,106.8382,106.989806,True,5-3-7-8-11-9-6-4-2-1-75|13-17-18-19-15-16-14-12|20-25-27-29-30-28-26-23-21|81-78-76-71-70-73-77-79-80|43-42-44-45-48-46-47|41-57-55-54-53-56-61-64-66-69|90-87-86-83-82-84-85-88-89-91|98-96-95-94-92-93-97-100-99|35-37-31-51-50-52-49|10-24-40-60-58-59-68|67-65-63-62-72-74|32-33-38-39-36-34-22
176,10,1032.462,0.72,40.0,1155.6333,0,10,56.822377,56.878448,True,5-3-7-8-10-11-9-6-4-2-1-75|13-17-18-19-15-16-14-12|32-33-31-35-37-38-39-36-34|96-81-78-76-71-70-73-77-79-80|43-42-41-40-44-46-45-48-51-50-52-21|67-65-63-62-74-72-61-64-68-66-69|90-87-86-94-83-82-84-85-88-89-91|20-24-25-27-29-30-28-26-23-22-49-47|98-95-92-93-97-100-99-60|57-55-54-53-56-58-59
177,10,1032.462,0.72,40.0,1155.6333,0,10,56.822377,56.878448,True,5-3-7-8-10-11-9-6-4-2-1-75|13-17-18-19-15-16-14-12|32-33-31-35-37-38-39-36-34|96-81-78-76-71-70-73-77-79-80|43-42-41-40-44-46-45-48-51-50-52-21|67-65-63-62-74-72-61-64-68-66-69|90-87-86-94-83-82-84-85-88-89-91|20-24-25-27-29-30-28-26-23-22-49-47|98-95-92-93-97-100-99-60|57-55-54-53-56-58-59
178,11,1041.9574,6.6081,90.0,1049.4031,0,11,59.670998,59.720167,True,5-3-7-10-8-9-6-4-2-1-75|13-17-18-19-15-16-14-12|32-33-35-37-38-39-36-34-21|81-78-76-71-70-73-77-79-80|43-41-40-44-45-46-48-51-50-52|57-55-54-53-56-58-60-59|67-65-63-62-74-72-61-64-68-66-69|90-87-86-83-82-84-85-88-89-91|96-95-92-93-97-100-99|20-25-27-29-30-28-26-22-47|42-31-24-98-94-11-23-49
179,11,1041.9574,6.6081,90.0,1049.4031,0,11,59.670998,59.720167,True,5-3-7-10-8-9-6-4-2-1-75|13-17-18-19-15-16-14-12|32-33-35-37-38-39-36-34-21|81-78-76-71-70-73-77-79-80|43-41-40-44-45-46-48-51-50-52|57-55-54-53-56-58-60-59|67-65-63-62-74-72-61-64-68-66-69|90-87-86-83-82-84-85-88-89-91|96-95-92-93-97-100-99|20-25-27-29-30-28-26-22-47|42-31-24-98-94-11-23-49
180,12,1047.6083,553.5249,70.0,976.0696,0,12,81.332376,81.452577,True,10-11-9-6-4-2-1-75|13-17-18-19-15-16-14-12|20-24-27-29-30-28-26-23-22-21|33-31-35-38-39-36-34|81-78-76-71-70-73-77-79-80|43-42-40-44-46-45-48-51-50-47|55-54-53-56-59-68-69|67-65-63-62-74-72-61-64-66|90-87-86-83-82-84-85-88-89-91|98-96-95-94-92-93-97-100-99|5-3-25-32-37-52-49|7-8-41-57-58-60
181,12,1047.6083,553.5249,70.0,976.0696,0,12,81.332376,81.452577,True,10-11-9-6-4-2-1-75|13-17-18-19-15-16-14-12|20-24-27-29-30-28-26-23-22-21|33-31-35-38-39-36-34|81-78-76-71-70-73-77-79-80|43-42-40-44-46-45-48-51-50-47|55-54-53-56-59-68-69|67-65-63-62-74-72-61-64-66|90-87-86-83-82-84-85-88-89-91|98-96-95-94-92-93-97-100-99|5-3-25-32-37-52-49|7-8-41-57-58-60
182,12,1048.3374,495.2647,90.0,1046.1748,0,12,72.593343,72.71754,True,5-3-7-8-11-9-6-4-2-1-75|13-17-18-19-15-16-14-12|20-25-27-30-28-26-23-22-21|81-78-76-71-70-73-77-79-80|43-42-44-45-48-46-47|41-57-54-55-72-61-64-66-69|90-87-86-83-82-84-85-88-89-91|96-95-94-92-93-97-100-99|98-24-29-31-51-50-52-49|10-40-53-56-58-60-59-68|67-65-63-74-62|32-33-35-37-38-39-36-34
183,11,1055.396,4.3159,80.0,1054.4261,0,11,63.702578,63.755187,True,5-3-7-8-10-11-9-6-4-1-75|13-17-18-19-15-16-14-12|20-24-25-27-29-30-28-26-23-22-21|32-33-31-35-37-38-39-36-34|41-42-44-46-45-48-51-50-52-49-47|67-65-63-62-74-72-61-64-66-69|78-76-71-82-83-84-85-88-89-91|43-40-57-55-70-73-77-79-80|98-95-94-92-93|81-54-53-56-58-60-59-68|90-87-86-96-97-100-99-2
184,11,1055.396,4.3159,80.0,1054.4261,0,11,63.702578,63.755187,True,5-3-7-8-10-11-9-6-4-1-75|13-17-18-19-15-16-14-12|20-24-25-27-29-30-28-26-23-22-21|32-33-31-35-37-38-39-36-34|41-42-44-46-45-48-51-50-52-49-47|67-65-63-62-74-72-61-64-66-69|78-76-71-82-83-84-85-88-89-91|43-40-57-55-70-73-77-79-80|98-95-94-92-93|81-54-53-56-58-60-59-68|90-87-86-96-97-100-99-2
185,11,1059.6834,151.494,60.0,1054.4261,0,11,64.988809,65.062781,True,5-3-7-8-10-11-9-6-4-1-75|13-17-18-19-15-16-14-12|20-24-25-27-29-30-28-26-23-22-21|32-33-31-35-37-38-39-36-34|41-42-44-46-45-48-51-50-52-49-47|67-65-63-62-74-72-61-64-66-69|76-71-82-83-84-85-88-91|43-40-57-55-70-73-77-79-80|90-98-96-95-94-92-93-97|54-53-56-58-60-59-68|81-78-86-87-89-99-100-2
186,11,1059.6834,151.494,60.0,1054.4261,0,11,64.988809,65.062781,True,5-3-7-8-10-11-9-6-4-1-75|13-17-18-19-15-16-14-12|20-24-25-27-29-30-28-26-23-22-21|32-33-31-35-37-38-39-36-34|41-42-44-46-45-48-51-50-52-49-47|67-65-63-62-74-72-61-64-66-69|76-71-82-83-84-85-88-91|43-40-57-55-70-73-77-79-80|90-98-96-95-94-92-93-97|54-53-56-58-60-59-68|81-78-86-87-89-99-100-2
187,12,1062.516,497.6803,110.0,1006.9414,0,12,72.955681,73.080608,True,5-3-7-8-11-9-6-4-1-75|13-17-18-19-15-16-14-12|25-27-29-30-28-26-23-22-21|81-78-76-71-70-73-77-79-80|43-42-44-45-48-46-47|41-57-55-54-53-56-61-64-66-69|90-87-86-83-82-84-85-88-89-91|96-95-94-92-93-97-100-99-2|98-20-24-31-51-50-52-49|10-40-60-58-59-68|67-65-63-62-72-74|32-33-35-37-38-39-36-34
188,12,1062.516,497.6803,110.0,1006.9414,0,12,72.955681,73.080608,True,5-3-7-8-11-9-6-4-1-75|13-17-18-19-15-16-14-12|25-27-29-30-28-26-23-22-21|81-78-76-71-70-73-77-79-80|43-42-44-45-48-46-47|41-57-55-54-53-56-61-64-66-69|90-87-86-83-82-84-85-88-89-91|96-95-94-92-93-97-100-99-2|98-20-24-31-51-50-52-49|10-40-60-58-59-68|67-65-63-62-72-74|32-33-35-37-38-39-36-34
189,12,1065.3603,557.8691,80.0,970.2132,0,12,81.984002,82.110302,True,10-11-9-6-4-2-1-75|13-17-18-19-15-16-14-12|24-25-27-29-30-28-26-23-22-21|33-32-31-35-37-38-39-36-34|81-78-76-71-70-73-77-79-80|43-42-40-44-46-45-48-51-50-47|55-54-53-56-59-68-69|67-65-63-62-72-61-64-66|90-86-83-82-84-85-88-89-91|98-96-95-94-92-93-97-100-99|7-3-5-87-74-49-52|20-8-41-57-58-60
190,12,1065.3603,557.8691,80.0,970.2132,0,12,81.984002,82.110302,True,10-11-9-6-4-2-1-75|13-17-18-19-15-16-14-12|24-25-27-29-30-28-26-23-22-21|33-32-31-35-37-38-39-36-34|81-78-76-71-70-73-77-79-80|43-42-40-44-46-45-48-51-50-47|55-54-53-56-59-68-69|67-65-63-62-72-61-64-66|90-86-83-82-84-85-88-89-91|98-96-95-94-92-93-97-100-99|7-3-5-87-74-49-52|20-8-41-57-58-60
191,11,1068.3673,87.9136,70.0,1054.4261,0,11,67.593983,67.662023,True,5-3-7-8-10-11-9-6-4-75|13-17-18-19-15-16-14-12|20-24-25-27-29-30-28-26-23-22-21|32-33-31-35-37-38-39-36-34|41-42-44-46-45-48-51-50-52-49-47|67-65-63-62-74-72-61-64-66-69|78-76-71-82-83-84-85-88-89-91|43-40-57-55-70-73-77-79-80|90-87-95-94-92-93|81-54-53-56-58-60-59-68|86-98-96-97-100-99-2-1
192,11,1068.3673,87.9136,70.0,1054.4261,0,11,67.593983,67.662023,True,5-3-7-8-10-11-9-6-4-75|13-17-18-19-15-16-14-12|20-24-25-27-29-30-28-26-23-22-21|32-33-31-35-37-38-39-36-34|41-42-44-46-45-48-51-50-52-49-47|67-65-63-62-74-72-61-64-66-69|78-76-71-82-83-84-85-88-89-91|43-40-57-55-70-73-77-79-80|90-87-95-94-92-93|81-54-53-56-58-60-59-68|86-98-96-97-100-99-2-1
193,10,1071.373,6.2659,60.0,1117.1745,0,10,68.49569,68.560497,True,98-95-96-7-8-10-11-9-6-4-75|13-17-18-19-15-16-14-12|20-24-25-27-29-30-28-26-23-22-21|32-33-31-35-37-38-39-36-34|41-42-44-46-45-48-51-50-52-49-47|67-65-63-62-74-72-61-64-66-69|90-81-78-76-94-92-93-97-99-91|43-40-57-55-71-70-73-77-79-80|5-3-87-86-83-82-84-85-100-2-1|54-53-56-58-60-59-68-89-88
194,10,1071.373,6.2659,60.0,1117.1745,0,10,68.49569,68.560497,True,98-95-96-7-8-10-11-9-6-4-75|13-17-18-19-15-16-14-12|20-24-25-27-29-30-28-26-23-22-21|32-33-31-35-37-38-39-36-34|41-42-44-46-45-48-51-50-52-49-47|67-65-63-62-74-72-61-64-66-69|90-81-78-76-94-92-93-97-99-91|43-40-57-55-71-70-73-77-79-80|5-3-87-86-83-82-84-85-100-2-1|54-53-56-58-60-59-68-89-88
195,10,1071.373,6.2659,60.0,1117.1745,0,10,68.49569,68.560497,True,98-95-96-7-8-10-11-9-6-4-75|13-17-18-19-15-16-14-12|20-24-25-27-29-30-28-26-23-22-21|32-33-31-35-37-38-39-36-34|41-42-44-46-45-48-51-50-52-49-47|67-65-63-62-74-72-61-64-66-69|90-81-78-76-94-92-93-97-99-91|43-40-57-55-71-70-73-77-79-80|5-3-87-86-83-82-84-85-100-2-1|54-53-56-58-60-59-68-89-88
196,10,1071.373,6.2659,60.0,1117.1745,0,10,68.49569,68.560497,True,98-95-96-7-8-10-11-9-6-4-75|13-17-18-19-15-16-14-12|20-24-25-27-29-30-28-26-23-22-21|32-33-31-35-37-38-39-36-34|41-42-44-46-45-48-51-50-52-49-47|67-65-63-62-74-72-61-64-66-69|90-81-78-76-94-92-93-97-99-91|43-40-57-55-71-70-73-77-79-80|5-3-87-86-83-82-84-85-100-2-1|54-53-56-58-60-59-68-89-88
197,11,1075.416,8.1779,60.0,1064.1922,0,11,69.708588,69.767247,True,5-3-7-8-10-11-9-6-4-1-75|13-17-18-19-15-16-14-12|20-24-25-27-29-30-28-26-23-22-21|32-33-31-35-37-38-39-36-34|42-40-44-46-45-48-51-50-52-49-47|67-65-63-62-74-72-61-64-69|78-76-71-82-83-85-88-89-91|43-41-57-55-70-73-77-79-80-66|98-95-94-93-92-84|81-54-53-56-58-60-59-68|90-87-86-96-97-100-99-2
198,11,1075.416,8.1779,60.0,1064.1922,0,11,69.708588,69.767247,True,5-3-7-8-10-11-9-6-4-1-75|13-17-18-19-15-16-14-12|20-24-25-27-29-30-28-26-23-22-21|32-33-31-35-37-38-39-36-34|42-40-44-46-45-48-51-50-52-49-47|67-65-63-62-74-72-61-64-69|78-76-71-82-83-85-88-89-91|43-41-57-55-70-73-77-79-80-66|98-95-94-93-92-84|81-54-53-56-58-60-59-68|90-87-86-96-97-100-99-2
199,14,1081.0194,1547.146,170.0,959.4169,0,14,230.375544,230.662914,True,5-3-7-10-11-9-4-2-1-75|13-17-18-19-15-16-14-12|32-33-31-35-37-38-39-36-34|81-78-76-71-70-73-77-79-80|40-42-46-45-48-50-52|57-55-54-53-56-58-60-59|67-65-63-62-74-72-64-68-66-69|86-82-84-85-88-89-91|98-96-95-94-92-93-97-100-99|23-21|20-24-25-27-29-30-28-22-49|43-44-41-61-51-47|8-6-26|90-87-83
200,14,1081.0194,1547.146,170.0,959.4169,0,14,230.375544,230.662914,True,5-3-7-10-11-9-4-2-1-75|13-17-18-19-15-16-14-12|32-33-31-35-37-38-39-36-34|81-78-76-71-70-73-77-79-80|40-42-46-45-48-50-52|57-55-54-53-56-58-60-59|67-65-63-62-74-72-64-68-66-69|86-82-84-85-88-89-91|98-96-95-94-92-93-97-100-99|23-21|20-24-25-27-29-30-28-22-49|43-44-41-61-51-47|8-6-26|90-87-83
201,10,1082.2037,0.0,80.0,1139.6181,0,10,71.744891,71.817374,True,5-3-7-8-10-11-9-6-4-2-1-75|13-17-18-19-15-16-14-12|20-25-27-33-29-30-28-26-23-22-21|24-32-31-46-35-37-38-39-36-34|81-78-76-71-70-73-77-80-66-52|43-42-41-40-44-45-48-51-50-49-47|57-55-54-53-56-58-60-59|67-65-63-62-74-72-61-64-68-69|90-87-86-95-83-82-84-85-88-89-91|98-96-94-92-93-79-97-100-99
202,10,1082.2037,0.0,80.0,1139.6181,0,10,71.744891,71.817374,True,5-3-7-8-10-11-9-6-4-2-1-75|13-17-18-19-15-16-14-12|20-25-27-33-29-30-28-26-23-22-21|24-32-31-46-35-37-38-39-36-34|81-78-76-71-70-73-77-80-66-52|43-42-41-40-44-45-48-51-50-49-47|57-55-54-53-56-58-60-59|67-65-63-62-74-72-61-64-68-69|90-87-86-95-83-82-84-85-88-89-91|98-96-94-92-93-79-97-100-99
203,12,1097.9062,342.9903,80.0,1048.9045,0,12,76.455648,76.571283,True,3-7-11-9-6-4-2-1-75|13-17-18-19-15-16-14-12|25-27-29-30-28-26-23-22-21|81-78-76-71-70-73-77-79-80|43-41-42-46-45-48-51-50-47|57-55-54-56-53-64-66|90-87-86-83-82-84-85-88-89-91|98-96-95-94-92-93-97-100-99|5-74-40-35-37-52-49|20-8-10-24-44-60-58-59-68-69|67-65-63-62-72-61|31-32-33-38-39-36-34
204,12,1097.9062,342.9903,80.0,1048.9045,0,12,76.455648,76.571283,True,3-7-11-9-6-4-2-1-75|13-17-18-19-15-16-14-12|25-27-29-30-28-26-23-22-21|81-78-76-71-70-73-77-79-80|43-41-42-46-45-48-51-50-47|57-55-54-56-53-64-66|90-87-86-83-82-84-85-88-89-91|98-96-95-94-92-93-97-100-99|5-74-40-35-37-52-49|20-8-10-24-44-60-58-59-68-69|67-65-63-62-72-61|31-32-33-38-39-36-34
205,11,1099.6493,63.2594,70.0,1054.4261,0,11,76.978583,77.05231,True,5-3-7-8-10-11-9-6-4-75|13-17-18-19-15-16-14-12|20-24-25-27-29-30-28-26-22-23-21|32-33-31-35-37-38-39-36-34|41-42-44-46-45-48-51-50-52-49-47|67-65-63-62-74-72-61-64-66-69|78-76-71-82-83-84-85-89-88-91|43-40-57-55-70-73-77-79-80|90-87-95-94-92-93|81-54-53-56-58-60-59-68|98-86-96-97-100-99-2-1
206,11,1099.6493,63.2594,70.0,1054.4261,0,11,76.978583,77.05231,True,5-3-7-8-10-11-9-6-4-75|13-17-18-19-15-16-14-12|20-24-25-27-29-30-28-26-22-23-21|32-33-31-35-37-38-39-36-34|41-42-44-46-45-48-51-50-52-49-47|67-65-63-62-74-72-61-64-66-69|78-76-71-82-83-84-85-89-88-91|43-40-57-55-70-73-77-79-80|90-87-95-94-92-93|81-54-53-56-58-60-59-68|98-86-96-97-100-99-2-1
207,11,1099.6493,63.2594,70.0,1054.4261,0,11,76.978583,77.05231,True,5-3-7-8-10-11-9-6-4-75|13-17-18-19-15-16-14-12|20-24-25-27-29-30-28-26-22-23-21|32-33-31-35-37-38-39-36-34|41-42-44-46-45-48-51-50-52-49-47|67-65-63-62-74-72-61-64-66-69|78-76-71-82-83-84-85-89-88-91|43-40-57-55-70-73-77-79-80|90-87-95-94-92-93|81-54-53-56-58-60-59-68|98-86-96-97-100-99-2-1
208,12,1100.9057,378.3001,120.0,1030.2187,0,12,77.355483,77.478512,True,5-3-7-8-11-9-6-4-1-75|13-17-18-19-15-16-14-12|20-25-27-30-28-26-23-22-21|63-81-78-76-71-70-73-77-79-80|43-42-55-44-45-48-46-47|41-57-54-53-58-60-72-64-66-69|90-87-86-83-82-84-85-88-89-91|96-95-94-92-93-97-100-99-2|98-24-29-31-51-50-52-49|10-40-56-59-68-61|67-62-74-65|32-33-35-37-38-39-36-34
209,12,1100.9057,378.3001,120.0,1030.2187,0,12,77.355483,77.478512,True,5-3-7-8-11-9-6-4-1-75|13-17-18-19-15-16-14-12|20-25-27-30-28-26-23-22-21|63-81-78-76-71-70-73-77-79-80|43-42-55-44-45-48-46-47|41-57-54-53-58-60-72-64-66-69|90-87-86-83-82-84-85-88-89-91|96-95-94-92-93-97-100-99-2|98-24-29-31-51-50-52-49|10-40-56-59-68-61|67-62-74-65|32-33-35-37-38-39-36-34
210,12,1105.3927,531.0935,90.0,1006.9414,0,12,78.701593,78.842395,True,5-3-7-8-9-6-4-2-1-75|13-19-15-16-14-12-11|20-25-27-29-30-28-26-23-22-21|81-78-76-71-70-73-77-79|43-42-44-45-48-46-47|41-57-55-54-53-56-61-64-66-69|90-87-86-83-82-84-85-88-89-91|98-96-95-94-92-93-97-100-99|17-18-37-31-51-50-52-49|10-24-40-60-58-59-68|67-65-63-62-74-72-80|32-33-35-38-39-36-34
211,12,1105.3927,531.0935,90.0,1006.9414,0,12,78.701593,78.842395,True,5-3-7-8-9-6-4-2-1-75|13-19-15-16-14-12-11|20-25-27-29-30-28-26-23-22-21|81-78-76-71-70-73-77-79|43-42-44-45-48-46-47|41-57-55-54-53-56-61-64-66-69|90-87-86-83-82-84-85-88-89-91|98-96-95-94-92-93-97-100-99|17-18-37-31-51-50-52-49|10-24-40-60-58-59-68|67-65-63-62-74-72-80|32-33-35-38-39-36-34
212,12,1106.0645,526.3051,70.0,1049.6098,0,12,78.90315,79.047836,True,3-7-8-10-11-9-6-4-2-1-75|13-17-18-19-15-16-14-12|20-24-25-27-29-30-28-26-23-22-21|33-31-35-38-39-36-34|81-78-76-71-70-73-77-79|43-42-40-46-45-48-51-50-47|55-54-53-56-59-68-69|67-65-63-62-72-61-64-66|90-87-86-83-82-84-85-88-89-91|98-96-95-94-92-93-97-100-99|5-74-32-37-52-49|41-44-57-60-58-80
213,12,1106.0645,526.3051,70.0,1049.6098,0,12,78.90315,79.047836,True,3-7-8-10-11-9-6-4-2-1-75|13-17-18-19-15-16-14-12|20-24-25-27-29-30-28-26-23-22-21|33-31-35-38-39-36-34|81-78-76-71-70-73-77-79|43-42-40-46-45-48-51-50-47|55-54-53-56-59-68-69|67-65-63-62-72-61-64-66|90-87-86-83-82-84-85-88-89-91|98-96-95-94-92-93-97-100-99|5-74-32-37-52-49|41-44-57-60-58-80
214,11,1119.4087,4.3159,70.0,1054.4261,0,11,82.906404,82.977217,True,5-3-7-8-10-11-9-6-4-1-75|13-17-18-19-15-16-14-12|20-24-25-27-29-30-28-26-23-22-21|32-33-31-35-37-38-39-36-34|41-42-44-46-45-48-51-50-52-49-47|67-65-63-62-74-72-61-64-66-69|76-71-82-83-84-85-88-89-91|43-40-57-55-70-73-77-79-80|90-98-95-94-92-93|81-54-53-56-58-60-59-68|78-86-87-96-97-100-99-2
215,11,1119.4087,4.3159,70.0,1054.4261,0,11,82.906404,82.977217,True,5-3-7-8-10-11-9-6-4-1-75|13-17-18-19-15-16-14-12|20-24-25-27-29-30-28-26-23-22-21|32-33-31-35-37-38-39-36-34|41-42-44-46-45-48-51-50-52-49-47|67-65-63-62-74-72-61-64-66-69|76-71-82-83-84-85-88-89-91|43-40-57-55-70-73-77-79-80|90-98-95-94-92-93|81-54-53-56-58-60-59-68|78-86-87-96-97-100-99-2
216,12,1120.276,406.2851,100.0,1046.1748,0,12,83.166588,83.300019,True,5-3-7-8-11-9-6-4-2-1-75|13-17-18-19-15-16-14-12|20-24-25-27-29-30-28-26-23-22-21|81-78-76-71-70-73-77-79|43-42-44-45-48-46-47|57-55-54-56-53-61-64-66-69|90-87-86-83-82-84-85-88-89-91|98-95-92-93-97-100-99|96-94-10-37-35-51-50-52-49|41-40-60-58-59-68|67-65-63-62-74-72-80|31-32-33-38-39-36-34
217,12,1120.276,406.2851,100.0,1046.1748,0,12,83.166588,83.300019,True,5-3-7-8-11-9-6-4-2-1-75|13-17-18-19-15-16-14-12|20-24-25-27-29-30-28-26-23-22-21|81-78-76-71-70-73-77-79|43-42-44-45-48-46-47|57-55-54-56-53-61-64-66-69|90-87-86-83-82-84-85-88-89-91|98-95-92-93-97-100-99|96-94-10-37-35-51-50-52-49|41-40-60-58-59-68|67-65-63-62-74-72-80|31-32-33-38-39-36-34
218,11,1123.3818,35.6415,60.0,1054.4261,0,11,84.098314,84.174018,True,5-3-7-8-10-11-9-6-4-1-75|13-17-18-19-15-16-14-12|20-24-25-27-29-30-28-26-23-22-21|32-33-31-35-37-38-39-36-34|41-42-44-46-45-48-51-50-52-49-47|67-65-63-62-74-72-61-64-66-69|76-71-82-83-84-85-88-89-91|43-40-57-55-70-73-77-79-80|90-87-86-95-94-92-93|81-54-53-56-58-60-59-68|78-98-96-97-100-99-2
219,11,1123.3818,35.6415,60.0,1054.4261,0,11,84.098314,84.174018,True,5-3-7-8-10-11-9-6-4-1-75|13-17-18-19-15-16-14-12|20-24-25-27-29-30-28-26-23-22-21|32-33-31-35-37-38-39-36-34|41-42-44-46-45-48-51-50-52-49-47|67-65-63-62-74-72-61-64-66-69|76-71-82-83-84-85-88-89-91|43-40-57-55-70-73-77-79-80|90-87-86-95-94-92-93|81-54-53-56-58-60-59-68|78-98-96-97-100-99-2
220,12,1125.5031,494.9618,90.0,986.7939,0,12,84.734708,84.873101,True,5-3-7-11-9-6-4-2-1-75|13-17-18-19-15-16-14-12|20-24-29-30-28-26-23-22-21|81-78-76-71-70-73-77|43-42-44-45-48-46-47|41-57-55-56-53-64-66-69|90-87-86-83-82-84-85-88-89-91|98-96-95-94-92-93-97-100-99|25-27-37-31-51-50-52-49|8-10-54-40-60-58-59-68|67-65-63-74-62-61-72-80-79|32-33-35-38-39-36-34
221,12,1125.5031,494.9618,90.0,986.7939,0,12,84.734708,84.873101,True,5-3-7-11-9-6-4-2-1-75|13-17-18-19-15-16-14-12|20-24-29-30-28-26-23-22-21|81-78-76-71-70-73-77|43-42-44-45-48-46-47|41-57-55-56-53-64-66-69|90-87-86-83-82-84-85-88-89-91|98-96-95-94-92-93-97-100-99|25-27-37-31-51-50-52-49|8-10-54-40-60-58-59-68|67-65-63-74-62-61-72-80-79|32-33-35-38-39-36-34
222,12,1125.6139,353.0317,70.0,1049.6098,0,12,84.767949,84.892509,True,3-7-8-10-11-9-6-4-2-1-75|13-17-18-19-15-16-14-12|25-27-29-30-28-26-23-22-21|81-78-76-71-70-73-77|43-42-41-40-46-45-48-51-52|55-54-56-53-64-66-69|90-87-86-83-82-84-85-88-89-91|98-96-95-94-92-93-97-100-99|5-74-31-35-37-50-49-47|20-24-44-57-58-60-59-68|67-65-63-62-61-72-80-79|32-33-38-39-36-34
223,12,1125.6139,353.0317,70.0,1049.6098,0,12,84.767949,84.892509,True,3-7-8-10-11-9-6-4-2-1-75|13-17-18-19-15-16-14-12|25-27-29-30-28-26-23-22-21|81-78-76-71-70-73-77|43-42-41-40-46-45-48-51-52|55-54-56-53-64-66-69|90-87-86-83-82-84-85-88-89-91|98-96-95-94-92-93-97-100-99|5-74-31-35-37-50-49-47|20-24-44-57-58-60-59-68|67-65-63-62-61-72-80-79|32-33-38-39-36-34
224,12,1126.2182,474.8308,80.0,1048.1841,0,12,84.949247,85.093044,True,5-3-7-10-11-9-6-4-2-1-75|13-17-18-19-15-16-14-12|24-25-27-29-30-28-26-23-22-21|33-31-35-38-39-36-34|81-78-76-71-70-73-77-79-80|43-42-46-45-48-51-50-47|40-55-54-53-56-59|67-65-63-62-72-61-64-66|90-86-83-82-84-85-88-89-91|98-96-95-94-92-93-97-100-99|87-74-32-37-52-49|20-8-41-57-44-60-58-68-69
225,12,1126.2182,474.8308,80.0,1048.1841,0,12,84.949247,85.093044,True,5-3-7-10-11-9-6-4-2-1-75|13-17-18-19-15-16-14-12|24-25-27-29-30-28-26-23-22-21|33-31-35-38-39-36-34|81-78-76-71-70-73-77-79-80|43-42-46-45-48-51-50-47|40-55-54-53-56-59|67-65-63-62-72-61-64-66|90-86-83-82-84-85-88-89-91|98-96-95-94-92-93-97-100-99|87-74-32-37-52-49|20-8-41-57-44-60-58-68-69
226,12,1129.2587,521.8855,90.0,966.0278,0,12,85.861397,86.00184,True,3-7-10-11-9-6-4-2-1-75|13-17-18-19-15-16-14-12|24-25-27-29-30-28-26-23-21|31-33-38-39-36-34-22|81-78-76-71-70-73-77-79-80|43-40-42-46-45-48-51-50-49-47|55-53-54-59-68-69|67-65-63-62-74-72-61-64-66|90-86-83-82-84-85-88-89-91|98-96-95-94-92-93-97-100-99|87-5-32-37-35-52|20-8-41-57-44-56-58-60
227,12,1129.2587,521.8855,90.0,966.0278,0,12,85.861397,86.00184,True,3-7-10-11-9-6-4-2-1-75|13-17-18-19-15-16-14-12|24-25-27-29-30-28-26-23-21|31-33-38-39-36-34-22|81-78-76-71-70-73-77-79-80|43-40-42-46-45-48-51-50-49-47|55-53-54-59-68-69|67-65-63-62-74-72-61-64-66|90-86-83-82-84-85-88-89-91|98-96-95-94-92-93-97-100-99|87-5-32-37-35-52|20-8-41-57-44-56-58-60
228,12,1131.0524,442.4192,110.0,976.0696,0,12,86.399508,86.532077,True,3-7-10-11-9-6-4-2-1-75|13-17-18-19-15-16-14-12|20-25-27-29-30-28-26-23-22-21|24-32-33-38-39-36-34|81-78-76-71-70-73-77-79|43-42-40-46-45-48-51-50-47|55-53-54-57-59-68-69|67-65-62-72-61-64-66|90-87-86-83-82-84-85-88-89-91|98-96-95-94-92-93-97-100-99|5-63-74-31-35-37-52-49|8-41-44-60-56-58-80
229,12,1131.0524,442.4192,110.0,976.0696,0,12,86.399508,86.532077,True,3-7-10-11-9-6-4-2-1-75|13-17-18-19-15-16-14-12|20-25-27-29-30-28-26-23-22-21|24-32-33-38-39-36-34|81-78-76-71-70-73-77-79|43-42-40-46-45-48-51-50-47|55-53-54-57-59-68-69|67-65-62-72-61-64-66|90-87-86-83-82-84-85-88-89-91|98-96-95-94-92-93-97-100-99|5-63-74-31-35-37-52-49|8-41-44-60-56-58-80
230,12,1132.0876,325.1108,70.0,1049.6098,0,12,86.710055,86.832369,True,3-7-8-10-11-9-6-4-2-1-75|13-17-18-19-15-16-14-12|24-25-27-29-30-28-26-23-21|33-31-35-38-39-36-34-22|81-78-76-71-70-73-77-79|43-42-40-46-45-48-51-50-47|55-54-53-56-59-68-69|67-65-63-62-72-61-64-66|90-86-83-82-84-85-88-89-91|98-96-95-94-92-93-97-100-99|5-87-74-32-37-52-49|20-41-44-57-60-58-80
231,12,1132.0876,325.1108,70.0,1049.6098,0,12,86.710055,86.832369,True,3-7-8-10-11-9-6-4-2-1-75|13-17-18-19-15-16-14-12|24-25-27-29-30-28-26-23-21|33-31-35-38-39-36-34-22|81-78-76-71-70-73-77-79|43-42-40-46-45-48-51-50-47|55-54-53-56-59-68-69|67-65-63-62-72-61-64-66|90-86-83-82-84-85-88-89-91|98-96-95-94-92-93-97-100-99|5-87-74-32-37-52-49|20-41-44-57-60-58-80
232,11,1134.6334,194.3506,70.0,1051.0514,0,11,87.473796,87.577175,True,10-11-8-9-6-4-2-1-75|13-17-18-19-15-16-14-12|20-24-25-27-29-30-28-26-23-22-21|32-33-31-35-37-38-39-36-34|41-42-44-46-45-48-51-50-52-49|67-65-63-62-74-72-61-64-66|43-40-57-54-53-56-77-79|5-3-98-96-92-93-97-100-99|81-78-76-55-58-60-59-68-69|7-90-86-82-71-70-73-80|95-94-87-83-84-85-88-89-91-47
233,11,1134.6334,194.3506,70.0,1051.0514,0,11,87.473796,87.577175,True,10-11-8-9-6-4-2-1-75|13-17-18-19-15-16-14-12|20-24-25-27-29-30-28-26-23-22-21|32-33-31-35-37-38-39-36-34|41-42-44-46-45-48-51-50-52-49|67-65-63-62-74-72-61-64-66|43-40-57-54-53-56-77-79|5-3-98-96-92-93-97-100-99|81-78-76-55-58-60-59-68-69|7-90-86-82-71-70-73-80|95-94-87-83-84-85-88-89-91-47
234,12,1136.0278,448.342,90.0,1040.8036,0,12,87.892123,88.034782,True,10-11-9-6-4-2-1-75|13-17-18-19-15-16-14-12|20-24-25-27-29-30-28-26-23-22-21|81-78-76-71-70-73-77-79|43-42-44-46-45-48-51-52|57-55-54-56-53-64-66-69|90-86-83-82-84-85-88-89-91|98-96-95-92-93-97-100-99|5-3-94-87-74-50-49-47|7-8-41-40-60-58-59-68|67-65-63-62-61-72-80|32-33-31-35-37-38-39-36-34
235,12,1136.0278,448.342,90.0,1040.8036,0,12,87.892123,88.034782,True,10-11-9-6-4-2-1-75|13-17-18-19-15-16-14-12|20-24-25-27-29-30-28-26-23-22-21|81-78-76-71-70-73-77-79|43-42-44-46-45-48-51-52|57-55-54-56-53-64-66-69|90-86-83-82-84-85-88-89-91|98-96-95-92-93-97-100-99|5-3-94-87-74-50-49-47|7-8-41-40-60-58-59-68|67-65-63-62-61-72-80|32-33-31-35-37-38-39-36-34
236,12,1136.5343,481.0421,90.0,1001.3756,0,12,88.044074,88.185876,True,3-7-8-10-16-12-9-6-4-75|13-17-18-19-15-14-11-2-1|25-27-29-30-28-26-23-22-21|81-78-76-71-70-73-77-79|43-42-40-46-45-48-51-50-52|55-54-56-53-61-64-66-69|90-86-83-82-84-85-88-89-91|98-96-95-94-92-93-97-100-99|5-87-74-41-47-49|20-24-44-57-58-60-59-68|67-65-63-62-72-80|32-33-31-35-37-38-39-36-34
237,12,1136.5343,481.0421,90.0,1001.3756,0,12,88.044074,88.185876,True,3-7-8-10-16-12-9-6-4-75|13-17-18-19-15-14-11-2-1|25-27-29-30-28-26-23-22-21|81-78-76-71-70-73-77-79|43-42-40-46-45-48-51-50-52|55-54-56-53-61-64-66-69|90-86-83-82-84-85-88-89-91|98-96-95-94-92-93-97-100-99|5-87-74-41-47-49|20-24-44-57-58-60-59-68|67-65-63-62-72-80|32-33-31-35-37-38-39-36-34
238,12,1140.8715,513.4151,80.0,963.2094,0,12,89.34523,89.486465,True,3-7-10-11-9-6-4-2-1-75|13-17-18-19-15-16-14-12|25-27-29-30-28-26-23-21|24-33-31-35-38-39-36-34-22|81-78-76-71-70-73-77-79-80|43-42-46-45-48-51-50-47|55-54-53-56-59-68-69|67-65-63-62-72-61-64-66|90-86-83-82-84-85-88-89-91|98-96-95-94-92-93-97-100-99|5-87-74-32-37-52-49|20-8-41-57-40-44-58-60
239,12,1140.8715,513.4151,80.0,963.2094,0,12,89.34523,89.486465,True,3-7-10-11-9-6-4-2-1-75|13-17-18-19-15-16-14-12|25-27-29-30-28-26-23-21|24-33-31-35-38-39-36-34-22|81-78-76-71-70-73-77-79-80|43-42-46-45-48-51-50-47|55-54-53-56-59-68-69|67-65-63-62-72-61-64-66|90-86-83-82-84-85-88-89-91|98-96-95-94-92-93-97-100-99|5-87-74-32-37-52-49|20-8-41-57-40-44-58-60
240,12,1146.1172,427.5046,60.0,1051.0792,0,12,90.918939,91.060041,True,3-7-10-11-9-6-4-2-1-75|13-17-18-19-15-16-14-12|24-25-27-29-30-28-26-23-21|31-35-38-39-36-34-22|81-78-76-71-70-73-77-79|43-42-40-44-46-45-48-51-50-49-47|55-54-53-56-59-68-69|67-65-63-62-74-72-61-64-66|90-86-83-82-84-85-88-89-91|98-96-95-94-92-93-97-100-99|87-5-32-33-37-52|20-8-41-57-60-58-80
241,12,1146.1172,427.5046,60.0,1051.0792,0,12,90.918939,91.060041,True,3-7-10-11-9-6-4-2-1-75|13-17-18-19-15-16-14-12|24-25-27-29-30-28-26-23-21|31-35-38-39-36-34-22|81-78-76-71-70-73-77-79|43-42-40-44-46-45-48-51-50-49-47|55-54-53-56-59-68-69|67-65-63-62-74-72-61-64-66|90-86-83-82-84-85-88-89-91|98-96-95-94-92-93-97-100-99|87-5-32-33-37-52|20-8-41-57-60-58-80
242,12,1149.3156,342.411,70.0,963.2094,0,12,91.878466,91.995583,True,3-7-10-11-9-6-4-2-1-75|13-17-18-19-15-16-14-12|24-25-27-29-30-28-26-23-22-21|33-31-35-37-38-39-36-34|81-78-76-71-70-73-77-79|43-42-44-46-45-48-51-50-47|41-55-54-53-56-59-68-69|67-65-63-62-72-61-64-66|90-86-83-82-84-85-88-89-91|98-96-95-94-92-93-97-100-99|5-87-74-32-52-49|20-8-40-57-60-58-80
243,12,1149.3156,342.411,70.0,963.2094,0,12,91.878466,91.995583,True,3-7-10-11-9-6-4-2-1-75|13-17-18-19-15-16-14-12|24-25-27-29-30-28-26-23-22-21|33-31-35-37-38-39-36-34|81-78-76-71-70-73-77-79|43-42-44-46-45-48-51-50-47|41-55-54-53-56-59-68-69|67-65-63-62-72-61-64-66|90-86-83-82-84-85-88-89-91|98-96-95-94-92-93-97-100-99|5-87-74-32-52-49|20-8-40-57-60-58-80
244,11,1154.0814,4.3159,70.0,1047.0125,0,11,93.308217,93.38832,True,5-3-7-8-10-11-9-6-4-1-75|13-17-18-19-15-16-14-12|20-24-25-27-29-30-28-26-23-22-21|32-33-31-35-37-38-39-36-34|41-42-44-46-45-48-51-50-52-49|67-65-63-62-74-72-61-64-66-69|76-71-82-83-84-85-88-89-91|43-40-57-55-70-73-77-79-80|90-98-95-94-92-93|81-54-53-56-58-60-59-68|78-86-87-96-97-100-99-2-47
245,11,1154.0814,4.3159,70.0,1047.0125,0,11,93.308217,93.38832,True,5-3-7-8-10-11-9-6-4-1-75|13-17-18-19-15-16-14-12|20-24-25-27-29-30-28-26-23-22-21|32-33-31-35-37-38-39-36-34|41-42-44-46-45-48-51-50-52-49|67-65-63-62-74-72-61-64-66-69|76-71-82-83-84-85-88-89-91|43-40-57-55-70-73-77-79-80|90-98-95-94-92-93|81-54-53-56-58-60-59-68|78-86-87-96-97-100-99-2-47
246,12,1155.5771,325.5093,90.0,1040.8036,0,12,93.756913,93.887013,True,3-7-10-11-9-6-4-2-1-75|13-17-18-19-15-16-14-12|20-24-25-27-29-30-28-26-23-22-21|33-31-35-38-39-36-34|81-78-76-71-70-73-77-79|43-42-40-46-45-48-51-50-47|57-55-54-53-56-59-68-69|67-65-63-62-72-61-64-66|90-86-83-82-84-85-88-89-91|98-96-95-94-92-93-97-100-99|5-87-74-32-37-52-49|8-41-44-60-58-80
247,12,1155.5771,325.5093,90.0,1040.8036,0,12,93.756913,93.887013,True,3-7-10-11-9-6-4-2-1-75|13-17-18-19-15-16-14-12|20-24-25-27-29-30-28-26-23-22-21|33-31-35-38-39-36-34|81-78-76-71-70-73-77-79|43-42-40-46-45-48-51-50-47|57-55-54-53-56-59-68-69|67-65-63-62-72-61-64-66|90-86-83-82-84-85-88-89-91|98-96-95-94-92-93-97-100-99|5-87-74-32-37-52-49|8-41-44-60-58-80
248,12,1165.3893,320.5656,60.0,1051.0792,0,12,96.700562,96.831405,True,3-7-10-11-9-6-4-2-1-75|13-17-18-19-15-16-14-12|24-25-27-29-30-28-26-23-22-21|33-31-35-38-39-36-34|81-78-76-71-70-73-77-79|43-42-40-44-46-45-48-51-50-49-47|55-54-53-56-59-68-69|67-65-63-62-72-61-64-66|90-86-83-82-84-85-88-89-91|98-96-95-94-92-93-97-100-99|5-87-74-32-37-52|20-8-41-57-60-58-80
249,12,1165.3893,320.5656,60.0,1051.0792,0,12,96.700562,96.831405,True,3-7-10-11-9-6-4-2-1-75|13-17-18-19-15-16-14-12|24-25-27-29-30-28-26-23-22-21|33-31-35-38-39-36-34|81-78-76-71-70-73-77-79|43-42-40-44-46-45-48-51-50-49-47|55-54-53-56-59-68-69|67-65-63-62-72-61-64-66|90-86-83-82-84-85-88-89-91|98-96-95-94-92-93-97-100-99|5-87-74-32-37-52|20-8-41-57-60-58-80
250,12,1166.6989,324.9427,80.0,963.2094,0,12,97.093444,97.214156,True,3-7-10-11-9-6-4-2-1-75|13-17-18-19-15-16-14-12|24-25-27-29-30-28-26-23-22-21|33-31-35-38-39-36-34|81-78-76-71-70-73-77-79|40-42-46-45-48-51-50-47|57-55-54-53-56-59-68-69|67-65-63-62-72-61-64-66|90-86-83-82-84-85-88-89-91|98-96-95-94-92-93-97-100-99|5-87-74-32-37-52-49|20-8-43-41-44-60-58-80
251,12,1166.6989,324.9427,80.0,963.2094,0,12,97.093444,97.214156,True,3-7-10-11-9-6-4-2-1-75|13-17-18-19-15-16-14-12|24-25-27-29-30-28-26-23-22-21|33-31-35-38-39-36-34|81-78-76-71-70-73-77-79|40-42-46-45-48-51-50-47|57-55-54-53-56-59-68-69|67-65-63-62-72-61-64-66|90-86-83-82-84-85-88-89-91|98-96-95-94-92-93-97-100-99|5-87-74-32-37-52-49|20-8-43-41-44-60-58-80
252,12,1171.3154,296.1833,90.0,1006.9414,0,12,98.478407,98.60375,True,5-3-7-11-9-6-4-2-1-75|13-17-18-19-15-16-14-12|25-27-29-30-28-26-23-22-21|81-78-76-71-70-73-77-79|43-42-44-45-48-46-47|41-57-55-54-53-56-61-64-66-69|90-87-86-83-82-84-85-88-89-91|96-95-92-93-97-100-99|98-94-37-31-51-50-52-49|20-8-10-24-40-60-58-59-68|67-65-63-62-74-72-80|32-33-35-38-39-36-34
253,12,1171.3154,296.1833,90.0,1006.9414,0,12,98.478407,98.60375,True,5-3-7-11-9-6-4-2-1-75|13-17-18-19-15-16-14-12|25-27-29-30-28-26-23-22-21|81-78-76-71-70-73-77-79|43-42-44-45-48-46-47|41-57-55-54-53-56-61-64-66-69|90-87-86-83-82-84-85-88-89-91|96-95-92-93-97-100-99|98-94-37-31-51-50-52-49|20-8-10-24-40-60-58-59-68|67-65-63-62-74-72-80|32-33-35-38-39-36-34
254,12,1177.3764,281.7781,90.0,976.0696,0,12,100.296693,100.417062,True,5-3-7-11-9-6-4-2-1-75|13-17-18-19-15-16-14-12|25-27-29-30-28-26-23-22-21|81-78-76-71-70-73-77|43-42-44-45-48-46-47|41-57-55-54-53-56-64-66-69|90-87-86-83-82-84-85-88-89-91|96-95-92-93-97-100-99|98-94-37-31-51-50-52-49|20-8-10-24-40-60-58-59-68|67-65-63-62-74-61-72-80-79|32-33-35-38-39-36-34
255,12,1177.3764,281.7781,90.0,976.0696,0,12,100.296693,100.417062,True,5-3-7-11-9-6-4-2-1-75|13-17-18-19-15-16-14-12|25-27-29-30-28-26-23-22-21|81-78-76-71-70-73-77|43-42-44-45-48-46-47|41-57-55-54-53-56-64-66-69|90-87-86-83-82-84-85-88-89-91|96-95-92-93-97-100-99|98-94-37-31-51-50-52-49|20-8-10-24-40-60-58-59-68|67-65-63-62-74-61-72-80-79|32-33-35-38-39-36-34
256,12,1197.1815,331.0043,70.0,963.2094,0,12,106.238233,106.367998,True,3-7-10-11-9-6-4-2-1-75|13-17-18-19-15-16-14-12|24-25-27-29-30-28-26-23-22-21|31-33-35-38-39-36-34|81-78-76-71-70-73-77-79|43-42-40-46-45-48-51-50-47|55-54-53-56-59-68-69|67-65-63-62-72-61-64-66|90-86-83-82-84-85-88-89-91|98-96-95-94-92-93-97-100-99|5-87-74-32-37-52-49|20-8-41-57-44-60-58-80
257,12,1197.1815,331.0043,70.0,963.2094,0,12,106.238233,106.367998,True,3-7-10-11-9-6-4-2-1-75|13-17-18-19-15-16-14-12|24-25-27-29-30-28-26-23-22-21|31-33-35-38-39-36-34|81-78-76-71-70-73-77-79|43-42-40-46-45-48-51-50-47|55-54-53-56-59-68-69|67-65-63-62-72-61-64-66|90-86-83-82-84-85-88-89-91|98-96-95-94-92-93-97-100-99|5-87-74-32-37-52-49|20-8-41-57-44-60-58-80
258,12,1206.6614,306.8409,70.0,976.0696,0,12,109.082196,109.21311,True,3-7-11-9-6-4-2-1-75|13-17-18-19-15-16-14-12|25-27-29-30-28-26-23-22-21|81-78-76-71-70-73-77|43-41-42-46-45-48-51-50-52|57-55-54-56-53-64-66-69|90-87-86-83-82-84-85-88-89-91|98-96-95-92-93-97-100-99|5-94-74-40-37-49-47|20-8-10-24-44-60-58-59-68|67-65-63-62-61-72-80-79|32-33-31-35-38-39-36-34
259,12,1206.6614,306.8409,70.0,976.0696,0,12,109.082196,109.21311,True,3-7-11-9-6-4-2-1-75|13-17-18-19-15-16-14-12|25-27-29-30-28-26-23-22-21|81-78-76-71-70-73-77|43-41-42-46-45-48-51-50-52|57-55-54-56-53-64-66-69|90-87-86-83-82-84-85-88-89-91|98-96-95-92-93-97-100-99|5-94-74-40-37-49-47|20-8-10-24-44-60-58-59-68|67-65-63-62-61-72-80-79|32-33-31-35-38-39-36-34
260,12,1213.0859,302.8761,60.0,1052.9929,0,12,111.009549,111.152334,True,3-7-10-11-9-6-4-2-1-75|13-17-18-19-15-16-14-12|25-27-29-30-28-26-23-22-21|81-78-76-71-70-73-77|43-42-41-40-44-45-46-48-51-50-52|55-54-56-53-64-66-69|90-86-83-82-84-85-88-89-91|98-96-95-92-93-97-100-99|5-94-87-74-37-49-47|20-8-24-57-58-60-59-68|67-65-63-62-61-72-80-79|32-33-31-35-38-39-36-34
261,12,1213.0859,302.8761,60.0,1052.9929,0,12,111.009549,111.152334,True,3-7-10-11-9-6-4-2-1-75|13-17-18-19-15-16-14-12|25-27-29-30-28-26-23-22-21|81-78-76-71-70-73-77|43-42-41-40-44-45-46-48-51-50-52|55-54-56-53-64-66-69|90-86-83-82-84-85-88-89-91|98-96-95-92-93-97-100-99|5-94-87-74-37-49-47|20-8-24-57-58-60-59-68|67-65-63-62-61-72-80-79|32-33-31-35-38-39-36-34
262,12,1244.1836,302.8761,60.0,992.328,0,12,120.338874,120.481889,True,3-7-10-11-9-6-4-2-1-75|13-17-18-19-15-16-14-12|25-27-29-30-28-26-23-22-21|81-78-76-71-70-73-77|43-42-41-40-46-45-48-51-50-52|55-54-56-53-64-66-69|90-86-83-82-84-85-88-89-91|98-96-95-92-93-97-100-99|5-94-87-74-37-49-47|20-8-24-57-44-60-58-59-68|67-65-63-62-61-72-80-79|32-33-31-35-38-39-36-34
263,12,1244.1836,302.8761,60.0,992.328,0,12,120.338874,120.481889,True,3-7-10-11-9-6-4-2-1-75|13-17-18-19-15-16-14-12|25-27-29-30-28-26-23-22-21|81-78-76-71-70-73-77|43-42-41-40-46-45-48-51-50-52|55-54-56-53-64-66-69|90-86-83-82-84-85-88-89-91|98-96-95-92-93-97-100-99|5-94-87-74-37-49-47|20-8-24-57-44-60-58-59-68|67-65-63-62-61-72-80-79|32-33-31-35-38-39-36-34
264,12,1246.2126,210.5106,70.0,992.328,0,12,120.94758,121.078349,True,3-7-10-11-9-6-4-2-1-75|13-17-18-19-15-16-14-12|25-27-29-30-28-26-23-22-21|81-78-76-71-70-73-77|43-42-41-40-46-45-48-51-52|55-54-56-53-64-66-69|90-86-83-82-84-85-88-89-91|98-96-95-92-93-97-100-99|5-94-87-74-37-50-49-47|20-8-24-57-44-60-58-59-68|67-65-63-62-61-72-80-79|32-33-31-35-38-39-36-34
265,12,1246.2126,210.5106,70.0,992.328,0,12,120.94758,121.078349,True,3-7-10-11-9-6-4-2-1-75|13-17-18-19-15-16-14-12|25-27-29-30-28-26-23-22-21|81-78-76-71-70-73-77|43-42-41-40-46-45-48-51-52|55-54-56-53-64-66-69|90-86-83-82-84-85-88-89-91|98-96-95-92-93-97-100-99|5-94-87-74-37-50-49-47|20-8-24-57-44-60-58-59-68|67-65-63-62-61-72-80-79|32-33-31-35-38-39-36-34
266,10,1273.2872,93.7962,40.0,1155.0082,0,10,129.069954,129.21214,True,3-13-17-18-19-15-16-14-12|5-10-25-27-29-30-28-26-23-22-21|20-24-32-31-35-37-38-36-34-50|33-41-44-46-45-48-51-39-52-49-47|67-65-63-62-74-72-61-64-66-69|78-76-71-82-83-84-93-88-89-91|43-42-57-55-85-70-73-77-79-80|7-8-98-96-94-92-11-9-2-1|81-40-54-53-56-58-60-59-68|90-87-86-95-97-100-99-6-4-75
267,10,1273.2872,93.7962,40.0,1155.0082,0,10,129.069954,129.21214,True,3-13-17-18-19-15-16-14-12|5-10-25-27-29-30-28-26-23-22-21|20-24-32-31-35-37-38-36-34-50|33-41-44-46-45-48-51-39-52-49-47|67-65-63-62-74-72-61-64-66-69|78-76-71-82-83-84-93-88-89-91|43-42-57-55-85-70-73-77-79-80|7-8-98-96-94-92-11-9-2-1|81-40-54-53-56-58-60-59-68|90-87-86-95-97-100-99-6-4-75
268,14,1338.2141,1016.5326,130.0,959.4169,0,14,150.783524,151.06446,True,7-8-9-6-4-2-1-75|17-18-15-16-14-12-11|32-33-35-38-39-36-34-21|81-78-76-71-70-73-77-80|41-40-44-45-51-50-52|57-54-56-58-60-59|67-63-62-74-72-61-64-68-66-69|90-87-86-84-85-88-89-91|98-96-95-94-92-93-97-100-99|20-24-29-30-28-26-22-47|13-19-10-43-46-49|42-31-48-23|55-53-83-82-79|65-5-3-25-27-37
269,14,1338.2141,1016.5326,130.0,959.4169,0,14,150.783524,151.06446,True,7-8-9-6-4-2-1-75|17-18-15-16-14-12-11|32-33-35-38-39-36-34-21|81-78-76-71-70-73-77-80|41-40-44-45-51-50-52|57-54-56-58-60-59|67-63-62-74-72-61-64-68-66-69|90-87-86-84-85-88-89-91|98-96-95-94-92-93-97-100-99|20-24-29-30-28-26-22-47|13-19-10-43-46-49|42-31-48-23|55-53-83-82-79|65-5-3-25-27-37
270,17,1395.4977,2860.24,180.0,937.2975,0,17,427.339641,427.9169,True,5-3-7-8-9-6-4-75|13-17-18-19-15-16-14-12|25-27-30-28-26-23|32-31-35-38-37-34-22-21|81-78-76-71-70-73-77-79-80|43-42-44-45-48-51-50-49|67-62-72-61-64-66|90-87-86-84-85-2-1|52|96-95-94-93-97-88-89-91|20-24-29-33-39-36-46-60|65-63-74-83-82-92-100-99|10-11-69|68-47|41-55-58-59|54-53-56-57-40|98
271,17,1395.4977,2860.24,180.0,937.2975,0,17,427.339641,427.9169,True,5-3-7-8-9-6-4-75|13-17-18-19-15-16-14-12|25-27-30-28-26-23|32-31-35-38-37-34-22-21|81-78-76-71-70-73-77-79-80|43-42-44-45-48-51-50-49|67-62-72-61-64-66|90-87-86-84-85-2-1|52|96-95-94-93-97-88-89-91|20-24-29-33-39-36-46-60|65-63-74-83-82-92-100-99|10-11-69|68-47|41-55-58-59|54-53-56-57-40|98
272,17,1450.1827,3795.3269,170.0,957.2341,0,17,567.602673,568.338591,True,10-8-9-6-2-75|17-18-19-15-14-12-11|20-24-25-27-30-28-22-21|32-33-31-35-37-38-39-36|81-73-79-80|43-42-57-44-46-48-50-52|41-40-55-54-53-56-58-60-59|67-65-63-62-72-61-64-68-66-69|90-87-86-83-82-84-85-88|5-98-96-95-94-92-93-97-99|29-34-45|91-100|47|23-26-1|89-49|78-76-71-70-77-74-51-4|3-7-13-16
273,17,1450.1827,3795.3269,170.0,957.2341,0,17,567.602673,568.338591,True,10-8-9-6-2-75|17-18-19-15-14-12-11|20-24-25-27-30-28-22-21|32-33-31-35-37-38-39-36|81-73-79-80|43-42-57-44-46-48-50-52|41-40-55-54-53-56-58-60-59|67-65-63-62-72-61-64-68-66-69|90-87-86-83-82-84-85-88|5-98-96-95-94-92-93-97-99|29-34-45|91-100|47|23-26-1|89-49|78-76-71-70-77-74-51-4|3-7-13-16
274,18,1455.5566,3116.3697,170.0,937.2975,0,18,465.75909,466.392087,True,5-3-7-8-9-6-4-75|13-17-18-19-15-16-14-12|25-28-26-23|32-33-37-38-34-22-21|81-78-76-71-70-73-77-79-80|43-42-44-45-48-51-50-49|67-62-72-61-64-66|90-87-86-84-85-2-1|35-31-52|96-95-94-93-97-88-89-91|20-24-29-39-36-46-60|65-63-74-83-82-92-100-99|27-30|10-11-69|68-47|41-40-55-58-59|54-53-56-57|98
275,18,1455.5566,3116.3697,170.0,937.2975,0,18,465.75909,466.392087,True,5-3-7-8-9-6-4-75|13-17-18-19-15-16-14-12|25-28-26-23|32-33-37-38-34-22-21|81-78-76-71-70-73-77-79-80|43-42-44-45-48-51-50-49|67-62-72-61-64-66|90-87-86-84-85-2-1|35-31-52|96-95-94-93-97-88-89-91|20-24-29-39-36-46-60|65-63-74-83-82-92-100-99|27-30|10-11-69|68-47|41-40-55-58-59|54-53-56-57|98
276,17,1525.2569,3154.7349,170.0,926.574,0,17,471.51388,472.171632,True,5-3-7-8-9-6-2-75|13-17-19-15-14-12-11|25-27-30-28-22-21|32-33-31-35-37-38-39-36|83-81-78-73-79-80|41-42-44-46-48-50-52|55-54-53-56-60-59|67-65-63-72-61-64-68-66-69|87-86-82-84-85-88|98-96-95-94-92-93-97-99|20-24-29-34-45|40-57-58-62-91-100|47|43-26-23-1|90-89-49|76-71-70-77-74-51-4|18-16-10
277,17,1525.2569,3154.7349,170.0,926.574,0,17,471.51388,472.171632,True,5-3-7-8-9-6-2-75|13-17-19-15-14-12-11|25-27-30-28-22-21|32-33-31-35-37-38-39-36|83-81-78-73-79-80|41-42-44-46-48-50-52|55-54-53-56-60-59|67-65-63-72-61-64-68-66-69|87-86-82-84-85-88|98-96-95-94-92-93-97-99|20-24-29-34-45|40-57-58-62-91-100|47|43-26-23-1|90-89-49|76-71-70-77-74-51-4|18-16-10
278,21,1533.7017,4851.3899,160.0,958.8114,0,21,726.012126,726.931945,True,5-3-7-8-9-6-4-1-75|17-18-19-15-16-14-12|25-27-29-30-28-26-23|24-32-33-37-38-34-22|81-78-76-71-70-73-77-79-80|54-53-56-58-60|87-86-83-82-84-85-99-100-2|31-35-39-36|13-11-10|96-94-92-93-97-88-89-91|98-95|74-69|40-49|63-62-72-61-64-68|42-57-66|21|50|20-46-51-52|90-48-47|43-41-44-45-59|67-65-55
279,21,1533.7017,4851.3899,160.0,958.8114,0,21,726.012126,726.931945,True,5-3-7-8-9-6-4-1-75|17-18-19-15-16-14-12|25-27-29-30-28-26-23|24-32-33-37-38-34-22|81-78-76-71-70-73-77-79-80|54-53-56-58-60|87-86-83-82-84-85-99-100-2|31-35-39-36|13-11-10|96-94-92-93-97-88-89-91|98-95|74-69|40-49|63-62-72-61-64-68|42-57-66|21|50|20-46-51-52|90-48-47|43-41-44-45-59|67-65-55
280,18,1544.7686,2839.7957,170.0,937.2975,0,18,424.272989,424.891263,True,5-3-7-8-9-6-4-75|13-17-18-15-16-14-12|25-27-28-26-23|32-33-37-38-34-22-21|81-78-76-71-70-73-77-79-80|42-44-45-48-51-50-49|67-65-62-72-61-64-66|90-87-86-83-85-99-2-1|31-35-36-52|96-94-92-93-97-100-88-89-91|20-24-29-39-46-60|63-74-82-84|40-43-30-19|10-11|47|95-41-57-55-58-59|54-56-53-68-69|98
281,18,1544.7686,2839.7957,170.0,937.2975,0,18,424.272989,424.891263,True,5-3-7-8-9-6-4-75|13-17-18-15-16-14-12|25-27-28-26-23|32-33-37-38-34-22-21|81-78-76-71-70-73-77-79-80|42-44-45-48-51-50-49|67-65-62-72-61-64-66|90-87-86-83-85-99-2-1|31-35-36-52|96-94-92-93-97-100-88-89-91|20-24-29-39-46-60|63-74-82-84|40-43-30-19|10-11|47|95-41-57-55-58-59|54-56-53-68-69|98
282,19,1566.42,2803.0504,170.0,958.8114,0,19,418.761204,419.383989,True,5-3-7-8-9-6-4-1-75|13-17-18-15-16-14-12|25-27-28-26-23|32-33-37-38-34-22-21|81-78-76-71-70-73-77-79-80|43-42-44-45-48-51-50-49|55-54-53|67-65-62-72-61-64-66|90-87-86-83-85-99-100-2|31-35-36-52|10-11|68-69|96-94-93-97-88-89-91|98-95|57-56-58-59-47|20-24-29-39-46-60|63-74-82-84-92|40-30-19|41
283,19,1566.42,2803.0504,170.0,958.8114,0,19,418.761204,419.383989,True,5-3-7-8-9-6-4-1-75|13-17-18-15-16-14-12|25-27-28-26-23|32-33-37-38-34-22-21|81-78-76-71-70-73-77-79-80|43-42-44-45-48-51-50-49|55-54-53|67-65-62-72-61-64-66|90-87-86-83-85-99-100-2|31-35-36-52|10-11|68-69|96-94-93-97-88-89-91|98-95|57-56-58-59-47|20-24-29-39-46-60|63-74-82-84-92|40-30-19|41
284,16,1573.6725,1819.8949,180.0,958.8114,0,16,271.287878,271.765465,True,5-3-7-8-9-6-4-1-75|32-31-37-39-36-34-21|43-42-41-40-44-45-48-51-50-49|67-62-72-61-64-69|90-87-86-83-82-84-85-88-89|98-96-95-94-92-93-97-99|25-27-29-30-28-26-47|18-15-16-14-23-22-52|10-11-12-2-91|13-19-17|20-24|46-53-56-60-68-66|74-77-80-59|33-65-63-81-71-70-73-79|57-55-54-58-35-38-100|78-76
285,16,1573.6725,1819.8949,180.0,958.8114,0,16,271.287878,271.765465,True,5-3-7-8-9-6-4-1-75|32-31-37-39-36-34-21|43-42-41-40-44-45-48-51-50-49|67-62-72-61-64-69|90-87-86-83-82-84-85-88-89|98-96-95-94-92-93-97-99|25-27-29-30-28-26-47|18-15-16-14-23-22-52|10-11-12-2-91|13-19-17|20-24|46-53-56-60-68-66|74-77-80-59|33-65-63-81-71-70-73-79|57-55-54-58-35-38-100|78-76
286,18,1587.3458,2745.411,170.0,958.8114,0,18,410.11529,410.735406,True,5-3-7-8-9-6-4-1-75|13-17-18-19-15-16-14-12|25-27-28-26-23|32-33-37-38-34-22-21|81-78-76-71-70-73-77-79-80|43-42-44-45-48-51-50-49|67-65-62-72-61-64-66|90-87-86-83-84-85-99-100-2|31-35-36-52|96-94-93-97-88-89-91|20-24-29-39-60|63-74-82-92|40-46-30|10-11-69|68-47|95-41-57-55-58-59|54-53-56|98
287,18,1587.3458,2745.411,170.0,958.8114,0,18,410.11529,410.735406,True,5-3-7-8-9-6-4-1-75|13-17-18-19-15-16-14-12|25-27-28-26-23|32-33-37-38-34-22-21|81-78-76-71-70-73-77-79-80|43-42-44-45-48-51-50-49|67-65-62-72-61-64-66|90-87-86-83-84-85-99-100-2|31-35-36-52|96-94-93-97-88-89-91|20-24-29-39-60|63-74-82-92|40-46-30|10-11-69|68-47|95-41-57-55-58-59|54-53-56|98
288,18,1593.5139,3663.4757,170.0,888.3531,0,18,547.824995,548.574103,True,5-3-7-8-10-11-9-6-75|13-17-19-15-16-14-12|20-24-27-30-22-21|32-33-31-35-37-38-39-36|81-78-70-73-79-80|41-42-44-46-48-51-50-52|54-53-56-60|67-65-63-62-72-61-64-68-66|90-87-86-84-85-88-91|98-96-95-92-93-97-100-99|29-34-45|40-58-59|47|43-25-28-26-23-2-1|89-49|83-71-77-74-4|18-94-82-76|57-55-69
289,18,1593.5139,3663.4757,170.0,888.3531,0,18,547.824995,548.574103,True,5-3-7-8-10-11-9-6-75|13-17-19-15-16-14-12|20-24-27-30-22-21|32-33-31-35-37-38-39-36|81-78-70-73-79-80|41-42-44-46-48-51-50-52|54-53-56-60|67-65-63-62-72-61-64-68-66|90-87-86-84-85-88-91|98-96-95-92-93-97-100-99|29-34-45|40-58-59|47|43-25-28-26-23-2-1|89-49|83-71-77-74-4|18-94-82-76|57-55-69
290,18,1636.0516,2808.769,160.0,958.8114,0,18,419.618995,420.262226,True,5-3-7-8-9-6-4-1-75|13-17-18-15-16-14-12|25-27-28-26-23|32-33-37-38-34-22-21|81-78-76-71-70-73-77-79-80|43-42-44-45-48-51-50-49|67-65-62-72-61-64-66|90-87-86-83-85-99-100-2|31-35-36-52|96-94-93-97-88-89-91|20-24-29-39-46-60|63-74-82-84-92|40-30-19|10-11-69|68-47|95-41-55-57-58-59|54-53-56|98
291,18,1636.0516,2808.769,160.0,958.8114,0,18,419.618995,420.262226,True,5-3-7-8-9-6-4-1-75|13-17-18-15-16-14-12|25-27-28-26-23|32-33-37-38-34-22-21|81-78-76-71-70-73-77-79-80|43-42-44-45-48-51-50-49|67-65-62-72-61-64-66|90-87-86-83-85-99-100-2|31-35-36-52|96-94-93-97-88-89-91|20-24-29-39-46-60|63-74-82-84-92|40-30-19|10-11-69|68-47|95-41-55-57-58-59|54-53-56|98
292,17,1669.881,2870.5532,150.0,958.8114,0,17,428.886626,429.547975,True,5-3-7-8-9-6-4-1-75|13-17-18-16-14-12|32-35-37-38-36-34|81-78-76-73-77-79|43-42-41-40-44-45-48-50-49|57-55-54-56-58-59|67-65-63-61-64-69|90-87-86-83-84-85-88-89-91|98-96-95-94-93-97-99|24-25-27-28-26-23-22-21|15-19-39-29-47|52|74-72-62-66-51|30-2-68|31-33-60-46-100|10-11-92-82-80|20-53-70-71
293,17,1669.881,2870.5532,150.0,958.8114,0,17,428.886626,429.547975,True,5-3-7-8-9-6-4-1-75|13-17-18-16-14-12|32-35-37-38-36-34|81-78-76-73-77-79|43-42-41-40-44-45-48-50-49|57-55-54-56-58-59|67-65-63-61-64-69|90-87-86-83-84-85-88-89-91|98-96-95-94-93-97-99|24-25-27-28-26-23-22-21|15-19-39-29-47|52|74-72-62-66-51|30-2-68|31-33-60-46-100|10-11-92-82-80|20-53-70-71
294,15,1697.3136,1129.7464,120.0,959.4169,0,15,256.277876,256.682823,True,5-8-9-6-4-2-1-75|13-17-18-19-15-16-14-12|32-35-37-38-39-36-34-23|81-76-71-73-77-79-80|41-42-44-46-48-51-47|55-54-53-56-60-59|65-63-72-61-64-68-66-69|90-87-83-84-89-91|96-95-92-93-97-100-99|31-40-74-85-88-52|94-3-7-10-26-28-50-49|20-27-30-11-45-58|25-67-62-70-82|24-43-57-86|98-78-33-29-22-21
295,15,1697.3136,1129.7464,120.0,959.4169,0,15,256.277876,256.682823,True,5-8-9-6-4-2-1-75|13-17-18-19-15-16-14-12|32-35-37-38-39-36-34-23|81-76-71-73-77-79-80|41-42-44-46-48-51-47|55-54-53-56-60-59|65-63-72-61-64-68-66-69|90-87-83-84-89-91|96-95-92-93-97-100-99|31-40-74-85-88-52|94-3-7-10-26-28-50-49|20-27-30-11-45-58|25-67-62-70-82|24-43-57-86|98-78-33-29-22-21
296,18,1710.4749,3386.9265,140.0,957.2341,0,18,506.342619,507.092665,True,5-3-10-8-9-6-4-2-1|17-18-19-16-12|32-33-31-35-37-34|81-76-71-73-77-79-80|43-41-44-45-46-51-52|55-54-56-58-60|67-65-63-74-72-61-64-68-66-69|87-86-83-84-85-91|98-96-95-94-92-93-97-100|23-26-21|24-25-27-29-30-28-22-49|88-99-14|7-11-36-89|38-47|62-53-57-40-59-48-50|20-13-75|90-15-39|42-70-78-82
297,18,1710.4749,3386.9265,140.0,957.2341,0,18,506.342619,507.092665,True,5-3-10-8-9-6-4-2-1|17-18-19-16-12|32-33-31-35-37-34|81-76-71-73-77-79-80|43-41-44-45-46-51-52|55-54-56-58-60|67-65-63-74-72-61-64-68-66-69|87-86-83-84-85-91|98-96-95-94-92-93-97-100|23-26-21|24-25-27-29-30-28-22-49|88-99-14|7-11-36-89|38-47|62-53-57-40-59-48-50|20-13-75|90-15-39|42-70-78-82
298,16,1726.1676,2098.5828,160.0,958.8114,0,16,313.091053,313.654192,True,5-3-7-8-9-6-4-1-75|32-35-37-39-36-34-21|43-42-41-40-44-45-48-51-50-49|67-65-61-64-69|90-87-86-83-82-84-85-88-89|98-96-95-94-92-93-97-99|20-25-27-28-26-47|18-15-16-14-23-22-52|11-12-2-91|13-19-17-30-29-72|24-31-57-55|46-53-56-60-68-66|10-62-74-77-80-59|33-63-81-71-70-73-79|54-58-38-100|78-76
299,16,1726.1676,2098.5828,160.0,958.8114,0,16,313.091053,313.654192,True,5-3-7-8-9-6-4-1-75|32-35-37-39-36-34-21|43-42-41-40-44-45-48-51-50-49|67-65-61-64-69|90-87-86-83-82-84-85-88-89|98-96-95-94-92-93-97-99|20-25-27-28-26-47|18-15-16-14-23-22-52|11-12-2-91|13-19-17-30-29-72|24-31-57-55|46-53-56-60-68-66|10-62-74-77-80-59|33-63-81-71-70-73-79|54-58-38-100|78-76
300,19,1727.3762,3284.349,180.0,876.6697,0,19,490.955983,491.687928,True,5-11-6-4-2-1|13-17-18-19-15-16-14-12|32-31-37-38-39-36-34|81-78-76-70-73-77-79-80|41-44-45-46-51-50-52|57-54-56-58-60-59|65-63-62-72-64-68-66-69|90-87-86-82-84-85-89-91|96-94-93-100-99|20-27-29-30-28-22|33-88-97-75|47|9-10-26-23-21|49|98-74-61-48|67-25-7-95-92|3-35-53-55|43-40-71-83|42-24-8
301,19,1727.3762,3284.349,180.0,876.6697,0,19,490.955983,491.687928,True,5-11-6-4-2-1|13-17-18-19-15-16-14-12|32-31-37-38-39-36-34|81-78-76-70-73-77-79-80|41-44-45-46-51-50-52|57-54-56-58-60-59|65-63-62-72-64-68-66-69|90-87-86-82-84-85-89-91|96-94-93-100-99|20-27-29-30-28-22|33-88-97-75|47|9-10-26-23-21|49|98-74-61-48|67-25-7-95-92|3-35-53-55|43-40-71-83|42-24-8
302,17,1745.0769,2900.6203,120.0,958.8114,0,17,433.396682,434.082099,True,5-3-7-8-9-6-4-1-75|32-35-37-39-36-34-21|81-78-76-73-77-79|43-42-41-40-44-45-48-51-50-49|54-56-58-59|67-65-61-64-69|90-87-86-83-82-84-85-88-89|98-96-95-94-92-93-97-99|20-25-27-28-26-47|10-74-53-60-68|63-62-66|18-15-16-14-23-22-52|11-12-2-91|33-46-80-100|13-19-17-30-29-72|38-71-70|24-31-57-55
303,17,1745.0769,2900.6203,120.0,958.8114,0,17,433.396682,434.082099,True,5-3-7-8-9-6-4-1-75|32-35-37-39-36-34-21|81-78-76-73-77-79|43-42-41-40-44-45-48-51-50-49|54-56-58-59|67-65-61-64-69|90-87-86-83-82-84-85-88-89|98-96-95-94-92-93-97-99|20-25-27-28-26-47|10-74-53-60-68|63-62-66|18-15-16-14-23-22-52|11-12-2-91|33-46-80-100|13-19-17-30-29-72|38-71-70|24-31-57-55
304,18,1750.7415,3565.5541,180.0,905.9431,0,18,533.136754,533.921981,True,5-3-7-10-9-6-4-75|17-16-14-12|32-31-35-39-36-34|81-78-76-71-70-73-79-80|41-40-44-45-48-51-50-49|55-53-58-60-59|67-65-63-74-62-64-68-66-69|90-86-82-84-85-88-91|98-96-95-94-92-93-97-100-99|20-24-25-29-30-28-22-47|33-52|1|43-57-54-89-2|61-72-26-21|23-77|42-83-8-13-15-11|87-46-27-37-38|19-18-56
305,18,1750.7415,3565.5541,180.0,905.9431,0,18,533.136754,533.921981,True,5-3-7-10-9-6-4-75|17-16-14-12|32-31-35-39-36-34|81-78-76-71-70-73-79-80|41-40-44-45-48-51-50-49|55-53-58-60-59|67-65-63-74-62-64-68-66-69|90-86-82-84-85-88-91|98-96-95-94-92-93-97-100-99|20-24-25-29-30-28-22-47|33-52|1|43-57-54-89-2|61-72-26-21|23-77|42-83-8-13-15-11|87-46-27-37-38|19-18-56
306,25,1758.438,5755.6193,150.0,937.2975,0,25,861.646531,862.76638,True,67-63-74-62-64-68-69|2-1|86-83-82-84-85-88-89-91|17-15-16-14-12|98-95-92-93-97-100|32-33-31-35-37-39-59|81-78-76-71-70-73-77-79-80|55-54-57-40-46-51-52|53-56-58-60-66|72|90-87-61-44-48-50-49|41-42|45-38-36-34|18-19-13|96-94|65|7-28-23|8-9-11-22|24-21|20-10-5-6-75|26-30|25-27-29-47|3|43-4|99
307,25,1758.438,5755.6193,150.0,937.2975,0,25,861.646531,862.76638,True,67-63-74-62-64-68-69|2-1|86-83-82-84-85-88-89-91|17-15-16-14-12|98-95-92-93-97-100|32-33-31-35-37-39-59|81-78-76-71-70-73-77-79-80|55-54-57-40-46-51-52|53-56-58-60-66|72|90-87-61-44-48-50-49|41-42|45-38-36-34|18-19-13|96-94|65|7-28-23|8-9-11-22|24-21|20-10-5-6-75|26-30|25-27-29-47|3|43-4|99
308,17,1765.2706,2653.2134,150.0,958.8114,0,17,396.285656,396.94302,True,5-3-7-8-9-6-4-1-75|13-17-18-16-14-12|32-35-37-38-36-34|81-78-76-70-73-77-79|43-42-41-40-44-45-48-50-49|57-55-54-56-58-59|67-65-63-62-61-64-69|90-87-86-83-84-85-88-89-91|98-96-95-94-93-97-99|24-25-27-28-26-23-22-21|52|82-10-11-100-2|29-30-46-74-72-66|15-20-47|92-33-51-60-68|19-39-80|31-53-71
309,17,1765.2706,2653.2134,150.0,958.8114,0,17,396.285656,396.94302,True,5-3-7-8-9-6-4-1-75|13-17-18-16-14-12|32-35-37-38-36-34|81-78-76-70-73-77-79|43-42-41-40-44-45-48-50-49|57-55-54-56-58-59|67-65-63-62-61-64-69|90-87-86-83-84-85-88-89-91|98-96-95-94-93-97-99|24-25-27-28-26-23-22-21|52|82-10-11-100-2|29-30-46-74-72-66|15-20-47|92-33-51-60-68|19-39-80|31-53-71
310,17,1770.6939,2359.9887,140.0,958.8114,0,17,352.301942,352.915949,True,5-3-7-8-9-6-4-1-75|13-17-18-16-14-12|32-35-37-38-36-34|81-78-76-73-77-79|43-42-41-40-44-45-48-50-49|57-55-54-56-58-59|67-65-63-61-64-69|90-87-86-83-84-85-88-89-91|98-96-95-94-93-97-99|24-25-27-28-26-23-22-21|31-46-66-2|74-62-30-39-60-52|29-15-11-92-100|72-70-80-68|10-33-47|20-19-82-71-51|53
311,17,1770.6939,2359.9887,140.0,958.8114,0,17,352.301942,352.915949,True,5-3-7-8-9-6-4-1-75|13-17-18-16-14-12|32-35-37-38-36-34|81-78-76-73-77-79|43-42-41-40-44-45-48-50-49|57-55-54-56-58-59|67-65-63-61-64-69|90-87-86-83-84-85-88-89-91|98-96-95-94-93-97-99|24-25-27-28-26-23-22-21|31-46-66-2|74-62-30-39-60-52|29-15-11-92-100|72-70-80-68|10-33-47|20-19-82-71-51|53
312,21,1772.5631,4118.4876,140.0,954.1655,0,21,616.076779,616.955625,True,7-9-6-2-1|32-35-37-38-39-36-34|81-78-76-73-77-79-80|41-42-44-48-51-47|55-54-53-56-58-60|65-63-72-61-64-66-69|90-87-86-83-82-84-89-91|96-95-94-92-93-99|26|27|20|31-46-40-74-85-52|28-30-50|21-22|15-16-14-12-23-49|17-18-19-13-8-4-75|11-10-45-59|5-100-97-88|25-67-62-70-71|24-43-57-68|98-3-29-33
313,21,1772.5631,4118.4876,140.0,954.1655,0,21,616.076779,616.955625,True,7-9-6-2-1|32-35-37-38-39-36-34|81-78-76-73-77-79-80|41-42-44-48-51-47|55-54-53-56-58-60|65-63-72-61-64-66-69|90-87-86-83-82-84-89-91|96-95-94-92-93-99|26|27|20|31-46-40-74-85-52|28-30-50|21-22|15-16-14-12-23-49|17-18-19-13-8-4-75|11-10-45-59|5-100-97-88|25-67-62-70-71|24-43-57-68|98-3-29-33
314,25,1772.777,5185.2841,150.0,937.2975,0,25,776.096254,777.134853,True,5-8-9-6-4-2-1|13-18-16-15|32-31-35-37-38-39-36-34|81-78-76-71-70-73-77-79-80|41-42-44-46-48-51-47|55-54-53-56-60-59|65-72-61-64-68-69|90-87-83-84-89-91|96-95-94-92-93-100-99|23-26-21|27-29|20|40-74|7-28-22|10-12-14|17-19-11-75|45|3|62-82|43|25-50-49|67-86-88|63-57-58-52|24-30-66|33-98-97-85
315,25,1772.777,5185.2841,150.0,937.2975,0,25,776.096254,777.134853,True,5-8-9-6-4-2-1|13-18-16-15|32-31-35-37-38-39-36-34|81-78-76-71-70-73-77-79-80|41-42-44-46-48-51-47|55-54-53-56-60-59|65-72-61-64-68-69|90-87-83-84-89-91|96-95-94-92-93-100-99|23-26-21|27-29|20|40-74|7-28-22|10-12-14|17-19-11-75|45|3|62-82|43|25-50-49|67-86-88|63-57-58-52|24-30-66|33-98-97-85
316,23,1804.0401,5567.7743,150.0,937.2975,0,23,833.46978,834.574532,True,17-18-15-16-14-12|25-27-28-26|32-33-37-38-34-22|81-78-76-71-70-73-77-79-80|43-42-44-45-48-51-50-49|55-54-53|67-65-62-72-61-64-66|90-87-86-83-85-100|31-35-36-52|68-69|96-94-93-97-88-89-91|98-95|57-56-58-59-47|20-24-29-39-46-60|63-74-82-84-92|40-30-19|41|2|8-1|23-6|11-9-4-75|13-21|5-3-7-10-99
317,23,1804.0401,5567.7743,150.0,937.2975,0,23,833.46978,834.574532,True,17-18-15-16-14-12|25-27-28-26|32-33-37-38-34-22|81-78-76-71-70-73-77-79-80|43-42-44-45-48-51-50-49|55-54-53|67-65-62-72-61-64-66|90-87-86-83-85-100|31-35-36-52|68-69|96-94-93-97-88-89-91|98-95|57-56-58-59-47|20-24-29-39-46-60|63-74-82-84-92|40-30-19|41|2|8-1|23-6|11-9-4-75|13-21|5-3-7-10-99
318,21,1829.1483,4192.4278,140.0,875.8114,0,21,627.167811,628.062971,True,5-3-4-75|13-16-14-12-9-6|25-27-28-26-23-21|81-78-76-71-70-73-77-80|43-42-44-45-46-47|41-57-54-55-64-66|90-87-86-83-84-85-89-91|96-95-94-93-97-100-99|31-51-50-49|10-40-59-68-69|67|38-39-36-34-22|79|65-62-17-18-30-48|60-58-61|24-8-7-82-88-2-1|11-52|63-74-72|20-29-19-15-92|32-33-37-35-53-56|98
319,21,1829.1483,4192.4278,140.0,875.8114,0,21,627.167811,628.062971,True,5-3-4-75|13-16-14-12-9-6|25-27-28-26-23-21|81-78-76-71-70-73-77-80|43-42-44-45-46-47|41-57-54-55-64-66|90-87-86-83-84-85-89-91|96-95-94-93-97-100-99|31-51-50-49|10-40-59-68-69|67|38-39-36-34-22|79|65-62-17-18-30-48|60-58-61|24-8-7-82-88-2-1|11-52|63-74-72|20-29-19-15-92|32-33-37-35-53-56|98
320,19,1928.4796,4020.6367,140.0,885.5849,0,19,601.39914,602.299197,True,13-17-18-19-15-16-12|24-37-38-39-36-34|43-48-51-47|57-55-54-56-60-59-68|67-65-62-74-72-61-64-66-69|90-87-86-83-84-85|96-95-92-93-97-100-99|88-52|32-33-42-41-40-44-45-49|20-25-27-29-30-82-79-80|73-46-28-14|31-35-58-53-70|8-11-9-6-1|7-4-2|5-10-3-91|23-26-21|78-76-77-89-75|98-63-50-22|81-71-94
321,19,1928.4796,4020.6367,140.0,885.5849,0,19,601.39914,602.299197,True,13-17-18-19-15-16-12|24-37-38-39-36-34|43-48-51-47|57-55-54-56-60-59-68|67-65-62-74-72-61-64-66-69|90-87-86-83-84-85|96-95-92-93-97-100-99|88-52|32-33-42-41-40-44-45-49|20-25-27-29-30-82-79-80|73-46-28-14|31-35-58-53-70|8-11-9-6-1|7-4-2|5-10-3-91|23-26-21|78-76-77-89-75|98-63-50-22|81-71-94
322,22,1983.5117,4368.6954,130.0,926.574,0,22,653.607956,654.582779,True,5-3-7-10-9-6-2-75|13-17-15-14-12-11|24-25-30-22-21|31-33-37-38-39-36|81-78-73-79-80|41-42-44-46-48-50-52|55-54-56-60-59|65-63-62-72-61-64-68-66-69|86-83-82-84-85-88|94-92-93-97-99|34-45|40-58-91-100|47|28-26-23-1|89-49|76-71-70-77-74-51-4|18-16|57|20-29-27|95-90-8-19|43-53-35-32|67-87-96-98
323,22,1983.5117,4368.6954,130.0,926.574,0,22,653.607956,654.582779,True,5-3-7-10-9-6-2-75|13-17-15-14-12-11|24-25-30-22-21|31-33-37-38-39-36|81-78-73-79-80|41-42-44-46-48-50-52|55-54-56-60-59|65-63-62-72-61-64-68-66-69|86-83-82-84-85-88|94-92-93-97-99|34-45|40-58-91-100|47|28-26-23-1|89-49|76-71-70-77-74-51-4|18-16|57|20-29-27|95-90-8-19|43-53-35-32|67-87-96-98
324,19,1985.3806,3730.5029,170.0,886.0696,0,19,557.879073,558.755752,True,11-9-2-75|13-17-18-15-16-14|25-29-26-23-22|32-33-31-35-37-38-36-34|81-78-76-71-77-79|43-41-44-48-50-49|57-54-56-58-60-59|65-63-74-61-64-68-66-69|90-86-83-82-84-85-88-89-91|98-96-94-92-93-97-99|95-3-30-28-72-1|67-55-51-52|40-7-10-21|47|46-53-73-6|27-45-12-100-4|24-8-87-80|62-70-19-39|42-20-5
325,19,1985.3806,3730.5029,170.0,886.0696,0,19,557.879073,558.755752,True,11-9-2-75|13-17-18-15-16-14|25-29-26-23-22|32-33-31-35-37-38-36-34|81-78-76-71-77-79|43-41-44-48-50-49|57-54-56-58-60-59|65-63-74-61-64-68-66-69|90-86-83-82-84-85-88-89-91|98-96-94-92-93-97-99|95-3-30-28-72-1|67-55-51-52|40-7-10-21|47|46-53-73-6|27-45-12-100-4|24-8-87-80|62-70-19-39|42-20-5
326,17,2032.7125,2273.9285,150.0,958.8114,0,17,356.897549,357.578253,True,10-8-9-6-4-1-75|13-17-18-19-15-14-12|32-33-35-37-39-36-21|41-40-44-45-46-51-50-52|57-55-53-56-60-59|65-63-62-74-72-61-66-69|90-86-83-82-84-85-88-89|20-30-28-22-47|31-24-94-11-23-48-49|54-42-27-2-91|67-96-25-29-38-58|43-87-81-76-71-73|95-16-100-99-26|5-7-98-93-92-79-77-80|64-68-34|3-97-70|78
327,17,2032.7125,2273.9285,150.0,958.8114,0,17,356.897549,357.578253,True,10-8-9-6-4-1-75|13-17-18-19-15-14-12|32-33-35-37-39-36-21|41-40-44-45-46-51-50-52|57-55-53-56-60-59|65-63-62-74-72-61-66-69|90-86-83-82-84-85-88-89|20-30-28-22-47|31-24-94-11-23-48-49|54-42-27-2-91|67-96-25-29-38-58|43-87-81-76-71-73|95-16-100-99-26|5-7-98-93-92-79-77-80|64-68-34|3-97-70|78
328,25,2106.1653,5660.5302,130.0,905.0875,0,25,847.383175,848.586246,True,5-6-4-2-75|13-17-18-16-12-11|32-37-38-39-36-34|81-78-73-77-79-80|40-42-48-51-50|57-53-55|63-62-72-69|90-87-83-82-84-85-89-91|95-94-92-93-97-99|24-29-22-21|20-43|7|33-35-60-58-45|65-74-98-100|52|3-31-56-8-9|64-66|23|67-41|25-54-59-14-1|96-19-27|30-28-88|10-15-26-47|44-46-49|86-71-70-76-61-68
329,25,2106.1653,5660.5302,130.0,905.0875,0,25,847.383175,848.586246,True,5-6-4-2-75|13-17-18-16-12-11|32-37-38-39-36-34|81-78-73-77-79-80|40-42-48-51-50|57-53-55|63-62-72-69|90-87-83-82-84-85-89-91|95-94-92-93-97-99|24-29-22-21|20-43|7|33-35-60-58-45|65-74-98-100|52|3-31-56-8-9|64-66|23|67-41|25-54-59-14-1|96-19-27|30-28-88|10-15-26-47|44-46-49|86-71-70-76-61-68
330,21,2148.2586,4239.9422,130.0,893.0613,0,21,634.294972,635.294579,True,8-7-3-4|17-18-19-16-12|33-31-35-37-38-36-34|81-78-71-70-73-77-79-80|43-41-40-45-48-51-50-52|55-54-56|67-65-72-61-64-68-66-69|90-86-83-82-88-89-91|98-96-94-92-93-99|27-23-22-47|20-10|74-84-26-75|9-14-28|30-2|87-85-29-21|57-58-59|63-97-11-39-49|25-46-62-1|95-76-60-44-6|42-32-24-5-100|15-13-53
331,21,2148.2586,4239.9422,130.0,893.0613,0,21,634.294972,635.294579,True,8-7-3-4|17-18-19-16-12|33-31-35-37-38-36-34|81-78-71-70-73-77-79-80|43-41-40-45-48-51-50-52|55-54-56|67-65-72-61-64-68-66-69|90-86-83-82-88-89-91|98-96-94-92-93-99|27-23-22-47|20-10|74-84-26-75|9-14-28|30-2|87-85-29-21|57-58-59|63-97-11-39-49|25-46-62-1|95-76-60-44-6|42-32-24-5-100|15-13-53
332,22,2167.1069,6076.1622,110.0,945.5258,0,22,909.727976,911.014841,True,11-8-6-2-1|10-3-75|20-24-29-28-22-21|32-33-36-34|67-65-74-57-59-64-61|90-87-86-88-91|41-62-78-82-83-84|43-40-55-54-46-30-26-23|31-37-38-35-51-49|18-19-17-94-92-93|63-48-47|42-44-53-56-58-60|13-15-16-14-12|7-5-81-76-71-73|68-89-100|85-72-50|95-97-99-4|98-9-69|27-96-66-52|25-80-77-79|45-39|70
333,22,2167.1069,6076.1622,110.0,945.5258,0,22,909.727976,911.014841,True,11-8-6-2-1|10-3-75|20-24-29-28-22-21|32-33-36-34|67-65-74-57-59-64-61|90-87-86-88-91|41-62-78-82-83-84|43-40-55-54-46-30-26-23|31-37-38-35-51-49|18-19-17-94-92-93|63-48-47|42-44-53-56-58-60|13-15-16-14-12|7-5-81-76-71-73|68-89-100|85-72-50|95-97-99-4|98-9-69|27-96-66-52|25-80-77-79|45-39|70
334,22,2168.2023,4570.3747,110.0,885.2397,0,22,683.859841,684.912123,True,5-8-9-6-4-2-1|13-18-16-15|32-35-37-38-39-36-34|81-76-71-73-77-79-80|41-42-44-46-48-51|55-54-53-56-60-59|65-72-61-64-68-69|90-87-83-84-89-91|96-95-92-93-100-99|27-29-47|31-40-74-85-52|94-7-28-50|12-14-49|17-19-75|25-67-62-70-82|24-22-23|20-30-45-66-21|26-97-88|63-58-10-11|86-78-43|98-3-33|57
335,22,2168.2023,4570.3747,110.0,885.2397,0,22,683.859841,684.912123,True,5-8-9-6-4-2-1|13-18-16-15|32-35-37-38-39-36-34|81-76-71-73-77-79-80|41-42-44-46-48-51|55-54-53-56-60-59|65-72-61-64-68-69|90-87-83-84-89-91|96-95-92-93-100-99|27-29-47|31-40-74-85-52|94-7-28-50|12-14-49|17-19-75|25-67-62-70-82|24-22-23|20-30-45-66-21|26-97-88|63-58-10-11|86-78-43|98-3-33|57
336,21,2194.606,4133.4582,120.0,875.8114,0,21,618.322373,619.316324,True,5-8-9-6-4-2-1|13-18-16-15|32-35-37-38-39-36-34|81-76-71-73-77-79-80|41-42-44-46-48-51|55-54-53-56-60-59|65-72-61-64-68-69|90-87-83-84-89-91|96-95-92-93-100-99|31-40-74-85-52|94-7-28-50|12-14-49|17-19-75|11-30-45-58|24-43-57-86|26-22|98-97-23-21|62-25-10-27-29-47|20-67-82-88-66|33-3-63-70|78
337,21,2194.606,4133.4582,120.0,875.8114,0,21,618.322373,619.316324,True,5-8-9-6-4-2-1|13-18-16-15|32-35-37-38-39-36-34|81-76-71-73-77-79-80|41-42-44-46-48-51|55-54-53-56-60-59|65-72-61-64-68-69|90-87-83-84-89-91|96-95-92-93-100-99|31-40-74-85-52|94-7-28-50|12-14-49|17-19-75|11-30-45-58|24-43-57-86|26-22|98-97-23-21|62-25-10-27-29-47|20-67-82-88-66|33-3-63-70|78
338,23,2734.7266,5523.0627,90.0,953.8298,0,23,826.763042,828.136773,True,5-8-9-6-2-75|17-16-12|81-76-71-79-80|41-42-46-51|54-56-60|65-72-61-68-66|90-87-83-89-91|96-97-100-99|31-88-85-52|94-95-3-10-50-49|20-27-45-58|67-62-70-82|24-43-57-86|98-78-33-22-21|25-84-19-14-1|53-28-4|38-36-30-26-69|29-34-39-64|37-47|7-11-44-59-23|74-77-73-93|13-15-18-35-48|32-40-55-63-92
339,23,2734.7266,5523.0627,90.0,953.8298,0,23,826.763042,828.136773,True,5-8-9-6-2-75|17-16-12|81-76-71-79-80|41-42-46-51|54-56-60|65-72-61-68-66|90-87-83-89-91|96-97-100-99|31-88-85-52|94-95-3-10-50-49|20-27-45-58|67-62-70-82|24-43-57-86|98-78-33-22-21|25-84-19-14-1|53-28-4|38-36-30-26-69|29-34-39-64|37-47|7-11-44-59-23|74-77-73-93|13-15-18-35-48|32-40-55-63-92
