Rank,Z1_Vehicles,Z2_Distance,Z3_WaitTime,Z4_LoadBalance,Z5_Makespan,Unserved,Num_Routes,ASF,ASF_aug,In_ROI,Routes
1,4,1092.1752,1418.3581,227.0,933.5194,0,4,98.433716,98.543858,True,94-92-37-42-15-14-38-44-16-61-86-85-99-96-6-95-97-43-74-2-13-59-98-91-100-93-17-60-89|28-69-39-67-23-72-73-21-40-53-87-57-41-22-75-56-4-54-55-25-24-80-12-26-58|27-50-33-65-71-29-76-3-79-78-81-9-51-90-32-70-1|83-45-47-36-63-64-11-19-62-30-31-88-52-18-5-84-8-48-49-46-82-7-10-20-66-35-34-68-77
2,4,1093.0267,1440.4462,142.0,933.5194,0,4,101.746937,101.852148,True,94-92-42-15-14-38-44-16-61-86-85-99-6-95-97-43-74-2-13-60-5-17-91-100-37-98-93-59-96-89|28-69-39-67-23-72-73-21-40-53-87-57-41-22-75-56-4-54-55-25-24-80-12-26-58|27-50-33-65-71-29-76-3-79-78-81-9-51-20-66-35-34-68-77|52-83-45-47-36-63-64-11-19-62-88-31-30-90-18-84-8-48-49-46-82-7-10-32-70-1
3,4,1096.4551,1437.0179,207.0,933.5194,0,4,101.232685,101.34491,True,94-92-42-15-14-38-44-16-61-86-85-99-6-95-97-43-74-2-13-60-5-17-91-100-37-98-93-59-96-89|28-69-39-67-23-72-73-21-40-53-87-57-41-22-75-56-4-54-55-25-24-80-12-26-58|27-50-33-65-71-29-76-3-79-78-81-9-51-90-32-70-1|83-45-47-36-63-64-11-19-62-30-31-88-52-18-84-8-48-49-46-82-7-10-20-66-35-34-68-77
4,4,1096.4551,1437.0179,207.0,933.5194,0,4,101.232685,101.34491,True,94-92-42-15-14-38-44-16-61-86-85-99-6-95-97-43-74-2-13-60-5-17-91-100-37-98-93-59-96-89|28-69-39-67-23-72-73-21-40-53-87-57-41-22-75-56-4-54-55-25-24-80-12-26-58|27-50-33-65-71-29-76-3-79-78-81-9-51-90-32-70-1|83-45-47-36-63-64-11-19-62-30-31-88-52-18-84-8-48-49-46-82-7-10-20-66-35-34-68-77
5,4,1099.6189,1423.5774,207.0,923.2428,0,4,99.216614,99.32623,True,94-92-42-15-14-38-44-16-61-86-85-99-6-95-97-43-74-2-13-60-5-17-91-100-37-98-93-59-96-89|28-26-39-67-23-72-73-21-40-53-87-57-41-22-75-56-4-54-55-25-24-80-12-58|27-50-33-65-71-29-76-3-79-78-81-9-51-90-32-70-1|52-83-45-36-47-62-63-64-11-30-69-31-88-19-18-84-8-48-49-46-82-7-10-20-66-35-34-68-77
6,4,1099.6192,1462.0179,207.0,922.9753,0,4,104.982685,105.098028,True,94-92-42-15-14-38-44-16-61-86-85-99-6-95-97-43-74-2-13-60-5-17-91-100-37-98-93-59-96-89|27-50-33-65-71-29-76-3-79-78-81-9-51-90-32-70-1|83-45-47-36-63-64-11-19-62-30-31-88-52-18-84-8-48-49-46-82-7-10-20-66-35-34-68-80-77|28-69-39-67-23-72-73-21-40-53-87-57-41-22-75-56-4-54-55-25-24-12-26-58
7,4,1099.7598,1412.3534,207.0,933.5194,0,4,97.533019,97.642535,True,94-92-98-37-42-15-14-38-44-16-61-86-91-99-6-95-97-43-74-2-13-60-5-17-85-100-93-59-96-89|28-69-39-67-23-72-73-21-40-53-87-57-41-22-75-56-4-54-55-25-24-80-12-26-58|27-50-33-65-71-29-76-3-79-78-81-9-51-90-32-70-1|83-45-47-36-63-64-11-19-62-30-31-88-52-18-84-8-48-49-46-82-7-10-20-66-35-34-68-77
8,4,1102.1219,1398.877,201.0,933.5194,0,4,95.51155,95.619153,True,94-92-42-15-14-38-44-16-61-86-85-99-96-6-95-97-43-2-13-60-5-17-91-100-37-98-93-59-89|28-69-39-67-23-72-73-21-40-53-87-57-41-22-75-56-74-54-55-4-25-24-80-12-26-58|27-50-33-65-71-29-76-3-79-78-81-9-51-90-32-70-1|83-45-47-36-63-64-11-19-62-30-31-88-52-18-84-8-48-49-46-82-7-10-20-66-35-34-68-77
9,4,1105.8235,1434.9495,229.0,921.962,0,4,100.922425,101.037617,True,94-92-42-15-14-38-44-16-61-86-85-99-6-95-97-43-74-2-13-60-5-17-91-100-37-98-93-59-96-89|28-69-39-67-23-72-73-21-40-53-87-57-41-22-75-56-4-54-55-25-26-58|27-50-33-65-71-29-76-3-79-78-81-9-51-90-32-70-1|83-45-47-36-63-64-11-19-62-30-31-88-52-18-84-8-48-49-46-82-7-10-20-66-35-34-68-24-80-77-12
10,4,1107.641,1415.4747,188.0,923.1622,0,4,98.001205,98.1101,True,94-92-42-15-14-38-44-16-61-86-85-99-6-95-97-43-74-2-13-60-5-17-91-100-37-98-93-59-96-89|28-69-39-67-23-72-73-21-40-53-87-57-41-22-75-56-4-54-55-25-24-80-26-58|27-50-33-65-71-29-76-12-3-79-78-81-9-51-90-32-70-1|83-45-47-36-63-64-11-19-62-30-31-88-52-18-84-8-48-49-46-82-7-10-20-66-35-34-68-77
11,4,1109.2779,1424.1951,132.0,933.5194,0,4,99.309267,99.415916,True,94-92-42-15-14-38-44-16-61-86-85-99-6-95-97-43-74-2-13-60-5-17-91-100-37-98-93-59-96-89|28-27-69-39-67-23-72-73-21-40-53-87-57-41-22-75-56-4-54-55-25-24-80-12-26-58|50-33-34-65-71-29-76-3-79-78-81-9-51-90-20-32-66-35-68-77|83-45-47-36-63-64-11-19-62-30-31-88-52-18-84-8-48-49-46-82-7-10-70-1
12,4,1111.7924,1449.8447,135.0,922.9753,0,4,103.156708,103.266676,True,94-92-42-15-14-38-44-16-61-86-85-99-6-95-97-43-74-2-13-60-5-17-91-100-37-98-93-59-96-89|28-27-69-39-67-23-72-73-21-40-53-87-57-41-22-75-56-4-54-55-25-24-12-26-58|50-33-34-65-71-29-76-3-79-78-81-9-51-90-32-66-35-68-80-77|83-45-47-36-63-64-11-19-62-30-31-88-52-18-84-8-48-49-46-82-7-10-20-70-1
13,4,1112.9437,1386.9164,201.0,933.5194,0,4,93.717465,93.826521,True,94-92-42-15-14-38-44-16-61-86-85-99-59-6-95-97-43-2-13-60-5-17-91-100-37-98-93-96-89|28-69-39-67-23-73-21-40-53-87-57-41-22-75-56-54-72-74-4-55-25-24-80-12-26-58|27-50-33-65-71-29-76-3-79-78-81-9-51-90-32-70-1|83-45-47-36-63-64-11-19-62-30-31-88-52-18-84-8-82-49-46-48-7-10-20-66-35-34-68-77
14,4,1112.9437,1386.9164,201.0,933.5194,0,4,93.717465,93.826521,True,94-92-42-15-14-38-44-16-61-86-85-99-59-6-95-97-43-2-13-60-5-17-91-100-37-98-93-96-89|28-69-39-67-23-73-21-40-53-87-57-41-22-75-56-54-72-74-4-55-25-24-80-12-26-58|27-50-33-65-71-29-76-3-79-78-81-9-51-90-32-70-1|83-45-47-36-63-64-11-19-62-30-31-88-52-18-84-8-82-49-46-48-7-10-20-66-35-34-68-77
15,4,1113.1054,1428.8462,226.0,911.5198,0,4,100.006931,100.121526,True,95-92-42-15-14-38-44-16-61-86-85-99-6-53-2-57-43-97-13-94-60-5-17-91-100-37-98-93-59-96-89|27-69-39-67-23-72-73-21-40-87-41-22-75-56-74-54-55-4-25-24-26-58|28-33-65-71-29-3-76-50-79-78-81-9-51-90-32-70-1|83-45-47-36-63-64-11-19-62-30-31-88-52-18-84-8-48-49-46-82-7-10-20-66-35-34-68-80-77-12
16,4,1117.0401,1401.2823,213.0,899.5115,0,4,95.87235,95.980889,True,94-92-42-15-14-38-44-16-61-86-85-99-6-95-97-43-2-13-60-5-17-91-100-37-98-93-59-96-89|69-39-67-23-72-73-21-40-53-87-57-41-22-75-56-74-54-55-4-25-26-58|27-28-33-65-71-29-3-76-50-79-78-81-9-51-90-32-70-1|83-45-47-36-63-64-11-19-62-30-31-88-52-18-84-8-48-49-46-82-7-10-20-66-35-34-68-24-80-77-12
17,4,1119.8038,1421.7734,210.0,911.5198,0,4,98.946017,99.05996,True,94-92-42-15-14-38-44-16-61-86-85-99-6-95-97-43-2-13-60-5-17-91-100-37-98-93-59-96-89|69-39-67-23-73-21-40-53-87-57-41-22-75-56-54-72-74-4-55-25-24-26-58|27-28-33-65-71-29-3-76-50-79-78-81-9-51-90-32-70-1|83-45-47-36-63-64-11-19-62-30-31-88-52-18-84-8-48-49-46-82-7-10-20-66-35-34-68-80-77-12
18,4,1120.6836,1441.1368,116.0,933.5194,0,4,101.850526,101.961537,True,94-92-42-15-14-38-44-16-61-86-85-99-6-95-97-43-74-2-13-60-5-17-91-100-37-98-93-59-96-89|27-69-39-67-23-72-73-21-40-53-87-57-41-22-75-56-4-54-55-25-24-80-12-26-58|83-45-47-36-63-64-11-19-62-30-31-88-52-18-84-8-48-49-46-82-7-10-70-1|28-33-65-71-29-34-76-79-78-81-9-51-90-20-32-66-35-68-77-3-50
19,4,1123.5771,1431.7323,173.0,921.962,0,4,100.439847,100.554282,True,94-92-42-15-14-38-44-16-61-86-85-99-6-95-97-43-74-2-13-60-5-17-91-100-37-98-93-59-96-89|28-26-39-67-23-72-73-21-40-53-87-57-41-22-75-56-4-54-55-25-24-58|83-45-47-36-63-65-64-11-19-62-88-52-18-84-8-48-49-46-82-7-10-20-66-35-34-68-80-77-12|27-69-1-33-29-3-76-50-30-71-78-79-81-9-51-90-32-70-31
20,4,1124.1341,1394.3547,220.0,921.962,0,4,94.833201,94.946896,True,94-92-42-15-14-38-44-16-61-86-85-99-6-95-97-43-74-2-13-60-5-17-91-100-37-98-93-59-96-89|28-39-67-23-72-73-21-40-53-87-57-41-22-75-56-4-55-54-68-24-25-80-12-26-58|83-45-47-36-63-64-11-62-31-69-30-19-88-52-18-84-8-49-46-48-82-7-10-20-66-35-34-3-77|27-50-33-65-71-29-76-79-78-81-9-51-90-32-70-1
21,4,1124.2095,1363.5337,214.0,933.5194,0,4,90.210058,90.320287,True,94-92-37-42-15-14-38-44-91-61-16-86-85-99-6-95-97-43-2-13-60-5-17-100-98-93-59-96-89|28-50-69-39-67-23-72-73-21-40-53-87-57-41-22-75-56-54-74-4-55-25-24-80-12-26-58|83-45-47-36-63-64-11-19-62-30-31-88-52-18-84-8-82-49-46-48-7-10-20-66-35-34-68-77|27-1-33-65-71-29-76-3-79-78-81-9-51-90-32-70
22,4,1124.2095,1363.5337,214.0,933.5194,0,4,90.210058,90.320287,True,94-92-37-42-15-14-38-44-91-61-16-86-85-99-6-95-97-43-2-13-60-5-17-100-98-93-59-96-89|28-50-69-39-67-23-72-73-21-40-53-87-57-41-22-75-56-54-74-4-55-25-24-80-12-26-58|83-45-47-36-63-64-11-19-62-30-31-88-52-18-84-8-82-49-46-48-7-10-20-66-35-34-68-77|27-1-33-65-71-29-76-3-79-78-81-9-51-90-32-70
23,4,1124.4479,1394.0409,207.0,921.962,0,4,94.786137,94.89858,True,94-92-42-15-14-38-44-16-61-86-85-99-6-95-97-43-74-2-13-60-5-17-91-100-37-98-93-59-96-89|28-39-67-23-72-73-21-40-53-87-57-41-22-75-56-4-55-54-68-24-25-80-12-26-58|27-50-33-65-71-29-76-3-79-78-81-9-51-90-32-70-1|83-45-47-36-63-64-11-62-31-69-30-19-88-52-18-84-8-49-46-48-82-7-10-20-66-35-34-77
24,4,1124.4479,1394.0409,207.0,921.962,0,4,94.786137,94.89858,True,94-92-42-15-14-38-44-16-61-86-85-99-6-95-97-43-74-2-13-60-5-17-91-100-37-98-93-59-96-89|28-39-67-23-72-73-21-40-53-87-57-41-22-75-56-4-55-54-68-24-25-80-12-26-58|27-50-33-65-71-29-76-3-79-78-81-9-51-90-32-70-1|83-45-47-36-63-64-11-62-31-69-30-19-88-52-18-84-8-49-46-48-82-7-10-20-66-35-34-77
25,4,1127.3089,1165.7998,135.0,937.4629,0,4,60.549977,60.624167,True,94-92-42-15-14-38-44-16-61-86-85-99-6-95-97-43-74-2-13-60-5-17-91-100-37-98-93-59-96-89|28-69-39-67-23-72-73-21-40-53-87-57-41-22-75-56-4-55-54-68-24-25-80-77-12-26-58|27-50-33-65-71-29-76-3-79-78-81-9-51-90-10-20-66-35-34-32-70-1|83-45-47-36-63-64-11-19-62-30-31-88-7-18-84-8-48-49-46-82-52
26,4,1127.3089,1165.7998,135.0,937.4629,0,4,60.549977,60.624167,True,94-92-42-15-14-38-44-16-61-86-85-99-6-95-97-43-74-2-13-60-5-17-91-100-37-98-93-59-96-89|28-69-39-67-23-72-73-21-40-53-87-57-41-22-75-56-4-55-54-68-24-25-80-77-12-26-58|27-50-33-65-71-29-76-3-79-78-81-9-51-90-10-20-66-35-34-32-70-1|83-45-47-36-63-64-11-19-62-30-31-88-7-18-84-8-48-49-46-82-52
27,4,1130.8022,1390.472,174.0,933.5194,0,4,94.2508,94.363047,True,94-92-42-15-14-38-44-16-61-86-85-99-6-95-97-43-74-2-13-60-5-17-91-100-37-98-93-59-96-89|27-69-39-67-23-72-73-21-40-53-87-57-41-22-75-56-4-54-55-25-24-80-12-26-58|28-33-65-71-29-76-3-79-78-81-9-51-90-20-66-35-34-32-70|83-45-47-36-63-64-11-19-62-30-31-88-52-18-84-8-48-49-46-82-7-10-1-50-68-77
28,4,1130.8022,1390.472,174.0,933.5194,0,4,94.2508,94.363047,True,94-92-42-15-14-38-44-16-61-86-85-99-6-95-97-43-74-2-13-60-5-17-91-100-37-98-93-59-96-89|27-69-39-67-23-72-73-21-40-53-87-57-41-22-75-56-4-54-55-25-24-80-12-26-58|28-33-65-71-29-76-3-79-78-81-9-51-90-20-66-35-34-32-70|83-45-47-36-63-64-11-19-62-30-31-88-52-18-84-8-48-49-46-82-7-10-1-50-68-77
29,4,1131.1696,1392.0268,207.0,923.2428,0,4,94.484021,94.59837,True,94-92-42-15-14-38-44-16-61-86-85-99-6-95-97-43-74-2-13-60-5-17-91-100-37-98-93-59-96-89|28-69-39-67-23-72-73-21-40-53-87-57-41-22-75-26-56-4-54-55-25-24-80-12-58|27-50-33-65-71-29-76-3-79-78-81-9-51-90-32-70-1|83-45-47-36-63-64-11-19-62-30-31-88-52-18-84-8-48-49-46-82-7-10-20-66-35-34-68-77
30,4,1132.0996,1393.3013,261.0,923.1622,0,4,94.675193,94.7954,True,94-92-42-15-14-38-44-16-61-86-85-99-6-95-97-43-74-2-13-60-5-17-91-100-37-98-93-59-96-89|28-12-39-67-23-72-73-21-40-53-87-57-41-22-75-56-4-54-55-25-24-80-26-58|83-45-47-36-63-65-64-11-19-62-30-31-88-52-18-84-8-82-48-49-46-7-10-20-66-35-34-68-77-50|27-69-1-33-71-29-76-3-79-78-81-9-51-90-32-70
31,4,1132.6342,1386.0626,229.0,899.8858,0,4,93.589395,93.701985,True,95-92-42-15-14-38-44-16-61-86-85-99-6-22-41-57-43-97-13-94-60-5-17-91-100-37-98-93-59-96-89|28-69-39-67-23-75-72-73-21-40-53-87-2-56-74-54-55-4-25-26-58|27-50-33-65-71-29-76-3-79-78-81-9-51-90-32-70-1|83-45-47-36-63-64-11-19-62-30-31-88-52-18-84-8-48-49-46-82-7-10-20-66-35-34-68-24-80-77-12
32,4,1132.6342,1386.0626,229.0,899.8858,0,4,93.589395,93.701985,True,95-92-42-15-14-38-44-16-61-86-85-99-6-22-41-57-43-97-13-94-60-5-17-91-100-37-98-93-59-96-89|28-69-39-67-23-75-72-73-21-40-53-87-2-56-74-54-55-4-25-26-58|27-50-33-65-71-29-76-3-79-78-81-9-51-90-32-70-1|83-45-47-36-63-64-11-19-62-30-31-88-52-18-84-8-48-49-46-82-7-10-20-66-35-34-68-24-80-77-12
33,4,1133.8593,1386.0512,236.0,904.1885,0,4,93.587687,93.701988,True,94-92-37-42-15-14-38-44-16-61-86-85-99-96-6-95-97-43-2-13-59-98-91-100-93-17-60-89|28-69-39-67-23-72-73-21-40-53-87-57-41-22-75-56-54-74-4-55-25-12-26-58|27-50-33-65-71-29-76-3-79-78-81-9-51-90-32-70-1|83-45-82-47-36-63-64-11-19-62-30-31-88-52-18-5-84-8-48-49-46-7-10-20-66-34-35-24-68-80-77
34,4,1135.0818,1375.8352,235.0,923.1622,0,4,92.055278,92.17116,True,94-92-42-15-14-38-44-16-61-86-85-99-6-95-97-43-74-2-13-60-5-17-91-100-37-98-93-59-96-89|28-12-39-67-23-72-73-21-40-53-87-57-41-22-75-56-4-54-55-25-24-80-26-58|83-45-47-36-63-65-64-11-19-62-30-31-88-52-18-84-8-82-48-49-46-7-10-20-66-35-34-68-77|27-69-1-33-29-3-76-50-71-78-79-81-9-51-90-32-70
35,4,1136.2952,1359.2539,200.0,918.5353,0,4,89.568085,89.67765,True,94-96-59-92-42-15-14-38-44-16-61-86-99-87-6-97-43-74-13-95-37-98-85-91-100-93-17-60-89|28-39-67-23-72-73-21-40-53-2-57-41-22-75-56-4-55-54-68-24-25-80-12-26-58|83-45-47-36-63-64-11-62-31-69-30-19-88-52-18-5-84-8-49-46-48-82-7-10-20-66-35-34-77|27-50-33-65-71-29-76-3-79-78-81-9-51-90-32-70-1
36,4,1136.2952,1359.2539,200.0,918.5353,0,4,89.568085,89.67765,True,94-96-59-92-42-15-14-38-44-16-61-86-99-87-6-97-43-74-13-95-37-98-85-91-100-93-17-60-89|28-39-67-23-72-73-21-40-53-2-57-41-22-75-56-4-55-54-68-24-25-80-12-26-58|83-45-47-36-63-64-11-62-31-69-30-19-88-52-18-5-84-8-49-46-48-82-7-10-20-66-35-34-77|27-50-33-65-71-29-76-3-79-78-81-9-51-90-32-70-1
37,4,1136.7997,1426.2189,116.0,922.9753,0,4,99.612833,99.72486,True,94-92-42-15-14-38-44-16-61-86-85-99-6-95-97-43-74-2-13-60-5-17-91-100-37-98-93-59-96-89|28-39-67-23-72-73-21-40-53-87-57-41-22-75-56-4-54-55-25-24-12-26-58|27-69-1-33-29-3-76-50-30-71-90-51-81-79-78-9-20-66-35-34-68-80-77|83-45-47-36-63-65-64-11-19-62-88-52-18-84-8-48-49-46-82-7-10-32-70-31
38,4,1137.0864,1304.4184,212.0,933.5194,0,4,81.342755,81.447779,True,94-92-42-37-15-14-38-44-16-61-86-85-99-6-95-97-43-74-2-13-60-5-17-91-100-98-59-93-96-89|28-69-39-67-23-72-73-21-40-53-87-57-41-22-75-56-4-54-55-25-24-80-12-26-58|27-50-33-65-71-29-76-3-79-78-81-9-51-90-32-1|83-45-47-36-63-64-11-19-62-30-31-88-52-18-84-8-48-49-46-82-7-10-20-66-35-34-68-77-70
39,4,1137.0864,1304.4184,212.0,933.5194,0,4,81.342755,81.447779,True,94-92-42-37-15-14-38-44-16-61-86-85-99-6-95-97-43-74-2-13-60-5-17-91-100-98-59-93-96-89|28-69-39-67-23-72-73-21-40-53-87-57-41-22-75-56-4-54-55-25-24-80-12-26-58|27-50-33-65-71-29-76-3-79-78-81-9-51-90-32-1|83-45-47-36-63-64-11-19-62-30-31-88-52-18-84-8-48-49-46-82-7-10-20-66-35-34-68-77-70
40,4,1140.7531,1347.7133,220.0,923.1622,0,4,87.836998,87.948863,True,94-92-42-15-14-38-44-16-61-86-85-99-6-95-97-43-2-13-60-5-17-91-100-37-98-93-59-96-89|28-50-12-39-67-23-72-73-21-40-53-87-57-41-22-75-56-74-54-55-4-25-24-80-26-58|83-45-47-36-63-69-62-19-11-64-30-31-88-52-18-84-8-82-49-46-48-7-10-20-66-35-34-68-77|27-1-33-65-71-29-76-3-79-78-81-9-51-90-32-70
41,4,1140.7531,1347.7133,220.0,923.1622,0,4,87.836998,87.948863,True,94-92-42-15-14-38-44-16-61-86-85-99-6-95-97-43-2-13-60-5-17-91-100-37-98-93-59-96-89|28-50-12-39-67-23-72-73-21-40-53-87-57-41-22-75-56-74-54-55-4-25-24-80-26-58|83-45-47-36-63-69-62-19-11-64-30-31-88-52-18-84-8-82-49-46-48-7-10-20-66-35-34-68-77|27-1-33-65-71-29-76-3-79-78-81-9-51-90-32-70
42,4,1145.1786,1334.1623,235.0,923.2428,0,4,85.804344,85.917016,True,94-92-98-37-42-15-14-38-44-91-61-16-86-85-99-6-95-97-43-2-13-60-5-17-100-93-59-96-89|28-26-39-67-23-73-21-40-53-87-57-41-22-75-56-54-72-74-4-55-25-24-80-12-58|83-45-47-36-63-65-64-11-19-62-30-31-88-52-18-84-8-82-49-46-48-7-10-20-66-35-34-68-77|27-69-50-33-71-29-76-3-79-78-81-9-51-90-32-70-1
43,4,1145.1786,1334.1623,235.0,923.2428,0,4,85.804344,85.917016,True,94-92-98-37-42-15-14-38-44-91-61-16-86-85-99-6-95-97-43-2-13-60-5-17-100-93-59-96-89|28-26-39-67-23-73-21-40-53-87-57-41-22-75-56-54-72-74-4-55-25-24-80-12-58|83-45-47-36-63-65-64-11-19-62-30-31-88-52-18-84-8-82-49-46-48-7-10-20-66-35-34-68-77|27-69-50-33-71-29-76-3-79-78-81-9-51-90-32-70-1
44,4,1145.9365,1343.5636,248.0,923.1622,0,4,87.214539,87.330137,True,94-92-37-42-15-14-38-44-91-61-16-86-85-99-6-95-97-43-74-2-13-60-5-17-100-98-93-59-96-89|28-50-12-39-67-23-72-73-21-40-53-87-57-41-22-75-56-4-54-55-25-24-80-26-58|83-45-47-36-63-65-64-11-19-62-30-31-88-52-18-84-8-49-46-48-82-7-10-20-66-35-34-68-77|27-69-1-33-71-29-76-3-79-78-81-9-51-90-32-70
45,4,1148.4837,1339.9827,235.0,923.1622,0,4,86.677408,86.791932,True,94-92-42-15-14-38-44-16-61-86-85-99-6-95-97-43-2-13-60-5-17-91-100-37-98-93-59-96-89|28-12-39-67-23-72-73-21-40-53-87-57-41-22-75-56-54-74-4-55-25-24-80-26-58|83-45-47-36-63-65-64-11-19-62-30-31-88-52-18-84-8-82-49-46-48-7-10-20-66-35-34-68-77|27-69-1-33-29-3-76-50-71-78-79-81-9-51-90-32-70
46,4,1148.4872,1339.9792,235.0,923.1622,0,4,86.676877,86.791402,True,94-92-42-15-14-38-44-16-61-86-85-99-6-95-97-43-2-13-60-5-17-91-100-37-98-93-59-96-89|28-12-39-67-23-72-73-21-40-53-87-57-41-22-75-56-54-74-4-55-25-24-80-26-58|83-45-47-36-63-65-64-11-19-62-30-31-88-52-18-84-8-49-46-48-82-7-10-20-66-35-34-68-77|27-69-1-33-29-3-76-50-71-78-79-81-9-51-90-32-70
47,4,1148.9141,1339.5523,248.0,923.1622,0,4,86.612852,86.728741,True,94-92-42-15-14-38-44-16-61-86-85-99-6-95-97-43-2-13-60-5-17-91-100-37-98-93-59-96-89|28-50-12-39-67-23-72-73-21-40-53-87-57-41-22-75-56-74-54-55-4-25-24-80-26-58|83-45-47-36-63-65-64-11-19-62-30-31-88-52-18-84-8-82-49-46-48-7-10-20-66-35-34-68-77|27-69-1-33-71-29-76-3-79-78-81-9-51-90-32-70
48,4,1151.0658,1370.5842,155.0,933.5194,0,4,91.267626,91.381069,True,94-92-42-15-14-38-44-16-61-86-85-99-5-84-8-6-95-97-43-74-2-13-60-17-91-100-37-98-93-59-96-89|28-69-39-67-23-72-73-21-40-53-87-57-41-22-75-56-4-54-55-25-24-80-12-26-58|27-50-33-65-71-29-76-3-79-78-81-9-51-90-49-46-82-7-10-32-70-1|52-83-45-36-48-62-63-64-47-19-11-30-31-88-18-20-66-35-34-68-77
49,4,1151.559,1354.731,219.0,921.962,0,4,88.889655,89.005535,True,94-92-42-15-14-38-44-16-61-86-85-99-6-95-97-43-74-2-13-60-5-17-91-100-37-98-93-59-96-89|69-39-67-23-72-73-21-40-53-87-57-41-22-75-56-4-55-54-68-24-25-80-12-26-58|27-28-33-65-71-29-30-79-78-81-9-51-90-32-70|83-45-47-36-63-64-11-19-62-88-31-1-50-76-52-18-84-8-48-49-46-82-7-10-20-66-35-34-3-77
50,4,1151.7116,1369.5626,105.0,933.5194,0,4,91.114389,91.222872,True,94-92-42-15-14-38-44-16-61-86-85-99-6-95-97-43-74-2-13-60-5-17-91-100-37-98-93-59-96-89|69-39-67-23-72-73-21-40-53-87-57-41-22-75-56-4-54-55-25-24-80-12-26-58|27-28-33-65-71-29-30-79-78-81-9-51-90-20-66-32-35-34-68-3-77|83-45-47-36-63-64-11-19-62-88-31-1-50-76-52-18-84-8-48-49-46-82-7-10-70
51,4,1151.7116,1369.5626,105.0,933.5194,0,4,91.114389,91.222872,True,94-92-42-15-14-38-44-16-61-86-85-99-6-95-97-43-74-2-13-60-5-17-91-100-37-98-93-59-96-89|69-39-67-23-72-73-21-40-53-87-57-41-22-75-56-4-54-55-25-24-80-12-26-58|27-28-33-65-71-29-30-79-78-81-9-51-90-20-66-32-35-34-68-3-77|83-45-47-36-63-64-11-19-62-88-31-1-50-76-52-18-84-8-48-49-46-82-7-10-70
52,4,1152.5241,1335.4532,277.0,923.1622,0,4,85.997981,86.117238,True,94-96-59-92-37-42-15-14-38-44-16-61-86-99-87-57-43-97-2-74-13-95-98-85-91-100-93-17-60-89|28-50-12-39-67-23-72-73-21-40-53-41-22-75-56-4-54-55-25-24-80-26-58|83-45-47-36-63-65-64-11-19-62-30-31-88-52-18-6-5-84-8-48-49-46-82-7-10-20-66-35-34-68-77|27-69-1-33-71-29-76-3-79-78-81-9-51-90-32-70
53,4,1153.5244,1334.942,303.0,923.1622,0,4,85.921299,86.04338,True,95-92-42-15-14-38-44-85-61-16-86-99-87-43-97-13-94-60-17-91-100-37-98-93-59-96-89|28-50-12-39-67-23-72-73-21-40-53-2-57-41-22-75-56-74-54-55-4-25-24-80-26-58|52-83-45-47-36-63-65-64-11-19-62-30-31-88-18-6-5-84-8-82-49-46-48-7-10-20-66-35-34-3-68-77|27-69-1-33-71-29-76-79-78-81-9-51-90-32-70
54,4,1153.5481,1377.0072,272.0,912.5036,0,4,92.231079,92.354778,True,2-92-42-15-14-38-44-16-61-86-85-99-6-53-57-43-97-95-13-94-60-5-17-91-100-37-98-93-59-96-89|28-69-39-67-23-73-40-72-22-41-75-56-74-54-55-4-25-21-58|27-50-33-65-71-29-76-3-79-78-81-9-51-90-32-70-1|83-45-47-36-63-64-11-19-62-30-31-88-52-18-87-84-8-48-49-46-82-7-10-20-66-35-34-68-24-80-77-12-26
55,4,1155.4914,1332.975,248.0,923.1622,0,4,85.626259,85.743135,True,94-92-42-15-14-38-44-16-61-86-85-99-6-95-97-43-2-13-60-5-17-91-100-37-98-93-59-96-89|28-50-12-39-67-23-73-21-40-53-87-57-41-22-75-56-54-72-74-4-55-25-24-80-26-58|83-45-47-36-63-65-64-11-19-62-30-31-88-52-18-84-8-82-49-46-48-7-10-20-66-35-34-68-77|27-69-1-33-71-29-76-3-79-78-81-9-51-90-32-70
56,4,1155.8293,1332.6371,248.0,923.1622,0,4,85.575571,85.692497,True,94-92-42-15-14-38-44-16-61-86-85-99-6-95-97-43-2-13-60-5-17-91-100-37-98-93-59-96-89|28-50-12-39-67-23-72-73-21-40-53-87-57-41-22-75-56-54-74-4-55-25-24-80-26-58|83-45-47-36-63-65-64-11-19-62-30-31-88-52-18-84-8-82-49-46-48-7-10-20-66-35-34-68-77|27-69-1-33-71-29-76-3-79-78-81-9-51-90-32-70
57,4,1157.0449,1331.4215,274.0,923.1622,0,4,85.393221,85.51293,True,94-92-42-15-14-38-44-16-61-86-85-99-6-95-97-43-2-13-60-5-17-91-100-37-98-93-59-96-89|28-50-12-39-67-23-73-21-40-53-87-57-41-22-75-56-54-72-74-4-55-25-24-80-26-58|83-45-47-36-63-65-64-11-19-62-30-31-88-52-18-84-8-82-49-46-48-7-10-20-66-35-34-3-68-77|27-69-1-33-71-29-76-79-78-81-9-51-90-32-70
58,4,1157.2163,1331.2501,248.0,923.1622,0,4,85.367524,85.484658,True,94-92-42-15-14-38-44-16-61-86-91-99-6-95-97-43-2-13-60-5-17-85-100-37-98-93-59-96-89|28-50-12-39-67-23-72-73-21-40-53-87-57-41-22-75-56-54-74-4-55-25-24-80-26-58|83-45-47-36-63-65-64-11-19-62-30-31-88-52-18-84-8-82-49-46-48-7-10-20-66-35-34-68-77|27-69-1-33-71-29-76-3-79-78-81-9-51-90-32-70
59,4,1157.3829,1331.0835,274.0,923.1622,0,4,85.342534,85.462293,True,94-92-42-15-14-38-44-16-61-86-85-99-6-95-97-43-2-13-60-5-17-91-100-37-98-93-59-96-89|28-50-12-39-67-23-72-73-21-40-53-87-57-41-22-75-56-54-74-4-55-25-24-80-26-58|83-45-47-36-63-65-64-11-19-62-30-31-88-52-18-84-8-82-49-46-48-7-10-20-66-35-34-3-68-77|27-69-1-33-71-29-76-79-78-81-9-51-90-32-70
60,4,1157.3829,1331.0835,274.0,923.1622,0,4,85.342534,85.462293,True,94-92-42-15-14-38-44-16-61-86-85-99-6-95-97-43-2-13-60-5-17-91-100-37-98-93-59-96-89|28-50-12-39-67-23-72-73-21-40-53-87-57-41-22-75-56-54-74-4-55-25-24-80-26-58|83-45-47-36-63-65-64-11-19-62-30-31-88-52-18-84-8-82-49-46-48-7-10-20-66-35-34-3-68-77|27-69-1-33-71-29-76-79-78-81-9-51-90-32-70
61,4,1157.3829,1331.0835,274.0,923.1622,0,4,85.342534,85.462293,True,94-92-42-15-14-38-44-16-61-86-85-99-6-95-97-43-2-13-60-5-17-91-100-37-98-93-59-96-89|28-50-12-39-67-23-72-73-21-40-53-87-57-41-22-75-56-54-74-4-55-25-24-80-26-58|83-45-47-36-63-65-64-11-19-62-30-31-88-52-18-84-8-82-49-46-48-7-10-20-66-35-34-3-68-77|27-69-1-33-71-29-76-79-78-81-9-51-90-32-70
62,4,1157.8951,1357.6371,254.0,911.5198,0,4,89.325571,89.445721,True,94-92-42-15-14-38-44-16-61-86-85-99-6-95-97-43-2-13-60-5-17-91-100-37-98-93-59-96-89|28-50-12-39-67-23-72-73-21-40-53-87-57-41-22-75-56-54-74-4-55-25-24-26-58|83-45-47-36-63-65-64-11-19-62-30-31-88-52-18-84-8-82-49-46-48-7-10-20-66-35-34-68-80-77|27-69-1-33-71-29-76-3-79-78-81-9-51-90-32-70
63,4,1157.8951,1357.6371,254.0,911.5198,0,4,89.325571,89.445721,True,94-92-42-15-14-38-44-16-61-86-85-99-6-95-97-43-2-13-60-5-17-91-100-37-98-93-59-96-89|28-50-12-39-67-23-72-73-21-40-53-87-57-41-22-75-56-54-74-4-55-25-24-26-58|83-45-47-36-63-65-64-11-19-62-30-31-88-52-18-84-8-82-49-46-48-7-10-20-66-35-34-68-80-77|27-69-1-33-71-29-76-3-79-78-81-9-51-90-32-70
64,4,1158.365,1330.1014,274.0,923.1622,0,4,85.195213,85.31512,True,94-92-42-15-14-38-44-16-61-86-85-99-6-95-97-43-2-13-60-5-17-91-100-37-98-93-59-96-89|28-50-12-39-67-23-72-73-21-40-53-87-57-41-22-75-56-54-4-74-55-25-24-80-26-58|83-45-47-36-63-65-64-11-19-62-30-31-88-52-18-84-8-82-49-46-48-7-10-20-66-35-34-3-68-77|27-69-1-33-71-29-76-79-78-81-9-51-90-32-70
65,4,1158.5564,1357.8839,292.0,899.2522,0,4,89.362591,89.484936,True,94-96-59-92-37-42-15-14-38-44-16-61-86-99-87-57-53-97-43-74-2-13-95-98-85-91-100-93-17-60-89|83-45-47-36-63-65-64-11-19-62-30-31-88-52-18-6-5-84-8-48-49-46-82-7-10-20-66-35-34-68-24-80-77-12|27-69-50-33-71-29-76-3-79-78-81-9-51-90-32-70-1|28-26-39-67-23-75-72-73-40-41-22-56-4-54-55-25-21-58
66,4,1158.5564,1357.8839,292.0,899.2522,0,4,89.362591,89.484936,True,94-96-59-92-37-42-15-14-38-44-16-61-86-99-87-57-53-97-43-74-2-13-95-98-85-91-100-93-17-60-89|83-45-47-36-63-65-64-11-19-62-30-31-88-52-18-6-5-84-8-48-49-46-82-7-10-20-66-35-34-68-24-80-77-12|27-69-50-33-71-29-76-3-79-78-81-9-51-90-32-70-1|28-26-39-67-23-75-72-73-40-41-22-56-4-54-55-25-21-58
67,4,1159.2855,1361.9887,122.0,933.5194,0,4,89.978308,90.089628,True,94-92-42-15-14-38-44-16-61-86-85-99-6-95-97-43-74-2-13-60-5-17-91-100-37-98-93-59-96-89|39-67-23-72-73-21-40-53-87-57-41-22-75-56-4-54-55-25-24-80-12-26-58|28-33-65-69-27-29-71-30-90-51-81-79-78-9-20-66-35-34-3-68-77|83-45-47-36-63-64-11-19-62-88-31-1-50-76-52-18-84-8-48-49-46-82-7-10-32-70
68,4,1159.4389,1329.0275,248.0,923.1622,0,4,85.034123,85.151591,True,94-92-42-15-14-38-44-16-61-86-85-99-6-95-97-43-2-13-60-5-17-91-100-37-98-93-59-96-89|28-50-12-39-67-23-72-73-21-40-53-87-57-41-22-75-56-54-74-4-55-25-24-80-26-58|83-45-47-36-63-65-64-11-19-62-30-31-88-52-18-84-8-48-49-46-82-7-10-20-66-35-34-68-77|27-69-1-33-29-3-76-71-78-79-81-9-51-90-32-70
69,4,1159.9679,1346.1557,226.0,899.5115,0,4,87.603357,87.717805,True,94-92-42-15-14-38-44-16-61-86-85-99-6-95-97-43-2-13-60-5-17-91-100-37-98-93-59-96-89|50-65-34-39-67-23-72-73-21-40-53-87-57-41-22-75-56-54-74-4-55-25-26-58|83-45-47-36-63-64-11-19-62-30-31-88-52-18-84-8-82-49-46-48-7-10-20-66-35-24-68-80-77-12|28-27-69-1-33-71-29-76-3-79-78-81-9-51-90-32-70
70,4,1159.9679,1346.1557,226.0,899.5115,0,4,87.603357,87.717805,True,94-92-42-15-14-38-44-16-61-86-85-99-6-95-97-43-2-13-60-5-17-91-100-37-98-93-59-96-89|50-65-34-39-67-23-72-73-21-40-53-87-57-41-22-75-56-54-74-4-55-25-26-58|83-45-47-36-63-64-11-19-62-30-31-88-52-18-84-8-82-49-46-48-7-10-20-66-35-24-68-80-77-12|28-27-69-1-33-71-29-76-3-79-78-81-9-51-90-32-70
71,4,1161.0677,1326.584,274.0,923.1622,0,4,84.667606,84.787796,True,94-92-42-15-14-38-44-16-61-86-85-99-6-95-97-43-2-13-60-5-17-91-37-100-98-93-59-96-89|28-50-12-39-67-23-72-73-21-40-53-87-57-41-22-75-56-54-74-4-55-25-24-80-26-58|83-45-47-36-63-65-64-11-19-62-30-31-88-52-18-84-8-82-49-46-48-7-10-20-66-35-34-3-68-77|27-69-1-33-71-29-76-79-78-81-9-51-90-32-70
72,4,1161.5158,1326.9506,248.0,923.1622,0,4,84.722589,84.840368,True,94-92-42-15-14-38-44-16-61-86-85-99-6-95-97-43-2-13-60-5-17-91-100-37-98-93-59-96-89|28-50-12-39-67-23-73-21-40-53-87-57-41-22-75-56-54-72-74-4-55-25-24-80-26-58|83-45-47-36-63-65-64-11-19-62-30-31-88-52-18-84-8-82-49-46-48-7-10-20-66-35-34-68-77|27-69-1-33-29-3-76-71-78-79-81-9-51-90-32-70
73,4,1162.0498,1325.6019,274.0,923.1622,0,4,84.520286,84.640623,True,94-92-42-15-14-38-44-16-61-86-85-99-6-95-97-43-2-13-60-5-17-91-37-100-98-93-59-96-89|28-50-12-39-67-23-72-73-21-40-53-87-57-41-22-75-56-54-4-74-55-25-24-80-26-58|83-45-47-36-63-65-64-11-19-62-30-31-88-52-18-84-8-82-49-46-48-7-10-20-66-35-34-3-68-77|27-69-1-33-71-29-76-79-78-81-9-51-90-32-70
74,4,1162.4799,1343.8101,247.0,921.962,0,4,87.251517,87.371835,True,94-92-42-15-14-38-44-16-61-86-85-99-6-95-97-43-74-2-13-60-5-17-91-100-37-98-93-59-96-89|28-50-39-67-23-72-73-21-40-53-87-57-41-22-75-56-4-55-54-68-24-25-80-12-26-58|83-45-47-36-63-65-64-11-19-62-30-31-88-52-18-84-8-49-46-48-82-7-10-20-66-35-34-3-77|27-69-1-33-71-29-76-79-78-81-9-51-90-32-70
75,4,1162.6421,1325.3352,303.0,923.1622,0,4,84.480277,84.603652,True,94-96-92-42-15-14-38-44-16-61-86-85-99-59-97-43-2-13-95-37-98-91-100-93-17-60-89|28-50-12-39-67-23-72-73-21-40-53-87-57-41-22-75-56-54-74-4-55-25-24-80-26-58|5-83-45-47-36-63-65-64-11-19-62-30-31-88-52-18-6-84-8-82-49-46-48-7-10-20-66-35-34-3-68-77|27-69-1-33-71-29-76-79-78-81-9-51-90-32-70
76,4,1163.5039,1314.939,274.0,923.1622,0,4,82.920855,83.040029,True,94-92-42-15-14-38-44-16-61-86-85-99-96-6-95-97-43-13-60-5-17-91-100-37-98-93-59-89|28-50-12-39-67-23-72-73-2-40-53-87-57-41-22-75-56-54-21-74-4-55-25-24-80-26-58|83-45-47-36-63-65-64-11-19-62-30-31-88-52-18-84-8-82-49-46-48-7-10-20-66-35-34-3-68-77|27-69-1-33-71-29-76-79-78-81-9-51-90-32-70
77,4,1163.5039,1314.939,274.0,923.1622,0,4,82.920855,83.040029,True,94-92-42-15-14-38-44-16-61-86-85-99-96-6-95-97-43-13-60-5-17-91-100-37-98-93-59-89|28-50-12-39-67-23-72-73-2-40-53-87-57-41-22-75-56-54-21-74-4-55-25-24-80-26-58|83-45-47-36-63-65-64-11-19-62-30-31-88-52-18-84-8-82-49-46-48-7-10-20-66-35-34-3-68-77|27-69-1-33-71-29-76-79-78-81-9-51-90-32-70
78,4,1166.2728,928.4296,234.0,937.4629,0,4,24.944436,25.00461,True,94-92-42-15-14-38-44-16-61-86-85-99-5-84-8-6-95-97-43-74-2-13-60-83-17-91-100-37-98-93-59-96-89|28-69-39-67-23-72-73-21-40-53-87-57-41-22-75-56-4-55-54-68-24-25-80-77-12-26-58|27-50-33-65-71-29-76-3-79-78-81-9-51-90-49-46-82-7-10-20-66-35-34-32-70-1|52-31-63-48-45-47-36-64-11-19-62-30-88-18
79,4,1166.2728,928.4296,234.0,937.4629,0,4,24.944436,25.00461,True,94-92-42-15-14-38-44-16-61-86-85-99-5-84-8-6-95-97-43-74-2-13-60-83-17-91-100-37-98-93-59-96-89|28-69-39-67-23-72-73-21-40-53-87-57-41-22-75-56-4-55-54-68-24-25-80-77-12-26-58|27-50-33-65-71-29-76-3-79-78-81-9-51-90-49-46-82-7-10-20-66-35-34-32-70-1|52-31-63-48-45-47-36-64-11-19-62-30-88-18
80,4,1168.3911,1320.0753,248.0,923.1622,0,4,83.691292,83.810102,True,94-92-42-15-14-38-44-16-61-86-85-99-6-95-97-43-13-60-5-17-91-100-37-98-93-59-96-89|28-50-12-39-67-23-72-73-21-40-53-87-57-41-22-75-56-54-2-74-4-55-25-24-80-26-58|83-45-47-36-63-65-64-11-19-62-30-31-88-52-18-84-8-82-49-46-48-7-10-20-66-35-34-68-77|27-69-1-33-71-29-76-3-79-78-81-9-51-90-32-70
81,4,1168.3911,1320.0753,248.0,923.1622,0,4,83.691292,83.810102,True,94-92-42-15-14-38-44-16-61-86-85-99-6-95-97-43-13-60-5-17-91-100-37-98-93-59-96-89|28-50-12-39-67-23-72-73-21-40-53-87-57-41-22-75-56-54-2-74-4-55-25-24-80-26-58|83-45-47-36-63-65-64-11-19-62-30-31-88-52-18-84-8-82-49-46-48-7-10-20-66-35-34-68-77|27-69-1-33-71-29-76-3-79-78-81-9-51-90-32-70
82,4,1168.9322,1412.8585,197.0,921.962,0,4,97.608772,97.736382,True,94-92-42-15-14-38-44-16-61-86-85-99-6-95-97-43-74-2-13-60-5-17-91-100-37-98-93-59-96-89|28-69-39-67-23-72-73-21-40-53-87-57-41-22-75-56-4-54-55-25-24-80-12-26|83-27-50-33-65-71-29-76-3-79-78-81-9-51-90-32-70-1|45-47-36-63-64-11-19-62-30-31-88-52-18-84-8-48-49-46-82-7-10-20-66-35-34-68-58-77
83,4,1171.8065,1339.2159,203.0,933.5194,0,4,86.562391,86.682151,True,94-92-42-15-14-38-44-16-61-86-85-99-6-95-97-43-2-13-60-5-17-91-100-37-98-93-59-96-89|28-50-33-39-67-23-72-73-21-40-53-87-57-41-22-75-56-54-74-4-55-25-24-80-12-26-58|83-45-47-36-63-65-71-11-19-88-31-52-18-84-8-82-49-46-48-7-10-20-66-35-34-68-77|27-69-62-64-30-29-76-3-79-78-81-9-51-90-32-70-1
84,4,1171.8065,1339.2159,203.0,933.5194,0,4,86.562391,86.682151,True,94-92-42-15-14-38-44-16-61-86-85-99-6-95-97-43-2-13-60-5-17-91-100-37-98-93-59-96-89|28-50-33-39-67-23-72-73-21-40-53-87-57-41-22-75-56-54-74-4-55-25-24-80-12-26-58|83-45-47-36-63-65-71-11-19-88-31-52-18-84-8-82-49-46-48-7-10-20-66-35-34-68-77|27-69-62-64-30-29-76-3-79-78-81-9-51-90-32-70-1
85,4,1173.3333,1281.2214,215.0,923.1622,0,4,77.86321,77.974375,True,94-92-42-15-14-38-44-16-61-86-85-99-6-95-97-43-2-13-60-5-17-91-100-37-98-93-59-96-89|28-12-39-67-23-72-73-21-40-53-87-57-41-22-75-56-54-74-4-55-25-24-80-26-58|83-45-47-36-63-65-64-11-19-62-30-31-88-18-84-8-49-46-48-82-7-10-20-66-35-34-68-50|27-52-69-1-33-71-29-76-3-79-78-81-9-51-90-32-70-77
86,4,1173.3333,1281.2214,215.0,923.1622,0,4,77.86321,77.974375,True,94-92-42-15-14-38-44-16-61-86-85-99-6-95-97-43-2-13-60-5-17-91-100-37-98-93-59-96-89|28-12-39-67-23-72-73-21-40-53-87-57-41-22-75-56-54-74-4-55-25-24-80-26-58|83-45-47-36-63-65-64-11-19-62-30-31-88-18-84-8-49-46-48-82-7-10-20-66-35-34-68-50|27-52-69-1-33-71-29-76-3-79-78-81-9-51-90-32-70-77
87,4,1177.5867,1349.3283,201.0,936.9849,0,4,88.079242,88.202573,True,94-92-42-15-14-38-44-16-61-86-85-99-6-95-97-43-74-2-13-60-5-17-91-100-37-98-93-59-89|28-69-39-67-23-72-73-21-40-53-87-57-41-22-75-56-4-54-55-96-25-24-80-12-26-58|27-50-33-65-71-29-76-3-79-78-81-9-51-90-32-70-1|83-45-47-36-63-64-11-19-62-30-31-88-52-18-84-8-48-49-46-82-7-10-20-66-35-34-68-77
88,4,1180.6071,1338.6607,158.0,900.4569,0,4,86.479113,86.591971,True,94-92-42-15-14-38-44-16-61-86-85-99-95-6-53-32-70-1|27-50-33-65-71-29-76-79-78-81-9-51-90-49-46-96-59-97-43-74-2-13-60-5-17-91-100-37-98-93-89|28-39-67-23-72-73-21-40-87-57-41-22-75-56-4-54-55-25-26-58|83-45-47-36-63-64-11-62-31-69-30-19-88-52-18-84-8-82-48-7-10-20-66-35-34-3-68-24-80-77-12
89,4,1180.6071,1338.6607,158.0,900.4569,0,4,86.479113,86.591971,True,94-92-42-15-14-38-44-16-61-86-85-99-95-6-53-32-70-1|27-50-33-65-71-29-76-79-78-81-9-51-90-49-46-96-59-97-43-74-2-13-60-5-17-91-100-37-98-93-89|28-39-67-23-72-73-21-40-87-57-41-22-75-56-4-54-55-25-26-58|83-45-47-36-63-64-11-62-31-69-30-19-88-52-18-84-8-82-48-7-10-20-66-35-34-3-68-24-80-77-12
90,4,1182.0951,1360.4276,151.0,911.5198,0,4,89.744149,89.861678,True,92-42-15-14-38-44-16-61-86-85-99-6-95-97-94-32-70-1|27-50-33-65-71-29-76-79-78-81-9-51-90-49-46-96-59-43-74-2-13-60-5-17-91-100-37-98-93-89|28-69-39-67-23-72-73-21-40-53-87-57-41-22-75-56-4-54-55-25-24-26-58|83-45-47-36-63-64-11-19-62-88-30-31-52-18-84-8-82-48-7-10-20-66-35-34-3-68-80-77-12
91,4,1182.0951,1360.4276,151.0,911.5198,0,4,89.744149,89.861678,True,92-42-15-14-38-44-16-61-86-85-99-6-95-97-94-32-70-1|27-50-33-65-71-29-76-79-78-81-9-51-90-49-46-96-59-43-74-2-13-60-5-17-91-100-37-98-93-89|28-69-39-67-23-72-73-21-40-53-87-57-41-22-75-56-4-54-55-25-24-26-58|83-45-47-36-63-64-11-19-62-88-30-31-52-18-84-8-82-48-7-10-20-66-35-34-3-68-80-77-12
92,4,1184.4852,1326.7993,105.0,923.2428,0,4,84.699901,84.810261,True,94-95-92-42-15-14-38-44-16-61-86-85-99-84-8-6-57-43-97-13-37-100-91-98-93-59-96|1-65-26-39-67-23-73-40-53-87-2-41-22-75-56-54-21-72-74-4-55-25-24-80-12-58|28-27-69-50-33-29-3-76-30-71-34-78-79-81-51-9-20-10-32-66-35-68-77-70-31|83-45-82-48-47-36-63-64-11-19-62-88-52-18-7-90-49-46-17-5-60-89
93,4,1184.4852,1326.7993,105.0,923.2428,0,4,84.699901,84.810261,True,94-95-92-42-15-14-38-44-16-61-86-85-99-84-8-6-57-43-97-13-37-100-91-98-93-59-96|1-65-26-39-67-23-73-40-53-87-2-41-22-75-56-54-21-72-74-4-55-25-24-80-12-58|28-27-69-50-33-29-3-76-30-71-34-78-79-81-51-9-20-10-32-66-35-68-77-70-31|83-45-82-48-47-36-63-64-11-19-62-88-52-18-7-90-49-46-17-5-60-89
94,4,1189.6919,1330.3803,164.0,911.5198,0,4,85.23705,85.35365,True,94-92-42-15-14-38-44-16-61-86-85-99-95-6-32-70-1|27-50-33-65-71-29-76-79-78-81-9-51-90-49-96-59-97-43-2-13-60-5-17-91-100-37-98-93-89|28-69-39-67-23-72-73-21-40-53-87-57-41-22-75-56-54-74-4-55-25-24-26-58|83-45-47-36-63-64-11-19-62-30-31-88-52-18-84-8-46-48-82-7-10-20-66-35-34-3-68-80-77-12
95,4,1191.2734,1286.1453,172.0,933.5194,0,4,78.601805,78.716344,True,94-95-92-98-37-42-15-14-38-44-91-61-16-86-85-99-97-43-2-13-60-5-17-100-93-59-96-89|28-50-3-39-67-23-72-73-21-40-53-87-57-41-22-75-56-54-74-4-55-25-24-80-12-26-58|83-45-47-36-63-65-71-64-19-88-52-18-6-84-8-82-49-46-48-7-10-20-66-35-34-68-77|27-69-1-33-29-30-62-11-31-76-79-78-81-9-51-90-32-70
96,4,1191.2734,1286.1453,172.0,933.5194,0,4,78.601805,78.716344,True,94-95-92-98-37-42-15-14-38-44-91-61-16-86-85-99-97-43-2-13-60-5-17-100-93-59-96-89|28-50-3-39-67-23-72-73-21-40-53-87-57-41-22-75-56-54-74-4-55-25-24-80-12-26-58|83-45-47-36-63-65-71-64-19-88-52-18-6-84-8-82-49-46-48-7-10-20-66-35-34-68-77|27-69-1-33-29-30-62-11-31-76-79-78-81-9-51-90-32-70
97,4,1191.89,1350.6327,94.0,911.5198,0,4,88.274914,88.388211,True,92-42-15-14-38-44-16-61-86-85-99-96-6-95-97-94-52-31-32-70-1|27-50-33-65-71-29-76-79-78-81-9-51-90-7-59-43-74-2-13-60-5-17-91-100-37-98-93-89|28-69-39-67-23-72-73-21-40-53-87-57-41-22-75-56-4-54-55-25-24-26-58|83-45-47-36-63-64-11-19-62-30-88-18-84-8-82-49-46-48-10-20-66-35-34-3-68-80-77-12
98,4,1191.89,1350.6327,94.0,911.5198,0,4,88.274914,88.388211,True,92-42-15-14-38-44-16-61-86-85-99-96-6-95-97-94-52-31-32-70-1|27-50-33-65-71-29-76-79-78-81-9-51-90-7-59-43-74-2-13-60-5-17-91-100-37-98-93-89|28-69-39-67-23-72-73-21-40-53-87-57-41-22-75-56-4-54-55-25-24-26-58|83-45-47-36-63-64-11-19-62-30-88-18-84-8-82-49-46-48-10-20-66-35-34-3-68-80-77-12
99,4,1193.5211,1302.605,118.0,923.2428,0,4,81.070747,81.181489,True,94-95-92-42-15-14-38-44-16-61-86-85-99-84-6-96-59-57-43-97-13-5-17-91-100-37-98-93-60-89|1-65-26-39-67-23-73-40-53-87-2-41-22-75-56-54-21-72-74-4-55-25-24-80-12-58|28-27-69-50-33-29-3-76-30-71-34-78-79-81-51-9-20-66-35-68-77|52-83-45-82-48-47-36-62-63-64-11-19-88-18-8-7-90-49-46-10-32-70-31
100,4,1193.5211,1302.605,118.0,923.2428,0,4,81.070747,81.181489,True,94-95-92-42-15-14-38-44-16-61-86-85-99-84-6-96-59-57-43-97-13-5-17-91-100-37-98-93-60-89|1-65-26-39-67-23-73-40-53-87-2-41-22-75-56-54-21-72-74-4-55-25-24-80-12-58|28-27-69-50-33-29-3-76-30-71-34-78-79-81-51-9-20-66-35-68-77|52-83-45-82-48-47-36-62-63-64-11-19-88-18-8-7-90-49-46-10-32-70-31
101,4,1194.521,1301.605,131.0,923.2428,0,4,80.920754,81.032945,True,94-95-92-42-15-14-38-44-16-61-86-85-99-84-6-96-59-57-43-97-13-5-17-91-100-37-98-93-60-89|1-65-26-39-67-23-73-40-53-87-2-41-22-75-56-54-21-72-74-4-55-25-24-80-12-58|28-27-69-50-33-29-3-76-30-71-34-78-79-81-51-9-20-32-66-35-68-77|52-83-45-82-48-47-36-62-63-64-11-19-88-18-8-7-90-49-46-10-70-31
102,4,1194.9018,1077.1092,141.0,933.5194,0,4,47.246381,47.327553,True,94-95-92-42-15-14-91-5-61-16-44-38-86-85-99-96-6-59-57-43-97-13-17-60-98-37-100-93-89|33-65-34-39-67-23-73-21-40-53-87-2-41-22-75-56-72-74-54-55-4-25-24-80-12-26-58|28-27-69-1-50-3-29-76-30-71-78-79-81-9-51-90-10-20-32-66-35-68-77-70|52-83-45-82-48-47-36-63-64-11-19-62-88-7-18-84-8-49-46-31
103,4,1194.9018,1077.1092,141.0,933.5194,0,4,47.246381,47.327553,True,94-95-92-42-15-14-91-5-61-16-44-38-86-85-99-96-6-59-57-43-97-13-17-60-98-37-100-93-89|33-65-34-39-67-23-73-21-40-53-87-2-41-22-75-56-72-74-54-55-4-25-24-80-12-26-58|28-27-69-1-50-3-29-76-30-71-78-79-81-9-51-90-10-20-32-66-35-68-77-70|52-83-45-82-48-47-36-63-64-11-19-62-88-7-18-84-8-49-46-31
104,4,1196.1496,1279.9165,129.0,923.2428,0,4,77.667477,77.776704,True,94-95-92-42-15-14-91-85-5-61-16-44-38-86-99-84-6-59-57-43-97-13-60-17-100-37-98-93-96|26-39-67-23-73-40-53-87-2-41-22-75-56-54-21-72-74-4-55-25-24-80-12-58|28-27-69-50-33-29-3-76-30-71-34-78-79-81-51-9-20-10-32-66-35-68-77-1-70-31|83-45-47-36-63-65-64-11-19-62-88-90-18-8-48-49-46-82-7-52-89
105,4,1196.1496,1279.9165,129.0,923.2428,0,4,77.667477,77.776704,True,94-95-92-42-15-14-91-85-5-61-16-44-38-86-99-84-6-59-57-43-97-13-60-17-100-37-98-93-96|26-39-67-23-73-40-53-87-2-41-22-75-56-54-21-72-74-4-55-25-24-80-12-58|28-27-69-50-33-29-3-76-30-71-34-78-79-81-51-9-20-10-32-66-35-68-77-1-70-31|83-45-47-36-63-65-64-11-19-62-88-90-18-8-48-49-46-82-7-52-89
106,4,1200.1437,1280.7724,202.0,923.1622,0,4,77.795856,77.913697,True,42-92-59-27-69-15-14-38-44-16-61-86-85-99-96-6-95-97-43-2-13-94-60-5-17-91-100-37-98-93-89|28-50-12-39-67-23-72-73-21-40-53-87-57-41-22-75-56-54-74-4-55-25-24-80-26-58|83-45-47-36-63-64-11-19-62-88-52-18-84-8-82-49-46-48-7-10-20-66-35-34-68-77|33-65-29-71-30-1-76-3-79-78-81-9-51-90-32-70-31
107,4,1201.5301,1100.9562,136.0,923.2428,0,4,50.823426,50.908123,True,94-95-92-42-15-14-38-44-16-61-86-85-99-84-6-96-59-57-43-97-13-60-5-17-91-100-37-98-93-89|1-65-26-39-67-23-73-21-40-53-87-2-41-22-75-56-54-72-74-4-55-25-24-80-12-58|28-27-69-50-33-29-3-76-30-71-34-78-79-81-51-9-20-32-66-35-68-77-70|52-83-45-82-48-47-36-63-64-11-19-62-88-18-8-7-90-49-46-10-31
108,4,1201.5301,1100.9562,136.0,923.2428,0,4,50.823426,50.908123,True,94-95-92-42-15-14-38-44-16-61-86-85-99-84-6-96-59-57-43-97-13-60-5-17-91-100-37-98-93-89|1-65-26-39-67-23-73-21-40-53-87-2-41-22-75-56-54-72-74-4-55-25-24-80-12-58|28-27-69-50-33-29-3-76-30-71-34-78-79-81-51-9-20-32-66-35-68-77-70|52-83-45-82-48-47-36-63-64-11-19-62-88-18-8-7-90-49-46-10-31
109,4,1202.7567,1094.492,179.0,923.2428,0,4,49.853807,49.942202,True,95-92-42-15-14-38-44-16-61-86-85-99-84-5-6-59-57-43-97-13-94-96-17-91-100-37-98-93-60-89|65-26-39-67-23-73-40-53-87-2-41-22-75-56-54-21-72-74-4-55-25-24-80-12-58|28-27-69-1-33-29-3-76-50-30-71-34-78-79-81-51-9-20-10-32-66-35-68-77-70-31|83-45-82-48-47-36-62-63-64-11-19-88-18-8-7-90-49-46-52
110,4,1203.058,1325.9937,223.0,922.9753,0,4,84.579051,84.706622,True,92-42-15-14-38-44-16-61-86-85-99-97-95-32-70-1|27-50-33-65-71-29-76-79-78-81-9-51-90-96-59-37-43-74-2-13-60-5-17-91-100-98-93-89|28-69-39-67-23-72-73-21-40-53-87-57-41-22-75-56-4-54-55-25-24-12-26-58|83-45-47-36-63-64-11-19-62-88-30-31-52-18-6-94-84-8-82-48-49-46-7-10-20-66-35-34-3-68-80-77
111,4,1203.5798,1329.6785,138.0,911.5198,0,4,85.131783,85.249844,True,94-92-42-15-14-38-44-16-61-86-85-99-6-95-97-60-32-70-1|27-50-33-65-71-29-76-79-78-81-9-51-90-31-48-46-5-59-43-74-2-13-96-17-91-100-37-98-93-89|28-39-67-23-72-73-21-40-53-87-57-41-22-75-56-4-54-55-25-24-26-58|52-83-45-36-47-62-63-64-11-30-69-88-7-19-82-18-84-8-49-10-20-66-35-34-3-68-80-77-12
112,4,1203.5798,1329.6785,138.0,911.5198,0,4,85.131783,85.249844,True,94-92-42-15-14-38-44-16-61-86-85-99-6-95-97-60-32-70-1|27-50-33-65-71-29-76-79-78-81-9-51-90-31-48-46-5-59-43-74-2-13-96-17-91-100-37-98-93-89|28-39-67-23-72-73-21-40-53-87-57-41-22-75-56-4-54-55-25-24-26-58|52-83-45-36-47-62-63-64-11-30-69-88-7-19-82-18-84-8-49-10-20-66-35-34-3-68-80-77-12
113,4,1205.1991,1287.6232,99.0,933.5194,0,4,78.823482,78.935121,True,94-95-92-42-15-14-38-44-16-61-86-85-99-96-6-59-43-97-13-5-17-91-100-37-98-93-60-89|1-65-39-67-23-73-40-53-2-57-41-22-75-56-54-21-72-74-4-55-25-24-80-12-26-58|28-27-69-50-33-29-3-76-71-34-78-79-81-9-51-90-20-32-66-35-68-77|52-83-45-82-48-47-36-63-64-11-19-62-30-88-18-87-84-8-49-46-7-31-10-70
114,4,1205.1991,1287.6232,99.0,933.5194,0,4,78.823482,78.935121,True,94-95-92-42-15-14-38-44-16-61-86-85-99-96-6-59-43-97-13-5-17-91-100-37-98-93-60-89|1-65-39-67-23-73-40-53-2-57-41-22-75-56-54-21-72-74-4-55-25-24-80-12-26-58|28-27-69-50-33-29-3-76-71-34-78-79-81-9-51-90-20-32-66-35-68-77|52-83-45-82-48-47-36-63-64-11-19-62-30-88-18-87-84-8-49-46-7-31-10-70
115,4,1210.1725,1282.6498,57.0,933.5194,0,4,78.077478,78.185663,True,94-95-92-42-15-14-38-44-16-61-86-85-99-96-6-59-43-97-13-17-91-100-37-98-93-60-89|1-65-39-67-23-73-40-53-2-57-41-22-75-56-54-21-72-74-4-55-25-24-80-12-26-58|28-27-69-50-33-29-3-76-71-34-78-79-81-9-51-90-10-20-32-66-35-68-77|52-83-45-82-48-47-36-63-64-11-19-62-30-88-18-5-87-84-8-49-46-7-31-70
116,4,1210.1725,1282.6498,57.0,933.5194,0,4,78.077478,78.185663,True,94-95-92-42-15-14-38-44-16-61-86-85-99-96-6-59-43-97-13-17-91-100-37-98-93-60-89|1-65-39-67-23-73-40-53-2-57-41-22-75-56-54-21-72-74-4-55-25-24-80-12-26-58|28-27-69-50-33-29-3-76-71-34-78-79-81-9-51-90-10-20-32-66-35-68-77|52-83-45-82-48-47-36-63-64-11-19-62-30-88-18-5-87-84-8-49-46-7-31-70
117,4,1212.9356,1329.5871,236.0,911.5198,0,4,85.118075,85.248729,True,92-42-15-14-38-44-16-61-86-85-99-6-95-97-32-70-1|27-50-33-65-71-29-76-79-78-81-9-51-90-96-59-43-74-2-13-60-5-17-91-100-37-98-93-89|28-69-39-67-23-72-73-21-40-53-87-57-41-22-75-56-4-54-55-25-24-26-58|83-45-47-36-63-64-11-19-62-88-30-31-52-18-94-84-8-48-49-46-82-7-10-20-66-35-34-3-68-80-77-12
118,4,1219.1265,1269.3399,190.0,923.1622,0,4,76.080994,76.201615,True,94-92-42-15-14-38-44-16-61-86-85-99-6-95-97-43-2-13-60-5-17-91-100-37-98-93-59-96-89|28-50-12-39-67-23-72-73-21-40-53-87-57-41-22-75-56-54-74-4-55-25-24-80-26-58|83-45-47-36-63-65-64-11-19-62-30-31-88-52-18-84-8-82-49-46-48-7-10-20-66-35-34-77|27-69-1-33-71-29-76-3-79-78-81-9-51-90-68-32-70
119,4,1220.7751,1324.2836,244.0,913.4347,0,4,84.322548,84.455846,True,92-42-15-14-38-44-16-61-86-85-99-6-95-97-89-70-1|27-50-33-65-71-29-34-76-79-78-81-9-51-90-52-96-59-43-74-2-13-60-5-17-91-100-37-98-93|28-69-39-67-23-72-73-21-40-53-87-57-41-22-75-56-4-54-55-25-24-26-58|83-45-47-36-63-64-11-19-62-88-30-31-18-94-84-8-48-49-46-82-7-10-20-32-66-35-68-80-3-77-12
120,4,1223.6964,1078.7898,136.0,923.2428,0,4,47.498478,47.5865,True,95-92-42-15-14-91-5-61-16-44-38-86-85-99-84-6-96-59-43-2-97-13-94-60-17-100-37-98-93-89|65-26-39-67-23-73-21-40-53-87-57-41-22-75-56-54-72-74-4-55-25-24-80-12-58|28-27-69-1-33-29-3-76-50-30-71-34-78-79-81-51-9-20-32-66-35-68-77-70|52-83-45-82-48-47-36-62-63-64-11-19-88-18-8-7-90-49-46-10-31
121,4,1223.6964,1078.7898,136.0,923.2428,0,4,47.498478,47.5865,True,95-92-42-15-14-91-5-61-16-44-38-86-85-99-84-6-96-59-43-2-97-13-94-60-17-100-37-98-93-89|65-26-39-67-23-73-21-40-53-87-57-41-22-75-56-54-72-74-4-55-25-24-80-12-58|28-27-69-1-33-29-3-76-50-30-71-34-78-79-81-51-9-20-32-66-35-68-77-70|52-83-45-82-48-47-36-62-63-64-11-19-88-18-8-7-90-49-46-10-31
122,4,1227.1244,1251.3185,260.0,923.1622,0,4,73.377783,73.5051,True,42-92-94-27-69-15-14-38-44-16-61-86-85-99-96-6-95-97-43-2-13-60-5-17-91-100-37-98-93-59-89|28-50-33-12-39-67-23-72-73-21-40-53-87-57-41-22-75-56-54-74-4-55-25-24-80-26-58|83-45-47-36-63-65-64-11-19-62-88-31-52-18-84-8-82-49-46-48-7-10-20-66-35-34-68-77|29-71-30-1-76-3-79-78-81-9-51-90-32-70
123,4,1243.5948,1297.1781,194.0,921.962,0,4,80.256723,80.38908,True,94-92-42-15-14-38-44-16-61-86-85-99-6-95-97-43-74-2-13-60-5-17-91-100-37-98-93-59-96-89|50-33-34-65-27-28-39-29-67-23-72-73-21-40-53-87-57-41-22-75-56-4-54-55-25-26-58|83-45-47-36-63-69-31-62-19-11-64-30-88-52-18-84-8-48-49-46-82-7-10-32-70-1|76-3-71-90-51-81-79-78-9-20-66-35-24-68-80-77-12
124,4,1243.5948,1297.1781,194.0,921.962,0,4,80.256723,80.38908,True,94-92-42-15-14-38-44-16-61-86-85-99-6-95-97-43-74-2-13-60-5-17-91-100-37-98-93-59-96-89|50-33-34-65-27-28-39-29-67-23-72-73-21-40-53-87-57-41-22-75-56-4-54-55-25-26-58|83-45-47-36-63-69-31-62-19-11-64-30-88-52-18-84-8-48-49-46-82-7-10-32-70-1|76-3-71-90-51-81-79-78-9-20-66-35-24-68-80-77-12
125,4,1254.2639,1238.3964,70.0,906.4876,0,4,71.439468,71.551488,True,82-48-36-47-45-92-42-15-14-38-44-16-61-85-99-40-22-41-53-6-52-10-20-66-32-70|33-65-63-64-11-19-62-88-7-18-83-86-84-8-49-46-5-96-95-97-59-37-98-91-100-93-17-60-89|94-27-31-69-1-3-29-76-50-30-71-90-51-81-79-78-9-35-34-68-24-25-80-77-12|28-26-21-39-67-23-72-73-2-87-57-43-75-56-55-54-4-74-13-58
126,4,1254.2639,1238.3964,70.0,906.4876,0,4,71.439468,71.551488,True,82-48-36-47-45-92-42-15-14-38-44-16-61-85-99-40-22-41-53-6-52-10-20-66-32-70|33-65-63-64-11-19-62-88-7-18-83-86-84-8-49-46-5-96-95-97-59-37-98-91-100-93-17-60-89|94-27-31-69-1-3-29-76-50-30-71-90-51-81-79-78-9-35-34-68-24-25-80-77-12|28-26-21-39-67-23-72-73-2-87-57-43-75-56-55-54-4-74-13-58
127,4,1254.899,1237.7613,195.0,906.4876,0,4,71.344197,71.468812,True,92-98-59-27-33-65-64-11-19-62-88-52-18-8-84-86-91-43-97-37-100-93-17-60-89|94-95-96-5-83-82-48-7-31-69-1-3-29-76-50-30-71-51-81-79-78-9-20-66-35-34-68-24-25-80-77-12|28-26-21-72-39-67-23-73-40-2-87-57-41-22-75-56-4-55-54-74-13-58|63-36-47-45-42-15-14-38-44-16-61-85-99-6-53-90-49-46-10-32-70
128,14,1256.6379,8079.9441,191.0,885.4059,0,14,1097.671616,1098.822518,True,2-15-43-97|42-14-44-38-86-17-5|6-53|52-7-19-11-64-49-10-31|12-29-24-55-25-26|18-96-99-87-13|21-39-67-23-56-75-74-72-4-54|27-69-88-30-51-3-79-78-81-9-66-20-1|48-47-36-46-82|28-76-40-73-22-41-57-58|95-92-98-85-61-16-91-100-37-93-59-94|83-45-8-84-60-89|62-63-90-32-70|50-33-65-71-35-34-68-80-77
129,4,1257.0109,1235.6494,169.0,906.4876,0,4,71.02741,71.149741,True,63-36-47-45-92-42-15-14-38-44-16-61-85-99-87-53-49-46-10-20-66-32-70|27-33-65-64-11-19-62-88-52-18-8-84-86-91-6-95-97-43-37-98-100-93-17-60-89|94-96-59-5-83-82-48-7-31-69-1-3-29-76-50-30-71-90-51-81-79-78-9-35-34-68-24-25-80-77-12|28-26-21-72-39-67-23-73-40-2-57-41-22-75-56-55-54-4-74-13-58
130,4,1262.6959,1277.3939,203.0,905.9892,0,4,77.289091,77.422715,True,94-92-98-37-42-15-14-38-44-91-61-16-86-85-99-6-95-97-43-2-13-60-5-17-100-93-59-96-89|50-33-65-1-27-28-26-39-29-67-23-72-73-21-40-53-87-57-41-22-75-56-74-4-55-25-58|83-45-47-36-63-64-11-62-69-30-88-19-18-84-8-49-46-48-82-7-10-32-35-34-3-77-70-31-52|76-71-90-51-81-79-78-9-66-20-68-24-54-80-12
131,4,1262.6959,1277.3939,203.0,905.9892,0,4,77.289091,77.422715,True,94-92-98-37-42-15-14-38-44-91-61-16-86-85-99-6-95-97-43-2-13-60-5-17-100-93-59-96-89|50-33-65-1-27-28-26-39-29-67-23-72-73-21-40-53-87-57-41-22-75-56-74-4-55-25-58|83-45-47-36-63-64-11-62-69-30-88-19-18-84-8-49-46-48-82-7-10-32-35-34-3-77-70-31-52|76-71-90-51-81-79-78-9-66-20-68-24-54-80-12
132,4,1266.1762,1239.4583,122.0,899.2522,0,4,71.598741,71.718608,True,92-59-27-31-63-64-11-62-69-52-88-19-18-8-83-84-86-91-43-97-13-37-100-93-17-60-89|94-95-5-48-7-1-33-65-34-29-3-76-50-30-71-51-81-79-78-9-20-66-35-24-68-80-77-12|28-21-72-39-67-23-73-40-2-87-57-41-22-75-56-74-54-55-4-25-26-58|82-36-47-45-98-42-15-14-38-44-16-61-85-99-96-6-53-90-49-46-10-32-70
133,4,1266.1762,1239.4583,122.0,899.2522,0,4,71.598741,71.718608,True,92-59-27-31-63-64-11-62-69-52-88-19-18-8-83-84-86-91-43-97-13-37-100-93-17-60-89|94-95-5-48-7-1-33-65-34-29-3-76-50-30-71-51-81-79-78-9-20-66-35-24-68-80-77-12|28-21-72-39-67-23-73-40-2-87-57-41-22-75-56-74-54-55-4-25-26-58|82-36-47-45-98-42-15-14-38-44-16-61-85-99-96-6-53-90-49-46-10-32-70
134,4,1267.6515,1225.0088,138.0,906.4876,0,4,69.431327,69.552155,True,7-48-36-47-45-91-42-15-14-38-44-16-61-85-99-40-22-41-53-6-52-31-10-20-66-32-70|33-65-63-64-11-19-62-88-18-86-84-8-49-46-97-37-98-100-93-17-60-89|94-95-92-59-96-5-83-82-69-1-3-29-76-50-30-71-90-51-81-79-78-9-35-34-68-24-25-80-77-12|27-28-26-39-67-23-72-73-2-87-57-43-75-56-55-54-4-74-21-13-58
135,4,1267.6515,1225.0088,138.0,906.4876,0,4,69.431327,69.552155,True,7-48-36-47-45-91-42-15-14-38-44-16-61-85-99-40-22-41-53-6-52-31-10-20-66-32-70|33-65-63-64-11-19-62-88-18-86-84-8-49-46-97-37-98-100-93-17-60-89|94-95-92-59-96-5-83-82-69-1-3-29-76-50-30-71-90-51-81-79-78-9-35-34-68-24-25-80-77-12|27-28-26-39-67-23-72-73-2-87-57-43-75-56-55-54-4-74-21-13-58
136,4,1269.6811,1073.9178,136.0,957.6772,0,4,49.528914,49.635165,True,94-95-92-42-15-14-5-61-16-44-38-86-85-99-84-6-96-59-57-43-97-13-17-91-37-98-100-93-89-60|1-65-39-23-67-73-40-53-87-2-41-22-75-56-54-21-72-74-4-55-25-24-26-80-12-58|28-27-69-50-33-29-3-76-30-71-34-78-79-81-51-9-20-32-66-35-68-77-70|52-83-45-82-48-47-36-62-63-64-11-19-88-18-8-7-90-49-46-10-31
137,4,1272.4418,1197.5551,200.0,892.6413,0,4,65.313271,65.43554,True,26-21-39-72-92-42-15-14-38-44-16-61-86-85-99-6-95-97-32-70-1|27-50-33-65-71-29-76-3-79-78-81-9-51-90-96-59-43-2-13-60-5-17-91-100-37-98-93-89|69-28-12-67-23-73-40-53-87-57-41-22-75-56-4-55-54-74-58|83-45-47-36-63-64-11-19-62-88-30-31-52-18-94-84-8-48-49-46-82-7-10-20-66-35-34-68-24-25-80-77
138,4,1272.4418,1197.5551,200.0,892.6413,0,4,65.313271,65.43554,True,26-21-39-72-92-42-15-14-38-44-16-61-86-85-99-6-95-97-32-70-1|27-50-33-65-71-29-76-3-79-78-81-9-51-90-96-59-43-2-13-60-5-17-91-100-37-98-93-89|69-28-12-67-23-73-40-53-87-57-41-22-75-56-4-55-54-74-58|83-45-47-36-63-64-11-19-62-88-30-31-52-18-94-84-8-48-49-46-82-7-10-20-66-35-34-68-24-25-80-77
139,4,1274.8999,1190.8434,190.0,906.4876,0,4,64.306513,64.429591,True,63-36-47-45-92-42-15-14-38-44-16-61-85-99-40-53-6-52-10-20-66-32-70|27-33-65-64-11-19-62-88-18-86-84-8-49-46-97-43-37-98-17-91-100-93-60-89|94-95-59-96-5-83-82-48-7-31-69-1-3-29-76-50-30-71-90-51-81-79-78-9-35-34-68-24-25-80-77-12|28-26-39-67-23-72-73-2-87-57-41-22-75-56-4-55-54-21-74-13-58
140,4,1274.8999,1190.8434,190.0,906.4876,0,4,64.306513,64.429591,True,63-36-47-45-92-42-15-14-38-44-16-61-85-99-40-53-6-52-10-20-66-32-70|27-33-65-64-11-19-62-88-18-86-84-8-49-46-97-43-37-98-17-91-100-93-60-89|94-95-59-96-5-83-82-48-7-31-69-1-3-29-76-50-30-71-90-51-81-79-78-9-35-34-68-24-25-80-77-12|28-26-39-67-23-72-73-2-87-57-41-22-75-56-4-55-54-21-74-13-58
141,4,1278.9094,1213.751,135.0,906.4876,0,4,67.742645,67.864862,True,82-36-47-45-92-42-15-14-38-44-16-61-85-99-40-22-41-53-6-52-10-20-66-32-70|33-65-63-64-11-19-62-88-18-5-86-84-8-49-46-91-98-97-37-100-93-17-60-89|94-95-59-96-83-48-7-31-69-1-3-29-76-50-30-71-90-51-81-79-78-9-35-34-68-24-25-80-77-12|27-28-26-21-39-67-23-73-2-87-57-43-75-56-4-55-54-72-74-13-58
142,4,1278.9094,1213.751,135.0,906.4876,0,4,67.742645,67.864862,True,82-36-47-45-92-42-15-14-38-44-16-61-85-99-40-22-41-53-6-52-10-20-66-32-70|33-65-63-64-11-19-62-88-18-5-86-84-8-49-46-91-98-97-37-100-93-17-60-89|94-95-59-96-83-48-7-31-69-1-3-29-76-50-30-71-90-51-81-79-78-9-35-34-68-24-25-80-77-12|27-28-26-21-39-67-23-73-2-87-57-43-75-56-4-55-54-72-74-13-58
143,4,1285.1031,859.9362,272.0,949.4895,0,4,54.155523,54.246676,True,37-85-27-28-50-33-69-30-62-11-64-19-88-52-18-6-84-8-48-49-46-5-59-97-43-98-100-93-17-60-89|94-95-92-96-83-82-7-65-71-29-76-51-79-78-81-9-90-10-20-32-66-35-34-24-4-25-80-77-3-1-70|31-63-36-47-45-61-91-16-44-38-86-99-87-57-41-22-2-21-56-75-74-55-54-68-12-26-13-58|14-42-15-39-67-23-72-73-40-53
144,4,1285.1031,859.9362,272.0,949.4895,0,4,54.155523,54.246676,True,37-85-27-28-50-33-69-30-62-11-64-19-88-52-18-6-84-8-48-49-46-5-59-97-43-98-100-93-17-60-89|94-95-92-96-83-82-7-65-71-29-76-51-79-78-81-9-90-10-20-32-66-35-34-24-4-25-80-77-3-1-70|31-63-36-47-45-61-91-16-44-38-86-99-87-57-41-22-2-21-56-75-74-55-54-68-12-26-13-58|14-42-15-39-67-23-72-73-40-53
145,4,1287.3676,1178.3757,197.0,906.4876,0,4,62.436356,62.562004,True,63-36-47-45-92-42-15-14-38-44-16-61-85-99-40-53-6-52-10-20-66-32-70|27-33-65-64-11-19-62-88-18-86-84-8-49-46-97-37-98-17-91-100-93-60-89|94-95-59-96-5-83-82-48-7-31-69-1-3-29-76-50-30-71-90-51-81-79-78-9-35-34-68-24-25-80-77-12|28-26-39-67-23-72-73-41-22-87-2-57-43-75-56-55-54-4-74-21-13-58
146,4,1287.3676,1178.3757,197.0,906.4876,0,4,62.436356,62.562004,True,63-36-47-45-92-42-15-14-38-44-16-61-85-99-40-53-6-52-10-20-66-32-70|27-33-65-64-11-19-62-88-18-86-84-8-49-46-97-37-98-17-91-100-93-60-89|94-95-59-96-5-83-82-48-7-31-69-1-3-29-76-50-30-71-90-51-81-79-78-9-35-34-68-24-25-80-77-12|28-26-39-67-23-72-73-41-22-87-2-57-43-75-56-55-54-4-74-21-13-58
147,4,1288.5121,1204.1482,124.0,906.4876,0,4,66.302234,66.424791,True,63-36-47-45-92-42-15-14-38-44-16-61-99-95-40-22-41-53-6-52-10-20-66-32-70|27-33-65-64-11-19-62-88-18-86-84-8-49-46-85-91-98-59-97-37-100-93-17-60-89|94-96-5-83-82-48-7-31-69-1-50-3-29-76-30-71-90-51-81-79-78-9-35-34-68-24-25-80-77-12|28-26-39-67-23-72-73-2-87-57-43-75-56-55-54-4-74-21-13-58
148,4,1288.6376,1204.0227,118.0,906.4876,0,4,66.283403,66.405378,True,63-36-47-45-92-42-15-14-38-44-16-61-85-99-95-87-22-53-6-52-31-10-20-66-32-70|28-33-65-64-11-19-62-88-18-5-86-84-8-49-46-91-98-37-97-43-100-93-17-60-89|94-59-96-83-82-48-7-69-1-3-29-76-50-30-71-90-51-81-79-78-9-35-34-68-24-25-80-77-12|27-26-21-39-67-23-72-73-40-2-57-41-75-56-55-54-4-74-13-58
149,4,1288.6376,1204.0227,118.0,906.4876,0,4,66.283403,66.405378,True,63-36-47-45-92-42-15-14-38-44-16-61-85-99-95-87-22-53-6-52-31-10-20-66-32-70|28-33-65-64-11-19-62-88-18-5-86-84-8-49-46-91-98-37-97-43-100-93-17-60-89|94-59-96-83-82-48-7-69-1-3-29-76-50-30-71-90-51-81-79-78-9-35-34-68-24-25-80-77-12|27-26-21-39-67-23-72-73-40-2-57-41-75-56-55-54-4-74-13-58
150,4,1290.1243,1236.3241,101.0,932.8104,0,4,71.128619,71.258134,True,63-36-47-45-92-42-15-14-38-44-16-61-99-94-40-22-41-53-6-52-10-20-66-32-70|27-33-65-64-11-19-62-88-18-5-86-84-8-49-46-96-95-97-37-98-85-100-91-17-60-93-59-89|83-82-48-7-31-69-1-3-29-76-50-30-71-90-51-81-79-78-9-35-34-68-24-25-80-77-12|28-26-21-39-67-23-72-73-2-87-57-43-75-56-55-54-4-74-13-58
151,4,1290.8264,1201.8339,126.0,906.4876,0,4,65.955092,66.078196,True,63-36-47-45-92-42-15-14-38-44-16-61-85-99-40-22-41-53-6-52-10-20-66-32-70|27-33-65-64-11-19-62-88-18-86-84-8-49-46-5-95-97-37-98-91-100-93-17-60-89|94-59-96-83-82-48-7-31-69-1-3-29-76-50-30-71-90-51-81-79-78-9-35-34-68-24-25-80-77-12|28-26-39-67-23-73-2-87-57-43-75-56-4-55-54-72-74-21-13-58
152,4,1291.2685,1201.3918,108.0,906.4876,0,4,65.888776,66.010147,True,63-36-47-45-92-42-15-14-38-44-16-61-85-99-40-22-41-53-6-52-31-10-20-66-32-70|27-33-65-64-11-19-62-88-18-83-86-84-8-49-46-5-91-98-97-37-100-93-17-60-89|94-95-59-96-82-48-7-69-1-50-3-29-76-30-71-90-51-81-79-78-9-35-34-68-24-25-80-77-12|28-26-21-39-67-23-72-73-2-87-57-43-75-56-55-54-4-74-13-58
153,4,1291.2685,1201.3918,108.0,906.4876,0,4,65.888776,66.010147,True,63-36-47-45-92-42-15-14-38-44-16-61-85-99-40-22-41-53-6-52-31-10-20-66-32-70|27-33-65-64-11-19-62-88-18-83-86-84-8-49-46-5-91-98-97-37-100-93-17-60-89|94-95-59-96-82-48-7-69-1-50-3-29-76-30-71-90-51-81-79-78-9-35-34-68-24-25-80-77-12|28-26-21-39-67-23-72-73-2-87-57-43-75-56-55-54-4-74-13-58
154,4,1293.4992,900.0203,269.0,922.5313,0,4,56.674353,56.769694,True,94-2-21-39-23-15-44-16-61-37-73-67-40-53|52-45-47-36-63-62-31-27-28-69-30-11-64-19-7-18-6-5-84-8-82-48-49-46-83-10-32-66-35-34-3-77-50-70|1-33-65-71-29-76-88-90-51-81-79-78-9-20-68-54-72-74-4-55-25-24-80-12-26|96-59-92-85-91-42-14-38-86-99-87-57-41-22-75-56-43-97-95-13-98-100-93-17-60-89-58
155,4,1293.4992,900.0203,269.0,922.5313,0,4,56.674353,56.769694,True,94-2-21-39-23-15-44-16-61-37-73-67-40-53|52-45-47-36-63-62-31-27-28-69-30-11-64-19-7-18-6-5-84-8-82-48-49-46-83-10-32-66-35-34-3-77-50-70|1-33-65-71-29-76-88-90-51-81-79-78-9-20-68-54-72-74-4-55-25-24-80-12-26|96-59-92-85-91-42-14-38-86-99-87-57-41-22-75-56-43-97-95-13-98-100-93-17-60-89-58
156,4,1297.5944,1195.0659,146.0,906.4876,0,4,64.939889,65.066008,True,63-36-47-45-92-42-15-14-38-44-16-61-85-99-40-22-41-53-6-52-10-20-66-32-70|27-33-65-64-11-19-62-88-18-5-86-84-8-49-46-91-98-97-37-100-93-17-60-89|94-95-59-96-83-82-48-7-31-69-1-50-3-29-71-76-30-90-51-81-79-78-9-35-34-68-24-25-80-77-12|28-26-21-39-67-23-72-73-2-87-57-43-75-56-55-54-4-74-13-58
157,4,1298.4946,1180.3195,96.0,899.0223,0,4,62.727924,62.845982,True,63-36-47-45-37-42-15-14-38-44-16-61-85-99-87-57-94-6-49-46-10-20-66-32-70|95-92-98-27-33-65-64-11-19-62-88-52-18-8-84-86-91-43-97-100-93-17-60-89|96-59-5-83-82-48-7-31-69-1-3-29-76-50-30-71-90-51-81-79-78-9-35-34-24-25-80-77|28-12-39-67-23-75-73-21-26-53-40-41-22-56-4-55-54-68-72-74-2-13-58
158,4,1298.4946,1180.3195,96.0,899.0223,0,4,62.727924,62.845982,True,63-36-47-45-37-42-15-14-38-44-16-61-85-99-87-57-94-6-49-46-10-20-66-32-70|95-92-98-27-33-65-64-11-19-62-88-52-18-8-84-86-91-43-97-100-93-17-60-89|96-59-5-83-82-48-7-31-69-1-3-29-76-50-30-71-90-51-81-79-78-9-35-34-24-25-80-77|28-12-39-67-23-75-73-21-26-53-40-41-22-56-4-55-54-68-72-74-2-13-58
159,4,1307.169,930.5804,168.0,935.0843,0,4,60.775305,60.871113,True,50-33-65-34-39-23-15-44-16-61-85-99-2-73-22-40-53|95-92-42-14-45-47-36-63-64-11-19-62-88-52-18-6-84-83-8-48-49-46-82-7-10-32-66-35-3-77-1-70-31|28-29-67-38-86-37-87-57-41-75-56-72-43-97-13-89-60-5-17-91-100-98-93-59-96-94|27-69-76-30-71-90-51-81-79-78-9-20-68-54-55-21-74-4-25-24-80-12-26-58
160,4,1307.169,930.5804,168.0,935.0843,0,4,60.775305,60.871113,True,50-33-65-34-39-23-15-44-16-61-85-99-2-73-22-40-53|95-92-42-14-45-47-36-63-64-11-19-62-88-52-18-6-84-83-8-48-49-46-82-7-10-32-66-35-3-77-1-70-31|28-29-67-38-86-37-87-57-41-75-56-72-43-97-13-89-60-5-17-91-100-98-93-59-96-94|27-69-76-30-71-90-51-81-79-78-9-20-68-54-55-21-74-4-25-24-80-12-26-58
161,4,1308.3405,907.851,187.0,933.5194,0,4,61.126739,61.221154,True,94-95-92-42-2-39-23-15-44-16-61-73-67-21-40-53|45-36-47-62-63-64-11-19-88-52-18-6-84-8-48-49-46-83-82-7-10-32-35-3-77-70-31|1-28-33-65-34-29-76-50-30-71-90-51-81-79-78-9-66-20-68-54-55-4-72-74-25-24-80-12-26-58|27-69-59-85-14-38-86-99-87-57-41-22-75-56-43-97-13-89-60-5-17-91-100-37-98-93-96
162,4,1308.3405,907.851,187.0,933.5194,0,4,61.126739,61.221154,True,94-95-92-42-2-39-23-15-44-16-61-73-67-21-40-53|45-36-47-62-63-64-11-19-88-52-18-6-84-8-48-49-46-83-82-7-10-32-35-3-77-70-31|1-28-33-65-34-29-76-50-30-71-90-51-81-79-78-9-66-20-68-54-55-4-72-74-25-24-80-12-26-58|27-69-59-85-14-38-86-99-87-57-41-22-75-56-43-97-13-89-60-5-17-91-100-37-98-93-96
163,4,1314.5529,1192.6086,44.0,920.9888,0,4,64.571296,64.694109,True,36-47-45-85-42-15-14-38-44-16-61-99-96-41-22-53-52-49-46-10-20-66-32-70|33-65-34-29-12-69-31-62-11-19-88-18-8-83-84-86-91-6-94-97-37-98-100-93-17-60-89|95-92-59-5-82-48-7-63-64-71-76-1-30-90-51-81-79-78-9-35-68-24-25-80-77-3-50|27-28-26-21-72-39-67-23-75-73-40-87-57-43-2-56-55-54-4-74-13-58
164,4,1314.5529,1192.6086,44.0,920.9888,0,4,64.571296,64.694109,True,36-47-45-85-42-15-14-38-44-16-61-99-96-41-22-53-52-49-46-10-20-66-32-70|33-65-34-29-12-69-31-62-11-19-88-18-8-83-84-86-91-6-94-97-37-98-100-93-17-60-89|95-92-59-5-82-48-7-63-64-71-76-1-30-90-51-81-79-78-9-35-68-24-25-80-77-3-50|27-28-26-21-72-39-67-23-75-73-40-87-57-43-2-56-55-54-4-74-13-58
165,4,1316.38,1176.2804,200.0,906.4876,0,4,63.538578,63.672915,True,63-36-47-45-92-42-15-14-38-44-16-61-85-99-40-22-41-53-6-10-20-66-35-32-70|27-33-65-64-11-19-62-88-52-18-86-84-8-49-46-97-37-98-91-100-93-17-60-89|94-95-59-96-5-83-82-48-7-31-69-1-3-29-76-50-30-71-90-51-81-79-78-9-34-68-24-54-25-80-77-12|28-26-39-67-23-72-21-73-2-87-57-43-75-56-55-4-74-13-58
166,4,1317.0128,1175.6476,188.0,906.4876,0,4,63.728417,63.861649,True,63-36-47-45-92-42-15-14-38-44-16-61-85-99-40-22-41-53-6-10-20-66-32-70|27-28-33-65-64-11-62-19-88-52-18-86-84-8-49-46-91-98-97-37-100-93-17-60-89|94-95-59-96-5-83-82-48-7-31-69-1-3-29-76-50-30-71-90-51-81-79-78-9-34-35-68-24-25-80-77-12|26-21-72-39-67-23-73-2-87-57-43-75-56-55-54-4-74-13-58
167,4,1321.0967,1171.5637,160.0,906.4876,0,4,64.95359,65.084635,True,63-36-47-45-92-42-15-14-38-44-16-61-85-99-41-22-53-49-46-10-20-66-32-70|98-59-27-33-65-64-11-19-62-88-52-18-8-84-86-91-6-97-37-100-93-17-60-89|94-95-96-5-83-82-48-7-31-69-1-3-29-76-50-30-71-90-51-81-79-78-9-35-34-68-24-25-80-77-12|28-26-39-67-23-75-72-73-21-40-2-87-57-43-56-4-55-54-74-13-58
168,4,1321.553,874.0745,230.0,933.5194,0,4,65.0905,65.188113,True,94-92-42-2-39-23-15-44-16-61-37-73-67-40-53|45-47-36-63-62-31-69-27-52-88-11-64-19-7-18-6-5-84-8-82-48-49-46-83-10-32-35-34-3-77-50-1-70|28-33-65-29-76-30-71-51-79-78-81-9-90-66-20-68-54-55-4-72-74-25-24-80-12-26-58|59-85-91-14-38-86-99-87-57-41-22-75-56-21-43-97-13-95-17-100-98-93-96-60-89
169,4,1321.553,874.0745,230.0,933.5194,0,4,65.0905,65.188113,True,94-92-42-2-39-23-15-44-16-61-37-73-67-40-53|45-47-36-63-62-31-69-27-52-88-11-64-19-7-18-6-5-84-8-82-48-49-46-83-10-32-35-34-3-77-50-1-70|28-33-65-29-76-30-71-51-79-78-81-9-90-66-20-68-54-55-4-72-74-25-24-80-12-26-58|59-85-91-14-38-86-99-87-57-41-22-75-56-21-43-97-13-95-17-100-98-93-96-60-89
170,4,1322.4377,1170.2226,96.0,906.4876,0,4,65.355914,65.48076,True,63-36-47-45-92-42-15-14-91-44-38-16-61-85-99-41-57-53-6-49-46-10-20-66-32-70|94-98-59-96-27-33-65-64-11-19-62-88-52-18-8-84-86-43-97-13-95-37-100-93-17-60-89|5-83-82-48-7-31-69-1-50-3-29-76-30-71-90-51-81-79-78-9-35-34-68-24-25-80-77-12|28-26-39-67-23-72-73-21-40-87-2-22-75-56-55-54-4-74-58
171,4,1323.4406,1169.2197,188.0,906.4876,0,4,65.656771,65.790967,True,63-36-47-45-92-42-15-14-38-44-16-61-85-99-40-22-41-53-6-10-20-66-32-70|27-28-33-65-64-11-62-19-88-52-18-86-84-8-49-46-91-98-97-37-100-93-17-60-89|94-95-59-96-5-83-82-48-7-31-69-1-3-29-76-50-30-71-90-51-81-79-78-9-34-35-68-24-25-80-77-12|26-21-72-39-67-23-73-87-57-43-2-75-56-55-54-4-74-13-58
172,4,1323.8996,1168.7608,158.0,906.4876,0,4,65.794461,65.925726,True,63-36-47-45-92-42-15-14-38-44-16-61-85-99-41-22-53-49-46-10-20-66-32-70|98-59-27-33-65-64-11-19-62-88-52-18-8-84-86-91-6-97-13-37-100-93-17-60-89|94-95-96-5-83-82-48-7-31-69-1-3-29-76-50-30-71-90-51-81-79-78-9-35-34-68-24-25-80-77-12|28-26-39-67-23-75-72-73-21-40-2-87-57-43-56-4-55-54-74-58
173,4,1324.8753,873.9151,228.0,933.5194,0,4,66.087172,66.185557,True,28-33-39-23-15-44-16-61-99-95-2-73-21-40-53-6|92-37-45-47-36-63-69-30-62-11-64-19-88-18-83-84-8-49-46-48-82-7-10-32-66-35-34-3-77-50-70-31-52|27-1-65-71-29-76-51-79-78-81-9-90-20-68-54-74-72-4-55-25-24-80-12-26-58|94-98-14-42-67-38-86-91-87-57-41-22-75-56-43-97-13-96-60-5-17-85-100-93-59-89
174,4,1324.8753,873.9151,228.0,933.5194,0,4,66.087172,66.185557,True,28-33-39-23-15-44-16-61-99-95-2-73-21-40-53-6|92-37-45-47-36-63-69-30-62-11-64-19-88-18-83-84-8-49-46-48-82-7-10-32-66-35-34-3-77-50-70-31-52|27-1-65-71-29-76-51-79-78-81-9-90-20-68-54-74-72-4-55-25-24-80-12-26-58|94-98-14-42-67-38-86-91-87-57-41-22-75-56-43-97-13-96-60-5-17-85-100-93-59-89
175,4,1325.6239,890.7804,203.0,941.9889,0,4,66.311772,66.411682,True,50-33-65-39-15-44-16-61-85-99-95-40-73-2-87-53|96-92-42-14-45-47-36-63-64-11-19-62-88-52-18-6-5-84-8-48-49-46-82-7-10-32-66-35-34-3-77-1-70-31|28-29-26-67-23-37-38-86-57-41-22-75-56-21-43-97-13-89-60-83-17-91-100-98-93-59-94-58|27-69-76-30-71-90-51-81-79-78-9-20-68-54-72-74-4-55-25-24-80-12
176,4,1325.6239,890.7804,203.0,941.9889,0,4,66.311772,66.411682,True,50-33-65-39-15-44-16-61-85-99-95-40-73-2-87-53|96-92-42-14-45-47-36-63-64-11-19-62-88-52-18-6-5-84-8-48-49-46-82-7-10-32-66-35-34-3-77-1-70-31|28-29-26-67-23-37-38-86-57-41-22-75-56-21-43-97-13-89-60-83-17-91-100-98-93-59-94-58|27-69-76-30-71-90-51-81-79-78-9-20-68-54-72-74-4-55-25-24-80-12
177,4,1326.4892,1166.1711,131.0,906.4876,0,4,66.571365,66.700318,True,52-7-36-47-45-14-42-2-23-15-38-44-16-61-85-99-96-6-8-49-46-10-20-66-32-70|95-92-98-59-27-33-65-64-11-19-62-88-18-84-86-91-97-13-37-100-93-17-60-89|94-5-83-82-48-63-31-69-1-3-29-76-50-30-71-90-51-81-79-78-9-35-34-68-24-25-80-77-12|28-26-39-67-75-72-73-21-40-53-87-57-22-41-43-56-4-55-54-74-58
178,4,1327.1214,1165.5389,234.0,906.4876,0,4,66.761016,66.900364,True,92-98-59-27-33-65-64-11-19-62-88-52-18-8-84-86-91-6-97-13-37-100-93-17-60-89|94-95-96-5-83-82-48-7-63-31-69-1-3-29-76-50-30-71-90-51-81-79-78-9-20-32-66-35-34-24-25-80-77-12|28-26-21-72-39-67-23-73-40-2-87-57-22-41-43-75-56-4-55-54-68-74-58|36-47-45-42-15-14-38-44-16-61-85-99-53-49-46-10-70
179,4,1328.0493,813.085,329.0,937.4629,0,4,67.03937,67.140275,True,94-63-45-92-42-15-14-38-44-16-61-86-85-99-84-6-95-97-43-74-2-13-60-5-17-91-100-37-98-93-59-96-89|52-48-47-28-69-39-67-23-72-73-21-40-53-87-57-41-22-75-56-4-55-54-68-24-25-80-77-12-26-58|83-36-27-50-33-65-71-29-76-3-79-78-81-9-51-90-49-46-10-20-66-35-34-32-70-1|11-64-19-62-31-30-88-7-82-8-18
180,4,1328.0493,813.085,329.0,937.4629,0,4,67.03937,67.140275,True,94-63-45-92-42-15-14-38-44-16-61-86-85-99-84-6-95-97-43-74-2-13-60-5-17-91-100-37-98-93-59-96-89|52-48-47-28-69-39-67-23-72-73-21-40-53-87-57-41-22-75-56-4-55-54-68-24-25-80-77-12-26-58|83-36-27-50-33-65-71-29-76-3-79-78-81-9-51-90-49-46-10-20-66-35-34-32-70-1|11-64-19-62-31-30-88-7-82-8-18
181,4,1329.0125,1163.6478,135.0,906.4876,0,4,67.328333,67.458065,True,94-59-92-14-42-23-15-38-44-16-61-86-41-22-53-6-52-31-10-20-66-32-70|27-28-33-65-62-19-64-11-88-7-18-99-5-84-8-82-48-49-46-85-91-98-97-13-37-100-93-17-60-89|95-96-83-45-47-36-63-69-1-3-29-76-50-30-71-90-51-81-79-78-9-35-34-24-25-80-77-12|26-21-72-39-67-73-40-2-87-57-43-75-56-55-54-68-4-74-58
182,4,1330.0581,861.3891,352.0,935.0843,0,4,67.64202,67.752716,True,95-92-42-85-45-47-36-63-64-11-19-62-88-52-18-86-84-83-8-49-46-48-82-7-31-10-32-66-35-34-3-77-1-70|28-12-69-37-14-38-44-99-40-6-87-57-41-22-75-56-43-97-13-89-60-5-17-91-100-98-93-59-96-94|27-33-65-29-76-50-30-71-90-51-81-79-78-9-20-68-54-72-74-4-55-25-24-80-26-58|21-39-23-15-16-61-2-73-67-53
183,4,1330.0581,861.3891,352.0,935.0843,0,4,67.64202,67.752716,True,95-92-42-85-45-47-36-63-64-11-19-62-88-52-18-86-84-83-8-49-46-48-82-7-31-10-32-66-35-34-3-77-1-70|28-12-69-37-14-38-44-99-40-6-87-57-41-22-75-56-43-97-13-89-60-5-17-91-100-98-93-59-96-94|27-33-65-29-76-50-30-71-90-51-81-79-78-9-20-68-54-72-74-4-55-25-24-80-26-58|21-39-23-15-16-61-2-73-67-53
184,4,1331.7733,1147.0407,130.0,899.0223,0,4,68.15658,68.283029,True,94-92-98-59-27-33-63-64-11-19-62-88-52-18-8-84-86-91-37-97-100-93-17-60-89|96-5-83-82-48-7-31-69-1-3-29-76-50-30-71-51-81-79-78-9-20-66-35-34-68-24-25-80-77|65-12-28-26-21-39-67-23-72-73-41-22-40-53-6-95-57-43-75-56-4-55-54-74-2-13-58|36-47-45-42-15-14-38-44-16-61-85-99-87-90-49-46-10-32-70
185,4,1331.7733,1147.0407,130.0,899.0223,0,4,68.15658,68.283029,True,94-92-98-59-27-33-63-64-11-19-62-88-52-18-8-84-86-91-37-97-100-93-17-60-89|96-5-83-82-48-7-31-69-1-3-29-76-50-30-71-51-81-79-78-9-20-66-35-34-68-24-25-80-77|65-12-28-26-21-39-67-23-72-73-41-22-40-53-6-95-57-43-75-56-4-55-54-74-2-13-58|36-47-45-42-15-14-38-44-16-61-85-99-87-90-49-46-10-32-70
186,4,1333.2276,1159.4327,52.0,906.4876,0,4,68.592868,68.714932,True,63-36-47-45-85-42-15-14-44-38-16-61-99-41-22-90-49-46-10-20-66-32-70|94-92-98-27-28-33-65-64-11-62-19-88-52-18-8-84-86-91-6-95-97-13-59-37-100-93-17-60-89|96-5-83-82-48-7-31-69-1-3-29-76-50-30-71-51-81-79-78-9-35-34-24-25-80-77-12|26-39-67-23-72-73-21-40-53-87-57-43-75-56-55-54-68-4-74-2-58
187,4,1333.2276,1159.4327,52.0,906.4876,0,4,68.592868,68.714932,True,63-36-47-45-85-42-15-14-44-38-16-61-99-41-22-90-49-46-10-20-66-32-70|94-92-98-27-28-33-65-64-11-62-19-88-52-18-8-84-86-91-6-95-97-13-59-37-100-93-17-60-89|96-5-83-82-48-7-31-69-1-3-29-76-50-30-71-51-81-79-78-9-35-34-24-25-80-77-12|26-39-67-23-72-73-21-40-53-87-57-43-75-56-55-54-68-4-74-2-58
188,4,1334.4518,1158.2085,103.0,906.4876,0,4,68.960125,69.087472,True,31-63-36-47-45-42-15-14-38-44-16-61-85-99-2-41-22-53-49-46-48-10-20-66-32-70|92-98-27-28-33-65-64-11-19-88-52-18-8-84-86-91-6-95-97-13-37-100-93-17-60-89|94-96-59-5-83-82-7-62-69-1-3-29-76-50-30-71-90-51-81-79-78-9-35-34-24-25-80-77-12|26-21-72-39-67-23-73-40-87-57-43-75-56-55-54-68-4-74-58
189,4,1334.9956,721.288,403.0,935.5173,0,4,69.123277,69.219604,True,26-28-27-69-31-62-11-64-19-48-7-88-83-99-85-98-59-95-87-2-21-72-75-56-55-54-4-74-13-96-17-100-37-93-60-89-58|94-92-42-14-45-47-36-63-30-71-76-3-79-78-81-9-51-90-49-46-82-10-20-32-66-35-68-24-25-80-77-1-70|50-33-65-34-29-12-15-44-16-61-5-18-52-53-40-22-41-57-43-91-97|39-67-23-73-38-86-84-8-6
190,4,1334.9956,721.288,403.0,935.5173,0,4,69.123277,69.219604,True,26-28-27-69-31-62-11-64-19-48-7-88-83-99-85-98-59-95-87-2-21-72-75-56-55-54-4-74-13-96-17-100-37-93-60-89-58|94-92-42-14-45-47-36-63-30-71-76-3-79-78-81-9-51-90-49-46-82-10-20-32-66-35-68-24-25-80-77-1-70|50-33-65-34-29-12-15-44-16-61-5-18-52-53-40-22-41-57-43-91-97|39-67-23-73-38-86-84-8-6
191,4,1335.2612,1157.3991,66.0,906.4876,0,4,69.202959,69.326728,True,63-36-47-45-85-42-15-14-44-38-16-61-99-41-22-90-49-46-10-20-66-32-70|94-92-98-27-28-33-65-64-11-62-19-88-52-18-8-84-86-91-6-95-97-13-37-100-93-17-60-89|96-59-5-83-82-48-7-31-69-1-3-29-76-50-30-71-51-81-79-78-9-35-34-24-25-80-77-12|26-39-67-23-72-73-21-40-53-87-57-43-75-56-55-54-68-4-74-2-58
192,4,1335.6569,1157.0034,53.0,906.4876,0,4,69.321661,69.44419,True,31-63-36-47-45-42-15-14-38-44-16-61-85-99-41-22-53-52-49-46-7-10-20-66-32-70|92-98-59-27-33-29-3-69-62-11-64-19-88-18-8-83-84-86-91-6-97-13-37-100-93-17-60-89|94-95-96-5-82-48-1-65-71-76-50-30-90-51-81-79-78-9-35-34-24-25-80-77-12|28-26-21-39-67-23-72-73-40-2-87-57-43-75-56-55-54-68-4-74-58
193,4,1337.2605,881.9268,156.0,933.5194,0,4,69.802729,69.898832,True,50-33-65-39-23-15-44-16-61-85-99-95-2-73-22-40-53|92-42-14-45-36-62-63-64-47-19-11-88-52-18-6-84-83-8-48-49-46-82-7-10-32-66-35-34-3-77-1-70-31|27-69-28-29-76-30-71-90-51-81-79-78-9-20-68-54-72-74-4-55-25-24-80-12-26-58|67-38-86-87-57-41-75-56-21-43-97-13-94-96-59-37-98-91-100-93-17-60-5-89
194,4,1337.2605,881.9268,156.0,933.5194,0,4,69.802729,69.898832,True,50-33-65-39-23-15-44-16-61-85-99-95-2-73-22-40-53|92-42-14-45-36-62-63-64-47-19-11-88-52-18-6-84-83-8-48-49-46-82-7-10-32-66-35-34-3-77-1-70-31|27-69-28-29-76-30-71-90-51-81-79-78-9-20-68-54-72-74-4-55-25-24-80-12-26-58|67-38-86-87-57-41-75-56-21-43-97-13-94-96-59-37-98-91-100-93-17-60-5-89
195,4,1338.5135,878.8887,150.0,925.0943,0,4,70.178631,70.272791,True,50-33-65-39-23-15-44-16-61-85-99-59-95-73-22-40-53|92-42-14-45-36-62-63-64-47-19-11-88-52-18-6-5-84-8-49-46-48-82-7-10-32-66-35-34-3-77-1-70-31|28-12-29-67-37-38-86-87-57-2-41-75-56-21-43-97-13-89-60-83-17-91-100-98-93-96-94|27-69-76-30-71-90-51-81-79-78-9-20-68-54-72-74-4-55-25-24-80-26-58
196,4,1338.5135,878.8887,150.0,925.0943,0,4,70.178631,70.272791,True,50-33-65-39-23-15-44-16-61-85-99-59-95-73-22-40-53|92-42-14-45-36-62-63-64-47-19-11-88-52-18-6-5-84-8-49-46-48-82-7-10-32-66-35-34-3-77-1-70-31|28-12-29-67-37-38-86-87-57-2-41-75-56-21-43-97-13-89-60-83-17-91-100-98-93-96-94|27-69-76-30-71-90-51-81-79-78-9-20-68-54-72-74-4-55-25-24-80-26-58
197,4,1342.1467,849.3736,194.0,933.5194,0,4,71.268611,71.365096,True,94-92-42-2-39-23-15-44-16-61-37-73-67-40-53|45-47-36-63-62-31-69-27-52-88-11-64-19-7-18-6-84-8-82-48-49-46-83-10-32-35-34-3-77-50-70|1-28-33-65-29-76-30-71-90-51-81-79-78-9-66-20-68-54-55-4-72-74-25-24-80-12-26-58|59-85-91-14-38-86-99-87-57-41-22-75-56-21-43-97-95-13-89-60-5-17-100-98-93-96
198,4,1342.1467,849.3736,194.0,933.5194,0,4,71.268611,71.365096,True,94-92-42-2-39-23-15-44-16-61-37-73-67-40-53|45-47-36-63-62-31-69-27-52-88-11-64-19-7-18-6-84-8-82-48-49-46-83-10-32-35-34-3-77-50-70|1-28-33-65-29-76-30-71-90-51-81-79-78-9-66-20-68-54-55-4-72-74-25-24-80-12-26-58|59-85-91-14-38-86-99-87-57-41-22-75-56-21-43-97-95-13-89-60-5-17-100-98-93-96
199,4,1343.8409,1134.9731,115.0,899.0223,0,4,71.776863,71.903622,True,52-36-47-45-14-42-15-91-44-38-16-85-99-41-22-86-84-49-46-10-20-66-32-70|27-33-65-64-11-19-62-88-5-61-83-8-18-6-97-13-37-98-100-93-17-60-89|94-95-92-59-96-82-48-7-63-31-69-1-3-29-76-50-30-71-90-51-81-79-78-9-35-34-24-25-80-77|28-26-72-39-67-23-73-21-40-53-87-57-43-75-56-4-55-54-68-12-74-2-58
200,4,1343.8409,1134.9731,115.0,899.0223,0,4,71.776863,71.903622,True,52-36-47-45-14-42-15-91-44-38-16-85-99-41-22-86-84-49-46-10-20-66-32-70|27-33-65-64-11-19-62-88-5-61-83-8-18-6-97-13-37-98-100-93-17-60-89|94-95-92-59-96-82-48-7-63-31-69-1-3-29-76-50-30-71-90-51-81-79-78-9-35-34-24-25-80-77|28-26-72-39-67-23-73-21-40-53-87-57-43-75-56-4-55-54-68-12-74-2-58
201,4,1345.0955,874.3242,247.0,927.1118,0,4,72.153248,72.2587,True,50-33-65-39-23-15-44-38-16-61-73-22-40-53|42-14-92-45-36-62-63-64-47-19-11-88-52-18-99-86-84-8-48-49-46-82-7-10-32-66-35-34-3-77-1-70-31|28-12-29-67-41-57-87-2-95-94-6-59-85-98-37-97-43-56-75-21-13-89-60-83-17-5-91-100-93-96|27-69-76-30-71-90-51-81-79-78-9-20-68-54-72-74-4-55-25-24-80-26-58
202,4,1347.6171,818.9057,216.0,933.5194,0,4,72.909708,73.005465,True,27-28-33-39-23-15-44-16-61-99-59-73-40-53|83-45-47-36-63-62-31-69-52-88-11-64-19-7-18-6-84-8-82-48-49-46-10-32-66-35-34-3-77-50-70|1-65-29-76-30-71-90-51-81-79-78-9-20-68-54-74-72-4-55-25-24-80-12-26-58|94-92-85-91-14-42-67-38-86-87-2-57-41-22-75-56-21-43-97-95-13-89-60-5-17-100-37-98-93-96
203,4,1347.6171,818.9057,216.0,933.5194,0,4,72.909708,73.005465,True,27-28-33-39-23-15-44-16-61-99-59-73-40-53|83-45-47-36-63-62-31-69-52-88-11-64-19-7-18-6-84-8-82-48-49-46-10-32-66-35-34-3-77-50-70|1-65-29-76-30-71-90-51-81-79-78-9-20-68-54-74-72-4-55-25-24-80-12-26-58|94-92-85-91-14-42-67-38-86-87-2-57-41-22-75-56-21-43-97-95-13-89-60-5-17-100-37-98-93-96
204,4,1348.8324,915.8129,141.0,935.0843,0,4,73.274319,73.377711,True,50-33-65-34-39-23-15-85-61-16-86-99-87-2-53|92-42-14-45-36-62-63-64-47-19-11-88-52-18-6-84-83-8-48-49-46-82-7-10-32-66-35-3-77-1-70-31|28-29-95-37-44-38-73-67-40-57-41-22-75-56-21-43-97-13-89-60-5-17-91-100-98-93-59-96-94|27-69-76-30-71-51-79-78-81-9-90-20-68-54-72-74-4-55-25-24-80-12-26-58
205,4,1348.8324,915.8129,141.0,935.0843,0,4,73.274319,73.377711,True,50-33-65-34-39-23-15-85-61-16-86-99-87-2-53|92-42-14-45-36-62-63-64-47-19-11-88-52-18-6-84-83-8-48-49-46-82-7-10-32-66-35-3-77-1-70-31|28-29-95-37-44-38-73-67-40-57-41-22-75-56-21-43-97-13-89-60-5-17-91-100-98-93-59-96-94|27-69-76-30-71-51-79-78-81-9-90-20-68-54-72-74-4-55-25-24-80-12-26-58
206,4,1351.5669,814.0032,202.0,933.5194,0,4,74.094652,74.189459,True,33-65-1-27-39-23-15-44-16-61-99-59-73-40-53|83-45-47-36-63-62-31-69-52-88-11-64-19-7-18-6-84-8-82-48-49-46-10-32-66-35-34-3-77-50-70|28-29-76-30-71-51-79-78-81-9-90-20-68-54-74-72-4-55-25-24-80-12-26-58|94-92-85-91-14-42-67-38-86-87-2-57-41-22-75-56-21-43-97-95-13-89-60-5-17-100-37-98-93-96
207,4,1351.5669,814.0032,202.0,933.5194,0,4,74.094652,74.189459,True,33-65-1-27-39-23-15-44-16-61-99-59-73-40-53|83-45-47-36-63-62-31-69-52-88-11-64-19-7-18-6-84-8-82-48-49-46-10-32-66-35-34-3-77-50-70|28-29-76-30-71-51-79-78-81-9-90-20-68-54-74-72-4-55-25-24-80-12-26-58|94-92-85-91-14-42-67-38-86-87-2-57-41-22-75-56-21-43-97-95-13-89-60-5-17-100-37-98-93-96
208,4,1351.7577,1127.0563,104.0,899.0223,0,4,74.151904,74.278751,True,63-36-47-45-92-42-14-23-15-38-44-16-61-85-99-41-22-53-49-46-10-20-66-32-70|28-33-65-64-11-19-62-88-52-18-8-84-86-91-98-97-95-59-37-100-93-17-60-89|94-96-5-83-82-48-7-31-69-1-3-29-76-50-30-71-90-51-81-79-78-9-35-34-68-24-25-80-77|27-26-12-39-67-75-73-21-40-6-87-57-43-56-4-55-54-72-74-2-13-58
209,4,1351.7577,1127.0563,104.0,899.0223,0,4,74.151904,74.278751,True,63-36-47-45-92-42-14-23-15-38-44-16-61-85-99-41-22-53-49-46-10-20-66-32-70|28-33-65-64-11-19-62-88-52-18-8-84-86-91-98-97-95-59-37-100-93-17-60-89|94-96-5-83-82-48-7-31-69-1-3-29-76-50-30-71-90-51-81-79-78-9-35-34-68-24-25-80-77|27-26-12-39-67-75-73-21-40-6-87-57-43-56-4-55-54-72-74-2-13-58
210,4,1351.7977,1141.1988,87.0,906.8238,0,4,74.163891,74.292341,True,36-47-45-92-42-15-14-38-44-16-61-85-40-53-52-8-49-46-10-20-66-32-70|98-59-27-50-33-65-29-71-64-19-88-18-99-86-84-6-94-97-37-43-91-100-93-17-60-89|95-96-5-83-82-48-7-63-11-62-69-76-1-31-30-90-51-81-79-78-9-35-34-68-24-25-80-3-77|28-26-21-72-39-67-23-12-73-2-87-57-41-22-75-56-55-54-4-74-13-58
211,4,1351.7977,1141.1988,87.0,906.8238,0,4,74.163891,74.292341,True,36-47-45-92-42-15-14-38-44-16-61-85-40-53-52-8-49-46-10-20-66-32-70|98-59-27-50-33-65-29-71-64-19-88-18-99-86-84-6-94-97-37-43-91-100-93-17-60-89|95-96-5-83-82-48-7-63-11-62-69-76-1-31-30-90-51-81-79-78-9-35-34-68-24-25-80-3-77|28-26-21-72-39-67-23-12-73-2-87-57-41-22-75-56-55-54-4-74-13-58
212,4,1357.3897,1147.4694,102.0,906.4876,0,4,75.841502,75.974021,True,52-7-47-14-42-15-91-44-38-16-85-99-41-22-86-84-49-46-82-10-20-66-32-70-1|28-33-65-64-11-19-62-88-5-61-83-8-18-6-96-97-13-37-98-100-93-17-60-89|94-95-92-59-45-48-36-63-31-69-3-29-76-50-30-71-90-51-81-79-78-9-35-34-24-25-80-77-12|27-26-39-67-23-72-73-21-40-53-87-2-57-43-75-56-55-54-68-4-74-58
213,4,1357.3897,1147.4694,102.0,906.4876,0,4,75.841502,75.974021,True,52-7-47-14-42-15-91-44-38-16-85-99-41-22-86-84-49-46-82-10-20-66-32-70-1|28-33-65-64-11-19-62-88-5-61-83-8-18-6-96-97-13-37-98-100-93-17-60-89|94-95-92-59-45-48-36-63-31-69-3-29-76-50-30-71-90-51-81-79-78-9-35-34-24-25-80-77-12|27-26-39-67-23-72-73-21-40-53-87-2-57-43-75-56-55-54-68-4-74-58
214,4,1363.1775,796.7456,146.0,952.4471,0,4,77.577831,77.670771,True,50-33-65-34-39-23-15-16-61-85-99-95-2-73-40-53|92-42-14-45-36-62-63-64-47-19-11-88-52-18-6-84-83-8-48-49-46-82-7-10-20-32-66-35-1-70-31|28-37-44-67-38-86-87-57-41-22-75-56-21-43-97-13-89-60-5-17-91-100-98-93-59-96-94|27-69-29-76-30-71-90-51-81-79-78-9-3-68-54-72-74-4-55-25-24-80-77-12-26-58
215,4,1363.1775,796.7456,146.0,952.4471,0,4,77.577831,77.670771,True,50-33-65-34-39-23-15-16-61-85-99-95-2-73-40-53|92-42-14-45-36-62-63-64-47-19-11-88-52-18-6-84-83-8-48-49-46-82-7-10-20-32-66-35-1-70-31|28-37-44-67-38-86-87-57-41-22-75-56-21-43-97-13-89-60-5-17-91-100-98-93-59-96-94|27-69-29-76-30-71-90-51-81-79-78-9-3-68-54-72-74-4-55-25-24-80-77-12-26-58
216,4,1364.0851,717.8297,402.0,992.4065,0,4,77.850121,77.96309,True,26-28-27-69-31-62-11-64-19-48-7-88-83-99-59-85-98-87-57-2-21-72-75-56-55-54-4-74-13-96-17-100-37-93-60-89-58-25-80|94-92-42-14-45-47-36-63-30-71-76-3-79-78-81-9-51-90-49-46-82-10-20-32-66-35-68-24-77-1-70|50-33-65-34-29-12-15-44-91-16-61-5-18-52-53-40-22-41-43-97-95|39-67-23-73-38-86-84-8-6
217,4,1364.0851,717.8297,402.0,992.4065,0,4,77.850121,77.96309,True,26-28-27-69-31-62-11-64-19-48-7-88-83-99-59-85-98-87-57-2-21-72-75-56-55-54-4-74-13-96-17-100-37-93-60-89-58-25-80|94-92-42-14-45-47-36-63-30-71-76-3-79-78-81-9-51-90-49-46-82-10-20-32-66-35-68-24-77-1-70|50-33-65-34-29-12-15-44-91-16-61-5-18-52-53-40-22-41-43-97-95|39-67-23-73-38-86-84-8-6
218,4,1364.9147,705.1197,419.0,935.5173,0,4,78.098992,78.203469,True,26-12-28-27-69-31-62-11-64-19-48-82-7-88-18-83-99-86-8-84-5-85-98-37-59-2-72-56-55-54-4-74-13-100-93-17-60-89-58|94-92-42-14-45-47-36-63-30-71-76-3-79-78-81-9-51-90-49-46-10-20-32-66-35-68-24-25-80-77-1-70|50-33-65-34-29-21-15-44-16-61-96-53-40-22-41-57-43-91-97|39-67-23-75-73-38-87-95-6-52
219,4,1364.9147,705.1197,419.0,935.5173,0,4,78.098992,78.203469,True,26-12-28-27-69-31-62-11-64-19-48-82-7-88-18-83-99-86-8-84-5-85-98-37-59-2-72-56-55-54-4-74-13-100-93-17-60-89-58|94-92-42-14-45-47-36-63-30-71-76-3-79-78-81-9-51-90-49-46-10-20-32-66-35-68-24-25-80-77-1-70|50-33-65-34-29-21-15-44-16-61-96-53-40-22-41-57-43-91-97|39-67-23-75-73-38-87-95-6-52
220,4,1367.588,1125.0723,252.0,906.4876,0,4,78.900994,79.048212,True,63-36-47-45-92-42-15-14-38-44-16-61-85-99-40-22-41-53-6-52-10-20-66-32-70|39-26-27-33-65-64-11-19-62-88-18-86-84-8-49-46-91-98-97-37-100-93-17-60-89|94-95-59-96-5-83-82-48-7-31-69-1-28-29-3-76-50-30-71-90-51-81-79-78-9-35-34-68-24-25-80-77-12|21-67-23-73-87-57-43-75-56-4-55-54-72-74-2-13-58
221,4,1367.629,1125.0313,150.0,906.4876,0,4,78.913303,79.050327,True,63-36-45-14-42-23-15-38-44-16-61-85-99-40-22-53-49-46-48-10-20-66-32-70|27-33-65-64-11-19-62-88-52-18-8-84-86-91-6-97-13-37-98-100-93-17-60-89|94-95-92-59-96-5-83-82-47-7-31-69-1-3-29-76-50-30-71-90-51-81-79-78-9-35-34-24-25-80-77-12|28-26-21-72-39-67-73-41-2-87-57-43-75-56-55-54-68-4-74-58
222,4,1368.2766,1122.6974,114.0,937.9621,0,4,79.107557,79.245546,True,27-50-33-65-1-69-62-11-64-19-88-99-87-86-84-49-46-17-93-5-60-89|83-45-82-48-7-52-31-30-29-76-71-90-51-81-79-78-9-20-10-32-66-35-34-24-4-25-80-77-3-70|28-63-36-47-38-44-16-61-8-18-21-75-41-57-2-43-56-74-55-54-68-12-26|96-59-92-98-85-91-14-42-15-39-67-23-72-73-22-40-53-6-94-95-97-37-100-13-58
223,4,1369.0432,1123.6171,118.0,906.4876,0,4,79.33756,79.471596,True,63-36-47-45-92-42-14-23-15-38-44-16-61-85-99-41-22-53-49-46-48-10-20-66-32-70|94-59-27-33-65-64-11-19-62-88-52-18-8-84-86-91-6-97-37-98-100-93-17-60-89|95-96-5-83-82-7-31-69-1-3-29-76-50-30-71-90-51-81-79-78-9-35-34-68-24-25-80-77-12|28-26-39-67-75-72-73-21-40-87-57-43-56-4-55-54-74-2-13-58
224,4,1369.0853,1123.575,161.0,906.4876,0,4,79.350195,79.488538,True,63-36-47-45-85-42-14-23-15-38-44-16-61-99-41-22-53-49-46-10-20-66-32-70|27-28-33-65-64-11-62-19-88-52-18-8-84-86-91-6-97-13-37-98-100-93-17-60-89|94-95-92-59-96-5-83-82-48-7-31-69-1-3-29-76-50-30-71-90-51-81-79-78-9-35-34-24-25-80-77-12|26-21-39-67-72-73-40-2-87-57-43-75-56-55-54-68-4-74-58
225,4,1369.3372,1123.3231,220.0,906.4876,0,4,79.425755,79.570036,True,36-47-45-92-42-15-14-44-38-16-61-85-99-41-22-53-6-49-46-10-20-66-32-70|27-33-63-64-11-19-62-88-52-18-8-84-86-91-98-97-37-100-93-17-60-89|94-95-59-96-5-83-82-48-7-31-69-1-3-76-50-30-71-90-51-81-79-78-9-35-34-68-24-25-80-77-12|39-28-65-29-26-21-23-67-72-73-40-2-87-57-43-75-56-55-54-4-74-13-58
226,4,1369.8201,1122.8403,151.0,906.4876,0,4,79.570611,79.708064,True,36-47-45-92-42-14-23-15-38-44-16-61-85-99-41-22-53-49-46-10-20-66-32-70|98-59-33-65-63-64-11-19-62-88-52-18-8-84-86-91-6-95-97-13-37-100-93-17-60-89|94-96-5-83-82-48-7-31-69-1-3-29-76-50-30-71-90-51-81-79-78-9-35-34-68-24-25-80-77-12|27-28-26-39-67-75-72-73-21-40-2-87-57-43-56-55-54-4-74-58
227,4,1375.6742,1116.9861,139.0,906.4876,0,4,81.326861,81.463992,True,63-36-92-14-42-23-15-38-44-16-61-85-99-59-41-22-53-49-46-10-20-66-32-70|27-28-33-65-64-11-62-19-88-52-18-8-84-86-91-6-95-97-37-98-100-93-17-60-89|94-96-5-83-45-82-47-48-7-31-69-1-50-3-29-76-30-71-90-51-81-79-78-9-35-34-24-25-80-77-12|26-21-72-39-67-75-73-40-2-87-57-43-56-55-68-54-4-74-13-58
228,4,1377.3196,799.9543,415.0,924.6541,0,4,81.820457,81.940852,True,26-12-3-1-69-31-62-11-64-19-48-82-7-88-52-18-8-83-5-86-6-94-95-59-85-91-98-37-2-75-56-55-54-4-74-21-13-93-17-60-89|42-14-45-47-36-63-34-29-76-50-30-71-78-79-81-9-51-90-49-46-10-20-32-66-35-68-24-25-80-77-70|28-27-92-15-38-44-16-61-99-96-40-87-84-97-43-100-58|33-65-39-67-23-72-73-22-41-57-53
229,4,1377.3196,799.9543,415.0,924.6541,0,4,81.820457,81.940852,True,26-12-3-1-69-31-62-11-64-19-48-82-7-88-52-18-8-83-5-86-6-94-95-59-85-91-98-37-2-75-56-55-54-4-74-21-13-93-17-60-89|42-14-45-47-36-63-34-29-76-50-30-71-78-79-81-9-51-90-49-46-10-20-32-66-35-68-24-25-80-77-70|28-27-92-15-38-44-16-61-99-96-40-87-84-97-43-100-58|33-65-39-67-23-72-73-22-41-57-53
230,4,1377.6818,1115.7532,198.0,907.2623,0,4,81.929143,82.072708,True,63-36-47-45-92-42-15-14-38-44-16-61-85-99-40-22-41-53-6-46-52-10-20-66-32-70|27-33-65-11-64-19-62-88-18-86-84-8-49-91-98-97-37-100-93-17-60-89|94-95-59-96-5-83-82-48-7-31-69-1-3-29-76-50-30-71-90-51-81-79-78-9-35-68-24-34-25-80-77-12|28-26-21-39-67-23-72-73-2-87-57-43-75-56-55-54-4-74-13-58
231,4,1377.8668,1114.7936,178.0,906.4876,0,4,81.984619,82.125979,True,63-36-47-45-42-14-23-15-38-44-16-61-85-99-41-22-53-52-49-46-10-20-66-32-70|59-96-27-33-65-64-11-19-62-88-18-8-84-86-91-6-97-13-37-98-100-93-17-60-89|94-95-92-5-83-82-48-7-31-69-1-50-3-29-76-30-71-90-51-81-79-78-9-35-34-68-24-25-80-77-12|28-26-39-67-75-72-73-21-40-2-87-57-43-56-55-54-4-74-58
232,4,1378.4991,1114.1612,169.0,906.4876,0,4,82.174329,82.314883,True,63-36-47-45-92-42-14-23-15-38-44-16-61-85-99-41-22-53-49-46-10-20-66-32-70|27-28-33-65-64-11-62-19-88-52-18-8-84-86-91-6-97-13-37-100-93-17-60-89|94-95-59-96-98-5-83-82-48-7-31-69-1-3-29-76-50-30-71-90-51-81-79-78-9-35-34-24-25-80-77-12|26-21-72-39-67-73-40-2-87-57-43-75-56-55-54-68-4-74-58
233,4,1378.9031,1113.7572,151.0,906.4876,0,4,82.295518,82.434334,True,63-36-47-45-92-42-14-23-15-38-44-16-61-85-99-41-22-53-49-46-48-10-20-66-32-70|98-59-27-33-65-64-11-19-62-88-52-18-8-84-86-91-6-97-13-37-100-93-17-60-89|94-95-96-5-83-82-7-31-69-1-3-29-76-50-30-71-90-51-81-79-78-9-35-34-68-24-25-80-77-12|28-26-39-67-75-72-73-21-40-2-87-57-43-56-4-55-54-74-58
234,4,1379.1849,847.4023,195.0,933.5194,0,4,82.38006,82.487462,True,50-33-65-39-15-16-61-85-99-59-2-73-22-40-53|92-42-14-45-36-62-63-64-47-19-11-88-52-18-6-84-83-8-48-49-46-82-7-10-32-66-35-34-3-77-1-70-31|28-95-37-44-67-23-38-86-87-57-41-75-56-21-43-97-13-89-60-5-17-91-100-98-93-96-94|27-69-29-76-30-71-90-51-81-79-78-9-20-68-54-72-74-4-55-25-24-80-12-26-58
235,4,1380.1245,1112.5358,160.0,906.4876,0,4,82.661934,82.801832,True,63-36-47-45-92-42-14-23-15-38-44-16-61-85-99-41-22-53-49-46-10-20-66-32-70|94-59-27-33-65-64-11-19-62-88-52-18-8-84-86-91-6-97-13-37-98-100-93-17-60-89|95-96-5-83-82-48-7-31-69-1-3-29-76-50-30-71-90-51-81-79-78-9-35-34-68-24-25-80-77-12|28-26-39-67-75-72-73-21-40-2-87-57-43-56-4-55-54-74-58
236,4,1380.3942,1112.2661,187.0,906.4876,0,4,82.742859,82.885498,True,63-36-47-45-92-42-14-23-15-38-44-16-61-85-99-41-22-53-49-46-10-20-66-32-70|59-27-33-65-64-11-19-62-88-52-18-8-84-86-91-6-97-13-37-98-100-93-17-60-89|94-95-96-5-83-82-48-7-31-69-1-3-29-76-50-30-71-90-51-81-79-78-9-35-34-68-24-25-80-77-12|28-26-39-67-75-72-73-21-40-2-87-57-43-56-4-55-54-74-58
237,4,1381.2281,671.088,304.0,952.1372,0,4,82.993022,83.088281,True,27-69-31-62-11-64-19-48-7-88-83-99-85-98-59-95-87-53-2-57-75-56-55-54-4-74-13-96-17-100-37-93-60-89-58|94-92-42-14-45-47-36-63-30-71-76-3-79-78-81-9-51-90-49-46-82-10-20-32-66-35-68-24-25-80-77-1-70-52|50-33-65-34-29-12-21-15-44-16-61-5-18-40-22-41-84-91-43-97|28-26-39-67-23-72-73-38-86-8-6
238,4,1381.2281,671.088,304.0,952.1372,0,4,82.993022,83.088281,True,27-69-31-62-11-64-19-48-7-88-83-99-85-98-59-95-87-53-2-57-75-56-55-54-4-74-13-96-17-100-37-93-60-89-58|94-92-42-14-45-47-36-63-30-71-76-3-79-78-81-9-51-90-49-46-82-10-20-32-66-35-68-24-25-80-77-1-70-52|50-33-65-34-29-12-21-15-44-16-61-5-18-40-22-41-84-91-43-97|28-26-39-67-23-72-73-38-86-8-6
239,4,1381.9084,819.2084,201.0,935.0843,0,4,83.197126,83.30195,True,50-33-65-39-23-15-16-61-85-99-95-2-73-40-53|92-42-14-45-36-62-63-64-47-19-11-88-52-18-6-84-83-8-48-49-46-82-7-10-20-32-66-35-34-3-77-1-70-31|28-12-37-44-67-38-86-87-57-41-22-75-56-21-43-97-13-89-60-5-17-91-100-98-93-59-96-94|27-69-29-76-30-71-90-51-81-79-9-78-68-54-72-74-4-55-25-24-80-26-58
240,4,1382.5528,1110.1075,137.0,906.4876,0,4,83.390438,83.528401,True,63-36-47-45-92-42-14-23-15-38-44-16-61-85-99-41-22-53-49-46-10-20-66-32-70|94-98-59-27-33-65-64-11-19-62-88-52-18-8-84-86-91-6-97-37-100-93-17-60-89|95-96-5-83-82-48-7-31-69-1-50-3-29-76-30-71-90-51-81-79-78-9-35-34-68-24-25-80-77-12|28-26-39-67-75-72-73-21-40-2-87-57-43-56-4-55-54-74-13-58
241,4,1382.5528,1110.1075,137.0,906.4876,0,4,83.390438,83.528401,True,63-36-47-45-92-42-14-23-15-38-44-16-61-85-99-41-22-53-49-46-10-20-66-32-70|94-98-59-27-33-65-64-11-19-62-88-52-18-8-84-86-91-6-97-37-100-93-17-60-89|95-96-5-83-82-48-7-31-69-1-50-3-29-76-30-71-90-51-81-79-78-9-35-34-68-24-25-80-77-12|28-26-39-67-75-72-73-21-40-2-87-57-43-56-4-55-54-74-13-58
242,4,1383.319,788.9551,293.0,937.9621,0,4,83.620296,83.730637,True,37-14-85-98-27-33-65-50-1-69-62-11-64-19-88-18-8-84-86-49-46-59-97-43-100-93-17-60-89|94-95-42-92-96-5-83-45-82-48-7-52-29-76-30-71-90-51-81-79-78-9-20-10-32-66-35-34-24-4-25-80-77-3-70|28-31-63-36-47-61-91-44-38-16-99-6-87-57-2-21-56-74-55-54-68-12-26-13-58|15-39-67-23-75-72-73-41-22-40-53
243,4,1383.319,788.9551,293.0,937.9621,0,4,83.620296,83.730637,True,37-14-85-98-27-33-65-50-1-69-62-11-64-19-88-18-8-84-86-49-46-59-97-43-100-93-17-60-89|94-95-42-92-96-5-83-45-82-48-7-52-29-76-30-71-90-51-81-79-78-9-20-10-32-66-35-34-24-4-25-80-77-3-70|28-31-63-36-47-61-91-44-38-16-99-6-87-57-2-21-56-74-55-54-68-12-26-13-58|15-39-67-23-75-72-73-41-22-40-53
244,4,1383.3823,1109.6568,148.0,899.2522,0,4,83.639283,83.777442,True,63-36-47-45-92-42-14-23-15-38-44-16-61-85-99-41-22-53-49-46-10-20-66-32-70|94-59-27-33-65-64-11-19-62-88-52-18-8-84-86-91-6-97-13-37-98-100-93-17-60-89|95-96-5-83-82-48-7-31-69-1-3-29-76-50-30-71-90-51-81-79-78-9-34-35-24-68-80-77-12|28-26-39-67-75-72-73-21-40-2-87-57-43-56-74-54-55-4-25-58
245,4,1383.3823,1109.6568,148.0,899.2522,0,4,83.639283,83.777442,True,63-36-47-45-92-42-14-23-15-38-44-16-61-85-99-41-22-53-49-46-10-20-66-32-70|94-59-27-33-65-64-11-19-62-88-52-18-8-84-86-91-6-97-13-37-98-100-93-17-60-89|95-96-5-83-82-48-7-31-69-1-3-29-76-50-30-71-90-51-81-79-78-9-34-35-24-68-80-77-12|28-26-39-67-75-72-73-21-40-2-87-57-43-56-74-54-55-4-25-58
246,4,1383.5297,1109.1307,174.0,906.4876,0,4,83.68349,83.8253,True,63-36-47-45-92-42-14-23-15-38-44-16-61-85-59-99-96-95-87-53-52-49-46-10-20-66-32-70|27-28-33-65-64-11-62-88-19-82-8-18-86-84-57-75-43-97-37-98-91-100-93-17-60-89|5-83-48-7-31-69-1-3-29-76-50-30-71-90-51-81-79-78-9-35-34-68-24-25-80-77-12|26-39-67-72-73-21-40-6-94-2-41-22-56-55-54-4-74-13-58
247,4,1384.3268,816.79,201.0,935.0843,0,4,83.922632,84.027819,True,50-33-65-39-23-15-16-61-85-99-95-2-73-40-53|92-42-14-45-36-62-63-64-47-19-11-88-52-18-6-84-83-8-49-46-48-82-7-10-20-32-66-35-34-3-77-1-70-31|28-12-37-44-67-38-86-87-57-41-22-75-56-21-43-97-13-89-60-5-17-91-100-98-93-59-96-94|27-69-29-76-30-71-90-51-81-79-9-78-68-54-72-74-4-55-25-24-80-26-58
248,4,1384.3767,1108.2837,187.0,906.4876,0,4,83.937589,84.080826,True,63-36-47-45-92-42-14-23-15-38-44-16-61-85-99-41-22-53-49-46-10-20-66-32-70|98-59-27-33-65-64-11-19-62-88-52-18-8-84-86-91-6-97-13-37-100-93-17-60-89|94-95-96-5-83-82-48-7-31-69-1-3-29-76-50-30-71-90-51-81-79-78-9-35-34-68-24-25-80-77-12|28-26-39-67-72-73-40-2-87-57-43-75-56-4-55-54-74-21-58
249,4,1385.1617,768.5421,373.0,935.5173,0,4,84.173091,84.288557,True,26-12-28-27-69-31-62-11-64-19-48-7-88-52-18-99-85-98-59-95-2-21-72-75-56-4-55-54-74-13-96-37-100-93-60-89-58|94-42-92-45-47-36-63-30-71-76-3-79-78-81-9-51-90-49-46-82-10-20-32-66-35-68-24-25-80-77-1-70|50-33-65-34-29-15-44-16-61-5-40-53-87-57-22-41-43-97-91-17|14-39-67-23-73-38-86-84-8-83-6
250,4,1385.1617,768.5421,373.0,935.5173,0,4,84.173091,84.288557,True,26-12-28-27-69-31-62-11-64-19-48-7-88-52-18-99-85-98-59-95-2-21-72-75-56-4-55-54-74-13-96-37-100-93-60-89-58|94-42-92-45-47-36-63-30-71-76-3-79-78-81-9-51-90-49-46-82-10-20-32-66-35-68-24-25-80-77-1-70|50-33-65-34-29-15-44-16-61-5-40-53-87-57-22-41-43-97-91-17|14-39-67-23-73-38-86-84-8-83-6
251,4,1385.2196,764.4412,400.0,942.0176,0,4,84.190473,84.309015,True,27-3-33-50-69-31-62-11-64-19-48-82-7-88-18-5-99-87-37-98-85-6-95-21-72-56-55-54-4-74-2-59-17-100-93-60-89-58-26-12|94-92-42-14-45-47-36-63-30-76-34-71-51-79-78-81-9-90-49-10-20-32-66-35-68-24-25-80-77-70|1-65-29-15-38-44-16-61-96-53-40-22-41-57-43-97-13|28-39-67-23-75-73-91-86-84-83-8-46-52
252,4,1385.3322,1107.3281,147.0,906.4876,0,4,84.224256,84.363636,True,63-36-47-45-92-42-14-23-15-38-44-16-85-99-41-22-53-6-49-46-10-20-66-32-70|27-33-65-64-11-19-62-88-52-61-18-8-84-86-91-98-37-97-13-100-93-17-60-89|94-95-59-96-5-83-82-48-7-31-69-1-3-29-76-50-30-71-90-51-81-79-78-9-35-34-24-25-80-77-12|28-26-21-72-39-67-73-40-2-87-57-43-75-56-55-54-68-4-74-58
253,4,1385.6927,1106.9676,187.0,906.4876,0,4,84.332396,84.47583,True,63-36-47-45-92-42-14-23-15-38-44-16-61-85-99-41-22-53-49-46-10-20-66-32-70|98-59-27-33-65-64-11-19-62-88-52-18-8-84-86-91-6-97-13-37-100-93-17-60-89|94-95-96-5-83-82-48-7-31-69-1-50-3-29-76-30-71-90-51-81-79-78-9-35-34-68-24-25-80-77-12|28-26-39-67-75-72-73-21-40-2-87-57-43-56-4-55-54-74-58
254,4,1385.7075,1106.9528,187.0,906.4876,0,4,84.336844,84.480281,True,63-36-47-45-92-42-14-23-15-38-44-16-61-85-99-41-22-53-49-46-10-20-66-32-70|98-59-27-33-65-64-11-19-62-88-52-18-8-84-86-91-6-97-13-37-100-93-17-60-89|94-95-96-5-83-82-48-7-31-69-1-3-29-76-50-30-71-90-51-81-79-78-9-35-34-68-24-25-80-77-12|28-26-39-67-75-72-73-21-40-2-87-57-43-56-4-55-54-74-58
255,4,1385.8471,1092.9669,102.0,899.0223,0,4,84.378716,84.510476,True,63-36-47-45-92-42-14-23-15-38-44-16-61-99-41-22-53-49-46-48-10-20-66-32-70|59-98-85-96-27-33-65-64-11-19-62-88-52-18-8-84-86-91-6-97-13-37-100-93-17-60-89|94-95-5-83-82-7-31-69-1-3-29-76-50-30-71-90-51-81-79-78-9-35-34-68-24-25-80-77|28-12-26-39-67-75-72-73-21-40-2-87-57-43-56-4-55-54-74-58
256,4,1385.8471,1092.9669,102.0,899.0223,0,4,84.378716,84.510476,True,63-36-47-45-92-42-14-23-15-38-44-16-61-99-41-22-53-49-46-48-10-20-66-32-70|59-98-85-96-27-33-65-64-11-19-62-88-52-18-8-84-86-91-6-97-13-37-100-93-17-60-89|94-95-5-83-82-7-31-69-1-3-29-76-50-30-71-90-51-81-79-78-9-35-34-68-24-25-80-77|28-12-26-39-67-75-72-73-21-40-2-87-57-43-56-4-55-54-74-58
257,4,1386.4089,745.3265,138.0,942.0963,0,4,84.547273,84.637117,True,50-33-65-34-39-23-15-16-61-85-99-2-21-73-22-40-53|95-92-42-14-45-47-36-63-64-11-19-62-88-52-18-6-84-83-8-48-49-46-82-7-10-32-66-35-70-31|28-12-37-44-38-67-87-86-41-57-56-75-43-97-13-94-60-5-17-91-100-98-93-59-96-89|27-69-29-76-1-30-71-90-51-81-79-78-9-20-3-68-54-72-74-4-55-25-24-80-77-26-58
258,4,1386.4089,745.3265,138.0,942.0963,0,4,84.547273,84.637117,True,50-33-65-34-39-23-15-16-61-85-99-2-21-73-22-40-53|95-92-42-14-45-47-36-63-64-11-19-62-88-52-18-6-84-83-8-48-49-46-82-7-10-32-66-35-70-31|28-12-37-44-38-67-87-86-41-57-56-75-43-97-13-94-60-5-17-91-100-98-93-59-96-89|27-69-29-76-1-30-71-90-51-81-79-78-9-20-3-68-54-72-74-4-55-25-24-80-77-26-58
259,4,1386.877,835.0723,68.0,952.148,0,4,84.687687,84.785641,True,65-34-28-21-39-23-75-15-16-61-85-99-95-40-73-72-22-41-57-53|92-42-14-45-36-62-63-64-47-19-11-88-52-18-6-84-83-8-48-49-46-82-7-10-32-66-35-1-70-31|37-44-67-38-86-87-2-43-97-13-89-60-5-17-91-100-98-93-59-96-94-58|27-69-33-29-76-50-30-71-90-51-81-79-78-9-20-3-68-54-56-74-55-4-25-24-80-77-12-26
260,4,1386.877,835.0723,68.0,952.148,0,4,84.687687,84.785641,True,65-34-28-21-39-23-75-15-16-61-85-99-95-40-73-72-22-41-57-53|92-42-14-45-36-62-63-64-47-19-11-88-52-18-6-84-83-8-48-49-46-82-7-10-32-66-35-1-70-31|37-44-67-38-86-87-2-43-97-13-89-60-5-17-91-100-98-93-59-96-94-58|27-69-33-29-76-50-30-71-90-51-81-79-78-9-20-3-68-54-56-74-55-4-25-24-80-77-12-26
261,4,1388.8271,772.1349,444.0,924.6541,0,4,85.27271,85.395284,True,26-12-3-33-1-69-31-62-11-64-19-48-82-7-88-52-18-8-83-5-86-6-94-95-59-85-91-98-37-2-75-56-55-54-4-74-21-13-93-17-60-89|42-14-45-47-36-63-34-29-76-50-30-71-78-79-81-9-51-90-49-46-10-20-32-66-35-68-24-25-80-77-70|28-27-92-15-38-44-16-61-99-96-40-87-57-84-97-43-100-58|65-39-67-23-72-73-22-41-53
262,4,1388.8271,772.1349,444.0,924.6541,0,4,85.27271,85.395284,True,26-12-3-33-1-69-31-62-11-64-19-48-82-7-88-52-18-8-83-5-86-6-94-95-59-85-91-98-37-2-75-56-55-54-4-74-21-13-93-17-60-89|42-14-45-47-36-63-34-29-76-50-30-71-78-79-81-9-51-90-49-46-10-20-32-66-35-68-24-25-80-77-70|28-27-92-15-38-44-16-61-99-96-40-87-57-84-97-43-100-58|65-39-67-23-72-73-22-41-53
263,4,1389.0726,867.0694,175.0,935.0843,0,4,85.346372,85.457924,True,50-33-65-34-39-23-15-16-61-85-99-95-2-73-22-40-53-6|92-42-14-45-36-62-63-64-47-19-11-88-52-18-83-86-84-8-48-49-46-82-7-10-32-66-35-3-77-1-70-31|28-29-12-37-44-38-67-75-87-57-41-56-21-43-97-13-89-60-5-17-91-100-98-93-59-96-94|27-69-76-30-71-90-51-81-79-78-9-20-68-54-72-74-4-55-25-24-80-26-58
264,4,1389.0726,867.0694,175.0,935.0843,0,4,85.346372,85.457924,True,50-33-65-34-39-23-15-16-61-85-99-95-2-73-22-40-53-6|92-42-14-45-36-62-63-64-47-19-11-88-52-18-83-86-84-8-48-49-46-82-7-10-32-66-35-3-77-1-70-31|28-29-12-37-44-38-67-75-87-57-41-56-21-43-97-13-89-60-5-17-91-100-98-93-59-96-94|27-69-76-30-71-90-51-81-79-78-9-20-68-54-72-74-4-55-25-24-80-26-58
265,4,1389.5294,684.3429,508.0,935.5173,0,4,85.483419,85.601065,True,26-12-28-27-69-31-62-11-64-19-48-82-7-88-18-83-5-99-86-84-85-98-37-59-95-2-21-72-75-56-55-54-4-74-13-96-100-93-17-60-89-58|94-92-42-14-45-47-36-63-30-71-76-3-79-78-81-9-51-90-49-46-10-20-32-66-35-68-24-25-80-77-1-70|50-33-65-34-29-15-44-16-61-73-40-53-22-41-57-43-91-97|39-67-23-38-87-6-8-52
266,4,1389.5294,684.3429,508.0,935.5173,0,4,85.483419,85.601065,True,26-12-28-27-69-31-62-11-64-19-48-82-7-88-18-83-5-99-86-84-85-98-37-59-95-2-21-72-75-56-55-54-4-74-13-96-100-93-17-60-89-58|94-92-42-14-45-47-36-63-30-71-76-3-79-78-81-9-51-90-49-46-10-20-32-66-35-68-24-25-80-77-1-70|50-33-65-34-29-15-44-16-61-73-40-53-22-41-57-43-91-97|39-67-23-38-87-6-8-52
267,4,1389.7526,1089.0614,122.0,899.0223,0,4,85.550378,85.684724,True,63-36-47-45-92-42-14-23-15-38-44-16-61-85-99-41-22-53-49-46-10-20-66-32-70|94-98-59-27-33-65-64-11-19-62-88-52-18-8-84-86-91-6-97-13-37-100-93-17-60-89|95-96-5-83-82-48-7-31-69-1-3-29-76-50-30-71-90-51-81-79-78-9-35-34-68-24-25-80-77|28-12-26-39-67-75-72-73-21-40-2-87-57-43-56-4-55-54-74-58
268,4,1390.7781,1085.2897,97.0,906.4876,0,4,85.858034,85.990742,True,7-36-47-45-92-42-15-14-44-38-16-61-85-99-41-22-53-6-49-46-10-20-66-32-70|95-59-27-33-63-64-11-19-62-30-88-52-18-8-84-86-91-37-97-17-100-98-93-60-89|94-96-5-83-82-48-31-65-1-69-50-76-3-71-90-51-81-79-78-9-35-34-68-24-25-80-77-12|28-26-39-29-67-23-75-72-73-21-40-87-57-43-56-55-54-4-74-2-13-58
269,4,1390.7781,1085.2897,97.0,906.4876,0,4,85.858034,85.990742,True,7-36-47-45-92-42-15-14-44-38-16-61-85-99-41-22-53-6-49-46-10-20-66-32-70|95-59-27-33-63-64-11-19-62-30-88-52-18-8-84-86-91-37-97-17-100-98-93-60-89|94-96-5-83-82-48-31-65-1-69-50-76-3-71-90-51-81-79-78-9-35-34-68-24-25-80-77-12|28-26-39-29-67-23-75-72-73-21-40-87-57-43-56-55-54-4-74-2-13-58
270,4,1392.1923,834.7799,181.0,933.5194,0,4,86.282271,86.390281,True,50-33-65-39-23-15-16-61-85-99-95-2-73-22-40-53|42-14-45-36-62-63-64-47-19-11-88-52-18-6-84-83-8-48-49-46-82-7-10-20-32-66-35-34-3-77-1-70-31|94-92-37-44-38-67-87-86-41-57-21-56-75-43-97-13-89-60-5-17-91-100-98-93-59-96|27-69-28-29-76-30-71-90-51-81-79-9-78-68-54-72-74-4-55-25-24-80-12-26-58
271,4,1392.1923,834.7799,181.0,933.5194,0,4,86.282271,86.390281,True,50-33-65-39-23-15-16-61-85-99-95-2-73-22-40-53|42-14-45-36-62-63-64-47-19-11-88-52-18-6-84-83-8-48-49-46-82-7-10-20-32-66-35-34-3-77-1-70-31|94-92-37-44-38-67-87-86-41-57-21-56-75-43-97-13-89-60-5-17-91-100-98-93-59-96|27-69-28-29-76-30-71-90-51-81-79-9-78-68-54-72-74-4-55-25-24-80-12-26-58
272,4,1392.4398,1068.9007,117.0,942.0963,0,4,86.356517,86.494606,True,50-33-65-3-39-23-15-16-61-85-99-95-2-73-22-40-53-6-89|92-42-14-45-47-36-63-64-11-19-62-88-90-18-84-8-48-49-46-82-7-10-20-32-66-35-34-70-31-52|28-29-12-37-44-38-67-87-86-41-57-21-56-75-43-97-13-60-83-5-17-91-100-98-93-59-96-94|27-69-76-1-30-71-9-51-81-79-78-68-54-72-74-4-55-25-24-80-77-26-58
273,4,1392.4398,1068.9007,117.0,942.0963,0,4,86.356517,86.494606,True,50-33-65-3-39-23-15-16-61-85-99-95-2-73-22-40-53-6-89|92-42-14-45-47-36-63-64-11-19-62-88-90-18-84-8-48-49-46-82-7-10-20-32-66-35-34-70-31-52|28-29-12-37-44-38-67-87-86-41-57-21-56-75-43-97-13-60-83-5-17-91-100-98-93-59-96-94|27-69-76-1-30-71-9-51-81-79-78-68-54-72-74-4-55-25-24-80-77-26-58
274,4,1392.4843,1132.1528,94.0,930.9991,0,4,86.369889,86.513515,True,63-36-47-45-92-42-15-14-23-44-61-16-38-41-22-53-49-46-10-20-66-32-70|27-28-33-65-64-11-62-19-88-52-18-8-83-84-86-91-85-98-97-95-59-37-100-93-17-60-5-96-89|82-48-7-31-69-1-3-29-76-50-30-71-90-51-81-79-78-9-35-34-24-25-80-77-12|26-21-72-39-67-73-40-94-99-6-87-57-43-75-56-55-54-68-4-74-2-13-58
275,4,1393.6351,818.8269,306.0,923.1622,0,4,86.715131,86.832128,True,42-14-85-5-45-47-36-63-64-11-19-62-88-18-6-84-83-8-48-49-46-82-7-10-20-32-66-35-34-3-77-1-70-31-52|28-29-12-16-38-73-67-87-57-41-22-2-21-56-75-43-97-96-60-17-91-100-13-95-59-93-89|27-50-33-65-69-76-30-71-90-51-81-79-9-78-68-54-72-74-4-55-25-24-80-26-58|94-92-39-23-15-44-37-98-99-61-86-40-53
276,4,1393.6351,818.8269,306.0,923.1622,0,4,86.715131,86.832128,True,42-14-85-5-45-47-36-63-64-11-19-62-88-18-6-84-83-8-48-49-46-82-7-10-20-32-66-35-34-3-77-1-70-31-52|28-29-12-16-38-73-67-87-57-41-22-2-21-56-75-43-97-96-60-17-91-100-13-95-59-93-89|27-50-33-65-69-76-30-71-90-51-81-79-9-78-68-54-72-74-4-55-25-24-80-26-58|94-92-39-23-15-44-37-98-99-61-86-40-53
277,4,1393.8732,746.038,298.0,937.9621,0,4,86.786553,86.894123,True,27-50-33-65-1-69-62-11-64-19-88-18-87-86-84-49-46-59-97-13-60-17-85-100-37-93-89|94-95-96-5-83-45-82-48-7-52-31-30-29-76-71-90-51-81-79-78-9-20-10-32-66-35-34-24-4-25-80-77-3-70|28-63-36-47-61-16-44-38-99-8-6-21-75-41-57-2-43-56-74-55-54-68-12-26-58|92-98-91-14-42-15-39-67-23-72-73-22-40-53
278,4,1393.8732,746.038,298.0,937.9621,0,4,86.786553,86.894123,True,27-50-33-65-1-69-62-11-64-19-88-18-87-86-84-49-46-59-97-13-60-17-85-100-37-93-89|94-95-96-5-83-45-82-48-7-52-31-30-29-76-71-90-51-81-79-78-9-20-10-32-66-35-34-24-4-25-80-77-3-70|28-63-36-47-61-16-44-38-99-8-6-21-75-41-57-2-43-56-74-55-54-68-12-26-58|92-98-91-14-42-15-39-67-23-72-73-22-40-53
279,4,1393.9792,813.3343,200.0,931.4869,0,4,86.818351,86.925276,True,50-33-65-34-39-23-15-16-61-85-99-73-41-22-40-53|92-42-14-45-36-62-63-64-47-19-11-88-52-18-6-84-83-8-48-49-46-82-7-10-32-66-35-3-77-1-70-31|28-29-12-98-44-38-67-87-86-91-37-57-2-21-56-75-43-97-95-13-89-60-5-17-100-93-59-96-94-58|27-69-76-30-71-78-79-81-9-51-90-20-68-54-72-74-4-55-25-24-80-26
280,4,1393.9792,813.3343,200.0,931.4869,0,4,86.818351,86.925276,True,50-33-65-34-39-23-15-16-61-85-99-73-41-22-40-53|92-42-14-45-36-62-63-64-47-19-11-88-52-18-6-84-83-8-48-49-46-82-7-10-32-66-35-3-77-1-70-31|28-29-12-98-44-38-67-87-86-91-37-57-2-21-56-75-43-97-95-13-89-60-5-17-100-93-59-96-94-58|27-69-76-30-71-78-79-81-9-51-90-20-68-54-72-74-4-55-25-24-80-26
281,4,1394.9097,791.2888,115.0,952.4471,0,4,87.097494,87.196035,True,50-33-65-34-39-23-15-16-61-85-99-95-2-73-22-40-53|92-42-14-45-36-62-63-64-47-19-11-88-52-18-6-84-83-8-48-49-46-82-7-10-32-66-35-70-31|37-44-38-67-87-86-41-57-21-56-75-43-97-13-89-60-5-17-91-100-98-93-59-96-94|28-27-69-1-3-29-71-76-30-90-51-81-79-78-9-20-68-54-72-74-4-55-25-24-80-77-12-26-58
282,4,1394.9097,791.2888,115.0,952.4471,0,4,87.097494,87.196035,True,50-33-65-34-39-23-15-16-61-85-99-95-2-73-22-40-53|92-42-14-45-36-62-63-64-47-19-11-88-52-18-6-84-83-8-48-49-46-82-7-10-32-66-35-70-31|37-44-38-67-87-86-41-57-21-56-75-43-97-13-89-60-5-17-91-100-98-93-59-96-94|28-27-69-1-3-29-71-76-30-90-51-81-79-78-9-20-68-54-72-74-4-55-25-24-80-77-12-26-58
283,4,1396.8027,771.9169,239.0,916.0384,0,4,87.665411,87.768552,True,37-14-45-47-36-63-69-30-62-11-64-19-88-18-83-84-8-48-49-46-82-7-10-32-66-35-34-3-77-50-70-31-52|28-29-12-67-38-86-91-87-59-6-57-72-56-75-43-97-95-13-60-5-17-85-100-98-93-96-89|27-65-33-76-71-90-51-81-79-78-9-20-1-68-54-24-55-4-74-25-80-26-58|94-92-42-2-21-39-23-15-44-16-61-99-73-41-22-40-53
284,4,1396.8027,771.9169,239.0,916.0384,0,4,87.665411,87.768552,True,37-14-45-47-36-63-69-30-62-11-64-19-88-18-83-84-8-48-49-46-82-7-10-32-66-35-34-3-77-50-70-31-52|28-29-12-67-38-86-91-87-59-6-57-72-56-75-43-97-95-13-60-5-17-85-100-98-93-96-89|27-65-33-76-71-90-51-81-79-78-9-20-1-68-54-24-55-4-74-25-80-26-58|94-92-42-2-21-39-23-15-44-16-61-99-73-41-22-40-53
285,4,1397.8142,829.5781,189.0,935.0843,0,4,87.968838,88.078789,True,28-50-39-23-15-16-61-85-99-95-2-73-22-40-53|92-42-14-45-47-36-63-64-11-19-62-88-52-18-6-84-83-8-49-46-48-82-7-10-32-66-35-34-3-77-1-70-31|33-65-29-12-37-44-38-67-87-86-41-57-21-56-75-43-97-13-89-60-5-17-91-100-98-93-59-96-94|27-69-76-30-71-90-51-81-79-78-9-20-68-54-72-74-4-55-25-24-80-26-58
286,4,1399.5276,1062.0125,239.0,906.4876,0,4,88.482866,88.628907,True,63-36-47-45-85-42-14-23-15-38-44-16-61-99-41-22-53-49-46-10-20-66-32-70|92-98-27-28-33-65-64-11-19-88-52-18-8-84-86-96-6-97-13-60-17-91-100-37-93-89|94-95-59-5-83-82-48-7-62-31-69-1-3-29-76-50-30-71-90-51-81-79-78-9-35-34-68-24-25-80-77-12|26-21-39-67-72-73-40-2-87-57-43-75-56-55-54-4-74-58
287,4,1399.5276,1062.0125,239.0,906.4876,0,4,88.482866,88.628907,True,63-36-47-45-85-42-14-23-15-38-44-16-61-99-41-22-53-49-46-10-20-66-32-70|92-98-27-28-33-65-64-11-19-88-52-18-8-84-86-96-6-97-13-60-17-91-100-37-93-89|94-95-59-5-83-82-48-7-62-31-69-1-3-29-76-50-30-71-90-51-81-79-78-9-35-34-68-24-25-80-77-12|26-21-39-67-72-73-40-2-87-57-43-75-56-55-54-4-74-58
288,4,1399.6569,827.7354,183.0,935.0843,0,4,88.521651,88.631279,True,50-33-65-39-23-15-16-61-85-99-95-2-73-22-40-53|92-42-14-45-47-36-63-64-11-19-62-88-52-18-6-84-83-8-82-49-46-48-7-10-20-32-66-35-34-3-77-1-70-31|28-29-12-37-44-38-67-87-86-41-57-21-56-75-43-97-13-89-60-5-17-91-100-98-93-59-96-94|27-69-76-30-71-90-51-81-79-9-78-68-54-72-74-4-55-25-24-80-26-58
289,4,1399.6931,1105.5022,77.0,906.8238,0,4,88.532512,88.668976,True,36-47-45-92-42-15-38-44-16-61-85-41-40-53-52-7-49-46-10-20-66-32-70-1|14-98-59-27-50-33-65-29-71-30-18-99-86-84-8-6-94-97-37-91-100-93-17-60-89|95-96-5-83-82-48-63-64-11-62-31-69-88-19-90-51-81-79-78-9-35-34-24-25-80-3-77|28-26-21-39-23-67-12-76-73-22-87-2-57-43-75-56-55-54-68-4-72-74-13-58
290,4,1399.6931,1105.5022,77.0,906.8238,0,4,88.532512,88.668976,True,36-47-45-92-42-15-38-44-16-61-85-41-40-53-52-7-49-46-10-20-66-32-70-1|14-98-59-27-50-33-65-29-71-30-18-99-86-84-8-6-94-97-37-91-100-93-17-60-89|95-96-5-83-82-48-63-64-11-62-31-69-88-19-90-51-81-79-78-9-35-34-24-25-80-3-77|28-26-21-39-23-67-12-76-73-22-87-2-57-43-75-56-55-54-68-4-72-74-13-58
291,4,1399.9304,827.4618,174.0,935.0843,0,4,88.603721,88.71249,True,50-33-65-39-23-15-16-61-85-99-95-2-73-22-40-53|92-42-14-45-47-36-63-64-11-19-62-88-52-18-6-84-83-8-48-49-46-82-7-10-32-66-35-34-3-77-1-70-31|28-29-12-37-44-38-67-87-86-41-57-21-56-75-43-97-13-89-60-5-17-91-100-98-93-59-96-94|27-69-76-30-71-90-51-81-79-78-9-20-68-54-72-74-4-55-25-24-80-26-58
292,4,1399.9304,827.4618,174.0,935.0843,0,4,88.603721,88.71249,True,50-33-65-39-23-15-16-61-85-99-95-2-73-22-40-53|92-42-14-45-47-36-63-64-11-19-62-88-52-18-6-84-83-8-48-49-46-82-7-10-32-66-35-34-3-77-1-70-31|28-29-12-37-44-38-67-87-86-41-57-21-56-75-43-97-13-89-60-5-17-91-100-98-93-59-96-94|27-69-76-30-71-90-51-81-79-78-9-20-68-54-72-74-4-55-25-24-80-26-58
293,4,1401.5657,836.1838,133.0,935.0843,0,4,89.094291,89.200758,True,50-33-65-34-39-23-15-16-61-85-99-95-2-73-22-40-53|92-42-14-45-36-62-63-64-47-19-11-88-52-18-6-84-83-8-48-49-46-82-7-10-32-66-35-77-1-70-31|28-37-44-38-67-87-86-41-57-21-56-75-43-97-13-89-60-5-17-91-100-98-93-59-96-94|27-69-3-29-76-30-71-90-51-81-79-78-9-20-68-54-72-74-4-55-25-24-80-12-26-58
294,4,1401.5657,836.1838,133.0,935.0843,0,4,89.094291,89.200758,True,50-33-65-34-39-23-15-16-61-85-99-95-2-73-22-40-53|92-42-14-45-36-62-63-64-47-19-11-88-52-18-6-84-83-8-48-49-46-82-7-10-32-66-35-77-1-70-31|28-37-44-38-67-87-86-41-57-21-56-75-43-97-13-89-60-5-17-91-100-98-93-59-96-94|27-69-3-29-76-30-71-90-51-81-79-78-9-20-68-54-72-74-4-55-25-24-80-12-26-58
295,4,1401.6301,836.1193,146.0,935.0843,0,4,89.113626,89.221403,True,50-33-65-34-39-23-15-16-61-85-99-95-2-73-22-40-53|92-42-14-45-36-62-63-64-47-19-11-88-52-18-6-84-83-8-48-49-46-82-7-10-32-66-35-3-77-1-70-31|28-37-44-38-67-87-86-41-57-21-56-75-43-97-13-89-60-5-17-91-100-98-93-59-96-94|27-69-29-76-30-71-90-51-81-79-78-9-20-68-54-72-74-4-55-25-24-80-12-26-58
296,4,1401.6487,824.9385,146.0,933.5194,0,4,89.119193,89.225064,True,50-33-65-34-39-23-15-16-61-85-99-95-2-73-22-40-53|92-42-14-45-36-62-63-64-47-19-11-88-52-18-6-84-83-8-48-49-46-82-7-10-32-66-35-3-77-1-70-31|28-59-37-44-38-67-87-86-41-57-21-72-56-75-43-97-13-89-60-5-17-91-100-98-93-96-94|27-69-29-76-30-71-90-51-81-79-78-9-20-68-54-74-4-55-25-24-80-12-26-58
297,4,1401.6487,824.9385,146.0,933.5194,0,4,89.119193,89.225064,True,50-33-65-34-39-23-15-16-61-85-99-95-2-73-22-40-53|92-42-14-45-36-62-63-64-47-19-11-88-52-18-6-84-83-8-48-49-46-82-7-10-32-66-35-3-77-1-70-31|28-59-37-44-38-67-87-86-41-57-21-72-56-75-43-97-13-89-60-5-17-91-100-98-93-96-94|27-69-29-76-30-71-90-51-81-79-78-9-20-68-54-74-4-55-25-24-80-12-26-58
298,10,1402.7163,5181.7723,410.0,888.6648,0,10,662.945851,663.72704,True,14-38-44-16-61-86-85-99-60-5-17-91-100-98-93-59-96-89|27-50-33-65-71-29-76-3-79-78-81-9-51-90-32-70-1|83-45-47-36-63-64-11-19-62-30-31-88-52-18-84-8-48-49-46-82-7-10-20-66-35-34-68-77|26-21-54-25-94|40-55-24-80|69-12-57-41-75-56-72-58|73-4-74-2-37-95-13|53-43-97|28-92-42-15-22-6|39-67-23-87
299,4,1403.1453,767.8862,255.0,937.9621,0,4,89.568176,89.677504,True,27-50-33-65-1-69-62-11-64-19-88-18-87-98-86-84-49-46-5-59-97-13-37-100-93-17-60-89|94-95-42-92-96-83-45-82-48-7-52-31-30-29-76-71-90-51-81-79-78-9-20-10-32-66-35-34-24-4-25-80-77-3-70|28-63-36-47-61-44-38-16-99-8-6-21-75-41-57-2-43-56-74-55-54-68-12-26-58|85-91-14-15-39-67-23-72-73-22-40-53
300,4,1403.6208,773.1859,126.0,943.0553,0,4,89.71083,89.80896,True,50-33-65-34-39-23-15-16-61-85-99-95-2-73-22-40-53|92-42-14-45-36-62-63-64-47-19-11-88-52-18-6-84-83-8-48-49-46-82-7-10-32-66-35-70-31|37-44-38-67-87-86-41-57-56-75-43-97-13-89-60-5-17-91-100-98-93-59-96-94|27-69-28-29-76-1-30-71-90-51-81-79-78-9-20-3-68-54-24-55-4-21-72-74-25-80-77-12-26-58
301,4,1403.6208,773.1859,126.0,943.0553,0,4,89.71083,89.80896,True,50-33-65-34-39-23-15-16-61-85-99-95-2-73-22-40-53|92-42-14-45-36-62-63-64-47-19-11-88-52-18-6-84-83-8-48-49-46-82-7-10-32-66-35-70-31|37-44-38-67-87-86-41-57-56-75-43-97-13-89-60-5-17-91-100-98-93-59-96-94|27-69-28-29-76-1-30-71-90-51-81-79-78-9-20-3-68-54-24-55-4-21-72-74-25-80-77-12-26-58
302,4,1404.3601,781.8383,119.0,952.4471,0,4,89.932624,90.032982,True,50-33-65-34-39-23-15-16-61-85-99-95-2-73-22-40-53|92-42-14-45-36-62-63-64-47-19-11-88-52-18-6-84-83-8-48-49-46-82-7-10-32-66-35-1-70-31|28-37-44-38-67-87-86-41-57-21-56-75-43-97-13-89-60-5-17-91-100-98-93-59-96-94|27-69-30-29-76-71-90-51-81-79-78-9-20-3-68-54-72-74-4-55-25-24-80-77-12-26-58
303,4,1406.9407,758.5705,136.0,942.0963,0,4,90.7068,90.80459,True,50-33-65-34-39-23-15-91-16-61-85-99-95-2-73-22-40-53|92-42-14-45-36-62-63-64-47-19-11-88-52-18-6-84-83-8-48-49-46-82-7-10-32-66-35-70-31|28-29-12-37-44-38-67-87-86-41-57-21-56-75-43-97-13-89-60-5-17-100-98-93-59-96-94|27-69-1-76-30-71-51-79-78-81-9-90-20-3-68-54-72-74-4-55-25-24-80-77-26-58
304,4,1406.9407,758.5705,136.0,942.0963,0,4,90.7068,90.80459,True,50-33-65-34-39-23-15-91-16-61-85-99-95-2-73-22-40-53|92-42-14-45-36-62-63-64-47-19-11-88-52-18-6-84-83-8-48-49-46-82-7-10-32-66-35-70-31|28-29-12-37-44-38-67-87-86-41-57-21-56-75-43-97-13-89-60-5-17-100-98-93-59-96-94|27-69-1-76-30-71-51-79-78-81-9-90-20-3-68-54-72-74-4-55-25-24-80-77-26-58
305,4,1407.3063,774.3288,183.0,923.6839,0,4,90.816487,90.918688,True,50-33-65-39-23-15-16-61-85-99-95-2-73-22-40-53|92-42-14-45-36-62-63-64-47-19-11-88-52-18-6-84-83-8-48-49-46-82-7-10-20-32-66-35-34-3-77-1-70-31|28-29-12-37-44-38-67-87-86-41-57-43-97-13-94-60-5-17-91-100-98-93-59-96-89|27-69-76-30-71-90-51-81-79-9-78-68-54-56-55-4-21-72-74-75-25-24-80-26-58
306,4,1407.3063,774.3288,183.0,923.6839,0,4,90.816487,90.918688,True,50-33-65-39-23-15-16-61-85-99-95-2-73-22-40-53|92-42-14-45-36-62-63-64-47-19-11-88-52-18-6-84-83-8-48-49-46-82-7-10-20-32-66-35-34-3-77-1-70-31|28-29-12-37-44-38-67-87-86-41-57-43-97-13-94-60-5-17-91-100-98-93-59-96-89|27-69-76-30-71-90-51-81-79-9-78-68-54-56-55-4-21-72-74-75-25-24-80-26-58
307,4,1407.8547,1084.8056,164.0,906.4876,0,4,90.981005,91.125463,True,63-36-47-45-92-42-14-23-15-38-44-16-61-85-99-41-22-53-49-46-10-20-66-32-70|98-27-28-33-65-64-11-62-19-88-52-18-8-84-86-91-6-97-37-100-93-17-60-89|94-95-59-96-5-83-82-48-7-31-69-1-3-29-76-50-30-71-90-51-81-79-78-9-35-34-24-25-80-77-12|26-21-72-39-67-73-40-2-87-57-43-75-56-55-54-68-4-74-13-58
308,4,1407.8717,1084.7887,157.0,906.4876,0,4,90.98609,91.12985,True,63-36-47-45-92-42-14-23-15-38-44-16-61-85-99-40-22-53-49-46-10-20-66-32-70|98-27-33-65-64-11-19-62-88-52-18-8-84-86-91-6-97-13-37-100-93-17-60-89|94-95-59-96-5-83-82-48-7-31-69-1-3-29-76-50-30-71-90-51-81-79-78-9-35-34-24-25-80-77-12|28-26-21-72-39-67-75-73-41-2-87-57-43-56-55-68-54-4-74-58
309,8,1410.4505,3693.2008,432.0,890.8808,0,8,439.660117,440.222272,True,94-92-98-37-42-15-14-38-44-91-61-16-86-85-99-6-95-97-43-2-13-60-5-17-100-93-59-96-89|28-50-3-67-40-53-87-57-41-24-80-58|83-45-47-36-63-65-64-11-19-62-30-31-88-52-18-84-8-49-46-48-82-7-10-20-66-35-34-68-77|27-69-1-33-71-29-76-79-78-81-9-51-90-32-70|12-26-21-73-72-4-55-25-75|54-74|39-23-56|22
310,4,1410.6576,1082.0027,159.0,906.4876,0,4,91.821875,91.966254,True,63-36-47-45-92-42-14-23-15-38-44-16-61-85-99-41-22-53-49-46-10-20-66-32-70|98-27-28-33-65-64-11-62-19-88-52-18-8-84-86-91-6-97-13-37-100-93-17-60-89|94-95-59-96-5-83-82-48-7-31-69-1-3-29-76-50-30-71-90-51-81-79-78-9-35-34-24-25-80-77-12|26-21-72-39-67-73-40-2-87-57-43-75-56-55-54-68-4-74-58
311,4,1410.6576,1082.0027,159.0,906.4876,0,4,91.821875,91.966254,True,63-36-47-45-92-42-14-23-15-38-44-16-61-85-99-41-22-53-49-46-10-20-66-32-70|98-27-28-33-65-64-11-62-19-88-52-18-8-84-86-91-6-97-13-37-100-93-17-60-89|94-95-59-96-5-83-82-48-7-31-69-1-3-29-76-50-30-71-90-51-81-79-78-9-35-34-24-25-80-77-12|26-21-72-39-67-73-40-2-87-57-43-75-56-55-54-68-4-74-58
312,4,1410.6576,1082.0027,159.0,906.4876,0,4,91.821875,91.966254,True,63-36-47-45-92-42-14-23-15-38-44-16-61-85-99-41-22-53-49-46-10-20-66-32-70|98-27-28-33-65-64-11-62-19-88-52-18-8-84-86-91-6-97-13-37-100-93-17-60-89|94-95-59-96-5-83-82-48-7-31-69-1-3-29-76-50-30-71-90-51-81-79-78-9-35-34-24-25-80-77-12|26-21-72-39-67-73-40-2-87-57-43-75-56-55-54-68-4-74-58
313,4,1410.7628,1081.8975,215.0,906.4876,0,4,91.853429,92.003423,True,63-36-47-45-92-42-14-23-15-38-44-16-61-85-99-41-22-53-49-46-10-20-66-32-70|98-27-33-65-64-11-19-62-88-52-18-8-84-86-91-6-97-13-37-100-93-17-60-89|94-95-96-59-5-83-82-48-7-31-69-1-3-29-76-50-30-71-90-51-81-79-78-9-35-34-68-24-25-80-77-12|28-26-39-75-67-72-21-73-40-2-87-57-43-56-55-54-4-74-58
314,4,1410.7696,1081.8907,122.0,906.4876,0,4,91.855462,91.996157,True,63-36-47-45-92-42-14-23-15-38-44-16-61-85-99-40-22-53-49-46-10-20-66-32-70|98-59-27-28-33-65-64-11-62-19-88-52-18-8-84-86-91-6-95-97-43-13-37-100-93-17-60-89|94-96-5-83-82-48-7-31-69-1-50-3-29-76-30-71-90-51-81-79-78-9-35-34-24-25-80-77-12|26-21-72-39-67-73-2-87-57-41-75-56-55-68-54-4-74-58
315,4,1411.4938,1054.2494,142.0,906.4876,0,4,92.072741,92.211507,True,36-47-45-92-42-15-14-44-38-16-61-85-99-41-22-53-6-49-46-10-20-66-32-70|98-59-27-33-63-64-11-19-62-30-88-52-18-8-84-86-97-37-17-91-100-93-60-89|94-95-96-5-83-82-48-7-65-31-69-1-50-76-3-71-90-51-81-79-78-9-35-34-68-24-25-80-77-12|28-26-39-29-67-23-75-72-73-21-40-2-87-57-43-56-4-55-54-74-13-58
316,4,1411.4938,1054.2494,142.0,906.4876,0,4,92.072741,92.211507,True,36-47-45-92-42-15-14-44-38-16-61-85-99-41-22-53-6-49-46-10-20-66-32-70|98-59-27-33-63-64-11-19-62-30-88-52-18-8-84-86-97-37-17-91-100-93-60-89|94-95-96-5-83-82-48-7-65-31-69-1-50-76-3-71-90-51-81-79-78-9-35-34-68-24-25-80-77-12|28-26-39-29-67-23-75-72-73-21-40-2-87-57-43-56-4-55-54-74-13-58
317,4,1412.2331,1080.7634,58.0,906.8238,0,4,92.294511,92.429127,True,63-36-47-45-96-95-2-23-15-38-44-16-61-99-59-87-57-53-52-49-46-10-20-66-32-70|42-14-92-27-50-33-65-29-71-64-19-18-8-84-86-6-94-97-37-98-85-91-43-100-93-17-60-89|5-83-82-48-7-11-62-1-69-31-88-30-90-51-81-79-78-9-35-34-24-25-80-3-77|28-26-39-67-12-76-73-21-40-41-22-75-56-55-68-54-4-72-74-13-58
318,4,1412.2331,1080.7634,58.0,906.8238,0,4,92.294511,92.429127,True,63-36-47-45-96-95-2-23-15-38-44-16-61-99-59-87-57-53-52-49-46-10-20-66-32-70|42-14-92-27-50-33-65-29-71-64-19-18-8-84-86-6-94-97-37-98-85-91-43-100-93-17-60-89|5-83-82-48-7-11-62-1-69-31-88-30-90-51-81-79-78-9-35-34-24-25-80-3-77|28-26-39-67-12-76-73-21-40-41-22-75-56-55-68-54-4-72-74-13-58
319,4,1412.6313,799.3053,235.0,923.1622,0,4,92.413996,92.526663,True,50-33-65-34-39-23-15-91-16-61-96-94-40-21-73-22-57-2-53|92-42-14-85-5-45-36-63-64-47-62-11-19-88-52-18-99-6-84-83-8-48-49-46-82-7-10-32-66-35-3-77-1-70-31|28-29-12-59-44-38-67-87-86-41-56-75-43-97-13-95-98-37-100-93-17-60-89|27-69-76-30-71-90-51-81-79-78-9-20-68-54-72-74-4-55-25-24-80-26-58
320,4,1412.6313,799.3053,235.0,923.1622,0,4,92.413996,92.526663,True,50-33-65-34-39-23-15-91-16-61-96-94-40-21-73-22-57-2-53|92-42-14-85-5-45-36-63-64-47-62-11-19-88-52-18-99-6-84-83-8-48-49-46-82-7-10-32-66-35-3-77-1-70-31|28-29-12-59-44-38-67-87-86-41-56-75-43-97-13-95-98-37-100-93-17-60-89|27-69-76-30-71-90-51-81-79-78-9-20-68-54-72-74-4-55-25-24-80-26-58
321,4,1414.8376,812.5546,155.0,935.0843,0,4,93.075884,93.184989,True,50-33-65-34-39-23-15-16-61-85-99-95-2-73-22-40-53|92-42-14-45-36-62-63-64-47-19-11-88-52-18-6-84-83-8-48-49-46-82-7-10-20-32-66-35-3-77-1-70-31|28-29-12-37-44-38-67-87-86-41-57-21-56-75-43-97-13-89-60-5-17-91-100-98-93-59-96-94|27-69-76-30-71-90-51-81-79-9-78-68-54-72-74-4-55-25-24-80-26-58
322,4,1415.4368,806.9445,197.0,923.1622,0,4,93.255633,93.366488,True,50-33-65-39-23-15-91-16-61-85-99-96-2-73-22-40-53|92-42-14-45-36-62-63-64-47-19-11-88-18-6-5-84-8-48-49-46-82-7-10-32-66-35-34-3-77-1-70-31-52|28-29-12-94-44-38-67-87-86-41-57-21-56-75-43-97-13-95-59-98-37-100-93-17-60-83-89|27-69-76-30-71-90-51-81-79-78-9-20-68-54-72-74-4-55-25-24-80-26-58
323,4,1415.4769,765.6365,146.0,923.1622,0,4,93.267655,93.367225,True,50-33-65-34-39-23-15-16-61-85-99-95-2-73-22-40-53|92-42-14-45-36-62-63-64-47-19-11-88-52-18-6-84-83-8-48-49-46-82-7-10-32-66-35-3-77-1-70-31|28-29-12-37-44-38-67-87-86-41-57-21-56-75-43-97-13-94-60-5-17-91-100-98-93-59-96-89|27-69-76-30-71-90-51-81-79-78-9-20-68-54-72-74-4-55-25-24-80-26-58
324,4,1416.4298,713.1536,106.0,942.0963,0,4,93.553545,93.64437,True,50-33-65-34-39-23-15-16-61-85-99-95-21-73-22-40-53|92-42-14-45-36-63-64-47-62-11-19-88-52-18-6-84-83-8-48-49-46-82-7-10-32-66-35-70-31|28-29-12-37-44-38-67-87-86-41-57-43-2-97-13-94-60-5-17-91-100-98-93-59-96-89|27-69-76-1-30-71-90-51-81-79-78-9-20-3-68-54-56-55-4-72-74-75-25-24-80-77-26-58
325,4,1416.4298,713.1536,106.0,942.0963,0,4,93.553545,93.64437,True,50-33-65-34-39-23-15-16-61-85-99-95-21-73-22-40-53|92-42-14-45-36-63-64-47-62-11-19-88-52-18-6-84-83-8-48-49-46-82-7-10-32-66-35-70-31|28-29-12-37-44-38-67-87-86-41-57-43-2-97-13-94-60-5-17-91-100-98-93-59-96-89|27-69-76-1-30-71-90-51-81-79-78-9-20-3-68-54-56-55-4-72-74-75-25-24-80-77-26-58
326,4,1417.312,1075.3483,138.0,906.4876,0,4,93.818188,93.961465,True,63-36-47-45-92-42-14-23-15-38-44-16-61-85-99-41-22-53-49-46-10-20-66-32-70|98-96-27-28-33-65-64-19-11-30-88-52-18-8-84-86-91-6-97-37-100-93-17-60-89|94-95-59-5-83-82-48-7-62-31-69-1-3-29-76-50-71-90-51-81-79-78-9-35-34-24-25-80-77-12|26-21-72-39-67-73-40-87-57-43-75-56-4-55-54-68-74-2-13-58
327,4,1418.1832,711.4003,133.0,942.0963,0,4,94.079549,94.173336,True,50-33-65-39-23-15-16-61-85-99-95-21-73-22-40-53|92-42-14-45-36-62-63-64-47-19-11-88-52-18-6-84-83-8-48-49-46-82-7-10-32-66-35-34-70-31|28-29-12-37-44-38-67-87-86-41-57-43-2-97-13-94-60-5-17-91-100-98-93-59-96-89|27-69-76-1-30-71-90-51-81-79-78-9-20-3-68-54-56-55-4-72-74-75-25-24-80-77-26-58
328,10,1419.8708,5026.5266,342.0,892.3146,0,10,639.658991,640.415787,True,92-42-15-14-38-44-16-61-86-85-99-97-43-74-2-60-5-17-91-100-37-98-93-59|39-67-23-72-73-21-87-57-41-22-75-56-4-54-55-25-24-80|33-65-71-29-3-79-78-81-9-51-90-32|83-45-47-36-63-64-11-19-62-30-84-8-48-49-46-82-10-20-66-35-34-68|1-53-58|40-26-95-70|88-31-7-52-96-12-77-50|28-69-27-89-94-13|76-6|18
329,4,1420.5278,1072.4687,41.0,906.8238,0,4,94.782935,94.917095,True,36-47-45-42-23-15-38-44-16-61-85-99-40-53-52-7-49-46-10-20-66-32-70|92-14-98-59-27-50-33-65-29-71-64-19-18-8-84-86-6-94-97-37-91-100-93-17-60-89|95-96-5-83-82-48-63-11-62-31-1-69-88-30-90-51-81-79-78-9-35-34-24-25-80-3-77|28-26-21-72-39-67-12-76-73-2-87-57-22-41-43-75-56-55-54-68-4-74-13-58
330,4,1420.5278,1072.4687,41.0,906.8238,0,4,94.782935,94.917095,True,36-47-45-42-23-15-38-44-16-61-85-99-40-53-52-7-49-46-10-20-66-32-70|92-14-98-59-27-50-33-65-29-71-64-19-18-8-84-86-6-94-97-37-91-100-93-17-60-89|95-96-5-83-82-48-63-11-62-31-1-69-88-30-90-51-81-79-78-9-35-34-24-25-80-3-77|28-26-21-72-39-67-12-76-73-2-87-57-22-41-43-75-56-55-54-68-4-74-13-58
331,4,1422.1734,807.6368,144.0,941.8622,0,4,95.276626,95.387111,True,50-65-33-12-26-39-23-15-16-61-85-99-95-2-73-22-40-53|92-42-14-45-36-62-63-64-47-19-11-88-52-18-6-84-83-8-48-49-46-82-7-10-32-66-35-34-3-80-77-1-70-31|37-44-38-67-87-86-41-57-56-75-43-97-13-89-60-5-17-91-100-98-93-59-96-94|28-27-69-30-29-76-71-90-51-81-79-78-9-20-68-54-24-55-4-72-74-25-21-58
332,4,1425.7153,761.46,160.0,918.5353,0,4,96.33917,96.441891,True,33-65-27-28-39-23-15-44-16-61-99-59-73-22-40-53|83-45-47-36-63-62-31-69-52-88-11-64-19-7-18-6-84-8-82-48-49-46-10-32-66-35-34-3-77-50-70|1-29-76-30-71-90-51-81-79-78-9-20-68-54-24-55-4-72-74-25-80-12-26-58|94-92-85-91-42-14-38-67-87-86-41-57-2-21-56-75-43-97-95-13-89-60-5-17-100-37-98-93-96
333,4,1427.2107,725.0157,172.0,933.5194,0,4,96.787801,96.888952,True,33-27-94-92-42-39-23-15-44-16-61-99-95-73-40-53|52-83-45-47-36-63-62-31-69-88-11-64-19-7-18-6-5-84-8-82-48-49-46-32-35-34-3-77-50-70|28-1-65-29-76-30-71-90-51-81-79-78-9-66-10-20-68-54-55-4-72-74-25-24-80-12-26-58|59-85-91-14-67-38-86-87-2-57-41-22-75-56-21-43-97-13-60-17-100-37-98-93-96-89
334,4,1428.5584,1039.0116,128.0,923.1622,0,4,97.192111,97.334813,True,50-33-65-39-23-15-91-16-61-99-59-2-73-22-40-53-6-96-84-5-85-98-97-95-94-13|92-42-14-45-36-62-63-64-47-19-11-88-18-8-49-46-48-82-7-10-32-66-35-34-3-77-1-70-31-52|28-29-12-37-44-38-67-87-86-41-57-21-56-75-43-100-93-17-60-83-89|27-69-76-30-71-90-51-81-79-78-9-20-68-54-72-74-4-55-25-24-80-26-58
335,4,1429.4599,1090.4791,95.0,906.4876,0,4,97.46255,97.60744,True,92-14-42-23-15-38-44-16-61-85-99-41-22-53-82-49-46-48-10-20-66-32-70-31-52|98-27-28-33-65-69-30-62-11-64-19-88-7-18-84-86-91-6-97-13-37-100-93-17-60-89|94-95-59-96-5-45-47-36-63-1-3-29-76-50-71-90-51-81-79-78-9-35-34-24-25-80-77-12|26-21-72-39-67-73-40-2-87-8-83-57-43-75-56-55-54-68-4-74-58
336,4,1432.4093,1029.1307,105.0,906.4876,0,4,98.347387,98.48496,True,63-36-47-45-92-42-14-23-15-38-44-16-61-99-40-22-41-53-31-10-20-66-32-70|94-98-27-33-65-64-11-19-62-88-52-18-8-84-86-91-6-13-60-17-85-100-37-93-89|95-59-5-83-82-48-7-69-1-3-29-76-50-30-71-90-51-81-79-78-9-35-34-68-24-25-80-77-12|28-26-21-72-39-67-75-73-2-57-87-49-46-96-97-43-56-55-54-4-74-58
337,9,1435.7578,3601.95,292.0,892.3146,0,9,425.972503,426.515078,True,42-15-14-38-44-16-61-85-86-84-5-57-43-91-17-100-37-98-93-60|1-65-39-67-23-41-22-75-56-54-74-4-55-25-24-80|50-33-29-3-30-71-34-78-79-81-9-51-20-32-66-35-68-77-70|83-45-82-48-47-36-62-63-64-11-19-88-18-8-7-90-49-46-10-31|27-12-26-21-72-13-59-96-94|52-6-89-95-2-58|69-28-73-40-53-97|76-99-87|92
338,4,1436.5302,659.6488,380.0,992.4065,0,4,99.583637,99.707412,True,28-27-69-31-62-11-64-19-48-7-88-99-85-98-59-95-87-57-2-21-72-75-56-55-54-4-74-13-96-17-100-37-93-60-89-58-25-80|94-92-42-14-45-47-36-63-30-71-76-3-79-78-81-9-51-90-49-46-82-10-20-32-66-35-68-24-77-1-70-52|50-33-65-34-29-23-15-44-16-61-5-83-18-40-22-41-84-91-43-97|26-12-39-67-73-38-86-8-53-6
339,4,1438.6314,859.7736,126.0,923.1622,0,4,100.214001,100.332638,True,50-33-65-39-23-15-16-61-85-99-96-2-73-22-40-53-6-5-84|92-42-14-45-36-62-63-64-47-19-11-88-18-8-49-46-48-82-7-10-32-66-35-34-3-77-1-70-31-52|28-29-12-91-44-38-67-87-86-41-57-21-56-75-43-97-13-94-95-59-98-37-100-93-17-60-83-89|27-69-76-30-71-90-51-81-79-78-9-20-68-54-72-74-4-55-25-24-80-26-58
340,4,1438.8534,1054.1431,54.0,906.8238,0,4,100.280608,100.418817,True,63-36-47-45-92-42-23-15-38-44-16-61-85-40-53-52-90-49-46-48-10-20-66-32-70|14-98-59-27-50-33-65-29-71-64-19-18-99-86-84-8-6-94-97-13-37-91-100-93-17-60-89|95-96-5-83-82-7-11-62-1-69-31-88-30-51-9-81-79-78-35-34-24-25-80-3-77|28-26-21-72-39-67-12-76-73-2-87-57-22-41-43-75-56-55-54-68-4-74-58
341,4,1439.5675,631.3016,399.0,981.1059,0,4,100.494829,100.615468,True,12-28-27-52-69-31-62-11-64-19-48-88-18-83-5-99-85-98-37-59-95-21-72-75-56-55-54-4-74-13-96-17-100-93-60-89-58-25-80|94-92-42-14-45-47-36-63-30-71-76-3-79-78-81-9-51-90-49-46-82-7-10-20-32-66-35-68-24-77-1-70|50-33-65-34-29-2-15-44-16-61-40-73-22-41-57-53-84-91-43-97|26-39-67-23-38-86-87-8-6
342,4,1442.7505,1049.9098,101.0,906.4876,0,4,101.449745,101.593138,True,63-36-47-45-92-42-14-23-15-38-44-61-85-41-22-8-49-46-10-20-66-32-70|98-59-27-33-65-64-11-19-62-88-52-16-99-18-84-86-91-6-97-13-37-100-93-17-60-89|94-95-96-5-83-82-48-7-31-69-1-50-3-29-76-30-71-90-51-81-79-78-9-35-34-24-25-80-77-12|28-26-21-39-67-73-40-53-87-2-57-43-75-56-4-55-54-68-72-74-58
343,4,1446.4279,656.36,401.0,974.3165,0,4,102.552947,102.678584,True,12-3-28-27-52-69-31-62-11-64-19-88-7-82-18-83-5-99-85-98-37-59-2-72-75-56-55-54-4-74-13-96-17-100-93-60-89-58-25-26|94-92-42-14-45-47-36-63-30-71-76-79-78-81-9-51-90-49-46-48-10-20-32-66-35-68-24-80-77-1-70|50-33-65-34-29-21-15-44-16-61-95-40-73-22-41-57-53-84-91-43-97|39-67-23-38-86-87-8-6
344,4,1446.7502,735.8014,336.0,928.2819,0,4,102.649638,102.773883,True,27-52-31-62-11-64-19-88-7-82-18-83-99-96-6-94-95-41-91-98-37-97-2-56-75-74-13-100-93-17-60-89|59-92-42-14-45-47-36-63-69-3-29-76-30-71-78-79-81-9-51-90-49-46-48-10-20-32-66-35-68-24-80-77-1-70|50-33-65-34-39-23-15-16-44-38-40-21-22-57-8-84-5-85-43-72-4-54-55-25-26-58|28-12-67-73-61-86-87-53
345,4,1448.8454,571.7286,439.0,983.8909,0,4,103.278206,103.39711,True,26-12-3-28-27-52-69-31-62-11-64-19-48-7-88-18-6-99-83-8-5-85-98-59-21-72-75-56-55-54-4-74-13-96-17-100-93-60-89-58-25-80|94-92-42-14-45-47-36-63-30-71-76-79-78-81-9-51-90-49-46-82-10-20-32-66-35-68-24-77-1-70|50-33-65-34-29-2-15-44-16-61-95-40-73-22-41-57-53-84-91-43-97|39-67-23-38-86-37-87
346,4,1450.3794,592.587,406.0,981.1059,0,4,103.738399,103.857175,True,26-12-3-28-27-52-69-31-62-11-64-19-48-7-88-18-99-83-8-5-85-98-59-21-72-75-56-55-54-4-74-13-96-17-100-93-60-89-58-25-80|92-42-14-45-47-36-63-30-71-76-79-78-81-9-51-90-49-46-82-10-20-32-66-35-68-24-77-1-70|50-33-65-34-29-2-15-44-16-61-95-40-73-22-41-57-53-84-91-43-97|39-67-23-38-86-37-87-94-6
347,4,1453.6684,1038.9919,89.0,906.4876,0,4,104.725114,104.868944,True,63-36-47-45-92-42-14-44-15-23-73-16-38-87-57-53-49-46-10-20-66-32-70|27-28-33-65-64-11-62-19-88-61-99-52-18-8-84-5-6-94-95-97-43-91-100-93-17-60-89|83-82-48-7-31-69-1-3-29-76-50-30-71-90-51-81-79-78-9-35-34-24-25-80-77-12|26-21-72-39-67-40-41-22-86-85-98-37-59-96-75-56-55-68-54-4-74-2-13-58
348,4,1454.956,702.7676,324.0,924.6541,0,4,105.111385,105.231392,True,37-14-85-98-27-28-50-33-1-69-62-11-64-19-88-7-18-87-86-84-48-49-46-59-97-13-100-93-17-60-89|94-95-42-92-96-5-83-45-82-52-31-3-29-76-30-71-90-51-81-79-78-9-20-10-32-66-35-68-24-4-25-80-77-70|12-34-65-63-36-47-16-38-44-91-61-99-8-6-21-75-41-57-2-43-56-74-55-54-26-58|15-39-67-23-72-73-22-40-53
349,4,1455.4328,1063.6087,28.0,920.6701,0,4,105.254442,105.398522,True,63-36-47-45-92-42-23-15-38-44-16-61-85-41-40-53-52-7-49-46-10-20-66-32-70-1|14-98-59-27-50-33-65-29-71-64-19-18-99-86-84-8-6-94-97-37-91-100-93-17-60-89|95-96-5-83-82-48-11-62-31-69-88-30-90-51-81-79-78-9-35-34-24-25-80-3-77-12|28-26-72-39-67-76-21-73-22-87-2-57-43-75-56-55-54-68-4-74-13-58
350,4,1461.8497,708.193,210.0,918.5353,0,4,107.179493,107.290064,True,33-65-27-39-23-15-44-16-61-99-95-73-22-40-53|92-37-14-45-47-36-63-69-28-62-11-64-19-88-18-83-84-8-48-49-46-82-7-32-66-35-34-3-77-50-70-31-52|1-30-29-76-71-90-51-81-79-78-9-20-10-68-54-24-55-4-72-74-25-80-12-26-58|94-98-91-42-67-38-86-6-87-2-57-41-75-56-21-43-97-13-96-60-5-17-85-100-93-59-89
351,4,1464.2124,1014.6016,51.0,899.0223,0,4,107.888316,108.026731,True,65-63-47-39-23-15-38-16-61-40-53-52-8-82-7-49-46-10-20-66-32-70|92-37-98-27-69-1-33-3-29-71-64-19-88-18-99-85-86-84-59-97-100-93-17-60-89|94-95-96-5-83-45-48-36-11-62-31-76-50-30-90-51-81-79-78-9-35-34-24-25-80-77|28-26-42-14-44-91-73-72-75-67-41-22-87-6-2-57-43-56-4-55-54-68-12-21-74-13-58
352,4,1465.171,693.2673,231.0,923.1622,0,4,108.175881,108.288005,True,2-42-14-45-47-36-63-64-30-69-11-19-88-18-83-86-84-8-49-46-48-82-7-10-32-66-35-77-50-70-31|3-33-65-34-29-12-98-91-38-67-41-87-6-59-37-57-21-72-56-75-43-97-13-60-5-17-85-100-93-96-89|27-52-62-28-76-71-90-51-81-79-78-9-20-1-68-54-74-4-55-25-24-80-26-58|94-92-39-23-15-44-16-61-99-95-73-22-40-53
353,4,1465.8457,731.667,185.0,923.1622,0,4,108.37829,108.491775,True,2-42-14-45-36-47-48-28-69-30-64-11-19-18-83-86-84-8-49-46-82-7-10-32-66-35-77-50-70-31|3-33-65-34-29-12-91-16-44-38-67-87-57-41-21-72-56-75-43-97-13-60-5-17-100-98-93-96-89|27-52-62-63-71-76-1-88-90-51-81-79-78-9-20-68-54-74-4-55-25-24-80-26-58|94-92-39-23-15-37-85-61-99-59-95-73-22-40-53-6
354,4,1471.759,886.3965,224.0,908.178,0,4,110.152305,110.292427,True,2-59-5-45-47-36-63-64-11-69-88-19-48-8-18-90-49-46-82-7-10-32-66-35-77-1-70-31|39-3-33-65-34-29-12-28-67-38-86-91-87-84-57-43-75-56-72-21-13-60-83-17-85-100-98-93-96-89|27-52-62-30-50-76-71-51-81-79-78-9-20-68-54-24-55-4-74-25-80-26-58|94-92-37-14-42-23-15-44-16-61-99-95-40-73-22-41-53-6-97
355,4,1477.7474,688.4884,215.0,918.9894,0,4,111.9488,112.061754,True,65-33-26-42-39-23-15-44-16-61-99-96-73-22-40-53|45-47-36-63-62-31-69-28-27-52-88-11-64-19-18-6-5-84-8-82-48-49-46-83-7-32-66-35-34-3-77-70|1-50-29-76-30-71-90-51-81-79-78-9-20-10-68-54-55-4-72-74-25-24-80-12|94-92-85-91-14-38-67-87-86-41-57-2-21-56-75-43-97-95-13-89-60-17-100-37-98-93-59-58
356,4,1480.389,998.4251,65.0,899.0223,0,4,112.741277,112.883519,True,82-36-47-45-92-42-14-23-38-44-16-85-99-22-40-53-52-49-46-10-20-66-32-70|98-59-96-27-28-33-63-64-11-19-62-88-83-61-5-18-8-84-86-91-6-97-13-37-100-93-17-60-89|94-95-48-7-31-1-65-29-3-69-76-50-30-71-90-51-81-79-78-9-35-34-24-25-80-77|26-21-15-39-67-72-73-41-2-87-57-43-75-56-4-55-54-68-12-74-58
357,4,1484.441,568.7287,474.0,953.9603,0,4,113.956889,114.085032,True,26-12-3-33-50-1-69-28-27-52-48-62-88-11-64-19-18-5-99-96-6-94-59-85-91-37-2-21-72-56-55-54-4-74-13-89-60-83-17-93-98-100-58-80|95-92-42-14-45-47-36-63-34-29-76-30-71-78-79-81-9-51-90-49-46-82-7-10-20-32-66-35-68-25-24-77-70-31|65-39-75-15-38-44-16-61-8-84-22-41-57-43-97|67-23-73-40-86-87-53
358,4,1488.0233,586.4108,459.0,954.8019,0,4,115.031584,115.16208,True,26-12-33-65-1-28-27-69-31-62-11-64-19-48-82-7-88-18-5-99-96-6-95-59-98-91-37-2-21-72-75-56-55-54-4-74-13-60-83-17-100-93-89-58-80|94-92-42-14-45-47-36-63-34-29-3-76-30-71-78-79-81-9-51-90-49-46-10-20-32-66-35-68-25-24-77-50-70-52|15-44-16-38-61-40-73-22-57-8-84-85-43-97|39-67-23-86-87-41-53
359,4,1490.1274,555.3832,403.0,938.2345,0,4,115.662811,115.7812,True,12-33-50-69-27-52-48-62-19-64-11-88-18-5-99-96-6-94-95-59-37-21-72-75-56-55-54-4-74-13-89-60-17-85-93-98-100-58|92-42-14-91-45-47-36-63-34-29-76-30-71-51-79-78-81-9-90-49-46-82-7-10-20-32-66-35-68-24-25-80-77-70-31|1-65-3-39-15-16-44-38-61-40-73-22-41-53-2-57-43-97|28-26-67-23-86-87-84-8-83
360,4,1492.3238,677.2329,244.0,908.178,0,4,116.321739,116.438655,True,95-83-45-47-36-63-69-30-64-11-19-88-18-99-86-8-48-49-46-82-7-10-32-66-35-77-50-1-70|3-33-65-34-29-12-91-16-38-67-41-87-59-84-37-57-21-72-56-75-43-97-13-60-5-17-85-100-93-96-89|52-62-31-27-28-76-71-90-51-81-79-78-9-20-68-54-24-55-4-74-25-80-26-58|94-92-14-42-39-23-15-44-61-98-2-73-22-40-53-6
361,4,1492.3777,552.7643,365.0,938.2345,0,4,116.33789,116.452761,True,50-33-65-1-69-28-27-52-48-62-11-64-19-88-18-5-99-96-6-95-59-85-91-2-21-72-56-55-54-4-74-13-37-100-93-17-60-89-58|42-14-45-47-36-63-34-29-3-76-30-71-51-79-78-81-9-90-49-46-82-7-10-20-32-66-35-68-24-25-80-77-70-31|94-92-98-44-16-38-61-40-73-22-41-57-53-84-43-97|26-12-39-15-23-67-75-86-87-83-8
362,4,1500.2804,673.9772,241.0,908.178,0,4,118.708712,118.827227,True,65-33-42-21-39-23-15-44-16-61-99-2-73-22-40-53|92-37-14-45-36-47-62-63-64-11-19-88-52-18-6-84-8-48-49-46-83-82-7-32-66-35-34-3-77-70-31|28-29-12-98-91-38-67-87-86-41-57-72-56-75-43-97-95-96-60-5-17-85-100-13-94-59-93-89|27-69-76-50-30-71-90-51-81-79-78-9-20-10-1-68-54-24-55-4-74-25-80-26-58
363,10,1502.1693,4730.5893,395.0,878.1065,0,10,595.268397,596.00866,True,94-92-98-37-42-15-14-38-44-91-61-16-86-85-99-6-95-97-43-2-13-60-5-17-100-93-59-96-89|67-23-75-22-87-57-41|83-45-47-36-63-65-64-11-19-62-30-31-88-52-18-84-8-49-46-48-82-7-10-20-66-35-77|71-90-32-70|21-1-29-24-55-25-72|40-26-50-79-3-68-80|28-69-76-9-34-54-12-58|56-74-4|33-78-81-51-53|27-39-73
364,4,1504.5361,689.976,233.0,913.2733,0,4,119.985429,120.107585,True,45-36-47-27-28-63-64-19-11-30-52-18-83-86-8-49-46-48-82-7-10-32-66-35-77-50-1-70-31|39-3-33-65-34-29-12-67-38-87-59-6-84-37-57-21-72-56-75-43-97-13-89-60-17-5-93-85-100-96|69-62-88-76-71-90-51-81-79-78-9-20-68-54-24-55-4-74-25-80-26-58|94-95-92-98-91-14-42-2-23-15-44-16-61-99-73-41-22-40-53
365,4,1505.7143,652.9092,239.0,908.178,0,4,120.338896,120.455681,True,2-42-14-45-47-36-63-69-28-27-31-88-19-82-18-83-86-8-49-46-48-7-10-20-32-66-35-3-77-50-70|33-65-34-29-12-98-44-38-67-41-87-59-84-37-57-56-75-43-97-13-60-5-17-85-100-93-96-89|52-62-11-64-71-76-30-90-51-81-79-78-9-1-68-54-24-55-4-72-74-25-80-26-58|94-92-21-39-23-15-91-16-61-99-95-73-22-40-53-6
366,4,1506.9131,665.2908,203.0,908.178,0,4,120.698509,120.813911,True,42-14-45-47-36-63-69-28-30-64-11-19-82-18-83-86-8-48-49-46-7-10-32-66-35-77-50-70-31|3-33-65-34-29-12-98-91-38-67-41-87-59-84-37-57-72-56-75-43-97-13-60-5-17-85-100-93-96-89|27-52-62-88-76-71-90-51-81-79-78-9-20-1-68-54-24-55-4-74-25-80-26-58|94-92-21-39-23-15-44-16-61-99-95-2-73-22-40-53-6
367,4,1514.7501,672.4253,166.0,918.5353,0,4,123.049606,123.166283,True,65-33-27-42-39-23-15-44-16-61-99-59-73-22-40-53|45-47-36-63-62-31-69-28-52-88-11-64-19-7-18-6-84-8-82-48-49-46-83-32-35-34-3-77-50-70|1-29-76-30-71-90-51-81-79-78-9-10-20-66-68-54-24-55-4-72-74-25-80-12-26-58|94-92-85-91-14-38-67-87-86-41-57-2-21-56-75-43-97-95-13-89-60-5-17-100-37-98-93-96
368,4,1515.0389,991.8039,40.0,920.6701,0,4,123.136272,123.288662,True,63-36-47-82-39-23-15-44-61-73-67-41-40-53-52-49-46-48-10-20-66-32-70|96-85-45-27-28-69-1-30-62-11-19-16-86-18-8-84-6-59-97-43-100-93-17-60-89|94-5-83-7-31-50-33-65-71-64-88-90-51-81-79-78-9-35-34-68-24-25-80-3-77-12|95-92-37-98-91-14-42-26-29-76-2-38-99-87-57-22-75-56-55-54-4-74-72-21-13-58
369,4,1516.344,934.2316,226.0,906.8238,0,4,123.5278,123.68847,True,63-36-47-45-83-72-39-23-15-16-73-67-22-40-8-82-49-46-48-7-10-20-66-32-70|92-37-14-50-33-65-1-31-62-11-64-19-88-52-18-95-87-86-84-5-59-97-13-60-17-85-100-93-89|42-27-69-30-29-76-71-90-51-81-79-78-9-35-34-24-4-25-80-3-77|28-94-98-91-44-38-61-99-96-6-53-21-75-41-57-2-43-56-74-55-54-68-12-26-58
370,4,1518.6984,541.3627,417.0,967.3964,0,4,124.234119,124.36475,True,26-12-33-1-69-27-52-48-62-88-11-64-19-8-18-83-5-96-6-95-59-85-37-2-72-75-56-55-54-4-74-13-100-93-17-60-89-58-80|94-92-42-98-45-47-36-63-3-29-76-30-71-51-79-78-81-9-90-49-46-82-7-10-20-32-66-35-68-25-24-77-50-70-31|65-34-39-15-14-44-16-38-61-40-73-22-41-57-53-84-91-43-97|28-21-67-23-86-99-87
371,4,1522.3399,970.6566,121.0,906.8238,0,4,125.32655,125.483982,True,63-36-47-5-59-92-72-39-23-15-73-67-22-40-53-84-49-46-10-20-66-32-70|14-27-50-33-65-1-69-62-11-64-19-88-18-99-87-86-85-97-13-37-100-93-17-60-89|94-95-42-96-83-45-82-48-7-52-31-30-29-76-71-90-51-81-79-78-9-35-34-24-4-25-80-3-77|28-98-91-44-38-16-61-8-6-21-75-41-57-2-43-56-74-55-54-68-12-26-58
372,4,1528.1676,964.8289,7.0,906.8238,0,4,127.074863,127.221769,True,52-82-47-36-92-2-39-23-15-91-61-99-67-22-41-53-49-46-48-7-10-20-66-32-70|85-96-50-33-1-62-63-11-19-16-44-38-86-18-8-84-6-95-97-37-100-93-17-60-89|94-5-45-83-31-65-64-88-30-71-90-51-81-79-78-9-35-34-68-24-25-80-3-77|42-14-98-59-27-69-28-29-76-12-26-21-72-75-73-40-87-57-43-56-55-54-4-74-13-58
373,4,1530.1165,962.5439,127.0,906.4876,0,4,127.659529,127.818627,True,63-36-47-7-28-39-23-15-44-61-67-41-22-40-53-82-49-46-10-20-66-32-70|95-14-85-27-33-65-64-11-19-62-88-18-99-87-86-84-5-59-97-37-100-93-17-60-89|94-42-92-96-83-45-48-52-31-69-1-50-3-29-76-30-71-90-51-81-79-78-9-35-34-24-25-80-77-12|26-21-72-75-73-2-98-16-38-91-8-6-57-43-56-4-55-54-68-74-13-58
374,4,1532.5631,946.2509,92.0,899.0223,0,4,128.393532,128.546299,True,65-63-47-26-39-23-15-38-16-61-41-22-40-53-52-7-49-46-82-10-20-66-32-70|92-37-98-85-27-69-1-33-3-29-71-64-19-18-99-84-86-59-97-100-93-17-60-89|94-95-96-5-83-45-48-36-11-62-88-31-50-30-90-51-81-79-78-9-34-35-68-24-25-80-77|28-42-14-91-44-76-67-72-73-2-87-8-6-57-43-75-56-4-55-54-12-21-74-13-58
375,4,1536.3951,955.9993,71.0,899.0223,0,4,129.543112,129.696391,True,63-36-47-92-39-23-15-16-61-67-41-22-40-53-52-7-49-46-48-10-20-66-32-70-31|37-98-85-45-62-11-19-91-44-38-86-18-8-84-6-59-97-43-100-93-17-60-89|94-95-96-5-83-82-33-65-64-88-30-71-90-51-81-79-78-9-35-34-68-24-25-80-77|42-14-28-27-69-1-50-3-29-76-12-73-2-99-87-57-21-55-56-75-74-72-4-54-26-13-58
376,4,1543.1187,932.0017,163.0,906.4876,0,4,131.560203,131.72222,True,63-36-47-45-92-42-14-23-15-38-44-85-18-41-22-53-49-46-48-82-10-20-66-32-70-31|94-98-59-96-27-28-33-65-64-11-62-19-61-16-86-91-99-84-8-83-6-97-13-60-5-17-100-37-93-89|95-69-1-3-29-76-50-30-71-90-51-81-79-78-9-35-34-24-25-80-77-12|39-72-21-26-52-7-88-67-73-40-2-87-57-43-75-56-55-54-68-4-74-58
377,4,1543.4887,628.7152,284.0,908.178,0,4,131.671189,131.800177,True,42-14-45-47-36-63-69-28-30-64-11-19-18-83-86-8-48-49-46-82-7-10-32-66-35-77-50-70-31|39-3-33-65-34-29-12-98-91-38-67-41-87-59-84-37-57-21-72-56-75-43-97-13-60-5-17-85-100-93-96-89|27-52-62-88-76-71-90-51-81-79-78-9-20-1-68-54-24-55-4-74-25-80-26-58|94-92-2-23-15-44-16-61-99-95-73-22-40-53-6
378,4,1547.6891,942.5612,23.0,920.6701,0,4,132.931306,133.084405,True,47-36-63-39-23-15-16-61-99-67-22-41-52-49-46-48-10-20-66-32-70|96-59-85-45-27-50-33-1-69-62-11-19-91-44-38-86-18-6-8-84-17-100-98-93-60-89|5-83-82-7-31-65-64-88-30-71-90-51-81-79-78-9-35-34-68-24-25-80-3-77-12|94-95-92-37-14-42-28-29-76-26-21-72-75-73-40-53-87-57-43-97-56-55-54-4-74-2-13-58
379,4,1549.9364,622.2675,281.0,908.178,0,4,133.605523,133.735178,True,2-42-14-45-47-36-63-69-28-30-11-64-19-88-18-83-86-8-48-49-46-82-7-10-32-66-35-3-77-50-70-31|21-39-33-65-34-29-12-98-91-38-67-41-87-59-84-37-57-72-56-75-43-97-13-60-5-17-85-100-93-96-89|27-52-62-76-71-90-51-81-79-78-9-20-1-68-54-24-55-4-74-25-80-26-58|94-92-23-15-44-16-61-99-95-73-22-40-53-6
380,4,1562.9422,609.2617,313.0,908.178,0,4,137.507251,137.642057,True,2-95-83-45-47-36-63-69-28-30-64-11-19-88-18-99-86-8-48-49-46-82-7-10-32-66-35-77-50-70-31|39-3-33-65-34-29-12-91-16-38-67-41-87-59-84-37-57-21-72-56-75-43-97-13-60-5-17-85-100-93-96-89|27-52-62-76-71-90-51-81-79-78-9-20-1-68-54-24-55-4-74-25-80-26-58|94-92-14-42-23-15-44-61-98-73-22-40-53-6
381,4,1564.8798,607.3241,248.0,908.178,0,4,138.08854,138.217137,True,2-42-14-45-47-36-63-64-30-69-11-19-88-18-83-86-84-8-48-49-46-82-7-10-32-66-35-77-50-70-31|39-3-33-34-29-12-98-91-38-67-41-87-59-37-57-21-72-56-75-43-97-13-60-5-17-85-100-93-96-89|27-52-65-62-76-71-90-51-81-79-78-9-20-1-68-54-24-55-4-74-25-80-26-58|28-94-92-23-15-44-16-61-99-95-73-22-40-53-6
382,4,1574.9027,918.0938,180.0,906.8238,0,4,141.095414,141.26663,True,63-36-47-92-72-39-23-15-16-61-73-67-22-40-53-49-46-10-20-66-32-70|37-14-85-98-27-33-65-50-1-69-62-11-64-19-88-18-87-86-84-59-97-13-100-93-17-60-89|94-95-42-96-5-83-45-82-48-7-52-31-30-29-76-71-90-51-81-79-78-9-35-34-24-4-25-80-3-77|28-38-44-91-99-8-6-21-75-41-57-2-43-56-74-55-54-68-12-26-58
383,4,1581.0529,897.7612,53.0,899.0223,0,4,142.94045,143.096591,True,63-36-47-92-39-23-15-16-61-67-41-22-40-53-52-7-49-46-82-10-20-66-32-70|37-98-85-27-69-1-33-3-29-71-64-19-88-18-99-86-84-59-97-100-93-17-60-89|94-95-42-96-5-83-45-48-11-62-31-76-50-30-90-51-81-79-78-9-35-34-24-25-80-77|65-28-26-91-14-44-38-75-72-73-2-87-8-6-57-43-56-4-55-54-68-12-21-74-13-58
384,4,1589.6814,614.7812,244.0,916.0384,0,4,145.529014,145.666949,True,65-33-27-92-42-39-23-15-44-16-61-99-73-22-40-53|2-14-45-47-36-63-69-28-30-62-11-64-19-88-18-6-84-8-48-49-46-83-82-7-32-66-35-34-3-77-50-70-31-52|29-12-94-91-38-67-87-86-41-57-21-72-56-75-43-97-95-13-89-60-5-17-85-100-37-98-93|59-96-76-71-90-51-81-79-78-9-20-10-1-68-54-24-55-4-74-25-80-26-58
385,4,1631.7799,568.2533,328.0,908.178,0,4,158.15855,158.309357,True,2-95-45-47-36-63-69-27-28-30-64-11-19-88-18-83-86-8-48-49-46-82-7-10-32-66-35-77-50-70-31|39-3-33-65-34-29-12-98-91-38-67-41-87-59-84-37-57-21-72-56-75-43-97-13-60-5-17-85-100-93-96-89|94-92-42-15-52-62-76-71-90-51-81-79-78-9-20-1-68-54-24-55-4-74-25-80-26-58|14-44-23-73-16-61-99-40-22-53-6
386,4,1631.9658,568.0673,323.0,908.178,0,4,158.214341,158.364675,True,42-14-45-47-36-63-69-28-30-64-11-19-88-18-83-86-8-48-49-46-82-7-10-32-66-35-77-50-70-31|39-3-33-65-34-29-12-95-98-91-38-67-41-87-59-84-57-21-72-56-75-43-97-13-60-5-17-85-100-93-96-89|15-2-27-52-62-76-71-90-51-81-79-78-9-20-1-68-54-24-55-4-74-25-80-26-58|94-92-37-44-23-73-16-61-99-40-22-53-6
387,4,1641.7939,551.0255,323.0,918.5353,0,4,161.162753,161.315033,True,42-14-45-47-36-63-69-28-30-64-11-19-18-86-6-8-82-48-49-46-7-10-32-66-35-77-50-70-31|21-39-3-33-65-34-29-98-91-38-67-41-87-59-84-37-57-72-56-75-43-97-13-60-83-17-5-85-100-93-96-89|27-94-92-15-2-52-62-88-76-71-90-51-81-79-78-9-20-1-68-54-24-55-4-74-25-80-12-26-58|95-44-23-73-16-61-99-40-22-53
388,4,1689.9896,493.1619,356.0,918.5353,0,4,175.621463,175.782822,True,2-42-92-95-5-83-45-47-36-11-69-71-64-19-18-99-86-8-48-49-46-82-7-10-32-66-35-3-77-50-1-70-31|39-33-65-34-29-28-96-16-38-67-41-87-59-84-37-57-56-75-43-97-13-60-17-85-91-100-93-89|14-94-27-52-63-62-44-15-88-30-90-51-81-79-78-9-20-68-54-24-55-4-72-74-25-80-12-26-58|21-23-98-61-76-73-22-40-53-6
389,10,1737.5589,4620.8085,300.0,880.3246,0,10,578.801274,579.58652,True,92-42-14-44-16-85-99-6-95-97-70-1|27-50-33-71-9-51-81-79-78-2-13-59-96-60-5-91-100-37-98-93-89|28-39-23-72-73-21-40-87-57-41-22-75-56-4-55-25-26|83-45-47-11-62-88-31-52-18-84-8-82-48-7-10-20-35-34-3-68-80-12|15-64-90-46-17-94-58|76-54-24-77|29-66-32-74|67-53-86-49|36-19-30-61-38-43|63-65-69
390,13,1841.7161,6231.5284,387.0,870.095,0,13,820.409261,821.475427,True,37-14-85-98-27-33-65-50-1-69-62-11-64-19-88-18-84-86-49-46-60-17-100-93-59-89|96-5-83-45-82-48-7-52-31-30-71-90-51-81-79-78-9-20-10-32-66-35-34-3-70|63-36-47-61-91-44-38-16-99-8-6|26-43-74-54-12-95-94|77|80|15-57-58|68-72-75-2|53-21-41-4-55-25|28-29-76-97-13-24|92-42-40-73-22-56|67-23-87|39
391,11,1931.9521,4375.4153,305.0,888.2649,0,11,541.992299,542.801045,True,92-42-14-44-16-86-85-6-95-97-32-70|50-33-65-29-76-79-78-81-9-51-90-59-43-74-2-13-60-17-91-100-98-93-96-89|28-69-39-67-72-73-21-87-57-41-22-75-56-4-54-24-25-26-58|83-45-36-63-19-62-88-31-52-18-94-84-8-46-48-82-7-10-3-68-80-12|30|37-55-77-1|15-53-34-35-5|61-66-20|40-99-49|47-11-64-71-38|27-23
392,10,1959.5478,4341.0904,344.0,888.321,0,10,536.843557,537.65904,True,33-65-39-23-15-16-61-85-99-95-73-22-40-53|14-36-63-64-47-19-11-88-52-18-6-84-83-8-48-49-46-7-10-32-66-3-77-1-31|29-37-44-38-67-87-86-41-57-21-56-43-97-13-60-17-91-100-98-93-94|69-76-71-9-78-79-90-20-54-72-74-4-55-25|82-96-42-2-27-12-68-26-75-59|50-30-70|34-62-5-89|45-92-24-80|51-81-35-58|28
393,12,1962.6962,4559.4528,324.0,887.3603,0,12,569.597916,570.445555,True,92-15-38-44-61-86-85-99-95-97-2-13-60-17-91-100-37-98-93-59-96|28-67-23-72-40-87-57-54-56-75-74-55-25-58|65-63-45-19-62-30-31-88-52-84-82-49-46-48-7-10-20-66-35-34-77|27-1-33-3-79-78-81-9-51-32-70|24-12-50-26-94-5-83-89|14-47-76-21-4-80|41-43-68|16-73-22-6-53|18-8-90|42-69-11-64-71|39-29|36
394,13,1999.4505,5468.8264,323.0,873.2132,0,13,706.00396,706.997109,True,63-36-45-92-42-14-38-16-85-99-6-53-52-20-66-32-70|27-33-65-62-19-88-18-86-84-8-49-46-17-91-100-98-60-89|94-96-5-82-48-1-50-3-71-30-90-51-81-79-78-9-35-34-68-77|28-21-72-73-2-87-57-43-56-55-4-13|47-83-59-37-95-74-75-58|7-11-24-80|31-69-54-25-12|26-41-97-93|61-22-40-10|76-67|23-15-44|29-64|39
395,10,2021.2899,3584.3522,401.0,890.4541,0,10,423.332828,424.059343,True,45-47-63-64-11-88-18-86-8-82-7-49-32-66-70-50-77|39-33-65-29-12-67-37-38-84-59-57-41-75-72-21-97-13-60-5-17-85-100-93-96-89|27-52-62-76-79-78-81-9-51-90-20-1-68-54-24-55-4-74-25-80-26|92-23-15-44-16-61-99-95-22-40-6|28-34-71-31-19-91-2-56|48-94-43-58|53-98-83-10-35-3|30-73-87|69-14|42-36-46
396,10,2066.6692,4008.0498,476.0,875.6696,0,10,486.887475,487.696442,True,26-12-3-50-1-28-27-69-31-62-11-19-88-7-82-18-83-99-96-6-94-95-98-91-37-97-2-75-56-72-21-13-100-93-60-89|59-92-42-14-45-47-63-76-79-78-81-9-51-90-48-10-66-35-68-77|33-34-39-23-15-44-40-73-22-57-85-84-5-74-4-55-25-58|61-87-53|71-30-52-8-32-70|29-43-17-80|20-24-54|64-46|36-86-41-49|65-67-16-38
397,13,2160.5371,5714.9113,263.0,888.9049,0,13,742.916695,743.991436,True,63-36-47-45-92-42-23-15-38-44-85-61-49-46-20-66-32|27-28-33-62-64-19-88-52-18-86-13-37-100-93-17-89|94-96-83-31-30-51-50-81-3-79-78-9-35-34-77-12|26-21-72-39-67-40-2-57-75-56-55-54-4-74-58|29-82-98-43-95-80|24-1-70-5|84-48-7-60-59|22-91-68-25|69-76-71-8-10-97|73-41-6-53|11-90|99-16-87|14-65
398,14,2168.454,5972.2279,229.0,885.4059,0,14,781.51418,782.626269,True,36-47-27-28-39-23-15-16-61-87-41-10-32-70|92-85-69-62-11-19-8-18-6-84-100-93-60-89|95-83-45-7-31-30-81-79-78-9-35-34-24-80-77|12-72-2-42-14-44-98-94-22-56-55-4-74-13-58|96-5-37-82-48-52-1-50-3-26-21-40|88-99-97|76-53|57-68-54-25|33-20-17|75-73-59-46-91-43|90-66|65-71-29-38-86-49|51|63-64-67
399,13,2208.6451,5659.1722,261.0,891.4536,0,13,734.555839,735.636834,True,50-33-39-23-15-16-61-85-99-95-2-40-53|92-45-83-52-88-19-48-8-82-7-10-32-66-35-34-3-77-1-31|28-12-37-44-75-87-97-13-60-5-91-100-98-93-59-96-94|27-51-9-81-78-68-55-4-72-54-80-26|63-64-25|74-21-70|14-58-89|86-43-17-24|57-22-6-46-20-56|42-38-67-79-90-49|62-69-76-73-41-84|29-71-11-30-18|47-36-65
400,22,2320.3185,11529.837,135.0,870.541,0,22,1615.155556,1617.137616,True,92-14-44-16-91-100-59|39-23-22-57-97-13-34|53|12-76-7-18-95-87-75-56-72|27-69-30-70|1-62-47-36-49-32-77|73|63-11-10-31|8-83-60-89|42-43-98-93|33-71-9-78-79-68-54-4|99-85-61-5-50|28-29-24-55-25-26|82-88|37-17|40-3-35|48-58|52-6-96-84-46-94-2-74|20-66-21|86-41-80|64-15-67-81-51-90|65-45-38-19
