Rank,Z1_Vehicles,Z2_Distance,Z3_WaitTime,Z4_LoadBalance,Z5_Makespan,Unserved,Num_Routes,ASF,ASF_aug,In_ROI,Routes
1,4,902.3177,1083.1261,221.0,760.4945,0,4,84.397541,84.482298,True,6-95-99-59-98-85-16-86-38-44-14-43-42-97-92-37-100-91-93-96|28-29-12-39-67-23-75-72-73-21-2-40-53-94-13-87-57-15-41-22-74-56-4-25-55-54-24-80-68-77-26-58|27-69-31-88-62-7-83-84-5-61-17-45-18-8-46-36-49-48-60-89|52-82-47-19-11-64-63-90-30-51-71-9-81-33-76-50-3-79-78-34-35-65-66-20-32-10-70-1
2,4,904.1852,1089.9048,180.0,760.4945,0,4,85.414338,85.496572,True,6-95-99-59-98-85-16-86-44-38-14-43-42-92-97-37-100-91-93-96-13-58|28-29-12-39-67-23-75-72-21-73-2-40-53-94-87-57-15-41-22-74-56-4-25-55-54-24-80-68-77-26|27-69-31-88-62-7-83-5-61-84-17-45-18-8-46-36-49-48-60-89|52-82-47-19-11-64-63-90-30-51-71-9-81-33-76-50-3-79-78-34-35-65-66-20-32-10-70-1
3,4,905.6409,1075.9731,166.0,760.4945,0,4,83.324592,83.403773,True,6-95-59-98-44-14-38-86-16-61-85-93-99-94-96-92-37-42-43-100-91-97-13-58|28-12-29-67-23-75-72-21-73-2-40-53-87-57-15-41-22-74-56-39-4-25-55-54-24-80-68-77-26|27-69-31-88-62-7-83-5-84-17-45-18-8-46-36-49-48-60-89|52-82-47-19-11-64-63-90-30-51-71-9-81-33-76-50-3-79-78-34-35-65-66-20-32-10-70-1
4,4,914.0355,1050.9819,197.0,760.4945,0,4,79.57591,79.65696,True,6-95-59-98-44-14-38-86-16-61-85-93-99-96-92-37-43-100-91-97-13-58|28-29-76-12-39-67-23-75-72-21-73-2-40-53-94-87-42-57-15-41-22-74-56-4-25-55-54-24-68-80-26|27-69-31-88-62-7-83-5-84-17-45-18-8-46-36-49-48-60-89|52-82-47-19-11-64-63-90-30-51-71-9-81-33-77-50-3-79-78-34-35-65-66-20-32-10-70-1
5,4,916.5175,1065.0965,166.0,760.4945,0,4,81.693094,81.773907,True,6-95-59-98-61-16-86-38-14-44-85-93-99-94-96-92-37-42-43-100-91-97-13-58|28-12-29-23-75-72-73-21-2-40-53-87-57-15-41-22-74-56-4-39-67-25-55-54-24-80-68-77-26|27-69-31-88-62-7-83-5-84-17-18-8-45-46-36-49-48-60-89|52-82-47-19-11-64-63-90-30-51-71-9-81-33-76-50-3-79-78-34-35-65-66-20-32-10-70-1
6,4,922.6509,1070.6,157.0,776.5986,0,4,82.518619,82.603613,True,6-95-59-98-44-14-38-86-16-61-85-93-99-94-96-92-37-43-100-91-97-13-58|28-12-29-39-67-23-75-72-73-2-21-40-53-87-42-57-15-41-22-74-56-4-25-55-54-24-68-80-26|27-69-31-88-62-7-83-5-84-17-45-18-8-46-36-49-48-60-89|52-82-47-19-11-64-63-90-30-51-71-9-81-33-76-50-3-79-78-34-35-65-66-20-32-10-70-1-77
7,4,924.7185,1057.7301,138.0,760.4945,0,4,80.588144,80.667512,True,6-95-59-98-44-14-38-86-16-61-85-93-99-96-92-37-43-100-91-97-13-58|28-29-76-12-39-67-23-75-72-21-73-2-40-53-94-87-42-57-15-41-22-74-56-4-25-55-24-68-80-54-26|27-69-31-88-47-82-8-83-5-84-17-45-18-62-11-64-49-36-46-48-60-89|52-7-19-63-90-30-51-71-9-81-33-77-50-3-79-78-34-35-65-66-20-32-10-70-1
8,4,929.2651,1030.9888,129.0,760.4945,0,4,76.576943,76.652764,True,6-95-59-98-44-14-38-86-16-61-85-93-99-94-96-92-37-42-43-100-91-97-13|28-12-29-67-23-75-72-21-73-2-87-57-15-41-22-74-40-58-53-26-4-56-39-25-55-54-24-80-68-77|27-69-31-88-7-82-83-5-84-17-45-18-8-46-36-49-62-10-32-48-60-89|52-47-19-11-64-63-90-30-51-71-9-81-33-76-3-79-78-34-35-65-66-20-70-1-50
9,4,934.7082,1047.7214,201.0,756.5312,0,4,79.086835,79.173404,True,83-5-6-95-59-98-18-61-16-86-38-14-44-85-93-99-94-96-92-37-42-43-100-91-97-13|28-12-29-67-23-75-72-21-73-2-87-57-15-41-22-74-40-58-53-26-4-56-39-25-55-54-24-80-68-77|27-69-31-7-82-47-19-49-36-46-8-45-17-84-60-48-89|52-88-62-11-64-63-90-30-51-71-9-81-33-76-50-3-79-78-34-35-65-66-20-32-10-70-1
10,6,942.4363,2189.8227,170.0,748.0107,0,6,250.402034,250.658459,True,2-95-92-98-59-99-5-83-84-61-16-85-44-14-38-86-17-45-46-48|53-40-21-73-72-75-74-15-43-42-37-100-91-93-13-58|52-7-82-8-18-6-94-87-57-22-23-67-25-55-4-39-56-41-97-96-60-89|31-88-62-63-19-47-36-49-64-11-10-90-32-66-20-1|27-69-70-30-51-71-65-35-9-81-33-50|28-12-76-29-34-78-79-3-77-68-80-24-54-26
11,6,943.0394,2164.4958,197.0,731.8029,0,6,246.602988,246.856063,True,95-98-59-99-5-83-84-61-16-86-38-14-44-85-37-100-17-45-46-48|53-40-2-21-72-75-73-74-22-41-15-43-42-91-96|52-7-82-8-18-6-94-87-57-56-23-67-39-25-55-4-58-13-97-92-93-60-89|31-88-62-63-19-47-36-49-64-11-10-90-32-66-20-1|27-69-70-30-51-71-65-35-9-81-33-50|28-12-76-29-34-78-79-3-77-68-80-24-54-26
12,4,945.2519,1007.7527,158.0,760.4945,0,4,73.091528,73.171559,True,6-95-59-98-61-16-86-38-14-44-85-93-99-94-96-92-37-42-43-100-91-97-13|28-29-76-12-39-67-75-72-21-73-2-87-57-15-41-22-23-56-74-40-58-53-26-4-25-55-54-24-80-68-77|27-69-31-88-7-83-5-84-17-45-18-8-46-36-49-62-10-32-48-60-89|52-82-47-19-11-64-63-90-30-51-71-9-81-33-3-79-78-34-35-65-66-20-70-1-50
13,4,945.8729,1030.196,127.0,760.4945,0,4,76.458028,76.538512,True,6-95-59-98-44-14-38-86-16-61-85-93-99-94-96-92-37-42-43-100-91-97-13|28-76-29-67-39-75-72-21-73-2-87-57-15-41-22-23-56-74-40-58-53-26-4-25-55-54-24-80-68-77|12-27-69-31-88-7-82-83-5-84-17-45-18-8-46-36-49-62-10-48-60-89|52-47-19-11-64-63-90-30-51-71-9-81-33-50-3-79-78-34-35-65-66-20-32-70-1
14,4,947.6465,982.3422,162.0,768.3716,0,4,69.279959,69.358478,True,6-95-59-98-44-14-38-86-16-61-85-93-99-94-96-92-37-42-43-100-91-97-13|28-12-76-29-67-75-72-73-21-2-87-57-15-41-22-23-39-56-74-40-58-53-26-4-25-55-54-24-80-68-77|27-69-31-88-7-82-83-5-84-17-45-18-8-46-36-49-62-10-32-66-20-70-48-60-89|52-47-19-11-64-63-90-30-51-71-65-35-81-33-9-34-78-79-3-50-1
15,4,949.1794,937.1937,283.0,824.3092,0,4,62.507671,62.600369,True,2-15-42-95-59-98-85-61-16-86-38-44-14-57-87-94-99-84-45-17-93-37-92-97-43-100-91-96-60-48-89|28-76-29-12-40-21-73-72-75-56-41-22-74-23-67-39-25-55-4-54-24-80-68-77-26|27-69-31-88-52-82-47-19-11-63-90-30-51-71-9-81-33-50-3-79-78-34-35-65-66-20-32-10-70-1|6-5-83-18-7-62-64-49-36-46-8-13-58-53
16,4,949.4026,1025.1817,85.0,780.5979,0,4,75.705875,75.785481,True,95-98-59-99-5-84-61-85-16-86-38-44-14-42-57-15-43-37-17-45-46-48-60-89|52-7-82-83-8-18-6-94-87-23-67-25-55-4-39-56-74-22-41-97-92-100-91-93-96-13-58|28-27-69-30-31-88-62-63-11-19-47-36-49-64-10-90-32-66-20-70-1|2-21-72-75-73-40-53-12-76-29-81-71-65-35-9-51-33-34-78-79-3-50-77-68-80-24-54-26
17,4,950.8373,1006.1242,92.0,760.4945,0,4,72.847253,72.922116,True,6-95-59-98-44-14-38-86-16-61-85-93-99-94-96-92-37-42-43-100-91-97-13|28-12-76-29-67-75-72-21-73-2-87-57-15-41-22-23-39-56-74-40-58-53-26-4-25-55-54-24-80|27-69-31-88-7-82-83-5-84-17-45-18-8-46-36-49-62-10-32-48-60-89|52-47-19-11-64-63-90-30-51-71-9-81-33-77-68-3-79-78-34-35-65-66-20-70-50-1
18,3,951.6909,476.9315,66.0,871.6688,0,3,17.042485,17.052001,True,52-83-45-5-99-59-95-98-44-14-38-86-16-85-61-84-18-11-64-49-36-46-8-6-96-92-97-37-43-100-91-93-17-48-60-89|28-12-29-67-23-75-72-21-73-2-57-15-42-87-94-13-58-53-40-26-74-22-41-56-39-25-55-4-54-24-80-68-77|27-69-31-88-19-47-82-7-62-63-90-30-51-71-9-81-33-76-50-3-79-78-34-35-65-66-20-32-10-70-1
19,3,951.6909,476.9315,66.0,871.6688,0,3,17.042485,17.052001,True,52-83-45-5-99-59-95-98-44-14-38-86-16-85-61-84-18-11-64-49-36-46-8-6-96-92-97-37-43-100-91-93-17-48-60-89|28-12-29-67-23-75-72-21-73-2-57-15-42-87-94-13-58-53-40-26-74-22-41-56-39-25-55-4-54-24-80-68-77|27-69-31-88-19-47-82-7-62-63-90-30-51-71-9-81-33-76-50-3-79-78-34-35-65-66-20-32-10-70-1
20,6,953.4391,2191.1826,178.0,746.4175,0,6,250.606008,250.866499,True,95-98-59-99-5-83-84-61-16-100-85-44-14-38-86-17-45-46-48|40-21-72-75-73-2-87-57-15-43-42-91-37-13-58|52-7-82-8-18-6-94-23-67-25-55-4-39-56-74-22-41-97-92-93-96-60-89|27-31-88-62-63-11-19-47-36-49-64-10-90-32-66-20-1|28-69-70-30-51-71-65-35-9-81-33-50|53-12-76-29-34-78-79-3-77-68-80-24-54-26
21,4,954.4316,1002.6209,28.0,804.2313,0,4,72.321764,72.39734,True,21-2-42-14-38-44-100-98-85-61-16-86-17-84-18-6-94-26-58-13-97-92-37-91-93-96|53-40-73-72-75-23-67-39-56-87-57-15-43-41-22-74-4-25-55-54-24-80-68-77|27-52-88-62-63-30-70-31-69-28-12-76-29-81-71-65-35-9-51-33-34-78-79-3-50-1|95-59-99-5-83-45-8-82-7-19-47-36-49-64-11-90-20-66-32-10-46-48-60-89
22,6,955.9278,2182.7667,186.0,759.2153,0,6,249.343621,249.606315,True,95-98-59-99-5-83-84-61-16-86-38-14-44-85-37-100-17-45-46-48|12-40-21-72-75-73-2-57-15-43-42-91-93-96-13-58|52-7-82-8-18-6-94-87-41-23-67-39-25-55-4-56-74-22-97-92-60-89|31-88-62-63-19-47-36-49-64-11-10-90-32-66-20-1|27-69-70-30-51-71-65-35-9-81-33-50|53-28-76-29-34-78-79-3-77-68-80-24-54-26
23,6,956.8804,2174.5727,180.0,759.2153,0,6,248.114529,248.37568,True,95-92-98-59-99-5-83-84-61-16-100-85-14-44-38-86-17-45-46-48|21-72-75-73-2-87-57-15-43-42-37-91-93-96-13-58|52-7-82-8-18-6-94-40-22-41-23-67-39-25-55-4-56-74-97-60-89|28-31-88-62-63-11-19-47-36-49-64-10-90-32-66-20-1|27-69-70-30-51-71-65-35-9-81-33-50|53-12-76-29-34-78-79-3-77-68-80-24-54-26
24,4,957.6055,933.9894,274.0,801.0321,0,4,62.027032,62.117386,True,2-15-42-95-59-98-5-61-44-14-38-86-16-85-18-6-87-57-94-96-99-37-92-97-43-100-91-93-60-48-89|28-29-12-40-21-73-72-75-56-41-22-74-23-67-39-25-55-4-54-24-80-68-77-26|27-69-31-88-62-11-64-63-90-30-51-71-9-81-33-76-50-3-79-78-34-35-65-66-20-32-10-70-1|52-82-7-83-8-47-19-49-36-46-45-17-84-13-58-53
25,4,958.2676,945.9862,217.0,859.1425,0,4,63.826548,63.921916,True,2-15-42-95-59-98-85-61-16-86-38-44-14-57-87-92-96-99-84-45-17-93-37-97-43-100-91-60-48-89|28-76-29-12-40-21-73-72-75-56-41-22-74-23-67-39-25-55-4-54-24-68-80-26|27-69-31-52-82-47-36-64-11-63-90-30-51-71-9-81-33-77-50-3-79-78-34-35-65-66-20-32-10-70-1|6-5-83-18-7-88-62-19-49-46-8-94-13-58-53
26,4,958.3009,913.2055,226.0,809.7984,0,4,58.909451,58.993411,True,2-15-42-95-59-98-85-61-16-86-38-44-14-57-87-92-99-84-45-17-93-37-97-43-100-91-96-60-48-89|28-76-29-12-40-21-73-72-75-56-41-22-74-23-67-39-25-55-4-54-24-80-68-77-26|27-69-31-88-52-82-47-36-64-11-63-90-30-51-71-9-81-33-50-3-79-78-34-35-65-66-20-32-10-70-1|6-5-83-18-7-62-19-49-46-8-94-13-58-53
27,6,959.7084,2182.7124,186.0,749.0145,0,6,249.33548,249.59777,True,95-98-59-99-5-83-84-61-16-86-38-14-44-85-37-100-17-45-46-48|28-21-72-75-73-2-87-57-15-43-42-91-96-13-58|52-7-82-8-18-6-94-40-23-67-39-25-55-4-56-74-22-41-97-92-93-60-89|31-88-62-63-19-47-36-49-64-11-10-90-32-66-20-1|27-69-70-30-51-71-65-35-9-81-33-50|53-12-76-29-34-78-79-3-77-68-80-24-54-26
28,4,960.5389,904.9166,251.0,793.7731,0,4,57.666118,57.749602,True,2-95-59-98-44-14-38-86-16-61-85-42-15-57-87-92-99-84-45-17-93-37-97-43-100-91-96-60-89|28-76-29-12-40-21-73-72-75-56-41-22-74-23-67-39-25-55-4-54-24-80-68-77-26|27-69-31-88-52-82-47-36-64-11-63-90-30-51-71-9-81-33-50-3-79-78-34-35-65-66-20-32-10-48-70-1|6-5-83-18-7-62-19-49-46-8-94-13-58-53
29,4,961.2804,915.663,221.0,810.1274,0,4,59.278076,59.362848,True,2-15-42-95-59-98-85-61-16-86-38-44-14-57-87-92-99-84-45-17-93-37-43-100-91-97-96-60-48-89|28-76-29-12-40-21-73-72-75-56-41-22-74-23-67-39-25-55-4-54-24-80-68-77-26|27-69-31-88-52-82-47-11-64-63-90-30-51-71-9-81-33-50-3-79-78-34-35-65-66-20-32-10-70-1|6-5-83-18-7-62-19-36-49-46-8-94-13-58-53
30,4,961.5008,996.4544,106.0,760.4945,0,4,71.396782,71.474793,True,6-95-59-98-44-14-38-86-16-61-85-93-99-94-96-92-37-42-43-100-91-97-13|28-12-76-29-67-39-75-72-73-2-21-87-57-15-41-22-23-56-74-40-58-53-26-4-25-55-54-24-80-77|27-69-31-88-7-82-83-5-84-17-45-18-8-46-36-49-62-10-32-48-60-89|52-47-19-11-64-63-90-30-51-71-9-81-33-68-3-79-78-34-35-65-66-20-70-1-50
31,6,963.1132,2188.4861,156.0,759.2153,0,6,250.20154,250.464248,True,95-98-59-99-5-83-84-61-16-86-38-14-44-85-37-17-45-46-48|21-72-75-73-2-87-57-15-43-42-100-91-93-96-13-58|52-7-82-8-18-6-94-40-23-67-25-55-4-39-56-74-22-41-97-92-60-89|28-31-88-62-63-19-47-36-49-64-11-10-90-32-66-20-1|27-69-70-30-51-9-71-65-35-81-33-76-50|53-12-29-34-78-79-3-77-68-80-24-54-26
32,3,963.1639,415.231,26.0,821.4411,0,3,15.078127,15.070296,True,52-83-45-5-99-59-95-92-98-44-14-38-86-16-61-85-18-7-49-46-8-84-93-96-42-43-97-37-100-91-17-48-60-89|28-12-29-67-23-75-72-21-73-2-57-15-87-94-6-13-58-53-40-26-74-22-41-56-39-25-55-4-54-24-80-68-77|27-69-31-88-82-47-36-19-62-11-64-63-90-30-51-71-9-81-33-76-50-3-79-78-34-35-65-66-20-32-10-70-1
33,3,963.1639,415.231,26.0,821.4411,0,3,15.078127,15.070296,True,52-83-45-5-99-59-95-92-98-44-14-38-86-16-61-85-18-7-49-46-8-84-93-96-42-43-97-37-100-91-17-48-60-89|28-12-29-67-23-75-72-21-73-2-57-15-87-94-6-13-58-53-40-26-74-22-41-56-39-25-55-4-54-24-80-68-77|27-69-31-88-82-47-36-19-62-11-64-63-90-30-51-71-9-81-33-76-50-3-79-78-34-35-65-66-20-32-10-70-1
34,4,965.1599,968.8594,134.0,760.4945,0,4,67.257538,67.335307,True,6-95-59-98-44-14-38-86-16-61-85-93-99-94-96-92-37-42-43-100-91-97-13-58|28-12-29-67-75-72-21-73-2-40-53-87-57-15-41-22-23-39-56-74-4-25-55-54-24-80-77-26|27-52-7-82-83-5-84-17-45-18-8-46-36-49-62-10-32-48-60-89|76-69-31-88-47-19-11-64-63-90-30-51-71-9-81-33-68-3-79-78-34-35-65-66-20-70-1-50
35,4,965.3717,890.5279,194.0,793.0725,0,4,55.507805,55.584776,True,95-2-15-14-44-38-86-16-61-85-59-92-57-87-99-84-45-17-93-37-97-42-43-100-91-96-60-48-89|28-76-29-12-40-21-73-72-75-56-41-22-74-23-67-39-25-55-4-54-24-80-68-77-26|27-69-31-88-52-82-47-36-64-63-90-30-51-71-9-81-33-50-3-79-78-34-35-65-66-20-32-10-70-1|6-98-5-83-18-7-62-11-19-49-46-8-94-13-58-53
36,4,965.3717,890.5279,194.0,793.0725,0,4,55.507805,55.584776,True,95-2-15-14-44-38-86-16-61-85-59-92-57-87-99-84-45-17-93-37-97-42-43-100-91-96-60-48-89|28-76-29-12-40-21-73-72-75-56-41-22-74-23-67-39-25-55-4-54-24-80-68-77-26|27-69-31-88-52-82-47-36-64-63-90-30-51-71-9-81-33-50-3-79-78-34-35-65-66-20-32-10-70-1|6-98-5-83-18-7-62-11-19-49-46-8-94-13-58-53
37,4,965.407,1004.9252,71.0,788.1139,0,4,72.667408,72.748505,True,95-59-98-100-44-14-38-86-16-61-85-93-99-94-6-96-92-37-42-43-91-97-13|28-12-29-67-39-75-72-21-73-2-87-57-15-41-22-23-56-74-40-58-53-26-4-25-55-54-24-80-77|27-76-69-31-88-7-82-83-5-84-45-18-8-46-36-49-64-62-10-32-48-17-60-89|52-47-19-11-63-90-30-51-71-9-81-33-68-3-79-78-34-35-65-66-20-70-1-50
38,3,966.6822,420.8452,13.0,833.9385,0,3,16.13363,16.128271,True,83-5-99-59-95-98-61-44-14-38-86-16-85-18-7-49-46-8-45-84-96-92-42-43-97-37-100-91-93-17-48-60-89|28-12-29-67-23-75-72-21-73-2-6-94-13-87-57-15-41-22-74-40-58-53-26-4-56-39-25-55-54-24-80-68-77|27-69-31-88-52-82-47-36-19-62-11-64-63-90-30-51-71-9-81-33-76-50-3-79-78-34-35-65-66-20-32-10-70-1
39,3,966.6822,420.8452,13.0,833.9385,0,3,16.13363,16.128271,True,83-5-99-59-95-98-61-44-14-38-86-16-85-18-7-49-46-8-45-84-96-92-42-43-97-37-100-91-93-17-48-60-89|28-12-29-67-23-75-72-21-73-2-6-94-13-87-57-15-41-22-74-40-58-53-26-4-56-39-25-55-54-24-80-68-77|27-69-31-88-52-82-47-36-19-62-11-64-63-90-30-51-71-9-81-33-76-50-3-79-78-34-35-65-66-20-32-10-70-1
40,3,967.7617,392.1361,26.0,818.3205,0,3,16.457458,16.447073,True,52-83-5-99-59-95-92-98-61-44-14-38-86-16-85-93-18-8-49-36-46-45-84-96-37-42-43-97-100-91-17-48-60-89|28-29-12-39-67-23-75-72-21-73-2-6-94-13-87-57-15-41-22-74-40-58-53-26-4-56-25-55-54-24-80-68-77|27-69-31-88-11-64-19-47-82-7-62-63-90-30-51-71-9-81-33-76-50-3-79-78-34-35-65-66-20-32-10-70-1
41,3,967.7617,392.1361,26.0,818.3205,0,3,16.457458,16.447073,True,52-83-5-99-59-95-92-98-61-44-14-38-86-16-85-93-18-8-49-36-46-45-84-96-37-42-43-97-100-91-17-48-60-89|28-29-12-39-67-23-75-72-21-73-2-6-94-13-87-57-15-41-22-74-40-58-53-26-4-56-25-55-54-24-80-68-77|27-69-31-88-11-64-19-47-82-7-62-63-90-30-51-71-9-81-33-76-50-3-79-78-34-35-65-66-20-32-10-70-1
42,3,968.2963,401.6655,17.0,839.6845,0,3,16.617851,16.611362,True,52-83-5-99-59-95-92-98-44-14-38-86-16-61-85-18-49-46-8-45-84-96-97-42-43-91-100-37-93-17-48-60-89|28-12-29-39-67-23-75-72-21-2-73-41-15-57-87-94-6-13-58-53-40-26-74-22-56-4-25-55-54-24-80-68-77|27-69-31-88-82-47-36-64-11-19-7-62-63-90-30-51-71-9-81-33-76-50-3-79-78-34-35-65-66-20-32-10-70-1
43,3,968.2963,401.6655,17.0,839.6845,0,3,16.617851,16.611362,True,52-83-5-99-59-95-92-98-44-14-38-86-16-61-85-18-49-46-8-45-84-96-97-42-43-91-100-37-93-17-48-60-89|28-12-29-39-67-23-75-72-21-2-73-41-15-57-87-94-6-13-58-53-40-26-74-22-56-4-25-55-54-24-80-68-77|27-69-31-88-82-47-36-64-11-19-7-62-63-90-30-51-71-9-81-33-76-50-3-79-78-34-35-65-66-20-32-10-70-1
44,4,968.3706,888.8951,195.0,795.5578,0,4,55.262893,55.340991,True,2-15-42-98-100-44-14-38-86-16-61-85-59-87-57-92-99-84-45-17-93-37-97-43-91-96-60-48-89|28-76-29-12-40-21-73-72-75-56-41-22-74-23-67-39-25-55-4-54-24-80-68-77-26|27-69-31-88-52-82-47-36-64-11-63-90-30-51-71-9-81-33-50-3-79-78-34-35-65-66-20-32-10-70-1|6-95-5-83-18-7-62-19-49-46-8-94-13-58-53
45,3,968.6438,378.8346,78.0,804.873,0,3,16.722106,16.713174,True,52-83-5-99-59-95-92-98-61-16-44-14-38-86-84-18-7-49-46-8-45-17-96-37-42-43-97-100-91-93-60-48-89|28-12-29-67-23-75-72-21-73-2-85-6-94-13-87-57-15-41-22-74-40-58-53-26-4-56-39-25-55-54-24-80-68-77|27-69-31-88-82-47-36-64-11-19-62-63-90-30-51-71-9-81-33-76-50-3-79-78-34-35-65-66-20-32-10-70-1
46,3,968.6438,378.8346,78.0,804.873,0,3,16.722106,16.713174,True,52-83-5-99-59-95-92-98-61-16-44-14-38-86-84-18-7-49-46-8-45-17-96-37-42-43-97-100-91-93-60-48-89|28-12-29-67-23-75-72-21-73-2-85-6-94-13-87-57-15-41-22-74-40-58-53-26-4-56-39-25-55-54-24-80-68-77|27-69-31-88-82-47-36-64-11-19-62-63-90-30-51-71-9-81-33-76-50-3-79-78-34-35-65-66-20-32-10-70-1
47,3,968.7564,414.2226,19.0,826.0252,0,3,16.755866,16.749549,True,52-83-5-99-59-95-92-98-16-44-14-38-86-61-85-6-18-49-46-8-45-84-96-97-42-43-37-93-100-91-17-48-60-89|28-12-29-67-23-75-72-21-73-2-57-15-87-94-13-58-53-40-26-74-22-41-56-39-25-55-4-54-24-80-68-77|27-69-31-88-82-47-36-64-11-19-7-62-63-90-30-51-71-9-81-33-76-50-3-79-78-34-35-65-66-20-32-10-70-1
48,3,968.7564,414.2226,19.0,826.0252,0,3,16.755866,16.749549,True,52-83-5-99-59-95-92-98-16-44-14-38-86-61-85-6-18-49-46-8-45-84-96-97-42-43-37-93-100-91-17-48-60-89|28-12-29-67-23-75-72-21-73-2-57-15-87-94-13-58-53-40-26-74-22-41-56-39-25-55-4-54-24-80-68-77|27-69-31-88-82-47-36-64-11-19-7-62-63-90-30-51-71-9-81-33-76-50-3-79-78-34-35-65-66-20-32-10-70-1
49,4,968.8228,896.9625,177.0,804.8215,0,4,56.47299,56.552023,True,2-15-42-98-100-44-14-38-86-16-61-85-59-87-57-92-99-84-45-17-93-97-43-91-37-96-60-48-89|28-76-29-12-40-21-73-72-75-23-41-22-74-56-39-67-25-55-4-54-24-80-68-77-26|27-69-31-52-82-47-36-64-11-63-90-30-51-71-9-81-33-50-3-79-78-34-35-65-66-20-32-10-70-1|6-95-5-83-18-7-88-62-19-49-46-8-94-13-58-53
50,4,969.7813,887.4844,226.0,795.5578,0,4,55.051285,55.132694,True,95-2-15-42-98-100-44-14-38-86-16-61-85-59-87-57-92-99-84-45-17-93-37-97-43-91-96-60-48-89|28-76-29-12-40-21-73-72-75-56-41-22-74-23-67-39-25-55-4-54-24-80-68-77-26|27-69-31-88-52-82-47-36-64-11-63-90-30-51-71-9-81-33-50-3-79-78-34-35-65-66-20-32-10-70-1|6-5-83-18-7-62-19-49-46-8-94-13-58-53
51,6,971.1944,2175.2134,175.0,749.0145,0,6,248.210629,248.47414,True,95-98-59-99-5-61-16-86-38-14-44-85-100-37-84-17-45-46-48|21-72-75-73-2-87-57-15-43-42-91-96-13-58|7-82-83-8-18-6-94-40-23-67-25-55-4-39-56-74-22-41-97-92-93-60-89|28-52-31-88-62-63-19-47-36-49-64-11-10-90-32-66-20-1|27-69-70-30-51-71-65-35-9-81-33-50|53-12-76-29-34-78-79-3-77-68-80-24-54-26
52,4,971.7053,895.3549,177.0,804.8215,0,4,56.231857,56.311514,True,2-15-42-98-100-44-14-38-86-16-61-85-59-87-57-92-99-84-45-17-93-97-43-91-37-96-60-48-89|28-76-29-12-40-21-73-72-75-56-23-41-22-74-39-67-25-55-4-54-24-80-68-77-26|27-69-31-52-82-47-36-64-11-63-90-30-51-71-9-81-33-50-3-79-78-34-35-65-66-20-32-10-70-1|6-95-5-83-18-7-88-62-19-49-46-8-94-13-58-53
53,4,972.2144,889.3237,267.0,793.7731,0,4,55.327178,55.413425,True,95-2-15-42-98-100-44-14-38-86-16-61-85-59-87-57-92-99-84-45-17-93-37-97-43-91-96-60-89|28-76-29-12-40-21-73-72-75-56-41-22-74-23-67-39-25-55-4-54-24-80-68-77-26|27-69-31-88-52-82-47-36-19-11-63-90-30-51-71-9-81-33-50-3-79-78-34-35-65-66-20-32-10-48-70-1|6-5-83-18-7-62-64-49-46-8-94-13-58-53
54,4,972.4454,991.6578,103.0,760.4945,0,4,70.677285,70.75756,True,6-95-59-98-100-14-38-44-61-85-93-99-94-96-92-37-42-43-91-97-13|28-12-76-29-67-75-72-21-73-2-87-57-15-41-22-23-39-56-74-40-58-53-26-4-25-55-54-24-80-77|27-69-31-88-7-82-83-84-5-16-86-17-45-18-8-46-36-49-62-10-32-48-60-89|52-47-19-11-64-63-90-30-51-71-9-81-33-68-50-3-79-78-34-35-65-66-20-70-1
55,3,973.1598,405.6978,19.0,821.9039,0,3,18.076896,18.070003,True,52-83-45-5-99-59-95-92-98-44-14-38-86-16-61-85-6-18-49-46-8-84-96-97-42-43-100-37-93-91-17-48-60-89|28-12-29-67-23-75-72-21-73-2-57-15-87-94-13-58-53-40-26-74-22-41-56-39-25-55-4-54-24-80-68-77|27-69-31-88-82-47-36-64-11-19-7-62-63-90-30-51-71-9-81-33-76-50-3-79-78-34-35-65-66-20-32-10-70-1
56,3,973.1598,405.6978,19.0,821.9039,0,3,18.076896,18.070003,True,52-83-45-5-99-59-95-92-98-44-14-38-86-16-61-85-6-18-49-46-8-84-96-97-42-43-100-37-93-91-17-48-60-89|28-12-29-67-23-75-72-21-73-2-57-15-87-94-13-58-53-40-26-74-22-41-56-39-25-55-4-54-24-80-68-77|27-69-31-88-82-47-36-64-11-19-7-62-63-90-30-51-71-9-81-33-76-50-3-79-78-34-35-65-66-20-32-10-70-1
57,3,973.6047,398.157,26.0,818.1727,0,3,18.210362,18.202612,True,52-83-45-5-59-95-98-61-16-44-14-38-86-85-93-99-18-7-49-46-8-84-96-92-37-42-43-97-100-91-17-48-60-89|28-12-29-67-23-75-72-21-73-2-6-94-13-87-57-15-41-22-74-40-58-53-26-4-56-39-25-55-54-24-80-68-77|27-69-31-88-82-47-36-64-11-19-62-63-90-30-51-71-9-81-33-76-50-3-79-78-34-35-65-66-20-32-10-70-1
58,3,974.0232,397.7384,26.0,818.1727,0,3,18.335932,18.328245,True,52-83-45-5-95-59-98-61-16-14-44-38-86-85-93-99-18-7-49-46-8-84-96-92-37-42-43-97-100-91-17-48-60-89|28-12-29-67-23-75-72-21-73-2-6-94-13-87-57-15-41-22-74-40-58-53-26-4-56-39-25-55-54-24-80-68-77|27-69-31-88-82-47-36-19-62-11-64-63-90-30-51-71-9-81-33-76-50-3-79-78-34-35-65-66-20-32-10-70-1
59,4,974.0537,887.4844,251.0,793.7731,0,4,55.051285,55.136208,True,95-2-15-42-98-100-44-14-38-86-16-61-85-59-87-57-92-99-84-45-17-93-37-97-43-91-96-60-89|28-76-29-12-40-21-73-72-75-56-41-22-74-23-67-39-25-55-4-54-24-80-68-77-26|27-69-31-88-52-82-47-36-64-11-63-90-30-51-71-9-81-33-50-3-79-78-34-35-65-66-20-32-10-48-70-1|6-5-83-18-7-62-19-49-46-8-94-13-58-53
60,4,974.773,892.1314,174.0,804.8215,0,4,55.748335,55.828128,True,2-15-42-98-100-44-14-38-86-16-61-85-59-87-57-92-99-84-45-17-93-97-43-91-37-96-60-48-89|28-76-29-12-40-21-73-72-75-23-56-41-22-74-39-67-25-55-4-54-24-80-68-77-26|27-69-31-88-52-82-47-36-64-63-90-30-51-71-9-81-33-50-3-79-78-34-35-65-66-20-32-10-70-1|6-95-5-83-18-7-62-11-19-49-46-8-94-13-58-53
61,4,975.1115,883.9414,228.0,793.7731,0,4,54.519833,54.602242,True,95-92-98-44-100-59-85-61-16-86-38-14-15-57-87-99-17-93-37-97-42-43-91-96-60-89|28-76-29-12-40-2-73-21-72-75-56-41-22-74-23-67-39-25-55-4-54-24-80-68-77-26|27-69-31-88-52-82-47-36-64-11-63-90-30-51-71-9-81-33-50-3-79-78-34-35-65-66-20-32-10-48-70-1|6-5-83-45-84-18-7-62-19-49-46-8-94-13-58-53
62,3,975.2325,396.8535,24.0,818.497,0,3,18.698722,18.691113,True,52-83-45-5-59-95-98-14-38-44-16-86-61-85-93-99-18-49-36-46-8-84-96-37-42-43-97-100-91-17-48-60-89|28-12-29-67-23-75-72-21-73-2-92-6-94-13-87-57-15-41-22-74-40-58-53-26-4-56-39-25-55-54-24-80-68-77|27-69-31-88-11-64-19-47-82-7-62-63-90-30-51-71-9-81-33-76-50-3-79-78-34-35-65-66-20-32-10-70-1
63,3,975.2325,396.8535,24.0,818.497,0,3,18.698722,18.691113,True,52-83-45-5-59-95-98-14-38-44-16-86-61-85-93-99-18-49-36-46-8-84-96-37-42-43-97-100-91-17-48-60-89|28-12-29-67-23-75-72-21-73-2-92-6-94-13-87-57-15-41-22-74-40-58-53-26-4-56-39-25-55-54-24-80-68-77|27-69-31-88-11-64-19-47-82-7-62-63-90-30-51-71-9-81-33-76-50-3-79-78-34-35-65-66-20-32-10-70-1
64,4,975.2959,874.3604,231.0,793.7731,0,4,53.082674,53.164002,True,95-2-15-14-44-38-86-16-61-85-59-92-57-87-99-84-45-17-93-37-97-42-43-100-91-96-60-89|28-76-29-12-53-40-21-73-72-75-56-41-22-74-23-67-39-25-55-4-54-24-80-68-77-26|27-69-31-88-52-82-47-36-64-63-90-30-51-71-9-81-33-50-3-79-78-34-35-65-66-20-32-10-48-70-1|6-98-5-83-18-7-62-11-19-49-46-8-94-13-58
65,4,975.2959,874.3604,231.0,793.7731,0,4,53.082674,53.164002,True,95-2-15-14-44-38-86-16-61-85-59-92-57-87-99-84-45-17-93-37-97-42-43-100-91-96-60-89|28-76-29-12-53-40-21-73-72-75-56-41-22-74-23-67-39-25-55-4-54-24-80-68-77-26|27-69-31-88-52-82-47-36-64-63-90-30-51-71-9-81-33-50-3-79-78-34-35-65-66-20-32-10-48-70-1|6-98-5-83-18-7-62-11-19-49-46-8-94-13-58
66,4,975.554,968.7128,54.0,760.4945,0,4,67.235538,67.308404,True,12-2-42-14-38-44-100-98-85-61-16-86-17-84-18-6-94-58-13-97-37-43-91-93-96|53-40-21-73-72-75-87-57-15-41-22-23-67-39-56-74-4-25-55-54-24-80-68-77|27-52-88-62-63-30-70-31-69-28-76-29-79-81-71-65-35-9-51-66-20-34-78-3-33-50-1-26|95-92-59-99-5-83-45-8-82-7-19-47-36-49-64-11-90-32-10-46-48-60-89
67,3,975.7395,396.0222,58.0,818.1727,0,3,18.850806,18.846576,True,95-52-82-45-83-5-59-98-61-16-44-14-38-86-85-93-99-18-7-49-46-8-84-96-92-37-42-43-97-100-91-17-48-60-89|28-12-29-67-23-75-72-21-73-2-6-94-13-87-57-15-41-22-74-40-58-53-26-4-56-39-25-55-54-24-80-68-77|27-69-31-88-62-19-47-36-64-11-63-90-30-51-71-9-81-33-76-50-3-79-78-34-35-65-66-20-32-10-70-1
68,3,975.9354,358.8539,49.0,806.2771,0,3,18.909593,18.897162,True,52-83-45-5-99-95-92-98-61-16-44-14-38-86-85-59-94-6-18-49-46-8-17-84-93-97-37-43-100-91-96-60-48-89|28-12-29-67-23-75-72-21-73-2-87-42-57-15-41-22-74-40-58-13-53-26-4-56-39-25-55-54-24-80-68-77|27-69-31-88-82-47-36-64-11-19-7-62-63-90-30-51-71-9-81-33-76-50-3-79-78-34-35-65-66-20-32-10-70-1
69,3,975.9354,358.8539,49.0,806.2771,0,3,18.909593,18.897162,True,52-83-45-5-99-95-92-98-61-16-44-14-38-86-85-59-94-6-18-49-46-8-17-84-93-97-37-43-100-91-96-60-48-89|28-12-29-67-23-75-72-21-73-2-87-42-57-15-41-22-74-40-58-13-53-26-4-56-39-25-55-54-24-80-68-77|27-69-31-88-82-47-36-64-11-19-7-62-63-90-30-51-71-9-81-33-76-50-3-79-78-34-35-65-66-20-32-10-70-1
70,3,977.0366,417.0696,11.0,837.1524,0,3,19.239939,19.237402,True,83-45-5-99-59-95-98-16-44-14-38-86-85-61-84-18-7-49-46-8-6-96-92-42-43-97-37-100-91-93-17-48-60-89|28-12-29-67-23-75-72-21-73-2-57-15-87-94-13-58-53-40-26-74-22-41-56-39-25-55-4-54-24-80-68-77|27-69-31-88-52-82-47-36-64-11-19-62-63-90-30-51-71-9-81-33-76-50-3-79-78-34-35-65-66-20-32-10-70-1
71,3,977.0366,417.0696,11.0,837.1524,0,3,19.239939,19.237402,True,83-45-5-99-59-95-98-16-44-14-38-86-85-61-84-18-7-49-46-8-6-96-92-42-43-97-37-100-91-93-17-48-60-89|28-12-29-67-23-75-72-21-73-2-57-15-87-94-13-58-53-40-26-74-22-41-56-39-25-55-4-54-24-80-68-77|27-69-31-88-52-82-47-36-64-11-19-62-63-90-30-51-71-9-81-33-76-50-3-79-78-34-35-65-66-20-32-10-70-1
72,3,978.4125,393.3491,26.0,818.1727,0,3,19.652721,19.645691,True,52-83-45-5-95-59-98-61-16-14-44-38-86-85-93-99-18-7-49-46-8-84-96-92-37-42-43-97-100-91-17-48-60-89|28-12-29-67-23-75-72-21-73-2-6-94-13-87-57-15-41-22-74-40-58-53-26-4-56-39-25-55-54-24-80-68-77|27-69-31-88-82-47-36-64-11-19-62-63-90-30-51-71-9-81-33-76-50-3-79-78-34-35-65-66-20-32-10-70-1
73,3,978.4843,362.9487,17.0,801.9454,0,3,19.67426,19.659358,True,52-83-45-5-99-59-95-92-98-44-14-38-86-16-61-85-93-18-49-46-8-84-96-97-42-43-37-100-91-17-48-60-89|28-12-29-39-67-23-75-72-21-2-73-15-57-87-94-6-13-58-53-40-26-74-22-41-56-4-25-55-54-24-80-68-77|27-69-31-88-82-47-36-64-11-19-7-62-63-90-30-51-71-9-81-33-76-50-3-79-78-34-35-65-66-20-32-10-70-1
74,3,979.2406,383.6448,13.0,809.2964,0,3,19.901125,19.890257,True,95-59-98-14-38-44-61-5-83-8-84-86-16-85-93-99-18-49-36-46-45-96-92-97-42-43-37-100-91-17-48-60-89|28-12-29-67-23-75-72-21-73-2-6-94-13-87-57-15-41-22-74-40-58-53-26-4-56-39-25-55-54-24-80-68-77|27-69-31-88-52-82-47-19-64-11-7-62-63-90-30-51-71-9-81-33-76-50-3-79-78-34-35-65-66-20-32-10-70-1
75,3,979.2406,383.6448,13.0,809.2964,0,3,19.901125,19.890257,True,95-59-98-14-38-44-61-5-83-8-84-86-16-85-93-99-18-49-36-46-45-96-92-97-42-43-37-100-91-17-48-60-89|28-12-29-67-23-75-72-21-73-2-6-94-13-87-57-15-41-22-74-40-58-53-26-4-56-39-25-55-54-24-80-68-77|27-69-31-88-52-82-47-19-64-11-7-62-63-90-30-51-71-9-81-33-76-50-3-79-78-34-35-65-66-20-32-10-70-1
76,4,980.1053,804.4999,408.0,793.7731,0,4,42.603603,42.693594,True,95-59-98-61-44-14-38-86-16-85-84-17-45-46-49-8-99-92-97-42-43-91-100-37-93-96-60-89|28-12-29-67-23-75-72-21-73-2-87-57-15-41-22-74-40-58-53-26-4-56-39-25-55-54-24-80-68-77|27-69-31-88-52-82-47-36-19-62-11-64-63-90-30-51-71-9-81-33-76-50-3-79-78-34-35-65-66-20-32-10-48-70-1|6-5-83-7-18-94-13
77,4,980.1053,804.4999,408.0,793.7731,0,4,42.603603,42.693594,True,95-59-98-61-44-14-38-86-16-85-84-17-45-46-49-8-99-92-97-42-43-91-100-37-93-96-60-89|28-12-29-67-23-75-72-21-73-2-87-57-15-41-22-74-40-58-53-26-4-56-39-25-55-54-24-80-68-77|27-69-31-88-52-82-47-36-19-62-11-64-63-90-30-51-71-9-81-33-76-50-3-79-78-34-35-65-66-20-32-10-48-70-1|6-5-83-7-18-94-13
78,3,980.1989,400.6129,5.0,823.8581,0,3,20.188635,20.181984,True,83-45-5-99-59-95-92-98-44-14-38-86-16-61-85-6-18-49-46-8-84-96-97-42-43-37-93-100-91-17-48-60-89|28-12-29-67-23-75-72-21-73-2-57-15-87-94-13-58-53-40-26-74-22-41-56-39-25-55-4-54-24-80-68-77|27-69-31-88-52-82-47-36-64-11-19-7-62-63-90-30-51-71-9-81-33-76-50-3-79-78-34-35-65-66-20-32-10-70-1
79,3,980.1989,400.6129,5.0,823.8581,0,3,20.188635,20.181984,True,83-45-5-99-59-95-92-98-44-14-38-86-16-61-85-6-18-49-46-8-84-96-97-42-43-37-93-100-91-17-48-60-89|28-12-29-67-23-75-72-21-73-2-57-15-87-94-13-58-53-40-26-74-22-41-56-39-25-55-4-54-24-80-68-77|27-69-31-88-52-82-47-36-64-11-19-7-62-63-90-30-51-71-9-81-33-76-50-3-79-78-34-35-65-66-20-32-10-70-1
80,4,981.0734,909.4965,185.0,795.5578,0,4,58.353102,58.437101,True,2-15-42-98-100-44-14-38-86-16-61-85-59-87-57-92-99-84-45-17-93-37-97-43-91-96-60-48-89|28-76-29-12-40-21-73-72-75-41-22-74-23-56-39-67-25-55-4-26-54-24-80-68-77|27-69-31-88-52-82-47-11-64-63-90-30-51-71-9-81-33-50-3-79-78-34-35-65-66-20-32-10-70-1|6-95-5-83-18-7-62-19-36-49-46-8-94-13-58-53
81,4,984.2665,880.6158,224.0,793.7731,0,4,54.020998,54.105255,True,2-15-42-95-59-98-44-14-38-86-16-61-85-57-87-92-99-46-45-17-84-93-37-97-43-100-91-96-60-89|28-76-29-12-40-21-73-72-75-56-41-22-74-23-67-39-25-55-4-54-24-80-68-77-26|27-69-31-52-82-47-11-64-63-90-30-51-71-9-81-33-50-3-79-78-34-35-65-66-20-32-10-48-70-1|6-5-83-18-7-88-62-19-49-36-8-94-13-58-53
82,4,984.2665,880.6158,224.0,793.7731,0,4,54.020998,54.105255,True,2-15-42-95-59-98-44-14-38-86-16-61-85-57-87-92-99-46-45-17-84-93-37-97-43-100-91-96-60-89|28-76-29-12-40-21-73-72-75-56-41-22-74-23-67-39-25-55-4-54-24-80-68-77-26|27-69-31-52-82-47-11-64-63-90-30-51-71-9-81-33-50-3-79-78-34-35-65-66-20-32-10-48-70-1|6-5-83-18-7-88-62-19-49-36-8-94-13-58-53
83,3,984.7381,396.0737,5.0,823.8581,0,3,21.550383,21.544413,True,83-45-5-99-59-95-92-98-44-14-38-86-16-61-85-6-18-49-46-8-84-96-97-42-43-37-93-100-91-17-48-60-89|28-12-29-67-23-75-72-21-73-2-57-15-87-94-13-58-53-40-26-74-22-41-56-39-25-55-4-54-24-80-68-77|27-69-31-52-82-47-36-64-11-19-88-7-62-63-90-30-51-71-9-81-33-76-50-3-79-78-34-35-65-66-20-32-10-70-1
84,3,984.7381,396.0737,5.0,823.8581,0,3,21.550383,21.544413,True,83-45-5-99-59-95-92-98-44-14-38-86-16-61-85-6-18-49-46-8-84-96-97-42-43-37-93-100-91-17-48-60-89|28-12-29-67-23-75-72-21-73-2-57-15-87-94-13-58-53-40-26-74-22-41-56-39-25-55-4-54-24-80-68-77|27-69-31-52-82-47-36-64-11-19-88-7-62-63-90-30-51-71-9-81-33-76-50-3-79-78-34-35-65-66-20-32-10-70-1
85,4,985.697,901.0204,176.0,793.7731,0,4,57.08168,57.164627,True,95-59-92-98-42-15-14-44-38-86-16-61-84-45-17-85-87-57-43-97-37-100-91-93-96-60-89|12-76-29-72-73-21-40-2-75-23-56-41-22-74-39-67-25-55-4-54-24-80-68-77-26|28-69-31-88-47-36-64-11-63-90-30-51-71-9-81-33-50-3-79-78-34-35-65-66-20-32-10-48-70-1|27-52-82-8-83-5-18-7-62-19-49-46-99-94-6-13-58-53
86,4,985.697,901.0204,176.0,793.7731,0,4,57.08168,57.164627,True,95-59-92-98-42-15-14-44-38-86-16-61-84-45-17-85-87-57-43-97-37-100-91-93-96-60-89|12-76-29-72-73-21-40-2-75-23-56-41-22-74-39-67-25-55-4-54-24-80-68-77-26|28-69-31-88-47-36-64-11-63-90-30-51-71-9-81-33-50-3-79-78-34-35-65-66-20-32-10-48-70-1|27-52-82-8-83-5-18-7-62-19-49-46-99-94-6-13-58-53
87,4,987.2837,864.7075,237.0,793.7731,0,4,51.63475,51.718826,True,2-15-42-95-59-98-44-14-38-86-16-61-85-57-87-92-99-8-46-45-17-84-93-37-97-43-100-91-96-60-89|28-76-29-12-40-21-73-72-75-56-41-22-74-23-67-39-25-55-4-54-24-80-68-77-26|27-69-31-88-52-82-47-36-64-63-90-30-51-71-9-81-33-50-3-79-78-34-35-65-66-20-32-10-48-70-1|6-5-83-18-7-62-11-19-49-94-13-58-53
88,4,987.2837,864.7075,237.0,793.7731,0,4,51.63475,51.718826,True,2-15-42-95-59-98-44-14-38-86-16-61-85-57-87-92-99-8-46-45-17-84-93-37-97-43-100-91-96-60-89|28-76-29-12-40-21-73-72-75-56-41-22-74-23-67-39-25-55-4-54-24-80-68-77-26|27-69-31-88-52-82-47-36-64-63-90-30-51-71-9-81-33-50-3-79-78-34-35-65-66-20-32-10-48-70-1|6-5-83-18-7-62-11-19-49-94-13-58-53
89,3,987.8273,392.9845,5.0,823.8581,0,3,22.477146,22.471639,True,45-83-5-99-59-95-92-98-44-14-38-86-16-61-85-6-18-49-46-8-84-96-97-42-43-37-93-100-91-17-48-60-89|28-12-29-67-23-75-72-21-73-2-57-15-87-94-13-58-53-40-26-74-22-41-56-39-25-55-4-54-24-80-68-77|27-69-31-52-82-47-36-64-11-19-88-7-62-63-90-30-51-71-9-81-33-76-50-3-79-78-34-35-65-66-20-32-10-70-1
90,3,987.8998,353.3856,77.0,796.5472,0,3,22.498909,22.490588,True,52-83-5-99-59-95-92-98-61-16-44-14-38-86-93-6-18-8-49-46-45-17-84-96-37-42-43-97-100-91-60-48-89|28-12-29-39-67-23-75-72-73-2-21-57-15-87-85-94-13-58-53-40-26-74-22-41-56-4-25-55-54-24-80-68-77|27-69-31-88-82-47-36-64-11-19-7-62-63-90-30-51-71-9-81-33-76-50-3-79-78-34-35-65-66-20-32-10-70-1
91,3,987.8998,353.3856,77.0,796.5472,0,3,22.498909,22.490588,True,52-83-5-99-59-95-92-98-61-16-44-14-38-86-93-6-18-8-49-46-45-17-84-96-37-42-43-97-100-91-60-48-89|28-12-29-39-67-23-75-72-73-2-21-57-15-87-85-94-13-58-53-40-26-74-22-41-56-4-25-55-54-24-80-68-77|27-69-31-88-82-47-36-64-11-19-7-62-63-90-30-51-71-9-81-33-76-50-3-79-78-34-35-65-66-20-32-10-70-1
92,3,987.9504,388.3749,11.0,822.7363,0,3,22.514089,22.50836,True,95-59-98-14-38-44-16-61-5-6-83-45-86-85-93-99-18-7-49-46-8-84-96-37-42-43-97-92-100-91-17-48-60-89|28-12-29-67-23-75-72-21-73-2-94-13-87-57-15-41-22-74-40-58-53-26-4-56-39-25-55-54-24-80-68-77|27-52-69-31-88-62-11-19-82-47-36-64-63-90-30-51-71-9-81-33-76-50-3-79-78-34-35-65-66-20-32-10-70-1
93,3,987.9504,388.3749,11.0,822.7363,0,3,22.514089,22.50836,True,95-59-98-14-38-44-16-61-5-6-83-45-86-85-93-99-18-7-49-46-8-84-96-37-42-43-97-92-100-91-17-48-60-89|28-12-29-67-23-75-72-21-73-2-94-13-87-57-15-41-22-74-40-58-53-26-4-56-39-25-55-54-24-80-68-77|27-52-69-31-88-62-11-19-82-47-36-64-63-90-30-51-71-9-81-33-76-50-3-79-78-34-35-65-66-20-32-10-70-1
94,3,988.5421,351.7621,17.0,800.8164,0,3,22.691576,22.677844,True,52-83-45-5-99-59-95-92-98-44-100-14-38-86-16-61-85-93-18-49-46-8-84-96-97-42-43-37-91-17-48-60-89|28-12-29-39-67-23-75-72-21-2-73-15-57-87-94-6-13-58-53-40-26-74-22-41-56-4-25-55-54-24-80-68-77|27-69-31-88-82-47-36-64-11-19-7-62-63-90-30-51-71-9-81-33-76-50-3-79-78-34-35-65-66-20-32-10-70-1
95,3,988.5421,351.7621,17.0,800.8164,0,3,22.691576,22.677844,True,52-83-45-5-99-59-95-92-98-44-100-14-38-86-16-61-85-93-18-49-46-8-84-96-97-42-43-37-91-17-48-60-89|28-12-29-39-67-23-75-72-21-2-73-15-57-87-94-6-13-58-53-40-26-74-22-41-56-4-25-55-54-24-80-68-77|27-69-31-88-82-47-36-64-11-19-7-62-63-90-30-51-71-9-81-33-76-50-3-79-78-34-35-65-66-20-32-10-70-1
96,4,989.104,863.3637,234.0,793.7731,0,4,51.433184,51.517305,True,2-15-42-95-59-98-44-14-38-86-16-61-85-57-87-92-99-46-45-17-84-93-37-97-43-100-91-96-60-89|28-76-29-12-40-21-73-72-75-56-41-22-74-23-67-39-25-55-4-54-24-80-68-77-26|27-69-31-52-82-47-36-64-11-63-90-30-51-71-9-81-33-50-3-79-78-34-35-65-66-20-32-10-48-70-1|6-5-83-18-7-88-62-19-49-8-94-13-58-53
97,4,989.104,863.3637,234.0,793.7731,0,4,51.433184,51.517305,True,2-15-42-95-59-98-44-14-38-86-16-61-85-57-87-92-99-46-45-17-84-93-37-97-43-100-91-96-60-89|28-76-29-12-40-21-73-72-75-56-41-22-74-23-67-39-25-55-4-54-24-80-68-77-26|27-69-31-52-82-47-36-64-11-63-90-30-51-71-9-81-33-50-3-79-78-34-35-65-66-20-32-10-48-70-1|6-5-83-18-7-88-62-19-49-8-94-13-58-53
98,4,989.3825,872.5536,228.0,793.7731,0,4,52.811656,52.896638,True,95-59-98-2-15-42-14-44-38-86-16-61-85-93-57-87-92-99-84-45-46-17-37-43-100-91-97-96-60-89|28-76-29-12-40-21-73-72-75-56-41-22-74-23-67-39-25-55-4-54-24-80-68-77-26|27-69-31-88-52-82-47-36-64-63-90-30-51-71-9-81-33-50-3-79-78-34-35-65-66-20-32-10-48-70-1|6-5-83-18-7-62-11-19-49-8-94-13-58-53
99,4,989.3825,872.5536,228.0,793.7731,0,4,52.811656,52.896638,True,95-59-98-2-15-42-14-44-38-86-16-61-85-93-57-87-92-99-84-45-46-17-37-43-100-91-97-96-60-89|28-76-29-12-40-21-73-72-75-56-41-22-74-23-67-39-25-55-4-54-24-80-68-77-26|27-69-31-88-52-82-47-36-64-63-90-30-51-71-9-81-33-50-3-79-78-34-35-65-66-20-32-10-48-70-1|6-5-83-18-7-62-11-19-49-8-94-13-58-53
100,4,990.3274,862.8621,252.0,793.7731,0,4,51.357931,51.444143,True,2-15-42-95-59-98-44-14-38-86-16-61-85-57-87-92-99-46-45-17-84-93-37-97-43-100-91-96-60-89|28-76-29-12-40-21-73-72-75-56-41-22-74-23-67-39-4-25-55-54-24-80-68-77-26|27-69-31-88-52-82-47-36-64-11-63-90-30-51-71-9-81-33-50-3-79-78-34-35-65-66-20-32-10-48-70-1|6-5-83-18-7-62-19-49-8-94-13-58-53
101,3,990.8609,389.9509,5.0,823.8581,0,3,23.387223,23.382172,True,83-45-5-99-59-98-95-92-44-14-38-86-16-61-85-6-18-49-46-8-84-96-97-42-43-37-93-100-91-17-48-60-89|28-12-29-67-23-75-72-21-73-2-57-15-87-94-13-58-53-40-26-74-22-41-56-39-25-55-4-54-24-80-68-77|27-69-31-52-82-47-36-64-11-19-88-7-62-63-90-30-51-71-9-81-33-76-50-3-79-78-34-35-65-66-20-32-10-70-1
102,3,991.1027,359.4912,5.0,823.8581,0,3,23.459776,23.450228,True,83-45-5-99-59-95-92-98-44-14-38-86-16-61-85-6-18-49-46-8-84-96-97-42-43-37-93-100-91-17-48-60-89|28-12-29-67-23-75-72-21-73-2-57-15-87-94-13-58-53-40-41-22-74-56-39-4-26-54-55-25-24-80-68-77|27-69-31-88-52-82-47-36-64-11-19-7-62-63-90-30-51-71-9-81-33-76-50-3-79-78-34-35-65-66-20-32-10-70-1
103,4,991.9342,938.8919,48.0,760.4945,0,4,62.762402,62.835109,True,6-95-59-99-5-98-92-87-94-85-14-86-38-15-43-42-97-37-100-91-93-96-13|28-12-76-29-67-75-72-21-73-2-57-41-22-23-39-56-74-40-58-53-26-4-25-55-54-24-80-77|27-69-31-88-7-82-83-18-84-61-16-44-17-45-8-46-36-49-62-10-32-48-60-89|52-47-19-11-64-63-90-30-51-71-9-81-33-68-50-3-79-78-34-35-65-66-20-70-1
104,4,992.0184,860.4493,252.0,793.7731,0,4,50.996015,51.082372,True,2-15-42-95-59-98-44-14-38-86-16-61-85-57-87-92-99-46-45-17-84-93-37-97-43-100-91-96-60-89|28-76-29-12-40-21-73-72-75-56-41-22-74-23-67-39-25-55-4-54-24-80-68-77-26|27-52-69-31-88-82-47-36-64-11-63-90-30-51-71-9-81-33-50-3-79-78-34-35-65-66-20-32-10-48-70-1|6-5-83-18-7-62-19-49-8-94-13-58-53
105,4,992.3312,870.5208,204.0,793.7731,0,4,52.506734,52.589897,True,2-15-42-98-44-14-38-86-16-61-85-57-87-92-99-46-45-17-84-93-37-97-43-100-91-96-60-89|28-29-76-12-40-21-73-72-75-56-41-22-74-23-67-39-25-55-4-54-24-80-68-77-26|27-69-31-88-52-82-47-36-64-11-63-90-30-51-71-9-81-33-50-3-79-78-34-35-65-66-20-32-10-48-70-1|95-59-5-83-18-7-62-19-49-8-6-94-13-58-53
106,4,992.3312,870.5208,204.0,793.7731,0,4,52.506734,52.589897,True,2-15-42-98-44-14-38-86-16-61-85-57-87-92-99-46-45-17-84-93-37-97-43-100-91-96-60-89|28-29-76-12-40-21-73-72-75-56-41-22-74-23-67-39-25-55-4-54-24-80-68-77-26|27-69-31-88-52-82-47-36-64-11-63-90-30-51-71-9-81-33-50-3-79-78-34-35-65-66-20-32-10-48-70-1|95-59-5-83-18-7-62-19-49-8-6-94-13-58-53
107,4,996.0483,855.4136,265.0,793.7731,0,4,50.240661,50.328772,True,2-15-42-95-59-98-44-14-38-86-16-61-85-57-87-92-99-84-45-46-17-93-37-97-43-100-91-96-60-89|28-29-12-40-21-73-72-75-56-41-22-74-23-67-39-25-55-4-54-24-80-68-77-26|27-69-31-88-52-82-47-36-64-11-63-90-30-51-71-9-81-33-76-50-3-79-78-34-35-65-66-20-32-10-48-70-1|6-5-83-18-7-62-19-49-8-94-13-58-53
108,4,996.0483,855.4136,265.0,793.7731,0,4,50.240661,50.328772,True,2-15-42-95-59-98-44-14-38-86-16-61-85-57-87-92-99-84-45-46-17-93-37-97-43-100-91-96-60-89|28-29-12-40-21-73-72-75-56-41-22-74-23-67-39-25-55-4-54-24-80-68-77-26|27-69-31-88-52-82-47-36-64-11-63-90-30-51-71-9-81-33-76-50-3-79-78-34-35-65-66-20-32-10-48-70-1|6-5-83-18-7-62-19-49-8-94-13-58-53
109,3,996.7,356.5795,15.0,811.3501,0,3,25.138968,25.129786,True,52-83-45-5-99-59-95-92-98-14-38-44-86-16-85-93-61-84-18-49-46-8-96-37-42-43-97-100-91-17-48-60-89|28-12-76-29-67-23-75-72-73-2-21-6-94-13-87-57-15-41-22-74-40-58-53-26-4-56-39-25-55-54-24-80-68|27-69-31-88-82-47-36-64-11-19-7-62-63-90-30-51-71-9-81-33-77-50-3-79-78-34-35-65-66-20-32-10-70-1
110,3,996.7,356.5795,15.0,811.3501,0,3,25.138968,25.129786,True,52-83-45-5-99-59-95-92-98-14-38-44-86-16-85-93-61-84-18-49-46-8-96-37-42-43-97-100-91-17-48-60-89|28-12-76-29-67-23-75-72-73-2-21-6-94-13-87-57-15-41-22-74-40-58-53-26-4-56-39-25-55-54-24-80-68|27-69-31-88-82-47-36-64-11-19-7-62-63-90-30-51-71-9-81-33-77-50-3-79-78-34-35-65-66-20-32-10-70-1
111,4,996.88,868.9487,221.0,793.7731,0,4,52.270922,52.356913,True,2-15-42-98-44-14-38-86-16-61-85-59-92-57-87-99-84-45-46-17-93-37-97-43-100-91-96-60-89|28-29-12-40-21-73-72-75-56-41-22-74-23-67-39-4-25-55-54-24-80-68-77-26|27-69-31-88-52-82-47-36-64-63-90-30-51-71-9-81-33-76-50-3-79-78-34-35-65-66-20-32-10-48-70-1|6-95-5-83-18-7-62-11-19-49-8-94-13-58-53
112,3,998.0298,370.1905,5.0,814.6313,0,3,25.537889,25.53064,True,52-83-5-44-38-14-98-95-6-59-99-93-85-16-86-61-18-49-46-45-84-96-92-37-42-43-97-100-91-17-48-60-89|28-12-29-67-23-75-72-21-73-2-94-13-87-57-15-41-22-74-40-58-53-26-4-56-39-25-55-54-24-80-68-77|27-69-31-88-11-63-64-36-47-19-82-8-7-62-90-30-51-71-9-81-33-76-50-3-79-78-34-35-65-66-20-32-10-70-1
113,3,998.0298,370.1905,5.0,814.6313,0,3,25.537889,25.53064,True,52-83-5-44-38-14-98-95-6-59-99-93-85-16-86-61-18-49-46-45-84-96-92-37-42-43-97-100-91-17-48-60-89|28-12-29-67-23-75-72-21-73-2-94-13-87-57-15-41-22-74-40-58-53-26-4-56-39-25-55-54-24-80-68-77|27-69-31-88-11-63-64-36-47-19-82-8-7-62-90-30-51-71-9-81-33-76-50-3-79-78-34-35-65-66-20-32-10-70-1
114,4,999.3679,872.5309,222.0,793.0725,0,4,52.808256,52.895526,True,2-15-95-59-98-44-14-38-86-16-61-85-87-92-99-46-45-17-84-93-37-97-42-43-100-91-96-60-48-89|28-29-12-40-21-73-72-75-56-41-22-74-23-67-39-25-55-4-54-24-80-68-77-26|27-69-31-88-52-82-47-36-64-11-63-90-30-51-71-9-81-33-76-50-3-79-78-34-35-65-66-20-32-10-70-1|6-5-83-18-7-62-19-49-8-94-13-57-58-53
115,4,999.3679,872.5309,222.0,793.0725,0,4,52.808256,52.895526,True,2-15-95-59-98-44-14-38-86-16-61-85-87-92-99-46-45-17-84-93-37-97-42-43-100-91-96-60-48-89|28-29-12-40-21-73-72-75-56-41-22-74-23-67-39-25-55-4-54-24-80-68-77-26|27-69-31-88-52-82-47-36-64-11-63-90-30-51-71-9-81-33-76-50-3-79-78-34-35-65-66-20-32-10-70-1|6-5-83-18-7-62-19-49-8-94-13-57-58-53
116,4,1001.3017,977.0606,123.0,757.3123,0,4,68.487708,68.575973,True,6-95-59-98-44-14-38-86-16-61-85-93-99-94-17-96-92-37-42-43-100-91-97-13|28-12-76-29-67-75-72-73-21-2-87-57-15-41-22-23-39-56-74-40-58-53-26-4-25-55-54-24-80-77|27-69-31-88-7-82-83-5-84-45-18-8-46-36-49-62-10-32-48-60|52-47-19-11-64-63-90-30-51-71-9-81-33-68-50-3-79-78-34-35-65-66-20-70-1-89
117,4,1001.448,842.1392,328.0,774.9285,0,4,48.249499,48.340712,True,21-41-95-59-98-44-14-38-86-16-85-61-17-45-46-8-84-93-99-92-97-42-43-91-100-37-96-60-89|28-12-29-39-67-23-75-72-73-2-57-15-87-94-13-58-40-74-22-56-4-25-55-54-80-24-68-77-50|27-69-31-52-82-47-36-19-11-64-63-90-30-51-71-9-81-33-76-3-79-78-34-35-65-66-20-32-10-48-70-1|6-5-83-18-7-49-62-88-26-53
118,4,1001.448,842.1392,328.0,774.9285,0,4,48.249499,48.340712,True,21-41-95-59-98-44-14-38-86-16-85-61-17-45-46-8-84-93-99-92-97-42-43-91-100-37-96-60-89|28-12-29-39-67-23-75-72-73-2-57-15-87-94-13-58-40-74-22-56-4-25-55-54-80-24-68-77-50|27-69-31-52-82-47-36-19-11-64-63-90-30-51-71-9-81-33-76-3-79-78-34-35-65-66-20-32-10-48-70-1|6-5-83-18-7-49-62-88-26-53
119,3,1001.6342,331.6575,122.0,892.1051,0,3,26.619208,26.630581,True,52-83-45-5-99-59-95-98-14-44-38-86-16-85-61-84-18-49-36-46-8-96-92-97-42-43-91-100-37-93-17-48-60-89|27-69-31-88-11-64-19-47-82-7-62-63-90-30-51-71-9-81-33-50-3-79-78-34-35-65-66-20-32-10-70-1-54-55-25-24-80-68-77|28-39-23-67-29-76-12-21-73-72-75-22-41-2-57-15-87-94-6-13-58-40-74-56-4-26-53
120,3,1001.6342,331.6575,122.0,892.1051,0,3,26.619208,26.630581,True,52-83-45-5-99-59-95-98-14-44-38-86-16-85-61-84-18-49-36-46-8-96-92-97-42-43-91-100-37-93-17-48-60-89|27-69-31-88-11-64-19-47-82-7-62-63-90-30-51-71-9-81-33-50-3-79-78-34-35-65-66-20-32-10-70-1-54-55-25-24-80-68-77|28-39-23-67-29-76-12-21-73-72-75-22-41-2-57-15-87-94-6-13-58-40-74-56-4-26-53
121,4,1002.9125,918.3512,48.0,771.8775,0,4,59.681298,59.755925,True,2-15-42-14-38-44-100-98-85-61-16-86-17-84-18-27-3-77-26-58-13-97-37-43-91-93-96|40-21-73-72-22-75-23-67-39-56-41-57-87-94-6-53-74-4-25-55-54-24-80-68|52-88-62-63-31-69-28-12-76-29-79-81-71-65-66-30-51-20-9-35-34-78-33-50-1|95-92-59-99-5-83-45-8-82-7-19-47-36-49-64-11-90-32-70-10-46-48-60-89
122,4,1003.5693,843.4307,243.0,795.5236,0,4,48.44323,48.529863,True,72-2-15-42-95-59-98-44-14-38-86-16-61-85-57-87-92-99-84-45-46-17-93-37-97-43-100-91-96-60-89|28-76-79-29-12-40-21-73-75-56-41-22-74-23-67-39-25-55-4-54-24-68-80-26|27-69-31-88-52-82-47-36-64-11-63-90-30-51-71-9-81-33-50-77-3-78-34-35-65-66-20-32-10-48-70-1|5-83-18-7-62-19-49-8-6-94-13-58-53
123,4,1003.5693,843.4307,243.0,795.5236,0,4,48.44323,48.529863,True,72-2-15-42-95-59-98-44-14-38-86-16-61-85-57-87-92-99-84-45-46-17-93-37-97-43-100-91-96-60-89|28-76-79-29-12-40-21-73-75-56-41-22-74-23-67-39-25-55-4-54-24-68-80-26|27-69-31-88-52-82-47-36-64-11-63-90-30-51-71-9-81-33-50-77-3-78-34-35-65-66-20-32-10-48-70-1|5-83-18-7-62-19-49-8-6-94-13-58-53
124,3,1003.8821,345.5569,19.0,828.0308,0,3,27.293603,27.287824,True,52-83-45-5-44-98-59-95-6-14-38-86-16-61-85-93-99-18-49-46-8-84-96-92-42-43-97-37-100-91-17-48-60-89|28-12-29-39-67-23-75-72-73-2-21-41-15-57-87-94-13-58-53-40-26-74-22-56-4-25-55-54-24-80-68-77|27-69-31-88-82-47-36-64-11-19-7-62-63-90-30-51-71-9-81-33-76-50-3-79-78-34-35-65-66-20-32-10-70-1
125,3,1005.3054,348.6496,77.0,804.873,0,3,27.720574,27.718013,True,52-83-45-5-99-59-98-95-61-16-14-44-38-86-93-6-18-49-46-8-17-84-96-37-42-43-97-92-100-91-60-48-89|28-12-29-67-23-75-72-21-73-2-85-94-13-87-57-15-41-22-74-40-58-53-26-4-56-39-25-55-54-24-80-68-77|27-69-31-88-82-47-36-64-11-19-7-62-63-90-30-51-71-9-81-33-76-50-3-79-78-34-35-65-66-20-32-10-70-1
126,3,1005.4264,349.5299,47.0,821.1948,0,3,27.75689,27.753945,True,52-83-45-5-44-98-92-95-6-99-14-38-86-16-61-85-93-18-49-36-46-8-84-96-42-43-97-37-100-91-17-48-60-89|28-29-12-21-72-39-67-23-75-73-2-87-59-94-13-57-15-41-22-74-40-58-53-26-4-56-25-55-54-24-80-68-77|27-69-31-88-11-64-19-47-82-7-62-63-90-30-51-71-9-81-33-76-50-3-79-78-34-35-65-66-20-32-10-70-1
127,4,1006.362,922.1158,96.0,760.4945,0,4,60.245997,60.325316,True,28-2-15-42-14-38-44-100-98-85-61-16-86-84-17-45-18-27-3-77-58-13-97-37-43-91-93-96|40-21-73-72-22-75-23-67-39-56-41-57-87-94-6-53-26-74-4-25-55-54-24-80-68|52-88-62-11-63-30-70-31-69-76-12-29-79-81-71-65-35-51-20-66-9-34-78-33-50-1|95-92-59-99-5-83-8-82-7-19-47-36-49-64-90-32-10-46-48-60-89
128,3,1007.0632,345.3187,135.0,810.8047,0,3,28.24792,28.252076,True,52-83-5-95-92-98-16-44-14-38-86-61-18-19-49-36-46-8-45-17-84-93-37-42-43-97-100-91-96-60-48-89|28-39-67-29-12-21-72-23-75-73-2-59-85-99-6-94-13-87-57-15-41-22-74-40-58-53-26-4-56-25-55-54-24-80-68-77|27-69-31-88-62-11-64-47-82-7-63-90-30-51-71-9-81-33-76-50-3-79-78-34-35-65-66-20-32-10-70-1
129,3,1007.3833,320.2277,122.0,892.1051,0,3,28.34395,28.355334,True,52-83-45-5-59-95-92-98-44-14-38-86-16-85-61-84-18-49-36-46-8-99-96-42-43-97-37-100-91-93-17-48-60-89|27-69-31-88-11-64-19-47-82-7-62-63-90-30-51-71-9-81-33-50-3-79-78-34-35-65-66-20-32-10-70-1-54-55-25-24-80-68-77|28-39-23-67-29-76-12-21-73-72-75-22-41-2-57-15-87-94-6-13-58-40-74-56-4-26-53
130,3,1007.3833,320.2277,122.0,892.1051,0,3,28.34395,28.355334,True,52-83-45-5-59-95-92-98-44-14-38-86-16-85-61-84-18-49-36-46-8-99-96-42-43-97-37-100-91-93-17-48-60-89|27-69-31-88-11-64-19-47-82-7-62-63-90-30-51-71-9-81-33-50-3-79-78-34-35-65-66-20-32-10-70-1-54-55-25-24-80-68-77|28-39-23-67-29-76-12-21-73-72-75-22-41-2-57-15-87-94-6-13-58-40-74-56-4-26-53
131,4,1007.4436,837.7726,390.0,793.7731,0,4,47.594516,47.6959,True,95-59-98-44-14-38-86-16-85-61-17-45-46-8-84-99-93-37-43-42-13-97-92-100-91-96-60-89|28-12-29-67-23-75-72-21-73-2-40-87-57-15-41-22-74-58-94-53-26-4-56-39-25-55-54-24-80-68-77|27-69-31-88-52-82-47-36-19-11-64-63-90-30-51-71-9-81-33-76-50-3-79-78-34-35-65-66-20-32-10-48-70-1|6-5-83-18-7-49-62
132,3,1007.6891,278.8422,145.0,891.149,0,3,28.435687,28.443111,True,52-83-45-5-59-95-92-98-14-38-44-16-85-93-61-86-17-84-18-49-36-46-8-96-37-42-43-97-100-91-60-48-89|28-27-69-31-88-11-64-19-47-82-7-62-63-90-30-51-71-9-81-33-50-3-79-78-34-35-65-66-20-32-10-70-1-77-54-55-25-24-80-68|2-23-67-39-29-76-12-21-73-72-75-22-41-15-57-87-99-6-94-13-58-40-74-56-4-26-53
133,3,1007.6891,278.8422,145.0,891.149,0,3,28.435687,28.443111,True,52-83-45-5-59-95-92-98-14-38-44-16-85-93-61-86-17-84-18-49-36-46-8-96-37-42-43-97-100-91-60-48-89|28-27-69-31-88-11-64-19-47-82-7-62-63-90-30-51-71-9-81-33-50-3-79-78-34-35-65-66-20-32-10-70-1-77-54-55-25-24-80-68|2-23-67-39-29-76-12-21-73-72-75-22-41-15-57-87-99-6-94-13-58-40-74-56-4-26-53
134,3,1007.8781,333.9302,99.0,810.6673,0,3,28.492395,28.491466,True,52-83-45-5-99-59-95-98-44-14-38-86-16-61-84-18-49-36-46-8-6-96-92-97-42-43-37-100-91-17-48-60-89|2-72-21-12-76-29-39-67-23-75-73-40-53-94-93-85-13-87-57-15-41-22-74-56-25-55-24-68-80-26-54-4-58|28-27-69-31-88-11-64-19-47-82-7-62-63-90-30-51-71-9-81-33-77-50-3-79-78-34-35-65-66-20-32-10-70-1
135,3,1008.0215,327.9424,73.0,809.8652,0,3,28.535408,28.530904,True,52-83-45-5-16-98-6-95-14-44-38-86-61-85-93-18-49-46-8-84-96-97-42-43-37-100-91-17-48-60-89|28-29-12-21-72-75-39-67-23-41-73-2-57-15-87-92-59-99-94-13-58-53-40-26-4-74-22-56-25-55-54-24-80-68-77|27-69-31-88-11-64-19-36-47-82-7-62-63-90-30-51-71-9-81-33-76-50-3-79-78-34-35-65-66-20-32-10-70-1
136,3,1008.0215,327.9424,73.0,809.8652,0,3,28.535408,28.530904,True,52-83-45-5-16-98-6-95-14-44-38-86-61-85-93-18-49-46-8-84-96-97-42-43-37-100-91-17-48-60-89|28-29-12-21-72-75-39-67-23-41-73-2-57-15-87-92-59-99-94-13-58-53-40-26-4-74-22-56-25-55-54-24-80-68-77|27-69-31-88-11-64-19-36-47-82-7-62-63-90-30-51-71-9-81-33-76-50-3-79-78-34-35-65-66-20-32-10-70-1
137,3,1008.3879,348.0506,10.0,826.1308,0,3,28.645326,28.640089,True,95-92-59-5-83-45-61-16-38-44-98-85-86-84-18-49-46-8-94-6-96-99-97-42-43-100-37-93-91-17-48-60-89|28-12-29-67-23-75-72-21-73-2-57-87-14-15-41-22-74-40-58-13-53-26-4-56-39-25-55-54-24-80-68-77|27-69-31-88-52-82-47-36-64-11-19-7-62-63-90-30-51-71-9-81-33-76-50-3-79-78-34-35-65-66-20-32-10-70-1
138,3,1008.3879,348.0506,10.0,826.1308,0,3,28.645326,28.640089,True,95-92-59-5-83-45-61-16-38-44-98-85-86-84-18-49-46-8-94-6-96-99-97-42-43-100-37-93-91-17-48-60-89|28-12-29-67-23-75-72-21-73-2-57-87-14-15-41-22-74-40-58-13-53-26-4-56-39-25-55-54-24-80-68-77|27-69-31-88-52-82-47-36-64-11-19-7-62-63-90-30-51-71-9-81-33-76-50-3-79-78-34-35-65-66-20-32-10-70-1
139,4,1008.7203,844.9479,265.0,793.7731,0,4,48.670806,48.761149,True,2-15-42-95-59-98-44-14-38-86-16-61-85-57-87-99-46-45-17-84-93-92-97-37-43-100-91-96-60-89|28-29-12-40-21-73-72-75-39-56-41-22-74-23-67-25-55-4-54-24-80-68-77-26|27-69-31-88-52-82-47-36-64-11-63-90-30-51-71-9-81-33-76-50-3-79-78-34-35-65-66-20-32-10-48-70-1|6-5-83-18-7-62-19-49-8-94-13-58-53
140,4,1008.7203,844.9479,265.0,793.7731,0,4,48.670806,48.761149,True,2-15-42-95-59-98-44-14-38-86-16-61-85-57-87-99-46-45-17-84-93-92-97-37-43-100-91-96-60-89|28-29-12-40-21-73-72-75-39-56-41-22-74-23-67-25-55-4-54-24-80-68-77-26|27-69-31-88-52-82-47-36-64-11-63-90-30-51-71-9-81-33-76-50-3-79-78-34-35-65-66-20-32-10-48-70-1|6-5-83-18-7-62-19-49-8-94-13-58-53
141,3,1008.8763,337.0894,16.0,835.6539,0,3,28.791854,28.787148,True,52-83-45-5-99-59-95-98-44-14-38-86-16-85-61-84-18-49-46-8-6-96-92-42-43-97-37-100-91-93-17-48-60-89|23-67-39-29-76-12-21-72-75-73-2-40-53-94-87-57-15-41-22-74-56-4-25-55-54-24-80-68-77-26-58-13|28-27-69-31-88-11-64-19-36-47-82-7-62-63-90-30-51-71-9-81-33-50-3-79-78-34-35-65-66-20-32-10-70-1
142,3,1008.8763,337.0894,16.0,835.6539,0,3,28.791854,28.787148,True,52-83-45-5-99-59-95-98-44-14-38-86-16-85-61-84-18-49-46-8-6-96-92-42-43-97-37-100-91-93-17-48-60-89|23-67-39-29-76-12-21-72-75-73-2-40-53-94-87-57-15-41-22-74-56-4-25-55-54-24-80-68-77-26-58-13|28-27-69-31-88-11-64-19-36-47-82-7-62-63-90-30-51-71-9-81-33-50-3-79-78-34-35-65-66-20-32-10-70-1
143,6,1009.3944,2082.8183,192.0,732.886,0,6,234.351374,234.611767,True,95-59-92-98-14-38-44-16-61-5-83-99-93-85-86-43-84-17-45-46-48|28-21-72-75-73-2-57-15-42-87-13-94-100-91-60|52-7-82-8-18-40-23-67-39-25-55-4-56-74-22-41-97-37-96-6-89|31-88-62-63-19-47-36-49-64-11-10-90-32-66-20-1|27-69-70-30-51-71-65-35-9-81-33-50|53-12-76-29-34-78-79-3-77-68-80-24-54-26-58
144,4,1010.0287,865.1089,233.0,793.7731,0,4,51.694949,51.785509,True,2-15-42-95-59-98-100-44-14-38-86-16-61-85-57-87-92-99-84-45-46-17-37-97-43-91-93-96-60-89|28-29-12-40-21-73-72-75-56-41-22-74-23-67-39-25-55-4-54-24-80-68-77-26|27-69-31-88-52-47-36-64-11-63-90-30-71-9-51-81-33-76-50-3-79-78-34-35-65-66-20-32-10-48-70-1|5-83-82-18-7-62-19-49-8-6-94-13-58-53
145,3,1010.2105,324.1326,17.0,802.2895,0,3,29.192114,29.180959,True,52-83-5-99-59-95-92-98-61-44-14-38-86-16-85-93-18-49-46-8-45-84-96-97-42-43-37-100-91-17-48-60-89|28-39-67-23-75-72-29-12-73-21-40-2-6-94-13-53-58-87-57-15-41-22-74-56-55-25-4-26-54-24-80-68-77|27-69-31-88-11-64-19-36-47-82-7-62-63-90-30-51-71-9-81-33-76-50-3-79-78-34-35-65-66-20-32-10-70-1
146,3,1010.2105,324.1326,17.0,802.2895,0,3,29.192114,29.180959,True,52-83-5-99-59-95-92-98-61-44-14-38-86-16-85-93-18-49-46-8-45-84-96-97-42-43-37-100-91-17-48-60-89|28-39-67-23-75-72-29-12-73-21-40-2-6-94-13-53-58-87-57-15-41-22-74-56-55-25-4-26-54-24-80-68-77|27-69-31-88-11-64-19-36-47-82-7-62-63-90-30-51-71-9-81-33-76-50-3-79-78-34-35-65-66-20-32-10-70-1
147,3,1010.2409,298.8871,122.0,892.1051,0,3,29.201223,29.210263,True,52-83-45-5-99-59-95-92-98-44-100-14-38-86-16-85-61-84-18-49-36-46-8-96-97-42-43-37-93-91-17-48-60-89|27-69-31-88-11-64-19-47-82-7-62-63-90-30-51-71-9-81-33-50-3-79-78-34-35-65-66-20-32-10-70-1-54-55-25-24-80-68-77|28-39-23-67-29-76-12-21-73-72-75-22-41-2-57-15-87-94-6-13-58-40-74-56-4-26-53
148,3,1010.2409,298.8871,122.0,892.1051,0,3,29.201223,29.210263,True,52-83-45-5-99-59-95-92-98-44-100-14-38-86-16-85-61-84-18-49-36-46-8-96-97-42-43-37-93-91-17-48-60-89|27-69-31-88-11-64-19-47-82-7-62-63-90-30-51-71-9-81-33-50-3-79-78-34-35-65-66-20-32-10-70-1-54-55-25-24-80-68-77|28-39-23-67-29-76-12-21-73-72-75-22-41-2-57-15-87-94-6-13-58-40-74-56-4-26-53
149,3,1010.8637,362.8928,10.0,816.8028,0,3,29.388061,29.384394,True,83-45-5-99-59-95-92-98-44-14-38-86-16-61-85-18-49-46-8-84-96-97-42-43-37-100-93-91-17-48-60-89|28-12-29-67-23-75-72-21-73-2-6-57-15-87-94-13-58-53-40-26-74-22-41-56-39-25-55-4-54-24-80-68-77|27-69-31-52-82-47-36-64-11-19-88-7-62-63-90-30-51-71-9-81-33-76-50-3-79-78-34-35-65-66-20-32-10-70-1
150,3,1010.8637,362.8928,10.0,816.8028,0,3,29.388061,29.384394,True,83-45-5-99-59-95-92-98-44-14-38-86-16-61-85-18-49-46-8-84-96-97-42-43-37-100-93-91-17-48-60-89|28-12-29-67-23-75-72-21-73-2-6-57-15-87-94-13-58-53-40-26-74-22-41-56-39-25-55-4-54-24-80-68-77|27-69-31-52-82-47-36-64-11-19-88-7-62-63-90-30-51-71-9-81-33-76-50-3-79-78-34-35-65-66-20-32-10-70-1
151,4,1011.968,840.4997,265.0,793.7731,0,4,48.003583,48.094233,True,2-15-42-95-59-98-44-14-38-86-16-61-85-57-87-92-99-46-45-17-84-93-37-97-43-100-91-96-60-89|28-29-12-40-21-73-72-75-56-41-22-74-23-67-39-25-55-4-54-24-80-68-77-26|27-69-31-52-82-88-47-36-64-11-63-90-30-51-71-9-81-33-76-50-3-79-78-34-35-65-66-20-32-10-48-70-1|6-5-83-18-7-62-19-49-8-94-13-58-53
152,4,1013.5775,863.2969,218.0,793.7731,0,4,51.423158,51.51301,True,2-15-42-95-98-44-14-38-86-16-61-85-59-92-87-99-46-17-93-57-43-37-100-91-97-96-60-89|28-29-12-40-21-73-72-75-56-41-22-74-23-67-39-25-55-4-54-24-80-68-77-26|27-69-31-88-52-82-47-36-64-63-90-30-51-71-9-81-33-76-50-3-79-78-34-35-65-66-20-32-10-48-70-1|6-5-45-83-18-7-62-11-19-49-8-84-94-13-58-53
153,4,1013.5775,863.2969,218.0,793.7731,0,4,51.423158,51.51301,True,2-15-42-95-98-44-14-38-86-16-61-85-59-92-87-99-46-17-93-57-43-37-100-91-97-96-60-89|28-29-12-40-21-73-72-75-56-41-22-74-23-67-39-25-55-4-54-24-80-68-77-26|27-69-31-88-52-82-47-36-64-63-90-30-51-71-9-81-33-76-50-3-79-78-34-35-65-66-20-32-10-48-70-1|6-5-45-83-18-7-62-11-19-49-8-84-94-13-58-53
154,4,1014.1585,838.3092,265.0,793.7731,0,4,47.674996,47.765974,True,2-15-42-95-59-98-44-14-38-86-16-61-85-57-87-92-99-46-45-17-84-93-37-97-43-100-91-96-60-89|28-29-12-40-21-73-72-75-56-41-22-74-23-67-39-25-55-4-54-24-80-68-77-26|27-69-31-88-52-82-47-36-64-11-63-90-30-51-71-9-81-33-76-50-3-79-78-34-35-65-66-20-32-10-48-70-1|6-5-83-7-18-62-19-49-8-94-13-58-53
155,3,1014.6533,295.5796,122.0,892.1051,0,3,30.524951,30.534818,True,52-83-45-5-99-59-95-98-44-38-14-100-85-61-16-86-84-18-49-36-46-8-96-37-42-43-97-92-93-91-17-48-60-89|27-69-31-88-62-11-64-19-47-82-7-63-90-30-51-71-9-81-33-50-3-79-78-34-35-65-66-20-32-10-70-1-54-55-25-24-80-68-77|28-39-23-67-29-76-12-21-73-72-75-22-41-2-57-15-87-94-6-13-58-40-74-56-4-26-53
156,3,1014.6533,295.5796,122.0,892.1051,0,3,30.524951,30.534818,True,52-83-45-5-99-59-95-98-44-38-14-100-85-61-16-86-84-18-49-36-46-8-96-37-42-43-97-92-93-91-17-48-60-89|27-69-31-88-62-11-64-19-47-82-7-63-90-30-51-71-9-81-33-50-3-79-78-34-35-65-66-20-32-10-70-1-54-55-25-24-80-68-77|28-39-23-67-29-76-12-21-73-72-75-22-41-2-57-15-87-94-6-13-58-40-74-56-4-26-53
157,3,1015.2489,313.6632,77.0,812.1896,0,3,30.70362,30.699892,True,52-83-45-5-99-95-92-98-14-38-44-16-86-61-84-18-49-46-8-94-13-6-96-97-42-43-37-100-91-17-48-60-89|28-72-21-12-29-39-67-23-75-73-2-59-93-85-87-57-15-41-22-74-56-40-58-53-26-4-25-55-54-24-80-68-77|27-69-31-88-62-11-64-19-36-47-82-7-63-90-30-51-71-9-81-33-76-50-3-79-78-34-35-65-66-20-32-10-70-1
158,3,1015.2489,313.6632,77.0,812.1896,0,3,30.70362,30.699892,True,52-83-45-5-99-95-92-98-14-38-44-16-86-61-84-18-49-46-8-94-13-6-96-97-42-43-37-100-91-17-48-60-89|28-72-21-12-29-39-67-23-75-73-2-59-93-85-87-57-15-41-22-74-56-40-58-53-26-4-25-55-54-24-80-68-77|27-69-31-88-62-11-64-19-36-47-82-7-63-90-30-51-71-9-81-33-76-50-3-79-78-34-35-65-66-20-32-10-70-1
159,4,1015.8787,835.5832,265.0,793.7731,0,4,47.266103,47.357189,True,2-15-42-95-59-98-44-14-38-86-16-61-85-57-87-92-99-84-45-46-17-93-37-97-43-100-91-96-60-89|28-29-12-40-21-73-72-75-56-41-22-74-23-67-39-25-55-4-54-24-80-68-77-26|27-69-31-88-52-82-47-11-36-64-63-90-30-51-71-9-81-33-76-50-3-79-78-34-35-65-66-20-32-10-48-70-1|6-5-83-18-7-62-19-49-8-94-13-58-53
160,3,1016.4806,291.7654,133.0,892.1051,0,3,31.073139,31.084083,True,52-83-5-59-95-98-14-38-44-16-61-99-93-85-86-84-18-7-49-36-46-8-96-92-37-42-43-97-100-91-17-48-60-89|27-69-31-88-82-45-47-19-62-11-64-63-90-30-51-71-9-81-33-50-3-79-78-34-35-65-66-20-32-10-70-1-54-55-25-24-80-68-77|28-39-23-67-29-76-12-21-73-72-75-22-41-2-57-15-87-94-6-13-58-40-74-56-4-26-53
161,4,1017.3416,835.1261,265.0,793.7731,0,4,47.197536,47.288992,True,2-15-42-95-59-98-44-14-38-86-16-61-85-57-87-92-99-46-45-17-84-93-37-97-43-100-91-96-60-89|28-29-12-40-73-21-72-75-56-41-22-74-23-67-39-25-55-4-54-24-80-68-77-26|27-69-31-88-52-82-47-36-64-11-63-90-30-51-71-9-81-33-76-50-3-79-78-34-35-65-66-20-32-10-48-70-1|6-5-83-7-18-62-19-49-8-94-13-58-53
162,4,1018.576,896.4909,115.0,760.4945,0,4,56.402253,56.483293,True,95-40-21-73-2-98-59-5-61-16-86-38-14-44-85-93-99-94-6-96-92-37-43-100-91-97-13|28-12-29-67-23-75-72-22-41-15-57-42-87-58-53-74-56-39-25-55-4-54-24-80-68-77-26|27-69-30-65-71-70-31-7-82-83-18-84-17-45-8-46-36-49-32-10-48-60-89|52-88-62-47-19-11-64-63-90-51-81-33-76-50-3-79-78-34-35-9-66-20-1
163,4,1018.576,896.4909,115.0,760.4945,0,4,56.402253,56.483293,True,95-40-21-73-2-98-59-5-61-16-86-38-14-44-85-93-99-94-6-96-92-37-43-100-91-97-13|28-12-29-67-23-75-72-22-41-15-57-42-87-58-53-74-56-39-25-55-4-54-24-80-68-77-26|27-69-30-65-71-70-31-7-82-83-18-84-17-45-8-46-36-49-32-10-48-60-89|52-88-62-47-19-11-64-63-90-51-81-33-76-50-3-79-78-34-35-9-66-20-1
164,3,1018.9323,351.1808,5.0,838.8842,0,3,31.808638,31.808446,True,83-5-45-99-59-95-6-98-44-14-38-86-16-85-61-84-18-49-46-8-96-92-42-43-97-37-100-91-93-17-48-60-89|28-12-29-67-23-75-72-21-73-2-57-15-87-94-13-58-53-40-74-22-41-56-39-55-25-4-54-26-24-80-68-77|27-69-31-52-82-47-36-64-11-19-88-7-62-63-90-30-51-71-9-81-33-76-50-3-79-78-34-35-65-66-20-32-10-70-1
165,3,1018.9323,351.1808,5.0,838.8842,0,3,31.808638,31.808446,True,83-5-45-99-59-95-6-98-44-14-38-86-16-85-61-84-18-49-46-8-96-92-42-43-97-37-100-91-93-17-48-60-89|28-12-29-67-23-75-72-21-73-2-57-15-87-94-13-58-53-40-74-22-41-56-39-55-25-4-54-26-24-80-68-77|27-69-31-52-82-47-36-64-11-19-88-7-62-63-90-30-51-71-9-81-33-76-50-3-79-78-34-35-65-66-20-32-10-70-1
166,4,1019.3139,846.0694,251.0,793.7731,0,4,48.839029,48.931318,True,95-2-15-42-98-100-44-14-38-86-16-61-85-59-87-57-92-99-84-45-17-96-93-37-97-43-91-60-89|28-29-76-40-21-73-72-12-75-56-41-22-74-23-67-39-25-55-4-54-24-80-68-77-26|27-69-31-88-52-82-47-36-64-11-63-90-30-51-71-9-81-33-50-3-79-78-34-35-65-66-20-32-10-48-70-1|6-5-83-18-7-62-19-49-46-8-94-13-58-53
167,4,1019.3139,846.0694,251.0,793.7731,0,4,48.839029,48.931318,True,95-2-15-42-98-100-44-14-38-86-16-61-85-59-87-57-92-99-84-45-17-96-93-37-97-43-91-60-89|28-29-76-40-21-73-72-12-75-56-41-22-74-23-67-39-25-55-4-54-24-80-68-77-26|27-69-31-88-52-82-47-36-64-11-63-90-30-51-71-9-81-33-50-3-79-78-34-35-65-66-20-32-10-48-70-1|6-5-83-18-7-62-19-49-46-8-94-13-58-53
168,3,1019.6629,364.7258,3.0,823.8581,0,3,32.027821,32.027427,True,83-45-5-99-59-95-92-98-44-14-38-86-16-61-85-6-18-49-46-8-84-96-97-42-43-37-93-100-91-17-48-60-89|28-12-76-29-67-23-75-72-21-2-73-15-57-87-94-13-58-53-40-26-74-22-41-56-39-25-55-4-54-24-80-68|27-69-31-88-52-82-47-36-64-11-19-7-62-63-90-65-71-9-81-33-51-30-50-77-3-79-78-34-35-20-66-32-10-70-1
169,3,1019.6629,364.7258,3.0,823.8581,0,3,32.027821,32.027427,True,83-45-5-99-59-95-92-98-44-14-38-86-16-61-85-6-18-49-46-8-84-96-97-42-43-37-93-100-91-17-48-60-89|28-12-76-29-67-23-75-72-21-2-73-15-57-87-94-13-58-53-40-26-74-22-41-56-39-25-55-4-54-24-80-68|27-69-31-88-52-82-47-36-64-11-19-7-62-63-90-65-71-9-81-33-51-30-50-77-3-79-78-34-35-20-66-32-10-70-1
170,3,1020.1068,357.3334,5.0,830.6803,0,3,32.161009,32.160862,True,83-45-5-99-59-95-92-98-44-14-38-86-16-61-85-6-18-49-46-8-84-96-97-42-43-37-93-100-91-60-17-48-89|28-12-29-67-23-75-72-21-73-2-57-15-87-94-13-58-53-40-22-26-74-41-56-39-25-55-4-54-24-80-68-77|27-69-31-52-82-47-36-64-11-19-88-7-62-63-90-30-51-71-9-81-33-76-50-3-79-78-34-35-65-66-20-32-10-70-1
171,3,1021.0002,287.6244,122.0,892.1051,0,3,32.429035,32.439613,True,52-83-45-5-59-95-92-98-14-38-44-16-85-93-99-61-86-84-18-49-36-46-8-96-37-42-43-97-100-91-17-48-60-89|27-69-31-88-11-64-19-47-82-7-62-63-90-30-51-71-9-81-33-50-3-79-78-34-35-65-66-20-32-10-70-1-54-55-25-24-80-68-77|28-39-23-67-29-76-12-21-73-72-75-22-41-2-57-15-87-94-6-13-58-40-74-56-4-26-53
172,3,1021.352,269.8903,131.0,892.1051,0,3,32.534559,32.543482,True,83-45-5-59-95-92-98-14-38-44-61-99-93-85-16-86-17-84-18-49-36-46-8-96-37-42-43-97-100-91-60-48-89|27-52-69-31-88-11-64-19-47-82-7-62-63-90-30-51-71-9-81-33-50-3-79-78-34-35-65-66-20-32-10-70-1-54-55-25-24-80-68-77|28-39-23-67-29-76-12-21-73-72-75-22-41-2-57-15-87-94-6-13-58-40-74-56-4-26-53
173,4,1021.8208,830.6469,265.0,793.7731,0,4,46.525656,46.617784,True,2-15-42-95-98-59-44-14-38-86-16-61-85-57-87-92-99-46-45-17-84-93-37-97-43-100-91-96-60-89|28-29-12-40-22-21-73-72-75-56-41-74-23-67-39-25-55-4-54-24-80-68-77-26|27-69-31-88-52-82-47-36-64-11-63-90-30-51-71-9-81-33-76-50-3-79-78-34-35-65-66-20-32-10-48-70-1|6-5-83-18-7-62-19-49-8-94-13-58-53
174,4,1021.8208,830.6469,265.0,793.7731,0,4,46.525656,46.617784,True,2-15-42-95-98-59-44-14-38-86-16-61-85-57-87-92-99-46-45-17-84-93-37-97-43-100-91-96-60-89|28-29-12-40-22-21-73-72-75-56-41-74-23-67-39-25-55-4-54-24-80-68-77-26|27-69-31-88-52-82-47-36-64-11-63-90-30-51-71-9-81-33-76-50-3-79-78-34-35-65-66-20-32-10-48-70-1|6-5-83-18-7-62-19-49-8-94-13-58-53
175,3,1022.1225,348.8292,5.0,823.8581,0,3,32.765723,32.763882,True,83-45-5-99-59-98-95-92-44-14-38-86-16-61-85-6-18-49-46-8-84-96-97-42-43-37-93-100-91-17-48-60-89|28-12-29-67-23-75-72-21-73-2-57-15-87-94-13-58-41-53-40-26-74-22-56-39-25-55-4-54-24-80-68-77|27-69-31-52-82-47-36-64-11-19-88-7-62-63-90-30-51-71-9-81-33-76-50-3-79-78-34-35-65-66-20-32-10-70-1
176,3,1022.1225,348.8292,5.0,823.8581,0,3,32.765723,32.763882,True,83-45-5-99-59-98-95-92-44-14-38-86-16-61-85-6-18-49-46-8-84-96-97-42-43-37-93-100-91-17-48-60-89|28-12-29-67-23-75-72-21-73-2-57-15-87-94-13-58-41-53-40-26-74-22-56-39-25-55-4-54-24-80-68-77|27-69-31-52-82-47-36-64-11-19-88-7-62-63-90-30-51-71-9-81-33-76-50-3-79-78-34-35-65-66-20-32-10-70-1
177,4,1022.1889,891.5747,162.0,760.4945,0,4,55.664832,55.750918,True,95-98-59-2-73-72-21-40-5-61-16-86-38-14-44-85-93-99-94-6-96-92-37-43-100-91-97-13|28-12-76-29-39-67-23-75-22-41-15-57-42-87-58-53-74-56-4-25-55-54-24-80-68-77-26|27-69-31-30-65-71-70-88-7-82-83-18-84-17-45-8-46-36-49-32-10-48-60-89|52-62-47-19-11-64-63-90-51-81-33-3-79-78-34-35-9-66-20-50-1
178,3,1023.8449,346.7731,5.0,823.8581,0,3,33.282426,33.280793,True,83-45-5-99-59-95-92-98-44-14-38-86-16-61-85-6-18-49-46-8-84-96-97-42-43-37-93-100-91-17-48-60-89|28-12-29-67-23-75-72-21-73-2-57-15-87-94-13-58-53-40-22-26-74-41-56-39-25-55-4-54-24-80-68-77|27-69-31-52-47-36-64-11-19-88-82-7-62-63-90-30-51-71-9-81-33-76-50-3-79-78-34-35-65-66-20-32-10-70-1
179,3,1024.3342,311.7565,47.0,794.3022,0,3,33.429232,33.422259,True,39-67-23-72-21-95-92-98-44-14-38-86-16-85-61-17-45-46-36-49-8-93-37-97-42-43-100-91-96-60-48-89|52-28-76-29-12-75-73-2-59-99-5-84-18-6-94-13-87-57-15-41-22-74-40-58-53-26-4-56-25-55-54-24-80-68-77|27-69-31-88-83-82-47-19-64-11-7-62-63-90-30-51-71-9-81-33-50-3-79-78-34-35-65-66-20-32-10-70-1
180,3,1024.3342,311.7565,47.0,794.3022,0,3,33.429232,33.422259,True,39-67-23-72-21-95-92-98-44-14-38-86-16-85-61-17-45-46-36-49-8-93-37-97-42-43-100-91-96-60-48-89|52-28-76-29-12-75-73-2-59-99-5-84-18-6-94-13-87-57-15-41-22-74-40-58-53-26-4-56-25-55-54-24-80-68-77|27-69-31-88-83-82-47-19-64-11-7-62-63-90-30-51-71-9-81-33-50-3-79-78-34-35-65-66-20-32-10-70-1
181,4,1024.7225,890.3444,115.0,760.4945,0,4,55.480279,55.562241,True,95-40-21-73-2-98-59-5-61-16-86-38-14-44-85-93-99-94-6-96-92-37-43-100-91-97-13|28-12-29-67-23-75-72-22-41-15-57-42-87-58-53-74-56-39-25-55-4-54-24-80-68-77-26|27-69-31-30-65-71-70-7-82-83-18-84-17-45-8-46-36-49-32-10-48-60-89|52-88-62-47-19-11-64-63-90-51-81-33-76-50-3-79-78-34-35-9-66-20-1
182,4,1024.9813,844.6987,233.0,793.7731,0,4,48.633427,48.725411,True,2-15-42-38-14-44-16-98-95-59-85-57-87-92-61-86-17-46-37-97-43-100-91-93-96-60-89|28-29-12-40-21-73-72-75-56-41-22-74-23-67-39-25-55-4-54-24-80-68-77-26|27-69-31-88-52-82-47-36-64-11-63-90-30-51-71-9-81-33-76-50-3-79-78-34-35-65-66-20-32-10-48-70-1|6-99-5-83-45-18-7-62-19-49-8-84-94-13-58-53
183,4,1024.9813,844.6987,233.0,793.7731,0,4,48.633427,48.725411,True,2-15-42-38-14-44-16-98-95-59-85-57-87-92-61-86-17-46-37-97-43-100-91-93-96-60-89|28-29-12-40-21-73-72-75-56-41-22-74-23-67-39-25-55-4-54-24-80-68-77-26|27-69-31-88-52-82-47-36-64-11-63-90-30-51-71-9-81-33-76-50-3-79-78-34-35-65-66-20-32-10-48-70-1|6-99-5-83-45-18-7-62-19-49-8-84-94-13-58-53
184,4,1025.0253,910.074,208.0,752.7157,0,4,58.439728,58.532873,True,28-21-72-75-2-42-14-38-44-16-100-98-85-61-86-17-45-18-6-94-13-97-37-43-91-93-96|27-31-63-11-62-88-52-69-76-12-29-79-30-51-9-81-71-66-65-35-34-78-33-3-68-80-77-50-1-20-32-10-70|95-92-59-99-5-83-8-82-7-47-19-90-64-49-36-46-84-60-48-89|53-40-73-67-23-22-41-15-57-87-58-74-56-39-4-25-55-24-54-26
185,4,1025.6901,898.2061,105.0,770.4948,0,4,56.659541,56.743472,True,28-21-2-15-42-14-38-44-100-98-85-61-16-86-17-84-18-58-13-97-37-43-91-93-96|40-73-72-22-75-23-67-39-56-41-57-87-94-6-53-74-4-25-55-54-24-80-26|27-52-88-62-11-63-31-69-76-12-29-78-79-33-71-30-51-81-35-65-66-20-9-34-3-68-77-50-1|95-92-59-99-5-83-45-8-82-7-19-47-49-64-90-70-32-10-36-46-48-60-89
186,4,1025.6901,898.2061,105.0,770.4948,0,4,56.659541,56.743472,True,28-21-2-15-42-14-38-44-100-98-85-61-16-86-17-84-18-58-13-97-37-43-91-93-96|40-73-72-22-75-23-67-39-56-41-57-87-94-6-53-74-4-25-55-54-24-80-26|27-52-88-62-11-63-31-69-76-12-29-78-79-33-71-30-51-81-35-65-66-20-9-34-3-68-77-50-1|95-92-59-99-5-83-45-8-82-7-19-47-49-64-90-70-32-10-36-46-48-60-89
187,3,1028.0024,322.9234,37.0,809.3486,0,3,34.529673,34.526733,True,67-23-75-21-95-92-98-16-44-14-38-86-61-85-93-18-7-49-46-8-45-17-37-42-43-100-91-97-96-60-48-89|28-29-76-12-39-72-73-2-83-84-5-99-59-6-94-13-87-57-15-41-22-74-40-58-53-26-4-56-25-55-54-24-80-68-77|27-69-52-31-88-82-47-36-19-62-11-64-63-90-30-51-71-9-81-33-50-3-79-78-34-35-65-66-20-32-10-70-1
188,4,1028.0615,806.6825,392.0,793.7731,0,4,42.930995,43.034101,True,2-15-42-92-95-59-98-44-14-38-86-16-61-85-87-57-13-94-99-8-46-45-17-84-93-37-97-43-100-91-96-60-89|83-52-29-12-28-53-40-21-73-72-75-56-41-22-74-23-67-39-25-55-4-54-24-80-68-77-26-58|27-69-31-88-82-47-36-19-11-64-63-90-30-51-71-9-81-33-76-50-3-79-78-34-35-65-66-20-32-10-48-70-1|6-5-18-7-49-62
189,4,1028.0615,806.6825,392.0,793.7731,0,4,42.930995,43.034101,True,2-15-42-92-95-59-98-44-14-38-86-16-61-85-87-57-13-94-99-8-46-45-17-84-93-37-97-43-100-91-96-60-89|83-52-29-12-28-53-40-21-73-72-75-56-41-22-74-23-67-39-25-55-4-54-24-80-68-77-26-58|27-69-31-88-82-47-36-19-11-64-63-90-30-51-71-9-81-33-76-50-3-79-78-34-35-65-66-20-32-10-48-70-1|6-5-18-7-49-62
190,4,1028.3566,911.7933,93.0,760.4945,0,4,58.697611,58.78168,True,40-21-73-2-98-59-5-61-16-86-38-14-44-85-93-99-94-6-96-92-37-43-100-91-97-13|28-12-29-39-67-23-75-72-22-41-15-57-42-87-58-53-74-56-4-25-55-54-24-80-68-77-26|95-27-69-31-30-65-71-70-88-7-82-18-84-17-45-8-46-36-49-10-62-48-60-89|52-83-47-19-11-64-63-90-51-81-33-76-3-79-78-34-35-9-66-32-20-50-1
191,3,1029.1598,290.4485,65.0,809.2964,0,3,34.876885,34.872214,True,52-83-45-5-99-59-95-98-44-14-38-86-16-61-18-49-46-8-94-6-96-92-97-42-43-37-100-91-17-48-60-89|23-67-39-29-12-21-72-75-73-2-40-53-84-85-93-87-57-15-41-22-74-56-4-25-55-54-24-80-68-77-26-58-13|28-27-69-31-88-11-64-19-36-47-82-7-62-63-90-30-51-71-9-81-33-76-50-3-79-78-34-35-65-66-20-32-10-70-1
192,3,1029.1598,290.4485,65.0,809.2964,0,3,34.876885,34.872214,True,52-83-45-5-99-59-95-98-44-14-38-86-16-61-18-49-46-8-94-6-96-92-97-42-43-37-100-91-17-48-60-89|23-67-39-29-12-21-72-75-73-2-40-53-84-85-93-87-57-15-41-22-74-56-4-25-55-54-24-80-68-77-26-58-13|28-27-69-31-88-11-64-19-36-47-82-7-62-63-90-30-51-71-9-81-33-76-50-3-79-78-34-35-65-66-20-32-10-70-1
193,3,1029.9703,276.6083,32.0,830.2293,0,3,35.120056,35.113391,True,5-45-83-52-59-95-99-98-15-41-42-14-44-38-86-16-85-61-84-18-49-46-8-6-96-97-92-37-43-100-91-93-17-48-60-89|28-12-29-39-67-23-75-72-21-2-73-57-87-94-13-58-53-40-74-22-56-4-25-55-54-24-80-68-77-26|27-69-31-88-82-47-36-64-11-19-7-62-63-90-30-51-71-9-81-33-76-50-3-79-78-34-35-65-66-20-32-10-70-1
194,3,1029.9703,276.6083,32.0,830.2293,0,3,35.120056,35.113391,True,5-45-83-52-59-95-99-98-15-41-42-14-44-38-86-16-85-61-84-18-49-46-8-6-96-97-92-37-43-100-91-93-17-48-60-89|28-12-29-39-67-23-75-72-21-2-73-57-87-94-13-58-53-40-74-22-56-4-25-55-54-24-80-68-77-26|27-69-31-88-82-47-36-64-11-19-7-62-63-90-30-51-71-9-81-33-76-50-3-79-78-34-35-65-66-20-32-10-70-1
195,6,1030.2227,2149.2288,155.0,749.0145,0,6,244.31294,244.588262,True,95-98-59-99-5-83-84-61-16-86-44-14-85-100-37-97-45-46-48|21-72-75-73-2-87-57-15-38-43-42-91-96-13-58|52-7-82-8-18-6-94-40-55-25-39-23-67-56-74-22-41-92-93-17-60-89|28-76-31-88-62-63-64-19-47-36-49-11-10-90-32-20-1|27-69-70-30-51-81-71-66-65-35-9-33-50|53-12-29-34-78-79-3-77-68-80-24-54-4-26
196,3,1030.6713,321.263,21.0,810.3571,0,3,35.330354,35.326517,True,52-83-45-5-44-98-59-95-6-14-38-86-16-61-85-93-99-18-49-46-8-96-92-97-42-43-37-100-91-17-48-60-89|28-29-12-39-67-23-75-72-21-73-2-84-94-13-87-57-15-41-22-74-40-58-53-26-4-56-25-55-54-24-80-68-77|27-69-31-88-82-47-36-64-11-19-7-62-63-90-30-51-71-9-81-33-76-50-3-79-78-34-35-65-66-20-32-10-70-1
197,3,1031.0332,270.6011,99.0,843.3937,0,3,35.438931,35.440359,True,52-83-45-5-99-59-95-92-98-14-38-44-16-86-85-61-84-18-49-36-46-8-6-96-93-42-43-97-37-100-91-17-48-60-89|27-69-31-88-11-64-19-47-82-7-62-63-90-30-51-71-9-81-33-79-78-34-35-65-66-20-32-10-70-1-50-77-54-55-25-24-80-68|28-39-23-67-29-76-12-21-73-72-75-22-41-2-57-15-87-94-13-40-74-56-4-3-26-53-58
198,4,1032.8319,880.9317,116.0,760.4945,0,4,54.068374,54.151456,True,40-21-73-2-98-59-5-61-16-86-38-14-44-85-93-99-94-6-96-92-37-43-100-91-97-13|28-12-29-39-67-23-75-72-22-41-15-57-42-87-58-53-74-56-4-25-55-54-24-80-68-77-26|95-27-69-31-30-65-71-70-88-7-82-18-84-17-45-8-46-36-49-62-10-32-48-60-89|52-83-47-19-11-64-63-90-51-81-33-76-3-79-78-34-35-9-66-20-50-1
199,4,1032.8319,880.9317,116.0,760.4945,0,4,54.068374,54.151456,True,40-21-73-2-98-59-5-61-16-86-38-14-44-85-93-99-94-6-96-92-37-43-100-91-97-13|28-12-29-39-67-23-75-72-22-41-15-57-42-87-58-53-74-56-4-25-55-54-24-80-68-77-26|95-27-69-31-30-65-71-70-88-7-82-18-84-17-45-8-46-36-49-62-10-32-48-60-89|52-83-47-19-11-64-63-90-51-81-33-76-3-79-78-34-35-9-66-20-50-1
200,4,1032.9256,856.9378,132.0,760.4945,0,4,50.469296,50.550407,True,6-59-98-83-5-61-16-86-38-14-44-85-93-99-94-96-92-37-43-100-91-97-13|28-12-29-67-23-75-72-21-73-22-41-15-57-42-87-58-53-40-74-56-39-25-55-4-54-24-68-77-26|2-95-27-69-30-65-71-9-70-31-7-82-18-84-17-45-8-46-36-49-32-10-48-60-89|52-88-62-47-19-11-64-63-90-51-81-33-76-80-3-79-78-34-35-66-20-50-1
201,4,1032.9256,856.9378,132.0,760.4945,0,4,50.469296,50.550407,True,6-59-98-83-5-61-16-86-38-14-44-85-93-99-94-96-92-37-43-100-91-97-13|28-12-29-67-23-75-72-21-73-22-41-15-57-42-87-58-53-40-74-56-39-25-55-4-54-24-68-77-26|2-95-27-69-30-65-71-9-70-31-7-82-18-84-17-45-8-46-36-49-32-10-48-60-89|52-88-62-47-19-11-64-63-90-51-81-33-76-80-3-79-78-34-35-66-20-50-1
202,3,1033.3121,343.6182,5.0,835.6539,0,3,36.122593,36.125096,True,83-45-5-99-59-98-44-95-14-38-86-16-85-61-84-18-49-46-8-6-96-92-42-43-97-37-100-91-93-17-48-60-89|28-12-29-67-23-75-72-21-73-2-57-15-87-94-13-58-53-40-74-22-41-56-26-39-25-55-4-54-24-80-68-77|27-69-31-52-88-82-47-36-64-11-19-7-62-63-90-30-51-71-9-81-33-76-50-3-79-78-34-35-65-66-20-32-10-70-1
203,3,1033.4387,350.3603,13.0,822.4132,0,3,36.160557,36.162923,True,52-83-45-5-98-59-95-6-61-16-44-14-38-86-85-93-99-18-49-46-8-96-92-42-43-97-37-100-91-17-48-60-89|28-27-69-31-88-82-47-36-64-11-19-7-62-63-90-30-51-71-9-81-33-77-50-3-79-78-34-35-65-66-20-32-10-70-1|76-29-12-40-2-73-21-72-75-67-23-41-15-57-87-84-94-13-53-26-74-22-56-39-25-55-24-68-80-54-4-58
204,3,1033.4387,350.3603,13.0,822.4132,0,3,36.160557,36.162923,True,52-83-45-5-98-59-95-6-61-16-44-14-38-86-85-93-99-18-49-46-8-96-92-42-43-97-37-100-91-17-48-60-89|28-27-69-31-88-82-47-36-64-11-19-7-62-63-90-30-51-71-9-81-33-77-50-3-79-78-34-35-65-66-20-32-10-70-1|76-29-12-40-2-73-21-72-75-67-23-41-15-57-87-84-94-13-53-26-74-22-56-39-25-55-24-68-80-54-4-58
205,3,1033.6908,311.7302,123.0,803.5337,0,3,36.236204,36.24102,True,52-83-95-92-98-16-44-14-38-86-61-85-93-18-8-49-46-45-17-99-96-42-43-97-37-100-91-60-48-89|28-72-39-67-29-12-21-23-75-73-2-59-5-84-6-94-13-87-57-15-41-22-74-40-58-53-26-4-56-25-55-54-24-80-68-77|27-69-31-88-62-11-64-36-47-82-7-19-63-90-30-51-71-9-81-33-76-50-3-79-78-34-35-65-66-20-32-10-70-1
206,3,1033.804,311.7118,89.0,803.9385,0,3,36.27015,36.271657,True,52-83-5-95-92-98-16-44-14-38-86-61-85-93-18-49-46-8-45-96-37-42-43-97-100-91-17-48-60-89|28-39-23-67-29-12-21-72-75-73-2-59-99-84-6-94-13-87-57-15-41-22-74-40-58-53-26-4-56-25-55-54-24-80-68-77|27-69-31-88-11-64-19-36-47-82-7-62-63-90-30-51-71-9-81-33-76-50-3-79-78-34-35-65-66-20-32-10-70-1
207,4,1034.1394,836.8945,310.0,774.9285,0,4,47.462789,47.561223,True,21-41-95-59-98-44-14-38-86-16-85-61-17-45-46-8-84-93-99-92-97-42-43-91-100-37-96-60-89|28-12-29-39-67-23-75-72-73-2-57-15-87-94-13-58-40-74-56-4-25-55-54-80-24-68-77-50|27-69-31-52-82-47-36-19-11-64-63-90-30-51-71-9-81-33-76-3-79-78-34-35-65-66-20-32-10-48-70-1|6-5-83-18-7-49-62-88-22-26-53
208,4,1034.1394,836.8945,310.0,774.9285,0,4,47.462789,47.561223,True,21-41-95-59-98-44-14-38-86-16-85-61-17-45-46-8-84-93-99-92-97-42-43-91-100-37-96-60-89|28-12-29-39-67-23-75-72-73-2-57-15-87-94-13-58-40-74-56-4-25-55-54-80-24-68-77-50|27-69-31-52-82-47-36-19-11-64-63-90-30-51-71-9-81-33-76-3-79-78-34-35-65-66-20-32-10-48-70-1|6-5-83-18-7-49-62-88-22-26-53
209,3,1034.4268,342.5035,5.0,835.6539,0,3,36.457001,36.459671,True,83-45-5-99-59-44-95-98-14-38-86-16-85-61-84-18-49-46-8-6-96-92-42-43-97-37-100-91-93-17-48-60-89|28-12-29-67-23-75-72-21-73-2-57-15-87-94-13-58-53-40-74-22-41-56-26-39-25-55-4-54-24-80-68-77|27-69-31-52-88-82-47-36-64-11-19-7-62-63-90-30-51-71-9-81-33-76-50-3-79-78-34-35-65-66-20-32-10-70-1
210,4,1034.8916,884.9894,54.0,770.4948,0,4,54.677036,54.756645,True,2-15-42-14-38-44-100-98-85-61-16-86-17-84-18-27-3-77-26-58-13-97-37-43-91-93-96|40-21-73-72-22-75-23-67-39-56-41-57-87-94-6-53-74-4-25-55-54-24-80-68|52-88-62-11-63-30-31-28-12-76-29-79-51-81-71-65-66-20-9-35-34-78-33-50-1|95-92-59-99-5-83-45-8-82-7-19-47-49-64-90-69-70-32-10-36-46-48-60-89
211,4,1034.8916,884.9894,54.0,770.4948,0,4,54.677036,54.756645,True,2-15-42-14-38-44-100-98-85-61-16-86-17-84-18-27-3-77-26-58-13-97-37-43-91-93-96|40-21-73-72-22-75-23-67-39-56-41-57-87-94-6-53-74-4-25-55-54-24-80-68|52-88-62-11-63-30-31-28-12-76-29-79-51-81-71-65-66-20-9-35-34-78-33-50-1|95-92-59-99-5-83-45-8-82-7-19-47-49-64-90-69-70-32-10-36-46-48-60-89
212,3,1035.2775,303.4767,50.0,797.177,0,3,36.712217,36.708017,True,52-83-5-99-59-95-92-98-14-38-44-85-93-61-16-86-17-18-8-49-46-45-96-37-42-43-97-100-91-60-48-89|28-23-67-39-29-76-12-21-72-75-73-2-84-6-94-13-87-57-15-41-22-74-40-58-53-26-4-56-25-55-54-24-80-68-77|27-69-31-63-64-11-19-36-47-82-7-88-62-90-30-51-71-9-81-33-50-3-79-78-34-35-65-66-20-32-10-70-1
213,3,1035.2775,303.4767,50.0,797.177,0,3,36.712217,36.708017,True,52-83-5-99-59-95-92-98-14-38-44-85-93-61-16-86-17-18-8-49-46-45-96-37-42-43-97-100-91-60-48-89|28-23-67-39-29-76-12-21-72-75-73-2-84-6-94-13-87-57-15-41-22-74-40-58-53-26-4-56-25-55-54-24-80-68-77|27-69-31-63-64-11-19-36-47-82-7-88-62-90-30-51-71-9-81-33-50-3-79-78-34-35-65-66-20-32-10-70-1
214,3,1035.9152,284.6219,91.0,811.0758,0,3,36.903512,36.90286,True,52-83-45-5-99-95-92-98-44-14-38-86-16-61-18-49-46-8-94-13-6-96-97-42-43-37-100-91-17-48-60-89|28-23-67-39-29-12-21-72-75-73-2-59-93-84-85-87-57-15-41-22-74-56-40-58-53-26-4-25-55-54-24-80-68-77|27-69-31-88-11-64-19-36-47-82-7-62-63-90-30-51-71-9-81-33-76-50-3-79-78-34-35-65-66-20-32-10-70-1
215,4,1036.4545,880.713,91.0,770.4948,0,4,54.035569,54.118705,True,28-21-2-15-42-14-38-44-100-98-85-61-16-86-17-84-18-27-50-3-77-26-53-58-97-37-43-91-93-96|40-73-72-75-23-67-39-56-41-57-87-94-6-13-22-74-4-25-55-54-24-80-68|52-88-62-11-63-31-69-76-12-29-79-81-71-30-51-35-65-66-20-9-34-78-33-1|95-92-59-99-5-83-45-8-82-7-19-47-49-64-90-70-32-10-36-46-48-60-89
216,3,1036.5669,312.6709,21.0,807.6606,0,3,37.099029,37.095268,True,52-83-45-5-44-98-92-95-6-59-14-38-86-16-61-85-93-99-18-49-46-8-96-37-42-43-97-100-91-17-48-60-89|28-29-12-21-72-39-67-23-75-73-2-84-94-13-87-57-15-41-22-74-40-58-53-26-4-56-25-55-54-24-80-68-77|27-69-31-88-11-64-19-36-47-82-7-62-63-90-30-51-71-9-81-33-76-50-3-79-78-34-35-65-66-20-32-10-70-1
217,3,1036.8644,346.9346,13.0,822.4132,0,3,37.18827,37.19115,True,52-83-45-5-98-59-95-6-61-16-44-14-38-86-85-93-99-18-49-46-8-96-92-42-43-97-37-100-91-17-48-60-89|28-27-69-31-88-11-63-64-19-36-47-82-7-62-90-30-51-71-9-81-33-77-50-3-79-78-34-35-65-66-20-32-10-70-1|76-29-12-40-2-73-21-72-75-67-23-41-15-57-87-84-94-13-53-26-74-22-56-39-25-55-24-68-80-54-4-58
218,4,1036.9374,833.1203,251.0,793.7731,0,4,46.896666,46.9923,True,95-2-15-42-98-100-44-14-38-86-16-61-85-59-87-57-92-99-84-45-17-93-97-43-91-37-96-60-89|23-28-76-29-12-40-21-73-72-75-56-41-22-74-67-39-25-55-4-54-24-80-68-77-26|27-69-31-88-52-82-47-36-64-11-63-90-30-51-71-9-81-33-50-3-79-78-34-35-65-66-20-32-10-48-70-1|6-5-83-18-7-62-19-49-46-8-94-13-58-53
219,4,1036.9374,833.1203,251.0,793.7731,0,4,46.896666,46.9923,True,95-2-15-42-98-100-44-14-38-86-16-61-85-59-87-57-92-99-84-45-17-93-97-43-91-37-96-60-89|23-28-76-29-12-40-21-73-72-75-56-41-22-74-67-39-25-55-4-54-24-80-68-77-26|27-69-31-88-52-82-47-36-64-11-63-90-30-51-71-9-81-33-50-3-79-78-34-35-65-66-20-32-10-48-70-1|6-5-83-18-7-62-19-49-46-8-94-13-58-53
220,3,1036.9766,283.5604,91.0,811.0758,0,3,37.221943,37.221451,True,52-83-45-5-99-95-92-98-44-14-38-86-16-61-18-49-46-8-94-13-6-96-97-42-43-37-100-91-17-48-60-89|28-23-67-39-29-12-21-72-75-73-2-59-93-84-85-87-57-15-41-22-74-56-40-58-53-26-4-25-55-54-24-80-68-77|27-69-31-88-11-64-36-47-19-82-7-62-63-90-30-51-71-9-81-33-76-50-3-79-78-34-35-65-66-20-32-10-70-1
221,3,1037.6283,311.6095,21.0,807.6606,0,3,37.417461,37.413858,True,52-83-45-5-44-98-92-95-6-59-14-38-86-16-61-85-93-99-18-49-46-8-96-37-42-43-97-100-91-17-48-60-89|28-29-12-21-72-39-67-23-75-73-2-84-94-13-87-57-15-41-22-74-40-58-53-26-4-56-25-55-54-24-80-68-77|27-69-31-88-11-64-36-47-19-82-7-62-63-90-30-51-71-9-81-33-76-50-3-79-78-34-35-65-66-20-32-10-70-1
222,3,1037.8527,323.6478,17.0,824.0282,0,3,37.484767,37.485093,True,52-83-45-5-92-95-59-98-44-14-38-86-16-61-85-99-18-49-46-8-84-96-37-42-43-97-100-91-93-17-48-60-89|28-72-21-12-29-39-67-23-75-73-2-87-94-6-13-57-15-41-22-74-40-58-53-26-4-56-25-55-54-24-80-68-77|27-69-31-88-11-64-36-19-47-62-82-7-63-90-30-51-71-9-81-33-76-50-3-79-78-34-35-65-66-20-32-10-70-1
223,3,1037.9461,272.6421,91.0,811.0758,0,3,37.512782,37.510942,True,52-83-45-5-99-95-92-98-44-14-38-86-16-61-18-49-46-8-94-13-6-96-97-42-43-37-100-91-17-48-60-89|28-39-23-67-29-12-21-72-75-73-2-59-93-84-85-87-57-15-41-22-74-56-40-58-53-26-4-25-55-54-24-80-68-77|27-69-31-88-11-64-19-36-47-82-7-62-63-90-30-51-71-9-81-33-76-50-3-79-78-34-35-65-66-20-32-10-70-1
224,3,1038.0181,312.2268,19.0,807.4006,0,3,37.534391,37.53076,True,52-83-45-5-99-59-95-98-61-16-44-14-38-86-85-93-6-18-49-46-8-17-84-37-42-43-97-92-100-91-96-60-48-89|28-39-67-29-12-21-72-75-23-22-73-2-94-13-87-57-15-41-56-40-58-53-26-74-4-25-55-54-24-80-68-77|27-69-31-88-82-47-36-64-11-19-7-62-63-90-30-51-71-9-81-33-76-50-3-79-78-34-35-65-66-20-32-10-70-1
225,3,1038.0181,312.2268,19.0,807.4006,0,3,37.534391,37.53076,True,52-83-45-5-99-59-95-98-61-16-44-14-38-86-85-93-6-18-49-46-8-17-84-37-42-43-97-92-100-91-96-60-48-89|28-39-67-29-12-21-72-75-23-22-73-2-94-13-87-57-15-41-56-40-58-53-26-74-4-25-55-54-24-80-68-77|27-69-31-88-82-47-36-64-11-19-7-62-63-90-30-51-71-9-81-33-76-50-3-79-78-34-35-65-66-20-32-10-70-1
226,3,1038.2881,270.3365,122.0,892.1051,0,3,37.61539,37.628561,True,95-52-83-45-5-59-92-98-14-38-44-16-85-93-99-61-86-84-18-49-36-46-8-96-37-42-43-97-100-91-17-48-60-89|27-69-31-88-11-64-19-47-82-7-62-63-90-30-51-71-9-81-33-50-3-79-78-34-35-65-66-20-32-10-70-1-54-55-25-24-80-68-77|28-39-23-67-29-76-12-21-73-72-75-22-41-2-57-15-87-94-6-13-58-40-74-56-4-26-53
227,3,1038.6671,280.9411,65.0,809.2964,0,3,37.729103,37.725858,True,52-83-45-5-99-59-95-98-44-14-38-86-16-61-18-49-46-8-94-6-96-92-97-42-43-37-100-91-17-48-60-89|2-39-67-29-12-21-72-23-75-73-40-53-84-85-93-87-57-15-41-22-74-56-4-25-55-54-24-80-68-77-26-58-13|28-27-69-31-88-11-64-19-36-47-82-7-62-63-90-30-51-71-9-81-33-76-50-3-79-78-34-35-65-66-20-32-10-70-1
228,3,1038.6671,280.9411,65.0,809.2964,0,3,37.729103,37.725858,True,52-83-45-5-99-59-95-98-44-14-38-86-16-61-18-49-46-8-94-6-96-92-97-42-43-37-100-91-17-48-60-89|2-39-67-29-12-21-72-23-75-73-40-53-84-85-93-87-57-15-41-22-74-56-4-25-55-54-24-80-68-77-26-58-13|28-27-69-31-88-11-64-19-36-47-82-7-62-63-90-30-51-71-9-81-33-76-50-3-79-78-34-35-65-66-20-32-10-70-1
229,3,1039.5352,306.3077,17.0,814.3527,0,3,37.989511,37.98629,True,52-83-45-5-99-59-95-92-98-44-14-38-86-16-61-18-49-46-8-94-13-96-97-42-43-91-100-37-93-60-48-89|28-23-67-39-29-12-40-21-73-72-75-22-2-6-84-17-85-87-57-15-41-56-74-58-53-26-4-25-55-54-24-80-68-77|27-69-31-88-11-64-19-36-47-82-7-62-63-90-30-51-71-9-81-33-76-50-3-79-78-34-35-65-66-20-32-10-70-1
230,3,1039.5352,306.3077,17.0,814.3527,0,3,37.989511,37.98629,True,52-83-45-5-99-59-95-92-98-44-14-38-86-16-61-18-49-46-8-94-13-96-97-42-43-91-100-37-93-60-48-89|28-23-67-39-29-12-40-21-73-72-75-22-2-6-84-17-85-87-57-15-41-56-74-58-53-26-4-25-55-54-24-80-68-77|27-69-31-88-11-64-19-36-47-82-7-62-63-90-30-51-71-9-81-33-76-50-3-79-78-34-35-65-66-20-32-10-70-1
231,3,1040.1643,340.6474,5.0,823.8581,0,3,38.178263,38.180607,True,83-45-5-99-59-95-92-98-44-14-38-86-16-61-85-6-18-49-46-8-84-96-97-42-43-37-93-100-91-17-48-60-89|28-29-67-12-23-75-73-72-21-2-57-15-87-94-13-58-53-40-26-74-22-41-56-39-25-55-4-54-24-80-68-77|27-69-31-52-82-47-36-64-11-19-88-7-62-63-90-30-51-71-9-81-33-76-50-3-79-78-34-35-65-66-20-32-10-70-1
232,3,1040.223,303.1232,43.0,805.8272,0,3,38.195846,38.193675,True,52-83-5-99-92-98-44-38-14-61-84-86-16-85-93-94-18-8-49-46-45-17-42-43-97-37-100-91-96-60-48-89|28-72-39-67-23-29-12-6-59-95-2-21-73-75-22-41-15-57-87-13-58-53-40-26-54-4-74-56-25-55-24-80-68-77|27-69-31-88-11-64-19-36-47-82-7-62-63-90-30-51-71-9-81-33-76-50-3-79-78-34-35-65-66-20-32-10-70-1
233,3,1040.223,303.1232,43.0,805.8272,0,3,38.195846,38.193675,True,52-83-5-99-92-98-44-38-14-61-84-86-16-85-93-94-18-8-49-46-45-17-42-43-97-37-100-91-96-60-48-89|28-72-39-67-23-29-12-6-59-95-2-21-73-75-22-41-15-57-87-13-58-53-40-26-54-4-74-56-25-55-24-80-68-77|27-69-31-88-11-64-19-36-47-82-7-62-63-90-30-51-71-9-81-33-76-50-3-79-78-34-35-65-66-20-32-10-70-1
234,3,1040.2529,294.3653,71.0,793.041,0,3,38.204832,38.202237,True,52-83-5-95-92-98-14-38-44-61-99-84-93-85-16-86-17-18-8-49-46-45-96-37-42-43-97-100-91-60-48-89|28-23-67-39-29-76-12-21-72-75-73-2-59-6-94-13-87-57-15-41-22-74-40-58-53-26-4-56-25-55-54-24-80-68-77|27-69-31-63-64-11-19-36-47-82-7-88-62-90-30-51-71-9-81-33-50-3-79-78-34-35-65-66-20-32-10-70-1
235,3,1040.2529,294.3653,71.0,793.041,0,3,38.204832,38.202237,True,52-83-5-95-92-98-14-38-44-61-99-84-93-85-16-86-17-18-8-49-46-45-96-37-42-43-97-100-91-60-48-89|28-23-67-39-29-76-12-21-72-75-73-2-59-6-94-13-87-57-15-41-22-74-40-58-53-26-4-56-25-55-54-24-80-68-77|27-69-31-63-64-11-19-36-47-82-7-88-62-90-30-51-71-9-81-33-50-3-79-78-34-35-65-66-20-32-10-70-1
236,4,1040.5489,838.9908,108.0,760.4945,0,4,47.77724,47.855546,True,40-21-73-2-98-59-5-61-16-86-38-14-44-85-93-99-94-6-96-92-37-43-100-91-97-13|28-12-76-29-67-23-75-72-22-41-15-57-42-87-58-53-74-56-39-25-55-4-54-24-68-80-26|95-27-69-31-30-65-71-9-7-83-82-18-84-17-45-8-46-36-49-32-10-48-60-89|52-88-62-47-19-11-64-63-90-70-51-81-33-77-3-79-78-34-35-66-20-50-1
237,4,1040.5489,838.9908,108.0,760.4945,0,4,47.77724,47.855546,True,40-21-73-2-98-59-5-61-16-86-38-14-44-85-93-99-94-6-96-92-37-43-100-91-97-13|28-12-76-29-67-23-75-72-22-41-15-57-42-87-58-53-74-56-39-25-55-4-54-24-68-80-26|95-27-69-31-30-65-71-9-7-83-82-18-84-17-45-8-46-36-49-32-10-48-60-89|52-88-62-47-19-11-64-63-90-70-51-81-33-77-3-79-78-34-35-66-20-50-1
238,4,1042.7159,911.3566,51.0,770.4948,0,4,58.632109,58.71772,True,28-21-2-15-42-14-38-44-100-98-85-61-16-86-17-84-18-27-53-58-13-97-37-43-91-93-96|40-73-72-22-75-23-67-39-56-41-57-87-94-6-74-4-25-55-54-24-68-80-26|52-88-62-11-63-31-76-12-29-79-81-71-30-51-35-65-66-20-9-33-3-34-78-77-50-1|95-92-59-99-5-83-45-8-82-7-19-47-49-64-90-69-70-32-10-36-46-48-60-89
239,3,1043.0373,254.5083,122.0,892.1051,0,3,39.040161,39.052383,True,5-45-83-52-95-59-92-98-44-38-14-61-99-93-85-16-86-84-18-49-36-46-8-96-37-42-43-97-100-91-17-48-60-89|27-69-31-88-11-64-19-47-82-7-62-63-90-30-51-71-9-81-33-50-3-79-78-34-35-65-66-20-32-10-70-1-54-55-25-24-80-68-77|28-39-23-67-29-76-12-21-73-72-75-22-41-2-57-15-87-94-6-13-58-40-74-56-4-26-53
240,3,1043.2267,327.4691,5.0,828.6977,0,3,39.096979,39.098991,True,83-45-5-99-59-95-98-6-44-14-38-86-16-85-61-84-18-49-46-8-96-92-42-43-97-37-100-91-93-17-48-60-89|28-12-29-67-23-75-72-21-73-2-15-57-87-94-13-58-53-40-74-22-41-56-26-39-4-25-55-54-24-80-68-77|69-27-31-52-82-47-36-64-11-19-88-7-62-63-90-30-51-71-9-81-33-76-50-3-79-78-34-35-65-66-20-32-10-70-1
241,3,1043.2267,327.4691,5.0,828.6977,0,3,39.096979,39.098991,True,83-45-5-99-59-95-98-6-44-14-38-86-16-85-61-84-18-49-46-8-96-92-42-43-97-37-100-91-93-17-48-60-89|28-12-29-67-23-75-72-21-73-2-15-57-87-94-13-58-53-40-74-22-41-56-26-39-4-25-55-54-24-80-68-77|69-27-31-52-82-47-36-64-11-19-88-7-62-63-90-30-51-71-9-81-33-76-50-3-79-78-34-35-65-66-20-32-10-70-1
242,3,1043.7023,310.9216,21.0,813.0467,0,3,39.239654,39.238578,True,52-83-45-5-44-92-98-95-6-59-14-38-86-16-61-85-93-99-18-49-46-8-96-37-42-43-97-100-91-17-48-60-89|28-29-12-21-72-39-67-23-75-73-2-84-94-13-87-57-15-41-22-74-40-58-53-26-4-56-25-55-54-24-80-68-77|27-69-31-88-11-64-36-47-19-82-7-62-63-90-30-51-71-9-81-33-76-50-3-79-78-34-35-65-66-20-32-10-70-1
243,3,1043.7023,310.9216,21.0,813.0467,0,3,39.239654,39.238578,True,52-83-45-5-44-92-98-95-6-59-14-38-86-16-61-85-93-99-18-49-46-8-96-37-42-43-97-100-91-17-48-60-89|28-29-12-21-72-39-67-23-75-73-2-84-94-13-87-57-15-41-22-74-40-58-53-26-4-56-25-55-54-24-80-68-77|27-69-31-88-11-64-36-47-19-82-7-62-63-90-30-51-71-9-81-33-76-50-3-79-78-34-35-65-66-20-32-10-70-1
244,3,1044.9938,292.2212,63.0,799.7699,0,3,39.6271,39.625815,True,27-52-83-5-99-59-95-98-42-14-44-38-86-16-61-45-49-46-8-94-6-96-97-37-43-100-91-17-48-60-89|2-39-67-29-12-21-72-23-75-73-40-53-18-84-85-93-92-87-57-15-41-22-74-56-4-25-55-54-24-68-80-26-58-13|28-69-31-88-11-64-19-36-47-82-7-62-63-90-30-51-71-9-81-33-76-50-3-79-78-34-35-65-66-20-32-10-70-1-77
245,3,1044.9938,292.2212,63.0,799.7699,0,3,39.6271,39.625815,True,27-52-83-5-99-59-95-98-42-14-44-38-86-16-61-45-49-46-8-94-6-96-97-37-43-100-91-17-48-60-89|2-39-67-29-12-21-72-23-75-73-40-53-18-84-85-93-92-87-57-15-41-22-74-56-4-25-55-54-24-68-80-26-58-13|28-69-31-88-11-64-19-36-47-82-7-62-63-90-30-51-71-9-81-33-76-50-3-79-78-34-35-65-66-20-32-10-70-1-77
246,3,1045.4282,249.4096,108.0,845.5871,0,3,39.757417,39.761214,True,83-45-5-99-59-95-92-98-14-38-44-16-85-93-61-86-84-18-49-36-46-8-6-96-37-42-43-97-100-91-17-48-60-89|27-52-69-31-88-11-64-19-47-82-7-62-63-90-30-51-71-9-81-33-79-78-34-35-65-66-20-32-10-70-1-50-77-54-55-25-24-80-68|28-39-23-67-29-76-12-21-73-72-75-22-41-2-57-15-87-94-13-40-74-56-4-3-26-53-58
247,4,1045.669,815.0968,251.0,783.7371,0,4,44.19314,44.287185,True,95-2-15-42-98-100-44-14-38-86-16-61-85-59-87-57-92-99-84-45-17-93-97-43-91-37-96-60-89|28-72-76-29-12-40-21-73-75-56-41-22-74-23-67-39-25-55-4-54-24-80-68-77-26|27-69-30-31-88-52-82-47-36-64-11-63-90-51-71-9-35-81-33-50-3-79-78-34-65-66-20-32-10-48-70-1|6-5-83-18-7-62-19-49-46-8-94-13-58-53
248,4,1045.669,815.0968,251.0,783.7371,0,4,44.19314,44.287185,True,95-2-15-42-98-100-44-14-38-86-16-61-85-59-87-57-92-99-84-45-17-93-97-43-91-37-96-60-89|28-72-76-29-12-40-21-73-75-56-41-22-74-23-67-39-25-55-4-54-24-80-68-77-26|27-69-30-31-88-52-82-47-36-64-11-63-90-51-71-9-35-81-33-50-3-79-78-34-65-66-20-32-10-48-70-1|6-5-83-18-7-62-19-49-46-8-94-13-58-53
249,3,1046.9744,316.636,17.0,810.0214,0,3,40.221281,40.221191,True,52-83-45-44-38-14-98-95-59-99-5-93-85-61-16-86-84-18-49-46-8-96-92-97-42-43-37-100-91-17-48-60-89|28-12-29-67-23-75-72-21-73-2-6-94-13-87-57-15-41-22-74-40-58-53-26-4-56-39-25-55-54-24-80-68-77|11-27-69-31-88-82-47-36-64-19-7-62-63-90-30-51-71-9-81-33-76-50-3-79-78-34-35-65-66-20-32-10-70-1
250,3,1046.9744,316.636,17.0,810.0214,0,3,40.221281,40.221191,True,52-83-45-44-38-14-98-95-59-99-5-93-85-61-16-86-84-18-49-46-8-96-92-97-42-43-37-100-91-17-48-60-89|28-12-29-67-23-75-72-21-73-2-6-94-13-87-57-15-41-22-74-40-58-53-26-4-56-39-25-55-54-24-80-68-77|11-27-69-31-88-82-47-36-64-19-7-62-63-90-30-51-71-9-81-33-76-50-3-79-78-34-35-65-66-20-32-10-70-1
251,3,1048.3176,303.0816,21.0,807.6606,0,3,40.624236,40.622562,True,52-83-45-5-44-98-92-95-6-59-14-38-86-16-61-85-93-99-18-49-46-8-96-37-42-43-97-100-91-17-48-60-89|28-29-12-21-72-39-67-23-75-73-2-84-94-87-13-57-15-41-22-74-40-58-53-26-4-56-25-55-54-24-80-68-77|27-69-31-88-11-64-36-47-19-82-7-62-63-90-30-51-71-9-81-33-76-50-3-79-78-34-35-65-66-20-32-10-70-1
252,3,1048.3176,303.0816,21.0,807.6606,0,3,40.624236,40.622562,True,52-83-45-5-44-98-92-95-6-59-14-38-86-16-61-85-93-99-18-49-46-8-96-37-42-43-97-100-91-17-48-60-89|28-29-12-21-72-39-67-23-75-73-2-84-94-87-13-57-15-41-22-74-40-58-53-26-4-56-25-55-54-24-80-68-77|27-69-31-88-11-64-36-47-19-82-7-62-63-90-30-51-71-9-81-33-76-50-3-79-78-34-35-65-66-20-32-10-70-1
253,3,1048.6124,309.6402,17.0,804.873,0,3,40.712666,40.711245,True,52-83-45-44-38-14-98-92-95-59-99-5-93-85-61-16-86-84-18-49-46-8-96-37-42-43-97-100-91-17-48-60-89|28-29-67-12-23-75-72-21-73-2-6-94-13-87-57-15-41-22-74-40-58-53-26-4-56-39-25-55-54-24-80-68-77|27-69-31-88-82-47-36-64-11-19-7-62-63-90-30-51-71-9-81-33-76-50-3-79-78-34-35-65-66-20-32-10-70-1
254,3,1048.6124,309.6402,17.0,804.873,0,3,40.712666,40.711245,True,52-83-45-44-38-14-98-92-95-59-99-5-93-85-61-16-86-84-18-49-46-8-96-37-42-43-97-100-91-17-48-60-89|28-29-67-12-23-75-72-21-73-2-6-94-13-87-57-15-41-22-74-40-58-53-26-4-56-39-25-55-54-24-80-68-77|27-69-31-88-82-47-36-64-11-19-7-62-63-90-30-51-71-9-81-33-76-50-3-79-78-34-35-65-66-20-32-10-70-1
255,3,1051.5887,308.3525,17.0,806.3522,0,3,41.605574,41.605075,True,52-83-45-38-44-14-98-92-95-59-99-5-93-85-61-16-86-84-18-49-46-8-96-37-42-43-97-100-91-17-48-60-89|28-29-67-12-23-75-72-21-73-2-6-94-13-87-57-15-41-22-74-40-58-53-26-4-56-39-25-55-54-24-80-68-77|27-69-31-88-82-47-36-64-11-19-7-62-63-90-30-51-71-9-81-33-76-50-3-79-78-34-35-65-66-20-32-10-70-1
256,3,1051.6762,306.5763,17.0,804.873,0,3,41.631816,41.630855,True,52-83-45-44-38-14-98-92-95-59-99-5-93-85-61-16-86-84-18-49-46-8-96-37-42-43-97-100-91-17-48-60-89|28-12-29-67-23-75-72-21-73-2-6-94-13-87-57-15-41-22-74-40-58-53-26-4-56-39-25-55-54-24-80-68-77|11-27-69-31-88-82-47-36-64-19-7-62-63-90-30-51-71-9-81-33-76-50-3-79-78-34-35-65-66-20-32-10-70-1
257,3,1051.8367,292.0669,65.0,802.3264,0,3,41.679979,41.681308,True,52-83-45-5-44-98-92-6-95-14-38-86-16-61-85-93-99-18-49-46-8-96-97-42-43-37-100-91-17-48-60-89|28-39-67-23-75-72-29-12-21-73-2-59-84-94-13-87-57-15-41-22-74-40-58-53-26-4-56-25-55-54-24-80-68-77|27-69-31-88-11-64-19-36-47-82-7-62-63-90-30-51-71-9-81-33-76-50-3-79-78-34-35-65-66-20-32-10-70-1
258,4,1051.9794,876.8068,70.0,770.4948,0,4,53.449639,53.534747,True,28-2-15-42-14-38-44-100-98-85-61-16-86-17-84-18-27-76-3-77-58-13-97-92-37-43-91-93-96|40-21-73-72-22-75-23-67-39-56-41-57-87-94-6-53-26-74-4-25-55-54-24-80-68|52-88-62-11-63-31-12-29-79-81-71-30-51-35-65-66-20-9-34-78-33-50-1|95-59-99-5-83-45-8-82-7-19-47-49-64-90-69-70-32-10-36-46-48-60-89
259,4,1051.9794,876.8068,70.0,770.4948,0,4,53.449639,53.534747,True,28-2-15-42-14-38-44-100-98-85-61-16-86-17-84-18-27-76-3-77-58-13-97-92-37-43-91-93-96|40-21-73-72-22-75-23-67-39-56-41-57-87-94-6-53-26-74-4-25-55-54-24-80-68|52-88-62-11-63-31-12-29-79-81-71-30-51-35-65-66-20-9-34-78-33-50-1|95-59-99-5-83-45-8-82-7-19-47-49-64-90-69-70-32-10-36-46-48-60-89
260,4,1053.3623,852.4033,64.0,770.4948,0,4,49.789122,49.870385,True,28-21-2-15-42-14-38-44-100-98-85-61-16-86-17-84-18-27-3-77-58-13-97-37-43-91-93-96|40-73-72-22-75-23-67-39-56-41-57-87-94-6-53-26-74-4-25-55-54-24-80-68|52-88-62-11-63-30-31-76-12-29-79-78-51-81-71-35-65-66-20-9-34-33-50-1|95-92-59-99-5-83-45-8-82-7-19-47-49-64-90-69-70-32-10-36-46-48-60-89
261,4,1053.3623,852.4033,64.0,770.4948,0,4,49.789122,49.870385,True,28-21-2-15-42-14-38-44-100-98-85-61-16-86-17-84-18-27-3-77-58-13-97-37-43-91-93-96|40-73-72-22-75-23-67-39-56-41-57-87-94-6-53-26-74-4-25-55-54-24-80-68|52-88-62-11-63-30-31-76-12-29-79-78-51-81-71-35-65-66-20-9-34-33-50-1|95-92-59-99-5-83-45-8-82-7-19-47-49-64-90-69-70-32-10-36-46-48-60-89
262,3,1054.6808,312.1814,8.0,810.6722,0,3,42.533195,42.533946,True,83-45-5-98-95-59-99-21-6-44-14-38-86-16-85-93-84-18-49-46-8-96-92-97-42-43-37-100-91-17-48-60-89|28-12-29-67-23-75-72-73-2-15-57-87-61-94-13-58-53-40-26-4-74-22-41-56-39-25-55-54-24-80-68-77|27-69-31-52-82-47-36-64-11-19-88-7-62-63-90-30-51-71-9-81-33-76-50-3-79-78-34-35-65-66-20-32-10-70-1
263,3,1054.6808,312.1814,8.0,810.6722,0,3,42.533195,42.533946,True,83-45-5-98-95-59-99-21-6-44-14-38-86-16-85-93-84-18-49-46-8-96-92-97-42-43-37-100-91-17-48-60-89|28-12-29-67-23-75-72-73-2-15-57-87-61-94-13-58-53-40-26-4-74-22-41-56-39-25-55-54-24-80-68-77|27-69-31-52-82-47-36-64-11-19-88-7-62-63-90-30-51-71-9-81-33-76-50-3-79-78-34-35-65-66-20-32-10-70-1
264,3,1054.7553,237.079,87.0,841.6008,0,3,42.555537,42.557584,True,27-52-83-45-5-99-95-92-98-14-38-44-16-85-61-86-84-18-49-36-46-8-6-96-93-37-42-43-97-100-91-17-48-60-89|28-69-31-88-11-64-19-47-82-7-62-63-90-30-51-71-9-81-33-79-78-34-35-65-66-20-32-10-70-1-50-77-68-54-55-25-24-80|59-72-23-67-39-29-76-12-21-73-75-22-41-2-57-15-87-94-13-40-74-56-4-3-26-53-58
265,3,1054.8867,292.6535,40.0,805.963,0,3,42.594958,42.595336,True,83-45-52-5-59-95-92-98-44-38-14-61-84-86-16-85-93-99-6-18-49-46-8-96-37-42-43-97-100-91-17-48-60-89|28-23-67-39-29-76-12-21-72-75-73-2-94-13-87-57-15-41-22-74-40-58-53-26-4-56-25-55-54-24-80-68-77|27-69-31-88-11-64-19-36-47-82-7-62-63-90-30-51-71-9-81-33-50-3-79-78-34-35-65-66-20-32-10-70-1
266,3,1054.8867,292.6535,40.0,805.963,0,3,42.594958,42.595336,True,83-45-52-5-59-95-92-98-44-38-14-61-84-86-16-85-93-99-6-18-49-46-8-96-37-42-43-97-100-91-17-48-60-89|28-23-67-39-29-76-12-21-72-75-73-2-94-13-87-57-15-41-22-74-40-58-53-26-4-56-25-55-54-24-80-68-77|27-69-31-88-11-64-19-36-47-82-7-62-63-90-30-51-71-9-81-33-50-3-79-78-34-35-65-66-20-32-10-70-1
267,4,1055.4175,830.8584,205.0,766.5986,0,4,46.557378,46.64954,True,40-21-73-2-98-59-5-61-16-86-38-14-44-85-93-99-94-6-96-92-37-43-100-91-97-13|28-12-76-29-67-23-75-72-22-41-15-57-42-87-58-53-74-56-39-25-55-4-54-24-80-68-77-26|95-27-69-31-30-65-71-70-83-82-47-62-7-18-84-17-45-8-46-36-49-32-66-20-10-48-60-89|52-88-19-11-64-63-90-51-33-81-9-35-34-78-79-3-50-1
268,4,1055.726,830.5499,191.0,766.5986,0,4,46.511103,46.601911,True,21-73-98-14-38-44-86-16-85-59-94-6-96-92-37-43-100-91-97-13|28-12-76-29-39-67-23-75-72-22-41-15-57-87-58-53-40-74-56-4-25-55-54-24-80-68-77-26|95-42-2-27-69-31-30-65-71-70-7-82-83-5-18-99-93-61-84-17-45-8-46-36-49-32-66-20-10-48-60-89|52-88-62-47-19-11-64-63-90-51-33-81-9-35-34-78-79-3-50-1
269,4,1055.726,830.5499,191.0,766.5986,0,4,46.511103,46.601911,True,21-73-98-14-38-44-86-16-85-59-94-6-96-92-37-43-100-91-97-13|28-12-76-29-39-67-23-75-72-22-41-15-57-87-58-53-40-74-56-4-25-55-54-24-80-68-77-26|95-42-2-27-69-31-30-65-71-70-7-82-83-5-18-99-93-61-84-17-45-8-46-36-49-32-66-20-10-48-60-89|52-88-62-47-19-11-64-63-90-51-33-81-9-35-34-78-79-3-50-1
270,3,1055.8181,284.8532,77.0,797.827,0,3,42.874398,42.876364,True,52-83-45-5-99-59-95-98-61-16-44-14-38-86-93-6-18-49-46-8-17-84-96-37-42-43-97-92-100-91-60-48-89|28-39-67-29-12-21-72-75-23-22-73-2-85-94-13-87-57-15-41-56-40-58-53-26-74-4-25-55-54-24-80-68-77|27-69-31-88-82-47-36-64-11-19-7-62-63-90-30-51-71-9-81-33-76-50-3-79-78-34-35-65-66-20-32-10-70-1
271,3,1055.8181,284.8532,77.0,797.827,0,3,42.874398,42.876364,True,52-83-45-5-99-59-95-98-61-16-44-14-38-86-93-6-18-49-46-8-17-84-96-37-42-43-97-92-100-91-60-48-89|28-39-67-29-12-21-72-75-23-22-73-2-85-94-13-87-57-15-41-56-40-58-53-26-74-4-25-55-54-24-80-68-77|27-69-31-88-82-47-36-64-11-19-7-62-63-90-30-51-71-9-81-33-76-50-3-79-78-34-35-65-66-20-32-10-70-1
272,3,1056.4222,264.1149,91.0,811.0758,0,3,43.055611,43.058035,True,52-83-45-5-44-99-95-92-98-14-38-86-16-61-18-49-46-8-94-13-6-96-97-42-43-37-100-91-17-48-60-89|28-23-67-39-29-12-21-72-75-73-2-59-93-84-85-87-57-15-41-22-74-56-40-58-53-26-4-25-55-54-24-80-68-77|27-69-31-88-11-64-19-36-47-82-7-62-63-90-30-51-71-9-81-33-76-50-3-79-78-34-35-65-66-20-32-10-70-1
273,3,1056.6096,289.1161,71.0,804.1485,0,3,43.11185,43.115041,True,28-39-67-23-75-72-29-12-21-73-2-59-84-6-94-13-87-57-15-41-22-74-40-58-53-26-4-56-25-55-54-24-80-68-77|27-69-31-88-62-11-64-19-36-47-82-7-63-90-30-51-71-9-81-33-76-50-3-79-78-34-35-65-66-20-32-10-70-1|95-42-14-38-44-98-92-99-52-8-83-5-61-86-16-85-93-18-49-46-45-17-96-97-43-91-100-37-60-48-89
274,3,1057.8013,286.9474,51.0,802.9075,0,3,43.469347,43.470384,True,52-83-45-5-95-6-59-92-98-14-44-86-16-61-85-93-99-18-49-46-8-96-97-37-43-100-91-17-48-60-89|28-39-23-67-29-12-21-72-75-73-2-42-38-84-94-13-87-57-15-41-22-74-40-58-53-26-4-56-25-55-54-24-80-68-77|27-69-31-88-11-64-19-36-47-82-7-62-63-90-30-51-71-9-81-33-76-50-3-79-78-34-35-65-66-20-32-10-70-1
275,3,1058.2182,301.2503,21.0,805.8795,0,3,43.594418,43.595172,True,5-52-83-45-44-98-92-59-95-6-14-38-16-86-61-85-93-99-18-49-46-8-96-37-42-43-97-100-91-17-48-60-89|28-12-29-67-23-75-72-21-73-2-84-94-13-87-57-15-41-22-74-40-58-53-26-4-56-39-25-55-54-24-80-68-77|27-69-31-88-82-47-36-64-11-19-7-62-63-90-30-51-71-9-81-33-76-50-3-79-78-34-35-65-66-20-32-10-70-1
276,3,1058.2182,301.2503,21.0,805.8795,0,3,43.594418,43.595172,True,5-52-83-45-44-98-92-59-95-6-14-38-16-86-61-85-93-99-18-49-46-8-96-37-42-43-97-100-91-17-48-60-89|28-12-29-67-23-75-72-21-73-2-84-94-13-87-57-15-41-22-74-40-58-53-26-4-56-39-25-55-54-24-80-68-77|27-69-31-88-82-47-36-64-11-19-7-62-63-90-30-51-71-9-81-33-76-50-3-79-78-34-35-65-66-20-32-10-70-1
277,3,1058.2347,291.0031,21.0,807.6606,0,3,43.599375,43.598864,True,52-83-45-5-44-98-92-95-6-59-14-38-86-16-61-85-93-99-18-49-46-8-96-37-42-43-97-100-91-17-48-60-89|28-29-12-21-72-39-67-23-75-73-2-84-94-13-87-57-15-41-22-74-40-58-53-26-4-56-25-55-54-24-80-68-77|27-69-31-88-11-36-64-47-19-82-7-62-63-90-30-51-71-9-81-33-76-50-3-79-78-34-35-65-66-20-32-10-70-1
278,3,1058.2347,291.0031,21.0,807.6606,0,3,43.599375,43.598864,True,52-83-45-5-44-98-92-95-6-59-14-38-86-16-61-85-93-99-18-49-46-8-96-37-42-43-97-100-91-17-48-60-89|28-29-12-21-72-39-67-23-75-73-2-84-94-13-87-57-15-41-22-74-40-58-53-26-4-56-25-55-54-24-80-68-77|27-69-31-88-11-36-64-47-19-82-7-62-63-90-30-51-71-9-81-33-76-50-3-79-78-34-35-65-66-20-32-10-70-1
279,3,1058.3353,275.5918,47.0,792.8612,0,3,43.62956,43.627148,True,2-52-83-5-99-59-95-92-98-44-38-14-61-93-85-16-86-84-18-49-46-45-17-96-37-42-43-97-100-91-60-48-89|28-72-39-67-23-75-73-21-12-29-79-6-94-13-87-57-15-41-22-74-40-58-53-26-4-56-25-55-54-24-80-68-77|27-69-31-88-11-63-64-19-36-47-8-82-7-62-90-30-71-9-51-81-33-76-50-3-78-34-35-65-66-20-32-10-70-1
280,3,1058.3353,275.5918,47.0,792.8612,0,3,43.62956,43.627148,True,2-52-83-5-99-59-95-92-98-44-38-14-61-93-85-16-86-84-18-49-46-45-17-96-37-42-43-97-100-91-60-48-89|28-72-39-67-23-75-73-21-12-29-79-6-94-13-87-57-15-41-22-74-40-58-53-26-4-56-25-55-54-24-80-68-77|27-69-31-88-11-63-64-19-36-47-8-82-7-62-90-30-71-9-51-81-33-76-50-3-78-34-35-65-66-20-32-10-70-1
281,3,1060.3116,268.3346,3.0,818.3343,0,3,44.222429,44.218942,True,5-83-45-38-14-40-95-59-98-44-16-86-61-85-93-99-6-18-49-46-8-96-92-37-42-43-97-100-91-17-48-60-89|28-29-12-39-67-23-75-72-21-73-2-53-84-94-87-57-15-41-22-74-56-4-25-55-54-24-80-68-77-26-58-13|27-69-31-88-52-82-47-36-64-11-19-7-62-63-90-30-51-71-9-81-33-76-50-3-79-78-34-35-65-66-20-32-10-70-1
282,3,1060.3116,268.3346,3.0,818.3343,0,3,44.222429,44.218942,True,5-83-45-38-14-40-95-59-98-44-16-86-61-85-93-99-6-18-49-46-8-96-92-37-42-43-97-100-91-17-48-60-89|28-29-12-39-67-23-75-72-21-73-2-53-84-94-87-57-15-41-22-74-56-4-25-55-54-24-80-68-77-26-58-13|27-69-31-88-52-82-47-36-64-11-19-7-62-63-90-30-51-71-9-81-33-76-50-3-79-78-34-35-65-66-20-32-10-70-1
283,6,1063.3517,1887.3529,343.0,746.8057,0,6,205.031552,205.296,True,6-95-59-83-8-5-84-61-16-44-14-85-99-94-97-92-100-93-45-46-48|40-21-73-72-75-2-98-87-57-15-86-38-43-42-91-37-96-13|52-18-7-69-76-55-25-4-23-67-39-56-74-22-41-58-17-60-89|27-31-88-62-63-64-19-82-47-36-49-11-90-32-20-10-70-1|28-12-29-33-30-51-9-81-71-66-65-35-34-78-79-3-50-77-68-80-24-54-26|53
284,4,1063.6764,851.4058,66.0,760.4945,0,4,49.639485,49.722392,True,6-59-98-5-61-16-86-38-14-44-85-93-99-94-96-92-37-42-43-100-91-97-13|28-12-29-39-67-23-75-72-21-73-22-41-15-57-87-58-53-40-74-56-25-55-54-24-68-80-26|2-95-27-69-31-30-65-71-70-52-83-82-7-18-84-17-45-8-46-36-49-32-10-48-60-89|88-62-47-19-11-64-63-90-51-81-33-76-4-77-3-79-78-34-35-9-66-20-50-1
285,4,1063.6764,851.4058,66.0,760.4945,0,4,49.639485,49.722392,True,6-59-98-5-61-16-86-38-14-44-85-93-99-94-96-92-37-42-43-100-91-97-13|28-12-29-39-67-23-75-72-21-73-22-41-15-57-87-58-53-40-74-56-25-55-54-24-68-80-26|2-95-27-69-31-30-65-71-70-52-83-82-7-18-84-17-45-8-46-36-49-32-10-48-60-89|88-62-47-19-11-64-63-90-51-81-33-76-4-77-3-79-78-34-35-9-66-20-50-1
286,4,1064.2502,838.8861,82.0,760.4945,0,4,47.761532,47.844332,True,21-73-92-98-59-99-5-61-16-86-38-14-44-85-93-94-6-96-37-42-43-100-91-97-13|28-12-29-39-67-23-75-72-22-41-15-57-87-58-53-40-74-56-25-55-54-24-80-68-77-26|2-95-27-69-30-65-71-9-70-31-88-7-18-84-17-45-8-46-36-49-62-10-32-48-60-89|52-83-82-47-19-11-64-63-90-51-81-33-76-4-3-79-78-34-35-66-20-50-1
287,4,1064.2502,838.8861,82.0,760.4945,0,4,47.761532,47.844332,True,21-73-92-98-59-99-5-61-16-86-38-14-44-85-93-94-6-96-37-42-43-100-91-97-13|28-12-29-39-67-23-75-72-22-41-15-57-87-58-53-40-74-56-25-55-54-24-80-68-77-26|2-95-27-69-30-65-71-9-70-31-88-7-18-84-17-45-8-46-36-49-62-10-32-48-60-89|52-83-82-47-19-11-64-63-90-51-81-33-76-4-3-79-78-34-35-66-20-50-1
288,4,1065.5209,823.3314,210.0,766.4051,0,4,45.785225,45.87976,True,21-73-95-59-98-5-61-16-86-38-14-44-85-93-99-94-6-96-92-37-42-43-100-91-97-13|28-12-76-29-39-67-23-75-72-22-41-15-57-87-58-53-40-74-56-4-25-55-54-24-80-68-77-26|2-27-69-31-30-65-71-70-83-82-47-19-64-62-7-18-84-17-45-8-46-36-49-32-20-10-48-60-89|52-88-11-63-90-66-81-51-9-35-34-78-79-3-33-50-1
289,4,1065.5209,823.3314,210.0,766.4051,0,4,45.785225,45.87976,True,21-73-95-59-98-5-61-16-86-38-14-44-85-93-99-94-6-96-92-37-42-43-100-91-97-13|28-12-76-29-39-67-23-75-72-22-41-15-57-87-58-53-40-74-56-4-25-55-54-24-80-68-77-26|2-27-69-31-30-65-71-70-83-82-47-19-64-62-7-18-84-17-45-8-46-36-49-32-20-10-48-60-89|52-88-11-63-90-66-81-51-9-35-34-78-79-3-33-50-1
290,4,1066.4197,834.797,195.0,760.4945,0,4,47.14817,47.242308,True,28-21-72-2-15-42-14-38-44-100-98-85-61-16-86-17-84-18-27-77-3-68-4-58-13-97-37-43-91-93-96|52-31-88-62-11-63-76-12-29-79-81-71-30-51-35-65-66-20-9-34-78-33-50-1|95-92-59-99-5-83-45-8-82-7-19-47-36-49-64-90-69-70-32-10-46-48-60-89|75-73-40-53-6-94-87-57-41-22-74-23-56-67-39-25-55-54-24-80-26
291,3,1069.2122,295.2193,17.0,810.8425,0,3,46.892632,46.896124,True,52-83-45-44-38-14-98-95-59-5-84-86-16-61-85-93-99-18-49-46-8-96-92-97-42-43-100-37-91-17-48-60-89|28-67-12-29-23-75-72-21-73-2-6-94-13-87-57-15-41-22-74-40-58-53-26-4-56-39-25-55-54-24-80-68-77|27-69-31-88-47-36-64-11-82-19-7-62-63-90-30-51-71-9-81-33-76-50-3-79-78-34-35-65-66-20-32-10-70-1
292,3,1069.2122,295.2193,17.0,810.8425,0,3,46.892632,46.896124,True,52-83-45-44-38-14-98-95-59-5-84-86-16-61-85-93-99-18-49-46-8-96-92-97-42-43-100-37-91-17-48-60-89|28-67-12-29-23-75-72-21-73-2-6-94-13-87-57-15-41-22-74-40-58-53-26-4-56-39-25-55-54-24-80-68-77|27-69-31-88-47-36-64-11-82-19-7-62-63-90-30-51-71-9-81-33-76-50-3-79-78-34-35-65-66-20-32-10-70-1
293,3,1071.9315,278.9982,21.0,809.3525,0,3,47.708424,47.710475,True,52-83-45-5-44-98-59-92-6-95-14-38-86-16-61-85-93-99-18-49-46-8-96-37-42-43-97-100-91-17-48-60-89|28-39-67-29-12-21-72-23-75-73-2-84-94-13-87-57-15-41-22-74-40-58-53-26-4-56-25-55-54-24-80-68-77|27-69-31-88-11-64-19-36-47-82-7-62-63-90-30-51-71-9-81-33-76-50-3-79-78-34-35-65-66-20-32-10-70-1
294,3,1071.9315,278.9982,21.0,809.3525,0,3,47.708424,47.710475,True,52-83-45-5-44-98-59-92-6-95-14-38-86-16-61-85-93-99-18-49-46-8-96-37-42-43-97-100-91-17-48-60-89|28-39-67-29-12-21-72-23-75-73-2-84-94-13-87-57-15-41-22-74-40-58-53-26-4-56-25-55-54-24-80-68-77|27-69-31-88-11-64-19-36-47-82-7-62-63-90-30-51-71-9-81-33-76-50-3-79-78-34-35-65-66-20-32-10-70-1
295,3,1072.1683,262.4815,67.0,793.0725,0,3,47.779436,47.781238,True,52-21-95-92-98-5-83-61-44-14-38-86-16-85-93-18-8-49-46-45-17-37-42-43-97-100-91-96-60-48-89|28-72-39-67-29-12-23-75-73-2-59-99-84-6-94-13-87-57-15-41-22-74-40-58-53-26-4-56-25-55-54-24-80-68-77|27-69-31-88-11-64-19-36-47-82-7-62-63-90-30-51-71-9-81-33-76-50-3-79-78-34-35-65-66-20-32-10-70-1
296,3,1072.1683,262.4815,67.0,793.0725,0,3,47.779436,47.781238,True,52-21-95-92-98-5-83-61-44-14-38-86-16-85-93-18-8-49-46-45-17-37-42-43-97-100-91-96-60-48-89|28-72-39-67-29-12-23-75-73-2-59-99-84-6-94-13-87-57-15-41-22-74-40-58-53-26-4-56-25-55-54-24-80-68-77|27-69-31-88-11-64-19-36-47-82-7-62-63-90-30-51-71-9-81-33-76-50-3-79-78-34-35-65-66-20-32-10-70-1
297,4,1074.3948,808.5468,207.0,760.4945,0,4,48.447394,48.541188,True,21-73-2-98-59-5-61-16-86-38-14-44-85-93-99-94-6-96-92-37-43-100-91-97-13|28-12-76-29-67-23-75-72-22-41-15-57-42-87-53-58-40-74-56-39-25-55-4-54-24-80-68-77-26|95-27-69-31-30-65-71-70-88-83-82-47-64-62-7-18-84-17-45-8-46-36-49-32-20-10-48-60-89|52-19-11-63-90-66-81-51-9-35-34-78-79-3-33-50-1
298,4,1074.3948,808.5468,207.0,760.4945,0,4,48.447394,48.541188,True,21-73-2-98-59-5-61-16-86-38-14-44-85-93-99-94-6-96-92-37-43-100-91-97-13|28-12-76-29-67-23-75-72-22-41-15-57-42-87-53-58-40-74-56-39-25-55-4-54-24-80-68-77-26|95-27-69-31-30-65-71-70-88-83-82-47-64-62-7-18-84-17-45-8-46-36-49-32-20-10-48-60-89|52-19-11-63-90-66-81-51-9-35-34-78-79-3-33-50-1
299,3,1074.5703,275.4295,65.0,808.4226,0,3,48.500057,48.506625,True,52-83-45-5-44-92-98-6-95-14-38-86-16-61-85-93-99-18-49-46-8-96-37-42-43-97-100-91-17-48-60-89|28-39-67-29-12-21-72-23-75-73-2-59-84-94-13-87-57-15-41-22-74-40-58-53-26-4-56-25-55-54-24-80-68-77|27-69-31-88-11-64-19-36-47-82-7-62-63-90-30-51-71-9-81-33-76-50-3-79-78-34-35-65-66-20-32-10-70-1
300,3,1074.5784,275.4214,65.0,808.4226,0,3,48.502492,48.509061,True,52-83-45-5-44-98-92-6-95-14-38-86-16-61-85-93-99-18-49-46-8-96-37-42-43-97-100-91-17-48-60-89|28-39-67-29-12-21-72-23-75-73-2-59-84-94-13-87-57-15-41-22-74-40-58-53-26-4-56-25-55-54-24-80-68-77|27-69-31-88-11-64-36-19-47-82-7-62-63-90-30-51-71-9-81-33-76-50-3-79-78-34-35-65-66-20-32-10-70-1
301,3,1074.7415,258.6673,91.0,823.9477,0,3,48.551423,48.560457,True,52-83-45-5-44-99-98-95-92-14-38-86-16-61-18-49-46-8-94-13-6-96-97-42-37-43-100-91-17-48-60-89|28-23-67-39-29-12-21-72-75-73-2-59-93-84-85-87-57-15-41-22-74-56-40-58-53-26-4-25-55-54-24-80-68-77|27-69-31-88-11-64-19-36-47-82-7-62-63-90-30-51-71-9-81-33-76-50-3-79-78-34-35-65-66-20-32-10-70-1
302,4,1074.8042,873.6493,59.0,760.4945,0,4,52.976011,53.064892,True,21-40-53-59-98-93-61-16-86-38-14-44-85-99-94-6-96-92-37-43-100-91-97-13-58|28-12-29-39-67-23-75-72-73-57-87-42-15-41-22-74-56-25-55-54-24-80-68-77-26|5-95-2-27-69-65-71-88-7-82-83-18-45-84-17-8-46-36-49-64-32-10-48-60-89|52-31-62-47-19-11-63-90-30-51-81-33-76-4-3-79-78-34-35-9-66-20-70-1-50
303,4,1074.8042,873.6493,59.0,760.4945,0,4,52.976011,53.064892,True,21-40-53-59-98-93-61-16-86-38-14-44-85-99-94-6-96-92-37-43-100-91-97-13-58|28-12-29-39-67-23-75-72-73-57-87-42-15-41-22-74-56-25-55-54-24-80-68-77-26|5-95-2-27-69-65-71-88-7-82-83-18-45-84-17-8-46-36-49-64-32-10-48-60-89|52-31-62-47-19-11-63-90-30-51-81-33-76-4-3-79-78-34-35-9-66-20-70-1-50
304,3,1075.6318,274.3681,65.0,808.4226,0,3,48.818489,48.825216,True,52-83-45-5-44-92-98-6-95-14-38-86-16-61-85-93-99-18-49-46-8-96-37-42-43-97-100-91-17-48-60-89|28-39-67-29-12-21-72-23-75-73-2-59-84-94-13-87-57-15-41-22-74-40-58-53-26-4-56-25-55-54-24-80-68-77|27-69-31-88-11-64-36-47-19-82-7-62-63-90-30-51-71-9-81-33-76-50-3-79-78-34-35-65-66-20-32-10-70-1
305,3,1076.1759,273.8239,65.0,808.4226,0,3,48.981735,48.988543,True,52-83-45-5-92-44-98-6-95-14-38-86-16-61-85-93-99-18-49-46-8-96-37-42-43-97-100-91-17-48-60-89|28-39-67-29-12-21-72-23-75-73-2-59-84-94-13-87-57-15-41-22-74-40-58-53-26-4-56-25-55-54-24-80-68-77|27-69-31-88-11-64-19-36-47-82-7-62-63-90-30-51-71-9-81-33-76-50-3-79-78-34-35-65-66-20-32-10-70-1
306,3,1076.4282,273.5717,65.0,808.4226,0,3,49.057414,49.064261,True,52-83-45-5-92-44-98-6-95-14-38-86-16-61-85-93-99-18-49-46-8-96-37-42-43-97-100-91-17-48-60-89|28-39-67-29-12-21-72-75-23-73-2-59-84-94-13-87-57-15-41-22-74-40-58-53-26-4-56-25-55-54-24-80-68-77|27-69-31-88-11-64-19-36-47-82-7-62-63-90-30-51-71-9-81-33-76-50-3-79-78-34-35-65-66-20-32-10-70-1
307,3,1077.1766,272.8232,65.0,808.4226,0,3,49.281949,49.288908,True,52-83-45-5-44-98-92-6-95-14-38-86-16-61-85-93-99-18-49-46-8-96-37-42-43-97-100-91-17-48-60-89|28-39-67-29-12-72-21-23-75-73-2-59-84-94-13-87-57-15-41-22-74-40-58-53-26-4-56-25-55-54-24-80-68-77|27-69-31-88-11-64-19-36-47-82-7-62-63-90-30-51-71-9-81-33-76-50-3-79-78-34-35-65-66-20-32-10-70-1
308,4,1077.9449,823.9124,86.0,760.4945,0,4,49.512422,49.597485,True,40-21-73-2-98-59-99-5-61-16-86-38-14-44-85-93-94-6-96-92-37-43-100-91-97-13|28-12-29-39-67-23-75-72-22-41-15-57-42-87-58-53-74-56-25-55-54-24-68-77-26|95-27-69-31-30-65-71-9-70-83-82-7-18-84-17-45-8-46-36-49-32-10-48-60-89|52-88-62-47-19-11-64-63-90-51-81-33-76-4-80-3-79-78-34-35-66-20-50-1
309,4,1077.9449,823.9124,86.0,760.4945,0,4,49.512422,49.597485,True,40-21-73-2-98-59-99-5-61-16-86-38-14-44-85-93-94-6-96-92-37-43-100-91-97-13|28-12-29-39-67-23-75-72-22-41-15-57-42-87-58-53-74-56-25-55-54-24-68-77-26|95-27-69-31-30-65-71-9-70-83-82-7-18-84-17-45-8-46-36-49-32-10-48-60-89|52-88-62-47-19-11-64-63-90-51-81-33-76-4-80-3-79-78-34-35-66-20-50-1
310,3,1078.7771,268.924,65.0,806.1239,0,3,49.762094,49.768603,True,52-83-45-5-99-44-92-98-6-95-14-38-86-16-61-85-93-18-49-46-8-96-37-42-43-97-100-91-17-48-60-89|28-39-67-29-12-21-72-23-75-73-2-59-84-94-13-87-57-15-41-22-74-40-58-53-26-4-56-25-55-54-24-80-68-77|27-69-31-88-11-64-19-36-47-82-7-62-63-90-30-51-71-9-81-33-76-50-3-79-78-34-35-65-66-20-32-10-70-1
311,3,1078.804,266.7118,65.0,803.9385,0,3,49.770153,49.77601,True,52-83-45-5-44-98-92-99-6-95-14-38-86-16-61-85-93-18-49-46-8-96-37-42-43-97-100-91-17-48-60-89|28-39-67-29-12-72-21-23-75-73-2-59-84-94-13-87-57-15-41-22-74-40-58-53-26-4-56-25-55-54-24-80-68-77|27-69-31-88-11-64-19-36-47-82-7-62-63-90-30-51-71-9-81-33-76-50-3-79-78-34-35-65-66-20-32-10-70-1
312,3,1078.804,266.7118,65.0,803.9385,0,3,49.770153,49.77601,True,52-83-45-5-44-98-92-99-6-95-14-38-86-16-61-85-93-18-49-46-8-96-37-42-43-97-100-91-17-48-60-89|28-39-67-29-12-72-21-23-75-73-2-59-84-94-13-87-57-15-41-22-74-40-58-53-26-4-56-25-55-54-24-80-68-77|27-69-31-88-11-64-19-36-47-82-7-62-63-90-30-51-71-9-81-33-76-50-3-79-78-34-35-65-66-20-32-10-70-1
313,3,1080.4176,272.4738,51.0,804.873,0,3,50.254225,50.260171,True,83-28-12-29-67-23-75-72-21-73-2-84-94-13-87-57-15-41-22-74-40-58-53-26-4-56-39-25-55-54-24-80-68-77|95-27-69-31-88-82-47-36-64-11-19-7-62-63-90-30-51-71-9-81-33-76-50-3-79-78-34-35-65-66-20-32-10-70-1|59-92-98-42-14-38-44-16-61-5-6-52-18-99-93-85-86-17-45-49-46-8-96-37-43-100-91-97-60-48-89
314,4,1080.5288,848.2573,64.0,770.4948,0,4,50.287607,50.376398,True,28-21-2-15-42-14-98-38-44-100-85-61-16-86-17-84-18-27-3-77-58-13-97-37-43-91-93-96|40-73-72-22-75-23-67-39-56-41-57-87-94-6-53-26-74-4-25-55-54-24-80-68|52-88-62-11-63-31-76-12-29-79-81-71-30-51-35-65-66-20-9-34-78-33-50-1|95-92-59-99-5-83-45-8-82-7-19-47-49-64-90-69-70-32-10-36-46-48-60-89
315,3,1080.8964,250.4356,130.0,792.8612,0,3,50.397879,50.406761,True,28-72-39-67-29-12-21-23-75-73-2-59-99-84-6-94-13-87-57-15-41-22-74-40-58-53-26-4-56-25-55-54-24-80-68-77|95-5-27-69-31-63-64-11-19-47-82-7-88-62-90-30-51-71-9-81-33-76-50-3-79-78-34-35-65-66-20-32-10-70-1|92-98-42-14-38-44-61-83-52-18-93-85-16-86-17-45-46-36-49-8-96-97-37-43-100-91-60-48-89
316,3,1080.8964,250.4356,130.0,792.8612,0,3,50.397879,50.406761,True,28-72-39-67-29-12-21-23-75-73-2-59-99-84-6-94-13-87-57-15-41-22-74-40-58-53-26-4-56-25-55-54-24-80-68-77|95-5-27-69-31-63-64-11-19-47-82-7-88-62-90-30-51-71-9-81-33-76-50-3-79-78-34-35-65-66-20-32-10-70-1|92-98-42-14-38-44-61-83-52-18-93-85-16-86-17-45-46-36-49-8-96-97-37-43-100-91-60-48-89
317,3,1081.8294,274.8546,21.0,815.1068,0,3,50.677789,50.683051,True,52-45-83-5-59-44-98-92-6-95-14-38-86-16-61-85-93-99-18-49-46-8-96-37-42-43-97-100-91-17-48-60-89|28-39-67-23-29-12-72-21-75-73-2-84-94-13-87-57-15-41-22-74-40-58-53-26-4-56-25-55-54-24-80-68-77|27-69-31-88-11-64-19-36-47-82-7-62-63-90-30-51-71-9-81-33-76-50-3-79-78-34-35-65-66-20-32-10-70-1
318,4,1083.5613,821.5911,162.0,770.7959,0,4,51.197364,51.292909,True,40-21-73-98-59-5-61-16-86-38-14-44-85-93-99-94-6-96-92-37-43-100-91-97-13-58|28-12-76-29-67-23-75-72-53-87-42-57-15-41-22-74-56-39-25-55-4-54-24-68-80-26|2-95-52-31-30-65-71-70-69-83-82-47-64-62-7-18-84-17-45-8-46-36-49-32-20-10-48-60-89|27-88-19-11-63-90-66-81-51-9-35-34-78-79-3-77-33-50-1
319,3,1083.8178,262.9004,62.0,803.2733,0,3,51.274295,51.280685,True,83-52-21-95-99-98-5-61-44-14-38-86-16-85-18-49-36-46-45-17-37-92-97-42-43-100-91-93-96-60-48-89|28-72-39-67-29-12-23-75-73-2-59-84-8-6-94-13-87-57-15-41-22-74-40-58-53-26-4-56-25-55-54-24-80-68-77|27-69-31-88-11-64-19-47-82-7-62-63-90-30-51-71-9-81-33-76-50-3-79-78-34-35-65-66-20-32-10-70-1
320,3,1083.8178,262.9004,62.0,803.2733,0,3,51.274295,51.280685,True,83-52-21-95-99-98-5-61-44-14-38-86-16-85-18-49-36-46-45-17-37-92-97-42-43-100-91-93-96-60-48-89|28-72-39-67-29-12-23-75-73-2-59-84-8-6-94-13-87-57-15-41-22-74-40-58-53-26-4-56-25-55-54-24-80-68-77|27-69-31-88-11-64-19-47-82-7-62-63-90-30-51-71-9-81-33-76-50-3-79-78-34-35-65-66-20-32-10-70-1
321,3,1084.2398,256.9006,67.0,797.6955,0,3,51.400904,51.406184,True,52-83-5-99-95-21-92-98-44-14-38-86-16-61-85-93-18-49-46-45-17-96-37-42-43-97-100-91-60-48-89|28-72-39-67-29-12-23-75-73-2-59-84-8-6-94-13-87-57-15-41-22-74-40-58-53-26-4-56-25-55-54-24-80-68-77|27-69-31-88-11-64-19-36-47-82-7-62-63-90-30-51-71-9-81-33-76-50-3-79-78-34-35-65-66-20-32-10-70-1
322,4,1085.0687,835.6949,81.0,760.4945,0,4,51.649573,51.738041,True,40-92-98-59-5-61-16-86-38-14-44-85-93-99-94-6-96-37-43-100-91-97-13|28-12-29-67-23-75-72-21-73-22-41-15-57-42-87-58-53-74-56-39-25-55-54-24-80-68-77-26|2-95-27-69-30-65-71-70-31-83-82-7-18-84-17-45-8-46-36-49-32-10-48-60-89|52-88-62-47-19-11-64-63-90-51-81-33-76-4-3-79-78-34-35-9-66-20-50-1
323,4,1085.0687,835.6949,81.0,760.4945,0,4,51.649573,51.738041,True,40-92-98-59-5-61-16-86-38-14-44-85-93-99-94-6-96-37-43-100-91-97-13|28-12-29-67-23-75-72-21-73-22-41-15-57-42-87-58-53-74-56-39-25-55-54-24-80-68-77-26|2-95-27-69-30-65-71-70-31-83-82-7-18-84-17-45-8-46-36-49-32-10-48-60-89|52-88-62-47-19-11-64-63-90-51-81-33-76-4-3-79-78-34-35-9-66-20-50-1
324,4,1086.4476,805.5046,162.0,771.5533,0,4,52.06324,52.157352,True,40-21-73-92-98-59-5-61-16-86-38-14-44-85-93-99-94-6-96-37-43-100-91-97-13|28-12-76-29-67-23-75-72-22-41-15-57-42-87-58-53-74-56-39-25-55-4-54-24-68-80-26|2-95-27-69-31-30-65-71-70-83-82-47-64-62-7-18-84-17-45-8-46-36-49-32-20-10-48-60-89|52-88-19-11-63-90-66-81-51-9-35-34-78-79-3-77-33-50-1
325,4,1086.4476,805.5046,162.0,771.5533,0,4,52.06324,52.157352,True,40-21-73-92-98-59-5-61-16-86-38-14-44-85-93-99-94-6-96-37-43-100-91-97-13|28-12-76-29-67-23-75-72-22-41-15-57-42-87-58-53-74-56-39-25-55-4-54-24-68-80-26|2-95-27-69-31-30-65-71-70-83-82-47-64-62-7-18-84-17-45-8-46-36-49-32-20-10-48-60-89|52-88-19-11-63-90-66-81-51-9-35-34-78-79-3-77-33-50-1
326,3,1087.9445,270.0914,21.0,816.4587,0,3,52.512312,52.518897,True,52-83-45-5-44-98-92-95-6-59-14-38-86-16-85-93-61-99-18-49-46-8-96-37-42-43-97-100-91-17-48-60-89|28-67-29-12-21-72-39-23-75-73-2-84-94-13-87-57-15-41-22-74-40-58-53-26-4-56-25-55-54-24-80-68-77|27-69-31-88-11-64-36-47-19-82-7-62-63-90-30-51-71-9-81-33-76-50-3-79-78-34-35-65-66-20-32-10-70-1
327,3,1087.9445,270.0914,21.0,816.4587,0,3,52.512312,52.518897,True,52-83-45-5-44-98-92-95-6-59-14-38-86-16-85-93-61-99-18-49-46-8-96-37-42-43-97-100-91-17-48-60-89|28-67-29-12-21-72-39-23-75-73-2-84-94-13-87-57-15-41-22-74-40-58-53-26-4-56-25-55-54-24-80-68-77|27-69-31-88-11-64-36-47-19-82-7-62-63-90-30-51-71-9-81-33-76-50-3-79-78-34-35-65-66-20-32-10-70-1
328,4,1088.0725,794.8691,170.0,760.4945,0,4,52.550714,52.642859,True,40-21-73-98-59-5-61-16-86-38-14-44-85-93-99-94-6-96-92-37-43-100-91-97-13|28-12-76-29-67-23-75-72-22-41-15-57-42-87-58-53-74-56-39-25-55-4-54-24-80-68-77-26|2-95-27-69-31-30-65-71-70-83-82-47-64-7-18-84-17-45-8-46-36-49-32-20-10-48-60-89|52-88-62-19-11-63-90-66-81-51-9-35-34-78-79-3-33-50-1
329,4,1088.0725,794.8691,170.0,760.4945,0,4,52.550714,52.642859,True,40-21-73-98-59-5-61-16-86-38-14-44-85-93-99-94-6-96-92-37-43-100-91-97-13|28-12-76-29-67-23-75-72-22-41-15-57-42-87-58-53-74-56-39-25-55-4-54-24-80-68-77-26|2-95-27-69-31-30-65-71-70-83-82-47-64-7-18-84-17-45-8-46-36-49-32-20-10-48-60-89|52-88-62-19-11-63-90-66-81-51-9-35-34-78-79-3-33-50-1
330,3,1088.8352,256.0153,64.0,803.2733,0,3,52.77953,52.786592,True,82-52-28-12-21-59-99-5-98-44-38-86-16-61-85-18-7-49-46-45-17-92-97-37-43-100-91-93-96-60-48-89|95-14-42-2-72-29-39-67-23-75-73-83-8-84-6-94-13-87-57-15-41-22-74-40-58-53-26-4-56-25-55-54-24-80-68-77|27-69-31-88-62-19-47-36-64-11-63-90-30-51-71-9-81-33-76-50-3-79-78-34-35-65-66-20-32-10-70-1
331,3,1088.8352,256.0153,64.0,803.2733,0,3,52.77953,52.786592,True,82-52-28-12-21-59-99-5-98-44-38-86-16-61-85-18-7-49-46-45-17-92-97-37-43-100-91-93-96-60-48-89|95-14-42-2-72-29-39-67-23-75-73-83-8-84-6-94-13-87-57-15-41-22-74-40-58-53-26-4-56-25-55-54-24-80-68-77|27-69-31-88-62-19-47-36-64-11-63-90-30-51-71-9-81-33-76-50-3-79-78-34-35-65-66-20-32-10-70-1
332,3,1089.338,250.1654,184.0,820.0389,0,3,52.930364,52.951215,True,27-47-62-31-52-83-5-59-95-92-98-44-14-38-86-16-61-85-93-99-18-49-46-8-45-96-42-43-97-37-100-91-17-48-60-89|28-33-29-12-39-67-23-75-72-21-73-2-22-41-15-57-87-84-6-94-13-58-53-40-26-4-74-56-25-55-54-24-80-68|82-36-64-19-88-69-7-11-63-90-30-51-71-9-81-79-77-76-50-3-78-34-35-65-66-20-32-10-70-1
333,3,1091.1528,252.6819,76.0,804.873,0,3,53.474813,53.48351,True,95-92-21-99-83-5-98-44-14-38-86-16-61-85-93-18-49-46-45-17-96-37-42-43-97-100-91-60-48-89|28-72-29-12-67-23-75-73-2-59-84-8-6-94-13-87-57-15-41-22-74-40-58-53-26-4-56-39-25-55-54-24-80-68-77|27-69-52-31-88-11-64-19-36-47-82-7-62-63-90-30-51-71-9-81-33-76-50-3-79-78-34-35-65-66-20-32-10-70-1
334,3,1093.0866,274.9892,21.0,814.4868,0,3,54.05495,54.063516,True,5-52-83-45-44-14-98-59-95-6-38-16-86-61-85-93-99-18-49-46-8-96-92-37-42-43-97-100-91-17-48-60-89|28-12-29-67-23-75-72-21-73-2-84-94-13-87-57-15-41-22-74-40-58-53-26-4-56-39-25-55-54-24-80-68-77|27-69-11-31-88-82-47-36-64-19-7-62-63-90-30-51-71-9-81-33-76-50-3-79-78-34-35-65-66-20-32-10-70-1
335,4,1093.4623,846.577,74.0,760.4945,0,4,54.167645,54.259563,True,40-21-73-98-59-99-5-61-16-86-38-14-44-85-93-94-6-96-92-37-42-43-100-91-97-13|28-12-29-39-67-23-75-72-22-41-15-57-87-58-53-74-56-25-55-54-24-80-68-77-26|2-95-27-69-30-31-88-7-82-83-18-45-84-17-8-46-36-11-90-49-32-10-48-60-89|52-62-19-47-64-63-71-9-51-81-33-76-4-3-79-78-34-35-65-66-20-70-50-1
336,3,1094.7956,235.1573,53.0,793.1725,0,3,54.567652,54.570759,True,83-52-21-95-92-98-99-5-61-44-14-38-86-16-85-93-18-49-46-45-17-84-96-37-42-43-97-100-91-60-48-89|28-39-67-29-12-23-75-72-73-2-59-8-6-94-13-87-57-15-41-22-74-40-58-53-26-4-56-25-55-54-24-80-68-77|27-69-31-88-62-11-64-19-36-47-82-7-63-90-30-51-71-9-81-33-76-50-3-79-78-34-35-65-66-20-32-10-70-1
337,3,1094.7956,235.1573,53.0,793.1725,0,3,54.567652,54.570759,True,83-52-21-95-92-98-99-5-61-44-14-38-86-16-85-93-18-49-46-45-17-84-96-37-42-43-97-100-91-60-48-89|28-39-67-29-12-23-75-72-73-2-59-8-6-94-13-87-57-15-41-22-74-40-58-53-26-4-56-25-55-54-24-80-68-77|27-69-31-88-62-11-64-19-36-47-82-7-63-90-30-51-71-9-81-33-76-50-3-79-78-34-35-65-66-20-32-10-70-1
338,3,1097.0095,200.5361,122.0,892.1051,0,3,55.231819,55.252137,True,5-45-83-52-95-59-92-98-44-38-14-61-99-93-85-16-86-84-18-49-36-46-8-96-37-42-43-97-100-91-17-48-60-89|27-69-31-88-11-64-19-47-82-7-62-63-90-30-51-71-9-81-33-50-3-79-78-34-35-65-66-20-32-10-70-1-54-55-25-24-80-68-77|39-28-23-67-29-76-12-21-73-72-75-22-41-2-57-15-87-94-6-13-58-40-74-56-4-26-53
339,4,1097.8372,822.9264,69.0,760.4945,0,4,55.480131,55.569314,True,40-21-73-98-59-5-61-16-86-38-14-44-85-93-99-94-6-96-92-37-43-100-91-97-13|28-12-29-67-23-75-72-22-41-15-57-42-87-58-53-74-56-39-25-55-54-24-80-68-77-26|2-95-27-69-31-30-65-71-70-83-82-7-18-84-17-45-8-46-36-49-32-10-48-60-89|52-88-62-47-19-11-64-63-90-51-81-33-76-4-3-79-78-34-35-9-66-20-50-1
340,4,1097.8372,822.9264,69.0,760.4945,0,4,55.480131,55.569314,True,40-21-73-98-59-5-61-16-86-38-14-44-85-93-99-94-6-96-92-37-43-100-91-97-13|28-12-29-67-23-75-72-22-41-15-57-42-87-58-53-74-56-39-25-55-54-24-80-68-77-26|2-95-27-69-31-30-65-71-70-83-82-7-18-84-17-45-8-46-36-49-32-10-48-60-89|52-88-62-47-19-11-64-63-90-51-81-33-76-4-3-79-78-34-35-9-66-20-50-1
341,4,1098.1982,771.8755,180.0,760.4945,0,4,55.58843,55.681164,True,59-98-44-14-38-86-16-61-85-93-99-94-6-96-92-37-43-100-91-97-13-58|5-83-47-36-64-63-28-76-29-39-67-23-75-72-73-21-40-53-87-57-15-41-22-74-56-4-25-55-54-26|2-42-95-27-69-31-30-71-9-70-52-82-19-11-62-88-7-18-84-17-45-8-46-49-32-20-10-48-60-89|12-33-81-51-90-66-65-35-34-78-79-3-68-80-24-77-50-1
342,4,1098.1982,771.8755,180.0,760.4945,0,4,55.58843,55.681164,True,59-98-44-14-38-86-16-61-85-93-99-94-6-96-92-37-43-100-91-97-13-58|5-83-47-36-64-63-28-76-29-39-67-23-75-72-73-21-40-53-87-57-15-41-22-74-56-4-25-55-54-26|2-42-95-27-69-31-30-71-9-70-52-82-19-11-62-88-7-18-84-17-45-8-46-49-32-20-10-48-60-89|12-33-81-51-90-66-65-35-34-78-79-3-68-80-24-77-50-1
343,3,1098.3744,271.6424,21.0,816.4278,0,3,55.64129,55.651232,True,5-52-83-45-44-95-98-59-6-14-38-16-86-61-85-93-99-18-49-46-8-96-92-37-42-43-97-100-91-17-48-60-89|28-12-29-67-23-75-72-21-73-2-84-94-13-87-57-15-41-22-74-40-58-53-26-4-56-39-25-55-54-24-80-68-77|27-69-11-31-88-82-47-36-64-19-7-62-63-90-30-51-71-9-81-33-76-50-3-79-78-34-35-65-66-20-32-10-70-1
344,3,1098.3998,260.1358,46.0,884.1554,0,3,55.648898,55.66978,True,28-29-12-39-67-23-75-72-21-73-2-40-53-6-94-87-42-57-15-41-22-74-56-4-25-55-54-24-80-68-77-26|92-38-27-69-31-88-62-7-83-5-85-16-61-18-86-17-49-36-46-8-45-84-96-97-37-43-100-91-93-60-48-89-13-58|95-14-44-98-59-52-99-82-47-19-11-64-63-90-30-51-71-9-81-33-76-50-3-79-78-34-35-65-66-20-32-10-70-1
345,3,1098.3998,260.1358,46.0,884.1554,0,3,55.648898,55.66978,True,28-29-12-39-67-23-75-72-21-73-2-40-53-6-94-87-42-57-15-41-22-74-56-4-25-55-54-24-80-68-77-26|92-38-27-69-31-88-62-7-83-5-85-16-61-18-86-17-49-36-46-8-45-84-96-97-37-43-100-91-93-60-48-89-13-58|95-14-44-98-59-52-99-82-47-19-11-64-63-90-30-51-71-9-81-33-76-50-3-79-78-34-35-65-66-20-32-10-70-1
346,3,1098.6233,270.5132,21.0,815.5475,0,3,55.715959,55.725674,True,52-83-45-5-44-98-59-95-6-14-38-86-16-61-85-93-99-18-49-46-8-96-92-37-42-43-97-100-91-17-48-60-89|28-29-67-23-12-75-72-21-73-2-84-94-13-87-57-15-41-22-74-40-58-53-26-4-56-39-25-55-54-24-80-68-77|27-69-31-82-47-36-64-88-11-19-7-62-63-90-30-51-71-9-81-33-76-50-3-79-78-34-35-65-66-20-32-10-70-1
347,3,1098.6233,270.5132,21.0,815.5475,0,3,55.715959,55.725674,True,52-83-45-5-44-98-59-95-6-14-38-86-16-61-85-93-99-18-49-46-8-96-92-37-42-43-97-100-91-17-48-60-89|28-29-67-23-12-75-72-21-73-2-84-94-13-87-57-15-41-22-74-40-58-53-26-4-56-39-25-55-54-24-80-68-77|27-69-31-82-47-36-64-88-11-19-7-62-63-90-30-51-71-9-81-33-76-50-3-79-78-34-35-65-66-20-32-10-70-1
348,3,1100.3756,244.5613,30.0,803.2733,0,3,56.241631,56.247038,True,14-23-67-72-21-95-83-99-92-98-44-38-86-16-61-85-18-49-46-45-17-37-97-42-43-100-91-93-96-60-48-89|28-29-12-39-75-73-2-59-5-84-8-6-94-13-87-57-15-41-22-74-40-58-53-26-4-56-25-55-54-24-80-68-77|27-69-52-31-88-11-64-19-36-47-82-7-62-63-90-30-51-71-9-81-33-76-50-3-79-78-34-35-65-66-20-32-10-70-1
349,3,1100.3756,244.5613,30.0,803.2733,0,3,56.241631,56.247038,True,14-23-67-72-21-95-83-99-92-98-44-38-86-16-61-85-18-49-46-45-17-37-97-42-43-100-91-93-96-60-48-89|28-29-12-39-75-73-2-59-5-84-8-6-94-13-87-57-15-41-22-74-40-58-53-26-4-56-25-55-54-24-80-68-77|27-69-52-31-88-11-64-19-36-47-82-7-62-63-90-30-51-71-9-81-33-76-50-3-79-78-34-35-65-66-20-32-10-70-1
350,3,1101.9871,251.151,134.0,788.3041,0,3,56.725094,56.740127,True,27-28-39-29-76-12-67-23-75-72-21-73-2-59-84-6-94-13-87-57-41-22-74-40-58-53-26-4-56-25-55-54-24-80-68-77|5-52-69-31-88-11-64-19-47-82-7-62-63-90-30-51-71-9-81-33-3-79-78-34-35-65-66-20-50-1-70-32-48|95-92-98-42-15-14-38-44-16-61-83-18-99-85-86-17-45-46-36-49-10-8-96-97-37-43-100-91-93-60-89
351,3,1102.4485,231.1558,67.0,794.7289,0,3,56.86352,56.869956,True,83-52-21-95-92-99-5-98-44-14-38-86-16-61-85-93-18-49-46-45-17-96-37-42-43-97-100-91-60-48-89|28-72-39-67-29-12-23-75-73-2-59-84-8-6-94-13-87-57-15-41-22-74-40-58-53-26-4-56-25-55-54-24-80-68-77|27-69-31-88-11-64-19-36-47-82-7-62-63-90-30-51-71-9-81-33-76-50-3-79-78-34-35-65-66-20-32-10-70-1
352,3,1103.8567,229.7476,67.0,794.7289,0,3,57.285971,57.292618,True,83-52-21-95-92-5-99-98-44-14-38-86-16-61-85-93-18-49-46-45-17-96-37-42-43-97-100-91-60-48-89|28-72-39-67-29-12-23-75-73-2-59-84-8-6-94-13-87-57-15-41-22-74-40-58-53-26-4-56-25-55-54-24-80-68-77|27-69-31-88-11-64-19-36-47-82-7-62-63-90-30-51-71-9-81-33-76-50-3-79-78-34-35-65-66-20-32-10-70-1
353,3,1103.8567,229.7476,67.0,794.7289,0,3,57.285971,57.292618,True,83-52-21-95-92-5-99-98-44-14-38-86-16-61-85-93-18-49-46-45-17-96-37-42-43-97-100-91-60-48-89|28-72-39-67-29-12-23-75-73-2-59-84-8-6-94-13-87-57-15-41-22-74-40-58-53-26-4-56-25-55-54-24-80-68-77|27-69-31-88-11-64-19-36-47-82-7-62-63-90-30-51-71-9-81-33-76-50-3-79-78-34-35-65-66-20-32-10-70-1
354,3,1103.8738,227.8629,22.0,792.8612,0,3,57.291089,57.292679,True,83-52-21-95-92-59-5-99-98-44-14-38-86-16-61-85-93-18-49-46-45-17-96-37-42-43-97-100-91-60-48-89|28-72-39-67-29-12-23-75-73-2-84-8-6-94-13-87-57-15-41-22-74-40-58-53-26-4-56-25-55-54-24-80-68-77|27-69-31-88-11-64-19-36-47-82-7-62-63-90-30-51-71-9-81-33-76-50-3-79-78-34-35-65-66-20-32-10-70-1
355,4,1103.9364,779.9868,149.0,771.5533,0,4,57.309884,57.404115,True,40-21-73-98-59-5-61-16-86-38-14-44-85-93-99-94-6-96-92-37-43-100-91-97-13|28-12-29-67-23-75-72-22-41-15-57-42-87-58-53-74-56-39-25-55-4-54-24-68-80-26|2-95-27-69-31-30-65-71-70-83-82-47-64-62-7-18-84-17-45-8-46-36-49-32-20-10-48-60-89|52-88-19-11-63-90-51-9-66-81-76-77-3-79-78-34-35-33-50-1
356,3,1105.5697,263.5669,21.0,815.5475,0,3,57.79986,57.810617,True,52-83-45-5-44-98-59-95-6-14-38-86-16-61-85-93-99-18-49-46-8-96-92-37-42-43-97-100-91-17-48-60-89|28-29-67-12-23-75-72-21-73-2-84-94-13-87-57-15-41-22-74-40-58-53-26-4-56-39-25-55-54-24-80-68-77|27-69-31-82-47-36-64-88-11-19-7-62-63-90-30-51-71-9-81-33-76-50-3-79-78-34-35-65-66-20-32-10-70-1
357,3,1105.7001,263.4364,21.0,815.5475,0,3,57.838995,57.849771,True,52-83-45-5-44-98-59-95-6-14-38-86-16-61-85-93-99-18-49-46-8-96-92-37-42-43-97-100-91-17-48-60-89|28-29-67-12-23-75-72-73-21-2-84-94-13-87-57-15-41-22-74-40-58-53-26-4-56-39-25-55-54-24-80-68-77|27-69-31-82-47-36-64-88-11-19-7-62-63-90-30-51-71-9-81-33-76-50-3-79-78-34-35-65-66-20-32-10-70-1
358,4,1106.7737,860.0322,139.0,749.7251,0,4,58.161058,58.263872,True,6-5-59-98-14-44-86-16-61-85-93-99-8-94-96-92-37-43-100-91-97-13|28-12-39-67-23-75-41-22-72-73-21-40-57-15-38-42-87-58-53-26-4-74-56-25-55-54-24-80-68|2-95-27-69-31-30-71-70-62-7-83-18-88-90-49-36-46-45-17-84-60-48-89|52-82-47-19-11-64-63-51-9-79-29-33-81-76-50-77-3-78-34-35-65-66-20-32-10-1
359,3,1107.7751,226.9609,20.0,793.0725,0,3,58.461488,58.463944,True,14-23-67-21-95-83-99-92-98-44-38-86-16-61-85-93-18-49-46-45-17-37-97-42-43-100-91-96-60-48-89|28-29-12-72-39-75-73-2-59-5-84-8-6-94-13-87-57-15-41-22-74-40-58-53-26-4-56-25-55-54-24-80-68-77|27-69-52-31-88-11-64-19-36-47-82-7-62-63-90-30-51-71-9-81-33-76-50-3-79-78-34-35-65-66-20-32-10-70-1
360,4,1113.6082,828.5495,254.0,752.7157,0,4,60.21142,60.323511,True,28-15-23-21-72-75-2-42-14-38-44-16-100-98-85-61-86-17-45-18-6-94-13-97-37-43-91-93-96|27-31-63-11-62-88-52-69-76-12-29-79-30-51-9-81-71-66-65-35-34-78-33-3-68-80-77-50-1-20-32-10-70|95-92-59-99-5-83-8-82-19-47-7-73-90-64-49-36-46-84-60-48-89|53-40-87-57-41-22-74-56-4-39-67-25-55-24-54-26-58
361,3,1113.61,214.1741,132.0,803.2733,0,3,60.211956,60.226975,True,52-82-69-29-12-40-2-98-44-38-86-16-85-18-7-49-36-46-17-37-97-42-43-100-91-93-96-60-48-89|95-92-14-15-72-39-67-23-75-73-21-83-8-84-99-59-6-94-13-87-57-41-22-56-74-58-53-26-4-25-55-54-24-80-68-77|28-27-31-88-62-11-64-47-45-61-5-19-63-90-30-51-71-9-81-33-76-50-3-79-78-34-35-65-66-20-32-10-70-1
362,4,1116.2548,804.5088,82.0,760.4945,0,4,61.005394,61.098639,True,40-21-72-73-2-98-5-61-16-86-38-14-44-85-93-99-94-6-96-92-37-43-100-91-97-13|28-42-12-29-67-23-75-22-41-15-57-87-58-53-74-56-39-25-55-54-24-80-68-77-26|95-59-27-69-31-30-65-71-70-88-7-82-83-18-84-17-45-8-46-36-49-32-10-48-60-89|52-62-47-19-11-64-63-90-51-81-33-76-4-3-79-78-34-35-9-66-20-50-1
363,4,1119.3379,801.4257,69.0,760.4945,0,4,61.930329,62.022737,True,40-21-73-98-59-5-61-16-38-14-44-85-86-93-99-94-6-96-92-37-43-100-91-97-13|28-12-29-67-23-75-72-22-41-15-57-42-87-58-53-74-56-39-25-55-54-24-80-68-77-26|2-95-27-69-31-30-65-71-70-83-82-7-18-84-17-45-8-46-36-49-32-10-48-60-89|52-88-62-47-19-11-64-63-90-51-81-33-76-4-3-79-78-34-35-9-66-20-50-1
364,4,1119.5987,853.7021,56.0,760.4945,0,4,62.008557,62.107585,True,40-21-73-2-59-18-84-16-86-38-14-44-85-93-99-94-6-96-92-37-43-100-91-97-13|28-12-39-67-23-75-72-22-41-15-57-42-87-58-53-74-56-25-55-54-24-80-68-77-26|95-98-61-5-83-8-27-29-71-65-66-30-70-10-49-36-46-17-45-48-60-89|52-69-31-88-62-11-47-82-7-19-63-64-90-51-81-33-76-4-3-79-78-34-35-9-50-20-32-1
365,4,1119.7678,847.0381,139.0,749.7251,0,4,62.059292,62.164055,True,6-5-59-98-14-44-86-16-61-85-93-99-8-94-96-92-37-43-100-91-97-13|28-12-39-67-23-75-41-22-73-72-21-40-57-15-38-42-87-58-53-26-4-74-56-25-55-54-24-80-68|2-95-27-69-31-30-71-70-62-7-83-18-88-90-49-36-46-45-17-84-60-48-89|52-82-47-11-19-64-63-51-9-79-29-33-81-76-50-77-3-78-34-35-65-66-20-32-10-1
366,4,1122.2819,835.233,47.0,760.4945,0,4,62.813542,62.909705,True,21-72-73-2-42-98-14-38-86-16-85-59-94-6-96-92-37-43-100-91-97-13|28-12-29-67-23-75-22-41-15-57-87-44-18-53-58-40-74-56-39-25-55-54-24-68-80-26|95-5-27-69-30-65-71-70-31-7-82-83-99-93-61-84-17-45-46-36-49-64-10-8-48-60-89|52-88-62-47-19-11-63-90-51-81-33-76-4-3-79-78-34-35-9-66-32-20-50-77-1
367,3,1131.8019,201.8025,67.0,794.7289,0,3,65.669523,65.680362,True,83-52-21-95-92-5-99-98-44-14-38-86-16-61-85-93-18-49-46-45-17-96-37-42-43-97-100-91-60-48-89|28-72-39-67-29-12-23-75-73-2-59-84-8-6-94-13-87-57-15-41-22-74-40-58-53-26-4-56-25-55-54-24-80-68-77|27-69-31-64-36-11-19-47-82-88-7-62-63-90-30-51-71-9-81-33-76-50-3-79-78-34-35-65-66-20-32-10-70-1
368,3,1132.5429,200.6228,131.0,794.7289,0,3,65.891842,65.909126,True,28-72-39-67-29-12-23-75-73-2-59-84-8-6-94-13-87-57-15-41-22-74-40-58-53-26-4-56-25-55-54-24-80-68-77|95-5-83-27-69-31-88-11-64-19-36-47-82-7-62-63-90-30-51-71-9-81-33-76-50-3-79-78-34-35-65-66-20-32-10-70-1|21-42-92-98-14-38-44-16-61-52-18-99-85-86-17-45-46-49-96-97-37-43-100-91-93-60-48-89
369,3,1135.5185,200.6881,56.0,794.3318,0,3,66.784525,66.795152,True,67-23-21-95-83-99-92-98-14-38-86-16-61-85-93-18-49-46-45-17-37-97-42-43-100-91-96-60-48-89|44-28-29-12-72-39-75-73-2-59-5-84-8-6-94-13-87-57-15-41-22-74-40-58-53-26-4-56-25-55-54-24-80-68-77|27-69-52-31-88-11-64-19-36-47-82-7-62-63-90-30-51-71-9-81-33-76-50-3-79-78-34-35-65-66-20-32-10-70-1
370,3,1139.9658,185.4216,179.0,793.0725,0,3,68.118714,68.140497,True,83-82-52-27-28-29-12-2-98-44-38-86-85-6-18-7-49-46-45-17-84-37-97-42-43-100-91-96-60-48-89|95-92-14-15-72-39-67-23-75-21-73-40-53-8-5-16-93-99-59-94-13-87-57-41-22-56-74-58-26-4-25-55-54-24-80-68-77|69-31-88-62-11-64-36-47-61-19-63-90-30-51-71-9-81-33-76-50-3-79-78-34-35-65-66-20-32-10-70-1
371,3,1141.1163,196.8083,113.0,813.6792,0,3,68.463848,68.484175,True,52-83-5-21-95-99-92-98-44-14-38-86-16-61-85-93-18-49-46-45-17-96-37-42-43-97-100-91-60-89|72-28-39-67-29-12-23-75-73-2-59-84-8-6-94-13-87-57-15-41-22-74-40-58-53-26-4-56-25-55-54-24-80-68-77-1|69-27-31-88-11-64-19-36-47-82-7-62-63-90-30-51-71-9-81-33-76-50-3-79-78-34-35-65-66-20-32-70-10-48
372,4,1152.32,791.4029,103.0,760.4945,0,4,71.824949,71.929149,True,21-73-98-14-38-86-44-16-85-59-94-6-96-92-37-43-100-91-97-13|28-12-29-67-23-75-72-22-41-15-57-87-58-53-40-74-56-25-55-54-24-80-68-77-26|95-42-2-27-69-31-30-65-71-70-7-82-83-5-18-99-93-61-84-17-45-8-46-36-49-66-10-48-60-89|52-88-62-47-19-11-64-63-90-51-81-33-76-39-4-3-79-78-34-35-9-20-32-50-1
373,3,1154.4805,161.9039,59.0,793.0725,0,3,72.473103,72.483712,True,82-52-28-12-2-95-99-5-92-98-44-38-86-16-85-93-18-7-49-46-45-17-37-97-42-43-100-91-96-60-48-89|14-15-72-29-39-67-23-75-21-73-59-83-8-84-6-94-13-87-57-41-22-74-40-58-53-26-4-56-25-55-54-24-80-68-77|27-69-31-88-62-11-64-36-47-61-19-63-90-30-51-71-9-81-33-76-50-3-79-78-34-35-65-66-20-32-10-70-1
374,3,1160.0279,175.3056,43.0,793.965,0,3,74.137339,74.150157,True,95-59-83-52-21-2-92-99-5-98-44-14-38-86-16-61-85-93-18-49-46-45-17-96-37-42-43-97-100-91-60-48-89|28-72-39-29-12-67-23-75-73-79-84-6-94-13-87-57-15-41-22-74-40-58-53-26-4-56-25-55-54-24-80-68-77|27-69-31-88-11-63-64-19-36-47-8-82-7-62-90-30-71-9-51-81-33-76-50-3-78-34-35-65-66-20-32-10-70-1
375,4,1161.8525,779.6452,143.0,757.4851,0,4,74.684698,74.793542,True,21-75-2-95-92-98-44-14-38-86-16-61-85-59-94-6-18-36-8-96-99-93-37-43-100-91-97-13|28-12-40-73-72-67-23-22-41-15-42-87-57-74-58-53-26-4-25-55-54-24-80-68|27-69-29-65-71-70-31-5-83-7-88-62-90-49-46-45-17-84-60-48-89|52-82-47-19-11-64-63-30-51-9-81-33-76-56-39-77-50-3-79-78-34-35-66-20-32-10-1
376,3,1163.5707,171.1653,32.0,793.0725,0,3,75.200173,75.212198,True,14-5-23-67-21-83-99-95-92-98-44-38-86-16-61-85-93-18-49-46-45-17-37-97-42-43-100-91-96-60-48-89|28-29-72-12-39-75-73-2-59-84-8-6-94-13-87-57-15-41-22-74-40-58-53-26-4-56-25-55-54-24-80-68-77|27-69-52-31-88-11-64-19-36-47-82-7-62-63-90-30-51-71-9-81-33-76-50-3-79-78-34-35-65-66-20-32-10-70-1
377,4,1163.9916,739.1447,78.0,760.4945,0,4,75.326431,75.423793,True,40-21-73-98-59-5-61-16-86-38-14-44-85-93-99-94-6-37-96-92-43-100-91-97-13|28-12-29-39-67-23-75-72-22-41-15-57-42-87-58-53-74-56-25-55-54-24-80-68-77-26|2-95-27-69-31-30-65-71-70-83-82-7-88-18-84-17-45-8-46-36-49-32-10-48-60-89|52-62-47-19-11-64-63-9-90-51-81-33-76-4-3-79-78-34-35-66-20-50-1
378,4,1181.4541,743.2724,65.0,760.4945,0,4,80.565188,80.667108,True,40-21-73-98-5-59-61-16-86-38-14-44-85-93-99-94-6-96-92-37-43-100-91-97-13|28-12-29-39-67-23-75-72-22-41-15-57-42-87-58-53-74-56-25-55-54-24-80-68-77-26|2-95-27-69-31-65-71-70-83-82-7-88-18-84-17-45-8-46-36-49-32-10-48-60-89|52-62-47-30-19-11-64-63-90-51-81-33-76-79-4-3-78-34-35-9-66-20-50-1
379,4,1187.4252,756.2977,34.0,760.4945,0,4,82.356505,82.45907,True,40-21-73-59-98-5-61-16-86-38-14-44-85-99-94-6-96-92-37-43-100-91-97-13|28-12-29-67-23-75-41-22-72-57-15-87-58-53-74-56-25-55-54-24-80-68-77-26|95-42-2-27-69-31-65-71-30-70-83-82-7-88-18-93-84-17-45-8-46-36-49-66-10-48-60-89|52-62-47-19-11-64-63-90-51-81-33-76-39-4-3-79-78-34-35-9-20-32-50-1
380,4,1194.118,719.4709,312.0,760.4945,0,4,84.364361,84.49121,True,40-2-95-59-98-61-16-86-38-14-44-85-84-8-6-94-96-99-93-37-43-100-91-97-13|47-64-63-88-31-28-12-39-67-23-75-22-72-73-21-29-81-76-53-58-87-57-15-41-74-56-4-55-54-80-68-26|42-92-5-83-52-69-65-71-11-19-62-7-82-18-17-45-46-36-49-32-20-70-10-48-60-89|27-51-30-90-66-35-34-78-9-33-79-3-25-24-77-50-1
381,4,1196.6629,726.4919,306.0,760.4945,0,4,85.12784,85.255906,True,40-95-59-98-5-61-16-86-38-14-44-85-93-8-6-94-96-92-37-43-100-91-97-13-58|47-64-63-28-12-39-67-23-75-22-72-73-21-29-79-81-76-53-87-57-15-41-74-56-4-55-54-80-68-26|2-42-27-69-31-30-70-52-83-82-19-11-62-88-7-18-99-84-17-45-46-36-49-32-20-10-48-60-89|90-51-71-66-65-35-34-78-9-33-3-25-24-77-50-1
382,5,1198.0889,1357.146,188.0,731.8029,0,5,125.50052,125.707808,True,95-59-98-16-44-14-38-86-17-84-93-85-42-57-15-43-37-100-91-97|28-12-29-67-72-41-2-99-5-45-8-7-18-94-53-26-4-55-54-24-80|27-69-31-62-52-83-82-47-19-11-64-63-90-30-51-71-9-34-35-65-66-20-32-10-70-1-50|21-73-22-75-77-33-81-78-3-68-25-39-56-74-58-13-96-60-89|6-61-92-87-23-40-76-79-88-49-36-46-48
383,4,1199.0185,737.1155,50.0,744.4009,0,4,85.834495,85.936847,True,6-59-98-44-14-38-86-16-61-85-93-99-94-36-8-96-92-37-43-100-91-97-13|28-12-67-23-75-41-22-72-73-21-40-87-57-15-74-58-53-26-4-56-25-55-54-24-80-68|95-42-2-27-69-31-30-65-71-70-62-7-83-5-18-88-90-49-46-45-17-84-60-48-89|52-82-47-19-11-64-63-51-9-79-29-39-76-81-33-50-77-3-78-34-35-66-20-32-10-1
384,4,1213.3265,709.8283,306.0,760.4945,0,4,90.126918,90.257484,True,40-95-59-98-5-61-16-86-38-14-44-85-93-8-6-94-96-92-37-43-100-91-97-13-58|47-64-63-28-12-39-67-23-75-22-72-73-21-29-79-81-76-53-87-57-15-41-74-56-4-55-54-80-68-26|2-42-31-27-69-30-70-52-83-82-19-11-62-88-7-18-99-84-17-45-46-36-49-32-20-10-48-60-89|90-51-71-66-65-35-34-78-9-33-3-25-24-77-50-1
385,4,1215.4205,714.4641,96.0,769.6154,0,4,90.755099,90.867356,True,40-21-73-98-59-5-61-16-86-38-14-44-85-93-99-94-6-96-92-37-43-100-91-97-13|28-76-12-29-39-67-23-75-72-22-41-15-57-42-87-58-53-74-56-25-55-54-24-80-68-77-26|2-95-27-69-31-30-65-71-70-83-82-7-88-18-84-17-45-8-46-36-49-32-60-10-48-89|52-62-47-19-11-64-51-63-90-81-33-4-3-79-78-34-35-9-66-20-50-1
386,4,1220.5554,702.3997,178.0,770.5749,0,4,92.295573,92.415905,True,28-12-29-72-21-40-59-98-5-61-16-86-38-14-44-85-8-6-94-96-92-37-43-100-91-97-13-58|95-42-2-27-69-31-30-65-71-70-52-83-82-19-11-62-88-7-18-99-93-84-17-45-46-36-49-32-20-10-48-60-89|47-64-63-51-90-76-81-66-35-34-78-9-33-79-3-54-25-24-77-50-1|53-73-75-22-41-15-57-87-74-23-67-39-56-4-55-80-68-26
387,4,1224.6397,691.256,277.0,766.3444,0,4,93.520872,93.650023,True,72-75-40-95-59-98-5-61-16-86-38-14-44-85-8-6-94-96-92-37-42-43-100-91-97-13|47-64-63-28-12-39-67-23-41-2-73-21-29-81-76-53-58-87-57-15-22-74-56-4-55-54-80-68-26|27-69-31-30-65-71-70-52-83-82-19-11-62-88-7-18-99-93-84-17-45-46-36-49-32-20-10-48-60-89|51-90-66-35-34-78-9-33-79-3-25-24-77-50-1
388,3,1225.5367,246.1848,19.0,917.3396,0,3,93.789956,93.849164,True,52-83-45-38-44-14-98-92-95-59-99-5-93-85-61-16-86-84-18-49-46-8-96-37-42-43-97-100-91-48-60-89|28-29-67-12-23-75-72-21-73-2-6-94-13-87-57-15-41-22-74-40-58-53-26-4-56-39-25-55-54-24-17-80-68-77|27-36-69-31-88-82-47-64-11-19-7-62-63-90-30-51-71-9-81-33-76-50-3-79-78-34-65-35-66-20-32-10-70-1
389,4,1251.6375,698.2326,231.0,760.4945,0,4,101.620195,101.753014,True,2-73-95-59-98-38-86-16-61-8-18-85-93-6-96-92-97-42-43-91-100-37-13-58|83-47-36-64-63-28-21-72-75-23-67-39-12-29-33-81-76-40-94-87-57-15-41-22-74-56-4-55-54-80-68-26|27-69-31-30-65-71-11-62-88-7-82-52-53-17-46-49-90-32-20-10-48-60-89|99-14-44-5-84-45-19-70-51-9-66-35-34-78-79-3-25-24-77-50-1
390,4,1259.1713,713.812,94.0,752.6577,0,4,103.880345,104.002885,True,75-92-95-6-59-98-44-14-38-86-16-61-85-93-99-94-36-8-96-42-43-100-91-97-37-13|28-21-29-12-2-40-72-67-23-41-22-73-87-57-15-74-58-53-26-4-56-25-55-54-24-80-68|27-69-31-30-65-71-70-62-7-83-5-18-88-90-49-46-45-17-84-60-48-89|52-82-47-19-11-64-63-51-9-81-33-76-39-77-50-3-79-78-34-35-66-20-32-10-1
391,4,1276.6708,704.3647,138.0,783.6114,0,4,109.130198,109.265614,True,52-98-59-6-99-100-44-14-38-86-16-61-85-93-87-94-36-8-96-92-37-43-91-97-13|28-67-23-75-72-73-21-12-29-78-81-77-53-58-40-57-41-22-74-26-4-56-39-25-55-54-24-80-68|95-42-15-2-27-69-30-65-71-70-62-7-83-82-5-18-19-90-88-84-17-45-46-49-48-60-89|76-33-31-47-64-11-63-66-51-50-3-79-34-35-9-20-32-10-1
392,4,1287.8574,645.7252,262.0,760.4945,0,4,112.486176,112.625084,True,73-59-5-61-86-38-14-44-85-18-8-6-94-96-93-92-37-43-100-91-97-13-58|83-47-36-64-63-28-21-72-75-23-67-39-12-29-33-81-76-53-40-87-57-15-41-22-74-56-4-55-54-80-68-26|95-42-2-27-69-31-30-65-71-62-11-88-52-82-7-99-17-46-49-90-32-20-10-48-60-89|98-16-84-45-19-70-51-9-66-35-34-78-79-3-25-24-77-50-1
393,4,1320.867,686.2055,113.0,773.5997,0,4,122.389064,122.531014,True,21-73-98-59-5-61-16-86-38-14-44-100-85-93-99-94-58-26-6-96-92-37-43-91-97-13|28-12-76-29-39-67-23-75-72-40-53-87-42-15-41-22-74-56-25-55-80-54-68-34-20-77-24|2-95-27-69-31-65-70-88-7-82-83-52-18-57-84-17-45-49-36-46-8-60-10-48-89|62-47-19-11-64-63-30-90-51-71-35-81-33-4-3-79-78-9-66-32-50-1
394,3,1324.1121,98.3688,251.0,854.489,0,3,123.362581,123.442962,True,64-63-31-88-83-45-5-44-98-59-95-6-14-38-86-16-61-85-93-99-18-49-46-8-96-92-37-42-43-97-100-91-17-48-60-89|62-36-47-82-52-28-12-76-29-67-23-75-72-73-2-84-94-13-87-57-15-41-22-74-40-58-53-26-34-24-55-25-39-56-4-54-80-68-77|33-65-30-71-11-19-7-21-79-81-9-51-90-69-27-50-3-78-35-66-20-32-10-70-1
395,15,1377.9249,6379.9788,185.0,731.8029,0,15,878.925442,879.942806,True,52-82-19-47-45-83-60-89|4-67-56-8|22-23-39-75-72-21|95-98-85-59|53-40-2|6-99-93-96|26|13-58|12-29-24-25-55-54|31-88-7-62-63-90-69-73-74-41-57-100-91-37|15-43-42-97|28-76-79-33-81-71-66-9-51-50-1|5-84-61-16-44-14-38-86-17-94|27-70-30-11-64-49-36-46-48|18-92-87-80-68-77-3-78-34-35-65-20-32-10
396,20,1613.8417,8598.2283,144.0,731.8029,0,20,1211.662861,1213.081137,True,2-22-75-72-21|6-99-93-85-96|12-24-54-4-26|55-25-67-23-39-56-41-57|87-15-43-42-97|79-9-71-65-66-30|83-17-86-38-44-91|80-68-3-34-35|77-40-58-13-92-37-100-84-60|59-98-14-16-61-95-29-78-81-33|73-74|89|53-51-20|18-45-8-7-70-69|28-76-88-62-48|94|5-27-1|52-47-19-11-63-90-10|82-46-36-49-64-32-50|31
397,15,1650.9659,6310.8023,105.0,731.8029,0,15,868.548968,869.629867,True,73-22-75-72-21|12-24-54-26|55-25-67-23-39-56-41-57-91|95-14-15-43-42-97|79-33-81-9-65-66|6-61-17-86-38-44-85-93-96|94-92-87-74-4-80-68-3-34-35|77-40-58-13-37-100-84-60-89|99-16-98-59-2-29-78-71|53-8-7-30-51-20|18-45-36-64-90-70-69|28-76-88-62-48|5-83-63-31-27-1|47-19-11-10|52-82-46-49-32-50
398,15,1686.0926,6131.8472,171.0,741.3536,0,15,841.705696,842.778322,True,82-19-47-45-83|8-46|73-22-75-72-21|27-99-93-96|12-24-54-26-60|88-62-63-90-55-25-67-23-39-56-41-57-91|95-14-15-43-42-97|28-79-33-81-9-65-66-51-50-1|5-61-17-86-38-44-85-94|89|70-11-64-49-36|7-18-92-87-80-68-3-34-35-32-48|77-40-58-13-37-100-84|2-59-98-16-31-69-76-29-78-71-20-6|53-52-30-10-4-74
399,12,1903.2171,4103.3975,172.0,731.8029,0,12,537.438246,538.26951,True,83-5-99-59-98-85-61-44-14-100-37-17-46-48|72-2-87-57-15-43-42-91-96|52-18-8-6-55-25-67-23-39-56-74-41-97-92-60-89|28-31-88-19-47-36-64-11-32-20-1|69-65-71-9-33|76-29-78-3-24-54-26|62-70-13-45-58-53-80-77-27|35-66-10-79-68-4-93|40-16-7-84-22-50|94-86-49-90-34|21-73-63-30-51-81-38|82-95-75-12
400,13,1959.9887,5258.6361,146.0,731.8029,0,13,710.724041,711.743323,True,95-59-99-5-84-61-16-100-37-17-45|21-72-73-2-57-15-42-96-13|52-82-18-6-94-40-55-25-56-74-22-97-92-93-89|31-88-62-19-47-49-11-90-32-20-1|27-69-70-30-71-9-81-33-50|77-3-79-78-68-80-54-26|66-64-48|85-44-60|83-38-4-35-58|98-87-46-10-24-41|67-23-14-8-34-65-53-91|36-63-28-76-12-29-51-39-75-43|7-86
