Rank,Z1_Vehicles,Z2_Distance,Z3_WaitTime,Z4_LoadBalance,Z5_Makespan,Unserved,Num_Routes,ASF,ASF_aug,In_ROI,Routes
1,4,838.358,1235.7572,331.0,856.6583,0,4,149.911436,150.057727,True,89-18-60-83-45-46-36-47-48-7-88-62-19-11-63-64-49-82-8-84-5-99-96-6-53|27-69-1-30-20-65-35-71-66-32-90-10-70-31-52|28-76-50-33-51-9-81-34-78-79-29-24-54-72-41-22-74-56-4-25-55-80-68-3-77-12-26|94-92-97-42-43-15-57-2-73-75-23-67-39-21-40-87-14-38-44-16-86-17-61-85-91-100-37-98-93-59-95-13-58
2,4,842.7597,1194.068,374.0,847.7722,0,4,143.658057,143.802382,True,52-18-60-45-46-36-47-82-7-88-62-11-63-64-49-19-48-8-83-99-96-6-89-53|27-69-1-30-20-65-35-71-66-32-90-10-70-31|28-76-50-33-81-51-9-34-78-79-3-29-24-54-26-40-21-73-22-74-56-4-25-55-80-68-77-12|95-92-97-42-43-15-57-2-72-39-67-23-75-41-87-14-44-38-86-16-61-5-84-17-85-91-100-37-98-93-59-94-13-58
3,4,843.0208,1206.1745,345.0,856.6583,0,4,145.474033,145.618685,True,52-18-60-45-46-36-47-48-82-7-88-62-19-11-63-64-49-8-83-84-5-99-96-6-89-53|27-69-1-30-20-71-65-35-66-32-90-10-70-31|28-76-50-33-81-51-9-34-78-79-3-29-24-54-40-21-41-22-74-56-4-25-55-80-68-77-12-26|94-92-97-42-43-15-57-75-23-67-39-72-73-2-87-14-38-44-16-86-17-61-85-91-100-37-98-93-59-95-13-58
4,4,847.6463,1233.2695,225.0,856.6583,0,4,149.538283,149.676387,True,52-18-60-83-45-46-36-47-48-7-88-62-19-11-63-64-49-82-8-84-5-99-96-6-89-53|27-69-31-30-20-71-65-35-66-32-90-10-70-1-50-77-68-80-12|28-76-3-33-81-51-9-34-78-79-29-24-54-72-73-41-22-74-75-56-25-55-4-26|94-92-97-42-43-15-57-23-67-39-21-40-2-87-14-38-44-16-86-17-61-85-91-100-37-98-93-59-95-13-58
5,4,848.2762,1200.5989,369.0,846.5681,0,4,144.637683,144.783963,True,52-18-60-45-46-36-47-82-7-88-62-11-63-64-49-19-48-8-83-99-96-6-89-53|27-69-1-30-20-65-35-71-66-32-90-10-70-31|28-76-50-33-81-51-9-34-78-79-3-29-24-54-40-72-22-74-56-4-25-55-80-68-77-12-26|94-92-97-42-43-15-57-2-21-73-39-67-23-75-41-87-14-44-38-86-16-61-5-84-17-85-91-100-37-98-93-59-95-13-58
6,4,848.5325,1205.078,234.0,856.6583,0,4,145.309549,145.44459,True,52-18-60-83-45-46-36-47-48-82-7-88-62-19-11-63-64-49-8-84-5-99-96-6-89-53|27-69-31-30-20-71-65-35-66-32-90-10-70-1-50-77-68-80-12|28-76-3-33-81-51-9-34-78-79-29-24-54-72-41-22-74-75-56-4-25-55-26|94-92-97-42-43-15-57-23-67-39-73-21-40-2-87-14-44-38-86-16-17-61-85-91-100-37-98-93-59-95-13-58
7,4,852.7093,1204.244,228.0,850.2127,0,4,145.184449,145.319052,True,52-18-60-45-46-36-47-48-82-7-88-62-19-11-63-64-49-8-83-84-5-99-96-6-89-53|27-69-31-30-20-71-65-35-66-32-90-10-70-1-50-77-68-80-12|28-76-3-33-81-51-9-34-78-79-29-24-54-40-21-73-72-22-74-56-25-55-4-26|94-97-92-98-37-42-43-15-57-75-39-67-23-41-2-87-44-14-38-86-16-17-61-91-100-85-93-59-95-13-58
8,4,863.6688,1158.6494,402.0,857.6076,0,4,138.345267,138.494827,True,89-18-83-45-46-36-47-82-7-88-31-62-11-63-64-49-19-48-8-60-6-53|27-69-1-30-20-65-35-71-66-32-90-10-70-52|28-76-50-33-51-9-81-34-78-79-3-29-24-54-72-73-41-22-74-56-4-25-55-80-68-77-12-26|94-96-92-42-15-57-75-23-67-39-21-40-2-43-14-38-44-91-98-87-97-59-99-5-84-17-86-16-61-85-93-100-37-95-13-58
9,3,864.2246,708.5078,243.0,920.1568,0,3,70.824014,70.899403,True,52-18-60-45-46-36-47-48-82-7-88-62-63-64-11-19-49-8-83-6-53-40-21-41-22-74-56-25-55-4-26|27-69-31-30-20-51-33-65-71-9-81-76-3-79-78-34-35-66-32-90-10-70-1-50-77-68-80-29-24-54-12-28|89-95-92-97-42-43-15-57-75-23-67-39-72-73-2-87-14-44-38-86-16-61-99-5-84-17-85-91-100-37-98-93-59-96-94-13-58
10,3,867.4158,515.7499,113.0,974.1417,0,3,41.910342,41.952872,True,52-18-83-45-46-36-47-82-7-88-62-19-11-63-64-49-48-8-84-98-87-57-41-22-74-56-4-25-55-54-26-58-13-97-37-100-93-61-17-5-60-89|27-69-31-30-20-51-33-65-71-9-81-79-3-76-24-29-78-34-35-66-32-90-10-70-1-50-77-68-80-12-28|94-95-59-92-42-43-15-75-23-67-39-72-73-21-40-2-14-44-38-86-16-91-85-99-96-6-53
11,3,867.4158,515.7499,113.0,974.1417,0,3,41.910342,41.952872,True,52-18-83-45-46-36-47-82-7-88-62-19-11-63-64-49-48-8-84-98-87-57-41-22-74-56-4-25-55-54-26-58-13-97-37-100-93-61-17-5-60-89|27-69-31-30-20-51-33-65-71-9-81-79-3-76-24-29-78-34-35-66-32-90-10-70-1-50-77-68-80-12-28|94-95-59-92-42-43-15-75-23-67-39-72-73-21-40-2-14-44-38-86-16-91-85-99-96-6-53
12,8,868.386,3316.4867,301.0,847.9225,0,8,462.02085,462.485149,True,31-88-62-11-64-49-19-7-52|95-92-97-42-87-13|89-18-82-48-47-36-46-45-8-83-60-84-5-99-96-6|54-39-67-23-56-75-41-22-74-72-73-21-58|27-69-30-20-71-65-66-32-90-63-10-70-1-50-77-68-80-12|28-76-3-33-79-78-81-51-9-35-34-29-24-55-25-4-26|53|40-2-57-15-43-14-44-38-86-17-61-16-91-100-37-98-85-93-59-94
13,3,868.8611,655.4975,52.0,887.6117,0,3,62.872482,62.917328,True,52-18-60-5-45-46-36-47-82-7-88-62-11-63-64-49-19-48-8-83-99-96-6-89-10-90-32-66-71-35-51-20-70-31|27-69-1-30-65-33-81-9-34-78-79-3-76-12-26-53-40-21-72-41-22-74-75-56-4-25-55-54-24-29-68-80-77-50-28|94-92-97-42-43-15-23-67-39-73-2-57-87-14-44-38-86-16-84-17-61-85-91-100-37-98-93-59-95-13-58
14,4,869.7316,1356.1328,362.0,841.3901,0,4,167.967765,168.142335,True,52-18-82-45-46-36-47-7-88-62-11-63-64-49-19-48-8-83-84-17-61-5-60-89|27-69-1-30-20-71-65-35-66-32-90-10-70-31|28-76-50-3-33-81-51-9-34-78-79-29-24-54-72-41-22-74-56-4-25-55-80-68-77-12-26|94-96-92-42-43-15-57-2-73-75-23-67-39-21-40-53-6-97-44-14-38-86-16-99-87-37-98-100-91-85-93-59-95-13-58
15,4,870.2267,1177.6034,329.0,859.1035,0,4,141.188368,141.335663,True,52-18-60-45-46-36-47-82-7-88-31-62-11-63-64-49-19-48-8-83-99-96-6-89-53|27-69-1-50-33-81-51-30-20-65-9-35-71-66-32-90-10-70|28-76-3-79-78-34-29-24-54-72-22-74-56-4-25-55-80-68-77-12-26|97-92-42-43-15-57-2-75-23-67-39-21-40-73-41-87-14-44-38-86-16-61-5-84-17-85-91-100-37-98-93-59-95-94-13-58
16,4,872.4359,1144.3221,373.0,839.0534,0,4,136.196159,136.340517,True,52-18-60-45-46-36-47-82-7-88-62-11-63-64-49-19-48-8-83-99-96-6-89-53|27-69-1-30-20-71-65-35-66-32-90-10-70-31|28-76-50-33-81-51-9-34-78-79-3-29-24-54-72-41-22-74-56-4-25-55-80-68-77-12-26|94-92-42-15-75-23-67-39-73-21-40-97-98-91-44-16-86-38-14-43-57-2-87-59-5-84-17-61-85-93-100-37-95-13-58
17,3,875.8642,636.5944,127.0,871.4235,0,3,60.037003,60.086187,True,18-60-83-45-46-36-48-82-7-88-62-19-11-64-49-47-8-84-5-99-96-6-89-52-31-10-63-90-32-66-35-20-70-1-28|27-69-50-76-3-33-65-71-9-30-51-81-34-78-79-29-24-54-72-41-22-74-56-4-25-55-80-68-77-12-26|94-92-97-42-43-15-57-2-73-75-23-67-39-21-40-53-87-14-44-38-86-17-61-16-91-100-37-98-85-93-59-95-13-58
18,3,876.5597,541.9809,98.0,992.2874,0,3,45.844991,45.895421,True,52-18-83-45-46-36-47-7-88-62-19-11-63-64-49-48-82-8-84-87-57-41-22-74-56-25-55-54-4-21-58-13-97-37-100-93-61-17-5-60-89|27-69-31-30-20-51-33-65-71-9-81-79-3-76-24-29-78-34-35-66-32-90-10-70-1-50-77-68-80-12-26-28|94-95-59-92-42-43-15-75-23-67-39-72-73-40-2-14-44-38-86-16-91-85-98-99-96-6-53
19,3,876.5597,541.9809,98.0,992.2874,0,3,45.844991,45.895421,True,52-18-83-45-46-36-47-7-88-62-19-11-63-64-49-48-82-8-84-87-57-41-22-74-56-25-55-54-4-21-58-13-97-37-100-93-61-17-5-60-89|27-69-31-30-20-51-33-65-71-9-81-79-3-76-24-29-78-34-35-66-32-90-10-70-1-50-77-68-80-12-26-28|94-95-59-92-42-43-15-75-23-67-39-72-73-40-2-14-44-38-86-16-91-85-98-99-96-6-53
20,8,876.9329,3344.2748,288.0,847.9225,0,8,466.189067,466.658798,True,31-88-62-11-64-49-19-7-52|95-92-97-87-13|18-82-48-47-36-46-45-8-83-60-84-5-99-96-6-89|54-39-67-23-56-75-41-22-74-72-73-21-58|27-69-30-51-71-65-66-20-32-90-63-10-70-1-50-77-68-80-12|28-76-3-33-79-78-81-9-35-34-29-24-55-25-4-26|53-40|2-57-15-43-42-14-44-38-86-17-61-16-91-100-37-98-85-93-59-94
21,3,878.3671,494.0331,187.0,980.5484,0,3,38.652819,38.703737,True,52-18-83-45-46-36-47-48-82-7-88-62-63-64-11-19-49-8-84-98-37-87-57-41-22-74-75-56-4-25-55-54-26-58-13-97-93-100-16-61-17-5-60-89|27-69-76-33-65-71-9-20-30-51-81-79-3-24-29-78-34-35-66-32-90-10-31-70-1-50-77-68-80-12-28|94-95-59-92-42-2-73-21-72-39-67-23-15-43-14-38-86-44-91-85-99-96-6-40-53
22,3,878.3671,494.0331,187.0,980.5484,0,3,38.652819,38.703737,True,52-18-83-45-46-36-47-48-82-7-88-62-63-64-11-19-49-8-84-98-37-87-57-41-22-74-75-56-4-25-55-54-26-58-13-97-93-100-16-61-17-5-60-89|27-69-76-33-65-71-9-20-30-51-81-79-3-24-29-78-34-35-66-32-90-10-31-70-1-50-77-68-80-12-28|94-95-59-92-42-2-73-21-72-39-67-23-15-43-14-38-86-44-91-85-99-96-6-40-53
23,3,878.3965,557.6318,113.0,963.83,0,3,48.192621,48.24318,True,52-18-83-45-46-36-47-48-82-7-88-62-11-63-64-19-49-8-84-98-37-87-57-41-22-74-56-4-25-55-54-26-58-13-97-100-93-61-17-5-60-89|27-69-31-30-20-51-33-65-9-81-76-3-79-78-34-35-71-66-32-90-10-70-1-50-77-68-29-24-80-12-28|94-95-92-42-2-21-72-75-23-67-39-73-40-15-43-14-44-38-86-16-91-85-59-99-96-6-53
24,3,878.3965,557.6318,113.0,963.83,0,3,48.192621,48.24318,True,52-18-83-45-46-36-47-48-82-7-88-62-11-63-64-19-49-8-84-98-37-87-57-41-22-74-56-4-25-55-54-26-58-13-97-100-93-61-17-5-60-89|27-69-31-30-20-51-33-65-9-81-76-3-79-78-34-35-71-66-32-90-10-70-1-50-77-68-29-24-80-12-28|94-95-92-42-2-21-72-75-23-67-39-73-40-15-43-14-44-38-86-16-91-85-59-99-96-6-53
25,3,880.1425,513.3941,139.0,967.2834,0,3,41.55696,41.604526,True,52-18-83-45-46-36-47-48-7-88-31-62-11-63-64-49-19-82-8-84-87-57-41-22-74-56-54-24-55-25-4-21-58-13-97-37-100-93-61-17-5-60-89|27-69-30-20-51-33-65-71-9-81-79-3-76-29-78-34-35-66-32-90-10-70-1-50-77-68-80-12-26-28|94-95-59-92-42-43-15-75-23-67-39-72-73-40-2-14-44-38-86-16-91-85-98-99-96-6-53
26,3,880.1425,513.3941,139.0,967.2834,0,3,41.55696,41.604526,True,52-18-83-45-46-36-47-48-7-88-31-62-11-63-64-49-19-82-8-84-87-57-41-22-74-56-54-24-55-25-4-21-58-13-97-37-100-93-61-17-5-60-89|27-69-30-20-51-33-65-71-9-81-79-3-76-29-78-34-35-66-32-90-10-70-1-50-77-68-80-12-26-28|94-95-59-92-42-43-15-75-23-67-39-72-73-40-2-14-44-38-86-16-91-85-98-99-96-6-53
27,4,880.7353,1161.885,360.0,840.3134,0,4,138.830608,138.978979,True,52-18-60-45-46-36-47-82-7-88-62-11-63-64-49-19-48-8-83-99-96-6-89-53|27-69-1-30-20-65-35-71-66-32-90-10-70-31|28-76-50-33-81-51-9-34-78-79-3-29-24-54-72-22-74-75-56-4-25-55-80-68-77-12-26|94-92-42-57-15-23-67-39-73-21-40-97-98-91-44-86-38-14-43-41-2-87-59-5-84-17-61-16-85-93-100-37-95-13-58
28,3,881.7317,726.0129,45.0,950.3153,0,3,73.449784,73.517775,True,52-18-83-45-46-36-47-7-88-62-11-64-49-19-48-82-8-84-87-41-22-74-56-4-25-55-54-26-58-13-97-100-61-17-5-60-89|27-69-1-31-30-20-51-33-65-71-9-81-79-3-76-24-29-78-34-35-66-32-10-63-90-70-50-77-68-80-12-28|94-95-92-98-37-42-43-15-57-2-75-23-67-39-72-73-21-40-53-6-99-91-44-14-38-86-16-85-93-59-96
29,3,882.6873,616.71,158.0,856.6583,0,3,57.054344,57.103477,True,27-52-18-60-45-46-36-47-48-82-7-88-62-19-11-64-49-8-83-84-5-99-96-6-89-31-10-63-90-32-66-71-35-20-70-1-28|69-50-76-33-34-65-9-30-51-81-78-79-3-29-24-54-72-41-22-74-56-4-25-55-80-68-77-12-26|94-92-97-42-43-15-57-2-73-75-23-67-39-21-40-53-87-14-44-38-86-16-17-61-85-91-100-37-98-93-59-95-13-58
30,7,882.7426,2663.5091,228.0,847.9225,0,7,364.074219,364.437278,True,31-88-62-11-64-49-19-7|95-92-97-87-13|52-18-82-48-47-36-46-45-8-83-60-84-5-99-96-6-89|26-54-39-67-23-75-22-41-73-40-53|27-69-30-51-71-65-66-20-32-90-63-10-70-1-50-77-68-80-12|28-76-3-33-79-29-78-81-9-35-34-24-55-25-4-56-74-72-21-58|2-57-42-15-43-14-44-38-86-17-61-16-91-100-37-98-85-93-59-94
31,3,882.8949,606.4847,143.0,856.6583,0,3,55.520554,55.566715,True,27-52-18-60-45-46-36-47-48-82-7-88-62-19-11-64-49-8-83-84-5-99-96-6-89-31-10-63-90-32-66-35-20-70-1-28|69-50-76-3-33-65-71-9-30-51-81-34-78-79-29-24-54-72-41-22-74-56-4-25-55-80-68-77-12-26|94-92-97-42-43-15-57-2-73-75-23-67-39-21-40-53-87-14-44-38-86-16-17-61-85-91-100-37-98-93-59-95-13-58
32,4,883.0541,1173.7239,289.0,850.2127,0,4,140.60644,140.751669,True,52-18-60-45-46-36-47-48-82-7-88-62-19-11-63-64-49-8-83-84-99-96-6-89-53|27-69-31-30-20-71-65-35-66-32-90-10-70-1-50-77-68-80-12|28-76-3-33-81-51-9-34-78-79-29-24-54-72-41-22-74-56-25-55-4-26|94-92-97-42-43-15-57-2-73-75-23-67-39-21-40-87-14-38-44-5-16-86-91-17-61-85-100-37-98-93-59-95-13-58
33,4,885.4937,1165.3048,351.0,839.0534,0,4,139.343572,139.492795,True,18-60-45-46-36-47-82-7-88-62-11-63-64-49-19-48-8-83-99-96-6-89-53|27-69-1-30-20-65-35-71-66-32-90-10-70-31-52|28-76-50-33-51-9-81-34-78-79-3-29-24-54-72-22-74-75-56-4-25-55-80-68-77-12-26|94-92-42-57-15-23-67-39-21-40-97-91-44-16-86-38-14-43-41-73-2-87-59-5-84-17-61-85-93-98-100-37-95-13-58
34,3,887.2914,609.2331,78.0,856.6583,0,3,55.932822,55.974214,True,27-52-18-60-83-45-46-36-47-48-82-7-88-62-19-11-63-64-49-8-84-5-99-96-6-89-53-50-35-71-66-32-90-10-31-70-1|28-69-76-3-33-65-20-30-51-9-81-34-78-79-29-24-54-72-73-41-22-74-75-56-4-25-55-80-68-77-12-26|94-92-97-42-43-15-57-23-67-39-21-40-2-87-14-38-44-16-86-17-61-85-91-100-37-98-93-59-95-13-58
35,3,887.2914,609.2331,78.0,856.6583,0,3,55.932822,55.974214,True,27-52-18-60-83-45-46-36-47-48-82-7-88-62-19-11-63-64-49-8-84-5-99-96-6-89-53-50-35-71-66-32-90-10-31-70-1|28-69-76-3-33-65-20-30-51-9-81-34-78-79-29-24-54-72-73-41-22-74-75-56-4-25-55-80-68-77-12-26|94-92-97-42-43-15-57-23-67-39-21-40-2-87-14-38-44-16-86-17-61-85-91-100-37-98-93-59-95-13-58
36,8,887.6565,3600.8091,325.0,836.9893,0,8,504.669213,505.182701,True,31-88-62-11-64-49-19-7-8-83-60-6|95-97-42-92-99-96-13|52-18-82-48-47-36-46-45-84-17-5-89|54-39-67-23-56-75-41-22-74-72-73-21-58|27-69-1-30-51-71-65-66-20-32-90-63-10-70-50-77-68-80-12|28-76-3-33-79-78-81-9-35-34-29-24-55-25-4-26|53|40-2-87-57-15-43-14-44-38-86-16-61-85-91-100-37-98-93-59-94
37,3,888.1639,593.0863,173.0,858.5951,0,3,53.510795,53.559818,True,27-69-31-52-18-83-45-46-36-47-48-7-88-62-11-63-64-49-19-82-8-84-5-60-6-53-50-35-71-66-32-90-10-70-1|28-3-33-81-51-30-20-65-9-34-78-79-76-29-24-54-72-41-22-74-56-4-25-55-80-68-77-12-26|89-94-92-42-43-15-57-2-73-75-23-67-39-21-40-87-97-96-99-85-44-14-38-86-17-61-16-91-100-37-98-93-59-95-13-58
38,3,888.7884,571.264,127.0,856.6583,0,3,50.237457,50.278503,True,27-52-18-60-83-45-46-36-47-48-82-7-88-62-19-11-63-64-49-8-84-5-99-96-6-89-53-12-68-35-71-66-32-90-10-70-31|28-69-1-50-76-3-33-65-20-30-51-9-81-34-78-79-29-24-54-72-73-41-22-74-75-56-4-25-55-80-77-26|94-92-97-42-43-15-57-23-67-39-21-40-2-87-14-38-44-16-86-17-61-85-91-100-37-98-93-59-95-13-58
39,3,888.7884,571.264,127.0,856.6583,0,3,50.237457,50.278503,True,27-52-18-60-83-45-46-36-47-48-82-7-88-62-19-11-63-64-49-8-84-5-99-96-6-89-53-12-68-35-71-66-32-90-10-70-31|28-69-1-50-76-3-33-65-20-30-51-9-81-34-78-79-29-24-54-72-73-41-22-74-75-56-4-25-55-80-77-26|94-92-97-42-43-15-57-23-67-39-21-40-2-87-14-38-44-16-86-17-61-85-91-100-37-98-93-59-95-13-58
40,3,891.547,496.3577,175.0,990.238,0,3,39.00151,39.056985,True,52-18-83-45-46-36-47-82-7-88-62-11-63-64-49-19-48-8-99-87-57-41-22-74-56-4-25-55-54-26-58-13-37-98-100-91-85-61-17-93-59-89|27-69-31-30-20-51-33-65-71-9-81-79-3-76-24-29-78-34-35-66-32-90-10-70-1-50-77-68-80-12-28|94-95-92-97-42-14-43-15-2-75-23-67-39-72-73-21-40-53-44-38-86-16-84-5-60-96-6
41,8,893.7062,3594.7594,286.0,836.9893,0,8,503.761757,504.272253,True,31-88-62-11-64-49-19-7-8-83-60-6|95-97-92-99-96-87-13|52-18-82-48-47-36-46-45-84-17-5-89|54-39-67-23-56-75-41-22-74-72-73-21-58|27-69-1-30-51-71-65-66-20-32-90-63-10-70-50-77-68-80-12|28-76-3-33-79-78-81-9-35-34-29-24-55-25-4-26|40-53|2-57-42-15-43-14-44-38-86-16-61-85-91-100-37-98-93-59-94
42,3,894.6102,590.6134,113.0,856.6583,0,3,53.139858,53.184153,True,27-52-18-60-45-46-36-47-48-82-7-88-62-19-11-63-64-49-8-83-84-5-99-96-6-89-53-31-10-90-32-66-35-20-70-1|28-69-50-76-3-33-65-71-30-51-9-81-34-78-79-29-24-54-72-41-22-74-56-4-25-55-80-68-77-12-26|94-92-97-42-43-15-57-2-73-75-23-67-39-21-40-87-14-38-44-16-86-17-61-85-91-100-37-98-93-59-95-13-58
43,3,895.4778,509.1496,98.0,969.8711,0,3,40.920292,40.96811,True,52-18-83-45-46-36-47-82-7-88-62-11-63-64-49-19-48-8-84-98-37-87-57-41-74-56-4-25-55-54-58-13-97-93-100-16-61-17-5-60-89|27-69-31-30-20-51-33-65-71-9-81-79-3-76-24-29-78-34-35-66-32-90-10-70-1-50-77-68-80-12-26-28|94-95-59-92-42-15-2-21-72-75-23-67-39-40-73-22-43-14-44-38-86-91-85-99-96-6-53
44,3,895.4778,509.1496,98.0,969.8711,0,3,40.920292,40.96811,True,52-18-83-45-46-36-47-82-7-88-62-11-63-64-49-19-48-8-84-98-37-87-57-41-74-56-4-25-55-54-58-13-97-93-100-16-61-17-5-60-89|27-69-31-30-20-51-33-65-71-9-81-79-3-76-24-29-78-34-35-66-32-90-10-70-1-50-77-68-80-12-26-28|94-95-59-92-42-15-2-21-72-75-23-67-39-40-73-22-43-14-44-38-86-91-85-99-96-6-53
45,3,896.0614,561.5336,97.0,969.3347,0,3,48.777889,48.833559,True,52-18-83-45-46-36-47-82-7-88-62-11-63-64-49-19-48-8-84-98-37-87-57-41-74-56-4-25-55-26-58-13-97-93-100-16-61-17-5-60-89|27-69-31-30-20-51-33-65-9-81-76-3-79-78-34-35-71-66-32-90-10-70-1-50-77-68-80-29-24-54-12-28|94-95-59-92-42-15-2-21-72-75-23-67-39-40-73-22-43-14-44-38-86-91-85-99-96-6-53
46,3,896.0614,561.5336,97.0,969.3347,0,3,48.777889,48.833559,True,52-18-83-45-46-36-47-82-7-88-62-11-63-64-49-19-48-8-84-98-37-87-57-41-74-56-4-25-55-26-58-13-97-93-100-16-61-17-5-60-89|27-69-31-30-20-51-33-65-9-81-76-3-79-78-34-35-71-66-32-90-10-70-1-50-77-68-80-29-24-54-12-28|94-95-59-92-42-15-2-21-72-75-23-67-39-40-73-22-43-14-44-38-86-91-85-99-96-6-53
47,3,897.9169,533.1016,139.0,964.8765,0,3,44.513096,44.56859,True,52-18-83-45-46-36-47-82-7-88-62-19-11-63-64-49-48-8-84-5-37-87-57-22-74-56-4-25-55-54-26-58-13-97-59-93-100-61-17-60-89|27-69-31-30-20-51-33-65-9-81-76-3-79-78-34-35-71-66-32-90-10-70-1-50-77-68-29-24-80-12-28|94-95-92-98-16-86-42-2-73-72-75-23-67-39-21-40-41-15-43-44-38-14-91-85-99-96-6-53
48,3,897.9169,533.1016,139.0,964.8765,0,3,44.513096,44.56859,True,52-18-83-45-46-36-47-82-7-88-62-19-11-63-64-49-48-8-84-5-37-87-57-22-74-56-4-25-55-54-26-58-13-97-59-93-100-61-17-60-89|27-69-31-30-20-51-33-65-9-81-76-3-79-78-34-35-71-66-32-90-10-70-1-50-77-68-29-24-80-12-28|94-95-92-98-16-86-42-2-73-72-75-23-67-39-21-40-41-15-43-44-38-14-91-85-99-96-6-53
49,3,899.5411,576.6014,194.0,846.5681,0,3,51.038057,51.088316,True,27-69-52-18-45-46-36-47-82-7-88-62-19-11-63-64-49-48-8-83-60-99-96-6-89-53-68-35-71-66-32-90-10-31-70-1|28-50-76-3-33-65-20-30-51-9-81-34-78-79-29-24-54-72-41-22-74-56-4-25-55-80-77-12-26|94-92-97-42-43-15-57-75-23-67-39-73-21-40-2-87-14-44-38-86-16-61-5-84-17-85-91-100-37-98-93-59-95-13-58
50,3,899.7015,445.4396,443.0,990.8205,0,3,31.36379,31.440961,True,89-96-59-92-98-16-86-45-46-36-47-48-82-7-88-62-19-11-63-64-49-8-83-84-99-6-94-95-87-2-73-74-56-54-55-25-4-58-13-97-37-100-91-85-93-61-17-5-60-18-52|27-69-33-51-30-20-65-71-9-81-79-3-76-24-29-78-34-35-66-32-90-10-31-70-1-50-77-68-80-12-28|26-39-23-75-57-42-14-44-38-43-15-41-22-67-72-21-40-53
51,3,900.3742,559.9387,184.0,846.5681,0,3,48.538659,48.585669,True,27-69-52-18-45-46-36-47-82-7-88-62-19-11-63-64-49-48-8-83-60-99-96-6-89-53-68-35-71-66-32-90-10-70-31|28-1-50-76-3-33-65-20-30-51-9-81-34-78-79-29-24-54-72-41-22-74-56-4-25-55-80-77-12-26|94-92-97-42-43-15-57-75-23-67-39-73-21-40-2-87-14-44-38-86-16-61-5-84-17-85-91-100-37-98-93-59-95-13-58
52,3,900.3742,559.9387,184.0,846.5681,0,3,48.538659,48.585669,True,27-69-52-18-45-46-36-47-82-7-88-62-19-11-63-64-49-48-8-83-60-99-96-6-89-53-68-35-71-66-32-90-10-70-31|28-1-50-76-3-33-65-20-30-51-9-81-34-78-79-29-24-54-72-41-22-74-56-4-25-55-80-77-12-26|94-92-97-42-43-15-57-75-23-67-39-73-21-40-2-87-14-44-38-86-16-61-5-84-17-85-91-100-37-98-93-59-95-13-58
53,3,900.8578,410.6205,257.0,972.6362,0,3,26.140923,26.191891,True,52-18-83-45-46-36-47-82-7-88-31-62-11-63-64-49-19-48-8-84-87-57-41-22-75-56-74-72-54-24-55-25-4-21-58-13-97-37-100-98-93-61-17-5-60-89|27-69-30-20-51-33-65-9-81-79-3-76-53-40-26-29-78-34-35-71-66-32-90-10-70-1-50-77-68-80-12-28|94-95-59-92-85-91-42-2-73-39-67-23-15-43-14-44-38-86-16-99-96-6
54,3,900.8578,410.6205,257.0,972.6362,0,3,26.140923,26.191891,True,52-18-83-45-46-36-47-82-7-88-31-62-11-63-64-49-19-48-8-84-87-57-41-22-75-56-74-72-54-24-55-25-4-21-58-13-97-37-100-98-93-61-17-5-60-89|27-69-30-20-51-33-65-9-81-79-3-76-53-40-26-29-78-34-35-71-66-32-90-10-70-1-50-77-68-80-12-28|94-95-59-92-85-91-42-2-73-39-67-23-15-43-14-44-38-86-16-99-96-6
55,3,902.5629,555.032,131.0,969.3347,0,3,47.802657,47.862702,True,52-18-83-45-46-36-47-82-7-88-31-62-11-63-64-49-19-48-8-84-98-37-87-57-41-74-56-4-25-55-26-58-13-97-93-100-16-61-17-5-60-89|27-69-76-33-51-65-20-30-9-81-3-79-78-34-35-71-66-32-90-10-70-1-50-77-68-80-29-24-54-12-28|94-95-59-92-42-15-2-21-72-75-23-67-39-40-73-22-43-14-44-38-86-91-85-99-96-6-53
56,3,903.607,605.0483,106.0,870.7744,0,3,55.305098,55.355675,True,52-18-60-45-46-36-47-82-7-88-31-62-11-63-64-49-19-48-8-83-99-96-6-89-53-21-72-74-56-4-25-55-54-26|27-69-76-33-51-65-9-20-30-94-40-24-29-3-79-81-78-34-35-71-66-32-90-10-70-1-50-77-68-80-12-28|97-92-42-43-15-57-2-73-39-67-23-75-22-41-87-44-14-38-86-16-61-5-84-17-85-91-100-37-98-93-59-95-13-58
57,3,903.7249,464.3136,244.0,974.1417,0,3,34.194895,34.253702,True,52-18-83-45-46-36-47-48-7-88-62-11-63-64-49-19-82-8-84-59-87-57-41-75-56-74-72-21-4-25-55-54-26-58-13-97-37-100-93-61-17-5-60-89|27-69-31-30-20-51-33-65-71-9-81-79-3-76-53-40-24-29-78-34-35-66-32-90-10-70-1-50-77-68-80-12-28|94-95-92-98-85-91-44-42-15-73-39-67-23-22-2-43-14-38-86-16-99-96-6
58,3,903.7249,464.3136,244.0,974.1417,0,3,34.194895,34.253702,True,52-18-83-45-46-36-47-48-7-88-62-11-63-64-49-19-82-8-84-59-87-57-41-75-56-74-72-21-4-25-55-54-26-58-13-97-37-100-93-61-17-5-60-89|27-69-31-30-20-51-33-65-71-9-81-79-3-76-53-40-24-29-78-34-35-66-32-90-10-70-1-50-77-68-80-12-28|94-95-92-98-85-91-44-42-15-73-39-67-23-22-2-43-14-38-86-16-99-96-6
59,3,904.4451,565.1148,152.0,859.1035,0,3,49.315067,49.362755,True,27-52-18-60-45-46-36-47-82-7-88-31-62-11-63-64-49-19-48-8-83-99-96-6-89-53-35-71-66-32-90-10-70|28-69-1-50-76-33-81-65-20-30-51-9-34-78-79-3-29-24-54-72-22-74-56-4-25-55-80-68-77-12-26|97-92-42-43-15-57-2-75-23-67-39-21-40-73-41-87-14-44-38-86-16-61-5-84-17-85-91-100-37-98-93-59-95-94-13-58
60,3,907.8432,590.3937,85.0,870.7744,0,3,53.1069,53.154449,True,52-18-60-45-46-36-47-82-7-88-31-62-11-63-64-49-19-48-8-83-99-96-6-89-53-21-72-74-56-4-25-55-54|27-69-33-51-65-20-30-76-94-97-87-40-26-24-29-3-79-78-34-81-9-35-71-66-32-90-10-70-1-50-77-68-80-12-28|92-42-43-15-57-2-73-39-67-23-75-22-41-14-44-38-86-16-61-5-84-17-85-91-100-37-98-93-59-95-13-58
61,8,907.9894,3593.4036,258.0,826.7597,0,8,503.558387,504.06863,True,31-88-62-11-64-49-19-7-82-8-83-60-6|95-97-92-59-99-96-87-13|52-18-48-47-36-46-45-84-17-5-89|27-69-12-54-39-67-23-56-75-41-22-74-72-73-21-58|1-30-51-71-65-66-20-32-90-63-10-70-50-77-68-80|28-76-3-33-79-78-81-9-35-34-29-24-55-25-4-26|53-40|2-57-42-15-43-14-44-38-86-16-61-85-91-100-37-98-93-94
62,3,909.6196,487.6795,131.0,967.2862,0,3,37.699781,37.751533,True,52-18-83-45-46-36-47-48-7-88-31-62-11-63-64-49-19-82-8-84-97-87-57-41-74-56-54-24-55-25-4-21-58-13-37-100-98-93-61-17-5-60-89|27-69-30-20-51-33-65-9-81-79-3-76-29-78-34-35-71-66-32-90-10-70-1-50-77-68-80-12-26-28|94-95-59-92-42-14-43-15-2-75-23-67-39-72-40-73-22-44-38-86-16-91-85-99-96-6-53
63,4,911.09,1113.6941,395.0,840.3134,0,4,131.601967,131.755717,True,52-18-60-45-46-36-47-82-7-88-31-62-11-64-49-19-48-8-83-99-96-6-89-53|27-69-1-30-90-32-20-65-35-71-66-63-10-70|28-50-76-33-81-51-9-34-78-79-3-29-24-54-72-22-74-56-4-25-55-80-68-77-12-26|94-92-42-15-57-75-23-67-39-21-40-98-91-44-86-38-14-43-41-73-2-87-97-59-5-84-17-61-16-85-93-100-37-95-13-58
64,3,911.6085,585.4083,126.0,856.6583,0,3,52.3591,52.409014,True,27-52-18-60-45-46-36-47-48-82-7-88-62-19-11-90-63-64-49-8-83-84-5-99-96-6-89-53-31-10-32-20-35-66-70-1-50|28-69-76-3-33-65-71-30-51-9-81-34-78-79-29-24-54-72-41-22-74-56-4-25-55-80-68-77-12-26|94-92-97-42-43-15-57-2-73-75-23-67-39-21-40-87-14-38-44-16-86-17-61-85-91-100-37-98-93-59-95-13-58
65,3,911.7021,546.7778,81.0,993.7545,0,3,46.564514,46.624726,True,52-18-83-45-46-36-47-7-88-62-11-63-64-49-19-48-82-8-84-87-57-41-74-56-4-55-25-24-80-12-58-13-97-93-100-16-61-17-5-60-89|27-69-31-30-20-33-81-65-9-51-76-3-79-78-34-35-71-66-32-90-10-70-1-50-77-68-29-54-26-28|94-95-59-92-98-37-14-42-2-72-75-23-67-39-21-40-73-22-15-43-44-38-86-91-85-99-96-6-53
66,3,911.7021,546.7778,81.0,993.7545,0,3,46.564514,46.624726,True,52-18-83-45-46-36-47-7-88-62-11-63-64-49-19-48-82-8-84-87-57-41-74-56-4-55-25-24-80-12-58-13-97-93-100-16-61-17-5-60-89|27-69-31-30-20-33-81-65-9-51-76-3-79-78-34-35-71-66-32-90-10-70-1-50-77-68-29-54-26-28|94-95-59-92-98-37-14-42-2-72-75-23-67-39-21-40-73-22-15-43-44-38-86-91-85-99-96-6-53
67,3,912.6788,487.2043,121.0,967.2834,0,3,37.628492,37.680091,True,52-18-83-45-46-36-47-7-88-31-62-11-63-64-49-19-48-82-8-84-87-57-41-74-56-54-24-55-25-4-21-58-13-97-37-100-93-61-17-5-60-89|27-69-30-20-51-33-65-71-9-81-79-3-76-29-78-34-35-66-32-90-10-70-1-50-77-68-80-12-26-28|94-95-59-92-42-14-43-15-2-75-23-67-39-72-40-73-22-44-38-86-16-91-85-98-99-96-6-53
68,3,912.6788,487.2043,121.0,967.2834,0,3,37.628492,37.680091,True,52-18-83-45-46-36-47-7-88-31-62-11-63-64-49-19-48-82-8-84-87-57-41-74-56-54-24-55-25-4-21-58-13-97-37-100-93-61-17-5-60-89|27-69-30-20-51-33-65-71-9-81-79-3-76-29-78-34-35-66-32-90-10-70-1-50-77-68-80-12-26-28|94-95-59-92-42-14-43-15-2-75-23-67-39-72-40-73-22-44-38-86-16-91-85-98-99-96-6-53
69,3,913.8736,522.5299,138.0,840.8462,0,3,42.927342,42.967332,True,27-52-18-60-45-46-36-47-82-7-88-62-11-63-64-49-19-48-8-83-99-96-6-89-53-50-35-71-66-32-90-10-70-1|28-26-12-3-33-81-51-65-20-30-31-69-76-9-34-78-79-29-24-54-72-41-22-74-56-4-25-55-80-68-77|95-92-42-43-15-57-2-73-75-23-67-39-21-40-87-97-91-44-14-38-86-16-61-5-84-17-85-100-37-98-93-59-94-13-58
70,3,913.8736,522.5299,138.0,840.8462,0,3,42.927342,42.967332,True,27-52-18-60-45-46-36-47-82-7-88-62-11-63-64-49-19-48-8-83-99-96-6-89-53-50-35-71-66-32-90-10-70-1|28-26-12-3-33-81-51-65-20-30-31-69-76-9-34-78-79-29-24-54-72-41-22-74-56-4-25-55-80-68-77|95-92-42-43-15-57-2-73-75-23-67-39-21-40-87-97-91-44-14-38-86-16-61-5-84-17-85-100-37-98-93-59-94-13-58
71,3,914.4988,485.8284,200.0,975.327,0,3,37.422113,37.483158,True,52-18-60-83-45-46-36-47-7-88-62-19-11-63-64-49-48-82-8-84-98-87-22-74-75-56-4-25-55-54-58-13-97-100-93-61-16-86-17-5-89|27-69-50-76-33-65-20-30-51-9-81-3-26-24-29-79-78-34-35-71-66-32-90-10-31-70-1-77-68-80-12-28|94-95-59-92-37-42-43-15-57-2-73-21-72-39-67-23-41-14-44-38-91-85-99-96-6-40-53
72,3,915.3041,478.7987,110.0,988.5262,0,3,36.367656,36.420868,True,27-69-52-18-83-45-46-36-47-82-7-88-62-11-63-64-49-48-8-84-98-37-87-41-22-74-56-4-25-55-24-54-26-58-13-93-100-91-61-17-5-60-89|76-3-33-65-71-20-19-30-51-9-81-79-29-78-34-35-66-32-90-10-31-70-1-50-77-68-80-12-28|94-95-59-92-97-42-57-2-73-21-72-39-67-23-75-15-43-14-44-38-86-16-85-99-96-6-40-53
73,3,915.3041,478.7987,110.0,988.5262,0,3,36.367656,36.420868,True,27-69-52-18-83-45-46-36-47-82-7-88-62-11-63-64-49-48-8-84-98-37-87-41-22-74-56-4-25-55-24-54-26-58-13-93-100-91-61-17-5-60-89|76-3-33-65-71-20-19-30-51-9-81-79-29-78-34-35-66-32-90-10-31-70-1-50-77-68-80-12-28|94-95-59-92-97-42-57-2-73-21-72-39-67-23-75-15-43-14-44-38-86-16-85-99-96-6-40-53
74,3,915.5998,474.7973,165.0,986.3157,0,3,35.767444,35.825312,True,52-18-83-45-46-36-47-82-7-88-31-62-11-63-64-49-19-48-8-84-98-87-57-41-74-56-54-24-55-25-4-21-26-58-13-97-37-100-93-61-17-5-60-89|27-69-30-20-51-33-65-71-9-81-79-3-76-29-78-34-35-66-32-90-10-70-1-50-77-68-80-12-28|94-95-59-92-42-14-43-15-2-75-23-67-39-72-40-73-22-44-38-86-16-91-85-99-96-6-53
75,3,917.3972,513.6214,130.0,964.8765,0,3,41.591053,41.648569,True,52-18-83-45-46-36-47-82-7-62-19-11-63-64-49-48-8-84-5-37-87-57-22-74-56-4-25-55-54-26-58-13-97-59-93-100-61-17-60-89|27-69-33-51-31-88-30-20-65-9-81-76-3-79-78-34-35-71-66-32-90-10-70-1-50-77-68-29-24-80-12-28|94-95-92-98-16-86-42-2-73-72-75-23-67-39-21-40-41-15-43-44-38-14-91-85-99-96-6-53
76,3,917.3972,513.6214,130.0,964.8765,0,3,41.591053,41.648569,True,52-18-83-45-46-36-47-82-7-62-19-11-63-64-49-48-8-84-5-37-87-57-22-74-56-4-25-55-54-26-58-13-97-59-93-100-61-17-60-89|27-69-33-51-31-88-30-20-65-9-81-76-3-79-78-34-35-71-66-32-90-10-70-1-50-77-68-29-24-80-12-28|94-95-92-98-16-86-42-2-73-72-75-23-67-39-21-40-41-15-43-44-38-14-91-85-99-96-6-53
77,3,918.4059,548.9677,97.0,970.5581,0,3,46.892999,46.953671,True,52-18-83-45-46-36-47-82-7-88-62-11-63-64-49-19-48-8-84-98-37-87-57-41-74-56-55-25-4-26-58-13-97-93-100-16-61-17-5-60-89|27-69-1-33-30-20-65-9-51-81-76-3-79-78-34-35-71-66-32-90-10-31-70-50-77-68-29-24-54-80-12-28|94-95-59-92-2-42-15-21-72-75-23-67-39-40-73-22-43-14-44-38-86-91-85-99-96-6-53
78,3,919.4218,491.1781,113.0,976.4426,0,3,38.224566,38.279357,True,52-18-82-83-45-46-36-47-7-88-62-11-63-64-49-19-48-8-84-5-6-87-41-74-75-56-54-24-55-25-4-21-58-13-97-37-100-98-93-61-17-60-89|27-69-76-33-65-71-9-20-30-51-81-79-3-29-78-34-35-66-32-90-10-31-70-1-50-77-68-80-12-26-28|94-95-59-92-42-15-57-2-73-72-39-67-23-43-14-44-38-86-16-91-85-99-96-22-40-53
79,4,921.5306,1093.5371,405.0,836.6918,0,4,128.578418,128.732732,True,52-18-60-45-46-36-47-82-7-88-31-62-11-63-64-49-19-48-8-83-99-96-6-89-53|27-69-1-30-20-65-35-71-66-32-90-10-70|28-12-76-50-3-33-9-51-81-34-78-79-29-24-54-72-22-74-56-4-25-55-80-68-77-26|95-92-42-43-15-57-2-75-23-67-39-21-40-97-44-38-14-41-73-87-37-16-86-61-5-84-17-85-91-100-98-93-59-94-13-58
80,3,921.9745,492.9008,164.0,967.1395,0,3,38.482968,38.542488,True,52-18-60-83-45-46-36-47-7-88-31-62-11-64-49-19-48-82-8-84-87-57-41-74-56-54-24-55-25-4-21-58-13-97-37-100-85-93-61-17-5-89|27-69-1-30-20-51-33-65-71-9-81-79-3-76-29-78-34-35-66-32-10-63-90-70-50-77-68-80-12-26-28|94-95-92-42-14-43-15-2-75-23-67-39-72-40-73-22-44-38-86-16-91-98-59-99-96-6-53
81,3,923.752,504.1277,98.0,989.2175,0,3,40.166999,40.225448,True,54-52-18-83-45-46-36-47-82-7-88-62-11-63-64-49-19-48-8-84-87-57-41-22-74-56-4-25-55-24-26-58-13-97-93-98-100-91-17-5-60-89|27-69-76-33-65-71-9-20-30-51-81-79-3-29-78-34-35-66-32-90-10-31-70-1-50-77-68-80-12-28|94-95-59-92-37-42-2-72-75-23-67-39-21-40-73-15-43-14-44-38-86-16-61-85-99-96-6-53
82,3,925.1382,471.5807,181.0,989.4534,0,3,35.284959,35.347277,True,52-18-59-83-45-46-36-47-7-88-31-62-11-63-64-49-19-48-82-8-84-87-2-41-74-56-54-24-55-25-4-21-26-58-13-96-93-100-91-16-17-5-60-89|27-69-30-20-51-33-65-71-9-81-79-3-76-29-78-34-35-66-32-90-10-70-1-50-77-68-80-12-28|94-95-97-92-37-98-85-61-14-42-57-73-72-39-67-23-75-22-15-43-44-38-86-99-6-40-53
83,3,926.952,446.2158,311.0,972.2506,0,3,31.480216,31.549693,True,52-18-96-92-37-91-14-86-45-46-36-47-7-88-62-19-11-63-64-49-48-82-8-83-84-5-6-94-2-74-56-25-55-4-21-58-13-95-59-93-98-100-85-17-60-89|27-69-31-30-20-51-33-65-71-9-81-79-3-76-54-24-29-78-34-35-66-32-90-10-70-1-50-77-68-80-12-28|26-39-23-15-42-43-38-44-16-61-99-97-87-57-41-22-75-67-72-73-40-53
84,3,928.0336,460.7081,180.0,962.9676,0,3,33.654067,33.71155,True,26-54-69-31-52-18-83-45-46-36-47-7-88-62-11-63-64-49-19-48-82-8-84-87-2-41-74-56-55-25-4-58-13-97-59-93-98-100-61-17-5-60-89|27-76-3-33-65-71-9-20-30-51-81-79-24-29-78-34-35-66-32-90-10-70-1-50-77-68-80-12-28|94-95-92-37-42-43-15-72-75-23-67-39-21-40-73-22-57-14-44-38-86-16-91-85-99-96-6-53
85,3,928.0336,460.7081,180.0,962.9676,0,3,33.654067,33.71155,True,26-54-69-31-52-18-83-45-46-36-47-7-88-62-11-63-64-49-19-48-82-8-84-87-2-41-74-56-55-25-4-58-13-97-59-93-98-100-61-17-5-60-89|27-76-3-33-65-71-9-20-30-51-81-79-24-29-78-34-35-66-32-90-10-70-1-50-77-68-80-12-28|94-95-92-37-42-43-15-72-75-23-67-39-21-40-73-22-57-14-44-38-86-16-91-85-99-96-6-53
86,3,928.3769,544.3032,125.0,858.5951,0,3,46.193337,46.242306,True,27-52-18-83-45-46-36-47-48-7-88-62-11-63-64-49-19-82-8-84-5-60-6-89-53-50-35-71-66-32-90-10-70-1|28-12-3-81-51-33-76-65-20-30-31-69-9-34-78-79-29-24-54-72-41-22-74-56-4-25-55-80-68-77-26|94-92-42-43-15-57-2-73-75-23-67-39-21-40-87-97-96-99-85-44-14-38-86-17-61-16-91-100-37-98-93-59-95-13-58
87,3,928.3769,544.3032,125.0,858.5951,0,3,46.193337,46.242306,True,27-52-18-83-45-46-36-47-48-7-88-62-11-63-64-49-19-82-8-84-5-60-6-89-53-50-35-71-66-32-90-10-70-1|28-12-3-81-51-33-76-65-20-30-31-69-9-34-78-79-29-24-54-72-41-22-74-56-4-25-55-80-68-77-26|94-92-42-43-15-57-2-73-75-23-67-39-21-40-87-97-96-99-85-44-14-38-86-17-61-16-91-100-37-98-93-59-95-13-58
88,3,930.1383,540.7612,125.0,858.5951,0,3,45.662026,45.710992,True,27-52-18-60-83-45-46-36-47-48-7-88-62-11-63-64-49-19-82-8-84-5-6-89-53-50-35-71-66-32-90-10-70-1|28-12-3-51-81-33-76-65-20-30-31-69-9-34-78-79-29-24-54-72-41-22-74-56-4-25-55-80-68-77-26|94-92-42-43-15-57-2-73-75-23-67-39-21-40-87-97-96-99-85-44-14-38-86-17-61-16-91-100-37-98-93-59-95-13-58
89,3,930.514,471.4463,134.0,991.1498,0,3,35.264799,35.324264,True,54-69-52-18-83-45-46-36-47-82-7-88-62-11-63-64-49-19-48-8-84-97-87-41-22-74-56-4-25-55-24-26-58-13-93-98-100-16-61-17-5-60-89|27-76-33-20-65-71-9-30-51-81-79-3-29-78-34-35-66-32-90-10-31-70-1-50-77-68-80-12-28|94-95-59-92-37-42-15-57-73-72-75-23-67-39-21-40-2-43-14-44-38-86-91-85-99-96-6-53
90,3,930.777,543.5918,95.0,989.5151,0,3,46.086615,46.152836,True,52-18-83-45-46-82-7-62-11-63-64-47-36-49-19-88-48-8-84-87-41-74-56-4-25-55-54-26-58-13-97-93-100-14-16-17-5-60-89|27-69-31-30-20-51-33-65-9-81-76-3-79-78-34-35-71-66-32-90-10-70-1-50-77-68-29-24-80-12-28|94-95-92-61-98-37-42-57-2-21-72-75-23-67-39-40-73-22-15-43-44-38-86-91-85-99-59-96-6-53
91,3,930.777,543.5918,95.0,989.5151,0,3,46.086615,46.152836,True,52-18-83-45-46-82-7-62-11-63-64-47-36-49-19-88-48-8-84-87-41-74-56-4-25-55-54-26-58-13-97-93-100-14-16-17-5-60-89|27-69-31-30-20-51-33-65-9-81-76-3-79-78-34-35-71-66-32-90-10-70-1-50-77-68-29-24-80-12-28|94-95-92-61-98-37-42-57-2-21-72-75-23-67-39-40-73-22-15-43-44-38-86-91-85-99-59-96-6-53
92,3,930.8382,484.1125,155.0,986.3157,0,3,37.164724,37.227561,True,52-18-83-45-46-36-47-7-88-31-62-11-63-64-49-19-48-82-8-84-87-57-41-74-56-54-24-55-25-4-21-26-58-13-97-37-100-93-61-17-5-60-89|94-95-59-92-42-14-43-15-2-75-23-67-39-72-40-73-22-44-38-86-16-91-85-98-99-96-6-53|27-69-76-33-81-65-34-78-29-79-9-51-30-66-71-35-20-32-90-10-70-1-50-3-77-68-80-12-28
93,3,933.5498,477.2533,157.0,976.3994,0,3,36.135839,36.197173,True,24-29-69-52-18-83-45-46-36-47-82-7-88-62-11-63-64-49-19-48-8-84-59-97-87-57-41-74-56-4-25-55-54-26-58-13-93-98-100-91-16-17-5-60-89|94-95-92-37-42-15-2-21-72-75-23-67-39-40-73-22-43-14-44-38-86-61-85-99-96-6-53|27-76-3-33-65-34-78-79-81-9-51-30-66-71-35-20-32-90-10-31-70-1-50-77-68-80-12-28
94,3,933.7647,411.265,333.0,954.2651,0,3,26.237602,26.303382,True,52-18-5-96-59-92-98-85-86-45-46-36-47-19-7-88-62-11-63-64-49-48-82-8-60-99-61-84-6-94-2-73-74-56-25-55-4-58-13-95-93-100-91-16-17-83-89|27-69-31-30-20-51-33-65-9-81-79-3-76-54-24-29-78-34-35-71-66-32-90-10-70-1-50-77-68-80-12-28|26-39-23-15-43-42-14-38-44-37-97-87-57-41-22-75-67-72-21-40-53
95,3,933.7647,411.265,333.0,954.2651,0,3,26.237602,26.303382,True,52-18-5-96-59-92-98-85-86-45-46-36-47-19-7-88-62-11-63-64-49-48-82-8-60-99-61-84-6-94-2-73-74-56-25-55-4-58-13-95-93-100-91-16-17-83-89|27-69-31-30-20-51-33-65-9-81-79-3-76-54-24-29-78-34-35-71-66-32-90-10-70-1-50-77-68-80-12-28|26-39-23-15-43-42-14-38-44-37-97-87-57-41-22-75-67-72-21-40-53
96,3,934.5615,574.0938,88.0,870.7744,0,3,50.661926,50.715346,True,52-18-60-45-46-36-47-82-7-88-31-62-11-63-64-49-19-48-8-83-99-96-6-89-53-21-73-72-74-56-4-25-55-54-26|27-69-51-20-30-65-33-76-94-40-24-29-3-79-81-9-78-34-35-71-66-32-90-10-70-1-50-77-68-80-12-28|97-92-42-43-44-15-57-2-39-67-23-75-22-41-87-14-38-86-16-61-5-84-17-85-91-100-37-98-93-59-95-13-58
97,3,935.4538,434.428,239.0,962.2348,0,3,29.712052,29.773609,True,52-18-96-16-86-45-46-36-47-48-7-88-62-19-11-63-64-49-82-8-83-84-6-94-95-87-57-2-74-56-25-55-4-58-13-97-37-100-93-61-17-5-60-89|27-69-31-30-20-51-33-65-71-9-81-79-3-76-54-24-29-78-34-35-66-32-90-10-70-1-50-77-68-80-12-28|26-21-75-39-23-15-42-14-92-59-99-98-85-91-44-38-43-41-22-67-72-73-40-53
98,3,935.4538,434.428,239.0,962.2348,0,3,29.712052,29.773609,True,52-18-96-16-86-45-46-36-47-48-7-88-62-19-11-63-64-49-82-8-83-84-6-94-95-87-57-2-74-56-25-55-4-58-13-97-37-100-93-61-17-5-60-89|27-69-31-30-20-51-33-65-71-9-81-79-3-76-54-24-29-78-34-35-66-32-90-10-70-1-50-77-68-80-12-28|26-21-75-39-23-15-42-14-92-59-99-98-85-91-44-38-43-41-22-67-72-73-40-53
99,3,935.6222,541.8316,97.0,986.9163,0,3,45.822589,45.88981,True,52-18-83-45-46-36-47-82-7-88-62-11-63-64-49-19-48-8-84-98-37-87-57-41-74-56-4-25-55-58-26-13-97-93-100-16-61-17-5-60-89|27-69-31-30-20-51-33-65-9-81-76-3-79-78-34-35-71-66-32-90-10-70-1-50-77-68-29-24-54-80-12-28|94-95-59-42-92-15-2-21-72-75-23-67-39-40-73-22-43-14-44-38-86-91-85-99-96-6-53
100,3,935.8685,400.3354,335.0,965.1569,0,3,24.598168,24.664774,True,52-18-5-96-59-92-37-86-45-46-36-47-19-7-88-62-11-63-64-49-48-82-8-60-99-98-85-61-84-6-94-2-74-56-25-55-4-21-58-13-95-93-100-91-16-17-83-89|27-69-31-30-20-51-33-65-71-9-81-79-3-76-24-29-78-34-35-66-32-90-10-70-1-50-77-68-80-12-28|26-54-39-23-15-43-42-14-38-44-97-87-57-41-22-75-67-72-73-40-53
101,3,936.2539,398.2944,353.0,963.5012,0,3,24.292017,24.359984,True,52-18-5-96-59-92-37-86-45-46-36-47-48-7-88-62-19-11-63-64-49-82-8-83-60-99-85-61-84-6-94-2-74-56-25-55-4-21-58-13-95-93-98-100-91-16-17-89|27-69-31-30-20-51-33-65-71-9-81-79-3-76-54-24-29-78-34-35-66-32-90-10-70-1-50-77-68-80-12-28|26-39-23-15-43-42-14-38-44-97-87-57-41-22-75-67-72-73-40-53
102,3,936.3702,485.5234,115.0,987.5103,0,3,37.376356,37.437243,True,52-18-83-45-46-36-47-82-7-88-62-19-11-63-64-49-48-8-84-98-37-87-57-22-74-56-4-25-55-24-54-26-58-13-97-100-93-61-17-5-60-89|27-69-76-33-65-71-9-20-30-51-81-3-40-29-79-78-34-35-66-32-90-10-31-70-1-50-77-68-80-12-28|94-95-92-59-16-42-15-2-73-21-72-39-67-23-75-41-43-14-44-38-86-91-85-99-96-6-53
103,3,936.6269,514.1429,152.0,840.3134,0,3,41.669279,41.716157,True,27-52-18-60-45-46-36-47-82-7-88-31-62-11-63-64-49-19-48-8-83-99-96-6-89-53-35-71-66-32-90-10-70|28-69-1-50-76-33-65-20-30-51-9-81-34-78-79-3-29-24-54-72-22-74-56-4-25-55-80-68-77-12-26|94-92-42-15-57-75-23-67-39-21-40-97-98-91-44-86-38-14-43-41-73-2-87-59-5-84-17-61-16-85-93-100-37-95-13-58
104,3,937.0025,403.5459,315.0,978.7373,0,3,25.079729,25.147194,True,89-5-92-98-86-45-46-36-47-7-88-62-19-11-63-64-49-48-82-8-60-99-85-61-84-96-6-94-2-73-74-56-25-55-4-58-13-95-59-93-100-91-16-17-83-18-52|27-69-1-33-30-20-65-71-9-51-81-79-3-76-24-29-78-34-35-66-32-90-10-31-70-50-77-68-80-12-28|26-54-39-75-57-15-43-42-14-38-44-37-97-87-41-22-23-67-72-21-40-53
105,3,937.9403,526.8108,105.0,869.1937,0,3,43.569477,43.618281,True,27-52-18-60-83-45-46-36-47-48-82-7-88-62-19-11-63-64-49-8-84-5-99-96-6-89-53-50-35-71-66-32-90-10-70-1|28-26-12-34-33-81-3-76-65-20-30-31-69-51-9-78-79-29-24-54-72-41-22-74-56-4-25-55-80-68-77|92-42-43-15-57-2-73-75-23-67-39-21-40-87-97-14-38-44-16-86-17-61-85-91-100-37-98-93-59-95-94-13-58
106,3,937.9403,526.8108,105.0,869.1937,0,3,43.569477,43.618281,True,27-52-18-60-83-45-46-36-47-48-82-7-88-62-19-11-63-64-49-8-84-5-99-96-6-89-53-50-35-71-66-32-90-10-70-1|28-26-12-34-33-81-3-76-65-20-30-31-69-51-9-78-79-29-24-54-72-41-22-74-56-4-25-55-80-68-77|92-42-43-15-57-2-73-75-23-67-39-21-40-87-97-14-38-44-16-86-17-61-85-91-100-37-98-93-59-95-94-13-58
107,3,938.0077,449.897,175.0,990.238,0,3,32.032403,32.094847,True,52-18-83-45-46-36-47-82-7-11-88-63-64-62-49-19-48-8-99-87-57-41-22-74-56-4-25-55-54-26-58-13-37-98-100-91-85-61-17-93-59-89|27-69-31-30-20-51-33-65-71-9-81-79-3-76-24-29-78-34-35-66-32-90-10-70-1-50-77-68-80-12-28|94-95-92-97-42-14-43-15-2-75-23-67-39-72-73-21-40-53-44-38-86-16-84-5-60-96-6
108,3,938.0077,449.897,175.0,990.238,0,3,32.032403,32.094847,True,52-18-83-45-46-36-47-82-7-11-88-63-64-62-49-19-48-8-99-87-57-41-22-74-56-4-25-55-54-26-58-13-37-98-100-91-85-61-17-93-59-89|27-69-31-30-20-51-33-65-71-9-81-79-3-76-24-29-78-34-35-66-32-90-10-70-1-50-77-68-80-12-28|94-95-92-97-42-14-43-15-2-75-23-67-39-72-73-21-40-53-44-38-86-16-84-5-60-96-6
109,3,938.2287,514.7222,147.0,840.3134,0,3,41.756174,41.803119,True,27-52-18-60-45-46-36-47-82-7-88-31-62-11-63-64-49-19-48-8-83-99-96-6-89-53-35-66-32-90-10-70-1|28-69-50-76-33-71-65-20-30-51-9-81-34-78-79-3-29-24-54-72-22-74-56-4-25-55-80-68-77-12-26|94-92-42-15-57-75-23-67-39-21-40-97-98-91-44-86-38-14-43-41-73-2-87-59-5-84-17-61-16-85-93-100-37-95-13-58
110,3,938.8624,491.0829,176.0,829.7658,0,3,38.210285,38.255193,True,27-52-18-45-46-36-47-48-82-7-88-62-11-63-64-49-19-8-83-60-99-96-6-89-31-10-90-32-66-71-35-51-70-1|28-12-3-50-33-81-20-30-69-76-65-9-34-78-79-29-24-54-72-41-22-74-56-4-25-55-80-68-77-26|95-92-42-43-15-57-2-73-75-23-67-39-21-40-53-97-44-38-14-87-37-85-16-86-61-5-84-17-91-100-98-93-59-94-13-58
111,3,938.8624,491.0829,176.0,829.7658,0,3,38.210285,38.255193,True,27-52-18-45-46-36-47-48-82-7-88-62-11-63-64-49-19-8-83-60-99-96-6-89-31-10-90-32-66-71-35-51-70-1|28-12-3-50-33-81-20-30-69-76-65-9-34-78-79-29-24-54-72-41-22-74-56-4-25-55-80-68-77-26|95-92-42-43-15-57-2-73-75-23-67-39-21-40-53-97-44-38-14-87-37-85-16-86-61-5-84-17-91-100-98-93-59-94-13-58
112,3,939.1868,443.8811,221.0,987.0509,0,3,31.130017,31.196035,True,52-18-83-45-46-36-47-7-88-31-62-11-63-64-49-19-48-82-8-84-87-57-41-75-56-74-72-21-4-55-25-24-54-26-58-13-97-37-100-93-61-17-5-60-89|27-69-30-20-51-33-65-71-9-81-79-3-76-53-6-40-29-78-34-35-66-32-90-10-70-1-50-77-68-80-12-28|94-95-92-98-85-91-44-42-15-73-39-67-23-22-2-43-14-38-86-16-59-99-96
113,3,939.8037,396.3852,353.0,965.1418,0,3,24.00563,24.074622,True,52-18-5-96-92-37-91-86-45-46-36-47-7-88-62-19-11-63-64-49-48-82-8-60-99-98-85-61-84-6-94-2-74-56-25-55-4-21-58-13-95-59-93-100-16-17-83-89|27-69-31-30-20-51-33-65-71-9-81-79-3-76-54-24-29-78-34-35-66-32-90-10-70-1-50-77-68-80-12-28|26-39-23-15-43-42-14-38-44-97-87-57-41-22-75-67-72-73-40-53
114,3,942.0237,555.5513,75.0,870.7744,0,3,47.880545,47.932123,True,52-18-45-46-36-47-82-7-88-31-30-62-11-63-64-49-19-48-8-83-60-6-53-21-74-73-72-56-4-25-55-54-26|27-69-20-65-51-33-76-89-96-99-44-38-14-40-24-29-3-79-81-9-78-34-35-71-66-32-90-10-70-1-50-77-68-80-12-28|94-92-97-42-43-15-57-2-39-67-23-75-22-41-87-37-16-86-61-5-84-17-85-91-100-98-93-59-95-13-58
115,3,942.0237,555.5513,75.0,870.7744,0,3,47.880545,47.932123,True,52-18-45-46-36-47-82-7-88-31-30-62-11-63-64-49-19-48-8-83-60-6-53-21-74-73-72-56-4-25-55-54-26|27-69-20-65-51-33-76-89-96-99-44-38-14-40-24-29-3-79-81-9-78-34-35-71-66-32-90-10-70-1-50-77-68-80-12-28|94-92-97-42-43-15-57-2-39-67-23-75-22-41-87-37-16-86-61-5-84-17-85-91-100-98-93-59-95-13-58
116,3,942.3466,389.4103,359.0,965.1569,0,3,22.959391,23.028702,True,52-18-5-96-59-92-37-86-45-46-36-47-7-88-62-19-11-63-64-49-48-82-8-60-99-98-85-61-84-6-94-97-2-74-56-25-55-4-21-58-13-95-93-100-91-16-17-83-89|27-69-31-30-20-51-33-65-71-9-81-79-3-76-24-29-78-34-35-66-32-90-10-70-1-50-77-68-80-12-28|26-54-39-23-15-42-43-38-44-14-87-57-41-22-75-67-72-73-40-53
117,3,944.1762,387.5807,375.0,965.1569,0,3,22.684953,22.756138,True,52-18-5-96-59-92-37-14-86-45-46-36-47-19-7-88-62-11-63-64-49-48-82-8-60-99-98-85-61-84-6-94-2-74-56-25-55-4-21-58-13-95-93-100-91-16-17-83-89|27-69-31-30-20-51-33-65-71-9-81-79-3-76-24-29-78-34-35-66-32-90-10-70-1-50-77-68-80-12-28|26-54-39-23-15-42-43-38-44-97-87-57-41-22-75-67-72-73-40-53
118,3,945.4392,401.5485,393.0,963.1767,0,3,24.780126,24.855288,True,52-18-60-5-96-92-37-14-86-45-46-36-47-7-88-62-19-11-63-64-49-48-82-8-83-99-98-85-61-84-6-94-2-74-56-25-55-4-21-58-13-95-59-93-100-91-16-17-89|27-69-33-51-30-20-65-71-9-81-79-3-76-54-24-29-78-34-35-66-32-90-10-31-70-1-50-77-68-80-12-28|26-39-23-15-42-43-38-44-97-87-57-41-22-75-67-72-73-40-53
119,3,945.7137,464.18,167.0,990.8403,0,3,34.174856,34.241044,True,54-69-31-52-18-83-45-46-36-47-82-7-88-62-11-63-64-49-19-48-8-84-98-37-87-41-74-56-4-25-55-24-26-58-13-93-100-91-16-61-17-5-60-89|27-76-33-20-65-71-9-30-51-81-79-29-78-34-35-66-32-90-10-70-1-50-3-77-68-80-12-28|94-95-59-92-97-42-43-57-2-72-75-23-67-39-21-40-73-22-15-14-44-38-86-85-99-96-6-53
120,3,946.5783,385.1785,375.0,965.1569,0,3,22.324628,22.396174,True,52-18-5-96-59-92-37-14-86-45-46-36-47-7-88-62-19-11-63-64-49-48-82-8-60-99-98-85-61-84-6-94-2-74-56-25-55-4-21-58-13-95-93-100-91-16-17-83-89|27-69-31-30-20-51-33-65-71-9-81-79-3-76-24-29-78-34-35-66-32-90-10-70-1-50-77-68-80-12-28|26-54-39-23-15-42-43-38-44-97-87-57-41-22-75-67-72-73-40-53
121,3,946.8405,385.7039,371.0,966.5078,0,3,22.403428,22.474934,True,52-18-5-59-92-37-14-86-45-46-36-47-7-88-62-19-11-63-64-49-48-82-8-60-99-98-85-61-84-6-94-2-73-74-56-25-55-4-58-13-95-96-93-100-91-16-17-83-89|27-69-31-30-20-51-33-65-71-9-81-79-3-76-24-29-78-34-35-66-32-90-10-70-1-50-77-68-80-12-28|26-54-39-23-15-42-43-38-44-97-87-57-41-22-75-67-72-21-40-53
122,3,946.9111,542.2652,57.0,856.6583,0,3,45.887626,45.934759,True,52-18-60-45-46-36-47-48-82-7-88-62-19-11-64-49-8-83-84-5-99-96-6-89-53-31-10-63-90-32-66-35-51-20-70|27-69-1-50-33-81-65-71-30-40-41-22-76-3-79-9-34-78-29-24-68-12-26-21-72-74-56-4-25-55-54-80-77-28|94-92-97-42-43-15-57-23-67-39-75-73-2-87-14-44-38-86-16-17-61-85-91-100-37-98-93-59-95-13-58
123,3,946.9111,542.2652,57.0,856.6583,0,3,45.887626,45.934759,True,52-18-60-45-46-36-47-48-82-7-88-62-19-11-64-49-8-83-84-5-99-96-6-89-53-31-10-63-90-32-66-35-51-20-70|27-69-1-50-33-81-65-71-30-40-41-22-76-3-79-9-34-78-29-24-68-12-26-21-72-74-56-4-25-55-54-80-77-28|94-92-97-42-43-15-57-23-67-39-75-73-2-87-14-44-38-86-16-17-61-85-91-100-37-98-93-59-95-13-58
124,3,947.3887,442.8965,221.0,987.5103,0,3,30.982332,31.050731,True,73-39-12-69-52-18-83-45-46-36-47-82-7-88-62-11-63-64-49-19-48-8-84-98-37-87-57-41-74-75-56-4-25-55-24-54-26-58-13-97-100-93-61-17-5-60-89|27-76-33-71-65-20-30-51-9-81-79-3-29-78-34-35-66-32-90-10-31-70-1-50-77-68-80-28|94-95-96-59-92-85-91-14-44-16-86-38-42-43-15-2-22-23-67-72-21-40-53-99-6
125,3,947.6958,429.6651,221.0,981.3438,0,3,28.997613,29.063194,True,52-18-83-45-46-36-47-7-88-31-62-11-63-64-49-19-48-82-8-84-87-57-41-75-56-74-72-54-24-55-25-4-21-26-58-13-97-37-100-93-61-17-5-60-89|27-69-30-20-51-33-65-71-9-81-79-3-76-53-6-40-29-78-34-35-66-32-90-10-70-1-50-77-68-80-12-28|94-95-92-98-85-91-44-42-15-73-39-67-23-22-2-43-14-38-86-16-59-99-96
126,3,947.6958,429.6651,221.0,981.3438,0,3,28.997613,29.063194,True,52-18-83-45-46-36-47-7-88-31-62-11-63-64-49-19-48-82-8-84-87-57-41-75-56-74-72-54-24-55-25-4-21-26-58-13-97-37-100-93-61-17-5-60-89|27-69-30-20-51-33-65-71-9-81-79-3-76-53-6-40-29-78-34-35-66-32-90-10-70-1-50-77-68-80-12-28|94-95-92-98-85-91-44-42-15-73-39-67-23-22-2-43-14-38-86-16-59-99-96
127,3,948.5049,383.252,393.0,965.1569,0,3,22.428195,22.501829,True,52-18-5-96-59-92-37-14-86-45-46-36-47-7-88-62-19-11-63-64-49-48-82-8-60-99-98-85-61-84-6-94-2-74-56-25-55-4-21-58-13-95-93-100-91-16-17-83-89|27-69-31-30-20-51-33-65-71-9-81-79-3-76-54-24-29-78-34-35-66-32-90-10-70-1-50-77-68-80-12-28|26-39-23-15-42-43-38-44-97-87-57-41-22-75-67-72-73-40-53
128,3,949.9624,492.2752,43.0,991.9405,0,3,38.389133,38.448575,True,27-69-76-33-65-71-9-20-30-51-81-3-40-54-24-29-79-78-34-35-66-32-90-10-31-70-1-50-77-68-80-12-26-28|94-95-59-92-98-16-42-15-57-2-73-21-72-39-67-23-75-41-43-14-44-38-86-91-85-99-96-6-53|52-7-62-88-45-36-46-19-11-63-64-49-47-48-82-8-84-87-22-74-56-25-55-4-58-13-97-37-100-93-61-17-5-60-83-18-89
129,3,949.9624,492.2752,43.0,991.9405,0,3,38.389133,38.448575,True,27-69-76-33-65-71-9-20-30-51-81-3-40-54-24-29-79-78-34-35-66-32-90-10-31-70-1-50-77-68-80-12-26-28|94-95-59-92-98-16-42-15-57-2-73-21-72-39-67-23-75-41-43-14-44-38-86-91-85-99-96-6-53|52-7-62-88-45-36-46-19-11-63-64-49-47-48-82-8-84-87-22-74-56-25-55-4-58-13-97-37-100-93-61-17-5-60-83-18-89
130,3,951.3219,377.3494,377.0,953.6489,0,3,23.273303,23.343571,True,52-18-5-96-59-92-37-14-86-45-46-36-47-7-88-62-19-11-63-64-49-48-82-8-60-99-98-85-61-84-6-94-2-74-56-25-55-4-21-58-13-95-97-100-93-17-83-89|27-69-31-30-20-51-33-65-71-9-81-79-3-76-54-24-29-78-34-35-66-32-90-10-70-1-50-77-68-80-12-28|26-39-23-15-42-43-38-44-16-91-87-57-41-22-75-67-72-73-40-53
131,3,951.3219,377.3494,377.0,953.6489,0,3,23.273303,23.343571,True,52-18-5-96-59-92-37-14-86-45-46-36-47-7-88-62-19-11-63-64-49-48-82-8-60-99-98-85-61-84-6-94-2-74-56-25-55-4-21-58-13-95-97-100-93-17-83-89|27-69-31-30-20-51-33-65-71-9-81-79-3-76-54-24-29-78-34-35-66-32-90-10-70-1-50-77-68-80-12-28|26-39-23-15-42-43-38-44-16-91-87-57-41-22-75-67-72-73-40-53
132,3,951.559,449.2679,211.0,992.8025,0,3,31.938037,32.008437,True,12-54-33-51-69-52-18-83-45-46-36-47-82-7-88-62-11-63-64-49-19-48-8-84-98-37-87-57-41-74-56-4-25-55-24-26-58-13-97-93-100-16-61-17-5-60-89|94-95-59-92-42-15-2-72-75-23-67-39-21-40-73-22-43-14-44-38-86-91-85-99-96-6-53|27-31-30-20-65-9-81-78-29-79-3-76-68-34-35-71-66-32-90-10-70-1-50-77-80-28
133,3,952.4412,518.9667,138.0,859.1035,0,3,42.392854,42.446618,True,27-52-18-60-45-46-36-47-82-7-88-62-11-64-63-49-19-48-8-83-99-96-6-89-53-50-35-71-66-32-90-10-70-1|28-12-3-51-81-33-76-65-20-30-31-69-9-34-78-79-29-24-54-72-41-22-74-56-4-25-55-80-68-77-26|92-42-43-15-57-2-73-75-23-67-39-21-40-87-97-44-14-38-86-16-61-5-84-17-85-91-100-37-98-93-59-95-94-13-58
134,3,953.6576,449.0526,217.0,991.4147,0,3,31.905745,31.977133,True,27-52-18-60-83-45-46-36-47-7-88-31-30-62-11-63-64-49-19-48-82-8-99-96-6-89-53|28-69-33-81-51-71-65-9-34-78-79-3-76-1-10-90-32-20-66-35-68-26-21-72-74-56-4-55-25-54-24-29-80-12-77-50-70|95-92-42-43-15-57-75-23-67-39-73-40-97-44-38-14-41-22-2-87-98-85-16-86-61-5-84-17-91-100-37-93-59-94-13-58
135,3,955.0966,404.3701,274.0,981.3438,0,3,25.203369,25.272676,True,52-18-83-45-46-36-47-7-88-62-11-63-64-49-19-48-82-8-84-59-87-57-75-56-74-72-54-24-55-25-4-21-26-58-13-97-37-100-93-61-17-5-60-89|27-69-31-30-20-51-33-65-9-81-79-3-76-53-6-94-2-40-29-78-34-35-71-66-32-90-10-70-1-50-77-68-80-12-28|95-92-98-85-91-16-44-14-42-15-39-67-23-73-22-41-43-38-86-99-96
136,3,956.1768,363.3988,395.0,963.5114,0,3,24.729762,24.802673,True,52-18-5-96-59-92-37-14-86-45-46-36-47-7-88-62-19-11-63-64-49-48-82-8-60-99-98-85-61-84-6-94-13-2-74-56-25-55-4-58-95-97-93-100-91-16-17-83-89|27-69-31-30-20-51-33-65-71-9-81-79-3-76-54-24-29-78-34-35-66-32-90-10-70-1-50-77-68-80-12-28|26-21-75-39-23-15-42-43-38-44-87-57-41-22-67-72-73-40-53
137,3,956.3784,454.0707,115.0,976.0658,0,3,32.658458,32.718913,True,52-18-83-45-60-46-36-47-82-7-88-62-19-11-63-64-49-48-8-84-98-37-87-57-22-74-56-4-25-55-24-54-26-58-13-97-100-93-61-17-5-89|27-69-76-33-65-71-9-20-30-51-81-3-40-29-79-78-34-35-66-32-90-10-31-70-1-50-77-68-80-12-28|94-95-92-59-16-42-15-2-73-21-72-39-67-23-75-41-43-14-44-38-86-91-85-99-96-6-53
138,3,957.2014,445.5088,217.0,991.4147,0,3,31.374177,31.446098,True,27-52-18-60-83-45-46-36-47-7-88-31-30-62-11-63-64-49-19-48-82-8-99-96-6-89-53|28-69-33-81-51-71-65-9-34-78-79-3-76-1-10-90-32-20-66-35-68-26-21-72-74-56-4-55-25-54-24-29-80-12-77-50-70|95-92-42-43-15-57-2-75-23-67-39-73-40-97-44-38-14-41-22-87-98-85-16-86-61-5-84-17-91-100-37-93-59-94-13-58
139,3,958.547,518.9068,97.0,986.9163,0,3,42.383873,42.454532,True,52-18-83-45-46-36-47-82-7-88-62-11-63-64-49-19-48-8-84-98-37-87-57-41-74-56-4-25-55-58-26-13-97-93-100-16-61-17-5-60-89|27-69-31-30-20-33-65-9-81-51-76-3-79-78-34-35-71-66-32-90-10-70-1-50-77-68-29-24-54-80-12-28|94-95-59-2-42-92-15-21-72-75-23-67-39-40-73-22-43-14-44-38-86-91-85-99-96-6-53
140,3,960.2611,371.8192,391.0,953.0074,0,3,25.955056,26.02848,True,52-18-5-96-59-92-37-14-86-45-46-36-47-7-88-62-19-11-63-64-49-48-82-8-60-99-98-85-61-84-6-94-2-74-56-25-4-21-58-13-95-93-100-91-16-17-83-89|27-69-31-30-20-51-33-65-71-9-81-78-79-3-76-54-55-24-29-34-35-66-32-90-10-70-1-50-77-68-80-12-28|26-39-23-15-42-43-38-44-97-87-57-41-22-75-67-72-73-40-53
141,3,960.2611,371.8192,391.0,953.0074,0,3,25.955056,26.02848,True,52-18-5-96-59-92-37-14-86-45-46-36-47-7-88-62-19-11-63-64-49-48-82-8-60-99-98-85-61-84-6-94-2-74-56-25-4-21-58-13-95-93-100-91-16-17-83-89|27-69-31-30-20-51-33-65-71-9-81-78-79-3-76-54-55-24-29-34-35-66-32-90-10-70-1-50-77-68-80-12-28|26-39-23-15-42-43-38-44-97-87-57-41-22-75-67-72-73-40-53
142,3,960.5037,496.6065,113.0,844.8059,0,3,39.03883,39.087014,True,27-52-18-60-5-45-46-36-47-82-7-88-31-62-11-63-64-49-19-48-8-83-99-96-6-89-53-50-35-71-66-32-90-10-70-1|28-12-3-33-81-51-20-30-69-76-65-9-34-78-79-29-24-54-72-22-74-75-56-4-25-55-80-68-77-26|94-92-42-43-15-23-67-39-21-40-97-44-38-14-57-41-73-2-87-91-16-86-84-17-61-85-100-37-98-93-59-95-13-58
143,3,960.5037,496.6065,113.0,844.8059,0,3,39.03883,39.087014,True,27-52-18-60-5-45-46-36-47-82-7-88-31-62-11-63-64-49-19-48-8-83-99-96-6-89-53-50-35-71-66-32-90-10-70-1|28-12-3-33-81-51-20-30-69-76-65-9-34-78-79-29-24-54-72-22-74-75-56-4-25-55-80-68-77-26|94-92-42-43-15-23-67-39-21-40-97-44-38-14-57-41-73-2-87-91-16-86-84-17-61-85-100-37-98-93-59-95-13-58
144,3,960.5944,439.8324,217.0,991.4147,0,3,30.522704,30.594791,True,27-52-18-60-45-46-36-47-82-7-88-31-30-62-11-63-64-49-19-48-8-83-99-96-6-89-53|28-69-33-81-51-71-65-9-34-78-79-3-76-1-10-90-32-20-66-35-68-26-21-72-74-56-4-55-25-54-24-29-80-12-77-50-70|95-92-42-43-15-57-2-75-23-67-39-40-97-44-38-14-41-22-73-87-98-85-16-86-61-5-84-17-91-100-37-93-59-94-13-58
145,3,965.6191,444.5275,138.0,988.6535,0,3,31.226977,31.292961,True,54-92-52-18-83-45-46-36-47-82-7-88-62-11-63-64-49-19-48-8-84-59-97-87-57-41-74-56-4-25-55-24-26-58-13-93-98-100-91-16-17-5-60-89|27-69-76-33-65-71-9-20-30-51-81-79-3-29-78-34-35-66-32-90-10-31-70-1-50-77-68-80-12-28|94-95-96-61-86-85-37-42-2-73-21-72-39-67-23-75-22-15-43-44-38-14-99-6-40-53
146,3,965.6191,444.5275,138.0,988.6535,0,3,31.226977,31.292961,True,54-92-52-18-83-45-46-36-47-82-7-88-62-11-63-64-49-19-48-8-84-59-97-87-57-41-74-56-4-25-55-24-26-58-13-93-98-100-91-16-17-5-60-89|27-69-76-33-65-71-9-20-30-51-81-79-3-29-78-34-35-66-32-90-10-31-70-1-50-77-68-80-12-28|94-95-96-61-86-85-37-42-2-73-21-72-39-67-23-75-22-15-43-44-38-14-99-6-40-53
147,3,965.6395,493.0509,160.0,859.1035,0,3,38.505483,38.561519,True,27-52-18-60-45-46-36-47-82-7-88-31-62-11-63-64-49-19-48-8-83-99-96-6-89-53-50-51-35-66-32-90-10-70|28-12-33-1-69-30-20-65-71-9-81-34-78-79-3-76-29-24-54-72-22-74-56-4-25-55-80-68-77-26|92-42-43-15-57-2-75-23-67-39-21-40-97-44-38-14-41-73-87-16-86-61-5-84-17-85-91-100-37-98-93-59-95-94-13-58
148,3,966.0419,526.7971,85.0,861.2876,0,3,43.56741,43.621457,True,52-18-82-60-44-45-46-36-47-7-88-62-11-63-64-49-19-48-8-83-99-96-6-89-53-21-56-74-72-4-55-25-54-24-29-80-68-77-28|50-33-81-51-65-20-30-1-69-27-94-38-40-26-12-76-3-79-78-34-9-35-71-66-32-90-10-70-31|97-92-42-43-15-57-2-73-39-67-23-75-22-41-87-14-86-16-61-5-84-17-85-91-100-37-98-93-59-95-13-58
149,3,967.6047,366.7469,375.0,965.1569,0,3,28.158126,28.233215,True,52-18-5-96-59-92-37-14-86-45-46-36-47-7-88-62-19-11-63-64-49-48-82-8-60-99-98-85-61-84-6-94-2-74-56-25-55-4-21-58-13-95-93-100-91-16-17-83-89|27-69-31-30-20-51-33-65-71-9-81-79-3-76-24-78-29-34-35-66-32-90-10-70-1-50-77-80-68-12-28|26-54-39-23-15-42-43-38-44-97-87-57-41-22-75-67-72-73-40-53
150,3,967.6047,366.7469,375.0,965.1569,0,3,28.158126,28.233215,True,52-18-5-96-59-92-37-14-86-45-46-36-47-7-88-62-19-11-63-64-49-48-82-8-60-99-98-85-61-84-6-94-2-74-56-25-55-4-21-58-13-95-93-100-91-16-17-83-89|27-69-31-30-20-51-33-65-71-9-81-79-3-76-24-78-29-34-35-66-32-90-10-70-1-50-77-80-68-12-28|26-54-39-23-15-42-43-38-44-97-87-57-41-22-75-67-72-73-40-53
151,3,969.3468,486.1463,187.0,848.0231,0,3,37.469796,37.526947,True,27-69-52-18-60-45-46-36-47-82-7-88-31-62-11-63-64-49-19-48-8-83-96-6-89-53-51-35-71-66-32-90-10-70-1|26-12-3-81-33-50-76-30-65-20-9-34-78-79-29-24-54-72-22-74-56-4-25-55-80-68-77-28|92-42-43-15-57-2-73-75-23-67-39-21-40-99-44-38-14-41-87-97-37-16-86-61-5-84-17-85-91-100-98-93-59-95-94-13-58
152,3,969.4497,487.3476,151.0,859.1035,0,3,37.649993,37.705417,True,27-52-18-60-45-46-36-47-82-7-88-31-62-11-63-64-49-19-48-8-83-5-6-89-53-26-34-35-71-66-32-90-10-70-1|28-12-3-50-33-51-20-30-69-76-65-9-81-78-79-29-24-54-72-22-74-75-56-4-25-55-80-68-77|95-92-42-43-15-23-67-39-21-40-97-99-44-38-14-57-41-73-2-87-16-86-61-84-17-85-91-100-37-98-93-59-96-94-13-58
153,3,969.6041,380.421,210.0,973.789,0,3,28.757967,28.820501,True,52-18-83-45-46-36-47-7-88-64-49-19-48-82-8-84-87-57-41-75-56-74-72-73-21-4-25-55-54-58-13-97-37-100-98-93-61-17-5-60-89|27-1-69-62-11-63-30-51-33-81-65-20-9-79-3-76-53-6-94-40-26-24-29-78-34-35-71-66-32-90-10-31-70-50-77-68-80-12-28|95-92-59-85-91-16-44-14-42-15-39-67-23-22-2-43-38-86-99-96
154,3,969.6041,380.421,210.0,973.789,0,3,28.757967,28.820501,True,52-18-83-45-46-36-47-7-88-64-49-19-48-82-8-84-87-57-41-75-56-74-72-73-21-4-25-55-54-58-13-97-37-100-98-93-61-17-5-60-89|27-1-69-62-11-63-30-51-33-81-65-20-9-79-3-76-53-6-94-40-26-24-29-78-34-35-71-66-32-90-10-31-70-50-77-68-80-12-28|95-92-59-85-91-16-44-14-42-15-39-67-23-22-2-43-38-86-99-96
155,3,969.7957,446.4495,121.0,983.6455,0,3,31.515275,31.580349,True,52-18-46-83-45-36-47-88-31-7-62-11-63-64-49-19-48-82-8-84-87-57-41-74-54-24-55-25-56-4-21-58-13-97-37-100-93-61-17-5-60-89|27-69-30-20-51-33-65-71-9-81-79-3-76-29-78-34-35-66-32-90-10-70-1-50-77-68-80-12-26-28|2-94-95-59-92-42-14-43-15-75-23-67-39-72-40-73-22-44-38-86-16-91-85-98-99-96-6-53
156,3,971.5971,486.3709,176.0,857.8624,0,3,37.503484,37.56172,True,27-52-18-60-5-45-46-36-47-82-7-88-31-62-11-63-64-49-19-48-8-83-99-96-6-89-1-81-35-71-66-32-90-10-70|28-12-3-50-33-51-20-30-69-76-65-9-34-78-79-29-24-54-72-22-74-56-4-25-55-80-68-77-26|95-92-42-43-15-57-2-73-75-23-67-39-21-40-53-97-44-38-14-41-87-16-86-84-17-61-85-91-100-37-98-93-59-94-13-58
157,3,971.8391,359.9177,393.0,965.1569,0,3,29.428464,29.505599,True,52-18-5-96-59-92-37-14-86-45-46-36-47-7-88-62-19-11-63-64-49-48-82-8-60-99-98-85-61-84-6-94-2-74-56-25-55-4-21-58-13-95-93-100-91-16-17-83-89|27-69-31-30-20-51-33-65-71-9-81-3-76-54-79-24-29-78-34-35-66-32-90-10-70-1-50-77-68-80-12-28|26-39-23-15-42-43-38-44-97-87-57-41-22-75-67-72-73-40-53
158,3,972.9501,424.5654,110.0,967.8666,0,3,29.761773,29.821044,True,52-18-83-45-60-46-36-47-82-7-88-11-63-64-62-49-19-48-8-99-87-57-41-22-74-56-4-25-55-54-26-58-13-98-100-91-85-61-17-93-89|27-69-31-30-20-51-33-65-71-9-81-79-3-76-24-29-78-34-35-66-32-90-10-70-1-50-77-68-80-12-28|94-95-92-97-42-14-43-15-75-2-23-67-39-72-73-21-40-53-44-38-86-16-37-84-5-59-96-6
159,3,972.9501,424.5654,110.0,967.8666,0,3,29.761773,29.821044,True,52-18-83-45-60-46-36-47-82-7-88-11-63-64-62-49-19-48-8-99-87-57-41-22-74-56-4-25-55-54-26-58-13-98-100-91-85-61-17-93-89|27-69-31-30-20-51-33-65-71-9-81-79-3-76-24-29-78-34-35-66-32-90-10-70-1-50-77-68-80-12-28|94-95-92-97-42-14-43-15-75-2-23-67-39-72-73-21-40-53-44-38-86-16-37-84-5-59-96-6
160,3,973.0403,481.6206,201.0,859.1035,0,3,36.790948,36.85159,True,27-52-18-60-83-45-46-36-47-82-7-88-31-62-11-63-64-49-19-48-8-99-96-6-89-53-50-81-35-71-66-32-90-10-70-1|28-26-12-3-33-51-20-30-69-76-65-9-34-78-79-29-24-54-72-22-74-56-4-25-55-80-68-77|92-42-43-15-57-2-75-23-67-39-21-40-97-44-38-14-41-73-87-16-86-61-5-84-17-85-91-100-37-98-93-59-95-94-13-58
161,3,973.8659,468.2596,178.0,846.5681,0,3,34.786787,34.841492,True,27-52-18-60-45-46-36-47-82-7-88-31-62-11-63-64-49-19-48-8-83-99-96-6-89-53-28-35-71-66-32-90-10-70-1|26-12-3-50-33-81-51-20-30-69-76-65-9-34-78-79-29-24-54-72-22-74-56-4-25-55-80-68-77|94-92-42-15-57-2-75-23-67-39-21-40-97-44-38-14-43-41-73-87-16-86-61-5-84-17-85-91-100-37-98-93-59-95-13-58
162,3,974.3675,395.4472,185.0,986.5675,0,3,30.186975,30.252608,True,52-18-83-45-46-36-47-7-88-64-49-19-48-82-8-84-87-57-41-75-56-74-72-21-4-25-55-24-54-58-13-97-37-100-98-93-17-5-60-89|27-1-69-31-62-11-63-30-33-81-65-20-51-9-79-3-76-53-6-94-40-26-29-78-34-35-71-66-32-90-10-70-50-77-68-80-12-28|95-92-59-85-91-16-44-14-42-15-39-67-23-22-73-2-43-38-86-61-99-96
163,3,974.3675,395.4472,185.0,986.5675,0,3,30.186975,30.252608,True,52-18-83-45-46-36-47-7-88-64-49-19-48-82-8-84-87-57-41-75-56-74-72-21-4-25-55-24-54-58-13-97-37-100-98-93-17-5-60-89|27-1-69-31-62-11-63-30-33-81-65-20-51-9-79-3-76-53-6-94-40-26-29-78-34-35-71-66-32-90-10-70-50-77-68-80-12-28|95-92-59-85-91-16-44-14-42-15-39-67-23-22-73-2-43-38-86-61-99-96
164,3,974.5009,461.4601,160.0,846.1242,0,3,33.766864,33.818873,True,27-52-18-60-45-46-36-47-82-7-88-31-62-11-63-64-49-19-48-8-83-99-96-6-89-53-3-34-35-71-66-20-70|28-69-1-50-76-33-65-9-81-79-51-30-10-90-32-78-29-24-54-21-72-74-56-4-25-55-80-68-77-12-26|95-92-42-43-15-57-2-75-23-67-39-40-97-44-38-14-41-22-73-87-98-85-16-86-61-5-84-17-91-100-37-93-59-94-13-58
165,3,974.5009,461.4601,160.0,846.1242,0,3,33.766864,33.818873,True,27-52-18-60-45-46-36-47-82-7-88-31-62-11-63-64-49-19-48-8-83-99-96-6-89-53-3-34-35-71-66-20-70|28-69-1-50-76-33-65-9-81-79-51-30-10-90-32-78-29-24-54-21-72-74-56-4-25-55-80-68-77-12-26|95-92-42-43-15-57-2-75-23-67-39-40-97-44-38-14-41-22-73-87-98-85-16-86-61-5-84-17-91-100-37-93-59-94-13-58
166,3,976.1141,353.3526,393.0,965.1569,0,3,30.710956,30.788388,True,52-18-5-96-59-92-37-14-86-45-46-36-47-7-88-62-19-11-63-64-49-48-82-8-60-99-98-85-61-84-6-94-2-74-56-25-55-4-21-58-13-95-93-100-91-16-17-83-89|27-69-31-30-20-51-33-65-71-9-81-79-3-76-54-24-29-78-34-66-35-32-90-10-70-1-50-77-68-80-12-28|26-39-23-15-42-43-38-44-97-87-57-41-22-75-67-72-73-40-53
167,3,977.4581,353.121,304.0,991.6684,0,3,31.114163,31.18704,True,52-18-83-45-46-36-47-82-7-88-31-62-11-63-64-49-19-48-8-84-87-57-41-22-75-56-74-72-54-24-55-25-4-21-26-58-13-97-37-100-98-93-61-17-5-60-89|27-69-30-20-51-33-65-71-9-81-79-3-76-53-6-94-40-29-78-34-35-66-32-90-10-70-1-50-77-68-80-12-28|95-59-92-43-91-85-16-44-42-15-39-67-23-73-2-14-38-86-99-96
168,3,977.4581,353.121,304.0,991.6684,0,3,31.114163,31.18704,True,52-18-83-45-46-36-47-82-7-88-31-62-11-63-64-49-19-48-8-84-87-57-41-22-75-56-74-72-54-24-55-25-4-21-26-58-13-97-37-100-98-93-61-17-5-60-89|27-69-30-20-51-33-65-71-9-81-79-3-76-53-6-94-40-29-78-34-35-66-32-90-10-70-1-50-77-68-80-12-28|95-59-92-43-91-85-16-44-42-15-39-67-23-73-2-14-38-86-99-96
169,3,978.8543,408.7187,175.0,987.468,0,3,31.533004,31.601109,True,52-18-83-45-46-36-47-7-88-64-49-19-48-82-8-84-87-41-22-74-75-56-4-25-55-24-54-13-97-37-100-98-93-61-17-5-60-89|28-27-1-69-62-11-63-30-51-33-81-65-20-9-79-3-76-40-21-67-29-78-34-35-71-66-32-90-10-31-70-50-77-68-80-12-26-58|2-73-72-39-23-57-15-43-42-92-59-85-91-86-38-14-44-16-99-96-95-94-6-53
170,3,980.6052,329.3169,431.0,975.1569,0,3,32.058278,32.138752,True,52-18-5-96-92-37-86-45-46-36-47-7-88-62-19-11-63-64-49-48-82-8-60-99-98-85-61-84-6-94-73-74-56-25-55-4-21-58-13-95-59-93-100-91-16-17-83-89|72-75-39-54-27-69-31-30-20-51-33-65-71-9-81-79-3-76-24-29-78-34-35-66-32-90-10-70-1-50-77-68-80-12-28|26-2-57-42-15-43-14-38-44-97-87-41-22-23-67-40-53
171,3,980.6052,329.3169,431.0,975.1569,0,3,32.058278,32.138752,True,52-18-5-96-92-37-86-45-46-36-47-7-88-62-19-11-63-64-49-48-82-8-60-99-98-85-61-84-6-94-73-74-56-25-55-4-21-58-13-95-59-93-100-91-16-17-83-89|72-75-39-54-27-69-31-30-20-51-33-65-71-9-81-79-3-76-24-29-78-34-35-66-32-90-10-70-1-50-77-68-80-12-28|26-2-57-42-15-43-14-38-44-97-87-41-22-23-67-40-53
172,3,982.3345,478.8674,140.0,848.0231,0,3,36.377954,36.43321,True,27-52-18-60-45-46-36-47-82-7-88-31-62-11-63-64-49-19-48-8-83-99-96-6-89-53-34-35-71-66-32-90-10-70-1|28-12-3-50-33-81-51-20-30-69-76-65-9-78-79-29-24-54-72-22-74-75-56-4-25-55-80-68-77-26|92-2-57-42-15-23-67-39-21-40-97-44-86-38-14-43-41-73-87-37-16-61-5-84-17-85-91-100-98-93-59-95-94-13-58
173,3,982.7387,498.0281,42.0,860.2303,0,3,39.252059,39.302341,True,52-47-36-46-45-44-85-60-18-82-7-88-31-62-11-63-64-49-19-48-8-83-99-96-6-89-53-72-74-56-4-25-55-54|27-69-51-33-81-65-20-30-76-28-94-87-22-73-40-24-29-3-79-78-34-9-35-71-66-32-90-10-70-1-50-77-68-80-12|26-97-92-42-43-57-2-21-39-67-23-75-41-15-14-38-86-16-61-5-84-17-91-100-37-98-93-59-95-13-58
174,3,982.7387,498.0281,42.0,860.2303,0,3,39.252059,39.302341,True,52-47-36-46-45-44-85-60-18-82-7-88-31-62-11-63-64-49-19-48-8-83-99-96-6-89-53-72-74-56-4-25-55-54|27-69-51-33-81-65-20-30-76-28-94-87-22-73-40-24-29-3-79-78-34-9-35-71-66-32-90-10-70-1-50-77-68-80-12|26-97-92-42-43-57-2-21-39-67-23-75-41-15-14-38-86-16-61-5-84-17-91-100-37-98-93-59-95-13-58
175,3,983.7597,347.9972,380.0,965.1569,0,3,33.004625,33.082247,True,52-18-5-96-59-92-37-14-86-45-46-36-47-19-7-88-62-11-63-64-49-48-82-8-60-99-98-85-61-84-6-94-2-74-56-25-55-4-21-58-13-95-93-100-91-16-17-83-89|42-27-69-31-30-20-51-33-65-71-9-81-79-3-76-24-29-78-34-35-66-32-90-10-70-1-50-77-68-80-12-28|26-54-39-23-15-43-38-44-97-87-57-41-22-75-67-72-73-40-53
176,3,985.9647,372.0233,258.0,963.7381,0,3,33.666149,33.735624,True,27-52-18-60-45-46-36-47-82-7-88-31-30-62-11-63-64-49-19-48-8-83-99-96-6-53|28-69-50-76-33-65-71-9-81-34-78-79-1-10-90-32-66-20-51-29-24-54-4-72-74-56-25-55-80-68-3-35-70-77-12-26|89-95-92-97-42-43-15-57-2-75-23-67-39-21-40-44-38-14-41-22-73-87-98-85-16-86-61-5-84-17-91-100-37-93-59-94-13-58
177,3,985.9647,372.0233,258.0,963.7381,0,3,33.666149,33.735624,True,27-52-18-60-45-46-36-47-82-7-88-31-30-62-11-63-64-49-19-48-8-83-99-96-6-53|28-69-50-76-33-65-71-9-81-34-78-79-1-10-90-32-66-20-51-29-24-54-4-72-74-56-25-55-80-68-3-35-70-77-12-26|89-95-92-97-42-43-15-57-2-75-23-67-39-21-40-44-38-14-41-22-73-87-98-85-16-86-61-5-84-17-91-100-37-93-59-94-13-58
178,3,986.0494,399.5253,128.0,979.6561,0,3,33.69155,33.754563,True,52-18-83-45-46-36-47-7-88-31-62-11-63-64-49-19-48-82-8-84-87-57-41-74-56-54-55-25-4-21-2-58-13-97-37-100-93-61-17-5-60-89|27-69-30-20-51-33-65-71-9-81-79-3-76-26-67-24-29-78-34-35-66-32-90-10-70-1-50-77-68-80-12-28|94-95-59-92-73-72-39-23-75-15-42-38-43-40-22-14-44-86-16-91-85-98-99-96-6-53
179,3,986.0494,399.5253,128.0,979.6561,0,3,33.69155,33.754563,True,52-18-83-45-46-36-47-7-88-31-62-11-63-64-49-19-48-82-8-84-87-57-41-74-56-54-55-25-4-21-2-58-13-97-37-100-93-61-17-5-60-89|27-69-30-20-51-33-65-71-9-81-79-3-76-26-67-24-29-78-34-35-66-32-90-10-70-1-50-77-68-80-12-28|94-95-59-92-73-72-39-23-75-15-42-38-43-40-22-14-44-86-16-91-85-98-99-96-6-53
180,3,987.5157,353.2122,275.0,991.6684,0,3,34.131452,34.20446,True,52-18-83-45-46-36-47-7-88-31-62-11-63-64-49-19-48-82-8-84-87-57-41-75-56-74-72-54-24-55-25-4-21-26-58-13-97-37-100-98-93-61-17-5-60-89|27-69-30-20-51-33-65-71-9-81-79-3-76-53-6-94-2-40-29-78-34-35-66-32-90-10-70-1-50-77-68-80-12-28|95-59-92-43-91-85-16-44-14-42-15-39-67-23-22-73-38-86-99-96
181,3,988.1828,359.5946,362.0,965.1569,0,3,34.331557,34.410446,True,52-18-5-96-59-92-37-86-45-46-36-47-19-7-88-31-62-11-63-64-49-48-82-8-60-99-98-85-61-84-6-94-2-74-56-25-55-4-21-58-13-95-93-100-91-16-17-83-89|26-54-39-23-15-43-42-14-38-44-97-87-57-41-22-75-67-72-73-40-53|27-69-76-33-65-29-24-79-81-9-51-30-32-90-10-66-78-34-35-71-20-70-1-50-3-77-68-80-12-28
182,3,988.6639,398.9736,197.0,973.4126,0,3,34.475887,34.545566,True,27-52-18-60-5-45-46-36-47-82-7-88-31-62-11-63-64-49-19-48-8-83-99-96-6-89-53|28-69-76-33-65-71-9-30-51-81-34-78-79-1-10-90-32-66-20-29-24-54-72-74-56-4-25-55-80-68-3-35-70-50-77-12-26|95-92-42-43-15-57-2-75-23-67-39-21-40-97-44-38-14-41-22-73-87-98-85-16-86-84-17-61-91-100-37-93-59-94-13-58
183,3,988.6639,398.9736,197.0,973.4126,0,3,34.475887,34.545566,True,27-52-18-60-5-45-46-36-47-82-7-88-31-62-11-63-64-49-19-48-8-83-99-96-6-89-53|28-69-76-33-65-71-9-30-51-81-34-78-79-1-10-90-32-66-20-29-24-54-72-74-56-4-25-55-80-68-3-35-70-50-77-12-26|95-92-42-43-15-57-2-75-23-67-39-21-40-97-44-38-14-41-22-73-87-98-85-16-86-84-17-61-91-100-37-93-59-94-13-58
184,3,989.039,390.9658,217.0,970.9928,0,3,34.588434,34.658661,True,27-52-18-60-45-46-36-47-82-7-88-31-30-62-11-63-64-49-19-48-8-83-99-96-6-89-53|28-69-33-65-71-9-51-81-34-78-79-3-76-1-10-90-32-66-29-24-54-21-72-74-56-4-25-55-80-68-35-20-70-50-77-12-26|95-92-42-43-15-57-2-75-23-67-39-40-97-44-38-14-41-22-73-87-98-85-16-86-61-5-84-17-91-100-37-93-59-94-13-58
185,3,989.039,390.9658,217.0,970.9928,0,3,34.588434,34.658661,True,27-52-18-60-45-46-36-47-82-7-88-31-30-62-11-63-64-49-19-48-8-83-99-96-6-89-53|28-69-33-65-71-9-51-81-34-78-79-3-76-1-10-90-32-66-29-24-54-21-72-74-56-4-25-55-80-68-35-20-70-50-77-12-26|95-92-42-43-15-57-2-75-23-67-39-40-97-44-38-14-41-22-73-87-98-85-16-86-61-5-84-17-91-100-37-93-59-94-13-58
186,3,991.6747,368.681,346.0,977.5098,0,3,35.379141,35.460693,True,96-5-59-92-37-14-86-45-46-36-47-19-48-7-82-8-11-64-49-88-52-60-99-98-85-61-84-6-94-2-74-56-25-55-4-21-58-13-95-93-100-91-16-17-83-18-89|27-69-1-31-62-30-20-51-33-65-71-9-81-79-3-76-24-29-78-34-35-66-32-10-63-90-70-50-77-68-80-12-28|26-54-39-23-15-42-43-38-44-97-87-57-41-22-75-67-72-73-40-53
187,3,993.2854,410.6902,208.0,831.8646,0,3,35.862355,35.915045,True,28-12-54-39-24-29-3-33-65-51-1-69-27-52-7-82-8-83-60-6-96-99-59-97-87-37-85-61-84-17-86-16-91-100-93-95-13-58|2-57-42-92-5-45-46-36-64-11-62-88-31-50-76-79-78-34-9-20-30-90-63-19-49-47-48-18-89-21-72-74-75-56-4-25-55-80-68-77|94-98-44-38-14-43-15-41-22-23-67-73-40-53-26-81-35-71-66-32-10-70
188,3,993.2854,410.6902,208.0,831.8646,0,3,35.862355,35.915045,True,28-12-54-39-24-29-3-33-65-51-1-69-27-52-7-82-8-83-60-6-96-99-59-97-87-37-85-61-84-17-86-16-91-100-93-95-13-58|2-57-42-92-5-45-46-36-64-11-62-88-31-50-76-79-78-34-9-20-30-90-63-19-49-47-48-18-89-21-72-74-75-56-4-25-55-80-68-77|94-98-44-38-14-43-15-41-22-23-67-73-40-53-26-81-35-71-66-32-10-70
189,3,994.5978,459.7055,206.0,853.3437,0,3,36.25607,36.319529,True,26-54-24-29-3-33-81-65-51-1-69-52-18-82-8-83-60-99-96-6-94-87-97-37-98-85-61-84-17-86-16-91-100-93-59-95-13-58|2-57-42-92-5-45-46-36-64-11-19-62-88-31-50-79-78-34-9-20-30-10-90-63-49-47-48-7-89-21-72-74-75-56-4-25-55-80-68-77|27-76-12-39-67-23-15-14-44-38-43-41-22-73-40-53-28-35-71-66-32-70
190,3,995.978,381.7434,217.0,968.7093,0,3,36.670129,36.740712,True,27-52-18-60-45-46-36-47-82-7-88-31-30-62-11-63-64-49-19-48-8-83-99-96-6-89-53|28-69-50-76-33-65-71-9-51-81-34-78-79-1-10-90-32-66-20-29-24-54-21-72-74-56-4-25-55-80-68-3-35-70-77-12-26|95-92-42-43-15-57-2-75-23-67-39-40-97-44-38-14-41-22-73-87-98-85-16-86-61-5-84-17-91-100-37-93-59-94-13-58
191,3,995.978,381.7434,217.0,968.7093,0,3,36.670129,36.740712,True,27-52-18-60-45-46-36-47-82-7-88-31-30-62-11-63-64-49-19-48-8-83-99-96-6-89-53|28-69-50-76-33-65-71-9-51-81-34-78-79-1-10-90-32-66-20-29-24-54-21-72-74-56-4-25-55-80-68-3-35-70-77-12-26|95-92-42-43-15-57-2-75-23-67-39-40-97-44-38-14-41-22-73-87-98-85-16-86-61-5-84-17-91-100-37-93-59-94-13-58
192,3,996.7426,433.5879,67.0,968.1989,0,3,36.899515,36.963027,True,27-69-1-30-62-88-18-99-59-85-91-16-38-43-98-37-87-40-26-12-3-79-9-35-71-66-20-10-70-31|94-92-97-42-57-23-67-39-54-24-29-34-78-81-76-28-53-21-73-72-74-75-56-4-25-55-80-68-77-58-13-100-93-61-17-60-89|50-33-51-65-32-90-63-11-64-36-46-45-86-44-14-15-41-22-2-95-6-96-5-84-83-8-82-48-47-49-19-7-52
193,3,996.7426,433.5879,67.0,968.1989,0,3,36.899515,36.963027,True,27-69-1-30-62-88-18-99-59-85-91-16-38-43-98-37-87-40-26-12-3-79-9-35-71-66-20-10-70-31|94-92-97-42-57-23-67-39-54-24-29-34-78-81-76-28-53-21-73-72-74-75-56-4-25-55-80-68-77-58-13-100-93-61-17-60-89|50-33-51-65-32-90-63-11-64-36-46-45-86-44-14-15-41-22-2-95-6-96-5-84-83-8-82-48-47-49-19-7-52
194,3,997.4098,466.5057,106.0,847.5334,0,3,37.099655,37.154105,True,52-18-60-16-45-46-36-47-19-64-11-62-30-31-88-7-48-82-8-83-99-96-6-53-40-73-72-74-56-4-25-55-54|27-69-1-20-65-81-33-76-89-94-37-26-24-29-3-79-78-34-9-10-49-63-90-32-66-71-35-51-70-50-77-68-80-12-28|97-92-42-43-15-57-2-21-39-67-23-75-22-41-87-44-14-38-86-61-5-84-17-85-91-100-98-93-59-95-13-58
195,3,997.4098,466.5057,106.0,847.5334,0,3,37.099655,37.154105,True,52-18-60-16-45-46-36-47-19-64-11-62-30-31-88-7-48-82-8-83-99-96-6-53-40-73-72-74-56-4-25-55-54|27-69-1-20-65-81-33-76-89-94-37-26-24-29-3-79-78-34-9-10-49-63-90-32-66-71-35-51-70-50-77-68-80-12-28|97-92-42-43-15-57-2-21-39-67-23-75-22-41-87-44-14-38-86-61-5-84-17-85-91-100-98-93-59-95-13-58
196,3,997.8462,347.8633,432.0,974.5897,0,3,37.230594,37.319037,True,52-18-60-5-96-92-37-14-86-45-46-36-19-48-82-7-88-62-11-63-64-49-47-8-84-99-85-61-6-94-2-74-56-25-55-4-58-13-95-59-93-98-100-91-16-17-83-89|42-57-75-39-27-69-31-30-20-51-33-65-9-81-79-3-76-54-24-29-78-34-35-71-66-32-90-10-70-1-50-77-68-80-12-28|26-21-72-67-23-15-43-38-44-97-87-41-22-73-40-53
197,3,997.8867,487.7623,32.0,870.7744,0,3,37.712194,37.766062,True,89-52-18-47-36-46-45-86-44-91-5-82-7-88-31-62-11-63-64-49-19-48-8-83-60-6-94-74-75-56-4-25-55|27-69-3-33-81-34-65-20-30-51-76-53-38-14-40-54-24-29-79-78-9-35-71-66-32-90-10-70-1-50-77-68-80-12-28|26-92-42-43-15-57-21-72-39-67-23-41-22-73-2-87-97-96-99-16-84-17-61-85-100-37-98-93-59-95-13-58
198,3,997.8867,487.7623,32.0,870.7744,0,3,37.712194,37.766062,True,89-52-18-47-36-46-45-86-44-91-5-82-7-88-31-62-11-63-64-49-19-48-8-83-60-6-94-74-75-56-4-25-55|27-69-3-33-81-34-65-20-30-51-76-53-38-14-40-54-24-29-79-78-9-35-71-66-32-90-10-70-1-50-77-68-80-12-28|26-92-42-43-15-57-21-72-39-67-23-41-22-73-2-87-97-96-99-16-84-17-61-85-100-37-98-93-59-95-13-58
199,3,998.9505,346.7591,432.0,974.5897,0,3,37.561863,37.650472,True,52-18-60-96-92-37-14-86-45-46-36-47-7-88-62-19-11-63-64-49-48-82-8-99-85-61-84-5-6-94-2-74-56-25-55-4-58-13-95-59-93-98-100-91-16-17-83-89|42-57-75-39-27-69-31-30-20-51-33-65-9-81-79-3-76-54-24-29-78-34-35-71-66-32-90-10-70-1-50-77-68-80-12-28|26-21-72-67-23-15-43-38-44-97-87-41-22-73-40-53
200,3,999.2382,339.4367,436.0,965.1569,0,3,37.648201,37.734783,True,52-18-5-96-59-92-37-14-86-45-46-36-47-19-7-88-62-11-63-64-49-48-82-8-60-99-98-85-61-84-6-94-2-74-56-25-55-4-21-58-13-95-93-100-91-16-17-83-89|42-57-75-39-27-69-31-30-20-51-33-65-71-9-81-79-3-76-24-29-78-34-35-66-32-90-10-70-1-50-77-68-80-12-28|26-54-67-23-15-43-38-44-97-87-41-22-72-73-40-53
201,3,999.2382,339.4367,436.0,965.1569,0,3,37.648201,37.734783,True,52-18-5-96-59-92-37-14-86-45-46-36-47-19-7-88-62-11-63-64-49-48-82-8-60-99-98-85-61-84-6-94-2-74-56-25-55-4-21-58-13-95-93-100-91-16-17-83-89|42-57-75-39-27-69-31-30-20-51-33-65-71-9-81-79-3-76-24-29-78-34-35-66-32-90-10-70-1-50-77-68-80-12-28|26-54-67-23-15-43-38-44-97-87-41-22-72-73-40-53
202,3,999.3999,483.761,76.0,873.7048,0,3,37.696694,37.755256,True,52-18-82-47-36-46-45-44-60-7-88-31-69-30-62-11-63-64-49-19-48-8-83-6-2-73-21-72-74-56-4-25-55-54|27-1-20-65-51-33-76-92-37-14-38-91-99-94-53-40-26-24-29-79-78-34-81-9-35-71-66-32-90-10-70-50-3-77-68-80-12-28|89-96-97-42-43-15-57-23-67-39-75-22-41-87-16-86-61-5-84-17-85-100-98-93-59-95-13-58
203,3,1000.3863,333.343,432.0,962.6094,0,3,37.992628,38.077859,True,52-18-60-5-96-92-37-14-86-45-46-36-47-7-88-62-19-11-63-64-49-48-82-8-83-99-85-61-84-6-94-2-74-56-25-55-4-58-13-95-59-93-98-100-91-16-17-89|42-57-75-39-27-69-31-30-20-51-33-65-9-81-79-3-76-54-24-29-78-34-35-71-66-32-90-10-70-1-50-77-68-80-12-28|26-21-72-67-23-15-43-38-44-97-87-41-22-73-40-53
204,3,1000.3863,333.343,432.0,962.6094,0,3,37.992628,38.077859,True,52-18-60-5-96-92-37-14-86-45-46-36-47-7-88-62-19-11-63-64-49-48-82-8-83-99-85-61-84-6-94-2-74-56-25-55-4-58-13-95-59-93-98-100-91-16-17-89|42-57-75-39-27-69-31-30-20-51-33-65-9-81-79-3-76-54-24-29-78-34-35-71-66-32-90-10-70-1-50-77-68-80-12-28|26-21-72-67-23-15-43-38-44-97-87-41-22-73-40-53
205,3,1001.7365,511.8425,58.0,849.2971,0,3,41.32423,41.382243,True,52-47-36-46-45-16-44-60-18-82-7-88-31-30-62-11-63-64-49-19-48-8-83-6-53-26-54-4-74-75-56-25-55-24-29-28|27-69-1-20-65-51-33-76-89-96-99-38-14-2-40-3-79-81-9-78-34-35-71-66-32-90-10-70-50-77-68-80-12|94-92-42-43-15-57-73-21-72-39-67-23-22-41-87-97-37-86-5-84-17-61-85-91-100-98-93-59-95-13-58
206,3,1002.1334,473.636,17.0,849.2971,0,3,38.51676,38.565062,True,52-18-47-36-46-45-16-44-60-82-7-88-31-30-62-11-63-64-49-19-48-8-83-99-96-6-89-53-21-73-72-74-56-4-25-55-54|27-69-1-51-20-65-81-33-76-28-94-37-38-14-40-24-29-3-79-78-34-9-35-71-66-32-90-10-70-50-77-68-80-12|26-97-92-42-43-15-57-23-67-39-75-22-41-2-87-86-5-84-17-61-85-91-100-98-93-59-95-13-58
207,3,1002.1334,473.636,17.0,849.2971,0,3,38.51676,38.565062,True,52-18-47-36-46-45-16-44-60-82-7-88-31-30-62-11-63-64-49-19-48-8-83-99-96-6-89-53-21-73-72-74-56-4-25-55-54|27-69-1-51-20-65-81-33-76-28-94-37-38-14-40-24-29-3-79-78-34-9-35-71-66-32-90-10-70-50-77-68-80-12|26-97-92-42-43-15-57-23-67-39-75-22-41-2-87-86-5-84-17-61-85-91-100-98-93-59-95-13-58
208,3,1004.9452,316.2625,524.0,982.3427,0,3,39.360277,39.456473,True,52-18-37-92-59-96-5-45-46-36-47-19-7-88-62-11-63-64-49-48-82-8-60-99-98-85-61-84-6-94-2-73-72-74-56-25-55-4-21-58-13-95-93-100-91-16-86-17-83-89|42-57-75-39-27-69-31-30-20-51-33-65-71-9-81-79-3-76-54-67-24-29-78-34-35-66-32-90-10-70-1-50-77-68-80-12-26-28|97-44-38-14-43-15-41-23-22-87-40-53
209,3,1004.9452,316.2625,524.0,982.3427,0,3,39.360277,39.456473,True,52-18-37-92-59-96-5-45-46-36-47-19-7-88-62-11-63-64-49-48-82-8-60-99-98-85-61-84-6-94-2-73-72-74-56-25-55-4-21-58-13-95-93-100-91-16-86-17-83-89|42-57-75-39-27-69-31-30-20-51-33-65-71-9-81-79-3-76-54-67-24-29-78-34-35-66-32-90-10-70-1-50-77-68-80-12-26-28|97-44-38-14-43-15-41-23-22-87-40-53
210,3,1005.9507,320.3084,454.0,965.1569,0,3,39.661937,39.749463,True,52-18-5-96-59-92-37-14-86-45-46-36-47-7-88-62-19-11-63-64-49-48-82-8-60-99-98-85-61-84-6-94-2-74-56-25-55-4-21-58-13-95-93-100-91-16-17-83-89|42-57-75-39-27-69-31-30-20-51-33-65-71-9-81-79-3-76-54-24-29-78-34-35-66-32-90-10-70-1-50-77-68-80-12-28|26-72-67-23-15-43-38-44-97-87-41-22-73-40-53
211,3,1005.9915,379.1151,158.0,962.5824,0,3,39.674165,39.740539,True,52-27-18-83-45-46-36-47-7-88-31-62-11-63-64-49-19-48-82-8-84-87-57-41-96-74-56-54-55-25-4-21-58-13-97-37-100-93-61-17-5-60-89|69-30-20-51-33-65-71-9-24-81-79-3-76-29-78-34-35-66-32-90-10-70-1-50-77-68-80-12-26-28|94-95-59-92-42-14-43-15-2-75-23-67-39-72-40-73-22-44-38-86-16-91-85-98-99-6-53
212,3,1005.9915,379.1151,158.0,962.5824,0,3,39.674165,39.740539,True,52-27-18-83-45-46-36-47-7-88-31-62-11-63-64-49-19-48-82-8-84-87-57-41-96-74-56-54-55-25-4-21-58-13-97-37-100-93-61-17-5-60-89|69-30-20-51-33-65-71-9-24-81-79-3-76-29-78-34-35-66-32-90-10-70-1-50-77-68-80-12-26-28|94-95-59-92-42-14-43-15-2-75-23-67-39-72-40-73-22-44-38-86-16-91-85-98-99-6-53
213,3,1006.7384,447.9297,166.0,846.5681,0,3,39.898235,39.958552,True,52-18-47-36-46-45-44-60-82-7-88-31-62-11-63-64-49-19-48-8-83-99-96-6-89-53-72-74-56-4-25-55-54-80-68-77-12|50-33-81-51-65-20-30-1-69-27-94-38-28-76-24-29-3-79-78-34-9-35-71-66-32-90-10-70|26-97-92-42-43-15-57-2-73-21-39-67-23-75-22-41-40-87-14-86-16-61-5-84-17-85-91-100-37-98-93-59-95-13-58
214,3,1008.0229,445.2031,53.0,972.8644,0,3,40.283585,40.351524,True,27-69-1-30-11-62-88-7-18-99-59-61-16-91-85-98-37-87-2-40-26-12-68-3-34-35-71-66-32-10-70-31-52|94-95-92-42-15-23-67-39-54-29-79-78-9-50-76-53-21-73-72-74-75-56-4-25-55-24-80-77-58-13-97-100-93-17-60-89|28-33-81-51-65-20-90-63-64-36-46-45-86-38-44-14-43-57-41-22-6-96-5-84-83-8-47-49-19-48-82
215,3,1008.0229,445.2031,53.0,972.8644,0,3,40.283585,40.351524,True,27-69-1-30-11-62-88-7-18-99-59-61-16-91-85-98-37-87-2-40-26-12-68-3-34-35-71-66-32-10-70-31-52|94-95-92-42-15-23-67-39-54-29-79-78-9-50-76-53-21-73-72-74-75-56-4-25-55-24-80-77-58-13-97-100-93-17-60-89|28-33-81-51-65-20-90-63-64-36-46-45-86-38-44-14-43-57-41-22-6-96-5-84-83-8-47-49-19-48-82
216,3,1008.7239,450.6424,116.0,859.3698,0,3,40.493888,40.552129,True,27-52-18-60-45-46-36-47-82-7-88-31-62-11-63-64-49-19-48-8-83-99-96-6-89-53-35-71-66-32-90-70-1|28-12-3-50-33-81-51-20-30-69-76-65-9-34-78-79-29-24-54-10-87-57-2-21-74-75-56-4-25-55-80-68-77-26|94-95-59-92-42-15-23-67-39-72-40-73-22-41-43-44-14-38-86-16-61-5-84-17-93-85-91-100-98-37-97-13-58
217,3,1010.9603,320.7965,383.0,965.1569,0,3,41.164832,41.246834,True,52-18-5-96-59-92-37-14-86-45-46-36-47-88-62-19-11-63-64-49-48-82-8-60-99-98-85-61-84-6-94-2-74-56-25-55-4-21-58-13-95-93-100-91-16-17-83-89|27-69-31-30-20-51-33-65-71-9-81-79-3-76-54-24-29-78-34-35-66-32-90-10-70-1-50-77-68-80-12-28|26-7-39-23-15-42-43-38-44-97-87-57-41-22-75-67-72-73-40-53
218,3,1010.9603,320.7965,383.0,965.1569,0,3,41.164832,41.246834,True,52-18-5-96-59-92-37-14-86-45-46-36-47-88-62-19-11-63-64-49-48-82-8-60-99-98-85-61-84-6-94-2-74-56-25-55-4-21-58-13-95-93-100-91-16-17-83-89|27-69-31-30-20-51-33-65-71-9-81-79-3-76-54-24-29-78-34-35-66-32-90-10-70-1-50-77-68-80-12-28|26-7-39-23-15-42-43-38-44-97-87-57-41-22-75-67-72-73-40-53
219,3,1011.8126,327.9786,370.0,994.2114,0,3,41.420494,41.506888,True,27-52-18-60-86-45-46-36-47-48-82-7-88-62-19-11-64-49-8-83-84-5-99-6-94-95-98-85-59-96-89-31-10-63-90-32-66-35-20-70-1-28|69-50-76-3-33-65-71-9-30-51-81-34-78-79-29-24-54-72-41-22-74-75-56-4-25-55-80-68-77-12-26-58-13-97-93-17-91-100-37|39-73-57-15-43-92-14-42-38-44-16-61-87-2-23-67-21-40-53
220,3,1011.8126,327.9786,370.0,994.2114,0,3,41.420494,41.506888,True,27-52-18-60-86-45-46-36-47-48-82-7-88-62-19-11-64-49-8-83-84-5-99-6-94-95-98-85-59-96-89-31-10-63-90-32-66-35-20-70-1-28|69-50-76-3-33-65-71-9-30-51-81-34-78-79-29-24-54-72-41-22-74-75-56-4-25-55-80-68-77-12-26-58-13-97-93-17-91-100-37|39-73-57-15-43-92-14-42-38-44-16-61-87-2-23-67-21-40-53
221,3,1012.5821,458.8257,162.0,859.1035,0,3,41.65137,41.716556,True,27-52-18-60-45-46-36-47-82-7-88-31-62-11-63-64-49-19-48-8-83-99-96-6-89-53-35-71-66-32-90-10-70-1|28-12-3-50-33-81-51-20-30-69-76-65-9-34-78-79-29-24-54-56-72-22-74-4-25-55-80-68-77-26|92-42-43-15-57-2-75-23-67-39-21-97-44-38-14-41-73-87-40-16-86-61-5-84-17-85-91-100-37-98-93-59-95-94-13-58
222,3,1015.3484,472.6585,92.0,860.2303,0,3,42.481247,42.542506,True,52-18-47-36-46-45-44-60-82-7-88-31-30-62-11-63-64-49-19-48-8-83-99-96-6-89-53-74-56-4-25-55-54-26|27-69-20-65-51-81-33-76-28-94-98-38-97-24-29-3-79-78-34-9-35-71-66-32-90-10-70-1-50-77-68-80-12|92-42-43-15-57-2-21-39-67-23-75-41-22-72-73-40-87-14-86-16-61-5-84-17-85-91-100-37-93-59-95-13-58
223,3,1015.6248,460.9876,106.0,860.2303,0,3,42.564167,42.625159,True,52-18-60-45-46-36-47-82-7-88-31-30-62-11-63-64-49-19-48-8-83-99-96-6-89-53-56-74-72-4-25-55-54|27-69-65-33-76-92-37-38-44-94-12-24-29-3-79-34-78-81-9-51-20-35-71-66-32-90-10-70-1-50-77-68-80-28|26-97-42-43-15-57-2-21-73-67-39-23-75-22-41-40-87-14-86-16-61-5-84-17-85-91-100-98-93-59-95-13-58
224,3,1016.4386,372.9878,215.0,977.6957,0,3,42.808306,42.884862,True,52-18-83-45-46-36-47-82-7-90-32-65-71-51-30-88-63-64-49-19-48-8-84-37-87-57-41-74-56-4-25-55-26-58-13-59-93-98-100-16-61-17-5-60-89|27-62-31-69-1-50-76-3-33-81-79-9-20-11-10-66-78-35-34-29-24-54-80-68-77-12-28-70|94-95-92-97-42-15-2-73-72-75-23-67-39-21-40-22-43-14-44-38-86-91-85-99-96-6-53
225,3,1018.6215,452.7864,162.0,859.1035,0,3,43.463186,43.529278,True,27-52-18-60-45-46-36-47-82-7-31-88-62-11-63-64-49-19-48-8-83-99-96-6-89-53-35-71-66-32-90-10-70-1|28-12-3-50-33-81-51-30-69-76-65-9-34-20-78-79-29-24-54-72-22-74-56-4-25-55-80-68-77-26|92-42-43-15-57-2-75-23-67-39-21-40-97-44-38-14-41-73-87-16-86-61-5-84-17-85-91-100-37-98-93-59-95-94-13-58
226,3,1019.0599,292.4321,564.0,962.6094,0,3,43.594693,43.692589,True,52-18-60-5-96-92-37-14-86-45-46-36-47-7-88-62-19-11-63-64-49-48-82-8-83-99-85-61-84-6-94-2-73-21-72-74-56-25-55-4-58-13-95-59-93-98-100-91-16-17-89|42-57-75-39-27-69-31-30-20-51-33-65-9-81-79-3-76-54-67-24-29-78-34-35-71-66-32-90-10-70-1-50-77-68-80-12-26-28|97-44-38-43-15-41-23-22-87-40-53
227,3,1019.0599,292.4321,564.0,962.6094,0,3,43.594693,43.692589,True,52-18-60-5-96-92-37-14-86-45-46-36-47-7-88-62-19-11-63-64-49-48-82-8-83-99-85-61-84-6-94-2-73-21-72-74-56-25-55-4-58-13-95-59-93-98-100-91-16-17-89|42-57-75-39-27-69-31-30-20-51-33-65-9-81-79-3-76-54-67-24-29-78-34-35-71-66-32-90-10-70-1-50-77-68-80-12-26-28|97-44-38-43-15-41-23-22-87-40-53
228,3,1019.3488,307.1428,411.0,974.5897,0,3,43.681382,43.768068,True,52-18-60-5-96-92-37-14-86-45-46-36-47-7-88-31-62-19-11-64-49-48-82-8-99-85-61-84-6-94-2-74-56-25-55-4-58-13-95-59-93-98-100-91-16-17-83-89|42-57-75-39-54-12-76-33-81-65-71-9-79-51-20-30-32-90-63-10-66-78-35-34-29-24-80-68-77-3-50-1-70|27-69-28-26-21-72-67-23-15-43-38-44-97-87-41-22-73-40-53
229,3,1019.6481,306.2524,524.0,974.5897,0,3,43.771146,43.869088,True,52-18-60-5-96-92-37-14-86-45-46-36-47-7-88-62-19-11-63-64-49-48-82-8-99-85-61-84-6-94-2-74-72-56-25-55-4-58-13-95-59-93-98-100-91-16-17-83-89|42-57-75-39-27-69-31-30-20-51-33-65-9-81-79-3-76-54-67-24-29-78-34-35-71-66-32-90-10-70-1-50-77-68-80-12-26-28|97-44-38-43-15-87-41-23-22-73-21-40-53
230,3,1020.4821,283.5397,564.0,965.1569,0,3,44.021361,44.118732,True,52-18-5-96-59-92-37-14-86-45-46-36-47-7-88-62-19-11-63-64-49-48-82-8-60-99-98-85-61-84-6-94-2-73-72-74-56-25-55-4-21-58-13-95-93-100-91-16-17-83-89|42-57-75-39-27-69-31-30-20-51-33-65-71-9-81-79-3-76-54-67-24-29-78-34-35-66-32-90-10-70-1-50-77-68-80-12-26-28|97-44-38-43-15-41-23-22-87-40-53
231,3,1020.4821,283.5397,564.0,965.1569,0,3,44.021361,44.118732,True,52-18-5-96-59-92-37-14-86-45-46-36-47-7-88-62-19-11-63-64-49-48-82-8-60-99-98-85-61-84-6-94-2-73-72-74-56-25-55-4-21-58-13-95-93-100-91-16-17-83-89|42-57-75-39-27-69-31-30-20-51-33-65-71-9-81-79-3-76-54-67-24-29-78-34-35-66-32-90-10-70-1-50-77-68-80-12-26-28|97-44-38-43-15-41-23-22-87-40-53
232,3,1020.9294,469.1574,66.0,873.7048,0,3,44.155562,44.217391,True,52-18-82-47-36-46-45-44-60-7-88-31-69-30-62-11-63-64-49-19-48-8-83-96-6-2-73-72-74-56-4-25-55-54|27-1-20-65-51-33-76-92-37-14-38-99-94-53-26-24-29-79-81-9-78-34-35-71-66-32-90-10-70-50-3-77-68-80-12-28|89-97-42-43-15-57-21-67-39-23-75-22-41-40-87-16-86-61-5-84-17-85-91-100-98-93-59-95-13-58
233,3,1021.8793,368.1097,244.0,984.3321,0,3,44.440525,44.521877,True,52-89-96-43-14-86-45-46-36-47-48-7-88-31-62-11-63-64-49-19-82-8-83-84-6-87-57-74-56-4-54-68-24-55-25-2-13-97-37-100-93-61-17-5-60-18|28-27-69-1-33-51-30-76-20-65-71-9-81-79-3-29-78-34-35-66-32-90-10-70-50-77-80-12-26-58|94-73-72-39-23-15-42-92-95-59-99-98-85-91-16-44-38-41-22-75-67-21-40-53
234,3,1022.1687,402.4188,94.0,949.5898,0,3,44.527352,44.593725,True,28-12-54-24-29-33-81-65-51-30-32-90-63-64-11-19-48-82-18-89-6-96-99-87-40-21-73-72-56-53|2-57-15-42-44-85-45-46-36-47-62-88-69-1-50-76-79-78-9-66-10-49-7-52-26-4-25-55-80-68-77-3-34-35-71-20-70-31|27-94-95-92-75-39-67-23-22-41-43-14-38-86-61-5-60-83-8-84-17-16-91-100-37-98-93-59-97-13-74-58
235,3,1022.1687,402.4188,94.0,949.5898,0,3,44.527352,44.593725,True,28-12-54-24-29-33-81-65-51-30-32-90-63-64-11-19-48-82-18-89-6-96-99-87-40-21-73-72-56-53|2-57-15-42-44-85-45-46-36-47-62-88-69-1-50-76-79-78-9-66-10-49-7-52-26-4-25-55-80-68-77-3-34-35-71-20-70-31|27-94-95-92-75-39-67-23-22-41-43-14-38-86-61-5-60-83-8-84-17-16-91-100-37-98-93-59-97-13-74-58
236,3,1022.5478,436.6613,152.0,859.1035,0,3,44.641057,44.704908,True,27-52-18-60-45-46-36-47-82-7-88-31-63-62-11-64-49-19-48-8-83-99-96-6-89-53-35-71-66-32-90-10-70|28-12-3-1-33-50-81-51-20-30-69-76-65-9-34-78-79-29-24-54-72-22-74-56-4-25-55-80-68-77-26|92-42-43-15-57-2-23-67-39-75-21-40-97-44-38-14-41-73-87-16-86-61-5-84-17-85-91-100-37-98-93-59-95-94-13-58
237,3,1022.5478,436.6613,152.0,859.1035,0,3,44.641057,44.704908,True,27-52-18-60-45-46-36-47-82-7-88-31-63-62-11-64-49-19-48-8-83-99-96-6-89-53-35-71-66-32-90-10-70|28-12-3-1-33-50-81-51-20-30-69-76-65-9-34-78-79-29-24-54-72-22-74-56-4-25-55-80-68-77-26|92-42-43-15-57-2-23-67-39-75-21-40-97-44-38-14-41-73-87-16-86-61-5-84-17-85-91-100-37-98-93-59-95-94-13-58
238,3,1023.1996,519.3171,10.0,894.5456,0,3,44.836596,44.904157,True,52-18-82-47-36-46-45-86-44-5-60-7-88-62-11-63-64-49-19-48-8-83-99-96-6-53-21-72-74-56-4-25-55-54-26|27-69-31-30-20-51-33-65-9-79-76-38-94-81-78-29-24-34-35-71-66-32-90-10-70-1-50-3-68-80-77-12-28|89-92-97-42-57-15-73-39-67-23-75-22-41-40-2-87-43-14-16-84-17-61-85-91-100-37-98-93-59-95-13-58
239,3,1023.1996,519.3171,10.0,894.5456,0,3,44.836596,44.904157,True,52-18-82-47-36-46-45-86-44-5-60-7-88-62-11-63-64-49-19-48-8-83-99-96-6-53-21-72-74-56-4-25-55-54-26|27-69-31-30-20-51-33-65-9-79-76-38-94-81-78-29-24-34-35-71-66-32-90-10-70-1-50-3-68-80-77-12-28|89-92-97-42-57-15-73-39-67-23-75-22-41-40-2-87-43-14-16-84-17-61-85-91-100-37-98-93-59-95-13-58
240,3,1023.2812,409.5383,88.0,986.809,0,3,44.861083,44.933841,True,27-69-30-62-88-7-18-60-99-59-85-91-44-38-43-98-37-87-40-26-12-68-34-35-71-66-20-10-70-31-52|95-92-42-15-23-67-39-54-29-78-9-81-79-3-76-1-28-53-21-73-72-74-75-56-4-25-55-24-80-77-58-13-97-100-61-17-93-96-89|50-33-51-65-32-90-63-11-64-36-46-45-86-16-14-57-41-22-2-94-6-5-84-83-8-47-49-19-48-82
241,3,1023.2812,409.5383,88.0,986.809,0,3,44.861083,44.933841,True,27-69-30-62-88-7-18-60-99-59-85-91-44-38-43-98-37-87-40-26-12-68-34-35-71-66-20-10-70-31-52|95-92-42-15-23-67-39-54-29-78-9-81-79-3-76-1-28-53-21-73-72-74-75-56-4-25-55-24-80-77-58-13-97-100-61-17-93-96-89|50-33-51-65-32-90-63-11-64-36-46-45-86-16-14-57-41-22-2-94-6-5-84-83-8-47-49-19-48-82
242,3,1023.6972,442.0895,52.0,860.2303,0,3,44.985893,45.041071,True,52-18-82-47-36-46-45-16-44-60-7-88-31-30-62-11-63-64-49-19-48-8-83-99-96-6-89-53-73-72-74-56-4-25-55|27-69-20-65-51-81-33-3-76-28-94-37-38-54-24-29-79-78-34-9-35-71-66-32-90-10-70-1-50-77-68-80-12|26-97-92-42-43-15-57-2-21-39-67-23-75-22-41-40-87-14-86-61-5-84-17-85-91-100-98-93-59-95-13-58
243,3,1023.6972,442.0895,52.0,860.2303,0,3,44.985893,45.041071,True,52-18-82-47-36-46-45-16-44-60-7-88-31-30-62-11-63-64-49-19-48-8-83-99-96-6-89-53-73-72-74-56-4-25-55|27-69-20-65-51-81-33-3-76-28-94-37-38-54-24-29-79-78-34-9-35-71-66-32-90-10-70-1-50-77-68-80-12|26-97-92-42-43-15-57-2-21-39-67-23-75-22-41-40-87-14-86-61-5-84-17-85-91-100-98-93-59-95-13-58
244,3,1024.3938,459.7048,113.0,856.3221,0,3,45.194877,45.258421,True,52-18-47-36-46-45-44-60-82-7-88-31-62-11-63-64-49-19-48-8-83-99-96-6-89-53-74-56-4-25-55-54-26|27-69-1-20-30-65-33-50-76-28-94-98-38-97-24-29-3-79-78-9-81-34-35-71-66-32-90-10-70-51-77-68-80-12|92-42-43-15-57-2-21-39-67-23-75-41-22-72-73-40-87-14-86-16-61-5-84-17-85-91-100-37-93-59-95-13-58
245,3,1025.3541,397.9512,289.0,831.8646,0,3,45.482945,45.551445,True,28-12-54-24-29-3-33-81-65-51-30-62-19-48-82-7-88-52-18-60-99-59-96-6-94-87-37-98-85-61-84-17-86-16-91-100-93-95-13-58|26-2-57-42-97-92-5-45-46-47-36-64-11-63-90-32-9-34-78-79-50-10-49-8-83-89-21-72-74-75-56-4-25-55-80-68-77|27-69-76-39-67-23-15-43-38-44-14-41-22-73-40-53-1-35-71-66-20-70-31
246,3,1026.3659,430.8678,143.0,856.6583,0,3,45.786496,45.849356,True,27-52-18-60-5-45-46-36-47-82-7-88-62-11-63-64-49-19-48-8-83-99-96-6-89-53-34-35-71-66-32-90-70-1|28-50-3-33-81-51-20-30-69-76-65-9-78-79-29-24-54-12-10-31-72-74-56-4-25-55-80-68-77-26|94-92-42-43-15-57-2-75-23-67-39-21-40-97-44-38-14-41-22-73-87-16-86-84-17-61-85-91-100-37-98-93-59-95-13-58
247,3,1027.3446,449.729,40.0,849.2971,0,3,46.080115,46.134694,True,52-18-47-36-46-45-44-60-82-7-88-31-30-62-11-63-64-49-19-48-8-83-99-96-6-53-21-74-73-72-56-4-25-55-54-26|27-69-1-20-65-33-76-28-89-38-98-94-24-29-3-79-51-9-81-78-34-35-71-66-32-90-10-70-50-77-68-80-12|97-92-42-43-15-57-23-67-39-75-22-41-40-2-87-14-86-16-61-5-84-17-85-91-100-37-93-59-95-13-58
248,3,1027.3446,449.729,40.0,849.2971,0,3,46.080115,46.134694,True,52-18-47-36-46-45-44-60-82-7-88-31-30-62-11-63-64-49-19-48-8-83-99-96-6-53-21-74-73-72-56-4-25-55-54-26|27-69-1-20-65-33-76-28-89-38-98-94-24-29-3-79-51-9-81-78-34-35-71-66-32-90-10-70-50-77-68-80-12|97-92-42-43-15-57-23-67-39-75-22-41-40-2-87-14-86-16-61-5-84-17-85-91-100-37-93-59-95-13-58
249,3,1027.421,377.8449,206.0,986.3157,0,3,46.103036,46.184008,True,52-18-96-92-43-15-42-83-45-46-36-47-7-88-31-62-11-63-64-49-19-48-82-8-84-87-57-41-74-56-54-24-55-25-4-21-26-58-13-97-37-100-93-61-17-5-60-89|39-27-69-30-20-51-33-65-71-9-81-79-3-76-29-78-34-35-66-32-90-10-70-1-50-77-68-80-12-28|94-95-59-98-14-86-16-91-85-99-44-38-22-23-67-75-72-73-2-40-53-6
250,3,1027.6641,329.3595,207.0,991.6684,0,3,46.17596,46.250635,True,52-18-83-45-46-36-47-7-88-64-49-19-48-82-8-84-87-57-41-75-56-74-72-54-24-55-25-4-21-26-58-13-97-37-100-98-93-61-17-5-60-89|27-1-69-62-11-63-30-51-33-81-65-20-9-79-3-76-53-6-94-2-40-29-78-34-35-71-66-32-90-10-31-70-50-77-68-80-12-28|95-59-92-43-91-85-16-44-14-42-15-39-67-23-22-73-38-86-99-96
251,3,1027.6641,329.3595,207.0,991.6684,0,3,46.17596,46.250635,True,52-18-83-45-46-36-47-7-88-64-49-19-48-82-8-84-87-57-41-75-56-74-72-54-24-55-25-4-21-26-58-13-97-37-100-98-93-61-17-5-60-89|27-1-69-62-11-63-30-51-33-81-65-20-9-79-3-76-53-6-94-2-40-29-78-34-35-71-66-32-90-10-31-70-50-77-68-80-12-28|95-59-92-43-91-85-16-44-14-42-15-39-67-23-22-73-38-86-99-96
252,3,1028.5646,447.6587,68.0,859.8412,0,3,46.446107,46.505123,True,52-18-47-36-46-45-16-44-60-82-7-88-31-30-62-11-63-64-49-19-48-8-83-99-96-6-89-53-73-72-74-56-4-25-55-54|27-69-1-20-65-51-81-33-76-94-37-38-24-29-3-79-78-34-9-35-71-66-32-90-10-70-50-77-68-80-12-28|26-97-92-42-43-15-57-2-21-39-67-23-75-22-41-40-87-14-86-61-5-84-17-85-91-100-98-93-59-95-13-58
253,3,1028.6844,442.7235,138.0,859.1035,0,3,46.482049,46.54725,True,27-52-18-60-45-46-36-47-82-7-88-62-11-63-64-49-19-48-8-83-99-96-6-89-53-50-35-71-66-32-90-10-70-1|28-12-3-51-81-33-76-65-20-30-31-69-9-34-78-79-29-24-54-72-41-22-74-56-4-25-55-80-68-77-26|92-42-43-39-15-57-2-73-75-23-67-21-40-44-87-97-14-38-86-16-61-5-84-17-85-91-100-37-98-93-59-95-94-13-58
254,3,1028.8561,271.0141,289.0,966.3073,0,3,46.533562,46.604238,True,33-65-20-32-64-11-62-88-45-31-30-69-1-76-50-51-9-81-78-79-3-68-12-26-54-4-55-25-56-75-74-73-58-13-97-37-100-98-93-17-89|96-18-7-47-36-46-61-44-14-42-15-39-67-23-41-22-72-21-40-6-99-5-84-8-48-19-49-63-90-10-70-66-71-35-34-29-24-80-77-28|27-52-82-83-60-94-95-92-59-85-91-16-86-38-43-57-87-2-53
255,3,1028.8561,271.0141,289.0,966.3073,0,3,46.533562,46.604238,True,33-65-20-32-64-11-62-88-45-31-30-69-1-76-50-51-9-81-78-79-3-68-12-26-54-4-55-25-56-75-74-73-58-13-97-37-100-98-93-17-89|96-18-7-47-36-46-61-44-14-42-15-39-67-23-41-22-72-21-40-6-99-5-84-8-48-19-49-63-90-10-70-66-71-35-34-29-24-80-77-28|27-52-82-83-60-94-95-92-59-85-91-16-86-38-43-57-87-2-53
256,3,1029.4066,296.8525,454.0,965.1569,0,3,46.698706,46.789751,True,52-18-5-96-59-92-37-14-86-45-46-36-47-7-88-62-19-11-63-64-49-48-82-8-60-99-98-85-61-84-6-94-2-74-56-25-55-4-21-58-13-95-93-100-91-16-17-83-89|42-57-75-39-27-69-31-30-20-51-33-65-71-81-79-9-3-76-54-24-29-78-34-35-66-32-90-10-70-1-50-77-68-80-12-28|26-72-67-23-15-43-38-44-97-87-41-22-73-40-53
257,3,1031.6541,466.5686,27.0,870.7744,0,3,47.37297,47.433289,True,52-47-36-46-45-16-44-60-82-7-88-31-30-62-11-63-64-49-19-48-8-83-84-96-6-89-53-21-74-72-56-4-25-55-54|27-69-33-51-65-20-18-5-99-38-98-94-76-24-29-3-79-81-9-78-34-35-71-66-32-90-10-70-1-50-77-68-80-12-28|26-97-92-42-43-15-57-2-75-39-67-23-41-22-73-40-87-14-86-17-61-85-91-100-37-93-59-95-13-58
258,3,1031.973,349.0923,179.0,969.3347,0,3,47.468628,47.541405,True,52-18-83-45-46-36-47-82-7-90-32-65-71-30-88-63-64-49-19-48-8-84-98-37-87-57-41-74-56-4-25-55-26-58-13-97-93-100-16-61-17-5-60-89|27-62-31-69-1-50-51-81-33-76-3-79-9-20-11-10-66-78-35-34-29-24-54-80-68-77-12-28-70|94-95-59-92-42-15-2-21-72-75-23-67-39-40-73-22-43-14-44-38-86-91-85-99-96-6-53
259,3,1031.973,349.0923,179.0,969.3347,0,3,47.468628,47.541405,True,52-18-83-45-46-36-47-82-7-90-32-65-71-30-88-63-64-49-19-48-8-84-98-37-87-57-41-74-56-4-25-55-26-58-13-97-93-100-16-61-17-5-60-89|27-62-31-69-1-50-51-81-33-76-3-79-9-20-11-10-66-78-35-34-29-24-54-80-68-77-12-28-70|94-95-59-92-42-15-2-21-72-75-23-67-39-40-73-22-43-14-44-38-86-91-85-99-96-6-53
260,3,1033.4949,376.4459,141.0,973.1604,0,3,47.925208,47.999319,True,69-1-20-30-31-62-88-18-99-59-15-43-38-16-91-85-98-37-87-40-26-12-3-34-35-71-66-10-70|27-94-92-97-42-57-23-67-39-54-29-78-9-81-79-76-28-53-21-73-72-74-75-56-4-55-25-24-80-68-77-58-13-100-93-61-17-60-89|50-33-51-65-32-90-63-11-64-36-46-45-86-44-14-41-22-2-95-6-96-5-84-83-8-82-48-47-49-19-7-52
261,3,1033.4949,376.4459,141.0,973.1604,0,3,47.925208,47.999319,True,69-1-20-30-31-62-88-18-99-59-15-43-38-16-91-85-98-37-87-40-26-12-3-34-35-71-66-10-70|27-94-92-97-42-57-23-67-39-54-29-78-9-81-79-76-28-53-21-73-72-74-75-56-4-55-25-24-80-68-77-58-13-100-93-61-17-60-89|50-33-51-65-32-90-63-11-64-36-46-45-86-44-14-41-22-2-95-6-96-5-84-83-8-82-48-47-49-19-7-52
262,3,1034.794,441.4294,68.0,859.8412,0,3,48.314921,48.374871,True,52-18-47-36-46-45-16-44-60-82-7-88-31-30-62-11-63-64-49-19-48-8-83-99-96-6-89-53-73-72-74-56-4-25-55-54|27-69-1-20-65-51-81-33-76-94-37-38-24-29-3-79-78-34-9-35-71-66-32-90-10-70-50-77-68-80-12-28|26-97-92-42-43-15-57-2-21-67-39-23-75-22-41-40-87-14-86-61-5-84-17-85-91-100-98-93-59-95-13-58
263,3,1036.0461,423.5579,172.0,839.6421,0,3,48.690562,48.755578,True,52-7-82-47-36-46-45-44-91-92-18-31-88-62-11-63-64-49-19-48-8-83-60-96-6-89-53-56-74-4-25-55-54|27-69-1-51-65-20-30-33-76-28-99-38-94-12-24-29-3-79-78-81-9-34-35-71-66-32-90-10-70-50-77-68-80|26-97-42-43-15-57-2-21-72-67-39-23-75-22-41-73-40-87-14-86-16-61-5-84-17-85-100-37-98-93-59-95-13-58
264,3,1036.0461,423.5579,172.0,839.6421,0,3,48.690562,48.755578,True,52-7-82-47-36-46-45-44-91-92-18-31-88-62-11-63-64-49-19-48-8-83-60-96-6-89-53-56-74-4-25-55-54|27-69-1-51-65-20-30-33-76-28-99-38-94-12-24-29-3-79-78-81-9-34-35-71-66-32-90-10-70-50-77-68-80|26-97-42-43-15-57-2-21-72-67-39-23-75-22-41-73-40-87-14-86-16-61-5-84-17-85-100-37-98-93-59-95-13-58
265,3,1036.2158,331.5372,231.0,929.0907,0,3,48.741481,48.812062,True,42-15-43-14-44-92-99-96-94-87-2-57-41-22-75-72-73-21-40-53-52-18-8-83-60-5-17-93-85-100-98-59-97-95-13-58|27-1-33-28-26-39-23-67-24-29-79-50-69-31-82-84-61-38-86-16-91-37-6|89-45-46-36-47-19-62-11-64-63-90-30-20-65-71-9-81-78-3-76-88-7-48-49-10-32-66-35-34-68-12-74-56-4-25-55-54-80-77-51-70
266,3,1036.2158,331.5372,231.0,929.0907,0,3,48.741481,48.812062,True,42-15-43-14-44-92-99-96-94-87-2-57-41-22-75-72-73-21-40-53-52-18-8-83-60-5-17-93-85-100-98-59-97-95-13-58|27-1-33-28-26-39-23-67-24-29-79-50-69-31-82-84-61-38-86-16-91-37-6|89-45-46-36-47-19-62-11-64-63-90-30-20-65-71-9-81-78-3-76-88-7-48-49-10-32-66-35-34-68-12-74-56-4-25-55-54-80-77-51-70
267,3,1037.347,327.4628,288.0,969.9122,0,3,49.080832,49.162963,True,52-18-83-60-45-46-36-47-7-82-88-31-62-11-63-64-49-19-48-8-84-87-57-41-22-75-56-74-72-54-24-55-25-4-21-26-58-13-97-100-98-93-61-17-5-89|27-69-30-20-51-33-65-71-9-81-79-3-76-53-6-94-40-29-78-34-35-66-32-90-10-70-1-50-77-68-80-12-28|95-59-92-43-91-85-16-44-42-15-39-67-23-37-73-2-14-38-86-99-96
268,3,1037.4899,235.4753,582.0,965.1569,0,3,49.123701,49.220765,True,52-18-5-96-59-92-37-14-86-45-46-36-47-19-7-88-62-11-63-64-49-48-82-8-60-99-98-85-61-84-6-94-2-73-72-74-56-25-55-4-21-58-13-95-93-100-91-16-17-83-89|42-57-75-39-27-69-31-30-20-51-33-65-71-9-81-79-3-76-22-67-54-24-29-78-34-35-66-32-90-10-70-1-50-77-68-80-12-26-28|97-44-38-43-15-87-41-23-40-53
269,3,1037.4899,235.4753,582.0,965.1569,0,3,49.123701,49.220765,True,52-18-5-96-59-92-37-14-86-45-46-36-47-19-7-88-62-11-63-64-49-48-82-8-60-99-98-85-61-84-6-94-2-73-72-74-56-25-55-4-21-58-13-95-93-100-91-16-17-83-89|42-57-75-39-27-69-31-30-20-51-33-65-71-9-81-79-3-76-22-67-54-24-29-78-34-35-66-32-90-10-70-1-50-77-68-80-12-26-28|97-44-38-43-15-87-41-23-40-53
270,3,1037.8413,353.6692,217.0,968.7093,0,3,49.229131,49.308061,True,27-52-18-60-45-46-36-47-82-7-88-31-30-62-11-63-64-49-19-48-8-83-99-96-6-89-53|28-69-50-76-33-65-71-9-78-51-81-34-79-1-10-90-32-66-20-29-24-54-21-72-74-56-4-25-55-80-68-3-35-70-77-12-26|92-42-43-15-57-2-75-23-67-39-40-97-44-38-14-41-22-73-87-98-85-16-86-61-5-84-91-17-100-37-93-59-94-95-13-58
271,3,1037.8413,353.6692,217.0,968.7093,0,3,49.229131,49.308061,True,27-52-18-60-45-46-36-47-82-7-88-31-30-62-11-63-64-49-19-48-8-83-99-96-6-89-53|28-69-50-76-33-65-71-9-78-51-81-34-79-1-10-90-32-66-20-29-24-54-21-72-74-56-4-25-55-80-68-3-35-70-77-12-26|92-42-43-15-57-2-75-23-67-39-40-97-44-38-14-41-22-73-87-98-85-16-86-61-5-84-91-17-100-37-93-59-94-95-13-58
272,3,1042.8915,425.9089,68.0,852.4183,0,3,50.744176,50.803114,True,52-18-47-36-46-45-16-44-60-82-7-88-31-30-62-11-63-64-49-19-48-8-83-99-96-6-89-53-73-72-74-56-4-25-55-54|27-69-1-20-65-51-81-33-76-94-37-38-24-29-3-79-78-34-9-71-35-66-32-90-10-70-50-77-80-68-12-28|26-97-92-42-43-15-57-2-21-67-39-23-75-22-41-40-87-14-86-61-5-84-17-85-91-100-98-93-59-95-13-58
273,3,1042.8915,425.9089,68.0,852.4183,0,3,50.744176,50.803114,True,52-18-47-36-46-45-16-44-60-82-7-88-31-30-62-11-63-64-49-19-48-8-83-99-96-6-89-53-73-72-74-56-4-25-55-54|27-69-1-20-65-51-81-33-76-94-37-38-24-29-3-79-78-34-9-71-35-66-32-90-10-70-50-77-80-68-12-28|26-97-92-42-43-15-57-2-21-67-39-23-75-22-41-40-87-14-86-61-5-84-17-85-91-100-98-93-59-95-13-58
274,3,1043.5601,390.8776,201.0,831.8646,0,3,50.944767,51.008867,True,26-12-24-29-3-33-81-65-62-19-48-82-7-88-52-18-99-59-96-6-94-41-87-37-98-85-61-84-17-86-16-91-100-93-95-13-58|2-57-42-97-92-5-45-46-47-36-64-11-63-90-32-9-34-78-79-51-30-10-49-8-83-60-89-21-72-74-75-56-4-25-55-80-68-77|27-69-1-76-54-39-67-23-22-15-44-38-14-43-73-40-53-28-50-35-71-66-20-70-31
275,3,1043.5601,390.8776,201.0,831.8646,0,3,50.944767,51.008867,True,26-12-24-29-3-33-81-65-62-19-48-82-7-88-52-18-99-59-96-6-94-41-87-37-98-85-61-84-17-86-16-91-100-93-95-13-58|2-57-42-97-92-5-45-46-47-36-64-11-63-90-32-9-34-78-79-51-30-10-49-8-83-60-89-21-72-74-75-56-4-25-55-80-68-77|27-69-1-76-54-39-67-23-22-15-44-38-14-43-73-40-53-28-50-35-71-66-20-70-31
276,3,1046.03,182.0527,330.0,985.2655,0,3,51.685731,51.755159,True,39-24-29-33-65-20-30-31-88-18-27-69-1-51-9-81-78-79-3-50-76-28-53-21-73-74-75-56-4-25-55-54-80-68-58-13-97-37-100-93-17-5-60-89|45-46-36-64-11-62-59-92-14-43-15-41-22-23-67-72-40-6-96-99-84-8-48-47-49-19-63-90-32-10-70-66-71-35-34-77-12-26|52-7-82-83-94-95-98-91-85-61-16-86-44-38-42-57-2-87
277,3,1046.03,182.0527,330.0,985.2655,0,3,51.685731,51.755159,True,39-24-29-33-65-20-30-31-88-18-27-69-1-51-9-81-78-79-3-50-76-28-53-21-73-74-75-56-4-25-55-54-80-68-58-13-97-37-100-93-17-5-60-89|45-46-36-64-11-62-59-92-14-43-15-41-22-23-67-72-40-6-96-99-84-8-48-47-49-19-63-90-32-10-70-66-71-35-34-77-12-26|52-7-82-83-94-95-98-91-85-61-16-86-44-38-42-57-2-87
278,3,1048.6021,396.0224,187.0,836.6971,0,3,52.457356,52.523066,True,52-18-47-36-46-45-44-60-82-7-88-31-30-62-11-63-64-49-19-48-8-83-99-96-6-89-53-56-74-72-4-25-55-54-80-68-77-12|27-69-1-20-65-51-33-50-94-38-28-76-24-29-3-79-81-9-78-34-35-71-66-32-90-10-70|26-97-92-95-42-43-15-57-2-21-73-67-39-23-75-22-41-40-87-14-86-16-61-5-84-17-85-91-100-37-98-93-59-13-58
279,3,1048.6021,396.0224,187.0,836.6971,0,3,52.457356,52.523066,True,52-18-47-36-46-45-44-60-82-7-88-31-30-62-11-63-64-49-19-48-8-83-99-96-6-89-53-56-74-72-4-25-55-54-80-68-77-12|27-69-1-20-65-51-33-50-94-38-28-76-24-29-3-79-81-9-78-34-35-71-66-32-90-10-70|26-97-92-95-42-43-15-57-2-21-73-67-39-23-75-22-41-40-87-14-86-16-61-5-84-17-85-91-100-37-98-93-59-13-58
280,3,1048.6747,422.7331,162.0,859.1035,0,3,52.479152,52.549752,True,27-52-18-45-60-36-46-47-82-7-88-31-62-11-63-64-49-19-48-8-83-99-96-6-89-53-35-71-66-32-90-10-70-1|28-12-3-50-33-81-51-20-30-69-76-65-9-34-78-79-29-24-54-72-22-74-56-4-25-55-80-68-77-26|92-42-43-57-2-75-15-23-67-39-21-40-97-44-38-14-41-73-87-16-86-61-5-84-17-85-91-100-37-98-93-59-95-94-13-58
281,3,1049.5633,443.5612,151.0,833.5247,0,3,52.745714,52.814768,True,27-52-18-60-5-83-45-46-36-47-82-7-88-31-62-11-63-64-49-8-48-19-90-32-66-71-35-70-1-72-58|28-12-3-50-33-81-51-20-30-69-76-65-9-34-78-79-29-24-54-10-53-22-74-56-4-25-55-80-68-77-26|89-94-92-97-42-43-15-57-2-75-23-67-39-21-40-73-41-38-44-14-87-6-96-99-85-16-86-84-17-61-91-100-37-98-93-59-95-13
282,3,1049.5633,443.5612,151.0,833.5247,0,3,52.745714,52.814768,True,27-52-18-60-5-83-45-46-36-47-82-7-88-31-62-11-63-64-49-8-48-19-90-32-66-71-35-70-1-72-58|28-12-3-50-33-81-51-20-30-69-76-65-9-34-78-79-29-24-54-10-53-22-74-56-4-25-55-80-68-77-26|89-94-92-97-42-43-15-57-2-75-23-67-39-21-40-73-41-38-44-14-87-6-96-99-85-16-86-84-17-61-91-100-37-98-93-59-95-13
283,3,1052.1526,323.2986,448.0,940.0208,0,3,53.522517,53.619982,True,28-12-54-24-29-3-33-81-51-65-32-63-64-11-19-48-82-7-88-52-89-96-59-99-5-84-60-83-8-18-6-94-95-97-37-98-100-85-61-17-93-13-2-74-72-73-21-58|1-27-92-42-91-16-44-86-45-46-36-62-69-76-79-78-9-30-10-47-49-90-20-66-71-35-34-55-25-56-4-80-68-77-50-70-31|26-39-67-23-75-15-41-22-57-43-38-14-87-40-53
284,3,1053.6662,421.5647,87.0,926.6942,0,3,53.976577,54.051137,True,26-12-24-3-33-51-30-32-90-63-64-11-19-82-18-89-99-85-61-84-17-86-16-91-100-37-98-93-96-94-58|27-95-97-42-92-59-5-45-46-36-47-48-7-62-88-69-76-79-78-9-20-49-8-83-60-6-13-73-72-74-56-4-25-55-54-80-68-77-35-70|50-81-71-65-34-29-39-67-23-75-15-43-38-44-14-87-2-57-41-22-21-40-53-28-1-66-10-31-52
285,3,1054.1409,357.853,171.0,987.1555,0,3,54.118995,54.20161,True,52-18-47-36-46-45-44-60-82-7-88-31-30-62-11-63-64-49-19-48-8-83-99-96-6-89-53|27-69-1-50-33-81-3-29-34-65-20-51-9-78-79-76-94-38-56-55-68-35-71-66-32-90-10-70-77-24-25-4-74-72-54-80-12-26-28|97-92-42-43-15-57-2-39-67-23-75-22-41-73-21-40-87-14-86-16-61-5-84-17-85-91-100-37-98-93-59-95-13-58
286,3,1054.1409,357.853,171.0,987.1555,0,3,54.118995,54.20161,True,52-18-47-36-46-45-44-60-82-7-88-31-30-62-11-63-64-49-19-48-8-83-99-96-6-89-53|27-69-1-50-33-81-3-29-34-65-20-51-9-78-79-76-94-38-56-55-68-35-71-66-32-90-10-70-77-24-25-4-74-72-54-80-12-26-28|97-92-42-43-15-57-2-39-67-23-75-22-41-73-21-40-87-14-86-16-61-5-84-17-85-91-100-37-98-93-59-95-13-58
287,3,1054.1663,362.5832,106.0,990.6152,0,3,54.126611,54.203962,True,69-31-30-11-62-88-7-18-96-99-59-98-85-91-16-38-43-37-87-40-26-12-68-3-34-35-71-66-32-10-70-52|27-94-95-92-42-15-23-67-39-54-29-78-9-79-76-50-1-53-21-73-72-74-75-56-4-25-55-24-80-77-58-13-97-100-93-17-61-60-89|28-33-81-51-65-20-90-63-64-36-46-45-86-44-14-57-41-22-2-6-5-84-83-8-47-49-19-48-82
288,3,1054.1663,362.5832,106.0,990.6152,0,3,54.126611,54.203962,True,69-31-30-11-62-88-7-18-96-99-59-98-85-91-16-38-43-37-87-40-26-12-68-3-34-35-71-66-32-10-70-52|27-94-95-92-42-15-23-67-39-54-29-78-9-79-76-50-1-53-21-73-72-74-75-56-4-25-55-24-80-77-58-13-97-100-93-17-61-60-89|28-33-81-51-65-20-90-63-64-36-46-45-86-44-14-57-41-22-2-6-5-84-83-8-47-49-19-48-82
289,3,1054.6164,480.7103,14.0,882.4323,0,3,54.261638,54.331416,True,18-7-82-83-60-5-85-44-45-46-36-64-11-62-88-30-32-90-19-49-47-48-8-84-6-53-74-72-56-4-25-55-54|33-51-65-20-69-31-52-27-94-38-99-76-3-29-24-79-81-9-78-34-35-71-66-63-10-70-1-50-77-68-80-12-26-28|89-92-97-42-43-15-57-2-73-21-39-67-23-75-22-41-40-87-14-86-17-61-16-91-100-37-98-93-59-96-95-13-58
290,3,1054.6164,480.7103,14.0,882.4323,0,3,54.261638,54.331416,True,18-7-82-83-60-5-85-44-45-46-36-64-11-62-88-30-32-90-19-49-47-48-8-84-6-53-74-72-56-4-25-55-54|33-51-65-20-69-31-52-27-94-38-99-76-3-29-24-79-81-9-78-34-35-71-66-63-10-70-1-50-77-68-80-12-26-28|89-92-97-42-43-15-57-2-73-21-39-67-23-75-22-41-40-87-14-86-17-61-16-91-100-37-98-93-59-96-95-13-58
291,3,1056.4432,366.8621,263.0,831.8646,0,3,54.809674,54.880238,True,28-12-24-29-3-33-81-65-51-30-62-19-48-82-7-88-52-18-60-99-59-96-6-94-41-87-37-98-85-61-84-17-86-16-91-100-93-95-13-58|26-2-57-42-97-92-5-45-46-47-36-64-11-63-90-32-9-34-78-79-50-10-49-8-83-89-21-72-74-75-56-4-25-55-80-68-77|27-69-76-54-39-67-23-22-15-44-38-14-43-73-40-53-1-35-71-66-20-70-31
292,3,1056.4432,366.8621,263.0,831.8646,0,3,54.809674,54.880238,True,28-12-24-29-3-33-81-65-51-30-62-19-48-82-7-88-52-18-60-99-59-96-6-94-41-87-37-98-85-61-84-17-86-16-91-100-93-95-13-58|26-2-57-42-97-92-5-45-46-47-36-64-11-63-90-32-9-34-78-79-50-10-49-8-83-89-21-72-74-75-56-4-25-55-80-68-77|27-69-76-54-39-67-23-22-15-44-38-14-43-73-40-53-1-35-71-66-20-70-31
293,3,1059.0404,414.7939,60.0,952.5079,0,3,55.588857,55.665185,True,28-12-54-24-29-3-33-81-65-51-30-32-90-63-64-11-19-48-7-8-18-89-6-94-87-40-53-21-56-72-73|27-2-57-15-42-92-85-45-46-36-47-62-88-69-1-50-76-79-78-9-66-49-82-52-31-10-4-25-55-80-68-77-34-35-71-20-70|26-75-39-67-23-22-41-43-44-14-38-86-61-99-96-5-60-83-84-17-16-91-100-37-98-93-59-97-95-13-74-58
294,3,1059.0404,414.7939,60.0,952.5079,0,3,55.588857,55.665185,True,28-12-54-24-29-3-33-81-65-51-30-32-90-63-64-11-19-48-7-8-18-89-6-94-87-40-53-21-56-72-73|27-2-57-15-42-92-85-45-46-36-47-62-88-69-1-50-76-79-78-9-66-49-82-52-31-10-4-25-55-80-68-77-34-35-71-20-70|26-75-39-67-23-22-41-43-44-14-38-86-61-99-96-5-60-83-84-17-16-91-100-37-98-93-59-97-95-13-74-58
295,3,1059.2569,308.8092,242.0,980.4283,0,3,55.653791,55.736675,True,52-7-82-47-36-46-45-83-18-5-86-91-92-99-88-62-11-63-64-49-19-48-8-84-98-37-87-57-41-74-56-4-25-55-24-54-26-58-13-93-100-16-61-17-60-89|27-69-28-23-76-33-71-65-20-30-51-81-79-3-67-29-78-34-9-35-66-32-90-10-31-70-1-50-77-68-80-12|39-75-15-43-42-14-38-44-85-59-96-6-94-95-97-2-73-22-72-21-40-53
296,3,1059.2569,308.8092,242.0,980.4283,0,3,55.653791,55.736675,True,52-7-82-47-36-46-45-83-18-5-86-91-92-99-88-62-11-63-64-49-19-48-8-84-98-37-87-57-41-74-56-4-25-55-24-54-26-58-13-93-100-16-61-17-60-89|27-69-28-23-76-33-71-65-20-30-51-81-79-3-67-29-78-34-9-35-66-32-90-10-31-70-1-50-77-68-80-12|39-75-15-43-42-14-38-44-85-59-96-6-94-95-97-2-73-22-72-21-40-53
297,3,1059.8255,311.9733,470.0,931.1453,0,3,55.824377,55.923314,True,28-12-54-24-29-3-33-81-51-65-32-90-63-64-11-19-48-82-7-88-52-96-59-99-5-84-8-83-60-18-6-94-95-97-13-37-98-17-61-16-91-85-93-100-57-2-74-72-73-21-58|1-27-89-92-42-44-86-45-46-36-62-69-76-79-78-9-30-10-47-49-20-66-71-35-34-55-25-56-4-80-68-77-50-70-31|26-39-67-23-75-22-15-41-43-38-14-87-40-53
298,3,1060.2363,351.7576,171.0,987.1555,0,3,55.947622,56.031151,True,52-18-47-36-46-45-44-60-82-7-88-31-30-62-11-63-64-49-19-48-8-83-99-96-6-89-53|27-69-1-50-33-81-3-29-34-65-20-51-9-78-79-76-94-38-56-55-68-35-71-66-32-90-10-70-77-24-25-4-74-72-54-80-12-26-28|97-92-42-43-15-57-2-67-39-23-75-41-22-73-21-40-87-14-86-16-61-5-84-17-85-91-100-37-98-93-59-95-13-58
299,3,1060.2363,351.7576,171.0,987.1555,0,3,55.947622,56.031151,True,52-18-47-36-46-45-44-60-82-7-88-31-30-62-11-63-64-49-19-48-8-83-99-96-6-89-53|27-69-1-50-33-81-3-29-34-65-20-51-9-78-79-76-94-38-56-55-68-35-71-66-32-90-10-70-77-24-25-4-74-72-54-80-12-26-28|97-92-42-43-15-57-2-67-39-23-75-41-22-73-21-40-87-14-86-16-61-5-84-17-85-91-100-37-98-93-59-95-13-58
300,3,1060.7825,400.6376,179.0,954.9696,0,3,56.111473,56.198471,True,26-12-24-3-33-51-30-32-90-63-64-11-19-82-18-89-96-99-85-61-84-17-86-16-91-100-37-98-93-2-58|27-95-97-42-92-59-5-45-46-36-47-48-7-62-88-69-76-79-78-9-20-49-8-83-60-6-94-13-21-72-74-56-4-25-55-54-80-68-77-35-70-31-52|50-81-71-65-34-29-39-67-23-75-15-43-38-44-14-87-57-41-22-73-40-53-28-1-66-10
301,3,1061.1342,372.6955,163.0,965.0365,0,3,56.217,56.299821,True,95-92-97-73-26-12-33-30-32-90-63-11-19-47-48-82-7-18-89-6-96-99-85-61-5-84-17-86-16-91-100-37-98-93-59-58|2-57-15-42-44-45-46-36-64-62-88-69-76-3-79-78-9-10-49-8-83-60-94-13-21-72-74-75-56-4-25-55-80-68-77-35-51-70-31-52|27-50-81-71-65-34-29-24-54-39-67-23-22-41-43-38-14-87-40-53-28-66-20-1
302,3,1061.7018,376.8241,161.0,955.9269,0,3,56.387262,56.469307,True,26-12-24-3-33-51-30-32-90-63-64-11-19-48-82-18-89-6-96-99-85-61-84-17-86-16-91-93-98-37-100-57-2-58|27-95-97-42-92-59-5-45-46-36-47-7-62-88-69-76-79-78-9-20-10-49-8-83-60-94-13-21-73-72-74-56-4-25-55-80-68-77-35-70-31-52|50-81-71-65-34-29-54-39-67-23-75-15-43-38-44-14-87-41-22-40-53-28-66-1
303,3,1061.7018,376.8241,161.0,955.9269,0,3,56.387262,56.469307,True,26-12-24-3-33-51-30-32-90-63-64-11-19-48-82-18-89-6-96-99-85-61-84-17-86-16-91-93-98-37-100-57-2-58|27-95-97-42-92-59-5-45-46-36-47-7-62-88-69-76-79-78-9-20-10-49-8-83-60-94-13-21-73-72-74-56-4-25-55-80-68-77-35-70-31-52|50-81-71-65-34-29-54-39-67-23-75-15-43-38-44-14-87-41-22-40-53-28-66-1
304,3,1061.8179,409.59,162.0,859.1035,0,3,56.422088,56.494659,True,27-52-18-60-45-46-36-47-82-7-88-31-62-11-63-64-49-19-48-8-83-99-96-6-89-53-35-71-66-32-90-10-70-1|28-12-3-50-33-81-51-20-30-69-76-65-9-34-79-29-24-54-72-78-22-74-56-4-25-55-80-68-77-26|92-42-43-15-57-2-75-23-67-39-21-40-97-44-38-14-41-73-87-16-86-61-5-84-17-85-91-100-37-98-93-59-95-94-13-58
305,3,1062.4066,386.1172,143.0,966.2313,0,3,56.598699,56.682095,True,26-12-24-3-33-30-32-90-63-64-11-19-48-82-18-89-6-96-99-59-85-61-84-17-86-16-91-100-93-98-37-57-2-58|27-95-97-42-92-5-45-46-36-47-7-62-88-69-76-79-78-9-20-10-49-8-83-60-94-13-21-73-72-74-56-4-25-55-80-68-77-35-51-70-31-52|50-81-71-65-34-29-54-39-67-23-75-15-43-38-44-14-87-41-22-40-53-28-66-1
306,3,1063.2754,408.8054,149.0,832.6116,0,3,56.859355,56.926972,True,27-69-24-29-33-65-30-88-62-19-48-82-18-60-99-59-96-94-41-87-37-98-85-61-84-17-86-16-91-100-93-95-13-58|2-57-42-97-92-5-45-46-47-36-64-11-63-90-32-20-51-9-34-78-79-3-76-1-10-49-8-83-89-21-72-74-75-56-4-25-55-80-68-77-12|26-54-39-67-23-22-15-44-38-14-43-73-40-6-53-28-50-81-35-71-66-70-31-7-52
307,3,1063.2754,408.8054,149.0,832.6116,0,3,56.859355,56.926972,True,27-69-24-29-33-65-30-88-62-19-48-82-18-60-99-59-96-94-41-87-37-98-85-61-84-17-86-16-91-100-93-95-13-58|2-57-42-97-92-5-45-46-47-36-64-11-63-90-32-20-51-9-34-78-79-3-76-1-10-49-8-83-89-21-72-74-75-56-4-25-55-80-68-77-12|26-54-39-67-23-22-15-44-38-14-43-73-40-6-53-28-50-81-35-71-66-70-31-7-52
308,3,1063.5824,291.3933,477.0,926.9922,0,3,56.951444,57.048498,True,28-12-54-24-29-3-33-81-51-65-32-90-63-64-11-19-48-82-7-88-52-96-59-99-5-84-60-83-8-18-6-94-95-97-13-37-98-91-16-17-61-85-93-100-57-2-74-72-73-21-58|1-27-89-92-42-43-44-86-45-46-36-62-69-76-79-78-9-30-10-47-49-20-66-71-35-34-55-25-56-4-80-68-77-50-70-31|26-39-67-23-75-22-15-38-14-87-41-40-53
309,3,1063.5824,291.3933,477.0,926.9922,0,3,56.951444,57.048498,True,28-12-54-24-29-3-33-81-51-65-32-90-63-64-11-19-48-82-7-88-52-96-59-99-5-84-60-83-8-18-6-94-95-97-13-37-98-91-16-17-61-85-93-100-57-2-74-72-73-21-58|1-27-89-92-42-43-44-86-45-46-36-62-69-76-79-78-9-30-10-47-49-20-66-71-35-34-55-25-56-4-80-68-77-50-70-31|26-39-67-23-75-22-15-38-14-87-41-40-53
310,3,1064.5704,450.4409,28.0,981.9894,0,3,57.247839,57.332396,True,69-31-30-11-62-88-7-18-85-91-16-38-43-2-40-26-12-68-3-34-35-71-66-32-10-70-52-93-59-94|27-92-42-15-23-67-39-54-29-78-9-79-76-50-1-53-21-73-72-74-75-56-4-25-55-24-80-77-58-13-37-98-100-61-17-60-89|28-33-81-51-65-20-90-63-64-36-46-45-86-44-14-57-41-22-87-97-95-6-96-99-5-84-83-8-47-49-19-48-82
311,3,1064.5704,450.4409,28.0,981.9894,0,3,57.247839,57.332396,True,69-31-30-11-62-88-7-18-85-91-16-38-43-2-40-26-12-68-3-34-35-71-66-32-10-70-52-93-59-94|27-92-42-15-23-67-39-54-29-78-9-79-76-50-1-53-21-73-72-74-75-56-4-25-55-24-80-77-58-13-37-98-100-61-17-60-89|28-33-81-51-65-20-90-63-64-36-46-45-86-44-14-57-41-22-87-97-95-6-96-99-5-84-83-8-47-49-19-48-82
312,3,1065.6332,373.1354,142.0,955.9269,0,3,57.56669,57.647461,True,26-12-24-29-3-33-51-30-32-90-63-64-11-19-48-82-18-89-6-96-99-59-85-61-84-17-86-16-91-93-98-37-100-57-2-58|27-95-97-42-92-5-45-46-36-47-7-62-88-69-76-79-78-9-20-10-49-8-83-60-94-13-21-73-72-74-56-4-25-55-80-68-77-35-70-31-52|50-81-71-65-34-54-39-67-23-75-15-43-14-38-44-87-41-22-40-53-28-66-1
313,3,1065.6332,373.1354,142.0,955.9269,0,3,57.56669,57.647461,True,26-12-24-29-3-33-51-30-32-90-63-64-11-19-48-82-18-89-6-96-99-59-85-61-84-17-86-16-91-93-98-37-100-57-2-58|27-95-97-42-92-5-45-46-36-47-7-62-88-69-76-79-78-9-20-10-49-8-83-60-94-13-21-73-72-74-56-4-25-55-80-68-77-35-70-31-52|50-81-71-65-34-54-39-67-23-75-15-43-14-38-44-87-41-22-40-53-28-66-1
314,3,1065.6514,315.9592,225.0,973.9491,0,3,57.572154,57.655357,True,52-18-47-36-46-45-44-60-82-7-88-31-62-11-63-64-49-19-48-8-83-99-96-6-89|28-33-81-1-69-50-3-29-34-65-20-30-51-9-78-79-76-53-94-38-56-55-68-35-71-66-32-90-10-70-77-24-25-4-74-72-54-80-12-26|27-92-97-42-43-15-57-2-39-67-23-75-22-41-73-21-40-87-14-86-16-61-5-84-17-85-91-100-37-98-93-59-95-13-58
315,3,1065.6514,315.9592,225.0,973.9491,0,3,57.572154,57.655357,True,52-18-47-36-46-45-44-60-82-7-88-31-62-11-63-64-49-19-48-8-83-99-96-6-89|28-33-81-1-69-50-3-29-34-65-20-30-51-9-78-79-76-53-94-38-56-55-68-35-71-66-32-90-10-70-77-24-25-4-74-72-54-80-12-26|27-92-97-42-43-15-57-2-39-67-23-75-22-41-73-21-40-87-14-86-16-61-5-84-17-85-91-100-37-98-93-59-95-13-58
316,3,1066.1959,373.8654,260.0,835.5213,0,3,57.735496,57.810285,True,28-12-24-29-3-81-33-65-51-30-62-19-48-82-7-88-52-18-99-59-96-6-94-41-87-37-98-85-61-84-17-86-16-91-100-93-95-13-58|26-2-57-42-97-92-5-45-46-47-36-64-11-63-90-32-9-34-78-79-50-10-49-8-83-60-89-21-72-74-75-56-4-55-25-68-80-77|27-69-76-54-39-67-23-22-15-44-38-14-43-73-40-53-1-35-71-66-20-70-31
317,3,1066.3686,289.8148,512.0,917.139,0,3,57.787299,57.886974,True,28-12-29-3-33-81-51-71-65-20-32-90-63-64-11-19-48-82-7-88-52-18-60-83-84-5-99-59-96-6-94-97-37-98-85-61-17-86-16-91-100-93-95-13-2-73-74-72-21-58|1-27-89-92-42-43-14-44-45-46-36-47-62-31-69-30-76-79-78-34-9-8-49-10-66-35-24-55-25-56-4-54-68-80-77-50-70|26-39-67-23-75-22-15-41-57-38-87-40-53
318,3,1066.3686,289.8148,512.0,917.139,0,3,57.787299,57.886974,True,28-12-29-3-33-81-51-71-65-20-32-90-63-64-11-19-48-82-7-88-52-18-60-83-84-5-99-59-96-6-94-97-37-98-85-61-17-86-16-91-100-93-95-13-2-73-74-72-21-58|1-27-89-92-42-43-14-44-45-46-36-47-62-31-69-30-76-79-78-34-9-8-49-10-66-35-24-55-25-56-4-54-68-80-77-50-70|26-39-67-23-75-22-15-41-57-38-87-40-53
319,3,1067.4591,370.9057,57.0,973.6397,0,3,58.11446,58.189601,True,69-62-20-30-31-88-11-7-18-99-59-85-91-16-38-43-98-37-87-40-26-12-68-3-34-35-71-66-70-1|27-52-92-97-42-15-23-67-39-54-29-78-9-79-76-28-53-21-73-72-74-75-56-4-25-55-24-80-77-58-13-100-93-61-17-60-89|50-33-81-51-65-32-90-63-64-36-46-45-86-44-14-57-41-22-2-95-94-6-96-5-84-83-8-82-48-47-49-19-10
320,3,1067.4591,370.9057,57.0,973.6397,0,3,58.11446,58.189601,True,69-62-20-30-31-88-11-7-18-99-59-85-91-16-38-43-98-37-87-40-26-12-68-3-34-35-71-66-70-1|27-52-92-97-42-15-23-67-39-54-29-78-9-79-76-28-53-21-73-72-74-75-56-4-25-55-24-80-77-58-13-100-93-61-17-60-89|50-33-81-51-65-32-90-63-64-36-46-45-86-44-14-57-41-22-2-95-94-6-96-5-84-83-8-82-48-47-49-19-10
321,5,1070.5341,1515.1681,412.0,828.7027,0,5,191.823072,192.085134,True,27-52-82-46-36-47-7-88-62-11-63-64-49-19-48-89-53-50-35-71-66-32-90-10-70-1|28-12-3-81-51-33-76-65-20-30-31-69-9-34-78-79-29-24-54-72-41-22-74-56-4-25-55-80-68-77-26|42-43-15-57-2-73-75-23-67-39-21-40-87-97-14-38-44-100-95-94-13-58|83-5-60-84-86-16-61-91-85-98-37-99-6-96-59-93-17-18|92-45-8
322,3,1070.5549,420.9232,55.0,988.8028,0,3,59.043186,59.128833,True,28-50-33-81-51-65-20-30-88-92-59-99-97-15-43-38-16-91-85-98-37-87-2-40-53-9-35-71-66-32-90-10-70-1-77|27-69-94-42-67-39-54-34-78-79-3-76-12-26-21-73-72-74-75-56-4-55-25-24-29-68-80-58-13-100-93-61-17-60-18-89|31-62-63-11-64-36-46-45-86-44-14-57-41-23-22-95-6-96-5-84-83-8-82-48-47-49-19-7-52
323,3,1073.3744,365.6101,82.0,952.5079,0,3,59.889054,59.964505,True,28-12-54-24-29-3-33-81-65-51-30-32-90-63-64-11-19-48-7-18-89-6-94-87-40-21-73-72-56-53|27-2-57-15-42-44-85-45-46-36-47-62-88-69-1-50-76-79-78-9-66-49-82-52-31-10-4-25-55-80-68-77-34-35-71-20-70|92-26-75-39-67-23-22-41-43-14-38-86-61-99-96-5-60-83-8-84-17-16-91-100-37-98-93-59-97-95-13-74-58
324,3,1075.6558,340.6448,219.0,962.2348,0,3,60.573464,60.661014,True,52-18-96-16-86-45-46-36-47-7-88-11-62-19-63-64-48-49-82-8-83-84-6-94-87-57-2-74-56-25-55-4-58-13-97-37-100-93-61-17-5-60-89|27-69-31-30-20-51-33-65-71-9-81-79-3-76-54-24-29-78-34-90-35-66-32-10-70-1-50-77-68-80-12-95-28|26-21-75-39-23-15-42-14-92-59-99-98-85-91-44-38-43-41-22-67-72-73-40-53
325,3,1075.6896,323.0979,181.0,973.9491,0,3,60.583593,60.666479,True,52-18-47-36-46-45-44-60-82-7-88-31-30-62-11-63-64-49-19-48-8-83-99-96-6-89-53|27-69-1-50-33-81-3-29-34-65-20-51-9-78-79-76-94-38-56-55-68-35-71-66-32-90-10-70-77-24-25-4-74-72-54-80-12-26|28-97-92-42-43-15-57-2-39-67-23-75-22-73-41-21-40-87-14-86-16-61-5-84-17-85-91-100-37-98-93-59-95-13-58
326,3,1080.683,378.417,146.0,859.1035,0,3,62.081618,62.153572,True,27-52-18-60-45-46-36-47-82-7-88-31-62-11-63-64-49-19-48-8-83-99-96-6-89-53-35-71-66-32-90-70-1|28-12-3-50-33-81-51-20-30-69-76-65-9-34-78-79-29-24-54-72-22-10-74-56-4-25-55-80-68-77-26|92-42-43-15-57-2-75-23-67-39-21-40-97-44-38-14-41-73-87-16-86-61-5-84-17-85-91-100-37-98-93-59-95-94-13-58
327,3,1081.0502,331.6018,112.0,980.1541,0,3,62.191781,62.271581,True,69-65-20-30-31-88-7-18-99-59-15-43-38-16-91-85-98-37-87-40-26-12-68-3-35-71-66-70-1|27-62-52-96-92-97-42-23-39-67-54-79-78-34-9-81-76-28-53-21-73-72-74-75-56-4-55-25-24-29-80-77-58-13-100-93-61-17-60-89|50-33-51-32-90-63-11-64-36-46-45-86-44-14-57-41-22-2-95-94-6-5-84-83-8-82-48-47-49-19-10
328,3,1084.0213,361.0222,87.0,990.6152,0,3,63.083123,63.167297,True,69-31-30-11-62-88-7-18-99-59-85-91-16-38-43-98-37-87-2-40-26-12-68-3-34-35-71-66-32-10-70-52-94|27-95-92-42-15-23-67-39-54-79-9-78-29-76-50-1-53-21-73-72-74-75-56-4-25-55-24-80-77-58-13-97-100-93-17-61-60-89|28-33-81-51-65-20-90-63-64-36-46-45-86-44-14-57-41-22-6-96-5-84-83-8-47-49-19-48-82
329,3,1089.0331,344.211,202.0,929.0907,0,3,64.586669,64.672095,True,2-57-15-43-42-44-92-99-83-18-7-88-31-1-50-28-53-40-21-73-72-75-22-41-84-17-61-5-60-96-93-98-100-37-59-97-95-94-13-58|27-69-32-30-33-39-23-67-24-29-26-87-14-38-86-16-91-85-6-89|52-82-45-46-36-47-19-62-11-64-63-90-20-65-71-9-81-78-79-3-76-8-48-49-10-66-35-34-68-12-74-56-4-25-55-54-80-77-51-70
330,3,1090.5876,259.9607,428.0,960.6035,0,3,65.053008,65.15359,True,26-54-24-29-81-51-30-90-63-64-11-19-48-8-82-7-88-52-18-60-83-84-5-99-59-96-6-94-95-97-37-98-85-61-17-86-91-100-93-13-57-73-72-74-75-25-21-58|27-89-92-42-43-14-44-16-45-46-36-47-62-31-69-76-3-79-78-34-9-20-10-49-32-66-71-35-55-56-4-80-68-77-50-1-70|28-65-33-12-39-67-23-41-15-38-87-2-22-40-53
331,3,1091.2182,266.4904,280.0,981.6345,0,3,65.242186,65.332291,True,52-7-82-47-36-46-45-83-18-5-86-91-92-99-88-62-11-63-64-49-19-48-8-84-98-37-87-57-41-43-74-56-4-55-25-24-54-26-58-13-97-93-100-16-61-17-60-89|27-69-28-23-76-33-71-65-20-30-51-81-79-3-67-29-78-34-9-35-66-32-90-10-31-70-1-50-77-68-80-12|39-75-15-42-14-38-44-85-59-96-6-94-95-2-73-22-72-21-40-53
332,3,1094.2563,318.9517,221.0,935.4612,0,3,66.153611,66.239671,True,28-12-54-24-29-33-81-65-32-90-63-64-11-19-48-82-8-18-89-40-21-72-56-26-53|1-27-57-15-42-44-45-46-36-62-69-76-79-78-34-9-30-88-31-7-47-49-10-66-51-50-4-25-55-80-68-77-3-35-71-20-70-52|92-97-2-75-39-67-23-22-41-87-43-14-38-86-61-99-96-6-94-85-84-5-60-83-17-16-91-100-37-98-93-59-95-13-74-73-58
333,3,1094.4347,246.2966,450.0,951.6391,0,3,66.207136,66.307678,True,28-12-54-24-29-3-33-81-51-20-30-32-90-63-64-11-19-48-8-82-7-88-52-18-60-83-84-5-99-94-6-96-59-37-98-85-61-17-16-91-100-93-95-13-57-73-74-72-25-21-58|27-89-92-97-42-14-44-86-45-46-36-47-62-31-69-76-79-78-34-9-10-49-66-71-35-55-56-4-80-68-77-50-70|1-65-26-39-67-23-75-22-15-43-38-87-2-41-40-53
334,3,1095.8374,283.9814,283.0,906.1308,0,3,66.627961,66.711051,True,26-12-29-33-81-51-30-63-19-47-48-82-7-88-31-52-18-60-99-59-96-6-94-87-37-98-85-16-61-84-17-86-91-100-93-95-13-58|2-57-42-97-92-5-45-46-36-64-11-62-50-76-79-78-34-9-71-32-90-10-49-8-83-89-73-74-75-56-4-25-55-54-80-68-77-3-35-70|27-69-65-24-39-67-23-15-43-38-44-14-41-22-72-21-40-53-28-66-20-1
335,3,1097.4926,328.1706,293.0,902.458,0,3,67.1245,67.215164,True,28-12-54-24-29-33-30-63-62-19-47-48-82-7-88-52-18-60-6-96-99-97-87-85-16-61-84-17-86-91-100-37-98-93-59-95-94-13-58|26-2-57-42-92-5-45-46-36-64-11-90-32-71-9-78-79-3-76-50-31-10-49-8-83-89-21-72-74-75-56-4-25-55-80-68-77-81-35-70|27-69-51-65-34-39-67-23-22-15-14-44-38-43-41-73-40-53-1-66-20
336,3,1098.7872,234.9421,421.0,962.6094,0,3,67.51289,67.61178,True,52-18-60-5-96-92-37-14-86-45-46-36-47-7-88-62-19-11-63-64-49-48-82-8-99-85-61-84-6-94-2-74-56-25-55-4-58-13-95-59-93-98-100-91-16-17-89|42-57-75-39-27-69-31-30-20-51-33-65-9-81-79-3-76-54-24-29-78-83-34-35-71-66-32-90-10-70-1-50-77-68-80-12-28|26-21-72-67-23-15-43-38-44-97-87-41-22-73-40-53
337,3,1102.171,424.7956,102.0,850.5965,0,3,68.528028,68.60771,True,27-69-31-11-19-36-46-45-44-5-60-83-8-47-48-82-52-18-99-96-6-53-50-9-81-54-55-25-4-56-74-72-26|3-33-51-65-20-32-30-63-64-62-88-7-38-87-40-76-24-29-79-78-34-35-71-66-90-10-70-1-77-68-80-12-28|89-94-92-97-42-15-57-2-21-39-67-23-75-22-73-41-43-14-86-16-61-84-49-17-85-91-100-37-98-93-59-95-13-58
338,3,1104.8842,235.1758,407.0,972.9266,0,3,69.341999,69.442901,True,39-54-33-81-65-32-90-36-64-62-88-31-30-51-9-78-79-3-76-50-1-28-53-26-21-73-72-74-75-56-4-25-55-80-68-12-58-13-97-37-100-93-17-5-89|92-59-45-19-11-48-16-44-14-42-15-41-23-67-22-87-6-96-99-84-8-46-47-49-63-10-20-70-66-71-35-34-29-24-77|27-69-52-7-82-18-83-60-94-95-98-91-85-61-86-38-43-57-2-40
339,3,1114.3363,437.9114,25.0,976.1017,0,3,72.177623,72.274047,True,27-69-30-31-62-88-18-6-96-59-85-16-91-87-40-12-68-3-29-34-35-71-66-10-70-1-77-28-95-94|92-42-15-39-54-76-81-65-9-78-79-53-37-38-43-57-73-21-72-74-75-56-4-25-55-24-80-26-58-13-100-98-93-61-17-60-89|50-33-51-20-32-90-63-11-64-36-46-45-86-44-14-41-23-67-22-2-97-99-5-84-83-8-47-49-19-48-82-7-52
340,3,1116.2145,152.3976,365.0,985.2655,0,3,72.741092,72.830627,True,39-24-33-65-20-30-69-18-45-62-88-31-1-76-3-79-78-81-9-51-50-28-53-21-73-72-74-75-56-4-25-55-54-80-68-58-13-97-37-100-93-17-5-60-89|92-59-27-11-64-36-46-44-14-15-41-22-23-67-40-6-99-84-8-48-47-49-19-63-90-32-10-70-66-71-35-34-29-77-12-26|52-7-82-83-96-94-95-98-91-85-61-16-86-38-42-43-57-2-87
341,3,1116.7076,444.5046,16.0,979.6858,0,3,72.889003,72.986765,True,27-69-30-31-62-88-18-99-59-85-16-91-37-87-40-12-68-29-34-35-71-66-10-70-1-28-95-100-94|92-42-15-39-54-76-81-65-9-78-79-3-53-97-38-43-73-21-72-74-75-56-4-25-55-24-80-77-26-58-13-98-93-61-17-60-89|50-33-51-20-32-90-63-11-64-36-46-45-86-44-14-57-41-23-67-22-2-6-96-5-84-83-8-47-49-19-48-82-7-52
342,3,1117.2456,393.5267,126.0,870.7744,0,3,73.050418,73.135358,True,52-18-47-36-46-45-86-44-5-60-82-7-88-31-30-62-11-64-49-19-48-8-83-99-96-6-89-53-74-56-4-25-55-54|27-69-20-51-33-76-81-65-63-38-14-24-29-3-9-78-34-35-71-66-32-90-10-70-1-50-77-68-80-12-28|26-97-92-42-43-15-57-2-21-72-23-67-39-41-22-75-73-79-40-87-16-61-84-17-85-91-100-37-98-93-59-95-94-13-58
343,3,1121.2061,315.4095,105.0,980.1541,0,3,74.238572,74.32729,True,65-30-31-88-7-18-96-99-59-15-43-38-16-91-85-98-37-87-2-40-26-12-68-3-35-71-66-70|27-62-52-92-42-67-39-54-76-69-1-9-34-78-79-28-53-21-73-72-74-75-56-4-55-25-24-29-80-77-58-13-100-93-61-17-60-89|50-33-81-51-20-32-90-63-11-64-36-46-45-86-44-14-57-41-23-22-97-95-94-6-5-84-83-8-82-48-47-49-19-10
344,3,1121.9677,447.5626,22.0,962.7276,0,3,74.467029,74.564884,True,27-69-62-11-7-95-59-92-98-91-85-61-16-86-38-44-14-87-57-2-72-12-29-78-9-20-10-70-52-89-94|18-83-45-46-36-64-19-31-39-67-23-54-24-79-50-76-21-73-74-75-56-4-25-55-80-68-26-58-13-97-37-100-93-17-60|1-33-81-71-65-30-88-42-43-15-41-22-40-53-6-96-99-5-84-8-82-48-47-49-63-90-32-66-51-35-34-3-77-28
345,3,1123.1918,237.2851,403.0,970.5985,0,3,74.834257,74.940219,True,28-54-24-81-51-30-32-64-11-19-48-8-82-7-52-89-18-60-83-84-5-99-59-96-6-95-97-37-98-85-61-17-86-16-91-100-93-13-57-2-73-74-72-25-21-58|1-27-94-92-42-43-14-44-45-46-36-47-62-88-31-69-76-3-79-78-34-9-20-10-49-63-90-66-71-35-29-55-56-4-80-68-77-50-70|65-33-12-26-39-67-23-75-41-15-38-87-22-40-53
346,3,1124.7678,428.3838,7.0,976.1017,0,3,75.307077,75.403401,True,69-30-31-62-88-18-6-99-59-85-16-91-37-87-40-12-68-3-29-34-35-71-66-10-70-1-77-28-95-94|27-92-42-15-39-54-76-81-65-9-78-79-53-97-38-43-73-21-72-74-75-56-4-25-55-24-80-26-58-13-100-98-93-61-17-60-89|50-33-51-20-32-90-63-11-64-36-46-45-86-44-14-57-41-23-67-22-2-96-5-84-83-8-47-49-19-48-82-7-52
347,3,1126.5676,316.2816,203.0,931.7535,0,3,75.84702,75.940017,True,28-12-24-29-3-33-81-71-65-32-90-63-64-11-47-48-7-18-89-6-40-21-73-72-56-26-53|1-27-57-15-42-44-45-46-36-19-62-88-31-69-30-9-78-79-76-50-52-82-8-49-10-20-66-51-68-80-55-4-54-77-34-35-70|92-97-2-75-39-67-23-22-41-87-43-14-38-86-61-99-96-94-85-84-5-60-83-17-16-91-100-37-98-93-59-95-13-74-25-58
348,3,1128.5461,242.1474,301.0,993.7884,0,3,76.440544,76.542119,True,27-92-42-2-23-67-39-54-24-29-78-9-79-76-50-88-52-53-40-21-73-72-74-75-56-4-25-55-80-68-77-58-13-97-100-93-61-17-60-18-89|28-33-81-51-65-20-90-63-62-36-46-45-86-44-14-57-41-22-6-96-99-85-91-5-84-83-8-82-48-47-49-19-7-10-32-66-71-35-34-70|26-12-3-1-69-31-30-64-11-16-15-43-38-87-37-98-59-95-94
349,3,1133.4278,229.1842,370.0,912.8789,0,3,77.905082,78.000941,True,26-12-39-29-33-81-51-30-63-19-47-48-82-7-88-31-52-18-60-99-59-96-6-94-87-37-98-85-16-61-84-17-86-91-100-93-95-13-58|2-57-42-97-92-5-45-46-36-64-11-62-50-76-79-78-34-9-71-32-90-10-49-8-83-89-73-72-74-75-56-4-25-55-54-80-68-77-3-35-70|27-69-65-24-67-23-15-43-38-44-14-41-22-21-40-53-28-20-66-1
350,3,1134.9049,280.1426,349.0,891.8423,0,3,78.348185,78.446876,True,28-12-54-24-29-3-33-81-51-30-63-19-47-48-82-7-88-31-52-18-60-6-96-99-87-85-16-61-84-17-86-91-100-37-98-93-59-95-94-13-58|50-26-2-57-42-97-92-5-45-46-36-64-11-62-90-32-71-9-34-78-79-10-49-8-83-89-21-72-74-75-56-4-25-55-80-68-77-35-70|27-69-65-76-39-67-23-22-15-14-44-38-43-41-73-40-53-1-66-20
351,3,1138.6857,371.1129,83.0,873.0251,0,3,79.482429,79.566477,True,28-12-54-24-29-3-33-81-51-20-30-32-90-63-64-11-19-48-8-82-7-88-52-18-38-86-14-87-57-2-73-74-72-25-21-58|1-27-92-42-15-43-44-45-46-36-47-62-31-69-76-79-78-34-9-10-49-66-71-35-55-56-4-80-68-77-50-70|65-26-39-67-23-75-22-41-40-53-94-96-99-89-6-5-83-60-84-17-61-16-85-91-100-37-98-93-59-97-95-13
352,3,1142.0936,205.5792,364.0,885.0328,0,3,80.504813,80.594955,True,28-12-54-24-29-3-33-81-51-30-63-19-47-48-82-7-88-31-52-18-60-99-59-96-89-6-94-87-37-98-85-16-61-84-17-86-91-100-93-95-13-58|50-26-2-57-42-97-92-5-45-46-36-64-11-62-90-32-71-9-34-78-79-10-49-8-83-21-72-74-75-56-4-25-55-80-68-77-35-70|27-69-65-76-39-67-23-15-43-38-44-14-41-22-73-40-53-1-66-20
353,3,1142.9353,155.0272,236.0,993.7884,0,3,80.757324,80.843649,True,27-52-62-7-92-42-67-39-54-76-69-1-30-9-34-78-79-50-53-40-21-73-72-75-74-56-4-24-25-55-80-68-77-58-13-97-100-93-61-17-60-18-89|26-12-29-81-51-90-63-11-64-36-46-16-91-44-14-41-23-22-6-96-99-85-5-84-83-8-48-47-49-19-10-32-66-71-35-70|28-3-33-65-20-31-88-82-45-86-38-43-15-57-2-87-37-98-59-95-94
354,3,1148.4132,297.0704,106.0,980.1541,0,3,82.400682,82.494911,True,1-51-65-30-31-92-59-99-97-15-43-38-16-91-85-98-37-87-2-40-26-12-68-3-35-71-66-70|27-7-62-18-42-67-39-54-69-88-9-34-78-79-76-28-53-21-73-72-74-75-56-4-55-25-24-29-80-77-58-13-100-93-61-17-60-89|50-33-81-20-32-90-63-11-64-36-46-45-86-44-14-57-41-23-22-95-94-6-96-5-84-83-8-82-48-47-49-19-10-52
355,3,1149.1395,124.859,365.0,985.2655,0,3,82.618579,82.71386,True,39-33-65-62-64-36-45-88-31-69-30-1-76-3-79-78-81-9-51-50-28-53-21-73-72-74-75-56-4-25-55-54-80-68-58-13-97-37-100-93-17-5-60-89|92-59-27-11-19-48-44-14-42-15-41-23-67-22-87-6-99-84-8-46-47-49-63-10-90-32-20-70-66-71-35-34-29-24-77-12-26|52-7-82-18-83-96-94-95-98-91-85-61-16-86-38-43-57-2-40
356,3,1149.4761,175.3005,66.0,905.2202,0,3,82.719572,82.780614,True,28-26-12-54-24-29-3-33-81-51-20-30-32-90-63-11-19-48-82-7-88-31-52-89-6-40-21-72-75-73-2-87-53|50-1-27-57-15-92-16-86-45-46-36-64-62-69-76-79-78-34-9-71-66-10-49-47-74-56-4-25-55-80-68-77-35-70|65-18-96-94-95-42-23-67-39-22-41-43-44-38-14-91-59-99-5-60-83-8-84-17-61-85-93-98-100-37-97-13-58
357,3,1152.2589,325.8851,112.0,870.7744,0,3,83.554391,83.638289,True,52-18-47-36-46-45-44-60-82-7-88-31-30-62-11-63-64-49-19-48-8-83-99-96-6-89-53-72-55-74-56-4-25-54|27-69-51-33-65-20-76-38-94-29-24-3-79-81-9-78-34-35-71-66-32-90-10-70-1-50-77-68-80-12-28|26-97-92-42-43-15-57-95-2-23-21-39-67-73-75-22-41-40-87-14-86-16-61-5-84-17-85-91-100-37-98-93-59-13-58
358,3,1162.5891,391.4205,23.0,972.7552,0,3,86.653453,86.756677,True,27-69-62-11-18-59-92-98-91-85-61-16-86-38-44-14-87-2-22-72-12-29-78-9-66-20-10-52-94-95|83-45-46-36-64-19-31-39-23-54-24-79-50-76-21-73-74-75-56-4-25-55-80-68-26-58-13-97-37-100-93-17-60-89|1-33-81-71-65-30-88-42-43-15-57-41-67-40-53-6-96-99-5-84-8-82-7-48-47-49-63-90-32-70-51-35-34-3-77-28
359,10,1164.7595,4289.0445,242.0,826.6975,0,10,607.904521,608.595132,True,31-88-62-11-64-49-19-82-8-83-6|95-92-97-87-13|52-7-48-47-36-46-45-17-5-89|54-39-67-23-56-74-21-58|27-69-1-30-51-71-65-66-20-32-90-63-10-70-50-77-80-28|33-78-35-81-3-68-55-25-4-26|40-53|15-14-44-38-86-16-61-85-91-100-93-59-94|72-75-73-2-57-43-42-37-98-84-60-18-79-34-29-24-12|96-99-41-22-76-9
360,3,1168.8438,319.3438,112.0,870.7744,0,3,88.52988,88.617773,True,52-18-47-36-46-45-44-60-82-7-88-31-30-62-11-63-64-49-19-48-8-83-99-96-6-89-53-72-55-74-56-4-25-54|27-69-51-33-65-20-76-38-94-29-24-3-79-81-9-78-34-35-71-66-32-90-10-70-1-50-77-68-80-12-28|26-97-92-42-43-15-57-2-23-39-67-73-75-22-41-40-87-14-86-16-61-5-21-84-17-85-91-100-37-98-93-59-95-13-58
361,3,1181.3569,264.6958,339.0,841.5128,0,3,92.283801,92.385561,True,28-12-24-29-3-33-81-65-51-30-62-19-48-82-7-88-52-18-60-99-59-96-6-94-40-41-87-37-98-85-61-84-17-86-16-91-100-93-95-13-58|26-39-2-57-42-97-92-5-45-46-47-36-64-11-63-90-32-9-34-78-79-50-10-49-8-83-89-21-73-72-74-75-56-4-25-55-54-80-68-77|23-15-44-27-69-76-67-22-43-38-14-53-1-35-71-66-20-70-31
362,3,1182.5267,385.8243,28.0,962.7276,0,3,92.634733,92.742096,True,27-69-62-11-46-59-92-98-91-85-61-16-86-38-44-14-87-2-22-72-12-29-78-9-66-20-10-52-89-94-95|18-83-45-36-64-19-31-39-23-54-24-79-50-76-53-21-73-74-75-56-4-25-55-80-68-26-58-13-97-37-100-93-17-60|1-33-81-71-65-30-88-42-43-15-57-41-67-40-6-96-99-5-84-8-82-7-48-47-49-63-90-32-70-51-35-34-3-77-28
363,3,1186.7535,325.2191,81.0,894.5594,0,3,93.902764,93.997378,True,52-18-47-36-46-45-44-60-82-7-88-31-30-62-11-63-64-49-19-48-8-83-99-96-6-89-53-72-55-74-56-4-25-54|27-69-51-33-65-20-76-38-94-24-3-79-81-9-29-78-34-35-71-66-32-90-10-70-1-50-77-68-80-26-12-28|97-92-42-43-15-57-2-23-21-39-67-73-75-22-41-61-40-87-14-86-16-5-84-17-85-91-100-37-98-93-59-95-13-58
364,3,1189.5779,151.9016,295.0,993.9583,0,3,94.750109,94.855882,True,50-33-52-62-92-42-57-67-39-54-76-69-1-30-9-34-78-79-53-40-87-2-73-72-74-75-56-4-25-55-80-68-77-26-58-13-97-100-93-17-60-18-89|12-24-29-81-51-90-63-11-64-36-46-16-91-44-15-41-23-22-21-6-99-85-5-84-83-8-82-48-47-49-19-10-32-66-71-35-3-70-28|27-20-65-31-88-7-45-61-86-38-14-43-37-98-59-96-95-94
365,10,1191.3656,4132.1468,219.0,826.7597,0,10,584.369868,585.042635,True,31-88-62-11-64-49-19-7-8-83-6|87-13|52-82-48-47-36-46-45-84-17-5-89|54-39-67-23-56-22-74-72-21-58|27-69-1-30-51-71-65-66-32-90-10-70-50-77-68-80|28-3-33-79-78-35-29-55-25-4|40-53|94-95-92-85-61-86-38-14-44-100-93-96|75-57-15-43-37-98-91-16-60-18-63-20-34-24-12|42-59-99-97-2-41-73-26-76-81-9
366,3,1191.9827,296.205,112.0,870.7744,0,3,95.471538,95.562901,True,52-18-47-36-46-45-44-60-82-7-88-31-30-62-11-63-64-49-19-48-8-83-99-96-6-89-53-72-55-74-56-4-25-54|27-69-33-65-20-76-38-94-29-24-3-79-9-78-81-34-51-35-71-66-32-90-10-70-1-50-77-68-80-12-28|26-92-42-43-15-97-57-2-23-21-39-67-73-75-22-41-87-40-14-86-16-61-5-84-17-85-91-100-37-98-93-59-95-13-58
367,3,1192.9377,342.8721,171.0,859.1035,0,3,95.758035,95.860834,True,27-52-18-60-46-45-36-47-82-7-88-31-62-11-63-64-49-19-48-8-83-99-96-6-89-53-35-71-66-32-90-70-72-1|3-28-12-50-33-81-51-20-30-69-76-65-34-9-79-78-29-24-54-10-22-74-56-4-25-55-80-68-77-26|92-42-43-15-57-2-75-23-67-39-21-40-97-44-38-41-73-87-16-14-86-61-5-84-17-85-91-100-37-98-93-59-95-94-13-58
368,8,1202.2377,3144.799,338.0,825.4321,0,8,436.267705,436.806733,True,52-18-45-46-36-47-82-7-88-62-19-11-63-64-49-8-83-60-99-96-6-89-53|27-69-31-30-71-65-35-66-32-90-10-70-1-50-77-12|76-3-33-81-51-9-34-78-79-29-24-54-72-41-22-74-56-25-4-26|21-73-75-57-43-42-92-94-87-14-44-38-86-16-61-5-84-17-91-100-37-98-93-59-58|28-80-97|48-85-95-13-2|40-23-67-55-68-20|15-39
369,3,1202.5206,154.9571,305.0,993.7884,0,3,98.632906,98.743996,True,27-33-62-92-42-67-39-54-76-69-30-9-34-78-79-50-53-40-21-73-72-75-74-56-4-24-25-55-80-68-77-58-13-97-100-93-61-17-60-18-89|28-29-81-51-20-90-63-11-64-36-46-86-44-14-57-41-23-22-6-96-99-85-91-5-84-83-8-82-48-47-49-19-7-10-32-66-71-35-70-1-52|26-12-3-65-31-88-45-16-38-43-15-2-87-37-98-59-95-94
370,3,1204.3785,344.0335,59.0,965.8417,0,3,99.190275,99.301491,True,69-31-88-64-18-99-59-85-16-91-37-98-43-87-2-40-26-12-3-68-29-34-35-71-66-32-10-70-1-77-52-94-95|27-92-42-39-54-76-30-65-9-78-79-50-53-38-73-21-72-74-75-56-4-25-55-24-80-58-13-97-100-93-61-17-60-89|28-33-81-51-20-90-63-62-11-36-46-45-86-44-14-15-57-41-23-67-22-6-96-5-84-83-8-47-49-19-48-82-7
371,3,1207.0971,331.014,94.0,870.7744,0,3,100.005857,100.105176,True,52-18-47-36-46-45-44-60-82-7-88-31-30-62-11-63-64-49-19-48-8-83-99-96-6-89-53-72-55-74-56-58-4-25-54|27-69-51-33-65-20-76-38-94-3-79-81-9-29-78-24-34-35-71-66-32-90-10-70-1-50-77-68-80-12-28|26-97-92-42-43-15-57-95-2-23-21-39-67-73-75-22-41-40-87-14-86-16-61-5-84-17-85-91-100-37-98-93-59-13
372,3,1218.1417,63.687,356.0,966.3073,0,3,103.319242,103.422306,True,33-65-62-36-45-42-39-23-69-31-88-30-1-50-76-51-9-81-78-79-3-68-12-28-26-21-4-55-25-56-75-74-73-58-13-97-37-100-98-93-17-89|59-96-27-7-47-11-64-46-61-44-14-15-41-22-67-72-40-87-6-99-5-84-8-48-49-63-90-32-10-70-66-20-71-35-34-29-24-54-80-77|52-18-19-82-83-60-94-95-92-85-91-16-86-38-43-57-2-53
373,10,1236.8287,4056.8734,222.0,826.7597,0,10,573.078867,573.754282,True,31-88-62-11-64-49-19-7-8-83-6|96-95-92-97-87-13|18-82-48-47-36-46-45-84-17-5-89|54-39-67-23-56-22-74-72-21-58|27-69-1-30-51-71-65-66-32-90-10-70-50-77-68-80|28-3-33-79-78-35-81-29-55-25-4-26|40-53|15-14-44-38-86-61-85-100-93-59-94|75-73-2-57-43-91-16-98-37-60-52-63-20-34-24-12|42-99-41-76-9
374,6,1242.7651,1851.061,344.0,829.0308,0,6,242.207,242.564665,True,52-18-60-45-46-47-7-88-31-62-11-63-64-49-19-48-8-99-6-89-53|1-30-20-65-35-71-66-90-10-70|28-76-50-33-51-9-34-78-79-3-29-24-72-22-74-56-4-25-80-68-77-12-26|92-42-15-57-75-23-39-21-40-73-41-43-14-91-98-87-59-5-84-17-61-16-85-93-100-37-95-13|2-97-94-96-86-83-82-69-32-81-54-55-58|27-36-44-38-67
375,3,1252.7466,50.6713,374.0,985.2655,0,3,113.700695,113.816831,True,33-65-62-36-45-42-39-23-73-40-88-31-76-3-79-78-81-9-51-50-28-53-21-72-74-75-56-4-25-55-54-80-68-58-13-97-37-100-93-17-5-60-89|95-92-59-27-1-47-64-11-30-69-44-14-15-41-67-22-87-6-99-84-8-46-48-49-63-90-32-10-70-66-20-71-35-34-29-24-77-12-26|52-18-7-19-82-83-96-94-98-91-85-61-16-86-38-43-57-2
376,3,1264.1961,49.8727,351.0,985.2655,0,3,117.135558,117.252709,True,33-65-62-36-45-42-39-23-69-88-31-76-3-79-78-81-9-51-50-28-53-21-73-72-74-75-56-4-25-55-54-80-68-58-13-97-37-100-93-17-5-60-89|92-59-27-1-47-64-11-30-44-14-15-41-22-67-40-87-6-99-84-8-46-48-49-63-90-32-10-70-66-20-71-35-34-29-24-77-12-26|52-18-7-19-82-83-96-94-95-98-91-85-61-16-86-38-43-57-2
377,16,1272.5925,6687.0913,147.0,807.8976,0,16,967.611546,968.683694,True,50-78-79-3-76|42-43-15-57-58|33-81-51-65-66-20-9-71-35-34-77|87-97-99-6|7-19-36-49-47-46-8|95-94|27-69-1-30-32-90-63-64-11-62-88-89|70-31|52-18|10-48-82|60-83-45-84-17-5|61-16-86-38-44-14-13|2-73-74-75-72-21-24-29-68-80|28-12-39-67-23-56-22-41|53-40-4-25-55-54-26|96-59-92-37-100-91-85-98-93
378,3,1275.677,30.0869,392.0,985.2655,0,3,120.57983,120.701557,True,33-65-62-36-45-42-39-23-69-88-31-76-3-79-78-81-9-51-50-28-53-2-73-21-72-74-75-56-4-25-55-54-80-68-58-13-97-37-100-93-17-5-60-89|92-59-27-1-47-64-11-30-44-14-15-41-22-67-40-87-6-99-84-83-8-46-82-48-49-63-90-32-10-70-66-20-71-35-34-29-24-77-12-26|52-7-19-18-61-85-98-91-16-86-38-43-57-95-96-94
379,5,1301.8214,1298.2159,452.0,828.7027,0,5,159.280233,159.583139,True,27-52-18-60-46-36-47-82-7-88-31-62-11-64-49-19-48-8-89-6-53-35-71-66-32-90-70-1-72|28-12-3-81-51-20-30-69-76-65-9-34-79-29-24-54-10-22-74-56-4-25-55-80-68-77-26|92-42-43-15-57-2-75-23-67-39-73-40-87-14-44-38-86-61-84-17-85-100-98-93-59-95-94-13|91-16-37-97-96-99-5-83-63-50-21-41-58|45-33-78
380,3,1332.4183,210.995,195.0,887.847,0,3,137.60221,137.733784,True,28-43-26-54-24-29-3-33-81-20-32-90-62-52-18-60-83-84-5-59-96-89-94-95-97-37-98-85-91-16-61-17-86-14-100-93-13-57-2-73-72|50-1-27-92-42-15-44-45-46-11-64-63-30-76-31-88-19-49-47-8-6-66-68-55-25-4-56-75-74-21-58|82-36-48-7-69-51-65-39-67-23-22-41-38-99-87-40-53-79-78-9-34-35-71-10-70-77-80-12
381,12,1347.9866,5541.6787,297.0,791.4869,0,12,795.799654,796.733947,True,52-18-60-45-46-36-47-82-7-88-31-62-11-63-64-49-19-48-8-83-99-96-6-89|27-69-1-30-20-65-35-71-66-32-90-10-70|50-33-78-34-81-9-51|94-92-43-14-38-86-44-91-85-98-59-5-84-17-61-16-100-37-93|12-57-72-75-23-56-29-26-97|73-58|40-13|39-74-21|53-95-87-2-28-54-24-79-3-77-68|15-41-22-25-55-4|42-76-80|67
382,3,1356.26,125.5213,555.0,958.1033,0,3,144.754739,144.927182,True,18-7-48-19-47-46-83-60-59-92-37-98-91-85-61-16-86-44-14-87-57-2-22-72-21-26-12-24-29-78-20-10-49-32-66-71-35-34-51-70-31-52-89-96-97-95-94|33-65-62-36-45-42-39-23-69-11-88-1-76-3-79-81-9-50-28-53-73-74-75-56-4-25-55-54-80-68-77-58-13-100-93-17-5|15-64-63-90-30-27-40-67-41-43-38-99-84-8-82-6
383,12,1412.2134,5343.2729,312.0,788.499,0,12,766.038792,766.963643,True,52-18-60-45-46-36-47-82-7-88-31-62-11-63-64-49-19-48-8-83-99-96-89|27-69-1-30-20-65-35-71-66-32-90-10-70|76-50-3-33-9-51-81-34-78-79-29-77|14-38-44-86-16-61-5-84-17-85-91-100-98-93|28-24-92-37-42-57-75-74-21-12-94|25|58|59-87-43-56-55-54-72-73-2-97-95-13-26|15-23-4-80|40-41-22-68|6-67-53|39
384,10,1415.8942,3991.0124,203.0,816.7106,0,10,563.199704,563.915552,True,31-62-64-49-8-6|94-95-92-99-13|52-82-46-45-84-17-5|90-54-39-67-23-56-41-22-74-72-73-21-58|1-51-20-66-32-10-70-77-68-80|28-76-3-79-78-81-35-34-29-24-55-25-4|40-2-57-15-43-44-86-91-100-85-93-59|89-48-47-11-63-65-71-50-75-14-16-61-60-96-98-37-97|26-12-9-30-88-19-7-18-83-87-53|27-69-33-36-42-38
385,3,1426.5871,154.9714,486.0,946.8794,0,3,165.85287,166.042245,True,43-26-28-12-54-24-29-3-33-81-51-20-30-32-90-63-19-47-48-82-31-52-18-60-83-84-5-59-96-89-94-95-97-37-98-85-91-16-61-17-86-14-100-93-13-57-2-73-75-72|50-1-27-7-92-42-15-44-45-46-64-11-76-88-49-8-6-68-66-55-25-4-56-74-21-58|36-62-69-65-39-67-23-22-41-38-99-87-40-53-79-78-9-34-35-71-10-70-77-80
386,3,1434.4514,150.2887,239.0,993.8971,0,3,168.212149,168.385533,True,45-46-82-36-64-30-51-33-1-69-52-18-99-59-85-91-44-87-40-26-12-68-34-35-71-66-32-10-63-70-50-77-28-47-86-16-98-94|31-90-27-92-42-72-39-29-65-9-78-79-76-53-14-38-61-84-49-21-73-74-56-4-25-55-24-80-58-13-97-37-100-93-17-60-89|57-54-3-81-20-11-62-88-95-43-15-23-67-75-22-41-2-6-96-5-83-8-48-19-7
387,9,1456.7371,3700.3695,435.0,824.4687,0,9,519.603276,520.311844,True,52-18-60-45-46-47-19-11-62-88-7-48-82-8-83-99-96-6-89|27-69-1-30-20-71-66-32-90-10-70|28-76-50-33-81-78-79-3-29-24-55-4-56-74-72-54-80-68-12-26|94-92-42-57-75-23-39-41-43-14-44-91-98-87-2-21-40-97-59-5-84-61-85-93-100-37-95-13-58|49-63-31-17-86-16-73|15-51-65-34-77|53-22-25|64-9-35|36-38-67
388,10,1461.5406,3439.0415,327.0,815.7794,0,10,480.404071,481.063078,True,31-82-36-11-62-63-64-49-48-8-83-99-53|69-1-20-65-35-71-66-32-90|28-76-33-81-51-9-34-78-79-24-54-72-22-74-56-4-25-80-68-77-12|57-75-23-67-39-73-40-87-14-44-86-17-85-91-100-37-93-94|46-19-47-7-18-60-5-61-16-43-41-2-21-26-29-50-52-96-98-59-97-95|58|27-3-89-6-13-55-70|42-15-38-84-10|88-30|92-45
389,8,1523.9478,2423.8325,352.0,815.5069,0,8,328.122723,328.650029,True,18-45-46-48-88-19-11-64-49-8-99-10-63-90-66-35-70-1|50-33-65-71-9-81-34-78-79-29-24-54-72-41-22-74-56-4-25-80-68-77|94-42-15-39-67-23-75-73-21-40-14-44-38-86-17-61-85-91-100-98-93-58|52-60-92-97-57-43-16-5-83-47-96-6-53-3-32-7-89|31-51-28-26-2-95-59-13|37-27-20-76-55-12-82|84-87|69-30-62-36
390,10,1528.2615,3866.8039,558.0,807.5286,0,10,544.568433,545.333483,True,33-81-51-30-63-19-47-48-82-7-88-31-52-18-60-99-59-96-89-6-94-87-37-98-85-16-61-84-17-86-91-100-93-95-13|50-2-57-42-97-92-5-45-46-36-64-11-62-83-8-49-10-78-34-9-35-71-32-90-70|27-69-65-15-43-38-44-14-53-1-66-20|26-41-73-21-55-80-12|3-68-54-75-72|79-24-22-74-29-77|28-25-4-56|58|40-23-67-76|39
391,12,1539.4918,4587.619,253.0,812.7476,0,12,652.690705,653.538129,True,53-40-97-98-86-84-83-82|96-99-48-32-30-70|92-60-10-31|26-50-1-45-16-38-43-15-41-22-28|88-18-5-17-61-85-95-58|76-33-81-79-3|51-71-65-9-35-34-29-24-54-93|87-2-21-4-80-77|72-23-67-39-12-19-49-90-20-66-78-68-55-25-56-75-74-73|52-7-47-36-46-8|27-63-64-11-62-6-94-37-100-14-13|69-89-59-91-44-42-57
392,11,1570.7467,5175.6318,489.0,814.6458,0,11,740.892625,741.861212,True,69-62-20-30-31-88-11-7-18-99-59-85-91-16-38-43-98-37-87-40-26-12-68-3-34-35-71-66-70-1|50-33-81-51-65-32-90-63-64-36-46-45-86-44-14-57-41-22-2-95-94-6-96-5-84-83-8-82-48-47-49-19-10|89-97-75-53-80-28|92-73-21-24-29-78-79-77|60-13-72-4|52-27-54-55-25-61|56-58|17-93|23-15-42-100|9-76-74|39-67
393,11,1643.1348,4476.7588,515.0,806.4188,0,11,636.061667,636.948505,True,24-29-3-33-81-51-20-30-32-90-63-11-19-47-48-82-7-88-31-52-18-89-96-99-60-83-84-5-85-91-14-86-16-17-61-93|50-1-27-44-45-46-36-64-62-69-76-79-78-34-71-9-8-49-10-66-35-68-80-77-70|65-38|28-53-100|87-37-59-56-26|97-2-75-73-72-55-54|94-98-58|95-41-21-40-25-12|57-13|92-42-43-15-23-39-22-74-4|6-67
394,21,1665.6183,7885.8981,137.0,817.9134,0,21,1147.432568,1148.804447,True,50|42-43-15-57-58|76-33-81-9-35-71|36|87-97-99-60-89|19-47|95-94|6|27-31-32-90-63-11-88|82-18-13|52-7-49-48-8-83|62-64-46-45-84-17-5|69-30-20-66-10-70|61-16-86-38-44-14|1-51-65-34-78-79-3-77|39-56-75-53-2-74-68|21-72-80|28-12-29-24-22-73|40-41-23-67-25-55-54|26-4|59-92-37-100-91-85-98-93-96
395,11,1675.4766,4479.4256,394.0,808.6403,0,11,636.461696,637.34687,True,19-64-63-11-62-88-7-82-46-18-83-60-5-99-96-6-89-53|27-69-30-66-71-35-20-1-50-77-68-80-12|28-76-3-33-51-34-79-29-24-54-72-22-74-56-25-4|94-92-42-43-57-21-67-75-73-2-87-14-44-38-86-16-61-84-17-85-91-100-37-98-59-95|31-93-97|13-48-52|70|90-47-32-81-78-58|40-26-49-10-9-55|36-41-15-8|45-65-39-23
396,12,1716.5083,4073.9405,282.0,801.9331,0,12,575.638931,576.463686,True,31-82-36-11-63-64-49-48-8-99|1-65-35-71-66-32|28-81-78-34-24-54-72-22-74-56-4-25-80-68-77|39-67-75-40-87-14-44-91-86-17-85-100-37-93-94|18-19-47-46-45-60-96-95-97-61-16-43-41-2-21-26-29|3-27-89-6-13-55-70|42-15-38-84-10|58|92-59-88-30|76-12-50-51-69-62-20-90-7-52-83-5-98-57-73|9-79-53|33-23
397,19,1762.4372,6305.4637,165.0,812.8966,0,19,910.367409,911.532715,True,39-29-3-79-78-34-9-70-93|42-14-44-86-45-8-52-77-68-24|50|84-17|76|83-16-38-43-15-41-22-75-74-73|69-30-20-66-32-90-10-18-85-91-100|82-46-47-36-49-19-48-7|95-1-51-71-65-35-81-94|31-63-64-11-62-88|97-27|53-40-72-2-6-13|33-55-4-56|98-26|60-54-28|89-5-61-99|80-96|92-37|59-87-57-23-67-25-12-21-58
398,23,1842.7815,9673.2349,183.0,780.8943,0,23,1415.533084,1417.225859,True,51-78-79|42-43-15-57-58|50-33-81-9-71-35-34|87-97-59-99-60|19-47-46|6|1-30-32-90-63-11-62-88-89|69|7-20|52-82-13|27-70|31-10-49-48-83|64-36-45-84-17-5|18-8-66|61-16-86-38-14-44-91-100-95-94|65|39-75-21-53-2-74-73-68-3|72-80-12|28-76-29-24-67-23-56-22|26-40-41-25-55-54|77|4|96-92-37-98-85-93
399,25,2160.0249,9712.5902,158.0,777.0776,0,25,1421.436383,1423.227762,True,92-37-100|50-51-78-79|44-14-42-43-15-58|33-81-9-71-35-34|36|87-97-93-60|19-47-46-17|96-95-94|6-99-85-59|27-1-30-32-90-63-11-62-88-84-89|69|98-16-86-61-5-7-31-20|52-82-18-13|91-70|10-49-48-83|64-45|8-66|38|65|29-39-75-21-73-57-2-53-74-68-3|72-80|28-76-12-24-67-23-56-22|40-26-41-55-25-54|77|4
400,22,2209.7188,8327.2726,187.0,792.9372,0,22,1213.638743,1215.241612,True,31-52-28-67-58-59|25|47-36-49-46-84-93|27-90-69|37-95-80-77|94-44-92|12-24|40-34-35-71-51-1|6-61-86-16|65-20-88-7-8-19-66-50-26-72-75-2|22-91|42-98|62-11-64-63-81-78-79-3|73-74-21|56|68-29-55-54-100-85|97-10-32-70|96-60-83-45-82-18-89|48-39-23-15-43-38-14-99-53-13|41-57-17-5|33-9-30-76-4|87
