Rank,Z1_Vehicles,Z2_Distance,Z3_WaitTime,Z4_LoadBalance,Z5_Makespan,Unserved,Num_Routes,ASF,ASF_aug,In_ROI,Routes
1,3,588.876,0.0,70.0,3385.5278,0,3,30.169632,30.18531,True,93-5-75-2-1-99-100-97-92-94-95-98-7-3-4-89-91-88-86-84-83-82-85-76-71-70-73-80-79-81-78-77-96-87-90|67-63-62-74-72-61-64-66-69-68-65-49-55-54-53-56-58-60-59-57-40-44-46-45-51-50-52-47-43-42-41-48|20-22-24-27-30-29-6-32-33-31-35-37-38-39-36-34-28-26-23-18-19-16-14-12-15-17-13-25-9-11-10-8-21
2,3,588.876,0.0,70.0,3385.5278,0,3,30.169632,30.18531,True,93-5-75-2-1-99-100-97-92-94-95-98-7-3-4-89-91-88-86-84-83-82-85-76-71-70-73-80-79-81-78-77-96-87-90|67-63-62-74-72-61-64-66-69-68-65-49-55-54-53-56-58-60-59-57-40-44-46-45-51-50-52-47-43-42-41-48|20-22-24-27-30-29-6-32-33-31-35-37-38-39-36-34-28-26-23-18-19-16-14-12-15-17-13-25-9-11-10-8-21
3,3,588.876,0.0,70.0,3385.5278,0,3,30.169632,30.18531,True,93-5-75-2-1-99-100-97-92-94-95-98-7-3-4-89-91-88-86-84-83-82-85-76-71-70-73-80-79-81-78-77-96-87-90|67-63-62-74-72-61-64-66-69-68-65-49-55-54-53-56-58-60-59-57-40-44-46-45-51-50-52-47-43-42-41-48|20-22-24-27-30-29-6-32-33-31-35-37-38-39-36-34-28-26-23-18-19-16-14-12-15-17-13-25-9-11-10-8-21
4,3,588.876,0.0,70.0,3385.5278,0,3,30.169632,30.18531,True,93-5-75-2-1-99-100-97-92-94-95-98-7-3-4-89-91-88-86-84-83-82-85-76-71-70-73-80-79-81-78-77-96-87-90|67-63-62-74-72-61-64-66-69-68-65-49-55-54-53-56-58-60-59-57-40-44-46-45-51-50-52-47-43-42-41-48|20-22-24-27-30-29-6-32-33-31-35-37-38-39-36-34-28-26-23-18-19-16-14-12-15-17-13-25-9-11-10-8-21
5,4,605.2549,24.8631,590.0,3320.2774,0,4,51.41,51.476833,True,93|5-75-2-1-99-100-97-92-94-95-98-7-3-4-89-91-88-86-84-83-82-85-76-71-70-73-80-79-81-78-77-96-87-90|20-22-24-27-30-29-6-32-33-31-35-37-38-39-36-34-28-26-23-18-19-16-14-12-15-17-13-25-9-11-10-8-21|67-63-62-74-72-61-64-66-69-68-65-49-55-54-53-56-58-60-59-57-40-44-46-45-51-50-52-47-43-42-41-48
6,4,605.2549,24.8631,590.0,3320.2774,0,4,51.41,51.476833,True,93|5-75-2-1-99-100-97-92-94-95-98-7-3-4-89-91-88-86-84-83-82-85-76-71-70-73-80-79-81-78-77-96-87-90|20-22-24-27-30-29-6-32-33-31-35-37-38-39-36-34-28-26-23-18-19-16-14-12-15-17-13-25-9-11-10-8-21|67-63-62-74-72-61-64-66-69-68-65-49-55-54-53-56-58-60-59-57-40-44-46-45-51-50-52-47-43-42-41-48
7,4,605.2549,24.8631,590.0,3320.2774,0,4,51.41,51.476833,True,93|5-75-2-1-99-100-97-92-94-95-98-7-3-4-89-91-88-86-84-83-82-85-76-71-70-73-80-79-81-78-77-96-87-90|20-22-24-27-30-29-6-32-33-31-35-37-38-39-36-34-28-26-23-18-19-16-14-12-15-17-13-25-9-11-10-8-21|67-63-62-74-72-61-64-66-69-68-65-49-55-54-53-56-58-60-59-57-40-44-46-45-51-50-52-47-43-42-41-48
8,4,605.2549,24.8631,590.0,3320.2774,0,4,51.41,51.476833,True,93|5-75-2-1-99-100-97-92-94-95-98-7-3-4-89-91-88-86-84-83-82-85-76-71-70-73-80-79-81-78-77-96-87-90|20-22-24-27-30-29-6-32-33-31-35-37-38-39-36-34-28-26-23-18-19-16-14-12-15-17-13-25-9-11-10-8-21|67-63-62-74-72-61-64-66-69-68-65-49-55-54-53-56-58-60-59-57-40-44-46-45-51-50-52-47-43-42-41-48
9,3,605.7296,0.0,50.0,3385.5278,0,3,30.169632,30.188366,True,93-5-75-2-1-99-100-97-92-94-95-98-7-3-4-89-91-88-86-84-83-82-85-76-71-70-73-80-79-81-78-77-96-87-90|20-67-63-62-74-72-61-64-66-69-68-65-49-55-54-53-56-58-60-59-57-40-44-46-45-51-50-52-47-43-42-41-48|22-24-27-30-29-6-32-33-31-35-37-38-39-36-34-28-26-23-18-19-16-14-12-15-17-13-25-9-11-10-8-21
10,3,605.7296,0.0,50.0,3385.5278,0,3,30.169632,30.188366,True,93-5-75-2-1-99-100-97-92-94-95-98-7-3-4-89-91-88-86-84-83-82-85-76-71-70-73-80-79-81-78-77-96-87-90|20-67-63-62-74-72-61-64-66-69-68-65-49-55-54-53-56-58-60-59-57-40-44-46-45-51-50-52-47-43-42-41-48|22-24-27-30-29-6-32-33-31-35-37-38-39-36-34-28-26-23-18-19-16-14-12-15-17-13-25-9-11-10-8-21
11,4,608.3326,21.7854,590.0,3320.2774,0,4,51.41,51.477295,True,93|5-75-2-1-99-100-97-92-94-95-98-3-7-4-89-91-88-86-84-83-82-85-76-71-70-73-80-79-81-78-77-96-87-90|20-22-24-27-30-29-6-32-33-31-35-37-38-39-36-34-28-26-23-18-19-16-14-12-15-17-13-25-9-11-10-8-21|67-63-62-74-72-61-64-66-69-68-65-49-55-54-53-56-58-60-59-57-40-44-46-45-51-50-52-47-43-42-41-48
12,4,608.3326,21.7854,590.0,3320.2774,0,4,51.41,51.477295,True,93|5-75-2-1-99-100-97-92-94-95-98-3-7-4-89-91-88-86-84-83-82-85-76-71-70-73-80-79-81-78-77-96-87-90|20-22-24-27-30-29-6-32-33-31-35-37-38-39-36-34-28-26-23-18-19-16-14-12-15-17-13-25-9-11-10-8-21|67-63-62-74-72-61-64-66-69-68-65-49-55-54-53-56-58-60-59-57-40-44-46-45-51-50-52-47-43-42-41-48
13,3,609.308,0.0,40.0,3385.5278,0,3,30.169632,30.188439,True,93-5-75-2-1-99-100-97-92-94-95-98-7-3-4-89-91-88-86-84-83-82-85-76-71-70-73-80-79-81-78-77-96-87-90|67-63-62-74-72-61-64-66-69-68-65-49-55-54-53-56-58-60-59-57-40-44-46-45-51-50-52-47-43-42-41-48-8|20-22-24-27-30-29-6-32-33-31-35-37-38-39-36-34-28-26-23-18-19-16-14-12-15-17-13-25-9-11-10-21
14,3,609.308,0.0,40.0,3385.5278,0,3,30.169632,30.188439,True,93-5-75-2-1-99-100-97-92-94-95-98-7-3-4-89-91-88-86-84-83-82-85-76-71-70-73-80-79-81-78-77-96-87-90|67-63-62-74-72-61-64-66-69-68-65-49-55-54-53-56-58-60-59-57-40-44-46-45-51-50-52-47-43-42-41-48-8|20-22-24-27-30-29-6-32-33-31-35-37-38-39-36-34-28-26-23-18-19-16-14-12-15-17-13-25-9-11-10-21
15,4,609.8028,20.3152,590.0,3320.2774,0,4,51.41,51.477515,True,93|5-75-2-1-99-100-97-92-94-95-98-7-3-89-4-91-88-86-84-83-82-85-76-71-70-73-80-79-81-78-77-96-87-90|20-22-24-27-30-29-6-32-33-31-35-37-38-39-36-34-28-26-23-18-19-16-14-12-15-17-13-25-9-11-10-8-21|67-63-62-74-72-61-64-66-69-68-65-49-55-54-53-56-58-60-59-57-40-44-46-45-51-50-52-47-43-42-41-48
16,4,609.8028,20.3152,590.0,3320.2774,0,4,51.41,51.477515,True,93|5-75-2-1-99-100-97-92-94-95-98-7-3-89-4-91-88-86-84-83-82-85-76-71-70-73-80-79-81-78-77-96-87-90|20-22-24-27-30-29-6-32-33-31-35-37-38-39-36-34-28-26-23-18-19-16-14-12-15-17-13-25-9-11-10-8-21|67-63-62-74-72-61-64-66-69-68-65-49-55-54-53-56-58-60-59-57-40-44-46-45-51-50-52-47-43-42-41-48
17,4,611.9353,19.8246,590.0,3321.9194,0,4,51.41,51.478328,True,93|5-75-2-1-100-99-97-92-94-95-98-7-3-4-89-91-88-86-84-83-82-85-76-71-70-73-80-79-81-78-77-96-87-90|20-22-24-27-30-29-6-32-33-31-35-37-38-39-36-34-28-26-23-18-19-16-14-12-15-17-13-25-9-11-10-8-21|67-63-62-74-72-61-64-66-69-68-65-49-55-54-53-56-58-60-59-57-40-44-46-45-51-50-52-47-43-42-41-48
18,4,611.9353,19.8246,590.0,3321.9194,0,4,51.41,51.478328,True,93|5-75-2-1-100-99-97-92-94-95-98-7-3-4-89-91-88-86-84-83-82-85-76-71-70-73-80-79-81-78-77-96-87-90|20-22-24-27-30-29-6-32-33-31-35-37-38-39-36-34-28-26-23-18-19-16-14-12-15-17-13-25-9-11-10-8-21|67-63-62-74-72-61-64-66-69-68-65-49-55-54-53-56-58-60-59-57-40-44-46-45-51-50-52-47-43-42-41-48
19,3,613.7315,49.1073,90.0,3320.2774,0,3,20.382075,20.404788,True,93-5-2-1-99-100-97-92-94-95-98-7-3-4-89-91-88-86-84-83-82-85-76-71-70-73-80-79-81-78-77-96-87-90|75-20-22-24-27-30-29-6-32-33-31-35-37-38-39-36-34-28-26-23-18-19-16-14-12-15-17-13-25-9-11-10-8-21|67-63-62-74-72-61-64-66-69-68-65-49-55-54-53-56-58-60-59-57-40-44-46-45-51-50-52-47-43-42-41-48
20,4,615.7381,0.0,590.0,3298.0949,0,4,51.41,51.472921,True,5-75-2-1-99-100-97-92-94-95-98-7-3-4-89-91-88-84-86-83-82-85-76-71-70-73-80-79-81-78-77-96-87-90|22-20-24-27-30-29-6-32-33-31-35-37-38-39-36-34-28-26-23-18-19-16-14-12-15-17-13-25-9-11-10-8-21|67-63-62-74-72-61-64-66-69-68-65-49-55-54-53-56-58-60-59-57-40-44-46-45-51-50-52-43-47-42-41-48|93
21,4,615.7381,0.0,590.0,3298.0949,0,4,51.41,51.472921,True,5-75-2-1-99-100-97-92-94-95-98-7-3-4-89-91-88-84-86-83-82-85-76-71-70-73-80-79-81-78-77-96-87-90|22-20-24-27-30-29-6-32-33-31-35-37-38-39-36-34-28-26-23-18-19-16-14-12-15-17-13-25-9-11-10-8-21|67-63-62-74-72-61-64-66-69-68-65-49-55-54-53-56-58-60-59-57-40-44-46-45-51-50-52-43-47-42-41-48|93
22,3,616.4121,22.1886,90.0,3304.5133,0,3,18.017449,18.034563,True,93-5-2-1-99-100-97-92-94-95-98-7-3-4-89-91-88-84-86-83-82-85-76-71-70-73-80-79-81-78-77-96-87-90|75-20-22-24-27-30-29-6-32-33-31-35-37-38-39-36-34-28-26-23-18-19-16-14-12-15-17-13-25-9-11-10-8-21|67-63-62-74-72-61-64-66-69-68-65-49-55-54-53-56-58-60-59-57-40-44-46-45-51-50-52-47-43-42-41-48
23,3,616.4121,22.1886,90.0,3304.5133,0,3,18.017449,18.034563,True,93-5-2-1-99-100-97-92-94-95-98-7-3-4-89-91-88-84-86-83-82-85-76-71-70-73-80-79-81-78-77-96-87-90|75-20-22-24-27-30-29-6-32-33-31-35-37-38-39-36-34-28-26-23-18-19-16-14-12-15-17-13-25-9-11-10-8-21|67-63-62-74-72-61-64-66-69-68-65-49-55-54-53-56-58-60-59-57-40-44-46-45-51-50-52-47-43-42-41-48
24,3,617.6067,0.0,60.0,3286.1114,0,3,15.257176,15.26556,True,93-5-75-2-1-99-100-97-92-94-95-98-7-3-4-89-91-88-86-84-83-82-85-76-71-70-73-80-79-81-78-77-87-96|20-22-24-27-30-29-6-32-33-31-35-37-38-39-36-34-28-26-23-18-19-16-14-12-15-17-13-25-9-11-10-8-21|67-63-62-74-72-61-64-66-69-68-65-49-55-54-53-56-58-60-59-57-40-44-46-45-51-50-52-47-43-42-41-48-90
25,3,617.6067,0.0,60.0,3286.1114,0,3,15.257176,15.26556,True,93-5-75-2-1-99-100-97-92-94-95-98-7-3-4-89-91-88-86-84-83-82-85-76-71-70-73-80-79-81-78-77-87-96|20-22-24-27-30-29-6-32-33-31-35-37-38-39-36-34-28-26-23-18-19-16-14-12-15-17-13-25-9-11-10-8-21|67-63-62-74-72-61-64-66-69-68-65-49-55-54-53-56-58-60-59-57-40-44-46-45-51-50-52-47-43-42-41-48-90
26,3,617.6067,0.0,60.0,3286.1114,0,3,15.257176,15.26556,True,93-5-75-2-1-99-100-97-92-94-95-98-7-3-4-89-91-88-86-84-83-82-85-76-71-70-73-80-79-81-78-77-87-96|20-22-24-27-30-29-6-32-33-31-35-37-38-39-36-34-28-26-23-18-19-16-14-12-15-17-13-25-9-11-10-8-21|67-63-62-74-72-61-64-66-69-68-65-49-55-54-53-56-58-60-59-57-40-44-46-45-51-50-52-47-43-42-41-48-90
27,3,617.6067,0.0,60.0,3286.1114,0,3,15.257176,15.26556,True,93-5-75-2-1-99-100-97-92-94-95-98-7-3-4-89-91-88-86-84-83-82-85-76-71-70-73-80-79-81-78-77-87-96|67-63-62-74-72-61-64-66-69-68-65-49-55-54-53-56-58-60-59-57-40-44-46-45-51-50-52-47-43-42-41-48-90|20-22-24-27-30-29-6-32-33-31-35-37-38-39-36-34-28-26-23-18-19-16-14-12-15-17-13-25-9-11-10-8-21
28,3,617.6067,0.0,60.0,3286.1114,0,3,15.257176,15.26556,True,93-5-75-2-1-99-100-97-92-94-95-98-7-3-4-89-91-88-86-84-83-82-85-76-71-70-73-80-79-81-78-77-87-96|20-22-24-27-30-29-6-32-33-31-35-37-38-39-36-34-28-26-23-18-19-16-14-12-15-17-13-25-9-11-10-8-21|67-63-62-74-72-61-64-66-69-68-65-49-55-54-53-56-58-60-59-57-40-44-46-45-51-50-52-47-43-42-41-48-90
29,3,617.6067,0.0,60.0,3286.1114,0,3,15.257176,15.26556,True,93-5-75-2-1-99-100-97-92-94-95-98-7-3-4-89-91-88-86-84-83-82-85-76-71-70-73-80-79-81-78-77-87-96|20-22-24-27-30-29-6-32-33-31-35-37-38-39-36-34-28-26-23-18-19-16-14-12-15-17-13-25-9-11-10-8-21|67-63-62-74-72-61-64-66-69-68-65-49-55-54-53-56-58-60-59-57-40-44-46-45-51-50-52-47-43-42-41-48-90
30,3,617.6067,0.0,60.0,3286.1114,0,3,15.257176,15.26556,True,93-5-75-2-1-99-100-97-92-94-95-98-7-3-4-89-91-88-86-84-83-82-85-76-71-70-73-80-79-81-78-77-87-96|20-22-24-27-30-29-6-32-33-31-35-37-38-39-36-34-28-26-23-18-19-16-14-12-15-17-13-25-9-11-10-8-21|67-63-62-74-72-61-64-66-69-68-65-49-55-54-53-56-58-60-59-57-40-44-46-45-51-50-52-47-43-42-41-48-90
31,3,624.2779,0.0,50.0,3269.026,0,3,12.694366,12.701188,True,93-5-75-2-1-99-100-97-92-94-95-98-7-3-4-89-91-88-86-84-83-82-85-76-71-70-73-80-79-81-78-77-87|20-22-24-27-30-29-6-32-33-31-35-37-38-39-36-34-28-26-23-18-19-16-14-12-15-17-13-25-9-11-10-8-21|67-63-62-74-72-61-64-66-69-68-65-49-55-54-53-56-58-60-59-57-40-44-46-45-51-50-52-47-43-42-41-48-96-90
32,3,624.2779,0.0,50.0,3269.026,0,3,12.694366,12.701188,True,93-5-75-2-1-99-100-97-92-94-95-98-7-3-4-89-91-88-86-84-83-82-85-76-71-70-73-80-79-81-78-77-87|20-22-24-27-30-29-6-32-33-31-35-37-38-39-36-34-28-26-23-18-19-16-14-12-15-17-13-25-9-11-10-8-21|67-63-62-74-72-61-64-66-69-68-65-49-55-54-53-56-58-60-59-57-40-44-46-45-51-50-52-47-43-42-41-48-96-90
33,3,624.5828,0.0,40.0,3266.3778,0,3,12.297129,12.302646,True,93-5-75-2-1-99-100-97-92-94-95-98-7-3-4-89-91-88-86-84-83-82-85-76-71-70-73-80-79-81-78-77-96|20-22-24-27-30-29-6-32-33-31-35-37-38-39-36-34-28-26-23-18-19-16-14-12-15-17-13-25-9-11-10-8-21|67-63-62-74-72-61-64-66-69-68-65-49-55-54-53-56-58-60-59-57-40-44-46-45-51-50-52-47-43-42-41-48-87-90
34,3,624.5828,0.0,40.0,3266.3778,0,3,12.297129,12.302646,True,93-5-75-2-1-99-100-97-92-94-95-98-7-3-4-89-91-88-86-84-83-82-85-76-71-70-73-80-79-81-78-77-96|20-22-24-27-30-29-6-32-33-31-35-37-38-39-36-34-28-26-23-18-19-16-14-12-15-17-13-25-9-11-10-8-21|67-63-62-74-72-61-64-66-69-68-65-49-55-54-53-56-58-60-59-57-40-44-46-45-51-50-52-47-43-42-41-48-87-90
35,4,626.6278,2867.1969,320.0,3220.8611,0,4,421.775538,422.233221,True,93-5-75-2-1-99-100-97-92-94-95-98-7-3-4-89-90|91-88-86-84-83-82-85-76-71-70-73-80-79-81-78-77-87-96|20-22-24-27-30-29-6-32-33-31-35-37-38-39-36-34-28-26-23-18-19-16-14-12-15-17-13-25-9-11-10-8-21|67-63-62-74-72-61-64-66-69-68-65-49-55-54-53-56-58-60-59-57-40-44-46-45-51-50-52-47-43-42-41-48
36,4,626.6278,2867.1969,320.0,3220.8611,0,4,421.775538,422.233221,True,93-5-75-2-1-99-100-97-92-94-95-98-7-3-4-89-90|91-88-86-84-83-82-85-76-71-70-73-80-79-81-78-77-87-96|20-22-24-27-30-29-6-32-33-31-35-37-38-39-36-34-28-26-23-18-19-16-14-12-15-17-13-25-9-11-10-8-21|67-63-62-74-72-61-64-66-69-68-65-49-55-54-53-56-58-60-59-57-40-44-46-45-51-50-52-47-43-42-41-48
37,4,628.5236,2865.3012,360.0,3220.8611,0,4,421.491173,421.95314,True,93-5-75-2-1-99-100-97-92-94-95-98-7-3-4-89-91-88-90|86-84-83-82-85-76-71-70-73-80-79-81-78-77-87-96|20-22-24-27-30-29-6-32-33-31-35-37-38-39-36-34-28-26-23-18-19-16-14-12-15-17-13-25-9-11-10-8-21|67-63-62-74-72-61-64-66-69-68-65-49-55-54-53-56-58-60-59-57-40-44-46-45-51-50-52-47-43-42-41-48
38,4,628.5236,2865.3012,360.0,3220.8611,0,4,421.491173,421.95314,True,93-5-75-2-1-99-100-97-92-94-95-98-7-3-4-89-91-88-90|86-84-83-82-85-76-71-70-73-80-79-81-78-77-87-96|20-22-24-27-30-29-6-32-33-31-35-37-38-39-36-34-28-26-23-18-19-16-14-12-15-17-13-25-9-11-10-8-21|67-63-62-74-72-61-64-66-69-68-65-49-55-54-53-56-58-60-59-57-40-44-46-45-51-50-52-47-43-42-41-48
39,4,630.8716,2807.5828,350.0,3165.4906,0,4,412.833413,413.278121,True,93-5-75-2-1-99-100-97-92-94-95-98-7-3-4-88-86-90|89-91-84-83-82-85-76-71-70-73-80-79-81-78-77-87-96|20-22-24-27-30-29-6-32-33-31-35-37-38-39-36-34-28-26-23-18-19-16-14-12-15-17-13-25-9-11-10-8-21|67-63-62-74-72-61-64-66-69-68-65-49-55-54-53-56-58-60-59-57-40-44-46-45-51-50-52-47-43-42-41-48
40,4,630.8716,2807.5828,350.0,3165.4906,0,4,412.833413,413.278121,True,93-5-75-2-1-99-100-97-92-94-95-98-7-3-4-88-86-90|89-91-84-83-82-85-76-71-70-73-80-79-81-78-77-87-96|20-22-24-27-30-29-6-32-33-31-35-37-38-39-36-34-28-26-23-18-19-16-14-12-15-17-13-25-9-11-10-8-21|67-63-62-74-72-61-64-66-69-68-65-49-55-54-53-56-58-60-59-57-40-44-46-45-51-50-52-47-43-42-41-48
41,4,631.0664,2807.3879,590.0,3165.4906,0,4,412.804189,413.272926,True,89-91-86-90|93-5-75-2-1-99-100-97-94-92-95-98-7-3-4-88-84-83-82-85-76-71-70-73-80-79-81-78-77-87-96|20-22-24-27-30-29-6-32-33-31-35-37-38-39-36-34-28-26-23-18-19-16-14-12-15-17-13-25-9-11-10-8-21|67-63-62-74-72-61-64-66-69-68-65-49-55-54-53-56-58-60-59-57-40-44-46-45-51-50-52-47-43-42-41-48
42,4,631.0664,2807.3879,590.0,3165.4906,0,4,412.804189,413.272926,True,89-91-86-90|93-5-75-2-1-99-100-97-94-92-95-98-7-3-4-88-84-83-82-85-76-71-70-73-80-79-81-78-77-87-96|20-22-24-27-30-29-6-32-33-31-35-37-38-39-36-34-28-26-23-18-19-16-14-12-15-17-13-25-9-11-10-8-21|67-63-62-74-72-61-64-66-69-68-65-49-55-54-53-56-58-60-59-57-40-44-46-45-51-50-52-47-43-42-41-48
43,4,631.0973,2807.357,340.0,3165.4906,0,4,412.799547,413.243288,True,93-5-75-2-1-99-100-97-92-94-95-98-7-3-4-89-91-86-90|88-84-83-82-85-76-71-70-73-80-79-81-78-77-87-96|20-22-24-27-30-29-6-32-33-31-35-37-38-39-36-34-28-26-23-18-19-16-14-12-15-17-13-25-9-11-10-8-21|67-63-62-74-72-61-64-66-69-68-65-49-55-54-53-56-58-60-59-57-40-44-46-45-51-50-52-47-43-42-41-48
44,4,631.0973,2807.357,340.0,3165.4906,0,4,412.799547,413.243288,True,93-5-75-2-1-99-100-97-92-94-95-98-7-3-4-89-91-86-90|88-84-83-82-85-76-71-70-73-80-79-81-78-77-87-96|20-22-24-27-30-29-6-32-33-31-35-37-38-39-36-34-28-26-23-18-19-16-14-12-15-17-13-25-9-11-10-8-21|67-63-62-74-72-61-64-66-69-68-65-49-55-54-53-56-58-60-59-57-40-44-46-45-51-50-52-47-43-42-41-48
45,4,632.1235,2806.3309,370.0,3165.4906,0,4,412.645627,413.092523,True,93-5-75-2-1-99-100-97-92-94-95-98-7-3-4-89-91-88-86-90|84-83-82-85-76-71-70-73-80-79-81-78-77-87-96|20-22-24-27-30-29-6-32-33-31-35-37-38-39-36-34-28-26-23-18-19-16-14-12-15-17-13-25-9-11-10-8-21|67-63-62-74-72-61-64-66-69-68-65-49-55-54-53-56-58-60-59-57-40-44-46-45-51-50-52-47-43-42-41-48
46,4,632.1235,2806.3309,370.0,3165.4906,0,4,412.645627,413.092523,True,93-5-75-2-1-99-100-97-92-94-95-98-7-3-4-89-91-88-86-90|84-83-82-85-76-71-70-73-80-79-81-78-77-87-96|20-22-24-27-30-29-6-32-33-31-35-37-38-39-36-34-28-26-23-18-19-16-14-12-15-17-13-25-9-11-10-8-21|67-63-62-74-72-61-64-66-69-68-65-49-55-54-53-56-58-60-59-57-40-44-46-45-51-50-52-47-43-42-41-48
47,4,632.1235,2806.3309,370.0,3165.4906,0,4,412.645627,413.092523,True,93-5-75-2-1-99-100-97-92-94-95-98-7-3-4-89-91-88-86-90|84-83-82-85-76-71-70-73-80-79-81-78-77-87-96|20-22-24-27-30-29-6-32-33-31-35-37-38-39-36-34-28-26-23-18-19-16-14-12-15-17-13-25-9-11-10-8-21|67-63-62-74-72-61-64-66-69-68-65-49-55-54-53-56-58-60-59-57-40-44-46-45-51-50-52-47-43-42-41-48
48,4,632.1235,2806.3309,370.0,3165.4906,0,4,412.645627,413.092523,True,93-5-75-2-1-99-100-97-92-94-95-98-7-3-4-89-91-88-86-90|84-83-82-85-76-71-70-73-80-79-81-78-77-87-96|20-22-24-27-30-29-6-32-33-31-35-37-38-39-36-34-28-26-23-18-19-16-14-12-15-17-13-25-9-11-10-8-21|67-63-62-74-72-61-64-66-69-68-65-49-55-54-53-56-58-60-59-57-40-44-46-45-51-50-52-47-43-42-41-48
49,4,632.1235,2806.3309,370.0,3165.4906,0,4,412.645627,413.092523,True,93-5-75-2-1-99-100-97-92-94-95-98-7-3-4-89-91-88-86-90|84-83-82-85-76-71-70-73-80-79-81-78-77-87-96|20-22-24-27-30-29-6-32-33-31-35-37-38-39-36-34-28-26-23-18-19-16-14-12-15-17-13-25-9-11-10-8-21|67-63-62-74-72-61-64-66-69-68-65-49-55-54-53-56-58-60-59-57-40-44-46-45-51-50-52-47-43-42-41-48
50,4,632.1235,2806.3309,370.0,3165.4906,0,4,412.645627,413.092523,True,93-5-75-2-1-99-100-97-92-94-95-98-7-3-4-89-91-88-86-90|84-83-82-85-76-71-70-73-80-79-81-78-77-87-96|20-22-24-27-30-29-6-32-33-31-35-37-38-39-36-34-28-26-23-18-19-16-14-12-15-17-13-25-9-11-10-8-21|67-63-62-74-72-61-64-66-69-68-65-49-55-54-53-56-58-60-59-57-40-44-46-45-51-50-52-47-43-42-41-48
51,4,632.1235,2806.3309,370.0,3165.4906,0,4,412.645627,413.092523,True,93-5-75-2-1-99-100-97-92-94-95-98-7-3-4-89-91-88-86-90|84-83-82-85-76-71-70-73-80-79-81-78-77-87-96|20-22-24-27-30-29-6-32-33-31-35-37-38-39-36-34-28-26-23-18-19-16-14-12-15-17-13-25-9-11-10-8-21|67-63-62-74-72-61-64-66-69-68-65-49-55-54-53-56-58-60-59-57-40-44-46-45-51-50-52-47-43-42-41-48
52,4,634.6724,2803.7819,380.0,3165.4906,0,4,412.263284,412.711562,True,93-5-75-2-1-99-100-97-92-94-95-98-7-3-4-89-91-88-84-90|86-83-82-85-76-71-70-73-80-79-81-78-77-87-96|20-22-24-27-30-29-6-32-33-31-35-37-38-39-36-34-28-26-23-18-19-16-14-12-15-17-13-25-9-11-10-8-21|67-63-62-74-72-61-64-66-69-68-65-49-55-54-53-56-58-60-59-57-40-44-46-45-51-50-52-47-43-42-41-48
53,4,634.6724,2803.7819,380.0,3165.4906,0,4,412.263284,412.711562,True,93-5-75-2-1-99-100-97-92-94-95-98-7-3-4-89-91-88-84-90|86-83-82-85-76-71-70-73-80-79-81-78-77-87-96|20-22-24-27-30-29-6-32-33-31-35-37-38-39-36-34-28-26-23-18-19-16-14-12-15-17-13-25-9-11-10-8-21|67-63-62-74-72-61-64-66-69-68-65-49-55-54-53-56-58-60-59-57-40-44-46-45-51-50-52-47-43-42-41-48
54,4,634.6724,2803.7819,380.0,3165.4906,0,4,412.263284,412.711562,True,93-5-75-2-1-99-100-97-92-94-95-98-7-3-4-89-91-88-84-90|86-83-82-85-76-71-70-73-80-79-81-78-77-87-96|20-22-24-27-30-29-6-32-33-31-35-37-38-39-36-34-28-26-23-18-19-16-14-12-15-17-13-25-9-11-10-8-21|67-63-62-74-72-61-64-66-69-68-65-49-55-54-53-56-58-60-59-57-40-44-46-45-51-50-52-47-43-42-41-48
55,4,635.144,2803.3103,390.0,3165.4906,0,4,412.19255,412.641899,True,93-5-75-2-1-99-100-97-92-94-95-98-7-3-4-89-91-88-84-86-90|83-82-85-76-71-70-73-80-79-81-78-77-87-96|20-22-24-27-30-29-6-32-33-31-35-37-38-39-36-34-28-26-23-18-19-16-14-12-15-17-13-25-9-11-10-8-21|67-63-62-74-72-61-64-66-69-68-65-49-55-54-53-56-58-60-59-57-40-44-46-45-51-50-52-47-43-42-41-48
56,4,635.144,2803.3103,390.0,3165.4906,0,4,412.19255,412.641899,True,93-5-75-2-1-99-100-97-92-94-95-98-7-3-4-89-91-88-84-86-90|83-82-85-76-71-70-73-80-79-81-78-77-87-96|20-22-24-27-30-29-6-32-33-31-35-37-38-39-36-34-28-26-23-18-19-16-14-12-15-17-13-25-9-11-10-8-21|67-63-62-74-72-61-64-66-69-68-65-49-55-54-53-56-58-60-59-57-40-44-46-45-51-50-52-47-43-42-41-48
57,4,635.144,2803.3103,390.0,3165.4906,0,4,412.19255,412.641899,True,93-5-75-2-1-99-100-97-92-94-95-98-7-3-4-89-91-88-84-86-90|83-82-85-76-71-70-73-80-79-81-78-77-87-96|20-22-24-27-30-29-6-32-33-31-35-37-38-39-36-34-28-26-23-18-19-16-14-12-15-17-13-25-9-11-10-8-21|67-63-62-74-72-61-64-66-69-68-65-49-55-54-53-56-58-60-59-57-40-44-46-45-51-50-52-47-43-42-41-48
58,4,635.144,2803.3103,390.0,3165.4906,0,4,412.19255,412.641899,True,93-5-75-2-1-99-100-97-92-94-95-98-7-3-4-89-91-88-84-86-90|83-82-85-76-71-70-73-80-79-81-78-77-87-96|20-22-24-27-30-29-6-32-33-31-35-37-38-39-36-34-28-26-23-18-19-16-14-12-15-17-13-25-9-11-10-8-21|67-63-62-74-72-61-64-66-69-68-65-49-55-54-53-56-58-60-59-57-40-44-46-45-51-50-52-47-43-42-41-48
59,4,635.3541,2803.1002,370.0,3165.4906,0,4,412.16103,412.60841,True,93-5-75-2-1-99-100-97-92-94-95-98-7-3-4-88-84-86-90|89-91-83-82-85-76-71-70-73-80-79-81-78-77-87-96|20-22-24-27-30-29-6-32-33-31-35-37-38-39-36-34-28-26-23-18-19-16-14-12-15-17-13-25-9-11-10-8-21|67-63-62-74-72-61-64-66-69-68-65-49-55-54-53-56-58-60-59-57-40-44-46-45-51-50-52-47-43-42-41-48
60,4,635.3541,2803.1002,370.0,3165.4906,0,4,412.16103,412.60841,True,93-5-75-2-1-99-100-97-92-94-95-98-7-3-4-88-84-86-90|89-91-83-82-85-76-71-70-73-80-79-81-78-77-87-96|20-22-24-27-30-29-6-32-33-31-35-37-38-39-36-34-28-26-23-18-19-16-14-12-15-17-13-25-9-11-10-8-21|67-63-62-74-72-61-64-66-69-68-65-49-55-54-53-56-58-60-59-57-40-44-46-45-51-50-52-47-43-42-41-48
61,4,639.7166,2798.7377,400.0,3165.4906,0,4,411.506657,411.957692,True,93-5-75-2-1-99-100-97-92-94-95-98-7-3-4-89-91-88-84-83-86-90|82-85-76-71-70-73-80-79-81-78-77-87-96|20-22-24-27-30-29-6-32-33-31-35-37-38-39-36-34-28-26-23-18-19-16-14-12-15-17-13-25-9-11-10-8-21|67-63-62-74-72-61-64-66-69-68-65-49-55-54-53-56-58-60-59-57-40-44-46-45-51-50-52-47-43-42-41-48
62,4,639.7166,2798.7377,400.0,3165.4906,0,4,411.506657,411.957692,True,93-5-75-2-1-99-100-97-92-94-95-98-7-3-4-89-91-88-84-83-86-90|82-85-76-71-70-73-80-79-81-78-77-87-96|20-22-24-27-30-29-6-32-33-31-35-37-38-39-36-34-28-26-23-18-19-16-14-12-15-17-13-25-9-11-10-8-21|67-63-62-74-72-61-64-66-69-68-65-49-55-54-53-56-58-60-59-57-40-44-46-45-51-50-52-47-43-42-41-48
63,4,639.7326,2802.9644,360.0,3165.4906,0,4,412.140653,412.588326,True,93-5-75-2-1-99-100-97-92-94-95-98-7-3-4-89-91-88-90|84-86-83-82-85-76-71-70-73-80-79-81-78-77-87-96|20-22-24-27-30-29-6-32-33-31-35-37-38-39-36-34-28-26-23-18-19-16-14-12-15-17-13-25-9-11-10-8-21|67-63-62-74-72-61-64-66-69-68-65-49-55-54-53-56-58-60-59-57-40-44-46-45-51-50-52-43-47-42-41-48
64,4,639.7326,2802.9644,360.0,3165.4906,0,4,412.140653,412.588326,True,93-5-75-2-1-99-100-97-92-94-95-98-7-3-4-89-91-88-90|84-86-83-82-85-76-71-70-73-80-79-81-78-77-87-96|20-22-24-27-30-29-6-32-33-31-35-37-38-39-36-34-28-26-23-18-19-16-14-12-15-17-13-25-9-11-10-8-21|67-63-62-74-72-61-64-66-69-68-65-49-55-54-53-56-58-60-59-57-40-44-46-45-51-50-52-43-47-42-41-48
65,4,648.707,1720.092,380.0,3228.1522,0,4,249.709803,250.009138,True,93-5-75-2-1-99-100-97-92-94-95-98-7-3-4-89-91-88-86-84|83-82-85-76-71-70-73-80-79-81-78-77-96-87-90|20-22-24-27-30-29-6-32-33-31-35-37-38-39-36-34-28-26-23-18-19-16-14-12-15-17-13-25-9-11-10-8-21|67-63-62-74-72-61-64-66-69-68-65-49-55-54-53-56-58-60-59-57-40-44-46-45-51-50-52-47-43-42-41-48
66,4,648.707,1720.092,380.0,3228.1522,0,4,249.709803,250.009138,True,93-5-75-2-1-99-100-97-92-94-95-98-7-3-4-89-91-88-86-84|83-82-85-76-71-70-73-80-79-81-78-77-96-87-90|20-22-24-27-30-29-6-32-33-31-35-37-38-39-36-34-28-26-23-18-19-16-14-12-15-17-13-25-9-11-10-8-21|67-63-62-74-72-61-64-66-69-68-65-49-55-54-53-56-58-60-59-57-40-44-46-45-51-50-52-47-43-42-41-48
67,4,650.6617,2787.7926,390.0,3165.4906,0,4,409.864889,410.316566,True,93-5-75-1-2-99-100-97-92-94-95-98-7-3-4-89-91-88-84-86-90|83-82-85-76-71-70-73-80-79-81-78-77-87-96|20-22-24-27-30-29-6-32-33-31-35-37-38-39-36-34-28-26-23-18-19-16-14-12-15-17-13-25-9-11-10-8-21|67-63-62-74-72-61-64-66-69-68-65-49-55-54-53-56-58-60-59-57-40-44-46-45-51-50-52-47-43-42-41-48
68,4,650.6617,2787.7926,390.0,3165.4906,0,4,409.864889,410.316566,True,93-5-75-1-2-99-100-97-92-94-95-98-7-3-4-89-91-88-84-86-90|83-82-85-76-71-70-73-80-79-81-78-77-87-96|20-22-24-27-30-29-6-32-33-31-35-37-38-39-36-34-28-26-23-18-19-16-14-12-15-17-13-25-9-11-10-8-21|67-63-62-74-72-61-64-66-69-68-65-49-55-54-53-56-58-60-59-57-40-44-46-45-51-50-52-47-43-42-41-48
69,4,652.2356,2694.0497,380.0,3165.4906,0,4,395.803451,396.240538,True,93-5-75-2-1-99-100-97-92-94-95-98-7-3-4-89-91-88-84-83-86-90|62-82-85-76-71-70-73-80-79-81-78-77-87-96|20-22-24-27-30-29-6-32-33-31-35-37-38-39-36-34-28-26-23-18-19-16-14-12-15-17-13-25-9-11-10-8-21|67-63-74-72-61-64-66-69-68-65-49-55-54-53-56-58-60-59-57-40-44-46-45-51-50-52-47-43-42-41-48
70,4,652.2356,2694.0497,380.0,3165.4906,0,4,395.803451,396.240538,True,93-5-75-2-1-99-100-97-92-94-95-98-7-3-4-89-91-88-84-83-86-90|62-82-85-76-71-70-73-80-79-81-78-77-87-96|20-22-24-27-30-29-6-32-33-31-35-37-38-39-36-34-28-26-23-18-19-16-14-12-15-17-13-25-9-11-10-8-21|67-63-74-72-61-64-66-69-68-65-49-55-54-53-56-58-60-59-57-40-44-46-45-51-50-52-47-43-42-41-48
71,4,656.7479,2747.5939,320.0,3165.4644,0,4,403.835088,404.275556,True,20-22-24-27-30-29-6-32-33-31-35-37-38-39-36-34-28-26-23-18-19-16-14-12-15-17-13-25-9-11-10-8-21|67-63-62-74-72-61-64-66-69-68-65-49-55-54-53-56-58-60-59-57-40-44-46-45-51-50-52-47-43-42-41-48|2-1-99-100-97-92-94-95-98-7-3-4-91-88-86-83-87-90|93-5-75-89-84-82-85-76-71-70-73-80-79-81-78-77-96
72,4,656.7479,2747.5939,320.0,3165.4644,0,4,403.835088,404.275556,True,20-22-24-27-30-29-6-32-33-31-35-37-38-39-36-34-28-26-23-18-19-16-14-12-15-17-13-25-9-11-10-8-21|67-63-62-74-72-61-64-66-69-68-65-49-55-54-53-56-58-60-59-57-40-44-46-45-51-50-52-47-43-42-41-48|2-1-99-100-97-92-94-95-98-7-3-4-91-88-86-83-87-90|93-5-75-89-84-82-85-76-71-70-73-80-79-81-78-77-96
73,4,657.3635,1831.7652,360.0,3228.1522,0,4,266.460773,266.777455,True,93-5-75-2-1-99-100-97-92-94-95-98-7-3-4-89-91-88-86-84-82-83|63-85-76-71-70-73-80-79-81-78-77-96-87-90|20-22-24-27-30-29-6-32-33-31-35-37-38-39-36-34-28-26-23-18-19-16-14-12-15-17-13-25-9-11-10-8-21|67-62-74-72-61-64-66-69-68-65-49-55-54-53-56-58-60-59-57-40-44-46-45-51-50-52-47-42-41-43-48
74,4,657.3635,1831.7652,360.0,3228.1522,0,4,266.460773,266.777455,True,93-5-75-2-1-99-100-97-92-94-95-98-7-3-4-89-91-88-86-84-82-83|63-85-76-71-70-73-80-79-81-78-77-96-87-90|20-22-24-27-30-29-6-32-33-31-35-37-38-39-36-34-28-26-23-18-19-16-14-12-15-17-13-25-9-11-10-8-21|67-62-74-72-61-64-66-69-68-65-49-55-54-53-56-58-60-59-57-40-44-46-45-51-50-52-47-42-41-43-48
75,4,660.7882,2403.2127,620.0,3199.1848,0,4,352.177908,352.60299,True,93-5-75-2-1-99-100-97-92-94-95-98-7-3-4-89-91-88-86-84-83-82-85-76-71-70-73-80-79-81-78-77-87|20-22-24-27-30-29-6-33-32-31-35-37-38-39-36-34-28-26-23-18-19-16-14-12-15-17-13-25-9-11-10-8-21|67-63-62-74-72-61-64-66-69-68-65-49-55-54-53-56-58-60-59-57-40-44-46-45-51-50-52-42-41-43-48-96-90|47
76,4,660.7882,2403.2127,620.0,3199.1848,0,4,352.177908,352.60299,True,93-5-75-2-1-99-100-97-92-94-95-98-7-3-4-89-91-88-86-84-83-82-85-76-71-70-73-80-79-81-78-77-87|20-22-24-27-30-29-6-33-32-31-35-37-38-39-36-34-28-26-23-18-19-16-14-12-15-17-13-25-9-11-10-8-21|67-63-62-74-72-61-64-66-69-68-65-49-55-54-53-56-58-60-59-57-40-44-46-45-51-50-52-42-41-43-48-96-90|47
77,4,662.0773,2686.377,390.0,3165.4906,0,4,394.652555,395.092444,True,93-5-75-2-1-99-100-97-92-94-95-98-7-3-4-89-91-88-84-83-86-90|61-82-85-76-71-70-73-80-79-81-78-77-87-96|20-22-24-27-30-29-6-32-33-31-35-37-38-39-36-34-28-26-23-18-19-16-14-12-15-17-13-25-9-11-10-8-21|67-63-62-74-72-64-66-69-68-65-49-55-54-53-56-58-60-59-57-40-44-46-45-51-50-52-47-43-42-41-48
78,4,662.0773,2686.377,390.0,3165.4906,0,4,394.652555,395.092444,True,93-5-75-2-1-99-100-97-92-94-95-98-7-3-4-89-91-88-84-83-86-90|61-82-85-76-71-70-73-80-79-81-78-77-87-96|20-22-24-27-30-29-6-32-33-31-35-37-38-39-36-34-28-26-23-18-19-16-14-12-15-17-13-25-9-11-10-8-21|67-63-62-74-72-64-66-69-68-65-49-55-54-53-56-58-60-59-57-40-44-46-45-51-50-52-47-43-42-41-48
79,4,666.8582,1665.4641,620.0,3228.3506,0,4,241.51562,241.836235,True,93-5-75-2-1-99-100-97-92-94-95-98-7-3-4-89-91-88-84-83-82-85-76-71-70-73-79-80-81-78-77-87-96|20-22-24-27-30-29-6-32-33-31-35-37-38-39-36-34-28-26-23-18-19-16-14-12-15-17-13-25-9-11-10-8-21|67-63-62-74-72-61-64-66-69-68-65-49-55-54-53-56-58-60-59-57-40-44-46-45-51-50-52-47-43-42-41-48-90|86
80,4,666.8582,1665.4641,620.0,3228.3506,0,4,241.51562,241.836235,True,93-5-75-2-1-99-100-97-92-94-95-98-7-3-4-89-91-88-84-83-82-85-76-71-70-73-79-80-81-78-77-87-96|20-22-24-27-30-29-6-32-33-31-35-37-38-39-36-34-28-26-23-18-19-16-14-12-15-17-13-25-9-11-10-8-21|67-63-62-74-72-61-64-66-69-68-65-49-55-54-53-56-58-60-59-57-40-44-46-45-51-50-52-47-43-42-41-48-90|86
81,4,667.3822,1629.5236,620.0,3191.3976,0,4,236.124537,236.434376,True,93-5-75-2-1-99-100-97-92-94-95-98-7-3-4-89-91-88-84-83-82-85-76-71-70-73-80-79-81-78-77-87-96|20-22-24-27-30-29-6-33-32-31-35-37-38-39-36-34-28-26-23-18-19-16-14-12-15-17-13-25-9-11-10-8-21|67-63-62-74-72-61-64-66-69-68-65-49-55-54-53-56-58-60-59-57-40-44-46-45-51-50-52-47-43-42-41-48-90|86
82,4,667.3822,1629.5236,620.0,3191.3976,0,4,236.124537,236.434376,True,93-5-75-2-1-99-100-97-92-94-95-98-7-3-4-89-91-88-84-83-82-85-76-71-70-73-80-79-81-78-77-87-96|20-22-24-27-30-29-6-33-32-31-35-37-38-39-36-34-28-26-23-18-19-16-14-12-15-17-13-25-9-11-10-8-21|67-63-62-74-72-61-64-66-69-68-65-49-55-54-53-56-58-60-59-57-40-44-46-45-51-50-52-47-43-42-41-48-90|86
83,3,674.6098,0.0,20.0,3317.7526,0,3,20.127974,20.154205,True,93-5-75-2-1-99-100-97-92-94-95-98-7-3-4-89-91-88-86-84-83-82-85-76-71-70-73-80-79-81-78-77-87-96|20-22-24-27-30-29-6-32-33-35-37-38-39-36-34-28-26-23-18-19-16-14-12-15-17-13-25-9-11-10-8-21|67-63-62-74-72-61-64-66-69-31-68-65-49-55-54-53-56-58-60-59-57-40-44-46-45-51-50-52-47-43-42-41-48-90
84,3,674.6098,0.0,20.0,3317.7526,0,3,20.127974,20.154205,True,93-5-75-2-1-99-100-97-92-94-95-98-7-3-4-89-91-88-86-84-83-82-85-76-71-70-73-80-79-81-78-77-87-96|20-22-24-27-30-29-6-32-33-35-37-38-39-36-34-28-26-23-18-19-16-14-12-15-17-13-25-9-11-10-8-21|67-63-62-74-72-61-64-66-69-31-68-65-49-55-54-53-56-58-60-59-57-40-44-46-45-51-50-52-47-43-42-41-48-90
85,3,674.6098,0.0,20.0,3317.7526,0,3,20.127974,20.154205,True,93-5-75-2-1-99-100-97-92-94-95-98-7-3-4-89-91-88-86-84-83-82-85-76-71-70-73-80-79-81-78-77-87-96|67-63-62-74-72-61-64-66-69-31-68-65-49-55-54-53-56-58-60-59-57-40-44-46-45-51-50-52-47-43-42-41-48-90|20-22-24-27-30-29-6-32-33-35-37-38-39-36-34-28-26-23-18-19-16-14-12-15-17-13-25-9-11-10-8-21
86,4,677.8055,47.8799,590.0,3224.1441,0,4,51.41,51.487631,True,93|5-75-2-1-99-100-97-92-94-95-98-7-3-4-89-91-88-86-84-83-82-85-76-71-70-73-80-79-81-78-77-96-87|20-22-27-24-30-29-6-32-33-31-35-37-38-39-28-36-34-26-23-18-19-14-16-12-15-17-13-25-9-11-10-8-21|67-63-62-74-72-64-61-66-69-68-65-49-55-54-53-56-58-60-59-57-40-44-46-45-51-50-52-47-43-42-41-90-48
87,4,677.8055,47.8799,590.0,3224.1441,0,4,51.41,51.487631,True,93|5-75-2-1-99-100-97-92-94-95-98-7-3-4-89-91-88-86-84-83-82-85-76-71-70-73-80-79-81-78-77-96-87|20-22-27-24-30-29-6-32-33-31-35-37-38-39-28-36-34-26-23-18-19-14-16-12-15-17-13-25-9-11-10-8-21|67-63-62-74-72-64-61-66-69-68-65-49-55-54-53-56-58-60-59-57-40-44-46-45-51-50-52-47-43-42-41-90-48
88,4,678.5152,2385.9848,560.0,3199.1848,0,4,349.593719,350.015535,True,93-5-75-2-1-99-100-97-92-94-95-98-7-3-4-89-91-88-86-84-83-82-85-76-71-70-73-80-79-81-78-77-87|20-22-24-27-30-29-32-33-31-35-37-38-39-36-34-28-26-23-18-19-16-14-12-15-17-13-25-9-11-10-8-21|67-63-62-74-72-61-64-66-69-68-65-49-55-54-53-56-58-60-59-57-40-44-46-51-45-42-41-43-48-96-90|6-52-50-47
89,4,678.5152,2385.9848,560.0,3199.1848,0,4,349.593719,350.015535,True,93-5-75-2-1-99-100-97-92-94-95-98-7-3-4-89-91-88-86-84-83-82-85-76-71-70-73-80-79-81-78-77-87|20-22-24-27-30-29-32-33-31-35-37-38-39-36-34-28-26-23-18-19-16-14-12-15-17-13-25-9-11-10-8-21|67-63-62-74-72-61-64-66-69-68-65-49-55-54-53-56-58-60-59-57-40-44-46-51-45-42-41-43-48-96-90|6-52-50-47
90,4,679.0308,2529.773,460.0,3189.9518,0,4,371.161954,371.594107,True,93-5-75-2-1-99-100-97-92-94-95-98-7-3-4-89-91-88-86-84-83-82-85-76-71-70-73-80-79-81-78-77-87|20-22-27-30-29-6-31-35-37-38-39-36-34-28-26-23-18-19-16-14-12-15-17-13-25-9-11-10-8-21|67-63-62-74-72-61-64-66-69-68-65-49-55-54-53-56-58-60-59-57-40-44-46-45-42-41-96-90|24-33-32-52-51-50-47-43-48
91,4,679.0308,2529.773,460.0,3189.9518,0,4,371.161954,371.594107,True,93-5-75-2-1-99-100-97-92-94-95-98-7-3-4-89-91-88-86-84-83-82-85-76-71-70-73-80-79-81-78-77-87|20-22-27-30-29-6-31-35-37-38-39-36-34-28-26-23-18-19-16-14-12-15-17-13-25-9-11-10-8-21|67-63-62-74-72-61-64-66-69-68-65-49-55-54-53-56-58-60-59-57-40-44-46-45-42-41-96-90|24-33-32-52-51-50-47-43-48
92,4,679.1371,2529.6668,450.0,3189.9518,0,4,371.146013,371.577183,True,93-5-75-2-1-99-100-97-92-94-95-98-7-3-4-89-91-88-86-84-83-82-85-76-71-70-73-80-79-81-78-77-87|20-22-24-27-30-29-31-35-37-38-39-36-34-28-26-23-18-19-16-14-12-15-17-13-25-9-11-10-8-21|67-63-62-74-72-61-64-66-69-68-65-49-55-54-53-56-58-60-59-57-40-44-46-45-42-41-96-90|6-32-33-52-51-50-47-43-48
93,4,679.1371,2529.6668,450.0,3189.9518,0,4,371.146013,371.577183,True,93-5-75-2-1-99-100-97-92-94-95-98-7-3-4-89-91-88-86-84-83-82-85-76-71-70-73-80-79-81-78-77-87|20-22-24-27-30-29-31-35-37-38-39-36-34-28-26-23-18-19-16-14-12-15-17-13-25-9-11-10-8-21|67-63-62-74-72-61-64-66-69-68-65-49-55-54-53-56-58-60-59-57-40-44-46-45-42-41-96-90|6-32-33-52-51-50-47-43-48
94,4,679.9197,1949.4833,560.0,3199.1848,0,4,284.118497,284.475259,True,93-5-75-2-1-99-100-97-92-94-95-98-7-3-4-89-91-88-86-84-83-82-85-76-71-70-73-80-79-81-78-77-87|20-27-30-29-6-32-33-31-35-37-38-39-36-34-28-26-23-18-19-16-14-12-15-17-13-25-9-11-10-8-21|67-63-62-74-72-61-64-66-69-68-65-49-55-54-53-56-58-60-59-57-40-44-46-45-50-52-47-42-41-43-48-96-90|22-24-51
95,4,679.9197,1949.4833,560.0,3199.1848,0,4,284.118497,284.475259,True,93-5-75-2-1-99-100-97-92-94-95-98-7-3-4-89-91-88-86-84-83-82-85-76-71-70-73-80-79-81-78-77-87|20-27-30-29-6-32-33-31-35-37-38-39-36-34-28-26-23-18-19-16-14-12-15-17-13-25-9-11-10-8-21|67-63-62-74-72-61-64-66-69-68-65-49-55-54-53-56-58-60-59-57-40-44-46-45-50-52-47-42-41-43-48-96-90|22-24-51
96,4,680.1731,2528.6307,480.0,3189.9518,0,4,370.990608,371.424933,True,93-5-75-2-1-99-100-97-92-94-95-98-7-3-4-89-91-88-86-84-83-82-85-76-71-70-73-80-79-81-78-77-87|20-22-24-27-30-29-32-31-35-37-38-39-36-34-28-26-23-18-19-16-14-12-15-17-13-25-9-11-10-8-21|67-63-62-74-72-61-64-66-69-68-65-49-55-54-53-56-58-60-59-57-40-44-46-45-42-41-96-90|6-33-52-51-50-47-43-48
97,4,680.1731,2528.6307,480.0,3189.9518,0,4,370.990608,371.424933,True,93-5-75-2-1-99-100-97-92-94-95-98-7-3-4-89-91-88-86-84-83-82-85-76-71-70-73-80-79-81-78-77-87|20-22-24-27-30-29-32-31-35-37-38-39-36-34-28-26-23-18-19-16-14-12-15-17-13-25-9-11-10-8-21|67-63-62-74-72-61-64-66-69-68-65-49-55-54-53-56-58-60-59-57-40-44-46-45-42-41-96-90|6-33-52-51-50-47-43-48
98,4,683.2545,1946.1485,560.0,3199.1848,0,4,283.618269,283.975531,True,93-5-75-2-1-99-100-97-92-94-95-98-7-3-4-89-91-88-86-84-83-82-85-76-71-70-73-80-79-81-78-77-87|22-30-29-6-32-33-31-35-37-38-39-36-34-28-26-23-18-19-16-14-12-15-17-13-25-9-11-10-8-21|67-63-62-74-72-61-64-66-69-68-65-49-55-54-53-56-58-60-59-57-40-44-46-45-50-52-47-42-41-43-48-96-90|20-24-27-51
99,4,683.2545,1946.1485,560.0,3199.1848,0,4,283.618269,283.975531,True,93-5-75-2-1-99-100-97-92-94-95-98-7-3-4-89-91-88-86-84-83-82-85-76-71-70-73-80-79-81-78-77-87|22-30-29-6-32-33-31-35-37-38-39-36-34-28-26-23-18-19-16-14-12-15-17-13-25-9-11-10-8-21|67-63-62-74-72-61-64-66-69-68-65-49-55-54-53-56-58-60-59-57-40-44-46-45-50-52-47-42-41-43-48-96-90|20-24-27-51
100,4,683.6325,1945.7705,550.0,3199.1848,0,4,283.561569,283.917888,True,93-5-75-2-1-99-100-97-92-94-95-98-7-3-4-89-91-88-86-84-83-82-85-76-71-70-73-80-79-81-78-77-87|22-24-6-32-33-31-35-37-38-39-36-34-28-26-23-18-19-16-14-12-15-17-13-25-9-11-10-8-21|67-63-62-74-72-61-64-66-69-68-65-49-55-54-53-56-58-60-59-57-40-44-46-45-50-52-47-42-41-43-48-96-90|20-27-30-29-51
101,4,683.6325,1945.7705,550.0,3199.1848,0,4,283.561569,283.917888,True,93-5-75-2-1-99-100-97-92-94-95-98-7-3-4-89-91-88-86-84-83-82-85-76-71-70-73-80-79-81-78-77-87|22-24-6-32-33-31-35-37-38-39-36-34-28-26-23-18-19-16-14-12-15-17-13-25-9-11-10-8-21|67-63-62-74-72-61-64-66-69-68-65-49-55-54-53-56-58-60-59-57-40-44-46-45-50-52-47-42-41-43-48-96-90|20-27-30-29-51
102,4,686.8956,2521.8412,520.0,3189.9518,0,4,369.972174,370.411497,True,93-5-75-2-1-99-100-97-92-94-95-98-7-3-4-89-91-88-86-84-83-82-85-76-71-70-73-80-79-81-78-77-87|22-24-27-30-29-6-32-31-35-37-38-39-36-34-28-26-23-18-19-16-14-12-15-17-13-25-9-11-10-8-21|67-63-62-74-72-61-64-66-69-68-65-49-55-54-53-56-58-60-59-57-40-44-46-45-51-50-47-42-41-96-90|20-33-52-43-48
103,4,686.8956,2521.8412,520.0,3189.9518,0,4,369.972174,370.411497,True,93-5-75-2-1-99-100-97-92-94-95-98-7-3-4-89-91-88-86-84-83-82-85-76-71-70-73-80-79-81-78-77-87|22-24-27-30-29-6-32-31-35-37-38-39-36-34-28-26-23-18-19-16-14-12-15-17-13-25-9-11-10-8-21|67-63-62-74-72-61-64-66-69-68-65-49-55-54-53-56-58-60-59-57-40-44-46-45-51-50-47-42-41-96-90|20-33-52-43-48
104,4,688.6623,2121.9539,500.0,3199.1848,0,4,309.989078,310.368333,True,93-5-75-2-1-99-100-97-92-94-95-98-7-3-4-89-91-88-86-84-83-82-85-76-71-70-73-80-79-81-78-77-87|20-22-24-27-30-29-31-35-37-38-39-36-34-28-26-23-18-19-16-14-12-15-17-13-25-9-11-10-8-21|67-63-62-74-72-61-64-66-69-68-65-49-55-54-53-56-58-60-59-57-40-44-46-45-51-50-47-42-41-43-48-96-90|6-32-33-52
105,4,688.6623,2121.9539,500.0,3199.1848,0,4,309.989078,310.368333,True,93-5-75-2-1-99-100-97-92-94-95-98-7-3-4-89-91-88-86-84-83-82-85-76-71-70-73-80-79-81-78-77-87|20-22-24-27-30-29-31-35-37-38-39-36-34-28-26-23-18-19-16-14-12-15-17-13-25-9-11-10-8-21|67-63-62-74-72-61-64-66-69-68-65-49-55-54-53-56-58-60-59-57-40-44-46-45-51-50-47-42-41-43-48-96-90|6-32-33-52
106,4,689.968,2518.7688,490.0,3189.9518,0,4,369.511318,369.948102,True,93-5-75-2-1-99-100-97-92-94-95-98-7-3-4-89-91-88-86-84-83-82-85-76-71-70-73-80-79-81-78-77-87|20-22-24-27-30-29-31-35-37-38-39-36-34-28-26-23-18-19-16-14-12-15-17-13-25-9-11-10-8-21|67-63-62-74-72-61-64-66-69-68-65-49-55-54-53-56-58-60-59-57-40-44-46-45-50-52-47-43-42-41-96-90|6-32-33-51-48
107,4,689.968,2518.7688,490.0,3189.9518,0,4,369.511318,369.948102,True,93-5-75-2-1-99-100-97-92-94-95-98-7-3-4-89-91-88-86-84-83-82-85-76-71-70-73-80-79-81-78-77-87|20-22-24-27-30-29-31-35-37-38-39-36-34-28-26-23-18-19-16-14-12-15-17-13-25-9-11-10-8-21|67-63-62-74-72-61-64-66-69-68-65-49-55-54-53-56-58-60-59-57-40-44-46-45-50-52-47-43-42-41-96-90|6-32-33-51-48
108,4,692.8697,2117.7464,460.0,3199.1848,0,4,309.357965,309.733852,True,93-5-75-2-1-99-100-97-92-94-95-98-7-3-4-89-91-88-86-84-83-82-85-76-71-70-73-80-79-81-78-77-87|20-22-27-30-29-35-37-38-39-36-34-28-26-23-18-19-16-14-12-15-17-13-25-9-11-10-8-21|67-63-62-74-72-61-64-66-69-68-65-49-55-54-53-56-58-60-59-57-40-44-46-45-50-47-42-41-43-48-96-90|24-6-32-33-31-51-52
109,4,692.8697,2117.7464,460.0,3199.1848,0,4,309.357965,309.733852,True,93-5-75-2-1-99-100-97-92-94-95-98-7-3-4-89-91-88-86-84-83-82-85-76-71-70-73-80-79-81-78-77-87|20-22-27-30-29-35-37-38-39-36-34-28-26-23-18-19-16-14-12-15-17-13-25-9-11-10-8-21|67-63-62-74-72-61-64-66-69-68-65-49-55-54-53-56-58-60-59-57-40-44-46-45-50-47-42-41-43-48-96-90|24-6-32-33-31-51-52
110,4,693.6429,1935.7601,450.0,3199.1848,0,4,282.06001,282.40783,True,93-5-75-2-1-99-100-97-92-94-95-98-7-3-4-89-91-88-86-84-83-82-85-76-71-70-73-80-79-81-78-77-87|6-31-35-37-38-39-36-34-28-26-23-18-19-16-14-12-15-17-13-25-9-11-10-8-21|67-63-62-74-72-61-64-66-69-68-65-49-55-54-53-56-58-60-59-57-40-44-46-45-50-52-47-42-41-43-48-96-90|20-22-24-27-30-29-33-32-51
111,4,693.6429,1935.7601,450.0,3199.1848,0,4,282.06001,282.40783,True,93-5-75-2-1-99-100-97-92-94-95-98-7-3-4-89-91-88-86-84-83-82-85-76-71-70-73-80-79-81-78-77-87|6-31-35-37-38-39-36-34-28-26-23-18-19-16-14-12-15-17-13-25-9-11-10-8-21|67-63-62-74-72-61-64-66-69-68-65-49-55-54-53-56-58-60-59-57-40-44-46-45-50-52-47-42-41-43-48-96-90|20-22-24-27-30-29-33-32-51
112,4,694.1331,1935.2699,540.0,3199.1848,0,4,281.986483,282.343377,True,93-5-75-2-1-99-100-97-92-94-95-98-7-3-4-89-91-88-86-84-83-82-85-76-71-70-73-80-79-81-78-77-87|20-22-24-27-30-29-33-31-35-37-38-39-36-34-28-26-23-18-19-16-14-12-15-17-13-25-9-11-10-8-21|67-63-62-74-72-61-64-66-69-68-65-49-55-54-53-56-58-60-59-57-40-44-46-45-50-52-47-42-41-43-48-96-90|6-32-51
113,4,694.1331,1935.2699,540.0,3199.1848,0,4,281.986483,282.343377,True,93-5-75-2-1-99-100-97-92-94-95-98-7-3-4-89-91-88-86-84-83-82-85-76-71-70-73-80-79-81-78-77-87|20-22-24-27-30-29-33-31-35-37-38-39-36-34-28-26-23-18-19-16-14-12-15-17-13-25-9-11-10-8-21|67-63-62-74-72-61-64-66-69-68-65-49-55-54-53-56-58-60-59-57-40-44-46-45-50-52-47-42-41-43-48-96-90|6-32-51
114,4,694.4632,2237.0562,490.0,3189.9518,0,4,327.254435,327.65031,True,93-5-75-2-1-99-100-97-92-94-95-98-7-3-4-89-91-88-86-84-83-82-85-76-71-70-73-80-79-81-78-77-87|20-22-24-27-30-29-31-35-37-38-39-36-34-28-26-23-18-19-16-14-12-15-17-13-25-9-11-10-8-21|67-63-62-74-72-61-64-66-69-68-65-49-55-54-53-56-58-60-59-57-40-44-46-45-50-52-47-42-41-48-96-90|6-32-33-51-43
115,4,694.4632,2237.0562,490.0,3189.9518,0,4,327.254435,327.65031,True,93-5-75-2-1-99-100-97-92-94-95-98-7-3-4-89-91-88-86-84-83-82-85-76-71-70-73-80-79-81-78-77-87|20-22-24-27-30-29-31-35-37-38-39-36-34-28-26-23-18-19-16-14-12-15-17-13-25-9-11-10-8-21|67-63-62-74-72-61-64-66-69-68-65-49-55-54-53-56-58-60-59-57-40-44-46-45-50-52-47-42-41-48-96-90|6-32-33-51-43
116,4,694.5094,1934.8936,480.0,3199.1848,0,4,281.930033,282.280983,True,93-5-75-2-1-99-100-97-92-94-95-98-7-3-4-89-91-88-86-84-83-82-85-76-71-70-73-80-79-81-78-77-87|20-22-24-27-30-29-35-37-38-39-36-34-28-26-23-18-19-16-14-12-15-17-13-25-9-11-10-8-21|67-63-62-74-72-61-64-66-69-68-65-49-55-54-53-56-58-60-59-57-40-44-46-45-50-52-47-42-41-43-48-96-90|6-32-33-31-51
117,4,694.5094,1934.8936,480.0,3199.1848,0,4,281.930033,282.280983,True,93-5-75-2-1-99-100-97-92-94-95-98-7-3-4-89-91-88-86-84-83-82-85-76-71-70-73-80-79-81-78-77-87|20-22-24-27-30-29-35-37-38-39-36-34-28-26-23-18-19-16-14-12-15-17-13-25-9-11-10-8-21|67-63-62-74-72-61-64-66-69-68-65-49-55-54-53-56-58-60-59-57-40-44-46-45-50-52-47-42-41-43-48-96-90|6-32-33-31-51
118,4,694.8505,1934.5525,500.0,3199.1848,0,4,281.878871,282.231872,True,93-5-75-2-1-99-100-97-92-94-95-98-7-3-4-89-91-88-86-84-83-82-85-76-71-70-73-80-79-81-78-77-87|20-22-24-27-30-29-31-35-37-38-39-36-34-28-26-23-18-19-16-14-12-15-17-13-25-9-11-10-8-21|67-63-62-74-72-61-64-66-69-68-65-49-55-54-53-56-58-60-59-57-40-44-46-45-50-52-47-42-41-43-48-96-90|6-32-33-51
119,4,694.8505,1934.5525,500.0,3199.1848,0,4,281.878871,282.231872,True,93-5-75-2-1-99-100-97-92-94-95-98-7-3-4-89-91-88-86-84-83-82-85-76-71-70-73-80-79-81-78-77-87|20-22-24-27-30-29-31-35-37-38-39-36-34-28-26-23-18-19-16-14-12-15-17-13-25-9-11-10-8-21|67-63-62-74-72-61-64-66-69-68-65-49-55-54-53-56-58-60-59-57-40-44-46-45-50-52-47-42-41-43-48-96-90|6-32-33-51
120,4,694.8505,1934.5525,500.0,3199.1848,0,4,281.878871,282.231872,True,93-5-75-2-1-99-100-97-92-94-95-98-7-3-4-89-91-88-86-84-83-82-85-76-71-70-73-80-79-81-78-77-87|20-22-24-27-30-29-31-35-37-38-39-36-34-28-26-23-18-19-16-14-12-15-17-13-25-9-11-10-8-21|67-63-62-74-72-61-64-66-69-68-65-49-55-54-53-56-58-60-59-57-40-44-46-45-50-52-47-42-41-43-48-96-90|6-32-33-51
121,4,694.8505,1934.5525,500.0,3199.1848,0,4,281.878871,282.231872,True,93-5-75-2-1-99-100-97-92-94-95-98-7-3-4-89-91-88-86-84-83-82-85-76-71-70-73-80-79-81-78-77-87|20-22-24-27-30-29-31-35-37-38-39-36-34-28-26-23-18-19-16-14-12-15-17-13-25-9-11-10-8-21|67-63-62-74-72-61-64-66-69-68-65-49-55-54-53-56-58-60-59-57-40-44-46-45-50-52-47-42-41-43-48-96-90|6-32-33-51
122,4,694.8505,1934.5525,500.0,3199.1848,0,4,281.878871,282.231872,True,93-5-75-2-1-99-100-97-92-94-95-98-7-3-4-89-91-88-86-84-83-82-85-76-71-70-73-80-79-81-78-77-87|20-22-24-27-30-29-31-35-37-38-39-36-34-28-26-23-18-19-16-14-12-15-17-13-25-9-11-10-8-21|67-63-62-74-72-61-64-66-69-68-65-49-55-54-53-56-58-60-59-57-40-44-46-45-50-52-47-42-41-43-48-96-90|6-32-33-51
123,4,700.173,1664.5812,370.0,3196.2368,0,4,241.383184,241.683844,True,93-5-75-2-1-99-100-97-92-94-95-98-7-3-4-89-91-88-86|84-83-82-85-76-71-70-73-80-79-81-78-77-87-96|20-22-24-27-30-29-6-32-33-31-35-37-38-39-36-34-28-26-23-18-19-16-14-12-15-17-13-25-9-11-10-8-21|67-63-62-74-72-61-64-66-68-69-65-49-55-54-53-56-58-60-59-57-40-44-46-45-51-50-52-43-47-42-41-90-48
124,4,700.173,1664.5812,370.0,3196.2368,0,4,241.383184,241.683844,True,93-5-75-2-1-99-100-97-92-94-95-98-7-3-4-89-91-88-86|84-83-82-85-76-71-70-73-80-79-81-78-77-87-96|20-22-24-27-30-29-6-32-33-31-35-37-38-39-36-34-28-26-23-18-19-16-14-12-15-17-13-25-9-11-10-8-21|67-63-62-74-72-61-64-66-68-69-65-49-55-54-53-56-58-60-59-57-40-44-46-45-51-50-52-43-47-42-41-90-48
125,4,703.4032,2700.4216,330.0,3220.8611,0,4,396.759232,397.215931,True,93-5-75-2-1-99-100-97-92-94-95-98-7-3-4-89-91-88-90|56-86-84-83-82-85-76-71-70-73-80-79-81-78-77-87-96|20-22-24-27-30-29-6-32-33-31-35-37-38-39-36-34-28-26-23-18-19-16-14-12-15-17-13-25-9-11-10-8-21|67-63-62-74-72-61-64-66-69-68-65-49-55-54-53-58-60-59-57-40-44-46-45-51-50-52-47-43-42-41-48
126,4,703.4032,2700.4216,330.0,3220.8611,0,4,396.759232,397.215931,True,93-5-75-2-1-99-100-97-92-94-95-98-7-3-4-89-91-88-90|56-86-84-83-82-85-76-71-70-73-80-79-81-78-77-87-96|20-22-24-27-30-29-6-32-33-31-35-37-38-39-36-34-28-26-23-18-19-16-14-12-15-17-13-25-9-11-10-8-21|67-63-62-74-72-61-64-66-69-68-65-49-55-54-53-58-60-59-57-40-44-46-45-51-50-52-47-43-42-41-48
127,4,703.5889,1925.8141,360.0,3199.1848,0,4,280.568116,280.908428,True,93-5-75-2-1-99-100-97-92-94-95-98-7-3-4-89-91-88-86-84-83-82-85-76-71-70-73-80-79-81-78-77-87|20-22-24-27-30-29-32-31-35-37-38-39-36-34-51|67-63-62-74-72-61-64-66-69-68-65-49-55-54-53-56-58-60-59-57-40-44-46-45-50-52-47-42-41-43-48-96-90|6-33-28-26-23-18-19-16-14-12-15-17-13-25-9-11-10-8-21
128,4,703.5889,1925.8141,360.0,3199.1848,0,4,280.568116,280.908428,True,93-5-75-2-1-99-100-97-92-94-95-98-7-3-4-89-91-88-86-84-83-82-85-76-71-70-73-80-79-81-78-77-87|20-22-24-27-30-29-32-31-35-37-38-39-36-34-51|67-63-62-74-72-61-64-66-69-68-65-49-55-54-53-56-58-60-59-57-40-44-46-45-50-52-47-42-41-43-48-96-90|6-33-28-26-23-18-19-16-14-12-15-17-13-25-9-11-10-8-21
129,4,704.3978,2699.427,330.0,3220.8611,0,4,396.610041,397.066889,True,93-5-75-2-1-99-100-97-92-94-95-98-7-3-4-89-91-88-90|58-86-84-83-82-85-76-71-70-73-80-79-81-78-77-87-96|20-22-24-27-30-29-6-32-33-31-35-37-38-39-36-34-28-26-23-18-19-16-14-12-15-17-13-25-9-11-10-8-21|67-63-62-74-72-61-64-66-69-68-65-49-55-54-53-56-60-59-57-40-44-46-45-51-50-52-47-43-42-41-48
130,4,704.3978,2699.427,330.0,3220.8611,0,4,396.610041,397.066889,True,93-5-75-2-1-99-100-97-92-94-95-98-7-3-4-89-91-88-90|58-86-84-83-82-85-76-71-70-73-80-79-81-78-77-87-96|20-22-24-27-30-29-6-32-33-31-35-37-38-39-36-34-28-26-23-18-19-16-14-12-15-17-13-25-9-11-10-8-21|67-63-62-74-72-61-64-66-69-68-65-49-55-54-53-56-60-59-57-40-44-46-45-51-50-52-47-43-42-41-48
131,4,711.2239,2657.3892,370.0,3165.4906,0,4,390.30438,390.752664,True,93-5-75-2-1-99-100-97-92-94-95-98-7-3-4-89-91-88-84-83-86-90|58-82-85-76-71-70-73-80-79-81-78-77-87-96|20-22-24-27-30-29-6-32-33-31-35-37-38-39-36-34-28-26-23-18-19-16-14-12-15-17-13-25-9-11-10-8-21|67-63-62-74-72-61-64-66-69-68-65-49-55-54-53-56-60-59-57-40-44-46-45-51-50-52-47-42-41-43-48
132,4,711.2239,2657.3892,370.0,3165.4906,0,4,390.30438,390.752664,True,93-5-75-2-1-99-100-97-92-94-95-98-7-3-4-89-91-88-84-83-86-90|58-82-85-76-71-70-73-80-79-81-78-77-87-96|20-22-24-27-30-29-6-32-33-31-35-37-38-39-36-34-28-26-23-18-19-16-14-12-15-17-13-25-9-11-10-8-21|67-63-62-74-72-61-64-66-69-68-65-49-55-54-53-56-60-59-57-40-44-46-45-51-50-52-47-42-41-43-48
133,4,714.0089,2654.6042,370.0,3165.4906,0,4,389.886627,390.335329,True,93-5-75-2-1-99-100-97-92-94-95-98-7-3-4-89-91-88-86-51-90|84-83-82-85-76-71-70-73-80-79-81-78-77-87-96|20-22-24-27-30-29-6-32-33-31-35-37-38-39-36-34-28-26-23-18-19-16-14-12-15-17-13-25-9-11-10-8-21|67-63-62-74-72-61-64-66-69-68-65-49-55-54-53-56-58-60-59-57-40-44-46-45-50-52-47-42-41-43-48
134,4,714.0089,2654.6042,370.0,3165.4906,0,4,389.886627,390.335329,True,93-5-75-2-1-99-100-97-92-94-95-98-7-3-4-89-91-88-86-51-90|84-83-82-85-76-71-70-73-80-79-81-78-77-87-96|20-22-24-27-30-29-6-32-33-31-35-37-38-39-36-34-28-26-23-18-19-16-14-12-15-17-13-25-9-11-10-8-21|67-63-62-74-72-61-64-66-69-68-65-49-55-54-53-56-58-60-59-57-40-44-46-45-50-52-47-42-41-43-48
135,4,717.0294,2651.5837,390.0,3165.4906,0,4,389.43355,389.884705,True,93-5-75-2-1-99-100-97-92-94-95-98-7-3-4-89-91-88-84-86-51-90|83-82-85-76-71-70-73-80-79-81-78-77-87-96|20-22-24-27-30-29-6-32-33-31-35-37-38-39-36-34-28-26-23-18-19-16-14-12-15-17-13-25-9-11-10-8-21|67-63-62-74-72-61-64-66-69-68-65-49-55-54-53-56-58-60-59-57-40-44-46-45-50-52-47-42-41-43-48
136,4,717.0294,2651.5837,390.0,3165.4906,0,4,389.43355,389.884705,True,93-5-75-2-1-99-100-97-92-94-95-98-7-3-4-89-91-88-84-86-51-90|83-82-85-76-71-70-73-80-79-81-78-77-87-96|20-22-24-27-30-29-6-32-33-31-35-37-38-39-36-34-28-26-23-18-19-16-14-12-15-17-13-25-9-11-10-8-21|67-63-62-74-72-61-64-66-69-68-65-49-55-54-53-56-58-60-59-57-40-44-46-45-50-52-47-42-41-43-48
137,4,720.125,2648.4881,400.0,3165.4906,0,4,388.969211,389.421831,True,93-5-75-2-1-99-100-97-92-94-95-98-7-3-4-89-91-88-84-83-86-50-90|82-85-76-71-70-73-80-79-81-78-77-87-96|20-22-24-27-30-29-6-32-33-31-35-37-38-39-36-34-28-26-23-18-19-16-14-12-15-17-13-25-9-11-10-8-21|67-63-62-74-72-61-64-66-69-68-65-49-55-54-53-56-58-60-59-57-40-44-46-45-51-52-47-42-41-43-48
138,4,720.125,2648.4881,400.0,3165.4906,0,4,388.969211,389.421831,True,93-5-75-2-1-99-100-97-92-94-95-98-7-3-4-89-91-88-84-83-86-50-90|82-85-76-71-70-73-80-79-81-78-77-87-96|20-22-24-27-30-29-6-32-33-31-35-37-38-39-36-34-28-26-23-18-19-16-14-12-15-17-13-25-9-11-10-8-21|67-63-62-74-72-61-64-66-69-68-65-49-55-54-53-56-58-60-59-57-40-44-46-45-51-52-47-42-41-43-48
139,4,721.602,2647.0111,400.0,3165.4906,0,4,388.747657,389.200498,True,93-5-75-2-1-99-100-97-92-94-95-98-7-3-4-89-91-88-84-83-86-51-90|82-85-76-71-70-73-80-79-81-78-77-87-96|20-22-24-27-30-29-6-32-33-31-35-37-38-39-36-34-28-26-23-18-19-16-14-12-15-17-13-25-9-11-10-8-21|67-63-62-74-72-61-64-66-69-68-65-49-55-54-53-56-58-60-59-57-40-44-46-45-50-52-47-42-41-43-48
140,4,721.602,2647.0111,400.0,3165.4906,0,4,388.747657,389.200498,True,93-5-75-2-1-99-100-97-92-94-95-98-7-3-4-89-91-88-84-83-86-51-90|82-85-76-71-70-73-80-79-81-78-77-87-96|20-22-24-27-30-29-6-32-33-31-35-37-38-39-36-34-28-26-23-18-19-16-14-12-15-17-13-25-9-11-10-8-21|67-63-62-74-72-61-64-66-69-68-65-49-55-54-53-56-58-60-59-57-40-44-46-45-50-52-47-42-41-43-48
141,4,721.7315,1907.6715,330.0,3199.1848,0,4,277.846719,278.186752,True,93-5-75-2-1-99-100-97-92-94-95-98-7-3-4-89-91-88-86-84-83-82-85-76-71-70-73-80-79-81-78-77-87|20-22-24-30-29-6-32-31-35-37-38-39-28-36-34-51|67-63-62-74-72-61-64-66-69-68-65-49-55-54-53-56-58-60-59-57-40-44-46-45-50-52-47-42-41-43-48-96-90|27-33-26-23-18-19-16-14-12-15-17-13-25-9-11-10-8-21
142,4,721.7315,1907.6715,330.0,3199.1848,0,4,277.846719,278.186752,True,93-5-75-2-1-99-100-97-92-94-95-98-7-3-4-89-91-88-86-84-83-82-85-76-71-70-73-80-79-81-78-77-87|20-22-24-30-29-6-32-31-35-37-38-39-28-36-34-51|67-63-62-74-72-61-64-66-69-68-65-49-55-54-53-56-58-60-59-57-40-44-46-45-50-52-47-42-41-43-48-96-90|27-33-26-23-18-19-16-14-12-15-17-13-25-9-11-10-8-21
143,4,728.1848,45.2544,580.0,3199.1848,0,4,50.41,50.497607,True,93-5-75-2-1-99-100-97-92-94-95-98-7-3-4-89-91-88-86-84-83-82-85-76-71-70-73-80-79-81-78-77-87|20-27-30-29-6-32-33-31-35-37-38-39-36-34-28-26-23-18-19-16-14-12-15-17-51-25-13-9-11-10-8-21|67-63-62-74-72-61-64-66-69-68-65-49-55-54-53-56-58-60-59-57-40-44-46-45-50-52-47-42-41-43-48-96-90|22-24
144,4,728.1848,45.2544,580.0,3199.1848,0,4,50.41,50.497607,True,93-5-75-2-1-99-100-97-92-94-95-98-7-3-4-89-91-88-86-84-83-82-85-76-71-70-73-80-79-81-78-77-87|20-27-30-29-6-32-33-31-35-37-38-39-36-34-28-26-23-18-19-16-14-12-15-17-51-25-13-9-11-10-8-21|67-63-62-74-72-61-64-66-69-68-65-49-55-54-53-56-58-60-59-57-40-44-46-45-50-52-47-42-41-43-48-96-90|22-24
145,4,729.8467,43.5925,580.0,3199.1848,0,4,50.41,50.497856,True,93-5-75-2-1-99-100-97-92-94-95-98-7-3-4-89-91-88-86-84-83-82-85-76-71-70-73-80-79-81-78-77-87|20-27-30-29-6-32-33-31-35-37-38-39-36-34-28-26-23-18-19-16-14-12-15-17-51-25-13-9-11-10-8-21|67-63-74-62-72-61-64-66-69-68-65-49-55-54-53-56-58-60-59-57-40-44-46-45-50-52-47-42-41-43-48-96-90|22-24
146,4,729.8467,43.5925,580.0,3199.1848,0,4,50.41,50.497856,True,93-5-75-2-1-99-100-97-92-94-95-98-7-3-4-89-91-88-86-84-83-82-85-76-71-70-73-80-79-81-78-77-87|20-27-30-29-6-32-33-31-35-37-38-39-36-34-28-26-23-18-19-16-14-12-15-17-51-25-13-9-11-10-8-21|67-63-74-62-72-61-64-66-69-68-65-49-55-54-53-56-58-60-59-57-40-44-46-45-50-52-47-42-41-43-48-96-90|22-24
147,5,730.7648,5646.696,530.0,3165.3001,0,5,838.700397,839.619212,True,93-5-75-2-1-99-100-97-92-94-95-98-7-3-4-89-91-88-84-86-90|20-22-24-27-30-29-6-32-33-31-35-37-38-39-36-34-28-26-23-18-19-16-14-12-15-17-13-25-9-11-10-8-21|67-63-62-74-72-61-64-66-69-68-65-49-55-54-53-56-58-60-59-57-40-44-46-45-51-50-52-47-43-42-41-48|76-79-81-78-77-87|83-82-85-71-70-73-80-96
148,5,730.7648,5646.696,530.0,3165.3001,0,5,838.700397,839.619212,True,93-5-75-2-1-99-100-97-92-94-95-98-7-3-4-89-91-88-84-86-90|20-22-24-27-30-29-6-32-33-31-35-37-38-39-36-34-28-26-23-18-19-16-14-12-15-17-13-25-9-11-10-8-21|67-63-62-74-72-61-64-66-69-68-65-49-55-54-53-56-58-60-59-57-40-44-46-45-51-50-52-47-43-42-41-48|76-79-81-78-77-87|83-82-85-71-70-73-80-96
149,4,732.6279,43.2348,580.0,3189.9518,0,4,50.41,50.497252,True,93-5-75-2-1-99-100-97-92-94-95-98-7-3-4-89-91-88-86-84-83-82-85-76-71-70-73-80-79-81-78-77-87|20-24-30-29-6-32-33-31-35-37-38-39-36-34-28-26-23-18-19-16-14-12-15-17-51-25-13-9-11-10-8-21|67-63-62-74-72-61-64-66-69-68-65-49-55-54-53-56-58-60-59-57-40-44-46-45-50-52-47-43-42-41-48-96-90|22-27
150,4,732.6279,43.2348,580.0,3189.9518,0,4,50.41,50.497252,True,93-5-75-2-1-99-100-97-92-94-95-98-7-3-4-89-91-88-86-84-83-82-85-76-71-70-73-80-79-81-78-77-87|20-24-30-29-6-32-33-31-35-37-38-39-36-34-28-26-23-18-19-16-14-12-15-17-51-25-13-9-11-10-8-21|67-63-62-74-72-61-64-66-69-68-65-49-55-54-53-56-58-60-59-57-40-44-46-45-50-52-47-43-42-41-48-96-90|22-27
151,4,736.0378,350.2459,540.0,3199.1848,0,4,46.41,46.541711,True,93-5-75-2-1-99-100-97-92-94-95-98-7-3-4-89-91-88-86-84-83-82-85-76-71-70-73-80-79-81-78-77-87|24-6-32-33-31-35-37-38-39-36-34-28-26-23-18-19-16-14-12-15-17-51-25-13-9-11-10-8-21|67-63-62-74-72-61-64-66-69-68-65-49-55-54-53-56-58-60-59-57-40-44-46-45-50-52-47-42-41-43-48-96-90|20-22-27-29-30
152,4,736.2606,350.0231,560.0,3199.1848,0,4,48.41,48.543745,True,93-5-75-2-1-99-100-97-92-94-95-98-7-3-4-89-91-88-86-84-83-82-85-76-71-70-73-80-79-81-78-77-87|22-24-6-32-33-31-35-37-38-39-36-34-28-26-23-18-19-16-14-12-15-17-51-25-13-9-11-10-8-21|67-63-62-74-72-61-64-66-69-68-65-49-55-54-53-56-58-60-59-57-40-44-46-45-50-52-47-42-41-43-48-96-90|20-27-29-30
153,4,736.2606,350.0231,560.0,3199.1848,0,4,48.41,48.543745,True,93-5-75-2-1-99-100-97-92-94-95-98-7-3-4-89-91-88-86-84-83-82-85-76-71-70-73-80-79-81-78-77-87|22-24-6-32-33-31-35-37-38-39-36-34-28-26-23-18-19-16-14-12-15-17-51-25-13-9-11-10-8-21|67-63-62-74-72-61-64-66-69-68-65-49-55-54-53-56-58-60-59-57-40-44-46-45-50-52-47-42-41-43-48-96-90|20-27-29-30
154,4,742.5077,2565.2456,350.0,3189.9518,0,4,376.482841,376.928358,True,93-5-75-2-1-99-100-97-92-94-95-98-7-3-4-89-91-88-86-84-83-82-85-76-71-70-73-80-79-81-78-77-87|6-32-31-35-37-38-39-36-34-28-26-23-18-19-16-14-12-15-17-51-48|67-63-62-74-72-61-64-66-69-68-65-49-55-54-53-56-58-60-59-57-40-44-46-45-50-52-47-43-42-41-96-90|20-22-24-27-30-29-33-25-13-9-11-10-8-21
155,4,742.5077,2565.2456,350.0,3189.9518,0,4,376.482841,376.928358,True,93-5-75-2-1-99-100-97-92-94-95-98-7-3-4-89-91-88-86-84-83-82-85-76-71-70-73-80-79-81-78-77-87|6-32-31-35-37-38-39-36-34-28-26-23-18-19-16-14-12-15-17-51-48|67-63-62-74-72-61-64-66-69-68-65-49-55-54-53-56-58-60-59-57-40-44-46-45-50-52-47-43-42-41-96-90|20-22-24-27-30-29-33-25-13-9-11-10-8-21
156,4,743.4325,30.0067,580.0,3199.1848,0,4,50.41,50.499894,True,93-5-75-2-1-99-100-97-92-94-95-98-7-3-4-89-91-88-86-84-83-82-85-76-71-70-73-80-79-81-78-77-87|20-27-30-29-6-32-33-31-35-37-38-39-36-34-28-26-23-18-19-16-14-12-15-17-51-25-13-9-11-10-8-21|67-63-62-74-72-61-64-66-69-68-49-65-55-53-54-56-58-60-59-57-40-44-46-45-50-52-47-42-41-43-48-96-90|22-24
157,4,743.4325,30.0067,580.0,3199.1848,0,4,50.41,50.499894,True,93-5-75-2-1-99-100-97-92-94-95-98-7-3-4-89-91-88-86-84-83-82-85-76-71-70-73-80-79-81-78-77-87|20-27-30-29-6-32-33-31-35-37-38-39-36-34-28-26-23-18-19-16-14-12-15-17-51-25-13-9-11-10-8-21|67-63-62-74-72-61-64-66-69-68-49-65-55-53-54-56-58-60-59-57-40-44-46-45-50-52-47-42-41-43-48-96-90|22-24
158,4,749.9196,345.0468,560.0,3199.1848,0,4,48.41,48.547096,True,93-5-75-2-1-99-100-97-92-94-95-98-7-3-4-89-91-88-86-84-83-82-85-76-71-70-73-80-79-81-78-77-87|20-24-27-30-29-32-33-31-35-37-38-39-36-34-28-26-23-18-19-16-14-12-15-17-51-25-13-9-11-10-8-21|67-63-62-74-72-61-64-66-69-68-65-49-55-54-53-56-58-60-59-57-40-44-46-45-50-52-47-42-41-43-48-96-90|22-6
159,4,749.9196,345.0468,560.0,3199.1848,0,4,48.41,48.547096,True,93-5-75-2-1-99-100-97-92-94-95-98-7-3-4-89-91-88-86-84-83-82-85-76-71-70-73-80-79-81-78-77-87|20-24-27-30-29-32-33-31-35-37-38-39-36-34-28-26-23-18-19-16-14-12-15-17-51-25-13-9-11-10-8-21|67-63-62-74-72-61-64-66-69-68-65-49-55-54-53-56-58-60-59-57-40-44-46-45-50-52-47-42-41-43-48-96-90|22-6
160,4,751.1663,23.3058,620.0,3251.2782,0,4,54.41,54.513023,True,20-93-75-2-1-99-100-97-92-94-95-98-7-3-4-89-91-88-86-84-83-82-85-76-71-70-73-80-79-81-78-77-87|22-24-27-30-29-6-32-33-31-35-37-38-39-36-34-28-26-23-18-19-16-14-12-15-17-51-13-25-9-11-10-8-21|67-63-62-74-72-61-64-66-69-68-65-49-55-54-53-56-58-60-59-57-40-44-46-45-50-52-47-42-41-43-48-96-90|5
161,4,751.1663,23.3058,620.0,3251.2782,0,4,54.41,54.513023,True,20-93-75-2-1-99-100-97-92-94-95-98-7-3-4-89-91-88-86-84-83-82-85-76-71-70-73-80-79-81-78-77-87|22-24-27-30-29-6-32-33-31-35-37-38-39-36-34-28-26-23-18-19-16-14-12-15-17-51-13-25-9-11-10-8-21|67-63-62-74-72-61-64-66-69-68-65-49-55-54-53-56-58-60-59-57-40-44-46-45-50-52-47-42-41-43-48-96-90|5
162,4,752.4952,969.0809,420.0,3136.7483,0,4,137.058138,137.266246,True,20-24-27-30-29-6-32-33-31-35-37-38-39-36-34-28-26-23-18-19-16-14-12-15-17-13-25-9-11-10-8-21|63-62-61-64-66-69-68-65-49-55-54-53-56-58-60-59-57-40-44-46-45-51-50-52-47-43-42-41-48-96-90|67-72-74-99-100-92-94-95-98-3-4-91-88-86-84-83-82-85-76-71-70-73-80-79-81-78-77-87|22-93-5-75-2-1-97-7-89
163,4,752.4952,969.0809,420.0,3136.7483,0,4,137.058138,137.266246,True,20-24-27-30-29-6-32-33-31-35-37-38-39-36-34-28-26-23-18-19-16-14-12-15-17-13-25-9-11-10-8-21|63-62-61-64-66-69-68-65-49-55-54-53-56-58-60-59-57-40-44-46-45-51-50-52-47-43-42-41-48-96-90|67-72-74-99-100-92-94-95-98-3-4-91-88-86-84-83-82-85-76-71-70-73-80-79-81-78-77-87|22-93-5-75-2-1-97-7-89
164,3,759.3829,0.0,10.0,3286.1114,0,3,45.559895,45.605812,True,93-5-75-2-1-99-100-97-92-94-95-98-7-3-4-89-91-88-86-84-83-82-85-76-71-70-73-80-79-81-78-77-87-96|20-22-24-27-30-29-66-6-32-33-31-35-37-38-39-36-34-28-26-23-18-19-16-14-12-13-17-25-9-11-10-8-21|67-63-62-74-72-61-64-69-68-65-49-55-54-53-56-58-60-59-57-40-44-46-45-51-50-15-52-47-43-42-41-48-90
165,3,759.3829,0.0,10.0,3286.1114,0,3,45.559895,45.605812,True,93-5-75-2-1-99-100-97-92-94-95-98-7-3-4-89-91-88-86-84-83-82-85-76-71-70-73-80-79-81-78-77-87-96|20-22-24-27-30-29-66-6-32-33-31-35-37-38-39-36-34-28-26-23-18-19-16-14-12-13-17-25-9-11-10-8-21|67-63-62-74-72-61-64-69-68-65-49-55-54-53-56-58-60-59-57-40-44-46-45-51-50-15-52-47-43-42-41-48-90
166,4,761.9187,529.6001,510.0,3199.1848,0,4,71.136016,71.299395,True,93-5-75-2-1-99-100-97-92-94-95-98-7-3-4-89-91-88-86-84-83-82-85-76-71-70-73-80-79-81-78-77-87|20-22-24-27-30-29-31-35-37-38-39-36-34-28-26-23-18-19-16-14-12-15-17-51-25-13-9-11-10-8-21|67-63-62-74-72-61-64-66-69-68-65-49-55-54-53-56-58-60-59-57-40-44-46-45-50-52-47-42-41-43-48-96-90|6-32-33
167,4,761.9187,529.6001,510.0,3199.1848,0,4,71.136016,71.299395,True,93-5-75-2-1-99-100-97-92-94-95-98-7-3-4-89-91-88-86-84-83-82-85-76-71-70-73-80-79-81-78-77-87|20-22-24-27-30-29-31-35-37-38-39-36-34-28-26-23-18-19-16-14-12-15-17-51-25-13-9-11-10-8-21|67-63-62-74-72-61-64-66-69-68-65-49-55-54-53-56-58-60-59-57-40-44-46-45-50-52-47-42-41-43-48-96-90|6-32-33
168,4,762.5297,618.6828,470.0,3199.1848,0,4,84.498422,84.671346,True,93-5-75-2-1-99-100-97-92-94-95-98-7-3-4-89-91-88-86-84-83-82-85-76-71-70-73-80-79-81-78-77-87|32-31-35-37-38-39-36-34-28-26-23-18-19-16-14-12-15-17-51-25-13-9-11-10-8-21|67-63-62-74-72-61-64-66-69-68-65-49-55-54-53-56-58-60-59-57-40-44-46-45-50-52-47-42-41-43-48-96-90|20-22-24-27-30-29-33-6
169,4,762.5297,618.6828,470.0,3199.1848,0,4,84.498422,84.671346,True,93-5-75-2-1-99-100-97-92-94-95-98-7-3-4-89-91-88-86-84-83-82-85-76-71-70-73-80-79-81-78-77-87|32-31-35-37-38-39-36-34-28-26-23-18-19-16-14-12-15-17-51-25-13-9-11-10-8-21|67-63-62-74-72-61-64-66-69-68-65-49-55-54-53-56-58-60-59-57-40-44-46-45-50-52-47-42-41-43-48-96-90|20-22-24-27-30-29-33-6
170,4,763.0436,528.1507,520.0,3199.1848,0,4,70.918599,71.083097,True,93-5-75-2-1-99-100-97-92-94-95-98-7-3-4-89-91-88-86-84-83-82-85-76-71-70-73-80-79-81-78-77-87|22-24-6-32-31-35-37-38-39-36-34-28-26-23-18-19-16-14-12-15-17-51-25-13-9-11-10-8-21|67-63-62-74-72-61-64-66-69-68-65-49-55-54-53-56-58-60-59-57-40-44-46-45-50-52-47-42-41-43-48-96-90|20-27-30-29-33
171,4,763.0436,528.1507,520.0,3199.1848,0,4,70.918599,71.083097,True,93-5-75-2-1-99-100-97-92-94-95-98-7-3-4-89-91-88-86-84-83-82-85-76-71-70-73-80-79-81-78-77-87|22-24-6-32-31-35-37-38-39-36-34-28-26-23-18-19-16-14-12-15-17-51-25-13-9-11-10-8-21|67-63-62-74-72-61-64-66-69-68-65-49-55-54-53-56-58-60-59-57-40-44-46-45-50-52-47-42-41-43-48-96-90|20-27-30-29-33
172,4,763.5351,527.6591,530.0,3199.1848,0,4,70.844866,71.010438,True,93-5-75-2-1-99-100-97-92-94-95-98-7-3-4-89-91-88-86-84-83-82-85-76-71-70-73-80-79-81-78-77-87|22-24-29-6-32-31-35-37-38-39-36-34-28-26-23-18-19-16-14-12-15-17-51-25-13-9-11-10-8-21|67-63-62-74-72-61-64-66-69-68-65-49-55-54-53-56-58-60-59-57-40-44-46-45-50-52-47-42-41-43-48-96-90|20-27-30-33
173,4,763.5351,527.6591,530.0,3199.1848,0,4,70.844866,71.010438,True,93-5-75-2-1-99-100-97-92-94-95-98-7-3-4-89-91-88-86-84-83-82-85-76-71-70-73-80-79-81-78-77-87|22-24-29-6-32-31-35-37-38-39-36-34-28-26-23-18-19-16-14-12-15-17-51-25-13-9-11-10-8-21|67-63-62-74-72-61-64-66-69-68-65-49-55-54-53-56-58-60-59-57-40-44-46-45-50-52-47-42-41-43-48-96-90|20-27-30-33
174,4,764.0877,527.4311,510.0,3199.1848,0,4,70.810659,70.974363,True,93-5-75-2-1-99-100-97-92-94-95-98-7-3-4-89-91-88-86-84-83-82-85-76-71-70-73-80-79-81-78-77-87|20-22-24-27-30-29-31-35-37-38-39-36-34-28-26-23-18-19-16-14-12-15-17-51-25-13-9-11-10-8-21|67-63-62-74-72-61-64-66-69-68-65-49-55-54-53-56-60-58-59-57-40-44-46-45-50-52-47-42-41-43-48-96-90|6-32-33
175,4,764.0877,527.4311,510.0,3199.1848,0,4,70.810659,70.974363,True,93-5-75-2-1-99-100-97-92-94-95-98-7-3-4-89-91-88-86-84-83-82-85-76-71-70-73-80-79-81-78-77-87|20-22-24-27-30-29-31-35-37-38-39-36-34-28-26-23-18-19-16-14-12-15-17-51-25-13-9-11-10-8-21|67-63-62-74-72-61-64-66-69-68-65-49-55-54-53-56-60-58-59-57-40-44-46-45-50-52-47-42-41-43-48-96-90|6-32-33
176,4,764.7669,526.7519,510.0,3199.1848,0,4,70.708788,70.872594,True,93-5-75-2-1-99-100-97-92-94-95-98-7-3-4-89-91-88-86-84-83-82-85-76-71-70-73-80-79-81-78-77-87|20-22-24-30-27-29-31-35-37-38-39-36-34-28-26-23-18-19-16-14-12-15-17-51-25-13-9-11-10-8-21|67-63-62-74-72-61-64-66-69-68-65-49-55-54-53-56-58-60-59-57-40-44-46-45-50-52-47-42-41-43-48-96-90|6-32-33
177,4,764.7669,526.7519,510.0,3199.1848,0,4,70.708788,70.872594,True,93-5-75-2-1-99-100-97-92-94-95-98-7-3-4-89-91-88-86-84-83-82-85-76-71-70-73-80-79-81-78-77-87|20-22-24-30-27-29-31-35-37-38-39-36-34-28-26-23-18-19-16-14-12-15-17-51-25-13-9-11-10-8-21|67-63-62-74-72-61-64-66-69-68-65-49-55-54-53-56-58-60-59-57-40-44-46-45-50-52-47-42-41-43-48-96-90|6-32-33
178,4,766.9803,524.214,530.0,3199.1848,0,4,70.328091,70.494181,True,93-5-75-2-1-99-100-97-92-94-95-98-7-3-4-89-91-88-86-84-83-82-85-76-71-70-73-80-79-81-78-77-87|20-22-24-30-29-32-31-35-37-38-39-36-34-28-26-23-18-19-16-14-12-15-17-51-25-13-9-11-10-8-21|67-63-62-74-72-61-64-66-69-68-65-49-55-54-53-56-58-60-59-57-40-44-46-45-50-52-47-42-41-43-48-96-90|27-6-33
179,4,766.9803,524.214,530.0,3199.1848,0,4,70.328091,70.494181,True,93-5-75-2-1-99-100-97-92-94-95-98-7-3-4-89-91-88-86-84-83-82-85-76-71-70-73-80-79-81-78-77-87|20-22-24-30-29-32-31-35-37-38-39-36-34-28-26-23-18-19-16-14-12-15-17-51-25-13-9-11-10-8-21|67-63-62-74-72-61-64-66-69-68-65-49-55-54-53-56-58-60-59-57-40-44-46-45-50-52-47-42-41-43-48-96-90|27-6-33
180,4,768.7017,1127.2405,370.0,3199.1848,0,4,160.782076,161.023136,True,67-20-24-27-30-29-6-32-33-31-35-37-38-39-36-34-28-26-23-18-19-16-14-12-15-17-13-25-9-11-10-8-21|63-62-61-64-66-69-68-65-49-55-54-53-56-58-60-59-57-40-44-46-45-51-50-52-47-42-41-43-48-96-90|72-74-99-100-98-3-4-91-88-86-84-83-82-85-76-71-70-73-80-79-81-78-77-87|22-93-5-75-2-1-97-92-94-95-7-89
181,4,768.7017,1127.2405,370.0,3199.1848,0,4,160.782076,161.023136,True,67-20-24-27-30-29-6-32-33-31-35-37-38-39-36-34-28-26-23-18-19-16-14-12-15-17-13-25-9-11-10-8-21|63-62-61-64-66-69-68-65-49-55-54-53-56-58-60-59-57-40-44-46-45-51-50-52-47-42-41-43-48-96-90|72-74-99-100-98-3-4-91-88-86-84-83-82-85-76-71-70-73-80-79-81-78-77-87|22-93-5-75-2-1-97-92-94-95-7-89
182,4,783.4282,511.7298,530.0,3199.1848,0,4,68.455472,68.624623,True,93-5-75-2-1-99-100-97-92-94-95-98-7-3-4-89-91-88-86-84-83-82-85-76-71-70-73-80-79-81-78-77-87|20-22-24-27-30-6-29-31-35-37-38-39-36-34-28-26-23-18-19-16-14-12-15-17-51-25-13-9-10-11-8-21|67-63-62-74-72-61-64-66-69-68-65-49-55-54-53-56-58-60-59-57-40-44-46-45-50-52-47-42-41-43-48-96-90|32-33
183,4,783.4282,511.7298,530.0,3199.1848,0,4,68.455472,68.624623,True,93-5-75-2-1-99-100-97-92-94-95-98-7-3-4-89-91-88-86-84-83-82-85-76-71-70-73-80-79-81-78-77-87|20-22-24-27-30-6-29-31-35-37-38-39-36-34-28-26-23-18-19-16-14-12-15-17-51-25-13-9-10-11-8-21|67-63-62-74-72-61-64-66-69-68-65-49-55-54-53-56-58-60-59-57-40-44-46-45-50-52-47-42-41-43-48-96-90|32-33
184,4,787.5065,2611.513,290.0,3186.0116,0,4,383.422953,383.882319,True,20-22-24-27-30-29-6-32-33-31-35-37-38-39-36-34-28-26-23-18-19-16-14-12-15-17-13-9-25-21|67-63-62-74-72-61-64-66-69-68-65-49-55-54-53-56-58-60-59-57-40-44-46-45-51-50-52-47-43-42-41-48-77|93-75-2-1-99-98-7-3-4-89-91-88-84-83-82-86-11-10-8-90-87|5-100-97-92-94-95-85-76-71-70-73-80-79-81-78-96
185,4,787.5065,2611.513,290.0,3186.0116,0,4,383.422953,383.882319,True,20-22-24-27-30-29-6-32-33-31-35-37-38-39-36-34-28-26-23-18-19-16-14-12-15-17-13-9-25-21|67-63-62-74-72-61-64-66-69-68-65-49-55-54-53-56-58-60-59-57-40-44-46-45-51-50-52-47-43-42-41-48-77|93-75-2-1-99-98-7-3-4-89-91-88-84-83-82-86-11-10-8-90-87|5-100-97-92-94-95-85-76-71-70-73-80-79-81-78-96
186,4,788.9831,2610.0364,300.0,3186.0116,0,4,383.201459,383.662047,True,20-22-24-27-30-29-6-32-33-31-35-37-38-39-36-34-28-26-23-18-19-16-14-12-15-17-13-9-25-21|67-63-62-74-72-61-64-66-69-68-65-49-55-54-53-56-58-60-59-57-40-44-46-45-51-50-52-47-43-42-41-48-77|93-5-75-2-1-99-98-7-3-4-89-91-88-84-83-82-86-11-10-8-90-87|100-97-92-94-95-85-76-71-70-73-80-79-81-78-96
187,4,788.9831,2610.0364,300.0,3186.0116,0,4,383.201459,383.662047,True,20-22-24-27-30-29-6-32-33-31-35-37-38-39-36-34-28-26-23-18-19-16-14-12-15-17-13-9-25-21|67-63-62-74-72-61-64-66-69-68-65-49-55-54-53-56-58-60-59-57-40-44-46-45-51-50-52-47-43-42-41-48-77|93-5-75-2-1-99-98-7-3-4-89-91-88-84-83-82-86-11-10-8-90-87|100-97-92-94-95-85-76-71-70-73-80-79-81-78-96
188,4,808.7389,808.8779,440.0,3251.0463,0,4,113.027684,113.24778,True,67-20-24-27-30-29-6-33-32-31-35-37-38-39-36-34-28-26-23-18-19-16-14-12-15-17-13-25-9-11-10-8-21|63-62-61-64-66-69-68-65-49-55-54-53-56-58-60-59-57-40-44-46-45-51-50-52-47-43-42-41-48-96-78-90|72-74-1-99-100-92-95-98-3-4-89-91-88-86-84-83-82-85-76-71-70-73-80-79-81-77-87|22-93-5-75-2-97-94-7
189,4,808.7389,808.8779,440.0,3251.0463,0,4,113.027684,113.24778,True,67-20-24-27-30-29-6-33-32-31-35-37-38-39-36-34-28-26-23-18-19-16-14-12-15-17-13-25-9-11-10-8-21|63-62-61-64-66-69-68-65-49-55-54-53-56-58-60-59-57-40-44-46-45-51-50-52-47-43-42-41-48-96-78-90|72-74-1-99-100-92-95-98-3-4-89-91-88-86-84-83-82-85-76-71-70-73-80-79-81-77-87|22-93-5-75-2-97-94-7
190,4,829.999,2222.2149,200.0,3227.7889,0,4,325.028236,325.439222,True,67-20-22-24-27-30-29-6-32-33-31-35-37-38-39-36-34-28-26-48|63-62-74-61-64-66-69-68-65-49-55-54-53-56-58-60-59-57-40-44-46-45-51-50-52-47-43-42-41-77|72-92-95-7-3-4-89-91-88-86-84-83-82-85-76-71-70-73-80-79-81-78-96-87-90|93-5-75-2-1-99-100-97-94-98-23-18-19-16-14-12-15-17-13-25-9-11-10-8-21
191,4,829.999,2222.2149,200.0,3227.7889,0,4,325.028236,325.439222,True,67-20-22-24-27-30-29-6-32-33-31-35-37-38-39-36-34-28-26-48|63-62-74-61-64-66-69-68-65-49-55-54-53-56-58-60-59-57-40-44-46-45-51-50-52-47-43-42-41-77|72-92-95-7-3-4-89-91-88-86-84-83-82-85-76-71-70-73-80-79-81-78-96-87-90|93-5-75-2-1-99-100-97-94-98-23-18-19-16-14-12-15-17-13-25-9-11-10-8-21
192,4,835.489,345.9222,450.0,3136.7483,0,4,68.391729,68.534261,True,67-20-24-27-29-6-32-33-31-35-37-38-39-36-34-28-26-23-18-19-16-14-12-15-17-13-25-9-11-10-8-21|63-62-74-61-64-66-69-68-65-49-55-54-53-56-58-60-59-57-40-44-46-45-51-50-52-47-43-42-41-48-77-87|72-30-1-99-100-92-95-98-7-3-4-89-91-88-86-84-83-82-85-76-71-70-73-80-79-81-78-96-90|22-93-5-75-2-97-94
193,4,835.489,345.9222,450.0,3136.7483,0,4,68.391729,68.534261,True,67-20-24-27-29-6-32-33-31-35-37-38-39-36-34-28-26-23-18-19-16-14-12-15-17-13-25-9-11-10-8-21|63-62-74-61-64-66-69-68-65-49-55-54-53-56-58-60-59-57-40-44-46-45-51-50-52-47-43-42-41-48-77-87|72-30-1-99-100-92-95-98-7-3-4-89-91-88-86-84-83-82-85-76-71-70-73-80-79-81-78-96-90|22-93-5-75-2-97-94
194,4,842.0006,910.7919,430.0,3227.7889,0,4,128.31479,128.555663,True,67-20-24-27-29-6-32-33-31-35-37-38-39-36-34-28-26-23-18-19-16-14-12-15-17-13-25-9-11-10-8-21-48|63-62-74-61-64-66-69-68-65-49-55-54-53-56-58-60-59-57-40-44-46-45-51-50-52-47-43-42-41-77|72-30-100-92-95-98-7-3-4-91-88-86-84-83-82-85-76-71-70-73-80-79-81-78-96-87-90|22-93-5-75-2-1-99-97-94-89
195,4,842.0006,910.7919,430.0,3227.7889,0,4,128.31479,128.555663,True,67-20-24-27-29-6-32-33-31-35-37-38-39-36-34-28-26-23-18-19-16-14-12-15-17-13-25-9-11-10-8-21-48|63-62-74-61-64-66-69-68-65-49-55-54-53-56-58-60-59-57-40-44-46-45-51-50-52-47-43-42-41-77|72-30-100-92-95-98-7-3-4-91-88-86-84-83-82-85-76-71-70-73-80-79-81-78-96-87-90|22-93-5-75-2-1-99-97-94-89
196,4,875.7916,2425.4027,140.0,3228.1522,0,4,355.5064,355.955656,True,93-5-75-2-1-99-100-97-92-7-3-4-89-91-88-84-82-83-11-10-8|67-62-72-61-64-66-69-94-95-98-65-49-55-54-53-56-58-60-59-57-40-44-46-45-51-50-52-47-43-42-41-48|63-74-68-31-35-37-38-39-36-28-26-23-86-85-76-71-70-73-80-79-81-78-77-96-87-90|20-22-24-27-30-29-6-32-33-34-18-19-16-14-12-15-17-13-9-25-21
197,4,875.7916,2425.4027,140.0,3228.1522,0,4,355.5064,355.955656,True,93-5-75-2-1-99-100-97-92-7-3-4-89-91-88-84-82-83-11-10-8|67-62-72-61-64-66-69-94-95-98-65-49-55-54-53-56-58-60-59-57-40-44-46-45-51-50-52-47-43-42-41-48|63-74-68-31-35-37-38-39-36-28-26-23-86-85-76-71-70-73-80-79-81-78-77-96-87-90|20-22-24-27-30-29-6-32-33-34-18-19-16-14-12-15-17-13-9-25-21
198,8,932.6609,8264.6259,520.0,3097.6026,0,8,1231.389881,1232.751699,True,93-85-76-71-70-73-80-79-81-78-77-87|20-22-24-27-30-29-31-35-37-38-39-36-34-28-26-23-18-19-16-14-12-15-17-13-25-9-11-10-8-21|67-63-62-74-72-61-64-66-69-68-65-49-55-54-53-56-58-60-59-57-40-44-46-45-50-52-47-42-41-43-48-96|6-32-33-51|83-82-86|89-3-4-91-88-84-90|5-2-97-92-94-95-98-7|75-1-99-100
199,8,932.6609,8264.6259,520.0,3097.6026,0,8,1231.389881,1232.751699,True,93-85-76-71-70-73-80-79-81-78-77-87|20-22-24-27-30-29-31-35-37-38-39-36-34-28-26-23-18-19-16-14-12-15-17-13-25-9-11-10-8-21|67-63-62-74-72-61-64-66-69-68-65-49-55-54-53-56-58-60-59-57-40-44-46-45-50-52-47-42-41-43-48-96|6-32-33-51|83-82-86|89-3-4-91-88-84-90|5-2-97-92-94-95-98-7|75-1-99-100
200,7,935.0231,9139.5799,500.0,3069.6155,0,7,1362.632983,1364.120255,True,93-2-99-97-92-94-95-3-88-84-83-82-85-71-70-73-80-79-81-96|20-22-24-27-30-29-6-32-33-35-37-38-39-36-34-28-26-23-18-19-16-14-12-15-17-13-9-11-10-8|67-63-62-74-72-61-64-66-69-68-65-49-55-54-53-56-58-60-59-57-40-44-46-45-47-42-41-43-48|50-51-52-25-21|31-89-91-86-76-78-77-87|5-75-7-4-90|1-100-98
201,7,935.0231,9139.5799,500.0,3069.6155,0,7,1362.632983,1364.120255,True,93-2-99-97-92-94-95-3-88-84-83-82-85-71-70-73-80-79-81-96|20-22-24-27-30-29-6-32-33-35-37-38-39-36-34-28-26-23-18-19-16-14-12-15-17-13-9-11-10-8|67-63-62-74-72-61-64-66-69-68-65-49-55-54-53-56-58-60-59-57-40-44-46-45-47-42-41-43-48|50-51-52-25-21|31-89-91-86-76-78-77-87|5-75-7-4-90|1-100-98
202,5,982.9541,5235.8465,100.0,3131.6556,0,5,777.072967,777.957764,True,20-22-24-27-30-29-6-32-33-35-31-53-56-58-60-57-46-45-48|93-5-75-2-1-99-100-97-92-94-95-3-4-89-91-88-84-82-83-90|67-63-62-74-72-61-64-66-7-49-55-54-59-40-44-51-50-52-47-43-42-41-96-87|69-68-65-37-38-39-36-34-28-26-23-18-19-86-85-76-71-70-73-80-79-81-78-77|98-14-12-16-15-17-13-25-9-11-10-8-21
203,5,982.9541,5235.8465,100.0,3131.6556,0,5,777.072967,777.957764,True,20-22-24-27-30-29-6-32-33-35-31-53-56-58-60-57-46-45-48|93-5-75-2-1-99-100-97-92-94-95-3-4-89-91-88-84-82-83-90|67-63-62-74-72-61-64-66-7-49-55-54-59-40-44-51-50-52-47-43-42-41-96-87|69-68-65-37-38-39-36-34-28-26-23-18-19-86-85-76-71-70-73-80-79-81-78-77|98-14-12-16-15-17-13-25-9-11-10-8-21
204,4,985.7977,2315.3965,190.0,3228.1522,0,4,339.005478,339.476235,True,93-5-75-2-1-99-100-97-92-7-3-4-91-89-18-84-82-83-11-10-8|67-62-74-61-64-66-69-94-95-98-65-49-55-54-53-56-58-60-59-57-40-44-46-45-51-50-52-47-43-42-41-48|63-72-68-31-35-37-39-36-34-28-26-23-88-86-85-76-71-70-73-80-79-81-78-77-96-87-90|20-22-24-27-30-29-6-32-33-38-19-16-14-12-15-17-13-9-25-21
205,4,985.7977,2315.3965,190.0,3228.1522,0,4,339.005478,339.476235,True,93-5-75-2-1-99-100-97-92-7-3-4-91-89-18-84-82-83-11-10-8|67-62-74-61-64-66-69-94-95-98-65-49-55-54-53-56-58-60-59-57-40-44-46-45-51-50-52-47-43-42-41-48|63-72-68-31-35-37-39-36-34-28-26-23-88-86-85-76-71-70-73-80-79-81-78-77-96-87-90|20-22-24-27-30-29-6-32-33-38-19-16-14-12-15-17-13-9-25-21
206,5,997.937,5128.1908,100.0,3131.6556,0,5,760.924622,761.797766,True,20-22-24-27-30-29-6-32-33-35-60-56-58-57-46-45-48|93-5-75-2-1-99-100-97-92-94-95-3-4-89-91-88-84-82-83-90|67-63-62-74-72-61-64-66-7-49-55-54-53-59-40-44-51-50-52-47-43-42-41-96-87|69-68-65-31-37-38-39-36-34-28-26-23-19-86-85-76-71-70-73-80-79-81-78-77|98-18-16-14-12-15-17-13-25-9-11-10-8-21
207,5,997.937,5128.1908,100.0,3131.6556,0,5,760.924622,761.797766,True,20-22-24-27-30-29-6-32-33-35-60-56-58-57-46-45-48|93-5-75-2-1-99-100-97-92-94-95-3-4-89-91-88-84-82-83-90|67-63-62-74-72-61-64-66-7-49-55-54-53-59-40-44-51-50-52-47-43-42-41-96-87|69-68-65-31-37-38-39-36-34-28-26-23-19-86-85-76-71-70-73-80-79-81-78-77|98-18-16-14-12-15-17-13-25-9-11-10-8-21
208,4,1031.6122,2192.216,280.0,3178.6949,0,4,320.528391,320.995997,True,63-62-30-29-6-32-33-31-35-37-38-39-36-34-56-58-60-57-46-45-12-14-15-17-13-25-21|20-22-5-75-1-100-97-92-94-95-7-91-88-89-18-19-16-9-11-10-8|24-27-67-74-72-61-64-66-69-68-65-49-55-54-53-59-40-44-51-50-52-47-43-42-41-48-96-87|93-2-99-98-3-4-28-26-23-86-84-83-82-85-76-71-70-73-80-79-81-78-77-90
209,4,1031.6122,2192.216,280.0,3178.6949,0,4,320.528391,320.995997,True,63-62-30-29-6-32-33-31-35-37-38-39-36-34-56-58-60-57-46-45-12-14-15-17-13-25-21|20-22-5-75-1-100-97-92-94-95-7-91-88-89-18-19-16-9-11-10-8|24-27-67-74-72-61-64-66-69-68-65-49-55-54-53-59-40-44-51-50-52-47-43-42-41-48-96-87|93-2-99-98-3-4-28-26-23-86-84-83-82-85-76-71-70-73-80-79-81-78-77-90
210,4,1063.1654,2236.756,180.0,3228.1522,0,4,327.209391,327.690562,True,93-5-75-2-1-99-100-97-92-7-3-4-91-88-89-18-83-82-11-10-8|67-62-74-72-61-64-69-66-94-95-98-49-55-54-53-56-58-60-59-57-40-44-46-45-51-50-52-47-43-42-41-48|63-68-31-35-37-39-36-34-28-26-23-86-84-85-76-71-70-73-80-79-81-78-77-96-87-90|20-22-24-27-30-29-6-32-33-65-38-19-16-14-12-15-17-13-9-25-21
211,4,1063.1654,2236.756,180.0,3228.1522,0,4,327.209391,327.690562,True,93-5-75-2-1-99-100-97-92-7-3-4-91-88-89-18-83-82-11-10-8|67-62-74-72-61-64-69-66-94-95-98-49-55-54-53-56-58-60-59-57-40-44-46-45-51-50-52-47-43-42-41-48|63-68-31-35-37-39-36-34-28-26-23-86-84-85-76-71-70-73-80-79-81-78-77-96-87-90|20-22-24-27-30-29-6-32-33-65-38-19-16-14-12-15-17-13-9-25-21
212,4,1065.7694,2158.0588,360.0,3178.6949,0,4,315.404818,315.885547,True,63-74-62-29-6-32-33-31-35-37-38-39-36-34-56-58-60-57-46-45-12-14-15-17-13-25-21|20-22-5-75-1-100-97-92-94-95-7-91-88-89-18-19-16-9-11-10-8|24-27-67-72-61-64-66-69-68-65-49-55-54-53-59-40-44-51-50-52-47-43-42-41-48-96-87|93-30-2-99-98-3-4-28-26-23-86-84-83-82-85-76-71-70-73-80-79-81-78-77-90
213,4,1065.7694,2158.0588,360.0,3178.6949,0,4,315.404818,315.885547,True,63-74-62-29-6-32-33-31-35-37-38-39-36-34-56-58-60-57-46-45-12-14-15-17-13-25-21|20-22-5-75-1-100-97-92-94-95-7-91-88-89-18-19-16-9-11-10-8|24-27-67-72-61-64-66-69-68-65-49-55-54-53-59-40-44-51-50-52-47-43-42-41-48-96-87|93-30-2-99-98-3-4-28-26-23-86-84-83-82-85-76-71-70-73-80-79-81-78-77-90
214,4,1070.5068,2186.2406,320.0,3177.8053,0,4,319.632083,320.114328,True,63-74-62-29-6-32-33-31-35-37-38-39-36-34-58-56-57-46-45-12-14-15-17-13-25-21|20-22-5-75-1-100-97-92-94-95-98-7-91-88-89-18-19-16-9-11-10-8|24-27-67-72-61-64-66-69-68-65-49-55-54-53-60-59-40-44-51-50-52-47-43-42-41-48-87-90|93-30-2-99-3-4-28-26-23-86-84-83-82-85-76-71-70-73-80-79-81-78-77-96
215,4,1070.5068,2186.2406,320.0,3177.8053,0,4,319.632083,320.114328,True,63-74-62-29-6-32-33-31-35-37-38-39-36-34-58-56-57-46-45-12-14-15-17-13-25-21|20-22-5-75-1-100-97-92-94-95-98-7-91-88-89-18-19-16-9-11-10-8|24-27-67-72-61-64-66-69-68-65-49-55-54-53-60-59-40-44-51-50-52-47-43-42-41-48-87-90|93-30-2-99-3-4-28-26-23-86-84-83-82-85-76-71-70-73-80-79-81-78-77-96
216,4,1070.6213,2141.2776,200.0,3228.1522,0,4,312.887635,313.358722,True,93-22-20-62-74-72-61-64-66-69-68-65-49-55-54-58-59-40-23-16-14-12-15-17-13-25-21|5-75-2-1-99-100-97-3-4-88-84-91-19-18-83-82-85-11-9-10-8|67-63-94-92-95-98-7-89-53-56-60-57-44-46-45-51-50-52-47-42-41-43-48|24-27-30-29-6-32-33-31-35-37-38-39-36-34-28-26-86-76-71-70-73-80-79-81-78-77-96-87-90
217,4,1070.6213,2141.2776,200.0,3228.1522,0,4,312.887635,313.358722,True,93-22-20-62-74-72-61-64-66-69-68-65-49-55-54-58-59-40-23-16-14-12-15-17-13-25-21|5-75-2-1-99-100-97-3-4-88-84-91-19-18-83-82-85-11-9-10-8|67-63-94-92-95-98-7-89-53-56-60-57-44-46-45-51-50-52-47-42-41-43-48|24-27-30-29-6-32-33-31-35-37-38-39-36-34-28-26-86-76-71-70-73-80-79-81-78-77-96-87-90
218,4,1089.6668,2125.2269,300.0,3228.1522,0,4,310.480028,310.96442,True,63-62-24-27-30-29-6-32-33-54-53-58-59-57-40-44-46-45-16-14-12-15-17-25-21|93-5-75-2-1-99-100-97-92-94-95-7-3-4-88-84-83-86-9-13-11-10-8|22-20-74-72-61-64-68-31-35-37-38-39-36-34-89-91-82-85-76-71-70-73-80-79-81-78-77-96-87-90|67-69-66-98-65-49-55-56-60-28-26-23-18-19-51-50-52-47-42-41-43-48
219,4,1089.6668,2125.2269,300.0,3228.1522,0,4,310.480028,310.96442,True,63-62-24-27-30-29-6-32-33-54-53-58-59-57-40-44-46-45-16-14-12-15-17-25-21|93-5-75-2-1-99-100-97-92-94-95-7-3-4-88-84-83-86-9-13-11-10-8|22-20-74-72-61-64-68-31-35-37-38-39-36-34-89-91-82-85-76-71-70-73-80-79-81-78-77-96-87-90|67-69-66-98-65-49-55-56-60-28-26-23-18-19-51-50-52-47-42-41-43-48
220,8,1096.8321,11919.9546,470.0,3069.6155,0,8,1779.689191,1781.639362,True,93-5-75-2-1-99-100-97-92-94-95-98-7-3-4-91-88-86-90|83-82-85-76-71-70-73-79-81-78-77-87|20-22-24-27-29-6-32-33-35-37-38-39-36-28-26-23-18-19-16-14-15-13-9-11-10-8|67-63-62-74-72-61-64-66-69-68-65-55-54-56-58-59-57-40-44-46-45-51-50-52-47-43-42-41-48|34-89-96|84-80-25-21|30-31-17-12|49-53-60
221,8,1096.8321,11919.9546,470.0,3069.6155,0,8,1779.689191,1781.639362,True,93-5-75-2-1-99-100-97-92-94-95-98-7-3-4-91-88-86-90|83-82-85-76-71-70-73-79-81-78-77-87|20-22-24-27-29-6-32-33-35-37-38-39-36-28-26-23-18-19-16-14-15-13-9-11-10-8|67-63-62-74-72-61-64-66-69-68-65-55-54-56-58-59-57-40-44-46-45-51-50-52-47-43-42-41-48|34-89-96|84-80-25-21|30-31-17-12|49-53-60
222,13,1102.7803,19877.7591,380.0,3069.6155,0,13,2973.35987,2976.497996,True,52-51-50-47|43-42-48|89-11-10-8|83-86-90|85-76-71-70-73-81-78-77-87|7-3-4-91-88-84-82-79-80-96|18-19-16-14-12-15-17-13-9-25|63-74-72-61-64-49-55-54-53-56-58-60-59-57-40-44-46-45-41|6-31-35-37-38-39-28-26-23-21|20-22-24-27-30-29-32-33-36-34|66-69-65-68|93-5-75-2-1-99-100-97-92-94-95-98|62-67
223,13,1102.7803,19877.7591,380.0,3069.6155,0,13,2973.35987,2976.497996,True,52-51-50-47|43-42-48|89-11-10-8|83-86-90|85-76-71-70-73-81-78-77-87|7-3-4-91-88-84-82-79-80-96|18-19-16-14-12-15-17-13-9-25|63-74-72-61-64-49-55-54-53-56-58-60-59-57-40-44-46-45-41|6-31-35-37-38-39-28-26-23-21|20-22-24-27-30-29-32-33-36-34|66-69-65-68|93-5-75-2-1-99-100-97-92-94-95-98|62-67
224,4,1127.2923,2062.7402,340.0,3178.2988,0,4,301.107022,301.589851,True,67-62-20-27-30-29-6-32-33-31-35-37-38-39-36-34-28-26-83-19-16-14-12-15-17-13-25-8-21-48|24-5-63-74-72-61-64-66-69-68-65-49-55-59-57-40-44-46-45-51-50-52-47-43-42-41|22-75-1-98-95-3-4-89-91-88-84-86-11-9-10-90-96|93-2-99-100-97-92-94-7-54-53-56-58-60-23-18-82-85-76-71-70-73-80-79-81-78-77-87
225,4,1127.2923,2062.7402,340.0,3178.2988,0,4,301.107022,301.589851,True,67-62-20-27-30-29-6-32-33-31-35-37-38-39-36-34-28-26-83-19-16-14-12-15-17-13-25-8-21-48|24-5-63-74-72-61-64-66-69-68-65-49-55-59-57-40-44-46-45-51-50-52-47-43-42-41|22-75-1-98-95-3-4-89-91-88-84-86-11-9-10-90-96|93-2-99-100-97-92-94-7-54-53-56-58-60-23-18-82-85-76-71-70-73-80-79-81-78-77-87
226,4,1144.5734,2071.1951,170.0,3187.0914,0,4,302.375261,302.848861,True,93-63-6-32-33-37-38-39-36-56-53-57-46-45-12-14-15-13-25-21|20-22-5-75-2-1-99-100-97-92-94-95-98-7-3-4-89-91-19-16-18-17-9-11-10-8|24-27-67-62-74-72-61-64-66-69-65-49-55-54-58-60-59-84-40-44-51-50-52-47-43-42-41-48-77-87|30-29-68-31-35-34-28-26-23-88-86-83-82-85-76-71-70-73-80-79-81-78-96-90
227,4,1144.5734,2071.1951,170.0,3187.0914,0,4,302.375261,302.848861,True,93-63-6-32-33-37-38-39-36-56-53-57-46-45-12-14-15-13-25-21|20-22-5-75-2-1-99-100-97-92-94-95-98-7-3-4-89-91-19-16-18-17-9-11-10-8|24-27-67-62-74-72-61-64-66-69-65-49-55-54-58-60-59-84-40-44-51-50-52-47-43-42-41-48-77-87|30-29-68-31-35-34-28-26-23-88-86-83-82-85-76-71-70-73-80-79-81-78-96-90
228,4,1153.1654,2061.7282,320.0,3228.1522,0,4,300.955234,301.451151,True,62-63-99-30-29-6-32-33-65-49-55-54-53-58-59-57-40-44-46-45-16-14-12-15-17-25-21|93-5-75-2-1-100-97-92-94-95-3-4-91-88-84-83-86-9-13-11-10-8|20-22-27-24-74-72-61-64-68-31-35-37-38-39-36-34-82-85-76-71-70-73-80-79-81-78-77-96-87-90|67-69-66-98-7-89-56-60-28-26-23-18-19-51-50-52-47-42-41-43-48
229,4,1153.1654,2061.7282,320.0,3228.1522,0,4,300.955234,301.451151,True,62-63-99-30-29-6-32-33-65-49-55-54-53-58-59-57-40-44-46-45-16-14-12-15-17-25-21|93-5-75-2-1-100-97-92-94-95-3-4-91-88-84-83-86-9-13-11-10-8|20-22-27-24-74-72-61-64-68-31-35-37-38-39-36-34-82-85-76-71-70-73-80-79-81-78-77-96-87-90|67-69-66-98-7-89-56-60-28-26-23-18-19-51-50-52-47-42-41-43-48
230,4,1153.4166,1958.8988,320.0,3228.1522,0,4,285.530815,286.011383,True,63-74-62-66-69-6-33-37-38-39-36-34-58-56-57-40-44-46-45-12-14-15-13-25-21|5-75-1-99-100-92-32-35-31-88-28-26-23-18-19-16-17-9-11-10-8|20-24-27-67-72-61-64-68-65-49-55-54-53-60-59-86-50-51-52-47-42-41-43-48|93-2-22-29-30-97-94-95-98-7-3-4-89-91-84-83-82-85-76-71-70-73-80-79-81-78-77-96-87-90
231,4,1153.4166,1958.8988,320.0,3228.1522,0,4,285.530815,286.011383,True,63-74-62-66-69-6-33-37-38-39-36-34-58-56-57-40-44-46-45-12-14-15-13-25-21|5-75-1-99-100-92-32-35-31-88-28-26-23-18-19-16-17-9-11-10-8|20-24-27-67-72-61-64-68-65-49-55-54-53-60-59-86-50-51-52-47-42-41-43-48|93-2-22-29-30-97-94-95-98-7-3-4-89-91-84-83-82-85-76-71-70-73-80-79-81-78-77-96-87-90
232,4,1154.0441,1966.8789,230.0,3228.1522,0,4,286.727837,287.20079,True,75-30-27-29-6-32-33-37-31-49-55-54-58-59-57-40-46-45-16-14-12-15-17-13-25-21|22-93-5-2-1-99-100-97-92-94-95-98-7-3-4-88-84-91-19-18-83-82-85-11-9-10-8|67-63-62-74-72-61-64-68-65-69-89-53-56-60-44-51-50-52-47-43-42-41-48|20-24-66-35-38-39-36-34-28-26-23-86-76-71-70-73-80-79-81-78-77-96-87-90
233,4,1154.0441,1966.8789,230.0,3228.1522,0,4,286.727837,287.20079,True,75-30-27-29-6-32-33-37-31-49-55-54-58-59-57-40-46-45-16-14-12-15-17-13-25-21|22-93-5-2-1-99-100-97-92-94-95-98-7-3-4-88-84-91-19-18-83-82-85-11-9-10-8|67-63-62-74-72-61-64-68-65-69-89-53-56-60-44-51-50-52-47-43-42-41-48|20-24-66-35-38-39-36-34-28-26-23-86-76-71-70-73-80-79-81-78-77-96-87-90
234,4,1155.3553,1994.5245,180.0,3228.1522,0,4,290.874679,291.347172,True,27-30-29-6-32-33-37-38-35-55-54-57-40-46-45-16-14-12-15-17-13-25-9-21|22-93-5-75-2-1-99-100-94-3-4-88-84-91-19-18-83-82-85-11-10-8|67-63-62-74-72-61-64-66-97-92-95-98-7-89-53-56-58-60-59-44-51-50-52-47-42-41-43-48|20-24-69-68-65-49-31-36-34-39-28-26-23-86-76-71-70-73-80-79-81-78-77-96-87-90
235,4,1155.3553,1994.5245,180.0,3228.1522,0,4,290.874679,291.347172,True,27-30-29-6-32-33-37-38-35-55-54-57-40-46-45-16-14-12-15-17-13-25-9-21|22-93-5-75-2-1-99-100-94-3-4-88-84-91-19-18-83-82-85-11-10-8|67-63-62-74-72-61-64-66-97-92-95-98-7-89-53-56-58-60-59-44-51-50-52-47-42-41-43-48|20-24-69-68-65-49-31-36-34-39-28-26-23-86-76-71-70-73-80-79-81-78-77-96-87-90
236,5,1161.7679,3379.7565,410.0,3131.6556,0,5,498.659472,499.3505,True,22-24-27-30-29-6-31-65-49-55-54-53-56-58-60-59-57-46-45-16-14-12-15-17-13-25-9-21|5-2-1-99-97-100-32-33-35-37-38-39-28-26-23-18-19-82-83-11-10-8|20-67-63-74-72-61-64-3-40-44-51-50-52-47-43-42-41-48-96-87|62-66-69-68-36-34-91-88-86-84-85-76-71-70-73-80-79-81-78-77-90|93-75-92-94-95-98-7-4-89
237,5,1161.7679,3379.7565,410.0,3131.6556,0,5,498.659472,499.3505,True,22-24-27-30-29-6-31-65-49-55-54-53-56-58-60-59-57-46-45-16-14-12-15-17-13-25-9-21|5-2-1-99-97-100-32-33-35-37-38-39-28-26-23-18-19-82-83-11-10-8|20-67-63-74-72-61-64-3-40-44-51-50-52-47-43-42-41-48-96-87|62-66-69-68-36-34-91-88-86-84-85-76-71-70-73-80-79-81-78-77-90|93-75-92-94-95-98-7-4-89
238,4,1177.9541,1880.9498,260.0,3228.1522,0,4,273.838473,274.30871,True,63-67-27-30-29-6-32-33-37-38-35-55-54-57-40-46-45-16-14-12-15-17-13-25-9-21|22-93-5-75-2-1-94-3-4-88-84-91-19-18-83-82-85-11-10-8|62-74-72-61-64-66-99-100-97-92-95-98-7-89-53-56-58-60-59-44-51-50-52-47-43-42-41-48|20-24-69-68-65-49-31-36-34-39-28-26-23-86-76-71-70-73-80-79-81-78-77-96-87-90
239,4,1177.9541,1880.9498,260.0,3228.1522,0,4,273.838473,274.30871,True,63-67-27-30-29-6-32-33-37-38-35-55-54-57-40-46-45-16-14-12-15-17-13-25-9-21|22-93-5-75-2-1-94-3-4-88-84-91-19-18-83-82-85-11-10-8|62-74-72-61-64-66-99-100-97-92-95-98-7-89-53-56-58-60-59-44-51-50-52-47-43-42-41-48|20-24-69-68-65-49-31-36-34-39-28-26-23-86-76-71-70-73-80-79-81-78-77-96-87-90
240,4,1178.6539,2033.245,150.0,3228.1522,0,4,296.682755,297.165046,True,20-22-93-63-68-65-55-54-58-59-40-23-16-14-12-15-17-13-25-21|5-75-2-1-100-97-99-3-4-88-84-91-19-18-83-82-85-11-9-10-8|67-62-74-72-61-64-69-66-94-92-95-98-7-89-53-56-60-57-44-46-45-51-50-52-47-42-41-43-48|24-27-30-29-6-32-33-35-37-31-49-38-39-36-34-28-26-86-76-71-70-73-80-79-81-78-77-96-87-90
241,4,1178.6539,2033.245,150.0,3228.1522,0,4,296.682755,297.165046,True,20-22-93-63-68-65-55-54-58-59-40-23-16-14-12-15-17-13-25-21|5-75-2-1-100-97-99-3-4-88-84-91-19-18-83-82-85-11-9-10-8|67-62-74-72-61-64-69-66-94-92-95-98-7-89-53-56-60-57-44-46-45-51-50-52-47-42-41-43-48|24-27-30-29-6-32-33-35-37-31-49-38-39-36-34-28-26-86-76-71-70-73-80-79-81-78-77-96-87-90
242,4,1214.9304,2004.8754,220.0,3131.6556,0,4,292.427308,292.908752,True,20-22-5-75-2-1-99-100-97-92-94-95-98-7-91-89-18-84-83-82-85-9-13-11-10-8|24-67-62-74-72-61-64-69-66-4-3-88-59-40-44-45-51-50-52-47-43-42-41-48-96-87|93-27-30-29-68-31-35-37-38-39-36-34-28-26-23-19-86-76-71-70-73-80-79-81-78-77-90|63-6-32-33-65-49-55-54-53-56-58-60-57-46-16-14-12-15-17-25-21
243,4,1214.9304,2004.8754,220.0,3131.6556,0,4,292.427308,292.908752,True,20-22-5-75-2-1-99-100-97-92-94-95-98-7-91-89-18-84-83-82-85-9-13-11-10-8|24-67-62-74-72-61-64-69-66-4-3-88-59-40-44-45-51-50-52-47-43-42-41-48-96-87|93-27-30-29-68-31-35-37-38-39-36-34-28-26-23-19-86-76-71-70-73-80-79-81-78-77-90|63-6-32-33-65-49-55-54-53-56-58-60-57-46-16-14-12-15-17-25-21
244,5,1219.2202,4927.2436,350.0,3115.1995,0,5,730.782532,731.71445,True,63-67-6-33-38-49-55-54-53-56-58-60-59-57-46-16-14-12-15-17-13-25|20-75-5-22-27-30-29-36-34-39-28-26-23-18-19-83-82-85-11-9-10-8-21|62-74-72-61-64-66-68-65-69-3-98-40-44-45-51-50-52-47-43-42-41-48-77-87|24-32-35-37-31-89-4-88-86-84-76-71-70-73-80-79-81-78-96|93-2-1-99-100-97-92-94-95-7-91-90
245,5,1219.2202,4927.2436,350.0,3115.1995,0,5,730.782532,731.71445,True,63-67-6-33-38-49-55-54-53-56-58-60-59-57-46-16-14-12-15-17-13-25|20-75-5-22-27-30-29-36-34-39-28-26-23-18-19-83-82-85-11-9-10-8-21|62-74-72-61-64-66-68-65-69-3-98-40-44-45-51-50-52-47-43-42-41-48-77-87|24-32-35-37-31-89-4-88-86-84-76-71-70-73-80-79-81-78-96|93-2-1-99-100-97-92-94-95-7-91-90
246,4,1222.5469,1993.9867,290.0,3165.4644,0,4,290.794007,291.288174,True,20-22-5-75-1-100-97-92-94-95-98-7-89-4-88-91-18-84-83-82-85-11-9-10-8|24-67-62-74-72-61-64-69-66-3-55-59-40-44-45-51-50-52-47-43-42-41-48-87-90|63-93-99-2-37-38-39-36-34-28-26-23-19-86-76-71-70-73-80-79-81-78-77-96|27-30-29-6-32-33-35-31-68-65-49-54-53-56-58-60-57-46-16-14-12-15-17-13-25-21
247,4,1222.5469,1993.9867,290.0,3165.4644,0,4,290.794007,291.288174,True,20-22-5-75-1-100-97-92-94-95-98-7-89-4-88-91-18-84-83-82-85-11-9-10-8|24-67-62-74-72-61-64-69-66-3-55-59-40-44-45-51-50-52-47-43-42-41-48-87-90|63-93-99-2-37-38-39-36-34-28-26-23-19-86-76-71-70-73-80-79-81-78-77-96|27-30-29-6-32-33-35-31-68-65-49-54-53-56-58-60-57-46-16-14-12-15-17-13-25-21
248,12,1228.7499,16844.0479,310.0,3069.6155,0,12,2518.303183,2521.016743,True,6-32-33-35-31-51-50-45-43|46-76-71-70-73-80-79-81-78-90|69-49-55-65|93-5-75-2-1-99-100-97-92-94-95-98-3-4-89-41-42-48|96|67-66|7-12-16-14-15-13-9-11-10-8|63-62-74-72-61-64|20-24-29-37-38-39-36-34|68-54-53-56-58-60-59-57-40-44-86-83-82-85-47-52|91-88-84-77-87|22-27-30-28-26-23-18-19-17-25-21
249,12,1228.7499,16844.0479,310.0,3069.6155,0,12,2518.303183,2521.016743,True,6-32-33-35-31-51-50-45-43|46-76-71-70-73-80-79-81-78-90|69-49-55-65|93-5-75-2-1-99-100-97-92-94-95-98-3-4-89-41-42-48|96|67-66|7-12-16-14-15-13-9-11-10-8|63-62-74-72-61-64|20-24-29-37-38-39-36-34|68-54-53-56-58-60-59-57-40-44-86-83-82-85-47-52|91-88-84-77-87|22-27-30-28-26-23-18-19-17-25-21
250,4,1230.7061,1985.8275,240.0,3165.4644,0,4,289.570128,290.060519,True,20-22-5-75-1-100-97-92-94-95-7-91-89-18-84-83-82-85-11-9-10-8|24-27-67-62-74-72-61-64-66-69-98-3-4-88-59-40-44-45-51-50-52-47-43-42-41-48-87-90|63-93-99-2-37-38-39-36-34-28-26-23-19-86-76-71-70-73-80-79-81-78-77-96|30-29-6-32-33-35-31-68-65-49-55-54-53-56-58-60-57-46-16-14-12-15-17-13-25-21
251,4,1230.7061,1985.8275,240.0,3165.4644,0,4,289.570128,290.060519,True,20-22-5-75-1-100-97-92-94-95-7-91-89-18-84-83-82-85-11-9-10-8|24-27-67-62-74-72-61-64-66-69-98-3-4-88-59-40-44-45-51-50-52-47-43-42-41-48-87-90|63-93-99-2-37-38-39-36-34-28-26-23-19-86-76-71-70-73-80-79-81-78-77-96|30-29-6-32-33-35-31-68-65-49-55-54-53-56-58-60-57-46-16-14-12-15-17-13-25-21
252,5,1240.5603,4815.5337,130.0,3069.6155,0,5,714.026057,714.918783,True,20-22-24-27-30-29-32-33-35-31-49-55-54-53-56-58-59-57-40-46-45-42-48|93-5-2-1-99-100-97-92-94-95-98-37-38-88-84-83-82-85-90|67-63-62-72-74-3-7-39-60-44-51-50-52-47-43-41-77-87|6-64-61-66-69-68-65-34-36-28-26-23-18-86-76-71-70-73-80-79-81-78-96|75-91-4-89-19-16-14-12-15-17-13-25-9-11-10-8-21
253,5,1240.5603,4815.5337,130.0,3069.6155,0,5,714.026057,714.918783,True,20-22-24-27-30-29-32-33-35-31-49-55-54-53-56-58-59-57-40-46-45-42-48|93-5-2-1-99-100-97-92-94-95-98-37-38-88-84-83-82-85-90|67-63-62-72-74-3-7-39-60-44-51-50-52-47-43-41-77-87|6-64-61-66-69-68-65-34-36-28-26-23-18-86-76-71-70-73-80-79-81-78-96|75-91-4-89-19-16-14-12-15-17-13-25-9-11-10-8-21
254,4,1246.1522,1965.7467,200.0,3228.1522,0,4,286.55801,287.055426,True,93-22-27-30-29-32-33-38-35-55-54-58-59-57-44-45-16-14-12-15-17-13-25-21|5-75-2-1-99-100-97-31-69-68-65-49-7-4-88-91-19-18-83-82-85-11-9-10-8|67-63-74-62-72-61-64-66-94-92-95-98-3-89-53-56-60-40-46-51-50-52-47-42-41-43-48|20-24-6-37-39-36-34-28-26-23-86-84-76-71-70-73-80-79-81-78-77-96-87-90
255,4,1246.1522,1965.7467,200.0,3228.1522,0,4,286.55801,287.055426,True,93-22-27-30-29-32-33-38-35-55-54-58-59-57-44-45-16-14-12-15-17-13-25-21|5-75-2-1-99-100-97-31-69-68-65-49-7-4-88-91-19-18-83-82-85-11-9-10-8|67-63-74-62-72-61-64-66-94-92-95-98-3-89-53-56-60-40-46-51-50-52-47-42-41-43-48|20-24-6-37-39-36-34-28-26-23-86-84-76-71-70-73-80-79-81-78-77-96-87-90
256,5,1256.5445,4799.5495,90.0,3069.6155,0,5,711.628427,712.519551,True,20-22-24-27-30-29-32-33-35-31-49-55-54-53-56-58-57-46-45-42-48|93-5-2-1-99-100-97-92-94-95-38-37-89-88-84-83-82-85-90|67-63-62-72-74-3-7-39-60-59-40-44-51-50-52-47-43-41-77-87|6-64-61-66-69-68-65-34-36-28-26-23-18-86-76-71-70-73-80-79-81-78-96|75-98-4-91-19-16-14-12-15-17-13-25-9-11-10-8-21
257,5,1256.5445,4799.5495,90.0,3069.6155,0,5,711.628427,712.519551,True,20-22-24-27-30-29-32-33-35-31-49-55-54-53-56-58-57-46-45-42-48|93-5-2-1-99-100-97-92-94-95-38-37-89-88-84-83-82-85-90|67-63-62-72-74-3-7-39-60-59-40-44-51-50-52-47-43-41-77-87|6-64-61-66-69-68-65-34-36-28-26-23-18-86-76-71-70-73-80-79-81-78-96|75-98-4-91-19-16-14-12-15-17-13-25-9-11-10-8-21
258,4,1260.4258,1854.0455,400.0,3165.4644,0,4,269.802826,270.298366,True,63-62-74-93-29-32-33-35-31-68-65-49-54-53-56-58-57-46-16-14-12-15-13-25-21|22-5-75-99-100-97-92-94-95-98-7-4-91-88-89-18-84-83-82-85-17-9-11-10-8|20-24-27-67-72-61-64-69-66-3-55-59-60-40-44-45-51-50-52-47-43-42-41-48-87-90|1-2-30-6-37-38-39-36-34-28-26-23-19-86-76-71-70-73-80-79-81-78-77-96
259,4,1260.4258,1854.0455,400.0,3165.4644,0,4,269.802826,270.298366,True,63-62-74-93-29-32-33-35-31-68-65-49-54-53-56-58-57-46-16-14-12-15-13-25-21|22-5-75-99-100-97-92-94-95-98-7-4-91-88-89-18-84-83-82-85-17-9-11-10-8|20-24-27-67-72-61-64-69-66-3-55-59-60-40-44-45-51-50-52-47-43-42-41-48-87-90|1-2-30-6-37-38-39-36-34-28-26-23-19-86-76-71-70-73-80-79-81-78-77-96
260,4,1261.2233,1848.6134,140.0,3228.1522,0,4,268.988008,269.466375,True,67-62-74-63-1-99-100-32-33-35-49-55-59-57-40-44-46-45-16-14-12-15-25-21|93-75-2-22-29-6-31-7-3-4-89-91-88-86-84-82-83-13-17-9-11-10-8|20-27-30-24-72-61-64-66-69-68-37-38-39-28-36-34-85-76-71-70-73-80-79-81-78-77-96-87-90|5-97-92-94-95-98-65-54-53-56-58-60-26-23-18-19-51-50-52-47-42-41-43-48
261,4,1261.2233,1848.6134,140.0,3228.1522,0,4,268.988008,269.466375,True,67-62-74-63-1-99-100-32-33-35-49-55-59-57-40-44-46-45-16-14-12-15-25-21|93-75-2-22-29-6-31-7-3-4-89-91-88-86-84-82-83-13-17-9-11-10-8|20-27-30-24-72-61-64-66-69-68-37-38-39-28-36-34-85-76-71-70-73-80-79-81-78-77-96-87-90|5-97-92-94-95-98-65-54-53-56-58-60-26-23-18-19-51-50-52-47-42-41-43-48
262,5,1268.7253,3160.2264,200.0,3165.4644,0,5,465.729951,466.404208,True,63-62-74-93-27-29-6-32-33-68-65-49-55-54-53-56-58-57-44-45|22-5-75-1-100-97-92-95-31-35-37-38-39-89-91-83-82-85|20-24-67-72-61-64-69-66-94-98-7-3-4-88-84-60-59-40-46-51-50-52-47-43-42-41-48-87-90|99-2-34-36-28-26-23-18-86-76-71-70-73-80-79-81-78-77-96|30-19-16-14-12-15-17-13-25-9-11-10-8-21
263,5,1268.7253,3160.2264,200.0,3165.4644,0,5,465.729951,466.404208,True,63-62-74-93-27-29-6-32-33-68-65-49-55-54-53-56-58-57-44-45|22-5-75-1-100-97-92-95-31-35-37-38-39-89-91-83-82-85|20-24-67-72-61-64-69-66-94-98-7-3-4-88-84-60-59-40-46-51-50-52-47-43-42-41-48-87-90|99-2-34-36-28-26-23-18-86-76-71-70-73-80-79-81-78-77-96|30-19-16-14-12-15-17-13-25-9-11-10-8-21
264,4,1282.1129,1923.5856,80.0,3228.1522,0,4,280.233837,280.723717,True,63-30-29-32-33-35-68-65-49-55-54-58-59-57-40-44-46-45-16-14-12-25-21|93-5-75-2-1-99-100-97-94-31-38-37-3-4-91-84-86-88-13-17-9-11-10-8|20-22-27-24-61-72-69-6-39-28-36-34-83-82-85-76-71-70-73-80-79-81-78-77-96-87-90|67-74-62-64-66-92-95-98-7-89-53-56-60-26-23-18-19-15-52-51-50-47-43-42-41-48
265,4,1282.1129,1923.5856,80.0,3228.1522,0,4,280.233837,280.723717,True,63-30-29-32-33-35-68-65-49-55-54-58-59-57-40-44-46-45-16-14-12-25-21|93-5-75-2-1-99-100-97-94-31-38-37-3-4-91-84-86-88-13-17-9-11-10-8|20-22-27-24-61-72-69-6-39-28-36-34-83-82-85-76-71-70-73-80-79-81-78-77-96-87-90|67-74-62-64-66-92-95-98-7-89-53-56-60-26-23-18-19-15-52-51-50-47-43-42-41-48
266,4,1286.4428,1840.8322,320.0,3228.1522,0,4,267.820832,268.323598,True,63-75-30-27-29-6-33-32-31-35-38-37-54-58-59-57-40-46-45-16-14-12-15-17-13-25-21|20-22-93-5-2-1-99-100-97-92-94-95-7-4-88-91-18-84-83-82-85-11-9-10-8|67-62-74-72-61-64-66-3-98-89-53-56-60-44-19-51-50-52-47-43-42-41-48|24-69-68-65-49-55-34-39-36-28-26-23-86-76-71-70-73-80-79-81-78-77-96-87-90
267,4,1286.4428,1840.8322,320.0,3228.1522,0,4,267.820832,268.323598,True,63-75-30-27-29-6-33-32-31-35-38-37-54-58-59-57-40-46-45-16-14-12-15-17-13-25-21|20-22-93-5-2-1-99-100-97-92-94-95-7-4-88-91-18-84-83-82-85-11-9-10-8|67-62-74-72-61-64-66-3-98-89-53-56-60-44-19-51-50-52-47-43-42-41-48|24-69-68-65-49-55-34-39-36-28-26-23-86-76-71-70-73-80-79-81-78-77-96-87-90
268,4,1294.3679,1933.1664,360.0,3142.3789,0,4,281.670962,282.18109,True,63-62-74-93-27-29-6-32-33-65-49-55-54-56-58-57-46-16-14-12-15-17-13-25-21|20-22-5-75-1-100-97-92-94-95-98-7-91-89-18-84-83-82-85-11-9-10-8|24-67-72-61-64-66-69-68-53-3-4-88-59-60-40-44-45-51-50-52-47-43-42-41-48-96-87|2-99-30-31-35-37-38-39-36-34-28-26-23-19-86-76-71-70-73-80-79-81-78-77-90
269,4,1294.3679,1933.1664,360.0,3142.3789,0,4,281.670962,282.18109,True,63-62-74-93-27-29-6-32-33-65-49-55-54-56-58-57-46-16-14-12-15-17-13-25-21|20-22-5-75-1-100-97-92-94-95-98-7-91-89-18-84-83-82-85-11-9-10-8|24-67-72-61-64-66-69-68-53-3-4-88-59-60-40-44-45-51-50-52-47-43-42-41-48-96-87|2-99-30-31-35-37-38-39-36-34-28-26-23-19-86-76-71-70-73-80-79-81-78-77-90
270,4,1301.2327,1819.6903,320.0,3228.1522,0,4,264.649541,265.153572,True,63-93-27-30-29-6-32-33-37-38-35-55-54-58-59-57-40-46-45-16-14-12-15-17-13-25-21|22-5-75-2-1-99-97-100-31-4-3-88-84-91-19-18-83-82-85-11-9-10-8|67-62-74-72-61-64-66-94-92-95-98-7-89-53-56-60-44-51-50-52-47-43-42-41-48|20-24-69-68-65-49-34-39-36-28-26-23-86-76-71-70-73-80-79-81-78-77-96-87-90
271,4,1301.2327,1819.6903,320.0,3228.1522,0,4,264.649541,265.153572,True,63-93-27-30-29-6-32-33-37-38-35-55-54-58-59-57-40-46-45-16-14-12-15-17-13-25-21|22-5-75-2-1-99-97-100-31-4-3-88-84-91-19-18-83-82-85-11-9-10-8|67-62-74-72-61-64-66-94-92-95-98-7-89-53-56-60-44-51-50-52-47-43-42-41-48|20-24-69-68-65-49-34-39-36-28-26-23-86-76-71-70-73-80-79-81-78-77-96-87-90
272,4,1309.7228,1811.2002,310.0,3228.1522,0,4,263.376034,263.880339,True,63-93-27-30-29-6-32-33-37-38-35-54-58-59-57-40-46-45-16-14-12-15-17-13-25-21|20-22-5-75-2-1-99-100-97-31-7-3-4-88-84-91-19-18-83-82-85-11-9-10-8|67-62-74-72-61-64-66-94-92-95-98-89-53-56-60-44-51-50-52-47-43-42-41-48|24-69-68-65-49-55-34-39-36-28-26-23-86-76-71-70-73-80-79-81-78-77-96-87-90
273,4,1309.7228,1811.2002,310.0,3228.1522,0,4,263.376034,263.880339,True,63-93-27-30-29-6-32-33-37-38-35-54-58-59-57-40-46-45-16-14-12-15-17-13-25-21|20-22-5-75-2-1-99-100-97-31-7-3-4-88-84-91-19-18-83-82-85-11-9-10-8|67-62-74-72-61-64-66-94-92-95-98-89-53-56-60-44-51-50-52-47-43-42-41-48|24-69-68-65-49-55-34-39-36-28-26-23-86-76-71-70-73-80-79-81-78-77-96-87-90
274,4,1311.0743,1823.4579,250.0,3241.7614,0,4,265.214685,265.717276,True,63-93-27-30-29-6-32-33-38-35-54-58-59-57-40-46-45-16-14-12-15-17-13-25-21|20-22-5-75-2-1-99-100-97-31-7-4-88-91-19-18-83-82-85-11-9-10-8|67-62-74-72-61-64-66-94-92-95-98-3-89-53-56-60-44-51-50-52-47-43-42-41-48|24-69-68-65-49-55-37-39-36-34-28-26-23-84-86-76-71-70-73-80-79-81-78-77-96-87-90
275,4,1311.0743,1823.4579,250.0,3241.7614,0,4,265.214685,265.717276,True,63-93-27-30-29-6-32-33-38-35-54-58-59-57-40-46-45-16-14-12-15-17-13-25-21|20-22-5-75-2-1-99-100-97-31-7-4-88-91-19-18-83-82-85-11-9-10-8|67-62-74-72-61-64-66-94-92-95-98-3-89-53-56-60-44-51-50-52-47-43-42-41-48|24-69-68-65-49-55-37-39-36-34-28-26-23-84-86-76-71-70-73-80-79-81-78-77-96-87-90
276,4,1312.5355,1799.7088,310.0,3228.1522,0,4,261.652315,262.15574,True,63-74-62-66-69-6-33-37-38-39-36-34-58-56-57-40-44-46-45-12-14-15-17-13-9-25-21|5-75-1-99-100-92-32-35-31-7-3-88-28-26-23-18-19-82-11-10-8|20-24-27-67-72-61-64-68-65-49-55-54-53-60-59-84-16-50-51-52-47-42-41-43-48|93-2-22-29-30-97-94-95-98-4-89-91-86-83-85-76-71-70-73-80-79-81-78-77-96-87-90
277,4,1312.5355,1799.7088,310.0,3228.1522,0,4,261.652315,262.15574,True,63-74-62-66-69-6-33-37-38-39-36-34-58-56-57-40-44-46-45-12-14-15-17-13-9-25-21|5-75-1-99-100-92-32-35-31-7-3-88-28-26-23-18-19-82-11-10-8|20-24-27-67-72-61-64-68-65-49-55-54-53-60-59-84-16-50-51-52-47-42-41-43-48|93-2-22-29-30-97-94-95-98-4-89-91-86-83-85-76-71-70-73-80-79-81-78-77-96-87-90
278,4,1337.7582,1884.2243,240.0,3137.1115,0,4,274.329639,274.832652,True,20-22-75-1-100-97-92-95-31-91-88-89-19-18-83-82-85-11-9-10-8|67-63-62-74-72-61-64-66-69-7-98-3-4-59-60-44-45-51-50-52-47-43-42-41-48-87|93-5-2-99-94-68-38-39-36-34-28-26-23-86-84-76-71-70-73-80-79-81-78-77-96-90|24-27-30-29-6-32-33-35-37-65-49-55-54-53-56-58-57-40-46-16-14-12-15-17-13-25-21
279,4,1337.7582,1884.2243,240.0,3137.1115,0,4,274.329639,274.832652,True,20-22-75-1-100-97-92-95-31-91-88-89-19-18-83-82-85-11-9-10-8|67-63-62-74-72-61-64-66-69-7-98-3-4-59-60-44-45-51-50-52-47-43-42-41-48-87|93-5-2-99-94-68-38-39-36-34-28-26-23-86-84-76-71-70-73-80-79-81-78-77-96-90|24-27-30-29-6-32-33-35-37-65-49-55-54-53-56-58-57-40-46-16-14-12-15-17-13-25-21
280,4,1349.7089,1808.0089,100.0,3228.1522,0,4,262.897328,263.39215,True,22-93-5-75-2-1-97-92-94-31-37-3-4-91-88-86-84-82-83-16-14-12-17-13-9-11-10-8|20-27-30-24-61-72-69-68-65-35-38-39-28-36-34-85-76-71-70-73-80-79-81-78-77-96-87-90|67-63-74-62-64-66-98-95-7-89-53-56-60-26-23-18-19-51-50-52-47-42-41-43-48|99-100-29-6-32-33-49-55-54-58-59-57-40-44-46-45-15-25-21
281,4,1349.7089,1808.0089,100.0,3228.1522,0,4,262.897328,263.39215,True,22-93-5-75-2-1-97-92-94-31-37-3-4-91-88-86-84-82-83-16-14-12-17-13-9-11-10-8|20-27-30-24-61-72-69-68-65-35-38-39-28-36-34-85-76-71-70-73-80-79-81-78-77-96-87-90|67-63-74-62-64-66-98-95-7-89-53-56-60-26-23-18-19-51-50-52-47-42-41-43-48|99-100-29-6-32-33-49-55-54-58-59-57-40-44-46-45-15-25-21
282,4,1351.0512,1865.4825,210.0,3165.4644,0,4,271.518368,272.023811,True,20-22-5-75-1-100-97-92-95-31-37-38-39-91-89-19-18-83-82-85-11-9-10-8|24-27-67-62-74-72-61-64-66-69-7-98-3-4-88-84-59-40-44-45-51-50-52-47-43-42-41-48-87-90|63-93-2-99-94-34-36-28-26-23-86-76-71-70-73-80-79-81-78-77-96|30-29-6-32-33-35-68-65-49-55-54-53-56-58-60-57-46-16-14-12-15-17-13-25-21
283,4,1351.0512,1865.4825,210.0,3165.4644,0,4,271.518368,272.023811,True,20-22-5-75-1-100-97-92-95-31-37-38-39-91-89-19-18-83-82-85-11-9-10-8|24-27-67-62-74-72-61-64-66-69-7-98-3-4-88-84-59-40-44-45-51-50-52-47-43-42-41-48-87-90|63-93-2-99-94-34-36-28-26-23-86-76-71-70-73-80-79-81-78-77-96|30-29-6-32-33-35-68-65-49-55-54-53-56-58-60-57-46-16-14-12-15-17-13-25-21
284,4,1352.7026,1777.8229,330.0,3248.8409,0,4,258.369426,258.886722,True,63-62-74-99-100-29-6-32-33-35-39-54-58-59-57-40-46-45-16-14-12-15-13-25-21|22-93-5-75-2-1-31-37-65-98-3-4-91-88-84-83-82-85-17-9-11-10-8|20-27-30-24-61-72-69-68-49-55-38-36-34-28-26-23-18-19-86-76-71-70-73-80-79-81-78-77-96-87-90|67-66-64-97-92-94-95-7-89-53-56-60-44-51-50-52-47-42-41-43-48
285,4,1352.7026,1777.8229,330.0,3248.8409,0,4,258.369426,258.886722,True,63-62-74-99-100-29-6-32-33-35-39-54-58-59-57-40-46-45-16-14-12-15-13-25-21|22-93-5-75-2-1-31-37-65-98-3-4-91-88-84-83-82-85-17-9-11-10-8|20-27-30-24-61-72-69-68-49-55-38-36-34-28-26-23-18-19-86-76-71-70-73-80-79-81-78-77-96-87-90|67-66-64-97-92-94-95-7-89-53-56-60-44-51-50-52-47-42-41-43-48
286,4,1354.0719,1862.4617,160.0,3165.4644,0,4,271.065255,271.566151,True,20-22-5-75-1-100-97-92-95-31-35-37-38-39-91-89-19-18-83-82-85-11-9-10-8|24-27-67-62-74-72-61-64-66-69-7-98-3-4-88-59-60-40-44-45-51-50-52-47-43-42-41-48-87-90|63-93-2-99-94-34-36-28-26-23-84-86-76-71-70-73-80-79-81-78-77-96|30-29-6-32-33-68-65-49-55-54-53-56-58-57-46-16-14-12-15-17-13-25-21
287,4,1354.0719,1862.4617,160.0,3165.4644,0,4,271.065255,271.566151,True,20-22-5-75-1-100-97-92-95-31-35-37-38-39-91-89-19-18-83-82-85-11-9-10-8|24-27-67-62-74-72-61-64-66-69-7-98-3-4-88-59-60-40-44-45-51-50-52-47-43-42-41-48-87-90|63-93-2-99-94-34-36-28-26-23-84-86-76-71-70-73-80-79-81-78-77-96|30-29-6-32-33-68-65-49-55-54-53-56-58-57-46-16-14-12-15-17-13-25-21
288,4,1355.6691,1754.1676,320.0,3228.1522,0,4,254.821136,255.33167,True,62-74-63-99-100-29-6-32-33-35-49-55-54-58-59-57-40-44-46-45-16-14-12-15-25-21|22-93-5-75-2-1-97-92-94-31-4-3-91-88-86-84-82-83-13-17-9-11-10-8|20-27-30-24-72-61-64-69-68-65-37-38-39-28-36-34-85-76-71-70-73-80-79-81-78-77-96-87-90|67-66-98-95-7-89-53-56-60-26-23-18-19-51-50-52-47-42-41-43-48
289,4,1355.6691,1754.1676,320.0,3228.1522,0,4,254.821136,255.33167,True,62-74-63-99-100-29-6-32-33-35-49-55-54-58-59-57-40-44-46-45-16-14-12-15-25-21|22-93-5-75-2-1-97-92-94-31-4-3-91-88-86-84-82-83-13-17-9-11-10-8|20-27-30-24-72-61-64-69-68-65-37-38-39-28-36-34-85-76-71-70-73-80-79-81-78-77-96-87-90|67-66-98-95-7-89-53-56-60-26-23-18-19-51-50-52-47-42-41-43-48
290,4,1365.6272,1779.9163,350.0,3196.5365,0,4,258.683447,259.199089,True,63-74-93-30-29-6-32-33-68-65-49-55-54-53-56-58-57-40-46-16-14-12-15-25-21|20-22-5-75-1-100-97-92-95-31-35-37-38-39-91-89-19-18-83-82-13-17-9-11-10-8|24-27-67-62-72-61-64-69-66-94-98-7-3-4-88-84-60-59-44-45-51-50-52-47-42-41-43-48-87-90|99-2-34-36-28-26-23-86-85-76-71-70-73-80-79-81-78-77-96
291,4,1365.6272,1779.9163,350.0,3196.5365,0,4,258.683447,259.199089,True,63-74-93-30-29-6-32-33-68-65-49-55-54-53-56-58-57-40-46-16-14-12-15-25-21|20-22-5-75-1-100-97-92-95-31-35-37-38-39-91-89-19-18-83-82-13-17-9-11-10-8|24-27-67-62-72-61-64-69-66-94-98-7-3-4-88-84-60-59-44-45-51-50-52-47-42-41-43-48-87-90|99-2-34-36-28-26-23-86-85-76-71-70-73-80-79-81-78-77-96
292,4,1366.9648,1742.8719,250.0,3228.1522,0,4,253.12678,253.632008,True,62-63-99-100-29-6-32-33-35-49-55-54-58-59-57-40-44-46-45-16-14-12-15-25-21|22-93-5-75-2-1-97-92-94-31-37-3-4-91-88-83-84-86-13-17-9-11-10-8|20-27-30-24-74-72-61-65-68-38-39-28-36-34-82-85-76-71-70-73-80-79-81-78-77-96-87-90|67-69-64-66-98-95-7-89-53-56-60-26-23-18-19-51-50-52-47-42-41-43-48
293,4,1366.9648,1742.8719,250.0,3228.1522,0,4,253.12678,253.632008,True,62-63-99-100-29-6-32-33-35-49-55-54-58-59-57-40-44-46-45-16-14-12-15-25-21|22-93-5-75-2-1-97-92-94-31-37-3-4-91-88-83-84-86-13-17-9-11-10-8|20-27-30-24-74-72-61-65-68-38-39-28-36-34-82-85-76-71-70-73-80-79-81-78-77-96-87-90|67-69-64-66-98-95-7-89-53-56-60-26-23-18-19-51-50-52-47-42-41-43-48
294,4,1368.3064,1741.5302,350.0,3228.1522,0,4,252.925532,253.440962,True,62-74-63-1-100-29-6-32-33-35-49-55-54-58-59-57-40-44-46-45-16-14-12-15-13-25-21|22-93-5-75-2-99-97-92-94-31-37-36-3-4-91-88-86-84-82-83-17-9-11-10-8|20-27-30-24-72-61-64-69-68-65-38-39-28-34-85-76-71-70-73-80-79-81-78-77-96-87-90|67-66-98-95-7-89-53-56-60-26-23-18-19-51-50-52-47-42-41-43-48
295,4,1368.3064,1741.5302,350.0,3228.1522,0,4,252.925532,253.440962,True,62-74-63-1-100-29-6-32-33-35-49-55-54-58-59-57-40-44-46-45-16-14-12-15-13-25-21|22-93-5-75-2-99-97-92-94-31-37-36-3-4-91-88-86-84-82-83-17-9-11-10-8|20-27-30-24-72-61-64-69-68-65-38-39-28-34-85-76-71-70-73-80-79-81-78-77-96-87-90|67-66-98-95-7-89-53-56-60-26-23-18-19-51-50-52-47-42-41-43-48
296,4,1375.0608,1860.2154,180.0,3184.2069,0,4,270.728306,271.239974,True,20-22-5-75-1-100-97-92-95-31-38-37-91-89-19-18-83-82-85-11-9-10-8|24-27-67-62-72-61-64-69-66-7-98-3-4-88-84-60-59-40-44-45-51-50-52-47-43-42-41-48-87-90|63-74-93-2-99-94-34-39-36-28-26-23-86-76-71-70-73-80-79-81-78-77-96|30-29-6-32-33-35-68-65-49-55-54-53-56-58-57-46-16-14-12-15-17-13-25-21
297,4,1375.0608,1860.2154,180.0,3184.2069,0,4,270.728306,271.239974,True,20-22-5-75-1-100-97-92-95-31-38-37-91-89-19-18-83-82-85-11-9-10-8|24-27-67-62-72-61-64-69-66-7-98-3-4-88-84-60-59-40-44-45-51-50-52-47-43-42-41-48-87-90|63-74-93-2-99-94-34-39-36-28-26-23-86-76-71-70-73-80-79-81-78-77-96|30-29-6-32-33-35-68-65-49-55-54-53-56-58-57-46-16-14-12-15-17-13-25-21
298,4,1377.9503,1823.4133,250.0,3151.1377,0,4,265.207996,265.71705,True,63-74-93-29-6-33-32-31-35-37-38-39-36-34-57-46-45-12-14-15-13-25-21|20-5-75-1-100-97-92-95-98-7-89-91-28-26-18-19-16-82-17-9-11-10-8|24-27-67-62-72-61-64-66-69-65-49-55-54-53-56-58-60-59-84-40-44-51-50-52-47-43-42-41-48-77-87|22-30-2-99-94-68-4-3-23-88-86-83-85-76-71-70-73-80-79-81-78-96-90
299,4,1377.9503,1823.4133,250.0,3151.1377,0,4,265.207996,265.71705,True,63-74-93-29-6-33-32-31-35-37-38-39-36-34-57-46-45-12-14-15-13-25-21|20-5-75-1-100-97-92-95-98-7-89-91-28-26-18-19-16-82-17-9-11-10-8|24-27-67-62-72-61-64-66-69-65-49-55-54-53-56-58-60-59-84-40-44-51-50-52-47-43-42-41-48-77-87|22-30-2-99-94-68-4-3-23-88-86-83-85-76-71-70-73-80-79-81-78-96-90
300,4,1378.4927,1735.8748,310.0,3228.1522,0,4,252.077216,252.590853,True,62-74-63-99-100-29-6-32-33-35-49-55-54-58-59-57-40-44-46-45-16-14-12-15-25-21|22-93-5-75-2-1-97-92-94-31-37-3-4-91-88-86-84-82-83-13-17-9-11-10-8|20-27-30-24-61-72-69-68-65-38-39-28-36-34-85-76-71-70-73-80-79-81-78-77-96-87-90|67-66-64-7-95-98-89-53-56-60-26-23-18-19-51-50-52-47-42-41-43-48
301,4,1378.4927,1735.8748,310.0,3228.1522,0,4,252.077216,252.590853,True,62-74-63-99-100-29-6-32-33-35-49-55-54-58-59-57-40-44-46-45-16-14-12-15-25-21|22-93-5-75-2-1-97-92-94-31-37-3-4-91-88-86-84-82-83-13-17-9-11-10-8|20-27-30-24-61-72-69-68-65-38-39-28-36-34-85-76-71-70-73-80-79-81-78-77-96-87-90|67-66-64-7-95-98-89-53-56-60-26-23-18-19-51-50-52-47-42-41-43-48
302,4,1387.6054,1726.7621,310.0,3228.1522,0,4,250.710306,251.22531,True,62-74-63-99-100-29-6-32-33-35-65-49-55-54-58-59-57-44-46-45-16-14-12-15-25-21|22-93-5-75-2-1-97-92-94-31-37-36-3-4-91-88-86-84-82-83-13-17-9-11-10-8|20-27-30-24-61-72-69-68-38-39-28-34-40-85-76-71-70-73-80-79-81-78-77-96-87-90|67-66-64-7-95-98-89-53-56-60-26-23-18-19-51-50-52-47-42-41-43-48
303,4,1387.6054,1726.7621,310.0,3228.1522,0,4,250.710306,251.22531,True,62-74-63-99-100-29-6-32-33-35-65-49-55-54-58-59-57-44-46-45-16-14-12-15-25-21|22-93-5-75-2-1-97-92-94-31-37-36-3-4-91-88-86-84-82-83-13-17-9-11-10-8|20-27-30-24-61-72-69-68-38-39-28-34-40-85-76-71-70-73-80-79-81-78-77-96-87-90|67-66-64-7-95-98-89-53-56-60-26-23-18-19-51-50-52-47-42-41-43-48
304,4,1393.229,1721.2424,410.0,3165.4644,0,4,249.882356,250.398816,True,63-62-74-93-30-29-6-32-33-68-65-49-55-54-53-56-58-57-44-45-16-14-12-15-13-25-21|22-5-75-1-100-97-92-95-31-35-37-38-39-91-89-19-18-83-82-85-17-9-11-10-8|20-24-27-67-72-61-64-69-66-94-98-7-3-4-88-84-60-59-40-46-51-50-52-47-43-42-41-48-87-90|99-2-34-36-28-26-23-86-76-71-70-73-80-79-81-78-77-96
305,4,1393.229,1721.2424,410.0,3165.4644,0,4,249.882356,250.398816,True,63-62-74-93-30-29-6-32-33-68-65-49-55-54-53-56-58-57-44-45-16-14-12-15-13-25-21|22-5-75-1-100-97-92-95-31-35-37-38-39-91-89-19-18-83-82-85-17-9-11-10-8|20-24-27-67-72-61-64-69-66-94-98-7-3-4-88-84-60-59-40-46-51-50-52-47-43-42-41-48-87-90|99-2-34-36-28-26-23-86-76-71-70-73-80-79-81-78-77-96
306,4,1395.8072,1839.0838,190.0,3183.8217,0,4,267.558563,268.074226,True,20-22-5-75-1-100-97-92-95-31-89-88-91-19-18-83-82-85-11-9-10-8|24-27-67-62-72-61-64-69-66-7-98-3-4-84-60-59-40-44-45-51-50-52-47-43-42-41-48-87-90|63-74-93-2-99-94-68-35-38-37-39-36-34-28-26-23-86-76-71-70-73-80-79-81-78-77-96|30-29-6-32-33-65-49-55-54-53-56-58-57-46-16-14-12-15-17-13-25-21
307,4,1395.8072,1839.0838,190.0,3183.8217,0,4,267.558563,268.074226,True,20-22-5-75-1-100-97-92-95-31-89-88-91-19-18-83-82-85-11-9-10-8|24-27-67-62-72-61-64-69-66-7-98-3-4-84-60-59-40-44-45-51-50-52-47-43-42-41-48-87-90|63-74-93-2-99-94-68-35-38-37-39-36-34-28-26-23-86-76-71-70-73-80-79-81-78-77-96|30-29-6-32-33-65-49-55-54-53-56-58-57-46-16-14-12-15-17-13-25-21
308,5,1413.9958,4794.7625,600.0,3088.0736,0,5,710.910375,711.901785,True,63-93-30-29-6-32-33-37-38-35-55-54-53-56-58-57-46-16-14-12-15-17-13-25-21|20-22-5-75-1-100-97-92-95-31-7-19-18-83-82-85-11-9-10-8|24-27-67-62-72-61-64-66-98-3-4-88-84-60-59-40-44-45-51-50-52-47-43-42-41-48-87|74-69-68-65-49-34-39-36-28-26-23-86-76-71-70-73-80-79-81-78-77-96|2-99-94-89-91-90
309,5,1413.9958,4794.7625,600.0,3088.0736,0,5,710.910375,711.901785,True,63-93-30-29-6-32-33-37-38-35-55-54-53-56-58-57-46-16-14-12-15-17-13-25-21|20-22-5-75-1-100-97-92-95-31-7-19-18-83-82-85-11-9-10-8|24-27-67-62-72-61-64-66-98-3-4-88-84-60-59-40-44-45-51-50-52-47-43-42-41-48-87|74-69-68-65-49-34-39-36-28-26-23-86-76-71-70-73-80-79-81-78-77-96|2-99-94-89-91-90
310,4,1426.5016,1738.9237,330.0,3136.7483,0,4,252.53456,253.051347,True,93-63-74-62-6-32-33-31-35-37-39-36-38-58-56-57-44-46-45-12-14-15-13-25-21|20-22-5-75-1-100-97-92-95-98-7-89-91-88-26-23-18-19-16-82-17-9-11-10-8|67-72-61-64-66-69-65-49-54-53-28-34-60-59-84-40-51-50-52-47-43-42-41-48-77-87|24-27-30-29-2-99-94-68-55-4-3-86-83-85-76-71-70-73-80-79-81-78-96-90
311,4,1426.5016,1738.9237,330.0,3136.7483,0,4,252.53456,253.051347,True,93-63-74-62-6-32-33-31-35-37-39-36-38-58-56-57-44-46-45-12-14-15-13-25-21|20-22-5-75-1-100-97-92-95-98-7-89-91-88-26-23-18-19-16-82-17-9-11-10-8|67-72-61-64-66-69-65-49-54-53-28-34-60-59-84-40-51-50-52-47-43-42-41-48-77-87|24-27-30-29-2-99-94-68-55-4-3-86-83-85-76-71-70-73-80-79-81-78-96-90
312,4,1430.3345,1703.6987,230.0,3252.3487,0,4,247.250803,247.770796,True,63-93-1-100-29-6-32-33-35-54-58-59-57-40-46-16-14-12-15-13-25-21|22-5-75-2-99-97-92-37-31-98-3-4-88-91-18-84-83-82-85-17-9-11-10-8|20-27-30-24-72-69-68-65-49-55-38-39-36-34-28-26-23-19-86-76-71-70-73-80-79-81-78-77-96-87-90|67-74-62-64-61-66-94-95-7-89-53-56-60-44-45-51-50-52-47-42-41-43-48
313,4,1430.3345,1703.6987,230.0,3252.3487,0,4,247.250803,247.770796,True,63-93-1-100-29-6-32-33-35-54-58-59-57-40-46-16-14-12-15-13-25-21|22-5-75-2-99-97-92-37-31-98-3-4-88-91-18-84-83-82-85-17-9-11-10-8|20-27-30-24-72-69-68-65-49-55-38-39-36-34-28-26-23-19-86-76-71-70-73-80-79-81-78-77-96-87-90|67-74-62-64-61-66-94-95-7-89-53-56-60-44-45-51-50-52-47-42-41-43-48
314,4,1431.759,1790.2235,250.0,3137.1115,0,4,260.229521,260.747635,True,20-22-5-75-1-100-97-92-95-31-7-89-88-91-19-18-83-82-85-11-9-10-8|24-27-67-62-72-61-66-64-65-69-98-3-4-59-60-40-44-45-51-50-52-47-43-42-41-48-87|63-74-93-2-99-94-68-38-39-36-34-28-26-23-86-84-76-71-70-73-80-79-81-78-77-96-90|30-29-6-32-33-37-35-49-55-54-53-56-58-57-46-16-14-12-15-17-13-25-21
315,4,1431.759,1790.2235,250.0,3137.1115,0,4,260.229521,260.747635,True,20-22-5-75-1-100-97-92-95-31-7-89-88-91-19-18-83-82-85-11-9-10-8|24-27-67-62-72-61-66-64-65-69-98-3-4-59-60-40-44-45-51-50-52-47-43-42-41-48-87|63-74-93-2-99-94-68-38-39-36-34-28-26-23-86-84-76-71-70-73-80-79-81-78-77-96-90|30-29-6-32-33-37-35-49-55-54-53-56-58-57-46-16-14-12-15-17-13-25-21
316,4,1438.2213,1736.9754,330.0,3216.0234,0,4,252.242303,252.774204,True,93-63-74-32-33-37-38-49-55-54-53-56-58-57-46-16-14-12-15-13-11-10|20-5-75-2-1-99-97-92-94-95-98-7-3-91-89-28-18-19-83-25-17-9-8-21|67-62-72-61-64-69-66-4-60-59-84-86-40-44-45-51-50-52-47-43-42-41-48-77-87|22-24-27-30-100-29-6-68-65-31-35-39-36-34-26-23-88-82-85-76-71-70-73-80-79-81-78-96-90
317,4,1438.2213,1736.9754,330.0,3216.0234,0,4,252.242303,252.774204,True,93-63-74-32-33-37-38-49-55-54-53-56-58-57-46-16-14-12-15-13-11-10|20-5-75-2-1-99-97-92-94-95-98-7-3-91-89-28-18-19-83-25-17-9-8-21|67-62-72-61-64-69-66-4-60-59-84-86-40-44-45-51-50-52-47-43-42-41-48-77-87|22-24-27-30-100-29-6-68-65-31-35-39-36-34-26-23-88-82-85-76-71-70-73-80-79-81-78-96-90
318,4,1438.8819,1801.458,230.0,3137.1115,0,4,261.914692,262.434627,True,20-22-5-75-1-100-97-92-95-31-7-89-88-91-19-18-83-82-85-11-9-10-8|24-27-67-62-72-61-66-64-65-69-98-3-4-84-60-59-40-44-45-51-50-52-47-43-42-41-48-87|63-74-93-2-99-94-68-38-39-36-34-28-26-23-86-76-71-70-73-80-79-81-78-77-96-90|30-29-6-32-33-37-35-49-55-54-53-56-58-57-46-16-14-12-15-17-13-25-21
319,4,1438.8819,1801.458,230.0,3137.1115,0,4,261.914692,262.434627,True,20-22-5-75-1-100-97-92-95-31-7-89-88-91-19-18-83-82-85-11-9-10-8|24-27-67-62-72-61-66-64-65-69-98-3-4-84-60-59-40-44-45-51-50-52-47-43-42-41-48-87|63-74-93-2-99-94-68-38-39-36-34-28-26-23-86-76-71-70-73-80-79-81-78-77-96-90|30-29-6-32-33-37-35-49-55-54-53-56-58-57-46-16-14-12-15-17-13-25-21
320,4,1456.5088,1720.6054,220.0,3194.0921,0,4,254.697676,255.218318,True,93-2-5-24-30-29-6-32-33-38-35-55-54-53-59-57-40-45-12-14-15-17-13-9-25-21|75-1-99-100-97-92-37-31-89-4-88-91-18-19-16-83-82-85-71-11-10-8|20-22-27-67-74-72-61-64-66-98-94-95-3-7-56-58-60-84-46-44-51-50-52-47-42-41-43-48-96-87|63-62-69-68-65-49-34-39-36-28-26-23-86-76-70-73-80-79-81-78-77-90
321,4,1456.5088,1720.6054,220.0,3194.0921,0,4,254.697676,255.218318,True,93-2-5-24-30-29-6-32-33-38-35-55-54-53-59-57-40-45-12-14-15-17-13-9-25-21|75-1-99-100-97-92-37-31-89-4-88-91-18-19-16-83-82-85-71-11-10-8|20-22-27-67-74-72-61-64-66-98-94-95-3-7-56-58-60-84-46-44-51-50-52-47-42-41-43-48-96-87|63-62-69-68-65-49-34-39-36-28-26-23-86-76-70-73-80-79-81-78-77-90
322,4,1457.7064,1772.2875,280.0,3179.768,0,4,257.53912,258.071726,True,63-62-74-93-27-29-32-31-35-37-38-39-36-34-58-56-57-46-45-12-14-15-13-25-21|5-75-1-100-97-92-95-98-7-89-91-88-28-26-18-19-16-82-17-9-11-10-8|67-72-61-64-66-69-6-65-49-54-53-60-59-84-23-40-44-51-50-52-47-43-42-41-48-77-87|20-22-24-30-2-99-94-33-68-55-4-3-86-83-85-76-71-70-73-80-79-81-78-96-90
323,4,1457.7064,1772.2875,280.0,3179.768,0,4,257.53912,258.071726,True,63-62-74-93-27-29-32-31-35-37-38-39-36-34-58-56-57-46-45-12-14-15-13-25-21|5-75-1-100-97-92-95-98-7-89-91-88-28-26-18-19-16-82-17-9-11-10-8|67-72-61-64-66-69-6-65-49-54-53-60-59-84-23-40-44-51-50-52-47-43-42-41-48-77-87|20-22-24-30-2-99-94-33-68-55-4-3-86-83-85-76-71-70-73-80-79-81-78-96-90
324,4,1469.0458,1640.7908,190.0,3228.1522,0,4,258.458771,258.973311,True,93-75-1-100-29-6-32-33-35-54-58-59-57-40-46-45-16-14-12-15-13-25-21|20-22-5-2-99-97-92-37-31-88-91-18-84-83-82-85-17-9-11-10-8|27-30-24-61-72-69-68-65-49-55-38-39-36-34-28-26-23-86-76-71-70-73-80-79-81-78-77-96-87-90|67-63-74-62-64-66-94-95-98-7-3-4-89-53-56-60-44-19-51-50-52-47-42-41-43-48
325,4,1469.0458,1640.7908,190.0,3228.1522,0,4,258.458771,258.973311,True,93-75-1-100-29-6-32-33-35-54-58-59-57-40-46-45-16-14-12-15-13-25-21|20-22-5-2-99-97-92-37-31-88-91-18-84-83-82-85-17-9-11-10-8|27-30-24-61-72-69-68-65-49-55-38-39-36-34-28-26-23-86-76-71-70-73-80-79-81-78-77-96-87-90|67-63-74-62-64-66-94-95-98-7-3-4-89-53-56-60-44-19-51-50-52-47-42-41-43-48
326,4,1474.6279,1707.5292,310.0,3145.7033,0,4,260.133388,260.659246,True,63-62-74-93-27-29-6-32-33-37-38-39-36-34-56-58-60-46-45-12-14-15-13-25-21|20-22-5-2-1-99-100-97-92-95-98-7-3-89-88-28-18-19-16-82-17-9-11-10-8|24-67-72-61-64-66-69-68-65-54-53-59-57-84-40-44-51-50-52-47-43-42-41-48-77-87|30-75-94-35-31-55-49-91-4-23-26-86-83-85-76-71-70-73-80-79-81-78-96-90
327,4,1474.6279,1707.5292,310.0,3145.7033,0,4,260.133388,260.659246,True,63-62-74-93-27-29-6-32-33-37-38-39-36-34-56-58-60-46-45-12-14-15-13-25-21|20-22-5-2-1-99-100-97-92-95-98-7-3-89-88-28-18-19-16-82-17-9-11-10-8|24-67-72-61-64-66-69-68-65-54-53-59-57-84-40-44-51-50-52-47-43-42-41-48-77-87|30-75-94-35-31-55-49-91-4-23-26-86-83-85-76-71-70-73-80-79-81-78-96-90
328,4,1482.3789,1653.6456,140.0,3254.34,0,4,262.458705,262.978102,True,93-100-29-6-32-33-35-65-49-55-54-58-44-46-45-16-14-12-15-13-25-21|20-22-5-75-2-1-99-97-92-31-37-98-3-4-88-91-18-84-83-82-85-17-9-11-10-8|24-27-30-38-39-36-34-28-26-23-60-59-86-76-71-70-73-80-79-81-78-77-96-87-90|67-63-62-74-72-61-64-68-66-69-94-95-7-89-53-56-57-40-19-51-50-52-47-42-41-43-48
329,4,1482.3789,1653.6456,140.0,3254.34,0,4,262.458705,262.978102,True,93-100-29-6-32-33-35-65-49-55-54-58-44-46-45-16-14-12-15-13-25-21|20-22-5-75-2-1-99-97-92-31-37-98-3-4-88-91-18-84-83-82-85-17-9-11-10-8|24-27-30-38-39-36-34-28-26-23-60-59-86-76-71-70-73-80-79-81-78-77-96-87-90|67-63-62-74-72-61-64-68-66-69-94-95-7-89-53-56-57-40-19-51-50-52-47-42-41-43-48
330,4,1489.6121,1620.2246,200.0,3228.1522,0,4,264.628649,265.147274,True,93-100-29-6-32-33-35-65-49-55-54-58-59-57-40-44-46-16-14-12-15-13-25-21|20-22-5-75-2-1-99-97-92-31-37-98-3-4-88-91-18-84-83-82-85-17-9-11-10-8|24-27-30-38-39-36-34-28-26-23-60-86-76-71-70-73-80-79-81-78-77-96-87-90|67-63-62-74-72-61-64-68-66-69-94-95-7-89-53-56-19-45-51-50-52-47-42-41-43-48
331,4,1489.6121,1620.2246,200.0,3228.1522,0,4,264.628649,265.147274,True,93-100-29-6-32-33-35-65-49-55-54-58-59-57-40-44-46-16-14-12-15-13-25-21|20-22-5-75-2-1-99-97-92-31-37-98-3-4-88-91-18-84-83-82-85-17-9-11-10-8|24-27-30-38-39-36-34-28-26-23-60-86-76-71-70-73-80-79-81-78-77-96-87-90|67-63-62-74-72-61-64-68-66-69-94-95-7-89-53-56-19-45-51-50-52-47-42-41-43-48
332,4,1512.6748,1597.1619,310.0,3228.1522,0,4,271.547457,272.080542,True,63-62-74-93-100-29-6-32-33-35-54-59-57-40-46-45-16-14-12-15-13-25-21|20-22-2-1-99-97-92-94-95-31-37-4-3-88-91-18-84-83-82-85-17-9-11-10-8|27-30-24-61-72-69-68-65-49-55-38-39-36-34-28-26-23-86-76-71-70-73-80-79-81-78-77-96-87-90|5-75-67-66-64-7-98-89-53-56-58-60-44-19-51-50-52-47-42-41-43-48
333,4,1512.6748,1597.1619,310.0,3228.1522,0,4,271.547457,272.080542,True,63-62-74-93-100-29-6-32-33-35-54-59-57-40-46-45-16-14-12-15-13-25-21|20-22-2-1-99-97-92-94-95-31-37-4-3-88-91-18-84-83-82-85-17-9-11-10-8|27-30-24-61-72-69-68-65-49-55-38-39-36-34-28-26-23-86-76-71-70-73-80-79-81-78-77-96-87-90|5-75-67-66-64-7-98-89-53-56-58-60-44-19-51-50-52-47-42-41-43-48
334,4,1522.7136,1699.2689,320.0,3137.1115,0,4,274.559103,275.09786,True,63-74-75-2-30-29-6-32-33-38-35-55-54-53-58-59-57-40-45-12-14-15-17-13-25-21|93-5-1-99-100-97-92-94-37-31-89-4-88-91-18-19-16-82-85-71-11-9-10-8|67-62-72-61-64-66-98-95-3-7-39-60-56-84-46-44-51-50-52-47-43-42-41-48-87|22-27-24-20-69-68-65-49-34-36-28-26-23-86-83-76-70-73-80-79-81-78-77-96-90
335,4,1522.7136,1699.2689,320.0,3137.1115,0,4,274.559103,275.09786,True,63-74-75-2-30-29-6-32-33-38-35-55-54-53-58-59-57-40-45-12-14-15-17-13-25-21|93-5-1-99-100-97-92-94-37-31-89-4-88-91-18-19-16-82-85-71-11-9-10-8|67-62-72-61-64-66-98-95-3-7-39-60-56-84-46-44-51-50-52-47-43-42-41-48-87|22-27-24-20-69-68-65-49-34-36-28-26-23-86-83-76-70-73-80-79-81-78-77-96-90
336,4,1522.7136,1699.2689,320.0,3137.1115,0,4,274.559103,275.09786,True,63-74-75-2-30-29-6-32-33-38-35-55-54-53-58-59-57-40-45-12-14-15-17-13-25-21|93-5-1-99-100-97-92-94-37-31-89-4-88-91-18-19-16-82-85-71-11-9-10-8|67-62-72-61-64-66-98-95-3-7-39-60-56-84-46-44-51-50-52-47-43-42-41-48-87|22-27-24-20-69-68-65-49-34-36-28-26-23-86-83-76-70-73-80-79-81-78-77-96-90
337,4,1525.4607,1647.7414,270.0,3136.7483,0,4,275.383235,275.910032,True,63-62-74-93-29-6-31-32-33-37-38-39-36-56-58-60-46-45-14-15-13-25-21|22-5-75-1-100-97-92-95-98-7-89-91-88-28-26-18-19-16-82-12-17-9-11-10-8|20-24-27-67-72-61-64-66-69-65-49-54-53-59-57-84-40-44-51-50-52-47-43-42-41-48-77-87|30-2-99-94-35-68-55-4-3-34-23-86-83-85-76-71-70-73-80-79-81-78-96-90
338,4,1525.4607,1647.7414,270.0,3136.7483,0,4,275.383235,275.910032,True,63-62-74-93-29-6-31-32-33-37-38-39-36-56-58-60-46-45-14-15-13-25-21|22-5-75-1-100-97-92-95-98-7-89-91-88-28-26-18-19-16-82-12-17-9-11-10-8|20-24-27-67-72-61-64-66-69-65-49-54-53-59-57-84-40-44-51-50-52-47-43-42-41-48-77-87|30-2-99-94-35-68-55-4-3-34-23-86-83-85-76-71-70-73-80-79-81-78-96-90
339,4,1535.4995,1843.1969,160.0,3204.447,0,4,278.39488,278.953162,True,63-74-62-29-6-32-33-35-38-39-37-58-57-46-45-12-14-17-13-25-21|20-22-5-75-1-100-97-92-95-31-98-7-3-91-89-28-18-86-83-82-11-9-10-8|24-27-67-72-61-64-66-69-65-49-54-53-56-60-59-40-44-19-16-15-52-51-50-47-43-42-41-48-87|93-30-2-99-94-68-55-4-34-36-26-23-88-84-85-76-71-70-73-80-79-81-78-77-96-90
340,4,1535.4995,1843.1969,160.0,3204.447,0,4,278.39488,278.953162,True,63-74-62-29-6-32-33-35-38-39-37-58-57-46-45-12-14-17-13-25-21|20-22-5-75-1-100-97-92-95-31-98-7-3-91-89-28-18-86-83-82-11-9-10-8|24-27-67-72-61-64-66-69-65-49-54-53-56-60-59-40-44-19-16-15-52-51-50-47-43-42-41-48-87|93-30-2-99-94-68-55-4-34-36-26-23-88-84-85-76-71-70-73-80-79-81-78-77-96-90
341,5,1551.3938,3728.7647,120.0,3136.7483,0,5,551.010699,551.842729,True,63-20-22-24-27-30-29-32-31-33-38-35-54-56-58-57-46-45-48|93-5-75-2-1-99-100-97-92-95-37-28-89-88-83-82-85|67-62-74-72-66-64-49-3-7-39-53-60-59-84-40-44-51-50-52-47-43-42-41-77-87|6-61-69-68-55-65-4-34-36-26-23-18-86-76-71-70-73-80-79-81-78-96-90|98-94-91-16-14-19-12-15-17-13-25-9-11-10-8-21
342,5,1551.3938,3728.7647,120.0,3136.7483,0,5,551.010699,551.842729,True,63-20-22-24-27-30-29-32-31-33-38-35-54-56-58-57-46-45-48|93-5-75-2-1-99-100-97-92-95-37-28-89-88-83-82-85|67-62-74-72-66-64-49-3-7-39-53-60-59-84-40-44-51-50-52-47-43-42-41-77-87|6-61-69-68-55-65-4-34-36-26-23-18-86-76-71-70-73-80-79-81-78-96-90|98-94-91-16-14-19-12-15-17-13-25-9-11-10-8-21
343,4,1552.8542,1664.8126,170.0,3234.5736,0,4,283.601281,284.143531,True,20-22-5-75-1-100-97-92-94-95-98-7-89-91-88-28-18-19-83-85-71-17-9-11-10-8|24-27-67-62-74-72-61-64-65-69-3-39-53-60-59-44-45-51-50-52-47-43-42-41-48-96-77-87|63-93-30-2-99-66-68-31-35-4-34-36-26-23-86-84-82-76-70-73-80-79-81-78-90|29-6-32-33-37-38-49-55-54-56-58-57-40-46-16-14-12-15-13-25-21
344,4,1552.8542,1664.8126,170.0,3234.5736,0,4,283.601281,284.143531,True,20-22-5-75-1-100-97-92-94-95-98-7-89-91-88-28-18-19-83-85-71-17-9-11-10-8|24-27-67-62-74-72-61-64-65-69-3-39-53-60-59-44-45-51-50-52-47-43-42-41-48-96-77-87|63-93-30-2-99-66-68-31-35-4-34-36-26-23-86-84-82-76-70-73-80-79-81-78-90|29-6-32-33-37-38-49-55-54-56-58-57-40-46-16-14-12-15-13-25-21
345,4,1564.8284,1607.1361,260.0,3228.1522,0,4,287.193554,287.738782,True,62-63-93-75-100-29-6-32-33-35-88-58-59-57-40-45-16-14-12-15-17-13-25-9-21|20-22-5-2-1-99-97-92-37-31-89-3-4-91-18-84-83-82-85-11-10-8|27-30-24-74-72-61-69-68-65-55-38-39-36-34-28-26-23-86-76-71-70-73-80-79-81-78-77-96-87-90|67-66-64-94-95-98-7-49-54-53-56-60-44-19-46-51-50-52-47-42-41-43-48
346,4,1564.8284,1607.1361,260.0,3228.1522,0,4,287.193554,287.738782,True,62-63-93-75-100-29-6-32-33-35-88-58-59-57-40-45-16-14-12-15-17-13-25-9-21|20-22-5-2-1-99-97-92-37-31-89-3-4-91-18-84-83-82-85-11-10-8|27-30-24-74-72-61-69-68-65-55-38-39-36-34-28-26-23-86-76-71-70-73-80-79-81-78-77-96-87-90|67-66-64-94-95-98-7-49-54-53-56-60-44-19-46-51-50-52-47-42-41-43-48
347,4,1566.129,1724.5748,260.0,3159.9644,0,4,287.583714,288.136719,True,63-74-93-29-6-32-33-37-38-39-36-58-56-57-46-45-17-12-15-13-25-21|22-5-75-1-100-97-92-94-95-31-98-7-91-88-89-18-19-16-14-82-11-9-10-8|24-27-67-62-72-61-64-66-69-65-49-54-53-60-59-84-40-44-51-50-52-47-43-42-41-48-77-87|20-30-2-99-35-68-55-4-3-34-28-26-23-86-83-85-76-71-70-73-80-79-81-78-96-90
348,4,1566.129,1724.5748,260.0,3159.9644,0,4,287.583714,288.136719,True,63-74-93-29-6-32-33-37-38-39-36-58-56-57-46-45-17-12-15-13-25-21|22-5-75-1-100-97-92-94-95-31-98-7-91-88-89-18-19-16-14-82-11-9-10-8|24-27-67-62-72-61-64-66-69-65-49-54-53-60-59-84-40-44-51-50-52-47-43-42-41-48-77-87|20-30-2-99-35-68-55-4-3-34-28-26-23-86-83-85-76-71-70-73-80-79-81-78-96-90
349,4,1572.4955,1537.3411,320.0,3228.1522,0,4,289.493679,290.036737,True,63-74-62-67-29-97-6-32-33-35-54-58-59-57-40-46-45-16-14-12-15-13-25-21|20-22-93-5-2-1-99-100-92-31-37-91-88-89-18-84-83-82-85-17-9-11-10-8|27-30-24-61-72-69-68-65-49-55-38-39-36-34-28-26-23-86-76-71-70-73-80-79-81-78-77-96-87-90|75-66-64-94-95-98-7-3-4-53-56-60-44-19-51-50-52-47-42-41-43-48
350,4,1572.4955,1537.3411,320.0,3228.1522,0,4,289.493679,290.036737,True,63-74-62-67-29-97-6-32-33-35-54-58-59-57-40-46-45-16-14-12-15-13-25-21|20-22-93-5-2-1-99-100-92-31-37-91-88-89-18-84-83-82-85-17-9-11-10-8|27-30-24-61-72-69-68-65-49-55-38-39-36-34-28-26-23-86-76-71-70-73-80-79-81-78-77-96-87-90|75-66-64-94-95-98-7-3-4-53-56-60-44-19-51-50-52-47-42-41-43-48
351,4,1574.8714,1647.1111,380.0,3137.1115,0,4,290.206434,290.759014,True,63-74-93-75-2-29-6-32-33-38-35-55-54-53-58-59-57-40-45-12-14-15-17-13-25-21|20-5-1-99-100-97-92-94-37-31-89-4-88-91-18-19-16-82-85-71-11-9-10-8|22-27-67-62-72-61-64-66-98-95-3-7-39-60-56-84-46-44-51-50-52-47-43-42-41-48-87|30-24-69-68-65-49-34-36-28-26-23-86-83-76-70-73-80-79-81-78-77-96-90
352,4,1574.8714,1647.1111,380.0,3137.1115,0,4,290.206434,290.759014,True,63-74-93-75-2-29-6-32-33-38-35-55-54-53-58-59-57-40-45-12-14-15-17-13-25-21|20-5-1-99-100-97-92-94-37-31-89-4-88-91-18-19-16-82-85-71-11-9-10-8|22-27-67-62-72-61-64-66-98-95-3-7-39-60-56-84-46-44-51-50-52-47-43-42-41-48-87|30-24-69-68-65-49-34-36-28-26-23-86-83-76-70-73-80-79-81-78-77-96-90
353,4,1587.1861,1776.6773,130.0,3256.2937,0,4,293.900841,294.469428,True,20-93-75-2-1-100-97-92-95-31-37-34-4-89-28-18-19-15-17-9-11-10-8|24-27-67-62-72-61-66-64-65-69-7-98-3-53-60-59-84-40-44-51-50-52-47-42-41-43-48-96-87|63-74-5-99-94-35-68-55-38-39-36-26-23-88-86-83-82-85-76-71-70-73-80-79-81-78-77-90|22-30-29-6-32-33-49-54-56-58-91-57-46-45-16-14-12-13-25-21
354,4,1587.1861,1776.6773,130.0,3256.2937,0,4,293.900841,294.469428,True,20-93-75-2-1-100-97-92-95-31-37-34-4-89-28-18-19-15-17-9-11-10-8|24-27-67-62-72-61-66-64-65-69-7-98-3-53-60-59-84-40-44-51-50-52-47-42-41-43-48-96-87|63-74-5-99-94-35-68-55-38-39-36-26-23-88-86-83-82-85-76-71-70-73-80-79-81-78-77-90|22-30-29-6-32-33-49-54-56-58-91-57-46-45-16-14-12-13-25-21
355,4,1614.9234,1550.502,270.0,3136.7483,0,4,302.222037,302.761087,True,63-62-74-93-29-6-32-33-37-38-39-36-58-56-57-46-45-12-14-15-13-25-21|5-75-1-100-97-92-95-31-98-7-89-91-88-28-18-19-16-82-17-9-11-10-8|20-24-27-67-72-61-64-66-69-68-65-49-54-53-60-59-84-40-44-51-50-52-47-43-42-41-48-77-87|22-30-2-99-94-35-55-4-3-34-26-23-86-83-85-76-71-70-73-80-79-81-78-96-90
356,4,1614.9234,1550.502,270.0,3136.7483,0,4,302.222037,302.761087,True,63-62-74-93-29-6-32-33-37-38-39-36-58-56-57-46-45-12-14-15-13-25-21|5-75-1-100-97-92-95-31-98-7-89-91-88-28-18-19-16-82-17-9-11-10-8|20-24-27-67-72-61-64-66-69-68-65-49-54-53-60-59-84-40-44-51-50-52-47-43-42-41-48-77-87|22-30-2-99-94-35-55-4-3-34-26-23-86-83-85-76-71-70-73-80-79-81-78-96-90
357,4,1616.8322,1548.5932,210.0,3136.7483,0,4,302.794691,303.328027,True,63-93-22-29-6-32-33-37-38-39-36-58-56-57-46-45-12-14-15-13-25-21|20-5-75-1-100-95-31-98-89-91-88-28-26-18-19-16-82-17-9-11-10-8|24-27-67-62-74-72-61-64-66-69-68-65-49-54-53-60-59-84-40-44-51-50-52-47-43-42-41-48-77-87|30-2-99-97-92-94-35-55-4-7-3-34-23-86-83-85-76-71-70-73-80-79-81-78-96-90
358,4,1616.8322,1548.5932,210.0,3136.7483,0,4,302.794691,303.328027,True,63-93-22-29-6-32-33-37-38-39-36-58-56-57-46-45-12-14-15-13-25-21|20-5-75-1-100-95-31-98-89-91-88-28-26-18-19-16-82-17-9-11-10-8|24-27-67-62-74-72-61-64-66-69-68-65-49-54-53-60-59-84-40-44-51-50-52-47-43-42-41-48-77-87|30-2-99-97-92-94-35-55-4-7-3-34-23-86-83-85-76-71-70-73-80-79-81-78-96-90
359,4,1624.2667,1430.9649,120.0,3264.523,0,4,305.025028,305.553116,True,20-22-5-75-1-100-97-92-95-31-37-7-89-91-28-18-19-86-85-71-17-9-11-10-8|24-27-63-62-74-72-61-64-68-98-3-4-39-53-60-59-40-44-45-51-50-52-47-43-42-41-48|93-30-2-99-94-69-35-65-55-34-36-26-23-88-84-83-82-76-70-73-80-79-81-78-77-96-87-90|67-66-29-6-32-33-38-49-54-56-58-57-46-16-14-12-15-13-25-21
360,4,1624.2667,1430.9649,120.0,3264.523,0,4,305.025028,305.553116,True,20-22-5-75-1-100-97-92-95-31-37-7-89-91-28-18-19-86-85-71-17-9-11-10-8|24-27-63-62-74-72-61-64-68-98-3-4-39-53-60-59-40-44-45-51-50-52-47-43-42-41-48|93-30-2-99-94-69-35-65-55-34-36-26-23-88-84-83-82-76-70-73-80-79-81-78-77-96-87-90|67-66-29-6-32-33-38-49-54-56-58-57-46-16-14-12-15-13-25-21
361,4,1640.7406,1525.7047,290.0,3137.7682,0,4,309.967209,310.512437,True,63-62-74-93-29-6-32-33-37-38-39-36-58-56-57-46-45-12-14-15-13-25-21|20-22-5-75-1-100-97-92-95-31-98-7-89-91-88-28-18-19-16-82-17-9-11-10-8|24-27-67-72-61-64-66-69-65-49-54-53-60-59-84-40-44-51-50-52-47-43-42-41-48-77-87|30-2-99-94-35-68-55-4-3-34-26-23-86-83-85-76-71-70-73-80-79-81-78-96-90
362,4,1640.7406,1525.7047,290.0,3137.7682,0,4,309.967209,310.512437,True,63-62-74-93-29-6-32-33-37-38-39-36-58-56-57-46-45-12-14-15-13-25-21|20-22-5-75-1-100-97-92-95-31-98-7-89-91-88-28-18-19-16-82-17-9-11-10-8|24-27-67-72-61-64-66-69-65-49-54-53-60-59-84-40-44-51-50-52-47-43-42-41-48-77-87|30-2-99-94-35-68-55-4-3-34-26-23-86-83-85-76-71-70-73-80-79-81-78-96-90
363,4,1717.1899,1423.3506,240.0,3137.1115,0,4,332.901987,333.449698,True,20-22-5-75-1-100-97-92-95-37-7-89-91-88-28-23-84-83-82-85-71-17-9-11-10-8|27-67-62-72-61-64-68-66-69-3-98-39-53-56-60-59-40-44-45-51-50-52-47-43-42-41-48-87|93-30-2-99-94-35-55-65-4-34-36-26-18-19-86-76-70-73-80-79-81-78-77-96-90|63-74-24-29-6-31-32-33-38-49-54-58-57-46-16-14-12-15-13-25-21
364,4,1717.1899,1423.3506,240.0,3137.1115,0,4,332.901987,333.449698,True,20-22-5-75-1-100-97-92-95-37-7-89-91-88-28-23-84-83-82-85-71-17-9-11-10-8|27-67-62-72-61-64-68-66-69-3-98-39-53-56-60-59-40-44-45-51-50-52-47-43-42-41-48-87|93-30-2-99-94-35-55-65-4-34-36-26-18-19-86-76-70-73-80-79-81-78-77-96-90|63-74-24-29-6-31-32-33-38-49-54-58-57-46-16-14-12-15-13-25-21
365,4,1721.3158,1638.2435,170.0,3243.6846,0,4,334.139778,334.729948,True,20-22-5-75-1-100-97-92-95-37-7-4-89-91-88-28-26-18-19-82-85-71-17-9-11-10-8|24-27-67-62-72-61-66-64-65-69-3-98-39-60-59-84-86-40-44-45-51-50-52-47-43-42-41-48-77-87|63-74-93-2-30-99-94-68-31-35-36-34-23-83-76-70-73-80-79-81-78-96-90|29-6-32-33-38-49-55-54-53-56-58-57-46-16-14-12-15-13-25-21
366,4,1721.3158,1638.2435,170.0,3243.6846,0,4,334.139778,334.729948,True,20-22-5-75-1-100-97-92-95-37-7-4-89-91-88-28-26-18-19-82-85-71-17-9-11-10-8|24-27-67-62-72-61-66-64-65-69-3-98-39-60-59-84-86-40-44-45-51-50-52-47-43-42-41-48-77-87|63-74-93-2-30-99-94-68-31-35-36-34-23-83-76-70-73-80-79-81-78-96-90|29-6-32-33-38-49-55-54-53-56-58-57-46-16-14-12-15-13-25-21
367,4,1722.3949,1459.2801,200.0,3228.1522,0,4,334.463485,335.027804,True,20-22-5-75-1-100-97-92-95-31-37-7-89-91-88-28-18-19-83-82-85-71-17-9-11-10-8|24-27-63-62-74-72-61-64-66-65-3-98-39-53-60-59-84-86-50-51-52-47-42-41-43-48|93-30-2-99-94-69-68-35-36-34-4-23-26-76-70-73-80-79-81-78-77-96-87-90|67-29-6-32-33-38-49-55-54-56-58-57-40-44-46-45-16-14-12-15-13-25-21
368,4,1722.3949,1459.2801,200.0,3228.1522,0,4,334.463485,335.027804,True,20-22-5-75-1-100-97-92-95-31-37-7-89-91-88-28-18-19-83-82-85-71-17-9-11-10-8|24-27-63-62-74-72-61-64-66-65-3-98-39-53-60-59-84-86-50-51-52-47-42-41-43-48|93-30-2-99-94-69-68-35-36-34-4-23-26-76-70-73-80-79-81-78-77-96-87-90|67-29-6-32-33-38-49-55-54-56-58-57-40-44-46-45-16-14-12-15-13-25-21
369,4,1730.8251,1536.6626,120.0,3136.7483,0,4,336.992543,337.549288,True,20-22-93-75-1-100-97-92-95-31-37-3-89-91-88-28-18-19-83-82-85-11-9-10-8|24-27-67-62-72-61-66-64-65-69-7-98-39-53-59-57-40-44-45-51-50-52-47-43-42-41-48-77-87|63-74-5-2-30-99-94-35-68-55-4-34-36-26-23-84-86-76-71-70-73-80-79-81-78-96-90|29-6-32-33-38-49-54-56-58-60-46-16-14-12-15-17-13-25-21
370,4,1730.8251,1536.6626,120.0,3136.7483,0,4,336.992543,337.549288,True,20-22-93-75-1-100-97-92-95-31-37-3-89-91-88-28-18-19-83-82-85-11-9-10-8|24-27-67-62-72-61-66-64-65-69-7-98-39-53-59-57-40-44-45-51-50-52-47-43-42-41-48-77-87|63-74-5-2-30-99-94-35-68-55-4-34-36-26-23-84-86-76-71-70-73-80-79-81-78-96-90|29-6-32-33-38-49-54-56-58-60-46-16-14-12-15-17-13-25-21
371,4,1787.1866,1439.0213,140.0,3136.7483,0,4,353.900991,354.461998,True,20-5-75-1-100-97-92-95-31-38-37-7-89-88-91-19-18-83-82-85-71-17-9-11-10-8|24-27-67-62-74-72-61-64-65-69-3-98-39-53-60-84-44-45-51-50-52-47-43-42-41-48-77-87|63-93-30-2-99-94-35-55-4-34-36-28-26-23-86-76-70-73-80-79-81-78-96-90|22-29-6-32-33-68-66-49-54-56-58-59-57-40-46-16-14-12-15-13-25-21
372,4,1787.1866,1439.0213,140.0,3136.7483,0,4,353.900991,354.461998,True,20-5-75-1-100-97-92-95-31-38-37-7-89-88-91-19-18-83-82-85-71-17-9-11-10-8|24-27-67-62-74-72-61-64-65-69-3-98-39-53-60-84-44-45-51-50-52-47-43-42-41-48-77-87|63-93-30-2-99-94-35-55-4-34-36-28-26-23-86-76-70-73-80-79-81-78-96-90|22-29-6-32-33-68-66-49-54-56-58-59-57-40-46-16-14-12-15-13-25-21
373,4,1831.6463,1478.8277,100.0,3260.2481,0,4,367.238902,367.833743,True,20-22-5-75-1-100-97-92-95-31-37-7-91-88-89-18-84-83-82-85-71-17-9-11-10-8|24-27-67-62-72-61-66-64-65-69-3-98-39-53-58-60-40-44-19-45-51-50-52-47-43-42-41-48-77-87|63-74-93-2-30-99-94-35-68-55-4-34-36-28-26-23-86-76-70-73-80-79-81-78-96-90|29-6-32-33-38-49-54-56-59-57-46-16-14-12-15-13-25-21
374,4,1831.6463,1478.8277,100.0,3260.2481,0,4,367.238902,367.833743,True,20-22-5-75-1-100-97-92-95-31-37-7-91-88-89-18-84-83-82-85-71-17-9-11-10-8|24-27-67-62-72-61-66-64-65-69-3-98-39-53-58-60-40-44-19-45-51-50-52-47-43-42-41-48-77-87|63-74-93-2-30-99-94-35-68-55-4-34-36-28-26-23-86-76-70-73-80-79-81-78-96-90|29-6-32-33-38-49-54-56-59-57-46-16-14-12-15-13-25-21
375,4,1857.8208,1331.459,160.0,3137.1115,0,4,375.091265,375.659382,True,20-22-5-75-1-100-97-92-95-31-37-7-89-91-88-28-18-19-83-82-85-71-17-9-11-10-8|24-27-67-62-72-61-66-64-65-69-3-98-39-53-60-84-40-44-45-51-50-52-47-43-42-41-48-87|63-74-93-2-30-99-94-35-68-55-4-34-36-26-23-86-76-70-73-80-79-81-78-77-96-90|29-6-32-33-38-49-54-56-58-59-57-46-16-14-12-15-13-25-21
376,4,1857.8208,1331.459,160.0,3137.1115,0,4,375.091265,375.659382,True,20-22-5-75-1-100-97-92-95-31-37-7-89-91-88-28-18-19-83-82-85-71-17-9-11-10-8|24-27-67-62-72-61-66-64-65-69-3-98-39-53-60-84-40-44-45-51-50-52-47-43-42-41-48-87|63-74-93-2-30-99-94-35-68-55-4-34-36-26-23-86-76-70-73-80-79-81-78-77-96-90|29-6-32-33-38-49-54-56-58-59-57-46-16-14-12-15-13-25-21
377,4,1870.6084,1507.8388,130.0,3258.8617,0,4,378.92754,379.541213,True,20-22-5-75-1-100-97-92-95-31-37-7-89-91-88-28-18-19-83-82-85-71-17-9-11-10-8|24-27-67-62-72-61-66-64-65-69-3-98-39-53-60-59-84-40-44-45-51-50-52-47-43-42-41-48-77-87|63-74-93-2-30-99-94-35-68-55-4-34-36-26-23-86-76-70-73-80-79-81-78-96-90|29-6-32-33-38-49-54-56-58-57-46-16-14-12-15-13-25-21
378,4,1870.6084,1507.8388,130.0,3258.8617,0,4,378.92754,379.541213,True,20-22-5-75-1-100-97-92-95-31-37-7-89-91-88-28-18-19-83-82-85-71-17-9-11-10-8|24-27-67-62-72-61-66-64-65-69-3-98-39-53-60-59-84-40-44-45-51-50-52-47-43-42-41-48-77-87|63-74-93-2-30-99-94-35-68-55-4-34-36-26-23-86-76-70-73-80-79-81-78-96-90|29-6-32-33-38-49-54-56-58-57-46-16-14-12-15-13-25-21
