Rank,Z1_Vehicles,Z2_Distance,Z3_WaitTime,Z4_LoadBalance,Z5_Makespan,Unserved,Num_Routes,ASF,ASF_aug,In_ROI,Routes
1,4,915.1846,1164.2733,168.0,873.9662,0,4,147.168134,147.320607,True,28-69-1-76-33-71-65-34-78-29-79-81-51-30-20-9-35-66-32-10-31-70-50-3-77-68-80-12|27-52-83-45-36-47-48-82-7-88-62-63-90-11-64-49-19-46-8-18-6-13-97-43-100-37-98-93-85-91-17-60-89|21-73-72-39-67-23-41-22-74-75-56-4-25-55-24-54-26-58|94-95-92-42-15-14-44-38-86-16-61-84-5-99-96-59-87-57-2-40-53
2,4,923.981,1140.2364,143.0,882.2925,0,4,143.562595,143.712851,True,27-69-1-30-33-71-65-34-78-29-76-3-79-81-51-9-35-66-20-32-10-31-70-50-77-68-80-12|52-82-45-36-47-48-7-88-62-11-63-90-64-49-19-46-8-18-83-84-17-5-96-13-97-43-100-93-60-89|28-21-73-72-39-67-23-41-22-74-75-56-4-25-55-24-54-26-58|94-59-92-37-98-85-91-42-15-14-44-38-86-16-61-99-6-95-87-57-2-40-53
3,4,924.7519,1107.7405,187.0,860.9983,0,4,138.688206,138.835025,True,28-69-1-50-76-33-71-65-34-78-29-79-81-51-30-20-9-35-66-32-10-31-70-3-77-68-80-12|27-52-7-82-45-36-47-19-88-62-63-90-11-64-49-48-46-8-83-18-6-96-13-97-43-100-91-85-93-17-5-60-89|21-73-72-39-67-23-41-22-74-75-56-4-25-55-24-54-26-58|94-95-92-98-37-42-15-14-44-38-86-16-61-84-99-59-87-57-2-40-53
4,4,927.8889,1135.0377,159.0,882.2925,0,4,142.782786,142.935034,True,28-69-1-76-33-71-65-34-78-29-79-81-51-30-20-9-35-66-32-10-31-70-50-3-77-68-80-12|27-52-7-82-45-36-47-88-62-11-63-90-64-49-19-48-46-8-18-83-84-17-5-96-13-97-43-100-93-60-89|21-73-72-39-67-23-41-22-74-75-56-4-25-55-24-54-26-58|94-59-92-37-98-85-91-42-15-14-44-38-86-16-61-99-6-95-87-57-2-40-53
5,4,928.4785,1134.4481,159.0,882.2925,0,4,142.694344,142.84668,True,28-69-1-76-33-71-65-34-78-29-79-81-51-30-20-9-35-66-32-10-31-70-50-3-77-68-80-12|27-52-7-82-45-36-47-88-62-63-90-11-64-49-19-48-46-8-18-83-84-17-5-96-13-97-43-100-93-60-89|21-73-72-39-67-23-41-22-74-75-56-4-25-55-24-54-26-58|94-59-92-37-98-85-91-42-15-14-44-38-86-16-61-99-6-95-87-57-2-40-53
6,4,930.573,996.7598,227.0,888.8297,0,4,122.041097,122.181189,True,28-69-1-50-76-33-71-65-34-78-29-3-79-81-51-9-35-66-20-32-10-70-31|27-52-83-45-82-7-48-47-36-19-11-63-62-88-30-90-64-49-46-8-84-18-6-13-97-37-100-85-93-17-5-60-89|96-59-98-91-44-14-42-15-57-87-99-61-16-86-38-43-41-74-56-4-25-55-54-24-80-68-77-12-26-58|94-95-92-2-72-39-67-23-75-22-73-21-40-53
7,4,930.7867,1061.0284,173.0,888.8297,0,4,131.68139,131.825786,True,27-69-1-30-33-71-65-34-29-3-76-50-79-78-81-51-9-35-66-20-32-10-70-31-52-89|83-45-82-7-48-47-36-19-88-62-63-90-11-64-49-46-8-18-6-5-84-17-60-97-100-85-93-96-94-13|28-21-73-72-39-67-23-22-41-43-57-74-75-56-4-25-55-54-24-80-68-77-12-26-58|95-92-37-98-91-42-15-14-44-38-86-16-61-99-59-87-2-40-53
8,4,933.7277,1062.8758,120.0,850.9246,0,4,131.95851,132.09308,True,27-69-1-50-76-33-71-65-34-29-79-78-81-51-30-20-9-35-66-32-10-31-70-3-77-68-80-12|52-7-82-45-36-47-88-62-63-90-11-64-49-19-48-46-8-18-83-84-5-96-6-97-43-100-93-17-60-89|28-21-73-72-39-67-23-41-22-74-75-56-4-25-55-24-54-26-58-13|94-95-92-37-98-85-91-42-15-14-44-38-86-16-61-99-59-87-57-2-40-53
9,4,939.8122,1052.2532,159.0,850.3482,0,4,130.365108,130.503724,True,28-69-1-50-33-71-65-34-29-76-3-79-78-81-51-30-9-35-66-20-32-10-31-70-77-68-80-12|27-52-7-82-45-36-47-19-88-62-63-90-11-64-49-48-46-8-18-83-84-96-6-13-97-43-100-93-17-5-60-89|21-73-72-39-67-23-41-22-74-75-56-4-25-55-24-54-26-58|94-95-92-37-98-85-91-42-15-14-44-38-86-16-61-99-59-87-57-2-40-53
10,4,941.346,1037.0163,39.0,896.6867,0,4,128.079577,128.211318,True,27-69-1-50-3-29-76-33-34-65-71-9-81-78-79-51-30-20-35-66-32-10-70-31|52-7-82-45-48-47-36-19-88-62-63-90-11-64-49-46-8-83-18-84-6-96-97-43-100-93-17-5-60-89|28-12-21-73-72-39-67-23-41-22-74-75-56-4-25-55-54-24-80-68-77-26-58-13|94-95-92-37-98-85-91-42-15-14-44-38-86-16-61-99-59-87-57-2-40-53
11,4,946.9703,1042.8709,142.0,861.786,0,4,128.957763,129.097134,True,28-27-69-76-33-71-65-34-78-29-79-81-51-30-20-9-35-66-32-10-70-1-50-3-77-68-80-12|52-31-7-82-45-48-47-36-19-88-62-63-90-11-64-49-46-8-83-18-6-96-84-17-100-97-13-93-5-60-89|21-73-72-39-67-23-22-41-43-57-74-75-56-4-25-55-24-54-26-58|94-95-59-92-37-98-85-91-42-15-14-44-38-86-16-61-99-87-2-40-53
12,4,949.0383,1084.1266,102.0,854.1195,0,4,135.146117,135.287147,True,27-69-65-30-33-76-3-79-29-34-78-81-51-9-71-35-66-20-32-10-70-1-50-77-68-80-12|52-31-7-82-45-48-47-36-19-88-62-63-90-11-64-49-46-8-83-18-6-96-97-37-43-100-93-17-5-60-89|28-21-73-72-39-67-23-41-22-74-75-56-4-25-55-24-54-26-58-13|94-95-92-98-85-91-42-15-14-44-38-86-16-61-84-99-59-87-57-2-40-53
13,4,952.4224,932.0725,385.0,867.983,0,4,112.338011,112.487628,True,27-28-76-33-71-65-34-78-29-79-81-51-9-35-66-20-32-10-70-1-50-3-77-68-80-12|52-7-82-45-48-47-36-19-11-63-62-88-31-69-30-90-64-49-46-8-18-83-84-5-6-13-97-37-100-85-93-17-60-89|96-59-98-91-44-14-15-72-39-67-23-22-57-87-99-61-16-86-38-43-41-74-75-56-4-25-55-24-54-26-58|94-95-92-42-2-73-21-40-53
14,4,956.139,906.818,395.0,846.445,0,4,108.549831,108.694544,True,28-69-1-50-76-33-71-65-34-78-29-79-81-51-9-35-66-20-32-10-70-3-77-68-80-12|27-52-7-82-45-48-47-36-19-11-63-62-88-31-30-90-64-49-46-8-18-83-84-5-6-13-97-37-100-85-93-17-60-89|96-59-98-91-44-14-15-72-39-67-23-22-57-87-99-61-16-86-38-43-41-74-75-56-4-25-55-24-54-26-58|94-95-92-42-2-73-21-40-53
15,4,962.371,912.4089,375.0,849.1459,0,4,109.388474,109.5343,True,28-69-1-50-33-76-29-65-71-9-51-81-79-78-34-35-66-20-32-10-70-3-77-68-80-12|27-52-7-82-45-48-47-36-19-11-63-62-88-31-30-90-64-49-46-8-18-83-84-6-13-97-37-100-85-93-17-5-60-89|96-59-98-91-44-14-42-15-39-67-23-22-57-87-99-61-16-86-38-43-41-74-75-56-4-25-55-24-54-26-58|94-95-92-2-73-72-21-40-53
16,4,963.9336,928.0575,372.0,863.6561,0,4,111.735756,111.886275,True,28-69-1-50-76-33-71-65-34-78-29-79-81-51-9-35-66-20-32-10-31-70-3-77-68-80-12|27-52-7-82-45-48-47-36-19-11-63-62-88-30-90-64-49-46-8-18-83-84-6-13-97-37-100-85-93-17-5-60-89|96-59-98-91-44-14-15-75-39-67-23-22-57-87-99-61-16-86-38-43-41-74-72-56-4-25-55-24-54-26-58|94-95-92-42-2-73-21-40-53
17,4,964.092,1070.4496,101.0,857.0498,0,4,133.094572,133.238406,True,27-69-1-30-65-33-79-76-29-78-34-71-51-81-9-35-66-20-32-10-70-50-3-77-68-80-12|52-31-7-82-45-48-47-36-19-88-62-63-90-11-64-49-46-8-83-18-6-96-84-17-43-97-100-93-5-60-89|28-21-73-72-39-67-23-75-41-22-74-56-4-25-55-24-54-26-58-13|94-95-92-37-98-85-91-15-42-14-44-38-86-16-61-99-59-87-57-2-40-53
18,4,964.2282,968.4503,315.0,846.445,0,4,117.794679,117.943064,True,28-69-1-50-76-33-71-65-34-78-29-79-81-51-9-35-66-20-32-10-70-3-77-68-80-12|27-52-7-82-45-48-47-36-19-11-63-62-88-31-30-90-64-49-46-8-18-83-84-5-6-13-97-100-98-93-17-60-89|94-95-92-37-91-14-42-15-23-67-39-72-22-57-87-44-16-86-38-43-41-74-75-56-4-25-55-24-54-26-58|96-99-61-85-59-2-73-21-40-53
19,4,968.7748,1030.1798,150.0,850.9246,0,4,127.054106,127.197286,True,28-69-1-33-71-65-34-29-76-79-78-81-9-51-30-20-66-90-10-32-35-70-50-3-77-68-80-12|27-52-82-45-36-47-7-88-31-62-63-11-64-49-19-48-46-8-18-83-84-5-96-6-95-97-43-100-93-17-60-89|21-73-72-39-67-23-41-22-74-75-56-4-25-55-24-54-26-58-13|94-92-37-98-85-91-42-15-14-44-38-86-16-61-99-59-87-57-2-40-53
20,3,972.0307,553.0184,109.0,849.1459,0,3,55.479896,55.547811,True,28-69-1-33-71-65-34-29-21-73-2-40-53-76-3-79-78-81-51-9-35-66-20-32-10-70-50-77-68-80-12|27-52-7-82-45-48-47-36-19-11-63-62-88-31-30-90-64-49-46-8-18-83-84-6-94-13-95-97-100-85-93-17-5-60-89|96-59-92-98-37-42-91-44-14-15-72-39-67-23-22-57-87-99-61-16-86-38-43-41-74-75-56-4-25-55-24-54-26-58
21,5,976.6084,1970.4157,137.0,841.8863,0,5,268.089488,268.373697,True,28-1-50-76-33-65-71-51-79-3-29-78-81-9-20-66-35-34-68-77|53-40-6-96-99-97-87-2-57-43-100-93-59-95-13-58|42-15-73-39-67-23-56-75-41-22-74-72-21-4-25-55-54-24-80-12-26|83-45-82-48-47-36-64-63-11-19-62-30-69-27-52-88-7-18-8-46-49-90-32-10-70-31|94-92-37-98-85-91-44-14-38-86-16-61-84-17-5-60-89
22,3,985.885,563.9608,6.0,867.983,0,3,57.121252,57.187491,True,28-27-69-31-30-33-71-65-34-29-21-73-40-53-76-79-78-81-51-9-35-66-20-32-10-70-1-50-3-77-68-80-12|52-83-45-47-36-48-82-7-88-62-63-90-11-19-64-49-46-8-84-18-6-94-95-13-2-97-37-100-85-93-17-5-60-89|96-59-92-98-42-91-44-14-15-72-39-67-23-22-57-87-99-61-16-86-38-43-41-74-75-56-4-25-55-24-54-26-58
23,3,987.2217,520.1914,398.0,912.5587,0,3,50.55585,50.66181,True,94-95-96-59-92-37-98-85-91-44-14-42-73-72-39-67-23-41-15-38-86-16-61-84-5-99-6-97-87-43-57-2-21-74-75-56-4-25-55-54-24-80-68-77-12|28-33-3-29-34-65-71-30-88-31-69-53-40-22-26-76-50-51-9-81-79-78-35-66-20-32-10-70-1-60-17-93-100-13-58|27-52-7-82-45-48-47-36-19-62-63-90-11-64-49-46-8-83-18-89
24,8,990.0218,3748.607,129.0,805.7511,0,8,534.818185,535.367827,True,50-33-81-51-9-35-34-77-68-80-12|31-88-62-11-63-90-64-49-19-7-52-40|45-82-48-47-36-46-8-83-18-6-53|2-73-39-67-23-56-75-41-22-74-72-21-58|28-76-3-79-78-29-24-54-55-25-4-26|27-69-1-30-71-65-66-20-32-10-70|94-59-85-91-44-14-38-86-16-61-84-17-5-60-89|95-92-37-42-15-57-87-99-97-43-100-98-93-96-13
25,3,993.8292,534.1221,64.0,857.9114,0,3,52.645442,52.713878,True,28-69-50-33-65-71-51-29-72-73-21-40-53-76-79-78-34-81-9-35-66-20-32-10-70-1-77-3-68-80-12|27-52-7-82-45-48-47-36-19-11-63-62-88-31-30-90-64-49-46-8-18-83-84-5-6-13-95-97-100-85-93-17-60-89|94-96-59-92-98-37-42-91-44-14-15-75-39-67-23-22-2-87-99-61-16-86-38-43-41-57-74-56-4-25-55-24-54-26-58
26,3,994.8074,390.8599,428.0,947.2692,0,3,41.068,41.165043,True,94-95-92-37-98-85-91-44-14-42-73-72-39-67-23-41-15-38-86-16-61-84-5-99-59-97-87-43-57-2-21-74-75-56-4-25-55-54-24-80-68-77-12-26-58|28-50-33-29-34-65-71-30-88-31-69-40-22-76-3-79-78-81-51-9-35-66-20-32-10-70-1-89-13-100-93-17-83-60-96|27-52-7-82-45-48-47-36-19-62-63-90-11-64-49-46-8-18-6-53
27,3,995.2401,373.4508,402.0,945.6262,0,3,38.468,38.559715,True,94-96-92-98-91-42-14-44-15-2-73-39-67-23-22-41-38-86-16-61-84-5-99-59-97-87-43-57-21-72-74-75-56-4-25-55-54-24-80-68-77-12-26-58|28-33-3-29-34-65-71-30-88-31-69-1-53-40-76-50-51-9-81-79-78-35-66-20-32-10-70-13-95-37-100-85-93-17-83-60-89|27-52-7-82-45-48-47-36-19-62-63-90-11-64-49-46-8-18-6
28,3,995.2401,373.4508,402.0,945.6262,0,3,38.468,38.559715,True,94-96-92-98-91-42-14-44-15-2-73-39-67-23-22-41-38-86-16-61-84-5-99-59-97-87-43-57-21-72-74-75-56-4-25-55-54-24-80-68-77-12-26-58|28-33-3-29-34-65-71-30-88-31-69-1-53-40-76-50-51-9-81-79-78-35-66-20-32-10-70-13-95-37-100-85-93-17-83-60-89|27-52-7-82-45-48-47-36-19-62-63-90-11-64-49-46-8-18-6
29,3,999.0655,529.2424,131.0,849.1459,0,3,51.913488,51.988148,True,28-69-1-50-76-33-71-65-34-29-21-73-40-53-79-78-81-51-9-35-66-20-32-10-70-3-77-68-80-12|27-52-45-82-48-47-36-19-11-63-62-88-31-30-90-64-49-46-8-7-18-83-84-6-94-95-13-2-97-37-100-85-93-17-5-60-89|96-59-92-98-42-91-44-14-15-72-39-67-23-22-57-87-99-61-16-86-38-43-41-74-75-56-4-25-55-24-54-26-58
30,8,999.639,3948.1829,293.0,802.2068,0,8,564.754566,565.352898,True,27-69-1-30-51-79-78-81-9-35-34-3-77-68-80|40-87-15-43-57-2-58|31-88-62-11-63-90-64-49-19-7-48-46-8-18-52|53-6-96-99-98-100-37-97-95-13|73-39-67-23-56-75-41-22-74-72-21-26|28-76-29-24-55-25-4-54-12|50-33-71-65-66-20-32-10-70|94-92-59-5-83-82-47-36-45-85-91-44-42-14-38-86-16-61-84-17-93-60-89
31,3,1001.8735,526.4344,118.0,849.1459,0,3,51.49229,51.566071,True,28-69-1-50-33-65-71-51-29-40-2-73-21-76-79-78-34-81-9-35-66-20-32-10-70-3-77-68-80-12|27-52-7-82-45-48-47-36-19-11-63-62-88-31-30-90-64-49-46-8-18-83-84-6-53-13-95-97-37-100-85-93-17-5-60-89|94-96-59-92-98-42-91-44-14-15-72-39-67-23-22-57-87-99-61-16-86-38-43-41-74-75-56-4-25-55-24-54-26-58
32,3,1005.5597,354.5011,413.0,936.9962,0,3,39.568,39.659774,True,94-96-92-37-98-85-91-44-14-42-73-72-39-67-23-41-15-38-86-16-61-84-5-99-59-97-87-43-57-2-74-75-56-4-25-55-54-24-80-68-77-12-26-58|50-33-3-29-65-71-30-31-69-27-53-40-22-21-76-51-9-81-79-78-34-35-66-20-32-10-70-1-13-95-100-93-17-83-60-89|28-52-7-82-45-48-47-36-19-62-63-90-88-11-64-49-46-8-18-6
33,3,1005.5597,354.5011,413.0,936.9962,0,3,39.568,39.659774,True,94-96-92-37-98-85-91-44-14-42-73-72-39-67-23-41-15-38-86-16-61-84-5-99-59-97-87-43-57-2-74-75-56-4-25-55-54-24-80-68-77-12-26-58|50-33-3-29-65-71-30-31-69-27-53-40-22-21-76-51-9-81-79-78-34-35-66-20-32-10-70-1-13-95-100-93-17-83-60-89|28-52-7-82-45-48-47-36-19-62-63-90-88-11-64-49-46-8-18-6
34,3,1010.0509,494.8658,49.0,942.7282,0,3,46.757005,46.835641,True,27-52-7-82-45-48-47-36-19-11-63-90-64-49-46-8-18-6-94-26-55-25-21-58-13-59-93-100-85-17-83-60-89|95-92-37-98-91-44-14-42-2-73-39-67-23-41-15-38-86-16-61-84-5-99-96-97-87-43-57-74-75-56-4-54-24-80-68-77|28-50-33-3-29-34-65-71-30-62-88-31-69-53-40-22-72-12-76-51-9-81-79-78-35-66-20-32-10-70-1
35,3,1010.0509,494.8658,49.0,942.7282,0,3,46.757005,46.835641,True,27-52-7-82-45-48-47-36-19-11-63-90-64-49-46-8-18-6-94-26-55-25-21-58-13-59-93-100-85-17-83-60-89|95-92-37-98-91-44-14-42-2-73-39-67-23-41-15-38-86-16-61-84-5-99-96-97-87-43-57-74-75-56-4-54-24-80-68-77|28-50-33-3-29-34-65-71-30-62-88-31-69-53-40-22-72-12-76-51-9-81-79-78-35-66-20-32-10-70-1
36,3,1011.4735,516.8344,131.0,849.1459,0,3,50.05229,50.12881,True,69-1-28-50-76-33-71-65-34-29-21-73-40-53-79-78-81-51-9-35-66-20-32-10-70-3-77-68-80-12|27-52-45-82-48-47-36-19-11-63-62-88-31-30-90-64-49-46-8-7-18-83-84-6-94-95-13-2-97-37-100-85-93-17-5-60-89|96-59-92-98-42-91-44-14-15-72-39-67-23-22-57-87-99-61-16-86-38-43-41-74-75-56-4-25-55-24-54-26-58
37,3,1014.0107,382.817,383.0,958.4297,0,3,36.568,36.666772,True,94-92-37-98-85-91-44-14-42-73-72-39-67-23-41-15-38-86-16-61-84-5-99-97-87-43-57-2-21-74-75-56-4-25-55-54-24-80-68-77-12-26-58|28-33-3-29-34-65-71-30-69-31-88-7-52-40-22-76-50-51-9-81-79-78-35-66-20-32-10-70-1-89-60-17-100-13-95-59-93-96|27-83-45-82-48-47-36-19-62-63-90-11-64-49-46-8-18-6-53
38,3,1014.0107,382.817,383.0,958.4297,0,3,36.568,36.666772,True,94-92-37-98-85-91-44-14-42-73-72-39-67-23-41-15-38-86-16-61-84-5-99-97-87-43-57-2-21-74-75-56-4-25-55-54-24-80-68-77-12-26-58|28-33-3-29-34-65-71-30-69-31-88-7-52-40-22-76-50-51-9-81-79-78-35-66-20-32-10-70-1-89-60-17-100-13-95-59-93-96|27-83-45-82-48-47-36-19-62-63-90-11-64-49-46-8-18-6-53
39,5,1015.5547,1944.4934,136.0,829.6421,0,5,264.20115,264.491219,True,28-1-50-76-33-65-71-51-79-3-29-78-81-9-20-66-35-34-68-77|53-40-6-96-99-97-87-2-57-43-100-37-98-93-95-13-58|42-15-73-39-67-23-56-75-41-22-74-72-21-26-4-25-55-54-24-80-12|45-47-36-48-62-11-63-64-19-30-69-27-88-7-82-18-8-46-49-90-32-10-70-31-52|94-92-59-85-91-44-14-38-86-16-61-5-84-17-83-60-89
40,3,1015.864,521.0375,112.0,860.9983,0,3,50.682759,50.761106,True,28-69-1-33-71-65-34-29-21-73-2-40-53-76-3-79-78-81-51-9-35-66-20-32-10-70-50-77-68-80-12|27-52-7-82-45-48-47-19-11-63-62-88-31-30-90-64-49-46-8-84-18-6-94-13-95-97-37-98-100-91-85-93-17-5-60-89|36-83-96-59-92-14-44-42-15-72-39-67-23-22-57-87-99-61-16-86-38-43-41-74-75-56-4-25-55-24-54-26-58
41,3,1016.2153,461.3492,261.0,887.2266,0,3,41.729509,41.817842,True,26-21-2-15-42-14-92-45-36-47-48-18-99-37-91-44-38-86-16-61-84-5-96-6-94-87-57-43-97-95-59-98-100-85-93-17-83-60-89-13-58|28-69-1-50-33-29-39-67-23-41-22-73-40-53-76-81-34-78-79-3-68-54-4-72-74-75-56-25-55-24-80-77-12|27-52-31-62-11-64-63-65-71-9-51-30-88-19-49-46-8-82-7-10-90-32-66-35-20-70
42,3,1016.2153,461.3492,261.0,887.2266,0,3,41.729509,41.817842,True,26-21-2-15-42-14-92-45-36-47-48-18-99-37-91-44-38-86-16-61-84-5-96-6-94-87-57-43-97-95-59-98-100-85-93-17-83-60-89-13-58|28-69-1-50-33-29-39-67-23-41-22-73-40-53-76-81-34-78-79-3-68-54-4-72-74-75-56-25-55-24-80-77-12|27-52-31-62-11-64-63-65-71-9-51-30-88-19-49-46-8-82-7-10-90-32-66-35-20-70
43,3,1017.3168,510.991,131.0,849.1459,0,3,49.175784,49.253182,True,69-1-28-50-76-33-71-65-34-29-21-73-40-53-79-78-81-51-9-35-66-20-32-10-70-3-77-68-80-12|27-52-45-82-48-47-36-19-11-63-62-88-31-30-90-64-49-46-8-18-7-83-84-6-94-95-13-2-97-37-100-85-93-17-5-60-89|96-59-92-98-42-91-44-14-15-72-39-67-23-22-57-87-99-61-16-86-38-43-41-74-75-56-4-25-55-24-54-26-58
44,3,1020.6094,402.6697,336.0,986.2706,0,3,32.927582,33.030787,True,52-82-45-5-92-37-98-91-44-14-42-73-72-39-67-23-41-15-38-86-16-85-99-97-43-57-2-74-75-56-4-25-55-54-24-80-68-77-12-26|28-50-33-29-34-65-71-30-88-18-61-87-22-21-40-76-3-79-78-81-51-9-35-66-20-32-10-70-1-89-60-17-100-13-95-59-93-96-94-58|27-69-31-62-7-48-47-36-19-11-63-90-64-49-46-8-83-84-6-53
45,3,1020.7457,377.1897,381.0,945.6262,0,3,36.368,36.465828,True,94-96-92-98-91-44-14-42-73-72-39-67-23-41-15-38-86-16-61-84-5-99-59-97-87-43-57-2-21-74-75-56-4-25-55-54-24-80-68-3-77-12-26-58|50-69-1-33-29-65-71-30-31-88-7-52-40-22-76-51-9-81-79-78-34-35-66-20-32-10-70-13-95-37-100-85-93-17-83-60-89|28-27-45-82-48-47-36-19-62-11-63-90-64-49-46-8-18-6-53
46,3,1020.7457,377.1897,381.0,945.6262,0,3,36.368,36.465828,True,94-96-92-98-91-44-14-42-73-72-39-67-23-41-15-38-86-16-61-84-5-99-59-97-87-43-57-2-21-74-75-56-4-25-55-54-24-80-68-3-77-12-26-58|50-69-1-33-29-65-71-30-31-88-7-52-40-22-76-51-9-81-79-78-34-35-66-20-32-10-70-13-95-37-100-85-93-17-83-60-89|28-27-45-82-48-47-36-19-62-11-63-90-64-49-46-8-18-6-53
47,3,1021.0148,349.319,474.0,947.2692,0,3,45.668,45.771275,True,94-95-92-98-85-5-45-91-44-14-42-73-72-39-67-23-41-15-38-86-16-61-84-99-59-37-97-87-43-57-2-21-74-75-56-4-25-55-54-24-80-68-77-12-26-58|28-33-3-29-34-65-71-30-88-31-69-53-40-22-76-50-51-9-81-79-78-35-66-20-32-10-70-1-89-13-100-93-17-83-60-96|27-52-7-82-48-47-36-19-11-63-90-62-64-49-46-8-18-6
48,3,1021.3066,497.1206,255.0,911.4694,0,3,47.095217,47.193479,True,26-21-2-15-42-14-92-45-36-47-48-18-99-37-44-38-86-16-61-84-6-94-87-57-43-97-95-96-59-98-100-91-85-93-5-17-83-60-89-13-58|28-1-50-33-29-39-67-23-41-22-73-40-53-76-81-34-78-79-3-68-54-4-72-74-75-56-25-55-24-80-77-12|27-69-31-62-11-64-63-65-71-9-51-30-88-19-49-46-8-82-7-10-90-32-66-35-20-70-52
49,3,1021.6416,357.4366,287.0,946.9499,0,3,26.968,27.053932,True,52-82-45-5-59-92-98-91-14-42-2-21-73-72-39-67-23-41-15-44-38-86-84-99-96-97-43-57-74-75-56-4-25-55-54-24-80-68-77-12-26|28-50-33-29-34-65-71-30-88-18-61-16-87-22-40-76-3-79-78-81-51-9-35-66-20-32-10-70-58-13-95-37-100-85-93-17-60-89|27-1-69-31-62-7-48-47-36-19-11-63-90-64-49-46-8-83-6-94-53
50,3,1023.7693,359.763,284.0,946.9499,0,3,26.668,26.75462,True,52-82-45-5-96-92-98-91-14-42-2-21-73-72-39-67-23-41-15-44-38-86-61-99-59-97-43-57-74-75-56-4-25-55-54-24-80-68-77-12|28-50-33-29-34-65-71-30-88-18-16-87-22-40-26-76-3-79-78-81-51-9-35-66-20-32-10-70-58-13-95-37-100-85-93-17-60-89|27-1-69-31-7-48-47-36-19-62-63-90-11-64-49-46-8-83-84-6-94-53
51,3,1024.3515,489.6546,252.0,911.4694,0,3,45.97532,46.073076,True,26-2-15-42-14-44-92-45-36-47-48-52-18-84-61-16-86-38-37-99-57-87-97-95-94-6-96-59-98-43-100-91-85-93-5-17-83-60-89-13-58|28-50-33-29-39-67-23-41-22-73-21-40-53-76-81-34-78-79-3-68-54-4-72-74-75-56-25-55-24-80-77-12|27-69-31-62-11-64-63-65-71-9-51-30-88-19-49-46-8-82-7-10-90-32-66-35-20-70-1
52,3,1025.1127,493.5662,117.0,942.6441,0,3,46.562064,46.651812,True,27-83-45-82-48-47-36-19-62-11-63-90-64-49-46-8-18-6-94-26-55-25-72-21-58-13-59-93-100-85-17-60-89|95-92-37-98-91-44-14-42-2-73-39-67-23-41-15-38-86-16-61-84-5-99-96-97-87-43-57-74-75-56-4-54-24-80-68-77-12|28-50-33-3-29-34-65-71-30-69-31-88-7-52-53-40-22-76-51-9-81-79-78-35-66-20-32-10-70-1
53,11,1025.4918,5237.4776,305.0,800.1992,0,11,758.148767,758.950048,True,79-78-81-51-9-35-34-3-77-68-80-12|40-87-15-43-57-2-58|83-45-17-60-93-100-97-13|88-62-11-64-49-19-7-52|82-48-47-36-46-8-18-89|53|73-72-39-67-23-56-75-41-22-74-21-26|27-69-1-30-63-90-32-10-31|28-76-29-24-54-55-25-4|50-33-71-65-66-20-70|94-95-59-92-98-37-42-14-44-38-86-16-91-85-61-84-5-99-96-6
54,3,1025.5709,486.1007,199.0,881.3743,0,3,45.44224,45.530014,True,2-15-42-14-92-83-45-36-47-48-18-99-37-44-38-86-16-61-84-6-94-87-57-41-43-97-95-96-59-98-100-91-85-93-17-5-60-89-52|28-50-33-29-39-67-23-22-73-21-40-53-26-12-76-81-34-78-79-3-68-54-4-72-74-75-56-25-55-24-80-77-58-13|27-69-31-62-11-64-63-65-71-9-51-30-88-19-49-46-8-82-7-10-90-32-66-35-20-70-1
55,3,1025.5709,486.1007,199.0,881.3743,0,3,45.44224,45.530014,True,2-15-42-14-92-83-45-36-47-48-18-99-37-44-38-86-16-61-84-6-94-87-57-41-43-97-95-96-59-98-100-91-85-93-17-5-60-89-52|28-50-33-29-39-67-23-22-73-21-40-53-26-12-76-81-34-78-79-3-68-54-4-72-74-75-56-25-55-24-80-77-58-13|27-69-31-62-11-64-63-65-71-9-51-30-88-19-49-46-8-82-7-10-90-32-66-35-20-70-1
56,3,1025.9921,370.7917,280.0,946.9499,0,3,28.145884,28.234424,True,52-82-45-5-59-92-98-91-14-42-2-21-73-72-39-67-23-41-15-44-38-86-99-96-97-43-57-74-75-56-4-25-55-54-24-80-68-77-12-26|28-50-33-29-34-65-71-30-88-18-61-16-87-22-40-76-3-79-78-81-51-9-35-66-20-32-10-70-58-13-95-37-100-85-93-17-60-89|27-1-69-31-7-48-47-36-19-62-63-90-11-64-49-46-8-83-84-6-94-53
57,3,1026.3497,370.434,279.0,946.9499,0,3,28.092233,28.180728,True,52-82-45-5-59-92-98-91-14-42-2-21-73-72-39-67-23-41-15-44-38-86-61-99-96-97-43-57-74-75-56-4-25-55-54-24-80-68-77-12-26|28-50-33-29-34-65-71-30-88-18-16-87-22-40-76-3-79-78-81-51-9-35-66-20-32-10-70-58-13-95-37-100-85-93-17-60-89|27-1-69-31-7-48-47-36-19-62-63-90-11-64-49-46-8-83-84-6-94-53
58,3,1027.2083,468.5477,171.0,919.7213,0,3,42.809293,42.897878,True,27-52-83-45-48-47-36-19-62-11-63-90-64-49-46-8-82-18-6-94-53-26-55-25-58-13-96-93-100-85-17-60-89|95-92-37-98-91-44-14-42-73-72-39-67-23-41-15-38-86-16-61-84-5-99-59-97-87-43-57-2-74-75-56-4-54-24-80-68-77-12|28-33-3-29-34-65-71-30-7-88-31-69-40-22-21-76-50-51-9-81-79-78-35-66-20-32-10-70-1
59,3,1027.2083,468.5477,171.0,919.7213,0,3,42.809293,42.897878,True,27-52-83-45-48-47-36-19-62-11-63-90-64-49-46-8-82-18-6-94-53-26-55-25-58-13-96-93-100-85-17-60-89|95-92-37-98-91-44-14-42-73-72-39-67-23-41-15-38-86-16-61-84-5-99-59-97-87-43-57-2-74-75-56-4-54-24-80-68-77-12|28-33-3-29-34-65-71-30-7-88-31-69-40-22-21-76-50-51-9-81-79-78-35-66-20-32-10-70-1
60,3,1027.3366,318.7767,362.0,938.6326,0,3,34.468,34.556094,True,96-92-37-98-85-91-44-14-42-73-72-39-67-23-41-15-38-86-16-61-84-5-99-59-97-87-43-57-74-75-56-4-25-55-54-24-80-68-3-77-12-26|28-1-33-29-65-71-30-88-18-94-2-22-21-40-53-76-50-51-9-81-79-78-34-35-66-20-32-10-70-58-13-95-100-93-17-83-60-89|27-52-7-82-45-48-47-36-19-11-63-62-31-69-90-64-49-46-8-6
61,3,1027.3366,318.7767,362.0,938.6326,0,3,34.468,34.556094,True,96-92-37-98-85-91-44-14-42-73-72-39-67-23-41-15-38-86-16-61-84-5-99-59-97-87-43-57-74-75-56-4-25-55-54-24-80-68-3-77-12-26|28-1-33-29-65-71-30-88-18-94-2-22-21-40-53-76-50-51-9-81-79-78-34-35-66-20-32-10-70-58-13-95-100-93-17-83-60-89|27-52-7-82-45-48-47-36-19-11-63-62-31-69-90-64-49-46-8-6
62,8,1027.6316,3667.8223,194.0,814.157,0,8,522.700472,523.25704,True,50-33-79-78-81-51-9-71-66-35-34-3-77-68-80-12|83-45-84-17-5-93-100-97-13-58|88-62-11-63-64-49-19-7-52|82-48-47-36-46-8-18-6-95-87-53|73-72-39-67-23-56-75-22-41-57-43-2-74-21-26|27-69-1-30-65-20-90-32-10-70-31|40-28-76-29-24-55-25-4-54|94-96-59-92-37-98-85-91-42-15-14-44-38-86-16-61-99-60-89
63,3,1027.9461,495.6241,163.0,930.9237,0,3,46.870749,46.964497,True,27-52-83-45-48-47-36-19-11-63-90-64-49-46-8-82-18-6-94-53-26-55-25-21-58-13-96-93-100-85-17-60-89|95-92-98-91-44-14-42-73-72-39-67-23-41-15-38-86-16-61-84-5-99-59-37-97-87-57-43-2-74-75-56-4-54-24-80-68-77-12|28-33-3-29-34-65-71-30-62-7-88-31-69-40-22-76-50-51-9-81-79-78-35-66-20-32-10-70-1
64,3,1027.9461,495.6241,163.0,930.9237,0,3,46.870749,46.964497,True,27-52-83-45-48-47-36-19-11-63-90-64-49-46-8-82-18-6-94-53-26-55-25-21-58-13-96-93-100-85-17-60-89|95-92-98-91-44-14-42-73-72-39-67-23-41-15-38-86-16-61-84-5-99-59-37-97-87-57-43-2-74-75-56-4-54-24-80-68-77-12|28-33-3-29-34-65-71-30-62-7-88-31-69-40-22-76-50-51-9-81-79-78-35-66-20-32-10-70-1
65,3,1028.6544,368.1293,280.0,946.9499,0,3,27.746528,27.835468,True,52-82-45-5-59-92-98-91-14-42-2-21-73-72-39-67-23-41-15-44-38-86-99-96-97-43-57-74-75-56-4-25-55-54-24-80-68-77-12-26|28-50-33-29-34-65-71-30-88-18-61-16-87-22-40-76-3-79-78-81-51-9-35-66-20-32-10-70-58-13-95-37-100-85-93-17-60-89|27-1-69-31-7-48-47-36-19-63-90-62-11-64-49-46-8-83-84-6-94-53
66,3,1028.6544,368.1293,280.0,946.9499,0,3,27.746528,27.835468,True,52-82-45-5-59-92-98-91-14-42-2-21-73-72-39-67-23-41-15-44-38-86-99-96-97-43-57-74-75-56-4-25-55-54-24-80-68-77-12-26|28-50-33-29-34-65-71-30-88-18-61-16-87-22-40-76-3-79-78-81-51-9-35-66-20-32-10-70-58-13-95-37-100-85-93-17-60-89|27-1-69-31-7-48-47-36-19-63-90-62-11-64-49-46-8-83-84-6-94-53
67,3,1029.2631,462.9733,229.0,930.0479,0,3,41.973124,42.068838,True,27-69-7-82-48-47-36-19-62-63-90-11-64-49-46-8-18-6-53-26-55-25-58-13-37-100-98-93-17-83-60-89|94-95-92-96-45-85-91-44-14-42-73-72-39-67-23-41-15-38-86-16-61-84-5-99-59-97-87-43-57-2-74-75-56-4-54-24-80-68-77|28-33-3-29-34-65-71-30-31-88-52-40-22-21-12-76-50-51-9-81-79-78-35-66-20-32-10-70-1
68,3,1029.4957,335.4724,415.0,926.5701,0,3,39.768,39.862737,True,94-95-92-98-85-91-44-14-42-73-72-39-67-23-41-15-38-86-16-84-5-99-59-37-97-87-43-57-2-21-74-75-56-4-25-55-54-24-80-68-77-12-26-58|28-33-3-29-34-65-71-30-69-31-88-61-96-22-40-76-50-51-9-81-79-78-35-66-20-32-10-70-1-13-100-93-17-83-60-89|27-52-7-82-45-48-47-36-19-62-63-90-11-64-49-46-8-18-6-53
69,3,1029.4957,335.4724,415.0,926.5701,0,3,39.768,39.862737,True,94-95-92-98-85-91-44-14-42-73-72-39-67-23-41-15-38-86-16-84-5-99-59-37-97-87-43-57-2-21-74-75-56-4-25-55-54-24-80-68-77-12-26-58|28-33-3-29-34-65-71-30-69-31-88-61-96-22-40-76-50-51-9-81-79-78-35-66-20-32-10-70-1-13-100-93-17-83-60-89|27-52-7-82-45-48-47-36-19-62-63-90-11-64-49-46-8-18-6-53
70,3,1029.848,349.2302,307.0,946.9499,0,3,28.968,29.057163,True,52-82-45-5-59-92-98-91-14-42-2-21-73-72-39-67-23-41-15-38-86-84-99-96-97-57-22-43-74-75-56-4-25-55-54-24-80-68-77-12-26|28-1-50-33-29-34-65-71-30-88-18-61-16-44-87-40-76-3-79-78-81-51-9-35-66-20-32-10-70-58-13-95-37-100-85-93-17-60-89|27-69-31-7-48-47-36-19-62-63-90-11-64-49-46-8-83-6-94-53
71,3,1030.7395,489.8631,146.0,941.203,0,3,46.006605,46.100169,True,27-69-52-45-48-47-36-19-63-90-62-11-64-49-46-8-83-84-5-6-53-26-55-25-21-58-13-96-93-98-100-91-17-60-89|94-95-92-37-14-44-42-2-73-72-39-67-23-41-15-38-86-16-61-85-99-59-97-87-43-57-74-75-56-4-54-24-80-68-77|28-29-3-33-71-65-30-88-7-82-18-40-22-12-76-50-51-9-81-79-78-34-35-66-20-32-10-31-70-1
72,3,1030.7395,489.8631,146.0,941.203,0,3,46.006605,46.100169,True,27-69-52-45-48-47-36-19-63-90-62-11-64-49-46-8-83-84-5-6-53-26-55-25-21-58-13-96-93-98-100-91-17-60-89|94-95-92-37-14-44-42-2-73-72-39-67-23-41-15-38-86-16-61-85-99-59-97-87-43-57-74-75-56-4-54-24-80-68-77|28-29-3-33-71-65-30-88-7-82-18-40-22-12-76-50-51-9-81-79-78-34-35-66-20-32-10-31-70-1
73,3,1030.9006,355.1304,304.0,964.3027,0,3,28.668,28.760667,True,52-82-45-5-59-92-98-91-14-42-2-21-73-72-39-67-23-41-15-44-38-86-61-84-99-96-97-43-57-74-75-56-4-25-55-54-24-80-68-77-12-26|28-50-33-29-34-65-71-30-88-18-16-87-22-40-76-3-79-78-81-51-9-35-66-20-32-10-70-58-13-95-37-100-85-93-17-60-83-89|27-1-69-31-62-7-48-47-36-19-11-63-90-64-49-46-8-6-94-53
74,9,1031.9096,4415.0354,212.0,799.4391,0,9,634.782441,635.452266,True,27-69-1-30-51-79-78-81-9-35-34-3-77-68-80|40-87-15-43-57-2-58|52-7-82-48-47-36-45-8-46-17-5-60-89|53-6-96-99-97-13|73-39-67-23-56-75-41-22-74-72-21-26|28-76-29-24-55-25-4-54-12|50-33-71-65-63-62-11-64-49-19-10-90-32-66-20-70|94-59-85-91-44-14-38-86-16-61-84-83-18-88-31|95-92-37-42-100-98-93
75,8,1032.1269,3646.3039,186.0,814.157,0,8,519.472712,520.026601,True,50-33-65-78-81-51-9-71-66-20-35-34-3-77-68-80-12|83-45-17-5-93-100-97-13-58|88-62-11-64-49-19-7-52|82-48-47-36-46-8-18-6-95-87-53|73-72-39-67-23-56-75-22-41-57-43-2-74-21-26|27-69-1-30-63-90-32-10-70-31|40-28-76-79-29-24-54-55-25-4|94-96-59-92-37-98-85-91-42-15-14-44-38-86-16-61-99-84-60-89
76,3,1033.1797,345.8985,339.0,946.9499,0,3,32.168,32.260863,True,52-82-45-5-59-92-98-91-14-42-2-21-73-72-39-67-23-41-15-44-38-16-86-99-96-97-57-22-43-74-75-56-4-25-55-54-24-80-68-77-12-26|28-1-50-33-29-34-65-71-30-62-88-18-84-61-87-40-76-3-79-81-51-9-78-35-66-20-32-10-70-58-13-95-37-100-85-93-17-60-89|27-69-31-7-48-47-36-19-11-63-90-64-49-46-8-83-6-94-53
77,3,1033.4513,469.8221,105.0,941.0849,0,3,43.000453,43.087706,True,27-69-52-45-48-47-36-19-63-90-62-11-64-49-46-8-82-53-22-75-56-25-55-21-58-13-37-100-85-93-17-60-89|94-95-92-98-91-44-14-42-73-72-39-67-23-41-15-38-86-16-84-5-99-96-59-97-87-43-57-2-74-4-54-24-80-68-77|28-33-3-29-34-65-71-30-31-88-7-18-83-61-6-40-26-12-76-50-51-9-81-79-78-35-66-20-32-10-70-1
78,3,1033.4513,469.8221,105.0,941.0849,0,3,43.000453,43.087706,True,27-69-52-45-48-47-36-19-63-90-62-11-64-49-46-8-82-53-22-75-56-25-55-21-58-13-37-100-85-93-17-60-89|94-95-92-98-91-44-14-42-73-72-39-67-23-41-15-38-86-16-84-5-99-96-59-97-87-43-57-2-74-4-54-24-80-68-77|28-33-3-29-34-65-71-30-31-88-7-18-83-61-6-40-26-12-76-50-51-9-81-79-78-35-66-20-32-10-70-1
79,3,1034.6734,494.8066,15.0,850.3182,0,3,46.74813,46.816883,True,28-50-1-69-31-63-30-76-33-71-65-34-29-21-73-40-53-79-78-81-51-9-35-66-20-32-10-70-3-77-68-80-12|27-52-7-45-36-47-88-62-90-11-64-49-19-48-82-46-8-18-84-5-6-94-95-13-2-97-37-100-85-93-17-83-60-89|96-59-92-98-42-91-44-14-15-72-39-67-23-22-57-87-99-61-16-86-38-43-41-74-75-56-4-25-55-24-54-26-58
80,3,1034.6734,494.8066,15.0,850.3182,0,3,46.74813,46.816883,True,28-50-1-69-31-63-30-76-33-71-65-34-29-21-73-40-53-79-78-81-51-9-35-66-20-32-10-70-3-77-68-80-12|27-52-7-45-36-47-88-62-90-11-64-49-19-48-82-46-8-18-84-5-6-94-95-13-2-97-37-100-85-93-17-83-60-89|96-59-92-98-42-91-44-14-15-72-39-67-23-22-57-87-99-61-16-86-38-43-41-74-75-56-4-25-55-24-54-26-58
81,3,1035.1904,456.0469,199.0,941.2476,0,3,40.93417,41.029303,True,27-1-69-45-48-47-36-19-62-63-90-11-64-49-46-8-82-18-53-26-55-25-21-58-13-95-37-100-93-17-83-60-89|94-96-92-98-85-91-44-14-42-73-72-39-67-23-41-15-38-86-16-61-84-5-99-59-97-87-43-57-2-74-75-56-4-54-24-80-68-77|28-33-3-29-34-65-71-30-31-88-7-52-6-40-22-12-76-50-51-9-81-79-78-35-66-20-32-10-70
82,3,1036.0032,474.9157,260.0,903.9612,0,3,43.764494,43.863208,True,26-21-2-15-42-14-37-92-45-36-47-48-18-99-85-44-38-86-16-61-84-5-6-94-87-57-41-43-97-95-96-59-93-98-100-91-17-83-60-89-13-58|28-1-50-33-29-39-67-23-22-73-40-53-76-81-34-78-79-3-68-54-4-72-74-75-56-25-55-24-80-77-12|27-69-31-62-11-64-63-65-71-9-51-30-90-88-19-49-46-8-82-7-10-32-66-35-20-70-52
83,3,1037.4232,332.1376,385.0,931.1628,0,3,36.768,36.862304,True,94-95-92-98-85-91-44-14-42-73-72-39-67-23-41-15-38-86-84-5-99-59-37-97-87-43-57-2-21-74-75-56-4-25-55-54-24-80-68-77-12-26-58|28-33-3-29-34-65-71-30-69-31-88-61-16-22-40-76-50-51-9-81-79-78-35-66-20-32-10-70-1-89-13-96-93-100-17-60|27-52-83-45-82-7-48-47-36-19-62-63-90-11-64-49-46-8-18-6-53
84,3,1037.4232,332.1376,385.0,931.1628,0,3,36.768,36.862304,True,94-95-92-98-85-91-44-14-42-73-72-39-67-23-41-15-38-86-84-5-99-59-37-97-87-43-57-2-21-74-75-56-4-25-55-54-24-80-68-77-12-26-58|28-33-3-29-34-65-71-30-69-31-88-61-16-22-40-76-50-51-9-81-79-78-35-66-20-32-10-70-1-89-13-96-93-100-17-60|27-52-83-45-82-7-48-47-36-19-62-63-90-11-64-49-46-8-18-6-53
85,3,1039.9476,334.758,445.0,923.7675,0,3,42.768,42.868345,True,94-96-92-37-98-85-91-44-14-42-73-72-39-67-23-41-15-22-38-86-84-5-59-97-87-43-57-2-21-74-75-56-4-25-55-54-24-80-68-3-77-12-26-58|28-27-69-33-29-65-71-30-62-88-18-61-16-99-40-76-50-1-51-9-81-79-78-34-35-66-20-32-10-70-31-13-95-100-93-17-60-89|52-7-82-45-48-47-36-19-11-63-90-64-49-46-8-83-6-53
86,3,1039.9476,334.758,445.0,923.7675,0,3,42.768,42.868345,True,94-96-92-37-98-85-91-44-14-42-73-72-39-67-23-41-15-22-38-86-84-5-59-97-87-43-57-2-21-74-75-56-4-25-55-54-24-80-68-3-77-12-26-58|28-27-69-33-29-65-71-30-62-88-18-61-16-99-40-76-50-1-51-9-81-79-78-34-35-66-20-32-10-70-31-13-95-100-93-17-60-89|52-7-82-45-48-47-36-19-11-63-90-64-49-46-8-83-6-53
87,3,1040.4539,480.3909,129.0,899.3459,0,3,44.58577,44.672848,True,94-95-92-98-91-44-14-42-73-72-39-67-23-41-15-38-16-61-84-5-99-96-59-37-97-87-2-21-74-75-56-4-25-55-54-24-80-68-77|28-69-33-3-29-34-65-71-30-31-88-18-6-53-40-26-12-76-50-51-9-81-79-78-35-66-20-32-10-70-1|27-52-45-48-47-36-19-11-64-63-90-62-7-82-8-49-46-86-57-22-43-100-85-17-83-60-93-13-58-89
88,3,1041.539,305.9965,426.0,938.6326,0,3,40.868,40.964838,True,94-96-92-37-98-85-45-91-44-14-42-73-72-39-67-23-41-15-38-86-16-84-5-99-59-97-87-43-57-2-21-74-75-56-4-25-55-54-24-80-68-77-12-26|28-1-50-3-29-33-71-65-30-31-88-18-61-22-40-76-51-9-81-79-78-34-35-66-20-32-10-70-58-13-95-100-93-17-83-60-89|27-69-52-7-82-48-47-36-19-11-63-90-62-64-49-46-8-6-53
89,3,1041.539,305.9965,426.0,938.6326,0,3,40.868,40.964838,True,94-96-92-37-98-85-45-91-44-14-42-73-72-39-67-23-41-15-38-86-16-84-5-99-59-97-87-43-57-2-21-74-75-56-4-25-55-54-24-80-68-77-12-26|28-1-50-3-29-33-71-65-30-31-88-18-61-22-40-76-51-9-81-79-78-34-35-66-20-32-10-70-58-13-95-100-93-17-83-60-89|27-69-52-7-82-48-47-36-19-11-63-90-62-64-49-46-8-6-53
90,3,1042.4716,354.3122,280.0,946.9499,0,3,26.268,26.359013,True,52-82-45-5-59-92-98-91-14-42-2-21-73-72-39-67-23-41-15-44-38-86-99-96-97-43-57-74-75-56-4-25-55-54-24-80-68-77-12-26|28-50-33-29-34-65-71-30-88-18-16-61-87-22-40-76-3-79-51-78-81-9-35-66-20-32-10-70-58-13-95-37-100-85-93-17-60-89|27-1-69-31-7-48-47-36-19-62-63-90-11-64-49-46-8-83-84-6-94-53
91,3,1042.5091,463.5984,165.0,943.919,0,3,42.066897,42.162359,True,27-52-7-82-45-48-47-36-19-62-63-90-11-64-49-46-8-18-53-26-22-55-25-21-58-13-96-93-100-85-17-83-60-89|94-95-92-37-98-91-44-14-42-73-72-39-67-23-41-15-38-86-16-84-5-99-59-97-87-43-57-2-74-75-56-4-54-24-80-68-77|28-33-3-29-34-65-71-30-69-31-88-61-6-40-12-76-50-51-9-81-79-78-35-66-20-32-10-70-1
92,3,1042.6441,351.7173,280.0,946.9499,0,3,26.268,26.358675,True,52-82-45-5-59-92-98-91-14-42-2-21-73-72-39-67-23-41-15-44-38-86-99-96-97-43-57-74-75-56-4-25-55-54-24-80-68-77-12-26|28-50-33-29-34-65-71-30-88-18-61-16-87-22-40-76-3-79-78-81-51-9-35-66-20-32-10-70-58-13-95-37-100-85-93-17-60-89|27-1-69-31-7-48-47-36-19-63-90-62-11-64-49-8-46-83-84-6-94-53
93,3,1042.6822,289.5199,430.0,938.6326,0,3,41.268,41.363109,True,94-96-92-37-98-85-45-91-44-14-42-73-72-39-67-23-41-15-38-86-16-84-5-99-59-97-87-43-57-2-21-74-75-56-4-25-55-54-24-80-68-77-12-26|1-50-33-3-29-65-71-30-69-31-88-18-61-22-40-53-76-51-9-81-79-78-34-35-66-20-32-10-70-58-13-95-100-93-17-83-60-89|28-27-52-7-82-48-47-36-19-62-11-63-90-64-49-46-8-6
94,3,1042.6822,289.5199,430.0,938.6326,0,3,41.268,41.363109,True,94-96-92-37-98-85-45-91-44-14-42-73-72-39-67-23-41-15-38-86-16-84-5-99-59-97-87-43-57-2-21-74-75-56-4-25-55-54-24-80-68-77-12-26|1-50-33-3-29-65-71-30-69-31-88-18-61-22-40-53-76-51-9-81-79-78-34-35-66-20-32-10-70-58-13-95-100-93-17-83-60-89|28-27-52-7-82-48-47-36-19-62-11-63-90-64-49-46-8-6
95,3,1042.7999,480.8423,219.0,877.7781,0,3,44.653484,44.747098,True,26-21-2-15-42-14-92-83-45-36-47-48-18-99-37-44-38-86-16-61-84-6-94-95-87-57-41-43-97-96-59-93-98-100-91-85-17-5-60-89|28-1-50-33-29-39-67-23-22-73-40-53-76-81-34-78-79-3-68-54-4-72-74-75-56-25-55-24-80-77-12-58-13|27-69-31-62-11-64-63-65-71-9-51-30-90-88-19-49-46-8-82-7-10-32-66-35-20-70-52
96,3,1044.2324,341.1403,291.0,948.7903,0,3,27.368,27.458941,True,52-82-45-5-59-92-98-37-14-42-2-21-73-72-39-67-23-41-15-44-16-61-99-96-97-57-22-43-74-75-56-4-25-55-54-24-80-68-77-12|28-50-33-29-34-65-71-30-88-18-86-38-87-40-26-76-3-79-51-9-81-78-35-66-20-32-10-70-58-13-95-100-91-85-93-17-60-89|27-1-69-31-7-48-47-36-19-62-63-90-11-64-49-46-8-83-84-6-94-53
97,3,1047.0748,452.5867,166.0,933.5808,0,3,40.41514,40.508869,True,27-1-52-45-82-48-47-36-19-62-63-90-11-64-49-46-8-7-18-6-94-13-21-25-55-58-96-93-100-85-17-83-60-89|95-59-92-98-91-44-14-42-73-72-39-67-23-41-15-38-86-16-61-84-5-99-37-97-87-43-57-2-74-75-56-4-54-24-80-68-77-12|28-33-3-29-34-65-71-30-88-31-69-53-40-22-26-76-50-51-9-81-79-78-35-66-20-32-10-70
98,3,1047.0748,452.5867,166.0,933.5808,0,3,40.41514,40.508869,True,27-1-52-45-82-48-47-36-19-62-63-90-11-64-49-46-8-7-18-6-94-13-21-25-55-58-96-93-100-85-17-83-60-89|95-59-92-98-91-44-14-42-73-72-39-67-23-41-15-38-86-16-61-84-5-99-37-97-87-43-57-2-74-75-56-4-54-24-80-68-77-12|28-33-3-29-34-65-71-30-88-31-69-53-40-22-26-76-50-51-9-81-79-78-35-66-20-32-10-70
99,3,1047.1336,491.1423,74.0,939.7765,0,3,46.198476,46.289736,True,83-45-48-47-36-19-88-62-63-90-11-64-49-46-8-82-18-6-94-53-26-55-25-21-58-13-95-59-93-100-85-17-60-89|96-92-98-91-14-44-42-2-73-72-39-67-23-41-15-38-86-16-61-84-5-37-97-87-43-57-74-75-56-4-54-24-80-68-77|28-3-29-33-65-71-30-1-69-27-99-22-40-12-76-50-51-9-81-79-78-34-35-66-20-32-10-70-31-7-52
100,3,1047.2686,458.1064,131.0,943.1865,0,3,41.2431,41.335657,True,27-69-52-82-48-47-36-19-62-63-90-11-64-49-46-8-40-21-22-74-75-56-25-55-26-58-13-95-100-93-17-83-60-89|94-92-37-98-85-45-91-44-14-42-73-72-39-67-23-41-15-38-86-61-84-5-99-59-97-87-43-57-2-4-54-24-80-68-77|28-33-3-29-34-65-71-30-31-88-7-18-16-96-6-53-12-76-50-51-9-81-79-78-35-66-20-32-10-70-1
101,3,1047.3653,330.1689,423.0,936.9962,0,3,40.568,40.669666,True,94-96-92-37-98-85-45-91-44-14-42-73-72-39-67-23-41-15-38-86-84-5-99-59-97-87-43-57-2-21-74-75-56-4-25-55-54-24-80-68-3-77-12-26-58|50-33-29-65-71-30-62-88-52-18-61-16-22-40-76-51-9-81-79-78-34-35-66-20-32-10-70-1-13-95-100-93-17-83-60-89|28-27-69-31-7-82-48-47-36-19-11-63-90-64-49-46-8-6-53
102,3,1047.4982,313.9485,420.0,938.6326,0,3,40.268,40.367218,True,94-96-92-37-98-85-45-91-44-14-42-73-72-39-67-23-41-15-38-86-84-5-99-59-97-87-43-57-2-21-74-75-56-4-25-55-54-24-80-68-3-77-12-26|28-1-50-33-29-65-71-30-31-88-18-61-16-22-40-76-51-9-81-79-78-34-35-66-20-32-10-70-58-13-95-100-93-17-83-60-89|27-69-52-7-82-48-47-36-19-11-63-90-62-64-49-46-8-6-53
103,3,1048.2079,484.53,186.0,888.8297,0,3,45.206628,45.300776,True,27-52-7-82-48-47-36-19-88-62-63-90-11-64-49-46-8-18-6-94-53-13-97-100-85-93-96-5-17-83-60-89|45-95-92-98-91-14-42-15-73-72-39-67-23-22-41-87-44-38-86-99-59-37-43-57-2-21-74-75-56-4-25-55-54-24-80-68-77-12-26-58|28-50-33-69-31-30-71-65-34-29-79-3-76-40-16-61-84-1-51-9-81-78-35-66-20-32-10-70
104,3,1048.413,477.5639,144.0,930.9237,0,3,44.161713,44.256991,True,27-52-83-45-82-48-47-36-19-62-11-63-90-64-49-46-8-18-6-94-53-26-55-25-21-58-13-96-93-100-85-17-60-89|95-92-98-91-44-14-42-73-72-39-67-23-41-15-38-86-61-84-5-99-59-37-97-87-43-57-2-74-75-56-4-54-24-80-68-77-12|28-50-33-29-34-65-71-30-69-88-7-16-22-40-76-3-79-78-81-51-9-35-66-20-32-10-31-70-1
105,3,1048.9965,457.7602,109.0,944.5682,0,3,41.191167,41.282197,True,27-69-52-45-48-47-36-19-63-90-62-11-64-49-46-8-82-7-53-22-56-25-55-21-58-13-93-100-85-17-83-60-89|94-95-92-98-91-44-14-42-73-72-39-67-23-41-15-38-86-84-5-99-96-59-37-97-87-43-57-2-74-75-4-54-24-80-68-77|28-33-3-29-34-65-71-30-31-88-18-61-16-6-40-26-12-76-50-51-9-81-79-78-35-66-20-32-10-70-1
106,3,1049.7273,469.2643,144.0,941.1497,0,3,42.916784,43.012746,True,27-52-83-45-82-48-47-36-19-62-11-63-90-64-49-46-8-18-6-53-26-55-25-21-58-13-94-96-93-100-85-17-60-89|95-92-98-91-44-14-42-73-72-39-67-23-41-15-38-86-61-84-5-99-59-37-97-87-43-57-2-74-75-56-4-54-24-80-68-77-12|28-33-3-29-34-65-71-30-69-31-88-7-16-22-40-76-50-51-9-81-79-78-35-66-20-32-10-70-1
107,3,1050.6349,346.1489,321.0,946.9499,0,3,30.368,30.464337,True,52-82-45-5-59-92-98-91-14-42-2-21-73-72-39-67-23-41-15-44-38-86-61-99-96-97-43-57-74-75-56-4-25-55-54-24-80-68-77-12-26|28-50-33-29-34-65-71-30-31-88-18-16-87-22-40-76-3-79-78-81-51-9-35-66-20-32-10-70-58-13-95-37-100-85-93-17-60-89|27-1-69-7-62-63-64-36-47-48-19-90-11-49-46-8-83-84-6-94-53
108,3,1050.6885,456.6944,162.0,929.5409,0,3,41.031287,41.125711,True,27-52-83-45-82-48-47-36-19-62-11-63-90-64-49-46-8-18-6-53-26-55-25-21-58-13-95-100-85-93-17-60-89|94-96-92-98-91-44-14-42-73-72-39-67-23-41-15-38-86-61-84-5-99-59-37-97-87-43-57-2-74-75-56-4-54-24-80-68-77-12|28-33-3-29-34-65-71-30-69-31-88-7-16-22-40-76-50-51-9-81-79-78-35-66-20-32-10-70-1
109,3,1050.7113,466.2473,152.0,940.9237,0,3,42.464226,42.560797,True,27-52-82-45-48-47-36-19-62-11-63-90-64-49-46-8-83-18-6-53-26-55-25-4-21-58-13-96-93-100-85-17-60-89|94-95-92-37-98-91-44-14-42-73-72-39-67-23-41-15-38-86-61-84-5-99-59-97-87-43-57-2-74-75-56-54-24-80-68-77-12|28-33-3-29-34-65-71-30-69-31-88-7-16-22-40-76-50-51-9-81-79-78-35-66-20-32-10-70-1
110,3,1050.8268,466.4563,134.0,941.2483,0,3,42.495585,42.59047,True,27-52-83-45-48-47-36-19-62-11-63-90-64-49-46-8-82-18-6-94-53-26-55-25-21-58-13-96-93-98-100-85-17-60-89|95-92-37-91-44-14-42-73-72-39-67-23-41-15-38-86-61-84-5-99-59-97-87-43-57-2-74-75-56-4-54-24-80-68-77-12|28-33-3-29-34-65-71-30-69-31-88-7-16-22-40-76-50-51-9-81-79-78-35-66-20-32-10-70-1
111,3,1051.1709,345.6129,285.0,946.9499,0,3,26.768,26.860817,True,52-82-45-59-92-98-91-14-42-2-21-73-72-39-67-23-41-15-44-86-16-99-96-97-57-22-43-74-75-56-4-25-55-54-24-80-68-77-12-26|28-50-33-29-34-65-71-30-88-18-5-61-38-87-40-76-3-79-51-9-81-78-35-66-20-32-10-70-58-13-95-37-100-85-93-17-60-89|27-1-69-31-7-48-47-36-19-62-63-90-11-64-49-46-8-83-84-6-94-53
112,3,1051.1794,345.6043,287.0,946.9499,0,3,26.968,27.061019,True,52-82-45-5-59-92-98-91-14-42-2-21-73-72-39-67-23-41-15-44-86-16-99-96-97-57-22-43-74-75-56-4-25-55-54-24-80-68-77-12-26|28-50-33-29-34-65-71-30-88-18-61-38-87-40-76-3-79-51-9-81-78-35-66-20-32-10-70-58-13-95-37-100-85-93-17-60-89|27-1-69-31-7-48-47-36-19-62-63-90-11-64-49-46-8-83-84-6-94-53
113,3,1051.1794,345.6043,287.0,946.9499,0,3,26.968,27.061019,True,52-82-45-5-59-92-98-91-14-42-2-21-73-72-39-67-23-41-15-44-86-16-99-96-97-57-22-43-74-75-56-4-25-55-54-24-80-68-77-12-26|28-50-33-29-34-65-71-30-88-18-61-38-87-40-76-3-79-51-9-81-78-35-66-20-32-10-70-58-13-95-37-100-85-93-17-60-89|27-1-69-31-7-48-47-36-19-62-63-90-11-64-49-46-8-83-84-6-94-53
114,3,1051.7498,345.0339,287.0,946.9499,0,3,26.968,27.061104,True,52-82-45-5-59-92-98-91-14-42-2-21-73-72-39-67-23-41-15-44-86-16-99-96-97-57-22-43-74-75-56-4-25-55-54-24-80-68-77-12-26|28-50-33-29-34-65-71-30-88-18-61-38-87-40-76-3-79-9-51-81-78-35-66-20-32-10-70-58-13-95-37-100-85-93-17-60-89|27-1-69-31-7-48-47-36-19-62-63-90-11-64-49-46-8-83-84-6-94-53
115,3,1051.8318,467.1598,144.0,941.1497,0,3,42.601104,42.697382,True,27-52-83-45-48-47-36-19-62-11-63-90-64-49-46-8-82-18-6-53-26-55-25-21-58-13-94-96-93-100-85-17-60-89|95-92-98-91-44-14-42-73-72-39-67-23-41-15-38-86-61-84-5-99-59-37-97-87-43-57-2-74-75-56-4-54-24-80-68-77-12|28-33-3-29-34-65-71-30-69-31-88-7-16-22-40-76-50-51-9-81-79-78-35-66-20-32-10-70-1
116,3,1052.0508,456.8897,33.0,929.5409,0,3,41.060583,41.142544,True,27-69-52-45-48-47-36-19-63-90-62-11-64-49-46-8-83-84-5-6-53-26-55-25-21-58-13-95-100-85-93-17-60-89|94-96-92-37-14-42-2-73-72-39-67-23-41-15-44-38-16-61-86-91-98-97-87-43-57-74-75-56-4-54-24-80-68-77|28-33-3-29-65-71-30-88-7-82-18-99-59-22-40-12-76-50-51-9-81-79-78-34-35-66-20-32-10-31-70-1
117,3,1052.0508,456.8897,33.0,929.5409,0,3,41.060583,41.142544,True,27-69-52-45-48-47-36-19-63-90-62-11-64-49-46-8-83-84-5-6-53-26-55-25-21-58-13-95-100-85-93-17-60-89|94-96-92-37-14-42-2-73-72-39-67-23-41-15-44-38-16-61-86-91-98-97-87-43-57-74-75-56-4-54-24-80-68-77|28-33-3-29-65-71-30-88-7-82-18-99-59-22-40-12-76-50-51-9-81-79-78-34-35-66-20-32-10-31-70-1
118,3,1052.4268,467.7072,148.0,878.5531,0,3,42.683217,42.770766,True,27-52-7-82-45-48-47-36-19-62-63-90-88-11-64-49-46-8-18-6-94-53-21-13-97-100-85-93-5-17-83-60-89|95-92-14-42-15-73-72-39-67-23-22-41-87-44-38-86-84-99-96-59-98-37-43-57-2-74-75-56-4-25-55-54-24-80-68-77-12-58|28-50-33-1-69-30-71-65-34-29-79-3-76-26-40-91-16-61-51-9-81-78-35-66-20-32-10-70-31
119,3,1052.4268,467.7072,148.0,878.5531,0,3,42.683217,42.770766,True,27-52-7-82-45-48-47-36-19-62-63-90-88-11-64-49-46-8-18-6-94-53-21-13-97-100-85-93-5-17-83-60-89|95-92-14-42-15-73-72-39-67-23-22-41-87-44-38-86-84-99-96-59-98-37-43-57-2-74-75-56-4-25-55-54-24-80-68-77-12-58|28-50-33-1-69-30-71-65-34-29-79-3-76-26-40-91-16-61-51-9-81-78-35-66-20-32-10-70-31
120,3,1053.3165,439.8598,149.0,943.1865,0,3,38.506101,38.599535,True,27-1-69-52-82-48-47-36-19-62-63-90-11-64-49-46-8-40-21-22-75-56-25-55-26-58-13-95-100-93-17-83-60-89|94-92-37-98-85-45-91-44-14-42-73-72-39-67-23-41-15-38-86-61-84-5-99-59-97-87-43-57-2-74-4-54-24-80-68-77|28-33-3-29-34-65-71-30-31-88-7-18-16-96-6-53-12-76-50-51-9-81-79-78-35-66-20-32-10-70
121,3,1053.3165,439.8598,149.0,943.1865,0,3,38.506101,38.599535,True,27-1-69-52-82-48-47-36-19-62-63-90-11-64-49-46-8-40-21-22-75-56-25-55-26-58-13-95-100-93-17-83-60-89|94-92-37-98-85-45-91-44-14-42-73-72-39-67-23-41-15-38-86-61-84-5-99-59-97-87-43-57-2-74-4-54-24-80-68-77|28-33-3-29-34-65-71-30-31-88-7-18-16-96-6-53-12-76-50-51-9-81-79-78-35-66-20-32-10-70
122,3,1054.0656,455.0705,273.0,920.4458,0,3,40.78771,40.892639,True,52-48-47-36-45-94-95-92-98-42-15-14-44-38-86-16-61-99-59-87-2-57-41-22-73-21-40-53-6-96-5-84-46-17-91-43-97-58-13-37-100-85-93-60-89|28-12-33-50-76-26-39-23-67-29-78-34-9-81-79-3-68-54-72-74-75-56-4-25-55-24-80-77|27-69-31-62-11-63-65-71-51-30-90-64-49-19-88-18-83-8-82-7-10-32-66-35-20-70-1
123,3,1054.4313,454.3344,144.0,930.9237,0,3,40.677296,40.770896,True,27-52-83-45-48-47-36-19-62-11-63-90-64-49-46-8-82-18-6-94-53-26-55-25-21-58-13-96-93-100-85-17-60-89|95-92-98-91-44-14-42-73-72-39-67-23-41-15-38-86-61-84-5-99-59-37-97-87-43-57-2-74-75-56-4-54-24-80-68-77-12|28-33-3-29-34-65-71-30-69-31-88-7-16-22-40-76-50-51-9-81-79-78-35-66-20-32-10-70-1
124,3,1054.8226,291.2908,421.0,938.6326,0,3,40.368,40.466117,True,94-96-92-37-98-85-91-44-14-42-73-72-39-67-23-41-15-38-86-16-84-5-99-59-97-87-43-57-2-21-74-75-56-4-25-55-54-24-80-68-3-77-12-26|28-1-50-33-29-65-71-30-31-88-18-61-22-40-53-76-51-9-81-79-78-34-35-66-20-32-10-70-58-13-95-100-93-17-83-60-89|27-52-7-82-45-48-47-36-19-11-63-69-62-90-64-49-46-8-6
125,3,1054.944,450.2856,134.0,943.0411,0,3,40.069979,40.163943,True,27-69-52-82-48-47-36-19-62-63-90-11-64-49-46-8-6-2-22-56-55-25-58-13-96-93-98-100-85-17-83-60-89|94-95-92-5-45-91-44-14-42-73-72-39-67-23-41-15-38-86-16-84-99-59-37-97-87-43-57-21-74-75-4-54-24-80-68-77|28-50-33-3-29-34-65-71-30-31-88-7-18-61-53-40-26-12-76-51-9-81-79-78-35-66-20-32-10-70-1
126,3,1055.163,451.9287,161.0,941.1497,0,3,40.316434,40.413126,True,27-52-83-45-82-48-47-36-19-62-63-90-11-64-49-46-8-7-18-6-53-26-55-25-21-58-13-94-96-93-100-85-17-60-89|95-92-98-91-44-14-42-73-72-39-67-23-41-15-38-86-16-84-5-99-59-37-97-87-43-57-2-74-75-56-4-54-24-80-68-77-12|28-33-3-29-34-65-71-30-1-69-31-88-61-22-40-76-50-51-9-81-79-78-35-66-20-32-10-70
127,3,1055.3377,447.93,132.0,888.8297,0,3,39.716629,39.802026,True,27-52-83-45-82-48-47-36-19-62-63-90-88-11-64-49-46-8-7-18-6-94-53-21-13-97-100-85-93-17-5-60-89|95-92-98-91-14-42-15-73-72-39-67-23-22-41-44-38-86-84-99-96-59-37-43-57-2-74-75-56-4-25-55-54-24-80-68-77-12-26-58|28-50-33-1-69-30-71-65-34-29-79-3-76-40-87-16-61-31-51-9-81-78-35-66-20-32-10-70
128,3,1055.3377,447.93,132.0,888.8297,0,3,39.716629,39.802026,True,27-52-83-45-82-48-47-36-19-62-63-90-88-11-64-49-46-8-7-18-6-94-53-21-13-97-100-85-93-17-5-60-89|95-92-98-91-14-42-15-73-72-39-67-23-22-41-44-38-86-84-99-96-59-37-43-57-2-74-75-56-4-25-55-54-24-80-68-77-12-26-58|28-50-33-1-69-30-71-65-34-29-79-3-76-40-87-16-61-31-51-9-81-78-35-66-20-32-10-70
129,3,1055.6898,449.4927,101.0,942.994,0,3,39.951038,40.0418,True,27-69-52-82-48-47-36-19-62-63-90-11-64-49-46-8-6-53-21-22-75-25-55-58-13-93-98-100-85-17-83-60-89|94-95-92-96-5-45-91-44-14-42-73-72-39-67-23-41-15-38-86-84-99-59-37-97-87-43-57-2-74-56-4-54-24-80-68-77|28-33-3-29-34-65-71-30-31-88-7-18-61-16-40-26-12-76-50-51-9-81-79-78-35-66-20-32-10-70-1
130,3,1056.6155,338.5964,341.0,986.309,0,3,32.368,32.472902,True,95-92-98-44-14-42-2-73-39-67-23-41-15-38-86-61-84-5-99-59-37-97-87-43-57-21-72-74-75-56-4-25-55-54-24-80-68-77-12-26|28-50-33-29-34-65-71-30-31-88-18-16-91-22-40-76-3-79-78-81-51-9-35-66-20-32-10-70-1-13-89-60-83-17-85-100-93-96-94-58|45-82-52-27-69-7-48-47-36-19-62-63-90-11-64-49-46-8-6-53
131,3,1056.6563,324.4722,431.0,924.3137,0,3,41.368,41.470497,True,94-96-92-37-98-85-91-44-14-42-73-72-39-67-23-41-15-38-86-16-84-5-99-59-97-87-43-57-2-21-74-75-56-4-25-55-54-24-80-68-3-77-12-26-58|50-33-1-69-28-29-65-71-30-31-88-18-61-22-40-76-51-9-81-79-78-34-35-66-20-32-10-70-13-95-100-93-17-83-60-89|27-52-7-45-48-47-36-19-62-11-63-90-64-49-46-8-82-6-53
132,3,1056.6563,324.4722,431.0,924.3137,0,3,41.368,41.470497,True,94-96-92-37-98-85-91-44-14-42-73-72-39-67-23-41-15-38-86-16-84-5-99-59-97-87-43-57-2-21-74-75-56-4-25-55-54-24-80-68-3-77-12-26-58|50-33-1-69-28-29-65-71-30-31-88-18-61-22-40-76-51-9-81-79-78-34-35-66-20-32-10-70-13-95-100-93-17-83-60-89|27-52-7-45-48-47-36-19-62-11-63-90-64-49-46-8-82-6-53
133,3,1059.5092,450.8141,78.0,930.9237,0,3,40.149252,40.237247,True,27-69-52-45-48-47-36-19-63-90-62-11-64-49-46-8-83-84-5-6-53-26-55-25-21-58-13-96-93-100-85-17-60-89|94-95-92-98-91-14-42-2-73-72-39-67-23-41-15-44-38-86-61-99-59-37-97-87-43-57-74-75-56-4-54-24-80-68-77|28-33-3-29-65-71-30-88-7-82-18-16-22-40-12-76-50-51-9-81-79-78-34-35-66-20-32-10-31-70-1
134,3,1059.8953,446.6098,128.0,943.919,0,3,39.518604,39.613034,True,27-69-52-82-48-47-36-19-11-63-90-62-64-49-46-8-18-6-53-22-55-25-21-58-13-96-93-100-85-17-83-60-89|94-95-92-45-44-14-42-73-72-39-67-23-41-15-38-86-84-5-99-59-98-37-97-87-43-57-2-74-75-56-4-54-24-80-68-77|28-33-3-29-34-65-71-30-31-88-7-61-16-91-40-26-12-76-50-51-9-81-79-78-35-66-20-32-10-70-1
135,3,1061.7427,336.4845,356.0,937.2201,0,3,33.868,33.96826,True,94-96-92-37-98-85-45-91-44-14-42-73-72-39-67-23-41-15-38-86-99-59-97-87-43-57-2-21-74-75-56-4-25-55-54-24-80-68-3-77-12-26|27-28-50-33-29-65-71-30-69-31-18-61-16-22-40-76-51-9-81-79-78-34-35-66-20-32-10-70-1-58-13-95-100-93-17-60-89|52-7-82-48-47-36-19-62-11-63-90-88-64-49-46-8-83-84-5-6-53
136,3,1061.7427,336.4845,356.0,937.2201,0,3,33.868,33.96826,True,94-96-92-37-98-85-45-91-44-14-42-73-72-39-67-23-41-15-38-86-99-59-97-87-43-57-2-21-74-75-56-4-25-55-54-24-80-68-3-77-12-26|27-28-50-33-29-65-71-30-69-31-18-61-16-22-40-76-51-9-81-79-78-34-35-66-20-32-10-70-1-58-13-95-100-93-17-60-89|52-7-82-48-47-36-19-62-11-63-90-88-64-49-46-8-83-84-5-6-53
137,3,1062.312,363.2896,344.0,938.9984,0,3,32.668,32.771519,True,83-45-5-59-92-98-85-91-44-14-42-73-72-39-67-23-41-15-38-86-84-99-96-94-95-97-87-43-57-2-74-75-56-4-25-55-54-24-80-68-77-12|28-1-50-3-29-33-65-71-51-30-88-61-16-40-76-79-78-34-81-9-35-66-20-32-10-70-31-58-13-37-100-93-17-60-89|27-52-69-7-82-48-47-36-19-62-63-90-11-64-49-46-8-18-6-53-22-21-26
138,3,1062.312,363.2896,344.0,938.9984,0,3,32.668,32.771519,True,83-45-5-59-92-98-85-91-44-14-42-73-72-39-67-23-41-15-38-86-84-99-96-94-95-97-87-43-57-2-74-75-56-4-25-55-54-24-80-68-77-12|28-1-50-3-29-33-65-71-51-30-88-61-16-40-76-79-78-34-81-9-35-66-20-32-10-70-31-58-13-37-100-93-17-60-89|27-52-69-7-82-48-47-36-19-62-63-90-11-64-49-46-8-18-6-53-22-21-26
139,3,1063.1928,322.3799,304.0,949.9332,0,3,28.668,28.763287,True,45-5-59-92-37-98-91-44-14-42-73-72-39-67-23-41-15-38-86-61-84-99-96-97-43-57-2-21-74-75-56-4-25-55-54-24-80-68-3-77-12-26|50-33-1-69-29-65-71-30-31-88-18-16-87-22-40-76-51-9-81-79-78-34-35-66-20-32-10-70-58-13-95-100-85-93-17-83-60-89|28-27-52-7-82-48-47-36-19-62-11-63-90-64-49-46-8-6-94-53
140,3,1063.1928,322.3799,304.0,949.9332,0,3,28.668,28.763287,True,45-5-59-92-37-98-91-44-14-42-73-72-39-67-23-41-15-38-86-61-84-99-96-97-43-57-2-21-74-75-56-4-25-55-54-24-80-68-3-77-12-26|50-33-1-69-29-65-71-30-31-88-18-16-87-22-40-76-51-9-81-79-78-34-35-66-20-32-10-70-58-13-95-100-85-93-17-83-60-89|28-27-52-7-82-48-47-36-19-62-11-63-90-64-49-46-8-6-94-53
141,3,1064.4568,296.9899,410.0,938.6326,0,3,39.268,39.368762,True,94-96-92-37-98-85-45-91-44-14-42-2-73-39-67-23-41-15-38-86-84-5-99-59-97-87-43-57-21-72-74-75-56-4-25-55-54-24-80-68-3-77-12-26|50-33-1-69-29-65-71-30-31-88-18-61-16-22-40-76-51-9-81-79-78-34-35-66-20-32-10-70-58-13-95-100-93-17-83-60-89|28-27-52-7-82-48-47-36-19-62-11-63-90-64-49-46-8-6-53
142,3,1064.4568,296.9899,410.0,938.6326,0,3,39.268,39.368762,True,94-96-92-37-98-85-45-91-44-14-42-2-73-39-67-23-41-15-38-86-84-5-99-59-97-87-43-57-21-72-74-75-56-4-25-55-54-24-80-68-3-77-12-26|50-33-1-69-29-65-71-30-31-88-18-61-16-22-40-76-51-9-81-79-78-34-35-66-20-32-10-70-58-13-95-100-93-17-83-60-89|28-27-52-7-82-48-47-36-19-62-11-63-90-64-49-46-8-6-53
143,3,1064.7761,462.0762,112.0,860.9983,0,3,41.838561,41.922737,True,50-28-69-1-33-71-65-34-29-21-73-2-53-40-76-3-79-81-78-51-9-35-66-20-32-10-70-77-68-80-12|27-52-7-82-45-48-47-19-11-63-62-88-31-30-90-64-49-8-46-84-18-6-94-13-95-97-37-98-100-91-85-93-17-5-60-89|36-83-96-59-92-14-44-42-15-72-39-67-23-22-57-87-99-61-16-86-38-43-41-74-75-56-4-25-55-24-54-26-58
144,3,1064.7761,462.0762,112.0,860.9983,0,3,41.838561,41.922737,True,50-28-69-1-33-71-65-34-29-21-73-2-53-40-76-3-79-81-78-51-9-35-66-20-32-10-70-77-68-80-12|27-52-7-82-45-48-47-19-11-63-62-88-31-30-90-64-49-8-46-84-18-6-94-13-95-97-37-98-100-91-85-93-17-5-60-89|36-83-96-59-92-14-44-42-15-72-39-67-23-22-57-87-99-61-16-86-38-43-41-74-75-56-4-25-55-24-54-26-58
145,3,1065.158,280.9553,437.0,938.6326,0,3,41.968,42.069267,True,94-96-92-37-98-85-45-91-44-14-42-73-72-39-67-23-41-15-38-86-61-84-5-99-59-97-87-43-57-2-21-74-75-56-4-25-55-54-24-80-68-3-77-12-26|50-33-1-69-29-65-71-30-31-88-18-16-22-40-53-76-51-9-81-79-78-34-35-66-20-32-10-70-58-13-95-100-93-17-83-60-89|28-27-52-7-82-48-47-36-19-62-11-63-90-64-49-46-8-6
146,3,1065.3038,295.6488,420.0,934.3257,0,3,40.268,40.369169,True,94-96-92-98-85-45-91-44-14-42-73-72-39-67-23-41-15-38-86-61-84-5-99-59-97-87-43-57-2-21-74-75-56-4-25-55-54-24-80-68-77-12-26-58|50-33-1-69-3-29-65-71-30-31-88-18-16-22-40-76-51-9-81-79-78-34-35-66-20-32-10-70-13-95-37-100-93-17-83-60-89|28-27-52-7-82-48-47-36-19-62-11-63-90-64-49-46-8-6-53
147,3,1065.3038,295.6488,420.0,934.3257,0,3,40.268,40.369169,True,94-96-92-98-85-45-91-44-14-42-73-72-39-67-23-41-15-38-86-61-84-5-99-59-97-87-43-57-2-21-74-75-56-4-25-55-54-24-80-68-77-12-26-58|50-33-1-69-3-29-65-71-30-31-88-18-16-22-40-76-51-9-81-79-78-34-35-66-20-32-10-70-13-95-37-100-93-17-83-60-89|28-27-52-7-82-48-47-36-19-62-11-63-90-64-49-46-8-6-53
148,3,1067.2285,436.0392,200.0,888.8297,0,3,37.933006,38.026987,True,52-7-82-48-47-36-63-11-19-62-88-31-69-1-50-51-30-90-64-49-46-8-18-84-96-6-94-13-2-97-95-37-100-85-93-17-5-60-89|83-45-27-59-92-98-91-44-14-42-15-73-21-40-23-22-57-87-99-61-16-86-38-43-41-74-75-56-4-25-55-54-24-80-68-77-12-26-58|28-3-33-65-34-29-67-39-72-53-76-79-78-71-9-81-35-66-20-32-10-70
149,3,1067.2335,438.9174,128.0,943.9624,0,3,38.364747,38.460231,True,27-69-52-7-48-47-36-19-62-63-90-11-64-49-46-8-82-6-53-26-55-25-21-58-13-100-91-85-93-17-83-60-89|94-95-92-96-5-45-44-14-42-73-72-39-67-23-41-15-38-86-61-84-99-59-98-37-97-43-57-2-74-75-56-4-54-24-80-68-77|28-33-3-29-65-71-30-31-88-18-16-87-22-40-12-76-50-51-9-81-79-78-34-35-66-20-32-10-70-1
150,3,1067.3239,440.1652,119.0,943.919,0,3,38.55191,38.646702,True,27-1-7-82-45-48-47-36-19-62-63-90-11-64-49-46-8-6-53-26-22-55-25-21-58-13-96-93-100-85-17-83-60-89|94-95-92-98-91-44-14-42-73-72-39-67-23-41-15-38-86-84-5-99-59-37-97-87-43-57-2-74-75-56-4-54-24-80-68-77|28-33-3-29-34-65-71-30-69-88-52-18-61-16-40-12-76-50-51-9-81-79-78-35-66-20-32-10-70-31
151,3,1067.3793,443.9737,53.0,961.3633,0,3,39.12319,39.214586,True,27-1-69-52-82-48-47-36-19-62-63-90-11-64-49-46-8-7-18-6-94-53-26-55-25-21-58-13-93-37-100-91-85-17-60-96-89|83-45-92-42-14-44-15-73-72-39-67-23-22-41-38-86-16-61-84-5-98-97-43-57-2-74-75-56-4-54-24-80-68-77|28-50-33-3-29-34-65-71-30-31-88-99-59-95-87-40-12-76-51-9-81-79-78-35-66-20-32-10-70
152,3,1067.7735,435.4941,158.0,888.8297,0,3,37.851247,37.94111,True,52-7-82-45-48-47-36-19-88-62-63-90-11-64-49-46-8-18-6-94-13-97-37-100-85-93-17-5-60-89|96-95-92-98-91-14-42-15-2-21-73-72-39-67-23-22-87-44-38-86-61-99-59-57-43-41-74-75-56-4-25-55-54-24-80-68-77-12-26-58|1-65-33-50-28-27-69-31-30-71-34-29-79-3-76-53-40-16-84-83-51-9-81-78-35-66-20-32-10-70
153,3,1067.8385,297.0132,428.0,924.3137,0,3,41.068,41.169432,True,94-96-92-37-98-85-45-91-44-14-42-73-72-39-67-23-41-15-38-86-84-5-99-59-97-87-43-57-2-21-74-75-56-4-25-55-54-24-80-68-3-77-12-26-58|50-33-1-69-29-65-71-30-31-88-18-61-16-22-40-76-51-9-81-79-78-34-35-66-20-32-10-70-13-95-100-93-17-83-60-89|28-27-52-7-82-48-47-36-19-62-11-63-90-64-49-46-8-6-53
154,3,1067.8385,297.0132,428.0,924.3137,0,3,41.068,41.169432,True,94-96-92-37-98-85-45-91-44-14-42-73-72-39-67-23-41-15-38-86-84-5-99-59-97-87-43-57-2-21-74-75-56-4-25-55-54-24-80-68-3-77-12-26-58|50-33-1-69-29-65-71-30-31-88-18-61-16-22-40-76-51-9-81-79-78-34-35-66-20-32-10-70-13-95-100-93-17-83-60-89|28-27-52-7-82-48-47-36-19-62-11-63-90-64-49-46-8-6-53
155,3,1068.0063,366.2606,277.0,977.9221,0,3,27.466228,27.571039,True,52-82-83-96-95-92-98-85-91-44-14-42-73-72-39-67-23-41-15-16-86-38-43-57-97-2-21-74-75-56-4-25-55-54-24-80-68-77-12-26|28-50-33-29-34-65-71-30-88-7-61-99-87-22-40-76-3-79-78-81-51-9-35-66-20-32-10-70-1-89-60-17-13-37-100-93-59-94-58|27-69-31-45-36-47-19-62-63-90-11-64-49-48-46-8-18-84-5-6-53
156,3,1068.0063,366.2606,277.0,977.9221,0,3,27.466228,27.571039,True,52-82-83-96-95-92-98-85-91-44-14-42-73-72-39-67-23-41-15-16-86-38-43-57-97-2-21-74-75-56-4-25-55-54-24-80-68-77-12-26|28-50-33-29-34-65-71-30-88-7-61-99-87-22-40-76-3-79-78-81-51-9-35-66-20-32-10-70-1-89-60-17-13-37-100-93-59-94-58|27-69-31-45-36-47-19-62-63-90-11-64-49-48-46-8-18-84-5-6-53
157,3,1068.8075,437.3,134.0,943.919,0,3,38.122136,38.218443,True,27-69-52-7-82-48-47-36-19-11-63-90-62-64-49-46-8-18-6-53-26-55-25-21-58-13-96-93-100-85-17-83-60-89|94-95-92-98-45-91-44-14-42-73-72-39-67-23-41-15-38-86-84-5-99-59-37-97-87-43-57-2-74-75-56-4-54-24-80-68-77|28-33-3-29-34-65-71-30-31-88-61-16-22-40-12-76-50-51-9-81-79-78-35-66-20-32-10-70-1
158,3,1069.5005,425.0575,135.0,944.5682,0,3,36.28576,36.380636,True,27-1-69-52-48-47-36-19-62-63-90-11-64-49-46-8-82-7-53-22-56-25-55-21-58-13-93-100-85-17-83-60-89|94-95-92-98-45-91-44-14-42-73-72-39-67-23-41-15-38-86-84-5-99-96-59-37-97-87-43-57-2-74-75-4-54-24-80-68-77|28-33-3-29-34-65-71-30-31-88-18-61-16-6-40-26-12-76-50-51-9-81-79-78-35-66-20-32-10-70
159,3,1070.8046,433.5804,138.0,942.1965,0,3,37.564199,37.660689,True,27-52-83-45-48-47-36-19-62-11-63-90-64-49-46-8-82-18-6-94-53-26-54-24-4-55-25-21-58-13-95-96-93-100-85-17-60-89|28-33-3-29-34-65-71-30-69-31-88-7-16-22-40-76-50-51-9-81-79-78-35-66-20-32-10-70-1|92-37-98-91-44-14-42-2-73-39-67-23-41-15-38-86-61-84-5-99-59-97-87-43-57-74-75-56-72-12-80-68-77
160,3,1070.942,422.9668,150.0,943.919,0,3,35.972154,36.068551,True,27-1-69-7-82-48-47-36-19-62-63-90-11-64-49-46-8-18-53-26-22-55-25-21-58-13-96-93-100-85-17-83-60-89|94-95-92-98-45-91-44-14-42-73-72-39-67-23-41-15-38-86-84-5-99-59-37-97-87-43-57-2-74-75-56-4-54-24-80-68-77|28-33-3-29-34-65-71-30-31-88-52-61-16-6-40-12-76-50-51-9-81-79-78-35-66-20-32-10-70
161,3,1071.1018,422.8069,124.0,943.919,0,3,35.948174,36.041995,True,27-1-69-52-82-48-47-36-19-62-63-90-11-64-49-46-8-7-53-22-56-55-25-21-58-13-96-93-100-85-17-83-60-89|94-95-92-98-45-91-44-14-42-73-72-39-67-23-41-15-38-86-84-5-99-59-37-97-87-43-57-2-74-75-4-54-24-80-68-77|28-33-3-29-34-65-71-30-31-88-18-61-16-6-40-26-12-76-50-51-9-81-79-78-35-66-20-32-10-70
162,3,1071.1018,422.8069,124.0,943.919,0,3,35.948174,36.041995,True,27-1-69-52-82-48-47-36-19-62-63-90-11-64-49-46-8-7-53-22-56-55-25-21-58-13-96-93-100-85-17-83-60-89|94-95-92-98-45-91-44-14-42-73-72-39-67-23-41-15-38-86-84-5-99-59-37-97-87-43-57-2-74-75-4-54-24-80-68-77|28-33-3-29-34-65-71-30-31-88-18-61-16-6-40-26-12-76-50-51-9-81-79-78-35-66-20-32-10-70
163,3,1071.9153,292.9364,428.0,924.3137,0,3,41.068,41.170044,True,94-96-92-37-98-85-45-91-44-14-42-73-72-39-67-23-41-15-38-86-84-5-99-59-97-87-43-57-2-21-74-75-56-4-25-55-54-24-80-68-3-77-12-26-58|50-33-1-69-29-65-71-30-31-88-18-61-16-22-40-76-79-78-34-51-81-9-35-66-20-32-10-70-13-95-100-93-17-83-60-89|28-27-52-7-82-48-47-36-19-62-11-63-90-64-49-46-8-6-53
164,3,1072.1001,452.8333,11.0,961.3633,0,3,40.452126,40.542067,True,27-1-69-52-82-48-47-36-19-62-63-90-11-64-49-46-8-7-18-6-94-53-26-55-25-21-58-13-93-37-100-91-85-17-60-96-89|83-45-5-92-44-14-42-72-39-67-23-41-15-38-86-16-61-84-98-97-43-57-2-74-75-56-4-54-24-80-68-77|28-33-3-29-34-65-71-30-88-99-59-95-87-22-73-40-12-76-50-51-9-81-79-78-35-66-20-32-10-70-31
165,3,1072.1001,452.8333,11.0,961.3633,0,3,40.452126,40.542067,True,27-1-69-52-82-48-47-36-19-62-63-90-11-64-49-46-8-7-18-6-94-53-26-55-25-21-58-13-93-37-100-91-85-17-60-96-89|83-45-5-92-44-14-42-72-39-67-23-41-15-38-86-16-61-84-98-97-43-57-2-74-75-56-4-54-24-80-68-77|28-33-3-29-34-65-71-30-88-99-59-95-87-22-73-40-12-76-50-51-9-81-79-78-35-66-20-32-10-70-31
166,3,1072.69,324.0937,279.0,946.9499,0,3,26.903484,26.998929,True,52-82-45-5-59-92-98-91-14-42-2-21-73-72-39-67-23-41-15-44-38-86-61-99-96-97-43-57-74-75-56-4-25-55-54-24-80-68-77-12-26|28-50-33-29-34-65-71-30-88-18-16-87-22-40-76-3-79-78-81-51-9-35-66-20-32-10-70-58-13-95-37-100-85-93-17-60-89|7-48-47-36-64-63-11-19-62-31-27-69-1-90-49-46-8-83-84-6-94-53
167,3,1072.8897,331.3683,402.0,921.3304,0,3,38.468,38.573054,True,94-96-92-98-85-45-91-44-14-42-73-72-39-67-23-41-15-38-86-84-5-99-59-97-87-43-57-2-21-74-75-56-4-25-55-54-24-80-68-3-77-12-26-58|69-1-33-29-65-71-30-31-88-18-83-61-16-40-76-50-51-9-81-79-78-34-35-66-20-32-10-70-13-95-37-100-93-17-60-89|28-27-52-7-82-48-47-36-19-62-63-90-11-64-49-8-46-6-22-53
168,3,1072.8897,331.3683,402.0,921.3304,0,3,38.468,38.573054,True,94-96-92-98-85-45-91-44-14-42-73-72-39-67-23-41-15-38-86-84-5-99-59-97-87-43-57-2-21-74-75-56-4-25-55-54-24-80-68-3-77-12-26-58|69-1-33-29-65-71-30-31-88-18-83-61-16-40-76-50-51-9-81-79-78-34-35-66-20-32-10-70-13-95-37-100-93-17-60-89|28-27-52-7-82-48-47-36-19-62-63-90-11-64-49-8-46-6-22-53
169,3,1073.8697,443.1752,65.0,939.7765,0,3,39.003411,39.094596,True,83-45-48-47-36-19-7-62-63-90-88-11-64-49-46-8-82-18-6-94-53-26-55-25-21-58-13-95-59-93-100-85-17-60-89|96-92-98-91-14-42-2-73-72-39-67-23-41-15-44-38-86-61-84-5-37-97-87-43-57-74-75-56-4-54-24-80-68-77|28-33-3-29-65-71-30-1-69-27-99-16-22-40-12-76-50-51-9-81-79-78-34-35-66-20-32-10-70-31-52
170,3,1073.9471,450.5687,30.0,974.5261,0,3,40.112441,40.206471,True,27-1-69-52-82-48-47-36-19-62-63-90-11-64-49-46-8-7-18-6-94-53-26-55-25-21-58-13-60-83-17-85-91-100-37-93-96-89|45-92-44-14-42-73-72-39-67-23-41-15-38-86-16-61-84-5-98-97-43-57-2-74-75-56-4-54-24-80-68-77|28-33-3-29-34-65-71-30-31-88-99-59-95-87-22-40-12-76-50-51-9-81-79-78-35-66-20-32-10-70
171,3,1074.1354,310.77,390.0,946.5073,0,3,37.268,37.372914,True,94-95-92-98-85-45-91-44-14-42-73-72-39-67-23-41-15-38-86-84-5-99-37-97-87-43-57-2-21-74-75-56-4-25-55-54-24-80-68-77-12-26-58|28-33-3-29-34-65-71-30-69-31-88-61-16-22-40-76-50-51-9-81-79-78-35-66-20-32-10-70-89-60-83-17-100-13-59-93-96|27-1-52-7-82-48-47-36-64-11-63-90-62-19-49-46-8-18-6-53
172,3,1074.6642,442.2943,142.0,940.9237,0,3,38.871279,38.970443,True,27-69-52-82-48-47-36-19-62-63-90-11-64-49-46-8-7-18-6-53-26-55-25-4-21-58-13-96-93-100-85-17-60-89|94-95-92-98-45-91-44-14-42-73-72-39-67-23-41-15-38-86-84-5-99-59-37-97-87-43-57-2-74-75-56-54-24-80-68-77-12|28-33-3-29-34-65-71-30-31-88-83-61-16-22-40-76-50-51-9-81-79-78-35-66-20-32-10-70-1
173,3,1074.8199,421.747,147.0,930.9237,0,3,35.789189,35.884317,True,27-1-52-83-45-48-47-36-19-62-63-90-11-64-49-46-8-82-7-6-94-53-26-55-25-21-58-13-96-93-100-85-17-60-89|95-92-98-91-44-14-42-73-72-39-67-23-41-15-38-86-61-84-5-99-59-37-97-87-43-57-2-74-75-56-4-54-24-80-68-77-12|28-33-3-29-34-65-71-30-69-31-88-18-16-22-40-76-50-51-9-81-79-78-35-66-20-32-10-70
174,3,1074.8199,421.747,147.0,930.9237,0,3,35.789189,35.884317,True,27-1-52-83-45-48-47-36-19-62-63-90-11-64-49-46-8-82-7-6-94-53-26-55-25-21-58-13-96-93-100-85-17-60-89|95-92-98-91-44-14-42-73-72-39-67-23-41-15-38-86-61-84-5-99-59-37-97-87-43-57-2-74-75-56-4-54-24-80-68-77-12|28-33-3-29-34-65-71-30-69-31-88-18-16-22-40-76-50-51-9-81-79-78-35-66-20-32-10-70
175,12,1074.9689,6311.9226,160.0,799.4391,0,12,919.315526,920.278502,True,79-78-81-51-9-35-34-3-77-68-80|53-40-2-57-87-58|83-45-17-5|88-62-11-64-49-19-7-52|82-48-47-36-46-8-18|6-96-99-59-97-13|73-39-67-23-56-75-41-22-74-72-21-26|27-69-1-30-63-90-32-10-31|28-76-29-24-55-25-4-54-12|50-33-71-65-66-20-70|94-85-91-44-14-38-86-16-61-84-60-89|95-92-42-15-43-100-37-98-93
176,3,1077.0386,439.0033,96.0,922.0824,0,3,38.377624,38.46958,True,28-33-34-29-39-23-15-42-14-38-86-16-61-99-6-88-19-49-10-90-32-66-35-20-70-1-50-77-68-80-24-25-26-58|27-69-31-62-11-64-63-30-65-71-9-51-81-78-79-3-76-12-2-57-87-84-8-46-82-83-60-17-5-97-13|52-7-48-47-36-45-44-91-98-37-92-95-94-18-53-40-21-73-72-22-41-67-55-54-4-56-75-74-43-100-85-93-59-96-89
177,3,1077.0386,439.0033,96.0,922.0824,0,3,38.377624,38.46958,True,28-33-34-29-39-23-15-42-14-38-86-16-61-99-6-88-19-49-10-90-32-66-35-20-70-1-50-77-68-80-24-25-26-58|27-69-31-62-11-64-63-30-65-71-9-51-81-78-79-3-76-12-2-57-87-84-8-46-82-83-60-17-5-97-13|52-7-48-47-36-45-44-91-98-37-92-95-94-18-53-40-21-73-72-22-41-67-55-54-4-56-75-74-43-100-85-93-59-96-89
178,3,1077.0655,416.9392,165.0,944.015,0,3,35.068009,35.166854,True,27-1-69-31-48-47-36-19-62-11-63-90-64-49-46-8-82-7-18-6-53-26-55-25-21-58-13-93-37-100-85-17-83-60-89|94-95-92-98-45-91-44-14-42-73-72-39-67-23-41-15-38-86-84-5-99-96-59-97-87-43-57-2-74-75-56-4-54-24-80-68-77|28-33-3-29-34-65-71-30-88-52-61-16-22-40-12-76-50-51-9-81-79-78-35-66-20-32-10-70
179,3,1077.632,339.1398,269.0,961.1184,0,3,28.386067,28.486377,True,27-5-85-91-75-23-39-67-73-40-28-76-69-31-30-51-71-9-81-3-79-78-34-35-66-20-32-10-70-50-77-68-24-80-12-26|94-92-59-83-45-82-7-48-47-36-19-88-62-63-90-11-64-49-46-8-18-6-97-53|1-33-65-29-21-72-15-42-14-44-38-86-16-61-84-99-96-95-87-22-41-43-57-2-74-56-4-25-55-54-58-13-37-100-98-93-17-60-89-52
180,3,1077.632,339.1398,269.0,961.1184,0,3,28.386067,28.486377,True,27-5-85-91-75-23-39-67-73-40-28-76-69-31-30-51-71-9-81-3-79-78-34-35-66-20-32-10-70-50-77-68-24-80-12-26|94-92-59-83-45-82-7-48-47-36-19-88-62-63-90-11-64-49-46-8-18-6-97-53|1-33-65-29-21-72-15-42-14-44-38-86-16-61-84-99-96-95-87-22-41-43-57-2-74-56-4-25-55-54-58-13-37-100-98-93-17-60-89-52
181,12,1077.7897,5984.5574,231.0,798.3246,0,12,870.210745,871.132396,True,79-78-81-51-9-35-34-3-77-68-80-12|40-87-15-43-57-2-13|83-45-17-5|88-62-11-63-64-49-19-7-52|82-48-47-36-46-8-18|53-6|73-72-39-67-23-56-75-41-22-74-21-58|27-69-1-30-90-32-10-31|28-76-29-24-54-55-25-4-26|50-33-71-65-66-20-70|94-59-85-91-42-14-44-38-86-16-61-84-60-89|95-92-99-97-37-100-98-93-96
182,3,1078.2893,415.6194,144.0,943.919,0,3,34.87005,34.966949,True,27-1-69-52-48-47-36-19-62-11-63-90-64-49-46-8-82-7-18-6-53-26-55-25-21-58-13-96-93-100-85-17-83-60-89|94-95-92-98-45-91-44-14-42-73-72-39-67-23-41-15-38-86-84-5-99-59-37-97-87-43-57-2-74-75-56-4-54-24-80-68-77|28-50-33-3-29-34-65-71-30-31-88-61-16-22-40-12-76-51-9-81-79-78-35-66-20-32-10-70
183,3,1078.487,430.8914,64.0,932.11,0,3,37.160848,37.250326,True,27-1-69-82-48-47-36-19-63-65-71-90-11-64-49-46-8-7-18-6-53-26-55-25-21-58-13-100-85-93-17-83-60-89|94-95-92-98-44-14-42-73-72-39-67-23-41-15-38-86-84-5-99-96-59-37-97-43-57-74-75-56-4-54-24-80-68-77|28-3-29-33-30-62-88-45-61-16-91-87-2-22-40-12-76-50-51-9-81-79-78-34-35-66-20-32-10-70-31-52
184,3,1078.487,430.8914,64.0,932.11,0,3,37.160848,37.250326,True,27-1-69-82-48-47-36-19-63-65-71-90-11-64-49-46-8-7-18-6-53-26-55-25-21-58-13-100-85-93-17-83-60-89|94-95-92-98-44-14-42-73-72-39-67-23-41-15-38-86-84-5-99-96-59-37-97-43-57-74-75-56-4-54-24-80-68-77|28-3-29-33-30-62-88-45-61-16-91-87-2-22-40-12-76-50-51-9-81-79-78-34-35-66-20-32-10-70-31-52
185,3,1078.6644,423.7274,111.0,940.2033,0,3,36.086246,36.180617,True,82-7-27-69-52-48-47-36-19-62-63-90-11-64-49-46-8-40-21-22-75-56-25-55-26-58-13-95-37-100-93-17-60-89|94-92-98-85-45-91-44-14-42-2-73-39-67-23-41-15-38-86-84-5-99-59-97-87-43-57-74-72-4-54-24-80-68-77|28-33-3-29-34-65-71-30-31-88-18-83-61-16-96-6-53-12-76-50-51-9-81-79-78-35-66-20-32-10-70-1
186,3,1078.6915,458.3518,201.0,878.7805,0,3,41.27991,41.379269,True,27-52-45-82-48-47-36-19-88-62-63-90-11-64-49-46-8-18-6-94-53-55-21-13-97-100-85-93-5-17-83-60-89|95-92-98-91-14-42-15-73-72-39-67-23-22-41-87-44-16-86-38-99-96-59-37-43-57-2-74-75-56-4-25-54-24-80-68-77-12-26-58|28-69-31-30-33-71-65-29-79-3-76-40-61-84-7-51-9-81-78-34-35-66-20-32-10-70-1-50
187,3,1078.9139,386.5733,191.0,904.3585,0,3,30.513134,30.60463,True,28-33-34-29-39-15-42-14-38-86-16-99-96-6-88-19-49-10-90-32-66-35-20-70-1-50-77-68-80-24-25-26|27-69-31-62-11-64-63-30-65-71-9-51-81-78-79-3-76-12-53-18-8-46-83-84-17-60-94-13-58|52-7-82-48-47-36-45-5-92-37-98-85-91-44-61-59-95-40-21-73-72-23-67-22-41-57-87-97-2-54-55-4-56-75-74-43-100-93-89
188,3,1078.9139,386.5733,191.0,904.3585,0,3,30.513134,30.60463,True,28-33-34-29-39-15-42-14-38-86-16-99-96-6-88-19-49-10-90-32-66-35-20-70-1-50-77-68-80-24-25-26|27-69-31-62-11-64-63-30-65-71-9-51-81-78-79-3-76-12-53-18-8-46-83-84-17-60-94-13-58|52-7-82-48-47-36-45-5-92-37-98-85-91-44-61-59-95-40-21-73-72-23-67-22-41-57-87-97-2-54-55-4-56-75-74-43-100-93-89
189,3,1079.0037,436.8454,210.0,877.5363,0,3,38.053943,38.150883,True,48-47-36-45-83-92-98-37-42-14-44-38-16-61-99-59-87-15-41-22-73-40-94-6-96-5-84-86-43-57-13-95-97-100-91-85-93-17-60-89|28-1-50-76-12-39-23-67-29-78-34-9-81-79-3-68-54-21-2-72-74-75-56-4-25-55-24-80-77-26-58|27-69-62-63-65-71-33-51-30-90-11-64-49-19-88-52-53-18-8-46-82-7-10-32-66-35-20-70-31
190,3,1079.0037,436.8454,210.0,877.5363,0,3,38.053943,38.150883,True,48-47-36-45-83-92-98-37-42-14-44-38-16-61-99-59-87-15-41-22-73-40-94-6-96-5-84-86-43-57-13-95-97-100-91-85-93-17-60-89|28-1-50-76-12-39-23-67-29-78-34-9-81-79-3-68-54-21-2-72-74-75-56-4-25-55-24-80-77-26-58|27-69-62-63-65-71-33-51-30-90-11-64-49-19-88-52-53-18-8-46-82-7-10-32-66-35-20-70-31
191,3,1079.1817,414.7271,144.0,943.919,0,3,34.736199,34.833232,True,27-1-69-52-48-47-36-19-62-63-90-11-64-49-46-8-82-7-18-6-53-26-55-25-21-58-13-96-93-100-85-17-83-60-89|94-95-92-98-45-91-44-14-42-73-72-39-67-23-41-15-38-86-84-5-99-59-37-97-87-43-57-2-74-75-56-4-54-24-80-68-77|28-33-3-29-34-65-71-30-31-88-61-16-22-40-12-76-50-51-9-81-79-78-35-66-20-32-10-70
192,3,1079.7682,430.7631,140.0,904.3585,0,3,37.141604,37.234885,True,28-33-34-29-39-23-15-42-14-38-86-16-61-84-8-88-19-49-10-90-32-66-35-20-70-1-50-77-68-80-24-25-26|27-69-31-62-11-64-63-30-65-71-9-51-81-78-79-3-76-12-40-2-87-57-43-97-95-94-13-46-17-85-100-98-93-5-60-89|52-7-82-48-47-36-45-44-91-37-92-59-99-96-83-18-6-53-21-73-72-67-41-22-75-56-4-55-54-74-58
193,3,1079.9511,271.9053,439.0,911.3184,0,3,42.168,42.268451,True,94-96-37-98-92-85-45-91-44-14-42-73-72-39-67-23-41-15-38-86-84-83-5-99-59-97-87-43-57-2-21-74-75-56-4-25-55-54-24-80-68-3-77-12-26-58|50-33-1-69-29-65-71-30-31-88-18-61-16-22-40-76-51-9-81-79-78-34-35-66-20-32-10-70-13-95-100-93-17-60-89|28-27-52-7-82-48-47-36-19-62-11-63-90-64-49-46-8-6-53
194,3,1079.9511,271.9053,439.0,911.3184,0,3,42.168,42.268451,True,94-96-37-98-92-85-45-91-44-14-42-73-72-39-67-23-41-15-38-86-84-83-5-99-59-97-87-43-57-2-21-74-75-56-4-25-55-54-24-80-68-3-77-12-26-58|50-33-1-69-29-65-71-30-31-88-18-61-16-22-40-76-51-9-81-79-78-34-35-66-20-32-10-70-13-95-100-93-17-60-89|28-27-52-7-82-48-47-36-19-62-11-63-90-64-49-46-8-6-53
195,3,1080.1686,408.4123,288.0,897.9068,0,3,33.788976,33.892856,True,92-42-15-14-83-45-36-47-48-18-99-37-44-38-86-16-61-84-6-94-95-87-2-41-57-43-97-96-59-98-100-91-85-93-17-5-60-89-13-58|52-31-50-33-65-29-39-67-23-22-73-40-53-26-12-76-79-81-51-9-34-78-68-54-21-72-74-75-56-4-25-55-24-80-3-77|28-27-69-1-71-30-63-64-11-19-62-88-7-82-8-46-49-10-90-32-66-35-20-70
196,3,1080.1686,408.4123,288.0,897.9068,0,3,33.788976,33.892856,True,92-42-15-14-83-45-36-47-48-18-99-37-44-38-86-16-61-84-6-94-95-87-2-41-57-43-97-96-59-98-100-91-85-93-17-5-60-89-13-58|52-31-50-33-65-29-39-67-23-22-73-40-53-26-12-76-79-81-51-9-34-78-68-54-21-72-74-75-56-4-25-55-24-80-3-77|28-27-69-1-71-30-63-64-11-19-62-88-7-82-8-46-49-10-90-32-66-35-20-70
197,3,1080.5451,413.3637,144.0,943.919,0,3,34.531683,34.628921,True,27-1-69-52-82-48-47-36-19-62-63-90-11-64-49-46-8-7-18-6-53-26-55-25-21-58-13-96-93-100-85-17-83-60-89|94-95-92-98-45-91-44-14-42-73-72-39-67-23-41-15-38-86-84-5-99-59-37-97-87-43-57-2-74-75-56-4-54-24-80-68-77|28-33-3-29-34-65-71-30-31-88-61-16-22-40-12-76-50-51-9-81-79-78-35-66-20-32-10-70
198,3,1081.1108,462.5381,49.0,861.786,0,3,41.907844,41.990807,True,28-69-33-65-71-34-29-21-73-40-53-76-81-9-30-90-10-20-79-78-35-66-32-31-70-1-50-3-77-68-80-12|27-52-7-48-47-36-45-11-63-51-88-62-64-49-19-46-8-82-18-83-84-6-94-95-13-2-97-37-100-85-93-17-5-60-89|96-59-92-98-42-91-44-14-15-72-39-67-23-22-57-87-99-61-16-86-38-43-41-74-75-56-4-25-55-24-54-26-58
199,3,1081.1108,462.5381,49.0,861.786,0,3,41.907844,41.990807,True,28-69-33-65-71-34-29-21-73-40-53-76-81-9-30-90-10-20-79-78-35-66-32-31-70-1-50-3-77-68-80-12|27-52-7-48-47-36-45-11-63-51-88-62-64-49-19-46-8-82-18-83-84-6-94-95-13-2-97-37-100-85-93-17-5-60-89|96-59-92-98-42-91-44-14-15-72-39-67-23-22-57-87-99-61-16-86-38-43-41-74-75-56-4-25-55-24-54-26-58
200,3,1081.25,406.9947,326.0,897.9068,0,3,33.576334,33.684126,True,26-39-2-15-42-14-92-83-45-36-47-48-18-99-37-44-38-86-16-61-84-6-94-95-87-57-41-43-97-96-59-98-100-91-85-93-17-5-60-89-13-58|52-31-30-50-3-29-67-23-22-73-40-53-76-79-81-51-9-34-78-68-54-21-72-74-75-56-4-25-55-24-80-77-12|28-27-69-1-33-71-65-63-64-11-19-62-88-7-82-8-46-49-10-90-32-66-35-20-70
201,12,1082.4361,6291.6411,193.0,798.3246,0,12,916.273293,917.2386,True,79-78-81-51-9-35-34-3-77-68-80-12|40-87-15-43-57-2-58|83-45-17-5|88-62-11-64-49-19-7-52|82-48-47-36-46-8-18|53-6-99-97-13|73-72-39-67-23-56-75-41-22-74-21-26|27-69-1-30-63-90-32-10-31|28-76-29-24-55-25-4-54|50-33-71-65-66-20-70|94-59-85-91-42-14-44-38-86-16-61-84-60-89|95-92-37-100-98-93-96
202,3,1082.6501,354.9977,260.0,963.7418,0,3,29.891515,29.995203,True,26-3-65-30-50-76-33-71-34-78-29-67-73-21-79-81-51-9-35-66-20-32-10-31-70-1-77-68-24-80-12|94-92-37-98-85-45-82-7-48-47-36-19-88-62-63-90-11-64-49-46-8-83-18-6-97-53|27-69-28-39-23-15-42-14-44-38-86-16-61-84-5-99-59-95-87-40-72-22-41-43-57-2-74-75-56-4-25-55-54-58-13-96-93-100-91-17-60-89-52
203,3,1082.6501,354.9977,260.0,963.7418,0,3,29.891515,29.995203,True,26-3-65-30-50-76-33-71-34-78-29-67-73-21-79-81-51-9-35-66-20-32-10-31-70-1-77-68-24-80-12|94-92-37-98-85-45-82-7-48-47-36-19-88-62-63-90-11-64-49-46-8-83-18-6-97-53|27-69-28-39-23-15-42-14-44-38-86-16-61-84-5-99-59-95-87-40-72-22-41-43-57-2-74-75-56-4-25-55-54-58-13-96-93-100-91-17-60-89-52
204,3,1082.969,401.145,191.0,868.5038,0,3,32.698882,32.788402,True,27-52-45-82-48-47-36-19-88-62-63-90-11-64-49-46-8-7-18-6-94-53-26-55-21-13-97-100-85-93-17-83-60-89|95-92-98-91-14-42-15-73-72-39-67-23-22-41-87-44-38-86-84-5-99-96-59-37-43-57-2-74-75-56-4-25-54-24-80-68-77-12-58|28-50-33-1-69-31-30-71-65-34-29-78-79-3-76-40-16-61-51-81-9-35-66-20-32-10-70
205,3,1082.969,401.145,191.0,868.5038,0,3,32.698882,32.788402,True,27-52-45-82-48-47-36-19-88-62-63-90-11-64-49-46-8-7-18-6-94-53-26-55-21-13-97-100-85-93-17-83-60-89|95-92-98-91-14-42-15-73-72-39-67-23-22-41-87-44-38-86-84-5-99-96-59-37-43-57-2-74-75-56-4-25-54-24-80-68-77-12-58|28-50-33-1-69-31-30-71-65-34-29-78-79-3-76-40-16-61-51-81-9-35-66-20-32-10-70
206,3,1083.8575,459.6894,103.0,916.8694,0,3,41.480542,41.577565,True,27-52-7-82-45-48-47-36-19-62-63-90-88-11-64-49-46-8-18-6-94-53-55-21-13-58-97-100-91-85-93-17-83-60-89|95-92-14-42-15-73-72-39-67-23-22-41-44-38-86-84-5-99-96-59-98-37-43-57-2-74-75-56-4-25-54-24-80-68-77-12|28-50-33-1-69-30-71-65-34-29-79-3-76-26-40-87-16-61-51-81-78-9-35-66-20-32-10-70-31
207,3,1084.5041,409.4046,144.0,943.919,0,3,33.937825,34.035657,True,27-1-69-52-82-48-47-36-19-62-63-90-11-64-49-46-8-7-18-6-53-26-55-25-21-58-13-96-93-100-85-17-83-60-89|94-95-92-98-45-91-44-14-42-73-72-39-67-23-41-15-38-86-84-5-59-99-37-97-87-43-57-2-74-75-56-4-54-24-80-68-77|28-33-3-29-34-65-71-30-31-88-61-16-22-40-12-76-50-51-9-81-79-78-35-66-20-32-10-70
208,3,1084.7887,304.8029,404.0,968.9175,0,3,38.668,38.779976,True,94-95-92-98-85-45-91-44-14-42-73-72-39-67-23-41-15-38-86-84-5-99-59-37-97-87-43-57-2-21-74-75-56-4-25-55-54-24-80-68-77-12-26|28-50-33-29-34-65-71-30-31-88-61-16-22-40-76-3-79-78-81-51-9-35-66-20-32-10-70-1-89-13-100-17-83-60-93-96-58|82-7-27-69-52-48-47-36-19-62-63-90-11-64-49-46-8-18-6-53
209,12,1085.0959,6288.9812,180.0,798.3246,0,12,915.874314,916.83872,True,51-9-81-78-34-35-3-77-68-80-12|40-87-15-43-57-2-58|83-45-17-5|88-62-11-64-49-19-7-52|82-48-47-36-46-8-18|53-6-13|73-72-39-67-23-56-75-41-22-74-21-26|27-69-1-30-63-90-32-10-31|28-76-79-29-24-55-25-4-54|50-33-71-65-66-20-70|94-85-91-42-14-44-38-86-16-61-84-60-89|95-92-59-99-97-37-100-98-93-96
210,12,1085.1408,6206.556,194.0,799.4391,0,12,903.510541,904.464164,True,79-78-81-51-9-35-34-3-77-68-80|40-87-15-43-57-2-58|83-45-17-5|88-62-11-64-49-19-7-52|82-48-47-36-46-8-18|6-96-99-97-53|73-39-67-23-56-75-41-22-74-72-21-26|27-69-1-30-63-90-32-10-31|28-76-29-24-55-25-4-54-12|50-33-71-65-66-20-70|94-59-85-91-44-14-38-86-16-61-84-60-89|95-92-37-42-100-98-93-13
211,12,1085.1729,5962.437,180.0,801.2187,0,12,866.892677,867.80856,True,53-51-9-81-78-79-3-77-68-80-26|40-87-15-43-57-2-58|83-45-84-5|88-62-11-64-49-19-7-52|82-48-47-36-46-8-18|6-96-99-97-13|73-39-67-23-56-75-41-22-74-72-21|27-69-1-30-63-90-32-10-31|28-76-29-24-55-25-4-54-12|50-33-34-71-65-35-66-20-70|94-59-85-91-44-14-38-86-16-61-17-60-89|95-92-37-42-100-98-93
212,3,1085.4008,416.045,190.0,904.3585,0,3,34.933888,35.03165,True,28-33-29-39-23-15-42-14-38-86-44-91-96-6-52-88-19-49-10-90-32-66-35-34-20-70-1-50-77-68-80-24-25-26|27-69-31-62-11-64-63-30-65-71-9-51-81-78-79-3-76-12-18-8-46-84-17-83-60-94-13-58|7-82-48-47-36-45-5-59-92-98-85-16-61-99-53-40-21-73-72-67-22-41-57-87-97-95-2-54-55-4-56-75-74-43-100-37-93-89
213,4,1085.6438,1141.3614,497.0,845.9718,0,4,143.731339,143.960214,True,48-47-36-45-94-95-92-98-37-42-15-14-44-38-86-16-61-99-59-2-73-22-41-57-87-97-6-96-5-84-17-91-43-100-85-93-60-89|83-28-26-12-33-50-76-39-23-67-29-78-34-9-81-79-3-68-54-21-72-74-75-56-4-25-55-24-80-77|27-69-1-62-11-63-65-71-51-30-90-64-49-19-88-18-8-46-82-7-10-32-66-35-20-70-31-52|53-40-58-13
214,3,1085.7148,379.7725,208.0,904.3585,0,3,30.810901,30.905117,True,28-33-34-29-39-23-15-42-14-38-86-91-99-96-6-88-19-49-10-90-32-66-35-20-70-1-50-77-68-80-24-25-26|27-69-31-62-11-64-63-30-65-71-9-51-81-78-79-3-76-12-18-83-46-8-84-17-60-94-13-58|52-7-82-48-47-36-45-5-92-37-98-85-44-16-61-59-95-53-40-21-73-72-67-22-41-57-87-97-2-54-55-4-56-75-74-43-100-93-89
215,12,1086.0722,6260.966,188.0,798.3246,0,12,911.672036,912.633333,True,1-79-78-81-51-9-35-34-3-77-68-80-12|40-87-15-43-57-2-58|83-45-17-5|88-62-11-64-49-19-7-52|82-48-47-36-46-8-18|53-6-96-99-97-13|73-72-39-67-23-56-75-41-22-74-21-26|27-69-30-63-90-32-10-31|28-76-29-24-54-55-25-4|50-33-71-65-66-20-70|94-59-85-91-44-14-38-86-16-61-84-60-89|95-92-37-42-100-98-93
216,12,1086.5346,6024.6657,222.0,798.3246,0,12,876.226995,877.156386,True,79-78-81-51-9-35-34-3-77-68-80-12|40-87-15-43-57-2-13-58|83-45-17-5|88-62-11-64-49-19-7-52|82-48-47-36-46-8-18|53-99-6|73-72-39-67-23-56-75-41-22-74-21-26|27-69-1-30-63-90-32-10-31|28-76-29-24-55-25-4-54|50-33-71-65-66-20-70|94-59-85-91-42-14-44-38-86-16-61-84-60-89|95-92-97-37-100-98-93-96
217,3,1087.044,368.324,208.0,894.2392,0,3,31.209681,31.301061,True,28-50-33-29-39-23-15-42-14-38-86-91-99-96-6-88-19-49-10-90-32-20-66-35-34-70-1-77-68-80-24-25-26|27-69-31-62-11-64-63-30-65-71-9-51-81-78-79-3-76-12-18-8-46-83-84-17-60-94-13-58|52-7-82-48-47-36-45-5-92-37-98-85-44-16-61-59-95-53-40-21-73-72-67-22-41-57-87-97-2-54-55-4-56-75-74-43-100-93-89
218,3,1087.044,368.324,208.0,894.2392,0,3,31.209681,31.301061,True,28-50-33-29-39-23-15-42-14-38-86-91-99-96-6-88-19-49-10-90-32-20-66-35-34-70-1-77-68-80-24-25-26|27-69-31-62-11-64-63-30-65-71-9-51-81-78-79-3-76-12-18-8-46-83-84-17-60-94-13-58|52-7-82-48-47-36-45-5-92-37-98-85-44-16-61-59-95-53-40-21-73-72-67-22-41-57-87-97-2-54-55-4-56-75-74-43-100-93-89
219,3,1087.1396,421.4295,145.0,943.0411,0,3,35.741555,35.841949,True,27-1-69-52-82-48-47-36-19-62-63-90-11-64-49-46-8-7-18-6-53-26-55-25-58-13-96-93-98-100-85-17-83-60-89|94-95-92-5-45-91-44-14-42-73-72-39-67-23-41-15-38-86-84-59-99-37-97-87-43-57-2-21-74-75-56-4-54-24-80-68-77|28-33-3-29-34-65-71-30-31-88-61-16-22-40-12-76-50-51-9-81-79-78-35-66-20-32-10-70
220,3,1088.4182,273.0285,436.0,938.6326,0,3,41.868,41.974956,True,94-96-92-37-98-85-45-91-44-14-42-73-72-39-67-23-41-15-38-86-84-5-99-59-97-87-43-57-2-21-74-75-56-4-25-55-54-24-80-68-3-77-12-26|82-28-1-50-33-29-65-71-30-31-88-18-61-16-22-40-76-51-9-81-79-78-34-35-66-20-32-10-70-58-13-95-100-93-17-83-60-89|27-69-52-7-48-47-36-19-11-63-90-62-64-49-46-8-6-53
221,3,1088.939,455.1459,128.0,917.4074,0,3,40.79902,40.899466,True,27-52-7-82-45-48-47-36-19-62-63-90-88-11-64-49-46-8-18-6-94-53-21-55-13-58-97-100-85-93-5-17-83-60-89|95-92-14-42-15-73-72-39-67-23-22-41-87-44-38-86-84-99-96-59-98-37-43-57-2-74-75-56-4-25-54-24-80-68-77-12|28-50-33-1-69-30-71-65-34-29-79-3-76-26-40-91-16-61-51-9-81-78-35-66-20-32-10-70-31
222,3,1089.8964,427.0475,110.0,966.9541,0,3,36.584258,36.686409,True,27-1-69-52-82-48-47-36-19-62-63-90-11-64-49-46-8-7-18-6-53-26-55-25-72-21-58-13-95-60-83-17-100-85-93-89|94-96-92-37-98-5-45-91-44-14-42-2-73-39-67-23-41-15-38-86-84-99-59-97-87-43-57-74-75-56-4-54-24-80-68-77|28-33-3-29-34-65-71-30-31-88-61-16-22-40-12-76-50-51-9-81-79-78-35-66-20-32-10-70
223,3,1090.1974,271.2493,358.0,938.6326,0,3,34.068,34.167423,True,94-96-92-37-98-85-45-91-44-14-42-73-72-39-67-23-41-15-38-86-84-99-59-97-87-43-57-2-74-75-56-4-25-55-54-24-80-68-3-77-12-26|1-50-33-29-65-71-30-31-18-5-61-16-22-21-40-76-51-9-81-79-78-34-35-66-20-32-10-70-58-13-95-100-93-17-83-60-89|52-7-82-48-47-36-63-11-19-62-88-27-28-69-90-64-49-46-8-6-53
224,3,1090.1974,271.2493,358.0,938.6326,0,3,34.068,34.167423,True,94-96-92-37-98-85-45-91-44-14-42-73-72-39-67-23-41-15-38-86-84-99-59-97-87-43-57-2-74-75-56-4-25-55-54-24-80-68-3-77-12-26|1-50-33-29-65-71-30-31-18-5-61-16-22-21-40-76-51-9-81-79-78-34-35-66-20-32-10-70-58-13-95-100-93-17-83-60-89|52-7-82-48-47-36-63-11-19-62-88-27-28-69-90-64-49-46-8-6-53
225,3,1090.3534,434.1624,30.0,974.5261,0,3,37.651491,37.747982,True,27-1-69-52-82-48-47-36-19-62-63-90-11-64-49-46-8-7-18-6-94-53-26-55-25-21-58-13-60-83-17-85-91-100-37-93-96-89|98-45-92-44-14-42-73-72-39-67-23-41-15-38-86-16-61-84-5-97-43-57-2-74-75-56-4-54-24-80-68-77|28-33-3-29-34-65-71-30-31-88-99-59-95-87-22-40-12-76-50-9-51-81-79-78-35-66-20-32-10-70
226,3,1090.3534,434.1624,30.0,974.5261,0,3,37.651491,37.747982,True,27-1-69-52-82-48-47-36-19-62-63-90-11-64-49-46-8-7-18-6-94-53-26-55-25-21-58-13-60-83-17-85-91-100-37-93-96-89|98-45-92-44-14-42-73-72-39-67-23-41-15-38-86-16-61-84-5-97-43-57-2-74-75-56-4-54-24-80-68-77|28-33-3-29-34-65-71-30-31-88-99-59-95-87-22-40-12-76-50-9-51-81-79-78-35-66-20-32-10-70
227,3,1090.6163,417.7406,171.0,874.561,0,3,35.188221,35.281433,True,27-52-45-48-47-36-19-62-63-90-88-11-64-49-46-8-82-7-18-6-53-26-55-21-13-95-97-100-91-85-93-5-17-83-60-89|94-96-92-14-42-15-73-72-39-67-23-22-41-87-44-38-86-84-99-59-98-37-43-57-2-74-75-56-4-25-54-24-80-68-77-12-58|28-50-1-69-31-30-33-71-65-34-29-79-3-76-40-16-61-51-9-81-78-35-66-20-32-10-70
228,3,1090.6163,417.7406,171.0,874.561,0,3,35.188221,35.281433,True,27-52-45-48-47-36-19-62-63-90-88-11-64-49-46-8-82-7-18-6-53-26-55-21-13-95-97-100-91-85-93-5-17-83-60-89|94-96-92-14-42-15-73-72-39-67-23-22-41-87-44-38-86-84-99-59-98-37-43-57-2-74-75-56-4-25-54-24-80-68-77-12-58|28-50-1-69-31-30-33-71-65-34-29-79-3-76-40-16-61-51-9-81-78-35-66-20-32-10-70
229,3,1090.7221,415.3855,134.0,943.919,0,3,34.834953,34.934547,True,27-69-52-7-82-48-47-36-19-63-90-62-11-64-49-46-8-6-18-53-26-55-25-21-58-13-96-93-100-85-17-83-60-89|94-95-92-98-45-91-44-14-42-73-72-39-67-23-41-15-38-86-5-84-99-59-37-97-87-43-57-2-74-75-56-4-54-24-80-68-77|28-33-3-29-34-65-71-30-31-88-61-16-22-40-12-76-50-51-9-81-79-78-35-66-20-32-10-70-1
230,3,1091.4788,346.2143,215.0,963.7871,0,3,32.540102,32.640628,True,26-75-3-50-76-33-71-65-34-78-29-67-73-21-79-81-51-9-35-66-20-32-10-31-70-1-77-68-24-80-12|94-96-92-98-85-45-82-7-48-47-36-19-88-62-63-30-90-11-64-49-46-8-83-18-6-97-53|27-69-28-39-23-15-42-14-44-38-86-16-61-84-5-99-59-95-87-2-40-72-22-41-43-57-74-56-4-25-55-54-58-13-37-100-91-93-17-60-89-52
231,3,1091.4788,346.2143,215.0,963.7871,0,3,32.540102,32.640628,True,26-75-3-50-76-33-71-65-34-78-29-67-73-21-79-81-51-9-35-66-20-32-10-31-70-1-77-68-24-80-12|94-96-92-98-85-45-82-7-48-47-36-19-88-62-63-30-90-11-64-49-46-8-83-18-6-97-53|27-69-28-39-23-15-42-14-44-38-86-16-61-84-5-99-59-95-87-2-40-72-22-41-43-57-74-56-4-25-55-54-58-13-37-100-91-93-17-60-89-52
232,3,1091.9251,402.6329,135.0,944.5682,0,3,32.922069,33.020309,True,27-1-69-52-48-47-36-62-19-63-90-11-64-49-46-8-82-7-53-22-56-25-55-21-58-13-93-100-85-17-83-60-89|94-95-98-92-45-91-44-14-42-73-72-39-67-23-41-15-38-86-5-84-99-96-59-37-97-87-43-57-2-74-75-4-54-24-80-68-77|28-33-3-29-34-65-71-30-31-88-18-61-16-6-40-26-12-76-50-51-9-81-79-78-35-66-20-32-10-70
233,3,1093.0395,433.1848,104.0,860.9983,0,3,37.504849,37.592371,True,28-69-1-33-71-65-34-29-72-41-21-26-76-3-79-78-81-51-9-35-66-20-32-10-70-50-77-68-80-12|27-52-7-82-45-48-47-19-11-63-62-88-31-30-90-64-49-46-8-84-18-6-94-13-95-97-37-98-100-91-85-93-17-5-60-89|36-83-96-59-92-14-44-42-39-67-23-15-38-86-16-61-99-87-73-40-53-22-43-57-2-74-75-56-4-25-55-24-54-58
234,3,1093.0395,433.1848,104.0,860.9983,0,3,37.504849,37.592371,True,28-69-1-33-71-65-34-29-72-41-21-26-76-3-79-78-81-51-9-35-66-20-32-10-70-50-77-68-80-12|27-52-7-82-45-48-47-19-11-63-62-88-31-30-90-64-49-46-8-84-18-6-94-13-95-97-37-98-100-91-85-93-17-5-60-89|36-83-96-59-92-14-44-42-39-67-23-15-38-86-16-61-99-87-73-40-53-22-43-57-2-74-75-56-4-25-55-24-54-58
235,3,1094.0452,427.4352,162.0,878.6161,0,3,36.642414,36.737817,True,27-52-45-82-48-47-36-19-62-63-90-88-11-64-49-46-8-7-18-6-94-53-26-54-55-21-13-97-100-85-93-96-5-17-83-60-89|95-92-98-91-14-42-15-73-72-39-67-23-22-41-87-44-38-86-84-99-59-37-43-57-2-74-75-56-4-25-24-80-68-3-77-12-58|28-69-31-30-50-33-71-65-34-78-29-76-40-16-61-51-79-81-9-35-66-20-32-10-70-1
236,3,1094.0812,395.538,153.0,904.3585,0,3,33.320839,33.41443,True,28-33-34-29-39-23-15-42-14-44-38-86-61-5-88-19-49-10-90-32-66-35-20-70-1-50-77-68-80-24-25-26|27-69-31-62-11-64-63-30-65-71-9-51-81-78-79-3-76-12-6-83-8-46-84-17-60-94-95-13-58|52-7-82-48-47-36-45-59-92-37-98-16-91-85-99-18-53-40-21-73-72-67-22-41-57-87-97-2-54-55-4-56-75-74-43-100-93-96-89
237,3,1094.0812,395.538,153.0,904.3585,0,3,33.320839,33.41443,True,28-33-34-29-39-23-15-42-14-44-38-86-61-5-88-19-49-10-90-32-66-35-20-70-1-50-77-68-80-24-25-26|27-69-31-62-11-64-63-30-65-71-9-51-81-78-79-3-76-12-6-83-8-46-84-17-60-94-95-13-58|52-7-82-48-47-36-45-59-92-37-98-16-91-85-99-18-53-40-21-73-72-67-22-41-57-87-97-2-54-55-4-56-75-74-43-100-93-96-89
238,3,1094.243,399.6658,138.0,943.919,0,3,33.369377,33.468069,True,27-1-69-52-82-48-47-36-19-62-63-90-11-64-49-46-8-7-18-6-53-26-56-55-25-21-58-13-96-93-100-85-17-83-60-89|94-95-92-98-45-91-44-14-42-73-72-39-67-23-41-15-38-86-84-5-99-59-37-97-87-43-57-2-74-75-4-54-24-80-68-77|28-33-3-29-34-65-71-30-31-88-61-16-22-40-12-76-50-51-9-81-79-78-35-66-20-32-10-70
239,3,1094.243,399.6658,138.0,943.919,0,3,33.369377,33.468069,True,27-1-69-52-82-48-47-36-19-62-63-90-11-64-49-46-8-7-18-6-53-26-56-55-25-21-58-13-96-93-100-85-17-83-60-89|94-95-92-98-45-91-44-14-42-73-72-39-67-23-41-15-38-86-84-5-99-59-37-97-87-43-57-2-74-75-4-54-24-80-68-77|28-33-3-29-34-65-71-30-31-88-61-16-22-40-12-76-50-51-9-81-79-78-35-66-20-32-10-70
240,3,1094.2553,424.0635,30.0,974.5261,0,3,36.13666,36.232807,True,27-1-69-52-82-48-47-36-19-62-63-90-11-64-49-46-8-7-18-6-94-53-26-55-25-21-58-13-60-83-17-85-91-100-37-93-96-89|45-92-44-14-42-73-72-39-67-23-41-15-38-86-16-61-84-5-98-97-43-57-2-74-75-56-4-54-24-80-68-77|28-33-3-29-34-65-71-30-31-88-99-59-95-87-22-40-12-76-50-51-9-81-79-78-20-35-66-32-10-70
241,3,1095.1949,431.6264,59.0,949.5529,0,3,37.271088,37.367805,True,27-1-69-7-82-48-47-36-19-62-63-90-11-64-49-46-18-40-53-26-55-25-4-21-58-13-95-37-100-85-93-17-60-89|83-45-5-59-92-98-44-14-42-73-72-39-67-23-41-15-38-86-84-8-6-94-96-97-43-57-2-74-75-56-54-24-80-68-77|28-33-3-29-34-65-71-30-88-99-61-16-91-87-22-12-76-50-51-9-81-79-78-35-66-20-32-10-70-31-52
242,3,1095.1949,431.6264,59.0,949.5529,0,3,37.271088,37.367805,True,27-1-69-7-82-48-47-36-19-62-63-90-11-64-49-46-18-40-53-26-55-25-4-21-58-13-95-37-100-85-93-17-60-89|83-45-5-59-92-98-44-14-42-73-72-39-67-23-41-15-38-86-84-8-6-94-96-97-43-57-2-74-75-56-54-24-80-68-77|28-33-3-29-34-65-71-30-88-99-61-16-91-87-22-12-76-50-51-9-81-79-78-35-66-20-32-10-70-31-52
243,10,1095.8111,5156.5067,188.0,799.4391,0,10,746.003131,746.801248,True,31-90-51-78-79-81-9-20-66-35-34-3-77-68-80|40-87-15-43-57-2-58|83-45-17-5|27-52-7-62-63-64-11-19-48-47-36-49-46-8-82-18|53-6-96-99-97-13|73-39-67-23-56-75-41-22-74-72-21-26|28-76-29-24-55-25-4-54-12|50-33-71-65-69-88-30-32-10-70-1|94-59-85-91-44-14-38-86-16-61-84-60-89|95-92-37-42-100-98-93
244,3,1096.2087,397.7,144.0,943.919,0,3,33.959093,34.05868,True,27-1-69-52-82-48-47-36-19-62-63-90-11-64-49-46-8-7-18-6-53-26-55-25-21-58-13-96-93-100-85-17-83-60-89|94-95-92-98-45-14-91-44-42-73-72-39-67-23-41-15-38-86-84-5-99-59-37-97-87-43-57-2-74-75-56-4-54-24-80-68-77|28-33-3-29-34-65-71-30-31-88-61-16-22-40-12-76-50-51-9-81-79-78-35-66-20-32-10-70
245,3,1096.5986,406.7933,107.0,941.2033,0,3,34.076041,34.173002,True,27-69-52-7-82-45-48-47-19-63-90-62-11-64-49-46-8-6-53-21-22-56-25-55-58-13-96-93-98-100-85-17-60-89|36-83-94-95-92-91-44-14-42-73-72-39-67-23-41-15-38-86-84-5-99-59-37-97-87-43-57-2-74-75-4-54-24-80-68-77|28-29-3-33-71-65-30-31-88-18-61-16-40-26-12-76-50-51-9-81-79-78-34-35-66-20-32-10-70-1
246,3,1096.5986,406.7933,107.0,941.2033,0,3,34.076041,34.173002,True,27-69-52-7-82-45-48-47-19-63-90-62-11-64-49-46-8-6-53-21-22-56-25-55-58-13-96-93-98-100-85-17-60-89|36-83-94-95-92-91-44-14-42-73-72-39-67-23-41-15-38-86-84-5-99-59-37-97-87-43-57-2-74-75-4-54-24-80-68-77|28-29-3-33-71-65-30-31-88-18-61-16-40-26-12-76-50-51-9-81-79-78-34-35-66-20-32-10-70-1
247,3,1097.949,396.609,135.0,944.5682,0,3,34.481168,34.580311,True,27-1-69-52-48-47-36-19-62-63-90-11-64-49-8-46-82-7-53-22-56-25-55-21-58-13-93-100-85-17-83-60-89|94-95-98-92-45-91-44-14-42-73-72-39-67-23-41-15-38-86-84-5-99-96-59-37-97-87-43-57-2-74-75-4-54-24-80-68-77|28-33-3-29-34-65-71-30-31-88-18-61-16-6-40-26-76-12-50-51-9-81-79-78-35-66-20-32-10-70
248,3,1099.8736,394.0351,144.0,943.919,0,3,35.058567,35.158704,True,27-1-69-52-82-48-47-36-19-62-63-90-11-64-49-46-8-7-18-6-53-26-55-25-21-58-13-96-93-100-85-17-83-60-89|94-95-92-98-45-14-91-44-42-73-72-39-67-23-41-15-38-86-84-5-99-37-59-97-87-43-57-2-74-75-56-4-54-24-80-68-77|28-33-3-29-34-65-71-30-31-88-61-16-22-40-12-76-50-51-9-81-79-78-35-66-20-32-10-70
249,4,1102.0461,1159.0584,446.0,845.9718,0,4,146.385886,146.617236,True,48-47-36-83-92-98-37-42-15-14-44-38-86-16-61-99-59-87-2-57-41-22-73-40-94-6-96-5-84-17-91-43-100-85-93-60-89|45-26-28-50-33-76-12-39-23-67-29-78-34-9-81-79-3-68-54-21-72-74-75-56-4-25-55-24-80-77|27-69-1-62-11-63-65-71-51-30-90-64-49-19-88-18-8-46-82-7-10-32-66-35-20-70-31-52|53-58-97-95-13
250,3,1102.0721,393.9057,128.0,943.919,0,3,35.718118,35.817295,True,45-27-1-69-52-82-48-47-36-19-62-63-90-11-64-49-46-8-7-18-6-53-26-55-25-21-58-13-96-93-100-85-17-83-60-89|94-95-92-98-91-44-14-42-73-72-39-67-23-41-15-38-86-84-5-99-59-37-97-87-43-57-2-74-75-56-4-54-24-68-80-77|28-33-3-29-34-65-71-30-31-88-16-61-22-40-12-76-50-51-9-81-79-78-35-66-20-32-10-70
251,3,1102.8806,403.7228,141.0,942.2243,0,3,35.960649,36.062587,True,69-52-7-82-48-47-19-63-90-62-11-64-49-46-8-83-18-6-53-26-55-25-21-58-13-96-93-37-100-85-17-60-89|36-45-94-95-92-91-44-14-42-73-72-39-67-23-41-15-38-86-61-84-5-99-59-98-97-87-43-57-2-74-75-56-4-54-24-80-68-77|27-28-33-3-29-34-65-71-30-31-88-16-22-40-12-76-50-51-9-81-79-78-35-66-20-32-10-70-1
252,3,1104.0519,444.2299,85.0,904.3585,0,3,39.16162,39.258706,True,28-33-34-29-39-23-15-42-14-44-38-86-61-96-6-88-19-49-10-90-32-66-35-20-70-1-50-77-68-80-24-25-26|27-69-31-62-11-64-63-30-65-71-9-51-81-78-79-3-76-12-40-99-5-84-8-46-82-83-60-17-93-85-100-37-94-13-58|59-92-98-91-16-45-36-47-48-7-18-52-53-21-73-72-67-22-41-57-87-95-97-43-74-75-56-4-55-54-2-89
253,3,1104.3105,328.3695,265.0,981.353,0,3,36.389634,36.498967,True,26-75-3-50-76-33-71-65-34-78-29-67-73-21-79-81-51-9-35-66-20-32-10-31-70-1-77-68-24-80-12|27-69-28-39-23-15-42-14-44-38-86-16-61-84-5-99-59-95-87-40-72-22-41-57-43-97-2-74-56-4-25-55-54-58-13-93-98-100-91-17-60-96-89-52|94-92-37-85-45-82-48-47-36-19-7-88-63-30-90-62-11-64-49-46-8-83-18-6-53
254,3,1104.4583,292.7482,130.0,948.5936,0,3,36.433975,36.519596,True,26-23-39-76-3-33-65-71-34-78-29-67-75-72-73-21-79-81-9-35-66-20-32-10-31-70-1-77-68-80-12-50|94-59-92-98-85-45-82-7-48-47-36-19-88-62-63-30-51-90-11-64-49-46-8-83-18-52-53|27-69-28-2-15-42-14-44-38-86-16-61-84-5-99-96-6-95-87-57-40-97-22-41-43-74-56-4-54-24-55-25-58-13-37-100-91-93-17-60-89
255,3,1104.4583,292.7482,130.0,948.5936,0,3,36.433975,36.519596,True,26-23-39-76-3-33-65-71-34-78-29-67-75-72-73-21-79-81-9-35-66-20-32-10-31-70-1-77-68-80-12-50|94-59-92-98-85-45-82-7-48-47-36-19-88-62-63-30-51-90-11-64-49-46-8-83-18-52-53|27-69-28-2-15-42-14-44-38-86-16-61-84-5-99-96-6-95-87-57-40-97-22-41-43-74-56-4-54-24-55-25-58-13-37-100-91-93-17-60-89
256,3,1105.1592,400.4878,147.0,878.6161,0,3,36.644224,36.737419,True,27-1-52-45-82-48-47-36-19-62-63-90-88-11-64-49-46-8-7-18-6-94-53-54-55-21-13-97-100-85-93-96-5-17-83-60-89|95-92-98-14-42-15-73-72-39-67-23-22-41-87-44-38-86-99-59-37-43-57-2-74-75-56-4-25-24-80-68-77-12-26-58|28-50-33-69-31-30-71-65-34-29-79-3-76-40-91-16-61-84-51-9-81-78-35-66-20-32-10-70
257,3,1105.1592,400.4878,147.0,878.6161,0,3,36.644224,36.737419,True,27-1-52-45-82-48-47-36-19-62-63-90-88-11-64-49-46-8-7-18-6-94-53-54-55-21-13-97-100-85-93-96-5-17-83-60-89|95-92-98-14-42-15-73-72-39-67-23-22-41-87-44-38-86-99-59-37-43-57-2-74-75-56-4-25-24-80-68-77-12-26-58|28-50-33-69-31-30-71-65-34-29-79-3-76-40-91-16-61-84-51-9-81-78-35-66-20-32-10-70
258,3,1105.8926,381.1909,190.0,904.3585,0,3,36.864263,36.962945,True,28-33-34-29-39-23-15-42-14-44-86-16-91-96-6-18-88-19-49-10-90-32-66-35-20-70-1-50-77-68-80-24-25-26|27-69-31-62-11-64-63-30-65-71-9-51-81-78-79-3-76-12-40-83-8-46-84-17-60-94-13-58|52-7-82-48-47-36-45-5-59-92-98-85-38-61-99-53-21-73-72-67-22-41-57-87-97-95-2-54-55-4-56-75-74-43-100-37-93-89
259,3,1106.0086,419.9682,138.0,930.9237,0,3,36.89906,37.002379,True,52-83-45-48-47-36-19-62-11-63-51-90-64-49-46-8-82-18-6-94-53-26-55-25-21-58-13-96-93-100-85-17-60-89|95-92-98-91-44-14-42-73-72-39-67-23-41-15-38-86-61-84-5-99-59-37-97-87-43-57-2-74-75-56-4-54-24-80-68-77-12|27-28-50-3-29-34-65-71-33-76-69-30-88-7-16-22-40-79-78-81-9-35-66-20-32-10-31-70-1
260,3,1108.0077,338.9652,289.0,935.3598,0,3,37.498779,37.606312,True,27-52-7-82-45-48-47-36-19-62-63-90-88-11-64-49-46-8-83-18-6-97-53-21|94-95-92-98-85-91-14-42-15-73-72-39-67-23-22-41-87-44-16-86-38-43-57-2-74-75-56-4-25-55-54-24-80-68-77-12-26-58|65-50-28-69-31-30-33-71-34-29-79-3-76-40-99-61-84-5-1-51-9-81-78-35-66-20-32-10-70-13-96-59-37-100-93-17-60-89
261,3,1108.0077,338.9652,289.0,935.3598,0,3,37.498779,37.606312,True,27-52-7-82-45-48-47-36-19-62-63-90-88-11-64-49-46-8-83-18-6-97-53-21|94-95-92-98-85-91-14-42-15-73-72-39-67-23-22-41-87-44-16-86-38-43-57-2-74-75-56-4-25-55-54-24-80-68-77-12-26-58|65-50-28-69-31-30-33-71-34-29-79-3-76-40-99-61-84-5-1-51-9-81-78-35-66-20-32-10-70-13-96-59-37-100-93-17-60-89
262,3,1108.6305,387.201,144.0,943.919,0,3,37.685615,37.787353,True,27-1-69-52-82-48-47-36-19-62-63-90-11-64-49-46-8-7-18-6-53-26-55-25-21-58-13-96-93-100-85-17-83-60-89|94-95-92-98-45-14-91-44-42-73-72-39-67-23-41-15-38-86-84-99-5-59-37-97-87-43-57-2-74-75-56-4-54-24-80-68-77|28-33-3-29-34-65-71-30-31-88-61-16-22-40-12-76-50-51-9-81-79-78-35-66-20-32-10-70
263,3,1108.6305,387.201,144.0,943.919,0,3,37.685615,37.787353,True,27-1-69-52-82-48-47-36-19-62-63-90-11-64-49-46-8-7-18-6-53-26-55-25-21-58-13-96-93-100-85-17-83-60-89|94-95-92-98-45-14-91-44-42-73-72-39-67-23-41-15-38-86-84-99-5-59-37-97-87-43-57-2-74-75-56-4-54-24-80-68-77|28-33-3-29-34-65-71-30-31-88-61-16-22-40-12-76-50-51-9-81-79-78-35-66-20-32-10-70
264,3,1108.7352,392.0978,309.0,882.8803,0,3,37.717035,37.826885,True,82-48-47-36-45-94-95-92-98-37-42-15-14-44-38-86-16-61-5-99-59-2-22-41-57-87-97-6-96-84-17-91-43-100-85-93-60-89-13-58|83-28-26-12-29-33-50-76-39-67-23-73-40-53-1-30-71-9-51-81-34-78-79-68-54-21-72-74-75-56-4-25-55-24-80-3-77|27-69-65-88-62-11-63-90-64-49-19-46-8-18-7-10-32-66-35-20-70-31-52
265,3,1108.8727,389.6822,141.0,904.3585,0,3,37.758283,37.854232,True,28-33-34-29-39-23-15-42-14-38-44-91-96-18-88-19-49-10-90-32-66-35-20-70-1-50-77-68-80-24-25-26|27-69-31-62-11-64-63-30-65-71-9-51-81-78-79-3-76-12-6-86-84-8-46-82-83-17-60-94-13-58|52-7-48-47-36-45-5-59-92-85-16-61-99-53-40-21-73-72-67-22-41-57-87-97-95-2-54-55-4-56-75-74-43-100-37-98-93-89
266,3,1109.5397,395.3413,68.0,904.3585,0,3,37.958397,38.048095,True,28-33-34-29-39-23-15-42-14-38-44-91-99-96-6-88-19-49-10-90-32-66-35-20-70-1-50-77-68-80-24-25-26|27-69-31-62-11-64-63-30-65-71-9-51-81-78-79-3-76-12-87-86-84-8-46-82-83-17-60-94-95-97-13-58|52-7-48-47-36-45-5-59-92-98-85-16-61-18-53-40-21-73-72-67-22-41-57-2-54-55-4-56-75-74-43-100-37-93-89
267,3,1109.5397,395.3413,68.0,904.3585,0,3,37.958397,38.048095,True,28-33-34-29-39-23-15-42-14-38-44-91-99-96-6-88-19-49-10-90-32-66-35-20-70-1-50-77-68-80-24-25-26|27-69-31-62-11-64-63-30-65-71-9-51-81-78-79-3-76-12-87-86-84-8-46-82-83-17-60-94-95-97-13-58|52-7-48-47-36-45-5-59-92-98-85-16-61-18-53-40-21-73-72-67-22-41-57-2-54-55-4-56-75-74-43-100-37-93-89
268,3,1109.9888,429.1798,95.0,867.983,0,3,38.093117,38.18527,True,27-28-26-72-39-29-76-33-71-65-9-18-53-67-79-81-78-34-35-66-20-32-10-70-1-50-3-77-68-80-12|52-7-82-48-47-36-63-11-19-62-88-31-69-51-30-90-64-49-46-8-84-96-6-94-13-2-97-95-37-100-85-93-17-5-60-89|83-45-59-92-98-91-44-14-42-15-73-21-40-23-22-57-87-99-61-16-86-38-43-41-74-75-56-4-25-55-24-54-58
269,3,1109.9888,429.1798,95.0,867.983,0,3,38.093117,38.18527,True,27-28-26-72-39-29-76-33-71-65-9-18-53-67-79-81-78-34-35-66-20-32-10-70-1-50-3-77-68-80-12|52-7-82-48-47-36-63-11-19-62-88-31-69-51-30-90-64-49-46-8-84-96-6-94-13-2-97-95-37-100-85-93-17-5-60-89|83-45-59-92-98-91-44-14-42-15-73-21-40-23-22-57-87-99-61-16-86-38-43-41-74-75-56-4-25-55-24-54-58
270,3,1110.0371,281.987,126.0,943.4111,0,3,38.107591,38.192093,True,75-39-23-26-76-3-33-65-71-34-78-29-67-73-21-79-81-9-35-66-20-32-10-31-70-1-77-68-80-12-50|94-59-92-98-85-45-82-7-48-47-36-19-88-62-63-30-51-90-11-64-49-46-8-83-18-52-53|27-69-28-72-15-42-14-44-38-86-16-61-84-5-99-96-6-95-87-40-22-41-57-43-97-2-74-56-4-24-25-55-54-58-13-37-100-91-93-17-60-89
271,3,1110.0371,281.987,126.0,943.4111,0,3,38.107591,38.192093,True,75-39-23-26-76-3-33-65-71-34-78-29-67-73-21-79-81-9-35-66-20-32-10-31-70-1-77-68-80-12-50|94-59-92-98-85-45-82-7-48-47-36-19-88-62-63-30-51-90-11-64-49-46-8-83-18-52-53|27-69-28-72-15-42-14-44-38-86-16-61-84-5-99-96-6-95-87-40-22-41-57-43-97-2-74-56-4-24-25-55-54-58-13-37-100-91-93-17-60-89
272,3,1111.24,457.0714,44.0,885.2463,0,3,41.087836,41.182038,True,21-39-28-69-1-50-76-71-65-34-78-29-67-73-79-81-51-9-35-66-20-32-10-31-70-77-68-80-12|52-83-45-48-47-36-19-88-62-63-30-90-11-64-49-46-8-82-7-18-6-94-13-95-96-93-59-97-100-91-85-17-60-89|27-33-3-72-23-15-42-92-14-44-38-86-16-61-84-5-99-98-37-87-53-40-22-41-43-57-2-74-75-56-4-25-55-24-54-26-58
273,3,1111.24,457.0714,44.0,885.2463,0,3,41.087836,41.182038,True,21-39-28-69-1-50-76-71-65-34-78-29-67-73-79-81-51-9-35-66-20-32-10-31-70-77-68-80-12|52-83-45-48-47-36-19-88-62-63-30-90-11-64-49-46-8-82-7-18-6-94-13-95-96-93-59-97-100-91-85-17-60-89|27-33-3-72-23-15-42-92-14-44-38-86-16-61-84-5-99-98-37-87-53-40-22-41-43-57-2-74-75-56-4-25-55-24-54-26-58
274,3,1111.7697,394.3378,123.0,943.919,0,3,38.627399,38.729051,True,27-69-52-7-82-45-48-47-19-63-90-62-11-64-49-46-8-18-6-53-26-55-25-21-58-13-96-93-100-85-17-83-60-89|36-94-95-92-98-91-44-14-42-73-72-39-67-23-41-15-38-86-84-5-99-59-37-97-87-43-57-2-74-75-56-4-54-24-80-68-77|28-33-3-29-34-65-71-30-31-88-61-16-22-40-12-76-50-51-9-81-79-78-35-66-20-32-10-70-1
275,3,1111.9776,354.8728,126.0,904.3585,0,3,38.689751,38.779911,True,28-33-34-29-39-23-15-42-14-38-44-91-96-6-18-88-19-49-10-90-32-66-35-20-70-1-50-77-68-80-24-25-26|27-69-31-62-11-64-63-30-65-71-9-51-81-78-79-3-76-12-40-86-84-8-46-82-83-17-60-94-13-58|52-7-48-47-36-45-5-59-92-37-98-85-16-61-99-53-21-73-72-67-75-22-41-57-87-97-95-2-54-55-4-56-74-43-100-93-89
276,3,1111.9776,354.8728,126.0,904.3585,0,3,38.689751,38.779911,True,28-33-34-29-39-23-15-42-14-38-44-91-96-6-18-88-19-49-10-90-32-66-35-20-70-1-50-77-68-80-24-25-26|27-69-31-62-11-64-63-30-65-71-9-51-81-78-79-3-76-12-40-86-84-8-46-82-83-17-60-94-13-58|52-7-48-47-36-45-5-59-92-37-98-85-16-61-99-53-21-73-72-67-75-22-41-57-87-97-95-2-54-55-4-56-74-43-100-93-89
277,3,1112.032,274.6629,404.0,938.0228,0,3,38.706081,38.817075,True,94-95-92-36-45-44-14-42-73-72-39-67-23-41-15-38-86-84-5-99-59-37-97-87-43-57-2-21-74-75-56-4-25-55-54-24-80-68-77-12-26-13-58|28-1-50-33-29-34-71-30-31-88-18-61-16-91-22-40-76-3-79-78-81-51-9-35-66-20-32-10-70-52-89-60-83-17-85-100-98-93-96|27-69-7-82-48-47-19-11-63-65-90-62-64-49-46-8-6-53
278,3,1112.032,274.6629,404.0,938.0228,0,3,38.706081,38.817075,True,94-95-92-36-45-44-14-42-73-72-39-67-23-41-15-38-86-84-5-99-59-37-97-87-43-57-2-21-74-75-56-4-25-55-54-24-80-68-77-12-26-13-58|28-1-50-33-29-34-71-30-31-88-18-61-16-91-22-40-76-3-79-78-81-51-9-35-66-20-32-10-70-52-89-60-83-17-85-100-98-93-96|27-69-7-82-48-47-19-11-63-65-90-62-64-49-46-8-6-53
279,3,1112.2514,379.4859,87.0,904.3585,0,3,38.771898,38.861932,True,28-33-34-29-39-23-15-42-14-38-44-16-99-96-6-88-19-49-10-90-32-66-35-20-70-1-50-77-68-80-24-25-26|27-69-31-62-11-64-63-30-65-71-9-51-81-78-79-3-76-12-91-86-84-8-46-82-83-17-60-94-95-13-58|52-7-48-47-36-45-61-85-98-92-59-5-18-53-40-21-73-72-67-22-41-57-87-97-2-54-55-4-56-75-74-43-100-37-93-89
280,3,1113.1858,245.8498,268.0,940.7424,0,3,39.052228,39.146055,True,27-5-85-91-75-23-39-67-73-40-28-76-69-31-30-51-71-9-81-78-79-3-68-34-35-66-20-32-10-70-50-77-80-12-26|94-92-59-45-52-7-82-48-47-36-19-88-62-63-90-11-64-49-46-8-18-6-97-53|1-33-65-29-21-72-15-42-14-44-38-86-16-61-84-83-99-96-95-87-22-41-43-57-2-74-56-4-24-25-55-54-58-13-37-100-98-93-17-60-89
281,3,1113.429,389.6108,83.0,904.3585,0,3,39.125163,39.216668,True,28-33-34-29-39-23-15-42-14-38-44-91-99-96-6-18-88-19-49-10-90-32-66-35-20-70-1-50-77-68-80-24-25-26|27-69-31-62-11-64-63-30-65-71-9-51-81-78-79-3-76-12-53-86-84-8-46-82-83-17-60-94-97-13-58|52-7-48-47-36-45-5-92-85-16-61-59-21-73-72-67-75-22-41-57-87-95-2-40-54-55-4-56-74-43-100-37-98-93-89
282,3,1113.8842,411.747,119.0,881.5587,0,3,39.261739,39.356882,True,27-1-52-45-82-48-47-36-19-62-63-90-88-11-64-49-46-8-7-18-6-53-55-72-21-13-97-96-93-98-100-85-5-17-83-60-89|94-95-92-37-14-42-2-73-39-67-23-22-15-44-38-86-84-99-59-57-43-41-74-75-56-4-25-54-24-80-68-77-12-26-58|28-50-33-69-31-30-71-65-34-29-79-3-76-40-87-91-16-61-51-9-81-78-35-66-20-32-10-70
283,3,1113.8842,411.747,119.0,881.5587,0,3,39.261739,39.356882,True,27-1-52-45-82-48-47-36-19-62-63-90-88-11-64-49-46-8-7-18-6-53-55-72-21-13-97-96-93-98-100-85-5-17-83-60-89|94-95-92-37-14-42-2-73-39-67-23-22-15-44-38-86-84-99-59-57-43-41-74-75-56-4-25-54-24-80-68-77-12-26-58|28-50-33-69-31-30-71-65-34-29-79-3-76-40-87-91-16-61-51-9-81-78-35-66-20-32-10-70
284,3,1117.4701,452.1027,53.0,908.9889,0,3,40.342533,40.44232,True,94-92-28-27-69-1-50-33-30-71-65-34-78-29-72-73-21-76-3-79-81-51-9-35-66-20-32-10-31-70-77-68-80-12|52-83-45-82-48-47-36-19-88-62-63-90-11-64-49-7-18-6-96-99-59-97-87-57-43-91-46-17-85-100-93-5-60-89|39-23-15-42-14-44-38-86-16-61-84-8-53-67-40-2-41-22-74-75-56-4-25-55-24-54-26-13-95-98-37-58
285,3,1118.2826,400.6571,128.0,892.4619,0,3,40.581252,40.678586,True,28-33-34-29-39-23-15-42-14-38-44-16-91-96-6-88-19-49-10-90-32-66-35-20-70-1-50-77-68-80-26|27-69-31-62-11-64-63-30-65-71-9-51-81-78-79-3-76-12-40-86-84-8-46-82-83-17-60-94-13-58|52-7-48-47-36-45-5-59-92-37-98-85-61-99-18-53-21-73-72-67-22-41-57-87-95-97-43-74-75-56-4-25-55-24-54-2-100-93-89
286,3,1119.2735,390.2306,59.0,920.2821,0,3,40.878515,40.971855,True,28-33-34-29-39-23-15-42-14-38-44-91-96-6-88-19-49-90-32-66-35-20-10-70-1-50-77-68-80-24-25-12-26|27-69-31-62-11-64-63-30-65-71-9-51-81-78-79-3-76-87-37-86-84-8-46-82-83-17-60-94-95-97-13-58|52-7-48-47-36-45-5-59-92-98-85-16-61-99-18-53-40-73-72-67-22-41-57-2-21-54-55-4-56-75-74-43-100-93-89
287,3,1119.2735,390.2306,59.0,920.2821,0,3,40.878515,40.971855,True,28-33-34-29-39-23-15-42-14-38-44-91-96-6-88-19-49-90-32-66-35-20-10-70-1-50-77-68-80-24-25-12-26|27-69-31-62-11-64-63-30-65-71-9-51-81-78-79-3-76-87-37-86-84-8-46-82-83-17-60-94-95-97-13-58|52-7-48-47-36-45-5-59-92-98-85-16-61-99-18-53-40-73-72-67-22-41-57-2-21-54-55-4-56-75-74-43-100-93-89
288,3,1119.837,301.8919,417.0,935.7391,0,3,41.047579,41.165956,True,94-96-92-37-98-85-91-44-14-42-73-72-39-67-23-41-15-38-86-84-5-99-59-97-87-22-57-43-2-74-75-56-4-25-55-54-24-80-68-3-77-12-26-21-58|28-1-69-50-33-71-65-30-31-62-88-18-61-16-40-76-51-9-81-78-34-35-66-20-32-10-70-13-95-100-93-17-83-60-89|27-52-7-82-45-48-47-36-19-11-63-64-29-79-90-49-46-8-6-53
289,3,1121.3512,399.1242,235.0,886.0838,0,3,41.501829,41.609598,True,2-15-42-14-92-83-45-36-47-48-18-99-37-44-38-86-16-84-6-94-87-57-22-41-43-97-95-96-59-98-100-91-85-93-17-60-89-13-58|28-31-50-33-65-29-39-67-23-75-73-40-53-76-79-81-51-9-34-78-68-54-21-72-74-56-4-25-55-24-80-3-77-12-26|27-69-1-71-30-63-64-11-19-62-88-7-82-8-5-61-46-49-90-10-32-66-35-20-70-52
290,3,1123.5646,349.3876,329.0,882.8803,0,3,42.165856,42.275747,True,52-82-48-47-36-45-94-95-92-98-37-42-15-14-44-38-86-16-61-99-59-2-22-41-57-87-97-6-96-5-84-46-17-91-43-100-85-93-60-89-13-58|83-7-27-28-26-12-29-33-50-76-39-67-23-73-40-53-1-51-71-9-81-34-78-79-3-68-54-21-72-74-75-56-4-25-55-24-80-77|69-65-30-63-11-62-18-8-64-49-19-88-10-90-32-66-35-20-70-31
291,3,1123.5646,349.3876,329.0,882.8803,0,3,42.165856,42.275747,True,52-82-48-47-36-45-94-95-92-98-37-42-15-14-44-38-86-16-61-99-59-2-22-41-57-87-97-6-96-5-84-46-17-91-43-100-85-93-60-89-13-58|83-7-27-28-26-12-29-33-50-76-39-67-23-73-40-53-1-51-71-9-81-34-78-79-3-68-54-21-72-74-75-56-4-25-55-24-80-77|69-65-30-63-11-62-18-8-64-49-19-88-10-90-32-66-35-20-70-31
292,4,1124.9112,1124.4974,476.0,845.9718,0,4,141.201739,141.437764,True,48-47-36-94-95-92-98-37-42-15-14-44-38-86-16-61-99-59-87-57-41-22-73-2-40-6-96-5-84-46-17-91-43-100-85-93-60-89|83-45-28-26-12-33-50-76-39-23-67-29-78-34-9-81-79-3-68-54-21-72-74-75-56-4-25-55-24-80-77|27-69-1-62-11-63-65-71-51-30-90-64-49-19-88-18-8-82-7-10-32-66-35-20-70-31-52|53-58-97-13
293,3,1127.4559,351.6295,157.0,904.3585,0,3,43.333256,43.430673,True,28-33-34-29-39-23-15-42-14-38-44-91-6-88-19-49-10-90-32-66-35-20-70-1-50-77-68-80-24-25-26|27-69-31-62-11-64-63-30-65-71-9-51-81-78-79-3-76-12-40-86-84-8-46-82-83-17-60-94-13-58|52-7-48-47-36-45-5-59-92-98-85-16-61-99-96-18-53-21-73-72-67-22-41-57-2-87-97-95-54-55-4-56-75-74-43-100-37-93-89
294,3,1127.7854,237.0663,428.0,924.3137,0,3,43.432091,43.542515,True,94-96-92-37-98-85-45-91-44-14-42-73-72-39-67-23-41-15-38-86-84-5-99-59-97-87-43-57-2-21-74-75-56-4-25-55-54-24-80-68-3-77-12-26-58|50-33-1-69-29-65-71-30-31-88-18-61-16-22-40-76-51-9-81-79-78-34-35-66-20-32-10-70-13-95-100-93-17-83-60-89|52-7-82-48-47-36-64-63-11-19-62-27-28-90-49-46-8-6-53
295,3,1127.7854,237.0663,428.0,924.3137,0,3,43.432091,43.542515,True,94-96-92-37-98-85-45-91-44-14-42-73-72-39-67-23-41-15-38-86-84-5-99-59-97-87-43-57-2-21-74-75-56-4-25-55-54-24-80-68-3-77-12-26-58|50-33-1-69-29-65-71-30-31-88-18-61-16-22-40-76-51-9-81-79-78-34-35-66-20-32-10-70-13-95-100-93-17-83-60-89|52-7-82-48-47-36-64-63-11-19-62-27-28-90-49-46-8-6-53
296,3,1128.1625,236.6892,428.0,924.3137,0,3,43.545232,43.655713,True,94-96-92-37-98-45-85-91-44-14-42-73-72-39-67-23-41-15-38-86-84-5-99-59-97-87-43-57-2-21-74-75-56-4-25-55-54-24-80-68-3-77-12-26-58|50-33-1-69-29-65-71-30-31-88-18-61-16-22-40-76-51-9-81-79-78-34-35-66-20-32-10-70-13-95-100-93-17-83-60-89|52-7-82-48-47-36-64-63-11-19-62-27-28-90-49-46-8-6-53
297,3,1128.5304,249.1655,378.0,939.2978,0,3,43.655581,43.765291,True,94-95-92-98-85-91-44-14-42-73-72-39-67-23-41-15-38-86-16-84-5-99-59-37-97-87-43-57-2-21-74-75-56-4-25-55-54-24-80-68-77-12-26-58|28-50-3-29-34-65-71-33-76-51-30-90-62-88-61-22-40-79-78-9-35-66-20-32-10-70-1-13-96-93-100-17-83-60-89|52-45-27-69-31-7-82-48-47-36-19-63-81-11-64-49-46-8-18-6-53
298,3,1128.5304,249.1655,378.0,939.2978,0,3,43.655581,43.765291,True,94-95-92-98-85-91-44-14-42-73-72-39-67-23-41-15-38-86-16-84-5-99-59-37-97-87-43-57-2-21-74-75-56-4-25-55-54-24-80-68-77-12-26-58|28-50-3-29-34-65-71-33-76-51-30-90-62-88-61-22-40-79-78-9-35-66-20-32-10-70-1-13-96-93-100-17-83-60-89|52-45-27-69-31-7-82-48-47-36-19-63-81-11-64-49-46-8-18-6-53
299,3,1129.7294,281.44,197.0,940.7424,0,3,44.015296,44.112324,True,5-85-91-2-75-21-26-28-69-50-76-33-71-65-34-78-29-67-3-79-81-51-9-35-66-20-32-10-31-70-1-77-68-24-80-12|94-92-59-96-82-36-47-48-7-88-62-11-63-30-90-64-49-19-46-8-18-6-95-97-53|45-83-52-27-39-23-15-42-14-44-38-86-16-61-84-99-87-40-73-72-22-41-43-57-74-56-4-25-55-54-58-13-37-100-98-93-17-60-89
300,3,1129.7294,281.44,197.0,940.7424,0,3,44.015296,44.112324,True,5-85-91-2-75-21-26-28-69-50-76-33-71-65-34-78-29-67-3-79-81-51-9-35-66-20-32-10-31-70-1-77-68-24-80-12|94-92-59-96-82-36-47-48-7-88-62-11-63-30-90-64-49-19-46-8-18-6-95-97-53|45-83-52-27-39-23-15-42-14-44-38-86-16-61-84-99-87-40-73-72-22-41-43-57-74-56-4-25-55-54-58-13-37-100-98-93-17-60-89
301,3,1133.0055,354.078,138.0,904.3585,0,3,44.998139,45.095688,True,28-33-34-29-39-23-67-15-38-44-91-96-6-88-19-49-10-90-32-66-35-20-70-1-50-77-68-80-24-25-26|27-69-31-62-11-64-63-30-65-71-9-51-81-78-79-3-76-12-40-86-84-8-46-82-83-17-60-94-13-58|52-7-48-47-36-45-5-59-92-42-14-61-16-85-98-99-18-53-21-73-72-22-41-57-87-97-95-2-54-55-4-56-75-74-43-100-37-93-89
302,3,1133.985,267.1844,241.0,940.7424,0,3,45.291977,45.392543,True,52-5-85-91-75-39-23-26-76-3-33-65-71-34-78-29-67-73-21-50-79-81-9-35-66-20-32-10-31-70-1-77-68-24-80-12|94-92-59-45-82-7-48-47-36-19-88-62-63-30-51-90-11-64-49-46-8-18-6-97-53|27-69-28-72-15-42-14-44-38-86-16-61-84-83-99-96-95-87-40-22-41-43-57-2-74-56-4-25-55-54-58-13-37-100-98-93-17-60-89
303,3,1134.0343,364.3233,295.0,860.7551,0,3,45.306756,45.41531,True,94-95-92-96-5-45-85-91-44-14-42-73-72-39-67-23-41-15-38-86-84-6-99-59-37-97-87-43-57-2-21-74-75-56-4-25-55-54-24-80-68-77-26|28-33-3-29-34-65-71-30-31-88-61-16-22-40-12-76-50-51-9-81-79-78-35-66-20-32-10-70-1-52-89|27-69-62-63-11-36-47-53-64-49-19-90-7-18-8-82-48-46-17-83-60-93-98-100-13-58
304,3,1134.0343,364.3233,295.0,860.7551,0,3,45.306756,45.41531,True,94-95-92-96-5-45-85-91-44-14-42-73-72-39-67-23-41-15-38-86-84-6-99-59-37-97-87-43-57-2-21-74-75-56-4-25-55-54-24-80-68-77-26|28-33-3-29-34-65-71-30-31-88-61-16-22-40-12-76-50-51-9-81-79-78-35-66-20-32-10-70-1-52-89|27-69-62-63-11-36-47-53-64-49-19-90-7-18-8-82-48-46-17-83-60-93-98-100-13-58
305,3,1134.6308,241.9921,407.0,924.3137,0,3,45.485718,45.596835,True,94-96-92-37-98-85-45-91-44-14-42-72-39-67-23-41-15-38-86-84-5-99-59-97-87-43-57-2-21-74-75-56-4-25-55-54-24-80-68-3-77-12-26-58|50-33-1-69-29-65-71-30-31-88-61-16-22-73-40-76-51-81-79-78-34-9-35-66-20-32-10-70-13-95-100-93-17-83-60-89|52-7-82-48-47-36-64-63-11-19-62-27-28-90-49-46-8-18-6-53
306,3,1134.6308,241.9921,407.0,924.3137,0,3,45.485718,45.596835,True,94-96-92-37-98-85-45-91-44-14-42-72-39-67-23-41-15-38-86-84-5-99-59-97-87-43-57-2-21-74-75-56-4-25-55-54-24-80-68-3-77-12-26-58|50-33-1-69-29-65-71-30-31-88-61-16-22-73-40-76-51-81-79-78-34-9-35-66-20-32-10-70-13-95-100-93-17-83-60-89|52-7-82-48-47-36-64-63-11-19-62-27-28-90-49-46-8-18-6-53
307,3,1135.1949,276.106,241.0,938.5769,0,3,45.654944,45.756887,True,5-85-91-14-42-75-26-28-50-33-71-65-34-78-79-3-29-72-22-73-40-53-51-81-9-35-66-20-32-10-31-70-1-77-68-24-80-12|94-92-59-45-82-7-48-47-36-19-11-63-62-88-30-90-64-49-46-8-18-86-6|83-52-27-69-76-39-67-23-41-15-44-38-16-61-84-99-96-97-87-43-57-2-74-56-4-54-55-25-21-58-13-95-37-100-98-93-17-60-89
308,3,1135.1949,276.106,241.0,938.5769,0,3,45.654944,45.756887,True,5-85-91-14-42-75-26-28-50-33-71-65-34-78-79-3-29-72-22-73-40-53-51-81-9-35-66-20-32-10-31-70-1-77-68-24-80-12|94-92-59-45-82-7-48-47-36-19-11-63-62-88-30-90-64-49-46-8-18-86-6|83-52-27-69-76-39-67-23-41-15-44-38-16-61-84-99-96-97-87-43-57-2-74-56-4-54-55-25-21-58-13-95-37-100-98-93-17-60-89
309,3,1136.8783,364.7071,293.0,860.7551,0,3,46.159967,46.269232,True,94-95-92-98-85-45-91-44-14-42-73-72-39-67-23-41-15-38-86-84-5-6-99-59-37-97-87-43-57-2-21-74-75-56-4-25-55-54-24-80-68-77-26|28-33-3-29-34-65-71-30-31-88-61-16-22-40-12-76-50-51-9-81-79-78-35-66-20-32-10-70-1-52-89|27-69-62-63-11-36-47-53-64-49-19-90-7-18-8-82-48-46-17-83-60-96-93-100-13-58
310,3,1136.8783,364.7071,293.0,860.7551,0,3,46.159967,46.269232,True,94-95-92-98-85-45-91-44-14-42-73-72-39-67-23-41-15-38-86-84-5-6-99-59-37-97-87-43-57-2-21-74-75-56-4-25-55-54-24-80-68-77-26|28-33-3-29-34-65-71-30-31-88-61-16-22-40-12-76-50-51-9-81-79-78-35-66-20-32-10-70-1-52-89|27-69-62-63-11-36-47-53-64-49-19-90-7-18-8-82-48-46-17-83-60-96-93-100-13-58
311,3,1139.524,245.8047,350.0,989.8823,0,3,46.953663,47.070955,True,85-91-92-75-26-69-50-3-76-33-71-65-34-78-29-67-73-21-79-81-51-9-35-66-20-32-10-31-70-1-77-68-80-12|59-45-52-7-82-48-47-36-19-88-62-63-30-90-11-64-49-46-8-18-6|27-28-72-39-23-15-42-14-44-38-86-16-61-84-5-99-96-95-94-53-40-22-41-57-87-97-43-2-74-56-4-25-55-24-54-58-13-89-60-83-17-100-37-98-93
312,3,1143.5299,325.5007,254.0,892.539,0,3,48.155437,48.261683,True,26-39-2-15-42-14-37-92-5-45-36-47-48-82-83-44-38-86-61-84-6-94-87-57-22-41-43-97-96-59-93-100-91-85-17-60-89-13-58|28-50-33-29-12-67-23-73-40-95-98-16-99-53-76-3-79-81-9-34-78-68-54-21-72-74-75-56-4-25-55-24-80-77|27-69-1-31-62-11-63-30-65-71-51-90-64-49-19-88-52-18-8-46-7-10-32-66-35-20-70
313,3,1143.5299,325.5007,254.0,892.539,0,3,48.155437,48.261683,True,26-39-2-15-42-14-37-92-5-45-36-47-48-82-83-44-38-86-61-84-6-94-87-57-22-41-43-97-96-59-93-100-91-85-17-60-89-13-58|28-50-33-29-12-67-23-73-40-95-98-16-99-53-76-3-79-81-9-34-78-68-54-21-72-74-75-56-4-25-55-24-80-77|27-69-1-31-62-11-63-30-65-71-51-90-64-49-19-88-52-18-8-46-7-10-32-66-35-20-70
314,3,1144.3551,382.691,181.0,882.9736,0,3,48.403009,48.509347,True,27-1-52-45-82-48-47-36-19-62-63-90-88-11-64-49-46-8-7-18-6-94-53-55-21-13-97-100-85-93-96-5-17-60-83-89|95-92-98-91-14-42-15-73-72-39-67-23-22-41-87-44-38-86-84-99-59-37-43-57-2-74-75-56-4-25-54-24-80-68-77-12-26-58|28-50-34-33-69-31-30-71-65-29-79-3-76-40-16-61-51-9-81-78-35-66-20-32-10-70
315,3,1144.7646,353.0118,138.0,904.3585,0,3,48.525866,48.626782,True,28-33-34-29-39-23-15-42-14-38-44-91-96-6-88-19-49-10-90-32-66-35-20-70-1-50-77-68-80-24-25-26|27-69-31-62-11-64-63-30-65-71-9-51-81-78-79-3-76-12-40-86-84-8-46-82-83-17-60-94-13-58|52-7-48-47-36-45-5-59-92-98-85-16-61-99-18-53-21-73-72-67-22-57-41-87-97-95-2-54-55-4-56-75-74-43-100-37-93-89
316,3,1146.3467,264.8227,213.0,940.7424,0,3,49.00049,49.10161,True,5-85-91-2-75-26-50-76-33-71-65-34-78-29-67-21-3-79-81-51-9-35-66-20-32-10-31-70-1-77-68-24-80-12|94-92-59-52-7-82-48-47-36-62-88-30-63-90-11-64-49-19-46-8-18-6-95-97-53|83-45-27-69-28-39-23-15-42-14-44-38-86-16-61-84-99-96-87-40-73-72-22-41-43-57-74-56-4-25-55-54-58-13-37-100-98-93-17-60-89
317,3,1147.4496,329.5147,138.0,894.2392,0,3,49.331355,49.428035,True,50-28-33-34-29-39-23-15-42-14-38-44-91-96-6-88-19-49-10-90-32-66-35-20-70-1-77-68-80-24-25-26|27-69-31-62-11-64-63-30-65-71-9-51-81-78-79-3-76-12-40-86-84-8-46-82-83-17-60-94-13-58|52-7-48-47-36-45-5-59-92-98-85-16-61-99-18-53-21-73-72-67-22-41-57-87-97-95-2-54-55-4-56-75-74-43-100-37-93-89
318,3,1147.4496,329.5147,138.0,894.2392,0,3,49.331355,49.428035,True,50-28-33-34-29-39-23-15-42-14-38-44-91-96-6-88-19-49-10-90-32-66-35-20-70-1-77-68-80-24-25-26|27-69-31-62-11-64-63-30-65-71-9-51-81-78-79-3-76-12-40-86-84-8-46-82-83-17-60-94-13-58|52-7-48-47-36-45-5-59-92-98-85-16-61-99-18-53-21-73-72-67-22-41-57-87-97-95-2-54-55-4-56-75-74-43-100-37-93-89
319,3,1148.245,353.0515,321.0,886.0544,0,3,49.569987,49.687509,True,39-2-15-42-14-92-45-36-47-48-18-61-91-44-38-86-16-84-99-6-94-87-57-22-41-43-97-95-96-59-98-37-100-85-93-17-5-60-89-13-58|28-31-63-50-33-29-12-26-67-23-73-40-53-76-79-81-51-20-9-34-78-68-54-21-72-74-75-56-4-25-55-24-80-3-77|27-69-1-30-71-65-64-11-19-62-88-7-82-83-8-46-49-10-90-32-66-35-70-52
320,3,1150.4674,267.8622,167.0,963.6016,0,3,50.236703,50.338344,True,85-91-15-75-26-76-3-33-65-71-34-78-29-67-72-73-21-40-12-79-81-9-35-66-20-32-10-70-1-50-77-68-80-25|94-92-59-5-83-45-82-7-48-47-36-19-88-62-63-30-51-90-11-64-49-46-8-18-52-6-53|27-31-69-28-39-23-42-14-44-38-86-16-61-84-99-96-95-87-97-22-41-57-43-2-74-56-4-55-24-54-58-13-60-17-100-37-98-93-89
321,3,1150.4674,267.8622,167.0,963.6016,0,3,50.236703,50.338344,True,85-91-15-75-26-76-3-33-65-71-34-78-29-67-72-73-21-40-12-79-81-9-35-66-20-32-10-70-1-50-77-68-80-25|94-92-59-5-83-45-82-7-48-47-36-19-88-62-63-30-51-90-11-64-49-46-8-18-52-6-53|27-31-69-28-39-23-42-14-44-38-86-16-61-84-99-96-95-87-97-22-41-57-43-2-74-56-4-55-24-54-58-13-60-17-100-37-98-93-89
322,3,1151.1291,373.5379,159.0,880.7589,0,3,50.435215,50.53968,True,27-52-7-82-45-48-47-36-19-62-63-90-88-11-64-49-46-8-18-6-53-94-21-13-97-100-85-93-96-5-17-83-60-89|95-92-98-91-14-42-15-73-72-39-67-23-22-41-87-44-38-86-99-59-37-43-57-2-74-75-56-4-55-54-24-25-80-68-77-12-26-58|65-50-28-69-31-30-71-33-34-29-79-3-76-40-16-61-84-1-51-9-81-78-35-66-20-32-10-70
323,3,1151.1291,373.5379,159.0,880.7589,0,3,50.435215,50.53968,True,27-52-7-82-45-48-47-36-19-62-63-90-88-11-64-49-46-8-18-6-53-94-21-13-97-100-85-93-96-5-17-83-60-89|95-92-98-91-14-42-15-73-72-39-67-23-22-41-87-44-38-86-99-59-37-43-57-2-74-75-56-4-55-54-24-25-80-68-77-12-26-58|65-50-28-69-31-30-71-33-34-29-79-3-76-40-16-61-84-1-51-9-81-78-35-66-20-32-10-70
324,3,1154.9289,332.2058,350.0,882.8803,0,3,51.575151,51.693974,True,52-82-48-47-36-45-94-95-92-98-37-42-15-14-44-38-86-16-61-5-99-59-22-2-41-57-87-97-6-96-84-46-17-91-43-100-85-93-60-89-13-58|83-7-27-28-26-12-29-33-50-76-39-67-23-73-40-53-1-30-71-9-51-81-34-78-79-68-54-21-72-74-75-56-4-25-55-24-80-3-77|69-65-63-62-18-8-11-64-49-19-88-10-90-32-66-35-20-70-31
325,3,1155.882,213.6692,202.0,944.6575,0,3,51.861085,51.95688,True,95-92-85-91-14-42-75-39-26-76-3-71-65-34-78-29-67-21-79-81-51-9-35-66-20-32-10-31-70-1-77-68-80|94-96-5-83-45-82-36-47-48-7-62-88-30-63-90-11-64-49-19-46-8-84-18-52-53|28-27-69-50-33-12-72-23-15-38-44-86-16-61-99-6-87-40-73-22-41-57-43-59-97-2-74-56-4-24-25-55-54-58-13-37-100-98-93-17-60-89
326,3,1155.882,213.6692,202.0,944.6575,0,3,51.861085,51.95688,True,95-92-85-91-14-42-75-39-26-76-3-71-65-34-78-29-67-21-79-81-51-9-35-66-20-32-10-31-70-1-77-68-80|94-96-5-83-45-82-36-47-48-7-62-88-30-63-90-11-64-49-19-46-8-84-18-52-53|28-27-69-50-33-12-72-23-15-38-44-86-16-61-99-6-87-40-73-22-41-57-43-59-97-2-74-56-4-24-25-55-54-58-13-37-100-98-93-17-60-89
327,3,1156.6823,310.8261,171.0,846.0095,0,3,52.101177,52.193889,True,94-95-92-98-91-44-14-42-73-72-39-67-23-41-15-16-86-84-5-99-96-59-37-97-87-53-57-2-21-74-75-56-4-25-55-54-24-80-68-77|28-33-3-29-34-65-71-30-31-62-88-18-61-6-40-26-12-76-50-51-9-81-79-78-35-66-20-32-10-70-1|27-69-52-45-48-47-36-19-63-64-11-90-7-82-8-38-22-43-46-49-83-60-17-93-85-100-13-58-89
328,3,1160.5336,313.7015,74.0,844.0081,0,3,53.25657,53.340868,True,28-33-29-23-15-42-14-44-38-86-16-91-87-95-6-96-5-84-83-8-82-7-90-32-66-35-20-70-31-60-89|52-48-47-36-63-65-71-76-27-69-62-11-64-19-88-30-51-9-81-34-78-79-3-50-1-10-49-46-17-93-100-97-13-58|26-12-39-2-92-59-37-98-85-61-45-18-99-94-53-40-21-73-72-67-75-22-41-43-57-74-56-4-25-55-54-24-80-68-77
329,3,1161.5705,235.1353,244.0,923.8418,0,3,53.567614,53.669413,True,52-5-85-91-75-39-26-28-76-3-33-65-71-34-78-29-67-73-21-40-50-79-81-9-35-66-20-32-10-31-70-1-77-68-24-25-80-12|94-92-59-83-45-36-47-48-82-7-62-88-63-30-51-90-11-64-49-19-46-8-18-6-53|27-69-23-15-42-14-44-38-86-16-61-84-99-96-95-87-72-22-41-43-57-2-74-56-4-55-54-58-97-13-37-100-98-93-17-60-89
330,5,1166.1498,1765.2289,240.0,804.0798,0,5,237.31147,237.626393,True,27-1-69-52-82-47-36-19-62-63-90-11-64-49-46-8-7-18-53-48-26-55-25-21-58-13|73-72-39-67-23-41-15-38-43-57-2-74-75-56-4-54-24-80-68-77|28-33-3-29-34-65-71-30-31-88-40-22-12-76-50-51-9-81-79-78-35-66-20-32-10-70|6-85-91-84-17-83-5-93-96-94|45-59-92-98-37-42-14-44-86-16-61-99-95-97-87-100-60-89
331,3,1166.5327,221.7919,240.0,930.6261,0,3,55.056275,55.158179,True,5-85-91-75-39-23-26-76-3-33-65-71-34-78-29-67-73-21-51-79-81-9-35-66-20-32-10-31-70-1-77-68-80-12-50|94-92-59-45-52-7-82-48-47-36-19-88-62-63-30-90-11-64-49-46-8-18-6-97-53|27-69-28-72-15-42-14-44-38-86-16-61-84-83-99-96-95-37-87-40-22-41-43-57-2-74-56-4-24-25-55-54-58-13-100-98-93-17-60-89
332,3,1167.6661,292.6212,49.0,844.0081,0,3,55.396318,55.477094,True,33-29-39-23-15-42-14-44-38-86-16-91-87-94-6-96-99-5-84-83-8-7-10-32-66-35-20-70-31-52-89|82-48-47-36-63-65-71-76-28-27-69-88-62-19-11-90-30-51-9-81-34-78-79-3-50-1-49-46-17-60-93-100-97-13-58|12-26-21-72-75-2-95-59-92-37-98-85-61-45-64-18-53-40-73-67-22-41-43-57-74-56-4-25-55-54-24-80-68-77
333,3,1176.9985,233.2888,225.0,931.0544,0,3,58.196014,58.301347,True,5-85-91-75-39-26-28-50-76-3-71-65-34-78-29-67-73-21-79-81-51-9-35-66-20-32-10-31-70-1-77-68-80-25-12|94-92-59-83-45-36-47-48-82-7-62-88-30-63-90-11-64-49-19-46-8-84-18-6-53|27-69-33-23-15-42-14-44-38-86-16-61-99-96-95-87-40-72-22-41-57-43-97-2-74-56-4-55-24-54-58-13-37-100-98-93-17-60-89-52
334,3,1177.1414,462.0789,5.0,922.0701,0,3,58.238882,58.355228,True,94-92-28-69-1-50-33-30-71-65-34-78-29-22-40-76-3-79-81-51-9-66-20-32-10-46-31-70-35-77-68-80-12|52-83-45-82-48-47-36-19-88-62-63-90-11-64-49-7-18-6-96-99-59-97-87-53-2-43-100-85-93-17-5-60-89|27-21-72-39-23-15-42-14-44-38-86-16-61-84-8-73-67-41-57-74-75-56-4-25-55-24-54-26-58-13-37-91-98-95
335,3,1180.6565,209.7368,238.0,933.1123,0,3,59.293435,59.397942,True,94-96-91-75-39-26-28-50-76-3-71-65-34-78-29-67-73-21-79-81-51-9-35-66-20-32-10-70-1-77-68-80-25-12|92-59-83-45-82-48-47-36-64-63-19-11-62-7-88-31-30-90-49-46-8-18-52-6-53|27-69-33-23-15-42-14-44-38-86-16-61-84-5-99-87-40-72-22-41-57-43-97-2-74-56-4-55-24-54-58-13-95-37-100-98-93-85-17-60-89
336,11,1185.9955,5471.4764,174.0,799.4391,0,11,793.248588,794.119906,True,1-79-78-81-51-9-35-34-3-77-68-80|88-62-11-64-49-19-7-52|73-39-67-23-56-75-41-22-74-72-21-26|27-69-30-63-90-32-10-31|28-76-29-24-55-25-4-54-12|50-33-71-65-66-20-70|94-59-85-91-44-14-38-86-16-61-84-60-89|95-92-37-15-42-100-98-93|6-96-5-17-83-82|48-45-46-18-40-2-43-97-13-58|47-36-8-99-87-57-53
337,3,1186.4752,170.1673,258.0,945.8629,0,3,61.039032,61.143261,True,5-85-91-14-75-26-50-3-76-33-71-65-34-78-29-67-73-21-79-81-51-9-35-66-20-32-10-31-70-1-77-68-80-12|94-92-59-52-7-82-48-47-36-62-88-30-63-90-11-64-49-19-46-8-18-6-53|45-27-69-28-72-39-23-15-42-44-38-86-16-61-84-83-99-96-95-87-40-22-41-57-43-97-2-74-56-4-24-25-55-54-58-13-37-100-98-93-17-60-89
338,3,1202.927,273.2131,79.0,875.139,0,3,65.974572,66.070684,True,26-12-28-27-69-1-31-88-7-47-36-19-11-64-90-30-71-34-78-79-81-9-51-20-10-32-66-35-24-54-80-68-77-3-70-89-58|21-39-75-72-2-15-42-37-92-98-85-61-91-14-86-5-99-96-6-94-95-87-57-73-22-41-40-53-43-74-56-25-55-4|50-33-65-63-62-45-16-44-38-23-67-29-76-52-18-82-48-49-46-8-83-84-17-60-93-100-97-59-13
339,3,1205.0548,202.4293,231.0,923.8418,0,3,66.612901,66.72154,True,45-5-85-91-14-75-39-26-76-3-33-71-34-78-29-67-73-21-79-81-51-9-35-66-20-32-10-31-70-1-77-68-24-25-80-12|94-92-59-52-7-82-48-47-36-62-88-63-65-30-90-11-64-49-19-46-8-18-6-53|27-69-50-28-72-23-15-42-44-38-86-16-61-84-83-99-96-95-87-40-22-41-43-57-2-74-56-4-55-54-58-97-13-37-100-98-93-17-60-89
340,3,1208.2282,151.0171,268.0,921.0002,0,3,67.56492,67.670073,True,5-85-91-14-75-39-12-3-76-50-33-65-71-34-78-29-67-73-21-51-79-81-9-35-66-20-32-10-31-70-1-77-68-80-25-26|94-92-59-52-7-82-48-47-36-62-88-30-63-90-11-64-49-19-46-8-18-53|83-45-69-27-28-72-23-15-42-44-38-86-16-61-84-99-96-6-87-40-22-41-57-43-97-2-74-56-4-55-24-54-58-13-95-37-100-98-93-17-60-89
341,3,1214.8156,272.8906,185.0,857.8544,0,3,69.541141,69.648779,True,33-65-29-45-5-61-16-38-86-15-23-67-57-87-6-84-83-8-7-32-66-35-20-70-52-89|82-48-47-36-64-63-11-19-62-31-69-27-28-30-90-51-71-9-81-34-78-79-3-50-1-10-49-46-17-60-93-100-97-95-94-13-58|26-21-72-39-75-2-42-14-44-91-85-98-37-92-59-99-96-18-88-76-53-40-73-22-41-43-74-56-4-25-55-54-24-80-68-77-12
342,3,1215.1779,259.1662,77.0,896.0975,0,3,69.649844,69.750469,True,26-72-39-3-33-1-69-27-59-42-15-40-28-51-30-88-19-49-8-18-52-10-90-32-20-66-35-34-70-50-77-68-80-24-25-12|31-62-11-64-63-65-71-9-81-29-78-79-76-53-6-87-37-86-85-84-82-48-46-17-5-60-89|7-47-36-45-83-96-94-92-98-91-14-38-44-16-61-99-41-22-23-67-73-57-2-21-54-55-4-56-75-74-43-100-93-97-95-13-58
343,6,1217.669,1704.0515,373.0,840.1187,0,6,228.134852,228.47506,True,94-92-28-69-1-50-76-33-71-65-34-78-29-67-3-79-81-51-9-35-66-20-32-10-31-70-77-68-80|52-83-45-82-48-47-36-19-88-62-63-30-90-11-64-49-7-18-6-96-99-59-97-43-100-93-17-5-60-89|27-42-14-44-38-86-16-61-84-46-8-37-91-85-98-95-25-55-24|12-54-26-21-72-56-4-75-74-2-13-58|53-40-73-22-41-57-87|15-23-39
344,3,1225.3463,272.9604,144.0,844.0081,0,3,72.700364,72.804995,True,28-23-15-42-92-14-44-38-86-16-91-87-6-96-61-5-84-83-8-82-7-10-32-66-35-20-70-52-60-89|48-47-36-63-62-27-29-76-33-71-65-64-11-90-30-51-9-81-34-78-79-3-50-1-31-49-46-17-93-100-97-95-94-13-58|12-26-21-72-39-75-2-59-37-98-85-45-19-88-69-18-99-53-40-73-67-22-41-43-57-74-56-4-25-55-54-24-80-68-77
345,3,1229.2036,255.5305,76.0,844.0081,0,3,73.857545,73.953919,True,33-29-23-42-92-14-15-38-44-86-16-91-87-94-6-96-5-84-83-8-7-10-32-66-35-20-70-31-52-60-89|82-48-47-36-63-62-69-27-28-76-71-65-64-19-11-90-30-51-9-81-34-78-79-3-50-1-49-46-17-93-100-97-13-58|26-12-39-72-2-95-59-37-98-85-61-45-88-18-99-53-40-21-73-67-22-41-43-57-74-75-56-4-25-55-54-24-80-68-77
346,3,1230.474,302.4733,34.0,860.6304,0,3,74.238663,74.340752,True,33-65-29-28-16-44-14-42-15-23-67-76-6-96-87-91-86-84-8-83-5-7-10-32-66-35-20-70-31-52-60-89|82-48-47-36-64-63-11-19-62-88-27-69-30-51-81-9-71-34-78-79-3-50-1-90-49-46-17-93-100-97-94-13-58|12-26-21-39-72-2-95-92-37-98-85-61-45-18-99-59-53-40-73-22-41-38-43-57-74-75-56-4-25-55-54-24-80-68-77
347,3,1231.7487,266.8317,55.0,857.8544,0,3,74.621087,74.719896,True,27-33-29-23-42-92-14-15-38-44-86-16-91-87-94-6-96-99-5-84-83-7-10-32-66-35-20-70-31-52-60-89|82-48-47-36-63-64-65-71-76-28-69-88-62-19-90-30-51-9-81-34-78-79-3-50-1-49-46-17-93-100-97-13-58|26-21-39-75-2-95-59-37-98-85-61-45-11-8-18-53-40-73-72-67-22-41-43-57-74-56-4-25-55-54-24-80-68-77-12
348,3,1239.2862,149.1592,246.0,919.1407,0,3,76.882344,76.994056,True,5-85-91-14-75-39-26-12-76-50-71-65-34-78-29-67-73-21-79-81-51-9-35-66-20-32-10-31-70-1-77-68-80-24-25|94-92-59-52-7-82-48-47-36-62-88-30-63-90-11-64-49-19-46-84-18-6-53|83-45-27-28-69-33-3-23-15-42-44-38-86-16-61-8-99-96-95-87-40-72-22-41-57-43-97-2-74-56-4-55-54-58-13-37-100-98-93-17-60-89
349,3,1242.2949,173.6186,233.0,943.7217,0,3,77.784949,77.903621,True,85-91-14-75-39-26-3-50-76-71-65-34-78-29-67-73-40-79-81-51-9-35-66-20-32-10-31-70-1-77-68-80-24-25-12|94-92-59-52-7-82-48-47-36-19-88-62-63-30-90-11-64-49-46-84-5-6-53|45-27-28-69-33-72-23-15-42-44-38-86-16-61-83-8-18-99-96-95-87-97-22-41-57-43-2-74-56-4-55-54-21-58-13-37-100-98-93-17-60-89
350,3,1256.7084,217.3669,142.0,844.0081,0,3,82.109008,82.214509,True,33-29-23-42-92-14-15-38-44-86-16-91-87-94-6-96-5-84-83-8-7-32-20-66-35-70-52-60-89|82-48-47-36-63-62-31-69-27-28-76-71-65-90-64-88-30-51-9-81-34-78-79-3-50-1-10-49-46-17-93-100-97-13-58|12-26-21-72-39-75-2-95-59-37-98-85-61-45-19-11-18-99-53-40-73-67-22-41-43-57-74-56-4-25-55-54-24-80-68-77
351,3,1262.2872,196.4716,151.0,908.7691,0,3,83.78265,83.897304,True,27-1-52-82-47-36-19-64-63-11-62-88-53-6-96-44-38-86-83-18-8-46-49-48-7-12-24-55-25-58-13-93-100-85-17-60-89|94-95-92-98-14-42-15-69-26-21-73-39-29-67-23-22-41-87-99-5-84-59-37-97-43-57-2-72-74-75-56-4-54-80-68-77|28-50-3-33-65-30-31-45-61-16-91-40-76-81-9-71-90-51-79-78-34-35-66-20-32-10-70
352,3,1268.9472,117.2769,228.0,935.5649,0,3,85.780649,85.897141,True,5-85-91-14-26-75-67-39-73-21-76-3-29-81-9-30-1-31-10-51-79-78-34-35-66-20-32-70-50-77-68-80-25-12|94-92-59-52-7-82-48-47-36-62-88-63-65-71-90-11-64-49-19-46-84-18-6-53|45-33-69-27-28-72-23-15-42-44-38-86-16-61-8-83-99-96-95-87-40-22-41-57-43-97-2-74-56-4-55-24-54-58-13-37-100-98-93-17-60-89
353,3,1277.1429,393.858,18.0,949.6102,0,3,88.239332,88.380877,True,42-2-21-39-26-50-76-71-65-34-78-29-67-73-40-79-81-51-9-35-66-20-32-10-70-1-77-68-80-12-52-17-60-89|27-69-83-45-82-48-47-36-63-30-31-88-62-11-64-49-19-7-18-99-59-87-96-5-84-93-97-95-13|28-33-3-72-23-15-92-14-44-38-86-16-61-90-46-8-6-53-22-41-57-43-74-75-56-4-25-55-24-54-58-37-100-91-85-98-94
354,3,1279.6581,323.6654,25.0,896.0975,0,3,88.993893,89.118336,True,26-72-39-3-33-1-69-27-59-42-15-23-29-51-30-19-49-8-18-52-10-90-32-66-35-20-70-50-77-68-80-24-25-12|28-31-63-64-11-62-88-65-71-9-81-34-78-79-76-53-6-87-37-91-86-84-83-82-48-46-17-5-60-89-43-2-21-58|7-47-36-45-92-14-44-16-61-99-85-38-57-40-73-22-41-67-56-75-74-4-55-54-13-95-97-100-98-93-96-94
355,3,1281.6904,243.6463,52.0,867.1716,0,3,89.603601,89.715013,True,33-29-23-42-92-14-15-38-44-86-16-91-87-6-96-5-94-84-83-8-7-10-32-66-35-20-70-31-52-60-89-82|48-47-36-63-62-69-27-28-76-71-65-64-19-11-90-30-51-9-81-34-78-79-3-50-1-49-46-17-93-100-97-13-58|26-12-39-72-2-95-59-37-98-85-61-45-88-18-99-53-40-21-73-67-22-41-43-57-74-75-56-4-25-55-54-24-80-68-77
356,3,1282.2317,199.4472,131.0,876.0209,0,3,89.765992,89.880163,True,28-27-63-45-5-61-16-38-15-23-40-53-6-19-48-8-86-84-83-7-32-66-35-20-52-89|82-47-36-62-31-69-33-29-71-65-64-11-90-30-51-9-81-34-78-79-3-50-1-10-49-46-17-60-93-100-97-95-94-13-58|26-21-39-72-42-14-44-91-85-98-37-92-59-99-96-18-88-76-12-67-22-73-2-87-57-43-41-74-75-56-4-25-55-54-24-80-68-77-70
357,3,1288.6919,185.168,144.0,844.0081,0,3,91.70405,91.814516,True,33-63-62-82-45-5-61-16-38-15-23-57-87-6-19-8-86-84-83-7-32-66-35-20-70-52-89|48-47-36-31-69-27-28-29-71-65-64-11-90-30-51-9-81-34-78-79-3-50-1-10-49-46-17-60-93-100-97-95-94-13-58|12-26-21-72-39-75-42-14-44-91-85-98-37-92-59-99-96-18-88-76-53-40-73-67-22-41-43-2-74-56-4-25-55-54-24-80-68-77
358,3,1295.455,256.6549,31.0,893.9447,0,3,93.732962,93.85237,True,33-65-45-92-42-14-44-16-38-15-23-67-53-87-91-86-84-8-6-94-96-5-83-7-10-20-35-66-32-70-31-52-60-89|82-48-47-36-64-63-11-19-62-69-27-28-30-90-51-81-9-71-34-78-79-3-50-1-49-46-17-93-100-97-13-58|12-26-21-72-39-75-29-76-88-18-99-61-85-98-37-59-95-2-40-73-22-41-43-57-74-56-4-25-55-54-24-80-68-77
359,3,1297.9554,91.3542,222.0,924.0974,0,3,94.483099,94.602085,True,5-85-91-14-75-21-26-3-50-76-71-65-34-78-29-67-22-73-79-81-51-9-35-66-20-32-10-31-70-1-77-68-80-24-25-12|39-59-92-94-52-7-82-48-47-36-11-63-62-88-30-90-64-49-19-46-18-6-53|45-27-28-69-33-72-23-15-42-44-38-86-16-61-84-8-83-99-96-95-40-97-87-41-57-43-2-74-56-4-55-54-58-13-37-100-98-93-17-60-89
360,3,1299.3637,184.4098,117.0,867.4074,0,3,94.905571,95.019934,True,36-47-27-28-29-34-71-65-63-64-11-19-62-88-90-30-51-9-81-78-79-3-50-1-31-10-7-82-17-60-96-13-97-100-91-85-93-89|33-12-39-75-15-42-37-98-14-38-44-99-18-52-69-76-67-73-40-53-6-94-87-41-57-43-74-56-4-25-55-54-24-80-68-77-58|26-21-72-2-95-83-45-5-92-22-23-59-61-16-86-84-8-46-48-49-32-66-35-20-70
361,3,1303.8703,224.6025,69.0,897.1421,0,3,96.257563,96.378968,True,42-14-92-36-11-63-27-28-39-23-15-44-86-16-91-87-94-6-18-82-8-46-48-49-32-66-35-20-10-70|83-45-47-7-62-31-69-50-3-29-33-71-65-64-19-90-30-51-9-81-34-78-79-1-84-5-17-60-89-97-43-100-93-96-95-13-58|26-21-72-75-2-59-37-98-85-38-61-99-52-88-76-53-40-73-67-22-41-57-74-56-4-25-55-54-24-80-68-77-12
362,3,1304.1988,74.0747,580.0,991.8835,0,3,96.356118,96.520353,True,26-12-3-33-50-1-69-28-27-52-31-88-7-82-48-47-19-62-11-64-90-30-51-81-79-78-34-9-66-20-10-32-35-68-24-54-80-77-70-89-96-93-85-91-100-37-98-59-95-94-58|21-39-75-72-2-15-42-14-44-16-61-92-99-5-83-18-8-84-6-87-57-41-22-73-40-53-55-56-43-97-17-60-13-74-4-25|45-36-63-65-71-76-29-67-23-38-86-46-49
363,3,1305.1157,86.4824,380.0,946.2554,0,3,96.631185,96.770712,True,26-12-28-27-69-1-31-7-88-48-47-36-19-11-64-90-30-71-34-78-79-81-9-51-20-10-32-66-35-24-54-80-68-77-3-70-52-89-96-59-37-95-58|21-39-75-72-2-15-42-14-91-98-92-85-5-83-99-61-16-86-84-6-94-87-57-73-22-41-40-53-55-56-43-17-60-93-100-97-13-74-4-25|50-33-65-63-62-82-45-44-38-23-67-29-76-49-46-8-18
364,3,1305.8439,85.7542,380.0,946.2554,0,3,96.849644,96.98928,True,26-12-28-27-69-1-31-7-88-48-47-36-19-11-64-90-30-71-34-78-79-81-9-51-20-10-32-66-35-24-54-80-68-77-3-70-52-89-96-59-37-95-58|21-39-75-72-2-15-42-14-91-85-92-5-83-99-61-16-86-84-6-94-87-57-73-22-41-40-53-55-56-43-98-17-60-93-100-97-13-74-4-25|50-33-65-63-62-82-45-44-38-23-67-29-76-49-46-8-18
365,3,1317.0101,249.3612,29.0,908.2061,0,3,100.199494,100.326214,True,33-65-45-92-42-14-44-16-38-15-23-67-76-8-84-86-91-87-94-6-96-5-83-7-10-20-35-66-32-70-31-52-60-89|82-48-47-36-64-63-11-19-62-69-27-28-30-90-51-81-9-71-34-78-79-3-50-1-49-46-17-93-100-97-13-58|12-21-26-29-39-75-72-2-95-59-37-98-85-61-99-18-88-53-40-73-22-41-43-57-74-56-4-25-55-54-24-80-68-77
366,3,1325.4059,161.0601,175.0,883.3629,0,3,102.718249,102.845116,True,45-27-28-33-29-65-71-63-11-47-62-88-31-30-51-9-81-34-78-79-3-50-1-90-20-10-7-83-17-60-89-96-97-100-91-85-93-95-13-58|12-26-94-59-92-98-37-14-38-61-99-52-69-76-67-41-22-73-40-53-6-87-57-43-2-74-75-56-4-25-55-54-24-80-68-77|36-48-82-21-72-39-23-15-42-44-16-19-64-49-46-8-18-5-86-84-32-66-35-70
367,13,1326.0984,6245.9513,181.0,798.3246,0,13,909.419835,910.450488,True,1-79-78-81-51-9-35-34-3-77-68-80-12|52-82-48-47-36-46-8-18|6-99-97-87-13|73-72-39-67-23-56-75-41-22-74-21|27-69-30-90-32-10-31|28-29-24-55-25-4-54|94-59-85-91-44-14-38-86-16-61-84-60-89|95-92-37-100-98-93-96|53-40-2-57-43-58|83-45-49-70|50-20-66-7-17-5|71-63-64-11-19-62-88|42-15-26-76-33-65
368,3,1333.6756,179.4659,25.0,858.9764,0,3,105.199167,105.312618,True,39-33-63-45-92-44-14-42-15-23-87-37-98-16-86-84-6-94-96-8-7-10-32-20-66-35-70-31-52-83-5-60-89|82-48-47-36-62-69-27-29-76-71-65-64-19-11-90-30-51-9-81-34-78-79-3-50-1-49-46-17-91-100-93-97-13-58|28-12-26-21-72-75-2-95-59-85-38-61-99-18-88-53-40-73-67-56-22-41-57-43-74-4-25-55-54-24-80-68-77
369,13,1339.1623,6266.6616,230.0,788.095,0,13,912.526376,913.56742,True,1-79-78-81-51-9-35-34-3-77-68-80|40-87-15-43-57-2-58|88-62-11-64-49-19-7-52|73-39-67-23-56-75-41-22-74-72-21-26|27-69-30-63-90-32-10-31|50-33-71-65-66-20-70|94-59-85-91-44-14-38-86-16-61-84-60-89|95-92-37-42-100-98-93|48-83-97-4-25|12-6-99-96-5-82-8-17-13|53-29-76-24-55-54|46-18|28-36-47-45
370,3,1340.272,256.7538,15.0,881.9686,0,3,107.178084,107.307555,True,33-63-45-92-14-42-15-23-39-72-73-87-37-91-86-84-8-99-96-97-94-6-5-83-7-10-32-66-35-20-31-52-17-60-89|82-48-47-36-62-27-28-29-71-65-64-19-11-90-30-51-9-81-34-78-79-3-50-1-49-46-93-100-43-13-58|12-26-75-2-95-59-98-85-44-38-16-61-18-88-69-76-53-40-21-67-22-41-57-74-56-4-25-55-54-24-80-68-77-70
371,4,1352.463,104.8128,555.0,916.8096,0,4,110.835365,111.005229,True,26-12-28-27-69-1-31-7-88-48-47-36-19-11-64-90-30-71-34-78-79-81-9-51-20-10-32-66-35-24-54-80-68-77-3-70-52-89-96-95-58|21-39-75-72-2-15-42-92-98-85-91-83-5-99-61-16-86-84-6-94-87-57-73-22-41-40-53-55-56-43-17-60-93-100-97-13-74-4-25|50-33-65-63-62-82-45-44-38-23-67-29-76-49-46-8-18|59-37-14
372,4,1352.5231,115.1374,545.0,916.8096,0,4,110.853417,111.023847,True,26-12-28-27-69-1-31-7-88-48-47-36-19-11-64-90-30-71-34-78-79-81-9-51-20-10-32-66-35-24-54-80-68-77-3-70-52-89-96-95-58|21-39-75-72-2-15-42-92-85-91-83-5-99-61-16-86-84-6-94-87-57-73-22-41-40-53-55-56-43-17-60-93-100-97-13-74-4-25|50-33-65-63-62-82-45-44-38-23-67-29-76-49-46-8-18|59-98-14-37
373,3,1355.2482,121.1604,196.0,873.3055,0,3,111.670926,111.801353,True,45-27-28-33-29-65-71-63-11-47-62-88-31-30-51-9-81-34-78-79-3-50-1-90-20-10-7-83-17-60-89-96-97-100-91-85-93-13-58|12-26-21-72-75-2-95-59-92-98-37-42-14-38-61-99-52-69-76-53-40-73-67-22-41-57-87-94-6-43-74-56-4-25-55-54-24-80-68-77|82-48-36-39-23-15-44-16-19-64-49-46-8-18-5-86-84-32-66-35-70
374,5,1361.3399,1384.1603,250.0,828.3088,0,5,180.151176,180.472131,True,33-29-39-23-15-42-14-38-44-16-91-59-96-6-5-84-83-7-10-66-20-70-31-52-89|27-82-48-47-36-11-62-69-1-50-3-79-78-34-9-51-90-46-17-93-100-97-94-13-58|26-72-75-2-95-92-37-98-85-61-45-18-53-40-73-67-22-41-43-57-74-56-4-25-55-54-80-68-77|76-30-19-49-32-35-24-12-21-60|28-63-64-65-71-81-88-8-86-99-87
375,3,1388.0559,44.9751,404.0,964.077,0,3,121.513249,121.676505,True,26-12-28-27-69-1-33-31-7-88-48-47-36-19-11-64-90-30-71-34-78-79-81-9-51-20-10-49-32-66-35-24-54-80-68-77-3-50-70-52-89-96-95-58|21-39-75-72-2-15-42-92-37-98-91-85-5-83-99-61-16-86-84-6-94-87-57-73-22-41-40-53-55-56-43-17-60-93-100-97-13-74-4-25|65-63-62-82-45-59-44-38-14-29-23-67-76-18-8-46
376,3,1416.6537,156.4026,18.0,898.8556,0,3,130.092584,130.23275,True,33-63-45-92-42-15-14-44-16-19-8-84-86-91-87-22-73-72-21-2-94-6-96-5-83-7-10-20-35-66-32-31-52-17-60-89|82-48-47-36-62-69-27-28-29-71-65-64-11-90-30-51-9-81-34-78-79-3-50-1-49-46-97-43-100-93-13-58|26-12-39-23-95-59-37-98-85-38-61-99-18-88-76-67-40-53-57-41-74-75-56-4-25-55-54-24-80-68-77-70
377,13,1422.884,6182.2284,256.0,786.8114,0,13,899.861386,900.917289,True,27-1-81-9-35-34-3-77|18-7-11-62-88-52|53-40-96-99-97-87-2-57-43-98-95-13-58|15-73-39-67-23-56-75-41-22-74-26|45-48-47-36-19-64-63-30-69-82-8-46-49-90-10|28-29-24-55-25-4-12|50-65-66-32-70|94-92-59-85-91-44-14-38-86-16-61-5-84-17-60-89|6-37-80|33-78-20-31-83|21-72-42-100-93|68-54|76-79-71-51
378,15,1445.7331,7203.9017,163.0,798.3246,0,15,1053.112387,1054.321423,True,51-81-78-9-35-3-77-68-80-12|40-87-15-43-57-2-13|83-45-17|88-62-11-64-49-19|82-48-47-36-46-8-18|53-6|72-23-67-39-56-75-41-22-74|27-30-63-90-32-10-31|29-24-25-55-54|33-71-65-66-20-70|85-91-42-14-44-38-86-16-84-60-89|92-99-97-37-100-98-93-96|1-4-21-59-94|28-26-95-5-7-52-69-50-79-76-73-58|34-61
379,3,1457.5819,123.8134,88.0,894.6158,0,3,142.37106,142.524981,True,45-63-33-39-42-14-44-16-15-23-88-19-8-84-86-91-87-94-6-83-7-10-20-35-66-32-31-52-17-60-89|82-48-47-36-62-69-27-28-29-71-65-64-11-90-30-51-9-81-34-78-79-3-50-1-49-46-5-59-43-100-93-97-13-58|12-26-21-72-75-2-95-92-37-98-85-38-61-99-96-18-76-40-73-67-22-41-57-53-74-56-4-25-55-54-24-80-68-77-70
380,6,1499.0227,1697.8405,476.0,822.8508,0,6,227.203207,227.634599,True,33-92-91-44-14-42-15-87-94-6-96-16-5-84-8-7-32-66-20-52-83-60-89|28-27-69-31-82-48-47-19-11-62-90-30-51-81-9-71-34-78-79-3-50-1-10-46-17-85-93-100-97-13-58|26-21-39-72-73-40-53-88-18-99-61-98-37-59-95-2-41-22-74-75-56-4-25-55-54-80-68-77|12-24-35-70|45-86-38-57-76-67-43-49|36-64-63-65-29-23
381,17,1522.3025,8346.8403,127.0,800.1726,0,17,1224.553181,1225.953906,True,77-3|53|52-7-47-36-49-46-83|28-76-79-78-81-51-95-13|21-23-67-39-25-55-4-54|69-48-84-60-89|42-14-61-5-18-88-31|40-41-74-75-56|82-19-11-64-63-90-32-10-70|50-33-71-65-35-34|96-99-1-29-24-68-80-12|92-93|73-72-22-15-57-87-94|62-45-98-16-17-100-37-97|8-86-44-38-43-2-58|6-85-91-59-26|27-30-20-66-9
382,14,1524.8029,5992.7926,167.0,801.2187,0,14,871.446024,872.497649,True,79-81-9-35-34-3-77-68-80-26|40-87-15-43-57-2-58|88-64-49-19|45-82-48-47-46-83-18-6|73-39-67-23-56-75-41-22-74-72-21|27-69-30-90-32-10|76-29-24-55-25-4-54-12|50-71-65-66-20-70|94-59-99-85-91-44-16-84-17-5-60-89|92-42-97-37-100-93-13|7-52-31-1-96-98-86-95-53|78-11-8-61-38|51-62|28-33-63-36-14
383,3,1525.2825,118.7661,177.0,990.1422,0,3,162.681237,162.877939,True,39-42-92-45-14-44-16-15-23-76-51-9-71-88-8-84-86-91-87-94-6-96-5-17-82-7-83-60-89|48-47-36-63-65-34-29-33-30-69-27-62-11-90-64-19-46-78-79-81-20-32-49-10-97-43-100-93-13-58|28-12-26-21-72-75-2-95-59-37-98-85-38-61-99-18-40-73-67-22-41-57-53-66-74-56-4-25-55-54-24-80-68-77-3-35-50-1-70-31-52
384,6,1586.4754,1324.7609,447.0,830.6879,0,6,181.039109,181.439051,True,39-63-45-92-16-44-14-42-15-23-19-8-84-86-91-87-94-6-96-52-31-32-10-7-83-17-5-60-89|29-28-27-69-82-48-47-36-64-11-62-90-49-46-97-43-100-93-13-58|12-26-21-72-75-2-95-59-37-98-85-38-61-99-18-88-76-40-73-67-22-41-57-53-74-56-4-25-55-54-24-80-68|1-33-20-34-78-35-3-77-50-70|79-81-9-71-51-30-66|65
385,7,1617.5998,1559.3271,358.0,825.2251,0,7,206.426203,206.861247,True,15-14-44-92-91-96-94-6-5-84-83-8-7-10-32-66-20-31-52-60-89|28-27-82-48-47-11-62-69-1-50-3-79-78-81-71-9-51-30-90-46-93-100-97-13-58|26-21-73-2-95-59-37-98-85-61-99-18-40-72-41-22-74-56-4-25-55-80-68-77|34-76-12-53-16-86-38-87-57-43-75-54-24-35-70-17|23-88-63-36-49-19|45-64-33-65-29-67|42-39
386,18,1645.3539,7985.0109,165.0,788.0231,0,18,1170.278771,1171.664414,True,68-80|87-15-57-2-58|83-45-5|88-62-11-19-7-52|82-48-47-46-8-18|53-6-96-99-97-13|73-39-23-56-75-22-74-72-21-26|27-69-90-10-31|28-12-24-55-25-4-54|94-59-85-91-44-86-16-61-84-60-89|95-92-37-100-98-93|32-49-17-43|40-67-41-38|63-64-36-42-14|76-33-34-79-77|50-3-78-1-30-51-9-35|81-66-20-70|29-65-71
387,17,1727.335,8192.6869,163.0,795.0535,0,17,1201.430165,1202.872109,True,6-97-13|27-21-74|26-54-55-4-56-75-72|33-71-65-35-66-20-94|12-61-16-91-100-95-60|98-96-89|31-10-84-37-59|85-57-58|52-18-82-30-9-34-78-79-3-76-77-68-80|40-73-15-43|50-1-88-14-38-86-44-99-87-2-53|7-48-47-36-19-11-32-70|69-39-41-93|28-42-92-5-45-83|22-23-67-25-24|29-81-51-90-49-46-8-17|63-64-62
388,20,1773.6082,9872.7816,144.0,797.2195,0,20,1453.444376,1455.15154,True,77-3|53-60-89|48-47-36-49-46-83|28-33-81-78-79-13-95|21-72-23-67-39-25-4|15-42-14-91-61-5-18-88-69-76-80-24-12|40-41-22-74-75-56-52|82-62-63-90|31|55|50-71-65-35|1-51-34-29-68|6-99-93|73-87|96-16-45-8-7-32-10-98-100-37-97|11-64-19-86-44-38-43-57-2-54|94-59-85-92-26-70|84-17|58|27-30-20-66-9
389,21,1788.6542,10458.2115,209.0,781.573,0,21,1541.258863,1543.062808,True,1-51-81-78-9-35-34|43|83-45-17-5|88-62-11-64-49-19-7-52|82-48-47-36-46-8-18|6-99-96|69-30-63-90-32-10-31|33-71-65-66-20-70|59-85-91-44-14-38-86-16-61-84-60-89|92-37-42-100-98-93|95-40-73-72-12-3-54-21-2-97|53-26-75-80|94-15-24|58|76-77|13|27-50-57-25-55|28-29-41-74-4|23-56-22-68|87-67-79|39
390,24,1818.747,11279.8755,160.0,780.8943,0,24,1664.508452,1666.440573,True,77-3|89-60|52-7-48-47-36-49-46|28-81-79-13-95|21-72-39-22-23-67-25-55-54|69-30|42-14-44-61-18-76|53-40-74-75-56-4|5-83-82-19-11-64-63-90|50-33-71-65-35|1-78-34-29-24|92-93-96|73-15-57-87-94|10-98-100-37-97|6-99-16-86-38-43-41-2|85-91-59-26-12|45-8|27-20-66-9|51-68-80|32|88-62-31|58|70|84-17
391,17,1841.3827,8044.2076,156.0,786.8114,0,17,1179.15827,1180.610219,True,1-9-81-78-3-77-80|40-57-43|83-45-17|88-62-64-49-52|82-48-47-36-46-8-18|53-6-96-97-13|73-23-56-75-41-74-72-21-26|27-30-63-90-32-10|29-24-25-4-12|50-33-65-66-70|14-44-38-86-61-84-89|95-42-100-37-93|15-2-54-20-7-5-85-98-59-94|91-87-22-67-31-79-34-55-58|92-99-19-11-76-71-35-68-60|28-51-69-16|39
392,22,1885.5111,10207.1127,179.0,780.1321,0,22,1503.594032,1505.386454,True,77|53|47-36-49-19-7-52|28-78-79-3-95|62-21-23-67-39-4|69-30-48|42-14-38-44-61-84-18-88-76|40-74-75-56|5-83-82-11-64-63-90|31|25-55|50-33-71-65-35|1-81-34-29-24-68|92-93|73-72-22-15-57-87-13|94-98-45-46-32-10-60-17-100-37-97|51-2-43-41-54|96-99-85-16-86-91-59-26-12-70|6-8-89|80|58|27-20-66-9
393,22,2007.7051,10723.4163,153.0,793.472,0,22,1581.039573,1582.945499,True,28-77-3|60-89|7-47-36-49-19-88|81-78-79-13|62-21-23-67-39-25-55-4-26|69-30-48-46-84|61-14-42-76-24|53-40-73-22-74-75-56-52|18-82-11-90|31|50-33-71-65-35|96-99-1-34-29|93|72-41-15-57-87|95-92-98-16-45-8-32-10-100-37-97|64-63-51-6-44-38-43-2-54|85-86-91-59-94-70-12|83-17-5|80|58|27-20-66-9|68
394,22,2042.4804,10528.6024,155.0,780.1321,0,22,1551.817491,1553.702827,True,1-51-9-77-68|50-33-71-65-34-3-12-2-58|88-19-64-49-48-46-17|52-47-82-53|40-21-72-75-73-87-13|67-23-56-41-22-74-32-10|31-63-30-81-78-79-76-25-26|28-29-24-4|27-20-66|16-86-38-91-98|92-42-100-37-97|15|11-90-70|7-95-85-43-57|36-69-80|39-35|54-55|14-44-62|6-94-59-99-96-5-84-83-8-18-89|93|60|61-45
395,23,2088.9556,11062.9195,119.0,780.1321,0,23,1631.965055,1633.941181,True,77-3|53-60-89|7-47-36-49-83|28-81-78-79-13-95|21-23-67-39-25-4|69-30-48-46-84|42-14-61-18-88-76|40-74-75-56|5-82-11-64-63-90-32|50-33-71-65-35|96-99-1-34-29-68|92-93|73-72-22-15-57-87-94|98-16-45-10-100-37-97|19-44-38-43-41-2|85-91-59-26-12|6-8|27-20-66-9|52-86-17-70|62-31-54|51-58|24-80|55
396,15,2094.8071,7331.6997,146.0,795.0535,0,15,1072.282083,1073.70282,True,1-35-77-68|7-6-97-13-46|26-54-55-25-75-72|33-20-66-24-4-58-94|12-96-61-16-91-100-95-60|29-31-62-10-8-84-93-37-59|52-18-82-30-9-34-78-79-3-76-80|40-73-15-43|50-69-88-14-38-99-87-23-22-2-53-51|28-36-45-5-92-42-39-56|81-90-49-17|63-64-65-71-67-41-57-44-85|11-19-48-98-74-21|27-89|47-86-83-32-70
397,25,2139.1441,11079.4648,114.0,795.1529,0,25,1634.446854,1636.442872,True,77-3|53-89|7-36-47|28-81-78-79-13|21-23-67-39-4|69-48|42-14-61-18-76|40-74-75-56|82-11-64-63-90|50-33-71-65-35|96-99-1-29|92-93|73-72-22-41-57-87-94|98-16-45-8-10-60-100-37-97|19-84-44-38-43|85-91-59-26-12|6|27-20-9|83-31-51-66-34|52-58|5-86-15-2-54-24-80|30-62-49-46-17-95|55-25|70-32|88-68
398,25,2194.6426,10802.418,124.0,817.3464,0,25,1592.889829,1594.865268,True,77-3|89|7-47-36-49|28-81-78-79-13|21-23-67-39-4|69-88-48|42-61-18-76|53-40-74-75-56|82-11-64-63-90|50-33-71-35|96-99-1|92|73-72-22-15-57-87-94|98-16-45-46-10-100-37-97|19-84-44-43|85-91-59-26-12|6|27-20-9|2-25-55-24-54|70|41-51-8-60-5-58|52-86-17-83-31-68-80|32|29-34-65-30-62-66|95-14-38-93
