Rank,Z1_Vehicles,Z2_Distance,Z3_WaitTime,Z4_LoadBalance,Z5_Makespan,Unserved,Num_Routes,ASF,ASF_aug,In_ROI,Routes
1,4,993.2341,1279.2683,191.0,957.803,0,4,91.036353,91.12178,True,69-82-11-15-16-12-60-88-98-53-78-73-79-7-6-8-46-4-35-37-72-71-93-94-80|90-65-64-24-19-23-21-48-18-89-76-63-85-51-49-22-20-84-56-66|91-92-62-33-32-31-29-27-26-28-30-34-50-67-95-99-52-86-87-9-10-14-47-17-13-74-59-97-75-58-77-25-57-83|2-45-5-3-1-42-39-36-44-43-40-38-41-54-96-81-61-68-55-100-70
2,4,1002.8631,1269.6393,191.0,957.803,0,4,89.592001,89.678872,True,69-82-11-15-16-12-88-60-79-73-78-53-98-55-68-81-96-54-37-35-72-71-93-94-80|91-92-62-33-32-31-29-27-26-28-30-34-50-67-95-99-52-86-87-9-10-14-47-17-13-74-59-97-75-58-77-25-57-83|45-5-3-1-42-39-36-44-43-40-38-41-61-2-6-7-8-46-4-100-70|90-65-64-85-63-89-76-23-21-48-18-19-24-22-20-49-51-84-56-66
3,4,1002.8631,1269.6393,191.0,957.803,0,4,89.592001,89.678872,True,69-82-11-15-16-12-88-60-79-73-78-53-98-55-68-81-96-54-37-35-72-71-93-94-80|91-92-62-33-32-31-29-27-26-28-30-34-50-67-95-99-52-86-87-9-10-14-47-17-13-74-59-97-75-58-77-25-57-83|45-5-3-1-42-39-36-44-43-40-38-41-61-2-6-7-8-46-4-100-70|90-65-64-85-63-89-76-23-21-48-18-19-24-22-20-49-51-84-56-66
4,4,1009.3376,1264.2668,173.0,958.9049,0,4,88.78612,88.872493,True,69-82-11-15-16-14-12-88-60-79-73-78-53-98-55-68-81-96-54-37-35-72-71-93-94-80|90-65-83-64-51-89-76-18-23-21-48-19-22-20-49-63-85-84-56-66|91-92-62-33-32-31-29-27-26-28-30-34-50-67-95-99-52-86-87-9-10-47-17-13-74-59-97-75-58-77-25-24-57|45-5-3-1-42-39-36-44-43-40-38-41-61-2-6-7-8-46-4-100-70
5,4,1013.4303,1259.0721,191.0,957.803,0,4,88.006928,88.095384,True,69-82-11-15-16-12-88-60-79-73-78-53-98-55-68-81-96-54-37-35-72-71-93-94-80|90-65-64-24-19-23-21-48-18-89-76-63-85-51-49-22-20-84-56-66|92-95-62-33-32-31-29-27-26-28-30-34-50-67-91-99-52-86-87-9-10-14-47-17-13-74-59-97-75-58-77-25-57-83|45-5-3-1-42-39-36-44-43-40-38-41-61-2-6-7-8-46-4-100-70
6,4,1013.7836,1258.7189,191.0,957.803,0,4,87.953936,88.042445,True,69-82-11-15-16-12-88-60-79-73-78-53-98-55-68-81-96-54-37-35-72-71-93-94-80|90-65-64-24-19-23-21-48-18-89-76-63-85-51-49-22-20-84-56-66|91-92-62-33-32-31-29-27-26-28-30-34-50-67-95-99-52-86-87-9-10-14-47-17-13-74-59-97-75-58-77-25-57-83|45-5-3-1-42-39-36-44-43-40-38-41-61-2-6-7-8-46-4-100-70
7,4,1013.7836,1258.7189,191.0,957.803,0,4,87.953936,88.042445,True,69-82-11-15-16-12-88-60-79-73-78-53-98-55-68-81-96-54-37-35-72-71-93-94-80|90-65-64-24-19-23-21-48-18-89-76-63-85-51-49-22-20-84-56-66|91-92-62-33-32-31-29-27-26-28-30-34-50-67-95-99-52-86-87-9-10-14-47-17-13-74-59-97-75-58-77-25-57-83|45-5-3-1-42-39-36-44-43-40-38-41-61-2-6-7-8-46-4-100-70
8,4,1013.7836,1258.7189,191.0,957.803,0,4,87.953936,88.042445,True,69-82-11-15-16-12-88-60-79-73-78-53-98-55-68-81-96-54-37-35-72-71-93-94-80|90-65-64-24-19-23-21-48-18-89-76-63-85-51-49-22-20-84-56-66|91-92-62-33-32-31-29-27-26-28-30-34-50-67-95-99-52-86-87-9-10-14-47-17-13-74-59-97-75-58-77-25-57-83|45-5-3-1-42-39-36-44-43-40-38-41-61-2-6-7-8-46-4-100-70
9,4,1013.7836,1258.7189,191.0,957.803,0,4,87.953936,88.042445,True,69-82-11-15-16-12-88-60-79-73-78-53-98-55-68-81-96-54-37-35-72-71-93-94-80|90-65-64-24-19-23-21-48-18-89-76-63-85-51-49-22-20-84-56-66|91-92-62-33-32-31-29-27-26-28-30-34-50-67-95-99-52-86-87-9-10-14-47-17-13-74-59-97-75-58-77-25-57-83|45-5-3-1-42-39-36-44-43-40-38-41-61-2-6-7-8-46-4-100-70
10,4,1013.7836,1258.7189,191.0,957.803,0,4,87.953936,88.042445,True,69-82-11-15-16-12-88-60-79-73-78-53-98-55-68-81-96-54-37-35-72-71-93-94-80|90-65-64-24-19-23-21-48-18-89-76-63-85-51-49-22-20-84-56-66|91-92-62-33-32-31-29-27-26-28-30-34-50-67-95-99-52-86-87-9-10-14-47-17-13-74-59-97-75-58-77-25-57-83|45-5-3-1-42-39-36-44-43-40-38-41-61-2-6-7-8-46-4-100-70
11,4,1013.7836,1258.7189,191.0,957.803,0,4,87.953936,88.042445,True,69-82-11-15-16-12-88-60-79-73-78-53-98-55-68-81-96-54-37-35-72-71-93-94-80|90-65-64-24-19-23-21-48-18-89-76-63-85-51-49-22-20-84-56-66|91-92-62-33-32-31-29-27-26-28-30-34-50-67-95-99-52-86-87-9-10-14-47-17-13-74-59-97-75-58-77-25-57-83|45-5-3-1-42-39-36-44-43-40-38-41-61-2-6-7-8-46-4-100-70
12,4,1013.7836,1258.7189,181.0,957.803,0,4,87.953936,88.041445,True,69-82-11-15-16-14-12-88-60-79-73-78-53-98-55-68-81-96-54-37-35-72-71-93-94-80|90-65-64-24-19-23-21-48-18-89-76-63-85-51-49-22-20-84-56-66|91-92-62-33-32-31-29-27-26-28-30-34-50-67-95-99-52-86-87-9-10-47-17-13-74-59-97-75-58-77-25-57-83|45-5-3-1-42-39-36-44-43-40-38-41-61-2-6-7-8-46-4-100-70
13,4,1014.1598,1258.3426,191.0,957.803,0,4,87.897496,87.986062,True,69-82-11-16-15-12-88-60-79-73-78-53-98-55-68-81-96-54-37-35-72-71-93-94-80|90-65-64-24-19-23-21-48-18-89-76-63-85-51-49-22-20-84-56-66|91-92-62-33-32-31-29-27-26-28-30-34-50-67-95-99-52-86-87-9-10-14-47-17-13-74-59-97-75-58-77-25-57-83|45-5-3-1-42-39-36-44-43-40-38-41-61-2-6-7-8-46-4-100-70
14,4,1014.7472,1257.7552,191.0,957.803,0,4,87.809388,87.898042,True,69-82-11-15-16-12-88-60-79-73-78-53-98-55-68-81-96-54-37-35-72-71-93-94-80|90-65-64-24-19-23-21-48-18-89-76-63-85-84-51-49-22-20-56-66|91-92-62-33-32-31-29-27-26-28-30-34-50-67-95-99-52-86-87-9-10-14-47-17-13-74-59-97-75-58-77-25-57-83|45-5-3-1-42-39-36-44-43-40-38-41-61-2-6-7-8-46-4-100-70
15,4,1014.9382,1257.5642,191.0,957.803,0,4,87.780737,87.869419,True,69-82-11-15-16-12-88-60-79-73-78-53-98-55-68-81-96-54-37-35-72-71-93-94-80|90-65-64-24-19-23-21-48-18-89-76-63-85-51-49-22-20-84-56-66|91-92-95-62-33-31-29-27-26-28-30-32-34-50-67-99-52-86-87-9-10-14-47-17-13-74-59-97-75-58-77-25-57-83|45-5-3-1-42-39-36-44-43-40-38-41-61-2-6-7-8-46-4-100-70
16,4,1015.0569,1257.4456,191.0,957.803,0,4,87.762941,87.851641,True,69-82-11-15-16-12-88-60-79-73-78-53-98-55-68-81-96-54-35-72-71-93-94-80|90-65-64-24-19-23-21-48-18-89-76-63-85-51-49-22-20-84-56-66|91-92-62-33-32-31-29-27-26-28-30-34-50-67-95-99-52-86-87-9-10-14-47-17-13-74-59-97-75-58-77-25-57-83|45-5-3-1-42-39-37-36-44-43-40-38-41-61-2-6-7-8-46-4-100-70
17,4,1015.2667,1257.2357,191.0,957.803,0,4,87.731468,87.820199,True,69-82-11-15-16-12-88-60-79-73-78-53-98-55-68-81-96-54-37-35-72-71-93-94-80|90-65-64-24-19-23-21-48-18-89-76-63-85-51-49-22-20-84-56-66|91-92-50-34-31-29-27-26-28-33-32-30-62-67-95-99-52-86-87-9-10-14-47-17-13-74-59-97-75-58-77-25-57-83|45-5-3-1-42-39-36-44-43-40-38-41-61-2-6-7-8-46-4-100-70
18,4,1015.7545,1256.748,191.0,957.803,0,4,87.658304,87.747109,True,69-82-11-15-16-12-88-60-79-73-78-53-98-55-68-81-96-54-37-35-72-71-93-94-80|90-65-64-51-85-63-76-18-23-21-48-19-24-22-20-49-89-84-56-66|92-95-62-33-32-31-29-27-26-28-30-34-50-67-91-99-52-86-87-9-10-14-47-17-13-74-59-97-75-58-77-25-57-83|45-5-3-1-42-39-36-44-43-40-38-41-61-2-6-7-8-46-4-100-70
19,4,1015.8277,1256.6747,191.0,957.803,0,4,87.647313,87.736128,True,69-82-11-15-16-12-88-60-79-73-78-53-98-55-68-81-96-54-37-35-72-71-93-94-80|90-65-64-24-19-23-21-48-18-89-76-63-85-84-51-49-22-20-56-66|91-92-62-33-32-31-29-27-26-28-30-34-50-67-95-99-52-86-87-9-10-14-47-17-13-74-59-97-75-58-77-25-57-83|45-5-3-1-42-39-36-38-44-43-40-41-61-2-6-7-8-46-4-100-70
20,4,1015.8461,1256.6563,181.0,957.803,0,4,87.644554,87.732373,True,69-82-11-15-16-14-12-88-60-79-73-78-53-98-55-68-81-96-54-37-35-72-71-93-94-80|90-65-64-24-19-21-23-48-18-89-76-63-85-51-49-22-20-84-56-66|91-92-62-33-32-31-29-27-26-28-30-34-50-67-95-99-52-86-87-9-10-47-17-13-74-59-97-75-58-77-25-57-83|45-5-3-1-42-39-36-38-44-43-40-41-61-2-6-7-8-46-4-100-70
21,4,1015.8474,1256.655,191.0,957.803,0,4,87.644357,87.733176,True,69-82-11-15-16-12-88-60-79-73-78-53-98-55-68-81-96-54-37-35-72-71-93-94-80|90-65-64-24-19-23-21-48-18-89-76-63-85-51-49-22-20-84-56-66|92-95-62-33-32-31-29-27-26-28-30-34-50-67-91-99-52-86-87-9-10-14-47-17-13-74-59-97-75-58-77-25-57-83|45-5-3-1-43-42-39-36-44-40-38-41-61-2-6-7-8-46-4-100-70
22,4,1015.8849,1256.6176,191.0,957.803,0,4,87.63874,87.727565,True,69-82-11-15-16-12-88-60-79-73-78-53-98-55-68-81-96-54-37-35-72-71-93-94-80|90-65-64-24-20-19-23-21-48-18-89-76-63-85-51-49-22-84-56-66|91-92-62-33-32-31-29-27-26-28-30-34-50-67-95-99-52-86-87-9-10-14-47-17-13-74-59-97-75-58-77-25-57-83|45-5-3-1-42-39-36-44-43-40-38-41-61-2-6-7-8-46-4-100-70
23,4,1016.1077,1256.3947,191.0,957.803,0,4,87.605313,87.69417,True,69-82-11-15-16-12-88-60-79-73-78-53-98-55-68-81-96-54-37-35-72-71-93-94-80|90-65-64-51-85-63-76-18-23-21-48-19-24-22-20-49-89-84-56-66|91-92-62-33-32-31-29-27-26-28-30-34-50-67-95-99-52-86-87-9-10-14-47-17-13-74-59-97-75-58-77-25-57-83|45-5-3-1-42-39-36-44-43-40-38-41-61-2-6-7-8-46-4-100-70
24,4,1016.2785,1256.2239,191.0,957.803,0,4,87.579694,87.668577,True,69-82-11-15-47-14-12-88-60-79-73-78-53-98-55-68-81-96-54-37-35-72-71-93-94-80|90-65-64-24-19-23-21-48-18-89-76-63-85-51-49-22-20-84-56-66|91-92-62-33-32-31-29-27-26-28-30-34-50-67-95-99-52-86-87-9-10-16-17-13-74-59-97-75-58-77-25-57-83|45-5-3-1-42-39-36-44-43-40-38-41-61-2-6-7-8-46-4-100-70
25,4,1016.8406,1255.6618,191.0,957.803,0,4,87.495375,87.584343,True,69-82-11-15-16-12-88-60-79-73-78-53-98-55-68-81-96-54-37-35-72-71-93-94-80|90-65-64-20-19-23-21-48-18-89-76-51-22-24-49-63-85-84-56-66|91-92-62-33-32-31-29-27-26-28-30-34-50-67-95-99-52-86-87-9-10-14-47-17-13-74-59-97-75-58-77-25-57-83|45-5-3-1-42-39-36-44-43-40-38-41-61-2-6-7-8-46-4-100-70
26,4,1016.8634,1255.639,181.0,957.803,0,4,87.491961,87.579932,True,69-98-82-11-15-16-14-12-88-60-79-73-78-53-55-68-81-96-54-37-35-72-71-93-94-80|90-65-64-24-19-23-21-48-18-89-76-63-85-51-49-22-20-84-56-66|91-92-62-33-32-31-29-27-26-28-30-34-50-67-95-99-52-86-87-9-10-47-17-13-74-59-97-75-58-77-25-57-83|45-5-3-1-42-39-36-44-43-40-38-41-61-2-6-7-8-46-4-100-70
27,4,1017.1104,1255.392,191.0,957.803,0,4,87.454908,87.543916,True,69-82-11-15-16-12-88-60-79-73-78-53-98-55-68-81-96-54-37-35-72-71-93-94-80|90-65-64-24-23-21-48-18-89-63-85-76-19-49-22-20-51-84-56-66|91-92-62-33-32-31-29-27-26-28-30-34-50-67-95-99-52-86-87-9-10-14-47-17-13-74-59-97-75-58-77-25-57-83|45-5-3-1-42-39-36-44-43-40-38-41-61-2-6-7-8-46-4-100-70
28,4,1017.1236,1255.3788,191.0,957.803,0,4,87.452933,87.541943,True,69-82-11-15-16-12-88-60-79-73-78-53-98-55-68-81-96-54-37-35-72-71-93-94-80|90-65-64-24-23-21-48-18-51-85-63-89-76-19-49-22-20-84-56-66|91-92-62-33-32-31-29-27-26-28-30-34-50-67-95-99-52-86-87-9-10-14-47-17-13-74-59-97-75-58-77-25-57-83|45-5-3-1-42-39-36-44-43-40-38-41-61-2-6-7-8-46-4-100-70
29,4,1017.2073,1255.2951,191.0,957.803,0,4,87.440371,87.529394,True,69-82-11-15-16-12-88-60-79-73-78-53-98-55-68-81-96-54-37-35-72-71-93-94-80|90-65-64-24-19-23-21-48-18-89-76-85-63-51-49-22-20-84-56-66|91-92-62-33-32-31-29-27-26-28-30-34-50-67-95-99-52-86-87-9-10-14-47-17-13-74-59-97-75-58-77-25-57-83|45-5-3-1-42-39-36-44-43-40-38-41-61-2-6-7-8-46-4-100-70
30,4,1017.2936,1255.2089,191.0,957.803,0,4,87.427438,87.516473,True,69-82-15-16-11-12-88-60-79-73-78-53-98-55-68-81-96-54-37-35-72-71-93-94-80|90-65-64-24-19-23-21-48-18-89-76-63-85-51-49-22-20-84-56-66|91-92-62-33-32-31-29-27-26-28-30-34-50-67-95-99-52-86-87-9-10-14-47-17-13-74-59-97-75-58-77-25-57-83|45-5-3-1-42-39-36-44-43-40-38-41-61-2-6-7-8-46-4-100-70
31,4,1017.7836,1254.7189,191.0,957.803,0,4,87.353936,87.443045,True,69-82-11-15-16-12-88-60-79-73-78-53-98-55-68-81-96-54-37-35-72-71-93-94-80|90-65-64-24-19-23-21-18-48-89-76-63-85-51-49-22-20-84-56-66|91-92-62-33-32-31-29-27-26-28-30-34-50-67-95-99-52-86-87-9-10-14-47-17-13-74-59-97-75-58-77-25-57-83|45-5-3-1-42-39-36-44-43-40-38-41-61-2-6-7-8-46-4-100-70
32,4,1017.8059,1254.6965,191.0,957.803,0,4,87.350587,87.439699,True,69-82-11-15-16-12-88-60-79-73-78-53-98-55-68-81-96-54-37-35-72-71-93-94-80|90-65-64-24-19-23-21-48-18-89-63-85-76-49-22-20-51-84-56-66|91-92-62-33-32-31-29-27-26-28-30-34-50-67-95-99-52-86-87-9-10-14-47-17-13-74-59-97-75-58-77-25-57-83|45-5-3-1-42-39-36-44-43-40-38-41-61-2-6-7-8-46-4-100-70
33,4,1017.9439,1254.5585,181.0,957.803,0,4,87.329885,87.418018,True,69-98-82-11-15-16-14-12-88-60-79-73-78-53-55-68-81-96-54-37-35-72-71-93-94-80|90-65-64-24-19-23-21-48-18-89-76-63-85-51-49-22-20-84-56-66|91-92-62-33-32-31-29-27-26-28-30-34-50-67-95-99-52-86-87-9-10-47-17-13-74-59-97-75-58-77-25-57-83|45-5-3-1-42-39-36-38-44-43-40-41-61-2-6-7-8-46-4-100-70
34,4,1018.5527,1253.9498,181.0,957.803,0,4,87.238569,87.326794,True,69-82-11-15-16-12-14-88-60-79-73-78-53-98-55-68-81-96-54-37-35-72-71-93-94-80|90-65-64-24-19-23-21-48-18-89-76-63-85-51-49-22-20-84-56-66|91-92-62-33-32-31-29-27-26-28-30-34-50-67-95-99-52-86-87-9-10-47-17-13-74-59-97-75-58-77-25-57-83|45-5-3-1-42-39-36-44-43-40-38-41-61-2-6-7-8-46-4-100-70
35,4,1018.7578,1253.7447,191.0,957.803,0,4,87.207807,87.297062,True,69-82-11-15-16-12-88-60-79-73-78-53-98-55-68-81-96-54-35-72-71-93-94-80|90-65-64-24-19-23-21-48-18-89-76-63-85-84-51-49-22-20-56-66|91-92-62-33-32-31-29-27-26-28-30-34-50-67-95-99-52-86-87-9-10-14-47-17-13-74-59-97-75-58-77-25-57-83|45-5-3-1-42-39-36-44-43-40-37-38-41-61-2-6-7-8-46-4-100-70
36,4,1018.9399,1253.5626,191.0,957.803,0,4,87.18049,87.269772,True,69-82-11-15-16-12-88-79-73-78-60-53-98-55-68-81-96-54-37-35-72-71-93-94-80|90-65-64-24-19-23-21-48-18-89-76-63-85-51-49-22-20-84-56-66|91-92-62-33-32-31-29-27-26-28-30-34-50-67-95-99-52-86-87-9-10-14-47-17-13-74-59-97-75-58-77-25-57-83|45-5-3-1-42-39-36-44-43-40-38-41-61-2-6-7-8-46-4-100-70
37,4,1018.9787,1253.5238,191.0,957.803,0,4,87.174671,87.263959,True,69-82-11-15-16-12-88-60-79-73-78-53-98-55-68-81-96-54-35-72-71-93-94-80|90-65-64-24-19-23-21-48-18-89-76-63-85-84-51-49-22-20-56-66|91-92-62-33-32-31-29-27-26-28-30-34-50-67-95-99-52-86-87-9-10-14-47-17-13-74-59-97-75-58-77-25-57-83|45-5-3-1-43-42-39-36-37-38-44-40-41-61-2-6-7-8-46-4-100-70
38,4,1019.3152,1254.2892,173.0,958.9049,0,4,87.289485,87.377354,True,69-82-11-15-16-14-12-88-60-79-73-78-53-98-55-68-81-96-54-37-35-72-71-93-94-80|90-65-83-64-19-23-21-48-18-89-63-85-76-49-22-20-51-84-56-66|91-92-62-33-32-31-29-27-26-28-30-34-50-67-95-99-52-86-87-9-10-47-17-13-74-59-97-75-58-77-25-24-57|45-5-3-1-42-39-36-44-43-40-38-41-61-2-6-7-8-46-4-100-70
39,4,1019.3152,1254.2892,173.0,958.9049,0,4,87.289485,87.377354,True,69-82-11-15-16-14-12-88-60-79-73-78-53-98-55-68-81-96-54-37-35-72-71-93-94-80|90-65-83-64-19-23-21-48-18-89-63-85-76-49-22-20-51-84-56-66|91-92-62-33-32-31-29-27-26-28-30-34-50-67-95-99-52-86-87-9-10-47-17-13-74-59-97-75-58-77-25-24-57|45-5-3-1-42-39-36-44-43-40-38-41-61-2-6-7-8-46-4-100-70
40,4,1019.4455,1253.057,191.0,957.803,0,4,87.104651,87.194009,True,69-82-11-15-16-12-88-60-79-73-78-53-98-55-68-81-96-54-37-35-72-71-93-94-80|90-65-64-24-19-23-21-48-18-89-76-63-85-51-49-22-20-84-56-66|91-92-62-33-32-31-29-27-26-28-30-34-50-67-95-99-52-86-87-9-10-14-47-17-13-74-59-97-75-58-77-25-57-83|45-5-3-1-42-39-36-44-43-40-38-41-61-2-6-8-7-46-4-100-70
41,4,1019.6692,1270.1187,165.0,957.803,0,4,89.663918,89.753303,True,69-82-11-15-16-12-88-60-79-73-78-53-98-55-68-81-96-54-37-35-72-71-93-94-80|90-65-64-24-19-23-21-48-18-89-76-63-85-51-49-22-20-84-56-91-66|92-62-33-32-31-29-27-26-28-30-34-50-67-95-99-52-86-87-9-10-14-47-17-13-74-59-97-75-58-77-25-57-83|45-5-3-1-42-39-36-44-43-40-38-41-61-2-6-7-8-46-4-100-70
42,4,1020.4874,1252.015,181.0,957.803,0,4,86.948358,87.036872,True,69-82-15-16-11-14-12-88-60-79-73-78-53-98-55-68-81-96-54-37-35-72-71-93-94-80|90-65-64-24-19-23-21-48-18-89-76-63-85-51-49-22-20-84-56-66|91-92-62-33-32-31-29-27-26-28-30-34-50-67-95-99-52-86-87-9-10-47-17-13-74-59-97-75-58-77-25-57-83|45-5-3-1-42-39-36-44-43-40-38-41-61-2-6-7-8-46-4-100-70
43,4,1020.5653,1251.9371,191.0,957.803,0,4,86.936676,87.026202,True,69-82-11-15-16-12-60-88-79-73-78-53-98-55-68-81-96-54-37-35-72-71-93-94-80|90-65-64-24-19-23-21-48-18-89-76-63-85-51-49-22-20-84-56-66|91-92-62-33-32-31-29-27-26-28-30-34-50-67-95-99-52-86-87-9-10-14-47-17-13-74-59-97-75-58-77-25-57-83|46-45-5-3-1-42-39-36-44-43-40-38-41-61-2-6-7-8-4-100-70
44,4,1021.2733,1251.2292,181.0,957.803,0,4,86.83048,86.919113,True,69-82-11-15-16-14-12-88-60-79-73-78-53-98-55-68-81-96-54-37-35-72-71-93-94-80|90-65-64-24-19-23-21-48-18-89-63-76-20-22-49-51-85-84-56-66|92-95-62-33-32-31-29-27-26-28-30-34-50-67-91-99-52-86-87-9-10-47-17-13-74-59-97-75-58-77-25-57-83|45-5-3-1-42-39-36-44-43-40-38-41-61-2-6-7-8-46-4-100-70
45,4,1021.4954,1251.007,207.0,957.803,0,4,86.797162,86.888427,True,69-82-11-15-16-12-88-60-79-73-78-53-98-55-68-81-96-54-37-35-72-71-93-94-80|90-65-64-24-19-23-21-48-18-89-76-49-22-20-51-84-56-66|91-92-95-85-63-33-32-34-31-29-27-26-28-30-62-50-67-99-52-86-87-9-10-14-47-17-13-74-59-97-75-58-77-25-57-83|45-5-3-1-42-39-36-44-43-40-38-41-61-2-6-7-8-46-4-100-70
46,4,1021.6266,1250.8759,181.0,957.803,0,4,86.777489,86.866174,True,69-82-11-15-16-14-12-88-60-79-73-78-53-98-55-68-81-96-54-37-35-72-71-93-94-80|90-65-64-24-19-23-21-48-18-89-63-76-20-22-49-51-85-84-56-66|91-92-62-33-32-31-29-27-26-28-30-34-50-67-95-99-52-86-87-9-10-47-17-13-74-59-97-75-58-77-25-57-83|45-5-3-1-42-39-36-44-43-40-38-41-61-2-6-7-8-46-4-100-70
47,4,1021.6611,1250.8413,207.0,957.803,0,4,86.772301,86.863592,True,69-82-11-15-16-12-88-60-79-73-78-53-98-55-68-81-96-54-37-35-72-71-93-94-80|90-65-64-24-23-21-48-18-89-76-19-49-22-20-51-84-56-66|91-92-85-63-33-32-34-31-29-27-26-28-30-62-50-67-95-99-52-86-87-9-10-14-47-17-13-74-59-97-75-58-77-25-57-83|45-5-3-1-42-39-36-44-43-40-38-41-61-2-6-7-8-46-4-100-70
48,4,1021.7836,1250.7189,191.0,957.803,0,4,86.753936,86.843645,True,69-82-11-15-16-12-88-60-79-73-78-53-98-55-68-81-96-54-37-35-72-71-93-94-80|90-65-64-24-19-23-18-21-48-89-76-63-85-51-49-22-20-84-56-66|91-92-62-33-32-31-29-27-26-28-30-34-50-67-95-99-52-86-87-9-10-14-47-17-13-74-59-97-75-58-77-25-57-83|45-5-3-1-42-39-36-44-43-40-38-41-61-2-6-7-8-46-4-100-70
49,4,1022.0314,1250.4711,197.0,957.803,0,4,86.716766,86.807112,True,90-82-11-15-16-12-69-88-60-79-73-78-53-98-55-68-81-96-54-37-35-72-71-93-94-80|65-64-24-19-23-21-48-18-89-76-63-85-51-49-22-20-84-56-66|91-92-62-33-32-31-29-27-26-28-30-34-50-67-95-99-52-86-87-9-10-14-47-17-13-74-59-97-75-58-77-25-57-83|45-5-3-1-42-39-36-44-43-40-38-41-61-2-6-7-8-46-4-100-70
50,4,1022.0627,1250.4398,181.0,957.803,0,4,86.71207,86.800821,True,69-82-15-16-11-12-14-88-60-79-73-78-53-98-55-68-81-96-54-37-35-72-71-93-94-80|90-65-64-24-19-23-21-48-18-89-76-63-85-51-49-22-20-84-56-66|91-92-62-33-32-31-29-27-26-28-30-34-50-67-95-99-52-86-87-9-10-47-17-13-74-59-97-75-58-77-25-57-83|45-5-3-1-42-39-36-44-43-40-38-41-61-2-6-7-8-46-4-100-70
51,4,1022.1952,1250.3072,191.0,957.803,0,4,86.692191,86.781962,True,69-82-15-16-12-11-88-60-79-73-78-53-98-55-68-81-96-54-37-35-72-71-93-94-80|90-65-64-24-19-23-21-48-18-89-76-63-85-51-49-22-20-84-56-66|91-92-62-33-32-31-29-27-26-28-30-34-50-67-95-99-52-86-87-9-10-14-47-17-13-74-59-97-75-58-77-25-57-83|45-5-3-1-42-39-36-44-43-40-38-41-61-2-6-7-8-46-4-100-70
52,4,1022.4847,1246.6542,165.0,954.4394,0,4,86.144233,86.230438,True,69-82-11-15-16-12-88-60-79-73-78-53-98-55-68-81-96-54-37-35-72-71-93-94-80|90-65-64-57-19-23-21-48-18-89-76-63-85-51-49-22-20-84-56-66|91-92-62-33-32-31-29-27-26-28-30-34-50-67-95-99-52-86-87-9-10-14-47-17-13-74-59-97-75-58-77-25-24-83|45-5-3-1-42-39-36-44-43-40-38-41-61-2-6-7-8-46-4-100-70
53,4,1023.4003,1245.7386,155.0,954.4394,0,4,86.006899,86.092241,True,69-82-11-15-16-14-12-88-60-79-73-78-53-98-55-68-81-96-54-37-35-72-71-93-94-80|90-65-64-57-20-19-23-21-48-18-89-76-63-85-51-49-22-84-56-66|91-92-62-33-32-31-29-27-26-28-30-34-50-67-95-99-52-86-87-9-10-47-17-13-74-59-97-75-58-77-25-24-83|45-5-3-1-42-39-36-44-43-40-38-41-61-2-6-7-8-46-4-100-70
54,4,1023.4003,1245.7386,155.0,954.4394,0,4,86.006899,86.092241,True,69-82-11-15-16-14-12-88-60-79-73-78-53-98-55-68-81-96-54-37-35-72-71-93-94-80|90-65-64-57-20-19-23-21-48-18-89-76-63-85-51-49-22-84-56-66|91-92-62-33-32-31-29-27-26-28-30-34-50-67-95-99-52-86-87-9-10-47-17-13-74-59-97-75-58-77-25-24-83|45-5-3-1-42-39-36-44-43-40-38-41-61-2-6-7-8-46-4-100-70
55,4,1023.4484,1245.6905,165.0,954.4394,0,4,85.999685,86.086034,True,69-82-11-15-16-12-88-60-79-73-78-53-98-55-68-81-96-54-37-35-72-71-93-94-80|90-65-64-57-19-23-21-48-18-89-76-63-85-84-51-49-22-20-56-66|91-92-62-33-32-31-29-27-26-28-30-34-50-67-95-99-52-86-87-9-10-14-47-17-13-74-59-97-75-58-77-25-24-83|45-5-3-1-42-39-36-44-43-40-38-41-61-2-6-7-8-46-4-100-70
56,4,1024.8626,1236.7992,191.0,957.803,0,4,84.665981,84.754526,True,69-82-11-15-16-12-88-60-79-73-78-53-98-55-68-81-94-96-54-37-35-72-71-93-80|90-65-64-24-19-23-21-48-18-89-76-63-85-51-49-22-20-84-56-66|91-92-62-33-32-31-29-27-26-28-30-34-50-67-95-99-52-86-87-9-10-14-47-17-13-74-59-97-75-58-77-25-57-83|45-5-3-1-42-39-36-44-43-40-38-41-61-2-6-7-8-46-4-100-70
57,4,1024.8626,1236.7992,191.0,957.803,0,4,84.665981,84.754526,True,69-82-11-15-16-12-88-60-79-73-78-53-98-55-68-81-94-96-54-37-35-72-71-93-80|90-65-64-24-19-23-21-48-18-89-76-63-85-51-49-22-20-84-56-66|91-92-62-33-32-31-29-27-26-28-30-34-50-67-95-99-52-86-87-9-10-14-47-17-13-74-59-97-75-58-77-25-57-83|45-5-3-1-42-39-36-44-43-40-38-41-61-2-6-7-8-46-4-100-70
58,4,1025.5646,1243.5743,155.0,954.4394,0,4,85.682257,85.767924,True,69-98-82-11-15-16-14-12-88-60-79-73-78-53-55-68-81-96-54-37-35-72-71-93-94-80|90-65-64-57-19-23-21-48-18-89-76-63-85-51-49-22-20-84-56-66|91-92-62-33-32-31-29-27-26-28-30-34-50-67-95-99-52-86-87-9-10-47-17-13-74-59-97-75-58-77-25-24-83|45-5-3-1-42-39-36-44-43-40-38-41-61-2-6-7-8-46-4-100-70
59,4,1029.066,1240.0729,208.0,954.4394,0,4,85.157038,85.248531,True,69-82-52-11-15-16-12-88-60-79-73-78-53-98-55-68-81-96-54-37-35-72-71-93-94-80|90-65-64-20-19-23-21-48-18-89-76-63-85-51-49-22-84-56-66|91-92-95-62-33-32-31-29-27-26-28-30-34-50-67-99-57-86-87-9-10-14-47-17-13-74-59-97-75-58-77-25-24-83|45-5-3-1-42-39-36-44-43-40-38-41-61-2-6-7-8-46-4-100-70
60,4,1029.2359,1239.903,211.0,954.4394,0,4,85.131556,85.223374,True,69-82-11-15-16-12-88-60-79-73-78-53-98-55-68-81-96-54-37-35-72-71-93-94-80|90-65-64-20-19-23-21-48-18-89-76-63-85-51-49-22-84-56-66|91-92-95-50-62-33-32-31-29-27-26-28-30-34-67-99-52-57-86-87-9-10-14-47-17-13-74-59-97-75-58-77-25-24-83|45-5-3-1-42-39-36-44-43-40-38-41-61-2-6-7-8-46-4-100-70
61,4,1030.2199,1238.919,236.0,954.4394,0,4,84.983958,85.078424,True,69-15-11-99-82-88-60-79-73-78-53-98-55-68-81-96-54-37-35-72-71-93-94-80|90-65-64-19-23-21-48-18-89-76-63-85-51-49-22-20-84-56-66|91-92-62-33-32-31-29-27-26-28-30-34-50-67-95-57-52-86-87-9-10-12-14-47-16-17-13-74-59-97-75-58-77-25-24-83|45-5-3-1-42-39-36-44-43-40-38-41-61-2-6-7-8-46-4-100-70
62,4,1030.2933,1231.8312,211.0,947.425,0,4,83.92079,84.010662,True,69-82-11-15-12-88-60-79-73-78-53-98-55-68-81-96-54-37-35-72-71-93-94-80|90-65-64-24-19-23-21-48-18-89-76-63-85-51-49-22-20-84-56-66|91-92-62-33-32-31-29-27-26-28-30-34-50-67-95-99-52-86-87-9-10-14-47-13-16-17-74-59-97-75-58-77-25-57-83|45-5-3-1-42-39-36-44-43-40-38-41-61-2-6-7-8-46-4-100-70
63,4,1030.2933,1231.8312,211.0,947.425,0,4,83.92079,84.010662,True,69-82-11-15-12-88-60-79-73-78-53-98-55-68-81-96-54-37-35-72-71-93-94-80|90-65-64-24-19-23-21-48-18-89-76-63-85-51-49-22-20-84-56-66|91-92-62-33-32-31-29-27-26-28-30-34-50-67-95-99-52-86-87-9-10-14-47-13-16-17-74-59-97-75-58-77-25-57-83|45-5-3-1-42-39-36-44-43-40-38-41-61-2-6-7-8-46-4-100-70
64,4,1030.923,1241.5795,181.0,957.803,0,4,85.383028,85.473108,True,69-82-15-11-47-16-12-88-60-79-73-78-53-98-55-68-81-96-54-37-35-72-71-93-94-80|90-65-64-24-19-23-21-48-18-89-76-63-85-51-49-22-20-84-56-66|91-92-62-33-32-31-29-27-26-28-30-34-50-67-95-99-52-86-87-9-10-14-17-13-74-59-97-75-58-77-25-57-83|45-5-3-1-42-39-36-44-43-40-38-41-61-2-6-7-8-46-4-100-70
65,4,1031.4028,1235.5153,191.0,957.803,0,4,84.473397,84.563712,True,69-82-11-15-16-12-88-60-79-73-78-53-98-55-68-81-96-54-37-35-72-94-71-93-80|90-65-64-24-19-23-21-48-18-89-76-63-85-51-49-22-20-84-56-66|91-92-62-33-32-31-29-27-26-28-30-34-50-67-95-99-52-86-87-9-10-14-47-17-13-74-59-97-75-58-77-25-57-83|45-5-3-1-42-39-36-44-43-40-38-41-61-2-6-7-8-46-4-100-70
66,4,1031.8065,1230.318,211.0,947.425,0,4,83.693811,83.78391,True,69-82-11-15-12-88-60-79-73-78-53-98-55-68-61-81-96-54-37-35-72-71-93-94-80|90-65-64-24-19-23-21-48-18-89-76-63-85-51-49-22-20-84-56-66|91-92-62-33-32-31-29-27-26-28-30-34-50-67-95-99-52-86-87-9-10-14-47-13-16-17-74-59-97-75-58-77-25-57-83|45-5-3-1-42-39-36-38-44-43-40-41-2-6-7-8-46-4-100-70
67,4,1032.4139,1236.725,177.0,954.4394,0,4,84.65485,84.743745,True,90-65-82-12-14-16-15-11-98-69-88-60-79-73-78-53-55-68-81-96-54-37-35-72-71-93-94-80|64-57-19-23-21-48-18-89-76-63-85-51-49-22-20-84-56-66|91-92-62-33-32-31-29-27-26-28-30-34-50-67-95-99-52-86-87-9-10-47-17-13-74-59-97-75-58-77-25-24-83|45-5-3-1-42-39-36-44-43-40-38-41-61-2-6-7-8-46-4-100-70
68,4,1037.2848,1235.2176,191.0,957.803,0,4,84.428745,84.52078,True,96-69-82-11-15-16-12-88-60-79-73-78-53-98-55-68-81-54-37-35-72-71-93-94-80|90-65-64-24-19-23-21-48-18-89-76-63-85-51-49-22-20-84-56-66|91-92-62-33-32-31-29-27-26-28-30-34-50-67-95-99-52-86-87-9-10-14-47-17-13-74-59-97-75-58-77-25-57-83|45-5-3-1-42-39-36-44-43-40-38-41-61-2-6-7-8-46-4-100-70
69,4,1039.8759,1222.2486,211.0,947.425,0,4,82.483399,82.574709,True,69-82-11-15-12-88-60-79-73-78-53-98-68-81-96-54-37-35-72-71-93-94-80|90-65-64-24-19-23-21-48-18-89-76-63-85-51-49-22-20-84-56-66|91-92-62-33-32-31-29-27-26-28-30-34-50-67-95-99-52-86-87-9-10-14-47-13-16-17-74-59-97-75-58-77-25-57-83|45-5-3-1-42-39-36-44-43-40-38-41-61-2-6-7-8-46-4-55-100-70
70,4,1041.683,1230.8195,191.0,957.803,0,4,83.769023,83.861717,True,69-82-11-15-16-88-12-60-79-73-78-53-98-55-68-81-96-54-37-35-72-71-93-94-80|90-65-64-24-19-23-21-48-18-89-76-63-85-51-49-22-20-84-56-66|91-92-62-33-32-31-29-27-26-28-30-34-50-67-95-99-52-86-87-9-10-14-47-17-13-74-59-97-75-58-77-25-57-83|45-5-3-1-42-39-36-44-43-40-38-41-61-2-6-7-8-46-4-100-70
71,4,1042.1544,1230.3481,181.0,957.803,0,4,83.698316,83.79008,True,69-82-11-15-16-12-88-60-14-79-73-78-53-98-55-68-81-96-54-37-35-72-71-93-94-80|90-65-64-24-19-23-21-48-18-89-76-63-85-51-49-22-20-84-56-66|91-92-62-33-32-31-29-27-26-28-30-34-50-67-95-99-52-86-87-9-10-47-17-13-74-59-97-75-58-77-25-57-83|45-5-3-1-42-39-36-44-43-40-38-41-61-2-6-7-8-46-4-100-70
72,4,1044.3603,1228.1421,191.0,957.803,0,4,83.367427,83.460523,True,69-82-11-15-16-12-88-60-79-73-78-53-98-55-68-81-96-54-37-35-72-71-93-94-80|90-65-64-24-19-23-21-48-76-18-89-63-85-51-49-22-20-84-56-66|91-92-62-33-32-31-29-27-26-28-30-34-50-67-95-99-52-86-87-9-10-14-47-17-13-74-59-97-75-58-77-25-57-83|45-5-3-1-42-39-36-44-43-40-38-41-61-2-6-7-8-46-4-100-70
73,4,1045.4126,1227.0899,191.0,957.803,0,4,83.209584,83.302837,True,69-82-11-15-16-12-88-60-79-73-78-53-98-55-68-81-96-54-37-35-72-71-93-94-80|90-65-64-63-24-19-23-21-48-18-89-76-85-51-49-22-20-84-56-66|91-92-62-33-32-31-29-27-26-28-30-34-50-67-95-99-52-86-87-9-10-14-47-17-13-74-59-97-75-58-77-25-57-83|45-5-3-1-42-39-36-44-43-40-38-41-61-2-6-7-8-46-4-100-70
74,4,1045.9745,1226.528,203.0,957.803,0,4,83.125301,83.219839,True,69-82-11-15-16-12-88-60-79-73-78-53-98-55-68-81-96-54-37-35-72-71-93-94-80|65-64-24-19-23-21-48-18-89-76-63-85-51-49-22-20-84-56-66|91-92-90-62-33-32-31-29-27-26-28-30-34-50-67-95-99-52-86-87-9-10-14-47-17-13-74-59-97-75-58-77-25-57-83|45-5-3-1-42-39-36-44-43-40-38-41-61-2-6-7-8-46-4-100-70
75,4,1046.0917,1226.4107,191.0,957.803,0,4,83.107715,83.201071,True,69-82-11-15-16-12-88-60-79-73-78-53-98-55-68-81-96-54-37-35-72-71-93-94-80|90-65-64-24-19-23-21-48-18-89-76-63-85-51-49-22-20-84-56-66|92-95-33-62-34-31-29-27-26-28-30-32-50-67-91-99-52-86-87-9-10-14-47-17-13-74-59-97-75-58-77-25-57-83|45-5-3-1-42-39-36-44-43-40-38-41-61-2-6-7-8-46-4-100-70
76,4,1046.1274,1226.375,191.0,957.803,0,4,83.102362,83.195722,True,69-82-11-15-16-12-88-60-79-73-78-53-98-55-68-81-96-54-37-35-72-71-93-94-80|90-65-64-24-19-23-21-48-18-89-76-63-85-51-49-22-84-20-56-66|91-92-62-33-32-31-29-27-26-28-30-34-50-67-95-99-52-86-87-9-10-14-47-17-13-74-59-97-75-58-77-25-57-83|45-5-3-1-42-39-36-44-43-40-38-41-61-2-6-7-8-46-4-100-70
77,4,1046.8261,1206.4293,191.0,938.5559,0,4,80.110494,80.198186,True,69-82-11-15-16-12-88-60-79-73-78-53-98-55-68-81-96-54-37-35-72-71-93-94-80|90-65-64-24-19-23-21-18-48-89-76-63-85-51-49-22-20-84-56-66|91-92-62-33-32-31-29-27-26-28-30-34-50-67-95-99-52-86-87-9-10-74-14-47-17-13-59-97-75-58-77-25-57-83|45-5-3-1-42-39-36-44-43-40-38-41-61-2-6-7-8-46-4-100-70
78,4,1046.8261,1206.4293,191.0,938.5559,0,4,80.110494,80.198186,True,69-82-11-15-16-12-88-60-79-73-78-53-98-55-68-81-96-54-37-35-72-71-93-94-80|90-65-64-24-19-23-21-18-48-89-76-63-85-51-49-22-20-84-56-66|91-92-62-33-32-31-29-27-26-28-30-34-50-67-95-99-52-86-87-9-10-74-14-47-17-13-59-97-75-58-77-25-57-83|45-5-3-1-42-39-36-44-43-40-38-41-61-2-6-7-8-46-4-100-70
79,4,1047.7811,1225.8233,179.0,958.9049,0,4,83.019597,83.112336,True,90-65-82-86-11-15-16-12-69-88-60-79-73-78-53-98-55-68-81-96-54-37-35-72-71-93-94-80|92-95-62-33-32-31-29-27-26-28-30-34-50-67-83-99-52-87-9-10-14-47-17-13-74-59-97-75-58-77-25-24-57|45-5-3-1-42-39-36-44-43-40-38-41-61-2-6-7-8-46-4-100-70|91-64-20-23-21-48-18-89-76-63-85-51-19-49-22-84-56-66
80,4,1047.7811,1225.8233,179.0,958.9049,0,4,83.019597,83.112336,True,90-65-82-86-11-15-16-12-69-88-60-79-73-78-53-98-55-68-81-96-54-37-35-72-71-93-94-80|92-95-62-33-32-31-29-27-26-28-30-34-50-67-83-99-52-87-9-10-14-47-17-13-74-59-97-75-58-77-25-24-57|45-5-3-1-42-39-36-44-43-40-38-41-61-2-6-7-8-46-4-100-70|91-64-20-23-21-48-18-89-76-63-85-51-19-49-22-84-56-66
81,4,1048.577,1210.1839,185.0,944.0615,0,4,80.673695,80.762701,True,69-82-11-15-12-88-60-79-73-78-53-98-68-81-96-54-37-35-72-71-93-94-80|90-65-64-57-19-23-21-48-18-89-76-63-85-51-49-22-20-84-56-66|91-92-62-33-32-31-29-27-26-28-30-34-50-67-95-99-52-86-87-9-10-14-47-13-16-17-74-59-97-75-58-77-25-24-83|45-5-3-1-42-39-36-44-43-40-38-41-61-2-6-7-8-46-4-55-100-70
82,4,1048.577,1210.1839,185.0,944.0615,0,4,80.673695,80.762701,True,69-82-11-15-12-88-60-79-73-78-53-98-68-81-96-54-37-35-72-71-93-94-80|90-65-64-57-19-23-21-48-18-89-76-63-85-51-49-22-20-84-56-66|91-92-62-33-32-31-29-27-26-28-30-34-50-67-95-99-52-86-87-9-10-14-47-13-16-17-74-59-97-75-58-77-25-24-83|45-5-3-1-42-39-36-44-43-40-38-41-61-2-6-7-8-46-4-55-100-70
83,4,1052.2124,1220.29,167.0,957.803,0,4,82.189605,82.281479,True,69-88-11-12-78-73-79-60-53-98-55-68-81-96-54-37-35-72-71-93-94-80|90-65-82-16-15-64-24-19-23-21-48-18-89-76-63-85-51-49-22-20-84-56-66|91-92-62-33-32-31-29-27-26-28-30-34-50-67-95-99-52-86-87-9-10-14-47-17-13-74-59-97-75-58-77-25-57-83|45-5-3-1-42-39-36-44-43-40-38-41-61-2-6-7-8-46-4-100-70
84,4,1053.1727,1212.1851,182.0,950.6583,0,4,80.973873,81.065247,True,69-12-16-15-11-99-82-88-60-79-73-78-53-98-55-68-81-96-54-37-35-72-71-93-94-80|90-65-64-83-57-24-20-19-23-21-48-18-89-76-51-49-63-85-84-56-66|91-92-62-33-32-31-29-27-26-28-30-34-50-67-95-22-86-87-9-10-14-47-17-13-74-59-97-75-58-77-25-52|45-5-3-1-42-39-36-44-43-40-38-41-61-2-6-7-8-46-4-100-70
85,4,1053.6629,1218.8395,181.0,957.803,0,4,81.972038,82.065529,True,69-82-11-15-16-14-12-88-60-79-73-78-53-98-55-68-81-96-54-37-35-72-71-93-94-80|90-65-64-24-19-23-21-48-18-89-76-63-85-51-49-22-20-84-56-66|91-92-32-33-62-31-29-27-26-28-30-34-50-67-95-99-52-86-87-9-10-47-17-13-74-59-97-75-58-77-25-57-83|45-5-3-1-42-39-36-44-43-40-38-41-61-2-6-7-8-46-4-100-70
86,4,1053.6968,1207.2766,181.0,946.2739,0,4,80.237593,80.32763,True,69-82-11-15-16-14-12-88-60-79-73-78-53-98-55-68-81-96-54-37-35-72-71-93-94-80|90-65-64-24-19-23-21-48-18-89-76-63-85-51-49-22-20-84-56-66|91-92-32-33-62-31-29-27-26-28-30-34-50-67-95-83-99-52-86-87-9-10-47-17-13-74-59-97-75-58-77-25-57|45-5-3-1-42-39-36-44-43-40-38-41-61-2-6-7-8-46-4-100-70
87,4,1054.4456,1204.2986,159.0,944.0447,0,4,79.790896,79.878177,True,69-82-11-15-16-12-88-60-79-73-78-53-98-55-68-81-96-54-37-35-72-71-93-94-80|90-65-57-24-19-23-21-48-18-89-76-63-30-85-51-49-22-20-84-56-66|91-92-33-32-28-26-27-29-31-34-50-62-67-95-64-99-52-86-87-9-10-14-47-17-13-74-59-97-75-58-77-25-83|45-5-3-1-42-39-36-44-43-40-38-41-61-2-6-7-8-46-4-100-70
88,4,1054.4456,1204.2986,159.0,944.0447,0,4,79.790896,79.878177,True,69-82-11-15-16-12-88-60-79-73-78-53-98-55-68-81-96-54-37-35-72-71-93-94-80|90-65-57-24-19-23-21-48-18-89-76-63-30-85-51-49-22-20-84-56-66|91-92-33-32-28-26-27-29-31-34-50-62-67-95-64-99-52-86-87-9-10-14-47-17-13-74-59-97-75-58-77-25-83|45-5-3-1-42-39-36-44-43-40-38-41-61-2-6-7-8-46-4-100-70
89,4,1054.723,1209.8137,117.0,949.8372,0,4,80.618167,80.703027,True,69-82-11-15-16-12-88-60-79-73-78-53-98-55-68-81-96-54-37-35-72-71-93-94-80|90-65-83-57-20-19-18-21-23-48-89-76-64-51-22-24-49-63-85-84-56-66|91-92-62-33-32-31-29-27-26-28-30-34-50-67-95-99-52-87-9-10-14-47-17-13-74-86-59-97-75-58-77-25|45-5-3-1-42-39-36-44-43-40-38-41-61-2-6-7-8-46-4-100-70
90,4,1054.723,1209.8137,117.0,949.8372,0,4,80.618167,80.703027,True,69-82-11-15-16-12-88-60-79-73-78-53-98-55-68-81-96-54-37-35-72-71-93-94-80|90-65-83-57-20-19-18-21-23-48-89-76-64-51-22-24-49-63-85-84-56-66|91-92-62-33-32-31-29-27-26-28-30-34-50-67-95-99-52-87-9-10-14-47-17-13-74-86-59-97-75-58-77-25|45-5-3-1-42-39-36-44-43-40-38-41-61-2-6-7-8-46-4-100-70
91,4,1056.5139,1413.7009,129.0,926.6313,0,4,111.201238,111.314938,True,69-98-11-15-16-14-12-88-60-79-73-78-53-55-68-81-54-37-35-72-71-93-96|90-65-64-20-19-23-21-48-18-89-76-63-85-84-51-49-22-24-74-59-13-47-17-97-75-58-77-25-57-83|45-5-3-1-42-39-36-44-43-40-38-41-61-2-6-7-8-46-4-100-70|92-94-34-31-29-27-26-28-33-32-30-62-50-67-95-99-52-86-87-9-10-82-66-56-91-80
92,4,1057.7223,1281.4159,158.0,944.0447,0,4,91.358486,91.458218,True,69-11-15-16-14-12-88-60-79-73-78-53-55-68-81-96-54-37-35-72-71-93-94-80|90-65-64-24-19-23-21-48-18-89-76-63-85-51-49-22-20-84-56-66|91-92-62-33-32-31-29-27-26-28-30-34-50-67-95-99-52-86-87-9-10-47-17-13-74-59-97-75-58-77-25-83|45-5-3-1-42-39-36-44-43-40-38-41-61-2-6-7-8-46-4-70-100-98-82-57
93,4,1059.4017,1202.7229,211.0,947.425,0,4,79.554535,79.648774,True,69-82-11-15-12-88-60-79-73-78-53-98-55-68-81-96-54-37-35-72-71-93-94-80|90-65-64-24-23-76-89-51-63-85-84-22-18-48-21-19-49-20-56-66|91-92-62-33-32-31-29-27-26-28-30-34-50-67-95-99-52-86-87-9-10-14-47-13-16-17-74-59-97-75-58-77-25-57-83|45-5-3-1-42-39-36-44-43-40-38-41-61-2-6-7-8-46-4-100-70
94,4,1059.8495,1201.1239,191.0,946.2739,0,4,79.314688,79.406648,True,69-82-11-15-16-12-88-60-73-79-78-53-98-55-68-81-96-54-37-35-72-71-93-94-80|90-65-64-20-19-23-21-48-18-89-76-63-85-51-49-24-22-84-56-66|91-92-32-33-62-31-29-27-26-28-30-34-50-67-95-83-99-52-86-87-9-10-14-47-17-13-74-59-97-75-58-77-25-57|45-5-3-1-42-39-36-44-43-40-38-41-61-2-6-7-8-46-4-100-70
95,4,1060.3536,1158.1881,158.0,903.8422,0,4,72.874315,72.950321,True,69-12-14-47-16-15-11-99-82-88-60-79-73-78-53-9-10-98-55-68-81-96-54-37-35-72-71-93-94-80|90-65-64-24-19-23-21-48-18-89-76-63-85-51-49-22-20-84-56-66|91-92-62-33-32-31-29-27-26-28-30-34-50-67-95-83-52-86-87-74-59-13-17-97-75-58-77-25-57|45-5-3-1-42-39-36-44-43-40-38-41-61-2-6-7-8-46-4-100-70
96,4,1060.3536,1158.1881,158.0,903.8422,0,4,72.874315,72.950321,True,69-12-14-47-16-15-11-99-82-88-60-79-73-78-53-9-10-98-55-68-81-96-54-37-35-72-71-93-94-80|90-65-64-24-19-23-21-48-18-89-76-63-85-51-49-22-20-84-56-66|91-92-62-33-32-31-29-27-26-28-30-34-50-67-95-83-52-86-87-74-59-13-17-97-75-58-77-25-57|45-5-3-1-42-39-36-44-43-40-38-41-61-2-6-7-8-46-4-100-70
97,4,1062.8405,1156.8157,252.0,922.939,0,4,72.668457,72.757268,True,69-98-11-15-14-12-88-60-79-73-78-53-55-68-81-54-37-35-72-71-93-94-80|65-64-24-19-23-21-48-18-89-76-63-85-51-49-22-20-84-56-66-57-86-74-59-13-47-17-16-97-75-58-77-25-83|45-5-3-1-42-39-36-44-43-40-38-41-61-2-6-7-8-46-4-100-70|96-92-50-34-31-29-27-26-28-33-32-30-62-67-95-91-99-52-87-9-10-82-90
98,4,1066.7735,1268.5471,142.0,944.0447,0,4,89.428165,89.527081,True,69-82-11-15-16-12-88-60-79-73-78-53-98-55-68-81-96-54-37-35-72-71-93-94-80|90-65-64-24-19-23-21-48-18-89-76-63-85-51-49-22-20-84-56-91-66|92-62-33-32-31-29-27-26-28-30-34-50-67-95-99-52-86-87-9-10-14-47-17-13-74-59-97-75-58-77-25-83|45-5-3-1-42-39-36-44-43-40-38-41-61-2-6-7-8-46-4-70-100-57
99,4,1068.7827,1196.1663,94.0,950.2495,0,4,78.571058,78.65585,True,69-82-52-11-15-14-60-88-53-78-79-73-12-10-98-55-68-81-96-54-37-35-72-71-93-94-80|90-65-64-83-57-24-19-23-21-48-18-89-76-63-85-51-49-22-20-84-56-66|91-92-62-33-32-31-29-27-26-28-30-34-50-67-95-99-87-9-13-16-17-47-74-86-59-97-75-58-77-25|45-5-3-1-42-39-36-44-43-40-38-41-61-2-6-7-8-46-4-100-70
100,4,1068.7827,1196.1663,94.0,950.2495,0,4,78.571058,78.65585,True,69-82-52-11-15-14-60-88-53-78-79-73-12-10-98-55-68-81-96-54-37-35-72-71-93-94-80|90-65-64-83-57-24-19-23-21-48-18-89-76-63-85-51-49-22-20-84-56-66|91-92-62-33-32-31-29-27-26-28-30-34-50-67-95-99-87-9-13-16-17-47-74-86-59-97-75-58-77-25|45-5-3-1-42-39-36-44-43-40-38-41-61-2-6-7-8-46-4-100-70
101,4,1078.2322,1269.5535,134.0,947.425,0,4,89.579127,89.681339,True,69-82-11-15-16-47-14-12-88-60-79-73-78-53-9-10-13-98-55-68-35-37-72-54-81-96-71-93-80|90-65-64-24-19-23-21-48-18-89-76-63-85-51-49-22-20-84-56-66|91-92-94-62-33-32-31-29-27-26-28-30-34-50-67-95-99-52-86-87-17-74-59-97-75-58-77-25-57-83|45-5-3-1-42-39-36-44-43-40-38-41-61-2-6-7-8-46-4-100-70
102,4,1079.7872,1140.8829,296.0,923.9529,0,4,70.278537,70.374594,True,69-98-11-15-14-12-88-60-7-6-8-79-73-78-53-55-68-61-81-96-54-72-71-93-94-80|65-95-62-64-20-19-23-21-48-18-89-76-63-85-84-51-49-22-56-66-83-57-86-74-59-13-47-17-16-97-75-58-77-25-24|2-45-5-3-1-42-39-36-37-38-44-41-40-35-43-4-46-100-70|92-34-31-29-27-26-28-33-30-32-50-67-91-99-52-87-9-10-82-90
103,4,1079.7872,1140.8829,296.0,923.9529,0,4,70.278537,70.374594,True,69-98-11-15-14-12-88-60-7-6-8-79-73-78-53-55-68-61-81-96-54-72-71-93-94-80|65-95-62-64-20-19-23-21-48-18-89-76-63-85-84-51-49-22-56-66-83-57-86-74-59-13-47-17-16-97-75-58-77-25-24|2-45-5-3-1-42-39-36-37-38-44-41-40-35-43-4-46-100-70|92-34-31-29-27-26-28-33-30-32-50-67-91-99-52-87-9-10-82-90
104,4,1080.8406,1121.855,285.0,926.6313,0,4,67.424352,67.517173,True,69-82-11-15-16-14-12-88-60-79-73-78-53-98-55-68-81-54-37-35-72-71-93-94-80|90-65-91-64-24-19-23-21-48-18-89-76-63-85-51-49-22-20-84-56-66-52-86-74-59-13-47-17-97-75-58-77-25-57-83|45-5-3-1-42-39-36-44-43-40-38-41-61-2-6-7-8-46-4-100-70|96-92-50-34-31-29-27-26-28-33-32-30-62-67-95-99-87-9-10
105,4,1080.8406,1121.855,285.0,926.6313,0,4,67.424352,67.517173,True,69-82-11-15-16-14-12-88-60-79-73-78-53-98-55-68-81-54-37-35-72-71-93-94-80|90-65-91-64-24-19-23-21-48-18-89-76-63-85-51-49-22-20-84-56-66-52-86-74-59-13-47-17-97-75-58-77-25-57-83|45-5-3-1-42-39-36-44-43-40-38-41-61-2-6-7-8-46-4-100-70|96-92-50-34-31-29-27-26-28-33-32-30-62-67-95-99-87-9-10
106,4,1081.2781,1121.4174,313.0,926.6313,0,4,67.358718,67.454404,True,69-82-11-15-16-14-12-88-60-79-73-78-53-98-55-68-81-54-37-35-72-71-93-94-80|90-65-91-92-64-24-19-23-21-48-18-89-76-63-85-51-49-22-20-84-56-66-52-86-74-59-13-47-17-97-75-58-77-25-57-83|45-5-3-1-42-39-36-44-43-40-38-41-61-2-6-7-8-46-4-100-70|96-50-34-31-29-27-26-28-33-32-30-62-67-95-99-87-9-10
107,4,1081.6764,1133.6501,259.0,939.2623,0,4,69.193627,69.287763,True,69-82-11-15-16-14-12-88-60-79-73-78-53-98-55-68-81-54-37-35-72-71-93-94-80|90-65-64-19-23-21-48-18-89-76-63-85-51-49-22-20-84-56-66-52-86-74-59-13-47-17-97-75-58-77-25-24-57-83|45-5-3-1-42-39-36-38-44-43-40-41-61-2-6-7-8-46-4-100-70|96-92-34-31-29-27-26-28-33-32-30-62-50-67-95-91-99-87-9-10
108,4,1081.6764,1133.6501,259.0,939.2623,0,4,69.193627,69.287763,True,69-82-11-15-16-14-12-88-60-79-73-78-53-98-55-68-81-54-37-35-72-71-93-94-80|90-65-64-19-23-21-48-18-89-76-63-85-51-49-22-20-84-56-66-52-86-74-59-13-47-17-97-75-58-77-25-24-57-83|45-5-3-1-42-39-36-38-44-43-40-41-61-2-6-7-8-46-4-100-70|96-92-34-31-29-27-26-28-33-32-30-62-50-67-95-91-99-87-9-10
109,4,1082.2602,1120.4354,313.0,926.6313,0,4,67.211412,67.307246,True,69-82-11-15-16-14-12-88-60-79-73-78-53-98-55-68-81-54-37-35-72-71-93-94-80|90-65-91-92-64-24-19-21-23-48-18-89-76-63-85-51-49-22-20-84-56-66-52-86-74-59-13-47-17-97-75-58-77-25-57-83|45-5-3-1-42-39-36-44-43-40-38-41-61-2-6-7-8-46-4-100-70|96-50-34-31-29-27-26-28-33-32-30-62-67-95-99-87-9-10
110,4,1082.2837,1308.7473,262.0,900.5026,0,4,95.458201,95.573269,True,69-15-16-47-14-11-12-88-60-79-73-78-53-98-55-68-81-96-54-37-35-72-71-93-94-80|65-91-92-64-20-19-21-23-48-18-89-76-63-85-51-49-22-84-56-66-57-86-74-59-13-97-75-58-77-25-24-83|45-5-3-1-42-39-36-44-43-40-38-41-61-2-6-7-8-46-4-100-70|62-33-34-31-29-27-26-28-30-32-50-67-95-99-52-87-9-10-17-82-90
111,4,1083.6977,1136.2872,210.0,923.2677,0,4,69.589189,69.677027,True,69-98-11-15-16-14-12-88-60-79-73-78-53-55-68-61-37-35-72-71-93-94-80|65-91-92-62-64-20-19-23-21-48-18-89-76-63-85-51-49-22-84-56-66-57-74-59-13-47-17-97-75-58-77-25-24-83|45-5-3-1-42-39-36-44-43-40-38-41-2-6-7-8-46-4-100-70|81-54-96-34-31-29-27-26-28-33-30-32-50-67-95-99-52-86-87-9-10-82-90
112,4,1083.6977,1136.2872,210.0,923.2677,0,4,69.589189,69.677027,True,69-98-11-15-16-14-12-88-60-79-73-78-53-55-68-61-37-35-72-71-93-94-80|65-91-92-62-64-20-19-23-21-48-18-89-76-63-85-51-49-22-84-56-66-57-74-59-13-47-17-97-75-58-77-25-24-83|45-5-3-1-42-39-36-44-43-40-38-41-2-6-7-8-46-4-100-70|81-54-96-34-31-29-27-26-28-33-30-32-50-67-95-99-52-86-87-9-10-82-90
113,4,1084.0091,1105.1134,223.0,913.0582,0,4,64.913113,64.996138,True,69-82-11-15-16-14-12-88-60-79-73-78-53-98-55-68-81-54-37-35-72-71-93-94-80|90-65-91-64-20-19-23-21-48-18-89-76-63-85-51-49-22-84-56-66-83-57-74-59-13-47-17-97-75-58-77-25-24|45-5-3-1-42-39-36-44-43-40-38-41-61-2-6-7-8-46-4-100-70|96-92-50-34-31-29-27-26-33-32-28-30-62-67-95-99-52-86-87-9-10
114,4,1084.0091,1105.1134,223.0,913.0582,0,4,64.913113,64.996138,True,69-82-11-15-16-14-12-88-60-79-73-78-53-98-55-68-81-54-37-35-72-71-93-94-80|90-65-91-64-20-19-23-21-48-18-89-76-63-85-51-49-22-84-56-66-83-57-74-59-13-47-17-97-75-58-77-25-24|45-5-3-1-42-39-36-44-43-40-38-41-61-2-6-7-8-46-4-100-70|96-92-50-34-31-29-27-26-33-32-28-30-62-67-95-99-52-86-87-9-10
115,4,1087.5699,1156.1672,170.0,929.0376,0,4,72.57118,72.660028,True,69-82-11-15-16-14-12-88-79-73-78-53-98-55-68-81-96-54-37-35-72-71-93-94-80|90-65-64-20-19-23-21-48-18-89-76-63-85-51-49-22-84-56-66|91-92-62-33-32-31-29-27-26-28-30-34-50-67-95-99-52-86-87-9-10-47-17-13-59-97-75-58-77-25-24-83|45-5-3-1-42-39-36-44-43-40-38-41-61-2-6-8-46-4-7-60-74-57-100-70
116,4,1095.0742,1149.1589,180.0,929.5336,0,4,71.519945,71.611067,True,69-82-11-15-12-88-60-79-73-78-53-98-55-68-81-96-54-37-35-72-71-93-94-80|90-65-64-24-19-23-21-48-18-89-76-63-85-51-49-22-20-84-56-66|91-92-62-33-32-31-29-27-26-28-30-34-50-67-95-99-52-86-87-9-10-14-47-17-16-13-59-97-75-58-77-25-83|45-5-3-1-42-39-36-44-43-40-38-41-61-2-8-7-6-4-46-74-57-100-70
117,4,1095.2509,1154.9963,160.0,918.6429,0,4,72.395552,72.483969,True,69-11-15-16-12-88-60-79-73-78-53-98-55-68-81-54-37-35-72-71-93-94-96-80|90-65-64-24-19-23-21-48-18-89-76-63-85-51-49-22-20-84-56-66|91-92-62-33-32-31-29-27-26-28-30-34-50-67-95-99-52-86-87-9-10-14-47-17-13-59-97-75-58-77-25-83|45-5-3-1-42-39-36-44-43-40-38-41-61-2-8-7-6-4-46-74-57-82-100-70
118,4,1095.437,1148.6198,180.0,929.0376,0,4,71.439073,71.530148,True,69-82-11-15-16-12-88-60-79-73-78-53-55-68-81-96-54-37-35-72-71-93-94-80|90-65-64-19-23-21-48-18-89-76-63-85-51-49-22-20-84-56-66|91-92-62-33-32-31-29-27-26-28-30-34-50-67-95-99-52-86-87-9-10-14-47-17-13-59-97-75-58-77-25-24-83|45-5-3-1-42-39-36-44-43-40-38-41-61-2-8-7-6-4-46-74-57-98-100-70
119,4,1096.1154,1174.4896,152.0,929.0376,0,4,75.31954,75.411899,True,69-11-15-16-12-88-60-79-73-78-53-98-55-68-81-54-37-35-72-71-93-94-96-80|90-65-64-19-23-21-48-18-76-89-85-63-51-49-22-20-84-56-66|91-92-62-33-32-31-29-27-26-28-30-34-50-67-95-99-52-87-9-10-14-47-17-13-59-97-75-58-77-25-24-83|45-5-3-1-42-39-36-44-43-40-38-41-61-2-8-7-6-4-46-86-74-57-82-100-70
120,4,1096.1154,1174.4896,152.0,929.0376,0,4,75.31954,75.411899,True,69-11-15-16-12-88-60-79-73-78-53-98-55-68-81-54-37-35-72-71-93-94-96-80|90-65-64-19-23-21-48-18-76-89-85-63-51-49-22-20-84-56-66|91-92-62-33-32-31-29-27-26-28-30-34-50-67-95-99-52-87-9-10-14-47-17-13-59-97-75-58-77-25-24-83|45-5-3-1-42-39-36-44-43-40-38-41-61-2-8-7-6-4-46-86-74-57-82-100-70
121,4,1096.9779,1421.7214,119.0,946.2739,0,4,112.404319,112.533308,True,69-82-11-15-16-12-88-60-79-73-78-53-98-55-68-61-37-35-72-71-93-96-54-81|90-65-83-24-48-21-23-19-64-51-76-89-63-85-31-50-84-22-18-49-20-56-66-80|92-95-62-33-32-29-27-26-28-30-34-67-94-91-99-52-86-87-9-10-14-47-17-13-74-59-97-75-58-77-25-57|45-5-3-1-42-39-36-44-43-40-38-41-2-6-7-8-46-4-100-70
122,4,1097.7212,1094.1337,316.0,926.6313,0,4,63.266158,63.362985,True,69-82-11-15-16-14-12-88-60-79-73-78-53-98-55-68-61-37-35-72-71-93-80|90-65-91-92-94-62-64-24-19-23-21-48-18-89-76-63-85-51-49-22-20-84-56-66-52-86-74-59-13-47-17-97-75-58-77-25-57-83|45-5-3-1-42-39-36-44-43-40-38-41-2-6-7-8-46-4-100-70|81-54-96-34-31-29-27-26-28-33-30-32-50-67-95-99-87-9-10
123,4,1097.7212,1094.1337,316.0,926.6313,0,4,63.266158,63.362985,True,69-82-11-15-16-14-12-88-60-79-73-78-53-98-55-68-61-37-35-72-71-93-80|90-65-91-92-94-62-64-24-19-23-21-48-18-89-76-63-85-51-49-22-20-84-56-66-52-86-74-59-13-47-17-97-75-58-77-25-57-83|45-5-3-1-42-39-36-44-43-40-38-41-2-6-7-8-46-4-100-70|81-54-96-34-31-29-27-26-28-33-30-32-50-67-95-99-87-9-10
124,4,1098.9901,1053.2279,301.0,957.803,0,4,57.130296,57.224543,True,65-69-82-11-15-16-14-12-88-60-79-73-78-53-98-55-68-81-54-37-35-72-71-93-94-80|90-91-92-62-64-24-19-23-21-48-18-89-76-63-85-51-49-22-20-84-56-66-10-47-17-13-74-59-97-75-58-77-25-57-83|45-5-3-1-42-39-36-38-44-43-40-41-61-2-6-7-8-46-4-100-70|96-34-31-29-27-26-28-33-30-32-50-67-95-99-52-86-87-9
125,4,1098.9901,1053.2279,301.0,957.803,0,4,57.130296,57.224543,True,65-69-82-11-15-16-14-12-88-60-79-73-78-53-98-55-68-81-54-37-35-72-71-93-94-80|90-91-92-62-64-24-19-23-21-48-18-89-76-63-85-51-49-22-20-84-56-66-10-47-17-13-74-59-97-75-58-77-25-57-83|45-5-3-1-42-39-36-38-44-43-40-41-61-2-6-7-8-46-4-100-70|96-34-31-29-27-26-28-33-30-32-50-67-95-99-52-86-87-9
126,4,1101.2035,1171.2989,151.0,957.803,0,4,74.840942,74.938564,True,69-82-11-15-16-12-88-60-79-73-78-53-98-55-68-81-96-54-37-35-72-71-93-94-80|90-65-27-64-24-19-23-21-48-18-89-76-63-85-84-51-49-22-20-56-66|91-92-62-33-32-30-28-26-29-31-34-50-67-95-99-52-86-87-9-10-14-47-17-13-74-59-97-75-58-77-25-57-83|45-5-3-1-42-39-36-44-43-40-38-41-61-2-6-7-8-46-4-100-70
127,4,1101.2035,1171.2989,151.0,957.803,0,4,74.840942,74.938564,True,69-82-11-15-16-12-88-60-79-73-78-53-98-55-68-81-96-54-37-35-72-71-93-94-80|90-65-27-64-24-19-23-21-48-18-89-76-63-85-84-51-49-22-20-56-66|91-92-62-33-32-30-28-26-29-31-34-50-67-95-99-52-86-87-9-10-14-47-17-13-74-59-97-75-58-77-25-57-83|45-5-3-1-42-39-36-44-43-40-38-41-61-2-6-7-8-46-4-100-70
128,4,1102.6734,1127.3775,168.0,933.3337,0,4,68.252723,68.342228,True,69-98-11-15-14-12-88-60-7-6-8-79-73-78-53-55-68-61-81-96-54-72-71-93-94-80|65-95-19-23-21-48-18-89-76-63-85-67-84-51-49-20-56-66-86-74-59-13-47-17-16-97-75-58-77-25-24-83|45-5-3-1-42-39-37-36-44-41-38-40-35-43-4-46-2-100-70|91-92-50-34-31-29-27-26-28-33-32-30-62-64-22-57-99-52-87-9-10-82-90
129,4,1102.6734,1127.3775,168.0,933.3337,0,4,68.252723,68.342228,True,69-98-11-15-14-12-88-60-7-6-8-79-73-78-53-55-68-61-81-96-54-72-71-93-94-80|65-95-19-23-21-48-18-89-76-63-85-67-84-51-49-20-56-66-86-74-59-13-47-17-16-97-75-58-77-25-24-83|45-5-3-1-42-39-37-36-44-41-38-40-35-43-4-46-2-100-70|91-92-50-34-31-29-27-26-28-33-32-30-62-64-22-57-99-52-87-9-10-82-90
130,4,1105.2867,965.4345,361.0,939.2623,0,4,43.961274,44.04746,True,69-11-15-16-14-12-88-60-79-73-78-53-87-9-10-98-55-68-81-54-37-35-72-71-93-94-80|65-91-92-62-64-19-23-21-48-18-89-76-63-85-51-49-22-20-84-56-66-52-86-74-59-13-47-17-97-75-58-77-25-24-57-83|45-5-3-1-42-39-36-44-43-40-38-41-61-2-6-7-8-46-4-100-70|96-34-31-29-27-26-28-33-30-32-50-67-95-99-82-90
131,4,1105.2867,965.4345,361.0,939.2623,0,4,43.961274,44.04746,True,69-11-15-16-14-12-88-60-79-73-78-53-87-9-10-98-55-68-81-54-37-35-72-71-93-94-80|65-91-92-62-64-19-23-21-48-18-89-76-63-85-51-49-22-20-84-56-66-52-86-74-59-13-47-17-97-75-58-77-25-24-57-83|45-5-3-1-42-39-36-44-43-40-38-41-61-2-6-7-8-46-4-100-70|96-34-31-29-27-26-28-33-30-32-50-67-95-99-82-90
132,4,1107.6617,1095.0339,303.0,926.6313,0,4,63.401184,63.499828,True,65-69-82-11-15-16-14-12-88-60-79-73-78-53-98-55-68-81-54-37-35-72-71-93-94-80|90-91-92-62-64-24-19-23-21-48-18-89-76-63-85-51-49-22-20-84-56-66-52-86-74-59-13-47-17-97-75-58-77-25-57-83|45-5-3-1-42-39-36-44-43-40-38-41-61-2-6-7-8-46-4-100-70|96-34-33-32-30-27-26-28-29-31-50-67-95-99-87-9-10
133,4,1107.6617,1095.0339,303.0,926.6313,0,4,63.401184,63.499828,True,65-69-82-11-15-16-14-12-88-60-79-73-78-53-98-55-68-81-54-37-35-72-71-93-94-80|90-91-92-62-64-24-19-23-21-48-18-89-76-63-85-51-49-22-20-84-56-66-52-86-74-59-13-47-17-97-75-58-77-25-57-83|45-5-3-1-42-39-36-44-43-40-38-41-61-2-6-7-8-46-4-100-70|96-34-33-32-30-27-26-28-29-31-50-67-95-99-87-9-10
134,4,1109.483,1052.8532,289.0,958.1318,0,4,57.074079,57.170268,True,69-82-11-15-16-14-12-88-60-79-73-78-53-98-55-68-81-96-54-37-35-72-71-93-94-80|65-95-62-64-57-24-19-23-21-48-18-89-76-63-85-51-49-22-20-84-56-66-10-47-17-13-74-58-59-97-75-77-25-83|45-5-3-1-42-39-36-44-43-40-38-41-61-2-6-7-8-46-4-100-70|92-34-31-29-27-26-28-33-30-32-50-67-91-99-52-86-87-9-90
135,4,1109.483,1052.8532,289.0,958.1318,0,4,57.074079,57.170268,True,69-82-11-15-16-14-12-88-60-79-73-78-53-98-55-68-81-96-54-37-35-72-71-93-94-80|65-95-62-64-57-24-19-23-21-48-18-89-76-63-85-51-49-22-20-84-56-66-10-47-17-13-74-58-59-97-75-77-25-83|45-5-3-1-42-39-36-44-43-40-38-41-61-2-6-7-8-46-4-100-70|92-34-31-29-27-26-28-33-30-32-50-67-91-99-52-86-87-9-90
136,4,1109.7682,1085.2237,206.0,898.2748,0,4,61.929668,62.013519,True,69-11-15-16-14-12-88-60-79-73-78-53-98-55-68-81-96-54-37-35-72-71-93-94-80|65-91-64-24-23-19-76-89-51-63-85-84-18-48-21-49-22-20-56-66-52-86-74-13-47-17-97-75-58-77-25-83|45-5-3-1-42-39-36-44-43-40-38-41-61-2-6-7-8-46-4-100-70|92-50-34-31-29-27-26-28-33-32-30-62-67-95-57-99-87-59-9-10-82-90
137,4,1109.7682,1085.2237,206.0,898.2748,0,4,61.929668,62.013519,True,69-11-15-16-14-12-88-60-79-73-78-53-98-55-68-81-96-54-37-35-72-71-93-94-80|65-91-64-24-23-19-76-89-51-63-85-84-18-48-21-49-22-20-56-66-52-86-74-13-47-17-97-75-58-77-25-83|45-5-3-1-42-39-36-44-43-40-38-41-61-2-6-7-8-46-4-100-70|92-50-34-31-29-27-26-28-33-32-30-62-67-95-57-99-87-59-9-10-82-90
138,4,1111.0288,1052.7782,295.0,958.1318,0,4,57.062829,57.16007,True,65-69-11-15-16-14-12-88-60-79-73-78-53-98-55-68-81-54-37-35-72-71-93-96-80|90-91-92-62-64-57-24-19-23-21-48-18-89-76-63-85-51-49-22-20-84-56-66-10-47-17-13-74-58-59-97-75-77-25-83|45-5-3-1-42-39-36-38-44-43-40-41-61-2-6-7-8-46-4-100-70|94-34-31-29-27-26-28-33-30-32-50-67-95-99-52-86-87-9-82
139,4,1111.2098,1041.3371,315.0,958.1318,0,4,55.346672,55.444251,True,69-82-11-15-16-14-12-88-60-79-73-78-53-98-55-68-81-96-54-37-35-72-71-93-94-80|90-65-91-62-64-57-24-19-23-21-48-18-89-76-63-85-51-49-22-20-84-56-66-10-47-17-13-74-58-59-97-75-77-25-83|45-5-3-1-42-39-36-44-43-40-38-41-61-2-6-7-8-46-4-100-70|92-34-31-29-27-26-28-33-30-32-50-67-95-99-52-86-87-9
140,4,1113.2254,1015.4385,307.0,954.4394,0,4,51.461882,51.554827,True,65-82-11-15-16-14-69-88-60-79-73-78-12-9-53-98-55-68-81-54-37-35-72-93-94-80|91-92-95-62-64-19-23-21-48-18-89-76-63-85-51-49-22-20-84-56-66-57-10-47-17-13-74-59-97-75-58-77-25-24-83|45-5-3-1-42-39-36-44-43-40-38-41-61-2-6-7-8-46-4-100-70|96-71-34-31-29-27-26-28-33-30-32-50-67-52-86-87-99-90
141,4,1113.2254,1015.4385,307.0,954.4394,0,4,51.461882,51.554827,True,65-82-11-15-16-14-69-88-60-79-73-78-12-9-53-98-55-68-81-54-37-35-72-93-94-80|91-92-95-62-64-19-23-21-48-18-89-76-63-85-51-49-22-20-84-56-66-57-10-47-17-13-74-59-97-75-58-77-25-24-83|45-5-3-1-42-39-36-44-43-40-38-41-61-2-6-7-8-46-4-100-70|96-71-34-31-29-27-26-28-33-30-32-50-67-52-86-87-99-90
142,4,1113.6836,963.0245,353.0,957.803,0,4,43.599782,43.690106,True,65-82-52-86-11-15-16-14-69-88-60-79-73-78-12-9-87-53-98-55-68-81-54-37-35-72-71-93-94-80|91-92-62-64-24-19-23-21-48-18-89-76-63-85-51-49-22-20-84-56-66-10-47-17-13-74-59-97-75-58-77-25-57-83|45-5-3-1-42-39-36-44-43-40-38-41-61-2-6-7-8-46-4-100-70|96-34-31-29-27-26-28-33-30-32-50-67-95-99-90
143,4,1113.6836,963.0245,353.0,957.803,0,4,43.599782,43.690106,True,65-82-52-86-11-15-16-14-69-88-60-79-73-78-12-9-87-53-98-55-68-81-54-37-35-72-71-93-94-80|91-92-62-64-24-19-23-21-48-18-89-76-63-85-51-49-22-20-84-56-66-10-47-17-13-74-59-97-75-58-77-25-57-83|45-5-3-1-42-39-36-44-43-40-38-41-61-2-6-7-8-46-4-100-70|96-34-31-29-27-26-28-33-30-32-50-67-95-99-90
144,4,1118.0047,1119.9091,192.0,941.1966,0,4,67.132471,67.229034,True,69-11-15-14-12-88-60-79-73-78-53-98-55-68-81-54-37-35-72-71-93-94-80|65-91-92-95-62-64-24-19-23-21-48-18-89-76-49-63-85-84-56-66-52-86-74-13-47-17-16-97-59-75-58-77-25-57-83|45-5-3-1-42-39-36-44-43-40-38-41-61-2-6-7-8-46-4-100-70|96-34-31-29-27-26-33-30-28-32-50-67-51-20-22-99-87-9-10-82-90
145,4,1121.2142,1298.2742,39.0,944.0447,0,4,93.887229,93.996637,True,69-82-11-15-16-12-88-60-79-73-78-53-98-55-68-81-96-54-37-35-72-71-93-94-80|90-65-64-89-76-24-23-21-48-18-19-49-22-20-51-84-85-63-26-50-95-56-66|91-92-62-33-32-30-27-28-29-31-34-67-99-52-86-87-9-10-14-47-17-13-74-59-97-75-58-77-25-83|45-5-3-1-42-39-36-44-43-40-38-41-61-2-6-7-8-46-4-70-100-57
146,4,1121.3459,1067.5914,289.0,912.873,0,4,59.284819,59.379988,True,69-82-11-15-16-14-12-88-60-79-73-78-53-98-55-68-81-54-37-35-72-71-93-94-80|90-65-91-92-95-85-63-33-62-64-24-19-23-21-48-18-89-76-20-22-49-51-84-56-66-57-74-59-13-47-17-97-75-58-77-25-83|45-5-3-1-42-39-36-44-43-40-38-41-61-2-6-7-8-46-4-100-70|96-34-31-29-27-26-28-30-32-50-67-99-52-86-87-9-10
147,4,1121.3459,1067.5914,289.0,912.873,0,4,59.284819,59.379988,True,69-82-11-15-16-14-12-88-60-79-73-78-53-98-55-68-81-54-37-35-72-71-93-94-80|90-65-91-92-95-85-63-33-62-64-24-19-23-21-48-18-89-76-20-22-49-51-84-56-66-57-74-59-13-47-17-97-75-58-77-25-83|45-5-3-1-42-39-36-44-43-40-38-41-61-2-6-7-8-46-4-100-70|96-34-31-29-27-26-28-30-32-50-67-99-52-86-87-9-10
148,4,1121.9121,1062.8317,292.0,898.2748,0,4,58.570867,58.663602,True,69-11-15-16-14-12-88-60-79-73-78-53-98-55-68-81-96-54-37-35-72-71-93-94-80|90-65-91-92-64-57-24-23-19-76-89-51-63-85-84-22-18-48-21-49-20-56-66-52-86-74-13-47-17-97-75-58-77-25-83|45-5-3-1-42-39-36-44-43-40-38-41-61-2-6-7-8-46-4-100-70|62-33-32-28-26-27-29-31-30-34-50-67-95-99-59-87-9-10-82
149,4,1121.9121,1062.8317,292.0,898.2748,0,4,58.570867,58.663602,True,69-11-15-16-14-12-88-60-79-73-78-53-98-55-68-81-96-54-37-35-72-71-93-94-80|90-65-91-92-64-57-24-23-19-76-89-51-63-85-84-22-18-48-21-49-20-56-66-52-86-74-13-47-17-97-75-58-77-25-83|45-5-3-1-42-39-36-44-43-40-38-41-61-2-6-7-8-46-4-100-70|62-33-32-28-26-27-29-31-30-34-50-67-95-99-59-87-9-10-82
150,4,1122.3446,1006.8566,299.0,946.2739,0,4,50.174591,50.26696,True,69-82-86-11-15-16-14-12-88-60-79-73-78-9-53-98-55-68-61-37-35-72-71-93-94-80|65-91-92-62-64-24-19-23-21-48-18-89-76-63-85-51-49-22-20-84-56-66-10-47-17-13-74-59-97-75-58-77-25-57|45-5-3-1-42-39-36-44-43-40-38-41-2-6-7-8-46-4-100-70|81-54-96-34-31-29-27-26-28-33-30-32-50-67-95-83-52-87-99-90
151,4,1122.3446,1006.8566,299.0,946.2739,0,4,50.174591,50.26696,True,69-82-86-11-15-16-14-12-88-60-79-73-78-9-53-98-55-68-61-37-35-72-71-93-94-80|65-91-92-62-64-24-19-23-21-48-18-89-76-63-85-51-49-22-20-84-56-66-10-47-17-13-74-59-97-75-58-77-25-57|45-5-3-1-42-39-36-44-43-40-38-41-2-6-7-8-46-4-100-70|81-54-96-34-31-29-27-26-28-33-30-32-50-67-95-83-52-87-99-90
152,4,1123.607,1120.907,184.0,944.0447,0,4,67.282153,67.380174,True,69-11-15-16-12-60-88-53-78-73-79-8-6-55-68-81-96-54-37-35-72-71-93-94-80|90-65-64-24-19-23-21-48-18-89-76-63-85-51-49-22-20-84-56|91-92-32-33-62-31-29-27-26-28-30-34-50-67-95-99-52-86-87-9-10-14-47-17-13-74-59-97-75-58-77-25-83|2-45-5-3-1-42-39-36-44-43-40-38-41-61-66-57-82-98-7-46-4-100-70
153,4,1123.704,861.7917,457.0,936.6972,0,4,29.491601,29.576981,True,69-82-11-15-14-12-88-60-73-79-78-53-99-87-9-10-98-55-68-81-54-37-35-72-71-93-94-80|90-65-91-92-32-33-62-64-24-19-23-21-48-18-89-76-63-85-51-49-22-20-84-56-66-52-86-74-59-13-47-17-16-97-75-58-77-25-57-83|45-5-3-1-42-39-36-44-43-40-38-41-61-2-6-7-8-46-4-100-70|95-50-34-31-29-27-26-28-30-67-96
154,4,1123.704,861.7917,457.0,936.6972,0,4,29.491601,29.576981,True,69-82-11-15-14-12-88-60-73-79-78-53-99-87-9-10-98-55-68-81-54-37-35-72-71-93-94-80|90-65-91-92-32-33-62-64-24-19-23-21-48-18-89-76-63-85-51-49-22-20-84-56-66-52-86-74-59-13-47-17-16-97-75-58-77-25-57-83|45-5-3-1-42-39-36-44-43-40-38-41-61-2-6-7-8-46-4-100-70|95-50-34-31-29-27-26-28-30-67-96
155,4,1124.6368,1074.6952,277.0,923.2677,0,4,60.350382,60.447964,True,69-82-11-15-16-14-12-88-60-79-73-78-53-98-55-68-81-54-37-35-72-71-93-94-80|90-65-91-92-33-62-64-19-23-21-48-18-89-76-63-85-51-49-22-20-84-56-66-57-74-59-13-47-17-97-75-58-77-25-24-83|45-5-3-1-42-39-36-44-43-40-38-41-61-2-6-7-8-46-4-100-70|96-34-31-29-27-26-28-30-32-50-67-95-99-52-86-87-9-10
156,4,1125.0882,1176.2936,101.0,957.803,0,4,75.590152,75.690689,True,69-82-11-15-16-12-88-60-79-73-78-53-98-55-68-81-54-37-35-72-71-93-94-96-80|65-92-32-31-29-27-26-28-33-62-64-24-19-23-21-48-18-22-20-49-63-84-56-66-90|91-95-51-85-34-30-50-67-89-76-99-52-86-87-9-10-14-47-17-13-74-59-97-75-58-77-25-57-83|45-5-3-1-42-39-36-44-43-40-38-41-61-2-6-7-8-46-4-100-70
157,4,1125.0882,1176.2936,101.0,957.803,0,4,75.590152,75.690689,True,69-82-11-15-16-12-88-60-79-73-78-53-98-55-68-81-54-37-35-72-71-93-94-96-80|65-92-32-31-29-27-26-28-33-62-64-24-19-23-21-48-18-22-20-49-63-84-56-66-90|91-95-51-85-34-30-50-67-89-76-99-52-86-87-9-10-14-47-17-13-74-59-97-75-58-77-25-57-83|45-5-3-1-42-39-36-44-43-40-38-41-61-2-6-7-8-46-4-100-70
158,4,1125.2922,992.0589,294.0,944.0447,0,4,47.954944,48.045143,True,65-69-82-52-86-11-15-16-14-12-88-60-79-73-78-9-53-98-55-68-81-54-37-35-72-71-93-94-80|91-92-62-64-24-19-23-21-48-18-89-76-63-85-51-49-22-20-84-56-66-10-47-17-13-74-59-97-75-58-77-25-83|45-5-3-1-42-39-36-44-43-40-38-41-61-2-6-7-8-46-4-100-70|96-34-31-29-27-26-28-33-30-32-50-67-95-57-87-99-90
159,4,1125.2922,992.0589,294.0,944.0447,0,4,47.954944,48.045143,True,65-69-82-52-86-11-15-16-14-12-88-60-79-73-78-9-53-98-55-68-81-54-37-35-72-71-93-94-80|91-92-62-64-24-19-23-21-48-18-89-76-63-85-51-49-22-20-84-56-66-10-47-17-13-74-59-97-75-58-77-25-83|45-5-3-1-42-39-36-44-43-40-38-41-61-2-6-7-8-46-4-100-70|96-34-31-29-27-26-28-33-30-32-50-67-95-57-87-99-90
160,4,1126.9744,1061.9629,277.0,912.873,0,4,58.440534,58.535348,True,69-82-11-15-16-14-12-88-60-79-73-78-53-98-55-68-81-54-37-35-72-71-93-94-80|90-65-91-92-33-62-64-24-19-23-21-48-18-89-76-63-85-51-49-22-20-84-56-66-57-74-59-13-47-17-97-75-58-77-25-83|45-5-3-1-42-39-36-44-43-40-38-41-61-2-6-7-8-46-4-100-70|96-34-31-29-27-26-28-30-32-50-67-95-99-52-86-87-9-10
161,4,1126.9744,1061.9629,277.0,912.873,0,4,58.440534,58.535348,True,69-82-11-15-16-14-12-88-60-79-73-78-53-98-55-68-81-54-37-35-72-71-93-94-80|90-65-91-92-33-62-64-24-19-23-21-48-18-89-76-63-85-51-49-22-20-84-56-66-57-74-59-13-47-17-97-75-58-77-25-83|45-5-3-1-42-39-36-44-43-40-38-41-61-2-6-7-8-46-4-100-70|96-34-31-29-27-26-28-30-32-50-67-95-99-52-86-87-9-10
162,4,1127.4123,1008.4249,286.0,952.9099,0,4,50.40984,50.50366,True,65-69-82-57-86-11-15-16-14-12-88-60-79-73-78-9-53-98-55-68-81-54-37-35-72-71-93-94-80|91-92-62-64-85-63-89-76-23-21-48-19-24-22-20-49-51-84-56-66-10-47-17-13-74-59-97-75-58-77-25-18|45-5-3-1-42-39-36-44-43-40-38-41-61-2-6-7-8-46-4-100-70|96-34-31-29-27-26-28-33-30-32-50-67-95-83-52-87-99-90
163,4,1127.4123,1008.4249,286.0,952.9099,0,4,50.40984,50.50366,True,65-69-82-57-86-11-15-16-14-12-88-60-79-73-78-9-53-98-55-68-81-54-37-35-72-71-93-94-80|91-92-62-64-85-63-89-76-23-21-48-19-24-22-20-49-51-84-56-66-10-47-17-13-74-59-97-75-58-77-25-18|45-5-3-1-42-39-36-44-43-40-38-41-61-2-6-7-8-46-4-100-70|96-34-31-29-27-26-28-33-30-32-50-67-95-83-52-87-99-90
164,4,1132.1212,1059.7337,310.0,926.6313,0,4,58.106166,58.207553,True,69-82-11-15-16-14-12-88-60-79-73-78-53-98-55-68-81-54-37-35-72-71-93-80|90-65-91-92-33-64-24-19-21-23-48-18-89-76-63-85-51-49-22-20-84-56-66-52-86-74-59-13-47-17-97-75-58-77-25-57-83|45-5-3-1-42-39-36-44-43-40-38-41-61-2-6-7-8-46-4-100-70|96-94-62-34-31-29-27-26-28-30-32-50-67-95-99-87-9-10
165,4,1132.2719,1126.4723,168.0,944.0447,0,4,68.116944,68.216799,True,69-82-15-11-16-12-88-60-79-73-78-53-98-55-68-81-96-54-37-35-72-71-93-94-80|90-65-64-24-19-23-21-48-18-89-76-63-85-51-49-22-20-84-56-66|91-92-62-33-32-31-29-27-26-28-30-34-50-67-95-99-52-86-87-9-10-14-47-17-13-74-59-97-75-58-77-25-83|45-5-3-1-42-39-36-44-43-40-38-41-61-2-6-7-8-57-46-4-100-70
166,4,1132.3828,1056.5545,281.0,912.873,0,4,57.629278,57.725302,True,69-98-15-11-82-88-79-73-16-14-12-78-60-53-55-68-37-35-72-71-93-94-80|90-65-91-92-64-24-19-23-21-48-18-89-76-63-85-51-49-22-20-84-56-66-57-86-74-59-13-47-17-97-75-58-77-25-83|45-5-3-1-42-39-36-44-43-40-38-41-61-2-6-7-8-46-4-100-70|81-54-96-34-31-29-27-26-28-33-32-30-62-50-67-95-99-52-87-9-10
167,4,1132.6084,1100.734,160.0,918.6429,0,4,64.2562,64.347685,True,69-98-11-15-16-12-88-60-79-73-78-53-55-68-81-96-54-37-35-72-71-93-94-80|90-65-64-24-19-23-21-48-18-89-76-63-85-51-49-22-20-84-56-66|91-92-32-33-62-34-31-29-27-26-28-30-50-67-95-99-52-86-87-9-10-14-47-17-13-59-97-75-58-77-25-83|45-5-3-1-42-39-36-44-43-40-38-41-61-2-8-7-6-4-46-74-57-82-100-70
168,4,1132.6084,1100.734,160.0,918.6429,0,4,64.2562,64.347685,True,69-98-11-15-16-12-88-60-79-73-78-53-55-68-81-96-54-37-35-72-71-93-94-80|90-65-64-24-19-23-21-48-18-89-76-63-85-51-49-22-20-84-56-66|91-92-32-33-62-34-31-29-27-26-28-30-50-67-95-99-52-86-87-9-10-14-47-17-13-59-97-75-58-77-25-83|45-5-3-1-42-39-36-44-43-40-38-41-61-2-8-7-6-4-46-74-57-82-100-70
169,4,1134.3357,1110.1437,156.0,926.6313,0,4,65.667657,65.76187,True,69-82-11-15-16-14-12-88-60-79-73-78-53-98-55-68-81-54-37-35-72-71-93-80|90-65-91-92-62-19-23-21-48-18-76-89-30-63-85-84-51-20-49-22-24-74-59-13-47-17-97-75-58-77-25-57-83|45-5-3-1-42-39-36-44-43-40-38-41-61-2-6-7-8-46-4-100-70|96-94-32-28-26-29-27-31-34-33-50-67-95-64-99-52-86-87-9-10-66-56
170,4,1134.3357,1110.1437,156.0,926.6313,0,4,65.667657,65.76187,True,69-82-11-15-16-14-12-88-60-79-73-78-53-98-55-68-81-54-37-35-72-71-93-80|90-65-91-92-62-19-23-21-48-18-76-89-30-63-85-84-51-20-49-22-24-74-59-13-47-17-97-75-58-77-25-57-83|45-5-3-1-42-39-36-44-43-40-38-41-61-2-6-7-8-46-4-100-70|96-94-32-28-26-29-27-31-34-33-50-67-95-64-99-52-86-87-9-10-66-56
171,4,1134.448,1199.8922,148.0,944.0447,0,4,79.129939,79.23946,True,69-82-11-15-16-12-88-60-79-73-78-53-98-55-68-81-96-54-37-35-72-71-93-94-80|90-65-64-24-19-23-21-48-18-76-30-84-20-22-49-89-63-85-51-56-66|91-92-62-33-32-28-26-27-29-31-34-50-67-95-99-52-86-87-9-10-14-47-17-13-74-59-97-75-58-77-25-83|45-5-3-1-42-39-36-44-43-40-38-41-61-2-8-7-6-4-46-70-100-57
172,4,1134.448,1199.8922,148.0,944.0447,0,4,79.129939,79.23946,True,69-82-11-15-16-12-88-60-79-73-78-53-98-55-68-81-96-54-37-35-72-71-93-94-80|90-65-64-24-19-23-21-48-18-76-30-84-20-22-49-89-63-85-51-56-66|91-92-62-33-32-28-26-27-29-31-34-50-67-95-99-52-86-87-9-10-14-47-17-13-74-59-97-75-58-77-25-83|45-5-3-1-42-39-36-44-43-40-38-41-61-2-8-7-6-4-46-70-100-57
173,4,1134.9727,1098.3696,160.0,918.6429,0,4,63.90155,63.993389,True,69-82-11-15-16-12-88-60-79-73-78-53-98-55-68-81-96-54-37-35-72-71-93-94-80|90-65-64-24-19-23-21-48-18-89-76-63-85-51-49-22-20-84-56-66|91-92-32-33-62-50-34-31-29-27-26-28-30-67-95-99-52-86-87-9-10-14-47-17-13-59-97-75-58-77-25-83|45-5-3-1-42-39-36-44-43-40-38-41-61-2-6-8-7-4-46-74-57-100-70
174,4,1136.1923,1097.1501,160.0,918.6429,0,4,63.718617,63.81064,True,69-82-11-15-16-12-88-60-79-73-78-53-98-55-68-81-96-54-37-35-72-71-93-94-80|90-65-64-24-19-23-21-48-18-89-76-63-85-51-49-22-20-84-56-66|91-92-32-33-62-50-31-29-27-26-28-30-34-67-95-99-52-86-87-9-10-14-47-17-13-59-97-75-58-77-25-83|45-5-3-1-42-39-36-44-43-40-38-41-61-2-8-7-6-4-46-74-57-100-70
175,4,1136.478,943.9527,378.0,957.803,0,4,40.739009,40.835812,True,69-82-86-11-15-16-14-12-88-60-79-73-78-9-87-53-98-55-68-81-54-37-35-72-71-93-94-80|90-65-91-92-64-51-76-18-23-21-48-19-24-22-20-84-85-63-89-49-56-66-52-10-47-17-13-74-59-97-75-58-77-25-57-83|45-5-3-1-42-39-36-44-43-40-38-41-61-2-6-7-8-46-4-100-70|96-34-31-29-27-26-28-33-32-30-62-50-67-95-99
176,4,1136.478,943.9527,378.0,957.803,0,4,40.739009,40.835812,True,69-82-86-11-15-16-14-12-88-60-79-73-78-9-87-53-98-55-68-81-54-37-35-72-71-93-94-80|90-65-91-92-64-51-76-18-23-21-48-19-24-22-20-84-85-63-89-49-56-66-52-10-47-17-13-74-59-97-75-58-77-25-57-83|45-5-3-1-42-39-36-44-43-40-38-41-61-2-6-7-8-46-4-100-70|96-34-31-29-27-26-28-33-32-30-62-50-67-95-99
177,4,1137.4778,1136.1266,127.0,958.9049,0,4,69.565089,69.666083,True,69-82-11-15-16-12-88-60-79-73-78-53-98-55-68-81-96-54-37-35-72-71-93-94-80|90-65-83-20-19-48-21-23-18-89-76-63-26-67-85-51-49-22-84-95-56-66|91-92-34-31-28-32-33-62-50-29-27-30-64-99-52-86-87-9-10-14-47-17-13-74-59-97-75-58-77-25-24-57|45-5-3-1-42-39-36-44-43-40-38-41-61-2-6-7-8-46-4-100-70
178,4,1137.4778,1136.1266,127.0,958.9049,0,4,69.565089,69.666083,True,69-82-11-15-16-12-88-60-79-73-78-53-98-55-68-81-96-54-37-35-72-71-93-94-80|90-65-83-20-19-48-21-23-18-89-76-63-26-67-85-51-49-22-84-95-56-66|91-92-34-31-28-32-33-62-50-29-27-30-64-99-52-86-87-9-10-14-47-17-13-74-59-97-75-58-77-25-24-57|45-5-3-1-42-39-36-44-43-40-38-41-61-2-6-7-8-46-4-100-70
179,4,1137.601,1095.7413,160.0,918.6429,0,4,63.507307,63.599541,True,69-82-11-15-16-12-88-60-79-73-78-53-98-55-68-81-96-54-37-35-72-71-93-94-80|90-65-64-24-19-23-21-48-18-89-76-63-85-51-49-22-20-84-56-66|91-92-32-33-62-31-29-27-26-28-30-34-50-67-95-99-52-86-87-9-10-14-47-17-13-59-97-75-58-77-25-83|45-5-3-1-42-39-36-44-43-40-38-41-61-2-6-8-7-4-46-74-57-100-70
180,4,1137.8707,1095.4716,150.0,918.6429,0,4,63.466848,63.558122,True,69-82-11-15-16-14-12-88-60-79-73-78-53-98-55-68-81-96-54-37-35-72-71-93-94-80|90-65-64-24-19-23-21-48-18-89-76-63-85-51-49-22-20-84-56-66|91-92-32-33-62-31-29-27-26-28-30-34-50-67-95-99-52-86-87-9-10-47-17-13-59-97-75-58-77-25-83|45-5-3-1-42-39-36-44-43-40-38-41-61-6-46-8-7-4-2-74-57-100-70
181,4,1137.8707,1095.4716,150.0,918.6429,0,4,63.466848,63.558122,True,69-82-11-15-16-14-12-88-60-79-73-78-53-98-55-68-81-96-54-37-35-72-71-93-94-80|90-65-64-24-19-23-21-48-18-89-76-63-85-51-49-22-20-84-56-66|91-92-32-33-62-31-29-27-26-28-30-34-50-67-95-99-52-86-87-9-10-47-17-13-59-97-75-58-77-25-83|45-5-3-1-42-39-36-44-43-40-38-41-61-6-46-8-7-4-2-74-57-100-70
182,4,1141.324,1132.2804,92.0,958.9049,0,4,68.988158,69.086229,True,69-11-15-16-86-52-99-88-60-79-73-78-9-87-10-98-55-68-81-54-37-35-72-71-93-94-80|90-65-91-92-33-62-64-20-19-23-21-48-18-89-76-63-85-51-49-22-84-56-66|45-5-3-1-42-39-36-44-43-40-38-41-61-2-6-7-8-46-4-100-70|96-34-31-29-27-26-28-30-32-50-67-95-83-82-53-12-14-47-17-13-74-59-97-75-58-77-25-24-57
183,4,1141.324,1132.2804,92.0,958.9049,0,4,68.988158,69.086229,True,69-11-15-16-86-52-99-88-60-79-73-78-9-87-10-98-55-68-81-54-37-35-72-71-93-94-80|90-65-91-92-33-62-64-20-19-23-21-48-18-89-76-63-85-51-49-22-84-56-66|45-5-3-1-42-39-36-44-43-40-38-41-61-2-6-7-8-46-4-100-70|96-34-31-29-27-26-28-30-32-50-67-95-83-82-53-12-14-47-17-13-74-59-97-75-58-77-25-24-57
184,4,1143.6599,904.4471,402.0,926.6313,0,4,35.478362,35.569117,True,69-82-11-15-16-14-12-88-60-79-73-78-53-87-9-10-98-55-68-81-54-37-35-72-71-93-94-80|90-65-91-92-33-62-64-24-19-21-23-48-18-89-76-63-85-51-49-22-20-84-56-66-52-86-74-59-13-47-17-97-75-58-77-25-57-83|45-5-3-1-42-39-36-44-43-40-38-41-61-2-6-7-8-46-4-100-70|96-31-29-27-26-28-30-32-34-50-67-95-99
185,4,1143.6599,904.4471,402.0,926.6313,0,4,35.478362,35.569117,True,69-82-11-15-16-14-12-88-60-79-73-78-53-87-9-10-98-55-68-81-54-37-35-72-71-93-94-80|90-65-91-92-33-62-64-24-19-21-23-48-18-89-76-63-85-51-49-22-20-84-56-66-52-86-74-59-13-47-17-97-75-58-77-25-57-83|45-5-3-1-42-39-36-44-43-40-38-41-61-2-6-7-8-46-4-100-70|96-31-29-27-26-28-30-32-34-50-67-95-99
186,4,1144.5084,1113.4353,80.0,943.2442,0,4,66.161402,66.254052,True,69-12-11-15-75-99-82-88-53-60-79-73-47-9-10-98-55-68-81-96-54-37-35-72-71-93-94-80|90-65-64-83-57-24-19-23-21-48-18-89-76-63-85-51-49-22-20-84-56-66|91-92-62-33-32-31-29-27-26-28-30-34-50-67-95-87-78-14-16-17-13-74-25-77-58-97-59-86-52|45-5-3-1-42-39-36-44-43-40-38-41-61-2-6-7-8-46-4-100-70
187,4,1144.5084,1113.4353,80.0,943.2442,0,4,66.161402,66.254052,True,69-12-11-15-75-99-82-88-53-60-79-73-47-9-10-98-55-68-81-96-54-37-35-72-71-93-94-80|90-65-64-83-57-24-19-23-21-48-18-89-76-63-85-51-49-22-20-84-56-66|91-92-62-33-32-31-29-27-26-28-30-34-50-67-95-87-78-14-16-17-13-74-25-77-58-97-59-86-52|45-5-3-1-42-39-36-44-43-40-38-41-61-2-6-7-8-46-4-100-70
188,4,1145.317,1116.8937,172.0,912.873,0,4,66.680154,66.77821,True,65-64-69-98-11-15-16-14-12-88-60-79-73-78-53-55-68-61-81-54-37-35-72-71-93-96-80|91-51-85-63-33-89-76-18-23-21-48-19-24-57-99-20-49-22-86-74-59-13-47-17-97-75-58-77-25-83|45-5-3-1-42-39-36-44-43-40-38-41-2-6-7-8-46-4-100-70|92-94-62-34-31-29-27-26-28-30-32-50-67-95-84-52-87-9-10-82-66-56-90
189,4,1145.8808,1081.7548,154.0,912.9361,0,4,61.409322,61.500485,True,69-82-11-15-14-88-60-79-73-78-53-98-55-68-81-96-54-37-35-72-71-93-94-80|90-65-64-24-19-23-21-48-18-89-76-63-85-51-49-22-20-84-56-66|91-92-62-33-32-31-29-27-26-28-30-34-50-67-95-99-9-87-74-59-47-17-16-97-75-58-77-25-83|45-5-3-1-42-39-36-44-43-40-38-41-61-2-6-8-7-10-52-57-86-13-12-46-4-100-70
190,4,1145.8808,1081.7548,154.0,912.9361,0,4,61.409322,61.500485,True,69-82-11-15-14-88-60-79-73-78-53-98-55-68-81-96-54-37-35-72-71-93-94-80|90-65-64-24-19-23-21-48-18-89-76-63-85-51-49-22-20-84-56-66|91-92-62-33-32-31-29-27-26-28-30-34-50-67-95-99-9-87-74-59-47-17-16-97-75-58-77-25-83|45-5-3-1-42-39-36-44-43-40-38-41-61-2-6-8-7-10-52-57-86-13-12-46-4-100-70
191,4,1147.2857,986.531,337.0,957.803,0,4,47.125757,47.228088,True,65-82-69-86-11-15-14-16-12-88-60-79-73-78-9-53-98-55-68-81-54-37-35-72-71-93-94-80|91-92-62-64-24-19-23-21-48-18-89-76-63-85-51-49-22-20-84-56-66-10-47-17-13-74-59-97-75-58-77-25-57-83|45-5-3-1-42-39-36-44-43-40-38-41-61-2-6-7-8-46-4-100-70|96-34-31-29-27-26-28-33-30-32-50-67-95-99-52-87-90
192,4,1147.8124,860.2999,437.0,939.1797,0,4,36.724106,36.814867,True,69-98-82-11-15-99-88-60-79-78-53-87-9-10-12-14-73-55-68-81-54-37-35-72-71-93-94-80|90-65-91-92-33-62-64-20-19-23-21-48-18-89-76-63-85-51-49-22-84-56-66-83-57-52-86-74-59-13-47-17-16-97-75-58-77-25-24|45-5-3-1-42-39-36-44-43-40-38-41-61-2-6-7-8-46-4-100-70|96-34-31-29-27-26-28-30-32-50-67-95
193,4,1147.8124,860.2999,437.0,939.1797,0,4,36.724106,36.814867,True,69-98-82-11-15-99-88-60-79-78-53-87-9-10-12-14-73-55-68-81-54-37-35-72-71-93-94-80|90-65-91-92-33-62-64-20-19-23-21-48-18-89-76-63-85-51-49-22-84-56-66-83-57-52-86-74-59-13-47-17-16-97-75-58-77-25-24|45-5-3-1-42-39-36-44-43-40-38-41-61-2-6-7-8-46-4-100-70|96-34-31-29-27-26-28-30-32-50-67-95
194,4,1149.6143,1053.0813,303.0,926.6313,0,4,57.108301,57.213238,True,24-69-82-11-15-16-14-12-88-60-79-73-78-53-98-55-68-81-54-37-35-72-71-93-94-80|90-65-91-92-64-19-23-21-48-18-89-76-63-85-51-49-22-20-84-56-66-52-86-74-59-13-47-17-97-75-58-77-25-57-83|45-5-3-1-42-39-36-44-43-40-38-41-61-2-6-7-8-46-4-100-70|96-34-31-29-27-26-28-33-32-30-62-50-67-95-99-87-9-10
195,4,1150.7495,1076.5158,275.0,951.201,0,4,60.623471,60.733149,True,69-82-11-15-14-12-88-60-79-73-78-53-98-55-68-81-54-37-35-72-71-93-94-80|90-65-91-92-62-33-64-24-19-23-48-18-89-76-63-85-51-49-22-84-56-66-52-59-97-13-16-17-47-74-58-75-77-25-21-20-57|45-5-3-1-42-39-36-44-43-40-38-41-61-2-6-7-8-46-4-100-70|96-34-31-29-27-26-28-30-32-50-67-95-83-99-86-87-9-10
196,4,1151.9627,1050.7328,326.0,926.6313,0,4,56.756031,56.86362,True,91-69-82-11-15-16-14-12-88-60-79-73-78-53-98-55-68-81-54-37-35-72-71-93-94-80|90-65-92-33-62-64-24-19-23-21-48-18-89-76-63-85-51-49-22-20-84-56-66-52-86-74-59-13-47-17-97-75-58-77-25-57-83|45-5-3-1-42-39-36-44-43-40-38-41-61-2-6-7-8-46-4-100-70|96-34-31-29-27-26-28-30-32-50-67-95-99-87-9-10
197,4,1151.9627,1050.7328,326.0,926.6313,0,4,56.756031,56.86362,True,91-69-82-11-15-16-14-12-88-60-79-73-78-53-98-55-68-81-54-37-35-72-71-93-94-80|90-65-92-33-62-64-24-19-23-21-48-18-89-76-63-85-51-49-22-20-84-56-66-52-86-74-59-13-47-17-97-75-58-77-25-57-83|45-5-3-1-42-39-36-44-43-40-38-41-61-2-6-7-8-46-4-100-70|96-34-31-29-27-26-28-30-32-50-67-95-99-87-9-10
198,4,1153.1752,1058.6442,230.0,915.1022,0,4,57.94273,58.04054,True,65-69-98-11-15-16-14-12-88-60-79-73-78-53-55-68-61-37-35-72-93-94-80|91-92-95-33-62-24-19-23-21-48-18-89-76-63-67-84-85-51-49-22-20-56-66-52-86-74-59-13-47-17-97-75-58-77-25-57|45-5-3-1-42-39-36-44-43-40-38-41-2-6-7-8-46-4-100-70|81-54-96-71-34-31-29-27-26-28-32-30-50-64-83-99-87-9-10-82-90
199,4,1153.1752,1058.6442,230.0,915.1022,0,4,57.94273,58.04054,True,65-69-98-11-15-16-14-12-88-60-79-73-78-53-55-68-61-37-35-72-93-94-80|91-92-95-33-62-24-19-23-21-48-18-89-76-63-67-84-85-51-49-22-20-56-66-52-86-74-59-13-47-17-97-75-58-77-25-57|45-5-3-1-42-39-36-44-43-40-38-41-2-6-7-8-46-4-100-70|81-54-96-71-34-31-29-27-26-28-32-30-50-64-83-99-87-9-10-82-90
200,4,1155.8722,965.9209,321.0,957.803,0,4,44.034245,44.134461,True,69-82-86-11-15-16-14-12-88-60-79-73-78-9-53-98-55-68-61-81-54-37-35-72-71-93-94-96-80|65-95-62-24-19-23-21-48-18-89-76-63-67-84-85-51-49-22-20-56-66-10-47-17-13-74-59-97-75-58-77-25-57-83|45-5-3-1-42-39-36-38-44-43-40-41-2-6-7-8-46-4-100-70|91-92-50-34-31-29-27-26-28-33-30-32-64-52-87-99-90
201,4,1155.8722,965.9209,321.0,957.803,0,4,44.034245,44.134461,True,69-82-86-11-15-16-14-12-88-60-79-73-78-9-53-98-55-68-61-81-54-37-35-72-71-93-94-96-80|65-95-62-24-19-23-21-48-18-89-76-63-67-84-85-51-49-22-20-56-66-10-47-17-13-74-59-97-75-58-77-25-57-83|45-5-3-1-42-39-36-38-44-43-40-41-2-6-7-8-46-4-100-70|91-92-50-34-31-29-27-26-28-33-30-32-64-52-87-99-90
202,4,1156.695,878.8382,482.0,926.6313,0,4,39.388884,39.487709,True,69-82-11-15-16-14-12-88-60-79-73-78-53-87-9-10-98-55-68-81-54-37-35-72-71-93-94-80|90-65-91-92-28-26-33-62-64-24-19-21-23-48-18-89-76-63-85-51-49-22-20-84-56-66-52-86-74-59-13-47-17-97-75-58-77-25-57-83|45-5-3-1-42-39-36-44-43-40-38-41-61-2-6-7-8-46-4-100-70|96-34-31-29-27-30-32-50-67-95-99
203,4,1156.695,878.8382,482.0,926.6313,0,4,39.388884,39.487709,True,69-82-11-15-16-14-12-88-60-79-73-78-53-87-9-10-98-55-68-81-54-37-35-72-71-93-94-80|90-65-91-92-28-26-33-62-64-24-19-21-23-48-18-89-76-63-85-51-49-22-20-84-56-66-52-86-74-59-13-47-17-97-75-58-77-25-57-83|45-5-3-1-42-39-36-44-43-40-38-41-61-2-6-7-8-46-4-100-70|96-34-31-29-27-30-32-50-67-95-99
204,4,1159.5854,1043.1101,263.0,926.6313,0,4,55.612622,55.715054,True,69-82-11-15-16-14-12-88-60-79-73-78-53-98-55-68-37-35-72-71-93-94-80|90-65-91-92-62-33-64-24-19-23-21-48-18-76-63-85-51-49-22-20-84-56-66-52-86-74-59-13-47-17-97-75-58-77-25-57-83|45-5-3-1-42-39-36-44-43-40-38-41-61-2-6-7-8-46-4-100-70|81-54-96-34-31-29-27-26-28-30-32-89-50-67-95-99-87-9-10
205,4,1159.5854,1043.1101,263.0,926.6313,0,4,55.612622,55.715054,True,69-82-11-15-16-14-12-88-60-79-73-78-53-98-55-68-37-35-72-71-93-94-80|90-65-91-92-62-33-64-24-19-23-21-48-18-76-63-85-51-49-22-20-84-56-66-52-86-74-59-13-47-17-97-75-58-77-25-57-83|45-5-3-1-42-39-36-44-43-40-38-41-61-2-6-7-8-46-4-100-70|81-54-96-34-31-29-27-26-28-30-32-89-50-67-95-99-87-9-10
206,4,1162.0895,1096.6547,138.0,944.0447,0,4,63.644311,63.745638,True,69-11-15-47-14-12-88-53-78-73-79-55-68-81-96-54-37-35-72-71-93-94-80|90-65-64-24-19-23-21-48-18-89-76-63-85-51-49-22-20-84-56-66|91-92-32-33-62-31-29-27-26-28-30-34-50-67-95-99-52-86-87-9-16-17-13-74-59-97-75-58-77-25-83|45-5-3-1-42-39-36-44-43-40-38-41-61-2-8-7-6-60-10-57-82-98-46-4-100-70
207,4,1162.0895,1096.6547,138.0,944.0447,0,4,63.644311,63.745638,True,69-11-15-47-14-12-88-53-78-73-79-55-68-81-96-54-37-35-72-71-93-94-80|90-65-64-24-19-23-21-48-18-89-76-63-85-51-49-22-20-84-56-66|91-92-32-33-62-31-29-27-26-28-30-34-50-67-95-99-52-86-87-9-16-17-13-74-59-97-75-58-77-25-83|45-5-3-1-42-39-36-44-43-40-38-41-61-2-8-7-6-60-10-57-82-98-46-4-100-70
208,4,1163.0776,1109.4248,40.0,957.803,0,4,65.559829,65.655632,True,69-82-11-15-16-12-88-60-79-73-78-53-98-55-68-81-96-54-37-35-72-71-93-94-80|90-65-85-63-34-27-26-33-89-76-51-23-21-48-18-19-49-24-22-20-84-56-66|91-92-50-31-29-28-32-62-95-64-99-52-86-87-9-10-14-47-17-13-74-59-97-75-58-77-25-57-83|2-45-5-3-1-42-39-36-30-67-44-43-40-38-41-61-6-7-8-46-4-100-70
209,4,1163.0776,1109.4248,40.0,957.803,0,4,65.559829,65.655632,True,69-82-11-15-16-12-88-60-79-73-78-53-98-55-68-81-96-54-37-35-72-71-93-94-80|90-65-85-63-34-27-26-33-89-76-51-23-21-48-18-19-49-24-22-20-84-56-66|91-92-50-31-29-28-32-62-95-64-99-52-86-87-9-10-14-47-17-13-74-59-97-75-58-77-25-57-83|2-45-5-3-1-42-39-36-30-67-44-43-40-38-41-61-6-7-8-46-4-100-70
210,4,1164.7253,909.9691,379.0,943.8796,0,4,41.797985,41.896176,True,90-65-91-92-33-62-64-24-19-23-21-48-18-89-76-63-85-51-49-22-20-84-56-66-52-86-74-59-13-47-17-97-75-58-77-25-57-83-80|45-5-3-1-42-39-37-36-44-43-40-38-41-61-2-6-7-8-46-4-35-70-100-81-93-94|96-54-72-71-34-31-29-27-26-28-30-32-50-67-95-88-53-99-87-9-10-82|69-98-11-15-16-14-12-78-73-79-60-55-68
211,4,1164.7253,909.9691,379.0,943.8796,0,4,41.797985,41.896176,True,90-65-91-92-33-62-64-24-19-23-21-48-18-89-76-63-85-51-49-22-20-84-56-66-52-86-74-59-13-47-17-97-75-58-77-25-57-83-80|45-5-3-1-42-39-37-36-44-43-40-38-41-61-2-6-7-8-46-4-35-70-100-81-93-94|96-54-72-71-34-31-29-27-26-28-30-32-50-67-95-88-53-99-87-9-10-82|69-98-11-15-16-14-12-78-73-79-60-55-68
212,4,1167.7583,957.716,294.0,944.0447,0,4,42.803509,42.901297,True,90-65-64-24-19-23-21-48-18-89-76-63-85-51-49-22-20-84-56-66|91-92-32-33-62-31-29-27-26-28-30-34-50-67-95-99-52-86-87-9-10-14-47-17-13-74-59-97-75-58-77-25-83|45-5-3-1-42-39-36-44-43-40-38-41-61-2-8-7-6-82-57-94-71-72-37-35-4-46-100-70-81-54-93-96-80|69-98-15-16-11-12-88-60-79-73-78-53-55-68
213,4,1167.7583,957.716,294.0,944.0447,0,4,42.803509,42.901297,True,90-65-64-24-19-23-21-48-18-89-76-63-85-51-49-22-20-84-56-66|91-92-32-33-62-31-29-27-26-28-30-34-50-67-95-99-52-86-87-9-10-14-47-17-13-74-59-97-75-58-77-25-83|45-5-3-1-42-39-36-44-43-40-38-41-61-2-8-7-6-82-57-94-71-72-37-35-4-46-100-70-81-54-93-96-80|69-98-15-16-11-12-88-60-79-73-78-53-55-68
214,4,1168.2519,1042.4874,339.0,934.6749,0,4,55.519209,55.632954,True,69-82-11-15-16-14-12-88-60-79-73-78-53-98-55-68-81-54-37-35-72-71-93-94-80|90-65-91-92-33-62-64-24-19-23-21-48-18-89-76-63-85-51-49-22-20-84-56-66-52-86-74-59-13-47-17-97-58-75-77-25-57-83|45-5-3-1-39-42-36-44-43-40-38-41-61-2-6-7-8-46-4-100-70|96-31-34-27-29-26-32-28-30-50-67-95-99-87-9-10
215,4,1168.5683,1042.1709,339.0,934.6749,0,4,55.471748,55.585541,True,69-82-11-15-16-14-12-88-60-79-73-78-53-98-55-68-81-54-37-35-72-71-93-94-80|90-65-91-92-33-62-64-24-48-19-23-21-18-89-76-63-85-51-49-22-20-84-56-66-52-86-74-59-13-47-17-97-58-75-77-25-57-83|45-5-3-1-42-39-36-44-43-40-38-41-61-2-6-7-8-46-4-100-70|96-31-34-27-29-26-32-28-30-50-67-95-99-87-9-10
216,4,1169.4216,1041.3176,339.0,934.6749,0,4,55.343747,55.457668,True,69-82-11-15-16-14-12-88-60-79-73-78-98-53-55-68-81-54-37-35-72-71-93-94-80|90-65-91-92-33-62-64-24-19-23-21-48-18-89-76-63-85-51-49-22-20-84-56-66-52-86-74-59-13-47-17-97-58-75-77-25-57-83|45-5-3-1-42-39-36-44-43-40-38-41-61-2-6-7-8-46-4-100-70|96-31-34-27-29-26-32-28-30-50-67-95-99-87-9-10
217,4,1170.1002,1077.8034,168.0,944.0447,0,4,60.816609,60.920512,True,69-82-11-15-16-12-88-60-79-73-78-53-98-55-68-81-96-54-37-35-72-71-94-93-80|90-65-64-24-23-19-21-48-18-89-76-63-85-51-49-22-84-20-56-66|91-92-62-33-32-31-29-27-26-28-30-34-50-67-95-99-52-86-87-9-10-14-47-17-13-74-59-97-75-58-77-25-83|45-5-3-1-42-39-36-44-43-40-38-41-61-2-6-7-8-57-46-4-100-70
218,4,1170.1153,1040.6239,339.0,934.6749,0,4,55.23969,55.353715,True,69-82-11-15-16-14-12-88-60-79-73-78-53-98-55-68-81-54-37-35-72-71-93-94-80|90-65-91-92-33-62-64-24-48-19-23-21-18-89-76-63-85-51-22-49-20-84-56-66-52-86-74-59-13-47-17-97-58-75-77-25-57-83|45-5-3-1-42-39-36-44-43-40-38-41-61-2-6-7-8-46-4-100-70|96-31-34-27-29-26-32-28-30-50-67-95-99-87-9-10
219,4,1170.1153,1040.6239,339.0,934.6749,0,4,55.23969,55.353715,True,69-82-11-15-16-14-12-88-60-79-73-78-53-98-55-68-81-54-37-35-72-71-93-94-80|90-65-91-92-33-62-64-24-48-19-23-21-18-89-76-63-85-51-22-49-20-84-56-66-52-86-74-59-13-47-17-97-58-75-77-25-57-83|45-5-3-1-42-39-36-44-43-40-38-41-61-2-6-7-8-46-4-100-70|96-31-34-27-29-26-32-28-30-50-67-95-99-87-9-10
220,4,1170.1196,1032.5759,329.0,926.6313,0,4,54.032494,54.143107,True,69-82-11-15-16-14-12-88-60-79-73-78-53-98-55-68-81-54-37-35-72-71-93-94-80|90-65-91-92-33-62-64-24-19-23-21-48-18-89-76-63-85-51-49-22-20-84-56-66-52-86-74-59-13-47-17-97-75-58-77-25-57-83|45-5-3-1-42-36-44-43-40-38-41-61-2-6-7-8-46-4-100-70|96-39-34-31-29-27-26-28-30-32-50-67-95-99-87-9-10
221,4,1170.1196,1032.5759,329.0,926.6313,0,4,54.032494,54.143107,True,69-82-11-15-16-14-12-88-60-79-73-78-53-98-55-68-81-54-37-35-72-71-93-94-80|90-65-91-92-33-62-64-24-19-23-21-48-18-89-76-63-85-51-49-22-20-84-56-66-52-86-74-59-13-47-17-97-75-58-77-25-57-83|45-5-3-1-42-36-44-43-40-38-41-61-2-6-7-8-46-4-100-70|96-39-34-31-29-27-26-28-30-32-50-67-95-99-87-9-10
222,4,1173.2542,1300.129,232.0,894.9347,0,4,94.165458,94.302689,True,69-11-15-16-12-88-99-60-79-73-78-53-87-9-10-98-55-68-81-96-54-37-35-72-71-93-94-80|90-65-24-48-19-20-64-51-63-85-62-67-30-28-26-29-32-34-50-84-95-56-91-66-83-52-86-74-59-75-97-13-17-47-14-82|45-5-3-1-42-39-36-44-43-40-38-41-61-2-6-7-8-46-4-100-70|92-31-27-33-89-76-18-23-21-49-22-25-77-58-57
223,4,1173.9739,1036.7653,323.0,934.6749,0,4,54.660906,54.77391,True,69-82-11-15-16-14-12-88-60-79-73-78-53-98-55-68-81-54-37-35-72-71-93-94-80|90-65-91-92-33-62-64-24-19-23-21-48-18-89-76-51-49-22-20-84-56-66-52-86-74-59-13-47-17-97-58-75-77-25-57-83|45-5-3-1-42-39-36-44-43-40-38-41-61-2-6-7-8-46-4-100-70|96-31-34-27-29-26-32-28-30-63-85-50-67-95-99-87-9-10
224,4,1173.9739,1036.7653,323.0,934.6749,0,4,54.660906,54.77391,True,69-82-11-15-16-14-12-88-60-79-73-78-53-98-55-68-81-54-37-35-72-71-93-94-80|90-65-91-92-33-62-64-24-19-23-21-48-18-89-76-51-49-22-20-84-56-66-52-86-74-59-13-47-17-97-58-75-77-25-57-83|45-5-3-1-42-39-36-44-43-40-38-41-61-2-6-7-8-46-4-100-70|96-31-34-27-29-26-32-28-30-63-85-50-67-95-99-87-9-10
225,4,1174.9043,1092.8087,129.0,953.0135,0,4,63.067408,63.172449,True,69-82-75-16-15-11-12-88-60-79-73-78-53-98-55-68-81-96-54-37-35-72-71-93-94-80|90-65-91-34-27-51-64-20-24-23-21-48-18-89-76-19-49-63-85-84-56-66|92-62-33-32-31-29-26-28-30-50-67-95-22-99-52-87-9-10-14-47-17-13-74-86-59-97-58-77-25-57-83|45-5-3-1-42-39-36-44-43-40-38-41-61-2-6-7-8-46-4-100-70
226,4,1174.9043,1092.8087,129.0,953.0135,0,4,63.067408,63.172449,True,69-82-75-16-15-11-12-88-60-79-73-78-53-98-55-68-81-96-54-37-35-72-71-93-94-80|90-65-91-34-27-51-64-20-24-23-21-48-18-89-76-19-49-63-85-84-56-66|92-62-33-32-31-29-26-28-30-50-67-95-22-99-52-87-9-10-14-47-17-13-74-86-59-97-58-77-25-57-83|45-5-3-1-42-39-36-44-43-40-38-41-61-2-6-7-8-46-4-100-70
227,4,1176.2563,1028.5511,133.0,890.1079,0,4,53.428767,53.515538,True,45-2-60-73-12-14-15-11-82-69-98-88-53-78-79-8-6-55-68-81-96-54-37-35-72-71-93-94-80|90-65-64-24-19-21-23-48-18-89-76-63-85-51-49-22-20-84-56-66|91-92-32-33-62-31-29-27-26-28-30-34-50-67-95-99-52-86-87-74-59-97-75-58-77-25-83|7-5-3-1-42-39-36-44-43-40-38-41-61-57-9-10-13-16-47-17-4-46-100-70
228,4,1176.2563,1028.5511,133.0,890.1079,0,4,53.428767,53.515538,True,45-2-60-73-12-14-15-11-82-69-98-88-53-78-79-8-6-55-68-81-96-54-37-35-72-71-93-94-80|90-65-64-24-19-21-23-48-18-89-76-63-85-51-49-22-20-84-56-66|91-92-32-33-62-31-29-27-26-28-30-34-50-67-95-99-52-86-87-74-59-97-75-58-77-25-83|7-5-3-1-42-39-36-44-43-40-38-41-61-57-9-10-13-16-47-17-4-46-100-70
229,4,1179.9044,1044.5395,67.0,948.3795,0,4,55.827027,55.919432,True,69-82-11-15-16-14-12-88-60-79-73-78-53-98-55-68-81-54-37-35-72-71-93-94-80|90-65-91-92-64-95-67-34-30-32-84-20-49-21-24-56-66-83-52-86-74-59-13-47-17-97-75-58-77-25-51-85|45-5-3-1-42-39-36-44-43-40-38-41-61-2-6-7-8-46-4-100-70|96-89-33-28-26-27-29-31-50-62-63-76-23-48-18-19-22-57-99-87-9-10
230,4,1179.9044,1044.5395,67.0,948.3795,0,4,55.827027,55.919432,True,69-82-11-15-16-14-12-88-60-79-73-78-53-98-55-68-81-54-37-35-72-71-93-94-80|90-65-91-92-64-95-67-34-30-32-84-20-49-21-24-56-66-83-52-86-74-59-13-47-17-97-75-58-77-25-51-85|45-5-3-1-42-39-36-44-43-40-38-41-61-2-6-7-8-46-4-100-70|96-89-33-28-26-27-29-31-50-62-63-76-23-48-18-19-22-57-99-87-9-10
231,4,1181.079,845.8402,421.0,957.9866,0,4,46.704101,46.803895,True,69-11-15-16-59-86-52-99-88-79-78-12-9-87-53-60-98-55-68-81-54-37-35-72-71-93-94-80|90-65-91-92-33-62-64-24-19-21-23-48-18-89-76-63-85-51-49-22-20-84-56-66-82-10-14-73-47-17-13-74-58-97-75-77-25-57-83|45-5-3-1-42-39-36-44-43-40-38-41-61-2-6-7-8-46-4-100-70|96-34-31-29-27-26-28-30-32-50-67-95
232,4,1181.079,845.8402,421.0,957.9866,0,4,46.704101,46.803895,True,69-11-15-16-59-86-52-99-88-79-78-12-9-87-53-60-98-55-68-81-54-37-35-72-71-93-94-80|90-65-91-92-33-62-64-24-19-21-23-48-18-89-76-63-85-51-49-22-20-84-56-66-82-10-14-73-47-17-13-74-58-97-75-77-25-57-83|45-5-3-1-42-39-36-44-43-40-38-41-61-2-6-7-8-46-4-100-70|96-34-31-29-27-26-28-30-32-50-67-95
233,4,1183.222,1075.5222,125.0,944.0447,0,4,60.47443,60.577627,True,69-82-11-15-14-12-88-98-53-60-79-8-7-55-68-81-96-54-37-35-72-71-93-94-80|90-65-64-24-19-23-21-48-18-89-76-63-85-51-49-22-20-84-56-66|91-92-32-33-62-50-31-29-27-26-28-30-34-67-95-99-52-86-87-9-17-13-74-59-97-75-58-77-25-83|45-5-3-1-42-39-36-44-43-40-38-41-61-2-6-78-73-47-16-10-57-46-4-100-70
234,4,1183.222,1075.5222,125.0,944.0447,0,4,60.47443,60.577627,True,69-82-11-15-14-12-88-98-53-60-79-8-7-55-68-81-96-54-37-35-72-71-93-94-80|90-65-64-24-19-23-21-48-18-89-76-63-85-51-49-22-20-84-56-66|91-92-32-33-62-50-31-29-27-26-28-30-34-67-95-99-52-86-87-9-17-13-74-59-97-75-58-77-25-83|45-5-3-1-42-39-36-44-43-40-38-41-61-2-6-78-73-47-16-10-57-46-4-100-70
235,4,1184.2708,1018.4247,313.0,926.6313,0,4,51.909811,52.020947,True,69-82-11-15-16-14-88-60-12-79-73-78-53-98-55-68-81-54-37-35-72-71-93-94-80|90-65-91-92-19-64-24-23-21-48-76-18-89-63-85-51-49-20-22-84-56-66-52-86-74-59-13-47-17-97-75-58-77-25-57-83|45-5-3-1-42-39-36-44-43-40-38-41-61-2-6-7-8-46-4-100-70|96-34-31-29-27-26-28-33-32-30-62-50-67-95-99-87-9-10
236,4,1185.7931,892.9783,349.0,926.6313,0,4,48.118325,48.214701,True,65-82-11-15-16-14-69-88-60-79-73-78-53-12-10-98-55-68-81-54-37-35-72-71-93-94-80|90-91-92-95-33-62-24-23-21-48-18-89-76-63-85-67-84-51-19-49-22-20-56-66-52-86-74-59-13-47-17-97-75-58-77-25-57-83|45-5-3-1-42-39-36-38-44-43-40-41-61-2-6-7-8-46-4-100-70|96-34-31-29-27-26-28-32-30-50-64-87-9-99
237,4,1186.1377,893.9657,310.0,912.873,0,4,48.221721,48.312384,True,69-82-11-15-16-14-88-60-79-73-78-53-12-10-98-55-68-81-54-37-35-72-71-93-96-80|65-91-92-95-89-33-62-20-24-23-21-48-18-76-63-85-67-84-51-19-49-22-56-66-52-86-74-59-13-47-17-97-75-58-77-25-83|45-5-3-1-42-39-36-44-43-40-38-41-61-2-6-7-8-46-4-100-70|94-50-34-31-29-27-26-28-30-32-64-57-87-9-99-90
238,4,1186.1377,893.9657,310.0,912.873,0,4,48.221721,48.312384,True,69-82-11-15-16-14-88-60-79-73-78-53-12-10-98-55-68-81-54-37-35-72-71-93-96-80|65-91-92-95-89-33-62-20-24-23-21-48-18-76-63-85-67-84-51-19-49-22-56-66-52-86-74-59-13-47-17-97-75-58-77-25-83|45-5-3-1-42-39-36-44-43-40-38-41-61-2-6-7-8-46-4-100-70|94-50-34-31-29-27-26-28-30-32-64-57-87-9-99-90
239,4,1198.0907,1017.7239,363.0,901.1151,0,4,51.807602,51.92395,True,1-3-5-45-7-73-16-15-11-98-69-88-60-79-78-9-86-24-22-20-49-19-21-48-18-89-28-29-31-34-93-94-80|65-57-23-75-97-59-87-52-99-82-53-10-12-14-47-17-13-74-58-77-25-83-90|92-95-62-33-26-27-30-32-50-67-71-72-41-38-40-43-46-8-6-55-68-61-37-35-4-2-100-70|81-54-39-36-42-44-96-91-64-51-76-63-85-84-56-66
240,4,1198.0907,1017.7239,363.0,901.1151,0,4,51.807602,51.92395,True,1-3-5-45-7-73-16-15-11-98-69-88-60-79-78-9-86-24-22-20-49-19-21-48-18-89-28-29-31-34-93-94-80|65-57-23-75-97-59-87-52-99-82-53-10-12-14-47-17-13-74-58-77-25-83-90|92-95-62-33-26-27-30-32-50-67-71-72-41-38-40-43-46-8-6-55-68-61-37-35-4-2-100-70|81-54-39-36-42-44-96-91-64-51-76-63-85-84-56-66
241,4,1204.1575,915.9572,304.0,953.67,0,4,53.62765,53.732537,True,90-65-64-24-19-23-21-48-18-89-76-63-85-51-49-22-20-84-56-66|91-92-71-32-33-62-31-29-27-26-28-30-34-50-67-95-99-52-86-87-9-10-14-47-17-13-74-59-97-75-58-77-25-83|45-5-3-1-42-39-37-36-44-43-40-38-41-61-2-8-7-6-57-94-96-35-68-4-46-100-70-81-54-72-93-80|69-82-11-15-16-12-88-60-79-73-78-53-98-55
242,4,1204.1575,915.9572,304.0,953.67,0,4,53.62765,53.732537,True,90-65-64-24-19-23-21-48-18-89-76-63-85-51-49-22-20-84-56-66|91-92-71-32-33-62-31-29-27-26-28-30-34-50-67-95-99-52-86-87-9-10-14-47-17-13-74-59-97-75-58-77-25-83|45-5-3-1-42-39-37-36-44-43-40-38-41-61-2-8-7-6-57-94-96-35-68-4-46-100-70-81-54-72-93-80|69-82-11-15-16-12-88-60-79-73-78-53-98-55
243,5,1204.9607,2010.3636,247.0,872.6428,0,5,200.700645,200.95238,True,69-11-15-16-12-88-60-79-73-78-53-98-55-68-81-96-54-37-35-72-71-93-94-80|90-65-24-20-19-48-51-63-85-62-34-29-27-26-28-30-32-50-67-84-95-56-91-66-83-52-86-74-17-47-14-82|99-59-87-9-10-13-97-75-58-77-57|45-5-3-1-42-39-36-44-43-40-38-41-61-2-6-7-8-46-4-100-70|92-31-33-89-18-23-76-64-22-49-21-25
244,4,1215.1322,1000.6824,417.0,901.1151,0,4,56.920057,57.044362,True,81-1-3-5-45-7-16-15-11-98-69-88-60-79-73-78-9-86-24-22-20-49-19-48-18-89-28-26-29-31-34-71-93-94-80|65-57-21-23-75-97-59-87-52-99-82-53-10-12-14-47-17-13-74-58-77-25-83-90|92-95-62-33-32-30-27-50-67-72-41-38-40-43-46-8-6-55-68-61-37-35-4-2-100-70|54-39-36-42-44-96-91-64-51-76-63-85-84-56-66
245,4,1215.1322,1000.6824,417.0,901.1151,0,4,56.920057,57.044362,True,81-1-3-5-45-7-16-15-11-98-69-88-60-79-73-78-9-86-24-22-20-49-19-48-18-89-28-26-29-31-34-71-93-94-80|65-57-21-23-75-97-59-87-52-99-82-53-10-12-14-47-17-13-74-58-77-25-83-90|92-95-62-33-32-30-27-50-67-72-41-38-40-43-46-8-6-55-68-61-37-35-4-2-100-70|54-39-36-42-44-96-91-64-51-76-63-85-84-56-66
246,4,1218.8829,850.316,409.0,936.6972,0,4,58.045274,58.152687,True,90-65-91-92-33-62-64-24-19-23-21-48-18-89-76-63-85-51-49-22-20-84-56-66-52-86-74-59-13-47-17-16-97-75-58-77-25-57-83|45-5-3-1-42-39-36-72-54-81-69-44-43-40-38-41-61-2-6-7-8-46-4-35-37-93-94-80-70-100|96-71-34-31-29-27-26-28-30-32-50-67-95-99-87-9-10-82|11-15-14-12-88-60-79-73-78-53-98-55-68
247,4,1225.3903,796.2033,531.0,926.6313,0,4,59.997473,60.109411,True,69-82-11-15-16-14-12-88-60-79-73-78-53-87-9-10-98-55-68-81-54-37-35-72-71-93-94-80|90-65-91-92-33-26-27-29-62-64-24-19-23-21-48-18-89-76-63-85-51-49-22-20-84-56-66-52-86-74-59-13-47-17-97-75-58-77-25-57-83|45-5-3-1-42-39-36-67-44-43-40-38-41-61-2-6-7-8-46-4-100-70|96-34-31-28-30-32-50-95-99
248,4,1225.3903,796.2033,531.0,926.6313,0,4,59.997473,60.109411,True,69-82-11-15-16-14-12-88-60-79-73-78-53-87-9-10-98-55-68-81-54-37-35-72-71-93-94-80|90-65-91-92-33-26-27-29-62-64-24-19-23-21-48-18-89-76-63-85-51-49-22-20-84-56-66-52-86-74-59-13-47-17-97-75-58-77-25-57-83|45-5-3-1-42-39-36-67-44-43-40-38-41-61-2-6-7-8-46-4-100-70|96-34-31-28-30-32-50-95-99
249,4,1225.4596,788.0297,543.0,949.3283,0,4,60.018289,60.133627,True,69-82-11-15-14-12-88-60-79-73-78-53-87-9-10-98-55-68-81-54-37-35-72-71-93-94-80|90-65-91-92-50-29-32-33-62-63-85-64-19-23-21-48-18-89-76-49-22-20-51-84-95-56-66-52-86-74-59-13-47-17-16-97-75-58-77-25-24-57-83|45-5-3-1-42-39-36-67-44-43-40-38-41-61-2-6-7-8-46-4-100-70|96-34-31-27-26-28-30-99
250,4,1229.662,1015.5306,168.0,930.4931,0,4,61.279005,61.389403,True,69-82-11-15-16-12-88-60-79-73-78-53-98-55-68-81-96-54-37-35-72-71-93-94-80|90-65-64-24-19-23-21-48-18-89-76-63-85-51-49-22-20-84-56-66|91-31-92-62-33-32-29-27-26-28-30-34-50-67-95-99-52-86-87-9-10-97-14-47-17-13-74-59-75-58-77-25-83|45-5-3-1-42-39-36-44-43-40-38-41-61-2-6-7-8-57-46-4-100-70
251,4,1229.662,1015.5306,168.0,930.4931,0,4,61.279005,61.389403,True,69-82-11-15-16-12-88-60-79-73-78-53-98-55-68-81-96-54-37-35-72-71-93-94-80|90-65-64-24-19-23-21-48-18-89-76-63-85-51-49-22-20-84-56-66|91-31-92-62-33-32-29-27-26-28-30-34-50-67-95-99-52-86-87-9-10-97-14-47-17-13-74-59-75-58-77-25-83|45-5-3-1-42-39-36-44-43-40-38-41-61-2-6-7-8-57-46-4-100-70
252,4,1230.2354,872.9005,375.0,953.4258,0,4,61.451027,61.564343,True,69-82-75-16-15-11-12-88-60-79-73-78-53-9-14-98-55-68-81-96-54-37-35-72-71-93-94-80|90-65-91-64-52-24-19-23-21-48-18-89-76-63-85-51-49-22-20-84-56-66-10-13-17-47-74-86-59-97-58-77-25-57-83|45-5-3-1-42-39-36-44-43-40-38-41-61-2-6-7-8-46-4-100-70|92-95-50-34-31-29-27-26-28-33-32-62-30-67-87-99
253,4,1230.2354,872.9005,375.0,953.4258,0,4,61.451027,61.564343,True,69-82-75-16-15-11-12-88-60-79-73-78-53-9-14-98-55-68-81-96-54-37-35-72-71-93-94-80|90-65-91-64-52-24-19-23-21-48-18-89-76-63-85-51-49-22-20-84-56-66-10-13-17-47-74-86-59-97-58-77-25-57-83|45-5-3-1-42-39-36-44-43-40-38-41-61-2-6-7-8-46-4-100-70|92-95-50-34-31-29-27-26-28-33-32-62-30-67-87-99
254,4,1237.5626,1021.1816,148.0,944.0447,0,4,63.649163,63.762811,True,69-82-11-15-16-12-88-60-79-73-78-53-98-31-55-68-81-96-54-37-35-72-71-93-94-80|90-65-64-24-19-23-21-48-18-89-76-63-85-51-49-22-20-84-56-66|91-92-62-33-32-29-27-26-28-30-34-50-67-95-99-52-86-87-9-10-14-47-17-13-74-59-97-75-58-77-25-83|45-5-3-1-42-39-36-44-43-40-38-41-61-2-6-7-8-57-46-4-100-70
255,4,1237.5626,1021.1816,148.0,944.0447,0,4,63.649163,63.762811,True,69-82-11-15-16-12-88-60-79-73-78-53-98-31-55-68-81-96-54-37-35-72-71-93-94-80|90-65-64-24-19-23-21-48-18-89-76-63-85-51-49-22-20-84-56-66|91-92-62-33-32-29-27-26-28-30-34-50-67-95-99-52-86-87-9-10-14-47-17-13-74-59-97-75-58-77-25-83|45-5-3-1-42-39-36-44-43-40-38-41-61-2-6-7-8-57-46-4-100-70
256,4,1242.3357,1079.7757,108.0,944.0447,0,4,65.081102,65.200972,True,69-82-11-15-16-12-88-60-79-73-78-53-98-55-68-81-96-54-37-35-72-71-93-94-80|90-65-64-24-19-23-21-48-18-89-76-63-85-51-49-22-20-84-56-66-50|91-31-92-62-33-32-29-27-26-28-30-34-67-95-99-52-86-87-9-10-14-47-17-13-74-59-97-75-58-77-25-83|45-5-3-1-42-39-36-44-43-40-38-41-61-2-6-7-8-57-46-4-100-70
257,4,1242.3357,1079.7757,108.0,944.0447,0,4,65.081102,65.200972,True,69-82-11-15-16-12-88-60-79-73-78-53-98-55-68-81-96-54-37-35-72-71-93-94-80|90-65-64-24-19-23-21-48-18-89-76-63-85-51-49-22-20-84-56-66-50|91-31-92-62-33-32-29-27-26-28-30-34-67-95-99-52-86-87-9-10-14-47-17-13-74-59-97-75-58-77-25-83|45-5-3-1-42-39-36-44-43-40-38-41-61-2-6-7-8-57-46-4-100-70
258,4,1244.9035,1013.8407,168.0,944.0447,0,4,65.851448,65.968197,True,98-69-82-16-11-15-12-88-60-79-73-78-53-55-68-81-96-54-37-35-72-71-93-94-80|90-65-64-24-19-23-21-18-89-48-76-63-85-51-49-22-20-84-56-66|91-50-31-92-62-33-32-29-27-26-28-30-34-67-95-99-52-86-87-9-10-14-47-17-13-74-59-97-75-58-77-25-83|45-5-3-1-42-39-36-44-43-40-38-41-61-2-6-7-8-57-46-4-100-70
259,4,1247.7561,1010.9881,138.0,944.0447,0,4,66.707212,66.82139,True,69-82-11-15-16-12-88-60-79-73-78-53-98-55-68-81-96-54-37-35-72-71-93-94-80|90-65-64-24-19-23-21-48-18-89-76-63-85-51-49-22-20-84-56-66|91-31-92-62-33-32-29-27-26-28-30-34-67-95-99-52-86-87-9-10-14-47-17-13-74-59-97-75-58-77-25-83|45-5-3-1-42-39-36-44-43-40-38-41-61-2-6-7-8-50-57-46-4-100-70
260,4,1247.7561,1010.9881,138.0,944.0447,0,4,66.707212,66.82139,True,69-82-11-15-16-12-88-60-79-73-78-53-98-55-68-81-96-54-37-35-72-71-93-94-80|90-65-64-24-19-23-21-48-18-89-76-63-85-51-49-22-20-84-56-66|91-31-92-62-33-32-29-27-26-28-30-34-67-95-99-52-86-87-9-10-14-47-17-13-74-59-97-75-58-77-25-83|45-5-3-1-42-39-36-44-43-40-38-41-61-2-6-7-8-50-57-46-4-100-70
261,4,1250.5604,1008.1838,168.0,944.0447,0,4,67.548518,67.666116,True,69-82-11-15-16-12-88-60-79-73-78-53-98-55-68-81-96-54-37-35-72-71-93-94-80|24-90-65-64-19-23-21-48-18-89-76-63-85-51-49-22-20-84-56-66|91-31-92-62-33-32-29-27-26-28-30-34-50-67-95-99-52-86-87-9-10-14-47-17-13-74-59-97-75-58-77-25-83|45-5-3-1-42-39-36-44-43-40-38-41-61-2-6-7-8-57-46-4-100-70
262,4,1251.3581,1025.8595,254.0,929.7761,0,4,67.787834,67.914782,True,81-72-61-69-98-88-60-79-73-78-9-52-24-22-20-49-19-21-48-18-51-85-63-32-28-26-29-31-34-93-94-80|91-65-57-23-86-11-15-16-97-59-87-99-82-53-7-8-46-6-55-10-12-14-47-17-13-74-58-75-77-25-83-90|92-95-62-33-30-27-50-67-71-41-38-43-40-35-37-1-3-5-4-100-70|2-45-42-39-36-44-54-96-64-76-89-84-56-66-68
263,4,1253.4651,991.0104,306.0,929.7761,0,4,68.41993,68.547483,True,1-3-5-45-7-88-11-60-79-73-78-53-86-24-22-49-19-48-18-89-32-28-26-29-31-34-71-93-94-80|65-69-98-82-15-23-21-20-57-52-99-87-59-97-9-10-12-14-47-16-17-13-74-58-75-77-25-83-90|92-95-62-33-30-27-50-67-72-41-38-40-43-46-8-6-55-68-61-37-35-4-2-100-70|81-54-39-36-42-44-96-91-64-51-76-63-85-84-56-66
264,4,1253.4651,991.0104,306.0,929.7761,0,4,68.41993,68.547483,True,1-3-5-45-7-88-11-60-79-73-78-53-86-24-22-49-19-48-18-89-32-28-26-29-31-34-71-93-94-80|65-69-98-82-15-23-21-20-57-52-99-87-59-97-9-10-12-14-47-16-17-13-74-58-75-77-25-83-90|92-95-62-33-30-27-50-67-72-41-38-40-43-46-8-6-55-68-61-37-35-4-2-100-70|81-54-39-36-42-44-96-91-64-51-76-63-85-84-56-66
265,3,1258.2134,429.0024,141.0,956.9482,0,3,69.844411,69.876363,True,65-2-45-46-7-73-14-47-15-11-12-69-99-82-98-88-60-6-8-79-78-53-10-52-57-74-59-13-17-16-97-75-58-77-25-21-48-18-20|61-81-54-72-37-36-39-42-44-64-23-76-85-84-22-87-9-86-24-49-19-51-56-83-66-90-55-68-96|91-92-95-63-89-33-32-34-31-29-27-26-28-30-62-50-67-71-41-38-40-35-1-3-5-4-100-70-43-93-94-80
266,3,1258.2134,429.0024,141.0,956.9482,0,3,69.844411,69.876363,True,65-2-45-46-7-73-14-47-15-11-12-69-99-82-98-88-60-6-8-79-78-53-10-52-57-74-59-13-17-16-97-75-58-77-25-21-48-18-20|61-81-54-72-37-36-39-42-44-64-23-76-85-84-22-87-9-86-24-49-19-51-56-83-66-90-55-68-96|91-92-95-63-89-33-32-34-31-29-27-26-28-30-62-50-67-71-41-38-40-35-1-3-5-4-100-70-43-93-94-80
267,4,1261.7598,986.9491,154.0,934.0094,0,4,70.90833,71.023198,True,69-82-11-15-16-12-88-60-79-73-78-53-98-55-68-81-96-54-37-35-72-71-93-94-80|90-65-64-24-19-23-21-48-18-89-76-63-85-51-49-22-20-84-56-66|91-31-92-62-33-32-29-27-26-28-30-34-50-67-95-99-52-86-87-9-10-14-47-17-13-74-59-97-75-58-77-25|45-5-3-1-42-39-36-44-43-40-38-41-61-2-6-7-8-57-46-4-83-100-70
268,4,1261.7598,986.9491,154.0,934.0094,0,4,70.90833,71.023198,True,69-82-11-15-16-12-88-60-79-73-78-53-98-55-68-81-96-54-37-35-72-71-93-94-80|90-65-64-24-19-23-21-48-18-89-76-63-85-51-49-22-20-84-56-66|91-31-92-62-33-32-29-27-26-28-30-34-50-67-95-99-52-86-87-9-10-14-47-17-13-74-59-97-75-58-77-25|45-5-3-1-42-39-36-44-43-40-38-41-61-2-6-7-8-57-46-4-83-100-70
269,4,1263.4522,983.8381,351.0,901.1151,0,4,71.41607,71.545744,True,81-54-1-3-5-45-60-12-14-47-15-11-9-87-86-52-57-24-22-20-49-19-21-48-18-51-85-63-32-28-29-31-34-93-94-80|65-64-69-99-82-98-88-6-7-79-73-78-53-10-97-75-59-74-17-16-13-58-77-25-83-90|91-92-95-62-33-26-27-30-50-67-71-72-41-38-40-43-8-46-4-55-68-61-37-35-70-2-100|42-39-36-44-96-23-89-76-84-56-66
270,4,1272.8469,985.8973,168.0,944.0447,0,4,74.234463,74.355404,True,69-82-11-15-16-12-88-60-79-73-78-53-98-55-68-81-54-37-35-72-71-93-94-80|90-65-64-24-23-21-18-89-48-19-76-63-85-51-49-22-20-84-56-66|91-31-92-62-33-32-29-27-26-28-30-34-50-67-95-99-52-86-87-9-10-14-47-17-13-74-59-97-75-58-77-25-83|45-5-3-1-42-39-36-44-43-40-38-41-61-2-6-7-8-57-46-4-96-100-70
271,6,1273.3961,2497.4777,248.0,861.3225,0,6,273.767765,274.1118,True,69-11-15-16-88-60-79-73-78-53-98-55-68-81-96-54-37-35-72-71-93-94-80|90-64-19-23-21-48-18-89-76-63-85-51-84-56|91-92-62-33-32-31-29-27-26-28-30-34-50-67-95-49-75-10-17-47-14|45-5-3-1-42-39-36-44-43-40-38-41-61-2-6-7-8-46-4-100-70|12-65-66-83-20-86-74-58-59|82-99-52-57-22-24-87-9-13-97-77-25
272,4,1277.0695,971.4915,280.0,933.8615,0,4,75.501236,75.630955,True,81-72-1-3-5-45-46-60-12-14-47-15-9-87-86-52-57-22-20-49-19-21-48-18-85-32-28-26-29-31-34-93-94-80|90-65-69-11-59-23-99-82-98-88-7-8-79-73-78-53-10-13-16-17-74-97-75-58-77-25-24-83|91-92-95-62-33-30-27-50-67-71-41-38-40-43-2-6-55-68-61-37-35-4-100-70|42-39-36-44-54-96-64-51-76-89-63-84-56-66
273,4,1277.0695,971.4915,280.0,933.8615,0,4,75.501236,75.630955,True,81-72-1-3-5-45-46-60-12-14-47-15-9-87-86-52-57-22-20-49-19-21-48-18-85-32-28-26-29-31-34-93-94-80|90-65-69-11-59-23-99-82-98-88-7-8-79-73-78-53-10-13-16-17-74-97-75-58-77-25-24-83|91-92-95-62-33-30-27-50-67-71-41-38-40-43-2-6-55-68-61-37-35-4-100-70|42-39-36-44-54-96-64-51-76-89-63-84-56-66
274,4,1277.2346,981.5096,177.0,944.0447,0,4,75.550782,75.673282,True,69-82-11-15-16-12-88-60-79-73-78-53-98-55-68-81-96-54-37-35-72-71-93-94-80|90-65-64-24-19-23-21-48-18-89-76-63-85-51-49-22-20-84-56-66|91-31-92-62-33-32-29-27-26-28-30-34-50-67-95-99-52-86-87-9-61-14-10-47-17-13-74-59-97-75-58-77-25-83|45-5-3-1-42-39-36-44-43-40-38-41-2-6-7-8-57-46-4-100-70
275,4,1277.8093,852.0421,381.0,939.1348,0,4,75.723174,75.846089,True,61-1-3-5-45-46-7-15-59-64-20-23-21-48-18-89-76-19-49-22-51-84-85-63-50-95-56-55|54-72-37-36-39-69-98-12-11-99-82-78-73-79-8-6-60-53-10-13-16-47-17-14-74-97-75-58-77-25-24|90-65-91-92-34-31-29-27-26-28-33-32-30-62-67-71-41-38-43-40-35-68-4-2-100-70-81-96-93-94-80|42-44-88-9-87-86-52-57-83-66
276,4,1277.8093,852.0421,381.0,939.1348,0,4,75.723174,75.846089,True,61-1-3-5-45-46-7-15-59-64-20-23-21-48-18-89-76-19-49-22-51-84-85-63-50-95-56-55|54-72-37-36-39-69-98-12-11-99-82-78-73-79-8-6-60-53-10-13-16-47-17-14-74-97-75-58-77-25-24|90-65-91-92-34-31-29-27-26-28-33-32-30-62-67-71-41-38-43-40-35-68-4-2-100-70-81-96-93-94-80|42-44-88-9-87-86-52-57-83-66
277,5,1280.2358,1937.3529,214.0,887.7072,0,5,189.749041,190.011367,True,69-98-11-15-16-73-60-88-53-55-68-61-81-54-37-35-72-71-93-94-96-80|64-24-20-19-48-51-63-85-67-50-34-29-26-28-32-84-95-56-66-82-10-47-14-12|65-99-9-87-74-59-13-17-97-75-58-86-52-90|45-5-3-1-42-39-36-44-43-40-38-41-78-79-8-6-7-46-4-2-100-70|91-92-31-27-33-62-30-23-18-89-76-22-49-21-25-77-57-83
278,4,1280.8618,1026.6249,98.0,930.4931,0,4,76.638938,76.75936,True,69-82-11-15-16-12-88-60-79-73-78-53-98-55-68-81-96-54-37-35-72-71-93-94-80|90-65-64-24-19-23-21-48-18-89-76-63-85-51-49-22-20-84-97-56-66|91-31-92-62-33-32-29-27-26-28-30-34-50-67-95-99-52-86-87-9-10-14-47-17-13-74-59-75-58-77-25-83|45-5-3-1-42-39-36-44-43-40-38-41-61-2-6-7-8-57-46-4-100-70
279,4,1280.8618,1026.6249,98.0,930.4931,0,4,76.638938,76.75936,True,69-82-11-15-16-12-88-60-79-73-78-53-98-55-68-81-96-54-37-35-72-71-93-94-80|90-65-64-24-19-23-21-48-18-89-76-63-85-51-49-22-20-84-97-56-66|91-31-92-62-33-32-29-27-26-28-30-34-50-67-95-99-52-86-87-9-10-14-47-17-13-74-59-75-58-77-25-83|45-5-3-1-42-39-36-44-43-40-38-41-61-2-6-7-8-57-46-4-100-70
280,4,1282.5242,965.3793,162.0,944.0447,0,4,77.137666,77.257833,True,90-69-82-11-15-60-12-88-79-16-73-78-53-98-55-68-81-96-54-37-35-72-71-93-80|65-64-24-19-23-21-48-18-89-76-63-85-95-51-49-22-20-84-56-66|91-92-62-33-32-31-29-27-26-28-30-34-50-67-99-52-86-87-9-10-14-47-17-13-74-59-97-75-58-77-25-83|45-5-3-1-42-39-36-44-43-94-40-38-41-61-2-6-7-8-57-46-4-100-70
281,4,1282.5242,965.3793,162.0,944.0447,0,4,77.137666,77.257833,True,90-69-82-11-15-60-12-88-79-16-73-78-53-98-55-68-81-96-54-37-35-72-71-93-80|65-64-24-19-23-21-48-18-89-76-63-85-95-51-49-22-20-84-56-66|91-92-62-33-32-31-29-27-26-28-30-34-50-67-99-52-86-87-9-10-14-47-17-13-74-59-97-75-58-77-25-83|45-5-3-1-42-39-36-44-43-94-40-38-41-61-2-6-7-8-57-46-4-100-70
282,4,1285.3025,1018.003,250.0,890.1204,0,4,77.971154,78.100759,True,54-72-1-3-5-45-46-7-73-47-16-15-11-12-78-9-87-86-24-49-19-21-48-18-51-85-63-32-28-29-31-34-71-93-94-80|65-69-91-64-23-57-52-99-82-98-88-6-8-79-60-53-10-13-59-97-75-74-58-77-25-83|61-42-39-37-36-44-81-96-89-76-20-22-84-56-66-90-55-68|92-95-50-33-26-27-30-62-67-41-38-40-35-43-4-2-17-14-100-70
283,4,1285.3025,1018.003,250.0,890.1204,0,4,77.971154,78.100759,True,54-72-1-3-5-45-46-7-73-47-16-15-11-12-78-9-87-86-24-49-19-21-48-18-51-85-63-32-28-29-31-34-71-93-94-80|65-69-91-64-23-57-52-99-82-98-88-6-8-79-60-53-10-13-59-97-75-74-58-77-25-83|61-42-39-37-36-44-81-96-89-76-20-22-84-56-66-90-55-68|92-95-50-33-26-27-30-62-67-41-38-40-35-43-4-2-17-14-100-70
284,4,1285.5339,981.9182,299.0,911.679,0,4,78.040554,78.17295,True,54-72-1-3-5-45-46-7-11-15-14-47-73-79-78-12-9-87-86-57-24-49-19-21-48-18-51-85-63-32-28-29-31-34-71-93-94-80|65-69-91-64-20-23-52-99-82-98-88-6-8-60-53-10-74-59-13-17-16-97-75-58-77-25-83|61-42-39-37-36-43-44-81-96-89-76-22-84-56-66-90-68|92-95-50-33-26-27-30-62-67-41-38-40-35-55-2-4-100-70
285,4,1285.5339,981.9182,299.0,911.679,0,4,78.040554,78.17295,True,54-72-1-3-5-45-46-7-11-15-14-47-73-79-78-12-9-87-86-57-24-49-19-21-48-18-51-85-63-32-28-29-31-34-71-93-94-80|65-69-91-64-20-23-52-99-82-98-88-6-8-60-53-10-74-59-13-17-16-97-75-58-77-25-83|61-42-39-37-36-43-44-81-96-89-76-22-84-56-66-90-68|92-95-50-33-26-27-30-62-67-41-38-40-35-55-2-4-100-70
286,4,1288.9094,960.2641,287.0,934.474,0,4,79.053205,79.185584,True,81-72-1-3-5-45-46-60-12-14-47-15-9-87-86-57-24-22-20-49-19-21-48-18-85-32-28-26-29-31-34-93-94-80|91-65-82-69-11-59-23-52-99-98-88-6-8-7-79-73-78-10-13-16-17-74-97-75-58-77-25-83-90|92-95-62-33-30-27-50-67-71-41-38-40-43-53-55-68-61-37-35-4-2-100-70|42-39-36-44-54-96-64-51-76-89-63-84-56-66
287,4,1288.9094,960.2641,287.0,934.474,0,4,79.053205,79.185584,True,81-72-1-3-5-45-46-60-12-14-47-15-9-87-86-57-24-22-20-49-19-21-48-18-85-32-28-26-29-31-34-93-94-80|91-65-82-69-11-59-23-52-99-98-88-6-8-7-79-73-78-10-13-16-17-74-97-75-58-77-25-83-90|92-95-62-33-30-27-50-67-71-41-38-40-43-53-55-68-61-37-35-4-2-100-70|42-39-36-44-54-96-64-51-76-89-63-84-56-66
288,4,1290.575,775.1273,283.0,948.7939,0,4,79.552905,79.659762,True,1-3-5-45-46-7-73-47-14-12-57-64-20-23-48-18-89-76-63-85-31-34-50-95-91|90-65-69-11-15-16-97-59-86-52-99-98-88-6-8-79-60-78-17-13-74-58-75-77-25-21-19-80|92-62-33-28-26-27-29-30-32-67-41-84-51-49-22-24-83-66-56-94-71-72-37-35-43-4-2-100-70-61-54-93-96|81-42-39-36-38-44-40-53-87-9-10-82-55-68
289,4,1290.575,775.1273,283.0,948.7939,0,4,79.552905,79.659762,True,1-3-5-45-46-7-73-47-14-12-57-64-20-23-48-18-89-76-63-85-31-34-50-95-91|90-65-69-11-15-16-97-59-86-52-99-98-88-6-8-79-60-78-17-13-74-58-75-77-25-21-19-80|92-62-33-28-26-27-29-30-32-67-41-84-51-49-22-24-83-66-56-94-71-72-37-35-43-4-2-100-70-61-54-93-96|81-42-39-36-38-44-40-53-87-9-10-82-55-68
290,4,1295.4492,943.839,310.0,902.6873,0,4,81.015152,81.144562,True,1-3-5-45-46-7-47-14-12-86-23-87-9-52-57-24-22-20-49-19-21-48-18-51-85-63-89-32-28-26-29-31-34-50-93-80|64-69-15-11-99-88-60-6-8-79-73-78-53-98-82-10-59-74-13-17-16-97-75-58-77-25-83|81-61-42-39-37-36-43-44-54-96-94-95-76-84-56-66-68|90-65-91-92-33-27-30-62-67-71-72-41-38-40-35-55-2-4-100-70
291,4,1295.4492,943.839,310.0,902.6873,0,4,81.015152,81.144562,True,1-3-5-45-46-7-47-14-12-86-23-87-9-52-57-24-22-20-49-19-21-48-18-51-85-63-89-32-28-26-29-31-34-50-93-80|64-69-15-11-99-88-60-6-8-79-73-78-53-98-82-10-59-74-13-17-16-97-75-58-77-25-83|81-61-42-39-37-36-43-44-54-96-94-95-76-84-56-66-68|90-65-91-92-33-27-30-62-67-71-72-41-38-40-35-55-2-4-100-70
292,4,1298.5917,925.6778,494.0,908.7336,0,4,81.957899,82.104834,True,90-42-45-60-12-14-47-16-15-11-99-52-87-97-59-86-57-22-20-49-19-21-48-18-51-85-63-32-28-26-29-31-34-50-95-91-94-93-96-80|81-54-39-36-44-69-82-88-53-78-79-7-6-8-46-5-3-1-55-2-4-73-17-13-74-58-75-77-25|92-62-33-30-27-67-71-72-38-40-41-9-10-98-68-61-37-35-43-70-100|65-83-64-24-23-89-76-84-56-66
293,4,1298.5917,925.6778,494.0,908.7336,0,4,81.957899,82.104834,True,90-42-45-60-12-14-47-16-15-11-99-52-87-97-59-86-57-22-20-49-19-21-48-18-51-85-63-32-28-26-29-31-34-50-95-91-94-93-96-80|81-54-39-36-44-69-82-88-53-78-79-7-6-8-46-5-3-1-55-2-4-73-17-13-74-58-75-77-25|92-62-33-30-27-67-71-72-38-40-41-9-10-98-68-61-37-35-43-70-100|65-83-64-24-23-89-76-84-56-66
294,4,1299.1059,950.0676,284.0,934.474,0,4,82.112167,82.245776,True,1-3-5-45-60-12-14-47-15-9-87-86-52-57-24-22-20-49-19-21-48-18-63-32-28-26-71-93-94-80|65-69-11-59-23-99-82-98-88-6-7-79-73-78-53-10-13-16-17-74-97-75-58-77-25-83-90|92-95-50-34-31-29-27-33-85-64-91-96-54-72-41-38-40-43-46-8-55-68-61-37-35-4-2-100-70|81-42-39-36-44-67-62-30-89-76-51-84-56-66
295,4,1299.9654,830.7925,141.0,928.9046,0,4,82.370016,82.470856,True,3-5-46-7-60-47-15-14-82-64-21-23-59-87-9-99-52-57-22-20-49-19-48-18-89-51-56-66|69-98-11-12-88-6-8-79-73-78-53-10-86-74-13-17-16-97-75-58-77-25-24-83|45-1-42-39-36-37-38-43-44-41-31-26-32-84-95-94-96-81-68|90-65-91-92-50-34-29-27-28-33-30-62-63-76-85-67-71-72-40-35-55-2-4-100-70-61-54-93-80
296,4,1299.9654,830.7925,141.0,928.9046,0,4,82.370016,82.470856,True,3-5-46-7-60-47-15-14-82-64-21-23-59-87-9-99-52-57-22-20-49-19-48-18-89-51-56-66|69-98-11-12-88-6-8-79-73-78-53-10-86-74-13-17-16-97-75-58-77-25-24-83|45-1-42-39-36-37-38-43-44-41-31-26-32-84-95-94-96-81-68|90-65-91-92-50-34-29-27-28-33-30-62-63-76-85-67-71-72-40-35-55-2-4-100-70-61-54-93-80
297,4,1301.0158,814.0064,346.0,945.1301,0,4,82.685141,82.806712,True,61-1-3-5-45-46-7-15-59-64-20-23-21-48-18-89-76-19-49-51-84-85-63-50-95-56-55|81-54-72-37-36-39-69-98-12-11-99-82-78-73-79-8-6-60-53-10-13-14-47-17-16-74-97-75-58-77-25-24-83|90-65-91-92-34-31-29-27-26-28-33-32-30-62-67-71-41-43-40-35-68-4-2-100-70-96-93-94-80|42-44-38-88-9-87-86-52-57-22-66
298,4,1301.0158,814.0064,346.0,945.1301,0,4,82.685141,82.806712,True,61-1-3-5-45-46-7-15-59-64-20-23-21-48-18-89-76-19-49-51-84-85-63-50-95-56-55|81-54-72-37-36-39-69-98-12-11-99-82-78-73-79-8-6-60-53-10-13-14-47-17-16-74-97-75-58-77-25-24-83|90-65-91-92-34-31-29-27-26-28-33-32-30-62-67-71-41-43-40-35-68-4-2-100-70-96-93-94-80|42-44-38-88-9-87-86-52-57-22-66
299,3,1302.9269,397.8696,295.0,943.3424,0,3,83.258465,83.312521,True,90-65-14-47-16-15-11-64-23-75-97-59-87-9-99-52-86-22-24-20-49-19-21-48-18-89-63-85-32-28-26-29-31-34-50-95-91-80-94-93-96-54-81|1-3-5-45-42-39-36-37-72-44-69-82-98-88-53-78-79-7-8-6-2-46-4-73-17-13-74-58-77-25-57|92-62-33-27-30-76-51-67-38-40-43-41-71-84-56-66-83-10-12-60-55-68-61-35-70-100
300,3,1302.9269,397.8696,295.0,943.3424,0,3,83.258465,83.312521,True,90-65-14-47-16-15-11-64-23-75-97-59-87-9-99-52-86-22-24-20-49-19-21-48-18-89-63-85-32-28-26-29-31-34-50-95-91-80-94-93-96-54-81|1-3-5-45-42-39-36-37-72-44-69-82-98-88-53-78-79-7-8-6-2-46-4-73-17-13-74-58-77-25-57|92-62-33-27-30-76-51-67-38-40-43-41-71-84-56-66-83-10-12-60-55-68-61-35-70-100
301,3,1303.6189,367.3515,303.0,951.5421,0,3,83.466056,83.517771,True,90-65-45-60-14-47-16-15-11-64-23-75-97-59-87-9-99-52-86-22-24-20-49-19-21-48-18-89-63-85-32-28-26-29-31-34-50-95-94-93-96-80|54-72-37-36-39-42-44-69-82-98-88-53-78-79-7-6-8-46-5-3-1-2-4-73-17-13-74-58-77-25-57-100-70|91-92-62-33-27-30-76-51-67-38-40-43-41-71-84-56-66-83-10-12-55-68-61-35-81
302,3,1303.6189,367.3515,303.0,951.5421,0,3,83.466056,83.517771,True,90-65-45-60-14-47-16-15-11-64-23-75-97-59-87-9-99-52-86-22-24-20-49-19-21-48-18-89-63-85-32-28-26-29-31-34-50-95-94-93-96-80|54-72-37-36-39-42-44-69-82-98-88-53-78-79-7-6-8-46-5-3-1-2-4-73-17-13-74-58-77-25-57-100-70|91-92-62-33-27-30-76-51-67-38-40-43-41-71-84-56-66-83-10-12-55-68-61-35-81
303,3,1307.0301,523.029,168.0,956.9334,0,3,84.48943,84.552829,True,2-45-46-7-73-14-47-15-11-12-69-82-99-98-88-60-6-8-79-78-53-10-52-57-74-59-13-17-16-97-75-58-77-25-21-48-18-20|81-72-37-36-39-42-44-64-23-76-84-22-87-9-86-24-49-19-51-56-83-66-90-55-68-61-94-31-34-50-91-80|65-92-95-85-63-89-33-32-29-27-26-28-30-62-67-71-41-38-40-35-1-3-5-4-100-70-43-54-93-96
304,3,1307.0301,523.029,168.0,956.9334,0,3,84.48943,84.552829,True,2-45-46-7-73-14-47-15-11-12-69-82-99-98-88-60-6-8-79-78-53-10-52-57-74-59-13-17-16-97-75-58-77-25-21-48-18-20|81-72-37-36-39-42-44-64-23-76-84-22-87-9-86-24-49-19-51-56-83-66-90-55-68-61-94-31-34-50-91-80|65-92-95-85-63-89-33-32-29-27-26-28-30-62-67-71-41-38-40-35-1-3-5-4-100-70-43-54-93-96
305,4,1308.3109,832.9848,368.0,925.8602,0,4,84.873672,84.999588,True,1-3-5-45-46-7-73-16-15-11-83-64-24-23-75-59-87-86-99-52-22-20-49-19-21-48-18-89-51-95-93-94-80|54-96-92-65-69-88-12-14-78-79-8-6-60-9-10-47-17-13-74-97-58-77-25-57-90|61-42-39-36-34-31-29-27-26-28-30-32-67-63-76-85-84-56-66-55-68-37-35-43-4-2-100-70|91-62-33-50-71-72-38-44-40-41-81-98-53-82
306,4,1308.3109,832.9848,368.0,925.8602,0,4,84.873672,84.999588,True,1-3-5-45-46-7-73-16-15-11-83-64-24-23-75-59-87-86-99-52-22-20-49-19-21-48-18-89-51-95-93-94-80|54-96-92-65-69-88-12-14-78-79-8-6-60-9-10-47-17-13-74-97-58-77-25-57-90|61-42-39-36-34-31-29-27-26-28-30-32-67-63-76-85-84-56-66-55-68-37-35-43-4-2-100-70|91-62-33-50-71-72-38-44-40-41-81-98-53-82
307,4,1309.3799,769.1501,382.0,890.1079,0,4,85.194363,85.307061,True,3-5-45-46-73-47-16-15-64-24-23-18-48-21-19-22-57-99-86-87-59-97-75-56-94-93-96-80|90-65-82-11-69-88-60-7-6-8-79-78-9-52-10-12-14-17-13-74-58-77-25-83|81-54-42-39-36-37-34-31-29-27-26-28-30-32-67-63-89-76-85-84-51-49-20-66-55-68-61-35-43-1-4-2-100-70|91-92-95-62-33-50-71-72-38-44-40-41-98-53
308,4,1309.5466,837.5316,173.0,918.3398,0,4,85.244368,85.350708,True,43-1-3-5-45-46-7-12-14-47-15-9-87-86-52-57-24-22-20-49-19-21-48-18-51-56-66|69-64-23-11-99-88-60-6-8-79-73-78-53-98-82-10-74-59-13-17-16-97-75-58-77-25-83|42-39-36-37-38-44-41-31-26-28-84-95-94-96-54-81-68-55|90-65-91-92-50-32-33-62-34-29-27-30-89-76-63-85-67-71-72-40-35-4-2-100-70-61-93-80
309,4,1309.5466,837.5316,173.0,918.3398,0,4,85.244368,85.350708,True,43-1-3-5-45-46-7-12-14-47-15-9-87-86-52-57-24-22-20-49-19-21-48-18-51-56-66|69-64-23-11-99-88-60-6-8-79-73-78-53-98-82-10-74-59-13-17-16-97-75-58-77-25-83|42-39-36-37-38-44-41-31-26-28-84-95-94-96-54-81-68-55|90-65-91-92-50-32-33-62-34-29-27-30-89-76-63-85-67-71-72-40-35-4-2-100-70-61-93-80
310,4,1313.3743,891.2321,359.0,911.1021,0,4,86.392686,86.525745,True,1-3-5-45-7-73-47-16-15-64-76-18-23-48-21-75-59-57-20-19-51-85-63-89-32-31-35-37-72-71-93-94-96-54-81-80|69-12-11-97-86-52-99-98-88-60-6-46-8-79-78-53-10-14-17-13-74-58-77-25-24-83|65-91-92-95-50-34-29-27-26-28-33-30-62-67-84-49-22-56-66-68-55-2-4-100-70|61-42-36-39-44-43-40-38-41-9-87-82-90
311,4,1313.3743,891.2321,359.0,911.1021,0,4,86.392686,86.525745,True,1-3-5-45-7-73-47-16-15-64-76-18-23-48-21-75-59-57-20-19-51-85-63-89-32-31-35-37-72-71-93-94-96-54-81-80|69-12-11-97-86-52-99-98-88-60-6-46-8-79-78-53-10-14-17-13-74-58-77-25-24-83|65-91-92-95-50-34-29-27-26-28-33-30-62-67-84-49-22-56-66-68-55-2-4-100-70|61-42-36-39-44-43-40-38-41-9-87-82-90
312,4,1320.8532,820.6717,198.0,944.0447,0,4,88.63637,88.749929,True,37-43-1-3-5-46-7-73-15-11-64-23-87-86-52-99-57-24-22-20-49-19-21-48-18-51-56-66|69-82-98-88-60-8-6-79-78-53-9-10-12-14-47-16-17-13-74-59-97-75-58-77-25-83|45-42-39-36-38-44-41-31-26-28-84-95-94-96-54-81-68|90-65-91-92-29-32-33-62-50-34-27-30-89-76-63-85-67-71-72-40-35-55-2-4-100-70-61-93-80
313,4,1321.9186,934.8394,136.0,911.679,0,4,88.955989,89.075938,True,37-1-3-5-45-7-60-47-14-12-64-23-86-87-9-52-57-24-22-20-49-19-21-48-18-51-56-66|69-15-11-99-82-98-88-6-8-79-73-78-53-10-74-59-13-17-16-97-75-58-77-25-83|61-42-39-36-38-43-44-41-31-26-28-84-95-94-96-81-68-55-2-46-4-100-70|90-65-91-92-29-32-33-62-50-34-27-30-89-76-63-85-67-71-72-40-35-54-93-80
314,4,1321.9186,934.8394,136.0,911.679,0,4,88.955989,89.075938,True,37-1-3-5-45-7-60-47-14-12-64-23-86-87-9-52-57-24-22-20-49-19-21-48-18-51-56-66|69-15-11-99-82-98-88-6-8-79-73-78-53-10-74-59-13-17-16-97-75-58-77-25-83|61-42-39-36-38-43-44-41-31-26-28-84-95-94-96-81-68-55-2-46-4-100-70|90-65-91-92-29-32-33-62-50-34-27-30-89-76-63-85-67-71-72-40-35-54-93-80
315,3,1322.3224,326.9504,303.0,951.4881,0,3,89.077113,89.128372,True,98-45-46-60-12-14-47-16-15-11-64-23-75-97-59-87-9-99-52-57-24-22-20-49-19-21-48-18-89-51-63-32-28-26-29-31-34-50-93-94-80|96-54-72-37-36-39-42-44-61-69-88-53-78-79-6-8-5-3-1-55-2-4-7-73-17-13-58-77-25-83-100-70|90-65-91-92-62-33-27-30-76-85-67-71-38-40-43-41-95-84-56-66-10-74-86-82-68-35-81
316,4,1327.9281,731.943,438.0,921.2906,0,4,90.758813,90.881772,True,69-82-75-16-15-11-12-88-60-79-73-78-53-9-14-98-55-68-81-96-54-37-35-72-71-93-94-80|90-65-91-92-33-62-64-52-24-19-23-21-48-18-89-76-63-85-51-49-22-20-84-56-66-10-86-74-47-17-13-97-59-58-77-25-57-83|45-5-3-1-42-39-36-67-44-43-40-38-41-61-2-6-7-8-46-4-100-70|34-31-29-27-26-28-30-32-50-95-87-99
317,4,1329.1085,771.1832,346.0,929.1192,0,4,91.112942,91.234116,True,61-1-3-5-45-46-7-14-15-59-64-23-21-48-18-89-76-19-49-20-51-84-85-63-50-95-56-55|71-72-36-39-54-81-69-98-12-11-99-82-78-73-79-8-6-60-53-10-52-74-13-47-17-16-97-75-58-77-25-24-83|90-65-91-92-34-31-29-27-26-28-33-32-30-62-67-41-43-40-35-37-68-4-2-100-70-96-93-94-80|42-44-38-88-9-87-86-57-22-66
318,4,1333.7951,812.7798,205.0,940.9933,0,4,92.518922,92.635423,True,1-3-5-45-46-7-60-12-14-15-59-97-75-23-21-48-18-19-49-24-51-63-32-31-34-50-91-66-90|65-69-11-86-52-99-98-88-6-8-79-73-78-10-13-16-17-47-74-58-77-25-83|92-33-28-26-27-29-30-62-67-71-38-40-41-94-95-84-20-56-72-37-35-43-4-2-100-70-61-54-93-96-80|81-39-36-42-44-64-85-89-76-22-57-87-9-53-82-55-68
319,3,1342.6401,406.2515,288.0,959.0322,0,3,95.17243,95.24131,True,65-60-46-45-2-69-11-15-59-23-99-82-88-98-53-78-79-8-6-7-73-14-12-10-52-86-74-13-47-17-16-97-75-58-77-25-21-48-83|92-81-54-72-37-36-39-42-44-38-85-76-84-22-87-9-57-24-49-19-18-20-56-66-90-55-68-61-96-71-31-34-50-93-94-91-80|51-63-89-33-32-29-27-26-28-30-62-64-95-67-41-40-35-43-1-3-5-4-100-70
320,4,1342.942,584.6111,638.0,904.5345,0,4,95.262984,95.385834,True,98-45-46-60-12-14-16-15-11-64-23-75-97-59-87-9-99-52-57-24-22-20-49-19-21-48-18-51-56-50-32-28-29-31-34-93-94-80|81-96-54-37-36-39-42-44-1-3-5-8-6-79-78-53-55-2-4-7-73-17-47-13-58-77-25-83-90|65-91-92-95-85-63-33-62-27-26-30-89-76-67-38-40-41-72-71-84-66-82-10-74-86-68-61-35-43-70-100|69-88
321,4,1344.4613,807.6735,175.0,928.9046,0,4,95.718801,95.832922,True,37-43-3-5-46-7-60-47-14-82-64-23-87-9-99-52-57-22-20-49-19-21-48-18-89-51-56-66|69-98-11-15-12-88-6-8-79-73-78-53-10-86-74-59-13-17-16-97-75-58-77-25-24-83|45-1-42-39-36-38-44-41-31-26-28-84-95-94-96-81-68|90-65-91-92-50-33-32-34-29-27-30-62-63-76-85-67-71-72-40-35-55-2-4-100-70-61-54-93-80
322,4,1345.3655,783.4326,358.0,928.2941,0,4,95.990035,96.118999,True,1-3-45-46-7-60-12-14-47-16-15-59-75-23-21-48-18-89-76-19-22-24-57-51-63-32-31-34-50-94-68|69-11-52-99-82-98-88-6-8-79-73-78-10-17-13-74-58-77-25-83|90-65-92-95-85-33-28-26-27-29-30-62-67-72-38-40-41-84-49-20-66-56-71-37-35-43-5-4-2-100-70-81-96-93-80|61-39-36-42-44-54-91-64-86-87-97-9-53-55
323,3,1346.6965,421.7074,232.0,946.4264,0,3,96.389337,96.454262,True,65-46-45-2-69-98-11-15-59-23-99-82-88-53-60-78-79-8-6-7-73-14-12-10-52-86-74-13-47-17-16-97-75-58-77-25-21-48-83|81-54-72-37-36-39-42-44-38-85-76-84-22-87-9-57-24-49-19-18-20-56-66-90-55-68-61-71-31-34-50-94-80|91-92-51-63-89-33-32-29-27-26-28-30-62-64-95-67-41-40-35-43-1-3-5-4-100-70-96-93
324,5,1348.1592,1860.2465,250.0,866.1455,0,5,178.183088,178.45459,True,69-11-15-16-12-88-60-79-73-78-53-10-98-55-68-81-96-54-37-35-72-71-93-94-80|90-65-20-24-19-48-64-51-63-85-67-84-34-29-26-28-32-50-95-91-56-66-83-52-86-47-14-82|99-9-87-74-59-13-17-97-75-58-57|45-5-3-1-42-39-36-44-43-40-38-41-61-2-6-7-8-46-4-100-70|92-31-27-33-62-30-23-18-89-76-22-49-21-25-77
325,4,1350.6733,765.0135,121.0,922.0737,0,4,97.58239,97.685551,True,1-3-5-46-7-60-47-14-12-64-20-23-86-87-9-52-57-22-49-19-21-48-18-51-63-56-66|69-15-11-99-82-98-88-6-8-79-73-78-53-10-74-59-13-17-16-97-75-58-77-25-24-83|45-42-39-36-37-38-43-44-41-26-28-50-84-95-94-96-54-81-68|90-65-91-92-34-33-62-27-29-31-30-32-89-76-85-67-71-72-40-35-55-2-4-100-70-61-93-80
326,4,1351.8819,772.7966,139.0,918.3398,0,4,97.944979,98.050909,True,60-7-46-5-3-1-43-37-64-23-86-87-9-52-57-24-22-20-49-19-21-48-18-51-56-66|69-12-14-47-15-11-99-82-98-88-6-8-79-73-78-53-10-74-59-13-17-16-97-75-58-77-25-83|2-45-42-39-36-38-44-41-31-26-28-84-95-94-96-54-81-68-55|90-65-91-92-29-32-33-62-50-34-27-30-89-76-63-85-67-71-72-40-35-4-100-70-61-93-80
327,4,1357.9701,785.9457,86.0,922.939,0,4,99.771418,99.876538,True,3-5-46-7-14-12-64-23-86-87-9-52-57-24-22-20-49-19-21-48-18-51-56-66|69-98-15-11-99-88-60-6-8-79-73-78-53-82-10-74-59-13-47-17-16-97-75-58-77-25-83|45-1-42-39-36-37-38-43-44-41-54-94-95-84-28-26-31-34-96-81-68-90|65-91-92-32-33-62-50-29-27-30-89-76-63-85-67-71-72-40-35-55-2-4-100-70-61-93-80
328,4,1360.0907,912.1622,315.0,911.5098,0,4,100.407595,100.553469,True,1-3-5-45-46-73-47-16-15-52-64-20-23-75-97-59-87-86-99-57-22-19-21-48-18-89-63-85-56-94-93-80|69-88-11-14-12-60-7-6-8-79-78-9-10-17-13-74-58-77-25-24-83-90|81-42-39-36-34-31-29-27-26-28-30-32-76-67-41-98-53-82-84-51-49-66-96-54-37-35-43-4-2-100-70|65-91-92-95-62-33-50-71-72-38-44-40-61-68-55
329,4,1363.0466,708.7394,438.0,921.2906,0,4,101.294379,101.424393,True,69-82-75-16-15-11-12-88-60-79-73-78-53-9-14-98-55-68-81-96-54-37-35-94-72-71-93-80|90-65-91-92-33-62-64-52-24-19-23-21-48-18-89-76-63-85-51-49-22-20-84-56-66-10-86-74-47-17-13-97-59-58-77-25-57-83|45-5-3-1-42-39-36-67-44-43-40-38-41-61-2-6-7-8-46-4-100-70|34-31-29-27-26-28-30-32-50-95-87-99
330,3,1363.4023,298.5767,356.0,956.663,0,3,101.401077,101.46648,True,90-65-45-60-14-47-16-15-11-64-23-75-97-59-87-9-99-52-57-24-22-20-49-19-21-48-18-89-63-85-32-28-26-29-31-34-50-95-91-80-94-93-96|54-72-37-36-39-42-44-61-69-88-2-1-3-5-46-8-6-7-79-78-53-82-66-55-4-73-17-13-74-58-77-25-86-100-70|92-62-33-27-30-76-51-67-38-40-43-41-71-84-56-83-10-12-98-68-35-81
331,3,1363.5422,510.4498,84.0,958.7314,0,3,101.443051,101.513387,True,90-45-46-69-98-11-15-16-97-59-52-99-82-88-53-78-79-7-8-6-60-73-12-10-14-47-17-13-74-58-75-77-25-21-48-18-19|81-39-37-36-42-44-38-72-94-67-95-84-22-87-9-86-57-49-20-89-56-66-55-68-71-31-26-34-85-51-83|65-92-33-32-28-29-27-50-62-64-24-23-76-63-30-41-40-35-43-1-3-5-4-2-100-70-61-54-96-93-91-80
332,3,1363.5422,510.4498,84.0,958.7314,0,3,101.443051,101.513387,True,90-45-46-69-98-11-15-16-97-59-52-99-82-88-53-78-79-7-8-6-60-73-12-10-14-47-17-13-74-58-75-77-25-21-48-18-19|81-39-37-36-42-44-38-72-94-67-95-84-22-87-9-86-57-49-20-89-56-66-55-68-71-31-26-34-85-51-83|65-92-33-32-28-29-27-50-62-64-24-23-76-63-30-41-40-35-43-1-3-5-4-2-100-70-61-54-96-93-91-80
333,4,1365.6705,589.2747,591.0,901.1151,0,4,102.081559,102.206714,True,98-45-46-60-12-14-47-16-15-11-64-23-75-97-59-87-9-99-52-57-24-22-20-49-19-21-48-18-51-56-95-32-28-29-31-93-94-91-80|81-96-54-37-36-39-42-44-1-3-5-8-6-79-78-53-55-2-4-7-73-17-13-58-77-25-83-90|92-85-63-33-34-50-62-27-26-30-89-76-67-38-40-41-72-71-84-66-10-74-86-82-68-35-43-70-100-61|65-69-88
334,4,1366.8118,741.6679,196.0,918.3398,0,4,102.423926,102.535366,True,81-37-42-1-3-5-45-46-7-47-14-12-86-23-87-9-99-52-57-24-22-20-49-19-21-48-18-51-56-66|64-69-11-15-60-88-6-8-79-73-78-53-98-82-10-74-59-13-17-16-97-75-58-77-25-83|39-36-38-43-44-41-31-26-28-84-95-94-96-54-68|90-65-91-92-29-32-33-62-50-34-27-30-89-76-63-85-67-71-72-40-35-55-2-4-100-70-61-93-80
335,3,1368.3591,437.397,151.0,947.6341,0,3,102.888113,102.953972,True,92-95-65-46-45-2-69-11-15-97-59-86-99-82-98-88-53-60-78-79-8-6-7-73-14-12-10-13-16-17-47-74-58-75-77-25-21-48-18|81-37-36-39-42-44-38-72-96-94-85-84-22-87-9-57-24-49-19-20-56-66-90-55-68-91-63-89-51-83-52|50-34-31-32-33-28-26-27-29-62-64-23-76-30-67-41-40-35-43-1-3-5-4-100-70-61-54-71-93-80
336,4,1371.3639,735.8811,383.0,917.3145,0,4,103.789577,103.920062,True,1-3-5-45-46-73-47-16-15-11-83-64-24-23-75-97-87-86-99-22-19-21-48-18-89-51-56-94-93-80|54-96-65-82-12-14-69-88-60-7-6-8-79-78-9-52-10-17-13-74-59-58-77-25-57-90|42-39-36-34-31-29-27-26-28-30-32-67-50-63-76-85-84-49-20-66-55-68-61-37-35-43-4-2-100-70|91-92-95-62-33-71-72-44-40-38-41-81-98-53
337,4,1371.6665,878.6289,346.0,913.6945,0,4,103.880353,104.028097,True,81-39-36-42-3-5-46-7-47-14-12-23-86-87-9-52-57-24-22-20-49-19-21-48-18-51-85-63-89-32-28-26-29-31-34-50-93-80|64-69-15-11-99-88-60-6-8-79-73-78-53-10-59-74-13-17-16-97-75-58-77-25-83-90|82-65-98-2-45-1-44-43-61-54-96-94-76-84-56-66-68|91-92-95-33-27-30-62-67-71-72-41-38-40-37-35-55-4-100-70
338,4,1376.1782,957.137,297.0,902.7406,0,4,105.233851,105.388182,True,1-3-5-45-7-73-47-16-15-83-64-24-23-75-97-59-87-86-99-22-19-21-48-18-89-51-56-94-93-80|96-92-65-82-69-98-88-60-11-14-78-79-53-52-9-10-12-17-13-74-58-77-25-57-90|61-42-39-36-71-34-31-29-27-26-28-30-32-63-76-85-50-67-41-54-84-49-20-66-81-37-35-43-70-100|91-95-62-33-72-38-44-40-6-8-46-4-2-55-68
339,4,1376.5649,727.5072,324.0,938.1702,0,4,105.349861,105.477878,True,3-5-46-7-14-59-86-57-64-24-23-48-76-63-51-84-56-91|92-94-71-72-39-61-69-12-16-15-11-99-82-98-88-53-6-79-73-78-10-52-74-13-47-17-97-75-58-77-25-21-18-19-83|90-65-95-85-89-33-32-31-29-27-26-28-30-62-50-34-67-54-41-43-40-35-1-4-2-100-70-81-96-93-80|45-42-36-37-38-44-8-60-9-87-22-49-20-66-55-68
340,4,1376.8211,578.1241,591.0,901.1151,0,4,105.426737,105.553565,True,98-45-46-60-12-14-47-16-15-11-64-23-75-97-59-87-9-99-52-57-24-22-20-49-19-21-48-18-51-56-95-32-28-29-31-93-94-91-80|81-96-54-37-36-39-42-44-1-3-5-8-6-79-78-53-55-2-4-7-73-17-13-58-77-25-83-90|92-85-63-26-33-62-50-34-27-30-89-76-67-38-40-41-72-71-84-66-10-74-86-82-68-35-43-70-100-61|65-69-88
341,4,1376.9781,724.2495,488.0,918.2785,0,4,105.473816,105.614885,True,61-1-3-5-45-46-7-60-47-59-86-57-23-21-48-18-76-19-24-22-20-49-51-84-32-28-31-34-50-56-91-55|94-71-72-36-39-42-54-81-69-82-11-15-16-14-12-98-88-6-8-79-73-78-53-10-52-74-13-17-97-75-58-77-25-83|90-65-92-85-63-89-33-26-27-29-30-62-64-95-67-41-43-40-35-37-68-4-2-100-70-96-93-80|38-44-9-87-99-66
342,4,1380.9162,642.2359,278.0,935.6672,0,4,106.65527,106.766826,True,3-5-45-46-7-73-60-69-64-19-23-21-48-18-89-76-63-28-31-34-50-95-91-90|94-65-11-15-16-97-59-52-99-82-88-53-78-79-8-6-55-12-14-47-17-13-74-58-75-77-25-20-80|92-62-33-26-27-29-30-32-67-40-41-84-49-22-24-57-83-66-56-54-72-37-35-43-1-4-2-100-70-61-96-93|81-42-39-36-38-44-71-85-51-86-87-9-10-98-68
343,4,1381.2387,633.019,309.0,933.6982,0,4,106.752013,106.865088,True,1-45-46-7-60-73-12-14-15-16-59-75-23-21-48-18-19-76-51-63-31-34-50-91-90-55-68|65-69-11-97-99-82-98-88-53-6-8-79-78-10-47-17-13-74-58-77-25-24-80|92-95-85-89-33-32-29-27-26-28-30-62-67-38-40-41-96-84-49-20-66-56-94-72-37-35-3-5-4-2-100-70-61-54-71-93|42-39-36-43-44-81-64-22-57-86-87-9-52-83
344,4,1383.7635,1039.4811,627.0,880.0726,0,4,107.509453,107.708011,True,65-2-45-60-14-47-16-15-11-52-86-75-97-59-87-9-99-57-22-20-49-19-21-48-18-89-63-85-32-28-26-29-31-34-50-95-91-94-93-96|81-54-39-36-42-44-69-88-1-3-5-46-8-6-7-79-78-53-82-56-66-55-4-73-17-13-74-58-77-25|92-62-33-27-30-76-51-67-38-40-43-41-72-71-90-10-12-98-68-61-37-35-70-100|83-24-23-64-84-80
345,6,1383.904,2521.2012,186.0,879.2852,0,6,277.326289,277.703529,True,82-11-15-16-47-88-79-73-78-98-55-68-81-54-96-71-93-94-80|90-65-64-20-19-23-21-48-18-76-63-85-51-84-56-66|92-95-62-33-32-30-31-34-50-67-91-99-52-86-87-14-10-74-75-77-25-57-83|45-1-42-39-36-44-43-40-38-41-61-46-8-6-2-100-70|27-26-28-89-22-24-49-9-60-7-4-5-3-35-37-72-29|69-53-12-17-13-97-59-58
346,3,1384.6814,345.8745,105.0,954.7234,0,3,107.78481,107.8383,True,2-45-46-7-69-64-23-15-11-99-98-88-53-79-8-6-73-14-12-10-97-59-74-52-47-17-16-13-75-58-77-25-21-48-24-83|54-37-36-39-42-44-67-62-85-63-89-76-84-22-87-9-86-57-49-19-18-20-51-56-66-55-68-81-96-34-31-93-94-80|90-82-65-91-92-95-33-32-29-27-26-28-30-50-71-72-38-40-41-61-60-78-4-5-3-1-43-35-70-100
347,4,1386.064,664.231,390.0,892.337,0,4,108.199596,108.320696,True,1-3-5-45-46-73-47-16-15-83-64-19-23-75-97-59-87-86-99-24-22-21-48-18-89-51-56-94-93-80|65-11-98-69-88-60-7-6-8-79-78-9-52-10-12-14-17-13-74-58-77-25-57|81-42-39-36-34-31-29-27-26-28-30-32-63-76-85-67-41-54-96-95-84-49-20-66-55-68-61-37-35-43-4-2-100-70|91-92-62-33-50-71-72-38-44-40-53-82-90
348,4,1389.3896,836.7056,109.0,921.1145,0,4,109.197267,109.321452,True,2-45-46-73-12-14-47-15-59-75-23-21-48-18-89-76-19-24-22-51-63-34-50-66-90|92-95-65-69-88-11-97-86-52-99-82-53-60-78-10-16-17-13-74-58-77-25-57-83-80|91-85-33-32-31-29-27-26-28-30-62-64-67-38-40-41-94-84-49-20-56-54-43-35-37-72-71-93-96|81-61-39-36-42-44-1-3-5-7-8-6-79-9-87-98-55-68-4-100-70
349,4,1390.1557,660.1393,390.0,892.337,0,4,109.427115,109.548829,True,1-3-5-45-46-73-47-16-15-83-64-24-23-75-97-59-87-86-99-22-19-21-48-18-89-51-56-94-93-80|65-11-14-12-98-69-88-60-7-6-8-79-78-9-52-10-17-13-74-58-77-25-57|81-42-39-36-34-31-29-27-26-28-30-32-63-76-85-67-41-54-96-95-84-49-20-66-55-68-61-37-35-43-4-2-100-70|91-92-62-33-50-71-72-38-44-40-53-82-90
350,4,1393.2642,620.8754,322.0,933.6982,0,4,110.359645,110.475806,True,3-45-46-7-60-12-14-75-23-21-48-18-89-76-63-32-34-50-84-66-90-55-68|92-95-65-11-15-97-59-52-99-82-98-88-6-8-79-73-78-53-10-13-16-17-47-74-58-77-25-19-80|91-85-33-28-26-27-29-31-30-62-64-67-38-40-41-96-94-51-49-20-56-72-37-35-43-1-5-4-2-100-70-61-54-71-93|81-42-39-36-44-69-9-87-86-57-24-22-83
351,4,1394.2489,699.9201,210.0,922.939,0,4,110.655064,110.770563,True,81-37-43-1-3-5-46-7-14-12-64-20-23-87-9-52-57-24-22-49-19-21-48-18-51-56-66|69-15-11-99-88-60-6-8-79-73-78-53-98-82-10-86-74-59-13-47-17-16-97-75-58-77-25-83|45-42-39-36-38-44-41-31-26-28-84-95-94-96-54-68|90-65-91-92-29-32-33-62-50-34-27-30-89-76-63-85-67-71-72-40-35-55-2-4-100-70-61-93-80
352,3,1395.0485,366.9607,82.0,954.7234,0,3,110.894957,110.95242,True,2-45-46-7-69-64-23-15-11-99-98-88-53-79-8-6-73-14-12-10-97-59-74-52-47-17-16-13-75-58-77-25-21-48-24-83|54-37-36-39-42-44-67-62-85-76-84-22-87-9-86-57-49-19-18-20-56-66-82-55-68-81-96-94-93-31-34-95-91-80|90-65-92-51-63-89-33-32-29-27-26-28-30-50-71-72-38-40-41-61-60-78-4-5-3-1-43-35-70-100
353,4,1396.5809,733.965,176.0,935.4987,0,4,111.354661,111.474451,True,37-43-1-3-5-46-7-12-64-20-23-86-87-9-52-57-24-22-49-19-21-48-18-51-56-66|69-98-15-11-99-88-60-6-8-79-73-78-53-82-10-74-59-13-14-47-17-16-97-75-58-77-25-83|45-42-39-36-38-44-41-31-26-28-84-95-94-96-54-81-68-90|65-91-92-29-32-33-62-50-34-27-30-89-76-63-85-67-71-72-40-35-55-2-4-100-70-61-93-80
354,4,1397.6596,731.232,368.0,918.2785,0,4,111.678285,111.814606,True,61-1-3-5-45-46-7-60-47-59-86-57-23-21-48-18-76-19-49-24-20-51-84-32-28-31-34-50-56-91-55|94-71-72-39-42-54-81-69-82-11-15-16-14-12-98-88-6-8-79-73-78-53-10-52-74-13-17-97-75-58-77-25-83|90-65-92-85-63-89-33-26-27-29-30-62-64-95-67-41-43-40-35-37-68-4-2-100-70-96-93-80|36-38-44-99-9-87-22-66
355,4,1398.3409,744.7873,184.0,918.3398,0,4,111.882672,112.002839,True,37-43-3-5-46-7-73-47-14-12-64-23-86-87-9-99-52-57-24-22-20-49-19-21-48-18-51-63-56-66|69-11-15-88-6-8-79-78-60-53-98-82-10-74-59-13-17-16-97-75-58-77-25-83|45-1-42-39-36-38-44-41-26-28-84-95-94-96-54-81-68|90-65-91-92-29-32-33-62-50-34-31-27-30-89-76-85-67-71-72-40-35-55-2-4-100-70-61-93-80
356,4,1402.2294,861.9954,93.0,913.9311,0,4,113.049218,113.178371,True,1-3-5-45-46-73-47-16-15-82-64-51-76-23-59-87-74-86-57-19-21-48-18-89-63-85-93-80|96-65-60-14-11-99-98-88-7-6-8-79-78-9-52-10-12-17-13-97-75-58-77-25-24-83|61-72-71-36-39-42-44-69-53-22-49-20-66-90-55-68-37-35-43-4-2-100-70|92-94-34-50-62-33-32-31-29-27-26-28-30-67-38-40-41-54-81-95-84-56-91
357,4,1402.8446,714.7093,124.0,932.3248,0,4,113.233763,113.346867,True,1-3-45-46-7-60-73-14-47-16-97-75-23-21-48-18-51-63-89-32-31-50-84-95-91-55|90-65-94-71-72-42-69-82-11-15-12-98-88-6-8-79-78-53-10-17-13-74-59-58-77-25-24-83-80|39-36-43-44-30-85-76-22-52-99-9-87-86-57-19-49-20-56-66|92-34-29-27-26-28-33-62-67-64-54-41-38-40-35-37-61-68-4-5-2-100-70-81-96-93
358,4,1407.0554,707.1181,166.0,918.3398,0,4,114.497001,114.612332,True,37-43-1-3-5-46-7-47-12-64-20-23-86-87-9-52-57-24-22-49-19-21-48-18-51-56-66|69-14-15-11-99-88-60-6-8-79-73-78-53-98-82-10-74-59-13-17-16-97-75-58-77-25-83|45-42-39-36-38-44-41-31-26-28-84-95-94-96-54-81-68-90|65-91-92-29-32-33-62-50-34-27-30-89-76-63-85-67-71-72-40-35-55-2-4-100-70-61-93-80
359,3,1410.0895,315.4416,155.0,957.3107,0,3,115.407244,115.469179,True,2-45-46-7-69-64-23-15-11-99-88-53-60-79-8-6-73-47-14-12-10-97-59-74-52-17-16-13-75-58-77-25-21-48-18-24-83|81-54-39-36-42-44-67-85-63-89-76-51-84-22-87-9-86-57-49-19-20-56-66-82-98-55-68-96-34-31-29-93-94-80|90-65-91-92-95-33-62-32-28-26-27-30-50-71-72-38-40-41-61-78-4-5-3-1-43-35-37-70-100
360,3,1410.3434,426.5561,111.0,948.6839,0,3,115.483403,115.556388,True,94-92-65-60-7-46-45-69-11-15-97-59-99-82-88-53-78-73-79-8-6-14-12-10-13-16-47-17-52-74-58-75-77-25-21-48-83|81-72-37-36-39-42-44-24-23-18-76-84-22-87-9-86-57-49-19-20-56-66-90-98-55-68-50-34-89-85-95-91-80|51-63-32-31-28-26-27-29-33-64-62-30-67-41-38-40-35-43-1-3-5-4-2-100-70-61-54-71-93-96
361,4,1411.3796,797.784,262.0,916.7625,0,4,115.794267,115.933858,True,61-42-1-3-45-46-7-73-15-11-97-75-23-21-48-18-19-24-57-53-82-66-56-51-63-32-31-34-50-80|69-99-98-88-60-6-8-79-78-9-10-12-14-47-16-17-13-74-58-77-25-83|65-91-92-33-28-26-27-29-30-62-64-95-67-71-40-41-54-94-84-49-20-68-55-2-4-5-35-37-72-93-96-81-70-100|39-36-43-44-38-85-76-89-22-86-87-59-52-90
362,3,1413.0778,291.0181,347.0,938.7947,0,3,116.303736,116.379327,True,36-1-3-5-45-46-14-16-15-12-83-64-76-19-22-24-86-9-87-59-97-75-21-48-18-89-63-56-95-50-32-28-26-29-31-34-93-96-94-91-80|81-54-42-39-72-92-62-33-27-30-67-44-40-38-41-71-84-85-51-49-20-66-90-55-68-37-35-43-4-7-2-100-70-61|65-69-98-11-23-52-99-82-88-53-78-73-79-8-6-60-10-47-17-13-74-58-77-25-57
363,4,1415.8178,829.1867,230.0,903.6286,0,4,117.125745,117.266209,True,81-61-1-3-5-45-46-7-73-47-16-15-14-12-9-87-59-86-24-20-49-21-48-18-51-85-63-89-28-31-34-50-35-93|54-72-71-91-65-69-11-23-57-99-82-98-88-6-8-79-78-60-53-10-52-74-13-17-97-75-58-77-25-83-90|92-33-26-27-29-32-30-62-64-95-67-41-37-40-68-55-2-4-100-70-96-80|42-43-36-39-38-44-94-76-19-22-84-56-66
364,4,1430.7636,587.0738,495.0,891.0859,0,4,121.60949,121.742739,True,1-3-5-45-46-7-73-16-15-83-64-24-23-75-97-59-87-86-99-57-22-19-21-48-18-89-51-56-93-80|81-54-96-92-91-65-82-11-14-12-98-69-88-60-6-8-79-78-9-52-10-47-17-13-74-58-77-25-90|42-39-36-72-71-34-31-29-27-26-28-30-32-63-76-85-50-67-41-94-84-49-20-66-55-68-61-37-35-43-4-2-100-70|95-62-33-38-44-40-53
365,4,1431.0943,764.8867,267.0,916.7625,0,4,121.708698,121.84977,True,61-42-1-3-45-46-7-60-12-14-59-75-23-21-48-18-19-24-57-51-63-32-31-34-50-56-66-80|65-69-11-15-97-86-52-99-98-88-6-8-79-73-78-53-10-13-16-17-47-74-58-77-25-83|91-92-33-28-26-27-29-30-62-64-95-67-71-40-41-54-94-84-49-20-68-55-2-4-5-35-37-72-93-96-81-70-100|39-36-43-44-38-85-76-89-22-87-9-82-90
366,4,1438.4616,587.9925,236.0,933.6982,0,4,123.918885,124.035073,True,1-3-5-45-46-7-73-14-47-15-16-75-23-21-48-18-19-57-51-63-89-28-34-50-91-66-90-55-68|65-69-12-11-97-52-99-98-88-6-8-79-78-60-53-10-13-17-59-74-58-77-25-83-80|92-31-29-27-26-33-32-30-62-64-67-38-40-41-94-95-84-49-56-72-37-35-43-4-2-100-70-61-54-71-93|81-39-36-42-44-96-85-76-20-22-24-86-87-9-82
367,4,1444.7853,783.4603,349.0,900.5026,0,4,125.815994,125.96972,True,1-3-5-45-46-73-47-14-12-82-57-23-75-97-59-87-86-21-48-18-19-49-22-56-94-93-80|81-54-71-96-65-69-15-11-99-98-88-7-6-8-79-78-9-52-10-16-17-13-74-58-77-25-24-83|61-42-39-36-34-31-29-33-28-26-27-30-32-63-76-85-67-41-84-51-89-20-66-90-68-37-35-43-4-2-100-70|91-92-64-95-62-50-72-38-44-40-60-53-55
368,4,1447.2286,642.0386,372.0,902.7406,0,4,126.548988,126.684869,True,1-3-5-45-46-73-47-16-15-83-64-24-21-23-75-97-59-87-99-22-19-48-18-89-51-56-94-93-96-80|54-65-11-14-12-98-69-88-60-7-6-8-79-78-9-86-52-10-17-13-74-58-77-25-57-90|42-39-36-31-29-27-26-28-30-32-63-76-85-50-67-71-72-41-84-49-20-66-55-68-37-35-43-4-2-100-70-61|91-92-95-62-33-34-38-44-40-81-53-82
369,3,1453.6159,338.5665,137.0,950.622,0,3,128.465154,128.540813,True,2-45-46-7-73-14-47-15-11-69-82-23-99-88-98-53-79-8-6-60-12-10-52-57-74-59-13-17-16-97-75-58-77-25-21-48-18-20|81-72-37-36-39-42-44-38-85-76-84-22-87-9-86-24-49-19-51-56-83-66-90-55-68-94-31-34-50-80|65-91-92-95-63-89-33-32-29-27-26-28-30-62-64-67-41-40-78-4-5-3-1-43-35-70-100-61-54-71-93-96
370,5,1462.9917,1557.9674,121.0,892.337,0,5,132.84122,133.092859,True,69-82-11-15-12-88-60-79-73-78-53-98-55-68-96-37-35-72-93-80|90-65-64-51-85-63-18-48-21-23-19-49-24-22-20-84-56-66|92-50-34-31-27-26-28-33-32-30-62-67-95-52-87-9-10-14-47-97-59-74-58-77-25-57|45-5-3-1-42-39-36-44-43-40-38-41-61-6-7-8-46-4-100|2-54-29-76-83-86-16-99-81-71-94-91-89-75-13-17-70
371,4,1466.215,796.5172,316.0,890.1079,0,4,132.244897,132.402151,True,1-3-45-46-7-60-73-12-14-47-16-59-75-23-21-48-18-19-22-24-57-86-87-9-90-55-68|42-65-69-11-15-97-52-99-82-98-88-6-8-79-78-53-10-17-13-74-58-77-25-83|92-63-28-26-33-62-50-34-27-30-89-76-67-38-40-41-84-85-51-49-20-66-91-37-35-43-5-4-2-100-70-61|81-54-72-36-39-44-71-94-64-56-95-32-29-31-93-96-80
372,4,1471.2256,815.5785,197.0,907.3562,0,4,133.748071,133.900375,True,1-3-5-45-46-7-73-16-59-75-23-21-48-18-19-22-24-86-87-9-57-63-32-31-34-50-91|94-95-65-69-11-15-97-52-99-82-53-60-6-8-79-78-12-10-14-47-17-13-74-58-77-25-83-80|92-85-89-33-28-26-27-29-30-62-64-67-38-40-41-84-49-20-66-56-54-43-35-37-72-71-93-96|81-42-39-36-44-61-88-98-90-51-76-68-55-2-4-100-70
373,4,1478.9916,753.9078,293.0,892.6213,0,4,136.077875,136.230648,True,61-1-3-5-45-46-7-12-14-47-59-86-57-23-21-48-18-76-19-49-20-24-66-90-55|92-94-96-54-72-36-39-42-69-60-16-15-11-99-82-98-88-6-8-79-73-78-53-10-52-74-13-17-97-75-58-77-25-83|65-33-64-29-27-26-28-30-50-67-71-41-43-40-35-37-68-4-2-100-70|62-81-38-44-9-87-22-84-51-85-63-89-32-31-34-95-56-91-93-80
374,3,1482.3197,348.2935,90.0,958.6642,0,3,137.076293,137.158529,True,45-46-98-69-11-97-59-23-52-99-88-53-78-79-7-8-6-60-73-14-10-16-47-17-13-74-58-75-77-25-48-18-19-83|81-37-36-39-42-82-15-12-44-38-72-96-67-84-22-87-9-86-57-49-21-24-20-56-66-90-55-68-94-34-31-89-95-91-80|65-92-85-63-33-28-26-27-29-50-62-64-51-76-32-30-71-41-40-35-43-1-3-5-4-2-100-70-61-54-93
375,3,1482.3197,348.2935,90.0,958.6642,0,3,137.076293,137.158529,True,45-46-98-69-11-97-59-23-52-99-88-53-78-79-7-8-6-60-73-14-10-16-47-17-13-74-58-75-77-25-48-18-19-83|81-37-36-39-42-82-15-12-44-38-72-96-67-84-22-87-9-86-57-49-21-24-20-56-66-90-55-68-94-34-31-89-95-91-80|65-92-85-63-33-28-26-27-29-50-62-64-51-76-32-30-71-41-40-35-43-1-3-5-4-2-100-70-61-54-93
376,4,1490.5286,671.8224,314.0,928.9149,0,4,139.538984,139.690449,True,1-3-5-45-46-73-47-14-82-86-59-75-23-18-48-21-19-57-24-22-20-49-51-63-89-28-34-50-91-66|42-94-95-65-69-11-15-97-52-99-98-88-60-6-8-7-79-78-12-10-13-16-17-74-58-77-25-83-90|92-31-29-27-26-33-32-30-62-64-67-71-72-40-41-84-56-54-37-35-43-4-2-100-70-61-96-93-80|81-39-36-38-44-85-76-87-9-53-55-68
377,4,1501.2509,815.9187,566.0,887.1564,0,4,142.755676,142.950909,True,65-82-98-60-73-12-14-47-16-15-11-52-57-86-75-97-59-87-9-99-83-24-22-20-49-19-21-48-18-89-32-28-26-29-31-34-50-85-63-51-95-93-94-80|81-54-72-36-39-42-45-3-1-43-38-40-5-8-6-7-79-78-53-10-66-56-55-2-4-46-17-13-58-77-25|96-71-27-33-62-64-23-76-84-74-90|92-91-69-44-88-67-30-41-37-35-61-68-70-100
378,4,1510.6987,748.6213,274.0,903.6306,0,4,145.590013,145.751256,True,1-3-5-45-46-7-60-73-47-16-14-12-82-59-75-86-57-24-21-48-18-19-20-51-63-89-32-28-31-34-50-93-96-80|65-69-11-15-97-99-98-88-6-8-79-78-53-10-13-17-52-74-58-77-25-83-90|91-92-94-29-27-26-33-62-64-23-30-40-41-95-84-49-66-56-54-72-37-35-43-4-2-100-70|81-61-42-39-36-44-38-71-67-85-76-22-87-9-55-68
379,4,1512.4238,910.193,85.0,951.5028,0,4,146.107525,146.281802,True,1-3-45-46-7-60-73-12-14-47-16-59-75-23-21-48-18-24-86-87-9-57-84-49-63-28-66-55-68|81-42-69-11-15-97-52-99-82-98-88-6-8-79-78-53-10-17-13-74-58-77-25-89-85-95|90-65-92-94-33-51-64-62-27-26-30-50-67-38-41-40-35-37-43-5-4-2-100-70-61|96-54-39-36-44-72-71-34-31-29-32-76-19-20-22-83-56-91-93-80
380,4,1531.3672,557.0028,162.0,943.6635,0,4,151.790548,151.924054,True,1-3-5-45-46-7-60-47-16-97-75-57-24-21-48-18-19-51-63-89-32-28-34-50-95|94-71-72-42-69-12-14-15-11-99-82-98-88-6-8-79-73-78-53-10-74-52-55-17-13-59-58-77-25-83-80|54-39-36-43-44-38-85-76-84-22-87-9-86-49-20-56-66-90|65-91-92-31-29-27-26-33-62-64-23-30-67-41-40-35-37-61-68-4-2-100-70-81-96-93
381,3,1534.8443,278.74,112.0,958.6642,0,3,152.8337,152.92346,True,95-82-46-45-69-11-97-59-23-52-99-88-98-53-78-79-8-7-6-60-73-14-12-10-16-47-17-13-74-58-75-77-25-48-18-19-83|81-37-36-39-42-15-44-38-72-96-94-67-84-22-87-9-86-57-49-21-24-20-56-66-90-55-68-91-89-31-34|65-92-85-63-33-28-26-27-29-50-62-64-51-76-32-30-71-41-40-35-43-1-3-5-4-2-100-70-61-54-93-80
382,4,1568.7583,580.8643,208.0,929.1635,0,4,163.007889,163.158616,True,1-3-5-45-46-7-73-47-16-12-64-76-21-23-59-87-86-57-49-19-48-18-89-63-85-34-32-95-56-93-80|90-65-69-98-97-15-11-78-79-8-6-60-9-10-52-55-14-17-13-74-58-75-77-25-24-83|81-42-39-36-30-67-72-40-41-54-96-94-84-51-20-66-68-61-37-35-43-4-2-100-70|91-92-71-31-29-27-26-28-33-50-62-38-44-88-99-22-82-53
383,8,1606.2265,3850.5506,285.0,853.7075,0,8,476.728701,477.378703,True,82-11-15-16-47-73-79-7-6-8-46-4-5-3-1-35-71-94|64-19-23-21-48-18-89-76-63-85-51-49-20-66|92-33-32-30-31-34-50-67-95-52-86-87-14-12-10-74-75-77-25-57|2-45-42-39-36-44-43-40-38-41-70-100|91-26-80|81-54-72-27-28-62-84-22-24-9-83-55-68-61-37-29|65-99-59-56-93-96|69-98-88-53-60-78-17-13-97-58-90
384,4,1613.8995,604.2514,166.0,900.5026,0,4,176.550255,176.709534,True,1-3-5-45-46-73-47-16-15-82-64-51-76-23-75-59-87-86-57-19-21-48-18-89-63-85-34-93-80|54-96-65-69-14-11-97-99-98-88-7-6-8-79-78-9-10-74-52-12-17-13-58-77-25-24-83|42-39-36-27-67-71-72-40-60-53-49-20-66-90-55-68-37-35-43-4-2-100-70-61|92-94-31-29-26-28-33-62-50-32-30-38-44-41-81-95-84-22-56-91
385,4,1624.4841,489.9002,300.0,933.8482,0,4,179.725622,179.889325,True,1-3-5-45-60-73-47-16-82-18-48-21-23-75-59-86-57-20-19-51-63-89-32-28-31-34-50-68-90|42-69-12-11-15-97-52-99-98-88-7-6-46-8-79-78-53-10-74-55-14-17-13-58-77-25-83-80|65-91-92-29-27-26-33-30-62-64-67-40-41-96-94-95-84-49-66-56-72-37-35-43-4-2-100-70-61-54-71-93|81-39-36-38-44-85-76-22-24-87-9
386,4,1661.4527,490.4885,251.0,926.7439,0,4,190.816219,190.985135,True,1-3-5-45-46-60-73-47-16-12-64-76-23-86-87-59-75-19-21-48-18-89-63-85-56-95-32-26-34-93-80|65-69-11-14-15-97-99-98-88-7-6-8-79-78-9-10-74-52-55-17-13-58-77-25-24-83|42-39-36-27-67-40-41-54-96-94-84-51-49-20-66-90-68-61-37-35-43-4-2-100-70|91-92-72-71-31-29-28-33-62-50-30-38-44-81-22-57-82-53
387,9,1716.8714,4083.821,272.0,854.8178,0,9,511.719263,512.436616,True,69-11-78-79-60-53-98-81-54-37-35-72-71-93-94|90-23-21-48-18-51-63-85-84-66|91-50-34-31-29-27-26-32-33-86-9-10-14-47-17-13-83|45-1-42-39-36-40-38-41-6-7-8-46-4-100-70|75-73-88-55-57-77-25-19|61-43-44-96-64-49-24-82|15-97-59-76-89-28-30-20-22-87-16-12-2-5-3-68|92-67-62-95-56-80|65-99-52-74-58
388,4,1771.1089,375.7885,304.0,926.7439,0,4,223.713067,223.902975,True,1-3-5-45-46-60-73-47-16-12-82-64-23-76-19-75-59-87-86-57-21-48-18-89-63-56-95-32-26-34-93-80|42-54-96-92-65-69-11-14-15-97-99-98-88-7-6-8-79-78-9-10-74-52-55-17-13-58-77-25-24-83|39-36-27-67-40-41-84-85-51-49-20-66-90-68-37-35-43-4-2-100-70-61|91-94-72-71-31-29-28-33-62-50-30-38-44-81-22-53
389,8,1839.1661,3579.3465,281.0,854.119,0,8,436.048086,436.726951,True,11-15-16-47-12-88-79-73-78-98-55-81-96-54-35-71-94-80|90-64-19-23-21-48-18-89-76-63-85-51-49-20-66|92-33-32-30-31-34-50-67-95-99-52-86-87-14-10-74-75-77-25-57|45-1-42-39-36-44-43-40-38-41-61-46-8-2-100-70|69-53-3-68-26-91|72-27-28-62-84-22-24-9-83-82-60-7-4-5-37-29|65-59-56-93|6-17-13-97-58
390,5,1923.4396,515.4675,360.0,916.9073,0,5,269.412267,269.673251,True,36-39-42-3-45-46-7-73-12-16-59-23-21-18-19-22-24-57-9-50-34-91-90-55-68|94-95-65-69-11-15-97-52-99-88-6-8-79-78-53-10-17-13-74-58-77-25-80|85-89-33-28-26-27-30-62-64-67-38-40-41-84-51-49-66-56-72-37-35-4-2-100-70-81-96-93|86-75-48-83-32-71-54-61-44-43-1-5-60-14-98|82-20-92-31-29-63-76-87-47
391,10,1933.0102,4835.9025,358.0,850.7741,0,10,624.531479,625.434779,True,69-82-11-16-12-78-73-79-60-53-98-55-81-96-54-37-35-72-71-93-94|90-64-24-19-23-21-48-18-89-76-63-51-49-22-84-56-66|91-92-62-33-28-27-29-31-30-34-50-95-52-86-87-10-14-13-74-59-97-75-77-57|45-5-1-42-39-36-44-40-41-61-46-7-6-2|85-47-4-3-43-100|65-83-99-9-20-26-68-70|67-32-38-8-17|88-58|15-80|25
392,17,2394.0033,6911.3373,254.0,854.119,0,17,935.846706,937.191821,True,11-10-57-24-66|79-14-13-82|90-99-87|91-92-95-62-33-32-30-27-67-51-76-21-75-97|47-53-81-94-50-34-31-29-26-28-85-63-89-18-48-25|65-4-5-68|2-46-8-7-17|86-59-12-88-35-54|64-20-23-19-49-84-56-55|39-44-3-6-9-22-100-70|77|41-40-61-52-74-58|78|42|96-71-72-37-43-1-73-16-15-60-98-83|69|45-36-38-93-80
393,22,2495.1538,9653.0071,170.0,876.9826,0,22,1347.097174,1348.880414,True,51-33-28-26-27-29-31-62-94-81-61|67-34-93|69-73-78-53|55|54-2-6|47-16-15-10-82|95-56|65-99-86-60-7|68|18-23-77-58-97-59|45-8-98-17-13-74-63-85|22-20-49-19-21-25|42-39-38-40-35-37-72|1-3-5-14-12-75-48-24-52-57-83-32-71|88-46-43-96-89-84-91-90|11-79-4|80|92-50-41-100|66-70|64-30-76-87-9|44|36
394,18,2849.4792,7111.1014,189.0,853.7075,0,18,965.811322,967.316783,True,11-10-57-24-19-26-50|96-79-14-13-82-71|90-99-87-20-85-93-80|84-63-21-75-97|47-53-81-29-28-89-18-48-25|65-4-5-68|2-46-8-7-17|95-62-51-86-59-12-88-35-54|91-34-31-32-76-23-55|39-44-3-6-9-22-56-94-70-100|49-77|41-40-61-52-74-58|30-64-78|42-27-33-67|72-37-43-1-73-16-15-60-98-83-66|92|69|45-36-38
395,19,2894.9916,7540.4348,255.0,852.6523,0,19,1030.211331,1031.801587,True,11-78-60-53-98-81-54-72-71-93-94|90-21-48-18-51-63-85|91-34-31-29-26-32-86-9-10-14-47-13-83|1-39-40-41-6-7-46-4-100|75-73-88-55-57-25-19|61-43-44-96-49-24-82|67-66-74-70|77|76-84-35|99|36-27-33|79-5-37-68|20-59-97-15-30-28-89-22-87-16-12-2-3|62-95-56-80|65-58-52|50-69-17|64-23-8|42-38|92-45
396,22,3177.1748,8399.7161,220.0,852.6523,0,22,1159.103525,1160.904729,True,11-78-60-53-98-81-54-72-93|90-21-48-18-51-63-85|91-34-31-29-26-32-9-10-47-13-83|1-39-40-41-6-7-46-4-100|55-73-75-25-19|61-43-44-96-49-24|67-66-74-70|77|35|99|36-27-33|79-5-37-68|15-97-59-30-20-22-87-16-12-2-3|62-56-80|58|50-69-17|23-8|38|92-45|94-71-65-89-28-95-57-86-52-14-88-82|42-84|64-76
397,18,3381.8409,6780.7162,176.0,853.7075,0,18,916.253531,917.867842,True,11-10-57-19-26-50|96-79-13-82-24-71|87-48-20-85-93-80|61-95-84-63-21-97|47-53-81-29-28-89-25|65-4-5-68|2-46-8-66-17|86-18-51-34-62-59-15-12-35|31-32-76-23-52-91-55|39-44-3-9-22-56-94-70-100|49-77|67-41-40-74-58|30-64-99-88-78|42-27-33|54-37-43-72-1-7-16-14-73-60-98-75-83-90|92-6|69-38|45-36
