Rank,Z1_Vehicles,Z2_Distance,Z3_WaitTime,Z4_LoadBalance,Z5_Makespan,Unserved,Num_Routes,ASF,ASF_aug,In_ROI,Routes
1,3,591.5566,0.0,70.0,3388.2084,0,3,22.737618,22.720976,True,20-22-24-27-30-29-6-32-33-31-35-37-38-39-36-34-28-26-23-18-19-16-14-12-15-17-13-25-9-11-10-8-21|67-63-62-74-72-61-64-66-69-68-65-49-55-54-53-56-58-60-59-57-40-44-46-45-51-50-52-47-43-42-41-48|93-5-75-2-1-99-100-97-92-94-95-98-7-3-4-89-91-88-84-86-83-82-85-76-71-70-73-80-79-81-78-77-96-87-90
2,3,591.5566,0.0,70.0,3388.2084,0,3,22.737618,22.720976,True,20-22-24-27-30-29-6-32-33-31-35-37-38-39-36-34-28-26-23-18-19-16-14-12-15-17-13-25-9-11-10-8-21|67-63-62-74-72-61-64-66-69-68-65-49-55-54-53-56-58-60-59-57-40-44-46-45-51-50-52-47-43-42-41-48|93-5-75-2-1-99-100-97-92-94-95-98-7-3-4-89-91-88-84-86-83-82-85-76-71-70-73-80-79-81-78-77-96-87-90
3,3,591.5566,0.0,70.0,3388.2084,0,3,22.737618,22.720976,True,20-22-24-27-30-29-6-32-33-31-35-37-38-39-36-34-28-26-23-18-19-16-14-12-15-17-13-25-9-11-10-8-21|67-63-62-74-72-61-64-66-69-68-65-49-55-54-53-56-58-60-59-57-40-44-46-45-51-50-52-47-43-42-41-48|93-5-75-2-1-99-100-97-92-94-95-98-7-3-4-89-91-88-84-86-83-82-85-76-71-70-73-80-79-81-78-77-96-87-90
4,3,591.5566,0.0,70.0,3388.2084,0,3,22.737618,22.720976,True,20-22-24-27-30-29-6-32-33-31-35-37-38-39-36-34-28-26-23-18-19-16-14-12-15-17-13-25-9-11-10-8-21|67-63-62-74-72-61-64-66-69-68-65-49-55-54-53-56-58-60-59-57-40-44-46-45-51-50-52-47-43-42-41-48|93-5-75-2-1-99-100-97-92-94-95-98-7-3-4-89-91-88-84-86-83-82-85-76-71-70-73-80-79-81-78-77-96-87-90
5,3,591.5566,0.0,70.0,3388.2084,0,3,22.737618,22.720976,True,20-22-24-27-30-29-6-32-33-31-35-37-38-39-36-34-28-26-23-18-19-16-14-12-15-17-13-25-9-11-10-8-21|67-63-62-74-72-61-64-66-69-68-65-49-55-54-53-56-58-60-59-57-40-44-46-45-51-50-52-47-43-42-41-48|93-5-75-2-1-99-100-97-92-94-95-98-7-3-4-89-91-88-84-86-83-82-85-76-71-70-73-80-79-81-78-77-96-87-90
6,3,591.5566,0.0,70.0,3388.2084,0,3,22.737618,22.720976,True,20-22-24-27-30-29-6-32-33-31-35-37-38-39-36-34-28-26-23-18-19-16-14-12-15-17-13-25-9-11-10-8-21|67-63-62-74-72-61-64-66-69-68-65-49-55-54-53-56-58-60-59-57-40-44-46-45-51-50-52-47-43-42-41-48|93-5-75-2-1-99-100-97-92-94-95-98-7-3-4-89-91-88-84-86-83-82-85-76-71-70-73-80-79-81-78-77-96-87-90
7,3,591.5566,0.0,70.0,3388.2084,0,3,22.737618,22.720976,True,20-22-24-27-30-29-6-32-33-31-35-37-38-39-36-34-28-26-23-18-19-16-14-12-15-17-13-25-9-11-10-8-21|67-63-62-74-72-61-64-66-69-68-65-49-55-54-53-56-58-60-59-57-40-44-46-45-51-50-52-47-43-42-41-48|93-5-75-2-1-99-100-97-92-94-95-98-7-3-4-89-91-88-84-86-83-82-85-76-71-70-73-80-79-81-78-77-96-87-90
8,3,591.5566,0.0,70.0,3388.2084,0,3,22.737618,22.720976,True,20-22-24-27-30-29-6-32-33-31-35-37-38-39-36-34-28-26-23-18-19-16-14-12-15-17-13-25-9-11-10-8-21|67-63-62-74-72-61-64-66-69-68-65-49-55-54-53-56-58-60-59-57-40-44-46-45-51-50-52-47-43-42-41-48|93-5-75-2-1-99-100-97-92-94-95-98-7-3-4-89-91-88-84-86-83-82-85-76-71-70-73-80-79-81-78-77-96-87-90
9,3,591.5566,0.0,70.0,3388.2084,0,3,22.737618,22.720976,True,20-22-24-27-30-29-6-32-33-31-35-37-38-39-36-34-28-26-23-18-19-16-14-12-15-17-13-25-9-11-10-8-21|67-63-62-74-72-61-64-66-69-68-65-49-55-54-53-56-58-60-59-57-40-44-46-45-51-50-52-47-43-42-41-48|93-5-75-2-1-99-100-97-92-94-95-98-7-3-4-89-91-88-84-86-83-82-85-76-71-70-73-80-79-81-78-77-96-87-90
10,3,591.5566,0.0,70.0,3388.2084,0,3,22.737618,22.720976,True,20-22-24-27-30-29-6-32-33-31-35-37-38-39-36-34-28-26-23-18-19-16-14-12-15-17-13-25-9-11-10-8-21|67-63-62-74-72-61-64-66-69-68-65-49-55-54-53-56-58-60-59-57-40-44-46-45-51-50-52-47-43-42-41-48|93-5-75-2-1-99-100-97-92-94-95-98-7-3-4-89-91-88-84-86-83-82-85-76-71-70-73-80-79-81-78-77-96-87-90
11,3,591.5566,0.0,70.0,3388.2084,0,3,22.737618,22.720976,True,20-22-24-27-30-29-6-32-33-31-35-37-38-39-36-34-28-26-23-18-19-16-14-12-15-17-13-25-9-11-10-8-21|67-63-62-74-72-61-64-66-69-68-65-49-55-54-53-56-58-60-59-57-40-44-46-45-51-50-52-47-43-42-41-48|93-5-75-2-1-99-100-97-92-94-95-98-7-3-4-89-91-88-84-86-83-82-85-76-71-70-73-80-79-81-78-77-96-87-90
12,3,591.5566,0.0,70.0,3388.2084,0,3,22.737618,22.720976,True,20-22-24-27-30-29-6-32-33-31-35-37-38-39-36-34-28-26-23-18-19-16-14-12-15-17-13-25-9-11-10-8-21|67-63-62-74-72-61-64-66-69-68-65-49-55-54-53-56-58-60-59-57-40-44-46-45-51-50-52-47-43-42-41-48|93-5-75-2-1-99-100-97-92-94-95-98-7-3-4-89-91-88-84-86-83-82-85-76-71-70-73-80-79-81-78-77-96-87-90
13,3,591.5566,0.0,70.0,3388.2084,0,3,22.737618,22.720976,True,67-63-62-74-72-61-64-66-69-68-65-49-55-54-53-56-58-60-59-57-40-44-46-45-51-50-52-47-43-42-41-48|93-5-75-2-1-99-100-97-92-94-95-98-7-3-4-89-91-88-84-86-83-82-85-76-71-70-73-80-79-81-78-77-96-87-90|20-22-24-27-30-29-6-32-33-31-35-37-38-39-36-34-28-26-23-18-19-16-14-12-15-17-13-25-9-11-10-8-21
14,3,591.5566,0.0,70.0,3388.2084,0,3,22.737618,22.720976,True,20-22-24-27-30-29-6-32-33-31-35-37-38-39-36-34-28-26-23-18-19-16-14-12-15-17-13-25-9-11-10-8-21|67-63-62-74-72-61-64-66-69-68-65-49-55-54-53-56-58-60-59-57-40-44-46-45-51-50-52-47-43-42-41-48|93-5-75-2-1-99-100-97-92-94-95-98-7-3-4-89-91-88-84-86-83-82-85-76-71-70-73-80-79-81-78-77-96-87-90
15,3,603.8793,0.0,40.0,3388.2084,0,3,22.737618,22.721673,True,20-22-24-27-30-29-6-32-33-31-35-37-38-39-36-34-28-26-23-18-19-16-14-12-15-17-13-25-9-11-10-8|67-63-62-74-72-61-64-66-69-68-65-49-55-54-53-56-58-60-59-57-40-44-46-45-51-50-52-47-43-42-41-48-21|93-5-75-2-1-99-100-97-92-94-95-98-7-3-4-89-91-88-84-86-83-82-85-76-71-70-73-80-79-81-78-77-96-87-90
16,3,603.8793,0.0,40.0,3388.2084,0,3,22.737618,22.721673,True,20-22-24-27-30-29-6-32-33-31-35-37-38-39-36-34-28-26-23-18-19-16-14-12-15-17-13-25-9-11-10-8|67-63-62-74-72-61-64-66-69-68-65-49-55-54-53-56-58-60-59-57-40-44-46-45-51-50-52-47-43-42-41-48-21|93-5-75-2-1-99-100-97-92-94-95-98-7-3-4-89-91-88-84-86-83-82-85-76-71-70-73-80-79-81-78-77-96-87-90
17,3,603.8793,0.0,40.0,3388.2084,0,3,22.737618,22.721673,True,20-22-24-27-30-29-6-32-33-31-35-37-38-39-36-34-28-26-23-18-19-16-14-12-15-17-13-25-9-11-10-8|67-63-62-74-72-61-64-66-69-68-65-49-55-54-53-56-58-60-59-57-40-44-46-45-51-50-52-47-43-42-41-48-21|93-5-75-2-1-99-100-97-92-94-95-98-7-3-4-89-91-88-84-86-83-82-85-76-71-70-73-80-79-81-78-77-96-87-90
18,3,603.8793,0.0,40.0,3388.2084,0,3,22.737618,22.721673,True,20-22-24-27-30-29-6-32-33-31-35-37-38-39-36-34-28-26-23-18-19-16-14-12-15-17-13-25-9-11-10-8|67-63-62-74-72-61-64-66-69-68-65-49-55-54-53-56-58-60-59-57-40-44-46-45-51-50-52-47-43-42-41-48-21|93-5-75-2-1-99-100-97-92-94-95-98-7-3-4-89-91-88-84-86-83-82-85-76-71-70-73-80-79-81-78-77-96-87-90
19,3,620.2873,82.1189,60.0,3307.4906,0,3,10.629954,10.621142,True,20-22-24-27-30-29-6-32-33-31-35-37-38-39-36-34-28-26-23-18-19-16-14-12-15-17-13-25-9-11-10-8-21|67-63-62-74-72-61-64-66-69-68-65-49-55-54-53-56-58-60-59-57-40-44-46-45-51-50-52-47-43-42-41-48-90|93-5-75-2-1-99-100-97-92-94-95-98-7-3-4-89-91-88-84-86-83-82-85-76-71-70-73-80-79-81-78-77-87-96
20,3,620.2873,82.1189,60.0,3307.4906,0,3,10.629954,10.621142,True,20-22-24-27-30-29-6-32-33-31-35-37-38-39-36-34-28-26-23-18-19-16-14-12-15-17-13-25-9-11-10-8-21|67-63-62-74-72-61-64-66-69-68-65-49-55-54-53-56-58-60-59-57-40-44-46-45-51-50-52-47-43-42-41-48-90|93-5-75-2-1-99-100-97-92-94-95-98-7-3-4-89-91-88-84-86-83-82-85-76-71-70-73-80-79-81-78-77-87-96
21,3,620.2873,82.1189,60.0,3307.4906,0,3,10.629954,10.621142,True,20-22-24-27-30-29-6-32-33-31-35-37-38-39-36-34-28-26-23-18-19-16-14-12-15-17-13-25-9-11-10-8-21|67-63-62-74-72-61-64-66-69-68-65-49-55-54-53-56-58-60-59-57-40-44-46-45-51-50-52-47-43-42-41-48-90|93-5-75-2-1-99-100-97-92-94-95-98-7-3-4-89-91-88-84-86-83-82-85-76-71-70-73-80-79-81-78-77-87-96
22,3,620.2873,82.1189,60.0,3307.4906,0,3,10.629954,10.621142,True,20-22-24-27-30-29-6-32-33-31-35-37-38-39-36-34-28-26-23-18-19-16-14-12-15-17-13-25-9-11-10-8-21|67-63-62-74-72-61-64-66-69-68-65-49-55-54-53-56-58-60-59-57-40-44-46-45-51-50-52-47-43-42-41-48-90|93-5-75-2-1-99-100-97-92-94-95-98-7-3-4-89-91-88-84-86-83-82-85-76-71-70-73-80-79-81-78-77-87-96
23,3,620.2873,82.1189,60.0,3307.4906,0,3,10.629954,10.621142,True,20-22-24-27-30-29-6-32-33-31-35-37-38-39-36-34-28-26-23-18-19-16-14-12-15-17-13-25-9-11-10-8-21|67-63-62-74-72-61-64-66-69-68-65-49-55-54-53-56-58-60-59-57-40-44-46-45-51-50-52-47-43-42-41-48-90|93-5-75-2-1-99-100-97-92-94-95-98-7-3-4-89-91-88-84-86-83-82-85-76-71-70-73-80-79-81-78-77-87-96
24,3,620.2873,82.1189,60.0,3307.4906,0,3,10.629954,10.621142,True,20-22-24-27-30-29-6-32-33-31-35-37-38-39-36-34-28-26-23-18-19-16-14-12-15-17-13-25-9-11-10-8-21|67-63-62-74-72-61-64-66-69-68-65-49-55-54-53-56-58-60-59-57-40-44-46-45-51-50-52-47-43-42-41-48-90|93-5-75-2-1-99-100-97-92-94-95-98-7-3-4-89-91-88-84-86-83-82-85-76-71-70-73-80-79-81-78-77-87-96
25,3,620.2873,82.1189,60.0,3307.4906,0,3,10.629954,10.621142,True,20-22-24-27-30-29-6-32-33-31-35-37-38-39-36-34-28-26-23-18-19-16-14-12-15-17-13-25-9-11-10-8-21|67-63-62-74-72-61-64-66-69-68-65-49-55-54-53-56-58-60-59-57-40-44-46-45-51-50-52-47-43-42-41-48-90|93-5-75-2-1-99-100-97-92-94-95-98-7-3-4-89-91-88-84-86-83-82-85-76-71-70-73-80-79-81-78-77-87-96
26,3,620.2873,82.1189,60.0,3307.4906,0,3,10.629954,10.621142,True,20-22-24-27-30-29-6-32-33-31-35-37-38-39-36-34-28-26-23-18-19-16-14-12-15-17-13-25-9-11-10-8-21|67-63-62-74-72-61-64-66-69-68-65-49-55-54-53-56-58-60-59-57-40-44-46-45-51-50-52-47-43-42-41-48-90|93-5-75-2-1-99-100-97-92-94-95-98-7-3-4-89-91-88-84-86-83-82-85-76-71-70-73-80-79-81-78-77-87-96
27,3,620.2873,82.1189,60.0,3307.4906,0,3,10.629954,10.621142,True,20-22-24-27-30-29-6-32-33-31-35-37-38-39-36-34-28-26-23-18-19-16-14-12-15-17-13-25-9-11-10-8-21|67-63-62-74-72-61-64-66-69-68-65-49-55-54-53-56-58-60-59-57-40-44-46-45-51-50-52-47-43-42-41-48-90|93-5-75-2-1-99-100-97-92-94-95-98-7-3-4-89-91-88-84-86-83-82-85-76-71-70-73-80-79-81-78-77-87-96
28,3,620.2873,82.1189,60.0,3307.4906,0,3,10.629954,10.621142,True,20-22-24-27-30-29-6-32-33-31-35-37-38-39-36-34-28-26-23-18-19-16-14-12-15-17-13-25-9-11-10-8-21|67-63-62-74-72-61-64-66-69-68-65-49-55-54-53-56-58-60-59-57-40-44-46-45-51-50-52-47-43-42-41-48-90|93-5-75-2-1-99-100-97-92-94-95-98-7-3-4-89-91-88-84-86-83-82-85-76-71-70-73-80-79-81-78-77-87-96
29,3,620.2873,82.1189,60.0,3307.4906,0,3,10.629954,10.621142,True,20-22-24-27-30-29-6-32-33-31-35-37-38-39-36-34-28-26-23-18-19-16-14-12-15-17-13-25-9-11-10-8-21|67-63-62-74-72-61-64-66-69-68-65-49-55-54-53-56-58-60-59-57-40-44-46-45-51-50-52-47-43-42-41-48-90|93-5-75-2-1-99-100-97-92-94-95-98-7-3-4-89-91-88-84-86-83-82-85-76-71-70-73-80-79-81-78-77-87-96
30,3,620.2873,82.1189,60.0,3307.4906,0,3,10.629954,10.621142,True,20-22-24-27-30-29-6-32-33-31-35-37-38-39-36-34-28-26-23-18-19-16-14-12-15-17-13-25-9-11-10-8-21|67-63-62-74-72-61-64-66-69-68-65-49-55-54-53-56-58-60-59-57-40-44-46-45-51-50-52-47-43-42-41-48-90|93-5-75-2-1-99-100-97-92-94-95-98-7-3-4-89-91-88-84-86-83-82-85-76-71-70-73-80-79-81-78-77-87-96
31,3,620.2873,82.1189,60.0,3307.4906,0,3,10.629954,10.621142,True,20-22-24-27-30-29-6-32-33-31-35-37-38-39-36-34-28-26-23-18-19-16-14-12-15-17-13-25-9-11-10-8-21|67-63-62-74-72-61-64-66-69-68-65-49-55-54-53-56-58-60-59-57-40-44-46-45-51-50-52-47-43-42-41-48-90|93-5-75-2-1-99-100-97-92-94-95-98-7-3-4-89-91-88-84-86-83-82-85-76-71-70-73-80-79-81-78-77-87-96
32,3,620.2873,82.1189,60.0,3307.4906,0,3,10.629954,10.621142,True,20-22-24-27-30-29-6-32-33-31-35-37-38-39-36-34-28-26-23-18-19-16-14-12-15-17-13-25-9-11-10-8-21|67-63-62-74-72-61-64-66-69-68-65-49-55-54-53-56-58-60-59-57-40-44-46-45-51-50-52-47-43-42-41-48-90|93-5-75-2-1-99-100-97-92-94-95-98-7-3-4-89-91-88-84-86-83-82-85-76-71-70-73-80-79-81-78-77-87-96
33,3,620.2873,82.1189,60.0,3307.4906,0,3,10.629954,10.621142,True,20-22-24-27-30-29-6-32-33-31-35-37-38-39-36-34-28-26-23-18-19-16-14-12-15-17-13-25-9-11-10-8-21|67-63-62-74-72-61-64-66-69-68-65-49-55-54-53-56-58-60-59-57-40-44-46-45-51-50-52-47-43-42-41-48-90|93-5-75-2-1-99-100-97-92-94-95-98-7-3-4-89-91-88-84-86-83-82-85-76-71-70-73-80-79-81-78-77-87-96
34,3,620.2873,82.1189,60.0,3307.4906,0,3,10.629954,10.621142,True,20-22-24-27-30-29-6-32-33-31-35-37-38-39-36-34-28-26-23-18-19-16-14-12-15-17-13-25-9-11-10-8-21|67-63-62-74-72-61-64-66-69-68-65-49-55-54-53-56-58-60-59-57-40-44-46-45-51-50-52-47-43-42-41-48-90|93-5-75-2-1-99-100-97-92-94-95-98-7-3-4-89-91-88-84-86-83-82-85-76-71-70-73-80-79-81-78-77-87-96
35,3,620.2873,82.1189,60.0,3307.4906,0,3,10.629954,10.621142,True,20-22-24-27-30-29-6-32-33-31-35-37-38-39-36-34-28-26-23-18-19-16-14-12-15-17-13-25-9-11-10-8-21|67-63-62-74-72-61-64-66-69-68-65-49-55-54-53-56-58-60-59-57-40-44-46-45-51-50-52-47-43-42-41-48-90|93-5-75-2-1-99-100-97-92-94-95-98-7-3-4-89-91-88-84-86-83-82-85-76-71-70-73-80-79-81-78-77-87-96
36,3,620.2873,82.1189,60.0,3307.4906,0,3,10.629954,10.621142,True,20-22-24-27-30-29-6-32-33-31-35-37-38-39-36-34-28-26-23-18-19-16-14-12-15-17-13-25-9-11-10-8-21|67-63-62-74-72-61-64-66-69-68-65-49-55-54-53-56-58-60-59-57-40-44-46-45-51-50-52-47-43-42-41-48-90|93-5-75-2-1-99-100-97-92-94-95-98-7-3-4-89-91-88-84-86-83-82-85-76-71-70-73-80-79-81-78-77-87-96
37,3,620.2873,82.1189,60.0,3307.4906,0,3,10.629954,10.621142,True,20-22-24-27-30-29-6-32-33-31-35-37-38-39-36-34-28-26-23-18-19-16-14-12-15-17-13-25-9-11-10-8-21|67-63-62-74-72-61-64-66-69-68-65-49-55-54-53-56-58-60-59-57-40-44-46-45-51-50-52-47-43-42-41-48-90|93-5-75-2-1-99-100-97-92-94-95-98-7-3-4-89-91-88-84-86-83-82-85-76-71-70-73-80-79-81-78-77-87-96
38,3,620.2873,82.1189,60.0,3307.4906,0,3,10.629954,10.621142,True,20-22-24-27-30-29-6-32-33-31-35-37-38-39-36-34-28-26-23-18-19-16-14-12-15-17-13-25-9-11-10-8-21|67-63-62-74-72-61-64-66-69-68-65-49-55-54-53-56-58-60-59-57-40-44-46-45-51-50-52-47-43-42-41-48-90|93-5-75-2-1-99-100-97-92-94-95-98-7-3-4-89-91-88-84-86-83-82-85-76-71-70-73-80-79-81-78-77-87-96
39,3,620.2873,82.1189,60.0,3307.4906,0,3,10.629954,10.621142,True,20-22-24-27-30-29-6-32-33-31-35-37-38-39-36-34-28-26-23-18-19-16-14-12-15-17-13-25-9-11-10-8-21|67-63-62-74-72-61-64-66-69-68-65-49-55-54-53-56-58-60-59-57-40-44-46-45-51-50-52-47-43-42-41-48-90|93-5-75-2-1-99-100-97-92-94-95-98-7-3-4-89-91-88-84-86-83-82-85-76-71-70-73-80-79-81-78-77-87-96
40,3,620.2873,82.1189,60.0,3307.4906,0,3,10.629954,10.621142,True,20-22-24-27-30-29-6-32-33-31-35-37-38-39-36-34-28-26-23-18-19-16-14-12-15-17-13-25-9-11-10-8-21|67-63-62-74-72-61-64-66-69-68-65-49-55-54-53-56-58-60-59-57-40-44-46-45-51-50-52-47-43-42-41-48-90|93-5-75-2-1-99-100-97-92-94-95-98-7-3-4-89-91-88-84-86-83-82-85-76-71-70-73-80-79-81-78-77-87-96
41,3,620.2873,82.1189,60.0,3307.4906,0,3,10.629954,10.621142,True,20-22-24-27-30-29-6-32-33-31-35-37-38-39-36-34-28-26-23-18-19-16-14-12-15-17-13-25-9-11-10-8-21|67-63-62-74-72-61-64-66-69-68-65-49-55-54-53-56-58-60-59-57-40-44-46-45-51-50-52-47-43-42-41-48-90|93-5-75-2-1-99-100-97-92-94-95-98-7-3-4-89-91-88-84-86-83-82-85-76-71-70-73-80-79-81-78-77-87-96
42,3,620.2873,82.1189,60.0,3307.4906,0,3,10.629954,10.621142,True,20-22-24-27-30-29-6-32-33-31-35-37-38-39-36-34-28-26-23-18-19-16-14-12-15-17-13-25-9-11-10-8-21|67-63-62-74-72-61-64-66-69-68-65-49-55-54-53-56-58-60-59-57-40-44-46-45-51-50-52-47-43-42-41-48-90|93-5-75-2-1-99-100-97-92-94-95-98-7-3-4-89-91-88-84-86-83-82-85-76-71-70-73-80-79-81-78-77-87-96
43,3,620.2873,82.1189,60.0,3307.4906,0,3,10.629954,10.621142,True,20-22-24-27-30-29-6-32-33-31-35-37-38-39-36-34-28-26-23-18-19-16-14-12-15-17-13-25-9-11-10-8-21|67-63-62-74-72-61-64-66-69-68-65-49-55-54-53-56-58-60-59-57-40-44-46-45-51-50-52-47-43-42-41-48-90|93-5-75-2-1-99-100-97-92-94-95-98-7-3-4-89-91-88-84-86-83-82-85-76-71-70-73-80-79-81-78-77-87-96
44,3,620.2873,82.1189,60.0,3307.4906,0,3,10.629954,10.621142,True,20-22-24-27-30-29-6-32-33-31-35-37-38-39-36-34-28-26-23-18-19-16-14-12-15-17-13-25-9-11-10-8-21|67-63-62-74-72-61-64-66-69-68-65-49-55-54-53-56-58-60-59-57-40-44-46-45-51-50-52-47-43-42-41-48-90|93-5-75-2-1-99-100-97-92-94-95-98-7-3-4-89-91-88-84-86-83-82-85-76-71-70-73-80-79-81-78-77-87-96
45,3,620.2873,82.1189,60.0,3307.4906,0,3,10.629954,10.621142,True,20-22-24-27-30-29-6-32-33-31-35-37-38-39-36-34-28-26-23-18-19-16-14-12-15-17-13-25-9-11-10-8-21|67-63-62-74-72-61-64-66-69-68-65-49-55-54-53-56-58-60-59-57-40-44-46-45-51-50-52-47-43-42-41-48-90|93-5-75-2-1-99-100-97-92-94-95-98-7-3-4-89-91-88-84-86-83-82-85-76-71-70-73-80-79-81-78-77-87-96
46,3,620.2873,82.1189,60.0,3307.4906,0,3,10.629954,10.621142,True,20-22-24-27-30-29-6-32-33-31-35-37-38-39-36-34-28-26-23-18-19-16-14-12-15-17-13-25-9-11-10-8-21|67-63-62-74-72-61-64-66-69-68-65-49-55-54-53-56-58-60-59-57-40-44-46-45-51-50-52-47-43-42-41-48-90|93-5-75-2-1-99-100-97-92-94-95-98-7-3-4-89-91-88-84-86-83-82-85-76-71-70-73-80-79-81-78-77-87-96
47,3,620.2873,82.1189,60.0,3307.4906,0,3,10.629954,10.621142,True,20-22-24-27-30-29-6-32-33-31-35-37-38-39-36-34-28-26-23-18-19-16-14-12-15-17-13-25-9-11-10-8-21|67-63-62-74-72-61-64-66-69-68-65-49-55-54-53-56-58-60-59-57-40-44-46-45-51-50-52-47-43-42-41-48-90|93-5-75-2-1-99-100-97-92-94-95-98-7-3-4-89-91-88-84-86-83-82-85-76-71-70-73-80-79-81-78-77-87-96
48,3,620.2873,82.1189,60.0,3307.4906,0,3,10.629954,10.621142,True,20-22-24-27-30-29-6-32-33-31-35-37-38-39-36-34-28-26-23-18-19-16-14-12-15-17-13-25-9-11-10-8-21|67-63-62-74-72-61-64-66-69-68-65-49-55-54-53-56-58-60-59-57-40-44-46-45-51-50-52-47-43-42-41-48-90|93-5-75-2-1-99-100-97-92-94-95-98-7-3-4-89-91-88-84-86-83-82-85-76-71-70-73-80-79-81-78-77-87-96
49,3,620.2873,82.1189,60.0,3307.4906,0,3,10.629954,10.621142,True,20-22-24-27-30-29-6-32-33-31-35-37-38-39-36-34-28-26-23-18-19-16-14-12-15-17-13-25-9-11-10-8-21|67-63-62-74-72-61-64-66-69-68-65-49-55-54-53-56-58-60-59-57-40-44-46-45-51-50-52-47-43-42-41-48-90|93-5-75-2-1-99-100-97-92-94-95-98-7-3-4-89-91-88-84-86-83-82-85-76-71-70-73-80-79-81-78-77-87-96
50,3,620.2873,82.1189,60.0,3307.4906,0,3,10.629954,10.621142,True,20-22-24-27-30-29-6-32-33-31-35-37-38-39-36-34-28-26-23-18-19-16-14-12-15-17-13-25-9-11-10-8-21|67-63-62-74-72-61-64-66-69-68-65-49-55-54-53-56-58-60-59-57-40-44-46-45-51-50-52-47-43-42-41-48-90|93-5-75-2-1-99-100-97-92-94-95-98-7-3-4-89-91-88-84-86-83-82-85-76-71-70-73-80-79-81-78-77-87-96
51,3,620.2873,82.1189,60.0,3307.4906,0,3,10.629954,10.621142,True,20-22-24-27-30-29-6-32-33-31-35-37-38-39-36-34-28-26-23-18-19-16-14-12-15-17-13-25-9-11-10-8-21|67-63-62-74-72-61-64-66-69-68-65-49-55-54-53-56-58-60-59-57-40-44-46-45-51-50-52-47-43-42-41-48-90|93-5-75-2-1-99-100-97-92-94-95-98-7-3-4-89-91-88-84-86-83-82-85-76-71-70-73-80-79-81-78-77-87-96
52,3,620.2873,82.1189,60.0,3307.4906,0,3,10.629954,10.621142,True,20-22-24-27-30-29-6-32-33-31-35-37-38-39-36-34-28-26-23-18-19-16-14-12-15-17-13-25-9-11-10-8-21|67-63-62-74-72-61-64-66-69-68-65-49-55-54-53-56-58-60-59-57-40-44-46-45-51-50-52-47-43-42-41-48-90|93-5-75-2-1-99-100-97-92-94-95-98-7-3-4-89-91-88-84-86-83-82-85-76-71-70-73-80-79-81-78-77-87-96
53,3,620.2873,82.1189,60.0,3307.4906,0,3,10.629954,10.621142,True,20-22-24-27-30-29-6-32-33-31-35-37-38-39-36-34-28-26-23-18-19-16-14-12-15-17-13-25-9-11-10-8-21|67-63-62-74-72-61-64-66-69-68-65-49-55-54-53-56-58-60-59-57-40-44-46-45-51-50-52-47-43-42-41-48-90|93-5-75-2-1-99-100-97-92-94-95-98-7-3-4-89-91-88-84-86-83-82-85-76-71-70-73-80-79-81-78-77-87-96
54,3,620.2873,82.1189,60.0,3307.4906,0,3,10.629954,10.621142,True,20-22-24-27-30-29-6-32-33-31-35-37-38-39-36-34-28-26-23-18-19-16-14-12-15-17-13-25-9-11-10-8-21|67-63-62-74-72-61-64-66-69-68-65-49-55-54-53-56-58-60-59-57-40-44-46-45-51-50-52-47-43-42-41-48-90|93-5-75-2-1-99-100-97-92-94-95-98-7-3-4-89-91-88-84-86-83-82-85-76-71-70-73-80-79-81-78-77-87-96
55,3,620.2873,82.1189,60.0,3307.4906,0,3,10.629954,10.621142,True,20-22-24-27-30-29-6-32-33-31-35-37-38-39-36-34-28-26-23-18-19-16-14-12-15-17-13-25-9-11-10-8-21|67-63-62-74-72-61-64-66-69-68-65-49-55-54-53-56-58-60-59-57-40-44-46-45-51-50-52-47-43-42-41-48-90|93-5-75-2-1-99-100-97-92-94-95-98-7-3-4-89-91-88-84-86-83-82-85-76-71-70-73-80-79-81-78-77-87-96
56,3,620.2873,82.1189,60.0,3307.4906,0,3,10.629954,10.621142,True,20-22-24-27-30-29-6-32-33-31-35-37-38-39-36-34-28-26-23-18-19-16-14-12-15-17-13-25-9-11-10-8-21|67-63-62-74-72-61-64-66-69-68-65-49-55-54-53-56-58-60-59-57-40-44-46-45-51-50-52-47-43-42-41-48-90|93-5-75-2-1-99-100-97-92-94-95-98-7-3-4-89-91-88-84-86-83-82-85-76-71-70-73-80-79-81-78-77-87-96
57,3,620.2873,82.1189,60.0,3307.4906,0,3,10.629954,10.621142,True,20-22-24-27-30-29-6-32-33-31-35-37-38-39-36-34-28-26-23-18-19-16-14-12-15-17-13-25-9-11-10-8-21|67-63-62-74-72-61-64-66-69-68-65-49-55-54-53-56-58-60-59-57-40-44-46-45-51-50-52-47-43-42-41-48-90|93-5-75-2-1-99-100-97-92-94-95-98-7-3-4-89-91-88-84-86-83-82-85-76-71-70-73-80-79-81-78-77-87-96
58,3,620.2873,82.1189,60.0,3307.4906,0,3,10.629954,10.621142,True,20-22-24-27-30-29-6-32-33-31-35-37-38-39-36-34-28-26-23-18-19-16-14-12-15-17-13-25-9-11-10-8-21|67-63-62-74-72-61-64-66-69-68-65-49-55-54-53-56-58-60-59-57-40-44-46-45-51-50-52-47-43-42-41-48-90|93-5-75-2-1-99-100-97-92-94-95-98-7-3-4-89-91-88-84-86-83-82-85-76-71-70-73-80-79-81-78-77-87-96
59,3,620.2873,82.1189,60.0,3307.4906,0,3,10.629954,10.621142,True,20-22-24-27-30-29-6-32-33-31-35-37-38-39-36-34-28-26-23-18-19-16-14-12-15-17-13-25-9-11-10-8-21|67-63-62-74-72-61-64-66-69-68-65-49-55-54-53-56-58-60-59-57-40-44-46-45-51-50-52-47-43-42-41-48-90|93-5-75-2-1-99-100-97-92-94-95-98-7-3-4-89-91-88-84-86-83-82-85-76-71-70-73-80-79-81-78-77-87-96
60,3,620.2873,82.1189,60.0,3307.4906,0,3,10.629954,10.621142,True,20-22-24-27-30-29-6-32-33-31-35-37-38-39-36-34-28-26-23-18-19-16-14-12-15-17-13-25-9-11-10-8-21|67-63-62-74-72-61-64-66-69-68-65-49-55-54-53-56-58-60-59-57-40-44-46-45-51-50-52-47-43-42-41-48-90|93-5-75-2-1-99-100-97-92-94-95-98-7-3-4-89-91-88-84-86-83-82-85-76-71-70-73-80-79-81-78-77-87-96
61,3,620.2873,82.1189,60.0,3307.4906,0,3,10.629954,10.621142,True,20-22-24-27-30-29-6-32-33-31-35-37-38-39-36-34-28-26-23-18-19-16-14-12-15-17-13-25-9-11-10-8-21|67-63-62-74-72-61-64-66-69-68-65-49-55-54-53-56-58-60-59-57-40-44-46-45-51-50-52-47-43-42-41-48-90|93-5-75-2-1-99-100-97-92-94-95-98-7-3-4-89-91-88-84-86-83-82-85-76-71-70-73-80-79-81-78-77-87-96
62,3,620.2873,82.1189,60.0,3307.4906,0,3,10.629954,10.621142,True,20-22-24-27-30-29-6-32-33-31-35-37-38-39-36-34-28-26-23-18-19-16-14-12-15-17-13-25-9-11-10-8-21|67-63-62-74-72-61-64-66-69-68-65-49-55-54-53-56-58-60-59-57-40-44-46-45-51-50-52-47-43-42-41-48-90|93-5-75-2-1-99-100-97-92-94-95-98-7-3-4-89-91-88-84-86-83-82-85-76-71-70-73-80-79-81-78-77-87-96
63,3,620.2873,82.1189,60.0,3307.4906,0,3,10.629954,10.621142,True,20-22-24-27-30-29-6-32-33-31-35-37-38-39-36-34-28-26-23-18-19-16-14-12-15-17-13-25-9-11-10-8-21|67-63-62-74-72-61-64-66-69-68-65-49-55-54-53-56-58-60-59-57-40-44-46-45-51-50-52-47-43-42-41-48-90|93-5-75-2-1-99-100-97-92-94-95-98-7-3-4-89-91-88-84-86-83-82-85-76-71-70-73-80-79-81-78-77-87-96
64,3,620.2873,82.1189,60.0,3307.4906,0,3,10.629954,10.621142,True,20-22-24-27-30-29-6-32-33-31-35-37-38-39-36-34-28-26-23-18-19-16-14-12-15-17-13-25-9-11-10-8-21|67-63-62-74-72-61-64-66-69-68-65-49-55-54-53-56-58-60-59-57-40-44-46-45-51-50-52-47-43-42-41-48-90|93-5-75-2-1-99-100-97-92-94-95-98-7-3-4-89-91-88-84-86-83-82-85-76-71-70-73-80-79-81-78-77-87-96
65,3,620.2873,82.1189,60.0,3307.4906,0,3,10.629954,10.621142,True,20-22-24-27-30-29-6-32-33-31-35-37-38-39-36-34-28-26-23-18-19-16-14-12-15-17-13-25-9-11-10-8-21|67-63-62-74-72-61-64-66-69-68-65-49-55-54-53-56-58-60-59-57-40-44-46-45-51-50-52-47-43-42-41-48-90|93-5-75-2-1-99-100-97-92-94-95-98-7-3-4-89-91-88-84-86-83-82-85-76-71-70-73-80-79-81-78-77-87-96
66,3,620.2873,82.1189,60.0,3307.4906,0,3,10.629954,10.621142,True,20-22-24-27-30-29-6-32-33-31-35-37-38-39-36-34-28-26-23-18-19-16-14-12-15-17-13-25-9-11-10-8-21|67-63-62-74-72-61-64-66-69-68-65-49-55-54-53-56-58-60-59-57-40-44-46-45-51-50-52-47-43-42-41-48-90|93-5-75-2-1-99-100-97-92-94-95-98-7-3-4-89-91-88-84-86-83-82-85-76-71-70-73-80-79-81-78-77-87-96
67,3,620.2873,82.1189,60.0,3307.4906,0,3,10.629954,10.621142,True,20-22-24-27-30-29-6-32-33-31-35-37-38-39-36-34-28-26-23-18-19-16-14-12-15-17-13-25-9-11-10-8-21|67-63-62-74-72-61-64-66-69-68-65-49-55-54-53-56-58-60-59-57-40-44-46-45-51-50-52-47-43-42-41-48-90|93-5-75-2-1-99-100-97-92-94-95-98-7-3-4-89-91-88-84-86-83-82-85-76-71-70-73-80-79-81-78-77-87-96
68,3,620.2873,82.1189,60.0,3307.4906,0,3,10.629954,10.621142,True,20-22-24-27-30-29-6-32-33-31-35-37-38-39-36-34-28-26-23-18-19-16-14-12-15-17-13-25-9-11-10-8-21|67-63-62-74-72-61-64-66-69-68-65-49-55-54-53-56-58-60-59-57-40-44-46-45-51-50-52-47-43-42-41-48-90|93-5-75-2-1-99-100-97-92-94-95-98-7-3-4-89-91-88-84-86-83-82-85-76-71-70-73-80-79-81-78-77-87-96
69,3,620.2873,82.1189,60.0,3307.4906,0,3,10.629954,10.621142,True,20-22-24-27-30-29-6-32-33-31-35-37-38-39-36-34-28-26-23-18-19-16-14-12-15-17-13-25-9-11-10-8-21|67-63-62-74-72-61-64-66-69-68-65-49-55-54-53-56-58-60-59-57-40-44-46-45-51-50-52-47-43-42-41-48-90|93-5-75-2-1-99-100-97-92-94-95-98-7-3-4-89-91-88-84-86-83-82-85-76-71-70-73-80-79-81-78-77-87-96
70,3,620.2873,82.1189,60.0,3307.4906,0,3,10.629954,10.621142,True,67-63-62-74-72-61-64-66-69-68-65-49-55-54-53-56-58-60-59-57-40-44-46-45-51-50-52-47-43-42-41-48-90|93-5-75-2-1-99-100-97-92-94-95-98-7-3-4-89-91-88-84-86-83-82-85-76-71-70-73-80-79-81-78-77-87-96|20-22-24-27-30-29-6-32-33-31-35-37-38-39-36-34-28-26-23-18-19-16-14-12-15-17-13-25-9-11-10-8-21
71,3,620.2873,82.1189,60.0,3307.4906,0,3,10.629954,10.621142,True,20-22-24-27-30-29-6-32-33-31-35-37-38-39-36-34-28-26-23-18-19-16-14-12-15-17-13-25-9-11-10-8-21|67-63-62-74-72-61-64-66-69-68-65-49-55-54-53-56-58-60-59-57-40-44-46-45-51-50-52-47-43-42-41-48-90|93-5-75-2-1-99-100-97-92-94-95-98-7-3-4-89-91-88-84-86-83-82-85-76-71-70-73-80-79-81-78-77-87-96
72,3,620.2873,82.1189,60.0,3307.4906,0,3,10.629954,10.621142,True,20-22-24-27-30-29-6-32-33-31-35-37-38-39-36-34-28-26-23-18-19-16-14-12-15-17-13-25-9-11-10-8-21|67-63-62-74-72-61-64-66-69-68-65-49-55-54-53-56-58-60-59-57-40-44-46-45-51-50-52-47-43-42-41-48-90|93-5-75-2-1-99-100-97-92-94-95-98-7-3-4-89-91-88-84-86-83-82-85-76-71-70-73-80-79-81-78-77-87-96
73,3,620.2873,82.1189,60.0,3307.4906,0,3,10.629954,10.621142,True,20-22-24-27-30-29-6-32-33-31-35-37-38-39-36-34-28-26-23-18-19-16-14-12-15-17-13-25-9-11-10-8-21|67-63-62-74-72-61-64-66-69-68-65-49-55-54-53-56-58-60-59-57-40-44-46-45-51-50-52-47-43-42-41-48-90|93-5-75-2-1-99-100-97-92-94-95-98-7-3-4-89-91-88-84-86-83-82-85-76-71-70-73-80-79-81-78-77-87-96
74,3,620.2873,82.1189,60.0,3307.4906,0,3,10.629954,10.621142,True,20-22-24-27-30-29-6-32-33-31-35-37-38-39-36-34-28-26-23-18-19-16-14-12-15-17-13-25-9-11-10-8-21|67-63-62-74-72-61-64-66-69-68-65-49-55-54-53-56-58-60-59-57-40-44-46-45-51-50-52-47-43-42-41-48-90|93-5-75-2-1-99-100-97-92-94-95-98-7-3-4-89-91-88-84-86-83-82-85-76-71-70-73-80-79-81-78-77-87-96
75,3,620.2873,82.1189,60.0,3307.4906,0,3,10.629954,10.621142,True,20-22-24-27-30-29-6-32-33-31-35-37-38-39-36-34-28-26-23-18-19-16-14-12-15-17-13-25-9-11-10-8-21|67-63-62-74-72-61-64-66-69-68-65-49-55-54-53-56-58-60-59-57-40-44-46-45-51-50-52-47-43-42-41-48-90|93-5-75-2-1-99-100-97-92-94-95-98-7-3-4-89-91-88-84-86-83-82-85-76-71-70-73-80-79-81-78-77-87-96
76,3,620.2873,82.1189,60.0,3307.4906,0,3,10.629954,10.621142,True,20-22-24-27-30-29-6-32-33-31-35-37-38-39-36-34-28-26-23-18-19-16-14-12-15-17-13-25-9-11-10-8-21|67-63-62-74-72-61-64-66-69-68-65-49-55-54-53-56-58-60-59-57-40-44-46-45-51-50-52-47-43-42-41-48-90|93-5-75-2-1-99-100-97-92-94-95-98-7-3-4-89-91-88-84-86-83-82-85-76-71-70-73-80-79-81-78-77-87-96
77,3,620.2873,82.1189,60.0,3307.4906,0,3,10.629954,10.621142,True,20-22-24-27-30-29-6-32-33-31-35-37-38-39-36-34-28-26-23-18-19-16-14-12-15-17-13-25-9-11-10-8-21|67-63-62-74-72-61-64-66-69-68-65-49-55-54-53-56-58-60-59-57-40-44-46-45-51-50-52-47-43-42-41-48-90|93-5-75-2-1-99-100-97-92-94-95-98-7-3-4-89-91-88-84-86-83-82-85-76-71-70-73-80-79-81-78-77-87-96
78,3,620.2873,82.1189,60.0,3307.4906,0,3,10.629954,10.621142,True,20-22-24-27-30-29-6-32-33-31-35-37-38-39-36-34-28-26-23-18-19-16-14-12-15-17-13-25-9-11-10-8-21|67-63-62-74-72-61-64-66-69-68-65-49-55-54-53-56-58-60-59-57-40-44-46-45-51-50-52-47-43-42-41-48-90|93-5-75-2-1-99-100-97-92-94-95-98-7-3-4-89-91-88-84-86-83-82-85-76-71-70-73-80-79-81-78-77-87-96
79,3,620.2873,82.1189,60.0,3307.4906,0,3,10.629954,10.621142,True,20-22-24-27-30-29-6-32-33-31-35-37-38-39-36-34-28-26-23-18-19-16-14-12-15-17-13-25-9-11-10-8-21|67-63-62-74-72-61-64-66-69-68-65-49-55-54-53-56-58-60-59-57-40-44-46-45-51-50-52-47-43-42-41-48-90|93-5-75-2-1-99-100-97-92-94-95-98-7-3-4-89-91-88-84-86-83-82-85-76-71-70-73-80-79-81-78-77-87-96
80,3,620.2873,82.1189,60.0,3307.4906,0,3,10.629954,10.621142,True,20-22-24-27-30-29-6-32-33-31-35-37-38-39-36-34-28-26-23-18-19-16-14-12-15-17-13-25-9-11-10-8-21|67-63-62-74-72-61-64-66-69-68-65-49-55-54-53-56-58-60-59-57-40-44-46-45-51-50-52-47-43-42-41-48-90|93-5-75-2-1-99-100-97-92-94-95-98-7-3-4-89-91-88-84-86-83-82-85-76-71-70-73-80-79-81-78-77-87-96
81,3,620.2873,82.1189,60.0,3307.4906,0,3,10.629954,10.621142,True,20-22-24-27-30-29-6-32-33-31-35-37-38-39-36-34-28-26-23-18-19-16-14-12-15-17-13-25-9-11-10-8-21|67-63-62-74-72-61-64-66-69-68-65-49-55-54-53-56-58-60-59-57-40-44-46-45-51-50-52-47-43-42-41-48-90|93-5-75-2-1-99-100-97-92-94-95-98-7-3-4-89-91-88-84-86-83-82-85-76-71-70-73-80-79-81-78-77-87-96
82,3,620.2873,82.1189,60.0,3307.4906,0,3,10.629954,10.621142,True,20-22-24-27-30-29-6-32-33-31-35-37-38-39-36-34-28-26-23-18-19-16-14-12-15-17-13-25-9-11-10-8-21|67-63-62-74-72-61-64-66-69-68-65-49-55-54-53-56-58-60-59-57-40-44-46-45-51-50-52-47-43-42-41-48-90|93-5-75-2-1-99-100-97-92-94-95-98-7-3-4-89-91-88-84-86-83-82-85-76-71-70-73-80-79-81-78-77-87-96
83,3,620.2873,82.1189,60.0,3307.4906,0,3,10.629954,10.621142,True,20-22-24-27-30-29-6-32-33-31-35-37-38-39-36-34-28-26-23-18-19-16-14-12-15-17-13-25-9-11-10-8-21|67-63-62-74-72-61-64-66-69-68-65-49-55-54-53-56-58-60-59-57-40-44-46-45-51-50-52-47-43-42-41-48-90|93-5-75-2-1-99-100-97-92-94-95-98-7-3-4-89-91-88-84-86-83-82-85-76-71-70-73-80-79-81-78-77-87-96
84,3,620.2873,82.1189,60.0,3307.4906,0,3,10.629954,10.621142,True,20-22-24-27-30-29-6-32-33-31-35-37-38-39-36-34-28-26-23-18-19-16-14-12-15-17-13-25-9-11-10-8-21|67-63-62-74-72-61-64-66-69-68-65-49-55-54-53-56-58-60-59-57-40-44-46-45-51-50-52-47-43-42-41-48-90|93-5-75-2-1-99-100-97-92-94-95-98-7-3-4-89-91-88-84-86-83-82-85-76-71-70-73-80-79-81-78-77-87-96
85,3,620.2873,82.1189,60.0,3307.4906,0,3,10.629954,10.621142,True,20-22-24-27-30-29-6-32-33-31-35-37-38-39-36-34-28-26-23-18-19-16-14-12-15-17-13-25-9-11-10-8-21|67-63-62-74-72-61-64-66-69-68-65-49-55-54-53-56-58-60-59-57-40-44-46-45-51-50-52-47-43-42-41-48-90|93-5-75-2-1-99-100-97-92-94-95-98-7-3-4-89-91-88-84-86-83-82-85-76-71-70-73-80-79-81-78-77-87-96
86,3,620.2873,82.1189,60.0,3307.4906,0,3,10.629954,10.621142,True,20-22-24-27-30-29-6-32-33-31-35-37-38-39-36-34-28-26-23-18-19-16-14-12-15-17-13-25-9-11-10-8-21|67-63-62-74-72-61-64-66-69-68-65-49-55-54-53-56-58-60-59-57-40-44-46-45-51-50-52-47-43-42-41-48-90|93-5-75-2-1-99-100-97-92-94-95-98-7-3-4-89-91-88-84-86-83-82-85-76-71-70-73-80-79-81-78-77-87-96
87,3,620.2873,82.1189,60.0,3307.4906,0,3,10.629954,10.621142,True,20-22-24-27-30-29-6-32-33-31-35-37-38-39-36-34-28-26-23-18-19-16-14-12-15-17-13-25-9-11-10-8-21|67-63-62-74-72-61-64-66-69-68-65-49-55-54-53-56-58-60-59-57-40-44-46-45-51-50-52-47-43-42-41-48-90|93-5-75-2-1-99-100-97-92-94-95-98-7-3-4-89-91-88-84-86-83-82-85-76-71-70-73-80-79-81-78-77-87-96
88,3,620.2873,82.1189,60.0,3307.4906,0,3,10.629954,10.621142,True,20-22-24-27-30-29-6-32-33-31-35-37-38-39-36-34-28-26-23-18-19-16-14-12-15-17-13-25-9-11-10-8-21|67-63-62-74-72-61-64-66-69-68-65-49-55-54-53-56-58-60-59-57-40-44-46-45-51-50-52-47-43-42-41-48-90|93-5-75-2-1-99-100-97-92-94-95-98-7-3-4-89-91-88-84-86-83-82-85-76-71-70-73-80-79-81-78-77-87-96
89,3,620.2873,82.1189,60.0,3307.4906,0,3,10.629954,10.621142,True,20-22-24-27-30-29-6-32-33-31-35-37-38-39-36-34-28-26-23-18-19-16-14-12-15-17-13-25-9-11-10-8-21|67-63-62-74-72-61-64-66-69-68-65-49-55-54-53-56-58-60-59-57-40-44-46-45-51-50-52-47-43-42-41-48-90|93-5-75-2-1-99-100-97-92-94-95-98-7-3-4-89-91-88-84-86-83-82-85-76-71-70-73-80-79-81-78-77-87-96
90,3,620.2873,82.1189,60.0,3307.4906,0,3,10.629954,10.621142,True,20-22-24-27-30-29-6-32-33-31-35-37-38-39-36-34-28-26-23-18-19-16-14-12-15-17-13-25-9-11-10-8-21|67-63-62-74-72-61-64-66-69-68-65-49-55-54-53-56-58-60-59-57-40-44-46-45-51-50-52-47-43-42-41-48-90|93-5-75-2-1-99-100-97-92-94-95-98-7-3-4-89-91-88-84-86-83-82-85-76-71-70-73-80-79-81-78-77-87-96
91,3,620.2873,82.1189,60.0,3307.4906,0,3,10.629954,10.621142,True,20-22-24-27-30-29-6-32-33-31-35-37-38-39-36-34-28-26-23-18-19-16-14-12-15-17-13-25-9-11-10-8-21|67-63-62-74-72-61-64-66-69-68-65-49-55-54-53-56-58-60-59-57-40-44-46-45-51-50-52-47-43-42-41-48-90|93-5-75-2-1-99-100-97-92-94-95-98-7-3-4-89-91-88-84-86-83-82-85-76-71-70-73-80-79-81-78-77-87-96
92,3,620.2873,82.1189,60.0,3307.4906,0,3,10.629954,10.621142,True,20-22-24-27-30-29-6-32-33-31-35-37-38-39-36-34-28-26-23-18-19-16-14-12-15-17-13-25-9-11-10-8-21|67-63-62-74-72-61-64-66-69-68-65-49-55-54-53-56-58-60-59-57-40-44-46-45-51-50-52-47-43-42-41-48-90|93-5-75-2-1-99-100-97-92-94-95-98-7-3-4-89-91-88-84-86-83-82-85-76-71-70-73-80-79-81-78-77-87-96
93,3,620.2873,82.1189,60.0,3307.4906,0,3,10.629954,10.621142,True,20-22-24-27-30-29-6-32-33-31-35-37-38-39-36-34-28-26-23-18-19-16-14-12-15-17-13-25-9-11-10-8-21|67-63-62-74-72-61-64-66-69-68-65-49-55-54-53-56-58-60-59-57-40-44-46-45-51-50-52-47-43-42-41-48-90|93-5-75-2-1-99-100-97-92-94-95-98-7-3-4-89-91-88-84-86-83-82-85-76-71-70-73-80-79-81-78-77-87-96
94,3,620.2873,82.1189,60.0,3307.4906,0,3,10.629954,10.621142,True,20-22-24-27-30-29-6-32-33-31-35-37-38-39-36-34-28-26-23-18-19-16-14-12-15-17-13-25-9-11-10-8-21|67-63-62-74-72-61-64-66-69-68-65-49-55-54-53-56-58-60-59-57-40-44-46-45-51-50-52-47-43-42-41-48-90|93-5-75-2-1-99-100-97-92-94-95-98-7-3-4-89-91-88-84-86-83-82-85-76-71-70-73-80-79-81-78-77-87-96
95,3,620.2873,82.1189,60.0,3307.4906,0,3,10.629954,10.621142,True,20-22-24-27-30-29-6-32-33-31-35-37-38-39-36-34-28-26-23-18-19-16-14-12-15-17-13-25-9-11-10-8-21|67-63-62-74-72-61-64-66-69-68-65-49-55-54-53-56-58-60-59-57-40-44-46-45-51-50-52-47-43-42-41-48-90|93-5-75-2-1-99-100-97-92-94-95-98-7-3-4-89-91-88-84-86-83-82-85-76-71-70-73-80-79-81-78-77-87-96
96,3,620.2873,82.1189,60.0,3307.4906,0,3,10.629954,10.621142,True,67-63-62-74-72-61-64-66-69-68-65-49-55-54-53-56-58-60-59-57-40-44-46-45-51-50-52-47-43-42-41-48-90|93-5-75-2-1-99-100-97-92-94-95-98-7-3-4-89-91-88-84-86-83-82-85-76-71-70-73-80-79-81-78-77-87-96|20-22-24-27-30-29-6-32-33-31-35-37-38-39-36-34-28-26-23-18-19-16-14-12-15-17-13-25-9-11-10-8-21
97,3,620.2873,82.1189,60.0,3307.4906,0,3,10.629954,10.621142,True,20-22-24-27-30-29-6-32-33-31-35-37-38-39-36-34-28-26-23-18-19-16-14-12-15-17-13-25-9-11-10-8-21|67-63-62-74-72-61-64-66-69-68-65-49-55-54-53-56-58-60-59-57-40-44-46-45-51-50-52-47-43-42-41-48-90|93-5-75-2-1-99-100-97-92-94-95-98-7-3-4-89-91-88-84-86-83-82-85-76-71-70-73-80-79-81-78-77-87-96
98,3,620.2873,82.1189,60.0,3307.4906,0,3,10.629954,10.621142,True,20-22-24-27-30-29-6-32-33-31-35-37-38-39-36-34-28-26-23-18-19-16-14-12-15-17-13-25-9-11-10-8-21|67-63-62-74-72-61-64-66-69-68-65-49-55-54-53-56-58-60-59-57-40-44-46-45-51-50-52-47-43-42-41-48-90|93-5-75-2-1-99-100-97-92-94-95-98-7-3-4-89-91-88-84-86-83-82-85-76-71-70-73-80-79-81-78-77-87-96
99,3,620.2873,82.1189,60.0,3307.4906,0,3,10.629954,10.621142,True,20-22-24-27-30-29-6-32-33-31-35-37-38-39-36-34-28-26-23-18-19-16-14-12-15-17-13-25-9-11-10-8-21|67-63-62-74-72-61-64-66-69-68-65-49-55-54-53-56-58-60-59-57-40-44-46-45-51-50-52-47-43-42-41-48-90|93-5-75-2-1-99-100-97-92-94-95-98-7-3-4-89-91-88-84-86-83-82-85-76-71-70-73-80-79-81-78-77-87-96
100,3,620.2873,82.1189,60.0,3307.4906,0,3,10.629954,10.621142,True,20-22-24-27-30-29-6-32-33-31-35-37-38-39-36-34-28-26-23-18-19-16-14-12-15-17-13-25-9-11-10-8-21|67-63-62-74-72-61-64-66-69-68-65-49-55-54-53-56-58-60-59-57-40-44-46-45-51-50-52-47-43-42-41-48-90|93-5-75-2-1-99-100-97-92-94-95-98-7-3-4-89-91-88-84-86-83-82-85-76-71-70-73-80-79-81-78-77-87-96
101,3,620.2873,82.1189,60.0,3307.4906,0,3,10.629954,10.621142,True,20-22-24-27-30-29-6-32-33-31-35-37-38-39-36-34-28-26-23-18-19-16-14-12-15-17-13-25-9-11-10-8-21|67-63-62-74-72-61-64-66-69-68-65-49-55-54-53-56-58-60-59-57-40-44-46-45-51-50-52-47-43-42-41-48-90|93-5-75-2-1-99-100-97-92-94-95-98-7-3-4-89-91-88-84-86-83-82-85-76-71-70-73-80-79-81-78-77-87-96
102,3,620.2873,82.1189,60.0,3307.4906,0,3,10.629954,10.621142,True,20-22-24-27-30-29-6-32-33-31-35-37-38-39-36-34-28-26-23-18-19-16-14-12-15-17-13-25-9-11-10-8-21|67-63-62-74-72-61-64-66-69-68-65-49-55-54-53-56-58-60-59-57-40-44-46-45-51-50-52-47-43-42-41-48-90|93-5-75-2-1-99-100-97-92-94-95-98-7-3-4-89-91-88-84-86-83-82-85-76-71-70-73-80-79-81-78-77-87-96
103,3,620.2873,82.1189,60.0,3307.4906,0,3,10.629954,10.621142,True,20-22-24-27-30-29-6-32-33-31-35-37-38-39-36-34-28-26-23-18-19-16-14-12-15-17-13-25-9-11-10-8-21|67-63-62-74-72-61-64-66-69-68-65-49-55-54-53-56-58-60-59-57-40-44-46-45-51-50-52-47-43-42-41-48-90|93-5-75-2-1-99-100-97-92-94-95-98-7-3-4-89-91-88-84-86-83-82-85-76-71-70-73-80-79-81-78-77-87-96
104,3,620.2873,82.1189,60.0,3307.4906,0,3,10.629954,10.621142,True,20-22-24-27-30-29-6-32-33-31-35-37-38-39-36-34-28-26-23-18-19-16-14-12-15-17-13-25-9-11-10-8-21|67-63-62-74-72-61-64-66-69-68-65-49-55-54-53-56-58-60-59-57-40-44-46-45-51-50-52-47-43-42-41-48-90|93-5-75-2-1-99-100-97-92-94-95-98-7-3-4-89-91-88-84-86-83-82-85-76-71-70-73-80-79-81-78-77-87-96
105,3,620.2873,82.1189,60.0,3307.4906,0,3,10.629954,10.621142,True,20-22-24-27-30-29-6-32-33-31-35-37-38-39-36-34-28-26-23-18-19-16-14-12-15-17-13-25-9-11-10-8-21|67-63-62-74-72-61-64-66-69-68-65-49-55-54-53-56-58-60-59-57-40-44-46-45-51-50-52-47-43-42-41-48-90|93-5-75-2-1-99-100-97-92-94-95-98-7-3-4-89-91-88-84-86-83-82-85-76-71-70-73-80-79-81-78-77-87-96
106,3,620.2873,82.1189,60.0,3307.4906,0,3,10.629954,10.621142,True,20-22-24-27-30-29-6-32-33-31-35-37-38-39-36-34-28-26-23-18-19-16-14-12-15-17-13-25-9-11-10-8-21|67-63-62-74-72-61-64-66-69-68-65-49-55-54-53-56-58-60-59-57-40-44-46-45-51-50-52-47-43-42-41-48-90|93-5-75-2-1-99-100-97-92-94-95-98-7-3-4-89-91-88-84-86-83-82-85-76-71-70-73-80-79-81-78-77-87-96
107,3,620.2873,82.1189,60.0,3307.4906,0,3,10.629954,10.621142,True,20-22-24-27-30-29-6-32-33-31-35-37-38-39-36-34-28-26-23-18-19-16-14-12-15-17-13-25-9-11-10-8-21|67-63-62-74-72-61-64-66-69-68-65-49-55-54-53-56-58-60-59-57-40-44-46-45-51-50-52-47-43-42-41-48-90|93-5-75-2-1-99-100-97-92-94-95-98-7-3-4-89-91-88-84-86-83-82-85-76-71-70-73-80-79-81-78-77-87-96
108,3,620.2873,82.1189,60.0,3307.4906,0,3,10.629954,10.621142,True,20-22-24-27-30-29-6-32-33-31-35-37-38-39-36-34-28-26-23-18-19-16-14-12-15-17-13-25-9-11-10-8-21|67-63-62-74-72-61-64-66-69-68-65-49-55-54-53-56-58-60-59-57-40-44-46-45-51-50-52-47-43-42-41-48-90|93-5-75-2-1-99-100-97-92-94-95-98-7-3-4-89-91-88-84-86-83-82-85-76-71-70-73-80-79-81-78-77-87-96
109,3,620.2873,82.1189,60.0,3307.4906,0,3,10.629954,10.621142,True,20-22-24-27-30-29-6-32-33-31-35-37-38-39-36-34-28-26-23-18-19-16-14-12-15-17-13-25-9-11-10-8-21|67-63-62-74-72-61-64-66-69-68-65-49-55-54-53-56-58-60-59-57-40-44-46-45-51-50-52-47-43-42-41-48-90|93-5-75-2-1-99-100-97-92-94-95-98-7-3-4-89-91-88-84-86-83-82-85-76-71-70-73-80-79-81-78-77-87-96
110,3,620.2873,82.1189,60.0,3307.4906,0,3,10.629954,10.621142,True,20-22-24-27-30-29-6-32-33-31-35-37-38-39-36-34-28-26-23-18-19-16-14-12-15-17-13-25-9-11-10-8-21|67-63-62-74-72-61-64-66-69-68-65-49-55-54-53-56-58-60-59-57-40-44-46-45-51-50-52-47-43-42-41-48-90|93-5-75-2-1-99-100-97-92-94-95-98-7-3-4-89-91-88-84-86-83-82-85-76-71-70-73-80-79-81-78-77-87-96
111,3,620.2873,82.1189,60.0,3307.4906,0,3,10.629954,10.621142,True,20-22-24-27-30-29-6-32-33-31-35-37-38-39-36-34-28-26-23-18-19-16-14-12-15-17-13-25-9-11-10-8-21|67-63-62-74-72-61-64-66-69-68-65-49-55-54-53-56-58-60-59-57-40-44-46-45-51-50-52-47-43-42-41-48-90|93-5-75-2-1-99-100-97-92-94-95-98-7-3-4-89-91-88-84-86-83-82-85-76-71-70-73-80-79-81-78-77-87-96
112,3,620.2873,82.1189,60.0,3307.4906,0,3,10.629954,10.621142,True,20-22-24-27-30-29-6-32-33-31-35-37-38-39-36-34-28-26-23-18-19-16-14-12-15-17-13-25-9-11-10-8-21|67-63-62-74-72-61-64-66-69-68-65-49-55-54-53-56-58-60-59-57-40-44-46-45-51-50-52-47-43-42-41-48-90|93-5-75-2-1-99-100-97-92-94-95-98-7-3-4-89-91-88-84-86-83-82-85-76-71-70-73-80-79-81-78-77-87-96
113,3,620.2873,82.1189,60.0,3307.4906,0,3,10.629954,10.621142,True,20-22-24-27-30-29-6-32-33-31-35-37-38-39-36-34-28-26-23-18-19-16-14-12-15-17-13-25-9-11-10-8-21|67-63-62-74-72-61-64-66-69-68-65-49-55-54-53-56-58-60-59-57-40-44-46-45-51-50-52-47-43-42-41-48-90|93-5-75-2-1-99-100-97-92-94-95-98-7-3-4-89-91-88-84-86-83-82-85-76-71-70-73-80-79-81-78-77-87-96
114,3,620.2873,82.1189,60.0,3307.4906,0,3,10.629954,10.621142,True,20-22-24-27-30-29-6-32-33-31-35-37-38-39-36-34-28-26-23-18-19-16-14-12-15-17-13-25-9-11-10-8-21|67-63-62-74-72-61-64-66-69-68-65-49-55-54-53-56-58-60-59-57-40-44-46-45-51-50-52-47-43-42-41-48-90|93-5-75-2-1-99-100-97-92-94-95-98-7-3-4-89-91-88-84-86-83-82-85-76-71-70-73-80-79-81-78-77-87-96
115,3,620.2873,82.1189,60.0,3307.4906,0,3,10.629954,10.621142,True,20-22-24-27-30-29-6-32-33-31-35-37-38-39-36-34-28-26-23-18-19-16-14-12-15-17-13-25-9-11-10-8-21|67-63-62-74-72-61-64-66-69-68-65-49-55-54-53-56-58-60-59-57-40-44-46-45-51-50-52-47-43-42-41-48-90|93-5-75-2-1-99-100-97-92-94-95-98-7-3-4-89-91-88-84-86-83-82-85-76-71-70-73-80-79-81-78-77-87-96
116,3,621.1105,18.6986,80.0,3307.4906,0,3,10.629954,10.613875,True,20-22-24-27-30-29-6-32-33-31-35-37-38-39-36-34-28-26-23-18-19-16-14-12-15-17-13-25-9-11-10-8-21-90|67-63-62-74-72-61-64-66-69-68-65-49-55-54-53-56-58-60-59-57-40-44-46-45-51-50-52-47-43-42-41-48|93-5-75-2-1-99-100-97-92-94-95-98-7-3-4-89-91-88-84-86-83-82-85-76-71-70-73-80-79-81-78-77-87-96
117,3,621.1105,18.6986,80.0,3307.4906,0,3,10.629954,10.613875,True,20-22-24-27-30-29-6-32-33-31-35-37-38-39-36-34-28-26-23-18-19-16-14-12-15-17-13-25-9-11-10-8-21-90|67-63-62-74-72-61-64-66-69-68-65-49-55-54-53-56-58-60-59-57-40-44-46-45-51-50-52-47-43-42-41-48|93-5-75-2-1-99-100-97-92-94-95-98-7-3-4-89-91-88-84-86-83-82-85-76-71-70-73-80-79-81-78-77-87-96
118,3,621.1105,18.6986,80.0,3307.4906,0,3,10.629954,10.613875,True,20-22-24-27-30-29-6-32-33-31-35-37-38-39-36-34-28-26-23-18-19-16-14-12-15-17-13-25-9-11-10-8-21-90|67-63-62-74-72-61-64-66-69-68-65-49-55-54-53-56-58-60-59-57-40-44-46-45-51-50-52-47-43-42-41-48|93-5-75-2-1-99-100-97-92-94-95-98-7-3-4-89-91-88-84-86-83-82-85-76-71-70-73-80-79-81-78-77-87-96
119,3,621.1105,18.6986,80.0,3307.4906,0,3,10.629954,10.613875,True,20-22-24-27-30-29-6-32-33-31-35-37-38-39-36-34-28-26-23-18-19-16-14-12-15-17-13-25-9-11-10-8-21-90|67-63-62-74-72-61-64-66-69-68-65-49-55-54-53-56-58-60-59-57-40-44-46-45-51-50-52-47-43-42-41-48|93-5-75-2-1-99-100-97-92-94-95-98-7-3-4-89-91-88-84-86-83-82-85-76-71-70-73-80-79-81-78-77-87-96
120,3,621.1105,18.6986,80.0,3307.4906,0,3,10.629954,10.613875,True,20-22-24-27-30-29-6-32-33-31-35-37-38-39-36-34-28-26-23-18-19-16-14-12-15-17-13-25-9-11-10-8-21-90|67-63-62-74-72-61-64-66-69-68-65-49-55-54-53-56-58-60-59-57-40-44-46-45-51-50-52-47-43-42-41-48|93-5-75-2-1-99-100-97-92-94-95-98-7-3-4-89-91-88-84-86-83-82-85-76-71-70-73-80-79-81-78-77-87-96
121,3,621.1105,18.6986,80.0,3307.4906,0,3,10.629954,10.613875,True,20-22-24-27-30-29-6-32-33-31-35-37-38-39-36-34-28-26-23-18-19-16-14-12-15-17-13-25-9-11-10-8-21-90|67-63-62-74-72-61-64-66-69-68-65-49-55-54-53-56-58-60-59-57-40-44-46-45-51-50-52-47-43-42-41-48|93-5-75-2-1-99-100-97-92-94-95-98-7-3-4-89-91-88-84-86-83-82-85-76-71-70-73-80-79-81-78-77-87-96
122,3,621.5097,18.6986,60.0,3307.4644,0,3,10.626015,10.608052,True,20-22-24-27-30-29-6-32-33-31-35-37-38-39-36-34-28-26-23-18-19-16-14-12-15-17-13-25-9-11-10-8-21|67-63-62-74-72-61-64-66-69-68-65-49-55-54-53-56-58-60-59-57-40-44-46-45-51-50-52-47-43-42-41-48-96|93-5-75-2-1-99-100-97-92-94-95-98-7-3-4-89-91-88-84-86-83-82-85-76-71-70-73-80-79-81-78-77-87-90
123,3,621.5097,18.6986,60.0,3307.4644,0,3,10.626015,10.608052,True,20-22-24-27-30-29-6-32-33-31-35-37-38-39-36-34-28-26-23-18-19-16-14-12-15-17-13-25-9-11-10-8-21|67-63-62-74-72-61-64-66-69-68-65-49-55-54-53-56-58-60-59-57-40-44-46-45-51-50-52-47-43-42-41-48-96|93-5-75-2-1-99-100-97-92-94-95-98-7-3-4-89-91-88-84-86-83-82-85-76-71-70-73-80-79-81-78-77-87-90
124,3,623.5704,63.4203,60.0,3292.0751,0,3,8.317618,8.304673,True,20-22-24-27-30-29-6-32-33-31-35-37-38-39-36-34-28-26-23-18-19-16-14-12-15-17-13-25-9-11-10-8-21|67-63-62-74-72-61-64-66-69-68-65-49-55-54-53-56-58-60-59-57-40-44-46-45-51-50-52-47-43-42-41-48-90|93-5-75-2-1-99-100-97-92-94-95-98-7-3-4-89-91-88-84-86-83-82-85-76-71-70-73-80-79-81-78-77-96-87
125,3,623.5704,63.4203,60.0,3292.0751,0,3,8.317618,8.304673,True,20-22-24-27-30-29-6-32-33-31-35-37-38-39-36-34-28-26-23-18-19-16-14-12-15-17-13-25-9-11-10-8-21|67-63-62-74-72-61-64-66-69-68-65-49-55-54-53-56-58-60-59-57-40-44-46-45-51-50-52-47-43-42-41-48-90|93-5-75-2-1-99-100-97-92-94-95-98-7-3-4-89-91-88-84-86-83-82-85-76-71-70-73-80-79-81-78-77-96-87
126,3,624.7976,15.0115,80.0,3307.4906,0,3,10.629954,10.614429,True,20-22-24-27-30-29-6-32-33-31-35-37-38-39-36-34-28-26-23-18-19-16-14-12-15-17-13-25-9-11-10-8-21-90|67-63-62-74-72-61-64-66-69-68-65-49-55-54-53-56-58-60-59-57-40-44-46-45-51-50-52-47-43-42-41-48|93-5-75-2-1-99-100-97-92-94-95-98-7-4-3-89-91-88-84-86-83-82-85-76-71-70-73-80-79-81-78-77-87-96
127,3,625.7086,33.1404,40.0,3263.9334,0,3,4.096362,4.073296,True,20-22-24-27-30-29-6-32-33-31-35-37-38-39-36-34-28-26-23-18-19-16-14-12-15-17-13-25-9-11-10-8-21|93-5-75-2-1-99-100-97-92-94-95-98-7-3-4-89-91-88-84-86-83-82-85-76-71-70-73-80-79-81-78-77-90|67-63-62-74-72-61-64-66-69-68-65-49-55-54-53-56-58-60-59-57-40-44-46-45-51-50-52-47-43-42-41-48-96-87
128,3,625.7086,33.1404,40.0,3263.9334,0,3,4.096362,4.073296,True,20-22-24-27-30-29-6-32-33-31-35-37-38-39-36-34-28-26-23-18-19-16-14-12-15-17-13-25-9-11-10-8-21|93-5-75-2-1-99-100-97-92-94-95-98-7-3-4-89-91-88-84-86-83-82-85-76-71-70-73-80-79-81-78-77-90|67-63-62-74-72-61-64-66-69-68-65-49-55-54-53-56-58-60-59-57-40-44-46-45-51-50-52-47-43-42-41-48-96-87
129,3,625.7086,33.1404,40.0,3263.9334,0,3,4.096362,4.073296,True,20-22-24-27-30-29-6-32-33-31-35-37-38-39-36-34-28-26-23-18-19-16-14-12-15-17-13-25-9-11-10-8-21|93-5-75-2-1-99-100-97-92-94-95-98-7-3-4-89-91-88-84-86-83-82-85-76-71-70-73-80-79-81-78-77-90|67-63-62-74-72-61-64-66-69-68-65-49-55-54-53-56-58-60-59-57-40-44-46-45-51-50-52-47-43-42-41-48-96-87
130,3,625.7086,33.1404,40.0,3263.9334,0,3,4.096362,4.073296,True,20-22-24-27-30-29-6-32-33-31-35-37-38-39-36-34-28-26-23-18-19-16-14-12-15-17-13-25-9-11-10-8-21|93-5-75-2-1-99-100-97-92-94-95-98-7-3-4-89-91-88-84-86-83-82-85-76-71-70-73-80-79-81-78-77-90|67-63-62-74-72-61-64-66-69-68-65-49-55-54-53-56-58-60-59-57-40-44-46-45-51-50-52-47-43-42-41-48-96-87
131,3,627.4712,0.0,80.0,3295.1528,0,3,8.779271,8.760445,True,20-22-24-27-30-29-6-32-33-31-35-37-38-39-36-34-28-26-23-18-19-16-14-12-15-17-13-25-9-11-10-8-21-90|67-63-62-74-72-61-64-66-69-68-65-49-55-54-53-56-58-60-59-57-40-44-46-45-51-50-52-47-43-42-41-48|93-5-75-2-1-99-100-97-92-94-95-98-3-7-4-89-91-88-84-86-83-82-85-76-71-70-73-80-79-81-78-77-96-87
132,3,627.4712,0.0,80.0,3295.1528,0,3,8.779271,8.760445,True,20-22-24-27-30-29-6-32-33-31-35-37-38-39-36-34-28-26-23-18-19-16-14-12-15-17-13-25-9-11-10-8-21-90|67-63-62-74-72-61-64-66-69-68-65-49-55-54-53-56-58-60-59-57-40-44-46-45-51-50-52-47-43-42-41-48|93-5-75-2-1-99-100-97-92-94-95-98-3-7-4-89-91-88-84-86-83-82-85-76-71-70-73-80-79-81-78-77-96-87
133,3,628.6592,5.5016,70.0,3307.4906,0,3,10.629954,10.613161,True,20-22-24-27-30-29-6-32-33-31-35-37-38-39-36-34-28-26-23-18-19-16-14-12-15-17-13-25-9-11-10-8-5-90|67-63-62-74-72-61-64-66-69-68-65-49-55-54-53-56-58-60-59-57-40-44-46-45-51-50-52-47-43-42-41-48|21-93-75-2-1-99-100-97-92-94-95-98-7-3-4-89-91-88-84-86-83-82-85-76-71-70-73-80-79-81-78-77-87-96
134,3,628.6592,5.5016,70.0,3307.4906,0,3,10.629954,10.613161,True,20-22-24-27-30-29-6-32-33-31-35-37-38-39-36-34-28-26-23-18-19-16-14-12-15-17-13-25-9-11-10-8-5-90|67-63-62-74-72-61-64-66-69-68-65-49-55-54-53-56-58-60-59-57-40-44-46-45-51-50-52-47-43-42-41-48|21-93-75-2-1-99-100-97-92-94-95-98-7-3-4-89-91-88-84-86-83-82-85-76-71-70-73-80-79-81-78-77-87-96
135,3,628.7863,30.0627,40.0,3263.9334,0,3,4.096362,4.073757,True,20-22-24-27-30-29-6-32-33-31-35-37-38-39-36-34-28-26-23-18-19-16-14-12-15-17-13-25-9-11-10-8-21|93-5-75-2-1-99-100-97-92-94-95-98-3-7-4-89-91-88-84-86-83-82-85-76-71-70-73-80-79-81-78-77-90|67-63-62-74-72-61-64-66-69-68-65-49-55-54-53-56-58-60-59-57-40-44-46-45-51-50-52-47-43-42-41-48-96-87
136,3,628.7863,30.0627,40.0,3263.9334,0,3,4.096362,4.073757,True,20-22-24-27-30-29-6-32-33-31-35-37-38-39-36-34-28-26-23-18-19-16-14-12-15-17-13-25-9-11-10-8-21|93-5-75-2-1-99-100-97-92-94-95-98-3-7-4-89-91-88-84-86-83-82-85-76-71-70-73-80-79-81-78-77-90|67-63-62-74-72-61-64-66-69-68-65-49-55-54-53-56-58-60-59-57-40-44-46-45-51-50-52-47-43-42-41-48-96-87
137,3,634.2277,24.6213,40.0,3263.9334,0,3,4.096362,4.074574,True,20-22-24-27-30-29-6-32-33-31-35-37-38-39-36-34-28-26-23-18-19-16-14-12-15-17-13-25-9-11-10-8-21|93-5-75-2-99-100-97-92-94-95-98-1-7-3-4-89-91-88-84-86-83-82-85-76-71-70-73-80-79-81-78-77-90|67-63-62-74-72-61-64-66-69-68-65-49-55-54-53-56-58-60-59-57-40-44-46-45-51-50-52-47-43-42-41-48-96-87
138,3,634.2277,24.6213,40.0,3263.9334,0,3,4.096362,4.074574,True,20-22-24-27-30-29-6-32-33-31-35-37-38-39-36-34-28-26-23-18-19-16-14-12-15-17-13-25-9-11-10-8-21|93-5-75-2-99-100-97-92-94-95-98-1-7-3-4-89-91-88-84-86-83-82-85-76-71-70-73-80-79-81-78-77-90|67-63-62-74-72-61-64-66-69-68-65-49-55-54-53-56-58-60-59-57-40-44-46-45-51-50-52-47-43-42-41-48-96-87
139,3,636.1105,13.6868,30.0,3388.2084,0,3,22.737618,22.732396,True,20-22-24-27-30-29-6-32-33-31-35-37-38-39-36-28-26-23-18-19-16-14-12-15-17-13-25-9-11-10-8|67-63-62-74-72-61-64-66-69-68-65-49-55-54-53-56-58-60-59-57-40-44-46-45-51-50-52-47-43-42-41-48-34-21|93-5-75-2-1-99-100-97-92-94-95-98-7-3-4-89-91-88-84-86-83-82-85-76-71-70-73-80-79-81-78-77-96-87-90
140,3,636.1105,13.6868,30.0,3388.2084,0,3,22.737618,22.732396,True,67-63-62-74-72-61-64-66-69-68-65-49-55-54-53-56-58-60-59-57-40-44-46-45-51-50-52-47-43-42-41-48-34-21|93-5-75-2-1-99-100-97-92-94-95-98-7-3-4-89-91-88-84-86-83-82-85-76-71-70-73-80-79-81-78-77-96-87-90|20-22-24-27-30-29-6-32-33-31-35-37-38-39-36-28-26-23-18-19-16-14-12-15-17-13-25-9-11-10-8
141,3,636.1105,13.6868,30.0,3388.2084,0,3,22.737618,22.732396,True,20-22-24-27-30-29-6-32-33-31-35-37-38-39-36-28-26-23-18-19-16-14-12-15-17-13-25-9-11-10-8|67-63-62-74-72-61-64-66-69-68-65-49-55-54-53-56-58-60-59-57-40-44-46-45-51-50-52-47-43-42-41-48-34-21|93-5-75-2-1-99-100-97-92-94-95-98-7-3-4-89-91-88-84-86-83-82-85-76-71-70-73-80-79-81-78-77-96-87-90
142,4,638.597,2925.5775,340.0,3229.6155,0,4,410.552306,410.992124,True,20-22-24-27-30-29-6-32-33-31-35-37-38-39-36-34-28-26-23-18-19-16-14-12-15-17-13-25-9-11-10-8-21|67-62-74-72-61-64-66-69-68-65-49-55-54-53-56-58-60-59-57-40-44-46-45-51-50-52-47-43-42-41-48|93-5-75-2-1-99-100-97-92-94-95-98-7-3-4-89-91-88-84-86-90|63-96-83-82-85-76-71-70-73-80-79-81-78-77-87
143,4,638.597,2925.5775,340.0,3229.6155,0,4,410.552306,410.992124,True,20-22-24-27-30-29-6-32-33-31-35-37-38-39-36-34-28-26-23-18-19-16-14-12-15-17-13-25-9-11-10-8-21|67-62-74-72-61-64-66-69-68-65-49-55-54-53-56-58-60-59-57-40-44-46-45-51-50-52-47-43-42-41-48|93-5-75-2-1-99-100-97-92-94-95-98-7-3-4-89-91-88-84-86-90|63-96-83-82-85-76-71-70-73-80-79-81-78-77-87
144,4,641.3472,76.4401,620.0,3229.6155,0,4,55.37,55.411273,True,20-22-24-27-30-29-6-32-33-31-35-37-38-39-36-34-28-26-23-18-19-16-14-12-15-17-13-25-9-11-10-8-21|48|93-5-75-2-1-99-100-97-92-94-95-98-7-3-4-89-91-88-84-86-83-82-85-76-71-70-73-80-79-81-78-77-90|67-63-62-74-72-61-64-66-69-68-65-49-55-54-53-56-58-60-59-57-40-44-46-45-51-50-52-47-43-42-41-96-87
145,4,641.3472,76.4401,620.0,3229.6155,0,4,55.37,55.411273,True,20-22-24-27-30-29-6-32-33-31-35-37-38-39-36-34-28-26-23-18-19-16-14-12-15-17-13-25-9-11-10-8-21|48|93-5-75-2-1-99-100-97-92-94-95-98-7-3-4-89-91-88-84-86-83-82-85-76-71-70-73-80-79-81-78-77-90|67-63-62-74-72-61-64-66-69-68-65-49-55-54-53-56-58-60-59-57-40-44-46-45-51-50-52-47-43-42-41-96-87
146,3,644.1486,26.0486,10.0,3308.186,0,3,10.734262,10.719302,True,20-22-24-27-30-29-6-32-33-31-35-37-38-39-36-28-26-23-18-19-16-14-12-15-17-13-25-9-11-10-5-8|67-63-62-74-72-61-64-66-69-68-65-49-55-54-53-56-58-60-59-57-40-44-46-45-51-50-52-47-43-42-41-48-34-21|93-75-2-1-99-100-97-92-94-95-98-7-3-4-89-91-88-84-86-83-82-85-76-71-70-73-80-79-81-78-77-96-87-90
147,3,644.1486,26.0486,10.0,3308.186,0,3,10.734262,10.719302,True,20-22-24-27-30-29-6-32-33-31-35-37-38-39-36-28-26-23-18-19-16-14-12-15-17-13-25-9-11-10-5-8|67-63-62-74-72-61-64-66-69-68-65-49-55-54-53-56-58-60-59-57-40-44-46-45-51-50-52-47-43-42-41-48-34-21|93-75-2-1-99-100-97-92-94-95-98-7-3-4-89-91-88-84-86-83-82-85-76-71-70-73-80-79-81-78-77-96-87-90
148,4,646.0952,2918.0793,370.0,3229.6155,0,4,409.427575,409.871518,True,20-22-24-27-30-29-6-32-33-31-35-37-38-39-36-34-28-26-23-18-19-16-14-12-15-17-13-25-9-11-10-8-21|67-62-74-72-61-64-66-69-68-65-49-55-54-53-56-58-60-59-57-40-44-46-45-51-50-52-47-43-42-41-48|93-5-75-2-1-99-100-97-92-94-95-98-7-3-4-89-91-88-84-86-83-82-90|63-96-85-76-71-70-73-80-79-81-78-77-87
149,4,646.0952,2918.0793,370.0,3229.6155,0,4,409.427575,409.871518,True,20-22-24-27-30-29-6-32-33-31-35-37-38-39-36-34-28-26-23-18-19-16-14-12-15-17-13-25-9-11-10-8-21|67-62-74-72-61-64-66-69-68-65-49-55-54-53-56-58-60-59-57-40-44-46-45-51-50-52-47-43-42-41-48|93-5-75-2-1-99-100-97-92-94-95-98-7-3-4-89-91-88-84-86-83-82-90|63-96-85-76-71-70-73-80-79-81-78-77-87
150,4,646.0952,2918.0793,370.0,3229.6155,0,4,409.427575,409.871518,True,20-22-24-27-30-29-6-32-33-31-35-37-38-39-36-34-28-26-23-18-19-16-14-12-15-17-13-25-9-11-10-8-21|67-62-74-72-61-64-66-69-68-65-49-55-54-53-56-58-60-59-57-40-44-46-45-51-50-52-47-43-42-41-48|93-5-75-2-1-99-100-97-92-94-95-98-7-3-4-89-91-88-84-86-83-82-90|63-96-85-76-71-70-73-80-79-81-78-77-87
151,4,646.0952,2918.0793,370.0,3229.6155,0,4,409.427575,409.871518,True,20-22-24-27-30-29-6-32-33-31-35-37-38-39-36-34-28-26-23-18-19-16-14-12-15-17-13-25-9-11-10-8-21|67-62-74-72-61-64-66-69-68-65-49-55-54-53-56-58-60-59-57-40-44-46-45-51-50-52-47-43-42-41-48|93-5-75-2-1-99-100-97-92-94-95-98-7-3-4-89-91-88-84-86-82-83-90|63-96-85-76-71-70-73-80-79-81-78-77-87
152,4,647.1099,2917.0646,550.0,3229.6155,0,4,409.275362,409.737457,True,20-22-24-27-30-29-6-32-33-31-35-37-38-39-36-34-28-26-23-18-19-16-14-12-15-17-13-25-9-11-10-8-21|67-63-62-74-61-64-49-55-54-53-56-58-60-59-57-40-44-46-45-51-50-52-47-43-42-41-48|93-5-75-2-1-99-100-97-92-94-95-98-7-3-4-89-91-88-84-86-83-82-85-76-71-70-73-80-79-81-78-77-90|66-69-68-65-72-96-87
153,4,647.1099,2917.0646,550.0,3229.6155,0,4,409.275362,409.737457,True,20-22-24-27-30-29-6-32-33-31-35-37-38-39-36-34-28-26-23-18-19-16-14-12-15-17-13-25-9-11-10-8-21|67-63-62-74-61-64-49-55-54-53-56-58-60-59-57-40-44-46-45-51-50-52-47-43-42-41-48|93-5-75-2-1-99-100-97-92-94-95-98-7-3-4-89-91-88-84-86-83-82-85-76-71-70-73-80-79-81-78-77-90|66-69-68-65-72-96-87
154,4,648.0527,2916.1218,320.0,3229.6155,0,4,409.133945,409.573181,True,20-22-24-27-30-29-6-32-33-31-35-37-38-39-36-34-28-26-23-18-19-16-14-12-15-17-13-25-9-11-10-8-21|67-62-72-61-64-66-69-68-65-49-55-54-53-56-58-60-59-57-40-44-46-45-51-50-52-47-43-42-41-48|93-5-75-2-1-99-100-97-92-94-95-98-7-3-4-89-91-88-84-86-82-83-90|63-74-96-85-76-71-70-73-80-79-81-78-77-87
155,4,648.0527,2916.1218,320.0,3229.6155,0,4,409.133945,409.573181,True,20-22-24-27-30-29-6-32-33-31-35-37-38-39-36-34-28-26-23-18-19-16-14-12-15-17-13-25-9-11-10-8-21|67-62-72-61-64-66-69-68-65-49-55-54-53-56-58-60-59-57-40-44-46-45-51-50-52-47-43-42-41-48|93-5-75-2-1-99-100-97-92-94-95-98-7-3-4-89-91-88-84-86-82-83-90|63-74-96-85-76-71-70-73-80-79-81-78-77-87
156,4,649.0573,71.6025,620.0,3229.6155,0,4,55.37,55.41286,True,20-22-24-27-30-29-6-32-33-31-35-37-38-39-36-34-28-26-23-18-19-16-14-12-15-17-13-25-9-11-10-8-21|67|93-5-75-2-1-99-100-97-92-94-95-98-7-3-4-89-91-88-84-86-83-82-85-76-71-70-73-80-79-81-78-77-90|63-62-74-72-61-64-66-69-68-65-49-55-54-53-56-58-60-59-57-40-44-46-45-51-50-52-47-43-42-41-48-96-87
157,4,649.0573,71.6025,620.0,3229.6155,0,4,55.37,55.41286,True,20-22-24-27-30-29-6-32-33-31-35-37-38-39-36-34-28-26-23-18-19-16-14-12-15-17-13-25-9-11-10-8-21|67|93-5-75-2-1-99-100-97-92-94-95-98-7-3-4-89-91-88-84-86-83-82-85-76-71-70-73-80-79-81-78-77-90|63-62-74-72-61-64-66-69-68-65-49-55-54-53-56-58-60-59-57-40-44-46-45-51-50-52-47-43-42-41-48-96-87
158,4,649.0573,71.6025,620.0,3229.6155,0,4,55.37,55.41286,True,20-22-24-27-30-29-6-32-33-31-35-37-38-39-36-34-28-26-23-18-19-16-14-12-15-17-13-25-9-11-10-8-21|93-5-75-2-1-99-100-97-92-94-95-98-7-3-4-89-91-88-84-86-83-82-85-76-71-70-73-80-79-81-78-77-90|63-62-74-72-61-64-66-69-68-65-49-55-54-53-56-58-60-59-57-40-44-46-45-51-50-52-47-43-42-41-48-96-87|67
159,4,649.0573,71.6025,620.0,3229.6155,0,4,55.37,55.41286,True,20-22-24-27-30-29-6-32-33-31-35-37-38-39-36-34-28-26-23-18-19-16-14-12-15-17-13-25-9-11-10-8-21|67|93-5-75-2-1-99-100-97-92-94-95-98-7-3-4-89-91-88-84-86-83-82-85-76-71-70-73-80-79-81-78-77-90|63-62-74-72-61-64-66-69-68-65-49-55-54-53-56-58-60-59-57-40-44-46-45-51-50-52-47-43-42-41-48-96-87
160,4,651.8238,83.565,580.0,3229.6155,0,4,51.37,51.411484,True,20-22-24-27-30-29-6-32-33-31-35-37-38-39-36-34-28-26-23-18-19-16-14-12-15-17-13-25-9-11-10-8-21|63|93-5-75-2-1-99-100-97-92-94-95-98-7-3-4-89-91-88-84-86-83-82-85-76-71-70-73-80-79-81-78-77-90|67-62-74-72-61-64-66-69-68-65-49-55-54-53-56-58-60-59-57-40-44-46-45-51-50-52-47-43-42-41-48-96-87
161,4,651.8238,83.565,580.0,3229.6155,0,4,51.37,51.411484,True,20-22-24-27-30-29-6-32-33-31-35-37-38-39-36-34-28-26-23-18-19-16-14-12-15-17-13-25-9-11-10-8-21|63|93-5-75-2-1-99-100-97-92-94-95-98-7-3-4-89-91-88-84-86-83-82-85-76-71-70-73-80-79-81-78-77-90|67-62-74-72-61-64-66-69-68-65-49-55-54-53-56-58-60-59-57-40-44-46-45-51-50-52-47-43-42-41-48-96-87
162,4,652.8785,162.7169,570.0,3229.6155,0,4,50.37,50.422674,True,20-22-24-27-30-29-6-32-33-31-35-37-38-39-36-34-28-26-23-18-19-16-14-12-15-17-13-25-9-11-10-8-21|93-5-75-2-1-99-100-97-92-94-95-98-7-3-4-89-91-88-84-86-83-82-85-76-71-70-73-80-79-81-78-77-90|62-74-72-61-64-66-69-68-65-49-55-54-53-56-58-60-59-57-40-44-46-45-51-50-52-47-43-42-41-48-96-87|67-63
163,4,652.8785,162.7169,570.0,3229.6155,0,4,50.37,50.422674,True,20-22-24-27-30-29-6-32-33-31-35-37-38-39-36-34-28-26-23-18-19-16-14-12-15-17-13-25-9-11-10-8-21|93-5-75-2-1-99-100-97-92-94-95-98-7-3-4-89-91-88-84-86-83-82-85-76-71-70-73-80-79-81-78-77-90|62-74-72-61-64-66-69-68-65-49-55-54-53-56-58-60-59-57-40-44-46-45-51-50-52-47-43-42-41-48-96-87|67-63
164,4,653.7466,833.566,550.0,3229.6155,0,4,96.750573,96.902134,True,20-22-24-27-30-29-6-32-33-31-35-37-38-39-36-34-28-26-23-18-19-16-14-12-15-17-13-25-9-11-10-8-21|63-66-69-48|93-5-75-2-1-99-100-97-92-94-95-98-7-3-4-89-91-88-84-86-83-82-85-76-71-70-73-80-79-81-78-77-90|67-62-74-72-61-64-68-65-49-55-54-53-56-58-60-59-57-40-44-46-45-51-50-52-47-43-42-41-96-87
165,4,653.7466,833.566,550.0,3229.6155,0,4,96.750573,96.902134,True,20-22-24-27-30-29-6-32-33-31-35-37-38-39-36-34-28-26-23-18-19-16-14-12-15-17-13-25-9-11-10-8-21|63-66-69-48|93-5-75-2-1-99-100-97-92-94-95-98-7-3-4-89-91-88-84-86-83-82-85-76-71-70-73-80-79-81-78-77-90|67-62-74-72-61-64-68-65-49-55-54-53-56-58-60-59-57-40-44-46-45-51-50-52-47-43-42-41-96-87
166,4,653.7835,66.8763,620.0,3229.6155,0,4,55.37,55.413569,True,20-22-24-27-30-29-6-32-33-31-35-37-38-39-36-34-28-26-23-18-19-16-14-12-15-17-13-25-9-11-10-8-21|93-5-75-2-1-99-100-97-92-94-95-98-7-3-4-89-91-88-84-86-83-82-85-76-71-70-73-80-79-81-78-77-90|48-63-62-74-72-61-64-66-69-68-65-49-55-54-53-56-58-60-59-57-40-44-46-45-51-50-52-47-43-42-41-96-87|67
167,4,653.7835,66.8763,620.0,3229.6155,0,4,55.37,55.413569,True,20-22-24-27-30-29-6-32-33-31-35-37-38-39-36-34-28-26-23-18-19-16-14-12-15-17-13-25-9-11-10-8-21|93-5-75-2-1-99-100-97-92-94-95-98-7-3-4-89-91-88-84-86-83-82-85-76-71-70-73-80-79-81-78-77-90|48-63-62-74-72-61-64-66-69-68-65-49-55-54-53-56-58-60-59-57-40-44-46-45-51-50-52-47-43-42-41-96-87|67
168,3,654.3007,10.4635,40.0,3263.9334,0,3,7.37037,7.35248,True,20-22-24-27-30-29-6-32-33-31-35-37-38-39-36-34-28-26-23-18-19-16-14-12-15-17-13-25-9-11-10-8-21|93-5-75-2-1-99-100-97-92-94-95-98-7-3-4-89-91-88-84-86-83-82-76-71-70-73-85-80-79-81-78-77-90|67-63-62-74-72-61-64-66-69-68-65-49-55-54-53-56-58-60-59-57-40-44-46-45-51-50-52-47-43-42-41-48-96-87
169,3,654.3007,10.4635,40.0,3263.9334,0,3,7.37037,7.35248,True,20-22-24-27-30-29-6-32-33-31-35-37-38-39-36-34-28-26-23-18-19-16-14-12-15-17-13-25-9-11-10-8-21|93-5-75-2-1-99-100-97-92-94-95-98-7-3-4-89-91-88-84-86-83-82-76-71-70-73-85-80-79-81-78-77-90|67-63-62-74-72-61-64-66-69-68-65-49-55-54-53-56-58-60-59-57-40-44-46-45-51-50-52-47-43-42-41-48-96-87
170,4,654.8013,832.5113,540.0,3229.6155,0,4,96.592373,96.743092,True,20-22-24-27-30-29-6-32-33-31-35-37-38-39-36-34-28-26-23-18-19-16-14-12-15-17-13-25-9-11-10-8-21|67-63-66-69-48|93-5-75-2-1-99-100-97-92-94-95-98-7-3-4-89-91-88-84-86-83-82-85-76-71-70-73-80-79-81-78-77-90|62-74-72-61-64-68-65-49-55-54-53-56-58-60-59-57-40-44-46-45-51-50-52-47-43-42-41-96-87
171,4,654.8013,832.5113,540.0,3229.6155,0,4,96.592373,96.743092,True,20-22-24-27-30-29-6-32-33-31-35-37-38-39-36-34-28-26-23-18-19-16-14-12-15-17-13-25-9-11-10-8-21|67-63-66-69-48|93-5-75-2-1-99-100-97-92-94-95-98-7-3-4-89-91-88-84-86-83-82-85-76-71-70-73-80-79-81-78-77-90|62-74-72-61-64-68-65-49-55-54-53-56-58-60-59-57-40-44-46-45-51-50-52-47-43-42-41-96-87
172,4,656.5402,269.4767,560.0,3229.6155,0,4,49.37,49.438786,True,20-22-24-27-30-29-6-32-33-31-35-37-38-39-36-34-28-26-23-18-19-16-14-12-15-17-13-25-9-11-10-8-21|63-67-48|93-5-75-2-1-99-100-97-92-94-95-98-7-3-4-89-91-88-84-86-83-82-85-76-71-70-73-80-79-81-78-77-90|62-74-72-61-64-66-69-68-65-49-55-54-53-56-58-60-59-57-40-44-46-45-51-50-52-47-43-42-41-96-87
173,4,656.5402,269.4767,560.0,3229.6155,0,4,49.37,49.438786,True,20-22-24-27-30-29-6-32-33-31-35-37-38-39-36-34-28-26-23-18-19-16-14-12-15-17-13-25-9-11-10-8-21|63-67-48|93-5-75-2-1-99-100-97-92-94-95-98-7-3-4-89-91-88-84-86-83-82-85-76-71-70-73-80-79-81-78-77-90|62-74-72-61-64-66-69-68-65-49-55-54-53-56-58-60-59-57-40-44-46-45-51-50-52-47-43-42-41-96-87
174,4,657.0165,927.6624,530.0,3229.6155,0,4,110.865036,111.029693,True,20-22-24-27-30-29-6-32-33-31-35-37-38-39-36-34-28-26-23-18-19-16-14-12-15-17-13-25-9-11-10-8-21|67-63-66-69-68-48|93-5-75-2-1-99-100-97-92-94-95-98-7-3-4-89-91-88-84-86-83-82-85-76-71-70-73-80-79-81-78-77-90|62-74-72-61-64-65-49-55-54-53-56-58-60-59-57-40-44-46-45-51-50-52-47-43-42-41-96-87
175,4,657.0165,927.6624,530.0,3229.6155,0,4,110.865036,111.029693,True,20-22-24-27-30-29-6-32-33-31-35-37-38-39-36-34-28-26-23-18-19-16-14-12-15-17-13-25-9-11-10-8-21|67-63-66-69-68-48|93-5-75-2-1-99-100-97-92-94-95-98-7-3-4-89-91-88-84-86-83-82-85-76-71-70-73-80-79-81-78-77-90|62-74-72-61-64-65-49-55-54-53-56-58-60-59-57-40-44-46-45-51-50-52-47-43-42-41-96-87
176,3,662.1241,146.9614,10.0,3307.4906,0,3,10.629954,10.638419,True,20-22-24-27-30-29-6-32-33-31-35-37-38-39-36-28-26-23-18-19-16-14-12-15-17-13-25-9-11-10-8-90|67-63-62-74-72-61-64-66-69-68-65-49-55-54-53-56-58-60-59-57-40-44-46-45-51-50-52-47-43-42-41-48-34-21|93-5-75-2-1-99-100-97-92-94-95-98-7-3-4-89-91-88-84-86-83-82-85-76-71-70-73-80-79-81-78-77-87-96
177,3,662.1241,146.9614,10.0,3307.4906,0,3,10.629954,10.638419,True,20-22-24-27-30-29-6-32-33-31-35-37-38-39-36-28-26-23-18-19-16-14-12-15-17-13-25-9-11-10-8-90|67-63-62-74-72-61-64-66-69-68-65-49-55-54-53-56-58-60-59-57-40-44-46-45-51-50-52-47-43-42-41-48-34-21|93-5-75-2-1-99-100-97-92-94-95-98-7-3-4-89-91-88-84-86-83-82-85-76-71-70-73-80-79-81-78-77-87-96
178,3,663.2888,145.7968,10.0,3307.4906,0,3,10.629954,10.638594,True,20-22-24-27-30-29-6-32-33-31-35-37-38-39-36-28-26-23-18-19-16-14-12-15-17-13-25-9-11-10-8-5-90|67-63-62-74-72-61-64-66-69-68-65-49-55-54-53-56-58-60-59-57-40-44-46-45-51-50-52-47-43-42-41-48-34-21|93-75-2-1-99-100-97-92-94-95-98-7-3-4-89-91-88-84-86-83-82-85-76-71-70-73-80-79-81-78-77-87-96
179,3,663.2888,145.7968,10.0,3307.4906,0,3,10.629954,10.638594,True,20-22-24-27-30-29-6-32-33-31-35-37-38-39-36-28-26-23-18-19-16-14-12-15-17-13-25-9-11-10-8-5-90|67-63-62-74-72-61-64-66-69-68-65-49-55-54-53-56-58-60-59-57-40-44-46-45-51-50-52-47-43-42-41-48-34-21|93-75-2-1-99-100-97-92-94-95-98-7-3-4-89-91-88-84-86-83-82-85-76-71-70-73-80-79-81-78-77-87-96
180,3,663.4382,145.6473,10.0,3307.4906,0,3,10.629954,10.638616,True,20-22-24-27-30-29-6-32-33-31-35-37-38-39-36-28-26-23-18-19-16-12-14-15-17-13-25-9-11-10-8-90|67-63-62-74-72-61-64-66-69-68-65-49-55-54-53-56-58-60-59-57-40-44-46-45-51-50-52-47-43-42-41-48-34-21|93-5-75-2-1-99-100-97-92-94-95-98-7-3-4-89-91-88-84-86-83-82-85-76-71-70-73-80-79-81-78-77-87-96
181,3,663.4382,145.6473,10.0,3307.4906,0,3,10.629954,10.638616,True,20-22-24-27-30-29-6-32-33-31-35-37-38-39-36-28-26-23-18-19-16-12-14-15-17-13-25-9-11-10-8-90|67-63-62-74-72-61-64-66-69-68-65-49-55-54-53-56-58-60-59-57-40-44-46-45-51-50-52-47-43-42-41-48-34-21|93-5-75-2-1-99-100-97-92-94-95-98-7-3-4-89-91-88-84-86-83-82-85-76-71-70-73-80-79-81-78-77-87-96
182,3,665.2018,143.8837,10.0,3307.4906,0,3,10.640715,10.649642,True,20-22-24-27-30-29-6-32-33-31-35-37-38-39-36-28-26-23-18-19-16-14-12-15-17-13-25-9-11-10-8-90|67-63-62-74-72-61-64-66-69-68-65-49-55-54-53-56-58-60-59-57-40-44-46-45-51-50-52-47-43-42-41-48-34-21|93-5-75-2-1-99-100-97-92-94-95-98-3-7-4-89-91-88-84-86-83-82-85-76-71-70-73-80-79-81-78-77-87-96
183,3,665.2018,143.8837,10.0,3307.4906,0,3,10.640715,10.649642,True,20-22-24-27-30-29-6-32-33-31-35-37-38-39-36-28-26-23-18-19-16-14-12-15-17-13-25-9-11-10-8-90|67-63-62-74-72-61-64-66-69-68-65-49-55-54-53-56-58-60-59-57-40-44-46-45-51-50-52-47-43-42-41-48-34-21|93-5-75-2-1-99-100-97-92-94-95-98-3-7-4-89-91-88-84-86-83-82-85-76-71-70-73-80-79-81-78-77-87-96
184,3,665.8113,143.2742,10.0,3307.4906,0,3,10.823552,10.83257,True,20-22-24-27-30-29-6-32-33-31-35-37-38-39-36-28-26-23-18-19-16-14-12-15-17-13-25-9-11-10-8-90|67-63-62-74-72-61-64-66-69-68-65-49-55-54-53-56-58-60-59-57-40-44-46-45-51-50-52-47-43-42-41-48-34-21|93-5-75-2-1-99-100-97-92-94-95-98-7-4-3-89-91-88-84-86-83-82-85-76-71-70-73-80-79-81-78-77-87-96
185,3,665.8113,143.2742,10.0,3307.4906,0,3,10.823552,10.83257,True,20-22-24-27-30-29-6-32-33-31-35-37-38-39-36-28-26-23-18-19-16-14-12-15-17-13-25-9-11-10-8-90|67-63-62-74-72-61-64-66-69-68-65-49-55-54-53-56-58-60-59-57-40-44-46-45-51-50-52-47-43-42-41-48-34-21|93-5-75-2-1-99-100-97-92-94-95-98-7-4-3-89-91-88-84-86-83-82-85-76-71-70-73-80-79-81-78-77-87-96
186,4,666.0237,821.2889,550.0,3229.6155,0,4,94.909011,95.062414,True,20-22-24-27-30-29-6-32-33-31-35-37-38-39-36-34-28-26-23-18-19-16-14-12-15-17-13-25-9-11-10-8-21|63-66-69-48|93-5-75-2-1-99-100-97-92-94-95-98-7-3-4-89-91-88-84-86-83-82-85-76-71-70-73-80-79-81-78-87|67-62-74-72-61-64-68-65-49-55-54-53-56-58-60-59-57-40-44-46-45-51-50-52-47-43-42-41-96-77-90
187,4,666.0237,821.2889,550.0,3229.6155,0,4,94.909011,95.062414,True,20-22-24-27-30-29-6-32-33-31-35-37-38-39-36-34-28-26-23-18-19-16-14-12-15-17-13-25-9-11-10-8-21|63-66-69-48|93-5-75-2-1-99-100-97-92-94-95-98-7-3-4-89-91-88-84-86-83-82-85-76-71-70-73-80-79-81-78-87|67-62-74-72-61-64-68-65-49-55-54-53-56-58-60-59-57-40-44-46-45-51-50-52-47-43-42-41-96-77-90
188,4,666.0693,833.566,510.0,3229.6155,0,4,96.750573,96.901831,True,20-22-24-27-30-29-6-32-33-31-35-37-38-39-36-34-28-26-23-18-19-16-14-12-15-17-13-25-9-11-10-8|63-66-69-48-21|93-5-75-2-1-99-100-97-92-94-95-98-7-3-4-89-91-88-84-86-83-82-85-76-71-70-73-80-79-81-78-77-90|67-62-74-72-61-64-68-65-49-55-54-53-56-58-60-59-57-40-44-46-45-51-50-52-47-43-42-41-96-87
189,4,666.0693,833.566,510.0,3229.6155,0,4,96.750573,96.901831,True,20-22-24-27-30-29-6-32-33-31-35-37-38-39-36-34-28-26-23-18-19-16-14-12-15-17-13-25-9-11-10-8|63-66-69-48-21|93-5-75-2-1-99-100-97-92-94-95-98-7-3-4-89-91-88-84-86-83-82-85-76-71-70-73-80-79-81-78-77-90|67-62-74-72-61-64-68-65-49-55-54-53-56-58-60-59-57-40-44-46-45-51-50-52-47-43-42-41-96-87
190,4,666.6646,820.6479,550.0,3229.6155,0,4,94.812867,94.966366,True,20-22-24-27-30-29-6-32-33-31-35-37-38-39-36-34-28-26-23-18-19-16-14-12-15-17-13-25-9-11-10-8-21|63-66-69-48|93-5-75-2-1-99-100-97-92-94-95-98-7-3-4-89-91-88-84-86-83-82-85-76-71-70-73-80-79-81-78-90|67-62-74-72-61-64-68-65-49-55-54-53-56-58-60-59-57-40-44-46-45-51-50-52-47-43-42-41-96-77-87
191,4,666.6646,820.6479,550.0,3229.6155,0,4,94.812867,94.966366,True,20-22-24-27-30-29-6-32-33-31-35-37-38-39-36-34-28-26-23-18-19-16-14-12-15-17-13-25-9-11-10-8-21|63-66-69-48|93-5-75-2-1-99-100-97-92-94-95-98-7-3-4-89-91-88-84-86-83-82-85-76-71-70-73-80-79-81-78-90|67-62-74-72-61-64-68-65-49-55-54-53-56-58-60-59-57-40-44-46-45-51-50-52-47-43-42-41-96-77-87
192,4,667.124,832.5113,500.0,3229.6155,0,4,96.592373,96.742789,True,20-22-24-27-30-29-6-32-33-31-35-37-38-39-36-34-28-26-23-18-19-16-14-12-15-17-13-25-9-11-10-8|67-63-66-69-48-21|93-5-75-2-1-99-100-97-92-94-95-98-7-3-4-89-91-88-84-86-83-82-85-76-71-70-73-80-79-81-78-77-90|62-74-72-61-64-68-65-49-55-54-53-56-58-60-59-57-40-44-46-45-51-50-52-47-43-42-41-96-87
193,4,667.124,832.5113,500.0,3229.6155,0,4,96.592373,96.742789,True,20-22-24-27-30-29-6-32-33-31-35-37-38-39-36-34-28-26-23-18-19-16-14-12-15-17-13-25-9-11-10-8|67-63-66-69-48-21|93-5-75-2-1-99-100-97-92-94-95-98-7-3-4-89-91-88-84-86-83-82-85-76-71-70-73-80-79-81-78-77-90|62-74-72-61-64-68-65-49-55-54-53-56-58-60-59-57-40-44-46-45-51-50-52-47-43-42-41-96-87
194,4,667.5032,148.0922,570.0,3229.6155,0,4,50.37,50.424867,True,20-22-24-27-30-29-6-32-33-31-35-37-38-39-36-34-28-26-23-18-19-16-14-12-15-17-13-25-9-11-10-8-21|93-5-75-2-1-99-100-97-92-94-95-98-7-3-4-89-91-88-84-86-83-82-85-76-71-70-73-80-79-81-78-90|48-62-74-72-61-64-66-69-68-65-49-55-54-53-56-58-60-59-57-40-44-46-45-51-50-52-47-43-42-41-96-77-87|67-63
195,4,667.5032,148.0922,570.0,3229.6155,0,4,50.37,50.424867,True,20-22-24-27-30-29-6-32-33-31-35-37-38-39-36-34-28-26-23-18-19-16-14-12-15-17-13-25-9-11-10-8-21|93-5-75-2-1-99-100-97-92-94-95-98-7-3-4-89-91-88-84-86-83-82-85-76-71-70-73-80-79-81-78-90|48-62-74-72-61-64-66-69-68-65-49-55-54-53-56-58-60-59-57-40-44-46-45-51-50-52-47-43-42-41-96-77-87|67-63
196,4,667.7193,819.5933,540.0,3229.6155,0,4,94.654666,94.807324,True,20-22-24-27-30-29-6-32-33-31-35-37-38-39-36-34-28-26-23-18-19-16-14-12-15-17-13-25-9-11-10-8-21|67-63-66-69-48|93-5-75-2-1-99-100-97-92-94-95-98-7-3-4-89-91-88-84-86-83-82-85-76-71-70-73-80-79-81-78-90|62-74-72-61-64-68-65-49-55-54-53-56-58-60-59-57-40-44-46-45-51-50-52-47-43-42-41-96-77-87
197,4,667.7193,819.5933,540.0,3229.6155,0,4,94.654666,94.807324,True,20-22-24-27-30-29-6-32-33-31-35-37-38-39-36-34-28-26-23-18-19-16-14-12-15-17-13-25-9-11-10-8-21|67-63-66-69-48|93-5-75-2-1-99-100-97-92-94-95-98-7-3-4-89-91-88-84-86-83-82-85-76-71-70-73-80-79-81-78-90|62-74-72-61-64-68-65-49-55-54-53-56-58-60-59-57-40-44-46-45-51-50-52-47-43-42-41-96-77-87
198,4,668.863,269.4767,520.0,3229.6155,0,4,45.37,45.438483,True,20-22-24-27-30-29-6-32-33-31-35-37-38-39-36-34-28-26-23-18-19-16-14-12-15-17-13-25-9-11-10-8|63-67-48-21|93-5-75-2-1-99-100-97-92-94-95-98-7-3-4-89-91-88-84-86-83-82-85-76-71-70-73-80-79-81-78-77-90|62-74-72-61-64-66-69-68-65-49-55-54-53-56-58-60-59-57-40-44-46-45-51-50-52-47-43-42-41-96-87
199,4,668.863,269.4767,520.0,3229.6155,0,4,45.37,45.438483,True,20-22-24-27-30-29-6-32-33-31-35-37-38-39-36-34-28-26-23-18-19-16-14-12-15-17-13-25-9-11-10-8|63-67-48-21|93-5-75-2-1-99-100-97-92-94-95-98-7-3-4-89-91-88-84-86-83-82-85-76-71-70-73-80-79-81-78-77-90|62-74-72-61-64-66-69-68-65-49-55-54-53-56-58-60-59-57-40-44-46-45-51-50-52-47-43-42-41-96-87
200,4,668.8727,179.467,530.0,3229.6155,0,4,46.37,46.425984,True,20-22-24-27-30-29-6-32-33-31-35-37-38-39-36-34-28-26-23-18-19-16-14-12-15-17-13-25-9-11-10-8|63-48-21|93-5-75-2-1-99-100-97-92-94-95-98-7-3-4-89-91-88-84-86-83-82-85-76-71-70-73-80-79-81-78-77-90|67-62-74-72-61-64-66-69-68-65-49-55-54-53-56-58-60-59-57-40-44-46-45-51-50-52-47-43-42-41-96-87
201,4,668.8727,179.467,530.0,3229.6155,0,4,46.37,46.425984,True,20-22-24-27-30-29-6-32-33-31-35-37-38-39-36-34-28-26-23-18-19-16-14-12-15-17-13-25-9-11-10-8|63-48-21|93-5-75-2-1-99-100-97-92-94-95-98-7-3-4-89-91-88-84-86-83-82-85-76-71-70-73-80-79-81-78-77-90|67-62-74-72-61-64-66-69-68-65-49-55-54-53-56-58-60-59-57-40-44-46-45-51-50-52-47-43-42-41-96-87
202,3,671.3307,137.7548,10.0,3307.4906,0,3,12.479375,12.489222,True,20-22-24-27-30-29-6-32-33-31-35-37-38-39-36-28-26-23-18-19-16-14-15-12-17-13-25-9-11-10-8-90|67-63-62-74-72-61-64-66-69-68-65-49-55-54-53-56-58-60-59-57-40-44-46-45-51-50-52-47-43-42-41-48-34-21|93-5-75-2-1-99-100-97-92-94-95-98-7-3-4-89-91-88-84-86-83-82-85-76-71-70-73-80-79-81-78-77-87-96
203,3,671.3307,137.7548,10.0,3307.4906,0,3,12.479375,12.489222,True,20-22-24-27-30-29-6-32-33-31-35-37-38-39-36-28-26-23-18-19-16-14-15-12-17-13-25-9-11-10-8-90|67-63-62-74-72-61-64-66-69-68-65-49-55-54-53-56-58-60-59-57-40-44-46-45-51-50-52-47-43-42-41-48-34-21|93-5-75-2-1-99-100-97-92-94-95-98-7-3-4-89-91-88-84-86-83-82-85-76-71-70-73-80-79-81-78-77-87-96
204,4,678.3464,821.2889,510.0,3229.6155,0,4,94.909011,95.062111,True,20-22-24-27-30-29-6-32-33-31-35-37-38-39-36-34-28-26-23-18-19-16-14-12-15-17-13-25-9-11-10-8|63-66-69-48-21|93-5-75-2-1-99-100-97-92-94-95-98-7-3-4-89-91-88-84-86-83-82-85-76-71-70-73-80-79-81-78-87|67-62-74-72-61-64-68-65-49-55-54-53-56-58-60-59-57-40-44-46-45-51-50-52-47-43-42-41-96-77-90
205,4,678.3464,821.2889,510.0,3229.6155,0,4,94.909011,95.062111,True,20-22-24-27-30-29-6-32-33-31-35-37-38-39-36-34-28-26-23-18-19-16-14-12-15-17-13-25-9-11-10-8|63-66-69-48-21|93-5-75-2-1-99-100-97-92-94-95-98-7-3-4-89-91-88-84-86-83-82-85-76-71-70-73-80-79-81-78-87|67-62-74-72-61-64-68-65-49-55-54-53-56-58-60-59-57-40-44-46-45-51-50-52-47-43-42-41-96-77-90
206,4,678.9874,820.6479,510.0,3229.6155,0,4,94.812867,94.966063,True,20-22-24-27-30-29-6-32-33-31-35-37-38-39-36-34-28-26-23-18-19-16-14-12-15-17-13-25-9-11-10-8|63-66-69-48-21|93-5-75-2-1-99-100-97-92-94-95-98-7-3-4-89-91-88-84-86-83-82-85-76-71-70-73-80-79-81-78-90|67-62-74-72-61-64-68-65-49-55-54-53-56-58-60-59-57-40-44-46-45-51-50-52-47-43-42-41-96-77-87
207,4,678.9874,820.6479,510.0,3229.6155,0,4,94.812867,94.966063,True,20-22-24-27-30-29-6-32-33-31-35-37-38-39-36-34-28-26-23-18-19-16-14-12-15-17-13-25-9-11-10-8|63-66-69-48-21|93-5-75-2-1-99-100-97-92-94-95-98-7-3-4-89-91-88-84-86-83-82-85-76-71-70-73-80-79-81-78-90|67-62-74-72-61-64-68-65-49-55-54-53-56-58-60-59-57-40-44-46-45-51-50-52-47-43-42-41-96-77-87
208,4,678.9874,820.6479,510.0,3229.6155,0,4,94.812867,94.966063,True,20-22-24-27-30-29-6-32-33-31-35-37-38-39-36-34-28-26-23-18-19-16-14-12-15-17-13-25-9-11-10-8|63-66-69-48-21|93-5-75-2-1-99-100-97-92-94-95-98-7-3-4-89-91-88-84-86-83-82-85-76-71-70-73-80-79-81-78-90|67-62-74-72-61-64-68-65-49-55-54-53-56-58-60-59-57-40-44-46-45-51-50-52-47-43-42-41-96-77-87
209,4,679.4011,820.2342,500.0,3229.6155,0,4,94.750811,94.903069,True,20-22-24-27-30-29-6-32-33-31-35-37-38-39-36-34-28-26-23-18-19-16-14-12-15-17-13-25-9-11-10-8|67-63-66-69-48-21|93-5-75-2-1-99-100-97-92-94-95-98-7-3-4-89-91-88-84-86-83-82-85-76-71-70-73-80-79-81-78-87|62-74-72-61-64-68-65-49-55-54-53-56-58-60-59-57-40-44-46-45-51-50-52-47-43-42-41-96-77-90
210,4,679.4011,820.2342,500.0,3229.6155,0,4,94.750811,94.903069,True,20-22-24-27-30-29-6-32-33-31-35-37-38-39-36-34-28-26-23-18-19-16-14-12-15-17-13-25-9-11-10-8|67-63-66-69-48-21|93-5-75-2-1-99-100-97-92-94-95-98-7-3-4-89-91-88-84-86-83-82-85-76-71-70-73-80-79-81-78-87|62-74-72-61-64-68-65-49-55-54-53-56-58-60-59-57-40-44-46-45-51-50-52-47-43-42-41-96-77-90
211,4,680.042,819.5933,500.0,3229.6155,0,4,94.654666,94.807021,True,20-22-24-27-30-29-6-32-33-31-35-37-38-39-36-34-28-26-23-18-19-16-14-12-15-17-13-25-9-11-10-8|67-63-66-69-48-21|93-5-75-2-1-99-100-97-92-94-95-98-7-3-4-89-91-88-84-86-83-82-85-76-71-70-73-80-79-81-78-90|62-74-72-61-64-68-65-49-55-54-53-56-58-60-59-57-40-44-46-45-51-50-52-47-43-42-41-96-77-87
212,4,680.042,819.5933,500.0,3229.6155,0,4,94.654666,94.807021,True,20-22-24-27-30-29-6-32-33-31-35-37-38-39-36-34-28-26-23-18-19-16-14-12-15-17-13-25-9-11-10-8|67-63-66-69-48-21|93-5-75-2-1-99-100-97-92-94-95-98-7-3-4-89-91-88-84-86-83-82-85-76-71-70-73-80-79-81-78-90|62-74-72-61-64-68-65-49-55-54-53-56-58-60-59-57-40-44-46-45-51-50-52-47-43-42-41-96-77-87
213,4,681.1401,257.1996,520.0,3229.6155,0,4,45.37,45.440324,True,20-22-24-27-30-29-6-32-33-31-35-37-38-39-36-34-28-26-23-18-19-16-14-12-15-17-13-25-9-11-10-8|63-67-48-21|93-5-75-2-1-99-100-97-92-94-95-98-7-3-4-89-91-88-84-86-83-82-85-76-71-70-73-80-79-81-78-87|62-74-72-61-64-66-69-68-65-49-55-54-53-56-58-60-59-57-40-44-46-45-51-50-52-47-43-42-41-96-77-90
214,4,681.1401,257.1996,520.0,3229.6155,0,4,45.37,45.440324,True,20-22-24-27-30-29-6-32-33-31-35-37-38-39-36-34-28-26-23-18-19-16-14-12-15-17-13-25-9-11-10-8|63-67-48-21|93-5-75-2-1-99-100-97-92-94-95-98-7-3-4-89-91-88-84-86-83-82-85-76-71-70-73-80-79-81-78-87|62-74-72-61-64-66-69-68-65-49-55-54-53-56-58-60-59-57-40-44-46-45-51-50-52-47-43-42-41-96-77-90
215,4,681.781,256.5587,520.0,3229.6155,0,4,45.37,45.440421,True,20-22-24-27-30-29-6-32-33-31-35-37-38-39-36-34-28-26-23-18-19-16-14-12-15-17-13-25-9-11-10-8|63-67-48-21|93-5-75-2-1-99-100-97-92-94-95-98-7-3-4-89-91-88-84-86-83-82-85-76-71-70-73-80-79-81-78-90|62-74-72-61-64-66-69-68-65-49-55-54-53-56-58-60-59-57-40-44-46-45-51-50-52-47-43-42-41-96-77-87
216,4,681.781,256.5587,520.0,3229.6155,0,4,45.37,45.440421,True,20-22-24-27-30-29-6-32-33-31-35-37-38-39-36-34-28-26-23-18-19-16-14-12-15-17-13-25-9-11-10-8|63-67-48-21|93-5-75-2-1-99-100-97-92-94-95-98-7-3-4-89-91-88-84-86-83-82-85-76-71-70-73-80-79-81-78-90|62-74-72-61-64-66-69-68-65-49-55-54-53-56-58-60-59-57-40-44-46-45-51-50-52-47-43-42-41-96-77-87
217,4,681.781,256.5587,520.0,3229.6155,0,4,45.37,45.440421,True,20-22-24-27-30-29-6-32-33-31-35-37-38-39-36-34-28-26-23-18-19-16-14-12-15-17-13-25-9-11-10-8|63-67-48-21|93-5-75-2-1-99-100-97-92-94-95-98-7-3-4-89-91-88-84-86-83-82-85-76-71-70-73-80-79-81-78-90|62-74-72-61-64-66-69-68-65-49-55-54-53-56-58-60-59-57-40-44-46-45-51-50-52-47-43-42-41-96-77-87
218,4,681.7908,166.5489,530.0,3229.6155,0,4,46.37,46.427922,True,20-22-24-27-30-29-6-32-33-31-35-37-38-39-36-34-28-26-23-18-19-16-14-12-15-17-13-25-9-11-10-8|63-48-21|93-5-75-2-1-99-100-97-92-94-95-98-7-3-4-89-91-88-84-86-83-82-85-76-71-70-73-80-79-81-78-90|67-62-74-72-61-64-66-69-68-65-49-55-54-53-56-58-60-59-57-40-44-46-45-51-50-52-47-43-42-41-96-77-87
219,4,681.7908,166.5489,530.0,3229.6155,0,4,46.37,46.427922,True,20-22-24-27-30-29-6-32-33-31-35-37-38-39-36-34-28-26-23-18-19-16-14-12-15-17-13-25-9-11-10-8|63-48-21|93-5-75-2-1-99-100-97-92-94-95-98-7-3-4-89-91-88-84-86-83-82-85-76-71-70-73-80-79-81-78-90|67-62-74-72-61-64-66-69-68-65-49-55-54-53-56-58-60-59-57-40-44-46-45-51-50-52-47-43-42-41-96-77-87
220,4,689.3478,2810.6368,480.0,3237.586,0,4,393.311197,393.764195,True,20-22-24-27-30-29-6-32-33-31-35-37-38-39-36-34-28-26-23-18-19-16-14-12-15-17-13-25-9-11-10-8-21|93-5-75-2-1-99-100-97-92-94-95-98-7-3-4-89-91-88-84-86-83-82-90|48-63-62-74-72-61-64-68-65-49-55-54-53-56-58-60-59-57-40-44-96-85-76-71-70-73-80-79-81-78-77-87|67-66-69-46-45-51-50-52-47-43-42-41
221,4,689.3478,2810.6368,480.0,3237.586,0,4,393.311197,393.764195,True,20-22-24-27-30-29-6-32-33-31-35-37-38-39-36-34-28-26-23-18-19-16-14-12-15-17-13-25-9-11-10-8-21|93-5-75-2-1-99-100-97-92-94-95-98-7-3-4-89-91-88-84-86-83-82-90|48-63-62-74-72-61-64-68-65-49-55-54-53-56-58-60-59-57-40-44-96-85-76-71-70-73-80-79-81-78-77-87|67-66-69-46-45-51-50-52-47-43-42-41
222,3,701.108,10.4005,60.0,3312.0002,0,3,21.412552,21.417905,True,22-24-27-30-29-6-31-32-33-35-37-38-39-36-34-28-26-23-18-19-16-14-12-15-17-13-25-9-11-10-5-8-21|67-63-62-74-83-61-64-66-69-68-65-49-55-54-53-56-58-60-59-57-40-44-46-45-51-50-52-47-43-42-41-72-48|20-93-75-2-1-99-100-97-92-94-95-98-7-3-4-89-91-88-84-86-82-85-76-71-70-73-80-79-81-78-77-96-87-90
223,3,701.108,10.4005,60.0,3312.0002,0,3,21.412552,21.417905,True,22-24-27-30-29-6-31-32-33-35-37-38-39-36-34-28-26-23-18-19-16-14-12-15-17-13-25-9-11-10-5-8-21|67-63-62-74-83-61-64-66-69-68-65-49-55-54-53-56-58-60-59-57-40-44-46-45-51-50-52-47-43-42-41-72-48|20-93-75-2-1-99-100-97-92-94-95-98-7-3-4-89-91-88-84-86-82-85-76-71-70-73-80-79-81-78-77-96-87-90
224,4,701.2543,348.7277,500.0,3229.6155,0,4,43.37,43.458088,True,20-22-24-27-30-29-6-32-33-31-35-37-38-39-36-34-28-26-23-18-19-16-14-12-15-17-13-25-9-11-10-8|63-67-48-21-75|93-5-2-1-99-100-97-92-94-95-98-7-3-4-89-91-88-84-86-83-82-85-76-71-70-73-80-79-81-78-90|62-74-72-61-64-66-69-68-65-49-55-54-53-56-58-60-59-57-40-44-46-45-51-50-52-47-43-42-41-96-77-87
225,4,701.2543,348.7277,500.0,3229.6155,0,4,43.37,43.458088,True,20-22-24-27-30-29-6-32-33-31-35-37-38-39-36-34-28-26-23-18-19-16-14-12-15-17-13-25-9-11-10-8|63-67-48-21-75|93-5-2-1-99-100-97-92-94-95-98-7-3-4-89-91-88-84-86-83-82-85-76-71-70-73-80-79-81-78-90|62-74-72-61-64-66-69-68-65-49-55-54-53-56-58-60-59-57-40-44-46-45-51-50-52-47-43-42-41-96-77-87
226,3,706.0633,0.0,50.0,3360.0667,0,3,22.899166,22.910656,True,20-22-24-27-30-29-6-32-33-31-35-37-38-39-36-34-28-26-23-18-19-16-14-12-15-17-13-25-9-11-10-8-21|67-63-62-74-72-61-64-66-69-68-65-49-55-54-53-56-58-60-59-57-40-44-46-45-51-50-52-47-43-42-41-48-96-87-90|93-5-2-83-94-99-100-97-92-95-98-1-7-3-4-89-91-88-84-86-82-85-76-71-70-73-80-79-81-78-77-75
227,3,706.0633,0.0,50.0,3360.0667,0,3,22.899166,22.910656,True,20-22-24-27-30-29-6-32-33-31-35-37-38-39-36-34-28-26-23-18-19-16-14-12-15-17-13-25-9-11-10-8-21|67-63-62-74-72-61-64-66-69-68-65-49-55-54-53-56-58-60-59-57-40-44-46-45-51-50-52-47-43-42-41-48-96-87-90|93-5-2-83-94-99-100-97-92-95-98-1-7-3-4-89-91-88-84-86-82-85-76-71-70-73-80-79-81-78-77-75
228,4,717.362,2878.0458,480.0,3229.6155,0,4,403.422543,403.892861,True,20-22-24-27-30-29-6-32-33-31-35-37-38-39-36-34-28-26-23-18-19-16-14-12-15-17-13-25-9-11-10-8|67-63-62-74-61-64-49-55-54-53-56-58-60-59-57-44-45-51-50-52-21-47-43-42-41-48|93-5-75-2-1-99-100-97-92-94-95-98-7-3-4-89-91-88-84-86-83-82-85-76-71-70-73-80-79-81-78-90|66-69-68-65-40-46-72-96-77-87
229,4,717.362,2878.0458,480.0,3229.6155,0,4,403.422543,403.892861,True,20-22-24-27-30-29-6-32-33-31-35-37-38-39-36-34-28-26-23-18-19-16-14-12-15-17-13-25-9-11-10-8|67-63-62-74-61-64-49-55-54-53-56-58-60-59-57-44-45-51-50-52-21-47-43-42-41-48|93-5-75-2-1-99-100-97-92-94-95-98-7-3-4-89-91-88-84-86-83-82-85-76-71-70-73-80-79-81-78-90|66-69-68-65-40-46-72-96-77-87
230,4,720.6976,217.6421,520.0,3229.6155,0,4,45.37,45.446258,True,20-22-24-27-30-29-6-32-33-31-35-37-38-39-36-34-28-26-23-18-19-16-14-12-15-17-13-25-9-11-10-8|63-67-48-21|1-93-5-75-2-99-100-97-92-94-95-98-7-3-4-89-91-88-84-86-83-82-85-76-71-70-73-80-79-81-78-90|62-74-72-61-64-66-69-68-65-49-55-54-53-56-58-60-59-57-40-44-46-45-51-50-52-47-43-42-41-96-77-87
231,4,720.6976,217.6421,520.0,3229.6155,0,4,45.37,45.446258,True,20-22-24-27-30-29-6-32-33-31-35-37-38-39-36-34-28-26-23-18-19-16-14-12-15-17-13-25-9-11-10-8|63-67-48-21|1-93-5-75-2-99-100-97-92-94-95-98-7-3-4-89-91-88-84-86-83-82-85-76-71-70-73-80-79-81-78-90|62-74-72-61-64-66-69-68-65-49-55-54-53-56-58-60-59-57-40-44-46-45-51-50-52-47-43-42-41-96-77-87
232,4,722.9473,2872.4604,480.0,3229.6155,0,4,402.58474,403.055896,True,20-22-24-27-30-29-6-32-33-31-35-37-38-39-36-34-28-26-23-18-19-16-14-12-15-17-13-25-9-11-10-8|67-63-62-74-61-64-49-55-54-53-56-58-60-59-57-44-45-51-50-52-21-47-43-42-41-48|93-5-75-2-1-99-100-97-92-94-95-98-7-3-4-89-91-88-84-86-85-76-71-70-73-80-79-81-78-82-83-90|66-69-68-65-40-46-72-96-77-87
233,4,722.9473,2872.4604,480.0,3229.6155,0,4,402.58474,403.055896,True,20-22-24-27-30-29-6-32-33-31-35-37-38-39-36-34-28-26-23-18-19-16-14-12-15-17-13-25-9-11-10-8|67-63-62-74-61-64-49-55-54-53-56-58-60-59-57-44-45-51-50-52-21-47-43-42-41-48|93-5-75-2-1-99-100-97-92-94-95-98-7-3-4-89-91-88-84-86-85-76-71-70-73-80-79-81-78-82-83-90|66-69-68-65-40-46-72-96-77-87
234,4,724.5162,2870.8915,470.0,3229.6155,0,4,402.349405,402.819796,True,20-22-24-27-30-29-6-32-33-31-35-37-38-39-36-34-28-26-23-18-19-16-14-12-15-17-13-25-9-11-10-8|67-63-62-74-61-64-49-55-54-53-56-58-60-59-57-45-51-50-52-21-47-43-42-41-48|93-5-75-2-1-99-100-97-92-94-95-98-7-3-4-89-91-88-84-86-85-76-71-70-73-80-79-81-78-82-83-90|66-69-68-65-40-44-46-72-96-77-87
235,4,724.5162,2870.8915,470.0,3229.6155,0,4,402.349405,402.819796,True,20-22-24-27-30-29-6-32-33-31-35-37-38-39-36-34-28-26-23-18-19-16-14-12-15-17-13-25-9-11-10-8|67-63-62-74-61-64-49-55-54-53-56-58-60-59-57-45-51-50-52-21-47-43-42-41-48|93-5-75-2-1-99-100-97-92-94-95-98-7-3-4-89-91-88-84-86-85-76-71-70-73-80-79-81-78-82-83-90|66-69-68-65-40-44-46-72-96-77-87
236,4,729.4959,208.8438,520.0,3229.6155,0,4,45.37,45.447578,True,20-22-24-27-30-29-6-32-33-31-35-37-38-39-36-34-28-26-23-18-19-16-14-12-15-17-13-25-9-11-10-8|63-67-48-21|93-5-75-2-1-99-100-97-92-94-95-98-7-3-4-89-91-88-84-86-83-85-76-82-71-70-73-80-79-81-78-90|62-74-72-61-64-66-69-68-65-49-55-54-53-56-58-60-59-57-40-44-46-45-51-50-52-47-43-42-41-96-77-87
237,4,729.4959,208.8438,520.0,3229.6155,0,4,45.37,45.447578,True,20-22-24-27-30-29-6-32-33-31-35-37-38-39-36-34-28-26-23-18-19-16-14-12-15-17-13-25-9-11-10-8|63-67-48-21|93-5-75-2-1-99-100-97-92-94-95-98-7-3-4-89-91-88-84-86-83-85-76-82-71-70-73-80-79-81-78-90|62-74-72-61-64-66-69-68-65-49-55-54-53-56-58-60-59-57-40-44-46-45-51-50-52-47-43-42-41-96-77-87
238,4,779.046,2784.0333,460.0,3229.6155,0,4,389.320665,389.793386,True,20-22-24-27-30-29-6-32-33-31-35-37-38-39-36-34-28-26-23-18-19-16-14-12-15-17-13-25-9-11-10-8-21|67-63-62-74-61-64-49-55-54-53-56-58-60-59-57-72-50-51-52-47-43-42-41-48|93-5-75-2-1-99-100-97-92-94-95-98-7-3-4-89-91-88-84-86-96-71-70-73-80-79-81-78-82-83-90|66-69-68-65-40-44-46-45-76-85-77-87
239,4,779.046,2784.0333,460.0,3229.6155,0,4,389.320665,389.793386,True,20-22-24-27-30-29-6-32-33-31-35-37-38-39-36-34-28-26-23-18-19-16-14-12-15-17-13-25-9-11-10-8-21|67-63-62-74-61-64-49-55-54-53-56-58-60-59-57-72-50-51-52-47-43-42-41-48|93-5-75-2-1-99-100-97-92-94-95-98-7-3-4-89-91-88-84-86-96-71-70-73-80-79-81-78-82-83-90|66-69-68-65-40-44-46-45-76-85-77-87
240,4,780.4599,2814.9479,450.0,3229.6155,0,4,393.957852,394.434635,True,20-22-24-27-30-29-6-32-33-31-35-37-38-39-36-34-28-26-23-18-19-16-14-12-15-17-13-25-9-11-10-8|67-63-62-74-72-61-64-49-55-54-53-56-58-60-59-57-44-51-50-52-21-47-43-42-41-48|93-5-75-2-1-99-100-97-92-94-95-98-7-3-4-89-91-88-84-86-96-71-70-73-80-79-81-78-82-83-90|66-69-68-65-40-46-45-76-85-77-87
241,4,780.4599,2814.9479,450.0,3229.6155,0,4,393.957852,394.434635,True,20-22-24-27-30-29-6-32-33-31-35-37-38-39-36-34-28-26-23-18-19-16-14-12-15-17-13-25-9-11-10-8|67-63-62-74-72-61-64-49-55-54-53-56-58-60-59-57-44-51-50-52-21-47-43-42-41-48|93-5-75-2-1-99-100-97-92-94-95-98-7-3-4-89-91-88-84-86-96-71-70-73-80-79-81-78-82-83-90|66-69-68-65-40-46-45-76-85-77-87
242,4,785.9778,2702.9586,450.0,3229.6155,0,4,377.15947,377.621109,True,20-22-24-27-30-29-6-32-33-31-35-37-38-39-36-34-28-26-23-18-19-15-17-13-25-9-11-10-8|67-63-62-74-72-61-64-65-49-55-54-53-56-58-60-59-57-40-21-16-14-12-52-50-47-43-42-41-48|93-5-75-2-1-99-100-97-92-94-95-98-7-3-4-89-91-88-84-86-83-82-85-76-71-70-73-80-79-81-78-90|66-69-68-44-46-45-51-96-77-87
243,4,785.9778,2702.9586,450.0,3229.6155,0,4,377.15947,377.621109,True,20-22-24-27-30-29-6-32-33-31-35-37-38-39-36-34-28-26-23-18-19-15-17-13-25-9-11-10-8|67-63-62-74-72-61-64-65-49-55-54-53-56-58-60-59-57-40-21-16-14-12-52-50-47-43-42-41-48|93-5-75-2-1-99-100-97-92-94-95-98-7-3-4-89-91-88-84-86-83-82-85-76-71-70-73-80-79-81-78-90|66-69-68-44-46-45-51-96-77-87
244,4,793.7456,2699.5087,460.0,3229.6155,0,4,376.641973,377.106425,True,20-22-24-27-30-29-6-32-33-31-35-37-38-39-36-34-28-26-23-18-19-12-15-17-13-25-9-11-10-8|67-63-62-74-72-61-64-65-49-55-54-53-56-58-60-59-57-40-21-16-14-51-50-52-47-43-42-41-48|93-5-75-2-1-99-100-97-92-94-95-98-7-3-4-89-91-88-84-86-83-82-85-76-71-70-73-80-79-81-78-90|66-69-68-44-46-45-96-77-87
245,4,793.7456,2699.5087,460.0,3229.6155,0,4,376.641973,377.106425,True,20-22-24-27-30-29-6-32-33-31-35-37-38-39-36-34-28-26-23-18-19-12-15-17-13-25-9-11-10-8|67-63-62-74-72-61-64-65-49-55-54-53-56-58-60-59-57-40-21-16-14-51-50-52-47-43-42-41-48|93-5-75-2-1-99-100-97-92-94-95-98-7-3-4-89-91-88-84-86-83-82-85-76-71-70-73-80-79-81-78-90|66-69-68-44-46-45-96-77-87
246,4,799.9611,2667.4613,450.0,3229.6155,0,4,371.834866,372.295376,True,20-22-24-27-30-29-6-32-33-31-35-37-38-39-36-34-28-26-23-18-19-16-14-12-15-17-13-25-9-11-10-8|67-63-62-74-61-64-49-55-54-53-56-58-60-59-57-72-21-52-45-51-50-47-43-42-41-48|93-5-75-2-1-99-100-97-92-94-95-98-7-3-4-89-91-88-84-86-96-71-70-73-80-79-81-78-82-83-90|66-69-68-65-40-44-46-76-85-77-87
247,4,799.9611,2667.4613,450.0,3229.6155,0,4,371.834866,372.295376,True,20-22-24-27-30-29-6-32-33-31-35-37-38-39-36-34-28-26-23-18-19-16-14-12-15-17-13-25-9-11-10-8|67-63-62-74-61-64-49-55-54-53-56-58-60-59-57-72-21-52-45-51-50-47-43-42-41-48|93-5-75-2-1-99-100-97-92-94-95-98-7-3-4-89-91-88-84-86-96-71-70-73-80-79-81-78-82-83-90|66-69-68-65-40-44-46-76-85-77-87
248,4,802.6153,2664.8071,440.0,3229.6155,0,4,371.43674,371.896648,True,20-22-24-27-30-29-6-32-33-31-35-37-38-39-36-34-28-26-23-18-19-16-14-12-15-17-13-25-9-11-10-8|67-63-62-74-61-64-49-55-54-53-56-58-60-59-57-72-21-52-51-50-47-43-42-41-48|93-5-75-2-1-99-100-97-92-94-95-98-7-3-4-89-91-88-84-86-96-71-70-73-80-79-81-78-82-83-90|66-69-68-65-40-44-46-45-76-85-77-87
249,4,802.6153,2664.8071,440.0,3229.6155,0,4,371.43674,371.896648,True,20-22-24-27-30-29-6-32-33-31-35-37-38-39-36-34-28-26-23-18-19-16-14-12-15-17-13-25-9-11-10-8|67-63-62-74-61-64-49-55-54-53-56-58-60-59-57-72-21-52-51-50-47-43-42-41-48|93-5-75-2-1-99-100-97-92-94-95-98-7-3-4-89-91-88-84-86-96-71-70-73-80-79-81-78-82-83-90|66-69-68-65-40-44-46-45-76-85-77-87
250,4,807.134,2580.1283,400.0,3229.6155,0,4,358.734913,359.179475,True,20-22-24-27-30-29-6-32-33-31-35-37-38-39-36-34-28-26-23-18-19-14-12-15-17-13-25-9-11-10-8|67-21-16-52-45-51-50-47-43-42-41-48|93-5-75-2-1-99-100-97-92-94-95-98-7-3-4-89-91-88-84-86-71-70-73-80-79-81-78-82-83-90|63-62-74-72-61-64-66-69-68-65-49-55-54-53-56-58-60-59-57-40-44-46-96-76-85-77-87
251,4,807.134,2580.1283,400.0,3229.6155,0,4,358.734913,359.179475,True,20-22-24-27-30-29-6-32-33-31-35-37-38-39-36-34-28-26-23-18-19-14-12-15-17-13-25-9-11-10-8|67-21-16-52-45-51-50-47-43-42-41-48|93-5-75-2-1-99-100-97-92-94-95-98-7-3-4-89-91-88-84-86-71-70-73-80-79-81-78-82-83-90|63-62-74-72-61-64-66-69-68-65-49-55-54-53-56-58-60-59-57-40-44-46-96-76-85-77-87
252,4,826.0745,2561.1878,250.0,3229.6155,0,4,355.893841,356.326244,True,20-22-24-27-30-29-6-32-33-31-35-37-38-39-36-34-28-26-23-18-19-14-12-15-17-13-25-9-11-10-8|67-63-62-74-72-61-64-21-16-52-45-51-50-47-43-42-41-48|93-5-75-2-1-99-100-97-92-94-95-98-7-3-4-89-91-88-84-86-96-71-70-73-80-79-81-78-82-83-90|66-69-68-65-49-55-54-53-56-58-60-59-57-40-44-46-76-85-77-87
253,4,826.0745,2561.1878,250.0,3229.6155,0,4,355.893841,356.326244,True,20-22-24-27-30-29-6-32-33-31-35-37-38-39-36-34-28-26-23-18-19-14-12-15-17-13-25-9-11-10-8|67-63-62-74-72-61-64-21-16-52-45-51-50-47-43-42-41-48|93-5-75-2-1-99-100-97-92-94-95-98-7-3-4-89-91-88-84-86-96-71-70-73-80-79-81-78-82-83-90|66-69-68-65-49-55-54-53-56-58-60-59-57-40-44-46-76-85-77-87
254,4,853.2806,2507.8523,440.0,3229.6155,0,4,347.893522,348.345087,True,20-22-24-27-30-29-6-32-33-31-35-37-38-39-36-34-28-26-23-18-19-14-12-15-17-13-25-9-11-10-8|67-63-62-74-61-64-65-49-55-54-53-56-58-60-59-57-40-21-16-45-51-50-52-47-43-42-41-48-90|93-5-75-2-1-99-100-97-92-94-95-98-7-3-4-89-91-88-84-86-83-82-85-71-70-73-80-79-78-77-87|66-69-68-44-46-72-76-81-96
255,4,853.2806,2507.8523,440.0,3229.6155,0,4,347.893522,348.345087,True,20-22-24-27-30-29-6-32-33-31-35-37-38-39-36-34-28-26-23-18-19-14-12-15-17-13-25-9-11-10-8|67-63-62-74-61-64-65-49-55-54-53-56-58-60-59-57-40-21-16-45-51-50-52-47-43-42-41-48-90|93-5-75-2-1-99-100-97-92-94-95-98-7-3-4-89-91-88-84-86-83-82-85-71-70-73-80-79-78-77-87|66-69-68-44-46-72-76-81-96
256,4,854.9572,2054.0646,470.0,3229.6155,0,4,279.825372,280.212371,True,20-22-24-27-30-29-6-32-33-31-35-37-38-39-36-34-28-26-23-18-19-14-12-15-17-13-25-9-11-10-8|67-63-62-74-61-64-49-55-54-53-56-58-60-59-57-48-21-16-45-51-50-52-47-43-42-41-90|93-5-75-2-1-99-100-97-92-94-95-98-7-3-4-89-91-88-84-86-83-82-85-71-70-73-80-79-81-78-77-87|66-69-68-65-40-44-46-72-76-96
257,4,854.9572,2054.0646,470.0,3229.6155,0,4,279.825372,280.212371,True,20-22-24-27-30-29-6-32-33-31-35-37-38-39-36-34-28-26-23-18-19-14-12-15-17-13-25-9-11-10-8|67-63-62-74-61-64-49-55-54-53-56-58-60-59-57-48-21-16-45-51-50-52-47-43-42-41-90|93-5-75-2-1-99-100-97-92-94-95-98-7-3-4-89-91-88-84-86-83-82-85-71-70-73-80-79-81-78-77-87|66-69-68-65-40-44-46-72-76-96
258,4,861.4846,2550.6961,400.0,3229.6155,0,4,354.320086,354.776538,True,20-22-24-27-30-29-6-32-33-31-35-37-38-39-36-34-28-26-23-18-19-14-12-15-17-13-25-9-11-10-8|67-63-62-74-61-64-49-55-54-53-56-58-60-59-57-72-21-16-52-51-50-47-43-42-41-48|93-5-75-2-1-99-100-97-92-94-95-98-7-3-4-89-91-88-84-86-96-71-70-73-80-79-81-78-82-83-90|66-69-68-65-40-44-46-45-76-85-77-87
259,4,861.4846,2550.6961,400.0,3229.6155,0,4,354.320086,354.776538,True,20-22-24-27-30-29-6-32-33-31-35-37-38-39-36-34-28-26-23-18-19-14-12-15-17-13-25-9-11-10-8|67-63-62-74-61-64-49-55-54-53-56-58-60-59-57-72-21-16-52-51-50-47-43-42-41-48|93-5-75-2-1-99-100-97-92-94-95-98-7-3-4-89-91-88-84-86-96-71-70-73-80-79-81-78-82-83-90|66-69-68-65-40-44-46-45-76-85-77-87
260,4,887.1441,2487.3169,400.0,3229.6155,0,4,344.813203,345.267846,True,20-22-24-27-30-29-6-32-33-31-35-37-38-39-36-34-28-26-23-18-19-14-12-15-17-13-25-9-11-10-8|63-62-74-72-61-64-49-55-54-53-56-58-60-59-57-40-21-16-52-51-50-47-43-42-41-48-90|93-5-75-2-1-99-100-97-92-94-95-98-7-3-4-89-91-88-84-86-83-82-96-71-70-73-80-79-81-78|67-66-69-68-65-44-46-45-76-85-77-87
261,4,887.1441,2487.3169,400.0,3229.6155,0,4,344.813203,345.267846,True,20-22-24-27-30-29-6-32-33-31-35-37-38-39-36-34-28-26-23-18-19-14-12-15-17-13-25-9-11-10-8|63-62-74-72-61-64-49-55-54-53-56-58-60-59-57-40-21-16-52-51-50-47-43-42-41-48-90|93-5-75-2-1-99-100-97-92-94-95-98-7-3-4-89-91-88-84-86-83-82-96-71-70-73-80-79-81-78|67-66-69-68-65-44-46-45-76-85-77-87
262,4,887.9075,1949.5196,490.0,3229.6155,0,4,264.143608,264.52681,True,20-22-24-27-30-29-6-32-33-31-35-37-38-39-36-34-28-26-23-18-19-14-12-15-17-13-25-9-11-10-8|67-63-62-74-72-61-64-49-55-54-53-56-58-60-59-57-48-21-16-52-51-50-47-43-42-41-90|93-5-75-2-1-99-100-97-92-94-95-98-7-3-4-89-91-88-84-86-83-82-96-85-71-70-73-80-79-81-78-77-87|66-69-68-65-40-44-46-45-76
263,4,887.9075,1949.5196,490.0,3229.6155,0,4,264.143608,264.52681,True,20-22-24-27-30-29-6-32-33-31-35-37-38-39-36-34-28-26-23-18-19-14-12-15-17-13-25-9-11-10-8|67-63-62-74-72-61-64-49-55-54-53-56-58-60-59-57-48-21-16-52-51-50-47-43-42-41-90|93-5-75-2-1-99-100-97-92-94-95-98-7-3-4-89-91-88-84-86-83-82-96-85-71-70-73-80-79-81-78-77-87|66-69-68-65-40-44-46-45-76
264,4,892.1276,2482.2623,400.0,3229.6155,0,4,344.055021,344.510401,True,20-22-24-27-30-29-6-32-33-31-35-37-38-39-36-34-28-26-23-18-19-12-15-17-13-25-9-11-10-8|67-63-62-74-72-61-64-49-55-54-53-56-58-60-59-57-40-21-16-14-51-50-52-47-43-42-41-48-90|93-5-75-2-1-99-100-97-92-94-95-98-7-3-4-89-91-88-84-86-83-82-96-71-70-73-80-79-81-78|66-69-68-65-44-46-45-76-85-77-87
265,4,892.1276,2482.2623,400.0,3229.6155,0,4,344.055021,344.510401,True,20-22-24-27-30-29-6-32-33-31-35-37-38-39-36-34-28-26-23-18-19-12-15-17-13-25-9-11-10-8|67-63-62-74-72-61-64-49-55-54-53-56-58-60-59-57-40-21-16-14-51-50-52-47-43-42-41-48-90|93-5-75-2-1-99-100-97-92-94-95-98-7-3-4-89-91-88-84-86-83-82-96-71-70-73-80-79-81-78|66-69-68-65-44-46-45-76-85-77-87
266,4,901.3382,2473.1228,400.0,3229.6155,0,4,342.684097,343.14087,True,20-22-24-27-30-29-6-32-33-31-35-37-38-39-36-34-28-26-23-18-19-14-12-15-17-13-25-9-11-10-8|67-63-62-74-61-64-49-55-54-53-56-58-60-59-57-72-21-16-52-51-50-47-43-42-41-48-90|93-5-75-2-1-99-100-97-92-94-95-98-7-3-4-89-91-88-84-86-83-82-96-71-70-73-80-79-81-78|66-69-68-65-40-44-46-45-76-85-77-87
267,4,901.3382,2473.1228,400.0,3229.6155,0,4,342.684097,343.14087,True,20-22-24-27-30-29-6-32-33-31-35-37-38-39-36-34-28-26-23-18-19-14-12-15-17-13-25-9-11-10-8|67-63-62-74-61-64-49-55-54-53-56-58-60-59-57-72-21-16-52-51-50-47-43-42-41-48-90|93-5-75-2-1-99-100-97-92-94-95-98-7-3-4-89-91-88-84-86-83-82-96-71-70-73-80-79-81-78|66-69-68-65-40-44-46-45-76-85-77-87
268,4,902.4153,2125.0654,430.0,3229.6155,0,4,290.475478,290.883365,True,20-22-24-27-30-29-6-32-33-31-35-37-38-39-36-34-28-26-23-18-19-14-15-17-13-25-9-11-10-8|63-62-74-72-61-64-65-49-55-54-53-56-58-60-59-57-21-12-16-52-51-50-47-43-42-41-48-90|93-5-2-1-99-100-97-92-94-95-98-7-3-4-89-91-88-84-82-86-96-85-71-70-73-80-79-81-78-77-87|67-66-69-68-40-44-46-45-76-83-75
269,4,902.4153,2125.0654,430.0,3229.6155,0,4,290.475478,290.883365,True,20-22-24-27-30-29-6-32-33-31-35-37-38-39-36-34-28-26-23-18-19-14-15-17-13-25-9-11-10-8|63-62-74-72-61-64-65-49-55-54-53-56-58-60-59-57-21-12-16-52-51-50-47-43-42-41-48-90|93-5-2-1-99-100-97-92-94-95-98-7-3-4-89-91-88-84-82-86-96-85-71-70-73-80-79-81-78-77-87|67-66-69-68-40-44-46-45-76-83-75
270,4,924.3035,2008.7804,300.0,3229.6155,0,4,273.032733,273.416743,True,20-22-24-27-30-29-6-32-33-31-35-37-38-39-36-34-28-26-23-18-19-14-12-15-17-13-25-9-11-10-8-21|67-63-62-74-61-64-68-59-72-16-52-51-50-47-43-42-41-48-90|93-5-75-2-1-99-100-97-92-94-95-98-7-3-4-89-91-88-84-86-83-82-96-85-71-70-73-80-79-81-78-77-87|66-69-65-49-55-54-53-56-58-60-57-40-44-46-45-76
271,4,924.3035,2008.7804,300.0,3229.6155,0,4,273.032733,273.416743,True,20-22-24-27-30-29-6-32-33-31-35-37-38-39-36-34-28-26-23-18-19-14-12-15-17-13-25-9-11-10-8-21|67-63-62-74-61-64-68-59-72-16-52-51-50-47-43-42-41-48-90|93-5-75-2-1-99-100-97-92-94-95-98-7-3-4-89-91-88-84-86-83-82-96-85-71-70-73-80-79-81-78-77-87|66-69-65-49-55-54-53-56-58-60-57-40-44-46-45-76
272,9,984.8675,14012.1492,200.0,3229.6155,0,9,2073.538048,2075.732233,True,93-5-75-2-1-99-100-97-92-94-95-98-7-3-4-89|20-24-30-18-19-16-14-12-15-13-9-11-10-8|52-50-51-42-72-96-77-82|68-65-55-54-53-56-58-60-57-40-44-46-45-47-43-48|66-69-59-49-76-71-70-73-80-79-81-85-78-87|22-27-29-28-26-23-17-25-21|67-91-88-84-83-86-90|63-62-74-61-64-41|6-32-33-31-35-37-38-39-36-34
273,9,984.8675,14012.1492,200.0,3229.6155,0,9,2073.538048,2075.732233,True,93-5-75-2-1-99-100-97-92-94-95-98-7-3-4-89|20-24-30-18-19-16-14-12-15-13-9-11-10-8|52-50-51-42-72-96-77-82|68-65-55-54-53-56-58-60-57-40-44-46-45-47-43-48|66-69-59-49-76-71-70-73-80-79-81-85-78-87|22-27-29-28-26-23-17-25-21|67-91-88-84-83-86-90|63-62-74-61-64-41|6-32-33-31-35-37-38-39-36-34
274,7,1285.4868,10810.1923,230.0,3229.6155,0,7,1593.244515,1595.050992,True,7-98-95-94-92-3-4-89-2-12-17-9-10-5-91-83|52-50-46-72-76-85-77-90|68-65-55-54-56-58-60-40-44-45-51-47-43-48|6-32-33-35-31-59-53-71-70-73-80-79-81-78-87|20-22-24-27-30-29-28-26-23-18-19-16-14-15-13-25-8|93-1-99-100-97-66-69-37-38-39-36-34-96-82-88-84-86-75-11|67-63-62-74-61-64-21-49-57-42-41
275,7,1285.4868,10810.1923,230.0,3229.6155,0,7,1593.244515,1595.050992,True,7-98-95-94-92-3-4-89-2-12-17-9-10-5-91-83|52-50-46-72-76-85-77-90|68-65-55-54-56-58-60-40-44-45-51-47-43-48|6-32-33-35-31-59-53-71-70-73-80-79-81-78-87|20-22-24-27-30-29-28-26-23-18-19-16-14-15-13-25-8|93-1-99-100-97-66-69-37-38-39-36-34-96-82-88-84-86-75-11|67-63-62-74-61-64-21-49-57-42-41
276,10,1297.7969,16295.848,180.0,3229.6155,0,10,2416.092869,2418.721788,True,93-5-75-1-99-100-97-92-94-95-98-7-3-4-89|17-12-2-91-83|20-24-30-19-16-14-9-11-10-8|52-50-46-72-76-85-77|68-65-55-54-56-58-60-40-44-45-51-47-43-48|31-35-59-53-71-70-73-80-79-81-78-87|22-27-29-28-26-23-18-15-13-25-21|67-66-69-37-96-82-88-84-86-90|63-62-74-61-64-49-57-42-41|6-32-33-38-39-36-34
277,10,1297.7969,16295.848,180.0,3229.6155,0,10,2416.092869,2418.721788,True,93-5-75-1-99-100-97-92-94-95-98-7-3-4-89|17-12-2-91-83|20-24-30-19-16-14-9-11-10-8|52-50-46-72-76-85-77|68-65-55-54-56-58-60-40-44-45-51-47-43-48|31-35-59-53-71-70-73-80-79-81-78-87|22-27-29-28-26-23-18-15-13-25-21|67-66-69-37-96-82-88-84-86-90|63-62-74-61-64-49-57-42-41|6-32-33-38-39-36-34
278,11,1482.5952,17843.0788,170.0,3229.6155,0,11,2648.177501,2651.093244,True,7-94-92-3-4-89|17-12-9-11-5-75-91-83|22-27-30-19-16-14-10-8|50-46-72-76-85-82-90|68-65-49-55-54-56-58-60-40-44-45-51-47-43-48|31-35-59-53-71-70-73-80-79-81-78-77-87|98-95-99-13|20-24-29-28-26-23-18-15-25|93-2-1-100-97-66-69-52-37-96-88-84-86|67-63-62-74-61-64-57-42-41-21|6-32-33-38-39-36-34
279,11,1482.5952,17843.0788,170.0,3229.6155,0,11,2648.177501,2651.093244,True,7-94-92-3-4-89|17-12-9-11-5-75-91-83|22-27-30-19-16-14-10-8|50-46-72-76-85-82-90|68-65-49-55-54-56-58-60-40-44-45-51-47-43-48|31-35-59-53-71-70-73-80-79-81-78-77-87|98-95-99-13|20-24-29-28-26-23-18-15-25|93-2-1-100-97-66-69-52-37-96-88-84-86|67-63-62-74-61-64-57-42-41-21|6-32-33-38-39-36-34
