Rank,Z1_Vehicles,Z2_Distance,Z3_WaitTime,Z4_LoadBalance,Z5_Makespan,Unserved,Num_Routes,ASF,ASF_aug,In_ROI,Routes
1,10,828.9369,0.0,50.0,1234.8075,0,10,11.757364,11.760989,True,5-3-7-8-10-11-9-6-4-2-1-75|13-17-18-19-15-16-14-12|20-24-25-27-29-30-28-26-23-22-21|32-33-31-35-37-38-39-36-34|43-42-41-40-44-46-45-48-51-50-52-49-47|57-55-54-53-56-58-60-59|67-65-63-62-74-72-61-64-68-66-69|81-78-76-71-70-73-77-79-80|90-87-86-83-82-84-85-88-89-91|98-96-95-94-92-93-97-100-99
2,10,828.9369,0.0,50.0,1234.8075,0,10,11.757364,11.760989,True,5-3-7-8-10-11-9-6-4-2-1-75|20-24-25-27-29-30-28-26-23-22-21|32-33-31-35-37-38-39-36-34|43-42-41-40-44-46-45-48-51-50-52-49-47|67-65-63-62-74-72-61-64-68-66-69|81-78-76-71-70-73-77-79-80|98-96-95-94-92-93-97-100-99|13-17-18-19-15-16-14-12|57-55-54-53-56-58-60-59|90-87-86-83-82-84-85-88-89-91
3,10,828.9369,0.0,50.0,1234.8075,0,10,11.757364,11.760989,True,5-3-7-8-10-11-9-6-4-2-1-75|13-17-18-19-15-16-14-12|20-24-25-27-29-30-28-26-23-22-21|32-33-31-35-37-38-39-36-34|43-42-41-40-44-46-45-48-51-50-52-49-47|57-55-54-53-56-58-60-59|67-65-63-62-74-72-61-64-68-66-69|81-78-76-71-70-73-77-79-80|90-87-86-83-82-84-85-88-89-91|98-96-95-94-92-93-97-100-99
4,10,828.9369,0.0,50.0,1234.8075,0,10,11.757364,11.760989,True,5-3-7-8-10-11-9-6-4-2-1-75|13-17-18-19-15-16-14-12|20-24-25-27-29-30-28-26-23-22-21|32-33-31-35-37-38-39-36-34|43-42-41-40-44-46-45-48-51-50-52-49-47|57-55-54-53-56-58-60-59|67-65-63-62-74-72-61-64-68-66-69|81-78-76-71-70-73-77-79-80|90-87-86-83-82-84-85-88-89-91|98-96-95-94-92-93-97-100-99
5,10,828.9369,0.0,50.0,1234.8075,0,10,11.757364,11.760989,True,5-3-7-8-10-11-9-6-4-2-1-75|13-17-18-19-15-16-14-12|20-24-25-27-29-30-28-26-23-22-21|32-33-31-35-37-38-39-36-34|43-42-41-40-44-46-45-48-51-50-52-49-47|57-55-54-53-56-58-60-59|67-65-63-62-74-72-61-64-68-66-69|81-78-76-71-70-73-77-79-80|90-87-86-83-82-84-85-88-89-91|98-96-95-94-92-93-97-100-99
6,10,828.9369,0.0,50.0,1234.8075,0,10,11.757364,11.760989,True,5-3-7-8-10-11-9-6-4-2-1-75|13-17-18-19-15-16-14-12|20-24-25-27-29-30-28-26-23-22-21|32-33-31-35-37-38-39-36-34|43-42-41-40-44-46-45-48-51-50-52-49-47|57-55-54-53-56-58-60-59|67-65-63-62-74-72-61-64-68-66-69|81-78-76-71-70-73-77-79-80|90-87-86-83-82-84-85-88-89-91|98-96-95-94-92-93-97-100-99
7,10,828.9369,0.0,50.0,1234.8075,0,10,11.757364,11.760989,True,5-3-7-8-10-11-9-6-4-2-1-75|20-24-25-27-29-30-28-26-23-22-21|32-33-31-35-37-38-39-36-34|43-42-41-40-44-46-45-48-51-50-52-49-47|67-65-63-62-74-72-61-64-68-66-69|81-78-76-71-70-73-77-79-80|98-96-95-94-92-93-97-100-99|13-17-18-19-15-16-14-12|57-55-54-53-56-58-60-59|90-87-86-83-82-84-85-88-89-91
8,10,828.9369,0.0,50.0,1234.8075,0,10,11.757364,11.760989,True,5-3-7-8-10-11-9-6-4-2-1-75|13-17-18-19-15-16-14-12|20-24-25-27-29-30-28-26-23-22-21|32-33-31-35-37-38-39-36-34|43-42-41-40-44-46-45-48-51-50-52-49-47|57-55-54-53-56-58-60-59|67-65-63-62-74-72-61-64-68-66-69|81-78-76-71-70-73-77-79-80|90-87-86-83-82-84-85-88-89-91|98-96-95-94-92-93-97-100-99
9,10,828.9369,0.0,50.0,1234.8075,0,10,11.757364,11.760989,True,5-3-7-8-10-11-9-6-4-2-1-75|13-17-18-19-15-16-14-12|20-24-25-27-29-30-28-26-23-22-21|32-33-31-35-37-38-39-36-34|43-42-41-40-44-46-45-48-51-50-52-49-47|57-55-54-53-56-58-60-59|67-65-63-62-74-72-61-64-68-66-69|81-78-76-71-70-73-77-79-80|90-87-86-83-82-84-85-88-89-91|98-96-95-94-92-93-97-100-99
10,10,828.9369,0.0,50.0,1234.8075,0,10,11.757364,11.760989,True,5-3-7-8-10-11-9-6-4-2-1-75|13-17-18-19-15-16-14-12|20-24-25-27-29-30-28-26-23-22-21|32-33-31-35-37-38-39-36-34|43-42-41-40-44-46-45-48-51-50-52-49-47|57-55-54-53-56-58-60-59|67-65-63-62-74-72-61-64-68-66-69|81-78-76-71-70-73-77-79-80|90-87-86-83-82-84-85-88-89-91|98-96-95-94-92-93-97-100-99
11,10,828.9369,0.0,50.0,1234.8075,0,10,11.757364,11.760989,True,5-3-7-8-10-11-9-6-4-2-1-75|13-17-18-19-15-16-14-12|20-24-25-27-29-30-28-26-23-22-21|32-33-31-35-37-38-39-36-34|43-42-41-40-44-46-45-48-51-50-52-49-47|57-55-54-53-56-58-60-59|67-65-63-62-74-72-61-64-68-66-69|81-78-76-71-70-73-77-79-80|90-87-86-83-82-84-85-88-89-91|98-96-95-94-92-93-97-100-99
12,10,828.9369,0.0,50.0,1234.8075,0,10,11.757364,11.760989,True,5-3-7-8-10-11-9-6-4-2-1-75|13-17-18-19-15-16-14-12|20-24-25-27-29-30-28-26-23-22-21|32-33-31-35-37-38-39-36-34|43-42-41-40-44-46-45-48-51-50-52-49-47|57-55-54-53-56-58-60-59|67-65-63-62-74-72-61-64-68-66-69|81-78-76-71-70-73-77-79-80|90-87-86-83-82-84-85-88-89-91|98-96-95-94-92-93-97-100-99
13,10,828.9369,0.0,50.0,1234.8075,0,10,11.757364,11.760989,True,5-3-7-8-10-11-9-6-4-2-1-75|13-17-18-19-15-16-14-12|20-24-25-27-29-30-28-26-23-22-21|32-33-31-35-37-38-39-36-34|43-42-41-40-44-46-45-48-51-50-52-49-47|57-55-54-53-56-58-60-59|67-65-63-62-74-72-61-64-68-66-69|81-78-76-71-70-73-77-79-80|90-87-86-83-82-84-85-88-89-91|98-96-95-94-92-93-97-100-99
14,10,828.9369,0.0,50.0,1234.8075,0,10,11.757364,11.760989,True,5-3-7-8-10-11-9-6-4-2-1-75|13-17-18-19-15-16-14-12|20-24-25-27-29-30-28-26-23-22-21|32-33-31-35-37-38-39-36-34|43-42-41-40-44-46-45-48-51-50-52-49-47|57-55-54-53-56-58-60-59|67-65-63-62-74-72-61-64-68-66-69|81-78-76-71-70-73-77-79-80|90-87-86-83-82-84-85-88-89-91|98-96-95-94-92-93-97-100-99
15,10,828.9369,0.0,50.0,1234.8075,0,10,11.757364,11.760989,True,5-3-7-8-10-11-9-6-4-2-1-75|13-17-18-19-15-16-14-12|20-24-25-27-29-30-28-26-23-22-21|32-33-31-35-37-38-39-36-34|43-42-41-40-44-46-45-48-51-50-52-49-47|57-55-54-53-56-58-60-59|67-65-63-62-74-72-61-64-68-66-69|81-78-76-71-70-73-77-79-80|90-87-86-83-82-84-85-88-89-91|98-96-95-94-92-93-97-100-99
16,10,828.9369,0.0,50.0,1234.8075,0,10,11.757364,11.760989,True,5-3-7-8-10-11-9-6-4-2-1-75|13-17-18-19-15-16-14-12|20-24-25-27-29-30-28-26-23-22-21|32-33-31-35-37-38-39-36-34|43-42-41-40-44-46-45-48-51-50-52-49-47|57-55-54-53-56-58-60-59|67-65-63-62-74-72-61-64-68-66-69|81-78-76-71-70-73-77-79-80|90-87-86-83-82-84-85-88-89-91|98-96-95-94-92-93-97-100-99
17,10,828.9369,0.0,50.0,1234.8075,0,10,11.757364,11.760989,True,5-3-7-8-10-11-9-6-4-2-1-75|13-17-18-19-15-16-14-12|20-24-25-27-29-30-28-26-23-22-21|32-33-31-35-37-38-39-36-34|43-42-41-40-44-46-45-48-51-50-52-49-47|57-55-54-53-56-58-60-59|67-65-63-62-74-72-61-64-68-66-69|81-78-76-71-70-73-77-79-80|90-87-86-83-82-84-85-88-89-91|98-96-95-94-92-93-97-100-99
18,10,828.9369,0.0,50.0,1234.8075,0,10,11.757364,11.760989,True,5-3-7-8-10-11-9-6-4-2-1-75|13-17-18-19-15-16-14-12|20-24-25-27-29-30-28-26-23-22-21|32-33-31-35-37-38-39-36-34|43-42-41-40-44-46-45-48-51-50-52-49-47|57-55-54-53-56-58-60-59|67-65-63-62-74-72-61-64-68-66-69|81-78-76-71-70-73-77-79-80|90-87-86-83-82-84-85-88-89-91|98-96-95-94-92-93-97-100-99
19,10,828.9369,0.0,50.0,1234.8075,0,10,11.757364,11.760989,True,5-3-7-8-10-11-9-6-4-2-1-75|13-17-18-19-15-16-14-12|20-24-25-27-29-30-28-26-23-22-21|32-33-31-35-37-38-39-36-34|43-42-41-40-44-46-45-48-51-50-52-49-47|57-55-54-53-56-58-60-59|67-65-63-62-74-72-61-64-68-66-69|81-78-76-71-70-73-77-79-80|90-87-86-83-82-84-85-88-89-91|98-96-95-94-92-93-97-100-99
20,10,828.9369,0.0,50.0,1234.8075,0,10,11.757364,11.760989,True,5-3-7-8-10-11-9-6-4-2-1-75|13-17-18-19-15-16-14-12|20-24-25-27-29-30-28-26-23-22-21|32-33-31-35-37-38-39-36-34|43-42-41-40-44-46-45-48-51-50-52-49-47|57-55-54-53-56-58-60-59|67-65-63-62-74-72-61-64-68-66-69|81-78-76-71-70-73-77-79-80|90-87-86-83-82-84-85-88-89-91|98-96-95-94-92-93-97-100-99
21,10,828.9369,0.0,50.0,1234.8075,0,10,11.757364,11.760989,True,5-3-7-8-10-11-9-6-4-2-1-75|13-17-18-19-15-16-14-12|20-24-25-27-29-30-28-26-23-22-21|32-33-31-35-37-38-39-36-34|43-42-41-40-44-46-45-48-51-50-52-49-47|57-55-54-53-56-58-60-59|67-65-63-62-74-72-61-64-68-66-69|81-78-76-71-70-73-77-79-80|90-87-86-83-82-84-85-88-89-91|98-96-95-94-92-93-97-100-99
22,10,828.9369,0.0,50.0,1234.8075,0,10,11.757364,11.760989,True,5-3-7-8-10-11-9-6-4-2-1-75|13-17-18-19-15-16-14-12|20-24-25-27-29-30-28-26-23-22-21|32-33-31-35-37-38-39-36-34|43-42-41-40-44-46-45-48-51-50-52-49-47|57-55-54-53-56-58-60-59|67-65-63-62-74-72-61-64-68-66-69|81-78-76-71-70-73-77-79-80|90-87-86-83-82-84-85-88-89-91|98-96-95-94-92-93-97-100-99
23,10,828.9369,0.0,50.0,1234.8075,0,10,11.757364,11.760989,True,5-3-7-8-10-11-9-6-4-2-1-75|13-17-18-19-15-16-14-12|20-24-25-27-29-30-28-26-23-22-21|32-33-31-35-37-38-39-36-34|43-42-41-40-44-46-45-48-51-50-52-49-47|57-55-54-53-56-58-60-59|67-65-63-62-74-72-61-64-68-66-69|81-78-76-71-70-73-77-79-80|90-87-86-83-82-84-85-88-89-91|98-96-95-94-92-93-97-100-99
24,10,828.9369,0.0,50.0,1234.8075,0,10,11.757364,11.760989,True,5-3-7-8-10-11-9-6-4-2-1-75|13-17-18-19-15-16-14-12|20-24-25-27-29-30-28-26-23-22-21|32-33-31-35-37-38-39-36-34|43-42-41-40-44-46-45-48-51-50-52-49-47|57-55-54-53-56-58-60-59|67-65-63-62-74-72-61-64-68-66-69|81-78-76-71-70-73-77-79-80|90-87-86-83-82-84-85-88-89-91|98-96-95-94-92-93-97-100-99
25,10,828.9369,0.0,50.0,1234.8075,0,10,11.757364,11.760989,True,5-3-7-8-10-11-9-6-4-2-1-75|13-17-18-19-15-16-14-12|20-24-25-27-29-30-28-26-23-22-21|32-33-31-35-37-38-39-36-34|43-42-41-40-44-46-45-48-51-50-52-49-47|57-55-54-53-56-58-60-59|67-65-63-62-74-72-61-64-68-66-69|81-78-76-71-70-73-77-79-80|90-87-86-83-82-84-85-88-89-91|98-96-95-94-92-93-97-100-99
26,10,828.9369,0.0,50.0,1234.8075,0,10,11.757364,11.760989,True,5-3-7-8-10-11-9-6-4-2-1-75|13-17-18-19-15-16-14-12|20-24-25-27-29-30-28-26-23-22-21|32-33-31-35-37-38-39-36-34|43-42-41-40-44-46-45-48-51-50-52-49-47|57-55-54-53-56-58-60-59|67-65-63-62-74-72-61-64-68-66-69|81-78-76-71-70-73-77-79-80|90-87-86-83-82-84-85-88-89-91|98-96-95-94-92-93-97-100-99
27,10,828.9369,0.0,50.0,1234.8075,0,10,11.757364,11.760989,True,5-3-7-8-10-11-9-6-4-2-1-75|13-17-18-19-15-16-14-12|20-24-25-27-29-30-28-26-23-22-21|32-33-31-35-37-38-39-36-34|43-42-41-40-44-46-45-48-51-50-52-49-47|57-55-54-53-56-58-60-59|67-65-63-62-74-72-61-64-68-66-69|81-78-76-71-70-73-77-79-80|90-87-86-83-82-84-85-88-89-91|98-96-95-94-92-93-97-100-99
28,10,828.9369,0.0,50.0,1234.8075,0,10,11.757364,11.760989,True,5-3-7-8-10-11-9-6-4-2-1-75|13-17-18-19-15-16-14-12|20-24-25-27-29-30-28-26-23-22-21|32-33-31-35-37-38-39-36-34|43-42-41-40-44-46-45-48-51-50-52-49-47|57-55-54-53-56-58-60-59|67-65-63-62-74-72-61-64-68-66-69|81-78-76-71-70-73-77-79-80|90-87-86-83-82-84-85-88-89-91|98-96-95-94-92-93-97-100-99
29,10,828.9369,0.0,50.0,1234.8075,0,10,11.757364,11.760989,True,5-3-7-8-10-11-9-6-4-2-1-75|13-17-18-19-15-16-14-12|20-24-25-27-29-30-28-26-23-22-21|32-33-31-35-37-38-39-36-34|43-42-41-40-44-46-45-48-51-50-52-49-47|57-55-54-53-56-58-60-59|67-65-63-62-74-72-61-64-68-66-69|81-78-76-71-70-73-77-79-80|90-87-86-83-82-84-85-88-89-91|98-96-95-94-92-93-97-100-99
30,10,828.9369,0.0,50.0,1234.8075,0,10,11.757364,11.760989,True,5-3-7-8-10-11-9-6-4-2-1-75|13-17-18-19-15-16-14-12|20-24-25-27-29-30-28-26-23-22-21|32-33-31-35-37-38-39-36-34|43-42-41-40-44-46-45-48-51-50-52-49-47|57-55-54-53-56-58-60-59|67-65-63-62-74-72-61-64-68-66-69|81-78-76-71-70-73-77-79-80|90-87-86-83-82-84-85-88-89-91|98-96-95-94-92-93-97-100-99
31,10,828.9369,0.0,50.0,1234.8075,0,10,11.757364,11.760989,True,5-3-7-8-10-11-9-6-4-2-1-75|13-17-18-19-15-16-14-12|20-24-25-27-29-30-28-26-23-22-21|32-33-31-35-37-38-39-36-34|43-42-41-40-44-46-45-48-51-50-52-49-47|57-55-54-53-56-58-60-59|67-65-63-62-74-72-61-64-68-66-69|81-78-76-71-70-73-77-79-80|90-87-86-83-82-84-85-88-89-91|98-96-95-94-92-93-97-100-99
32,10,828.9369,0.0,50.0,1234.8075,0,10,11.757364,11.760989,True,5-3-7-8-10-11-9-6-4-2-1-75|13-17-18-19-15-16-14-12|20-24-25-27-29-30-28-26-23-22-21|32-33-31-35-37-38-39-36-34|43-42-41-40-44-46-45-48-51-50-52-49-47|57-55-54-53-56-58-60-59|67-65-63-62-74-72-61-64-68-66-69|81-78-76-71-70-73-77-79-80|90-87-86-83-82-84-85-88-89-91|98-96-95-94-92-93-97-100-99
33,10,828.9369,0.0,50.0,1234.8075,0,10,11.757364,11.760989,True,5-3-7-8-10-11-9-6-4-2-1-75|13-17-18-19-15-16-14-12|20-24-25-27-29-30-28-26-23-22-21|32-33-31-35-37-38-39-36-34|43-42-41-40-44-46-45-48-51-50-52-49-47|57-55-54-53-56-58-60-59|67-65-63-62-74-72-61-64-68-66-69|81-78-76-71-70-73-77-79-80|90-87-86-83-82-84-85-88-89-91|98-96-95-94-92-93-97-100-99
34,10,828.9369,0.0,50.0,1234.8075,0,10,11.757364,11.760989,True,5-3-7-8-10-11-9-6-4-2-1-75|13-17-18-19-15-16-14-12|20-24-25-27-29-30-28-26-23-22-21|32-33-31-35-37-38-39-36-34|43-42-41-40-44-46-45-48-51-50-52-49-47|57-55-54-53-56-58-60-59|67-65-63-62-74-72-61-64-68-66-69|81-78-76-71-70-73-77-79-80|90-87-86-83-82-84-85-88-89-91|98-96-95-94-92-93-97-100-99
35,10,828.9369,0.0,50.0,1234.8075,0,10,11.757364,11.760989,True,5-3-7-8-10-11-9-6-4-2-1-75|13-17-18-19-15-16-14-12|20-24-25-27-29-30-28-26-23-22-21|32-33-31-35-37-38-39-36-34|43-42-41-40-44-46-45-48-51-50-52-49-47|57-55-54-53-56-58-60-59|67-65-63-62-74-72-61-64-68-66-69|81-78-76-71-70-73-77-79-80|90-87-86-83-82-84-85-88-89-91|98-96-95-94-92-93-97-100-99
36,10,828.9369,0.0,50.0,1234.8075,0,10,11.757364,11.760989,True,5-3-7-8-10-11-9-6-4-2-1-75|13-17-18-19-15-16-14-12|20-24-25-27-29-30-28-26-23-22-21|32-33-31-35-37-38-39-36-34|43-42-41-40-44-46-45-48-51-50-52-49-47|57-55-54-53-56-58-60-59|67-65-63-62-74-72-61-64-68-66-69|81-78-76-71-70-73-77-79-80|90-87-86-83-82-84-85-88-89-91|98-96-95-94-92-93-97-100-99
37,10,828.9369,0.0,50.0,1234.8075,0,10,11.757364,11.760989,True,5-3-7-8-10-11-9-6-4-2-1-75|13-17-18-19-15-16-14-12|20-24-25-27-29-30-28-26-23-22-21|32-33-31-35-37-38-39-36-34|43-42-41-40-44-46-45-48-51-50-52-49-47|57-55-54-53-56-58-60-59|67-65-63-62-74-72-61-64-68-66-69|81-78-76-71-70-73-77-79-80|90-87-86-83-82-84-85-88-89-91|98-96-95-94-92-93-97-100-99
38,10,828.9369,0.0,50.0,1234.8075,0,10,11.757364,11.760989,True,5-3-7-8-10-11-9-6-4-2-1-75|13-17-18-19-15-16-14-12|20-24-25-27-29-30-28-26-23-22-21|32-33-31-35-37-38-39-36-34|43-42-41-40-44-46-45-48-51-50-52-49-47|57-55-54-53-56-58-60-59|67-65-63-62-74-72-61-64-68-66-69|81-78-76-71-70-73-77-79-80|90-87-86-83-82-84-85-88-89-91|98-96-95-94-92-93-97-100-99
39,10,828.9369,0.0,50.0,1234.8075,0,10,11.757364,11.760989,True,5-3-7-8-10-11-9-6-4-2-1-75|13-17-18-19-15-16-14-12|20-24-25-27-29-30-28-26-23-22-21|32-33-31-35-37-38-39-36-34|43-42-41-40-44-46-45-48-51-50-52-49-47|57-55-54-53-56-58-60-59|67-65-63-62-74-72-61-64-68-66-69|81-78-76-71-70-73-77-79-80|90-87-86-83-82-84-85-88-89-91|98-96-95-94-92-93-97-100-99
40,10,828.9369,0.0,50.0,1234.8075,0,10,11.757364,11.760989,True,5-3-7-8-10-11-9-6-4-2-1-75|13-17-18-19-15-16-14-12|20-24-25-27-29-30-28-26-23-22-21|32-33-31-35-37-38-39-36-34|43-42-41-40-44-46-45-48-51-50-52-49-47|57-55-54-53-56-58-60-59|67-65-63-62-74-72-61-64-68-66-69|81-78-76-71-70-73-77-79-80|90-87-86-83-82-84-85-88-89-91|98-96-95-94-92-93-97-100-99
41,10,828.9369,0.0,50.0,1234.8075,0,10,11.757364,11.760989,True,5-3-7-8-10-11-9-6-4-2-1-75|13-17-18-19-15-16-14-12|43-42-41-40-44-46-45-48-51-50-52-49-47|57-55-54-53-56-58-60-59|67-65-63-62-74-72-61-64-68-66-69|81-78-76-71-70-73-77-79-80|90-87-86-83-82-84-85-88-89-91|98-96-95-94-92-93-97-100-99|20-24-25-27-29-30-28-26-23-22-21|32-33-31-35-37-38-39-36-34
42,10,828.9369,0.0,50.0,1234.8075,0,10,11.757364,11.760989,True,5-3-7-8-10-11-9-6-4-2-1-75|13-17-18-19-15-16-14-12|20-24-25-27-29-30-28-26-23-22-21|32-33-31-35-37-38-39-36-34|43-42-41-40-44-46-45-48-51-50-52-49-47|57-55-54-53-56-58-60-59|67-65-63-62-74-72-61-64-68-66-69|81-78-76-71-70-73-77-79-80|90-87-86-83-82-84-85-88-89-91|98-96-95-94-92-93-97-100-99
43,10,828.9369,0.0,50.0,1234.8075,0,10,11.757364,11.760989,True,5-3-7-8-10-11-9-6-4-2-1-75|13-17-18-19-15-16-14-12|20-24-25-27-29-30-28-26-23-22-21|32-33-31-35-37-38-39-36-34|43-42-41-40-44-46-45-48-51-50-52-49-47|57-55-54-53-56-58-60-59|67-65-63-62-74-72-61-64-68-66-69|81-78-76-71-70-73-77-79-80|90-87-86-83-82-84-85-88-89-91|98-96-95-94-92-93-97-100-99
44,10,828.9369,0.0,50.0,1234.8075,0,10,11.757364,11.760989,True,5-3-7-8-10-11-9-6-4-2-1-75|13-17-18-19-15-16-14-12|20-24-25-27-29-30-28-26-23-22-21|32-33-31-35-37-38-39-36-34|43-42-41-40-44-46-45-48-51-50-52-49-47|57-55-54-53-56-58-60-59|67-65-63-62-74-72-61-64-68-66-69|81-78-76-71-70-73-77-79-80|90-87-86-83-82-84-85-88-89-91|98-96-95-94-92-93-97-100-99
45,10,828.9369,0.0,50.0,1234.8075,0,10,11.757364,11.760989,True,5-3-7-8-10-11-9-6-4-2-1-75|20-24-25-27-29-30-28-26-23-22-21|32-33-31-35-37-38-39-36-34|43-42-41-40-44-46-45-48-51-50-52-49-47|67-65-63-62-74-72-61-64-68-66-69|81-78-76-71-70-73-77-79-80|98-96-95-94-92-93-97-100-99|13-17-18-19-15-16-14-12|57-55-54-53-56-58-60-59|90-87-86-83-82-84-85-88-89-91
46,10,828.9369,0.0,50.0,1234.8075,0,10,11.757364,11.760989,True,5-3-7-8-10-11-9-6-4-2-1-75|13-17-18-19-15-16-14-12|20-24-25-27-29-30-28-26-23-22-21|32-33-31-35-37-38-39-36-34|43-42-41-40-44-46-45-48-51-50-52-49-47|57-55-54-53-56-58-60-59|67-65-63-62-74-72-61-64-68-66-69|81-78-76-71-70-73-77-79-80|90-87-86-83-82-84-85-88-89-91|98-96-95-94-92-93-97-100-99
47,10,828.9369,0.0,50.0,1234.8075,0,10,11.757364,11.760989,True,5-3-7-8-10-11-9-6-4-2-1-75|13-17-18-19-15-16-14-12|20-24-25-27-29-30-28-26-23-22-21|32-33-31-35-37-38-39-36-34|43-42-41-40-44-46-45-48-51-50-52-49-47|57-55-54-53-56-58-60-59|67-65-63-62-74-72-61-64-68-66-69|81-78-76-71-70-73-77-79-80|90-87-86-83-82-84-85-88-89-91|98-96-95-94-92-93-97-100-99
48,10,828.9369,0.0,50.0,1234.8075,0,10,11.757364,11.760989,True,5-3-7-8-10-11-9-6-4-2-1-75|20-24-25-27-29-30-28-26-23-22-21|32-33-31-35-37-38-39-36-34|43-42-41-40-44-46-45-48-51-50-52-49-47|67-65-63-62-74-72-61-64-68-66-69|81-78-76-71-70-73-77-79-80|98-96-95-94-92-93-97-100-99|13-17-18-19-15-16-14-12|57-55-54-53-56-58-60-59|90-87-86-83-82-84-85-88-89-91
49,10,828.9369,0.0,50.0,1234.8075,0,10,11.757364,11.760989,True,5-3-7-8-10-11-9-6-4-2-1-75|13-17-18-19-15-16-14-12|20-24-25-27-29-30-28-26-23-22-21|32-33-31-35-37-38-39-36-34|43-42-41-40-44-46-45-48-51-50-52-49-47|57-55-54-53-56-58-60-59|67-65-63-62-74-72-61-64-68-66-69|81-78-76-71-70-73-77-79-80|90-87-86-83-82-84-85-88-89-91|98-96-95-94-92-93-97-100-99
50,10,828.9369,0.0,50.0,1234.8075,0,10,11.757364,11.760989,True,5-3-7-8-10-11-9-6-4-2-1-75|13-17-18-19-15-16-14-12|20-24-25-27-29-30-28-26-23-22-21|32-33-31-35-37-38-39-36-34|43-42-41-40-44-46-45-48-51-50-52-49-47|57-55-54-53-56-58-60-59|67-65-63-62-74-72-61-64-68-66-69|81-78-76-71-70-73-77-79-80|90-87-86-83-82-84-85-88-89-91|98-96-95-94-92-93-97-100-99
51,10,828.9369,0.0,50.0,1234.8075,0,10,11.757364,11.760989,True,5-3-7-8-10-11-9-6-4-2-1-75|13-17-18-19-15-16-14-12|20-24-25-27-29-30-28-26-23-22-21|32-33-31-35-37-38-39-36-34|43-42-41-40-44-46-45-48-51-50-52-49-47|57-55-54-53-56-58-60-59|67-65-63-62-74-72-61-64-68-66-69|81-78-76-71-70-73-77-79-80|90-87-86-83-82-84-85-88-89-91|98-96-95-94-92-93-97-100-99
52,10,828.9369,0.0,50.0,1234.8075,0,10,11.757364,11.760989,True,5-3-7-8-10-11-9-6-4-2-1-75|13-17-18-19-15-16-14-12|20-24-25-27-29-30-28-26-23-22-21|32-33-31-35-37-38-39-36-34|43-42-41-40-44-46-45-48-51-50-52-49-47|57-55-54-53-56-58-60-59|67-65-63-62-74-72-61-64-68-66-69|81-78-76-71-70-73-77-79-80|90-87-86-83-82-84-85-88-89-91|98-96-95-94-92-93-97-100-99
53,10,828.9369,0.0,50.0,1234.8075,0,10,11.757364,11.760989,True,5-3-7-8-10-11-9-6-4-2-1-75|13-17-18-19-15-16-14-12|20-24-25-27-29-30-28-26-23-22-21|32-33-31-35-37-38-39-36-34|43-42-41-40-44-46-45-48-51-50-52-49-47|57-55-54-53-56-58-60-59|67-65-63-62-74-72-61-64-68-66-69|81-78-76-71-70-73-77-79-80|90-87-86-83-82-84-85-88-89-91|98-96-95-94-92-93-97-100-99
54,10,828.9369,0.0,50.0,1234.8075,0,10,11.757364,11.760989,True,5-3-7-8-10-11-9-6-4-2-1-75|13-17-18-19-15-16-14-12|20-24-25-27-29-30-28-26-23-22-21|32-33-31-35-37-38-39-36-34|43-42-41-40-44-46-45-48-51-50-52-49-47|57-55-54-53-56-58-60-59|67-65-63-62-74-72-61-64-68-66-69|81-78-76-71-70-73-77-79-80|90-87-86-83-82-84-85-88-89-91|98-96-95-94-92-93-97-100-99
55,10,828.9369,0.0,50.0,1234.8075,0,10,11.757364,11.760989,True,5-3-7-8-10-11-9-6-4-2-1-75|13-17-18-19-15-16-14-12|20-24-25-27-29-30-28-26-23-22-21|32-33-31-35-37-38-39-36-34|43-42-41-40-44-46-45-48-51-50-52-49-47|57-55-54-53-56-58-60-59|67-65-63-62-74-72-61-64-68-66-69|81-78-76-71-70-73-77-79-80|90-87-86-83-82-84-85-88-89-91|98-96-95-94-92-93-97-100-99
56,10,828.9369,0.0,50.0,1234.8075,0,10,11.757364,11.760989,True,5-3-7-8-10-11-9-6-4-2-1-75|13-17-18-19-15-16-14-12|20-24-25-27-29-30-28-26-23-22-21|32-33-31-35-37-38-39-36-34|43-42-41-40-44-46-45-48-51-50-52-49-47|57-55-54-53-56-58-60-59|67-65-63-62-74-72-61-64-68-66-69|81-78-76-71-70-73-77-79-80|90-87-86-83-82-84-85-88-89-91|98-96-95-94-92-93-97-100-99
57,10,828.9369,0.0,50.0,1234.8075,0,10,11.757364,11.760989,True,5-3-7-8-10-11-9-6-4-2-1-75|13-17-18-19-15-16-14-12|20-24-25-27-29-30-28-26-23-22-21|32-33-31-35-37-38-39-36-34|43-42-41-40-44-46-45-48-51-50-52-49-47|57-55-54-53-56-58-60-59|67-65-63-62-74-72-61-64-68-66-69|81-78-76-71-70-73-77-79-80|90-87-86-83-82-84-85-88-89-91|98-96-95-94-92-93-97-100-99
58,10,828.9369,0.0,50.0,1234.8075,0,10,11.757364,11.760989,True,5-3-7-8-10-11-9-6-4-2-1-75|13-17-18-19-15-16-14-12|20-24-25-27-29-30-28-26-23-22-21|32-33-31-35-37-38-39-36-34|43-42-41-40-44-46-45-48-51-50-52-49-47|57-55-54-53-56-58-60-59|67-65-63-62-74-72-61-64-68-66-69|81-78-76-71-70-73-77-79-80|90-87-86-83-82-84-85-88-89-91|98-96-95-94-92-93-97-100-99
59,10,828.9369,0.0,50.0,1234.8075,0,10,11.757364,11.760989,True,5-3-7-8-10-11-9-6-4-2-1-75|20-24-25-27-29-30-28-26-23-22-21|43-42-41-40-44-46-45-48-51-50-52-49-47|57-55-54-53-56-58-60-59|67-65-63-62-74-72-61-64-68-66-69|90-87-86-83-82-84-85-88-89-91|98-96-95-94-92-93-97-100-99|13-17-18-19-15-16-14-12|32-33-31-35-37-38-39-36-34|81-78-76-71-70-73-77-79-80
60,10,828.9369,0.0,50.0,1234.8075,0,10,11.757364,11.760989,True,5-3-7-8-10-11-9-6-4-2-1-75|13-17-18-19-15-16-14-12|20-24-25-27-29-30-28-26-23-22-21|32-33-31-35-37-38-39-36-34|43-42-41-40-44-46-45-48-51-50-52-49-47|57-55-54-53-56-58-60-59|67-65-63-62-74-72-61-64-68-66-69|81-78-76-71-70-73-77-79-80|90-87-86-83-82-84-85-88-89-91|98-96-95-94-92-93-97-100-99
61,10,828.9369,0.0,50.0,1234.8075,0,10,11.757364,11.760989,True,5-3-7-8-10-11-9-6-4-2-1-75|13-17-18-19-15-16-14-12|20-24-25-27-29-30-28-26-23-22-21|32-33-31-35-37-38-39-36-34|43-42-41-40-44-46-45-48-51-50-52-49-47|57-55-54-53-56-58-60-59|67-65-63-62-74-72-61-64-68-66-69|81-78-76-71-70-73-77-79-80|90-87-86-83-82-84-85-88-89-91|98-96-95-94-92-93-97-100-99
62,10,828.9369,0.0,50.0,1234.8075,0,10,11.757364,11.760989,True,5-3-7-8-10-11-9-6-4-2-1-75|13-17-18-19-15-16-14-12|20-24-25-27-29-30-28-26-23-22-21|32-33-31-35-37-38-39-36-34|43-42-41-40-44-46-45-48-51-50-52-49-47|57-55-54-53-56-58-60-59|67-65-63-62-74-72-61-64-68-66-69|81-78-76-71-70-73-77-79-80|90-87-86-83-82-84-85-88-89-91|98-96-95-94-92-93-97-100-99
63,10,828.9369,0.0,50.0,1234.8075,0,10,11.757364,11.760989,True,5-3-7-8-10-11-9-6-4-2-1-75|13-17-18-19-15-16-14-12|20-24-25-27-29-30-28-26-23-22-21|32-33-31-35-37-38-39-36-34|43-42-41-40-44-46-45-48-51-50-52-49-47|57-55-54-53-56-58-60-59|67-65-63-62-74-72-61-64-68-66-69|81-78-76-71-70-73-77-79-80|90-87-86-83-82-84-85-88-89-91|98-96-95-94-92-93-97-100-99
64,10,828.9369,0.0,50.0,1234.8075,0,10,11.757364,11.760989,True,5-3-7-8-10-11-9-6-4-2-1-75|13-17-18-19-15-16-14-12|20-24-25-27-29-30-28-26-23-22-21|32-33-31-35-37-38-39-36-34|43-42-41-40-44-46-45-48-51-50-52-49-47|57-55-54-53-56-58-60-59|67-65-63-62-74-72-61-64-68-66-69|81-78-76-71-70-73-77-79-80|90-87-86-83-82-84-85-88-89-91|98-96-95-94-92-93-97-100-99
65,10,828.9369,0.0,50.0,1234.8075,0,10,11.757364,11.760989,True,5-3-7-8-10-11-9-6-4-2-1-75|13-17-18-19-15-16-14-12|20-24-25-27-29-30-28-26-23-22-21|32-33-31-35-37-38-39-36-34|43-42-41-40-44-46-45-48-51-50-52-49-47|57-55-54-53-56-58-60-59|67-65-63-62-74-72-61-64-68-66-69|81-78-76-71-70-73-77-79-80|90-87-86-83-82-84-85-88-89-91|98-96-95-94-92-93-97-100-99
66,10,828.9369,0.0,50.0,1234.8075,0,10,11.757364,11.760989,True,5-3-7-8-10-11-9-6-4-2-1-75|13-17-18-19-15-16-14-12|20-24-25-27-29-30-28-26-23-22-21|32-33-31-35-37-38-39-36-34|43-42-41-40-44-46-45-48-51-50-52-49-47|57-55-54-53-56-58-60-59|67-65-63-62-74-72-61-64-68-66-69|81-78-76-71-70-73-77-79-80|90-87-86-83-82-84-85-88-89-91|98-96-95-94-92-93-97-100-99
67,10,828.9369,0.0,50.0,1234.8075,0,10,11.757364,11.760989,True,5-3-7-8-10-11-9-6-4-2-1-75|20-24-25-27-29-30-28-26-23-22-21|32-33-31-35-37-38-39-36-34|43-42-41-40-44-46-45-48-51-50-52-49-47|67-65-63-62-74-72-61-64-68-66-69|81-78-76-71-70-73-77-79-80|98-96-95-94-92-93-97-100-99|13-17-18-19-15-16-14-12|57-55-54-53-56-58-60-59|90-87-86-83-82-84-85-88-89-91
68,10,828.9369,0.0,50.0,1234.8075,0,10,11.757364,11.760989,True,5-3-7-8-10-11-9-6-4-2-1-75|13-17-18-19-15-16-14-12|20-24-25-27-29-30-28-26-23-22-21|32-33-31-35-37-38-39-36-34|43-42-41-40-44-46-45-48-51-50-52-49-47|57-55-54-53-56-58-60-59|67-65-63-62-74-72-61-64-68-66-69|81-78-76-71-70-73-77-79-80|90-87-86-83-82-84-85-88-89-91|98-96-95-94-92-93-97-100-99
69,10,828.9369,0.0,50.0,1234.8075,0,10,11.757364,11.760989,True,5-3-7-8-10-11-9-6-4-2-1-75|13-17-18-19-15-16-14-12|20-24-25-27-29-30-28-26-23-22-21|43-42-41-40-44-46-45-48-51-50-52-49-47|57-55-54-53-56-58-60-59|67-65-63-62-74-72-61-64-68-66-69|81-78-76-71-70-73-77-79-80|90-87-86-83-82-84-85-88-89-91|98-96-95-94-92-93-97-100-99|32-33-31-35-37-38-39-36-34
70,10,828.9369,0.0,50.0,1234.8075,0,10,11.757364,11.760989,True,5-3-7-8-10-11-9-6-4-2-1-75|13-17-18-19-15-16-14-12|20-24-25-27-29-30-28-26-23-22-21|32-33-31-35-37-38-39-36-34|43-42-41-40-44-46-45-48-51-50-52-49-47|57-55-54-53-56-58-60-59|67-65-63-62-74-72-61-64-68-66-69|81-78-76-71-70-73-77-79-80|90-87-86-83-82-84-85-88-89-91|98-96-95-94-92-93-97-100-99
71,10,828.9369,0.0,50.0,1234.8075,0,10,11.757364,11.760989,True,5-3-7-8-10-11-9-6-4-2-1-75|13-17-18-19-15-16-14-12|20-24-25-27-29-30-28-26-23-22-21|32-33-31-35-37-38-39-36-34|43-42-41-40-44-46-45-48-51-50-52-49-47|57-55-54-53-56-58-60-59|67-65-63-62-74-72-61-64-68-66-69|81-78-76-71-70-73-77-79-80|90-87-86-83-82-84-85-88-89-91|98-96-95-94-92-93-97-100-99
72,10,828.9369,0.0,50.0,1234.8075,0,10,11.757364,11.760989,True,5-3-7-8-10-11-9-6-4-2-1-75|13-17-18-19-15-16-14-12|20-24-25-27-29-30-28-26-23-22-21|32-33-31-35-37-38-39-36-34|43-42-41-40-44-46-45-48-51-50-52-49-47|57-55-54-53-56-58-60-59|67-65-63-62-74-72-61-64-68-66-69|81-78-76-71-70-73-77-79-80|90-87-86-83-82-84-85-88-89-91|98-96-95-94-92-93-97-100-99
73,10,828.9369,0.0,50.0,1234.8075,0,10,11.757364,11.760989,True,5-3-7-8-10-11-9-6-4-2-1-75|13-17-18-19-15-16-14-12|20-24-25-27-29-30-28-26-23-22-21|32-33-31-35-37-38-39-36-34|43-42-41-40-44-46-45-48-51-50-52-49-47|57-55-54-53-56-58-60-59|67-65-63-62-74-72-61-64-68-66-69|81-78-76-71-70-73-77-79-80|90-87-86-83-82-84-85-88-89-91|98-96-95-94-92-93-97-100-99
74,10,828.9369,0.0,50.0,1234.8075,0,10,11.757364,11.760989,True,5-3-7-8-10-11-9-6-4-2-1-75|13-17-18-19-15-16-14-12|20-24-25-27-29-30-28-26-23-22-21|32-33-31-35-37-38-39-36-34|43-42-41-40-44-46-45-48-51-50-52-49-47|57-55-54-53-56-58-60-59|67-65-63-62-74-72-61-64-68-66-69|81-78-76-71-70-73-77-79-80|90-87-86-83-82-84-85-88-89-91|98-96-95-94-92-93-97-100-99
75,10,849.6407,0.0,50.0,1143.9891,0,10,0.936217,0.932431,True,5-3-7-8-10-11-9-6-4-2-1-75|43-42-41-40-44-46-45-48-51-50-52-49|57-55-54-53-56-58-60-59|67-65-63-62-74-72-61-64-68-66|81-78-76-71-70-73-77-79-80-69-47|90-87-86-83-82-84-85-88-89-91|98-96-95-94-92-93-97-100-99|32-33-31-35-37-38-39-36-34|20-24-25-27-29-30-28-26-23-22-21|13-17-18-19-15-16-14-12
76,10,849.6407,0.0,50.0,1143.9891,0,10,0.936217,0.932431,True,5-3-7-8-10-11-9-6-4-2-1-75|43-42-41-40-44-46-45-48-51-50-52-49|57-55-54-53-56-58-60-59|67-65-63-62-74-72-61-64-68-66|81-78-76-71-70-73-77-79-80-69-47|90-87-86-83-82-84-85-88-89-91|98-96-95-94-92-93-97-100-99|32-33-31-35-37-38-39-36-34|20-24-25-27-29-30-28-26-23-22-21|13-17-18-19-15-16-14-12
77,10,856.9428,0.0,50.0,1142.2507,0,10,3.126852,3.124995,True,5-3-7-8-10-11-9-6-4-2-1-75|20-24-25-27-29-30-28-26-23-22-21|32-33-31-35-37-38-39-36-34|43-42-41-40-44-46-45-48-51-50-49-47|67-65-63-62-74-72-61-64-68-66-69|81-78-76-71-70-73-77-79-80-52|98-96-95-94-92-93-97-100-99|13-17-18-19-15-16-14-12|57-55-54-53-56-58-60-59|90-87-86-83-82-84-85-88-89-91
78,10,856.9428,0.0,50.0,1142.2507,0,10,3.126852,3.124995,True,5-3-7-8-10-11-9-6-4-2-1-75|20-24-25-27-29-30-28-26-23-22-21|32-33-31-35-37-38-39-36-34|43-42-41-40-44-46-45-48-51-50-49-47|67-65-63-62-74-72-61-64-68-66-69|81-78-76-71-70-73-77-79-80-52|98-96-95-94-92-93-97-100-99|13-17-18-19-15-16-14-12|57-55-54-53-56-58-60-59|90-87-86-83-82-84-85-88-89-91
79,10,856.9428,0.0,50.0,1142.2507,0,10,3.126852,3.124995,True,5-3-7-8-10-11-9-6-4-2-1-75|20-24-25-27-29-30-28-26-23-22-21|32-33-31-35-37-38-39-36-34|43-42-41-40-44-46-45-48-51-50-49-47|67-65-63-62-74-72-61-64-68-66-69|81-78-76-71-70-73-77-79-80-52|98-96-95-94-92-93-97-100-99|13-17-18-19-15-16-14-12|57-55-54-53-56-58-60-59|90-87-86-83-82-84-85-88-89-91
80,10,856.9428,0.0,50.0,1142.2507,0,10,3.126852,3.124995,True,5-3-7-8-10-11-9-6-4-2-1-75|20-24-25-27-29-30-28-26-23-22-21|32-33-31-35-37-38-39-36-34|43-42-41-40-44-46-45-48-51-50-49-47|67-65-63-62-74-72-61-64-68-66-69|81-78-76-71-70-73-77-79-80-52|98-96-95-94-92-93-97-100-99|13-17-18-19-15-16-14-12|57-55-54-53-56-58-60-59|90-87-86-83-82-84-85-88-89-91
81,10,856.9428,0.0,50.0,1142.2507,0,10,3.126852,3.124995,True,5-3-7-8-10-11-9-6-4-2-1-75|20-24-25-27-29-30-28-26-23-22-21|32-33-31-35-37-38-39-36-34|43-42-41-40-44-46-45-48-51-50-49-47|67-65-63-62-74-72-61-64-68-66-69|81-78-76-71-70-73-77-79-80-52|98-96-95-94-92-93-97-100-99|13-17-18-19-15-16-14-12|57-55-54-53-56-58-60-59|90-87-86-83-82-84-85-88-89-91
82,10,856.9428,0.0,50.0,1142.2507,0,10,3.126852,3.124995,True,5-3-7-8-10-11-9-6-4-2-1-75|20-24-25-27-29-30-28-26-23-22-21|32-33-31-35-37-38-39-36-34|43-42-41-40-44-46-45-48-51-50-49-47|67-65-63-62-74-72-61-64-68-66-69|81-78-76-71-70-73-77-79-80-52|98-96-95-94-92-93-97-100-99|13-17-18-19-15-16-14-12|57-55-54-53-56-58-60-59|90-87-86-83-82-84-85-88-89-91
83,10,856.9428,0.0,50.0,1142.2507,0,10,3.126852,3.124995,True,5-3-7-8-10-11-9-6-4-2-1-75|20-24-25-27-29-30-28-26-23-22-21|32-33-31-35-37-38-39-36-34|43-42-41-40-44-46-45-48-51-50-49-47|67-65-63-62-74-72-61-64-68-66-69|81-78-76-71-70-73-77-79-80-52|98-96-95-94-92-93-97-100-99|13-17-18-19-15-16-14-12|57-55-54-53-56-58-60-59|90-87-86-83-82-84-85-88-89-91
84,10,856.9428,0.0,50.0,1142.2507,0,10,3.126852,3.124995,True,5-3-7-8-10-11-9-6-4-2-1-75|20-24-25-27-29-30-28-26-23-22-21|32-33-31-35-37-38-39-36-34|43-42-41-40-44-46-45-48-51-50-49-47|67-65-63-62-74-72-61-64-68-66-69|81-78-76-71-70-73-77-79-80-52|98-96-95-94-92-93-97-100-99|13-17-18-19-15-16-14-12|57-55-54-53-56-58-60-59|90-87-86-83-82-84-85-88-89-91
85,10,856.9428,0.0,50.0,1142.2507,0,10,3.126852,3.124995,True,5-3-7-8-10-11-9-6-4-2-1-75|20-24-25-27-29-30-28-26-23-22-21|32-33-31-35-37-38-39-36-34|43-42-41-40-44-46-45-48-51-50-49-47|67-65-63-62-74-72-61-64-68-66-69|81-78-76-71-70-73-77-79-80-52|98-96-95-94-92-93-97-100-99|13-17-18-19-15-16-14-12|57-55-54-53-56-58-60-59|90-87-86-83-82-84-85-88-89-91
86,10,856.9428,0.0,50.0,1142.2507,0,10,3.126852,3.124995,True,5-3-7-8-10-11-9-6-4-2-1-75|20-24-25-27-29-30-28-26-23-22-21|32-33-31-35-37-38-39-36-34|43-42-41-40-44-46-45-48-51-50-49-47|67-65-63-62-74-72-61-64-68-66-69|81-78-76-71-70-73-77-79-80-52|98-96-95-94-92-93-97-100-99|13-17-18-19-15-16-14-12|57-55-54-53-56-58-60-59|90-87-86-83-82-84-85-88-89-91
87,10,856.9428,0.0,50.0,1142.2507,0,10,3.126852,3.124995,True,5-3-7-8-10-11-9-6-4-2-1-75|20-24-25-27-29-30-28-26-23-22-21|32-33-31-35-37-38-39-36-34|43-42-41-40-44-46-45-48-51-50-49-47|67-65-63-62-74-72-61-64-68-66-69|81-78-76-71-70-73-77-79-80-52|98-96-95-94-92-93-97-100-99|13-17-18-19-15-16-14-12|57-55-54-53-56-58-60-59|90-87-86-83-82-84-85-88-89-91
88,10,856.9428,0.0,50.0,1142.2507,0,10,3.126852,3.124995,True,5-3-7-8-10-11-9-6-4-2-1-75|20-24-25-27-29-30-28-26-23-22-21|32-33-31-35-37-38-39-36-34|43-42-41-40-44-46-45-48-51-50-49-47|67-65-63-62-74-72-61-64-68-66-69|81-78-76-71-70-73-77-79-80-52|98-96-95-94-92-93-97-100-99|13-17-18-19-15-16-14-12|57-55-54-53-56-58-60-59|90-87-86-83-82-84-85-88-89-91
89,10,856.9428,0.0,50.0,1142.2507,0,10,3.126852,3.124995,True,5-3-7-8-10-11-9-6-4-2-1-75|20-24-25-27-29-30-28-26-23-22-21|32-33-31-35-37-38-39-36-34|43-42-41-40-44-46-45-48-51-50-49-47|67-65-63-62-74-72-61-64-68-66-69|81-78-76-71-70-73-77-79-80-52|98-96-95-94-92-93-97-100-99|13-17-18-19-15-16-14-12|57-55-54-53-56-58-60-59|90-87-86-83-82-84-85-88-89-91
90,10,856.9428,0.0,50.0,1142.2507,0,10,3.126852,3.124995,True,5-3-7-8-10-11-9-6-4-2-1-75|20-24-25-27-29-30-28-26-23-22-21|32-33-31-35-37-38-39-36-34|43-42-41-40-44-46-45-48-51-50-49-47|67-65-63-62-74-72-61-64-68-66-69|81-78-76-71-70-73-77-79-80-52|98-96-95-94-92-93-97-100-99|13-17-18-19-15-16-14-12|57-55-54-53-56-58-60-59|90-87-86-83-82-84-85-88-89-91
91,10,856.9428,0.0,50.0,1142.2507,0,10,3.126852,3.124995,True,5-3-7-8-10-11-9-6-4-2-1-75|20-24-25-27-29-30-28-26-23-22-21|32-33-31-35-37-38-39-36-34|43-42-41-40-44-46-45-48-51-50-49-47|67-65-63-62-74-72-61-64-68-66-69|81-78-76-71-70-73-77-79-80-52|98-96-95-94-92-93-97-100-99|13-17-18-19-15-16-14-12|57-55-54-53-56-58-60-59|90-87-86-83-82-84-85-88-89-91
92,10,856.9428,0.0,50.0,1142.2507,0,10,3.126852,3.124995,True,5-3-7-8-10-11-9-6-4-2-1-75|20-24-25-27-29-30-28-26-23-22-21|32-33-31-35-37-38-39-36-34|43-42-41-40-44-46-45-48-51-50-49-47|67-65-63-62-74-72-61-64-68-66-69|81-78-76-71-70-73-77-79-80-52|98-96-95-94-92-93-97-100-99|13-17-18-19-15-16-14-12|57-55-54-53-56-58-60-59|90-87-86-83-82-84-85-88-89-91
93,10,856.9428,0.0,50.0,1142.2507,0,10,3.126852,3.124995,True,5-3-7-8-10-11-9-6-4-2-1-75|20-24-25-27-29-30-28-26-23-22-21|32-33-31-35-37-38-39-36-34|43-42-41-40-44-46-45-48-51-50-49-47|67-65-63-62-74-72-61-64-68-66-69|81-78-76-71-70-73-77-79-80-52|98-96-95-94-92-93-97-100-99|13-17-18-19-15-16-14-12|57-55-54-53-56-58-60-59|90-87-86-83-82-84-85-88-89-91
94,10,856.9428,0.0,50.0,1142.2507,0,10,3.126852,3.124995,True,5-3-7-8-10-11-9-6-4-2-1-75|20-24-25-27-29-30-28-26-23-22-21|32-33-31-35-37-38-39-36-34|43-42-41-40-44-46-45-48-51-50-49-47|67-65-63-62-74-72-61-64-68-66-69|81-78-76-71-70-73-77-79-80-52|98-96-95-94-92-93-97-100-99|13-17-18-19-15-16-14-12|57-55-54-53-56-58-60-59|90-87-86-83-82-84-85-88-89-91
95,10,856.9428,0.0,50.0,1142.2507,0,10,3.126852,3.124995,True,5-3-7-8-10-11-9-6-4-2-1-75|20-24-25-27-29-30-28-26-23-22-21|32-33-31-35-37-38-39-36-34|43-42-41-40-44-46-45-48-51-50-49-47|67-65-63-62-74-72-61-64-68-66-69|81-78-76-71-70-73-77-79-80-52|98-96-95-94-92-93-97-100-99|13-17-18-19-15-16-14-12|57-55-54-53-56-58-60-59|90-87-86-83-82-84-85-88-89-91
96,10,856.9428,0.0,50.0,1142.2507,0,10,3.126852,3.124995,True,5-3-7-8-10-11-9-6-4-2-1-75|20-24-25-27-29-30-28-26-23-22-21|32-33-31-35-37-38-39-36-34|43-42-41-40-44-46-45-48-51-50-49-47|67-65-63-62-74-72-61-64-68-66-69|81-78-76-71-70-73-77-79-80-52|98-96-95-94-92-93-97-100-99|13-17-18-19-15-16-14-12|57-55-54-53-56-58-60-59|90-87-86-83-82-84-85-88-89-91
97,10,856.9428,0.0,50.0,1142.2507,0,10,3.126852,3.124995,True,5-3-7-8-10-11-9-6-4-2-1-75|20-24-25-27-29-30-28-26-23-22-21|32-33-31-35-37-38-39-36-34|43-42-41-40-44-46-45-48-51-50-49-47|67-65-63-62-74-72-61-64-68-66-69|81-78-76-71-70-73-77-79-80-52|98-96-95-94-92-93-97-100-99|13-17-18-19-15-16-14-12|57-55-54-53-56-58-60-59|90-87-86-83-82-84-85-88-89-91
98,10,856.9428,0.0,50.0,1142.2507,0,10,3.126852,3.124995,True,5-3-7-8-10-11-9-6-4-2-1-75|20-24-25-27-29-30-28-26-23-22-21|32-33-31-35-37-38-39-36-34|43-42-41-40-44-46-45-48-51-50-49-47|67-65-63-62-74-72-61-64-68-66-69|81-78-76-71-70-73-77-79-80-52|98-96-95-94-92-93-97-100-99|13-17-18-19-15-16-14-12|57-55-54-53-56-58-60-59|90-87-86-83-82-84-85-88-89-91
99,10,856.9428,0.0,50.0,1142.2507,0,10,3.126852,3.124995,True,5-3-7-8-10-11-9-6-4-2-1-75|20-24-25-27-29-30-28-26-23-22-21|32-33-31-35-37-38-39-36-34|43-42-41-40-44-46-45-48-51-50-49-47|67-65-63-62-74-72-61-64-68-66-69|81-78-76-71-70-73-77-79-80-52|98-96-95-94-92-93-97-100-99|13-17-18-19-15-16-14-12|57-55-54-53-56-58-60-59|90-87-86-83-82-84-85-88-89-91
100,10,856.9428,0.0,50.0,1142.2507,0,10,3.126852,3.124995,True,5-3-7-8-10-11-9-6-4-2-1-75|20-24-25-27-29-30-28-26-23-22-21|32-33-31-35-37-38-39-36-34|43-42-41-40-44-46-45-48-51-50-49-47|67-65-63-62-74-72-61-64-68-66-69|81-78-76-71-70-73-77-79-80-52|98-96-95-94-92-93-97-100-99|13-17-18-19-15-16-14-12|57-55-54-53-56-58-60-59|90-87-86-83-82-84-85-88-89-91
101,10,856.9428,0.0,50.0,1142.2507,0,10,3.126852,3.124995,True,5-3-7-8-10-11-9-6-4-2-1-75|20-24-25-27-29-30-28-26-23-22-21|32-33-31-35-37-38-39-36-34|43-42-41-40-44-46-45-48-51-50-49-47|67-65-63-62-74-72-61-64-68-66-69|81-78-76-71-70-73-77-79-80-52|98-96-95-94-92-93-97-100-99|13-17-18-19-15-16-14-12|57-55-54-53-56-58-60-59|90-87-86-83-82-84-85-88-89-91
102,11,867.6206,792.1443,140.0,1139.6181,0,11,116.096814,116.225887,True,5-3-7-8-10-11-9-6-4-2-1-75|13-17-18-19-15-16-14-12|20-24-25-27-29-30-28-26-23-22-21|32-33-31-35-37-38-39-36-34|57-55-54-53-56-58-60-59|81-78-76-71-70-73-77-79-80|90-87-86-83-82-84-85-88-89-91|98-96-95-94-92-93-97-100-99|41-40-46-47|43-42-44-45-48-51-50-52-49|67-65-63-62-74-72-61-64-68-66-69
103,11,867.6206,792.1443,140.0,1139.6181,0,11,116.096814,116.225887,True,5-3-7-8-10-11-9-6-4-2-1-75|13-17-18-19-15-16-14-12|20-24-25-27-29-30-28-26-23-22-21|32-33-31-35-37-38-39-36-34|57-55-54-53-56-58-60-59|81-78-76-71-70-73-77-79-80|90-87-86-83-82-84-85-88-89-91|98-96-95-94-92-93-97-100-99|41-40-46-47|43-42-44-45-48-51-50-52-49|67-65-63-62-74-72-61-64-68-66-69
104,11,878.4663,741.092,100.0,1139.6181,0,11,108.438966,108.559636,True,5-3-7-8-10-11-9-6-4-2-1-75|13-17-18-19-15-16-14-12|20-24-25-27-29-30-28-26-23-22-21|32-33-31-35-37-38-39-36-34|57-55-54-53-56-58-60-59|81-78-76-71-70-73-77-79-80|90-87-86-83-82-84-85-88-89-91|98-96-95-94-92-93-97-100-99|63-41-40-46-47|43-42-44-45-48-51-50-52-49|67-65-62-74-72-61-64-68-66-69
105,11,878.4663,741.092,100.0,1139.6181,0,11,108.438966,108.559636,True,5-3-7-8-10-11-9-6-4-2-1-75|13-17-18-19-15-16-14-12|20-24-25-27-29-30-28-26-23-22-21|32-33-31-35-37-38-39-36-34|57-55-54-53-56-58-60-59|81-78-76-71-70-73-77-79-80|90-87-86-83-82-84-85-88-89-91|98-96-95-94-92-93-97-100-99|63-41-40-46-47|43-42-44-45-48-51-50-52-49|67-65-62-74-72-61-64-68-66-69
106,10,880.1794,9.9821,50.0,1139.6181,0,10,10.097825,10.104042,True,5-3-7-8-10-11-9-6-4-2-1-75|32-33-31-35-37-38-39-36-34|43-42-54-53-56-58-60-59-66-69|81-78-76-71-70-73-77-79-80|90-87-86-83-82-84-85-88-89-91|67-65-63-62-74-72-61-64-68-47-49|55-57-41-40-44-46-45-48-51-50-52|20-24-25-27-29-30-28-26-23-22-21|13-17-18-19-15-16-14-12|98-96-95-94-92-93-97-100-99
107,10,880.1794,9.9821,50.0,1139.6181,0,10,10.097825,10.104042,True,5-3-7-8-10-11-9-6-4-2-1-75|32-33-31-35-37-38-39-36-34|43-42-54-53-56-58-60-59-66-69|81-78-76-71-70-73-77-79-80|90-87-86-83-82-84-85-88-89-91|67-65-63-62-74-72-61-64-68-47-49|55-57-41-40-44-46-45-48-51-50-52|20-24-25-27-29-30-28-26-23-22-21|13-17-18-19-15-16-14-12|98-96-95-94-92-93-97-100-99
108,10,906.0946,0.0,40.0,1179.4633,0,10,17.8724,17.889871,True,5-3-7-8-10-11-9-6-4-2-1-75|20-24-25-27-29-30-28-26-23-22-21|67-65-63-62-74-72-61-64-68-66-69|81-78-76-71-70-73-77-79-80-52|98-96-95-94-92-93-97-100-99|13-17-18-19-15-16-14-12|57-55-54-53-56-58-60-59|32-43-41-40-44-46-45-48-51-50-49-47|42-33-31-35-37-38-39-36-34|90-87-86-83-82-84-85-88-89-91
109,10,906.0946,0.0,40.0,1179.4633,0,10,17.8724,17.889871,True,5-3-7-8-10-11-9-6-4-2-1-75|20-24-25-27-29-30-28-26-23-22-21|67-65-63-62-74-72-61-64-68-66-69|81-78-76-71-70-73-77-79-80-52|98-96-95-94-92-93-97-100-99|13-17-18-19-15-16-14-12|57-55-54-53-56-58-60-59|32-43-41-40-44-46-45-48-51-50-49-47|42-33-31-35-37-38-39-36-34|90-87-86-83-82-84-85-88-89-91
110,11,911.4103,279.6344,150.0,1095.4361,0,11,39.22033,39.280037,True,20-24-25-27-29-30-28-26-23-22-21|32-33-31-35-37-38-39-36-34|55-54-53-56-58-60-59-68-66-69|81-78-76-71-70-73-77-79-80|90-87-86-83-82-84-85-88-89-91|98-96-95-94-92-93-97-100-99-1|67-65-63-62-74-72-61-64-47|57-40|43-41-42-44-46-45-48-51-50-52-49|13-17-18-19-15-16-14-12|5-3-7-8-10-11-9-6-4-2-75
111,11,911.4103,279.6344,150.0,1095.4361,0,11,39.22033,39.280037,True,20-24-25-27-29-30-28-26-23-22-21|32-33-31-35-37-38-39-36-34|55-54-53-56-58-60-59-68-66-69|81-78-76-71-70-73-77-79-80|90-87-86-83-82-84-85-88-89-91|98-96-95-94-92-93-97-100-99-1|67-65-63-62-74-72-61-64-47|57-40|43-41-42-44-46-45-48-51-50-52-49|13-17-18-19-15-16-14-12|5-3-7-8-10-11-9-6-4-2-75
112,10,916.5141,6.3712,40.0,1174.9487,0,10,20.998246,21.019122,True,5-3-7-8-10-11-9-6-4-2-1-75|20-24-25-27-29-30-28-26-23-22-21|32-33-31-35-37-38-39-36-34|43-65-63-62-74-72-61-64-68-66-69|81-78-76-71-70-73-77-79-80-52|98-96-95-94-92-93-97-100-99|13-17-18-19-15-16-14-12|90-87-86-83-82-84-85-88-89-91|42-57-55-40-44-46-45-48-51-50-49-47|67-41-54-53-56-58-60-59
113,10,916.5141,6.3712,40.0,1174.9487,0,10,20.998246,21.019122,True,5-3-7-8-10-11-9-6-4-2-1-75|20-24-25-27-29-30-28-26-23-22-21|32-33-31-35-37-38-39-36-34|43-65-63-62-74-72-61-64-68-66-69|81-78-76-71-70-73-77-79-80-52|98-96-95-94-92-93-97-100-99|13-17-18-19-15-16-14-12|90-87-86-83-82-84-85-88-89-91|42-57-55-40-44-46-45-48-51-50-49-47|67-41-54-53-56-58-60-59
114,12,932.8895,1527.5151,140.0,1106.8114,0,12,226.40244,226.65678,True,13-17-18-19-15-16-14-12|20-24-25-27-29-30-28-26-23-22-21|32-33-31-35-37-38-39-36-34|57-54-53-56-58-60-59-68|81-78-76-71-70-73-77-79-80|90-87-86-83-82-84-85-88-89-91|98-96-95-94-92-93-97-100-99|41-55-40-46-47|43-42-44-45-48-51-50-52-49|67-65-63-62-74-72-61-64-66-69|5-3-7-8-10-11-9-6-4|2-1-75
115,11,949.0211,76.4236,170.0,1116.0514,0,11,30.750349,30.79595,True,5-17-18-19-15-16-14-12|20-24-25-27-29-30-28-26-23-22-21|32-33-31-35-37-38-39-36-34|42-55-54-53-56-58-60-59-66-69|81-78-76-71-70-73-77-79-80|90-87-86-83-82-84-85-88-89-91|98-96-95-94-92-93-97-100-99|67-65-63-62-74-72-61-64-68-47-49|43-57-41-40-44-46-45-48-51-50-52|13|3-7-8-10-11-9-6-4-2-1-75
116,11,949.0211,76.4236,170.0,1116.0514,0,11,30.750349,30.79595,True,5-17-18-19-15-16-14-12|20-24-25-27-29-30-28-26-23-22-21|32-33-31-35-37-38-39-36-34|42-55-54-53-56-58-60-59-66-69|81-78-76-71-70-73-77-79-80|90-87-86-83-82-84-85-88-89-91|98-96-95-94-92-93-97-100-99|67-65-63-62-74-72-61-64-68-47-49|43-57-41-40-44-46-45-48-51-50-52|13|3-7-8-10-11-9-6-4-2-1-75
117,11,952.543,1007.8182,130.0,1117.0278,0,11,148.4479,148.630413,True,13-17-18-19-15-16-14-12-99|20-24-25-27-29-30-28-26-23-22-21|32-33-31-35-37-38-39-36-34|57-55-54-53-56-58-60-59|67-65-63-62-74-72-45-48-51-50-52|81-78-76-71-70-73-77-79-80|90-87-86-83-82-84-85-88-2-1|98-96-95-94-92-93-97-100-91-89|41-44-46-49-47|43-42-40-64-61-68-66-69|5-3-7-8-10-11-9-6-4-75
118,11,952.543,1007.8182,130.0,1117.0278,0,11,148.4479,148.630413,True,13-17-18-19-15-16-14-12-99|20-24-25-27-29-30-28-26-23-22-21|32-33-31-35-37-38-39-36-34|57-55-54-53-56-58-60-59|67-65-63-62-74-72-45-48-51-50-52|81-78-76-71-70-73-77-79-80|90-87-86-83-82-84-85-88-2-1|98-96-95-94-92-93-97-100-91-89|41-44-46-49-47|43-42-40-64-61-68-66-69|5-3-7-8-10-11-9-6-4-75
119,12,959.3724,1479.8379,130.0,1106.8114,0,12,219.250861,219.504993,True,13-17-18-19-15-16-14-12|20-24-25-27-29-30-28-26-23-22-21|32-33-31-35-37-38-39-36-34|57-54-53-56-58-60-59-68|81-78-76-71-70-73-77-79-80|90-87-86-83-82-84-85-88-89-91|5-96-95-94-92-93-97-100-99|41-55-40-46-47|43-42-44-45-48-51-50-52-49|67-65-63-62-74-72-61-64-66-69|3-7-8-10-11-9-6-4|98-2-1-75
120,12,959.3724,1479.8379,130.0,1106.8114,0,12,219.250861,219.504993,True,13-17-18-19-15-16-14-12|20-24-25-27-29-30-28-26-23-22-21|32-33-31-35-37-38-39-36-34|57-54-53-56-58-60-59-68|81-78-76-71-70-73-77-79-80|90-87-86-83-82-84-85-88-89-91|5-96-95-94-92-93-97-100-99|41-55-40-46-47|43-42-44-45-48-51-50-52-49|67-65-63-62-74-72-61-64-66-69|3-7-8-10-11-9-6-4|98-2-1-75
121,14,960.8379,3130.0115,180.0,1082.6077,0,14,466.776899,467.280967,True,5-3-4-2-1|13-17-18-19-15-16-14-12|32-33-31-35-37-38-39-36-34|41-40-44-45-48-47|57-55-54-53-56-58-60-59|67-65-63-62-74-72-61-64-68-66-69|81-78-76-71-70-73-77-79-80|90-87-86-83-82-84-85-88-89-91|98-96-95-94-92-93-97-100-99|43-42-46-51-50-52-49|23-22-21|75|20-24-25-27-29-30-28-26|7-8-10-11-9-6
122,14,960.8379,3130.0115,180.0,1082.6077,0,14,466.776899,467.280967,True,5-3-4-2-1|13-17-18-19-15-16-14-12|32-33-31-35-37-38-39-36-34|41-40-44-45-48-47|57-55-54-53-56-58-60-59|67-65-63-62-74-72-61-64-68-66-69|81-78-76-71-70-73-77-79-80|90-87-86-83-82-84-85-88-89-91|98-96-95-94-92-93-97-100-99|43-42-46-51-50-52-49|23-22-21|75|20-24-25-27-29-30-28-26|7-8-10-11-9-6
123,11,961.9704,943.7853,120.0,1117.0278,0,11,138.842961,139.017697,True,13-17-18-19-15-16-14-12-99|32-33-31-35-37-38-39-36-34|57-55-54-53-56-58-60-59|67-65-63-62-74-72-45-48-51-50-52|81-78-76-71-70-73-77-79-80|90-87-86-83-82-84-85-88-2-1|98-96-95-94-92-93-97-100-91-89|5-3-7-8-10-11-9-6-4-75|20-43-42-61-64-68-66-69|24-25-27-29-30-28-26-23-22-21|41-40-44-46-49-47
124,11,961.9704,943.7853,120.0,1117.0278,0,11,138.842961,139.017697,True,13-17-18-19-15-16-14-12-99|32-33-31-35-37-38-39-36-34|57-55-54-53-56-58-60-59|67-65-63-62-74-72-45-48-51-50-52|81-78-76-71-70-73-77-79-80|90-87-86-83-82-84-85-88-2-1|98-96-95-94-92-93-97-100-91-89|5-3-7-8-10-11-9-6-4-75|20-43-42-61-64-68-66-69|24-25-27-29-30-28-26-23-22-21|41-40-44-46-49-47
125,11,969.3969,740.0032,90.0,1088.8114,0,11,108.275649,108.414814,True,5-3-7-8-10-11-9-6-100-89|24-32-35-37-38-39-36-34-22-21|57-55-54-53-56-58-60-59|81-78-76-71-70-73-77-79-80|90-87-86-83-82-84-85-88-91-1-75|98-96-95-94-92-93-97-99-2|33-31-40-46-47|43-41-42-44-45-48-51-50-52-49|67-65-63-62-74-72-61-64-68-66-69|13-17-18-19-15-16-14-12-4|20-25-27-29-30-28-26-23
126,12,970.264,1157.1637,120.0,1085.6077,0,12,170.84972,171.054538,True,13-17-18-19-15-16-14-12|5-3-8-29-30-28-26-23-22-21|32-33-31-35-37-38-39-36-34|57-54-53-56-58-60-59-68|81-78-76-71-70-73-77-79-80|90-87-86-83-82-84-85-88-89-91|98-96-95-94-92-93-97-100-99-1|41-55-40-44-46-47|43-42-45-48-51-50-52-49|67-65-63-62-74-72-61-64-66-69|20-24-25-27-10|7-11-9-6-4-2-75
127,12,970.264,1157.1637,120.0,1085.6077,0,12,170.84972,171.054538,True,13-17-18-19-15-16-14-12|5-3-8-29-30-28-26-23-22-21|32-33-31-35-37-38-39-36-34|57-54-53-56-58-60-59-68|81-78-76-71-70-73-77-79-80|90-87-86-83-82-84-85-88-89-91|98-96-95-94-92-93-97-100-99-1|41-55-40-44-46-47|43-42-45-48-51-50-52-49|67-65-63-62-74-72-61-64-66-69|20-24-25-27-10|7-11-9-6-4-2-75
128,11,973.7501,865.278,80.0,1088.8114,0,11,127.06687,127.225132,True,5-3-7-8-10-11-9-6-4-1-75|13-17-18-19-15-16-14-12-89|20-24-25-27-29-30-28-26-23-21|35-37-38-39-36-34-22|57-55-54-53-56-58-60-59|81-78-76-71-70-73-77-79-80|90-87-86-83-82-84-85-88-100-91|98-96-95-94-92-93-97-99-2|32-33-31-46-47|43-42-41-40-44-45-48-51-50-52-49|67-65-63-62-74-72-61-64-68-66-69
129,11,973.7501,865.278,80.0,1088.8114,0,11,127.06687,127.225132,True,5-3-7-8-10-11-9-6-4-1-75|13-17-18-19-15-16-14-12-89|20-24-25-27-29-30-28-26-23-21|35-37-38-39-36-34-22|57-55-54-53-56-58-60-59|81-78-76-71-70-73-77-79-80|90-87-86-83-82-84-85-88-100-91|98-96-95-94-92-93-97-99-2|32-33-31-46-47|43-42-41-40-44-45-48-51-50-52-49|67-65-63-62-74-72-61-64-68-66-69
130,11,974.0564,864.9717,80.0,1088.8114,0,11,127.020925,127.179233,True,5-3-7-8-10-11-9-6-4-1-75|13-17-18-19-15-16-14-12-89|20-25-27-29-30-28-26-23-21|24-35-37-38-39-36-34-22|57-55-54-53-56-58-60-59|81-78-76-71-70-73-77-79-80|90-87-86-83-82-84-85-88-100-91|98-96-95-94-92-93-97-99-2|32-33-31-46-47|43-42-41-40-44-45-48-51-50-52-49|67-65-63-62-74-72-61-64-68-66-69
131,11,974.0564,864.9717,80.0,1088.8114,0,11,127.020925,127.179233,True,5-3-7-8-10-11-9-6-4-1-75|13-17-18-19-15-16-14-12-89|20-25-27-29-30-28-26-23-21|24-35-37-38-39-36-34-22|57-55-54-53-56-58-60-59|81-78-76-71-70-73-77-79-80|90-87-86-83-82-84-85-88-100-91|98-96-95-94-92-93-97-99-2|32-33-31-46-47|43-42-41-40-44-45-48-51-50-52-49|67-65-63-62-74-72-61-64-68-66-69
132,11,978.2982,194.1111,150.0,1116.0514,0,11,39.533479,39.603517,True,5-17-18-19-15-16-14-12|20-24-25-27-29-30-28-26-23-22-21|32-33-31-35-37-38-39-36-34|55-54-53-56-58-60-59-68-66-69|81-78-76-71-70-73-77-79-80|90-87-86-83-82-84-85-88-89-91|98-96-95-94-92-93-97-100-99|67-65-63-62-74-72-61-64-47-49|43-57-41-40-44-46-45-48-51-50-52|13-42|3-7-8-10-11-9-6-4-2-1-75
133,11,978.2982,194.1111,150.0,1116.0514,0,11,39.533479,39.603517,True,5-17-18-19-15-16-14-12|20-24-25-27-29-30-28-26-23-22-21|32-33-31-35-37-38-39-36-34|55-54-53-56-58-60-59-68-66-69|81-78-76-71-70-73-77-79-80|90-87-86-83-82-84-85-88-89-91|98-96-95-94-92-93-97-100-99|67-65-63-62-74-72-61-64-47-49|43-57-41-40-44-46-45-48-51-50-52|13-42|3-7-8-10-11-9-6-4-2-1-75
134,11,981.1927,207.714,140.0,1117.0278,0,11,40.401813,40.473906,True,5-17-18-19-15-16-14-12|20-24-25-27-29-30-28-26-23-22-21|32-33-31-35-37-38-39-36-34|55-54-53-56-58-60-59-68-66-69|81-78-76-71-70-73-77-79-80|90-87-86-83-82-84-85-88-89-91|98-96-95-94-92-93-97-100-99|67-65-63-62-74-72-61-64-50-49-47|43-57-40-44-46-45-48-51-52|13-42-41|3-7-8-10-11-9-6-4-2-1-75
135,11,981.1927,207.714,140.0,1117.0278,0,11,40.401813,40.473906,True,5-17-18-19-15-16-14-12|20-24-25-27-29-30-28-26-23-22-21|32-33-31-35-37-38-39-36-34|55-54-53-56-58-60-59-68-66-69|81-78-76-71-70-73-77-79-80|90-87-86-83-82-84-85-88-89-91|98-96-95-94-92-93-97-100-99|67-65-63-62-74-72-61-64-50-49-47|43-57-40-44-46-45-48-51-52|13-42-41|3-7-8-10-11-9-6-4-2-1-75
136,11,983.733,142.0964,150.0,1117.0278,0,11,41.16391,41.227922,True,5-17-18-19-15-16-14-12|20-24-25-27-29-30-28-26-23-22-21|32-33-31-35-37-38-39-36-34|55-54-53-56-58-60-59-68-66-69|81-78-76-71-70-73-77-79-80|90-87-86-83-82-84-85-88-89-91|98-96-95-94-92-93-97-100-99|67-65-63-62-74-72-61-64-50-49-47|43-57-41-40-44-46-45-48-51-52|13-42|3-7-8-10-11-9-6-4-2-1-75
137,11,983.733,142.0964,150.0,1117.0278,0,11,41.16391,41.227922,True,5-17-18-19-15-16-14-12|20-24-25-27-29-30-28-26-23-22-21|32-33-31-35-37-38-39-36-34|55-54-53-56-58-60-59-68-66-69|81-78-76-71-70-73-77-79-80|90-87-86-83-82-84-85-88-89-91|98-96-95-94-92-93-97-100-99|67-65-63-62-74-72-61-64-50-49-47|43-57-41-40-44-46-45-48-51-52|13-42|3-7-8-10-11-9-6-4-2-1-75
138,11,995.9182,708.7241,130.0,1118.7383,0,11,103.583793,103.734711,True,13-17-18-19-15-16-14-12|20-24-25-27-29-30-28-26-23-22-21|55-54-53-56-58-60-59-64-66-69|81-78-76-71-70-73-77-79-80|90-87-86-83-82-84-85-88-89-91|67-65-63-62-74-72-61-68-50-49-47|43-57-41-40-44-46-45-48-51-52|5-3-7-8-10-11-9-6-4|32-33-31-35-37-38-39-36-34|42-98-95-94-92-93-97-2|96-100-99-1-75
139,11,995.9182,708.7241,130.0,1118.7383,0,11,103.583793,103.734711,True,13-17-18-19-15-16-14-12|20-24-25-27-29-30-28-26-23-22-21|55-54-53-56-58-60-59-64-66-69|81-78-76-71-70-73-77-79-80|90-87-86-83-82-84-85-88-89-91|67-65-63-62-74-72-61-68-50-49-47|43-57-41-40-44-46-45-48-51-52|5-3-7-8-10-11-9-6-4|32-33-31-35-37-38-39-36-34|42-98-95-94-92-93-97-2|96-100-99-1-75
140,11,1000.9719,702.1436,110.0,1117.0278,0,11,102.596716,102.745906,True,13-17-18-19-15-16-14-12|20-24-25-27-29-30-28-26-23-22-21|32-33-31-35-37-38-39-36-34|57-55-54-53-56-58-60-59|67-65-63-62-74-72-45-48-51-50-52|81-78-76-71-70-73-77-79-80|90-87-86-83-82-85-88-99-2-1-75|98-96-95-94-92-93-97-100-91-89|43-42-44-46-49-47|41-40-84-61-64-68-66-69|5-3-7-8-10-11-9-6-4
141,11,1000.9719,702.1436,110.0,1117.0278,0,11,102.596716,102.745906,True,13-17-18-19-15-16-14-12|20-24-25-27-29-30-28-26-23-22-21|32-33-31-35-37-38-39-36-34|57-55-54-53-56-58-60-59|67-65-63-62-74-72-45-48-51-50-52|81-78-76-71-70-73-77-79-80|90-87-86-83-82-85-88-99-2-1-75|98-96-95-94-92-93-97-100-91-89|43-42-44-46-49-47|41-40-84-61-64-68-66-69|5-3-7-8-10-11-9-6-4
142,11,1001.2683,493.528,90.0,1120.4766,0,11,71.304378,71.420883,True,5-3-7-8-10-11-9-6-4-1-75|20-24-25-27-29-30-28-26-23-22-21|32-33-31-35-37-38-39-36-34|55-54-53-56-58-60-59-64-66-69|90-87-86-83-82-84-85-88-89-91|67-65-63-62-74-72-61-68-50-52-49|43-41-40-44-46-45-48-51-47|13-17-18-19-15-16-14-12|98-95-94-97-100-99-2|81-78-76-71-70-73-77-79-80|42-57-96-93-92
143,11,1001.2683,493.528,90.0,1120.4766,0,11,71.304378,71.420883,True,5-3-7-8-10-11-9-6-4-1-75|20-24-25-27-29-30-28-26-23-22-21|32-33-31-35-37-38-39-36-34|55-54-53-56-58-60-59-64-66-69|90-87-86-83-82-84-85-88-89-91|67-65-63-62-74-72-61-68-50-52-49|43-41-40-44-46-45-48-51-47|13-17-18-19-15-16-14-12|98-95-94-97-100-99-2|81-78-76-71-70-73-77-79-80|42-57-96-93-92
144,11,1005.4956,323.6393,140.0,1095.4361,0,11,47.692682,47.786216,True,32-33-31-35-37-38-39-36-34|55-54-53-56-58-60-59-68-66-69|81-78-76-71-70-73-77-79-80|90-87-86-83-82-84-85-88-89-91|98-95-94-92-93-97-100-2|67-65-63-62-74-72-61-64-47|57-41-96|43-42-40-44-46-45-48-51-50-52-49|20-24-25-27-29-30-28-26-23-22-21|13-17-18-19-15-16-14-12-99|5-3-7-8-10-11-9-6-4-1-75
145,11,1005.4956,323.6393,140.0,1095.4361,0,11,47.692682,47.786216,True,32-33-31-35-37-38-39-36-34|55-54-53-56-58-60-59-68-66-69|81-78-76-71-70-73-77-79-80|90-87-86-83-82-84-85-88-89-91|98-95-94-92-93-97-100-2|67-65-63-62-74-72-61-64-47|57-41-96|43-42-40-44-46-45-48-51-50-52-49|20-24-25-27-29-30-28-26-23-22-21|13-17-18-19-15-16-14-12-99|5-3-7-8-10-11-9-6-4-1-75
146,11,1006.4529,470.721,120.0,1106.8114,0,11,67.883324,67.998913,True,13-17-18-19-15-16-14-12|20-24-25-27-29-30-28-26-23-22-21|55-54-53-56-58-60-59-64-66-69|81-78-76-71-70-73-77-79-80|67-65-63-62-74-72-61-68-47-49|43-57-41-40-44-46-45-48-51-50-52|42-90-87-83-82-84-85-88-89-91|98-96-95-97-9-6-4|32-33-31-35-37-38-39-36-34|86-94-92-93-100-99-2-1-75|5-3-7-8-10-11
147,11,1006.4529,470.721,120.0,1106.8114,0,11,67.883324,67.998913,True,13-17-18-19-15-16-14-12|20-24-25-27-29-30-28-26-23-22-21|55-54-53-56-58-60-59-64-66-69|81-78-76-71-70-73-77-79-80|67-65-63-62-74-72-61-68-47-49|43-57-41-40-44-46-45-48-51-50-52|42-90-87-83-82-84-85-88-89-91|98-96-95-97-9-6-4|32-33-31-35-37-38-39-36-34|86-94-92-93-100-99-2-1-75|5-3-7-8-10-11
148,11,1011.257,533.6582,130.0,1086.9026,0,11,77.323902,77.448387,True,13-17-18-19-15-16-14-12-4|5-24-25-27-30-9-6-2|42-32-31-35-37-38-39-36-34|55-54-53-56-58-60-59-68-66-69|81-78-76-71-70-73-77-79-80|90-87-86-83-82-84-85-88-89-91-75|98-96-95-94-92-93-97-100-99-1|67-65-63-62-74-72-61-64-47-49|43-57-41-40-44-46-45-48-51-50-52|20-33-29-28-26-23-22-21|3-7-8-10-11
149,11,1011.257,533.6582,130.0,1086.9026,0,11,77.323902,77.448387,True,13-17-18-19-15-16-14-12-4|5-24-25-27-30-9-6-2|42-32-31-35-37-38-39-36-34|55-54-53-56-58-60-59-68-66-69|81-78-76-71-70-73-77-79-80|90-87-86-83-82-84-85-88-89-91-75|98-96-95-94-92-93-97-100-99-1|67-65-63-62-74-72-61-64-47-49|43-57-41-40-44-46-45-48-51-50-52|20-33-29-28-26-23-22-21|3-7-8-10-11
150,11,1013.1182,702.3341,100.0,1104.6077,0,11,102.625287,102.775287,True,32-33-31-35-37-38-39-36-34|57-55-54-53-56-58-60-59|67-65-63-62-61-45-48-51-50-52-49|81-78-76-71-70-73-77-79-80|90-87-86-84-92-85-88-89-91-1|5-3-95-94-93-97-100-99-2|43-42-41-40-44-46-47|7-8-10-11-9-6-4-75|13-17-18-19-15-16-14-12|98-96-83-82-74-72-64-68-66-69|20-24-25-27-29-30-28-26-23-22-21
151,11,1013.1182,702.3341,100.0,1104.6077,0,11,102.625287,102.775287,True,32-33-31-35-37-38-39-36-34|57-55-54-53-56-58-60-59|67-65-63-62-61-45-48-51-50-52-49|81-78-76-71-70-73-77-79-80|90-87-86-84-92-85-88-89-91-1|5-3-95-94-93-97-100-99-2|43-42-41-40-44-46-47|7-8-10-11-9-6-4-75|13-17-18-19-15-16-14-12|98-96-83-82-74-72-64-68-66-69|20-24-25-27-29-30-28-26-23-22-21
152,11,1019.2369,595.6703,120.0,1088.8114,0,11,86.625711,86.761178,True,5-3-7-8-10-11-9-6-4-1-75|13-17-18-19-15-16-14-12|20-24-25-27-29-30-28-26-23-22-21|32-33-31-35-37-38-39-36-34|57-54-53-56-58-60-59-68|81-78-76-71-70-73-77-79-80|90-87-86-83-82-84-85-88-89-91|98-96-95-94-93-97-100-99-2|41-55-40-44-46-47|43-42-92-45-48-51-50-52-49|67-65-63-62-74-72-61-64-66-69
153,11,1019.2369,595.6703,120.0,1088.8114,0,11,86.625711,86.761178,True,5-3-7-8-10-11-9-6-4-1-75|13-17-18-19-15-16-14-12|20-24-25-27-29-30-28-26-23-22-21|32-33-31-35-37-38-39-36-34|57-54-53-56-58-60-59-68|81-78-76-71-70-73-77-79-80|90-87-86-83-82-84-85-88-89-91|98-96-95-94-93-97-100-99-2|41-55-40-44-46-47|43-42-92-45-48-51-50-52-49|67-65-63-62-74-72-61-64-66-69
154,11,1021.7542,674.7731,110.0,1117.0278,0,11,98.491135,98.642455,True,20-24-25-27-30-28-26-23-22-21|32-33-31-35-37-38-39-36-34|57-55-54-53-56-58-59-64|67-65-63-62-74-72-61-68-50-52|81-78-76-71-70-73-77-79-80|90-87-86-83-82-84-85-88-89-91|98-96-95-94-92-93-97-99-2|43-42-41-40-44-46-45-48-51-49-47|5-3-7-8-10-11-9-6-4|13-19-15-16-14-12-100-1-75|17-18-29-60-66-69
155,11,1021.7542,674.7731,110.0,1117.0278,0,11,98.491135,98.642455,True,20-24-25-27-30-28-26-23-22-21|32-33-31-35-37-38-39-36-34|57-55-54-53-56-58-59-64|67-65-63-62-74-72-61-68-50-52|81-78-76-71-70-73-77-79-80|90-87-86-83-82-84-85-88-89-91|98-96-95-94-92-93-97-99-2|43-42-41-40-44-46-45-48-51-49-47|5-3-7-8-10-11-9-6-4|13-19-15-16-14-12-100-1-75|17-18-29-60-66-69
156,11,1021.7542,674.7731,110.0,1117.0278,0,11,98.491135,98.642455,True,20-24-25-27-30-28-26-23-22-21|32-33-31-35-37-38-39-36-34|57-55-54-53-56-58-59-64|67-65-63-62-74-72-61-68-50-52|81-78-76-71-70-73-77-79-80|90-87-86-83-82-84-85-88-89-91|98-96-95-94-92-93-97-99-2|43-42-41-40-44-46-45-48-51-49-47|5-3-7-8-10-11-9-6-4|13-19-15-16-14-12-100-1-75|17-18-29-60-66-69
157,11,1022.0406,634.3584,90.0,1116.0514,0,11,92.428932,92.572129,True,13-17-18-19-15-16-14-12|20-24-25-27-29-30-28-26-23-22-21|32-33-31-35-37-38-39-36-34|43-57-55-53-56-58-60-59|81-78-76-71-70-73-77-79-80|3-90-86-83-82-84-85-88-89-91|5-96-95-94-92-93-97-100-99|63-41-40-46-47|87-42-54-44-45-48-51-50-52-49|67-65-62-74-72-61-64-68-66-69|98-7-8-10-11-9-6-4-2-1-75
158,11,1022.0406,634.3584,90.0,1116.0514,0,11,92.428932,92.572129,True,13-17-18-19-15-16-14-12|20-24-25-27-29-30-28-26-23-22-21|32-33-31-35-37-38-39-36-34|43-57-55-53-56-58-60-59|81-78-76-71-70-73-77-79-80|3-90-86-83-82-84-85-88-89-91|5-96-95-94-92-93-97-100-99|63-41-40-46-47|87-42-54-44-45-48-51-50-52-49|67-65-62-74-72-61-64-68-66-69|98-7-8-10-11-9-6-4-2-1-75
159,12,1025.5316,938.9023,180.0,1085.6077,0,12,138.110511,138.305171,True,90-7-8-10-11-9-6-4-75|13-17-18-19-15-16-14-12|20-24-25-27-29-30-28-26-23-22-21|32-33-31-35-37-38-39-36-34|57-54-53-56-58-60-59-68|81-78-76-71-70-73-77-79-80|87-98-95-94-82-84-85-88-89-91|41-55-40-46-47|43-42-44-45-48-51-50-52-49|67-65-63-62-74-72-61-64-66-69|86-83-96-92-93-97-100-99-2-1|5-3
160,12,1025.5316,938.9023,180.0,1085.6077,0,12,138.110511,138.305171,True,90-7-8-10-11-9-6-4-75|13-17-18-19-15-16-14-12|20-24-25-27-29-30-28-26-23-22-21|32-33-31-35-37-38-39-36-34|57-54-53-56-58-60-59-68|81-78-76-71-70-73-77-79-80|87-98-95-94-82-84-85-88-89-91|41-55-40-46-47|43-42-44-45-48-51-50-52-49|67-65-63-62-74-72-61-64-66-69|86-83-96-92-93-97-100-99-2-1|5-3
161,11,1027.2014,619.583,110.0,1106.8114,0,11,90.212618,90.355761,True,98-7-8-10-11-9-6-4|13-17-18-19-15-16-14-12|20-24-25-27-29-30-28-26-23-22-21|32-33-31-35-37-38-39-36-34|55-54-53-56-58-60-59-66-69|81-78-76-71-70-73-77-79-80|5-3-95-94-92-93-97-100-99|67-65-63-62-74-72-61-64-68-47-49|43-57-40-44-46-45-48-51-50-52|42-41-87-83-82-84-85-88-89-91|90-86-96-2-1-75
162,11,1027.2014,619.583,110.0,1106.8114,0,11,90.212618,90.355761,True,98-7-8-10-11-9-6-4|13-17-18-19-15-16-14-12|20-24-25-27-29-30-28-26-23-22-21|32-33-31-35-37-38-39-36-34|55-54-53-56-58-60-59-66-69|81-78-76-71-70-73-77-79-80|5-3-95-94-92-93-97-100-99|67-65-63-62-74-72-61-64-68-47-49|43-57-40-44-46-45-48-51-50-52|42-41-87-83-82-84-85-88-89-91|90-86-96-2-1-75
163,11,1027.2014,619.583,110.0,1106.8114,0,11,90.212618,90.355761,True,98-7-8-10-11-9-6-4|13-17-18-19-15-16-14-12|20-24-25-27-29-30-28-26-23-22-21|32-33-31-35-37-38-39-36-34|55-54-53-56-58-60-59-66-69|81-78-76-71-70-73-77-79-80|5-3-95-94-92-93-97-100-99|67-65-63-62-74-72-61-64-68-47-49|43-57-40-44-46-45-48-51-50-52|42-41-87-83-82-84-85-88-89-91|90-86-96-2-1-75
164,11,1039.0883,632.8458,90.0,1106.8114,0,11,92.202037,92.348736,True,98-96-8-10-11-9-6-4|13-17-18-19-15-16-14-12|20-24-25-27-29-30-28-26-23-22-21|32-33-31-35-37-38-39-36-34|55-54-53-56-58-60-59-64-66-69|81-78-76-71-70-73-77-79-80|5-3-7-94-92-93-97-100|67-65-63-62-74-72-61-68-47-49|43-57-41-40-44-46-45-48-51-50-52|42-87-86-83-82-84-85-88-89-91|90-95-99-2-1-75
165,11,1039.0883,632.8458,90.0,1106.8114,0,11,92.202037,92.348736,True,98-96-8-10-11-9-6-4|13-17-18-19-15-16-14-12|20-24-25-27-29-30-28-26-23-22-21|32-33-31-35-37-38-39-36-34|55-54-53-56-58-60-59-64-66-69|81-78-76-71-70-73-77-79-80|5-3-7-94-92-93-97-100|67-65-63-62-74-72-61-68-47-49|43-57-41-40-44-46-45-48-51-50-52|42-87-86-83-82-84-85-88-89-91|90-95-99-2-1-75
166,11,1041.8546,646.8144,110.0,1088.8114,0,11,94.297338,94.446262,True,98-96-8-10-11-9-6-4|20-24-25-27-29-30-28-26-23-22-21|32-33-31-35-37-38-39-36-34|55-54-53-56-58-60-59-64-66-69|81-78-76-71-70-73-77-79-80|5-3-7-94-92-93-97-100-2|67-65-63-62-74-72-61-68-47-49|43-57-40-44-46-45-48-51-50-52|42-41-87-83-82-84-85-88-89-91|90-86-95-99-1-75|13-17-18-19-15-16-14-12
167,11,1044.8425,682.2743,120.0,1086.9026,0,11,99.616324,99.772176,True,98-96-8-10-11-9-6-4|13-17-18-19-15-16-14-12|20-24-25-27-29-30-28-26-23-22-21|32-33-31-35-37-38-39-36-34|55-54-53-56-58-60-59-64-66-69|81-78-76-71-70-73-77-79-80|5-3-7-94-92-93-97-100-2-1|67-65-63-62-74-72-61-68-47-49|43-57-41-40-44-46-45-48-51-50-52|42-87-83-82-84-85-88-89-91|90-86-95-99-75
168,11,1044.8425,682.2743,120.0,1086.9026,0,11,99.616324,99.772176,True,98-96-8-10-11-9-6-4|13-17-18-19-15-16-14-12|20-24-25-27-29-30-28-26-23-22-21|32-33-31-35-37-38-39-36-34|55-54-53-56-58-60-59-64-66-69|81-78-76-71-70-73-77-79-80|5-3-7-94-92-93-97-100-2-1|67-65-63-62-74-72-61-68-47-49|43-57-41-40-44-46-45-48-51-50-52|42-87-83-82-84-85-88-89-91|90-86-95-99-75
169,11,1045.3692,623.6816,110.0,1088.8114,0,11,90.827412,90.97392,True,98-96-8-10-11-9-6-4|13-17-18-19-15-16-14-12|20-24-25-27-29-30-28-26-23-22-21|32-33-31-35-37-38-39-36-34|55-54-53-56-58-60-59-64-66-69|81-78-76-71-70-73-77-79-80|5-3-7-94-92-93-97-100-2|67-65-63-62-74-72-61-68-47-49|43-57-41-40-44-46-45-48-51-50-52|42-87-83-82-84-85-88-89-91|90-86-95-99-1-75
170,11,1045.3692,623.6816,110.0,1088.8114,0,11,90.827412,90.97392,True,98-96-8-10-11-9-6-4|13-17-18-19-15-16-14-12|20-24-25-27-29-30-28-26-23-22-21|32-33-31-35-37-38-39-36-34|55-54-53-56-58-60-59-64-66-69|81-78-76-71-70-73-77-79-80|5-3-7-94-92-93-97-100-2|67-65-63-62-74-72-61-68-47-49|43-57-41-40-44-46-45-48-51-50-52|42-87-83-82-84-85-88-89-91|90-86-95-99-1-75
171,11,1053.1746,593.9274,110.0,1088.8114,0,11,86.364278,86.508664,True,98-96-8-10-11-9-6-4|13-17-18-19-15-16-14-12|20-24-25-27-29-30-28-26-23-22-21|32-33-31-35-37-38-39-36-34|57-55-53-56-58-60-59-66-69|81-78-76-71-70-73-77-79-80|5-3-7-94-92-93-97-100-2|67-65-63-62-74-72-61-64-68-47-49|43-54-40-44-46-45-48-51-50-52|42-41-87-83-82-84-85-88-89-91|90-86-95-99-1-75
172,11,1053.1746,593.9274,110.0,1088.8114,0,11,86.364278,86.508664,True,98-96-8-10-11-9-6-4|13-17-18-19-15-16-14-12|20-24-25-27-29-30-28-26-23-22-21|32-33-31-35-37-38-39-36-34|57-55-53-56-58-60-59-66-69|81-78-76-71-70-73-77-79-80|5-3-7-94-92-93-97-100-2|67-65-63-62-74-72-61-64-68-47-49|43-54-40-44-46-45-48-51-50-52|42-41-87-83-82-84-85-88-89-91|90-86-95-99-1-75
173,11,1053.1746,593.9274,110.0,1088.8114,0,11,86.364278,86.508664,True,98-96-8-10-11-9-6-4|13-17-18-19-15-16-14-12|20-24-25-27-29-30-28-26-23-22-21|32-33-31-35-37-38-39-36-34|57-55-53-56-58-60-59-66-69|81-78-76-71-70-73-77-79-80|5-3-7-94-92-93-97-100-2|67-65-63-62-74-72-61-64-68-47-49|43-54-40-44-46-45-48-51-50-52|42-41-87-83-82-84-85-88-89-91|90-86-95-99-1-75
174,11,1054.1221,573.3617,110.0,1088.8114,0,11,83.279422,83.421008,True,98-96-10-11-9-6-4|13-17-18-19-15-16-14-12|20-24-25-27-29-30-28-26-23-22-21|32-33-31-35-37-38-39-36-34|55-54-53-56-58-60-59-66-69|81-78-76-71-70-73-77-79-80|5-3-7-8-92-93-97-100-2|67-65-63-62-74-72-61-64-68-47-49|43-57-41-40-44-46-45-48-51-50-52|42-87-83-82-84-85-88-89-91|90-86-95-94-99-1-75
175,11,1054.1221,573.3617,110.0,1088.8114,0,11,83.279422,83.421008,True,98-96-10-11-9-6-4|13-17-18-19-15-16-14-12|20-24-25-27-29-30-28-26-23-22-21|32-33-31-35-37-38-39-36-34|55-54-53-56-58-60-59-66-69|81-78-76-71-70-73-77-79-80|5-3-7-8-92-93-97-100-2|67-65-63-62-74-72-61-64-68-47-49|43-57-41-40-44-46-45-48-51-50-52|42-87-83-82-84-85-88-89-91|90-86-95-94-99-1-75
176,12,1055.4841,1430.1833,110.0,1085.6077,0,12,211.802673,212.073011,True,98-96-95-94-92-93-97-100-75|17-18-19-15-11-85-88-89-91|20-24-25-27-29-30-28-26-23-22-21|32-33-31-35-37-38-39-36-34|43-42-53-46-47|41-40-44-45-48-51-50-52-49|57-55-54-56-58-60-59-68|67-65-63-62-74-72-61-64-66-69|81-78-76-71-70-73-77-79-80|5-3-7-8-10-9-6-4|90-87-86-83-82-84-99-2-1|13-16-14-12
177,12,1055.4841,1430.1833,110.0,1085.6077,0,12,211.802673,212.073011,True,98-96-95-94-92-93-97-100-75|17-18-19-15-11-85-88-89-91|20-24-25-27-29-30-28-26-23-22-21|32-33-31-35-37-38-39-36-34|43-42-53-46-47|41-40-44-45-48-51-50-52-49|57-55-54-56-58-60-59-68|67-65-63-62-74-72-61-64-66-69|81-78-76-71-70-73-77-79-80|5-3-7-8-10-9-6-4|90-87-86-83-82-84-99-2-1|13-16-14-12
178,11,1065.1158,305.2669,170.0,1088.8114,0,11,65.578747,65.689417,True,20-24-25-27-29-30-28-26-23-22-21|32-33-31-35-37-38-39-36-34|55-54-53-56-58-60-59-64-66-69|81-78-76-71-70-73-77-79-80|67-65-63-62-74-72-61-68-47-49|43-57-41-40-44-46-45-48-51-50-52|90-86-95-94-92-93-97-99-1-75|42-98-96-82-83-84-85-88-89-91|13-17-18-19-15-16-14-12-4|87-3-8-10-11-9-6-100-2|5-7
179,11,1065.1158,305.2669,170.0,1088.8114,0,11,65.578747,65.689417,True,20-24-25-27-29-30-28-26-23-22-21|32-33-31-35-37-38-39-36-34|55-54-53-56-58-60-59-64-66-69|81-78-76-71-70-73-77-79-80|67-65-63-62-74-72-61-68-47-49|43-57-41-40-44-46-45-48-51-50-52|90-86-95-94-92-93-97-99-1-75|42-98-96-82-83-84-85-88-89-91|13-17-18-19-15-16-14-12-4|87-3-8-10-11-9-6-100-2|5-7
180,11,1075.6574,526.9033,90.0,1118.7383,0,11,76.310662,76.454228,True,20-24-25-27-29-30-28-26-23-22-21|32-33-31-35-37-38-39-36-34|55-54-53-56-58-60-59-64-66-69|81-78-76-71-70-73-77-79-80|90-87-86-83-82-84-85-88-89-91|67-65-63-62-74-72-61-68-50-49-47|43-57-41-40-44-46-45-48-51-52|13-17-96-92-97-100-99-4|42-18-19-15-16-9-6|5-3-7-8-10-11-14-12|98-95-94-93-2-1-75
181,11,1075.6574,526.9033,90.0,1118.7383,0,11,76.310662,76.454228,True,20-24-25-27-29-30-28-26-23-22-21|32-33-31-35-37-38-39-36-34|55-54-53-56-58-60-59-64-66-69|81-78-76-71-70-73-77-79-80|90-87-86-83-82-84-85-88-89-91|67-65-63-62-74-72-61-68-50-49-47|43-57-41-40-44-46-45-48-51-52|13-17-96-92-97-100-99-4|42-18-19-15-16-9-6|5-3-7-8-10-11-14-12|98-95-94-93-2-1-75
182,11,1082.29,258.0845,160.0,1088.8114,0,11,70.731016,70.83876,True,20-24-25-27-29-30-28-26-23-22-21|32-33-31-35-37-38-39-36-34|55-54-53-56-58-60-59-64-66-69|81-78-76-71-70-73-77-79-80|67-65-63-62-74-72-61-68-47-49|43-57-41-40-44-46-45-48-51-50-52|42-90-87-83-82-84-85-88-89-91|86-95-94-92-93-9-6-2|13-17-18-19-15-16-14-12-99|98-96-8-10-11-100-97-4-1-75|5-3-7
183,11,1082.29,258.0845,160.0,1088.8114,0,11,70.731016,70.83876,True,20-24-25-27-29-30-28-26-23-22-21|32-33-31-35-37-38-39-36-34|55-54-53-56-58-60-59-64-66-69|81-78-76-71-70-73-77-79-80|67-65-63-62-74-72-61-68-47-49|43-57-41-40-44-46-45-48-51-50-52|42-90-87-83-82-84-85-88-89-91|86-95-94-92-93-9-6-2|13-17-18-19-15-16-14-12-99|98-96-8-10-11-100-97-4-1-75|5-3-7
184,11,1084.2564,555.1171,100.0,1106.8114,0,11,80.542738,80.692327,True,7-8-10-11-9-6-4|13-17-18-19-15-16-14-12|20-24-25-27-29-30-28-26-23-22-21|32-33-31-35-37-38-39-36-34|57-55-54-53-56-58-59-66-69|81-78-76-71-70-73-77-79-80|5-3-95-94-92-93-97-100-99|67-65-63-62-74-72-61-64-68-47|43-42-40-44-46-45-48-51-50-52-49|41-87-86-83-84-85-88-89-91|90-98-96-82-60-2-1-75
185,11,1084.2564,555.1171,100.0,1106.8114,0,11,80.542738,80.692327,True,7-8-10-11-9-6-4|13-17-18-19-15-16-14-12|20-24-25-27-29-30-28-26-23-22-21|32-33-31-35-37-38-39-36-34|57-55-54-53-56-58-59-66-69|81-78-76-71-70-73-77-79-80|5-3-95-94-92-93-97-100-99|67-65-63-62-74-72-61-64-68-47|43-42-40-44-46-45-48-51-50-52-49|41-87-86-83-84-85-88-89-91|90-98-96-82-60-2-1-75
186,11,1084.2564,555.1171,100.0,1106.8114,0,11,80.542738,80.692327,True,7-8-10-11-9-6-4|13-17-18-19-15-16-14-12|20-24-25-27-29-30-28-26-23-22-21|32-33-31-35-37-38-39-36-34|57-55-54-53-56-58-59-66-69|81-78-76-71-70-73-77-79-80|5-3-95-94-92-93-97-100-99|67-65-63-62-74-72-61-64-68-47|43-42-40-44-46-45-48-51-50-52-49|41-87-86-83-84-85-88-89-91|90-98-96-82-60-2-1-75
187,11,1084.7958,687.5824,80.0,1117.0278,0,11,100.412533,100.581687,True,20-24-25-27-29-30-28-26-23-22-21|32-33-31-35-37-38-39-36-34|57-55-54-53-56-58-60-66|67-65-63-62-74-72-61-48-51-50-52|81-78-76-71-70-73-77-79-80|98-90-87-86-83-84-85-88-89-1-75|96-95-94-92-93-97-100-99-91|43-42-41-40-44-46-45-49-47|5-3-7-8-10-11-9-6-4-2|19-15-16-14-12|13-17-18-82-64-59-68-69
188,11,1084.7958,687.5824,80.0,1117.0278,0,11,100.412533,100.581687,True,20-24-25-27-29-30-28-26-23-22-21|32-33-31-35-37-38-39-36-34|57-55-54-53-56-58-60-66|67-65-63-62-74-72-61-48-51-50-52|81-78-76-71-70-73-77-79-80|98-90-87-86-83-84-85-88-89-1-75|96-95-94-92-93-97-100-99-91|43-42-41-40-44-46-45-49-47|5-3-7-8-10-11-9-6-4-2|19-15-16-14-12|13-17-18-82-64-59-68-69
189,11,1092.4203,396.8451,140.0,1086.9026,0,11,73.770087,73.899399,True,13-17-18-19-15-16-14-12|20-24-25-27-29-30-28-26-23-22-21|32-33-31-35-37-38-39-36-34|42-55-54-53-56-58-60-59-66-69|67-65-63-62-74-72-61-64-68-47-49|43-57-41-40-44-46-45-48-51-50-52|90-87-83-82-84-92-85-88-89-91|98-95-94-93-97-100-99-2-1|5-96-8-10-11-9-6-4-75|86-78-76-71-70-73-77-79-80|3-7-81
190,11,1097.9829,603.764,90.0,1117.0278,0,11,87.839765,88.001302,True,20-24-25-27-29-30-28-26-23-22-21|32-33-31-35-37-38-39-36-34|57-54-53-56-58-60-59-68|55-65-63-62-74-45-48-51-50-52|81-78-76-71-70-73-77-79-80|67-90-87-86-82-84-85-88-89-91-75|98-96-95-94-92-93-97-100-99|43-42-41-40-44-46-49-47|5-3-7-8-11-9-6-4-2-1|18-19-15-16-14-12|13-17-83-10-72-61-64-66-69
191,11,1097.9829,603.764,90.0,1117.0278,0,11,87.839765,88.001302,True,20-24-25-27-29-30-28-26-23-22-21|32-33-31-35-37-38-39-36-34|57-54-53-56-58-60-59-68|55-65-63-62-74-45-48-51-50-52|81-78-76-71-70-73-77-79-80|67-90-87-86-82-84-85-88-89-91-75|98-96-95-94-92-93-97-100-99|43-42-41-40-44-46-49-47|5-3-7-8-11-9-6-4-2-1|18-19-15-16-14-12|13-17-83-10-72-61-64-66-69
192,11,1102.4362,749.4621,50.0,1088.8114,0,11,109.694491,109.870986,True,5-3-7-8-10-11-9-6-4-1-75|13-17-18-19-15-16-14-12-89|20-25-27-29-30-28-26-23-22-21|24-32-35-37-38-39-36-34|81-78-76-71-70-73-77-79-80|90-87-86-83-82-84-85-88-100-91|98-96-95-94-92-93-97-99-2|42-33-31-58-60-45-47|43-57-55-40-44-46-48-51-50-52-49|67-65-63-62-74-68-59|41-54-53-56-72-61-64-66-69
193,11,1102.4362,749.4621,50.0,1088.8114,0,11,109.694491,109.870986,True,5-3-7-8-10-11-9-6-4-1-75|13-17-18-19-15-16-14-12-89|20-25-27-29-30-28-26-23-22-21|24-32-35-37-38-39-36-34|81-78-76-71-70-73-77-79-80|90-87-86-83-82-84-85-88-100-91|98-96-95-94-92-93-97-99-2|42-33-31-58-60-45-47|43-57-55-40-44-46-48-51-50-52-49|67-65-63-62-74-68-59|41-54-53-56-72-61-64-66-69
194,11,1108.5387,401.8627,130.0,1118.7383,0,11,78.605619,78.744294,True,13-17-18-19-15-16-14-12-4|20-24-25-27-29-30-28-26-23-22-21|32-33-31-35-37-38-39-36-34|81-78-76-71-70-73-77-79-80-91|98-96-95-94-92-93-97-100-99-89|67-65-63-62-74-72-61-68-50-49-47|43-57-41-40-44-46-45-48-51-52|90-55-54-53-56-58-60-64-66-69|87-86-83-82-84-85-9-6-2-1-75|3-42-59-88|5-7-8-10-11
195,11,1108.5387,401.8627,130.0,1118.7383,0,11,78.605619,78.744294,True,13-17-18-19-15-16-14-12-4|20-24-25-27-29-30-28-26-23-22-21|32-33-31-35-37-38-39-36-34|81-78-76-71-70-73-77-79-80-91|98-96-95-94-92-93-97-100-99-89|67-65-63-62-74-72-61-68-50-49-47|43-57-41-40-44-46-45-48-51-52|90-55-54-53-56-58-60-64-66-69|87-86-83-82-84-85-9-6-2-1-75|3-42-59-88|5-7-8-10-11
196,11,1121.3128,260.8807,100.0,1117.0278,0,11,82.43784,82.555944,True,5-17-18-19-15-16-14-12|20-24-25-27-29-30-28-26-23-22-21|32-33-31-35-37-38-39-36-34|55-54-53-56-58-60-59-68-66-69|81-78-76-71-70-73-77-79-80|67-65-63-62-74-72-61-64-50-49-47|3-7-8-10-11-9-6-4-2-1-75|98-95-94-92-97-100-99-51-52|43-57-41-40-44-46-45-48|42-90-86-83-82-84-85-88-89-91|13-87-96-93
197,11,1121.3128,260.8807,100.0,1117.0278,0,11,82.43784,82.555944,True,5-17-18-19-15-16-14-12|20-24-25-27-29-30-28-26-23-22-21|32-33-31-35-37-38-39-36-34|55-54-53-56-58-60-59-68-66-69|81-78-76-71-70-73-77-79-80|67-65-63-62-74-72-61-64-50-49-47|3-7-8-10-11-9-6-4-2-1-75|98-95-94-92-97-100-99-51-52|43-57-41-40-44-46-45-48|42-90-86-83-82-84-85-88-89-91|13-87-96-93
198,13,1132.4497,1574.187,180.0,1059.2094,0,13,233.40322,233.721587,True,90-87-86-83-84-92-85-88-89-91|7-8-10-11-9-6-4-2-1|5-3|13-17-18-19-15-16-14-12|57-55-54-53-56-58-60-59|67-65-62-82-71-73-77-79-80|20-24-25-27-29-30-28-26-22-21|98-96-95-94-93-97-100-99-75|43-42-46-45-48-51-50-47|63-74-66-69|32-33-31-35-37-39-36-23|81-78-76-70-72-61-64-68|41-40-44-38-34-52-49
199,13,1132.4497,1574.187,180.0,1059.2094,0,13,233.40322,233.721587,True,90-87-86-83-84-92-85-88-89-91|7-8-10-11-9-6-4-2-1|5-3|13-17-18-19-15-16-14-12|57-55-54-53-56-58-60-59|67-65-62-82-71-73-77-79-80|20-24-25-27-29-30-28-26-22-21|98-96-95-94-93-97-100-99-75|43-42-46-45-48-51-50-47|63-74-66-69|32-33-31-35-37-39-36-23|81-78-76-70-72-61-64-68|41-40-44-38-34-52-49
200,11,1133.6354,308.9795,140.0,1088.8114,0,11,86.134613,86.263396,True,13-17-18-19-15-16-14-12|20-24-25-27-29-30-28-26-23-22-21|32-33-31-35-37-38-39-36-34|55-54-53-56-58-60-59-66-69|67-65-63-62-74-72-61-64-68-47-49|43-57-41-40-44-46-45-48-51-50-52|42-87-83-82-84-92-85-88-89-91|90-98-95-94-93-97-100-99-2|5-96-8-10-11-9-6-4-1-75|86-78-76-71-70-73-77-79-80|3-7-81
201,11,1133.6354,308.9795,140.0,1088.8114,0,11,86.134613,86.263396,True,13-17-18-19-15-16-14-12|20-24-25-27-29-30-28-26-23-22-21|32-33-31-35-37-38-39-36-34|55-54-53-56-58-60-59-66-69|67-65-63-62-74-72-61-64-68-47-49|43-57-41-40-44-46-45-48-51-50-52|42-87-83-82-84-92-85-88-89-91|90-98-95-94-93-97-100-99-2|5-96-8-10-11-9-6-4-1-75|86-78-76-71-70-73-77-79-80|3-7-81
202,11,1137.6162,518.9557,80.0,1131.2639,0,11,87.328878,87.490719,True,32-33-31-40-44-46-45-48-34-52-49|20-24-35-37-38-39-36-51-50-47|42-55-54-53-56-58-64-68-66|67-65-63-62-74-72-61-60-59-69|5-3-7-8-10-11-9-6-4|86-98-96-100-99-2-1-75|81-78-76-71-70-73-77-79-80|43-57-41-83-82-84-85-88-89-91|90-87-95-94-92-93-97|25-27-29-30-28-26-23-22-21|13-17-18-19-15-16-14-12
203,11,1137.6162,518.9557,80.0,1131.2639,0,11,87.328878,87.490719,True,32-33-31-40-44-46-45-48-34-52-49|20-24-35-37-38-39-36-51-50-47|42-55-54-53-56-58-64-68-66|67-65-63-62-74-72-61-60-59-69|5-3-7-8-10-11-9-6-4|86-98-96-100-99-2-1-75|81-78-76-71-70-73-77-79-80|43-57-41-83-82-84-85-88-89-91|90-87-95-94-92-93-97|25-27-29-30-28-26-23-22-21|13-17-18-19-15-16-14-12
204,11,1141.0315,454.5732,80.0,1137.5744,0,11,88.353444,88.507599,True,43-32-31-40-46-45-48-51-34-52-49|24-33-35-37-38-39-36-50-47|55-54-53-56-58-64-68-66|67-65-63-62-74-72-61-60-59-69|5-3-7-8-10-11-9-6-4|98-96-95-94-100-99-2-1-75|81-78-76-71-70-73-77-79-80|57-42-41-44-83-84-85-88-89-91|90-87-86-82-92-93-97|20-25-27-29-30-28-26-23-22-21|13-17-18-19-15-16-14-12
205,11,1141.0315,454.5732,80.0,1137.5744,0,11,88.353444,88.507599,True,43-32-31-40-46-45-48-51-34-52-49|24-33-35-37-38-39-36-50-47|55-54-53-56-58-64-68-66|67-65-63-62-74-72-61-60-59-69|5-3-7-8-10-11-9-6-4|98-96-95-94-100-99-2-1-75|81-78-76-71-70-73-77-79-80|57-42-41-44-83-84-85-88-89-91|90-87-86-82-92-93-97|20-25-27-29-30-28-26-23-22-21|13-17-18-19-15-16-14-12
206,11,1142.7837,828.9275,70.0,1073.2094,0,11,121.614289,121.814468,True,32-33-31-35-37-38-39-36-34|57-55-54-53-56-58-60-66|67-65-63-62-74-72-61-48-51-50-52|81-78-76-71-70-73-77-79-80|98-90-87-86-83-84-85-88-2-1|96-95-94-92-93-97-91-89|43-42-41-40-44-46-45-64-47-49|5-3-7-8-10-11-9-6-4-75|15-16-14-12-100-99|13-17-18-19-82-59-68-69|20-24-25-27-29-30-28-26-23-22-21
207,11,1142.7837,828.9275,70.0,1073.2094,0,11,121.614289,121.814468,True,32-33-31-35-37-38-39-36-34|57-55-54-53-56-58-60-66|67-65-63-62-74-72-61-48-51-50-52|81-78-76-71-70-73-77-79-80|98-90-87-86-83-84-85-88-2-1|96-95-94-92-93-97-91-89|43-42-41-40-44-46-45-64-47-49|5-3-7-8-10-11-9-6-4-75|15-16-14-12-100-99|13-17-18-19-82-59-68-69|20-24-25-27-29-30-28-26-23-22-21
208,11,1143.9071,563.5306,90.0,1117.0278,0,11,89.216122,89.385402,True,20-24-25-27-29-30-28-26-23-22-21|32-33-31-35-37-38-39-36-34|65-57-54-53-56-58-60-68|67-55-40-62-74-59-48-51-50-52|81-78-76-71-70-73-77-79-80|98-90-87-86-83-84-85-88-89-1-75|96-95-94-92-93-97-100-99-91|43-41-42-44-46-45-49-47|5-3-7-8-10-11-9-6-4-2|63-19-15-16-14-12|13-17-18-82-72-61-64-66-69
209,11,1143.9071,563.5306,90.0,1117.0278,0,11,89.216122,89.385402,True,20-24-25-27-29-30-28-26-23-22-21|32-33-31-35-37-38-39-36-34|65-57-54-53-56-58-60-68|67-55-40-62-74-59-48-51-50-52|81-78-76-71-70-73-77-79-80|98-90-87-86-83-84-85-88-89-1-75|96-95-94-92-93-97-100-99-91|43-41-42-44-46-45-49-47|5-3-7-8-10-11-9-6-4-2|63-19-15-16-14-12|13-17-18-82-72-61-64-66-69
210,11,1165.1746,253.7547,130.0,1097.3777,0,11,95.596395,95.72664,True,13-17-18-19-15-16-14-12|20-24-25-27-29-30-28-26-23-22-21|32-33-31-35-37-38-39-36-34|57-54-53-56-58-60-59|67-65-63-62-74-72-61-64-68-47-49|43-41-55-40-44-46-45-48-51-50-52|42-81-86-83-82-85-88-89-91|98-95-94-92-93-97-99-2-1|96-3-8-10-11-9-6-4-100-75|87-78-76-71-70-73-79-80-66-69|5-7-90-84-77
211,11,1165.1746,253.7547,130.0,1097.3777,0,11,95.596395,95.72664,True,13-17-18-19-15-16-14-12|20-24-25-27-29-30-28-26-23-22-21|32-33-31-35-37-38-39-36-34|57-54-53-56-58-60-59|67-65-63-62-74-72-61-64-68-47-49|43-41-55-40-44-46-45-48-51-50-52|42-81-86-83-82-85-88-89-91|98-95-94-92-93-97-99-2-1|96-3-8-10-11-9-6-4-100-75|87-78-76-71-70-73-79-80-66-69|5-7-90-84-77
212,11,1169.6702,680.432,80.0,1121.2132,0,11,99.339978,99.534149,True,98-96-95-94-92-93-100-99-75|13-17-18-15-88-85-89-91|54-31-35-37-38-39-36-34|42-41-40-44-46-45-26-23-22-21|43-57-55-53-56-58-60-48-51-50-47|67-65-63-62-74-72-61-59-68-66-69|81-78-76-71-70-73-77-79-80|5-3-7-8-10-11-9-6-4|90-87-86-83-82-84-97-2-1|32-33-19-16-14-12|20-24-25-27-29-30-28-64-49-52
213,11,1169.6702,680.432,80.0,1121.2132,0,11,99.339978,99.534149,True,98-96-95-94-92-93-100-99-75|13-17-18-15-88-85-89-91|54-31-35-37-38-39-36-34|42-41-40-44-46-45-26-23-22-21|43-57-55-53-56-58-60-48-51-50-47|67-65-63-62-74-72-61-59-68-66-69|81-78-76-71-70-73-77-79-80|5-3-7-8-10-11-9-6-4|90-87-86-83-82-84-97-2-1|32-33-19-16-14-12|20-24-25-27-29-30-28-64-49-52
214,11,1172.9222,546.126,100.0,1085.6077,0,11,97.92066,98.09232,True,5-17-18-19-15-16-14-12-99-75|20-24-25-27-29-30-28-26-23-22-21|32-33-31-35-37-38-39-36-34|57-55-54-56-58-60-59|81-78-76-71-70-73-77-79-80|13-41-40-53-46-47|43-42-90-44-45-48-51-50-52-49|67-65-63-62-74-72-61-64-68-66-69|3-7-96-92-93-97-100-2-1|87-98-95-94-82-84-85-88-89-91|86-83-8-10-11-9-6-4
215,11,1172.9222,546.126,100.0,1085.6077,0,11,97.92066,98.09232,True,5-17-18-19-15-16-14-12-99-75|20-24-25-27-29-30-28-26-23-22-21|32-33-31-35-37-38-39-36-34|57-55-54-56-58-60-59|81-78-76-71-70-73-77-79-80|13-41-40-53-46-47|43-42-90-44-45-48-51-50-52-49|67-65-63-62-74-72-61-64-68-66-69|3-7-96-92-93-97-100-2-1|87-98-95-94-82-84-85-88-89-91|86-83-8-10-11-9-6-4
216,11,1175.4572,650.6351,70.0,1088.8114,0,11,98.681159,98.866737,True,20-24-25-27-29-30-28-26-23-21|67-65-63-62-74-72-61-64-68-47-49|43-57-41-40-44-46-45-48-51-50-52|42-90-87-83-84-92-85-88-89-91|98-96-95-94-93-97-100-99-2|5-3-7-8-10-11-9-6-4-1-75|86-78-76-71-70-73-77-79-80|81-82-58-60-59-66-69|55-54-53-56-36-34|32-33-31-35-37-38-39-22|13-17-18-19-15-16-14-12
217,11,1175.4572,650.6351,70.0,1088.8114,0,11,98.681159,98.866737,True,20-24-25-27-29-30-28-26-23-21|67-65-63-62-74-72-61-64-68-47-49|43-57-41-40-44-46-45-48-51-50-52|42-90-87-83-84-92-85-88-89-91|98-96-95-94-93-97-100-99-2|5-3-7-8-10-11-9-6-4-1-75|86-78-76-71-70-73-77-79-80|81-82-58-60-59-66-69|55-54-53-56-36-34|32-33-31-35-37-38-39-22|13-17-18-19-15-16-14-12
218,11,1184.1248,480.8093,90.0,1118.7383,0,11,101.281438,101.450631,True,13-17-18-19-15-16-14-12|20-24-25-27-29-30-28-26-23-22-21|41-55-53-58-60-59-64-66-69|81-78-76-71-70-73-77-79-80|90-87-86-83-82-84-85-88-89-91|67-65-63-62-74-61-45-68-50-49-47|43-57-54-40-44-46-48-51-52|5-3-7-8-10-11-9-6-4|32-33-31-35-37-38-39-36-34|42-98-95-94-92-93-97-2|96-56-72-99-100-1-75
219,11,1184.1248,480.8093,90.0,1118.7383,0,11,101.281438,101.450631,True,13-17-18-19-15-16-14-12|20-24-25-27-29-30-28-26-23-22-21|41-55-53-58-60-59-64-66-69|81-78-76-71-70-73-77-79-80|90-87-86-83-82-84-85-88-89-91|67-65-63-62-74-61-45-68-50-49-47|43-57-54-40-44-46-48-51-52|5-3-7-8-10-11-9-6-4|32-33-31-35-37-38-39-36-34|42-98-95-94-92-93-97-2|96-56-72-99-100-1-75
220,11,1189.6237,303.9244,150.0,1086.9026,0,11,102.931103,103.076638,True,98-96-8-10-11-9-6-4-75|20-24-25-27-29-30-28-26-23-22-21|55-54-53-56-58-60-59-64-66-69|5-3-7-94-92-93-97-100-2-1|67-65-63-62-74-72-61-68-47-49|43-57-41-40-44-46-45-48-51-50-52|42-87-86-83-82-84-85-88-89-91|13-17-18-19-15-16-14-12-99|32-33-31-35-37-38-39-36-34|78-95-71-70-73-77-79-80|81-76-90
221,11,1189.6237,303.9244,150.0,1086.9026,0,11,102.931103,103.076638,True,98-96-8-10-11-9-6-4-75|20-24-25-27-29-30-28-26-23-22-21|55-54-53-56-58-60-59-64-66-69|5-3-7-94-92-93-97-100-2-1|67-65-63-62-74-72-61-68-47-49|43-57-41-40-44-46-45-48-51-50-52|42-87-86-83-82-84-85-88-89-91|13-17-18-19-15-16-14-12-99|32-33-31-35-37-38-39-36-34|78-95-71-70-73-77-79-80|81-76-90
222,11,1195.6309,433.2798,80.0,1106.8114,0,11,104.733268,104.895994,True,13-17-18-19-15-16-14-12|20-24-25-27-29-30-28-26-23-22-21|32-33-31-35-37-38-39-36-34|43-42-41-40-44-46-45-48-51-50-49|57-55-53-56-58-60-59|67-65-76-71-70-73-77-79-80|90-87-86-83-82-84-85-88-89-91|98-96-95-94-92-93-99-2-1-75|78-81-74-72-61-64-47|5-3-7-8-10-9-6-100-4-52|54-63-62-11-97-68-66-69
223,11,1195.6309,433.2798,80.0,1106.8114,0,11,104.733268,104.895994,True,13-17-18-19-15-16-14-12|20-24-25-27-29-30-28-26-23-22-21|32-33-31-35-37-38-39-36-34|43-42-41-40-44-46-45-48-51-50-49|57-55-53-56-58-60-59|67-65-76-71-70-73-77-79-80|90-87-86-83-82-84-85-88-89-91|98-96-95-94-92-93-99-2-1-75|78-81-74-72-61-64-47|5-3-7-8-10-9-6-100-4-52|54-63-62-11-97-68-66-69
224,11,1202.3538,506.4599,100.0,1100.5005,0,11,106.750144,106.926917,True,13-17-18-19-15-16-14-12-4|20-24-25-27-29-30-28-26-23-22-21|32-33-31-35-37-38-39-36-34|43-42-41-40-44-46-45-48-51-50-49|57-55-54-53-56-58-60-59|65-63-81-71-70-73-77-80|98-96-87-86-84-85-88-89-91|5-3-95-94-92-93-97-6-1-75|90-78-76-74-72-79-64-47|7-8-10-11-9-100-99-2-52|67-62-83-82-61-68-66-69
225,11,1202.3538,506.4599,100.0,1100.5005,0,11,106.750144,106.926917,True,13-17-18-19-15-16-14-12-4|20-24-25-27-29-30-28-26-23-22-21|32-33-31-35-37-38-39-36-34|43-42-41-40-44-46-45-48-51-50-49|57-55-54-53-56-58-60-59|65-63-81-71-70-73-77-80|98-96-87-86-84-85-88-89-91|5-3-95-94-92-93-97-6-1-75|90-78-76-74-72-79-64-47|7-8-10-11-9-100-99-2-52|67-62-83-82-61-68-66-69
226,11,1209.3576,474.3922,90.0,1100.5005,0,11,108.851282,109.024347,True,13-17-18-19-15-16-14-12-4|20-24-25-27-29-30-28-26-23-22-21|32-33-31-35-37-38-39-36-34|43-42-41-40-44-46-45-48-51-50-49|57-55-53-56-58-60-59|67-65-76-71-70-73-77-80|90-87-86-83-82-84-85-88-89-91-75|3-98-95-94-92-93-97-6-1|96-78-81-74-72-79-66-47|5-7-8-10-11-9-100-99-2-52|54-63-62-61-64-68-69
227,11,1209.3576,474.3922,90.0,1100.5005,0,11,108.851282,109.024347,True,13-17-18-19-15-16-14-12-4|20-24-25-27-29-30-28-26-23-22-21|32-33-31-35-37-38-39-36-34|43-42-41-40-44-46-45-48-51-50-49|57-55-53-56-58-60-59|67-65-76-71-70-73-77-80|90-87-86-83-82-84-85-88-89-91-75|3-98-95-94-92-93-97-6-1|96-78-81-74-72-79-66-47|5-7-8-10-11-9-100-99-2-52|54-63-62-61-64-68-69
228,11,1216.1313,610.2283,70.0,1118.7383,0,11,110.883406,111.079613,True,5-3-7-8-10-11-9-6-4-75|20-24-25-27-29-30-28-26-23-22-21|55-54-53-56-58-60-59-64-66-69|81-78-76-71-70-73-77-79-80|98-87-86-83-82-84-85-88-100-1|67-65-63-62-74-72-61-68-50-49-47|57-41-40-35-46-45-48-51-52|32-33-44-39-97-89-91|90-96-95-94-92-93-99-2|43-42-31-37-38-36-34|13-17-18-19-15-16-14-12
229,11,1216.1313,610.2283,70.0,1118.7383,0,11,110.883406,111.079613,True,5-3-7-8-10-11-9-6-4-75|20-24-25-27-29-30-28-26-23-22-21|55-54-53-56-58-60-59-64-66-69|81-78-76-71-70-73-77-79-80|98-87-86-83-82-84-85-88-100-1|67-65-63-62-74-72-61-68-50-49-47|57-41-40-35-46-45-48-51-52|32-33-44-39-97-89-91|90-96-95-94-92-93-99-2|43-42-31-37-38-36-34|13-17-18-19-15-16-14-12
230,11,1220.6617,465.1446,90.0,1095.4361,0,11,112.242518,112.416827,True,98-7-8-10-11-9-6-4|13-17-18-19-15-16-14-12|20-24-25-27-29-30-28-26-23-22-21|32-33-31-35-37-38-39-36-34|57-55-54-53-56-58-59-66-69|81-78-76-82-71-73-77-79-80|5-3-95-94-92-93-97-100-2|67-65-63-62-74-72-61-64-68-47|43-42-40-44-46-45-48-51-50-52-49|41-87-86-83-84-85-88-89-91|96-90-70-60-99-1-75
231,11,1220.6617,465.1446,90.0,1095.4361,0,11,112.242518,112.416827,True,98-7-8-10-11-9-6-4|13-17-18-19-15-16-14-12|20-24-25-27-29-30-28-26-23-22-21|32-33-31-35-37-38-39-36-34|57-55-54-53-56-58-59-66-69|81-78-76-82-71-73-77-79-80|5-3-95-94-92-93-97-100-2|67-65-63-62-74-72-61-64-68-47|43-42-40-44-46-45-48-51-50-52-49|41-87-86-83-84-85-88-89-91|96-90-70-60-99-1-75
232,11,1220.6617,465.1446,90.0,1095.4361,0,11,112.242518,112.416827,True,98-7-8-10-11-9-6-4|13-17-18-19-15-16-14-12|20-24-25-27-29-30-28-26-23-22-21|32-33-31-35-37-38-39-36-34|57-55-54-53-56-58-59-66-69|81-78-76-82-71-73-77-79-80|5-3-95-94-92-93-97-100-2|67-65-63-62-74-72-61-64-68-47|43-42-40-44-46-45-48-51-50-52-49|41-87-86-83-84-85-88-89-91|96-90-70-60-99-1-75
233,11,1224.8973,424.6054,90.0,1102.0952,0,11,113.513197,113.683695,True,98-96-95-94-92-93-100-12-99-75|13-17-18-15-88-85-89-91|42-31-35-37-38-39-36-34-52|57-41-40-44-46-45-26-23-22-21|43-55-54-53-56-58-60-48-51-50-47|67-65-63-62-74-72-61-59-68-66-69|81-78-76-71-70-73-77-79-80|5-3-7-8-10-11-9-6|90-87-86-83-82-84-97-4-2-1|32-33-19-16-14|20-24-25-27-29-30-28-64-49
234,11,1224.8973,424.6054,90.0,1102.0952,0,11,113.513197,113.683695,True,98-96-95-94-92-93-100-12-99-75|13-17-18-15-88-85-89-91|42-31-35-37-38-39-36-34-52|57-41-40-44-46-45-26-23-22-21|43-55-54-53-56-58-60-48-51-50-47|67-65-63-62-74-72-61-59-68-66-69|81-78-76-71-70-73-77-79-80|5-3-7-8-10-11-9-6|90-87-86-83-82-84-97-4-2-1|32-33-19-16-14|20-24-25-27-29-30-28-64-49
235,11,1230.4041,285.5768,80.0,1088.8114,0,11,115.165234,115.313537,True,20-24-25-27-29-30-28-26-23-22-21|67-65-63-62-74-72-61-64-68-47-49|43-57-41-40-44-46-45-48-51-50-52|42-87-83-82-84-92-85-88-89-91|90-98-95-94-93-97-100-99-2|5-96-8-10-11-9-6-4-1-75|86-78-76-71-70-73-77-79-80|3-7-81-58-60-59-66-69|55-54-53-56-38-39-36-34|32-33-31-35-37|13-17-18-19-15-16-14-12
236,11,1237.4241,505.2514,100.0,1085.6077,0,11,117.271247,117.456126,True,87-18-19-10-11-9-100-2-1|13-17-86-83-82-84-85-88-89-91|20-24-25-27-29-30-28-26-23-22-21|32-33-31-35-37-38-39-36-34|43-42-46-97-6-47|96-41-40-44-45-48-51-50-52-49|57-55-54-53-56-58-60-59|67-65-63-62-74-72-61-64-68-66-69|81-78-76-71-70-73-77-79-80|90-98-95-94-92-93-99-4-75|5-3-7-8-15-16-14-12
237,11,1237.4241,505.2514,100.0,1085.6077,0,11,117.271247,117.456126,True,87-18-19-10-11-9-100-2-1|13-17-86-83-82-84-85-88-89-91|20-24-25-27-29-30-28-26-23-22-21|32-33-31-35-37-38-39-36-34|43-42-46-97-6-47|96-41-40-44-45-48-51-50-52-49|57-55-54-53-56-58-60-59|67-65-63-62-74-72-61-64-68-66-69|81-78-76-71-70-73-77-79-80|90-98-95-94-92-93-99-4-75|5-3-7-8-15-16-14-12
238,11,1245.2052,592.1295,60.0,1100.5005,0,11,119.605555,119.804034,True,13-17-18-19-15-16-14-12-4|20-24-25-27-29-30-28-26-23-22-21|32-33-31-35-37-38-39-36-34|43-42-41-40-44-46-45-48-51-50-49|57-55-53-56-58-60-59|67-65-78-82-71-70-73-77-80|98-96-87-86-83-84-85-88-89-91|5-3-95-94-92-93-97-6-1-75|90-76-81-74-72-79-61-47|7-8-10-11-9-100-99-2-52|54-63-62-64-68-66-69
239,11,1245.2052,592.1295,60.0,1100.5005,0,11,119.605555,119.804034,True,13-17-18-19-15-16-14-12-4|20-24-25-27-29-30-28-26-23-22-21|32-33-31-35-37-38-39-36-34|43-42-41-40-44-46-45-48-51-50-49|57-55-53-56-58-60-59|67-65-78-82-71-70-73-77-80|98-96-87-86-83-84-85-88-89-91|5-3-95-94-92-93-97-6-1-75|90-76-81-74-72-79-61-47|7-8-10-11-9-100-99-2-52|54-63-62-64-68-66-69
240,11,1260.0228,532.7686,70.0,1088.8114,0,11,124.050852,124.244119,True,13-17-18-19-15-16-14-12|20-24-25-27-29-30-28-26-23-22-21|32-33-31-35-37-38-39-36-34|43-42-41-40-44-46-45-51-50-49|57-55-53-56-58-60-61-64-59|67-63-76-71-70-73-77-80|90-87-86-83-82-84-85-88-89-91|98-96-95-94-92-93-97-99-1-75|78-81-74-72-79-48-47|5-3-7-8-10-9-6-4-2-52|65-62-54-11-100-68-66-69
241,11,1260.0228,532.7686,70.0,1088.8114,0,11,124.050852,124.244119,True,13-17-18-19-15-16-14-12|20-24-25-27-29-30-28-26-23-22-21|32-33-31-35-37-38-39-36-34|43-42-41-40-44-46-45-51-50-49|57-55-53-56-58-60-61-64-59|67-63-76-71-70-73-77-80|90-87-86-83-82-84-85-88-89-91|98-96-95-94-92-93-97-99-1-75|78-81-74-72-79-48-47|5-3-7-8-10-9-6-4-2-52|65-62-54-11-100-68-66-69
242,11,1269.027,676.0287,100.0,1073.2094,0,11,126.752114,126.970231,True,20-24-25-29-30-28-26-23-22-21|32-33-31-35-37-38-39-36-34|57-55-54-53-56-58-73-66|67-65-63-62-74-72-61-48-51-50-52|81-78-76-82-71-70-77-79-80|98-90-87-86-83-84-85-88-2-1|5-3-95-94-92-93-97-100-91-89|43-42-41-40-44-45-64-47-49|96-7-8-10-11-9-6-4-75|13-19-15-16-14-12-99|17-18-27-46-60-59-68-69
243,11,1269.027,676.0287,100.0,1073.2094,0,11,126.752114,126.970231,True,20-24-25-29-30-28-26-23-22-21|32-33-31-35-37-38-39-36-34|57-55-54-53-56-58-73-66|67-65-63-62-74-72-61-48-51-50-52|81-78-76-82-71-70-77-79-80|98-90-87-86-83-84-85-88-2-1|5-3-95-94-92-93-97-100-91-89|43-42-41-40-44-45-64-47-49|96-7-8-10-11-9-6-4-75|13-19-15-16-14-12-99|17-18-27-46-60-59-68-69
244,11,1273.4272,178.625,120.0,1136.0211,0,11,128.072165,128.228414,True,20-24-25-27-29-30-28-26-23-22-21|32-33-31-35-37-38-39-36-34|57-55-54-53-56-58-45-64|65-63-62-74-72-61-60-51-50-52|81-78-76-71-70-73-79-80-66-69|90-87-86-83-82-77-85-88-2-1-75|96-95-94-84-93-97-91-89|67-41-42-40-44-46-48-68-59-49-47|43-98-92-10-11-9-6-4|5-3-7-8-15-16-14-12-100-99|13-17-18-19
245,11,1273.4272,178.625,120.0,1136.0211,0,11,128.072165,128.228414,True,20-24-25-27-29-30-28-26-23-22-21|32-33-31-35-37-38-39-36-34|57-55-54-53-56-58-45-64|65-63-62-74-72-61-60-51-50-52|81-78-76-71-70-73-79-80-66-69|90-87-86-83-82-77-85-88-2-1-75|96-95-94-84-93-97-91-89|67-41-42-40-44-46-48-68-59-49-47|43-98-92-10-11-9-6-4|5-3-7-8-15-16-14-12-100-99|13-17-18-19
246,11,1281.1851,208.5542,120.0,1135.0038,0,11,130.399523,130.562436,True,43-42-31-40-44-46-45-48-34-52-49|24-33-35-37-38-39-36-51-50-47|32-55-54-53-56-58-64-68-66|67-65-63-62-74-72-61-60-59-69|5-3-7-8-10-11-9-6-4|57-41-82-83|20-25-27-29-30-28-26-23-22-21|13-17-18-19-15-16-14-12|96-90-87-86-84-85-99-100-2-1-75|98-95-94-92-93-97-88-89-80|81-78-76-71-70-73-77-79-91
247,11,1281.1851,208.5542,120.0,1135.0038,0,11,130.399523,130.562436,True,43-42-31-40-44-46-45-48-34-52-49|24-33-35-37-38-39-36-51-50-47|32-55-54-53-56-58-64-68-66|67-65-63-62-74-72-61-60-59-69|5-3-7-8-10-11-9-6-4|57-41-82-83|20-25-27-29-30-28-26-23-22-21|13-17-18-19-15-16-14-12|96-90-87-86-84-85-99-100-2-1-75|98-95-94-92-93-97-88-89-80|81-78-76-71-70-73-77-79-91
248,11,1282.1106,452.3181,70.0,1106.8114,0,11,130.677193,130.867719,True,13-17-18-19-15-16-14-12|20-24-25-27-29-30-28-26-23-22-21|32-33-31-35-37-38-39-36-34|43-42-41-40-44-46-45-51-50-49|55-54-53-56-58-60-64-68-59|57-76-71-70-73-77-80|90-87-86-83-82-84-85-88-89-91|98-96-95-94-92-93-99-2-1-75|78-81-74-72-79-48-47|5-3-7-8-10-9-6-100-4-52|67-65-63-62-11-97-61-66-69
249,11,1282.1106,452.3181,70.0,1106.8114,0,11,130.677193,130.867719,True,13-17-18-19-15-16-14-12|20-24-25-27-29-30-28-26-23-22-21|32-33-31-35-37-38-39-36-34|43-42-41-40-44-46-45-51-50-49|55-54-53-56-58-60-64-68-59|57-76-71-70-73-77-80|90-87-86-83-82-84-85-88-89-91|98-96-95-94-92-93-99-2-1-75|78-81-74-72-79-48-47|5-3-7-8-10-9-6-100-4-52|67-65-63-62-11-97-61-66-69
250,11,1290.5252,245.2491,100.0,1088.8114,0,11,133.201556,133.363846,True,20-24-25-27-29-30-28-26-23-22-21|42-55-54-53-56-58-60-59-66-69|67-65-63-62-74-72-61-64-68-47-49|43-57-41-40-44-46-45-48-51-50-52|90-98-95-94-93-97-100-99-2|5-96-8-10-11-9-6-4-1-75|86-78-76-71-70-73-77-79-80|13-17-18-19-15-16-14-12|3-32-92-82-84-85-88-89-91|33-7-81-83|87-31-35-37-38-39-36-34
251,11,1290.5252,245.2491,100.0,1088.8114,0,11,133.201556,133.363846,True,20-24-25-27-29-30-28-26-23-22-21|42-55-54-53-56-58-60-59-66-69|67-65-63-62-74-72-61-64-68-47-49|43-57-41-40-44-46-45-48-51-50-52|90-98-95-94-93-97-100-99-2|5-96-8-10-11-9-6-4-1-75|86-78-76-71-70-73-77-79-80|13-17-18-19-15-16-14-12|3-32-92-82-84-85-88-89-91|33-7-81-83|87-31-35-37-38-39-36-34
252,13,1322.1589,1738.4965,150.0,1070.9536,0,13,258.049643,258.448332,True,90-87-78-82-83-84-85-88-89-91|33-31-10-11-9-6-4|13-17-18-19-15-16-14-12-99|57-55-54-53-56-58-60-68|20-25-27-29-30-28-26-23-22-21|98-96-95-94-92-93-97-100-75|43-42-40-44-46-45-48-51-50-47|63-62-74-71-73-77-79-66-69|24-32-34|86-81-76-70-72-61-64-59|67-65-41-35-37-38-39-36-52-49|80-2-1|5-3-7-8
253,13,1322.1589,1738.4965,150.0,1070.9536,0,13,258.049643,258.448332,True,90-87-78-82-83-84-85-88-89-91|33-31-10-11-9-6-4|13-17-18-19-15-16-14-12-99|57-55-54-53-56-58-60-68|20-25-27-29-30-28-26-23-22-21|98-96-95-94-92-93-97-100-75|43-42-40-44-46-45-48-51-50-47|63-62-74-71-73-77-79-66-69|24-32-34|86-81-76-70-72-61-64-59|67-65-41-35-37-38-39-36-52-49|80-2-1|5-3-7-8
254,11,1343.4992,507.9638,60.0,1100.5005,0,11,149.093754,149.309097,True,13-17-18-19-15-16-14-12-4|20-24-25-27-29-30-28-26-23-22-21|32-33-31-35-37-38-39-36-34|43-42-41-40-44-46-45-48-51-50-49|57-65-90-56-58-60-59|78-98-96-83-84-85-88-89-91|5-3-95-94-92-93-97-6-1-75|55-67-63-82-72-61-64-68-47|87-7-8-10-11-9-100-99-2-52|86-81-76-71-70-73-77-79-80|54-53-62-74-66-69
255,11,1343.4992,507.9638,60.0,1100.5005,0,11,149.093754,149.309097,True,13-17-18-19-15-16-14-12-4|20-24-25-27-29-30-28-26-23-22-21|32-33-31-35-37-38-39-36-34|43-42-41-40-44-46-45-48-51-50-49|57-65-90-56-58-60-59|78-98-96-83-84-85-88-89-91|5-3-95-94-92-93-97-6-1-75|55-67-63-82-72-61-64-68-47|87-7-8-10-11-9-100-99-2-52|86-81-76-71-70-73-77-79-80|54-53-62-74-66-69
256,14,1350.1915,2544.2938,150.0,1056.8114,0,14,378.919249,379.445395,True,98-96-95-94-92-93-97-100-75|13-17-18-19-88-85-89-91|20-24-25-27-29-30-28-26-23-22-21|32-33-31-35-37-38-36-34|43-42-46-47|41-40-44-45-48-51-50-49|57-55-54-56-58-59|67-65-63-62-74-72-61-64-66-69|81-78-76-71-70-73-77-79|90-87-86-83-82-99-4-2-1|5-7-8-15-16-14-12|84-9-6-52|53-60-68-80|3-10-11-39
257,14,1350.1915,2544.2938,150.0,1056.8114,0,14,378.919249,379.445395,True,98-96-95-94-92-93-97-100-75|13-17-18-19-88-85-89-91|20-24-25-27-29-30-28-26-23-22-21|32-33-31-35-37-38-36-34|43-42-46-47|41-40-44-45-48-51-50-49|57-55-54-56-58-59|67-65-63-62-74-72-61-64-66-69|81-78-76-71-70-73-77-79|90-87-86-83-82-99-4-2-1|5-7-8-15-16-14-12|84-9-6-52|53-60-68-80|3-10-11-39
258,12,1383.6388,640.2091,160.0,1073.2094,0,12,161.135638,161.389065,True,13-17-18-19-15-16-14-12|20-24-25-27-29-30-28-26-23-22-21|32-33-31-35-37-38-39-36-34|67-65-63-62-74-72-45-48-51-50-52|90-87-86-83-82-84-85-88-89-91|42-54-81-71-70-73-77-79-80|78-55-44-46-58-60-68-47-49|43-57-76-56-59-61-64-66-69|41-40-53|98-95-94-93-97-100-99-2-1|5-3-7-10-92-9-6-4-75|96-8-11
259,12,1383.6388,640.2091,160.0,1073.2094,0,12,161.135638,161.389065,True,13-17-18-19-15-16-14-12|20-24-25-27-29-30-28-26-23-22-21|32-33-31-35-37-38-39-36-34|67-65-63-62-74-72-45-48-51-50-52|90-87-86-83-82-84-85-88-89-91|42-54-81-71-70-73-77-79-80|78-55-44-46-58-60-68-47-49|43-57-76-56-59-61-64-66-69|41-40-53|98-95-94-93-97-100-99-2-1|5-3-7-10-92-9-6-4-75|96-8-11
260,11,1435.909,199.3627,120.0,1117.0278,0,11,176.816697,177.021951,True,43-42-41-40-44-46-45-48-34-49-47|87-63-86-83-82-70-73-79-80-52|81-55-54-53-56-58-64-68-66-69|5-3-7-8-10-11-9-6-4-2-1|57-78-76-71-77-85-88-89-91|32-33-31-35-37-38-39-36-51-50|20-96-19-15-16-14-12-100-75|13-17-18-94-92-93-97-99|24-65-62-74-72-61-60-59|67-25-27-29-30-28-26-23-22-21|90-98-95-84
261,11,1435.909,199.3627,120.0,1117.0278,0,11,176.816697,177.021951,True,43-42-41-40-44-46-45-48-34-49-47|87-63-86-83-82-70-73-79-80-52|81-55-54-53-56-58-64-68-66-69|5-3-7-8-10-11-9-6-4-2-1|57-78-76-71-77-85-88-89-91|32-33-31-35-37-38-39-36-51-50|20-96-19-15-16-14-12-100-75|13-17-18-94-92-93-97-99|24-65-62-74-72-61-60-59|67-25-27-29-30-28-26-23-22-21|90-98-95-84
262,11,1453.6385,400.422,110.0,1085.6077,0,11,182.135566,182.370585,True,98-96-95-92-82-12-100-99-75|13-17-18-19-83-84-85-88-89-91|20-24-25-27-29-30-28-26-23-22-21|32-33-31-35-37-38-39-36-34|43-42-71-70-46-80-66-47|41-40-44-45-48-51-50-52-49|57-55-54-53-56-58-60-59|67-65-63-62-74-72-61-64-68-69|81-78-76-94-93-73-77-79|5-3-7-8-10-11-9-97|90-87-86-15-16-14-6-4-2-1
263,11,1453.6385,400.422,110.0,1085.6077,0,11,182.135566,182.370585,True,98-96-95-92-82-12-100-99-75|13-17-18-19-83-84-85-88-89-91|20-24-25-27-29-30-28-26-23-22-21|32-33-31-35-37-38-39-36-34|43-42-71-70-46-80-66-47|41-40-44-45-48-51-50-52-49|57-55-54-53-56-58-60-59|67-65-63-62-74-72-61-64-68-69|81-78-76-94-93-73-77-79|5-3-7-8-10-11-9-97|90-87-86-15-16-14-6-4-2-1
264,11,1544.1868,266.6566,80.0,1115.4101,0,11,209.300031,209.543621,True,43-42-31-40-44-46-45-48-34-49|24-33-35-37-38-39-36-51-50-47|87-98-95-94-82-70-73-79-80-52|81-55-54-53-56-58-60-59|67-65-63-62-74-72-61-64-68-66-69|5-3-7-8-10-11-9-6-4|13-17-18-29-30-28-26-23-22-21|96-86-27-15-100-97-99-2-1-75|20-57-41-93-92-88-89-91|32-25-19-16-14-12|90-78-76-71-83-84-85-77
265,11,1544.1868,266.6566,80.0,1115.4101,0,11,209.300031,209.543621,True,43-42-31-40-44-46-45-48-34-49|24-33-35-37-38-39-36-51-50-47|87-98-95-94-82-70-73-79-80-52|81-55-54-53-56-58-60-59|67-65-63-62-74-72-61-64-68-66-69|5-3-7-8-10-11-9-6-4|13-17-18-29-30-28-26-23-22-21|96-86-27-15-100-97-99-2-1-75|20-57-41-93-92-88-89-91|32-25-19-16-14-12|90-78-76-71-83-84-85-77
266,15,1598.1434,2482.7152,140.0,1056.8114,0,15,369.682446,370.273041,True,43-42-44-46-45|32-33-31-35-37-38-39-36-50-47|98-95-62-61-64-77-80-52|57-55-54-53-56-68-66|87-86-83-82-74-72-60-59-69|5-3-7-8-10-11-9-6-4|13-17-18-15-28-23|96-94-97-99-12-2-75|19-92-93-100-88-91|81-78-76-71-70-73-79-89|67-65-63|20-24-25-27-29-30-22-21|16-14-26-34-49|41-40-58-48-51-1|90-84-85
267,15,1598.1434,2482.7152,140.0,1056.8114,0,15,369.682446,370.273041,True,43-42-44-46-45|32-33-31-35-37-38-39-36-50-47|98-95-62-61-64-77-80-52|57-55-54-53-56-68-66|87-86-83-82-74-72-60-59-69|5-3-7-8-10-11-9-6-4|13-17-18-15-28-23|96-94-97-99-12-2-75|19-92-93-100-88-91|81-78-76-71-70-73-79-89|67-65-63|20-24-25-27-29-30-22-21|16-14-26-34-49|41-40-58-48-51-1|90-84-85
268,11,1601.3918,251.8147,80.0,1126.8986,0,11,226.461546,226.721794,True,13-17-18-19-83-84-85-88-89-91|20-24-25-27-29-30-28-26-23-22-21|43-42-95-46-70-73-80-66-47|55-57-41-40-44-45-48-51-50-52-49|67-65-63-62-74-72-61-64-68-69|5-3-7-8-10-11-9-97-4|90-87-86-15-16-14-6-2-1|32-33-31-35-37-38-39-36-34|78-98-96-94-93-92-12-100-99-75|81-76-54-53-77-79|71-82-56-58-60-59
269,11,1601.3918,251.8147,80.0,1126.8986,0,11,226.461546,226.721794,True,13-17-18-19-83-84-85-88-89-91|20-24-25-27-29-30-28-26-23-22-21|43-42-95-46-70-73-80-66-47|55-57-41-40-44-45-48-51-50-52-49|67-65-63-62-74-72-61-64-68-69|5-3-7-8-10-11-9-97-4|90-87-86-15-16-14-6-2-1|32-33-31-35-37-38-39-36-34|78-98-96-94-93-92-12-100-99-75|81-76-54-53-77-79|71-82-56-58-60-59
270,15,1627.2678,1976.4763,190.0,1056.8114,0,15,293.74662,294.275016,True,13-17-18-19-15-16-14-12|20-24-25-27-29-30-28-26-23-22-21|32-33-31-35-37-38-39-36-34|43-42-41-40-44-46-45-51-50-49|57-55-53-56-58-60-61-64-59|67-65-76-71-70-73-77-80|92-93-99-2-1|78-81-74-72-79-48-47|5-3-7-8-10-9-6-100-4-52|54-63-62-11-97-68-66-69|96-86-83-82-89-91-75|88-85|90-87-84|94|98-95
271,15,1627.2678,1976.4763,190.0,1056.8114,0,15,293.74662,294.275016,True,13-17-18-19-15-16-14-12|20-24-25-27-29-30-28-26-23-22-21|32-33-31-35-37-38-39-36-34|43-42-41-40-44-46-45-51-50-49|57-55-53-56-58-60-61-64-59|67-65-76-71-70-73-77-80|92-93-99-2-1|78-81-74-72-79-48-47|5-3-7-8-10-9-6-100-4-52|54-63-62-11-97-68-66-69|96-86-83-82-89-91-75|88-85|90-87-84|94|98-95
272,12,1659.0764,556.5317,120.0,1085.0623,0,12,243.766925,244.08821,True,43-41-40-44-46-45-48-51-49|33-31-35-37-38-39-36-34-50-47|98-96-95-94-83-64-80-79-52|78-76-71-73-82|13-17-18-29-30-28-26-23-22-21|32-65-86-93-97-100-2-1|67-63-87-84-92-85-88-89-91|81-54-53-56-58-60-68-66-69|5-3-7-8-10-11-9-12-99-75|20-24-25-27-61-72-59|55-90-19-15-16-14-6-4|42-57-62-74-77-70
273,12,1659.0764,556.5317,120.0,1085.0623,0,12,243.766925,244.08821,True,43-41-40-44-46-45-48-51-49|33-31-35-37-38-39-36-34-50-47|98-96-95-94-83-64-80-79-52|78-76-71-73-82|13-17-18-29-30-28-26-23-22-21|32-65-86-93-97-100-2-1|67-63-87-84-92-85-88-89-91|81-54-53-56-58-60-68-66-69|5-3-7-8-10-11-9-12-99-75|20-24-25-27-61-72-59|55-90-19-15-16-14-6-4|42-57-62-74-77-70
274,14,1661.5841,1998.0843,150.0,1056.8114,0,14,296.987818,297.525451,True,20-24-25-27-29-30-28-26-23-22-21|32-33-31-35-37-38-39-36-34|43-42-41-40-44-46-45-51-50-49|57-55-53-56-58-60-61-64-59|67-65-76-71-70-73-77-80|13-17-18-19-93-92-99-2-1|78-81-74-72-79-48-47|5-3-7-10-16-14-100-4-52|54-63-62-97-68-66-69|96-86-83-82-89-91-75|88-85|90-87-84|94-15-12|98-95-8-11-9-6
275,14,1661.5841,1998.0843,150.0,1056.8114,0,14,296.987818,297.525451,True,20-24-25-27-29-30-28-26-23-22-21|32-33-31-35-37-38-39-36-34|43-42-41-40-44-46-45-51-50-49|57-55-53-56-58-60-61-64-59|67-65-76-71-70-73-77-80|13-17-18-19-93-92-99-2-1|78-81-74-72-79-48-47|5-3-7-10-16-14-100-4-52|54-63-62-97-68-66-69|96-86-83-82-89-91-75|88-85|90-87-84|94-15-12|98-95-8-11-9-6
276,12,1713.6322,503.2762,60.0,1135.4597,0,12,260.133676,260.464899,True,43-42-31-40-44-46-45-48-34-49-47|87-98-95-83-82-79-77-80-69-52|55-54-53-56-58-61-64-68-66|5-7-8-10-11-9-6-4|13-17-18-29-30-28-26-23-22-21|96-3-27-100-97-99-2-1-75|67-32-19-15-12-88-91|90-33-35-37-38-39-36-51-50|20-24-25-86-71-84-85-89|81-78-76-70-73-72-60-59|57-41-62-74-16-14|65-63-94-92-93
277,12,1713.6322,503.2762,60.0,1135.4597,0,12,260.133676,260.464899,True,43-42-31-40-44-46-45-48-34-49-47|87-98-95-83-82-79-77-80-69-52|55-54-53-56-58-61-64-68-66|5-7-8-10-11-9-6-4|13-17-18-29-30-28-26-23-22-21|96-3-27-100-97-99-2-1-75|67-32-19-15-12-88-91|90-33-35-37-38-39-36-51-50|20-24-25-86-71-84-85-89|81-78-76-70-73-72-60-59|57-41-62-74-16-14|65-63-94-92-93
278,12,1738.6642,172.0862,140.0,1135.4597,0,12,267.643253,267.940308,True,43-42-31-40-44-46-45-48-34-49-47|98-95-94-83-82-79-77-80-69-52|55-54-53-56-58-61-64-68-66|5-3-7-8-10-11-9-6-4|13-17-18-29-30-28-26-23-22-21|87-96-27-15-100-97-99-2-1-75|67-32-19-92-93-12-88-91|90-33-35-37-38-39-36-51-50|20-24-25-86-71-84-85-89|81-78-76-70-73-72-60-59|57-41-62-74-16-14|65-63
279,12,1738.6642,172.0862,140.0,1135.4597,0,12,267.643253,267.940308,True,43-42-31-40-44-46-45-48-34-49-47|98-95-94-83-82-79-77-80-69-52|55-54-53-56-58-61-64-68-66|5-3-7-8-10-11-9-6-4|13-17-18-29-30-28-26-23-22-21|87-96-27-15-100-97-99-2-1-75|67-32-19-92-93-12-88-91|90-33-35-37-38-39-36-51-50|20-24-25-86-71-84-85-89|81-78-76-70-73-72-60-59|57-41-62-74-16-14|65-63
280,13,1839.169,1025.913,190.0,1072.2314,0,13,297.79471,298.245806,True,43-42-31-40-44-46-45-48-51-49|24-33-35-37-38-39-36-34-50-47|25-94-64-77-80-52|81-55-54-53-56-61-68-66|96-62-74-72-58-60-59-69|13-17-18-29-30-28-26-23-22-21|67-32-19-15-11-12-4-75|57-78-71-70-73-84-85-89-91|65-98-95-92-16-9-6|20-41-63-86-83-79-88|90-87-76-82-93-97-100-99-2-1|5-3-7-8-10-14|27
281,13,1839.169,1025.913,190.0,1072.2314,0,13,297.79471,298.245806,True,43-42-31-40-44-46-45-48-51-49|24-33-35-37-38-39-36-34-50-47|25-94-64-77-80-52|81-55-54-53-56-61-68-66|96-62-74-72-58-60-59-69|13-17-18-29-30-28-26-23-22-21|67-32-19-15-11-12-4-75|57-78-71-70-73-84-85-89-91|65-98-95-92-16-9-6|20-41-63-86-83-79-88|90-87-76-82-93-97-100-99-2-1|5-3-7-8-10-14|27
282,17,1881.9535,3004.8282,130.0,1056.8114,0,17,447.999401,448.753056,True,87-95-9-6-4-2-1|17-18-19-15-16-14-12|24-25-27-29-30-28-26-23-21|33-31-35-37-38-39-34|55-53-56-60-64-66-69|81-78-76-71-70-73-77-80|7-8-94-84-97-100-75|67-65-63-62-74-61-68-49|43-40-44-46-45-48-51-50-52|93-85-89-91|5-3-96-86|32-90-83-79-99-47|92-88-59-22|42-41-54-58-72-36|13-10-11|98-82|20-57
283,17,1881.9535,3004.8282,130.0,1056.8114,0,17,447.999401,448.753056,True,87-95-9-6-4-2-1|17-18-19-15-16-14-12|24-25-27-29-30-28-26-23-21|33-31-35-37-38-39-34|55-53-56-60-64-66-69|81-78-76-71-70-73-77-80|7-8-94-84-97-100-75|67-65-63-62-74-61-68-49|43-40-44-46-45-48-51-50-52|93-85-89-91|5-3-96-86|32-90-83-79-99-47|92-88-59-22|42-41-54-58-72-36|13-10-11|98-82|20-57
284,13,1883.1752,1143.9606,120.0,1059.2094,0,13,310.996574,311.469626,True,17-18-19-15-16-14-12-22-21|98-95-92-93-45-48-47|5-3-7-8-10-11-6-97-4-75|25-27-37-30-28-26-23-91|57-54-53-56-58-60-59-99|32-33-31-44-38-39-88-89|55-78-81-73-77-79-64-68-69|13-67-76-71-70-85-100-2-1|87-86-83-82-84-72-80-66|20-24-35-29-34-52-49|90-96-94-61-9-36-51-50|42-41-40-62-74|43-65-63-46
285,13,1883.1752,1143.9606,120.0,1059.2094,0,13,310.996574,311.469626,True,17-18-19-15-16-14-12-22-21|98-95-92-93-45-48-47|5-3-7-8-10-11-6-97-4-75|25-27-37-30-28-26-23-91|57-54-53-56-58-60-59-99|32-33-31-44-38-39-88-89|55-78-81-73-77-79-64-68-69|13-67-76-71-70-85-100-2-1|87-86-83-82-84-72-80-66|20-24-35-29-34-52-49|90-96-94-61-9-36-51-50|42-41-40-62-74|43-65-63-46
286,12,1904.4817,614.2316,100.0,1074.2638,0,12,317.388529,317.788471,True,43-42-31-40-44-46-45-48-34-49|24-33-35-37-38-39-36-51-50-47|90-63-76-74-61-64-68-52|67-65-55-53-56-58-80|57-95-96-94-72-60-59-66-69|5-3-7-8-10-11-9-6-4-75|13-17-18-29-30-28-26-23-22-21|87-98-27-15-100-97-99-2-1|32-19-92-93-12|78-41-86-16-14|20-25-81-71-70-73-77-79|54-62-83-82-84-85-88-89-91
287,12,1904.4817,614.2316,100.0,1074.2638,0,12,317.388529,317.788471,True,43-42-31-40-44-46-45-48-34-49|24-33-35-37-38-39-36-51-50-47|90-63-76-74-61-64-68-52|67-65-55-53-56-58-80|57-95-96-94-72-60-59-66-69|5-3-7-8-10-11-9-6-4-75|13-17-18-29-30-28-26-23-22-21|87-98-27-15-100-97-99-2-1|32-19-92-93-12|78-41-86-16-14|20-25-81-71-70-73-77-79|54-62-83-82-84-85-88-89-91
288,13,1916.2857,930.0022,140.0,1059.2094,0,13,320.929721,321.382612,True,17-18-19-15-16-14-12-22-21|5-98-95-92-93-45-48-47|43-25-27-37-30-28-26-23-91|57-54-53-56-58-60-59-99|55-78-81-73-77-79-64-68-69|13-67-76-71-70-85-100-2-1|87-86-83-82-84-72-80-66|20-24-35-29-38-39-34-52-49|90-96-94-61-9-36-51-50|65-3-44-46|32-33-31-40|42-7-8-10-11-6-97-4-75|41-63-62-74-89-88
289,13,1916.2857,930.0022,140.0,1059.2094,0,13,320.929721,321.382612,True,17-18-19-15-16-14-12-22-21|5-98-95-92-93-45-48-47|43-25-27-37-30-28-26-23-91|57-54-53-56-58-60-59-99|55-78-81-73-77-79-64-68-69|13-67-76-71-70-85-100-2-1|87-86-83-82-84-72-80-66|20-24-35-29-38-39-34-52-49|90-96-94-61-9-36-51-50|65-3-44-46|32-33-31-40|42-7-8-10-11-6-97-4-75|41-63-62-74-89-88
290,17,1959.8759,3756.3071,120.0,1056.8114,0,17,560.721232,561.609986,True,43-42-31-46-45|24-33-35-37-38-39-36-50-47|98-95-94-64-77-80-52|55-54-53-56-68-66|83-62-74-72-61-60-59-69|5-3-7-8-10-11-9-6-4|13-17-18-29-30-28-23-21|96-97-100-99-2-75|67-32-19-93-92-88-91|57-78-71-70-73-85-89|65-86-84-16|20-25-22|26-34-49|41-40-44-58-48-51-1|63-81-79|27-15-14-12|90-87-76-82
291,17,1959.8759,3756.3071,120.0,1056.8114,0,17,560.721232,561.609986,True,43-42-31-46-45|24-33-35-37-38-39-36-50-47|98-95-94-64-77-80-52|55-54-53-56-68-66|83-62-74-72-61-60-59-69|5-3-7-8-10-11-9-6-4|13-17-18-29-30-28-23-21|96-97-100-99-2-75|67-32-19-93-92-88-91|57-78-71-70-73-85-89|65-86-84-16|20-25-22|26-34-49|41-40-44-58-48-51-1|63-81-79|27-15-14-12|90-87-76-82
292,25,2078.8038,7611.7585,110.0,1056.8114,0,25,1139.038949,1140.543099,True,5-3-25-27-22|87-86-83-73-77-79|17-18-19-16-12|63-74-72-66|20-30-28-26-23-21|32-33-29-11|81-78-76-71-93|55-40-44-46-45|99-75|98-92-94|54-31-35|57-59|67-65-62-64-68|43-42-48-51-50-52|10-9-6-4-2-1|84-85-88-89-91|82-97-100-61-69|37-38-39-36-34|96-95|53|13-15-14|24|90-70-80|7-8-47|41-56-58-60-49
293,25,2078.8038,7611.7585,110.0,1056.8114,0,25,1139.038949,1140.543099,True,5-3-25-27-22|87-86-83-73-77-79|17-18-19-16-12|63-74-72-66|20-30-28-26-23-21|32-33-29-11|81-78-76-71-93|55-40-44-46-45|99-75|98-92-94|54-31-35|57-59|67-65-62-64-68|43-42-48-51-50-52|10-9-6-4-2-1|84-85-88-89-91|82-97-100-61-69|37-38-39-36-34|96-95|53|13-15-14|24|90-70-80|7-8-47|41-56-58-60-49
294,24,2178.1858,7745.7991,110.0,1056.8114,0,24,1159.145032,1160.698802,True,5-3-25|90-87-86-84-83-70-73-77|17-18-19-16-12|63-74-72-66|20-30-28-26-23-21|33-8-6-4|81-78-76-71|55-40-44-46-48|99-75|96-95-94|54-31-35-64-61-79|57-59-34|67-65-62-68-52|43-42-45-51-50|10-11-9-100-2-1|88-85-89-91|82-92-93-97-69|32-37-38-39-36|41-53|13-15-14|24|80-22|98-7-27-29-47|56-58-60-49
295,24,2178.1858,7745.7991,110.0,1056.8114,0,24,1159.145032,1160.698802,True,5-3-25|90-87-86-84-83-70-73-77|17-18-19-16-12|63-74-72-66|20-30-28-26-23-21|33-8-6-4|81-78-76-71|55-40-44-46-48|99-75|96-95-94|54-31-35-64-61-79|57-59-34|67-65-62-68-52|43-42-45-51-50|10-11-9-100-2-1|88-85-89-91|82-92-93-97-69|32-37-38-39-36|41-53|13-15-14|24|80-22|98-7-27-29-47|56-58-60-49
296,25,2340.9325,7603.4092,110.0,1056.8114,0,25,1137.786548,1139.368084,True,5-3-25-27|87-86-83-73-77|17-18-19-16-12|63-74-72-66|20-30-28-26-23-21|33-8-11-6-4|81-78-76-71-93|55-40-44-46-45-48|99-75|94-92|54-31-35-79|57-59-34|67-65-62-64-68-52|43-42-51-50|10-9-100-2-1|84-85-88-89-91|82-97-61-69|32-37-38-39-36|96-95|41-53|13-15-14|24|90-70-80-22|98-7-29-47|56-58-60-49
297,25,2340.9325,7603.4092,110.0,1056.8114,0,25,1137.786548,1139.368084,True,5-3-25-27|87-86-83-73-77|17-18-19-16-12|63-74-72-66|20-30-28-26-23-21|33-8-11-6-4|81-78-76-71-93|55-40-44-46-45-48|99-75|94-92|54-31-35-79|57-59-34|67-65-62-64-68-52|43-42-51-50|10-9-100-2-1|84-85-88-89-91|82-97-61-69|32-37-38-39-36|96-95|41-53|13-15-14|24|90-70-80-22|98-7-29-47|56-58-60-49
298,25,2340.9325,7603.4092,110.0,1056.8114,0,25,1137.786548,1139.368084,True,5-3-25-27|87-86-83-73-77|17-18-19-16-12|63-74-72-66|20-30-28-26-23-21|33-8-11-6-4|81-78-76-71-93|55-40-44-46-45-48|99-75|94-92|54-31-35-79|57-59-34|67-65-62-64-68-52|43-42-51-50|10-9-100-2-1|84-85-88-89-91|82-97-61-69|32-37-38-39-36|96-95|41-53|13-15-14|24|90-70-80-22|98-7-29-47|56-58-60-49
299,23,2414.7283,7105.4112,90.0,1056.8114,0,23,1063.086854,1064.61323,True,5-3-25-27|87-86-83-73-77|17-18-19-16-12|20-30-28-26-23-21|33-8-11-6-4|81-78-76-71-93|55-40-44-46-45-48|67-65-62-64-68-52|43-42-51-50|10-9-100-2-1|84-85-88-89-91|82-97-61-69|32-37-38-39-36|13-15-14|90-70-80-22|98-7-29-47|56-58-60-49|54-53-35-59-79-66|41-63-75|34-99|57-94-92-74|96-95-72|24-31
300,23,2414.7283,7105.4112,90.0,1056.8114,0,23,1063.086854,1064.61323,True,5-3-25-27|87-86-83-73-77|17-18-19-16-12|20-30-28-26-23-21|33-8-11-6-4|81-78-76-71-93|55-40-44-46-45-48|67-65-62-64-68-52|43-42-51-50|10-9-100-2-1|84-85-88-89-91|82-97-61-69|32-37-38-39-36|13-15-14|90-70-80-22|98-7-29-47|56-58-60-49|54-53-35-59-79-66|41-63-75|34-99|57-94-92-74|96-95-72|24-31
301,23,2682.4032,6922.5368,110.0,1057.5245,0,23,1035.655698,1037.237051,True,5-3-25-27|83-81-70-73-77-80|17-18-19-15-12|74-72-68-66-69|20-29-30-21|33-7-8-11-4|98-78-76-71-93-1|55-40-44-46-45-48-49|63-99-75|54-35-37-60-58-79|67-62-64-2-52|42-59-51-50-47|10-16-9-26-100|84-85-88-6-91-89|32-38-39-36|43-41-86-53-28|92-97-22|34|82-56-61-23|57-65-94-14|24-96|90-87-95|13-31
302,23,2682.4032,6922.5368,110.0,1057.5245,0,23,1035.655698,1037.237051,True,5-3-25-27|83-81-70-73-77-80|17-18-19-15-12|74-72-68-66-69|20-29-30-21|33-7-8-11-4|98-78-76-71-93-1|55-40-44-46-45-48-49|63-99-75|54-35-37-60-58-79|67-62-64-2-52|42-59-51-50-47|10-16-9-26-100|84-85-88-6-91-89|32-38-39-36|43-41-86-53-28|92-97-22|34|82-56-61-23|57-65-94-14|24-96|90-87-95|13-31
