Rank,Z1_Vehicles,Z2_Distance,Z3_WaitTime,Z4_LoadBalance,Z5_Makespan,Unserved,Num_Routes,ASF,ASF_aug,In_ROI,Routes
1,12,1101.2679,309.6621,183.0,228.2522,0,12,26.788612,26.816328,True,92-98-91-44-14-38-86-16-61-85-93|57-42-43-15-41-22-75-56-74-72-73-58|40-2-87-97-37-100-59-95|28-76-3-79-29-24-68-80-77-12|26-21-39-23-67-55-4-25-54|50-33-81-9-78-34-35-51-1|20-71-65-66-32-63-90-70|27-69-30-88-10-31|62-11-64-49-19-48-82-7-52|47-36-46-8-84-17-60-89|18-83-45-5-99-96-6-94-13|53
2,12,1102.7958,308.4273,181.0,228.2522,0,12,26.603387,26.631176,True,92-37-91-44-14-38-86-16-61-85-93|57-42-43-15-41-22-75-56-74-72-73-58|40-2-87-97-98-100-59-95|28-76-3-79-29-24-68-80-77-12|26-21-39-23-67-55-4-25-54|50-33-81-9-78-34-35-51-1|20-71-65-66-32-63-90-70|27-69-30-88-10-31|62-11-64-49-19-48-82-7-52|47-36-46-8-84-17-60-89|18-83-45-5-99-96-6-94-13|53
3,12,1103.4075,334.6854,183.0,227.6573,0,12,30.542107,30.574129,True,92-98-91-44-14-38-86-16-61-85-93|57-42-43-15-41-22-75-56-74-72-73-21|40-2-87-97-37-100-59-95|76-3-79-29-24-68-80-77-28|12-54-39-23-67-55-4-25-26|50-33-81-9-78-34-35-51-1|20-71-65-66-32-63-90-70|27-69-30-88-10-31|62-11-64-49-19-48-82-7-52|47-36-46-8-84-17-60-89|18-83-45-5-99-96-6-94-13-58|53
4,12,1103.613,304.9336,173.0,228.2522,0,12,26.079331,26.106042,True,92-91-44-14-38-86-16-61-85-93|57-42-43-15-41-22-75-56-74-72-73-58|40-2-87-97-59-98-100-37-95|28-76-3-79-29-24-68-80-77-12|26-21-39-23-67-55-4-25-54|50-33-81-9-78-34-35-51-1|20-71-65-66-32-63-90-70|27-69-30-88-10-31|62-11-64-49-19-48-82-7-52|47-36-46-8-84-17-60-89|18-83-45-5-99-96-6-94-13|53
5,12,1103.613,304.9336,173.0,228.2522,0,12,26.079331,26.106042,True,92-91-44-14-38-86-16-61-85-93|57-42-43-15-41-22-75-56-74-72-73-58|40-2-87-97-59-98-100-37-95|28-76-3-79-29-24-68-80-77-12|26-21-39-23-67-55-4-25-54|50-33-81-9-78-34-35-51-1|20-71-65-66-32-63-90-70|27-69-30-88-10-31|62-11-64-49-19-48-82-7-52|47-36-46-8-84-17-60-89|18-83-45-5-99-96-6-94-13|53
6,12,1104.9353,333.4506,181.0,227.6573,0,12,30.356882,30.388977,True,92-37-91-44-14-38-86-16-61-85-93|57-42-43-15-41-22-75-56-74-72-73-21|40-2-87-97-98-100-59-95|76-3-79-29-24-68-80-77-28|12-54-39-23-67-55-4-25-26|50-33-81-9-78-34-35-51-1|20-71-65-66-32-63-90-70|47-36-46-8-84-17-60-89|18-83-45-5-99-96-6-94-13-58|27-69-30-88-10-31|62-11-64-49-19-48-82-7-52|53
7,12,1105.7567,295.4068,183.0,227.6573,0,12,24.650309,24.677144,True,92-98-91-44-14-38-86-16-61-85-93|57-42-43-15-41-22-75-56-74-73-58|40-2-87-97-100-37-59|26-12-76-3-79-29-24-68-80-77-28|21-72-39-23-67-55-4-25-54|50-33-81-9-78-34-35-51-1|20-71-65-66-32-63-90-70|27-69-30-88-10-31|62-11-64-49-19-48-82-7-52|47-36-46-8-84-17-60-89|18-83-45-5-99-96-6-94-95-13|53
8,12,1105.7567,295.4068,183.0,227.6573,0,12,24.650309,24.677144,True,92-98-91-44-14-38-86-16-61-85-93|57-42-43-15-41-22-75-56-74-73-58|40-2-87-97-100-37-59|26-12-76-3-79-29-24-68-80-77-28|21-72-39-23-67-55-4-25-54|50-33-81-9-78-34-35-51-1|20-71-65-66-32-63-90-70|27-69-30-88-10-31|62-11-64-49-19-48-82-7-52|47-36-46-8-84-17-60-89|18-83-45-5-99-96-6-94-95-13|53
9,12,1105.7845,333.9239,179.0,227.6573,0,12,30.427879,30.4601,True,95-92-91-44-14-38-86-16-61-93-94|57-42-43-15-41-22-75-56-74-72-73-21|40-2-87-97-37-98-100-85-59|76-3-79-29-24-68-80-77-28|12-54-39-23-67-55-4-25-26|50-33-81-9-78-34-35-51-1|20-71-65-66-32-63-90-70|27-69-30-88-10-31|62-11-64-49-19-48-82-7-52|47-36-46-8-84-17-60-89|18-83-45-5-99-96-6-13-58|53
10,12,1105.951,333.4362,163.0,227.6573,0,12,30.354715,30.385313,True,95-92-91-44-14-38-86-16-61-93-96|53|57-42-43-15-41-22-75-56-74-72-73-21|40-2-87-97-37-98-100-85-59|76-3-79-29-24-68-80-77-28|12-54-39-23-67-55-4-25-26|50-33-81-9-78-34-35-51-1|20-71-65-66-32-63-90-70|27-69-30-88-10-31|62-11-64-49-19-48-82-7-52|47-36-46-8-84-17-60-89|18-83-45-5-99-6-94-13-58
11,12,1105.951,333.4362,163.0,227.6573,0,12,30.354715,30.385313,True,95-92-91-44-14-38-86-16-61-93-96|53|57-42-43-15-41-22-75-56-74-72-73-21|40-2-87-97-37-98-100-85-59|76-3-79-29-24-68-80-77-28|12-54-39-23-67-55-4-25-26|50-33-81-9-78-34-35-51-1|20-71-65-66-32-63-90-70|27-69-30-88-10-31|62-11-64-49-19-48-82-7-52|47-36-46-8-84-17-60-89|18-83-45-5-99-6-94-13-58
12,12,1105.9985,323.3606,173.0,227.6573,0,12,28.843377,28.873478,True,92-85-91-44-14-38-86-16-61-93|53|57-42-43-15-41-22-75-56-74-72-73-21|40-2-87-97-59-98-100-37-95|76-3-79-29-24-68-80-77-28|12-54-39-23-67-55-4-25-26|50-33-81-9-78-34-35-51-1|20-71-65-66-32-63-90-70|27-69-30-88-10-31|62-11-64-49-19-48-82-7-52|47-36-46-8-84-17-60-89|18-83-45-5-99-96-6-94-13-58
13,12,1105.9985,323.3606,173.0,227.6573,0,12,28.843377,28.873478,True,92-85-91-44-14-38-86-16-61-93|53|57-42-43-15-41-22-75-56-74-72-73-21|40-2-87-97-59-98-100-37-95|76-3-79-29-24-68-80-77-28|12-54-39-23-67-55-4-25-26|50-33-81-9-78-34-35-51-1|20-71-65-66-32-63-90-70|27-69-30-88-10-31|62-11-64-49-19-48-82-7-52|47-36-46-8-84-17-60-89|18-83-45-5-99-96-6-94-13-58
14,12,1109.2869,307.3353,175.0,227.6573,0,12,26.439583,26.468466,True,92-85-91-44-14-38-86-16-17-61-93|53|57-42-43-15-41-22-75-56-74-72-73-21|40-2-87-97-37-98-100-59-95|76-3-79-29-24-68-80-77-28|12-54-39-23-67-55-4-25-26|50-33-81-9-78-34-35-51-1|20-71-65-66-32-63-90-70|27-69-30-88-10-31|62-11-64-49-19-48-82-7-52|47-36-46-8-84-60-89|18-83-45-5-99-96-6-94-13-58
15,12,1109.2869,307.3353,175.0,227.6573,0,12,26.439583,26.468466,True,92-85-91-44-14-38-86-16-17-61-93|53|57-42-43-15-41-22-75-56-74-72-73-21|40-2-87-97-37-98-100-59-95|76-3-79-29-24-68-80-77-28|12-54-39-23-67-55-4-25-26|50-33-81-9-78-34-35-51-1|20-71-65-66-32-63-90-70|27-69-30-88-10-31|62-11-64-49-19-48-82-7-52|47-36-46-8-84-60-89|18-83-45-5-99-96-6-94-13-58
16,12,1109.5577,287.3157,181.0,229.2641,0,12,23.436647,23.46345,True,92-37-91-44-14-38-86-16-61-85-93|97-42-43-15-41-22-75-56-74-72-73-21|40-2-87-57|76-3-79-29-24-68-80-77-28|12-54-39-23-67-55-4-25-26|50-33-81-9-78-34-35-51-1|20-71-65-66-32-63-90-70|27-69-30-88-10-31|52-7-62-11-64-49-19-48-82-18-89|47-36-46-8-84-17-100-98-59|60-83-45-5-99-96-6-94-95-13-58|53
17,12,1112.6743,291.4674,178.0,229.1055,0,12,24.059395,24.087431,True,92-98-91-44-14-38-86-16-61-85-100|57-42-43-15-41-22-75-56-74-72-73-21|40-2-87-97-37-95-13-58|12-54-39-23-67-55-4-25-26|50-33-81-9-78-34-35-51-1|20-71-65-66-32-63-90-70|47-36-46-8-84-17-93-59-89|60-83-45-5-99-96-6-94|27-69-30-88-10-31|76-3-79-29-24-68-80-77-28|52-62-11-64-49-19-48-82-7-18|53
18,12,1112.6743,291.4674,178.0,229.1055,0,12,24.059395,24.087431,True,92-98-91-44-14-38-86-16-61-85-100|57-42-43-15-41-22-75-56-74-72-73-21|40-2-87-97-37-95-13-58|12-54-39-23-67-55-4-25-26|50-33-81-9-78-34-35-51-1|20-71-65-66-32-63-90-70|47-36-46-8-84-17-93-59-89|60-83-45-5-99-96-6-94|27-69-30-88-10-31|76-3-79-29-24-68-80-77-28|52-62-11-64-49-19-48-82-7-18|53
19,12,1112.9794,333.376,183.0,226.7704,0,12,30.345691,30.380255,True,92-98-91-44-14-38-86-16-61-85-93|57-42-43-15-41-22-75-56-74-72-73-21|40-2-87-97-37-100-59-95|12-54-39-23-67-55-4-25-26|50-33-81-9-78-34-35-51-1|20-71-65-66-32-90-70|47-36-46-8-84-17-60-89|18-83-45-5-99-96-6-94-13-58|27-69-30-88-63-10-31|76-3-79-29-24-68-80-77-28|62-11-64-49-19-48-82-7-52|53
20,12,1113.2611,303.3611,181.0,228.6146,0,12,25.843461,25.873684,True,92-37-91-44-14-38-86-16-61-85-93|57-42-43-15-41-22-56-74-72-73-21-58|40-2-87-97-98-100-59-95|27-28-76-3-79-29-24-68-80-77-12|26-75-39-23-67-55-4-25-54|50-33-81-9-78-34-35-51-1|20-71-65-66-32-63-90-70|69-88-30-10-31|62-11-64-49-19-48-82-7-52|47-36-46-8-84-17-60-89|18-83-45-5-99-96-6-94-13|53
21,12,1113.7819,298.3373,181.0,228.2522,0,12,25.089883,25.119454,True,92-37-91-44-14-38-86-16-61-85-93|57-42-43-15-41-22-75-56-74-72-73-58|40-87-2-97-98-100-59-95|28-76-3-79-29-24-68-80-77-12|26-21-39-23-67-55-4-25-54|50-33-81-9-78-34-35-51-1|20-71-65-66-32-63-90-70|27-69-30-88-10-31|62-11-64-49-19-48-82-7-52|47-36-46-8-84-17-60-89|18-83-45-5-99-96-6-94-13|53
22,12,1113.7819,298.3373,181.0,228.2522,0,12,25.089883,25.119454,True,92-37-91-44-14-38-86-16-61-85-93|57-42-43-15-41-22-75-56-74-72-73-58|40-87-2-97-98-100-59-95|28-76-3-79-29-24-68-80-77-12|26-21-39-23-67-55-4-25-54|50-33-81-9-78-34-35-51-1|20-71-65-66-32-63-90-70|27-69-30-88-10-31|62-11-64-49-19-48-82-7-52|47-36-46-8-84-17-60-89|18-83-45-5-99-96-6-94-13|53
23,12,1115.3008,326.7485,168.0,227.9597,0,12,29.351566,29.384511,True,92-37-14-44-38-86-16-61-91-100-93-96|53|57-42-43-15-41-22-75-56-74-72-73-21|40-2-87-97-98-59-95|76-3-79-29-24-68-80-77-28|12-54-39-23-67-55-4-25-26|50-33-81-9-78-34-35-51-1|20-71-65-66-32-63-90-70|27-69-30-88-10-31|62-11-64-49-19-48-82-7-52|47-36-46-8-84-17-83-60-89|18-45-5-85-99-6-94-13-58
24,12,1116.4733,320.3921,167.0,228.2684,0,12,28.398108,28.430397,True,92-37-14-44-38-86-16-61-91-100-98-93|53|57-42-43-15-41-22-75-56-74-72-73-21|40-2-87-97-85-96-95|76-3-79-29-24-68-80-77-28|12-54-39-23-67-55-4-25-26|50-33-81-9-78-34-35-51-1|20-71-65-66-32-63-90-70|27-69-30-88-10-31|62-11-64-49-19-48-82-7-52|47-36-46-8-84-17-60-89|18-83-45-5-99-59-6-94-13-58
25,12,1116.5153,315.8137,183.0,226.7704,0,12,27.71134,27.744331,True,92-98-91-44-14-38-86-16-61-85-93|53|57-42-43-15-41-22-75-56-74-72-73-21|40-2-87-97-37-100-59-95|69-76-3-79-29-24-68-80-77-28|12-54-39-23-67-55-4-25-26|1-50-33-81-9-78-34-35-20-70|51-71-65-66-32-90-63-31|27-88-30-10|62-11-64-49-47-48-82-7-52|19-36-46-8-84-17-60-89|18-83-45-5-99-96-6-94-13-58
26,12,1118.3508,311.6778,183.0,226.7704,0,12,27.090968,27.123888,True,92-98-91-44-14-38-86-16-61-85-93|57-42-43-15-41-22-75-56-74-72-73-21|40-2-87-97-37-100-59-95|12-54-39-23-67-55-4-25-26|1-30-9-78-34-35-81-51|33-71-65-66-20-32-90-70|47-36-46-8-84-17-60-89|18-83-45-5-99-96-6-94-13-58|50-76-3-79-29-24-68-80-77-28|31-62-11-64-49-19-48-82-7-52|27-69-88-63-10|53
27,12,1118.3508,311.6778,183.0,226.7704,0,12,27.090968,27.123888,True,92-98-91-44-14-38-86-16-61-85-93|57-42-43-15-41-22-75-56-74-72-73-21|40-2-87-97-37-100-59-95|12-54-39-23-67-55-4-25-26|1-30-9-78-34-35-81-51|33-71-65-66-20-32-90-70|47-36-46-8-84-17-60-89|18-83-45-5-99-96-6-94-13-58|50-76-3-79-29-24-68-80-77-28|31-62-11-64-49-19-48-82-7-52|27-69-88-63-10|53
28,12,1119.7013,304.3679,166.0,227.6573,0,12,25.994477,26.02514,True,92-91-44-14-38-86-16-61-13-58|57-42-43-15-41-22-75-56-74-72-73-21|40-2-87-97-37-98-100-85-93|76-3-79-29-24-68-80-77-28|12-54-39-23-67-55-4-25-26|50-33-81-9-78-34-35-51-1|20-71-65-66-32-63-90-70|27-69-30-88-10-31|7-62-11-64-49-19-47-48-82-52|45-36-46-8-83-60-18|94-95-59-96-99-6-84-17-5-89|53
29,12,1121.3186,292.477,180.0,228.2522,0,12,24.210836,24.24169,True,95-92-91-44-14-38-86-16-61-100-93-96|57-42-43-15-41-22-75-56-74-72-73-58|40-2-87-37-98-97-13|28-76-3-79-29-24-68-80-77-12|26-21-39-23-67-55-4-25-54|50-33-81-9-78-34-35-51-1|20-71-65-66-32-63-90-70|27-69-30-88-10-31|62-11-64-49-19-48-82-7-52|47-36-46-8-84-17-85-60|18-83-45-5-99-59-6-94-89|53
30,12,1121.8685,304.3668,173.0,227.6573,0,12,25.994313,26.026326,True,57-42-43-15-41-22-75-56-74-72-73-21|40-2-87-97-95-96|12-54-39-23-67-55-4-25-26|50-33-81-9-78-34-35-51-1|20-71-65-66-32-63-90-70|47-36-46-8-84-86-17-60-89|18-83-45-5-99-59-6-94-13-58|27-69-30-88-10-31|76-3-79-29-24-68-80-77-28|62-11-64-49-19-48-82-7-52|53|92-85-61-16-44-38-14-37-98-100-91-93
31,11,1121.9465,231.1691,103.0,229.1055,0,11,15.01466,15.028634,True,92-91-44-14-38-86-16-61-85-93-96|57-42-43-15-41-22-75-56-74-72-21-58|40-2-87-97-37-98-100-59-95|28-76-3-79-29-24-68-80-77-12|26-73-39-23-67-55-4-25-54|50-33-81-9-78-34-35-51-1|20-71-65-66-32-63-90-70|27-69-30-88-10-31|52-62-11-64-49-19-48-82-7-18|47-36-46-8-84-17-5-60-89|83-45-99-6-53-13-94
32,12,1122.518,276.4517,180.0,228.2522,0,12,21.807042,21.835851,True,95-92-91-44-14-38-86-16-61-100-93-96|57-42-43-15-41-22-75-56-74-72-73-58|40-2-87-37-98-97-13-94|28-76-3-79-29-24-68-80-77-12|26-21-39-23-67-55-4-25-54|50-33-81-9-78-34-35-51-1|20-71-65-66-32-63-90-70|27-69-30-88-10-31|62-11-64-49-19-48-82-7-52|47-36-46-8-84-85-17-60-89|18-83-45-5-99-59-6|53
33,12,1122.833,283.0062,86.0,227.6573,0,12,22.790226,22.810624,True,92-91-44-14-38-86-16-61-13-58|57-42-43-15-41-22-75-56-74-72-73-21|40-2-87-97-37-98-100-85-93|76-3-79-29-24-68-80-77-28|12-54-39-23-67-55-4-25-26|50-33-81-9-78-34-35-51-1|20-71-65-66-32-63-90-70|27-69-30-88-10-31|62-11-64-49-19-7-52|48-47-36-46-8-82-18|94-95-59-96-99-6-53|60-83-45-84-17-5-89
34,12,1122.833,283.0062,86.0,227.6573,0,12,22.790226,22.810624,True,92-91-44-14-38-86-16-61-13-58|57-42-43-15-41-22-75-56-74-72-73-21|40-2-87-97-37-98-100-85-93|76-3-79-29-24-68-80-77-28|12-54-39-23-67-55-4-25-26|50-33-81-9-78-34-35-51-1|20-71-65-66-32-63-90-70|27-69-30-88-10-31|62-11-64-49-19-7-52|48-47-36-46-8-82-18|94-95-59-96-99-6-53|60-83-45-84-17-5-89
35,11,1123.732,235.0347,118.0,227.6573,0,11,15.594493,15.610865,True,92-98-91-44-14-38-86-16-61-85-93|57-42-43-15-41-22-75-56-74-72-73-21|40-2-87-97-95-37-100-59-94|27-76-3-79-29-24-68-80-77-28|12-54-39-23-67-55-4-25-26|50-33-81-9-78-34-35-51-1|20-71-65-66-32-63-90-70|69-88-30-10-31|52-7-62-11-64-49-19-48-82-18-89|47-36-46-8-84-17-5-60-96|83-45-99-6-53-13-58
36,11,1124.309,229.089,97.0,227.6573,0,11,14.70264,14.716193,True,95-92-91-44-14-38-86-16-61-93-96|57-42-43-15-41-22-75-56-74-72-73-21|40-2-87-97-37-98-100-85-59|12-54-39-23-67-55-4-25-26|50-33-81-9-78-34-35-51-1|20-71-65-66-32-63-90-70|47-36-46-8-84-17-83-60-89|45-5-99-6-53-94-13-58|27-69-30-88-10-31|76-3-79-29-24-68-80-77-28|7-62-11-64-49-19-48-82-18-52
37,11,1124.309,229.089,97.0,227.6573,0,11,14.70264,14.716193,True,95-92-91-44-14-38-86-16-61-93-96|57-42-43-15-41-22-75-56-74-72-73-21|40-2-87-97-37-98-100-85-59|12-54-39-23-67-55-4-25-26|50-33-81-9-78-34-35-51-1|20-71-65-66-32-63-90-70|47-36-46-8-84-17-83-60-89|45-5-99-6-53-94-13-58|27-69-30-88-10-31|76-3-79-29-24-68-80-77-28|7-62-11-64-49-19-48-82-18-52
38,12,1126.0052,279.834,87.0,227.6573,0,12,22.314398,22.335372,True,92-91-44-14-38-86-16-61-13-58|57-42-43-15-41-22-75-56-74-72-73-21|40-2-87-97-37-98-100-85-93|27-76-3-79-29-24-68-80-77-28|12-54-39-23-67-55-4-25-26|50-33-81-9-78-34-35-51-1|20-71-65-66-32-63-90-70|69-88-30-10-31|62-11-64-49-19-7-52|48-47-36-46-8-82-18|94-95-59-96-99-6-53|60-83-45-84-17-5-89
39,11,1127.9845,224.9991,102.0,227.6573,0,11,14.089156,14.103698,True,92-98-91-44-14-38-86-16-61-85-93|57-42-43-15-41-22-75-56-74-72-73-21|40-2-87-97-95-37-100-59-96|76-3-79-29-24-68-80-77-28|12-54-39-23-67-55-4-25-26|50-33-81-9-78-34-35-51-1|20-71-65-66-32-63-90-70|27-69-30-88-10-31|18-62-11-64-49-19-48-82-7-52|47-36-46-8-84-17-5-60-89|83-45-99-6-53-94-13-58
40,11,1128.0473,214.893,102.0,227.6573,0,11,12.573247,12.586292,True,92-98-91-44-14-38-86-16-61-85-93|57-42-43-15-41-22-75-56-74-72-73-21|40-2-87-97-95-37-100-59-96|28-76-3-79-29-24-68-80-77|12-54-39-23-67-55-4-25-26|50-33-81-9-78-34-35-51-1|20-71-65-66-32-63-90-70|27-69-30-88-10-31|18-62-11-64-49-19-48-82-7-52|47-36-46-8-84-17-5-60-89|83-45-99-6-53-94-13-58
41,11,1128.0473,214.893,102.0,227.6573,0,11,12.573247,12.586292,True,92-98-91-44-14-38-86-16-61-85-93|57-42-43-15-41-22-75-56-74-72-73-21|40-2-87-97-95-37-100-59-96|28-76-3-79-29-24-68-80-77|12-54-39-23-67-55-4-25-26|50-33-81-9-78-34-35-51-1|20-71-65-66-32-63-90-70|27-69-30-88-10-31|18-62-11-64-49-19-48-82-7-52|47-36-46-8-84-17-5-60-89|83-45-99-6-53-94-13-58
42,12,1129.0236,330.0601,152.0,226.7905,0,12,29.848308,29.884091,True,92-91-44-14-38-86-16-61-13-58|57-42-43-15-41-22-75-56-74-72-73-21|40-2-87-97-37-98-100-85-93|27-76-3-79-29-24-68-80-77-28|50-33-81-9-78-34-35-51-1|62-11-64-49-19-47-48-7-52|69-88-30-10-63-90-32-31|26-54-39-23-67-55-4-25-12|18-45-5-99-59-96-6-94-95|71-65-66-20-70|82-36-46-8-84-17-83-60-89|53
43,12,1130.5223,324.003,154.0,226.7905,0,12,28.939737,28.975261,True,92-91-44-14-38-86-16-61-13-58|57-42-43-15-41-22-75-56-74-72-73-21|40-2-87-97-37-98-100-85-93|27-12-76-3-79-29-24-68-80-77-28|50-33-81-9-78-34-35-51-1|62-11-64-49-19-47-48-7-52|69-88-30-10-63-90-32-31|26-39-23-67-55-4-25-54|18-45-5-99-59-96-6-94-95|71-65-66-20-70|82-36-46-8-84-17-83-60-89|53
44,11,1131.1935,228.4072,87.0,228.7028,0,11,14.600369,14.615042,True,92-91-44-14-38-86-16-61-13-58|57-42-43-15-41-22-75-56-74-72-73-21|40-2-87-97-37-98-100-85-93|76-3-79-29-24-68-80-77-28|12-54-39-23-67-55-4-25-26|50-33-81-9-78-34-35-51-1|20-71-65-66-32-63-90-70|31-62-11-64-49-19-47-46-52|94-95-59-96-99-6-53|27-69-30-88-10-7-48-82-18-89|45-36-8-84-17-5-83-60
45,11,1131.1935,228.4072,87.0,228.7028,0,11,14.600369,14.615042,True,92-91-44-14-38-86-16-61-13-58|57-42-43-15-41-22-75-56-74-72-73-21|40-2-87-97-37-98-100-85-93|76-3-79-29-24-68-80-77-28|12-54-39-23-67-55-4-25-26|50-33-81-9-78-34-35-51-1|20-71-65-66-32-63-90-70|31-62-11-64-49-19-47-46-52|94-95-59-96-99-6-53|27-69-30-88-10-7-48-82-18-89|45-36-8-84-17-5-83-60
46,12,1132.547,278.299,91.0,227.6573,0,12,22.084141,22.107247,True,92-91-44-14-38-86-16-61-13-58|57-42-43-15-41-22-75-56-74-72-73-21|40-2-87-97-37-98-100-85-93|76-3-79-29-24-68-80-77-28|12-54-39-23-67-55-4-25-26|50-33-51-9-78-34-35-81-1|20-71-65-66-32-63-90-70|27-69-30-88-10-31|62-11-64-49-19-48-52|7-47-36-46-8-82-18|94-95-59-96-99-6-53|60-83-45-84-17-5-89
47,12,1133.3445,294.5857,114.0,226.7704,0,12,24.52715,24.555105,True,98-91-44-14-38-86-16-61-13-58|57-42-43-15-41-22-75-56-74-72-73-21|40-2-87-97-37-100-85-93|76-79-78-29-24-68-80-77-28|12-54-39-23-67-55-4-25-26|1-50-33-81-9-35-34-3|51-71-65-66-20-32-90-70|27-69-30-88-63-10-31|62-11-64-49-19-48-82-52|7-47-36-46-8-18|94-95-92-59-96-99-6-53|60-83-45-84-17-5-89
48,12,1134.1041,298.1221,94.0,226.7704,0,12,25.057601,25.084315,True,92-91-44-14-38-86-16-61-13-58|57-42-43-15-41-22-75-56-74-72-73-21|40-2-87-97-37-98-100-85-93|27-12-76-3-79-29-24-68-80-77-28|50-33-81-9-78-34-35-51-1|62-11-64-49-19-7-52|48-47-36-46-8-82-18|94-95-59-96-99-6-53|69-88-30-10-63-90-32-31|26-39-23-67-55-4-25-54|71-65-66-20-70|60-83-45-84-17-5-89
49,12,1134.188,279.1538,114.0,226.7704,0,12,22.212356,22.23825,True,98-91-44-14-38-86-16-61-13-58|57-42-43-15-41-22-75-56-74-72-73-21|40-2-87-97-37-100-85-93|27-76-3-79-29-24-68-80-77-28|12-54-39-23-67-55-4-25-26|50-33-81-9-78-34-35-51-1|20-71-65-66-32-90-70|69-88-30-63-10-31|62-11-64-49-19-48-82-52|7-47-36-46-8-18|94-95-92-59-96-99-6-53|60-83-45-84-17-5-89
50,12,1134.188,279.1538,114.0,226.7704,0,12,22.212356,22.23825,True,98-91-44-14-38-86-16-61-13-58|57-42-43-15-41-22-75-56-74-72-73-21|40-2-87-97-37-100-85-93|27-76-3-79-29-24-68-80-77-28|12-54-39-23-67-55-4-25-26|50-33-81-9-78-34-35-51-1|20-71-65-66-32-90-70|69-88-30-63-10-31|62-11-64-49-19-48-82-52|7-47-36-46-8-18|94-95-92-59-96-99-6-53|60-83-45-84-17-5-89
51,12,1135.1641,304.1792,92.0,226.7704,0,12,25.966173,25.993913,True,92-91-44-14-38-86-16-61-13-58|57-42-43-15-41-22-75-56-74-72-73-21|40-2-87-97-37-98-100-85-93|27-76-3-79-29-24-68-80-77-28|12-54-39-23-67-55-4-25-26|50-33-81-9-78-34-35-51-1|7-47-36-46-8-82-18|94-95-59-96-99-6-53|69-88-30-10-63-90-32-31|71-65-66-20-70|62-11-64-49-19-48-52|60-83-45-84-17-5-89
52,12,1135.1641,304.1792,92.0,226.7704,0,12,25.966173,25.993913,True,92-91-44-14-38-86-16-61-13-58|57-42-43-15-41-22-75-56-74-72-73-21|40-2-87-97-37-98-100-85-93|27-76-3-79-29-24-68-80-77-28|12-54-39-23-67-55-4-25-26|50-33-81-9-78-34-35-51-1|7-47-36-46-8-82-18|94-95-59-96-99-6-53|69-88-30-10-63-90-32-31|71-65-66-20-70|62-11-64-49-19-48-52|60-83-45-84-17-5-89
53,12,1136.9109,269.1087,76.0,228.2522,0,12,20.705597,20.727222,True,92-91-44-14-38-86-16-61-13-58|57-42-43-15-41-22-75-56-74-72-73-21|40-2-87-97-37-98-100-85-93|28-76-3-79-29-24-68-80-77-12|26-39-23-67-55-4-25-54|50-33-81-9-78-34-35-51-1|20-71-65-66-32-63-90-70|27-69-30-88-10-31|62-11-64-49-19-7-52|48-47-36-46-8-82-18|94-95-59-96-6-53|60-83-45-99-84-17-5-89
54,12,1136.9109,269.1087,76.0,228.2522,0,12,20.705597,20.727222,True,92-91-44-14-38-86-16-61-13-58|57-42-43-15-41-22-75-56-74-72-73-21|40-2-87-97-37-98-100-85-93|28-76-3-79-29-24-68-80-77-12|26-39-23-67-55-4-25-54|50-33-81-9-78-34-35-51-1|20-71-65-66-32-63-90-70|27-69-30-88-10-31|62-11-64-49-19-7-52|48-47-36-46-8-82-18|94-95-59-96-6-53|60-83-45-99-84-17-5-89
55,12,1138.2536,287.1542,94.0,224.8117,0,12,23.412428,23.438447,True,42-14-44-38-86-16-61-91-13-58|57-43-15-41-22-75-56-74-72-73-21|40-2-87-97-37-98-100-85-93|76-3-79-29-24-68-80-77-28|12-54-39-23-67-55-4-25-26|27-50-81-9-78-34-35-51-1|33-71-65-66-20-32-90-70|69-88-30-63-10-31|62-11-64-49-19-48-82-52|7-47-36-46-8-18-89|94-95-92-59-99-6-53|60-83-45-84-17-5-96
56,12,1138.2536,287.1542,94.0,224.8117,0,12,23.412428,23.438447,True,42-14-44-38-86-16-61-91-13-58|57-43-15-41-22-75-56-74-72-73-21|40-2-87-97-37-98-100-85-93|76-3-79-29-24-68-80-77-28|12-54-39-23-67-55-4-25-26|27-50-81-9-78-34-35-51-1|33-71-65-66-20-32-90-70|69-88-30-63-10-31|62-11-64-49-19-48-82-52|7-47-36-46-8-18-89|94-95-92-59-99-6-53|60-83-45-84-17-5-96
57,12,1138.5689,266.8673,77.0,227.6573,0,12,20.369381,20.391179,True,92-91-44-14-38-86-16-61-13-58|57-42-43-15-41-22-75-56-74-72-73-21|40-2-87-97-37-98-100-85-93|76-3-79-29-24-68-80-77-28|12-54-39-23-67-55-4-25-26|50-33-81-9-78-34-35-51-1|20-71-65-66-32-63-90-70|27-69-30-88-10-31|62-11-64-49-19-7-52|48-47-36-46-8-82-18|94-95-59-96-6-53|60-83-45-99-84-17-5-89
58,12,1138.5689,266.8673,77.0,227.6573,0,12,20.369381,20.391179,True,92-91-44-14-38-86-16-61-13-58|57-42-43-15-41-22-75-56-74-72-73-21|40-2-87-97-37-98-100-85-93|76-3-79-29-24-68-80-77-28|12-54-39-23-67-55-4-25-26|50-33-81-9-78-34-35-51-1|20-71-65-66-32-63-90-70|27-69-30-88-10-31|62-11-64-49-19-7-52|48-47-36-46-8-82-18|94-95-59-96-6-53|60-83-45-99-84-17-5-89
59,12,1141.5016,320.6719,71.0,227.6573,0,12,28.440081,28.470229,True,92-91-44-14-38-86-16-61-13-58|57-42-43-15-41-22-75-56-74-72-73-21|40-2-87-97-37-100-98-93|76-3-79-29-24-68-80-77-28|12-54-39-23-67-55-4-25-26|50-33-81-9-78-34-35-51-1|20-71-65-66-32-63-90-70|27-69-30-88-10-31|62-11-64-49-19-7-52|48-47-36-46-8-82-18|53-6-96-59-95-94|60-83-45-99-85-84-17-5-89
60,12,1141.5016,320.6719,71.0,227.6573,0,12,28.440081,28.470229,True,92-91-44-14-38-86-16-61-13-58|57-42-43-15-41-22-75-56-74-72-73-21|40-2-87-97-37-100-98-93|76-3-79-29-24-68-80-77-28|12-54-39-23-67-55-4-25-26|50-33-81-9-78-34-35-51-1|20-71-65-66-32-63-90-70|27-69-30-88-10-31|62-11-64-49-19-7-52|48-47-36-46-8-82-18|53-6-96-59-95-94|60-83-45-99-85-84-17-5-89
61,12,1141.6835,284.1814,107.0,227.0246,0,12,22.966508,22.994742,True,92-98-91-44-38-86-16-61-96-13-58|57-42-43-15-41-22-75-56-74-72-73-21|40-2-87-37-14-100-85-93|76-3-79-29-24-68-80-77-28|12-54-39-23-67-55-4-25-26|27-1-51-9-78-34-35-81-50|33-71-65-66-20-32-90-70|69-88-30-63-10-31|62-11-64-49-19-48-82-52|7-47-36-46-8-18|94-95-97-59-99-6-53|60-83-45-84-17-5-89
62,12,1143.4962,251.1911,83.0,227.6573,0,12,18.017951,18.039476,True,92-91-44-14-38-86-16-61-13-58|57-42-43-15-41-22-75-56-74-72-73-21|40-2-87-97-37-98-100-85-93|76-3-79-29-24-68-80-77-28|12-54-39-23-67-55-4-25-26|50-33-81-9-78-34-35-51-1|20-71-65-66-32-63-90-70|27-69-30-88-10-31|62-11-64-49-19-7-52|48-47-36-46-8-82-18|94-95-59-99-96-53|89-83-45-60-6-84-17-5
63,12,1143.4962,251.1911,83.0,227.6573,0,12,18.017951,18.039476,True,92-91-44-14-38-86-16-61-13-58|57-42-43-15-41-22-75-56-74-72-73-21|40-2-87-97-37-98-100-85-93|76-3-79-29-24-68-80-77-28|12-54-39-23-67-55-4-25-26|50-33-81-9-78-34-35-51-1|20-71-65-66-32-63-90-70|27-69-30-88-10-31|62-11-64-49-19-7-52|48-47-36-46-8-82-18|94-95-59-99-96-53|89-83-45-60-6-84-17-5
64,11,1145.2754,209.6802,102.0,228.5261,0,11,11.791324,11.808886,True,92-98-91-44-14-38-86-16-61-85-93|57-42-43-15-41-22-75-56-74-72-73-21|40-2-87-97-95-59-100-37-58|76-3-79-29-24-68-80|12-54-39-23-67-55-4-25-26|1-50-33-51-9-78-34-35-81-77-28|20-71-65-66-32-63-90-70|27-69-30-88-10-31|62-11-64-49-19-48-82-7-52|47-36-46-8-84-5-17-83-60-96|18-45-99-6-53-13-94-89
65,11,1145.339,202.8682,102.0,228.6914,0,11,10.769515,10.786099,True,92-98-91-44-14-38-86-16-61-85-93|57-42-43-15-41-22-75-56-74-72-73-21|40-2-87-97-95-37-100-59-96|26-39-23-67-55-4-25-54|50-33-76-3-79-78-34-35-81-77-28|20-71-65-66-32-63-90-70|27-69-30-88-10-31|18-62-11-64-49-19-48-82-7-52|47-36-46-8-84-17-5-60-89|83-45-99-6-53-94-13-58|1-51-9-29-24-68-80-12
66,11,1145.339,202.8682,102.0,228.6914,0,11,10.769515,10.786099,True,92-98-91-44-14-38-86-16-61-85-93|57-42-43-15-41-22-75-56-74-72-73-21|40-2-87-97-95-37-100-59-96|26-39-23-67-55-4-25-54|50-33-76-3-79-78-34-35-81-77-28|20-71-65-66-32-63-90-70|27-69-30-88-10-31|18-62-11-64-49-19-48-82-7-52|47-36-46-8-84-17-5-60-89|83-45-99-6-53-94-13-58|1-51-9-29-24-68-80-12
67,12,1147.2651,245.6607,96.0,227.6573,0,12,17.188391,17.211517,True,92-14-44-38-86-16-61-91-13-58|57-42-43-15-41-22-75-56-74-72-73-21|40-2-87-97-37-98-100-85-93|76-3-79-29-24-68-80-77-28|12-54-39-23-67-55-4-25-26|50-33-81-9-78-34-35-51-1|20-71-65-66-32-63-90-70|27-69-30-88-10-31|62-11-64-49-19-48-7-52|82-47-36-46-8-18|94-95-59-99-96-53|89-83-45-60-6-84-17-5
68,12,1147.7637,286.2257,90.0,226.7704,0,12,23.273142,23.301769,True,92-91-44-14-38-86-16-61-13-58|57-42-43-15-41-22-75-56-74-72-73-21|40-2-87-97-37-98-100-85-93|76-3-79-29-24-68-80-77-28|12-54-39-23-67-55-4-25-26|50-33-81-78-34-35-51-1|20-65-71-9-66-32-63-70|27-69-30-88-90-10-31|62-11-64-49-19-48-52|7-47-36-46-8-82-18-89|94-95-59-99-6-53|60-83-45-84-17-5-96
69,12,1147.7637,286.2257,90.0,226.7704,0,12,23.273142,23.301769,True,92-91-44-14-38-86-16-61-13-58|57-42-43-15-41-22-75-56-74-72-73-21|40-2-87-97-37-98-100-85-93|76-3-79-29-24-68-80-77-28|12-54-39-23-67-55-4-25-26|50-33-81-78-34-35-51-1|20-65-71-9-66-32-63-70|27-69-30-88-90-10-31|62-11-64-49-19-48-52|7-47-36-46-8-82-18-89|94-95-59-99-6-53|60-83-45-84-17-5-96
70,12,1148.581,247.12,90.0,227.6573,0,12,17.407287,17.430426,True,92-91-44-14-38-86-16-61-13-58|57-42-43-15-41-22-75-56-74-72-73-21|40-2-87-97-37-98-100-85-93|12-76-3-79-29-24-68-80-77-28|26-39-23-67-55-4-25-54|50-33-81-9-78-34-35-51-1|20-71-65-66-32-63-90-70|27-69-30-88-10-31|62-11-64-49-19-48-52|7-47-36-46-8-82-18|94-95-59-99-96-53|89-83-45-60-6-84-17-5
71,11,1150.14,208.7034,100.0,227.6573,0,11,11.644803,11.663348,True,92-37-91-44-14-38-86-16-61-85-93|94-42-43-15-41-22-75-56-74-72-73-21|40-2-87-57-97-100-59-96|76-3-79-29-24-68-80-77-28|12-54-39-23-67-55-4-25-26|50-33-81-9-78-34-35-51-1|20-71-65-66-32-63-90-70|27-69-30-88-10-31|18-62-11-64-49-19-48-82-7-52|47-36-46-8-84-17-5-60-89|83-45-99-6-53-95-98-13-58
72,12,1152.1841,244.636,95.0,227.8233,0,12,17.034692,17.059064,True,92-91-44-14-38-86-16-61-13|42-43-15-41-22-56-4-74-72-73-58|57-21-40-2-87-97-37-98-100-85-93|76-3-79-29-24-68-80-77-28|26-75-39-23-67-55-25-54-12|50-33-81-9-78-34-35-51-1|20-71-65-66-32-63-90-70|27-69-30-88-10-31|62-11-64-49-19-48-52|7-47-36-46-8-82-18|94-95-59-96-99-6-53|60-83-45-84-17-5-89
73,12,1152.3905,246.9574,91.0,227.6573,0,12,17.382895,17.407253,True,92-91-44-14-38-86-16-61-13-58|57-42-43-15-41-22-75-56-74-72-73-21|40-2-87-97-37-98-100-85-93|76-3-79-29-24-68-80-77-28|12-54-39-23-67-55-4-25-26|50-33-81-9-78-34-35-51-1|20-71-65-66-32-63-90-70|27-69-30-88-10-31|62-11-64-49-19-48-52|7-47-36-46-8-82-18|94-95-59-96-99-53|60-83-45-6-84-17-5-89
74,12,1152.6226,246.853,90.0,228.2522,0,12,17.367239,17.39164,True,92-91-44-14-38-86-16-61-13-58|57-42-43-15-41-22-75-56-74-72-73-21|40-2-87-97-37-98-100-85-93|27-76-3-79-29-24-68-80-77-12|26-39-23-67-55-4-25-54|28-50-33-81-9-78-34-35-51-1|20-71-65-66-32-63-90-70|69-88-30-10-31|62-11-64-49-19-48-52|7-47-36-46-8-82-18|94-95-59-99-96-53|60-83-45-5-6-84-17-89
75,12,1154.1272,249.8816,107.0,226.7704,0,12,17.821535,17.84832,True,92-91-44-14-38-86-16-61-13-58|57-42-43-15-41-22-75-56-74-72-73-21|40-2-87-97-37-98-100-85-93|76-3-79-29-24-68-80-77-28|12-54-39-23-67-55-4-25-26|50-33-81-9-78-34-35-51-1|20-71-65-66-32-90-70|27-69-30-88-63-10-31|62-11-64-49-19-48-82-52|7-47-36-46-8-18|94-95-59-99-96-53|89-83-45-60-6-84-17-5
76,11,1154.2011,208.88,98.0,227.6573,0,11,12.03604,12.055629,True,95-92-61-16-44-38-86-14-100-93-96|57-42-43-15-41-22-75-56-74-72-73-21|40-2-87-97-37-91-85-59-94|76-3-79-29-24-68-80-77-28|12-54-39-23-67-55-4-25-26|50-33-81-9-78-34-35-51-1|20-71-65-66-32-63-90-70|27-69-30-88-10-31|18-62-11-64-49-19-48-82-7-52|47-36-46-8-84-17-5-60-89|83-45-99-6-53-98-13-58
77,11,1154.2011,208.88,98.0,227.6573,0,11,12.03604,12.055629,True,95-92-61-16-44-38-86-14-100-93-96|57-42-43-15-41-22-75-56-74-72-73-21|40-2-87-97-37-91-85-59-94|76-3-79-29-24-68-80-77-28|12-54-39-23-67-55-4-25-26|50-33-81-9-78-34-35-51-1|20-71-65-66-32-63-90-70|27-69-30-88-10-31|18-62-11-64-49-19-48-82-7-52|47-36-46-8-84-17-5-60-89|83-45-99-6-53-98-13-58
78,12,1154.7023,240.9987,94.0,227.6573,0,12,16.489098,16.513556,True,92-91-44-14-38-86-16-61-13-58|57-42-43-15-41-22-75-56-74-72-73-21|26-40-2-87-97-37-98-100-85-93|76-3-79-29-24-68-80-77-28|12-39-23-67-55-4-25-54|50-33-81-9-78-34-35-51-1|20-71-65-66-32-63-90-70|27-69-30-88-10-31|62-11-64-49-19-48-52|7-47-36-46-8-82-18|94-95-59-99-96-53|89-83-45-60-6-84-17-5
79,12,1154.7851,252.69,90.0,226.7704,0,12,18.242787,18.26849,True,92-91-44-14-38-86-16-61-13-58|57-42-43-15-41-22-75-56-74-72-73-21|40-2-87-97-37-98-100-85-93|76-3-79-29-24-68-80-12|54-39-23-67-55-4-25-26|1-50-33-81-78-9-35-34-77-28|51-71-65-66-20-32-90-70|27-69-30-88-63-10-31|62-11-64-49-19-48-52|7-47-36-46-8-82-18|94-95-59-99-96-53|89-83-45-60-6-84-17-5
80,12,1154.7851,252.69,90.0,226.7704,0,12,18.242787,18.26849,True,92-91-44-14-38-86-16-61-13-58|57-42-43-15-41-22-75-56-74-72-73-21|40-2-87-97-37-98-100-85-93|76-3-79-29-24-68-80-12|54-39-23-67-55-4-25-26|1-50-33-81-78-9-35-34-77-28|51-71-65-66-20-32-90-70|27-69-30-88-63-10-31|62-11-64-49-19-48-52|7-47-36-46-8-82-18|94-95-59-99-96-53|89-83-45-60-6-84-17-5
81,12,1155.6438,246.5232,107.0,226.7704,0,12,17.317773,17.344508,True,92-91-44-14-38-86-16-61-13-58|57-42-43-15-41-22-75-56-74-72-73-21|40-2-87-97-37-98-100-85-93|27-76-3-79-29-24-68-80-77-28|12-54-39-23-67-55-4-25-26|50-33-81-9-78-34-35-51-1|7-47-36-46-8-18|94-95-59-96-99-6-53|69-30-32-90-63-10-31|71-65-66-20-70|62-11-64-49-19-48-52|45-82-88-60-84-17-5-83-89
82,11,1155.7188,182.5841,106.0,229.1055,0,11,12.491359,12.508476,True,92-98-91-44-14-38-86-16-61-85-93|57-42-43-15-41-22-75-56-74-72-73-21|45-40-2-87-97-37-100-59-58|76-3-79-29-24-68-80-77-28|12-54-39-23-67-55-4-25-26|50-33-81-9-78-34-35-51-1|20-71-65-66-32-63-90-70|27-69-30-88-10-31|52-62-11-64-49-19-48-82-7-18|47-36-46-8-84-17-5-83-60|89-94-95-96-99-6-53-13
83,11,1155.994,183.0013,116.0,227.6573,0,11,12.573927,12.591972,True,92-91-44-14-38-86-16-61-13-58|57-42-43-15-41-22-75-56-74-72-73-21|40-2-87-97-37-98-100-85-93|1-76-3-79-29-24-68-80-77-28|12-54-39-23-67-55-4-25-26|33-51-30-9-78-34-35-81-50|20-71-65-66-32-63-90-70|31-62-11-64-49-19-47-48-7-52|45-36-46-8-10-82-18|94-95-59-96-99-6-53|27-69-88-5-84-17-83-60-89
84,11,1157.9384,177.5798,106.0,227.7098,0,11,13.157247,13.17407,True,92-98-91-44-14-38-86-16-61-85-93|57-42-43-15-41-22-75-56-74-72-73-21|45-40-2-87-97-59-37-100-95-58|76-3-79-29-24-68-80-77-28|12-54-39-23-67-55-4-25-26|50-33-81-9-78-34-35-51-1|20-71-65-66-32-63-90-70|27-69-30-88-10-31|18-62-11-64-49-19-48-82-7-52|47-36-46-8-84-17-5-83-60|89-94-96-99-6-53-13
85,11,1157.9384,177.5798,106.0,227.7098,0,11,13.157247,13.17407,True,92-98-91-44-14-38-86-16-61-85-93|57-42-43-15-41-22-75-56-74-72-73-21|45-40-2-87-97-59-37-100-95-58|76-3-79-29-24-68-80-77-28|12-54-39-23-67-55-4-25-26|50-33-81-9-78-34-35-51-1|20-71-65-66-32-63-90-70|27-69-30-88-10-31|18-62-11-64-49-19-48-82-7-52|47-36-46-8-84-17-5-83-60|89-94-96-99-6-53-13
86,11,1159.2258,234.3138,128.0,226.7704,0,11,15.486359,15.514138,True,92-98-91-44-14-38-86-16-61-85-93|57-42-43-15-41-22-75-56-74-72-73-21|40-2-87-97-100-37-59|12-54-39-23-67-55-4-25-26|1-69-30-9-78-34-35-81-51|33-71-65-66-20-32-90-70|47-36-46-8-84-17-60-89|18-83-45-5-99-96-6-94-95-13-58|50-76-3-79-29-24-68-80-77-28|62-11-64-49-19-48-82-7-52|27-88-53-10-63-31
87,12,1159.5734,241.3011,91.0,227.6573,0,12,16.534459,16.560123,True,92-91-44-14-38-86-16-61-13-58|57-42-43-15-41-22-75-56-74-72-73-21|40-2-87-97-37-98-100-85-93|24-29-76-9-81-3-68-80-77-28|12-54-39-23-67-55-4-25-26|50-33-79-78-34-35-51-1|20-71-65-66-32-63-90-70|27-69-30-88-10-31|62-11-64-49-19-48-52|7-47-36-46-8-82-18|94-95-59-96-99-6-53|60-83-45-84-17-5-89
88,11,1160.3831,233.1565,128.0,226.7704,0,11,15.312769,15.340722,True,92-98-91-44-14-38-86-16-61-85-93|57-42-43-15-41-22-75-56-74-72-73-21|40-2-87-97-100-37-59|12-54-39-23-67-55-4-25-26|1-69-30-9-78-34-35-81-51|33-71-65-66-20-32-90-70|47-36-46-8-84-17-60-89|18-83-45-5-99-96-6-94-95-13-58|27-50-76-3-79-29-24-68-80-77-28|62-11-64-49-19-48-82-7-52|88-53-10-63-31
89,11,1161.0301,132.7091,148.0,228.9856,0,11,14.084745,14.100157,True,92-98-91-44-14-38-86-16-61-85-100-37|57-42-43-15-41-22-75-74-4-73-58|50-33-81-9-78-34-35-71-51-1|7-62-11-64-49-19-48-82-18-52|60-83-45-88-32-66-20-70|27-12-76-3-79-29-24-68-80-77-28|21-72-39-23-67-56-55-25-54-26|89-96-99-6-53|65-30-90-63-10-31|69-40-2-87-97-95-94-13|47-36-46-8-84-17-5-93-59
90,11,1161.2851,170.8754,116.0,228.6146,0,11,14.16124,14.179197,True,92-37-91-44-14-38-86-16-61-85-93|57-42-43-15-41-22-56-74-72-73-21-58|45-40-2-87-97-98-100-59-95|27-28-76-3-79-29-24-68-80-77-12|50-33-81-9-78-34-35-51-1|20-71-65-66-32-63-90-70|18-62-11-64-49-19-48-82-7-52|47-36-46-8-84-5-17-83-60-89|26-75-39-23-67-55-4-25-54|69-88-30-10-31|94-96-99-6-53-13
91,11,1161.2851,170.8754,116.0,228.6146,0,11,14.16124,14.179197,True,92-37-91-44-14-38-86-16-61-85-93|57-42-43-15-41-22-56-74-72-73-21-58|45-40-2-87-97-98-100-59-95|27-28-76-3-79-29-24-68-80-77-12|50-33-81-9-78-34-35-51-1|20-71-65-66-32-63-90-70|18-62-11-64-49-19-48-82-7-52|47-36-46-8-84-5-17-83-60-89|26-75-39-23-67-55-4-25-54|69-88-30-10-31|94-96-99-6-53-13
92,11,1161.5504,119.6534,121.0,228.9856,0,11,14.240845,14.251755,True,92-98-91-44-14-38-86-16-61-85-100-37|57-42-43-15-41-22-75-74-4-73-58|50-33-81-9-78-34-35-71-51-1|7-62-11-64-49-19-48-82-18-52|60-83-45-88-32-66-20-70|27-12-76-3-79-29-24-68-80-77-28|21-72-39-23-67-56-55-25-54-26|89-94-96-99-6-53|65-30-90-63-10-31|69-40-2-87-97-95-13|47-36-46-8-84-17-5-93-59
93,11,1161.5504,119.6534,121.0,228.9856,0,11,14.240845,14.251755,True,92-98-91-44-14-38-86-16-61-85-100-37|57-42-43-15-41-22-75-74-4-73-58|50-33-81-9-78-34-35-71-51-1|7-62-11-64-49-19-48-82-18-52|60-83-45-88-32-66-20-70|27-12-76-3-79-29-24-68-80-77-28|21-72-39-23-67-56-55-25-54-26|89-94-96-99-6-53|65-30-90-63-10-31|69-40-2-87-97-95-13|47-36-46-8-84-17-5-93-59
94,12,1161.907,237.4409,93.0,227.6573,0,12,15.955426,15.981411,True,92-91-44-14-38-86-16-61-13-58|57-42-43-15-41-22-75-56-74-72-73-21|27-40-2-87-97-37-98-100-85-93|76-3-79-29-24-68-80-77-28|12-54-39-23-67-55-4-25-26|50-33-81-9-78-34-35-51-1|20-71-65-66-32-63-90-70|69-30-88-10-31|62-11-64-49-19-48-52|7-47-36-46-8-82-18|94-95-59-96-99-53|60-83-45-6-84-17-5-89
95,11,1162.4447,130.1269,172.0,227.4415,0,11,14.509137,14.526754,True,92-37-91-44-14-38-86-16-61-85-93|57-42-43-15-41-22-75-74-4-73-58|50-33-51-9-78-34-35-81-3-77|52-7-62-11-64-49-19-48-82-18|47-36-46-8-84-17-83-60-89|94-95-59-96-99-6-87-2-13-97-100-98|5-45-88-32-66-71-20-70|40-53|65-30-90-63-10-31|27-69-1-76-79-29-24-68-80-12-28|21-72-39-23-67-56-55-25-54-26
96,11,1162.4447,130.1269,172.0,227.4415,0,11,14.509137,14.526754,True,92-37-91-44-14-38-86-16-61-85-93|57-42-43-15-41-22-75-74-4-73-58|50-33-51-9-78-34-35-81-3-77|52-7-62-11-64-49-19-48-82-18|47-36-46-8-84-17-83-60-89|94-95-59-96-99-6-87-2-13-97-100-98|5-45-88-32-66-71-20-70|40-53|65-30-90-63-10-31|27-69-1-76-79-29-24-68-80-12-28|21-72-39-23-67-56-55-25-54-26
97,12,1164.117,260.0327,71.0,228.7386,0,12,19.344199,19.372198,True,92-91-44-14-38-86-16-17-61-58|57-42-43-15-41-22-75-56-74-72-73-21|40-2-87-97-37-100-85-98|76-3-79-29-24-68-80-77-28|12-54-39-23-67-55-4-25-26|50-33-81-9-78-34-35-51-1|20-71-65-66-32-63-90-70|27-69-30-88-10-31|62-11-64-49-19-48-52|7-47-36-46-8-82-18-93|94-95-59-96-99-6-53|60-83-45-84-5-89-13
98,12,1164.117,260.0327,71.0,228.7386,0,12,19.344199,19.372198,True,92-91-44-14-38-86-16-17-61-58|57-42-43-15-41-22-75-56-74-72-73-21|40-2-87-97-37-100-85-98|76-3-79-29-24-68-80-77-28|12-54-39-23-67-55-4-25-26|50-33-81-9-78-34-35-51-1|20-71-65-66-32-63-90-70|27-69-30-88-10-31|62-11-64-49-19-48-52|7-47-36-46-8-82-18-93|94-95-59-96-99-6-53|60-83-45-84-5-89-13
99,11,1164.8862,228.1207,128.0,226.7704,0,11,15.241583,15.27013,True,92-98-91-44-14-38-86-16-61-85-93|57-42-43-15-41-22-75-56-74-72-73-21|40-2-87-97-100-37-59|12-54-39-23-67-55-4-25-26|27-69-30-9-78-34-35-51-1|33-71-65-66-20-32-90-70|47-36-46-8-84-17-60-89|18-83-45-5-99-96-6-94-95-13-58|50-81-76-3-79-29-24-68-80-77-28|62-11-64-49-19-48-82-7-52|88-53-10-63-31
100,11,1164.8862,228.1207,128.0,226.7704,0,11,15.241583,15.27013,True,92-98-91-44-14-38-86-16-61-85-93|57-42-43-15-41-22-75-56-74-72-73-21|40-2-87-97-100-37-59|12-54-39-23-67-55-4-25-26|27-69-30-9-78-34-35-51-1|33-71-65-66-20-32-90-70|47-36-46-8-84-17-60-89|18-83-45-5-99-96-6-94-95-13-58|50-81-76-3-79-29-24-68-80-77-28|62-11-64-49-19-48-82-7-52|88-53-10-63-31
101,12,1167.7795,227.9386,96.0,227.6573,0,12,16.109564,16.136186,True,57-42-43-15-41-22-75-56-74-72-73-21|40-2-87-97-37-98-100-85-93|76-3-79-29-24-68-80-77-28|12-54-39-23-67-55-4-25-26|50-33-81-9-78-34-35-51-1|20-71-65-66-32-63-90-70|62-11-64-49-19-48-7-52|60-83-45-96-6-84-17-5-89|27-69-30-88-10-31|94-59-91-44-99-53|95-92-61-16-86-38-14-13-58|82-47-36-46-8-18
102,12,1167.7795,227.9386,96.0,227.6573,0,12,16.109564,16.136186,True,57-42-43-15-41-22-75-56-74-72-73-21|40-2-87-97-37-98-100-85-93|76-3-79-29-24-68-80-77-28|12-54-39-23-67-55-4-25-26|50-33-81-9-78-34-35-51-1|20-71-65-66-32-63-90-70|62-11-64-49-19-48-7-52|60-83-45-96-6-84-17-5-89|27-69-30-88-10-31|94-59-91-44-99-53|95-92-61-16-86-38-14-13-58|82-47-36-46-8-18
103,12,1168.3386,238.55,90.0,227.6573,0,12,16.277307,16.305088,True,92-91-44-14-38-86-16-61-13-58|2-57-43-15-41-22-75-74-72-73-21-26|42-40-87-97-37-98-100-85-93|12-76-3-79-29-24-68-80-77-28|54-39-23-67-56-55-4-25|50-33-81-9-78-34-35-51-1|20-71-65-66-32-63-90-70|27-69-30-88-10-31|62-11-64-49-19-48-52|7-47-36-46-8-82-18|94-95-59-96-99-6-53|60-83-45-84-17-5-89
104,12,1168.3386,238.55,90.0,227.6573,0,12,16.277307,16.305088,True,92-91-44-14-38-86-16-61-13-58|2-57-43-15-41-22-75-74-72-73-21-26|42-40-87-97-37-98-100-85-93|12-76-3-79-29-24-68-80-77-28|54-39-23-67-56-55-4-25|50-33-81-9-78-34-35-51-1|20-71-65-66-32-63-90-70|27-69-30-88-10-31|62-11-64-49-19-48-52|7-47-36-46-8-82-18|94-95-59-96-99-6-53|60-83-45-84-17-5-89
105,12,1168.5313,237.8981,154.0,225.9188,0,12,16.335093,16.368973,True,92-98-91-44-14-38-86-16-61-85-93|42-43-15-41-22-75-56-74-72-73-21-58|40-2-87-57-37-100-97-95|12-54-39-23-67-55-4-25-26|63-30-20-71-66-32-90-70-1|62-11-64-49-19-48-82-7-52|47-36-46-8-84-17-60-89|18-83-45-5-99-59-6-96-94-13|27-69-88-10-31|28-76-53|33-51-65-9-35-34-81-77|50-3-79-78-29-24-68-80
106,12,1168.5313,237.8981,154.0,225.9188,0,12,16.335093,16.368973,True,92-98-91-44-14-38-86-16-61-85-93|42-43-15-41-22-75-56-74-72-73-21-58|40-2-87-57-37-100-97-95|12-54-39-23-67-55-4-25-26|63-30-20-71-66-32-90-70-1|62-11-64-49-19-48-82-7-52|47-36-46-8-84-17-60-89|18-83-45-5-99-59-6-96-94-13|27-69-88-10-31|28-76-53|33-51-65-9-35-34-81-77|50-3-79-78-29-24-68-80
107,12,1168.6457,254.943,126.0,224.5073,0,12,18.580745,18.614205,True,95-98-91-44-38-86-16-61-85-93|92-37-42-15-57-87-43-14-100-59|1-50-33-76-3-79-29-24-68-80-28|12-54-39-23-67-56-55-25-26|51-71-65-66-20-70|47-36-46-8-84-17-60-89|18-83-45-5-99-96-6-94|27-69-88-63-90-32-10-31|62-11-64-49-19-48-82-7-52|30-9-78-34-35-81-77|53-40-2-97-13-58|21-73-72-75-41-22-74-4
108,12,1168.6457,254.943,126.0,224.5073,0,12,18.580745,18.614205,True,95-98-91-44-38-86-16-61-85-93|92-37-42-15-57-87-43-14-100-59|1-50-33-76-3-79-29-24-68-80-28|12-54-39-23-67-56-55-25-26|51-71-65-66-20-70|47-36-46-8-84-17-60-89|18-83-45-5-99-96-6-94|27-69-88-63-90-32-10-31|62-11-64-49-19-48-82-7-52|30-9-78-34-35-81-77|53-40-2-97-13-58|21-73-72-75-41-22-74-4
109,11,1169.2821,195.2683,102.0,227.7098,0,11,16.56035,16.58283,True,92-98-91-44-14-38-86-16-61-85-93|57-42-43-15-41-22-75-56-74-72-73-21|45-40-2-87-97-59-37-100-95-58|76-3-79-29-24-68-80-77-28|12-54-39-23-67-55-4-25-26|50-33-81-9-78-34-35-51-1|20-71-65-66-32-63-90-70|27-69-30-88-10-31|62-11-64-49-19-48-82-7-52|47-36-46-8-84-5-17-83-60-89|94-96-99-6-53-13-18
110,11,1170.1431,110.2283,137.0,228.9856,0,11,16.818655,16.832329,True,92-98-91-44-14-38-86-16-61-85-100-37|57-42-43-15-41-22-75-74-4-73-58|50-33-81-9-78-34-35-71-51-1|52-62-11-64-49-19-48-82-18|60-45-7-88-32-66-20-70|27-12-76-3-79-29-24-68-80-77-28|21-72-39-23-67-56-55-25-54-26|89-83-96-99-6-53|65-30-90-63-10-31|69-40-2-87-97-95-94-13|47-36-46-8-84-17-5-93-59
111,11,1170.1431,110.2283,137.0,228.9856,0,11,16.818655,16.832329,True,92-98-91-44-14-38-86-16-61-85-100-37|57-42-43-15-41-22-75-74-4-73-58|50-33-81-9-78-34-35-71-51-1|52-62-11-64-49-19-48-82-18|60-45-7-88-32-66-20-70|27-12-76-3-79-29-24-68-80-77-28|21-72-39-23-67-56-55-25-54-26|89-83-96-99-6-53|65-30-90-63-10-31|69-40-2-87-97-95-94-13|47-36-46-8-84-17-5-93-59
112,11,1171.5211,181.4625,102.0,227.6573,0,11,17.232048,17.253121,True,92-98-91-44-14-38-86-16-61-85-93|57-42-43-15-41-22-75-56-74-72-73-21|33-40-2-87-97-95-37-100-59-96|76-3-79-29-24-68-80-77-28|12-54-39-23-67-55-4-25-26|50-81-9-78-34-35-51-1|20-71-65-66-32-63-90-70|27-69-30-88-10-31|18-62-11-64-49-19-48-82-7-52|47-36-46-8-84-17-5-60-89|83-45-99-6-53-94-13-58
113,11,1171.5211,181.4625,102.0,227.6573,0,11,17.232048,17.253121,True,92-98-91-44-14-38-86-16-61-85-93|57-42-43-15-41-22-75-56-74-72-73-21|33-40-2-87-97-95-37-100-59-96|76-3-79-29-24-68-80-77-28|12-54-39-23-67-55-4-25-26|50-81-9-78-34-35-51-1|20-71-65-66-32-63-90-70|27-69-30-88-10-31|18-62-11-64-49-19-48-82-7-52|47-36-46-8-84-17-5-60-89|83-45-99-6-53-94-13-58
114,11,1171.6131,153.7163,92.0,229.4638,0,11,17.259641,17.27585,True,92-37-91-44-14-38-86-16-61-100-98-93|57-42-43-15-41-22-75-74-72-21-73-2|28-50-33-81-78-9-35-34-51-1|7-62-11-64-49-19-48-82-18-52|47-36-46-8-84-17-5-83-60|54-39-23-67-56-55-4-25|27-69-76-3-79-29-24-68-80-77-12|89-96-59-85-99-6-53|20-71-65-66-32-63-90-70|45-88-30-10-31|94-95-97-40-87-13-58-26
115,11,1171.6131,153.7163,92.0,229.4638,0,11,17.259641,17.27585,True,92-37-91-44-14-38-86-16-61-100-98-93|57-42-43-15-41-22-75-74-72-21-73-2|28-50-33-81-78-9-35-34-51-1|7-62-11-64-49-19-48-82-18-52|47-36-46-8-84-17-5-83-60|54-39-23-67-56-55-4-25|27-69-76-3-79-29-24-68-80-77-12|89-96-59-85-99-6-53|20-71-65-66-32-63-90-70|45-88-30-10-31|94-95-97-40-87-13-58-26
116,12,1171.9878,260.9233,70.0,228.3319,0,12,19.477788,19.508121,True,92-91-44-14-38-86-16-61-13-58|42-43-15-41-22-56-4-74-72-73-21|40-2-87-57-97-37-100-93|76-3-79-29-24-68-80-77-28|12-39-23-67-75-55-25-54-26|50-33-81-9-78-34-35-51-1|20-71-65-66-32-63-90-70|27-69-30-88-10-31|62-11-64-49-19-7-52|48-47-36-46-8-82-18|94-95-96-85-99-6-53|60-83-45-84-5-17-98-59-89
117,12,1171.9878,260.9233,70.0,228.3319,0,12,19.477788,19.508121,True,92-91-44-14-38-86-16-61-13-58|42-43-15-41-22-56-4-74-72-73-21|40-2-87-57-97-37-100-93|76-3-79-29-24-68-80-77-28|12-39-23-67-75-55-25-54-26|50-33-81-9-78-34-35-51-1|20-71-65-66-32-63-90-70|27-69-30-88-10-31|62-11-64-49-19-7-52|48-47-36-46-8-82-18|94-95-96-85-99-6-53|60-83-45-84-5-17-98-59-89
118,11,1174.153,224.6278,132.0,226.7704,0,11,18.021604,18.052808,True,92-98-91-44-14-38-86-16-61-85-93|57-42-43-15-41-22-75-56-74-72-73-21|12-54-39-23-67-55-4-25-26|27-69-30-9-78-34-35-51-1|33-71-65-66-20-32-90-70|47-36-46-8-84-17-60-89|18-83-45-5-99-87-95-97-37-100-59-96|50-81-76-3-79-29-24-68-80-77-28|62-11-64-49-19-48-82-7-52|88-6-10-63-31|53-40-2-13-94-58
119,11,1174.8392,201.3441,132.0,227.0605,0,11,18.227473,18.255434,True,92-98-91-44-14-38-86-16-61-85-93|57-42-43-15-41-22-75-74-72-73-2-58|50-33-81-9-78-34-35-71-51|52-62-11-64-49-19-48-82-18|47-36-46-8-84-17-5-60-89|26-54-39-23-67-55-80-77-28|65-30-90-63-10-70-31|94-95-59-96-99-6-87-13-97-100-37|53-40-21-56-4-25|83-45-7-88-32-66-20-1|27-69-76-3-79-29-24-68-12
120,11,1175.0865,204.8371,148.0,226.7704,0,11,18.30168,18.331796,True,92-98-91-44-14-38-86-16-61-85-93|57-42-43-15-41-22-75-56-74-72-73-21|27-40-2-87-97-37-100-59-95|12-54-39-23-67-55-4-25-26|69-30-9-78-34-35-51-1|33-71-65-66-20-32-90-70|47-36-46-8-84-17-5-89|18-45-83-60-99-96-6-94-13-58|50-81-76-3-79-29-24-68-80-77-28|31-62-11-64-49-19-48-82-7-52|88-53-10-63
121,12,1175.9837,234.1782,119.0,226.7704,0,12,18.570817,18.603002,True,98-91-44-14-38-86-16-61-13-58|57-42-43-15-41-22-75-56-74-72-73-21|69-40-2-87-97-37-100-85-93|27-12-76-3-79-29-24-68-80-77-28|50-33-81-9-78-34-35-51-1|20-71-65-66-32-90-63-31|18-82-45-8-83-84-17-5-60-89|52-19-11-64-49-10|94-95-92-59-96-99-6-53|26-39-23-67-55-4-25-54|62-88-30-70|46-36-47-48-7
122,11,1176.0736,172.3707,129.0,227.6573,0,11,18.597801,18.621576,True,92-91-44-14-38-86-16-61-13-58|57-42-43-15-41-22-75-56-74-72-73-21|96-40-2-87-97-37-98-100-85-93|76-3-79-29-24-68-80-77-28|12-54-39-23-67-55-4-25-26|50-33-81-9-78-34-35-51-1|20-71-65-66-32-63-90-70|7-62-11-64-49-19-47-48-82-52|89-94-95-59-99-6-53|27-69-30-88-10-31-18-60-5|45-36-8-84-46-17-83
123,12,1176.0871,261.9375,106.0,224.8117,0,12,19.629913,19.6647,True,98-91-44-38-86-16-61-85-93|92-37-42-15-57-87-43-14-100-59|1-33-76-3-79-29-24-68-80-77-28|12-54-39-23-67-56-55-25-26|51-71-65-66-20-32-90-70|47-36-46-8-84-17-60-89|18-83-45-5-99-96-6-94|27-69-88-63-10-31|62-11-64-49-19-48-82-7-52|30-9-78-34-35-81-50|53-40-2-97-95-13-58|21-73-72-75-41-22-74-4
124,12,1176.0871,261.9375,106.0,224.8117,0,12,19.629913,19.6647,True,98-91-44-38-86-16-61-85-93|92-37-42-15-57-87-43-14-100-59|1-33-76-3-79-29-24-68-80-77-28|12-54-39-23-67-56-55-25-26|51-71-65-66-20-32-90-70|47-36-46-8-84-17-60-89|18-83-45-5-99-96-6-94|27-69-88-63-10-31|62-11-64-49-19-48-82-7-52|30-9-78-34-35-81-50|53-40-2-97-95-13-58|21-73-72-75-41-22-74-4
125,11,1176.2895,219.9841,120.0,226.7704,0,11,18.662556,18.692505,True,92-98-91-44-14-38-86-16-61-85-93|57-42-43-15-41-22-75-56-74-72-73-21|27-69-40-2-87-97-100-37-59|76-78-9-71-35-34-3|51-20-65-66-32-90-63-31|52-7-62-11-64-49-19-48-82-18|47-36-46-8-84-5-17-83-60-89|50-33-81-79-29-24-4-25-26|45-88-30-10-70-1|12-54-39-23-67-55-68-80-77-28|94-95-96-99-6-53-13-58
126,11,1176.313,96.6778,150.0,228.9856,0,11,18.669626,18.684418,True,92-37-91-44-14-38-86-16-61-85-93|57-42-43-15-41-22-75-74-4-21-58|50-33-81-9-78-34-35-71-51-1|7-62-11-64-49-19-48-82-52|47-36-46-8-84-5-17-83-60-89|94-95-98-59-99-6-87-2-13-97-100-96|18-45-88-32-66-20-70|27-69-40-53|65-30-90-63-10-31|12-76-3-79-29-24-68-80-77-28|73-72-39-23-67-56-55-25-54-26
127,11,1176.313,96.6778,150.0,228.9856,0,11,18.669626,18.684418,True,92-37-91-44-14-38-86-16-61-85-93|57-42-43-15-41-22-75-74-4-21-58|50-33-81-9-78-34-35-71-51-1|7-62-11-64-49-19-48-82-52|47-36-46-8-84-5-17-83-60-89|94-95-98-59-99-6-87-2-13-97-100-96|18-45-88-32-66-20-70|27-69-40-53|65-30-90-63-10-31|12-76-3-79-29-24-68-80-77-28|73-72-39-23-67-56-55-25-54-26
128,12,1176.3717,231.5646,90.0,227.9163,0,12,18.68724,18.716422,True,92-91-44-14-38-86-16-61-13-58|57-42-15-41-22-75-4-74-72-73-21|43-2-40-87-97-37-98-100-85-93|76-3-79-29-24-68-80-77-28|12-54-39-23-67-56-55-25-26|50-33-81-9-78-34-35-51-1|20-71-65-66-32-63-90-70|27-69-30-88-10-31|62-11-64-49-19-48-52|7-47-36-46-8-82-18|94-95-59-96-99-6-53|60-83-45-84-17-5-89
129,12,1176.3717,231.5646,90.0,227.9163,0,12,18.68724,18.716422,True,92-91-44-14-38-86-16-61-13-58|57-42-15-41-22-75-4-74-72-73-21|43-2-40-87-97-37-98-100-85-93|76-3-79-29-24-68-80-77-28|12-54-39-23-67-56-55-25-26|50-33-81-9-78-34-35-51-1|20-71-65-66-32-63-90-70|27-69-30-88-10-31|62-11-64-49-19-48-52|7-47-36-46-8-82-18|94-95-59-96-99-6-53|60-83-45-84-17-5-89
130,11,1176.6952,166.7793,104.0,229.1055,0,11,18.784274,18.805114,True,92-37-91-44-14-38-86-16-61-85-93|57-42-43-15-41-22-75-56-74-72-73-21|45-40-2-87-97-59-95-13-58|76-3-79-29-24-68-80-77-28|12-54-39-23-67-55-4-25-26|50-33-81-9-78-34-35-51-1|20-71-65-66-32-63-90-70|27-69-30-88-10-31|52-62-11-64-49-19-48-82-7-18|47-36-46-8-84-5-17-83-60-89|94-96-98-99-6-53-100
131,12,1176.7528,228.5207,91.0,227.6573,0,12,18.801571,18.830472,True,92-91-44-14-38-86-16-61-13-58|2-57-43-15-41-22-75-56-74-72-73-21|42-40-87-97-37-98-100-85-93|76-3-79-29-24-68-80-77-28|12-54-39-23-67-55-4-25-26|50-33-81-9-78-34-35-51-1|20-71-65-66-32-63-90-70|27-69-30-88-10-31|62-11-64-49-19-48-52|7-47-36-46-8-82-18|94-95-59-99-96-53|83-45-60-6-84-17-5-89
132,11,1177.2594,114.2725,172.0,228.2522,0,11,18.95354,18.973345,True,92-37-91-44-14-38-86-16-61-85-93|57-42-43-15-41-22-75-74-4-21-58|28-50-33-81-9-78-34-35-51-1|7-62-11-64-49-19-48-82-18-52|47-36-46-8-84-5-17-83-60-89|94-95-98-59-99-6-87-2-13-97-100|96-45-88-32-66-71-20-70|65-30-90-63-10-31|27-69-76-3-79-29-24-68-80-77-12|73-72-39-23-67-56-55-25-54-26|40-53
133,11,1177.2594,114.2725,172.0,228.2522,0,11,18.95354,18.973345,True,92-37-91-44-14-38-86-16-61-85-93|57-42-43-15-41-22-75-74-4-21-58|28-50-33-81-9-78-34-35-51-1|7-62-11-64-49-19-48-82-18-52|47-36-46-8-84-5-17-83-60-89|94-95-98-59-99-6-87-2-13-97-100|96-45-88-32-66-71-20-70|65-30-90-63-10-31|27-69-76-3-79-29-24-68-80-77-12|73-72-39-23-67-56-55-25-54-26|40-53
134,12,1178.1473,199.6053,151.0,226.7704,0,12,19.219894,19.250743,True,92-98-91-44-14-38-86-16-61-85-93|57-42-43-15-41-22-75-56-74-72-73-21|40-2-87-97-37-100-59-95|76-3-79-29-24-68-80-77-28|12-54-39-23-67-55-4-25-26|33-30-20-71-66-32-90-70|47-36-46-8-84-17-60-89|18-83-45-5-99-96-6-94-13-58|52-7-11-62-88|27-69-1-53|82-48-19-64-49-10-63-31|51-65-9-78-34-35-81-50
135,11,1178.3068,223.7511,103.0,226.7704,0,11,19.267769,19.297188,True,92-98-91-44-14-38-86-16-61-85-93|57-42-43-15-41-22-75-56-74-72-73-21|26-40-2-87-97-37-100-59-95|50-33-79-78-34-35-81-51|20-65-71-9-66-32-90-63|18-62-11-64-49-19-48-82-7-52|47-36-46-8-84-5-17-83-60-89|27-69-1-76-3-29-24-4-25|45-88-30-10-70-31|12-54-39-23-67-55-68-80-77-28|94-96-99-6-53-13-58
136,11,1178.3068,223.7511,103.0,226.7704,0,11,19.267769,19.297188,True,92-98-91-44-14-38-86-16-61-85-93|57-42-43-15-41-22-75-56-74-72-73-21|26-40-2-87-97-37-100-59-95|50-33-79-78-34-35-81-51|20-65-71-9-66-32-90-63|18-62-11-64-49-19-48-82-7-52|47-36-46-8-84-5-17-83-60-89|27-69-1-76-3-29-24-4-25|45-88-30-10-70-31|12-54-39-23-67-55-68-80-77-28|94-96-99-6-53-13-58
137,11,1179.2408,211.4657,130.0,226.7704,0,11,19.547954,19.57851,True,92-98-91-44-14-38-86-16-61-85-93|57-42-43-15-41-22-75-56-74-72-73-21|27-69-40-2-87-97-37-100-59-95|76-78-9-35-34-3|20-71-65-66-32-90-63-31|52-7-62-11-64-49-19-48-82-18|47-36-46-8-84-5-17-83-60-89|50-51-33-81-79-29-24-4-25-12|45-88-30-10-70-1|26-54-39-23-67-55-68-80-77-28|94-96-99-6-53-13-58
138,11,1179.2545,197.7394,128.0,226.7704,0,11,19.552062,19.580364,True,92-98-91-44-14-38-86-16-61-85-93|57-42-43-15-41-22-75-56-74-72-73-21|40-2-87-97-100-37-59|12-54-39-23-67-55-4-25-26|1-65-9-78-34-35-51|27-69-30-20-71-66-32-63-70|47-36-46-8-84-17-60-89|18-83-45-5-99-96-6-94-95-13-58|50-33-81-76-3-79-29-24-68-80-77-28|62-11-64-49-19-48-82-7-52|88-53-10-90-31
139,11,1179.2545,197.7394,128.0,226.7704,0,11,19.552062,19.580364,True,92-98-91-44-14-38-86-16-61-85-93|57-42-43-15-41-22-75-56-74-72-73-21|40-2-87-97-100-37-59|12-54-39-23-67-55-4-25-26|1-65-9-78-34-35-51|27-69-30-20-71-66-32-63-70|47-36-46-8-84-17-60-89|18-83-45-5-99-96-6-94-95-13-58|50-33-81-76-3-79-29-24-68-80-77-28|62-11-64-49-19-48-82-7-52|88-53-10-90-31
140,11,1179.4034,208.8324,98.0,227.6573,0,11,19.596724,19.623867,True,92-91-44-14-38-86-16-61-13-96|57-42-43-15-41-22-75-56-74-72-73-21|89-95-40-2-87-97-98-37-100-85-59|76-3-79-29-24-68-80-77-28|12-54-39-23-67-55-4-25-26|50-33-81-9-78-34-35-51-1|20-71-65-66-32-63-90-70|27-69-30-88-10-31|18-62-11-64-49-19-48-82-7-52|47-36-46-8-84-60-5-17-93|83-45-99-6-53-58-94
141,11,1179.7048,150.5915,91.0,228.2562,0,11,19.687159,19.705046,True,92-91-44-14-38-86-16-61-13|57-42-43-15-41-22-75-56-74-72-73-58|40-2-87-97-37-98-100-85-93|28-27-69-76-3-79-29-24-68-80-77-12|26-21-39-23-67-55-4-25-54|50-33-81-20-9-78-34-35-51-1|52-62-11-64-49-19-47-46-82|94-95-59-96-99-6-53|45-88-30-10-31-48-18|71-65-66-32-63-90-70|7-36-8-83-84-17-5-60-89
142,11,1179.7048,150.5915,91.0,228.2562,0,11,19.687159,19.705046,True,92-91-44-14-38-86-16-61-13|57-42-43-15-41-22-75-56-74-72-73-58|40-2-87-97-37-98-100-85-93|28-27-69-76-3-79-29-24-68-80-77-12|26-21-39-23-67-55-4-25-54|50-33-81-20-9-78-34-35-51-1|52-62-11-64-49-19-47-46-82|94-95-59-96-99-6-53|45-88-30-10-31-48-18|71-65-66-32-63-90-70|7-36-8-83-84-17-5-60-89
143,11,1180.3195,167.2702,129.0,227.6573,0,11,19.87156,19.895843,True,92-91-44-14-38-86-16-61-13-58|57-42-43-15-41-22-75-56-74-72-73-21|89-96-40-2-87-97-37-98-100-85-93|76-3-79-29-24-68-80-77-28|12-54-39-23-67-55-4-25-26|50-33-81-9-78-34-35-51-1|20-71-65-66-32-63-90-70|82-62-11-64-49-19-47-48-7-52|94-95-59-99-6-53|27-69-30-88-10-31-18-60-5|45-36-8-84-46-17-83
144,11,1180.3812,161.1792,152.0,227.6573,0,11,19.890084,19.915772,True,92-98-91-44-14-38-86-16-61-85-93|57-42-43-15-41-22-75-56-74-72-73-21|27-40-2-87-97-95-13|12-54-39-23-67-55-4-25-26|1-30-9-78-34-35-20-51|33-71-65-66-32-63-90-70|47-36-46-8-84-17-60-89|18-83-45-5-99-96-6-94-59-100-37-58|50-81-76-3-79-29-24-68-80-77-28|31-62-11-64-49-19-48-82-7-52|69-88-53-10
145,12,1180.8765,295.1273,73.0,228.127,0,12,24.608388,24.646788,True,92-91-44-14-38-86-16-17-61-100|57-42-43-15-41-22-75-56-74-72-73-21|76-3-79-29-24-68-80-77-28|12-54-39-23-67-55-4-25-26|50-33-81-9-78-34-35-51-1|20-71-65-66-32-63-90-70|27-69-30-88-10-31|62-11-64-49-19-48-82-7-52|47-36-46-8-84-83-5-93-98-37|45-85-99-40-58|53-87-2-97-95-13|89-18-60-96-59-94-6
146,11,1182.5102,213.0361,80.0,228.017,0,11,20.528764,20.555723,True,92-98-91-44-38-84-86-16-85-93|57-42-43-15-41-22-75-56-74-72-73-21|40-87-97-37-14-100-59-95|12-54-39-23-67-55-4-25-26|50-33-81-9-78-34-35-51-1|20-71-65-66-32-63-90-70|45-36-47-8-46-17-61-60-89|18-83-5-99-6-53-94-96-13-2-58|27-69-30-88-10-31|76-3-79-29-24-68-80-77-28|62-11-64-49-19-48-82-7-52
147,11,1182.5102,213.0361,80.0,228.017,0,11,20.528764,20.555723,True,92-98-91-44-38-84-86-16-85-93|57-42-43-15-41-22-75-56-74-72-73-21|40-87-97-37-14-100-59-95|12-54-39-23-67-55-4-25-26|50-33-81-9-78-34-35-51-1|20-71-65-66-32-63-90-70|45-36-47-8-46-17-61-60-89|18-83-5-99-6-53-94-96-13-2-58|27-69-30-88-10-31|76-3-79-29-24-68-80-77-28|62-11-64-49-19-48-82-7-52
148,11,1182.5979,164.9917,129.0,227.6573,0,11,20.555101,20.579726,True,92-91-44-14-38-86-16-61-13-58|57-42-43-15-41-22-75-56-74-72-73-21|96-40-2-87-97-37-98-100-85-93|76-3-79-29-24-68-80-77-28|12-54-39-23-67-55-4-25-26|50-33-81-9-78-34-35-51-1|20-71-65-66-32-63-90-70|82-62-11-64-49-19-47-48-7-52|89-94-95-59-99-6-53|27-69-30-88-10-31-18-60-5|45-36-8-84-46-17-83
149,11,1183.1022,99.2903,154.0,228.6774,0,11,20.70639,20.723964,True,92-37-91-44-14-38-86-16-61-100-93-59|2-42-43-15-41-22-75-74-4-73-58|50-33-81-9-78-34-35-51-1|7-62-11-64-49-19-48-82-18-52|47-36-46-8-84-5-17-83-60-89|94-95-98-85-99-6-87-57-97-13|96-45-88-32-66-71-20-70|27-69-40-53|65-30-90-63-10-31|28-76-3-79-29-24-68-80-77-12|21-72-39-23-67-56-55-25-54-26
150,11,1183.1022,99.2903,154.0,228.6774,0,11,20.70639,20.723964,True,92-37-91-44-14-38-86-16-61-100-93-59|2-42-43-15-41-22-75-74-4-73-58|50-33-81-9-78-34-35-51-1|7-62-11-64-49-19-48-82-18-52|47-36-46-8-84-5-17-83-60-89|94-95-98-85-99-6-87-57-97-13|96-45-88-32-66-71-20-70|27-69-40-53|65-30-90-63-10-31|28-76-3-79-29-24-68-80-77-12|21-72-39-23-67-56-55-25-54-26
151,12,1183.1097,288.531,73.0,227.6573,0,12,23.618939,23.656949,True,92-91-14-44-38-86-16-17-61-100|57-42-43-15-41-22-75-56-74-72-73-21|76-3-79-29-24-68-80-77-28|12-54-39-23-67-55-4-25-26|50-33-81-9-78-34-35-51-1|20-71-65-66-32-63-90-70|27-69-30-88-10-31|62-11-64-49-19-48-82-7-52|47-36-46-8-84-83-5-93-98-37|45-85-99-40-58|53-87-2-97-95-13|89-18-60-96-59-94-6
152,12,1183.1097,288.531,73.0,227.6573,0,12,23.618939,23.656949,True,92-91-14-44-38-86-16-17-61-100|57-42-43-15-41-22-75-56-74-72-73-21|76-3-79-29-24-68-80-77-28|12-54-39-23-67-55-4-25-26|50-33-81-9-78-34-35-51-1|20-71-65-66-32-63-90-70|27-69-30-88-10-31|62-11-64-49-19-48-82-7-52|47-36-46-8-84-83-5-93-98-37|45-85-99-40-58|53-87-2-97-95-13|89-18-60-96-59-94-6
153,11,1183.8593,190.9685,98.0,227.8295,0,11,20.933516,20.959342,True,92-37-91-44-14-38-86-16-61-85-93|57-42-43-15-41-22-75-56-4-26|50-33-81-9-78-34-35-51-1|7-62-11-64-49-19-48-82-18-52|47-36-46-8-84-5-17-83-60-89|94-95-98-59-99-6-87-97-100-2|96-45-88-32-66-71-20-70|65-30-90-63-10-31|27-69-76-3-79-29-24-68-80-77-28|21-39-23-67-55-25-54-12|53-40-73-72-74-13-58
154,11,1183.8593,190.9685,98.0,227.8295,0,11,20.933516,20.959342,True,92-37-91-44-14-38-86-16-61-85-93|57-42-43-15-41-22-75-56-4-26|50-33-81-9-78-34-35-51-1|7-62-11-64-49-19-48-82-18-52|47-36-46-8-84-5-17-83-60-89|94-95-98-59-99-6-87-97-100-2|96-45-88-32-66-71-20-70|65-30-90-63-10-31|27-69-76-3-79-29-24-68-80-77-28|21-39-23-67-55-25-54-12|53-40-73-72-74-13-58
155,12,1184.0637,218.7753,90.0,227.6573,0,12,20.994826,21.024358,True,92-91-44-14-38-86-16-61-13-58|73-40-87-57-37-98-100-85-93|76-3-79-29-24-68-80-77-28|12-54-39-23-67-56-55-25-26|50-33-81-9-78-34-35-51-1|20-71-65-66-32-63-90-70|27-69-30-88-10-31|62-11-64-49-19-48-52|7-47-36-46-8-82-18|94-95-97-59-99-96-53|45-83-60-6-84-17-5-89|2-42-43-15-41-22-75-74-4-72-21
156,12,1184.0637,218.7753,90.0,227.6573,0,12,20.994826,21.024358,True,92-91-44-14-38-86-16-61-13-58|73-40-87-57-37-98-100-85-93|76-3-79-29-24-68-80-77-28|12-54-39-23-67-56-55-25-26|50-33-81-9-78-34-35-51-1|20-71-65-66-32-63-90-70|27-69-30-88-10-31|62-11-64-49-19-48-52|7-47-36-46-8-82-18|94-95-97-59-99-96-53|45-83-60-6-84-17-5-89|2-42-43-15-41-22-75-74-4-72-21
157,11,1184.309,124.5659,144.0,226.7704,0,11,21.068407,21.088848,True,92-91-44-14-38-86-16-61-13-58|57-42-43-15-41-22-75-56-74-72-73-21|5-96-40-2-87-97-37-98-100-85-93|12-54-39-23-67-55-4-25-26|27-69-30-88-31-10-82-18-60|50-33-3-76-79-78-29-24-68-80-28|89-94-95-59-99-6-53|45-8-83-84-17|62-11-63-90-32-66-20-70-1|46-36-64-49-19-47-48-7-52|34-65-71-9-35-51-81-77
158,11,1184.309,124.5659,144.0,226.7704,0,11,21.068407,21.088848,True,92-91-44-14-38-86-16-61-13-58|57-42-43-15-41-22-75-56-74-72-73-21|5-96-40-2-87-97-37-98-100-85-93|12-54-39-23-67-55-4-25-26|27-69-30-88-31-10-82-18-60|50-33-3-76-79-78-29-24-68-80-28|89-94-95-59-99-6-53|45-8-83-84-17|62-11-63-90-32-66-20-70-1|46-36-64-49-19-47-48-7-52|34-65-71-9-35-51-81-77
159,11,1184.3783,167.2333,103.0,227.6451,0,11,21.089201,21.112095,True,98-91-44-14-38-86-16-61-13-58|57-42-43-15-41-22-75-56-74-72-73-21|40-2-87-97-37-100-85-93|50-76-3-79-29-24-68-80-77-28|12-54-39-23-67-55-4-25-26|33-71-65-66-20-32-90-70|18-62-11-64-49-19-47-48-82-52|94-95-92-59-96-99-6-53|45-88-30-9-35-81-51-1|7-36-46-8-84-5-17-83-60-89|27-69-34-78-10-63-31
160,11,1184.3783,167.2333,103.0,227.6451,0,11,21.089201,21.112095,True,98-91-44-14-38-86-16-61-13-58|57-42-43-15-41-22-75-56-74-72-73-21|40-2-87-97-37-100-85-93|50-76-3-79-29-24-68-80-77-28|12-54-39-23-67-55-4-25-26|33-71-65-66-20-32-90-70|18-62-11-64-49-19-47-48-82-52|94-95-92-59-96-99-6-53|45-88-30-9-35-81-51-1|7-36-46-8-84-5-17-83-60-89|27-69-34-78-10-63-31
161,12,1184.5276,238.2686,87.0,227.6573,0,12,21.134001,21.166297,True,45-91-44-38-86-16-97-13-58|2-57-43-15-41-22-75-56-74-72-73-21|14-42-87-37-98-100-85-93|27-76-3-79-29-24-68-80-77-28|12-54-39-23-67-55-4-25-26|50-33-81-9-78-34-35-51-1|20-71-65-66-32-63-90-70|69-88-30-10-31|62-11-64-49-19-48-52|7-47-36-46-8-82-83-18|94-59-92-95-40-53|96-99-6-84-61-17-5-60-89
162,12,1184.5276,238.2686,87.0,227.6573,0,12,21.134001,21.166297,True,45-91-44-38-86-16-97-13-58|2-57-43-15-41-22-75-56-74-72-73-21|14-42-87-37-98-100-85-93|27-76-3-79-29-24-68-80-77-28|12-54-39-23-67-55-4-25-26|50-33-81-9-78-34-35-51-1|20-71-65-66-32-63-90-70|69-88-30-10-31|62-11-64-49-19-48-52|7-47-36-46-8-82-83-18|94-59-92-95-40-53|96-99-6-84-61-17-5-60-89
163,11,1184.5602,194.2341,133.0,227.0605,0,11,21.143765,21.173676,True,92-91-44-14-38-86-16-61-85-93-96|57-42-43-15-41-22-75-74-72-73-2-58|50-33-81-9-78-34-35-51-1|52-62-11-64-49-19-48-82-18|47-36-46-8-84-17-5-60-89|26-54-39-23-67-55-12-28|65-30-90-63-10-70-31|94-95-98-59-99-6-87-13-97-100-37|53-40-21-56-4-25|83-45-7-88-32-66-71-20|27-69-76-3-79-29-24-68-80-77
164,12,1184.586,211.9174,174.0,224.8117,0,12,21.15153,21.188164,True,92-98-91-44-14-38-86-16-61-85-93|1-33-76-3-79-29-24-68-80-77-28|12-39-23-67-56-55-25-54-26|51-71-65-66-20-32-90-70|47-36-46-8-84-17-60-89|83-45-5-99-96-6-59-100-37-94|27-69-30-9-78-34-35-81-50|73-72-75-41-22-74-4-21-58|97-42-43-15-57-87-2-95-13|52-19-11-62-88-7-82-18|48-63-64-49-10-31|40-53
165,12,1184.586,211.9174,174.0,224.8117,0,12,21.15153,21.188164,True,92-98-91-44-14-38-86-16-61-85-93|1-33-76-3-79-29-24-68-80-77-28|12-39-23-67-56-55-25-54-26|51-71-65-66-20-32-90-70|47-36-46-8-84-17-60-89|83-45-5-99-96-6-59-100-37-94|27-69-30-9-78-34-35-81-50|73-72-75-41-22-74-4-21-58|97-42-43-15-57-87-2-95-13|52-19-11-62-88-7-82-18|48-63-64-49-10-31|40-53
166,11,1184.5877,191.9674,133.0,227.3603,0,11,21.152043,21.181666,True,92-91-44-14-38-86-16-61-85-93-96|57-42-43-15-41-22-75-74-72-73-2-58|50-33-81-9-78-34-35-51-1|52-62-11-64-49-19-48-82-18|47-36-46-8-84-17-5-60-89|26-54-39-23-67-55-24-80-77-28|65-30-90-63-10-70-31|94-95-98-59-99-6-87-13-97-100-37|53-40-21-56-4-25|83-45-7-88-32-66-71-20|27-69-76-3-79-29-68-12
167,11,1184.6923,162.7567,138.0,227.6573,0,11,21.183403,21.209222,True,92-91-44-14-38-86-16-61-13-58|57-42-43-15-41-22-75-56-74-72-73-21|5-96-40-2-87-97-37-98-100-85-93|76-3-79-29-24-68-80-77-28|12-54-39-23-67-55-4-25-26|50-33-81-9-78-34-35-51-1|20-71-65-66-32-63-90-70|62-11-64-49-19-47-48-7-52|89-94-95-59-99-6-53|27-69-30-88-31-10-82-18-60|45-36-8-84-46-17-83
168,11,1185.0334,92.1735,144.0,228.9856,0,11,21.285732,21.301864,True,95-92-37-44-14-38-86-16-91-100-93-96|57-42-43-15-41-22-75-74-4-73-58|50-33-81-9-78-34-35-71-51-1|7-62-11-64-49-19-48-82-18-52|47-36-46-8-84-5-61-17-83-60|89-94-59-98-99-6-87-2-97-13|85-45-88-32-66-20-70|27-69-40-53|65-30-90-63-10-31|12-76-3-79-29-24-68-80-77-28|21-72-39-23-67-56-55-25-54-26
169,11,1185.0334,92.1735,144.0,228.9856,0,11,21.285732,21.301864,True,95-92-37-44-14-38-86-16-91-100-93-96|57-42-43-15-41-22-75-74-4-73-58|50-33-81-9-78-34-35-71-51-1|7-62-11-64-49-19-48-82-18-52|47-36-46-8-84-5-61-17-83-60|89-94-59-98-99-6-87-2-97-13|85-45-88-32-66-20-70|27-69-40-53|65-30-90-63-10-31|12-76-3-79-29-24-68-80-77-28|21-72-39-23-67-56-55-25-54-26
170,11,1185.4261,142.9671,121.0,227.6573,0,11,21.403559,21.424929,True,92-85-61-16-44-38-14-37-98-100-91-93|57-42-43-15-41-22-75-56-74-72-73-21|27-40-2-87-97-94|12-54-39-23-67-55-4-25-26|1-69-30-9-78-34-35-51|20-71-65-66-32-63-90-70|47-36-46-8-84-86-17-60-89|18-83-45-5-99-96-6-59-95-13-58|50-33-81-76-3-79-29-24-68-80-77-28|62-11-64-49-19-48-82-7-52|88-53-10-31
171,11,1185.4261,142.9671,121.0,227.6573,0,11,21.403559,21.424929,True,92-85-61-16-44-38-14-37-98-100-91-93|57-42-43-15-41-22-75-56-74-72-73-21|27-40-2-87-97-94|12-54-39-23-67-55-4-25-26|1-69-30-9-78-34-35-51|20-71-65-66-32-63-90-70|47-36-46-8-84-86-17-60-89|18-83-45-5-99-96-6-59-95-13-58|50-33-81-76-3-79-29-24-68-80-77-28|62-11-64-49-19-48-82-7-52|88-53-10-31
172,11,1185.8886,133.4394,142.0,226.0913,0,11,21.542286,21.56423,True,92-98-91-44-14-38-86-16-61-85-100-37|2-42-43-15-41-22-75-74-4-73-58|50-33-81-9-78-34-35-51-1|7-62-11-64-49-19-48-82-18-52|47-36-46-8-84-17-5-93-59|89-60-96-99-6-87-57-97-95-13-94|83-45-88-32-66-71-20-70|27-69-76-40-53|65-30-90-63-10-31|12-3-79-29-24-68-80-77-28|21-72-39-23-67-56-55-25-54-26
173,11,1185.8886,133.4394,142.0,226.0913,0,11,21.542286,21.56423,True,92-98-91-44-14-38-86-16-61-85-100-37|2-42-43-15-41-22-75-74-4-73-58|50-33-81-9-78-34-35-51-1|7-62-11-64-49-19-48-82-18-52|47-36-46-8-84-17-5-93-59|89-60-96-99-6-87-57-97-95-13-94|83-45-88-32-66-71-20-70|27-69-76-40-53|65-30-90-63-10-31|12-3-79-29-24-68-80-77-28|21-72-39-23-67-56-55-25-54-26
174,11,1186.6184,176.7974,90.0,229.6861,0,11,21.761249,21.785256,True,92-37-91-44-14-38-86-16-61-93-97-58|2-42-43-15-41-22-75-56-74-73-57|45-85-98-99-87-95-94-13|21-12-76-3-79-29-24-68-80-77-28|26-54-39-23-67-55-4-25-72|50-33-81-9-78-34-35-51-1|20-71-65-66-32-63-90-70|27-69-30-88-10-31|62-11-64-49-19-48-82-7-52|47-36-46-8-84-17-5-100|40-53-6-96-59-60-83-18-89
175,11,1187.1965,115.9749,137.0,227.4415,0,11,21.93466,21.95408,True,92-37-91-44-14-38-86-16-61-85-93|57-42-43-15-41-22-75-74-4-73-58|50-33-81-9-78-34-35-51-1|52-62-11-64-49-19-48-82-18|47-36-46-8-84-5-17-83-60-89|94-95-59-96-99-6-87-2-13-97-100-98|45-7-88-32-66-71-20-70|27-69-76-40-53|65-30-90-63-10-31|12-3-79-29-24-68-80-77-28|21-72-39-23-67-56-55-25-54-26
176,11,1187.1965,115.9749,137.0,227.4415,0,11,21.93466,21.95408,True,92-37-91-44-14-38-86-16-61-85-93|57-42-43-15-41-22-75-74-4-73-58|50-33-81-9-78-34-35-51-1|52-62-11-64-49-19-48-82-18|47-36-46-8-84-5-17-83-60-89|94-95-59-96-99-6-87-2-13-97-100-98|45-7-88-32-66-71-20-70|27-69-76-40-53|65-30-90-63-10-31|12-3-79-29-24-68-80-77-28|21-72-39-23-67-56-55-25-54-26
177,12,1187.4717,201.6738,104.0,226.7704,0,12,22.017216,22.046473,True,98-91-44-14-38-86-16-61-13-58|57-42-43-15-41-22-75-56-74-72-73-21|40-2-87-97-37-100-85-93|12-76-3-79-29-24-68-80-77-28|50-33-81-9-78-34-35-1|51-71-65-66-20-32-90-70|27-69-30-63-10-83-17-60|45-11-64-49-19-47-82-18|48-36-46-8-84-5-89|94-95-92-59-96-99-6-53|26-39-23-67-55-4-25-54|52-7-62-88-31
178,12,1187.4717,201.6738,104.0,226.7704,0,12,22.017216,22.046473,True,98-91-44-14-38-86-16-61-13-58|57-42-43-15-41-22-75-56-74-72-73-21|40-2-87-97-37-100-85-93|12-76-3-79-29-24-68-80-77-28|50-33-81-9-78-34-35-1|51-71-65-66-20-32-90-70|27-69-30-63-10-83-17-60|45-11-64-49-19-47-82-18|48-36-46-8-84-5-89|94-95-92-59-96-99-6-53|26-39-23-67-55-4-25-54|52-7-62-88-31
179,11,1187.6109,98.5015,155.0,227.8295,0,11,22.058975,22.077756,True,92-37-91-44-14-38-86-16-61-85-100-98|57-42-43-15-41-22-75-74-4-73-58|33-65-9-78-34-35-81-51|7-62-11-64-49-19-48-82-18-52|47-36-46-8-84-5-17-83-60-89|94-95-59-99-6-87-2-13-97-93|96-45-88-32-66-71-20-70|27-69-40-53|50-1-30-90-63-10-31|12-76-3-79-29-24-68-80-77-28|21-72-39-23-67-56-55-25-54-26
180,11,1187.7816,171.8611,86.0,229.1184,0,11,22.1102,22.133329,True,98-91-44-14-38-86-16-61-13-58|57-42-43-15-41-22-75-56-74-72-73-21|52-27-12-76-3-79-29-24-68-80-77-28|50-33-81-9-78-34-35-51-1|20-71-65-66-32-63-90-70|89-62-11-64-49-19-47-46-18|94-95-92-59-96-99-6-53|45-36-8-84-17-48-82|26-39-23-67-55-4-25-54|31-69-88-30-10-7-83-60-5|40-2-87-97-37-100-85-93
181,11,1187.7816,171.8611,86.0,229.1184,0,11,22.1102,22.133329,True,98-91-44-14-38-86-16-61-13-58|57-42-43-15-41-22-75-56-74-72-73-21|52-27-12-76-3-79-29-24-68-80-77-28|50-33-81-9-78-34-35-51-1|20-71-65-66-32-63-90-70|89-62-11-64-49-19-47-46-18|94-95-92-59-96-99-6-53|45-36-8-84-17-48-82|26-39-23-67-55-4-25-54|31-69-88-30-10-7-83-60-5|40-2-87-97-37-100-85-93
182,11,1188.8575,139.4262,92.0,228.7028,0,11,22.432977,22.452102,True,98-91-44-14-38-86-16-61-13-58|57-42-43-15-41-22-75-56-74-72-73-21|45-40-2-87-97-37-100-85-93|27-12-76-3-79-29-24-68-80-77-28|50-33-81-9-78-34-35-51-1|20-71-65-66-32-63-90-70|69-88-30-10-82-17-83|31-62-11-64-49-19-47-46-52|7-48-36-8-84-5-60-18-89|94-95-92-59-96-99-6-53|26-39-23-67-55-4-25-54
183,11,1188.8575,139.4262,92.0,228.7028,0,11,22.432977,22.452102,True,98-91-44-14-38-86-16-61-13-58|57-42-43-15-41-22-75-56-74-72-73-21|45-40-2-87-97-37-100-85-93|27-12-76-3-79-29-24-68-80-77-28|50-33-81-9-78-34-35-51-1|20-71-65-66-32-63-90-70|69-88-30-10-82-17-83|31-62-11-64-49-19-47-46-52|7-48-36-8-84-5-60-18-89|94-95-92-59-96-99-6-53|26-39-23-67-55-4-25-54
184,11,1191.1181,143.6047,94.0,228.2562,0,11,23.111136,23.131699,True,98-91-44-14-38-86-16-61-13-58|57-42-43-15-41-22-75-56-74-72-73-21|45-40-2-87-97-95-37-100-85-93|27-76-3-79-29-24-68-80-77-12|28-50-33-81-9-78-34-35-51-1|20-71-65-66-32-63-90-70|69-88-30-10-31-17-60|52-62-11-64-49-19-47-46-82|7-48-36-8-84-5-83-18-89|94-96-92-59-99-6-53|26-39-23-67-55-4-25-54
185,11,1191.6654,139.4992,89.0,228.2562,0,11,23.275351,23.294963,True,98-91-44-14-38-86-16-61-13-58|57-42-43-15-41-22-75-56-74-72-73-21|45-40-2-87-97-37-100-85-93|27-12-76-3-79-29-24-68-80-77-28|50-33-81-9-78-34-35-51-1|20-71-65-66-32-63-90-70|69-88-30-10-31-17-60|52-62-11-64-49-19-47-46-82|7-48-36-8-84-5-83-18-89|94-95-92-59-96-99-6-53|26-39-23-67-55-4-25-54
186,11,1191.6654,139.4992,89.0,228.2562,0,11,23.275351,23.294963,True,98-91-44-14-38-86-16-61-13-58|57-42-43-15-41-22-75-56-74-72-73-21|45-40-2-87-97-37-100-85-93|27-12-76-3-79-29-24-68-80-77-28|50-33-81-9-78-34-35-51-1|20-71-65-66-32-63-90-70|69-88-30-10-31-17-60|52-62-11-64-49-19-47-46-82|7-48-36-8-84-5-83-18-89|94-95-92-59-96-99-6-53|26-39-23-67-55-4-25-54
187,11,1192.9242,134.4261,108.0,227.6573,0,11,23.652968,23.674007,True,92-98-91-44-14-38-86-16-61-85-93|57-42-43-15-41-22-75-56-74-72-73-21|27-69-40-2-87-97-37-100-59-95|50-33-3-76-78-9-35-34|20-71-65-66-32-63-90-70|52-7-62-11-64-49-19-48-82-18|47-36-46-8-84-5-17-83-60-89|1-51-81-79-29-24-4-25-26|45-88-30-10-31|12-54-39-23-67-55-68-80-77-28|94-96-99-6-53-13-58
188,11,1192.9242,134.4261,108.0,227.6573,0,11,23.652968,23.674007,True,92-98-91-44-14-38-86-16-61-85-93|57-42-43-15-41-22-75-56-74-72-73-21|27-69-40-2-87-97-37-100-59-95|50-33-3-76-78-9-35-34|20-71-65-66-32-63-90-70|52-7-62-11-64-49-19-48-82-18|47-36-46-8-84-5-17-83-60-89|1-51-81-79-29-24-4-25-26|45-88-30-10-31|12-54-39-23-67-55-68-80-77-28|94-96-99-6-53-13-58
189,11,1193.1438,202.5438,113.0,226.7704,0,11,23.718866,23.750554,True,92-98-91-44-14-38-86-16-61-85-93|57-42-43-15-41-22-75-56-74-72-73-21|27-69-40-2-87-97-37-100-59-95|50-76-3-78-34-35-51-1|20-65-71-9-66-32-90-63|18-62-11-64-49-19-48-82-7-52|47-36-46-8-84-5-17-83-60-89|33-81-79-29-24-4-25-12|45-88-30-10-70-31|26-54-39-23-67-55-68-80-77-28|94-96-99-6-53-13-58
190,11,1193.1438,202.5438,113.0,226.7704,0,11,23.718866,23.750554,True,92-98-91-44-14-38-86-16-61-85-93|57-42-43-15-41-22-75-56-74-72-73-21|27-69-40-2-87-97-37-100-59-95|50-76-3-78-34-35-51-1|20-65-71-9-66-32-90-63|18-62-11-64-49-19-48-82-7-52|47-36-46-8-84-5-17-83-60-89|33-81-79-29-24-4-25-12|45-88-30-10-70-31|26-54-39-23-67-55-68-80-77-28|94-96-99-6-53-13-58
191,12,1193.167,179.8007,174.0,224.8117,0,12,23.725817,23.760207,True,92-98-91-44-14-38-86-16-61-85-93|1-33-76-3-79-29-24-68-80-77-28|12-54-39-23-67-56-55-25-26|51-71-65-66-20-32-90-70|47-36-46-8-84-17-60-89|18-83-45-5-99-96-6-59-100-37-94|27-69-30-9-78-34-35-81-50|2-73-21-72-75-41-22-74-4|95-97-42-15-43-87-57-13-58|52-19-11-62-88-7-82|48-63-64-49-10-31|40-53
192,12,1193.167,179.8007,174.0,224.8117,0,12,23.725817,23.760207,True,92-98-91-44-14-38-86-16-61-85-93|1-33-76-3-79-29-24-68-80-77-28|12-54-39-23-67-56-55-25-26|51-71-65-66-20-32-90-70|47-36-46-8-84-17-60-89|18-83-45-5-99-96-6-59-100-37-94|27-69-30-9-78-34-35-81-50|2-73-21-72-75-41-22-74-4|95-97-42-15-43-87-57-13-58|52-19-11-62-88-7-82|48-63-64-49-10-31|40-53
193,11,1193.6255,90.709,147.0,226.6773,0,11,23.863359,23.881803,True,92-85-61-16-44-38-14-37-98-100-91-93|57-42-43-15-41-22-75-56-74-72-73-58|50-33-81-9-78-34-35-51-1|7-62-11-64-49-19-48-82-18-52|47-36-46-8-84-86-17-83-89|94-96-59-5-99-6-87-97-95-13-2|60-45-88-32-66-71-20-70|27-69-40-53|65-30-90-63-10-31|12-76-3-79-29-24-68-80-77-28|26-21-39-23-67-55-4-25-54
194,11,1193.6255,90.709,147.0,226.6773,0,11,23.863359,23.881803,True,92-85-61-16-44-38-14-37-98-100-91-93|57-42-43-15-41-22-75-56-74-72-73-58|50-33-81-9-78-34-35-51-1|7-62-11-64-49-19-48-82-18-52|47-36-46-8-84-86-17-83-89|94-96-59-5-99-6-87-97-95-13-2|60-45-88-32-66-71-20-70|27-69-40-53|65-30-90-63-10-31|12-76-3-79-29-24-68-80-77-28|26-21-39-23-67-55-4-25-54
195,12,1193.9395,168.5938,101.0,227.6573,0,12,23.957579,23.983647,True,92-91-44-14-38-86-16-61-13-58|2-57-43-15-41-22-75-56-74-72-73-21|76-3-79-29-24-68-80-77-28|12-54-39-23-67-55-4-25-26|50-33-81-9-78-34-35-51-1|20-71-65-66-32-63-90-70|27-69-30-88-10-31|62-11-64-49-19-48-82-7-52|47-36-46-8-84-83-17-100-93|45-85-96-40|97-37-42-87-53|94-95-98-59-99-6-5-60-18-89
196,11,1194.0036,88.1128,150.0,227.8295,0,11,23.976805,23.995446,True,92-37-91-44-14-38-86-16-61-85-93|2-42-43-15-41-22-75-74-4-73-58|50-33-81-9-78-34-35-51-1|52-7-62-11-64-49-19-48-82-18|47-36-46-8-84-5-17-83-60-89|94-95-98-59-99-6-87-57-13-97-100|96-45-88-32-66-71-20-70|27-69-40-53|65-30-90-63-10-31|12-76-3-79-29-24-68-80-77-28|21-72-39-23-67-56-55-25-54-26
197,11,1194.4161,146.8149,101.0,228.2522,0,11,24.100538,24.123271,True,98-91-44-14-38-86-16-61-13-58|57-42-43-15-41-22-75-56-74-72-73-21|45-40-2-87-97-37-100-85-93|27-76-3-79-29-24-68-80-77-12|28-50-33-81-9-78-34-35-51-1|20-71-65-66-32-63-90-70|69-88-30-10-17-60-89|31-62-11-64-49-19-47-46-18|7-48-36-8-84-5-83-82-52|94-95-92-59-96-99-6-53|26-39-23-67-55-4-25-54
198,11,1194.4189,164.0774,131.0,226.7704,0,11,24.101381,24.129482,True,92-98-91-44-14-38-86-16-61-85-93|57-42-43-15-41-22-75-56-74-72-73-21|27-69-40-2-87-97-100-37-59|12-54-39-23-67-55-4-25-26|63-30-9-78-34-35-51-1|33-71-65-66-20-32-90-70|47-36-46-8-84-17-60-89|18-83-45-5-99-96-6-94-95-13-58|50-81-76-3-79-29-24-68-80-77-28|62-11-64-49-19-48-82-7-52|88-53-10-31
199,11,1194.4189,164.0774,131.0,226.7704,0,11,24.101381,24.129482,True,92-98-91-44-14-38-86-16-61-85-93|57-42-43-15-41-22-75-56-74-72-73-21|27-69-40-2-87-97-100-37-59|12-54-39-23-67-55-4-25-26|63-30-9-78-34-35-51-1|33-71-65-66-20-32-90-70|47-36-46-8-84-17-60-89|18-83-45-5-99-96-6-94-95-13-58|50-81-76-3-79-29-24-68-80-77-28|62-11-64-49-19-48-82-7-52|88-53-10-31
200,12,1194.5111,253.5943,114.0,226.6096,0,12,24.129052,24.169184,True,95-98-91-44-38-86-16-17-61-85-93|59-92-42-15-57-87-43-14-100-37-94|1-33-76-3-79-29-24-68-80-77-28|21-39-23-67-56-55-25-54-12|51-71-65-66-20-32-63|47-36-64-49-10-90-70|27-69-30-9-78-34-35-81-50|53-40-2-97-13-58|73-72-75-41-22-74-4-26|18-83-45-5-99-96-6|19-11-62-88-31|89-60-84-8-46-48-82-7-52
201,11,1195.2039,182.7224,94.0,227.4031,0,11,24.336889,24.364417,True,57-42-43-15-41-22-75-56-74-72-73-21|45-40-2-87-97-37-100-85-93|27-12-76-3-79-29-24-68-80-77-28|50-33-81-9-78-34-35-51-1|89-62-11-64-49-19-47-46-18|7-48-36-8-84-5-83-82-52|94-95-92-59-96-99-6-53-13-58|69-88-30-10-63-90-32-31|54-39-23-67-55-4-25-26|71-65-66-20-70|98-91-44-14-38-86-16-61-17-60
202,12,1196.6951,225.8981,114.0,224.4492,0,12,24.784233,24.820542,True,95-98-91-44-38-86-16-17-61-85-93|92-37-42-15-57-87-43-14-100-59-94|1-33-76-3-79-29-24-68-80-77-28|12-54-39-23-67-56-55-25-26|51-71-65-66-20-32-63|47-36-64-49-10-90-70|27-69-30-9-78-34-35-81-50|53-40-2-97-13-58|21-73-72-75-41-22-74-4|18-83-45-5-99-96-6|7-19-11-62-88-31|89-60-84-8-46-48-82-52
203,12,1196.6951,225.8981,114.0,224.4492,0,12,24.784233,24.820542,True,95-98-91-44-38-86-16-17-61-85-93|92-37-42-15-57-87-43-14-100-59-94|1-33-76-3-79-29-24-68-80-77-28|12-54-39-23-67-56-55-25-26|51-71-65-66-20-32-63|47-36-64-49-10-90-70|27-69-30-9-78-34-35-81-50|53-40-2-97-13-58|21-73-72-75-41-22-74-4|18-83-45-5-99-96-6|7-19-11-62-88-31|89-60-84-8-46-48-82-52
204,11,1196.9796,136.3535,129.0,227.6451,0,11,24.869599,24.894241,True,98-91-44-14-38-86-16-61-13-58|57-42-43-15-41-22-75-56-74-72-73-21|69-76-3-79-29-24-68-80-77-28|12-54-39-23-67-55-4-25-26|27-50-81-9-78-34-35-51-1|33-71-65-66-20-32-90-70|7-62-11-64-49-19-47-48-82-52|94-95-92-59-96-99-6-53|45-36-8-84-46-17-83|60-18-88-30-63-10-31-89|2-40-87-97-5-85-100-37-93
205,11,1197.1848,196.6308,120.0,224.2601,0,11,24.931169,24.963507,True,92-37-91-44-14-38-86-16-61-85-93|57-42-43-15-41-22-56-74-72-73-2|27-69-30-9-78-34-35-71-51|52-31-62-11-64-49-19-48-82-18|47-36-46-8-84-5-17-83-60-89|26-54-39-23-67-55-68-80-28|94-95-98-59-99-6-87-97-13-100-58|53-40-21-75-4-25|96-45-7-88-10-90-70-1|33-81-65-66-20-32-63|12-24-29-76-79-3-77-50
206,11,1197.1848,196.6308,120.0,224.2601,0,11,24.931169,24.963507,True,92-37-91-44-14-38-86-16-61-85-93|57-42-43-15-41-22-56-74-72-73-2|27-69-30-9-78-34-35-71-51|52-31-62-11-64-49-19-48-82-18|47-36-46-8-84-5-17-83-60-89|26-54-39-23-67-55-68-80-28|94-95-98-59-99-6-87-97-13-100-58|53-40-21-75-4-25|96-45-7-88-10-90-70-1|33-81-65-66-20-32-63|12-24-29-76-79-3-77-50
207,11,1197.4475,92.2881,137.0,229.8903,0,11,25.009955,25.029265,True,92-37-91-44-14-38-86-16-61-85-93|57-42-43-15-41-22-73-74-4-21-58|50-33-81-9-78-34-35-71-51-1|52-7-62-11-64-49-19-48-82-18|47-36-46-8-84-5-17-83-60-89|94-95-98-59-99-6-87-13-97-100-96|2-26-24-29-79-3-68-80-77-28|27-69-76-40-53|45-88-63-90-32-66-20-70|65-30-10-31|72-75-39-23-67-56-55-25-54-12
208,11,1197.4475,92.2881,137.0,229.8903,0,11,25.009955,25.029265,True,92-37-91-44-14-38-86-16-61-85-93|57-42-43-15-41-22-73-74-4-21-58|50-33-81-9-78-34-35-71-51-1|52-7-62-11-64-49-19-48-82-18|47-36-46-8-84-5-17-83-60-89|94-95-98-59-99-6-87-13-97-100-96|2-26-24-29-79-3-68-80-77-28|27-69-76-40-53|45-88-63-90-32-66-20-70|65-30-10-31|72-75-39-23-67-56-55-25-54-12
209,11,1198.0276,101.1316,91.0,228.2522,0,11,25.183999,25.199963,True,92-37-91-44-14-38-86-16-61-100-93-96|2-42-43-15-41-22-75-74-72-73-21-26|28-50-33-81-78-9-35-34-51-1|62-11-64-49-19-48-82-18-52|47-36-46-8-84-17-5-83-60|95-97-98-85-99-6-87-57-13-58|45-7-88-32-66-71-20-70|89-59-94-40-53|54-39-23-67-56-55-4-25|65-30-90-63-10-31|27-69-76-3-79-29-24-68-80-77-12
210,11,1198.0276,101.1316,91.0,228.2522,0,11,25.183999,25.199963,True,92-37-91-44-14-38-86-16-61-100-93-96|2-42-43-15-41-22-75-74-72-73-21-26|28-50-33-81-78-9-35-34-51-1|62-11-64-49-19-48-82-18-52|47-36-46-8-84-17-5-83-60|95-97-98-85-99-6-87-57-13-58|45-7-88-32-66-71-20-70|89-59-94-40-53|54-39-23-67-56-55-4-25|65-30-90-63-10-31|27-69-76-3-79-29-24-68-80-77-12
211,12,1198.2672,229.6526,91.0,226.7704,0,12,25.255873,25.291265,True,92-91-44-14-38-86-16-61-13-58|57-42-43-15-41-22-75-56-74-72-73-21|40-2-87-97-37-98-100-85-93|76-3-79-29-24-68-80-77-28|12-54-39-23-67-55-4-25-26|50-33-81-9-78-34-35-51-1|20-71-65-32-10-63-90-70|27-69-30-88-66|31-62-11-64-49-19-48-52|7-47-36-46-8-82-18|94-95-59-99-96-53|83-45-60-6-84-17-5-89
212,12,1198.2672,229.6526,91.0,226.7704,0,12,25.255873,25.291265,True,92-91-44-14-38-86-16-61-13-58|57-42-43-15-41-22-75-56-74-72-73-21|40-2-87-97-37-98-100-85-93|76-3-79-29-24-68-80-77-28|12-54-39-23-67-55-4-25-26|50-33-81-9-78-34-35-51-1|20-71-65-32-10-63-90-70|27-69-30-88-66|31-62-11-64-49-19-48-52|7-47-36-46-8-82-18|94-95-59-99-96-53|83-45-60-6-84-17-5-89
213,12,1198.6771,206.142,85.0,227.6573,0,12,25.37885,25.410372,True,2-57-43-41-22-75-56-74-72-73-21-58|42-15-40-87-97-37-98-100-85-93|76-3-79-29-24-68-80-77-28|12-54-39-23-67-55-4-25-26|50-33-81-9-78-34-35-51-1|20-71-65-66-32-63-90-70|27-69-30-88-10-31|7-47-36-46-8-82-18-13|94-96-99-95-53|89-83-45-60-6-84-17-5|62-11-64-49-19-48-52|92-14-44-38-86-16-61-91-59
214,11,1199.3101,128.4103,101.0,227.6573,0,11,25.568748,25.590099,True,98-91-44-14-38-86-16-61-13-58|57-42-43-15-41-22-75-56-74-72-73-21|45-40-2-87-97-37-100-85-93|27-12-76-3-79-29-24-68-80-77|28-50-33-81-9-78-34-35-51-1|20-71-65-66-32-63-90-70|69-88-30-10-17-60-89|31-62-11-64-49-19-47-46-18|7-48-36-8-84-5-83-82-52|94-95-92-59-96-99-6-53|26-39-23-67-55-4-25-54
215,11,1199.3101,128.4103,101.0,227.6573,0,11,25.568748,25.590099,True,98-91-44-14-38-86-16-61-13-58|57-42-43-15-41-22-75-56-74-72-73-21|45-40-2-87-97-37-100-85-93|27-12-76-3-79-29-24-68-80-77|28-50-33-81-9-78-34-35-51-1|20-71-65-66-32-63-90-70|69-88-30-10-17-60-89|31-62-11-64-49-19-47-46-18|7-48-36-8-84-5-83-82-52|94-95-92-59-96-99-6-53|26-39-23-67-55-4-25-54
216,11,1200.1355,179.2836,128.0,225.9188,0,11,25.816381,25.848051,True,92-98-91-44-14-38-86-16-61-85-93|42-43-15-41-22-75-56-74-72-73-21-58|40-2-87-97-37-100-59-95|76-3-79-78-29-68-24-80|12-54-39-23-67-55-4-25-26|47-36-46-8-84-17-60-89|18-83-45-5-99-96-6-94-57-13|33-51-65-71-9-35-34-81-50|31-62-11-64-49-19-48-82-7-52|27-69-88-63-90-32-66-70|1-20-30-53-10-77-28
217,11,1200.1355,179.2836,128.0,225.9188,0,11,25.816381,25.848051,True,92-98-91-44-14-38-86-16-61-85-93|42-43-15-41-22-75-56-74-72-73-21-58|40-2-87-97-37-100-59-95|76-3-79-78-29-68-24-80|12-54-39-23-67-55-4-25-26|47-36-46-8-84-17-60-89|18-83-45-5-99-96-6-94-57-13|33-51-65-71-9-35-34-81-50|31-62-11-64-49-19-48-82-7-52|27-69-88-63-90-32-66-70|1-20-30-53-10-77-28
218,11,1200.1506,174.6505,118.0,226.7704,0,11,25.820895,25.851001,True,92-98-91-44-14-38-86-16-61-85-93|57-42-43-15-41-22-75-56-74-72-73-21|27-40-2-87-97-37-100-59-95|50-69-30-9-78-34-35-51-1|81-71-65-66-20-32-90-70|62-11-64-49-19-48-82-7-52|45-46-47-8-84-5-17-83-60-89|33-3-76-79-29-24-4-25-12|18-36-88-63-10-31|26-54-39-23-67-55-68-80-77-28|94-96-99-6-53-13-58
219,11,1200.1506,174.6505,118.0,226.7704,0,11,25.820895,25.851001,True,92-98-91-44-14-38-86-16-61-85-93|57-42-43-15-41-22-75-56-74-72-73-21|27-40-2-87-97-37-100-59-95|50-69-30-9-78-34-35-51-1|81-71-65-66-20-32-90-70|62-11-64-49-19-48-82-7-52|45-46-47-8-84-5-17-83-60-89|33-3-76-79-29-24-4-25-12|18-36-88-63-10-31|26-54-39-23-67-55-68-80-77-28|94-96-99-6-53-13-58
220,11,1200.9758,139.9401,131.0,225.9188,0,11,26.06847,26.094789,True,92-98-91-44-14-38-86-16-61-85-93|42-43-15-41-22-75-56-74-72-73-21-58|27-69-40-2-87-57-97-100-37-59|12-54-39-23-67-55-4-25-26|63-30-9-78-34-35-51-1|33-71-65-66-20-32-90-70|47-36-46-8-84-17-60-89|18-83-45-5-99-96-6-94-95-13|50-81-76-3-79-29-24-68-80-77-28|62-11-64-49-19-48-82-7-52|88-53-10-31
221,11,1201.2887,139.1814,73.0,227.6573,0,11,26.162325,26.183086,True,98-91-44-14-38-86-16-61-13-58|57-42-43-15-41-22-75-56-74-72-73-21|45-40-2-87-97-37-100-85-93|12-76-3-79-29-24-68-80-77-28|50-33-81-9-78-34-35-51-1|20-71-65-66-32-63-90-70|27-69-30-88-10-31-17-60|89-62-11-64-49-19-47-46-18|7-48-36-8-84-5-83-82-52|94-95-92-59-96-99-6-53|26-39-23-67-55-4-25-54
222,11,1201.2887,139.1814,73.0,227.6573,0,11,26.162325,26.183086,True,98-91-44-14-38-86-16-61-13-58|57-42-43-15-41-22-75-56-74-72-73-21|45-40-2-87-97-37-100-85-93|12-76-3-79-29-24-68-80-77-28|50-33-81-9-78-34-35-51-1|20-71-65-66-32-63-90-70|27-69-30-88-10-31-17-60|89-62-11-64-49-19-47-46-18|7-48-36-8-84-5-83-82-52|94-95-92-59-96-99-6-53|26-39-23-67-55-4-25-54
223,12,1201.587,223.8859,114.0,226.6096,0,12,26.251806,26.289605,True,95-98-91-16-44-38-86-17-61-85-93|92-37-42-15-57-87-43-14-100-59-94|1-33-76-3-79-29-24-68-80-77-28|12-54-39-67-56-55-25-26|51-71-65-66-20-32-63|47-36-64-49-10-90-70|27-69-30-9-78-34-35-81-50|53-40-2-97-13-58|21-73-72-75-23-41-22-74-4|18-83-45-5-99-96-6|19-11-62-88-31|89-60-84-8-46-48-82-7-52
224,11,1201.7134,158.0036,66.0,228.2522,0,11,26.28974,26.31284,True,98-91-44-14-38-86-16-61-13-58|57-42-43-15-41-22-75-56-74-72-73-21|45-40-2-87-97-37-100-85-93|27-76-3-79-29-24-68-80-77-12|28-50-33-81-9-78-34-35-51-1|20-71-65-66-32-63-90-70|69-88-30-10-31-17-5|62-11-64-49-19-47-46-18|7-48-36-8-84-60-83-82-52-89|94-95-92-59-96-99-6-53|26-39-23-67-55-4-25-54
225,11,1201.7134,158.0036,66.0,228.2522,0,11,26.28974,26.31284,True,98-91-44-14-38-86-16-61-13-58|57-42-43-15-41-22-75-56-74-72-73-21|45-40-2-87-97-37-100-85-93|27-76-3-79-29-24-68-80-77-12|28-50-33-81-9-78-34-35-51-1|20-71-65-66-32-63-90-70|69-88-30-10-31-17-5|62-11-64-49-19-47-46-18|7-48-36-8-84-60-83-82-52-89|94-95-92-59-96-99-6-53|26-39-23-67-55-4-25-54
226,11,1201.9552,87.8497,166.0,227.9218,0,11,26.362286,26.384887,True,92-37-91-44-14-38-86-16-61-85-93|57-42-43-15-41-22-75-74-4-73-58|50-33-81-9-78-34-35-51-1|52-7-62-11-64-49-19-48-82-18|47-36-46-8-84-5-17-83-60-89|94-95-98-59-99-6-87-97-13-100-2|96-45-88-32-66-71-20-70|69-40-53|65-30-90-63-10-31|27-12-76-3-79-29-24-68-80-77-28|21-72-39-23-67-56-55-25-54-26
227,11,1202.3661,84.2784,147.0,228.2522,0,11,26.485558,26.505896,True,92-85-61-16-44-38-14-37-98-100-91-93|57-42-43-15-41-22-75-56-74-72-73-58|1-50-33-81-9-78-34-35-20-51|52-7-62-11-64-49-19-48-82-18|47-36-46-8-84-86-17-83-89|96-59-5-99-6-87-2-97-95-13-94|60-45-88-63-32-66-71-70|27-69-40-53|65-30-90-10-31|28-76-3-79-29-24-68-80-77-12|26-21-39-23-67-55-4-25-54
228,11,1202.3661,84.2784,147.0,228.2522,0,11,26.485558,26.505896,True,92-85-61-16-44-38-14-37-98-100-91-93|57-42-43-15-41-22-75-56-74-72-73-58|1-50-33-81-9-78-34-35-20-51|52-7-62-11-64-49-19-48-82-18|47-36-46-8-84-86-17-83-89|96-59-5-99-6-87-2-97-95-13-94|60-45-88-63-32-66-71-70|27-69-40-53|65-30-90-10-31|28-76-3-79-29-24-68-80-77-12|26-21-39-23-67-55-4-25-54
229,11,1202.3796,129.0644,74.0,228.2522,0,11,26.4896,26.50936,True,98-91-44-14-38-86-16-61-13|57-42-43-15-41-22-75-56-74-72-73-58|45-40-2-87-97-37-100-85-93|27-76-3-79-29-24-68-80-77-12|28-50-33-81-9-78-34-35-51-1|20-71-65-66-32-63-90-70|69-88-30-10-31-17-60|89-62-11-64-49-19-47-46-18|7-48-36-8-84-5-83-82-52|94-95-92-59-96-99-6-53|26-21-39-23-67-55-4-25-54
230,11,1202.3796,129.0644,74.0,228.2522,0,11,26.4896,26.50936,True,98-91-44-14-38-86-16-61-13|57-42-43-15-41-22-75-56-74-72-73-58|45-40-2-87-97-37-100-85-93|27-76-3-79-29-24-68-80-77-12|28-50-33-81-9-78-34-35-51-1|20-71-65-66-32-63-90-70|69-88-30-10-31-17-60|89-62-11-64-49-19-47-46-18|7-48-36-8-84-5-83-82-52|94-95-92-59-96-99-6-53|26-21-39-23-67-55-4-25-54
231,11,1204.0684,91.6214,131.0,228.2522,0,11,26.996236,27.016586,True,92-91-44-14-38-86-16-61-85-93-96|2-42-43-15-41-22-75-74-4-73-58|28-50-33-81-9-78-34-35-51-1|52-62-11-64-49-19-48-82-18|47-36-46-8-84-5-17-83-60-89|94-95-37-98-99-6-87-57-13-97-100|45-7-88-32-66-71-20-70|27-59-40-53|65-30-90-63-10-31|69-76-3-79-29-24-68-80-77-12|21-72-39-23-67-56-55-25-54-26
232,11,1204.0684,91.6214,131.0,228.2522,0,11,26.996236,27.016586,True,92-91-44-14-38-86-16-61-85-93-96|2-42-43-15-41-22-75-74-4-73-58|28-50-33-81-9-78-34-35-51-1|52-62-11-64-49-19-48-82-18|47-36-46-8-84-5-17-83-60-89|94-95-37-98-99-6-87-57-13-97-100|45-7-88-32-66-71-20-70|27-59-40-53|65-30-90-63-10-31|69-76-3-79-29-24-68-80-77-12|21-72-39-23-67-56-55-25-54-26
233,11,1204.5546,108.5542,137.0,227.8295,0,11,27.142088,27.16566,True,92-37-91-44-14-38-86-16-61-85-93|2-42-43-15-41-22-75-74-4-73-58|50-33-81-9-78-34-35-51-1|7-62-11-64-49-19-48-82-18-52|47-36-46-8-84-5-17-83-60-89|94-95-98-59-99-6-87-57-13-97-100|96-45-88-32-66-71-20-70|27-69-76-40-53|65-30-90-63-10-31|12-3-79-29-24-68-80-77-28|21-72-39-23-67-56-55-25-54-26
234,11,1205.5304,132.81,90.0,227.6573,0,11,27.434851,27.457629,True,96-91-44-14-38-86-16-61-13-58|57-42-43-15-41-22-75-56-74-72-73-21|45-40-2-87-97-37-98-100-85-93|27-12-76-3-79-29-24-68-80-77-28|50-33-81-9-78-34-35-51-1|20-71-65-66-32-63-90-70|69-88-30-10-31-17-60|89-62-11-64-49-19-47-46-18|7-48-36-8-84-5-83-82-52|94-95-92-59-99-6-53|26-39-23-67-55-4-25-54
235,11,1205.9677,179.3911,98.0,227.0605,0,11,27.566036,27.596642,True,92-98-91-44-14-38-86-16-61-85-93|57-42-43-15-41-22-75-56-74-72-73-21|27-69-40-2-87-13-97-100-37|12-76-78-9-35-34-81-1|33-65-71-66-20-32-90-70|18-62-11-64-49-19-48-82-7-52|47-36-46-8-84-5-17-83-60-89|50-51-3-79-29-24-54-4-25|45-88-30-63-10-31|26-39-23-67-55-68-80-77-28|94-95-59-96-99-6-53-58
236,11,1205.9677,179.3911,98.0,227.0605,0,11,27.566036,27.596642,True,92-98-91-44-14-38-86-16-61-85-93|57-42-43-15-41-22-75-56-74-72-73-21|27-69-40-2-87-13-97-100-37|12-76-78-9-35-34-81-1|33-65-71-66-20-32-90-70|18-62-11-64-49-19-48-82-7-52|47-36-46-8-84-5-17-83-60-89|50-51-3-79-29-24-54-4-25|45-88-30-63-10-31|26-39-23-67-55-68-80-77-28|94-95-59-96-99-6-53-58
237,11,1206.4022,196.1977,114.0,226.4041,0,11,27.696371,27.73113,True,92-37-91-44-14-38-86-16-61-85-93|57-42-43-15-41-22-74-72-73-2|76-79-78-34-35-51-1|31-62-11-64-49-19-48-82-18-89|47-36-46-8-84-17-5-83-60|26-21-39-23-67-55-68-80-77-28|94-95-98-59-99-6-87-97-13-100-58|27-53-40-75-56-4-25|96-45-7-88-10-90-32-20-70|33-81-65-71-9-66-63-52|69-30-50-3-29-24-54-12
238,11,1206.4022,196.1977,114.0,226.4041,0,11,27.696371,27.73113,True,92-37-91-44-14-38-86-16-61-85-93|57-42-43-15-41-22-74-72-73-2|76-79-78-34-35-51-1|31-62-11-64-49-19-48-82-18-89|47-36-46-8-84-17-5-83-60|26-21-39-23-67-55-68-80-77-28|94-95-98-59-99-6-87-97-13-100-58|27-53-40-75-56-4-25|96-45-7-88-10-90-32-20-70|33-81-65-71-9-66-63-52|69-30-50-3-29-24-54-12
239,11,1206.5947,127.733,82.0,229.7852,0,11,27.75413,27.775984,True,98-91-44-14-38-86-16-61-13|42-43-15-41-22-75-56-74-72-73-21-58|45-40-2-87-57-37-100-85-93|27-76-3-79-29-24-68-80-77-12|28-50-33-81-9-78-34-35-51-1|20-71-65-66-32-63-90-70|69-88-30-10-82-17-83|52-31-62-11-64-49-19-47-46-18|7-48-36-8-84-5-60-97-89|94-95-92-59-96-99-6-53|26-39-23-67-55-4-25-54
240,11,1206.7826,134.0232,89.0,227.6573,0,11,27.810499,27.833734,True,98-91-44-14-38-86-16-61-13-58|57-42-43-15-41-22-75-56-74-72-73-21|45-40-2-87-97-37-100-85-93|27-12-76-3-79-29-24-68-80-77-28|50-33-81-9-78-34-35-51-1|20-71-65-66-32-63-90-70|69-88-30-10-31-17-60|89-62-11-64-49-19-47-46-18|7-48-36-8-84-5-83-82-52|94-95-92-59-96-99-6-53|26-39-23-67-55-4-25-54
241,11,1207.4907,162.299,118.0,226.1957,0,11,28.022913,28.053283,True,97-91-44-14-38-86-16-61-85-93|42-43-15-41-22-75-56-74-72-73-21-58|59-98-92-40-2-87-13|12-54-39-23-67-55-4-25-26|27-69-30-9-78-34-35-51-1|20-71-65-66-32-70|47-36-46-8-84-17-60-96-89|18-83-45-5-99-6-94-95-37-100-57|50-33-81-76-3-79-29-24-68-80-77-28|62-11-64-49-19-48-82-7-52|88-53-10-63-90-31
242,11,1209.1382,106.5542,137.0,227.8295,0,11,28.517165,28.541813,True,92-37-91-44-14-38-86-16-61-85-93|2-42-43-15-41-22-75-74-4-73-58|50-33-81-9-78-34-35-51-1|7-62-11-64-49-19-48-82-18-52|47-36-46-8-84-5-17-83-60-89|94-95-98-59-99-6-87-57-13-97-100|96-45-88-32-66-71-20-70|27-69-76-40-53|65-30-90-63-10-31|12-3-79-29-24-68-77-80-28|21-72-39-23-67-56-55-25-54-26
243,11,1209.2894,172.9631,108.0,227.3485,0,11,28.562535,28.594217,True,92-98-91-44-14-38-86-16-61-85-93|57-42-43-15-41-22-75-74-72-73-21-58|1-69-40-2-87-97-37-100-59-95|50-33-76-3-79-78-34-35-81-51|20-65-71-9-66-32-90-63|18-62-11-64-49-19-48-82-7-52|47-36-46-8-84-5-17-83-60-89|45-88-30-10-70-31|54-39-23-67-56-55-4-25|27-94-99-96-6-13|12-26-53-24-29-68-80-77-28
244,11,1209.2894,172.9631,108.0,227.3485,0,11,28.562535,28.594217,True,92-98-91-44-14-38-86-16-61-85-93|57-42-43-15-41-22-75-74-72-73-21-58|1-69-40-2-87-97-37-100-59-95|50-33-76-3-79-78-34-35-81-51|20-65-71-9-66-32-90-63|18-62-11-64-49-19-48-82-7-52|47-36-46-8-84-5-17-83-60-89|45-88-30-10-70-31|54-39-23-67-56-55-4-25|27-94-99-96-6-13|12-26-53-24-29-68-80-77-28
245,11,1210.1604,124.787,85.0,227.6573,0,11,28.823827,28.84629,True,92-42-14-44-38-86-16-61-13-58|2-57-43-15-41-22-75-56-74-72-73-21|45-40-87-97-37-98-91-100-85-93|27-12-76-3-79-29-24-68-80-77-28|50-33-81-9-78-34-35-51-1|20-71-65-66-32-63-90-70|69-88-30-10-31-17-60|89-62-11-64-49-19-47-46-18|7-48-36-8-84-5-83-82-52|94-95-59-96-99-6-53|26-39-23-67-55-4-25-54
246,11,1210.5887,158.1474,119.0,225.433,0,11,28.952333,28.982995,True,92-37-91-44-14-38-86-16-61-85-93|2-42-43-15-41-22-75-56-74-72-73|27-69-76-3-79-78-34-35-71|52-7-62-11-64-49-19-48-82-18|47-36-46-8-84-5-17-83-60-89|21-39-23-67-55-68-77-28|1-51-65-66-32-90-63-31|94-95-99-6-87-57-13-100-58|96-59-98-97-53-40-4-25-54-26|45-88-30-20-10-70|50-33-81-9-29-24-80-12
247,11,1210.6898,99.0635,116.0,228.6924,0,11,28.98266,29.004679,True,37-42-14-44-38-86-16-61-91-100-93|2-57-43-15-41-22-75-74-4-73-58|50-33-81-9-78-34-35-51-1|52-7-62-11-64-49-19-48-82-18|47-36-46-8-84-5-17-83-60-89|94-92-98-85-99-6-87-97-95-13|96-45-88-32-66-71-20-70|27-69-76-40-53|65-30-90-63-10-31-59|12-3-79-29-24-68-80-77-28|21-72-39-23-67-56-55-25-54-26
248,11,1211.7559,134.2534,110.0,226.3415,0,11,29.3025,29.329164,True,92-37-91-44-14-38-86-16-61-85-93|95-42-43-15-41-22-75-56-74-72-73-58|27-69-76-3-78-34-35-71-51-1|52-7-62-11-64-49-19-48-82-18-89|47-36-46-8-84-17-5-83-60|26-39-23-67-55-68-80-12|65-32-90-63-10-31|94-99-6-87-57-2-13-100|96-59-98-97-53-40-21-4-25-54|45-88-30-66-20-70|50-33-81-9-79-29-24-77-28
249,11,1212.1454,89.0796,109.0,225.4394,0,11,29.41933,29.4391,True,2-43-15-41-22-75-56-74-72-73-21|27-69-76-3-78-34-35-71-51-1|52-7-62-11-64-49-19-48-82-18|47-36-46-8-84-5-17-83-60-89|26-54-39-23-67-55-68-80-77-28|65-32-90-63-10-31|94-95-37-85-99-6-87-57-13-58|96-59-92-97-53-40-4-25|45-88-30-66-20-70|50-33-81-9-79-29-24-12|42-14-44-38-86-16-61-91-100-98-93
250,11,1212.5749,117.4401,108.0,228.1373,0,11,29.5482,29.572657,True,92-37-91-44-14-38-86-16-61-100-93-96|2-42-43-15-41-22-75-56-74-72-73-21|27-69-76-3-78-34-35-71-51-1|52-7-62-11-64-49-19-48-82-18|47-36-46-8-84-17-83-60-89|26-54-39-23-67-55-68-77-28|65-30-32-90-10-31|94-95-99-6-87-57-13-58|59-85-98-97-53-40-4-25|5-45-88-63-66-20-70|50-33-81-9-79-29-24-80-12
251,11,1212.6523,72.456,137.0,227.9218,0,11,29.571407,29.592007,True,92-37-91-44-14-38-86-16-61-85-93|57-42-43-15-41-22-75-74-4-73-58|33-65-9-78-34-35-71-51|52-7-62-11-64-49-19-48-82-18|47-36-46-8-84-5-17-83-60-89|94-95-98-59-99-6-87-97-13-100-2|96-45-88-63-66-32-70|27-69-76-40-53|1-30-20-90-10-31|12-50-81-79-3-29-24-68-80-77-28|21-72-39-23-67-56-55-25-54-26
252,11,1212.6523,72.456,137.0,227.9218,0,11,29.571407,29.592007,True,92-37-91-44-14-38-86-16-61-85-93|57-42-43-15-41-22-75-74-4-73-58|33-65-9-78-34-35-71-51|52-7-62-11-64-49-19-48-82-18|47-36-46-8-84-5-17-83-60-89|94-95-98-59-99-6-87-97-13-100-2|96-45-88-63-66-32-70|27-69-76-40-53|1-30-20-90-10-31|12-50-81-79-3-29-24-68-80-77-28|21-72-39-23-67-56-55-25-54-26
253,11,1212.666,120.971,72.0,227.6573,0,11,29.575528,29.596871,True,92-98-91-44-14-38-86-16-61-17|57-42-43-15-41-22-75-56-74-72-73-21|45-40-2-87-97-37-100-85-93|27-12-76-3-79-29-24-68-80-77-28|1-50-33-81-9-78-34-35-51-31|20-71-65-66-32-63-90-70|69-88-30-10-60-13-58|89-62-11-64-49-19-47-46-18|7-48-36-8-84-5-83-82-52|94-95-59-96-99-6-53|26-39-23-67-55-4-25-54
254,11,1212.666,120.971,72.0,227.6573,0,11,29.575528,29.596871,True,92-98-91-44-14-38-86-16-61-17|57-42-43-15-41-22-75-56-74-72-73-21|45-40-2-87-97-37-100-85-93|27-12-76-3-79-29-24-68-80-77-28|1-50-33-81-9-78-34-35-51-31|20-71-65-66-32-63-90-70|69-88-30-10-60-13-58|89-62-11-64-49-19-47-46-18|7-48-36-8-84-5-83-82-52|94-95-59-96-99-6-53|26-39-23-67-55-4-25-54
255,11,1215.0333,117.5563,102.0,227.4415,0,11,30.285695,30.310203,True,57-42-14-44-38-86-16-61-91-85-93|2-43-15-41-22-75-56-74-72-73-58|27-69-76-3-78-34-35-71-51|52-7-62-11-64-49-19-48-82-18|47-36-46-8-84-5-17-83-60-89|26-54-39-23-67-55-68-80-77-28|65-32-90-63-10-31|95-92-37-59-99-6-87-13-97-100-98|96-94-53-40-21-4-25|45-88-30-66-20-70-1|50-33-81-9-79-29-24-12
256,11,1216.5537,114.5063,84.0,227.6573,0,11,30.741821,30.764561,True,92-91-44-14-38-86-16-61-13-58|57-42-43-15-41-22-75-56-74-72-73-21|45-40-2-87-97-37-98-100-85-93|12-33-76-3-79-29-24-68-80-77-28|27-50-81-9-78-34-35-51-1|20-71-65-66-32-63-90-70|69-88-30-10-31-17-60|89-62-11-64-49-47-19-7|48-36-46-8-84-5-83-82-18-52|94-95-59-96-99-6-53|26-39-23-67-55-4-25-54
257,11,1216.5537,114.5063,84.0,227.6573,0,11,30.741821,30.764561,True,92-91-44-14-38-86-16-61-13-58|57-42-43-15-41-22-75-56-74-72-73-21|45-40-2-87-97-37-98-100-85-93|12-33-76-3-79-29-24-68-80-77-28|27-50-81-9-78-34-35-51-1|20-71-65-66-32-63-90-70|69-88-30-10-31-17-60|89-62-11-64-49-47-19-7|48-36-46-8-84-5-83-82-18-52|94-95-59-96-99-6-53|26-39-23-67-55-4-25-54
258,11,1216.573,145.6441,107.0,227.4313,0,11,30.747608,30.777289,True,57-14-44-38-86-16-61-91-85-93|2-42-43-15-41-22-75-56-74-72-73-21|27-69-76-3-78-34-35-71-51-1|52-7-62-11-64-49-19-48-82-18-89|47-36-46-8-84-17-5-83-60|26-54-39-23-67-55-68-77-28|65-32-90-63-10-31|94-95-99-6-87-13-37-100-98|96-59-92-97-53-40-4-25-58|45-88-30-66-20-70|50-33-81-9-79-29-24-80-12
259,11,1217.4078,115.6425,108.0,225.1935,0,11,30.998049,31.023245,True,37-91-44-14-38-86-16-61-85-93|97-42-43-15-41-22-75-56-74-72-73-21|27-69-76-3-78-34-35-71-51-1|52-7-62-11-64-49-19-48-82-18|47-36-46-8-84-5-17-83-60-89|26-54-39-23-67-55-68-77-28|65-32-90-63-10-31|94-96-99-6-87-57-2-13-100|59-98-92-95-53-40-4-25-58|45-88-30-66-20-70|50-33-81-9-79-29-24-80-12
260,11,1217.4834,78.3744,99.0,225.4394,0,11,31.020733,31.039499,True,92-98-44-14-38-86-16-61-91-100-93|2-42-43-15-41-22-75-74-72-73-21-58|27-69-76-3-78-34-35-71-51|52-7-62-11-64-49-19-48-82-18|47-36-46-8-84-5-17-83-60-89|26-54-39-23-67-55-68-80-77-28|65-32-90-63-10-31|94-95-85-99-6-87-57-13|96-59-37-97-53-40-56-4-25|45-88-30-66-20-70-1|50-33-81-9-79-29-24-12
261,11,1217.4834,78.3744,99.0,225.4394,0,11,31.020733,31.039499,True,92-98-44-14-38-86-16-61-91-100-93|2-42-43-15-41-22-75-74-72-73-21-58|27-69-76-3-78-34-35-71-51|52-7-62-11-64-49-19-48-82-18|47-36-46-8-84-5-17-83-60-89|26-54-39-23-67-55-68-80-77-28|65-32-90-63-10-31|94-95-85-99-6-87-57-13|96-59-37-97-53-40-56-4-25|45-88-30-66-20-70-1|50-33-81-9-79-29-24-12
262,11,1219.4092,74.4593,150.0,227.8295,0,11,31.598488,31.622703,True,92-37-91-44-14-38-86-16-61-85-93|42-43-15-41-22-56-4-74-72-73-58|50-33-81-9-78-34-35-51-1|7-62-11-64-49-19-48-82-18-52|47-36-46-8-84-5-17-83-60-89|94-95-98-59-99-6-87-57-13-97-100|96-45-88-32-66-71-20-70|27-69-40-53|65-30-90-63-10-31|2-21-76-3-79-29-24-68-80-77-28|26-75-39-23-67-55-25-54-12
263,11,1219.5565,168.0231,120.0,224.995,0,11,31.642677,31.677545,True,92-37-91-44-14-38-86-16-61-85-93|57-42-43-15-41-22-75-74-72-73-2|27-69-30-9-78-34-35-81-50|31-62-11-64-49-19-48-82-18-52|47-36-46-8-84-5-17-83-60-89|26-54-39-23-67-55-80-12|33-65-90-63-10-70-1|94-96-59-98-99-6-87-97-13-100-58|95-53-40-21-56-4-25|45-7-88-32-20-66-71-51|76-3-79-29-24-68-77-28
264,11,1219.6969,105.2442,94.0,226.2322,0,11,31.684783,31.707862,True,92-42-91-44-38-86-16-61-85-100-93|37-14-43-15-41-22-75-56-74-72-21|27-69-76-3-79-78-34-35-71-51|52-7-62-11-64-49-19-48-82-18|47-36-46-8-84-5-17-83-60-89|26-54-39-23-67-55-68-77-28|65-32-90-63-10-31|94-95-99-6-87-57-2-13-58|96-59-98-97-53-40-73-4-25|45-88-30-66-20-70-1|50-33-81-9-29-24-80-12
265,11,1219.6969,105.2442,94.0,226.2322,0,11,31.684783,31.707862,True,92-42-91-44-38-86-16-61-85-100-93|37-14-43-15-41-22-75-56-74-72-21|27-69-76-3-79-78-34-35-71-51|52-7-62-11-64-49-19-48-82-18|47-36-46-8-84-5-17-83-60-89|26-54-39-23-67-55-68-77-28|65-32-90-63-10-31|94-95-99-6-87-57-2-13-58|96-59-98-97-53-40-73-4-25|45-88-30-66-20-70-1|50-33-81-9-29-24-80-12
266,11,1222.2421,118.228,73.0,227.6573,0,11,32.448347,32.472251,True,98-91-44-14-38-86-16-61-13-58|57-42-43-15-41-22-75-56-74-72-73-21|45-40-2-87-97-37-100-85-93|12-33-76-3-79-29-24-68-80-77-28|50-81-9-78-34-35-51-1|20-71-65-66-32-63-90-70|27-69-30-88-10-31-17-60|89-62-11-64-49-19-47-46-18|7-48-36-8-84-5-83-82-52|94-95-92-59-96-99-6-53|26-39-23-67-55-4-25-54
267,11,1222.8112,116.6064,100.0,224.782,0,11,32.619089,32.645189,True,92-37-91-44-14-38-86-16-61-85-93|2-42-43-15-41-22-75-56-74-72-73|27-69-76-3-78-34-35-71-51|52-7-62-11-64-49-19-48-82-18|47-36-46-8-84-5-17-83-60-89|21-39-23-67-55-68-80-77-28|65-32-90-63-10-31|94-95-99-6-87-57-13-100-58|96-59-98-97-53-40-4-25-54-26|45-88-30-66-20-70-1|50-33-81-9-79-29-24-12
268,11,1222.8112,116.6064,100.0,224.782,0,11,32.619089,32.645189,True,92-37-91-44-14-38-86-16-61-85-93|2-42-43-15-41-22-75-56-74-72-73|27-69-76-3-78-34-35-71-51|52-7-62-11-64-49-19-48-82-18|47-36-46-8-84-5-17-83-60-89|21-39-23-67-55-68-80-77-28|65-32-90-63-10-31|94-95-99-6-87-57-13-100-58|96-59-98-97-53-40-4-25-54-26|45-88-30-66-20-70-1|50-33-81-9-79-29-24-12
269,11,1223.3058,146.5369,70.0,227.8704,0,11,32.767451,32.795653,True,92-98-91-44-14-38-86-61-13-2-58|57-42-43-15-41-22-75-56-74-72-73-21|45-40-87-97-37-16-100-85-93|12-76-3-79-29-24-68-80-77-28|50-33-81-9-78-34-35-51-1|20-71-65-66-32-63-90-70|27-69-30-88-10-31-17-60|62-11-64-49-19-47-46-18|7-48-36-8-84-5-83-82-52-89|94-95-59-96-99-6-53|26-39-23-67-55-4-25-54
270,11,1223.3058,146.5369,70.0,227.8704,0,11,32.767451,32.795653,True,92-98-91-44-14-38-86-61-13-2-58|57-42-43-15-41-22-75-56-74-72-73-21|45-40-87-97-37-16-100-85-93|12-76-3-79-29-24-68-80-77-28|50-33-81-9-78-34-35-51-1|20-71-65-66-32-63-90-70|27-69-30-88-10-31-17-60|62-11-64-49-19-47-46-18|7-48-36-8-84-5-83-82-52-89|94-95-59-96-99-6-53|26-39-23-67-55-4-25-54
271,11,1223.8804,104.0851,95.0,227.0605,0,11,32.939839,32.964224,True,92-91-44-14-38-86-16-61-85-93|57-42-43-15-41-22-75-56-74-72-73-21|27-69-76-3-78-34-35-71-51-1|52-7-62-11-64-49-19-48-82-18|47-36-46-8-84-5-17-83-60-89|26-54-39-23-67-55-68-80-77-28|65-32-90-63-10-31|94-95-99-6-87-2-13-97-100-37|96-59-98-53-40-4-25-58|45-88-30-9-66-20-70|50-33-81-79-29-24-12
272,12,1226.3819,236.6311,90.0,226.7704,0,12,33.690281,33.735054,True,92-91-44-14-38-86-16-61-13-58|57-42-43-15-41-22-75-56-74-72-73-21|40-2-87-97-37-98-100-85-93|50-76-3-79-29-24-68-80-77-28|12-54-39-23-67-55-4-25-26|27-69-30-9-78-34-35-71-51|33-81-65-66-32-63-19|94-95-59-99-96-53|89-83-45-60-6-84-17-5|47-36-64-49-10-90-70-1|18-82-8-46-48-7-20|31-11-62-88-52
273,12,1226.3819,236.6311,90.0,226.7704,0,12,33.690281,33.735054,True,92-91-44-14-38-86-16-61-13-58|57-42-43-15-41-22-75-56-74-72-73-21|40-2-87-97-37-98-100-85-93|50-76-3-79-29-24-68-80-77-28|12-54-39-23-67-55-4-25-26|27-69-30-9-78-34-35-71-51|33-81-65-66-32-63-19|94-95-59-99-96-53|89-83-45-60-6-84-17-5|47-36-64-49-10-90-70-1|18-82-8-46-48-7-20|31-11-62-88-52
274,11,1228.3448,74.2807,86.0,228.2522,0,11,34.279156,34.299688,True,92-14-44-38-86-16-61-91-13-96|57-42-43-15-41-22-75-74-72-73-21|28-50-33-81-78-9-35-34-51-1|52-7-62-11-64-49-19-48-82-18-89|47-36-46-8-84-17-5-93|60-97-59-99-6-87-37-98-85-100-58|83-45-88-32-66-71-20-70|94-95-2-40-26-53|54-39-23-67-56-55-4-25|65-30-90-63-10-31|27-69-76-3-79-29-24-68-80-77-12
275,11,1228.3448,74.2807,86.0,228.2522,0,11,34.279156,34.299688,True,92-14-44-38-86-16-61-91-13-96|57-42-43-15-41-22-75-74-72-73-21|28-50-33-81-78-9-35-34-51-1|52-7-62-11-64-49-19-48-82-18-89|47-36-46-8-84-17-5-93|60-97-59-99-6-87-37-98-85-100-58|83-45-88-32-66-71-20-70|94-95-2-40-26-53|54-39-23-67-56-55-4-25|65-30-90-63-10-31|27-69-76-3-79-29-24-68-80-77-12
276,11,1228.5423,204.5075,68.0,227.6573,0,11,34.338419,34.376655,True,57-42-43-15-41-22-75-56-74-72-73-21|31-76-3-79-29-24-68-80-77-28|12-54-39-23-67-55-4-25-26|50-33-81-9-78-34-35-51-1|20-71-65-66-32-63-90-70|94-95-92-59-96-99-6-53-13-58|27-69-30-88-10-7-48-82-18-89|45-36-64-49-47-46-83-60|52-19-11-62-8-61-16-91-100-85|86-44-38-84-17-14|40-2-87-97-37-98-93-5
277,11,1228.5423,204.5075,68.0,227.6573,0,11,34.338419,34.376655,True,57-42-43-15-41-22-75-56-74-72-73-21|31-76-3-79-29-24-68-80-77-28|12-54-39-23-67-55-4-25-26|50-33-81-9-78-34-35-51-1|20-71-65-66-32-63-90-70|94-95-92-59-96-99-6-53-13-58|27-69-30-88-10-7-48-82-18-89|45-36-64-49-47-46-83-60|52-19-11-62-8-61-16-91-100-85|86-44-38-84-17-14|40-2-87-97-37-98-93-5
278,11,1230.8113,106.6741,89.0,227.6573,0,11,35.019093,35.045434,True,98-91-44-14-38-86-16-61-13-58|57-42-43-15-41-22-75-56-74-72-73-21|45-40-2-87-97-37-85-93-100|12-33-76-3-79-29-24-68-80-77-28|27-50-81-9-78-34-35-51-1|20-71-65-66-32-63-90-70|69-88-30-10-31-17-60|89-62-11-64-49-19-47-46-18|7-48-36-8-84-5-83-82-52|94-95-92-59-96-99-6-53|26-39-23-67-55-4-25-54
279,11,1230.8113,106.6741,89.0,227.6573,0,11,35.019093,35.045434,True,98-91-44-14-38-86-16-61-13-58|57-42-43-15-41-22-75-56-74-72-73-21|45-40-2-87-97-37-85-93-100|12-33-76-3-79-29-24-68-80-77-28|27-50-81-9-78-34-35-51-1|20-71-65-66-32-63-90-70|69-88-30-10-31-17-60|89-62-11-64-49-19-47-46-18|7-48-36-8-84-5-83-82-52|94-95-92-59-96-99-6-53|26-39-23-67-55-4-25-54
280,11,1234.3305,64.2636,137.0,228.9856,0,11,36.074856,36.100891,True,92-37-91-44-14-38-86-16-61-85-93|57-42-43-15-41-22-73-74-4-21-58|26-50-33-81-9-78-34-35-71-51-1|52-62-11-64-49-19-48-82-18|47-36-46-8-84-5-17-83-60-89|94-95-98-59-99-6-87-97-13-100-2|96-45-7-88-32-66-20-70|27-69-76-40-53|65-30-90-63-10-31|39-24-29-79-3-68-12-80-77-28|72-75-23-67-56-55-25-54
281,11,1234.5289,66.1427,137.0,228.8899,0,11,36.134375,36.160737,True,92-37-91-44-14-38-86-16-61-85-93|2-42-43-15-41-22-75-74-4-73-58|7-62-11-64-49-19-48-82-18-52|47-36-46-8-84-5-17-83-60-89|94-95-98-59-99-6-87-57-13-97-100|96-45-88-32-66-35-71|27-69-76-40-53|33-65-90-63-10-31|21-72-39-23-67-56-55-25-54-26|28-1-30-78-79-3-68-80-77-50|12-24-29-34-81-9-51-20-70
282,11,1234.5289,66.1427,137.0,228.8899,0,11,36.134375,36.160737,True,92-37-91-44-14-38-86-16-61-85-93|2-42-43-15-41-22-75-74-4-73-58|7-62-11-64-49-19-48-82-18-52|47-36-46-8-84-5-17-83-60-89|94-95-98-59-99-6-87-57-13-97-100|96-45-88-32-66-35-71|27-69-76-40-53|33-65-90-63-10-31|21-72-39-23-67-56-55-25-54-26|28-1-30-78-79-3-68-80-77-50|12-24-29-34-81-9-51-20-70
283,11,1235.49,106.5343,61.0,228.078,0,11,36.422724,36.447711,True,57-42-43-15-41-22-75-56-74-72-73-21|45-40-2-87-97-37-100-85-93|27-12-76-3-79-29-24-68-80-77-28|50-33-81-9-78-34-35-51-1|20-71-65-66-32-63-90-70|7-48-36-8-84-5-60-83-82-52|26-39-23-67-55-4-25-54|94-95-59-96-99-6-53|19-62-11-64-49-47-17-61|92-98-91-16-44-38-86-14-13-58|31-69-88-30-10-46-18-89
284,11,1235.49,106.5343,61.0,228.078,0,11,36.422724,36.447711,True,57-42-43-15-41-22-75-56-74-72-73-21|45-40-2-87-97-37-100-85-93|27-12-76-3-79-29-24-68-80-77-28|50-33-81-9-78-34-35-51-1|20-71-65-66-32-63-90-70|7-48-36-8-84-5-60-83-82-52|26-39-23-67-55-4-25-54|94-95-59-96-99-6-53|19-62-11-64-49-47-17-61|92-98-91-16-44-38-86-14-13-58|31-69-88-30-10-46-18-89
285,11,1239.3981,106.3766,89.0,227.6573,0,11,37.595139,37.624012,True,98-91-44-14-38-86-16-61-13-58|57-42-43-15-41-22-75-56-74-72-73-21|45-40-2-87-37-97-85-93-100|12-33-76-3-79-29-24-68-80-77-28|27-50-81-9-78-34-35-51-1|20-71-65-66-32-63-90-70|69-88-30-10-31-17-60|89-62-11-64-49-19-47-46-18|7-48-36-8-84-5-83-82-52|94-95-92-59-96-99-6-53|26-39-23-67-55-4-25-54
286,12,1241.0051,227.1945,152.0,221.8802,0,12,38.07725,38.130462,True,91-14-44-86-16-61-85-100-93-96|2-42-43-15-41-22-75-74-72-73-58|50-33-81-9-78-34-35-51-1|52-62-11-64-49-19-48-82-18|47-36-46-8-84-17-5-60-89|26-54-39-23-67-55-68-77-28|65-30-90-63-10-70-31|94-95-98-59-99-6-87-13|53-40-21-56-4-25|83-45-7-88-32-66-71-20|27-69-76-3-79-29-24-80-12|97-92-37-38-57
287,12,1241.0051,227.1945,152.0,221.8802,0,12,38.07725,38.130462,True,91-14-44-86-16-61-85-100-93-96|2-42-43-15-41-22-75-74-72-73-58|50-33-81-9-78-34-35-51-1|52-62-11-64-49-19-48-82-18|47-36-46-8-84-17-5-60-89|26-54-39-23-67-55-68-77-28|65-30-90-63-10-70-31|94-95-98-59-99-6-87-13|53-40-21-56-4-25|83-45-7-88-32-66-71-20|27-69-76-3-79-29-24-80-12|97-92-37-38-57
288,12,1241.7475,225.6434,80.0,226.7704,0,12,38.299976,38.346711,True,92-91-44-14-38-86-16-61-13-58|57-42-43-15-41-22-75-56-74-72-73-21|40-2-87-97-37-98-100-85-93|76-3-79-29-24-68-80-77-28|12-54-39-23-67-55-4-25-26|50-33-81-9-78-34-35-51-1|20-71-65-66-32-90-70|27-69-64-49-19-47-46|36-62-7-8-48-82-18-52|94-95-59-96-99-6-53|5-45-88-84-17-83-60-89|63-11-30-10-31
289,12,1241.8095,179.669,86.0,227.1014,0,12,38.318573,38.359079,True,92-91-44-14-38-86-16-61-13-58|57-42-43-15-41-22-75-56-74-72-73-21|40-2-87-97-37-98-100-85-93|27-69-76-3-79-29-24-68-80-77-28|12-54-39-23-67-55-4-25-26|50-33-81-9-78-34-35-51-1|20-71-65-66-32-90-70|94-95-59-99-96-53|89-83-45-60-6-84-17-5|36-62-88-49-47-46-48|7-19-11-30-10-52|31-63-64-8-82-18
290,11,1242.4027,99.6716,69.0,228.7779,0,11,38.496537,38.523474,True,98-91-44-14-38-86-16-61-13-58|57-42-43-15-41-22-75-56-74-72-73-21|45-40-2-87-97-37-100-85-93|27-12-76-3-79-29-24-68-80-77-28|89-62-11-64-49-19-47-46-18|94-95-92-59-96-99-6-53|26-39-23-67-55-4-25-54|52-7-48-8-83-84-17-5-60|31-69-88-30-10-71-70-1|33-65-9-78-34-35-81-51|82-36-63-90-32-66-20-50
291,11,1242.4027,99.6716,69.0,228.7779,0,11,38.496537,38.523474,True,98-91-44-14-38-86-16-61-13-58|57-42-43-15-41-22-75-56-74-72-73-21|45-40-2-87-97-37-100-85-93|27-12-76-3-79-29-24-68-80-77-28|89-62-11-64-49-19-47-46-18|94-95-92-59-96-99-6-53|26-39-23-67-55-4-25-54|52-7-48-8-83-84-17-5-60|31-69-88-30-10-71-70-1|33-65-9-78-34-35-81-51|82-36-63-90-32-66-20-50
292,11,1244.9236,155.9836,61.0,226.7704,0,11,39.25281,39.287848,True,92-98-91-44-14-38-86-16-13-58|57-42-43-15-41-22-75-56-74-72-73-21|45-40-2-87-97-37-100-85-95|26-76-3-79-29-24-68-80-77-28|12-39-23-67-55-4-25-54|50-33-81-9-78-34-35-51-1|20-71-65-32-10-63-90-70|27-69-30-88-31-66|62-11-64-49-19-48-82-7-52|47-36-46-8-84-61-17-5-60-89|94-96-99-6-53-18-83-93-59
293,11,1244.9236,155.9836,61.0,226.7704,0,11,39.25281,39.287848,True,92-98-91-44-14-38-86-16-13-58|57-42-43-15-41-22-75-56-74-72-73-21|45-40-2-87-97-37-100-85-95|26-76-3-79-29-24-68-80-77-28|12-39-23-67-55-4-25-54|50-33-81-9-78-34-35-51-1|20-71-65-32-10-63-90-70|27-69-30-88-31-66|62-11-64-49-19-48-82-7-52|47-36-46-8-84-61-17-5-60-89|94-96-99-6-53-18-83-93-59
294,11,1245.6502,136.0359,106.0,224.4492,0,11,39.470792,39.507208,True,92-98-91-44-14-38-86-16-61-85-93|57-42-43-15-41-22-74-72-73-21|50-33-76-29-78-34-35-51-1|52-62-11-64-49-19-48-82-18|94-95-97-37-99-6-87-2-13-100-58|96-59-53-40-75-56-4-25|83-45-7-88-32-66-71-20|27-69-81-9-79-3-68-80-77-28|26-39-23-67-55-24-54-12|47-36-46-8-84-17-5-60-89|65-30-90-63-10-70-31
295,11,1245.6502,136.0359,106.0,224.4492,0,11,39.470792,39.507208,True,92-98-91-44-14-38-86-16-61-85-93|57-42-43-15-41-22-74-72-73-21|50-33-76-29-78-34-35-51-1|52-62-11-64-49-19-48-82-18|94-95-97-37-99-6-87-2-13-100-58|96-59-53-40-75-56-4-25|83-45-7-88-32-66-71-20|27-69-81-9-79-3-68-80-77-28|26-39-23-67-55-24-54-12|47-36-46-8-84-17-5-60-89|65-30-90-63-10-70-31
296,11,1247.7489,59.5736,137.0,228.9856,0,11,40.100379,40.129735,True,92-37-91-44-14-38-86-16-61-85-93|57-42-43-15-41-22-73-74-4-21-58|26-50-33-81-9-78-34-35-71-51-1|52-7-62-11-64-49-19-48-82-18|47-36-46-8-84-5-17-83-60-89|94-95-98-59-99-6-87-97-13-100-2|39-24-29-79-3-68-12-80-77-28|27-69-76-40-53|45-88-63-90-32-66-20-70|65-30-10-31-96|72-75-23-67-56-55-25-54
297,11,1248.3696,54.55,137.0,228.9856,0,11,40.286584,40.315374,True,92-37-91-44-14-38-86-16-61-85-93|57-42-43-15-41-73-74-4-21-58|26-50-33-81-9-78-34-35-71-51-1|52-62-11-64-49-19-48-82-18|47-36-46-8-84-5-17-83-60-89|94-95-98-59-99-6-87-97-13-100-2|96-45-7-88-32-66-20-70|27-69-76-40-53|65-30-90-63-10-31|39-24-29-79-3-68-12-80-77-28|72-75-23-67-22-56-55-25-54
298,14,1248.4917,490.8692,116.0,220.1321,0,14,53.969673,54.061419,True,5-61-85-99-6|89-60-45-84-17-93-96|94-92-59-98-91-87-95-13|42-43-14-44-38-86-16-100-37-97|53-40-58|2-57-15-23-56-68-80-12|41-22-75-74-72-73|76-24-29-3-77-28|26-21-39-67-55-4-25-54|1-51-33-79-78-34-35-81-50|20-65-71-9-66-32-90-31|27-69-30-88-63-10-70|62-11-64-49-19-48-7-52|82-47-36-46-8-83-18
299,11,1250.6577,77.0123,119.0,226.7704,0,11,40.973029,41.003742,True,92-98-91-44-14-38-86-16-61-85-93|57-42-43-15-41-22-75-56-74-72-73-21|50-33-3-29-78-9-35-34-51-1|18-62-11-64-49-19-48-82-7-52|47-36-46-8-84-5-17-83-60-89|26-54-39-23-67-55-68-80-77-28|65-30-90-63-10-70-31|94-95-96-99-6-87-13-100-58|59-37-97-2-40-53|45-88-32-20-66-71-81|27-69-76-79-12-4-25-24
300,11,1251.2046,60.6612,151.0,226.725,0,11,41.137104,41.168722,True,92-37-91-44-14-38-86-16-61-85-93|57-42-43-15-41-22-56-74-72-73-2|50-33-81-3-79-78-34-35-71-51-1|31-62-11-64-49-19-48-82-18|47-36-46-8-84-5-17-83-60-89|26-54-39-23-67-55-68-80-77-28|94-95-98-96-99-6-87-97-13-100-58|27-69-53-40-21-75-4-25|59-45-7-88-10-90-32-20-70|65-30-9-66-63-52|12-24-29-76
301,11,1251.3292,66.5038,104.0,226.7704,0,11,41.174481,41.202319,True,92-37-91-44-14-38-86-16-61-85-93|57-42-43-15-41-22-75-56-74-72-73-21|27-69-76-3-78-34-35-51-1|52-7-62-11-64-49-19-48-82-18|47-36-46-8-84-5-17-83-60-89|26-54-39-23-67-55-68-80-77-28|71-65-90-63-10-31|94-97-98-96-99-6-87-2-13-100-58|45-59-53-40-4-25|95-88-30-20-66-32-70|50-33-81-9-79-29-24-12
302,11,1252.9581,79.0892,100.0,223.9972,0,11,41.663152,41.692551,True,92-37-91-44-14-38-86-16-61-85-93|42-43-15-41-22-56-68-80-12-28|27-69-76-3-78-34-35-71-51|52-7-62-11-64-49-19-48-82-18|47-36-46-8-84-5-17-83-60-89|21-75-39-23-67-55-4-54-77|65-32-90-63-10-31|2-97-95-99-6-87-57-100|96-59-98-94-53-40-73-72-74-13-58|45-88-30-66-20-70-1|50-33-81-9-79-29-24-25-26
303,11,1253.5101,80.2602,89.0,227.6573,0,11,41.82876,41.85795,True,57-42-43-15-41-22-75-56-74-72-73-21|45-40-2-87-97-37-100-85-93|26-50-33-81-9-78-34-35-51-1|20-71-65-66-32-63-90-70|69-88-30-10-31-17-60|89-62-11-64-49-19-47-46-18|7-48-36-8-84-5-83-82-52|92-27-76-3-79-29-24-68-80-77|28-12-39-23-67-55-4-25-54|98-14-44-38-86-16-61-91-13-58|94-95-59-96-99-6-53
304,12,1253.8565,202.4987,171.0,223.1843,0,12,41.932655,41.988113,True,92-37-91-44-14-38-86-16-61-85-93|2-42-43-15-41-22-75-74-72-73-21-58|27-76-3-79-78-34-35-71-51|52-62-11-64-49-19-48-82-18|45-46-47-8-84-17-5-60-89|26-39-23-67-55-68-77-28|65-32-90-63-10-31|94-99-95-87-57-13-100|96-59-98-97-53-40-56-4-25-54|69-88-30-66-20-70-1|50-33-81-9-29-24-80-12|7-36-83-6
305,11,1257.2089,31.6477,121.0,228.8779,0,11,42.938378,42.964768,True,92-37-91-44-14-38-86-16-61-85-93|2-42-43-15-41-22-75-56-74-72-73-21|52-7-62-11-64-49-19-48-82-18|47-36-46-8-84-5-17-83-60-89|26-54-39-23-67-55-68-80-77-28|94-95-97-98-99-6-87-57-13-100-58|96-59-45-88-10-63-90-32-70-1|50-81-12-40-53|33-3-76-79-20-66-35-71|65-34-78-29-24-4-25|27-69-31-30-9-51
306,11,1261.3627,42.0612,129.0,227.5922,0,11,44.184519,44.214324,True,92-37-91-44-14-38-86-16-61-85-93|2-42-43-15-41-22-75-56-74-72-73-21|69-76-3-78-34-35-71-51-1|52-7-62-11-64-49-19-48-82-18|47-36-46-8-84-5-17-83-60-89|26-54-39-23-67-55-68-80-77-28|94-97-98-59-99-6-87-57-13-100-58|95-96-45-88-10-63-90-32-70|50-65-9-79-29-4-25|12-33-81-30-20-66-24|31-27-40-53
307,12,1266.6229,178.4799,91.0,224.15,0,12,45.762586,45.810416,True,92-91-44-14-38-86-16-61-13-58|2-57-43-15-41-22-75-56-74-72-73-21|42-40-87-97-37-98-100-85-93|3-33-71-9-78-34-29-24-80-28|12-54-39-23-67-55-4-25-26|1-50-76-79-81-35-63|27-69-30-88-10-90-32-70-31|62-11-64-49-19-48-52|7-47-36-46-8-82-18|94-95-59-99-96-53|83-45-60-6-84-17-5-89|51-20-65-66-68-77
308,12,1267.2314,210.3563,175.0,222.7148,0,12,45.945128,46.006106,True,92-37-91-44-14-38-86-16-61-85-93|57-42-43-15-41-22-75-74-72-73-2|50-33-81-79-78-34-35-71-51-1|52-62-11-64-49-19-48-82-18|47-36-46-8-84-5-17-83-60-89|26-54-39-23-67-55-68-77-28|94-95-98-59-99-6-87-97-13-100-58|27-53-40-21-56-4-25|96-45-7-88-10-90-20-70|30-9-66-32-63-31|69-76-3-29-24-80-12|65
309,11,1268.5118,117.3985,78.0,226.1497,0,11,46.329251,46.367185,True,92-98-91-44-14-38-86-16-61-93-96|97-42-43-15-41-22-75-56-74-72-73-21|50-76-78-9-35-34-81-1|62-11-64-49-19-48-82-7-52|47-36-46-8-84-5-17-83-60-89|57-39-23-67-55-68-80-77-28|94-95-37-99-6-87-59-13-100-58|33-65-79-3-29-24-54-26|85-2-53-40-4-25-12|18-45-88-20-66-71-51-70|27-69-30-32-90-63-10-31
310,11,1269.8541,68.8219,102.0,225.3591,0,11,46.731947,46.765279,True,95-92-37-44-14-38-86-16-91-100-93-96|2-57-42-15-41-22-75-56-74-72-73-58|52-7-62-11-64-49-19-48-82-18-89|47-36-46-8-84-85-17-83-60|26-54-39-23-67-55-68-80-77|45-5-99-6-87-43-13-97-94|50-33-81-53-40-21-4-25-12|24-76-3-79-78-34-29-28|27-69-1-30-20-10-63-90-32-70|51-65-9-66-71-35|31-88-61-98-59
311,11,1274.1384,49.4906,106.0,225.9188,0,11,48.017232,48.049433,True,92-37-91-44-14-38-86-16-61-85-93|42-43-15-41-22-75-56-74-72-73-21-58|52-7-62-11-64-49-19-48-82-18|47-36-46-8-84-5-17-83-60-89|26-54-39-23-67-55-68-80-77-28|94-45-99-6-87-57-2-13-100|97-69-30-31-10-63-90-32-70|27-88-78-81-71-51-1|12-50-76-3-79-29-24-4-25|33-65-9-20-66-35-34|96-59-98-95-40-53
312,12,1277.4519,226.6298,129.0,222.7505,0,12,49.011301,49.073192,True,95-85-91-16-61-99-84-17-5-60|96-92-37-98-44-38-86-14-100-93-59|2-57-43-15-41-22-75-56-4-54-28|12-33-65-78-34-35-81-1|63-90-30-9-71-66-20-51-50|52-19-11-62-88-10-32-70-31|7-36-64-49-47-48-82-18-89|26-73-39-23-67-55-25-24|27-69-76-3-79-29-68-13-97|94-42-87-53|83-45-46-8-6-58|40-21-72-74-80-77
313,14,1284.4916,504.0944,107.0,220.1321,0,14,55.953456,56.057086,True,5-61-16-85-99-6|45-84-17-93-60|94-95-92-87-91-98-59-96-13|42-43-14-44-38-86-100-37-97|53-40-58|2-57-15-41-68-80-12|28-73-22-75-56-74-72-21|39-23-67-24-29-3-77|76-54-55-4-25-26|1-33-79-78-34-35-81-50|51-71-65-9-66-20-32-90|27-69-30-88-63-10-70-31|62-11-64-49-19-48-7-52|82-47-36-46-8-83-18-89
314,14,1286.9329,511.5125,99.0,222.807,0,14,57.066171,57.171247,True,5-61-85-99-96-6|89-83-84-16-86-17-93-60|59-98-97-87-13|94-92-91-44-38-14-100-37-95|53-40-58|57-42-43-15-41-68-80-12|2-73-22-75-56-74-72-21|39-23-67-24-29-3-77-28|76-54-55-4-25-26|1-33-79-78-34-35-81-50|51-71-65-9-66-20-32-90|27-69-30-88-63-10-70-31|62-11-64-49-19-48-7-52|45-36-47-8-46-82-18
315,11,1287.409,98.5514,65.0,228.2522,0,11,51.998416,52.038208,True,94-95-92-98-91-44-87-59-96-13|42-43-38-86-84-14-100-37-97|2-57-15-41-24-68-80-77-12|28-29-40-73-22-75-56-74-72-21-58|1-33-76-3-79-78-34-35-81-50|51-71-65-9-66-20-32-90|27-69-30-88-63-10-70-31|62-11-64-49-19-48-7-52|82-47-36-46-8-83-17-60-18-89|45-5-99-6-53-61-16-85-93|26-39-23-67-55-4-25-54
316,14,1288.7206,470.5939,114.0,223.5792,0,14,52.391894,52.492985,True,5-61-85-99-96-6|89-83-45-84-16-86-17-93-60|94-95-92-98-91-44-87-59-13|42-43-38-14-100-37-97|53-40-58|2-57-15-41-72-68-80-12|22-75-56-74-73|21-39-23-67-24-29-3-77-28|76-54-55-4-25-26|1-33-79-78-34-35-81-50|20-65-71-9-51-66-32-90|27-69-30-88-63-10-70-31|62-11-64-49-19-48-7-52|82-47-36-46-8-18
317,14,1288.9256,476.5867,130.0,220.1321,0,14,52.453408,52.556542,True,5-61-85-99-6|60-45-84-17-93|94-95-92-87-91-98-59-96-13|42-43-14-44-38-86-16-100-37-97|53-40-58|2-57-15-41-55-68-80-12|28-73-39-23-22-75-56-74-72-21|76-24-29-3-77|54-67-4-25-26|1-33-79-78-34-35-81-50|51-65-71-9-66-32-90-70|27-69-30-88-10-63-20-31|62-11-64-49-19-48-7-52|82-47-36-46-8-83-18-89
318,14,1296.6025,464.8069,126.0,222.549,0,14,54.756476,54.860109,True,5-61-85-99-96-6|45-84-17-60-89|94-95-92-98-91-44-87-97-59-13|42-43-14-38-86-16-100-37-93|53-40-58|2-57-15-41-22-56-68-80-12|28-29-72-75-74-73-21|39-23-67-24-3-77|76-54-55-4-25-26|1-33-79-78-34-35-81-50|51-71-65-9-66-20-32-90|27-69-30-88-63-10-70-31|62-11-64-49-19-48-7-52|82-47-36-46-8-83-18
319,11,1298.8608,99.0744,83.0,225.2708,0,11,55.433972,55.47863,True,92-98-91-44-14-38-86-16-17-61-93|57-42-43-15-41-22-75-56-74-72-73|50-76-9-78-34-35-71-1|18-62-11-64-49-19-48-82-7-52|47-36-46-8-84-85-5-83-60-89|21-39-23-67-55-68-80-12-28|65-30-90-10-70-31|95-97-37-59-99-6-87-2-13-100-58|45-96-53-40-4-25-54-26|94-27-69-88-63-32-66-51|20-33-81-79-29-24-3-77
320,11,1299.5489,83.4602,97.0,226.5977,0,11,55.640396,55.684518,True,97-92-14-44-38-86-16-61-100-93-96|2-42-43-15-41-22-75-56-74-72-73-58|3-76-79-9-34-35-71-51|18-62-11-64-49-19-48-82-7-52|47-36-46-8-84-5-17-83-60-89|26-54-39-23-67-55-68-80|32-65-78-29-24-77-28|50-33-81-53-40-21-4-25-12|45-88-30-20-66-63-90-70|27-69-1-10-31-94|95-59-98-85-99-6-87-57-13-37-91
321,11,1301.0482,27.6263,133.0,228.6047,0,11,56.090178,56.130276,True,92-98-91-44-14-38-86-16-61-85-93|2-57-42-15-41-22-75-56-74-72-73-58|18-62-11-64-49-19-48-82-7-52|47-36-46-8-84-5-17-83-60-89|26-54-39-23-67-55-68-80-77-28|94-95-37-96-99-6-87-43-13-100|50-33-81-53-40-21-4-25-12|59-1-30-20-10-63-90-32-70|27-69-76-9-66-71-35-34|97-45-88-31|51-65-78-79-3-29-24
322,14,1302.4197,472.1131,124.0,221.64,0,14,56.501615,56.607752,True,5-61-85-99-6|60-45-84-17-93|94-95-92-87-91-98-59-96-13|42-43-14-44-38-86-16-100-37-97|53-40-58|2-57-15-41-56-68-80-12|28-73-39-23-75-22-74-72-21|76-3-24-25-77|67-55-4-54-26|1-33-29-79-78-34-35-81-50|51-71-65-9-66-32-90-63|27-69-30-88-10-20-70-31|62-11-64-49-19-48-7-52|82-47-36-46-8-83-18-89
323,12,1302.7708,165.5839,171.0,222.9948,0,12,56.606953,56.671519,True,95-97-37-91-85-59-99-84-17-5-60|94-92-98-14-44-86-16-61-100-93-96|21-72-57-15-41-22-75-56-4-54|28-29-76-3-79-78-24-68-80-12|26-73-39-23-67-55-25-77|33-71-65-66-35-34-81|31-62-88-30-9-51-50-1|45-19-11-63-10-90-32-20-70|7-36-64-49-47-48-82-18-89|42-43-38-87-2-74-13-58|27-69-8-6-83-46-52|40-53
324,13,1303.5967,318.2842,70.0,223.8391,0,13,56.854717,56.932763,True,5-16-85-99-87-6|45-84-61-86-17-60-89|94-95-92-44-91-98-59-96-13|97-42-15-43-38-14-100-37-93|2-57-41-24-68-80-12|28-40-73-22-75-56-74-72-21-58|39-23-67-4-29-77|76-53-54-55-25-26|1-50-33-79-78-34-35-81-3|51-71-65-9-66-20-32-90|27-69-30-88-63-10-70-31|62-11-64-49-19-48-7-52|82-47-36-46-8-83-18
325,13,1304.1474,327.8201,159.0,220.6998,0,13,57.01994,57.108011,True,92-37-91-44-14-38-86-16-61-85-93|57-42-15-41-22-75-56-74-72-73-2|50-33-81-79-78-34-35-71-51-1|52-62-11-64-49-19-48-82-18|45-46-47-8-84-17-83-60-89|26-54-39-23-67-55-68-77-28|94-95-98-59-99-97-87-43-13-58|53-40-21-4-25|96-7-88-10-63-90-70|27-69-30-20-66-32-31|76-3-29-24-80-12|36-5-6-100|65-9
326,12,1307.5677,138.5447,138.0,223.3455,0,12,58.046031,58.104734,True,94-95-96-99-6-84-17-61-93-59|98-85-91-44-86-16-14-43-100-37-97|21-57-15-41-22-75-56-74-4-54|28-29-76-3-79-78-24-68-80-26|73-72-39-23-67-55-25-77|12-33-65-35-34-81-1|63-30-9-71-66-20-51-50|52-19-11-62-88-10-90-32-70-31|7-36-64-49-47-48-82-18|92-42-38-87-2-13-58|27-69-46-8-60-89|83-45-5-40-53
327,14,1310.5017,461.9069,96.0,220.1321,0,14,58.926241,59.030246,True,5-61-16-85-99-96-6|18-45-84-86-17-93-60|94-95-92-59-98-91-87-13|42-43-44-38-14-100-37-97|53-40-58|2-57-15-41-73-68-80-12|3-29-72-22-75-56-74-21|39-23-67-55-24-77-28|76-54-4-25-26|1-33-79-78-34-35-81-50|51-71-65-9-66-20-32-90|27-69-30-88-63-10-70-31|62-11-64-49-19-48-7-52|82-47-36-46-8-83-89
328,14,1313.2571,460.9817,141.0,219.8725,0,14,59.752856,59.86201,True,6-96-61-16-85-93-59-94|60-83-45-84-86-17-5-89|92-98-91-44-99-87-13|97-42-43-38-14-100-37-95|53-40|2-57-15-41-68-80-12|28-29-73-22-75-56-74-72-21-58|39-23-67-24-3-77|76-54-55-4-25-26|1-33-79-78-34-35-81-50|51-71-65-9-66-20-32-90|27-69-30-88-63-10-70-31|62-11-64-49-19-48-7-52|82-47-36-46-8-18
329,11,1313.7823,62.7496,98.0,227.179,0,11,59.910422,59.955894,True,98-91-44-14-38-86-16-61-85-93|57-42-43-15-41-22-75-56-74-72-73-21|50-33-3-76-78-9-35-51-1|31-62-11-64-49-19-48-52|47-36-46-8-84-5-17-83-60-18|54-39-23-67-55-68-80-77-28|94-92-37-96-99-6-87-2-13-100-58|89-59-95-53-40-4-25-26|45-82-7-88-20-66-71-34|97-27-69-30-10-63-90-32-70|12-65-79-81-29-24
330,13,1316.2363,252.7393,110.0,222.549,0,13,60.646613,60.722425,True,5-61-16-85-98-99-6-94-13|96-59-45-84-86-17-60-89|92-91-44-87-53|95-97-42-43-38-14-100-37-93|2-57-15-41-72-68-80-12|28-29-40-22-75-56-74-73-58|21-39-23-67-24-3-77|76-54-55-4-25-26|1-33-79-78-34-35-81-50|51-71-65-9-66-20-32-90|27-69-30-88-63-10-70-31|62-11-64-49-19-48-7-52|82-47-36-46-8-83-18
331,14,1318.9596,441.6563,158.0,219.1661,0,14,61.463604,61.573164,True,5-61-99-6|60-83-45-84-16-86-17-93|94-92-98-85-91-44-87-97-59-96-13|42-43-38-14-100-37-95|53-40-58|2-57-15-41-68-80-12|28-29-73-22-75-56-74-72-21|39-23-67-24-3-77|76-54-55-4-25-26|1-33-79-78-34-35-81-50|51-71-65-9-66-20-32-90|27-69-30-88-63-10-70-31|62-11-64-49-19-48-7-52|82-47-36-46-8-18-89
332,12,1321.6701,140.2419,137.0,223.3455,0,12,62.276759,62.339847,True,98-91-16-61-99-84-17-14|86-44-43-87-97-95-13-58-26|2-57-15-41-22-75-56-74-4-73|28-29-76-3-79-78-24-68-80-54|21-72-39-23-67-55-25-77|12-33-65-35-34-81-1|63-30-9-71-66-20-51-50|52-19-11-62-88-10-90-32-70-31|7-36-64-49-47-48-82-18-89|60-83-45-46-8-5-59-37-100-85-93|27-69-40-53|92-42-38-6-96-94
333,14,1326.3448,444.02,126.0,219.1661,0,14,63.67916,63.78809,True,5-61-16-85-99-6|60-45-84-86-17-93-96|94-95-92-98-91-44-87-97-59-13|42-43-38-14-100-37|53-40-58|2-57-15-41-68-80-12|28-29-73-22-75-56-74-72-21|39-23-67-24-3-77|76-54-55-4-25-26|1-33-79-78-34-35-81-50|51-71-65-9-66-20-32-90|27-69-30-88-63-10-70-31|62-11-64-49-19-82-7-52|48-47-36-46-8-83-18-89
334,11,1330.8896,54.3549,105.0,226.7704,0,11,65.042598,65.092583,True,92-98-91-44-14-38-86-16-61-85-93|57-42-43-15-41-22-75-56-74-72-73-21|50-33-3-76-78-9-35-71-51-1|18-62-11-64-49-19-48-82-7-52|47-36-46-8-84-5-17-83-60-89|26-54-39-23-67-55-68-80-77-28|94-95-37-96-99-6-87-2-13-100-58|27-59-53-40-4-25|45-88-31-20-66-34|97-69-30-10-63-90-32-70|12-65-79-81-29-24
335,11,1332.5845,38.3387,107.0,227.4626,0,11,65.551072,65.599465,True,92-98-91-44-14-38-86-16-61-85-93|57-42-43-15-41-22-75-56-74-72-73-58|3-76-9-78-34-35-71-51|18-62-11-64-49-19-48-82-7-52|47-36-46-8-84-5-17-83-60-89|26-54-39-23-67-55-68-80-77-28|94-95-37-96-99-6-87-2-13-100|32-65-79-29-24-97|50-33-81-53-40-21-4-25-12|45-88-30-20-66-63-90-70|59-27-69-1-10-31
336,13,1333.2757,192.1934,185.0,222.1826,0,13,65.758427,65.837715,True,92-37-91-44-14-38-86-16-61-85-93|97-42-43-15-41-22-75-56-74-72-73-21|27-76-3-79-78-34-35-71-51|52-62-11-64-49-19-82-18|48-47-46-8-83-84-17-5-60-89|26-54-39-23-67-55-68-77-28|69-32-90-63-10-31|94-95-99-6-87-57-2-13-100|96-59-98-53-40-4-25-58|45-88-30-66-20-70-1|50-33-81-9-29-24-80-12|7-36|65
337,11,1334.7306,56.0142,124.0,225.6586,0,11,66.194898,66.248017,True,59-37-91-44-14-38-86-16-61-93-96|2-42-43-15-41-22-75-56-74-72-73-21|50-33-81-76-78-9-71-35-34|31-62-11-64-49-19-48-82-7-52|45-46-47-8-84-5-17-83-60-89|26-54-39-23-67-55-68-80-77-28|94-95-92-85-99-6-87-57-13-100-58|27-97-53-40-4-25-24|18-36-88-20-66-51|98-69-30-10-63-90-32-70|12-65-79-29-3-1
338,12,1334.8234,193.9883,81.0,225.8569,0,12,66.22275,66.292622,True,5-61-16-85-99-6-93|94-95-92-98-91-44-87-59-96-13|42-43-38-86-84-14-100-37-97|45-60-53-40-4-25-58|2-57-15-41-68-80-12|28-29-54-73-22-75-56-74-72-21|26-39-23-67-55-24-3-77|1-33-76-79-78-34-35-81-50|51-71-65-9-66-20-32-90|27-69-30-88-63-10-70-31|62-11-64-49-19-48-7-52|82-47-36-46-8-17-83-18-89
339,13,1339.5047,277.8445,124.0,222.3059,0,13,67.627134,67.715057,True,5-99-84-16-86-61-17-60|94-59-85-91-44-98-37-100-93-96|92-42-43-38-14-97-95-13|2-57-15-87-41-68-80-58|28-40-73-22-75-56-74-72-21|23-24-29-3-77|12-54-39-67-55-4-25-26|33-76-79-78-34-35-71-81-50|1-51-65-9-66-20-32-90|27-69-30-88-63-10-70-31|62-11-64-49-47-48-7-52|82-19-36-46-8-18|89-83-45-6-53
340,13,1345.9584,35.7608,181.0,226.6773,0,13,69.56324,69.623141,True,92-98-91-44-14-38-86-16-61-85-93|57-42-43-15-41-22-75-56-74-72-73-58|47-36-46-8-84-5-17-83-60-89|26-54-39-23-67-55-68-80-77-28|94-95-37-96-99-6-87-2-13-100-59|97-69-30-31-10-63-90-32-70|12-3-76-79-29-24-4-25-21|81-20-88|65-78-9-66-35-34|52-7-62-11-64-49-19-48-82-18|45-40-53|27|50-33-71-51-1
341,14,1349.5296,440.8676,106.0,220.4818,0,14,70.634598,70.748207,True,5-61-16-85-99-6|45-84-86-17-93-60|94-92-98-91-44-37-87-59-96-13|42-43-38-14-100-97-95|53-40-2-58|57-15-41-68-80-12|28-29-73-22-75-56-74-72-21|39-23-67-24-3-77|76-54-55-4-25-26|1-33-79-78-34-35-81-50|51-71-65-9-66-20-32-90|27-69-30-88-63-10-70-31|62-11-64-49-19-48-7-52|82-47-36-46-8-83-18-89
342,11,1351.2205,42.5892,95.0,228.0136,0,11,71.141862,71.195367,True,2-42-43-15-41-22-75-56-74-72-73|50-33-81-76-79-78-34-35-51-1|45-11-64-49-19-48-82-7-52|47-36-46-8-84-5-17-86-59|26-39-23-67-55-68-80-77-28|60-83-18-62-88-66-20-70-31|27-69-30-32-90-63-10-3|92-97-57-40-53-6-95-37-100-98-89|71-65-9-29-24-54|96-61-16-38-87-94-13-93-58|91-14-44-85-99-21-4-25-12
343,11,1352.9985,107.1331,57.0,229.2933,0,11,71.675268,71.73538,True,43-44-84-8-61-85-100-37-98|27-69-76-3-79-78-29-68-80-77-28|26-73-39-23-67-55-25-24|12-33-65-35-34-81-1|18-63-30-9-71-66-20-51-50|52-19-11-62-88-10-90-32-70-31|7-36-64-49-47-48-82-83-5|54-14-38-86-17-16-91|94-2-40-53-6-96-95-59-93-60-89|92-42-15-41-22-75-56-74-4-72|46-45-99-87-57-97-13-58-21
344,11,1366.9666,19.2733,133.0,226.4371,0,11,75.865705,75.924,True,95-2-57-15-41-22-56-74-72-73|50-33-81-76-79-78-34-35-51-1|31-62-11-64-49-19-48-82-7-52|47-36-46-8-84-16-86-17-5|12-54-39-23-67-55-68-80-77-28|60-83-88-9-71-66-20-70|89-27-69-30-32-90-63-10-3|18-92-59-96-6-87-97-37-98-100-91-93|65-53-26-24-29|42-43-14-44-38-61-94-13-58|45-85-99-40-21-75-4-25
345,11,1367.3412,61.8572,78.0,228.6909,0,11,75.978083,76.037716,True,2-42-43-15-41-22-75-56-74-72-73|1-33-76-3-79-78-35-81-50-28|45-11-64-49-19-48-82-7-52|47-36-46-8-84-5-17-86-59|26-39-23-67-55-68-80-77-12|60-62-88-9-66-20-70-31|27-69-30-32-90-63-10-18|95-92-57-40-53-6-98-37-100-83|51-71-65-34-29-24-54-89|61-16-38-87-97-13-93-94-58|91-14-44-85-99-96-21-4-25
346,11,1369.4881,34.0891,112.0,227.5736,0,11,76.622136,76.68148,True,59-98-91-44-14-38-86-16-61-93-96|2-42-43-15-41-22-75-56-74-72-73-21|50-33-3-76-78-9-35-34-51-1|18-62-11-64-49-19-48-82-7-52|47-36-46-8-84-5-17-83-60-89|26-54-39-23-67-55-68-80-77-28|94-92-37-85-99-6-87-57-13-100-58|27-69-40-53-97-4-25|45-88-79-66-71-20|65-30-10-63-90-32-70|12-24-29-81-31-95
347,11,1378.3348,30.5354,106.0,228.2522,0,11,79.276156,79.337123,True,2-42-43-15-41-22-75-56-74-72-73|28-50-33-76-3-79-78-34-35-81-1|45-11-64-49-19-48-82-7-52|47-36-46-8-84-5-17-86-59|26-21-39-23-67-55-68-80-77-12|60-62-88-9-66-20-70-31|27-69-30-32-90-63-10|95-92-57-40-53-6-83-100-37-98|51-71-65-29-24-18-89|61-16-38-87-97-94-13-93-58|91-14-44-85-99-96-4-25-54
348,11,1380.5688,66.3675,96.0,227.5736,0,11,79.946367,80.012277,True,59-91-44-14-38-86-16-61-93-96|42-43-15-57-41-22-75-56-74-72-73-21|50-33-3-76-78-9-35-34-51-1|18-7-11-64-49-19-48-82-70|47-36-46-8-84-5-17-83-60-89|26-54-39-23-67-55-68-29-77|92-37-98-85-99-6-87-2-97-100-95-58|27-69-28-53-40-4-25-80|45-62-88-66-71-24|52-30-79-10-63-90-32|31-20-65-81-12-13-94
349,11,1384.6862,29.2085,101.0,228.2095,0,11,81.181581,81.243748,True,2-57-43-15-41-22-75-56-74-72-73|50-33-81-76-79-78-34-35-51-1|45-11-64-49-19-48-82-7-52|47-36-46-8-84-5-17-86-59|26-54-39-23-67-55-68-80-77-28|83-62-88-9-66-20-70-31|27-69-30-32-90-63-10-3|60-92-40-53-6-61-98-37-100-93|71-65-29-24-12-18-89|16-14-38-87-97-95-94-13-58|42-91-44-85-99-96-21-4-25
350,12,1390.4567,169.7192,71.0,225.9359,0,12,82.912739,82.994672,True,57-42-43-15-41-22-74-72-73-2|33-65-9-78-34-35-71-81|62-64-49-19-48-82-7-52|47-36-46-8-84-17-86-5|54-39-23-67-56-55-26|89-60-83-30-20-66-51-1|27-69-31-88-10-63-90-32-70|59-92-44-6-87-97-96-98-100-93|18-11-79-29-3-77-50|45-16-38-14-37-95-94-13-58|61-91-85-99-40-21-75-4-25|76-53-12-68-24-80-28
351,11,1402.3232,40.1961,95.0,228.0136,0,11,86.472682,86.541159,True,2-42-43-15-41-22-75-56-74-72-73|50-33-81-76-79-78-34-35-51-1|45-11-64-49-19-48-82-7-52|47-36-46-8-84-5-17-86-59|26-39-23-67-55-68-80-77-28|60-62-88-9-66-20-70-31|27-69-30-32-90-63-10-3|95-92-57-40-53-6-98-37-100-83|71-65-29-24-54-89-18|96-61-16-38-87-97-94-13-93-58|91-14-44-85-99-21-4-25-12
352,12,1414.251,89.2129,68.0,227.6248,0,12,90.051018,90.127968,True,18-45-44-99-84-61-91-13-58|85-42-15-41-22-75-56-74-72-73-21|96-37-97-40-2-43-14-86-100|33-51-65-71-66-24-77|54-39-23-67-55-4-25-26|19-62-11-64-49-63-20-70|48-47-36-46-8-83-82-7-52-89|94-95-59-5-60-6-53|27-69-76-3-79-29-68-80-12-28|31-32-90-88-10-35-34|1-30-9-78-81-50|92-98-16-38-87-57-17-93
353,12,1415.7909,182.3632,59.0,228.7999,0,12,90.512989,90.603649,True,57-42-43-15-41-22-74-72-73-2-58|33-65-79-29-24-68-80-77-28|62-64-49-19-48-82-7-52|47-36-46-8-84-17-86-5|26-39-23-67-56-55-54-12|60-83-30-78-66-20-51-50|27-69-76-53-10-63-90-32|59-92-44-6-87-97-96-98-100-93|89-18-11-88-31-70-1|45-16-38-14-37-95-94-13|61-91-85-99-40-21-75-4-25|3-81-9-71-35-34
354,14,1443.2742,386.925,91.0,222.4905,0,14,98.757964,98.890407,True,94-57-98-44-91-85-93-89|76-3-79-29-24-68-77-28|12-39-23-67-56-4-25-26|50-33-81-9-78-34-35-51|20-71-65-66-90-63|27-69-30-70-31|62-11-64-49-19-48-7-52|60-83-5-99-87-6|54-21-40-53-13-95-59|96-16-61-1-55-80|32-88-8-84-17-14|18-45-86-38-100-37-97|92-42-43-15-41-22-75-74-72-73-2-58|82-46-36-47-10
355,15,1512.6937,468.6578,108.0,219.756,0,15,119.583832,119.75095,True,61-86-44-38-14-91-85-93|92-42-57-15-41-22-75-56-74-73|40-87-100-37-59|76-3-79-24-68-80-77|54-39-23-67-55-4-25-26|50-33-81-78-9-35-51|20-71-65-66-32-63-70|27-69-30-10|62-11-64-49-19-48|47-36-46-8-84-17-60-89|83-45-99-6-94-13-58|53-97-43-98-5|28-29-34-90-82|21-95-88-7-52-1|31-18-96-16-2-72-12
356,16,1514.4813,375.431,186.0,219.9142,0,16,120.120096,120.281891,True,92-37-91-44-14-38-86-16-61-85-93|2-42-43-15-41-22-75-74-72-73-21-58|34-35|52-62-11-64-49-19-48-82-18|45-46-47-8-84-17-5-60-89|26-39-23-67-56-55-25-54|71-65-32-90-10-63-31|94-99-95-87-57-13-100|96-59-98-97-53-40-4-24|88-66-20|29|7-36-83-6|28-3-81-51-50-1-12|27-69-30-9-78-68-80-77|76-79-70|33
357,13,1526.2301,225.9953,126.0,221.8834,0,13,123.644754,123.781053,True,94-98-91-44-16-99-6-60-5-85-93-96|57-15-22-75-74-72-73-21-58|3-29-2-87-100-97|12-39-23-67-56-55-4-26|50-33-81-34-78-9-35-51-80|20-71-65-66-63-90-1|27-69-30-79-10-70-31|62-11-64-49-19-48-7-52|83-46-36-47-82-18-89|54-76-40-53-13-95-59|32-88-8-84-17-14|45-61-86-38-37-77-28|92-42-43-41-68-24-25
358,19,1534.5274,1013.9063,141.0,215.3743,0,19,132.425239,132.684538,True,94-98-44-91-85-93-96|2-57-15-22-75-74-72-73-21|87-100-97|76-3-29-24-68-28|12-54-39-23-67-56-4|50-33-81-9-35-51-1|20-71-65-66-90-63-31|27-69-30-10-70|62-11-64-49-19-48-7-52|82-47-36-46-18|89-60-99-6|61-59-95-13-58|34-78-79-77|80|17-5|32-88-8-84-16-14|53-40-55-25-26|83-45-86-38-37|92-42-43-41
359,16,1559.9842,381.3686,174.0,217.6696,0,16,133.770976,133.945775,True,61-16-86-38-14-91-85-93|2-42-41-75-56-74-72-73-21|27-69-76-3-78-34-35-71-51|52-7-62-11-64-49-82-18-89|46-8-84-17-5-83|26-54-39-23-67-55-68-77-28|65-32-90-63-10-31|95-99-6-87-57-100|96-59-98-40-4-25-58|45-88-30-66-20-70|50-33-81-9-79-29-24-80-12|19-60-97-43-37-94|1-36-47-48-13|53|92-15-22|44
360,16,1563.962,469.4507,92.0,221.5836,0,16,134.964315,135.145907,True,90-63-11-19-8-83-60-85-100-37|54-39-23-41-73-21-80-12|3-34-65-66-71-35-51|89-45-5-99-93-59|20-32-62-10|92-42-14-44-91-6|88-7-82-52|27-69-40-2-87-97-95|76-79-81-9-70-1|43-15-67-55-25-26|48-36-64-49|98-61-16-38-86-17|53-84-96-94-13-58|50-33-29-78-24-4-74-72|30-31-47-46-18|57-22-75-56-68-77-28
361,18,1621.202,844.7576,103.0,216.3304,0,18,152.136324,152.392296,True,94-98-44-91-85-93|57-15-41-22-75-74-72-73-21|2-87-100-97|76-3-79-24-68-28|39-23-67-56-55-4-26|50-33-81-9-35-51-1|20-71-65-66-90-63|27-69-30-70-31|11-64-49-19-48-7-52|82-47-36-46-18|83-60-99-6|54-40-13-95-59|29-34-78-77|96-16-53-12-25-80|62-10-17-5|32-88-8-84-61-14|89-45-86-38-37|92-42-43-58
362,15,1624.2701,216.6876,139.0,220.197,0,15,153.056747,153.222709,True,92-91-44-14-38-86-16-61-93|2-42-43-15-41-22-56-74-73|27-69-76-3-79-78-34-35-71|7-62-11-64-49-19-48-18|47-36-8-84-17-5-60-89|26-54-39-23-67-55-68-80-77|65-32-90-10-31|95-99-6-87-57-13-97-100|59-98-40-4-25-58|45-88-30-66-70|33-81-9|28-51-1-52-85-37-96-94|50-72-53-83-82|12-20-63-46|29-24-75-21
363,19,1626.9735,912.2047,138.0,215.433,0,19,153.867757,154.139243,True,94-98-44-91-85-93|57-15-22-75-74-72-21|2-87-100-95|76-3-79-29-24-68-77-28|12-39-23-67-56-4-26|50-33-81-9-78-34-35-51-1|20-71-65-66-32-90-63|27-69-30-70-31|11-64-49-19-48-7-52|82-47-36-46-18|83-60-99-6|61-13-58|54-40-53-59|96-16-80|62-10-17-5|88-8-84-14-97|55-25|89-45-86-38-37|92-42-43-41-73
364,20,1633.4964,980.3303,112.0,212.6754,0,20,155.824636,156.105584,True,94-92-98-44-91-85-93|57-15-22-75-74-72-73-21|2-87-97|76-3-79-68-80-28|12-39-23-67-56-4|50-33-81-78-9-35-51-1|20-71-65-66-90-63|27-69-30-70-31|11-64-49-19-48-7-52|82-47-36-46-18-89|83-99-6|84-61-13-58|54-40-53-95-59|24-29-34-77|96-16-17|62-10-60-5|32-88-8|55-25-26|45-86-38-14-100-37|42-43-41
365,16,1647.7523,402.8435,169.0,217.6696,0,16,160.101406,160.305257,True,92-37-91-44-14-38-86-16-61-85-93|2-42-15-41-22-56-74-72-73|27-69-76-79-78-34-35-71-51|52-7-62-11-64-19-48-82-18|36-46-8-84-17-60|39-23-67-55-68-80-77|65-32-90-10-31|95-99-6-13-57|98-53-40-4-25-58|45-30-66-20-70|1-33-81-9-29-24-12|50-63-83-5-59-97-96-89|28-3-54-75-21-26-94|47-43-100|88-49|87
366,14,1671.2711,97.4967,67.0,226.4079,0,14,167.157059,167.312674,True,72-95-99-84-6|27-11-64-96-94-13-58|51-65-9-79-32-63-70|21-29-34-78-68-80-28|92-98-60-20-66-71-35-77|1-50-3-76-40-53|33-81-30-8-83-17-100|69-57-87-37-91-61-85-93|12-24-54-22-55-4-25-26|97-42-15-44-86-14-43-2|39-23-67-41-75-56-74-73|59-5-45-38-16-89|36-62-88-49-47-46-82|52-18-7-48-19-90-10-31
367,20,1673.5366,985.9656,106.0,213.6668,0,20,167.836698,168.130052,True,94-98-44-91-85-93|57-15-41-22-75-74-72-73-21|2-100|76-3-79-68|12-39-23-67-56-4|50-33-81-9-78-34-35-51|20-71-65-66-90-63|27-69-30-70-31|11-64-49-19-48-7-52|82-47-36-46-18|83-60-99|6-61-13-58|53-40-95-59|24-29-77-28|96-16-89-1-80|62-10-17-5|32-88-8-84-14-97|54-55-25-26|45-86-38-37|92-42-43-87
368,20,1675.6123,891.5645,113.0,213.6668,0,20,168.459402,168.739918,True,94-98-44-91-85-93|2-57-15-41-22-74-72-73-58|87-100-97|76-3-79-24-68-28|21-75-39-23-67-56-4|50-33-81-78-9-35-51|20-71-65-66-90-63|27-69-30-70-31|11-64-49-19-48-7-52|82-47-36-46-18-89|83-60-99-6|61-13|95-59|29-34-77|96-16-1-80-12|62-10-17-5|32-88-8-84-14|54-55-25-26|45-86-38-37|92-42-43-40-53
369,20,1676.6131,876.0931,175.0,213.6668,0,20,168.759633,169.044329,True,94-97-42-44-38-86-91-85-93|2-57-43-15-41-22-75-74-72-73-21|87-100|76-68-24-28|12-39-23-67-56-4|50-33-81-78-9-35-51-1|20-71-65-66-90-63|27-69-30-70-31|11-64-49-19-48-7-52|82-47-36-46-8-18-89|83-60-99|6-61-13-58|54-40-95-59|29-34-79-3-77|96-16-53-80|62-10-17-5|32-88-84-14|55-25-26|45-98-37|92
370,20,1678.5252,997.4522,118.0,210.5713,0,20,169.333289,169.630599,True,94-98-44-91-85-93|2-57-15-22-75-74-72-73-21|87-100-97|76-3-79-29-24-68-28|39-23-67-56-4|50-33-81-78-9-35-51-1|20-71-65-66-63-31|27-69-30-10-70|62-11-64-49-19-48-7-52|82-47-36-46-8-18|83-60-99-6|61-13-58|54-40-53-95-59|34-77|96-16-12-80|5-17|32-90-88-84-14|55-25-26|89-45-86-38-37|92-42-43-41
371,17,1678.8653,348.9808,162.0,217.6696,0,17,169.435307,169.640012,True,91-44-14-38-86-16-85-93|2-42-43-41-22-75-74-72-21|76-78-34-35-71-1|52-7-62-11-64-49-19-48-82|47-36-46-84-17-60|26-54-39-23-67-55-68-77|65-32-90-10-31|94-6-87-57-13-100|96-59-98-40-4-25-58|45-88-30-66-20-70|50-81-9-79-29-24-80-12|3-73-37-5-83-18|51-33-28-89-61-97-95|63-53-56|99-8|92-15|27-69
372,19,1700.415,586.3851,172.0,214.4059,0,19,175.900214,176.148105,True,95-92-37-14-38-86-16-85-93|97-42-41-22-75-56-74|40-87-100-59|3-79-29-24-68-80-77|54-39-23-67-55-4-25|78-9-35-51|50-81-65-66-70|27-69-88-10|62-11-64-49-19-48-82-18|47-36-46-8-84-17-60|96-99-6-13-58|72-1-30-71|43-98-5-83-7-31|52-57-2-26|89-45-61-44-91-94-28|21-12-34-20-32-90-63|76-73|33|15-53
373,14,1806.964,99.4074,89.0,224.7847,0,14,207.864932,208.063499,True,72-95-99-84-83-19-63-31|89-46-64-49-47-7|27-62-11-8-60-5-85-98-58|51-65-9-79-32-90-70|54-39-23-67-56-43-14|1-50-3-76-40-53-18-82-48|33-81-30-88-10-17-100|52-69-57-87-97-37-91-16-61-93|12-29-24-22-55-4-25-26|59-92-2-15-41-75-74-80-77|36-20-66-71-35-34|45-86-96-6|42-73-78-68-21-28|94-44-38-13
374,22,1816.2368,678.5514,145.0,218.085,0,22,210.646751,210.941965,True,61-86-14-91-85-93-96|41-22-75-56-74-73|87-100-37|3-79-68-80-77|54-39-23-67-55-4-25-26|1-65-9-78-35-51|27-63-32-70|69-30-10|62-11-64-49-48-7-52|47-36-46-8-84-17-60-89|18-45-99-6-94-13-58|42-43-5|50-81-40-2|59-98-44-16-83-82-19-28|24-29-34-71-66-20-90|76|33|15-57-53|21-88|31-12-72|97-38-95|92
375,21,1829.3288,706.246,132.0,217.3309,0,21,214.574368,214.875951,True,61-86-91-85-93|41-22-75-56-74|40-87-100-37|79-24-68-80-77|54-39-23-67-55-4-25|78-9-35-51|20-71-65-66-32-70|27-69-30-10|62-11-64-49-19-48-82|47-36-46-8-84-17-60|96-99-6-13-58|43-98-5|50-33-81-26-2|59-44-95-28|29-34-90-63|76-3-12-73|15-57-53|21-1-88-7-52|31-45-16-83-18-89-72|97-14-38-94|92-42
376,23,1831.5208,1338.8909,101.0,220.0136,0,23,215.231965,215.627005,True,94-98-91-85-93|2-15-22-75-74-72-73-21|79|39-23-67-56-4|50-33-81-78-9-35-51-1|20-71-65-66-63|69-30-70-31|62-11-64-49-19-7|36-46-89|99|40-53|12-24-29-34-3-77-28|68-80|10-17-5|83-45-8-84-60|54-55-25-26|61-44-38-100-95|92-97-41-58|57-87-6-18-82-48-52|27-90-88-59|13|42-43-14-37-96-32|76-47-86-16
377,20,1843.6509,652.256,138.0,218.085,0,20,218.870988,219.169183,True,92-91-14-38-86-16-85-93|57-42-43-15-41-22-56-74-72-73-21|40-2-87-100-97|76-79-29-24-68-80|54-39-23-67-55-4-25-26|20-71-65-66-90-70|47-46-8-84-17-60-89|18-83-5-99-96-6-13-58|52-11-88|1-53|48-19-64-49-10-31|9-35-81|94-82-7-63-3|33-32-12-75-59|28-77-50|34-51-37-61-95|62-98|27-69-30-78|44|45-36
378,20,1856.4047,828.4896,91.0,219.3955,0,20,222.697117,223.02107,True,5-61-16-85-99|84-86-17-93-60|94-95-44-87-13|42-43-38-100-97|53-40-58|2-57-41-68-80-12|29-73-22-56-74-72-21|39-23-67-24-3-77|54-55-4-25-26|33-79-78-34-35-81-50|51-71-65-66-20-32|69-88-63-10-70-31|62-11-64-49-48-52|82-36-8-18|59-98-37-14-91-46-83|76-28-19-96|27-90-1-75-89|92-6-47-7|45-15|30-9
379,20,1876.8359,675.7519,143.0,214.4059,0,20,228.8265,229.138123,True,92-91-44-38-86-16-61-85-93|57-42-15-41-22-75-56-74|40-87-100-59|24-29-68-80-77|12-54-39-23-67-55-4-25|9-78-34-35-1|66-90-63|30-31|64-49-19-48|47-36-46-84-17-5-89|83-45-99-6-53-94-13-58|52-37-98-43-73-3|81-79-28-2-95-96|50-51-71-20-32-60|97-18-8-82-7|14-72-26-70|76-21|27-69-88-10|62-11|33-65
380,21,1903.7751,680.6725,134.0,214.5045,0,21,236.908259,237.228116,True,92-14-86-16-85|42-15-41-75-56-74-72-58|3-34-78-9-35-71-51|47-36-46-84-17|39-23-67-55-68-80-77|99-96-94-13-100|81-53-4-25|27-64-49-19-48-82-7-52|45-62-11-63-90-10-31|65-30-20-66-32-70|88-79-29|1-21-73-43-91-37|83-60-5-93|18-97-57-26-50-28|54-33-76-24-12-89|95-59-61-44-98-2|6-87|22|40|69-8|38
381,14,1906.018,107.3042,60.0,228.5884,0,14,237.581103,237.80824,True,72-95-99-84-83-19-31-70|89-46-64-49-47-7|27-62-11-8-60-5-58|54-39-23-67-56-43-14|65-30-9-75-21|85-92-79-78-66-63|73-44-41-74-13-94-96|1-50-76-40-53-18-82-48|28-12-88-10-17-100|52-69-57-87-97-37-91-16-61-93|33-24-22-55-4-25-26|45-36-6-68-80-3-77|2-42-15-38-86-98-59|90-32-20-51-81-71-35-34-29
382,21,1915.9576,688.9316,140.0,209.6573,0,21,240.562997,240.887621,True,92-98-91-44-86-16-61-85-93|15-41-22-75-74-72-73-21|40-2-87-97-37-59-95|26-39-55-68-80-28|50-51-1|71-66-32-90-70|27-69-31|62-11-19-48-82-7-52|47-46-8-60-89|18-83-5-99-96-6-94-13|3-79-29-24-12|81-9-10-77|63-30-20-34-54-58|57-43-14-38-17|84-100|53-56-4-25|36-88-49|23-67-35|42-76-78|33-65|45-64
383,23,1916.6961,776.213,116.0,218.3589,0,23,240.784544,241.121987,True,59-98-44-91-85-93|2-57-15-41-22-74-72-73-21-58|92-100-95|76-3-68-24-80|12-39-23-67-56-4|50-33-9-35-51|20-65-71|69-31|11-64-49-48|82-47-36-46-18|83-60-99|61|28-29-34-78-79-77|96-16|62-7-84-17-5|27-32-8|53-55-25-26|89-45-86-38-37-97-13|75-30-90-63-10-70|88-66|81-1|42-43-87-94-6-19|52-14-40-54
384,14,1954.0962,62.5278,81.0,228.486,0,14,252.00458,252.24151,True,72-95-37-61-84-83-19-63|82-36-99-59-31|89-46-64-49-47-7-52|45-86-44-6-71-50|42-43-38-87-4-26|27-62-11-8-60-5-93-97-58|51-65-9-79-32-90-70|98-15-57-2-22-55-25-29|54-39-23-67-56-14-16|21-75-78-34-24-68-80-12-28|92-91-85-20-66-35-77|73-76-41-74-13-94-96|3-1-69-53-40-18-48|33-81-30-88-10-17-100
385,25,1994.8863,1235.0481,126.0,209.6573,0,25,264.241612,264.671632,True,92-91-44-86-16-61-13|15-41-22-75-74-72-73-21|40-2-87-97-37-98-85-93|76-3-79-29-68-80-28|12-54-39-26|50-33-81-78-34-51-1|71-65-66-32-90-70|27-69-31|62-11-64-19-52|7-47-36-46-8-18|94-95-59-96|5-84-83-60-89|24-20-63-48|43-55-4-25|58|99-77|57-17|100|53-14-82|9-35|30-10|88-49|45-6-56|23-67|42-38
386,20,2004.9253,496.1786,147.0,214.4059,0,20,267.253307,267.576821,True,38-86-85-93|43-15-41-22-75-56-74|33-79-78-34-35-71-1|7-64-49-48-58|45-46-47-8-84-17-5-89|72-39-23-67-55-68-80-77|65-90-63|94-99-97-87-13-100|40-21-4-25-54|36-88-66-70|9-3-29-24-12|26-73-37-14-59-96-18|81-82-60-98-95|61-83-19-32-20-31-52|28-16-57-6|50-51-2-91|27-69-76-53-10|62-11|92-42-44|30
387,24,2008.2443,1000.4828,133.0,209.6573,0,24,268.249005,268.648247,True,92-91-44-86-16-61-13-58|42-15-41-22-75-74-72-73-21|40-2-87-97-37-98-85-93|76-3-79-29-68-80-28|12-54-39-26|50-33-81-78-34-51-1|71-66-32-90-70|27-69-31|62-11-19-48-52|7-47-46-8-18|94-95-59-96|5-84-83-60-89|57-43-38-100|63-49-82|9-14|24-30-20-35|4-25|53-77|17|88-6-56|36-64-10|45-99-55|23-67|65
388,23,2034.9365,831.1535,93.0,218.085,0,23,276.256683,276.635498,True,99-84-83|89-46-64-49|27-60-5-58|51-65-9-79|54-39-23-67-56|21-78-34-68-80-28|85-20-66-71-35-77|94-96|50-3-76-40-53|33-81-17|61-16-93|12-29-24-55-4-25-26|45-36-6|86-38-59|31-88-90-47-82-7-52|30-32-63-19-48-1|69-18-8-10-70|62-11|2-57-37-97-95-13|98-14-43-22-72-73|41-75-74-91|92-87-100|42-15-44
389,23,2068.2199,793.9087,108.0,214.4059,0,23,286.241696,286.625858,True,92-16-38-13-58|42-15-41-22-56-74-21|2-87-97-100-93|76-79-29-24-80-77|12-54-39-67-55-4-25|9-78-34-35-51|20-71-66-32-90-70|88-30-10-31|64-49-19-48|7-47-36-46-82|94-95-96|45-6-17-89|28-73-26-59-85-60-83|72-57-43-37-98-91-61-5|53-50-3-81-1|99-84-86-18-52|8-63|11-14-75|27-62-40-68|33-69|44|23|65
390,23,2082.2432,771.1708,112.0,215.7205,0,23,290.448663,290.834218,True,63-8-85-100|54-39-23-41-73-80-12|3-34-65-66-71-35-51|89-45-5-93-59|62-10-32|42-14-44|88|69-40-2-87-97|76-79-81-9-70-1|43-15-67-55-25-26|48-64-49|98-61-38-86-17|53-84-94-13-58|33-29-78-24-4-74-72|30-31-47|57-22-75-56-68-77-28|6-91-83-82-7|19-52-18-16-96-95|50-20-90-46|21-37-60|92-99|27-11|36
391,25,2088.9835,1303.0486,132.0,206.5175,0,25,292.470773,292.939352,True,92-44-91-85-93|57-73-72-21|87-100|79-24-68-28|12-39-23-67-4-26|50-33-81-78-9-35-51|20-71-65-66-63|27-69-30-70|11-64-49-19-48-7|82-47-36-46-8-18-89|83-60-99-6|13-58|53-40-59|77|96-16-1-80|62-17-5|32-88-14|55-25|45-86-38|42-43-15-41|54-97-98-61-84|31-10-52-37|76-34-3-2|94-22-75-74-95|90-29-56
392,25,2099.4627,1132.216,124.0,206.5146,0,25,295.614528,296.059825,True,92-98-91-44-16-61-85-93|15-41-22-75-74-72-73-21|40-2-87-97-37-59-95|76-3-29-68-28|12-54-39-26|20-66-32-70|47-46-8-60-89|18-83-5-99-96-94-13|52-7-62-88|27-69|82-48-19-31|51-81-34-78-50|77|53-14-86|35-80|43-25|17|63-11-90-24|71-65-1-57|38-84-100|30-10-58|42-6-56-4|33-9-79-55|45-36-64-49|23-67
393,21,2107.7341,772.3802,122.0,216.7648,0,21,298.095961,298.489901,True,92-42-15-44-84-83|28-62-11-48-8|69-76-34-24-68-80|45-36-64-49-19-46|39-67-56-55-25-54|30-9-32-63|51-88-99-6-85|86-38-87-37-100-98|18-5-53-3-81-70-31|57-41-75-74-4-72|90-20-35-29-77|1-50-12-21-2-97-59-96-94|52-13-58|23-73-61-60-82|71-78-26-95-89|47-7-43-91-93|14-16-17|10|33-65-66|27-79|40-22
394,21,2130.3764,671.8236,95.0,220.1321,0,21,304.888624,305.272078,True,92-98-38-84-91-85-93|57-43-15-41-75-74-72-21-58|2-87-14-61-100-37-97|69-76-79-24-68|12-23-67-56-4|50-33-81-78-35|71-65-66-32-70|27-11-64-49-48-7|82-47-36-8-10-18-83-89|13-59-5|62-88-30-29-77|45-99-60-6-80|46-95-22|94-63-90-31-51-34-1|16-96-52-20-28-26|19-40-73-3|54-86-17|53-55-25|42-44|9|39
395,25,2140.4442,1193.445,113.0,212.3104,0,25,307.908969,308.375514,True,92-98-91-16-61-85-93|15-41-22-75-74-72-73-21|40-2-87-97-37-59-95|76-3-29-68-28|12-54-39-26|50-33-81-34-51-1|71-65-66-32-90-70|27-69-31|62-11-19-48-52|47-46-8-60-89|18-83-5-99-96-94-13|24-78-57-43|7-14-86-17-82|80|100|53-20-63|30-9-77|42-44-84-6-4|88-49-58|55-25|45-38-56|36-64-10-35|79|67|23
396,24,2188.5412,818.7332,131.0,213.1817,0,24,322.338084,322.764482,True,92-91-38-86-16-85-93|42-41-22-56-74-72-73-21|40-2-87-100-97|79-29-68-80|39-23-67-55-4-25|20-65-66-90-70|47-46-8-84-17-60|18-83-99-96-6-13-58|52-11-88|1-53|48-19-64-49-10-31|9-35-81|7-63-3|33-32-12-59|77-50|34-51-61-37|62-98|27-69-30-78|36|28-24-54-14-57-89|15-43-95-5-82-94|75-26-71|76|45-44
397,25,2209.6068,1173.0521,115.0,209.8204,0,25,328.657754,329.141815,True,94-98-44-91-85-93|57-15-22-75-74-73|87-100-97|76-3-79-24-28|39-23-67-4-26|50-33-81-78-35|20-71-65-66-90-63|27-69-31|11-64-49-19-48-7-52|82-36-46-18|83-60-6|61-58|54-40-53-95-59|29-34-77|96-16-1-80|10-17|32-88-8-84-14|55-25|45-86-38-37|92-42-41|51-12-99-5-21|47-43-2-72|89-68-70|62-30-9-13|56
398,25,2264.3382,1132.8853,91.0,218.0668,0,25,345.077185,345.570477,True,63-11-83-85-100|54-39-23-41-21-80|34-65-71-66-51|45-99-93-59|69-30-9-78-50|20-32-10|53|14-44|88-7-82|2-87-97-95|79-70-1|43-15-67-55-25-26|48-36-64|38-17-89|96-94-13-58|33-29-24-4-72|42-57-22-56-68-77|76-28-74|12-52-46-19-5|62-91-37-75-73|40-6-60-90-31|3-81-18-86-16|92-98-61-84-47|8-49|27-35
399,20,2285.2958,507.8947,92.0,217.006,0,20,351.364472,351.768745,True,72-99-84-19-63-31|27-11-8-5-58|65-9-32-70|21-75-78-68-54-80-28|85-69-20-66-71-35-77|76-7-48-18|33-81-88-10-17|57-87-97-37-91-61-93|29-24-22-55-4-25|39-67-86|6-73-56-74|45-36-64-49-47|42-15-23-41-14|59-44-38|82-60-2-53-26-12-1|52-90-46-83-16-89|94-96-98-95-3-34-50|92-43-13|51-40-100|62-30-79
400,25,2381.0561,1060.0068,84.0,213.3167,0,25,380.092542,380.608506,True,92-42-15-44-84-83|28-48|69-34-24-68-80|45-36-64-49-19-46|39-67-56-55-25-54|30-9-32-63|51-99-85-6|87-100-37|5-18-76-3-70-31|57-41-75-74|62-90-20-35-77|1-50-12-21-2-97-59|52-13|23-61-60-82|71-78-26-95|7-47-8-91-43-93|14-38-16-17|10|33-65-66|27-79|40-22|29-53-96-58|4-73-94|88-89-98-72|81-11-86
