Rank,Z1_Vehicles,Z2_Distance,Z3_WaitTime,Z4_LoadBalance,Z5_Makespan,Unserved,Num_Routes,ASF,ASF_aug,In_ROI,Routes
1,11,1179.1741,162.4952,126.0,236.3158,0,11,15.66945,15.676609,True,2-6-7-8-46-4-45-5-3-1-100|12-14-47-17-16-15-13-9-11-10|25-23-21-48-18-19-49-20-22-24|33-32-30-28-26-27-29-31-34-80|71-41-42-44-43-40-36-35-37-54|64-51-76-89-63-85-50-62-91|65-83-57-77-58-75-97-59-74|69-98-88-53-78-73-79-60-55-70-68|82-52-86-87-99-90|81-61-39-38-72-96|92-94-93-67-84-95-56-66
2,11,1179.1741,162.4952,126.0,236.3158,0,11,15.66945,15.676609,True,2-6-7-8-46-4-45-5-3-1-100|12-14-47-17-16-15-13-9-11-10|25-23-21-48-18-19-49-20-22-24|33-32-30-28-26-27-29-31-34-80|71-41-42-44-43-40-36-35-37-54|64-51-76-89-63-85-50-62-91|65-83-57-77-58-75-97-59-74|69-98-88-53-78-73-79-60-55-70-68|82-52-86-87-99-90|81-61-39-38-72-96|92-94-93-67-84-95-56-66
3,11,1181.156,141.1999,126.0,236.3158,0,11,12.475151,12.47971,True,2-6-7-8-46-4-45-5-3-1-100|12-14-47-17-16-15-13-9-11-10|25-23-21-48-18-19-49-20-22-24|33-32-30-28-26-27-29-31-34-80|71-41-42-44-43-40-36-35-37-54|64-51-76-89-63-85-50-62-91|65-83-57-77-58-75-97-59-74|69-98-88-53-78-73-79-60-55-70-68|82-52-86-87-99-90|81-61-39-38-72-96|92-93-94-67-95-84-56-66
4,11,1181.156,141.1999,126.0,236.3158,0,11,12.475151,12.47971,True,2-6-7-8-46-4-45-5-3-1-100|12-14-47-17-16-15-13-9-11-10|25-23-21-48-18-19-49-20-22-24|33-32-30-28-26-27-29-31-34-80|71-41-42-44-43-40-36-35-37-54|64-51-76-89-63-85-50-62-91|65-83-57-77-58-75-97-59-74|69-98-88-53-78-73-79-60-55-70-68|82-52-86-87-99-90|81-61-39-38-72-96|92-93-94-67-95-84-56-66
5,12,1181.7785,201.4283,194.0,230.3692,0,12,21.509418,21.529406,True,2-6-7-8-46-4-45-5-3-1-100|12-14-47-17-16-15-13-9-11-10|83-25-23-21-48-18-19-49-22|33-32-30-28-26-27-29-31-34-93|41-38-39-42-44-43-40-36-35-37|64-51-76-89-63-85-50-62-56-91|65-57-77-58-75-97-59|82-99-52-86-87-74-24-20-66|94-81-61-70-68|69-98-88-53-78-73-79-60-55|92-95-84-67-71-72-54-96-80|90
6,12,1181.7785,201.4283,194.0,230.3692,0,12,21.509418,21.529406,True,2-6-7-8-46-4-45-5-3-1-100|12-14-47-17-16-15-13-9-11-10|83-25-23-21-48-18-19-49-22|33-32-30-28-26-27-29-31-34-93|41-38-39-42-44-43-40-36-35-37|64-51-76-89-63-85-50-62-56-91|65-57-77-58-75-97-59|82-99-52-86-87-74-24-20-66|94-81-61-70-68|69-98-88-53-78-73-79-60-55|92-95-84-67-71-72-54-96-80|90
7,12,1187.4342,202.1369,137.0,227.3288,0,12,21.615704,21.631339,True,2-6-7-8-46-4-45-5-3-1-100|12-14-47-17-16-15-13-9-11-10|83-25-23-21-48-18-19-49-22|33-32-30-28-26-27-29-31-34-80|41-38-39-42-44-43-40-36-35-37|64-51-76-89-63-85-50-62-91|65-57-87-59-97-75-58|82-99-52-86-74-77-24-20-66|81-61-70-68|69-98-88-53-78-73-79-60-55|94-93-71-72-54-96|92-67-95-84-56-90
8,12,1187.4342,202.1369,137.0,227.3288,0,12,21.615704,21.631339,True,2-6-7-8-46-4-45-5-3-1-100|12-14-47-17-16-15-13-9-11-10|83-25-23-21-48-18-19-49-22|33-32-30-28-26-27-29-31-34-80|41-38-39-42-44-43-40-36-35-37|64-51-76-89-63-85-50-62-91|65-57-87-59-97-75-58|82-99-52-86-74-77-24-20-66|81-61-70-68|69-98-88-53-78-73-79-60-55|94-93-71-72-54-96|92-67-95-84-56-90
9,12,1187.4342,202.1369,137.0,227.3288,0,12,21.615704,21.631339,True,2-6-7-8-46-4-45-5-3-1-100|12-14-47-17-16-15-13-9-11-10|83-25-23-21-48-18-19-49-22|33-32-30-28-26-27-29-31-34-80|41-38-39-42-44-43-40-36-35-37|64-51-76-89-63-85-50-62-91|65-57-87-59-97-75-58|82-99-52-86-74-77-24-20-66|81-61-70-68|69-98-88-53-78-73-79-60-55|94-93-71-72-54-96|92-67-95-84-56-90
10,12,1187.4342,202.1369,137.0,227.3288,0,12,21.615704,21.631339,True,2-6-7-8-46-4-45-5-3-1-100|12-14-47-17-16-15-13-9-11-10|83-25-23-21-48-18-19-49-22|33-32-30-28-26-27-29-31-34-80|41-38-39-42-44-43-40-36-35-37|64-51-76-89-63-85-50-62-91|65-57-87-59-97-75-58|82-99-52-86-74-77-24-20-66|81-61-70-68|69-98-88-53-78-73-79-60-55|94-93-71-72-54-96|92-67-95-84-56-90
11,12,1188.5172,195.1646,137.0,227.3288,0,12,20.569867,20.584782,True,2-6-7-8-46-4-45-5-3-1-100|12-14-47-17-16-15-13-9-11-10|25-23-21-48-18-19-49-20-22|33-32-30-28-26-27-29-31-34-80|41-38-39-42-44-43-40-36-35-37|64-51-76-89-63-85-50-62-91|65-57-77-58-75-97-59|82-99-52-86-87-74-24-83-66|81-61-70-68|69-98-88-53-78-73-79-60-55|94-93-71-72-54-96|92-67-95-84-56-90
12,12,1188.5172,195.1646,137.0,227.3288,0,12,20.569867,20.584782,True,2-6-7-8-46-4-45-5-3-1-100|12-14-47-17-16-15-13-9-11-10|25-23-21-48-18-19-49-20-22|33-32-30-28-26-27-29-31-34-80|41-38-39-42-44-43-40-36-35-37|64-51-76-89-63-85-50-62-91|65-57-77-58-75-97-59|82-99-52-86-87-74-24-83-66|81-61-70-68|69-98-88-53-78-73-79-60-55|94-93-71-72-54-96|92-67-95-84-56-90
13,12,1192.9326,193.5648,137.0,227.3288,0,12,20.329893,20.345892,True,2-6-7-8-46-4-45-5-3-1-100|12-14-47-17-16-15-13-9-11-10|83-25-23-21-48-18-19-49-22|33-32-30-28-26-27-29-31-34-80|41-38-39-42-44-43-40-35-36-37|64-51-76-89-63-85-50-62-91|65-57-77-58-75-97-59|82-99-52-86-87-74-24-20-66|81-61-70-68|69-88-98-53-78-73-79-60-55|94-93-71-72-54-96|92-67-95-84-56-90
14,11,1195.0094,125.3258,126.0,236.3158,0,11,10.094048,10.100382,True,2-6-7-8-46-4-45-5-3-1-100|12-14-47-17-16-15-13-9-11-10|25-23-21-48-18-19-49-20-22-24|33-32-30-28-26-27-29-31-34-80|41-42-44-43-40-36-35-37-54|64-51-76-89-63-85-50-62-91|65-83-57-77-58-75-97-59-74|69-98-88-53-78-73-79-60-55-70-68|82-52-86-87-99-90|71-81-61-39-38-72-96|92-93-94-67-95-84-56-66
15,11,1195.0094,125.3258,126.0,236.3158,0,11,10.094048,10.100382,True,2-6-7-8-46-4-45-5-3-1-100|12-14-47-17-16-15-13-9-11-10|25-23-21-48-18-19-49-20-22-24|33-32-30-28-26-27-29-31-34-80|41-42-44-43-40-36-35-37-54|64-51-76-89-63-85-50-62-91|65-83-57-77-58-75-97-59-74|69-98-88-53-78-73-79-60-55-70-68|82-52-86-87-99-90|71-81-61-39-38-72-96|92-93-94-67-95-84-56-66
16,11,1195.0094,125.3258,126.0,236.3158,0,11,10.094048,10.100382,True,2-6-7-8-46-4-45-5-3-1-100|12-14-47-17-16-15-13-9-11-10|25-23-21-48-18-19-49-20-22-24|33-32-30-28-26-27-29-31-34-80|41-42-44-43-40-36-35-37-54|64-51-76-89-63-85-50-62-91|65-83-57-77-58-75-97-59-74|69-98-88-53-78-73-79-60-55-70-68|82-52-86-87-99-90|71-81-61-39-38-72-96|92-93-94-67-95-84-56-66
17,12,1195.1131,187.6798,137.0,227.3288,0,12,19.447138,19.462908,True,2-6-7-8-46-4-45-5-3-1-100|12-14-47-17-16-15-13-9-11-10|83-25-23-21-48-18-19-49-22|33-32-30-28-26-27-29-31-34-80|41-38-39-42-44-43-40-36-35-37|64-51-76-89-63-85-50-62-91|65-52-57-77-58-75-97-59|82-99-86-87-74-24-20-66|81-61-70-68|69-98-88-53-78-73-79-60-55|94-93-71-72-54-96|92-67-95-84-56-90
18,12,1195.1131,187.6798,137.0,227.3288,0,12,19.447138,19.462908,True,2-6-7-8-46-4-45-5-3-1-100|12-14-47-17-16-15-13-9-11-10|83-25-23-21-48-18-19-49-22|33-32-30-28-26-27-29-31-34-80|41-38-39-42-44-43-40-36-35-37|64-51-76-89-63-85-50-62-91|65-52-57-77-58-75-97-59|82-99-86-87-74-24-20-66|81-61-70-68|69-98-88-53-78-73-79-60-55|94-93-71-72-54-96|92-67-95-84-56-90
19,12,1195.1131,187.6798,137.0,227.3288,0,12,19.447138,19.462908,True,2-6-7-8-46-4-45-5-3-1-100|12-14-47-17-16-15-13-9-11-10|83-25-23-21-48-18-19-49-22|33-32-30-28-26-27-29-31-34-80|41-38-39-42-44-43-40-36-35-37|64-51-76-89-63-85-50-62-91|65-52-57-77-58-75-97-59|82-99-86-87-74-24-20-66|81-61-70-68|69-98-88-53-78-73-79-60-55|94-93-71-72-54-96|92-67-95-84-56-90
20,12,1195.1131,187.6798,137.0,227.3288,0,12,19.447138,19.462908,True,2-6-7-8-46-4-45-5-3-1-100|12-14-47-17-16-15-13-9-11-10|83-25-23-21-48-18-19-49-22|33-32-30-28-26-27-29-31-34-80|41-38-39-42-44-43-40-36-35-37|64-51-76-89-63-85-50-62-91|65-52-57-77-58-75-97-59|82-99-86-87-74-24-20-66|81-61-70-68|69-98-88-53-78-73-79-60-55|94-93-71-72-54-96|92-67-95-84-56-90
21,12,1197.7559,187.3471,137.0,227.3288,0,12,19.39723,19.413744,True,2-6-7-8-46-4-45-5-3-1-100|12-14-47-17-16-15-13-9-11-10|83-25-23-21-48-18-19-49-22|33-32-30-28-26-27-29-31-34-80|41-38-39-42-44-43-40-36-35-37|64-51-76-89-63-85-50-62-91|65-57-77-58-75-97-59|82-99-52-86-87-74-24-20-66|81-61-70-68|98-69-88-53-78-73-79-60-55|94-93-71-72-54-96|92-67-95-84-56-90
22,12,1197.7559,187.3471,137.0,227.3288,0,12,19.39723,19.413744,True,2-6-7-8-46-4-45-5-3-1-100|12-14-47-17-16-15-13-9-11-10|83-25-23-21-48-18-19-49-22|33-32-30-28-26-27-29-31-34-80|41-38-39-42-44-43-40-36-35-37|64-51-76-89-63-85-50-62-91|65-57-77-58-75-97-59|82-99-52-86-87-74-24-20-66|81-61-70-68|98-69-88-53-78-73-79-60-55|94-93-71-72-54-96|92-67-95-84-56-90
23,11,1198.7942,121.541,126.0,236.3158,0,11,9.526325,9.533227,True,2-6-7-8-46-4-45-5-3-1-100|12-14-47-17-16-15-13-9-11-10|25-23-21-48-18-19-49-20-22-24|33-32-30-28-26-27-29-31-34-80|41-44-42-43-40-36-35-37-54|64-51-76-89-63-85-50-62-91|65-83-57-77-58-75-97-59-74|69-98-88-53-78-73-79-60-55-70-68|82-52-86-87-99-90|71-81-61-39-38-72-96|92-93-94-67-95-84-56-66
24,11,1198.7942,121.541,126.0,236.3158,0,11,9.526325,9.533227,True,2-6-7-8-46-4-45-5-3-1-100|12-14-47-17-16-15-13-9-11-10|25-23-21-48-18-19-49-20-22-24|33-32-30-28-26-27-29-31-34-80|41-44-42-43-40-36-35-37-54|64-51-76-89-63-85-50-62-91|65-83-57-77-58-75-97-59-74|69-98-88-53-78-73-79-60-55-70-68|82-52-86-87-99-90|71-81-61-39-38-72-96|92-93-94-67-95-84-56-66
25,12,1199.5463,175.53,137.0,227.3288,0,12,17.624672,17.63995,True,2-6-7-8-46-4-45-5-3-1-100|12-14-47-17-16-15-13-9-11-10|83-25-23-21-48-18-19-49-22|33-32-30-28-26-27-29-31-34-80|41-38-39-42-44-43-40-36-35-37|64-51-76-89-63-85-50-62-91|65-57-77-58-75-97-59|82-99-52-86-87-74-24-20-66|81-61-70-68|69-98-88-53-78-73-79-60-55|93-94-71-72-54-96|92-67-95-84-56-90
26,12,1199.5463,175.53,137.0,227.3288,0,12,17.624672,17.63995,True,2-6-7-8-46-4-45-5-3-1-100|12-14-47-17-16-15-13-9-11-10|83-25-23-21-48-18-19-49-22|33-32-30-28-26-27-29-31-34-80|41-38-39-42-44-43-40-36-35-37|64-51-76-89-63-85-50-62-91|65-57-77-58-75-97-59|82-99-52-86-87-74-24-20-66|81-61-70-68|69-98-88-53-78-73-79-60-55|93-94-71-72-54-96|92-67-95-84-56-90
27,11,1200.4293,81.582,126.0,236.3158,0,11,3.532475,3.533873,True,2-6-7-8-46-4-45-5-3-1-100|12-14-47-17-16-15-13-9-11-10|25-23-21-48-18-19-49-20-22-24|33-32-30-28-26-27-29-31-34-80|61-41-42-44-43-40-36-35-37-54|64-51-76-89-63-85-84-62-91|65-83-57-77-58-75-97-59-74|69-98-88-53-78-73-79-60-55-70-68|82-52-86-87-99-90|92-93-71-72-81-96|39-38-94-67-50-95-56-66
28,11,1200.4293,81.582,126.0,236.3158,0,11,3.532475,3.533873,True,2-6-7-8-46-4-45-5-3-1-100|12-14-47-17-16-15-13-9-11-10|25-23-21-48-18-19-49-20-22-24|33-32-30-28-26-27-29-31-34-80|61-41-42-44-43-40-36-35-37-54|64-51-76-89-63-85-84-62-91|65-83-57-77-58-75-97-59-74|69-98-88-53-78-73-79-60-55-70-68|82-52-86-87-99-90|92-93-71-72-81-96|39-38-94-67-50-95-56-66
29,11,1200.4293,81.582,126.0,236.3158,0,11,3.532475,3.533873,True,2-6-7-8-46-4-45-5-3-1-100|12-14-47-17-16-15-13-9-11-10|25-23-21-48-18-19-49-20-22-24|33-32-30-28-26-27-29-31-34-80|61-41-42-44-43-40-36-35-37-54|64-51-76-89-63-85-84-62-91|65-83-57-77-58-75-97-59-74|69-98-88-53-78-73-79-60-55-70-68|82-52-86-87-99-90|92-93-71-72-81-96|39-38-94-67-50-95-56-66
30,12,1202.6982,198.1591,136.0,227.3288,0,12,21.019036,21.038553,True,2-6-7-8-46-4-45-5-3-1-100|12-14-47-17-16-15-13-9-11-10|25-23-21-48-18-19-49-20-22-24|33-32-30-28-26-27-29-31-34-80|61-41-38-39-44-43-40-36-35-37|64-51-76-89-63-85-50-62-91|65-57-77-58-75-97-59|82-99-52-86-87-74-83-66|81-42-70-68|69-98-88-53-78-73-79-60-55|94-93-71-72-54-96|92-67-95-84-56-90
31,12,1202.6982,198.1591,136.0,227.3288,0,12,21.019036,21.038553,True,2-6-7-8-46-4-45-5-3-1-100|12-14-47-17-16-15-13-9-11-10|25-23-21-48-18-19-49-20-22-24|33-32-30-28-26-27-29-31-34-80|61-41-38-39-44-43-40-36-35-37|64-51-76-89-63-85-50-62-91|65-57-77-58-75-97-59|82-99-52-86-87-74-83-66|81-42-70-68|69-98-88-53-78-73-79-60-55|94-93-71-72-54-96|92-67-95-84-56-90
32,11,1203.3795,117.1141,110.0,235.2046,0,11,8.862295,8.868141,True,2-6-7-8-46-4-45-5-3-1-100|12-14-47-17-16-15-13-9-11-10|65-25-23-21-48-18-19-49-20-66|33-32-30-28-26-27-29-31-34-80|41-38-39-42-44-43-40-36-35-37|64-51-76-89-63-85-50-62-91|82-99-52-86-87-74-57|69-98-88-53-78-73-79-60-55-70-68|92-67-71-94-81-61-72-93|90-56-84-95-96-54|83-24-22-77-58-75-97-59
33,11,1203.3795,117.1141,110.0,235.2046,0,11,8.862295,8.868141,True,2-6-7-8-46-4-45-5-3-1-100|12-14-47-17-16-15-13-9-11-10|65-25-23-21-48-18-19-49-20-66|33-32-30-28-26-27-29-31-34-80|41-38-39-42-44-43-40-36-35-37|64-51-76-89-63-85-50-62-91|82-99-52-86-87-74-57|69-98-88-53-78-73-79-60-55-70-68|92-67-71-94-81-61-72-93|90-56-84-95-96-54|83-24-22-77-58-75-97-59
34,12,1205.3573,167.5548,137.0,227.3288,0,12,16.428397,16.444222,True,2-6-7-8-46-4-45-5-3-1-100|12-14-47-17-16-15-13-9-11-10|83-25-23-21-48-18-19-49-22|33-32-30-28-26-27-29-31-34-80|41-38-39-42-44-43-40-36-35-37|64-51-76-89-63-85-50-62-91|65-57-77-58-75-97-59|82-99-52-86-87-74-24-20-66|81-61-70-68|69-98-88-53-78-73-79-60-55|93-71-72-54-96|92-67-95-84-56-94-90
35,12,1205.3573,167.5548,137.0,227.3288,0,12,16.428397,16.444222,True,2-6-7-8-46-4-45-5-3-1-100|12-14-47-17-16-15-13-9-11-10|83-25-23-21-48-18-19-49-22|33-32-30-28-26-27-29-31-34-80|41-38-39-42-44-43-40-36-35-37|64-51-76-89-63-85-50-62-91|65-57-77-58-75-97-59|82-99-52-86-87-74-24-20-66|81-61-70-68|69-98-88-53-78-73-79-60-55|93-71-72-54-96|92-67-95-84-56-94-90
36,12,1208.4131,165.6618,146.0,227.3288,0,12,16.144448,16.161805,True,2-6-7-8-46-4-45-5-3-1-100|12-14-47-17-16-15-13-9-11-10|83-25-23-21-48-18-19-49-22|33-32-30-28-26-27-29-31-34-80|41-38-39-42-44-43-40-36-35-37|64-51-76-89-63-85-50-62-91|65-57-77-58-75-97-59|82-99-52-86-87-74-24-20-66|81-70-68|69-98-88-53-78-73-79-60-55|61-94-93-71-72-54-96|92-67-95-84-56-90
37,12,1208.4131,165.6618,146.0,227.3288,0,12,16.144448,16.161805,True,2-6-7-8-46-4-45-5-3-1-100|12-14-47-17-16-15-13-9-11-10|83-25-23-21-48-18-19-49-22|33-32-30-28-26-27-29-31-34-80|41-38-39-42-44-43-40-36-35-37|64-51-76-89-63-85-50-62-91|65-57-77-58-75-97-59|82-99-52-86-87-74-24-20-66|81-70-68|69-98-88-53-78-73-79-60-55|61-94-93-71-72-54-96|92-67-95-84-56-90
38,12,1209.0186,165.1869,137.0,227.3288,0,12,16.0732,16.089768,True,2-6-7-8-46-4-45-5-3-1-100|12-14-47-17-16-15-13-9-11-10|83-25-23-21-48-18-19-49-22|33-32-30-28-26-27-29-31-34-80|41-38-39-42-44-43-40-36-35-37|64-51-76-89-63-85-50-62-91|65-57-77-58-75-97-59|82-99-52-86-87-74-24-20-66|81-61-70-68|69-98-88-53-78-73-79-60-55|93-71-72-94-54-96|92-67-95-84-56-90
39,12,1209.0186,165.1869,137.0,227.3288,0,12,16.0732,16.089768,True,2-6-7-8-46-4-45-5-3-1-100|12-14-47-17-16-15-13-9-11-10|83-25-23-21-48-18-19-49-22|33-32-30-28-26-27-29-31-34-80|41-38-39-42-44-43-40-36-35-37|64-51-76-89-63-85-50-62-91|65-57-77-58-75-97-59|82-99-52-86-87-74-24-20-66|81-61-70-68|69-98-88-53-78-73-79-60-55|93-71-72-94-54-96|92-67-95-84-56-90
40,12,1210.5897,208.1313,128.0,227.3288,0,12,22.514872,22.537453,True,2-6-7-8-46-4-45-5-3-1-100|12-14-47-17-16-15-13-9-11-10|83-25-23-21-48-18-19-49-20-66|33-32-30-28-26-27-29-31-34-80|61-42-44-43-40-36-35-37-72|64-51-76-89-63-85-50-62-91|65-57-77-58-75-97-59|82-99-52-86-87-74-22-24|81-41-38-39-70-68|69-98-88-53-78-73-79-60-55|94-93-71-54-96|92-67-95-84-56-90
41,12,1210.5897,208.1313,128.0,227.3288,0,12,22.514872,22.537453,True,2-6-7-8-46-4-45-5-3-1-100|12-14-47-17-16-15-13-9-11-10|83-25-23-21-48-18-19-49-20-66|33-32-30-28-26-27-29-31-34-80|61-42-44-43-40-36-35-37-72|64-51-76-89-63-85-50-62-91|65-57-77-58-75-97-59|82-99-52-86-87-74-22-24|81-41-38-39-70-68|69-98-88-53-78-73-79-60-55|94-93-71-54-96|92-67-95-84-56-90
42,11,1211.091,94.4737,96.0,238.6638,0,11,5.466226,5.470109,True,2-6-7-8-46-4-45-5-3-1-100|65-12-14-47-17-16-15-13-9-10|25-23-21-48-18-19-49-20-22-24|33-32-30-28-26-27-29-31-34-93|61-41-39-42-44-43-40-36-35-37|64-51-76-89-63-85-50-62-91-80|83-52-57-77-58-75-97-59-74|69-98-88-53-78-73-79-60-55-70-68|82-11-86-87-99-90|71-72-38-81-54-96|92-94-67-95-84-56-66
43,11,1211.091,94.4737,96.0,238.6638,0,11,5.466226,5.470109,True,2-6-7-8-46-4-45-5-3-1-100|65-12-14-47-17-16-15-13-9-10|25-23-21-48-18-19-49-20-22-24|33-32-30-28-26-27-29-31-34-93|61-41-39-42-44-43-40-36-35-37|64-51-76-89-63-85-50-62-91-80|83-52-57-77-58-75-97-59-74|69-98-88-53-78-73-79-60-55-70-68|82-11-86-87-99-90|71-72-38-81-54-96|92-94-67-95-84-56-66
44,11,1211.091,94.4737,96.0,238.6638,0,11,5.466226,5.470109,True,2-6-7-8-46-4-45-5-3-1-100|65-12-14-47-17-16-15-13-9-10|25-23-21-48-18-19-49-20-22-24|33-32-30-28-26-27-29-31-34-93|61-41-39-42-44-43-40-36-35-37|64-51-76-89-63-85-50-62-91-80|83-52-57-77-58-75-97-59-74|69-98-88-53-78-73-79-60-55-70-68|82-11-86-87-99-90|71-72-38-81-54-96|92-94-67-95-84-56-66
45,12,1211.8147,173.2883,128.0,227.3288,0,12,17.288415,17.306137,True,2-6-7-8-46-4-45-5-3-1-100|12-14-47-17-16-15-13-9-11-10|83-25-23-21-48-18-19-49-22|33-32-30-28-26-27-29-31-34-80|41-38-39-42-44-43-40-36-35-37|64-51-76-89-63-85-50-62-91|57-77-58-75-97-59|82-99-52-86-87-74-24-20-66|65-81-61-70-68|69-98-88-53-78-73-79-60-55|94-93-71-72-54-96|92-67-95-84-56-90
46,12,1211.8147,173.2883,128.0,227.3288,0,12,17.288415,17.306137,True,2-6-7-8-46-4-45-5-3-1-100|12-14-47-17-16-15-13-9-11-10|83-25-23-21-48-18-19-49-22|33-32-30-28-26-27-29-31-34-80|41-38-39-42-44-43-40-36-35-37|64-51-76-89-63-85-50-62-91|57-77-58-75-97-59|82-99-52-86-87-74-24-20-66|65-81-61-70-68|69-98-88-53-78-73-79-60-55|94-93-71-72-54-96|92-67-95-84-56-90
47,11,1212.0329,104.6315,104.0,236.3158,0,11,6.989896,6.996033,True,2-6-7-8-46-4-45-5-3-1-100|12-14-47-17-16-15-13-9-10|25-23-21-48-18-19-49-20-22-24|33-32-30-28-26-27-29-31-34-80|64-51-76-89-63-85-50-62-91|65-52-57-77-58-75-97-59-74|69-98-88-53-78-73-79-60-55-70-68|82-11-86-87-99-90|92-67-71-72-81-61-54-93-96|94-95-84-56-83-66|41-38-36-35-37-40-44-43-42-39
48,11,1212.0329,104.6315,104.0,236.3158,0,11,6.989896,6.996033,True,2-6-7-8-46-4-45-5-3-1-100|12-14-47-17-16-15-13-9-10|25-23-21-48-18-19-49-20-22-24|33-32-30-28-26-27-29-31-34-80|64-51-76-89-63-85-50-62-91|65-52-57-77-58-75-97-59-74|69-98-88-53-78-73-79-60-55-70-68|82-11-86-87-99-90|92-67-71-72-81-61-54-93-96|94-95-84-56-83-66|41-38-36-35-37-40-44-43-42-39
49,11,1214.8633,116.7613,110.0,235.2046,0,11,8.809371,8.81861,True,2-6-7-8-46-4-45-5-3-1-100|12-14-47-17-16-15-13-9-11-10|25-23-21-48-18-19-49-20-22|33-32-30-28-26-27-29-31-34-80|41-38-39-42-44-43-40-36-35-37|64-51-76-89-63-85-50-62-91|82-99-52-86-87-74-24-66|69-98-88-53-78-73-79-60-55-70-68|92-67-71-94-81-61-72-93|90-56-84-95-96-54|65-83-57-77-58-75-97-59
50,11,1214.8633,116.7613,110.0,235.2046,0,11,8.809371,8.81861,True,2-6-7-8-46-4-45-5-3-1-100|12-14-47-17-16-15-13-9-11-10|25-23-21-48-18-19-49-20-22|33-32-30-28-26-27-29-31-34-80|41-38-39-42-44-43-40-36-35-37|64-51-76-89-63-85-50-62-91|82-99-52-86-87-74-24-66|69-98-88-53-78-73-79-60-55-70-68|92-67-71-94-81-61-72-93|90-56-84-95-96-54|65-83-57-77-58-75-97-59
51,11,1216.7993,70.3235,112.0,235.2046,0,11,1.843693,1.846747,True,2-6-7-8-46-4-45-5-3-1-100|12-14-47-17-16-15-13-9-11-10|33-32-30-28-26-27-29-31-34-80|41-38-39-42-44-43-40-36-35-37|64-51-76-89-63-85-50-62-91|65-57-24-48-77-97-59|69-98-88-53-78-73-79-60-55-70-68|92-67-95-84-56-66-90|82-99-52-86-74-87-75-58|72-71-93-94-81-61-54-96|83-25-23-21-18-19-49-20-22
52,11,1216.7993,70.3235,112.0,235.2046,0,11,1.843693,1.846747,True,2-6-7-8-46-4-45-5-3-1-100|12-14-47-17-16-15-13-9-11-10|33-32-30-28-26-27-29-31-34-80|41-38-39-42-44-43-40-36-35-37|64-51-76-89-63-85-50-62-91|65-57-24-48-77-97-59|69-98-88-53-78-73-79-60-55-70-68|92-67-95-84-56-66-90|82-99-52-86-74-87-75-58|72-71-93-94-81-61-54-96|83-25-23-21-18-19-49-20-22
53,11,1219.2061,114.8383,100.0,236.3158,0,11,8.520922,8.530342,True,2-6-7-8-46-4-45-5-3-1-100|12-14-47-17-16-15-13-9-10|25-23-21-48-18-19-49-20-22-24|33-32-30-28-26-27-29-31-34-80|41-42-44-43-40-36-35-37-54|64-51-76-89-63-85-50-62-56-91|65-52-57-77-58-75-97-59-74|69-98-88-53-78-73-79-60-55-70-68|82-11-86-87-99-90|71-93-81-61-39-38-72-96|92-94-67-95-84-83-66
54,11,1219.2061,114.8383,100.0,236.3158,0,11,8.520922,8.530342,True,2-6-7-8-46-4-45-5-3-1-100|12-14-47-17-16-15-13-9-10|25-23-21-48-18-19-49-20-22-24|33-32-30-28-26-27-29-31-34-80|41-42-44-43-40-36-35-37-54|64-51-76-89-63-85-50-62-56-91|65-52-57-77-58-75-97-59-74|69-98-88-53-78-73-79-60-55-70-68|82-11-86-87-99-90|71-93-81-61-39-38-72-96|92-94-67-95-84-83-66
55,11,1219.2378,126.2548,102.0,235.2046,0,11,10.233393,10.244568,True,2-6-7-8-46-4-45-5-3-1-100|12-14-47-17-16-15-13-9-11-10|83-25-23-21-48-18-19-49-22|33-32-30-28-26-27-29-31-34-93|61-41-42-44-43-40-36-35-37-54|64-51-76-89-63-85-50-62-80|65-57-77-58-75-97-59|82-99-52-86-87-74-24-20-66|39-38-81-96-71-72|69-98-88-53-78-73-79-60-55-70-68|90-94-67-84-95-92-56-91
56,11,1219.2378,126.2548,102.0,235.2046,0,11,10.233393,10.244568,True,2-6-7-8-46-4-45-5-3-1-100|12-14-47-17-16-15-13-9-11-10|83-25-23-21-48-18-19-49-22|33-32-30-28-26-27-29-31-34-93|61-41-42-44-43-40-36-35-37-54|64-51-76-89-63-85-50-62-80|65-57-77-58-75-97-59|82-99-52-86-87-74-24-20-66|39-38-81-96-71-72|69-98-88-53-78-73-79-60-55-70-68|90-94-67-84-95-92-56-91
57,12,1221.8018,142.5538,141.0,227.3288,0,12,12.678242,12.69565,True,2-6-7-8-46-4-45-5-3-1-100|12-14-47-17-16-15-13-9-11-10|83-25-23-21-48-18-19-49-22|33-32-30-28-26-27-29-31-34-80|70-41-42-44-43-40-36-35-37-72|64-51-76-89-63-85-50-62-91|65-57-77-58-75-97-59|82-99-52-86-87-74-24-20-66|61-39-38-81|69-98-88-53-78-73-79-60-55-68|94-93-71-54-96|92-67-95-84-56-90
58,12,1221.8018,142.5538,141.0,227.3288,0,12,12.678242,12.69565,True,2-6-7-8-46-4-45-5-3-1-100|12-14-47-17-16-15-13-9-11-10|83-25-23-21-48-18-19-49-22|33-32-30-28-26-27-29-31-34-80|70-41-42-44-43-40-36-35-37-72|64-51-76-89-63-85-50-62-91|65-57-77-58-75-97-59|82-99-52-86-87-74-24-20-66|61-39-38-81|69-98-88-53-78-73-79-60-55-68|94-93-71-54-96|92-67-95-84-56-90
59,11,1221.881,78.1255,96.0,236.3158,0,11,3.351039,3.355355,True,2-6-7-8-46-4-45-5-3-1-100|12-14-47-17-16-15-13-9-10|25-23-21-48-18-19-49-20-22-24|33-32-30-28-26-27-29-31-34-93|61-41-39-42-44-43-40-36-35-37|51-76-89-63-85-50-62-56-80|65-52-57-77-58-75-97-59-74|69-98-88-53-78-73-79-60-55-70-68|82-11-86-87-99-90|71-72-38-81-54-96|83-64-84-95-67-94-92-91-66
60,11,1221.881,78.1255,96.0,236.3158,0,11,3.351039,3.355355,True,2-6-7-8-46-4-45-5-3-1-100|12-14-47-17-16-15-13-9-10|25-23-21-48-18-19-49-20-22-24|33-32-30-28-26-27-29-31-34-93|61-41-39-42-44-43-40-36-35-37|51-76-89-63-85-50-62-56-80|65-52-57-77-58-75-97-59-74|69-98-88-53-78-73-79-60-55-70-68|82-11-86-87-99-90|71-72-38-81-54-96|83-64-84-95-67-94-92-91-66
61,12,1225.2563,226.9835,115.0,227.3288,0,12,25.342699,25.371207,True,2-6-7-8-46-4-45-5-3-1-100|12-14-47-17-16-15-13-9-11-10|83-25-23-21-48-18-19-49-22|33-32-30-28-26-27-29-31-34-80|41-38-39-42-44-43-40-36-35-37|64-51-76-89-63-85-50-62-91|65-57-77-58-75-97-59|82-99-52-86-87-74-24-20-66|90-73-79-70-68|69-98-53-78-60-88-55|61-81-93-71-72-54-96|92-94-67-95-84-56
62,12,1225.2563,226.9835,115.0,227.3288,0,12,25.342699,25.371207,True,2-6-7-8-46-4-45-5-3-1-100|12-14-47-17-16-15-13-9-11-10|83-25-23-21-48-18-19-49-22|33-32-30-28-26-27-29-31-34-80|41-38-39-42-44-43-40-36-35-37|64-51-76-89-63-85-50-62-91|65-57-77-58-75-97-59|82-99-52-86-87-74-24-20-66|90-73-79-70-68|69-98-53-78-60-88-55|61-81-93-71-72-54-96|92-94-67-95-84-56
63,11,1229.2582,51.642,136.0,235.2046,0,11,5.564183,5.570572,True,2-6-7-8-46-4-45-5-3-1-100|12-14-47-17-16-15-13-9-11-10|25-23-21-48-18-19-49-20-22-24|33-32-30-28-26-27-29-31-34-80|72-41-39-42-44-43-40-36-35-37-54|64-51-76-89-63-85-50-62-56-91|69-98-88-53-78-73-79-60-55-70-68|65-82-99-52-87-86-57-66|95-67-71-81-61-38-96|92-93-94-84-90|83-77-58-75-97-59-74
64,11,1229.2582,51.642,136.0,235.2046,0,11,5.564183,5.570572,True,2-6-7-8-46-4-45-5-3-1-100|12-14-47-17-16-15-13-9-11-10|25-23-21-48-18-19-49-20-22-24|33-32-30-28-26-27-29-31-34-80|72-41-39-42-44-43-40-36-35-37-54|64-51-76-89-63-85-50-62-56-91|69-98-88-53-78-73-79-60-55-70-68|65-82-99-52-87-86-57-66|95-67-71-81-61-38-96|92-93-94-84-90|83-77-58-75-97-59-74
65,11,1229.6223,93.6711,90.0,236.3158,0,11,5.673404,5.681773,True,2-6-7-8-46-4-45-5-3-1-100|12-14-47-17-16-15-13-9-10|25-23-21-48-18-19-49-20-22-24|33-32-30-28-26-27-29-31-34-80|41-42-44-43-40-36-35-37-54|64-51-76-89-63-85-50-62-91|65-52-57-77-58-75-97-59-74|69-98-88-53-78-73-79-60-55-70-68|82-11-86-87-99-90|71-93-81-61-39-38-72-96|83-84-95-67-94-92-56-66
66,11,1229.6223,93.6711,90.0,236.3158,0,11,5.673404,5.681773,True,2-6-7-8-46-4-45-5-3-1-100|12-14-47-17-16-15-13-9-10|25-23-21-48-18-19-49-20-22-24|33-32-30-28-26-27-29-31-34-80|41-42-44-43-40-36-35-37-54|64-51-76-89-63-85-50-62-91|65-52-57-77-58-75-97-59-74|69-98-88-53-78-73-79-60-55-70-68|82-11-86-87-99-90|71-93-81-61-39-38-72-96|83-84-95-67-94-92-56-66
67,12,1230.6387,147.0797,137.0,227.3288,0,12,13.357131,13.377469,True,2-6-7-8-46-4-45-5-3-1-100|12-14-47-17-16-15-13-9-11-10|83-25-23-21-48-18-19-49-22|33-32-30-28-26-27-29-31-34-80|38-39-42-44-43-40-36-35-37|64-51-76-89-63-85-50-62-91|65-57-77-58-75-97-59|82-99-52-86-87-74-24-20-66|81-61-70-68|69-98-88-53-78-73-79-60-55|41-94-93-71-72-54-96|92-67-95-84-56-90
68,12,1230.6387,147.0797,137.0,227.3288,0,12,13.357131,13.377469,True,2-6-7-8-46-4-45-5-3-1-100|12-14-47-17-16-15-13-9-11-10|83-25-23-21-48-18-19-49-22|33-32-30-28-26-27-29-31-34-80|38-39-42-44-43-40-36-35-37|64-51-76-89-63-85-50-62-91|65-57-77-58-75-97-59|82-99-52-86-87-74-24-20-66|81-61-70-68|69-98-88-53-78-73-79-60-55|41-94-93-71-72-54-96|92-67-95-84-56-90
69,12,1230.7098,167.5548,128.0,227.3288,0,12,16.428397,16.450928,True,2-6-7-8-46-4-45-5-3-100|12-14-47-17-16-15-13-9-11-10|83-25-23-21-48-18-19-49-22|33-32-30-28-26-27-29-31-34-80|41-38-39-42-44-43-40-36-35-37|64-51-76-89-63-85-50-62-91|65-57-77-58-75-97-59|82-99-52-86-87-74-24-20-66|81-61-1-70-68|69-98-88-53-78-73-79-60-55|93-71-72-54-96-94|92-67-95-84-56-90
70,12,1230.7098,167.5548,128.0,227.3288,0,12,16.428397,16.450928,True,2-6-7-8-46-4-45-5-3-100|12-14-47-17-16-15-13-9-11-10|83-25-23-21-48-18-19-49-22|33-32-30-28-26-27-29-31-34-80|41-38-39-42-44-43-40-36-35-37|64-51-76-89-63-85-50-62-91|65-57-77-58-75-97-59|82-99-52-86-87-74-24-20-66|81-61-1-70-68|69-98-88-53-78-73-79-60-55|93-71-72-54-96-94|92-67-95-84-56-90
71,12,1232.4757,190.6959,127.0,227.3288,0,12,19.899565,19.925996,True,2-6-7-8-46-4-45-5-3-1-100|12-14-47-17-16-15-13-9-11-10|83-25-23-21-48-18-19-49-22|33-32-30-28-26-27-29-31-34-80|41-38-39-42-44-43-40-36-35-37|64-51-76-89-63-85-50-62-91|65-57-77-58-75-97-59|82-99-52-86-87-74-24-20-66|61-70-79-73-78-55-68|69-98-53-60-88|67-94-93-71-72-54-96|90-81-92-95-84-56
72,12,1232.4757,190.6959,127.0,227.3288,0,12,19.899565,19.925996,True,2-6-7-8-46-4-45-5-3-1-100|12-14-47-17-16-15-13-9-11-10|83-25-23-21-48-18-19-49-22|33-32-30-28-26-27-29-31-34-80|41-38-39-42-44-43-40-36-35-37|64-51-76-89-63-85-50-62-91|65-57-77-58-75-97-59|82-99-52-86-87-74-24-20-66|61-70-79-73-78-55-68|69-98-53-60-88|67-94-93-71-72-54-96|90-81-92-95-84-56
73,11,1234.2779,80.7018,127.0,230.3692,0,11,7.070083,7.080712,True,2-6-7-8-46-4-45-5-3-1-100|12-14-47-17-16-15-13-9-11-10|83-25-23-21-48-18-19-49-22|33-32-30-28-26-27-29-31-34-93|41-38-39-42-44-43-40-36-35-37|64-51-76-89-63-85-50-96-54|65-57-77-58-75-97-59|82-99-52-86-87-74-24-20-66-80|92-95-67-94-81-61-72-70-68|69-98-88-53-78-73-79-60-55|71-62-84-56-91-90
74,11,1234.2779,80.7018,127.0,230.3692,0,11,7.070083,7.080712,True,2-6-7-8-46-4-45-5-3-1-100|12-14-47-17-16-15-13-9-11-10|83-25-23-21-48-18-19-49-22|33-32-30-28-26-27-29-31-34-93|41-38-39-42-44-43-40-36-35-37|64-51-76-89-63-85-50-96-54|65-57-77-58-75-97-59|82-99-52-86-87-74-24-20-66-80|92-95-67-94-81-61-72-70-68|69-98-88-53-78-73-79-60-55|71-62-84-56-91-90
75,11,1234.5342,80.9422,92.0,236.3158,0,11,7.146982,7.155116,True,2-6-7-8-46-4-45-5-3-1-100|98-12-14-47-17-16-15-13-9-10|25-23-21-48-18-19-49-20-22-24|33-32-30-28-26-27-29-31-34-80|41-39-42-44-43-40-36-35-37-54|64-51-76-89-63-85-50-62-91|65-52-57-77-58-75-97-59-74|69-88-53-78-73-79-60-55-70-68|82-11-86-87-99-90|83-92-81-61-38-72-96|71-93-94-67-95-84-56-66
76,11,1234.5342,80.9422,92.0,236.3158,0,11,7.146982,7.155116,True,2-6-7-8-46-4-45-5-3-1-100|98-12-14-47-17-16-15-13-9-10|25-23-21-48-18-19-49-20-22-24|33-32-30-28-26-27-29-31-34-80|41-39-42-44-43-40-36-35-37-54|64-51-76-89-63-85-50-62-91|65-52-57-77-58-75-97-59-74|69-88-53-78-73-79-60-55-70-68|82-11-86-87-99-90|83-92-81-61-38-72-96|71-93-94-67-95-84-56-66
77,11,1234.5342,80.9422,92.0,236.3158,0,11,7.146982,7.155116,True,2-6-7-8-46-4-45-5-3-1-100|98-12-14-47-17-16-15-13-9-10|25-23-21-48-18-19-49-20-22-24|33-32-30-28-26-27-29-31-34-80|41-39-42-44-43-40-36-35-37-54|64-51-76-89-63-85-50-62-91|65-52-57-77-58-75-97-59-74|69-88-53-78-73-79-60-55-70-68|82-11-86-87-99-90|83-92-81-61-38-72-96|71-93-94-67-95-84-56-66
78,11,1238.7856,47.8441,147.0,235.2046,0,11,8.422407,8.432185,True,2-6-7-8-46-4-45-5-3-1-100|12-14-47-17-16-15-13-9-11-10|83-25-23-21-48-18-19-49-22|67-33-32-30-28-26-29-34-50-80|41-38-39-42-44-43-40-36-35-37|64-51-76-89-63-85-84-56-91|65-82-99-52-86-87-74-24-20-66|69-98-88-53-78-73-79-60-55-70-68|95-71-72-61-81-90|77-58-75-97-59-57|92-62-31-27-94-93-96-54
79,11,1238.7856,47.8441,147.0,235.2046,0,11,8.422407,8.432185,True,2-6-7-8-46-4-45-5-3-1-100|12-14-47-17-16-15-13-9-11-10|83-25-23-21-48-18-19-49-22|67-33-32-30-28-26-29-34-50-80|41-38-39-42-44-43-40-36-35-37|64-51-76-89-63-85-84-56-91|65-82-99-52-86-87-74-24-20-66|69-98-88-53-78-73-79-60-55-70-68|95-71-72-61-81-90|77-58-75-97-59-57|92-62-31-27-94-93-96-54
80,11,1239.111,59.6873,121.0,235.2046,0,11,8.520033,8.529085,True,2-6-7-8-46-4-45-5-3-1-100|12-14-47-17-16-15-13-9-11-10|25-23-21-48-18-19-49-22|33-32-30-28-26-27-29-31-34-80|41-38-39-42-44-43-40-36-35-37|64-51-76-89-63-85-50-62-91|65-82-99-52-86-87-74-24-20-66|69-98-88-53-78-73-79-60-55-70-68|92-67-71-94-81-61|72-93-95-84-56-90-96-54|83-57-77-58-75-97-59
81,11,1239.111,59.6873,121.0,235.2046,0,11,8.520033,8.529085,True,2-6-7-8-46-4-45-5-3-1-100|12-14-47-17-16-15-13-9-11-10|25-23-21-48-18-19-49-22|33-32-30-28-26-27-29-31-34-80|41-38-39-42-44-43-40-36-35-37|64-51-76-89-63-85-50-62-91|65-82-99-52-86-87-74-24-20-66|69-98-88-53-78-73-79-60-55-70-68|92-67-71-94-81-61|72-93-95-84-56-90-96-54|83-57-77-58-75-97-59
82,11,1240.2351,72.4081,101.0,236.3158,0,11,8.857251,8.866715,True,2-6-7-8-46-4-45-5-3-1-100|12-14-47-17-16-15-13-9-10|25-23-21-48-18-19-49-20-22-24|33-32-30-28-26-27-29-31-34-80|61-41-42-44-43-40-36-35-37-39|64-51-76-89-63-85-50-62-91|65-52-57-77-58-75-97-59-74|69-98-88-53-78-73-79-60-55-70-68|82-11-86-87-99-90|92-67-71-81-38-72-54-96|83-84-95-93-94-56-66
83,11,1240.2351,72.4081,101.0,236.3158,0,11,8.857251,8.866715,True,2-6-7-8-46-4-45-5-3-1-100|12-14-47-17-16-15-13-9-10|25-23-21-48-18-19-49-20-22-24|33-32-30-28-26-27-29-31-34-80|61-41-42-44-43-40-36-35-37-39|64-51-76-89-63-85-50-62-91|65-52-57-77-58-75-97-59-74|69-98-88-53-78-73-79-60-55-70-68|82-11-86-87-99-90|92-67-71-81-38-72-54-96|83-84-95-93-94-56-66
84,12,1240.62,213.7066,114.0,227.3288,0,12,23.351161,23.382188,True,2-6-7-8-46-4-45-5-3-1-100|12-14-47-17-16-15-13-9-11-10|83-25-23-21-48-18-19-49-22|33-32-30-28-26-27-29-31-34-80|41-38-39-42-44-43-40-36-35-37|64-51-76-89-63-85-50-62-91|65-57-77-58-75-97-59|82-99-52-86-87-74-24-20-66|90-78-79-70-68|69-98-60-73-53-88-55|61-81-93-71-72-54-96|92-94-67-95-84-56
85,12,1240.62,213.7066,114.0,227.3288,0,12,23.351161,23.382188,True,2-6-7-8-46-4-45-5-3-1-100|12-14-47-17-16-15-13-9-11-10|83-25-23-21-48-18-19-49-22|33-32-30-28-26-27-29-31-34-80|41-38-39-42-44-43-40-36-35-37|64-51-76-89-63-85-50-62-91|65-57-77-58-75-97-59|82-99-52-86-87-74-24-20-66|90-78-79-70-68|69-98-60-73-53-88-55|61-81-93-71-72-54-96|92-94-67-95-84-56
86,12,1240.62,213.7066,114.0,227.3288,0,12,23.351161,23.382188,True,2-6-7-8-46-4-45-5-3-1-100|12-14-47-17-16-15-13-9-11-10|83-25-23-21-48-18-19-49-22|33-32-30-28-26-27-29-31-34-80|41-38-39-42-44-43-40-36-35-37|64-51-76-89-63-85-50-62-91|65-57-77-58-75-97-59|82-99-52-86-87-74-24-20-66|90-78-79-70-68|69-98-60-73-53-88-55|61-81-93-71-72-54-96|92-94-67-95-84-56
87,11,1240.7304,75.1154,94.0,236.3158,0,11,9.005837,9.015156,True,2-6-7-8-46-4-45-5-3-1-100|12-14-47-17-16-15-13-9-10|25-23-21-48-18-19-49-20-22-24|33-32-30-28-26-27-29-31-34-93|41-39-42-44-43-40-36-35-37-54|64-51-76-89-63-85-50-62-91-80|65-52-57-77-58-75-97-59-74|69-98-88-53-78-73-79-60-55-70-68|82-11-86-87-99-90|67-71-81-61-38-72-96|83-84-95-94-92-56-66
88,11,1240.7304,75.1154,94.0,236.3158,0,11,9.005837,9.015156,True,2-6-7-8-46-4-45-5-3-1-100|12-14-47-17-16-15-13-9-10|25-23-21-48-18-19-49-20-22-24|33-32-30-28-26-27-29-31-34-93|41-39-42-44-43-40-36-35-37-54|64-51-76-89-63-85-50-62-91-80|65-52-57-77-58-75-97-59-74|69-98-88-53-78-73-79-60-55-70-68|82-11-86-87-99-90|67-71-81-61-38-72-96|83-84-95-94-92-56-66
89,11,1241.2893,63.3309,106.0,238.6638,0,11,9.173516,9.182787,True,2-6-7-8-46-4-45-5-3-1-100|65-12-14-47-17-16-15-13-9-10|25-23-21-48-18-19-49-20-22-24|33-32-30-28-26-27-29-31-34-80|41-39-42-44-43-40-36-35-37-54|64-51-76-89-63-85-50-62-91|83-52-57-77-58-75-97-59-74|69-98-88-53-78-73-79-60-55-70-68|82-11-86-87-99-90|92-67-71-81-38-72-96|61-93-94-95-84-56-66
90,11,1241.2893,63.3309,106.0,238.6638,0,11,9.173516,9.182787,True,2-6-7-8-46-4-45-5-3-1-100|65-12-14-47-17-16-15-13-9-10|25-23-21-48-18-19-49-20-22-24|33-32-30-28-26-27-29-31-34-80|41-39-42-44-43-40-36-35-37-54|64-51-76-89-63-85-50-62-91|83-52-57-77-58-75-97-59-74|69-98-88-53-78-73-79-60-55-70-68|82-11-86-87-99-90|92-67-71-81-38-72-96|61-93-94-95-84-56-66
91,12,1241.759,137.0797,137.0,227.3288,0,12,11.857131,11.879305,True,2-6-7-8-46-4-45-5-3-1-100|12-14-47-17-16-15-13-9-11-10|83-25-23-21-48-18-19-49-22|33-32-30-28-26-27-29-31-34-80|41-39-42-44-43-40-36-35-37|64-51-76-89-63-85-50-62-91|65-57-77-58-75-97-59|82-99-52-86-87-74-24-20-66|81-61-70-68|69-98-88-53-78-73-79-60-55|38-94-93-71-72-54-96|92-95-67-84-56-90
92,12,1241.759,137.0797,137.0,227.3288,0,12,11.857131,11.879305,True,2-6-7-8-46-4-45-5-3-1-100|12-14-47-17-16-15-13-9-11-10|83-25-23-21-48-18-19-49-22|33-32-30-28-26-27-29-31-34-80|41-39-42-44-43-40-36-35-37|64-51-76-89-63-85-50-62-91|65-57-77-58-75-97-59|82-99-52-86-87-74-24-20-66|81-61-70-68|69-98-88-53-78-73-79-60-55|38-94-93-71-72-54-96|92-95-67-84-56-90
93,12,1242.9058,199.5276,114.0,227.3288,0,12,21.224314,21.253899,True,2-6-7-8-46-4-45-5-3-1-100|12-14-47-17-16-15-13-9-11-10|83-25-23-21-48-18-19-49-22|33-32-30-28-26-27-29-31-34-80|41-38-39-42-44-43-40-36-35-37|64-51-76-89-63-85-50-62-91|65-57-77-58-75-97-59|82-99-52-86-87-74-24-20-66|90-78-79-70-68|69-98-73-60-53-88-55|61-81-93-71-72-54-96|92-94-67-95-84-56
94,12,1242.9058,199.5276,114.0,227.3288,0,12,21.224314,21.253899,True,2-6-7-8-46-4-45-5-3-1-100|12-14-47-17-16-15-13-9-11-10|83-25-23-21-48-18-19-49-22|33-32-30-28-26-27-29-31-34-80|41-38-39-42-44-43-40-36-35-37|64-51-76-89-63-85-50-62-91|65-57-77-58-75-97-59|82-99-52-86-87-74-24-20-66|90-78-79-70-68|69-98-73-60-53-88-55|61-81-93-71-72-54-96|92-94-67-95-84-56
95,11,1243.7888,71.3987,102.0,236.3158,0,11,9.923354,9.933833,True,2-6-7-8-46-4-45-5-3-1-100|69-98-12-47-17-16-15-13-9-10-14|25-23-21-48-18-19-49-20-22-24|33-32-30-28-26-27-29-31-34-80|61-41-42-44-43-40-36-35-37-54|64-51-76-89-63-85-50-62-91|65-52-57-77-58-75-97-59-74|88-53-78-73-79-60-55-70-68|82-11-86-87-99-90|72-38-39-81-71-96|83-92-93-94-67-95-84-56-66
96,11,1243.7888,71.3987,102.0,236.3158,0,11,9.923354,9.933833,True,2-6-7-8-46-4-45-5-3-1-100|69-98-12-47-17-16-15-13-9-10-14|25-23-21-48-18-19-49-20-22-24|33-32-30-28-26-27-29-31-34-80|61-41-42-44-43-40-36-35-37-54|64-51-76-89-63-85-50-62-91|65-52-57-77-58-75-97-59-74|88-53-78-73-79-60-55-70-68|82-11-86-87-99-90|72-38-39-81-71-96|83-92-93-94-67-95-84-56-66
97,11,1245.2421,70.6261,90.0,236.3158,0,11,10.359367,10.368966,True,2-6-7-8-46-4-45-5-3-1-100|12-14-47-17-16-15-13-9-10|25-23-21-48-18-19-49-20-22-24|33-32-30-28-26-27-29-31-34-80|41-39-42-44-43-40-36-35-37-54|51-76-89-63-85-50-62-56|65-52-57-77-58-75-97-59-74|69-98-88-53-78-73-79-60-55-70-68|82-11-86-87-99-90|92-67-71-81-61-38-72-96|83-64-84-95-93-94-91-66
98,11,1245.2421,70.6261,90.0,236.3158,0,11,10.359367,10.368966,True,2-6-7-8-46-4-45-5-3-1-100|12-14-47-17-16-15-13-9-10|25-23-21-48-18-19-49-20-22-24|33-32-30-28-26-27-29-31-34-80|41-39-42-44-43-40-36-35-37-54|51-76-89-63-85-50-62-56|65-52-57-77-58-75-97-59-74|69-98-88-53-78-73-79-60-55-70-68|82-11-86-87-99-90|92-67-71-81-61-38-72-96|83-64-84-95-93-94-91-66
99,11,1246.2706,70.6261,89.0,236.3158,0,11,10.667909,10.677716,True,2-6-7-8-46-4-45-5-3-1-100|12-14-47-17-16-15-13-9-10|25-23-21-48-18-19-49-20-22-24|33-32-30-28-26-27-29-31-34-80|41-39-42-44-43-40-36-35-37-54|51-76-89-63-85-50-62-91|65-52-57-77-58-75-97-59-74|69-98-88-53-78-73-79-60-55-70-68|82-11-86-87-99-90|92-67-71-81-61-38-72-96|83-64-84-95-93-94-56-66
100,11,1246.2706,70.6261,89.0,236.3158,0,11,10.667909,10.677716,True,2-6-7-8-46-4-45-5-3-1-100|12-14-47-17-16-15-13-9-10|25-23-21-48-18-19-49-20-22-24|33-32-30-28-26-27-29-31-34-80|41-39-42-44-43-40-36-35-37-54|51-76-89-63-85-50-62-91|65-52-57-77-58-75-97-59-74|69-98-88-53-78-73-79-60-55-70-68|82-11-86-87-99-90|92-67-71-81-61-38-72-96|83-64-84-95-93-94-56-66
101,11,1247.4832,69.4136,101.0,236.3158,0,11,11.031672,11.042861,True,2-6-7-8-46-4-45-5-3-1-100|12-14-47-17-16-15-13-9-10|25-23-21-48-18-19-49-20-22-24|33-32-30-28-26-27-29-31-34-80|41-39-42-44-43-40-36-35-37-54|64-51-76-89-63-85-50-62-91|65-52-57-77-58-75-97-59-74|69-98-88-53-78-73-79-60-55-70-68|82-11-86-87-99-90|92-67-71-81-61-38-72-96|83-84-95-93-94-56-66
102,11,1247.4832,69.4136,101.0,236.3158,0,11,11.031672,11.042861,True,2-6-7-8-46-4-45-5-3-1-100|12-14-47-17-16-15-13-9-10|25-23-21-48-18-19-49-20-22-24|33-32-30-28-26-27-29-31-34-80|41-39-42-44-43-40-36-35-37-54|64-51-76-89-63-85-50-62-91|65-52-57-77-58-75-97-59-74|69-98-88-53-78-73-79-60-55-70-68|82-11-86-87-99-90|92-67-71-81-61-38-72-96|83-84-95-93-94-56-66
103,11,1247.4832,69.4136,101.0,236.3158,0,11,11.031672,11.042861,True,2-6-7-8-46-4-45-5-3-1-100|12-14-47-17-16-15-13-9-10|25-23-21-48-18-19-49-20-22-24|33-32-30-28-26-27-29-31-34-80|41-39-42-44-43-40-36-35-37-54|64-51-76-89-63-85-50-62-91|65-52-57-77-58-75-97-59-74|69-98-88-53-78-73-79-60-55-70-68|82-11-86-87-99-90|92-67-71-81-61-38-72-96|83-84-95-93-94-56-66
104,11,1247.4832,69.4136,101.0,236.3158,0,11,11.031672,11.042861,True,2-6-7-8-46-4-45-5-3-1-100|12-14-47-17-16-15-13-9-10|25-23-21-48-18-19-49-20-22-24|33-32-30-28-26-27-29-31-34-80|41-39-42-44-43-40-36-35-37-54|64-51-76-89-63-85-50-62-91|65-52-57-77-58-75-97-59-74|69-98-88-53-78-73-79-60-55-70-68|82-11-86-87-99-90|92-67-71-81-61-38-72-96|83-84-95-93-94-56-66
105,11,1247.4832,69.4136,101.0,236.3158,0,11,11.031672,11.042861,True,2-6-7-8-46-4-45-5-3-1-100|12-14-47-17-16-15-13-9-10|25-23-21-48-18-19-49-20-22-24|33-32-30-28-26-27-29-31-34-80|41-39-42-44-43-40-36-35-37-54|64-51-76-89-63-85-50-62-91|65-52-57-77-58-75-97-59-74|69-98-88-53-78-73-79-60-55-70-68|82-11-86-87-99-90|92-67-71-81-61-38-72-96|83-84-95-93-94-56-66
106,11,1247.4832,69.4136,101.0,236.3158,0,11,11.031672,11.042861,True,2-6-7-8-46-4-45-5-3-1-100|12-14-47-17-16-15-13-9-10|25-23-21-48-18-19-49-20-22-24|33-32-30-28-26-27-29-31-34-80|41-39-42-44-43-40-36-35-37-54|64-51-76-89-63-85-50-62-91|65-52-57-77-58-75-97-59-74|69-98-88-53-78-73-79-60-55-70-68|82-11-86-87-99-90|92-67-71-81-61-38-72-96|83-84-95-93-94-56-66
107,11,1247.4832,69.4136,101.0,236.3158,0,11,11.031672,11.042861,True,2-6-7-8-46-4-45-5-3-1-100|12-14-47-17-16-15-13-9-10|25-23-21-48-18-19-49-20-22-24|33-32-30-28-26-27-29-31-34-80|41-39-42-44-43-40-36-35-37-54|64-51-76-89-63-85-50-62-91|65-52-57-77-58-75-97-59-74|69-98-88-53-78-73-79-60-55-70-68|82-11-86-87-99-90|92-67-71-81-61-38-72-96|83-84-95-93-94-56-66
108,11,1247.4832,69.4136,101.0,236.3158,0,11,11.031672,11.042861,True,2-6-7-8-46-4-45-5-3-1-100|12-14-47-17-16-15-13-9-10|25-23-21-48-18-19-49-20-22-24|33-32-30-28-26-27-29-31-34-80|41-39-42-44-43-40-36-35-37-54|64-51-76-89-63-85-50-62-91|65-52-57-77-58-75-97-59-74|69-98-88-53-78-73-79-60-55-70-68|82-11-86-87-99-90|92-67-71-81-61-38-72-96|83-84-95-93-94-56-66
109,11,1247.4832,69.4136,101.0,236.3158,0,11,11.031672,11.042861,True,2-6-7-8-46-4-45-5-3-1-100|12-14-47-17-16-15-13-9-10|25-23-21-48-18-19-49-20-22-24|33-32-30-28-26-27-29-31-34-80|41-39-42-44-43-40-36-35-37-54|64-51-76-89-63-85-50-62-91|65-52-57-77-58-75-97-59-74|69-98-88-53-78-73-79-60-55-70-68|82-11-86-87-99-90|92-67-71-81-61-38-72-96|83-84-95-93-94-56-66
110,11,1247.4832,69.4136,101.0,236.3158,0,11,11.031672,11.042861,True,2-6-7-8-46-4-45-5-3-1-100|12-14-47-17-16-15-13-9-10|25-23-21-48-18-19-49-20-22-24|33-32-30-28-26-27-29-31-34-80|41-39-42-44-43-40-36-35-37-54|64-51-76-89-63-85-50-62-91|65-52-57-77-58-75-97-59-74|69-98-88-53-78-73-79-60-55-70-68|82-11-86-87-99-90|92-67-71-81-61-38-72-96|83-84-95-93-94-56-66
111,11,1247.7754,49.5279,127.0,238.6638,0,11,11.119356,11.130602,True,2-6-7-8-46-4-45-5-3-1-100|65-12-14-47-17-16-15-13-9-10|25-23-21-48-18-19-49-20-22-24|33-32-30-28-26-27-29-31-34-93|61-41-39-42-44-43-40-36-35-37|64-51-76-89-63-84-50-56-91|83-52-57-77-58-75-97-59-74|69-98-88-53-78-73-79-60-55-70-68|82-11-86-87-99-90|38-72-71-96-81-54-80|92-95-85-62-67-94-66
112,11,1247.7754,49.5279,127.0,238.6638,0,11,11.119356,11.130602,True,2-6-7-8-46-4-45-5-3-1-100|65-12-14-47-17-16-15-13-9-10|25-23-21-48-18-19-49-20-22-24|33-32-30-28-26-27-29-31-34-93|61-41-39-42-44-43-40-36-35-37|64-51-76-89-63-84-50-56-91|83-52-57-77-58-75-97-59-74|69-98-88-53-78-73-79-60-55-70-68|82-11-86-87-99-90|38-72-71-96-81-54-80|92-95-85-62-67-94-66
113,11,1247.9246,57.8537,101.0,236.3158,0,11,11.164105,11.173692,True,2-6-7-8-46-4-45-5-3-1-100|98-12-14-47-17-16-15-13-9-10|25-23-21-48-18-19-49-20-22-24|33-32-30-28-26-27-29-31-34-80|41-39-42-44-43-40-36-35-37-54|64-51-76-89-63-85-50-62-91|65-52-57-77-58-75-97-59-74|69-88-53-78-73-79-60-55-70-68|82-11-86-87-99-90|92-67-71-81-61-38-72-96|83-93-94-95-84-56-66
114,11,1247.9246,57.8537,101.0,236.3158,0,11,11.164105,11.173692,True,2-6-7-8-46-4-45-5-3-1-100|98-12-14-47-17-16-15-13-9-10|25-23-21-48-18-19-49-20-22-24|33-32-30-28-26-27-29-31-34-80|41-39-42-44-43-40-36-35-37-54|64-51-76-89-63-85-50-62-91|65-52-57-77-58-75-97-59-74|69-88-53-78-73-79-60-55-70-68|82-11-86-87-99-90|92-67-71-81-61-38-72-96|83-93-94-95-84-56-66
115,11,1247.9246,57.8537,101.0,236.3158,0,11,11.164105,11.173692,True,2-6-7-8-46-4-45-5-3-1-100|98-12-14-47-17-16-15-13-9-10|25-23-21-48-18-19-49-20-22-24|33-32-30-28-26-27-29-31-34-80|41-39-42-44-43-40-36-35-37-54|64-51-76-89-63-85-50-62-91|65-52-57-77-58-75-97-59-74|69-88-53-78-73-79-60-55-70-68|82-11-86-87-99-90|92-67-71-81-61-38-72-96|83-93-94-95-84-56-66
116,11,1247.9246,57.8537,101.0,236.3158,0,11,11.164105,11.173692,True,2-6-7-8-46-4-45-5-3-1-100|98-12-14-47-17-16-15-13-9-10|25-23-21-48-18-19-49-20-22-24|33-32-30-28-26-27-29-31-34-80|41-39-42-44-43-40-36-35-37-54|64-51-76-89-63-85-50-62-91|65-52-57-77-58-75-97-59-74|69-88-53-78-73-79-60-55-70-68|82-11-86-87-99-90|92-67-71-81-61-38-72-96|83-93-94-95-84-56-66
117,11,1247.9246,57.8537,101.0,236.3158,0,11,11.164105,11.173692,True,2-6-7-8-46-4-45-5-3-1-100|98-12-14-47-17-16-15-13-9-10|25-23-21-48-18-19-49-20-22-24|33-32-30-28-26-27-29-31-34-80|41-39-42-44-43-40-36-35-37-54|64-51-76-89-63-85-50-62-91|65-52-57-77-58-75-97-59-74|69-88-53-78-73-79-60-55-70-68|82-11-86-87-99-90|92-67-71-81-61-38-72-96|83-93-94-95-84-56-66
118,11,1247.9246,57.8537,101.0,236.3158,0,11,11.164105,11.173692,True,2-6-7-8-46-4-45-5-3-1-100|98-12-14-47-17-16-15-13-9-10|25-23-21-48-18-19-49-20-22-24|33-32-30-28-26-27-29-31-34-80|41-39-42-44-43-40-36-35-37-54|64-51-76-89-63-85-50-62-91|65-52-57-77-58-75-97-59-74|69-88-53-78-73-79-60-55-70-68|82-11-86-87-99-90|92-67-71-81-61-38-72-96|83-93-94-95-84-56-66
119,11,1247.9246,57.8537,101.0,236.3158,0,11,11.164105,11.173692,True,2-6-7-8-46-4-45-5-3-1-100|98-12-14-47-17-16-15-13-9-10|25-23-21-48-18-19-49-20-22-24|33-32-30-28-26-27-29-31-34-80|41-39-42-44-43-40-36-35-37-54|64-51-76-89-63-85-50-62-91|65-52-57-77-58-75-97-59-74|69-88-53-78-73-79-60-55-70-68|82-11-86-87-99-90|92-67-71-81-61-38-72-96|83-93-94-95-84-56-66
120,11,1247.9246,57.8537,101.0,236.3158,0,11,11.164105,11.173692,True,2-6-7-8-46-4-45-5-3-1-100|98-12-14-47-17-16-15-13-9-10|25-23-21-48-18-19-49-20-22-24|33-32-30-28-26-27-29-31-34-80|41-39-42-44-43-40-36-35-37-54|64-51-76-89-63-85-50-62-91|65-52-57-77-58-75-97-59-74|69-88-53-78-73-79-60-55-70-68|82-11-86-87-99-90|92-67-71-81-61-38-72-96|83-93-94-95-84-56-66
121,11,1247.9246,57.8537,101.0,236.3158,0,11,11.164105,11.173692,True,2-6-7-8-46-4-45-5-3-1-100|98-12-14-47-17-16-15-13-9-10|25-23-21-48-18-19-49-20-22-24|33-32-30-28-26-27-29-31-34-80|41-39-42-44-43-40-36-35-37-54|64-51-76-89-63-85-50-62-91|65-52-57-77-58-75-97-59-74|69-88-53-78-73-79-60-55-70-68|82-11-86-87-99-90|92-67-71-81-61-38-72-96|83-93-94-95-84-56-66
122,11,1247.9246,57.8537,101.0,236.3158,0,11,11.164105,11.173692,True,2-6-7-8-46-4-45-5-3-1-100|98-12-14-47-17-16-15-13-9-10|25-23-21-48-18-19-49-20-22-24|33-32-30-28-26-27-29-31-34-80|41-39-42-44-43-40-36-35-37-54|64-51-76-89-63-85-50-62-91|65-52-57-77-58-75-97-59-74|69-88-53-78-73-79-60-55-70-68|82-11-86-87-99-90|92-67-71-81-61-38-72-96|83-93-94-95-84-56-66
123,11,1247.9885,52.4738,132.0,235.2046,0,11,11.183276,11.195009,True,2-6-7-8-46-4-45-5-3-1-100|12-14-47-17-16-15-13-9-11-10|83-25-23-21-48-18-19-49-22|67-33-32-30-28-26-29-34-50-80|41-38-39-42-44-43-40-36-35-37|64-51-76-89-63-85-84-56-91|65-82-99-52-86-87-74-24-20-66|69-98-88-53-78-73-79-60-55-70-68|95-71-94-81-61-90|77-58-75-97-59-57|92-62-31-27-72-54-96-93
124,11,1247.9885,52.4738,132.0,235.2046,0,11,11.183276,11.195009,True,2-6-7-8-46-4-45-5-3-1-100|12-14-47-17-16-15-13-9-11-10|83-25-23-21-48-18-19-49-22|67-33-32-30-28-26-29-34-50-80|41-38-39-42-44-43-40-36-35-37|64-51-76-89-63-85-84-56-91|65-82-99-52-86-87-74-24-20-66|69-98-88-53-78-73-79-60-55-70-68|95-71-94-81-61-90|77-58-75-97-59-57|92-62-31-27-72-54-96-93
125,11,1247.9885,52.4738,132.0,235.2046,0,11,11.183276,11.195009,True,2-6-7-8-46-4-45-5-3-1-100|12-14-47-17-16-15-13-9-11-10|83-25-23-21-48-18-19-49-22|67-33-32-30-28-26-29-34-50-80|41-38-39-42-44-43-40-36-35-37|64-51-76-89-63-85-84-56-91|65-82-99-52-86-87-74-24-20-66|69-98-88-53-78-73-79-60-55-70-68|95-71-94-81-61-90|77-58-75-97-59-57|92-62-31-27-72-54-96-93
126,11,1247.9885,52.4738,132.0,235.2046,0,11,11.183276,11.195009,True,2-6-7-8-46-4-45-5-3-1-100|12-14-47-17-16-15-13-9-11-10|83-25-23-21-48-18-19-49-22|67-33-32-30-28-26-29-34-50-80|41-38-39-42-44-43-40-36-35-37|64-51-76-89-63-85-84-56-91|65-82-99-52-86-87-74-24-20-66|69-98-88-53-78-73-79-60-55-70-68|95-71-94-81-61-90|77-58-75-97-59-57|92-62-31-27-72-54-96-93
127,11,1247.9885,52.4738,132.0,235.2046,0,11,11.183276,11.195009,True,2-6-7-8-46-4-45-5-3-1-100|12-14-47-17-16-15-13-9-11-10|83-25-23-21-48-18-19-49-22|67-33-32-30-28-26-29-34-50-80|41-38-39-42-44-43-40-36-35-37|64-51-76-89-63-85-84-56-91|65-82-99-52-86-87-74-24-20-66|69-98-88-53-78-73-79-60-55-70-68|95-71-94-81-61-90|77-58-75-97-59-57|92-62-31-27-72-54-96-93
128,11,1247.9885,52.4738,132.0,235.2046,0,11,11.183276,11.195009,True,2-6-7-8-46-4-45-5-3-1-100|12-14-47-17-16-15-13-9-11-10|83-25-23-21-48-18-19-49-22|67-33-32-30-28-26-29-34-50-80|41-38-39-42-44-43-40-36-35-37|64-51-76-89-63-85-84-56-91|65-82-99-52-86-87-74-24-20-66|69-98-88-53-78-73-79-60-55-70-68|95-71-94-81-61-90|77-58-75-97-59-57|92-62-31-27-72-54-96-93
129,11,1247.9885,52.4738,132.0,235.2046,0,11,11.183276,11.195009,True,2-6-7-8-46-4-45-5-3-1-100|12-14-47-17-16-15-13-9-11-10|83-25-23-21-48-18-19-49-22|67-33-32-30-28-26-29-34-50-80|41-38-39-42-44-43-40-36-35-37|64-51-76-89-63-85-84-56-91|65-82-99-52-86-87-74-24-20-66|69-98-88-53-78-73-79-60-55-70-68|95-71-94-81-61-90|77-58-75-97-59-57|92-62-31-27-72-54-96-93
130,11,1247.9885,52.4738,132.0,235.2046,0,11,11.183276,11.195009,True,2-6-7-8-46-4-45-5-3-1-100|12-14-47-17-16-15-13-9-11-10|83-25-23-21-48-18-19-49-22|67-33-32-30-28-26-29-34-50-80|41-38-39-42-44-43-40-36-35-37|64-51-76-89-63-85-84-56-91|65-82-99-52-86-87-74-24-20-66|69-98-88-53-78-73-79-60-55-70-68|95-71-94-81-61-90|77-58-75-97-59-57|92-62-31-27-72-54-96-93
131,11,1247.9885,52.4738,132.0,235.2046,0,11,11.183276,11.195009,True,2-6-7-8-46-4-45-5-3-1-100|12-14-47-17-16-15-13-9-11-10|83-25-23-21-48-18-19-49-22|67-33-32-30-28-26-29-34-50-80|41-38-39-42-44-43-40-36-35-37|64-51-76-89-63-85-84-56-91|65-82-99-52-86-87-74-24-20-66|69-98-88-53-78-73-79-60-55-70-68|95-71-94-81-61-90|77-58-75-97-59-57|92-62-31-27-72-54-96-93
132,11,1247.9885,52.4738,132.0,235.2046,0,11,11.183276,11.195009,True,2-6-7-8-46-4-45-5-3-1-100|12-14-47-17-16-15-13-9-11-10|83-25-23-21-48-18-19-49-22|67-33-32-30-28-26-29-34-50-80|41-38-39-42-44-43-40-36-35-37|64-51-76-89-63-85-84-56-91|65-82-99-52-86-87-74-24-20-66|69-98-88-53-78-73-79-60-55-70-68|95-71-94-81-61-90|77-58-75-97-59-57|92-62-31-27-72-54-96-93
133,11,1247.9885,52.4738,132.0,235.2046,0,11,11.183276,11.195009,True,2-6-7-8-46-4-45-5-3-1-100|12-14-47-17-16-15-13-9-11-10|83-25-23-21-48-18-19-49-22|67-33-32-30-28-26-29-34-50-80|41-38-39-42-44-43-40-36-35-37|64-51-76-89-63-85-84-56-91|65-82-99-52-86-87-74-24-20-66|69-98-88-53-78-73-79-60-55-70-68|95-71-94-81-61-90|77-58-75-97-59-57|92-62-31-27-72-54-96-93
134,11,1247.9885,52.4738,132.0,235.2046,0,11,11.183276,11.195009,True,2-6-7-8-46-4-45-5-3-1-100|12-14-47-17-16-15-13-9-11-10|83-25-23-21-48-18-19-49-22|67-33-32-30-28-26-29-34-50-80|41-38-39-42-44-43-40-36-35-37|64-51-76-89-63-85-84-56-91|65-82-99-52-86-87-74-24-20-66|69-98-88-53-78-73-79-60-55-70-68|95-71-94-81-61-90|77-58-75-97-59-57|92-62-31-27-72-54-96-93
135,11,1248.4196,67.8395,92.0,236.3158,0,11,11.312593,11.322927,True,2-6-7-8-46-4-45-5-3-1-100|98-12-14-47-17-16-15-13-9-10|25-23-21-48-18-19-49-20-22-24|33-32-30-28-26-27-29-31-34-80|41-39-42-44-43-40-36-35-37-54|64-51-76-89-63-85-50-62-91|65-52-57-77-58-75-97-59-74|69-88-53-78-73-79-60-55-70-68|82-11-86-87-99-90|92-71-81-61-38-72-96|83-93-94-67-95-84-56-66
136,11,1248.4196,67.8395,92.0,236.3158,0,11,11.312593,11.322927,True,2-6-7-8-46-4-45-5-3-1-100|98-12-14-47-17-16-15-13-9-10|25-23-21-48-18-19-49-20-22-24|33-32-30-28-26-27-29-31-34-80|41-39-42-44-43-40-36-35-37-54|64-51-76-89-63-85-50-62-91|65-52-57-77-58-75-97-59-74|69-88-53-78-73-79-60-55-70-68|82-11-86-87-99-90|92-71-81-61-38-72-96|83-93-94-67-95-84-56-66
137,11,1248.9625,45.7487,101.0,236.3158,0,11,11.475486,11.483569,True,2-6-7-8-46-4-45-5-3-1-100|12-14-47-17-16-15-13-9-10|25-23-21-48-18-19-49-20-22-24|33-32-30-28-26-27-29-31-34-80|41-39-42-44-43-40-36-35-37-54|64-51-76-89-63-85-50-62-91|65-52-57-77-58-75-97-59-74|69-98-88-53-78-73-79-60-55-70-68|82-11-86-87-99-90|92-67-71-81-61-38-72-96|83-93-94-95-84-56-66
138,11,1248.9625,45.7487,101.0,236.3158,0,11,11.475486,11.483569,True,2-6-7-8-46-4-45-5-3-1-100|12-14-47-17-16-15-13-9-10|25-23-21-48-18-19-49-20-22-24|33-32-30-28-26-27-29-31-34-80|41-39-42-44-43-40-36-35-37-54|64-51-76-89-63-85-50-62-91|65-52-57-77-58-75-97-59-74|69-98-88-53-78-73-79-60-55-70-68|82-11-86-87-99-90|92-67-71-81-61-38-72-96|83-93-94-95-84-56-66
139,11,1248.9625,45.7487,101.0,236.3158,0,11,11.475486,11.483569,True,2-6-7-8-46-4-45-5-3-1-100|12-14-47-17-16-15-13-9-10|25-23-21-48-18-19-49-20-22-24|33-32-30-28-26-27-29-31-34-80|41-39-42-44-43-40-36-35-37-54|64-51-76-89-63-85-50-62-91|65-52-57-77-58-75-97-59-74|69-98-88-53-78-73-79-60-55-70-68|82-11-86-87-99-90|92-67-71-81-61-38-72-96|83-93-94-95-84-56-66
140,12,1250.0781,145.6023,136.0,227.3288,0,12,13.135525,13.161373,True,2-6-7-8-46-4-45-5-3-1-100|12-14-47-17-16-15-13-9-11-10|83-25-23-21-48-18-19-49-22|33-32-30-28-26-27-29-31-34-80|41-38-39-42-44-43-40-36-35-37|64-51-76-89-63-85-50-62-91|82-99-52-86-87-74-24-20-66|69-98-53-78-60-88-55-68|92-67-71-72-81-61|84-56-95-94-93-96-54|65-57-77-58-75-97-59|70-79-73-90
141,12,1250.0781,145.6023,136.0,227.3288,0,12,13.135525,13.161373,True,2-6-7-8-46-4-45-5-3-1-100|12-14-47-17-16-15-13-9-11-10|83-25-23-21-48-18-19-49-22|33-32-30-28-26-27-29-31-34-80|41-38-39-42-44-43-40-36-35-37|64-51-76-89-63-85-50-62-91|82-99-52-86-87-74-24-20-66|69-98-53-78-60-88-55-68|92-67-71-72-81-61|84-56-95-94-93-96-54|65-57-77-58-75-97-59|70-79-73-90
142,11,1250.5624,44.1489,101.0,236.3158,0,11,11.955434,11.963757,True,2-6-7-8-46-4-45-5-3-1-100|12-14-47-17-16-15-13-9-10|25-23-21-48-18-19-49-20-22-24|33-32-30-28-26-27-29-31-34-80|41-39-42-44-43-40-36-35-37-54|64-51-76-89-63-85-50-62-91|65-52-57-77-58-75-97-59-74|69-88-98-53-78-73-79-60-55-70-68|82-11-86-87-99-90|92-67-71-81-61-38-72-96|83-93-94-95-84-56-66
143,11,1250.5624,44.1489,101.0,236.3158,0,11,11.955434,11.963757,True,2-6-7-8-46-4-45-5-3-1-100|12-14-47-17-16-15-13-9-10|25-23-21-48-18-19-49-20-22-24|33-32-30-28-26-27-29-31-34-80|41-39-42-44-43-40-36-35-37-54|64-51-76-89-63-85-50-62-91|65-52-57-77-58-75-97-59-74|69-88-98-53-78-73-79-60-55-70-68|82-11-86-87-99-90|92-67-71-81-61-38-72-96|83-93-94-95-84-56-66
144,11,1250.5624,44.1489,101.0,236.3158,0,11,11.955434,11.963757,True,2-6-7-8-46-4-45-5-3-1-100|12-14-47-17-16-15-13-9-10|25-23-21-48-18-19-49-20-22-24|33-32-30-28-26-27-29-31-34-80|41-39-42-44-43-40-36-35-37-54|64-51-76-89-63-85-50-62-91|65-52-57-77-58-75-97-59-74|69-88-98-53-78-73-79-60-55-70-68|82-11-86-87-99-90|92-67-71-81-61-38-72-96|83-93-94-95-84-56-66
145,11,1250.5624,44.1489,101.0,236.3158,0,11,11.955434,11.963757,True,2-6-7-8-46-4-45-5-3-1-100|12-14-47-17-16-15-13-9-10|25-23-21-48-18-19-49-20-22-24|33-32-30-28-26-27-29-31-34-80|41-39-42-44-43-40-36-35-37-54|64-51-76-89-63-85-50-62-91|65-52-57-77-58-75-97-59-74|69-88-98-53-78-73-79-60-55-70-68|82-11-86-87-99-90|92-67-71-81-61-38-72-96|83-93-94-95-84-56-66
146,11,1250.5624,44.1489,101.0,236.3158,0,11,11.955434,11.963757,True,2-6-7-8-46-4-45-5-3-1-100|12-14-47-17-16-15-13-9-10|25-23-21-48-18-19-49-20-22-24|33-32-30-28-26-27-29-31-34-80|41-39-42-44-43-40-36-35-37-54|64-51-76-89-63-85-50-62-91|65-52-57-77-58-75-97-59-74|69-88-98-53-78-73-79-60-55-70-68|82-11-86-87-99-90|92-67-71-81-61-38-72-96|83-93-94-95-84-56-66
147,11,1250.8596,80.0852,100.0,235.2046,0,11,12.044595,12.058132,True,2-6-7-8-46-4-45-5-3-1-100|98-12-14-47-17-16-15-13-9-10|83-25-23-21-48-18-19-49-22|33-32-30-28-26-27-29-31-34-80|61-38-39-42-44-43-40-36-35-37|64-51-76-89-63-85-50-62-56-91|65-52-86-74-97-75-58-77|69-88-53-78-73-79-60-55-70-68|82-11-59-87-99-90|92-67-71-94-96-81-54-41|72-93-95-84-20-24-57-66
148,11,1250.8596,80.0852,100.0,235.2046,0,11,12.044595,12.058132,True,2-6-7-8-46-4-45-5-3-1-100|98-12-14-47-17-16-15-13-9-10|83-25-23-21-48-18-19-49-22|33-32-30-28-26-27-29-31-34-80|61-38-39-42-44-43-40-36-35-37|64-51-76-89-63-85-50-62-56-91|65-52-86-74-97-75-58-77|69-88-53-78-73-79-60-55-70-68|82-11-59-87-99-90|92-67-71-94-96-81-54-41|72-93-95-84-20-24-57-66
149,12,1252.0966,128.8934,165.0,227.3288,0,12,12.415711,12.442558,True,2-6-7-8-46-4-45-5-3-1-100|12-14-47-17-16-15-13-9-11-10|25-23-21-48-18-19-49-20-22-24|33-32-30-28-26-27-29-31-34-80|72-41-39-42-44-43-40-36-35-37-54|64-51-76-89-63-85-50-62-91|65-52-86-87-97-75-59-74|69-98-78-73-79-60-88-55-70-68|53-82-99-90|38-61-81-71-93-96|92-94-67-95-84-56-66|83-77-58-57
150,12,1252.0966,128.8934,165.0,227.3288,0,12,12.415711,12.442558,True,2-6-7-8-46-4-45-5-3-1-100|12-14-47-17-16-15-13-9-11-10|25-23-21-48-18-19-49-20-22-24|33-32-30-28-26-27-29-31-34-80|72-41-39-42-44-43-40-36-35-37-54|64-51-76-89-63-85-50-62-91|65-52-86-87-97-75-59-74|69-98-78-73-79-60-88-55-70-68|53-82-99-90|38-61-81-71-93-96|92-94-67-95-84-56-66|83-77-58-57
151,12,1253.5588,180.9176,127.0,227.3288,0,12,18.432808,18.464098,True,2-6-7-8-46-4-45-5-3-1-100|12-14-47-17-16-15-13-9-11-10|83-25-23-21-48-18-19-49-22|33-32-30-28-26-27-29-31-34-80|41-38-39-42-44-43-40-36-35-37|64-51-76-89-63-85-50-62-91|65-57-77-58-75-97-59|82-99-52-86-87-74-24-20-66|61-70-79-73-68|98-69-53-78-60-88-55|67-94-93-71-72-54-96|90-81-92-95-84-56
152,12,1253.5588,180.9176,127.0,227.3288,0,12,18.432808,18.464098,True,2-6-7-8-46-4-45-5-3-1-100|12-14-47-17-16-15-13-9-11-10|83-25-23-21-48-18-19-49-22|33-32-30-28-26-27-29-31-34-80|41-38-39-42-44-43-40-36-35-37|64-51-76-89-63-85-50-62-91|65-57-77-58-75-97-59|82-99-52-86-87-74-24-20-66|61-70-79-73-68|98-69-53-78-60-88-55|67-94-93-71-72-54-96|90-81-92-95-84-56
153,12,1253.7804,170.1518,127.0,227.3288,0,12,16.81795,16.847691,True,2-6-7-8-46-4-45-5-3-1-100|12-14-47-17-16-15-13-9-11-10|83-25-23-21-48-18-19-49-22|33-32-30-28-26-27-29-31-34-80|41-38-39-42-44-43-40-36-35-37|64-51-76-89-63-85-50-62-91|65-57-77-58-75-97-59|82-99-52-86-87-74-24-20-66|61-70-79-73-68|69-88-98-53-78-60-55|67-94-93-71-72-54-96|90-81-92-95-84-56
154,12,1253.7804,170.1518,127.0,227.3288,0,12,16.81795,16.847691,True,2-6-7-8-46-4-45-5-3-1-100|12-14-47-17-16-15-13-9-11-10|83-25-23-21-48-18-19-49-22|33-32-30-28-26-27-29-31-34-80|41-38-39-42-44-43-40-36-35-37|64-51-76-89-63-85-50-62-91|65-57-77-58-75-97-59|82-99-52-86-87-74-24-20-66|61-70-79-73-68|69-88-98-53-78-60-55|67-94-93-71-72-54-96|90-81-92-95-84-56
155,11,1254.0593,147.0154,101.0,231.7726,0,11,13.347482,13.371603,True,2-6-7-8-46-4-45-5-3-1-100|12-14-47-17-16-15-13-9-11-10|83-25-23-21-48-18-19-49-22|33-32-30-28-26-27-29-31-34-93|70-61-81-38-40-36-35-37-39|64-51-76-89-63-85-50-62-91-80|65-99-52-86-87-74-24-20-66|69-98-88-53-78-73-79-60-55-68|92-67-94-71-44-42-41-43|90-56-84-95-96-72-54|82-57-77-58-75-97-59
156,11,1254.0593,147.0154,101.0,231.7726,0,11,13.347482,13.371603,True,2-6-7-8-46-4-45-5-3-1-100|12-14-47-17-16-15-13-9-11-10|83-25-23-21-48-18-19-49-22|33-32-30-28-26-27-29-31-34-93|70-61-81-38-40-36-35-37-39|64-51-76-89-63-85-50-62-91-80|65-99-52-86-87-74-24-20-66|69-98-88-53-78-73-79-60-55-68|92-67-94-71-44-42-41-43|90-56-84-95-96-72-54|82-57-77-58-75-97-59
157,11,1254.0593,147.0154,101.0,231.7726,0,11,13.347482,13.371603,True,2-6-7-8-46-4-45-5-3-1-100|12-14-47-17-16-15-13-9-11-10|83-25-23-21-48-18-19-49-22|33-32-30-28-26-27-29-31-34-93|70-61-81-38-40-36-35-37-39|64-51-76-89-63-85-50-62-91-80|65-99-52-86-87-74-24-20-66|69-98-88-53-78-73-79-60-55-68|92-67-94-71-44-42-41-43|90-56-84-95-96-72-54|82-57-77-58-75-97-59
158,11,1255.0432,35.2829,101.0,236.3158,0,11,13.299672,13.30801,True,2-6-7-8-46-4-45-5-3-1-100|12-14-47-17-16-15-13-9-10|25-23-21-48-18-19-49-20-22-24|33-32-30-28-26-27-29-31-34-80|39-41-42-44-43-40-36-35-37-54|64-51-76-89-63-85-50-62-91|65-52-57-77-58-75-97-59-74|69-98-88-53-78-73-79-60-55-70-68|82-11-86-87-99-90|92-67-71-81-61-38-72-96|83-93-94-95-84-56-66
159,11,1255.0432,35.2829,101.0,236.3158,0,11,13.299672,13.30801,True,2-6-7-8-46-4-45-5-3-1-100|12-14-47-17-16-15-13-9-10|25-23-21-48-18-19-49-20-22-24|33-32-30-28-26-27-29-31-34-80|39-41-42-44-43-40-36-35-37-54|64-51-76-89-63-85-50-62-91|65-52-57-77-58-75-97-59-74|69-98-88-53-78-73-79-60-55-70-68|82-11-86-87-99-90|92-67-71-81-61-38-72-96|83-93-94-95-84-56-66
160,11,1255.7765,141.0495,101.0,231.7726,0,11,13.519662,13.543403,True,2-6-7-8-46-4-45-5-3-1-100|12-14-47-17-16-15-13-9-11-10|25-23-21-48-18-19-49-22|33-32-30-28-26-27-29-31-34-93|70-61-81-38-40-36-35-37-39|64-51-76-89-63-85-50-62-91-80|65-82-99-52-86-87-74-24-20-66|69-98-88-53-78-73-79-60-55-68|92-67-94-71-44-42-41-43|90-56-84-95-96-72-54|83-57-77-58-75-97-59
161,11,1255.7765,141.0495,101.0,231.7726,0,11,13.519662,13.543403,True,2-6-7-8-46-4-45-5-3-1-100|12-14-47-17-16-15-13-9-11-10|25-23-21-48-18-19-49-22|33-32-30-28-26-27-29-31-34-93|70-61-81-38-40-36-35-37-39|64-51-76-89-63-85-50-62-91-80|65-82-99-52-86-87-74-24-20-66|69-98-88-53-78-73-79-60-55-68|92-67-94-71-44-42-41-43|90-56-84-95-96-72-54|83-57-77-58-75-97-59
162,11,1255.7765,141.0495,101.0,231.7726,0,11,13.519662,13.543403,True,2-6-7-8-46-4-45-5-3-1-100|12-14-47-17-16-15-13-9-11-10|25-23-21-48-18-19-49-22|33-32-30-28-26-27-29-31-34-93|70-61-81-38-40-36-35-37-39|64-51-76-89-63-85-50-62-91-80|65-82-99-52-86-87-74-24-20-66|69-98-88-53-78-73-79-60-55-68|92-67-94-71-44-42-41-43|90-56-84-95-96-72-54|83-57-77-58-75-97-59
163,11,1256.8049,51.4505,94.0,236.3158,0,11,13.828192,13.838784,True,2-6-7-8-46-4-45-5-3-1-100|12-14-47-17-16-15-13-9-10|25-23-21-48-18-19-49-20-22-24|33-32-30-28-26-27-29-31-34-80|41-39-42-44-43-40-36-35-37-54|64-51-76-89-63-85-50-62-91|65-52-57-77-58-75-97-59-74|69-98-88-53-78-73-79-60-55-70-68|82-11-86-87-99-90|67-71-81-61-38-72-96|83-95-93-94-92-56-84-66
164,11,1256.8049,51.4505,94.0,236.3158,0,11,13.828192,13.838784,True,2-6-7-8-46-4-45-5-3-1-100|12-14-47-17-16-15-13-9-10|25-23-21-48-18-19-49-20-22-24|33-32-30-28-26-27-29-31-34-80|41-39-42-44-43-40-36-35-37-54|64-51-76-89-63-85-50-62-91|65-52-57-77-58-75-97-59-74|69-98-88-53-78-73-79-60-55-70-68|82-11-86-87-99-90|67-71-81-61-38-72-96|83-95-93-94-92-56-84-66
165,12,1257.768,132.4284,142.0,227.6557,0,12,14.117126,14.143954,True,2-6-7-8-46-4-45-5-3-1-100|12-14-47-17-16-15-13-9-11-10|25-23-21-48-18-19-49-20-22|33-30-28-26-27-29-31-34-50-80|70-41-42-44-43-40-36-35-37-72|64-51-76-89-63-85-84-62-91|65-57-77-58-75-97-59|82-99-52-86-87-74-24-83-66|61-39-38-81|69-98-88-53-78-73-79-60-55-68|90-94-93-71-54-96|92-67-32-95-56
166,12,1257.768,132.4284,142.0,227.6557,0,12,14.117126,14.143954,True,2-6-7-8-46-4-45-5-3-1-100|12-14-47-17-16-15-13-9-11-10|25-23-21-48-18-19-49-20-22|33-30-28-26-27-29-31-34-50-80|70-41-42-44-43-40-36-35-37-72|64-51-76-89-63-85-84-62-91|65-57-77-58-75-97-59|82-99-52-86-87-74-24-83-66|61-39-38-81|69-98-88-53-78-73-79-60-55-68|90-94-93-71-54-96|92-67-32-95-56
167,12,1258.8523,128.4353,165.0,227.3288,0,12,14.442403,14.471208,True,2-6-7-8-46-4-45-5-3-1-100|12-14-47-17-16-15-13-9-11-10|25-23-21-48-18-19-49-20-22-24|33-32-30-28-26-27-29-31-34-80|72-41-39-42-44-43-40-36-35-37-54|64-51-76-89-63-85-84-62-91|65-57-52-86-87-97-59-74|69-98-78-73-79-60-88-55-70-68|53-82-99-90|38-61-81-71-93-96|92-94-67-50-95-56-66|83-77-75-58
168,12,1258.8523,128.4353,165.0,227.3288,0,12,14.442403,14.471208,True,2-6-7-8-46-4-45-5-3-1-100|12-14-47-17-16-15-13-9-11-10|25-23-21-48-18-19-49-20-22-24|33-32-30-28-26-27-29-31-34-80|72-41-39-42-44-43-40-36-35-37-54|64-51-76-89-63-85-84-62-91|65-57-52-86-87-97-59-74|69-98-78-73-79-60-88-55-70-68|53-82-99-90|38-61-81-71-93-96|92-94-67-50-95-56-66|83-77-75-58
169,11,1260.8329,57.8537,84.0,236.3158,0,11,15.036581,15.048342,True,2-6-7-8-46-4-45-5-3-1-100|98-12-14-47-17-16-15-13-9-10|83-25-23-21-48-18-49-20-22-24-66|33-32-30-28-26-27-29-31-34-80|41-39-42-44-43-40-36-35-37-54|64-51-76-89-63-85-50-62-91|65-52-57-77-58-75-97-59-74|69-88-53-78-73-79-60-55-70-68|82-11-86-87-99-90|92-67-71-81-61-38-72-96|19-84-95-56-94-93
170,11,1260.8329,57.8537,84.0,236.3158,0,11,15.036581,15.048342,True,2-6-7-8-46-4-45-5-3-1-100|98-12-14-47-17-16-15-13-9-10|83-25-23-21-48-18-49-20-22-24-66|33-32-30-28-26-27-29-31-34-80|41-39-42-44-43-40-36-35-37-54|64-51-76-89-63-85-50-62-91|65-52-57-77-58-75-97-59-74|69-88-53-78-73-79-60-55-70-68|82-11-86-87-99-90|92-67-71-81-61-38-72-96|19-84-95-56-94-93
171,12,1261.2179,181.2155,125.0,227.3288,0,12,18.477494,18.510926,True,2-6-7-8-46-4-45-5-3-1-100|12-14-47-17-16-15-13-9-11-10|83-25-23-21-48-18-19-49-22|33-32-30-28-26-27-29-31-34-80|41-38-39-42-44-43-40-36-35-37|64-51-76-89-63-85-50-62-91|65-57-77-58-75-97-59|82-99-52-86-87-74-24-20-66|90-78-79-70-68|69-98-73-60-53-88-55|92-61-81-93-71-72-54-96|94-67-95-84-56
172,12,1261.2179,181.2155,125.0,227.3288,0,12,18.477494,18.510926,True,2-6-7-8-46-4-45-5-3-1-100|12-14-47-17-16-15-13-9-11-10|83-25-23-21-48-18-19-49-22|33-32-30-28-26-27-29-31-34-80|41-38-39-42-44-43-40-36-35-37|64-51-76-89-63-85-50-62-91|65-57-77-58-75-97-59|82-99-52-86-87-74-24-20-66|90-78-79-70-68|69-98-73-60-53-88-55|92-61-81-93-71-72-54-96|94-67-95-84-56
173,11,1262.8383,49.8507,94.0,236.3158,0,11,15.638205,15.650366,True,2-6-7-8-46-4-45-5-3-1-100|12-14-47-17-16-15-13-9-10|25-23-21-48-18-19-49-20-22-24|33-32-30-28-26-27-29-31-34-80|41-39-42-44-43-40-36-35-37-54|64-51-76-89-63-85-50-62-91|65-52-57-77-58-75-97-59-74|69-88-98-53-78-73-79-60-55-70-68|82-11-86-87-99-90|67-71-81-61-38-72-96|83-93-92-94-95-84-56-66
174,11,1262.8383,49.8507,94.0,236.3158,0,11,15.638205,15.650366,True,2-6-7-8-46-4-45-5-3-1-100|12-14-47-17-16-15-13-9-10|25-23-21-48-18-19-49-20-22-24|33-32-30-28-26-27-29-31-34-80|41-39-42-44-43-40-36-35-37-54|64-51-76-89-63-85-50-62-91|65-52-57-77-58-75-97-59-74|69-88-98-53-78-73-79-60-55-70-68|82-11-86-87-99-90|67-71-81-61-38-72-96|83-93-92-94-95-84-56-66
175,11,1264.7726,28.9547,101.0,236.3158,0,11,16.218491,16.228799,True,45-2-6-7-8-46-4-5-3-1-100|12-14-47-17-16-15-13-9-10|25-23-21-48-18-19-49-20-22-24|33-32-30-28-26-27-29-31-34-80|41-39-42-44-43-40-36-35-37-54|64-51-76-89-63-85-50-62-91|65-52-57-77-58-75-97-59-74|69-88-98-53-78-73-79-60-55-70-68|82-11-86-87-99-90|92-67-71-81-61-38-72-96|83-93-94-95-84-56-66
176,11,1264.7726,28.9547,101.0,236.3158,0,11,16.218491,16.228799,True,45-2-6-7-8-46-4-5-3-1-100|12-14-47-17-16-15-13-9-10|25-23-21-48-18-19-49-20-22-24|33-32-30-28-26-27-29-31-34-80|41-39-42-44-43-40-36-35-37-54|64-51-76-89-63-85-50-62-91|65-52-57-77-58-75-97-59-74|69-88-98-53-78-73-79-60-55-70-68|82-11-86-87-99-90|92-67-71-81-61-38-72-96|83-93-94-95-84-56-66
177,11,1266.0766,50.5685,132.0,235.2046,0,11,16.609717,16.626591,True,2-6-7-8-46-4-45-5-3-1-100|12-14-47-17-16-15-13-9-11-10|83-25-23-21-48-18-19-49-24|62-33-32-30-28-26-29-34-50-80|41-38-39-42-44-43-40-36-35-37|64-51-76-89-63-85-84-56-91|65-82-99-52-87-86-22-20-66|69-98-88-53-78-73-79-60-55-70-68|95-71-94-81-61-90|77-58-75-97-59-57-74|92-67-31-27-72-54-96-93
178,11,1266.0766,50.5685,132.0,235.2046,0,11,16.609717,16.626591,True,2-6-7-8-46-4-45-5-3-1-100|12-14-47-17-16-15-13-9-11-10|83-25-23-21-48-18-19-49-24|62-33-32-30-28-26-29-34-50-80|41-38-39-42-44-43-40-36-35-37|64-51-76-89-63-85-84-56-91|65-82-99-52-87-86-22-20-66|69-98-88-53-78-73-79-60-55-70-68|95-71-94-81-61-90|77-58-75-97-59-57-74|92-67-31-27-72-54-96-93
179,12,1267.9013,159.0185,128.0,227.3288,0,12,17.157109,17.189516,True,2-6-7-8-46-4-45-5-3-1-100|12-14-47-17-16-15-13-9-11-10|83-25-23-21-48-18-19-49-22|33-32-30-28-26-27-29-31-34-80|61-41-42-44-43-40-36-35-37-72|64-51-76-89-63-85-50-62-91|65-57-77-58-75-97-59|82-99-52-86-87-74-24-20-66|38-39-79-73-70-68|69-98-53-78-60-88-55|81-94-71-93-96-54|92-67-95-84-56-90
180,12,1267.9013,159.0185,128.0,227.3288,0,12,17.157109,17.189516,True,2-6-7-8-46-4-45-5-3-1-100|12-14-47-17-16-15-13-9-11-10|83-25-23-21-48-18-19-49-22|33-32-30-28-26-27-29-31-34-80|61-41-42-44-43-40-36-35-37-72|64-51-76-89-63-85-50-62-91|65-57-77-58-75-97-59|82-99-52-86-87-74-24-20-66|38-39-79-73-70-68|69-98-53-78-60-88-55|81-94-71-93-96-54|92-67-95-84-56-90
181,12,1271.908,145.8032,134.0,227.7983,0,12,18.359116,18.391413,True,88-2-6-7-8-46-4-45-3-1-100|12-14-47-17-16-15-13-9-11-10|83-25-23-21-48-18-19-49-22|33-32-30-28-26-27-29-31-34-80|61-41-42-44-43-40-36-35-37-72|64-51-76-89-63-85-50-62-91|65-57-77-58-75-97-59|82-99-52-86-87-74-24-20-66|5-81-54-38-39-70-68|69-98-53-78-73-79-60-55|94-93-71-96|92-67-95-84-56-90
182,12,1271.908,145.8032,134.0,227.7983,0,12,18.359116,18.391413,True,88-2-6-7-8-46-4-45-3-1-100|12-14-47-17-16-15-13-9-11-10|83-25-23-21-48-18-19-49-22|33-32-30-28-26-27-29-31-34-80|61-41-42-44-43-40-36-35-37-72|64-51-76-89-63-85-50-62-91|65-57-77-58-75-97-59|82-99-52-86-87-74-24-20-66|5-81-54-38-39-70-68|69-98-53-78-73-79-60-55|94-93-71-96|92-67-95-84-56-90
183,12,1274.7428,94.0434,143.0,227.3288,0,12,19.209572,19.235786,True,2-6-7-8-46-4-45-5-3-1-100|98-12-14-47-17-16-15-13-9-10|25-23-21-48-18-19-49-20-22-24|33-32-30-28-26-27-29-31-34-80|72-41-39-42-44-43-40-36-35-37-54|64-51-76-89-63-85-50-62-91|65-57-52-86-87-97-59-74|69-78-73-79-60-88-55-70-68|82-99-11-53-90|38-61-81-71-93-96|92-94-67-95-84-56-66|83-77-75-58
184,12,1274.7428,94.0434,143.0,227.3288,0,12,19.209572,19.235786,True,2-6-7-8-46-4-45-5-3-1-100|98-12-14-47-17-16-15-13-9-10|25-23-21-48-18-19-49-20-22-24|33-32-30-28-26-27-29-31-34-80|72-41-39-42-44-43-40-36-35-37-54|64-51-76-89-63-85-50-62-91|65-57-52-86-87-97-59-74|69-78-73-79-60-88-55-70-68|82-99-11-53-90|38-61-81-71-93-96|92-94-67-95-84-56-66|83-77-75-58
185,12,1275.2399,160.0467,146.0,225.9756,0,12,19.358694,19.395054,True,2-6-7-8-46-4-45-5-3-1-100|12-14-47-17-16-15-13-9-11-10|83-25-23-21-48-18-19-49-22|62-32-30-28-26-27-29-31-34-80|70-42-44-43-40-36-35-37-72|64-51-76-89-63-85-84-50-91|65-57-77-58-75-97-59|82-99-52-86-87-74-24-20-66|81-61-39-38-41-54-68|69-98-88-53-78-73-79-60-55|33-71-93-94-96|92-67-95-56-90
186,12,1275.2399,160.0467,146.0,225.9756,0,12,19.358694,19.395054,True,2-6-7-8-46-4-45-5-3-1-100|12-14-47-17-16-15-13-9-11-10|83-25-23-21-48-18-19-49-22|62-32-30-28-26-27-29-31-34-80|70-42-44-43-40-36-35-37-72|64-51-76-89-63-85-84-50-91|65-57-77-58-75-97-59|82-99-52-86-87-74-24-20-66|81-61-39-38-41-54-68|69-98-88-53-78-73-79-60-55|33-71-93-94-96|92-67-95-56-90
187,11,1279.4054,52.4738,132.0,231.8454,0,11,20.608355,20.62901,True,2-6-7-8-46-4-45-5-3-1|12-14-47-17-16-15-13-9-11-10|83-25-23-21-48-18-19-49-22|67-33-32-30-28-26-29-34-50-80|41-38-39-42-44-43-40-36-35-37|64-51-76-89-63-85-84-62-56-91|65-82-99-52-86-87-74-24-20-66|69-98-88-53-78-73-79-60-100-70-68|95-71-94-81-61-90|77-58-75-97-59-57-55|92-31-27-72-54-93-96
188,11,1279.4054,52.4738,132.0,231.8454,0,11,20.608355,20.62901,True,2-6-7-8-46-4-45-5-3-1|12-14-47-17-16-15-13-9-11-10|83-25-23-21-48-18-19-49-22|67-33-32-30-28-26-29-34-50-80|41-38-39-42-44-43-40-36-35-37|64-51-76-89-63-85-84-62-56-91|65-82-99-52-86-87-74-24-20-66|69-98-88-53-78-73-79-60-100-70-68|95-71-94-81-61-90|77-58-75-97-59-57-55|92-31-27-72-54-93-96
189,12,1279.9519,165.5485,138.0,225.6697,0,12,20.772284,20.810038,True,61-1-3-5-45-4-2-70|12-14-47-17-16-15-13-9-11-10|83-25-23-21-48-18-19-49-22|67-33-32-30-28-26-34-50-80|41-38-39-42-44-43-40-36-35-37|64-51-76-89-63-85-84-62-56-91|82-99-52-86-87-74-24-20-66|69-98-53-78-73-79-60-55-68|90-81-93-94-95-92|65-57-77-58-75-97-59|31-29-27-71-72-54-96|88-7-8-46-6-100
190,12,1279.9519,165.5485,138.0,225.6697,0,12,20.772284,20.810038,True,61-1-3-5-45-4-2-70|12-14-47-17-16-15-13-9-11-10|83-25-23-21-48-18-19-49-22|67-33-32-30-28-26-34-50-80|41-38-39-42-44-43-40-36-35-37|64-51-76-89-63-85-84-62-56-91|82-99-52-86-87-74-24-20-66|69-98-53-78-73-79-60-55-68|90-81-93-94-95-92|65-57-77-58-75-97-59|31-29-27-71-72-54-96|88-7-8-46-6-100
191,12,1282.2865,176.0688,124.0,228.2099,0,12,21.472685,21.511698,True,88-2-6-8-46-4-45-5-3-1-100|12-14-47-17-16-15-13-9-11-10|83-25-23-21-48-18-19-49-22|33-32-30-26-27-29-31-34-50-80|41-38-39-42-44-43-40-36-35-37|64-51-76-89-63-85-62-91|65-57-77-58-75-97-59|82-99-52-86-87-74-24-20-66|61-81-7-70-68|69-98-53-78-73-79-60-55|90-94-93-71-72-54-96|92-95-67-28-84-56
192,12,1282.2865,176.0688,124.0,228.2099,0,12,21.472685,21.511698,True,88-2-6-8-46-4-45-5-3-1-100|12-14-47-17-16-15-13-9-11-10|83-25-23-21-48-18-19-49-22|33-32-30-26-27-29-31-34-50-80|41-38-39-42-44-43-40-36-35-37|64-51-76-89-63-85-62-91|65-57-77-58-75-97-59|82-99-52-86-87-74-24-20-66|61-81-7-70-68|69-98-53-78-73-79-60-55|90-94-93-71-72-54-96|92-95-67-28-84-56
193,11,1283.5444,52.4738,118.0,235.2046,0,11,21.850059,21.871059,True,2-6-7-8-46-4-45-5-3-1-100|12-14-47-17-16-15-13-9-11-10|83-25-23-21-48-18-19-49-22|33-32-30-28-26-29-34-50-93-80|41-38-39-42-44-43-40-36-35-37|64-51-76-89-63-85-84-62-56-91|65-82-99-52-86-87-74-24-20-66|69-98-88-53-78-73-79-60-55-70-68|95-71-94-81-61-90-92|77-58-75-97-59-57|67-31-27-72-54-96
194,11,1284.1639,53.559,88.0,236.3158,0,11,22.0359,22.054415,True,2-6-7-8-46-4-45-5-3-1-100|12-14-47-17-16-15-13-9-10|64-25-23-21-48-18-19-49-20-24-66|33-32-30-28-26-27-29-31-34-93|61-41-39-42-44-43-40-36-35-37|76-89-63-94-50-80|65-52-57-77-58-75-97-59-74|69-98-88-53-78-73-79-60-55-70-68|82-11-86-87-99-90|92-71-72-38-81-54-96|95-67-62-84-85-51-22-83-56-91
195,11,1284.1639,53.559,88.0,236.3158,0,11,22.0359,22.054415,True,2-6-7-8-46-4-45-5-3-1-100|12-14-47-17-16-15-13-9-10|64-25-23-21-48-18-19-49-20-24-66|33-32-30-28-26-27-29-31-34-93|61-41-39-42-44-43-40-36-35-37|76-89-63-94-50-80|65-52-57-77-58-75-97-59-74|69-98-88-53-78-73-79-60-55-70-68|82-11-86-87-99-90|92-71-72-38-81-54-96|95-67-62-84-85-51-22-83-56-91
196,12,1284.8311,129.6986,137.0,227.8509,0,12,22.236065,22.270132,True,2-6-7-8-46-4-45-5-3-1-100|12-14-47-17-16-15-13-9-11-10|83-25-23-21-18-19-49-20-22|95-33-32-30-28-26-27-29-34-80|41-38-39-42-44-43-40-36-35-37|64-51-76-89-63-85-50-62-91|65-58-75-87-97-59-74|82-99-52-57-86-77-48-24|81-61-70-68|69-98-88-53-78-73-79-60-55|31-94-93-71-72-54-96|92-67-84-56-66-90
197,12,1284.8311,129.6986,137.0,227.8509,0,12,22.236065,22.270132,True,2-6-7-8-46-4-45-5-3-1-100|12-14-47-17-16-15-13-9-11-10|83-25-23-21-18-19-49-20-22|95-33-32-30-28-26-27-29-34-80|41-38-39-42-44-43-40-36-35-37|64-51-76-89-63-85-50-62-91|65-58-75-87-97-59-74|82-99-52-57-86-77-48-24|81-61-70-68|69-98-88-53-78-73-79-60-55|31-94-93-71-72-54-96|92-67-84-56-66-90
198,11,1287.5513,47.8441,144.0,235.2046,0,11,23.052113,23.076221,True,2-6-7-8-46-4-45-5-3-1-100|12-14-47-17-16-15-13-9-11-10|83-25-23-21-48-18-19-49-22|92-33-32-30-28-26-29-34-50-80|41-38-39-42-44-43-40-36-35-37|64-51-76-89-63-85-84-62-56-91|65-82-99-52-86-87-74-24-20-66|69-98-88-53-78-73-79-60-55-70-68|95-71-72-61-81-90-93|77-58-75-97-59-57|67-31-27-94-96-54
199,11,1287.5513,47.8441,144.0,235.2046,0,11,23.052113,23.076221,True,2-6-7-8-46-4-45-5-3-1-100|12-14-47-17-16-15-13-9-11-10|83-25-23-21-48-18-19-49-22|92-33-32-30-28-26-29-34-50-80|41-38-39-42-44-43-40-36-35-37|64-51-76-89-63-85-84-62-56-91|65-82-99-52-86-87-74-24-20-66|69-98-88-53-78-73-79-60-55-70-68|95-71-72-61-81-90-93|77-58-75-97-59-57|67-31-27-94-96-54
200,11,1290.0136,67.3646,104.0,233.4356,0,11,23.790801,23.81431,True,2-6-7-8-46-4-45-5-3-1-100|12-14-47-17-16-15-13-9-11-10|83-25-23-21-48-18-19-49-22|67-33-32-30-28-26-29-34-50-80|64-51-76-89-63-85-84-62-56-91|65-82-99-52-86-87-74-24-20-66|69-98-88-53-78-73-79-60-55-68|72-71-93-94-95-90-96-54|77-58-75-97-59-57|70-61-81-92-31-27|41-38-42-44-43-40-36-35-37-39
201,11,1290.0136,67.3646,104.0,233.4356,0,11,23.790801,23.81431,True,2-6-7-8-46-4-45-5-3-1-100|12-14-47-17-16-15-13-9-11-10|83-25-23-21-48-18-19-49-22|67-33-32-30-28-26-29-34-50-80|64-51-76-89-63-85-84-62-56-91|65-82-99-52-86-87-74-24-20-66|69-98-88-53-78-73-79-60-55-68|72-71-93-94-95-90-96-54|77-58-75-97-59-57|70-61-81-92-31-27|41-38-42-44-43-40-36-35-37-39
202,11,1293.3102,80.6644,80.0,235.2046,0,11,24.779796,24.804154,True,2-6-7-8-46-4-45-5-3-1-100|88-12-14-47-17-16-15-13-10|77-25-18-19-49-20-22-23-24|33-32-30-28-26-27-29-31-34-80|41-39-42-44-43-40-36-35-37-54|64-51-76-89-63-85-50-62-91|65-52-86-74-87-59-97-75-58|69-98-53-78-73-79-60-55-70-68|82-11-9-57-99-90|92-67-71-81-61-38-72-96-93|83-21-48-84-94-95-56-66
203,11,1293.3102,80.6644,80.0,235.2046,0,11,24.779796,24.804154,True,2-6-7-8-46-4-45-5-3-1-100|88-12-14-47-17-16-15-13-10|77-25-18-19-49-20-22-23-24|33-32-30-28-26-27-29-31-34-80|41-39-42-44-43-40-36-35-37-54|64-51-76-89-63-85-50-62-91|65-52-86-74-87-59-97-75-58|69-98-53-78-73-79-60-55-70-68|82-11-9-57-99-90|92-67-71-81-61-38-72-96-93|83-21-48-84-94-95-56-66
204,11,1295.2961,37.9312,90.0,236.3158,0,11,25.375565,25.395276,True,2-6-7-8-46-4-45-5-3-1-100|12-14-47-17-16-15-13-9-10|25-23-21-48-18-19-49-22-24|33-32-30-28-26-29-27-31-34-80|41-39-42-44-43-40-36-35-37-54|64-51-76-89-63-85-50-62-91|65-52-57-77-58-75-97-59-74|98-69-88-53-78-73-79-60-55-70-68|82-11-86-87-99-90|92-67-71-81-61-38-72-96|83-93-94-95-84-20-56-66
205,11,1295.2961,37.9312,90.0,236.3158,0,11,25.375565,25.395276,True,2-6-7-8-46-4-45-5-3-1-100|12-14-47-17-16-15-13-9-10|25-23-21-48-18-19-49-22-24|33-32-30-28-26-29-27-31-34-80|41-39-42-44-43-40-36-35-37-54|64-51-76-89-63-85-50-62-91|65-52-57-77-58-75-97-59-74|98-69-88-53-78-73-79-60-55-70-68|82-11-86-87-99-90|92-67-71-81-61-38-72-96|83-93-94-95-84-20-56-66
206,11,1296.0064,45.4735,105.0,228.942,0,11,25.588632,25.610081,True,2-6-7-8-46-4-45-5-3-1-100|12-14-47-17-16-15-13-9-11-10|83-25-23-21-48-18-19-49-22-93|33-32-30-28-26-27-29-31-34-80|70-61-42-44-43-40-36-35-37-72|64-51-76-89-63-85-50-62-91|69-98-88-53-78-73-79-60-55-68|92-67-95-84-56-94-90|65-82-99-52-87-86-57-74-59|71-38-39-41-81-54-96-66|77-75-97-58-24-20
207,12,1301.7021,141.2419,129.0,223.6166,0,12,27.297362,27.336786,True,2-6-7-8-46-4-45-5-3-1-100|12-14-47-17-16-15-13-9-11-10|65-83-23-21-48-18-19-49-22-20|41-38-39-42-44-43-40-36-35-37|64-51-76-89-63-85-84-62-91|82-99-52-86-87-74-57-24-66|69-98-78-73-79-60-88-55|71-93-94-50-33-54|53-90-56-95-92-96-80|67-32-30-28-26-27-29-31-34|72-81-61-70-68|25-77-58-75-97-59
208,12,1301.7021,141.2419,129.0,223.6166,0,12,27.297362,27.336786,True,2-6-7-8-46-4-45-5-3-1-100|12-14-47-17-16-15-13-9-11-10|65-83-23-21-48-18-19-49-22-20|41-38-39-42-44-43-40-36-35-37|64-51-76-89-63-85-84-62-91|82-99-52-86-87-74-57-24-66|69-98-78-73-79-60-88-55|71-93-94-50-33-54|53-90-56-95-92-96-80|67-32-30-28-26-27-29-31-34|72-81-61-70-68|25-77-58-75-97-59
209,12,1305.2913,139.2763,136.0,228.7526,0,12,28.374113,28.41579,True,2-6-7-8-46-4-45-5-3-1-100|12-14-47-17-16-15-13-9-11-10|83-25-23-21-48-18-19-49-22|33-32-30-26-27-29-31-34-50-80|61-41-38-42-44-43-40-36-35-37|64-51-76-89-63-85-62-91|65-57-77-58-75-97-59|82-99-52-86-87-74-24-20-66|81-39-70-68|69-98-88-53-78-73-79-60-55|28-94-71-72-54-96-93|92-67-95-84-56-90
210,12,1305.2913,139.2763,136.0,228.7526,0,12,28.374113,28.41579,True,2-6-7-8-46-4-45-5-3-1-100|12-14-47-17-16-15-13-9-11-10|83-25-23-21-48-18-19-49-22|33-32-30-26-27-29-31-34-50-80|61-41-38-42-44-43-40-36-35-37|64-51-76-89-63-85-62-91|65-57-77-58-75-97-59|82-99-52-86-87-74-24-20-66|81-39-70-68|69-98-88-53-78-73-79-60-55|28-94-71-72-54-96-93|92-67-95-84-56-90
211,12,1316.3568,101.9529,109.0,227.3288,0,12,31.693774,31.730258,True,2-6-7-8-46-4-45-5-3-1-100|98-15-16-17-47-14-12-53|25-23-21-48-18-19-49-20-22-24|33-32-30-28-26-27-29-31-34-80|41-39-42-44-43-40-36-35-37-54|64-51-76-89-63-85-50-62-91|65-77-58-87-97-75-59|69-88-78-73-79-60-55-70-68|92-67-71-81-61-38-72-96|93-94-95-84-56-83-66|82-11-86-52-99-90|57-74-13-9-10
212,12,1316.3568,101.9529,109.0,227.3288,0,12,31.693774,31.730258,True,2-6-7-8-46-4-45-5-3-1-100|98-15-16-17-47-14-12-53|25-23-21-48-18-19-49-20-22-24|33-32-30-28-26-27-29-31-34-80|41-39-42-44-43-40-36-35-37-54|64-51-76-89-63-85-50-62-91|65-77-58-87-97-75-59|69-88-78-73-79-60-55-70-68|92-67-71-81-61-38-72-96|93-94-95-84-56-83-66|82-11-86-52-99-90|57-74-13-9-10
213,12,1316.6566,83.1321,140.0,227.3288,0,12,31.783692,31.820543,True,2-6-7-8-46-4-45-5-3-1-100|98-12-14-47-17-16-15-13-9-10|25-23-21-48-18-19-49-20-22-24|33-32-30-28-26-27-29-31-34-80|41-39-42-44-43-40-36-35-37-54|64-51-76-89-63-85-50-62-91|65-59-87-97-74-57|69-78-73-79-60-88-55-70-68|82-99-86-11-53-90|92-61-81-72-71-93-96|38-94-67-95-84-56-66|83-77-75-58-52
214,12,1316.6566,83.1321,140.0,227.3288,0,12,31.783692,31.820543,True,2-6-7-8-46-4-45-5-3-1-100|98-12-14-47-17-16-15-13-9-10|25-23-21-48-18-19-49-20-22-24|33-32-30-28-26-27-29-31-34-80|41-39-42-44-43-40-36-35-37-54|64-51-76-89-63-85-50-62-91|65-59-87-97-74-57|69-78-73-79-60-88-55-70-68|82-99-86-11-53-90|92-61-81-72-71-93-96|38-94-67-95-84-56-66|83-77-75-58-52
215,12,1327.6554,44.6068,132.0,231.8214,0,12,35.083332,35.117578,True,2-6-7-8-46-4-45-5-3-1-100|83-25-23-21-48-18-19-49-22|67-33-32-30-28-26-29-34-50-80|41-38-39-42-44-43-40-36-35-37|64-51-76-89-63-85-84-56-91|65-82-99-52-86-87-74-24-20-66|69-98-88-78-73-79-60-55-70-68|95-71-94-81-61-90|77-58-75-97-59-57|92-62-31-27-72-54-96-93|14-17-13-9-11-10-53|12-47-16-15
216,12,1327.6554,44.6068,132.0,231.8214,0,12,35.083332,35.117578,True,2-6-7-8-46-4-45-5-3-1-100|83-25-23-21-48-18-19-49-22|67-33-32-30-28-26-29-34-50-80|41-38-39-42-44-43-40-36-35-37|64-51-76-89-63-85-84-56-91|65-82-99-52-86-87-74-24-20-66|69-98-88-78-73-79-60-55-70-68|95-71-94-81-61-90|77-58-75-97-59-57|92-62-31-27-72-54-96-93|14-17-13-9-11-10-53|12-47-16-15
217,11,1332.9262,60.286,88.0,235.2046,0,11,36.664583,36.69857,True,2-6-7-8-46-4-45-5-3-1-100|12-14-47-17-16-15-13-9-11-10|83-25-23-21-48-18-19-49-22|33-32-30-28-26-27-29-31-34-93|64-51-76-89-63-85-50-62-91-80|65-57-77-58-75-97-59|82-99-52-86-87-74-24-20-66|69-98-88-53-78-73-79-60-55-70-68|92-67-95-84-56-90-36|71-72-81-61-40-39-41-43|42-44-38-35-37-94-96-54
218,11,1332.9262,60.286,88.0,235.2046,0,11,36.664583,36.69857,True,2-6-7-8-46-4-45-5-3-1-100|12-14-47-17-16-15-13-9-11-10|83-25-23-21-48-18-19-49-22|33-32-30-28-26-27-29-31-34-93|64-51-76-89-63-85-50-62-91-80|65-57-77-58-75-97-59|82-99-52-86-87-74-24-20-66|69-98-88-53-78-73-79-60-55-70-68|92-67-95-84-56-90-36|71-72-81-61-40-39-41-43|42-44-38-35-37-94-96-54
219,12,1337.4374,38.9328,132.0,229.0048,0,12,38.017945,38.053852,True,2-6-7-8-46-4-45-5-3-1-100|12-14-16-13-9-10-53|83-25-23-21-48-18-19-49|62-33-32-30-28-26-29-34-50-80|41-38-39-42-44-43-40-36-35-37|64-51-76-89-63-85-84-56-91|65-82-99-52-86-87-24-22-20-66|69-98-78-73-79-60-88-55-70-68|95-71-94-81-61-90|77-58-75-97-59-57-74|92-67-31-27-72-54-96-93|47-17-15-11
220,12,1337.4374,38.9328,132.0,229.0048,0,12,38.017945,38.053852,True,2-6-7-8-46-4-45-5-3-1-100|12-14-16-13-9-10-53|83-25-23-21-48-18-19-49|62-33-32-30-28-26-29-34-50-80|41-38-39-42-44-43-40-36-35-37|64-51-76-89-63-85-84-56-91|65-82-99-52-86-87-24-22-20-66|69-98-78-73-79-60-88-55-70-68|95-71-94-81-61-90|77-58-75-97-59-57-74|92-67-31-27-72-54-96-93|47-17-15-11
221,12,1342.4723,54.102,156.0,227.3288,0,12,39.528425,39.570267,True,2-6-7-8-46-4-45-5-3-1-100|12-14-47-17-16-15-13-9-11-10|83-25-23-21-48-18-19-49-22|33-32-30-28-26-27-29-31-34-80|70-61-42-44-43-40-36-35-37-72|64-51-76-63-85-50-62-95-91|69-98-88-53-78-73-79-60-55-68|92-67-84-56-94-90|65-82-99-52-86-87-59-74-57|71-38-39-41-81-54-96|77-75-97-58-24-20|89-66-93
222,12,1342.4723,54.102,156.0,227.3288,0,12,39.528425,39.570267,True,2-6-7-8-46-4-45-5-3-1-100|12-14-47-17-16-15-13-9-11-10|83-25-23-21-48-18-19-49-22|33-32-30-28-26-27-29-31-34-80|70-61-42-44-43-40-36-35-37-72|64-51-76-63-85-50-62-95-91|69-98-88-53-78-73-79-60-55-68|92-67-84-56-94-90|65-82-99-52-86-87-59-74-57|71-38-39-41-81-54-96|77-75-97-58-24-20|89-66-93
223,12,1350.8318,119.6708,113.0,223.6166,0,12,42.036262,42.08559,True,12-14-47-17-16-15-13-9-11-10|65-83-23-21-48-18-19-49-22-20|41-38-39-42-44-43-40-36-35-37|64-51-76-89-63-85-84-62-91|82-99-52-86-87-74-57-24-66|69-98-88-60-78-73-7-4-100|71-33-50-94-93-54|53-90-56-95-92-96-80|67-32-30-28-26-27-29-31-34|72-81-61-70-55-68|25-77-58-75-97-59|2-79-6-8-46-45-3-5-1
224,12,1350.8318,119.6708,113.0,223.6166,0,12,42.036262,42.08559,True,12-14-47-17-16-15-13-9-11-10|65-83-23-21-48-18-19-49-22-20|41-38-39-42-44-43-40-36-35-37|64-51-76-89-63-85-84-62-91|82-99-52-86-87-74-57-24-66|69-98-88-60-78-73-7-4-100|71-33-50-94-93-54|53-90-56-95-92-96-80|67-32-30-28-26-27-29-31-34|72-81-61-70-55-68|25-77-58-75-97-59|2-79-6-8-46-45-3-5-1
225,12,1359.0295,65.8547,102.0,228.942,0,12,44.495561,44.538975,True,2-6-7-8-46-4-45-5-3-1-100|14-47-17-15-13-87-59|83-25-23-21-48-18-19-49-22-93|33-32-30-28-26-27-29-31-34-80|70-61-42-44-43-40-36-35-37-72|64-51-76-89-63-85-50-62-91|69-98-88-53-78-73-79-60-55-68|92-67-95-84-56-94-90|65-82-99-86-74-57-52|71-38-39-41-81-54-96-66|77-75-97-58-24-20|12-16-11-10-9
226,12,1359.0295,65.8547,102.0,228.942,0,12,44.495561,44.538975,True,2-6-7-8-46-4-45-5-3-1-100|14-47-17-15-13-87-59|83-25-23-21-48-18-19-49-22-93|33-32-30-28-26-27-29-31-34-80|70-61-42-44-43-40-36-35-37-72|64-51-76-89-63-85-50-62-91|69-98-88-53-78-73-79-60-55-68|92-67-95-84-56-94-90|65-82-99-86-74-57-52|71-38-39-41-81-54-96-66|77-75-97-58-24-20|12-16-11-10-9
227,15,1363.1061,356.073,194.0,222.6866,0,15,45.718542,45.815873,True,2-6-7-8-46-4-45-5-3-1-100|12-14-47-17-16-15-13-9-11-10|83-25-23-21-48-18-19-49-22|33-32-30-28-26-27-29-31-34|38-39-42-44-43-40-36-35-37|64-51-76-89-63-85|65-57-77-58-75-97-59|82-99-52-86-87-74-24-20-66|70|69-98-88-53-78-73-79-60-55|90|81-61-72-54-93-96|41-67-62-50-95-80|68-92-56-91|94-71-84
228,15,1363.1061,356.073,194.0,222.6866,0,15,45.718542,45.815873,True,2-6-7-8-46-4-45-5-3-1-100|12-14-47-17-16-15-13-9-11-10|83-25-23-21-48-18-19-49-22|33-32-30-28-26-27-29-31-34|38-39-42-44-43-40-36-35-37|64-51-76-89-63-85|65-57-77-58-75-97-59|82-99-52-86-87-74-24-20-66|70|69-98-88-53-78-73-79-60-55|90|81-61-72-54-93-96|41-67-62-50-95-80|68-92-56-91|94-71-84
229,12,1365.4043,58.9714,138.0,227.3288,0,12,46.408025,46.455677,True,2-6-7-8-46-4-45-5-3-1-100|12-14-47-17-16-15-13-9-11-10|25-23-21-48-18-19-49-20-22-24|33-32-30-28-26-27-29-31-34-80|41-39-42-44-43-40-36-35-37-54|64-51-76-63-85-62-67-50-91|65-52-57-58-87-97-59-74|69-98-78-73-79-60-88-55-70-68|82-99-86-53-90|92-61-81-72-71-93-96|38-94-95-84-56-66|83-75-77-89
230,11,1366.3429,37.2371,84.0,236.3158,0,11,46.689602,46.729922,True,2-6-7-8-46-4-45-5-3-1-100|25-23-21-48-18-19-49-22-24|33-32-30-28-26-27-29-31-34-80|41-39-42-44-43-40-36-35-37-54|64-51-76-89-63-85-50-62-91|65-52-57-77-58-75-97-59-74|98-82-99-86-87-13-16-10-17-47|92-67-71-81-61-38-72-96-68|83-93-94-95-84-20-56-66|15-12-53-78-73-79-60-55|69-88-14-11-9-90-70
231,11,1366.3429,37.2371,84.0,236.3158,0,11,46.689602,46.729922,True,2-6-7-8-46-4-45-5-3-1-100|25-23-21-48-18-19-49-22-24|33-32-30-28-26-27-29-31-34-80|41-39-42-44-43-40-36-35-37-54|64-51-76-89-63-85-50-62-91|65-52-57-77-58-75-97-59-74|98-82-99-86-87-13-16-10-17-47|92-67-71-81-61-38-72-96-68|83-93-94-95-84-20-56-66|15-12-53-78-73-79-60-55|69-88-14-11-9-90-70
232,12,1366.7264,82.118,114.0,227.3288,0,12,46.804657,46.853777,True,2-6-7-8-46-4-45-5-3-1-100|12-14-47-17-16-15-13-9-10|25-23-21-48-19-49-20-22-24-66|33-32-30-28-26-27-29-31-34-80|39-42-44-43-40-36-35-37-54|64-51-76-63-85-62-67-50-91|65-52-57-58-87-97-59-74|69-98-78-73-79-60-88-55-70-68|82-99-86-11-53-90|92-61-81-72-71-93-96|41-38-94-95-84-56|83-75-77-18-89
233,12,1366.7264,82.118,114.0,227.3288,0,12,46.804657,46.853777,True,2-6-7-8-46-4-45-5-3-1-100|12-14-47-17-16-15-13-9-10|25-23-21-48-19-49-20-22-24-66|33-32-30-28-26-27-29-31-34-80|39-42-44-43-40-36-35-37-54|64-51-76-63-85-62-67-50-91|65-52-57-58-87-97-59-74|69-98-78-73-79-60-88-55-70-68|82-99-86-11-53-90|92-61-81-72-71-93-96|41-38-94-95-84-56|83-75-77-18-89
234,12,1375.7053,81.3541,132.0,227.786,0,12,49.498307,49.551875,True,47-2-6-7-8-45-1-100-55|82-12-14-17-16-15-13-9-11-10|83-25-23-21-48-18-19-49-22|33-32-30-28-26-29-34-50-80|41-38-39-42-44-43-40-36-35-37|64-51-76-89-63-85-84-62-56-91|65-99-52-86-87-74-24-20-66|69-98-53-78-73-79-60-70-68|95-71-94-81-61-90|77-58-75-97-59-57|92-67-31-27-72-54-96-93|88-46-5-3-4
235,12,1375.7053,81.3541,132.0,227.786,0,12,49.498307,49.551875,True,47-2-6-7-8-45-1-100-55|82-12-14-17-16-15-13-9-11-10|83-25-23-21-48-18-19-49-22|33-32-30-28-26-29-34-50-80|41-38-39-42-44-43-40-36-35-37|64-51-76-89-63-85-84-62-56-91|65-99-52-86-87-74-24-20-66|69-98-53-78-73-79-60-70-68|95-71-94-81-61-90|77-58-75-97-59-57|92-67-31-27-72-54-96-93|88-46-5-3-4
236,12,1382.7628,138.6287,108.0,228.4752,0,12,51.615554,51.677534,True,2-6-7-8-46-4-45-5-3-1-100|12-14-47-16-13-9-10-11-78|83-25-23-21-48-18-19-49-22|33-32-30-28-26-27-29-31-34-80|72-42-44-43-40-36-35-37-54|64-51-76-89-63-85-50-62-91|65-57-77-58-75-97-59|82-99-52-86-87-74-24-20-66|81-61-41-38-39-70-68|69-98-88-53-79-73-17-55|15-94-71-93-96|92-67-95-84-56-90-60
237,12,1382.7628,138.6287,108.0,228.4752,0,12,51.615554,51.677534,True,2-6-7-8-46-4-45-5-3-1-100|12-14-47-16-13-9-10-11-78|83-25-23-21-48-18-19-49-22|33-32-30-28-26-27-29-31-34-80|72-42-44-43-40-36-35-37-54|64-51-76-89-63-85-50-62-91|65-57-77-58-75-97-59|82-99-52-86-87-74-24-20-66|81-61-41-38-39-70-68|69-98-88-53-79-73-17-55|15-94-71-93-96|92-67-95-84-56-90-60
238,13,1383.3178,202.0482,146.0,221.2091,0,13,51.782061,51.85673,True,2-6-7-8-46-4-45-5-3-1-100|12-14-47-17-16-15-13-9-11-10|83-25-23-21-48-18-19-49-22|92-71-42-44-43-40-36-35-37-39|53-87-59-97-58|65-82-99-52-86-74-57-24-20-66|81-61-70-68|69-98-78-73-79-60-88-55|41-38-72-54-94-80|90-95-62-85-84-56-91|67-32-30-28-26-27-29-31-34|64-51-76-33-50-93-96|63-89-77-75
239,13,1383.3178,202.0482,146.0,221.2091,0,13,51.782061,51.85673,True,2-6-7-8-46-4-45-5-3-1-100|12-14-47-17-16-15-13-9-11-10|83-25-23-21-48-18-19-49-22|92-71-42-44-43-40-36-35-37-39|53-87-59-97-58|65-82-99-52-86-74-57-24-20-66|81-61-70-68|69-98-78-73-79-60-88-55|41-38-72-54-94-80|90-95-62-85-84-56-91|67-32-30-28-26-27-29-31-34|64-51-76-33-50-93-96|63-89-77-75
240,11,1387.8362,64.3745,89.0,234.209,0,11,53.137578,53.188601,True,2-6-7-8-46-4-45-5-3-1-100|98-12-14-47-17-16-15-13-9-10-66|25-23-21-48-18-19-49-20-22-24|33-32-30-28-26-27-29-31-34-80|41-39-42-44-43-40-36-35-37-54|64-51-76-89-63-85-50-62-56-91|92-67-71-81-61-38-72-96-93|69-88-73-87-86-52-57-74|65-99-82-53-79-11-60-55|83-95-84-94-90-70-68|78-59-97-75-58-77
241,11,1387.8362,64.3745,89.0,234.209,0,11,53.137578,53.188601,True,2-6-7-8-46-4-45-5-3-1-100|98-12-14-47-17-16-15-13-9-10-66|25-23-21-48-18-19-49-20-22-24|33-32-30-28-26-27-29-31-34-80|41-39-42-44-43-40-36-35-37-54|64-51-76-89-63-85-50-62-56-91|92-67-71-81-61-38-72-96-93|69-88-73-87-86-52-57-74|65-99-82-53-79-11-60-55|83-95-84-94-90-70-68|78-59-97-75-58-77
242,12,1394.6166,21.7829,118.0,237.8182,0,12,55.171704,55.222114,True,2-6-7-8-46-4-45-5-3-1-100|83-25-23-21-48-18-19-49-22|67-33-32-30-28-26-29-34-50-93|39-36-35-61-81-54-72-96|64-51-76-89-63-85-84-56-91|65-82-99-52-86-87-74-24-20-66|69-98-78-73-79-60-88-55-70-68|42-44-40-38-41-94-95-92-80|77-58-75-97-59-57|62-31-27-71-37-43|14-17-13-9-11-10-53|12-47-16-15-90
243,12,1394.6166,21.7829,118.0,237.8182,0,12,55.171704,55.222114,True,2-6-7-8-46-4-45-5-3-1-100|83-25-23-21-48-18-19-49-22|67-33-32-30-28-26-29-34-50-93|39-36-35-61-81-54-72-96|64-51-76-89-63-85-84-56-91|65-82-99-52-86-87-74-24-20-66|69-98-78-73-79-60-88-55-70-68|42-44-40-38-41-94-95-92-80|77-58-75-97-59-57|62-31-27-71-37-43|14-17-13-9-11-10-53|12-47-16-15-90
244,11,1410.2417,23.882,102.0,233.7005,0,11,59.85925,59.912145,True,12-14-47-17-16-15-13-9-11-10|83-25-23-21-48-18-19-49-22-93|33-32-30-28-26-27-29-31-34-80|70-61-42-44-43-40-36-35-37-72|64-51-76-89-63-85-50-62-91|69-98-88-73-79-7-8-3-5-46-68|92-67-95-84-56-94-90-60-55|65-82-99-52-87-86-57-74-59|71-38-39-41-81-54-96-66|77-75-97-58-24-20|2-53-78-6-4-45-1-100
245,11,1410.2417,23.882,102.0,233.7005,0,11,59.85925,59.912145,True,12-14-47-17-16-15-13-9-11-10|83-25-23-21-48-18-19-49-22-93|33-32-30-28-26-27-29-31-34-80|70-61-42-44-43-40-36-35-37-72|64-51-76-89-63-85-50-62-91|69-98-88-73-79-7-8-3-5-46-68|92-67-95-84-56-94-90-60-55|65-82-99-52-87-86-57-74-59|71-38-39-41-81-54-96-66|77-75-97-58-24-20|2-53-78-6-4-45-1-100
246,12,1416.6326,115.6913,95.0,231.2805,0,12,61.776503,61.844323,True,2-6-7-8-46-4-45-5-3-1-100|82-12-14-47-17-16-15-13-10-66|83-24-25-23-21-48-18-49-77|67-33-32-30-28-26-27-29-34|72-41-39-42-44-43-40-36-35-37-54|65-99-52-86-74-58-75-97-59|11-9-87-57-22-20|64-62-81-61-38-70-68|69-98-88-53-78-73-79-60-55|95-31-71-93-94-96-80|90-51-76-89-50-91|19-63-85-84-56-92
247,12,1416.6326,115.6913,95.0,231.2805,0,12,61.776503,61.844323,True,2-6-7-8-46-4-45-5-3-1-100|82-12-14-47-17-16-15-13-10-66|83-24-25-23-21-48-18-49-77|67-33-32-30-28-26-27-29-34|72-41-39-42-44-43-40-36-35-37-54|65-99-52-86-74-58-75-97-59|11-9-87-57-22-20|64-62-81-61-38-70-68|69-98-88-53-78-73-79-60-55|95-31-71-93-94-96-80|90-51-76-89-50-91|19-63-85-84-56-92
248,12,1420.6067,80.7291,147.0,225.904,0,12,62.968727,63.036889,True,2-6-7-8-46-4-45-3-1-70|12-14-47-17-16-15-13-9-11-10|25-23-21-48-18-19-49-20-22|67-29-34-32-30-28-33-50-80|41-38-39-42-44-43-40-36-35-37|64-51-76-89-63-85-84-56-91|82-99-52-86-87-74-24-83-66|69-98-88-53-78-73-79-60-55-68|95-71-94-81-61-90|65-57-77-58-75-97-59|92-62-31-27-72-54-96-93|5-100-26
249,12,1420.6067,80.7291,147.0,225.904,0,12,62.968727,63.036889,True,2-6-7-8-46-4-45-3-1-70|12-14-47-17-16-15-13-9-11-10|25-23-21-48-18-19-49-20-22|67-29-34-32-30-28-33-50-80|41-38-39-42-44-43-40-36-35-37|64-51-76-89-63-85-84-56-91|82-99-52-86-87-74-24-83-66|69-98-88-53-78-73-79-60-55-68|95-71-94-81-61-90|65-57-77-58-75-97-59|92-62-31-27-72-54-96-93|5-100-26
250,13,1450.963,113.8291,136.0,225.3183,0,13,72.075629,72.156975,True,88-2-6-7-8-46-4-45-3-1-100|12-14-47-17-16-15-13-9-11-10|83-25-23-21-48-18-19-49-22|62-33-32-30-28-26-29-34-50-80|5-42-40-38-37-35-36-39|64-51-76-89-63-85-91|65-57-87-59-97-75-58|82-99-52-86-74-77-24-20-66|31-81-61-70-68|69-98-53-78-73-79-60-55|67-27-93-72-54-96|92-95-84-56-94-90|71-41-44-43
251,13,1450.963,113.8291,136.0,225.3183,0,13,72.075629,72.156975,True,88-2-6-7-8-46-4-45-3-1-100|12-14-47-17-16-15-13-9-11-10|83-25-23-21-48-18-19-49-22|62-33-32-30-28-26-29-34-50-80|5-42-40-38-37-35-36-39|64-51-76-89-63-85-91|65-57-87-59-97-75-58|82-99-52-86-74-77-24-20-66|31-81-61-70-68|69-98-53-78-73-79-60-55|67-27-93-72-54-96|92-95-84-56-94-90|71-41-44-43
252,12,1451.8806,49.9251,132.0,226.8306,0,12,72.350898,72.42246,True,88-2-6-7-8-46-4-45-3-1-100|12-17-16-13-11-10-82-70-68|83-25-23-21-48-18-19-49-22|95-33-32-30-28-26-29-34-50-80|61-41-38-39-42-44-40-36-35-37|64-51-76-89-63-85-84-62-56-91|65-99-52-86-87-74-24-20-66|69-98-14-53-78-73-79-60-55|71-67-94-81-90|77-58-75-97-59-57|92-31-27-72-54-93-96|47-15-9-5-43
253,12,1451.8806,49.9251,132.0,226.8306,0,12,72.350898,72.42246,True,88-2-6-7-8-46-4-45-3-1-100|12-17-16-13-11-10-82-70-68|83-25-23-21-48-18-19-49-22|95-33-32-30-28-26-29-34-50-80|61-41-38-39-42-44-40-36-35-37|64-51-76-89-63-85-84-62-56-91|65-99-52-86-87-74-24-20-66|69-98-14-53-78-73-79-60-55|71-67-94-81-90|77-58-75-97-59-57|92-31-27-72-54-93-96|47-15-9-5-43
254,12,1451.8806,49.9251,132.0,226.8306,0,12,72.350898,72.42246,True,88-2-6-7-8-46-4-45-3-1-100|12-17-16-13-11-10-82-70-68|83-25-23-21-48-18-19-49-22|95-33-32-30-28-26-29-34-50-80|61-41-38-39-42-44-40-36-35-37|64-51-76-89-63-85-84-62-56-91|65-99-52-86-87-74-24-20-66|69-98-14-53-78-73-79-60-55|71-67-94-81-90|77-58-75-97-59-57|92-31-27-72-54-93-96|47-15-9-5-43
255,12,1451.8806,49.9251,132.0,226.8306,0,12,72.350898,72.42246,True,88-2-6-7-8-46-4-45-3-1-100|12-17-16-13-11-10-82-70-68|83-25-23-21-48-18-19-49-22|95-33-32-30-28-26-29-34-50-80|61-41-38-39-42-44-40-36-35-37|64-51-76-89-63-85-84-62-56-91|65-99-52-86-87-74-24-20-66|69-98-14-53-78-73-79-60-55|71-67-94-81-90|77-58-75-97-59-57|92-31-27-72-54-93-96|47-15-9-5-43
256,11,1459.8234,22.4343,84.0,238.877,0,11,74.733758,74.800287,True,98-12-14-47-17-16-15-13-9-10-55-100|25-23-21-48-18-19-49-20-22-24|33-32-30-28-26-27-29-31-34-80|64-51-76-89-63-85-50-62-91|65-52-57-77-58-75-97-59-74|82-11-86-87-99-90-68-54|92-67-71-81-61-41-42-37-35|83-93-94-95-84-56-66-96|69-88-7-79-73-78-53-60-70|38-40-44-3-8-6-46-5|72-39-36-43-1-2-4-45
257,11,1459.8234,22.4343,84.0,238.877,0,11,74.733758,74.800287,True,98-12-14-47-17-16-15-13-9-10-55-100|25-23-21-48-18-19-49-20-22-24|33-32-30-28-26-27-29-31-34-80|64-51-76-89-63-85-50-62-91|65-52-57-77-58-75-97-59-74|82-11-86-87-99-90-68-54|92-67-71-81-61-41-42-37-35|83-93-94-95-84-56-66-96|69-88-7-79-73-78-53-60-70|38-40-44-3-8-6-46-5|72-39-36-43-1-2-4-45
258,13,1493.7599,73.3841,180.0,225.8487,0,13,84.914699,85.007296,True,88-2-6-8-46-4-45-3-1-100|12-17-16-13-11-10-55-70-68|83-25-23-21-48-18-19-49-22|95-33-32-30-28-26-29-34-50-80|61-41-38-39-42-44-40-36-35-37|64-51-76-89-63-85-84-62-56-91|65-99-52-86-87-74-24-20-66|69-98-14-53-78-73-79-60|71-67-94-81-90|77-58-75-97-59-57|92-31-27-72-54-93-96|82-15-47-7-5-43|9
259,13,1493.7599,73.3841,180.0,225.8487,0,13,84.914699,85.007296,True,88-2-6-8-46-4-45-3-1-100|12-17-16-13-11-10-55-70-68|83-25-23-21-48-18-19-49-22|95-33-32-30-28-26-29-34-50-80|61-41-38-39-42-44-40-36-35-37|64-51-76-89-63-85-84-62-56-91|65-99-52-86-87-74-24-20-66|69-98-14-53-78-73-79-60|71-67-94-81-90|77-58-75-97-59-57|92-31-27-72-54-93-96|82-15-47-7-5-43|9
260,12,1510.7451,78.4889,122.0,226.0271,0,12,90.010248,90.102634,True,2-6-7-8-46-4-45-3-1-100|12-17-16-13-11-10-82-70-68|83-25-23-21-48-18-19-49-22|95-33-32-30-28-26-29-34-50-80|61-41-38-39-42-44-40-36-35-37|64-51-76-89-63-85-84-62-56-91|65-52-57-74-77-24-20-66|69-98-14-53-78-73-79-60-55|71-67-94-81-90-47|99-86-87-59-97-75-58|92-31-27-72-54-93-96|15-9-88-5-43
261,12,1510.7451,78.4889,122.0,226.0271,0,12,90.010248,90.102634,True,2-6-7-8-46-4-45-3-1-100|12-17-16-13-11-10-82-70-68|83-25-23-21-48-18-19-49-22|95-33-32-30-28-26-29-34-50-80|61-41-38-39-42-44-40-36-35-37|64-51-76-89-63-85-84-62-56-91|65-52-57-74-77-24-20-66|69-98-14-53-78-73-79-60-55|71-67-94-81-90-47|99-86-87-59-97-75-58|92-31-27-72-54-93-96|15-9-88-5-43
262,12,1521.4821,86.1795,88.0,234.6181,0,12,93.231343,93.325993,True,88-7-8-81-35-36|12-14-47-17-16-15-13-9-11-10|83-25-23-21-48-18-19-49-22|33-32-30-28-26-27-29-31-34-93|64-51-76-89-63-85-50-62-91-80|65-57-77-58-75-97-59|82-99-52-86-87-74-24-20-66|69-98-53-78-73-79-60-1|61-71-94-67-84-95-92-56|42-44-40-38-41-90-96-54|5-6-46-2-3-43-37|72-39-45-4-70-100-55-68
263,12,1521.4821,86.1795,88.0,234.6181,0,12,93.231343,93.325993,True,88-7-8-81-35-36|12-14-47-17-16-15-13-9-11-10|83-25-23-21-48-18-19-49-22|33-32-30-28-26-27-29-31-34-93|64-51-76-89-63-85-50-62-91-80|65-57-77-58-75-97-59|82-99-52-86-87-74-24-20-66|69-98-53-78-73-79-60-1|61-71-94-67-84-95-92-56|42-44-40-38-41-90-96-54|5-6-46-2-3-43-37|72-39-45-4-70-100-55-68
264,12,1530.9701,96.3082,84.0,233.6888,0,12,96.077744,96.176219,True,11-9-13-15-16-79-5-70|83-25-23-21-48-18-19-49-22|67-33-32-30-28-26-29-34-50-80|2-7-8-1-3-36-35-37|64-51-76-89-63-85-84-56-91|65-82-99-52-86-87-74-24-20-66|95-71-94-81-38-41-42-43|77-58-75-97-59-57|92-62-31-27-72-54-96-93|98-88-6-46-73-10-17-47-14|90-69-53-12-78-60-100-55|61-39-40-44-45-4-68
265,12,1530.9701,96.3082,84.0,233.6888,0,12,96.077744,96.176219,True,11-9-13-15-16-79-5-70|83-25-23-21-48-18-19-49-22|67-33-32-30-28-26-29-34-50-80|2-7-8-1-3-36-35-37|64-51-76-89-63-85-84-56-91|65-82-99-52-86-87-74-24-20-66|95-71-94-81-38-41-42-43|77-58-75-97-59-57|92-62-31-27-72-54-96-93|98-88-6-46-73-10-17-47-14|90-69-53-12-78-60-100-55|61-39-40-44-45-4-68
266,13,1602.9409,15.1609,178.0,238.8516,0,13,117.669011,117.78738,True,73-79-8-46-4-45-5-3-1-60|83-25-23-21-48-18-19-49-22|33-32-30-28-26-27-29-31-34-93|64-51-76-89-63-85-50-62-91-80|77-58-75-97-9-10-13|47-16-59-87-74-24-20-66|11-86-7-6-2-100-70-68|92-67-95-84-56-36-55|71-72-81-61-40-39-41-43|42-44-38-35-37-94-96-54|69-88-78-14-17-15-99-57|98-82-90-52-12-53|65
267,13,1602.9409,15.1609,178.0,238.8516,0,13,117.669011,117.78738,True,73-79-8-46-4-45-5-3-1-60|83-25-23-21-48-18-19-49-22|33-32-30-28-26-27-29-31-34-93|64-51-76-89-63-85-50-62-91-80|77-58-75-97-9-10-13|47-16-59-87-74-24-20-66|11-86-7-6-2-100-70-68|92-67-95-84-56-36-55|71-72-81-61-40-39-41-43|42-44-38-35-37-94-96-54|69-88-78-14-17-15-99-57|98-82-90-52-12-53|65
268,13,1602.9409,15.1609,178.0,238.8516,0,13,117.669011,117.78738,True,73-79-8-46-4-45-5-3-1-60|83-25-23-21-48-18-19-49-22|33-32-30-28-26-27-29-31-34-93|64-51-76-89-63-85-50-62-91-80|77-58-75-97-9-10-13|47-16-59-87-74-24-20-66|11-86-7-6-2-100-70-68|92-67-95-84-56-36-55|71-72-81-61-40-39-41-43|42-44-38-35-37-94-96-54|69-88-78-14-17-15-99-57|98-82-90-52-12-53|65
269,13,1604.4679,252.5892,76.0,237.7912,0,13,118.127101,118.271183,True,94-71-35-36-39-68|90-82-99-11-13-59-74|69-61-81-67-93-96-60|100-9-10-15-16-17-47-14|88-53-79-7-8-46-4-1-70|64-22-19-51-63-84-56-55|98-12-78-73-6-2-3-5-45|72-41-38-37-40-43-44-42-54|92-30-32-34-50-95-80|25-23-21-48-18-76-85-89|52-86-87-97-75-77|31-29-27-26-28-33-62-91|65-58-49-20-24-57-83-66
270,13,1604.4679,252.5892,76.0,237.7912,0,13,118.127101,118.271183,True,94-71-35-36-39-68|90-82-99-11-13-59-74|69-61-81-67-93-96-60|100-9-10-15-16-17-47-14|88-53-79-7-8-46-4-1-70|64-22-19-51-63-84-56-55|98-12-78-73-6-2-3-5-45|72-41-38-37-40-43-44-42-54|92-30-32-34-50-95-80|25-23-21-48-18-76-85-89|52-86-87-97-75-77|31-29-27-26-28-33-62-91|65-58-49-20-24-57-83-66
271,13,1611.3996,29.4923,178.0,230.3692,0,13,120.206605,120.328389,True,69-73-79-8-1-3-5-45-46-4|83-25-23-21-48-18-19-49-22|33-32-30-28-26-27-29-31-34-93|64-51-76-89-63-85-50-62-56-91|77-58-75-97-9-10-13|47-16-15-87-59-74-24-20|11-86-7-6-2-100-70-68|92-67-95-84-38-36-55|71-72-81-61-40-39-41-43|42-44-35-37-94-96-54-80|88-78-17-14-99-57-66|98-82-90-52-12-53-60|65
272,13,1611.3996,29.4923,178.0,230.3692,0,13,120.206605,120.328389,True,69-73-79-8-1-3-5-45-46-4|83-25-23-21-48-18-19-49-22|33-32-30-28-26-27-29-31-34-93|64-51-76-89-63-85-50-62-56-91|77-58-75-97-9-10-13|47-16-15-87-59-74-24-20|11-86-7-6-2-100-70-68|92-67-95-84-38-36-55|71-72-81-61-40-39-41-43|42-44-35-37-94-96-54-80|88-78-17-14-99-57-66|98-82-90-52-12-53-60|65
273,14,1629.3838,152.1548,166.0,221.8487,0,14,125.601872,125.745273,True,2-6-7-8-46-4-5-3-1-100|12-47-17-16-15-9-10|25-23-21-48-18-19-49-22-24|33-32-30-28-26-27-31-34-80|41-42-44-43-40-36-35-37|64-51-76-89-63-85-50-62-91|65-52-57-58-75-97-59-74|69-98-88-78-73-79-60-70-68|82-11-86-87-99-90|92-71-81-61-38-72-96|83-84-95-93-94-56-66|14-13-77-20|45-55-39-54|53-67-29
274,14,1629.3838,152.1548,166.0,221.8487,0,14,125.601872,125.745273,True,2-6-7-8-46-4-5-3-1-100|12-47-17-16-15-9-10|25-23-21-48-18-19-49-22-24|33-32-30-28-26-27-31-34-80|41-42-44-43-40-36-35-37|64-51-76-89-63-85-50-62-91|65-52-57-58-75-97-59-74|69-98-88-78-73-79-60-70-68|82-11-86-87-99-90|92-71-81-61-38-72-96|83-84-95-93-94-56-66|14-13-77-20|45-55-39-54|53-67-29
275,15,1652.2357,200.0828,140.0,222.7882,0,15,132.457444,132.612731,True,2-6-7-8-46-4-45-5-3-100-68|9-13-16-17-47-14-11|83-25-23-21-48-49|33-32-28-26-27-29-31-34|71-41-39-42-44-43-40-36-35-37|64-51-89-63-85-50-62|65-57-77-58-75-97-59|82-99-52-86-87-74-20-66|69-98-88-53-78-73-79-60-55|92-67-95-56-90|24-18-96-93-72-54|61-81-94-91-80|70-1-12-15-10|38-30-84|22-19-76
276,15,1652.2357,200.0828,140.0,222.7882,0,15,132.457444,132.612731,True,2-6-7-8-46-4-45-5-3-100-68|9-13-16-17-47-14-11|83-25-23-21-48-49|33-32-28-26-27-29-31-34|71-41-39-42-44-43-40-36-35-37|64-51-89-63-85-50-62|65-57-77-58-75-97-59|82-99-52-86-87-74-20-66|69-98-88-53-78-73-79-60-55|92-67-95-56-90|24-18-96-93-72-54|61-81-94-91-80|70-1-12-15-10|38-30-84|22-19-76
277,15,1670.0871,168.3446,155.0,223.051,0,15,137.812844,137.970264,True,2-6-7-8-46-4-45-5-3-1-100|12-14-47-17-16-15-13-9-10|25-23-21-48-18-19|33-32-30-28-26-27-29-31-34|72-41-39-42-44-43-40-36-35-37-54|51-76-63-85-62-67-50|69-98-78-73-79-60-88-55-70-68|38-94-95-84|87-96|92-71-93-81-61-53|59-97-11|89-77-75-58-74|24-57-66-56-91-80|83-52-99-20-22-64|65-90-82-86-49
278,15,1670.0871,168.3446,155.0,223.051,0,15,137.812844,137.970264,True,2-6-7-8-46-4-45-5-3-1-100|12-14-47-17-16-15-13-9-10|25-23-21-48-18-19|33-32-30-28-26-27-29-31-34|72-41-39-42-44-43-40-36-35-37-54|51-76-63-85-62-67-50|69-98-78-73-79-60-88-55-70-68|38-94-95-84|87-96|92-71-93-81-61-53|59-97-11|89-77-75-58-74|24-57-66-56-91-80|83-52-99-20-22-64|65-90-82-86-49
279,13,1671.274,17.7152,130.0,238.8516,0,13,138.168921,138.303374,True,73-79-8-46-4-45-5-3-1-60|59-22-49-19-18-21-23-48|33-32-30-28-26-27-29-31-34|64-51-76-89-63-85-50-62-91-80|77-58-75-97-9-10|47-16-13-87-74-24-20-66|11-86-7-6-2-70-100-55|92-67-95-84-56-93-41-36|71-72-81-61-40-43-39-68|42-44-38-35-37-94-96-54|69-88-78-14-17-15-99-57|98-82-90-52-12-53|83-25-65
280,13,1671.274,17.7152,130.0,238.8516,0,13,138.168921,138.303374,True,73-79-8-46-4-45-5-3-1-60|59-22-49-19-18-21-23-48|33-32-30-28-26-27-29-31-34|64-51-76-89-63-85-50-62-91-80|77-58-75-97-9-10|47-16-13-87-74-24-20-66|11-86-7-6-2-70-100-55|92-67-95-84-56-93-41-36|71-72-81-61-40-43-39-68|42-44-38-35-37-94-96-54|69-88-78-14-17-15-99-57|98-82-90-52-12-53|83-25-65
281,17,1703.8754,297.4024,197.0,217.7994,0,17,147.94934,148.140268,True,2-6-7-8-46-4-45-5-3-1|98-12-14-17-16-15-13-9-11-10|25-23-21-48-18-19-49-20-22|33-28-26-27-29-31-34-93|70-42-44-43-40-36-35-37-54|64-51-76-89-63-50-62|65-57-58-75-97-59|90-87-86-66|81-61-41-38-39-72|69-88-78-73-79-60-55|71-67-95-84-56|92-94|74-91-80|77-82-53-100-68|83-99-47-52-24|32-30-96|85
282,17,1703.8754,297.4024,197.0,217.7994,0,17,147.94934,148.140268,True,2-6-7-8-46-4-45-5-3-1|98-12-14-17-16-15-13-9-11-10|25-23-21-48-18-19-49-20-22|33-28-26-27-29-31-34-93|70-42-44-43-40-36-35-37-54|64-51-76-89-63-50-62|65-57-58-75-97-59|90-87-86-66|81-61-41-38-39-72|69-88-78-73-79-60-55|71-67-95-84-56|92-94|74-91-80|77-82-53-100-68|83-99-47-52-24|32-30-96|85
283,13,1743.788,73.7337,84.0,232.6332,0,13,159.923121,160.082197,True,69-98-88-7-73-13-9|83-25-23-21-48-18-19-49-22|33-32-30-28-26-27-29-31-34-93|16-61-40-36-35-37|64-51-76-89-63-85-50-62-91|65-57-77-58-75-97-59|82-99-52-86-87-74-24-20-66|44-39-38-72-81-41-42-43-68|71-67-95-84-56-90-4|78-54-96-94-92-80|12-53-79-8-45-2-100-70|11-6-3-10-55|1-5-46-60-14-15-17-47
284,13,1743.788,73.7337,84.0,232.6332,0,13,159.923121,160.082197,True,69-98-88-7-73-13-9|83-25-23-21-48-18-19-49-22|33-32-30-28-26-27-29-31-34-93|16-61-40-36-35-37|64-51-76-89-63-85-50-62-91|65-57-77-58-75-97-59|82-99-52-86-87-74-24-20-66|44-39-38-72-81-41-42-43-68|71-67-95-84-56-90-4|78-54-96-94-92-80|12-53-79-8-45-2-100-70|11-6-3-10-55|1-5-46-60-14-15-17-47
285,17,1754.1586,346.0268,188.0,221.1232,0,17,163.034319,163.247224,True,2-6-7-8-46-4-45-5-3-1|12-14-17-16-15-13-9-11-10|25-23-21-18-19-49-22|33-32-28-26-27-29-31-93|70-42-44-43-40-36-35-37-54|64-51-76-89-63-50-62|65-57-58-75-97-59|87-86-20-66|81-61-41-38-39-72|69-98-88-78-73-79-60-55|71-67-95-84-56|92-94-96|74-91-80|77-82-53-100-68|83-99-47-52-24-48|90-30-34|85
286,17,1754.1586,346.0268,188.0,221.1232,0,17,163.034319,163.247224,True,2-6-7-8-46-4-45-5-3-1|12-14-17-16-15-13-9-11-10|25-23-21-18-19-49-22|33-32-28-26-27-29-31-93|70-42-44-43-40-36-35-37-54|64-51-76-89-63-50-62|65-57-58-75-97-59|87-86-20-66|81-61-41-38-39-72|69-98-88-78-73-79-60-55|71-67-95-84-56|92-94-96|74-91-80|77-82-53-100-68|83-99-47-52-24-48|90-30-34|85
287,18,1767.5169,402.5111,194.0,218.9523,0,18,167.041801,167.26776,True,2-6-7-8-46-4-45-5-3-1|12-14-47-17-16-15-13-9-11-10|83-25-23-21-48-18-19-49-22|33-32-30-28-26-29-34-50|36-35-37|64-51-76-89-63-85-84-62-56|65-82-99-52-86-87-74-24-20-66|53-78-73-79-60|95|77-58-75-97-59-57|67-31-27|61-69-93-72-54-80|94-98-55-70-91|92-88-68-42-39|38-43-100|96-71-41|81-90|44-40
288,18,1767.5169,402.5111,194.0,218.9523,0,18,167.041801,167.26776,True,2-6-7-8-46-4-45-5-3-1|12-14-47-17-16-15-13-9-11-10|83-25-23-21-48-18-19-49-22|33-32-30-28-26-29-34-50|36-35-37|64-51-76-89-63-85-84-62-56|65-82-99-52-86-87-74-24-20-66|53-78-73-79-60|95|77-58-75-97-59-57|67-31-27|61-69-93-72-54-80|94-98-55-70-91|92-88-68-42-39|38-43-100|96-71-41|81-90|44-40
289,16,1767.856,177.3769,167.0,218.3828,0,16,167.143514,167.33242,True,2-6-8-46-4-45-5-3-1|12-14-47-17-15-13-10|25-23-21-48-18-19-49-20-22-24|33-30-28-26-27-29-34-80|41-39-37-35-36-40-43-54|64-51-76-89-63-85-50-62-56|52-74-59-97-58-57|69-78-73-79-60-88-55|82-99-86-11-53-90|92-61-81-72-71-93-96|94-95-84-66|83-77-75|98-16-100-70-68|44-42-67-31-32-91|38-65-9|7-87
290,16,1767.856,177.3769,167.0,218.3828,0,16,167.143514,167.33242,True,2-6-8-46-4-45-5-3-1|12-14-47-17-15-13-10|25-23-21-48-18-19-49-20-22-24|33-30-28-26-27-29-34-80|41-39-37-35-36-40-43-54|64-51-76-89-63-85-50-62-56|52-74-59-97-58-57|69-78-73-79-60-88-55|82-99-86-11-53-90|92-61-81-72-71-93-96|94-95-84-66|83-77-75|98-16-100-70-68|44-42-67-31-32-91|38-65-9|7-87
291,17,1786.7515,345.6049,144.0,222.6866,0,17,172.812188,173.030642,True,6-8-46-4-45-5-1|82-12-14-17-16-15-13-9-10|83-23-21-48-18-19-49-22|33-30-28-26-29-31-34-80|41-39-42-44-43-35-37-54|64-51-76-89-63-85-50-62-91|65-57-77-58-75-97-59|99-11-87-86-24-20-66|81-61-38-70-68|69-98-88-60-73-78-53-55|72-71-93-96|92-67-95-84-56|90-2-79-100|25-74-52-47|94-27-32|7-3-36|40
292,17,1786.7515,345.6049,144.0,222.6866,0,17,172.812188,173.030642,True,6-8-46-4-45-5-1|82-12-14-17-16-15-13-9-10|83-23-21-48-18-19-49-22|33-30-28-26-29-31-34-80|41-39-42-44-43-35-37-54|64-51-76-89-63-85-50-62-91|65-57-77-58-75-97-59|99-11-87-86-24-20-66|81-61-38-70-68|69-98-88-60-73-78-53-55|72-71-93-96|92-67-95-84-56|90-2-79-100|25-74-52-47|94-27-32|7-3-36|40
293,13,1787.227,16.7931,148.0,238.8516,0,13,172.954835,173.125735,True,73-79-8-46-4-45-5-3-1-60|83-25-23-21-48-18-19-49-22-63|64-76-33-28-26-27-29-31-93|62-51-34-30-32-91-80|77-58-75-97-9-10-13|47-16-59-87-74-24-20-66|11-86-7-6-2-100-70-68|92-95-85-84-67-36-55|71-72-81-61-40-39-41-43|42-44-38-35-37-94-96-54|69-88-78-14-17-15-99-57-56|98-82-90-52-12-53|89-50-65
294,13,1787.227,16.7931,148.0,238.8516,0,13,172.954835,173.125735,True,73-79-8-46-4-45-5-3-1-60|83-25-23-21-48-18-19-49-22-63|64-76-33-28-26-27-29-31-93|62-51-34-30-32-91-80|77-58-75-97-9-10-13|47-16-59-87-74-24-20-66|11-86-7-6-2-100-70-68|92-95-85-84-67-36-55|71-72-81-61-40-39-41-43|42-44-38-35-37-94-96-54|69-88-78-14-17-15-99-57-56|98-82-90-52-12-53|89-50-65
295,17,1792.7971,294.3289,174.0,217.2975,0,17,174.625851,174.840619,True,69-98-88-60-78-73-79-6-2-100|65-59-74-86-52-99-82|92-95-62-67-94-93-71-54|83-64-51-85-63-76-48-24|61-81-80-91-66|12-14-47-17-16-15-13-9-10|90-53-84|42-44-40-36-35-37-38-39|7-8-4-45-5-3-1|19-25-23-21-18-49-20-22|33-32-30-28-26-27-29-31-34|87|72-89-77|41-70-68-96-56|43-46-55|11-57-58-75-97|50
296,17,1792.7971,294.3289,174.0,217.2975,0,17,174.625851,174.840619,True,69-98-88-60-78-73-79-6-2-100|65-59-74-86-52-99-82|92-95-62-67-94-93-71-54|83-64-51-85-63-76-48-24|61-81-80-91-66|12-14-47-17-16-15-13-9-10|90-53-84|42-44-40-36-35-37-38-39|7-8-4-45-5-3-1|19-25-23-21-18-49-20-22|33-32-30-28-26-27-29-31-34|87|72-89-77|41-70-68-96-56|43-46-55|11-57-58-75-97|50
297,18,1801.2179,290.0548,153.0,220.9262,0,18,177.152108,177.367505,True,2-6-46-4-45-5-3-1|12-14-47-17-16-15-13-9|18-48-19-49-20-22|33-32-30-28-26-27-29-31-34|42-44-43-40-36-37-41-54|64-51-76-89-63-85-50-91|65-52-57-58-75-97-59-74|88-53-78-73-79-60-55|82-11-86-90|92-93-71-61-81-96|67-95-84-56-66|62-80|24-83-69-98-100|94-70-68|99-25|77|7-8-39-38-35-72|21-23-87-10
298,18,1801.2179,290.0548,153.0,220.9262,0,18,177.152108,177.367505,True,2-6-46-4-45-5-3-1|12-14-47-17-16-15-13-9|18-48-19-49-20-22|33-32-30-28-26-27-29-31-34|42-44-43-40-36-37-41-54|64-51-76-89-63-85-50-91|65-52-57-58-75-97-59-74|88-53-78-73-79-60-55|82-11-86-90|92-93-71-61-81-96|67-95-84-56-66|62-80|24-83-69-98-100|94-70-68|99-25|77|7-8-39-38-35-72|21-23-87-10
299,17,1828.4,334.5106,164.0,220.0902,0,17,185.306716,185.537611,True,2-6-7-8-46-4-45-5-3-1|12-14-47-17-16-15-13-9-10|83-25-23-21-48-18-19-49-22|32-30-28-26-27-29-34-80|43-40-36-35-37|64-76-89-63-85-50-62|65-52-57-58-75-97-59-74|11-87-86-20-66|41-38-70-68|69-98-88-53-78-73-79-60-55|94-71-72-96|67-84-56-90|24-33-92-93|91-39-42-100|82-95-81-61-54|51-77-99|44-31
300,17,1828.4,334.5106,164.0,220.0902,0,17,185.306716,185.537611,True,2-6-7-8-46-4-45-5-3-1|12-14-47-17-16-15-13-9-10|83-25-23-21-48-18-19-49-22|32-30-28-26-27-29-34-80|43-40-36-35-37|64-76-89-63-85-50-62|65-52-57-58-75-97-59-74|11-87-86-20-66|41-38-70-68|69-98-88-53-78-73-79-60-55|94-71-72-96|67-84-56-90|24-33-92-93|91-39-42-100|82-95-81-61-54|51-77-99|44-31
301,16,1849.4175,209.2487,162.0,217.5884,0,16,191.611974,191.829509,True,2-7-8-46-4-45-5-3-1-100|12-14-47-17-16-15-13-9-11-10|25-23-18-19-49-22|33-32-30-28-26-27-29-31-34|44-42-39-38-37-35-36-40|64-76-89-63-85-50-91|65-86-87-74-24-20-66|69-98-53-60-79-55-70-68|61-81-94-67-72|57-56-96-54|59-97-75-77|82-78-73-6-80-92-93|52-21-51-95|48-71-41-43|88-99-83-90-62|58-84
302,16,1849.4175,209.2487,162.0,217.5884,0,16,191.611974,191.829509,True,2-7-8-46-4-45-5-3-1-100|12-14-47-17-16-15-13-9-11-10|25-23-18-19-49-22|33-32-30-28-26-27-29-31-34|44-42-39-38-37-35-36-40|64-76-89-63-85-50-91|65-86-87-74-24-20-66|69-98-53-60-79-55-70-68|61-81-94-67-72|57-56-96-54|59-97-75-77|82-78-73-6-80-92-93|52-21-51-95|48-71-41-43|88-99-83-90-62|58-84
303,17,1858.0453,299.0194,127.0,221.1155,0,17,194.200302,194.431221,True,6-7-8-4-45-5-3-1-100|12-14-47-16-13-9-10|31-26-28-30-32-33-80|41-44-43-39-38-36-35-37|64-51-76-89-85-50-62|65-58-75-97-59|82-99-52-86-87-74-24-20|69-98-88-60-79-73-53-55|94-96-81-54|92-67-95-84-56|90-17-25|83-57-63-91|72-93-27-29-34-66|42-40-46-70-68|22-19-18-48-21-23-77|2-78-15-11|61-71-49
304,17,1858.0453,299.0194,127.0,221.1155,0,17,194.200302,194.431221,True,6-7-8-4-45-5-3-1-100|12-14-47-16-13-9-10|31-26-28-30-32-33-80|41-44-43-39-38-36-35-37|64-51-76-89-85-50-62|65-58-75-97-59|82-99-52-86-87-74-24-20|69-98-88-60-79-73-53-55|94-96-81-54|92-67-95-84-56|90-17-25|83-57-63-91|72-93-27-29-34-66|42-40-46-70-68|22-19-18-48-21-23-77|2-78-15-11|61-71-49
305,18,1858.3576,350.7935,161.0,219.5034,0,18,194.294011,194.536247,True,2-6-8-46-4-45-5-3-100|14-47-17-16-15-13-9-11|83-25-23-21-48-18-19-49-22|33-32-28-26-27-29|38-39-44-43-40-36-35-37|64-51-76-63-85-62|65-57-77-75-59|82-99-52-86-74-24-20|81-70-68|69-98-88-78-73-79-60-55|94-93-71-72-54-96|92-67-84-95|53-90-66-56-91-80|61-41-42-1|58-31-34-50|97-12-10|89-30|7-87
306,18,1858.3576,350.7935,161.0,219.5034,0,18,194.294011,194.536247,True,2-6-8-46-4-45-5-3-100|14-47-17-16-15-13-9-11|83-25-23-21-48-18-19-49-22|33-32-28-26-27-29|38-39-44-43-40-36-35-37|64-51-76-63-85-62|65-57-77-75-59|82-99-52-86-74-24-20|81-70-68|69-98-88-78-73-79-60-55|94-93-71-72-54-96|92-67-84-95|53-90-66-56-91-80|61-41-42-1|58-31-34-50|97-12-10|89-30|7-87
307,19,1881.1966,431.3352,171.0,215.6034,0,19,201.145693,201.407578,True,7-8-46-45-5-3-1-100|14-47-17-16-15-13-9-10|83-25-23-48-18-19-49-22|95-62-33-26-27-31-34-80|41-38-35-40-43-39-42|64-51-76-89-63-85-50-91|65-57-58-75-97-59|90-99-52-86-74-24-20|73-79-70-68|69-98-53-78-60-88-55|61-54-72-93-96|92-67-94|12-2-36|82-11-66-56|6-4-44-37|84-32-30-28-29|77-21|81-71|87
308,19,1881.1966,431.3352,171.0,215.6034,0,19,201.145693,201.407578,True,7-8-46-45-5-3-1-100|14-47-17-16-15-13-9-10|83-25-23-48-18-19-49-22|95-62-33-26-27-31-34-80|41-38-35-40-43-39-42|64-51-76-89-63-85-50-91|65-57-58-75-97-59|90-99-52-86-74-24-20|73-79-70-68|69-98-53-78-60-88-55|61-54-72-93-96|92-67-94|12-2-36|82-11-66-56|6-4-44-37|84-32-30-28-29|77-21|81-71|87
309,18,1902.9936,430.6704,139.0,220.1819,0,18,207.684799,207.95031,True,2-8-46-4-45-5-1-100|82-12-14-47-17-16-15-13-9|83-25-23-21-48-18-19-49-20|67-32-30-28-26-31-34-50|43-40-36-35-37-72|64-51-76-63-84-62|65-57-87-59-97-75|99-52-86-74-58-77-24-66|81-38-68|69-11-53-78-73-79-60|94-93-71-96|92-27-33-95-56|98-39-80|91-54-70|42-88-10-55|41-44-3-7-6|90-61-29|22-89-85
310,18,1902.9936,430.6704,139.0,220.1819,0,18,207.684799,207.95031,True,2-8-46-4-45-5-1-100|82-12-14-47-17-16-15-13-9|83-25-23-21-48-18-19-49-20|67-32-30-28-26-31-34-50|43-40-36-35-37-72|64-51-76-63-84-62|65-57-87-59-97-75|99-52-86-74-58-77-24-66|81-38-68|69-11-53-78-73-79-60|94-93-71-96|92-27-33-95-56|98-39-80|91-54-70|42-88-10-55|41-44-3-7-6|90-61-29|22-89-85
311,19,1909.984,430.7019,171.0,215.6034,0,19,209.781932,210.052358,True,7-8-46-45-5-3-100|14-47-17-16-15-13-9-10|83-25-23-48-18-19-49-22|95-33-26-27-31-34-80|41-38-35-40-43-39-42|64-51-76-89-63-85-50-62-91|65-57-58-75-97-59|82-99-52-86-74-20|90-73-79-70-68|69-98-53-78-60-88-55|61-54-72-93-96|92-67-94|12-2-36|11-24-56-66|6-4-1-44-37|84-32-30-28-29|77-21|81-71|87
312,19,1909.984,430.7019,171.0,215.6034,0,19,209.781932,210.052358,True,7-8-46-45-5-3-100|14-47-17-16-15-13-9-10|83-25-23-48-18-19-49-22|95-33-26-27-31-34-80|41-38-35-40-43-39-42|64-51-76-89-63-85-50-62-91|65-57-58-75-97-59|82-99-52-86-74-20|90-73-79-70-68|69-98-53-78-60-88-55|61-54-72-93-96|92-67-94|12-2-36|11-24-56-66|6-4-1-44-37|84-32-30-28-29|77-21|81-71|87
313,17,1928.4642,312.504,125.0,219.5953,0,17,215.32598,215.579619,True,6-7-8-46-4-5-1|82-9-13-15-16-17-14-12|83-25-21-48-18-49-22|32-30-28-27-29-31-34-80|41-39-42-44-43-40-35-37|64-51-89-63-85-50-62|65-52-57-58-75-97-59-74|11-87-24-20-66|81-61-38-70-68|69-98-88-78-73-79-60-55|94-93-71-72-96|92-67-95-56-90|2-26-33-91|23-77-10-47-100|99-86-84-54|19-76-36|45-3-53
314,17,1928.4642,312.504,125.0,219.5953,0,17,215.32598,215.579619,True,6-7-8-46-4-5-1|82-9-13-15-16-17-14-12|83-25-21-48-18-49-22|32-30-28-27-29-31-34-80|41-39-42-44-43-40-35-37|64-51-89-63-85-50-62|65-52-57-58-75-97-59-74|11-87-24-20-66|81-61-38-70-68|69-98-88-78-73-79-60-55|94-93-71-72-96|92-67-95-56-90|2-26-33-91|23-77-10-47-100|99-86-84-54|19-76-36|45-3-53
315,18,1933.0841,326.8257,150.0,214.9804,0,18,216.711942,216.971223,True,2-6-8-46-4-5-1-100|12-14-47-17-16-11-10-9|23-21-48-18-19-49-22|33-32-30-28-26-27-29-34|41-38-39-42-44-43-40-36-37|51-89-63-85-50-62|65-77-58-75-97|82-52-86-87-74-24-20-66|81-70-68|98-88-79-73-78-53|94-93-71-72-54-96|92-67-95-90|56-84-64-91-80|57-60-7-45-55|99-25-76-83|35-61-69-13|59-31|15-3
316,18,1933.0841,326.8257,150.0,214.9804,0,18,216.711942,216.971223,True,2-6-8-46-4-5-1-100|12-14-47-17-16-11-10-9|23-21-48-18-19-49-22|33-32-30-28-26-27-29-34|41-38-39-42-44-43-40-36-37|51-89-63-85-50-62|65-77-58-75-97|82-52-86-87-74-24-20-66|81-70-68|98-88-79-73-78-53|94-93-71-72-54-96|92-67-95-90|56-84-64-91-80|57-60-7-45-55|99-25-76-83|35-61-69-13|59-31|15-3
317,15,1990.3325,161.1855,78.0,236.9096,0,15,233.886489,234.133288,True,69-98-88-60-73-7-8-46-6-55|52-58-25-23-48-49-22-83|67-33-32-30-26-27-29-31-34-93|16-40-35-37-54|64-51-89-63-85-62-95-91|65-57-86-59-97-75-77|82-99-9-87-74-24-20-66|61-72-38-39-44-43-42-41-68|28-84-56-4|12-78-81-96-94-92-80|53-15-79-2-100-70|11-45-3-10-13|36-1-5-47-17-14|76-50-71|90-21-18-19
318,15,1990.3325,161.1855,78.0,236.9096,0,15,233.886489,234.133288,True,69-98-88-60-73-7-8-46-6-55|52-58-25-23-48-49-22-83|67-33-32-30-26-27-29-31-34-93|16-40-35-37-54|64-51-89-63-85-62-95-91|65-57-86-59-97-75-77|82-99-9-87-74-24-20-66|61-72-38-39-44-43-42-41-68|28-84-56-4|12-78-81-96-94-92-80|53-15-79-2-100-70|11-45-3-10-13|36-1-5-47-17-14|76-50-71|90-21-18-19
319,20,1995.502,540.5188,177.0,212.1021,0,20,235.437326,235.750254,True,2-6-7-46-4-45-5-3-1-100|12-14-47-17-16-15-11-10-9|83-25-23-21-19-22|33-32-26-27-29-31-34|41-38-35-36-40-43-39-42|64-76-89-63-50-62-91|65-57-77-58-75-97|82-99-52-66|81-61-70-68|69-98-88-53-78-73-79-60|72-71-93-96|92-67-95-56-90|13-59-74-48|55-20-80|85-37-54|8-44|94-28-30|84-51-86-24|18-49|87
320,20,1995.502,540.5188,177.0,212.1021,0,20,235.437326,235.750254,True,2-6-7-46-4-45-5-3-1-100|12-14-47-17-16-15-11-10-9|83-25-23-21-19-22|33-32-26-27-29-31-34|41-38-35-36-40-43-39-42|64-76-89-63-50-62-91|65-57-77-58-75-97|82-99-52-66|81-61-70-68|69-98-88-53-78-73-79-60|72-71-93-96|92-67-95-56-90|13-59-74-48|55-20-80|85-37-54|8-44|94-28-30|84-51-86-24|18-49|87
321,19,2005.8955,352.7484,151.0,207.3288,0,19,238.555373,238.839638,True,8-46-45-5-3-100|14-17-16-15-13-9-10|83-25-23-48-19-49-22|33-32-30-26-27-31-34-80|41-38-35-40-43-39-42|64-51-76-63-85-50-62-91|65-57-58-75-97-59|82-99-52-86-74-20|90-73-79-70-68|69-98-53-78-60-88-55|61-72-54-93-96|92-95-67-94|12-47-2-36|11-24-56-66|6-4-1-44-37|84-28-29|77-21-18-89|71-81-7|87
322,19,2005.8955,352.7484,151.0,207.3288,0,19,238.555373,238.839638,True,8-46-45-5-3-100|14-17-16-15-13-9-10|83-25-23-48-19-49-22|33-32-30-26-27-31-34-80|41-38-35-40-43-39-42|64-51-76-63-85-50-62-91|65-57-58-75-97-59|82-99-52-86-74-20|90-73-79-70-68|69-98-53-78-60-88-55|61-72-54-93-96|92-95-67-94|12-47-2-36|11-24-56-66|6-4-1-44-37|84-28-29|77-21-18-89|71-81-7|87
323,19,2045.0326,427.5978,140.0,218.7305,0,19,250.296499,250.604343,True,2-7-46-4-5-3-1-100|9-15-16-17-47-11-10|83-23-21-48-19-49-22|33-32-28-26-27-29|70-42-44-43-36-35|64-51-76-89-63-85-50-62-91|65-57-77-75-58|82-99-86-87-74-24-20-66|81-61-39-41-54-68|69-98-88-53-78-73-79-60-55|94-93-71-96|92-67-95-84-56|45-14-13-52-59|12-6-72-80|90-30-31-34|8-25|38-37-40|97|18
324,19,2045.0326,427.5978,140.0,218.7305,0,19,250.296499,250.604343,True,2-7-46-4-5-3-1-100|9-15-16-17-47-11-10|83-23-21-48-19-49-22|33-32-28-26-27-29|70-42-44-43-36-35|64-51-76-89-63-85-50-62-91|65-57-77-75-58|82-99-86-87-74-24-20-66|81-61-39-41-54-68|69-98-88-53-78-73-79-60-55|94-93-71-96|92-67-95-84-56|45-14-13-52-59|12-6-72-80|90-30-31-34|8-25|38-37-40|97|18
325,20,2073.8979,414.8066,70.0,211.1266,0,20,258.956081,259.262826,True,2-6-8-46-5-1-100|47-17-15-11|25-21-19-49-22|33-32-30-28-29-31-96|41-37-35-40-43-42|64-51-76-63-62-91|65-77-58-75-97|99-52-86-74-24-20|81-61-70-68|88-53-78-73-79-55|94-93-72-54|92-67-84-56-90|69-57-18-83-66-80|71-95-9-16-14|50-26-27-34|3-36-39|38-44-45-60|98-13-59-87-82|23-48-89-85|4-7-12-10
326,20,2073.8979,414.8066,70.0,211.1266,0,20,258.956081,259.262826,True,2-6-8-46-5-1-100|47-17-15-11|25-21-19-49-22|33-32-30-28-29-31-96|41-37-35-40-43-42|64-51-76-63-62-91|65-77-58-75-97|99-52-86-74-24-20|81-61-70-68|88-53-78-73-79-55|94-93-72-54|92-67-84-56-90|69-57-18-83-66-80|71-95-9-16-14|50-26-27-34|3-36-39|38-44-45-60|98-13-59-87-82|23-48-89-85|4-7-12-10
327,19,2126.2878,358.9762,147.0,217.3288,0,19,274.673058,274.995475,True,2-6-7-8-46-4-3-1-100|12-47-17-16-15-13|20-19-21-23-24|33-32-30-26-27-29-31-34-80|41-39-35-36-40-43-44-54|76-89-85-50-62-91|65-57-58-97-59-74|69-60-79-78-53|86-87-99-90|71-81-61-38-72-96|83-92-94-93-95-56|82-45-5-70-42-37|88-52-67-84-63|25-48-77-75-55|14-22-49-51-66|68-9|28-98|73-11-10|64-18
328,19,2126.2878,358.9762,147.0,217.3288,0,19,274.673058,274.995475,True,2-6-7-8-46-4-3-1-100|12-47-17-16-15-13|20-19-21-23-24|33-32-30-26-27-29-31-34-80|41-39-35-36-40-43-44-54|76-89-85-50-62-91|65-57-58-97-59-74|69-60-79-78-53|86-87-99-90|71-81-61-38-72-96|83-92-94-93-95-56|82-45-5-70-42-37|88-52-67-84-63|25-48-77-75-55|14-22-49-51-66|68-9|28-98|73-11-10|64-18
329,20,2180.9288,318.7587,129.0,215.4128,0,20,291.06538,291.396369,True,2-6-8-46-4-3-100|9-13-15-17-47-11-10|83-25-23-48-19-49-22|33-32-26-27-29-31-34-80|41-42-44-40-36-37-72|64-76-89-63-50-91|65-77-58-75-97|82-99-52-87-74-20|38-39-61-68|69-98-88-79-73-78-53|94-93-71-96|92-67-84-90|81-62-95-66|51-24-14-60|70-5-43|21-57-45-1|12-55-35-54|28-30-85-56|7-16-59|86-18
330,20,2180.9288,318.7587,129.0,215.4128,0,20,291.06538,291.396369,True,2-6-8-46-4-3-100|9-13-15-17-47-11-10|83-25-23-48-19-49-22|33-32-26-27-29-31-34-80|41-42-44-40-36-37-72|64-76-89-63-50-91|65-77-58-75-97|82-99-52-87-74-20|38-39-61-68|69-98-88-79-73-78-53|94-93-71-96|92-67-84-90|81-62-95-66|51-24-14-60|70-5-43|21-57-45-1|12-55-35-54|28-30-85-56|7-16-59|86-18
331,21,2183.9647,393.015,142.0,202.2763,0,21,291.976141,292.318809,True,2-6-46-4-45-5-3-1-100|14-47-17-15-11-10|25-23-48-18-19-49-22|33-32-27-29-34-80|44-39-40-36-35-37|64-51-89-63-85-50-91|65-58-75-97-59|82-99-86-24-20|70-68|69-98-88-60-79-73-78|94-93-71-72-54|67-95-56-90|7-43-42-41-55|12-16-21-83-66|52-30-62-92|53-61-38-96|57-77-74-13|9-8|28-26-31|81-84|76-87
332,21,2183.9647,393.015,142.0,202.2763,0,21,291.976141,292.318809,True,2-6-46-4-45-5-3-1-100|14-47-17-15-11-10|25-23-48-18-19-49-22|33-32-27-29-34-80|44-39-40-36-35-37|64-51-89-63-85-50-91|65-58-75-97-59|82-99-86-24-20|70-68|69-98-88-60-79-73-78|94-93-71-72-54|67-95-56-90|7-43-42-41-55|12-16-21-83-66|52-30-62-92|53-61-38-96|57-77-74-13|9-8|28-26-31|81-84|76-87
333,19,2198.5551,319.4823,124.0,220.7207,0,19,296.353248,296.689631,True,2-7-8-4-45-5-3-100|98-14-47-17-13-9|25-23-48-18-49-20|34-29-27-30-32-80|41-39-40-37-54|51-89-63-85-50-62-56|65-57-74-59-97|88-60-73-79-55-70-68|82-11-86-87-99-90|92-67-81-72-38|84-95-93-94-83-66|61-58-75-77|46-6-42-36-35|24-21-19-31-91|12-1-43-44-96|52-78-16-15-10|69-64-33-26-28|53-71|22-76
334,19,2198.5551,319.4823,124.0,220.7207,0,19,296.353248,296.689631,True,2-7-8-4-45-5-3-100|98-14-47-17-13-9|25-23-48-18-49-20|34-29-27-30-32-80|41-39-40-37-54|51-89-63-85-50-62-56|65-57-74-59-97|88-60-73-79-55-70-68|82-11-86-87-99-90|92-67-81-72-38|84-95-93-94-83-66|61-58-75-77|46-6-42-36-35|24-21-19-31-91|12-1-43-44-96|52-78-16-15-10|69-64-33-26-28|53-71|22-76
335,19,2202.1643,266.3871,160.0,219.2377,0,19,297.436005,297.768883,True,2-6-7-46-4-5-3-1|12-14-47-15-13-9|18-48-19-49-22|33-32-28-26-29-34|39-42-44-43-40-36-37-54|64-51-76-89-63-85-50-91|65-52-57-58-75-97-59-74|88-53-78-73-79-60-55-68|82-11-86-87-90|92-71-72-61-81-96|93-67-95-84-66|31-27-62-56-80|21-94-70-45|98-100-83-24-25-77|8-35-41|38-69-99-17|16-10-23|20|30
336,19,2202.1643,266.3871,160.0,219.2377,0,19,297.436005,297.768883,True,2-6-7-46-4-5-3-1|12-14-47-15-13-9|18-48-19-49-22|33-32-28-26-29-34|39-42-44-43-40-36-37-54|64-51-76-89-63-85-50-91|65-52-57-58-75-97-59-74|88-53-78-73-79-60-55-68|82-11-86-87-90|92-71-72-61-81-96|93-67-95-84-66|31-27-62-56-80|21-94-70-45|98-100-83-24-25-77|8-35-41|38-69-99-17|16-10-23|20|30
337,19,2218.8588,275.0244,143.0,220.1326,0,19,302.444352,302.781968,True,2-6-7-46-4-5-3-1|12-14-47-15-13-9-82|18-48-19-49-22|33-32-28-26-29-34-93|39-44-43-40-36-37|64-51-76-89-63-85-50-91|65-57-58-75-97-59-74|53-78-73-79-60-55-68|11-87-99-90|92-81-61-96|67-95-84-66|31-27-62-56-80|98-83-24-52-17-100|21-94-70-45|25-20|41-77|69-88-8-42-35-54|23-86-16-10|38-72-71-30
338,19,2218.8588,275.0244,143.0,220.1326,0,19,302.444352,302.781968,True,2-6-7-46-4-5-3-1|12-14-47-15-13-9-82|18-48-19-49-22|33-32-28-26-29-34-93|39-44-43-40-36-37|64-51-76-89-63-85-50-91|65-57-58-75-97-59-74|53-78-73-79-60-55-68|11-87-99-90|92-81-61-96|67-95-84-66|31-27-62-56-80|98-83-24-52-17-100|21-94-70-45|25-20|41-77|69-88-8-42-35-54|23-86-16-10|38-72-71-30
339,19,2281.5557,198.6508,143.0,219.2377,0,19,321.253433,321.598268,True,2-6-7-46-4-5-3-1|12-14-47-15-13-9|18-48-19-49-22|33-32-28-26-29-34|39-42-44-43-40-36-37-54|64-51-76-89-63-85-50-91|65-52-57-58-75-97-59-74|88-53-78-73-79-60-55-68|82-11-86-87-90|92-61-81-72-71-96|93-67-95-84-66|62-27-31-56-80|98-83-24-17-100|21-94-70-45|99-25-20|41-77|69-8-35|23-16-10|38-30
340,19,2281.5557,198.6508,143.0,219.2377,0,19,321.253433,321.598268,True,2-6-7-46-4-5-3-1|12-14-47-15-13-9|18-48-19-49-22|33-32-28-26-29-34|39-42-44-43-40-36-37-54|64-51-76-89-63-85-50-91|65-52-57-58-75-97-59-74|88-53-78-73-79-60-55-68|82-11-86-87-90|92-61-81-72-71-96|93-67-95-84-66|62-27-31-56-80|98-83-24-17-100|21-94-70-45|99-25-20|41-77|69-8-35|23-16-10|38-30
341,18,2283.08,392.0272,73.0,237.0428,0,18,321.71072,322.08039,True,1-6-7-73-12|2-60-88-81-54-96|68-61-43-42|39-40-99-52-59|84-49-25-83|27-30-32-76-20-66|93-72-35-36-37-41|22-87-9-10-55|98-56-63-50-62-91|90-65-57-77-21-48|82-92-31-94|78-47-15-13-11-14|64-86-74-97|69-53-16-17-46-45-70|95-85-33-28-26-29-34-80|38-71-67-19-23-24|44-79-8-5-3-4-100|51-89-18-75-58
342,18,2283.08,392.0272,73.0,237.0428,0,18,321.71072,322.08039,True,1-6-7-73-12|2-60-88-81-54-96|68-61-43-42|39-40-99-52-59|84-49-25-83|27-30-32-76-20-66|93-72-35-36-37-41|22-87-9-10-55|98-56-63-50-62-91|90-65-57-77-21-48|82-92-31-94|78-47-15-13-11-14|64-86-74-97|69-53-16-17-46-45-70|95-85-33-28-26-29-34-80|38-71-67-19-23-24|44-79-8-5-3-4-100|51-89-18-75-58
343,19,2320.3872,300.5627,149.0,217.7994,0,19,332.902898,333.275053,True,6-7-4-45-5-3-1|88-12-47-16-15-13-9-10-14|49-23-24|33-32-28-27-29-34|39-44-43-40-36-35-37-54|64-51-76-89-63-85-62-56|65-52-57-77-75-59-74|69-98-78-73-79-60-70-68|82-11-86-87-90|83-81-61-38-72-96|71-93-94-95-84-20|25-53-100-42|67-21-66-80-55|17-91-50|22-48-58-97|46-99-92|41-31-26-30|2-19-18|8
344,19,2320.3872,300.5627,149.0,217.7994,0,19,332.902898,333.275053,True,6-7-4-45-5-3-1|88-12-47-16-15-13-9-10-14|49-23-24|33-32-28-27-29-34|39-44-43-40-36-35-37-54|64-51-76-89-63-85-62-56|65-52-57-77-75-59-74|69-98-78-73-79-60-70-68|82-11-86-87-90|83-81-61-38-72-96|71-93-94-95-84-20|25-53-100-42|67-21-66-80-55|17-91-50|22-48-58-97|46-99-92|41-31-26-30|2-19-18|8
345,21,2331.795,349.879,123.0,217.7744,0,21,336.325229,336.7062,True,2-6-8-46-4-45-5-3-100|14-47-17-15-13-10|25-48-18-19-49-22|33-30-26-31-34-80|44-39-40-36-37-54|76-63-85-50-91|77-58-75-97|88-53-73-70-68|82-11-87-90|92-67-71-61-38-72|93-94-95-84-56|60-52-74-83-66|62-32-96-41-42|65-64-57-99-1|69-98-16-12-35|51-89-28-27-29|59-21-23-24-20|43-55|86-9-78|81-7|79
346,21,2331.795,349.879,123.0,217.7744,0,21,336.325229,336.7062,True,2-6-8-46-4-45-5-3-100|14-47-17-15-13-10|25-48-18-19-49-22|33-30-26-31-34-80|44-39-40-36-37-54|76-63-85-50-91|77-58-75-97|88-53-73-70-68|82-11-87-90|92-67-71-61-38-72|93-94-95-84-56|60-52-74-83-66|62-32-96-41-42|65-64-57-99-1|69-98-16-12-35|51-89-28-27-29|59-21-23-24-20|43-55|86-9-78|81-7|79
347,16,2347.5053,240.7826,77.0,239.1166,0,16,341.038308,341.40473,True,1-7-73-12-83-66|42-39-40-81-52-59|84-51-49-25-100|11-65-93-72-37-43|22-87-9-10-55-70|88-98-90-56-63-50-62-91|95-82-99-57-77-21-48|61-5-78-47-15-13-14|64-86-74-58-75-97|69-53-16-17-46-45-4|92-85-33-30-28-26-29-34-80|38-71-67-19-23-24|76-18-20-94-96-54-68|79-8-44-41-35|60-6-2-3-36|31-27-32-89
348,16,2347.5053,240.7826,77.0,239.1166,0,16,341.038308,341.40473,True,1-7-73-12-83-66|42-39-40-81-52-59|84-51-49-25-100|11-65-93-72-37-43|22-87-9-10-55-70|88-98-90-56-63-50-62-91|95-82-99-57-77-21-48|61-5-78-47-15-13-14|64-86-74-58-75-97|69-53-16-17-46-45-4|92-85-33-30-28-26-29-34-80|38-71-67-19-23-24|76-18-20-94-96-54-68|79-8-44-41-35|60-6-2-3-36|31-27-32-89
349,22,2394.8474,333.5467,116.0,213.812,0,22,355.240943,355.637386,True,12-14-47-15-13-9|18-48-19-49-22|33-32-28-26-29-34|44-42-39-40-36-37-54|64-51-76-89-63-85-50-91|65-52-57-58-75-97-59-74|53-78-73|82-11-86-87-90|92-71-72-96-81|93-67-95-84-66|31-27-62-56-80|24-83-98-17|21-94|99-25-20|41-77|69-35|23-16-10|38-30|79-46-4-70-68|60-2-45-5-1-100|88-55-61-43|6-7-8-3
350,22,2394.8474,333.5467,116.0,213.812,0,22,355.240943,355.637386,True,12-14-47-15-13-9|18-48-19-49-22|33-32-28-26-29-34|44-42-39-40-36-37-54|64-51-76-89-63-85-50-91|65-52-57-58-75-97-59-74|53-78-73|82-11-86-87-90|92-71-72-96-81|93-67-95-84-66|31-27-62-56-80|24-83-98-17|21-94|99-25-20|41-77|69-35|23-16-10|38-30|79-46-4-70-68|60-2-45-5-1-100|88-55-61-43|6-7-8-3
351,21,2432.9342,402.7221,95.0,227.0784,0,21,366.666991,367.084826,True,2-4-46-8-7-6-100|12-14-47-17-16-15-13|83-25-23-21-18-49-93|34-31-29-27-26-32-80|70-42-44-43-35-37-72|64-51-76-63|98-88-60-73-78-53-55-68|94-84-90|99-59-87-74|71-38-39-54-66|97-75-58|69-52-77-48-20-24|40-96-50-56-91|22-82-9-11|45-41-95-92|61-1-57|79-5-3-36|62-28-33-85-89|65-19-67|81-86|30-10
352,21,2432.9342,402.7221,95.0,227.0784,0,21,366.666991,367.084826,True,2-4-46-8-7-6-100|12-14-47-17-16-15-13|83-25-23-21-18-49-93|34-31-29-27-26-32-80|70-42-44-43-35-37-72|64-51-76-63|98-88-60-73-78-53-55-68|94-84-90|99-59-87-74|71-38-39-54-66|97-75-58|69-52-77-48-20-24|40-96-50-56-91|22-82-9-11|45-41-95-92|61-1-57|79-5-3-36|62-28-33-85-89|65-19-67|81-86|30-10
353,20,2464.787,254.2381,140.0,219.3315,0,20,376.222818,376.630975,True,2-6-8-4-3-1|12-47-16-15-9|25-23-21-18-19-22|67-29-26-32-33-80|41-38-37-36-39-43-42|64-51-76-85-84-91|65-99-52-86-87-74-20-66|69-98-88-53-73-79-60-70-68|95-71-94-81-61-90|58-97|92-62-27-93-96-54|13-77-48-56|57-78-100-55|82-24-89-63-83|59-75-14-45|72-35-40-44-5|28-50-17|10-11-46|7-31-34|30-49
354,20,2464.787,254.2381,140.0,219.3315,0,20,376.222818,376.630975,True,2-6-8-4-3-1|12-47-16-15-9|25-23-21-18-19-22|67-29-26-32-33-80|41-38-37-36-39-43-42|64-51-76-85-84-91|65-99-52-86-87-74-20-66|69-98-88-53-73-79-60-70-68|95-71-94-81-61-90|58-97|92-62-27-93-96-54|13-77-48-56|57-78-100-55|82-24-89-63-83|59-75-14-45|72-35-40-44-5|28-50-17|10-11-46|7-31-34|30-49
355,23,2475.2732,356.9947,121.0,198.6844,0,23,379.368678,379.791297,True,4-46-45-5-3-100|9-13-15-17-11-10|83-25-23-18-49|33-32-28-29-34-80|42-39-37-35-36-40-43|51-76-89-63-85-91|77-75-97|82-52-86-74-24-20-66|81-61|69-88-73-79-55|94-72-54-96|67-95-84-56|31-26-30-62|65-93-70-68|38-44-1-14|98-47-59-60|58-64-50-92|90-53-6-2|78-21-48-19|27-41|16-12-99-57|7-8-22|71-87
356,23,2475.2732,356.9947,121.0,198.6844,0,23,379.368678,379.791297,True,4-46-45-5-3-100|9-13-15-17-11-10|83-25-23-18-49|33-32-28-29-34-80|42-39-37-35-36-40-43|51-76-89-63-85-91|77-75-97|82-52-86-74-24-20-66|81-61|69-88-73-79-55|94-72-54-96|67-95-84-56|31-26-30-62|65-93-70-68|38-44-1-14|98-47-59-60|58-64-50-92|90-53-6-2|78-21-48-19|27-41|16-12-99-57|7-8-22|71-87
357,21,2532.5311,338.8326,94.0,228.2718,0,21,396.54607,396.98428,True,64-82-11-13-74|69-96|98-14-15-9-10|88-73-8-46-4-45-1|22-19-63-84-95-56|12-78-60-6-3-100|72-35-38-39-42|34-30-50|25-23-89-76-85|52-86-87-97-75-77|31-27-28-33-62|58-18-49-20-24-83-66|47-57-94-93|92-51-91-80-65-70-68|55-79-2-5|48-32-26-29-54|67-36-44-41|16-17-43-37|61-71-90-99-59|7-53-21|40-81
358,21,2532.5311,338.8326,94.0,228.2718,0,21,396.54607,396.98428,True,64-82-11-13-74|69-96|98-14-15-9-10|88-73-8-46-4-45-1|22-19-63-84-95-56|12-78-60-6-3-100|72-35-38-39-42|34-30-50|25-23-89-76-85|52-86-87-97-75-77|31-27-28-33-62|58-18-49-20-24-83-66|47-57-94-93|92-51-91-80-65-70-68|55-79-2-5|48-32-26-29-54|67-36-44-41|16-17-43-37|61-71-90-99-59|7-53-21|40-81
359,25,2834.4288,400.7114,106.0,224.9121,0,25,487.115375,487.655332,True,2-7-5-3-1|12-14-47-15-9|18-48-19-49-22|33-32-28-26-29-34|42-43-40-36-37-54|64-51-76-89-85-91|65-52-74-59-97-58-57|88-53-78-73-79-60-68|11-86-87-90|61-81-96|93-95-84|31-27-62-56|24-83-98-17-100|21-94-70|99-25|41|69-8-35|23-16-10|38-30|45-72-71-80|82-92-39-44-55|66-20-77|63-67-4-46|13-6|75-50
360,25,2834.4288,400.7114,106.0,224.9121,0,25,487.115375,487.655332,True,2-7-5-3-1|12-14-47-15-9|18-48-19-49-22|33-32-28-26-29-34|42-43-40-36-37-54|64-51-76-89-85-91|65-52-74-59-97-58-57|88-53-78-73-79-60-68|11-86-87-90|61-81-96|93-95-84|31-27-62-56|24-83-98-17-100|21-94-70|99-25|41|69-8-35|23-16-10|38-30|45-72-71-80|82-92-39-44-55|66-20-77|63-67-4-46|13-6|75-50
