Rank,Z1_Vehicles,Z2_Distance,Z3_WaitTime,Z4_LoadBalance,Z5_Makespan,Unserved,Num_Routes,ASF,ASF_aug,In_ROI,Routes
1,4,832.2426,1133.9438,298.0,947.4044,0,4,117.686018,117.806799,True,69-90-65-82-10-11-15-16-17-47-14-12-78-73-79-60-53-98-88-55|91-92-56-64-51-85-63-89-76-18-23-21-48-19-49-20-22-99-86-87-9-13-74-59-97-75-58-77-25-24-57-52-83-66|61-81-54-72-41-44-42-39-38-37-35-36-40-43-1-3-5-45-8-46-4-7-6-2-100-70-68|96-71-93-94-67-62-50-34-31-29-27-26-28-30-32-33-84-95-80
2,4,837.398,1199.203,273.0,944.0663,0,4,127.474898,127.604014,True,69-82-65-52-10-11-15-16-17-47-14-12-78-73-79-60-53-98-88-55|91-56-64-51-85-63-89-76-18-23-21-48-19-49-22-24-99-86-87-9-13-74-59-97-75-58-77-25-20-57-83-66-90|81-54-72-41-39-35-36-37-38-40-43-44-42-1-3-5-45-8-46-4-7-6-2-100-70-61-68|80-92-67-62-50-34-31-29-27-26-28-30-32-33-84-95-94-93-71-96
3,4,840.0692,1357.9507,287.0,912.7453,0,4,151.287056,151.437488,True,69-82-10-11-15-16-17-47-14-12-78-73-79-60-53-98-88-55|80-91-92-94-67-62-95-56-64-83-99-52-86-87-9-13-74-59-97-75-58-77-25-57-65-90|96-54-41-38-39-42-44-43-1-3-5-45-8-46-4-7-6-2-100-70-68|66-24-22-20-49-19-23-21-48-18-89-76-51-84-85-63-33-32-30-28-26-27-29-31-34-50-93-71-72-37-35-36-40-61-81
4,4,841.3426,1317.4507,235.0,934.2571,0,4,145.212054,145.35482,True,69-82-10-11-15-16-17-47-14-12-78-73-79-60-53-98-88-55|66-64-51-85-63-89-76-18-23-21-48-19-49-20-57-99-52-87-9-13-86-74-59-97-75-58-77-25-24-22-83-65-90|61-41-38-39-44-43-1-3-5-45-46-8-7-6-4-2-100-70-68|80-91-92-95-67-62-50-34-31-29-27-26-28-30-32-33-84-56-94-93-71-72-37-35-36-40-42-54-96-81
5,4,842.0417,1184.0769,283.0,943.6916,0,4,125.205987,125.335172,True,90-69-82-52-10-11-15-16-17-47-14-12-78-73-79-60-53-98-88-55|91-56-64-24-22-20-49-19-23-21-48-18-89-76-63-85-51-66-99-86-87-9-13-97-59-74-58-75-77-25-57-83-65|81-54-72-41-39-36-35-37-38-40-43-44-42-1-3-5-45-8-46-4-7-6-2-100-70-61-68|80-92-95-67-62-50-34-31-29-27-26-28-30-32-33-84-94-93-71-96
6,4,845.4723,1293.8074,267.0,936.7413,0,4,141.665554,141.809585,True,69-82-10-11-15-16-17-47-14-12-78-73-79-60-53-98-88-55|91-56-66-64-51-85-63-89-76-23-21-48-18-19-49-22-57-99-52-87-9-13-86-74-59-97-75-58-77-25-24-20-83-65-90|96-54-41-38-39-44-43-1-3-5-45-46-8-7-6-4-2-100-70-68|80-92-67-62-50-34-31-29-27-26-28-30-32-33-84-95-94-93-71-72-37-35-36-40-42-61-81
7,4,845.9897,1289.7176,235.0,942.5846,0,4,141.052081,141.19333,True,69-82-10-11-15-16-17-47-14-12-78-73-79-60-53-98-88-55|66-64-51-85-63-89-76-18-23-21-48-19-49-22-24-99-52-87-9-13-86-74-59-97-75-58-77-25-20-57-83-65-90|81-96-54-41-38-39-44-43-1-3-5-45-8-46-4-7-6-2-100-70-68|80-91-92-95-67-62-50-34-31-29-27-26-28-30-32-33-84-56-94-93-71-72-37-35-36-40-42-61
8,4,848.3239,1256.8544,237.0,958.9586,0,4,136.122613,136.262289,True,90-69-82-10-11-15-16-17-47-14-12-78-73-79-60-53-98-88-55|66-64-51-85-63-89-76-18-23-22-24-57-99-52-86-87-9-13-74-59-97-75-58-77-25-21-48-19-49-20-83-65|61-38-39-42-44-43-1-3-5-45-8-46-4-7-6-2-100-70-68|80-91-92-95-62-50-33-32-30-28-26-27-29-31-34-67-84-56-94-93-71-72-37-35-36-40-41-54-96-81
9,3,853.5833,697.5876,83.0,957.2843,0,3,52.23259,52.274003,True,69-98-82-10-11-15-16-17-47-14-12-78-73-79-8-5-3-6-60-53-88-55-7-46-45-1-4-2-100-70-68|80-92-91-64-56-95-62-85-63-89-76-18-23-21-48-19-49-22-24-99-52-87-9-13-86-74-59-97-75-58-77-25-20-57-83-66-65-90|61-42-44-43-40-36-35-37-38-39-41-72-67-84-51-33-32-30-28-26-27-29-31-34-50-71-93-94-96-54-81
10,3,853.5833,697.5876,83.0,957.2843,0,3,52.23259,52.274003,True,69-98-82-10-11-15-16-17-47-14-12-78-73-79-8-5-3-6-60-53-88-55-7-46-45-1-4-2-100-70-68|80-92-91-64-56-95-62-85-63-89-76-18-23-21-48-19-49-22-24-99-52-87-9-13-86-74-59-97-75-58-77-25-20-57-83-66-65-90|61-42-44-43-40-36-35-37-38-39-41-72-67-84-51-33-32-30-28-26-27-29-31-34-50-71-93-94-96-54-81
11,4,856.5349,1290.756,240.0,939.2073,0,4,141.20784,141.352402,True,69-82-10-11-15-16-17-47-14-12-78-73-79-60-53-99-98-88-55|91-56-64-51-85-63-89-76-18-23-21-48-19-49-22-24-57-52-86-87-9-13-74-59-97-75-58-77-25-20-83-66-65-90|61-41-38-39-42-44-43-1-3-5-45-46-8-7-6-4-2-100-70-68|80-92-67-62-50-34-31-29-27-26-28-30-32-33-84-95-94-93-71-72-37-35-36-40-54-96-81
12,4,859.167,1198.2826,267.0,956.043,0,4,127.336835,127.473541,True,69-82-10-11-15-16-17-47-14-12-78-73-79-60-53-98-88-55|91-56-64-51-85-63-89-76-18-23-21-48-19-49-20-22-99-86-87-9-13-52-74-59-97-75-58-77-25-24-57-83-66-65-90|81-96-54-41-38-39-42-44-43-1-3-5-45-8-46-4-7-6-2-100-70-68|80-92-62-50-33-32-30-28-26-27-29-31-34-67-84-95-94-93-71-72-37-35-36-40-61
13,4,859.2998,1183.8801,313.0,941.4063,0,4,125.176463,125.313452,True,69-82-10-11-15-16-17-47-14-12-78-73-79-60-88-53-98|80-91-92-94-67-62-95-56-64-83-99-52-86-87-59-9-13-97-74-58-75-77-25-57-65-90|81-96-54-41-38-39-42-44-1-3-5-45-46-8-7-6-4-2-70-55-100-68|66-24-22-20-49-19-23-21-48-18-89-76-51-84-85-63-33-32-30-28-26-27-29-31-34-50-93-71-72-37-35-36-40-43-61
14,4,859.304,1209.5503,253.0,927.5113,0,4,129.026995,129.159752,True,69-90-65-82-10-11-15-16-17-47-14-12-78-73-79-60-53-98-88-55|91-56-64-51-85-63-89-76-18-23-21-48-19-49-20-22-99-52-87-9-13-86-74-59-97-75-58-77-25-24-57-83-66|61-38-39-42-44-43-1-3-5-45-8-46-4-7-6-2-100-70-68|80-92-62-50-33-32-30-28-26-27-29-31-34-67-84-95-94-93-71-72-37-35-36-40-41-54-96-81
15,4,863.9401,1196.4702,254.0,947.4044,0,4,127.064972,127.200242,True,69-82-10-11-15-16-17-47-14-12-78-73-79-60-53-98-88-55|90-65-56-64-51-85-63-89-76-18-23-21-48-19-49-20-22-99-87-9-13-86-74-59-97-75-58-77-25-24-57-52-83-66|81-96-54-38-39-42-44-43-1-3-5-45-8-46-4-7-6-2-100-70-68|80-91-92-62-50-33-32-30-28-26-27-29-31-34-67-84-95-94-93-71-72-37-35-36-40-41-61
16,4,868.7117,1196.3956,210.0,923.7643,0,4,127.053785,127.182529,True,90-65-82-14-47-17-16-15-11-10-9-12-78-73-79-60-53-98-88-55|91-56-64-51-85-63-89-76-18-23-21-48-19-49-20-57-99-52-86-87-13-74-59-97-75-58-77-25-24-22-83-66|69-61-38-39-42-44-43-1-3-5-45-8-46-4-7-6-2-100-70-68|80-92-62-50-33-32-30-28-26-27-29-31-34-67-84-95-94-93-71-72-37-35-36-40-41-54-96-81
17,4,870.4596,1045.2673,490.0,952.0435,0,4,104.384545,104.523386,True,90-69-82-10-11-15-16-17-47-14-12-78-73-79-8-7-60-53-98-88-55-6-46-45-5-3-1-4-2-100-70-68|91-56-64-51-85-63-89-76-18-23-48-49-22-24-57-99-52-86-87-9-13-74-59-97-75-58-77-25-21-19-20-83-66-65|80-92-67-62-50-34-31-29-27-26-28-30-32-33-84-95-94-93-71-72-37-35-36-40-39-41-54-81|96-38-43-44-42-61
18,4,873.3384,889.8626,389.0,946.0204,0,4,81.073839,81.17923,True,90-69-98-82-52-10-11-12-15-17-73-78-53-60-79-7-8-46-45-5-3-1-4-6-2-88-55-100-70-68|91-56-64-22-20-49-19-23-21-48-18-89-76-63-85-51-83-65-99-86-87-9-14-47-16-13-97-59-74-58-75-77-25-24-57-66|81-54-72-41-39-40-36-35-37-38-43-44-42-61|80-92-95-67-62-50-34-31-29-27-26-28-30-32-33-84-94-93-71-96
19,4,873.3384,889.8626,389.0,946.0204,0,4,81.073839,81.17923,True,90-69-98-82-52-10-11-12-15-17-73-78-53-60-79-7-8-46-45-5-3-1-4-6-2-88-55-100-70-68|91-56-64-22-20-49-19-23-21-48-18-89-76-63-85-51-83-65-99-86-87-9-14-47-16-13-97-59-74-58-75-77-25-24-57-66|81-54-72-41-39-40-36-35-37-38-43-44-42-61|80-92-95-67-62-50-34-31-29-27-26-28-30-32-33-84-94-93-71-96
20,3,876.6462,739.8462,428.0,902.4045,0,3,58.571374,58.652313,True,69-98-12-14-47-17-16-15-11-10-99-82-53-60-78-73-79-7-8-46-5-3-1-45-4-6-2-88-55-100-70-68|90-65-83-66-91-92-62-20-22-49-19-23-21-48-18-89-76-51-84-85-63-33-32-30-28-26-27-29-31-34-50-71-72-37-35-36-40-43-42-41-54-96-94-80|81-61-44-39-38-93-67-95-56-57-52-86-87-9-13-74-59-97-75-58-77-25-24-64
21,3,876.6462,739.8462,428.0,902.4045,0,3,58.571374,58.652313,True,69-98-12-14-47-17-16-15-11-10-99-82-53-60-78-73-79-7-8-46-5-3-1-45-4-6-2-88-55-100-70-68|90-65-83-66-91-92-62-20-22-49-19-23-21-48-18-89-76-51-84-85-63-33-32-30-28-26-27-29-31-34-50-71-72-37-35-36-40-43-42-41-54-96-94-80|81-61-44-39-38-93-67-95-56-57-52-86-87-9-13-74-59-97-75-58-77-25-24-64
22,4,877.3324,1325.678,348.0,902.7406,0,4,146.446152,146.607522,True,69-82-10-11-15-16-17-47-14-12-78-73-79-60-53-98-88-55|80-91-92-94-67-62-95-56-65-64-83-99-52-86-87-9-13-74-59-97-75-58-77-25-57-90|61-68-38-39-42-44-43-1-3-5-45-8-46-4-7-6-2-100-70|66-24-22-20-49-19-23-21-48-18-89-76-51-84-85-63-33-32-30-28-26-27-29-31-34-50-93-71-72-37-35-36-40-41-54-96-81
23,3,880.7298,776.4104,321.0,951.8589,0,3,64.056011,64.140377,True,80-90-69-98-88-60-14-47-17-16-15-11-10-12-53-78-73-79-7-6-8-46-5-3-1-45-4-2-70-55-100-68|91-92-94-62-64-24-22-20-49-19-23-21-48-18-89-76-51-84-85-63-33-32-30-28-26-27-29-31-34-50-93-71-72-37-35-36-40-43-42-41-54-81|61-44-39-38-96-67-95-56-99-52-87-9-13-86-74-59-97-75-58-77-25-57-83-66-65-82
24,3,880.7645,653.913,169.0,942.5846,0,3,45.681403,45.730813,True,69-82-10-11-15-16-17-47-14-12-78-73-79-8-5-3-1-6-60-53-98-88-55-7-46-45-4-2-100-70-68|80-91-92-56-66-64-51-62-50-85-63-89-76-18-23-21-48-19-49-22-24-99-52-87-9-13-86-74-59-97-75-58-77-25-20-57-83-65-90|61-42-44-43-40-36-35-37-38-39-41-67-84-33-32-30-28-26-27-29-31-34-95-94-93-71-72-54-96-81
25,3,880.7645,653.913,169.0,942.5846,0,3,45.681403,45.730813,True,69-82-10-11-15-16-17-47-14-12-78-73-79-8-5-3-1-6-60-53-98-88-55-7-46-45-4-2-100-70-68|80-91-92-56-66-64-51-62-50-85-63-89-76-18-23-21-48-19-49-22-24-99-52-87-9-13-86-74-59-97-75-58-77-25-20-57-83-65-90|61-42-44-43-40-36-35-37-38-39-41-67-84-33-32-30-28-26-27-29-31-34-95-94-93-71-72-54-96-81
26,3,885.0463,769.7693,284.0,941.4063,0,3,63.059836,63.139233,True,80-91-92-94-67-62-95-56-64-83-99-52-86-87-9-10-13-97-59-74-58-75-77-25-57-65-90|88-60-78-12-14-47-17-16-15-11-82-69-61-38-39-44-1-3-5-8-79-73-53-98-55-6-7-46-45-4-2-100-70-68|66-24-22-20-49-19-23-21-48-18-89-76-51-84-85-63-33-32-30-28-26-27-29-31-34-50-93-71-72-37-35-36-40-43-42-41-54-96-81
27,3,885.0463,769.7693,284.0,941.4063,0,3,63.059836,63.139233,True,80-91-92-94-67-62-95-56-64-83-99-52-86-87-9-10-13-97-59-74-58-75-77-25-57-65-90|88-60-78-12-14-47-17-16-15-11-82-69-61-38-39-44-1-3-5-8-79-73-53-98-55-6-7-46-45-4-2-100-70-68|66-24-22-20-49-19-23-21-48-18-89-76-51-84-85-63-33-32-30-28-26-27-29-31-34-50-93-71-72-37-35-36-40-43-42-41-54-96-81
28,3,886.798,768.0176,284.0,941.4063,0,3,62.797081,62.876741,True,80-91-92-94-67-62-95-56-64-83-99-52-86-87-9-10-13-97-59-74-58-75-77-25-57-65-90|98-12-14-47-17-16-15-11-82-69-61-38-39-44-1-3-8-79-73-78-53-60-7-6-46-5-45-4-2-88-55-100-70-68|66-24-22-20-49-19-23-21-48-18-89-76-51-84-85-63-33-32-30-28-26-27-29-31-34-50-93-71-72-37-35-36-40-43-42-41-54-96-81
29,3,888.5102,766.3054,284.0,941.4063,0,3,62.540255,62.620171,True,80-91-92-94-67-62-95-56-64-83-99-52-86-87-9-10-13-97-59-74-58-75-77-25-57-65-90|98-78-73-12-14-47-17-16-15-11-82-69-61-38-39-44-1-3-5-8-79-60-53-88-55-6-7-46-45-4-2-100-70-68|66-24-22-20-49-19-23-21-48-18-89-76-51-84-85-63-33-32-30-28-26-27-29-31-34-50-93-71-72-37-35-36-40-43-42-41-54-96-81
30,3,888.9488,765.8668,284.0,941.4063,0,3,62.474463,62.554445,True,80-91-92-94-67-62-95-56-64-83-99-52-86-87-9-10-13-97-59-74-58-75-77-25-57-65-90|88-60-73-78-12-14-47-17-16-15-11-82-69-61-38-39-44-1-3-5-45-8-79-53-98-55-6-7-46-4-2-100-70-68|66-24-22-20-49-19-23-21-48-18-89-76-51-84-85-63-33-32-30-28-26-27-29-31-34-50-93-71-72-37-35-36-40-43-42-41-54-96-81
31,3,888.9488,765.8668,284.0,941.4063,0,3,62.474463,62.554445,True,80-91-92-94-67-62-95-56-64-83-99-52-86-87-9-10-13-97-59-74-58-75-77-25-57-65-90|88-60-73-78-12-14-47-17-16-15-11-82-69-61-38-39-44-1-3-5-45-8-79-53-98-55-6-7-46-4-2-100-70-68|66-24-22-20-49-19-23-21-48-18-89-76-51-84-85-63-33-32-30-28-26-27-29-31-34-50-93-71-72-37-35-36-40-43-42-41-54-96-81
32,3,889.3899,765.4256,318.0,941.4063,0,3,62.408293,62.491741,True,80-91-92-94-67-62-95-56-83-99-52-86-87-9-10-13-97-59-74-58-75-77-25-57-65-90|98-78-73-12-14-47-17-16-15-11-82-69-61-38-39-44-1-3-5-8-79-60-53-88-55-6-7-46-45-4-2-100-70-68|66-64-24-22-20-49-19-23-21-48-18-89-76-51-84-85-63-33-32-30-28-26-27-29-31-34-50-93-71-72-37-35-36-40-43-42-41-54-96-81
33,3,889.3899,765.4256,318.0,941.4063,0,3,62.408293,62.491741,True,80-91-92-94-67-62-95-56-83-99-52-86-87-9-10-13-97-59-74-58-75-77-25-57-65-90|98-78-73-12-14-47-17-16-15-11-82-69-61-38-39-44-1-3-5-8-79-60-53-88-55-6-7-46-45-4-2-100-70-68|66-64-24-22-20-49-19-23-21-48-18-89-76-51-84-85-63-33-32-30-28-26-27-29-31-34-50-93-71-72-37-35-36-40-43-42-41-54-96-81
34,3,889.942,764.8736,284.0,941.4063,0,3,62.325479,62.405611,True,80-91-92-94-67-62-95-56-64-83-99-52-86-87-9-10-13-97-59-74-58-75-77-25-57-65-90|88-78-73-12-14-47-17-16-15-11-82-69-61-38-39-44-1-3-5-8-79-60-53-98-55-6-7-46-45-4-2-100-70-68|66-24-22-20-49-19-23-21-48-18-89-76-51-84-85-63-33-32-30-28-26-27-29-31-34-50-93-71-72-37-35-36-40-43-42-41-54-96-81
35,3,889.977,689.233,157.0,956.1988,0,3,50.9794,51.037715,True,80-56-64-51-85-63-89-76-23-21-48-19-49-22-24-57-99-52-87-9-13-86-74-59-97-75-58-77-25-18-20-83-66-65-90|98-88-60-73-78-12-14-47-17-16-15-11-10-82-69-44-38-41-61-53-79-7-8-46-45-5-3-1-4-6-2-55-100-70-68|91-92-67-62-50-34-31-29-27-26-28-30-32-33-84-95-94-93-71-72-39-37-35-36-40-43-42-54-96-81
36,3,889.977,689.233,157.0,956.1988,0,3,50.9794,51.037715,True,80-56-64-51-85-63-89-76-23-21-48-19-49-22-24-57-99-52-87-9-13-86-74-59-97-75-58-77-25-18-20-83-66-65-90|98-88-60-73-78-12-14-47-17-16-15-11-10-82-69-44-38-41-61-53-79-7-8-46-45-5-3-1-4-6-2-55-100-70-68|91-92-67-62-50-34-31-29-27-26-28-30-32-33-84-95-94-93-71-72-39-37-35-36-40-43-42-54-96-81
37,3,891.0665,460.7723,196.0,956.1988,0,3,16.710287,16.738559,True,91-92-56-64-51-85-63-89-76-23-21-48-19-49-22-24-57-99-52-87-9-10-13-86-74-59-97-75-58-77-25-18-20-83-66-65-90|82-98-88-60-78-12-14-47-17-16-15-11-69-61-41-38-39-44-42-53-73-79-7-8-46-45-5-3-1-4-6-2-55-100-70-68|81-96-54-43-40-36-35-37-72-71-93-94-67-62-50-34-31-29-27-26-28-30-32-33-84-95-80
38,3,891.0665,460.7723,196.0,956.1988,0,3,16.710287,16.738559,True,91-92-56-64-51-85-63-89-76-23-21-48-19-49-22-24-57-99-52-87-9-10-13-86-74-59-97-75-58-77-25-18-20-83-66-65-90|82-98-88-60-78-12-14-47-17-16-15-11-69-61-41-38-39-44-42-53-73-79-7-8-46-45-5-3-1-4-6-2-55-100-70-68|81-96-54-43-40-36-35-37-72-71-93-94-67-62-50-34-31-29-27-26-28-30-32-33-84-95-80
39,3,891.8794,721.3612,436.0,906.4545,0,3,55.798625,55.882768,True,90-69-98-12-14-47-17-16-15-11-10-99-82-53-60-78-73-79-7-8-46-6-2-1-3-5-45-4-88-55-100-70-68|65-83-66-91-92-94-62-20-22-24-49-19-23-21-48-18-89-76-51-84-85-63-33-32-30-28-26-27-29-31-34-50-71-72-37-35-36-40-43-42-41-54-96-81|61-44-39-38-93-67-95-56-57-52-86-87-9-13-74-59-97-75-58-77-25-64-80
40,3,892.2766,762.539,304.0,941.4063,0,3,61.975296,62.057778,True,80-91-92-94-67-62-95-56-64-83-99-52-86-87-9-13-97-59-74-58-75-77-25-57-65-90|98-60-73-78-12-14-47-17-16-15-11-10-82-69-61-38-44-43-1-3-45-8-79-53-88-55-6-7-46-5-4-2-100-70-68|66-24-22-20-49-19-23-21-48-18-89-76-51-84-85-63-33-32-30-28-26-27-29-31-34-50-93-71-72-37-35-36-40-39-42-41-54-96-81
41,3,892.6698,751.8034,290.0,931.0639,0,3,60.364957,60.442995,True,80-91-92-94-67-62-95-56-64-83-99-52-86-87-9-10-13-97-59-74-58-75-77-25-57-65|90-82-78-73-12-14-47-17-16-15-11-69-61-38-39-44-1-3-5-45-8-79-60-53-98-88-55-6-7-46-4-2-100-70-68|66-24-22-20-49-19-23-21-48-18-89-76-51-84-85-63-33-32-30-28-26-27-29-31-34-50-93-71-72-37-35-36-40-43-42-41-54-96-81
42,3,893.5459,719.6947,436.0,906.4545,0,3,55.548652,55.633045,True,90-69-98-12-14-47-17-16-15-11-10-99-82-53-60-78-73-79-7-8-46-45-5-3-1-4-6-2-88-55-100-70-68|65-57-83-66-91-92-62-20-22-24-49-19-23-21-48-18-89-76-51-84-85-63-33-32-30-28-26-27-29-31-34-50-71-72-37-35-36-40-43-42-41-54-96-81|61-44-39-38-93-94-67-95-56-52-86-87-9-13-74-59-97-75-58-77-25-64-80
43,3,893.5459,719.6947,436.0,906.4545,0,3,55.548652,55.633045,True,90-69-98-12-14-47-17-16-15-11-10-99-82-53-60-78-73-79-7-8-46-45-5-3-1-4-6-2-88-55-100-70-68|65-57-83-66-91-92-62-20-22-24-49-19-23-21-48-18-89-76-51-84-85-63-33-32-30-28-26-27-29-31-34-50-71-72-37-35-36-40-43-42-41-54-96-81|61-44-39-38-93-94-67-95-56-52-86-87-9-13-74-59-97-75-58-77-25-64-80
44,3,894.4603,677.2534,150.0,931.1566,0,3,49.182457,49.235864,True,66-56-64-51-85-63-89-76-23-21-48-19-49-22-24-57-99-52-87-9-13-86-74-59-97-75-58-77-25-18-20-83-65|90-82-10-12-14-47-17-16-15-11-98-69-41-38-44-88-53-78-73-79-7-8-46-45-5-3-1-2-4-6-60-55-100-70-61-68|80-91-92-67-62-50-34-31-29-27-26-28-30-32-33-84-95-94-93-71-72-39-37-35-36-40-43-42-54-96-81
45,3,894.4603,677.2534,150.0,931.1566,0,3,49.182457,49.235864,True,66-56-64-51-85-63-89-76-23-21-48-19-49-22-24-57-99-52-87-9-13-86-74-59-97-75-58-77-25-18-20-83-65|90-82-10-12-14-47-17-16-15-11-98-69-41-38-44-88-53-78-73-79-7-8-46-45-5-3-1-2-4-6-60-55-100-70-61-68|80-91-92-67-62-50-34-31-29-27-26-28-30-32-33-84-95-94-93-71-72-39-37-35-36-40-43-42-54-96-81
46,4,895.678,1306.1728,300.0,901.3184,0,4,143.520369,143.679303,True,69-82-10-11-15-16-17-47-14-12-78-73-79-60-53-57-98-88-55|80-92-91-62-67-95-56-64-83-99-52-86-87-9-13-74-59-97-75-58-77-25-65-90|96-54-41-38-39-42-44-43-1-3-5-45-8-46-4-7-6-2-100-70-68|66-24-22-20-49-19-23-21-48-18-89-76-51-84-85-63-33-32-30-28-26-27-29-31-34-50-94-93-71-72-37-35-36-40-61-81
47,3,897.6929,712.72,390.0,906.4545,0,3,54.502438,54.582429,True,90-69-98-12-14-47-17-16-15-11-10-99-82-53-60-78-73-79-7-8-46-6-2-1-3-5-45-4-88-55-100-70-68|65-57-83-66-91-92-62-20-22-24-49-19-23-21-48-18-89-76-51-84-85-63-33-32-30-28-26-27-29-31-34-50-93-71-72-37-35-36-40-43-42-41-54-81|61-44-39-38-96-94-67-95-56-52-86-87-9-13-74-59-97-75-58-77-25-64-80
48,3,897.6929,712.72,390.0,906.4545,0,3,54.502438,54.582429,True,90-69-98-12-14-47-17-16-15-11-10-99-82-53-60-78-73-79-7-8-46-6-2-1-3-5-45-4-88-55-100-70-68|65-57-83-66-91-92-62-20-22-24-49-19-23-21-48-18-89-76-51-84-85-63-33-32-30-28-26-27-29-31-34-50-93-71-72-37-35-36-40-43-42-41-54-81|61-44-39-38-96-94-67-95-56-52-86-87-9-13-74-59-97-75-58-77-25-64-80
49,3,897.7015,718.0625,274.0,912.7453,0,3,55.303821,55.37396,True,80-91-92-94-67-62-95-56-64-83-99-52-86-87-9-10-13-74-59-97-75-58-77-25-57-65-90|88-78-73-12-14-47-17-16-15-11-69-61-38-39-42-44-1-3-5-45-8-79-60-53-82-98-55-6-7-46-4-2-100-70-68|66-24-22-20-49-19-23-21-48-18-89-76-51-84-85-63-33-32-30-28-26-27-29-31-34-50-93-71-72-37-35-36-40-43-41-54-96-81
50,3,897.7519,710.2081,133.0,942.9808,0,3,54.125658,54.185069,True,80-56-64-51-89-76-23-21-48-19-49-22-24-57-99-52-87-9-13-86-74-59-97-75-58-77-25-18-20-83-66-90|98-88-60-78-12-14-47-17-16-15-11-10-82-69-41-38-44-53-73-79-7-8-46-5-3-1-45-4-6-2-55-100-70-61-68|65-91-92-67-62-50-34-31-29-27-26-28-30-32-33-63-85-84-95-94-93-71-72-39-37-35-36-40-43-42-54-96-81
51,3,897.7519,710.2081,133.0,942.9808,0,3,54.125658,54.185069,True,80-56-64-51-89-76-23-21-48-19-49-22-24-57-99-52-87-9-13-86-74-59-97-75-58-77-25-18-20-83-66-90|98-88-60-78-12-14-47-17-16-15-11-10-82-69-41-38-44-53-73-79-7-8-46-5-3-1-45-4-6-2-55-100-70-61-68|65-91-92-67-62-50-34-31-29-27-26-28-30-32-33-63-85-84-95-94-93-71-72-39-37-35-36-40-43-42-54-96-81
52,3,898.1672,535.58,234.0,947.4044,0,3,27.931449,27.975553,True,92-56-64-51-85-63-33-26-28-62-89-76-18-23-21-48-19-49-20-22-99-86-87-9-10-14-47-17-16-13-74-59-97-75-58-77-25-24-57-52-83-66|90-65-82-69-98-88-60-78-12-15-11-53-73-79-7-8-46-5-3-1-45-4-6-2-55-100-70-61-68|81-96-54-41-39-37-35-36-40-43-44-42-38-72-71-93-67-50-34-31-29-27-30-32-84-95-94-91-80
53,3,898.1672,535.58,234.0,947.4044,0,3,27.931449,27.975553,True,92-56-64-51-85-63-33-26-28-62-89-76-18-23-21-48-19-49-20-22-99-86-87-9-10-14-47-17-16-13-74-59-97-75-58-77-25-24-57-52-83-66|90-65-82-69-98-88-60-78-12-15-11-53-73-79-7-8-46-5-3-1-45-4-6-2-55-100-70-61-68|81-96-54-41-39-37-35-36-40-43-44-42-38-72-71-93-67-50-34-31-29-27-30-32-84-95-94-91-80
54,3,898.3794,695.1584,141.0,952.9808,0,3,51.868208,51.927849,True,80-56-64-51-85-63-89-76-21-23-19-49-22-24-57-52-99-87-9-13-86-74-59-97-75-58-77-25-48-18-20-83-66-90|98-88-60-78-12-14-47-17-16-15-11-10-82-69-41-38-44-53-73-79-7-8-46-45-5-3-1-4-6-2-55-100-70-61-68|65-91-92-67-62-50-34-31-29-27-26-28-30-32-33-84-95-94-93-71-72-39-37-35-36-40-43-42-54-96-81
55,3,899.2926,370.8142,526.0,952.0068,0,3,25.353,25.402618,True,80-92-95-50-34-31-29-27-26-28-30-32-33-63-89-76-18-23-21-48-22-24-57-99-52-86-87-9-10-14-47-17-16-13-74-59-97-75-58-77-25-19-49-20-64-83-66|90-65-82-98-88-60-78-12-15-11-69-61-38-39-43-44-42-53-73-79-8-46-5-3-1-45-4-7-6-2-55-100-70-68|81-96-54-41-40-36-35-37-72-71-93-94-67-62-85-51-84-56-91
56,3,899.2926,370.8142,526.0,952.0068,0,3,25.353,25.402618,True,80-92-95-50-34-31-29-27-26-28-30-32-33-63-89-76-18-23-21-48-22-24-57-99-52-86-87-9-10-14-47-17-16-13-74-59-97-75-58-77-25-19-49-20-64-83-66|90-65-82-98-88-60-78-12-15-11-69-61-38-39-43-44-42-53-73-79-8-46-5-3-1-45-4-7-6-2-55-100-70-68|81-96-54-41-40-36-35-37-72-71-93-94-67-62-85-51-84-56-91
57,3,899.4024,691.6171,121.0,953.0629,0,3,51.337005,51.394434,True,80-56-64-51-85-63-89-76-48-23-21-19-22-24-57-52-99-87-9-13-86-74-59-97-75-58-77-25-18-49-20-83-66-90|98-88-60-78-12-14-47-17-16-15-11-10-82-69-81-38-44-53-73-79-7-8-46-45-5-3-1-4-6-2-55-100-70-61-68|65-91-92-67-62-50-34-31-29-27-26-28-30-32-33-84-95-94-93-71-72-39-37-35-36-40-43-42-41-54-96
58,3,899.4024,691.6171,121.0,953.0629,0,3,51.337005,51.394434,True,80-56-64-51-85-63-89-76-48-23-21-19-22-24-57-52-99-87-9-13-86-74-59-97-75-58-77-25-18-49-20-83-66-90|98-88-60-78-12-14-47-17-16-15-11-10-82-69-81-38-44-53-73-79-7-8-46-45-5-3-1-4-6-2-55-100-70-61-68|65-91-92-67-62-50-34-31-29-27-26-28-30-32-33-84-95-94-93-71-72-39-37-35-36-40-43-42-41-54-96
59,3,900.2862,700.2355,224.0,912.7453,0,3,52.629774,52.693014,True,80-91-92-94-67-62-95-56-64-83-99-52-86-87-9-10-53-73-12-13-74-59-97-75-58-77-25-57-65-90|82-98-88-60-78-14-47-17-16-15-11-69-61-38-39-42-44-43-1-3-5-45-8-79-7-6-46-4-2-55-100-70-68|66-24-22-20-49-19-23-21-48-18-89-76-51-84-85-63-33-32-30-28-26-27-29-31-34-50-93-71-72-37-35-36-40-41-54-96-81
60,3,900.2862,700.2355,224.0,912.7453,0,3,52.629774,52.693014,True,80-91-92-94-67-62-95-56-64-83-99-52-86-87-9-10-53-73-12-13-74-59-97-75-58-77-25-57-65-90|82-98-88-60-78-14-47-17-16-15-11-69-61-38-39-42-44-43-1-3-5-45-8-79-7-6-46-4-2-55-100-70-68|66-24-22-20-49-19-23-21-48-18-89-76-51-84-85-63-33-32-30-28-26-27-29-31-34-50-93-71-72-37-35-36-40-41-54-96-81
61,4,900.3357,1236.5175,312.0,901.3184,0,4,133.072064,133.223147,True,69-82-10-11-15-16-17-47-14-12-78-73-79-60-53-57-98-88-55|80-91-92-67-62-56-64-83-99-52-86-87-9-13-74-59-97-75-58-77-25-65-90|96-54-41-38-39-42-44-43-1-3-5-45-8-46-4-7-6-2-100-70-68|66-51-20-22-24-49-19-23-21-48-18-76-89-33-32-30-28-26-27-29-31-34-50-63-85-84-95-94-93-71-72-37-35-36-40-61-81
62,3,900.945,712.2956,436.0,906.4545,0,3,54.438789,54.524292,True,90-69-98-12-14-47-17-16-15-11-10-99-82-53-60-78-73-79-7-8-46-6-2-1-3-5-45-4-88-55-100-70-68|65-57-83-66-91-92-62-20-22-24-49-19-23-21-48-18-89-76-51-84-85-63-33-32-30-28-26-27-29-31-34-50-71-72-37-35-36-40-43-42-41-54-96-81|61-44-39-38-93-94-67-95-56-52-86-87-9-13-74-59-97-75-58-77-25-64-80
63,3,901.0861,682.4518,141.0,942.9808,0,3,49.962212,50.01926,True,80-56-64-51-85-63-89-76-23-21-48-19-49-22-24-57-99-52-87-9-13-86-74-59-97-75-58-77-25-18-20-83-66-90|98-88-60-78-12-14-47-17-16-15-11-10-82-69-41-38-44-53-73-79-7-8-46-45-5-3-1-4-6-2-55-100-70-61-68|65-91-92-67-62-50-34-31-29-27-26-28-30-32-33-84-95-94-93-71-72-39-37-35-36-40-43-42-54-96-81
64,3,901.0861,682.4518,141.0,942.9808,0,3,49.962212,50.01926,True,80-56-64-51-85-63-89-76-23-21-48-19-49-22-24-57-99-52-87-9-13-86-74-59-97-75-58-77-25-18-20-83-66-90|98-88-60-78-12-14-47-17-16-15-11-10-82-69-41-38-44-53-73-79-7-8-46-45-5-3-1-4-6-2-55-100-70-61-68|65-91-92-67-62-50-34-31-29-27-26-28-30-32-33-84-95-94-93-71-72-39-37-35-36-40-43-42-54-96-81
65,3,901.4027,682.1352,141.0,942.9808,0,3,49.914719,49.971814,True,80-56-64-51-85-63-89-76-23-21-48-19-49-22-24-57-99-52-87-9-13-86-74-59-97-75-58-77-25-18-20-83-66-90|98-88-60-78-12-14-47-17-16-15-11-10-82-69-41-38-44-53-73-79-7-8-46-5-3-1-45-4-6-2-55-100-70-61-68|65-91-92-67-62-50-34-31-29-27-26-28-30-32-33-84-95-94-93-71-72-39-37-35-36-40-43-42-54-96-81
66,3,901.8733,578.989,208.0,926.3668,0,3,34.442792,34.488764,True,90-69-82-12-14-47-17-16-15-11-10-99-98-53-78-73-79-8-7-60-88-55-6-46-45-5-3-1-4-2-100-70-68|80-91-92-56-64-51-63-85-62-50-34-89-76-18-23-21-48-19-49-20-22-57-52-86-87-9-13-74-59-97-75-58-77-25-24-83-66-65|96-72-41-39-40-36-35-37-38-43-44-42-94-67-95-84-33-32-30-28-26-27-29-31-71-93-54-81-61
67,3,901.8733,578.989,208.0,926.3668,0,3,34.442792,34.488764,True,90-69-82-12-14-47-17-16-15-11-10-99-98-53-78-73-79-8-7-60-88-55-6-46-45-5-3-1-4-2-100-70-68|80-91-92-56-64-51-63-85-62-50-34-89-76-18-23-21-48-19-49-20-22-57-52-86-87-9-13-74-59-97-75-58-77-25-24-83-66-65|96-72-41-39-40-36-35-37-38-43-44-42-94-67-95-84-33-32-30-28-26-27-29-31-71-93-54-81-61
68,3,902.8398,426.8385,204.0,947.4044,0,3,16.319117,16.345312,True,91-92-56-64-51-85-63-89-76-18-23-21-48-19-49-20-22-99-86-87-9-10-14-47-17-16-13-74-59-97-75-58-77-25-24-57-52-83-66|90-65-82-98-88-60-12-15-11-69-61-38-39-44-70-53-78-73-79-7-8-46-5-3-1-45-4-6-2-55-100-68|81-96-54-41-42-43-40-36-35-37-72-71-93-94-67-62-50-34-31-29-27-26-28-30-32-33-84-95-80
69,3,902.8398,426.8385,204.0,947.4044,0,3,16.319117,16.345312,True,91-92-56-64-51-85-63-89-76-18-23-21-48-19-49-20-22-99-86-87-9-10-14-47-17-16-13-74-59-97-75-58-77-25-24-57-52-83-66|90-65-82-98-88-60-12-15-11-69-61-38-39-44-70-53-78-73-79-7-8-46-5-3-1-45-4-6-2-55-100-68|81-96-54-41-42-43-40-36-35-37-72-71-93-94-67-62-50-34-31-29-27-26-28-30-32-33-84-95-80
70,3,905.1662,625.2864,141.0,931.0063,0,3,41.387399,41.435299,True,80-91-56-64-51-85-63-89-76-23-21-48-19-49-22-24-57-99-52-87-9-10-13-86-74-59-97-75-58-77-25-18-20-83-66|98-88-60-78-12-14-47-17-16-15-11-69-61-41-38-39-44-42-53-73-79-7-8-46-45-5-3-1-4-6-2-55-100-70-68|90-82-65-92-67-62-50-34-31-29-27-26-28-30-32-33-84-95-94-93-71-72-37-35-36-40-43-54-96-81
71,3,905.1662,625.2864,141.0,931.0063,0,3,41.387399,41.435299,True,80-91-56-64-51-85-63-89-76-23-21-48-19-49-22-24-57-99-52-87-9-10-13-86-74-59-97-75-58-77-25-18-20-83-66|98-88-60-78-12-14-47-17-16-15-11-69-61-41-38-39-44-42-53-73-79-7-8-46-45-5-3-1-4-6-2-55-100-70-68|90-82-65-92-67-62-50-34-31-29-27-26-28-30-32-33-84-95-94-93-71-72-37-35-36-40-43-54-96-81
72,3,905.349,664.3177,137.0,951.0883,0,3,47.242099,47.298521,True,80-56-64-51-85-63-89-76-21-23-19-22-24-57-52-99-87-9-13-86-74-59-97-75-58-77-25-48-18-49-20-83-66|98-88-60-78-12-14-47-17-16-15-11-10-69-41-38-44-42-70-53-73-79-7-8-46-45-5-3-1-4-6-2-55-100-61-68|90-82-65-91-92-67-62-50-34-31-29-27-26-28-30-32-33-84-95-94-93-71-72-37-35-36-40-43-39-54-96-81
73,3,905.349,664.3177,137.0,951.0883,0,3,47.242099,47.298521,True,80-56-64-51-85-63-89-76-21-23-19-22-24-57-52-99-87-9-13-86-74-59-97-75-58-77-25-48-18-49-20-83-66|98-88-60-78-12-14-47-17-16-15-11-10-69-41-38-44-42-70-53-73-79-7-8-46-45-5-3-1-4-6-2-55-100-61-68|90-82-65-91-92-67-62-50-34-31-29-27-26-28-30-32-33-84-95-94-93-71-72-37-35-36-40-43-39-54-96-81
74,3,905.8939,423.7844,214.0,947.4044,0,3,17.235353,17.263006,True,91-92-56-64-51-85-63-89-76-18-23-21-48-19-49-20-22-99-86-87-9-10-14-47-17-16-13-74-59-97-75-58-77-25-24-57-52-83-66|90-65-82-98-88-60-78-12-15-11-69-61-38-39-44-42-70-53-73-79-7-8-46-5-3-1-45-4-6-2-55-100-68|81-96-54-41-43-40-36-35-37-72-71-93-94-67-62-50-34-31-29-27-26-28-30-32-33-84-95-80
75,3,906.2517,678.8046,135.0,944.4993,0,3,49.415137,49.472815,True,80-56-64-51-85-63-89-76-23-21-48-19-49-22-24-57-99-87-9-13-52-86-74-59-97-75-58-77-25-18-20-83-66|98-88-60-78-12-14-47-17-16-15-11-10-82-69-41-38-44-53-73-79-7-8-46-45-5-3-1-4-6-2-55-100-70-61-68|90-65-91-92-67-62-50-34-31-29-27-26-28-30-32-33-84-95-94-93-71-72-39-37-35-36-40-43-42-54-96-81
76,3,908.7885,633.6386,133.0,942.9808,0,3,42.640233,42.69147,True,91-56-64-51-85-63-89-76-23-21-48-19-49-22-24-57-99-52-87-9-10-13-86-74-59-97-75-58-77-25-18-20-83-66-90|98-88-60-78-12-14-47-17-16-15-11-69-61-41-38-39-44-42-53-73-79-7-8-46-45-5-3-1-4-6-2-55-100-70-68|82-65-80-92-67-62-50-34-31-29-27-26-28-30-32-33-84-95-94-93-71-72-37-35-36-40-43-54-96-81
77,3,908.7885,633.6386,133.0,942.9808,0,3,42.640233,42.69147,True,91-56-64-51-85-63-89-76-23-21-48-19-49-22-24-57-99-52-87-9-10-13-86-74-59-97-75-58-77-25-18-20-83-66-90|98-88-60-78-12-14-47-17-16-15-11-69-61-41-38-39-44-42-53-73-79-7-8-46-45-5-3-1-4-6-2-55-100-70-68|82-65-80-92-67-62-50-34-31-29-27-26-28-30-32-33-84-95-94-93-71-72-37-35-36-40-43-54-96-81
78,3,908.7885,633.6386,133.0,942.9808,0,3,42.640233,42.69147,True,91-56-64-51-85-63-89-76-23-21-48-19-49-22-24-57-99-52-87-9-10-13-86-74-59-97-75-58-77-25-18-20-83-66-90|98-88-60-78-12-14-47-17-16-15-11-69-61-41-38-39-44-42-53-73-79-7-8-46-45-5-3-1-4-6-2-55-100-70-68|82-65-80-92-67-62-50-34-31-29-27-26-28-30-32-33-84-95-94-93-71-72-37-35-36-40-43-54-96-81
79,3,910.9572,565.2921,186.0,956.1722,0,3,32.388268,32.437182,True,91-56-64-51-85-63-89-76-18-23-21-48-19-49-20-22-99-52-87-9-10-14-47-17-16-13-97-59-86-74-58-75-77-25-24-57-83-66|90-65-82-98-88-60-78-12-15-11-69-61-38-39-44-42-70-53-73-79-7-8-46-5-3-1-45-4-6-2-55-100-68|80-92-62-50-33-32-30-28-26-27-29-31-34-67-84-95-94-93-71-72-37-35-36-40-43-41-54-96-81
80,3,910.9572,565.2921,186.0,956.1722,0,3,32.388268,32.437182,True,91-56-64-51-85-63-89-76-18-23-21-48-19-49-20-22-99-52-87-9-10-14-47-17-16-13-97-59-86-74-58-75-77-25-24-57-83-66|90-65-82-98-88-60-78-12-15-11-69-61-38-39-44-42-70-53-73-79-7-8-46-5-3-1-45-4-6-2-55-100-68|80-92-62-50-33-32-30-28-26-27-29-31-34-67-84-95-94-93-71-72-37-35-36-40-43-41-54-96-81
81,3,913.63,460.4149,188.0,956.815,0,3,19.556199,19.59048,True,92-56-64-24-22-49-19-23-21-48-18-89-76-51-57-99-87-9-10-14-47-17-16-13-86-74-59-97-75-58-77-25-20-52-83-66-65|90-98-88-60-73-78-12-15-11-82-69-61-38-39-44-42-70-53-79-7-8-46-5-3-1-45-4-6-2-55-100-68|81-96-54-41-43-40-36-35-37-72-71-93-94-67-62-50-34-31-29-27-26-28-30-32-33-63-85-84-95-91-80
82,3,913.63,460.4149,188.0,956.815,0,3,19.556199,19.59048,True,92-56-64-24-22-49-19-23-21-48-18-89-76-51-57-99-87-9-10-14-47-17-16-13-86-74-59-97-75-58-77-25-20-52-83-66-65|90-98-88-60-73-78-12-15-11-82-69-61-38-39-44-42-70-53-79-7-8-46-5-3-1-45-4-6-2-55-100-68|81-96-54-41-43-40-36-35-37-72-71-93-94-67-62-50-34-31-29-27-26-28-30-32-33-63-85-84-95-91-80
83,3,914.2962,452.2341,438.0,943.1758,0,3,19.75606,19.812267,True,92-95-50-34-31-29-27-26-28-30-32-33-89-76-18-23-21-48-19-49-20-83-99-86-87-9-10-14-47-17-16-13-74-59-97-75-58-77-25-22-24-57-52-65|90-82-98-88-60-78-12-15-11-69-61-38-39-43-44-42-53-73-79-8-46-5-3-1-45-4-7-6-2-55-100-70-68|81-96-54-41-40-36-35-37-72-71-93-94-67-62-84-85-63-51-64-66-56-91-80
84,3,914.2962,452.2341,438.0,943.1758,0,3,19.75606,19.812267,True,92-95-50-34-31-29-27-26-28-30-32-33-89-76-18-23-21-48-19-49-20-83-99-86-87-9-10-14-47-17-16-13-74-59-97-75-58-77-25-22-24-57-52-65|90-82-98-88-60-78-12-15-11-69-61-38-39-43-44-42-53-73-79-8-46-5-3-1-45-4-7-6-2-55-100-70-68|81-96-54-41-40-36-35-37-72-71-93-94-67-62-84-85-63-51-64-66-56-91-80
85,3,915.0902,440.9612,490.0,943.1758,0,3,21.753,21.812954,True,80-91-92-95-50-34-31-29-27-26-28-30-32-33-89-76-18-23-21-48-19-49-20-83-99-86-87-9-10-14-47-17-16-13-74-59-97-75-58-77-25-22-24-57-52-65|90-82-98-60-78-12-15-11-69-38-39-43-44-42-88-53-73-79-8-46-5-3-1-45-4-7-6-2-55-100-70-61-68|81-96-54-41-40-36-35-37-72-71-93-94-67-62-84-85-63-51-64-56-66
86,3,915.0902,440.9612,490.0,943.1758,0,3,21.753,21.812954,True,80-91-92-95-50-34-31-29-27-26-28-30-32-33-89-76-18-23-21-48-19-49-20-83-99-86-87-9-10-14-47-17-16-13-74-59-97-75-58-77-25-22-24-57-52-65|90-82-98-60-78-12-15-11-69-38-39-43-44-42-88-53-73-79-8-46-5-3-1-45-4-7-6-2-55-100-70-61-68|81-96-54-41-40-36-35-37-72-71-93-94-67-62-84-85-63-51-64-56-66
87,3,916.8502,562.2935,202.0,945.7006,0,3,31.938467,31.988728,True,91-56-64-51-85-63-89-76-18-23-21-48-19-49-20-22-99-86-87-9-10-14-47-17-16-13-52-74-59-97-75-58-77-25-24-57-83-66-65|90-98-88-60-78-12-15-11-82-69-61-38-39-44-42-53-73-79-8-46-5-3-1-45-4-7-6-2-55-100-70-68|80-92-62-50-33-32-30-28-26-27-29-31-34-67-84-95-94-93-71-72-37-35-36-40-43-41-54-96-81
88,3,916.8502,562.2935,202.0,945.7006,0,3,31.938467,31.988728,True,91-56-64-51-85-63-89-76-18-23-21-48-19-49-20-22-99-86-87-9-10-14-47-17-16-13-52-74-59-97-75-58-77-25-24-57-83-66-65|90-98-88-60-78-12-15-11-82-69-61-38-39-44-42-53-73-79-8-46-5-3-1-45-4-7-6-2-55-100-70-68|80-92-62-50-33-32-30-28-26-27-29-31-34-67-84-95-94-93-71-72-37-35-36-40-43-41-54-96-81
89,3,917.4125,672.7668,223.0,902.4029,0,3,48.509461,48.572067,True,80-91-92-94-67-62-95-56-64-83-53-99-52-86-87-9-10-78-73-13-74-59-97-75-58-77-25-57-65|90-82-98-88-60-12-14-47-17-16-15-11-69-61-38-39-42-44-43-1-3-5-45-8-79-7-6-46-4-2-55-100-70-68|66-24-22-20-49-19-23-21-48-18-89-76-51-84-85-63-33-32-30-28-26-27-29-31-34-50-93-71-72-37-35-36-40-41-54-96-81
90,3,917.4125,672.7668,223.0,902.4029,0,3,48.509461,48.572067,True,80-91-92-94-67-62-95-56-64-83-53-99-52-86-87-9-10-78-73-13-74-59-97-75-58-77-25-57-65|90-82-98-88-60-12-14-47-17-16-15-11-69-61-38-39-42-44-43-1-3-5-45-8-79-7-6-46-4-2-55-100-70-68|66-24-22-20-49-19-23-21-48-18-89-76-51-84-85-63-33-32-30-28-26-27-29-31-34-50-93-71-72-37-35-36-40-41-54-96-81
91,3,917.9194,397.8925,210.0,947.4044,0,3,20.843019,20.869997,True,80-92-56-64-51-62-85-63-89-76-18-23-21-48-19-49-20-22-99-87-9-10-12-14-47-16-13-86-74-59-97-75-58-77-25-24-57-52-83-66|90-65-82-98-78-73-17-15-11-69-61-38-39-44-70-88-53-60-79-7-8-46-45-5-3-1-4-6-2-55-100-68|81-96-54-41-42-43-40-36-35-37-72-71-93-94-67-50-34-31-29-27-26-28-30-32-33-84-95-91
92,3,917.9194,397.8925,210.0,947.4044,0,3,20.843019,20.869997,True,80-92-56-64-51-62-85-63-89-76-18-23-21-48-19-49-20-22-99-87-9-10-12-14-47-16-13-86-74-59-97-75-58-77-25-24-57-52-83-66|90-65-82-98-78-73-17-15-11-69-61-38-39-44-70-88-53-60-79-7-8-46-45-5-3-1-4-6-2-55-100-68|81-96-54-41-42-43-40-36-35-37-72-71-93-94-67-50-34-31-29-27-26-28-30-32-33-84-95-91
93,4,920.4923,1121.4565,197.0,901.3184,0,4,115.81292,115.94129,True,69-82-10-11-15-16-17-47-14-12-78-73-79-60-53-57-98-88-55|94-67-62-95-56-66-83-99-52-86-87-9-13-74-59-97-75-58-77-25-65-90|81-54-96-93-71-72-41-42-44-39-38-37-35-36-40-43-1-3-5-45-8-46-4-7-6-2-100-70-61-68|80-92-64-24-22-20-49-19-23-21-48-18-89-30-76-51-84-85-63-33-32-28-26-27-29-31-34-50-91
94,4,920.4923,1121.4565,197.0,901.3184,0,4,115.81292,115.94129,True,69-82-10-11-15-16-17-47-14-12-78-73-79-60-53-57-98-88-55|94-67-62-95-56-66-83-99-52-86-87-9-13-74-59-97-75-58-77-25-65-90|81-54-96-93-71-72-41-42-44-39-38-37-35-36-40-43-1-3-5-45-8-46-4-7-6-2-100-70-61-68|80-92-64-24-22-20-49-19-23-21-48-18-89-30-76-51-84-85-63-33-32-28-26-27-29-31-34-50-91
95,3,922.5141,668.952,123.0,942.9808,0,3,47.937239,47.99689,True,80-56-64-51-85-63-89-76-23-21-48-19-49-22-24-57-99-52-87-9-13-86-74-59-97-75-58-77-25-18-20-83-66-90|98-88-60-78-12-14-47-17-16-15-11-10-69-41-38-44-53-73-79-7-8-46-45-5-3-1-4-6-2-55-100-70-61-68|65-82-91-92-67-62-50-34-31-29-27-26-28-30-32-33-84-95-94-71-93-72-39-37-35-36-40-43-42-54-96-81
96,3,922.5141,668.952,123.0,942.9808,0,3,47.937239,47.99689,True,80-56-64-51-85-63-89-76-23-21-48-19-49-22-24-57-99-52-87-9-13-86-74-59-97-75-58-77-25-18-20-83-66-90|98-88-60-78-12-14-47-17-16-15-11-10-69-41-38-44-53-73-79-7-8-46-45-5-3-1-4-6-2-55-100-70-61-68|65-82-91-92-67-62-50-34-31-29-27-26-28-30-32-33-84-95-94-71-93-72-39-37-35-36-40-43-42-54-96-81
97,3,923.352,392.46,240.0,947.4044,0,3,22.472774,22.503566,True,80-92-56-64-51-62-85-63-89-76-18-23-21-48-19-49-20-22-99-86-87-9-10-12-14-47-16-13-74-59-97-75-58-77-25-24-57-52-83-66|90-65-82-98-88-60-78-73-17-15-11-69-61-38-39-43-44-42-70-53-79-7-8-46-45-5-3-1-4-6-2-55-100-68|81-96-54-41-40-36-35-37-72-71-93-94-67-50-34-31-29-27-26-28-30-32-33-84-95-91
98,3,926.6559,677.6929,389.0,896.0921,0,3,49.248383,49.330155,True,90-69-98-12-14-47-17-16-15-11-10-52-99-82-53-60-78-73-79-8-7-6-2-1-3-5-45-4-46-88-55-100-70-68|65-86-66-91-92-62-64-24-22-20-49-19-23-21-48-18-89-76-51-84-85-63-33-32-30-28-26-27-29-31-34-50-93-71-72-37-35-36-40-43-41-54-81|61-42-44-39-38-96-94-67-95-56-83-57-87-9-13-97-75-59-74-58-77-25-80
99,3,926.6559,677.6929,389.0,896.0921,0,3,49.248383,49.330155,True,90-69-98-12-14-47-17-16-15-11-10-52-99-82-53-60-78-73-79-8-7-6-2-1-3-5-45-4-46-88-55-100-70-68|65-86-66-91-92-62-64-24-22-20-49-19-23-21-48-18-89-76-51-84-85-63-33-32-30-28-26-27-29-31-34-50-93-71-72-37-35-36-40-43-41-54-81|61-42-44-39-38-96-94-67-95-56-83-57-87-9-13-97-75-59-74-58-77-25-80
100,3,926.8435,554.0898,543.0,930.9364,0,3,30.707922,30.791835,True,98-88-60-78-12-14-47-17-16-15-11-10-82-69-81-96-93-67-94-80-65-99-52-87-9-13-86-74-59-97-75-58-77-25-57-83-66-90|91-56-64-24-22-20-49-19-23-21-48-18-89-76-51-84-85-63-33-32-30-28-26-27-29-31-34-71-72-37-35-36-40-42-4-3-5-45-46-6-2-100-70-61-68|92-95-62-50-54-41-38-39-44-43-1-8-7-79-73-53-55
101,3,927.9208,670.4438,405.0,890.1079,0,3,48.161011,48.242776,True,80-90-69-98-12-14-47-17-16-15-11-10-99-82-53-78-73-79-7-8-46-6-2-1-3-5-45-4-60-88-55-100-70-68|65-52-86-66-91-92-62-64-24-22-20-49-19-23-21-48-18-89-76-51-84-85-63-33-32-30-28-26-27-29-31-34-50-93-71-72-37-35-36-40-43-41-54-81|61-42-44-39-38-96-94-67-95-56-57-87-9-13-97-75-59-74-58-77-25-83
102,3,927.9208,670.4438,405.0,890.1079,0,3,48.161011,48.242776,True,80-90-69-98-12-14-47-17-16-15-11-10-99-82-53-78-73-79-7-8-46-6-2-1-3-5-45-4-60-88-55-100-70-68|65-52-86-66-91-92-62-64-24-22-20-49-19-23-21-48-18-89-76-51-84-85-63-33-32-30-28-26-27-29-31-34-50-93-71-72-37-35-36-40-43-41-54-81|61-42-44-39-38-96-94-67-95-56-57-87-9-13-97-75-59-74-58-77-25-83
103,3,929.814,625.0154,106.0,926.8548,0,3,41.34676,41.397891,True,98-12-14-47-17-16-15-11-10-69-81-96-93-67-94-80-65-82-99-52-87-9-13-86-74-59-97-75-58-77-25-57-83-66-90|91-56-64-24-22-20-49-19-23-21-48-18-89-76-51-84-85-63-33-32-30-28-26-27-29-31-34-71-72-37-35-36-40-42-61|92-95-62-50-54-41-38-39-44-43-1-3-5-45-46-8-7-79-53-78-73-60-6-4-2-88-55-100-70-68
104,3,929.814,625.0154,106.0,926.8548,0,3,41.34676,41.397891,True,98-12-14-47-17-16-15-11-10-69-81-96-93-67-94-80-65-82-99-52-87-9-13-86-74-59-97-75-58-77-25-57-83-66-90|91-56-64-24-22-20-49-19-23-21-48-18-89-76-51-84-85-63-33-32-30-28-26-27-29-31-34-71-72-37-35-36-40-42-61|92-95-62-50-54-41-38-39-44-43-1-3-5-45-46-8-7-79-53-78-73-60-6-4-2-88-55-100-70-68
105,3,930.0766,524.1031,490.0,926.8548,0,3,26.209909,26.284382,True,98-88-60-78-12-14-47-17-16-15-11-10-82-69-81-96-93-67-94-65-99-52-86-87-9-13-74-59-97-75-58-77-25-57-83-66-90|91-56-64-24-22-20-49-19-23-21-48-18-89-76-63-51-84-85-33-32-30-28-26-27-29-31-34-71-72-37-35-36-40-42-3-4-45-46-6-2-100-70-61-68|80-92-95-62-50-54-41-38-39-44-43-1-5-8-7-79-73-53-55
106,3,930.0766,524.1031,490.0,926.8548,0,3,26.209909,26.284382,True,98-88-60-78-12-14-47-17-16-15-11-10-82-69-81-96-93-67-94-65-99-52-86-87-9-13-74-59-97-75-58-77-25-57-83-66-90|91-56-64-24-22-20-49-19-23-21-48-18-89-76-63-51-84-85-33-32-30-28-26-27-29-31-34-71-72-37-35-36-40-42-3-4-45-46-6-2-100-70-61-68|80-92-95-62-50-54-41-38-39-44-43-1-5-8-7-79-73-53-55
107,3,931.0288,395.7424,214.0,947.4044,0,3,24.775832,24.80682,True,92-56-64-51-62-85-63-89-76-18-23-21-48-19-49-20-22-99-86-87-9-10-14-47-17-16-13-74-59-97-75-58-77-25-24-57-52-83-66|90-65-82-98-88-60-73-78-12-15-11-69-61-38-39-43-44-42-70-53-79-7-8-46-5-3-1-45-4-6-2-55-100-68|81-96-54-37-35-36-40-41-72-71-93-94-67-50-34-31-29-27-26-28-30-32-33-84-95-91-80
108,3,931.7795,608.7551,110.0,941.0883,0,3,38.907711,38.959528,True,80-91-56-64-51-85-63-89-76-23-21-48-19-22-24-57-52-99-87-9-13-86-74-59-97-75-58-77-25-18-49-20-83-66|98-88-60-78-12-14-47-17-16-15-11-69-61-41-38-39-44-42-53-73-79-7-8-46-5-3-1-45-4-6-2-55-100-70-68|90-82-10-65-92-67-62-50-34-31-29-27-26-28-30-32-33-84-95-94-93-71-72-37-35-36-40-43-54-96-81
109,3,931.7795,608.7551,110.0,941.0883,0,3,38.907711,38.959528,True,80-91-56-64-51-85-63-89-76-23-21-48-19-22-24-57-52-99-87-9-13-86-74-59-97-75-58-77-25-18-49-20-83-66|98-88-60-78-12-14-47-17-16-15-11-69-61-41-38-39-44-42-53-73-79-7-8-46-5-3-1-45-4-6-2-55-100-70-68|90-82-10-65-92-67-62-50-34-31-29-27-26-28-30-32-33-84-95-94-93-71-72-37-35-36-40-43-54-96-81
110,3,933.0989,468.1254,90.0,903.8661,0,3,25.396857,25.420392,True,68-61-42-43-40-36-35-37-72-71-93-67-62-56-64-66-65-99-52-87-9-13-86-74-59-97-75-58-77-25-57-83|90-82-10-12-14-47-17-16-15-11-69-38-39-44-53-78-73-79-7-6-8-46-45-5-3-1-4-2-60-55-70-100-88-98|80-91-92-50-34-31-29-27-26-28-30-32-33-89-76-18-23-21-48-19-49-24-22-20-51-63-85-84-95-94-96-54-41-81
111,3,933.0989,468.1254,90.0,903.8661,0,3,25.396857,25.420392,True,68-61-42-43-40-36-35-37-72-71-93-67-62-56-64-66-65-99-52-87-9-13-86-74-59-97-75-58-77-25-57-83|90-82-10-12-14-47-17-16-15-11-69-38-39-44-53-78-73-79-7-6-8-46-45-5-3-1-4-2-60-55-70-100-88-98|80-91-92-50-34-31-29-27-26-28-30-32-33-89-76-18-23-21-48-19-49-24-22-20-51-63-85-84-95-94-96-54-41-81
112,3,934.8923,661.3066,472.0,890.2931,0,3,46.790429,46.879643,True,80-69-98-82-12-14-47-17-16-15-11-10-52-99-53-78-73-79-7-8-2-6-46-5-3-1-45-4-60-88-55-100-70-68|90-65-57-83-66-91-92-94-62-64-22-20-49-19-23-21-48-18-89-76-51-84-85-63-33-32-30-28-26-27-29-31-34-50-93-71-72-37-35-36-40-43-42-41-54-81|61-44-39-38-96-67-95-56-86-87-9-13-97-75-59-74-58-77-25-24
113,3,937.4534,389.3178,288.0,947.4044,0,3,26.70322,26.742571,True,71-93-94-92-56-64-51-85-63-89-76-18-23-21-48-19-49-20-22-99-86-87-9-10-12-14-47-16-13-74-59-97-75-58-77-25-24-57-52-83-66|90-65-82-98-88-60-78-73-17-15-11-69-61-38-39-43-44-42-70-53-79-7-8-46-45-5-3-1-4-6-2-55-100-68|81-96-54-41-40-36-35-37-72-62-67-50-34-31-29-27-26-28-30-32-33-84-95-91-80
114,3,937.9515,452.7131,111.0,914.8734,0,3,26.852629,26.87906,True,81-42-43-40-36-35-37-72-71-93-67-62-56-64-66-65-82-99-52-87-9-13-86-74-59-97-75-58-77-25-57-83-90|68-98-88-60-12-14-47-17-16-15-11-10-69-41-38-44-70-53-78-73-79-7-8-46-45-5-3-1-4-6-2-55-100|80-91-92-50-34-31-29-27-26-28-30-32-33-89-76-18-23-21-48-19-49-24-22-20-51-63-85-84-95-94-96-54-39-61
115,3,937.9515,452.7131,111.0,914.8734,0,3,26.852629,26.87906,True,81-42-43-40-36-35-37-72-71-93-67-62-56-64-66-65-82-99-52-87-9-13-86-74-59-97-75-58-77-25-57-83-90|68-98-88-60-12-14-47-17-16-15-11-10-69-41-38-44-70-53-78-73-79-7-8-46-45-5-3-1-4-6-2-55-100|80-91-92-50-34-31-29-27-26-28-30-32-33-89-76-18-23-21-48-19-49-24-22-20-51-63-85-84-95-94-96-54-39-61
116,3,940.3944,646.4214,412.0,890.2931,0,3,44.557659,44.640291,True,80-90-69-98-82-12-14-47-17-16-15-11-52-99-53-60-78-73-79-7-8-46-6-2-1-3-5-45-4-88-55-100-70-68|65-86-57-83-66-91-92-62-20-22-49-19-23-21-48-18-89-76-51-84-85-63-33-32-30-28-26-27-29-31-34-50-93-71-72-37-35-36-40-43-42-41-54-81|61-44-39-38-96-94-67-95-56-64-87-9-10-13-97-75-59-74-58-77-25-24
117,3,940.3944,646.4214,412.0,890.2931,0,3,44.557659,44.640291,True,80-90-69-98-82-12-14-47-17-16-15-11-52-99-53-60-78-73-79-7-8-46-6-2-1-3-5-45-4-88-55-100-70-68|65-86-57-83-66-91-92-62-20-22-49-19-23-21-48-18-89-76-51-84-85-63-33-32-30-28-26-27-29-31-34-50-93-71-72-37-35-36-40-43-42-41-54-81|61-44-39-38-96-94-67-95-56-64-87-9-10-13-97-75-59-74-58-77-25-24
118,3,941.7474,663.1238,542.0,880.0726,0,3,47.06301,47.160021,True,80-90-69-98-12-14-47-17-16-15-11-10-52-99-82-53-78-73-79-7-8-46-6-2-1-3-5-45-4-60-88-55-100-70-68|65-86-57-83-66-91-92-94-62-64-24-22-20-49-19-23-21-48-18-89-76-51-84-85-63-33-32-30-28-26-27-29-31-34-50-93-71-72-37-35-36-40-43-42-41-54-81|61-44-39-38-96-67-95-56-87-9-13-97-75-59-74-58-77-25
119,3,941.7474,663.1238,542.0,880.0726,0,3,47.06301,47.160021,True,80-90-69-98-12-14-47-17-16-15-11-10-52-99-82-53-78-73-79-7-8-46-6-2-1-3-5-45-4-60-88-55-100-70-68|65-86-57-83-66-91-92-94-62-64-24-22-20-49-19-23-21-48-18-89-76-51-84-85-63-33-32-30-28-26-27-29-31-34-50-93-71-72-37-35-36-40-43-42-41-54-81|61-44-39-38-96-67-95-56-87-9-13-97-75-59-74-58-77-25
120,3,942.5431,386.9305,218.0,938.0041,0,3,28.230128,28.262238,True,80-91-92-95-29-27-26-28-63-89-76-18-23-21-48-19-49-20-22-99-52-87-9-47-17-16-13-86-74-59-97-75-58-77-25-24-57-83-65-90|88-60-73-78-12-14-15-11-10-82-69-61-38-44-42-98-53-79-8-46-5-3-1-45-4-7-6-2-55-100-70-68|81-96-54-41-39-43-40-36-35-37-72-71-93-94-67-62-50-34-31-30-32-33-85-51-84-56-64-66
121,3,942.5431,386.9305,218.0,938.0041,0,3,28.230128,28.262238,True,80-91-92-95-29-27-26-28-63-89-76-18-23-21-48-19-49-20-22-99-52-87-9-47-17-16-13-86-74-59-97-75-58-77-25-24-57-83-65-90|88-60-73-78-12-14-15-11-10-82-69-61-38-44-42-98-53-79-8-46-5-3-1-45-4-7-6-2-55-100-70-68|81-96-54-41-39-43-40-36-35-37-72-71-93-94-67-62-50-34-31-30-32-33-85-51-84-56-64-66
122,3,943.8125,507.6766,10.0,955.8223,0,3,28.610925,28.643401,True,92-95-89-76-21-23-19-24-57-99-52-86-87-9-10-14-47-17-16-13-97-75-59-74-58-77-25-48-18-49-83-66-65|90-82-98-88-60-73-78-12-15-11-69-61-38-39-43-44-42-70-53-79-8-46-5-3-1-45-4-7-6-2-55-100-68|81-37-35-36-40-41-72-54-96-71-93-94-67-62-50-34-31-29-27-26-28-30-32-33-63-85-84-51-20-22-64-56-91-80
123,3,943.8125,507.6766,10.0,955.8223,0,3,28.610925,28.643401,True,92-95-89-76-21-23-19-24-57-99-52-86-87-9-10-14-47-17-16-13-97-75-59-74-58-77-25-48-18-49-83-66-65|90-82-98-88-60-73-78-12-15-11-69-61-38-39-43-44-42-70-53-79-8-46-5-3-1-45-4-7-6-2-55-100-68|81-37-35-36-40-41-72-54-96-71-93-94-67-62-50-34-31-29-27-26-28-30-32-33-63-85-84-51-20-22-64-56-91-80
124,3,947.2403,603.142,81.0,942.9808,0,3,38.065751,38.118748,True,80-91-92-56-64-51-85-63-89-76-23-21-48-19-49-22-24-57-99-52-87-9-13-86-74-59-97-75-58-77-25-18-20-83-66-90|98-88-60-78-12-14-47-17-16-15-69-61-41-38-39-44-42-53-73-79-7-8-46-45-5-3-1-4-6-2-55-100-70-68|82-10-11-65-95-62-67-50-34-31-29-27-26-28-30-32-33-84-94-93-71-72-37-35-36-40-43-54-96-81
125,3,947.2403,603.142,81.0,942.9808,0,3,38.065751,38.118748,True,80-91-92-56-64-51-85-63-89-76-23-21-48-19-49-22-24-57-99-52-87-9-13-86-74-59-97-75-58-77-25-18-20-83-66-90|98-88-60-78-12-14-47-17-16-15-69-61-41-38-39-44-42-53-73-79-7-8-46-45-5-3-1-4-6-2-55-100-70-68|82-10-11-65-95-62-67-50-34-31-29-27-26-28-30-32-33-84-94-93-71-72-37-35-36-40-43-54-96-81
126,3,948.7883,656.0829,542.0,880.0726,0,3,46.006876,46.104943,True,80-90-69-98-82-12-14-47-17-16-15-11-10-52-99-53-78-73-79-7-8-46-6-2-1-3-5-45-4-60-88-55-100-70-68|65-86-57-83-66-91-92-94-62-64-24-22-20-49-19-23-21-48-18-89-76-51-84-85-63-33-32-30-28-26-27-29-31-34-50-93-71-72-37-35-36-40-43-42-41-54-81|61-44-39-38-96-67-95-56-87-9-13-97-75-59-74-58-77-25
127,3,951.2885,382.6204,290.0,955.5549,0,3,30.853732,30.897651,True,80-91-92-95-27-26-85-63-89-76-18-23-21-49-22-24-57-99-52-86-87-9-10-12-14-47-17-16-13-74-59-97-75-58-77-25-48-19-20-64-83-65|90-98-88-78-73-15-11-82-69-61-38-44-43-42-70-53-60-79-8-46-5-3-1-45-4-7-6-2-55-100-68|81-96-54-41-39-40-36-35-37-72-71-93-94-67-62-50-34-31-29-28-30-32-33-51-84-56-66
128,3,951.5487,335.8025,364.0,947.4044,0,3,30.931798,30.97495,True,80-92-56-64-51-85-63-27-26-28-33-89-76-18-23-21-48-19-49-20-22-99-86-87-9-10-12-47-17-16-13-74-59-97-75-58-77-25-24-57-52-83-66|90-65-82-98-60-78-14-15-11-69-61-38-39-44-42-88-53-73-79-7-8-46-45-5-3-1-4-6-2-55-100-70-68|81-96-54-41-43-40-36-35-37-72-71-93-94-67-62-50-34-31-29-30-32-84-95-91
129,3,951.6281,322.7826,364.0,947.4044,0,3,30.955628,30.996852,True,91-92-56-64-51-85-63-28-27-26-33-89-76-18-23-21-48-19-49-20-22-99-86-87-9-10-14-47-17-16-13-74-59-97-75-58-77-25-24-57-52-83-66|90-65-82-98-88-60-78-12-15-11-69-61-41-38-39-44-70-53-73-79-7-8-46-5-3-1-45-4-6-2-55-100-68|81-96-54-42-43-40-36-35-37-72-71-93-94-67-62-50-34-31-29-30-32-84-95-80
130,3,951.6281,322.7826,364.0,947.4044,0,3,30.955628,30.996852,True,91-92-56-64-51-85-63-28-27-26-33-89-76-18-23-21-48-19-49-20-22-99-86-87-9-10-14-47-17-16-13-74-59-97-75-58-77-25-24-57-52-83-66|90-65-82-98-88-60-78-12-15-11-69-61-41-38-39-44-70-53-73-79-7-8-46-5-3-1-45-4-6-2-55-100-68|81-96-54-42-43-40-36-35-37-72-71-93-94-67-62-50-34-31-29-30-32-84-95-80
131,3,952.3075,364.0465,240.0,947.7329,0,3,31.159428,31.194694,True,90-91-92-56-64-51-85-63-33-89-76-23-21-48-19-49-20-22-99-52-86-87-9-10-12-14-47-13-59-97-75-74-58-77-25-18-24-57-83-66|65-82-98-88-60-78-73-17-16-15-11-69-61-38-39-43-44-42-70-53-79-8-46-45-5-3-1-4-7-6-2-55-100-68|81-96-54-37-35-36-40-41-72-71-93-94-67-62-50-34-31-29-27-26-28-30-32-84-95-80
132,3,952.3075,364.0465,240.0,947.7329,0,3,31.159428,31.194694,True,90-91-92-56-64-51-85-63-33-89-76-23-21-48-19-49-20-22-99-52-86-87-9-10-12-14-47-13-59-97-75-74-58-77-25-18-24-57-83-66|65-82-98-88-60-78-73-17-16-15-11-69-61-38-39-43-44-42-70-53-79-8-46-45-5-3-1-4-7-6-2-55-100-68|81-96-54-37-35-36-40-41-72-71-93-94-67-62-50-34-31-29-27-26-28-30-32-84-95-80
133,3,952.5992,350.5625,288.0,947.4044,0,3,31.246942,31.285023,True,92-56-64-51-85-63-33-28-26-89-76-18-23-21-48-19-49-20-22-99-86-87-9-10-14-47-17-16-13-74-59-97-75-58-77-25-24-57-52-83-66|90-65-82-98-88-60-78-12-15-11-69-61-38-39-44-42-70-53-73-79-7-8-46-5-3-1-45-4-6-2-55-100-68|81-96-54-41-43-40-36-35-37-72-71-93-94-67-62-50-34-31-29-27-30-32-84-95-91-80
134,3,952.5992,350.5625,288.0,947.4044,0,3,31.246942,31.285023,True,92-56-64-51-85-63-33-28-26-89-76-18-23-21-48-19-49-20-22-99-86-87-9-10-14-47-17-16-13-74-59-97-75-58-77-25-24-57-52-83-66|90-65-82-98-88-60-78-12-15-11-69-61-38-39-44-42-70-53-73-79-7-8-46-5-3-1-45-4-6-2-55-100-68|81-96-54-41-43-40-36-35-37-72-71-93-94-67-62-50-34-31-29-27-30-32-84-95-91-80
135,3,954.7195,569.767,21.0,930.9994,0,3,33.059497,33.101934,True,91-92-56-51-85-63-89-76-23-21-48-19-49-22-24-57-99-52-87-9-13-86-74-59-97-75-58-77-25-18-20-83-90|98-88-60-78-12-14-47-17-16-15-69-68-61-41-38-39-44-70-53-73-79-7-8-46-45-5-3-1-4-6-2-55-100|80-66-65-82-10-11-64-62-67-50-34-31-29-27-26-28-30-32-33-84-95-94-93-71-72-37-35-36-40-43-42-54-96-81
136,3,954.7195,569.767,21.0,930.9994,0,3,33.059497,33.101934,True,91-92-56-51-85-63-89-76-23-21-48-19-49-22-24-57-99-52-87-9-13-86-74-59-97-75-58-77-25-18-20-83-90|98-88-60-78-12-14-47-17-16-15-69-68-61-41-38-39-44-70-53-73-79-7-8-46-45-5-3-1-4-6-2-55-100|80-66-65-82-10-11-64-62-67-50-34-31-29-27-26-28-30-32-33-84-95-94-93-71-72-37-35-36-40-43-42-54-96-81
137,3,955.8516,360.8582,244.0,947.5548,0,3,32.222672,32.258896,True,92-56-66-64-51-85-63-28-33-89-76-18-23-21-48-19-49-20-22-99-86-87-9-10-14-47-17-16-13-74-59-97-75-58-77-25-24-57-52-83-65|90-82-98-88-60-78-12-15-11-69-61-38-39-44-42-70-53-73-79-7-8-46-5-3-1-45-4-6-2-55-100-68|81-96-54-41-43-40-36-35-37-72-71-93-94-67-62-50-34-31-29-27-26-30-32-84-95-91-80
138,3,956.0215,349.9724,314.0,947.4044,0,3,32.273641,32.31526,True,91-92-56-64-51-85-63-28-26-33-89-76-18-23-21-48-19-49-20-22-99-86-87-9-10-14-47-17-16-13-74-59-97-75-58-77-25-24-57-52-83-66|90-65-82-98-88-60-78-12-15-11-69-61-38-39-44-42-53-73-79-7-8-46-5-3-1-45-4-6-2-55-100-70-68|81-96-54-41-43-40-36-35-37-72-71-93-94-67-62-50-34-31-29-27-30-32-84-95-80
139,3,956.942,345.3685,358.0,947.4044,0,3,32.549802,32.595407,True,92-56-64-51-85-63-31-27-26-33-89-76-18-23-21-48-19-49-20-22-99-86-87-9-10-12-47-17-16-13-74-59-97-75-58-77-25-24-57-52-83-66|90-65-82-98-60-78-14-15-11-69-61-38-39-44-42-88-53-73-79-7-8-46-45-5-3-1-4-6-2-55-100-70-68|81-96-54-41-43-40-36-35-37-72-71-93-94-67-62-50-34-29-28-30-32-84-95-91-80
140,3,956.942,345.3685,358.0,947.4044,0,3,32.549802,32.595407,True,92-56-64-51-85-63-31-27-26-33-89-76-18-23-21-48-19-49-20-22-99-86-87-9-10-12-47-17-16-13-74-59-97-75-58-77-25-24-57-52-83-66|90-65-82-98-60-78-14-15-11-69-61-38-39-44-42-88-53-73-79-7-8-46-45-5-3-1-4-6-2-55-100-70-68|81-96-54-41-43-40-36-35-37-72-71-93-94-67-62-50-34-29-28-30-32-84-95-91-80
141,3,957.3445,390.5699,165.0,954.0373,0,3,32.670523,32.704724,True,80-94-92-91-51-20-22-49-19-18-48-21-23-62-67-95-56-64-83-66-82-99-52-86-87-9-10-13-97-59-74-58-75-77-25-24-57-65-90|88-78-73-12-14-47-17-16-15-11-69-61-38-39-42-44-1-3-5-45-8-79-60-53-98-55-6-7-46-4-2-100-70-68|41-43-40-36-35-37-72-71-50-34-31-29-27-26-28-30-32-33-89-76-63-85-84-93-96-54-81
142,3,957.3445,390.5699,165.0,954.0373,0,3,32.670523,32.704724,True,80-94-92-91-51-20-22-49-19-18-48-21-23-62-67-95-56-64-83-66-82-99-52-86-87-9-10-13-97-59-74-58-75-77-25-24-57-65-90|88-78-73-12-14-47-17-16-15-11-69-61-38-39-42-44-1-3-5-45-8-79-60-53-98-55-6-7-46-4-2-100-70-68|41-43-40-36-35-37-72-71-50-34-31-29-27-26-28-30-32-33-89-76-63-85-84-93-96-54-81
143,3,958.6698,343.6407,358.0,947.4044,0,3,33.068137,33.114002,True,92-56-64-51-63-85-31-27-26-33-89-76-18-23-21-48-19-49-20-22-99-86-87-9-10-12-47-17-16-13-74-59-97-75-58-77-25-24-57-52-83-66|90-65-82-98-60-78-14-15-11-69-61-38-39-44-42-88-53-73-79-7-8-46-45-5-3-1-4-6-2-55-100-70-68|81-96-54-41-43-40-36-35-37-72-71-93-94-67-62-50-34-29-28-30-32-84-95-91-80
144,3,960.2974,297.8325,364.0,947.4044,0,3,33.556394,33.596475,True,91-92-56-64-51-85-63-28-27-26-33-89-76-18-23-21-48-19-49-20-22-99-86-87-9-10-14-47-17-16-13-74-59-97-75-58-77-25-24-57-52-83-66|90-65-82-98-88-60-78-12-15-11-69-61-41-38-39-44-70-53-73-79-7-8-46-5-3-1-45-4-6-2-55-100-68|81-96-54-42-43-40-36-35-37-72-71-93-94-62-50-32-30-29-31-34-67-84-95-80
145,3,960.2974,297.8325,364.0,947.4044,0,3,33.556394,33.596475,True,91-92-56-64-51-85-63-28-27-26-33-89-76-18-23-21-48-19-49-20-22-99-86-87-9-10-14-47-17-16-13-74-59-97-75-58-77-25-24-57-52-83-66|90-65-82-98-88-60-78-12-15-11-69-61-41-38-39-44-70-53-73-79-7-8-46-5-3-1-45-4-6-2-55-100-68|81-96-54-42-43-40-36-35-37-72-71-93-94-62-50-32-30-29-31-34-67-84-95-80
146,3,960.3391,553.1401,33.0,919.9921,0,3,33.56892,33.610098,True,91-92-56-51-85-63-89-76-23-21-48-19-49-22-24-57-99-52-87-9-13-86-74-59-97-75-58-77-25-18-20-83|98-88-60-78-12-14-47-17-16-15-69-68-61-41-38-39-44-70-53-73-79-7-8-46-45-5-3-1-4-6-2-55-100|90-80-66-65-82-10-11-64-62-67-50-34-31-29-27-26-28-30-32-33-84-95-94-93-71-72-37-35-36-40-43-42-54-96-81
147,3,960.3391,553.1401,33.0,919.9921,0,3,33.56892,33.610098,True,91-92-56-51-85-63-89-76-23-21-48-19-49-22-24-57-99-52-87-9-13-86-74-59-97-75-58-77-25-18-20-83|98-88-60-78-12-14-47-17-16-15-69-68-61-41-38-39-44-70-53-73-79-7-8-46-45-5-3-1-4-6-2-55-100|90-80-66-65-82-10-11-64-62-67-50-34-31-29-27-26-28-30-32-33-84-95-94-93-71-72-37-35-36-40-43-42-54-96-81
148,3,962.674,339.2894,358.0,947.4044,0,3,34.269376,34.315789,True,92-56-64-51-85-63-31-27-26-28-89-76-18-23-21-48-19-49-20-22-99-86-87-9-10-12-47-17-16-13-59-97-75-74-58-77-25-24-57-52-83-66|90-65-82-98-60-78-14-15-11-69-61-38-39-44-42-88-53-73-79-7-8-46-45-5-3-1-4-6-2-55-100-70-68|81-96-54-41-43-40-36-35-37-72-71-93-94-67-62-50-34-29-30-32-33-84-95-91-80
149,3,965.0481,646.8941,542.0,880.0726,0,3,44.628563,44.730129,True,80-90-69-98-82-12-14-47-17-16-15-11-10-52-99-53-78-73-79-7-8-46-5-6-2-1-3-45-4-60-88-55-100-70-68|65-86-57-83-66-91-92-94-62-64-24-22-20-49-19-23-21-48-18-89-76-51-84-85-63-33-32-30-28-26-27-29-31-34-50-93-71-72-37-35-36-43-40-42-41-54-81|61-44-39-38-96-67-95-56-87-9-13-97-75-59-74-58-77-25
150,3,965.0481,646.8941,542.0,880.0726,0,3,44.628563,44.730129,True,80-90-69-98-82-12-14-47-17-16-15-11-10-52-99-53-78-73-79-7-8-46-5-6-2-1-3-45-4-60-88-55-100-70-68|65-86-57-83-66-91-92-94-62-64-24-22-20-49-19-23-21-48-18-89-76-51-84-85-63-33-32-30-28-26-27-29-31-34-50-93-71-72-37-35-36-43-40-42-41-54-81|61-44-39-38-96-67-95-56-87-9-13-97-75-59-74-58-77-25
151,3,966.3804,437.1396,146.0,953.94,0,3,35.381314,35.423296,True,92-95-27-33-89-76-18-23-48-49-22-24-57-99-52-86-87-9-10-12-14-47-13-74-59-97-75-58-77-25-21-19-20-64-83-65|82-98-88-60-78-73-17-16-15-11-69-61-38-39-43-44-42-70-53-79-8-46-45-5-3-1-4-7-6-2-55-100-68|81-37-35-36-40-41-72-54-96-71-93-94-67-62-50-34-31-29-26-28-30-32-63-85-51-84-56-66-91-80-90
152,3,966.3804,437.1396,146.0,953.94,0,3,35.381314,35.423296,True,92-95-27-33-89-76-18-23-48-49-22-24-57-99-52-86-87-9-10-12-14-47-13-74-59-97-75-58-77-25-21-19-20-64-83-65|82-98-88-60-78-73-17-16-15-11-69-61-38-39-43-44-42-70-53-79-8-46-45-5-3-1-4-7-6-2-55-100-68|81-37-35-36-40-41-72-54-96-71-93-94-67-62-50-34-31-29-26-28-30-32-63-85-51-84-56-66-91-80-90
153,3,966.4255,335.3512,354.0,947.4044,0,3,35.394851,35.441399,True,91-92-56-64-51-85-63-27-26-33-89-76-18-23-21-48-19-49-20-22-99-86-87-9-14-47-17-16-13-74-59-97-75-58-77-25-24-57-52-83-66|90-65-82-98-88-60-73-78-12-15-11-10-69-61-44-43-40-38-39-42-53-79-8-46-5-3-1-45-4-7-6-2-55-100-70-68|81-96-54-41-36-35-37-72-71-93-94-67-62-50-34-31-29-28-30-32-84-95-80
154,3,966.4255,335.3512,354.0,947.4044,0,3,35.394851,35.441399,True,91-92-56-64-51-85-63-27-26-33-89-76-18-23-21-48-19-49-20-22-99-86-87-9-14-47-17-16-13-74-59-97-75-58-77-25-24-57-52-83-66|90-65-82-98-88-60-73-78-12-15-11-10-69-61-44-43-40-38-39-42-53-79-8-46-5-3-1-45-4-7-6-2-55-100-70-68|81-96-54-41-36-35-37-72-71-93-94-67-62-50-34-31-29-28-30-32-84-95-80
155,3,966.4255,335.3512,354.0,947.4044,0,3,35.394851,35.441399,True,91-92-56-64-51-85-63-27-26-33-89-76-18-23-21-48-19-49-20-22-99-86-87-9-14-47-17-16-13-74-59-97-75-58-77-25-24-57-52-83-66|90-65-82-98-88-60-73-78-12-15-11-10-69-61-44-43-40-38-39-42-53-79-8-46-5-3-1-45-4-7-6-2-55-100-70-68|81-96-54-41-36-35-37-72-71-93-94-67-62-50-34-31-29-28-30-32-84-95-80
156,3,967.4842,534.5002,27.0,930.9994,0,3,35.712443,35.75402,True,91-56-64-51-85-63-89-76-23-21-48-19-49-22-24-57-99-52-87-9-13-86-74-59-97-75-58-77-25-18-20-83-90|98-88-60-73-78-12-14-47-17-16-15-69-68-61-41-38-39-44-43-70-53-79-8-46-45-5-3-1-4-7-6-2-55-100|80-92-66-65-82-10-11-67-62-50-34-31-29-27-26-28-30-32-33-84-95-94-93-71-72-37-35-36-40-42-54-96-81
157,3,967.4842,534.5002,27.0,930.9994,0,3,35.712443,35.75402,True,91-56-64-51-85-63-89-76-23-21-48-19-49-22-24-57-99-52-87-9-13-86-74-59-97-75-58-77-25-18-20-83-90|98-88-60-73-78-12-14-47-17-16-15-69-68-61-41-38-39-44-43-70-53-79-8-46-45-5-3-1-4-7-6-2-55-100|80-92-66-65-82-10-11-67-62-50-34-31-29-27-26-28-30-32-33-84-95-94-93-71-72-37-35-36-40-42-54-96-81
158,3,968.3161,546.2487,33.0,921.0777,0,3,35.962003,36.004703,True,91-92-56-51-85-63-89-76-21-23-48-18-19-49-22-24-99-52-87-9-13-86-74-59-97-75-58-77-25-20-57-83|98-88-60-78-12-47-17-16-15-14-69-68-61-41-38-39-44-70-53-73-79-8-46-45-5-3-1-4-7-6-2-55-100|90-80-66-65-82-10-11-64-62-67-50-34-31-29-27-26-28-30-32-33-84-95-94-93-71-72-37-35-36-40-43-42-54-96-81
159,3,968.4322,382.3681,252.0,942.3614,0,3,35.996846,36.040092,True,80-92-95-27-26-85-63-89-76-18-23-21-48-19-49-20-22-99-52-87-9-10-14-47-17-16-13-86-74-59-97-75-58-77-25-24-57-83-66-65|90-82-98-88-60-73-78-12-15-11-69-61-38-39-43-44-42-53-79-6-8-46-5-3-1-45-4-7-2-55-100-70-68|81-96-54-41-40-36-35-37-72-71-93-94-67-62-50-34-31-29-28-30-32-33-84-51-64-56-91
160,3,969.3262,425.2532,166.0,934.871,0,3,36.265033,36.305256,True,80-91-92-95-32-62-85-63-89-76-18-23-48-19-49-20-22-83-99-86-87-9-10-12-14-47-17-16-13-74-59-97-75-58-77-25-21-24-57-52|90-65-82-98-60-78-73-15-11-69-61-38-39-43-42-70-88-53-79-7-8-46-5-3-1-45-4-6-2-55-100-68|81-96-54-37-35-36-40-44-41-72-71-93-94-67-50-34-31-29-27-26-28-30-33-84-51-64-56-66
161,3,969.3262,425.2532,166.0,934.871,0,3,36.265033,36.305256,True,80-91-92-95-32-62-85-63-89-76-18-23-48-19-49-20-22-83-99-86-87-9-10-12-14-47-17-16-13-74-59-97-75-58-77-25-21-24-57-52|90-65-82-98-60-78-73-15-11-69-61-38-39-43-42-70-88-53-79-7-8-46-5-3-1-45-4-6-2-55-100-68|81-96-54-37-35-36-40-44-41-72-71-93-94-67-50-34-31-29-27-26-28-30-33-84-51-64-56-66
162,3,969.6751,335.2243,444.0,946.202,0,3,36.369713,36.426037,True,80-92-56-64-51-63-50-34-28-26-33-89-76-18-23-21-48-19-49-22-83-99-87-9-10-12-14-47-17-16-13-86-74-59-97-75-58-77-25-20-24-57-52-65|90-98-88-78-73-15-11-82-69-61-38-44-43-42-70-53-60-79-8-46-5-3-1-45-4-7-6-2-55-100-68|81-96-54-41-39-40-36-35-37-72-71-93-94-67-62-31-29-27-30-32-85-84-95-91-66
163,3,969.8952,317.2783,340.0,938.1164,0,3,36.435753,36.477837,True,80-92-56-64-51-26-27-62-85-63-89-76-18-23-21-48-19-49-20-83-99-52-87-9-10-12-14-47-17-16-13-86-74-59-97-75-58-77-25-22-24-57-65-90|98-88-60-78-73-15-11-82-69-68-61-38-44-43-42-70-53-79-8-46-5-3-1-45-4-7-6-2-55-100|81-96-54-41-39-40-36-35-37-72-71-93-94-67-50-34-31-29-28-30-32-33-84-95-91-66
164,3,969.8952,317.2783,340.0,938.1164,0,3,36.435753,36.477837,True,80-92-56-64-51-26-27-62-85-63-89-76-18-23-21-48-19-49-20-83-99-52-87-9-10-12-14-47-17-16-13-86-74-59-97-75-58-77-25-22-24-57-65-90|98-88-60-78-73-15-11-82-69-68-61-38-44-43-42-70-53-79-8-46-5-3-1-45-4-7-6-2-55-100|81-96-54-41-39-40-36-35-37-72-71-93-94-67-50-34-31-29-28-30-32-33-84-95-91-66
165,3,969.9359,387.3982,176.0,947.4044,0,3,36.447969,36.485577,True,80-91-92-62-85-63-89-76-18-23-21-48-19-49-20-22-99-86-87-9-10-47-17-16-13-74-59-97-75-58-77-25-24-57-52-83-66|90-65-82-98-88-60-73-78-12-14-15-11-69-39-38-40-44-43-42-53-79-7-8-46-5-3-1-45-4-6-2-55-70-100-61-68|81-96-54-72-41-37-36-35-31-33-32-30-28-26-27-29-34-50-67-71-93-94-95-84-51-64-56
166,3,969.9359,387.3982,176.0,947.4044,0,3,36.447969,36.485577,True,80-91-92-62-85-63-89-76-18-23-21-48-19-49-20-22-99-86-87-9-10-47-17-16-13-74-59-97-75-58-77-25-24-57-52-83-66|90-65-82-98-88-60-73-78-12-14-15-11-69-39-38-40-44-43-42-53-79-7-8-46-5-3-1-45-4-6-2-55-70-100-61-68|81-96-54-72-41-37-36-35-31-33-32-30-28-26-27-29-34-50-67-71-93-94-95-84-51-64-56
167,3,974.7816,310.3748,334.0,947.4044,0,3,37.901677,37.944985,True,92-56-64-51-28-26-27-62-85-63-89-76-18-23-21-48-19-49-20-22-99-86-87-9-10-14-47-17-16-13-74-59-97-75-58-77-25-24-57-52-83-66|90-65-82-98-88-60-73-78-12-15-11-69-61-38-39-43-44-42-70-53-79-7-8-46-5-3-1-45-4-6-2-55-100-68|81-96-54-41-40-36-35-37-72-71-93-94-67-50-34-31-29-30-32-33-84-95-91-80
168,3,974.7816,310.3748,334.0,947.4044,0,3,37.901677,37.944985,True,92-56-64-51-28-26-27-62-85-63-89-76-18-23-21-48-19-49-20-22-99-86-87-9-10-14-47-17-16-13-74-59-97-75-58-77-25-24-57-52-83-66|90-65-82-98-88-60-73-78-12-15-11-69-61-38-39-43-44-42-70-53-79-7-8-46-5-3-1-45-4-6-2-55-100-68|81-96-54-41-40-36-35-37-72-71-93-94-67-50-34-31-29-30-32-33-84-95-91-80
169,3,975.6322,394.8239,208.0,947.2867,0,3,38.156853,38.200466,True,80-92-27-26-28-30-85-63-76-18-23-21-48-19-49-22-24-99-87-9-10-14-47-17-16-13-52-86-74-59-97-75-58-77-25-57-83-64-66|90-65-82-98-88-60-78-12-15-11-69-61-38-39-44-42-70-53-73-79-7-8-46-5-3-1-45-4-6-2-55-100-68|81-96-54-41-43-40-36-35-37-72-71-93-94-67-62-50-34-31-29-32-33-89-20-51-84-95-56-91
170,3,976.5898,325.3088,284.0,945.1935,0,3,38.444123,38.484882,True,66-64-51-85-33-27-29-34-62-63-89-76-18-23-48-19-49-20-22-83-99-86-87-9-10-14-47-17-16-13-74-59-97-75-58-77-25-21-24-57-52-65|90-98-60-73-78-12-15-11-82-69-61-38-39-44-42-88-53-79-7-8-46-5-3-1-45-4-6-2-55-100-70-68|80-92-94-96-81-54-41-43-40-36-35-37-72-71-93-67-50-31-26-28-30-32-84-95-56-91
171,3,976.5898,325.3088,284.0,945.1935,0,3,38.444123,38.484882,True,66-64-51-85-33-27-29-34-62-63-89-76-18-23-48-19-49-20-22-83-99-86-87-9-10-14-47-17-16-13-74-59-97-75-58-77-25-21-24-57-52-65|90-98-60-73-78-12-15-11-82-69-61-38-39-44-42-88-53-79-7-8-46-5-3-1-45-4-6-2-55-100-70-68|80-92-94-96-81-54-41-43-40-36-35-37-72-71-93-67-50-31-26-28-30-32-84-95-56-91
172,3,981.9854,303.171,334.0,947.4044,0,3,40.062816,40.107204,True,92-56-64-51-28-26-27-62-85-63-89-76-18-23-21-48-19-49-20-22-99-86-87-9-10-14-47-17-16-13-74-59-97-75-58-77-25-24-57-52-83-66|90-65-82-98-88-60-73-78-12-15-11-69-61-38-39-43-44-42-70-53-79-8-7-46-5-1-3-45-4-6-2-55-100-68|81-96-54-41-40-36-35-37-72-71-93-94-67-50-34-31-29-30-32-33-84-95-91-80
173,3,981.9854,303.171,334.0,947.4044,0,3,40.062816,40.107204,True,92-56-64-51-28-26-27-62-85-63-89-76-18-23-21-48-19-49-20-22-99-86-87-9-10-14-47-17-16-13-74-59-97-75-58-77-25-24-57-52-83-66|90-65-82-98-88-60-73-78-12-15-11-69-61-38-39-43-44-42-70-53-79-8-7-46-5-1-3-45-4-6-2-55-100-68|81-96-54-41-40-36-35-37-72-71-93-94-67-50-34-31-29-30-32-33-84-95-91-80
174,3,983.8572,322.7538,274.0,947.7329,0,3,40.624345,40.666282,True,91-92-56-64-51-85-33-27-62-63-89-76-23-21-48-19-49-20-22-99-52-86-87-9-10-12-14-47-13-74-59-97-75-58-77-25-18-24-57-83-66|65-82-98-88-60-78-73-17-16-15-11-69-61-38-39-43-44-42-70-53-79-8-46-45-5-3-1-4-7-6-2-55-100-68|81-96-54-41-40-36-35-37-72-71-93-94-67-50-34-31-29-26-28-30-32-84-95-80-90
175,3,983.8572,322.7538,274.0,947.7329,0,3,40.624345,40.666282,True,91-92-56-64-51-85-33-27-62-63-89-76-23-21-48-19-49-20-22-99-52-86-87-9-10-12-14-47-13-74-59-97-75-58-77-25-18-24-57-83-66|65-82-98-88-60-78-73-17-16-15-11-69-61-38-39-43-44-42-70-53-79-8-46-45-5-3-1-4-7-6-2-55-100-68|81-96-54-41-40-36-35-37-72-71-93-94-67-50-34-31-29-26-28-30-32-84-95-80-90
176,3,985.2012,321.0045,300.0,947.4044,0,3,41.027556,41.072185,True,91-92-56-64-51-85-27-29-62-63-89-76-18-23-21-48-19-49-20-22-99-86-87-9-10-14-47-17-16-13-74-59-97-75-58-77-25-24-57-52-83-66|90-65-82-98-88-60-73-78-12-15-11-69-61-38-39-43-44-42-53-79-8-46-5-3-1-45-4-7-6-2-55-100-70-68|81-96-54-41-40-36-35-37-72-71-93-94-67-50-34-31-26-28-30-32-33-84-95-80
177,3,986.441,330.2334,280.0,947.4044,0,3,41.399502,41.443887,True,91-92-56-64-51-27-62-85-63-89-76-18-23-21-48-19-49-20-22-99-86-87-9-10-14-47-17-16-13-74-59-97-75-58-77-25-24-57-52-83-66|90-65-82-98-88-60-73-78-12-15-11-69-61-38-39-43-44-42-53-79-8-46-5-3-1-45-4-7-6-2-55-100-70-68|81-96-54-41-40-36-35-37-72-71-93-94-67-50-34-31-29-26-28-30-32-33-84-95-80
178,3,986.441,330.2334,280.0,947.4044,0,3,41.399502,41.443887,True,91-92-56-64-51-27-62-85-63-89-76-18-23-21-48-19-49-20-22-99-86-87-9-10-14-47-17-16-13-74-59-97-75-58-77-25-24-57-52-83-66|90-65-82-98-88-60-73-78-12-15-11-69-61-38-39-43-44-42-53-79-8-46-5-3-1-45-4-7-6-2-55-100-70-68|81-96-54-41-40-36-35-37-72-71-93-94-67-50-34-31-29-26-28-30-32-33-84-95-80
179,3,986.7893,319.8217,274.0,947.7329,0,3,41.503984,41.546361,True,91-92-56-64-51-85-33-27-62-63-89-76-23-21-48-19-49-20-22-99-52-86-87-9-10-12-14-47-13-74-59-97-75-58-77-25-18-24-57-83-66|65-82-98-88-60-78-73-17-16-15-11-69-61-38-39-43-44-42-70-53-79-8-46-45-5-3-1-4-7-6-2-55-100-68|81-96-54-37-35-36-40-41-72-71-93-94-67-50-34-31-29-26-28-30-32-84-95-80-90
180,3,986.7893,319.8217,274.0,947.7329,0,3,41.503984,41.546361,True,91-92-56-64-51-85-33-27-62-63-89-76-23-21-48-19-49-20-22-99-52-86-87-9-10-12-14-47-13-74-59-97-75-58-77-25-18-24-57-83-66|65-82-98-88-60-78-73-17-16-15-11-69-61-38-39-43-44-42-70-53-79-8-46-45-5-3-1-4-7-6-2-55-100-68|81-96-54-37-35-36-40-41-72-71-93-94-67-50-34-31-29-26-28-30-32-84-95-80-90
181,3,989.5414,330.4356,264.0,947.7329,0,3,42.329611,42.373406,True,91-92-56-64-51-85-33-27-62-63-89-76-23-21-48-19-49-20-22-99-52-86-87-9-10-12-14-47-13-74-59-97-75-58-77-25-18-24-57-83-66|65-82-78-73-17-16-15-11-69-61-38-39-44-43-1-3-5-8-7-79-60-53-98-88-55-6-46-45-4-2-100-70-68|81-37-35-36-40-42-41-72-54-96-71-93-94-67-50-34-31-29-26-28-30-32-84-95-80-90
182,3,991.1376,315.0778,244.0,947.4044,0,3,42.808465,42.848385,True,92-56-64-51-85-32-27-62-63-89-76-18-23-21-48-19-49-20-22-99-86-87-9-10-14-47-17-16-13-74-59-97-75-58-77-25-24-57-52-83-66|90-65-98-88-60-12-15-11-82-69-61-38-39-44-70-53-78-73-79-8-46-45-5-3-1-4-7-6-2-55-100-68|81-96-54-72-41-42-43-40-36-35-37-94-93-71-67-50-34-31-29-26-28-30-33-84-95-91-80
183,3,991.1376,315.0778,244.0,947.4044,0,3,42.808465,42.848385,True,92-56-64-51-85-32-27-62-63-89-76-18-23-21-48-19-49-20-22-99-86-87-9-10-14-47-17-16-13-74-59-97-75-58-77-25-24-57-52-83-66|90-65-98-88-60-12-15-11-82-69-61-38-39-44-70-53-78-73-79-8-46-45-5-3-1-4-7-6-2-55-100-68|81-96-54-72-41-42-43-40-36-35-37-94-93-71-67-50-34-31-29-26-28-30-33-84-95-91-80
184,3,992.641,291.8762,351.0,945.1935,0,3,43.259475,43.306734,True,66-64-51-85-33-27-29-31-34-62-63-89-76-18-23-48-19-49-20-22-83-99-86-87-9-10-14-47-17-16-13-74-59-97-75-58-77-25-21-24-57-52-65|92-91-90-98-60-73-78-12-15-11-82-69-61-38-39-44-42-88-53-79-7-8-46-5-3-1-45-4-6-2-55-100-70-68|81-96-54-41-43-40-36-35-37-72-71-93-94-67-50-26-28-30-32-84-95-56-80
185,3,992.641,291.8762,351.0,945.1935,0,3,43.259475,43.306734,True,66-64-51-85-33-27-29-31-34-62-63-89-76-18-23-48-19-49-20-22-83-99-86-87-9-10-14-47-17-16-13-74-59-97-75-58-77-25-21-24-57-52-65|92-91-90-98-60-73-78-12-15-11-82-69-61-38-39-44-42-88-53-79-7-8-46-5-3-1-45-4-6-2-55-100-70-68|81-96-54-41-43-40-36-35-37-72-71-93-94-67-50-26-28-30-32-84-95-56-80
186,3,994.8768,420.2416,76.0,955.9385,0,3,43.93023,43.971527,True,92-95-62-27-89-76-23-21-48-19-24-57-99-52-86-87-9-10-14-47-17-16-13-74-59-97-75-58-77-25-18-49-20-83-66-65|90-82-98-88-60-73-78-12-15-11-69-61-38-39-43-44-42-53-79-8-46-5-3-1-45-4-7-6-2-55-70-100-68|81-96-54-72-41-40-36-35-37-94-93-71-67-50-34-31-29-26-28-30-32-33-63-85-84-51-22-64-56-91-80
187,3,997.098,309.5131,274.0,947.7329,0,3,44.596574,44.640497,True,91-92-56-64-51-85-33-27-62-63-89-76-23-21-48-19-49-20-22-99-52-86-87-9-10-12-14-47-13-74-59-97-75-58-77-25-18-24-57-83-66|65-82-98-88-60-78-73-17-16-15-11-69-61-38-39-43-44-42-70-53-79-8-46-45-5-3-1-4-7-6-2-55-100-68|81-96-54-72-41-40-36-35-37-93-71-94-67-50-34-31-29-26-28-30-32-84-95-80-90
188,3,1000.6065,306.0045,274.0,947.7329,0,3,45.649147,45.693596,True,91-92-56-64-51-85-33-27-62-63-89-76-23-21-48-19-49-20-22-99-52-86-87-9-10-12-14-47-13-74-59-97-75-58-77-25-18-24-57-83-66|65-82-98-88-60-78-73-17-16-15-11-69-61-38-39-43-44-42-70-53-79-8-46-45-5-3-1-4-7-6-2-55-100-68|81-96-54-72-41-40-36-35-37-94-93-71-67-50-34-31-29-26-28-30-32-84-95-80-90
189,3,1000.6065,306.0045,274.0,947.7329,0,3,45.649147,45.693596,True,91-92-56-64-51-85-33-27-62-63-89-76-23-21-48-19-49-20-22-99-52-86-87-9-10-12-14-47-13-74-59-97-75-58-77-25-18-24-57-83-66|65-82-98-88-60-78-73-17-16-15-11-69-61-38-39-43-44-42-70-53-79-8-46-45-5-3-1-4-7-6-2-55-100-68|81-96-54-72-41-40-36-35-37-94-93-71-67-50-34-31-29-26-28-30-32-84-95-80-90
190,3,1001.7589,313.7815,324.0,947.4044,0,3,45.994844,46.045756,True,92-56-64-51-89-26-27-62-63-85-76-18-23-21-48-19-49-20-22-99-86-87-9-10-12-47-17-16-13-74-97-75-59-58-77-25-24-57-52-83-66|90-65-82-98-60-78-73-14-15-11-69-61-38-39-43-44-42-88-53-79-7-8-46-45-5-3-1-4-6-2-55-100-70-68|81-96-54-41-40-36-35-37-72-71-93-94-67-50-34-29-31-28-30-32-33-84-95-91-80
191,3,1001.9115,283.8278,356.0,953.6762,0,3,46.040627,46.091233,True,90-82-98-88-60-78-12-14-47-17-16-15-11-69-61-38-39-42-44-43-1-3-5-45-8-79-73-7-6-46-4-2-55-13-74-58-77-25-57-100-70|65-66-24-22-20-49-19-23-21-48-18-89-76-51-67-84-85-63-33-32-30-28-26-27-29-31-34-50-93-71-72-37-35-36-40-41-54-68|81-96-94-92-80-91-95-62-56-64-83-99-52-86-75-97-59-87-9-10-53
192,3,1001.9506,304.2552,300.0,947.4044,0,3,46.052358,46.099499,True,91-92-56-64-51-85-27-29-62-63-89-76-18-23-21-48-19-49-20-22-99-86-87-9-10-14-47-17-16-13-74-59-97-75-58-77-25-24-57-52-83-66|90-65-82-98-88-60-73-78-12-15-11-69-61-38-39-43-44-42-53-79-8-46-5-3-1-45-4-7-6-2-55-100-70-68|81-96-54-72-41-40-36-35-37-94-93-71-67-50-34-31-26-28-30-32-33-84-95-80
193,3,1002.2786,304.3325,274.0,947.7329,0,3,46.150758,46.195458,True,91-92-56-64-51-85-33-27-62-63-89-76-23-21-48-19-49-20-22-52-99-86-87-9-10-12-14-47-13-74-59-97-75-58-77-25-18-24-57-83-66|65-82-98-88-60-78-73-17-16-15-11-69-61-38-39-43-44-42-70-53-79-8-46-45-5-3-1-4-7-6-2-55-100-68|81-96-54-72-41-40-36-35-37-94-93-71-67-50-34-31-29-26-28-30-32-84-95-80-90
194,3,1004.8362,298.4723,320.0,947.4044,0,3,46.918038,46.967177,True,91-92-56-64-51-27-62-85-63-89-76-18-23-21-48-19-49-20-22-99-86-87-9-10-14-47-17-16-13-74-59-97-75-58-77-25-24-57-52-83-66|90-65-82-98-88-60-73-78-12-15-11-69-42-44-43-40-38-41-61-53-79-8-46-5-3-1-45-4-7-6-2-55-70-100-68|81-54-96-94-93-71-72-39-37-36-35-67-50-34-31-29-26-28-30-32-33-84-95-80
195,3,1004.8362,298.4723,320.0,947.4044,0,3,46.918038,46.967177,True,91-92-56-64-51-27-62-85-63-89-76-18-23-21-48-19-49-20-22-99-86-87-9-10-14-47-17-16-13-74-59-97-75-58-77-25-24-57-52-83-66|90-65-82-98-88-60-73-78-12-15-11-69-42-44-43-40-38-41-61-53-79-8-46-5-3-1-45-4-7-6-2-55-70-100-68|81-54-96-94-93-71-72-39-37-36-35-67-50-34-31-29-26-28-30-32-33-84-95-80
196,3,1005.1936,295.6632,273.0,957.2211,0,3,47.025257,47.070855,True,80-91-92-56-64-51-85-29-31-62-63-89-76-18-23-21-48-19-49-20-22-99-87-9-10-12-16-13-86-74-59-97-75-58-77-25-24-57-83-52-82|90-65-98-60-78-73-14-47-17-15-11-69-41-38-39-43-44-42-70-88-53-79-8-46-5-3-1-45-4-7-6-2-55-100|68-61-37-35-36-40-72-54-81-96-71-93-94-67-50-34-27-26-28-30-32-33-84-95-66
197,3,1005.1936,295.6632,273.0,957.2211,0,3,47.025257,47.070855,True,80-91-92-56-64-51-85-29-31-62-63-89-76-18-23-21-48-19-49-20-22-99-87-9-10-12-16-13-86-74-59-97-75-58-77-25-24-57-83-52-82|90-65-98-60-78-73-14-47-17-15-11-69-41-38-39-43-44-42-70-88-53-79-8-46-5-3-1-45-4-7-6-2-55-100|68-61-37-35-36-40-72-54-81-96-71-93-94-67-50-34-27-26-28-30-32-33-84-95-66
198,3,1005.9506,314.2552,280.0,947.4044,0,3,47.252358,47.300199,True,91-92-56-64-51-85-27-62-63-89-76-18-23-21-48-19-49-20-22-99-86-87-9-10-14-47-17-16-13-74-59-97-75-58-77-25-24-57-52-83-66|90-65-82-98-88-60-73-78-12-15-11-69-61-38-39-43-44-42-53-79-8-46-5-3-1-45-4-7-6-2-55-100-70-68|81-96-54-72-41-40-36-35-37-94-93-71-67-50-34-29-31-26-28-30-32-33-84-95-80
199,3,1009.8044,296.8066,294.0,947.7329,0,3,48.408511,48.45634,True,91-92-56-64-51-85-33-27-62-63-89-76-23-21-48-19-49-22-20-99-52-86-87-9-10-14-12-47-17-13-74-59-97-75-58-77-25-18-24-57-83-66|65-82-98-88-60-78-73-16-15-11-69-61-38-39-43-44-42-70-53-79-8-46-45-5-3-1-4-7-6-2-55-100-68|81-96-54-72-41-40-36-35-37-94-93-71-67-50-34-31-29-26-28-30-32-84-95-80-90
200,3,1009.8044,296.8066,294.0,947.7329,0,3,48.408511,48.45634,True,91-92-56-64-51-85-33-27-62-63-89-76-23-21-48-19-49-22-20-99-52-86-87-9-10-14-12-47-17-13-74-59-97-75-58-77-25-18-24-57-83-66|65-82-98-88-60-78-73-16-15-11-69-61-38-39-43-44-42-70-53-79-8-46-45-5-3-1-4-7-6-2-55-100-68|81-96-54-72-41-40-36-35-37-94-93-71-67-50-34-31-29-26-28-30-32-84-95-80-90
201,3,1016.0218,367.0937,230.0,947.4044,0,3,50.273717,50.327505,True,91-92-56-64-51-27-62-85-63-89-76-18-23-21-48-19-49-20-22-99-86-87-9-10-14-47-17-16-13-74-59-97-75-58-77-25-24-57-52-83-66|90-65-82-98-88-60-73-78-12-15-11-69-38-53-79-8-46-5-3-1-45-4-7-6-2-55-100-70-61-68|81-96-54-72-41-39-37-35-36-40-43-42-44-71-67-50-34-31-29-26-28-30-32-33-84-95-93-94-80
202,3,1016.4999,328.1018,192.0,933.9248,0,3,50.417165,50.459426,True,81-61-42-43-40-36-35-37-72-71-93-94-67-62-56-64-66-65-99-82-53-9-87-86-52-57-18-21-74-59-13-97-75-58-77-25-83-90|68-88-98-12-14-47-17-16-15-11-10-69-41-38-44-1-3-5-45-46-8-7-79-73-78-60-6-4-2-55-100-70-39-54-96|80-91-92-95-50-34-31-29-27-26-28-30-32-33-85-63-76-48-23-19-49-24-22-20-89-51-84
203,3,1016.4999,328.1018,192.0,933.9248,0,3,50.417165,50.459426,True,81-61-42-43-40-36-35-37-72-71-93-94-67-62-56-64-66-65-99-82-53-9-87-86-52-57-18-21-74-59-13-97-75-58-77-25-83-90|68-88-98-12-14-47-17-16-15-11-10-69-41-38-44-1-3-5-45-46-8-7-79-73-78-60-6-4-2-55-100-70-39-54-96|80-91-92-95-50-34-31-29-27-26-28-30-32-33-85-63-76-48-23-19-49-24-22-20-89-51-84
204,3,1016.8565,289.7545,274.0,947.7329,0,3,50.524136,50.571023,True,91-92-56-64-51-85-33-27-62-63-89-76-23-21-48-19-49-20-22-99-52-86-87-9-10-12-14-47-13-74-59-97-75-58-77-25-18-24-57-83-66|65-82-98-88-60-78-73-17-16-15-11-69-61-38-39-43-44-42-70-53-79-8-46-45-5-3-1-4-7-6-2-55-100-68|81-96-54-72-40-41-36-35-37-94-93-71-67-50-34-31-29-26-28-30-32-84-95-80-90
205,3,1016.8565,289.7545,274.0,947.7329,0,3,50.524136,50.571023,True,91-92-56-64-51-85-33-27-62-63-89-76-23-21-48-19-49-20-22-99-52-86-87-9-10-12-14-47-13-74-59-97-75-58-77-25-18-24-57-83-66|65-82-98-88-60-78-73-17-16-15-11-69-61-38-39-43-44-42-70-53-79-8-46-45-5-3-1-4-7-6-2-55-100-68|81-96-54-72-40-41-36-35-37-94-93-71-67-50-34-31-29-26-28-30-32-84-95-80-90
206,3,1017.1185,297.5889,312.0,947.4044,0,3,50.602725,50.654616,True,91-92-64-51-33-27-34-62-85-63-89-76-18-23-21-48-19-49-20-22-99-86-87-9-10-47-17-16-13-74-59-97-75-58-77-25-24-57-52-83-66|90-65-82-98-88-60-12-14-15-11-69-38-39-43-44-42-53-78-73-79-8-5-3-1-45-46-4-6-7-2-55-70-100-61-68|81-96-54-72-41-40-35-36-37-94-93-71-67-50-31-29-26-28-30-32-84-95-56-80
207,3,1017.1185,297.5889,312.0,947.4044,0,3,50.602725,50.654616,True,91-92-64-51-33-27-34-62-85-63-89-76-18-23-21-48-19-49-20-22-99-86-87-9-10-47-17-16-13-74-59-97-75-58-77-25-24-57-52-83-66|90-65-82-98-88-60-12-14-15-11-69-38-39-43-44-42-53-78-73-79-8-5-3-1-45-46-4-6-7-2-55-70-100-61-68|81-96-54-72-41-40-35-36-37-94-93-71-67-50-31-29-26-28-30-32-84-95-56-80
208,3,1017.8419,516.3664,26.0,942.9808,0,3,50.819746,50.875407,True,91-56-64-51-85-63-89-76-23-21-48-19-49-22-24-57-99-52-87-9-13-86-74-59-97-75-58-77-25-18-20-83-66-90|98-88-60-73-78-12-14-47-16-15-69-41-38-39-43-44-42-53-17-79-8-6-7-46-45-5-3-1-4-2-55-100-70-61|68-80-92-65-82-10-11-67-62-50-34-31-29-27-26-28-30-32-33-84-95-94-93-71-72-37-35-36-40-54-96-81
209,3,1017.8419,516.3664,26.0,942.9808,0,3,50.819746,50.875407,True,91-56-64-51-85-63-89-76-23-21-48-19-49-22-24-57-99-52-87-9-13-86-74-59-97-75-58-77-25-18-20-83-66-90|98-88-60-73-78-12-14-47-16-15-69-41-38-39-43-44-42-53-17-79-8-6-7-46-45-5-3-1-4-2-55-100-70-61|68-80-92-65-82-10-11-67-62-50-34-31-29-27-26-28-30-32-33-84-95-94-93-71-72-37-35-36-40-54-96-81
210,3,1026.9683,264.5664,353.0,947.4044,0,3,53.557668,53.611661,True,91-92-56-64-51-26-27-62-85-63-89-76-18-23-21-48-19-49-20-22-99-86-87-9-10-14-47-17-16-13-74-59-97-75-58-77-25-24-57-52-83-66|90-65-82-98-88-60-73-78-12-15-11-69-61-38-39-42-44-43-8-79-53-80-55-2-6-7-46-4-45-5-3-1-100-70-68|81-96-54-41-40-36-35-37-72-71-93-94-67-50-34-31-29-28-30-32-33-84-95
211,3,1026.9683,264.5664,353.0,947.4044,0,3,53.557668,53.611661,True,91-92-56-64-51-26-27-62-85-63-89-76-18-23-21-48-19-49-20-22-99-86-87-9-10-14-47-17-16-13-74-59-97-75-58-77-25-24-57-52-83-66|90-65-82-98-88-60-73-78-12-15-11-69-61-38-39-42-44-43-8-79-53-80-55-2-6-7-46-4-45-5-3-1-100-70-68|81-96-54-41-40-36-35-37-72-71-93-94-67-50-34-31-29-28-30-32-33-84-95
212,3,1028.4015,484.5208,27.0,941.9374,0,3,53.987649,54.041645,True,91-56-64-51-85-63-89-76-23-21-48-19-49-22-24-57-99-52-87-9-13-86-74-59-97-75-58-77-18-25-20-83-90|98-88-60-73-78-12-14-47-17-16-15-69-68-61-41-38-39-44-43-70-53-79-8-46-45-5-3-1-4-7-6-2-55-100|80-92-66-82-10-65-11-67-62-50-34-31-29-27-26-28-30-32-33-84-95-94-93-71-72-37-35-36-40-42-54-96-81
213,3,1028.4015,484.5208,27.0,941.9374,0,3,53.987649,54.041645,True,91-56-64-51-85-63-89-76-23-21-48-19-49-22-24-57-99-52-87-9-13-86-74-59-97-75-58-77-18-25-20-83-90|98-88-60-73-78-12-14-47-17-16-15-69-68-61-41-38-39-44-43-70-53-79-8-46-45-5-3-1-4-7-6-2-55-100|80-92-66-82-10-65-11-67-62-50-34-31-29-27-26-28-30-32-33-84-95-94-93-71-72-37-35-36-40-42-54-96-81
214,3,1033.3535,437.2781,540.0,926.8548,0,3,55.473238,55.57067,True,98-88-60-78-12-14-47-17-16-15-11-10-82-69-81-96-93-67-80-65-99-52-87-9-13-86-74-59-97-75-58-77-25-57-83-66-90|91-56-70-64-24-22-20-49-19-23-21-48-18-89-76-63-51-84-85-33-32-30-28-26-27-29-31-34-71-72-37-35-36-40-39-42-4-3-5-45-46-6-2-100-61-68|92-95-62-94-50-54-41-38-44-43-1-8-7-79-73-53-55
215,3,1033.3535,437.2781,540.0,926.8548,0,3,55.473238,55.57067,True,98-88-60-78-12-14-47-17-16-15-11-10-82-69-81-96-93-67-80-65-99-52-87-9-13-86-74-59-97-75-58-77-25-57-83-66-90|91-56-70-64-24-22-20-49-19-23-21-48-18-89-76-63-51-84-85-33-32-30-28-26-27-29-31-34-71-72-37-35-36-40-39-42-4-3-5-45-46-6-2-100-61-68|92-95-62-94-50-54-41-38-44-43-1-8-7-79-73-53-55
216,4,1043.1496,882.9429,264.0,890.1079,0,4,80.03588,80.170289,True,90-69-82-12-14-47-17-16-15-11-10-52-99-53-78-73-79-7-8-6-2-46-5-3-1-45-4-60-88-55-100-70-68|64-92-67-62-50-34-31-29-26-28-32-63-85-51-18-48-21-19-20-22-24-66-91-80|61-42-44-43-40-39-38-72-71-93-94-95-84-56-87-9-13-74-58-77-25-83|81-96-54-41-37-36-35-27-30-33-89-76-49-23-75-97-59-86-57-65-98
217,4,1043.1496,882.9429,264.0,890.1079,0,4,80.03588,80.170289,True,90-69-82-12-14-47-17-16-15-11-10-52-99-53-78-73-79-7-8-6-2-46-5-3-1-45-4-60-88-55-100-70-68|64-92-67-62-50-34-31-29-26-28-32-63-85-51-18-48-21-19-20-22-24-66-91-80|61-42-44-43-40-39-38-72-71-93-94-95-84-56-87-9-13-74-58-77-25-83|81-96-54-41-37-36-35-27-30-33-89-76-49-23-75-97-59-86-57-65-98
218,8,1051.4226,3487.8604,494.0,887.0153,0,8,470.773512,471.324877,True,88-60-73-78-12-14-47-17-16-15-11-10-9-13-90|18-48-21-23-77-58-75-97|81-54-96-93-71-72-41-42-44-39-38-37-35-36-40-43-1-3-5-45-8-79-7-6-46-4-2-100-70-61-68|80-92-67-94|91-95-62-50-34-31-29-27-26-28-30-32-33-89-76-63-85-51-84-56|69-82-52-57-25-19-20-66|83-86-59-74-24-22-49-64|65-99-87-53-98-55
219,3,1053.2331,339.8389,230.0,931.5119,0,3,61.437109,61.495588,True,92-63-28-26-27-29-31-34-33-62-89-76-23-21-48-19-49-24-83-99-86-87-9-10-14-47-17-16-13-52-74-59-97-75-58-77-25-18-51-80|90-82-98-88-60-73-78-12-15-11-69-61-38-39-43-44-42-53-79-8-46-5-3-1-45-4-7-6-2-55-100-70-68|81-96-54-41-40-36-35-37-72-71-93-94-67-50-30-32-85-84-20-22-57-64-56-95-91-66-65
220,3,1053.2331,339.8389,230.0,931.5119,0,3,61.437109,61.495588,True,92-63-28-26-27-29-31-34-33-62-89-76-23-21-48-19-49-24-83-99-86-87-9-10-14-47-17-16-13-52-74-59-97-75-58-77-25-18-51-80|90-82-98-88-60-73-78-12-15-11-69-61-38-39-43-44-42-53-79-8-46-5-3-1-45-4-7-6-2-55-100-70-68|81-96-54-41-40-36-35-37-72-71-93-94-67-50-30-32-85-84-20-22-57-64-56-95-91-66-65
221,3,1055.1938,407.2547,87.0,951.7807,0,3,62.025331,62.083252,True,80-91-92-56-95-32-26-27-34-50-62-85-63-76-51-99-52-87-9-14-79-47-17-16-13-86-74-59-97-75-58-77-25-48-18-49-57-82|98-88-78-73-12-15-11-10-69-54-41-38-44-42-61-70-53-60-8-46-5-3-1-45-4-7-6-2-55-100-68|90-65-66-83-64-20-22-24-19-23-21-89-33-30-28-29-31-67-84-94-93-71-72-37-35-36-40-43-39-96-81
222,3,1055.1938,407.2547,87.0,951.7807,0,3,62.025331,62.083252,True,80-91-92-56-95-32-26-27-34-50-62-85-63-76-51-99-52-87-9-14-79-47-17-16-13-86-74-59-97-75-58-77-25-48-18-49-57-82|98-88-78-73-12-15-11-10-69-54-41-38-44-42-61-70-53-60-8-46-5-3-1-45-4-7-6-2-55-100-68|90-65-66-83-64-20-22-24-19-23-21-89-33-30-28-29-31-67-84-94-93-71-72-37-35-36-40-43-39-96-81
223,3,1058.1657,425.1223,50.0,957.6358,0,3,62.916887,62.975557,True,80-91-92-95-50-34-27-26-32-62-85-63-76-51-99-87-53-79-17-9-13-74-59-97-75-58-77-25-48-18-49-64-83-66|98-88-78-73-12-14-47-16-15-11-10-69-54-41-38-44-42-61-70-60-8-46-5-3-1-45-4-7-6-2-55-100-68|90-65-82-52-86-57-24-22-20-19-23-21-89-33-30-28-29-31-67-84-56-94-93-71-72-37-35-36-40-43-39-96-81
224,3,1058.1657,425.1223,50.0,957.6358,0,3,62.916887,62.975557,True,80-91-92-95-50-34-27-26-32-62-85-63-76-51-99-87-53-79-17-9-13-74-59-97-75-58-77-25-48-18-49-64-83-66|98-88-78-73-12-14-47-16-15-11-10-69-54-41-38-44-42-61-70-60-8-46-5-3-1-45-4-7-6-2-55-100-68|90-65-82-52-86-57-24-22-20-19-23-21-89-33-30-28-29-31-67-84-56-94-93-71-72-37-35-36-40-43-39-96-81
225,3,1058.5584,288.5815,340.0,947.4044,0,3,63.034712,63.100484,True,91-92-56-64-51-26-27-62-85-63-89-76-18-23-21-48-19-49-20-22-99-86-87-9-10-14-47-17-16-13-74-59-97-75-58-77-25-24-57-52-83-66|90-65-82-98-88-60-73-78-12-15-11-69-61-38-39-43-44-42-53-79-8-5-3-1-45-4-7-6-2-55-100-70-68-81|96-54-46-41-40-36-35-37-72-71-93-94-67-50-34-31-29-28-30-32-33-84-95-80
226,3,1058.5584,288.5815,340.0,947.4044,0,3,63.034712,63.100484,True,91-92-56-64-51-26-27-62-85-63-89-76-18-23-21-48-19-49-20-22-99-86-87-9-10-14-47-17-16-13-74-59-97-75-58-77-25-24-57-52-83-66|90-65-82-98-88-60-73-78-12-15-11-69-61-38-39-43-44-42-53-79-8-5-3-1-45-4-7-6-2-55-100-70-68-81|96-54-46-41-40-36-35-37-72-71-93-94-67-50-34-31-29-28-30-32-33-84-95-80
227,5,1066.9122,1581.5176,152.0,899.7723,0,5,184.822093,185.058967,True,90-69-98-88-15-11-52-64-84-56-66-82-53-12-14-47-17-78-60-55|1-3-5-45-8-79-73-9-87-59-97-75-74-58-77-86-57-65|80-92-95-62-50-34-31-29-27-26-28-30-32-33-89-76-18-48-21-25-83|24-22-20-49-23-19-51-63-85-67-71-93-94-91-99-10-13-16-7-6-46-4-2-100-61-81|96-54-72-41-39-40-36-35-37-38-43-44-42-70-68
228,9,1073.7907,3879.0768,479.0,887.0153,0,9,529.455972,530.071529,True,12-14-47-17-16-15-11-10-9-13-90|66-18-48-21-23-77-58-75-97|81-54-96-93-71-72-41-42-44-39-38-37-35-36-40-43-1-3-5-45-8-46-4-7-6-2-100-70-61-68|80-92-67-94|69-98-53-78-73-79-60-88-55|91-95-62-50-33-32-30-28-26-27-29-31-34-89-76-63-85-51-84-56|82-52-57-25-19-49-20-83|86-59-74-24-22-64|65-99-87
229,3,1077.7872,475.0636,63.0,942.9808,0,3,68.803354,68.874503,True,91-56-64-51-85-63-89-76-23-21-48-19-49-22-24-57-99-52-87-9-13-86-74-59-97-75-58-77-25-18-20-83-66-90|98-88-60-73-78-12-14-47-16-15-69-41-38-39-43-44-42-53-17-79-8-61-46-45-5-3-1-4-7-6-2-55-100-70-68|80-92-65-82-10-11-67-62-34-31-29-27-26-28-30-32-33-84-95-50-94-93-71-72-37-35-36-40-54-96-81
230,3,1077.8246,611.1629,81.0,916.4972,0,3,68.814561,68.903964,True,64-51-85-63-89-76-18-23-21-48-19-49-20-22-99-9-87-86-52-56-66-14-47-17-16-13-74-59-97-75-58-77-25-24-57-83|90-82-98-88-60-73-78-12-15-11-10-69-61-38-43-44-42-53-8-46-5-3-1-45-4-7-6-2-100-70-65|80-92-62-50-33-32-30-28-26-27-29-31-34-67-95-84-79-55-68-81-54-41-39-40-36-35-37-72-71-93-96-94-91
231,3,1077.8246,611.1629,81.0,916.4972,0,3,68.814561,68.903964,True,64-51-85-63-89-76-18-23-21-48-19-49-20-22-99-9-87-86-52-56-66-14-47-17-16-13-74-59-97-75-58-77-25-24-57-83|90-82-98-88-60-73-78-12-15-11-10-69-61-38-43-44-42-53-8-46-5-3-1-45-4-7-6-2-100-70-65|80-92-62-50-33-32-30-28-26-27-29-31-34-67-95-84-79-55-68-81-54-41-39-40-36-35-37-72-71-93-96-94-91
232,3,1081.327,393.8741,152.0,958.1906,0,3,69.865287,69.936502,True,61-42-43-40-36-37-72-71-93-67-62-56-64-83-66-65-99-52-57-86-87-9-74-59-13-97-75-77-58-25-28|68-88-98-82-10-12-14-47-17-16-15-11-69-41-38-44-70-53-60-78-73-79-8-46-45-5-3-1-4-7-6-2-55-100-90|80-91-92-50-34-31-29-27-26-30-32-33-89-76-18-23-21-48-19-49-24-22-20-51-63-85-84-95-94-96-54-35-39-81
233,3,1081.327,393.8741,152.0,958.1906,0,3,69.865287,69.936502,True,61-42-43-40-36-37-72-71-93-67-62-56-64-83-66-65-99-52-57-86-87-9-74-59-13-97-75-77-58-25-28|68-88-98-82-10-12-14-47-17-16-15-11-69-41-38-44-70-53-60-78-73-79-8-46-45-5-3-1-4-7-6-2-55-100-90|80-91-92-50-34-31-29-27-26-30-32-33-89-76-18-23-21-48-19-49-24-22-20-51-63-85-84-95-94-96-54-35-39-81
234,3,1082.3324,541.8713,238.0,901.3184,0,3,70.166911,70.260696,True,80-94-92-91-82-10-11-67-62-95-56-64-83-99-52-86-87-9-13-74-59-97-75-58-77-25-65-90|88-60-73-78-12-14-47-17-16-15-69-54-41-38-39-42-44-43-1-3-5-45-8-79-7-6-46-4-2-55-100-70-68|93-66-51-20-22-24-49-19-23-21-48-18-89-76-57-53-98-84-85-63-50-33-32-30-28-26-27-29-31-34-71-96-72-37-35-36-40-61-81
235,3,1082.3324,541.8713,238.0,901.3184,0,3,70.166911,70.260696,True,80-94-92-91-82-10-11-67-62-95-56-64-83-99-52-86-87-9-13-74-59-97-75-58-77-25-65-90|88-60-73-78-12-14-47-17-16-15-69-54-41-38-39-42-44-43-1-3-5-45-8-79-7-6-46-4-2-55-100-70-68|93-66-51-20-22-24-49-19-23-21-48-18-89-76-57-53-98-84-85-63-50-33-32-30-28-26-27-29-31-34-71-96-72-37-35-36-40-61-81
236,3,1085.7768,266.4478,280.0,947.4044,0,3,71.200224,71.264842,True,91-92-56-64-51-27-62-85-63-89-76-18-23-21-48-19-49-20-22-99-86-87-9-10-14-47-17-16-13-74-59-97-75-58-77-25-24-57-52-83-66|90-65-82-98-88-60-73-78-12-15-11-69-61-38-39-43-44-42-53-79-8-46-5-3-1-45-4-7-6-2-55-68-100-70|81-96-54-41-40-36-35-37-26-72-71-93-94-67-50-34-31-29-28-30-32-33-84-95-80
237,3,1085.7768,266.4478,280.0,947.4044,0,3,71.200224,71.264842,True,91-92-56-64-51-27-62-85-63-89-76-18-23-21-48-19-49-20-22-99-86-87-9-10-14-47-17-16-13-74-59-97-75-58-77-25-24-57-52-83-66|90-65-82-98-88-60-73-78-12-15-11-69-61-38-39-43-44-42-53-79-8-46-5-3-1-45-4-7-6-2-55-68-100-70|81-96-54-41-40-36-35-37-26-72-71-93-94-67-50-34-31-29-28-30-32-33-84-95-80
238,3,1085.7768,266.4478,280.0,947.4044,0,3,71.200224,71.264842,True,91-92-56-64-51-27-62-85-63-89-76-18-23-21-48-19-49-20-22-99-86-87-9-10-14-47-17-16-13-74-59-97-75-58-77-25-24-57-52-83-66|90-65-82-98-88-60-73-78-12-15-11-69-61-38-39-43-44-42-53-79-8-46-5-3-1-45-4-7-6-2-55-68-100-70|81-96-54-41-40-36-35-37-26-72-71-93-94-67-50-34-31-29-28-30-32-33-84-95-80
239,3,1085.7768,266.4478,280.0,947.4044,0,3,71.200224,71.264842,True,91-92-56-64-51-27-62-85-63-89-76-18-23-21-48-19-49-20-22-99-86-87-9-10-14-47-17-16-13-74-59-97-75-58-77-25-24-57-52-83-66|90-65-82-98-88-60-73-78-12-15-11-69-61-38-39-43-44-42-53-79-8-46-5-3-1-45-4-7-6-2-55-68-100-70|81-96-54-41-40-36-35-37-26-72-71-93-94-67-50-34-31-29-28-30-32-33-84-95-80
240,3,1085.7899,420.8744,71.0,958.1906,0,3,71.204158,71.272662,True,68-70-42-43-40-36-37-72-71-93-67-62-56-64-83-66-65-99-52-10-9-87-86-57-74-59-13-97-75-77-58-25-28|90-82-12-14-47-17-16-15-11-69-38-39-44-53-78-73-79-7-6-8-46-45-5-3-1-4-2-60-55-100-88-98|80-91-92-50-34-31-29-27-26-30-32-33-89-76-18-23-21-48-19-49-24-22-20-51-63-85-84-95-94-96-54-35-41-61-81
241,3,1085.7899,420.8744,71.0,958.1906,0,3,71.204158,71.272662,True,68-70-42-43-40-36-37-72-71-93-67-62-56-64-83-66-65-99-52-10-9-87-86-57-74-59-13-97-75-77-58-25-28|90-82-12-14-47-17-16-15-11-69-38-39-44-53-78-73-79-7-6-8-46-45-5-3-1-4-2-60-55-100-88-98|80-91-92-50-34-31-29-27-26-30-32-33-89-76-18-23-21-48-19-49-24-22-20-51-63-85-84-95-94-96-54-35-41-61-81
242,3,1086.8934,388.3077,92.0,958.1906,0,3,71.535208,71.601258,True,61-42-43-40-36-37-72-71-93-67-62-56-64-83-66-65-99-52-10-9-87-86-57-74-59-13-97-75-77-58-25-28|68-88-98-82-12-14-47-17-16-15-11-69-41-38-44-70-53-60-78-73-79-8-46-45-5-3-1-4-7-6-2-55-100-90|80-91-92-50-34-31-29-27-26-30-32-33-89-76-18-23-21-48-19-49-24-22-20-51-63-85-84-95-94-96-54-35-39-81
243,3,1086.8934,388.3077,92.0,958.1906,0,3,71.535208,71.601258,True,61-42-43-40-36-37-72-71-93-67-62-56-64-83-66-65-99-52-10-9-87-86-57-74-59-13-97-75-77-58-25-28|68-88-98-82-12-14-47-17-16-15-11-69-41-38-44-70-53-60-78-73-79-8-46-45-5-3-1-4-7-6-2-55-100-90|80-91-92-50-34-31-29-27-26-30-32-33-89-76-18-23-21-48-19-49-24-22-20-51-63-85-84-95-94-96-54-35-39-81
244,3,1088.2075,386.9936,92.0,958.1906,0,3,71.929438,71.995684,True,61-42-43-40-36-37-72-71-93-67-62-56-64-83-66-65-99-52-10-9-87-86-57-74-59-13-97-75-77-58-25-28|68-88-98-82-12-14-47-17-16-15-11-69-41-38-44-70-53-60-78-73-79-8-46-45-5-1-3-4-7-6-2-55-100-90|80-91-92-50-34-31-29-27-26-30-32-33-89-76-18-23-21-48-19-49-24-22-20-51-63-85-84-95-94-96-54-35-39-81
245,3,1088.2075,386.9936,92.0,958.1906,0,3,71.929438,71.995684,True,61-42-43-40-36-37-72-71-93-67-62-56-64-83-66-65-99-52-10-9-87-86-57-74-59-13-97-75-77-58-25-28|68-88-98-82-12-14-47-17-16-15-11-69-41-38-44-70-53-60-78-73-79-8-46-45-5-1-3-4-7-6-2-55-100-90|80-91-92-50-34-31-29-27-26-30-32-33-89-76-18-23-21-48-19-49-24-22-20-51-63-85-84-95-94-96-54-35-39-81
246,3,1091.222,549.4512,76.0,917.1099,0,3,72.833787,72.917545,True,61-6-7-78-47-15-11-10-69-91-67-95-66-99-87-9-12-14-73-17-16-13-86-74-59-97-75-58-77-25-22-64-65|90-92-96-81-54-41-37-35-36-38-39-42-44-43-1-3-5-45-46-8-79-60-88-98-55-2-4-100-70-68|82-52-57-24-20-49-19-23-21-48-18-62-85-63-89-76-51-83-53-56-84-50-33-32-30-28-26-27-29-31-34-40-72-71-93-94-80
247,3,1091.222,549.4512,76.0,917.1099,0,3,72.833787,72.917545,True,61-6-7-78-47-15-11-10-69-91-67-95-66-99-87-9-12-14-73-17-16-13-86-74-59-97-75-58-77-25-22-64-65|90-92-96-81-54-41-37-35-36-38-39-42-44-43-1-3-5-45-46-8-79-60-88-98-55-2-4-100-70-68|82-52-57-24-20-49-19-23-21-48-18-62-85-63-89-76-51-83-53-56-84-50-33-32-30-28-26-27-29-31-34-40-72-71-93-94-80
248,3,1092.175,260.1433,302.0,947.4044,0,3,73.119684,73.187476,True,91-92-56-64-26-27-62-85-63-89-76-18-23-21-48-19-49-20-22-99-86-87-9-10-14-47-17-16-13-74-59-97-75-58-77-25-24-57-52-83-66|90-65-82-98-88-60-73-78-12-15-11-69-61-38-39-43-44-42-53-79-8-46-5-3-1-45-55-4-7-6-2-100-70-68|81-96-54-51-41-40-36-35-37-72-71-93-94-67-50-34-31-29-28-30-32-33-84-95-80
249,3,1094.0914,381.4959,91.0,958.1906,0,3,73.694605,73.761692,True,81-42-43-40-36-37-72-71-93-67-62-56-64-83-66-65-99-52-10-9-87-86-57-74-59-13-97-75-77-58-25-28|68-70-88-98-82-12-14-47-17-16-15-11-69-41-38-44-53-60-78-73-79-7-8-46-45-5-3-1-4-6-2-55-100-90|80-91-92-50-34-31-29-27-26-30-32-33-89-76-18-23-21-48-19-49-24-22-20-51-63-85-84-95-94-96-54-35-39-61
250,3,1094.0914,381.4959,91.0,958.1906,0,3,73.694605,73.761692,True,81-42-43-40-36-37-72-71-93-67-62-56-64-83-66-65-99-52-10-9-87-86-57-74-59-13-97-75-77-58-25-28|68-70-88-98-82-12-14-47-17-16-15-11-69-41-38-44-53-60-78-73-79-7-8-46-45-5-3-1-4-6-2-55-100-90|80-91-92-50-34-31-29-27-26-30-32-33-89-76-18-23-21-48-19-49-24-22-20-51-63-85-84-95-94-96-54-35-39-61
251,3,1094.1206,249.9725,438.0,947.4044,0,3,73.703372,73.783821,True,91-92-56-64-51-26-27-62-85-63-89-76-18-23-21-48-19-49-20-22-99-86-87-9-10-14-47-17-16-13-74-59-97-75-58-77-25-24-57-52-83-66|90-65-82-98-88-60-73-78-12-15-11-69-54-42-44-43-39-38-61-53-79-8-7-6-2-1-3-5-45-46-4-55-68-71-72-41-37-40-70-100|81-36-35-34-31-29-28-30-32-33-50-67-84-95-94-93-96-80
252,3,1095.961,240.8325,586.0,950.2745,0,3,74.255488,74.350349,True,82-98-88-60-78-12-14-47-17-16-15-11-69-61-38-39-42-44-43-1-3-5-45-8-79-73-7-6-46-4-2-55-13-74-58-75-97-59-100-70|80-65-66-64-83-57-52-86-24-22-20-49-19-23-21-48-18-89-76-51-67-84-85-63-33-32-30-28-26-27-29-31-34-50-93-71-72-37-35-36-40-41-68-90-77-25|81-54-96-94-92-91-95-62-56-99-87-9-10-53
253,3,1095.961,240.8325,586.0,950.2745,0,3,74.255488,74.350349,True,82-98-88-60-78-12-14-47-17-16-15-11-69-61-38-39-42-44-43-1-3-5-45-8-79-73-7-6-46-4-2-55-13-74-58-75-97-59-100-70|80-65-66-64-83-57-52-86-24-22-20-49-19-23-21-48-18-89-76-51-67-84-85-63-33-32-30-28-26-27-29-31-34-50-93-71-72-37-35-36-40-41-68-90-77-25|81-54-96-94-92-91-95-62-56-99-87-9-10-53
254,5,1096.1482,1952.5055,76.0,896.5082,0,5,240.470274,240.763477,True,69-98-15-11-52-57-64-84-56-66-82-53-12-14-47-78-60-88-55|1-3-5-45-46-8-79-73-9-87-59-97-75-74-58-77-86-65-90|81-96-94-50-34-31-29-27-26-28-30-32-33-89-76-18-48-21-25-24-83|20-22-23-19-49-51-62-67-91-99-10-13-16-17-7-6-4-2|80-92-95-85-63-93-71-54-72-41-39-40-36-35-37-38-43-44-42-61-70-100-68
255,5,1097.3073,1946.3843,159.0,882.7087,0,5,239.552087,239.85095,True,90-69-98-15-11-52-83-64-84-66-82-53-14-47-17-60-88-55|1-3-5-45-46-8-79-73-12-9-87-86-74-59-97-75-58-77-57-65|80-92-95-62-50-34-31-29-27-26-28-30-32-33-89-76-18-48-21-25|22-24-23-19-49-20-51-67-94-91-99-10-13-16-78-7-6-4-2-61-81|56-85-63-71-93-96-54-72-41-39-36-35-37-38-40-43-44-42-70-100-68
256,3,1097.5864,451.9942,61.0,953.4079,0,3,74.743099,74.818092,True,61-70-7-15-11-65-91-67-95-56-83-99-52-87-9-10-12-53-78-73-47-14-13-97-59-86-74-58-75-77-25-19-49-64-66|90-24-57-82-69-81-54-41-37-35-36-38-39-42-44-43-1-3-5-45-46-8-79-17-16-60-88-98-55-6-4-2-100-68|80-92-62-51-20-22-23-21-48-18-89-76-63-85-84-50-33-32-30-28-26-27-29-31-34-40-72-71-93-94-96
257,3,1097.5864,451.9942,61.0,953.4079,0,3,74.743099,74.818092,True,61-70-7-15-11-65-91-67-95-56-83-99-52-87-9-10-12-53-78-73-47-14-13-97-59-86-74-58-75-77-25-19-49-64-66|90-24-57-82-69-81-54-41-37-35-36-38-39-42-44-43-1-3-5-45-46-8-79-17-16-60-88-98-55-6-4-2-100-68|80-92-62-51-20-22-23-21-48-18-89-76-63-85-84-50-33-32-30-28-26-27-29-31-34-40-72-71-93-94-96
258,4,1097.8679,991.7768,348.0,880.0726,0,4,96.360962,96.535007,True,90-69-82-12-14-47-17-16-15-11-10-52-99-53-60-78-73-79-7-8-6-2-1-3-5-45-4-46-88-55-100-70-68|64-92-67-62-50-34-31-29-26-28-32-63-85-84-51-18-48-21-19-20-22-24-66-91-94-93-72-37-35-36-40-43-42-81|61-44-39-38-54-96-95-56-83-87-9-13-74-58-77-25|98-65-57-86-59-97-75-23-49-76-89-33-30-27-71-41-80
259,4,1097.8679,991.7768,348.0,880.0726,0,4,96.360962,96.535007,True,90-69-82-12-14-47-17-16-15-11-10-52-99-53-60-78-73-79-7-8-6-2-1-3-5-45-4-46-88-55-100-70-68|64-92-67-62-50-34-31-29-26-28-32-63-85-84-51-18-48-21-19-20-22-24-66-91-94-93-72-37-35-36-40-43-42-81|61-44-39-38-54-96-95-56-83-87-9-13-74-58-77-25|98-65-57-86-59-97-75-23-49-76-89-33-30-27-71-41-80
260,3,1098.1976,500.7665,26.0,942.9808,0,3,74.926481,75.00391,True,91-56-64-51-85-63-89-76-23-21-48-19-49-22-24-57-99-52-87-9-13-86-74-59-97-75-58-77-25-18-20-83-66-90|98-88-60-73-78-12-14-47-16-15-69-41-38-39-43-44-42-53-17-79-8-46-45-5-3-1-7-6-4-2-55-100-70-61|80-68-92-65-82-10-11-67-62-50-34-31-29-27-26-28-30-32-33-84-95-94-71-72-37-35-93-36-40-54-96-81
261,3,1098.1976,500.7665,26.0,942.9808,0,3,74.926481,75.00391,True,91-56-64-51-85-63-89-76-23-21-48-19-49-22-24-57-99-52-87-9-13-86-74-59-97-75-58-77-25-18-20-83-66-90|98-88-60-73-78-12-14-47-16-15-69-41-38-39-43-44-42-53-17-79-8-46-45-5-3-1-7-6-4-2-55-100-70-61|80-68-92-65-82-10-11-67-62-50-34-31-29-27-26-28-30-32-33-84-95-94-71-72-37-35-93-36-40-54-96-81
262,3,1102.1396,248.4722,372.0,947.4044,0,3,76.109073,76.185103,True,92-56-64-51-89-26-27-29-31-62-85-76-18-23-21-48-19-49-20-22-99-86-87-9-10-12-47-17-16-13-74-59-97-75-58-77-25-24-57-52-83-66|65-82-98-60-78-73-14-15-11-69-61-38-39-43-44-42-88-53-79-7-8-46-45-5-3-90-1-4-6-2-55-100-70-68|81-96-54-41-40-36-35-37-72-71-93-94-67-50-34-28-63-30-32-33-84-95-91-80
263,3,1102.1396,248.4722,372.0,947.4044,0,3,76.109073,76.185103,True,92-56-64-51-89-26-27-29-31-62-85-76-18-23-21-48-19-49-20-22-99-86-87-9-10-12-47-17-16-13-74-59-97-75-58-77-25-24-57-52-83-66|65-82-98-60-78-73-14-15-11-69-61-38-39-43-44-42-88-53-79-7-8-46-45-5-3-90-1-4-6-2-55-100-70-68|81-96-54-41-40-36-35-37-72-71-93-94-67-50-34-28-63-30-32-33-84-95-91-80
264,3,1106.9019,382.4251,270.0,930.2798,0,3,77.537751,77.622534,True,80-94-93-71-50-34-31-29-27-26-28-30-33-63-89-76-23-21-48-49-24-83-99-86-87-9-10-14-47-17-16-13-74-59-97-75-58-77-25-18-57-52|90-65-82-98-88-60-73-78-12-15-11-69-61-38-39-43-44-42-53-8-46-5-3-1-45-4-7-6-2-55-100-70-68|92-91-66-22-19-20-64-56-95-67-62-32-85-51-84-79-41-40-36-35-37-72-54-96-81
265,3,1106.9019,382.4251,270.0,930.2798,0,3,77.537751,77.622534,True,80-94-93-71-50-34-31-29-27-26-28-30-33-63-89-76-23-21-48-49-24-83-99-86-87-9-10-14-47-17-16-13-74-59-97-75-58-77-25-18-57-52|90-65-82-98-88-60-73-78-12-15-11-69-61-38-39-43-44-42-53-8-46-5-3-1-45-4-7-6-2-55-100-70-68|92-91-66-22-19-20-64-56-95-67-62-32-85-51-84-79-41-40-36-35-37-72-54-96-81
266,3,1107.1525,243.7341,566.0,951.2896,0,3,77.612934,77.70974,True,90-82-98-88-60-78-12-14-47-17-16-15-11-69-61-38-39-42-44-43-1-3-5-45-8-79-73-7-6-46-4-2-55-13-74-58-75-97-59-100-70|65-66-57-86-83-24-20-49-19-23-22-21-48-18-89-76-51-67-84-85-63-33-32-30-28-26-27-29-31-34-50-93-71-72-37-35-36-40-41-54-81-68-77-25|80-91-92-96-94-62-95-56-64-99-52-87-9-10-53
267,3,1107.4389,538.4608,78.0,928.3698,0,3,77.698869,77.787732,True,80-92-61-7-78-47-15-11-10-99-91-67-95-56-66-87-9-12-14-73-17-16-13-86-74-59-97-75-58-77-25-24-22-64-65|90-69-81-54-41-37-35-36-38-39-42-44-43-1-3-5-45-46-8-79-60-88-98-55-6-4-2-100-70-68|82-52-57-20-49-19-23-21-48-18-62-85-63-89-76-51-83-53-84-50-33-32-30-28-26-27-29-31-34-40-72-71-93-94-96
268,3,1107.4389,538.4608,78.0,928.3698,0,3,77.698869,77.787732,True,80-92-61-7-78-47-15-11-10-99-91-67-95-56-66-87-9-12-14-73-17-16-13-86-74-59-97-75-58-77-25-24-22-64-65|90-69-81-54-41-37-35-36-38-39-42-44-43-1-3-5-45-46-8-79-60-88-98-55-6-4-2-100-70-68|82-52-57-20-49-19-23-21-48-18-62-85-63-89-76-51-83-53-84-50-33-32-30-28-26-27-29-31-34-40-72-71-93-94-96
269,5,1108.5449,1929.8281,70.0,872.6428,0,5,237.068657,237.357998,True,90-69-98-16-15-11-99-64-84-56-65-82-53-14-47-17-78-60-88-55|1-3-5-45-46-8-79-73-12-9-87-59-97-75-86-74-58-77-57|80-92-95-62-50-34-31-29-27-26-28-30-32-33-89-76-18-48-21-25-83|66-22-24-23-19-49-20-51-67-94-91-52-13-10-7-6-4-2-61-81|85-63-71-93-96-54-72-41-39-40-36-35-37-38-43-44-42-70-100-68
270,3,1112.179,522.4608,68.0,917.1099,0,3,79.120879,79.206075,True,80-92-61-7-78-47-15-11-10-99-91-67-95-56-66-87-9-12-14-73-17-16-13-86-74-59-97-75-58-77-25-22-64-65|90-69-81-54-41-37-35-36-38-39-42-44-43-1-3-5-45-46-8-79-60-88-98-55-6-4-2-100-70-68|82-52-57-20-24-49-19-23-21-48-18-62-85-63-89-76-51-83-53-84-50-33-32-30-28-26-27-29-31-34-40-72-71-93-94-96
271,3,1112.179,522.4608,68.0,917.1099,0,3,79.120879,79.206075,True,80-92-61-7-78-47-15-11-10-99-91-67-95-56-66-87-9-12-14-73-17-16-13-86-74-59-97-75-58-77-25-22-64-65|90-69-81-54-41-37-35-36-38-39-42-44-43-1-3-5-45-46-8-79-60-88-98-55-6-4-2-100-70-68|82-52-57-20-24-49-19-23-21-48-18-62-85-63-89-76-51-83-53-84-50-33-32-30-28-26-27-29-31-34-40-72-71-93-94-96
272,3,1119.7678,232.4568,280.0,947.4044,0,3,81.397519,81.467235,True,91-92-56-64-51-27-62-85-63-89-76-18-23-21-48-19-49-20-22-99-86-87-9-10-14-47-17-16-74-59-97-13-75-58-77-25-24-57-52-83-66|90-65-82-98-88-60-73-78-12-15-11-69-61-38-39-43-44-42-53-79-8-46-5-3-1-45-4-7-6-2-55-68-100-70|81-96-54-41-40-36-35-37-26-72-71-93-94-67-50-34-31-29-28-30-32-33-84-95-80
273,3,1119.7678,232.4568,280.0,947.4044,0,3,81.397519,81.467235,True,91-92-56-64-51-27-62-85-63-89-76-18-23-21-48-19-49-20-22-99-86-87-9-10-14-47-17-16-74-59-97-13-75-58-77-25-24-57-52-83-66|90-65-82-98-88-60-73-78-12-15-11-69-61-38-39-43-44-42-53-79-8-46-5-3-1-45-4-7-6-2-55-68-100-70|81-96-54-41-40-36-35-37-26-72-71-93-94-67-50-34-31-29-28-30-32-33-84-95-80
274,3,1119.7969,494.3141,16.0,930.9994,0,3,81.406268,81.486411,True,91-56-64-51-85-63-89-76-23-21-48-19-49-22-24-57-99-52-87-9-13-86-74-59-97-75-58-77-25-18-20-83-90|98-88-60-73-78-12-14-47-17-16-15-69-61-41-38-39-44-43-70-53-79-8-46-45-5-3-1-4-7-6-2-55-100|80-92-66-65-82-68-10-11-67-62-50-34-31-29-27-26-28-32-33-84-95-94-93-71-72-37-30-35-36-40-42-54-96-81
275,3,1119.8711,373.9729,164.0,947.4044,0,3,81.428513,81.507887,True,80-92-29-27-26-28-30-33-62-22-49-19-48-21-23-18-76-99-86-87-9-10-14-47-17-16-13-74-59-97-75-58-77-25-24-57-52-83-66|90-65-82-60-73-78-12-15-11-69-61-41-38-39-44-42-98-53-88-8-5-3-1-45-4-46-7-6-55-100-70-68|91-56-64-20-51-85-63-89-32-31-34-50-71-93-96-94-67-95-84-79-2-43-40-36-35-37-72-54-81
276,3,1119.8711,373.9729,164.0,947.4044,0,3,81.428513,81.507887,True,80-92-29-27-26-28-30-33-62-22-49-19-48-21-23-18-76-99-86-87-9-10-14-47-17-16-13-74-59-97-75-58-77-25-24-57-52-83-66|90-65-82-60-73-78-12-15-11-69-61-41-38-39-44-42-98-53-88-8-5-3-1-45-4-46-7-6-55-100-70-68|91-56-64-20-51-85-63-89-32-31-34-50-71-93-96-94-67-95-84-79-2-43-40-36-35-37-72-54-81
277,3,1120.9854,427.6937,78.0,931.0639,0,3,81.762806,81.839522,True,80-92-61-6-7-60-78-15-11-65-91-67-95-56-83-99-52-87-9-10-53-73-47-13-97-59-86-74-58-75-77-25-22-64|90-24-57-82-98-69-81-54-41-37-35-36-38-39-42-44-43-1-3-5-45-46-8-79-17-16-14-12-88-55-2-4-100-70-68|66-20-49-19-23-21-48-18-62-85-63-89-76-51-84-50-33-32-30-28-26-27-29-31-34-40-72-71-93-94-96
278,3,1120.9854,427.6937,78.0,931.0639,0,3,81.762806,81.839522,True,80-92-61-6-7-60-78-15-11-65-91-67-95-56-83-99-52-87-9-10-53-73-47-13-97-59-86-74-58-75-77-25-22-64|90-24-57-82-98-69-81-54-41-37-35-36-38-39-42-44-43-1-3-5-45-46-8-79-17-16-14-12-88-55-2-4-100-70-68|66-20-49-19-23-21-48-18-62-85-63-89-76-51-84-50-33-32-30-28-26-27-29-31-34-40-72-71-93-94-96
279,3,1121.6053,281.8496,263.0,947.4044,0,3,81.948767,82.024743,True,91-92-56-51-27-62-85-63-89-76-18-23-21-48-19-49-20-22-99-86-87-9-10-14-47-17-16-13-74-59-97-75-58-77-25-24-57-52-83-66|90-65-82-98-88-60-73-78-12-15-11-69-61-38-39-43-44-42-53-79-8-46-5-3-1-45-4-7-6-2-55-68-100-70-64|81-96-54-41-40-36-35-37-26-72-71-93-94-67-50-34-31-29-28-30-32-33-84-95-80
280,3,1121.6053,281.8496,263.0,947.4044,0,3,81.948767,82.024743,True,91-92-56-51-27-62-85-63-89-76-18-23-21-48-19-49-20-22-99-86-87-9-10-14-47-17-16-13-74-59-97-75-58-77-25-24-57-52-83-66|90-65-82-98-88-60-73-78-12-15-11-69-61-38-39-43-44-42-53-79-8-46-5-3-1-45-4-7-6-2-55-68-100-70-64|81-96-54-41-40-36-35-37-26-72-71-93-94-67-50-34-31-29-28-30-32-33-84-95-80
281,3,1121.9395,353.2615,79.0,958.1906,0,3,82.049052,82.119058,True,61-42-43-40-36-37-72-91-71-93-67-62-56-64-83-66-65-99-52-10-9-87-86-57-74-59-13-97-75-77-58-25-28|68-88-98-82-12-14-47-17-16-15-11-69-41-38-44-70-53-60-78-73-79-8-46-45-5-3-1-4-7-6-2-55-100-90|80-92-50-34-31-29-27-26-30-32-33-89-76-18-23-21-48-19-49-24-22-20-51-63-85-84-95-94-96-54-35-39-81
282,3,1121.9395,353.2615,79.0,958.1906,0,3,82.049052,82.119058,True,61-42-43-40-36-37-72-91-71-93-67-62-56-64-83-66-65-99-52-10-9-87-86-57-74-59-13-97-75-77-58-25-28|68-88-98-82-12-14-47-17-16-15-11-69-41-38-44-70-53-60-78-73-79-8-46-45-5-3-1-4-7-6-2-55-100-90|80-92-50-34-31-29-27-26-30-32-33-89-76-18-23-21-48-19-49-24-22-20-51-63-85-84-95-94-96-54-35-39-81
283,3,1126.5012,337.9204,89.0,956.6818,0,3,83.417542,83.48739,True,98-88-60-73-78-12-14-47-17-16-15-11-10-82-69-41-44-53-9-79-7-8-46-45-5-3-1-4-6-2-55-100-70-61-68|91-92-50-34-31-29-27-26-28-30-32-23-76-95-94-93-71-38-37-35-36-40-43-42-39-72-54-81-96-80-90|51-48-18-89-63-85-33-62-67-65-99-52-56-84-64-57-87-59-97-13-74-24-22-20-49-19-21-25-77-75-58-86-83-66
284,3,1127.3866,218.5656,514.0,950.2745,0,3,83.683159,83.776908,True,90-82-98-88-60-78-12-14-47-17-16-15-11-69-61-38-39-42-44-43-1-3-5-45-8-79-73-7-6-46-4-2-55-13-74-58-75-97-59-100-70|65-66-57-52-86-24-22-20-49-19-23-21-48-18-62-95-67-76-89-63-84-33-32-30-28-26-27-29-31-34-50-71-72-37-35-36-40-41-54-81-68-77-25|80-96-93-94-92-91-56-85-51-64-83-99-87-9-10-53
285,3,1127.3866,218.5656,514.0,950.2745,0,3,83.683159,83.776908,True,90-82-98-88-60-78-12-14-47-17-16-15-11-69-61-38-39-42-44-43-1-3-5-45-8-79-73-7-6-46-4-2-55-13-74-58-75-97-59-100-70|65-66-57-52-86-24-22-20-49-19-23-21-48-18-62-95-67-76-89-63-84-33-32-30-28-26-27-29-31-34-50-71-72-37-35-36-40-41-54-81-68-77-25|80-96-93-94-92-91-56-85-51-64-83-99-87-9-10-53
286,5,1127.8118,1811.7782,193.0,894.0848,0,5,219.361169,219.654098,True,69-98-88-15-11-52-83-64-84-56-65-82-53-12-14-47-17-78-60-55|1-3-5-45-8-79-73-9-87-59-97-75-74-86-57|91-92-62-50-34-31-29-27-26-28-30-33-89-76-18-48-21-25-77-58-90|66-22-24-23-19-49-20-51-67-94-96-80-99-10-13-16-7-6-46-4-2-61-81|95-85-63-32-71-93-54-72-41-39-40-36-35-37-38-43-44-42-70-100-68
287,3,1133.1883,349.3676,185.0,943.3147,0,3,85.423687,85.504853,True,92-93-71-72-41-2-7-15-11-91-67-66-83-99-52-86-87-9-10-12-53-78-73-17-47-14-13-74-59-97-75-58-77-25-48-19-22-64-65|90-24-82-69-61-42-44-37-36-35-38-39-40-43-1-3-5-45-46-8-79-16-98-88-60-6-4-70-55-100-68|80-56-95-62-51-57-20-49-23-21-18-89-76-63-85-84-33-32-30-28-26-27-29-31-34-50-94-96-54-81
288,3,1133.1883,349.3676,185.0,943.3147,0,3,85.423687,85.504853,True,92-93-71-72-41-2-7-15-11-91-67-66-83-99-52-86-87-9-10-12-53-78-73-17-47-14-13-74-59-97-75-58-77-25-48-19-22-64-65|90-24-82-69-61-42-44-37-36-35-38-39-40-43-1-3-5-45-46-8-79-16-98-88-60-6-4-70-55-100-68|80-56-95-62-51-57-20-49-23-21-18-89-76-63-85-84-33-32-30-28-26-27-29-31-34-50-94-96-54-81
289,3,1136.0826,487.0212,49.0,919.9921,0,3,86.291972,86.377556,True,91-56-64-51-85-63-89-76-23-48-21-19-49-22-24-57-99-52-87-9-13-86-74-59-97-75-58-77-25-18-20-83|90-98-88-60-73-78-12-14-47-17-16-15-69-61-38-39-41-44-70-53-79-8-46-45-5-3-1-4-7-6-2-55-100|80-92-66-65-82-68-10-11-67-62-50-34-31-29-27-26-28-32-33-84-95-94-93-71-72-37-30-35-36-40-42-43-54-96-81
290,3,1136.0826,487.0212,49.0,919.9921,0,3,86.291972,86.377556,True,91-56-64-51-85-63-89-76-23-48-21-19-49-22-24-57-99-52-87-9-13-86-74-59-97-75-58-77-25-18-20-83|90-98-88-60-73-78-12-14-47-17-16-15-69-61-38-39-41-44-70-53-79-8-46-45-5-3-1-4-7-6-2-55-100|80-92-66-65-82-68-10-11-67-62-50-34-31-29-27-26-28-32-33-84-95-94-93-71-72-37-30-35-36-40-42-43-54-96-81
291,3,1136.1298,281.3278,263.0,947.4044,0,3,86.306126,86.386382,True,91-92-56-51-63-27-62-85-89-76-18-23-21-48-19-49-20-22-99-86-87-9-10-14-47-17-16-13-74-59-97-75-58-77-25-24-57-52-83-66|90-65-82-98-88-60-73-78-12-15-11-69-61-38-39-43-44-42-53-79-8-46-5-3-1-45-4-7-6-2-55-68-100-70-64|81-96-54-41-40-36-35-37-26-72-71-93-67-94-50-34-31-29-28-30-32-33-84-95-80
292,3,1137.0267,284.8433,185.0,958.7467,0,3,86.575194,86.650147,True,71-93-94-92-66-83-22-49-19-51-85-63-89-76-18-23-21-75-87-99-82-9-12-10-86-59-97-13-74-24-48-77-58-25-57-52-47-14|90-65-98-88-60-78-73-17-16-15-11-69-61-38-39-43-44-42-70-53-79-7-8-46-45-5-3-1-4-6-2-55-100-68|81-72-37-35-36-40-41-54-96-62-67-50-34-31-29-27-26-28-30-32-33-20-84-64-56-95-91-80
293,3,1137.0267,284.8433,185.0,958.7467,0,3,86.575194,86.650147,True,71-93-94-92-66-83-22-49-19-51-85-63-89-76-18-23-21-75-87-99-82-9-12-10-86-59-97-13-74-24-48-77-58-25-57-52-47-14|90-65-98-88-60-78-73-17-16-15-11-69-61-38-39-43-44-42-70-53-79-7-8-46-45-5-3-1-4-6-2-55-100-68|81-72-37-35-36-40-41-54-96-62-67-50-34-31-29-27-26-28-30-32-33-20-84-64-56-95-91-80
294,5,1140.2538,1912.2283,108.0,882.7087,0,5,234.428697,234.730221,True,90-69-98-88-15-11-52-83-64-84-56-66-82-53-12-14-47-17-78-60-55|1-3-5-45-8-79-73-9-87-59-97-75-86-74-58-77-57-65|80-92-95-62-50-34-31-29-27-26-28-30-33-89-76-18-48-21-25|24-22-23-19-49-20-51-67-94-91-99-10-13-16-7-6-46-4-2-61-81|85-63-32-71-93-96-54-72-41-39-40-36-35-37-38-43-44-42-70-100-68
295,5,1140.2538,1912.2283,108.0,882.7087,0,5,234.428697,234.730221,True,90-69-98-88-15-11-52-83-64-84-56-66-82-53-12-14-47-17-78-60-55|1-3-5-45-8-79-73-9-87-59-97-75-86-74-58-77-57-65|80-92-95-62-50-34-31-29-27-26-28-30-33-89-76-18-48-21-25|24-22-23-19-49-20-51-67-94-91-99-10-13-16-7-6-46-4-2-61-81|85-63-32-71-93-96-54-72-41-39-40-36-35-37-38-43-44-42-70-100-68
296,3,1145.5662,178.5938,397.0,953.8169,0,3,89.137059,89.219097,True,92-29-27-26-28-30-32-33-62-56-69-98-15-11-10-87-99-82-53-79-8-73-12-14-47-17-16-13-86-74-59-97-75-58-77-25-21-48-19-49-57-90|65-66-83-64-51-85-50-95-91-80-44-38-39-42-96-94-67-93-71-72-41-61|81-54-43-40-36-35-37-31-34-63-89-76-18-23-24-22-20-84-52-9-78-60-7-6-2-3-5-1-45-46-4-88-55-100-70-68
297,3,1145.5662,178.5938,397.0,953.8169,0,3,89.137059,89.219097,True,92-29-27-26-28-30-32-33-62-56-69-98-15-11-10-87-99-82-53-79-8-73-12-14-47-17-16-13-86-74-59-97-75-58-77-25-21-48-19-49-57-90|65-66-83-64-51-85-50-95-91-80-44-38-39-42-96-94-67-93-71-72-41-61|81-54-43-40-36-35-37-31-34-63-89-76-18-23-24-22-20-84-52-9-78-60-7-6-2-3-5-1-45-46-4-88-55-100-70-68
298,3,1148.4942,346.3751,80.0,958.1906,0,3,90.01546,90.0925,True,93-71-72-37-36-40-43-42-61-69-67-62-56-64-83-66-65-99-52-10-9-87-86-57-74-59-13-97-75-77-58-25-28|80-91-92-50-34-31-29-27-26-30-32-33-89-76-18-23-21-48-19-49-24-22-20-51-63-85-84-95-94-96-54-35-39-41-81|90-82-98-88-12-14-47-17-16-15-11-73-38-44-3-5-8-79-78-53-60-7-6-1-45-46-4-2-55-100-70-68
299,4,1149.6575,980.4569,244.0,900.5026,0,4,94.662975,94.843523,True,56-64-89-76-18-23-21-48-19-20-22-9-10-14-47-17-16-13-97-75-74-58-77-25-24-83|90-82-98-88-60-73-78-12-15-11-69-81-54-38-39-44-68-53-79-7-8-46-45-5-3-1-4-2-55-100|92-62-50-33-32-30-28-26-27-29-31-34-67-93-72-37-35-36-40-43-41-96-70-6|99-52-87-59-86-57-49-51-84-63-85-95-94-71-42-61-80-91-66-65
300,4,1149.6575,980.4569,244.0,900.5026,0,4,94.662975,94.843523,True,56-64-89-76-18-23-21-48-19-20-22-9-10-14-47-17-16-13-97-75-74-58-77-25-24-83|90-82-98-88-60-73-78-12-15-11-69-81-54-38-39-44-68-53-79-7-8-46-45-5-3-1-4-2-55-100|92-62-50-33-32-30-28-26-27-29-31-34-67-93-72-37-35-36-40-43-41-96-70-6|99-52-87-59-86-57-49-51-84-63-85-95-94-71-42-61-80-91-66-65
301,3,1151.1785,266.2791,263.0,947.4044,0,3,90.820728,90.90324,True,91-92-56-51-27-85-62-63-89-76-18-23-21-48-19-49-20-22-99-86-87-9-10-14-47-17-16-13-74-59-97-75-58-77-25-24-57-52-83-66|90-65-82-98-88-60-73-78-12-15-11-69-61-38-39-43-44-42-53-79-8-46-5-3-1-45-4-7-6-2-55-68-100-70-64|81-96-54-41-40-36-35-37-26-72-71-93-67-94-50-34-31-29-28-30-32-33-84-95-80
302,3,1151.1785,266.2791,263.0,947.4044,0,3,90.820728,90.90324,True,91-92-56-51-27-85-62-63-89-76-18-23-21-48-19-49-20-22-99-86-87-9-10-14-47-17-16-13-74-59-97-75-58-77-25-24-57-52-83-66|90-65-82-98-88-60-73-78-12-15-11-69-61-38-39-43-44-42-53-79-8-46-5-3-1-45-4-7-6-2-55-68-100-70-64|81-96-54-41-40-36-35-37-26-72-71-93-67-94-50-34-31-29-28-30-32-33-84-95-80
303,3,1155.8492,339.0201,80.0,958.1906,0,3,92.221954,92.300097,True,71-93-72-37-36-40-43-42-61-69-67-62-56-64-83-66-65-99-52-10-9-87-86-57-74-59-13-97-75-77-58-25-28|80-91-92-50-34-31-29-27-26-30-32-33-89-76-18-23-21-48-19-49-24-22-20-51-63-85-84-95-94-96-54-35-39-41-81|90-82-98-88-12-14-47-17-16-15-11-73-38-44-3-5-8-79-78-53-60-7-6-1-45-46-4-2-55-100-70-68
304,3,1156.0013,332.8909,126.0,949.2379,0,3,92.267565,92.348091,True,98-88-60-73-78-12-14-47-17-16-15-11-10-82-69-41-44-53-9-79-7-8-46-45-5-3-1-4-6-2-55-13-100-70-61-68|92-50-34-31-29-27-26-28-30-32-63-51-23-76-85-67-71-38-37-35-36-40-43-42-39-72-93-94-96-54-81-80-90|66-65-91-56-95-62-33-89-18-48-99-83-64-84-52-86-87-97-75-59-74-57-58-77-25-21-19-49-20-22-24
305,3,1156.0013,332.8909,126.0,949.2379,0,3,92.267565,92.348091,True,98-88-60-73-78-12-14-47-17-16-15-11-10-82-69-41-44-53-9-79-7-8-46-45-5-3-1-4-6-2-55-13-100-70-61-68|92-50-34-31-29-27-26-28-30-32-63-51-23-76-85-67-71-38-37-35-36-40-43-42-39-72-93-94-96-54-81-80-90|66-65-91-56-95-62-33-89-18-48-99-83-64-84-52-86-87-97-75-59-74-57-58-77-25-21-19-49-20-22-24
306,3,1158.7607,407.0985,121.0,956.3205,0,3,93.095399,93.188447,True,80-92-61-7-15-11-65-91-67-95-56-66-83-99-52-87-9-10-12-53-78-73-47-14-13-97-59-86-74-58-75-77-25-48-19-49-64|90-24-57-82-69-81-54-41-37-35-36-38-39-42-44-43-1-3-5-45-46-8-79-17-16-60-88-98-55-6-4-2-100-70-68|22-20-18-21-23-62-76-89-63-85-51-84-50-33-32-30-28-26-27-29-31-34-40-72-71-93-94-96
307,3,1169.9113,440.9601,117.0,928.6078,0,3,96.440574,96.537489,True,65-92-80-7-15-10-11-91-67-66-83-99-52-86-87-9-12-53-78-73-17-47-14-13-74-59-97-75-58-77-25-48-19-22-64|90-24-82-69-54-41-37-38-39-42-44-43-1-3-5-45-46-8-79-16-60-88-98-55-6-4-2-100-70-68|56-95-62-51-57-20-49-23-21-18-89-76-63-85-84-33-32-30-28-26-27-29-31-34-50-94-96-93-71-72-35-36-40-61-81
308,3,1169.9113,440.9601,117.0,928.6078,0,3,96.440574,96.537489,True,65-92-80-7-15-10-11-91-67-66-83-99-52-86-87-9-12-53-78-73-17-47-14-13-74-59-97-75-58-77-25-48-19-22-64|90-24-82-69-54-41-37-38-39-42-44-43-1-3-5-45-46-8-79-16-60-88-98-55-6-4-2-100-70-68|56-95-62-51-57-20-49-23-21-18-89-76-63-85-84-33-32-30-28-26-27-29-31-34-50-94-96-93-71-72-35-36-40-61-81
309,3,1173.8816,301.4386,204.0,953.8169,0,3,97.631671,97.721331,True,92-29-27-26-28-30-32-33-62-56-69-98-15-11-10-87-99-82-53-60-79-73-78-12-14-47-17-16-13-74-59-97-75-58-77-25-21-48-19-49-57-90|65-66-64-85-50-95-91-80-44-41-96-93-67-71-72-38-39-1-3-5-45-8-7-6-46-4-2-88-55-100-70-42-61-68|54-43-40-36-35-37-31-34-63-89-76-18-23-24-22-20-51-84-83-86-9-52-94-81
310,3,1173.8816,301.4386,204.0,953.8169,0,3,97.631671,97.721331,True,92-29-27-26-28-30-32-33-62-56-69-98-15-11-10-87-99-82-53-60-79-73-78-12-14-47-17-16-13-74-59-97-75-58-77-25-21-48-19-49-57-90|65-66-64-85-50-95-91-80-44-41-96-93-67-71-72-38-39-1-3-5-45-8-7-6-46-4-2-88-55-100-70-42-61-68|54-43-40-36-35-37-31-34-63-89-76-18-23-24-22-20-51-84-83-86-9-52-94-81
311,3,1175.4434,286.6301,260.0,953.8169,0,3,98.100217,98.193723,True,92-29-27-26-28-30-32-33-62-56-69-98-15-11-10-87-99-82-53-60-79-73-78-12-14-47-17-16-13-74-59-97-75-58-77-25-21-48-19-49-57-90|65-66-83-64-51-85-50-95-91-80-44-96-94-67-93-71-72-38-1-3-5-8-7-6-46-45-4-2-88-55-100-70-42-39-41-61-68|54-43-40-35-36-37-31-34-63-89-76-18-23-24-22-20-84-52-86-9-81
312,3,1175.4434,286.6301,260.0,953.8169,0,3,98.100217,98.193723,True,92-29-27-26-28-30-32-33-62-56-69-98-15-11-10-87-99-82-53-60-79-73-78-12-14-47-17-16-13-74-59-97-75-58-77-25-21-48-19-49-57-90|65-66-83-64-51-85-50-95-91-80-44-96-94-67-93-71-72-38-1-3-5-8-7-6-46-45-4-2-88-55-100-70-42-39-41-61-68|54-43-40-35-36-37-31-34-63-89-76-18-23-24-22-20-84-52-86-9-81
313,3,1180.0886,235.1102,109.0,907.459,0,3,99.493771,99.55889,True,98-88-60-73-78-12-14-47-17-16-15-11-10-82-69-41-44-53-9-79-7-8-46-45-5-3-1-4-6-2-55-13-100-70-61-68|91-92-50-34-31-29-27-26-28-30-32-23-76-95-94-93-71-38-37-35-36-40-43-42-39-72-54-81-96-80-90|51-48-18-89-63-85-33-62-67-65-99-52-56-84-64-86-87-97-75-59-74-57-24-22-20-49-19-21-25-77-58-83-66
314,3,1180.0886,235.1102,109.0,907.459,0,3,99.493771,99.55889,True,98-88-60-73-78-12-14-47-17-16-15-11-10-82-69-41-44-53-9-79-7-8-46-45-5-3-1-4-6-2-55-13-100-70-61-68|91-92-50-34-31-29-27-26-28-30-32-23-76-95-94-93-71-38-37-35-36-40-43-42-39-72-54-81-96-80-90|51-48-18-89-63-85-33-62-67-65-99-52-56-84-64-86-87-97-75-59-74-57-24-22-20-49-19-21-25-77-58-83-66
315,3,1180.2497,160.4334,528.0,953.2141,0,3,99.542092,99.644821,True,90-82-98-88-60-78-12-14-17-16-15-11-69-44-42-39-38-37-43-1-3-45-8-79-73-47-7-6-46-5-4-2-70-55-13-97-75-58-59-100-61|80-66-83-52-86-57-22-20-49-19-23-21-48-18-89-76-51-63-33-32-28-26-27-29-31-34-84-93-71-72-35-36-40-41-54-81-68-74-77-25-24-64-65|96-94-92-91-95-30-50-67-62-85-56-99-87-9-10-53
316,3,1180.2497,160.4334,528.0,953.2141,0,3,99.542092,99.644821,True,90-82-98-88-60-78-12-14-17-16-15-11-69-44-42-39-38-37-43-1-3-45-8-79-73-47-7-6-46-5-4-2-70-55-13-97-75-58-59-100-61|80-66-83-52-86-57-22-20-49-19-23-21-48-18-89-76-51-63-33-32-28-26-27-29-31-34-84-93-71-72-35-36-40-41-54-81-68-74-77-25-24-64-65|96-94-92-91-95-30-50-67-62-85-56-99-87-9-10-53
317,3,1183.4289,209.0449,421.0,950.2745,0,3,100.495863,100.595697,True,90-82-98-60-78-12-14-47-17-16-15-11-69-61-38-42-44-43-1-3-5-45-8-79-73-7-6-46-4-2-55-13-74-58-75-97-59-100-70|65-66-57-24-22-20-49-19-23-21-48-18-89-76-51-67-84-85-63-33-32-30-28-26-27-29-31-34-50-93-71-72-37-35-36-40-41-81-68-77-25|80-54-91-92-39-96-94-62-95-56-64-83-99-52-86-87-9-88-10-53
318,3,1183.4289,209.0449,421.0,950.2745,0,3,100.495863,100.595697,True,90-82-98-60-78-12-14-47-17-16-15-11-69-61-38-42-44-43-1-3-5-45-8-79-73-7-6-46-4-2-55-13-74-58-75-97-59-100-70|65-66-57-24-22-20-49-19-23-21-48-18-89-76-51-67-84-85-63-33-32-30-28-26-27-29-31-34-50-93-71-72-37-35-36-40-41-81-68-77-25|80-54-91-92-39-96-94-62-95-56-64-83-99-52-86-87-9-88-10-53
319,4,1204.9057,822.1285,306.0,880.0726,0,4,106.938911,107.115419,True,90-69-82-12-14-47-17-16-15-11-10-52-99-53-78-73-79-7-8-46-6-2-1-5-45-4-60-88-55-100-70-68|64-92-62-50-34-31-29-26-28-32-63-85-51-76-18-48-21-19-20-22-24-86-66-91-93-72-37-35-36-40-42-81|61-44-39-38-96-67-95-84-56-87-9-13-97-74-58-77-25|54-41-43-3-98-65-83-57-59-75-23-49-89-33-30-27-71-94-80
320,4,1204.9057,822.1285,306.0,880.0726,0,4,106.938911,107.115419,True,90-69-82-12-14-47-17-16-15-11-10-52-99-53-78-73-79-7-8-46-6-2-1-5-45-4-60-88-55-100-70-68|64-92-62-50-34-31-29-26-28-32-63-85-51-76-18-48-21-19-20-22-24-86-66-91-93-72-37-35-36-40-42-81|61-44-39-38-96-67-95-84-56-87-9-13-97-74-58-77-25|54-41-43-3-98-65-83-57-59-75-23-49-89-33-30-27-71-94-80
321,3,1208.3203,219.881,340.0,957.5488,0,3,107.963279,108.065196,True,92-29-27-26-28-30-32-33-62-69-11-15-38-8-79-73-53-78-60-7-6-2-46-5-45-4-3-1-55-74-58-59-82-98-88-100-68-90|81-54-61-70-42-39-37-35-36-40-43-44-41-72-71-93-67-95-56-64-83-99-9-87-86-57-52-10-12-14-47-17-16-13-97-75-77-25-18-89-31-34|80-96-94-50-85-63-76-48-23-21-19-49-24-22-20-51-84-91-66-65
322,3,1208.3203,219.881,340.0,957.5488,0,3,107.963279,108.065196,True,92-29-27-26-28-30-32-33-62-69-11-15-38-8-79-73-53-78-60-7-6-2-46-5-45-4-3-1-55-74-58-59-82-98-88-100-68-90|81-54-61-70-42-39-37-35-36-40-43-44-41-72-71-93-67-95-56-64-83-99-9-87-86-57-52-10-12-14-47-17-16-13-97-75-77-25-18-89-31-34|80-96-94-50-85-63-76-48-23-21-19-49-24-22-20-51-84-91-66-65
323,3,1209.9251,229.3685,284.0,955.2194,0,3,108.444711,108.542583,True,92-29-27-26-28-30-32-33-62-69-11-15-88-38-8-79-53-78-60-7-6-2-46-5-45-4-3-1-55-74-58-59-86-52-65-98-100|68-70-61-41-39-37-35-36-40-43-44-42-72-71-93-67-95-56-64-83-57-99-87-9-10-12-14-73-47-17-16-13-97-75-77-25-18-89-31-34|80-81-54-96-94-50-85-63-76-48-23-21-19-49-24-22-20-51-84-91-66-82-90
324,3,1211.6163,185.439,394.0,958.9983,0,3,108.952082,109.055439,True,90-82-98-88-60-78-12-14-47-17-16-15-11-69-68-61-44-42-39-38-35-43-1-3-5-45-8-55-2-4-46-6-7-73-13-97-59-100-70-54-96|80-66-65-52-57-24-22-20-49-19-23-21-18-76-89-31-67-84-85-63-33-32-30-28-26-27-29-34-93-71-72-37-41-81-74-58-75-77-25-48-51-64|91-92-94-40-36-50-62-95-56-83-99-86-87-9-10-79-53
325,3,1211.6163,185.439,394.0,958.9983,0,3,108.952082,109.055439,True,90-82-98-88-60-78-12-14-47-17-16-15-11-69-68-61-44-42-39-38-35-43-1-3-5-45-8-55-2-4-46-6-7-73-13-97-59-100-70-54-96|80-66-65-52-57-24-22-20-49-19-23-21-18-76-89-31-67-84-85-63-33-32-30-28-26-27-29-34-93-71-72-37-41-81-74-58-75-77-25-48-51-64|91-92-94-40-36-50-62-95-56-83-99-86-87-9-10-79-53
326,4,1222.3794,479.2438,336.0,900.478,0,4,112.180994,112.317373,True,92-56-64-51-28-26-27-62-85-63-89-76-18-23-21-48-19-49-20-22-99-86-87-9-10-14-17-13-74-97-75-58-77-25-24-66|90-65-82-98-73-15-11-69-38-44-42-70-53-79-7-8-46-5-3-45-4-6-2-55-100|96-54-41-40-36-35-72-71-93-67-50-34-31-29-30-32-33-84-95-91|60-88-78-47-16-12-59-52-57-83-80-94-81-39-37-43-1-61-68
327,4,1222.3794,479.2438,336.0,900.478,0,4,112.180994,112.317373,True,92-56-64-51-28-26-27-62-85-63-89-76-18-23-21-48-19-49-20-22-99-86-87-9-10-14-17-13-74-97-75-58-77-25-24-66|90-65-82-98-73-15-11-69-38-44-42-70-53-79-7-8-46-5-3-45-4-6-2-55-100|96-54-41-40-36-35-72-71-93-67-50-34-31-29-30-32-33-84-95-91|60-88-78-47-16-12-59-52-57-83-80-94-81-39-37-43-1-61-68
328,3,1225.064,170.1536,256.0,958.8844,0,3,112.986399,113.077681,True,92-31-29-27-28-30-32-33-62-91-69-11-15-88-38-8-79-53-78-60-7-6-2-46-5-45-4-3-1-55-74-58-59-86-52-65-82-98-100|68-70-61-41-39-37-35-36-40-43-44-42-72-71-93-67-95-56-64-83-57-99-87-9-10-12-14-73-47-17-16-13-97-75-77-25-18-89-34|80-81-54-96-94-50-26-85-63-76-48-23-21-19-49-24-22-20-51-84-66-90
329,3,1225.064,170.1536,256.0,958.8844,0,3,112.986399,113.077681,True,92-31-29-27-28-30-32-33-62-91-69-11-15-88-38-8-79-53-78-60-7-6-2-46-5-45-4-3-1-55-74-58-59-86-52-65-82-98-100|68-70-61-41-39-37-35-36-40-43-44-42-72-71-93-67-95-56-64-83-57-99-87-9-10-12-14-73-47-17-16-13-97-75-77-25-18-89-34|80-81-54-96-94-50-26-85-63-76-48-23-21-19-49-24-22-20-51-84-66-90
330,3,1225.064,170.1536,256.0,958.8844,0,3,112.986399,113.077681,True,92-31-29-27-28-30-32-33-62-91-69-11-15-88-38-8-79-53-78-60-7-6-2-46-5-45-4-3-1-55-74-58-59-86-52-65-82-98-100|68-70-61-41-39-37-35-36-40-43-44-42-72-71-93-67-95-56-64-83-57-99-87-9-10-12-14-73-47-17-16-13-97-75-77-25-18-89-34|80-81-54-96-94-50-26-85-63-76-48-23-21-19-49-24-22-20-51-84-66-90
331,4,1226.0566,1201.815,386.0,868.5839,0,4,127.866698,128.112781,True,80-90-69-82-10-11-15-16-14-53-78-79-7-8-4-45-3-1-2-6-60-100-70|46-5-92-94-96-93-67-33-95-83-99-52-86-87-9-13-74-75-77-25-57|66-62-20-22-24-49-19-23-21-48-18-89-76-51-65-84-85-63-32-30-28-26-27-29-31-34-50-71-72-37-35-36-40-43-39-41-54-81|64-56-91-38-44-42-61-68-55-98-88-73-17-47-12-97-59-58
332,5,1229.9737,1753.3569,261.0,897.5999,0,5,210.597977,210.92012,True,80-92-91-66-65-82-69-88-15-11-86-52-57-83-64-56-84-95-90-98-53-10-12-78-60-2-55|44-37-36-43-3-5-6-79-73-17-9-87-13-74-77-58-75-97-59|50-34-31-29-27-26-28-30-32-33-89-76-18-23-25-21-48-24|81-96-94-51-19-49-20-22-99-16-47-14-7-8-46-4-70-61-68|85-63-62-67-93-71-54-72-41-39-38-35-40-42-1-45-100
333,3,1231.7449,156.3917,478.0,957.5488,0,3,114.990652,115.103873,True,92-29-27-26-28-30-32-33-62-69-11-15-38-8-79-73-53-78-60-7-6-2-46-5-45-4-3-1-55-74-58-59-82-98-88-100-68-90|81-96-54-61-70-42-39-37-35-36-40-43-44-41-72-71-93-94-67-95-56-64-83-99-9-87-86-24-20-57-52-10-12-14-47-17-16-13-97-75-77-25-18-89-31-34|80-91-50-85-63-76-48-23-21-19-49-22-51-84-66-65
334,3,1231.7449,156.3917,478.0,957.5488,0,3,114.990652,115.103873,True,92-29-27-26-28-30-32-33-62-69-11-15-38-8-79-73-53-78-60-7-6-2-46-5-45-4-3-1-55-74-58-59-82-98-88-100-68-90|81-96-54-61-70-42-39-37-35-36-40-43-44-41-72-71-93-94-67-95-56-64-83-99-9-87-86-24-20-57-52-10-12-14-47-17-16-13-97-75-77-25-18-89-31-34|80-91-50-85-63-76-48-23-21-19-49-22-51-84-66-65
335,3,1238.6915,439.7025,44.0,954.8177,0,3,117.074636,117.188629,True,91-92-56-95-63-62-50-34-27-26-32-33-89-76-49-99-52-87-9-14-47-17-16-13-86-74-59-97-75-58-77-25-48-18-51-57|90-82-98-88-78-73-12-15-11-10-69-54-41-38-44-42-61-70-53-60-8-46-5-3-1-45-4-6-2-55-100-68|65-66-83-64-20-22-24-21-23-19-85-30-28-29-31-67-84-79-43-39-40-36-35-37-72-71-7-93-94-96-80-81
336,3,1238.6915,439.7025,44.0,954.8177,0,3,117.074636,117.188629,True,91-92-56-95-63-62-50-34-27-26-32-33-89-76-49-99-52-87-9-14-47-17-16-13-86-74-59-97-75-58-77-25-48-18-51-57|90-82-98-88-78-73-12-15-11-10-69-54-41-38-44-42-61-70-53-60-8-46-5-3-1-45-4-6-2-55-100-68|65-66-83-64-20-22-24-21-23-19-85-30-28-29-31-67-84-79-43-39-40-36-35-37-72-71-7-93-94-96-80-81
337,3,1238.6915,439.7025,44.0,954.8177,0,3,117.074636,117.188629,True,91-92-56-95-63-62-50-34-27-26-32-33-89-76-49-99-52-87-9-14-47-17-16-13-86-74-59-97-75-58-77-25-48-18-51-57|90-82-98-88-78-73-12-15-11-10-69-54-41-38-44-42-61-70-53-60-8-46-5-3-1-45-4-6-2-55-100-68|65-66-83-64-20-22-24-21-23-19-85-30-28-29-31-67-84-79-43-39-40-36-35-37-72-71-7-93-94-96-80-81
338,3,1239.4691,199.8244,284.0,955.2194,0,3,117.307928,117.410232,True,92-29-27-26-28-30-32-33-62-69-11-15-88-38-8-79-53-78-60-7-6-2-46-5-45-4-3-1-55-74-58-59-86-52-65-98-100|68-61-70-39-37-41-35-36-40-43-44-42-72-71-93-67-95-56-64-83-57-99-87-9-10-12-14-73-47-16-17-13-97-75-77-25-18-89-31-34|80-81-54-96-94-50-85-63-76-48-23-21-19-49-24-22-20-51-84-91-66-82-90
339,3,1239.4691,199.8244,284.0,955.2194,0,3,117.307928,117.410232,True,92-29-27-26-28-30-32-33-62-69-11-15-88-38-8-79-53-78-60-7-6-2-46-5-45-4-3-1-55-74-58-59-86-52-65-98-100|68-61-70-39-37-41-35-36-40-43-44-42-72-71-93-67-95-56-64-83-57-99-87-9-10-12-14-73-47-16-17-13-97-75-77-25-18-89-31-34|80-81-54-96-94-50-85-63-76-48-23-21-19-49-24-22-20-51-84-91-66-82-90
340,3,1246.5538,234.0409,460.0,945.5485,0,3,119.433332,119.559043,True,90-98-88-60-12-14-47-17-16-15-11-69-61-41-44-42-38-37-36-43-45-8-79-73-7-46-5-3-1-4-2-6-78-13-97-75-58-59-82-100-70|80-65-64-83-57-52-86-24-49-19-23-21-48-18-76-89-28-67-84-85-33-30-26-27-29-34-50-93-71-35-40-54-81-74-77-25-22-20-51|68-39-72-96-94-92-91-95-62-31-32-63-56-66-99-87-9-10-53-55
341,3,1250.6857,186.2055,286.0,955.8962,0,3,120.672903,120.77683,True,92-29-27-26-28-30-32-33-62-69-16-15-11-99-38-79-8-73-78-60-7-6-46-5-45-4-3-1-55-74-58-59-86-52-83-98-100|88-2-70-68-61-41-39-37-35-36-40-43-44-42-72-71-93-67-95-56-64-57-87-9-10-53-82-12-14-47-17-13-97-75-77-25-18-89-31-34|80-81-54-96-94-50-85-63-76-48-23-21-19-49-24-22-20-51-84-91-66-65-90
342,3,1250.6857,186.2055,286.0,955.8962,0,3,120.672903,120.77683,True,92-29-27-26-28-30-32-33-62-69-16-15-11-99-38-79-8-73-78-60-7-6-46-5-45-4-3-1-55-74-58-59-86-52-83-98-100|88-2-70-68-61-41-39-37-35-36-40-43-44-42-72-71-93-67-95-56-64-57-87-9-10-53-82-12-14-47-17-13-97-75-77-25-18-89-31-34|80-81-54-96-94-50-85-63-76-48-23-21-19-49-24-22-20-51-84-91-66-65-90
343,5,1251.8491,1497.0924,384.0,864.7678,0,5,172.158308,172.455949,True,12-15-11-10-99-67-61-7-73-78-14-47-13-59-97-75-58-77|81-54-41-37-35-36-38-39-42-44-43-1-3-5-45-46-8-79-17-16-60-88-55-6-4-2-100-70-68|92-76-89-63-33-32-30-28-26-27-29-31-34-50-93-71-72-40-96|91-56-64-85-51-18-48-21-23-19-49-20-22-86-87-9-57-66-65-82-53-98|90-69-52-80-94-62-95-84-83-74-25-24
344,3,1258.8697,579.021,15.0,955.2194,0,3,123.128111,123.266215,True,92-29-27-26-28-30-32-33-62-56-69-98-15-11-87-99-82-53-60-79-73-78-12-14-47-17-16-59-74-58-21-48-19-49-57-90|24-22-20-81-54-37-35-36-40-43-44-23-76-63-84-52-86-9-10-13-97-75-77-25-18-89-31-34|65-66-83-64-51-85-50-95-91-80-96-94-67-93-71-72-38-1-3-5-8-7-6-46-45-4-2-88-55-100-70-42-39-41-61-68
345,3,1258.8697,579.021,15.0,955.2194,0,3,123.128111,123.266215,True,92-29-27-26-28-30-32-33-62-56-69-98-15-11-87-99-82-53-60-79-73-78-12-14-47-17-16-59-74-58-21-48-19-49-57-90|24-22-20-81-54-37-35-36-40-43-44-23-76-63-84-52-86-9-10-13-97-75-77-25-18-89-31-34|65-66-83-64-51-85-50-95-91-80-96-94-67-93-71-72-38-1-3-5-8-7-6-46-45-4-2-88-55-100-70-42-39-41-61-68
346,3,1258.9002,131.5258,286.0,958.1906,0,3,123.137245,123.235779,True,81-61-42-43-40-36-37-72-71-93-27-62-67-56-64-83-66-65-99-52-10-9-87-86-57-89-21-74-59-13-97-75-77-58-25-28|68-70-88-98-82-12-14-47-17-16-15-11-69-41-38-44-53-60-78-73-79-7-8-46-45-5-3-1-4-6-2-55-39-35-100-54-96-94-80-90|92-50-34-31-29-26-30-32-33-85-63-76-23-48-18-19-49-24-22-20-51-84-95-91
347,3,1258.9002,131.5258,286.0,958.1906,0,3,123.137245,123.235779,True,81-61-42-43-40-36-37-72-71-93-27-62-67-56-64-83-66-65-99-52-10-9-87-86-57-89-21-74-59-13-97-75-77-58-25-28|68-70-88-98-82-12-14-47-17-16-15-11-69-41-38-44-53-60-78-73-79-7-8-46-45-5-3-1-4-6-2-55-39-35-100-54-96-94-80-90|92-50-34-31-29-26-30-32-33-85-63-76-23-48-18-19-49-24-22-20-51-84-95-91
348,3,1259.4613,202.3784,244.0,955.8962,0,3,123.305578,123.410365,True,92-29-27-26-28-30-32-33-62-69-16-15-11-99-38-79-8-73-78-60-7-6-46-5-45-4-3-1-55-74-58-59-86-52-83-98-100|88-2-70-61-41-39-37-35-36-40-43-44-42-72-71-93-67-95-56-64-57-87-9-10-53-82-12-14-47-17-13-97-75-77-25-18-89-31-34|68-81-54-96-94-50-85-63-76-48-23-21-19-49-24-22-20-51-84-66-65-90-91-80
349,3,1259.4613,202.3784,244.0,955.8962,0,3,123.305578,123.410365,True,92-29-27-26-28-30-32-33-62-69-16-15-11-99-38-79-8-73-78-60-7-6-46-5-45-4-3-1-55-74-58-59-86-52-83-98-100|88-2-70-61-41-39-37-35-36-40-43-44-42-72-71-93-67-95-56-64-57-87-9-10-53-82-12-14-47-17-13-97-75-77-25-18-89-31-34|68-81-54-96-94-50-85-63-76-48-23-21-19-49-24-22-20-51-84-66-65-90-91-80
350,3,1267.945,298.8904,101.0,958.1906,0,3,125.850696,125.958548,True,81-42-43-40-36-37-72-71-93-67-62-56-64-83-66-65-99-52-10-9-87-86-57-74-59-13-97-75-77-58-25-28|68-70-88-98-82-12-14-47-17-16-15-11-69-41-38-44-53-60-78-73-79-7-8-39-46-45-3-1-4-6-2-55-100-5-90|80-91-92-50-34-31-29-27-26-30-32-33-89-76-18-23-21-48-19-49-24-22-20-51-63-85-84-94-96-54-35-95-61
351,3,1267.945,298.8904,101.0,958.1906,0,3,125.850696,125.958548,True,81-42-43-40-36-37-72-71-93-67-62-56-64-83-66-65-99-52-10-9-87-86-57-74-59-13-97-75-77-58-25-28|68-70-88-98-82-12-14-47-17-16-15-11-69-41-38-44-53-60-78-73-79-7-8-39-46-45-3-1-4-6-2-55-100-5-90|80-91-92-50-34-31-29-27-26-30-32-33-89-76-18-23-21-48-19-49-24-22-20-51-63-85-84-94-96-54-35-95-61
352,5,1269.5995,1881.6599,170.0,872.6428,0,5,229.843437,230.183869,True,93-92-91-90-69-98-88-15-11-53-82-65-66-56-95-84-64-83-52-10-12-17-78-60-6-2-55|43-3-5-8-79-73-9-87-86-74-59-97-75-58-77-57|80-62-50-34-31-29-27-26-28-30-33-89-76-18-48-21-25|24-23-19-49-20-22-51-67-94-99-16-13-47-14-7-46-4-61-81|85-63-32-71-96-54-72-41-39-36-35-37-38-40-44-42-1-45-100-70-68
353,3,1269.7824,96.9494,260.0,958.1906,0,3,126.401894,126.495906,True,81-61-42-43-40-36-37-72-71-93-27-62-67-56-64-83-66-65-99-52-10-9-87-86-57-89-21-74-59-13-97-75-77-58-25-28|68-70-88-98-82-12-14-47-17-16-15-11-69-41-38-44-53-60-78-73-79-7-8-46-45-5-3-1-4-6-2-55-35-39-100-54-96-94-90|80-91-92-95-50-34-31-29-26-30-32-33-85-63-76-48-23-18-24-22-19-49-20-51-84
354,3,1274.6428,548.6351,12.0,953.7886,0,3,127.86002,127.997783,True,31-29-27-26-28-30-32-62-56-69-98-11-15-87-99-53-88-79-73-78-60-12-14-47-17-16-59-74-58-21-48-19-49-52-82-90|24-22-20-92-54-37-35-36-40-44-61-23-18-76-63-84-57-86-9-10-13-97-75-77-25-89-33-34-91|65-66-83-64-51-85-50-95-80-81-96-94-67-93-71-72-41-38-42-43-1-3-5-8-46-45-4-7-6-2-55-100-70-39-68
355,3,1279.0293,483.5978,57.0,953.0538,0,3,129.175982,129.309696,True,92-29-27-26-28-30-32-33-62-69-11-15-38-8-79-53-78-73-7-6-2-46-5-45-4-3-1-55-74-77-58-59-86-52-65|39-37-35-36-40-43-44-67-95-56-83-57-99-87-9-10-12-14-47-17-16-13-97-75-48-21-25-18-89-31-34|90-82-66-64-20-22-24-23-19-49-76-63-85-51-84-50-91-80-94-93-71-96-81-54-72-41-42-61-68-70-100-60-88-98
356,3,1286.9661,438.2074,57.0,951.4924,0,3,131.557014,131.686065,True,92-31-29-27-26-28-30-32-33-62-69-15-38-3-8-79-53-78-73-7-6-2-46-45-4-5-1-55-74-58-59-52-65|39-36-35-37-40-43-44-67-56-83-99-86-87-9-10-12-14-47-17-16-13-97-75-77-25-18-89-34-50|90-82-57-24-22-20-49-19-48-21-23-11-66-64-51-76-63-85-84-95-91-80-94-93-71-96-81-54-72-41-42-61-68-70-100-60-88-98
357,3,1286.9661,438.2074,57.0,951.4924,0,3,131.557014,131.686065,True,92-31-29-27-26-28-30-32-33-62-69-15-38-3-8-79-53-78-73-7-6-2-46-45-4-5-1-55-74-58-59-52-65|39-36-35-37-40-43-44-67-56-83-99-86-87-9-10-12-14-47-17-16-13-97-75-77-25-18-89-34-50|90-82-57-24-22-20-49-19-48-21-23-11-66-64-51-76-63-85-84-95-91-80-94-93-71-96-81-54-72-41-42-61-68-70-100-60-88-98
358,3,1288.4553,225.8435,153.0,953.4079,0,3,132.003785,132.111316,True,70-7-15-11-65-91-67-95-56-83-99-52-87-9-10-12-53-94-78-73-47-14-13-97-59-86-74-58-75-77-25-19-49-64-66|90-61-24-57-82-69-81-54-37-35-36-38-39-42-44-43-1-3-5-45-46-8-79-17-16-60-88-98-55-40-6-4-41-2-100-68|80-92-62-51-20-22-23-21-48-18-89-76-63-85-84-50-33-32-30-28-26-27-29-31-34-72-71-93-96
359,3,1288.4553,225.8435,153.0,953.4079,0,3,132.003785,132.111316,True,70-7-15-11-65-91-67-95-56-83-99-52-87-9-10-12-53-94-78-73-47-14-13-97-59-86-74-58-75-77-25-19-49-64-66|90-61-24-57-82-69-81-54-37-35-36-38-39-42-44-43-1-3-5-45-46-8-79-17-16-60-88-98-55-40-6-4-41-2-100-68|80-92-62-51-20-22-23-21-48-18-89-76-63-85-84-50-33-32-30-28-26-27-29-31-34-72-71-93-96
360,3,1319.05,463.548,43.0,956.5038,0,3,141.182176,141.324005,True,82-11-15-69-38-53-60-78-73-79-7-8-6-2-46-5-45-4-3-1-55-59-97-75-58-21-48-19-49-64|83-24-22-20-85-32-94-39-37-36-40-43-44-42-81-99-52-57-86-87-9-10-12-14-47-17-16-13-74-77-25-18-89-26|90-65-66-92-34-31-29-27-28-30-33-50-62-63-76-23-51-67-95-84-56-91-80-96-54-93-71-35-72-41-61-68-70-100-88-98
361,3,1319.05,463.548,43.0,956.5038,0,3,141.182176,141.324005,True,82-11-15-69-38-53-60-78-73-79-7-8-6-2-46-5-45-4-3-1-55-59-97-75-58-21-48-19-49-64|83-24-22-20-85-32-94-39-37-36-40-43-44-42-81-99-52-57-86-87-9-10-12-14-47-17-16-13-74-77-25-18-89-26|90-65-66-92-34-31-29-27-28-30-33-50-62-63-76-23-51-67-95-84-56-91-80-96-54-93-71-35-72-41-61-68-70-100-88-98
362,5,1320.804,1690.1321,245.0,897.5999,0,5,201.114268,201.452575,True,80-92-91-65-82-69-15-11-86-52-57-83-64-56-84-95-90-98-53-88-10-12-78-60-2-55|44-37-36-43-3-5-6-79-73-17-9-87-13-74-77-58-75-97-59|50-34-31-29-27-26-28-30-32-33-89-76-18-23-66-25-21-48-24|81-96-94-51-19-49-20-22-99-16-47-14-7-8-46-4-70-61-68|85-63-62-71-67-93-54-72-41-39-38-35-40-42-1-45-100
363,3,1329.7393,205.164,218.0,954.4157,0,3,144.388965,144.51243,True,22-56-92-96-39-35-36-40-43-44-19-23-21-48-49-24-57-99-86-87-9-10-16-13-74-97-75-77-25-89-26-28|42-70-98-12-14-47-17-15-11-69-37-38-88-53-60-78-73-79-7-8-46-45-5-3-1-4-6-2-55-82-59-58-52-83-66-65-90-100|81-54-41-72-71-93-94-95-62-31-29-27-30-32-34-33-50-67-76-63-85-84-51-18-20-64-91-80-61-68
364,5,1332.2926,1808.1956,138.0,882.7087,0,5,218.823793,219.170323,True,93-92-91-90-69-98-88-15-11-53-82-66-56-95-84-64-83-52-10-12-17-78-60-6-2-55|43-3-5-8-79-73-9-87-86-97-74-75-59-58-77-57-65|80-62-50-34-31-29-27-26-28-30-33-89-76-18-48-21-25|24-23-19-49-20-22-51-67-94-99-16-13-47-14-7-46-4-81|85-63-32-71-96-54-72-41-39-36-35-37-38-40-44-42-1-45-61-100-70-68
365,3,1336.7521,202.614,198.0,953.1466,0,3,146.492816,146.615812,True,22-92-94-96-39-35-36-40-43-44-19-23-21-48-49-24-57-99-86-87-9-10-16-13-74-97-75-77-25-51-63-85-56|42-70-98-12-14-47-17-15-11-69-37-38-88-53-60-78-73-79-7-8-46-45-5-3-1-4-6-2-55-82-59-58-52-83-66-65-90-100|81-54-41-72-71-93-34-31-29-28-26-27-32-50-62-67-33-76-89-18-20-64-84-30-95-91-80-61-68
366,3,1336.7521,202.614,198.0,953.1466,0,3,146.492816,146.615812,True,22-92-94-96-39-35-36-40-43-44-19-23-21-48-49-24-57-99-86-87-9-10-16-13-74-97-75-77-25-51-63-85-56|42-70-98-12-14-47-17-15-11-69-37-38-88-53-60-78-73-79-7-8-46-45-5-3-1-4-6-2-55-82-59-58-52-83-66-65-90-100|81-54-41-72-71-93-34-31-29-28-26-27-32-50-62-67-33-76-89-18-20-64-84-30-95-91-80-61-68
367,5,1340.8056,1425.9809,398.0,864.7678,0,5,161.491575,161.806636,True,80-90-82-11-15-16-17-47-14-78-60-73-79-7-8-46-5-3-1-45-4-6-2-88-55-100-70-68|86-57-66-91-92-62-64-20-19-23-21-48-76-63-85-84-33-32-30-28-26-27-31-34-50-93-36-40-54|61-39-38-96-67-95-56-87-9-13-97-75-59-74-25|94-81-41-37-72-71-29-89-18-49-24-22-51-83-65-10-12-53-98|35-43-44-42-69-99-52-58-77
368,3,1375.3992,363.2307,97.0,955.2194,0,3,158.086942,158.235836,True,92-29-27-26-28-30-32-33-62-95-11-15-16-99-38-8-79-7-6-2-46-5-45-4-55-10-13-74-58-57-64-56-91-80|83-22-20-94-71-72-41-40-43-44-42-23-21-48-86-52-53-9-87-59-97-75-77-25-18-89-31-34|90-65-82-98-69-66-24-49-19-51-76-63-85-50-67-84-93-96-81-54-37-35-36-39-61-70-1-3-73-17-47-14-12-78-60-88-100-68
369,3,1375.3992,363.2307,97.0,955.2194,0,3,158.086942,158.235836,True,92-29-27-26-28-30-32-33-62-95-11-15-16-99-38-8-79-7-6-2-46-5-45-4-55-10-13-74-58-57-64-56-91-80|83-22-20-94-71-72-41-40-43-44-42-23-21-48-86-52-53-9-87-59-97-75-77-25-18-89-31-34|90-65-82-98-69-66-24-49-19-51-76-63-85-50-67-84-93-96-81-54-37-35-36-39-61-70-1-3-73-17-47-14-12-78-60-88-100-68
370,4,1377.1392,653.1034,218.0,890.1079,0,4,158.608953,158.804483,True,91-92-31-29-27-26-28-50-62-85-63-51-89-76-23-21-48-19-22-99-86-87-9-14-13-97-59-74-58-77-25-83|90-65-82-15-12-78-73-60-42-38-98-53-79-8-46-5-45-4-7-6-2-55-100-68|69-3-1-43-44-41-72-71-67-32-30-34-93-96-54-81-80-94-95-56-64-18-24-52-47|61-39-37-35-36-40-70-88-17-16-11-10-75-57-20-49-33-84-66
371,3,1382.8632,395.5184,45.0,954.6,0,3,160.326161,160.476844,True,82-11-15-69-38-53-60-78-73-79-7-8-6-2-46-5-45-4-3-1-55-59-97-75-58-77-25-19-49-20|94-32-39-37-36-40-43-44-42-23-76-81-87-9-10-12-14-47-17-16-13-74-24-22-21-48-18-89-63-85-26|90-65-83-66-56-92-62-33-30-28-27-29-31-34-50-67-91-99-52-86-57-64-51-84-95-80-96-54-93-71-72-35-41-61-68-70-100-88-98
372,3,1382.8632,395.5184,45.0,954.6,0,3,160.326161,160.476844,True,82-11-15-69-38-53-60-78-73-79-7-8-6-2-46-5-45-4-3-1-55-59-97-75-58-77-25-19-49-20|94-32-39-37-36-40-43-44-42-23-76-81-87-9-10-12-14-47-17-16-13-74-24-22-21-48-18-89-63-85-26|90-65-83-66-56-92-62-33-30-28-27-29-31-34-50-67-91-99-52-86-57-64-51-84-95-80-96-54-93-71-72-35-41-61-68-70-100-88-98
373,8,1392.4272,3289.7368,341.0,862.6101,0,8,441.054971,441.659958,True,92-91-65-69-98-53-90-56-84-64-83-57-52-86-10-12-60-6-2-88-55|61-44-37-35-36-43-1-3-5-79-73-17-9-87-59-97-75-58-77|80-50-34-31-29-27-26-28-30-32-33-89-76-23-25-24|22-21-48-18-51-95-94-71-72-41-96-81-68|66-20-49-19-16-47-14-78-7-8-46-4-70|85-63-62-67-93-54-39-38-40-42-45-100|99-74|11-15-13-82
374,3,1399.619,191.9713,200.0,955.1954,0,3,165.352887,165.493654,True,66-22-56-92-96-43-40-35-39-71-67-62-85-63-51-19-24-99-52-86-87-9-10-16-13-74-97-75-77-25-89-26-28|42-70-98-12-14-47-17-15-11-69-41-38-37-44-53-60-78-73-79-8-7-46-45-5-3-1-4-6-2-55-82-59-58-57-83-65-90-100-61|81-54-72-93-94-50-34-31-29-27-32-33-76-18-23-21-48-49-20-64-84-30-95-91-80-36-68-88
375,3,1416.7837,301.9624,13.0,955.2194,0,3,170.502302,170.646021,True,92-29-27-26-28-30-32-33-62-69-11-15-38-8-79-53-78-73-7-6-2-46-5-45-4-3-1-55-74-58-59-65|39-37-35-40-43-44-36-67-56-64-83-99-87-9-10-12-14-86-47-17-52-16-13-97-75-77-25-18-89-31-34|90-82-57-24-22-20-49-19-23-21-66-48-76-63-85-51-84-95-50-91-80-94-93-71-96-81-54-72-41-42-61-68-70-100-60-88-98
376,3,1416.7837,301.9624,13.0,955.2194,0,3,170.502302,170.646021,True,92-29-27-26-28-30-32-33-62-69-11-15-38-8-79-53-78-73-7-6-2-46-5-45-4-3-1-55-74-58-59-65|39-37-35-40-43-44-36-67-56-64-83-99-87-9-10-12-14-86-47-17-52-16-13-97-75-77-25-18-89-31-34|90-82-57-24-22-20-49-19-23-21-66-48-76-63-85-51-84-95-50-91-80-94-93-71-96-81-54-72-41-42-61-68-70-100-60-88-98
377,7,1487.0135,2400.9176,245.0,863.7728,0,7,307.732083,308.222398,True,47-11-10-9-12-17-78-73-79-88-55|91-92-94-96-81-1-3-5-45-46-6-7-53-82-83-86-87-13-59-75-58|49-21-51-84-85-63-33-32-30-28-26-29-31-34-50-37-35-40-42|66-64-19-18-97-16-15-14-60-2-44-36-72-71-67-95-56-90|54-93-62-20-22-24-23-48-76-89-27-39-43-70-80|99-52-74-77-25-57-65|69-98-68-61-41-38-8-4-100
378,9,1488.1755,3251.6386,358.0,862.6101,0,9,435.340236,435.970232,True,80-92-91-66-65-69-98-53-90-56-84-64-83-57-52-86-10-12-78-60-2-55|44-37-35-36-43-1-3-5-79-73-17-9-87-59-97-75-58-77|50-34-31-29-27-26-28-30-32-33-89-76-48-23-25-24|22-21-18-51-95-71-72-41-96-68|81-94-20-49-19-16-47-14-7-8-46-4-70-61|85-63-62-67-93-54-39-38-40-42-45-100|99-74|88-6|11-15-13-82
379,3,1489.166,242.8357,8.0,955.2194,0,3,192.216979,192.373044,True,92-29-27-26-28-30-32-33-62-11-15-16-99-38-8-79-53-17-7-6-2-46-5-45-4-55-13-74-58-49-56-95-91-80|83-22-20-94-72-41-36-40-43-44-42-23-21-48-76-84-86-87-9-52-59-97-75-77-25-18-89-31-34|90-65-82-98-69-66-64-57-24-19-51-63-85-50-67-71-93-96-81-54-37-35-39-61-70-1-3-73-47-14-10-12-78-60-88-100-68
380,3,1523.5469,160.6486,162.0,952.5069,0,3,202.531254,202.700298,True,92-29-27-26-28-30-32-62-23-11-15-14-12-48-19-53-98-88-60-7-6-2-3-5-1-45-46-4-55-59-97-75-58-21-49|24-22-20-39-37-35-36-40-43-44-69-82-99-52-86-87-9-10-73-79-8-78-47-17-16-13-57-74-77-25-18-89-33-34|90-65-68-66-83-51-96-76-63-85-67-42-38-31-50-84-64-95-56-91-80-94-93-71-81-54-72-41-61-70-100
381,3,1523.5469,160.6486,162.0,952.5069,0,3,202.531254,202.700298,True,92-29-27-26-28-30-32-62-23-11-15-14-12-48-19-53-98-88-60-7-6-2-3-5-1-45-46-4-55-59-97-75-58-21-49|24-22-20-39-37-35-36-40-43-44-69-82-99-52-86-87-9-10-73-79-8-78-47-17-16-13-57-74-77-25-18-89-33-34|90-65-68-66-83-51-96-76-63-85-67-42-38-31-50-84-64-95-56-91-80-94-93-71-81-54-72-41-61-70-100
382,3,1523.5469,160.6486,162.0,952.5069,0,3,202.531254,202.700298,True,92-29-27-26-28-30-32-62-23-11-15-14-12-48-19-53-98-88-60-7-6-2-3-5-1-45-46-4-55-59-97-75-58-21-49|24-22-20-39-37-35-36-40-43-44-69-82-99-52-86-87-9-10-73-79-8-78-47-17-16-13-57-74-77-25-18-89-33-34|90-65-68-66-83-51-96-76-63-85-67-42-38-31-50-84-64-95-56-91-80-94-93-71-81-54-72-41-61-70-100
383,6,1559.7574,1718.0486,513.0,862.6101,0,6,213.394408,213.830441,True,80-90-82-98-11-15-16-17-47-14-53-78-7-6-2-46-5-3-1-45-4-60-88-55-100-70|86-57-66-91-92-62-64-20-19-23-21-48-76-63-85-84-33-32-30-28-26-27-31-34-50-93-36-40-43-54|44-39-38-96-67-95-56-87-9-13-97-75-59-74-25|83-18-51-24-22-49-89-29-71-72-37-42-41-81-61-94-65-10-12-73|68-35-79-99-52-58-77|69-8
384,6,1568.0734,1905.1258,196.0,859.6722,0,6,233.363308,233.797757,True,11-15-47-17-73-79-78-60-88-98-55|1-6-7-99-83-57-52-13-59-75-58-86-65|97-69-61-42-44-3-5-45-8-46-4-100|80-67-62-84-22-49-19-21-51-85-63-33-32-30-28-26-27-29-31-34-37-40-41-81|66-18-91-92-94-93-96-54-72-35-36-38-39-2-16-82-90-68|12-14-10-24-23-48-89-76-20-87-9-53-70-43-71-50-95-56-64-74-77-25
385,3,1592.9461,187.1666,189.0,942.3768,0,3,223.351015,223.546037,True,92-29-27-26-28-32-33-62-69-15-11-99-38-8-79-53-78-73-7-6-2-46-5-45-4-3-1-55-59-58-21-48-19-49-63|24-22-20-39-37-35-36-40-43-44-96-76-84-9-87-86-57-52-10-12-14-47-17-16-13-74-97-75-77-25-18-89-34|90-82-65-66-23-83-64-51-85-50-67-95-56-91-80-94-30-93-71-81-54-31-72-41-42-61-68-70-100-60-88-98
386,3,1592.9461,187.1666,189.0,942.3768,0,3,223.351015,223.546037,True,92-29-27-26-28-32-33-62-69-15-11-99-38-8-79-53-78-73-7-6-2-46-5-45-4-3-1-55-59-58-21-48-19-49-63|24-22-20-39-37-35-36-40-43-44-96-76-84-9-87-86-57-52-10-12-14-47-17-16-13-74-97-75-77-25-18-89-34|90-82-65-66-23-83-64-51-85-50-67-95-56-91-80-94-30-93-71-81-54-31-72-41-42-61-68-70-100-60-88-98
387,3,1612.9351,163.5842,215.0,944.1618,0,3,229.347715,229.548064,True,92-29-27-26-28-30-32-33-62-69-15-11-99-38-8-79-53-78-73-7-6-2-46-5-45-4-3-1-55-59-58-21-19-49-63|24-22-20-39-37-35-36-40-43-44-23-76-67-84-87-9-86-57-52-10-12-14-47-17-16-13-74-97-75-77-25-18-89-34|90-82-65-83-66-56-64-48-85-50-95-51-91-80-94-93-71-96-81-31-54-72-41-42-61-68-70-100-60-88-98
388,6,1618.4982,1825.7251,179.0,849.2359,0,6,231.016648,231.451048,True,82-10-11-12-15-47-17-73-79-78-60-88-98-55|1-46-6-7-99-83-57-52-86-87-13-59-75-58-65|97-69-61-42-44-3-5-45-8-4-100|80-91-67-62-84-22-49-21-51-85-63-33-32-30-28-26-29-31-34-37-35-40-41-81|66-19-18-64-92-94-93-96-54-72-36-38-39-2-16-90-68|14-24-23-48-89-76-20-9-53-70-43-71-27-50-95-56-74-77-25
389,9,1739.6069,3732.8212,270.0,844.0785,0,9,507.517627,508.283651,True,82-10-11-12-15-17-47-78-73-79-88-55|91-92-94-96-81-46-6-7-99-83-52-86-87-13-59-75-58|42-1-3-5-45-8-4|49-21-51-84-85-63-33-32-30-28-26-29-31-34-50-37-35-40|66-64-19-18-97-16-14-60-2-44-36-72-71-67-95-56-90|54-93-62-22-24-23-48-89-76-20-9-70-43-39-27-80|74-77-57-65|41-38-61-68-98-53-100|69-25
390,6,1762.7902,1680.2636,160.0,849.2359,0,6,274.304239,274.758208,True,82-10-11-12-15-47-17-73-79-78-60-88-98-55|91-92-62-94-1-46-6-7-99-83-57-52-86-87-13-59-75-58-65|97-69-61-42-44-3-5-45-8-4-100|22-49-21-51-84-85-63-33-32-30-28-26-29-31-34-93-37-35-40-41-96|66-19-18-64-56-95-67-72-36-38-39-2-16-90-68|54-50-14-24-23-48-89-76-20-9-53-70-43-27-71-81-80-74-77-25
391,16,1887.7897,5125.6418,268.0,839.2769,0,16,716.440716,717.461297,True,65-57-66|1-3-5-46-79-73-47-17-16-13-59-58|80-92-34-31-26-28-30-32-33-89-76-18-48-25|7-60-78-12-14-15-11-10-9-19-49-64|41-38-40-39|56-85-63-50-93-70-45-6-88-69|91-62-67-71-72-4-2|83|61|81-37-54-96-94-95-20-22-75-97-87-53-98|42-44-36-35-27-29-84-51-21|68-43-55|90-82-99-86-74-52|24-23-77|100|8
392,18,2169.1373,6013.424,250.0,839.2769,0,18,849.608051,850.845004,True,65-66-57-86-78-60-88-53-82|1-3-5-73-17-87-59-97-58|80-92-34-31-26-28-30-32-33-89-76-18-48-25|46-7-14-47-16-99-19-49-64|41-39-40-35-38|10-11-15-12-98-69|56-85-63-50-93-94-70-45-6|91-62-67-71-72-4-2|83|61|9-13|81-37-54-96-95-20-22-75-79|42-44-36-27-29-84-51-21|68-43-55|90-52-74|24-23-77|100|8
393,15,2216.495,5305.7375,240.0,839.2769,0,15,743.455077,744.598184,True,95-64-57-86-52-88-60-78-53-98-82-65-66-90|43-1-3-5-73-17-87-59-97-75-58|34-31-29-26-28-30-32-33-89-76-18-48-25|24|81-46-7-14-47-16-99-19-49|39-38-35-40-42-100|96-22-74|79|10-11-15-12|92-56-21-51-85-63-27-50-94-93-41-37-45-6-70-68|91-62-67-71-54-72-36-4-2|20-83-69-55|8-61-84-77|9-13|44-80-23
394,18,2227.4566,6224.0825,233.0,839.2769,0,18,881.206819,882.491167,True,65-66-64-57-86-52-82-53-78-60-88-98-90|1-3-5-73-17-87-59-97-58|34-31-29-26-28-30-32-33-89-76-18-48-25|46-7-14-47-16-99-19-49|39-38-35-40-42|10-11-15-12|92-56-51-63-85-50-94-93-41-45-6-70-68|91-62-67-71-72-54-4-2|83-69|61|81-37-96-95-20-22-24-75-79|44-36-27-84-21|23-77|80-9-13|43-55|74|100|8
395,19,2253.3551,6164.9795,233.0,839.2769,0,19,872.34137,873.624921,True,66-65-64-57-86-52-78-60-88-98-53-82-90|1-3-5-73-17-87-59-97-58|34-31-29-26-28-30-32-33-89-76-18-48-25|46-7-14-47-16-99-19-49|39-38-35-40-42|10-11-15-12|92-56-51-63-85-50-94-93-41-45-6-70-68|91-62-67-71-72-54-4-2|83-69|61|9-13|80|81-37-96-95-24-22-20-75-79|44-36-27-84-21|43-55|74|23-77|100|8
396,13,2307.5234,5180.1088,407.0,839.2769,0,13,724.610759,725.77843,True,81-96-93-88-60-78-14-47-17-16-15-11-98-99-52-86-9-13-97-57-65-90|80-91-92-56-29-31-34-35-36-72-84-32-30-33-63-51-18-48-21-19-49-20-22-64-66|41-39-42-44-1-3-5-45-46-8-7-6-2-68|55-83-24|61-27-26-77|89-50-94-54-40-43-82-10-12-73-75-59|67-28-70-100|37-79-74-85-71|4|95-25|62-76-53-87-58|69-38|23
397,11,2315.932,3859.0992,257.0,839.2769,0,11,526.459332,527.415775,True,82-10-11-12-15-17-47-78-73-79-60-88-98-55|91-92-46-6-7-99-83-57-52-86-87-13-75-58|97-61-42-3-5-45-8-4|49-21-84-63-33-32-28-29-31-34-93-37-40-96|90-19-16-2-1-36-39-68|54-20-76-48-23-22-24-9-14-43-71-27|74-77|38-53-100|69-67-25|65-59-64-85-30-26-50-56-95-80-81-41-35-72-70|94-44-62-89-18-51-66
398,20,2853.6237,6133.0901,231.0,839.2769,0,20,867.557963,869.016912,True,77|1-2-60-11|92-62-63-89-95-91-82-14|58|90-99-47-17-41-39-33-96|97-59-83-67-71-42-46-8-78-10-87-57-32-30|80-50-85-64-86-75-15|61-44|68-35-81|100|22|66-20-98-88-45-43-36-37-38|93-5-12-53-55-72-54|70-40-94-56-51-76-18-48-25|7-79-73-16-9|24-23-21-19|27-26-28-29-31-34-84-49-74-52|4|6-13|3-69-65
