Rank,Z1_Vehicles,Z2_Distance,Z3_WaitTime,Z4_LoadBalance,Z5_Makespan,Unserved,Num_Routes,ASF,ASF_aug,In_ROI,Routes
1,4,993.1142,1263.1835,212.0,844.0081,0,4,136.683832,136.824553,True,95-59-92-98-14-42-15-2-72-39-67-23-75-22-41-73-21-40-53-26-74-56-4-25-55-54-24-80-68-77|28-12-76-69-31-88-7-82-18-99-85-44-38-86-16-61-84-6-94-97-87-57-43-91-100-37-93-96-13-58|27-52-30-33-65-71-51-9-81-29-3-50-79-78-34-35-66-20-32-10-70-1|5-83-45-36-47-19-62-11-63-90-64-49-46-8-48-17-60-89
2,4,996.3696,1259.9281,168.0,844.0081,0,4,136.195519,136.332328,True,95-59-92-98-14-42-15-2-73-72-39-67-23-75-22-41-21-40-53-26-74-56-4-25-55-54-24-80-68-77|28-76-69-31-88-7-82-18-99-85-44-38-86-16-61-84-6-94-97-87-57-43-91-100-37-93-96-13-58|12-29-33-71-65-30-9-51-81-50-3-79-78-34-35-66-20-32-10-70-1|27-52-5-83-45-36-47-19-63-90-62-11-64-49-46-8-48-17-60-89
3,4,1004.7895,1251.5083,134.0,844.0081,0,4,134.93254,135.067212,True,95-59-92-98-14-42-15-2-72-39-67-23-75-22-41-73-21-40-53-26-74-56-4-25-55-54-24-80-68-77|28-12-76-69-52-18-99-85-44-38-86-16-61-84-6-94-97-87-57-43-91-100-37-93-96-13-58|27-29-33-71-65-63-90-30-51-9-81-50-3-79-78-34-35-66-20-32-10-70-1|5-83-45-36-47-82-7-88-31-62-19-11-64-49-46-8-48-17-60-89
4,4,1005.8836,1240.3649,174.0,833.9589,0,4,133.261038,133.39686,True,95-59-92-98-14-42-15-2-72-39-67-23-75-22-41-73-21-40-53-26-74-56-4-55-25-54-24-80-68-77|28-12-76-69-31-52-18-99-85-44-38-86-16-61-84-6-94-97-87-57-43-91-100-37-93-96-13-58|27-29-33-71-65-63-90-30-51-9-81-50-3-79-78-34-35-66-20-32-10-70-1|5-83-45-36-47-82-7-88-62-19-11-64-49-46-8-48-17-60-89
5,4,1007.3957,1221.2826,160.0,844.0081,0,4,130.398693,130.532214,True,95-59-92-98-14-42-15-2-72-39-67-23-75-22-41-73-21-40-53-26-74-56-4-25-55-54-24-80-68-77|28-12-76-69-31-52-18-61-16-86-38-44-85-99-6-94-97-87-57-43-91-100-37-93-96-13-58|27-29-33-71-65-63-90-30-51-9-81-50-3-79-78-34-35-66-20-32-10-70-1|5-83-45-36-47-82-7-88-62-19-11-64-49-46-8-84-17-48-60-89
6,4,1010.4307,1218.2476,127.0,844.0081,0,4,129.943447,130.074122,True,95-59-92-98-14-42-15-2-73-72-39-67-23-75-22-41-21-40-53-26-74-56-4-25-55-54-24-80-68-77|28-12-76-69-27-52-18-61-16-86-38-44-85-99-6-94-97-87-57-43-91-100-37-93-96-13-58|29-33-71-65-63-90-30-51-9-81-50-3-79-78-34-35-66-20-32-10-70-1|5-83-45-36-47-82-7-88-31-62-11-64-49-19-46-8-84-17-48-60-89
7,4,1015.6537,1219.4867,174.0,822.8508,0,4,130.129308,130.263263,True,95-59-92-98-14-42-15-2-72-39-67-23-75-22-41-73-21-40-53-26-74-56-4-24-25-55-54-80-68-77|28-12-76-69-31-52-18-99-85-44-38-86-16-61-84-6-94-97-87-57-43-91-100-37-93-96-13-58|27-29-33-71-65-63-90-30-51-9-81-50-3-79-78-34-35-66-20-32-10-70-1|5-83-45-36-47-82-7-88-62-19-11-64-49-46-8-48-17-60-89
8,4,1016.9345,1239.3633,111.0,844.0081,0,4,133.110787,133.244981,True,95-92-98-14-42-15-2-72-39-67-23-75-22-41-73-21-40-53-26-74-56-4-25-55-54-24-80-68-77|28-12-59-99-85-44-38-86-16-61-84-18-6-94-97-87-57-43-91-100-37-93-96-13-58|27-69-33-29-71-65-63-90-30-51-9-81-76-50-3-79-78-34-35-66-20-32-10-70-1|5-83-45-36-47-82-7-52-31-88-62-19-11-64-49-46-8-48-17-60-89
9,4,1021.6181,1207.0602,126.0,844.0081,0,4,128.265333,128.397587,True,2-72-39-67-23-75-22-41-73-21-40-53-26-74-56-4-25-55-54-24-80-68-77|28-12-76-69-31-52-18-98-44-38-86-16-61-85-99-6-94-97-87-57-43-91-100-37-93-96-13-58|27-29-33-71-65-63-90-30-51-9-81-50-3-79-78-34-35-66-20-32-10-70-1|95-59-92-42-15-14-5-83-45-36-47-82-7-88-62-11-64-49-19-46-8-84-17-48-60-89
10,4,1036.0528,1209.0403,88.0,844.0081,0,4,128.562339,128.69542,True,2-21-75-73-72-39-67-23-41-15-57-87-94-6-53-40-26-22-74-56-4-25-55-54-24-80-68-77|28-12-76-69-31-52-18-99-98-85-44-38-86-16-61-84-96-97-43-91-100-37-93-13-58|27-29-33-71-65-63-90-30-51-9-81-50-3-79-78-34-35-66-20-32-10-70-1|95-59-92-42-14-5-83-45-36-47-82-7-88-62-19-11-64-49-46-8-48-17-60-89
11,4,1036.0778,1203.9001,158.0,827.6883,0,4,127.791318,127.928188,True,95-59-92-98-14-42-15-2-72-39-67-23-75-22-41-73-21-53-40-26-54-4-74-56-25-55-24-80-68-77|27-52-18-99-85-44-38-86-16-61-84-6-94-97-87-57-43-91-100-37-93-96-13-58|28-69-31-63-30-33-65-71-76-12-29-79-78-34-3-50-51-81-9-35-66-20-32-10-70-1|5-83-45-36-47-82-7-88-62-19-11-90-64-49-46-8-48-17-60-89
12,4,1044.3357,1222.0336,80.0,844.0081,0,4,130.511338,130.648053,True,2-21-72-39-67-23-75-22-41-73-57-87-94-6-53-40-26-74-56-4-25-55-54-24-80-68-77|28-12-76-69-31-52-18-99-98-85-44-84-61-16-86-38-43-97-96-93-37-100-91-13-58|27-29-33-71-65-63-90-30-51-9-81-50-3-79-78-34-35-66-20-32-10-70-1|95-14-42-15-92-59-5-83-45-36-47-82-7-88-62-19-11-64-49-46-8-48-17-60-89
13,4,1049.9161,1178.7622,196.0,844.0081,0,4,124.020628,124.164127,True,95-59-92-14-98-42-15-2-21-73-72-39-67-23-75-41-22-74-56-4-25-55-54-24-80-68-77|28-12-76-69-31-52-18-85-44-38-86-16-61-84-6-94-53-40-26-87-97-57-43-91-100-37-93-96-13-58|27-29-33-71-65-63-90-30-51-9-81-50-3-79-78-34-35-66-20-32-10-70-1|5-83-45-36-47-82-7-88-62-19-11-64-49-46-8-99-17-48-60-89
14,4,1050.4351,1195.6622,105.0,865.543,0,4,126.555626,126.695946,True,95-15-2-72-39-67-23-75-22-41-73-21-40-53-26-87-97-37-57-43-74-56-4-25-55-54-24-80-68-77|28-12-76-69-31-52-18-84-61-16-86-38-85-99-96-6-94-13-58|27-29-33-71-65-63-90-30-51-9-81-50-3-79-78-34-35-66-20-32-10-70-1|83-5-59-92-98-42-14-44-45-36-47-82-7-88-62-19-11-64-49-46-8-48-17-91-100-93-60-89
15,4,1054.9343,1051.9195,217.0,892.0393,0,4,104.99423,105.129512,True,5-59-95-92-14-42-15-2-72-39-67-23-75-22-41-73-21-40-53-26-74-56-4-25-55-54-24-80-68-77|28-12-76-69-31-52-99-98-44-38-86-16-61-84-85-97-87-57-43-91-100-37-96-93-17-60-89-13-58|27-29-33-71-65-63-90-30-51-9-81-50-3-79-78-34-35-66-20-32-10-48-70-1|83-45-36-47-82-7-88-62-19-11-64-49-46-8-18-6-94
16,4,1055.9786,1166.5027,124.0,844.0081,0,4,122.181707,122.317986,True,2-21-72-39-67-23-75-22-41-73-40-53-26-74-56-4-25-55-54-24-80-68-77|28-69-30-63-31-52-18-98-85-44-38-86-16-61-99-6-94-97-87-57-43-91-100-37-93-96-13-58|27-12-76-33-65-71-9-78-29-79-81-51-20-90-50-3-34-35-66-32-10-70-1|95-14-42-15-92-59-5-83-45-36-47-82-7-88-62-19-11-64-49-46-8-84-17-48-60-89
17,4,1060.8316,1189.6598,160.0,836.5091,0,4,125.655266,125.798948,True,95-59-92-98-14-42-15-2-21-72-39-67-23-75-22-41-73-74-56-4-26-54-55-25-24-80-68-77|52-31-69-28-12-40-53-6-99-85-44-61-16-38-86-84-87-94-57-43-97-37-100-91-93-96-13-58|27-29-33-71-65-63-90-30-51-9-81-76-50-3-79-78-34-35-66-20-32-10-70-1|5-83-45-36-47-82-18-7-88-62-11-64-49-19-46-8-48-17-60-89
18,4,1063.6587,1207.9316,72.0,868.1471,0,4,128.396035,128.539252,True,2-42-14-15-72-39-67-23-75-22-41-73-21-40-53-26-74-56-4-25-55-54-24-80-68-77|28-12-76-69-31-52-18-99-6-85-61-44-16-86-38-87-57-43-97-94-37-93-96-89|27-29-33-71-65-63-90-30-51-9-81-50-3-79-78-34-35-66-20-32-10-70-1|95-59-92-98-5-83-45-36-47-82-7-88-62-19-11-64-49-46-84-8-48-60-17-91-100-13-58
19,4,1064.5315,1170.3517,180.0,822.5936,0,4,122.75905,122.900859,True,95-59-92-98-14-42-15-72-75-23-39-21-2-40-53-12-73-67-56-41-22-74-4-26-54-55-25-24-80-68-77|28-76-69-31-52-18-99-85-44-38-86-16-61-84-6-94-97-87-57-43-91-100-37-93-96-13-58|27-29-33-71-65-63-90-30-51-9-81-50-3-79-78-34-35-66-20-32-10-70-1|5-83-45-36-47-82-7-88-62-19-11-64-49-46-8-48-17-60-89
20,3,1076.1398,466.8897,96.0,878.3364,0,3,18.354438,18.393872,True,95-59-92-98-14-42-15-2-72-39-67-23-75-22-41-73-21-40-53-51-9-81-34-78-79-3-50-26-74-56-4-25-55-54-24-80-68-77|28-12-29-33-76-69-27-52-18-99-85-44-38-86-16-61-84-6-94-97-87-57-43-91-100-37-93-96-13-58|5-83-45-82-47-36-63-65-71-30-31-88-7-62-11-64-49-19-8-46-10-90-32-66-35-20-70-1-48-17-60-89
21,4,1076.6628,1152.0155,318.0,844.0081,0,4,120.008622,120.168333,True,59-92-42-15-2-72-39-67-23-75-22-41-73-21-40-53-76-50-51-9-81-79-3-26-74-56-4-25-55-54-24-80-68-77|27-28-12-29-33-69-31-88-62-7-52-84-61-16-85-99-6-94-97-87-57-43-91-100-37-93-96-13-58|5-83-45-82-47-36-19-11-63-65-71-30-90-64-49-46-8-18-78-34-35-66-20-32-10-70-1|95-98-44-14-38-86-17-48-60-89
22,3,1081.9215,458.1667,116.0,862.9583,0,3,20.088972,20.128525,True,95-59-92-98-14-42-15-2-72-39-67-23-75-22-41-73-21-40-53-51-9-81-34-78-79-3-50-26-74-56-4-25-55-54-24-80-68-77-1|27-28-12-29-33-76-69-52-18-99-85-44-38-86-16-61-84-8-6-94-97-87-57-43-91-100-37-93-96-13-58|5-83-45-82-47-36-63-65-71-30-31-88-7-62-11-64-49-19-46-10-90-32-66-35-20-70-48-17-60-89
23,3,1081.9215,458.1667,116.0,862.9583,0,3,20.088972,20.128525,True,95-59-92-98-14-42-15-2-72-39-67-23-75-22-41-73-21-40-53-51-9-81-34-78-79-3-50-26-74-56-4-25-55-54-24-80-68-77-1|27-28-12-29-33-76-69-52-18-99-85-44-38-86-16-61-84-8-6-94-97-87-57-43-91-100-37-93-96-13-58|5-83-45-82-47-36-63-65-71-30-31-88-7-62-11-64-49-19-46-10-90-32-66-35-20-70-48-17-60-89
24,3,1083.7718,456.3164,147.0,862.9583,0,3,20.644062,20.686992,True,95-59-92-98-14-42-15-2-72-39-67-23-75-22-41-73-21-40-53-51-9-81-34-78-79-3-50-26-74-56-4-25-55-54-24-80-68-77-1|27-28-12-29-76-69-31-88-62-7-18-84-61-16-44-38-86-85-99-6-94-97-87-57-43-91-100-37-93-96-13-58|5-83-45-47-36-63-65-71-33-30-52-82-19-11-64-49-46-8-10-90-32-66-35-20-70-48-17-60-89
25,3,1089.2933,450.7949,134.0,862.9583,0,3,22.300496,22.342955,True,95-59-92-98-14-42-15-2-72-39-67-23-75-22-41-73-21-40-53-51-9-81-34-78-79-3-50-26-74-56-4-25-55-54-24-80-68-77-1|27-28-29-12-76-33-69-31-52-18-99-85-44-38-86-16-61-84-6-94-97-87-57-43-91-100-37-93-96-13-58|5-83-45-47-36-63-65-71-30-88-7-82-19-62-11-64-49-46-8-10-90-32-66-35-20-70-48-17-60-89
26,4,1091.1819,1137.4964,299.0,844.0081,0,4,117.830764,117.990752,True,59-92-42-15-2-72-39-67-23-75-22-41-73-21-40-53-76-50-51-9-81-79-3-26-74-56-4-25-55-54-24-80-68-77|27-28-29-12-33-69-52-31-88-62-7-82-84-61-85-99-6-94-97-87-57-43-91-100-37-93-96-13-58|5-83-45-36-47-19-11-63-65-71-30-90-64-49-46-8-18-78-34-35-66-20-32-10-70-1|95-98-14-38-44-16-86-17-48-60-89
27,3,1092.4502,438.5258,118.0,866.283,0,3,23.247581,23.288045,True,95-59-92-98-14-42-15-2-72-39-67-23-75-22-41-73-21-40-53-76-51-9-81-78-79-3-50-26-74-56-4-25-55-54-24-80-68-77|27-28-12-29-33-69-31-62-52-18-84-61-16-44-38-86-85-99-6-94-97-87-57-43-91-100-37-93-96-13-58|5-83-45-47-36-63-65-71-30-88-82-19-11-64-49-7-8-46-10-90-32-20-66-35-34-1-70-48-17-60-89
28,3,1092.4502,438.5258,118.0,866.283,0,3,23.247581,23.288045,True,95-59-92-98-14-42-15-2-72-39-67-23-75-22-41-73-21-40-53-76-51-9-81-78-79-3-50-26-74-56-4-25-55-54-24-80-68-77|27-28-12-29-33-69-31-62-52-18-84-61-16-44-38-86-85-99-6-94-97-87-57-43-91-100-37-93-96-13-58|5-83-45-47-36-63-65-71-30-88-82-19-11-64-49-7-8-46-10-90-32-20-66-35-34-1-70-48-17-60-89
29,3,1094.1886,445.8996,126.0,862.9583,0,3,23.769101,23.811494,True,95-59-92-98-14-42-15-2-72-39-67-23-75-22-41-73-21-40-53-51-9-81-34-78-79-3-50-26-74-56-4-25-55-54-24-80-68-77-1|27-28-33-29-12-76-69-62-52-18-61-84-44-38-86-16-85-99-6-94-97-87-57-43-91-100-37-93-96-13-58|5-83-45-47-36-64-63-65-71-30-31-88-7-82-19-11-49-46-8-10-90-32-66-35-20-70-48-17-60-89
30,3,1098.661,441.4272,156.0,862.9583,0,3,25.110805,25.156869,True,95-59-92-98-14-42-15-2-72-39-67-23-75-22-41-73-21-40-53-51-9-81-34-78-79-3-50-26-74-56-4-25-55-54-24-80-68-77-1|52-27-28-12-29-76-69-31-88-62-7-18-84-61-16-44-38-86-85-99-6-94-97-87-57-43-91-100-37-93-96-13-58|5-83-45-47-36-63-65-71-33-30-82-8-19-11-64-49-46-10-90-32-66-35-20-70-48-17-60-89
31,3,1100.0343,440.0539,138.0,862.9583,0,3,25.522807,25.567277,True,95-59-92-98-14-42-15-2-72-39-67-23-75-22-41-73-21-40-53-3-79-78-34-9-81-50-26-74-56-4-25-55-54-24-80-68-77-1|27-62-28-12-29-76-69-31-52-18-82-84-61-16-44-38-86-85-99-6-94-97-87-57-43-91-100-37-93-96-13-58|5-83-45-47-36-11-63-65-71-33-51-30-88-7-19-64-49-46-8-10-90-32-66-35-20-70-48-17-60-89
32,3,1101.2531,438.8351,119.0,862.9583,0,3,25.888444,25.931197,True,95-59-92-98-14-42-15-2-72-39-67-23-75-22-41-73-21-40-53-76-51-9-81-78-79-3-50-26-74-56-4-25-55-54-24-80-68-77-1|27-28-12-29-33-69-31-52-18-99-85-44-38-86-16-61-84-6-94-97-87-57-43-91-100-37-93-96-13-58|5-83-45-47-36-63-65-71-30-88-7-82-19-62-11-64-8-46-49-10-90-32-66-35-34-20-70-48-17-60-89
33,3,1101.2531,438.8351,119.0,862.9583,0,3,25.888444,25.931197,True,95-59-92-98-14-42-15-2-72-39-67-23-75-22-41-73-21-40-53-76-51-9-81-78-79-3-50-26-74-56-4-25-55-54-24-80-68-77-1|27-28-12-29-33-69-31-52-18-99-85-44-38-86-16-61-84-6-94-97-87-57-43-91-100-37-93-96-13-58|5-83-45-47-36-63-65-71-30-88-7-82-19-62-11-64-8-46-49-10-90-32-66-35-34-20-70-48-17-60-89
34,4,1102.1485,1154.1492,252.0,844.0081,0,4,120.32868,120.489756,True,95-92-59-83-5-14-42-15-2-72-39-67-23-75-22-41-73-21-40-53-26-74-56-4-25-55-54-24-80-68-77|28-76-69-31-52-82-99-98-85-44-38-86-16-61-84-6-94-97-87-57-43-91-100-37-93-96-13-58|45-36-47-62-27-71-65-63-90-11-64-49-19-50-3-79-78-34-35-66-20-32-10-70-1|12-29-33-81-9-51-30-88-7-18-8-46-48-17-60-89
35,4,1103.2557,1119.2256,266.0,844.0081,0,4,115.09014,115.24771,True,2-42-15-72-39-67-23-75-22-41-73-21-40-53-76-3-81-9-51-20-50-26-74-56-4-25-55-54-24-80-68-77|27-69-28-12-29-33-31-88-62-7-52-84-86-16-85-99-6-94-97-87-57-43-91-100-37-93-96-13-58|5-83-45-82-47-36-19-11-63-65-71-30-90-64-49-46-8-18-79-78-34-35-66-32-10-70-1|95-59-92-98-14-38-44-61-17-48-60-89
36,3,1105.3286,421.1185,76.0,861.7541,0,3,27.111092,27.147929,True,95-59-92-98-14-42-15-2-72-39-67-23-75-22-41-73-21-40-53-51-9-81-34-78-79-3-26-74-56-4-25-55-54-24-80-68-77|69-28-12-29-33-76-27-31-52-99-85-44-38-86-16-61-84-6-94-97-87-57-43-91-100-37-93-96-13-58|5-83-45-82-47-36-62-63-30-71-65-64-11-19-88-7-18-8-46-49-10-90-32-20-66-35-50-1-70-48-17-60-89
37,3,1105.3286,421.1185,76.0,861.7541,0,3,27.111092,27.147929,True,95-59-92-98-14-42-15-2-72-39-67-23-75-22-41-73-21-40-53-51-9-81-34-78-79-3-26-74-56-4-25-55-54-24-80-68-77|69-28-12-29-33-76-27-31-52-99-85-44-38-86-16-61-84-6-94-97-87-57-43-91-100-37-93-96-13-58|5-83-45-82-47-36-62-63-30-71-65-64-11-19-88-7-18-8-46-49-10-90-32-20-66-35-50-1-70-48-17-60-89
38,4,1106.3808,1116.1005,248.0,844.0081,0,4,114.621378,114.777617,True,42-15-2-72-39-67-23-75-22-41-73-21-40-53-76-3-79-81-9-51-20-50-26-74-56-4-25-55-54-24-80-68-77|27-28-33-65-71-29-12-69-31-52-18-8-84-61-85-99-6-94-97-87-57-43-91-100-37-93-96-13-58|5-83-45-36-47-82-88-62-11-63-30-90-64-49-19-46-7-78-34-35-66-32-10-70-1|95-59-92-98-44-14-38-86-16-17-48-60-89
39,4,1108.2245,1155.6345,171.0,844.0081,0,4,120.55148,120.706502,True,95-59-92-98-14-42-15-2-72-39-67-23-75-22-41-73-21-40-53-26-74-56-4-25-55-54-24-80-68-77|28-12-76-69-31-52-18-99-85-44-38-86-16-61-84-6-94-97-87-57-43-91-100-37-93-96-13-58|27-29-33-71-65-63-90-30-51-9-81-50-3-79-34-35-66-20-32-10-70-1|5-83-45-36-47-82-7-88-62-19-11-64-78-49-46-8-48-60-17-89
40,3,1111.3796,412.2494,196.0,902.1302,0,3,28.9264,28.981779,True,5-59-95-92-98-14-42-15-2-72-39-67-23-75-22-41-73-21-40-53-18-7-49-46-8-84-96-26-74-56-4-25-55-54-24-80-68-77|83-45-82-47-36-62-31-69-76-12-27-52-99-85-44-38-86-16-61-6-94-97-87-57-43-37-91-100-93-17-48-60-89-13-58|28-29-33-71-65-63-64-11-19-88-90-30-51-9-81-50-3-79-78-34-35-66-20-32-10-70-1
41,4,1113.0234,1143.2743,216.0,844.0081,0,4,118.697445,118.856552,True,95-59-92-98-14-42-15-2-21-73-39-67-23-75-22-41-40-53-26-74-56-4-25-55-54-24-80-68-77|28-12-76-69-31-52-18-99-85-44-38-86-16-61-84-46-6-94-97-87-57-43-91-100-37-93-96-13-58|72-29-33-71-65-63-30-90-19-64-49-51-9-81-50-3-79-78-34-35-66-20-32-10-70-1|27-62-11-36-47-45-5-83-8-82-7-88-48-17-60-89
42,3,1117.4285,417.5011,113.0,913.4307,0,3,30.741066,30.792443,True,83-5-59-95-92-98-14-42-15-2-72-39-67-23-75-22-73-21-40-53-88-90-49-46-8-84-96-26-74-56-4-25-55-54-24-80-68-77|28-33-65-71-30-69-27-52-18-61-16-86-38-44-85-99-6-94-97-87-41-57-43-91-100-37-93-17-48-60-89-13-58|45-82-47-36-64-63-11-19-62-7-31-76-12-29-3-79-81-50-51-9-78-34-35-66-20-32-10-70-1
43,4,1118.575,1103.9063,287.0,844.0081,0,4,112.79224,112.954208,True,92-42-15-2-21-73-72-39-67-23-75-22-41-40-53-76-3-79-81-9-51-20-50-26-74-56-4-25-55-54-24-80-68-77|27-28-12-29-33-69-31-88-62-82-8-84-86-61-85-99-6-94-97-87-57-43-91-100-37-93-96-13-58|5-45-83-52-47-36-19-11-63-65-71-30-90-64-49-46-7-18-78-34-35-66-32-10-70-1|95-59-98-14-38-44-16-17-48-60-89
44,3,1119.2619,415.6678,187.0,913.4307,0,3,31.291067,31.350118,True,45-83-5-59-95-92-98-14-42-15-2-72-39-67-23-75-22-41-73-21-40-53-88-49-46-8-84-96-26-74-56-4-25-55-54-24-80-68-77|82-47-36-62-31-69-76-12-28-52-18-85-44-38-86-16-61-99-6-94-97-87-57-43-91-100-37-93-17-48-60-89-13-58|27-29-33-71-65-63-64-11-19-7-90-30-51-9-81-50-3-79-78-34-35-66-20-32-10-70-1
45,3,1120.4169,415.5507,88.0,913.4307,0,3,31.637594,31.687074,True,5-59-95-92-98-14-42-15-2-72-39-67-23-75-22-41-73-21-40-53-88-90-49-46-8-84-96-26-74-56-4-25-55-54-24-80-68-77|28-33-69-27-52-63-19-7-82-18-61-16-86-38-44-85-99-6-94-97-87-57-43-91-100-37-93-17-48-60-89-13-58|83-45-47-36-64-11-62-31-30-71-65-29-12-76-3-79-81-50-51-9-78-34-35-66-20-32-10-70-1
46,3,1120.9866,413.943,176.0,913.4307,0,3,31.808499,31.866709,True,45-83-5-59-95-92-98-14-42-15-2-72-39-67-23-75-22-41-73-21-40-53-49-46-8-84-96-26-74-56-4-25-55-54-24-80-68-77|82-47-36-62-31-69-76-12-28-52-18-99-85-44-38-86-16-61-6-94-97-87-57-43-91-100-37-93-17-48-60-89-13-58|27-29-33-71-65-63-64-11-19-7-88-90-30-51-9-81-50-3-79-78-34-35-66-20-32-10-70-1
47,3,1121.0887,413.841,176.0,913.4307,0,3,31.839109,31.897334,True,45-83-5-59-95-92-98-14-42-15-2-73-72-39-67-23-75-22-41-21-40-53-49-46-8-84-96-26-74-56-4-25-55-54-24-80-68-77|82-47-36-62-31-69-76-12-28-52-18-99-85-44-38-86-16-61-6-94-97-87-57-43-91-100-37-93-17-48-60-89-13-58|27-29-33-71-65-63-64-11-19-7-88-90-30-51-9-81-50-3-79-78-34-35-66-20-32-10-70-1
48,3,1122.9112,412.0185,105.0,913.4307,0,3,32.38586,32.437258,True,83-45-5-59-92-98-14-42-15-2-72-39-67-23-75-22-73-21-40-53-88-90-49-46-8-84-96-26-74-56-4-25-55-54-24-80-68-77|28-33-65-71-30-69-27-52-18-61-16-86-38-44-85-99-6-94-97-87-41-57-43-91-100-37-93-17-48-60-89-13-58|95-82-47-36-64-63-11-19-62-7-31-76-12-29-3-79-50-81-51-9-78-34-35-66-20-32-10-70-1
49,3,1123.7022,416.386,161.0,862.9583,0,3,32.623186,32.673507,True,95-59-92-98-14-42-15-2-72-39-67-23-75-22-41-73-21-40-53-51-9-81-34-78-79-3-50-26-74-56-4-25-55-54-24-80-68-77-1|27-52-62-28-12-29-76-31-88-82-18-84-61-16-44-38-86-85-99-6-94-97-87-57-43-91-100-37-93-96-13-58|5-83-45-47-36-63-65-71-33-69-30-11-64-49-19-7-8-46-10-90-32-66-35-20-70-48-17-60-89
50,3,1123.8445,404.8881,154.0,913.4307,0,3,32.665869,32.721378,True,45-83-5-59-95-92-98-14-42-15-2-72-39-67-23-75-22-41-73-21-40-53-88-7-49-46-8-84-96-26-74-56-4-25-55-54-24-80-68-77|28-33-65-71-30-69-27-52-18-61-16-86-38-44-85-99-6-94-97-87-57-43-91-100-37-93-17-48-60-89-13-58|82-47-36-64-63-11-19-62-31-76-12-29-79-78-81-3-50-9-51-90-10-32-66-35-34-20-70-1
51,3,1123.8445,404.8881,154.0,913.4307,0,3,32.665869,32.721378,True,45-83-5-59-95-92-98-14-42-15-2-72-39-67-23-75-22-41-73-21-40-53-88-7-49-46-8-84-96-26-74-56-4-25-55-54-24-80-68-77|28-33-65-71-30-69-27-52-18-61-16-86-38-44-85-99-6-94-97-87-57-43-91-100-37-93-17-48-60-89-13-58|82-47-36-64-63-11-19-62-31-76-12-29-79-78-81-3-50-9-51-90-10-32-66-35-34-20-70-1
52,6,1124.5037,2242.5363,351.0,820.6849,0,6,283.58674,283.924782,True,95-59-92-98-14-42-15-2-72-39-67-23-75-22-41-73-21-40-53-26-54-55-25-4-56-74|12-28-27-31-52-18-99-85-44-38-86-16-61-84-6-94-97-87-57-43-91-100-37-93-96-13-58|5-83-45-47-36-64-63-11-62-88-7-19-82-8-46-49-90-32-10-48-17-60-89|33-3-24-80-68-77-1|69-50-81-79-78-34-9-35-66-20-70|30-65-71-51-29-76
53,4,1124.8941,1131.4036,202.0,844.0081,0,4,116.916836,117.076324,True,95-59-92-98-14-42-15-2-72-39-67-23-75-22-41-73-21-40-53-26-74-56-4-25-55-54-24-80-68-77|28-12-76-69-31-52-18-99-85-44-38-86-16-61-84-46-6-94-97-87-57-43-91-100-37-93-96-13-58|27-29-33-71-65-63-30-90-19-64-51-9-79-81-50-3-78-34-35-66-20-32-10-70-1|62-11-36-47-45-5-83-8-82-49-7-88-48-17-60-89
54,4,1125.8316,1112.9021,183.0,849.5233,0,4,114.141622,114.297543,True,2-72-39-67-23-75-22-41-73-21-40-53-76-3-79-81-9-51-20-50-26-74-56-4-25-55-54-24-80-68-77|27-28-33-65-71-29-12-69-31-52-18-84-99-96-94-6-60-89-13-58|5-83-45-36-47-82-88-62-11-63-30-90-64-49-19-7-46-8-78-34-35-66-32-10-70-1|95-59-92-44-14-42-15-87-98-85-61-16-86-38-43-57-97-37-100-91-93-17-48
55,4,1128.0457,1125.2869,183.0,844.0081,0,4,115.999341,116.156957,True,95-59-92-98-14-42-15-2-72-39-67-23-75-22-41-73-21-40-53-26-74-56-4-25-55-54-24-80-68-77|12-76-27-52-18-61-16-86-38-44-85-99-6-94-97-87-57-43-91-100-37-93-96-13-58|28-29-33-71-65-63-11-62-31-69-7-88-30-90-51-9-81-3-79-78-34-35-50-20-66-32-70-1|5-83-82-47-64-19-36-45-46-49-10-8-84-17-48-60-89
56,3,1129.641,406.3266,76.0,913.4307,0,3,34.404823,34.454487,True,5-59-95-92-98-14-42-15-2-72-39-67-23-75-22-41-73-21-40-53-88-90-49-46-8-84-96-26-74-56-4-25-55-54-24-80-68-77|28-33-65-69-27-52-82-18-61-16-86-38-44-85-99-6-94-97-87-57-43-91-100-37-93-17-48-60-89-13-58|83-45-47-36-64-63-11-19-62-7-31-30-76-12-29-78-9-71-51-50-3-79-81-34-35-66-20-32-10-70-1
57,3,1129.641,406.3266,76.0,913.4307,0,3,34.404823,34.454487,True,5-59-95-92-98-14-42-15-2-72-39-67-23-75-22-41-73-21-40-53-88-90-49-46-8-84-96-26-74-56-4-25-55-54-24-80-68-77|28-33-65-69-27-52-82-18-61-16-86-38-44-85-99-6-94-97-87-57-43-91-100-37-93-17-48-60-89-13-58|83-45-47-36-64-63-11-19-62-7-31-30-76-12-29-78-9-71-51-50-3-79-81-34-35-66-20-32-10-70-1
58,3,1130.5108,404.4188,208.0,913.4307,0,3,34.665749,34.728588,True,5-59-95-92-98-14-42-15-2-72-39-67-23-75-22-73-21-40-49-46-8-84-96-53-26-74-56-4-25-55-54-24-80-68-77|83-45-82-47-36-62-31-69-76-12-28-52-18-99-85-44-38-86-16-61-6-94-97-87-41-57-43-91-100-37-93-17-48-60-89-13-58|27-29-33-71-65-63-64-11-19-7-88-90-30-51-9-81-50-3-79-78-34-35-66-20-32-10-70-1
59,4,1132.207,1090.2743,260.0,844.0081,0,4,110.747446,110.908758,True,42-15-2-72-39-67-23-75-22-41-73-21-40-53-76-3-81-9-51-20-50-26-74-56-4-25-55-54-24-80-68-77|27-28-12-29-33-65-69-31-88-52-7-84-86-61-85-99-6-94-97-87-57-43-91-100-37-93-96-13-58|5-83-45-82-47-36-19-62-11-63-71-30-90-64-49-46-8-18-79-78-34-35-66-32-10-70-1|95-59-92-98-14-38-44-16-17-48-60-89
60,3,1132.7751,379.7887,133.0,856.4449,0,3,35.345046,35.388821,True,27-95-59-92-98-14-42-15-2-73-72-39-67-23-41-22-21-40-53-76-51-9-81-34-78-79-3-50-26-54-4-74-56-25-55-24-80-68-77-1|5-83-45-47-36-63-65-71-30-88-7-82-19-62-11-64-49-46-8-18-10-90-32-66-35-20-70-48-17-60-89|52-31-69-28-12-33-29-75-87-44-38-86-16-61-84-85-99-96-6-94-97-57-43-91-100-37-93-13-58
61,3,1132.7751,379.7887,133.0,856.4449,0,3,35.345046,35.388821,True,27-95-59-92-98-14-42-15-2-73-72-39-67-23-41-22-21-40-53-76-51-9-81-34-78-79-3-50-26-54-4-74-56-25-55-24-80-68-77-1|5-83-45-47-36-63-65-71-30-88-7-82-19-62-11-64-49-46-8-18-10-90-32-66-35-20-70-48-17-60-89|52-31-69-28-12-33-29-75-87-44-38-86-16-61-84-85-99-96-6-94-97-57-43-91-100-37-93-13-58
62,3,1135.1654,402.3778,113.0,913.4307,0,3,36.062143,36.116572,True,5-59-95-92-14-98-42-15-2-72-39-67-23-75-22-73-21-40-53-18-88-90-49-46-8-84-96-26-74-56-4-25-55-54-24-80-68-77|28-33-65-71-30-27-52-82-61-16-86-38-44-85-99-6-94-97-87-41-57-43-91-100-37-93-17-48-60-89-13-58|83-45-47-36-64-63-11-19-62-7-31-69-76-12-29-3-79-81-50-51-9-78-34-35-66-20-32-10-70-1
63,3,1137.1129,397.8167,94.0,913.4307,0,3,36.646396,36.698825,True,83-5-59-95-92-98-14-42-15-2-72-39-67-23-75-22-41-73-21-40-53-18-49-46-8-96-26-74-56-4-25-55-54-24-80-68-77|28-12-29-76-69-31-62-85-44-38-86-16-61-84-99-6-94-97-87-57-43-91-100-37-93-17-48-60-89-13-58|45-36-47-82-52-27-33-71-65-63-64-11-19-7-88-90-30-51-9-81-50-3-79-78-34-35-66-20-32-10-70-1
64,3,1140.7556,398.4851,82.0,917.7418,0,3,37.739185,37.792254,True,83-5-59-95-92-98-14-42-15-2-72-39-67-23-75-73-21-40-53-26-41-22-74-56-4-25-55-54-24-80-68-77|62-63-31-69-76-12-28-52-18-99-85-44-38-86-16-61-84-46-8-6-94-87-57-43-97-13-96-93-37-100-91-17-48-60-89-58|45-36-47-82-27-29-33-71-65-30-88-7-19-11-64-49-90-51-9-81-78-79-3-50-34-35-66-20-32-10-70-1
65,3,1141.8219,416.7734,80.0,892.0393,0,3,38.059086,38.111163,True,83-5-59-95-92-98-14-42-15-2-72-39-67-23-75-22-41-73-21-40-53-18-84-8-46-49-50-26-74-56-4-25-55-54-24-80-68-77|28-12-29-76-69-31-62-61-16-86-38-44-85-99-6-94-97-87-57-43-91-100-37-96-93-17-60-89-13-58|45-36-47-82-52-27-33-71-65-63-64-11-19-7-88-90-30-51-9-81-3-79-78-34-35-66-20-32-10-48-70-1
66,3,1142.1047,416.4906,80.0,892.0393,0,3,38.143917,38.196036,True,83-5-59-95-92-98-14-42-15-2-72-39-67-23-75-22-41-73-21-40-53-6-8-46-49-50-26-74-56-4-25-55-54-24-80-68-77|28-12-29-76-69-31-62-82-18-85-44-38-86-16-61-84-99-94-97-87-57-43-91-100-37-96-93-17-60-89-13-58|45-36-47-52-27-33-71-65-63-64-11-19-7-88-90-30-51-9-81-3-79-78-34-35-66-20-32-10-48-70-1
67,3,1143.122,391.8077,109.0,913.4307,0,3,38.449099,38.50393,True,83-5-59-95-92-98-14-42-15-2-72-39-67-23-75-22-41-73-21-40-53-18-8-46-49-50-26-74-56-4-25-55-54-24-80-68-77|28-12-29-76-69-31-62-85-44-38-86-16-61-84-99-6-94-97-87-57-43-96-91-100-37-93-17-48-60-89-13-58|45-36-47-82-52-27-33-71-65-63-64-11-19-7-88-90-30-51-9-81-3-79-78-34-35-66-20-32-10-70-1
68,3,1143.122,391.8077,109.0,913.4307,0,3,38.449099,38.50393,True,83-5-59-95-92-98-14-42-15-2-72-39-67-23-75-22-41-73-21-40-53-18-8-46-49-50-26-74-56-4-25-55-54-24-80-68-77|28-12-29-76-69-31-62-85-44-38-86-16-61-84-99-6-94-97-87-57-43-96-91-100-37-93-17-48-60-89-13-58|45-36-47-82-52-27-33-71-65-63-64-11-19-7-88-90-30-51-9-81-3-79-78-34-35-66-20-32-10-70-1
69,4,1143.6794,1091.2038,300.0,822.5936,0,4,110.886876,111.052557,True,39-23-75-21-12-76-69-31-52-18-85-44-38-86-16-61-84-99-6-94-97-87-57-43-91-100-37-93-96-13-58|27-28-29-33-71-65-63-90-30-51-9-81-22-53-50-3-79-78-34-35-66-20-32-10-70-1|95-59-92-14-15-42-98-5-83-45-36-47-82-7-88-62-19-11-64-49-46-8-48-17-60-89|2-73-72-40-41-67-56-74-4-26-54-55-25-24-80-68-77
70,3,1145.5869,413.0084,12.0,892.0393,0,3,39.188581,39.234422,True,72-2-95-59-92-98-14-42-15-75-39-67-23-41-22-73-21-40-53-6-18-8-46-49-26-74-56-4-25-55-54-24-80-68-77|27-28-12-29-76-69-31-52-7-82-85-44-38-86-16-61-84-99-94-97-87-57-43-91-100-37-96-93-17-60-89-13-58|5-83-45-36-47-33-71-65-63-64-11-19-62-88-90-30-51-9-81-50-3-79-78-34-35-66-20-32-10-48-70-1
71,3,1145.5869,413.0084,12.0,892.0393,0,3,39.188581,39.234422,True,72-2-95-59-92-98-14-42-15-75-39-67-23-41-22-73-21-40-53-6-18-8-46-49-26-74-56-4-25-55-54-24-80-68-77|27-28-12-29-76-69-31-52-7-82-85-44-38-86-16-61-84-99-94-97-87-57-43-91-100-37-96-93-17-60-89-13-58|5-83-45-36-47-33-71-65-63-64-11-19-62-88-90-30-51-9-81-50-3-79-78-34-35-66-20-32-10-48-70-1
72,3,1146.0369,381.0684,131.0,862.4122,0,3,39.323569,39.37221,True,95-59-92-98-14-42-15-2-72-39-67-23-75-22-41-73-21-40-8-46-49-10-53-26-74-56-4-25-55-54-24-80-68-77|5-83-45-82-62-11-63-31-69-76-12-28-52-18-84-61-16-44-38-86-85-99-6-94-97-87-57-43-91-100-37-93-96-13-58|27-33-29-65-64-36-47-19-7-88-90-30-71-9-81-78-79-3-51-20-32-66-35-34-50-1-70-48-17-60-89
73,3,1146.0369,381.0684,131.0,862.4122,0,3,39.323569,39.37221,True,95-59-92-98-14-42-15-2-72-39-67-23-75-22-41-73-21-40-8-46-49-10-53-26-74-56-4-25-55-54-24-80-68-77|5-83-45-82-62-11-63-31-69-76-12-28-52-18-84-61-16-44-38-86-85-99-6-94-97-87-57-43-91-100-37-93-96-13-58|27-33-29-65-64-36-47-19-7-88-90-30-71-9-81-78-79-3-51-20-32-66-35-34-50-1-70-48-17-60-89
74,3,1146.3651,393.5031,93.0,913.4307,0,3,39.422034,39.476491,True,72-2-95-59-92-98-14-42-15-75-39-67-23-41-22-73-21-40-53-94-6-18-8-49-46-84-96-26-74-56-4-25-55-54-24-80-68-77|27-28-12-29-76-69-31-88-52-7-82-85-44-61-16-86-38-99-97-87-57-43-91-100-37-93-17-48-60-89-13-58|5-83-45-36-47-33-71-65-63-64-11-19-62-90-30-51-9-81-50-3-79-78-34-35-66-20-32-10-70-1
75,3,1146.3651,393.5031,93.0,913.4307,0,3,39.422034,39.476491,True,72-2-95-59-92-98-14-42-15-75-39-67-23-41-22-73-21-40-53-94-6-18-8-49-46-84-96-26-74-56-4-25-55-54-24-80-68-77|27-28-12-29-76-69-31-88-52-7-82-85-44-61-16-86-38-99-97-87-57-43-91-100-37-93-17-48-60-89-13-58|5-83-45-36-47-33-71-65-63-64-11-19-62-90-30-51-9-81-50-3-79-78-34-35-66-20-32-10-70-1
76,3,1146.3843,393.7039,117.0,862.9583,0,3,39.427813,39.477136,True,36-59-95-92-98-14-42-15-2-72-39-67-23-75-22-41-73-21-40-53-51-9-81-34-78-79-3-50-26-74-56-4-25-55-54-24-80-68-77-1|28-12-29-33-76-69-27-52-18-99-85-44-38-86-16-61-84-6-94-97-87-57-43-91-100-37-93-96-13-58|5-83-45-82-47-63-65-71-30-31-88-7-62-19-11-64-8-46-49-10-90-32-66-35-20-70-48-17-60-89
77,3,1146.3843,393.7039,117.0,862.9583,0,3,39.427813,39.477136,True,36-59-95-92-98-14-42-15-2-72-39-67-23-75-22-41-73-21-40-53-51-9-81-34-78-79-3-50-26-74-56-4-25-55-54-24-80-68-77-1|28-12-29-33-76-69-27-52-18-99-85-44-38-86-16-61-84-6-94-97-87-57-43-91-100-37-93-96-13-58|5-83-45-82-47-63-65-71-30-31-88-7-62-19-11-64-8-46-49-10-90-32-66-35-20-70-48-17-60-89
78,4,1149.0324,1073.4489,332.0,844.0081,0,4,108.223636,108.394673,True,59-92-42-15-2-72-39-67-23-75-22-73-21-40-53-76-3-79-78-81-9-51-50-26-74-56-4-25-55-54-24-80-68-77|27-28-12-29-33-65-69-31-88-52-84-86-61-85-99-6-94-97-87-41-57-43-91-100-37-93-96-13-58|5-83-45-82-47-36-11-62-63-71-30-90-64-49-19-7-46-8-18-10-32-20-66-35-34-70-1|95-98-14-38-44-16-17-48-60-89
79,3,1149.9283,408.6671,57.0,892.0393,0,3,40.49099,40.541983,True,72-2-95-59-92-98-14-42-15-23-39-67-75-22-41-73-21-40-53-6-18-7-49-46-8-26-74-56-4-25-55-54-24-80-68-77|69-29-12-76-28-27-52-83-85-44-38-86-16-61-84-99-94-97-87-57-43-91-100-37-96-93-17-60-89-13-58|5-45-36-47-82-31-33-71-65-63-64-11-19-62-88-90-30-51-9-81-50-3-79-78-34-35-66-20-32-10-48-70-1
80,4,1150.7018,1089.2762,240.0,827.6883,0,4,110.597727,110.759991,True,95-59-92-98-14-42-15-2-72-75-39-67-23-41-22-73-21-40-53-26-81-54-74-56-4-25-55-24-80-68-77|28-12-76-69-31-7-18-85-44-38-86-16-61-84-46-6-94-97-87-57-43-91-100-37-93-96-13-58|27-29-33-71-65-63-30-90-19-64-49-88-51-9-50-3-79-78-34-35-66-20-32-10-70-1|52-62-11-36-47-45-5-83-99-8-82-48-17-60-89
81,3,1150.8106,407.7847,101.0,892.0393,0,3,40.755699,40.811224,True,83-5-59-95-92-98-14-42-15-2-72-39-67-23-75-22-41-73-21-40-53-18-8-46-49-50-26-74-56-4-25-55-54-24-80-68-77|28-12-29-76-69-31-62-11-82-85-44-38-86-16-61-84-99-6-94-97-87-57-43-91-100-37-96-93-17-60-89-13-58|45-36-47-52-27-33-71-65-63-64-19-7-88-90-30-51-9-81-3-79-78-34-35-66-20-32-10-48-70-1
82,3,1151.9869,395.2104,18.0,880.6413,0,3,41.108593,41.152575,True,72-2-95-59-92-98-14-42-15-23-39-67-75-22-41-73-21-40-53-6-18-8-46-49-50-26-74-56-4-25-55-54-24-80-68-77|5-45-36-47-82-52-33-71-65-63-64-11-19-62-88-90-30-51-9-81-3-79-78-34-35-66-20-32-10-48-70-1|27-69-28-29-12-76-31-7-83-84-61-16-44-38-86-85-99-94-97-87-57-43-37-96-93-100-91-17-60-89-13-58
83,3,1151.9869,395.2104,18.0,880.6413,0,3,41.108593,41.152575,True,72-2-95-59-92-98-14-42-15-23-39-67-75-22-41-73-21-40-53-6-18-8-46-49-50-26-74-56-4-25-55-54-24-80-68-77|5-45-36-47-82-52-33-71-65-63-64-11-19-62-88-90-30-51-9-81-3-79-78-34-35-66-20-32-10-48-70-1|27-69-28-29-12-76-31-7-83-84-61-16-44-38-86-85-99-94-97-87-57-43-37-96-93-100-91-17-60-89-13-58
84,12,1151.9888,6451.8574,188.0,790.5109,0,12,914.984914,915.943574,True,33-71-65-66-20-70-1|5-84-99-96-94-6|52-7-88-62-11-64-49-19-48|82-47-36-46-8-18-53|28-12-76-29-24-55-25-4-54|2-42-14-44-38-86-16-61-85-91-100-37-97-13|83-45-17-60-89|21-72-75-23-67-39-56-41-22-74-26|27-69-51-3-79-78-81-9-35-34-68-80-77|31-30-63-90-32-10-50|40-73-87-15-43-57-58|95-59-92-98-93
85,3,1152.2203,360.7118,240.0,901.6514,0,3,41.178587,41.242816,True,27-95-59-92-98-14-42-15-2-72-39-67-23-75-22-41-73-21-40-53-76-50-51-9-81-79-78-34-3-68-26-74-56-4-25-55-54-24-80-77|33-65-29-12-28-69-31-7-82-52-18-85-44-38-86-16-61-84-99-6-94-97-87-57-43-17-91-100-37-93-96-60-48-89-13-58|5-83-45-36-47-63-71-30-88-62-19-11-64-49-46-8-90-32-66-35-20-10-70-1
86,3,1152.2203,360.7118,240.0,901.6514,0,3,41.178587,41.242816,True,27-95-59-92-98-14-42-15-2-72-39-67-23-75-22-41-73-21-40-53-76-50-51-9-81-79-78-34-3-68-26-74-56-4-25-55-54-24-80-77|33-65-29-12-28-69-31-7-82-52-18-85-44-38-86-16-61-84-99-6-94-97-87-57-43-17-91-100-37-93-96-60-48-89-13-58|5-83-45-36-47-63-71-30-88-62-19-11-64-49-46-8-90-32-66-35-20-10-70-1
87,3,1152.3089,394.8885,54.0,880.6413,0,3,41.205169,41.252799,True,72-2-95-59-92-98-44-14-42-15-39-67-23-75-22-41-73-21-40-53-6-18-8-46-49-50-26-74-56-4-25-55-54-24-80-68-77|5-45-36-47-82-52-33-71-65-63-64-11-19-62-88-90-30-51-9-81-3-79-78-34-35-66-20-32-10-48-70-1|27-69-28-29-12-76-31-7-83-84-61-16-86-38-85-99-94-97-87-57-43-37-96-93-100-91-17-60-89-13-58
88,3,1153.1768,369.9735,164.0,901.6514,0,3,41.465544,41.523849,True,27-95-59-92-98-14-42-15-2-72-39-67-23-75-22-41-73-21-40-53-76-51-9-81-79-3-26-74-56-4-25-55-54-24-80-68-77|33-65-29-12-28-69-31-7-52-18-99-85-44-38-86-16-61-84-6-94-97-87-57-43-17-91-100-37-93-96-60-48-89-13-58|5-83-45-82-47-36-62-30-71-63-90-88-11-64-49-19-46-8-50-78-34-35-66-20-32-10-70-1
89,4,1153.6334,1102.6643,232.0,844.0081,0,4,112.605947,112.772746,True,95-59-92-98-14-42-15-2-72-39-67-23-75-22-41-73-21-40-53-9-26-74-56-4-25-55-54-24-80-68-77|28-12-69-52-5-99-85-44-38-86-16-61-84-46-18-6-94-97-87-57-43-91-100-37-93-96-13-58|27-65-30-71-33-76-29-81-90-64-49-19-88-51-50-3-79-78-34-35-66-20-32-10-70-1|31-62-63-11-36-47-45-83-8-82-7-48-17-60-89
90,3,1155.1221,373.6105,157.0,913.4307,0,3,42.049137,42.109638,True,83-5-59-95-92-98-14-42-15-2-72-39-67-23-75-22-41-73-21-40-53-18-8-46-49-90-10-50-26-74-56-4-25-55-54-24-80-68-77|27-28-29-12-76-31-62-44-86-38-16-61-84-85-99-6-94-97-87-57-43-96-91-100-37-93-17-48-60-89-13-58|45-36-47-82-52-69-33-71-65-63-64-11-19-7-88-30-51-9-81-3-79-78-34-35-66-20-32-70-1
91,3,1155.3283,403.2671,6.0,892.0393,0,3,42.11099,42.157692,True,72-2-95-59-92-98-14-42-15-23-39-67-75-22-41-73-21-40-53-6-18-7-49-46-8-26-74-56-4-25-55-54-24-80-68-77|69-31-33-29-76-12-28-27-52-85-44-38-86-16-61-84-99-94-97-87-57-43-91-100-37-96-93-17-60-89-13-58|5-83-45-36-47-82-71-65-63-64-11-19-62-88-90-30-51-9-81-50-3-79-78-34-35-66-20-32-10-48-70-1
92,3,1155.3283,403.2671,6.0,892.0393,0,3,42.11099,42.157692,True,72-2-95-59-92-98-14-42-15-23-39-67-75-22-41-73-21-40-53-6-18-7-49-46-8-26-74-56-4-25-55-54-24-80-68-77|69-31-33-29-76-12-28-27-52-85-44-38-86-16-61-84-99-94-97-87-57-43-91-100-37-96-93-17-60-89-13-58|5-83-45-36-47-82-71-65-63-64-11-19-62-88-90-30-51-9-81-50-3-79-78-34-35-66-20-32-10-48-70-1
93,3,1155.4245,357.434,190.0,901.6514,0,3,42.139872,42.19957,True,27-95-59-92-98-14-42-15-2-72-39-67-23-75-22-41-73-21-40-53-76-50-51-9-81-79-3-68-26-74-56-4-25-55-54-24-80-77|33-65-29-12-28-69-31-7-52-18-99-85-44-38-86-16-61-84-6-94-97-87-57-43-17-91-100-37-93-96-60-48-89-13-58|5-83-45-82-47-36-62-30-71-63-90-88-11-64-49-19-46-8-78-34-35-66-20-32-10-70-1
94,4,1156.1467,1066.3346,283.0,844.0081,0,4,107.156488,107.323692,True,2-21-75-73-72-39-67-23-22-41-57-40-53-76-3-79-81-9-51-20-50-26-74-56-4-25-55-54-24-80-68-77|27-28-12-29-33-65-69-31-88-52-84-86-16-61-85-99-6-94-97-87-43-91-100-37-93-96-13-58|5-83-45-82-47-36-19-62-11-63-71-30-90-64-49-7-46-8-18-78-34-35-66-32-10-70-1|95-59-92-98-42-15-14-38-44-17-48-60-89
95,3,1157.0427,377.887,114.0,913.4307,0,3,42.62531,42.682728,True,83-5-59-95-92-98-14-42-15-2-72-39-67-23-75-22-41-73-21-40-53-8-49-46-84-96-26-74-56-4-25-55-54-24-80-68-77|52-28-12-29-76-69-31-62-82-18-61-16-44-38-86-85-99-6-94-97-87-57-43-91-100-37-93-17-48-60-89-13-58|45-36-47-27-33-71-65-63-64-11-19-7-88-90-30-51-9-81-50-3-79-78-34-35-66-20-32-10-70-1
96,3,1157.853,360.9831,109.0,897.3372,0,3,42.868409,42.920621,True,83-5-59-95-92-14-42-15-2-72-39-67-23-75-73-21-40-53-12-79-76-26-22-41-57-43-74-56-4-25-55-54-24-80-68-77|28-27-69-31-63-62-52-18-99-98-85-44-38-86-16-61-84-46-8-6-87-97-94-96-60-91-100-37-93-17-48-89-13-58|45-36-47-82-33-29-65-71-30-88-7-19-11-64-49-90-51-9-81-50-3-78-34-35-66-20-32-10-70-1
97,3,1157.853,360.9831,109.0,897.3372,0,3,42.868409,42.920621,True,83-5-59-95-92-14-42-15-2-72-39-67-23-75-73-21-40-53-12-79-76-26-22-41-57-43-74-56-4-25-55-54-24-80-68-77|28-27-69-31-63-62-52-18-99-98-85-44-38-86-16-61-84-46-8-6-87-97-94-96-60-91-100-37-93-17-48-89-13-58|45-36-47-82-33-29-65-71-30-88-7-19-11-64-49-90-51-9-81-50-3-78-34-35-66-20-32-10-70-1
98,3,1158.5566,381.5316,107.0,862.9583,0,3,43.079498,43.129646,True,95-59-92-98-14-42-15-2-72-39-67-23-75-22-41-73-21-40-53-51-9-81-34-78-79-3-50-26-74-56-4-25-55-54-24-80-68-77-1|27-28-12-29-33-76-69-52-18-99-85-44-38-86-16-61-84-6-94-97-87-57-43-91-100-37-93-96-13-58|5-45-83-47-36-63-65-30-31-88-7-82-19-62-11-64-71-90-49-46-8-10-32-66-35-20-70-48-17-60-89
99,3,1158.5566,381.5316,107.0,862.9583,0,3,43.079498,43.129646,True,95-59-92-98-14-42-15-2-72-39-67-23-75-22-41-73-21-40-53-51-9-81-34-78-79-3-50-26-74-56-4-25-55-54-24-80-68-77-1|27-28-12-29-33-76-69-52-18-99-85-44-38-86-16-61-84-6-94-97-87-57-43-91-100-37-93-96-13-58|5-45-83-47-36-63-65-30-31-88-7-82-19-62-11-64-71-90-49-46-8-10-32-66-35-20-70-48-17-60-89
100,3,1161.4644,378.6238,147.0,862.9583,0,3,43.951834,44.006419,True,36-59-95-92-98-14-42-15-2-72-39-67-23-75-22-41-73-21-40-53-51-9-81-34-78-79-3-50-26-74-56-4-25-55-54-24-80-68-77-1|27-52-28-12-29-76-69-31-88-7-18-61-84-44-38-86-16-85-99-6-94-97-87-57-43-91-100-37-93-96-13-58|5-83-45-82-47-63-65-71-33-30-62-19-11-90-64-49-46-8-10-32-66-35-20-70-48-17-60-89
101,7,1161.5857,2921.2809,335.0,820.6849,0,7,385.398441,385.848119,True,95-59-92-98-14-42-15-2-72-39-67-23-75-22-41-73-21-53-40-74-56-4-25-55|69-31-52-18-99-85-44-38-86-16-61-84-6-94-97-87-57-43-91-100-37-93-96-13-58|27-71-65-63-90-30-9-34-35-66-20-32-10-70|5-83-45-36-47-82-7-88-62-19-11-64-49-46-8-48-17-60-89|12-3-68-80-54-77-1|26-79-78-24-50|28-76-33-51-81-29
102,3,1163.6857,362.66,128.0,878.2149,0,3,44.618229,44.671474,True,83-5-59-95-92-98-14-42-15-2-72-39-67-23-75-22-73-21-40-53-18-88-90-49-46-8-84-96-26-74-56-4-25-55-54-24-80-68-77-58|45-47-36-64-63-11-19-82-7-62-31-76-12-29-79-78-9-71-51-50-3-81-34-35-66-20-32-10-70-1|28-33-65-30-69-27-52-61-86-38-44-16-85-99-6-94-97-87-41-57-43-13-37-100-91-93-17-48-60-89
103,3,1163.6857,362.66,128.0,878.2149,0,3,44.618229,44.671474,True,83-5-59-95-92-98-14-42-15-2-72-39-67-23-75-22-73-21-40-53-18-88-90-49-46-8-84-96-26-74-56-4-25-55-54-24-80-68-77-58|45-47-36-64-63-11-19-82-7-62-31-76-12-29-79-78-9-71-51-50-3-81-34-35-66-20-32-10-70-1|28-33-65-30-69-27-52-61-86-38-44-16-85-99-6-94-97-87-41-57-43-13-37-100-91-93-17-48-60-89
104,3,1164.5555,364.328,161.0,862.9583,0,3,44.879172,44.93394,True,33-27-95-59-92-98-14-42-15-2-72-39-67-23-75-22-41-73-21-40-53-51-9-81-34-78-79-3-50-26-74-56-4-25-55-54-24-80-68-77-1|5-83-45-47-36-63-65-71-30-88-7-82-19-62-11-64-8-46-49-10-90-32-66-35-20-70-48-17-60-89|28-12-29-76-69-31-52-18-85-44-38-86-16-61-84-99-57-87-97-6-94-96-43-91-100-37-93-13-58
105,3,1164.5555,364.328,161.0,862.9583,0,3,44.879172,44.93394,True,33-27-95-59-92-98-14-42-15-2-72-39-67-23-75-22-41-73-21-40-53-51-9-81-34-78-79-3-50-26-74-56-4-25-55-54-24-80-68-77-1|5-83-45-47-36-63-65-71-30-88-7-82-19-62-11-64-8-46-49-10-90-32-66-35-20-70-48-17-60-89|28-12-29-76-69-31-52-18-85-44-38-86-16-61-84-99-57-87-97-6-94-96-43-91-100-37-93-13-58
106,3,1164.8641,370.0656,98.0,913.4307,0,3,44.971729,45.028721,True,83-5-59-95-92-98-14-42-15-2-72-39-67-23-75-22-41-73-21-40-53-6-8-49-46-84-96-26-74-56-4-25-55-54-24-80-68-77|52-28-12-29-76-69-31-82-18-61-86-38-44-16-85-99-94-97-87-57-43-91-100-37-93-17-48-60-89-13-58|45-36-47-27-33-65-63-64-11-19-7-88-62-90-30-51-71-9-81-50-3-79-78-34-35-66-20-32-10-70-1
107,3,1164.8641,370.0656,98.0,913.4307,0,3,44.971729,45.028721,True,83-5-59-95-92-98-14-42-15-2-72-39-67-23-75-22-41-73-21-40-53-6-8-49-46-84-96-26-74-56-4-25-55-54-24-80-68-77|52-28-12-29-76-69-31-82-18-61-86-38-44-16-85-99-94-97-87-57-43-91-100-37-93-17-48-60-89-13-58|45-36-47-27-33-65-63-64-11-19-7-88-62-90-30-51-71-9-81-50-3-79-78-34-35-66-20-32-10-70-1
108,3,1164.9109,370.0187,106.0,913.4307,0,3,44.98579,45.043588,True,83-5-59-95-92-98-14-42-15-2-72-39-67-23-75-22-73-21-40-53-88-90-49-46-8-84-96-26-74-56-4-25-55-54-24-80-68-77|27-28-12-33-65-51-69-52-18-61-16-44-38-86-85-99-6-94-97-87-41-57-43-91-100-37-93-17-48-60-89-13-58|45-47-82-36-64-63-11-19-62-7-31-30-76-29-79-78-71-9-50-3-81-34-35-66-20-32-10-70-1
109,3,1165.0049,393.8759,91.0,875.2963,0,3,45.013987,45.068172,True,45-83-5-59-95-92-98-14-42-15-2-72-39-67-23-75-22-41-73-21-40-53-8-46-49-32-10-26-74-56-4-25-55-54-24-80-77|82-62-11-63-31-69-76-12-27-52-18-99-85-44-38-86-16-61-84-6-94-97-87-57-43-91-100-37-93-96-13-58|28-33-29-65-64-36-47-19-7-88-90-30-71-9-78-79-81-51-20-66-35-34-3-68-50-1-70-48-17-60-89
110,3,1165.0049,393.8759,91.0,875.2963,0,3,45.013987,45.068172,True,45-83-5-59-95-92-98-14-42-15-2-72-39-67-23-75-22-41-73-21-40-53-8-46-49-32-10-26-74-56-4-25-55-54-24-80-77|82-62-11-63-31-69-76-12-27-52-18-99-85-44-38-86-16-61-84-6-94-97-87-57-43-91-100-37-93-96-13-58|28-33-29-65-64-36-47-19-7-88-90-30-71-9-78-79-81-51-20-66-35-34-3-68-50-1-70-48-17-60-89
111,3,1165.0056,375.0826,137.0,862.9583,0,3,45.014195,45.068311,True,36-59-95-92-98-14-42-15-2-72-39-67-23-75-22-41-73-21-40-53-51-9-81-34-78-79-3-50-26-74-56-4-25-55-54-24-80-68-77-1|27-28-12-29-76-69-31-52-82-61-84-44-38-86-16-85-99-6-94-97-87-57-43-91-100-37-93-96-13-58|5-83-45-47-62-63-65-71-33-30-88-19-11-64-49-7-18-8-46-10-90-32-66-35-20-70-48-17-60-89
112,4,1167.0222,1055.4591,327.0,844.0081,0,4,105.525161,105.698396,True,59-92-42-15-2-73-72-39-67-23-75-22-21-40-12-76-3-79-81-9-51-20-50-26-74-56-4-25-55-54-24-80-68-77|27-28-29-65-33-69-31-88-52-82-84-61-16-85-99-6-53-94-97-87-41-57-43-91-100-37-93-96-13-58|5-83-45-36-47-19-62-11-63-71-30-90-64-49-7-46-8-18-78-34-35-66-32-10-70-1|95-98-14-44-38-86-17-48-60-89
113,3,1167.9827,372.1055,160.0,862.9583,0,3,45.907317,45.964179,True,36-83-95-59-98-14-42-15-2-72-39-67-23-75-22-41-73-21-40-53-51-9-81-34-78-79-3-50-26-74-56-4-25-55-54-24-80-68-77-1|27-28-12-29-76-69-31-88-52-18-61-84-44-38-86-16-85-99-6-94-97-87-57-43-91-100-37-93-96-13-58|92-5-45-82-47-63-65-71-33-30-62-19-11-90-64-49-7-8-46-10-32-66-35-20-70-48-17-60-89
114,3,1168.0294,372.0588,134.0,862.9583,0,3,45.921337,45.975606,True,95-59-92-98-14-42-15-2-72-39-67-23-75-22-41-73-21-40-53-51-9-81-34-78-79-3-50-26-74-56-4-25-55-54-24-80-68-77-1|27-28-29-12-76-33-69-31-52-18-99-85-44-38-86-16-61-84-6-94-97-87-57-43-91-100-37-93-96-13-58|5-83-45-47-36-63-65-30-88-7-82-19-62-11-64-71-90-49-46-8-10-32-66-35-20-70-48-17-60-89
115,3,1169.9545,366.1609,132.0,869.5594,0,3,46.498866,46.553619,True,5-59-95-92-98-14-42-15-2-72-39-67-23-75-22-41-73-21-40-49-8-84-96-53-26-74-56-4-25-55-54-24-80-68-77|83-45-82-47-36-62-31-69-76-12-28-52-18-99-85-44-38-86-16-61-6-94-97-87-57-43-46-17-93-37-100-91-60-89-13-58|27-29-33-71-65-63-64-11-19-7-88-90-30-51-9-81-50-3-79-78-34-35-66-20-32-10-48-70-1
116,3,1170.6735,369.4147,126.0,862.9583,0,3,46.714554,46.76842,True,95-59-92-98-14-42-15-2-72-39-67-23-75-22-41-73-21-40-53-51-9-81-34-78-79-3-50-26-74-56-4-25-55-54-24-80-68-77-1|27-69-33-29-76-12-28-52-62-18-85-44-38-86-16-61-84-99-6-94-97-87-57-43-91-100-37-93-96-13-58|5-83-45-47-36-11-63-65-30-31-88-7-82-19-64-71-90-49-46-8-10-32-66-35-20-70-48-17-60-89
117,3,1170.6735,369.4147,126.0,862.9583,0,3,46.714554,46.76842,True,95-59-92-98-14-42-15-2-72-39-67-23-75-22-41-73-21-40-53-51-9-81-34-78-79-3-50-26-74-56-4-25-55-54-24-80-68-77-1|27-69-33-29-76-12-28-52-62-18-85-44-38-86-16-61-84-99-6-94-97-87-57-43-91-100-37-93-96-13-58|5-83-45-47-36-11-63-65-30-31-88-7-82-19-64-71-90-49-46-8-10-32-66-35-20-70-48-17-60-89
118,3,1172.5447,334.1168,208.0,901.6514,0,3,47.275925,47.339062,True,27-95-59-92-98-14-42-15-2-72-39-67-23-75-22-41-73-21-40-53-76-3-79-81-9-51-20-50-68-26-74-56-4-25-55-54-24-80-77|33-65-29-12-28-69-31-7-52-18-99-85-44-38-86-16-61-84-6-94-97-87-57-43-17-91-100-37-93-96-60-48-89-13-58|5-83-45-82-47-36-62-30-71-63-90-88-11-64-49-19-46-8-78-34-35-66-32-10-70-1
119,3,1172.767,385.8283,43.0,892.0393,0,3,47.342619,47.395637,True,2-95-92-98-14-42-15-21-72-39-67-23-75-22-41-73-40-53-6-18-8-46-49-50-26-4-74-56-25-55-54-24-80-68-77|83-27-28-12-29-76-69-52-7-82-85-44-38-86-16-61-84-99-94-97-87-57-43-91-100-37-96-93-17-60-89-13-58|59-5-45-36-47-31-33-71-65-63-64-11-19-62-88-90-30-51-9-81-3-79-78-34-35-66-20-32-10-48-70-1
120,3,1172.767,385.8283,43.0,892.0393,0,3,47.342619,47.395637,True,2-95-92-98-14-42-15-21-72-39-67-23-75-22-41-73-40-53-6-18-8-46-49-50-26-4-74-56-25-55-54-24-80-68-77|83-27-28-12-29-76-69-52-7-82-85-44-38-86-16-61-84-99-94-97-87-57-43-91-100-37-96-93-17-60-89-13-58|59-5-45-36-47-31-33-71-65-63-64-11-19-62-88-90-30-51-9-81-3-79-78-34-35-66-20-32-10-48-70-1
121,3,1173.4073,385.188,85.0,892.0393,0,3,47.534696,47.59201,True,95-92-59-5-98-14-42-15-2-72-39-67-23-75-22-41-73-21-40-8-46-49-53-26-74-56-4-25-55-54-24-80-68-77|83-45-82-62-31-69-76-12-28-52-18-99-85-44-38-86-16-61-84-6-94-97-87-57-43-91-100-37-96-93-17-60-89-13-58|36-47-27-29-33-71-65-63-64-11-19-7-88-90-30-51-9-81-50-3-79-78-34-35-66-20-32-10-48-70-1
122,3,1173.7043,366.3839,134.0,862.9583,0,3,47.623804,47.678924,True,95-59-92-98-14-15-42-2-72-39-67-23-75-22-41-73-21-40-53-51-9-81-34-78-79-3-50-26-74-56-4-25-55-54-24-80-68-77-1|27-28-29-12-76-33-69-31-52-18-99-85-44-38-86-16-61-84-6-94-97-87-57-43-91-100-37-93-96-13-58|5-83-45-47-36-63-65-30-88-7-82-19-62-11-64-71-90-49-46-8-10-32-66-35-20-70-48-17-60-89
123,3,1173.8533,366.2349,134.0,862.9583,0,3,47.668498,47.723641,True,95-59-92-98-14-42-15-2-72-39-67-23-75-22-41-73-21-40-53-51-9-81-34-78-79-3-50-26-56-74-4-25-55-54-24-80-68-77-1|27-28-29-12-76-33-69-31-52-18-99-85-44-38-86-16-61-84-6-94-97-87-57-43-91-100-37-93-96-13-58|5-83-45-47-36-63-65-30-88-7-82-19-62-11-64-71-90-49-46-8-10-32-66-35-20-70-48-17-60-89
124,3,1174.2341,384.3612,85.0,892.0393,0,3,47.78274,47.840178,True,5-59-95-92-98-14-42-15-2-72-39-67-23-75-22-41-73-21-40-8-46-49-53-26-74-56-4-25-55-54-24-80-68-77|83-45-82-62-31-69-76-12-28-52-18-99-85-44-38-86-16-61-84-6-94-97-87-57-43-91-100-37-96-93-17-60-89-13-58|36-47-27-29-33-71-65-63-64-11-19-7-88-90-30-51-9-81-50-3-79-78-34-35-66-20-32-10-48-70-1
125,3,1174.5546,360.375,104.0,913.4307,0,3,47.878892,47.937938,True,83-5-59-95-92-98-14-42-15-2-72-39-67-23-75-22-73-21-40-53-88-90-49-46-8-84-96-26-74-56-4-25-55-54-24-80-68-77|33-65-29-12-27-52-36-82-18-61-16-86-38-44-85-99-6-94-97-87-41-57-43-91-100-37-93-17-48-60-89-13-58|28-69-45-47-64-63-11-19-62-7-31-30-51-71-9-81-76-50-3-79-78-34-35-66-20-32-10-70-1
126,3,1174.8266,383.7688,65.0,892.0393,0,3,47.960481,48.016008,True,5-59-72-2-95-92-98-14-42-15-23-39-67-75-22-41-73-21-40-53-6-18-7-49-46-8-26-74-56-4-25-55-54-24-80-68-77|29-12-76-28-27-52-83-85-44-38-86-16-61-84-99-94-97-87-57-43-91-100-37-96-93-17-60-89-13-58|45-36-47-82-31-69-33-71-65-63-62-88-19-11-64-90-30-51-9-81-50-3-79-78-34-35-66-20-32-10-48-70-1
127,3,1174.8779,383.7175,73.0,892.0393,0,3,47.975872,48.032206,True,83-5-59-95-92-98-14-42-15-2-72-39-67-23-75-22-41-73-21-40-53-8-46-49-50-26-74-56-4-25-55-54-24-80-68-77|11-62-31-69-76-29-12-28-18-85-44-38-86-16-61-84-99-6-94-97-87-57-43-91-100-37-96-93-17-60-89-13-58|45-36-47-82-52-27-33-71-65-63-64-19-7-88-90-30-51-9-81-3-79-78-34-35-66-20-32-10-48-70-1
128,3,1175.0265,359.9031,114.0,913.4307,0,3,48.020461,48.080577,True,83-5-59-95-92-98-14-42-15-2-72-39-67-23-75-22-41-73-21-40-53-8-49-46-84-96-26-74-56-4-25-55-54-24-80-68-77|52-28-12-29-76-69-31-62-82-18-99-85-44-61-16-86-38-6-94-97-87-57-43-91-100-37-93-17-48-60-89-13-58|45-36-47-27-33-71-65-63-64-11-19-7-88-90-30-51-9-81-50-3-79-78-34-35-66-20-32-10-70-1
129,3,1176.2371,363.8511,135.0,862.9583,0,3,48.383656,48.439256,True,95-59-92-98-14-42-15-2-72-39-67-23-75-22-41-73-21-40-53-51-9-81-34-78-79-3-50-26-74-56-4-25-55-54-24-80-68-77-1|27-36-62-31-69-76-29-12-28-52-61-84-16-44-38-86-85-99-6-94-97-87-57-43-91-100-37-93-96-13-58|5-83-45-47-63-65-71-33-30-88-82-19-11-90-64-49-7-18-8-46-10-32-66-35-20-70-48-17-60-89
130,3,1176.3716,382.2238,68.0,892.0393,0,3,48.42398,48.480039,True,2-95-92-98-14-42-15-72-39-67-23-75-22-41-73-21-40-53-18-8-46-49-50-26-74-56-4-25-55-54-24-80-68-77|59-83-52-27-28-12-76-33-69-31-88-7-84-61-16-44-38-86-85-99-6-94-97-87-57-43-91-100-37-96-93-17-60-89-13-58|5-45-36-47-82-29-65-63-64-11-19-62-90-30-51-71-9-81-3-79-78-34-35-66-20-32-10-48-70-1
131,3,1177.2606,381.3347,81.0,892.0393,0,3,48.690698,48.74819,True,95-92-59-5-83-45-14-42-15-2-72-39-67-23-75-22-41-73-21-40-18-8-46-49-53-26-74-56-4-25-55-54-24-80-68-77|52-11-62-31-69-76-12-28-99-98-85-44-38-86-16-61-84-6-94-97-87-57-43-91-100-37-96-93-17-60-89-13-58|36-47-27-29-33-71-65-63-64-19-82-7-88-90-30-51-9-81-50-3-79-78-34-35-66-20-32-10-48-70-1
132,3,1177.301,381.2943,102.0,892.0393,0,3,48.702825,48.762424,True,95-92-59-5-98-14-42-15-2-72-39-67-23-75-22-41-73-21-40-84-8-46-49-53-26-74-56-4-25-55-54-24-80-68-77|83-82-11-62-31-69-76-12-28-27-52-18-99-85-44-38-86-16-61-6-94-97-87-57-43-91-100-37-96-93-17-60-89-13-58|45-36-47-33-29-71-65-63-64-19-7-88-90-30-51-9-81-50-3-79-78-34-35-66-20-32-10-48-70-1
133,3,1177.4811,358.6712,121.0,913.4307,0,3,48.756844,48.818212,True,83-5-59-95-92-98-14-42-15-2-73-72-39-67-23-75-22-21-40-12-76-53-49-46-8-84-96-26-74-56-4-25-55-54-24-80-68-77|69-31-62-36-82-52-18-61-16-86-38-44-85-99-6-94-97-87-41-57-43-91-100-37-93-17-48-60-89-13-58|45-47-27-28-29-33-71-65-63-64-11-19-7-88-90-30-51-9-81-50-3-79-78-34-35-66-20-32-10-70-1
134,3,1178.0026,356.9271,160.0,913.4307,0,3,48.913279,48.978442,True,83-5-59-95-92-14-42-15-2-72-73-39-67-23-75-22-21-40-19-49-46-8-84-96-53-26-74-56-4-25-55-54-24-80-68-77|82-62-31-69-76-12-28-27-52-18-99-98-85-44-38-86-16-61-6-94-97-87-41-57-43-91-100-37-93-17-48-60-89-13-58|45-36-47-33-29-71-65-63-64-11-7-88-90-30-51-9-81-50-3-79-78-34-35-66-20-32-10-70-1
135,3,1178.2822,380.3131,99.0,892.0393,0,3,48.997177,49.056623,True,83-5-59-95-92-98-14-42-15-2-72-39-67-23-75-22-41-73-21-40-53-6-84-8-46-49-50-26-74-56-4-25-55-54-24-80-68-77|82-11-62-31-69-76-29-12-28-18-85-44-38-86-16-61-99-94-97-87-57-43-91-100-37-96-93-17-60-89-13-58|45-36-47-52-27-33-71-65-63-64-19-7-88-90-30-51-9-81-3-79-78-34-35-66-20-32-10-48-70-1
136,3,1178.49,356.4397,86.0,913.4307,0,3,49.0595,49.117336,True,5-59-95-92-98-14-42-15-2-72-39-67-23-75-22-73-21-40-53-88-90-49-46-8-84-96-26-74-56-4-25-55-54-24-80-68-77|27-28-33-65-31-52-36-7-18-61-16-86-38-44-85-99-6-94-97-87-41-57-43-91-100-37-93-17-48-60-89-13-58|83-45-82-47-62-11-19-64-63-30-69-76-12-29-79-78-71-9-51-50-3-81-34-35-66-20-32-10-70-1
137,3,1178.49,356.4397,86.0,913.4307,0,3,49.0595,49.117336,True,5-59-95-92-98-14-42-15-2-72-39-67-23-75-22-73-21-40-53-88-90-49-46-8-84-96-26-74-56-4-25-55-54-24-80-68-77|27-28-33-65-31-52-36-7-18-61-16-86-38-44-85-99-6-94-97-87-41-57-43-91-100-37-93-17-48-60-89-13-58|83-45-82-47-62-11-19-64-63-30-69-76-12-29-79-78-71-9-51-50-3-81-34-35-66-20-32-10-70-1
138,3,1179.287,379.3083,94.0,892.0393,0,3,49.298614,49.35771,True,83-5-59-95-92-98-14-42-15-72-39-67-23-75-22-41-73-21-40-53-18-8-46-49-50-26-74-56-4-25-55-54-24-80-68-77|82-11-62-31-69-76-29-12-28-2-44-38-86-16-61-84-85-99-6-94-97-87-57-43-91-100-37-96-93-17-60-89-13-58|45-36-47-52-27-33-71-65-63-64-19-7-88-90-30-51-9-81-3-79-78-34-35-66-20-32-10-48-70-1
139,3,1179.6716,360.4166,187.0,862.9583,0,3,49.413992,49.475308,True,36-83-5-59-92-98-14-42-15-2-72-39-67-23-75-22-41-73-21-40-53-51-9-81-34-78-79-3-50-26-74-56-4-25-55-54-24-80-68-77-1|95-27-28-12-29-76-69-31-52-18-84-61-16-44-38-86-85-99-6-94-97-87-57-43-91-100-37-93-96-13-58|45-47-62-63-65-71-33-30-88-82-19-11-90-64-49-7-8-46-10-32-66-35-20-70-48-17-60-89
140,3,1179.9577,332.9743,253.0,901.6514,0,3,49.49982,49.569509,True,27-95-59-92-98-14-42-15-2-72-39-67-23-75-22-41-73-21-40-53-76-50-51-9-81-79-78-34-3-68-26-74-56-4-25-55-54-24-80-77|33-65-29-12-28-69-31-62-7-52-18-99-85-44-38-86-16-61-84-8-6-94-97-87-57-43-46-17-91-100-37-93-96-60-48-89-13-58|5-83-45-82-47-36-19-11-64-63-71-30-49-88-90-10-32-66-35-20-70-1
141,3,1179.9577,332.9743,253.0,901.6514,0,3,49.49982,49.569509,True,27-95-59-92-98-14-42-15-2-72-39-67-23-75-22-41-73-21-40-53-76-50-51-9-81-79-78-34-3-68-26-74-56-4-25-55-54-24-80-77|33-65-29-12-28-69-31-62-7-52-18-99-85-44-38-86-16-61-84-8-6-94-97-87-57-43-46-17-91-100-37-93-96-60-48-89-13-58|5-83-45-82-47-36-19-11-64-63-71-30-49-88-90-10-32-66-35-20-70-1
142,4,1180.059,1042.4223,359.0,844.0081,0,4,103.569643,103.748034,True,59-92-42-15-2-72-39-67-23-75-22-41-73-21-12-76-3-79-81-9-51-20-53-26-74-56-4-25-55-54-24-80-68-77|28-29-33-65-30-31-69-27-52-88-7-18-84-86-16-61-85-99-6-94-97-87-57-43-91-100-37-93-96-13-58|5-83-45-82-47-36-19-62-11-63-71-90-64-49-46-8-40-78-50-34-35-66-32-10-70-1|95-98-14-38-44-17-48-60-89
143,3,1181.1749,377.4204,92.0,892.0393,0,3,49.864974,49.924154,True,83-5-59-95-92-98-14-42-15-2-72-39-67-23-75-22-41-73-21-40-53-6-8-46-49-50-26-74-56-4-25-55-54-24-80-68-77|82-11-62-31-69-76-29-12-28-18-85-44-38-86-16-61-84-99-94-97-87-57-43-91-100-37-96-93-17-60-89-13-58|45-36-47-52-27-33-71-65-63-64-19-7-88-90-30-51-9-81-3-79-78-34-35-66-20-32-10-48-70-1
144,3,1181.487,377.1084,71.0,892.0393,0,3,49.958601,50.015727,True,2-95-92-98-14-42-15-72-39-67-23-75-22-41-73-21-40-53-18-8-46-49-90-50-26-74-56-4-25-55-54-24-80-68-77|59-83-27-28-12-76-33-69-31-88-7-52-84-61-16-44-38-86-85-99-6-94-97-87-57-43-91-100-37-96-93-17-60-89-13-58|5-45-36-47-82-29-65-63-64-11-19-62-30-51-71-9-81-3-79-78-34-35-66-20-32-10-48-70-1
145,3,1181.487,377.1084,71.0,892.0393,0,3,49.958601,50.015727,True,2-95-92-98-14-42-15-72-39-67-23-75-22-41-73-21-40-53-18-8-46-49-90-50-26-74-56-4-25-55-54-24-80-68-77|59-83-27-28-12-76-33-69-31-88-7-52-84-61-16-44-38-86-85-99-6-94-97-87-57-43-91-100-37-96-93-17-60-89-13-58|5-45-36-47-82-29-65-63-64-11-19-62-30-51-71-9-81-3-79-78-34-35-66-20-32-10-48-70-1
146,3,1181.6876,376.9077,96.0,892.0393,0,3,50.01879,50.078446,True,83-5-59-95-92-98-14-42-15-2-72-39-67-23-75-22-41-73-21-40-53-84-8-46-49-50-26-74-56-4-25-55-54-24-80-68-77|82-11-62-31-69-76-29-12-28-18-85-44-38-86-16-61-99-6-94-97-87-57-43-91-100-37-96-93-17-60-89-13-58|45-36-47-52-27-33-71-65-63-64-19-7-88-90-30-51-9-81-3-79-78-34-35-66-20-32-10-48-70-1
147,3,1181.83,383.7321,59.0,892.0393,0,3,50.06151,50.118533,True,72-2-95-59-92-98-14-42-15-23-39-67-75-22-41-73-21-40-53-6-18-8-46-90-49-26-74-56-4-25-55-54-24-80-68-77|69-29-12-76-28-27-52-83-85-44-38-86-16-61-84-99-94-97-87-57-43-91-100-37-96-93-17-60-89-13-58|5-45-36-47-82-31-33-71-65-63-64-11-19-62-7-88-30-51-9-81-50-3-79-78-34-35-66-20-32-10-48-70-1
148,3,1182.3131,376.2823,89.0,892.0393,0,3,50.20643,50.26548,True,83-5-59-95-92-98-14-42-15-2-72-39-67-23-75-22-41-73-21-40-53-8-46-49-50-26-74-56-4-25-55-54-24-80-68-77|82-11-62-31-69-76-29-12-28-18-85-44-38-86-16-61-84-99-6-94-97-87-57-43-91-100-37-96-93-17-60-89-13-58|45-36-47-52-27-33-71-65-63-64-19-7-88-90-30-51-9-81-3-79-78-34-35-66-20-32-10-48-70-1
149,3,1183.0911,375.5042,76.0,892.0393,0,3,50.439834,50.4977,True,83-45-5-95-92-98-14-42-15-2-72-39-67-23-75-22-41-73-21-40-53-18-84-8-46-49-50-26-74-56-4-25-55-54-24-80-68-77|31-62-33-29-12-28-59-85-44-38-86-16-61-99-6-94-97-87-57-43-91-100-37-96-93-17-60-89-13-58|47-36-82-52-27-69-71-65-63-64-11-19-7-88-90-30-76-3-51-9-81-79-78-34-35-66-20-32-10-48-70-1
150,3,1183.1901,357.839,158.0,860.8668,0,3,50.469534,50.528305,True,5-45-83-59-95-92-98-14-42-15-2-72-39-67-23-75-22-41-73-21-40-53-8-46-49-90-10-26-74-56-4-25-55-54-24-80-68-77|82-47-11-62-31-69-76-12-28-52-18-99-85-16-44-38-86-61-84-6-94-97-87-57-43-91-100-37-93-96-60-89-13-58|27-33-29-65-63-64-36-19-7-88-30-51-71-9-34-78-79-3-81-20-32-66-35-50-1-70-48-17
151,3,1183.1901,357.839,158.0,860.8668,0,3,50.469534,50.528305,True,5-45-83-59-95-92-98-14-42-15-2-72-39-67-23-75-22-41-73-21-40-53-8-46-49-90-10-26-74-56-4-25-55-54-24-80-68-77|82-47-11-62-31-69-76-12-28-52-18-99-85-16-44-38-86-61-84-6-94-97-87-57-43-91-100-37-93-96-60-89-13-58|27-33-29-65-63-64-36-19-7-88-30-51-71-9-34-78-79-3-81-20-32-66-35-50-1-70-48-17
152,3,1183.5628,351.3669,108.0,913.4307,0,3,50.581347,50.642143,True,5-59-95-92-98-14-42-15-2-72-39-67-23-75-22-73-21-40-7-49-46-84-96-53-26-74-56-4-25-55-54-24-80-68-77|83-45-36-82-69-76-12-28-27-52-18-8-86-38-44-16-61-85-99-6-94-97-87-41-57-43-91-100-37-93-17-48-60-89-13-58|47-31-33-29-71-65-63-64-11-19-62-88-90-30-51-9-81-50-3-79-78-34-35-66-20-32-10-70-1
153,3,1183.5986,374.9967,68.0,892.0393,0,3,50.592104,50.649247,True,2-95-92-98-14-42-15-72-39-67-23-75-22-41-73-21-40-53-18-8-46-49-50-26-74-56-4-25-55-54-24-80-68-77|59-83-27-28-12-76-33-69-31-88-7-52-84-61-16-44-38-86-85-99-6-94-97-87-57-43-91-100-37-96-93-17-60-89-13-58|5-45-36-47-82-29-65-63-64-11-19-62-90-30-51-71-9-81-3-79-78-34-35-66-20-32-10-48-70-1
154,3,1184.0746,374.5207,72.0,892.0393,0,3,50.734896,50.79251,True,45-5-59-95-92-98-14-42-15-2-72-39-67-23-75-22-41-73-21-40-8-46-49-53-26-74-56-4-25-55-54-24-80-68-77|83-82-62-31-69-76-12-28-52-18-99-85-44-38-86-16-61-84-6-94-97-87-57-43-91-100-37-96-93-17-60-89-13-58|36-47-27-29-33-71-65-63-64-11-19-7-88-90-30-51-9-81-50-3-79-78-34-35-66-20-32-10-48-70-1
155,3,1184.281,356.2839,111.0,877.8575,0,3,50.796802,50.853516,True,45-5-59-95-92-98-14-42-15-2-72-39-67-23-75-22-41-73-21-40-8-46-49-10-53-26-74-56-4-25-55-54-24-80-68-77|83-82-62-11-63-31-69-76-12-28-52-18-99-85-44-38-86-16-61-84-6-94-97-87-57-43-91-100-37-96-60-17-93-13-58|27-33-29-65-64-36-47-19-7-88-90-30-71-9-81-78-79-3-51-20-32-66-35-34-50-1-70-48-89
156,3,1184.281,356.2839,111.0,877.8575,0,3,50.796802,50.853516,True,45-5-59-95-92-98-14-42-15-2-72-39-67-23-75-22-41-73-21-40-8-46-49-10-53-26-74-56-4-25-55-54-24-80-68-77|83-82-62-11-63-31-69-76-12-28-52-18-99-85-44-38-86-16-61-84-6-94-97-87-57-43-91-100-37-96-60-17-93-13-58|27-33-29-65-64-36-47-19-7-88-90-30-71-9-81-78-79-3-51-20-32-66-35-34-50-1-70-48-89
157,3,1184.6019,350.3277,98.0,913.4307,0,3,50.893087,50.953039,True,83-5-59-95-92-98-14-42-15-2-72-39-67-23-75-22-73-21-40-53-88-90-49-46-8-84-96-26-74-56-4-25-55-54-24-80-68-77|28-33-65-69-27-52-36-82-18-61-16-86-38-44-85-99-6-94-97-87-41-57-43-91-100-37-93-17-48-60-89-13-58|45-47-64-63-11-19-62-7-31-30-76-12-29-79-78-71-9-51-50-3-81-34-35-66-20-32-10-70-1
158,3,1184.6019,350.3277,98.0,913.4307,0,3,50.893087,50.953039,True,83-5-59-95-92-98-14-42-15-2-72-39-67-23-75-22-73-21-40-53-88-90-49-46-8-84-96-26-74-56-4-25-55-54-24-80-68-77|28-33-65-69-27-52-36-82-18-61-16-86-38-44-85-99-6-94-97-87-41-57-43-91-100-37-93-17-48-60-89-13-58|45-47-64-63-11-19-62-7-31-30-76-12-29-79-78-71-9-51-50-3-81-34-35-66-20-32-10-70-1
159,3,1184.6183,376.7103,61.0,892.0393,0,3,50.898003,50.955009,True,83-5-59-95-92-98-14-42-15-2-72-39-67-23-75-22-41-73-21-40-53-88-7-8-46-90-50-26-74-56-4-25-55-54-24-80-68-77-1|28-12-29-76-69-31-52-82-18-85-44-38-86-16-61-84-99-6-94-97-87-57-43-91-100-37-96-93-17-60-89-13-58|45-47-36-63-64-65-71-33-27-30-62-11-49-19-51-9-81-3-79-78-34-35-66-20-32-10-70-48
160,3,1184.771,351.5827,75.0,913.4307,0,3,50.943801,51.001692,True,82-36-62-31-69-76-12-28-27-52-18-84-61-16-44-38-86-85-99-6-97-87-41-57-74-56-43-91-100-37-93-17-48-60-89-13-58|59-5-83-45-47-63-65-71-29-33-88-7-19-11-64-90-30-51-9-81-50-3-79-78-34-35-66-20-32-10-70-1|95-92-98-14-42-15-2-73-72-39-67-23-75-22-21-40-53-94-96-8-46-49-26-4-25-55-54-24-80-68-77
161,3,1184.771,351.5827,75.0,913.4307,0,3,50.943801,51.001692,True,82-36-62-31-69-76-12-28-27-52-18-84-61-16-44-38-86-85-99-6-97-87-41-57-74-56-43-91-100-37-93-17-48-60-89-13-58|59-5-83-45-47-63-65-71-29-33-88-7-19-11-64-90-30-51-9-81-50-3-79-78-34-35-66-20-32-10-70-1|95-92-98-14-42-15-2-73-72-39-67-23-75-22-21-40-53-94-96-8-46-49-26-4-25-55-54-24-80-68-77
162,3,1185.3516,316.6952,233.0,917.0851,0,3,51.118,51.18718,True,95-59-92-98-14-42-15-2-72-39-67-23-75-22-41-73-21-40-53-76-3-79-81-9-51-20-10-50-26-74-56-4-25-55-54-24-80-68-77-35-70|27-28-33-65-71-29-12-69-52-18-85-44-38-86-16-61-84-99-6-94-97-87-57-43-17-91-100-37-93-96-60-48-89-13-58|5-83-45-36-47-82-31-88-62-11-63-30-90-64-49-19-7-46-8-78-34-66-32-1
163,3,1185.3516,316.6952,233.0,917.0851,0,3,51.118,51.18718,True,95-59-92-98-14-42-15-2-72-39-67-23-75-22-41-73-21-40-53-76-3-79-81-9-51-20-10-50-26-74-56-4-25-55-54-24-80-68-77-35-70|27-28-33-65-71-29-12-69-52-18-85-44-38-86-16-61-84-99-6-94-97-87-57-43-17-91-100-37-93-96-60-48-89-13-58|5-83-45-36-47-82-31-88-62-11-63-30-90-64-49-19-7-46-8-78-34-66-32-1
164,3,1185.7688,372.8265,69.0,892.0393,0,3,51.243159,51.300727,True,95-92-59-5-98-14-42-15-2-72-39-67-23-75-22-41-73-21-40-8-46-49-53-26-74-56-4-25-55-54-24-80-68-77|83-45-82-31-69-33-76-12-28-52-18-99-85-44-38-86-16-61-84-6-94-97-87-57-43-91-100-37-96-93-17-60-89-13-58|36-47-27-29-65-71-63-64-19-7-88-62-11-90-30-51-9-81-50-3-79-78-34-35-66-20-32-10-48-70-1
165,3,1186.2444,354.7847,130.0,860.8668,0,3,51.385828,51.442257,True,45-5-59-95-92-98-14-42-15-2-72-39-67-23-75-22-41-73-21-40-53-8-46-49-90-10-26-74-56-4-25-55-54-24-80-68-77|83-82-62-11-63-31-69-76-12-28-52-18-99-85-44-38-86-16-61-84-6-94-97-87-57-43-91-100-37-93-96-60-89-13-58|27-33-29-65-64-36-47-19-7-88-30-71-9-81-34-78-79-3-51-20-32-66-35-50-1-70-48-17
166,3,1186.2444,354.7847,130.0,860.8668,0,3,51.385828,51.442257,True,45-5-59-95-92-98-14-42-15-2-72-39-67-23-75-22-41-73-21-40-53-8-46-49-90-10-26-74-56-4-25-55-54-24-80-68-77|83-82-62-11-63-31-69-76-12-28-52-18-99-85-44-38-86-16-61-84-6-94-97-87-57-43-91-100-37-93-96-60-89-13-58|27-33-29-65-64-36-47-19-7-88-30-71-9-81-34-78-79-3-51-20-32-66-35-50-1-70-48-17
167,3,1186.4741,372.1212,106.0,892.0393,0,3,51.454752,51.516127,True,95-92-59-5-98-14-42-15-2-72-39-67-23-75-22-41-73-21-40-6-8-46-49-53-26-74-56-4-25-55-54-24-80-68-77|83-45-82-11-62-31-69-76-29-12-28-18-61-44-38-86-16-85-84-99-94-97-87-57-43-91-100-37-96-93-17-60-89-13-58|36-47-52-27-33-71-65-63-64-19-7-88-90-30-51-9-81-50-3-79-78-34-35-66-20-32-10-48-70-1
168,3,1186.5265,361.8091,89.0,881.7797,0,3,51.470472,51.527076,True,83-5-59-95-92-98-14-42-15-2-72-39-67-23-75-22-41-73-21-40-53-8-46-49-50-26-74-56-4-25-55-54-24-80-68-77|82-11-62-31-69-76-29-12-28-18-85-44-38-86-16-61-84-99-6-94-97-87-57-43-37-91-100-96-93-17-60-89-13-58|45-36-47-52-27-33-71-65-63-64-19-7-88-90-30-51-9-81-3-79-78-34-35-66-20-32-10-48-70-1
169,3,1186.5265,361.8091,89.0,881.7797,0,3,51.470472,51.527076,True,83-5-59-95-92-98-14-42-15-2-72-39-67-23-75-22-41-73-21-40-53-8-46-49-50-26-74-56-4-25-55-54-24-80-68-77|82-11-62-31-69-76-29-12-28-18-85-44-38-86-16-61-84-99-6-94-97-87-57-43-37-91-100-96-93-17-60-89-13-58|45-36-47-52-27-33-71-65-63-64-19-7-88-90-30-51-9-81-3-79-78-34-35-66-20-32-10-48-70-1
170,3,1186.5656,338.6805,120.0,903.7472,0,3,51.48219,51.541731,True,95-59-92-98-14-42-15-2-73-72-39-67-23-75-22-41-21-40-84-8-46-49-53-26-74-56-4-25-55-54-24-80-68-77|83-82-36-11-31-69-76-12-28-27-52-18-99-85-44-38-86-16-61-6-94-97-87-57-43-37-60-96-93-100-91-17-48-89-13-58|5-45-47-33-29-71-65-63-64-19-62-7-88-90-30-51-9-81-50-3-79-78-34-35-66-20-32-10-70-1
171,3,1186.5656,338.6805,120.0,903.7472,0,3,51.48219,51.541731,True,95-59-92-98-14-42-15-2-73-72-39-67-23-75-22-41-21-40-84-8-46-49-53-26-74-56-4-25-55-54-24-80-68-77|83-82-36-11-31-69-76-12-28-27-52-18-99-85-44-38-86-16-61-6-94-97-87-57-43-37-60-96-93-100-91-17-48-89-13-58|5-45-47-33-29-71-65-63-64-19-62-7-88-90-30-51-9-81-50-3-79-78-34-35-66-20-32-10-70-1
172,3,1186.9329,342.8107,82.0,906.5878,0,3,51.592393,51.64929,True,83-5-59-95-92-98-14-42-15-2-72-39-67-23-75-22-41-73-21-40-53-88-90-49-46-8-84-96-26-74-56-4-25-55-54-24-80-68-77|45-36-47-82-63-64-11-19-62-7-31-30-76-12-29-79-78-71-9-51-50-3-81-34-35-66-20-32-10-70-1|28-33-65-69-27-52-18-38-44-86-16-61-85-99-6-94-87-57-43-37-91-17-100-97-93-60-48-89-13-58
173,3,1186.9329,342.8107,82.0,906.5878,0,3,51.592393,51.64929,True,83-5-59-95-92-98-14-42-15-2-72-39-67-23-75-22-41-73-21-40-53-88-90-49-46-8-84-96-26-74-56-4-25-55-54-24-80-68-77|45-36-47-82-63-64-11-19-62-7-31-30-76-12-29-79-78-71-9-51-50-3-81-34-35-66-20-32-10-70-1|28-33-65-69-27-52-18-38-44-86-16-61-85-99-6-94-87-57-43-37-91-17-100-97-93-60-48-89-13-58
174,3,1187.5227,371.0727,64.0,892.0393,0,3,51.769308,51.826639,True,95-92-59-5-98-14-42-15-2-72-39-67-23-75-22-41-73-21-40-84-8-46-49-53-26-74-56-4-25-55-54-24-80-68-77|83-82-62-31-69-76-29-12-28-52-18-99-85-61-44-16-86-38-6-94-97-87-57-43-91-100-37-96-93-17-60-89-13-58|45-36-47-27-33-71-65-63-64-11-19-7-88-90-30-51-9-81-50-3-79-78-34-35-66-20-32-10-48-70-1
175,3,1187.5837,371.0116,63.0,892.0393,0,3,51.787637,51.844877,True,95-92-59-5-98-14-42-15-2-72-39-67-23-75-22-41-73-21-40-8-46-49-53-26-74-56-4-25-55-54-24-80-68-77|83-82-36-62-31-69-76-12-28-52-18-99-85-44-38-86-16-61-84-6-94-97-87-57-43-91-100-37-96-93-17-60-89-13-58|45-47-27-29-33-71-65-63-64-11-19-7-88-90-30-51-9-81-50-3-79-78-34-35-66-20-32-10-48-70-1
176,3,1187.8151,371.9298,104.0,877.8575,0,3,51.857031,51.916452,True,45-5-59-95-92-98-14-42-15-2-72-39-67-23-75-22-41-73-21-40-53-8-46-49-50-26-74-56-4-25-55-54-24-80-68-77-1|83-82-11-62-69-76-12-28-27-52-18-99-85-44-38-86-16-61-84-6-94-97-87-57-43-91-100-37-96-60-17-93-13-58|47-36-31-33-29-71-65-63-64-19-7-88-90-30-51-9-81-3-79-78-34-35-66-20-32-10-70-48-89
177,3,1187.8151,371.9298,104.0,877.8575,0,3,51.857031,51.916452,True,45-5-59-95-92-98-14-42-15-2-72-39-67-23-75-22-41-73-21-40-53-8-46-49-50-26-74-56-4-25-55-54-24-80-68-77-1|83-82-11-62-69-76-12-28-27-52-18-99-85-44-38-86-16-61-84-6-94-97-87-57-43-91-100-37-96-60-17-93-13-58|47-36-31-33-29-71-65-63-64-19-7-88-90-30-51-9-81-3-79-78-34-35-66-20-32-10-70-48-89
178,4,1188.1569,1068.1408,148.0,844.0081,0,4,107.427416,107.590994,True,95-59-92-98-14-42-15-72-39-67-23-75-22-41-73-21-40-53-61-26-74-56-4-25-55-54-24-80-68-77|28-12-76-69-31-18-99-85-44-38-86-16-84-6-94-97-87-57-43-91-100-37-93-96-13-58|27-2-29-33-71-65-90-30-51-9-81-50-3-79-78-34-35-66-20-32-10-70-1|63-5-52-83-45-36-47-82-7-88-62-19-11-64-46-49-8-48-17-60-89
179,3,1189.2926,347.701,104.0,868.7807,0,3,52.30028,52.355148,True,83-5-59-95-92-98-14-42-15-2-72-39-67-23-75-22-41-73-21-40-53-88-90-49-46-8-84-96-26-74-56-4-25-55-54-24-80-68-77|45-36-47-82-63-64-11-19-62-7-31-30-76-12-29-79-78-71-9-51-50-3-81-34-35-66-20-32-10-48-70-1|28-33-65-69-27-52-18-99-61-16-86-38-44-85-57-87-97-37-94-6-60-17-91-93-100-43-13-58-89
180,3,1189.2926,347.701,104.0,868.7807,0,3,52.30028,52.355148,True,83-5-59-95-92-98-14-42-15-2-72-39-67-23-75-22-41-73-21-40-53-88-90-49-46-8-84-96-26-74-56-4-25-55-54-24-80-68-77|45-36-47-82-63-64-11-19-62-7-31-30-76-12-29-79-78-71-9-51-50-3-81-34-35-66-20-32-10-48-70-1|28-33-65-69-27-52-18-99-61-16-86-38-44-85-57-87-97-37-94-6-60-17-91-93-100-43-13-58-89
181,3,1190.254,339.8672,111.0,862.9583,0,3,52.588707,52.642515,True,83-5-59-95-92-14-42-15-72-39-67-23-75-22-41-57-21-73-40-53-18-8-46-49-50-26-74-56-4-25-55-54-24-80-68-77-1|28-82-11-62-31-69-76-29-12-2-87-98-85-44-38-86-16-61-84-99-96-6-94-13-97-43-91-100-37-93-17-60-89-58|45-36-47-52-27-33-71-65-63-64-19-7-88-90-30-51-9-81-3-79-78-34-35-66-20-32-10-70-48
182,3,1190.254,339.8672,111.0,862.9583,0,3,52.588707,52.642515,True,83-5-59-95-92-14-42-15-72-39-67-23-75-22-41-57-21-73-40-53-18-8-46-49-50-26-74-56-4-25-55-54-24-80-68-77-1|28-82-11-62-31-69-76-29-12-2-87-98-85-44-38-86-16-61-84-99-96-6-94-13-97-43-91-100-37-93-17-60-89-58|45-36-47-52-27-33-71-65-63-64-19-7-88-90-30-51-9-81-3-79-78-34-35-66-20-32-10-70-48
183,3,1190.8739,367.7214,64.0,892.0393,0,3,52.774673,52.832508,True,95-92-59-5-98-14-42-15-2-72-39-67-23-75-22-41-73-21-40-84-8-46-49-53-26-74-56-4-25-55-54-24-80-68-77|83-82-62-31-69-76-29-12-28-52-18-99-85-44-61-16-86-38-6-94-97-87-57-43-91-100-37-96-93-17-60-89-13-58|45-36-47-27-33-71-65-63-64-11-19-7-88-90-30-51-9-81-50-3-79-78-34-35-66-20-32-10-48-70-1
184,4,1192.373,1057.7278,204.0,844.0081,0,4,105.865464,106.034344,True,95-59-92-98-14-42-15-2-72-39-67-23-75-22-41-73-21-12-76-79-51-40-74-56-4-25-55-54-24-80-68-77|71-30-88-52-18-99-85-44-38-86-16-61-84-6-94-97-87-57-43-91-100-37-93-96-13-58|28-33-27-69-31-62-63-65-9-81-29-34-78-3-50-26-53-35-66-20-32-70-1|5-83-45-36-47-82-7-19-11-90-64-49-10-8-46-48-17-60-89
185,3,1192.6308,342.2988,98.0,913.4307,0,3,53.301754,53.362911,True,83-5-59-95-92-98-14-42-15-2-72-39-67-23-75-22-73-21-40-53-88-90-49-46-8-84-96-26-74-56-4-25-55-54-24-80-68-77|28-33-65-69-27-52-36-82-18-61-16-86-38-44-85-99-6-94-97-87-41-57-43-91-100-37-93-17-48-60-89-13-58|45-47-62-64-63-11-19-7-31-30-76-12-29-79-78-71-9-51-50-3-81-34-35-66-20-32-10-70-1
186,3,1192.9948,365.6005,30.0,892.0393,0,3,53.41096,53.465712,True,45-59-95-92-98-14-42-15-2-21-72-39-67-23-75-22-41-73-40-53-6-18-8-46-49-26-74-56-4-25-55-54-24-80-68-77|83-27-28-12-29-76-69-31-7-52-85-44-38-86-16-61-84-99-94-97-87-57-43-91-100-37-96-93-17-60-89-13-58|5-36-47-82-33-71-65-63-64-11-19-62-88-90-30-51-9-81-50-3-79-78-34-35-66-20-32-10-48-70-1
187,3,1193.2286,336.3745,134.0,856.4449,0,3,53.481099,53.536599,True,95-59-92-98-14-42-15-2-72-39-67-23-75-22-41-73-21-40-53-51-9-81-34-78-79-54-3-50-26-74-56-4-25-55-24-80-68-77-1|27-28-29-12-76-33-69-31-52-18-99-85-44-38-86-16-61-84-6-94-97-87-57-43-91-100-37-93-96-13-58|5-83-45-47-36-63-65-30-88-7-82-19-62-11-64-71-90-49-46-8-10-32-66-35-20-70-48-17-60-89
188,3,1193.2286,336.3745,134.0,856.4449,0,3,53.481099,53.536599,True,95-59-92-98-14-42-15-2-72-39-67-23-75-22-41-73-21-40-53-51-9-81-34-78-79-54-3-50-26-74-56-4-25-55-24-80-68-77-1|27-28-29-12-76-33-69-31-52-18-99-85-44-38-86-16-61-84-6-94-97-87-57-43-91-100-37-93-96-13-58|5-83-45-47-36-63-65-30-88-7-82-19-62-11-64-71-90-49-46-8-10-32-66-35-20-70-48-17-60-89
189,3,1193.2468,365.3486,10.0,892.0393,0,3,53.486537,53.539327,True,72-2-95-59-92-98-14-42-15-23-39-67-75-22-41-73-21-40-53-6-18-8-46-49-26-74-56-4-25-55-54-24-80-68-77|31-69-65-29-76-12-28-27-52-85-44-38-86-16-61-84-99-94-97-87-57-43-91-100-37-96-93-17-60-89-13-58|5-83-45-36-47-82-33-71-63-64-11-19-62-7-88-90-30-51-9-81-50-3-79-78-34-35-66-20-32-10-48-70-1
190,3,1193.2468,365.3486,10.0,892.0393,0,3,53.486537,53.539327,True,72-2-95-59-92-98-14-42-15-23-39-67-75-22-41-73-21-40-53-6-18-8-46-49-26-74-56-4-25-55-54-24-80-68-77|31-69-65-29-76-12-28-27-52-85-44-38-86-16-61-84-99-94-97-87-57-43-91-100-37-96-93-17-60-89-13-58|5-83-45-36-47-82-33-71-63-64-11-19-62-7-88-90-30-51-9-81-50-3-79-78-34-35-66-20-32-10-48-70-1
191,3,1193.3548,341.5748,98.0,913.4307,0,3,53.518954,53.58022,True,83-5-59-95-92-98-14-42-15-2-72-39-67-23-75-22-73-21-40-53-88-90-49-46-8-84-96-26-74-4-56-25-55-54-24-80-68-77|28-33-65-69-27-52-36-82-18-61-16-86-38-44-85-99-6-94-97-87-41-57-43-91-100-37-93-17-48-60-89-13-58|45-47-64-63-11-19-62-7-31-30-76-12-29-79-78-71-9-51-50-3-81-34-35-66-20-32-10-70-1
192,4,1193.5077,1012.6539,312.0,827.6883,0,4,99.104378,99.27519,True,59-42-15-2-73-72-39-67-23-75-22-21-40-53-76-3-79-81-9-51-20-50-26-54-4-25-55-24-80-68-77|27-28-12-29-33-65-69-31-88-52-84-86-16-61-85-99-6-87-97-57-41-56-74-43-91-100-37-93-96-13-58|5-83-45-82-47-36-19-62-11-63-71-30-90-64-49-7-46-8-18-78-34-35-66-32-10-70-1|95-92-44-38-14-98-94-17-48-60-89
193,3,1193.7306,341.199,101.0,913.4307,0,3,53.631701,53.693323,True,83-5-59-95-92-14-42-15-2-72-39-67-23-75-73-21-57-38-87-40-53-26-56-22-41-74-4-25-55-54-24-80-68-77|62-31-69-29-76-12-28-52-18-99-98-85-44-86-16-61-84-8-46-49-6-94-96-97-43-91-100-37-93-17-48-60-89-13-58|45-36-47-82-27-33-71-65-63-64-11-19-7-88-90-30-51-81-50-3-79-78-34-9-35-66-20-32-10-70-1
194,3,1193.7944,341.1352,102.0,913.4307,0,3,53.650836,53.712567,True,83-45-5-59-95-92-14-42-15-72-39-67-23-75-22-73-21-18-49-46-8-84-96-53-26-74-56-4-25-55-54-24-80-68-77|52-82-62-31-69-76-12-2-98-85-44-38-86-16-61-99-6-94-40-97-87-41-57-43-91-100-37-93-17-48-60-89-13-58|36-47-27-28-29-33-71-65-63-64-11-19-7-88-90-30-51-9-81-50-3-79-78-34-35-66-20-32-10-70-1
195,3,1194.1186,353.0787,93.0,880.6413,0,3,53.748091,53.805893,True,45-5-59-95-92-98-14-42-15-2-72-39-67-23-75-22-41-73-21-40-8-46-49-53-26-74-56-4-25-55-54-24-80-68-77|83-82-11-62-31-69-76-12-28-52-18-84-61-16-44-38-86-85-99-6-94-87-57-43-37-97-96-93-100-91-17-60-89-13-58|36-47-27-29-33-71-65-63-64-19-7-88-90-30-51-9-81-50-3-79-78-34-35-66-20-32-10-48-70-1
196,3,1194.1186,353.0787,93.0,880.6413,0,3,53.748091,53.805893,True,45-5-59-95-92-98-14-42-15-2-72-39-67-23-75-22-41-73-21-40-8-46-49-53-26-74-56-4-25-55-54-24-80-68-77|83-82-11-62-31-69-76-12-28-52-18-84-61-16-44-38-86-85-99-6-94-87-57-43-37-97-96-93-100-91-17-60-89-13-58|36-47-27-29-33-71-65-63-64-19-7-88-90-30-51-9-81-50-3-79-78-34-35-66-20-32-10-48-70-1
197,3,1194.6117,363.9836,68.0,892.0393,0,3,53.896022,53.954817,True,45-5-59-95-92-98-14-42-15-2-72-39-67-23-75-22-41-73-21-40-8-46-49-53-26-74-56-4-25-55-54-24-80-68-77|83-82-11-62-31-69-76-12-52-18-99-85-44-38-86-16-61-84-6-94-97-87-57-43-91-100-37-96-93-17-60-89-13-58|36-47-27-28-29-33-71-65-63-64-19-7-88-90-30-51-9-81-50-3-79-78-34-35-66-20-32-10-48-70-1
198,3,1194.6351,340.2945,89.0,913.4307,0,3,53.903048,53.963606,True,83-5-59-95-92-98-14-42-15-2-72-39-67-23-75-22-73-21-40-53-49-46-8-84-96-26-74-56-4-25-55-54-24-80-68-77|82-36-62-31-69-76-12-52-18-61-16-86-38-44-85-99-6-94-97-87-41-57-43-91-100-37-93-17-48-60-89-13-58|45-47-27-28-29-33-71-65-63-64-11-19-7-88-90-30-51-50-3-79-81-9-78-34-35-66-20-32-10-70-1
199,3,1194.9503,335.0887,134.0,856.4449,0,3,53.997599,54.053422,True,95-59-92-14-98-42-15-2-72-39-67-23-75-22-41-73-21-40-53-51-9-81-34-78-79-3-50-26-74-56-55-4-25-54-24-80-68-77-1|27-28-29-12-76-33-69-31-52-18-99-85-44-38-86-16-61-84-6-94-97-87-57-43-91-100-37-93-96-13-58|5-83-45-47-36-63-65-30-88-7-82-19-62-11-64-71-90-49-46-8-10-32-66-35-20-70-48-17-60-89
200,3,1195.1583,339.7713,101.0,913.4307,0,3,54.060013,54.121849,True,83-5-59-95-92-14-42-15-2-72-39-67-23-75-73-21-57-38-87-40-53-26-56-22-41-74-4-25-55-54-24-80-68-77|62-31-69-29-76-12-28-52-18-99-98-85-44-86-16-61-84-8-46-49-6-94-96-97-43-91-100-37-93-17-48-60-89-13-58|45-36-47-82-27-33-71-65-63-64-11-19-7-88-90-30-51-50-3-79-78-81-9-34-35-66-20-32-10-70-1
201,3,1195.3463,345.4411,104.0,874.2314,0,3,54.1164,54.173562,True,45-5-59-95-92-14-42-15-2-72-39-67-23-75-22-41-73-21-40-53-94-6-8-46-49-26-74-56-4-25-55-54-24-80-68-77|83-82-11-62-31-69-76-12-28-52-18-99-98-85-44-38-86-16-61-84-96-87-97-57-43-91-100-37-93-17-60-89-13-58|36-47-27-29-33-71-65-63-64-19-7-88-90-30-51-9-81-50-3-79-78-34-35-66-20-32-10-48-70-1
202,3,1195.6723,339.2574,98.0,913.4307,0,3,54.214196,54.275809,True,83-5-59-95-92-98-14-42-2-15-72-39-67-23-75-22-73-21-40-53-88-90-49-46-8-84-96-26-74-56-4-25-55-54-24-80-68-77|28-33-65-69-27-52-36-82-18-61-16-86-38-44-85-99-6-94-97-87-41-57-43-91-100-37-93-17-48-60-89-13-58|45-47-64-63-11-19-62-7-31-30-76-12-29-79-78-71-9-51-50-3-81-34-35-66-20-32-10-70-1
203,3,1196.0343,341.3645,87.0,913.4307,0,3,54.322791,54.383729,True,83-5-59-95-92-98-14-42-15-2-72-39-67-23-75-41-22-73-21-40-53-88-90-49-46-8-84-96-26-74-56-4-25-55-54-24-80-68-77|28-33-65-69-27-52-36-18-61-16-86-44-38-85-99-6-94-97-87-57-43-91-100-37-93-17-48-60-89-13-58|45-47-82-64-63-11-19-62-7-31-30-76-12-29-79-78-71-9-51-50-3-81-34-35-66-20-32-10-70-1
204,3,1196.3942,362.2011,88.0,892.0393,0,3,54.430764,54.491827,True,45-83-5-59-95-92-98-14-42-15-72-39-67-23-75-22-41-73-21-40-18-8-46-49-53-26-74-56-4-25-55-54-24-80-68-77|2-52-82-62-31-69-76-12-28-99-85-44-38-86-16-61-84-6-94-97-87-57-43-91-100-37-96-93-17-60-89-13-58|36-47-27-29-33-71-65-63-64-11-19-7-88-90-30-51-9-81-50-3-79-78-34-35-66-20-32-10-48-70-1
205,3,1196.847,316.1188,103.0,888.0989,0,3,54.566604,54.621799,True,95-59-92-98-14-42-15-2-72-39-67-23-75-22-41-73-21-40-49-8-84-96-53-26-43-74-56-4-25-55-54-24-80-68-77|52-27-28-12-29-76-69-31-62-82-18-99-85-44-16-61-86-38-57-87-97-94-6-46-17-91-100-37-93-60-48-89-13-58|5-83-45-36-47-33-71-65-63-64-11-19-7-88-90-30-51-9-81-50-3-79-78-34-35-66-20-32-10-70-1
206,3,1196.847,316.1188,103.0,888.0989,0,3,54.566604,54.621799,True,95-59-92-98-14-42-15-2-72-39-67-23-75-22-41-73-21-40-49-8-84-96-53-26-43-74-56-4-25-55-54-24-80-68-77|52-27-28-12-29-76-69-31-62-82-18-99-85-44-16-61-86-38-57-87-97-94-6-46-17-91-100-37-93-60-48-89-13-58|5-83-45-36-47-33-71-65-63-64-11-19-7-88-90-30-51-9-81-50-3-79-78-34-35-66-20-32-10-70-1
207,3,1196.9216,361.6738,87.0,892.0393,0,3,54.588978,54.650019,True,95-92-59-5-45-14-42-15-2-72-39-67-23-75-22-41-73-21-40-53-7-49-46-8-84-26-74-56-4-25-55-54-24-80-68-77|27-28-69-31-62-11-64-82-83-52-18-99-98-85-44-38-86-16-61-6-94-97-87-57-43-91-100-37-96-93-17-60-89-13-58|47-36-63-33-12-29-65-71-30-90-19-88-51-81-76-50-3-79-78-34-9-35-66-20-32-10-48-70-1
208,3,1197.2439,337.6857,82.0,913.4307,0,3,54.685682,54.745931,True,83-5-59-95-92-98-14-42-15-2-73-72-39-67-23-75-22-21-40-53-88-90-49-46-8-84-96-26-74-56-4-25-55-54-24-80-68-77|28-33-65-69-27-52-36-18-61-16-86-38-44-85-99-6-94-97-87-41-57-43-91-100-37-93-17-48-60-89-13-58|45-47-82-62-63-64-11-19-7-31-30-76-12-29-79-78-71-9-51-50-3-81-34-35-66-20-32-10-70-1
209,3,1197.3566,337.5731,82.0,913.4307,0,3,54.719481,54.779747,True,83-5-59-95-92-98-14-42-15-2-72-39-67-23-75-22-73-21-40-53-88-90-49-46-8-84-96-26-74-56-4-25-55-54-24-80-68-77|28-33-65-69-27-52-36-18-61-16-86-38-44-85-99-6-94-97-87-41-57-43-91-100-37-93-17-48-60-89-13-58|45-47-82-62-63-64-11-19-7-31-30-76-12-29-79-78-71-9-51-50-3-81-34-35-66-20-32-10-70-1
210,3,1198.7798,342.0075,69.0,874.2314,0,3,55.14646,55.200637,True,83-5-59-95-92-98-14-42-15-2-72-39-67-23-75-22-73-21-40-49-46-8-84-96-53-26-74-56-4-25-55-54-24-80-68-77|82-36-62-31-69-76-12-28-52-18-99-85-44-38-86-16-61-6-94-97-87-41-57-43-91-100-37-93-17-60-89-13-58|45-47-27-29-33-71-65-63-64-11-19-7-88-90-30-51-9-81-50-3-79-78-34-35-66-20-32-10-48-70-1
211,3,1198.7798,342.0075,69.0,874.2314,0,3,55.14646,55.200637,True,83-5-59-95-92-98-14-42-15-2-72-39-67-23-75-22-73-21-40-49-46-8-84-96-53-26-74-56-4-25-55-54-24-80-68-77|82-36-62-31-69-76-12-28-52-18-99-85-44-38-86-16-61-6-94-97-87-41-57-43-91-100-37-93-17-60-89-13-58|45-47-27-29-33-71-65-63-64-11-19-7-88-90-30-51-9-81-50-3-79-78-34-35-66-20-32-10-48-70-1
212,3,1199.3056,335.624,98.0,913.4307,0,3,55.304194,55.366352,True,83-5-59-95-92-42-98-14-15-2-72-39-67-23-75-22-73-21-40-53-88-90-49-46-8-84-96-26-74-56-4-25-55-54-24-80-68-77|28-33-65-69-27-52-36-82-18-61-16-86-38-44-85-99-6-94-97-87-41-57-43-91-100-37-93-17-48-60-89-13-58|45-47-64-63-11-19-62-7-31-30-76-12-29-79-78-71-9-51-50-3-81-34-35-66-20-32-10-70-1
213,3,1201.5615,333.3681,83.0,913.4307,0,3,55.980965,56.041961,True,83-5-59-95-92-14-42-15-2-72-39-67-23-75-73-21-57-38-87-40-53-26-56-22-41-74-4-25-55-54-24-80-68-77|28-12-29-76-69-31-62-52-18-99-98-85-44-86-16-61-84-46-49-6-94-96-97-43-91-100-37-93-17-48-60-89-13-58|45-36-47-82-27-33-71-65-63-64-11-19-8-7-88-30-90-51-9-81-78-79-3-50-34-35-66-20-32-10-70-1
214,3,1201.7427,339.0447,114.0,874.2314,0,3,56.035313,56.094435,True,95-92-59-5-98-14-42-15-2-73-72-39-67-23-75-22-21-40-49-46-8-84-96-53-26-74-56-4-25-55-54-24-80-68-77|83-45-82-36-62-31-69-76-12-28-27-52-18-99-85-44-38-86-16-61-6-94-97-87-41-57-43-91-100-37-93-17-60-89-13-58|47-33-29-71-65-63-64-90-11-19-7-88-30-51-9-81-3-50-79-78-34-35-66-20-32-10-48-70-1
215,3,1201.9382,324.7022,138.0,878.1635,0,3,56.093968,56.153987,True,83-45-5-59-95-92-14-42-15-2-72-39-67-23-75-22-41-73-21-40-53-94-6-18-8-46-49-10-26-74-56-4-25-55-54-24-80-68-77|33-31-63-11-62-82-52-69-76-12-28-99-98-44-38-86-16-61-84-85-96-87-57-43-91-100-37-97-13-58|27-29-65-64-36-47-19-7-88-90-30-71-9-51-3-79-78-34-81-20-32-66-35-50-1-70-48-17-93-60-89
216,3,1201.9382,324.7022,138.0,878.1635,0,3,56.093968,56.153987,True,83-45-5-59-95-92-14-42-15-2-72-39-67-23-75-22-41-73-21-40-53-94-6-18-8-46-49-10-26-74-56-4-25-55-54-24-80-68-77|33-31-63-11-62-82-52-69-76-12-28-99-98-44-38-86-16-61-84-85-96-87-57-43-91-100-37-97-13-58|27-29-65-64-36-47-19-7-88-90-30-71-9-51-3-79-78-34-81-20-32-66-35-50-1-70-48-17-93-60-89
217,3,1202.0667,312.4025,235.0,901.6514,0,3,56.132531,56.203967,True,27-95-59-92-98-14-42-15-2-72-39-67-23-75-22-41-73-21-40-53-76-3-79-81-9-51-20-50-26-74-56-4-25-55-54-24-80-68-77-70|28-33-65-29-12-69-30-31-52-18-99-85-44-38-86-16-61-84-6-94-97-87-57-43-46-17-91-100-37-93-96-60-48-89-13-58|5-83-45-36-47-82-88-62-11-63-71-90-64-49-19-8-7-10-78-34-35-66-32-1
218,3,1202.2614,356.3339,68.0,892.0393,0,3,56.190943,56.250886,True,45-5-59-95-92-98-14-42-15-2-72-39-67-23-75-22-41-73-21-40-8-46-49-53-26-74-56-4-25-55-54-24-80-68-77|83-82-11-62-31-69-76-12-52-18-99-85-44-38-86-61-16-84-6-94-97-87-57-43-91-100-37-96-93-17-60-89-13-58|36-47-27-28-29-33-71-65-63-64-19-7-88-90-30-51-9-81-50-3-79-78-34-35-66-20-32-10-48-70-1
219,3,1203.7855,331.1441,82.0,913.4307,0,3,56.648175,56.709405,True,83-5-59-95-92-98-14-42-15-2-72-39-67-23-75-22-73-21-40-53-88-90-49-46-8-84-96-26-74-56-4-25-55-54-24-80-68-77|28-33-65-69-27-52-36-18-61-16-86-38-44-85-99-6-94-97-87-41-57-43-91-100-37-93-17-48-60-89-13-58|45-47-82-63-64-11-19-62-7-31-30-76-12-29-79-78-71-9-51-50-3-81-34-35-66-20-32-10-70-1
220,3,1203.7855,331.1441,82.0,913.4307,0,3,56.648175,56.709405,True,83-5-59-95-92-98-14-42-15-2-72-39-67-23-75-22-73-21-40-53-88-90-49-46-8-84-96-26-74-56-4-25-55-54-24-80-68-77|28-33-65-69-27-52-36-18-61-16-86-38-44-85-99-6-94-97-87-41-57-43-91-100-37-93-17-48-60-89-13-58|45-47-82-63-64-11-19-62-7-31-30-76-12-29-79-78-71-9-51-50-3-81-34-35-66-20-32-10-70-1
221,3,1203.7879,331.1418,82.0,913.4307,0,3,56.648874,56.710104,True,83-5-59-95-92-98-14-42-15-2-72-39-67-23-75-22-73-21-40-53-88-90-49-46-8-84-96-26-74-56-4-25-55-54-24-80-68-77|28-33-65-69-27-52-36-18-61-16-86-38-44-85-99-6-94-97-87-41-57-43-91-100-37-93-17-48-60-89-13-58|45-47-82-64-63-11-19-62-7-31-30-76-12-29-79-78-71-9-51-50-3-81-34-35-66-20-32-10-70-1
222,3,1204.0429,318.9021,143.0,886.7499,0,3,56.725388,56.786957,True,5-83-45-82-11-62-31-52-69-76-12-28-85-16-86-38-44-61-99-94-97-87-57-56-55-4-74-43-91-100-37-93-96-13-58|36-47-27-29-33-71-65-63-64-19-7-88-90-30-51-9-81-78-79-3-50-26-54-68-34-35-66-20-32-10-70-1-77-80-24-25|95-59-92-98-14-42-15-2-73-72-39-67-23-75-22-41-21-40-53-6-18-84-8-46-49-48-17-60-89
223,3,1204.64,314.2943,140.0,913.4307,0,3,56.9045,56.969259,True,45-83-5-59-95-92-98-14-42-15-2-72-39-67-23-75-22-73-21-40-53-7-88-90-49-46-8-84-96-26-74-56-4-25-55-54-24-80-68-77|28-33-65-69-27-52-36-82-18-61-16-86-38-44-85-99-6-94-97-87-41-57-43-91-100-37-93-17-48-60-89-13-58|31-62-47-19-11-64-63-30-76-12-29-79-81-9-71-34-78-51-66-20-10-32-35-3-50-1-70
224,3,1205.3071,353.2882,32.0,892.0393,0,3,57.104645,57.161444,True,45-59-95-92-98-14-42-15-2-21-72-39-67-23-75-22-41-73-40-53-6-18-8-46-49-26-74-56-4-25-55-54-24-80-68-77|83-27-28-12-76-33-69-31-7-52-85-44-38-86-16-61-84-99-94-97-87-57-43-91-100-37-96-93-17-60-89-13-58|5-36-47-82-29-71-65-63-64-11-19-62-88-90-30-51-9-81-50-3-79-78-34-35-66-20-32-10-48-70-1
225,3,1205.5535,326.5411,121.0,878.2149,0,3,57.178558,57.238246,True,83-5-59-95-92-98-14-42-15-2-73-72-39-67-23-75-22-41-21-40-53-88-90-49-46-8-84-96-26-4-74-56-25-55-54-24-80-68-77-58|28-33-65-69-27-52-36-82-18-61-16-86-38-44-85-99-87-57-37-97-94-6-13-43-100-91-93-17-48-60-89|45-47-64-63-11-19-62-7-31-30-76-12-29-79-78-71-9-51-50-3-81-34-35-66-20-32-10-70-1
226,3,1205.5535,326.5411,121.0,878.2149,0,3,57.178558,57.238246,True,83-5-59-95-92-98-14-42-15-2-73-72-39-67-23-75-22-41-21-40-53-88-90-49-46-8-84-96-26-4-74-56-25-55-54-24-80-68-77-58|28-33-65-69-27-52-36-82-18-61-16-86-38-44-85-99-87-57-37-97-94-6-13-43-100-91-93-17-48-60-89|45-47-64-63-11-19-62-7-31-30-76-12-29-79-78-71-9-51-50-3-81-34-35-66-20-32-10-70-1
227,3,1205.7054,376.2823,87.0,872.8573,0,3,57.224135,57.287125,True,83-5-59-95-92-98-14-42-15-2-72-39-67-23-75-22-41-73-21-40-53-8-46-49-50-26-74-56-4-25-55-54-24-80-68-77|82-11-62-31-69-76-29-12-28-18-85-44-38-86-16-61-84-99-6-94-97-87-57-43-91-100-37-96-93-60-89-13-58|45-36-47-52-27-33-71-65-63-64-19-7-88-90-30-51-9-81-3-79-78-34-35-66-20-32-10-48-17-70-1
228,3,1205.7054,376.2823,87.0,872.8573,0,3,57.224135,57.287125,True,83-5-59-95-92-98-14-42-15-2-72-39-67-23-75-22-41-73-21-40-53-8-46-49-50-26-74-56-4-25-55-54-24-80-68-77|82-11-62-31-69-76-29-12-28-18-85-44-38-86-16-61-84-99-6-94-97-87-57-43-91-100-37-96-93-60-89-13-58|45-36-47-52-27-33-71-65-63-64-19-7-88-90-30-51-9-81-3-79-78-34-35-66-20-32-10-48-17-70-1
229,3,1205.7667,329.163,82.0,913.4307,0,3,57.242516,57.304043,True,83-5-59-95-92-98-14-42-15-2-72-39-67-23-75-22-73-21-40-53-88-90-49-46-8-84-96-26-74-56-4-25-55-54-24-80-68-77|28-33-65-69-27-52-36-18-61-16-86-38-44-85-99-6-94-97-87-41-57-43-91-100-37-93-17-48-60-89-13-58|45-47-82-64-63-11-19-62-7-31-30-76-12-29-79-78-71-9-81-51-50-3-34-35-66-20-32-10-70-1
230,3,1206.395,341.9085,76.0,892.0393,0,3,57.431019,57.490838,True,29-12-76-28-27-52-83-7-85-44-38-86-16-61-84-99-6-94-97-87-57-74-56-43-91-100-37-96-93-17-60-89-13-58|59-5-45-36-47-82-63-65-71-33-69-31-62-19-11-64-30-88-51-9-81-3-79-78-34-35-66-20-32-10-48-70-1|95-92-98-14-42-15-2-72-39-67-23-75-22-41-73-21-40-53-18-8-46-49-90-50-68-26-4-25-55-54-24-80-77
231,3,1206.5633,333.5249,170.0,862.9583,0,3,57.481493,57.545142,True,36-45-5-95-92-14-42-15-2-72-39-67-23-75-22-41-73-21-40-53-51-9-81-34-78-79-3-50-26-74-56-4-25-55-54-24-80-68-77-1|27-62-28-12-29-76-69-31-52-18-99-98-85-44-38-86-16-61-84-6-94-97-87-57-43-91-100-37-93-96-13-58|59-83-47-63-65-71-33-30-88-82-19-11-90-64-49-7-8-46-10-32-66-35-20-70-48-17-60-89
232,3,1207.0225,309.9307,250.0,901.6514,0,3,57.619274,57.693326,True,45-5-59-95-92-98-14-42-15-2-72-39-67-23-75-22-41-73-21-40-53-88-7-8-46-49-10-50-26-74-56-4-25-55-54-24-80-68-77|33-83-82-62-11-63-31-69-76-12-28-52-18-99-85-16-44-38-86-61-84-6-94-97-87-57-43-17-91-100-37-93-96-60-48-89-13-58|27-47-36-19-64-65-71-9-29-79-30-90-51-81-3-78-34-35-66-20-32-70-1
233,4,1207.4569,1001.6007,284.0,844.0081,0,4,97.446405,97.619391,True,36-59-95-92-98-14-42-15-2-72-39-67-23-75-22-41-73-21-40-85-53-26-74-56-4-25-55-54-24-80-68-77|28-12-76-69-31-83-18-52-99-44-38-86-16-61-84-6-94-97-87-57-43-96-60-17-91-100-37-93-13-58|27-29-33-71-65-63-30-90-19-64-49-51-9-81-50-3-79-78-34-35-66-20-32-10-70-1|5-45-82-88-62-11-47-46-7-8-48-89
234,3,1209.8189,313.8102,57.0,902.1302,0,3,58.458181,58.514425,True,83-5-59-95-92-14-42-15-2-72-39-67-23-75-73-21-40-86-53-26-41-22-74-56-4-25-55-54-24-80-68-77|62-63-31-69-76-12-28-52-18-99-98-85-44-38-16-61-84-46-8-6-94-87-57-43-97-96-37-91-100-93-17-48-60-89-13-58|45-36-47-82-27-29-33-71-65-30-88-7-19-11-64-49-90-51-81-9-78-79-3-50-34-35-66-20-32-10-70-1
235,3,1210.5736,306.4446,234.0,917.0851,0,3,58.684591,58.7599,True,95-59-92-98-14-42-15-2-72-39-67-23-75-22-41-73-21-40-53-76-3-79-81-9-51-20-50-26-74-56-4-25-55-54-24-80-68-77-35-70|33-65-29-12-28-27-69-30-31-52-18-99-85-44-38-86-16-61-84-6-94-97-87-57-43-17-91-100-37-93-96-60-48-89-13-58|5-83-45-36-47-82-88-62-11-63-71-90-64-49-19-7-46-8-78-34-66-32-10-1
236,3,1210.6153,329.4729,152.0,862.9583,0,3,58.697112,58.759569,True,36-59-95-92-98-14-42-15-2-72-39-67-23-75-22-41-73-21-40-53-51-9-81-34-78-79-3-50-26-74-56-4-25-55-54-24-80-68-77-1|27-62-28-12-29-76-69-31-52-18-61-84-44-38-86-16-85-99-6-94-97-87-57-43-91-100-37-93-96-13-58|5-83-45-47-63-65-71-33-30-88-82-19-11-90-64-49-7-8-46-10-32-66-35-20-70-48-17-60-89
237,3,1210.7174,329.3708,152.0,862.9583,0,3,58.727721,58.790193,True,36-59-95-92-98-14-42-15-2-73-72-39-67-23-75-22-41-21-40-53-51-9-81-34-78-79-3-50-26-74-56-4-25-55-54-24-80-68-77-1|27-62-28-12-29-76-69-31-52-18-61-84-44-38-86-16-85-99-6-94-97-87-57-43-91-100-37-93-96-13-58|5-83-45-47-63-65-71-33-30-88-82-19-11-90-64-49-7-8-46-10-32-66-35-20-70-48-17-60-89
238,4,1212.3532,1015.9601,117.0,835.4004,0,4,99.600311,99.758929,True,83-45-5-14-42-15-2-21-72-39-29-69-52-88-81-3-79-78-9-10-90-32-20-66-35-34-24-80-77|28-31-82-47-36-64-63-65-71-51-30-62-11-49-19-7-18-8-46-84-53-26-50-1-70-48-89|27-33-76-12-40-73-75-67-23-22-41-43-57-74-56-4-25-55-54-68|95-92-59-99-98-85-61-16-86-38-44-87-94-6-96-60-17-91-100-37-97-93-13-58
239,3,1213.4541,327.3333,69.0,874.2314,0,3,59.548728,59.605107,True,83-5-59-95-92-98-14-42-15-2-72-39-67-23-75-22-73-21-40-53-49-46-8-84-96-26-74-56-4-25-55-54-24-80-68-77|82-36-62-31-69-76-12-28-52-18-61-16-86-44-38-85-99-6-94-97-87-41-57-43-91-100-37-93-17-60-89-13-58|45-47-27-29-33-71-65-63-64-11-19-7-88-90-30-51-3-50-79-78-34-81-9-35-66-20-32-10-48-70-1
240,3,1213.4541,327.3333,69.0,874.2314,0,3,59.548728,59.605107,True,83-5-59-95-92-98-14-42-15-2-72-39-67-23-75-22-73-21-40-53-49-46-8-84-96-26-74-56-4-25-55-54-24-80-68-77|82-36-62-31-69-76-12-28-52-18-61-16-86-44-38-85-99-6-94-97-87-41-57-43-91-100-37-93-17-60-89-13-58|45-47-27-29-33-71-65-63-64-11-19-7-88-90-30-51-3-50-79-78-34-81-9-35-66-20-32-10-48-70-1
241,3,1213.6173,307.8032,111.0,876.5223,0,3,59.597701,59.655743,True,83-5-59-92-14-42-15-2-21-72-73-39-67-23-75-22-41-57-40-53-49-46-8-84-96-26-74-56-4-25-55-54-24-80-68-77-58|95-82-36-62-31-69-76-12-28-52-18-99-98-85-44-38-86-16-61-6-94-87-13-97-43-91-100-37-93-17-48-60-89|45-47-27-29-33-71-65-63-64-11-19-7-88-90-30-51-9-81-50-3-79-78-34-35-66-20-32-10-70-1
242,3,1213.6173,307.8032,111.0,876.5223,0,3,59.597701,59.655743,True,83-5-59-92-14-42-15-2-21-72-73-39-67-23-75-22-41-57-40-53-49-46-8-84-96-26-74-56-4-25-55-54-24-80-68-77-58|95-82-36-62-31-69-76-12-28-52-18-99-98-85-44-38-86-16-61-6-94-87-13-97-43-91-100-37-93-17-48-60-89|45-47-27-29-33-71-65-63-64-11-19-7-88-90-30-51-9-81-50-3-79-78-34-35-66-20-32-10-70-1
243,3,1213.876,305.1469,148.0,878.2149,0,3,59.675299,59.736974,True,83-5-59-95-92-98-14-42-15-2-72-39-67-23-75-22-73-21-40-53-88-90-49-46-8-84-94-96-26-74-56-4-25-55-54-24-80-68-77-58|45-36-47-82-63-64-11-19-62-7-31-30-76-12-29-79-78-71-9-51-34-81-3-50-20-35-66-32-10-70-1|28-33-65-69-27-52-18-6-99-85-44-16-61-86-38-87-43-41-57-13-97-37-100-91-93-17-48-60-89
244,3,1215.8641,325.6624,93.0,892.0393,0,3,60.271742,60.333665,True,45-5-59-95-92-98-14-42-15-2-72-39-67-23-75-22-41-73-21-40-53-8-46-49-26-74-56-4-25-55-54-24-80-68-77|83-82-11-62-31-69-76-12-28-52-18-99-85-44-38-86-16-61-84-6-94-97-87-57-43-91-100-37-96-93-17-60-89-13-58|36-47-27-29-33-71-65-63-64-19-7-88-90-30-51-9-81-50-3-79-78-34-66-35-20-32-10-48-70-1
245,3,1217.2334,323.554,93.0,874.2314,0,3,60.68253,60.741876,True,95-92-59-5-45-98-14-42-15-2-72-39-67-23-75-22-41-73-21-40-8-46-49-53-26-74-56-4-25-55-54-24-80-68-77|83-82-11-62-31-69-76-12-28-52-18-99-85-44-38-86-16-61-84-6-94-97-87-57-96-43-91-100-37-93-17-60-89-13-58|36-47-27-29-33-71-65-63-64-19-7-88-90-30-51-9-81-50-3-79-78-34-35-66-20-32-10-48-70-1
246,3,1217.3899,284.5781,253.0,917.0851,0,3,60.729496,60.805471,True,27-95-59-92-98-14-42-15-2-72-39-67-23-75-22-41-73-21-40-53-3-79-81-9-51-20-10-50-26-74-56-4-25-55-54-24-80-68-77-35-70|28-33-65-29-12-76-69-31-7-52-18-99-85-44-38-86-16-61-84-6-94-97-87-57-43-17-91-100-37-93-96-60-48-89-13-58|5-83-45-36-47-82-88-62-11-63-71-30-90-64-49-19-46-8-78-34-66-32-1
247,3,1217.3899,284.5781,253.0,917.0851,0,3,60.729496,60.805471,True,27-95-59-92-98-14-42-15-2-72-39-67-23-75-22-41-73-21-40-53-3-79-81-9-51-20-10-50-26-74-56-4-25-55-54-24-80-68-77-35-70|28-33-65-29-12-76-69-31-7-52-18-99-85-44-38-86-16-61-84-6-94-97-87-57-43-17-91-100-37-93-96-60-48-89-13-58|5-83-45-36-47-82-88-62-11-63-71-30-90-64-49-19-46-8-78-34-66-32-1
248,3,1217.9412,322.147,204.0,862.9583,0,3,60.894876,60.963633,True,36-5-59-95-92-98-14-42-15-2-72-39-67-23-75-21-22-41-73-40-53-50-51-9-81-79-78-34-3-26-74-56-4-25-55-54-24-80-68-77-1|27-62-28-12-29-76-69-31-52-18-61-84-44-38-86-16-85-99-6-94-97-87-57-43-91-100-37-93-96-13-58|83-45-47-63-65-71-33-30-88-82-11-90-64-49-19-7-8-46-10-32-66-35-20-70-48-17-60-89
249,3,1218.01,323.7709,198.0,862.9583,0,3,60.915509,60.983929,True,47-36-59-95-92-98-14-42-2-72-39-67-23-75-22-41-73-21-40-53-51-9-81-34-78-79-3-50-26-4-74-56-25-55-54-24-80-68-77-1|27-62-28-12-29-76-69-31-52-18-15-38-44-86-16-61-84-85-99-6-94-87-57-43-97-37-100-91-93-96-13-58|5-83-45-82-63-65-71-33-30-88-19-11-90-64-49-8-46-7-10-32-66-35-20-70-48-17-60-89
250,3,1218.464,322.5651,130.0,860.8668,0,3,61.051715,61.112977,True,45-83-5-59-95-92-98-14-42-15-2-72-39-67-23-75-22-41-73-21-40-53-88-7-46-49-10-26-74-56-4-25-55-54-24-80-68-77|69-31-11-63-33-76-12-28-52-18-99-85-44-38-86-16-61-84-8-6-94-87-97-57-43-91-100-37-93-96-60-89-13-58|27-29-65-64-36-47-82-19-62-90-30-71-9-51-3-79-78-34-81-20-32-66-35-50-1-70-48-17
251,3,1218.464,322.5651,130.0,860.8668,0,3,61.051715,61.112977,True,45-83-5-59-95-92-98-14-42-15-2-72-39-67-23-75-22-41-73-21-40-53-88-7-46-49-10-26-74-56-4-25-55-54-24-80-68-77|69-31-11-63-33-76-12-28-52-18-99-85-44-38-86-16-61-84-8-6-94-87-97-57-43-91-100-37-93-96-60-89-13-58|27-29-65-64-36-47-82-19-62-90-30-71-9-51-3-79-78-34-81-20-32-66-35-50-1-70-48-17
252,3,1219.6445,338.9508,58.0,892.0393,0,3,61.405865,61.467414,True,39-72-2-95-59-92-98-14-42-15-23-67-75-22-41-73-21-40-53-6-18-8-46-49-26-74-56-4-25-55-54-24-80-68-77|5-83-31-69-33-76-12-28-27-52-7-85-44-38-86-16-61-84-99-94-97-87-57-43-91-100-37-96-93-17-60-89-13-58|45-36-47-82-29-71-65-63-64-11-19-62-88-90-30-51-9-81-50-3-79-78-34-35-66-20-32-10-48-70-1
253,3,1219.6445,338.9508,58.0,892.0393,0,3,61.405865,61.467414,True,39-72-2-95-59-92-98-14-42-15-23-67-75-22-41-73-21-40-53-6-18-8-46-49-26-74-56-4-25-55-54-24-80-68-77|5-83-31-69-33-76-12-28-27-52-7-85-44-38-86-16-61-84-99-94-97-87-57-43-91-100-37-96-93-17-60-89-13-58|45-36-47-82-29-71-65-63-64-11-19-62-88-90-30-51-9-81-50-3-79-78-34-35-66-20-32-10-48-70-1
254,3,1220.016,308.4409,82.0,913.4307,0,3,61.517321,61.580014,True,83-5-59-95-92-98-14-42-15-2-72-39-67-23-75-22-21-73-40-53-88-90-49-46-8-84-96-26-74-56-4-55-25-54-24-68-80-77|28-33-65-69-27-52-36-18-61-16-86-38-44-85-99-6-94-97-87-41-57-43-91-100-37-93-17-48-60-89-13-58|45-47-82-64-63-11-19-62-7-31-30-76-12-29-79-78-71-81-9-51-50-3-34-35-66-20-32-10-70-1
255,3,1220.016,308.4409,82.0,913.4307,0,3,61.517321,61.580014,True,83-5-59-95-92-98-14-42-15-2-72-39-67-23-75-22-21-73-40-53-88-90-49-46-8-84-96-26-74-56-4-55-25-54-24-68-80-77|28-33-65-69-27-52-36-18-61-16-86-38-44-85-99-6-94-97-87-41-57-43-91-100-37-93-17-48-60-89-13-58|45-47-82-64-63-11-19-62-7-31-30-76-12-29-79-78-71-81-9-51-50-3-34-35-66-20-32-10-70-1
256,3,1221.2883,337.3067,28.0,881.4041,0,3,61.899001,61.956202,True,72-2-95-59-92-98-14-42-15-23-39-67-75-22-41-73-21-40-53-6-18-8-46-49-50-26-43-74-56-4-25-55-54-80-68-24-77|27-28-12-29-76-69-31-83-52-99-85-61-16-44-86-38-57-87-97-94-96-84-17-60-89-13-37-100-91-93-58|5-45-36-47-82-33-71-65-63-64-11-19-62-7-88-30-90-51-9-81-3-79-78-34-35-66-20-32-10-48-70-1
257,3,1221.2883,337.3067,28.0,881.4041,0,3,61.899001,61.956202,True,72-2-95-59-92-98-14-42-15-23-39-67-75-22-41-73-21-40-53-6-18-8-46-49-50-26-43-74-56-4-25-55-54-80-68-24-77|27-28-12-29-76-69-31-83-52-99-85-61-16-44-86-38-57-87-97-94-96-84-17-60-89-13-37-100-91-93-58|5-45-36-47-82-33-71-65-63-64-11-19-62-7-88-30-90-51-9-81-3-79-78-34-35-66-20-32-10-48-70-1
258,3,1221.3666,337.2287,42.0,892.0393,0,3,61.922501,61.982709,True,39-72-15-42-14-16-98-92-59-95-2-21-67-23-75-22-41-73-40-53-18-8-46-49-26-74-56-4-25-55-54-24-80-68-77|5-83-52-27-28-12-76-33-69-31-7-84-44-38-86-61-85-99-6-94-97-87-57-43-91-100-37-96-93-17-60-89-13-58|45-36-47-82-29-71-65-63-64-11-19-62-88-90-30-51-9-81-50-3-79-78-34-35-66-20-32-10-48-70-1
259,3,1221.6655,293.0536,241.0,901.6514,0,3,62.012156,62.087169,True,27-95-59-92-98-14-42-15-2-72-39-67-23-75-22-41-73-21-40-53-3-79-81-9-51-20-50-68-26-74-56-4-25-55-54-24-80-77-1-70|33-65-29-12-28-76-69-30-31-52-18-99-85-44-38-86-16-61-84-6-94-97-87-57-43-17-91-100-37-93-96-60-48-89-13-58|5-83-45-82-47-36-11-62-63-71-90-88-64-49-19-7-46-8-78-34-35-66-32-10
260,3,1221.6655,293.0536,241.0,901.6514,0,3,62.012156,62.087169,True,27-95-59-92-98-14-42-15-2-72-39-67-23-75-22-41-73-21-40-53-3-79-81-9-51-20-50-68-26-74-56-4-25-55-54-24-80-77-1-70|33-65-29-12-28-76-69-30-31-52-18-99-85-44-38-86-16-61-84-6-94-97-87-57-43-17-91-100-37-93-96-60-48-89-13-58|5-83-45-82-47-36-11-62-63-71-90-88-64-49-19-7-46-8-78-34-35-66-32-10
261,3,1221.8758,319.1534,169.0,860.8668,0,3,62.075238,62.140912,True,45-83-5-59-95-92-98-14-42-15-2-72-39-67-23-75-22-41-73-21-40-53-84-8-46-49-10-26-74-56-4-25-55-54-24-80-68-77|33-82-62-11-63-31-69-76-12-28-27-52-18-85-44-38-86-16-61-99-6-94-97-87-57-43-91-100-37-93-96-60-89-13-58|29-65-64-36-47-19-7-88-90-30-71-9-51-3-79-78-34-81-20-32-66-35-50-1-70-48-17
262,3,1222.576,318.4531,147.0,860.8668,0,3,62.285318,62.348896,True,45-5-59-95-92-98-14-42-15-2-72-39-67-23-75-22-41-73-21-40-53-6-8-46-49-90-10-26-74-56-4-25-55-54-24-80-68-77|33-83-82-62-11-63-31-69-76-12-28-52-18-85-44-38-86-16-61-84-99-94-97-87-57-43-91-100-37-93-96-60-89-13-58|27-29-65-64-36-47-19-7-88-30-51-71-34-78-79-3-81-9-20-32-66-35-50-1-70-48-17
263,3,1223.5863,317.201,95.0,874.2314,0,3,62.588404,62.648903,True,95-92-59-5-45-98-14-42-15-2-72-39-67-23-75-22-41-21-73-40-8-46-49-53-96-26-74-56-4-25-55-54-24-80-68-77|83-82-11-62-31-69-76-12-28-52-18-99-85-44-38-86-16-61-84-6-94-97-87-57-43-91-100-37-93-17-60-89-13-58|36-47-27-29-33-71-65-63-64-19-7-88-90-30-51-9-81-50-3-79-78-34-35-66-20-32-10-48-70-1
264,3,1223.6784,317.8481,93.0,892.0393,0,3,62.616037,62.679131,True,95-92-59-5-45-98-14-42-15-2-72-39-67-23-75-22-41-21-73-40-8-46-49-53-26-74-56-4-25-55-54-24-80-68-77|83-82-11-62-31-69-76-12-28-52-18-99-85-44-38-86-16-61-84-6-94-97-87-57-43-91-100-37-96-93-17-60-89-13-58|36-47-27-29-33-71-65-63-64-19-7-88-90-30-51-9-81-50-3-79-78-34-66-35-20-32-10-48-70-1
265,3,1223.757,299.872,116.0,902.1302,0,3,62.639622,62.703857,True,83-5-59-95-92-98-14-42-15-2-73-72-39-67-23-75-22-21-40-7-49-46-8-84-53-96-26-74-56-4-25-55-54-24-80-68-77|52-82-36-62-31-69-76-12-28-99-85-44-38-86-16-61-18-6-94-97-87-41-57-43-37-91-100-93-17-48-60-89-13-58|45-47-27-29-33-71-65-63-64-11-19-88-90-30-51-9-81-50-3-79-78-34-35-66-20-32-10-70-1
266,3,1224.4366,334.1587,45.0,892.0393,0,3,62.843485,62.904453,True,39-72-2-95-59-92-98-16-14-42-15-21-67-23-75-22-41-73-40-53-6-18-8-46-49-26-74-56-4-25-55-54-24-80-68-77|5-83-52-27-28-12-76-33-69-31-7-84-44-38-86-61-85-99-94-97-87-57-43-91-100-37-96-93-17-60-89-13-58|45-36-47-82-29-71-65-63-64-11-19-62-88-90-30-51-9-81-50-3-79-78-34-35-66-20-32-10-48-70-1
267,3,1224.7038,277.343,266.0,917.0851,0,3,62.923646,63.00203,True,95-59-92-98-14-42-15-2-72-39-67-23-75-22-41-73-21-40-53-76-3-79-81-9-51-20-10-50-26-74-56-4-25-55-54-24-80-68-77-35-70|33-65-29-12-28-27-69-30-31-52-18-99-85-44-38-86-16-61-84-6-94-97-87-57-43-17-91-100-37-93-96-60-48-89-13-58|5-83-45-36-47-82-88-62-11-63-71-90-64-49-19-7-46-8-78-34-66-32-1
268,3,1225.1958,307.383,142.0,846.4173,0,3,63.071238,63.131274,True,45-5-59-95-92-98-14-42-15-2-72-39-67-23-75-22-41-73-21-40-53-6-84-8-46-49-10-26-74-56-4-25-55-54-24-80-68-77|33-83-82-62-11-63-31-69-76-12-28-52-18-99-85-44-38-86-16-61-94-97-87-57-43-91-100-37-93-96-89-13-58|27-29-65-64-36-47-19-7-88-90-30-71-9-51-81-3-79-78-34-20-32-66-35-50-1-70-48-17-60
269,3,1225.1958,307.383,142.0,846.4173,0,3,63.071238,63.131274,True,45-5-59-95-92-98-14-42-15-2-72-39-67-23-75-22-41-73-21-40-53-6-84-8-46-49-10-26-74-56-4-25-55-54-24-80-68-77|33-83-82-62-11-63-31-69-76-12-28-52-18-99-85-44-38-86-16-61-94-97-87-57-43-91-100-37-93-96-89-13-58|27-29-65-64-36-47-19-7-88-90-30-71-9-51-81-3-79-78-34-20-32-66-35-50-1-70-48-17-60
270,3,1225.3761,314.7121,134.0,862.9583,0,3,63.125335,63.188206,True,36-83-59-92-98-14-42-15-2-72-39-67-23-75-22-41-73-21-40-53-51-9-81-34-78-79-3-50-26-74-56-4-25-55-54-24-80-68-77-1|27-62-28-12-29-76-69-31-52-18-61-84-44-38-86-16-85-99-6-94-97-87-57-43-91-100-37-93-96-13-58|5-95-45-47-63-65-71-33-30-88-82-19-11-90-64-49-7-8-46-10-32-66-35-20-70-48-17-60-89
271,3,1225.864,309.0656,73.0,913.4307,0,3,63.271717,63.335358,True,72-2-95-59-92-98-14-42-15-23-39-67-75-22-73-40-53-6-18-7-8-46-49-90-50-26-74-56-4-25-55-54-24-80-68-77|28-69-5-83-52-27-12-29-21-85-44-38-86-16-61-84-99-94-97-87-41-57-43-96-91-100-37-93-17-48-60-89-13-58|45-36-47-82-31-33-71-65-63-64-11-19-62-88-30-51-81-76-3-79-78-34-9-35-66-20-32-10-70-1
272,3,1226.8721,319.4131,66.0,862.9583,0,3,63.574149,63.631375,True,83-5-59-95-92-98-14-42-15-2-72-39-67-23-75-22-73-21-40-53-18-88-51-50-26-74-56-4-25-55-54-24-80-68-77-1|27-31-52-47-11-76-12-28-99-85-44-38-86-16-61-84-46-8-6-94-97-87-41-57-43-91-100-37-93-96-13-58|63-36-45-82-62-69-33-29-65-71-30-90-64-49-19-7-9-81-3-79-78-34-35-66-20-32-10-70-48-17-60-89
273,3,1226.8721,319.4131,66.0,862.9583,0,3,63.574149,63.631375,True,83-5-59-95-92-98-14-42-15-2-72-39-67-23-75-22-73-21-40-53-18-88-51-50-26-74-56-4-25-55-54-24-80-68-77-1|27-31-52-47-11-76-12-28-99-85-44-38-86-16-61-84-46-8-6-94-97-87-41-57-43-91-100-37-93-96-13-58|63-36-45-82-62-69-33-29-65-71-30-90-64-49-19-7-9-81-3-79-78-34-35-66-20-32-10-70-48-17-60-89
274,3,1227.1071,301.6255,111.0,913.4307,0,3,63.644652,63.711351,True,83-5-59-95-92-98-14-42-15-2-72-39-67-23-75-22-73-21-40-49-46-8-84-96-53-26-74-56-4-25-55-54-24-80-68-77|82-36-62-31-69-76-12-28-52-18-99-85-44-38-86-16-61-6-94-97-87-41-57-43-91-100-37-93-17-48-60-89-13-58|45-47-27-29-33-71-65-63-64-11-19-7-88-90-30-51-9-81-50-3-78-79-34-66-35-20-32-10-70-1
275,3,1227.1338,281.3614,142.0,925.5047,0,3,63.652659,63.721237,True,5-52-83-45-36-47-62-31-69-76-12-98-85-61-44-16-86-38-99-94-87-57-41-74-43-97-37-100-91-17-48-60-93-13-58-89|27-28-29-33-71-65-63-64-11-82-88-90-30-51-9-81-78-79-3-50-68-34-35-66-20-32-10-70-1-55-25-24-80-77|59-95-92-14-42-15-2-75-23-39-67-72-73-21-40-53-6-18-7-19-49-46-8-84-96-22-56-4-54-26
276,3,1227.1338,281.3614,142.0,925.5047,0,3,63.652659,63.721237,True,5-52-83-45-36-47-62-31-69-76-12-98-85-61-44-16-86-38-99-94-87-57-41-74-43-97-37-100-91-17-48-60-93-13-58-89|27-28-29-33-71-65-63-64-11-82-88-90-30-51-9-81-78-79-3-50-68-34-35-66-20-32-10-70-1-55-25-24-80-77|59-95-92-14-42-15-2-75-23-39-67-72-73-21-40-53-6-18-7-19-49-46-8-84-96-22-56-4-54-26
277,3,1227.3981,300.6947,229.0,901.6514,0,3,63.731928,63.808608,True,95-59-92-98-14-42-15-2-72-39-67-23-75-22-41-73-21-40-53-76-3-79-81-9-51-20-50-26-43-74-56-4-25-55-54-24-80-68-77|27-28-33-65-71-29-12-69-31-52-18-99-85-44-86-16-61-57-87-97-94-6-84-49-46-17-91-100-37-93-96-60-48-89-13-58|5-83-45-36-47-82-88-62-11-63-30-90-64-19-7-8-38-78-34-35-66-32-10-70-1
278,3,1227.7705,316.7086,93.0,892.0393,0,3,63.843671,63.907823,True,45-5-59-95-92-98-14-42-15-2-72-39-67-23-75-22-41-73-21-40-53-8-46-49-26-74-56-24-4-25-55-54-80-68-77|83-82-11-62-31-69-76-12-28-52-18-99-85-44-16-38-86-61-84-6-94-97-87-57-43-91-100-37-96-93-17-60-89-13-58|36-47-27-29-33-71-65-63-64-19-7-88-90-30-51-9-81-50-3-79-78-34-35-66-20-32-10-48-70-1
279,3,1228.6135,306.3162,98.0,913.4307,0,3,64.09655,64.163104,True,5-59-95-83-92-98-14-42-15-2-72-39-67-23-75-22-73-21-40-53-88-90-49-46-8-84-96-26-74-56-4-25-55-54-24-80-68-77|28-33-65-69-27-52-36-82-18-61-16-86-38-44-85-99-6-94-87-41-97-57-43-91-100-37-93-17-48-60-89-13-58|45-47-64-63-11-19-62-7-31-30-76-12-29-79-78-71-9-51-50-3-81-34-35-66-20-32-10-70-1
280,3,1230.8407,304.1868,97.0,931.807,0,3,64.76473,64.834289,True,83-45-82-11-62-31-69-76-12-28-52-99-98-85-61-16-86-44-38-97-87-43-57-74-56-55-4-58|36-47-27-29-33-71-65-63-64-19-7-88-90-30-51-9-81-78-79-3-50-26-54-68-34-35-66-20-32-10-48-70-1-77-80-24-25|5-59-95-92-14-42-15-2-72-67-39-23-75-22-41-73-21-40-53-94-6-18-49-46-8-84-17-60-96-37-100-91-93-13-89
281,3,1231.2109,348.4418,8.0,892.0393,0,3,64.875786,64.937229,True,45-59-95-92-98-14-42-15-2-21-72-39-67-23-75-22-41-73-40-53-6-18-8-46-49-10-1-26-74-56-4-25-55-54-24-80-77|52-27-28-12-33-69-31-88-83-7-85-44-38-86-16-61-84-99-94-97-87-57-43-91-100-37-96-93-17-60-89-13-58|5-36-47-82-29-71-65-63-64-11-19-62-90-30-51-76-3-79-78-9-81-50-68-34-35-66-20-32-70-48
282,3,1231.2109,348.4418,8.0,892.0393,0,3,64.875786,64.937229,True,45-59-95-92-98-14-42-15-2-21-72-39-67-23-75-22-41-73-40-53-6-18-8-46-49-10-1-26-74-56-4-25-55-54-24-80-77|52-27-28-12-33-69-31-88-83-7-85-44-38-86-16-61-84-99-94-97-87-57-43-91-100-37-96-93-17-60-89-13-58|5-36-47-82-29-71-65-63-64-11-19-62-90-30-51-76-3-79-78-9-81-50-68-34-35-66-20-32-70-48
283,3,1231.5792,265.0135,131.0,931.807,0,3,64.986274,65.053579,True,5-83-45-82-11-62-31-69-76-12-28-52-6-99-61-44-16-86-38-85-97-87-57-56-55-4-74-43-91-100-37-93-96-13-58|36-47-27-29-33-71-65-63-64-19-7-88-90-30-51-9-81-78-79-3-50-26-54-68-34-35-66-20-32-10-48-70-1-77-80-24-25|95-59-92-98-14-42-15-2-72-23-39-67-75-22-41-73-21-40-53-94-18-49-46-8-84-17-60-89
284,3,1231.5792,265.0135,131.0,931.807,0,3,64.986274,65.053579,True,5-83-45-82-11-62-31-69-76-12-28-52-6-99-61-44-16-86-38-85-97-87-57-56-55-4-74-43-91-100-37-93-96-13-58|36-47-27-29-33-71-65-63-64-19-7-88-90-30-51-9-81-78-79-3-50-26-54-68-34-35-66-20-32-10-48-70-1-77-80-24-25|95-59-92-98-14-42-15-2-72-23-39-67-75-22-41-73-21-40-53-94-18-49-46-8-84-17-60-89
285,3,1232.7134,305.5203,94.0,913.4307,0,3,65.326525,65.39379,True,83-5-59-95-92-98-14-42-15-2-72-39-67-23-75-22-73-21-40-49-46-8-84-96-53-26-74-56-4-25-55-54-24-80-68-77|82-36-62-69-76-12-28-27-52-18-99-85-44-38-86-16-61-6-94-97-87-41-57-43-91-100-37-93-17-48-60-89-13-58|45-47-31-33-29-71-65-63-64-11-19-7-88-90-30-51-34-78-79-3-81-9-66-20-35-50-32-10-70-1
286,3,1232.969,302.073,205.0,892.0393,0,3,65.403211,65.477926,True,45-5-59-95-92-98-14-42-15-2-72-39-67-23-75-22-41-73-21-40-53-8-46-49-10-66-20-26-74-56-4-25-55-54-24-80-68-77|33-83-82-62-11-63-31-69-76-12-28-52-18-99-85-44-38-86-16-61-84-6-94-97-87-57-43-91-100-37-96-93-17-60-89-13-58|27-29-65-64-36-47-19-7-88-90-30-71-9-51-81-50-3-79-78-34-35-32-48-70-1
287,3,1233.5941,301.3355,111.0,913.4307,0,3,65.59075,65.659351,True,83-5-59-95-92-98-14-42-15-2-72-39-67-23-75-22-73-21-40-49-46-8-84-53-96-26-74-56-4-25-55-54-24-80-68-77|82-36-62-31-69-76-12-28-52-18-99-85-44-38-86-16-61-6-94-97-87-41-57-43-91-100-37-93-17-48-60-89-13-58|45-47-27-29-33-71-65-63-64-11-19-7-88-90-30-51-9-81-50-3-78-79-34-35-66-20-32-10-70-1
288,3,1233.9243,302.257,151.0,892.0393,0,3,65.689806,65.759436,True,45-5-59-95-92-98-14-42-15-2-72-39-67-23-75-22-41-73-21-40-8-46-49-10-53-26-74-56-4-25-55-54-24-80-68-77|33-83-82-62-11-63-31-69-76-12-28-52-18-99-85-44-38-86-16-61-84-6-94-97-87-57-43-91-100-37-96-93-17-60-89-13-58|27-29-65-64-36-47-19-7-88-90-30-71-9-51-3-79-78-34-81-20-32-66-35-50-1-70-48
289,3,1234.0772,275.8561,126.0,856.4449,0,3,65.735678,65.793555,True,45-83-5-59-95-92-98-14-42-15-2-72-39-67-23-75-22-41-73-21-57-40-53-18-8-46-49-10-26-74-56-4-25-55-54-24-80-68-77|63-27-33-29-65-64-36-47-19-7-88-90-30-71-9-51-3-79-78-34-81-20-32-66-35-50-1-70-48-17-60-89|52-82-11-62-31-69-76-12-28-87-85-44-38-86-16-61-84-99-96-6-94-97-43-91-100-37-93-13-58
290,3,1234.0772,275.8561,126.0,856.4449,0,3,65.735678,65.793555,True,45-83-5-59-95-92-98-14-42-15-2-72-39-67-23-75-22-41-73-21-57-40-53-18-8-46-49-10-26-74-56-4-25-55-54-24-80-68-77|63-27-33-29-65-64-36-47-19-7-88-90-30-71-9-51-3-79-78-34-81-20-32-66-35-50-1-70-48-17-60-89|52-82-11-62-31-69-76-12-28-87-85-44-38-86-16-61-84-99-96-6-94-97-43-91-100-37-93-13-58
291,3,1235.5515,297.2992,71.0,911.3518,0,3,66.177968,66.242239,True,95-92-59-5-98-14-42-15-2-72-39-67-23-75-22-73-21-40-53-7-88-90-49-8-6-26-74-56-4-25-55-54-24-80-68-77|28-33-65-69-27-52-45-36-18-61-16-44-38-86-84-85-99-94-97-87-41-57-43-96-46-17-91-100-37-93-60-48-89-13-58|83-82-47-64-63-11-19-62-31-30-76-12-29-79-78-9-71-51-50-3-81-34-35-66-20-32-10-70-1
292,3,1235.5515,297.2992,71.0,911.3518,0,3,66.177968,66.242239,True,95-92-59-5-98-14-42-15-2-72-39-67-23-75-22-73-21-40-53-7-88-90-49-8-6-26-74-56-4-25-55-54-24-80-68-77|28-33-65-69-27-52-45-36-18-61-16-44-38-86-84-85-99-94-97-87-41-57-43-96-46-17-91-100-37-93-60-48-89-13-58|83-82-47-64-63-11-19-62-31-30-76-12-29-79-78-9-71-51-50-3-81-34-35-66-20-32-10-70-1
293,3,1236.8357,309.5309,75.0,897.5413,0,3,66.563225,66.628044,True,95-92-59-5-83-45-14-42-15-2-72-39-67-23-75-73-21-40-53-87-38-57-41-22-74-56-4-26-54-55-25-24-80-68-77|28-12-29-76-69-31-62-52-18-99-98-85-44-86-16-61-84-8-96-97-94-6-49-46-17-91-93-37-43-100-60-89-13-58|47-36-82-27-33-71-65-63-64-11-19-7-88-30-51-9-81-34-78-79-3-90-10-32-66-35-20-50-1-70-48
294,3,1237.4813,249.5964,274.0,925.2015,0,3,66.756893,66.836965,True,5-83-45-82-11-62-31-69-76-12-28-52-18-99-85-44-38-86-16-61-84-6-94-87-57-26-54-55-4-56-74-43-91-100-37-96-93-17-60-89-13-58|36-47-27-29-33-71-65-63-64-19-7-88-90-30-51-9-81-78-79-3-50-68-34-35-66-20-32-10-48-70-1-77-80-24-25|95-59-92-98-14-42-15-2-72-39-67-23-75-22-41-73-21-40-53-97-8-46-49
295,3,1237.4813,249.5964,274.0,925.2015,0,3,66.756893,66.836965,True,5-83-45-82-11-62-31-69-76-12-28-52-18-99-85-44-38-86-16-61-84-6-94-87-57-26-54-55-4-56-74-43-91-100-37-96-93-17-60-89-13-58|36-47-27-29-33-71-65-63-64-19-7-88-90-30-51-9-81-78-79-3-50-68-34-35-66-20-32-10-48-70-1-77-80-24-25|95-59-92-98-14-42-15-2-72-39-67-23-75-22-41-73-21-40-53-97-8-46-49
296,3,1237.8432,326.6792,63.0,892.0393,0,3,66.865464,66.931133,True,39-72-2-95-59-92-98-44-14-38-42-15-21-75-67-23-41-22-73-40-53-18-8-46-49-26-74-56-4-25-55-54-24-80-68-77|83-27-28-12-76-69-31-47-82-7-52-6-84-86-16-61-85-99-94-97-87-57-43-91-100-37-96-93-17-60-89-13-58|5-45-36-33-29-71-65-63-64-11-19-62-88-90-30-51-9-81-50-3-79-78-34-35-66-20-32-10-48-70-1
297,3,1238.6022,320.4745,31.0,892.0393,0,3,67.093161,67.154926,True,39-72-2-95-92-59-83-45-98-14-42-15-21-67-23-75-22-41-73-40-53-6-8-46-49-26-74-56-4-25-55-54-24-80-68-77|69-31-33-76-12-28-27-52-7-18-85-44-38-86-16-61-84-99-94-97-87-57-43-91-100-37-96-93-17-60-89-13-58|5-36-47-82-29-71-65-63-64-11-19-62-88-90-30-51-9-81-50-3-79-78-34-35-66-20-32-10-48-70-1
298,3,1238.6022,320.4745,31.0,892.0393,0,3,67.093161,67.154926,True,39-72-2-95-92-59-83-45-98-14-42-15-21-67-23-75-22-41-73-40-53-6-8-46-49-26-74-56-4-25-55-54-24-80-68-77|69-31-33-76-12-28-27-52-7-18-85-44-38-86-16-61-84-99-94-97-87-57-43-91-100-37-96-93-17-60-89-13-58|5-36-47-82-29-71-65-63-64-11-19-62-88-90-30-51-9-81-50-3-79-78-34-35-66-20-32-10-48-70-1
299,3,1239.7111,262.3357,237.0,917.0851,0,3,67.425837,67.503572,True,95-59-92-98-14-42-15-2-72-39-67-23-75-22-41-73-21-40-53-3-79-81-9-51-20-10-50-26-74-56-4-25-55-54-24-80-68-77-35-70|33-65-29-12-28-76-69-30-31-52-18-99-85-44-38-86-16-61-84-6-94-97-87-57-43-17-91-100-37-93-96-60-48-89-13-58|27-5-83-45-36-47-82-88-62-11-63-71-90-64-49-19-7-46-8-78-34-66-32-1
300,3,1239.7111,262.3357,237.0,917.0851,0,3,67.425837,67.503572,True,95-59-92-98-14-42-15-2-72-39-67-23-75-22-41-73-21-40-53-3-79-81-9-51-20-10-50-26-74-56-4-25-55-54-24-80-68-77-35-70|33-65-29-12-28-76-69-30-31-52-18-99-85-44-38-86-16-61-84-6-94-97-87-57-43-17-91-100-37-93-96-60-48-89-13-58|27-5-83-45-36-47-82-88-62-11-63-71-90-64-49-19-7-46-8-78-34-66-32-1
301,3,1239.9552,318.6401,38.0,892.0393,0,3,67.499065,67.561661,True,39-72-2-95-59-92-98-14-42-15-21-67-23-75-22-41-73-40-53-6-18-8-46-49-26-74-56-4-25-55-54-24-80-68-77|83-45-31-69-33-76-12-28-27-52-7-85-44-38-86-16-61-84-99-94-97-87-57-43-91-100-37-96-93-17-60-89-13-58|5-36-47-82-29-71-65-63-64-11-19-62-88-90-30-51-9-81-50-3-79-78-34-35-66-20-32-10-48-70-1
302,3,1240.7685,318.6814,43.0,880.6413,0,3,67.743052,67.804689,True,39-72-2-95-92-59-83-45-98-14-42-15-21-67-23-75-22-41-73-40-53-6-18-8-46-49-26-74-56-4-25-55-54-24-80-68-77|5-36-47-82-29-71-65-63-64-11-19-62-88-90-30-51-9-81-50-3-79-78-34-35-66-20-32-10-48-70-1|27-28-12-76-33-69-31-7-52-99-61-16-44-38-86-84-85-94-97-87-43-57-37-96-93-100-91-17-60-89-13-58
303,3,1240.7685,318.6814,43.0,880.6413,0,3,67.743052,67.804689,True,39-72-2-95-92-59-83-45-98-14-42-15-21-67-23-75-22-41-73-40-53-6-18-8-46-49-26-74-56-4-25-55-54-24-80-68-77|5-36-47-82-29-71-65-63-64-11-19-62-88-90-30-51-9-81-50-3-79-78-34-35-66-20-32-10-48-70-1|27-28-12-76-33-69-31-7-52-99-61-16-44-38-86-84-85-94-97-87-43-57-37-96-93-100-91-17-60-89-13-58
304,3,1241.1938,250.4825,274.0,906.7933,0,3,67.870648,67.949205,True,27-95-59-92-98-14-42-15-2-72-39-67-23-75-22-41-73-21-40-53-3-79-81-9-51-20-10-50-68-26-74-56-4-25-55-54-24-80-77-35-70|33-65-29-12-28-76-69-30-31-88-7-18-84-61-16-44-38-86-85-99-6-94-97-87-57-43-17-91-100-37-93-96-60-48-89-13-58|5-45-83-52-82-47-36-19-62-11-63-71-90-64-49-46-8-78-34-66-32-1
305,3,1241.1938,250.4825,274.0,906.7933,0,3,67.870648,67.949205,True,27-95-59-92-98-14-42-15-2-72-39-67-23-75-22-41-73-21-40-53-3-79-81-9-51-20-10-50-68-26-74-56-4-25-55-54-24-80-77-35-70|33-65-29-12-28-76-69-30-31-88-7-18-84-61-16-44-38-86-85-99-6-94-97-87-57-43-17-91-100-37-93-96-60-48-89-13-58|5-45-83-52-82-47-36-19-62-11-63-71-90-64-49-46-8-78-34-66-32-1
306,3,1241.2055,293.7241,114.0,913.4307,0,3,67.874165,67.944208,True,83-5-59-95-92-98-14-42-15-2-72-39-67-23-75-22-73-21-40-7-49-46-8-84-53-96-26-74-56-4-25-55-54-24-80-68-77|31-62-69-65-76-12-28-52-18-99-85-44-38-86-16-61-6-94-97-87-41-57-43-91-100-37-93-17-48-60-89-13-58|45-36-47-82-27-29-33-71-63-64-11-19-88-90-30-51-9-81-50-3-79-78-34-35-66-20-32-10-70-1
307,3,1241.718,294.2515,110.0,862.9583,0,3,68.027912,68.090217,True,95-92-59-5-98-14-42-15-2-72-39-67-23-75-22-73-21-40-53-99-85-49-90-26-74-56-4-25-55-54-24-80-68-77-1|28-33-65-63-64-36-45-83-82-61-16-44-38-86-84-8-18-6-94-97-87-41-57-43-96-46-17-91-100-37-93-13-58|27-31-52-62-11-30-19-47-7-88-69-76-12-29-79-78-71-9-51-50-3-81-34-35-66-20-32-10-70-48-60-89
308,3,1241.718,294.2515,110.0,862.9583,0,3,68.027912,68.090217,True,95-92-59-5-98-14-42-15-2-72-39-67-23-75-22-73-21-40-53-99-85-49-90-26-74-56-4-25-55-54-24-80-68-77-1|28-33-65-63-64-36-45-83-82-61-16-44-38-86-84-8-18-6-94-97-87-41-57-43-96-46-17-91-100-37-93-13-58|27-31-52-62-11-30-19-47-7-88-69-76-12-29-79-78-71-9-51-50-3-81-34-35-66-20-32-10-70-48-60-89
309,3,1241.9678,260.079,269.0,917.0851,0,3,68.10286,68.184133,True,27-95-59-92-98-14-42-15-2-72-39-67-23-75-22-41-73-21-40-53-3-79-81-9-51-20-10-50-26-74-56-4-25-55-54-24-80-68-77-35-70|33-65-29-12-28-76-69-30-31-52-18-99-85-44-38-86-16-61-84-6-94-97-87-57-43-17-91-100-37-93-96-60-48-89-13-58|5-83-45-36-47-82-88-62-11-63-71-90-64-49-19-7-46-8-78-34-66-32-1
310,3,1241.9678,260.079,269.0,917.0851,0,3,68.10286,68.184133,True,27-95-59-92-98-14-42-15-2-72-39-67-23-75-22-41-73-21-40-53-3-79-81-9-51-20-10-50-26-74-56-4-25-55-54-24-80-68-77-35-70|33-65-29-12-28-76-69-30-31-52-18-99-85-44-38-86-16-61-84-6-94-97-87-57-43-17-91-100-37-93-96-60-48-89-13-58|5-83-45-36-47-82-88-62-11-63-71-90-64-49-19-7-46-8-78-34-66-32-1
311,3,1242.0699,259.9769,269.0,917.0851,0,3,68.133469,68.214757,True,27-95-59-92-98-14-42-15-2-73-72-39-67-23-75-22-41-21-40-53-3-79-81-9-51-20-10-50-26-74-56-4-25-55-54-24-80-68-77-35-70|33-65-29-12-28-76-69-30-31-52-18-99-85-44-38-86-16-61-84-6-94-97-87-57-43-17-91-100-37-93-96-60-48-89-13-58|5-83-45-36-47-82-88-62-11-63-71-90-64-49-19-7-46-8-78-34-66-32-1
312,3,1242.2152,149.8472,295.0,931.807,0,3,68.177067,68.246688,True,59-5-83-45-82-11-62-31-69-76-12-28-52-99-85-44-38-86-16-61-84-6-94-97-87-57-56-55-4-74-43-91-100-37-96-93-17-60-89-13-58|36-47-27-29-33-71-65-63-64-19-7-88-90-30-51-9-81-78-79-3-50-26-54-68-34-35-66-20-32-10-48-70-1-77-80-24-25|95-92-98-14-42-15-2-72-39-67-23-75-22-41-73-21-40-53-18-8-46-49
313,3,1245.2089,303.3511,82.0,874.2314,0,3,69.075193,69.138801,True,95-92-59-5-45-14-42-15-2-72-39-67-23-75-22-41-73-21-40-53-96-8-46-49-26-4-56-25-55-24-80-68-77|83-82-11-62-31-69-76-12-28-52-18-99-98-85-44-38-86-16-61-84-6-94-97-87-57-74-43-91-100-37-93-17-60-89-13-58|36-47-27-29-33-71-65-63-64-19-7-88-90-30-51-9-81-78-79-3-50-54-34-35-66-20-32-10-48-70-1
314,3,1245.2909,283.4418,111.0,913.4307,0,3,69.099771,69.169198,True,83-5-59-95-92-98-14-42-15-2-72-39-67-23-75-22-73-21-40-49-46-8-84-53-96-26-74-56-4-25-55-54-24-80-68-77|82-36-62-31-69-76-12-28-52-18-99-85-44-38-86-16-61-6-94-97-87-41-57-43-91-100-37-93-17-48-60-89-13-58|45-47-27-29-33-71-65-63-64-11-19-7-88-90-30-51-9-81-50-3-79-78-34-66-35-20-32-10-70-1
315,3,1246.2063,312.389,68.0,892.0393,0,3,69.374394,69.440929,True,39-72-2-95-59-92-98-14-42-15-23-67-75-22-41-73-21-40-53-6-18-46-49-90-26-74-56-4-25-55-54-24-80-68-77|83-31-69-33-29-12-76-28-27-52-88-7-82-61-44-38-86-16-85-84-99-94-97-87-57-43-91-100-37-96-93-17-60-89-13-58|5-45-47-36-63-64-11-19-62-30-65-71-81-51-8-50-3-79-78-34-9-35-66-20-32-10-48-70-1
316,3,1246.2063,312.389,68.0,892.0393,0,3,69.374394,69.440929,True,39-72-2-95-59-92-98-14-42-15-23-67-75-22-41-73-21-40-53-6-18-46-49-90-26-74-56-4-25-55-54-24-80-68-77|83-31-69-33-29-12-76-28-27-52-88-7-82-61-44-38-86-16-85-84-99-94-97-87-57-43-91-100-37-96-93-17-60-89-13-58|5-45-47-36-63-64-11-19-62-30-65-71-81-51-8-50-3-79-78-34-9-35-66-20-32-10-48-70-1
317,3,1248.3095,162.9872,267.0,931.807,0,3,70.005357,70.075977,True,5-83-45-82-11-62-31-69-76-12-28-52-99-85-44-38-86-16-61-84-8-18-6-94-97-87-57-56-55-4-74-43-91-100-37-96-93-17-60-89-13-58|36-47-27-29-33-71-65-63-64-19-90-30-51-9-81-78-79-3-50-26-54-68-34-35-66-20-32-10-48-70-1-77-80-24-25|95-59-92-98-14-42-15-2-73-72-39-67-23-75-22-41-21-40-53-88-7-49-46
318,3,1249.7254,279.0072,82.0,913.4307,0,3,70.43014,70.497331,True,83-5-59-95-92-98-14-42-15-2-72-39-67-23-75-22-73-21-40-53-88-90-49-46-8-84-96-26-74-56-4-25-55-54-24-80-68-77|28-33-65-69-27-52-36-18-61-16-86-38-44-85-99-6-94-97-87-41-57-43-91-100-37-93-17-48-60-89-13-58|45-47-82-64-63-11-19-62-7-31-30-76-12-29-79-78-71-9-51-50-3-81-34-32-35-66-20-10-70-1
319,3,1250.4854,259.1124,82.0,888.0989,0,3,70.658143,70.718778,True,36-95-59-92-98-14-42-15-2-72-39-67-23-75-22-73-21-40-53-18-88-7-49-46-8-6-26-74-56-4-25-55-54-24-80-68-77|28-33-29-12-69-27-52-5-83-84-61-16-44-38-86-85-99-94-97-87-41-57-43-96-17-91-100-37-93-60-48-89-13-58|65-63-82-45-47-19-64-11-62-31-90-30-76-79-78-71-9-51-50-3-81-34-35-66-20-32-10-70-1
320,3,1251.154,307.4413,37.0,892.0393,0,3,70.858718,70.922894,True,39-72-2-95-92-59-45-98-14-42-15-21-75-67-23-41-22-73-40-53-6-18-8-46-49-26-74-56-4-25-55-54-24-80-68-77|83-27-28-12-76-69-31-52-7-82-85-44-38-86-16-61-84-99-94-97-87-57-43-91-100-37-96-93-17-60-89-13-58|5-36-47-33-29-71-65-63-64-11-19-62-88-90-30-51-9-81-50-3-79-78-34-35-66-20-32-10-48-70-1
321,3,1251.3812,142.727,273.0,931.807,0,3,70.926859,70.995962,True,5-83-45-82-11-62-31-69-76-12-28-27-52-99-85-44-38-86-16-61-84-8-6-94-97-87-57-56-55-4-74-43-91-100-37-96-93-17-60-89-13-58|47-36-33-29-71-65-63-64-19-7-88-90-30-51-9-81-78-79-3-50-26-54-68-34-35-66-20-32-10-48-70-1-77-80-24-25|95-59-92-98-14-42-15-2-73-72-39-67-23-75-22-41-21-40-53-18-46-49
322,3,1252.8091,305.8867,50.0,880.6413,0,3,71.355245,71.419275,True,39-72-2-95-92-59-98-45-44-14-42-15-21-67-23-75-22-41-73-40-53-6-18-8-46-49-26-74-56-4-25-55-54-24-80-68-77|5-36-47-82-29-71-65-63-64-11-19-62-88-90-30-51-9-81-50-3-79-78-34-35-66-20-32-10-48-70-1|27-28-52-69-33-12-76-31-7-83-84-61-16-86-38-85-99-94-97-87-43-57-37-96-93-100-91-17-60-89-13-58
323,3,1253.2902,166.4787,258.0,925.2015,0,3,71.499557,71.570304,True,5-83-45-63-11-62-31-69-76-12-28-18-99-85-44-38-86-16-61-84-8-6-94-97-87-57-26-54-55-4-56-74-43-100-91-93-17-60-89-13-58|47-36-82-52-27-29-33-71-65-90-64-19-88-30-51-9-81-78-79-3-50-68-34-35-66-20-32-10-48-70-1-77-80-24-25|95-59-92-98-14-42-15-2-73-72-39-67-23-75-22-41-21-40-53-7-49-46-37-96
324,3,1254.2299,292.9674,32.0,880.6413,0,3,71.781483,71.842201,True,39-72-2-95-92-59-45-98-14-42-15-21-67-23-75-22-41-73-40-53-6-18-8-46-49-26-74-56-4-25-55-54-24-80-68-77|5-36-47-82-29-71-65-63-64-11-19-62-88-90-30-51-9-81-50-3-79-78-34-35-66-20-32-10-48-70-1|27-28-52-69-33-12-76-31-7-83-84-61-16-44-38-86-85-99-94-97-87-43-57-37-96-93-100-91-17-60-89-13-58
325,3,1255.5611,249.0086,269.0,919.6081,0,3,72.180856,72.264925,True,27-95-59-92-98-14-42-2-15-72-39-67-23-75-22-41-73-21-40-53-3-79-81-9-51-20-10-50-26-74-56-4-25-55-24-54-80-68-77-35-70|33-65-29-12-28-76-69-30-31-52-18-99-85-44-38-86-16-61-84-6-94-97-87-57-43-17-91-100-37-93-96-60-48-89-13-58|5-83-45-36-47-82-88-62-11-63-71-90-64-49-19-7-46-8-78-34-66-32-1
326,3,1256.0447,201.761,216.0,931.807,0,3,72.325933,72.399589,True,5-83-45-82-31-69-33-29-12-28-27-52-18-99-85-44-38-86-16-61-84-6-94-97-87-57-55-4-56-74-43-91-100-37-96-93-17-60-89-13-58|47-36-64-65-63-11-19-7-88-62-90-30-51-71-9-78-79-3-50-26-54-68-34-35-66-20-32-10-48-70-1-77-80-24-25|95-59-92-98-14-42-15-2-73-72-39-67-23-75-22-41-21-40-53-76-81-49-8-46
327,3,1256.4163,240.005,276.0,913.4307,0,3,72.437405,72.520153,True,95-92-59-83-82-47-36-62-31-69-76-12-28-52-18-99-85-44-38-86-16-84-6-94-87-57-41-22-56-74-43-91-100-37-93-17-48-60-89-13-58|5-45-27-29-33-71-65-63-64-11-19-7-88-90-30-51-9-81-78-79-3-50-68-34-35-66-20-32-10-70-1-55-25-24-80-77|14-42-15-2-75-23-39-67-72-73-21-40-53-98-61-46-49-8-96-97-4-54-26
328,3,1260.1603,127.1352,281.0,931.807,0,3,73.560608,73.630806,True,5-83-45-82-11-62-31-69-76-12-28-52-18-99-85-44-38-86-16-61-84-8-6-94-97-87-57-56-55-4-74-43-91-100-37-96-93-17-60-89-13-58|36-47-27-29-33-71-65-63-64-19-7-88-90-30-51-9-81-78-79-3-50-26-54-68-34-35-66-20-32-10-48-70-1-77-80-24-25|95-59-92-98-14-42-15-2-73-72-39-67-23-75-22-41-21-40-53-46-49
329,3,1260.1603,127.1352,281.0,931.807,0,3,73.560608,73.630806,True,5-83-45-82-11-62-31-69-76-12-28-52-18-99-85-44-38-86-16-61-84-8-6-94-97-87-57-56-55-4-74-43-91-100-37-96-93-17-60-89-13-58|36-47-27-29-33-71-65-63-64-19-7-88-90-30-51-9-81-78-79-3-50-26-54-68-34-35-66-20-32-10-48-70-1-77-80-24-25|95-59-92-98-14-42-15-2-73-72-39-67-23-75-22-41-21-40-53-46-49
330,4,1262.6169,951.4343,238.0,827.6883,0,4,89.921443,90.096404,True,5-92-42-15-23-76-27-7-83-18-6-94-99-85-86-38-37-87-97-43-100-91-93-96-13-58|28-69-33-29-12-21-72-39-67-2-57-41-22-75-73-40-53-3-79-34-81-50-26-54-4-74-56-25-55-24-80-68-77|47-36-82-31-62-11-64-63-65-71-9-78-30-88-19-49-90-51-35-66-20-32-10-70-1|52-95-59-98-14-44-16-61-45-46-8-84-17-48-60-89
331,3,1262.8811,272.1711,124.0,860.8668,0,3,74.376844,74.443271,True,95-92-59-5-45-14-42-15-2-21-72-39-67-23-75-22-41-57-73-40-53-7-49-46-8-43-26-74-56-4-25-54-24-80-68-77|83-82-11-62-31-69-76-12-28-27-52-18-99-98-44-38-86-16-61-85-87-97-94-6-84-17-91-100-37-93-96-60-89-13-58|47-36-33-29-71-65-63-64-19-88-90-30-51-9-81-78-79-3-50-55-34-35-66-20-32-10-48-70-1
332,3,1267.2487,146.1049,257.0,931.807,0,3,75.687135,75.759905,True,5-83-45-82-11-62-31-69-76-29-12-28-99-85-44-38-86-16-61-84-8-6-94-97-87-57-56-55-4-74-43-91-37-96-13-100-93-17-60-89-58|36-47-52-27-33-71-65-63-64-19-7-88-90-30-51-9-81-78-79-3-50-26-54-68-34-35-66-20-32-10-48-70-1-77-80-24-25|95-59-92-98-14-42-15-2-72-39-67-23-75-22-41-73-21-40-53-18-46-49
333,3,1267.6452,245.2002,107.0,950.1443,0,3,75.806078,75.881581,True,45-5-59-95-92-98-14-42-15-2-73-72-39-67-23-75-22-21-40-12-76-53-26-8-46-49|69-31-62-11-82-83-52-18-99-85-44-38-86-16-61-84-6-94-87-97-57-41-56-55-54-74-43-91-100-37-96-93-17-60-89-13-58|36-47-27-28-29-33-71-65-63-64-19-7-88-90-30-51-9-81-78-79-3-50-68-34-35-66-20-32-10-48-70-1-4-25-24-80-77
334,3,1269.0502,227.5572,269.0,906.7933,0,3,76.227559,76.310535,True,27-95-59-92-98-14-42-15-2-72-39-67-23-75-22-41-73-21-40-53-3-79-81-9-51-20-10-50-68-26-74-56-4-25-55-54-24-80-77-35-70|33-65-29-12-28-76-69-30-31-52-18-99-85-44-38-86-16-61-84-6-94-97-87-57-43-17-91-100-37-93-96-60-48-89-13-58|5-83-45-82-47-36-11-62-63-71-90-88-64-49-19-7-46-8-78-34-66-32-1
335,3,1270.8925,247.8628,132.0,902.1302,0,3,76.780257,76.852432,True,95-92-59-5-83-45-14-42-15-2-72-39-67-23-75-22-41-73-21-40-38-86-96-53-26-56-74-3-24-55-25-4-54-80-68-77|82-52-28-12-76-69-31-62-7-18-99-98-85-44-16-61-84-46-8-6-94-87-57-43-37-97-91-100-93-17-48-60-89-13-58|36-47-27-29-33-71-65-63-30-88-11-64-49-19-90-51-81-79-78-34-9-50-35-66-20-32-10-70-1
336,4,1273.7755,967.391,86.0,846.7489,0,4,92.314943,92.483305,True,83-5-59-15-2-72-21-52-88-63-90-76-78-81-9-20-32-66-35-34-24-80-68-77|45-36-47-82-31-69-33-71-65-30-51-79-62-11-64-19-7-18-8-46-49-10-3-50-1-70-48-60-89|27-28-12-29-73-39-67-23-75-41-57-87-94-6-53-40-26-22-74-56-4-25-55-54|95-92-98-42-14-44-16-85-99-61-86-38-43-84-17-91-37-96-97-100-93-13-58
337,3,1273.9022,280.7391,62.0,877.0601,0,3,77.68318,77.750428,True,39-72-2-95-59-45-44-14-92-42-15-21-75-67-23-41-22-73-40-53-6-18-8-46-49-26-74-56-4-25-55-54-24-80-68-77-58|83-52-27-28-12-76-33-69-31-7-99-98-85-84-61-16-86-38-87-57-43-97-94-13-96-93-37-100-91-17-60-89|5-36-47-82-29-71-65-63-64-11-19-62-88-90-30-51-9-81-50-3-79-78-34-35-66-20-32-10-48-70-1
338,3,1274.9471,268.4071,118.0,865.6754,0,3,77.996647,78.066251,True,45-5-59-95-92-98-14-42-15-2-72-39-67-23-75-22-73-21-40-53-18-8-46-49-26-55-13-74-56-4-25-54-24-80-68-77-58|36-11-31-69-33-76-12-28-27-52-99-85-44-38-86-16-61-84-6-94-97-87-41-57-43-91-100-37-96-93-17-60-89|83-47-62-29-71-65-63-64-19-82-7-88-90-30-51-9-81-50-3-79-78-34-35-66-20-32-10-48-70-1
339,6,1277.1509,2224.2227,228.0,815.1634,0,6,280.83971,281.207671,True,59-92-42-87-53-76-3-79-81-9-51-20-50-77-68-24-80|27-29-65-33-69-31-88-52-84-86-16-61-85-99-6-94-43-91-100-37-93-96|5-83-45-82-47-36-19-62-11-63-71-30-90-64-49-7-46-8-18-78-34-35-66-32-10-70-1|95-98-14-38-44-17-48-60-89|40-73-75-41-15-57-97-13-74-56-4-25-55-54-58|2-28-12-21-72-39-67-23-22-26
340,3,1277.7785,149.3525,327.0,930.6245,0,3,78.846059,78.929297,True,72-92-59-5-82-62-31-33-76-12-28-27-52-18-61-16-86-38-44-85-99-6-94-97-87-57-26-54-55-4-56-74-43-37-100-91-93-17-60-89-13-58|47-36-69-29-71-65-63-64-11-19-7-88-90-30-51-9-81-78-79-50-68-3-34-35-66-20-32-10-48-70-1-77-80-24-25|83-45-95-98-14-42-15-2-75-39-67-23-41-22-73-21-40-53-49-46-8-84-96
341,3,1278.0539,212.8923,289.0,924.5449,0,3,78.928671,79.016811,True,27-95-59-92-98-14-42-15-2-72-39-67-23-75-22-41-73-21-40-53-3-79-81-9-51-20-10-50-68-26-74-56-4-25-55-54-24-80-77-35-1-70|33-65-29-12-28-76-69-30-31-52-18-99-85-44-38-86-16-61-84-6-94-97-87-57-43-37-17-91-100-93-96-60-48-89-13-58|5-83-45-36-47-82-62-11-63-71-90-88-64-49-19-7-46-8-78-34-66-32
342,3,1278.457,280.1383,43.0,892.0393,0,3,79.049624,79.118496,True,39-72-2-95-92-59-45-98-14-42-15-21-67-23-75-41-73-40-53-94-6-8-46-49-26-74-56-4-25-55-54-24-80-68-77|83-52-31-69-33-76-12-28-27-88-7-18-85-44-38-86-16-61-84-99-97-87-22-57-43-91-100-37-96-93-17-60-89-13-58|5-36-47-82-29-71-65-63-64-11-19-62-90-30-51-9-81-50-3-79-78-34-35-66-20-32-10-48-70-1
343,3,1280.8129,246.7985,161.0,871.6997,0,3,79.756383,79.829709,True,36-59-95-92-98-14-42-15-2-72-39-67-23-75-22-41-73-21-40-51-9-81-34-78-79-3-50-26-96-97-74-56-4-25-55-54-24-80-68-77-1|27-62-28-12-29-76-69-31-52-18-61-84-44-38-86-16-85-99-6-94-87-57-53-13-43-91-100-37-93-58|5-83-45-47-63-65-71-33-30-88-82-19-11-90-64-49-7-8-46-10-32-66-35-20-70-48-17-60-89
344,3,1282.2867,255.4875,69.0,874.2314,0,3,80.198517,80.264769,True,83-5-59-95-92-98-14-42-15-2-72-39-67-23-75-22-73-21-40-49-46-8-84-53-96-26-74-56-4-25-55-54-24-80-68-77|82-36-62-31-69-76-12-28-52-18-99-85-38-44-86-16-61-6-94-97-87-41-57-43-91-100-37-93-17-60-89-13-58|45-47-27-29-33-71-65-63-64-11-19-7-88-90-30-51-9-81-50-3-78-79-34-66-35-20-10-32-48-70-1
345,3,1282.8725,284.9729,34.0,870.5672,0,3,80.374247,80.441048,True,95-59-92-98-14-42-15-2-72-39-67-23-75-22-73-21-40-30-90-8-84-6-94-53-26-74-56-4-25-55-54-24-80-68-77|28-33-65-31-83-45-5-61-16-86-38-44-85-88-19-7-18-99-97-87-41-57-43-96-46-17-91-100-37-93-60-89-13-58|27-52-82-47-36-64-63-11-62-69-76-12-29-79-78-71-9-81-3-50-51-49-10-34-35-66-20-32-48-70-1
346,3,1283.0952,275.5002,30.0,892.0393,0,3,80.441058,80.509325,True,39-72-95-59-45-98-14-42-15-2-75-21-67-23-41-22-73-40-53-6-18-8-46-49-26-74-56-4-25-55-54-24-80-68-77|92-83-52-27-28-12-76-33-69-31-7-85-44-38-86-16-61-84-99-94-97-87-57-43-91-100-37-96-93-17-60-89-13-58|5-36-47-82-29-71-65-63-64-11-19-62-88-90-30-51-9-81-50-3-79-78-34-35-66-20-32-10-48-70-1
347,3,1284.2446,210.6417,108.0,931.3831,0,3,80.785879,80.858464,True,45-83-5-59-95-92-98-14-42-15-2-72-39-67-23-75-22-41-73-21-40-18-8-46-49-53-57-26-74-56-4-25-55-54-24-80-68-77|27-28-33-29-65-64-36-47-7-88-69-30-90-71-9-51-3-79-78-34-81-20-32-66-35-50-1-70-48-17-91-100-93-60-89-58|52-31-62-63-11-19-82-76-12-99-85-44-38-86-16-61-84-6-94-96-87-43-37-97-13-10
348,4,1286.5078,952.4357,128.0,844.5259,0,4,90.071655,90.245459,True,83-5-42-15-2-72-21-52-88-63-90-76-78-81-9-20-32-66-35-34-24-80-68-77|45-36-47-82-31-69-33-71-65-30-51-79-62-11-64-19-7-18-84-8-46-49-10-3-50-1-70-48-60-89|27-28-12-29-73-39-67-23-75-41-57-40-53-26-22-74-56-4-25-55-54|95-92-14-59-99-87-98-85-44-38-86-16-61-96-6-94-97-37-43-100-91-17-93-13-58
349,3,1286.7601,218.239,240.0,913.4307,0,3,81.540538,81.625525,True,95-92-59-82-47-36-62-31-69-76-12-28-52-18-99-85-44-38-86-16-61-84-6-94-87-57-41-56-4-74-43-91-100-37-93-17-48-60-89-13-58|5-45-83-27-29-33-71-65-63-64-11-7-88-90-30-51-9-81-50-3-79-78-34-35-66-20-32-10-70-1-55-25-24-80-77|14-42-15-2-72-39-67-23-75-73-21-40-53-98-19-49-46-8-97-22-54-68-26-96
350,3,1287.4915,230.8819,151.0,874.2314,0,3,81.759961,81.832283,True,45-5-59-95-92-98-14-42-15-2-72-39-67-23-75-22-41-73-21-40-8-46-49-53-10-26-74-56-4-25-55-54-24-80-68-77|33-83-82-62-11-63-31-69-76-12-28-52-18-99-85-44-38-86-16-61-84-6-94-96-87-97-57-43-91-100-37-93-17-60-89-13-58|27-29-65-64-36-47-19-7-88-90-30-71-9-51-3-79-78-34-81-20-32-66-35-50-1-70-48
351,3,1288.8692,257.2192,32.0,879.5324,0,3,82.173273,82.238854,True,39-72-2-95-92-59-45-98-14-42-15-21-67-23-75-22-41-73-40-53-6-18-8-46-49-26-74-56-4-25-55-54-24-80-68-77|83-31-69-33-76-12-28-27-52-7-99-85-61-16-44-86-38-57-87-97-37-94-96-84-17-60-89-13-43-100-91-93-58|5-36-47-82-29-71-65-63-64-11-19-62-88-90-30-51-9-81-50-3-79-78-34-35-66-20-32-10-48-70-1
352,3,1289.2855,260.2154,89.0,866.174,0,3,82.298159,82.368011,True,72-95-92-59-83-45-98-44-14-42-15-39-67-23-75-21-73-57-40-53-18-84-8-46-49-50-26-74-56-4-25-55-54-24-80-68-77-1|5-2-28-69-12-33-65-31-88-52-6-94-99-85-61-16-86-38-87-97-22-41-43-91-100-37-93-96-13-58|27-47-36-64-63-11-19-82-7-62-30-90-29-76-71-9-51-81-3-79-78-34-35-66-20-32-10-70-48-17-60-89
353,3,1291.7929,269.157,23.0,892.0393,0,3,83.050383,83.119608,True,39-72-2-95-92-59-45-98-14-42-15-21-67-23-75-22-41-73-40-53-6-18-8-46-49-50-26-74-56-4-25-55-24-80-68-77|83-31-69-12-29-76-27-52-7-85-44-38-86-16-61-84-99-94-97-87-57-43-91-100-37-96-93-17-60-89-13-58|5-36-47-82-28-33-71-65-63-64-11-19-62-88-90-30-51-9-81-78-79-3-54-34-35-66-20-32-10-48-70-1
354,3,1293.2589,230.6636,229.0,920.3376,0,3,83.490178,83.578913,True,95-92-83-36-62-31-69-76-29-12-28-85-44-38-86-16-84-8-18-6-94-87-57-41-22-56-4-54-74-43-100-91-93-17-48-89-13-58|5-45-47-82-52-27-33-71-65-63-64-11-19-7-88-90-30-51-9-81-50-3-79-78-34-35-66-20-32-10-70-68-55-25-24-80-77-1|59-14-42-15-2-75-23-39-67-72-73-21-40-99-98-61-46-49-26-53-97-37-96-60
355,3,1296.3316,189.1849,240.0,931.807,0,3,84.41198,84.498236,True,5-83-45-82-11-62-31-69-76-12-28-52-18-84-61-85-44-16-86-38-94-97-87-43-57-56-4-55-26-96-37-100-91-93-17-60-89-13-58|36-47-27-29-33-71-65-63-64-19-7-88-90-30-51-9-81-78-79-3-50-54-68-34-35-66-20-32-10-48-70-1-77-80-24-25|95-59-92-98-14-42-15-2-73-72-39-67-23-75-22-41-21-40-53-6-99-8-46-49-74
356,3,1304.252,214.5032,141.0,902.1302,0,3,86.788116,86.866194,True,92-59-5-95-83-45-14-42-15-2-72-39-67-23-75-73-21-40-38-53-26-56-22-41-74-3-24-55-25-4-54-80-68-77|82-11-62-31-69-76-12-28-52-18-99-98-85-44-86-16-61-84-46-8-6-94-87-57-43-97-96-91-37-100-93-17-48-60-89-13-58|36-47-27-29-33-71-65-63-30-88-7-19-64-49-90-51-81-79-78-50-9-34-35-66-20-32-10-70-1
357,3,1304.7653,172.1031,139.0,933.0245,0,3,86.9421,87.018407,True,83-82-36-62-31-69-76-12-28-52-18-98-44-38-86-16-61-84-8-6-94-87-57-41-56-4-74-43-97-37-100-91-17-48-60-93-13-58-89|5-45-47-27-29-33-71-65-63-64-11-19-7-88-90-30-51-9-81-78-79-3-50-68-34-35-66-20-32-10-70-1-55-25-24-80-77|95-59-92-14-42-15-2-72-39-67-23-75-73-21-40-53-49-46-99-85-96-22-54-26
358,3,1307.2821,149.9925,301.0,913.4307,0,3,87.697155,87.784161,True,92-95-59-83-82-36-62-31-69-76-12-28-52-18-99-85-44-38-86-16-61-84-6-94-87-97-57-41-56-4-74-43-91-100-37-93-17-48-60-89-13-58|5-45-47-27-29-33-71-65-63-64-11-19-7-88-90-30-51-9-81-78-79-3-50-68-34-35-66-20-32-10-70-1-55-25-24-80-77|14-42-15-2-75-23-39-67-72-73-21-40-53-98-8-49-46-96-22-54-26
359,3,1309.3134,182.2039,237.0,913.4307,0,3,88.306543,88.39259,True,95-92-59-83-82-36-62-31-69-76-12-28-52-18-16-86-38-44-85-99-6-94-87-57-41-56-4-74-43-91-100-37-93-17-48-60-89-13-58|5-45-47-27-29-33-71-65-63-64-11-19-7-88-90-30-51-9-81-78-79-3-50-68-34-35-66-20-32-10-70-1-55-25-24-80-77|14-42-15-2-72-39-67-23-75-73-21-40-53-98-61-84-8-49-46-97-22-54-26-96
360,3,1311.0382,201.9996,202.0,923.1577,0,3,88.823984,88.911477,True,83-82-62-11-63-31-69-76-12-28-52-18-99-85-44-38-86-16-61-84-6-94-97-87-57-54-55-4-56-74-13-96-37-43-100-91-93-17-60-89-58|92-5-27-33-29-65-64-36-47-19-7-88-90-30-71-9-51-3-79-78-34-81-50-68-35-66-20-32-48-70-1-77-80-24-25|45-95-59-98-14-42-15-2-72-39-67-23-75-22-41-73-21-40-53-26-8-46-49-10
361,3,1311.3194,139.4598,245.0,940.3301,0,3,88.908338,88.99341,True,5-83-45-82-11-62-31-69-76-12-28-52-99-85-44-38-86-16-61-84-8-6-94-97-87-57-54-55-4-74-43-91-100-37-96-93-17-60-89-13|36-47-27-29-33-71-65-63-64-19-7-88-90-30-51-9-81-78-79-3-50-26-68-34-35-66-20-32-10-48-70-1-77-80-24-25-58|95-59-92-98-14-42-15-2-73-72-39-67-23-75-22-41-21-40-49-46-18-53-56
362,3,1313.1689,243.8504,79.0,867.4074,0,3,89.463185,89.536933,True,28-39-72-21-95-45-44-14-15-23-67-75-41-73-40-53-94-6-18-8-46-49-26-4-25-55-54-24-80-68-77-58|59-92-42-2-98-5-83-52-27-12-33-76-69-31-7-84-61-16-86-38-85-99-87-57-22-56-74-43-13-96-97-37-100-91-93-17-60-89|47-36-82-29-71-65-63-64-11-19-62-88-90-30-51-9-81-50-3-79-78-34-35-66-20-32-10-48-70-1
363,3,1315.2862,230.4199,85.0,900.5491,0,3,90.09838,90.176319,True,92-83-82-62-31-69-76-12-28-27-52-18-99-98-85-61-16-44-38-86-84-6-94-57-74-56-43-97-37-100-91-93-17-60-89-13-58|59-5-45-36-47-33-71-65-63-64-11-19-7-88-90-30-51-9-81-78-79-3-50-68-34-35-66-20-32-10-70-1-55-25-24-80-77|95-14-42-15-2-72-29-39-67-23-75-22-41-73-21-40-87-8-46-49-53-26-54-4-96-48
364,3,1316.21,241.9426,147.0,879.9804,0,3,90.375507,90.458566,True,45-5-59-95-92-98-14-42-15-2-72-39-67-23-75-22-41-73-21-40-53-8-46-49-10-26-74-56-4-55-54-25-24-80-68-77|33-83-82-62-11-63-31-69-76-12-28-52-18-99-85-44-38-86-16-61-84-6-94-87-97-57-43-91-100-37-93-96-60-89-13-58|27-29-65-64-36-47-19-7-88-30-90-71-9-51-3-79-78-34-81-20-32-66-35-50-17-1-70-48
365,3,1319.247,158.7657,212.0,931.807,0,3,91.286607,91.372375,True,5-83-45-82-21-75-28-31-88-7-52-18-86-38-44-16-85-99-94-87-57-41-22-56-55-4-74-43-97-37-100-91-93-17-60-89-13-58|36-47-27-69-33-29-71-65-63-64-19-62-11-90-30-51-9-81-78-79-3-50-26-54-68-34-35-66-20-32-10-48-70-1-77-80-24-25|95-59-92-98-14-42-15-2-73-72-39-67-23-12-76-53-40-61-84-6-96-8-46-49
366,3,1320.1089,203.0042,158.0,878.2149,0,3,91.545194,91.624418,True,83-5-59-92-98-14-42-72-21-2-15-23-67-75-22-73-40-49-46-8-84-96-26-4-74-56-25-55-54-24-80-68-77-58|39-95-82-36-62-31-69-76-12-28-52-18-99-85-44-38-86-16-61-6-94-53-87-57-41-43-13-97-37-100-91-93-17-48-60-89|45-47-27-29-33-71-65-63-64-11-19-7-88-90-30-51-9-81-50-3-79-78-34-35-66-20-32-10-70-1
367,3,1322.3304,218.1351,41.0,878.9021,0,3,92.211633,92.282195,True,28-39-72-21-95-45-44-14-15-67-23-75-41-73-40-53-94-6-18-8-46-49-26-74-56-4-25-55-54-24-80-68-77-58|59-92-42-2-98-83-52-27-12-76-33-69-31-7-84-61-16-86-38-85-99-87-22-43-57-13-96-97-37-100-91-93-17-60-89|5-36-47-82-29-71-65-63-64-11-19-62-88-90-30-51-9-81-50-3-79-78-34-35-66-20-32-10-48-70-1
368,4,1323.1838,939.7504,350.0,844.0081,0,4,92.467656,92.672683,True,39-95-45-98-14-42-15-23-67-40-22-41-57-87-94-6-18-8-46-49-53-26-74-56-4-25-55-54-24-80-68-77|69-31-33-12-76-28-27-52-83-7-85-44-38-86-16-61-84-99-96-13-97-43-91-100-37-93-17-60-89|5-36-47-82-29-71-65-63-64-11-19-62-88-90-30-51-9-81-50-3-79-78-34-35-66-20-32-10-48-70-1|59-92-2-75-72-73-21-58
369,5,1327.2478,1520.659,126.0,828.8255,0,5,175.305145,175.57415,True,83-45-98-14-42-2-39-72-21-40-52-88-62-19-11-90-30-10-32-20-66-35-34-24-25-55-80-77|28-82-47-36-64-63-65-71-51-31-7-49-46-18-50-1-70-48-60-89|12-76-73-15-23-67-75-22-43-57-74-56-4-54-68|27-69-33-81-9-78-29-79-53-6-94-87-97-37-41-26-3|95-92-59-5-61-16-86-38-44-85-99-96-8-84-17-91-100-93-13-58
370,3,1334.522,151.6117,235.0,913.4307,0,3,95.869097,95.957918,True,95-92-83-82-36-62-31-69-76-12-28-52-18-99-85-44-38-86-16-84-8-6-94-87-57-41-26-4-74-43-91-100-37-93-17-48-60-89-13-58|5-45-47-27-29-33-71-65-63-64-11-19-7-88-90-30-51-9-81-78-79-3-50-68-34-35-66-20-32-10-70-1-55-25-24-80-77|59-98-14-42-15-2-72-23-39-67-75-22-73-21-40-53-61-46-49-96-97-56-54
371,3,1335.9816,191.4412,90.0,860.8668,0,3,96.306985,96.379834,True,39-72-2-15-42-14-98-92-59-95-21-67-23-41-40-53-18-19-46-8-26-22-43-74-56-4-25-55-54-24-80-68-77|5-45-36-47-82-62-11-64-63-65-29-81-9-71-51-30-90-88-7-50-3-79-78-34-35-66-20-32-10-48-70-1|27-83-52-31-69-33-76-12-28-73-75-87-44-38-86-16-61-84-85-99-97-57-94-6-49-17-91-100-37-93-96-60-89-13-58
372,3,1345.3907,147.593,213.0,913.4307,0,3,99.129719,99.218998,True,95-92-59-83-82-36-62-31-69-76-12-28-52-18-85-44-38-86-16-8-6-94-53-57-41-56-4-74-43-91-100-37-93-17-48-60-89-13-58|5-45-47-27-29-33-71-65-63-64-11-19-7-88-90-30-51-9-81-78-79-3-50-68-34-35-66-20-32-10-70-1-55-25-24-80-77|14-42-15-2-72-39-67-23-75-73-21-40-98-61-84-49-46-99-97-87-22-54-26-96
373,3,1365.7382,125.2237,231.0,946.9356,0,3,105.233978,105.332831,True,92-95-59-5-83-45-82-11-62-31-69-76-52-18-99-85-44-38-86-16-61-84-8-6-40-53-22-56-55-4-74-43-91-100-37-96-93-17-60-89-13|36-47-27-29-33-71-65-63-64-19-7-88-90-30-51-9-81-78-79-3-50-26-54-68-34-35-66-20-32-10-48-70-1-77-80-24-25-58|42-14-98-2-28-12-39-72-21-15-41-75-23-67-73-57-87-97-94-46-49
374,3,1367.7855,80.1322,380.0,937.1704,0,3,105.848152,105.954291,True,59-95-83-45-82-62-11-63-31-69-76-12-28-52-18-99-85-44-38-86-16-61-84-6-94-97-87-57-26-54-55-4-56-74-13-96-37-43-100-91-93-17-60-89-58|92-5-27-33-29-65-64-36-47-19-7-88-90-30-71-9-51-81-34-78-79-3-68-50-35-66-20-32-10-48-70-1-77-80-24-25|72-14-15-23-39-75-21-73-42-98-2-41-22-67-40-53-8-46-49
375,3,1370.5682,212.8677,28.0,900.9085,0,3,106.682977,106.769222,True,59-92-42-15-2-72-39-67-23-75-73-21-40-53-88-7-19-46-8-18-6-96-94-3-34-24-55-4-56-74-54-77-68-80-25-58|28-29-65-71-63-31-52-82-62-11-64-90-30-51-9-78-79-81-50-10-49-32-66-20-48-60-17-91-100-93-89|47-36-45-83-5-14-95-27-69-33-76-12-98-85-44-38-86-16-61-84-99-87-57-22-41-43-37-97-13-26-35-70-1
376,8,1376.6818,3204.7394,337.0,809.1025,0,8,427.917205,428.472694,True,95-59-92-14-42-15-2-72-39-67-23-75-22-41-21-40-26-74-56-4-55-54-24-80-68|28-12-76-31-52-18-99-85-44-38-16-84-6-94-97-87-57-43-91-100-37-96-13-58|27-29-33-71-65-63-90-51-81-50-3-79-78-35-66-32-10-70-1|83-82-36-7-88-62-19-64-49-46-8-48-17-60|53-73-25-77-89|30-5-86-98-93|20-9-34|69-11-47-45-61
377,3,1376.7902,157.3996,271.0,911.227,0,3,108.549577,108.655216,True,72-92-83-82-36-62-31-69-76-12-28-27-52-18-99-98-85-61-44-16-38-86-84-8-6-94-57-4-56-74-43-97-37-100-91-93-60-48-89-13-58|59-5-45-47-33-29-71-65-63-64-11-19-7-88-90-30-51-9-81-78-79-3-50-68-34-35-66-20-32-10-70-1-55-25-24-80-77|95-14-42-15-2-39-67-23-75-22-41-73-21-40-87-46-49-53-26-54-96-17
378,3,1377.0233,109.2667,261.0,945.1984,0,3,108.619503,108.722087,True,92-95-59-83-82-36-62-31-29-12-52-18-99-85-44-38-86-16-84-8-6-94-87-57-41-56-4-74-43-91-100-37-93-17-48-60-89-13-58|5-45-47-69-27-28-33-71-65-63-64-11-19-7-88-90-30-76-3-79-81-51-9-78-50-34-35-66-20-32-10-68-54-55-25-24-80-77-1-70|14-42-15-2-72-39-67-23-75-73-21-40-53-98-61-49-46-26-22-97-96
379,4,1403.4796,809.9893,76.0,835.4004,0,4,116.556378,116.737338,True,33-29-72-42-14-45-83-52-88-19-90-30-9-78-79-81-10-32-20-66-35-24-25-80-77|28-27-69-31-82-47-36-63-65-71-51-62-11-64-7-18-85-84-46-49-34-3-50-1-70-48-89|76-12-39-67-2-15-41-22-75-73-40-53-6-94-87-43-57-74-56-4-55-54-68-26|23-21-95-92-59-5-99-98-44-38-86-16-61-96-8-60-17-91-100-37-97-93-13-58
380,3,1409.2898,132.4299,203.0,990.7153,0,3,118.299449,118.416215,True,72-39-28-33-29-12-21-67-23-75-73-2-87-57-41-22-40-76-3-50-79-78-34-81-9-35-66-20-32-10-1-68-54-24-25-100-17-48|65-63-52-59-92-98-14-42-15-27-69-31-30-51-71-90-49-46-18-8-96-97-43-74-56-4-55-26-58-13-91-93-60-89-70-77-80|95-5-83-45-82-47-36-64-11-19-62-88-7-84-61-16-44-38-86-85-99-6-37-94-53
381,8,1409.6994,2535.2849,321.0,812.732,0,8,327.499028,327.962949,True,33-29-42-14-83-45-8-82-19-11-10-90-32-20-66-35-24-25-80-77|31-65-63-64-36-47-62-88-7-52-18-84-46-49-78-34-50-1-70-48-89|28-76-12-39-67-23-15-43-55-54-68|27-69-30-51-71-9-81-79-3-57-87-37-94-6|95-92-59-5-99-98-44-38-86-16-61-85-96-60-17-91-100-97-93-13|53-40-26-22-56-4-74-58|21-72-75-41-73|2
382,6,1434.2799,2030.2974,195.0,812.732,0,6,251.750911,252.133257,True,33-29-2-42-14-45-83-52-88-62-19-11-90-30-10-32-20-66-35-24-25-80-77|28-31-82-47-36-63-65-71-51-64-7-18-85-84-46-49-9-34-50-1-70-48-89|76-12-72-67-41-15-43-57-55-54-68-26|27-69-81-78-79-3-53-87-37-94-6|95-92-59-5-99-98-44-38-86-16-61-96-8-60-17-91-100-97-93-13|39-23-75-22-73-40-21-4-56-74-58
383,5,1471.0594,1492.4114,136.0,817.3965,0,5,171.068017,171.375214,True,59-92-98-15-23-39-75-72-22-73-53-26-74-56-4-25-55-24-80-77|29-12-76-33-71-65-31-18-84-86-16-85-99-97-87-43-91-37-93-96-13-58|69-30-88-5-61-57-94-6-50-51-79-3-68-54-100-17-60-89|2-83-45-82-47-36-64-63-11-90-62-40-41-67-34-78-81-9-35-66-20-32-10-70-1|27-28-42-14-44-95-21-52-7-19-8-38-46-49-48
384,5,1499.9334,1368.5346,165.0,825.0887,0,5,152.486495,152.787827,True,45-83-14-42-2-21-72-39-29-33-40-52-88-19-90-30-10-32-20-66-35-24-25-80-77|28-31-82-47-36-63-65-71-51-62-11-64-7-18-85-84-46-49-34-50-1-70-48-89|76-12-73-15-23-67-75-22-43-74-56-4-55-54-68|27-69-9-81-78-79-53-6-94-87-37-41-57-26-3|95-92-59-5-99-98-44-38-86-16-61-96-8-60-17-91-100-97-93-13-58
385,3,1504.5041,83.757,302.0,978.9263,0,3,146.863742,147.009904,True,95-92-59-5-83-45-47-36-64-11-19-62-31-88-7-82-8-84-61-44-16-99-6-18-53-26-50-3-68-54-55-4-56-74-13-97-100-93-60-89-70-77-80-24-25-58|72-39-28-33-29-12-21-67-23-75-73-40-2-87-57-41-22-76-79-78-81-90-9-34-35-66-20-32-10-48-17-1|65-63-52-27-15-42-14-38-98-69-30-71-51-94-85-86-46-49-96-37-91-43
386,7,1618.4574,2594.605,390.0,812.4523,0,7,336.397052,336.939055,True,95-59-92-98-44-14-42-72-39-23-75-22-73-21-40-53-76-50-51-81-79-3-26-56-4-55-80-68-77|28-12-31-52-84-61-16-85-99-6-94-87-97-37-100-93-96-13-58|83-45-36-47-19-11-64-63-90-8-18-78-34-35-66-32-70-1|27-2-57-43-60-48-54|5-10-9-24-25-74|30-29-41-15-7-20-49-46-17-91-89|69-33-71-65-62-88-82-86-38-67
387,10,1619.165,4378.0024,345.0,800.1339,0,10,603.906656,604.710934,True,33-29-39-72-42-14-83-52-88-19-90-30-10-32-20-66-35-24-25-77|45-82-47-36-63-65-71-51-31-62-11-64-7-18-85-84-46-49-34-50-1-70-48|67-23-15-43-55-68|69-9-81-78-79-3-37|5-99-98-44-38-86-16-61-8-60-17-91-100-93|89|27-28-26-58-13|57-73-21-54-80|53-40-87-97-96-6-94-74-56-4|95-59-92-2-41-22-75-12-76
388,9,1663.7981,3212.0183,283.0,798.1797,0,9,429.009037,429.645015,True,59-92-98-14-42-2-75-23-39-73-21-40-53-26-74-56-4-55-54-24-80-68-77|69-31-52-18-99-44-38-86-61-84-94-97-87-57-100-93-13-58|27-28-12-29-33-9-71-90-30-76-50-3-79-34-35-66-20-70-1|5-45-36-47-82-7-88-62-11-49-46-8-17-60-89|43-6-91-96-48|72-63-10-81-78-32-25|64-83-85-15-41-37|19-65-51-67-22|95-16
389,13,1693.391,5960.924,122.0,828.7158,0,13,841.344893,842.391764,True,40-73-22-75-23-67-24-80-77|87-29-81-35-50|28-76-12-72-74-56-4-68|52-19-11-64-63-90-88|27-69-31-32-10-60-91-100-37-97-54|5-84-7-30-20-53-58-25|6-16-93-96|82-47-36-49-46-8-18|95-92-14-86-51-9-71-66-70-1|2-33-65-34-78-79-3|62-45-83-98-42-15-41-57-44-61-94|21-39-55-26|59-99-85-38-43-17-48-89-13
390,14,1708.5801,6556.8506,200.0,771.2938,0,14,930.733891,931.874195,True,95-59-98-92-97-87-13-26-80|5-61-17-60-48|27-31-62-63-64-11-19-36-47-8-37-43-57-74-25-55|53-40-73|2-15-42-14-38-82-49-46-7-20-78-34-24-93-96|72-21|83-52-33-65-66-32-35-77|45-84-86-44-91-100|94-58|28-12-29-39-67-23-22-75-56-4-54-3|18-90-30-9-51-70-1|69-89|76-81-71-88-10-50-68|6-99-85-16-41-79
391,10,1737.6308,3716.9051,337.0,793.7316,0,10,504.742067,505.480959,True,95-59-92-14-15-72-39-67-23-75-22-41-21-40-53-26-74-4-80-68-77|28-12-76-69-31-52-84-61-86-38-99-97-87-57-43-91-100-13-58|27-29-33-65-30-63-64-49-19-51-9-81-50-79-78-35-20-32-70|5-45-36-11-62-88-7-48-60|82-44-16-85-94-10-1-24-54-89|34-66-6-96-37-93-17|18-98-56-25-55|8-46-90-3|83-42-2-73-71|47
392,15,1797.335,6702.5861,172.0,805.4676,0,15,952.594219,953.785635,True,59-98-92-97-87-13-26-80|5-61-17-60|82-48|62-63-19-36-47-8-37-43-57-74-25-55|2-15-42-14-38-49-46-7-20-78-34-24-58-93|72-21|83-52-69-65-66-32-35-3-77|45-84-44-91-100|28-12-29-39-67-23-22-75-56-4-54|18-90-51-9-50|85-86-96-6|33-81-71-30-88-10-70-1-68|99-16-41-73-79-76|53-40-94-89|27-31-11-64-95
393,15,1829.864,6762.5428,185.0,798.3592,0,15,961.587722,962.798124,True,59-98-92-97-87-13-26-80|5-61-17-60|52-82-48|27-31-62-63-19-36-47-8-37-43-57-74-25-55|2-15-42-14-38-49-46-7-20-78-34-24-58-93|72-21|83-33-65-66-32-35-77|45-84-44-91-100|28-12-29-39-67-23-22-75-56-4-54-3|18-90-30-9-51-70-1|85-86-96-6|81-71-88-10-50-68|99-16-41-73-79-76|53-40-94-89|69-64-11-95
394,10,1835.8786,3609.2231,315.0,795.5225,0,10,488.589766,489.340049,True,95-92-59-45-14-15-2-21-67-75-22-41-73-40-46-18-6-53-26-74-4-54-24-80-68-77|28-76-27-52-83-84-86-16-61-99-87-57-43-100-37-93-13|47-36-11-63-88-19-62-90-51-71-78-79-50-81-9-20-32-1|98-97-96-48-70|55-25-56-58|10-60-89|33-3-34-35-66-17-91|42-5-82-64-30-94-85-38-8-7-49|69-12-29-39-23-44|72-65-31
395,10,1866.3554,3561.1735,260.0,800.7764,0,10,481.382323,482.12983,True,92-42-15-67-39-22-21-40-53-3-79-81-9-51-20-50-74-56-4-55-54-24-77|27-29-65-69-31-52-6-94-99-85-97-57-43-91-93-96-13|5-45-82-36-19-11-62-64-90-71-30-46-7-78-35-66-32-70|95-98-44-17-60-89|37-100-58|84-61-41-26-68-34-10-1-80-25|18-48|2-75-88-83-38-86-16-87-8-49|33-76-73-72-23-12|59-14-47-63-28
396,16,1894.8707,6893.9829,167.0,780.7065,0,16,981.303742,982.549215,True,33-42-14-92-18-88-10-90-32-20-66-35-24-80-77|28-31-62-47-63-51-30-11-46-7-1-50-70-89|76-12-68-55-54|27-69-81-78-79-57-87-37-94|95-59-44-38-86-16-61-60-91-100-97-13|40-56-74-58|21-75-73|2-72-39|99-85-98-41-22-23-67-25|53-4-34|5-93-96|29-82-8-48|3-26-6-84-17|15-43-49|83-45-36-64-19-52|71-65-9
397,16,2055.5047,6504.9859,200.0,780.7065,0,16,922.954187,924.1928,True,33-42-14-83-52-88-10-90-32-20-66-35-24-80-77|28-31-82-47-63-71-51-11-62-7-46-84-18-50-1-70-89|76-12-15-55-54-68|27-69-9-81-78-79-57-87-37-94-6|95-92-59-99-98-44-86-16-61-60-91-100-97-13|40-56-22-74-58|21-75-73|2-72-23-39|85-38-41-67-25|53-4-34|5-93-96|29-8-48|3-26-17|43-49|45-36-64-19-30|65
398,15,2101.1647,6134.6619,214.0,780.7065,0,15,867.405581,868.603444,True,33-42-14-45-83-52-88-10-90-32-20-66-35-24-80-77|28-31-82-47-36-63-71-51-11-62-7-46-84-18-50-1-70-89|76-12-15-55-54-68|27-69-9-81-78-79-57-87-37-94-6|95-92-59-99-98-44-86-16-61-60-91-100-97-13|40-56-22-74-58|21-75-41-73|2-72-23-39|43-96-48|8-17|5-29-85-93|26-34-25|53-4-3|30-64-19-67-38-49|65
399,23,2248.595,10219.9496,147.0,771.2938,0,23,1480.198747,1482.04792,True,59-98-92-97-87-13-26-80|5-61-17-60|52-82-48|72|27-31-62-63-19-36-47-8-37-57-25-55|2-15-42-14-38-49-46-7-20-78-34-24-93|28-76|21|83-33-65-66-32-35-77|45-84-44|12-29-67-23-22-75-56-54-3|18-90-30-9-51-70-1|85-86-96-6|81-71-88-10-68|39-91|99-16-41-79|74|43-4|100|73-58|53-40-94-89|50|69-64-11-95
400,24,2273.3384,10059.6049,148.0,771.2938,0,24,1456.147035,1457.97998,True,59-98-92-97-87-13-26-80|50-74-100|5-61-17-60|95|52-82-48|72|27-31-62-63-19-36-47-8-37-57-25-55|53-40-73|2-15-42-14-38-49-46-7-20-78-34-24-93|28-76|21|83-33-65-66-32-35-77|45-84-44|94-58|12-29-67-23-22-75-56-54-3|18-90-30-9-51-70-1|69-89|85-86-96-6|81-71-88-10-68|39-91|4|43|99-16-41-79|11-64
