Rank,Z1_Vehicles,Z2_Distance,Z3_WaitTime,Z4_LoadBalance,Z5_Makespan,Unserved,Num_Routes,ASF,ASF_aug,In_ROI,Routes
1,5,1204.1166,1976.4456,219.0,935.7351,0,5,203.839832,204.044488,True,1-3-5-45-7-14-47-16-15-11-12-88-53-73-78-79-6-8-46-4-2-55-68-70-100|69-61-71-67-94-81-90-99-57-86-87-9-10-97-59-74-13-17-60-98|65-64-76-23-21-48-18-19-51-84-49-22-20-83-66-56-89-24-25-77-75-58-52-82|42-39-36-44-41-38-40-43-35-37-72-54-96|91-92-95-85-63-62-33-28-26-27-29-31-30-32-34-50-93-80
2,6,1211.3826,2659.7307,178.0,925.1058,0,6,306.332599,306.636533,True,1-3-5-45-88-78-73-79-7-6-8-46-4-2-55-68-70-100|69-61-71-67-94-81-90-99-57-86-87-97-59-74-52|82-12-14-47-16-15-11-9-53-10-13-17-60-98|65-64-76-23-21-48-18-19-51-84-49-22-20-66-56-89-24-25-77-75-58-83|42-39-36-44-41-38-40-43-35-37-72-54-96|91-92-95-85-63-62-33-28-26-27-29-31-30-32-34-50-93-80
3,6,1220.3859,2693.3389,129.0,912.6265,0,6,311.373833,311.678737,True,1-3-5-45-88-78-73-79-7-6-8-46-4-2-55-68-70-100|69-61-71-67-94-81-90-99-57-86-87-97-59-74-66-83-52|82-12-14-47-16-15-11-9-53-10-13-17-60-98|65-64-19-23-21-48-18-76-51-84-49-22-20-24-89-25-77-75-58|42-39-36-44-41-38-40-43-35-37-72-54-96|91-92-95-85-63-50-62-33-28-26-27-29-31-34-30-32-56-93-80
4,6,1232.5825,2626.9456,190.0,925.1058,0,6,301.414826,301.721402,True,1-3-5-45-7-79-73-78-53-6-8-46-4-2-55-68-70-100|69-88-61-71-67-90-99-57-86-87-97-59-74-52|82-12-14-47-16-15-11-9-10-13-17-60-98|65-64-23-21-48-18-19-76-51-84-49-22-20-66-56-89-24-25-77-75-58-83|42-39-36-38-44-40-37-41-72-81-43-35-54-96|91-92-95-85-63-62-33-28-26-27-29-31-30-32-34-50-93-94-80
5,4,1249.823,1172.8886,175.0,956.2505,0,4,83.306286,83.402497,True,69-98-12-47-16-15-11-9-87-99-86-57-22-49-20-59-97-10-17-13-74-24-25-77-75-58-52-82|65-83-64-19-23-21-48-18-76-51-84-91-81-90-66-56-50-34-32-89-85-94-93-96-80|14-45-1-42-36-39-44-61-88-73-78-53-79-7-6-8-46-5-3-4-2-60-55-100-70|92-95-63-33-28-26-27-29-31-30-62-67-71-72-41-38-40-43-35-37-54-68
6,6,1250.8562,2514.4613,142.0,925.1058,0,6,284.542184,284.83257,True,1-3-5-45-7-79-73-78-53-6-8-46-4-2-55-68|69-88-96-71-67-90-99-57-86-87-97-59-52-66|82-12-14-47-16-15-11-9-10-13-17-60-100-70-98|65-64-23-21-48-18-19-76-51-84-49-22-20-56-74-24-25-77-75-58-83|42-39-36-38-44-61-81-72-41-40-43-35-37-54|91-92-95-85-63-62-33-28-26-27-29-31-34-30-32-89-50-93-94-80
7,4,1257.8351,1195.3082,134.0,956.2505,0,4,86.669222,86.7671,True,69-98-12-47-16-15-11-9-87-99-86-57-22-49-20-59-97-10-17-13-74-24-25-77-75-58-52-82|65-83-64-19-23-21-48-18-76-51-84-81-90-66-56-50-34-32-89-93-94-80|14-45-42-39-36-44-61-88-53-73-78-79-7-8-6-46-5-3-1-4-2-60-55-100-70|91-92-95-85-63-33-28-26-27-29-31-30-62-67-71-72-41-38-40-43-35-37-54-68-96
8,4,1261.5491,1182.4622,155.0,956.2505,0,4,84.742329,84.841494,True,91-92-95-85-63-33-28-26-27-29-31-30-62-67-71-72-41-38-40-43-35-37-54-96|69-98-12-47-16-15-11-9-87-99-86-57-22-49-20-59-97-10-17-13-74-24-25-77-75-58-52-82|65-83-64-19-23-21-48-18-76-51-84-81-90-53-68-66-56-50-34-32-89-93-94-80|14-45-1-42-36-39-44-61-88-78-73-79-7-6-8-46-5-3-4-2-60-55-100-70
9,4,1263.4296,1150.9301,180.0,931.6393,0,4,80.012506,80.106314,True,82-12-14-47-16-15-11-9-87-99-86-57-22-20-49-24-74-13-17-75-58-77-25|65-69-64-19-23-21-48-18-76-51-84-90-98-53-10-97-59-52-83-66-56-50-34-31-32-89-93-94-80|45-1-42-39-36-44-61-88-78-73-79-7-6-8-46-5-3-4-2-60-55-100-70|91-92-95-85-63-33-28-26-27-29-30-62-67-71-72-38-40-41-81-96-54-37-35-43-68
10,4,1263.9221,1180.0892,155.0,956.2505,0,4,84.386373,84.485894,True,69-98-12-47-16-15-11-9-87-99-86-57-22-49-20-59-97-10-17-13-74-24-25-77-75-58-52-82|65-83-64-19-23-21-48-18-76-51-84-81-90-53-68-66-56-50-34-32-89-93-94-80|14-45-42-39-36-44-61-88-78-73-79-7-6-8-46-5-3-1-4-2-60-55-100-70|91-92-95-85-63-33-28-26-27-29-31-30-62-67-71-72-41-38-40-43-35-37-54-96
11,6,1265.795,2603.6796,171.0,912.6265,0,6,297.924935,298.234213,True,1-3-5-45-88-78-73-79-7-6-8-46-4-2-55-68-70-100|69-61-71-67-81-90-99-57-86-87-83-97-59-74-52|82-12-14-47-16-15-11-9-53-10-13-17-60-98|65-64-76-23-21-48-18-19-51-84-49-22-20-66-56-89-24-25-77-75-58|42-39-36-44-41-38-40-43-35-37-72-54-96|91-92-95-85-63-50-62-33-28-26-27-29-31-30-32-34-93-94-80
12,4,1266.6388,1193.0367,132.0,956.2505,0,4,86.3285,86.428478,True,91-92-95-85-63-33-28-26-27-29-31-30-62-67-71-72-41-38-40-43-35-37-54-96-94|69-98-12-47-16-15-11-9-87-99-86-57-22-49-20-59-97-10-17-13-74-24-25-77-75-58-52-82|65-83-64-19-23-21-48-18-76-51-84-90-81-68-66-56-32-34-89-50-93-80|14-45-42-39-36-44-61-88-53-73-78-79-7-8-6-46-5-3-1-4-2-60-55-100-70
13,4,1270.236,1173.2427,136.0,943.3327,0,4,83.359398,83.455948,True,91-92-95-85-63-33-28-26-27-29-31-30-62-67-71-81-38-41-40-43-35-37-72-54-96|69-98-12-47-16-15-11-9-87-99-86-57-22-49-20-59-97-10-17-13-74-24-25-77-75-58-52|65-83-64-19-23-21-48-18-76-51-84-90-82-53-68-66-56-50-34-32-89-93-94-80|14-45-1-42-36-39-44-61-88-78-73-79-7-6-8-46-5-3-4-2-60-55-100-70
14,4,1270.236,1173.2427,136.0,943.3327,0,4,83.359398,83.455948,True,91-92-95-85-63-33-28-26-27-29-31-30-62-67-71-81-38-41-40-43-35-37-72-54-96|69-98-12-47-16-15-11-9-87-99-86-57-22-49-20-59-97-10-17-13-74-24-25-77-75-58-52|65-83-64-19-23-21-48-18-76-51-84-90-82-53-68-66-56-50-34-32-89-93-94-80|14-45-1-42-36-39-44-61-88-78-73-79-7-6-8-46-5-3-4-2-60-55-100-70
15,4,1270.3014,1110.037,141.0,908.7336,0,4,73.878547,73.960946,True,65-82-98-12-14-47-16-15-11-9-87-99-86-57-22-20-49-24-74-58-75-77-25|69-64-19-23-21-48-18-76-51-84-91-90-53-10-97-59-52-83-66-56-50-34-32-89-93-94-80|45-1-42-39-36-44-61-88-78-73-79-7-6-8-46-5-3-4-2-55-13-17-60-100-70|92-95-85-63-33-28-26-27-29-31-30-62-67-71-72-38-40-41-81-96-54-37-35-43-68
16,4,1270.3014,1110.037,141.0,908.7336,0,4,73.878547,73.960946,True,65-82-98-12-14-47-16-15-11-9-87-99-86-57-22-20-49-24-74-58-75-77-25|69-64-19-23-21-48-18-76-51-84-91-90-53-10-97-59-52-83-66-56-50-34-32-89-93-94-80|45-1-42-39-36-44-61-88-78-73-79-7-6-8-46-5-3-4-2-55-13-17-60-100-70|92-95-85-63-33-28-26-27-29-31-30-62-67-71-72-38-40-41-81-96-54-37-35-43-68
17,4,1270.9991,1180.0892,132.0,956.2505,0,4,84.386373,84.485717,True,91-92-95-85-63-33-28-26-27-29-31-30-62-67-71-72-41-38-40-43-35-37-54-96-94|69-98-12-47-16-15-11-9-87-99-86-57-22-49-20-59-97-10-17-13-74-24-25-77-75-58-52-82|65-83-64-19-23-21-48-18-76-51-84-81-90-53-68-66-56-50-34-32-89-93-80|14-45-42-39-36-44-61-88-78-73-79-7-6-8-46-5-3-1-4-2-60-55-100-70
18,6,1281.2538,2451.4653,99.0,890.1079,0,6,275.092791,275.373297,True,1-3-5-45-88-78-73-79-7-6-8-46-4-2-55-68-70-100|69-90-53-99-57-86-87-97-59-74-58-77-25-83|82-12-14-47-16-15-11-9-10-13-17-60-98|65-64-52-75-23-21-48-18-19-76-51-84-49-22-20-56-66|42-39-36-71-61-44-40-37-38-41-72-81-43-35-54-96|91-92-95-85-63-62-33-28-26-27-29-31-34-67-50-30-32-89-24-94-93-80
19,4,1282.4684,1127.3784,124.0,956.2505,0,4,76.479752,76.57383,True,69-98-12-47-16-15-11-9-87-99-86-57-22-49-20-59-97-10-17-13-74-24-25-77-75-58-52-82|65-83-64-19-23-21-48-18-76-51-84-90-66-56-50-34-32-89-93-94-80|14-45-1-42-36-39-44-61-88-73-78-53-79-7-6-8-46-5-3-4-2-60-55-100-70|91-92-95-85-63-33-28-26-27-29-31-30-62-67-71-72-41-38-37-40-81-96-54-35-43-68
20,4,1283.1389,1240.9035,117.0,943.3327,0,4,93.508524,93.617194,True,91-92-95-63-33-28-26-27-29-31-30-62-67-71-61-41-38-40-43-35-37-72-54-96-94-85-89|98-12-14-47-16-15-11-99-82-53-9-87-86-57-22-49-20-59-97-10-17-13-74-24-25-77-75-58-52|65-83-64-19-23-21-48-18-76-51-84-90-81-68-66-56-50-32-34-93-80|45-42-39-36-44-69-88-78-73-79-7-6-8-46-5-3-1-4-2-60-55-100-70
21,4,1295.2128,1216.4446,134.0,943.3327,0,4,89.839678,89.950002,True,91-92-95-63-33-28-26-27-29-31-30-62-67-71-72-41-38-40-43-35-37-54-96-94-85-89|69-98-12-47-16-15-11-99-82-53-9-87-86-57-22-49-20-59-97-10-17-13-74-24-25-77-75-58-52|65-83-64-19-23-21-48-18-76-51-84-90-81-68-66-56-50-32-34-93-80|14-45-42-39-36-44-61-88-78-73-79-7-6-8-46-5-3-1-4-2-60-55-100-70
22,4,1296.7223,1104.4667,155.0,918.4686,0,4,73.042999,73.135349,True,65-98-12-14-47-16-15-11-9-87-99-86-57-22-20-49-24-74-13-75-58-77-25-82|69-64-19-23-21-48-18-76-51-84-90-53-10-97-59-52-83-66-56-50-34-31-32-89-93-94-80|45-1-42-39-36-44-61-88-78-73-79-7-6-8-46-5-3-4-2-55-17-60-100-70|91-92-95-85-63-33-28-26-27-29-30-62-67-71-72-38-40-41-81-96-54-37-35-43-68
23,4,1298.0271,1111.8197,134.0,956.2505,0,4,74.145946,74.243358,True,12-14-69-98-47-16-15-11-9-87-99-86-57-22-49-20-59-97-10-17-13-74-24-25-77-75-58-52-82|65-83-64-19-23-21-48-18-76-51-84-90-53-66-56-50-34-32-89-93-94-80|45-42-39-36-44-61-88-78-73-79-7-6-8-46-5-3-1-4-2-60-55-100-70|91-92-95-85-63-33-28-26-27-29-31-30-62-67-71-72-41-38-37-40-81-96-54-35-43-68
24,4,1300.6408,1234.6435,88.0,956.2505,0,4,92.569511,92.681531,True,92-95-63-33-28-26-27-29-31-30-62-67-71-72-41-38-40-43-35-37-54-96-94-85-89-91|69-98-47-16-15-11-9-87-99-86-57-22-49-20-59-97-10-17-13-74-24-25-77-75-58-52-82|65-83-64-19-23-21-48-18-76-51-84-81-90-53-55-68-66-56-50-32-34-93-80|12-14-45-42-36-39-44-61-88-78-73-79-7-6-8-46-5-3-1-4-2-60-100-70
25,4,1302.2365,1107.6103,124.0,956.2505,0,4,73.514534,73.611577,True,69-98-12-47-16-15-11-9-87-99-86-57-22-20-49-10-59-97-17-13-74-24-25-77-75-58-52-82|65-64-19-23-21-48-18-76-51-84-90-53-83-66-56-50-34-32-89-93-94-80|14-45-1-42-36-39-44-61-88-78-73-79-7-6-8-46-5-3-4-2-60-55-100-70|91-92-95-85-63-33-28-26-27-29-31-30-62-67-71-72-40-38-41-81-96-54-37-35-43-68
26,4,1303.6692,1134.7853,137.0,943.3327,0,4,77.590785,77.691697,True,92-95-63-33-28-26-27-29-31-30-62-67-71-72-41-38-40-43-35-37-54-96-94-85-89-93-80|69-98-12-47-16-15-11-99-82-53-9-87-86-57-22-49-20-59-97-10-17-13-74-24-25-77-75-58-52|14-45-42-39-36-44-61-88-78-73-79-7-6-8-46-5-3-1-4-2-60-55-100-70|65-83-64-19-23-21-48-18-76-51-84-91-81-90-66-56-50-32-34-68
27,4,1304.0013,1183.5274,67.0,919.204,0,4,84.902103,84.999807,True,91-92-95-63-33-28-26-27-29-31-30-62-67-71-72-41-38-40-43-35-37-54-96-94-85-89|65-82-12-14-47-16-15-11-9-87-99-86-57-22-20-49-75-97-13-17-59-74-24-25-77-58-52|69-83-64-19-23-21-48-18-76-51-84-81-90-53-10-66-56-50-32-34-93-80|45-42-39-36-44-61-88-78-73-79-7-6-8-46-5-3-1-4-2-68-55-98-60-100-70
28,4,1304.0013,1183.5274,67.0,919.204,0,4,84.902103,84.999807,True,91-92-95-63-33-28-26-27-29-31-30-62-67-71-72-41-38-40-43-35-37-54-96-94-85-89|65-82-12-14-47-16-15-11-9-87-99-86-57-22-20-49-75-97-13-17-59-74-24-25-77-58-52|69-83-64-19-23-21-48-18-76-51-84-81-90-53-10-66-56-50-32-34-93-80|45-42-39-36-44-61-88-78-73-79-7-6-8-46-5-3-1-4-2-68-55-98-60-100-70
29,4,1304.8613,1081.8176,325.0,942.3472,0,4,69.645633,69.75761,True,1-3-5-45-7-47-14-12-11-15-16-23-48-18-19-57-99-86-87-9-59-75-97-10-17-13-74-24-21-25-77-58-52-82|65-91-92-95-85-63-33-28-26-27-29-31-30-62-64-51-76-84-90-83-22-49-20-66-56-50-34-32-89-93-80|96-72-37-36-39-42-44-61-71-67-94-81-38-41-40-43-35-54-68|69-98-88-79-73-78-53-6-8-46-4-2-60-55-100-70
30,4,1306.0312,1091.2455,202.0,922.8173,0,4,71.059824,71.158337,True,65-64-23-21-48-18-19-76-51-84-57-22-49-20-83-66-56-50-34-32-89-24-25-77-75-58-52|14-45-42-39-36-44-40-38-41-1-3-5-8-7-6-46-43-35-37-72-54-96-93-94-80|91-92-95-85-63-33-28-26-27-29-31-30-62-67-71-61-81-90-99-86-87-74-82-55-68|69-98-12-47-16-15-11-88-79-73-78-53-9-10-59-97-13-17-4-2-60-100-70
31,4,1307.113,1131.3415,122.0,943.3327,0,4,77.074215,77.174144,True,91-92-95-63-33-28-26-27-29-31-30-62-67-71-72-41-38-40-43-35-37-54-96-94-85-89-93-80|69-98-12-47-16-15-11-9-87-99-86-57-22-49-20-59-97-10-17-13-74-24-25-77-75-58-52|14-45-42-39-36-44-61-88-78-73-79-7-6-8-46-5-3-1-4-2-60-55-100-70|65-83-64-19-23-21-48-18-76-51-84-81-90-53-82-66-56-50-32-34-68
32,4,1307.113,1131.3415,122.0,943.3327,0,4,77.074215,77.174144,True,91-92-95-63-33-28-26-27-29-31-30-62-67-71-72-41-38-40-43-35-37-54-96-94-85-89-93-80|69-98-12-47-16-15-11-9-87-99-86-57-22-49-20-59-97-10-17-13-74-24-25-77-75-58-52|14-45-42-39-36-44-61-88-78-73-79-7-6-8-46-5-3-1-4-2-60-55-100-70|65-83-64-19-23-21-48-18-76-51-84-81-90-53-82-66-56-50-32-34-68
33,4,1307.2612,1071.5905,325.0,934.52,0,4,68.111572,68.22156,True,1-3-5-45-7-47-14-12-11-15-16-23-21-18-19-57-99-52-86-87-9-59-75-97-10-17-13-74-24-48-25-77-58-82|65-91-92-95-85-63-33-28-26-27-29-31-30-62-64-51-76-84-90-83-22-49-20-66-56-50-34-32-89-93-80|96-72-37-36-39-42-44-61-71-67-94-81-38-41-40-43-35-54-68|69-98-88-79-73-78-53-6-8-46-4-2-60-55-100-70
34,4,1316.6002,1124.9006,137.0,943.3327,0,4,76.10808,76.211389,True,92-95-63-33-28-26-27-29-31-30-62-67-71-96-41-38-40-43-35-37-72-54-85-89-93-94-80|69-98-12-47-16-15-11-99-82-53-9-87-86-57-22-49-20-59-97-10-17-13-74-24-25-77-75-58-52|14-45-42-39-36-44-61-88-78-73-79-7-6-8-46-5-3-1-4-2-60-55-100-70|65-83-64-19-23-21-48-18-76-51-84-91-81-90-66-56-50-32-34-68
35,4,1317.4622,1092.4727,210.0,908.7336,0,4,71.243903,71.344716,True,69-98-12-47-16-15-11-9-87-99-86-57-22-20-49-24-13-74-58-75-77-25|65-83-64-19-23-21-48-18-76-51-84-91-81-90-82-10-97-59-52-66-56-50-34-32-89-85-94-93-96-80|14-45-1-42-36-39-44-61-88-73-78-53-79-7-6-8-46-5-3-4-2-55-17-60-100-70|92-95-63-33-28-26-27-29-31-30-62-67-71-72-41-38-40-43-35-37-54-68
36,4,1317.4622,1092.4727,210.0,908.7336,0,4,71.243903,71.344716,True,69-98-12-47-16-15-11-9-87-99-86-57-22-20-49-24-13-74-58-75-77-25|65-83-64-19-23-21-48-18-76-51-84-91-81-90-82-10-97-59-52-66-56-50-34-32-89-85-94-93-96-80|14-45-1-42-36-39-44-61-88-73-78-53-79-7-6-8-46-5-3-4-2-55-17-60-100-70|92-95-63-33-28-26-27-29-31-30-62-67-71-72-41-38-40-43-35-37-54-68
37,4,1317.7951,1090.7508,291.0,943.3327,0,4,70.985605,71.09955,True,65-82-12-14-47-11-15-16-23-21-48-18-19-57-99-86-87-9-59-97-10-17-13-74-24-25-77-75-58-52|91-92-95-85-63-33-28-26-27-29-31-30-62-64-67-76-51-84-49-22-20-83-66-56-50-34-32-89-93-94-80|2-45-42-39-36-72-71-96-61-44-40-38-41-81-90-6-5-3-1-43-35-37-54-68|69-98-88-53-73-78-79-7-8-46-4-60-55-100-70
38,4,1317.9961,1080.509,291.0,943.3327,0,4,69.449344,69.561813,True,65-82-12-14-47-11-15-16-23-21-48-18-19-57-99-86-87-9-97-59-10-17-13-74-24-25-77-75-58-52|91-92-95-85-63-33-28-26-27-29-31-30-62-64-67-76-51-84-49-22-20-83-66-56-50-34-32-89-93-94-80|2-45-42-39-36-37-72-71-96-61-44-40-38-41-81-90-6-5-3-1-43-35-54-68|69-98-88-53-73-78-79-7-8-46-4-60-55-100-70
39,4,1317.9961,1080.509,291.0,943.3327,0,4,69.449344,69.561813,True,65-82-12-14-47-11-15-16-23-21-48-18-19-57-99-86-87-9-97-59-10-17-13-74-24-25-77-75-58-52|91-92-95-85-63-33-28-26-27-29-31-30-62-64-67-76-51-84-49-22-20-83-66-56-50-34-32-89-93-94-80|2-45-42-39-36-37-72-71-96-61-44-40-38-41-81-90-6-5-3-1-43-35-54-68|69-98-88-53-73-78-79-7-8-46-4-60-55-100-70
40,4,1320.537,1172.8935,116.0,925.1058,0,4,83.30701,83.413864,True,91-92-95-63-33-28-26-27-29-31-30-62-67-71-72-41-38-40-43-35-37-54-96-94-85-89|65-82-12-14-47-16-15-11-9-87-99-86-57-22-49-20-52-10-59-97-13-74-24-25-77-75-58-83|69-64-19-23-21-48-18-76-51-84-90-81-68-66-56-50-32-34-93-80|2-45-42-39-36-44-61-88-98-53-73-78-79-6-8-46-5-3-1-4-7-55-17-60-100-70
41,4,1321.9315,1116.5229,122.0,943.3327,0,4,74.85143,74.953581,True,91-92-95-63-33-28-26-27-29-31-30-62-67-71-72-41-40-43-35-37-54-96-94-85-89-93-80|69-98-12-47-16-15-11-99-9-87-59-86-57-22-20-49-97-10-17-13-74-24-25-77-75-58-52|14-45-42-39-36-38-44-61-88-78-73-79-7-6-8-46-5-3-1-4-2-60-55-100-70|65-83-64-19-23-21-48-18-76-51-84-81-90-53-82-66-56-50-32-34-68
42,4,1322.9169,1074.298,293.0,932.0018,0,4,68.51769,68.629203,True,65-82-12-14-47-15-11-64-19-23-21-18-22-57-86-9-87-59-75-97-10-17-13-74-24-48-25-77-58-52|91-92-95-85-63-33-28-26-27-29-31-30-62-67-76-51-84-49-20-83-66-56-50-34-32-89-93-94-80|2-45-42-39-36-72-71-96-61-44-40-38-41-81-90-53-6-46-5-3-1-43-35-37-54-68|69-88-98-99-16-78-73-79-7-8-4-60-55-100-70
43,4,1324.3774,1065.8052,320.0,945.8509,0,4,67.243779,67.359234,True,45-7-47-14-12-11-15-16-23-21-48-18-19-57-99-52-86-87-9-59-97-10-17-13-74-24-25-77-75-58-82|65-91-92-95-85-63-33-28-26-27-29-31-30-62-64-51-76-84-49-22-20-83-66-56-50-34-32-89-93-80|72-37-36-39-42-44-61-96-94-67-71-38-40-41-81-90-53-2-46-5-3-1-43-35-54-68|69-98-88-78-73-79-6-8-4-60-55-100-70
44,4,1324.3774,1065.8052,320.0,945.8509,0,4,67.243779,67.359234,True,45-7-47-14-12-11-15-16-23-21-48-18-19-57-99-52-86-87-9-59-97-10-17-13-74-24-25-77-75-58-82|65-91-92-95-85-63-33-28-26-27-29-31-30-62-64-51-76-84-49-22-20-83-66-56-50-34-32-89-93-80|72-37-36-39-42-44-61-96-94-67-71-38-40-41-81-90-53-2-46-5-3-1-43-35-54-68|69-98-88-78-73-79-6-8-4-60-55-100-70
45,4,1324.899,1115.3266,90.0,943.3327,0,4,74.671976,74.771638,True,69-98-47-16-15-11-86-57-22-87-9-59-97-10-12-17-13-74-24-25-77-75-58-52|65-64-19-23-21-48-18-76-51-84-81-90-83-49-20-66-56-50-34-32-89-93-94-80|14-45-42-39-36-44-61-88-82-99-53-73-78-79-7-8-6-46-5-3-1-4-2-60-55-100-70|91-92-95-85-63-33-28-26-27-29-31-30-62-67-71-72-41-38-40-43-35-37-54-68-96
46,4,1324.899,1115.3266,90.0,943.3327,0,4,74.671976,74.771638,True,69-98-47-16-15-11-86-57-22-87-9-59-97-10-12-17-13-74-24-25-77-75-58-52|65-64-19-23-21-48-18-76-51-84-81-90-83-49-20-66-56-50-34-32-89-93-94-80|14-45-42-39-36-44-61-88-82-99-53-73-78-79-7-8-6-46-5-3-1-4-2-60-55-100-70|91-92-95-85-63-33-28-26-27-29-31-30-62-67-71-72-41-38-40-43-35-37-54-68-96
47,4,1325.0027,1044.0415,255.0,914.6717,0,4,63.979218,64.080419,True,82-14-47-11-15-16-23-21-48-18-19-57-99-86-87-9-59-75-97-10-12-17-13-74-24-25-77-58-52|65-91-92-95-85-63-33-28-26-27-29-31-30-62-64-51-76-84-49-22-20-83-66-56-50-34-32-89-93-80|45-42-39-36-44-61-96-94-67-71-72-38-40-41-81-90-2-5-3-1-43-35-37-54-68|69-98-88-53-73-78-79-6-8-46-4-7-60-55-100-70
48,4,1329.1197,1039.9246,271.0,914.6717,0,4,63.361675,63.465094,True,65-82-14-47-11-15-16-23-21-48-18-19-57-99-86-87-9-59-75-97-10-12-17-13-74-24-25-77-58-52|91-92-95-85-63-33-28-26-27-29-31-30-62-64-51-76-84-49-22-20-83-66-56-50-34-32-89-93-80|45-42-39-36-44-61-96-94-67-71-72-38-40-41-81-90-2-5-3-1-43-35-37-54-68|69-98-88-79-73-78-53-6-8-46-4-7-60-55-100-70
49,4,1333.8599,1157.807,36.0,953.4016,0,4,81.04404,81.148873,True,91-92-95-63-33-28-26-27-29-31-30-62-67-71-72-41-38-40-43-35-37-54-96-94-85-89-25-77-58-52|65-83-64-19-23-21-48-18-76-51-84-81-90-53-10-82-68-66-56-50-32-34-93-80|14-45-42-39-36-44-61-88-78-73-79-7-6-8-46-5-3-1-4-2-60-55-100-70|69-98-12-47-16-15-11-99-9-87-86-57-22-20-49-75-97-13-17-59-74-24
50,4,1333.8599,1157.807,36.0,953.4016,0,4,81.04404,81.148873,True,91-92-95-63-33-28-26-27-29-31-30-62-67-71-72-41-38-40-43-35-37-54-96-94-85-89-25-77-58-52|65-83-64-19-23-21-48-18-76-51-84-81-90-53-10-82-68-66-56-50-32-34-93-80|14-45-42-39-36-44-61-88-78-73-79-7-6-8-46-5-3-1-4-2-60-55-100-70|69-98-12-47-16-15-11-99-9-87-86-57-22-20-49-75-97-13-17-59-74-24
51,4,1338.2287,1096.8649,154.0,943.3327,0,4,71.902723,72.010015,True,91-92-95-63-33-28-26-27-29-31-30-62-67-71-41-38-40-43-72-37-35-54-89-85-50-93-94-80|69-98-12-47-16-15-11-99-82-53-9-87-86-57-22-49-20-59-97-10-17-13-74-24-25-77-75-58-52|14-45-1-42-36-39-44-61-88-78-73-79-7-6-8-46-5-3-4-2-60-55-100-70|65-83-64-19-23-21-48-18-76-51-84-81-90-66-56-32-34-96-68
52,4,1339.4027,1039.4491,320.0,934.52,0,4,63.29035,63.40466,True,45-7-47-12-14-11-15-16-23-21-18-19-57-99-52-86-87-9-59-75-97-10-17-13-74-24-48-25-77-58-82|65-91-92-95-85-63-33-28-26-27-29-31-30-62-64-51-76-84-49-22-20-83-66-56-50-34-32-89-93-80|72-37-36-39-42-44-61-96-94-67-71-38-40-41-81-90-53-2-46-5-3-1-43-35-54-68|69-98-88-78-73-79-6-8-4-60-55-100-70
53,4,1339.6448,1111.7274,110.0,956.2505,0,4,74.132107,74.239591,True,91-92-95-63-33-28-26-27-29-31-30-62-67-71-72-41-38-40-43-35-37-54-96-94-85-89-93-80|69-98-47-16-15-11-53-99-87-86-57-22-49-20-59-97-10-17-13-74-24-25-77-75-58-52-82|14-45-42-39-36-44-61-88-73-9-12-78-79-7-6-8-46-5-3-1-4-2-60-55-100-70|65-83-64-19-23-21-48-18-76-51-84-81-90-66-56-50-32-34-68
54,4,1341.3247,1067.2212,252.0,943.3327,0,4,67.456168,67.569742,True,65-82-12-14-47-11-15-16-23-21-48-18-19-57-86-9-87-59-97-10-17-13-74-24-25-77-75-58-52|91-92-95-85-63-33-28-26-27-29-31-30-62-64-51-76-84-49-22-20-83-66-56-50-34-32-89-93-94-80|2-45-42-39-36-72-71-67-96-44-40-38-41-81-90-6-5-3-1-43-35-37-54-68|69-61-88-98-99-53-73-78-79-7-8-46-4-60-55-100-70
55,4,1342.0038,1043.2688,88.0,927.0544,0,4,63.863309,63.954652,True,65-69-98-12-47-16-15-11-9-87-99-86-57-22-20-49-24-13-74-58-75-77-25-82|83-64-19-23-21-48-18-76-51-84-90-53-10-97-59-52-66-56-50-34-32-89-93-94-80|14-45-1-42-36-39-44-61-88-78-73-79-7-6-8-46-5-3-4-2-55-17-60-100-70|91-92-95-85-63-33-28-26-27-29-31-30-62-67-71-72-41-38-37-40-81-96-54-35-43-68
56,4,1342.0038,1043.2688,88.0,927.0544,0,4,63.863309,63.954652,True,65-69-98-12-47-16-15-11-9-87-99-86-57-22-20-49-24-13-74-58-75-77-25-82|83-64-19-23-21-48-18-76-51-84-90-53-10-97-59-52-66-56-50-34-32-89-93-94-80|14-45-1-42-36-39-44-61-88-78-73-79-7-6-8-46-5-3-4-2-55-17-60-100-70|91-92-95-85-63-33-28-26-27-29-31-30-62-67-71-72-41-38-37-40-81-96-54-35-43-68
57,4,1345.2848,1012.2756,66.0,910.1829,0,4,59.214339,59.297287,True,69-98-12-47-16-15-11-9-87-86-57-22-20-49-24-74-13-75-58-77-25-83|65-64-19-23-21-48-18-76-51-99-82-90-53-10-97-59-52-66-56-50-34-32-89-93-80|14-45-1-42-36-39-44-61-88-78-73-79-7-6-8-46-5-3-4-2-55-17-60-100-70|92-95-85-63-33-28-26-27-29-31-30-62-67-71-72-40-38-41-81-91-84-94-96-54-37-35-43-68
58,4,1345.2848,1012.2756,66.0,910.1829,0,4,59.214339,59.297287,True,69-98-12-47-16-15-11-9-87-86-57-22-20-49-24-74-13-75-58-77-25-83|65-64-19-23-21-48-18-76-51-99-82-90-53-10-97-59-52-66-56-50-34-32-89-93-80|14-45-1-42-36-39-44-61-88-78-73-79-7-6-8-46-5-3-4-2-55-17-60-100-70|92-95-85-63-33-28-26-27-29-31-30-62-67-71-72-40-38-41-81-91-84-94-96-54-37-35-43-68
59,4,1351.2275,1010.2942,310.0,917.19,0,4,58.917126,59.02701,True,45-7-47-14-12-11-15-16-23-21-48-18-19-57-99-52-86-87-9-59-75-97-10-17-13-74-24-25-77-58-82|65-91-92-95-63-33-28-26-27-29-31-30-62-64-51-76-84-49-22-20-83-66-56-50-34-32-89-85-93-80|72-37-36-39-42-44-96-94-67-71-38-40-41-81-90-98-53-2-5-3-1-43-35-54-68|69-61-88-78-73-79-6-8-46-4-60-55-100-70
60,4,1365.6855,1141.24,57.0,953.4016,0,4,78.558996,78.672992,True,91-92-95-63-33-28-26-27-29-31-30-62-67-71-72-41-38-40-43-35-37-54-96-94-85-89-25-77-58-52|69-98-12-47-16-15-11-9-87-99-86-57-22-49-75-97-59-10-17-13-74-24-82|65-64-19-23-21-48-18-76-51-84-81-90-53-20-83-66-68-56-50-32-34-93-80|14-45-42-39-36-44-61-88-78-73-79-7-6-8-46-5-3-1-4-2-60-55-100-70
61,4,1366.8792,1009.4002,335.0,931.9477,0,4,58.783024,58.902183,True,45-7-47-14-12-11-15-16-23-48-18-19-57-99-52-86-87-9-59-75-97-10-17-13-74-24-21-25-77-58-82|65-91-92-63-33-28-26-27-29-31-30-62-64-51-76-84-49-22-20-83-66-56-95-50-34-32-89-85-93-80|72-37-36-39-42-44-96-94-67-71-38-40-41-81-90-98-6-2-46-5-3-1-43-35-54-68|69-61-88-53-73-78-79-8-4-60-55-100-70
62,4,1367.5235,993.9982,326.0,917.19,0,4,56.472717,56.586646,True,65-45-7-47-14-11-12-15-16-23-21-48-18-19-57-99-52-86-87-9-59-75-97-10-17-13-74-24-25-77-58-82|91-92-95-63-33-28-26-27-29-31-30-62-64-51-76-84-49-22-20-83-66-56-50-34-32-89-85-93-80|72-37-36-39-42-96-94-67-71-44-38-40-41-81-90-98-53-2-5-3-1-43-35-54-68|69-61-88-78-73-79-6-8-46-4-60-55-100-70
63,4,1367.5235,993.9982,326.0,917.19,0,4,56.472717,56.586646,True,65-45-7-47-14-11-12-15-16-23-21-48-18-19-57-99-52-86-87-9-59-75-97-10-17-13-74-24-25-77-58-82|91-92-95-63-33-28-26-27-29-31-30-62-64-51-76-84-49-22-20-83-66-56-50-34-32-89-85-93-80|72-37-36-39-42-96-94-67-71-44-38-40-41-81-90-98-53-2-5-3-1-43-35-54-68|69-61-88-78-73-79-6-8-46-4-60-55-100-70
64,4,1368.4859,1003.4354,297.0,927.5895,0,4,57.888297,58.00259,True,45-7-47-14-12-11-15-16-23-21-48-18-19-99-86-9-87-59-75-97-10-17-13-74-24-25-77-58-52-82|65-91-92-95-63-33-28-26-27-29-31-30-62-64-51-76-84-57-22-49-20-83-66-56-50-34-32-89-85-93-80|72-37-36-39-42-44-96-94-67-71-38-40-41-81-90-98-53-2-46-5-3-1-43-35-54-68|69-61-88-78-73-79-6-8-4-60-55-100-70
65,5,1379.2336,1774.2903,154.0,896.4449,0,5,173.516534,173.731007,True,65-82-12-14-47-11-15-16-23-57-99-52-86-87-9-10-59-97-75-74-66-91|63-33-28-30-50-64-19-18-76-85-84-51-49-22-20-24-89-48-21-25-77-58-83|92-62-26-27-29-67-71-96-81-61-90-56-95-32-31-34-93-94-80|69-88-53-73-78-79-7-8-6-46-5-3-1-68-55-2-4-60-17-13-98|45-42-39-36-44-41-38-40-43-35-37-72-54-70-100
66,4,1380.0162,998.8355,320.0,934.52,0,4,57.198319,57.318721,True,45-7-47-14-52-12-11-15-16-23-21-18-19-57-99-86-87-9-59-75-97-10-17-13-74-24-48-25-77-58-82|65-91-92-95-85-63-33-28-26-27-29-31-30-62-64-51-76-84-49-22-20-83-66-56-50-34-32-89-93-80|72-37-36-39-42-44-61-96-94-67-71-38-40-41-81-90-53-2-46-5-3-1-43-35-54-68|69-98-88-78-73-79-6-8-4-60-55-100-70
67,4,1384.5713,987.3499,315.0,927.5895,0,4,55.475476,55.593982,True,45-7-12-14-47-11-15-16-23-21-48-18-19-57-99-86-87-9-59-97-75-10-17-13-74-24-25-77-58-52-82|92-65-91-95-85-63-33-28-26-27-29-31-30-62-64-51-76-84-49-22-20-56-83-66-34-32-89-50-93-80|36-42-39-44-61-96-94-67-71-72-38-40-41-81-90-2-46-5-3-1-43-37-35-54-68|69-98-88-53-73-78-79-6-8-4-60-55-100-70
68,4,1384.5713,987.3499,315.0,927.5895,0,4,55.475476,55.593982,True,45-7-12-14-47-11-15-16-23-21-48-18-19-57-99-86-87-9-59-97-75-10-17-13-74-24-25-77-58-52-82|92-65-91-95-85-63-33-28-26-27-29-31-30-62-64-51-76-84-49-22-20-56-83-66-34-32-89-50-93-80|36-42-39-44-61-96-94-67-71-72-38-40-41-81-90-2-46-5-3-1-43-37-35-54-68|69-98-88-53-73-78-79-6-8-4-60-55-100-70
69,4,1387.5777,1122.1346,62.0,950.472,0,4,75.693189,75.810947,True,82-12-14-47-16-15-11-9-99-52-57-86-87-59-97-10-17-13-74-24-48-25-77-75-58|92-95-85-63-33-30-23-21-18-19-76-51-84-49-22-20-83-66-56-50-34-32-89-91-80|2-45-42-39-36-31-29-27-26-28-62-67-71-72-38-40-41-81-90-53-98-43-35-37-54-93-94-96|65-64-69-61-44-88-78-73-79-7-6-8-46-5-3-1-4-68-55-60-100-70
70,4,1387.5777,1122.1346,62.0,950.472,0,4,75.693189,75.810947,True,82-12-14-47-16-15-11-9-99-52-57-86-87-59-97-10-17-13-74-24-48-25-77-75-58|92-95-85-63-33-30-23-21-18-19-76-51-84-49-22-20-83-66-56-50-34-32-89-91-80|2-45-42-39-36-31-29-27-26-28-62-67-71-72-38-40-41-81-90-53-98-43-35-37-54-93-94-96|65-64-69-61-44-88-78-73-79-7-6-8-46-5-3-1-4-68-55-60-100-70
71,4,1393.6682,1000.9745,251.0,929.4295,0,4,57.519162,57.636317,True,65-82-45-7-14-47-16-15-11-99-57-86-9-87-59-75-97-10-12-17-13-74-24-21-25-77-58-52|91-92-95-85-63-33-28-26-27-29-31-62-64-19-23-48-18-76-51-84-49-22-20-83-66-56-50-32-89-93-94-80|42-39-36-44-61-96-71-72-38-40-41-81-90-98-2-46-5-3-1-43-35-37-54-68|69-30-34-67-88-53-73-78-79-6-8-4-60-55-100-70
72,4,1397.1769,1011.286,196.0,942.0018,0,4,59.065897,59.182037,True,65-82-45-7-47-14-12-11-15-16-23-86-57-99-9-87-59-75-97-10-17-13-74-24-48-21-25-77-58-52|92-95-85-63-62-33-28-27-29-30-67-76-19-18-51-84-49-22-20-83-66-56-50-34-31-26-32-89-93-96-80|42-39-36-44-40-38-41-72-81-90-98-2-5-3-1-43-35-37-54-68|69-64-91-94-71-61-88-53-73-78-79-6-8-46-4-60-55-100-70
73,4,1399.2526,976.3475,323.0,896.7215,0,4,53.82511,53.94254,True,65-82-45-7-47-14-12-11-15-16-23-21-18-19-22-57-99-9-87-59-75-97-10-17-13-74-58-77-25-52|91-92-85-63-33-28-26-27-29-31-30-62-64-51-76-84-83-86-49-20-66-56-95-50-34-32-89-48-24-94-93-80|42-39-36-44-96-67-71-72-38-40-41-81-90-98-2-46-5-3-1-43-35-37-54-68|69-61-88-53-73-78-79-6-8-4-60-55-100-70
74,4,1399.2526,976.3475,323.0,896.7215,0,4,53.82511,53.94254,True,65-82-45-7-47-14-12-11-15-16-23-21-18-19-22-57-99-9-87-59-75-97-10-17-13-74-58-77-25-52|91-92-85-63-33-28-26-27-29-31-30-62-64-51-76-84-83-86-49-20-66-56-95-50-34-32-89-48-24-94-93-80|42-39-36-44-96-67-71-72-38-40-41-81-90-98-2-46-5-3-1-43-35-37-54-68|69-61-88-53-73-78-79-6-8-4-60-55-100-70
75,4,1399.4004,996.9739,213.0,942.0018,0,4,56.919076,57.035436,True,65-82-98-45-47-14-12-11-15-16-23-86-57-99-9-87-59-75-97-10-17-13-74-24-48-21-25-77-58-52|91-92-63-33-28-26-27-29-31-30-62-64-19-18-76-51-84-49-22-20-83-66-56-95-50-34-32-89-85-93-80|42-39-36-72-71-67-94-96-38-40-41-81-90-53-46-5-3-1-43-35-37-54-68|69-61-44-88-78-73-79-7-6-8-4-2-60-55-100-70
76,4,1399.5665,905.2872,354.0,941.6746,0,4,51.621336,51.738044,True,65-82-12-14-59-23-64-71-72-44-40-38-41-90-81-54-37-35-43-1-3-4-2-60-100-70|91-92-95-85-63-33-28-26-27-29-31-30-62-67-76-19-21-48-18-51-84-22-20-49-24-74-13-17-75-58-77-25-83|96-36-39-42-5-45-7-47-16-15-11-9-99-52-57-86-87-97-10-66-56-50-34-32-89-93-94-80|69-61-88-98-53-73-78-79-8-46-6-55-68
77,4,1399.5665,905.2872,354.0,941.6746,0,4,51.621336,51.738044,True,65-82-12-14-59-23-64-71-72-44-40-38-41-90-81-54-37-35-43-1-3-4-2-60-100-70|91-92-95-85-63-33-28-26-27-29-31-30-62-67-76-19-21-48-18-51-84-22-20-49-24-74-13-17-75-58-77-25-83|96-36-39-42-5-45-7-47-16-15-11-9-99-52-57-86-87-97-10-66-56-50-34-32-89-93-94-80|69-61-88-98-53-73-78-79-8-46-6-55-68
78,4,1400.7623,996.7573,276.0,942.3472,0,4,56.886588,57.009676,True,65-45-7-47-14-12-11-15-16-23-48-18-86-57-99-9-87-59-75-97-10-17-13-74-24-21-25-77-58-52-82|91-92-95-85-63-33-28-26-27-29-31-30-62-64-19-76-51-84-49-22-20-83-66-56-50-34-32-89-93-94-80|42-39-36-37-72-71-67-96-38-40-41-81-90-98-53-2-5-3-1-43-35-54-68|69-61-44-88-78-73-79-6-8-46-4-60-55-100-70
79,4,1403.2292,993.795,252.0,931.811,0,4,56.442238,56.561642,True,65-45-7-12-14-47-11-15-16-23-18-75-87-9-86-57-52-97-59-10-17-13-74-24-48-21-25-77-58|91-92-63-33-28-26-27-29-31-30-62-64-19-76-51-84-49-22-20-83-66-56-95-50-34-32-89-85-93-94-80|42-39-36-44-72-71-67-96-61-40-38-41-81-90-53-2-46-5-3-1-43-35-37-54-68|69-99-82-98-88-78-73-79-6-8-4-60-55-100-70
80,4,1403.8144,993.0226,281.0,931.6238,0,4,56.326384,56.448718,True,65-82-45-7-47-14-12-11-15-16-23-86-57-99-9-87-59-75-97-10-13-17-74-24-48-21-25-77-58-52|91-92-85-63-33-28-26-27-29-31-30-62-64-19-18-76-51-84-49-22-20-83-66-56-95-34-50-32-89-93-94-80|42-39-36-72-71-67-96-44-40-38-41-81-90-98-2-5-3-1-43-35-37-54-68|69-61-88-53-73-78-79-6-8-46-4-60-55-100-70
81,4,1409.5939,966.3616,330.0,931.6238,0,4,54.62955,54.754519,True,65-82-98-45-7-14-47-11-15-16-23-18-19-86-57-99-9-87-59-75-97-10-12-13-17-74-24-48-21-25-77-58-52|91-92-63-33-28-26-27-29-31-30-62-64-51-76-84-49-22-20-83-66-56-95-50-34-32-89-85-93-80|42-39-36-37-72-71-67-94-96-38-40-41-81-90-2-46-5-3-1-43-35-54-68|69-61-44-88-53-73-78-79-6-8-4-60-55-100-70
82,4,1410.7963,978.0554,315.0,944.52,0,4,54.990256,55.117774,True,45-7-47-14-12-11-15-16-23-18-19-57-99-52-86-87-9-59-75-97-10-17-13-74-24-48-21-25-77-58-82|65-91-92-95-63-33-28-26-27-29-31-30-62-64-76-51-84-49-22-20-83-66-56-50-34-32-89-85-93-80|72-37-36-39-42-44-96-94-71-67-38-40-41-81-90-98-2-46-5-3-1-43-35-54-68|69-61-88-73-78-79-53-6-8-4-60-55-100-70
83,4,1411.4883,974.3615,287.0,929.4295,0,4,55.197864,55.319973,True,65-82-45-7-47-14-12-11-15-16-23-48-18-86-57-99-9-87-59-75-97-10-17-13-74-24-21-25-77-58-52|91-92-63-33-28-26-27-29-31-30-62-64-19-76-51-84-49-22-20-83-66-56-95-50-34-32-89-85-94-93-96-80|42-39-36-37-71-67-72-38-40-41-81-90-98-2-46-5-3-1-43-35-54-68|69-61-44-88-53-73-78-79-6-8-4-60-55-100-70
84,4,1412.4975,980.3051,271.0,927.5895,0,4,55.500638,55.622065,True,65-45-7-47-14-12-11-15-16-23-21-18-86-57-99-9-87-59-75-97-10-17-13-74-24-25-77-58-52-82|91-92-95-63-33-28-26-27-29-31-30-62-64-19-48-76-51-84-49-22-20-83-66-56-50-34-32-89-85-93-94-80|42-39-36-72-71-67-96-38-40-41-81-90-98-2-46-5-3-1-43-35-37-54-68|69-61-44-88-53-73-78-79-6-8-4-60-55-100-70
85,4,1412.4975,980.3051,271.0,927.5895,0,4,55.500638,55.622065,True,65-45-7-47-14-12-11-15-16-23-21-18-86-57-99-9-87-59-75-97-10-17-13-74-24-25-77-58-52-82|91-92-95-63-33-28-26-27-29-31-30-62-64-19-48-76-51-84-49-22-20-83-66-56-50-34-32-89-85-93-94-80|42-39-36-72-71-67-96-38-40-41-81-90-98-2-46-5-3-1-43-35-37-54-68|69-61-44-88-53-73-78-79-6-8-4-60-55-100-70
86,5,1412.5549,1753.5671,123.0,905.2286,0,5,170.408058,170.627637,True,64-83-99-88-78-73-79-8-46-4-17-60-100-70-80-91|92-63-33-28-26-27-29-30-62-67-71-96-41-38-40-43-35-37-72-54-94-85-89-50-93|69-98-47-16-15-9-87-86-57-22-20-49-24-74-59-75-58-77-25-52|65-82-12-14-11-23-21-48-18-19-76-51-84-90-66-56-95-32-31-34|45-5-3-1-42-39-36-44-81-61-2-6-7-53-10-97-13-55-68
87,4,1414.0794,899.1247,376.0,953.7885,0,4,55.975199,56.099354,True,65-82-12-14-23-64-71-72-44-40-38-41-81-54-37-35-43-3-5-4-60-100-70|91-92-63-33-28-26-27-29-31-30-62-67-76-19-21-48-18-51-84-22-20-49-24-74-17-13-59-75-58-77-25-83|96-36-39-42-1-45-7-47-16-15-11-88-90-99-52-57-86-87-9-10-97-66-56-95-50-34-32-89-85-93-94-80|69-61-98-53-73-78-79-6-8-46-2-55-68
88,4,1414.7815,952.2566,191.0,951.5736,0,4,56.185832,56.299334,True,91-92-95-85-63-33-28-26-27-29-31-30-62-64-67-76-51-84-49-22-20-83-66-56-50-34-32-89-24-25-77-58-94-93-80|14-45-42-39-36-72-71-96-61-44-40-38-41-81-90-6-5-3-1-43-35-37-54-68|69-88-11-16-99-53-73-78-79-7-8-46-4-2-60-55-100-70|65-82-98-12-47-15-59-75-23-21-48-18-19-57-86-9-87-97-10-17-13-74-52
89,4,1414.7815,952.2566,191.0,951.5736,0,4,56.185832,56.299334,True,91-92-95-85-63-33-28-26-27-29-31-30-62-64-67-76-51-84-49-22-20-83-66-56-50-34-32-89-24-25-77-58-94-93-80|14-45-42-39-36-72-71-96-61-44-40-38-41-81-90-6-5-3-1-43-35-37-54-68|69-88-11-16-99-53-73-78-79-7-8-46-4-2-60-55-100-70|65-82-98-12-47-15-59-75-23-21-48-18-19-57-86-9-87-97-10-17-13-74-52
90,4,1417.7253,1008.7727,152.0,941.6746,0,4,58.688897,58.806376,True,65-52-12-14-11-98-69-88-61-44-40-38-41-2-6-8-46-5-3-1-4-43-35-70-100|91-92-95-63-33-28-26-27-29-31-76-19-23-21-48-18-51-84-22-20-49-24-74-13-17-75-58-77-25-83|72-37-36-39-42-45-7-47-15-16-73-79-78-53-9-86-87-59-97-10-60-55|64-62-50-30-67-71-81-90-82-99-57-66-56-68-54-34-32-89-85-94-93-96-80
91,4,1418.0983,970.7534,315.0,944.52,0,4,57.180878,57.309492,True,7-45-14-47-12-11-15-16-23-18-19-57-99-52-86-87-9-59-75-97-10-17-13-74-24-48-21-25-77-58-82|65-91-92-95-63-33-28-26-27-29-31-30-62-64-51-76-84-49-22-83-20-66-56-50-34-32-89-85-93-80|72-37-36-39-42-44-96-94-67-71-38-40-41-81-90-98-2-46-5-3-1-43-35-54-68|69-61-88-79-73-78-53-6-8-4-60-55-100-70
92,4,1418.5466,912.6812,276.0,941.6746,0,4,57.315357,57.431068,True,65-12-14-59-23-64-67-71-44-40-38-41-90-81-54-72-37-35-43-3-5-4-60-100-70|92-63-33-28-26-27-29-31-30-62-76-19-21-48-18-51-84-22-20-49-24-74-13-17-75-58-77-25-83|36-39-42-1-45-7-47-16-15-11-9-99-52-57-86-87-97-10-82-66-56-95-50-34-32-89-85-93-94-80|69-91-96-61-88-98-53-73-78-79-6-8-46-2-55-68
93,4,1419.9042,988.6416,260.0,943.3327,0,4,57.722648,57.848809,True,65-82-12-14-47-11-15-16-23-21-48-18-19-57-99-86-87-9-59-97-10-17-13-74-24-25-77-75-58-52|91-92-95-85-63-33-28-26-27-29-31-50-62-64-67-30-84-51-49-22-20-83-66-56-34-32-89-93-94-80|2-45-42-39-36-72-71-96-61-44-40-38-41-81-90-6-5-3-1-43-35-37-54-68|69-76-98-88-53-73-78-79-7-8-46-4-60-55-100-70
94,4,1420.2874,953.4738,330.0,929.4295,0,4,57.837591,57.963506,True,65-82-98-45-7-14-47-11-15-16-23-18-19-86-57-99-9-87-59-75-97-10-12-17-13-74-24-21-25-77-58-52|91-92-63-33-28-26-27-29-31-30-62-64-76-51-48-84-49-22-20-83-56-66-95-50-34-32-89-85-93-80|37-36-39-42-44-96-94-67-71-72-38-40-41-81-90-2-46-5-3-1-43-35-54-68|69-61-88-53-73-78-79-6-8-4-60-55-100-70
95,4,1420.3369,959.548,318.0,914.6717,0,4,57.852433,57.97586,True,65-82-45-7-47-14-12-11-15-16-23-21-48-86-57-99-9-87-59-75-97-10-17-13-74-24-25-77-58-52|91-92-63-33-28-26-27-29-31-30-62-64-19-18-76-51-84-49-22-20-83-66-56-95-50-34-32-89-85-93-94-80|72-36-39-42-69-96-67-71-44-40-38-41-81-90-98-2-46-5-3-1-43-35-37-54-68|61-88-79-73-78-53-6-8-4-60-55-100-70
96,4,1420.3369,959.548,318.0,914.6717,0,4,57.852433,57.97586,True,65-82-45-7-47-14-12-11-15-16-23-21-48-86-57-99-9-87-59-75-97-10-17-13-74-24-25-77-58-52|91-92-63-33-28-26-27-29-31-30-62-64-19-18-76-51-84-49-22-20-83-66-56-95-50-34-32-89-85-93-94-80|72-36-39-42-69-96-67-71-44-40-38-41-81-90-98-2-46-5-3-1-43-35-37-54-68|61-88-79-73-78-53-6-8-4-60-55-100-70
97,4,1421.5175,897.1243,374.0,941.6746,0,4,58.206628,58.330697,True,65-82-12-14-59-23-64-71-72-44-40-38-41-81-54-37-35-43-3-5-4-60-100-70|91-92-63-33-28-26-27-29-31-30-62-67-76-19-21-48-18-51-84-22-20-49-24-74-13-17-75-58-77-25-83|96-36-39-42-1-45-7-47-16-15-11-73-88-99-52-57-86-9-87-97-10-66-56-95-50-34-32-89-85-93-94-80|69-61-90-98-53-78-79-6-8-46-2-55-68
98,4,1423.8947,877.1956,371.0,941.6746,0,4,58.919771,59.041264,True,65-82-12-14-59-23-64-71-72-44-40-38-41-81-54-37-35-43-3-5-4-60-100-70|91-92-63-33-28-26-27-29-31-30-62-67-76-19-21-48-18-51-84-22-57-20-49-24-74-13-17-75-58-77-25-83|96-36-39-42-1-45-7-47-16-15-11-88-61-90-99-52-86-87-9-10-97-66-56-95-50-34-32-89-85-93-94-80|69-98-53-73-78-79-6-8-46-2-55-68
99,4,1423.8947,877.1956,371.0,941.6746,0,4,58.919771,59.041264,True,65-82-12-14-59-23-64-71-72-44-40-38-41-81-54-37-35-43-3-5-4-60-100-70|91-92-63-33-28-26-27-29-31-30-62-67-76-19-21-48-18-51-84-22-57-20-49-24-74-13-17-75-58-77-25-83|96-36-39-42-1-45-7-47-16-15-11-88-61-90-99-52-86-87-9-10-97-66-56-95-50-34-32-89-85-93-94-80|69-98-53-73-78-79-6-8-46-2-55-68
100,4,1423.9817,885.4339,268.0,941.6746,0,4,58.945876,59.05833,True,65-12-14-59-23-64-71-72-44-40-38-41-90-81-54-37-35-43-3-5-4-60-100-70|92-95-85-63-33-28-26-27-29-31-30-62-67-76-19-21-48-18-51-84-22-20-49-24-74-13-17-75-58-77-25-83|36-39-42-1-45-7-47-16-15-11-9-99-52-57-86-87-97-10-82-66-56-50-34-32-89-93-94-80|69-91-96-61-88-98-53-73-78-79-8-46-6-2-55-68
101,4,1424.3353,982.8796,261.0,942.0018,0,4,59.05196,59.178486,True,65-82-45-7-47-14-12-11-15-16-23-86-57-99-9-87-59-75-97-10-17-13-74-24-48-21-25-77-58-52|91-92-85-63-33-28-26-27-29-31-30-62-64-19-18-76-51-84-49-22-20-83-66-56-95-50-34-32-89-93-94-80|42-39-36-44-96-67-71-72-38-40-41-81-90-98-46-5-3-1-43-35-37-54-68|2-69-61-88-53-73-78-79-6-8-4-60-55-100-70
102,4,1425.4993,1019.6597,27.0,939.0943,0,4,60.321945,60.430501,True,45-5-3-1-42-36-44-61-88-12-16-53-73-78-79-7-8-6-46-4-2-55-68-70-100|39-14-47-15-11-98-69-94-71-81-90-99-57-86-87-9-10-97-59-74-13-17-60-82|65-64-76-23-21-48-18-19-51-84-49-22-20-66-56-89-24-25-77-75-58-52-83|91-92-95-85-63-62-33-28-26-27-29-31-30-67-72-41-38-40-43-54-37-35-34-32-50-93-96-80
103,4,1425.4993,1019.6597,27.0,939.0943,0,4,60.321945,60.430501,True,45-5-3-1-42-36-44-61-88-12-16-53-73-78-79-7-8-6-46-4-2-55-68-70-100|39-14-47-15-11-98-69-94-71-81-90-99-57-86-87-9-10-97-59-74-13-17-60-82|65-64-76-23-21-48-18-19-51-84-49-22-20-66-56-89-24-25-77-75-58-52-83|91-92-95-85-63-62-33-28-26-27-29-31-30-67-72-41-38-40-43-54-37-35-34-32-50-93-96-80
104,4,1428.7273,890.4232,230.0,941.6746,0,4,60.369565,60.480392,True,65-12-14-59-23-64-71-72-44-40-38-41-90-81-54-37-35-43-3-5-4-60-100-70|92-63-33-28-26-27-29-31-30-62-67-76-19-21-48-18-51-84-22-20-49-24-74-13-17-75-58-77-25-83|36-39-42-1-45-7-47-16-15-11-9-99-52-57-86-87-97-10-82-66-56-95-50-34-32-89-85-93-80|69-91-94-96-61-88-98-53-73-78-79-6-8-46-2-55-68
105,4,1428.7273,890.4232,230.0,941.6746,0,4,60.369565,60.480392,True,65-12-14-59-23-64-71-72-44-40-38-41-90-81-54-37-35-43-3-5-4-60-100-70|92-63-33-28-26-27-29-31-30-62-67-76-19-21-48-18-51-84-22-20-49-24-74-13-17-75-58-77-25-83|36-39-42-1-45-7-47-16-15-11-9-99-52-57-86-87-97-10-82-66-56-95-50-34-32-89-85-93-80|69-91-94-96-61-88-98-53-73-78-79-6-8-46-2-55-68
106,4,1429.1355,1011.7436,163.0,922.8173,0,4,60.492033,60.611651,True,65-82-12-14-47-11-15-16-23-83-99-57-86-9-87-59-97-10-17-13-74-24-91-80|92-95-85-63-62-33-28-30-50-64-19-18-76-51-84-49-22-20-66-56-32-26-89-48-21-25-77-75-58-52|45-1-42-39-36-27-29-31-34-67-71-44-40-38-41-81-90-53-68-54-43-35-37-72-93-94-96-70-100|69-61-98-88-78-73-79-7-6-8-46-5-3-4-2-60-55
107,4,1429.9802,939.3811,210.0,942.0018,0,4,60.745425,60.86202,True,65-82-12-14-47-11-15-16-23-18-19-86-57-99-9-87-59-75-97-10-17-13-74-24-48-21-25-77-58-52|91-92-63-33-28-26-27-29-31-30-62-64-51-76-84-49-22-20-83-66-56-95-50-34-32-89-85-93-80|42-39-36-37-72-71-67-94-96-61-40-38-41-81-90-46-5-3-1-43-35-54|45-44-69-98-88-73-79-53-78-7-6-8-4-2-68-55-60-100-70
108,4,1429.9802,939.3811,210.0,942.0018,0,4,60.745425,60.86202,True,65-82-12-14-47-11-15-16-23-18-19-86-57-99-9-87-59-75-97-10-17-13-74-24-48-21-25-77-58-52|91-92-63-33-28-26-27-29-31-30-62-64-51-76-84-49-22-20-83-66-56-95-50-34-32-89-85-93-80|42-39-36-37-72-71-67-94-96-61-40-38-41-81-90-46-5-3-1-43-35-54|45-44-69-98-88-73-79-53-78-7-6-8-4-2-68-55-60-100-70
109,4,1430.4508,909.8177,208.0,953.7885,0,4,60.886604,61.000473,True,65-12-14-23-64-71-72-44-41-38-40-35-37-43-3-5-4-60-100-70|92-85-63-33-34-31-29-27-26-28-30-76-51-19-18-48-21-49-22-84-20-24-74-17-13-59-75-58-77-25-83|36-39-42-1-45-7-47-16-15-11-73-88-98-99-52-57-86-87-9-97-10-82-66-56-50-32-89-93-80|69-91-95-62-67-94-96-61-81-90-53-78-79-8-46-6-2-55-68-54
110,4,1430.4508,909.8177,208.0,953.7885,0,4,60.886604,61.000473,True,65-12-14-23-64-71-72-44-41-38-40-35-37-43-3-5-4-60-100-70|92-85-63-33-34-31-29-27-26-28-30-76-51-19-18-48-21-49-22-84-20-24-74-17-13-59-75-58-77-25-83|36-39-42-1-45-7-47-16-15-11-73-88-98-99-52-57-86-87-9-97-10-82-66-56-50-32-89-93-80|69-91-95-62-67-94-96-61-81-90-53-78-79-8-46-6-2-55-68-54
111,4,1431.218,1009.6611,185.0,922.8173,0,4,61.116779,61.23891,True,65-82-12-14-47-11-15-16-23-83-90-99-57-86-87-9-59-97-10-17-13-74-24-91-80|92-95-63-33-26-28-30-50-64-19-18-76-85-84-51-49-22-20-66-56-34-32-89-48-21-25-77-75-58-52|45-1-42-39-36-27-29-31-62-67-71-44-40-37-38-41-72-81-68-43-35-54-93-94-96-70-100|69-61-98-88-73-78-53-79-7-6-8-46-5-3-4-2-60-55
112,5,1431.7823,1782.2266,46.0,896.7215,0,5,174.706989,174.927659,True,92-29-31-50-62-64-83-99-88-78-73-79-8-46-4-17-60-100-70|91-95-63-33-26-27-28-30-67-71-72-41-38-40-43-35-37-54-96-94-85-89|69-47-16-15-9-87-86-57-22-20-49-24-74-59-75-58-77-25-52|65-82-12-14-11-23-21-48-18-19-76-51-84-90-66-56-32-34-93-80|45-5-3-1-42-39-36-44-81-61-2-6-7-53-10-97-13-98-55-68
113,4,1432.2913,994.8544,152.0,943.3327,0,4,61.438766,61.558775,True,92-95-85-63-33-28-26-27-29-31-30-62-67-71-72-38-40-41-90-83-20-66-56-91-96-54-43-35-37-89-93-80|65-82-12-14-47-16-15-11-9-87-86-57-22-49-84-59-97-10-17-13-74-24-25-77-75-58-52|2-45-42-39-36-44-61-88-98-53-73-78-79-6-8-46-5-3-1-4-7-60-55-100-70|69-64-19-23-21-48-18-76-51-99-81-34-32-50-94-68
114,4,1434.0688,859.609,402.0,941.6746,0,4,61.972001,62.097008,True,65-82-12-14-52-23-64-67-71-44-40-37-38-41-81-90-94-96-54-72-35-43-3-5-4-2-60-100-70|91-92-95-85-63-33-34-31-29-27-26-28-30-62-76-19-21-48-18-51-84-57-22-20-49-24-74-13-17-75-58-77-25-83|36-39-42-1-45-7-47-16-15-11-73-79-78-53-99-86-87-9-10-97-59-66-56-32-89-50-93-80|69-98-88-61-6-8-46-55-68
115,4,1434.0915,881.5745,321.0,941.6746,0,4,61.978815,62.099024,True,65-82-12-14-59-23-64-67-71-44-40-38-41-81-54-37-35-43-1-3-5-4-60-100-70|91-92-50-63-33-28-26-27-29-31-30-62-76-19-21-48-18-51-84-57-22-20-49-24-74-13-17-75-58-77-25-83|96-72-36-39-42-45-7-47-16-15-11-73-88-90-99-52-86-9-87-97-10-66-56-95-34-32-89-85-93-94-80|69-61-98-53-78-79-6-8-46-2-55-68
116,4,1435.0653,861.0508,341.0,941.6746,0,4,62.270951,62.390372,True,65-82-12-14-59-23-64-71-72-44-40-38-41-81-54-37-35-43-3-5-4-60-100-70|91-92-50-63-33-28-26-27-29-31-30-62-67-76-19-21-48-18-51-84-22-57-20-49-24-74-13-17-75-58-77-25-83|96-36-39-42-1-45-7-47-16-15-11-88-61-90-99-52-86-87-9-10-97-66-56-95-34-32-89-85-93-94-80|69-98-53-73-78-79-6-8-46-2-55-68
117,4,1435.0653,861.0508,341.0,941.6746,0,4,62.270951,62.390372,True,65-82-12-14-59-23-64-71-72-44-40-38-41-81-54-37-35-43-3-5-4-60-100-70|91-92-50-63-33-28-26-27-29-31-30-62-67-76-19-21-48-18-51-84-22-57-20-49-24-74-13-17-75-58-77-25-83|96-36-39-42-1-45-7-47-16-15-11-88-61-90-99-52-86-87-9-10-97-66-56-95-34-32-89-85-93-94-80|69-98-53-73-78-79-6-8-46-2-55-68
118,4,1436.32,857.3578,410.0,941.6746,0,4,62.647375,62.77352,True,65-82-12-14-52-23-64-67-71-44-40-37-38-41-81-90-94-96-54-35-43-3-5-4-2-60-100-70|91-92-95-85-63-33-34-31-29-27-26-28-30-62-76-19-21-48-18-51-84-57-22-20-49-24-74-13-17-75-58-77-25-83|72-36-39-42-1-45-7-47-16-15-11-73-79-78-53-99-86-87-9-10-97-59-66-56-32-89-50-93-80|69-98-88-61-8-46-6-55-68
119,4,1436.957,872.4863,268.0,953.7885,0,4,62.83847,62.954692,True,65-82-12-14-23-64-71-72-44-40-38-41-81-54-37-35-43-1-3-5-4-60-100-70|91-92-63-33-28-26-27-29-31-30-62-67-76-19-21-48-18-51-84-22-20-49-24-74-17-13-59-75-58-77-25-83|39-36-42-45-7-47-16-15-11-73-88-90-99-52-57-86-87-9-10-97-66-56-95-50-34-32-89-85-93-80|69-94-96-61-98-53-78-79-8-46-6-2-55-68
120,4,1437.241,987.9778,224.0,910.1829,0,4,62.923686,63.046376,True,65-52-59-47-14-12-82-69-88-61-44-40-38-41-43-35-72-54-68|92-63-33-28-26-27-29-31-62-76-19-23-21-48-18-51-84-57-22-20-49-24-74-13-75-58-77-25-83|37-36-39-42-1-3-45-5-11-15-16-73-79-78-53-99-86-87-9-97-10-17-7-4-60-100-70|91-64-30-67-71-96-81-90-98-6-8-46-2-55-66-56-95-50-34-32-89-85-93-94-80
121,4,1437.241,987.9778,224.0,910.1829,0,4,62.923686,63.046376,True,65-52-59-47-14-12-82-69-88-61-44-40-38-41-43-35-72-54-68|92-63-33-28-26-27-29-31-62-76-19-23-21-48-18-51-84-57-22-20-49-24-74-13-75-58-77-25-83|37-36-39-42-1-3-45-5-11-15-16-73-79-78-53-99-86-87-9-97-10-17-7-4-60-100-70|91-64-30-67-71-96-81-90-98-6-8-46-2-55-66-56-95-50-34-32-89-85-93-94-80
122,4,1437.282,884.8501,314.0,941.6746,0,4,62.935965,63.056922,True,65-82-12-14-23-64-71-72-44-40-38-41-81-54-37-35-43-5-4-60-100-70|91-92-50-63-33-28-26-27-29-31-30-62-67-76-19-21-48-18-51-84-22-57-20-49-24-74-13-17-75-58-77-25-83|36-39-42-1-3-45-7-47-16-15-11-90-99-52-86-9-87-59-97-10-66-56-95-34-32-89-85-94-93-96-80|69-61-88-98-53-73-78-79-6-8-46-2-55-68
123,4,1439.225,846.0504,372.0,941.6746,0,4,63.518879,63.640399,True,65-82-12-14-52-23-64-62-71-44-40-37-38-41-81-90-84-94-96-54-72-35-43-3-5-4-60-100-70|91-92-95-85-63-33-34-31-29-27-26-28-30-67-51-76-19-18-48-21-49-22-57-20-24-74-13-17-75-58-77-25-83|36-39-42-1-45-7-47-16-15-11-73-79-78-53-99-86-87-9-10-97-59-66-56-50-32-89-93-80|69-98-88-61-2-8-46-6-55-68
124,4,1439.8979,869.197,205.0,941.6746,0,4,63.720745,63.829238,True,65-12-14-59-23-64-71-72-44-40-38-41-90-81-54-37-35-43-3-5-4-60-100-70|92-50-63-33-28-26-27-29-31-30-62-67-76-19-21-48-18-51-84-22-20-49-24-74-13-17-75-58-77-25-83|36-39-42-1-45-7-47-16-15-11-9-99-52-57-86-87-97-10-82-66-56-95-34-32-89-85-93-80|69-91-94-96-61-88-98-53-73-78-79-6-8-46-2-55-68
125,4,1439.8979,869.197,205.0,941.6746,0,4,63.720745,63.829238,True,65-12-14-59-23-64-71-72-44-40-38-41-90-81-54-37-35-43-3-5-4-60-100-70|92-50-63-33-28-26-27-29-31-30-62-67-76-19-21-48-18-51-84-22-20-49-24-74-13-17-75-58-77-25-83|36-39-42-1-45-7-47-16-15-11-9-99-52-57-86-87-97-10-82-66-56-95-34-32-89-85-93-80|69-91-94-96-61-88-98-53-73-78-79-6-8-46-2-55-68
126,4,1441.2756,856.7906,355.0,941.6746,0,4,64.134041,64.256087,True,65-82-12-14-59-23-64-71-72-44-40-38-41-81-54-37-35-43-3-5-4-60-100-70|91-92-95-85-63-33-28-26-27-29-31-30-62-67-76-19-21-48-18-51-84-22-57-20-49-24-74-13-17-75-58-77-25-83|96-36-39-42-1-45-7-47-16-15-11-73-88-90-99-52-86-9-87-97-10-66-56-50-34-32-89-93-94-80|69-61-98-53-78-79-6-8-46-2-55-68
127,4,1445.9731,944.2696,201.0,942.0018,0,4,65.543302,65.664528,True,65-82-12-14-47-11-15-16-23-18-86-57-99-9-87-59-75-97-10-17-13-74-24-48-21-25-77-58-52|91-92-63-33-28-26-27-29-31-30-62-64-19-76-51-84-49-22-20-83-66-56-95-50-34-32-89-85-93-94-80|45-42-39-36-72-71-67-96-38-40-41-81-90-6-46-5-3-1-43-35-37-54|69-98-88-61-44-78-73-79-8-53-68-55-60-7-4-2-100-70
128,4,1446.3691,862.2171,323.0,941.6746,0,4,65.662094,65.783282,True,65-82-12-14-59-23-64-71-72-44-40-38-41-81-54-37-35-43-3-5-4-60-100-70|91-92-50-63-33-28-26-27-29-31-30-62-67-76-19-21-48-18-51-84-22-57-20-49-24-74-13-17-75-58-77-25-83|96-36-39-42-1-45-7-47-16-15-11-88-90-99-52-86-9-87-97-10-66-56-95-34-32-89-85-93-94-80|69-61-98-53-73-78-79-8-46-6-2-55-68
129,4,1449.4932,1005.1972,134.0,918.7688,0,4,66.599326,66.720562,True,65-82-12-14-47-98-88-61-44-40-38-41-2-6-8-46-5-3-1-43-37-35-54-68-4-7-60-100-70|91-92-63-33-28-26-27-29-31-30-62-51-76-18-48-84-57-22-20-49-24-74-58-75-77-25-83|39-36-42-45-69-11-15-16-73-79-78-99-52-86-87-9-10-59-97-13-17|64-23-21-19-67-71-72-81-90-53-55-66-56-95-50-34-32-89-85-94-93-96-80
130,4,1450.1034,945.8043,271.0,930.6946,0,4,66.782398,66.910397,True,65-82-45-7-47-14-12-11-15-16-23-86-57-99-9-87-59-75-97-10-74-17-13-24-48-21-25-77-58-52|91-92-63-33-28-26-27-29-31-30-62-64-19-18-76-51-84-49-22-20-83-66-56-95-50-34-32-89-85-93-94-80|42-39-36-72-71-67-96-40-38-41-81-90-98-2-5-3-1-43-35-37-54-68|69-61-44-88-53-73-78-79-6-8-46-4-60-55-100-70
131,4,1450.5071,955.6787,192.0,918.7688,0,4,66.903512,67.023425,True,65-52-47-14-12-98-88-61-44-40-38-41-2-6-7-8-46-5-3-1-43-54-68-55-4-35-70-100|92-63-33-28-26-27-29-31-76-19-23-21-48-18-51-84-57-22-20-49-24-74-58-75-77-25-83|37-36-39-42-45-69-82-11-15-16-73-79-78-53-99-86-87-9-10-59-97-13-17-60|91-64-62-30-67-71-72-81-90-66-56-95-50-34-32-89-85-94-93-96-80
132,4,1451.1057,948.741,142.0,941.6746,0,4,67.083096,67.200584,True,14-47-15-11-12-98-69-88-61-44-40-38-41-2-6-8-46-5-3-1-43-35-37-54-68-70-100|72-50-33-34-31-29-27-26-28-30-62-51-19-48-18-49-22-84-20-24-74-13-17-75-58-77-25-83|39-36-42-45-7-73-16-9-99-52-57-86-87-59-97-10-82-66-56-32-89-93-94-80|65-91-92-95-85-63-64-23-21-76-67-71-96-81-90-53-78-79-4-60-55
133,4,1451.1057,948.741,142.0,941.6746,0,4,67.083096,67.200584,True,14-47-15-11-12-98-69-88-61-44-40-38-41-2-6-8-46-5-3-1-43-35-37-54-68-70-100|72-50-33-34-31-29-27-26-28-30-62-51-19-48-18-49-22-84-20-24-74-13-17-75-58-77-25-83|39-36-42-45-7-73-16-9-99-52-57-86-87-59-97-10-82-66-56-32-89-93-94-80|65-91-92-95-85-63-64-23-21-76-67-71-96-81-90-53-78-79-4-60-55
134,4,1451.3807,935.7394,294.0,931.9477,0,4,67.165589,67.294949,True,45-7-47-14-12-11-15-16-23-48-18-19-57-99-52-86-87-9-97-75-59-10-17-13-74-24-21-25-77-58-82|65-91-92-95-63-33-28-26-27-29-30-62-64-51-76-84-49-22-20-83-66-56-50-34-31-32-89-85-93-94-80|96-42-39-36-37-72-71-67-44-40-61-41-81-90-98-2-46-5-3-1-43-35-54-68|69-38-88-79-73-78-53-6-8-4-60-55-100-70
135,4,1451.7891,857.3058,206.0,941.6746,0,4,67.2881,67.398477,True,65-12-14-59-23-64-71-72-44-40-38-41-81-54-37-35-43-3-5-4-60-100-70|92-50-63-33-28-26-27-29-31-30-62-67-76-19-21-48-18-51-84-22-20-49-24-74-13-17-75-58-77-25-83|36-39-42-1-45-7-47-16-15-11-90-99-52-57-86-87-9-97-10-82-66-56-95-34-32-89-85-93-80|69-91-94-96-61-88-98-53-73-78-79-6-8-46-2-55-68
136,4,1452.9319,953.2539,198.0,918.7688,0,4,67.630949,67.751825,True,65-52-47-14-12-98-69-88-61-44-40-38-41-81-2-6-8-46-5-3-1-43-54-68-55-4-35-70-100|91-92-63-33-28-26-27-29-31-30-23-19-76-84-51-18-48-21-22-20-49-24-74-58-75-77-25-83|72-37-36-39-42-45-7-11-15-16-73-79-78-9-86-87-59-97-10-13-17-60|62-71-67-64-57-99-90-53-82-66-56-95-50-34-32-89-85-94-93-96-80
137,4,1452.9978,855.5884,333.0,941.6746,0,4,67.650708,67.77389,True,65-82-12-14-59-23-64-71-72-44-40-38-41-81-54-37-35-43-3-5-4-60-100-70|91-92-50-63-33-28-26-27-29-31-30-62-67-76-19-21-48-18-51-84-22-57-20-49-24-74-13-17-75-58-77-25-83|96-36-39-42-1-45-7-47-16-15-11-73-88-90-99-52-86-9-87-97-10-66-56-95-34-32-89-85-93-94-80|69-61-98-53-78-79-6-8-46-2-55-68
138,5,1453.586,1657.4843,365.0,889.0693,0,5,155.995643,156.234896,True,91-92-63-33-28-26-27-29-31-30-62-67-71-96-41-38-40-43-35-37-72-54-50-89-85-94|69-98-47-15-12-88-90-53-99-87-57-22-20-49-24-74-59-75-58-77-25|65-83-64-19-23-21-48-18-76-51-84-95-81-68-66-56-32-34-93-80|14-45-42-39-36-44-61-11-16-78-73-79-7-6-8-46-5-3-1-4-2-55-17-13-60-100-70|52-86-9-97-10-82
139,4,1455.2267,838.4511,385.0,941.6746,0,4,68.319372,68.445852,True,65-82-12-14-52-23-64-62-71-44-40-37-38-41-81-90-84-94-96-54-35-43-3-5-4-2-60-100-70|91-92-95-85-63-33-34-31-29-27-26-28-30-67-51-76-19-18-48-21-22-86-57-20-49-24-74-13-17-75-58-77-25-83|72-36-39-42-1-45-7-47-16-15-11-73-78-53-99-9-87-59-97-10-66-56-50-32-89-93-80|69-61-98-88-79-8-46-6-55-68
140,4,1455.4252,962.8686,149.0,906.8917,0,4,68.378948,68.495333,True,65-82-12-14-47-11-15-16-23-83-90-99-57-86-87-9-59-75-97-10-17-13-74-24-95-91-80|94-92-63-62-33-28-30-50-64-19-18-76-85-84-51-49-22-20-66-56-32-89-48-21-25-77-58-52|45-1-42-39-36-27-26-29-31-34-67-71-61-81-38-41-40-43-37-35-72-54-68-100-70-96-93|44-69-98-88-53-73-78-79-7-8-6-46-5-3-4-2-60-55
141,4,1455.4252,962.8686,149.0,906.8917,0,4,68.378948,68.495333,True,65-82-12-14-47-11-15-16-23-83-90-99-57-86-87-9-59-75-97-10-17-13-74-24-95-91-80|94-92-63-62-33-28-30-50-64-19-18-76-85-84-51-49-22-20-66-56-32-89-48-21-25-77-58-52|45-1-42-39-36-27-26-29-31-34-67-71-61-81-38-41-40-43-37-35-72-54-68-100-70-96-93|44-69-98-88-53-73-78-79-7-8-6-46-5-3-4-2-60-55
142,4,1457.5914,851.5036,245.0,941.6746,0,4,69.028783,69.14393,True,65-12-14-52-21-23-64-71-72-44-40-38-41-81-54-37-35-43-3-5-4-60-100-70|91-92-50-63-33-28-26-27-29-31-30-62-67-76-19-48-18-51-84-49-22-20-24-74-13-17-75-58-77-25-83|36-39-42-1-45-7-47-16-15-11-73-90-99-57-86-9-87-59-97-10-82-66-56-95-34-32-89-85-93-80|69-94-96-61-88-98-53-78-79-6-8-46-2-55-68
143,4,1457.8497,851.2276,333.0,942.1657,0,4,69.106276,69.230333,True,65-82-12-14-59-23-64-71-72-44-40-38-41-81-54-37-35-43-3-5-4-60-100-70|91-92-63-50-33-28-26-27-29-31-30-62-67-76-19-21-18-48-51-84-22-57-20-49-24-74-17-13-75-58-77-25-83|96-36-39-42-1-45-7-47-16-15-11-73-88-90-99-52-86-9-87-97-10-66-56-95-34-32-89-85-93-94-80|69-61-98-53-78-79-6-8-46-2-55-68
144,7,1458.4199,3077.5261,166.0,862.6101,0,7,369.001901,369.432341,True,92-34-28-26-27-29-31-62-64-19-23-21-48-18-89-24-25-83|65-82-69-88-79-73-78-53-9-52-57-20-56-66|91-95-63-33-30-71-67-51-76-49-22-84-50-32-93-80|90-99-86-87-59-97-75-74-58-77|94-72-2-1-3-5-45-6-8-46-4-7-55-68-70-100|85-96-36-39-42-44-40-38-61-41-81-54-37-35-43|12-14-47-16-15-11-10-13-17-60-98
145,4,1458.5628,932.1008,258.0,930.4931,0,4,69.320209,69.447361,True,65-82-12-14-47-16-15-11-19-18-87-9-86-57-22-49-20-66-10-97-17-13-74-59-75-58-77-25-83|91-92-95-63-62-33-28-26-27-29-31-30-34-67-76-51-84-85-32-56-24-89-50-93-94-80|2-45-5-3-1-42-39-36-37-72-71-96-61-44-40-38-41-81-90-8-6-7-46-43-35-54-68|69-64-48-21-23-52-99-98-88-53-73-79-78-60-55-4-100-70
146,4,1460.0688,848.5173,333.0,941.6746,0,4,69.772028,69.896271,True,65-82-12-14-59-23-64-71-72-44-40-38-41-81-54-37-35-43-3-5-4-60-100-70|91-92-50-63-33-28-26-29-27-31-30-62-67-76-19-21-48-18-51-84-22-57-20-49-24-74-13-17-75-58-77-25-83|96-36-39-42-1-45-7-47-16-15-11-73-88-90-99-52-86-9-87-97-10-66-56-95-34-32-89-85-93-94-80|69-61-98-53-78-79-6-8-46-2-55-68
147,4,1460.3741,945.8118,195.0,918.7688,0,4,69.863604,69.985297,True,65-52-47-14-12-98-88-61-44-40-38-41-2-6-7-8-46-5-3-1-43-54-68-55-4-35-70-100|92-63-33-28-26-27-29-31-62-76-19-23-21-48-18-51-84-57-22-20-49-24-74-58-75-77-25-83|36-37-39-42-45-69-82-11-15-16-73-79-78-53-99-86-87-9-10-59-97-13-17-60|91-64-30-67-71-72-81-90-66-56-95-50-34-32-89-85-94-93-96-80
148,4,1461.0171,988.2288,24.0,925.3356,0,4,70.056499,70.168632,True,45-5-3-1-42-36-44-88-12-16-78-73-79-53-7-8-6-46-4-2-55-68-70-100|39-14-47-15-11-69-61-71-67-96-81-90-99-52-86-87-9-10-97-59-74-13-17-60-98|65-83-64-21-23-19-76-51-57-22-48-18-49-84-56-66-20-24-25-77-75-58-82|91-92-95-85-63-50-62-33-28-26-27-29-30-31-72-41-38-40-43-54-37-35-34-32-89-93-94-80
149,4,1461.0171,988.2288,24.0,925.3356,0,4,70.056499,70.168632,True,45-5-3-1-42-36-44-88-12-16-78-73-79-53-7-8-6-46-4-2-55-68-70-100|39-14-47-15-11-69-61-71-67-96-81-90-99-52-86-87-9-10-97-59-74-13-17-60-98|65-83-64-21-23-19-76-51-57-22-48-18-49-84-56-66-20-24-25-77-75-58-82|91-92-95-85-63-50-62-33-28-26-27-29-30-31-72-41-38-40-43-54-37-35-34-32-89-93-94-80
150,4,1462.7713,909.1499,225.0,927.5895,0,4,70.58278,70.704016,True,45-7-47-14-12-11-15-16-51-76-19-22-99-86-87-9-59-75-97-10-17-13-74-24-25-77-58-52-82|91-92-95-85-63-33-28-26-27-29-31-30-62-84-18-48-49-57-20-66-56-50-34-32-89-93-80|72-37-36-39-42-44-96-94-67-71-38-40-41-81-90-98-2-46-5-3-1-43-35-54-68|65-83-21-23-64-69-61-88-79-73-78-53-6-8-4-60-55-100-70
151,4,1462.7713,909.1499,225.0,927.5895,0,4,70.58278,70.704016,True,45-7-47-14-12-11-15-16-51-76-19-22-99-86-87-9-59-75-97-10-17-13-74-24-25-77-58-52-82|91-92-95-85-63-33-28-26-27-29-31-30-62-84-18-48-49-57-20-66-56-50-34-32-89-93-80|72-37-36-39-42-44-96-94-67-71-38-40-41-81-90-98-2-46-5-3-1-43-35-54-68|65-83-21-23-64-69-61-88-79-73-78-53-6-8-4-60-55-100-70
152,4,1464.1806,895.8412,260.0,910.1829,0,4,71.005555,71.126106,True,65-12-14-59-48-21-23-64-71-72-44-40-38-41-90-81-54-37-35-43-3-5-4-60-17-100-70|36-39-42-1-45-7-47-16-15-11-9-99-52-57-86-87-97-10-82-66-56-95-50-34-32-26-89-85-93-80|69-91-94-96-61-88-98-53-73-78-79-6-8-46-2-55-68|92-63-33-28-27-29-31-30-62-67-76-19-18-51-84-49-22-20-24-74-13-75-58-77-25-83
153,4,1464.1806,895.8412,260.0,910.1829,0,4,71.005555,71.126106,True,65-12-14-59-48-21-23-64-71-72-44-40-38-41-90-81-54-37-35-43-3-5-4-60-17-100-70|36-39-42-1-45-7-47-16-15-11-9-99-52-57-86-87-97-10-82-66-56-95-50-34-32-26-89-85-93-80|69-91-94-96-61-88-98-53-73-78-79-6-8-46-2-55-68|92-63-33-28-27-29-31-30-62-67-76-19-18-51-84-49-22-20-24-74-13-75-58-77-25-83
154,4,1465.008,843.5073,296.0,941.6746,0,4,71.253765,71.375038,True,65-82-12-14-59-23-64-71-72-44-40-38-41-81-54-37-35-43-3-5-4-60-100-70|92-85-63-33-28-26-27-29-31-30-62-67-76-19-21-48-18-51-84-22-57-20-49-24-74-13-17-75-58-77-25-83|36-39-42-1-45-7-47-16-15-11-73-88-90-99-52-86-9-87-97-10-66-56-95-50-34-32-89-93-94-80|69-91-96-61-98-53-78-79-6-8-46-2-55-68
155,4,1465.2659,999.344,82.0,922.8173,0,4,71.331148,71.451645,True,65-82-12-14-47-11-15-16-23-83-90-99-57-86-87-9-59-97-10-17-13-74-24-95-91-80|92-63-33-30-50-64-19-18-76-85-84-51-49-22-20-66-56-32-89-48-21-25-77-75-58-52|45-42-36-27-26-28-29-31-34-62-67-71-61-81-38-41-40-43-35-37-72-54-93-94-96-70-100|39-44-69-98-88-53-73-78-79-7-8-6-46-5-3-1-55-2-4-60-68
156,4,1465.2659,999.344,82.0,922.8173,0,4,71.331148,71.451645,True,65-82-12-14-47-11-15-16-23-83-90-99-57-86-87-9-59-97-10-17-13-74-24-95-91-80|92-63-33-30-50-64-19-18-76-85-84-51-49-22-20-66-56-32-89-48-21-25-77-75-58-52|45-42-36-27-26-28-29-31-34-62-67-71-61-81-38-41-40-43-35-37-72-54-93-94-96-70-100|39-44-69-98-88-53-73-78-79-7-8-6-46-5-3-1-55-2-4-60-68
157,4,1465.4111,924.0065,133.0,941.6746,0,4,71.374705,71.491874,True,65-52-59-47-14-12-82-69-88-61-44-40-38-41-2-6-7-8-46-5-3-1-43-35-54-68-4-100-70|96-94-62-33-28-26-27-29-31-30-76-84-51-18-22-20-49-24-74-13-17-75-58-77-25-83|37-36-39-42-45-11-15-16-73-79-78-53-99-9-87-97-10-98-60-55|91-92-63-48-21-23-19-64-95-67-71-72-81-90-86-57-66-56-50-34-32-89-85-93-80
158,4,1465.4111,924.0065,133.0,941.6746,0,4,71.374705,71.491874,True,65-52-59-47-14-12-82-69-88-61-44-40-38-41-2-6-7-8-46-5-3-1-43-35-54-68-4-100-70|96-94-62-33-28-26-27-29-31-30-76-84-51-18-22-20-49-24-74-13-17-75-58-77-25-83|37-36-39-42-45-11-15-16-73-79-78-53-99-9-87-97-10-98-60-55|91-92-63-48-21-23-19-64-95-67-71-72-81-90-86-57-66-56-50-34-32-89-85-93-80
159,4,1465.5144,999.0955,92.0,922.8173,0,4,71.405704,71.527239,True,65-82-12-14-47-11-15-16-23-83-90-99-57-86-87-9-59-97-10-17-13-74-24-95-91-80|92-63-33-28-30-50-64-19-18-76-85-84-51-49-22-20-66-56-32-89-48-21-25-77-75-58-52|45-42-39-36-27-26-29-31-34-62-67-71-61-81-38-41-40-43-35-37-72-54-93-94-96-70-100|44-69-98-88-53-73-78-79-7-8-6-46-5-3-1-55-2-4-60-68
160,4,1467.4586,997.1514,91.0,922.8173,0,4,71.98894,72.110667,True,65-82-12-14-47-11-15-16-23-90-99-57-86-87-9-59-97-10-17-13-74-24-95-91-80|92-63-33-28-30-50-64-19-18-76-85-84-51-49-22-20-83-66-56-32-89-48-21-25-77-75-58-52|45-42-39-36-27-26-29-31-34-62-67-71-61-81-38-41-40-43-35-37-72-54-93-94-96-70-100|44-69-98-88-53-73-78-79-7-8-6-46-5-3-1-55-2-4-60-68
161,4,1467.8206,932.8838,186.0,930.4931,0,4,72.097547,72.220393,True,82-12-14-47-16-15-11-19-18-87-9-86-57-22-49-20-66-10-97-17-13-74-59-75-58-77-25-83|91-92-95-63-62-33-28-26-27-29-31-30-34-67-76-51-84-85-32-56-24-89-50-93-94-80|2-45-42-39-36-72-71-96-61-44-40-38-41-81-90-6-5-3-1-43-35-37-54-68|65-52-48-21-23-64-69-88-98-99-53-73-78-79-7-8-46-4-60-55-100-70
162,4,1468.6668,839.9194,333.0,941.6746,0,4,72.351409,72.476941,True,65-82-12-14-59-23-64-71-72-44-40-38-41-81-54-37-35-43-3-5-4-60-100-70|91-92-50-63-31-33-28-26-27-29-30-62-67-76-19-21-48-18-51-84-22-57-20-49-24-74-13-17-75-58-77-25-83|96-36-39-42-1-45-7-47-16-15-11-73-88-90-99-52-86-9-87-97-10-66-56-95-34-32-89-85-93-94-80|69-61-98-53-78-79-6-8-46-2-55-68
163,4,1469.3734,840.0422,261.0,941.6746,0,4,72.56338,72.681943,True,65-12-14-59-23-64-71-72-44-40-38-41-81-54-37-35-43-3-5-4-60-100-70|92-95-85-63-33-28-26-27-29-31-30-62-67-76-19-21-48-18-51-84-22-57-20-49-24-74-13-17-75-58-77-25-83|36-39-42-1-45-7-47-16-15-11-73-90-99-52-86-9-87-97-10-82-66-56-50-34-32-89-93-94-80|69-91-96-61-88-98-53-78-79-6-8-46-2-55-68
164,4,1470.0277,815.2477,239.0,941.6746,0,4,72.759685,72.872525,True,65-82-12-14-59-23-64-71-72-44-40-38-41-81-54-37-35-43-3-5-4-60-100-70|92-50-63-33-34-31-29-27-26-28-30-76-51-19-18-48-21-22-57-90-84-20-49-24-74-13-17-75-58-77-25-83|36-39-42-1-45-7-47-16-15-11-73-9-99-52-86-87-97-10-66-56-32-89-85-93-80|69-91-95-62-67-94-96-61-88-98-53-78-79-8-46-6-2-55-68
165,4,1470.0277,815.2477,239.0,941.6746,0,4,72.759685,72.872525,True,65-82-12-14-59-23-64-71-72-44-40-38-41-81-54-37-35-43-3-5-4-60-100-70|92-50-63-33-34-31-29-27-26-28-30-76-51-19-18-48-21-22-57-90-84-20-49-24-74-13-17-75-58-77-25-83|36-39-42-1-45-7-47-16-15-11-73-9-99-52-86-87-97-10-66-56-32-89-85-93-80|69-91-95-62-67-94-96-61-88-98-53-78-79-8-46-6-2-55-68
166,4,1471.9907,1036.4793,138.0,901.7689,0,4,73.34858,73.479108,True,65-82-12-14-47-11-15-16-23-83-90-99-57-86-87-9-59-75-97-10-17-13-74-24-25-91-80|92-95-63-62-33-28-30-50-64-19-18-76-85-84-51-49-22-20-56-66-68-34-32-89-48-21-77-58-52|45-1-42-39-36-27-26-29-31-67-71-44-40-38-41-81-43-35-37-72-54-93-94-96|69-61-98-88-73-78-53-79-7-6-8-46-5-3-4-2-60-55-100-70
167,4,1471.9907,1036.4793,138.0,901.7689,0,4,73.34858,73.479108,True,65-82-12-14-47-11-15-16-23-83-90-99-57-86-87-9-59-75-97-10-17-13-74-24-25-91-80|92-95-63-62-33-28-30-50-64-19-18-76-85-84-51-49-22-20-56-66-68-34-32-89-48-21-77-58-52|45-1-42-39-36-27-26-29-31-67-71-44-40-38-41-81-43-35-37-72-54-93-94-96|69-61-98-88-73-78-53-79-7-6-8-46-5-3-4-2-60-55-100-70
168,4,1472.2216,898.3395,163.0,916.9603,0,4,73.41787,73.532525,True,65-12-14-59-23-64-71-72-44-40-38-41-81-54-37-35-43-3-5-4-100-70|92-63-33-28-26-27-29-31-30-62-67-76-19-21-48-18-51-84-22-20-49-75-97-17-13-74-24-25-77-58-83|36-39-42-1-45-7-47-16-15-11-99-52-86-87-9-57-82-90-66-56-95-50-34-32-89-85-93-80|69-91-94-96-61-88-98-53-73-78-79-6-8-46-2-55-10-60-68
169,4,1472.2216,898.3395,163.0,916.9603,0,4,73.41787,73.532525,True,65-12-14-59-23-64-71-72-44-40-38-41-81-54-37-35-43-3-5-4-100-70|92-63-33-28-26-27-29-31-30-62-67-76-19-21-48-18-51-84-22-20-49-75-97-17-13-74-24-25-77-58-83|36-39-42-1-45-7-47-16-15-11-99-52-86-87-9-57-82-90-66-56-95-50-34-32-89-85-93-80|69-91-94-96-61-88-98-53-73-78-79-6-8-46-2-55-10-60-68
170,4,1473.9162,835.1788,213.0,941.6746,0,4,73.926223,74.040619,True,65-52-12-14-59-21-23-64-71-72-44-40-38-41-81-54-37-35-43-3-5-4-60-100-70|92-50-63-33-28-26-27-29-31-30-62-67-76-19-48-18-51-84-49-22-20-24-74-13-17-75-58-77-25-83|36-39-42-1-45-7-47-16-15-11-73-90-99-57-86-9-87-97-10-82-66-56-95-34-32-89-85-93-80|69-91-94-96-61-88-98-53-78-79-6-8-46-2-55-68
171,4,1473.9162,835.1788,213.0,941.6746,0,4,73.926223,74.040619,True,65-52-12-14-59-21-23-64-71-72-44-40-38-41-81-54-37-35-43-3-5-4-60-100-70|92-50-63-33-28-26-27-29-31-30-62-67-76-19-48-18-51-84-49-22-20-24-74-13-17-75-58-77-25-83|36-39-42-1-45-7-47-16-15-11-73-90-99-57-86-9-87-97-10-82-66-56-95-34-32-89-85-93-80|69-91-94-96-61-88-98-53-78-79-6-8-46-2-55-68
172,4,1474.8877,897.0335,241.0,927.5895,0,4,74.217694,74.342347,True,45-7-47-14-12-11-15-16-51-76-19-22-99-86-87-9-59-75-97-10-17-13-74-24-25-77-58-52-82|65-91-92-95-85-63-33-28-26-27-29-31-30-62-84-18-48-49-57-20-66-56-50-34-32-89-93-80|72-37-36-39-42-44-96-94-67-71-38-40-41-81-90-98-2-46-5-3-1-43-35-54-68|83-21-23-64-69-61-88-79-73-78-53-6-8-4-60-55-100-70
173,4,1479.002,1000.1886,130.0,918.6889,0,4,75.45196,75.580886,True,65-82-12-14-47-11-15-16-23-83-90-99-57-86-87-9-10-59-75-97-13-74-24-25-80|91-92-95-85-63-62-33-28-30-50-64-19-18-76-51-84-49-22-20-66-56-32-89-48-21-77-58-52|69-61-44-88-53-73-78-79-6-8-46-5-3-4-2-68-55-60-17-98|7-45-1-42-39-36-27-26-29-31-34-67-71-81-38-41-40-43-35-37-72-54-93-94-96-70-100
174,5,1481.7659,1669.0584,45.0,902.806,0,5,157.731757,157.95126,True,92-29-31-62-64-83-99-88-78-73-79-8-46-4-17-60-100-70-80-91|85-63-33-26-27-28-30-67-96-71-72-41-38-40-35-43-54-94-95-89-50-93|69-47-16-15-9-87-86-57-22-20-49-24-74-59-75-58-77-25-52|65-82-12-14-11-23-21-48-18-19-76-51-84-90-66-56-32-34|45-5-3-1-42-39-37-36-44-81-61-2-6-7-53-10-97-13-98-55-68
175,4,1481.8541,874.6547,171.0,890.1079,0,4,76.307598,76.418362,True,91-92-95-63-33-28-26-27-29-31-30-62-67-71-72-41-38-37-40-68-94-34-32-89-85-50-93-80|3-5-45-2-69-98-11-47-15-16-73-88-82-99-9-87-86-52-57-22-20-49-24-74-59-75-58-77-25-83|14-1-42-39-36-44-61-81-53-78-79-7-8-46-6-12-10-55-97-13-17-4-60-100-70|65-64-19-23-21-48-18-76-51-84-90-66-56-96-54-35-43
176,4,1481.8541,874.6547,171.0,890.1079,0,4,76.307598,76.418362,True,91-92-95-63-33-28-26-27-29-31-30-62-67-71-72-41-38-37-40-68-94-34-32-89-85-50-93-80|3-5-45-2-69-98-11-47-15-16-73-88-82-99-9-87-86-52-57-22-20-49-24-74-59-75-58-77-25-83|14-1-42-39-36-44-61-81-53-78-79-7-8-46-6-12-10-55-97-13-17-4-60-100-70|65-64-19-23-21-48-18-76-51-84-90-66-56-96-54-35-43
177,4,1482.2813,843.4789,200.0,941.6746,0,4,76.435765,76.552616,True,65-12-14-23-64-71-72-44-40-38-41-81-37-35-43-1-3-5-4-60-100-70|92-50-63-33-34-31-29-27-26-28-30-76-21-48-18-19-51-84-90-22-20-49-24-74-13-17-75-58-77-25-83|39-36-42-45-7-47-16-15-11-73-9-99-52-57-86-87-59-97-10-82-66-56-32-89-85-93-80|69-91-95-62-67-94-96-61-88-98-53-78-79-8-46-6-2-55-68-54
178,4,1483.1631,825.9319,233.0,941.6746,0,4,76.700293,76.818076,True,65-12-14-59-23-64-71-72-44-40-38-41-81-54-37-35-43-3-5-4-60-100-70|92-50-63-33-28-26-27-29-31-30-62-67-76-19-21-48-18-51-84-22-57-20-49-24-74-13-17-75-58-77-25-83|36-39-42-1-45-7-47-16-15-11-73-90-99-52-86-9-87-97-10-82-66-56-95-34-32-89-85-93-80|69-91-94-96-61-88-98-53-78-79-6-8-46-2-55-68
179,4,1483.1631,825.9319,233.0,941.6746,0,4,76.700293,76.818076,True,65-12-14-59-23-64-71-72-44-40-38-41-81-54-37-35-43-3-5-4-60-100-70|92-50-63-33-28-26-27-29-31-30-62-67-76-19-21-48-18-51-84-22-57-20-49-24-74-13-17-75-58-77-25-83|36-39-42-1-45-7-47-16-15-11-73-90-99-52-86-9-87-97-10-82-66-56-95-34-32-89-85-93-80|69-91-94-96-61-88-98-53-78-79-6-8-46-2-55-68
180,4,1483.1631,825.9319,233.0,941.6746,0,4,76.700293,76.818076,True,65-12-14-59-23-64-71-72-44-40-38-41-81-54-37-35-43-3-5-4-60-100-70|92-50-63-33-28-26-27-29-31-30-62-67-76-19-21-48-18-51-84-22-57-20-49-24-74-13-17-75-58-77-25-83|36-39-42-1-45-7-47-16-15-11-73-90-99-52-86-9-87-97-10-82-66-56-95-34-32-89-85-93-80|69-91-94-96-61-88-98-53-78-79-6-8-46-2-55-68
181,4,1484.0956,841.7452,191.0,941.6746,0,4,76.980054,77.096289,True,65-82-12-14-59-48-21-23-64-71-72-44-40-38-41-90-81-37-35-43-4-60-100-70|92-63-33-34-31-29-27-26-28-30-76-51-18-19-49-22-84-20-24-74-13-17-75-58-77-25-83|42-36-39-1-3-5-45-7-47-16-15-11-73-9-99-52-57-86-87-97-10-66-56-85-32-89-50-93-80|69-91-95-62-67-94-96-61-88-98-53-78-79-8-46-6-2-55-68-54
182,4,1484.0956,841.7452,191.0,941.6746,0,4,76.980054,77.096289,True,65-82-12-14-59-48-21-23-64-71-72-44-40-38-41-90-81-37-35-43-4-60-100-70|92-63-33-34-31-29-27-26-28-30-76-51-18-19-49-22-84-20-24-74-13-17-75-58-77-25-83|42-36-39-1-3-5-45-7-47-16-15-11-73-9-99-52-57-86-87-97-10-66-56-85-32-89-50-93-80|69-91-95-62-67-94-96-61-88-98-53-78-79-8-46-6-2-55-68-54
183,4,1484.4319,833.8713,222.0,941.6746,0,4,77.080949,77.199204,True,65-82-12-14-23-64-71-72-44-40-38-41-81-35-43-3-5-4-60-100-70|92-85-63-33-34-31-29-27-26-28-30-76-51-19-18-48-21-22-57-90-84-20-49-24-74-13-17-75-58-77-25-83|37-36-39-42-1-45-7-47-16-15-11-73-78-99-52-86-87-9-10-97-59-66-56-50-32-89-93-80|69-91-95-62-67-94-96-61-88-98-53-79-6-8-46-2-55-68-54
184,4,1484.8086,824.2864,223.0,941.6746,0,4,77.193942,77.310973,True,65-12-14-59-21-23-64-71-72-44-40-38-41-81-54-37-35-43-3-5-4-60-100-70|92-50-63-33-28-26-27-29-31-30-62-67-76-19-48-18-51-84-49-22-57-20-24-74-13-17-75-58-77-25-83|36-39-42-1-45-7-47-16-15-11-73-90-99-52-86-9-87-97-10-82-66-56-95-34-32-89-85-93-80|69-91-94-96-61-88-98-53-78-79-6-8-46-2-55-68
185,4,1485.7133,790.4614,299.0,917.9112,0,4,77.465356,77.581619,True,65-12-14-59-75-52-23-64-67-71-44-40-38-41-81-54-72-37-35-43-3-5-4-60-100-70|91-92-95-63-50-33-28-26-27-29-31-30-62-76-19-21-48-18-51-84-57-22-20-49-24-74-17-13-58-77-25-83|36-39-42-1-45-7-47-16-15-11-73-79-78-99-86-87-9-97-10-82-66-56-34-32-89-85-93-80|69-88-61-96-94-90-98-53-6-8-46-2-55-68
186,4,1485.7133,790.4614,299.0,917.9112,0,4,77.465356,77.581619,True,65-12-14-59-75-52-23-64-67-71-44-40-38-41-81-54-72-37-35-43-3-5-4-60-100-70|91-92-95-63-50-33-28-26-27-29-31-30-62-76-19-21-48-18-51-84-57-22-20-49-24-74-17-13-58-77-25-83|36-39-42-1-45-7-47-16-15-11-73-79-78-99-86-87-9-97-10-82-66-56-34-32-89-85-93-80|69-88-61-96-94-90-98-53-6-8-46-2-55-68
187,4,1488.2903,821.9403,233.0,941.6746,0,4,78.238474,78.357197,True,65-12-14-59-23-64-71-72-44-40-38-41-81-54-37-35-43-3-5-4-60-70-100|92-50-63-33-28-26-27-29-31-30-62-67-76-19-21-48-18-51-84-22-57-49-20-24-74-13-17-75-58-77-25-83|36-39-42-1-45-7-47-16-15-11-73-90-99-52-86-9-87-97-10-82-66-56-95-34-32-89-85-93-80|69-91-94-96-61-88-98-53-78-79-6-8-46-2-55-68
188,4,1488.2903,821.9403,233.0,941.6746,0,4,78.238474,78.357197,True,65-12-14-59-23-64-71-72-44-40-38-41-81-54-37-35-43-3-5-4-60-70-100|92-50-63-33-28-26-27-29-31-30-62-67-76-19-21-48-18-51-84-22-57-49-20-24-74-13-17-75-58-77-25-83|36-39-42-1-45-7-47-16-15-11-73-90-99-52-86-9-87-97-10-82-66-56-95-34-32-89-85-93-80|69-91-94-96-61-88-98-53-78-79-6-8-46-2-55-68
189,4,1490.6522,868.2946,307.0,905.2036,0,4,78.947022,79.075336,True,12-14-75-23-52-69-61-44-41-38-40-43-35-54-68|72-37-36-27-26-28-29-31-34-50-62-64-51-76-19-48-18-49-22-84-20-97-13-17-59-74-58-77-25-21-83|42-39-1-3-5-45-7-47-16-15-11-73-88-98-82-99-57-86-87-9-10-66-56-32-89-24-94-93-80|65-91-92-95-85-63-33-30-67-71-96-81-90-53-78-79-8-6-46-4-2-60-55-100-70
190,4,1490.8461,961.1644,29.0,925.1058,0,4,79.005195,79.122682,True,45-5-3-1-42-36-44-88-12-16-78-73-79-8-7-6-53-46-4-2-55-68-70-100|39-14-47-15-11-69-61-71-67-94-81-90-99-57-86-87-9-10-97-52-74-59-13-17-60-98-82|65-64-76-23-21-48-18-19-51-84-49-22-20-66-56-89-24-25-77-75-58-83|91-92-95-85-63-62-33-28-26-27-29-30-31-72-38-41-40-43-54-37-35-34-32-50-93-96-80
191,4,1490.8461,961.1644,29.0,925.1058,0,4,79.005195,79.122682,True,45-5-3-1-42-36-44-88-12-16-78-73-79-8-7-6-53-46-4-2-55-68-70-100|39-14-47-15-11-69-61-71-67-94-81-90-99-57-86-87-9-10-97-52-74-59-13-17-60-98-82|65-64-76-23-21-48-18-19-51-84-49-22-20-66-56-89-24-25-77-75-58-83|91-92-95-85-63-62-33-28-26-27-29-30-31-72-38-41-40-43-54-37-35-34-32-50-93-96-80
192,4,1491.0027,963.9922,132.0,918.6889,0,4,79.052175,79.179472,True,65-82-14-47-12-69-11-15-16-23-57-99-86-87-9-59-75-97-10-17-13-74-24-83-80|91-92-95-85-63-62-33-28-30-50-64-19-18-76-51-84-49-22-20-66-56-32-89-48-21-25-77-58-52|61-88-73-79-78-53-90-6-8-7-46-5-3-1-4-2-68-55-60-98|45-42-39-36-27-26-29-31-34-67-71-44-38-41-81-40-43-35-37-72-54-93-94-96-70-100
193,4,1491.4008,952.4904,113.0,911.4092,0,4,79.1716,79.294299,True,65-82-12-14-47-11-15-16-23-83-90-99-57-86-87-9-10-59-75-97-13-74-24-25-95-93-94-80|91-92-63-62-33-28-30-50-64-19-18-76-85-84-51-49-22-20-66-56-32-89-48-21-77-58-52|69-61-44-88-79-73-78-53-7-8-6-46-5-3-1-4-2-55-60-17-98|45-42-39-36-72-27-26-29-31-34-67-71-96-81-38-41-40-43-35-37-54-68-70-100
194,4,1491.4008,952.4904,113.0,911.4092,0,4,79.1716,79.294299,True,65-82-12-14-47-11-15-16-23-83-90-99-57-86-87-9-10-59-75-97-13-74-24-25-95-93-94-80|91-92-63-62-33-28-30-50-64-19-18-76-85-84-51-49-22-20-66-56-32-89-48-21-77-58-52|69-61-44-88-79-73-78-53-7-8-6-46-5-3-1-4-2-55-60-17-98|45-42-39-36-72-27-26-29-31-34-67-71-96-81-38-41-40-43-35-37-54-68-70-100
195,4,1492.4985,997.9566,93.0,918.6889,0,4,79.500912,79.629852,True,65-82-12-14-47-11-15-16-23-83-90-99-57-86-87-9-10-59-75-97-13-74-24-25-91-80|92-95-85-63-62-33-28-30-50-64-19-18-76-51-84-49-22-20-66-56-32-89-48-21-77-58-52|69-61-44-88-79-73-78-53-7-8-6-46-5-3-4-2-68-55-60-17-98|45-1-42-39-36-27-26-29-31-34-67-71-81-38-41-40-43-35-37-72-54-93-94-96-70-100
196,5,1493.3496,1772.1314,244.0,867.7339,0,5,173.192702,173.44578,True,65-82-12-14-47-11-15-16-23-83-90-99-57-86-87-9-10-59-75-97-13-17-52-74-24-25|92-95-85-63-50-30-62-64-19-18-76-51-84-49-22-20-66-56-89-48-21-77-58|91-33-28-26-27-29-31-34-67-71-61-73-78-53-81-54-96-94-32-80|69-88-79-7-6-8-46-5-3-1-4-2-68-55-98-60-100-70|45-42-39-36-44-40-41-38-37-35-43-72-93
197,4,1493.5539,842.0995,221.0,910.1829,0,4,79.81755,79.934952,True,65-82-12-14-23-64-71-72-44-40-41-38-37-35-43-3-5-4-60-17-100-70|92-50-63-33-34-31-29-27-26-28-30-76-51-19-18-48-21-22-57-90-84-20-49-24-74-13-75-58-77-25-83|36-39-42-1-45-7-47-16-15-11-73-88-98-99-52-86-9-87-59-97-10-66-56-85-32-89-93-80|69-91-95-62-67-94-96-81-61-53-78-79-8-6-46-2-55-68-54
198,4,1493.5539,842.0995,221.0,910.1829,0,4,79.81755,79.934952,True,65-82-12-14-23-64-71-72-44-40-41-38-37-35-43-3-5-4-60-17-100-70|92-50-63-33-34-31-29-27-26-28-30-76-51-19-18-48-21-22-57-90-84-20-49-24-74-13-75-58-77-25-83|36-39-42-1-45-7-47-16-15-11-73-88-98-99-52-86-9-87-59-97-10-66-56-85-32-89-93-80|69-91-95-62-67-94-96-81-61-53-78-79-8-6-46-2-55-68-54
199,5,1493.7492,1711.1377,74.0,896.7215,0,5,164.043646,164.275043,True,92-29-31-50-62-64-83-99-88-78-73-79-8-46-4-60-55-80|91-95-63-33-26-27-28-30-67-71-96-41-38-37-40-43-72-54-68-66-89-85-93-94|69-47-16-15-9-87-86-57-22-20-49-24-74-59-75-58-77-25-52|65-82-12-14-11-23-21-48-18-19-76-51-84-90-56-32-34-35-70-100|45-5-3-1-42-39-36-44-81-61-2-6-7-53-10-97-13-17-98
200,4,1494.2944,814.8005,233.0,941.6746,0,4,80.039699,80.159152,True,65-12-14-59-23-64-71-72-44-40-41-38-81-54-37-35-43-3-5-4-60-100-70|92-50-63-33-28-26-27-29-31-30-62-67-76-19-21-48-18-51-84-22-57-20-49-24-74-13-17-75-58-77-25-83|36-39-42-1-45-7-47-16-15-11-73-90-99-52-86-9-87-97-10-82-66-56-95-34-32-89-85-93-80|69-91-94-96-61-88-98-53-78-79-6-8-46-2-55-68
201,4,1494.7325,803.013,243.0,941.6746,0,4,80.171115,80.289931,True,65-82-12-14-59-23-64-71-72-44-40-38-41-81-54-37-35-43-3-5-4-60-100-70|92-50-63-33-28-26-27-29-31-30-62-67-76-19-21-48-18-51-84-22-57-20-49-24-74-13-17-75-58-77-25-83|36-39-42-1-45-7-47-16-15-11-73-79-90-99-52-86-87-97-10-66-56-95-34-32-89-85-93-80|69-91-94-96-61-88-98-53-9-78-8-46-6-2-55-68
202,4,1494.9223,638.5035,296.0,941.6746,0,4,80.228072,80.327568,True,65-82-12-14-47-98-69-61-44-40-38-41-81-2-6-8-46-5-3-1-43-37-35-54-68-4-60-100-70|50-33-34-31-29-27-26-28-30-62-85-76-18-19-51-84-57-22-20-49-24-74-13-17-75-58-77-25-83|72-36-39-42-45-7-11-15-16-73-78-9-99-52-86-87-59-97-10-55-66-56-32-89-93-94-80|91-92-95-63-48-21-23-64-67-71-96-88-79-53-90
203,4,1494.9223,638.5035,296.0,941.6746,0,4,80.228072,80.327568,True,65-82-12-14-47-98-69-61-44-40-38-41-81-2-6-8-46-5-3-1-43-37-35-54-68-4-60-100-70|50-33-34-31-29-27-26-28-30-62-85-76-18-19-51-84-57-22-20-49-24-74-13-17-75-58-77-25-83|72-36-39-42-45-7-11-15-16-73-78-9-99-52-86-87-59-97-10-55-66-56-32-89-93-94-80|91-92-95-63-48-21-23-64-67-71-96-88-79-53-90
204,4,1495.7049,893.7127,145.0,941.6746,0,4,80.462851,80.585764,True,65-52-59-47-14-12-82-69-88-61-44-40-38-41-2-6-7-8-46-5-3-1-43-35-54-68-4-100-70|96-94-62-33-28-26-27-29-31-30-76-19-18-51-22-20-49-24-74-13-17-75-58-77-25-83|37-36-39-42-45-11-15-16-73-79-78-53-99-9-87-97-10-98-60-55|91-92-63-48-21-23-64-95-67-71-72-81-90-86-57-84-66-56-50-34-32-89-85-93-80
205,4,1495.7049,893.7127,145.0,941.6746,0,4,80.462851,80.585764,True,65-52-59-47-14-12-82-69-88-61-44-40-38-41-2-6-7-8-46-5-3-1-43-35-54-68-4-100-70|96-94-62-33-28-26-27-29-31-30-76-19-18-51-22-20-49-24-74-13-17-75-58-77-25-83|37-36-39-42-45-11-15-16-73-79-78-53-99-9-87-97-10-98-60-55|91-92-63-48-21-23-64-95-67-71-72-81-90-86-57-84-66-56-50-34-32-89-85-93-80
206,4,1496.0268,789.6254,328.0,917.9112,0,4,80.559419,80.681551,True,65-12-14-59-75-52-23-64-67-72-44-40-38-41-81-54-37-35-43-3-5-4-60-100-70|91-92-95-85-63-33-28-26-27-29-31-30-62-51-76-19-18-48-21-49-22-84-20-24-74-17-13-58-77-25-83|36-39-42-1-45-7-47-16-15-11-73-79-9-99-87-86-57-97-10-82-66-56-50-34-32-89-93-94-80|69-88-61-71-96-90-98-53-78-6-8-46-2-55-68
207,4,1496.6382,821.665,223.0,941.6746,0,4,80.742827,80.863013,True,65-82-12-14-59-23-64-71-72-44-40-38-41-81-37-35-43-3-5-4-60-100-70|92-50-63-33-34-31-29-27-26-28-30-76-51-19-18-48-21-22-57-90-84-20-49-24-74-13-17-75-58-77-25-83|36-39-42-1-45-7-47-16-15-11-73-9-99-52-86-87-97-10-66-56-85-32-89-93-80|69-91-95-62-67-94-96-61-88-98-53-78-79-8-46-6-2-55-68-54
208,4,1499.0199,991.4352,73.0,918.6889,0,4,81.457337,81.585255,True,65-82-12-14-47-11-15-16-23-83-90-99-57-86-87-9-10-59-75-97-13-74-24-25-91-80|92-95-63-62-33-28-30-50-64-19-18-76-85-84-51-49-22-20-66-56-32-89-48-21-77-58-52|69-61-44-88-79-73-78-53-7-8-6-46-5-3-1-4-2-68-55-60-17-98|45-42-39-36-27-26-29-31-34-67-71-81-38-41-40-43-35-37-72-54-93-94-96-70-100
209,4,1499.0199,991.4352,73.0,918.6889,0,4,81.457337,81.585255,True,65-82-12-14-47-11-15-16-23-83-90-99-57-86-87-9-10-59-75-97-13-74-24-25-91-80|92-95-63-62-33-28-30-50-64-19-18-76-85-84-51-49-22-20-66-56-32-89-48-21-77-58-52|69-61-44-88-79-73-78-53-7-8-6-46-5-3-1-4-2-68-55-60-17-98|45-42-39-36-27-26-29-31-34-67-71-81-38-41-40-43-35-37-72-54-93-94-96-70-100
210,4,1499.2218,872.4821,156.0,917.4356,0,4,81.517903,81.63615,True,65-91-92-95-63-33-34-31-29-27-26-28-30-62-67-71-40-38-41-96-81-43-35-37-72-54-85-89-50-93-94-80|69-98-47-15-12-88-90-53-99-87-57-22-20-49-32-24-74-59-75-58-77-25-83|14-45-42-39-36-44-61-11-16-78-73-79-7-6-8-46-5-3-1-4-2-55-13-17-60-100-70|64-19-23-21-48-18-76-51-84-52-86-9-97-10-82-66-56-68
211,4,1499.2218,872.4821,156.0,917.4356,0,4,81.517903,81.63615,True,65-91-92-95-63-33-34-31-29-27-26-28-30-62-67-71-40-38-41-96-81-43-35-37-72-54-85-89-50-93-94-80|69-98-47-15-12-88-90-53-99-87-57-22-20-49-32-24-74-59-75-58-77-25-83|14-45-42-39-36-44-61-11-16-78-73-79-7-6-8-46-5-3-1-4-2-55-13-17-60-100-70|64-19-23-21-48-18-76-51-84-52-86-9-97-10-82-66-56-68
212,4,1499.7119,766.7764,235.0,917.9112,0,4,81.664943,81.775453,True,65-82-12-14-59-75-23-64-71-72-44-40-38-41-81-54-37-35-43-3-5-4-60-100-70|92-63-33-62-50-31-29-27-26-28-30-76-51-19-18-48-21-22-57-84-20-49-24-74-17-13-58-77-25-83|36-39-42-1-45-7-47-16-15-11-73-79-90-99-86-87-9-10-97-52-66-56-95-34-32-89-85-93-80|69-91-67-94-96-61-88-98-53-78-6-8-46-2-55-68
213,4,1499.7119,766.7764,235.0,917.9112,0,4,81.664943,81.775453,True,65-82-12-14-59-75-23-64-71-72-44-40-38-41-81-54-37-35-43-3-5-4-60-100-70|92-63-33-62-50-31-29-27-26-28-30-76-51-19-18-48-21-22-57-84-20-49-24-74-17-13-58-77-25-83|36-39-42-1-45-7-47-16-15-11-73-79-90-99-86-87-9-10-97-52-66-56-95-34-32-89-85-93-80|69-91-67-94-96-61-88-98-53-78-6-8-46-2-55-68
214,4,1502.6246,926.9507,151.0,864.9173,0,4,82.538754,82.657815,True,65-82-12-14-47-11-15-16-23-83-90-99-57-86-87-9-10-59-75-97-13-52-74-24-25|91-92-95-63-62-33-28-30-50-64-19-18-76-85-84-51-49-22-20-66-56-32-89-48-21-77-58|45-42-39-36-44-69-88-53-73-78-79-7-8-6-46-5-3-1-43-68-55-2-4-60-17-98-100-70|94-31-29-27-26-34-67-71-61-81-38-41-40-35-37-72-54-93-96-80
215,4,1502.6246,926.9507,151.0,864.9173,0,4,82.538754,82.657815,True,65-82-12-14-47-11-15-16-23-83-90-99-57-86-87-9-10-59-75-97-13-52-74-24-25|91-92-95-63-62-33-28-30-50-64-19-18-76-85-84-51-49-22-20-66-56-32-89-48-21-77-58|45-42-39-36-44-69-88-53-73-78-79-7-8-6-46-5-3-1-43-68-55-2-4-60-17-98-100-70|94-31-29-27-26-34-67-71-61-81-38-41-40-35-37-72-54-93-96-80
216,4,1505.6813,1030.7523,50.0,918.6889,0,4,83.455763,83.589277,True,65-82-12-14-47-11-15-16-23-90-99-57-86-87-9-10-59-97-13-74-24-25-95-91-80|92-63-62-33-28-30-50-64-19-18-76-85-84-51-49-22-20-83-66-56-32-89-48-21-77-75-58-52|69-61-44-88-73-78-53-79-7-8-6-46-5-3-1-4-2-68-55-60-17-98|45-42-39-36-27-26-29-31-34-67-71-81-38-41-40-43-35-37-72-54-93-94-96-70-100
217,4,1505.6813,1030.7523,50.0,918.6889,0,4,83.455763,83.589277,True,65-82-12-14-47-11-15-16-23-90-99-57-86-87-9-10-59-97-13-74-24-25-95-91-80|92-63-62-33-28-30-50-64-19-18-76-85-84-51-49-22-20-83-66-56-32-89-48-21-77-75-58-52|69-61-44-88-73-78-53-79-7-8-6-46-5-3-1-4-2-68-55-60-17-98|45-42-39-36-27-26-29-31-34-67-71-81-38-41-40-43-35-37-72-54-93-94-96-70-100
218,4,1509.2863,754.3023,238.0,917.9112,0,4,84.537276,84.649087,True,65-82-98-12-14-59-75-23-64-71-72-44-40-38-41-81-54-37-35-43-3-5-4-60-100-70|92-95-63-33-62-50-31-29-27-26-28-30-76-51-19-18-48-21-22-57-84-20-49-24-74-17-13-58-77-25-83|36-39-42-1-45-7-47-16-15-11-73-79-9-99-52-86-87-97-10-66-56-34-32-89-85-93-80|69-91-67-94-96-61-88-90-53-78-6-8-46-2-55-68
219,4,1510.5852,889.2616,148.0,941.6746,0,4,84.926921,85.053931,True,65-52-59-47-14-12-82-69-98-88-61-44-40-38-41-81-90-8-6-7-46-5-3-1-43-35-37-54-68-70-100|96-72-62-33-28-26-27-29-30-76-51-19-18-87-86-57-22-20-49-24-74-13-17-75-58-77-25-83|39-36-42-45-11-15-16-73-79-78-53-99-9-97-10-2-4-60-55|91-92-95-85-63-48-21-23-64-71-67-84-66-56-50-34-31-32-89-93-94-80
220,4,1514.3239,761.824,292.0,890.1079,0,4,86.04854,86.164221,True,12-14-75-23-21-69-61-44-41-38-40-35-43-1-4-2-60-100-70|72-39-36-37-27-26-28-29-31-34-50-62-64-51-76-19-48-18-84-22-20-49-59-97-17-13-74-58-77-25-83|42-3-5-45-7-47-16-15-11-73-88-98-82-99-52-57-86-87-9-10-66-56-32-89-24-94-93-80|65-91-92-95-85-63-33-30-67-71-96-81-90-53-78-79-8-46-6-55-68-54
221,4,1514.3239,761.824,292.0,890.1079,0,4,86.04854,86.164221,True,12-14-75-23-21-69-61-44-41-38-40-35-43-1-4-2-60-100-70|72-39-36-37-27-26-28-29-31-34-50-62-64-51-76-19-48-18-84-22-20-49-59-97-17-13-74-58-77-25-83|42-3-5-45-7-47-16-15-11-73-88-98-82-99-52-57-86-87-9-10-66-56-32-89-24-94-93-80|65-91-92-95-85-63-33-30-67-71-96-81-90-53-78-79-8-46-6-55-68-54
222,4,1515.7954,1001.4366,66.0,918.6889,0,4,86.489995,86.623745,True,65-82-12-14-47-11-15-16-23-83-90-99-57-86-87-9-10-59-75-97-13-74-24-25-95-91|92-63-62-33-28-30-50-64-19-18-76-85-84-51-49-22-20-66-56-32-89-48-21-77-58-52-80|69-61-44-88-79-73-78-53-7-8-6-46-5-3-1-4-2-68-55-60-17-98|45-42-39-36-27-26-29-31-34-67-71-81-38-41-40-43-35-37-72-54-93-94-96-70-100
223,4,1516.6666,855.5723,219.0,894.577,0,4,86.751364,86.87518,True,91-92-95-63-33-34-31-29-27-26-28-30-62-67-71-96-41-38-40-37-72-54-68-66-32-89-85-50-93-94-80|3-45-2-14-98-69-11-47-15-16-73-88-82-99-52-9-87-86-57-22-20-49-24-74-59-75-58-77-25-83|5-1-42-39-36-44-61-81-53-78-79-7-8-46-6-12-10-55-97-13-17-4-60-100-70|65-64-19-23-21-48-18-76-51-84-90-56-35-43
224,4,1516.8284,755.0629,213.0,917.9112,0,4,86.799897,86.911585,True,65-12-14-59-75-52-23-64-71-72-44-40-38-41-81-54-37-35-43-1-3-5-4-60-100-70|92-95-85-63-33-50-62-31-29-27-26-28-30-76-51-19-18-48-21-22-57-90-84-20-49-24-74-17-13-58-77-25-83|69-91-67-94-96-61-88-98-53-78-79-6-8-46-2-55-68|39-36-42-45-7-47-16-15-11-73-9-99-86-87-97-10-82-66-56-34-32-89-93-80
225,4,1516.8284,755.0629,213.0,917.9112,0,4,86.799897,86.911585,True,65-12-14-59-75-52-23-64-71-72-44-40-38-41-81-54-37-35-43-1-3-5-4-60-100-70|92-95-85-63-33-50-62-31-29-27-26-28-30-76-51-19-18-48-21-22-57-90-84-20-49-24-74-17-13-58-77-25-83|69-91-67-94-96-61-88-98-53-78-79-6-8-46-2-55-68|39-36-42-45-7-47-16-15-11-73-9-99-86-87-97-10-82-66-56-34-32-89-93-80
226,4,1516.9409,884.5653,127.0,941.6746,0,4,86.833649,86.95976,True,65-52-59-47-14-12-82-98-88-61-44-40-38-41-81-2-6-8-7-46-5-3-1-43-35-54-68-4-100-70|92-63-33-28-26-27-29-31-30-62-51-76-19-18-48-21-22-20-49-24-74-13-17-75-58-77-25-83|42-39-37-36-45-69-11-15-16-73-9-99-57-86-87-97-10-60-55|91-64-23-67-71-72-79-78-53-90-84-66-56-95-50-34-32-89-85-94-93-96-80
227,4,1516.9409,884.5653,127.0,941.6746,0,4,86.833649,86.95976,True,65-52-59-47-14-12-82-98-88-61-44-40-38-41-81-2-6-8-7-46-5-3-1-43-35-54-68-4-100-70|92-63-33-28-26-27-29-31-30-62-51-76-19-18-48-21-22-20-49-24-74-13-17-75-58-77-25-83|42-39-37-36-45-69-11-15-16-73-9-99-57-86-87-97-10-60-55|91-64-23-67-71-72-79-78-53-90-84-66-56-95-50-34-32-89-85-94-93-96-80
228,4,1519.2919,838.7871,246.0,897.4915,0,4,87.538952,87.664175,True,65-98-12-14-59-75-23-64-69-61-44-40-38-41-2-7-46-5-3-1-43-35-37-72-54-60-100-70|63-50-33-34-31-29-27-26-28-30-85-76-51-18-19-49-22-84-20-52-97-17-13-74-58-77-25-83|39-36-42-45-47-16-15-11-73-88-99-57-86-87-9-10-82-66-56-32-89-48-21-24-91-94-93-80|92-95-62-67-71-96-81-90-53-78-79-8-6-4-55-68
229,4,1520.0647,908.4312,147.0,918.6889,0,4,87.770792,87.899973,True,65-82-12-14-47-11-15-16-23-19-83-90-99-57-86-9-59-75-97-10-17-13-74-24-91-80|92-95-85-63-33-28-27-30-50-64-76-84-51-18-49-22-20-66-68-56-32-89-48-21-25-77-58-52|45-3-42-39-36-26-29-31-34-62-67-71-61-81-38-41-40-43-35-37-72-54-93-94-96-70-100|44-69-98-88-73-87-53-78-79-8-6-7-46-5-1-4-2-60-55
230,4,1520.0647,908.4312,147.0,918.6889,0,4,87.770792,87.899973,True,65-82-12-14-47-11-15-16-23-19-83-90-99-57-86-9-59-75-97-10-17-13-74-24-91-80|92-95-85-63-33-28-27-30-50-64-76-84-51-18-49-22-20-66-68-56-32-89-48-21-25-77-58-52|45-3-42-39-36-26-29-31-34-62-67-71-61-81-38-41-40-43-35-37-72-54-93-94-96-70-100|44-69-98-88-73-87-53-78-79-8-6-7-46-5-1-4-2-60-55
231,4,1521.9024,791.829,194.0,927.9771,0,4,88.322082,88.440417,True,65-82-12-14-52-75-23-64-71-72-44-38-41-81-40-35-37-43-3-5-4-60-100-70|92-63-33-34-31-29-27-26-28-30-76-51-19-18-48-21-22-57-90-84-20-49-24-74-17-13-59-58-77-25-83|36-39-42-1-45-7-47-16-15-11-73-9-99-86-87-97-10-66-56-50-32-89-93-80|69-91-95-85-62-67-94-96-61-88-98-53-78-79-6-8-46-2-55-68-54
232,4,1521.9024,791.829,194.0,927.9771,0,4,88.322082,88.440417,True,65-82-12-14-52-75-23-64-71-72-44-38-41-81-40-35-37-43-3-5-4-60-100-70|92-63-33-34-31-29-27-26-28-30-76-51-19-18-48-21-22-57-90-84-20-49-24-74-17-13-59-58-77-25-83|36-39-42-1-45-7-47-16-15-11-73-9-99-86-87-97-10-66-56-50-32-89-93-80|69-91-95-85-62-67-94-96-61-88-98-53-78-79-6-8-46-2-55-68-54
233,4,1523.5083,603.7162,467.0,941.6746,0,4,88.803862,88.923816,True,45-7-47-14-12-82-98-88-61-44-40-38-41-2-6-8-46-5-3-1-43-35-37-4-60-100-70|91-92-95-63-50-33-34-31-29-27-26-28-30-85-76-19-21-48-18-51-84-49-22-57-66-56-20-24-74-13-17-75-58-77-25-83|65-72-36-39-42-69-11-15-16-73-79-78-9-52-86-87-59-97-10-55-68-54-32-89-93-94-80|64-23-62-67-71-96-81-53-99-90
234,4,1525.5309,935.3568,29.0,908.7336,0,4,89.410641,89.532207,True,91-92-50-63-85-95-64-30-23-19-18-76-51-22-49-57-84-56-66-20-89-48-21-24-83|42-39-36-33-28-26-27-29-31-34-62-67-71-72-38-37-40-41-81-90-94-32-54-35-93-96-80|45-2-98-69-61-44-88-78-73-79-7-6-8-46-5-3-1-43-68-55-60-4-100-70|65-82-12-14-47-16-15-11-9-53-99-52-86-87-59-97-10-17-13-74-58-75-77-25
235,4,1525.5309,935.3568,29.0,908.7336,0,4,89.410641,89.532207,True,91-92-50-63-85-95-64-30-23-19-18-76-51-22-49-57-84-56-66-20-89-48-21-24-83|42-39-36-33-28-26-27-29-31-34-62-67-71-72-38-37-40-41-81-90-94-32-54-35-93-96-80|45-2-98-69-61-44-88-78-73-79-7-6-8-46-5-3-1-43-68-55-60-4-100-70|65-82-12-14-47-16-15-11-9-53-99-52-86-87-59-97-10-17-13-74-58-75-77-25
236,4,1526.3538,546.8124,463.0,941.6746,0,4,89.657514,89.769387,True,2-45-7-47-14-12-82-69-88-61-44-40-38-41-53-6-8-46-5-3-1-37-35-43-4-60-100-70|91-92-95-63-33-34-31-29-27-26-28-30-62-85-76-19-21-48-18-51-84-49-22-57-66-56-20-24-74-13-17-75-58-77-25-83|65-72-36-39-42-98-11-15-16-73-79-78-99-52-86-87-9-59-97-10-55-68-54-50-32-89-93-94-80|64-23-67-71-96-81-90
237,5,1527.3715,1724.1112,145.0,893.5783,0,5,165.989676,166.239735,True,65-82-12-14-47-11-15-16-23-83-99-57-86-87-9-10-59-97-13-52-74-24-25|91-63-67-95-64-19-18-76-85-51-49-22-20-89-48-21-77-75-58|92-62-33-28-26-27-29-30-31-71-73-53-90-84-66-56-50-32-34-35-37-72-93-94-96-80|69-88-78-79-7-6-8-46-5-3-1-4-2-60-17-98|45-42-39-36-44-40-38-61-41-81-54-43-68-55-100-70
238,4,1527.967,998.8082,58.0,904.0967,0,4,90.141472,90.275492,True,65-69-12-11-47-15-16-23-83-90-99-57-86-87-9-10-97-75-59-74-24-25-95-91-80|92-63-62-33-28-30-50-64-19-18-76-85-84-51-49-22-20-66-56-32-89-48-21-77-58-52-82|39-44-61-88-79-73-78-53-7-6-8-46-5-3-1-4-2-68-55-13-17-60-98-100-70|14-45-42-36-27-26-29-31-34-67-71-81-38-41-40-43-35-37-72-54-96-93-94
239,4,1527.967,998.8082,58.0,904.0967,0,4,90.141472,90.275492,True,65-69-12-11-47-15-16-23-83-90-99-57-86-87-9-10-97-75-59-74-24-25-95-91-80|92-63-62-33-28-30-50-64-19-18-76-85-84-51-49-22-20-66-56-32-89-48-21-77-58-52-82|39-44-61-88-79-73-78-53-7-6-8-46-5-3-1-4-2-68-55-13-17-60-98-100-70|14-45-42-36-27-26-29-31-34-67-71-81-38-41-40-43-35-37-72-54-96-93-94
240,4,1528.0122,916.5978,42.0,925.3356,0,4,90.15504,90.278327,True,45-5-3-1-42-36-44-88-12-16-78-73-79-8-7-6-53-46-4-2-55-68-70-100|39-14-47-15-11-69-61-71-67-96-81-90-99-57-86-87-9-10-83-97-52-74-59-13-17-60-98|65-64-76-23-21-48-18-19-51-84-49-22-20-66-56-89-24-25-77-75-58-82|91-92-95-85-63-50-62-33-28-26-27-29-30-31-72-38-41-40-43-54-37-35-34-32-93-94-80
241,4,1528.094,593.8933,313.0,941.6746,0,4,90.179565,90.284022,True,65-82-12-14-47-98-69-61-71-44-40-38-41-81-2-6-8-46-5-3-1-43-35-54-68-4-60-100-70|50-33-34-31-29-27-26-28-30-62-85-76-19-48-18-51-84-57-22-20-49-24-74-13-17-75-58-77-25-83|96-72-37-36-39-42-45-11-15-16-73-78-9-99-52-86-87-59-97-10-55-66-56-32-89-93-80|91-92-95-63-21-23-64-67-94-88-7-79-53-90
242,4,1528.094,593.8933,313.0,941.6746,0,4,90.179565,90.284022,True,65-82-12-14-47-98-69-61-71-44-40-38-41-81-2-6-8-46-5-3-1-43-35-54-68-4-60-100-70|50-33-34-31-29-27-26-28-30-62-85-76-19-48-18-51-84-57-22-20-49-24-74-13-17-75-58-77-25-83|96-72-37-36-39-42-45-11-15-16-73-78-9-99-52-86-87-59-97-10-55-66-56-32-89-93-80|91-92-95-63-21-23-64-67-94-88-7-79-53-90
243,4,1528.2929,876.6096,118.0,941.6746,0,4,90.239242,90.366666,True,65-52-59-47-14-12-82-98-88-61-44-40-38-41-81-2-6-8-7-46-5-3-1-43-35-54-68-4-100-70|92-63-33-28-27-29-31-30-62-51-76-19-18-48-21-22-20-49-24-74-13-17-75-58-77-25-83|42-39-37-36-45-69-11-15-16-73-9-99-57-86-87-97-10-60-55|91-64-23-67-71-72-79-78-53-90-84-66-56-95-50-34-32-26-89-85-94-93-96-80
244,4,1528.3421,731.075,380.0,890.1079,0,4,90.254019,90.378092,True,65-52-59-75-64-82-69-61-44-40-38-41-81-90-98-53-2-46-5-3-1-43-37-35-72-54-4-60-100-70|96-39-36-27-26-28-29-31-34-85-76-19-23-21-48-18-51-84-22-20-49-97-10-17-13-74-58-77-25-83|42-45-7-12-14-47-16-15-11-9-87-99-86-57-66-56-50-32-89-24-91-94-93-80|92-95-63-33-30-62-67-71-88-73-78-79-8-6-55-68
245,4,1528.3421,731.075,380.0,890.1079,0,4,90.254019,90.378092,True,65-52-59-75-64-82-69-61-44-40-38-41-81-90-98-53-2-46-5-3-1-43-37-35-72-54-4-60-100-70|96-39-36-27-26-28-29-31-34-85-76-19-23-21-48-18-51-84-22-20-49-97-10-17-13-74-58-77-25-83|42-45-7-12-14-47-16-15-11-9-87-99-86-57-66-56-50-32-89-24-91-94-93-80|92-95-63-33-30-62-67-71-88-73-78-79-8-6-55-68
246,4,1528.405,585.14,437.0,941.6746,0,4,90.272887,90.388525,True,45-7-47-14-12-88-61-44-40-38-41-78-8-6-2-46-5-3-1-43-35-4-60-100-70|91-92-95-63-50-33-34-31-29-27-26-28-30-85-76-18-48-19-51-84-49-22-57-66-56-20-24-74-13-17-75-58-77-25-83|72-37-36-39-42-69-82-11-15-16-73-79-9-99-52-86-87-59-97-10-55-68-54-32-89-93-94-80|65-23-21-64-62-67-71-96-81-98-53-90
247,4,1529.3292,833.5368,151.0,936.9014,0,4,90.550122,90.67398,True,23-71-72-44-40-38-41-90-81-54-37-35-43-3-5-4-60-17-100-70|92-63-33-28-26-27-29-31-30-62-67-76-19-48-18-51-84-49-22-57-24-74-13-59-75-58-77-25-21-83|36-39-42-1-45-7-47-16-15-11-9-87-99-52-86-10-97-20-66-56-95-50-34-32-89-85-93-80|65-82-12-14-69-64-91-94-96-61-88-98-53-73-78-79-6-8-46-2-55-68
248,4,1530.6378,754.6937,235.0,917.9112,0,4,90.942711,91.060686,True,65-12-14-59-75-52-23-64-71-72-44-40-38-41-81-54-37-35-43-3-5-4-60-100-70|92-63-33-50-62-31-29-27-26-28-30-76-51-19-18-48-21-22-57-90-84-20-49-24-74-17-13-58-77-25-83|36-39-42-1-45-7-47-16-15-11-73-79-9-99-86-87-97-10-82-66-56-95-34-32-89-85-93-80|69-91-67-94-96-61-88-98-53-78-6-8-46-2-55-68
249,4,1531.9983,759.2453,292.0,905.2036,0,4,91.350866,91.473726,True,12-14-75-23-52-69-61-44-40-41-38-35-43-5-4-2-60-100-70|72-37-36-27-26-28-29-31-34-50-62-64-51-76-19-48-18-49-22-84-20-97-13-17-59-74-58-77-25-21-83|39-42-1-3-45-7-47-16-15-11-73-88-98-82-99-57-86-87-9-10-66-56-32-89-24-94-93-80|65-91-92-95-85-63-33-30-67-71-96-81-90-53-78-79-8-46-6-55-68-54
250,4,1535.615,829.4445,276.0,905.2036,0,4,92.435875,92.56875,True,98-12-14-75-23-52-69-61-44-41-38-40-43-35-55-60-100-70|72-37-36-27-26-28-29-31-34-50-62-64-51-76-19-48-18-49-22-84-20-97-13-17-59-74-58-77-25-21-83|39-42-1-3-45-5-7-47-16-15-11-73-88-82-99-57-86-87-9-10-66-56-32-89-24-94-93-80|65-91-92-95-85-63-33-30-67-71-96-81-90-53-78-79-8-6-46-4-2-68-54
251,4,1535.615,829.4445,276.0,905.2036,0,4,92.435875,92.56875,True,98-12-14-75-23-52-69-61-44-41-38-40-43-35-55-60-100-70|72-37-36-27-26-28-29-31-34-50-62-64-51-76-19-48-18-49-22-84-20-97-13-17-59-74-58-77-25-21-83|39-42-1-3-45-5-7-47-16-15-11-73-88-82-99-57-86-87-9-10-66-56-32-89-24-94-93-80|65-91-92-95-85-63-33-30-67-71-96-81-90-53-78-79-8-6-46-4-2-68-54
252,5,1536.4044,1627.6112,51.0,905.2286,0,5,151.51468,151.74532,True,92-82-29-31-64-83-99-88-78-73-79-8-46-4-17-60-100-70-80-91|63-33-26-27-28-30-62-67-71-96-41-38-40-43-35-37-72-54-94-85-89-50-93|69-47-16-15-9-87-86-57-22-20-49-24-74-59-75-58-77-25-52|65-12-14-11-23-21-48-18-19-76-51-84-90-66-56-95-32-34|45-5-3-1-42-39-36-44-81-61-2-6-7-53-10-97-13-98-55-68
253,4,1537.0346,840.6933,148.0,917.9112,0,4,92.86174,92.985835,True,65-52-59-75-47-14-98-69-88-61-44-40-38-41-79-8-46-3-1-43-35-54-68|92-63-33-28-27-29-31-30-62-51-76-19-18-48-21-22-57-84-20-49-24-74-17-13-58-77-25-83|36-37-39-42-5-45-7-12-11-15-16-73-78-9-99-86-87-97-10-60-55-2-4-100-70|91-64-23-67-71-72-81-6-53-82-90-66-56-95-50-34-32-26-89-85-94-93-96-80
254,4,1538.3816,779.7628,149.0,941.6746,0,4,93.265859,93.384883,True,65-52-47-14-12-82-98-88-61-44-40-38-41-81-6-46-5-3-1-43-35-54-68-4-7-60-100-70|91-92-95-63-33-28-26-27-29-31-30-62-51-76-19-18-48-21-49-22-57-20-24-74-13-17-75-58-77-25-83|37-36-39-42-45-2-69-11-15-16-73-79-9-99-86-87-59-97-10-55|64-23-67-71-72-8-78-53-90-84-66-56-50-34-32-89-85-94-93-96-80
255,4,1538.3816,779.7628,149.0,941.6746,0,4,93.265859,93.384883,True,65-52-47-14-12-82-98-88-61-44-40-38-41-81-6-46-5-3-1-43-35-54-68-4-7-60-100-70|91-92-95-63-33-28-26-27-29-31-30-62-51-76-19-18-48-21-49-22-57-20-24-74-13-17-75-58-77-25-83|37-36-39-42-45-2-69-11-15-16-73-79-9-99-86-87-59-97-10-55|64-23-67-71-72-8-78-53-90-84-66-56-50-34-32-89-85-94-93-96-80
256,4,1539.4571,745.8744,235.0,917.9112,0,4,93.588508,93.707807,True,65-12-14-59-75-52-23-64-71-72-44-40-38-41-81-54-37-35-43-3-5-4-60-100-70|92-63-33-50-62-31-29-27-26-28-30-76-51-19-18-48-21-22-57-90-84-20-49-24-74-17-13-58-77-25-83|36-39-42-1-45-7-47-16-15-11-73-79-99-9-86-87-97-10-82-66-56-95-34-32-89-85-93-80|69-91-67-94-96-61-88-98-53-78-6-8-46-2-55-68
257,4,1541.912,743.5452,235.0,917.9112,0,4,94.324975,94.444661,True,65-12-14-59-75-52-23-64-71-72-44-40-38-41-81-54-43-37-35-3-5-4-60-100-70|92-63-33-50-62-31-29-27-26-28-30-76-51-19-18-48-21-22-57-90-84-20-49-24-74-17-13-58-77-25-83|36-39-42-1-45-7-47-16-15-11-73-79-9-99-86-87-97-10-82-66-56-95-34-32-89-85-93-80|69-91-67-94-96-61-88-98-53-78-6-8-46-2-55-68
258,4,1544.6155,754.9675,280.0,902.9609,0,4,95.136024,95.260491,True,65-12-14-52-75-48-23-64-71-72-44-40-38-41-81-54-37-35-43-3-5-4-60-17-100-70|91-92-63-33-50-62-34-31-29-27-26-28-30-76-51-19-18-21-22-57-90-84-20-49-24-74-13-59-58-77-25-83|36-39-42-1-45-7-47-16-15-11-73-79-9-99-86-87-97-10-82-66-56-95-32-89-85-93-80|69-67-94-96-61-88-98-53-78-6-8-46-2-55-68
259,4,1545.085,515.9009,487.0,941.6746,0,4,95.276862,95.392117,True,98-45-7-47-14-12-69-61-44-40-38-41-78-79-8-6-2-46-5-3-1-43-35-37-4-60-100-70|91-92-95-63-50-33-34-31-29-27-26-28-30-85-76-19-21-48-18-51-84-57-22-49-20-56-66-24-74-13-17-75-58-77-25-83|65-72-36-39-42-11-15-16-73-88-53-82-99-52-86-87-9-59-97-10-55-68-54-32-89-93-94-80|64-23-62-67-71-96-81-90
260,4,1546.9198,741.4456,345.0,927.9771,0,4,95.827325,95.960708,True,65-98-12-75-64-69-88-61-44-40-38-41-81-90-2-46-5-3-1-43-37-35-72-54-4-60-100-70|96-39-36-27-26-28-29-31-34-85-76-19-23-21-48-18-51-84-22-20-49-24-74-17-13-59-58-77-25-83|42-45-7-14-47-16-15-11-9-99-52-57-86-87-97-10-82-66-56-50-32-89-93-94-80|91-92-95-63-33-30-62-67-71-53-73-78-79-8-6-55-68
261,4,1546.9198,741.4456,345.0,927.9771,0,4,95.827325,95.960708,True,65-98-12-75-64-69-88-61-44-40-38-41-81-90-2-46-5-3-1-43-37-35-72-54-4-60-100-70|96-39-36-27-26-28-29-31-34-85-76-19-23-21-48-18-51-84-22-20-49-24-74-17-13-59-58-77-25-83|42-45-7-14-47-16-15-11-9-99-52-57-86-87-97-10-82-66-56-50-32-89-93-94-80|91-92-95-63-33-30-62-67-71-53-73-78-79-8-6-55-68
262,4,1551.9274,839.2776,125.0,927.9771,0,4,97.329595,97.457155,True,65-52-75-47-14-12-82-98-88-61-44-40-38-41-81-2-6-7-46-5-3-1-43-37-35-54-68-4-100-70|92-63-33-28-27-29-31-30-62-51-76-19-18-48-21-22-84-20-49-24-74-17-13-59-58-77-25-83|39-36-42-45-69-11-15-16-73-9-99-57-86-87-97-10-60-55|91-23-64-67-71-72-8-79-78-53-90-66-56-95-50-34-32-26-89-85-94-93-96-80
263,4,1552.161,805.9181,213.0,897.4915,0,4,97.399671,97.526524,True,65-98-12-14-59-75-23-64-69-61-44-40-38-41-2-8-46-5-3-1-43-35-37-54-60-100-70|72-50-33-34-31-29-27-26-28-30-62-85-51-18-19-49-22-84-20-52-97-17-13-74-58-77-25-83|39-36-42-45-7-47-16-15-11-73-88-99-57-86-87-9-10-82-66-56-32-89-48-21-24-91-94-93-80|92-95-63-76-67-71-96-81-90-53-78-79-6-4-55-68
264,4,1552.6925,719.215,234.0,904.481,0,4,97.559138,97.676293,True,65-82-12-14-75-48-21-23-64-71-72-44-40-38-41-81-54-37-35-43-3-5-4-60-100-70|92-95-85-63-33-50-62-31-29-27-26-28-30-76-18-19-51-84-90-57-22-49-83-66-17-13-74-24-25-77-58|36-39-42-1-45-7-47-16-15-11-73-79-9-99-86-87-59-97-10-52-20-56-34-32-89-93-80|69-91-67-94-96-61-88-98-53-78-6-8-46-2-55-68
265,4,1554.8724,818.2111,184.0,917.9112,0,4,98.213109,98.342782,True,65-52-75-59-14-47-15-11-82-69-88-61-44-40-38-41-2-6-79-8-46-5-3-43-35-54-68|42-37-72-31-27-26-28-33-30-29-85-51-76-19-18-48-21-22-57-84-20-49-24-74-17-13-58-77-25-83|96-39-36-1-45-7-73-16-78-9-99-86-87-97-10-12-60-55-4-100-70|91-92-63-23-64-95-62-67-71-81-98-53-90-66-56-50-34-32-89-93-94-80
266,4,1554.8724,818.2111,184.0,917.9112,0,4,98.213109,98.342782,True,65-52-75-59-14-47-15-11-82-69-88-61-44-40-38-41-2-6-79-8-46-5-3-43-35-54-68|42-37-72-31-27-26-28-33-30-29-85-51-76-19-18-48-21-22-57-84-20-49-24-74-17-13-58-77-25-83|96-39-36-1-45-7-73-16-78-9-99-86-87-97-10-12-60-55-4-100-70|91-92-63-23-64-95-62-67-71-81-98-53-90-66-56-50-34-32-89-93-94-80
267,4,1557.7224,839.8775,140.0,910.1829,0,4,99.068102,99.196321,True,65-52-59-47-14-12-82-98-88-61-44-40-38-41-2-6-7-8-46-5-3-1-43-54-68-55-4-35-70-100|92-63-33-28-26-27-29-31-30-62-51-19-18-48-21-22-57-84-20-49-24-74-13-75-58-77-25-83|42-39-37-36-45-69-11-15-16-73-79-9-99-86-87-97-10-17-60|91-64-23-76-67-71-72-81-78-53-90-66-56-95-50-34-32-89-85-94-93-96-80
268,4,1558.5056,534.6214,468.0,941.6746,0,4,99.303045,99.423234,True,82-12-14-47-69-88-44-40-38-41-2-6-79-8-46-5-3-1-43-35-37-4-60-100-70|36-92-50-33-34-31-29-27-26-28-30-85-76-19-21-48-18-51-84-49-22-57-66-56-20-24-74-13-17-75-58-77-25-83|65-72-39-42-45-7-11-15-16-73-78-53-99-52-86-87-9-59-97-10-98-55-68-54-32-89-93-94-80|91-95-63-23-64-62-67-71-96-81-61-90
269,4,1562.307,547.8782,408.0,941.6746,0,4,100.44348,100.560798,True,98-2-45-7-47-14-12-82-69-88-61-44-40-38-41-78-6-8-46-5-3-1-43-35-37-4-60-100-70|91-92-95-63-50-33-34-31-29-27-26-28-30-62-85-76-18-48-21-51-84-49-22-57-66-56-20-24-74-13-17-75-58-77-25-83|65-72-36-39-42-11-15-16-73-79-9-99-52-86-87-59-97-10-55-68-54-32-89-93-94-80|64-23-19-67-71-96-81-53-90
270,4,1564.5402,731.5575,209.0,906.8401,0,4,101.113439,101.233854,True,98-12-14-59-75-23-83-69-61-44-40-38-41-54-37-35-43-1-3-5-4-2-60-100-70|50-33-28-26-27-29-31-34-67-62-51-76-19-18-49-22-84-56-20-74-17-13-58-77-25-21-48|72-36-39-42-45-7-47-15-16-11-73-88-9-99-52-57-86-87-97-10-82-66-32-89-24-94-93-80|65-91-92-95-85-63-64-30-71-96-81-90-53-78-79-8-46-6-55-68
271,4,1566.8866,899.7243,57.0,918.6889,0,4,101.817346,101.950267,True,65-82-12-14-47-15-11-23-19-83-71-67-90-53-9-59-75-97-10-17-13-74-24-25-95-91-80|92-63-62-33-28-30-50-64-76-85-84-51-18-49-22-57-20-66-68-56-32-89-48-21-77-58-52|45-42-39-36-27-26-29-31-34-38-44-61-81-41-40-43-35-37-72-54-93-94-96-70-100|69-98-88-73-16-87-86-99-78-79-8-6-7-46-5-3-1-4-2-60-55
272,4,1567.2958,886.1065,78.0,896.7215,0,4,101.940106,102.069912,True,91-92-95-85-63-50-33-30-64-51-76-18-22-49-57-84-56-66-20-32-89-48-21-24-83-80|94-42-39-36-27-26-28-29-31-34-62-67-71-72-38-37-40-41-81-90-98-35-54-93-96|45-2-69-61-44-88-78-73-79-7-6-8-46-5-3-1-43-68-55-60-4-100-70|65-82-12-14-47-11-15-16-23-19-86-87-99-53-9-59-75-97-10-17-13-74-58-77-25-52
273,4,1567.4805,713.3552,308.0,894.7957,0,4,101.995521,102.122181,True,12-14-75-23-83-69-61-44-40-38-41-2-6-7-8-46-5-3-1-43-35-37-4-60-100-70|42-39-36-72-27-26-28-31-34-50-62-64-51-76-19-48-18-49-22-84-20-97-13-17-59-74-58-77-25-21|45-47-16-15-11-73-88-98-82-99-52-57-86-87-9-10-66-56-32-89-24-94-93-80|65-91-92-95-85-63-33-30-29-67-71-96-81-90-53-78-79-55-68-54
274,4,1568.1658,812.9733,123.0,917.9112,0,4,102.201118,102.327894,True,65-52-59-75-47-14-12-88-61-44-40-38-41-81-2-6-7-46-5-3-1-43-35-54-68-4-100-70|92-63-33-28-27-29-31-30-62-51-76-19-18-48-21-22-57-84-20-49-24-74-17-13-58-77-25-83|37-36-39-42-45-98-69-82-11-15-16-73-79-9-99-86-87-97-10-60-55|91-64-23-67-71-72-8-78-53-90-66-56-95-50-34-32-26-89-85-94-93-96-80
275,4,1568.1658,812.9733,123.0,917.9112,0,4,102.201118,102.327894,True,65-52-59-75-47-14-12-88-61-44-40-38-41-81-2-6-7-46-5-3-1-43-35-54-68-4-100-70|92-63-33-28-27-29-31-30-62-51-76-19-18-48-21-22-57-84-20-49-24-74-17-13-58-77-25-83|37-36-39-42-45-98-69-82-11-15-16-73-79-9-99-86-87-97-10-60-55|91-64-23-67-71-72-8-78-53-90-66-56-95-50-34-32-26-89-85-94-93-96-80
276,4,1569.0465,541.1146,402.0,931.6393,0,4,102.465319,102.58154,True,45-7-47-14-12-82-64-69-88-61-44-40-38-41-2-6-8-46-5-3-1-43-35-37-4-60-100-70|91-92-95-85-63-50-33-34-31-29-27-26-28-30-62-51-76-18-48-21-22-49-57-84-56-66-20-24-74-13-17-75-58-77-25|65-83-72-36-39-42-11-15-16-73-79-78-99-52-86-87-9-59-97-10-55-68-54-32-89-93-94-80|23-19-67-71-96-81-98-53-90
277,4,1570.6986,751.5005,130.0,953.7885,0,4,102.96095,103.085347,True,65-52-47-14-12-82-98-88-61-44-40-38-41-81-2-6-7-46-5-3-1-43-37-35-54-68-4-60-100-70|92-63-33-28-27-29-31-30-76-51-19-18-48-21-22-84-20-49-24-74-17-13-59-75-58-77-25-83|39-36-42-45-69-11-15-16-73-79-90-99-86-87-9-97-10-55|91-64-23-62-67-71-72-8-78-53-57-66-56-95-50-34-32-26-89-85-94-93-96-80
278,4,1570.8052,671.7487,352.0,896.4449,0,4,102.992947,103.119011,True,65-82-12-14-98-69-61-44-40-38-41-2-6-79-8-46-5-3-1-4-43-68-60-100-70|50-33-34-31-29-27-26-28-30-85-76-18-48-19-51-84-57-22-20-49-75-97-74-13-17-24-25-77-58-83|96-72-37-36-39-42-45-7-47-16-15-11-73-78-9-99-52-86-87-59-10-66-56-54-35-32-89-93-80|91-92-95-63-21-23-64-62-67-71-94-88-53-90-81-55
279,4,1572.7936,720.5515,267.0,896.4449,0,4,103.58944,103.714921,True,65-12-14-52-75-23-64-71-72-44-38-41-81-40-35-37-43-3-5-4-60-100-70|92-50-63-33-34-31-29-27-26-28-30-76-51-19-18-48-21-22-57-90-84-20-49-74-13-17-24-25-77-58-83|36-39-42-1-45-7-47-69-11-15-16-73-78-9-99-86-87-59-97-10-82-66-56-95-32-89-85-93-80|91-62-67-94-96-61-88-98-53-79-6-8-46-2-55-68-54
280,4,1573.3815,779.6449,151.0,917.9112,0,4,103.765829,103.89197,True,59-75-14-12-98-69-88-61-44-40-38-41-72-84-94-96-54-68-55-60|92-50-63-33-28-26-27-29-30-34-85-76-19-21-48-18-51-49-22-57-56-20-24-74-17-13-58-77-25-83|36-39-42-1-3-45-2-7-47-16-15-11-73-9-99-52-86-87-97-10-82-66-31-32-89-93-80|65-91-23-64-95-62-67-71-81-90-53-78-79-8-6-46-5-4-43-35-37-70-100
281,4,1573.4956,499.8339,463.0,941.6746,0,4,103.800045,103.919014,True,98-45-7-47-14-12-82-69-61-44-40-38-41-78-79-8-6-2-1-3-5-46-4-43-35-37-60-100-70|91-92-95-63-33-34-31-29-27-26-28-30-62-85-76-19-21-48-18-51-84-49-22-57-66-56-20-24-74-13-17-75-58-77-25-83|65-72-36-39-42-11-15-16-73-88-99-52-86-59-87-9-53-10-97-55-68-54-50-32-89-93-94-80|64-23-67-71-96-81-90
282,4,1576.2182,783.4872,294.0,883.9656,0,4,104.61684,104.753617,True,65-82-12-14-47-15-52-83-94-71-72-44-40-38-41-1-3-5-8-46-6-2-55-68-43-4-100-70|92-95-63-33-28-26-27-29-31-34-85-76-19-23-21-48-18-51-84-49-22-57-97-75-74-24-89-25-77-58|39-36-42-45-69-98-11-16-73-88-90-99-86-9-87-59-20-66-56-50-32-54-37-35-93-80|91-64-62-30-67-96-81-61-7-79-78-53-10-13-17-60
283,4,1578.4271,716.9704,228.0,927.9771,0,4,105.279494,105.406958,True,65-12-14-75-52-64-69-71-72-44-40-38-41-81-54-37-35-43-1-4-60-100-70|63-33-50-62-31-29-27-26-28-30-76-51-19-18-48-21-22-57-90-84-20-49-24-74-17-13-59-58-77-25-83|36-39-42-3-5-45-7-47-16-15-11-73-79-9-99-86-87-97-10-82-66-56-95-34-32-89-85-93-80|91-92-23-67-94-96-61-88-98-53-78-6-8-46-2-55-68
284,4,1578.4545,777.0976,189.0,890.1079,0,4,105.287713,105.414623,True,65-82-45-7-47-14-16-15-12-11-99-9-87-86-18-48-49-57-52-59-75-97-10-17-13-74-58-77-25-83|91-92-95-85-63-33-28-26-27-29-31-30-76-51-19-22-84-20-50-34-32-66-24-89-93-94-80|42-39-36-44-96-62-67-71-72-38-40-41-81-90-98-2-46-5-3-1-43-35-37-54-68|21-23-64-69-61-88-53-73-78-79-8-6-56-55-60-4-100-70
285,4,1580.8003,713.8029,143.0,917.9112,0,4,105.991461,106.109152,True,82-59-75-47-14-12-98-69-61-44-40-38-41-81-2-6-46-5-3-1-43-35-37-54-4-60-100-70|33-34-31-29-27-26-28-30-85-76-51-18-19-49-22-57-20-24-74-17-13-58-77-25-83|96-72-36-39-42-45-7-11-15-16-73-79-78-99-52-86-87-9-97-10-55-68|65-91-92-63-48-21-23-64-95-62-67-71-88-8-53-90-84-66-56-50-32-89-93-94-80
286,4,1580.8003,713.8029,143.0,917.9112,0,4,105.991461,106.109152,True,82-59-75-47-14-12-98-69-61-44-40-38-41-81-2-6-46-5-3-1-43-35-37-54-4-60-100-70|33-34-31-29-27-26-28-30-85-76-51-18-19-49-22-57-20-24-74-17-13-58-77-25-83|96-72-36-39-42-45-7-11-15-16-73-79-78-99-52-86-87-9-97-10-55-68|65-91-92-63-48-21-23-64-95-62-67-71-88-8-53-90-84-66-56-50-32-89-93-94-80
287,4,1581.3165,705.9074,314.0,890.1079,0,4,106.14631,106.275901,True,65-98-12-14-75-21-23-64-69-61-44-40-38-41-2-7-8-46-5-3-1-43-35-4-60-100-70|72-37-36-27-26-28-29-31-34-50-62-76-18-48-19-51-84-49-22-20-59-97-17-13-74-58-77-25-83|39-42-45-47-16-15-11-73-88-82-99-52-57-86-87-9-10-66-56-32-89-24-91-94-93-80|92-95-85-63-33-30-67-71-96-81-90-53-78-79-6-55-68-54
288,4,1581.9078,871.4944,50.0,896.7215,0,4,106.323727,106.452925,True,91-92-95-33-63-85-64-50-30-76-51-18-19-49-22-84-56-66-20-32-89-48-21-24-83-80|94-42-39-36-27-26-28-29-31-34-62-67-71-72-38-37-40-41-81-90-98-35-54-93-96|45-2-69-61-44-88-78-73-79-7-6-8-46-5-3-1-43-68-55-60-4-100-70|65-82-12-14-47-11-15-16-23-87-86-57-99-53-9-59-75-97-10-17-13-74-58-77-25-52
289,4,1582.8559,584.487,305.0,941.6746,0,4,106.608154,106.726829,True,65-52-14-12-82-69-61-44-40-38-41-81-2-6-8-46-5-3-1-43-37-35-54-68-4-60-100-70|72-33-34-31-29-27-26-28-30-62-85-76-19-21-48-18-51-84-49-22-57-66-20-24-74-13-17-75-58-77-25-83|39-36-42-45-47-16-15-11-73-53-99-86-9-87-59-97-10-55-56-50-32-89-94-93-96-80|91-92-95-63-23-64-67-71-88-7-79-78-98-90
290,4,1585.5638,721.125,119.0,941.6746,0,4,107.420529,107.541911,True,65-82-12-14-47-98-88-61-44-40-38-41-81-6-7-46-5-3-1-43-35-54-68-4-60-100-70|42-72-92-95-63-33-28-27-29-31-30-76-51-19-18-48-21-22-57-84-20-49-24-74-13-17-75-58-77-25-83|39-37-36-45-2-69-11-15-16-73-79-9-99-52-86-87-59-97-10-55|91-64-23-62-67-71-8-78-53-90-66-56-50-34-32-26-89-85-94-93-96-80
291,4,1585.7303,784.8308,154.0,916.9603,0,4,107.470469,107.60125,True,65-52-12-14-11-59-64-67-71-72-38-40-41-81-54-37-35-43-3-5-4-100-70|92-50-63-33-28-26-27-29-31-30-62-51-76-19-18-48-21-57-22-20-49-75-97-17-13-74-24-25-77-58-83|36-39-42-1-45-7-47-15-16-73-86-87-9-99-82-90-84-66-56-95-34-32-89-85-93-80|96-94-91-23-69-61-44-88-98-53-78-79-6-8-46-2-55-10-60-68
292,4,1586.836,704.4077,311.0,905.2036,0,4,107.802163,107.935149,True,65-98-12-14-75-23-64-69-61-44-40-38-41-2-7-8-46-5-3-1-43-35-4-60-100-70|72-37-36-27-26-28-29-31-34-50-62-51-76-19-48-18-49-22-84-20-59-97-17-13-74-58-77-25-21-83|39-42-45-47-16-15-11-73-88-82-99-52-57-86-87-9-10-66-56-32-89-24-94-93-80|91-92-95-85-63-33-30-67-71-96-81-90-53-78-79-6-55-68-54
293,4,1588.9818,529.8944,450.0,941.6746,0,4,108.445927,108.57275,True,98-2-45-7-47-14-12-82-64-69-88-61-44-40-38-41-6-8-46-5-3-1-43-35-68-4-60-100-70|91-92-95-63-50-33-34-31-29-27-26-28-30-62-85-76-18-19-51-84-49-22-57-66-56-20-24-74-13-17-75-58-77-25-83|65-72-37-36-39-42-11-15-16-73-79-78-9-52-86-87-59-97-10-55-54-32-89-93-94-80|23-21-48-67-71-96-81-53-99-90
294,4,1589.0081,681.275,212.0,916.9603,0,4,108.453817,108.575848,True,65-52-59-75-47-14-12-82-98-88-44-40-38-41-81-2-6-8-7-46-5-3-1-43-35-54-68-4-60-100-70|92-95-63-33-28-27-29-31-30-62-51-76-19-18-48-21-49-22-57-20-66-10-17-13-74-24-25-77-58-83|36-37-39-42-45-69-11-15-16-73-9-99-86-87-97-55|91-64-23-67-71-72-61-79-78-53-90-84-56-50-34-32-26-89-85-94-93-96-80
295,4,1591.4341,689.4016,318.0,894.7957,0,4,109.181606,109.312859,True,12-14-75-23-83-69-61-44-40-38-41-2-6-7-8-46-5-3-1-43-35-4-60-100-70|72-37-36-27-26-28-29-31-34-50-62-64-51-76-19-48-18-49-22-84-20-59-97-17-13-74-58-77-25-21|39-42-45-47-16-15-11-73-88-98-82-99-52-57-86-87-9-10-66-56-32-89-24-94-93-80|65-91-92-95-85-63-33-30-67-71-96-81-90-53-78-79-55-68-54
296,4,1592.6062,451.5642,436.0,941.6746,0,4,109.533221,109.647982,True,65-52-59-47-14-12-82-98-88-61-44-40-38-41-81-2-6-8-7-46-5-3-1-43-35-54-68-4-60-100-70|42-37-72-50-33-28-26-27-29-31-30-62-85-76-19-21-48-18-51-84-49-22-57-66-56-20-24-74-13-17-75-58-77-25-83|39-36-45-69-11-15-16-73-79-78-53-99-86-87-9-97-10-55-91-34-32-89-93-94-80|92-95-63-23-64-67-71-96-90
297,4,1593.0371,533.3625,377.0,931.6393,0,4,109.662499,109.782254,True,98-45-7-47-14-12-82-69-88-61-44-40-38-41-2-6-8-46-5-3-1-43-35-37-4-60-100-70|92-50-34-31-29-27-26-28-30-62-85-76-19-21-48-18-51-84-49-22-57-66-56-20-24-74-13-17-75-58-77-25|65-83-72-36-39-42-11-15-16-73-79-9-99-52-86-87-59-97-10-55-68-54-32-89-93-94-80|91-95-33-63-23-64-67-71-96-81-78-53-90
298,4,1593.333,692.9888,117.0,917.9112,0,4,109.751275,109.867003,True,65-52-59-75-47-14-12-98-69-61-44-40-38-41-81-6-7-8-46-5-3-1-43-35-54-68-4-60-100-70|42-72-92-63-33-28-27-29-31-30-62-76-21-18-19-51-84-22-20-49-24-74-17-13-58-77-25-83|39-37-36-45-2-11-15-16-73-79-99-57-86-87-9-97-10-55|91-64-23-48-67-71-88-78-53-82-90-66-56-95-50-34-32-26-89-85-94-93-96-80
299,4,1593.6375,744.2843,152.0,916.9603,0,4,109.842631,109.969502,True,65-98-12-14-59-75-23-21-69-61-44-40-38-41-2-7-46-5-3-1-43-35-37-54-60-100-70|72-63-33-28-26-27-29-31-62-64-76-18-48-19-51-84-49-22-20-97-17-13-74-24-25-77-58-83|39-36-42-45-47-16-15-11-73-88-99-52-57-86-87-9-10-82-66-56-91-94-32-89-85-93-80|92-95-50-30-34-67-71-96-81-90-53-78-79-8-6-4-55-68
300,4,1593.6738,664.542,360.0,905.2036,0,4,109.853521,109.987479,True,65-98-12-14-52-23-69-61-44-40-38-41-2-7-8-46-5-3-1-43-35-54-4-60-100-70|72-37-36-27-26-28-29-31-34-50-62-64-51-76-19-48-18-49-22-84-20-75-97-13-17-59-74-58-77-25-21-83|39-42-45-47-16-15-11-73-88-82-99-57-86-87-9-10-66-56-32-89-24-94-93-80|91-92-95-85-63-33-30-67-71-96-81-90-53-78-79-6-55-68
301,4,1594.2726,773.5402,173.0,913.0587,0,4,110.033163,110.166129,True,98-12-14-59-75-21-23-64-69-61-44-40-38-41-5-3-1-43-35-54-68-60-100-70|37-36-39-72-33-28-26-27-29-31-67-62-85-51-76-19-18-49-22-84-20-52-17-13-74-58-77-25-83|42-45-7-47-16-15-11-73-88-82-99-57-86-9-87-97-10-66-56-50-32-89-48-24-91-94-93-80|65-92-95-63-30-34-71-96-81-90-53-78-79-8-6-46-4-2-55
302,4,1596.3184,810.317,177.0,896.7215,0,4,110.64691,110.783954,True,14-12-82-65-64-69-88-61-44-40-38-41-2-6-8-46-5-3-1-43-35-54-68-4-100-70|37-72-33-28-26-27-29-31-34-50-62-85-76-18-48-19-51-84-57-22-20-49-24-74-58-77-25-52|39-36-42-45-7-47-16-15-11-73-79-53-99-86-87-59-97-75-83-66-56-32-89-93-94-80|91-92-95-63-23-21-30-67-71-96-81-90-98-78-9-10-55-60-17-13
303,4,1597.2082,705.462,238.0,890.1079,0,4,110.913842,111.040534,True,65-98-12-14-75-23-52-69-61-44-40-38-41-2-6-8-46-5-3-1-43-35-4-60-100-70|72-37-36-27-26-28-29-31-62-64-76-51-18-19-49-22-84-20-59-97-17-13-74-58-77-25-83|39-42-45-7-47-16-15-11-73-88-82-99-57-86-87-9-10-66-56-50-32-89-48-21-24-94-93-80|91-92-95-85-63-33-30-34-67-71-96-81-90-53-78-79-55-68-54
304,4,1597.3054,683.5304,364.0,894.7957,0,4,110.942985,111.079719,True,65-12-14-75-23-83-69-61-44-40-38-41-2-8-79-7-6-46-5-3-1-43-35-4-60-100-70|72-37-36-27-26-28-29-31-34-50-62-64-51-76-19-48-18-49-22-84-20-59-97-17-13-74-58-77-25-21|39-42-45-47-16-15-11-73-88-98-82-99-52-57-86-87-9-10-66-56-32-89-24-94-93-80|91-92-95-85-63-33-30-67-71-96-81-90-53-78-55-68-54
305,4,1597.3054,683.5304,364.0,894.7957,0,4,110.942985,111.079719,True,65-12-14-75-23-83-69-61-44-40-38-41-2-8-79-7-6-46-5-3-1-43-35-4-60-100-70|72-37-36-27-26-28-29-31-34-50-62-64-51-76-19-48-18-49-22-84-20-59-97-17-13-74-58-77-25-21|39-42-45-47-16-15-11-73-88-98-82-99-52-57-86-87-9-10-66-56-32-89-24-94-93-80|91-92-95-85-63-33-30-67-71-96-81-90-53-78-55-68-54
306,4,1597.6123,717.083,190.0,902.0778,0,4,111.035053,111.160604,True,65-82-12-14-59-75-23-64-71-72-44-38-41-81-40-35-37-43-1-4-60-17-100-70|92-50-63-33-34-31-29-27-26-28-30-76-51-19-18-48-21-22-57-90-84-20-49-24-74-13-58-77-25-83|36-39-42-3-5-45-47-16-15-11-73-79-8-6-86-87-97-10-52-66-56-32-89-93-80|69-91-95-85-62-67-94-96-61-88-98-53-99-9-78-7-46-2-55-68-54
307,4,1601.3318,716.0171,104.0,941.6746,0,4,112.150924,112.274771,True,65-52-47-14-12-88-61-44-40-38-41-81-2-6-7-46-5-3-1-43-35-54-68-4-60-100-70|42-72-94-63-33-28-27-29-31-30-62-51-76-19-18-48-21-49-22-57-20-24-74-13-17-75-58-77-25-83|39-37-36-45-69-82-11-15-16-73-79-9-99-86-87-59-97-10-98-55|91-92-64-23-67-71-8-78-53-90-84-66-56-95-50-34-32-26-89-85-93-96-80
308,4,1603.3085,770.0646,160.0,890.1079,0,4,112.743928,112.87434,True,98-82-12-14-59-75-23-52-69-61-44-40-38-41-46-5-3-1-43-35-72-54-68-70-100|37-33-28-26-27-29-31-34-67-62-85-51-76-19-18-49-22-20-56-66-10-97-17-13-74-58-77-25-83|39-36-42-45-7-47-16-15-11-73-88-99-9-87-86-57-84-32-89-48-21-24-94-93-80|65-91-92-95-63-64-50-30-71-96-81-90-53-78-79-8-6-4-2-60-55
309,4,1607.2047,684.0389,312.0,905.2036,0,4,113.912789,114.04893,True,98-12-14-75-23-52-69-61-44-40-38-41-2-7-8-46-5-3-1-43-35-4-60-100-70|72-37-36-27-26-28-29-31-34-50-62-64-51-76-19-48-18-49-22-84-20-97-13-17-59-74-58-77-25-21-83|39-42-45-47-16-15-11-73-88-82-99-57-86-87-9-10-66-56-32-89-24-94-93-80|65-91-92-95-85-63-33-30-67-71-96-81-90-53-78-79-6-55-68-54
310,4,1607.2047,684.0389,312.0,905.2036,0,4,113.912789,114.04893,True,98-12-14-75-23-52-69-61-44-40-38-41-2-7-8-46-5-3-1-43-35-4-60-100-70|72-37-36-27-26-28-29-31-34-50-62-64-51-76-19-48-18-49-22-84-20-97-13-17-59-74-58-77-25-21-83|39-42-45-47-16-15-11-73-88-82-99-57-86-87-9-10-66-56-32-89-24-94-93-80|65-91-92-95-85-63-33-30-67-71-96-81-90-53-78-79-6-55-68-54
311,4,1608.0008,769.727,72.0,917.9112,0,4,114.151611,114.27875,True,65-52-59-75-47-14-12-82-98-61-44-40-38-41-81-79-8-6-7-46-5-3-1-43-35-54-68|42-92-63-33-28-27-29-31-30-62-51-76-19-18-48-21-22-57-84-20-49-24-74-17-13-58-77-25-83|39-37-36-45-69-11-15-16-73-9-99-86-87-97-10-60-55-2-4-100-70|91-64-23-67-71-72-88-78-53-90-66-56-95-50-34-32-26-89-85-94-93-96-80
312,4,1611.2284,536.636,404.0,917.9112,0,4,115.1199,115.246244,True,82-59-75-47-14-12-98-61-44-40-38-41-81-2-6-8-46-5-3-1-43-35-54-68-4-7-60-100-70|42-37-72-63-33-34-31-29-27-26-28-30-85-76-19-48-18-51-84-57-22-20-49-24-74-17-13-58-77-25-83|91-92-96-39-36-45-69-11-15-16-73-79-9-99-52-86-87-97-10-55-66-56-95-32-89-50-93-94-80|65-23-21-64-62-67-71-88-78-53-90
313,4,1613.1805,657.6564,378.0,917.9112,0,4,115.705511,115.847993,True,65-52-59-75-12-14-47-15-11-82-69-88-61-44-40-38-41-2-6-7-46-5-3-1-43-37-35-54-68-4-60-100-70|42-36-39-96-94-33-28-27-29-31-30-62-51-76-19-18-22-86-57-20-49-24-74-17-13-58-77-25-83|91-92-63-48-21-23-64-95-67-71-72-81-8-53-90-84-66-56-50-34-32-26-89-85-93-80|45-98-99-16-73-79-78-9-87-97-10-55
314,4,1613.1805,657.6564,378.0,917.9112,0,4,115.705511,115.847993,True,65-52-59-75-12-14-47-15-11-82-69-88-61-44-40-38-41-2-6-7-46-5-3-1-43-37-35-54-68-4-60-100-70|42-36-39-96-94-33-28-27-29-31-30-62-51-76-19-18-22-86-57-20-49-24-74-17-13-58-77-25-83|91-92-63-48-21-23-64-95-67-71-72-81-8-53-90-84-66-56-50-34-32-26-89-85-93-80|45-98-99-16-73-79-78-9-87-97-10-55
315,4,1614.7094,477.706,468.0,931.6393,0,4,116.16419,116.291198,True,98-45-7-47-14-12-82-64-69-88-61-44-40-38-41-78-79-8-6-2-46-5-3-1-43-35-37-68-4-60-100-70|91-92-95-63-50-33-34-31-29-27-26-28-30-76-18-48-19-51-84-49-22-57-66-56-20-24-74-13-17-75-58-77-25|65-83-72-36-39-42-11-15-16-73-9-99-52-86-87-59-97-10-55-54-32-89-85-93-94-80|23-21-62-67-71-96-81-53-90
316,4,1614.7094,477.706,468.0,931.6393,0,4,116.16419,116.291198,True,98-45-7-47-14-12-82-64-69-88-61-44-40-38-41-78-79-8-6-2-46-5-3-1-43-35-37-68-4-60-100-70|91-92-95-63-50-33-34-31-29-27-26-28-30-76-18-48-19-51-84-49-22-57-66-56-20-24-74-13-17-75-58-77-25|65-83-72-36-39-42-11-15-16-73-9-99-52-86-87-59-97-10-55-54-32-89-85-93-94-80|23-21-62-67-71-96-81-53-90
317,4,1615.6354,646.9544,281.0,917.9112,0,4,116.441981,116.573895,True,98-12-14-59-75-64-69-88-61-44-40-38-41-2-6-7-46-5-3-1-43-35-54-68-4-60-100-70|37-72-63-33-28-26-27-29-31-34-76-23-21-48-18-19-51-49-22-84-56-20-24-74-17-13-58-77-25-83|39-36-42-45-47-15-11-73-16-9-99-52-57-86-87-97-10-82-66-32-89-85-93-94-80|65-91-92-95-62-50-30-67-71-96-81-90-53-78-79-8-55
318,4,1617.5805,665.345,142.0,917.9112,0,4,117.025514,117.14687,True,65-52-59-75-47-14-12-82-98-88-44-40-38-41-81-2-6-7-46-5-3-1-43-35-54-68-4-60-100-70|72-92-95-63-33-28-27-29-31-30-62-51-76-19-18-48-21-49-22-57-20-24-74-17-13-58-77-25-83|36-37-39-42-45-69-11-15-16-73-79-9-99-86-87-97-10-55|91-64-23-67-71-61-8-78-53-90-84-66-56-50-34-32-26-89-85-94-93-96-80
319,4,1620.7841,625.4988,264.0,890.1079,0,4,117.986601,118.110971,True,82-12-14-75-64-69-61-44-40-38-41-2-7-46-5-3-1-43-35-37-54-4-60-100-70|50-33-28-26-27-29-31-34-85-76-19-23-21-48-18-22-51-84-56-20-52-59-97-17-13-74-58-77-25-83|72-36-39-42-45-47-16-15-11-73-88-99-9-87-86-57-49-66-32-89-24-94-93-80|65-91-92-95-63-30-62-67-71-96-81-90-53-78-79-8-6-10-98-55-68
320,4,1621.0004,781.4682,115.0,911.976,0,4,118.051489,118.187699,True,65-52-75-47-14-12-98-69-61-44-40-38-41-81-2-6-46-5-3-1-43-35-54-68-4-60-17-100-70|42-72-92-95-63-33-28-27-29-31-30-62-51-76-19-18-48-21-49-22-57-20-24-74-58-77-25-83|39-37-36-45-7-11-15-16-73-79-9-99-86-87-59-97-10-13-82-55|91-64-23-67-71-88-8-78-53-90-84-66-56-50-34-32-26-89-85-94-93-96-80
321,4,1622.2665,668.3816,213.0,904.2585,0,4,118.431328,118.559597,True,98-12-14-59-75-23-69-61-44-40-38-41-2-7-46-5-3-1-43-35-37-54-4-60-100-70|91-92-95-33-28-26-27-29-31-34-85-51-76-19-18-49-22-84-56-20-52-17-13-74-58-77-25-83|72-36-39-42-45-47-16-15-11-73-88-9-99-57-86-87-97-10-82-66-32-89-48-21-24-94-93-80|65-63-64-62-50-30-67-71-96-81-90-53-78-79-8-6-55-68
322,4,1624.18,485.1071,448.0,931.6393,0,4,119.005362,119.134322,True,98-45-7-47-14-12-82-64-69-88-61-44-40-38-41-78-8-6-2-46-5-3-1-43-35-37-68-4-60-100-70|91-92-95-85-63-33-28-26-27-29-31-30-76-19-21-48-18-51-84-49-22-57-66-56-20-24-74-13-17-75-58-77-25|65-83-72-36-39-42-11-15-16-73-79-9-99-52-86-87-59-97-10-55-54-94-34-32-89-50-93-80|23-62-67-71-96-81-53-90
323,4,1624.18,485.1071,448.0,931.6393,0,4,119.005362,119.134322,True,98-45-7-47-14-12-82-64-69-88-61-44-40-38-41-78-8-6-2-46-5-3-1-43-35-37-68-4-60-100-70|91-92-95-85-63-33-28-26-27-29-31-30-76-19-21-48-18-51-84-49-22-57-66-56-20-24-74-13-17-75-58-77-25|65-83-72-36-39-42-11-15-16-73-79-9-99-52-86-87-59-97-10-55-54-94-34-32-89-50-93-80|23-62-67-71-96-81-53-90
324,4,1624.3154,668.0221,97.0,917.9112,0,4,119.045991,119.165269,True,65-12-14-47-75-59-52-64-69-88-61-81-90-2-6-7-46-5-3-1-43-37-35-54-68-4-60-100-70|91-63-33-28-27-29-31-30-67-51-76-19-18-48-21-22-57-84-20-49-24-74-17-13-58-77-25-83|96-72-36-39-42-45-11-15-16-73-79-9-99-86-87-97-10-98-55|92-23-62-71-38-44-40-41-8-78-53-82-66-56-95-50-34-32-26-89-85-93-94-80
325,4,1631.158,650.2581,262.0,898.1892,0,4,121.098762,121.23097,True,98-12-14-59-75-23-64-69-61-44-40-38-41-2-7-46-5-3-1-43-35-54-4-60-100-70|37-72-50-33-28-26-27-29-31-34-67-62-85-51-76-19-18-49-22-84-20-52-10-17-13-74-58-77-25-83|39-36-42-45-47-16-15-11-73-88-99-57-86-9-87-97-82-66-56-32-89-48-21-24-94-93-80|65-91-92-95-63-30-71-96-81-90-53-78-79-8-6-55-68
326,4,1631.1789,525.1444,409.0,941.6746,0,4,121.105055,121.239725,True,65-52-59-47-14-12-82-98-88-61-44-40-38-41-81-2-6-7-46-5-3-1-43-37-35-54-68-4-60-100-70|42-72-62-33-28-26-27-29-31-34-30-76-19-48-18-51-84-22-57-20-49-24-74-13-17-75-58-77-25-83|91-92-96-39-36-45-69-11-15-16-73-79-9-99-86-87-97-10-55-66-56-32-89-50-93-94-80|85-63-21-23-64-95-67-71-8-78-53-90
327,4,1632.4751,649.0217,188.0,917.9112,0,4,121.493917,121.621893,True,65-52-59-75-47-14-12-82-69-88-61-44-40-38-41-2-6-7-46-5-3-1-43-35-54-68-4-60-100-70|42-96-94-33-28-27-29-31-30-62-51-76-19-18-86-57-22-20-49-24-74-17-13-58-77-25-83|39-37-36-45-11-15-16-73-79-78-99-9-87-97-10-98-55|91-92-63-48-21-23-64-95-67-71-72-81-8-53-90-84-66-56-50-34-32-26-89-85-93-80
328,4,1632.4751,649.0217,188.0,917.9112,0,4,121.493917,121.621893,True,65-52-59-75-47-14-12-82-69-88-61-44-40-38-41-2-6-7-46-5-3-1-43-35-54-68-4-60-100-70|42-96-94-33-28-27-29-31-30-62-51-76-19-18-86-57-22-20-49-24-74-17-13-58-77-25-83|39-37-36-45-11-15-16-73-79-78-99-9-87-97-10-98-55|91-92-63-48-21-23-64-95-67-71-72-81-8-53-90-84-66-56-50-34-32-26-89-85-93-80
329,4,1632.6743,712.129,155.0,906.9718,0,4,121.553663,121.686224,True,52-75-59-14-12-98-69-61-44-40-38-41-2-7-46-5-3-1-43-35-37-72-54-60-100-70|91-92-95-85-63-62-33-28-26-27-29-31-30-34-71-84-51-18-48-22-56-50-32-74-17-13-58-77-25-83|96-36-39-42-45-47-16-15-11-73-88-99-87-9-86-57-20-49-97-10-82-66-24-89-93-94-80|65-64-23-21-19-76-67-81-90-53-78-79-8-6-4-55-68
330,4,1635.0025,457.8594,437.0,931.6393,0,4,122.25212,122.379139,True,98-2-45-7-47-14-12-82-64-69-88-61-44-40-38-41-78-8-6-46-5-3-1-43-35-37-68-4-60-100-70|91-95-63-50-33-28-26-27-29-31-30-62-85-51-76-19-18-48-21-22-49-57-84-56-66-20-24-74-13-17-75-58-77-25|65-83-72-36-39-42-11-15-16-73-79-9-99-52-86-87-59-97-10-55-54-34-32-89-93-94-80|92-23-67-71-96-81-53-90
331,4,1639.5601,659.6874,90.0,917.9112,0,4,123.619393,123.741294,True,65-52-59-75-47-14-12-98-88-61-44-40-38-41-81-6-7-46-5-3-1-43-35-37-54-4-60-100-70|42-92-63-33-28-27-29-31-30-62-51-76-19-18-48-21-57-22-20-49-24-74-17-13-58-77-25-83|39-36-45-2-69-82-11-15-16-73-79-9-99-86-87-97-10-55-68|91-64-23-67-71-72-8-78-53-90-84-66-56-95-50-34-32-26-89-85-94-93-96-80
332,4,1639.7905,498.1053,362.0,890.1079,0,4,123.688533,123.809296,True,65-82-98-12-14-47-75-59-52-64-67-94-96-81-72-41-37-40-1-3-5-46-7-2-55-68-54-43-35-4-60-100-70|91-92-95-85-63-33-34-31-29-27-26-28-30-76-18-48-19-51-84-49-22-57-10-13-17-74-58-77-25-83|39-36-42-45-69-11-15-16-73-88-61-90-99-86-9-87-97-20-66-56-50-32-89-24-93-80|21-23-62-71-38-44-6-8-79-78-53
333,4,1641.0948,700.7877,176.0,897.8486,0,4,124.079808,124.213926,True,65-52-59-47-14-12-98-88-61-44-40-38-41-81-2-6-7-46-5-3-1-43-35-54-68-4-60-100-70|42-72-31-27-26-28-33-30-29-85-51-76-19-18-48-21-22-57-83-84-20-49-24-74-17-58-77-25|96-39-37-36-45-69-82-11-15-16-73-79-9-99-86-87-75-97-10-13-55|91-92-63-23-64-95-62-67-71-8-78-53-90-66-56-50-34-32-89-93-94-80
334,4,1641.0948,700.7877,176.0,897.8486,0,4,124.079808,124.213926,True,65-52-59-47-14-12-98-88-61-44-40-38-41-81-2-6-7-46-5-3-1-43-35-54-68-4-60-100-70|42-72-31-27-26-28-33-30-29-85-51-76-19-18-48-21-22-57-83-84-20-49-24-74-17-58-77-25|96-39-37-36-45-69-82-11-15-16-73-79-9-99-86-87-75-97-10-13-55|91-92-63-23-64-95-62-67-71-8-78-53-90-66-56-50-34-32-89-93-94-80
335,4,1643.8432,637.6537,174.0,917.9112,0,4,124.904335,125.032616,True,65-52-59-75-47-14-12-82-69-88-61-44-40-38-41-2-6-7-46-5-3-1-43-35-54-68-4-60-100-70|42-96-94-33-28-27-29-31-30-62-51-76-19-18-22-57-20-49-24-74-17-13-58-77-25-83|39-37-36-45-16-15-11-99-79-73-78-9-86-87-97-10-98-55|91-92-63-48-21-23-64-95-67-71-72-81-8-53-90-84-66-56-50-34-32-26-89-85-93-80
336,4,1643.8432,637.6537,174.0,917.9112,0,4,124.904335,125.032616,True,65-52-59-75-47-14-12-82-69-88-61-44-40-38-41-2-6-7-46-5-3-1-43-35-54-68-4-60-100-70|42-96-94-33-28-27-29-31-30-62-51-76-19-18-22-57-20-49-24-74-17-13-58-77-25-83|39-37-36-45-16-15-11-99-79-73-78-9-86-87-97-10-98-55|91-92-63-48-21-23-64-95-67-71-72-81-8-53-90-84-66-56-50-34-32-26-89-85-93-80
337,4,1644.5031,439.4375,491.0,931.6393,0,4,125.102297,125.234803,True,98-45-7-47-14-12-82-64-69-88-61-44-40-38-41-78-8-6-2-46-5-3-1-43-35-37-68-4-60-100-70|91-92-95-63-50-33-34-31-29-27-26-28-30-62-85-76-19-21-48-18-51-84-49-22-57-66-56-20-24-74-13-17-75-58-77-25|65-83-72-36-39-42-11-15-16-73-79-9-99-52-86-87-59-97-10-55-54-32-89-93-94-80|23-67-71-96-81-53-90
338,4,1644.5031,439.4375,491.0,931.6393,0,4,125.102297,125.234803,True,98-45-7-47-14-12-82-64-69-88-61-44-40-38-41-78-8-6-2-46-5-3-1-43-35-37-68-4-60-100-70|91-92-95-63-50-33-34-31-29-27-26-28-30-62-85-76-19-21-48-18-51-84-49-22-57-66-56-20-24-74-13-17-75-58-77-25|65-83-72-36-39-42-11-15-16-73-79-9-99-52-86-87-59-97-10-55-54-32-89-93-94-80|23-67-71-96-81-53-90
339,4,1645.1921,641.1297,161.0,917.9112,0,4,125.308991,125.436898,True,65-52-59-75-47-14-12-82-98-88-61-44-40-38-41-81-2-6-7-46-5-3-1-43-35-54-68-4-60-100-70|42-92-63-33-28-27-29-31-30-62-51-76-19-18-48-21-22-57-84-20-49-24-74-17-13-58-77-25-83|39-36-37-45-69-11-15-16-73-79-9-99-86-87-97-10-55|91-64-23-67-71-72-8-78-53-90-66-56-95-50-34-32-26-89-85-94-93-96-80
340,4,1648.7087,487.8965,352.0,944.6668,0,4,126.363997,126.493087,True,98-45-7-47-14-12-82-69-88-61-44-40-38-41-78-8-6-2-46-5-3-1-43-35-37-68-4-60-100-70|91-92-95-85-63-50-33-34-31-29-27-26-28-30-62-99-86-22-18-51-84-57-49-20-56-66-74-13-17-75-24-25-77-58-52-83|65-72-36-39-42-11-15-16-73-79-9-87-59-97-10-55-54-32-89-93-94-80|64-23-21-48-19-76-67-71-96-81-53-90
341,4,1648.7618,524.2683,292.0,915.6948,0,4,126.379926,126.504142,True,65-82-98-12-14-47-75-52-64-95-62-67-94-81-41-37-40-1-3-5-46-7-55-68-54-43-35-4-60-100-70-96-93|92-85-63-33-28-26-27-29-31-30-76-19-21-48-18-51-84-22-20-49-97-74-24-17-13-59-58-77-25-83|39-36-42-45-69-11-15-16-73-88-61-90-99-57-86-87-9-10-66-56-50-34-32-89-91-80|23-71-72-38-44-2-6-8-79-78-53
342,4,1651.0427,771.3493,59.0,917.9112,0,4,127.064174,127.203169,True,65-52-59-75-47-14-12-82-69-88-61-81-41-40-2-6-7-46-5-3-1-43-4-60-100-70|94-33-28-27-29-31-30-62-51-76-19-18-84-57-22-20-49-24-74-17-13-58-77-25-83|39-36-42-45-16-15-11-99-79-73-78-9-86-87-97-10-98-55-68-54-72-35-37|91-92-63-48-21-23-64-67-71-44-38-8-53-90-66-56-95-50-34-32-26-89-85-93-96-80
343,4,1652.5254,420.6653,470.0,927.9771,0,4,127.508996,127.638444,True,65-82-12-14-47-75-52-64-88-61-44-40-38-41-6-8-46-5-3-1-43-35-54-68-4-7-60-100-70|37-72-50-33-28-26-27-29-31-34-67-62-85-76-19-21-48-18-51-84-49-22-57-66-56-20-24-74-17-13-59-58-77-25-83|39-36-42-45-2-69-11-15-16-73-79-78-53-99-86-87-9-97-10-98-55-91-95-32-89-93-94-80|92-63-23-30-71-96-81-90
344,4,1659.0434,622.6341,169.0,917.9112,0,4,129.464396,129.594484,True,52-59-75-47-14-12-82-98-88-61-44-40-38-41-81-2-6-7-46-5-3-1-43-35-54-68-4-60-100-70|42-37-72-31-27-26-28-33-30-29-85-51-76-19-18-48-21-22-57-84-20-49-24-74-17-13-58-77-25-83|96-39-36-45-69-11-15-16-73-79-9-99-86-87-97-10-55|65-91-92-63-23-64-95-62-67-71-8-78-53-90-66-56-50-34-32-89-93-94-80
345,4,1663.9782,447.2878,403.0,931.6393,0,4,130.944822,131.075548,True,45-7-47-14-12-82-64-69-88-44-40-38-41-78-8-6-2-46-5-3-1-43-35-37-68-4-60-100-70|92-50-34-31-29-27-26-28-30-62-85-76-19-21-48-18-51-84-49-22-57-66-56-20-24-74-13-17-75-58-77-25|65-83-72-36-39-42-11-15-16-73-79-9-99-52-86-87-59-97-10-55-54-32-89-93-94-80|91-95-33-63-23-67-71-96-81-61-98-53-90
346,4,1665.9125,577.2076,275.0,890.1079,0,4,131.525131,131.656896,True,98-12-14-59-75-23-21-69-61-44-40-38-41-2-7-46-5-3-1-43-35-54-4-60-100-70|37-72-50-33-28-26-27-29-31-34-67-62-51-76-19-48-18-49-22-84-56-20-52-97-17-13-74-58-77-25-83|39-36-42-45-47-16-15-11-73-88-99-57-86-87-9-10-82-66-32-89-24-94-93-80|65-91-92-95-85-63-64-30-71-96-81-90-53-78-79-8-6-55-68
347,4,1667.7159,615.2096,161.0,917.9112,0,4,132.066142,132.196918,True,65-52-59-75-47-14-12-82-98-88-61-44-40-38-41-81-2-6-7-46-5-3-1-43-35-54-68-4-60-100-70|42-72-92-95-63-33-28-27-29-31-30-62-19-51-76-18-48-21-49-22-57-20-24-74-17-13-58-77-25-83|39-37-36-45-69-11-15-16-73-79-9-99-86-87-97-10-55|91-64-23-67-71-8-78-53-90-84-66-56-50-34-32-26-89-85-94-93-96-80
348,4,1671.928,478.9684,324.0,917.9112,0,4,133.329783,133.457687,True,98-12-14-47-75-59-52-64-67-71-44-40-38-41-72-81-2-6-46-5-3-1-43-35-54-68-4-60-100-70|37-63-33-34-31-29-27-26-28-30-62-85-76-19-48-18-51-84-57-22-20-49-24-74-17-13-58-77-25-83|91-96-36-39-42-45-11-15-16-73-79-9-99-86-87-97-10-55-66-56-50-32-89-95-93-94-80|92-65-21-23-82-69-88-61-8-7-78-53-90
349,4,1676.5944,628.0653,194.0,917.5075,0,4,134.729702,134.868309,True,98-12-14-59-75-23-52-69-61-44-40-38-41-2-7-46-5-3-1-43-35-72-54-4-60-100-70|37-33-28-26-27-29-31-34-85-51-76-19-18-49-22-84-56-20-74-17-13-58-77-25-21-48-83|39-36-42-45-47-16-15-11-73-88-9-99-57-86-87-97-10-82-66-32-89-24-91-94-93-80|65-92-95-63-64-62-50-30-67-71-96-81-90-53-78-79-8-6-55-68
350,4,1677.6412,620.9201,227.0,915.3344,0,4,135.043736,135.184561,True,98-12-14-59-75-23-69-61-44-40-38-41-2-7-46-5-3-1-43-35-54-4-60-100-70|36-37-72-33-28-26-27-29-31-34-67-62-85-51-76-19-18-49-22-84-56-20-52-17-13-74-58-77-25-83|39-42-45-47-16-15-11-73-88-9-99-57-86-87-97-10-82-66-32-89-48-21-24-91-94-93-80|65-92-95-63-64-50-30-71-96-81-90-53-78-79-8-6-55-68
351,4,1681.8377,605.6477,238.0,904.2585,0,4,136.302671,136.441902,True,12-14-75-23-69-61-44-40-38-41-2-7-46-5-3-1-43-35-54-4-60-100-70|37-72-50-33-28-26-27-29-31-34-67-62-85-51-76-19-18-49-22-84-56-20-52-17-13-74-58-77-25-83|39-36-42-45-47-16-15-11-73-88-98-99-57-86-9-87-59-97-10-82-66-32-89-48-21-24-94-93-80|65-91-92-95-63-64-30-71-96-81-90-53-78-79-8-6-55-68
352,4,1688.8288,586.6867,182.0,917.9112,0,4,138.400005,138.534937,True,52-75-59-14-98-88-61-44-40-38-41-2-7-46-5-3-1-43-35-37-54-4-60-100-70|72-63-33-28-26-27-29-31-34-67-62-85-76-19-21-48-18-51-84-49-22-20-56-24-74-17-13-58-77-25-83|39-36-42-45-47-16-15-11-12-73-90-99-57-86-87-9-97-10-82-66-50-32-89-93-94-80|91-92-95-65-69-64-23-30-71-96-81-53-78-79-8-6-55-68
353,4,1703.186,421.606,365.0,914.3634,0,4,142.707164,142.839409,True,65-82-98-12-14-47-75-59-52-95-67-94-96-81-72-41-37-40-1-3-5-46-7-2-55-68-54-43-35-4-60-100-70-93-80|92-50-63-33-34-31-29-27-26-28-30-62-85-76-19-21-48-18-51-84-49-22-57-10-66-20-24-74-17-13-58-77-25|39-36-42-45-69-11-15-16-73-88-90-99-86-9-87-97-83-56-32-89-91|23-64-71-38-44-61-6-8-79-78-53
354,4,1703.7582,450.6815,387.0,907.8759,0,4,142.878841,143.016846,True,98-82-12-14-47-75-52-64-88-61-44-40-38-41-81-2-6-7-46-5-3-1-43-37-35-54-68-4-60-100-70|91-92-96-39-36-45-69-11-15-16-73-79-9-99-86-87-59-97-10-55-66-56-95-32-89-85-93-94-80|65-83-48-21-23-30-67-71-8-78-53-90|42-72-50-63-33-28-26-27-29-31-34-62-76-18-19-51-84-57-22-20-49-24-74-17-13-58-77-25
355,4,1715.6068,470.3542,346.0,917.5075,0,4,146.4334,146.575255,True,82-12-14-59-75-23-52-69-61-44-40-38-41-81-98-53-7-6-46-5-3-1-43-35-54-68-4-2-60-100-70|37-72-50-33-28-26-27-29-31-34-67-62-85-51-76-19-18-49-22-84-56-20-74-17-13-58-77-25-21-48-83|39-36-42-45-47-16-15-11-73-9-99-57-86-87-97-10-55-66-32-89-24-91-94-93-80|65-92-95-63-64-30-71-96-88-8-79-78-90
356,4,1716.1866,548.278,174.0,908.3306,0,4,146.607364,146.742505,True,65-12-14-75-52-64-91-71-72-61-44-40-38-81-90-2-6-8-46-5-3-1-43-37-35-54-68-4-7-60-100-70|63-33-28-26-27-29-31-30-85-51-76-19-18-48-21-49-22-84-20-97-59-74-17-13-77-24-25-58|96-36-39-42-45-69-47-16-15-11-73-79-99-86-87-9-10-98-55|92-95-23-62-67-88-41-78-53-82-57-83-66-56-50-34-32-89-93-94-80
357,4,1719.0302,594.6958,157.0,927.9771,0,4,147.460448,147.604651,True,65-12-14-75-52-64-91-71-61-44-40-38-41-81-90-6-7-46-5-3-1-43-35-54-68-4-2-60-100-70|37-31-27-26-28-33-30-29-85-51-76-19-18-48-21-22-84-20-49-24-74-17-13-59-58-77-25-83|96-72-36-39-42-45-47-16-15-11-73-79-9-99-86-87-97-10-98-55|92-95-63-62-23-69-67-88-8-78-53-82-57-66-56-50-34-32-89-93-94-80
358,4,1723.5345,389.3054,411.0,914.3634,0,4,148.81171,148.949814,True,65-82-98-12-14-47-75-59-52-83-64-95-67-94-96-81-72-41-37-40-1-3-5-46-7-2-55-68-54-43-35-4-60-100-70-93-80|92-50-63-33-34-31-29-27-26-28-30-62-85-76-19-21-48-18-51-84-49-22-57-10-66-56-20-24-74-17-13-58-77-25|39-36-42-45-69-11-15-16-73-88-61-90-99-86-9-87-97-32-89-91|23-71-38-44-6-8-79-78-53
359,4,1732.5207,398.0871,346.0,917.9112,0,4,151.507596,151.643746,True,98-82-12-14-47-75-59-52-64-88-44-61-38-40-41-81-6-7-2-46-5-3-1-43-35-54-68-4-60-100-70|42-37-72-33-28-26-27-29-31-34-30-85-51-76-19-18-48-21-22-57-84-20-49-24-74-17-13-58-77-25-83|39-36-45-69-11-15-16-73-79-9-99-86-87-97-10-55-66-56-50-32-89-93-94-80|65-91-92-95-63-23-62-67-71-96-8-78-53-90
360,4,1757.9875,387.28,339.0,931.6393,0,4,159.147635,159.291162,True,98-14-12-82-65-21-23-64-69-61-44-40-38-41-53-6-8-46-2-5-3-1-43-35-54-68-4-60-100-70|45-72-92-50-34-31-29-27-26-28-30-85-76-19-48-18-51-84-49-22-20-66-24-74-13-17-75-58-77-25|42-39-36-37-83-11-47-15-16-73-90-99-52-86-59-87-9-57-97-10-55-56-32-89-93-94-80|91-95-63-33-62-67-71-96-88-78-79-7-81
361,4,1762.8277,398.0715,420.0,907.8759,0,4,160.599672,160.750806,True,65-82-12-14-59-75-52-64-69-44-40-38-41-81-79-7-6-2-46-5-3-1-43-35-54-68-4-60-100-70|42-37-72-50-33-28-26-27-29-31-34-67-62-85-76-19-21-48-18-51-84-49-22-57-20-24-74-17-13-58-77-25|83-39-36-45-47-16-15-11-73-88-98-99-86-9-87-97-10-55-66-56-91-32-89-94-93-96-80|92-95-63-23-30-71-61-8-78-53-90
362,4,1775.4991,406.8958,300.0,931.6393,0,4,164.401119,164.548942,True,65-98-12-14-47-52-64-82-88-61-44-40-38-41-81-90-78-6-2-46-5-3-1-43-35-37-54-4-60-100-70|92-39-72-50-28-26-27-29-31-34-67-62-85-76-84-51-18-49-22-20-56-66-24-74-13-17-75-58-77-25|83-36-42-45-69-11-15-16-73-9-99-57-86-87-59-97-10-55-68-32-89-94-93-96-80|91-95-33-63-48-21-23-19-30-71-8-7-79-53
363,4,1777.2143,493.0153,283.0,958.4068,0,4,164.915674,165.079245,True,65-82-12-14-47-98-88-61-44-40-38-41-81-90-78-6-2-46-5-3-1-43-37-35-54-68-4-60-100-70|92-39-72-50-28-26-27-29-31-34-67-62-85-76-18-19-51-84-56-20-24-74-13-17-75-58-77-25-21-48|36-42-45-69-64-52-11-15-16-73-79-9-99-57-87-59-97-10-55-32-89-94-93-96-80|91-95-33-63-23-30-71-8-7-53-86-22-49-83-66
364,4,1787.0257,352.0119,402.0,931.6393,0,4,167.859076,168.012325,True,98-45-47-14-12-82-64-88-44-40-38-41-78-8-6-2-46-5-3-1-43-35-37-68-4-60-100-70|92-50-42-34-31-29-27-26-28-30-62-85-76-19-21-48-18-51-84-49-22-57-66-56-20-24-74-13-17-75-58-77-25|65-83-72-36-39-69-11-15-16-73-79-9-99-52-86-87-59-97-10-55-54-32-89-93-94-80|91-95-33-63-23-67-71-96-81-61-7-53-90
365,4,1789.4839,644.0959,195.0,896.4449,0,4,168.59653,168.76835,True,14-12-82-65-64-61-44-40-38-41-78-8-46-2-5-3-1-43-35-54-68-4-100-70|37-72-50-33-28-26-27-29-31-34-67-62-85-76-19-21-48-18-51-49-22-84-56-20-24-25-77-58-83|39-36-42-45-7-47-15-11-69-88-73-16-87-99-86-9-53-10-59-97-75-74-32-89-93-94-80|91-92-95-63-23-30-71-96-81-6-79-90-57-66-52-55-60-17-13-98
366,4,1797.441,352.1857,484.0,917.9112,0,4,170.983687,171.146228,True,98-82-12-14-47-75-59-52-64-88-44-61-38-40-41-81-6-7-2-46-5-3-1-43-35-54-68-4-60-100-70|42-37-72-63-62-33-28-26-27-29-31-34-85-76-19-21-48-18-51-84-22-57-20-49-24-74-17-13-58-77-25-83|91-92-96-39-36-45-69-16-15-11-99-79-73-78-9-86-87-97-10-55-66-56-95-32-89-50-93-94-80|65-23-30-67-71-8-53-90
367,15,1829.2209,8019.6728,223.0,858.0913,0,15,1110.323915,1111.614339,True,34-28-27-29-50-19-23-21-48-18-49-24-83|68|98-45-100-70|69-88-78-73-79-6-2-9-82|91-95-33-85-63-76-89-80|65-57-86-87-97-74-77-25-52|90-53-8-46-55|39-36-40-38-61-81|67-71-72-41-43-35-37-54-93-96|12-14-47-16-15-11-10-13-17|92-62-30-32-26-31-94-3-5-7|56-60-1|99-59-75-58|42-44-4|64-84-51-22-20-66
368,4,1852.8908,415.2597,311.0,907.8759,0,4,187.618613,187.788444,True,65-82-98-12-14-47-75-59-52-64-88-44-61-38-40-41-81-2-7-46-5-3-1-43-35-54-4-60-100-70|42-37-72-50-33-28-26-27-29-31-34-67-62-85-76-19-21-48-18-51-84-49-22-57-56-20-24-74-17-13-58-77-25|83-39-36-45-11-15-16-73-9-99-86-87-97-10-66-91-95-32-89-94-93-96-80|92-63-69-23-30-71-90-53-78-79-8-6-55-68
369,4,1863.5062,295.4447,380.0,931.6393,0,4,190.803221,190.968729,True,63-65-82-12-14-47-64-98-88-61-44-40-38-41-81-90-78-6-2-46-5-3-1-43-37-35-54-68-4-60-100-70|92-39-72-50-28-26-27-29-31-34-67-62-85-76-18-48-21-51-84-49-22-57-66-56-20-24-74-13-17-75-58-77-25|83-36-42-45-69-11-15-16-73-79-9-99-52-86-87-59-97-10-55-32-89-94-93-96-80|91-95-33-23-19-30-71-8-7-53
370,4,1899.0969,612.0519,249.0,891.2992,0,4,201.480433,201.684958,True,59-75-47-52-64-11-69-61-44-40-38-41-81-90-6-43-35-54-68-4-60-17-12-98|42-37-72-63-62-33-28-26-27-29-31-34-85-76-19-21-48-18-51-84-22-57-20-49-24-74-13-58-77-25-83|91-92-96-39-36-45-1-3-5-7-16-15-88-8-73-86-87-97-10-82-66-56-95-32-89-50-93-94-80|65-14-23-30-67-71-99-9-78-79-53-46-2-55-100-70
371,9,1935.8085,3523.2099,475.0,861.3225,0,9,435.854483,436.526299,True,82-12-14-47-45-69-98-88-44-40-38-41-78-8-6-2-46-5-3-1-43-35-37-68-4-60-100-70|92-50-34-31-29-27-26-28-30-62-56-66-17-13-75-58|65-72-36-39-42-11-15-16-73-79-9-99-52-87-59-97-10-55-54-32-93-94-80|91-95-33-67-71-96-81-61-7-53-90|83-22-20-49-48-21-25|51-85-89-24|63-76-64-19-18-77|84-57-86-74|23
372,9,1937.406,2713.858,521.0,862.6101,0,9,314.451689,315.007375,True,98-45-7-47-14-12-82-69-88-61-44-40-38-41-78-8-6-2-46-5-3-1-43-35-37-68-4-60-100-70|91-34-31-29-27-26-28-30-57-74-13-17-75-58-77|65-72-36-39-42-11-15-16-73-79-9-99-52-86-87-59-97-10-55-54-32-93-94-80|96-71-81-53-90|67-50-95-85-83-22-20-49-48-21-25|92-84-56-66-24-89|63-51-18-19|23-76-64|62-33
373,10,1944.0149,4726.7615,290.0,854.119,0,10,616.387218,617.222748,True,63-64-83-78-73-79-8-46-4-60-100-70|92-33-28-26-27-29-30-62-67-71-72-41-38-37-40-54-96-94-85-91|69-47-16-15-9-57-22-20-49-24-77-58|65-82-12-14-11-52-23-21-48-18-19-51-84-66-56-95-34-93|45-5-3-1-42-39-44-61-2-6-7-53-10-59-13-98-55|17-75-25|90-81-80|36-43-50-31-32-89|88-86-87-97-68-35-74|99-76
374,9,1953.3243,2992.3171,392.0,860.7731,0,9,356.220556,356.80961,True,65-82-45-7-47-14-12-15-11-99-57-86-9-10-59-75-97-13-74-24-48-21-77-58-52|91-92-85-63-33-28-27-29-31-30-62-76-51-19-18-49-83-56-95-50-34-32-89-93-80|42-39-36-44-96-67-71-72-38-40-41-81-90-98-2-46-5-3-1-43-35-37-68|61-88-53-73-78-79-6-60-55-100-70|66-54-94-26-25|84-87-20-17-4|8-22|64-23-16|69
375,13,2070.4949,6487.5581,215.0,855.6067,0,13,880.506707,881.637924,True,92-34-28-29-50-64-19-23-48-18-89-24-83|98-45-100-70|69-88-73-79-6-2-78-9-57-20|91-85-63-33-30-76-51-84-32|65-86-97-75-74-77-52|90-99-53-8-46-55|72-42-39-37-36-40-38-81|67-71-41-43-35-54-93-96|12-14-47-15-11-10-13-17|82-16-21-49-22-56-80|94-31-27-26-95-87-7-5-3-1-68|66-58-59|62-61-44-4-60-25
376,14,2115.1987,7099.1925,299.0,853.7075,0,14,972.251866,973.496654,True,12-14-59-75-64-95-67-72-41-38-37-35-3-5-4-60|92-33-28-26-27-29-31-30-62-51-19-22-49-9-17|36-39-42-1-45-7-47-16-15-11-73-79-78-66-89-93|69-98-88-6-8-46-2|90-52-81-70-100|77|96-71-94-80|68-55|86-87-82-43-54-56-24-74-58|65-57-99-53-10-97-25-83|13|61-44-40-34-32-50|20|91-85-63-76-21-23-48-18-84
377,9,2253.0303,3017.075,518.0,860.2139,0,9,359.934246,360.629442,True,65-52-59-75-47-14-12-82-69-88-61-44-40-38-41-2-6-7-46-5-3-1-43-35-54-68-4-60-100-70|39-37-36-45-16-15-11-99-79-73-78-9-86-87-97-10-98-55|91-92-63-48-21-23-64-95-67-71-72-81-8-53-90-84-66-56-50-34-32-26-89-85-93-80|96-83-24-25|58|42-94-20-31-13-77|29-27-51-19-49-74-17|62-30-76-18-22-57|33-28
378,18,2270.0612,8927.6975,232.0,849.4891,0,18,1246.52761,1248.087,True,92-34-31-27-26-28-64-23-18-48-25-83|68-70|98-3-45-7-88-53-10-13|82-78-9-57-49-20|33-63-51-22-84-56|87-59-97-75-58|94-90-99-6-8-46-4-2-55|42-39-36-40-38-61-81-96|67-41-43-35-37-54|12-14-47-11-15-16-17-60|65-52-86-74-66-95-1-5-100|91-72-62-85-76-89-21|93|69-44-71-24-77|79|19-30-32-50-80|73|29
379,10,2311.5074,3473.2096,411.0,854.119,0,10,428.354433,429.124278,True,14-59-75-52-64-98-61-44-40-8-46-3-43-35-68-4-100-70|37-72-50-33-28-26-27-29-31-34-62-85-76-19-21-48-18-22-51-84-56-20-13-77-25-83|39-36-42-7-47-15-11-73-16-86-97-82-66-32-89-93-80|65-91-95-63-30-71-96-81-90-53-78-79-6-55|60-2-5-1-94|99-10-12-17-58|69-67-54-24-74|9-87-57-49|92-88-38-41|45-23
380,17,2366.7348,8212.1392,160.0,862.6101,0,17,1139.19387,1140.669397,True,92-29-28-34-50-64-19-89|98-45-100-70|69-88-78-73-6-2-57-20|91-63-33-30-76-51-85-32|65-86-87-59-97-75-74-58-77|90-99-53-7-8-46-55|42-36-40-81|67-71-72-41-43-35-54-96|12-14-47-15-11-10-13-17|16-23-21-48-80|95-62-26-31-94-3-5|39-38-37-1-82-56|66|68-4-60-52-25-83|84-49-22|61-44-79-9-18-24|27-93
381,21,2441.7121,10413.9102,146.0,839.6469,0,21,1469.459527,1471.284168,True,2-45-46-5-3-1-100|88-97-74-60-7-4-70|48-19-11-13-59-75-77|24-58|39-36-40-38-37-35-43|29-30-32-50|33-28-26-27-31-34-93|91-95|90-99-57-49-83|92-98-69-67-18-89|96-55|21-63-85-94-72-54-80|64-51-68|17-12|66|61-71-41-82-52-84-56|47-16-15-87-9-10|14-78-73-79-6|42-44-8-86-22-20|65-53-81|62-76-23-25
382,13,2485.3604,5855.93,279.0,853.7075,0,13,785.762492,786.92954,True,65-82-12-14-47-16-15-9-99-83-86-87-97-59|92-95-33-28-30-50-85-76-51-19-18-49-22-56-20-48-21-77|91-26-27-29-31-71-61-53-81-96-34-94-80|88-79-7-6-46-5-3-1-2-68-55-60-98|42-39-38-40-37-72-54-70-100|69-8-78-52-57-75-24-4|90-41-43-13-25|66-93|73-84-89-58|62-64-74-17|10-32-35|45-36-44-11-67|63-23
383,18,2517.9212,8997.6518,207.0,854.119,0,18,1257.020759,1258.663194,True,92-34-29-28-50-62-19-23-21-48-89-24-83|98-45-100-70|88-2-73-78-9-20|91-85-63-33-76-30-32|65-52-86-59-97-75-77|90-99-53-6-8-46-55|72-36-40|71-41-43-54-93-96|47-16-15-11-10-13-17|94-31-27-26-67-95-64-87-7-5-3|37-81-57-56-35-1-82|61-44-4-25|84-51-49-22|66-80|69-60|12-14-74-58|38-68|39-42-79-18
384,14,2549.4651,5542.9625,442.0,841.4425,0,14,738.817373,739.971467,True,98-12-14-59-75-52-83-95-67-96-72-37-40-3-8-46-43-35-93|92-50-33-34-31-27-26-28-30-76-48-18-21-19-49-22-57-56-97-74-77-25|39-36-42-45-47-79-78-86-9-10-82-66-32-89-85-80|62-38-44|71-88-4-100|94-68-55-5-13|1-61-81-54-70|65-51-6-7-2-53-60-24-91|69-11-17-58|15-16-20|64-99-87-84-90|41|73|63-29-23
385,14,2621.9348,5288.0513,259.0,854.905,0,14,700.580688,701.702005,True,92-95-33-26-29-31-30-62-71-72-38-40-35-43-54-96|69-98-11-99-87-86-22-20-97-75-13-74-24-52|83-64-23-21-18-76-51-84-90-68-66-32-34-93|14-45-42-39-61-88-53-78-79-7-8-46-5-3-1-2-55-100|67-50-49-82-10-12-56-94-37-60-59|65-63-91-44-70|85-89-48-77-58|6-80|4-17-25|41-81-57-9|16-73-19|27-28-15|47|36
386,18,2674.6835,8123.3778,237.0,854.119,0,18,1125.879663,1127.440986,True,92-34-28-29-50-64-19-23-48-89-24-83|98-45-100-70|69-88-73-6-2-78-10-20|91-85-63-33-30-76-51-32|65-12-14-47-16-15-11-9-87-59-97-75-74-77|90-53-8-46-55|72-42-36-40-81|67-71-41-43-54-93-96|95-26-31-94-3-5-7|37-57-56-35-1-82|62-61-44-4-17-13-25|84-49-22|66-21-80|60|52-86-58|38-68|39-79-99-18|27
387,20,2692.1683,9821.3024,218.0,839.6469,0,20,1380.568347,1382.386134,True,92-34-31-27-26-28-64-23-18-48-25|68-70|50-100|98-1-3-45-7-88-16-10-13-17|82-53-78-9-49-20|33-63-51-22-84-32-56|65-97-75-74-58|94-90-99-8-46-4-55|85-42-39-36-40-38-61-81-96|67-41-43-35-37-54|12-14-15-11-47-60|52-86-59-66-95-91-5-2|57-83-80|62-72-76-89-21|93|69-44-71-24-77|6-79-87|19-30|73|29
388,14,2727.8776,5894.4067,413.0,839.6469,0,14,791.533999,792.791164,True,75-47-12-82-98-61-44-40-38-41-81-2-6-7-46-5-3-1-43-35-4-60-70|42-37-62-33-28-27-29-34-85-76-51-19-21-22-20-49-74-77|36-39-92-91-11-15-16-79-99-87-97-10-66-56-95-32-89-50-80|23-30-8-78-53-90|13-52-31|94-26-48-72-54|68-93|96-67-64-83-59-17-100|73-71-84-57-25|88-58|69-86-18-24|55|63-65-14-9|45
389,13,2828.4625,4510.1372,442.0,849.3607,0,13,583.893569,584.977326,True,98-82-12-47-59-75-83-91-38-40-41-1-5-4-7-60|33-28-26-27-29-31-34-50-62-85-76-18-48-19-22-57-84-56-97-17-77-25|72-36-39-11-15-44-99-86-32-89-24-80|23-30-71-61-8-79-53|78-2-35-37-68-100|65-69-3-96-95-20-94-55-66-58-52|49-21-74-93|88-16-13-70|64-67-81-90-9-46-43-54|92-51-10|14-87-6|42-45-73|63
390,13,2841.3494,5563.5754,264.0,853.7075,0,13,741.909297,743.137787,True,23-75-12-98-61-41-40-2-7-46-3-1-43-54-70-100|37-72-33-28-27-29-31-34-62-85-18-19-76-51-84-56-52-74-77-25|39-42-45-88-11-99-57-86-87-97-82-66-32-21-24-93|65-95-63-30-64-96-90-53-78-79-8-6-55|17-5-94|14-60-48-91|92-26-50-59-83-68|36-69-81-67-80|20-49-4-58|22-10-13-89|71-44-35|38-73-9|47-16-15
391,18,3139.0872,6688.1339,312.0,851.4777,0,18,910.593073,912.085534,True,64-98-44-40-1-5-6-2-54-35-4-60-100|37-27-26-28-33-31-34-85-19-21-48-18-51-84-49-24-74-77-25-83|91-92-96-36-45-69-79-73-97-55-66-95-32-89-93-94|65-30-67-8|82-52-59-10-13-12|15-11-78-99|47-16|81-70|9-7-72-50-56|80|43-75|68-3-17|90-87-46-20-58|42-38-41-53-57|22-86|88-61-71-76|14-39-29-62-23|63
