Rank,Z1_Vehicles,Z2_Distance,Z3_WaitTime,Z4_LoadBalance,Z5_Makespan,Unserved,Num_Routes,ASF,ASF_aug,In_ROI,Routes
1,12,1178.1337,171.525,107.0,229.5849,0,12,9.406986,9.407154,True,12-29-78-79-3-50-26|95-92-98-85-61-16-86-91-100-37-93|83-45-5-84-99-96-6|40-21-73-22-41-74-56-4|31-62-11-64-49-48|28-76-33-81-9-51-20-66-1|59-44-38-14-43-57-97-13-58|72-75-23-67-39-25-55-54-24-80|27-69-30-71-65-35-34-68-77|47-36-19-63-90-32-10-70|2-15-42-87-94-53|52-88-7-82-18-8-46-17-60-89
2,12,1178.1337,171.525,107.0,229.5849,0,12,9.406986,9.407154,True,12-29-78-79-3-50-26|95-92-98-85-61-16-86-91-100-37-93|83-45-5-84-99-96-6|40-21-73-22-41-74-56-4|31-62-11-64-49-48|28-76-33-81-9-51-20-66-1|59-44-38-14-43-57-97-13-58|72-75-23-67-39-25-55-54-24-80|27-69-30-71-65-35-34-68-77|47-36-19-63-90-32-10-70|2-15-42-87-94-53|52-88-7-82-18-8-46-17-60-89
3,12,1180.4002,181.8742,108.0,227.2242,0,12,10.959358,10.961504,True,28-12-29-78-79-3-77-50|95-92-98-85-61-16-86-91-100-37-93|5-83-45-84-99-96-6|40-21-73-22-41-74-56-4|31-62-11-64-49-46-48|76-33-81-9-51-20-66-1|59-44-38-14-43-57-97-13-58|72-75-23-67-39-25-55-54-24-80|27-69-30-71-65-35-34-68|47-36-19-63-90-32-10-70|2-15-42-87-94-53-26|52-88-7-82-18-8-17-60-89
4,12,1180.933,181.3414,108.0,227.2242,0,12,10.879444,10.881669,True,12-29-78-79-3-77-50|95-92-98-85-61-16-86-91-100-37-93|83-45-5-84-99-96-6|40-21-73-22-41-74-56-4|31-62-11-64-49-46-48|28-76-33-81-9-51-20-66-1|59-44-38-14-43-57-97-13-58|72-75-23-67-39-25-55-54-24-80|27-69-30-71-65-35-34-68|47-36-19-63-90-32-10-70|2-15-42-87-94-53-26|52-88-7-82-18-8-17-60-89
5,12,1180.933,181.3414,108.0,227.2242,0,12,10.879444,10.881669,True,12-29-78-79-3-77-50|95-92-98-85-61-16-86-91-100-37-93|83-45-5-84-99-96-6|40-21-73-22-41-74-56-4|31-62-11-64-49-46-48|28-76-33-81-9-51-20-66-1|59-44-38-14-43-57-97-13-58|72-75-23-67-39-25-55-54-24-80|27-69-30-71-65-35-34-68|47-36-19-63-90-32-10-70|2-15-42-87-94-53-26|52-88-7-82-18-8-17-60-89
6,12,1181.371,180.9034,108.0,227.2242,0,12,10.813738,10.816029,True,28-12-29-78-79-3-77-50|95-92-98-85-61-16-86-91-100-37-93|83-45-5-84-99-96-6|40-21-73-22-41-74-56-4|31-62-11-64-49-46-48|76-33-81-9-51-20-66-1|59-44-38-14-43-57-97-13-58|72-75-23-67-39-25-55-54-24-80|27-69-30-71-65-35-34-68|47-36-19-63-90-32-10-70|2-15-42-87-94-53-26|52-88-7-82-18-8-17-60-89
7,12,1181.371,180.9034,108.0,227.2242,0,12,10.813738,10.816029,True,28-12-29-78-79-3-77-50|95-92-98-85-61-16-86-91-100-37-93|83-45-5-84-99-96-6|40-21-73-22-41-74-56-4|31-62-11-64-49-46-48|76-33-81-9-51-20-66-1|59-44-38-14-43-57-97-13-58|72-75-23-67-39-25-55-54-24-80|27-69-30-71-65-35-34-68|47-36-19-63-90-32-10-70|2-15-42-87-94-53-26|52-88-7-82-18-8-17-60-89
8,12,1181.371,180.9034,108.0,227.2242,0,12,10.813738,10.816029,True,28-12-29-78-79-3-77-50|95-92-98-85-61-16-86-91-100-37-93|83-45-5-84-99-96-6|40-21-73-22-41-74-56-4|31-62-11-64-49-46-48|76-33-81-9-51-20-66-1|59-44-38-14-43-57-97-13-58|72-75-23-67-39-25-55-54-24-80|27-69-30-71-65-35-34-68|47-36-19-63-90-32-10-70|2-15-42-87-94-53-26|52-88-7-82-18-8-17-60-89
9,12,1189.2795,178.4809,105.0,229.5849,0,12,10.450373,10.454727,True,12-29-78-34-79-3-77-68|95-92-98-85-61-16-86-91-100-37-93|5-83-45-84-99-96-6|52-62-11-64-49-48|28-76-33-81-51-20-50|59-44-38-14-43-57-97-13-58|72-75-23-67-39-25-55-54-24-80|47-36-19-63-90-32-10-70-1|2-15-42-87-94-53-26|27-31-88-7-82-18-8-46-17-60-89|69-30-9-71-65-66-35|40-21-73-22-41-74-56-4
10,12,1189.2795,178.4809,105.0,229.5849,0,12,10.450373,10.454727,True,12-29-78-34-79-3-77-68|95-92-98-85-61-16-86-91-100-37-93|5-83-45-84-99-96-6|52-62-11-64-49-48|28-76-33-81-51-20-50|59-44-38-14-43-57-97-13-58|72-75-23-67-39-25-55-54-24-80|47-36-19-63-90-32-10-70-1|2-15-42-87-94-53-26|27-31-88-7-82-18-8-46-17-60-89|69-30-9-71-65-66-35|40-21-73-22-41-74-56-4
11,12,1190.9752,173.025,108.0,227.2242,0,12,9.631989,9.63598,True,12-76-29-79-3-77-50|95-92-98-85-61-16-86-91-100-37-93|83-45-5-84-99-96-6|40-21-73-22-41-74-56-4|31-62-11-64-49-46-48|28-33-78-81-9-51-20-66-1|59-44-38-14-43-57-97-13-58|72-75-23-67-39-25-55-54-24-80|27-69-30-71-65-35-34-68|47-36-19-63-90-32-10-70|2-15-42-87-94-53-26|52-88-7-82-18-8-17-60-89
12,12,1190.9752,173.025,108.0,227.2242,0,12,9.631989,9.63598,True,12-76-29-79-3-77-50|95-92-98-85-61-16-86-91-100-37-93|83-45-5-84-99-96-6|40-21-73-22-41-74-56-4|31-62-11-64-49-46-48|28-33-78-81-9-51-20-66-1|59-44-38-14-43-57-97-13-58|72-75-23-67-39-25-55-54-24-80|27-69-30-71-65-35-34-68|47-36-19-63-90-32-10-70|2-15-42-87-94-53-26|52-88-7-82-18-8-17-60-89
13,12,1192.1959,156.9849,107.0,229.5849,0,12,7.225965,7.22817,True,28-12-29-78-79-3-77-50|95-92-98-85-61-16-86-91-100-37-93|83-45-5-84-99-96-6|21-40-73-41-22-74-56-4|31-62-11-64-49-48|76-33-81-9-51-20-66-1|59-44-38-14-43-57-97-13-58|72-75-23-67-39-25-55-54-24-80|27-69-30-71-65-35-34-68|47-36-19-63-90-32-10-70|2-15-42-87-94-53-26|52-88-7-82-18-8-46-17-60-89
14,12,1192.6406,157.4229,108.0,227.2242,0,12,7.291671,7.293821,True,12-29-78-79-3-77-50|95-92-98-85-61-16-86-91-100-37-93|83-45-5-84-99-96-6|21-40-73-41-22-74-56-4|31-62-11-64-49-46-48|28-76-33-81-9-51-20-66-1|59-44-38-14-43-57-97-13-58|72-75-23-67-39-25-55-54-24-80|27-69-30-71-65-35-34-68|47-36-19-63-90-32-10-70|2-15-42-87-94-53-26|52-88-7-82-18-8-17-60-89
15,12,1192.6406,157.4229,108.0,227.2242,0,12,7.291671,7.293821,True,12-29-78-79-3-77-50|95-92-98-85-61-16-86-91-100-37-93|83-45-5-84-99-96-6|21-40-73-41-22-74-56-4|31-62-11-64-49-46-48|28-76-33-81-9-51-20-66-1|59-44-38-14-43-57-97-13-58|72-75-23-67-39-25-55-54-24-80|27-69-30-71-65-35-34-68|47-36-19-63-90-32-10-70|2-15-42-87-94-53-26|52-88-7-82-18-8-17-60-89
16,12,1195.6369,146.1829,107.0,229.5849,0,12,5.605667,5.607284,True,95-92-98-85-61-16-86-91-100-37-93|5-83-45-84-99-96-6|40-21-73-22-41-74-56-4|31-62-11-64-49-48|59-44-38-14-43-57-97-13-58|72-75-23-67-39-25-55-54-24-80|47-36-19-63-90-32-10|2-15-42-87-94-53-26|52-88-7-82-18-8-46-17-60-89|29-33-81-71-35-50|28-12-76-79-78-34-3-77-68|27-69-30-51-9-65-66-20-70-1
17,12,1195.6369,146.1829,107.0,229.5849,0,12,5.605667,5.607284,True,95-92-98-85-61-16-86-91-100-37-93|5-83-45-84-99-96-6|40-21-73-22-41-74-56-4|31-62-11-64-49-48|59-44-38-14-43-57-97-13-58|72-75-23-67-39-25-55-54-24-80|47-36-19-63-90-32-10|2-15-42-87-94-53-26|52-88-7-82-18-8-46-17-60-89|29-33-81-71-35-50|28-12-76-79-78-34-3-77-68|27-69-30-51-9-65-66-20-70-1
18,12,1204.3679,149.4629,111.0,227.2242,0,12,6.097675,6.10245,True,28-12-29-78-79-3-77-50|95-98-85-61-16-86-91-100-37-93|5-45-83-18-99-96-6|59-40-21-73-22-41-74-56-4|31-62-11-64-49-46-48|76-33-81-9-51-20-66-1|92-44-38-14-43-57-97-13-58|72-75-23-67-39-25-55-54-24-80|27-69-30-71-65-35-34-68|47-36-19-63-90-32-10-70|2-15-42-87-94-53-26|52-88-7-82-8-84-17-60-89
19,12,1206.202,166.0789,108.0,220.81,0,12,8.590076,8.596631,True,95-92-98-85-61-16-86-91-100-37-93|59-83-45-84-99-96-6|40-21-73-22-41-74-56-4|31-62-11-64-49-46-48|5-44-38-14-43-57-97-13-58|72-75-23-67-39-25-55-54-24|47-36-19-63-90-32-10|2-15-42-87-94-53-26|52-88-7-82-18-8-17-60-89|33-81-71-35-34-77|28-12-76-29-78-79-3-50-68-80|27-69-30-51-9-65-66-20-70-1
20,12,1206.202,166.0789,108.0,220.81,0,12,8.590076,8.596631,True,95-92-98-85-61-16-86-91-100-37-93|59-83-45-84-99-96-6|40-21-73-22-41-74-56-4|31-62-11-64-49-46-48|5-44-38-14-43-57-97-13-58|72-75-23-67-39-25-55-54-24|47-36-19-63-90-32-10|2-15-42-87-94-53-26|52-88-7-82-18-8-17-60-89|33-81-71-35-34-77|28-12-76-29-78-79-3-50-68-80|27-69-30-51-9-65-66-20-70-1
21,12,1212.8482,128.415,107.0,229.5849,0,12,2.940477,2.944592,True,95-92-98-85-61-16-86-91-100-37-93|59-83-45-84-99-96-6|40-21-73-22-41-74-56-4|31-62-11-64-49-48|5-44-38-14-43-57-97-13-58|72-75-23-67-39-25-55-54-24-80|47-36-19-63-90-32-10|2-15-42-87-94-53-26|52-88-7-82-18-8-46-17-60-89|33-71-81-34-35-50|28-12-76-29-78-79-3-77-68|27-69-30-51-9-65-66-20-70-1
22,12,1212.8482,128.415,107.0,229.5849,0,12,2.940477,2.944592,True,95-92-98-85-61-16-86-91-100-37-93|59-83-45-84-99-96-6|40-21-73-22-41-74-56-4|31-62-11-64-49-48|5-44-38-14-43-57-97-13-58|72-75-23-67-39-25-55-54-24-80|47-36-19-63-90-32-10|2-15-42-87-94-53-26|52-88-7-82-18-8-46-17-60-89|33-71-81-34-35-50|28-12-76-29-78-79-3-77-68|27-69-30-51-9-65-66-20-70-1
23,12,1212.8482,128.415,107.0,229.5849,0,12,2.940477,2.944592,True,95-92-98-85-61-16-86-91-100-37-93|59-83-45-84-99-96-6|40-21-73-22-41-74-56-4|31-62-11-64-49-48|5-44-38-14-43-57-97-13-58|72-75-23-67-39-25-55-54-24-80|47-36-19-63-90-32-10|2-15-42-87-94-53-26|52-88-7-82-18-8-46-17-60-89|33-71-81-34-35-50|28-12-76-29-78-79-3-77-68|27-69-30-51-9-65-66-20-70-1
24,12,1212.8482,128.415,107.0,229.5849,0,12,2.940477,2.944592,True,95-92-98-85-61-16-86-91-100-37-93|59-83-45-84-99-96-6|40-21-73-22-41-74-56-4|31-62-11-64-49-48|5-44-38-14-43-57-97-13-58|72-75-23-67-39-25-55-54-24-80|47-36-19-63-90-32-10|2-15-42-87-94-53-26|52-88-7-82-18-8-46-17-60-89|33-71-81-34-35-50|28-12-76-29-78-79-3-77-68|27-69-30-51-9-65-66-20-70-1
25,13,1213.0627,246.2365,148.0,219.6662,0,13,20.613705,20.63847,True,12-29-78-34-79-3-77-68-80|95-92-98-85-61-16-86-91-100-37-93|52-7-47-36-46-17-60-89|5-83-45-84-99-96-94|40-21-73-22-41-74-56-4|62-19-11-64-49-48|28-76-33-81-9-51-50|59-44-38-14-43-57-97-13-58|72-75-23-67-39-25-55-54-24|2-15-42-87-53-26|31-88-63-90-32-10-70-1|27-69-30-71-65-66-20-35|82-8-18-6
26,13,1213.0627,246.2365,148.0,219.6662,0,13,20.613705,20.63847,True,12-29-78-34-79-3-77-68-80|95-92-98-85-61-16-86-91-100-37-93|52-7-47-36-46-17-60-89|5-83-45-84-99-96-94|40-21-73-22-41-74-56-4|62-19-11-64-49-48|28-76-33-81-9-51-50|59-44-38-14-43-57-97-13-58|72-75-23-67-39-25-55-54-24|2-15-42-87-53-26|31-88-63-90-32-10-70-1|27-69-30-71-65-66-20-35|82-8-18-6
27,14,1219.6602,323.9299,107.0,223.4054,0,14,32.267712,32.302871,True,28-12-29-78-34-79-3-77-68|95-44-38-86-16-100-37-97|52-7-47-36-46-17-60-89|5-84-61-85-91-93-96|21-73-72-75-41-22-74-56-4|82-19-11-64-49-48|76-33-81-9-51-50|92-98-14-42-15-43-57-58|2-23-67-39-25-55-54-24-80|53-40-26|31-88-62-63-90-32-10-70-1|27-69-30-71-65-66-20-35|83-45-8-18|59-99-6-94-87-13
28,14,1219.6602,323.9299,107.0,223.4054,0,14,32.267712,32.302871,True,28-12-29-78-34-79-3-77-68|95-44-38-86-16-100-37-97|52-7-47-36-46-17-60-89|5-84-61-85-91-93-96|21-73-72-75-41-22-74-56-4|82-19-11-64-49-48|76-33-81-9-51-50|92-98-14-42-15-43-57-58|2-23-67-39-25-55-54-24-80|53-40-26|31-88-62-63-90-32-10-70-1|27-69-30-71-65-66-20-35|83-45-8-18|59-99-6-94-87-13
29,14,1221.7517,321.8383,105.0,223.4054,0,14,31.95398,31.989253,True,12-29-78-34-79-3-77-68|95-44-38-86-16-100-37-97|52-7-47-36-46-17-60-89|5-84-61-85-91-93-96|21-73-72-75-41-22-74-56-4|82-19-11-64-49-48|28-76-33-81-9-51-50|98-14-42-15-43-57-58|2-23-67-39-25-55-54-24-80|53-40-26|31-88-62-63-90-32-10-70-1|27-69-30-71-65-66-20-35|83-45-8-18|92-59-99-6-94-87-13
30,14,1221.7517,321.8383,105.0,223.4054,0,14,31.95398,31.989253,True,12-29-78-34-79-3-77-68|95-44-38-86-16-100-37-97|52-7-47-36-46-17-60-89|5-84-61-85-91-93-96|21-73-72-75-41-22-74-56-4|82-19-11-64-49-48|28-76-33-81-9-51-50|98-14-42-15-43-57-58|2-23-67-39-25-55-54-24-80|53-40-26|31-88-62-63-90-32-10-70-1|27-69-30-71-65-66-20-35|83-45-8-18|92-59-99-6-94-87-13
31,14,1222.1897,321.4003,107.0,223.4054,0,14,31.888274,31.923813,True,28-12-29-78-34-79-3-77-68|95-44-38-86-16-100-37-97|52-7-47-36-46-17-60-89|5-84-61-85-91-93-96|21-73-72-75-41-22-74-56-4|82-19-11-64-49-48|76-33-81-9-51-50|98-14-42-15-43-57-58|2-23-67-39-25-55-54-24-80|53-40-26|31-88-62-63-90-32-10-70-1|27-69-30-71-65-66-20-35|83-45-8-18|92-59-99-6-94-87-13
32,14,1223.4478,313.7335,115.0,219.6662,0,14,30.73826,30.773265,True,28-12-29-78-34-79-3-77-68-80|42-14-38-86-16-100-37-97-13|52-7-47-36-46-17-60-89|5-84-61-85-91-93-96|21-73-72-41-22-74-56-4|82-19-11-64-49-48|76-33-81-9-51-50|98-44-15-43-57-58|2-75-23-67-39-25-55-54-24|53-40-26|31-88-62-63-90-32-10-70-1|27-69-30-71-65-66-20-35|83-45-8-18|95-92-59-99-87-94-6
33,14,1223.4478,313.7335,115.0,219.6662,0,14,30.73826,30.773265,True,28-12-29-78-34-79-3-77-68-80|42-14-38-86-16-100-37-97-13|52-7-47-36-46-17-60-89|5-84-61-85-91-93-96|21-73-72-41-22-74-56-4|82-19-11-64-49-48|76-33-81-9-51-50|98-44-15-43-57-58|2-75-23-67-39-25-55-54-24|53-40-26|31-88-62-63-90-32-10-70-1|27-69-30-71-65-66-20-35|83-45-8-18|95-92-59-99-87-94-6
34,14,1226.3687,320.7014,107.0,223.4054,0,14,31.783442,31.820129,True,28-12-29-78-34-79-3-77-68|44-38-86-16-100-37-97|52-82-7-47-36-46-17-60-89|5-84-61-85-91-93-96|21-73-72-75-41-22-74-56-4|19-11-64-49-48|76-33-81-9-51-50|98-14-42-15-43-57-58|2-23-67-39-25-55-54-24-80|53-40-26|31-88-62-63-90-32-10-70-1|27-69-30-71-65-66-20-35|83-45-8-18|95-92-59-99-6-94-87-13
35,14,1226.7943,316.874,107.0,223.4054,0,14,31.209332,31.245573,True,28-12-29-78-34-79-3-77-68|42-14-38-86-16-100-37-97|52-7-47-36-46-17-60-89|5-84-61-85-91-93-96|21-73-72-75-41-22-74-56-4|82-19-11-64-49-48|76-33-81-9-51-50|98-44-15-43-57-58|2-23-67-39-25-55-54-24-80|53-40-26|31-88-62-63-90-32-10-70-1|27-69-30-71-65-66-20-35|83-45-8-18|95-92-59-99-6-94-87-13
36,14,1226.7943,316.874,107.0,223.4054,0,14,31.209332,31.245573,True,28-12-29-78-34-79-3-77-68|42-14-38-86-16-100-37-97|52-7-47-36-46-17-60-89|5-84-61-85-91-93-96|21-73-72-75-41-22-74-56-4|82-19-11-64-49-48|76-33-81-9-51-50|98-44-15-43-57-58|2-23-67-39-25-55-54-24-80|53-40-26|31-88-62-63-90-32-10-70-1|27-69-30-71-65-66-20-35|83-45-8-18|95-92-59-99-6-94-87-13
37,12,1227.5157,134.0911,123.0,227.2242,0,12,4.348,4.358613,True,95-92-98-85-61-16-86-91-100-37-93|59-83-45-84-99-96-6|40-21-73-22-41-74-56-4|31-62-11-63-64-49-48|5-44-38-14-43-57-97-13-58|72-75-23-67-39-25-55-54-24-80|82-47-36-19-90-10-32|2-15-42-87-94-53-26|52-88-7-18-8-46-17-60-89|33-71-81-34-35-50|28-12-76-29-78-79-3-77-68|27-69-30-51-9-65-66-20-70-1
38,12,1227.5157,134.0911,123.0,227.2242,0,12,4.348,4.358613,True,95-92-98-85-61-16-86-91-100-37-93|59-83-45-84-99-96-6|40-21-73-22-41-74-56-4|31-62-11-63-64-49-48|5-44-38-14-43-57-97-13-58|72-75-23-67-39-25-55-54-24-80|82-47-36-19-90-10-32|2-15-42-87-94-53-26|52-88-7-18-8-46-17-60-89|33-71-81-34-35-50|28-12-76-29-78-79-3-77-68|27-69-30-51-9-65-66-20-70-1
39,14,1228.5882,315.0146,113.0,219.6662,0,14,30.930425,30.966964,True,28-12-29-78-34-79-3-77-68-80|95-14-38-86-16-100-37-97|52-7-47-36-46-17-60-89|5-84-61-85-91-93-96|21-73-72-41-22-74-56-4|82-19-11-64-49-48|76-33-81-9-51-50|44-42-15-43-57-58|2-75-23-67-39-25-55-54-24|53-40-26|31-88-62-63-90-32-10-70-1|27-69-30-71-65-66-20-35|83-45-8-18|92-98-59-99-6-94-87-13
40,14,1228.5882,315.0146,113.0,219.6662,0,14,30.930425,30.966964,True,28-12-29-78-34-79-3-77-68-80|95-14-38-86-16-100-37-97|52-7-47-36-46-17-60-89|5-84-61-85-91-93-96|21-73-72-41-22-74-56-4|82-19-11-64-49-48|76-33-81-9-51-50|44-42-15-43-57-58|2-75-23-67-39-25-55-54-24|53-40-26|31-88-62-63-90-32-10-70-1|27-69-30-71-65-66-20-35|83-45-8-18|92-98-59-99-6-94-87-13
41,14,1228.7222,314.442,107.0,223.4054,0,14,30.844532,30.880986,True,12-29-78-34-79-3-77-68|95-14-38-86-16-100-37-97|52-7-47-36-46-17-60-89|5-84-61-85-91-93-96|21-73-72-75-41-22-74-56-4|82-19-11-64-49-48|28-76-33-81-9-51-50|92-44-42-15-43-57-58|2-23-67-39-25-55-54-24-80|53-40-26|31-88-62-63-90-32-10-70-1|27-69-30-71-65-66-20-35|83-45-8-18|59-98-99-6-94-87-13
42,14,1228.8196,314.3446,107.0,223.4054,0,14,30.829923,30.866392,True,12-29-78-34-79-3-77-68|95-14-38-86-16-100-37-97|52-7-47-36-46-17-60-89|5-84-61-85-91-93-96|21-73-72-75-41-22-74-56-4|82-19-11-64-49-48|28-76-33-81-9-51-50|59-44-42-15-43-57-58|2-23-67-39-25-55-54-24-80|53-40-26|31-88-62-63-90-32-10-70-1|27-69-30-71-65-66-20-35|83-45-8-18|92-98-99-6-94-87-13
43,14,1229.1602,314.0039,107.0,223.4054,0,14,30.778826,30.815346,True,28-12-29-78-34-79-3-77-68|95-14-38-86-16-100-37-97|52-7-47-36-46-17-60-89|5-84-61-85-91-93-96|21-73-72-75-41-22-74-56-4|82-19-11-64-49-48|76-33-81-9-51-50|92-44-42-15-43-57-58|2-23-67-39-25-55-54-24-80|53-40-26|31-88-62-63-90-32-10-70-1|27-69-30-71-65-66-20-35|83-45-8-18|59-98-99-6-94-87-13
44,14,1229.2576,313.9066,107.0,223.4054,0,14,30.764217,30.800752,True,28-12-29-78-34-79-3-77-68|95-14-38-86-16-100-37-97|52-7-47-36-46-17-60-89|5-84-61-85-91-93-96|21-73-72-75-41-22-74-56-4|82-19-11-64-49-48|76-33-81-9-51-50|59-44-42-15-43-57-58|2-23-67-39-25-55-54-24-80|53-40-26|31-88-62-63-90-32-10-70-1|27-69-30-71-65-66-20-35|83-45-8-18|92-98-99-6-94-87-13
45,14,1229.506,313.6582,107.0,223.4054,0,14,30.726962,30.763534,True,12-29-78-34-79-3-77-68|95-14-38-86-16-100-37-97|52-7-47-36-46-17-60-89|5-84-61-85-91-93-96|21-73-72-75-41-22-74-56-4|82-19-11-64-49-48|28-76-33-81-9-51-50|44-42-15-43-57-58|2-23-67-39-25-55-54-24-80|53-40-26|31-88-62-63-90-32-10-70-1|27-69-30-71-65-66-20-35|83-45-8-18|92-98-59-99-6-94-87-13
46,14,1229.944,313.2201,107.0,223.4054,0,14,30.661256,30.697894,True,28-12-29-78-34-79-3-77-68|95-14-38-86-16-100-37-97|52-7-47-36-46-17-60-89|5-84-61-85-91-93-96|21-73-72-75-41-22-74-56-4|82-19-11-64-49-48|76-33-81-9-51-50|44-42-15-43-57-58|2-23-67-39-25-55-54-24-80|31-88-62-63-90-32-10-70-1|27-69-30-71-65-66-20-35|83-45-8-18|92-98-59-99-6-94-87-13|53-40-26
47,14,1229.944,313.2201,107.0,223.4054,0,14,30.661256,30.697894,True,28-12-29-78-34-79-3-77-68|95-14-38-86-16-100-37-97|52-7-47-36-46-17-60-89|5-84-61-85-91-93-96|21-73-72-75-41-22-74-56-4|82-19-11-64-49-48|76-33-81-9-51-50|44-42-15-43-57-58|2-23-67-39-25-55-54-24-80|31-88-62-63-90-32-10-70-1|27-69-30-71-65-66-20-35|83-45-8-18|92-98-59-99-6-94-87-13|53-40-26
48,14,1230.605,308.8468,105.0,223.4054,0,14,30.005251,30.041231,True,12-29-78-34-79-3-77-68|95-44-38-86-16-100-37-97|52-7-47-36-46-17-60-89|5-84-61-85-91-93-96|21-73-41-75-56-22-74-4|82-19-11-64-49-48|28-76-33-81-9-51-50|2-42-14-15-43-57-58|72-23-67-39-25-55-54-24-80|53-40-26|31-88-62-63-90-32-10-70-1|27-69-30-71-65-66-20-35|83-45-8-18|92-98-59-99-6-94-87-13
49,14,1230.605,308.8468,105.0,223.4054,0,14,30.005251,30.041231,True,12-29-78-34-79-3-77-68|95-44-38-86-16-100-37-97|52-7-47-36-46-17-60-89|5-84-61-85-91-93-96|21-73-41-75-56-22-74-4|82-19-11-64-49-48|28-76-33-81-9-51-50|2-42-14-15-43-57-58|72-23-67-39-25-55-54-24-80|53-40-26|31-88-62-63-90-32-10-70-1|27-69-30-71-65-66-20-35|83-45-8-18|92-98-59-99-6-94-87-13
50,14,1235.9897,307.1745,107.0,223.4054,0,14,29.754408,29.791953,True,28-12-29-78-34-79-3-77-68|95-14-38-86-16-100-37-97|52-7-47-36-46-17-60-89|92-44-61-5-84-85-91-93-96|21-73-72-75-41-22-74-56-4|82-19-11-64-49-48|76-33-81-9-51-50|98-42-15-43-57-58|2-23-67-39-25-55-54-24-80|53-40-26|31-88-62-63-90-32-10-70-1|27-69-30-71-65-66-20-35|83-45-8-18|59-99-6-94-87-13
51,12,1236.0267,162.231,104.0,229.5849,0,12,8.012883,8.028724,True,28-12-29-78-34-79-3-77-68|59-98-44-86-16-61-85-97-37-91|83-45-5-84-99-6-93-96|40-21-73-22-41-74-56-4|31-62-11-64-49-48|76-33-81-51-20-50-1|95-92-14-38-43-57-100-13-58|72-75-23-67-39-25-55-54-24-80|27-69-30-9-71-65-66-35|47-36-19-63-90-32-10-70|2-15-42-87-94-53-26|52-88-7-82-18-8-46-17-60-89
52,12,1236.0267,162.231,104.0,229.5849,0,12,8.012883,8.028724,True,28-12-29-78-34-79-3-77-68|59-98-44-86-16-61-85-97-37-91|83-45-5-84-99-6-93-96|40-21-73-22-41-74-56-4|31-62-11-64-49-48|76-33-81-51-20-50-1|95-92-14-38-43-57-100-13-58|72-75-23-67-39-25-55-54-24-80|27-69-30-9-71-65-66-35|47-36-19-63-90-32-10-70|2-15-42-87-94-53-26|52-88-7-82-18-8-46-17-60-89
53,14,1236.3257,299.8239,107.0,223.4054,0,14,28.651819,28.688362,True,12-29-78-34-79-3-77-68|95-14-38-86-16-100-37-97|52-7-47-36-46-17-60-89|44-5-84-61-85-91-93-96|21-73-75-41-22-74-56-4|82-19-11-64-49-48|28-76-33-81-9-51-50|2-42-15-43-57-58|72-23-67-39-25-55-54-24-80|53-40-26|31-88-62-63-90-32-10-70-1|27-69-30-71-65-66-20-35|83-45-8-18|92-98-59-99-6-94-87-13
54,14,1236.3257,299.8239,107.0,223.4054,0,14,28.651819,28.688362,True,12-29-78-34-79-3-77-68|95-14-38-86-16-100-37-97|52-7-47-36-46-17-60-89|44-5-84-61-85-91-93-96|21-73-75-41-22-74-56-4|82-19-11-64-49-48|28-76-33-81-9-51-50|2-42-15-43-57-58|72-23-67-39-25-55-54-24-80|53-40-26|31-88-62-63-90-32-10-70-1|27-69-30-71-65-66-20-35|83-45-8-18|92-98-59-99-6-94-87-13
55,14,1237.8982,305.7045,107.0,219.6662,0,14,29.533914,29.57125,True,12-29-78-34-79-3-77-68-80|95-14-38-86-16-100-37-97|52-7-47-36-46-17-60-89|44-5-84-61-85-91-93-96|21-73-72-41-22-74-56-4|82-19-11-64-49-48|28-76-33-81-9-51-50|98-42-15-43-57-58|2-75-23-67-39-25-55-54-24|53-40-26|31-88-62-63-90-32-10-70-1|27-69-30-71-65-66-20-35|83-45-8-18|92-59-99-6-94-87-13
56,14,1237.8982,305.7045,107.0,219.6662,0,14,29.533914,29.57125,True,12-29-78-34-79-3-77-68-80|95-14-38-86-16-100-37-97|52-7-47-36-46-17-60-89|44-5-84-61-85-91-93-96|21-73-72-41-22-74-56-4|82-19-11-64-49-48|28-76-33-81-9-51-50|98-42-15-43-57-58|2-75-23-67-39-25-55-54-24|53-40-26|31-88-62-63-90-32-10-70-1|27-69-30-71-65-66-20-35|83-45-8-18|92-59-99-6-94-87-13
57,12,1240.4134,124.0972,114.0,229.5849,0,12,5.53121,5.543647,True,45-61-16-86-38-43-100-91-93|40-21-73-22-41-74-56-4-58|31-62-11-64-49-48|72-75-23-67-39-25-55-54-24-80|47-36-19-63-90-32-10|2-42-15-57-87-53-26|52-88-7-82-18-8-46-17-60-89|33-71-81-34-35-50|28-12-76-29-78-79-3-77-68|27-69-30-51-9-65-66-20-70-1|95-92-14-44-84-96-6|83-5-85-98-59-99-94-37-97-13
58,12,1240.4134,124.0972,114.0,229.5849,0,12,5.53121,5.543647,True,45-61-16-86-38-43-100-91-93|40-21-73-22-41-74-56-4-58|31-62-11-64-49-48|72-75-23-67-39-25-55-54-24-80|47-36-19-63-90-32-10|2-42-15-57-87-53-26|52-88-7-82-18-8-46-17-60-89|33-71-81-34-35-50|28-12-76-29-78-79-3-77-68|27-69-30-51-9-65-66-20-70-1|95-92-14-44-84-96-6|83-5-85-98-59-99-94-37-97-13
59,14,1241.4744,288.4931,107.0,223.4054,0,14,26.952194,26.988582,True,28-12-29-78-34-79-3-77-68|95-14-38-86-16-100-37-97|52-7-47-36-46-17-60-89|5-84-61-85-91-93-96|21-73-72-75-41-22-74-56-4|82-19-11-64-49-48|33-76-81-9-35-50|44-42-15-43-57-58|2-23-67-39-25-55-54-24-80|53-40-26|31-88-62-63-90-32-10-70-1|27-69-30-51-71-65-66-20|83-45-8-18|92-98-59-99-6-94-87-13
60,14,1241.4744,288.4931,107.0,223.4054,0,14,26.952194,26.988582,True,28-12-29-78-34-79-3-77-68|95-14-38-86-16-100-37-97|52-7-47-36-46-17-60-89|5-84-61-85-91-93-96|21-73-72-75-41-22-74-56-4|82-19-11-64-49-48|33-76-81-9-35-50|44-42-15-43-57-58|2-23-67-39-25-55-54-24-80|53-40-26|31-88-62-63-90-32-10-70-1|27-69-30-51-71-65-66-20|83-45-8-18|92-98-59-99-6-94-87-13
61,14,1242.1393,315.6176,99.0,223.4054,0,14,31.020873,31.060729,True,12-29-78-34-79-3-77-68|14-38-86-16-100-37-97|52-7-47-36-46-17-60-89|44-5-84-61-85-91-93-96|21-73-72-75-41-22-74-56-4|82-19-11-64-49-48|28-76-33-81-9-51-50|95-98-42-15-43-57-13|2-23-67-39-25-55-54-24-80|53-40-26|31-88-62-63-90-32-10-70-1|27-69-30-71-65-66-20-35|83-45-8-18|92-59-99-6-94-87-58
62,14,1242.1393,315.6176,99.0,223.4054,0,14,31.020873,31.060729,True,12-29-78-34-79-3-77-68|14-38-86-16-100-37-97|52-7-47-36-46-17-60-89|44-5-84-61-85-91-93-96|21-73-72-75-41-22-74-56-4|82-19-11-64-49-48|28-76-33-81-9-51-50|95-98-42-15-43-57-13|2-23-67-39-25-55-54-24-80|53-40-26|31-88-62-63-90-32-10-70-1|27-69-30-71-65-66-20-35|83-45-8-18|92-59-99-6-94-87-58
63,13,1242.25,211.7858,111.0,219.6662,0,13,15.4461,15.470753,True,12-29-78-34-79-3-77-68-80|95-92-98-85-61-16-86-91-100-37-93|82-47-36-46-8-17-60-89|5-83-45-84-99-96|40-21-73-22-41-74-56-4|52-19-11-64-49-48|28-76-33-81-9-51-50|59-44-38-14-43-57-97-13-58|72-75-23-67-39-25-55-54-24|2-15-42-87-53-26|88-7-62-10-90-32-70-1|27-69-30-71-65-66-20-35|31-63-18-6-94
64,13,1242.25,211.7858,111.0,219.6662,0,13,15.4461,15.470753,True,12-29-78-34-79-3-77-68-80|95-92-98-85-61-16-86-91-100-37-93|82-47-36-46-8-17-60-89|5-83-45-84-99-96|40-21-73-22-41-74-56-4|52-19-11-64-49-48|28-76-33-81-9-51-50|59-44-38-14-43-57-97-13-58|72-75-23-67-39-25-55-54-24|2-15-42-87-53-26|88-7-62-10-90-32-70-1|27-69-30-71-65-66-20-35|31-63-18-6-94
65,13,1243.0375,251.8377,105.0,227.2242,0,13,21.453892,21.485323,True,28-12-29-78-79-3-77-50|95-92-98-85-61-16-91-100-37-93|83-45-5-84-99-96-6|40-21-73-22-41-74-56-4|31-62-11-64-49-46-48|76-33-81-9-51-20-66-1|59-44-14-15-57-97-13-58|72-75-23-67-39-25-55-54-24-80|27-69-30-71-65-35-34-68|47-36-19-63-90-32-10-70|2-42-87-94-53-26|52-88-7-82-18-8-17-60-89|86-38-43
66,13,1243.0375,251.8377,105.0,227.2242,0,13,21.453892,21.485323,True,28-12-29-78-79-3-77-50|95-92-98-85-61-16-91-100-37-93|83-45-5-84-99-96-6|40-21-73-22-41-74-56-4|31-62-11-64-49-46-48|76-33-81-9-51-20-66-1|59-44-14-15-57-97-13-58|72-75-23-67-39-25-55-54-24-80|27-69-30-71-65-35-34-68|47-36-19-63-90-32-10-70|2-42-87-94-53-26|52-88-7-82-18-8-17-60-89|86-38-43
67,14,1245.2642,304.5376,91.0,223.4054,0,14,29.35888,29.397211,True,12-29-78-34-79-3-77-68|14-38-86-61-100-37-97|52-7-47-36-46-17-60-89|5-84-16-85-91-93-96|21-73-72-75-41-22-74-56-4|82-19-11-64-49-48|28-76-33-81-9-51-50|95-98-44-42-15-43-13|2-23-67-39-25-55-54-24-80|53-40-26|31-88-62-63-90-32-10-70-1|27-69-30-71-65-66-20-35|83-45-8-18|92-59-99-6-94-87-57-58
68,14,1245.2642,304.5376,91.0,223.4054,0,14,29.35888,29.397211,True,12-29-78-34-79-3-77-68|14-38-86-61-100-37-97|52-7-47-36-46-17-60-89|5-84-16-85-91-93-96|21-73-72-75-41-22-74-56-4|82-19-11-64-49-48|28-76-33-81-9-51-50|95-98-44-42-15-43-13|2-23-67-39-25-55-54-24-80|53-40-26|31-88-62-63-90-32-10-70-1|27-69-30-71-65-66-20-35|83-45-8-18|92-59-99-6-94-87-57-58
69,12,1245.922,127.6968,107.0,229.5849,0,12,7.183794,7.197723,True,12-29-78-34-79-3-77-68|95-92-98-85-61-16-86-91-100-37-93|5-83-45-84-99-96-6|2-21-73-87-41-22-74-56-4|28-76-33-81-51-20-50|72-75-23-67-39-25-55-54-24-80|27-69-30-9-71-65-66-35|47-36-19-10-90-32-70-1|52-88-7-82-18-8-46-17-60-89|42-15-40-53-94-13-26|31-62-11-63-64-49-48|59-44-38-14-43-57-97-58
70,13,1246.3164,194.951,107.0,223.4054,0,13,12.920878,12.944387,True,28-12-29-78-34-79-3-77-68|95-14-38-86-16-100-37-97|21-73-72-75-41-22-74-56-4|76-33-81-9-51-50|5-44-42-15-43-57-58|2-23-67-39-25-55-54-24-80|52-31-88-62-63-90-32-10-70-1|27-69-30-71-65-66-20-35|92-98-59-99-6-94-87-13|82-83-45-84-61-85-91-93-96|47-19-11-64-49-48|36-7-18-8-46-17-60-89|53-40-26
71,13,1246.3164,194.951,107.0,223.4054,0,13,12.920878,12.944387,True,28-12-29-78-34-79-3-77-68|95-14-38-86-16-100-37-97|21-73-72-75-41-22-74-56-4|76-33-81-9-51-50|5-44-42-15-43-57-58|2-23-67-39-25-55-54-24-80|52-31-88-62-63-90-32-10-70-1|27-69-30-71-65-66-20-35|92-98-59-99-6-94-87-13|82-83-45-84-61-85-91-93-96|47-19-11-64-49-48|36-7-18-8-46-17-60-89|53-40-26
72,12,1247.8609,152.9063,88.0,227.2242,0,12,7.76545,7.781488,True,12-29-78-34-79-3-77-68|95-92-98-85-61-16-86-91-100-37|5-83-45-84-99-94-6-96-93-17|2-40-21-73-22-41-74-56-4|28-76-33-81-51-20-50-1|72-75-23-67-39-25-55-54-24-80|27-69-30-9-71-65-66-35|47-36-19-11-90-32-10-70|52-88-7-82-18-8-60-89|42-15-87-53-26-13|31-62-63-64-49-46-48|59-44-38-14-43-57-97-58
73,12,1247.8609,152.9063,88.0,227.2242,0,12,7.76545,7.781488,True,12-29-78-34-79-3-77-68|95-92-98-85-61-16-86-91-100-37|5-83-45-84-99-94-6-96-93-17|2-40-21-73-22-41-74-56-4|28-76-33-81-51-20-50-1|72-75-23-67-39-25-55-54-24-80|27-69-30-9-71-65-66-35|47-36-19-11-90-32-10-70|52-88-7-82-18-8-60-89|42-15-87-53-26-13|31-62-63-64-49-46-48|59-44-38-14-43-57-97-58
74,12,1251.0952,122.3365,107.0,229.5849,0,12,8.735758,8.750436,True,12-29-78-34-79-3-77-68|95-92-98-85-61-16-86-91-100-37-93|5-83-45-84-99-96-6|42-2-40-21-73-22-41-74-56-4|28-76-33-81-51-20-50|72-75-23-67-39-25-55-54-24-80|27-69-30-9-71-65-66-35|47-36-19-11-90-32-10-70-1|52-88-7-82-18-8-46-17-60-89|15-53-94-87-13-26|31-62-63-64-49-48|59-44-38-14-43-57-97-58
75,12,1251.0952,122.3365,107.0,229.5849,0,12,8.735758,8.750436,True,12-29-78-34-79-3-77-68|95-92-98-85-61-16-86-91-100-37-93|5-83-45-84-99-96-6|42-2-40-21-73-22-41-74-56-4|28-76-33-81-51-20-50|72-75-23-67-39-25-55-54-24-80|27-69-30-9-71-65-66-35|47-36-19-11-90-32-10-70-1|52-88-7-82-18-8-46-17-60-89|15-53-94-87-13-26|31-62-63-64-49-48|59-44-38-14-43-57-97-58
76,13,1251.1427,233.7791,76.0,223.6924,0,13,18.745101,18.772825,True,5-83-82-8-45-84-93|11-64-49-36-46-48|2-42-57-15-43-100-97-13|95-92-98-44-14-38-86-17-60-89|21-73-72-75-41-22-25-55-58|39-67-23-56-74-4-54-24|27-69-30-51-71-65-66-20-70-1|28-12-76-29-79-3-77-50|52-31-88-62-63-90-32-10|33-78-81-9-35-34-68-80|59-99-61-16-85-91-37-96|47-19-7-18-53-26|40-87-94-6
77,13,1251.1427,233.7791,76.0,223.6924,0,13,18.745101,18.772825,True,5-83-82-8-45-84-93|11-64-49-36-46-48|2-42-57-15-43-100-97-13|95-92-98-44-14-38-86-17-60-89|21-73-72-75-41-22-25-55-58|39-67-23-56-74-4-54-24|27-69-30-51-71-65-66-20-70-1|28-12-76-29-79-3-77-50|52-31-88-62-63-90-32-10|33-78-81-9-35-34-68-80|59-99-61-16-85-91-37-96|47-19-7-18-53-26|40-87-94-6
78,14,1254.8527,294.2172,94.0,223.4054,0,14,27.810821,27.850781,True,12-29-78-34-79-3-77-68|14-38-86-61-100-37-97|52-88-7-47-36-46-17-60-89|5-84-16-85-91-93-96|21-73-72-75-41-22-74-56-4|82-19-11-64-49-48|28-76-33-81-9-51-20-1|95-98-44-42-15-43-13|2-23-67-39-25-55-54-24-80|53-40-26|31-62-63-90-10-70-50|27-69-30-71-65-35-66-32|83-45-8-18|92-59-99-6-94-87-57-58
79,14,1254.8527,294.2172,94.0,223.4054,0,14,27.810821,27.850781,True,12-29-78-34-79-3-77-68|14-38-86-61-100-37-97|52-88-7-47-36-46-17-60-89|5-84-16-85-91-93-96|21-73-72-75-41-22-74-56-4|82-19-11-64-49-48|28-76-33-81-9-51-20-1|95-98-44-42-15-43-13|2-23-67-39-25-55-54-24-80|53-40-26|31-62-63-90-10-70-50|27-69-30-71-65-35-66-32|83-45-8-18|92-59-99-6-94-87-57-58
80,13,1255.5203,259.7932,148.0,216.9096,0,13,22.647212,22.686335,True,12-29-78-34-79-3-77-68-80|95-92-85-61-16-86-91-100-37-93|5-83-45-84-99-96-6|40-21-73-22-41-74-56-4|52-62-11-64-49-46-48|28-76-33-81-51-20-50-1|59-98-44-38-14-57-97-58|72-75-23-67-39-25-55-54-24|47-36-19-63-90-32-10-70|2-15-42-87-94-53-26|27-31-88-7-82-18-8-17-60-89|69-30-9-71-65-66-35|43-13
81,13,1255.5203,259.7932,148.0,216.9096,0,13,22.647212,22.686335,True,12-29-78-34-79-3-77-68-80|95-92-85-61-16-86-91-100-37-93|5-83-45-84-99-96-6|40-21-73-22-41-74-56-4|52-62-11-64-49-46-48|28-76-33-81-51-20-50-1|59-98-44-38-14-57-97-58|72-75-23-67-39-25-55-54-24|47-36-19-63-90-32-10-70|2-15-42-87-94-53-26|27-31-88-7-82-18-8-17-60-89|69-30-9-71-65-66-35|43-13
82,13,1257.4307,181.1989,159.0,215.4596,0,13,10.858071,10.88686,True,12-29-78-79-3-77-50|95-92-98-85-61-16-86-91-100-37-93|83-45-5-84-99-96-6|40-73-41-22-74-56-4|31-62-11-64-49-46-48|28-76-33-81-9-51-20-66-1|59-44-38-14-43-57-97-13-58|72-21-75-39-67-25-55-54-24|27-69-30-71-65-35-34-68-80|47-36-19-63-90-32-10-70|2-15-42-87-94-53-26|52-88-7-82-18-8-17-60-89|23
83,13,1257.4307,181.1989,159.0,215.4596,0,13,10.858071,10.88686,True,12-29-78-79-3-77-50|95-92-98-85-61-16-86-91-100-37-93|83-45-5-84-99-96-6|40-73-41-22-74-56-4|31-62-11-64-49-46-48|28-76-33-81-9-51-20-66-1|59-44-38-14-43-57-97-13-58|72-21-75-39-67-25-55-54-24|27-69-30-71-65-35-34-68-80|47-36-19-63-90-32-10-70|2-15-42-87-94-53-26|52-88-7-82-18-8-17-60-89|23
84,13,1257.8276,162.8453,171.0,224.5662,0,13,10.755475,10.784195,True,12-29-78-34-79-3-77-68-80|95-92-98-85-61-16-86-91-100-37-93|82-47-36-46-8-17-60-89|5-83-45-84-99-96-6|39-40-73-41-22-74-56-4|52-19-11-64-49-48|28-33-76-81-9-35-50|59-44-38-14-43-57-97-13-58|21-72-75-23-67-25-55-54-24|2-15-42-87-94-53-26|31-88-62-63-90-32-10-70-1|27-69-30-51-71-65-66-20|7-18
85,13,1257.8276,162.8453,171.0,224.5662,0,13,10.755475,10.784195,True,12-29-78-34-79-3-77-68-80|95-92-98-85-61-16-86-91-100-37-93|82-47-36-46-8-17-60-89|5-83-45-84-99-96-6|39-40-73-41-22-74-56-4|52-19-11-64-49-48|28-33-76-81-9-35-50|59-44-38-14-43-57-97-13-58|21-72-75-23-67-25-55-54-24|2-15-42-87-94-53-26|31-88-62-63-90-32-10-70-1|27-69-30-51-71-65-66-20|7-18
86,13,1263.3856,207.6295,127.0,210.3236,0,13,14.822657,14.853227,True,12-29-78-79-3-77-68-80|95-92-98-85-61-16-86-91-100-37-93|82-47-36-46-8-17-60-89|5-83-45-84-99-96-6|39-40-73-41-22-74-56-4|52-19-11-64-49-48|28-76-33-81-9-51-50|59-44-38-14-43-57-97-13-58|21-72-75-23-67-25-55-54|2-15-42-87-94-53-26|31-88-62-63-90-32-10-70|27-69-30-71-65-35-34-24|18-7-66-20-1
87,13,1263.3856,207.6295,127.0,210.3236,0,13,14.822657,14.853227,True,12-29-78-79-3-77-68-80|95-92-98-85-61-16-86-91-100-37-93|82-47-36-46-8-17-60-89|5-83-45-84-99-96-6|39-40-73-41-22-74-56-4|52-19-11-64-49-48|28-76-33-81-9-51-50|59-44-38-14-43-57-97-13-58|21-72-75-23-67-25-55-54|2-15-42-87-94-53-26|31-88-62-63-90-32-10-70|27-69-30-71-65-35-34-24|18-7-66-20-1
88,13,1263.5356,177.9046,117.0,219.6662,0,13,12.467873,12.494431,True,12-29-78-34-79-3-77-24|95-14-38-86-16-100-37-97-58|52-7-47-36-46-17-60-89|44-5-84-61-85-91-93-96|21-73-72-75-41-22-74-56-4|82-19-11-64-49-48|28-76-33-81-9-51-50|2-23-67-39-25-55-54-68-80|42-15-40-53-26|31-88-62-63-90-32-10-70-1|27-69-30-71-65-66-20-35|83-45-8-18|92-98-59-99-6-94-87-57-43-13
89,13,1263.5356,177.9046,117.0,219.6662,0,13,12.467873,12.494431,True,12-29-78-34-79-3-77-24|95-14-38-86-16-100-37-97-58|52-7-47-36-46-17-60-89|44-5-84-61-85-91-93-96|21-73-72-75-41-22-74-56-4|82-19-11-64-49-48|28-76-33-81-9-51-50|2-23-67-39-25-55-54-68-80|42-15-40-53-26|31-88-62-63-90-32-10-70-1|27-69-30-71-65-66-20-35|83-45-8-18|92-98-59-99-6-94-87-57-43-13
90,14,1264.7558,298.6291,99.0,219.6662,0,14,28.472604,28.516136,True,28-12-29-78-34-79-3-77-68|95-14-38-86-16-100-37-97|52-7-47-36-46-17-60-89|92-44-5-84-61-85-91-93-96|21-73-23-41-22-74-56-4|82-19-11-64-49-48|76-33-81-9-51-50|98-42-15-43-57-58|2-72-75-39-67-25-55-24-80|53-40-54-26|31-88-62-63-90-32-10-70-1|27-69-30-71-65-66-20-35|83-45-8-18|59-99-6-94-87-13
91,14,1264.7558,298.6291,99.0,219.6662,0,14,28.472604,28.516136,True,28-12-29-78-34-79-3-77-68|95-14-38-86-16-100-37-97|52-7-47-36-46-17-60-89|92-44-5-84-61-85-91-93-96|21-73-23-41-22-74-56-4|82-19-11-64-49-48|76-33-81-9-51-50|98-42-15-43-57-58|2-72-75-39-67-25-55-24-80|53-40-54-26|31-88-62-63-90-32-10-70-1|27-69-30-71-65-66-20-35|83-45-8-18|59-99-6-94-87-13
92,13,1267.1172,218.6749,105.0,223.4054,0,13,16.479474,16.512582,True,28-12-29-78-34-79-3-77-68|42-61-16-86-38-91-100-37-93|52-7-47-36-46|21-73-72-75-41-22-74-56-4|82-19-11-64-49-48|76-33-81-9-51-50|92-98-59-99-15-43-57-97-13-58|2-23-67-39-25-55-54-24-80|94-40-53-26|31-88-62-63-90-32-10-70-1|27-69-30-71-65-66-20-35|5-83-45-8-18-6-96|95-44-14-87-85-84-17-60-89
93,13,1267.1172,218.6749,105.0,223.4054,0,13,16.479474,16.512582,True,28-12-29-78-34-79-3-77-68|42-61-16-86-38-91-100-37-93|52-7-47-36-46|21-73-72-75-41-22-74-56-4|82-19-11-64-49-48|76-33-81-9-51-50|92-98-59-99-15-43-57-97-13-58|2-23-67-39-25-55-54-24-80|94-40-53-26|31-88-62-63-90-32-10-70-1|27-69-30-71-65-66-20-35|5-83-45-8-18-6-96|95-44-14-87-85-84-17-60-89
94,13,1268.2314,155.8688,163.0,221.5024,0,13,13.876622,13.906158,True,12-29-78-34-79-3-77-68-80|95-92-98-85-61-16-86-91-100-37-93|82-47-36-46-8-17-60-89|5-83-45-84-99-96-94-97-13|72-39-75-22-41-56-4-26|52-19-11-64-49-48|28-76-33-81-9-51-50|59-44-38-14-43-57-74-58|21-73-23-67-25-55-54-24|2-15-42-87-40-53|31-88-7-62-10-90-32-70-1|27-69-30-71-65-66-20-35|63-18-6
95,13,1268.2314,155.8688,163.0,221.5024,0,13,13.876622,13.906158,True,12-29-78-34-79-3-77-68-80|95-92-98-85-61-16-86-91-100-37-93|82-47-36-46-8-17-60-89|5-83-45-84-99-96-94-97-13|72-39-75-22-41-56-4-26|52-19-11-64-49-48|28-76-33-81-9-51-50|59-44-38-14-43-57-74-58|21-73-23-67-25-55-54-24|2-15-42-87-40-53|31-88-7-62-10-90-32-70-1|27-69-30-71-65-66-20-35|63-18-6
96,13,1268.9822,164.5931,149.0,224.5662,0,13,14.101859,14.131988,True,12-29-78-34-79-3-77-68-80|95-92-98-85-61-16-86-91-100-37-93|82-47-36-46-8-17-60-89|5-83-45-84-99-96-94|39-41-22-73-74-56-4|52-19-11-64-49-48|28-76-33-81-9-51-50|59-44-38-14-43-57-97-13-58|21-72-75-23-67-25-55-54-24|2-15-42-87-40-26|31-88-7-62-10-90-32-70-1|27-69-30-71-65-66-20-35|63-18-6-53
97,13,1268.9822,164.5931,149.0,224.5662,0,13,14.101859,14.131988,True,12-29-78-34-79-3-77-68-80|95-92-98-85-61-16-86-91-100-37-93|82-47-36-46-8-17-60-89|5-83-45-84-99-96-94|39-41-22-73-74-56-4|52-19-11-64-49-48|28-76-33-81-9-51-50|59-44-38-14-43-57-97-13-58|21-72-75-23-67-25-55-54-24|2-15-42-87-40-26|31-88-7-62-10-90-32-70-1|27-69-30-71-65-66-20-35|63-18-6-53
98,15,1270.9531,375.0386,114.0,219.2026,0,15,39.934027,39.99261,True,28-12-79-29-24-55-25-4|11-64-49-36-46|2-57-15-43-37-100-91-93|42-14-38-86-16-84-17-60-89|21-73-72-75-41-22-74|39-67-23-56-54-26|27-69-30-51-71-65-66-20-70-1|76-68-3-50|52-31-88-62-63-90-32-10|33-78-81-9-35-34-77-80|59-98-44-61-85-99-96-6|95-92-94-87-97-13-58|40-53|82-19-7-18|5-83-45-8-47-48
99,15,1270.9531,375.0386,114.0,219.2026,0,15,39.934027,39.99261,True,28-12-79-29-24-55-25-4|11-64-49-36-46|2-57-15-43-37-100-91-93|42-14-38-86-16-84-17-60-89|21-73-72-75-41-22-74|39-67-23-56-54-26|27-69-30-51-71-65-66-20-70-1|76-68-3-50|52-31-88-62-63-90-32-10|33-78-81-9-35-34-77-80|59-98-44-61-85-99-96-6|95-92-94-87-97-13-58|40-53|82-19-7-18|5-83-45-8-47-48
100,13,1271.0551,154.6938,125.0,219.6662,0,13,14.723714,14.749845,True,12-29-78-34-79-3-77-68-80|95-92-98-85-61-16-86-91-100-37-93|82-47-36-46-8-17-60-89|5-83-45-84-99-96-6|39-72-73-41-22-74-56-4|52-19-11-64-49-48|28-76-33-81-9-51-50|59-44-38-14-43-57-97-13-58|21-75-23-67-25-55-54-24|2-15-42-87-40-26|31-88-7-62-10-90-32-70-1|27-69-30-71-65-66-20-35|63-18-94-53
101,13,1271.0551,154.6938,125.0,219.6662,0,13,14.723714,14.749845,True,12-29-78-34-79-3-77-68-80|95-92-98-85-61-16-86-91-100-37-93|82-47-36-46-8-17-60-89|5-83-45-84-99-96-6|39-72-73-41-22-74-56-4|52-19-11-64-49-48|28-76-33-81-9-51-50|59-44-38-14-43-57-97-13-58|21-75-23-67-25-55-54-24|2-15-42-87-40-26|31-88-7-62-10-90-32-70-1|27-69-30-71-65-66-20-35|63-18-94-53
102,13,1271.2952,196.5806,99.0,223.4054,0,13,14.795751,14.826198,True,28-12-29-78-34-79-3-77-68|95-14-38-86-16-100-37-97|52-7-47-36-46-17-60-89|44-5-84-61-85-91-43-93|21-73-72-75-41-22-74-56-4|82-19-11-64-49-48|76-33-81-9-51-50|2-42-15-57-40-53-26-58|23-67-39-25-55-54-24-80|31-88-62-63-90-10-20-70-1|27-69-30-71-65-35-66-32|83-45-8-18|92-98-59-99-87-94-96-6-13
103,13,1271.2952,196.5806,99.0,223.4054,0,13,14.795751,14.826198,True,28-12-29-78-34-79-3-77-68|95-14-38-86-16-100-37-97|52-7-47-36-46-17-60-89|44-5-84-61-85-91-43-93|21-73-72-75-41-22-74-56-4|82-19-11-64-49-48|76-33-81-9-51-50|2-42-15-57-40-53-26-58|23-67-39-25-55-54-24-80|31-88-62-63-90-10-20-70-1|27-69-30-71-65-35-66-32|83-45-8-18|92-98-59-99-87-94-96-6-13
104,13,1272.104,224.2607,68.0,221.345,0,13,17.317337,17.34877,True,5-83-82-8-45-84-93-43-100|11-64-49-36-46-48|95-92-98-44-14-38-86-17-60-89|21-73-72-22-75-25-55-54-24|39-67-23-56-4-26|27-69-30-51-71-65-66-20-70-1|28-12-29-78-79-3-77-50|52-31-88-62-63-90-32-10|76-33-81-9-35-34-68-80|42-59-99-85-61-16-91-37-96|47-19-7-18-53|15-57-94-6-97-13|40-2-87-41-74-58
105,13,1272.104,224.2607,68.0,221.345,0,13,17.317337,17.34877,True,5-83-82-8-45-84-93-43-100|11-64-49-36-46-48|95-92-98-44-14-38-86-17-60-89|21-73-72-22-75-25-55-54-24|39-67-23-56-4-26|27-69-30-51-71-65-66-20-70-1|28-12-29-78-79-3-77-50|52-31-88-62-63-90-32-10|76-33-81-9-35-34-68-80|42-59-99-85-61-16-91-37-96|47-19-7-18-53|15-57-94-6-97-13|40-2-87-41-74-58
106,13,1272.3034,158.8925,117.0,223.4054,0,13,15.098199,15.125095,True,28-12-29-78-34-79-3-77-68|95-14-38-86-16-100-37-97-58|52-82-7-47-36-46-17-60-89|44-5-84-61-85-91-93-96|21-73-72-75-41-22-74-56-4|63-11-19-64-49-48|76-33-81-9-51-50|2-23-67-39-25-55-54-24-80|42-15-40-53-26|31-88-62-90-10-32-20-70-1|27-69-30-71-65-35-66|83-45-8-18|92-98-59-99-6-94-87-57-43-13
107,13,1272.3034,158.8925,117.0,223.4054,0,13,15.098199,15.125095,True,28-12-29-78-34-79-3-77-68|95-14-38-86-16-100-37-97-58|52-82-7-47-36-46-17-60-89|44-5-84-61-85-91-93-96|21-73-72-75-41-22-74-56-4|63-11-19-64-49-48|76-33-81-9-51-50|2-23-67-39-25-55-54-24-80|42-15-40-53-26|31-88-62-90-10-32-20-70-1|27-69-30-71-65-35-66|83-45-8-18|92-98-59-99-6-94-87-57-43-13
108,12,1273.3602,125.726,117.0,225.0347,0,12,15.415261,15.437444,True,28-12-29-78-34-79-3-77-68-80|95-92-98-99-85-61-16-86-91-37-100-93|82-47-36-46-8-48-17-60-89|39-40-73-41-22-74-56-4|59-44-38-14-43-57-97-13-58|21-72-75-23-67-25-55-54-24|2-15-42-87-94-53-26|27-69-30-51-71-65-66-20-1|5-83-45-84-18-6-96|52-88-7-63-90-32-10-70|31-62-19-11-64-49|76-33-81-9-50-35
109,12,1273.3602,125.726,117.0,225.0347,0,12,15.415261,15.437444,True,28-12-29-78-34-79-3-77-68-80|95-92-98-99-85-61-16-86-91-37-100-93|82-47-36-46-8-48-17-60-89|39-40-73-41-22-74-56-4|59-44-38-14-43-57-97-13-58|21-72-75-23-67-25-55-54-24|2-15-42-87-94-53-26|27-69-30-51-71-65-66-20-1|5-83-45-84-18-6-96|52-88-7-63-90-32-10-70|31-62-19-11-64-49|76-33-81-9-50-35
110,13,1273.6378,165.8205,144.0,214.5577,0,13,15.498527,15.528236,True,12-29-78-34-79-3-77-68-80|95-92-98-85-61-16-86-91-100-37-93|82-47-36-46-8-17-60-89|5-83-45-84-99-96-94|39-72-73-41-22-74-56-4|52-19-11-64-49-48|28-76-33-81-51-20-50|59-44-38-14-43-57-97-13-58|21-75-23-67-25-55-54-24|2-15-42-87-40-53-26|31-88-7-10-90-32-70-1|27-69-30-9-71-65-66-35|63-62-18-6
111,13,1273.6378,165.8205,144.0,214.5577,0,13,15.498527,15.528236,True,12-29-78-34-79-3-77-68-80|95-92-98-85-61-16-86-91-100-37-93|82-47-36-46-8-17-60-89|5-83-45-84-99-96-94|39-72-73-41-22-74-56-4|52-19-11-64-49-48|28-76-33-81-51-20-50|59-44-38-14-43-57-97-13-58|21-75-23-67-25-55-54-24|2-15-42-87-40-53-26|31-88-7-10-90-32-70-1|27-69-30-9-71-65-66-35|63-62-18-6
112,13,1274.727,153.8493,137.0,224.5662,0,13,15.825296,15.854338,True,12-29-78-34-79-3-77-68-80|95-92-98-85-61-16-86-91-100-37-93|82-47-36-46-8-17-60-89|5-83-45-84-99-96-97-13|39-40-73-41-22-74-56-4|63-11-19-64-49-48|28-33-76-81-9-35-50|59-44-38-14-43-57-58|21-72-75-23-67-25-55-54-24|2-15-42-87-53-26|31-88-7-62-10-90-70-1|27-69-30-51-71-65-66-20-32|52-18-6-94
113,12,1275.8474,132.0326,82.0,229.5849,0,12,16.161407,16.182464,True,12-29-78-34-79-3-77-68|59-99-61-16-86-91-37-96-93|5-83-45-84-85-6-13|42-2-40-21-73-22-41-74-56-4|28-76-33-81-51-20-50-1|72-75-23-67-39-25-55-54-24-80|27-69-30-9-71-65-66-35|47-36-19-10-90-32-70|52-88-7-82-18-8-46-17-60-89|14-15-87-94-53-26|31-62-11-63-64-49-48|95-92-98-44-38-43-57-97-100-58
114,12,1275.8474,132.0326,82.0,229.5849,0,12,16.161407,16.182464,True,12-29-78-34-79-3-77-68|59-99-61-16-86-91-37-96-93|5-83-45-84-85-6-13|42-2-40-21-73-22-41-74-56-4|28-76-33-81-51-20-50-1|72-75-23-67-39-25-55-54-24-80|27-69-30-9-71-65-66-35|47-36-19-10-90-32-70|52-88-7-82-18-8-46-17-60-89|14-15-87-94-53-26|31-62-11-63-64-49-48|95-92-98-44-38-43-57-97-100-58
115,14,1279.4672,290.1568,99.0,220.8937,0,14,27.201749,27.248608,True,28-12-29-78-34-79-3-77-24-80|98-16-86-44-14-43-37-100|52-7-47-36-46-17-60-89|5-84-61-85-91-93-96|21-73-72-75-41-22-74-56-4|82-19-11-64-49-48|76-33-81-9-51-50|2-15-57-40-26-58|23-67-39-25-55-54-68|42-38-87-53|31-88-62-63-90-32-10-70-1|27-69-30-71-65-66-20-35|83-45-8-18|95-92-59-99-6-94-97-13
116,14,1279.4672,290.1568,99.0,220.8937,0,14,27.201749,27.248608,True,28-12-29-78-34-79-3-77-24-80|98-16-86-44-14-43-37-100|52-7-47-36-46-17-60-89|5-84-61-85-91-93-96|21-73-72-75-41-22-74-56-4|82-19-11-64-49-48|76-33-81-9-51-50|2-15-57-40-26-58|23-67-39-25-55-54-68|42-38-87-53|31-88-62-63-90-32-10-70-1|27-69-30-71-65-66-20-35|83-45-8-18|95-92-59-99-6-94-97-13
117,13,1280.4375,150.0311,166.0,224.5662,0,13,17.538436,17.571518,True,12-29-78-34-79-3-77-68-80|95-92-98-85-61-16-86-91-100-37-93|82-47-36-46-8-17-60-89|5-83-45-84-99-96-6|39-40-73-41-22-74-56-4|52-19-11-64-49-48|28-76-33-81-9-51-50|59-44-38-14-43-57-97-13-58|21-72-75-23-67-25-55-54-24|2-15-42-87-94-53-26|31-88-7-62-10-90-32-70-1|27-69-30-71-65-66-20-35|63-18
118,13,1280.4375,150.0311,166.0,224.5662,0,13,17.538436,17.571518,True,12-29-78-34-79-3-77-68-80|95-92-98-85-61-16-86-91-100-37-93|82-47-36-46-8-17-60-89|5-83-45-84-99-96-6|39-40-73-41-22-74-56-4|52-19-11-64-49-48|28-76-33-81-9-51-50|59-44-38-14-43-57-97-13-58|21-72-75-23-67-25-55-54-24|2-15-42-87-94-53-26|31-88-7-62-10-90-32-70-1|27-69-30-71-65-66-20-35|63-18
119,13,1281.2082,154.5491,125.0,224.5662,0,13,17.769663,17.799554,True,12-29-78-34-79-3-77-68-80|95-92-98-85-61-16-86-91-100-37-93|82-47-36-46-8-17-60-89|59-83-45-84-99-96-6|39-41-22-73-74-56-4|52-19-11-64-49-48|28-76-33-81-9-51-50|5-44-38-14-43-57-97-13-58|21-72-75-23-67-25-55-54-24|2-15-42-87-40-26|31-88-7-62-10-90-32-70-1|27-69-30-71-65-66-20-35|63-18-94-53
120,12,1282.3363,122.3365,109.0,227.2242,0,12,18.108093,18.131989,True,12-29-78-34-79-3-77-68|95-92-98-85-61-16-86-91-100-37-93|5-83-45-84-99-96-6-17|42-2-40-21-73-22-41-74-56-4|28-76-33-81-51-20-50-1|72-75-23-67-39-25-55-54-24-80|27-69-30-9-71-65-66-35|47-36-19-11-90-32-10-70|52-88-7-82-18-8-46-60-89|15-53-94-87-13-26|31-62-63-64-49-48|59-44-38-14-43-57-97-58
121,13,1282.3785,157.648,119.0,224.5662,0,13,18.12073,18.150836,True,12-29-78-34-79-3-77-68-80|95-92-98-85-61-16-86-91-100-37-93|52-82-47-46-8-17-60-89|5-83-45-84-99-96|39-40-73-41-22-74-56-4|11-64-49-36-48|28-76-33-81-9-51-50|59-44-38-14-43-57-97-13-58|21-72-75-23-67-25-55-54-24|2-15-42-87-53-26|31-88-7-62-10-90-32-70-1|27-69-30-71-65-66-20-35|63-19-18-6-94
122,13,1282.3785,157.648,119.0,224.5662,0,13,18.12073,18.150836,True,12-29-78-34-79-3-77-68-80|95-92-98-85-61-16-86-91-100-37-93|52-82-47-46-8-17-60-89|5-83-45-84-99-96|39-40-73-41-22-74-56-4|11-64-49-36-48|28-76-33-81-9-51-50|59-44-38-14-43-57-97-13-58|21-72-75-23-67-25-55-54-24|2-15-42-87-53-26|31-88-7-62-10-90-32-70-1|27-69-30-71-65-66-20-35|63-19-18-6-94
123,13,1282.4925,150.0311,163.0,224.5662,0,13,18.154951,18.188349,True,12-29-78-34-79-3-77-68-80|95-92-98-85-61-16-86-91-100-37-93|82-47-36-46-8-17-60-89|5-83-45-84-99-96-94|39-40-73-41-22-74-56-4|52-19-11-64-49-48|28-76-33-81-9-51-50|59-44-38-14-43-57-97-13-58|21-72-75-23-67-25-55-54-24|2-15-42-87-53-26|31-88-7-62-10-90-32-70-1|27-69-30-71-65-66-20-35|63-18-6
124,13,1283.2924,248.2055,97.0,219.4913,0,13,20.909054,20.950057,True,28-12-76-79-29-78-34-35-1|2-15-42-61-84-17-60-89|31-88-7-82-18-8-46-48|83-45-5-57-87-97-13-58|40-21-73-22-41-74-56-4|52-19-47-36-49|33-51-9-81-3-77-50|14-38-44-16-86-43-100-93|59-99-6-94-53-26-80-68|72-75-23-67-39-25-55-54-24|27-69-30-71-65-66-20-70|62-11-64-63-90-32-10|95-92-98-85-91-37-96
125,13,1283.2924,248.2055,97.0,219.4913,0,13,20.909054,20.950057,True,28-12-76-79-29-78-34-35-1|2-15-42-61-84-17-60-89|31-88-7-82-18-8-46-48|83-45-5-57-87-97-13-58|40-21-73-22-41-74-56-4|52-19-47-36-49|33-51-9-81-3-77-50|14-38-44-16-86-43-100-93|59-99-6-94-53-26-80-68|72-75-23-67-39-25-55-54-24|27-69-30-71-65-66-20-70|62-11-64-63-90-32-10|95-92-98-85-91-37-96
126,13,1283.6781,184.9658,86.0,227.2242,0,13,18.510611,18.542303,True,12-29-78-34-79-3-77-68|82-19-47-46-8-17-60-89|83-45-5-61-59-96-94|40-21-73-22-41-74-56-4|11-64-49-36-48|28-76-33-81-9-51-50|95-92-98-44-38-43-57-97-13-58|72-75-23-67-39-25-55-54-24-80|2-15-42-87-53-26|31-88-7-62-10-90-32-70-1|27-69-30-71-65-66-20-35|52-63-18-84-91-37-100-93|14-16-86-85-99-6
127,13,1283.6781,184.9658,86.0,227.2242,0,13,18.510611,18.542303,True,12-29-78-34-79-3-77-68|82-19-47-46-8-17-60-89|83-45-5-61-59-96-94|40-21-73-22-41-74-56-4|11-64-49-36-48|28-76-33-81-9-51-50|95-92-98-44-38-43-57-97-13-58|72-75-23-67-39-25-55-54-24-80|2-15-42-87-53-26|31-88-7-62-10-90-32-70-1|27-69-30-71-65-66-20-35|52-63-18-84-91-37-100-93|14-16-86-85-99-6
128,13,1285.7388,150.0311,136.0,224.5662,0,13,19.128834,19.160506,True,12-29-78-34-79-3-77-68-80|95-92-98-85-61-16-86-91-100-37-93|82-47-36-46-8-17-60-89|5-83-45-84-99-96|39-40-73-41-22-74-56-4|52-19-11-64-49-48|28-76-33-81-9-51-50|59-44-38-14-43-57-97-13-58|21-72-75-23-67-25-55-54-24|2-15-42-87-53-26|31-88-7-62-10-90-32-70-1|27-69-30-71-65-66-20-35|63-18-6-94
129,13,1285.7388,150.0311,136.0,224.5662,0,13,19.128834,19.160506,True,12-29-78-34-79-3-77-68-80|95-92-98-85-61-16-86-91-100-37-93|82-47-36-46-8-17-60-89|5-83-45-84-99-96|39-40-73-41-22-74-56-4|52-19-11-64-49-48|28-76-33-81-9-51-50|59-44-38-14-43-57-97-13-58|21-72-75-23-67-25-55-54-24|2-15-42-87-53-26|31-88-7-62-10-90-32-70-1|27-69-30-71-65-66-20-35|63-18-6-94
130,13,1285.7388,150.0311,136.0,224.5662,0,13,19.128834,19.160506,True,12-29-78-34-79-3-77-68-80|95-92-98-85-61-16-86-91-100-37-93|82-47-36-46-8-17-60-89|5-83-45-84-99-96|39-40-73-41-22-74-56-4|52-19-11-64-49-48|28-76-33-81-9-51-50|59-44-38-14-43-57-97-13-58|21-72-75-23-67-25-55-54-24|2-15-42-87-53-26|31-88-7-62-10-90-32-70-1|27-69-30-71-65-66-20-35|63-18-6-94
131,13,1286.7096,149.0603,136.0,224.5662,0,13,19.420074,19.451892,True,12-29-78-34-79-3-77-68-80|95-92-98-85-61-16-86-91-100-37-93|82-47-36-46-8-17-60-89|83-45-5-84-99-96|39-40-73-41-22-74-56-4|52-19-11-64-49-48|28-76-33-81-9-51-50|59-44-38-14-43-57-97-13-58|21-72-75-23-67-25-55-54-24|2-15-42-87-53-26|31-88-7-62-10-90-32-70-1|27-69-30-71-65-66-20-35|63-18-6-94
132,13,1286.7096,149.0603,136.0,224.5662,0,13,19.420074,19.451892,True,12-29-78-34-79-3-77-68-80|95-92-98-85-61-16-86-91-100-37-93|82-47-36-46-8-17-60-89|83-45-5-84-99-96|39-40-73-41-22-74-56-4|52-19-11-64-49-48|28-76-33-81-9-51-50|59-44-38-14-43-57-97-13-58|21-72-75-23-67-25-55-54-24|2-15-42-87-53-26|31-88-7-62-10-90-32-70-1|27-69-30-71-65-66-20-35|63-18-6-94
133,13,1286.725,186.4099,95.0,224.5662,0,13,19.424684,19.458008,True,12-29-78-34-79-3-77-68-80|95-92-98-99-85-61-86-91-100-37|82-47-36-46-8-60-89|5-83-45-84-16-17-93-96|73-39-41-22-74-56-4|52-19-11-64-49-48|28-76-33-81-9-51-50|59-44-38-14-43-57-97-13-58|21-72-75-23-67-25-55-54-24|2-15-42-87-40-53-26|31-7-62-10-90-32-70-1|27-69-30-71-65-66-20-35|63-88-18-6-94
134,13,1286.725,186.4099,95.0,224.5662,0,13,19.424684,19.458008,True,12-29-78-34-79-3-77-68-80|95-92-98-99-85-61-86-91-100-37|82-47-36-46-8-60-89|5-83-45-84-16-17-93-96|73-39-41-22-74-56-4|52-19-11-64-49-48|28-76-33-81-9-51-50|59-44-38-14-43-57-97-13-58|21-72-75-23-67-25-55-54-24|2-15-42-87-40-53-26|31-7-62-10-90-32-70-1|27-69-30-71-65-66-20-35|63-88-18-6-94
135,15,1287.1071,373.8063,121.0,219.2026,0,15,39.74918,39.813125,True,28-12-29-24-55-25-4|11-64-49-36-46|2-57-15-43-37-100-91-93|42-14-38-86-16-84-17-60-89|21-73-72-75-41-22-74-54-80|39-67-23-56-26|69-30-51-71-65-66-20-70-1|76-3-79-50|52-31-88-62-63-90-32-10|33-78-81-9-35-34-68-77|59-98-44-61-85-99-96-6|27-95-92-94-87-97-13-58|40-53|83-82-19-7-18|5-45-8-47-48
136,13,1287.665,224.0853,86.0,226.0242,0,13,19.706701,19.745278,True,12-76-79-29-78-34-35-1|2-15-42-16-61-84-17-91-60-89|27-31-88-7-82-18-8|99-92-87-57-43-97-13-58|40-21-73-22-41-74-56-4|11-19-47-36-49-46-48|28-33-81-9-50-3-77-68-80|14-44-38-86-37-100-93-96|95-98-59-94-53-26|72-75-23-67-39-25-55-54-24|69-30-51-71-65-66-20-32|83-45-5-85-6|52-62-63-64-90-10-70
137,13,1288.365,137.8876,117.0,219.1411,0,13,19.916696,19.94462,True,28-12-29-78-34-79-3-77-68-80|95-14-38-86-16-100-37-97-58|52-7-47-36-46-17-60-89|44-5-84-61-85-91-93-96|42-73-21-72-41-22-74-56-4|82-19-11-64-49-48|33-76-81-9-35-50|2-75-23-67-39-25-55-54-24|15-40-53-26|31-88-62-63-90-32-10-70-1|27-69-30-51-71-65-66-20|83-45-8-18|92-98-59-99-6-94-87-57-43-13
138,13,1288.365,137.8876,117.0,219.1411,0,13,19.916696,19.94462,True,28-12-29-78-34-79-3-77-68-80|95-14-38-86-16-100-37-97-58|52-7-47-36-46-17-60-89|44-5-84-61-85-91-93-96|42-73-21-72-41-22-74-56-4|82-19-11-64-49-48|33-76-81-9-35-50|2-75-23-67-39-25-55-54-24|15-40-53-26|31-88-62-63-90-32-10-70-1|27-69-30-51-71-65-66-20|83-45-8-18|92-98-59-99-6-94-87-57-43-13
139,13,1289.6342,165.5718,112.0,223.4054,0,13,20.297444,20.330042,True,28-12-29-78-34-79-3-77-68|95-14-38-86-16-100-37-97-58|52-88-7-47-36-46-17-60-89|98-44-61-84-85-91-93-96|21-73-72-75-41-22-74-56-4|82-62-11-64-49-48|76-33-81-9-51-50|2-23-67-39-25-55-54-24-80|42-15-40-53-26|27-31-19-63-90-10-66-70-1|69-30-71-65-35-20-32|5-83-45-8-18|92-59-99-6-94-87-57-43-13
140,14,1291.9407,326.2445,99.0,219.2026,0,14,32.614905,32.670665,True,5-83-82-8-45-84-93|11-64-49-36-46-48|2-42-15-57-87-100-37-97-13|95-92-98-44-14-38-86-17-60-89|21-73-72-22-75-56-25-55-54|39-67-23-74-4-24|27-69-30-51-71-65-66-20-70-1|28-12-76-29-79-3-77-50|31-88-62-63-90-32-10|33-78-81-9-35-34-68-80|59-99-85-61-16-91-96|52-47-19-7-26|18-6-94|53-40-41-43-58
141,14,1291.9407,326.2445,99.0,219.2026,0,14,32.614905,32.670665,True,5-83-82-8-45-84-93|11-64-49-36-46-48|2-42-15-57-87-100-37-97-13|95-92-98-44-14-38-86-17-60-89|21-73-72-22-75-56-25-55-54|39-67-23-74-4-24|27-69-30-51-71-65-66-20-70-1|28-12-76-29-79-3-77-50|31-88-62-63-90-32-10|33-78-81-9-35-34-68-80|59-99-85-61-16-91-96|52-47-19-7-26|18-6-94|53-40-41-43-58
142,13,1292.0532,159.1725,86.0,221.0058,0,13,21.02316,21.052564,True,28-12-29-78-34-79-3-77-68-24|83-45-5-84-61-85-91-93-96|21-73-75-41-22-74-56-4|82-19-11-64-49-46-48|98-44-42-15-57-43-58|2-72-23-67-39-25-55-54-80|52-31-88-62-63-90-32-10-70-1|27-69-30-71-65-66-20-35|95-92-59-99-6-94-87-13|33-76-53-40-26|47-36-7-18-8-17-60-89|14-38-86-16-100-37-97|51-9-81-50
143,13,1292.0532,159.1725,86.0,221.0058,0,13,21.02316,21.052564,True,28-12-29-78-34-79-3-77-68-24|83-45-5-84-61-85-91-93-96|21-73-75-41-22-74-56-4|82-19-11-64-49-46-48|98-44-42-15-57-43-58|2-72-23-67-39-25-55-54-80|52-31-88-62-63-90-32-10-70-1|27-69-30-71-65-66-20-35|95-92-59-99-6-94-87-13|33-76-53-40-26|47-36-7-18-8-17-60-89|14-38-86-16-100-37-97|51-9-81-50
144,15,1294.0361,408.2662,89.0,219.2026,0,15,44.91816,44.986152,True,12-79-29-24-55-25-4|45-5-99-59-94-6|52-7-19-47-48|83-82-8-18|11-64-49-36-46|2-15-57-87-100-93-97-13|42-14-38-86-16-84-17-60-89|21-73-72-75-22-41-43-58|39-67-23-56-74|53-40-54-26|27-69-30-51-71-65-66-20-70-1|28-76-3-77-50|31-88-62-63-90-32-10|33-78-81-9-35-34-68-80|95-92-98-61-85-44-91-37-96
145,15,1294.0361,408.2662,89.0,219.2026,0,15,44.91816,44.986152,True,12-79-29-24-55-25-4|45-5-99-59-94-6|52-7-19-47-48|83-82-8-18|11-64-49-36-46|2-15-57-87-100-93-97-13|42-14-38-86-16-84-17-60-89|21-73-72-75-22-41-43-58|39-67-23-56-74|53-40-54-26|27-69-30-51-71-65-66-20-70-1|28-76-3-77-50|31-88-62-63-90-32-10|33-78-81-9-35-34-68-80|95-92-98-61-85-44-91-37-96
146,13,1297.928,199.9342,85.0,215.648,0,13,22.785596,22.821972,True,28-12-76-79-29-78-34-35-1|2-42-98-85-61-84-17-60-89|31-88-7-82-18-8-46-48|83-45-5-57-87-97-13-58|40-21-73-22-41-74-56-4|52-19-47-36-49|33-51-9-81-50-3-77-68|15-44-86-16-91-93-96|59-99-6-94-53-26-24-80|72-75-23-67-39-25-55-54|27-69-30-71-65-66-20-32-70|62-11-64-63-90-10|95-92-14-38-43-100-37
147,13,1297.928,199.9342,85.0,215.648,0,13,22.785596,22.821972,True,28-12-76-79-29-78-34-35-1|2-42-98-85-61-84-17-60-89|31-88-7-82-18-8-46-48|83-45-5-57-87-97-13-58|40-21-73-22-41-74-56-4|52-19-47-36-49|33-51-9-81-50-3-77-68|15-44-86-16-91-93-96|59-99-6-94-53-26-24-80|72-75-23-67-39-25-55-54|27-69-30-71-65-66-20-32-70|62-11-64-63-90-10|95-92-14-38-43-100-37
148,13,1299.6317,203.52,69.0,223.4054,0,13,23.296712,23.333701,True,12-29-78-34-79-3-77-68|95-42-15-38-14-100-37-97-58|52-7-47-36-46-89|21-73-72-75-41-22-74-56-4|82-19-11-64-49-48|28-76-33-81-9-51-50|2-23-67-39-25-55-54-24-80|44-57-40-53-26|31-88-62-63-90-32-10-70-1|27-69-30-71-65-66-20-35|5-83-45-8-18-84-93-96|92-59-61-6-94-87-43-91-13|99-98-85-16-86-17-60
149,13,1299.6317,203.52,69.0,223.4054,0,13,23.296712,23.333701,True,12-29-78-34-79-3-77-68|95-42-15-38-14-100-37-97-58|52-7-47-36-46-89|21-73-72-75-41-22-74-56-4|82-19-11-64-49-48|28-76-33-81-9-51-50|2-23-67-39-25-55-54-24-80|44-57-40-53-26|31-88-62-63-90-32-10-70-1|27-69-30-71-65-66-20-35|5-83-45-8-18-84-93-96|92-59-61-6-94-87-43-91-13|99-98-85-16-86-17-60
150,13,1300.1907,137.0514,159.0,224.5662,0,13,23.464408,23.500769,True,12-29-78-34-79-3-77-68-80|95-92-98-85-61-16-86-91-100-37-93|83-82-47-36-46-8-17-60-89|39-40-73-41-22-74-56-4|52-19-11-64-49-48|21-72-75-23-67-25-55-54-24|2-15-42-87-94-53-26|31-88-7-62-10-90-32-70-1|27-69-30-71-65-66-20-35|5-45-18-84-99-6-96-97-13|63-51-33-81-9-50|59-44-38-14-43-57-58|28-76
151,13,1300.2572,130.7589,164.0,224.5662,0,13,23.484355,23.520292,True,28-12-29-78-34-79-3-77-68-80|95-92-98-85-61-16-86-91-100-37-93|82-47-36-46-8-17-60-89|5-83-45-84-99-96-6|39-40-73-41-22-74-56-4|59-44-38-14-43-57-97-13-58|21-72-75-23-67-25-55-54-24|31-88-7-62-10-90-32-70-1|27-69-30-71-65-66-20-35|2-15-42-87-94-53|33-76-81-9-51-50-26|52-19-63-64-49-48|11-18
152,13,1301.0572,187.6058,99.0,219.6662,0,13,23.72435,23.761819,True,28-12-29-78-34-79-3-77-68|95-14-38-86-16-100-37-97|52-7-47-36-46-17-60-89|44-5-84-61-85-91-93-96|82-19-11-64-49-48|76-33-81-9-51-50-54|2-73-41-39-4-55-24-80|31-88-62-63-90-32-10-70-1|27-69-30-71-65-66-20-35|83-45-8-18|92-98-59-99-6-94-87-57-43-13|21-72-75-23-67-25-56-74-58|42-15-22-40-53-26
153,13,1301.0572,187.6058,99.0,219.6662,0,13,23.72435,23.761819,True,28-12-29-78-34-79-3-77-68|95-14-38-86-16-100-37-97|52-7-47-36-46-17-60-89|44-5-84-61-85-91-93-96|82-19-11-64-49-48|76-33-81-9-51-50-54|2-73-41-39-4-55-24-80|31-88-62-63-90-32-10-70-1|27-69-30-71-65-66-20-35|83-45-8-18|92-98-59-99-6-94-87-57-43-13|21-72-75-23-67-25-56-74-58|42-15-22-40-53-26
154,12,1303.3165,91.6903,127.0,229.5849,0,12,24.402128,24.429875,True,28-12-29-78-34-79-3-77-68|14-99-85-61-16-86-91-37-100-93|95-59-83-45-84-6-94-96|2-15-42-87-73-22-74-56-4|31-62-11-64-49-48|76-33-81-51-20-50-1|5-98-44-38-43-57-97-13-58|72-75-23-67-39-25-55-54-24-80|27-69-30-9-71-65-66-35|47-36-19-63-90-32-10-70|92-21-40-53-41-26|52-88-7-82-18-8-46-17-60-89
155,15,1303.5804,444.0961,84.0,219.2026,0,15,50.292655,50.368384,True,12-79-29-24-55-25-4|18-6-87-13|52-7-19-47-48|5-83-82-8-45-84-93|11-64-49-36-46|21-2-57-15-43-100-97|95-92-98-44-14-38-86-17-60-89|40-73-75-22-41-58|72-23-67-39-56-74|94-53-26-54|27-69-30-51-71-65-66-20-70-1|28-76-3-77-50|31-88-62-63-90-32-10|33-78-81-9-35-34-68-80|42-59-99-61-16-85-91-37-96
156,15,1303.5804,444.0961,84.0,219.2026,0,15,50.292655,50.368384,True,12-79-29-24-55-25-4|18-6-87-13|52-7-19-47-48|5-83-82-8-45-84-93|11-64-49-36-46|21-2-57-15-43-100-97|95-92-98-44-14-38-86-17-60-89|40-73-75-22-41-58|72-23-67-39-56-74|94-53-26-54|27-69-30-51-71-65-66-20-70-1|28-76-3-77-50|31-88-62-63-90-32-10|33-78-81-9-35-34-68-80|42-59-99-61-16-85-91-37-96
157,13,1308.6942,183.9449,112.0,216.9096,0,13,26.015458,26.055555,True,12-76-79-29-78-34-35-1|2-42-44-16-61-84-17-60-89|27-31-88-7-82-8-46-48|83-5-99-59-92-87-57-97-96-13-58|95-98-40-21-73-22-41-74-56-4|52-19-47-36-49|28-33-51-9-81-50-3-77-68-80|15-14-38-86-91-100-37-93|6-94-53-26|72-75-23-67-39-25-55-54-24|69-30-71-65-66-20-70|45-18-85-43|62-11-64-63-90-32-10
158,13,1308.6942,183.9449,112.0,216.9096,0,13,26.015458,26.055555,True,12-76-79-29-78-34-35-1|2-42-44-16-61-84-17-60-89|27-31-88-7-82-8-46-48|83-5-99-59-92-87-57-97-96-13-58|95-98-40-21-73-22-41-74-56-4|52-19-47-36-49|28-33-51-9-81-50-3-77-68-80|15-14-38-86-91-100-37-93|6-94-53-26|72-75-23-67-39-25-55-54-24|69-30-71-65-66-20-70|45-18-85-43|62-11-64-63-90-32-10
159,13,1309.7426,133.393,136.0,219.6662,0,13,26.329962,26.365605,True,95-92-98-85-61-16-86-91-100-37-93|82-47-36-46-8-17-60-89|5-83-45-84-99-96|21-73-39-41-22-74-56-4|52-19-11-64-49-48|29-33-51-9-34-50|59-44-38-14-43-57-97-13-58|72-75-23-67-55-25-24-68-80|2-15-42-87-40-53-26|31-88-7-62-10-90-32-70-1|27-69-30-71-65-66-20-35|63-18-6-94|28-12-76-81-78-79-3-77-54
160,13,1309.7426,133.393,136.0,219.6662,0,13,26.329962,26.365605,True,95-92-98-85-61-16-86-91-100-37-93|82-47-36-46-8-17-60-89|5-83-45-84-99-96|21-73-39-41-22-74-56-4|52-19-11-64-49-48|29-33-51-9-34-50|59-44-38-14-43-57-97-13-58|72-75-23-67-55-25-24-68-80|2-15-42-87-40-53-26|31-88-7-62-10-90-32-70-1|27-69-30-71-65-66-20-35|63-18-6-94|28-12-76-81-78-79-3-77-54
161,13,1310.2779,152.2056,93.0,227.2242,0,13,26.490568,26.526027,True,28-12-29-78-34-79-3-77-68|95-98-40-21-73-22-41-74-56-4|31-62-11-64-49-46-48|76-33-81-51-20-50|14-16-38-43-57-13-58|72-75-23-67-39-25-55-54-24-80|27-69-30-9-71-65-66-35|47-36-19-63-90-32-10-70-1|2-15-42-44-87-97-96|52-88-8-45-84-17-60-89|83-82-7-18-53-26|59-92-94-86-91-100-37-93|5-61-85-99-6
162,15,1310.5989,413.2246,77.0,217.7304,0,15,45.661921,45.734205,True,28-12-79-29-24-55-25-4|11-64-49-36-46|2-57-15-43-37-100-91-93|42-14-44-38-86-84-17-60-89|21-73-72-75-41-22-74-58|39-67-23-56-54-26|69-30-51-71-65-66-20-70|76-68-3-50|52-31-88-62-63-90-32-10|33-78-81-9-35-34-77-80|59-98-16-61-85-99-96-6|27-95-92-87-97-13|94-40-53-1|83-82-19-7-18|5-45-8-47-48
163,15,1310.5989,413.2246,77.0,217.7304,0,15,45.661921,45.734205,True,28-12-79-29-24-55-25-4|11-64-49-36-46|2-57-15-43-37-100-91-93|42-14-44-38-86-84-17-60-89|21-73-72-75-41-22-74-58|39-67-23-56-54-26|69-30-51-71-65-66-20-70|76-68-3-50|52-31-88-62-63-90-32-10|33-78-81-9-35-34-77-80|59-98-16-61-85-99-96-6|27-95-92-87-97-13|94-40-53-1|83-82-19-7-18|5-45-8-47-48
164,13,1316.9818,201.2392,64.0,228.7666,0,13,28.501729,28.543885,True,12-29-78-34-79-3-77-68|92-14-38-86-16-6-37-13|52-7-47-36-46-17-60-89|73-72-75-41-22-74-56-4|82-19-11-64-49-48|28-76-33-81-9-51-50|21-23-67-39-25-55-54-24-80|2-15-87-94-53-26|31-88-62-63-90-32-10-70-1|27-69-30-71-65-66-20-35|5-83-45-8-18-84-96-93-100|95-98-59-99-42-43-57-97-91-58|44-61-85-40
165,13,1316.9818,201.2392,64.0,228.7666,0,13,28.501729,28.543885,True,12-29-78-34-79-3-77-68|92-14-38-86-16-6-37-13|52-7-47-36-46-17-60-89|73-72-75-41-22-74-56-4|82-19-11-64-49-48|28-76-33-81-9-51-50|21-23-67-39-25-55-54-24-80|2-15-87-94-53-26|31-88-62-63-90-32-10-70-1|27-69-30-71-65-66-20-35|5-83-45-8-18-84-96-93-100|95-98-59-99-42-43-57-97-91-58|44-61-85-40
166,13,1325.5943,205.9606,82.0,219.6662,0,13,31.085496,31.131379,True,28-12-76-79-78-34-50-1|2-42-14-61-84-17-60-89|27-31-88-7-82-18-8-46-48|83-45-5-92-87-57-97-13-58|40-21-73-22-41-74-56-4|52-19-47-36-49-10|29-33-51-9-81-3-77-68|15-16-44-38-43-100-93|59-99-6-94-53-26-24-80|72-75-23-67-39-25-55-54|62-11-64-63-90-32-70|95-98-85-86-91-37-96|69-30-71-65-66-20-35
167,13,1325.5943,205.9606,82.0,219.6662,0,13,31.085496,31.131379,True,28-12-76-79-78-34-50-1|2-42-14-61-84-17-60-89|27-31-88-7-82-18-8-46-48|83-45-5-92-87-57-97-13-58|40-21-73-22-41-74-56-4|52-19-47-36-49-10|29-33-51-9-81-3-77-68|15-16-44-38-43-100-93|59-99-6-94-53-26-24-80|72-75-23-67-39-25-55-54|62-11-64-63-90-32-70|95-98-85-86-91-37-96|69-30-71-65-66-20-35
168,16,1325.7069,462.369,122.0,207.0856,0,16,53.033588,53.120979,True,28-12-29-78-79-3-77|95-44-38-86-16-100-37-97|52-7-47-36-46-60-89|5-84-61-85-91-93-96|21-73-72-75-41-22-74-56-4|82-19-11-64-49-48|76-33-81-9-51-50|59-14-42-15-43-57-58|2-23-67-39-25-55-24-80|31-88-62-63-90-32-10-70-1|27-69-30-66-20|83-18|92-98-99-6-94-87-13|8-45-17|53-40-54-26|71-65-35-34-68
169,16,1325.7069,462.369,122.0,207.0856,0,16,53.033588,53.120979,True,28-12-29-78-79-3-77|95-44-38-86-16-100-37-97|52-7-47-36-46-60-89|5-84-61-85-91-93-96|21-73-72-75-41-22-74-56-4|82-19-11-64-49-48|76-33-81-9-51-50|59-14-42-15-43-57-58|2-23-67-39-25-55-24-80|31-88-62-63-90-32-10-70-1|27-69-30-66-20|83-18|92-98-99-6-94-87-13|8-45-17|53-40-54-26|71-65-35-34-68
170,13,1325.9051,153.208,110.0,223.4054,0,13,31.178711,31.220136,True,52-12-76-3-68-77-50|95-92-98-85-61-16-86-91-100-37-93|82-47-36-46-8-17-60-89|5-83-45-84-99-96|21-73-39-41-22-74-56-4|31-88-19-64-49-48|59-44-38-14-43-57-97-13-58|72-75-23-67-25-55-54-24-80|2-15-42-87-40-53-26|62-11-7-18-6-94|33-71-65-66-20-10-32-70|27-69-63-90-30-9-35-1|28-29-78-79-81-51-34
171,13,1325.9051,153.208,110.0,223.4054,0,13,31.178711,31.220136,True,52-12-76-3-68-77-50|95-92-98-85-61-16-86-91-100-37-93|82-47-36-46-8-17-60-89|5-83-45-84-99-96|21-73-39-41-22-74-56-4|31-88-19-64-49-48|59-44-38-14-43-57-97-13-58|72-75-23-67-25-55-54-24-80|2-15-42-87-40-53-26|62-11-7-18-6-94|33-71-65-66-20-10-32-70|27-69-63-90-30-9-35-1|28-29-78-79-81-51-34
172,13,1327.7183,140.6714,98.0,224.5662,0,13,31.722679,31.761741,True,12-29-78-34-79-3-77-68-80|82-47-36-46-8-17-60-89|39-40-73-41-22-74-56-4|52-19-11-64-49-48|28-76-33-81-9-51-50|92-44-38-14-43-57-97-13-58|21-72-75-23-67-25-55-54-24|2-15-42-87-53-26|31-88-7-62-10-90-32-70-1|27-69-30-71-65-66-20-35|63-18-85-6|95-5-99-84-16-86-91-37-100-93|83-45-61-98-59-96-94
173,13,1327.9844,147.3323,116.0,216.9096,0,13,31.802497,31.84329,True,12-29-78-34-79-3-77-68-80|40-21-73-22-41-74-56-4|31-62-11-64-49-46-48|28-76-33-81-51-20-50-1|72-75-23-67-39-25-55-54-24|27-69-30-9-71-65-66-35|47-36-19-10-90-32-70|14-44-61-85-53-26|52-88-7-82-8-84-17-60-89|63-45-18-6|59-42-2-57-15-43-37-100-91-93|83-5-16-86-99-94-96|95-92-98-38-87-97-13-58
174,13,1327.9844,147.3323,116.0,216.9096,0,13,31.802497,31.84329,True,12-29-78-34-79-3-77-68-80|40-21-73-22-41-74-56-4|31-62-11-64-49-46-48|28-76-33-81-51-20-50-1|72-75-23-67-39-25-55-54-24|27-69-30-9-71-65-66-35|47-36-19-10-90-32-70|14-44-61-85-53-26|52-88-7-82-8-84-17-60-89|63-45-18-6|59-42-2-57-15-43-37-100-91-93|83-5-16-86-99-94-96|95-92-98-38-87-97-13-58
175,13,1328.8322,133.9536,96.0,223.4054,0,13,32.056855,32.094869,True,28-12-29-78-34-79-3-77-68|95-14-38-86-16-100-37-97|45-82-18-47-8-17-60-89|52-88-84-61-85-91-93-96|21-73-72-75-41-22-74-56-4|11-64-49-36-46-48|27-69-76-33-81-9-51-50-1|5-44-42-15-43-57-58|2-23-67-39-25-55-54-24-80|83-53-40-26|63-62-7-19-90-10-32-70|31-30-71-65-66-20-35|92-98-59-99-6-94-87-13
176,13,1328.8322,133.9536,96.0,223.4054,0,13,32.056855,32.094869,True,28-12-29-78-34-79-3-77-68|95-14-38-86-16-100-37-97|45-82-18-47-8-17-60-89|52-88-84-61-85-91-93-96|21-73-72-75-41-22-74-56-4|11-64-49-36-46-48|27-69-76-33-81-9-51-50-1|5-44-42-15-43-57-58|2-23-67-39-25-55-54-24-80|83-53-40-26|63-62-7-19-90-10-32-70|31-30-71-65-66-20-35|92-98-59-99-6-94-87-13
177,13,1329.1682,181.0879,80.0,223.4054,0,13,32.157639,32.201224,True,28-12-29-78-34-79-3-77-68|42-98-99-85-38-43-37-100-93|52-7-47-36-46-17-60-89|21-73-72-75-41-22-74-56-4|82-19-11-64-49-48|76-33-81-9-51-50|15-44-87-94-6-58|2-23-67-39-25-55-54-24-80|59-61-95-40-53-26|31-88-62-63-90-32-10-70-1|27-69-30-71-65-66-20-35|5-83-45-8-18-84-91-96|92-16-86-14-57-97-13
178,13,1329.1682,181.0879,80.0,223.4054,0,13,32.157639,32.201224,True,28-12-29-78-34-79-3-77-68|42-98-99-85-38-43-37-100-93|52-7-47-36-46-17-60-89|21-73-72-75-41-22-74-56-4|82-19-11-64-49-48|76-33-81-9-51-50|15-44-87-94-6-58|2-23-67-39-25-55-54-24-80|59-61-95-40-53-26|31-88-62-63-90-32-10-70-1|27-69-30-71-65-66-20-35|5-83-45-8-18-84-91-96|92-16-86-14-57-97-13
179,15,1329.389,402.431,77.0,220.6606,0,15,44.042885,44.119627,True,28-12-79-29-24-55-25-4|11-64-49-36-46|2-57-15-43-100-91-93|42-14-44-38-86-84-17-60-89|21-73-72-75-41-22-74-26|39-67-23-56-54-80|31-30-51-71-65-66-20-70|53-68-3-50|52-88-62-63-90-32-10|69-76-33-81-9-78-34-35-77|59-98-16-61-85-99-96-6|27-95-92-37-97-13-58|40-87-94-1|83-82-19-7-18|5-45-8-47-48
180,15,1329.389,402.431,77.0,220.6606,0,15,44.042885,44.119627,True,28-12-79-29-24-55-25-4|11-64-49-36-46|2-57-15-43-100-91-93|42-14-44-38-86-84-17-60-89|21-73-72-75-41-22-74-26|39-67-23-56-54-80|31-30-51-71-65-66-20-70|53-68-3-50|52-88-62-63-90-32-10|69-76-33-81-9-78-34-35-77|59-98-16-61-85-99-96-6|27-95-92-37-97-13-58|40-87-94-1|83-82-19-7-18|5-45-8-47-48
181,13,1330.7308,197.0755,101.0,215.648,0,13,32.626426,32.673815,True,28-12-76-79-29-78-34-35-1|2-42-14-61-84-17-60-89|31-88-7-82-18-8-46-48|83-45-5-57-87-97-13-58|40-21-73-22-41-74-56-4|52-19-47-36-49-10|33-51-9-81-50-3-77-68|15-44-86-16-43-100-93|59-99-6-94-53-26-24-80|72-75-23-67-39-25-55-54|27-69-30-71-65-66-20-32-70|62-11-64-63-90|95-92-98-85-38-91-37-96
182,13,1330.7308,197.0755,101.0,215.648,0,13,32.626426,32.673815,True,28-12-76-79-29-78-34-35-1|2-42-14-61-84-17-60-89|31-88-7-82-18-8-46-48|83-45-5-57-87-97-13-58|40-21-73-22-41-74-56-4|52-19-47-36-49-10|33-51-9-81-50-3-77-68|15-44-86-16-43-100-93|59-99-6-94-53-26-24-80|72-75-23-67-39-25-55-54|27-69-30-71-65-66-20-32-70|62-11-64-63-90|95-92-98-85-38-91-37-96
183,13,1330.8101,124.036,160.0,219.6662,0,13,32.650216,32.693175,True,95-92-98-85-61-16-86-91-100-37-93|82-47-36-46-8-17-60-89|5-83-45-84-99-96-6|39-40-73-41-22-74-56-4|52-19-11-64-49-48|59-44-38-14-43-57-97-13-58|72-75-23-67-55-25-24-68-80|2-15-42-87-94-53-26|31-88-62-63-90-32-10-70-1|27-69-30-71-65-66-20-35|33-76-81-34-79-3-50|28-12-29-78-9-51-77-54|21-18-7
184,13,1330.8101,124.036,160.0,219.6662,0,13,32.650216,32.693175,True,95-92-98-85-61-16-86-91-100-37-93|82-47-36-46-8-17-60-89|5-83-45-84-99-96-6|39-40-73-41-22-74-56-4|52-19-11-64-49-48|59-44-38-14-43-57-97-13-58|72-75-23-67-55-25-24-68-80|2-15-42-87-94-53-26|31-88-62-63-90-32-10-70-1|27-69-30-71-65-66-20-35|33-76-81-34-79-3-50|28-12-29-78-9-51-77-54|21-18-7
185,12,1332.579,94.7242,109.0,227.2242,0,12,33.1809,33.215727,True,95-92-98-85-61-16-86-91-100-37-93|5-83-45-84-99-96-6-17|42-2-40-21-73-22-41-74-56-4|33-29-78-79-3-68-20-1|72-75-23-67-39-25-55-54-24-80|27-69-30-9-71-65-66-35-77|47-36-19-10-90-32-70|52-88-7-82-18-8-46-60-89|15-53-94-87-13-26|31-62-11-63-64-49-48|59-44-38-14-43-57-97-58|28-12-76-51-81-34-50
186,12,1332.579,94.7242,109.0,227.2242,0,12,33.1809,33.215727,True,95-92-98-85-61-16-86-91-100-37-93|5-83-45-84-99-96-6-17|42-2-40-21-73-22-41-74-56-4|33-29-78-79-3-68-20-1|72-75-23-67-39-25-55-54-24-80|27-69-30-9-71-65-66-35-77|47-36-19-10-90-32-70|52-88-7-82-18-8-46-60-89|15-53-94-87-13-26|31-62-11-63-64-49-48|59-44-38-14-43-57-97-58|28-12-76-51-81-34-50
187,14,1335.8159,275.8287,121.0,215.4186,0,14,34.151959,34.214951,True,88-82-18-6-94|52-19-47-8-84|27-11-64-49-36-46-48|72-21-2-57-15-43-97-13|42-14-38-44-16-86-17-60-89|12-33-81-65-66-20-1|39-67-23-75-22-41-56-74-58|30-51-9-79-3-50|40-73-55-25-24-68-80|28-29-78-71-35-34-77|95-92-59-61-85-98-87-37-100-91-93|83-45-5-99-96|53-76-26-4-54|69-31-7-62-63-90-10-32-70
188,14,1335.8159,275.8287,121.0,215.4186,0,14,34.151959,34.214951,True,88-82-18-6-94|52-19-47-8-84|27-11-64-49-36-46-48|72-21-2-57-15-43-97-13|42-14-38-44-16-86-17-60-89|12-33-81-65-66-20-1|39-67-23-75-22-41-56-74-58|30-51-9-79-3-50|40-73-55-25-24-68-80|28-29-78-71-35-34-77|95-92-59-61-85-98-87-37-100-91-93|83-45-5-99-96|53-76-26-4-54|69-31-7-62-63-90-10-32-70
189,13,1337.9556,127.0557,92.0,224.5662,0,13,34.793883,34.833374,True,12-29-78-34-79-3-77-68-80|82-47-36-46-8-17-60-89|83-45-5-59-61-84-93-100|39-40-73-41-22-74-56-4|52-19-11-64-49-48|28-76-33-81-9-51-50|95-92-98-44-38-43-57-97-13-58|21-72-75-23-67-25-55-54-24|2-15-42-87-53-26|31-88-7-62-10-90-32-70-1|27-69-30-71-65-66-20-35|63-18-6-94|14-16-86-99-85-91-37-96
190,13,1337.9556,127.0557,92.0,224.5662,0,13,34.793883,34.833374,True,12-29-78-34-79-3-77-68-80|82-47-36-46-8-17-60-89|83-45-5-59-61-84-93-100|39-40-73-41-22-74-56-4|52-19-11-64-49-48|28-76-33-81-9-51-50|95-92-98-44-38-43-57-97-13-58|21-72-75-23-67-25-55-54-24|2-15-42-87-53-26|31-88-7-62-10-90-32-70-1|27-69-30-71-65-66-20-35|63-18-6-94|14-16-86-99-85-91-37-96
191,15,1338.4801,386.4482,84.0,212.5584,0,15,41.645467,41.722023,True,12-78-29-68-24-55-4|11-64-49-36-46|2-57-15-43-37-100-91-93|42-14-44-38-86-84-17-60-89|21-73-72-75-41-22-74-80|39-67-23-56-25-54|27-69-30-51-71-65-66-20-70|28-76-3-9-50|52-31-88-62-63-90-32-10|79-33-81-35-34-77|59-98-16-61-85-99-96-6|95-92-94-87-97-13-58|53-40-26-1|82-19-7-18|5-83-45-8-47-48
192,15,1338.4801,386.4482,84.0,212.5584,0,15,41.645467,41.722023,True,12-78-29-68-24-55-4|11-64-49-36-46|2-57-15-43-37-100-91-93|42-14-44-38-86-84-17-60-89|21-73-72-75-41-22-74-80|39-67-23-56-25-54|27-69-30-51-71-65-66-20-70|28-76-3-9-50|52-31-88-62-63-90-32-10|79-33-81-35-34-77|59-98-16-61-85-99-96-6|95-92-94-87-97-13-58|53-40-26-1|82-19-7-18|5-83-45-8-47-48
193,13,1340.2077,170.3983,72.0,226.2584,0,13,35.469491,35.514413,True,12-29-78-34-79-3-77-68-80|5-47-36-46-8-17-60-89|83-45-38-86-84-37-100-91-93|39-40-73-41-22-74-56-4|52-19-11-64-49-48|28-76-33-81-9-51-50|99-85-59-94-58|21-72-75-23-67-25-55-54-24|2-42-15-57-87-53-26|31-88-62-63-90-32-10-70-1|27-69-30-71-65-66-20-35|95-92-98-18-82-7|14-44-16-61-6-96-97-43-13
194,13,1340.2077,170.3983,72.0,226.2584,0,13,35.469491,35.514413,True,12-29-78-34-79-3-77-68-80|5-47-36-46-8-17-60-89|83-45-38-86-84-37-100-91-93|39-40-73-41-22-74-56-4|52-19-11-64-49-48|28-76-33-81-9-51-50|99-85-59-94-58|21-72-75-23-67-25-55-54-24|2-42-15-57-87-53-26|31-88-62-63-90-32-10-70-1|27-69-30-71-65-66-20-35|95-92-98-18-82-7|14-44-16-61-6-96-97-43-13
195,15,1340.5611,419.5282,76.0,216.7752,0,15,46.607463,46.689438,True,28-12-29-24-55-25-4|11-64-49-36-46|2-57-15-43-37-100-91-93|42-14-38-86-16-84-17-60-89|21-73-72-75-41-22-74|39-67-23-56-54-26|69-30-51-71-65-66-20-70|76-3-79-50-35|52-31-88-62-63-90-32-10|33-81-9-78-34-77-68-80|59-98-44-61-85-99-96-6|27-95-92-87-97-13-58|94-40-53-1|83-82-19-7-18|5-45-8-47-48
196,15,1340.5611,419.5282,76.0,216.7752,0,15,46.607463,46.689438,True,28-12-29-24-55-25-4|11-64-49-36-46|2-57-15-43-37-100-91-93|42-14-38-86-16-84-17-60-89|21-73-72-75-41-22-74|39-67-23-56-54-26|69-30-51-71-65-66-20-70|76-3-79-50-35|52-31-88-62-63-90-32-10|33-81-9-78-34-77-68-80|59-98-44-61-85-99-96-6|27-95-92-87-97-13-58|94-40-53-1|83-82-19-7-18|5-45-8-47-48
197,13,1342.7883,177.1577,115.0,216.9096,0,13,36.243678,36.293285,True,28-12-76-79-29-78-34-35-1|42-44-86-16-61-84-17-89|83-45-5-99-59-87-57-97-13-58|92-98-40-21-73-22-41-74-56-4|33-51-9-81-50-3-77-68-80|2-15-14-38-43-100-37-93|72-75-23-67-39-25-55-54-24|27-69-30-71-65-66-20-70|52-62-11-63-90-32-10|95-88-19-64-49-48|31-7-82-18-8-46-60|6-94-53-26|47-36-85-91-96
198,13,1342.7883,177.1577,115.0,216.9096,0,13,36.243678,36.293285,True,28-12-76-79-29-78-34-35-1|42-44-86-16-61-84-17-89|83-45-5-99-59-87-57-97-13-58|92-98-40-21-73-22-41-74-56-4|33-51-9-81-50-3-77-68-80|2-15-14-38-43-100-37-93|72-75-23-67-39-25-55-54-24|27-69-30-71-65-66-20-70|52-62-11-63-90-32-10|95-88-19-64-49-48|31-7-82-18-8-46-60|6-94-53-26|47-36-85-91-96
199,15,1342.936,406.3044,76.0,216.7752,0,15,44.623896,44.704599,True,28-12-29-24-55-25-4|11-64-49-36-46|2-57-15-43-37-100-91-93|42-14-38-86-16-84-17-60-89|21-73-72-75-41-22-74|39-67-23-56-54-26|31-30-51-71-65-66-20-70|76-3-79-50-35|52-88-62-63-90-32-10|69-33-81-9-78-34-77-68-80|59-98-44-61-85-99-96-6|27-95-92-87-97-13-58|94-40-53-1|83-82-19-7-18|5-45-8-47-48
200,15,1342.936,406.3044,76.0,216.7752,0,15,44.623896,44.704599,True,28-12-29-24-55-25-4|11-64-49-36-46|2-57-15-43-37-100-91-93|42-14-38-86-16-84-17-60-89|21-73-72-75-41-22-74|39-67-23-56-54-26|31-30-51-71-65-66-20-70|76-3-79-50-35|52-88-62-63-90-32-10|69-33-81-9-78-34-77-68-80|59-98-44-61-85-99-96-6|27-95-92-87-97-13-58|94-40-53-1|83-82-19-7-18|5-45-8-47-48
201,13,1344.1619,117.9619,180.0,225.0347,0,13,36.65576,36.704619,True,28-12-29-78-34-79-3-77-68-80|95-92-98-99-85-61-16-86-91-37-100-93|82-47-36-46-8-48-17-60-89|39-40-73-41-22-74-56-4|59-44-38-14-43-57-97-13-58|21-72-75-23-67-25-55-54-24|52-31-88-62-63-90-32-10-70|27-69-30-51-71-65-66-20-1|5-83-45-84-18-6-96|2-15-42-87-94-53-26|11-7-64-49|33-76-81-9-35-50|19
202,13,1344.1619,117.9619,180.0,225.0347,0,13,36.65576,36.704619,True,28-12-29-78-34-79-3-77-68-80|95-92-98-99-85-61-16-86-91-37-100-93|82-47-36-46-8-48-17-60-89|39-40-73-41-22-74-56-4|59-44-38-14-43-57-97-13-58|21-72-75-23-67-25-55-54-24|52-31-88-62-63-90-32-10-70|27-69-30-51-71-65-66-20-1|5-83-45-84-18-6-96|2-15-42-87-94-53-26|11-7-64-49|33-76-81-9-35-50|19
203,15,1344.5616,404.945,102.0,210.893,0,15,44.419987,44.502692,True,28-12-78-29-68-80-54-4|11-64-49-36-46|2-57-15-43-37-100-91-93|42-14-38-86-84-17-60-89|21-73-72-75-41-22-74-26|39-67-23-56-25-55-24|69-30-51-71-65-66-20-70|76-3-9-50|52-31-88-62-63-90-32-10|79-33-81-35-34-77|59-98-44-16-61-85-99-6-96|27-95-92-87-97-13-58|94-40-53-1|19-7-82-18|5-83-45-8-47-48
204,15,1344.5616,404.945,102.0,210.893,0,15,44.419987,44.502692,True,28-12-78-29-68-80-54-4|11-64-49-36-46|2-57-15-43-37-100-91-93|42-14-38-86-84-17-60-89|21-73-72-75-41-22-74-26|39-67-23-56-25-55-24|69-30-51-71-65-66-20-70|76-3-9-50|52-31-88-62-63-90-32-10|79-33-81-35-34-77|59-98-44-16-61-85-99-6-96|27-95-92-87-97-13-58|94-40-53-1|19-7-82-18|5-83-45-8-47-48
205,15,1348.601,360.593,120.0,212.4617,0,15,37.987487,38.066786,True,28-12-29-79-3-68-24-54-4|18-6-94|83-5-84-99|11-64-49-36-46-48|21-2-57-15-43-97-13|42-14-38-44-16-86-17-60-89|31-63-71-65-66-20-1|39-67-23-75-22-41-56-74-58|69-30-51-34-78-50-80|73-72-55-25-26|27-76-33-81-9-35-77|95-59-92-98-85-61-91-100-37-93|82-19-47-45-8-96|87-40-53|52-88-7-62-10-90-32-70
206,15,1348.601,360.593,120.0,212.4617,0,15,37.987487,38.066786,True,28-12-29-79-3-68-24-54-4|18-6-94|83-5-84-99|11-64-49-36-46-48|21-2-57-15-43-97-13|42-14-38-44-16-86-17-60-89|31-63-71-65-66-20-1|39-67-23-75-22-41-56-74-58|69-30-51-34-78-50-80|73-72-55-25-26|27-76-33-81-9-35-77|95-59-92-98-85-61-91-100-37-93|82-19-47-45-8-96|87-40-53|52-88-7-62-10-90-32-70
207,14,1348.9131,267.6299,109.0,214.0754,0,14,38.081121,38.145411,True,12-29-78-34-9-35-1|94-61-85-91-100-37-93|5-83-45-84-99-96-6|2-40-21-73-22-41-74-56-4|28-76-33-81-79-3-50|27-69-30-51-71-65-66-20-70|52-31-88-7-18-8-17-60-89|95-59-16-44-14-43-57-58|92-98-42-87-86-97-13|62-11-19-47-36-49-46-48|72-75-23-67-55-25-26|82-64-63-90-32-10|39-54-24-80-68-77|15-38-53
208,14,1348.9131,267.6299,109.0,214.0754,0,14,38.081121,38.145411,True,12-29-78-34-9-35-1|94-61-85-91-100-37-93|5-83-45-84-99-96-6|2-40-21-73-22-41-74-56-4|28-76-33-81-79-3-50|27-69-30-51-71-65-66-20-70|52-31-88-7-18-8-17-60-89|95-59-16-44-14-43-57-58|92-98-42-87-86-97-13|62-11-19-47-36-49-46-48|72-75-23-67-55-25-26|82-64-63-90-32-10|39-54-24-80-68-77|15-38-53
209,13,1349.3177,188.7301,101.0,215.648,0,13,38.20251,38.254222,True,28-12-76-79-29-78-34-35-1|2-42-14-61-84-17-60-89|31-88-7-82-18-8-46-48|83-45-5-92-87-57-97-13-58|95-40-21-73-22-41-74-56-4|52-19-47-36-49-10|33-51-9-81-50-3-77-68|15-44-86-16-43-100-93|59-99-6-94-53-26-24-80|72-75-23-67-39-25-55-54|27-69-30-71-65-66-20-32-70|62-11-64-63-90|98-85-38-91-37-96
210,13,1349.3177,188.7301,101.0,215.648,0,13,38.20251,38.254222,True,28-12-76-79-29-78-34-35-1|2-42-14-61-84-17-60-89|31-88-7-82-18-8-46-48|83-45-5-92-87-57-97-13-58|95-40-21-73-22-41-74-56-4|52-19-47-36-49-10|33-51-9-81-50-3-77-68|15-44-86-16-43-100-93|59-99-6-94-53-26-24-80|72-75-23-67-39-25-55-54|27-69-30-71-65-66-20-32-70|62-11-64-63-90|98-85-38-91-37-96
211,13,1350.715,116.0139,142.0,225.0347,0,13,38.62169,38.668423,True,28-12-29-78-34-79-3-77-68-80|95-92-98-99-85-61-16-86-91-37-100-93|82-47-36-46-8-48-17-60-89|39-40-73-41-22-74-56-4|59-44-38-14-43-57-97-13-58|21-72-75-23-67-25-55-54-24|2-15-42-87-94-53-26|52-88-62-63-90-32-10-70|27-69-30-51-71-65-66-20-1|5-45-84-18-6-96|83-19-31|11-7-64-49|33-76-81-9-35-50
212,13,1350.715,116.0139,142.0,225.0347,0,13,38.62169,38.668423,True,28-12-29-78-34-79-3-77-68-80|95-92-98-99-85-61-16-86-91-37-100-93|82-47-36-46-8-48-17-60-89|39-40-73-41-22-74-56-4|59-44-38-14-43-57-97-13-58|21-72-75-23-67-25-55-54-24|2-15-42-87-94-53-26|52-88-62-63-90-32-10-70|27-69-30-51-71-65-66-20-1|5-45-84-18-6-96|83-19-31|11-7-64-49|33-76-81-9-35-50
213,14,1351.1702,322.6955,99.0,214.0754,0,14,38.758261,38.830489,True,12-29-33-78-9-35-1|36-83-61-85-91-100-37-93|5-45-84-99-96-6|2-40-21-73-22-41-74-56-4|28-76-81-34-79-3-50|72-75-23-67-39-25-55-24-80|27-69-30-51-71-65-66-20-70|82-47-63-90-32-10|52-88-7-18-8-46-60-89|31-62-19-11-64-49-48|95-59-16-44-38-14-43-58|92-98-42-15-57-87-94-97-13|26-54-68-77|53-86-17
214,14,1351.1702,322.6955,99.0,214.0754,0,14,38.758261,38.830489,True,12-29-33-78-9-35-1|36-83-61-85-91-100-37-93|5-45-84-99-96-6|2-40-21-73-22-41-74-56-4|28-76-81-34-79-3-50|72-75-23-67-39-25-55-24-80|27-69-30-51-71-65-66-20-70|82-47-63-90-32-10|52-88-7-18-8-46-60-89|31-62-19-11-64-49-48|95-59-16-44-38-14-43-58|92-98-42-15-57-87-94-97-13|26-54-68-77|53-86-17
215,13,1352.5435,167.1161,86.0,218.4234,0,13,39.170242,39.218596,True,2-42-14-61-84-17-60-89|31-88-7-82-18-8-46-48|83-45-5-57-87-97-13-58|33-51-9-81-50-3-77-68|15-44-86-16-43-100-93|52-59-99-6-94-53-26-24-80|72-75-23-67-39-25-55-54|27-69-30-71-65-66-20-32-70|95-92-98-85-38-91-37-96|47-36-19-11-90-10|40-21-73-22-41-74-56-4|62-63-64-49|28-12-76-79-29-78-34-35-1
216,13,1352.5435,167.1161,86.0,218.4234,0,13,39.170242,39.218596,True,2-42-14-61-84-17-60-89|31-88-7-82-18-8-46-48|83-45-5-57-87-97-13-58|33-51-9-81-50-3-77-68|15-44-86-16-43-100-93|52-59-99-6-94-53-26-24-80|72-75-23-67-39-25-55-54|27-69-30-71-65-66-20-32-70|95-92-98-85-38-91-37-96|47-36-19-11-90-10|40-21-73-22-41-74-56-4|62-63-64-49|28-12-76-79-29-78-34-35-1
217,13,1352.8398,180.7199,88.0,216.9814,0,13,39.259129,39.309597,True,28-12-76-29-79-3-68-24-4|5-83-45-84-99-94-6|11-64-49-36-46-48|21-2-57-15-43-97-13|42-14-38-44-16-86-17-60-89|31-51-71-65-66-20-1|39-67-23-75-22-41-56-74-58|62-63-30-50-78-80-54|27-69-33-81-9-35-34-77|95-59-92-98-85-61-91-100-37-93|52-82-8-18-96-26|72-73-87-40-53-55-25|47-19-7-88-10-90-32-70
218,13,1352.8398,180.7199,88.0,216.9814,0,13,39.259129,39.309597,True,28-12-76-29-79-3-68-24-4|5-83-45-84-99-94-6|11-64-49-36-46-48|21-2-57-15-43-97-13|42-14-38-44-16-86-17-60-89|31-51-71-65-66-20-1|39-67-23-75-22-41-56-74-58|62-63-30-50-78-80-54|27-69-33-81-9-35-34-77|95-59-92-98-85-61-91-100-37-93|52-82-8-18-96-26|72-73-87-40-53-55-25|47-19-7-88-10-90-32-70
219,15,1352.9928,397.9916,77.0,214.7711,0,15,43.376982,43.459255,True,12-79-29-24-55-25-4|11-64-49-36-46|2-57-15-43-100-91-93|42-14-44-38-86-84-17-60-89|21-73-72-75-22-41-26|39-67-23-56-74-54-80|31-30-51-71-65-66-20|28-76-68-3-50|52-88-62-63-90-32-10|33-81-9-78-34-35-77|59-98-16-61-85-99-96-6|27-69-95-92-87-37-97-13-58|53-40-94-70-1|83-82-19-7-18|5-45-8-47-48
220,15,1352.9928,397.9916,77.0,214.7711,0,15,43.376982,43.459255,True,12-79-29-24-55-25-4|11-64-49-36-46|2-57-15-43-100-91-93|42-14-44-38-86-84-17-60-89|21-73-72-75-22-41-26|39-67-23-56-74-54-80|31-30-51-71-65-66-20|28-76-68-3-50|52-88-62-63-90-32-10|33-81-9-78-34-35-77|59-98-16-61-85-99-96-6|27-69-95-92-87-37-97-13-58|53-40-94-70-1|83-82-19-7-18|5-45-8-47-48
221,13,1355.0939,121.8692,84.0,224.5662,0,13,39.935366,39.97842,True,28-12-29-78-34-79-3-77-68-80|95-92-98-99-85-61-16-91-100-37-93|82-47-36-46-8-17-60-89|39-40-73-41-22-74-56-4|59-44-38-14-43-57-97-13-58|21-72-75-23-67-25-55-54-24|2-15-42-87-94-53-26|52-88-62-63-90-32-10-70|27-69-30-51-71-65-66-20-1|5-83-45-84-18-6-96|11-7-64-49-48|33-76-81-9-35-50|31-19-86
222,13,1355.0939,121.8692,84.0,224.5662,0,13,39.935366,39.97842,True,28-12-29-78-34-79-3-77-68-80|95-92-98-99-85-61-16-91-100-37-93|82-47-36-46-8-17-60-89|39-40-73-41-22-74-56-4|59-44-38-14-43-57-97-13-58|21-72-75-23-67-25-55-54-24|2-15-42-87-94-53-26|52-88-62-63-90-32-10-70|27-69-30-51-71-65-66-20-1|5-83-45-84-18-6-96|11-7-64-49-48|33-76-81-9-35-50|31-19-86
223,15,1355.9716,376.5067,100.0,212.5584,0,15,40.198663,40.280575,True,28-12-78-29-68-24-55-4|11-64-49-36-46|2-57-15-43-37-100-91-93|42-14-38-86-16-84-17-60-89|21-73-72-75-41-22-74-54-80|39-67-23-56-26-25|27-69-30-51-71-65-66-20-70|76-3-50|52-31-88-62-63-90-32-10|33-79-81-9-35-34-77|59-98-44-61-85-99-96-6|95-92-94-87-97-13-58|53-40-1|83-82-19-7-18|5-45-8-47-48
224,15,1355.9716,376.5067,100.0,212.5584,0,15,40.198663,40.280575,True,28-12-78-29-68-24-55-4|11-64-49-36-46|2-57-15-43-37-100-91-93|42-14-38-86-16-84-17-60-89|21-73-72-75-41-22-74-54-80|39-67-23-56-26-25|27-69-30-51-71-65-66-20-70|76-3-50|52-31-88-62-63-90-32-10|33-79-81-9-35-34-77|59-98-44-61-85-99-96-6|95-92-94-87-97-13-58|53-40-1|83-82-19-7-18|5-45-8-47-48
225,15,1356.6673,380.2662,84.0,215.9823,0,15,40.718165,40.799764,True,28-12-79-29-24-55-25-4|11-64-49-36-46|2-57-15-43-100-91-93|42-14-44-38-86-84-17-60-89|21-72-75-41-73-26|39-67-23-56-22-74-54-80|31-30-51-71-65-66-20-70|53-76-68-3-50|52-88-62-63-90-32-10|69-33-78-81-9-35-34-77|59-98-16-61-85-99-96-6|27-95-92-37-97-13-58|40-87-94-1|83-45-82-19-7|5-18-47-8-48
226,15,1356.6673,380.2662,84.0,215.9823,0,15,40.718165,40.799764,True,28-12-79-29-24-55-25-4|11-64-49-36-46|2-57-15-43-100-91-93|42-14-44-38-86-84-17-60-89|21-72-75-41-73-26|39-67-23-56-22-74-54-80|31-30-51-71-65-66-20-70|53-76-68-3-50|52-88-62-63-90-32-10|69-33-78-81-9-35-34-77|59-98-16-61-85-99-96-6|27-95-92-37-97-13-58|40-87-94-1|83-45-82-19-7|5-18-47-8-48
227,14,1358.3589,241.8748,79.0,221.0433,0,14,40.914873,40.976179,True,28-12-76-29-3-24-55-25-4|11-64-49-36-46|2-57-15-43-37-100-91-93|42-14-44-86-16-84-17-60-89|21-73-72-75-41-22-74-68-80|39-67-23-56-54-26|69-30-51-71-65-66-20-70-1|52-31-88-62-63-90-32-10|33-9-81-79-78-34-35-77|59-98-85-61-99-96-6|27-95-92-40-87-97-13-58|83-82-19-7-18-50|5-45-8-47-48|38-94-53
228,14,1358.3589,241.8748,79.0,221.0433,0,14,40.914873,40.976179,True,28-12-76-29-3-24-55-25-4|11-64-49-36-46|2-57-15-43-37-100-91-93|42-14-44-86-16-84-17-60-89|21-73-72-75-41-22-74-68-80|39-67-23-56-54-26|69-30-51-71-65-66-20-70-1|52-31-88-62-63-90-32-10|33-9-81-79-78-34-35-77|59-98-85-61-99-96-6|27-95-92-40-87-97-13-58|83-82-19-7-18-50|5-45-8-47-48|38-94-53
229,13,1358.8214,128.9946,53.0,223.936,0,13,41.053614,41.095661,True,12-29-78-34-79-3-77-68-80|82-47-36-46-8-17-93-60-89|83-45-16-86-38-43-37-100-91|72-39-75-22-41-56-4-26|52-19-11-64-49-48|28-76-33-81-9-51-50|59-98-44-42-15-57-74-58|2-21-73-23-67-25-55-54-24|92-14-85-40-53|31-88-7-62-10-90-32-70-1|27-69-30-71-65-66-20-35|63-18-61-84-96-97-13|5-95-87-99-94-6
230,13,1358.8214,128.9946,53.0,223.936,0,13,41.053614,41.095661,True,12-29-78-34-79-3-77-68-80|82-47-36-46-8-17-93-60-89|83-45-16-86-38-43-37-100-91|72-39-75-22-41-56-4-26|52-19-11-64-49-48|28-76-33-81-9-51-50|59-98-44-42-15-57-74-58|2-21-73-23-67-25-55-54-24|92-14-85-40-53|31-88-7-62-10-90-32-70-1|27-69-30-71-65-66-20-35|63-18-61-84-96-97-13|5-95-87-99-94-6
231,15,1359.3649,396.4964,78.0,220.5935,0,15,43.152692,43.237626,True,28-12-78-29-68-24-55-4|11-64-49-36-46|2-57-15-43-37-100-91-93|42-14-38-86-16-84-17-60-89|21-73-72-75-41-22-74-25-80|39-67-23-56-54-26|69-30-51-71-65-66-20-70|76-3-9-50|31-88-62-63-90-32-10|79-33-81-35-34-77|59-98-44-61-85-99-96-6|27-95-92-87-97-13-58|94-40-53-1|52-82-19-7-18|5-83-45-8-47-48
232,15,1359.3649,396.4964,78.0,220.5935,0,15,43.152692,43.237626,True,28-12-78-29-68-24-55-4|11-64-49-36-46|2-57-15-43-37-100-91-93|42-14-38-86-16-84-17-60-89|21-73-72-75-41-22-74-25-80|39-67-23-56-54-26|69-30-51-71-65-66-20-70|76-3-9-50|31-88-62-63-90-32-10|79-33-81-35-34-77|59-98-44-61-85-99-96-6|27-95-92-87-97-13-58|94-40-53-1|52-82-19-7-18|5-83-45-8-47-48
233,15,1362.3803,399.3217,76.0,220.5935,0,15,43.576493,43.662555,True,12-29-68-24-55-4|11-64-49-36-46|2-57-15-43-37-100-91-93|42-14-38-86-16-84-17-60-89|21-73-72-75-41-22-74-25-80|39-67-23-56-54-26|69-30-51-71-65-66-20-70|28-76-3-9-50|52-31-88-62-63-90-32-10|33-78-79-81-35-34-77|59-98-44-61-85-99-96-6|27-95-92-87-97-13-58|94-40-53-1|83-82-19-7-18|5-45-8-47-48
234,15,1362.3803,399.3217,76.0,220.5935,0,15,43.576493,43.662555,True,12-29-68-24-55-4|11-64-49-36-46|2-57-15-43-37-100-91-93|42-14-38-86-16-84-17-60-89|21-73-72-75-41-22-74-25-80|39-67-23-56-54-26|69-30-51-71-65-66-20-70|28-76-3-9-50|52-31-88-62-63-90-32-10|33-78-79-81-35-34-77|59-98-44-61-85-99-96-6|27-95-92-87-97-13-58|94-40-53-1|83-82-19-7-18|5-45-8-47-48
235,13,1364.4103,132.6352,105.0,215.1516,0,13,42.730277,42.778428,True,12-29-78-34-9-35-1|47-86-16-85-91-100-37-93|5-83-45-84-99-96-6|2-40-21-73-22-41-74-56-4|28-76-33-81-79-3-50|15-72-75-23-25-55-24-80|27-69-30-51-71-65-66-20-70|82-36-63-90-32-10|52-88-7-18-8-46-17-60-89|31-62-19-11-64-49-48|95-92-98-61-44-38-43-97-58|59-14-42-57-87-94-13|39-67-53-26-54-68-77
236,13,1364.4103,132.6352,105.0,215.1516,0,13,42.730277,42.778428,True,12-29-78-34-9-35-1|47-86-16-85-91-100-37-93|5-83-45-84-99-96-6|2-40-21-73-22-41-74-56-4|28-76-33-81-79-3-50|15-72-75-23-25-55-24-80|27-69-30-51-71-65-66-20-70|82-36-63-90-32-10|52-88-7-18-8-46-17-60-89|31-62-19-11-64-49-48|95-92-98-61-44-38-43-97-58|59-14-42-57-87-94-13|39-67-53-26-54-68-77
237,14,1364.5244,289.5016,103.0,215.1516,0,14,42.764502,42.836318,True,28-12-29-78-79-3-50-77-68|47-45-61-85-91-100-37-93|83-5-84-99-96-6|2-40-21-73-22-41-74-56-4|76-33-51-81-34-35-1|72-75-23-67-25-55-24-80|27-69-30-9-71-65-66-20-70|82-36-63-90-32-10|52-88-7-18-8-46-17-60-89|31-62-19-11-64-49-48|95-59-92-98-16-44-14-43-97-58|53-94-87-57-13|42-15-39-54-26|86-38
238,14,1364.5244,289.5016,103.0,215.1516,0,14,42.764502,42.836318,True,28-12-29-78-79-3-50-77-68|47-45-61-85-91-100-37-93|83-5-84-99-96-6|2-40-21-73-22-41-74-56-4|76-33-51-81-34-35-1|72-75-23-67-25-55-24-80|27-69-30-9-71-65-66-20-70|82-36-63-90-32-10|52-88-7-18-8-46-17-60-89|31-62-19-11-64-49-48|95-59-92-98-16-44-14-43-97-58|53-94-87-57-13|42-15-39-54-26|86-38
239,15,1365.1869,389.4771,77.0,220.6606,0,15,42.963273,43.04881,True,28-12-79-29-24-55-25-4|11-64-49-36-46|2-57-15-43-100-91-93|42-14-44-38-86-84-17-60-89|21-73-72-75-22-41-26|39-67-23-56-74-54-80|31-30-51-71-65-66-20|53-68-3-50|52-88-62-63-90-32-10|76-33-81-9-78-34-35-77|59-98-16-61-85-99-96-6|27-69-95-92-87-37-97-13-58|40-94-18-70-1|83-45-82-19-7|5-8-47-48
240,15,1365.1869,389.4771,77.0,220.6606,0,15,42.963273,43.04881,True,28-12-79-29-24-55-25-4|11-64-49-36-46|2-57-15-43-100-91-93|42-14-44-38-86-84-17-60-89|21-73-72-75-22-41-26|39-67-23-56-74-54-80|31-30-51-71-65-66-20|53-68-3-50|52-88-62-63-90-32-10|76-33-81-9-78-34-35-77|59-98-16-61-85-99-96-6|27-69-95-92-87-37-97-13-58|40-94-18-70-1|83-45-82-19-7|5-8-47-48
241,13,1366.3851,119.509,90.0,227.2242,0,13,43.322721,43.369807,True,12-29-78-34-79-3-77-68|42-2-40-21-73-22-41-74-56-4|31-62-11-64-49-46-48-60-89|28-76-33-81-51-20-50|72-75-23-67-39-25-55-54-24-80|27-69-30-9-71-65-66-35|45-36-19-90-32-10-70-1|61-16-94-53|52-88-7-82-8-84-17-91-100-93|63-47-18-96-37-97-13-58|83-5-57-15-43-26|95-92-98-44-86-87|59-14-38-85-99-6
242,13,1366.3851,119.509,90.0,227.2242,0,13,43.322721,43.369807,True,12-29-78-34-79-3-77-68|42-2-40-21-73-22-41-74-56-4|31-62-11-64-49-46-48-60-89|28-76-33-81-51-20-50|72-75-23-67-39-25-55-54-24-80|27-69-30-9-71-65-66-35|45-36-19-90-32-10-70-1|61-16-94-53|52-88-7-82-8-84-17-91-100-93|63-47-18-96-37-97-13-58|83-5-57-15-43-26|95-92-98-44-86-87|59-14-38-85-99-6
243,13,1366.6846,169.6531,95.0,216.9096,0,13,43.412578,43.466228,True,76-79-78-34-9-35-1|2-42-44-16-61-84-17-60-89|27-31-88-7-82-18-8-46|83-5-99-59-92-87-57-97-13-58|95-98-40-21-73-22-41-74-56-4|52-47-19-64-49-48|28-12-29-33-81-50-3-77-68-80|14-85-38-43-37-100-93|15-94-6-53-26|72-75-23-67-39-25-55-54-24|69-30-51-71-65-66-20-70|62-11-63-90-32-10|36-45-86-91-96
244,14,1366.919,276.3061,88.0,215.0701,0,14,43.482893,43.551935,True,95-92-98-16-86-44-91-100-37-93|59-83-45-84-99-96-6|40-21-73-22-41-74-56-4|31-62-11-64-49-46-48|5-61-14-43-57-13-58|72-75-23-67-39-55-24-54|47-36-19-63-90-32-10-70|2-15-42-87-94-53-26|52-88-7-82-18-8-17-60-89|33-81-34-35-50|28-12-76-29-78-79-3-77-68|27-69-30-51-71-9-80-25|65-66-20-1|85-38-97
245,14,1366.919,276.3061,88.0,215.0701,0,14,43.482893,43.551935,True,95-92-98-16-86-44-91-100-37-93|59-83-45-84-99-96-6|40-21-73-22-41-74-56-4|31-62-11-64-49-46-48|5-61-14-43-57-13-58|72-75-23-67-39-55-24-54|47-36-19-63-90-32-10-70|2-15-42-87-94-53-26|52-88-7-82-18-8-17-60-89|33-81-34-35-50|28-12-76-29-78-79-3-77-68|27-69-30-51-71-9-80-25|65-66-20-1|85-38-97
246,15,1369.137,331.8152,123.0,212.4617,0,15,44.148293,44.229736,True,12-29-79-3-68-24-4|52-7-83-18-6|11-64-49-36-46-48|72-21-2-57-15-43-97-13|42-14-38-44-16-86-17-60-89|69-31-51-71-65-66-20-1|39-67-23-75-22-41-56-74-58|27-63-30-50-78-80-54|40-73-55-25-26|28-76-33-81-9-35-34-77|95-92-98-85-5-61-91-100-37-93|82-47-8-45-84-96|53-87-94|19-62-88-10-90-32-70|59-99
247,15,1369.137,331.8152,123.0,212.4617,0,15,44.148293,44.229736,True,12-29-79-3-68-24-4|52-7-83-18-6|11-64-49-36-46-48|72-21-2-57-15-43-97-13|42-14-38-44-16-86-17-60-89|69-31-51-71-65-66-20-1|39-67-23-75-22-41-56-74-58|27-63-30-50-78-80-54|40-73-55-25-26|28-76-33-81-9-35-34-77|95-92-98-85-5-61-91-100-37-93|82-47-8-45-84-96|53-87-94|19-62-88-10-90-32-70|59-99
248,15,1369.8547,381.2645,78.0,220.5935,0,15,44.363587,44.449383,True,28-12-78-29-68-24-55-4|11-64-49-36-46|2-57-15-43-37-100-91-93|42-14-38-86-16-84-17-60-89|21-73-72-75-41-22-74-25-80|39-67-23-56-54-26|69-30-51-71-65-66-20-70|76-3-9-50|52-31-88-62-63-90-32-10|33-79-81-35-34-77|59-98-44-61-85-99-96-6|27-95-92-87-97-13-58|94-40-53-1|83-82-19-7-18|5-45-8-47-48
249,13,1370.3416,110.5041,93.0,223.4054,0,13,44.509662,44.556312,True,28-12-29-78-34-79-3-77-68|92-14-38-86-85-100-91-97|59-98-44-61-45-8-46-17-60-89|95-21-73-72-75-41-22-74-56-4|31-88-7-64-49-48|76-33-81-9-51-50|42-16-15-43-57-58|2-23-67-39-25-55-54-24-80|52-83-53-40-26|47-36-11-63-90-32-10-70-1|27-69-30-71-65-66-20-35|5-82-18-99-87-37-93-96-13|62-19-84-94-6
250,13,1370.3416,110.5041,93.0,223.4054,0,13,44.509662,44.556312,True,28-12-29-78-34-79-3-77-68|92-14-38-86-85-100-91-97|59-98-44-61-45-8-46-17-60-89|95-21-73-72-75-41-22-74-56-4|31-88-7-64-49-48|76-33-81-9-51-50|42-16-15-43-57-58|2-23-67-39-25-55-54-24-80|52-83-53-40-26|47-36-11-63-90-32-10-70-1|27-69-30-71-65-66-20-35|5-82-18-99-87-37-93-96-13|62-19-84-94-6
251,13,1371.2993,130.776,99.0,219.5998,0,13,44.796976,44.846983,True,12-29-78-34-9-35-1|47-86-16-85-93-37-97|5-83-45-84-99-96-6|2-40-21-73-22-41-74-56-4|28-76-33-81-79-3-50|15-72-75-23-25-55-24-80|27-69-30-51-71-65-66-20-70|82-36-63-90-32-10|52-88-7-18-8-46-17-60-89|31-62-19-11-64-49-48|59-92-98-61-44-38-43-91-100-58|95-14-42-57-87-94-13|39-67-53-26-54-68-77
252,14,1372.1263,285.0813,99.0,214.0754,0,14,45.045079,45.117952,True,12-29-78-34-9-35-1|36-61-85-91-100-37-93|5-83-45-84-99-96-6|2-40-21-73-22-41-74-56-4|28-76-33-81-79-3-50|72-75-23-67-25-55-24-80|27-69-30-51-71-65-66-20-70|82-47-63-90-32-10|52-88-7-18-8-46-60-89|31-62-19-11-64-49-48|95-59-16-44-38-14-43-58|92-98-42-15-57-87-94-97-13|39-54-26-68-77|53-86-17
253,14,1372.1263,285.0813,99.0,214.0754,0,14,45.045079,45.117952,True,12-29-78-34-9-35-1|36-61-85-91-100-37-93|5-83-45-84-99-96-6|2-40-21-73-22-41-74-56-4|28-76-33-81-79-3-50|72-75-23-67-25-55-24-80|27-69-30-51-71-65-66-20-70|82-47-63-90-32-10|52-88-7-18-8-46-60-89|31-62-19-11-64-49-48|95-59-16-44-38-14-43-58|92-98-42-15-57-87-94-97-13|39-54-26-68-77|53-86-17
254,14,1372.1263,285.0813,99.0,214.0754,0,14,45.045079,45.117952,True,12-29-78-34-9-35-1|36-61-85-91-100-37-93|5-83-45-84-99-96-6|2-40-21-73-22-41-74-56-4|28-76-33-81-79-3-50|72-75-23-67-25-55-24-80|27-69-30-51-71-65-66-20-70|82-47-63-90-32-10|52-88-7-18-8-46-60-89|31-62-19-11-64-49-48|95-59-16-44-38-14-43-58|92-98-42-15-57-87-94-97-13|39-54-26-68-77|53-86-17
255,15,1372.9963,377.0509,69.0,214.7711,0,15,45.306079,45.390412,True,28-76-79-29-24-55-25-4|27-11-64-49-36-46|2-57-15-43-100-91-93|42-14-44-38-86-17-60-89|21-72-73-75-22-41-26|39-67-23-56-74-54-80|31-30-51-71-65-66-20|12-68-3-50|52-88-62-63-90-32-10|69-33-81-9-78-34-35-77|59-98-16-61-85-99-96-6|95-92-18-84-37-97-13-58|40-53-87-94-70-1|83-45-82-19-7|5-8-47-48
256,15,1372.9963,377.0509,69.0,214.7711,0,15,45.306079,45.390412,True,28-76-79-29-24-55-25-4|27-11-64-49-36-46|2-57-15-43-100-91-93|42-14-44-38-86-17-60-89|21-72-73-75-22-41-26|39-67-23-56-74-54-80|31-30-51-71-65-66-20|12-68-3-50|52-88-62-63-90-32-10|69-33-81-9-78-34-35-77|59-98-16-61-85-99-96-6|95-92-18-84-37-97-13-58|40-53-87-94-70-1|83-45-82-19-7|5-8-47-48
257,15,1375.051,357.5023,113.0,212.5494,0,15,45.922502,46.008586,True,28-76-12-26-4-54|18-83-6-94|52-5-8-45-84|11-64-49-36-46-48|21-2-57-15-43-97-13|42-14-38-44-16-86-17-60-89|31-33-81-65-66-20-1|39-67-23-75-22-41-56-74-58|63-30-51-9-79-3-50|73-72-55-25-24-68-80|27-29-78-71-35-34-77|95-59-92-98-85-61-91-100-37-93|82-19-47-99-96|87-40-53|69-88-7-62-10-90-32-70
258,15,1375.051,357.5023,113.0,212.5494,0,15,45.922502,46.008586,True,28-76-12-26-4-54|18-83-6-94|52-5-8-45-84|11-64-49-36-46-48|21-2-57-15-43-97-13|42-14-38-44-16-86-17-60-89|31-33-81-65-66-20-1|39-67-23-75-22-41-56-74-58|63-30-51-9-79-3-50|73-72-55-25-24-68-80|27-29-78-71-35-34-77|95-59-92-98-85-61-91-100-37-93|82-19-47-99-96|87-40-53|69-88-7-62-10-90-32-70
259,15,1375.051,357.5023,113.0,212.5494,0,15,45.922502,46.008586,True,28-76-12-26-4-54|18-83-6-94|52-5-8-45-84|11-64-49-36-46-48|21-2-57-15-43-97-13|42-14-38-44-16-86-17-60-89|31-33-81-65-66-20-1|39-67-23-75-22-41-56-74-58|63-30-51-9-79-3-50|73-72-55-25-24-68-80|27-29-78-71-35-34-77|95-59-92-98-85-61-91-100-37-93|82-19-47-99-96|87-40-53|69-88-7-62-10-90-32-70
260,14,1377.1261,216.3234,81.0,213.0908,0,14,46.545008,46.607118,True,29-78-34-79-3-77-68-80|36-84-61-85-91-100-37-93|5-83-18-99-96-6|2-15-41-22-75-56-4-26|28-12-76-33-81-9-51-50-1|23-67-39-25-55-54-24|27-69-30-71-65-66-20-70|82-47-19-63-90-32-10|52-88-7-45-8-60-89|31-62-11-64-49-46-48|59-16-44-14-43-57-74-58|95-92-98-42-87-94-97-13|21-72-73-40-53-35|38-86-17
261,14,1377.1261,216.3234,81.0,213.0908,0,14,46.545008,46.607118,True,29-78-34-79-3-77-68-80|36-84-61-85-91-100-37-93|5-83-18-99-96-6|2-15-41-22-75-56-4-26|28-12-76-33-81-9-51-50-1|23-67-39-25-55-54-24|27-69-30-71-65-66-20-70|82-47-19-63-90-32-10|52-88-7-45-8-60-89|31-62-11-64-49-46-48|59-16-44-14-43-57-74-58|95-92-98-42-87-94-97-13|21-72-73-40-53-35|38-86-17
262,14,1377.1858,238.5513,98.0,212.5494,0,14,46.562925,46.630006,True,82-45-83-5-6-94|21-2-57-15-43-97-13|42-14-38-44-16-86-17-60-89|33-81-65-66-20-1|39-67-23-75-22-41-56-74-58|63-30-51-9-79-3-50|73-72-55-25-24-68-80|28-29-78-71-35-34-77|95-98-92-59-18-85-91-100-37-93|69-31-88-7-62-10-90-32-70|52-19-47-46-8|76-12-53-40-26-4-54|27-11-64-49-36-48|61-87-99-84-96
263,14,1377.1858,238.5513,98.0,212.5494,0,14,46.562925,46.630006,True,82-45-83-5-6-94|21-2-57-15-43-97-13|42-14-38-44-16-86-17-60-89|33-81-65-66-20-1|39-67-23-75-22-41-56-74-58|63-30-51-9-79-3-50|73-72-55-25-24-68-80|28-29-78-71-35-34-77|95-98-92-59-18-85-91-100-37-93|69-31-88-7-62-10-90-32-70|52-19-47-46-8|76-12-53-40-26-4-54|27-11-64-49-36-48|61-87-99-84-96
264,16,1379.631,409.4084,83.0,208.2242,0,16,47.296499,47.388393,True,12-29-78-79-3-77-68|95-42-38-85-91-100-37-93|5-83-45-84-96-6|2-21-73-41-22-74-56-4|28-76-81-34-35-50-1|72-75-23-67-25-55-24-80|33-9-71-65-66-20-70|82-47-19-63-90-32-10|52-18-8-17-60-89|62-64-49-36-46-48|59-44-14-15-43-57-58|53-94-87-97-13|40-39-54-26|92-98-16-86-61-99|69-31-88-11-7|27-30-51
265,16,1379.631,409.4084,83.0,208.2242,0,16,47.296499,47.388393,True,12-29-78-79-3-77-68|95-42-38-85-91-100-37-93|5-83-45-84-96-6|2-21-73-41-22-74-56-4|28-76-81-34-35-50-1|72-75-23-67-25-55-24-80|33-9-71-65-66-20-70|82-47-19-63-90-32-10|52-18-8-17-60-89|62-64-49-36-46-48|59-44-14-15-43-57-58|53-94-87-97-13|40-39-54-26|92-98-16-86-61-99|69-31-88-11-7|27-30-51
266,15,1379.8019,369.4277,113.0,212.4617,0,15,47.347759,47.437043,True,28-12-76-29-79-3-68-24-4|52-18-83-6-94|5-8-45-84|11-64-49-36-46-48|21-2-57-15-43-97-13|42-14-38-44-16-86-17-60-89|27-69-30-51-9-65-66-20-1|39-67-23-75-22-41-56-74-58|63-50-78-80-54|73-72-55-25-26|33-81-71-35-34-77|95-59-92-98-85-61-91-100-37-93|82-19-47-99-96|87-40-53|31-88-7-62-10-90-32-70
267,15,1379.8019,369.4277,113.0,212.4617,0,15,47.347759,47.437043,True,28-12-76-29-79-3-68-24-4|52-18-83-6-94|5-8-45-84|11-64-49-36-46-48|21-2-57-15-43-97-13|42-14-38-44-16-86-17-60-89|27-69-30-51-9-65-66-20-1|39-67-23-75-22-41-56-74-58|63-50-78-80-54|73-72-55-25-26|33-81-71-35-34-77|95-59-92-98-85-61-91-100-37-93|82-19-47-99-96|87-40-53|31-88-7-62-10-90-32-70
268,15,1379.8019,369.4277,113.0,212.4617,0,15,47.347759,47.437043,True,28-12-76-29-79-3-68-24-4|52-18-83-6-94|5-8-45-84|11-64-49-36-46-48|21-2-57-15-43-97-13|42-14-38-44-16-86-17-60-89|27-69-30-51-9-65-66-20-1|39-67-23-75-22-41-56-74-58|63-50-78-80-54|73-72-55-25-26|33-81-71-35-34-77|95-59-92-98-85-61-91-100-37-93|82-19-47-99-96|87-40-53|31-88-7-62-10-90-32-70
269,14,1380.2268,199.7451,132.0,206.8624,0,14,47.475237,47.539957,True,82-47-36-46-8-17-60-89|39-40-73-41-22-74-56-4|95-92-98-44-38-43-57-97-13-58|21-72-75-23-67-25-55-54|2-15-42-87-53|88-62-11-90-32-10-70|27-69-30-9-71-65-66-20-1|5-83-45-84-18|52-7-64-49-48|31-19-16-86-91-37-100|28-12-78-34-35-50|63-51-33-81-79-3-77-68-80|76-29-24-26|59-14-61-85-99-6-94-93-96
270,14,1380.2268,199.7451,132.0,206.8624,0,14,47.475237,47.539957,True,82-47-36-46-8-17-60-89|39-40-73-41-22-74-56-4|95-92-98-44-38-43-57-97-13-58|21-72-75-23-67-25-55-54|2-15-42-87-53|88-62-11-90-32-10-70|27-69-30-9-71-65-66-20-1|5-83-45-84-18|52-7-64-49-48|31-19-16-86-91-37-100|28-12-78-34-35-50|63-51-33-81-79-3-77-68-80|76-29-24-26|59-14-61-85-99-6-94-93-96
271,14,1381.8627,196.1264,67.0,223.1438,0,14,47.966008,48.026618,True,12-29-78-34-79-3-68-24-80|61-85-98-37-100-91-97|82-47-36-46-8-17-93-60-89|39-73-41-22-56-4-26|92-44-38-14-43-57-74-58|21-72-75-23-67-25-55-54|2-15-42-87-40-53|52-88-7-11-90-66-1|27-69-30-71-65-35-20-32-70|5-45-84-6-94-96-13|31-19-83-18|62-63-64-49-10-48|28-76-33-81-9-51-50-77|95-59-16-86-99
272,14,1381.8627,196.1264,67.0,223.1438,0,14,47.966008,48.026618,True,12-29-78-34-79-3-68-24-80|61-85-98-37-100-91-97|82-47-36-46-8-17-93-60-89|39-73-41-22-56-4-26|92-44-38-14-43-57-74-58|21-72-75-23-67-25-55-54|2-15-42-87-40-53|52-88-7-11-90-66-1|27-69-30-71-65-35-20-32-70|5-45-84-6-94-96-13|31-19-83-18|62-63-64-49-10-48|28-76-33-81-9-51-50-77|95-59-16-86-99
273,13,1383.5279,153.2319,101.0,215.1516,0,13,48.465553,48.52213,True,12-29-78-34-79-3-50-77|47-86-61-85-91-100-37-93|5-83-45-84-99-96-6|40-21-73-22-41-74-56-4|28-76-33-81-51-9-35-1|2-15-75-23-25-55-24-80|27-69-30-71-65-66-20-70|82-36-63-90-32-10|52-88-7-18-8-46-17-60-89|31-62-19-11-64-49-48|95-59-16-44-38-57-58|92-98-14-42-87-94-97-43-13|72-39-67-53-26-54-68
274,13,1383.5279,153.2319,101.0,215.1516,0,13,48.465553,48.52213,True,12-29-78-34-79-3-50-77|47-86-61-85-91-100-37-93|5-83-45-84-99-96-6|40-21-73-22-41-74-56-4|28-76-33-81-51-9-35-1|2-15-75-23-25-55-24-80|27-69-30-71-65-66-20-70|82-36-63-90-32-10|52-88-7-18-8-46-17-60-89|31-62-19-11-64-49-48|95-59-16-44-38-57-58|92-98-14-42-87-94-97-43-13|72-39-67-53-26-54-68
275,15,1384.6479,359.0603,120.0,212.4617,0,15,48.801548,48.891431,True,28-12-76-29-79-3-68-24-4|18-6-94|52-5-83-45-8-84|11-64-49-36-46-48|21-2-57-15-43-97-13|42-14-38-44-16-86-17-60-89|31-51-9-65-66-20-1|39-67-23-75-22-41-56-74-58|63-30-50-78-80-54|73-72-55-25-26|27-69-33-81-71-35-34-77|95-59-92-98-85-61-91-100-37-93|82-19-47-99-96|87-40-53|88-7-62-10-90-32-70
276,15,1384.6479,359.0603,120.0,212.4617,0,15,48.801548,48.891431,True,28-12-76-29-79-3-68-24-4|18-6-94|52-5-83-45-8-84|11-64-49-36-46-48|21-2-57-15-43-97-13|42-14-38-44-16-86-17-60-89|31-51-9-65-66-20-1|39-67-23-75-22-41-56-74-58|63-30-50-78-80-54|73-72-55-25-26|27-69-33-81-71-35-34-77|95-59-92-98-85-61-91-100-37-93|82-19-47-99-96|87-40-53|88-7-62-10-90-32-70
277,14,1385.0501,187.1157,172.0,212.4617,0,14,48.922222,48.991334,True,28-12-76-29-78-79-3-24-68|63-11-19-49-36-46-48|72-21-2-57-15-43-97-13|42-14-38-44-16-86-17-60-89|31-51-9-65-66-20-1|39-67-23-75-22-41-56-74-58|64-30-50-80-54-4|27-69-33-81-71-35-34-77|95-59-92-61-85-98-87-37-100-91-93|88-7-62-10-90-32-70|40-73-55-25-26|83-82-47-8-18-6-96|45-5-99-94-53|52-84
278,14,1385.0501,187.1157,172.0,212.4617,0,14,48.922222,48.991334,True,28-12-76-29-78-79-3-24-68|63-11-19-49-36-46-48|72-21-2-57-15-43-97-13|42-14-38-44-16-86-17-60-89|31-51-9-65-66-20-1|39-67-23-75-22-41-56-74-58|64-30-50-80-54-4|27-69-33-81-71-35-34-77|95-59-92-61-85-98-87-37-100-91-93|88-7-62-10-90-32-70|40-73-55-25-26|83-82-47-8-18-6-96|45-5-99-94-53|52-84
279,13,1386.4742,137.1717,99.0,216.0876,0,13,49.349452,49.404444,True,12-29-78-34-9-35-1|47-86-61-85-91-100-37-93|5-83-45-84-99-96-6|42-2-40-21-73-22-41-74-56-4|28-76-33-81-79-3-50|72-75-23-25-55-24-80|27-69-30-51-71-65-66-20-70|82-36-63-90-32-10|52-88-7-18-8-46-17-60-89|31-62-19-11-64-49-48|95-59-16-44-38-57-43-58|92-98-14-15-87-94-97-13|39-67-53-26-54-68-77
280,15,1386.8901,350.983,113.0,212.4617,0,15,49.474216,49.562861,True,28-12-76-29-79-3-24-54-4|88-18-6-94|52-5-83-45-8-84|11-64-49-36-46-48|21-2-57-15-43-97-13|42-14-38-44-16-86-17-60-89|31-51-9-65-66-20-1|39-67-23-75-22-41-56-74-58|63-30-50-78-68-80|73-72-55-25-26|27-69-33-81-71-35-34-77|95-59-92-98-85-61-91-100-37-93|82-19-47-99-96|87-40-53|7-62-10-90-32-70
281,15,1386.8901,350.983,113.0,212.4617,0,15,49.474216,49.562861,True,28-12-76-29-79-3-24-54-4|88-18-6-94|52-5-83-45-8-84|11-64-49-36-46-48|21-2-57-15-43-97-13|42-14-38-44-16-86-17-60-89|31-51-9-65-66-20-1|39-67-23-75-22-41-56-74-58|63-30-50-78-68-80|73-72-55-25-26|27-69-33-81-71-35-34-77|95-59-92-98-85-61-91-100-37-93|82-19-47-99-96|87-40-53|7-62-10-90-32-70
282,15,1386.8901,350.983,113.0,212.4617,0,15,49.474216,49.562861,True,28-12-76-29-79-3-24-54-4|88-18-6-94|52-5-83-45-8-84|11-64-49-36-46-48|21-2-57-15-43-97-13|42-14-38-44-16-86-17-60-89|31-51-9-65-66-20-1|39-67-23-75-22-41-56-74-58|63-30-50-78-68-80|73-72-55-25-26|27-69-33-81-71-35-34-77|95-59-92-98-85-61-91-100-37-93|82-19-47-99-96|87-40-53|7-62-10-90-32-70
283,13,1387.5185,105.1283,99.0,216.0876,0,13,49.662734,49.713232,True,12-29-78-34-9-35-1|47-86-61-85-91-100-37-93|5-83-45-84-99-96-6|42-2-40-21-73-22-41-74-56-4|28-76-33-81-79-3-50|15-72-75-23-25-55-24-80|27-69-30-51-71-65-66-20-70|82-36-63-90-32-10|52-88-7-18-8-46-17-60-89|31-62-19-11-64-49-48|95-59-16-44-38-43-58|92-98-14-57-87-94-97-13|39-67-53-26-54-68-77
284,15,1389.1832,379.4431,85.0,213.0618,0,15,50.162152,50.253044,True,28-12-79-29-24-25-55|11-64-49-36-46|2-57-15-43-100-91-93|42-14-44-38-86-84-17-60-89|21-73-72-75-22-41-26|39-67-23-56-74-4-54-80|31-30-51-71-65-66-20-1|53-76-68-3-50|52-88-62-63-90-32-10|33-81-9-78-34-35-77|59-98-16-61-85-99-96-6|27-69-95-92-18-37-97-13-58|40-87-94-70|83-45-82-19-7|5-8-47-48
285,15,1390.6386,320.9019,65.0,219.6662,0,15,50.598761,50.680299,True,12-79-29-24-26|52-7-47-36-46-60-89|5-98-15-57-87-94-13|31-88-63-10-90-32-70-1|27-69-30-71-65-66-20-35|92-59-18-83-84-17-37-100|2-41-67-25-55-54-4|33-81-9-51-50|62-19-11-64-49-48|73-72-22-75-56-74-58|82-45-8-85-6|42-14-44-38-43-97|39-23-21-40-53|95-99-61-16-86-91-93-96|28-76-78-34-3-77-68-80
286,15,1390.6386,320.9019,65.0,219.6662,0,15,50.598761,50.680299,True,12-79-29-24-26|52-7-47-36-46-60-89|5-98-15-57-87-94-13|31-88-63-10-90-32-70-1|27-69-30-71-65-66-20-35|92-59-18-83-84-17-37-100|2-41-67-25-55-54-4|33-81-9-51-50|62-19-11-64-49-48|73-72-22-75-56-74-58|82-45-8-85-6|42-14-44-38-43-97|39-23-21-40-53|95-99-61-16-86-91-93-96|28-76-78-34-3-77-68-80
287,14,1393.1001,206.2653,126.0,212.4617,0,14,51.337213,51.407013,True,28-12-76-29-79-3-68-24-4|11-64-49-36-46-48|42-14-38-44-16-86-17-60-89|39-67-23-75-22-41-56-74-58|31-63-30-50-78-80-54|27-69-33-81-71-35-34-77|95-59-92-98-85-61-84-91-100-37-93|52-88-7-62-10-90-32-70|72-21-2-15-87-43-97-13|45-99-57-53|51-9-65-66-20-1|82-19-47-8-18-96|40-73-55-25-26|83-5-6-94
288,14,1393.1001,206.2653,126.0,212.4617,0,14,51.337213,51.407013,True,28-12-76-29-79-3-68-24-4|11-64-49-36-46-48|42-14-38-44-16-86-17-60-89|39-67-23-75-22-41-56-74-58|31-63-30-50-78-80-54|27-69-33-81-71-35-34-77|95-59-92-98-85-61-84-91-100-37-93|52-88-7-62-10-90-32-70|72-21-2-15-87-43-97-13|45-99-57-53|51-9-65-66-20-1|82-19-47-8-18-96|40-73-55-25-26|83-5-6-94
289,14,1394.1747,218.8847,119.0,212.4617,0,14,51.659608,51.730923,True,28-12-76-29-79-3-68-24-4|52-82-8-84-94-96|11-64-49-36-46-48|21-2-57-15-43-97-13|42-14-38-44-16-86-17-60-89|31-51-9-65-66-20-1|39-67-23-75-22-41-56-74-58|62-63-30-50-78-80-54|73-72-55-25-26|27-69-33-81-71-35-34-77|95-59-99-92-98-61-85-91-100-37-93|5-87-40-53|45-47-7-10-90-32-70|83-19-88-18-6
290,14,1394.1747,218.8847,119.0,212.4617,0,14,51.659608,51.730923,True,28-12-76-29-79-3-68-24-4|52-82-8-84-94-96|11-64-49-36-46-48|21-2-57-15-43-97-13|42-14-38-44-16-86-17-60-89|31-51-9-65-66-20-1|39-67-23-75-22-41-56-74-58|62-63-30-50-78-80-54|73-72-55-25-26|27-69-33-81-71-35-34-77|95-59-99-92-98-61-85-91-100-37-93|5-87-40-53|45-47-7-10-90-32-70|83-19-88-18-6
291,15,1394.4125,336.6866,118.0,212.4617,0,15,51.73095,51.820207,True,28-12-76-29-79-3-68-24-4|88-7-6-94|52-5-83-45-8-84|11-64-49-36-46-48|21-2-57-15-43-97-13|42-14-38-44-16-86-17-60-89|31-51-81-9-66-20-1|39-67-23-75-22-41-56-74-58|63-30-50-78-80-54|73-72-55-25-26|27-69-33-71-65-35-34-77|95-59-92-98-85-61-91-100-37-93|82-18-99-96|87-40-53|47-19-62-10-90-32-70
292,15,1394.4125,336.6866,118.0,212.4617,0,15,51.73095,51.820207,True,28-12-76-29-79-3-68-24-4|88-7-6-94|52-5-83-45-8-84|11-64-49-36-46-48|21-2-57-15-43-97-13|42-14-38-44-16-86-17-60-89|31-51-81-9-66-20-1|39-67-23-75-22-41-56-74-58|63-30-50-78-80-54|73-72-55-25-26|27-69-33-71-65-35-34-77|95-59-92-98-85-61-91-100-37-93|82-18-99-96|87-40-53|47-19-62-10-90-32-70
293,13,1394.5279,137.8643,87.0,223.1063,0,13,51.765563,51.822928,True,12-76-79-78-34-35-1|15-44-16-61-84-17-60-89|27-31-88-7-82-8-46-48-58|83-45-99-59-87-57-37-97-13|40-21-73-22-41-74-56-4|52-11-19-47-49|28-29-33-51-9-81-3-77-68-80|2-42-14-86-38-43-100-91-93|5-98-92-95-94-53-26-24|72-75-23-67-39-25-55-54|69-30-71-65-66-20-32-70|36-18-85-6-96|62-64-63-90-10-50
294,13,1394.5279,137.8643,87.0,223.1063,0,13,51.765563,51.822928,True,12-76-79-78-34-35-1|15-44-16-61-84-17-60-89|27-31-88-7-82-8-46-48-58|83-45-99-59-87-57-37-97-13|40-21-73-22-41-74-56-4|52-11-19-47-49|28-29-33-51-9-81-3-77-68-80|2-42-14-86-38-43-100-91-93|5-98-92-95-94-53-26-24|72-75-23-67-39-25-55-54|69-30-71-65-66-20-32-70|36-18-85-6-96|62-64-63-90-10-50
295,15,1394.6573,385.1243,89.0,212.908,0,15,51.80437,51.898133,True,28-12-78-29-24-54-68|11-64-49-36-46|2-41-15-43-37-100-91-93|42-14-38-86-16-84-17-60-89|73-22-39-56-25-55-80|21-72-75-23-67-4-26|69-30-51-71-65-66-20-70|76-3-9-50|52-31-88-62-63-90-32-10|79-33-81-35-34-77|59-98-44-61-85-99-96-6|27-95-92-57-87-97-13-74-58|94-40-53-1|83-82-19-7-18|5-45-8-47-48
296,15,1394.6573,385.1243,89.0,212.908,0,15,51.80437,51.898133,True,28-12-78-29-24-54-68|11-64-49-36-46|2-41-15-43-37-100-91-93|42-14-38-86-16-84-17-60-89|73-22-39-56-25-55-80|21-72-75-23-67-4-26|69-30-51-71-65-66-20-70|76-3-9-50|52-31-88-62-63-90-32-10|79-33-81-35-34-77|59-98-44-61-85-99-96-6|27-95-92-57-87-97-13-74-58|94-40-53-1|83-82-19-7-18|5-45-8-47-48
297,13,1396.0519,118.0574,87.0,215.648,0,13,52.222752,52.276484,True,12-76-79-78-34-35-1|95-42-14-44-16-61-86-17-91-93|27-31-88-7-82-8-46-48-60-89|59-83-45-84-99-94-6|92-98-40-21-73-22-41-74-56-4|52-11-19-47-49|28-29-33-51-9-81-3-77-68-80|2-15-38-43-57-97-13-58|5-87-53-26-24|72-75-23-67-39-25-55-54|69-30-71-65-66-20-32-70|36-18-85-100-37-96|62-64-63-90-10-50
298,13,1396.0519,118.0574,87.0,215.648,0,13,52.222752,52.276484,True,12-76-79-78-34-35-1|95-42-14-44-16-61-86-17-91-93|27-31-88-7-82-8-46-48-60-89|59-83-45-84-99-94-6|92-98-40-21-73-22-41-74-56-4|52-11-19-47-49|28-29-33-51-9-81-3-77-68-80|2-15-38-43-57-97-13-58|5-87-53-26-24|72-75-23-67-39-25-55-54|69-30-71-65-66-20-32-70|36-18-85-100-37-96|62-64-63-90-10-50
299,14,1398.4876,192.1919,117.0,212.4617,0,14,52.953484,53.021889,True,28-12-76-79-3-68-24-54-4|11-64-49-36-46-48|21-72-57-15-43-97-13|2-42-14-44-38-86-17-60-89|31-30-51-9-65-66-20-1|39-67-23-75-22-41-56-74-58|47-19-63-78-50-80|27-29-33-81-71-35-34-77|83-16-92-87-85-91-100-37-93|45-82-7-62-10-90-32-70|40-73-55-25-26|95-59-6-53|5-98-61-84-99-96-94|69-52-88-8-18
300,14,1398.4876,192.1919,117.0,212.4617,0,14,52.953484,53.021889,True,28-12-76-79-3-68-24-54-4|11-64-49-36-46-48|21-72-57-15-43-97-13|2-42-14-44-38-86-17-60-89|31-30-51-9-65-66-20-1|39-67-23-75-22-41-56-74-58|47-19-63-78-50-80|27-29-33-81-71-35-34-77|83-16-92-87-85-91-100-37-93|45-82-7-62-10-90-32-70|40-73-55-25-26|95-59-6-53|5-98-61-84-99-96-94|69-52-88-8-18
301,15,1399.2109,327.7223,115.0,212.4617,0,15,53.170446,53.259498,True,12-29-79-3-68-24-54-4|11-64-49-36-46-48|72-21-2-57-15-43-97-13|42-14-44-38-86-84-17-60-89|51-9-65-66-20-1|39-67-23-75-22-41-56-74-58|88-31-30-81-78-50-80|27-69-33-71-35-34-77|83-45-92-98-16-91-100-37-93|52-7-62-63-90-10-32-70|40-73-55-25-26|28-76-53-6|5-59-95-87-99-96-94|82-19-47-8-18|85-61
302,15,1399.2109,327.7223,115.0,212.4617,0,15,53.170446,53.259498,True,12-29-79-3-68-24-54-4|11-64-49-36-46-48|72-21-2-57-15-43-97-13|42-14-44-38-86-84-17-60-89|51-9-65-66-20-1|39-67-23-75-22-41-56-74-58|88-31-30-81-78-50-80|27-69-33-71-35-34-77|83-45-92-98-16-91-100-37-93|52-7-62-63-90-10-32-70|40-73-55-25-26|28-76-53-6|5-59-95-87-99-96-94|82-19-47-8-18|85-61
303,15,1399.2109,327.7223,115.0,212.4617,0,15,53.170446,53.259498,True,12-29-79-3-68-24-54-4|11-64-49-36-46-48|72-21-2-57-15-43-97-13|42-14-44-38-86-84-17-60-89|51-9-65-66-20-1|39-67-23-75-22-41-56-74-58|88-31-30-81-78-50-80|27-69-33-71-35-34-77|83-45-92-98-16-91-100-37-93|52-7-62-63-90-10-32-70|40-73-55-25-26|28-76-53-6|5-59-95-87-99-96-94|82-19-47-8-18|85-61
304,13,1400.3856,125.5717,85.0,222.063,0,13,53.522883,53.579804,True,12-76-79-29-78-34-35-1|2-44-86-16-61-84-17-60-89|31-88-7-82-8-46-48-58|83-45-99-59-87-57-97-13|92-98-40-21-73-22-41-74-56-4|52-11-19-47-49|28-33-51-9-81-3-77-68-80|15-42-14-38-43-37-100-91-93|5-95-94-6-53-26-24|72-75-23-67-39-25-55-54|27-69-30-71-65-66-20-32-70|36-18-85-96|62-64-63-90-10-50
305,13,1400.3856,125.5717,85.0,222.063,0,13,53.522883,53.579804,True,12-76-79-29-78-34-35-1|2-44-86-16-61-84-17-60-89|31-88-7-82-8-46-48-58|83-45-99-59-87-57-97-13|92-98-40-21-73-22-41-74-56-4|52-11-19-47-49|28-33-51-9-81-3-77-68-80|15-42-14-38-43-37-100-91-93|5-95-94-6-53-26-24|72-75-23-67-39-25-55-54|27-69-30-71-65-66-20-32-70|36-18-85-96|62-64-63-90-10-50
306,13,1401.307,115.181,86.0,229.747,0,13,53.799282,53.856174,True,2-42-44-16-61-84-17-91-93-60-89|27-31-88-7-82-8-46-48-58|83-45-99-92-59-87-57-97-13|95-98-40-21-73-22-41-74-56-4|28-29-33-9-81-3-77-68-24-80|69-30-51-71-65-66-20-32-70|47-36-18-85-100-37-96|52-5-6-94-53-26|72-75-23-67-39-25-55-54|62-11-63-90-78-34-35-1|15-14-86-38-43|19-64-49-10|12-76-79-50
307,13,1401.307,115.181,86.0,229.747,0,13,53.799282,53.856174,True,2-42-44-16-61-84-17-91-93-60-89|27-31-88-7-82-8-46-48-58|83-45-99-92-59-87-57-97-13|95-98-40-21-73-22-41-74-56-4|28-29-33-9-81-3-77-68-24-80|69-30-51-71-65-66-20-32-70|47-36-18-85-100-37-96|52-5-6-94-53-26|72-75-23-67-39-25-55-54|62-11-63-90-78-34-35-1|15-14-86-38-43|19-64-49-10|12-76-79-50
308,15,1402.0526,334.7132,109.0,212.4617,0,15,54.022957,54.11331,True,28-12-76-29-79-3-68-24-4|88-18-99-94-6|52-5-83-45-8-84-96|11-64-49-36-46-48|21-2-57-15-43-97-13|95-14-38-44-16-86-17-60-89|31-51-9-65-66-20-1|39-67-23-75-22-41-56-74-58|63-30-50-78-80-54|73-72-55-25-26|27-69-33-81-71-35-34-77|59-92-42-98-85-61-91-100-37-93|82-47-19|87-40-53|7-62-10-90-32-70
309,13,1402.0792,164.2742,97.0,212.4617,0,13,54.030946,54.093941,True,28-12-76-29-79-3-68-24-4|52-5-83-45-8-84-96|11-64-49-36-46-48|42-14-38-44-16-86-17-60-89|31-51-9-65-66-20-1|39-67-23-75-22-41-56-74-58|62-63-30-50-78-80-54|2-15-73-72-55-25-26|27-69-33-81-71-35-34-77|95-92-59-99-98-85-61-91-100-37-93|82-47-7-88-90-10-32-70|21-40-53-87-57-97|19-18-6-94-43-13
310,13,1402.0792,164.2742,97.0,212.4617,0,13,54.030946,54.093941,True,28-12-76-29-79-3-68-24-4|52-5-83-45-8-84-96|11-64-49-36-46-48|42-14-38-44-16-86-17-60-89|31-51-9-65-66-20-1|39-67-23-75-22-41-56-74-58|62-63-30-50-78-80-54|2-15-73-72-55-25-26|27-69-33-81-71-35-34-77|95-92-59-99-98-85-61-91-100-37-93|82-47-7-88-90-10-32-70|21-40-53-87-57-97|19-18-6-94-43-13
311,13,1403.1725,120.5667,85.0,225.605,0,13,54.35895,54.416488,True,12-29-78-34-79-3-77-68-80|42-2-40-21-73-22-41-74-56-4|31-62-11-64-49-46-48-60-89|28-76-33-81-51-20-50-1|72-75-23-67-39-25-55-54-24|27-69-30-9-71-65-66-35|47-36-19-10-90-32-70|16-94-53-26-97|52-88-7-82-8-84-17-91-100-93|63-45-18-6-96-37-13-58|83-5-61-15-43-57|59-92-98-44-86-87|95-14-38-85-99
312,13,1406.9863,157.9475,83.0,222.4999,0,13,55.503092,55.566716,True,76-79-78-34-35-1|2-15-42-16-61-84-17-60-89|27-52-88-7-82-8-46-48-58|83-45-18-59-87-57-97-100-13|95-98-40-21-73-22-41-74-56-4|62-11-19-47-36-49|28-29-33-51-9-81-3-77-68|92-44-38-86-14-43-37-91-93|5-12-6-53-26-24-80|72-75-23-67-39-25-55-54|69-30-71-65-66-20-32-70|85-99-96-94|31-64-63-90-10-50
313,13,1406.9863,157.9475,83.0,222.4999,0,13,55.503092,55.566716,True,76-79-78-34-35-1|2-15-42-16-61-84-17-60-89|27-52-88-7-82-8-46-48-58|83-45-18-59-87-57-97-100-13|95-98-40-21-73-22-41-74-56-4|62-11-19-47-36-49|28-29-33-51-9-81-3-77-68|92-44-38-86-14-43-37-91-93|5-12-6-53-26-24-80|72-75-23-67-39-25-55-54|69-30-71-65-66-20-32-70|85-99-96-94|31-64-63-90-10-50
314,13,1409.8514,111.4601,90.0,228.8855,0,13,56.362603,56.421771,True,12-76-79-78-34-35-1|2-42-44-16-61-84-17-91-60-89|27-31-88-7-82-8-46-48-58|83-45-99-92-59-87-57-97-13|95-98-40-21-73-22-41-74-56-4|28-29-33-9-81-3-77-68-24-80|15-14-86-38-43-100-93|69-30-51-71-65-66-20-32-70|36-18-85-37-96|52-5-6-94-53-26|11-63-90-64-49|72-75-23-67-39-25-55-54|47-19-62-10-50
315,13,1409.8514,111.4601,90.0,228.8855,0,13,56.362603,56.421771,True,12-76-79-78-34-35-1|2-42-44-16-61-84-17-91-60-89|27-31-88-7-82-8-46-48-58|83-45-99-92-59-87-57-97-13|95-98-40-21-73-22-41-74-56-4|28-29-33-9-81-3-77-68-24-80|15-14-86-38-43-100-93|69-30-51-71-65-66-20-32-70|36-18-85-37-96|52-5-6-94-53-26|11-63-90-64-49|72-75-23-67-39-25-55-54|47-19-62-10-50
316,13,1410.2521,133.1479,85.0,218.314,0,13,56.48283,56.543285,True,12-29-78-34-79-3-50-68-77|47-86-61-85-91-93-96|5-83-45-84-99-94-6|42-2-40-21-73-22-41-74-56-4|28-76-33-81-51-9-35-1|15-72-75-23-25-55-24-80|27-69-30-71-65-66-20-70|82-36-63-90-32-10|52-88-7-18-8-46-17-60-89|31-62-19-11-64-49-48|59-16-44-38-57-97-58|95-92-98-87-14-43-100-37-13|39-67-53-26-54
317,13,1410.2521,133.1479,85.0,218.314,0,13,56.48283,56.543285,True,12-29-78-34-79-3-50-68-77|47-86-61-85-91-93-96|5-83-45-84-99-94-6|42-2-40-21-73-22-41-74-56-4|28-76-33-81-51-9-35-1|15-72-75-23-25-55-24-80|27-69-30-71-65-66-20-70|82-36-63-90-32-10|52-88-7-18-8-46-17-60-89|31-62-19-11-64-49-48|59-16-44-38-57-97-58|95-92-98-87-14-43-100-37-13|39-67-53-26-54
318,13,1412.2305,112.9592,89.0,228.8855,0,13,57.07633,57.136337,True,28-12-76-29-78-34-35-1|2-38-86-16-84-17-91-100-93|21-72-73-87-57-43-96|27-69-33-9-81-79-3-77-68-24-80|95-42-14-44-98-37-97-13|31-30-51-71-65-66-20-32-70|62-11-63-90-10-50-54|39-75-40-41-22-56-74-58|52-88-18-94-53-26|92-15-23-67-25-55-4|82-47-19-64-49-46-60-89|5-7-8-36-48|83-45-61-85-59-99-6
319,13,1412.2305,112.9592,89.0,228.8855,0,13,57.07633,57.136337,True,28-12-76-29-78-34-35-1|2-38-86-16-84-17-91-100-93|21-72-73-87-57-43-96|27-69-33-9-81-79-3-77-68-24-80|95-42-14-44-98-37-97-13|31-30-51-71-65-66-20-32-70|62-11-63-90-10-50-54|39-75-40-41-22-56-74-58|52-88-18-94-53-26|92-15-23-67-25-55-4|82-47-19-64-49-46-60-89|5-7-8-36-48|83-45-61-85-59-99-6
320,13,1412.6983,93.0544,111.0,227.2242,0,13,57.216679,57.275791,True,28-12-29-78-34-79-3-77-68|42-2-40-21-73-22-41-74-56-4|31-62-11-64-49-46-48-60-89|72-75-23-67-39-25-55-54-24-80|27-69-30-9-71-65-66-35|45-36-19-90-32-10-70-1|52-88-7-82-8-84-17-91-100-93|63-47-18-96-37-97-13-58|95-92-98-44-86-87-57-43|83-38-61-99-6|76-33-81-51-20-50|15-85-5-53-26|14-16-59-94
321,13,1412.6983,93.0544,111.0,227.2242,0,13,57.216679,57.275791,True,28-12-29-78-34-79-3-77-68|42-2-40-21-73-22-41-74-56-4|31-62-11-64-49-46-48-60-89|72-75-23-67-39-25-55-54-24-80|27-69-30-9-71-65-66-35|45-36-19-90-32-10-70-1|52-88-7-82-8-84-17-91-100-93|63-47-18-96-37-97-13-58|95-92-98-44-86-87-57-43|83-38-61-99-6|76-33-81-51-20-50|15-85-5-53-26|14-16-59-94
322,14,1416.9236,143.6921,144.0,212.4617,0,14,58.484273,58.553634,True,28-12-76-29-79-3-68-24-4|11-64-49-36-46-48|72-21-2-57-15-43-97-13|42-14-38-44-16-86-17-60-89|31-51-9-65-66-20-1|39-67-23-75-22-41-56-74-58|63-30-34-78-77-80-54|27-69-33-81-71-35-50|95-59-92-98-85-61-84-91-100-37-93|82-7-88-62-90-32-10-70|5-40-73-55-25-26|47-19-8-18-6-96|83-99-87-94-53|52-45
323,13,1419.0826,114.5362,93.0,221.9016,0,13,59.131969,59.19362,True,12-76-79-78-34-35-1|2-42-44-16-61-84-17-91-60-89|27-31-88-7-82-8-46-48-58|83-45-99-92-59-87-57-97-13|95-98-40-21-73-22-41-74-56-4|28-29-33-51-9-81-3-77-68-80|15-14-86-38-43-37-100-93|69-30-71-65-66-20-32-70|36-18-85-6-96|52-5-94-53-26|11-63-90-64-49|72-75-23-67-39-25-55-54-24|47-19-62-10-50
324,13,1419.0826,114.5362,93.0,221.9016,0,13,59.131969,59.19362,True,12-76-79-78-34-35-1|2-42-44-16-61-84-17-91-60-89|27-31-88-7-82-8-46-48-58|83-45-99-92-59-87-57-97-13|95-98-40-21-73-22-41-74-56-4|28-29-33-51-9-81-3-77-68-80|15-14-86-38-43-37-100-93|69-30-71-65-66-20-32-70|36-18-85-6-96|52-5-94-53-26|11-63-90-64-49|72-75-23-67-39-25-55-54-24|47-19-62-10-50
325,13,1420.6898,102.2324,76.0,224.9143,0,13,59.614139,59.673179,True,28-12-76-79-29-78-34-35-1|2-98-44-86-16-84-17-91-100-93|21-72-73-87-57-43-96|27-69-33-51-9-81-3-77-68-24-80|92-42-14-38-37-97-13|31-30-71-65-66-20-32-70|62-11-63-90-10-50-54|39-40-41-22-56-74-58|52-88-18-94-53-26|95-15-75-23-67-25-55-4|82-47-19-64-49-46-60-89|5-7-8-36-48|83-45-61-85-59-99-6
326,13,1423.2921,80.6919,99.0,219.2026,0,13,60.394828,60.452861,True,28-12-29-78-34-79-3-77-68|47-86-61-85-91-100-37-93|5-83-45-84-99-96-6|42-2-40-21-73-22-41-74-56-4|33-76-81-9-35-50|15-72-75-23-25-55-24-80|27-69-30-51-71-65-66-20-70-1|82-36-63-90-32-10|52-88-7-18-8-46-17-60-89|31-62-19-11-64-49-48|95-59-16-44-38-57-58|92-98-14-87-94-97-43-13|39-67-53-26-54
327,15,1423.312,379.7833,52.0,219.0281,0,15,60.400785,60.499561,True,27-69-63-90-30-20-10|21-72-41-22-75-56-4-26|28-12-76-29-81-78-34-35-1|95-42-38-44-16-84-17-60-89|51-33-79-3-77-50|83-5-98-14-85-96|2-57-15-43-100-93-13|18-99-87-97-74|88-7-47-36-46-48|31-62-19-11-64-49|9-71-65-66-32-70|52-82-8-45-86-91-37|92-59-61-6-94-53|73-23-39-55-24-80-68|40-67-25-54-58
328,15,1423.312,379.7833,52.0,219.0281,0,15,60.400785,60.499561,True,27-69-63-90-30-20-10|21-72-41-22-75-56-4-26|28-12-76-29-81-78-34-35-1|95-42-38-44-16-84-17-60-89|51-33-79-3-77-50|83-5-98-14-85-96|2-57-15-43-100-93-13|18-99-87-97-74|88-7-47-36-46-48|31-62-19-11-64-49|9-71-65-66-32-70|52-82-8-45-86-91-37|92-59-61-6-94-53|73-23-39-55-24-80-68|40-67-25-54-58
329,14,1424.3248,178.0678,134.0,209.427,0,14,60.704631,60.779914,True,95-92-98-99-85-61-16-91-100-37-93|82-47-36-46-8-17-60-89|39-40-73-41-22-74-56-4|59-44-38-14-43-57-97-13-58|72-75-23-67-55-54-26|2-15-42-87-94-53|52-88-62-63-90-32-10-70|27-69-30-9-71-65-66-20-1|5-83-45-84-18-6-96|11-7-64-49-48|31-19-86|28-12-79-34-35-50|21-76-33-81-78-3-77-68-80|51-29-24-25
330,14,1424.3248,178.0678,134.0,209.427,0,14,60.704631,60.779914,True,95-92-98-99-85-61-16-91-100-37-93|82-47-36-46-8-17-60-89|39-40-73-41-22-74-56-4|59-44-38-14-43-57-97-13-58|72-75-23-67-55-54-26|2-15-42-87-94-53|52-88-62-63-90-32-10-70|27-69-30-9-71-65-66-20-1|5-83-45-84-18-6-96|11-7-64-49-48|31-19-86|28-12-79-34-35-50|21-76-33-81-78-3-77-68-80|51-29-24-25
331,14,1424.5943,130.9322,144.0,212.4617,0,14,60.785479,60.855227,True,28-12-76-29-79-3-68-24-4|11-64-49-36-46-48|72-21-2-57-15-43-97-13|42-14-38-44-16-86-17-60-89|31-51-9-65-66-20-1|39-67-23-75-22-41-56-74-58|63-30-50-78-80-54|27-69-33-81-71-35-34-77|95-59-92-98-85-61-84-91-100-37-93|82-88-7-62-10-90-32-70|5-40-73-55-25-26|47-19-8-18-6-96|83-99-87-94-53|45-52
332,14,1427.6267,234.2408,77.0,219.7416,0,14,61.695192,61.775738,True,28-12-79-29-24-55-25-4|11-64-49-36-46|42-14-38-86-16-84-17-60-89|21-73-72-75-22-41-26|39-67-23-56-74-54-80|31-30-51-71-65-66-20|53-76-68-3-50|52-88-62-63-90-32-10|33-78-81-9-35-34-77|59-98-44-61-85-99-96-6|27-69-95-92-57-37-93-97-13-58|15-2-40-87-94-70-1|83-45-82-7-18-91-43-100|5-19-47-8-48
333,14,1427.6267,234.2408,77.0,219.7416,0,14,61.695192,61.775738,True,28-12-79-29-24-55-25-4|11-64-49-36-46|42-14-38-86-16-84-17-60-89|21-73-72-75-22-41-26|39-67-23-56-74-54-80|31-30-51-71-65-66-20|53-76-68-3-50|52-88-62-63-90-32-10|33-78-81-9-35-34-77|59-98-44-61-85-99-96-6|27-69-95-92-57-37-93-97-13-58|15-2-40-87-94-70-1|83-45-82-7-18-91-43-100|5-19-47-8-48
334,13,1428.2263,146.0361,84.0,221.9016,0,13,61.875076,61.943296,True,12-29-79-81-78-34-35-1|2-42-44-16-61-84-17-91-60-89|27-31-88-7-82-8-46-48-58|83-45-99-92-59-87-57-97-13|95-98-40-21-73-22-41-74-56-4|52-11-19-47-49|28-76-33-51-9-3-77-68-80|15-14-86-38-43-37-100-93|5-94-53-26-24|72-75-23-67-39-25-55-54|69-30-71-65-66-20-32-70|36-18-85-6-96|62-64-63-90-10-50
335,13,1428.2263,146.0361,84.0,221.9016,0,13,61.875076,61.943296,True,12-29-79-81-78-34-35-1|2-42-44-16-61-84-17-91-60-89|27-31-88-7-82-8-46-48-58|83-45-99-92-59-87-57-97-13|95-98-40-21-73-22-41-74-56-4|52-11-19-47-49|28-76-33-51-9-3-77-68-80|15-14-86-38-43-37-100-93|5-94-53-26-24|72-75-23-67-39-25-55-54|69-30-71-65-66-20-32-70|36-18-85-6-96|62-64-63-90-10-50
336,13,1428.5691,111.6258,88.0,221.9016,0,13,61.977926,62.041487,True,12-76-79-78-34-35-1|2-42-44-16-61-84-17-91-60-89|31-88-7-82-8-46|83-45-99-92-87-57-97-13-58|95-98-40-21-73-22-41-74-56-4|52-19-47-49-10-48|28-29-33-51-9-81-3-77-68|15-14-86-38-43-37-100-93|5-59-94-53-26-24-80|72-75-23-67-39-25-55-54|27-69-30-71-65-66-20-32-70|36-18-85-6-96|62-11-64-63-90-50
337,13,1428.5691,111.6258,88.0,221.9016,0,13,61.977926,62.041487,True,12-76-79-78-34-35-1|2-42-44-16-61-84-17-91-60-89|31-88-7-82-8-46|83-45-99-92-87-57-97-13-58|95-98-40-21-73-22-41-74-56-4|52-19-47-49-10-48|28-29-33-51-9-81-3-77-68|15-14-86-38-43-37-100-93|5-59-94-53-26-24-80|72-75-23-67-39-25-55-54|27-69-30-71-65-66-20-32-70|36-18-85-6-96|62-11-64-63-90-50
338,15,1435.2824,307.4486,99.0,202.5613,0,15,63.991923,64.08567,True,28-12-76-29-79-3-24-68|52-83-8-45-84-96|11-64-49-36-46-48|2-57-15-43-97-13|42-14-38-44-16-86-17-60-89|73-72-75-67-56-74-58|63-30-51-78-50-80-54|40-21-39-25-55-4|27-69-33-81-71-35-34-77|95-92-59-61-85-98-37-100-91-93|31-62-19-88-18-6|65-9-66-20-10-1|5-99-87-94-53|82-7-47-90-32-70|41-23-22-26
339,15,1435.2824,307.4486,99.0,202.5613,0,15,63.991923,64.08567,True,28-12-76-29-79-3-24-68|52-83-8-45-84-96|11-64-49-36-46-48|2-57-15-43-97-13|42-14-38-44-16-86-17-60-89|73-72-75-67-56-74-58|63-30-51-78-50-80-54|40-21-39-25-55-4|27-69-33-81-71-35-34-77|95-92-59-61-85-98-37-100-91-93|31-62-19-88-18-6|65-9-66-20-10-1|5-99-87-94-53|82-7-47-90-32-70|41-23-22-26
340,14,1435.8353,178.8766,77.0,220.0075,0,14,64.157771,64.232515,True,33-79-29-34-78-68-80-77|82-47-36-46-8-17-60-89|83-45-18-59-84-100-96|72-39-23-41-22-74-56-4|52-19-11-64-49-48|28-69-30-90-63-10-32-20-1|95-92-16-38-43-57-97-13-58|21-73-75-67-25-55-54-24|2-15-42-87-40-26|27-31-88-7-62-70|5-44-98-94-6-53|14-61-86-99-85-91-37-93|65-71-51-81-9-50|12-76-3-35-66
341,14,1435.8353,178.8766,77.0,220.0075,0,14,64.157771,64.232515,True,33-79-29-34-78-68-80-77|82-47-36-46-8-17-60-89|83-45-18-59-84-100-96|72-39-23-41-22-74-56-4|52-19-11-64-49-48|28-69-30-90-63-10-32-20-1|95-92-16-38-43-57-97-13-58|21-73-75-67-25-55-54-24|2-15-42-87-40-26|27-31-88-7-62-70|5-44-98-94-6-53|14-61-86-99-85-91-37-93|65-71-51-81-9-50|12-76-3-35-66
342,14,1437.3329,193.7802,75.0,221.0058,0,14,64.607047,64.684426,True,12-29-78-34-79-3-77-68-24|36-84-61-85-91-100-37-93|5-83-18-99-96-6|2-21-73-22-74-4|28-76-33-81-9-50-1|72-75-67-56-25-55-54-80|27-69-30-51-71-65-66-20-70|82-47-19-63-90-32-10|52-88-7-45-8-17-60-89|31-62-11-64-49-46-48|59-98-16-44-14-43-57-58|95-92-42-15-87-94-97-13|39-23-41-40-53-26|38-86-35
343,14,1437.3329,193.7802,75.0,221.0058,0,14,64.607047,64.684426,True,12-29-78-34-79-3-77-68-24|36-84-61-85-91-100-37-93|5-83-18-99-96-6|2-21-73-22-74-4|28-76-33-81-9-50-1|72-75-67-56-25-55-54-80|27-69-30-51-71-65-66-20-70|82-47-19-63-90-32-10|52-88-7-45-8-17-60-89|31-62-11-64-49-46-48|59-98-16-44-14-43-57-58|95-92-42-15-87-94-97-13|39-23-41-40-53-26|38-86-35
344,13,1441.4003,76.3523,152.0,226.0047,0,13,65.827277,65.896412,True,28-12-76-79-29-78-34-35-1|42-44-86-16-61-84-17-91-60-89|83-45-5-99-59-87-57-97-13-58|92-98-40-21-73-22-41-74-56-4|31-33-51-9-81-3-77-68-24-80|2-15-14-38-43-100-37-93|72-75-23-67-39-25-55-54|27-69-30-71-65-66-20-32-70|52-95-53-94-96-6-26|62-63-90-49-10-48|82-88-7-18-85|64-36-46-8|47-19-11-50
345,13,1441.4003,76.3523,152.0,226.0047,0,13,65.827277,65.896412,True,28-12-76-79-29-78-34-35-1|42-44-86-16-61-84-17-91-60-89|83-45-5-99-59-87-57-97-13-58|92-98-40-21-73-22-41-74-56-4|31-33-51-9-81-3-77-68-24-80|2-15-14-38-43-100-37-93|72-75-23-67-39-25-55-54|27-69-30-71-65-66-20-32-70|52-95-53-94-96-6-26|62-63-90-49-10-48|82-88-7-18-85|64-36-46-8|47-19-11-50
346,14,1442.2204,196.8395,82.0,218.314,0,14,66.073311,66.152911,True,12-29-78-34-79-3-50-68-77|47-36-45-85-91-100-37-93|83-5-84-99-96-6|42-2-73-21-72-22-41-74-56-4|28-76-33-81-51-9-35-1|15-75-23-25-55-24-80|27-69-30-71-65-66-20-70|82-19-63-90-32-10|52-88-7-18-8-46-17-60-89|31-62-11-64-49-48|61-44-38-57-58|95-92-98-14-87-94-97-43-13|39-67-40-53-26-54|59-16-86
347,14,1442.2204,196.8395,82.0,218.314,0,14,66.073311,66.152911,True,12-29-78-34-79-3-50-68-77|47-36-45-85-91-100-37-93|83-5-84-99-96-6|42-2-73-21-72-22-41-74-56-4|28-76-33-81-51-9-35-1|15-75-23-25-55-24-80|27-69-30-71-65-66-20-70|82-19-63-90-32-10|52-88-7-18-8-46-17-60-89|31-62-11-64-49-48|61-44-38-57-58|95-92-98-14-87-94-97-43-13|39-67-40-53-26-54|59-16-86
348,15,1442.9785,300.0334,76.0,210.893,0,15,66.30073,66.394624,True,28-29-67-55-24-4|11-64-49-36-46|2-57-15-43-37-100-91-93|42-14-38-86-16-84-17-60-89|21-73-72-75-41-22-74-26|40-39-56-25-54|69-30-51-71-65-66-20-70|12-76-78-9-3-50-68-80|52-31-88-62-63-90-32-10|33-79-81-35-34-77|59-98-44-61-85-99-96-6|27-95-92-87-97-13-58|23-94-53-1|83-82-19-7-18|5-45-8-47-48
349,15,1442.9785,300.0334,76.0,210.893,0,15,66.30073,66.394624,True,28-29-67-55-24-4|11-64-49-36-46|2-57-15-43-37-100-91-93|42-14-38-86-16-84-17-60-89|21-73-72-75-41-22-74-26|40-39-56-25-54|69-30-51-71-65-66-20-70|12-76-78-9-3-50-68-80|52-31-88-62-63-90-32-10|33-79-81-35-34-77|59-98-44-61-85-99-96-6|27-95-92-87-97-13-58|23-94-53-1|83-82-19-7-18|5-45-8-47-48
350,15,1445.5574,299.8587,113.0,211.918,0,15,67.074397,67.172892,True,28-76-12-26-54-55-4|18-83-6-94|52-5-8-45-84|11-64-49-36-46-48|72-21-2-57-15-43-97-13|42-14-38-44-16-86-17-60-89|31-33-81-65-66-20-1|67-41-22-74-25-58|63-30-51-9-79-3-50|39-23-75-73-56-24-68-80|27-29-78-71-35-34-77|95-59-92-98-85-61-91-100-37-93|82-19-47-99-96|87-40-53|69-88-7-62-10-90-32-70
351,13,1446.0982,98.8369,82.0,229.5175,0,13,67.236636,67.304079,True,12-76-79-78-34-35-1|2-42-14-44-61-84-17-91-60-89|27-31-88-7-82-8-46-48-58|83-45-99-92-59-87-57-97-13|95-98-40-21-73-22-41-74-56-4|52-11-19-47-49|28-29-33-51-9-81-3-68-80|15-86-38-43-100-37-93|5-16-94-53-26-50-77-24|72-75-23-67-39-25-55-54|69-30-71-65-66-20-70|36-18-85-6-96|62-64-63-90-32-10
352,13,1446.0982,98.8369,82.0,229.5175,0,13,67.236636,67.304079,True,12-76-79-78-34-35-1|2-42-14-44-61-84-17-91-60-89|27-31-88-7-82-8-46-48-58|83-45-99-92-59-87-57-97-13|95-98-40-21-73-22-41-74-56-4|52-11-19-47-49|28-29-33-51-9-81-3-68-80|15-86-38-43-100-37-93|5-16-94-53-26-50-77-24|72-75-23-67-39-25-55-54|69-30-71-65-66-20-70|36-18-85-6-96|62-64-63-90-32-10
353,13,1446.7272,71.1317,132.0,229.5849,0,13,67.425356,67.493842,True,95-92-98-44-86-16-85-91-100-37-93|59-5-45-84-99-96-94-97-58|47-21-41-74-56-4|31-62-19-11-64-49-48|72-75-23-67-39-25-55-54-24-80|83-36-63-90-32-10|14-2-40-73-22-26|52-88-7-82-18-8-46-17-60-89|33-71-81-34-35-50|28-12-76-29-78-79-3-77-68|27-69-30-51-9-65-66-20-70-1|42-38-87-53|15-61-6-57-43-13
354,14,1456.6924,183.0516,132.0,211.8555,0,14,70.414899,70.500803,True,28-12-76-29-79-3-68-24-4|11-64-49-36-46-48|72-21-2-57-15-43-97-13|42-14-38-44-16-86-17-60-89|31-63-30-50-78-80-54|27-69-33-81-71-35-34-77|95-59-92-98-85-61-84-91-100-37-93|82-88-7-62-10-90-32-70|47-19-8-18-6-96|52-83-45-5-99-94|39-23-75-73-40-26-55-25|51-9-65-66-20-1|67-87-74-56-58|41-22-53
355,14,1457.4231,136.5485,108.0,212.5494,0,14,70.63411,70.710962,True,52-28-76-12-26-4-54|11-64-49-36-46-48|21-2-57-15-43-37-96|59-38-42-87-94-97-13|31-33-81-65-66-20-1|39-67-23-75-22-41-56-74-58|63-30-51-9-79-3-50|92-98-73-72-55-25-24-68-80|29-78-71-35-34-77|83-19-47-8-84-17-60-89|14-61-99-40-53|27-69-88-7-62-10-90-32-70|82-45-86-16-85-91-100-93|95-44-5-18-6
356,14,1457.4231,136.5485,108.0,212.5494,0,14,70.63411,70.710962,True,52-28-76-12-26-4-54|11-64-49-36-46-48|21-2-57-15-43-37-96|59-38-42-87-94-97-13|31-33-81-65-66-20-1|39-67-23-75-22-41-56-74-58|63-30-51-9-79-3-50|92-98-73-72-55-25-24-68-80|29-78-71-35-34-77|83-19-47-8-84-17-60-89|14-61-99-40-53|27-69-88-7-62-10-90-32-70|82-45-86-16-85-91-100-93|95-44-5-18-6
357,13,1463.6702,98.4996,85.0,227.2305,0,13,72.508243,72.580865,True,12-29-78-34-79-3-77-68-80|42-2-40-21-73-22-41-74-56-4|28-69-76-33-81-51-50-1|72-75-23-67-39-25-55-54-24|27-31-9-71-65-66-35|45-16-94-53-26-97|62-11-30-6-96-37-13-58|83-5-61-15-43-57|59-92-98-44-86-87|95-14-38-85-99-84-91-100-93|88-7-64-49-48|47-36-82-18-8-46-17-60-89|52-19-63-90-10-32-20-70
358,13,1463.6702,98.4996,85.0,227.2305,0,13,72.508243,72.580865,True,12-29-78-34-79-3-77-68-80|42-2-40-21-73-22-41-74-56-4|28-69-76-33-81-51-50-1|72-75-23-67-39-25-55-54-24|27-31-9-71-65-66-35|45-16-94-53-26-97|62-11-30-6-96-37-13-58|83-5-61-15-43-57|59-92-98-44-86-87|95-14-38-85-99-84-91-100-93|88-7-64-49-48|47-36-82-18-8-46-17-60-89|52-19-63-90-10-32-20-70
359,13,1464.0392,92.6507,99.0,216.0876,0,13,72.618951,72.690535,True,28-12-29-78-34-79-3-77-68|47-86-61-85-91-100-37-93|5-83-45-84-99-96-6-26|42-2-40-21-73-22-41-74-56-4|33-76-81-51-35-50-1|15-75-23-25-55-24-80|27-69-30-9-71-65-66-20-70|82-36-63-90-32-10|52-88-7-18-8-46-17-60-89|31-62-19-11-64-49-48|95-59-98-16-44-14-57-97-58|92-38-87-94-43-13|39-67-72-53-54
360,13,1464.0392,92.6507,99.0,216.0876,0,13,72.618951,72.690535,True,28-12-29-78-34-79-3-77-68|47-86-61-85-91-100-37-93|5-83-45-84-99-96-6-26|42-2-40-21-73-22-41-74-56-4|33-76-81-51-35-50-1|15-75-23-25-55-24-80|27-69-30-9-71-65-66-20-70|82-36-63-90-32-10|52-88-7-18-8-46-17-60-89|31-62-19-11-64-49-48|95-59-98-16-44-14-57-97-58|92-38-87-94-43-13|39-67-72-53-54
361,13,1467.4568,72.9016,150.0,226.0047,0,13,73.644233,73.720467,True,28-12-76-79-29-78-34-35-1|42-44-86-16-61-84-17-91-60-89|83-45-5-99-59-87-57-97-13-58|92-98-40-21-73-22-41-74-56-4|31-33-51-9-81-3-77-68-24-80|2-15-14-38-43-100-37-93|72-75-23-67-39-25-55-54|27-69-30-71-65-66-20-32-70|62-88-8-19-49-48|52-95-53-94-96-6-26|64-7-18|82-11-63-90-10-50|47-36-85-46
362,13,1467.4568,72.9016,150.0,226.0047,0,13,73.644233,73.720467,True,28-12-76-79-29-78-34-35-1|42-44-86-16-61-84-17-91-60-89|83-45-5-99-59-87-57-97-13-58|92-98-40-21-73-22-41-74-56-4|31-33-51-9-81-3-77-68-24-80|2-15-14-38-43-100-37-93|72-75-23-67-39-25-55-54|27-69-30-71-65-66-20-32-70|62-88-8-19-49-48|52-95-53-94-96-6-26|64-7-18|82-11-63-90-10-50|47-36-85-46
363,13,1468.6168,98.5448,82.0,218.9989,0,13,73.992242,74.06482,True,12-76-79-78-34-35-1|2-42-44-16-61-84-17-91-60-89|27-88-7-82-8-46-48-58|83-45-99-59-87-57-37-97-13|95-98-92-40-21-22-41-74-56-4|52-62-11-19-47-49|28-29-33-51-9-81-3-77-68|5-73-94-53-26-24-80|72-75-23-67-39-25-55-54|69-30-71-65-66-20-32-70|36-18-85-6-96|31-64-63-90-10-50|15-14-86-38-43-100-93
364,13,1468.6168,98.5448,82.0,218.9989,0,13,73.992242,74.06482,True,12-76-79-78-34-35-1|2-42-44-16-61-84-17-91-60-89|27-88-7-82-8-46-48-58|83-45-99-59-87-57-37-97-13|95-98-92-40-21-22-41-74-56-4|52-62-11-19-47-49|28-29-33-51-9-81-3-77-68|5-73-94-53-26-24-80|72-75-23-67-39-25-55-54|69-30-71-65-66-20-32-70|36-18-85-6-96|31-64-63-90-10-50|15-14-86-38-43-100-93
365,15,1469.1273,306.7484,75.0,216.7281,0,15,74.145389,74.24891,True,28-12-29-78-9-24-55-4|31-11-49-36-46|2-57-15-43-37-100-91-93|42-14-44-86-16-84-17-60-89|21-73-72-75-41-22-74-25|39-67-23-56-54-26|69-30-51-71-65-66-20-70|40-76-50-3-35|52-88-62-63-90-32-10|33-81-34-79-77-68-80|59-92-98-85-61-99-96-6|27-95-38-87-97-13-58|64-19-94-1|5-83-82-7-18-53|45-8-47-48
366,15,1469.1273,306.7484,75.0,216.7281,0,15,74.145389,74.24891,True,28-12-29-78-9-24-55-4|31-11-49-36-46|2-57-15-43-37-100-91-93|42-14-44-86-16-84-17-60-89|21-73-72-75-41-22-74-25|39-67-23-56-54-26|69-30-51-71-65-66-20-70|40-76-50-3-35|52-88-62-63-90-32-10|33-81-34-79-77-68-80|59-92-98-85-61-99-96-6|27-95-38-87-97-13-58|64-19-94-1|5-83-82-7-18-53|45-8-47-48
367,15,1474.1745,309.9341,73.0,216.6926,0,15,75.659536,75.764843,True,28-12-79-29-24-55-25-4|62-19-11-64-49-46|2-57-15-43-37-100-91-93|42-14-44-38-86-84-17-60-89|21-72-75-22-73-53|39-67-23-41-74-56-54-80|31-30-51-71-65-50|36-76-3-68-26|88-63-90-32-10|33-81-9-78-34-35-77|59-98-16-61-85-99-96-6|27-69-95-92-87-97-13-58|40-94-18-70-1|83-82-7-52-66-20|5-45-8-47-48
368,15,1474.1745,309.9341,73.0,216.6926,0,15,75.659536,75.764843,True,28-12-79-29-24-55-25-4|62-19-11-64-49-46|2-57-15-43-37-100-91-93|42-14-44-38-86-84-17-60-89|21-72-75-22-73-53|39-67-23-41-74-56-54-80|31-30-51-71-65-50|36-76-3-68-26|88-63-90-32-10|33-81-9-78-34-35-77|59-98-16-61-85-99-96-6|27-69-95-92-87-97-13-58|40-94-18-70-1|83-82-7-52-66-20|5-45-8-47-48
369,14,1478.06,113.0709,125.0,214.7935,0,14,76.825202,76.90676,True,28-12-76-29-79-3-68-24-4|52-45-8-84-86-17-91-93|11-64-49-36-46-48-60|21-2-57-15-43-100-97-13|95-5-61-16-44-87-37-96-89|39-67-23-75-22-41-56-74-58|63-30-51-78-50-80-54|92-42-73-72-55-25-26|27-69-33-81-71-35-34-77|31-62-19-88-18-6|65-9-66-20-10-1|98-40-53|83-82-7-47-90-32-70|59-14-38-85-99-94
370,13,1478.7623,89.7904,98.0,226.0005,0,13,77.035883,77.112841,True,12-29-78-34-9-35-1|47-86-61-85-91-100-37-93|5-83-45-84-99-96-6|42-2-40-21-73-22-41-74-56-4|28-76-33-81-79-3-50-54-24|27-69-30-51-71-65-66-20-70|52-31-88-7-18-8-46-17-60-89|95-59-16-44-38-57-58|92-98-14-87-94-97-43-13|82-62-11-19-49-48|72-23-75-15-26-55-25|36-64-63-90-32-10|39-67-53-80-68-77
371,15,1487.2579,332.4865,80.0,208.8323,0,15,79.584573,79.696709,True,69-30-90-63-32-10-1|21-73-72-75-41-22-25-55|28-12-29-78-81-9-34-35|95-44-16-83-84-17-60-89|27-76-79-3-77-50|33-51-71-65-66-20-70|53-40-26-4-56-74|23-67-39-54-24-80-68|31-19-7-82-8-91-96|52-62-11-64-49|47-36-45-94|2-42-98-92-87-58|88-18-99-85-93-100-37-13|14-15-57-6-46-48|59-5-61-86-38-43-97
372,15,1490.5979,237.4764,99.0,211.4018,0,15,80.58657,80.687742,True,28-12-76-29-79-3-68-24-54|52-83-8-45-84-96|11-64-49-36-46-48|39-73-15-43-57-97-13|42-14-38-44-16-86-17-60-89|21-40-67-25-56-4|63-30-51-78-50-80|27-69-33-81-71-35-34-77|95-92-59-61-85-98-37-100-91-93|31-62-19-88-18-6|65-9-66-20-10-1|5-99-94-53|82-7-47-90-32-70|2-72-75-41-23-55-26|87-22-74-58
373,17,1502.9955,566.145,101.0,201.4137,0,17,84.305852,84.459345,True,83-45-84-60-58|2-72-22-67-4-74|28-76-68-80|12-29-24-26|52-7-82-8-18-89|92-98-14-86-16-91-100-93|62-11-19-47-36-46-17|5-61-85-59-94-53|40-57-87-97-37-96-13|9-71-65-34-77|21-73-75-39-56-25-55-54|27-69-30-90-64-49-48|51-20-32-10-1|95-42-38-44-99-6|31-88-63-66-35|33-81-78-79-3-50-70|23-41-15-43
374,15,1514.1766,277.0187,106.0,202.7842,0,15,87.660181,87.773765,True,27-69-30-90-63-32-10-1|21-73-72-22-75-56-25-55|28-29-78-81-9-35-34|95-44-16-83-84-17-60-89|12-76-79-3-77-50|33-51-71-65-66-20-70|98-53-40-26-4-74|23-67-39-54-24-80-68|31-19-7-82-8-91-96|52-62-11-64-49|88-47-36-46|2-42-14-92-87-6-58|45-18-99-85-93-100-37-13|15-41-57-94-48|59-5-61-86-38-43-97
375,14,1564.4817,140.2207,74.0,220.0493,0,14,102.751692,102.858938,True,12-29-78-34-9-35-1|5-83-45-84-99-96-6|42-15-2-21-41-22-74-56-4|28-76-33-81-79-3-50-54|27-69-30-51-71-65-66-20-70|52-31-88-7-18-46-17-60-89|95-59-16-44-38-57-58|92-98-14-87-94-97-43-13|36-64-63-90-32-10|62-11-82-47-49-48|72-23-73-40-53-25-24|39-75-61-85-93|19-8-86-91-100-37|67-55-26-80-68-77
376,18,1572.6768,585.4508,59.0,214.7711,0,18,105.210221,105.385618,True,76-79-29-24-55-25-4|11-64-49-36-46-48|2-57-15-43-100-91|42-14-44-38-86-84-17-60|21-73-72-75-22-41|39-67-23-56-74|30-51-71-65-66-20|52-88-62-63-90-32-10|33-81-9-78-34-35-77|98-85-96-6-89|27-69-95-92-37-97-58|31-18-47-8|40-87-94-70-1|83-45-19-7|53-68-80-54-13|28-50-26-93|82-12-3|5-61-16-59-99
377,18,1582.2324,554.6254,95.0,207.3033,0,18,108.076913,108.253033,True,31-11-64-63-90-32|52-88-19-47-36-49-1|8-87|59-14-57-15-43-100-93|53-76-3-77-80-54|18-82-60-89|83-5-61-16-84-17|30-71-34-78-50|28-12-73-72-75-22-74-26|27-98-92-95|29-79-81-9-66-20-70|69-7-62-10|33-51-65-35|40-21-56-25-24-68|6-94-99-85-37-97-13|45-46-48|39-67-23-41-4-55-58|2-42-44-38-86-91-96
378,17,1660.7609,396.8559,111.0,197.0126,0,17,131.63545,131.811219,True,95-15-42-98-61-86-97-13|52-82-47-46-17-60-89|14-73-23-56-74-4|36-19-11-64-49-48|12-76-33-81-34-3-50|2-25-55|31-88-62-63-90-32-10|27-69-30-9-65-35-77|8-7-70-20|59-44-5-84-16-37-96|38-85-87-57-43|92-72-39-67-24-54|6-94-99-93-91-100|83-45-18-53-26|40-21-75-22-41-58|51-71-66-1|28-29-78-79-68-80
379,17,1668.4022,261.6143,93.0,205.1091,0,17,133.927852,134.085041,True,52-47-46-8-17-60-89|28-12-40-73-41-22-56-74-58|88-11-19-49-48|92-14-44-86-43-57-97-13|72-75-23-67-55-25-26|2-42-85-87-53|27-69-31-62-63-90-32-10-70|33-51-9-71-66-50|59-98-45-82-7|64-20-35-1|21-15-38-91-100-37-93|29-76-39-4-54-24|36-30-81|65-78-34-79-3-77-68-80|18-5-99-96|95-83-84-61-6|16-94
380,24,1678.1261,1030.3758,92.0,196.8638,0,24,138.234598,138.510783,True,55-25-4|52-19-11-64-49|2-57-15-43-100-91|42-14-44-38-86-84|73-72-75-22-41-58|39-67-23-56-74|96-6|95-92-98-37-97|83-5-61-16-59|21-53|99-85-93-13|40-87-94|69-30-9-71-66-32|33-51-20-35-77|28-3-24-54-68|76-50|79-78-34-80|12-29-65-1|26|27|81|18-82-7-48-46|31-88-62-63-90-10-70|47-36-8-45-17-60-89
381,22,1686.3748,768.4077,110.0,200.9531,0,22,139.31963,139.560807,True,28-12-29-24-80-68|11-64-49-36-48|2-15-43-37-100-91|42-14-38-86-16-60-89|21-73-75-4-25-55|39-67-23-56-54-26|71-65-66-70|76-3-50|52-88-62-63-90-10|79-33-81-35-34-77|98-44-61-99-96-6|83-82-7-18|45|87-85-93-13|31-19-47-46-17-97|30-51-1|40-94|69-78-9-20-32|53-74|72-22-41-57-58|27-95-59-8|92-5-84
382,14,1688.6613,89.9634,83.0,219.9465,0,14,140.005579,140.143425,True,59-92-98-86-99-6|27-31-57-41-22-56-74-58|52-82-7-79-3-50-77-68|45-62-11-63-90-10-32-70|39-73-15-87-97-96|69-30-19-36-46-17-60-89|83-5-85-16-38-43-13|33-65-71-9-51-20-66-1|2-21-72-75-23-67-26-4|12-76-81-78-35-34-24-80|47-88-64-49-48|42-14-84-18-93-37-100-91|95-44-61-8-94-25|28-29-53-40-55-54
383,18,1694.5755,503.1093,74.0,214.5093,0,18,141.779833,141.980909,True,28-12-29-3-77|52-7-47-36-49-17|5-84-16-85-91-96|73-75-41-22-74-4|82-11-64-19-48|76-81-9|44-42-57-40-58|2-15-23-39-25-55-54-24|31-88-62-63-90-32-10-70-1|27-69-30-71-65-35-20|92-98-99-59-87-94-6|18-8-46-60-37-93|79-78-34-66-80|45-61-95-53-13-89|72-33-51-50-68|21-14-38-43-97|67-56-26|83-86-100
384,18,1712.7782,471.1461,84.0,200.0709,0,18,147.240652,147.441228,True,12-29-78-79-24-80-68|95-15-42-98-86-97-13|18-47-46-17-89|83-5-61-44-59-94|14-73-23-56-74-4|36-19-11-64-49-48|28-76-33-81-34-3-50|2-40-39-25-55-54|31-62-63-90-32-10|27-30-9-65-35-77|82-8-70-20-1|84-16-37-96|92-38-85-87-57-43|99-100-91-93-60|52-88-7-45-6-26|21-72-75-22-41-58|69-51-71-66|67-53
385,15,1714.4562,159.4821,95.0,209.6276,0,15,147.744059,147.900023,True,69-63-90-1-50|21-72-75-23-41-22-25-55|28-12-29-81-34-78-26|95-92-98-99-5-84-8-17-60-89|59-27-76-3-79-35-77|33-71-65-66-20-32-70|14-44-53-40-74-56-4|39-67-73-54-24-80-68|31-19-7-85-91-37-96-93|83-82-62-30-51-9|11-47-45-94|2-61-16-86-38-100-97-58|52-88-64-49-10|36-18-87-43-13|42-15-57-6-46-48
386,14,1745.6613,77.28,105.0,228.8729,0,14,157.105582,157.262164,True,28-12-76-79-78-34-35-66-70|31-52-83-84-16-86-91-37-100-93|45-85-6-46-58|95-92-61-99-18-94-13-97-17|2-21-73-72-75-41-22-74-56-4-25|82-47-11-64-49-32-1|29-33-81-9-51-20-77-80|42-14-44-38-43-57|5-98-15-40-53-26-54-24|59-23-67-39|27-69-88-7-30-50-55|62-19-71-3-68|65-63-90-10-48-60-89|36-8-87-96
387,23,1811.025,927.3724,129.0,193.3173,0,23,176.714706,177.018178,True,28-12-29-78-79-3-77|95-16-86-14-100-37-97|52-7-47-46-60-89|5-84-61-85-93-96|21-73-72-75-22-74-56-4|82-19-11-49-48|76-33-81-9-51-50|42-57-58|2-23-39-25-55-80|53-40|31-88-62-63-90-10-70-1|27-69-30-71-66|83-8-18|92-98-59-99-6-94-13|54-24-68|45-36-64-32|26-91|17|34-35-20|44-15-43|41-67|38-87|65
388,15,1820.0162,87.1897,79.0,222.9466,0,15,179.412046,179.589232,True,21-72-75-23-41-22-25-55|28-12-29-81-34-78-26|95-92-98-99-5-84-8-17-60-89|59-27-69-76-3-79-35-77|14-44-53-40-74-56-4|39-67-73-54-24-80-68|31-19-7-85-91-37-96-93|83-82-62-30-51-9-50|2-61-16-86-38-100-97-58|42-15-57-6-46-48|33-52-45-94|47-11-63-88|71-64-49-32-70|36-18-87-43-13|65-90-10-20-66-1
389,25,1820.6003,1210.8523,79.0,204.0,0,25,179.587284,179.933353,True,79-29-24-25-4|11-64-49-36-46|57-100-91|42-14-44-38-86-17-60|73-72-75-22-41|39-67-23-56-74|54-26|30-71-65-20|76-3-50|52-88-62-63-90-32-10|33-81-78-34-35-77|28-12-80-68|98-85-96-89|27-69-95-92-37-97|18-47-8|5-61-16-59|40-21|99-93|87-94|53-6-84-48|83-45-82-19-7|15-43-58|55-13|2-31-70-1|51-9-66
390,22,1864.102,636.9085,144.0,196.8539,0,22,192.63778,192.915336,True,28-12-76-3-79-24-68|52-83-8-45-84-96|11-49-36-46-48|2-57-15-43-97-13|42-14-44-16-86-17-60-89|39-23-75-41-22-74-58|30-51-80-54|73-72-55-25-26|27-69-33-81-71-35-34-77|95-92-59-61-85-98-37-100-91-93|53-70|31-62-88-18-6|9-20-32-10-1|82-7|67-56-4|19-78-50|63-90-66|40-99|21-5-87|29-65|47-64|38-94
391,25,1919.5703,1153.964,90.0,199.995,0,25,209.278293,209.646019,True,79-29-24-55-4|11-19-49-36|2-57-15-100|42-14-44-38-86-17-60|21-73-72-75-22|39-67-23-56-74|26|69-30-51-71-65-66-20|76-9-50|52-88-62-63-90-10|33-81-34-78-3-77|28-12-80-68|98-85-96-6-89|27-95-92-97-58|5-61-59|13|94-1|53-99-84|83-7|16-46-32-70|8-37-48|82-18-45-91-93|31-47-64-35|40-25-54|87-41-43
392,23,1920.3574,955.3917,73.0,208.2973,0,23,209.514409,209.85153,True,29-24-55-4|11-64-49-36|2-57-15-100|42-14-44-86-17-60|73-72-75-22|39-67-23-56-74|51-71-66-20|76-50|52-88-62-63-90-10|33-81-34-78-77|28-12-80-68|98-85-96-6-89|27-95-92-97-58|5-61-59|94-1|53-99-84|83-82-47-8-7|45-40-37-93-48|87-41-26-70|18-19-46-91|69-9-79-3-54-25|31-30-65-35-32|21-16-38-43-13
393,25,1960.4534,949.3223,151.0,190.6136,0,25,221.5432,221.897188,True,76-79-78-34-3-77|95-92-98-44-16-85-100-37-93|7-46-17-60|83-45-5-99-96|38-42-57-74-56|21-23-39-25-24|31-62-90-70|30-71-65-66-20|33-9|88-19-48|14-15-87-53|18-8|2-72-22-41-58|28-68-1|82-47-36-84-91-13|32-10-89|12-29-55-54-80|40-61|81-35-50|6-94-97-43|51|52-59-86|73-75-67-4-26|27-63-11-64-49|69
394,23,1978.9741,809.4697,108.0,197.4543,0,23,227.099422,227.434114,True,28-78-79-3-77-68|14-38-86-100-37|7-47-46-17-60-89|5-85-91-93-96|73-72-75-41-22-74|82-19-64-49-48|76-81-9-51|44-42-43-57-58|23-67-39-80|26|31-10-32-1|69-30-71-65-35-66|83-8|92-98-59-99-94-87-13|18-84-97-70|56-25-4|95-2-21-12-24-55-54|63-62-6-50|45-61-88-90-20|53-40-34|27-52-36-11|29-33|15-16
395,25,1994.5931,1085.2298,96.0,196.3146,0,25,231.785134,232.165104,True,28-78-3-77|95-86-38-37-97|52-47-46-17|44-5-84-61-93|21-73-72-75-22-74|19-11-64-49-48|76-33-81-9-51-50|98-42-15-43-57|2-23-67-39-25-24-80|26|31-88-90-32-10|27-30-65|83-45-18|92-59-99-87-94-6|34-35-70|13-60|100-91-89|55-68-1|79-54-4-58|7-36-8-96|82-62-66-20|56-41|63-69-40-53|85-16-14|12-29-71
396,23,2016.988,782.8666,62.0,197.2995,0,23,238.503597,238.841079,True,78-34-79-3|61-91-100|45-84-99|2-21-73-41-22-74-56-4|51-81-35-1|75-23-67-55-24-80|27-69-30-71-65-20-70|82-36-63-90-32-10|52-88-7-18-8-46-60-89|31-62-48|95-59-14-57-58|92-98-87-97|47-64-49|11-5-17-96|28-19-83-93-13|25-54-77|39-44-43|33-9-66-50|12-29-68-26|40-6-94-37|42-38-16-85|76-86|15-72-53
397,25,2017.114,926.2497,124.0,196.6644,0,25,238.541398,238.90713,True,28-76-79-78-34-1|42-16-61-84-89|31-88-7-82-8-48|83-99-92-87-13-58|95-40-21-73-22-74-56-4|52|81-3-77|14-44-100-37-93|59-94-53-26-80|72-75-23-39-25-55-54|27-69-30-71-66-70|18-6|62-11-63-90|85|17-60|29-24-68|96-91-97|86-38-43|12-41-57-50|64-65-35-20|51-32-10|19-49-36-46|2-98-5-45|47-33-9|15-67
398,23,2023.7455,738.9481,116.0,194.095,0,23,240.530846,240.868687,True,12-76-79-34-35-1|2-42-44-16-84-17-60-89|27-31-88-8-46-48-58|83-45-59-92-97-13|40-22-74-56-4|52-11-19-47-49|28-51-33-81-3-77-68-80|15-14-38-86-37-93|53-26-24|72-75-39-25-54|69-30-71-65-66-20-70|36-85|64-63-10-50|62-5-91-100|87-96-6|82-98-94-43|32|23-29-78-55|73-41-57|95-61-99|21-67|18-7-90|9
399,25,2188.671,893.309,89.0,191.4107,0,25,290.008483,290.416453,True,28-12-29-24-4|88-6-94|83-45-8|49-36-48|21-57-15-43-97|42-14-38-44-16-17|31-51-9-66-1|67-23-75-41-56-58|63-80-54|73-55-25-26|27-69-71-35|95-92-59-61-91-100-93|82-19-47-99|53|7-62-90-32-70|39-37-60-89|74-13|2-76-22-68-77|18-86-96|33-78-65-20|98-52-10-50|5-11-64-46|30-34-79-3|72-87-85-84|40-81
400,25,2280.0996,713.3225,140.0,194.9053,0,25,317.437062,317.851087,True,28-29-79-3-24-4|64-36-48|72-21-2-15-43-97-13|42-14-38-44-17-60|31-51-9-20|67-23-75-22-56-74-58|63-30-50-80-54|69-35-77|95-59-92-98-85-61-91-100-93|7-88-62-32-70|5-40-73-25-26|19-8-18-96|83-94-87|45-52|99-37-89-1|66-10|11-82-46-49|84-6-68|47-81-34-78|57-41-55|27-90-53|71-33-76|12-39|86-16|65
