Rank,Z1_Vehicles,Z2_Distance,Z3_WaitTime,Z4_LoadBalance,Z5_Makespan,Unserved,Num_Routes,ASF,ASF_aug,In_ROI,Routes
1,3,588.2863,72.1175,70.0,3385.5278,0,3,28.578331,28.590955,True,93-5-75-2-1-99-100-97-92-94-95-98-7-3-4-89-91-88-86-84-83-82-85-76-71-70-73-80-79-81-78-77-96-87-90|20-22-24-27-30-29-6-32-33-31-35-37-38-39-36-34-28-26-23-17-18-19-16-14-12-15-13-25-9-11-10-8-21|67-63-62-74-72-61-64-66-69-68-65-49-55-54-53-56-58-60-59-57-40-44-46-45-51-50-52-47-42-41-43-48
2,3,588.2863,72.1175,70.0,3385.5278,0,3,28.578331,28.590955,True,93-5-75-2-1-99-100-97-92-94-95-98-7-3-4-89-91-88-86-84-83-82-85-76-71-70-73-80-79-81-78-77-96-87-90|20-22-24-27-30-29-6-32-33-31-35-37-38-39-36-34-28-26-23-17-18-19-16-14-12-15-13-25-9-11-10-8-21|67-63-62-74-72-61-64-66-69-68-65-49-55-54-53-56-58-60-59-57-40-44-46-45-51-50-52-47-42-41-43-48
3,3,588.2863,72.1175,70.0,3385.5278,0,3,28.578331,28.590955,True,67-63-62-74-72-61-64-66-69-68-65-49-55-54-53-56-58-60-59-57-40-44-46-45-51-50-52-47-42-41-43-48|93-5-75-2-1-99-100-97-92-94-95-98-7-3-4-89-91-88-86-84-83-82-85-76-71-70-73-80-79-81-78-77-96-87-90|20-22-24-27-30-29-6-32-33-31-35-37-38-39-36-34-28-26-23-17-18-19-16-14-12-15-13-25-9-11-10-8-21
4,3,588.2863,72.1175,70.0,3385.5278,0,3,28.578331,28.590955,True,93-5-75-2-1-99-100-97-92-94-95-98-7-3-4-89-91-88-86-84-83-82-85-76-71-70-73-80-79-81-78-77-96-87-90|20-22-24-27-30-29-6-32-33-31-35-37-38-39-36-34-28-26-23-17-18-19-16-14-12-15-13-25-9-11-10-8-21|67-63-62-74-72-61-64-66-69-68-65-49-55-54-53-56-58-60-59-57-40-44-46-45-51-50-52-47-42-41-43-48
5,3,588.2863,72.1175,70.0,3385.5278,0,3,28.578331,28.590955,True,93-5-75-2-1-99-100-97-92-94-95-98-7-3-4-89-91-88-86-84-83-82-85-76-71-70-73-80-79-81-78-77-96-87-90|20-22-24-27-30-29-6-32-33-31-35-37-38-39-36-34-28-26-23-17-18-19-16-14-12-15-13-25-9-11-10-8-21|67-63-62-74-72-61-64-66-69-68-65-49-55-54-53-56-58-60-59-57-40-44-46-45-51-50-52-47-42-41-43-48
6,3,588.2863,72.1175,70.0,3385.5278,0,3,28.578331,28.590955,True,93-5-75-2-1-99-100-97-92-94-95-98-7-3-4-89-91-88-86-84-83-82-85-76-71-70-73-80-79-81-78-77-96-87-90|20-22-24-27-30-29-6-32-33-31-35-37-38-39-36-34-28-26-23-17-18-19-16-14-12-15-13-25-9-11-10-8-21|67-63-62-74-72-61-64-66-69-68-65-49-55-54-53-56-58-60-59-57-40-44-46-45-51-50-52-47-42-41-43-48
7,3,588.2863,72.1175,70.0,3385.5278,0,3,28.578331,28.590955,True,93-5-75-2-1-99-100-97-92-94-95-98-7-3-4-89-91-88-86-84-83-82-85-76-71-70-73-80-79-81-78-77-96-87-90|20-22-24-27-30-29-6-32-33-31-35-37-38-39-36-34-28-26-23-17-18-19-16-14-12-15-13-25-9-11-10-8-21|67-63-62-74-72-61-64-66-69-68-65-49-55-54-53-56-58-60-59-57-40-44-46-45-51-50-52-47-42-41-43-48
8,3,588.2863,72.1175,70.0,3385.5278,0,3,28.578331,28.590955,True,93-5-75-2-1-99-100-97-92-94-95-98-7-3-4-89-91-88-86-84-83-82-85-76-71-70-73-80-79-81-78-77-96-87-90|20-22-24-27-30-29-6-32-33-31-35-37-38-39-36-34-28-26-23-17-18-19-16-14-12-15-13-25-9-11-10-8-21|67-63-62-74-72-61-64-66-69-68-65-49-55-54-53-56-58-60-59-57-40-44-46-45-51-50-52-47-42-41-43-48
9,3,588.2863,72.1175,70.0,3385.5278,0,3,28.578331,28.590955,True,93-5-75-2-1-99-100-97-92-94-95-98-7-3-4-89-91-88-86-84-83-82-85-76-71-70-73-80-79-81-78-77-96-87-90|20-22-24-27-30-29-6-32-33-31-35-37-38-39-36-34-28-26-23-17-18-19-16-14-12-15-13-25-9-11-10-8-21|67-63-62-74-72-61-64-66-69-68-65-49-55-54-53-56-58-60-59-57-40-44-46-45-51-50-52-47-42-41-43-48
10,3,588.2863,72.1175,70.0,3385.5278,0,3,28.578331,28.590955,True,93-5-75-2-1-99-100-97-92-94-95-98-7-3-4-89-91-88-86-84-83-82-85-76-71-70-73-80-79-81-78-77-96-87-90|20-22-24-27-30-29-6-32-33-31-35-37-38-39-36-34-28-26-23-17-18-19-16-14-12-15-13-25-9-11-10-8-21|67-63-62-74-72-61-64-66-69-68-65-49-55-54-53-56-58-60-59-57-40-44-46-45-51-50-52-47-42-41-43-48
11,3,588.2863,72.1175,70.0,3385.5278,0,3,28.578331,28.590955,True,93-5-75-2-1-99-100-97-92-94-95-98-7-3-4-89-91-88-86-84-83-82-85-76-71-70-73-80-79-81-78-77-96-87-90|67-63-62-74-72-61-64-66-69-68-65-49-55-54-53-56-58-60-59-57-40-44-46-45-51-50-52-47-42-41-43-48|20-22-24-27-30-29-6-32-33-31-35-37-38-39-36-34-28-26-23-17-18-19-16-14-12-15-13-25-9-11-10-8-21
12,3,588.2863,72.1175,70.0,3385.5278,0,3,28.578331,28.590955,True,93-5-75-2-1-99-100-97-92-94-95-98-7-3-4-89-91-88-86-84-83-82-85-76-71-70-73-80-79-81-78-77-96-87-90|20-22-24-27-30-29-6-32-33-31-35-37-38-39-36-34-28-26-23-17-18-19-16-14-12-15-13-25-9-11-10-8-21|67-63-62-74-72-61-64-66-69-68-65-49-55-54-53-56-58-60-59-57-40-44-46-45-51-50-52-47-42-41-43-48
13,3,588.2863,72.1175,70.0,3385.5278,0,3,28.578331,28.590955,True,93-5-75-2-1-99-100-97-92-94-95-98-7-3-4-89-91-88-86-84-83-82-85-76-71-70-73-80-79-81-78-77-96-87-90|20-22-24-27-30-29-6-32-33-31-35-37-38-39-36-34-28-26-23-17-18-19-16-14-12-15-13-25-9-11-10-8-21|67-63-62-74-72-61-64-66-69-68-65-49-55-54-53-56-58-60-59-57-40-44-46-45-51-50-52-47-42-41-43-48
14,3,588.2863,72.1175,70.0,3385.5278,0,3,28.578331,28.590955,True,93-5-75-2-1-99-100-97-92-94-95-98-7-3-4-89-91-88-86-84-83-82-85-76-71-70-73-80-79-81-78-77-96-87-90|20-22-24-27-30-29-6-32-33-31-35-37-38-39-36-34-28-26-23-17-18-19-16-14-12-15-13-25-9-11-10-8-21|67-63-62-74-72-61-64-66-69-68-65-49-55-54-53-56-58-60-59-57-40-44-46-45-51-50-52-47-42-41-43-48
15,3,588.2863,72.1175,70.0,3385.5278,0,3,28.578331,28.590955,True,93-5-75-2-1-99-100-97-92-94-95-98-7-3-4-89-91-88-86-84-83-82-85-76-71-70-73-80-79-81-78-77-96-87-90|20-22-24-27-30-29-6-32-33-31-35-37-38-39-36-34-28-26-23-17-18-19-16-14-12-15-13-25-9-11-10-8-21|67-63-62-74-72-61-64-66-69-68-65-49-55-54-53-56-58-60-59-57-40-44-46-45-51-50-52-47-42-41-43-48
16,3,588.2863,72.1175,70.0,3385.5278,0,3,28.578331,28.590955,True,93-5-75-2-1-99-100-97-92-94-95-98-7-3-4-89-91-88-86-84-83-82-85-76-71-70-73-80-79-81-78-77-96-87-90|20-22-24-27-30-29-6-32-33-31-35-37-38-39-36-34-28-26-23-17-18-19-16-14-12-15-13-25-9-11-10-8-21|67-63-62-74-72-61-64-66-69-68-65-49-55-54-53-56-58-60-59-57-40-44-46-45-51-50-52-47-42-41-43-48
17,3,588.2863,72.1175,70.0,3385.5278,0,3,28.578331,28.590955,True,93-5-75-2-1-99-100-97-92-94-95-98-7-3-4-89-91-88-86-84-83-82-85-76-71-70-73-80-79-81-78-77-96-87-90|20-22-24-27-30-29-6-32-33-31-35-37-38-39-36-34-28-26-23-17-18-19-16-14-12-15-13-25-9-11-10-8-21|67-63-62-74-72-61-64-66-69-68-65-49-55-54-53-56-58-60-59-57-40-44-46-45-51-50-52-47-42-41-43-48
18,3,588.2863,72.1175,70.0,3385.5278,0,3,28.578331,28.590955,True,93-5-75-2-1-99-100-97-92-94-95-98-7-3-4-89-91-88-86-84-83-82-85-76-71-70-73-80-79-81-78-77-96-87-90|20-22-24-27-30-29-6-32-33-31-35-37-38-39-36-34-28-26-23-17-18-19-16-14-12-15-13-25-9-11-10-8-21|67-63-62-74-72-61-64-66-69-68-65-49-55-54-53-56-58-60-59-57-40-44-46-45-51-50-52-47-42-41-43-48
19,3,588.2863,72.1175,70.0,3385.5278,0,3,28.578331,28.590955,True,93-5-75-2-1-99-100-97-92-94-95-98-7-3-4-89-91-88-86-84-83-82-85-76-71-70-73-80-79-81-78-77-96-87-90|20-22-24-27-30-29-6-32-33-31-35-37-38-39-36-34-28-26-23-17-18-19-16-14-12-15-13-25-9-11-10-8-21|67-63-62-74-72-61-64-66-69-68-65-49-55-54-53-56-58-60-59-57-40-44-46-45-51-50-52-47-42-41-43-48
20,3,588.2863,72.1175,70.0,3385.5278,0,3,28.578331,28.590955,True,93-5-75-2-1-99-100-97-92-94-95-98-7-3-4-89-91-88-86-84-83-82-85-76-71-70-73-80-79-81-78-77-96-87-90|20-22-24-27-30-29-6-32-33-31-35-37-38-39-36-34-28-26-23-17-18-19-16-14-12-15-13-25-9-11-10-8-21|67-63-62-74-72-61-64-66-69-68-65-49-55-54-53-56-58-60-59-57-40-44-46-45-51-50-52-47-42-41-43-48
21,3,588.2863,72.1175,70.0,3385.5278,0,3,28.578331,28.590955,True,93-5-75-2-1-99-100-97-92-94-95-98-7-3-4-89-91-88-86-84-83-82-85-76-71-70-73-80-79-81-78-77-96-87-90|20-22-24-27-30-29-6-32-33-31-35-37-38-39-36-34-28-26-23-17-18-19-16-14-12-15-13-25-9-11-10-8-21|67-63-62-74-72-61-64-66-69-68-65-49-55-54-53-56-58-60-59-57-40-44-46-45-51-50-52-47-42-41-43-48
22,3,588.3238,0.0,70.0,3385.5278,0,3,28.578331,28.580148,True,93-5-75-2-1-99-100-97-92-94-95-98-7-3-4-89-91-88-86-84-83-82-85-76-71-70-73-80-79-81-78-77-96-87-90|20-22-24-27-30-29-6-32-33-31-35-37-38-39-36-34-28-26-23-18-17-19-16-14-12-15-13-25-9-11-10-8-21|67-63-62-74-72-61-64-66-69-68-65-49-55-54-53-56-58-60-59-57-40-44-46-45-51-50-52-47-42-41-43-48
23,3,588.3238,0.0,70.0,3385.5278,0,3,28.578331,28.580148,True,93-5-75-2-1-99-100-97-92-94-95-98-7-3-4-89-91-88-86-84-83-82-85-76-71-70-73-80-79-81-78-77-96-87-90|20-22-24-27-30-29-6-32-33-31-35-37-38-39-36-34-28-26-23-18-17-19-16-14-12-15-13-25-9-11-10-8-21|67-63-62-74-72-61-64-66-69-68-65-49-55-54-53-56-58-60-59-57-40-44-46-45-51-50-52-47-42-41-43-48
24,3,588.3238,0.0,70.0,3385.5278,0,3,28.578331,28.580148,True,93-5-75-2-1-99-100-97-92-94-95-98-7-3-4-89-91-88-86-84-83-82-85-76-71-70-73-80-79-81-78-77-96-87-90|20-22-24-27-30-29-6-32-33-31-35-37-38-39-36-34-28-26-23-18-17-19-16-14-12-15-13-25-9-11-10-8-21|67-63-62-74-72-61-64-66-69-68-65-49-55-54-53-56-58-60-59-57-40-44-46-45-51-50-52-47-42-41-43-48
25,3,588.3238,0.0,70.0,3385.5278,0,3,28.578331,28.580148,True,93-5-75-2-1-99-100-97-92-94-95-98-7-3-4-89-91-88-86-84-83-82-85-76-71-70-73-80-79-81-78-77-96-87-90|20-22-24-27-30-29-6-32-33-31-35-37-38-39-36-34-28-26-23-18-17-19-16-14-12-15-13-25-9-11-10-8-21|67-63-62-74-72-61-64-66-69-68-65-49-55-54-53-56-58-60-59-57-40-44-46-45-51-50-52-47-42-41-43-48
26,3,588.3238,0.0,70.0,3385.5278,0,3,28.578331,28.580148,True,93-5-75-2-1-99-100-97-92-94-95-98-7-3-4-89-91-88-86-84-83-82-85-76-71-70-73-80-79-81-78-77-96-87-90|20-22-24-27-30-29-6-32-33-31-35-37-38-39-36-34-28-26-23-18-17-19-16-14-12-15-13-25-9-11-10-8-21|67-63-62-74-72-61-64-66-69-68-65-49-55-54-53-56-58-60-59-57-40-44-46-45-51-50-52-47-42-41-43-48
27,3,588.3238,0.0,70.0,3385.5278,0,3,28.578331,28.580148,True,93-5-75-2-1-99-100-97-92-94-95-98-7-3-4-89-91-88-86-84-83-82-85-76-71-70-73-80-79-81-78-77-96-87-90|20-22-24-27-30-29-6-32-33-31-35-37-38-39-36-34-28-26-23-18-17-19-16-14-12-15-13-25-9-11-10-8-21|67-63-62-74-72-61-64-66-69-68-65-49-55-54-53-56-58-60-59-57-40-44-46-45-51-50-52-47-42-41-43-48
28,3,588.3238,0.0,70.0,3385.5278,0,3,28.578331,28.580148,True,93-5-75-2-1-99-100-97-92-94-95-98-7-3-4-89-91-88-86-84-83-82-85-76-71-70-73-80-79-81-78-77-96-87-90|20-22-24-27-30-29-6-32-33-31-35-37-38-39-36-34-28-26-23-18-17-19-16-14-12-15-13-25-9-11-10-8-21|67-63-62-74-72-61-64-66-69-68-65-49-55-54-53-56-58-60-59-57-40-44-46-45-51-50-52-47-42-41-43-48
29,3,588.3238,0.0,70.0,3385.5278,0,3,28.578331,28.580148,True,93-5-75-2-1-99-100-97-92-94-95-98-7-3-4-89-91-88-86-84-83-82-85-76-71-70-73-80-79-81-78-77-96-87-90|20-22-24-27-30-29-6-32-33-31-35-37-38-39-36-34-28-26-23-18-17-19-16-14-12-15-13-25-9-11-10-8-21|67-63-62-74-72-61-64-66-69-68-65-49-55-54-53-56-58-60-59-57-40-44-46-45-51-50-52-47-42-41-43-48
30,3,588.3238,0.0,70.0,3385.5278,0,3,28.578331,28.580148,True,93-5-75-2-1-99-100-97-92-94-95-98-7-3-4-89-91-88-86-84-83-82-85-76-71-70-73-80-79-81-78-77-96-87-90|20-22-24-27-30-29-6-32-33-31-35-37-38-39-36-34-28-26-23-18-17-19-16-14-12-15-13-25-9-11-10-8-21|67-63-62-74-72-61-64-66-69-68-65-49-55-54-53-56-58-60-59-57-40-44-46-45-51-50-52-47-42-41-43-48
31,3,588.3238,0.0,70.0,3385.5278,0,3,28.578331,28.580148,True,93-5-75-2-1-99-100-97-92-94-95-98-7-3-4-89-91-88-86-84-83-82-85-76-71-70-73-80-79-81-78-77-96-87-90|20-22-24-27-30-29-6-32-33-31-35-37-38-39-36-34-28-26-23-18-17-19-16-14-12-15-13-25-9-11-10-8-21|67-63-62-74-72-61-64-66-69-68-65-49-55-54-53-56-58-60-59-57-40-44-46-45-51-50-52-47-42-41-43-48
32,3,588.3238,0.0,70.0,3385.5278,0,3,28.578331,28.580148,True,93-5-75-2-1-99-100-97-92-94-95-98-7-3-4-89-91-88-86-84-83-82-85-76-71-70-73-80-79-81-78-77-96-87-90|20-22-24-27-30-29-6-32-33-31-35-37-38-39-36-34-28-26-23-18-17-19-16-14-12-15-13-25-9-11-10-8-21|67-63-62-74-72-61-64-66-69-68-65-49-55-54-53-56-58-60-59-57-40-44-46-45-51-50-52-47-42-41-43-48
33,3,600.609,72.1175,40.0,3385.5278,0,3,28.578331,28.591652,True,93-5-75-2-1-99-100-97-92-94-95-98-7-3-4-89-91-88-86-84-83-82-85-76-71-70-73-80-79-81-78-77-96-87-90|20-22-24-27-30-29-6-32-33-31-35-37-38-39-36-34-28-26-23-17-18-19-16-14-12-15-13-25-9-11-10-8|67-63-62-74-72-61-64-66-69-68-65-49-55-54-53-56-58-60-59-57-40-44-46-45-51-50-52-47-42-41-43-48-21
34,3,600.609,72.1175,40.0,3385.5278,0,3,28.578331,28.591652,True,93-5-75-2-1-99-100-97-92-94-95-98-7-3-4-89-91-88-86-84-83-82-85-76-71-70-73-80-79-81-78-77-96-87-90|20-22-24-27-30-29-6-32-33-31-35-37-38-39-36-34-28-26-23-17-18-19-16-14-12-15-13-25-9-11-10-8|67-63-62-74-72-61-64-66-69-68-65-49-55-54-53-56-58-60-59-57-40-44-46-45-51-50-52-47-42-41-43-48-21
35,3,600.8413,78.8631,110.0,3374.2774,0,3,26.890774,26.910488,True,93-20-22-24-27-30-29-6-32-33-31-35-37-38-39-36-34-28-26-23-17-18-19-16-14-12-15-13-25-9-11-10-8-21|67-63-62-74-72-61-64-66-69-68-65-49-55-54-53-56-58-60-59-57-40-44-46-45-51-50-52-47-42-41-43-48|5-75-2-1-99-100-97-92-94-95-98-7-3-4-89-91-88-86-84-83-82-85-76-71-70-73-80-79-81-78-77-96-87-90
36,3,600.8413,78.8631,110.0,3374.2774,0,3,26.890774,26.910488,True,93-20-22-24-27-30-29-6-32-33-31-35-37-38-39-36-34-28-26-23-17-18-19-16-14-12-15-13-25-9-11-10-8-21|67-63-62-74-72-61-64-66-69-68-65-49-55-54-53-56-58-60-59-57-40-44-46-45-51-50-52-47-42-41-43-48|5-75-2-1-99-100-97-92-94-95-98-7-3-4-89-91-88-86-84-83-82-85-76-71-70-73-80-79-81-78-77-96-87-90
37,3,600.8413,78.8631,110.0,3374.2774,0,3,26.890774,26.910488,True,93-20-22-24-27-30-29-6-32-33-31-35-37-38-39-36-34-28-26-23-17-18-19-16-14-12-15-13-25-9-11-10-8-21|67-63-62-74-72-61-64-66-69-68-65-49-55-54-53-56-58-60-59-57-40-44-46-45-51-50-52-47-42-41-43-48|5-75-2-1-99-100-97-92-94-95-98-7-3-4-89-91-88-86-84-83-82-85-76-71-70-73-80-79-81-78-77-96-87-90
38,3,600.8413,78.8631,110.0,3374.2774,0,3,26.890774,26.910488,True,93-20-22-24-27-30-29-6-32-33-31-35-37-38-39-36-34-28-26-23-17-18-19-16-14-12-15-13-25-9-11-10-8-21|67-63-62-74-72-61-64-66-69-68-65-49-55-54-53-56-58-60-59-57-40-44-46-45-51-50-52-47-42-41-43-48|5-75-2-1-99-100-97-92-94-95-98-7-3-4-89-91-88-86-84-83-82-85-76-71-70-73-80-79-81-78-77-96-87-90
39,3,600.8413,78.8631,110.0,3374.2774,0,3,26.890774,26.910488,True,93-20-22-24-27-30-29-6-32-33-31-35-37-38-39-36-34-28-26-23-17-18-19-16-14-12-15-13-25-9-11-10-8-21|67-63-62-74-72-61-64-66-69-68-65-49-55-54-53-56-58-60-59-57-40-44-46-45-51-50-52-47-42-41-43-48|5-75-2-1-99-100-97-92-94-95-98-7-3-4-89-91-88-86-84-83-82-85-76-71-70-73-80-79-81-78-77-96-87-90
40,3,600.8413,78.8631,110.0,3374.2774,0,3,26.890774,26.910488,True,93-20-22-24-27-30-29-6-32-33-31-35-37-38-39-36-34-28-26-23-17-18-19-16-14-12-15-13-25-9-11-10-8-21|67-63-62-74-72-61-64-66-69-68-65-49-55-54-53-56-58-60-59-57-40-44-46-45-51-50-52-47-42-41-43-48|5-75-2-1-99-100-97-92-94-95-98-7-3-4-89-91-88-86-84-83-82-85-76-71-70-73-80-79-81-78-77-96-87-90
41,3,603.5219,0.2649,110.0,3298.3599,0,3,15.50314,15.500481,True,93-20-22-24-27-30-29-6-32-33-31-35-37-38-39-36-34-28-26-23-17-18-19-16-14-12-15-13-25-9-11-10-8-21|67-63-62-74-72-61-64-66-69-68-65-49-55-54-53-56-58-60-59-57-40-44-46-45-51-50-52-47-42-41-43-48|5-75-2-1-99-100-97-92-94-95-98-7-3-4-89-91-88-84-86-83-82-85-76-71-70-73-80-79-81-78-77-96-87-90
42,3,603.5219,0.2649,110.0,3298.3599,0,3,15.50314,15.500481,True,93-20-22-24-27-30-29-6-32-33-31-35-37-38-39-36-34-28-26-23-17-18-19-16-14-12-15-13-25-9-11-10-8-21|67-63-62-74-72-61-64-66-69-68-65-49-55-54-53-56-58-60-59-57-40-44-46-45-51-50-52-47-42-41-43-48|5-75-2-1-99-100-97-92-94-95-98-7-3-4-89-91-88-84-86-83-82-85-76-71-70-73-80-79-81-78-77-96-87-90
43,3,604.8628,68.7767,40.0,3385.5278,0,3,28.578331,28.592427,True,93-5-75-2-1-99-100-97-92-94-95-98-7-3-4-89-91-88-86-84-83-82-85-76-71-70-73-80-79-81-78-77-96-87-90|20-22-24-27-30-29-6-31-32-33-35-37-38-39-36-34-28-26-23-17-18-19-15-16-14-12-13-25-9-11-10-8|67-63-62-74-72-61-64-66-69-68-65-49-55-54-53-56-58-60-59-57-40-44-46-45-51-50-52-47-42-41-43-48-21
44,3,604.8628,68.7767,40.0,3385.5278,0,3,28.578331,28.592427,True,93-5-75-2-1-99-100-97-92-94-95-98-7-3-4-89-91-88-86-84-83-82-85-76-71-70-73-80-79-81-78-77-96-87-90|20-22-24-27-30-29-6-31-32-33-35-37-38-39-36-34-28-26-23-17-18-19-15-16-14-12-13-25-9-11-10-8|67-63-62-74-72-61-64-66-69-68-65-49-55-54-53-56-58-60-59-57-40-44-46-45-51-50-52-47-42-41-43-48-21
45,3,605.1369,68.5026,40.0,3385.5278,0,3,28.578331,28.592468,True,93-5-75-2-1-99-100-97-92-94-95-98-7-3-4-89-91-88-86-84-83-82-85-76-71-70-73-80-79-81-78-77-96-87-90|20-22-24-27-30-29-6-32-31-35-33-37-38-39-36-34-28-26-23-17-18-19-15-16-14-12-13-25-9-11-10-8|67-63-62-74-72-61-64-66-69-68-65-49-55-54-53-56-58-60-59-57-40-44-46-45-51-50-52-47-42-41-43-48-21
46,3,605.1369,68.5026,40.0,3385.5278,0,3,28.578331,28.592468,True,93-5-75-2-1-99-100-97-92-94-95-98-7-3-4-89-91-88-86-84-83-82-85-76-71-70-73-80-79-81-78-77-96-87-90|20-22-24-27-30-29-6-32-31-35-33-37-38-39-36-34-28-26-23-17-18-19-15-16-14-12-13-25-9-11-10-8|67-63-62-74-72-61-64-66-69-68-65-49-55-54-53-56-58-60-59-57-40-44-46-45-51-50-52-47-42-41-43-48-21
47,3,605.353,68.2865,40.0,3385.5278,0,3,28.578331,28.5925,True,93-5-75-2-1-99-100-97-92-94-95-98-7-3-4-89-91-88-86-84-83-82-85-76-71-70-73-80-79-81-78-77-96-87-90|20-22-24-27-30-29-6-32-31-33-35-37-38-39-36-34-28-26-23-17-18-19-15-16-14-12-13-25-9-11-10-8|67-63-62-74-72-61-64-66-69-68-65-49-55-54-53-56-58-60-59-57-40-44-46-45-51-50-52-47-42-41-43-48-21
48,3,605.353,68.2865,40.0,3385.5278,0,3,28.578331,28.5925,True,93-5-75-2-1-99-100-97-92-94-95-98-7-3-4-89-91-88-86-84-83-82-85-76-71-70-73-80-79-81-78-77-96-87-90|20-22-24-27-30-29-6-32-31-33-35-37-38-39-36-34-28-26-23-17-18-19-15-16-14-12-13-25-9-11-10-8|67-63-62-74-72-61-64-66-69-68-65-49-55-54-53-56-58-60-59-57-40-44-46-45-51-50-52-47-42-41-43-48-21
49,3,606.4881,67.1514,40.0,3385.5278,0,3,28.578331,28.59267,True,93-5-75-2-1-99-100-97-92-94-95-98-7-3-4-89-91-88-86-84-83-82-85-76-71-70-73-80-79-81-78-77-96-87-90|20-22-24-27-30-29-6-31-32-33-35-38-37-39-36-34-28-26-23-17-18-19-15-16-14-12-13-25-9-11-10-8|67-63-62-74-72-61-64-66-69-68-65-49-55-54-53-56-58-60-59-57-40-44-46-45-51-50-52-47-42-41-43-48-21
50,3,606.4881,67.1514,40.0,3385.5278,0,3,28.578331,28.59267,True,93-5-75-2-1-99-100-97-92-94-95-98-7-3-4-89-91-88-86-84-83-82-85-76-71-70-73-80-79-81-78-77-96-87-90|20-22-24-27-30-29-6-31-32-33-35-38-37-39-36-34-28-26-23-17-18-19-15-16-14-12-13-25-9-11-10-8|67-63-62-74-72-61-64-66-69-68-65-49-55-54-53-56-58-60-59-57-40-44-46-45-51-50-52-47-42-41-43-48-21
51,3,609.0417,64.5978,40.0,3385.5278,0,3,28.578331,28.593054,True,93-5-75-2-1-99-100-97-92-94-95-98-7-3-4-89-91-88-86-84-83-82-85-76-71-70-73-80-79-81-78-77-96-87-90|20-22-24-27-30-29-6-32-31-35-38-39-37-33-34-36-28-26-23-17-18-19-15-16-14-12-13-25-9-11-10-8|67-63-62-74-72-61-64-66-69-68-65-49-55-54-53-56-58-60-59-57-40-44-46-45-51-50-52-47-42-41-43-48-21
52,3,609.0417,64.5978,40.0,3385.5278,0,3,28.578331,28.593054,True,93-5-75-2-1-99-100-97-92-94-95-98-7-3-4-89-91-88-86-84-83-82-85-76-71-70-73-80-79-81-78-77-96-87-90|20-22-24-27-30-29-6-32-31-35-38-39-37-33-34-36-28-26-23-17-18-19-15-16-14-12-13-25-9-11-10-8|67-63-62-74-72-61-64-66-69-68-65-49-55-54-53-56-58-60-59-57-40-44-46-45-51-50-52-47-42-41-43-48-21
53,3,610.2442,81.1338,80.0,3374.2774,0,3,26.890774,26.91065,True,5-20-22-24-27-30-29-6-32-33-31-35-37-38-39-36-34-28-26-23-17-18-19-16-14-12-15-13-25-9-11-10-8-21|67-63-62-74-72-61-64-66-69-68-65-49-55-54-53-56-58-60-59-57-40-44-46-45-51-50-52-47-42-41-43-48|93-75-2-1-99-100-97-92-94-95-98-7-3-4-89-91-88-86-84-83-82-85-76-71-70-73-80-79-81-78-77-96-87-90
54,3,610.2442,81.1338,80.0,3374.2774,0,3,26.890774,26.91065,True,5-20-22-24-27-30-29-6-32-33-31-35-37-38-39-36-34-28-26-23-17-18-19-16-14-12-15-13-25-9-11-10-8-21|67-63-62-74-72-61-64-66-69-68-65-49-55-54-53-56-58-60-59-57-40-44-46-45-51-50-52-47-42-41-43-48|93-75-2-1-99-100-97-92-94-95-98-7-3-4-89-91-88-86-84-83-82-85-76-71-70-73-80-79-81-78-77-96-87-90
55,3,610.2442,81.1338,80.0,3374.2774,0,3,26.890774,26.91065,True,5-20-22-24-27-30-29-6-32-33-31-35-37-38-39-36-34-28-26-23-17-18-19-16-14-12-15-13-25-9-11-10-8-21|67-63-62-74-72-61-64-66-69-68-65-49-55-54-53-56-58-60-59-57-40-44-46-45-51-50-52-47-42-41-43-48|93-75-2-1-99-100-97-92-94-95-98-7-3-4-89-91-88-86-84-83-82-85-76-71-70-73-80-79-81-78-77-96-87-90
56,3,615.1372,0.0,40.0,3385.5278,0,3,28.578331,28.585193,True,93-5-75-2-1-99-100-97-92-94-95-98-7-3-4-89-91-88-86-84-83-82-85-76-71-70-73-80-79-81-78-77-96-87-90|20-22-24-27-30-29-6-32-33-31-35-37-38-39-36-34-28-26-23-18-17-19-16-14-12-15-13-25-9-11-10-8|67-63-62-74-72-61-64-66-69-68-65-49-55-54-53-56-58-60-59-57-40-44-46-45-51-50-52-47-42-41-43-21-48
57,3,615.1372,0.0,40.0,3385.5278,0,3,28.578331,28.585193,True,93-5-75-2-1-99-100-97-92-94-95-98-7-3-4-89-91-88-86-84-83-82-85-76-71-70-73-80-79-81-78-77-96-87-90|20-22-24-27-30-29-6-32-33-31-35-37-38-39-36-34-28-26-23-18-17-19-16-14-12-15-13-25-9-11-10-8|67-63-62-74-72-61-64-66-69-68-65-49-55-54-53-56-58-60-59-57-40-44-46-45-51-50-52-47-42-41-43-21-48
58,3,617.0171,72.1175,60.0,3286.1114,0,3,13.665875,13.671205,True,93-5-75-2-1-99-100-97-92-94-95-98-7-3-4-89-91-88-86-84-83-82-85-76-71-70-73-80-79-81-78-77-87-96|20-22-24-27-30-29-6-32-33-31-35-37-38-39-36-34-28-26-23-17-18-19-16-14-12-15-13-25-9-11-10-8-21|67-63-62-74-72-61-64-66-69-68-65-49-55-54-53-56-58-60-59-57-40-44-46-45-51-50-52-47-42-41-43-48-90
59,3,617.0171,72.1175,60.0,3286.1114,0,3,13.665875,13.671205,True,93-5-75-2-1-99-100-97-92-94-95-98-7-3-4-89-91-88-86-84-83-82-85-76-71-70-73-80-79-81-78-77-87-96|20-22-24-27-30-29-6-32-33-31-35-37-38-39-36-34-28-26-23-17-18-19-16-14-12-15-13-25-9-11-10-8-21|67-63-62-74-72-61-64-66-69-68-65-49-55-54-53-56-58-60-59-57-40-44-46-45-51-50-52-47-42-41-43-48-90
60,3,618.2394,72.1175,60.0,3286.0852,0,3,13.661936,13.667629,True,93-5-75-2-1-99-100-97-92-94-95-98-7-3-4-89-91-88-86-84-83-82-85-76-71-70-73-80-79-81-78-77-87-90|67-63-62-74-72-61-64-66-69-68-65-49-55-54-53-56-58-60-59-57-40-44-46-45-51-50-52-47-42-41-43-48-96|20-22-24-27-30-29-6-32-33-31-35-37-38-39-36-34-28-26-23-17-18-19-16-14-12-15-13-25-9-11-10-8-21
61,3,618.2394,72.1175,60.0,3286.0852,0,3,13.661936,13.667629,True,93-5-75-2-1-99-100-97-92-94-95-98-7-3-4-89-91-88-86-84-83-82-85-76-71-70-73-80-79-81-78-77-87-90|67-63-62-74-72-61-64-66-69-68-65-49-55-54-53-56-58-60-59-57-40-44-46-45-51-50-52-47-42-41-43-48-96|20-22-24-27-30-29-6-32-33-31-35-37-38-39-36-34-28-26-23-17-18-19-16-14-12-15-13-25-9-11-10-8-21
62,3,618.2769,0.0,60.0,3286.0852,0,3,13.661936,13.656822,True,93-5-75-2-1-99-100-97-92-94-95-98-7-3-4-89-91-88-86-84-83-82-85-76-71-70-73-80-79-81-78-77-87-90|20-22-24-27-30-29-6-32-33-31-35-37-38-39-36-34-28-26-23-18-17-19-16-14-12-15-13-25-9-11-10-8-21|67-63-62-74-72-61-64-66-69-68-65-49-55-54-53-56-58-60-59-57-40-44-46-45-51-50-52-47-42-41-43-48-96
63,3,618.2769,0.0,60.0,3286.0852,0,3,13.661936,13.656822,True,93-5-75-2-1-99-100-97-92-94-95-98-7-3-4-89-91-88-86-84-83-82-85-76-71-70-73-80-79-81-78-77-87-90|20-22-24-27-30-29-6-32-33-31-35-37-38-39-36-34-28-26-23-18-17-19-16-14-12-15-13-25-9-11-10-8-21|67-63-62-74-72-61-64-66-69-68-65-49-55-54-53-56-58-60-59-57-40-44-46-45-51-50-52-47-42-41-43-48-96
64,3,626.1643,68.3915,40.0,3263.5503,0,3,10.281697,10.283829,True,93-5-75-2-1-99-100-97-92-94-95-98-7-3-4-89-91-88-86-84-83-82-85-76-71-70-73-80-79-81-78-77-90|20-22-24-27-30-29-6-31-35-33-32-34-36-37-38-39-28-26-23-17-18-19-16-14-12-15-13-25-9-11-10-8-21|67-63-62-74-72-61-64-66-69-68-65-49-55-54-53-56-58-60-59-57-40-44-46-45-51-50-52-47-42-41-43-48-96-87
65,3,626.1643,68.3915,40.0,3263.5503,0,3,10.281697,10.283829,True,93-5-75-2-1-99-100-97-92-94-95-98-7-3-4-89-91-88-86-84-83-82-85-76-71-70-73-80-79-81-78-77-90|20-22-24-27-30-29-6-31-35-33-32-34-36-37-38-39-28-26-23-17-18-19-16-14-12-15-13-25-9-11-10-8-21|67-63-62-74-72-61-64-66-69-68-65-49-55-54-53-56-58-60-59-57-40-44-46-45-51-50-52-47-42-41-43-48-96-87
66,3,627.5714,67.3675,40.0,3263.9334,0,3,10.339164,10.341622,True,93-5-75-2-1-99-100-97-92-94-95-98-7-3-4-89-91-88-86-84-83-82-85-76-71-70-73-80-79-81-78-77-90|20-22-24-27-30-29-6-31-35-32-33-37-38-39-36-34-28-26-23-17-18-19-16-14-12-15-13-25-9-11-10-8-21|67-63-62-74-72-61-64-66-69-68-65-49-55-54-53-56-58-60-59-57-40-44-46-45-51-50-52-47-43-42-41-48-96-87
67,3,630.163,72.1175,20.0,3286.1114,0,3,13.665875,13.671149,True,93-5-75-2-1-99-100-97-92-94-95-98-7-3-4-89-91-88-86-84-83-82-85-76-71-70-73-80-79-81-78-77-87-96|67-63-62-74-72-61-64-66-69-68-65-49-55-54-53-56-58-60-59-57-40-44-46-45-51-50-52-47-42-41-43-48-21-90|20-22-24-27-30-29-6-32-33-31-35-37-38-39-36-34-28-26-23-17-18-19-16-14-12-15-13-25-9-11-10-8
68,3,630.163,72.1175,20.0,3286.1114,0,3,13.665875,13.671149,True,93-5-75-2-1-99-100-97-92-94-95-98-7-3-4-89-91-88-86-84-83-82-85-76-71-70-73-80-79-81-78-77-87-96|67-63-62-74-72-61-64-66-69-68-65-49-55-54-53-56-58-60-59-57-40-44-46-45-51-50-52-47-42-41-43-48-21-90|20-22-24-27-30-29-6-32-33-31-35-37-38-39-36-34-28-26-23-17-18-19-16-14-12-15-13-25-9-11-10-8
69,3,630.3695,0.0,20.0,3286.1114,0,3,13.665875,13.660393,True,93-5-75-2-1-99-100-97-92-94-95-98-7-3-4-89-91-88-86-84-83-82-85-76-71-70-73-80-79-81-78-77-87-96|67-63-62-74-72-61-64-66-69-68-65-49-55-54-53-56-58-60-59-57-40-44-46-45-51-50-52-47-42-41-43-48-21-90|20-22-24-27-30-29-6-32-33-31-35-37-38-39-36-34-28-26-23-18-19-16-14-12-15-17-13-25-9-11-10-8
70,3,630.3695,0.0,20.0,3286.1114,0,3,13.665875,13.660393,True,93-5-75-2-1-99-100-97-92-94-95-98-7-3-4-89-91-88-86-84-83-82-85-76-71-70-73-80-79-81-78-77-87-96|67-63-62-74-72-61-64-66-69-68-65-49-55-54-53-56-58-60-59-57-40-44-46-45-51-50-52-47-42-41-43-48-21-90|20-22-24-27-30-29-6-32-33-31-35-37-38-39-36-34-28-26-23-18-19-16-14-12-15-17-13-25-9-11-10-8
71,4,653.1319,2520.9203,570.0,3237.211,0,4,356.855285,357.282736,True,93-5-75-2-1-99-100-97-92-94-95-98-7-3-4-88-84-83-82-85-76-71-70-73-80-79-81-78-77-87-96|20-22-24-27-30-29-6-31-33-32-35-37-38-39-36-34-28-26-23-17-18-19-16-14-12-15-13-25-9-11-10-8-21|67-63-62-74-72-61-64-68-65-49-55-54-53-56-58-60-59-57-40-44-46-45-51-50-52-47-42-41-43-48|69-66-89-91-86-90
72,4,653.1319,2520.9203,570.0,3237.211,0,4,356.855285,357.282736,True,93-5-75-2-1-99-100-97-92-94-95-98-7-3-4-88-84-83-82-85-76-71-70-73-80-79-81-78-77-87-96|20-22-24-27-30-29-6-31-33-32-35-37-38-39-36-34-28-26-23-17-18-19-16-14-12-15-13-25-9-11-10-8-21|67-63-62-74-72-61-64-68-65-49-55-54-53-56-58-60-59-57-40-44-46-45-51-50-52-47-42-41-43-48|69-66-89-91-86-90
73,4,654.3431,2519.7091,580.0,3237.211,0,4,356.673604,357.102236,True,93-5-75-2-1-99-100-97-92-94-95-98-7-3-4-89-88-84-83-82-85-76-71-70-73-80-79-81-78-77-87-96|20-22-24-27-30-29-6-31-32-33-34-36-35-37-38-39-28-26-23-17-18-19-16-14-12-15-13-25-9-11-10-8-21|67-63-62-74-72-61-64-68-65-49-55-54-53-56-58-60-59-57-40-44-46-45-51-50-52-47-42-41-43-48|69-66-91-86-90
74,4,654.3431,2519.7091,580.0,3237.211,0,4,356.673604,357.102236,True,93-5-75-2-1-99-100-97-92-94-95-98-7-3-4-89-88-84-83-82-85-76-71-70-73-80-79-81-78-77-87-96|20-22-24-27-30-29-6-31-32-33-34-36-35-37-38-39-28-26-23-17-18-19-16-14-12-15-13-25-9-11-10-8-21|67-63-62-74-72-61-64-68-65-49-55-54-53-56-58-60-59-57-40-44-46-45-51-50-52-47-42-41-43-48|69-66-91-86-90
75,4,654.3431,2519.7091,580.0,3237.211,0,4,356.673604,357.102236,True,93-5-75-2-1-99-100-97-92-94-95-98-7-3-4-89-88-84-83-82-85-76-71-70-73-80-79-81-78-77-87-96|20-22-24-27-30-29-6-31-32-33-34-36-35-37-38-39-28-26-23-17-18-19-16-14-12-15-13-25-9-11-10-8-21|67-63-62-74-72-61-64-68-65-49-55-54-53-56-58-60-59-57-40-44-46-45-51-50-52-47-42-41-43-48|69-66-91-86-90
76,4,655.6757,2518.3765,570.0,3237.211,0,4,356.47372,356.901552,True,93-5-75-2-1-99-100-97-92-94-95-98-7-3-4-88-84-83-82-85-76-71-70-73-80-79-81-78-77-87-96|20-22-24-27-30-29-6-31-32-33-34-36-35-37-38-39-28-26-23-17-18-19-16-14-12-15-13-25-9-11-10-8-21|67-63-62-74-72-61-64-68-65-49-55-54-53-56-58-60-59-57-40-44-46-45-51-50-52-47-42-41-43-48|69-66-89-91-86-90
77,4,655.6757,2518.3765,570.0,3237.211,0,4,356.47372,356.901552,True,93-5-75-2-1-99-100-97-92-94-95-98-7-3-4-88-84-83-82-85-76-71-70-73-80-79-81-78-77-87-96|20-22-24-27-30-29-6-31-32-33-34-36-35-37-38-39-28-26-23-17-18-19-16-14-12-15-13-25-9-11-10-8-21|67-63-62-74-72-61-64-68-65-49-55-54-53-56-58-60-59-57-40-44-46-45-51-50-52-47-42-41-43-48|69-66-89-91-86-90
78,4,656.3916,2489.454,560.0,3237.211,0,4,352.13535,352.558058,True,93-5-75-2-1-99-100-97-92-94-95-98-7-3-4-88-84-83-82-85-76-71-70-73-80-79-81-78-77-87-96|20-22-24-27-30-29-6-31-32-33-34-36-35-37-38-39-28-26-23-17-18-19-16-14-12-15-13-25-9-11-10-8-21|63-62-74-72-61-64-68-65-49-55-54-53-56-58-60-59-57-40-44-46-45-51-50-52-47-42-41-43-48|67-69-66-89-91-86-90
79,4,656.3916,2489.454,560.0,3237.211,0,4,352.13535,352.558058,True,93-5-75-2-1-99-100-97-92-94-95-98-7-3-4-88-84-83-82-85-76-71-70-73-80-79-81-78-77-87-96|20-22-24-27-30-29-6-31-32-33-34-36-35-37-38-39-28-26-23-17-18-19-16-14-12-15-13-25-9-11-10-8-21|63-62-74-72-61-64-68-65-49-55-54-53-56-58-60-59-57-40-44-46-45-51-50-52-47-42-41-43-48|67-69-66-89-91-86-90
80,4,656.5981,2424.8464,560.0,3186.4906,0,4,342.444204,342.849675,True,93-5-75-2-1-99-100-97-92-94-95-98-7-3-4-88-84-83-82-85-76-71-70-73-80-79-81-78-77-87-96|20-22-24-27-30-29-6-31-32-33-34-36-35-37-38-39-28-26-23-18-19-16-14-12-15-17-13-25-9-11-10-8-21|63-62-74-72-61-64-68-65-49-55-54-53-56-58-60-59-57-40-44-46-45-51-50-52-47-42-41-43-48|67-69-66-89-91-86-90
81,4,656.5981,2424.8464,560.0,3186.4906,0,4,342.444204,342.849675,True,93-5-75-2-1-99-100-97-92-94-95-98-7-3-4-88-84-83-82-85-76-71-70-73-80-79-81-78-77-87-96|20-22-24-27-30-29-6-31-32-33-34-36-35-37-38-39-28-26-23-18-19-16-14-12-15-17-13-25-9-11-10-8-21|63-62-74-72-61-64-68-65-49-55-54-53-56-58-60-59-57-40-44-46-45-51-50-52-47-42-41-43-48|67-69-66-89-91-86-90
82,3,660.6805,2.5357,30.0,3274.6148,0,3,16.847712,16.85098,True,5-20-22-24-27-30-29-6-31-32-33-35-38-37-39-36-34-28-26-23-17-18-19-15-16-14-12-13-25-9-11-10-8|67-63-62-74-72-61-64-66-69-68-65-49-55-54-53-56-58-60-59-57-40-44-46-45-51-50-52-47-42-41-43-48-21-90|93-75-2-1-99-100-97-92-94-95-98-7-3-4-89-91-88-84-86-83-82-85-76-71-70-73-80-79-81-78-77-87-96
83,3,660.6805,2.5357,30.0,3274.6148,0,3,16.847712,16.85098,True,5-20-22-24-27-30-29-6-31-32-33-35-38-37-39-36-34-28-26-23-17-18-19-15-16-14-12-13-25-9-11-10-8|67-63-62-74-72-61-64-66-69-68-65-49-55-54-53-56-58-60-59-57-40-44-46-45-51-50-52-47-42-41-43-48-21-90|93-75-2-1-99-100-97-92-94-95-98-7-3-4-89-91-88-84-86-83-82-85-76-71-70-73-80-79-81-78-77-87-96
84,4,669.321,2557.7859,280.0,3237.211,0,4,362.385137,362.793974,True,93-5-75-2-1-99-100-97-92-94-95-98-7-3-4-89-91-88-86-84-83-82-85-76-71-70-73-80-79-81-78-77-90|20-24-29-6-32-33-37-38-39-36-34-35-31-52-51-50-47-43-48|22-27-30-28-26-23-17-18-19-16-14-12-15-13-25-9-11-10-8-21|67-63-62-74-72-61-64-66-69-68-65-49-55-54-53-56-58-60-59-57-40-44-46-45-42-41-96-87
85,4,669.321,2557.7859,280.0,3237.211,0,4,362.385137,362.793974,True,93-5-75-2-1-99-100-97-92-94-95-98-7-3-4-89-91-88-86-84-83-82-85-76-71-70-73-80-79-81-78-77-90|20-24-29-6-32-33-37-38-39-36-34-35-31-52-51-50-47-43-48|22-27-30-28-26-23-17-18-19-16-14-12-15-13-25-9-11-10-8-21|67-63-62-74-72-61-64-66-69-68-65-49-55-54-53-56-58-60-59-57-40-44-46-45-42-41-96-87
86,4,672.6856,2554.4213,300.0,3237.211,0,4,361.880441,362.291782,True,93-5-75-2-1-99-100-97-92-94-95-98-7-3-4-89-91-88-86-84-83-82-85-76-71-70-73-80-79-81-78-77-90|20-24-29-6-32-33-37-38-39-36-34-35-31-52-47-43-48|22-27-30-28-26-23-17-18-19-16-14-12-15-13-25-9-11-10-8-21|67-63-62-74-72-61-64-66-69-68-65-49-55-54-53-56-58-60-59-57-40-44-46-51-50-45-42-41-96-87
87,4,672.6856,2554.4213,300.0,3237.211,0,4,361.880441,362.291782,True,93-5-75-2-1-99-100-97-92-94-95-98-7-3-4-89-91-88-86-84-83-82-85-76-71-70-73-80-79-81-78-77-90|20-24-29-6-32-33-37-38-39-36-34-35-31-52-47-43-48|22-27-30-28-26-23-17-18-19-16-14-12-15-13-25-9-11-10-8-21|67-63-62-74-72-61-64-66-69-68-65-49-55-54-53-56-58-60-59-57-40-44-46-51-50-45-42-41-96-87
88,4,672.7154,2554.3915,300.0,3237.211,0,4,361.87597,362.287316,True,93-5-75-2-1-99-100-97-92-94-95-98-7-3-4-89-91-88-86-84-83-82-85-76-71-70-73-80-79-81-78-77-90|20-24-29-6-32-33-37-38-39-36-34-35-31-52-47-43-48|22-27-30-28-26-23-17-18-19-16-14-12-15-13-25-9-11-10-8-21|67-63-62-74-72-61-64-66-69-68-65-49-55-54-53-56-58-60-59-57-40-44-46-45-51-50-42-41-96-87
89,4,672.7154,2554.3915,300.0,3237.211,0,4,361.87597,362.287316,True,93-5-75-2-1-99-100-97-92-94-95-98-7-3-4-89-91-88-86-84-83-82-85-76-71-70-73-80-79-81-78-77-90|20-24-29-6-32-33-37-38-39-36-34-35-31-52-47-43-48|22-27-30-28-26-23-17-18-19-16-14-12-15-13-25-9-11-10-8-21|67-63-62-74-72-61-64-66-69-68-65-49-55-54-53-56-58-60-59-57-40-44-46-45-51-50-42-41-96-87
90,4,675.2145,2551.8925,290.0,3237.211,0,4,361.501115,361.911836,True,93-5-75-2-1-99-100-97-92-94-95-98-7-3-4-89-91-88-86-84-83-82-85-76-71-70-73-80-79-81-78-77-90|20-24-29-6-32-33-37-38-39-36-34-35-31-51-50-52-47-48|22-27-30-28-26-23-17-18-19-16-14-12-15-13-25-9-11-10-8-21|67-63-74-62-66-69-72-61-64-68-65-49-55-54-53-56-58-60-59-57-40-44-46-45-42-43-41-96-87
91,4,675.2145,2551.8925,290.0,3237.211,0,4,361.501115,361.911836,True,93-5-75-2-1-99-100-97-92-94-95-98-7-3-4-89-91-88-86-84-83-82-85-76-71-70-73-80-79-81-78-77-90|20-24-29-6-32-33-37-38-39-36-34-35-31-51-50-52-47-48|22-27-30-28-26-23-17-18-19-16-14-12-15-13-25-9-11-10-8-21|67-63-74-62-66-69-72-61-64-68-65-49-55-54-53-56-58-60-59-57-40-44-46-45-42-43-41-96-87
92,4,676.3636,2550.7433,310.0,3237.211,0,4,361.328742,361.741635,True,93-5-75-2-1-99-100-97-92-94-95-98-7-3-4-89-91-88-86-84-83-82-85-76-71-70-73-80-79-81-78-77-90|20-24-29-6-32-33-31-35-37-38-39-36-34-47-43-48|22-27-30-28-26-23-17-18-19-16-14-12-15-13-25-9-11-10-8-21|67-63-62-74-72-61-64-66-69-68-65-49-55-54-53-56-58-60-59-57-40-44-46-45-51-50-52-42-41-96-87
93,4,676.3636,2550.7433,310.0,3237.211,0,4,361.328742,361.741635,True,93-5-75-2-1-99-100-97-92-94-95-98-7-3-4-89-91-88-86-84-83-82-85-76-71-70-73-80-79-81-78-77-90|20-24-29-6-32-33-31-35-37-38-39-36-34-47-43-48|22-27-30-28-26-23-17-18-19-16-14-12-15-13-25-9-11-10-8-21|67-63-62-74-72-61-64-66-69-68-65-49-55-54-53-56-58-60-59-57-40-44-46-45-51-50-52-42-41-96-87
94,4,677.4217,2549.6852,310.0,3237.211,0,4,361.170027,361.583079,True,93-5-75-2-1-99-100-97-92-94-95-98-7-3-4-89-91-88-86-84-83-82-85-76-71-70-73-80-79-81-78-77-90|20-24-29-6-32-33-37-38-39-36-34-35-31-47-43-48|22-27-30-28-26-23-17-18-19-16-14-12-15-13-25-9-11-10-8-21|67-63-62-74-72-61-64-66-69-68-65-49-55-54-53-56-58-60-59-57-40-44-46-45-51-50-52-42-41-96-87
95,4,677.4217,2549.6852,310.0,3237.211,0,4,361.170027,361.583079,True,93-5-75-2-1-99-100-97-92-94-95-98-7-3-4-89-91-88-86-84-83-82-85-76-71-70-73-80-79-81-78-77-90|20-24-29-6-32-33-37-38-39-36-34-35-31-47-43-48|22-27-30-28-26-23-17-18-19-16-14-12-15-13-25-9-11-10-8-21|67-63-62-74-72-61-64-66-69-68-65-49-55-54-53-56-58-60-59-57-40-44-46-45-51-50-52-42-41-96-87
96,4,677.6018,2549.5051,310.0,3237.211,0,4,361.143016,361.556095,True,93-5-75-2-1-99-100-97-92-94-95-98-7-3-4-89-91-88-86-84-83-82-85-76-71-70-73-80-79-81-78-77-90|20-24-29-6-32-33-37-38-39-36-34-35-31-51-43-48|22-27-30-28-26-23-17-18-19-16-14-12-15-13-25-9-11-10-8-21|67-63-62-74-72-61-64-66-69-68-65-49-55-54-53-56-58-60-59-57-40-44-46-45-50-52-47-42-41-96-87
97,4,677.6018,2549.5051,310.0,3237.211,0,4,361.143016,361.556095,True,93-5-75-2-1-99-100-97-92-94-95-98-7-3-4-89-91-88-86-84-83-82-85-76-71-70-73-80-79-81-78-77-90|20-24-29-6-32-33-37-38-39-36-34-35-31-51-43-48|22-27-30-28-26-23-17-18-19-16-14-12-15-13-25-9-11-10-8-21|67-63-62-74-72-61-64-66-69-68-65-49-55-54-53-56-58-60-59-57-40-44-46-45-50-52-47-42-41-96-87
98,4,678.8557,2548.2512,320.0,3237.211,0,4,360.954931,361.369198,True,93-5-75-2-1-99-100-97-92-94-95-98-7-3-4-89-91-88-86-84-83-82-85-76-71-70-73-80-79-81-78-77-90|20-29-6-32-33-37-38-39-36-34-35-31-47-43-48|22-24-27-30-28-26-23-17-18-19-16-14-12-15-13-25-9-11-10-8-21|67-63-62-74-72-61-64-66-69-68-65-49-55-54-53-56-58-60-59-57-40-44-46-45-51-50-52-42-41-96-87
99,4,678.8557,2548.2512,320.0,3237.211,0,4,360.954931,361.369198,True,93-5-75-2-1-99-100-97-92-94-95-98-7-3-4-89-91-88-86-84-83-82-85-76-71-70-73-80-79-81-78-77-90|20-29-6-32-33-37-38-39-36-34-35-31-47-43-48|22-24-27-30-28-26-23-17-18-19-16-14-12-15-13-25-9-11-10-8-21|67-63-62-74-72-61-64-66-69-68-65-49-55-54-53-56-58-60-59-57-40-44-46-45-51-50-52-42-41-96-87
100,4,680.2967,2546.8102,310.0,3237.211,0,4,360.738779,361.152262,True,93-5-75-2-1-99-100-97-92-94-95-98-7-3-4-89-91-88-86-84-83-82-85-76-71-70-73-80-79-81-78-77-90|20-24-29-6-32-33-39-36-34-37-38-35-31-47-43-48|22-27-30-28-26-23-17-18-19-16-14-12-15-13-25-9-11-10-8-21|67-63-62-74-72-61-64-66-69-68-65-49-55-54-53-56-58-60-59-57-40-44-46-45-51-50-52-42-41-96-87
101,4,680.2967,2546.8102,310.0,3237.211,0,4,360.738779,361.152262,True,93-5-75-2-1-99-100-97-92-94-95-98-7-3-4-89-91-88-86-84-83-82-85-76-71-70-73-80-79-81-78-77-90|20-24-29-6-32-33-39-36-34-37-38-35-31-47-43-48|22-27-30-28-26-23-17-18-19-16-14-12-15-13-25-9-11-10-8-21|67-63-62-74-72-61-64-66-69-68-65-49-55-54-53-56-58-60-59-57-40-44-46-45-51-50-52-42-41-96-87
102,4,682.1537,2544.9533,310.0,3237.211,0,4,360.460238,360.873999,True,93-5-75-2-1-99-100-97-92-94-95-98-7-3-4-89-91-88-86-84-83-82-85-76-71-70-73-80-79-81-78-77-90|20-24-29-6-32-33-37-38-39-36-34-35-31-47-43-48|22-27-30-28-26-23-17-18-19-16-14-12-15-13-25-9-11-10-8-21|67-63-62-66-74-72-61-64-69-68-65-49-55-54-53-56-58-60-59-57-40-44-46-45-51-50-52-42-41-96-87
103,4,682.1537,2544.9533,310.0,3237.211,0,4,360.460238,360.873999,True,93-5-75-2-1-99-100-97-92-94-95-98-7-3-4-89-91-88-86-84-83-82-85-76-71-70-73-80-79-81-78-77-90|20-24-29-6-32-33-37-38-39-36-34-35-31-47-43-48|22-27-30-28-26-23-17-18-19-16-14-12-15-13-25-9-11-10-8-21|67-63-62-66-74-72-61-64-69-68-65-49-55-54-53-56-58-60-59-57-40-44-46-45-51-50-52-42-41-96-87
104,4,691.9502,2535.1567,280.0,3237.211,0,4,358.990757,359.402988,True,93-5-75-2-1-99-100-97-92-94-95-98-7-3-4-89-91-88-86-84-83-82-85-76-71-70-73-80-79-81-78-77-90|22-24-29-6-32-33-38-36-39-28-34-37-35-31-47-43-48|20-27-30-26-23-17-18-19-16-14-12-15-13-25-9-11-10-8-21|67-63-62-74-72-61-64-66-69-68-65-49-55-54-53-56-58-60-59-57-40-44-46-45-51-50-52-42-41-96-87
105,4,691.9502,2535.1567,280.0,3237.211,0,4,358.990757,359.402988,True,93-5-75-2-1-99-100-97-92-94-95-98-7-3-4-89-91-88-86-84-83-82-85-76-71-70-73-80-79-81-78-77-90|22-24-29-6-32-33-38-36-39-28-34-37-35-31-47-43-48|20-27-30-26-23-17-18-19-16-14-12-15-13-25-9-11-10-8-21|67-63-62-74-72-61-64-66-69-68-65-49-55-54-53-56-58-60-59-57-40-44-46-45-51-50-52-42-41-96-87
106,4,693.2218,2538.7161,260.0,3237.211,0,4,359.524666,359.935812,True,93-5-75-2-1-99-100-97-92-94-95-98-7-3-4-89-91-88-86-84-83-82-85-76-71-70-73-80-79-81-78-77-90|20-22-24-27-29-6-32-33-31-35-37-38-39-28-36-34-52-51-47-42-43-48|30-26-23-17-18-19-16-14-12-15-13-25-9-11-10-8-21|67-63-62-66-74-72-61-64-69-68-65-49-55-54-53-56-58-60-59-57-40-44-46-45-50-41-96-87
107,4,693.2218,2538.7161,260.0,3237.211,0,4,359.524666,359.935812,True,93-5-75-2-1-99-100-97-92-94-95-98-7-3-4-89-91-88-86-84-83-82-85-76-71-70-73-80-79-81-78-77-90|20-22-24-27-29-6-32-33-31-35-37-38-39-28-36-34-52-51-47-42-43-48|30-26-23-17-18-19-16-14-12-15-13-25-9-11-10-8-21|67-63-62-66-74-72-61-64-69-68-65-49-55-54-53-56-58-60-59-57-40-44-46-45-50-41-96-87
108,4,693.795,2538.1429,270.0,3237.211,0,4,359.438686,359.850918,True,93-5-75-2-1-99-100-97-92-94-95-98-7-3-4-89-91-88-86-84-83-82-85-76-71-70-73-80-79-81-78-77-90|20-22-24-27-30-29-6-32-33-31-35-37-38-39-28-36-34-52-51-47-42-43-48|26-23-17-18-19-16-14-12-15-13-25-9-11-10-8-21|67-63-62-74-72-61-64-66-69-68-65-49-55-54-53-56-58-60-59-57-40-44-46-45-50-41-96-87
109,4,693.795,2538.1429,270.0,3237.211,0,4,359.438686,359.850918,True,93-5-75-2-1-99-100-97-92-94-95-98-7-3-4-89-91-88-86-84-83-82-85-76-71-70-73-80-79-81-78-77-90|20-22-24-27-30-29-6-32-33-31-35-37-38-39-28-36-34-52-51-47-42-43-48|26-23-17-18-19-16-14-12-15-13-25-9-11-10-8-21|67-63-62-74-72-61-64-66-69-68-65-49-55-54-53-56-58-60-59-57-40-44-46-45-50-41-96-87
110,4,693.9221,2533.1848,290.0,3237.211,0,4,358.694966,359.108493,True,93-5-75-2-1-99-100-97-92-94-95-98-7-3-4-89-91-88-86-84-83-82-85-76-71-70-73-80-79-81-78-77-90|24-29-6-32-33-38-36-39-28-34-37-35-31-52-47-43-48|20-22-27-30-26-23-17-18-19-16-14-12-15-13-25-9-11-10-8-21|67-63-62-61-72-74-66-69-64-68-65-49-55-54-53-56-58-60-59-57-40-44-46-45-51-50-42-41-96-87
111,4,693.9221,2533.1848,290.0,3237.211,0,4,358.694966,359.108493,True,93-5-75-2-1-99-100-97-92-94-95-98-7-3-4-89-91-88-86-84-83-82-85-76-71-70-73-80-79-81-78-77-90|24-29-6-32-33-38-36-39-28-34-37-35-31-52-47-43-48|20-22-27-30-26-23-17-18-19-16-14-12-15-13-25-9-11-10-8-21|67-63-62-61-72-74-66-69-64-68-65-49-55-54-53-56-58-60-59-57-40-44-46-45-51-50-42-41-96-87
112,4,695.567,2531.5399,270.0,3237.211,0,4,358.448235,358.860008,True,93-5-75-2-1-99-100-97-92-94-95-98-7-3-4-89-91-88-86-84-83-82-85-76-71-70-73-80-79-81-78-77-90|20-24-29-6-32-33-38-36-39-28-34-37-35-31-51-50-47-43-48|22-27-30-26-23-17-18-19-16-14-12-15-13-25-9-11-10-8-21|67-63-62-74-64-61-72-66-69-68-65-49-55-54-53-56-58-60-59-57-40-44-46-45-52-42-41-96-87
113,4,695.567,2531.5399,270.0,3237.211,0,4,358.448235,358.860008,True,93-5-75-2-1-99-100-97-92-94-95-98-7-3-4-89-91-88-86-84-83-82-85-76-71-70-73-80-79-81-78-77-90|20-24-29-6-32-33-38-36-39-28-34-37-35-31-51-50-47-43-48|22-27-30-26-23-17-18-19-16-14-12-15-13-25-9-11-10-8-21|67-63-62-74-64-61-72-66-69-68-65-49-55-54-53-56-58-60-59-57-40-44-46-45-52-42-41-96-87
114,4,696.7077,2535.2302,250.0,3237.211,0,4,359.001774,359.412444,True,93-5-75-2-1-99-100-97-92-94-95-98-7-3-4-89-91-88-86-84-83-82-85-76-71-70-73-80-79-81-78-77-90|20-22-24-29-6-32-33-38-36-39-28-34-37-35-31-51-47-42-43-48|27-30-26-23-17-18-19-16-14-12-15-13-25-9-11-10-8-21|67-63-62-74-72-61-64-66-69-68-65-49-55-54-53-56-58-60-59-57-40-44-46-45-50-52-41-96-87
115,4,696.7077,2535.2302,250.0,3237.211,0,4,359.001774,359.412444,True,93-5-75-2-1-99-100-97-92-94-95-98-7-3-4-89-91-88-86-84-83-82-85-76-71-70-73-80-79-81-78-77-90|20-22-24-29-6-32-33-38-36-39-28-34-37-35-31-51-47-42-43-48|27-30-26-23-17-18-19-16-14-12-15-13-25-9-11-10-8-21|67-63-62-74-72-61-64-66-69-68-65-49-55-54-53-56-58-60-59-57-40-44-46-45-50-52-41-96-87
116,4,699.8796,2527.2274,310.0,3237.211,0,4,357.80135,358.217771,True,93-5-75-2-1-99-100-97-92-94-95-98-7-3-4-89-91-88-86-84-83-82-85-76-71-70-73-80-79-81-78-77-90|20-24-29-6-32-37-38-39-36-33-34-35-31-47-43-48|22-27-30-28-26-23-17-18-19-16-14-12-15-13-25-9-11-10-8-21|67-63-62-74-72-64-61-66-69-68-65-49-55-54-53-56-58-60-59-44-57-40-46-45-51-50-52-42-41-96-87
117,4,699.8796,2527.2274,310.0,3237.211,0,4,357.80135,358.217771,True,93-5-75-2-1-99-100-97-92-94-95-98-7-3-4-89-91-88-86-84-83-82-85-76-71-70-73-80-79-81-78-77-90|20-24-29-6-32-37-38-39-36-33-34-35-31-47-43-48|22-27-30-28-26-23-17-18-19-16-14-12-15-13-25-9-11-10-8-21|67-63-62-74-72-64-61-66-69-68-65-49-55-54-53-56-58-60-59-44-57-40-46-45-51-50-52-42-41-96-87
118,4,703.492,2523.615,310.0,3237.211,0,4,357.259489,357.676452,True,93-5-75-2-1-99-100-97-92-94-95-98-7-3-4-89-91-88-86-84-83-82-85-76-71-70-73-80-79-81-78-77-90|20-24-29-6-32-33-37-38-39-36-34-35-31-47-43-48|22-27-30-28-26-23-17-18-19-16-14-12-15-13-25-9-11-10-8-21|67-63-62-74-72-61-64-66-69-68-65-49-53-55-54-56-58-60-59-57-40-44-46-51-45-42-50-52-41-96-87
119,4,703.492,2523.615,310.0,3237.211,0,4,357.259489,357.676452,True,93-5-75-2-1-99-100-97-92-94-95-98-7-3-4-89-91-88-86-84-83-82-85-76-71-70-73-80-79-81-78-77-90|20-24-29-6-32-33-37-38-39-36-34-35-31-47-43-48|22-27-30-28-26-23-17-18-19-16-14-12-15-13-25-9-11-10-8-21|67-63-62-74-72-61-64-66-69-68-65-49-53-55-54-56-58-60-59-57-40-44-46-51-45-42-50-52-41-96-87
120,4,704.0505,1808.6919,400.0,3189.9518,0,4,250.021032,250.332835,True,93-5-75-2-1-99-100-97-92-94-95-98-7-3-4-89-91-88-86-84-83-82-85-76-71-70-73-80-79-81-78-77-87|20-22-24-27-30-29-6-32-33-31-35-37-38-39-36-34-28-26-23-19-15-16-14-12-10-8|66-69-68-21-25-18-17-13-9-11-90-96|67-63-62-74-72-61-64-65-49-55-54-53-56-58-60-59-57-40-44-46-45-51-50-52-47-42-41-43-48
121,4,704.0505,1808.6919,400.0,3189.9518,0,4,250.021032,250.332835,True,93-5-75-2-1-99-100-97-92-94-95-98-7-3-4-89-91-88-86-84-83-82-85-76-71-70-73-80-79-81-78-77-87|20-22-24-27-30-29-6-32-33-31-35-37-38-39-36-34-28-26-23-19-15-16-14-12-10-8|66-69-68-21-25-18-17-13-9-11-90-96|67-63-62-74-72-61-64-65-49-55-54-53-56-58-60-59-57-40-44-46-45-51-50-52-47-42-41-43-48
122,4,709.1147,1763.3679,420.0,3189.9518,0,4,243.222434,243.530958,True,93-5-75-2-1-99-100-97-92-94-95-98-7-3-4-89-91-88-86-84-83-82-85-76-71-70-73-80-79-81-78-77-87|20-24-27-30-29-6-32-33-31-35-37-38-39-36-34-28-26-18-19-15-16-14-12-25-21|67-66-69-22-23-17-13-9-11-10-8-90-96|63-62-74-72-61-64-68-65-49-55-54-53-56-58-60-59-57-40-44-46-45-51-50-52-47-42-41-43-48
123,4,709.1147,1763.3679,420.0,3189.9518,0,4,243.222434,243.530958,True,93-5-75-2-1-99-100-97-92-94-95-98-7-3-4-89-91-88-86-84-83-82-85-76-71-70-73-80-79-81-78-77-87|20-24-27-30-29-6-32-33-31-35-37-38-39-36-34-28-26-18-19-15-16-14-12-25-21|67-66-69-22-23-17-13-9-11-10-8-90-96|63-62-74-72-61-64-68-65-49-55-54-53-56-58-60-59-57-40-44-46-45-51-50-52-47-42-41-43-48
124,4,710.4774,2129.8398,390.0,3189.9518,0,4,298.193215,298.554118,True,93-5-75-2-1-99-100-97-92-94-95-98-7-3-4-89-91-88-86-84-83-82-85-76-71-70-73-80-79-81-78-77-87|20-22-24-27-30-29-32-33-31-35-37-38-39-28-26-19-15-16-14-12-10-8-21|6-34-36-23-18-17-13-25-9-11-90-96|67-63-62-74-72-61-64-66-69-68-65-49-55-54-53-56-58-60-59-57-40-44-46-45-51-50-52-47-42-41-43-48
125,4,710.4774,2129.8398,390.0,3189.9518,0,4,298.193215,298.554118,True,93-5-75-2-1-99-100-97-92-94-95-98-7-3-4-89-91-88-86-84-83-82-85-76-71-70-73-80-79-81-78-77-87|20-22-24-27-30-29-32-33-31-35-37-38-39-28-26-19-15-16-14-12-10-8-21|6-34-36-23-18-17-13-25-9-11-90-96|67-63-62-74-72-61-64-66-69-68-65-49-55-54-53-56-58-60-59-57-40-44-46-45-51-50-52-47-42-41-43-48
126,4,712.1369,1893.7221,350.0,3189.9518,0,4,262.775558,263.097542,True,93-5-75-2-1-99-100-97-92-94-95-98-7-3-4-89-91-88-86-84-83-82-85-76-71-70-73-80-79-81-78-77-87|20-22-24-27-29-30-26-19-15-16-14-12-10-8-21|66-69-68-6-32-33-31-35-37-38-39-36-34-28-23-18-17-13-25-9-11-90-96|67-63-62-74-72-61-64-65-49-55-54-53-56-58-60-59-57-40-44-46-45-51-50-52-47-42-41-43-48
127,4,712.1369,1893.7221,350.0,3189.9518,0,4,262.775558,263.097542,True,93-5-75-2-1-99-100-97-92-94-95-98-7-3-4-89-91-88-86-84-83-82-85-76-71-70-73-80-79-81-78-77-87|20-22-24-27-29-30-26-19-15-16-14-12-10-8-21|66-69-68-6-32-33-31-35-37-38-39-36-34-28-23-18-17-13-25-9-11-90-96|67-63-62-74-72-61-64-65-49-55-54-53-56-58-60-59-57-40-44-46-45-51-50-52-47-42-41-43-48
128,4,714.592,2512.5149,310.0,3237.211,0,4,355.594479,356.013106,True,93-5-75-2-1-99-100-97-92-94-95-98-7-3-4-89-91-88-86-84-83-82-85-76-71-70-73-80-79-81-78-77-90|24-29-20-6-32-33-37-38-39-36-34-35-31-47-43-48|22-27-30-28-26-23-17-18-19-16-14-12-15-13-25-9-11-10-8-21|67-63-62-74-72-61-69-64-66-65-68-49-55-54-53-56-58-60-59-57-40-44-46-45-51-52-50-42-41-96-87
129,4,714.592,2512.5149,310.0,3237.211,0,4,355.594479,356.013106,True,93-5-75-2-1-99-100-97-92-94-95-98-7-3-4-89-91-88-86-84-83-82-85-76-71-70-73-80-79-81-78-77-90|24-29-20-6-32-33-37-38-39-36-34-35-31-47-43-48|22-27-30-28-26-23-17-18-19-16-14-12-15-13-25-9-11-10-8-21|67-63-62-74-72-61-69-64-66-65-68-49-55-54-53-56-58-60-59-57-40-44-46-45-51-52-50-42-41-96-87
130,4,718.436,2508.6709,280.0,3237.211,0,4,355.017886,355.43409,True,93-5-75-2-1-99-100-97-92-94-95-98-7-3-4-89-91-88-86-84-83-82-85-76-71-70-73-80-79-81-78-77-90|22-24-29-6-32-33-38-36-39-28-34-37-35-31-47-43-48|20-27-30-26-23-17-18-19-16-14-12-15-13-25-9-11-10-8-21|67-63-62-74-72-66-61-64-69-49-68-65-55-54-53-56-58-60-59-57-40-44-46-45-51-50-52-42-41-96-87
131,4,718.436,2508.6709,280.0,3237.211,0,4,355.017886,355.43409,True,93-5-75-2-1-99-100-97-92-94-95-98-7-3-4-89-91-88-86-84-83-82-85-76-71-70-73-80-79-81-78-77-90|22-24-29-6-32-33-38-36-39-28-34-37-35-31-47-43-48|20-27-30-26-23-17-18-19-16-14-12-15-13-25-9-11-10-8-21|67-63-62-74-72-66-61-64-69-49-68-65-55-54-53-56-58-60-59-57-40-44-46-45-51-50-52-42-41-96-87
132,4,721.4573,1731.7038,380.0,3189.9518,0,4,238.47281,238.776287,True,93-5-75-2-1-99-100-97-92-94-95-98-7-3-4-89-91-88-86-84-83-82-85-76-71-70-73-80-79-81-78-77-87|20-22-24-27-30-29-32-33-31-35-37-38-39-28-26-18-19-15-16-14-12-25-21|67-66-69-68-6-34-36-23-17-13-9-11-10-8-90-96|63-62-74-72-61-64-65-49-55-54-53-56-58-60-59-57-40-44-46-45-51-50-52-47-42-41-43-48
133,4,721.4573,1731.7038,380.0,3189.9518,0,4,238.47281,238.776287,True,93-5-75-2-1-99-100-97-92-94-95-98-7-3-4-89-91-88-86-84-83-82-85-76-71-70-73-80-79-81-78-77-87|20-22-24-27-30-29-32-33-31-35-37-38-39-28-26-18-19-15-16-14-12-25-21|67-66-69-68-6-34-36-23-17-13-9-11-10-8-90-96|63-62-74-72-61-64-65-49-55-54-53-56-58-60-59-57-40-44-46-45-51-50-52-47-42-41-43-48
134,6,721.7321,7075.4955,540.0,3186.4906,0,6,1040.041578,1041.162786,True,93-5-75-2-1-99-100-97-92-94-95-98-7-3-4-88-84-83-82-85-76-71-70-73-80-79-81-78-77-87-96|12-14-16-15-19-18-17-13-9-11-10-8|20-24-27-29-6-32-33-31-35-37-38-39-36-34-52-50-51-45-47|22-30-28-26-23-25-21|67-63-62-74-72-61-64-66-69-68-65-49-55-54-53-56-58-60-59-57-40-44-46-41-42-43-48|89-91-86-90
135,6,721.7321,7075.4955,540.0,3186.4906,0,6,1040.041578,1041.162786,True,93-5-75-2-1-99-100-97-92-94-95-98-7-3-4-88-84-83-82-85-76-71-70-73-80-79-81-78-77-87-96|12-14-16-15-19-18-17-13-9-11-10-8|20-24-27-29-6-32-33-31-35-37-38-39-36-34-52-50-51-45-47|22-30-28-26-23-25-21|67-63-62-74-72-61-64-66-69-68-65-49-55-54-53-56-58-60-59-57-40-44-46-41-42-43-48|89-91-86-90
136,4,722.2611,1660.6646,360.0,3189.9518,0,4,227.816933,228.107994,True,93-5-75-2-1-99-100-97-92-94-95-98-7-3-4-89-91-88-86-84-83-82-85-76-71-70-73-80-79-81-78-77-87|20-22-24-27-30-29-32-33-31-35-37-38-39-28-26-19-16-14-12-15-25-21|67-66-69-68-6-34-36-23-18-17-13-9-11-10-8-90-96|63-62-74-72-61-64-65-49-55-54-53-56-58-60-59-57-40-44-46-45-51-50-52-47-42-41-43-48
137,4,722.2611,1660.6646,360.0,3189.9518,0,4,227.816933,228.107994,True,93-5-75-2-1-99-100-97-92-94-95-98-7-3-4-89-91-88-86-84-83-82-85-76-71-70-73-80-79-81-78-77-87|20-22-24-27-30-29-32-33-31-35-37-38-39-28-26-19-16-14-12-15-25-21|67-66-69-68-6-34-36-23-18-17-13-9-11-10-8-90-96|63-62-74-72-61-64-65-49-55-54-53-56-58-60-59-57-40-44-46-45-51-50-52-47-42-41-43-48
138,4,729.5069,1723.6542,340.0,3189.9518,0,4,237.265372,237.566056,True,93-5-75-2-1-99-100-97-92-94-95-98-7-3-4-89-91-88-86-84-83-82-85-76-71-70-73-80-79-81-78-77-87|20-22-24-27-30-29-32-33-35-37-38-39-28-26-19-15-16-14-12-25-21|67-66-69-68-6-31-36-34-23-18-17-13-9-11-10-8-90-96|63-62-74-72-61-64-65-49-55-54-53-56-58-60-59-57-40-44-46-45-51-50-52-47-42-41-43-48
139,4,729.5069,1723.6542,340.0,3189.9518,0,4,237.265372,237.566056,True,93-5-75-2-1-99-100-97-92-94-95-98-7-3-4-89-91-88-86-84-83-82-85-76-71-70-73-80-79-81-78-77-87|20-22-24-27-30-29-32-33-35-37-38-39-28-26-19-15-16-14-12-25-21|67-66-69-68-6-31-36-34-23-18-17-13-9-11-10-8-90-96|63-62-74-72-61-64-65-49-55-54-53-56-58-60-59-57-40-44-46-45-51-50-52-47-42-41-43-48
140,4,738.2004,1985.9923,380.0,3099.3109,0,4,276.616098,276.949144,True,93-5-75-2-1-99-100-97-92-94-95-98-7-3-4-89-91-88-86-84-83-82-85-76-71-70-73-80-79-81-78-87|29-6-32-33-31-35-37-38-39-36-34-28-26-23-12-14-15-17-25-21-51-45-42-41-48|67-63-62-74-72-61-64-66-69-68-65-49-55-54-53-56-58-60-59-57-40-44-46-50-52-47-43-96-77-90|20-22-24-27-30-18-19-16-13-9-11-10-8
141,4,738.2004,1985.9923,380.0,3099.3109,0,4,276.616098,276.949144,True,93-5-75-2-1-99-100-97-92-94-95-98-7-3-4-89-91-88-86-84-83-82-85-76-71-70-73-80-79-81-78-87|29-6-32-33-31-35-37-38-39-36-34-28-26-23-12-14-15-17-25-21-51-45-42-41-48|67-63-62-74-72-61-64-66-69-68-65-49-55-54-53-56-58-60-59-57-40-44-46-50-52-47-43-96-77-90|20-22-24-27-30-18-19-16-13-9-11-10-8
142,4,740.0243,2498.9456,240.0,3237.211,0,4,353.559089,353.976311,True,93-5-75-2-1-99-100-97-92-94-95-98-7-3-4-89-91-88-86-84-83-82-85-76-71-70-73-80-79-81-78-90|20-22-24-27-29-6-33-38-36-39-28-34-37-35-31-51-45-42-41-43-47|30-32-26-23-17-18-19-16-14-12-15-13-25-9-11-10-8-21|67-63-62-74-72-61-64-66-69-68-65-49-55-54-53-56-58-60-59-57-40-44-46-50-52-48-96-77-87
143,4,740.0243,2498.9456,240.0,3237.211,0,4,353.559089,353.976311,True,93-5-75-2-1-99-100-97-92-94-95-98-7-3-4-89-91-88-86-84-83-82-85-76-71-70-73-80-79-81-78-90|20-22-24-27-29-6-33-38-36-39-28-34-37-35-31-51-45-42-41-43-47|30-32-26-23-17-18-19-16-14-12-15-13-25-9-11-10-8-21|67-63-62-74-72-61-64-66-69-68-65-49-55-54-53-56-58-60-59-57-40-44-46-50-52-48-96-77-87
144,3,747.7066,71.3449,10.0,3321.844,0,3,42.955533,43.000314,True,93-5-75-2-1-99-100-97-92-94-95-98-7-3-4-89-91-88-86-84-83-82-85-76-71-70-73-80-79-81-78-77-90-9|20-24-27-30-29-6-32-33-31-35-37-38-39-36-34-28-26-23-18-17-19-15-16-14-12-13-25-11-47-43-48-21|22-67-63-62-74-72-61-64-66-69-68-65-49-55-54-53-56-58-60-59-57-40-44-46-45-51-50-52-42-41-96-87-10-8
145,3,747.7066,71.3449,10.0,3321.844,0,3,42.955533,43.000314,True,93-5-75-2-1-99-100-97-92-94-95-98-7-3-4-89-91-88-86-84-83-82-85-76-71-70-73-80-79-81-78-77-90-9|20-24-27-30-29-6-32-33-31-35-37-38-39-36-34-28-26-23-18-17-19-15-16-14-12-13-25-11-47-43-48-21|22-67-63-62-74-72-61-64-66-69-68-65-49-55-54-53-56-58-60-59-57-40-44-46-45-51-50-52-42-41-96-87-10-8
146,4,750.3725,1778.632,320.0,3195.4442,0,4,245.51205,245.826064,True,93-5-75-2-1-99-100-97-92-94-95-98-7-3-4-89-91-88-86-84-83-82-85-76-71-70-73-80-79-81-78-87-90|20-22-24-27-30-29-32-33-31-35-37-38-39-28-26-19-16-14-12-10-8-21|66-69-68-6-34-36-23-18-17-15-13-25-9-11-77-96|67-63-62-74-72-61-64-65-49-55-54-53-56-58-60-59-57-40-44-46-51-50-52-47-45-42-41-43-48
147,4,750.3725,1778.632,320.0,3195.4442,0,4,245.51205,245.826064,True,93-5-75-2-1-99-100-97-92-94-95-98-7-3-4-89-91-88-86-84-83-82-85-76-71-70-73-80-79-81-78-87-90|20-22-24-27-30-29-32-33-31-35-37-38-39-28-26-19-16-14-12-10-8-21|66-69-68-6-34-36-23-18-17-15-13-25-9-11-77-96|67-63-62-74-72-61-64-65-49-55-54-53-56-58-60-59-57-40-44-46-51-50-52-47-45-42-41-43-48
148,4,750.7464,1632.1793,320.0,3189.9518,0,4,223.544142,223.835476,True,93-5-75-2-1-99-100-97-92-94-95-98-7-3-4-89-91-88-86-84-83-82-85-76-71-70-73-80-79-81-78-77-87|20-22-24-27-30-29-32-33-31-35-37-38-39-28-26-19-16-14-12-25-21|67-66-69-68-6-34-36-15-23-18-17-13-9-11-10-8-90-96|63-62-74-72-61-64-65-49-55-54-53-56-58-60-59-57-40-44-46-45-51-50-52-47-42-41-43-48
149,4,750.7464,1632.1793,320.0,3189.9518,0,4,223.544142,223.835476,True,93-5-75-2-1-99-100-97-92-94-95-98-7-3-4-89-91-88-86-84-83-82-85-76-71-70-73-80-79-81-78-77-87|20-22-24-27-30-29-32-33-31-35-37-38-39-28-26-19-16-14-12-25-21|67-66-69-68-6-34-36-15-23-18-17-13-9-11-10-8-90-96|63-62-74-72-61-64-65-49-55-54-53-56-58-60-59-57-40-44-46-45-51-50-52-47-42-41-43-48
150,4,753.9572,1579.4683,270.0,3195.4705,0,4,215.63749,215.917709,True,93-5-75-2-1-99-100-97-92-94-95-98-7-3-4-89-91-88-86-84-83-82-85-76-71-70-73-80-79-81-78-87-96|20-22-24-27-30-29-32-31-35-38-37-33-36-39-28-26-18-19-8-21|66-69-68-6-34-23-17-15-16-14-12-13-25-9-11-10-90-77|67-63-62-74-72-61-64-65-49-55-54-53-56-58-60-59-57-40-44-46-45-51-50-52-47-42-41-43-48
151,4,753.9572,1579.4683,270.0,3195.4705,0,4,215.63749,215.917709,True,93-5-75-2-1-99-100-97-92-94-95-98-7-3-4-89-91-88-86-84-83-82-85-76-71-70-73-80-79-81-78-87-96|20-22-24-27-30-29-32-31-35-38-37-33-36-39-28-26-18-19-8-21|66-69-68-6-34-23-17-15-16-14-12-13-25-9-11-10-90-77|67-63-62-74-72-61-64-65-49-55-54-53-56-58-60-59-57-40-44-46-45-51-50-52-47-42-41-43-48
152,4,757.1053,2481.8647,240.0,3237.211,0,4,350.996944,351.416728,True,93-5-75-2-1-99-100-97-92-94-95-98-7-3-4-89-91-88-86-84-83-82-85-76-71-70-73-80-79-81-78-90|20-22-24-27-29-6-33-38-36-39-28-34-37-35-31-51-45-42-41-43-47|30-32-26-23-17-18-19-16-14-12-15-13-25-9-11-10-8-21|67-63-62-74-72-61-64-66-69-68-65-49-55-54-53-56-58-57-60-59-40-44-46-50-52-48-96-77-87
153,4,757.1053,2481.8647,240.0,3237.211,0,4,350.996944,351.416728,True,93-5-75-2-1-99-100-97-92-94-95-98-7-3-4-89-91-88-86-84-83-82-85-76-71-70-73-80-79-81-78-90|20-22-24-27-29-6-33-38-36-39-28-34-37-35-31-51-45-42-41-43-47|30-32-26-23-17-18-19-16-14-12-15-13-25-9-11-10-8-21|67-63-62-74-72-61-64-66-69-68-65-49-55-54-53-56-58-57-60-59-40-44-46-50-52-48-96-77-87
154,4,764.1011,1980.8306,360.0,3099.3109,0,4,275.84183,276.179873,True,93-5-75-2-1-99-100-97-92-94-95-98-7-3-4-89-91-88-86-84-83-82-85-76-71-70-73-80-79-81-78-87|20-22-24-27-29-33-31-35-37-38-39-36-34-28-26-23-17-15-14-12-25-51-47-43-48|67-63-62-74-72-61-64-66-69-68-65-49-55-54-53-56-58-60-59-57-40-44-46-45-50-52-42-41-96-77-90|6-32-30-18-19-16-13-9-11-10-8-21
155,4,764.1011,1980.8306,360.0,3099.3109,0,4,275.84183,276.179873,True,93-5-75-2-1-99-100-97-92-94-95-98-7-3-4-89-91-88-86-84-83-82-85-76-71-70-73-80-79-81-78-87|20-22-24-27-29-33-31-35-37-38-39-36-34-28-26-23-17-15-14-12-25-51-47-43-48|67-63-62-74-72-61-64-66-69-68-65-49-55-54-53-56-58-60-59-57-40-44-46-45-50-52-42-41-96-77-90|6-32-30-18-19-16-13-9-11-10-8-21
156,4,766.8837,2162.188,320.0,3099.3109,0,4,303.045439,303.40752,True,93-5-75-2-1-99-100-97-92-94-95-98-7-3-4-89-91-88-86-84-83-82-85-76-71-70-73-80-79-81-78-87|20-22-24-27-29-31-35-37-38-39-36-34-28-26-23-17-15-14-12-25-51-45-42-41-43-48|67-63-62-74-72-61-64-66-69-68-65-49-55-54-53-56-58-60-59-57-40-44-46-50-52-47-96-77-90|6-32-33-30-18-19-16-13-9-11-10-8-21
157,4,766.8837,2162.188,320.0,3099.3109,0,4,303.045439,303.40752,True,93-5-75-2-1-99-100-97-92-94-95-98-7-3-4-89-91-88-86-84-83-82-85-76-71-70-73-80-79-81-78-87|20-22-24-27-29-31-35-37-38-39-36-34-28-26-23-17-15-14-12-25-51-45-42-41-43-48|67-63-62-74-72-61-64-66-69-68-65-49-55-54-53-56-58-60-59-57-40-44-46-50-52-47-96-77-90|6-32-33-30-18-19-16-13-9-11-10-8-21
158,4,766.898,725.8002,600.0,3196.2862,0,4,87.587275,87.776448,True,93-5-75-2-1-99-100-97-92-94-95-98-7-3-4-89-91-88-86-84-83-82-85-76-71-70-73-80-79-81-78-87-90|20-22-24-27-30-29-6-32-33-31-35-37-38-39-36-34-28-26-19-16-14-12-8-21-52-50-51-47-42-41-43-48|67-63-62-74-72-61-64-49-55-54-53-56-58-60-59-57-40-44-46-45-23-18-17-15-13-25-9-11-10-77-96|66-65-68-69
159,4,766.898,725.8002,600.0,3196.2862,0,4,87.587275,87.776448,True,93-5-75-2-1-99-100-97-92-94-95-98-7-3-4-89-91-88-86-84-83-82-85-76-71-70-73-80-79-81-78-87-90|20-22-24-27-30-29-6-32-33-31-35-37-38-39-36-34-28-26-19-16-14-12-8-21-52-50-51-47-42-41-43-48|67-63-62-74-72-61-64-49-55-54-53-56-58-60-59-57-40-44-46-45-23-18-17-15-13-25-9-11-10-77-96|66-65-68-69
160,4,771.6727,2231.3926,250.0,3099.3109,0,4,313.426136,313.793034,True,93-5-75-2-1-99-100-97-92-94-95-98-7-3-4-89-91-88-86-84-83-82-85-76-71-70-73-80-79-81-78-87|20-22-24-6-32-29-27-30-12-14-15-17-25-52-51-45-42-41-43-47-48|67-63-62-74-72-61-64-66-69-68-65-49-55-54-53-56-58-60-59-57-40-44-46-50-96-77-90|31-35-38-37-33-34-36-39-28-26-23-18-19-16-13-9-11-10-8-21
161,4,771.6727,2231.3926,250.0,3099.3109,0,4,313.426136,313.793034,True,93-5-75-2-1-99-100-97-92-94-95-98-7-3-4-89-91-88-86-84-83-82-85-76-71-70-73-80-79-81-78-87|20-22-24-6-32-29-27-30-12-14-15-17-25-52-51-45-42-41-43-47-48|67-63-62-74-72-61-64-66-69-68-65-49-55-54-53-56-58-60-59-57-40-44-46-50-96-77-90|31-35-38-37-33-34-36-39-28-26-23-18-19-16-13-9-11-10-8-21
162,4,774.2421,2136.3041,290.0,3099.3109,0,4,299.162868,299.520274,True,93-5-75-2-1-99-100-97-92-94-95-98-7-3-4-89-91-88-86-84-83-82-85-76-71-70-73-80-79-81-78-87|27-31-35-37-38-39-36-34-28-26-23-12-14-15-17-25-21-51-45-42-41-43-47-48|67-63-62-74-72-61-64-66-69-68-65-49-55-54-53-56-58-60-59-57-40-44-46-50-52-96-77-90|20-22-24-6-32-33-29-30-18-19-16-13-9-11-10-8
163,4,774.2421,2136.3041,290.0,3099.3109,0,4,299.162868,299.520274,True,93-5-75-2-1-99-100-97-92-94-95-98-7-3-4-89-91-88-86-84-83-82-85-76-71-70-73-80-79-81-78-87|27-31-35-37-38-39-36-34-28-26-23-12-14-15-17-25-21-51-45-42-41-43-47-48|67-63-62-74-72-61-64-66-69-68-65-49-55-54-53-56-58-60-59-57-40-44-46-50-52-96-77-90|20-22-24-6-32-33-29-30-18-19-16-13-9-11-10-8
164,4,774.4576,1697.0865,310.0,3189.7639,0,4,233.280227,233.587383,True,93-5-75-2-1-99-100-97-92-94-95-98-7-3-4-89-91-86-83-82-85-76-71-70-73-80-79-81-78-96-87-90|20-22-24-27-30-29-6-32-33-31-35-37-38-39-36-34-28-26-23-19-16-14-12-10-8-21|69-66-84-88-15-18-17-13-25-9-11-77|67-63-62-74-72-61-64-68-65-49-55-54-53-56-58-60-59-57-40-44-46-51-50-52-47-45-42-41-43-48
165,4,774.4576,1697.0865,310.0,3189.7639,0,4,233.280227,233.587383,True,93-5-75-2-1-99-100-97-92-94-95-98-7-3-4-89-91-86-83-82-85-76-71-70-73-80-79-81-78-96-87-90|20-22-24-27-30-29-6-32-33-31-35-37-38-39-36-34-28-26-23-19-16-14-12-10-8-21|69-66-84-88-15-18-17-13-25-9-11-77|67-63-62-74-72-61-64-68-65-49-55-54-53-56-58-60-59-57-40-44-46-51-50-52-47-45-42-41-43-48
166,4,774.791,1660.0809,340.0,3107.1061,0,4,227.729384,228.021691,True,93-5-75-2-1-99-100-97-92-94-95-98-7-3-4-89-91-88-86-84-83-82-85-76-71-70-80-73-79-81-78-87|20-22-24-27-30-29-32-33-31-35-37-38-39-28-26-19-15-16-14-12-25-21|67-66-69-68-6-34-36-23-18-17-9-13-11-10-8-77-90-96|63-62-74-72-61-64-65-49-55-54-53-56-58-60-59-57-40-44-46-45-51-50-52-47-42-41-43-48
167,4,774.791,1660.0809,340.0,3107.1061,0,4,227.729384,228.021691,True,93-5-75-2-1-99-100-97-92-94-95-98-7-3-4-89-91-88-86-84-83-82-85-76-71-70-80-73-79-81-78-87|20-22-24-27-30-29-32-33-31-35-37-38-39-28-26-19-15-16-14-12-25-21|67-66-69-68-6-34-36-23-18-17-9-13-11-10-8-77-90-96|63-62-74-72-61-64-65-49-55-54-53-56-58-60-59-57-40-44-46-45-51-50-52-47-42-41-43-48
168,4,787.298,1643.0681,300.0,3189.7639,0,4,225.177459,225.479364,True,93-5-75-2-1-99-100-97-92-94-95-98-7-3-4-89-91-86-83-82-85-76-71-70-73-80-79-81-78-96-87-90|20-22-24-30-27-29-6-32-31-35-38-37-33-34-36-39-28-26-23-19-16-14-12-10-8-21|68-69-66-84-88-15-18-17-13-25-9-11-77|67-63-62-74-72-61-64-65-49-55-54-53-56-58-60-59-57-40-44-46-51-50-52-47-45-42-41-43-48
169,4,787.298,1643.0681,300.0,3189.7639,0,4,225.177459,225.479364,True,93-5-75-2-1-99-100-97-92-94-95-98-7-3-4-89-91-86-83-82-85-76-71-70-73-80-79-81-78-96-87-90|20-22-24-30-27-29-6-32-31-35-38-37-33-34-36-39-28-26-23-19-16-14-12-10-8-21|68-69-66-84-88-15-18-17-13-25-9-11-77|67-63-62-74-72-61-64-65-49-55-54-53-56-58-60-59-57-40-44-46-51-50-52-47-45-42-41-43-48
170,4,789.4686,370.4364,550.0,3241.2742,0,4,55.484142,55.62853,True,93-5-75-2-1-99-100-97-92-94-95-98-7-3-4-89-91-88-86-84-83-82-85-76-71-70-73-80-79-81-78-77-87|20-22-24-27-30-29-31-35-37-38-39-36-34-28-26-23-18-19-16-14-12-9-8-45-51-50-52-42-41-43-48-21|67-63-62-66-74-72-61-64-69-68-65-49-55-54-53-56-58-60-59-57-40-44-46-47-25-17-15-13-11-10-90-96|33-32-6
171,4,789.4686,370.4364,550.0,3241.2742,0,4,55.484142,55.62853,True,93-5-75-2-1-99-100-97-92-94-95-98-7-3-4-89-91-88-86-84-83-82-85-76-71-70-73-80-79-81-78-77-87|20-22-24-27-30-29-31-35-37-38-39-36-34-28-26-23-18-19-16-14-12-9-8-45-51-50-52-42-41-43-48-21|67-63-62-66-74-72-61-64-69-68-65-49-55-54-53-56-58-60-59-57-40-44-46-47-25-17-15-13-11-10-90-96|33-32-6
172,4,798.6002,1623.2568,330.0,3193.3608,0,4,222.205773,222.511636,True,93-5-75-2-1-99-100-97-92-94-95-98-7-3-4-89-91-88-86-84-83-82-85-76-71-73-70-80-79-81-78-77-87|20-22-24-27-30-29-32-33-35-31-37-38-36-39-28-26-19-15-16-14-12-21|6-67-66-69-68-34-23-18-17-13-9-11-25-10-8-90-96|63-62-74-72-61-64-65-49-55-54-53-56-58-60-59-57-40-44-46-45-51-50-52-47-42-41-43-48
173,4,798.6002,1623.2568,330.0,3193.3608,0,4,222.205773,222.511636,True,93-5-75-2-1-99-100-97-92-94-95-98-7-3-4-89-91-88-86-84-83-82-85-76-71-73-70-80-79-81-78-77-87|20-22-24-27-30-29-32-33-35-31-37-38-36-39-28-26-19-15-16-14-12-21|6-67-66-69-68-34-23-18-17-13-9-11-25-10-8-90-96|63-62-74-72-61-64-65-49-55-54-53-56-58-60-59-57-40-44-46-45-51-50-52-47-42-41-43-48
174,4,798.9419,2114.1033,300.0,3099.3109,0,4,295.83274,296.195225,True,93-5-75-2-1-99-100-97-92-94-95-98-7-3-4-89-91-88-86-84-83-82-85-76-71-70-73-80-79-81-78-87|20-22-24-27-29-34-37-38-39-36-23-19-16-14-12-15-25-51-45-42-41-43-47-48|30-67-63-62-74-72-61-64-66-69-68-65-49-55-54-53-56-58-60-59-57-40-44-46-50-52-96-77-90|6-31-35-33-32-28-26-18-17-13-9-11-10-8-21
175,4,798.9419,2114.1033,300.0,3099.3109,0,4,295.83274,296.195225,True,93-5-75-2-1-99-100-97-92-94-95-98-7-3-4-89-91-88-86-84-83-82-85-76-71-70-73-80-79-81-78-87|20-22-24-27-29-34-37-38-39-36-23-19-16-14-12-15-25-51-45-42-41-43-47-48|30-67-63-62-74-72-61-64-66-69-68-65-49-55-54-53-56-58-60-59-57-40-44-46-50-52-96-77-90|6-31-35-33-32-28-26-18-17-13-9-11-10-8-21
176,4,800.7705,1967.1768,320.0,3186.4644,0,4,273.793766,274.149834,True,93-5-75-2-1-99-100-97-92-94-95-98-7-3-4-89-91-88-83-82-85-76-71-70-73-80-79-81-78-87-90|20-22-24-27-30-29-6-32-33-31-35-37-38-39-36-28-26-19-16-14-12-9-11-10-8-21|69-66-84-86-34-23-18-17-15-13-25-77-96|67-63-62-74-72-61-64-68-65-49-55-54-53-56-58-60-59-57-40-44-46-45-51-50-52-47-42-41-43-48
177,4,800.7705,1967.1768,320.0,3186.4644,0,4,273.793766,274.149834,True,93-5-75-2-1-99-100-97-92-94-95-98-7-3-4-89-91-88-83-82-85-76-71-70-73-80-79-81-78-87-90|20-22-24-27-30-29-6-32-33-31-35-37-38-39-36-28-26-19-16-14-12-9-11-10-8-21|69-66-84-86-34-23-18-17-15-13-25-77-96|67-63-62-74-72-61-64-68-65-49-55-54-53-56-58-60-59-57-40-44-46-45-51-50-52-47-42-41-43-48
178,4,800.931,2086.2989,330.0,3171.5395,0,4,291.662084,292.03483,True,93-5-75-2-1-99-100-97-92-94-95-98-7-3-4-89-91-88-86-84-83-82-85-76-71-70-73-80-79-81-78-87|20-22-24-27-29-31-35-37-38-39-36-34-28-26-23-17-15-14-12-25-51-42-43-48|30-67-63-62-74-72-61-64-66-69-68-65-49-55-54-53-56-58-60-59-57-40-44-46-45-50-52-47-41-96-77-90|6-32-33-18-19-16-13-9-11-10-8-21
179,4,800.931,2086.2989,330.0,3171.5395,0,4,291.662084,292.03483,True,93-5-75-2-1-99-100-97-92-94-95-98-7-3-4-89-91-88-86-84-83-82-85-76-71-70-73-80-79-81-78-87|20-22-24-27-29-31-35-37-38-39-36-34-28-26-23-17-15-14-12-25-51-42-43-48|30-67-63-62-74-72-61-64-66-69-68-65-49-55-54-53-56-58-60-59-57-40-44-46-45-50-52-47-41-96-77-90|6-32-33-18-19-16-13-9-11-10-8-21
180,4,801.9336,2086.2989,330.0,3099.3109,0,4,291.662084,292.024296,True,93-5-75-2-1-99-100-97-92-94-95-98-7-3-4-89-91-88-86-84-83-82-85-76-71-70-73-80-79-81-78-87|20-22-24-27-29-31-35-37-38-39-36-34-28-26-23-17-15-14-12-25-51-42-41-43-48|30-67-63-62-74-72-61-64-66-69-68-65-49-55-54-53-56-58-60-59-57-40-44-46-45-50-52-47-96-77-90|6-32-33-18-19-16-13-9-11-10-8-21
181,4,801.9336,2086.2989,330.0,3099.3109,0,4,291.662084,292.024296,True,93-5-75-2-1-99-100-97-92-94-95-98-7-3-4-89-91-88-86-84-83-82-85-76-71-70-73-80-79-81-78-87|20-22-24-27-29-31-35-37-38-39-36-34-28-26-23-17-15-14-12-25-51-42-41-43-48|30-67-63-62-74-72-61-64-66-69-68-65-49-55-54-53-56-58-60-59-57-40-44-46-45-50-52-47-96-77-90|6-32-33-18-19-16-13-9-11-10-8-21
182,4,806.5579,920.8706,550.0,3195.4442,0,4,116.847841,117.073047,True,93-5-75-2-1-99-100-97-92-94-95-98-7-3-4-89-91-88-86-84-83-82-85-76-71-70-73-80-79-81-78-87-90|20-22-24-27-30-29-6-32-33-31-35-37-38-39-36-34-28-26-19-16-14-12-21-52-50-51-45-42-41-47-43-48|67-63-62-74-72-61-64-49-54-56-58-60-59-57-40-44-46-23-18-17-15-13-25-9-11-10-8-77-96|66-69-68-55-53-65
183,4,806.5579,920.8706,550.0,3195.4442,0,4,116.847841,117.073047,True,93-5-75-2-1-99-100-97-92-94-95-98-7-3-4-89-91-88-86-84-83-82-85-76-71-70-73-80-79-81-78-87-90|20-22-24-27-30-29-6-32-33-31-35-37-38-39-36-34-28-26-19-16-14-12-21-52-50-51-45-42-41-47-43-48|67-63-62-74-72-61-64-49-54-56-58-60-59-57-40-44-46-23-18-17-15-13-25-9-11-10-8-77-96|66-69-68-55-53-65
184,4,810.522,1582.6916,270.0,3195.4442,0,4,216.120981,216.418649,True,93-5-75-2-1-99-100-97-92-94-95-98-7-3-4-89-91-88-86-84-83-82-85-76-71-70-73-80-79-81-78-87-90|20-22-24-27-30-29-6-32-33-31-35-37-38-39-28-26-19-16-14-12-8-21-52|66-69-68-59-58-60-34-36-23-18-17-15-13-25-9-11-10-77-96|67-63-62-74-72-61-64-65-49-55-54-53-56-57-40-44-46-45-51-50-47-42-41-43-48
185,4,810.522,1582.6916,270.0,3195.4442,0,4,216.120981,216.418649,True,93-5-75-2-1-99-100-97-92-94-95-98-7-3-4-89-91-88-86-84-83-82-85-76-71-70-73-80-79-81-78-87-90|20-22-24-27-30-29-6-32-33-31-35-37-38-39-28-26-19-16-14-12-8-21-52|66-69-68-59-58-60-34-36-23-18-17-15-13-25-9-11-10-77-96|67-63-62-74-72-61-64-65-49-55-54-53-56-57-40-44-46-45-51-50-47-42-41-43-48
186,4,811.2734,1165.4308,460.0,3195.4442,0,4,153.531862,153.786166,True,93-5-75-2-1-99-100-97-92-94-95-98-7-3-4-89-91-88-86-84-83-82-85-76-71-70-73-80-79-81-78-87-90|20-22-24-27-30-29-6-33-32-31-35-37-38-39-36-34-28-26-19-16-14-12-21-52-50-51-45-42-41-47-43-48|67-63-62-74-72-61-64-49-54-58-60-59-40-44-46-23-18-17-15-13-25-9-11-10-8-77-96|66-69-68-65-55-53-56-57
187,4,811.2734,1165.4308,460.0,3195.4442,0,4,153.531862,153.786166,True,93-5-75-2-1-99-100-97-92-94-95-98-7-3-4-89-91-88-86-84-83-82-85-76-71-70-73-80-79-81-78-87-90|20-22-24-27-30-29-6-33-32-31-35-37-38-39-36-34-28-26-19-16-14-12-21-52-50-51-45-42-41-47-43-48|67-63-62-74-72-61-64-49-54-58-60-59-40-44-46-23-18-17-15-13-25-9-11-10-8-77-96|66-69-68-65-55-53-56-57
188,4,812.6617,1608.0988,280.0,3189.7639,0,4,219.932072,220.234341,True,93-5-75-2-1-99-100-97-92-94-95-98-7-3-4-89-91-86-83-82-85-76-71-70-73-80-79-81-78-96-87-90|20-22-24-27-30-29-32-31-35-33-37-38-39-36-34-28-26-23-19-16-14-12-10-8-21|6-68-69-66-84-88-15-18-17-13-25-9-11-77|67-63-62-74-72-61-64-65-49-55-54-53-56-58-60-59-57-40-44-46-45-51-50-52-47-42-41-43-48
189,4,812.6617,1608.0988,280.0,3189.7639,0,4,219.932072,220.234341,True,93-5-75-2-1-99-100-97-92-94-95-98-7-3-4-89-91-86-83-82-85-76-71-70-73-80-79-81-78-96-87-90|20-22-24-27-30-29-32-31-35-33-37-38-39-36-34-28-26-23-19-16-14-12-10-8-21|6-68-69-66-84-88-15-18-17-13-25-9-11-77|67-63-62-74-72-61-64-65-49-55-54-53-56-58-60-59-57-40-44-46-45-51-50-52-47-42-41-43-48
190,4,815.7639,1694.6553,310.0,3186.4644,0,4,232.915537,233.234225,True,93-5-75-2-1-99-100-97-92-94-95-98-7-3-4-89-91-86-83-82-85-76-71-70-73-80-79-81-78-87-90|20-22-24-27-30-29-32-31-35-38-39-37-33-34-36-28-26-18-19-15-16-14-12-10-8-21|6-68-69-66-84-88-23-17-13-25-9-11-77-96|67-63-62-74-72-61-64-65-49-55-54-53-56-58-60-59-57-40-44-46-45-51-50-52-47-42-41-43-48
191,4,815.7639,1694.6553,310.0,3186.4644,0,4,232.915537,233.234225,True,93-5-75-2-1-99-100-97-92-94-95-98-7-3-4-89-91-86-83-82-85-76-71-70-73-80-79-81-78-87-90|20-22-24-27-30-29-32-31-35-38-39-37-33-34-36-28-26-18-19-15-16-14-12-10-8-21|6-68-69-66-84-88-23-17-13-25-9-11-77-96|67-63-62-74-72-61-64-65-49-55-54-53-56-58-60-59-57-40-44-46-45-51-50-52-47-42-41-43-48
192,4,819.2307,831.2874,520.0,3195.4442,0,4,103.410361,103.62293,True,93-5-75-2-1-99-100-97-92-94-95-98-7-3-4-89-91-88-86-84-83-82-85-76-71-70-73-80-79-81-78-87-90|20-22-24-27-30-29-6-32-33-31-35-37-38-39-36-34-28-26-19-16-12-8-21-52-50-51-45-42-41-47-43-48|67-63-62-74-72-61-64-49-54-53-58-60-59-57-40-44-46-23-18-17-15-14-13-25-9-11-10-77-96|66-69-68-65-55-56
193,4,819.2307,831.2874,520.0,3195.4442,0,4,103.410361,103.62293,True,93-5-75-2-1-99-100-97-92-94-95-98-7-3-4-89-91-88-86-84-83-82-85-76-71-70-73-80-79-81-78-87-90|20-22-24-27-30-29-6-32-33-31-35-37-38-39-36-34-28-26-19-16-12-8-21-52-50-51-45-42-41-47-43-48|67-63-62-74-72-61-64-49-54-53-58-60-59-57-40-44-46-23-18-17-15-14-13-25-9-11-10-77-96|66-69-68-65-55-56
194,4,820.5282,1682.6086,270.0,3189.7639,0,4,231.108529,231.423334,True,93-5-75-2-1-99-100-97-92-94-95-98-7-3-4-89-91-86-83-82-85-76-71-70-73-80-79-81-78-96-87-90|20-22-24-27-30-29-6-32-38-37-35-31-33-36-39-28-26-19-16-14-12-10-8-21|68-69-66-84-88-34-23-18-17-15-13-25-9-11-77|67-63-62-74-72-61-64-65-49-55-54-53-56-58-60-59-57-40-44-46-45-51-50-52-47-42-41-43-48
195,4,820.5282,1682.6086,270.0,3189.7639,0,4,231.108529,231.423334,True,93-5-75-2-1-99-100-97-92-94-95-98-7-3-4-89-91-86-83-82-85-76-71-70-73-80-79-81-78-96-87-90|20-22-24-27-30-29-6-32-38-37-35-31-33-36-39-28-26-19-16-14-12-10-8-21|68-69-66-84-88-34-23-18-17-15-13-25-9-11-77|67-63-62-74-72-61-64-65-49-55-54-53-56-58-60-59-57-40-44-46-45-51-50-52-47-42-41-43-48
196,4,821.2734,1155.4308,460.0,3195.4442,0,4,152.031862,152.287666,True,93-5-75-2-1-99-100-97-92-94-95-98-7-3-4-89-91-88-86-84-83-82-85-76-71-70-73-80-79-81-78-87-90|20-22-24-27-30-29-6-33-32-31-35-37-38-39-36-34-28-26-19-16-14-12-21-52-50-51-45-42-41-47-43-48|67-63-61-62-74-72-64-49-54-58-60-59-40-44-46-23-18-17-15-13-25-9-11-10-8-77-96|66-69-68-65-55-53-56-57
197,4,821.2734,1155.4308,460.0,3195.4442,0,4,152.031862,152.287666,True,93-5-75-2-1-99-100-97-92-94-95-98-7-3-4-89-91-88-86-84-83-82-85-76-71-70-73-80-79-81-78-87-90|20-22-24-27-30-29-6-33-32-31-35-37-38-39-36-34-28-26-19-16-14-12-21-52-50-51-45-42-41-47-43-48|67-63-61-62-74-72-64-49-54-58-60-59-40-44-46-23-18-17-15-13-25-9-11-10-8-77-96|66-69-68-65-55-53-56-57
198,4,824.3381,2066.2735,250.0,3189.9518,0,4,288.658268,289.029795,True,93-5-75-2-1-99-100-97-92-94-95-98-7-3-4-89-91-88-86-84-83-82-85-76-71-70-73-80-79-81-78-77-87|20-22-24-27-30-29-6-32-31-35-38-39-28-36-34-59-45-50-52-47-42-41-43-48|67-63-62-74-72-61-64-68-65-55-54-53-58-60-57-40-44-46-51-96-90|69-66-49-56-33-37-26-23-18-19-16-14-12-15-17-13-25-9-11-10-8-21
199,4,824.3381,2066.2735,250.0,3189.9518,0,4,288.658268,289.029795,True,93-5-75-2-1-99-100-97-92-94-95-98-7-3-4-89-91-88-86-84-83-82-85-76-71-70-73-80-79-81-78-77-87|20-22-24-27-30-29-6-32-31-35-38-39-28-36-34-59-45-50-52-47-42-41-43-48|67-63-62-74-72-61-64-68-65-55-54-53-58-60-57-40-44-46-51-96-90|69-66-49-56-33-37-26-23-18-19-16-14-12-15-17-13-25-9-11-10-8-21
200,4,827.9421,1521.3534,320.0,3189.7639,0,4,206.920251,207.218092,True,93-5-75-2-1-99-100-97-92-94-95-98-7-3-4-89-91-86-83-82-85-76-71-70-73-80-79-81-78-96-87-90|20-22-24-27-30-29-6-32-31-35-38-39-37-33-36-28-26-23-19-12-14-16-9-25-21-8|68-69-66-84-88-34-18-17-15-13-11-10-77|67-63-62-74-72-61-64-65-49-55-54-53-56-58-60-59-57-40-44-46-45-51-50-52-47-42-41-43-48
201,4,827.9421,1521.3534,320.0,3189.7639,0,4,206.920251,207.218092,True,93-5-75-2-1-99-100-97-92-94-95-98-7-3-4-89-91-86-83-82-85-76-71-70-73-80-79-81-78-96-87-90|20-22-24-27-30-29-6-32-31-35-38-39-37-33-36-28-26-23-19-12-14-16-9-25-21-8|68-69-66-84-88-34-18-17-15-13-11-10-77|67-63-62-74-72-61-64-65-49-55-54-53-56-58-60-59-57-40-44-46-45-51-50-52-47-42-41-43-48
202,4,828.3702,1592.3903,310.0,3189.7639,0,4,217.575793,217.883418,True,93-5-75-2-1-99-100-97-92-94-95-98-7-3-4-89-91-86-83-82-85-76-71-70-73-80-79-81-78-96-87-90|20-22-24-27-30-29-31-35-37-33-32-34-39-38-36-28-26-19-15-16-14-12-10-8-21|6-68-69-66-84-88-23-18-17-13-25-9-11-77|67-63-62-74-72-61-64-65-49-55-54-53-56-58-60-59-57-40-44-46-45-51-50-52-47-42-41-43-48
203,4,828.3702,1592.3903,310.0,3189.7639,0,4,217.575793,217.883418,True,93-5-75-2-1-99-100-97-92-94-95-98-7-3-4-89-91-86-83-82-85-76-71-70-73-80-79-81-78-96-87-90|20-22-24-27-30-29-31-35-37-33-32-34-39-38-36-28-26-19-15-16-14-12-10-8-21|6-68-69-66-84-88-23-18-17-13-25-9-11-77|67-63-62-74-72-61-64-65-49-55-54-53-56-58-60-59-57-40-44-46-45-51-50-52-47-42-41-43-48
204,4,830.116,1269.5379,430.0,3125.2631,0,4,169.147928,169.409974,True,93-5-75-2-1-99-100-97-92-94-95-98-7-3-4-89-91-88-86-84-83-82-85-76-71-70-73-80-79-81-78-87|20-22-24-27-30-29-6-32-33-36-28-26-18-19-16-14-12-9-8-21-52-50-47-42-41-43-48|67-63-74-62-66-72-61-64-49-54-56-58-60-59-57-40-44-46-45-51-23-25-17-15-13-11-10-90-77-96|69-68-65-55-53-31-35-37-38-39-34
205,4,830.116,1269.5379,430.0,3125.2631,0,4,169.147928,169.409974,True,93-5-75-2-1-99-100-97-92-94-95-98-7-3-4-89-91-88-86-84-83-82-85-76-71-70-73-80-79-81-78-87|20-22-24-27-30-29-6-32-33-36-28-26-18-19-16-14-12-9-8-21-52-50-47-42-41-43-48|67-63-74-62-66-72-61-64-49-54-56-58-60-59-57-40-44-46-45-51-23-25-17-15-13-11-10-90-77-96|69-68-65-55-53-31-35-37-38-39-34
206,4,831.9107,1173.8174,450.0,3125.287,0,4,154.78986,155.040089,True,93-5-75-2-1-99-100-97-92-94-95-98-7-3-4-89-91-88-86-84-83-82-85-76-71-70-73-80-79-81-78-87|20-22-24-27-30-29-6-32-33-36-39-28-26-18-19-16-14-12-9-8-21-52-50-47-42-41-43-48|67-63-74-62-66-72-61-64-49-54-56-58-60-59-57-40-44-46-45-51-23-17-15-13-25-11-10-90-77-96|69-68-65-55-53-31-35-38-37-34
207,4,831.9107,1173.8174,450.0,3125.287,0,4,154.78986,155.040089,True,93-5-75-2-1-99-100-97-92-94-95-98-7-3-4-89-91-88-86-84-83-82-85-76-71-70-73-80-79-81-78-87|20-22-24-27-30-29-6-32-33-36-39-28-26-18-19-16-14-12-9-8-21-52-50-47-42-41-43-48|67-63-74-62-66-72-61-64-49-54-56-58-60-59-57-40-44-46-45-51-23-17-15-13-25-11-10-90-77-96|69-68-65-55-53-31-35-38-37-34
208,4,831.9769,1085.9098,440.0,3195.4442,0,4,141.60372,141.850307,True,93-5-75-2-1-99-100-97-92-94-95-98-7-3-4-89-91-88-86-84-83-82-85-76-71-70-73-80-79-81-78-87-90|20-22-24-27-30-29-6-32-33-37-39-36-28-26-23-18-19-16-14-12-9-8-21-47-50-42-41-43-48|67-63-74-62-66-72-61-64-49-54-56-58-59-57-40-44-46-45-51-52-25-17-15-13-11-10-77-96|69-68-65-55-53-60-31-35-38-34
209,4,831.9769,1085.9098,440.0,3195.4442,0,4,141.60372,141.850307,True,93-5-75-2-1-99-100-97-92-94-95-98-7-3-4-89-91-88-86-84-83-82-85-76-71-70-73-80-79-81-78-87-90|20-22-24-27-30-29-6-32-33-37-39-36-28-26-23-18-19-16-14-12-9-8-21-47-50-42-41-43-48|67-63-74-62-66-72-61-64-49-54-56-58-59-57-40-44-46-45-51-52-25-17-15-13-11-10-77-96|69-68-65-55-53-60-31-35-38-34
210,4,833.755,1177.7171,430.0,3195.4442,0,4,155.374806,155.634698,True,93-5-75-2-1-99-100-97-92-94-95-98-7-3-4-89-91-88-86-84-83-82-85-76-71-70-73-80-79-81-78-87-90|20-22-24-27-30-29-6-32-33-36-39-28-26-18-19-16-14-12-9-8-21-52-50-47-42-41-43-48|67-63-62-74-72-61-64-49-54-56-58-60-59-57-40-44-46-45-51-23-17-15-13-25-11-10-77-96|66-69-68-65-55-53-31-35-38-37-34
211,4,833.755,1177.7171,430.0,3195.4442,0,4,155.374806,155.634698,True,93-5-75-2-1-99-100-97-92-94-95-98-7-3-4-89-91-88-86-84-83-82-85-76-71-70-73-80-79-81-78-87-90|20-22-24-27-30-29-6-32-33-36-39-28-26-18-19-16-14-12-9-8-21-52-50-47-42-41-43-48|67-63-62-74-72-61-64-49-54-56-58-60-59-57-40-44-46-45-51-23-17-15-13-25-11-10-77-96|66-69-68-65-55-53-31-35-38-37-34
212,4,834.9035,988.651,450.0,3195.4442,0,4,127.014903,127.24878,True,93-5-75-2-1-99-100-97-92-94-95-98-7-3-4-89-91-88-86-84-83-82-85-76-71-70-73-80-79-81-78-87-90|20-22-24-27-30-29-6-32-33-35-37-39-36-28-26-23-18-19-16-14-12-9-8-21-52-47-42-41-43-48|67-63-74-62-66-72-61-64-49-54-56-58-59-57-40-44-46-45-51-50-25-17-15-13-11-10-77-96|69-68-65-55-53-60-31-38-34
213,4,834.9035,988.651,450.0,3195.4442,0,4,127.014903,127.24878,True,93-5-75-2-1-99-100-97-92-94-95-98-7-3-4-89-91-88-86-84-83-82-85-76-71-70-73-80-79-81-78-87-90|20-22-24-27-30-29-6-32-33-35-37-39-36-28-26-23-18-19-16-14-12-9-8-21-52-47-42-41-43-48|67-63-74-62-66-72-61-64-49-54-56-58-59-57-40-44-46-45-51-50-25-17-15-13-11-10-77-96|69-68-65-55-53-60-31-38-34
214,4,839.4163,1094.8666,390.0,3195.4442,0,4,142.947241,143.192403,True,93-5-75-2-1-99-100-97-92-94-95-98-7-3-4-89-91-88-86-84-83-82-85-76-71-70-73-80-79-81-78-87-90|20-22-24-27-30-29-6-32-33-37-36-34-28-26-18-19-16-14-12-15-9-8-21-52-50-47-42-41-43-48|67-63-62-74-72-61-64-49-55-58-60-59-57-40-44-46-45-51-23-17-13-25-11-10-77-96|66-69-68-65-54-53-56-31-35-38-39
215,4,839.4163,1094.8666,390.0,3195.4442,0,4,142.947241,143.192403,True,93-5-75-2-1-99-100-97-92-94-95-98-7-3-4-89-91-88-86-84-83-82-85-76-71-70-73-80-79-81-78-87-90|20-22-24-27-30-29-6-32-33-37-36-34-28-26-18-19-16-14-12-15-9-8-21-52-50-47-42-41-43-48|67-63-62-74-72-61-64-49-55-58-60-59-57-40-44-46-45-51-23-17-13-25-11-10-77-96|66-69-68-65-54-53-56-31-35-38-39
216,4,839.8428,1580.9178,290.0,3189.7639,0,4,215.854909,216.162255,True,93-5-75-2-1-99-100-97-92-94-95-98-7-3-4-89-91-86-83-82-85-76-71-70-73-80-79-81-78-96-87-90|20-22-24-27-30-29-32-33-31-35-37-38-39-36-28-26-19-15-16-14-12-10-8-21|6-68-69-66-84-88-34-23-18-17-13-25-9-11-77|67-63-62-74-72-61-64-65-49-55-54-53-56-58-60-59-57-40-44-46-45-51-50-52-47-42-41-43-48
217,4,839.8428,1580.9178,290.0,3189.7639,0,4,215.854909,216.162255,True,93-5-75-2-1-99-100-97-92-94-95-98-7-3-4-89-91-86-83-82-85-76-71-70-73-80-79-81-78-96-87-90|20-22-24-27-30-29-32-33-31-35-37-38-39-36-28-26-19-15-16-14-12-10-8-21|6-68-69-66-84-88-34-23-18-17-13-25-9-11-77|67-63-62-74-72-61-64-65-49-55-54-53-56-58-60-59-57-40-44-46-45-51-50-52-47-42-41-43-48
218,4,843.6842,1659.4525,250.0,3189.7639,0,4,227.635127,227.951405,True,93-5-75-2-1-99-100-97-92-94-95-98-7-3-4-89-91-86-83-82-85-76-71-70-73-80-79-81-78-96-87-90|20-22-24-27-30-29-32-33-31-35-37-38-39-36-28-26-19-16-14-12-10-8-21|6-68-69-66-84-88-34-23-18-17-15-13-25-9-11-77|67-63-62-74-72-61-64-65-49-55-54-53-56-58-60-59-57-40-44-46-45-51-50-52-47-42-41-43-48
219,4,843.6842,1659.4525,250.0,3189.7639,0,4,227.635127,227.951405,True,93-5-75-2-1-99-100-97-92-94-95-98-7-3-4-89-91-86-83-82-85-76-71-70-73-80-79-81-78-96-87-90|20-22-24-27-30-29-32-33-31-35-37-38-39-36-28-26-19-16-14-12-10-8-21|6-68-69-66-84-88-34-23-18-17-15-13-25-9-11-77|67-63-62-74-72-61-64-65-49-55-54-53-56-58-60-59-57-40-44-46-45-51-50-52-47-42-41-43-48
220,4,846.8833,983.3218,470.0,3195.4442,0,4,126.21551,126.454181,True,93-5-75-2-1-99-100-97-92-94-95-98-7-3-4-89-91-88-86-84-83-82-85-76-71-70-73-80-79-81-78-87-90|20-22-24-27-30-29-6-32-33-35-37-39-36-28-26-18-19-16-14-12-9-8-21-52-50-47-42-41-43-48|67-63-74-62-66-72-61-64-49-54-56-58-60-59-57-40-44-46-45-51-23-17-15-13-25-11-10-77-96|69-68-65-55-53-31-38-34
221,4,846.8833,983.3218,470.0,3195.4442,0,4,126.21551,126.454181,True,93-5-75-2-1-99-100-97-92-94-95-98-7-3-4-89-91-88-86-84-83-82-85-76-71-70-73-80-79-81-78-87-90|20-22-24-27-30-29-6-32-33-35-37-39-36-28-26-18-19-16-14-12-9-8-21-52-50-47-42-41-43-48|67-63-74-62-66-72-61-64-49-54-56-58-60-59-57-40-44-46-45-51-23-17-15-13-25-11-10-77-96|69-68-65-55-53-31-38-34
222,4,848.0645,656.9821,600.0,3210.6838,0,4,77.264554,77.469914,True,93-5-75-2-1-99-100-97-92-94-95-98-7-3-4-89-91-88-86-84-83-82-85-76-71-70-73-80-79-81-78-87-90|20-22-24-27-30-29-6-32-33-31-35-37-38-39-36-28-26-23-19-16-14-12-52-50-51-45-41-42-47-43-48-21-8|67-63-62-74-72-61-64-49-55-54-53-56-58-60-59-57-40-44-34-46-18-17-15-13-25-9-11-10-77-96|69-66-65-68
223,4,848.0645,656.9821,600.0,3210.6838,0,4,77.264554,77.469914,True,93-5-75-2-1-99-100-97-92-94-95-98-7-3-4-89-91-88-86-84-83-82-85-76-71-70-73-80-79-81-78-87-90|20-22-24-27-30-29-6-32-33-31-35-37-38-39-36-28-26-23-19-16-14-12-52-50-51-45-41-42-47-43-48-21-8|67-63-62-74-72-61-64-49-55-54-53-56-58-60-59-57-40-44-34-46-18-17-15-13-25-9-11-10-77-96|69-66-65-68
224,4,850.0267,1570.7339,290.0,3189.7639,0,4,214.327327,214.636201,True,93-5-75-2-1-99-100-97-92-94-95-98-7-3-4-89-91-86-83-82-85-76-71-70-73-80-79-81-78-96-87-90|20-22-24-27-30-29-32-33-31-35-37-38-39-36-28-26-19-12-14-16-25-10-8-21|6-68-69-66-84-88-34-23-18-17-15-13-9-11-77|67-63-62-74-72-61-64-65-49-55-54-53-56-58-60-59-57-40-44-46-45-51-50-52-47-42-41-43-48
225,4,850.0267,1570.7339,290.0,3189.7639,0,4,214.327327,214.636201,True,93-5-75-2-1-99-100-97-92-94-95-98-7-3-4-89-91-86-83-82-85-76-71-70-73-80-79-81-78-96-87-90|20-22-24-27-30-29-32-33-31-35-37-38-39-36-28-26-19-12-14-16-25-10-8-21|6-68-69-66-84-88-34-23-18-17-15-13-9-11-77|67-63-62-74-72-61-64-65-49-55-54-53-56-58-60-59-57-40-44-46-45-51-50-52-47-42-41-43-48
226,4,851.1187,829.5352,510.0,3195.4442,0,4,103.14752,103.368394,True,93-5-75-2-1-99-100-97-92-94-95-98-7-3-4-89-91-88-86-84-83-82-85-76-71-70-73-80-79-81-78-87-90|20-22-24-27-30-29-6-32-33-31-35-37-39-36-34-28-26-18-19-16-14-12-9-8-21-52-50-47-42-41-43-48|67-63-62-74-72-61-64-49-55-54-56-58-60-59-57-40-44-46-45-51-23-17-15-13-25-11-10-77-96|66-69-68-65-53-38
227,4,851.1187,829.5352,510.0,3195.4442,0,4,103.14752,103.368394,True,93-5-75-2-1-99-100-97-92-94-95-98-7-3-4-89-91-88-86-84-83-82-85-76-71-70-73-80-79-81-78-87-90|20-22-24-27-30-29-6-32-33-31-35-37-39-36-34-28-26-18-19-16-14-12-9-8-21-52-50-47-42-41-43-48|67-63-62-74-72-61-64-49-55-54-56-58-60-59-57-40-44-46-45-51-23-17-15-13-25-11-10-77-96|66-69-68-65-53-38
228,4,851.8779,663.0525,620.0,3210.2464,0,4,78.175119,78.384469,True,93-5-75-2-1-99-100-97-92-94-95-98-7-3-4-89-91-88-86-84-83-82-85-76-71-70-73-80-79-81-78-87-90|20-22-24-27-30-29-6-32-33-31-35-37-38-39-36-28-26-23-19-16-14-12-52-50-51-45-42-41-43-47-48-21-8|67-63-74-62-66-72-61-64-49-55-54-53-56-58-60-59-57-40-44-34-46-18-17-15-13-25-9-11-10-77-96|68-65-69
229,4,851.8779,663.0525,620.0,3210.2464,0,4,78.175119,78.384469,True,93-5-75-2-1-99-100-97-92-94-95-98-7-3-4-89-91-88-86-84-83-82-85-76-71-70-73-80-79-81-78-87-90|20-22-24-27-30-29-6-32-33-31-35-37-38-39-36-28-26-23-19-16-14-12-52-50-51-45-42-41-43-47-48-21-8|67-63-74-62-66-72-61-64-49-55-54-53-56-58-60-59-57-40-44-34-46-18-17-15-13-25-9-11-10-77-96|68-65-69
230,4,851.8779,663.0525,620.0,3210.2464,0,4,78.175119,78.384469,True,93-5-75-2-1-99-100-97-92-94-95-98-7-3-4-89-91-88-86-84-83-82-85-76-71-70-73-80-79-81-78-87-90|20-22-24-27-30-29-6-32-33-31-35-37-38-39-36-28-26-23-19-16-14-12-52-50-51-45-42-41-43-47-48-21-8|67-63-74-62-66-72-61-64-49-55-54-53-56-58-60-59-57-40-44-34-46-18-17-15-13-25-9-11-10-77-96|68-65-69
231,4,852.6043,1650.5325,250.0,3189.7639,0,4,226.297114,226.61473,True,93-5-75-2-1-99-100-97-92-94-95-98-7-3-4-89-91-86-83-82-85-76-71-70-73-80-79-81-78-96-87-90|20-22-24-27-30-29-32-31-35-37-38-39-36-33-28-26-19-16-14-12-10-8-21|6-68-69-66-84-88-34-23-18-17-15-13-25-9-11-77|67-63-62-74-72-61-64-65-49-55-54-53-56-58-60-59-57-40-44-46-45-51-50-52-47-42-41-43-48
232,4,852.6043,1650.5325,250.0,3189.7639,0,4,226.297114,226.61473,True,93-5-75-2-1-99-100-97-92-94-95-98-7-3-4-89-91-86-83-82-85-76-71-70-73-80-79-81-78-96-87-90|20-22-24-27-30-29-32-31-35-37-38-39-36-33-28-26-19-16-14-12-10-8-21|6-68-69-66-84-88-34-23-18-17-15-13-25-9-11-77|67-63-62-74-72-61-64-65-49-55-54-53-56-58-60-59-57-40-44-46-45-51-50-52-47-42-41-43-48
233,4,852.8947,1703.0176,240.0,3189.7639,0,4,234.16988,234.494457,True,93-5-75-2-1-99-100-97-92-94-95-98-7-3-4-89-91-86-83-82-85-76-71-70-73-80-79-81-78-96-87-90|20-22-24-27-30-29-32-31-35-33-37-38-39-36-28-26-19-16-14-12-10-21|6-69-66-84-88-34-23-18-17-15-13-25-9-11-8-77|67-63-62-74-72-61-64-68-65-49-55-54-53-56-58-60-59-57-40-44-46-45-51-50-52-47-42-41-43-48
234,4,852.8947,1703.0176,240.0,3189.7639,0,4,234.16988,234.494457,True,93-5-75-2-1-99-100-97-92-94-95-98-7-3-4-89-91-86-83-82-85-76-71-70-73-80-79-81-78-96-87-90|20-22-24-27-30-29-32-31-35-33-37-38-39-36-28-26-19-16-14-12-10-21|6-69-66-84-88-34-23-18-17-15-13-25-9-11-8-77|67-63-62-74-72-61-64-68-65-49-55-54-53-56-58-60-59-57-40-44-46-45-51-50-52-47-42-41-43-48
235,4,853.7511,976.4539,470.0,3195.4442,0,4,125.185335,125.425036,True,93-5-75-2-1-99-100-97-92-94-95-98-7-3-4-89-91-88-86-84-83-82-85-76-71-70-73-80-79-81-78-87-90|20-22-24-30-29-27-6-32-33-35-37-39-36-28-26-18-19-16-14-12-9-8-21-52-50-47-42-41-43-48|67-63-74-62-66-72-61-64-49-54-56-58-60-59-57-40-44-46-45-51-23-17-15-13-25-11-10-77-96|69-68-65-55-53-31-38-34
236,4,853.7511,976.4539,470.0,3195.4442,0,4,125.185335,125.425036,True,93-5-75-2-1-99-100-97-92-94-95-98-7-3-4-89-91-88-86-84-83-82-85-76-71-70-73-80-79-81-78-87-90|20-22-24-30-29-27-6-32-33-35-37-39-36-28-26-18-19-16-14-12-9-8-21-52-50-47-42-41-43-48|67-63-74-62-66-72-61-64-49-54-56-58-60-59-57-40-44-46-45-51-23-17-15-13-25-11-10-77-96|69-68-65-55-53-31-38-34
237,4,853.8677,887.4323,470.0,3195.4442,0,4,111.832085,112.058468,True,93-5-75-2-1-99-100-97-92-94-95-98-7-3-4-89-91-88-86-84-83-82-85-76-71-70-73-80-79-81-78-87-90|20-22-24-27-30-29-6-32-31-35-37-39-36-34-28-26-18-19-16-14-12-9-8-21-52-50-47-42-41-43-48|67-63-74-62-66-72-61-64-49-54-56-58-60-59-57-40-44-46-45-51-23-17-15-13-25-11-10-77-96|69-68-65-55-53-33-38
238,4,853.8677,887.4323,470.0,3195.4442,0,4,111.832085,112.058468,True,93-5-75-2-1-99-100-97-92-94-95-98-7-3-4-89-91-88-86-84-83-82-85-76-71-70-73-80-79-81-78-87-90|20-22-24-27-30-29-6-32-31-35-37-39-36-34-28-26-18-19-16-14-12-9-8-21-52-50-47-42-41-43-48|67-63-74-62-66-72-61-64-49-54-56-58-60-59-57-40-44-46-45-51-23-17-15-13-25-11-10-77-96|69-68-65-55-53-33-38
239,4,855.0183,825.6355,530.0,3195.4442,0,4,102.562574,102.786032,True,93-5-75-2-1-99-100-97-92-94-95-98-7-3-4-89-91-88-86-84-83-82-85-76-71-70-73-80-79-81-78-87-90|20-22-24-27-30-29-6-32-33-31-35-37-39-36-34-28-26-18-19-16-14-12-9-8-21-52-50-47-42-41-43-48|67-63-74-62-66-72-61-64-49-55-54-56-58-60-59-57-40-44-46-45-51-23-17-15-13-25-11-10-77-96|69-68-65-53-38
240,4,855.0183,825.6355,530.0,3195.4442,0,4,102.562574,102.786032,True,93-5-75-2-1-99-100-97-92-94-95-98-7-3-4-89-91-88-86-84-83-82-85-76-71-70-73-80-79-81-78-87-90|20-22-24-27-30-29-6-32-33-31-35-37-39-36-34-28-26-18-19-16-14-12-9-8-21-52-50-47-42-41-43-48|67-63-74-62-66-72-61-64-49-55-54-56-58-60-59-57-40-44-46-45-51-23-17-15-13-25-11-10-77-96|69-68-65-53-38
241,4,855.1452,1647.9915,250.0,3189.7639,0,4,225.915973,226.233971,True,93-5-75-2-1-99-100-97-92-94-95-98-7-3-4-89-91-86-83-82-85-76-71-70-73-80-79-81-78-96-87-90|20-22-24-27-30-29-31-35-36-32-33-37-38-39-28-26-19-16-14-12-10-8-21|6-68-69-66-84-88-34-23-18-17-15-13-25-9-11-77|67-63-62-74-72-61-64-65-49-55-54-53-56-58-60-59-57-40-44-46-45-51-50-52-47-42-41-43-48
242,4,855.1452,1647.9915,250.0,3189.7639,0,4,225.915973,226.233971,True,93-5-75-2-1-99-100-97-92-94-95-98-7-3-4-89-91-86-83-82-85-76-71-70-73-80-79-81-78-96-87-90|20-22-24-27-30-29-31-35-36-32-33-37-38-39-28-26-19-16-14-12-10-8-21|6-68-69-66-84-88-34-23-18-17-15-13-25-9-11-77|67-63-62-74-72-61-64-65-49-55-54-53-56-58-60-59-57-40-44-46-45-51-50-52-47-42-41-43-48
243,4,857.5398,657.3906,620.0,3210.2464,0,4,77.325834,77.536032,True,93-5-75-2-1-99-100-97-92-94-95-98-7-3-4-89-91-88-86-84-83-82-85-76-71-70-73-80-79-81-78-87-90|20-22-24-27-30-29-6-32-33-31-35-37-38-39-36-28-26-23-19-16-14-12-52-50-51-45-42-41-43-47-48-21-8|67-63-74-62-72-66-61-64-49-55-54-53-56-58-60-59-57-40-44-34-46-18-17-15-13-25-9-11-10-77-96|68-65-69
244,4,857.5398,657.3906,620.0,3210.2464,0,4,77.325834,77.536032,True,93-5-75-2-1-99-100-97-92-94-95-98-7-3-4-89-91-88-86-84-83-82-85-76-71-70-73-80-79-81-78-87-90|20-22-24-27-30-29-6-32-33-31-35-37-38-39-36-28-26-23-19-16-14-12-52-50-51-45-42-41-43-47-48-21-8|67-63-74-62-72-66-61-64-49-55-54-53-56-58-60-59-57-40-44-34-46-18-17-15-13-25-9-11-10-77-96|68-65-69
245,4,857.5398,657.3906,620.0,3210.2464,0,4,77.325834,77.536032,True,93-5-75-2-1-99-100-97-92-94-95-98-7-3-4-89-91-88-86-84-83-82-85-76-71-70-73-80-79-81-78-87-90|20-22-24-27-30-29-6-32-33-31-35-37-38-39-36-28-26-23-19-16-14-12-52-50-51-45-42-41-43-47-48-21-8|67-63-74-62-72-66-61-64-49-55-54-53-56-58-60-59-57-40-44-34-46-18-17-15-13-25-9-11-10-77-96|68-65-69
246,4,859.559,832.8775,480.0,3189.9518,0,4,103.648876,103.868959,True,93-5-75-2-1-99-100-97-92-94-95-98-7-3-4-89-91-88-86-84-83-82-85-76-71-70-73-80-79-81-78-77-87|20-22-24-27-30-29-6-32-31-35-38-39-36-34-28-26-18-19-16-14-12-52-50-47-45-42-41-43-48-21-8|67-63-62-74-72-61-64-68-65-55-54-53-58-60-59-57-40-44-46-51-23-17-15-13-25-9-11-10-90-96|69-66-49-56-33-37
247,4,866.1455,655.3202,600.0,3227.1029,0,4,78.487195,78.700193,True,93-5-75-2-1-99-100-97-92-94-95-98-7-3-4-89-91-88-86-84-83-82-85-76-71-70-73-80-79-81-78-87-90|20-22-24-27-30-6-29-32-33-31-35-37-38-39-36-28-26-23-19-16-14-12-52-50-51-45-41-42-47-43-48-21-8|67-63-74-62-72-61-64-49-55-54-53-56-58-60-59-57-40-44-34-46-18-17-15-13-25-9-11-10-77-96|69-66-65-68
248,4,866.1455,655.3202,600.0,3227.1029,0,4,78.487195,78.700193,True,93-5-75-2-1-99-100-97-92-94-95-98-7-3-4-89-91-88-86-84-83-82-85-76-71-70-73-80-79-81-78-87-90|20-22-24-27-30-6-29-32-33-31-35-37-38-39-36-28-26-23-19-16-14-12-52-50-51-45-41-42-47-43-48-21-8|67-63-74-62-72-61-64-49-55-54-53-56-58-60-59-57-40-44-34-46-18-17-15-13-25-9-11-10-77-96|69-66-65-68
249,4,869.4676,981.1461,460.0,3195.4442,0,4,125.889156,126.133276,True,93-5-75-2-1-99-100-97-92-94-95-98-7-3-4-89-91-88-86-84-83-82-85-76-71-70-73-80-79-81-78-87-90|20-22-24-27-30-29-6-32-33-35-37-39-36-28-26-18-19-16-14-12-9-8-21-52-50-47-42-41-43-48|63-67-74-62-72-61-64-49-54-56-58-60-59-57-40-44-46-45-51-23-13-17-15-11-25-10-77-96|69-66-68-65-55-53-31-38-34
250,4,869.4676,981.1461,460.0,3195.4442,0,4,125.889156,126.133276,True,93-5-75-2-1-99-100-97-92-94-95-98-7-3-4-89-91-88-86-84-83-82-85-76-71-70-73-80-79-81-78-87-90|20-22-24-27-30-29-6-32-33-35-37-39-36-28-26-18-19-16-14-12-9-8-21-52-50-47-42-41-43-48|63-67-74-62-72-61-64-49-54-56-58-60-59-57-40-44-46-45-51-23-13-17-15-11-25-10-77-96|69-66-68-65-55-53-31-38-34
251,4,876.8594,1452.4223,270.0,3195.4442,0,4,196.580589,196.878617,True,93-5-75-2-1-99-100-97-92-94-95-98-7-3-4-89-91-88-86-84-83-82-85-76-71-70-73-80-79-81-78-87-90|20-22-24-27-30-29-6-32-33-35-37-39-36-28-26-18-19-16-14-12-9-8-21|66-64-54-57-40-46-45-23-17-15-13-25-11-10-77-96|67-63-62-74-72-61-69-68-65-49-55-53-58-60-31-38-34-56-59-44-51-50-52-47-42-41-43-48
252,4,876.8594,1452.4223,270.0,3195.4442,0,4,196.580589,196.878617,True,93-5-75-2-1-99-100-97-92-94-95-98-7-3-4-89-91-88-86-84-83-82-85-76-71-70-73-80-79-81-78-87-90|20-22-24-27-30-29-6-32-33-35-37-39-36-28-26-18-19-16-14-12-9-8-21|66-64-54-57-40-46-45-23-17-15-13-25-11-10-77-96|67-63-62-74-72-61-69-68-65-49-55-53-58-60-31-38-34-56-59-44-51-50-52-47-42-41-43-48
253,4,879.7644,473.3504,490.0,3193.7804,0,4,82.572889,82.746679,True,93-5-75-2-1-99-100-97-92-94-95-98-7-3-4-89-91-88-86-84-83-82-85-76-71-70-73-80-79-81-78-87|6-33-35-37-38-39-36-34-28-26-23-18-19-16-14-12-59-45-51-52-47-42-41-43-48-21-8|67-63-62-66-74-72-61-64-68-65-55-54-53-56-58-60-57-40-44-46-50-25-17-15-13-9-11-10-90-77-96|20-22-24-27-30-29-32-31-49-69
254,4,879.7644,473.3504,490.0,3193.7804,0,4,82.572889,82.746679,True,93-5-75-2-1-99-100-97-92-94-95-98-7-3-4-89-91-88-86-84-83-82-85-76-71-70-73-80-79-81-78-87|6-33-35-37-38-39-36-34-28-26-23-18-19-16-14-12-59-45-51-52-47-42-41-43-48-21-8|67-63-62-66-74-72-61-64-68-65-55-54-53-56-58-60-57-40-44-46-50-25-17-15-13-9-11-10-90-77-96|20-22-24-27-30-29-32-31-49-69
255,4,881.6867,932.8894,420.0,3216.6856,0,4,118.65066,118.890393,True,93-5-75-2-1-99-100-97-92-94-95-98-7-3-4-89-91-88-86-84-83-82-85-76-71-70-73-80-79-81-78-77-87|20-22-24-27-30-29-6-32-35-38-39-36-34-28-26-18-19-16-14-52-50-47-42-41-43-48-21-8|67-63-62-74-72-61-64-68-65-55-53-58-60-59-57-40-44-46-45-51-23-17-15-12-13-25-9-11-10-90-96|66-69-33-37-31-56-54-49
256,4,881.6867,932.8894,420.0,3216.6856,0,4,118.65066,118.890393,True,93-5-75-2-1-99-100-97-92-94-95-98-7-3-4-89-91-88-86-84-83-82-85-76-71-70-73-80-79-81-78-77-87|20-22-24-27-30-29-6-32-35-38-39-36-34-28-26-18-19-16-14-52-50-47-42-41-43-48-21-8|67-63-62-74-72-61-64-68-65-55-53-58-60-59-57-40-44-46-45-51-23-17-15-12-13-25-9-11-10-90-96|66-69-33-37-31-56-54-49
257,4,895.6816,2017.3636,320.0,3099.3109,0,4,281.321792,281.700789,True,93-5-75-2-1-99-100-97-92-94-95-98-7-3-4-89-91-88-86-84-83-82-85-76-71-70-73-80-79-81-78-87|20-22-24-27-29-31-35-37-38-39-36-34-28-26-23-12-14-15-17-25-51-45-42-41-43-47-48|30-67-63-62-74-72-61-64-66-69-68-65-49-55-54-53-56-58-60-59-57-40-44-46-52-96-77-90|6-32-33-18-19-16-50-13-9-11-10-8-21
258,4,895.6816,2017.3636,320.0,3099.3109,0,4,281.321792,281.700789,True,93-5-75-2-1-99-100-97-92-94-95-98-7-3-4-89-91-88-86-84-83-82-85-76-71-70-73-80-79-81-78-87|20-22-24-27-29-31-35-37-38-39-36-34-28-26-23-12-14-15-17-25-51-45-42-41-43-47-48|30-67-63-62-74-72-61-64-66-69-68-65-49-55-54-53-56-58-60-59-57-40-44-46-52-96-77-90|6-32-33-18-19-16-50-13-9-11-10-8-21
259,7,900.0057,6259.4992,530.0,3090.3311,0,7,917.64213,918.679297,True,93-5-75-2-1-99-100-97-92-94-95-98-7-91-88-84-83-82-85-76-71-70-73-80-79-81-78-77-87|20-22-24-27-30-29-32-33-35-37-38-39-36-34-28-26-23-17-18-19-16-14-15-13-9-11-10-8|63-62-74-72-61-69-68-65-55-54-53-56-58-60-59-57-40-44-46-45-51-50-52-47-42-41-43-48|21-25-12-90-96|6-31-86|67-66-64-49|4-3-89
260,7,900.0057,6259.4992,530.0,3090.3311,0,7,917.64213,918.679297,True,93-5-75-2-1-99-100-97-92-94-95-98-7-91-88-84-83-82-85-76-71-70-73-80-79-81-78-77-87|20-22-24-27-30-29-32-33-35-37-38-39-36-34-28-26-23-17-18-19-16-14-15-13-9-11-10-8|63-62-74-72-61-69-68-65-55-54-53-56-58-60-59-57-40-44-46-45-51-50-52-47-42-41-43-48|21-25-12-90-96|6-31-86|67-66-64-49|4-3-89
261,4,903.1517,448.1135,520.0,3189.9518,0,4,89.589076,89.768522,True,93-5-75-2-1-99-100-97-92-94-95-98-7-3-4-89-91-88-86-84-83-82-85-76-71-70-73-80-79-81-78-77-87|20-22-24-27-30-29-32-35-38-39-36-34-28-26-18-19-16-14-45-40-59-50-52-47-42-41-43-48-21-8|67-63-74-62-66-72-61-64-68-65-55-54-53-56-58-60-57-44-46-51-23-17-15-12-13-25-9-11-10-90-96|31-37-33-6-49-69
262,4,903.1517,448.1135,520.0,3189.9518,0,4,89.589076,89.768522,True,93-5-75-2-1-99-100-97-92-94-95-98-7-3-4-89-91-88-86-84-83-82-85-76-71-70-73-80-79-81-78-77-87|20-22-24-27-30-29-32-35-38-39-36-34-28-26-18-19-16-14-45-40-59-50-52-47-42-41-43-48-21-8|67-63-74-62-66-72-61-64-68-65-55-54-53-56-58-60-57-44-46-51-23-17-15-12-13-25-9-11-10-90-96|31-37-33-6-49-69
263,4,903.1517,448.1135,520.0,3189.9518,0,4,89.589076,89.768522,True,93-5-75-2-1-99-100-97-92-94-95-98-7-3-4-89-91-88-86-84-83-82-85-76-71-70-73-80-79-81-78-77-87|20-22-24-27-30-29-32-35-38-39-36-34-28-26-18-19-16-14-45-40-59-50-52-47-42-41-43-48-21-8|67-63-74-62-66-72-61-64-68-65-55-54-53-56-58-60-57-44-46-51-23-17-15-12-13-25-9-11-10-90-96|31-37-33-6-49-69
264,4,903.612,1129.0762,430.0,3189.9518,0,4,148.078676,148.351405,True,93-5-75-2-1-99-100-97-92-94-95-98-7-3-4-89-91-88-86-84-83-82-85-76-71-70-73-80-79-81-78-77-87|20-22-24-27-30-29-6-32-33-35-38-39-28-26-18-19-16-14-45-40-59-44-50-52-47-42-41-43-48-21-8|67-63-62-74-72-61-64-68-65-55-53-58-60-57-46-51-23-17-15-12-13-25-9-11-10-90-96|69-66-49-54-56-31-37-36-34
265,4,903.612,1129.0762,430.0,3189.9518,0,4,148.078676,148.351405,True,93-5-75-2-1-99-100-97-92-94-95-98-7-3-4-89-91-88-86-84-83-82-85-76-71-70-73-80-79-81-78-77-87|20-22-24-27-30-29-6-32-33-35-38-39-28-26-18-19-16-14-45-40-59-44-50-52-47-42-41-43-48-21-8|67-63-62-74-72-61-64-68-65-55-53-58-60-57-46-51-23-17-15-12-13-25-9-11-10-90-96|69-66-49-54-56-31-37-36-34
266,4,914.8512,919.5625,470.0,3189.9518,0,4,116.651625,116.900298,True,93-5-75-2-1-99-100-97-92-94-95-98-7-3-4-89-91-88-86-84-83-82-85-76-71-70-73-80-79-81-78-77-87|20-22-24-27-30-29-6-32-31-35-38-39-36-34-28-26-18-19-16-14-59-45-50-52-47-42-41-43-48-21-8|67-63-62-74-72-61-64-65-55-54-53-58-60-57-40-44-46-51-23-17-15-12-13-25-9-11-10-90-96|66-69-68-49-56-33-37
267,4,914.8512,919.5625,470.0,3189.9518,0,4,116.651625,116.900298,True,93-5-75-2-1-99-100-97-92-94-95-98-7-3-4-89-91-88-86-84-83-82-85-76-71-70-73-80-79-81-78-77-87|20-22-24-27-30-29-6-32-31-35-38-39-36-34-28-26-18-19-16-14-59-45-50-52-47-42-41-43-48-21-8|67-63-62-74-72-61-64-65-55-54-53-58-60-57-40-44-46-51-23-17-15-12-13-25-9-11-10-90-96|66-69-68-49-56-33-37
268,4,924.5384,682.0832,450.0,3179.3437,0,4,96.005071,96.217438,True,93-5-75-2-1-99-100-97-92-94-95-98-7-3-4-89-91-88-86-84-83-82-85-76-71-70-73-80-79-81-78-87|22-27-30-29-33-31-35-37-38-39-36-34-28-26-23-18-19-16-14-12-59-45-51-52-47-42-41-43-48-21-8-10|67-63-62-74-72-61-68-65-55-54-53-58-60-57-40-44-46-50-25-17-15-13-9-11-90-77-96|20-24-6-32-69-66-64-49-56
269,4,924.5384,682.0832,450.0,3179.3437,0,4,96.005071,96.217438,True,93-5-75-2-1-99-100-97-92-94-95-98-7-3-4-89-91-88-86-84-83-82-85-76-71-70-73-80-79-81-78-87|22-27-30-29-33-31-35-37-38-39-36-34-28-26-23-18-19-16-14-12-59-45-51-52-47-42-41-43-48-21-8-10|67-63-62-74-72-61-68-65-55-54-53-58-60-57-40-44-46-50-25-17-15-13-9-11-90-77-96|20-24-6-32-69-66-64-49-56
270,4,924.5384,682.0832,450.0,3179.3437,0,4,96.005071,96.217438,True,93-5-75-2-1-99-100-97-92-94-95-98-7-3-4-89-91-88-86-84-83-82-85-76-71-70-73-80-79-81-78-87|22-27-30-29-33-31-35-37-38-39-36-34-28-26-23-18-19-16-14-12-59-45-51-52-47-42-41-43-48-21-8-10|67-63-62-74-72-61-68-65-55-54-53-58-60-57-40-44-46-50-25-17-15-13-9-11-90-77-96|20-24-6-32-69-66-64-49-56
271,4,935.7335,670.9629,490.0,3189.9518,0,4,99.363601,99.583249,True,93-5-75-2-1-99-100-97-92-94-95-98-7-3-4-89-91-88-86-84-83-82-85-76-71-70-73-80-79-81-78-77-87|20-22-24-27-30-29-6-32-31-35-38-39-36-34-28-26-18-19-16-14-59-45-50-52-47-42-41-43-48-21-8|67-63-62-74-72-61-64-68-65-55-54-53-58-60-57-40-44-46-51-23-17-15-12-13-25-9-11-10-90-96|37-33-69-66-49-56
272,4,935.7335,670.9629,490.0,3189.9518,0,4,99.363601,99.583249,True,93-5-75-2-1-99-100-97-92-94-95-98-7-3-4-89-91-88-86-84-83-82-85-76-71-70-73-80-79-81-78-77-87|20-22-24-27-30-29-6-32-31-35-38-39-36-34-28-26-18-19-16-14-59-45-50-52-47-42-41-43-48-21-8|67-63-62-74-72-61-64-68-65-55-54-53-58-60-57-40-44-46-51-23-17-15-12-13-25-9-11-10-90-96|37-33-69-66-49-56
273,4,935.7335,670.9629,490.0,3189.9518,0,4,99.363601,99.583249,True,93-5-75-2-1-99-100-97-92-94-95-98-7-3-4-89-91-88-86-84-83-82-85-76-71-70-73-80-79-81-78-77-87|20-22-24-27-30-29-6-32-31-35-38-39-36-34-28-26-18-19-16-14-59-45-50-52-47-42-41-43-48-21-8|67-63-62-74-72-61-64-68-65-55-54-53-58-60-57-40-44-46-51-23-17-15-12-13-25-9-11-10-90-96|37-33-69-66-49-56
274,4,940.2884,1637.2708,330.0,3178.7015,0,4,224.307867,224.65614,True,93-5-75-2-1-99-100-97-92-94-95-98-3-4-89-91-88-86-84-83-82-85-76-71-70-73-80-79-81-78-77-87|20-22-24-27-30-29-32-33-31-35-38-7-39-28-37-26-19-15-16-14-12-25-21|64-67-66-69-68-6-34-36-23-18-10-17-13-9-11-8-90-96|63-61-62-74-72-65-49-55-54-53-56-58-60-59-57-40-44-46-45-51-50-52-47-42-41-43-48
275,4,940.2884,1637.2708,330.0,3178.7015,0,4,224.307867,224.65614,True,93-5-75-2-1-99-100-97-92-94-95-98-3-4-89-91-88-86-84-83-82-85-76-71-70-73-80-79-81-78-77-87|20-22-24-27-30-29-32-33-31-35-38-7-39-28-37-26-19-15-16-14-12-25-21|64-67-66-69-68-6-34-36-23-18-10-17-13-9-11-8-90-96|63-61-62-74-72-65-49-55-54-53-56-58-60-59-57-40-44-46-45-51-50-52-47-42-41-43-48
276,4,948.6981,1088.396,410.0,3173.0411,0,4,141.976647,142.252263,True,93-5-75-2-1-99-100-97-92-94-95-98-7-3-4-89-91-88-86-84-83-82-85-76-71-70-73-80-79-81-78-87|20-22-27-30-29-6-32-33-31-35-37-38-39-36-26-18-19-16-14-12-59-46-45-52-47-42-41-43-48-21-8-10|67-63-62-74-72-61-64-68-65-55-58-60-57-40-44-51-50-25-17-15-13-9-11-90-77-96|24-69-66-49-54-53-56-34-28-23
277,4,948.6981,1088.396,410.0,3173.0411,0,4,141.976647,142.252263,True,93-5-75-2-1-99-100-97-92-94-95-98-7-3-4-89-91-88-86-84-83-82-85-76-71-70-73-80-79-81-78-87|20-22-27-30-29-6-32-33-31-35-37-38-39-36-26-18-19-16-14-12-59-46-45-52-47-42-41-43-48-21-8-10|67-63-62-74-72-61-64-68-65-55-58-60-57-40-44-51-50-25-17-15-13-9-11-90-77-96|24-69-66-49-54-53-56-34-28-23
278,5,956.6114,4572.5819,210.0,3186.4644,0,5,664.604528,665.387459,True,93-5-75-2-1-99-100-97-92-94-95-98-3-4-89-59-60-58-56-96|67-63-62-61-72-74-86-84-83-82-85-76-81-78-77-87-90|69-66-64-68-65-49-55-53-54-57-40-44-46-45-51-50-52-47-43-42-41-48-21|7-88-91-12-14-16-19-17-13-71-70-73-79-80|20-22-24-27-30-29-6-32-34-36-33-31-35-37-38-39-28-26-23-18-15-25-9-11-10-8
279,5,956.6114,4572.5819,210.0,3186.4644,0,5,664.604528,665.387459,True,93-5-75-2-1-99-100-97-92-94-95-98-3-4-89-59-60-58-56-96|67-63-62-61-72-74-86-84-83-82-85-76-81-78-77-87-90|69-66-64-68-65-49-55-53-54-57-40-44-46-45-51-50-52-47-43-42-41-48-21|7-88-91-12-14-16-19-17-13-71-70-73-79-80|20-22-24-27-30-29-6-32-34-36-33-31-35-37-38-39-28-26-23-18-15-25-9-11-10-8
280,4,962.4891,1897.8826,350.0,3099.3109,0,4,263.399633,263.78375,True,93-5-75-2-1-99-100-97-92-94-95-98-7-3-4-89-91-88-86-84-83-82-85-76-71-70-73-80-79-81-78-87|20-22-24-27-29-31-35-37-38-39-36-34-28-26-23-12-14-15-16-17-25-51-42-41-43-48|30-67-63-62-74-72-61-64-66-69-68-65-49-55-54-53-56-58-60-59-57-40-44-46-50-52-96-77-90|6-32-33-18-45-19-13-9-47-11-10-8-21
281,4,962.4891,1897.8826,350.0,3099.3109,0,4,263.399633,263.78375,True,93-5-75-2-1-99-100-97-92-94-95-98-7-3-4-89-91-88-86-84-83-82-85-76-71-70-73-80-79-81-78-87|20-22-24-27-29-31-35-37-38-39-36-34-28-26-23-12-14-15-16-17-25-51-42-41-43-48|30-67-63-62-74-72-61-64-66-69-68-65-49-55-54-53-56-58-60-59-57-40-44-46-50-52-96-77-90|6-32-33-18-45-19-13-9-47-11-10-8-21
282,4,962.9167,618.8907,510.0,3189.9518,0,4,107.518572,107.740565,True,93-5-75-2-1-99-100-97-92-94-95-98-7-3-4-89-91-88-86-84-83-82-85-76-71-70-73-80-79-81-78-77-87|20-22-27-30-29-6-33-31-35-37-38-39-28-26-23-18-19-16-14-12-59-45-51-52-47-42-41-43-48-21-8|67-63-62-74-72-61-64-68-65-55-54-53-58-60-57-40-44-36-34-50-46-25-17-15-13-9-11-10-90-96|24-32-69-66-49-56
283,4,962.9167,618.8907,510.0,3189.9518,0,4,107.518572,107.740565,True,93-5-75-2-1-99-100-97-92-94-95-98-7-3-4-89-91-88-86-84-83-82-85-76-71-70-73-80-79-81-78-77-87|20-22-27-30-29-6-33-31-35-37-38-39-28-26-23-18-19-16-14-12-59-45-51-52-47-42-41-43-48-21-8|67-63-62-74-72-61-64-68-65-55-54-53-58-60-57-40-44-36-34-50-46-25-17-15-13-9-11-10-90-96|24-32-69-66-49-56
284,4,980.6503,1546.3283,250.0,3213.6058,0,4,210.666493,211.010469,True,93-5-75-2-1-99-100-97-92-94-95-98-7-3-4-89-91-86-83-82-85-76-71-70-73-80-79-81-96-78-87-90|20-22-24-27-29-32-30-33-35-37-38-39-31-36-26-19-16-14-28-12-10-8-21|6-68-69-66-84-88-34-23-18-17-15-13-25-9-11-77|67-63-62-74-72-61-64-65-49-55-54-53-56-58-60-59-57-40-44-46-45-51-50-52-47-42-41-43-48
285,4,980.6503,1546.3283,250.0,3213.6058,0,4,210.666493,211.010469,True,93-5-75-2-1-99-100-97-92-94-95-98-7-3-4-89-91-86-83-82-85-76-71-70-73-80-79-81-96-78-87-90|20-22-24-27-29-32-30-33-35-37-38-39-31-36-26-19-16-14-28-12-10-8-21|6-68-69-66-84-88-34-23-18-17-15-13-25-9-11-77|67-63-62-74-72-61-64-65-49-55-54-53-56-58-60-59-57-40-44-46-45-51-50-52-47-42-41-43-48
286,4,983.4679,618.8907,510.0,3173.5766,0,4,113.683915,113.909617,True,93-5-75-2-1-99-100-97-92-94-95-98-7-3-4-89-91-88-86-84-83-82-85-76-71-70-73-80-79-81-78-87|20-22-27-30-29-6-33-31-35-37-38-39-28-26-23-18-19-16-14-12-59-45-51-52-47-42-41-43-48-21-8-10|67-63-62-74-72-61-64-68-65-55-54-53-58-60-57-40-44-36-34-50-46-25-17-15-13-9-11-90-77-96|24-32-69-66-49-56
287,4,983.4679,618.8907,510.0,3173.5766,0,4,113.683915,113.909617,True,93-5-75-2-1-99-100-97-92-94-95-98-7-3-4-89-91-88-86-84-83-82-85-76-71-70-73-80-79-81-78-87|20-22-27-30-29-6-33-31-35-37-38-39-28-26-23-18-19-16-14-12-59-45-51-52-47-42-41-43-48-21-8-10|67-63-62-74-72-61-64-68-65-55-54-53-58-60-57-40-44-36-34-50-46-25-17-15-13-9-11-90-77-96|24-32-69-66-49-56
288,4,984.0783,427.681,500.0,3189.9518,0,4,113.867057,114.065717,True,93-5-75-2-1-99-100-97-92-94-95-98-7-3-4-89-91-88-86-84-83-82-85-76-71-70-73-80-79-81-78-77-87|22-20-24-27-30-29-32-35-38-39-36-34-28-26-18-19-16-14-45-40-59-50-52-17-47-42-41-43-48-21-8|67-63-74-62-66-72-61-64-68-65-55-54-53-56-58-60-57-44-46-51-23-15-12-13-25-9-11-10-90-96|31-37-33-6-49-69
289,4,984.0783,427.681,500.0,3189.9518,0,4,113.867057,114.065717,True,93-5-75-2-1-99-100-97-92-94-95-98-7-3-4-89-91-88-86-84-83-82-85-76-71-70-73-80-79-81-78-77-87|22-20-24-27-30-29-32-35-38-39-36-34-28-26-18-19-16-14-45-40-59-50-52-17-47-42-41-43-48-21-8|67-63-74-62-66-72-61-64-68-65-55-54-53-56-58-60-57-44-46-51-23-15-12-13-25-9-11-10-90-96|31-37-33-6-49-69
290,4,984.0783,427.681,500.0,3189.9518,0,4,113.867057,114.065717,True,93-5-75-2-1-99-100-97-92-94-95-98-7-3-4-89-91-88-86-84-83-82-85-76-71-70-73-80-79-81-78-77-87|22-20-24-27-30-29-32-35-38-39-36-34-28-26-18-19-16-14-45-40-59-50-52-17-47-42-41-43-48-21-8|67-63-74-62-66-72-61-64-68-65-55-54-53-56-58-60-57-44-46-51-23-15-12-13-25-9-11-10-90-96|31-37-33-6-49-69
291,9,998.4627,13565.6517,480.0,3090.3311,0,9,2013.565003,2015.72323,True,5-2-11-9-10-8|75-1-99-100-97-92-94-95-98-7-3-4-89|17-19-15-16-14-12-90|67-63-62-74-72-61-66-69-64-65-54-38-39-36-34-52-50-51-45-47|48|91-88-84-83-82-85-76-71-70-73-80-79-81-78-77-87|93-22-24-29-6-32-33-37-35-31-68-49-55-53-56-58-60-59-57-40-44-46-41-42-43|86-96|20-27-30-28-26-23-18-13-25-21
292,9,998.4627,13565.6517,480.0,3090.3311,0,9,2013.565003,2015.72323,True,5-2-11-9-10-8|75-1-99-100-97-92-94-95-98-7-3-4-89|17-19-15-16-14-12-90|67-63-62-74-72-61-66-69-64-65-54-38-39-36-34-52-50-51-45-47|48|91-88-84-83-82-85-76-71-70-73-80-79-81-78-77-87|93-22-24-29-6-32-33-37-35-31-68-49-55-53-56-58-60-59-57-40-44-46-41-42-43|86-96|20-27-30-28-26-23-18-13-25-21
293,7,1002.8588,7754.398,500.0,3090.3311,0,7,1141.876947,1143.166205,True,93-5-2-1-99-100-97-94-95-98-7-4-91-88-84-83-82-85-76-71-70-73-79-81-78-77-87|20-22-24-27-30-29-6-32-33-35-37-38-39-36-34-28-26-23-17-18-19-16-14-15-13-9-11-10-8|67-63-74-62-66-69-72-61-64-68-65-49-55-54-56-58-59-57-40-44-46-45-51-50-52-47-42-41-43-48|21-25-12-90|89-80-96|31-60-53-86|75-92-3
294,7,1002.8588,7754.398,500.0,3090.3311,0,7,1141.876947,1143.166205,True,93-5-2-1-99-100-97-94-95-98-7-4-91-88-84-83-82-85-76-71-70-73-79-81-78-77-87|20-22-24-27-30-29-6-32-33-35-37-38-39-36-34-28-26-23-17-18-19-16-14-15-13-9-11-10-8|67-63-74-62-66-69-72-61-64-68-65-49-55-54-56-58-59-57-40-44-46-45-51-50-52-47-42-41-43-48|21-25-12-90|89-80-96|31-60-53-86|75-92-3
295,7,1013.3813,8471.1879,330.0,3090.3311,0,7,1249.395433,1250.778366,True,91-88-86-84-83-82-85-76-70-81-78-77-90|1-99-100-97-92-94-95-98-7|93-5-75-2-3-4-89-59-60-58-56-96|67-63-62-61-72-74-87|69-66-64-68-65-49-55-53-54-57-40-44-46-45-51-50-52-47-43-42-41-48|12-14-16-19-17-13-71-73-79-80|20-22-24-27-30-29-6-32-34-36-33-31-35-37-38-39-28-26-23-18-15-25-9-11-10-8-21
296,7,1013.3813,8471.1879,330.0,3090.3311,0,7,1249.395433,1250.778366,True,91-88-86-84-83-82-85-76-70-81-78-77-90|1-99-100-97-92-94-95-98-7|93-5-75-2-3-4-89-59-60-58-56-96|67-63-62-61-72-74-87|69-66-64-68-65-49-55-53-54-57-40-44-46-45-51-50-52-47-43-42-41-48|12-14-16-19-17-13-71-73-79-80|20-22-24-27-30-29-6-32-34-36-33-31-35-37-38-39-28-26-23-18-15-25-9-11-10-8-21
297,4,1021.3577,1532.6815,250.0,3233.8355,0,4,208.619475,208.976651,True,93-5-75-2-1-99-100-97-92-94-95-98-7-3-4-89-91-86-83-82-85-76-71-70-80-79-73-81-96-78-87-90|22-24-27-20-29-32-30-33-35-37-39-31-36-38-26-19-16-14-28-12-10-8-21|6-68-69-66-84-88-34-23-18-17-15-13-25-9-11-77|67-63-62-74-72-61-64-65-49-55-54-53-56-60-58-59-57-40-44-46-51-45-50-52-47-42-41-43-48
298,4,1021.3577,1532.6815,250.0,3233.8355,0,4,208.619475,208.976651,True,93-5-75-2-1-99-100-97-92-94-95-98-7-3-4-89-91-86-83-82-85-76-71-70-80-79-73-81-96-78-87-90|22-24-27-20-29-32-30-33-35-37-39-31-36-38-26-19-16-14-28-12-10-8-21|6-68-69-66-84-88-34-23-18-17-15-13-25-9-11-77|67-63-62-74-72-61-64-65-49-55-54-53-56-60-58-59-57-40-44-46-51-45-50-52-47-42-41-43-48
299,4,1025.6893,1447.44,330.0,3240.8355,0,4,195.833249,196.187988,True,93-5-75-2-1-99-100-97-92-94-95-98-7-3-4-89-91-88-86-83-82-85-76-71-70-73-80-79-96-81-78-87-90|20-22-24-27-29-32-30-33-6-35-37-39-31-36-26-38-19-16-14-28-12-10-8-21|68-69-66-84-34-23-18-17-15-13-25-9-11-77|67-63-62-74-72-61-64-65-49-55-54-53-56-58-60-59-57-40-44-46-45-51-52-50-47-42-41-43-48
300,4,1025.6893,1447.44,330.0,3240.8355,0,4,195.833249,196.187988,True,93-5-75-2-1-99-100-97-92-94-95-98-7-3-4-89-91-88-86-83-82-85-76-71-70-73-80-79-96-81-78-87-90|20-22-24-27-29-32-30-33-6-35-37-39-31-36-26-38-19-16-14-28-12-10-8-21|68-69-66-84-34-23-18-17-15-13-25-9-11-77|67-63-62-74-72-61-64-65-49-55-54-53-56-58-60-59-57-40-44-46-45-51-52-50-47-42-41-43-48
301,7,1033.2614,8370.1185,300.0,3090.3311,0,7,1234.235025,1235.605762,True,20-22-91-88-86-84-83-82-85-76-81-78-77-90|1-99-100-97-92-94-95-98-7|93-5-75-2-3-4-89-59-56-58-60-44-51-50-52-47-48|63-62-74-72-61-64-65-41-87|67-66-69-68-49-55-53-54-57-40-46-45-42-43-21|12-14-16-19-13-71-70-73-79-80-96|24-27-30-29-6-32-34-36-33-31-35-37-38-39-28-26-23-18-15-17-25-9-11-10-8
302,7,1033.2614,8370.1185,300.0,3090.3311,0,7,1234.235025,1235.605762,True,20-22-91-88-86-84-83-82-85-76-81-78-77-90|1-99-100-97-92-94-95-98-7|93-5-75-2-3-4-89-59-56-58-60-44-51-50-52-47-48|63-62-74-72-61-64-65-41-87|67-66-69-68-49-55-53-54-57-40-46-45-42-43-21|12-14-16-19-13-71-70-73-79-80-96|24-27-30-29-6-32-34-36-33-31-35-37-38-39-28-26-23-18-15-17-25-9-11-10-8
303,4,1033.6468,1513.5614,250.0,3233.8355,0,4,205.751461,206.109456,True,93-5-75-2-1-99-100-97-92-94-95-98-7-3-4-89-91-86-83-82-85-76-71-70-80-79-73-81-96-78-87-90|20-22-24-27-29-32-30-33-35-37-39-31-36-26-38-19-16-14-28-12-10-8-21|6-68-69-66-84-88-34-23-18-17-15-13-25-9-11-77|67-63-62-74-72-61-64-65-49-55-54-53-56-58-60-59-57-40-44-46-45-51-50-52-47-42-41-43-48
304,4,1033.6468,1513.5614,250.0,3233.8355,0,4,205.751461,206.109456,True,93-5-75-2-1-99-100-97-92-94-95-98-7-3-4-89-91-86-83-82-85-76-71-70-80-79-73-81-96-78-87-90|20-22-24-27-29-32-30-33-35-37-39-31-36-26-38-19-16-14-28-12-10-8-21|6-68-69-66-84-88-34-23-18-17-15-13-25-9-11-77|67-63-62-74-72-61-64-65-49-55-54-53-56-58-60-59-57-40-44-46-45-51-50-52-47-42-41-43-48
305,4,1038.8633,1488.1153,250.0,3213.6058,0,4,201.934538,202.287246,True,93-5-75-2-1-99-100-97-92-94-95-98-7-3-4-89-91-86-83-82-85-76-71-70-73-80-79-81-96-78-87-90|22-24-27-20-29-32-30-33-35-37-39-31-36-26-38-19-16-14-28-12-10-8-21|6-68-69-66-84-88-34-23-18-17-15-13-25-9-11-77|67-63-62-74-72-61-64-65-49-55-54-53-56-58-60-59-57-40-44-46-45-51-50-52-47-42-41-43-48
306,4,1038.8633,1488.1153,250.0,3213.6058,0,4,201.934538,202.287246,True,93-5-75-2-1-99-100-97-92-94-95-98-7-3-4-89-91-86-83-82-85-76-71-70-73-80-79-81-96-78-87-90|22-24-27-20-29-32-30-33-35-37-39-31-36-26-38-19-16-14-28-12-10-8-21|6-68-69-66-84-88-34-23-18-17-15-13-25-9-11-77|67-63-62-74-72-61-64-65-49-55-54-53-56-58-60-59-57-40-44-46-45-51-50-52-47-42-41-43-48
307,4,1039.1427,1584.9489,260.0,3193.9161,0,4,216.459577,216.824941,True,93-5-75-2-1-99-100-97-92-94-95-98-7-3-4-89-91-88-86-84-83-82-85-76-71-73-80-79-81-78-77-87-90|6-32-34-36-39-37-31-44-46-45-28-23-18-25-11-10-21|20-22-24-27-30-29-33-60-58-56-53-57-40-12-14-16-15-17-13-9-8-70-96|63-67-74-72-62-66-69-61-64-68-65-49-55-54-59-35-38-26-19-52-51-50-47-42-41-43-48
308,4,1039.1427,1584.9489,260.0,3193.9161,0,4,216.459577,216.824941,True,93-5-75-2-1-99-100-97-92-94-95-98-7-3-4-89-91-88-86-84-83-82-85-76-71-73-80-79-81-78-77-87-90|6-32-34-36-39-37-31-44-46-45-28-23-18-25-11-10-21|20-22-24-27-30-29-33-60-58-56-53-57-40-12-14-16-15-17-13-9-8-70-96|63-67-74-72-62-66-69-61-64-68-65-49-55-54-59-35-38-26-19-52-51-50-47-42-41-43-48
309,7,1047.9605,8437.9716,240.0,3178.8282,0,7,1244.412981,1245.80558,True,20-22-91-88-86-84-83-82-85-76-70-81-78-77-90-8-21|5-2-1-99-100-97-92-94-95-98-7|93-75-3-4-89-59-56-58-60-44-51-50-52-47-48|63-62-74-72-61-64-65-41-87|67-66-69-68-49-55-53-54-57-40-46-45-42-43|12-14-16-19-17-13-71-73-79-80-96|24-27-30-29-6-31-35-38-37-33-32-34-36-39-28-26-23-25-18-15-9-11-10
310,7,1047.9605,8437.9716,240.0,3178.8282,0,7,1244.412981,1245.80558,True,20-22-91-88-86-84-83-82-85-76-70-81-78-77-90-8-21|5-2-1-99-100-97-92-94-95-98-7|93-75-3-4-89-59-56-58-60-44-51-50-52-47-48|63-62-74-72-61-64-65-41-87|67-66-69-68-49-55-53-54-57-40-46-45-42-43|12-14-16-19-17-13-71-73-79-80-96|24-27-30-29-6-31-35-38-37-33-32-34-36-39-28-26-23-25-18-15-9-11-10
311,4,1050.7985,1695.5623,200.0,3193.9161,0,4,233.051585,233.431037,True,93-5-75-2-1-99-100-97-92-94-95-98-7-3-4-89-91-88-86-84-83-82-85-76-71-73-80-79-81-78-77-87-90|6-32-36-39-38-37-35-31-58-53-59-45-50-28-18-25-11-10-8-21|20-22-24-27-30-29-69-66-68-65-55-33-34-23-17-15-16-14-12-13-9-70-96|67-63-62-74-72-61-64-49-54-56-57-60-40-44-46-51-26-19-52-47-42-41-43-48
312,4,1050.7985,1695.5623,200.0,3193.9161,0,4,233.051585,233.431037,True,93-5-75-2-1-99-100-97-92-94-95-98-7-3-4-89-91-88-86-84-83-82-85-76-71-73-80-79-81-78-77-87-90|6-32-36-39-38-37-35-31-58-53-59-45-50-28-18-25-11-10-8-21|20-22-24-27-30-29-69-66-68-65-55-33-34-23-17-15-16-14-12-13-9-70-96|67-63-62-74-72-61-64-49-54-56-57-60-40-44-46-51-26-19-52-47-42-41-43-48
313,7,1055.0177,8434.4752,180.0,3204.5315,0,7,1243.888521,1245.280568,True,20-22-91-88-86-84-83-82-85-76-71-70-80-81-78-77-90-8-21|75-1-99-100-97-92-94-95-98-7|93-5-2-3-4-89-59-53-56-58-60-44-51-50-52-47-48-96|63-62-74-72-61-65-64-87|67-66-69-68-49-55-54-57-40-46-45-42-41-43|12-14-16-15-19-18-17-13-10-73-79|24-27-30-29-6-32-34-36-33-31-35-37-38-39-28-26-23-25-9-11
314,7,1055.0177,8434.4752,180.0,3204.5315,0,7,1243.888521,1245.280568,True,20-22-91-88-86-84-83-82-85-76-71-70-80-81-78-77-90-8-21|75-1-99-100-97-92-94-95-98-7|93-5-2-3-4-89-59-53-56-58-60-44-51-50-52-47-48-96|63-62-74-72-61-65-64-87|67-66-69-68-49-55-54-57-40-46-45-42-41-43|12-14-16-15-19-18-17-13-10-73-79|24-27-30-29-6-32-34-36-33-31-35-37-38-39-28-26-23-25-9-11
315,7,1061.0539,8648.3348,290.0,3090.3311,0,7,1275.96747,1277.387277,True,20-91-88-86-84-83-82-85-76-70-81-78-77-90|1-99-100-97-92-94-95-98-7-3-4|93-5-75-2-89-59-56-58-60-44-45-51-50-52-47-48-96|63-62-74-72-61-65-64-87|67-66-69-68-49-55-53-54-57-40-46-41-42-43-21|12-14-16-19-17-13-71-73-79-80|22-24-27-30-29-6-32-34-36-33-31-35-37-38-39-28-26-23-18-15-25-9-11-10-8
316,7,1061.0539,8648.3348,290.0,3090.3311,0,7,1275.96747,1277.387277,True,20-91-88-86-84-83-82-85-76-70-81-78-77-90|1-99-100-97-92-94-95-98-7-3-4|93-5-75-2-89-59-56-58-60-44-45-51-50-52-47-48-96|63-62-74-72-61-65-64-87|67-66-69-68-49-55-53-54-57-40-46-41-42-43-21|12-14-16-19-17-13-71-73-79-80|22-24-27-30-29-6-32-34-36-33-31-35-37-38-39-28-26-23-18-15-25-9-11-10-8
317,4,1061.5568,2000.4956,310.0,3099.3109,0,4,278.791583,279.216812,True,93-5-75-2-1-99-100-97-92-94-95-98-7-3-4-89-91-88-86-84-83-82-85-76-71-70-73-80-79-81-78-87|20-22-24-27-29-31-35-37-38-39-36-34-28-26-23-12-14-15-25-45-17-42-41-43-48|30-67-63-62-74-72-61-64-66-69-68-65-49-55-54-53-56-58-60-59-57-40-44-46-50-52-96-77-90|6-32-33-18-51-19-16-47-13-9-11-10-8-21
318,4,1061.5568,2000.4956,310.0,3099.3109,0,4,278.791583,279.216812,True,93-5-75-2-1-99-100-97-92-94-95-98-7-3-4-89-91-88-86-84-83-82-85-76-71-70-73-80-79-81-78-87|20-22-24-27-29-31-35-37-38-39-36-34-28-26-23-12-14-15-25-45-17-42-41-43-48|30-67-63-62-74-72-61-64-66-69-68-65-49-55-54-53-56-58-60-59-57-40-44-46-50-52-96-77-90|6-32-33-18-51-19-16-47-13-9-11-10-8-21
319,4,1062.2147,1497.6613,210.0,3193.9161,0,4,203.36644,203.720632,True,93-5-75-2-1-99-100-97-92-94-95-98-7-3-4-89-91-88-86-84-83-82-85-76-71-73-80-79-81-78-77-87-90|20-22-24-27-30-29-6-32-33-31-58-53-59-45-51-50-21-25-18-11-10|55-35-37-38-39-36-28-26-23-12-14-16-15-17-13-9-8-70-96|67-63-62-74-72-61-64-66-69-68-65-49-54-56-34-19-46-60-57-40-44-52-47-42-41-43-48
320,4,1062.2147,1497.6613,210.0,3193.9161,0,4,203.36644,203.720632,True,93-5-75-2-1-99-100-97-92-94-95-98-7-3-4-89-91-88-86-84-83-82-85-76-71-73-80-79-81-78-77-87-90|20-22-24-27-30-29-6-32-33-31-58-53-59-45-51-50-21-25-18-11-10|55-35-37-38-39-36-28-26-23-12-14-16-15-17-13-9-8-70-96|67-63-62-74-72-61-64-66-69-68-65-49-54-56-34-19-46-60-57-40-44-52-47-42-41-43-48
321,7,1063.8088,8417.2927,280.0,3090.3311,0,7,1241.311158,1242.696135,True,91-88-86-84-83-82-85-76-70-81-78-77-90-8|75-1-99-100-97-92-94-95-98-7|93-5-2-3-4-89-59-56-58-60-44-51-50-52-47-48-96|63-62-74-72-61-65-64-87|67-66-69-68-49-55-53-54-57-40-46-45-42-41-43-21|12-14-16-19-17-13-71-73-79-80|20-22-24-27-30-29-6-32-34-36-33-31-35-37-38-39-28-26-23-18-15-25-9-11-10
322,7,1063.8088,8417.2927,280.0,3090.3311,0,7,1241.311158,1242.696135,True,91-88-86-84-83-82-85-76-70-81-78-77-90-8|75-1-99-100-97-92-94-95-98-7|93-5-2-3-4-89-59-56-58-60-44-51-50-52-47-48-96|63-62-74-72-61-65-64-87|67-66-69-68-49-55-53-54-57-40-46-45-42-41-43-21|12-14-16-19-17-13-71-73-79-80|20-22-24-27-30-29-6-32-34-36-33-31-35-37-38-39-28-26-23-18-15-25-9-11-10
323,4,1068.4355,1684.0115,220.0,3186.4644,0,4,231.318966,231.702859,True,93-5-75-2-1-99-100-97-92-94-95-98-7-3-4-89-91-88-86-84-83-82-85-76-71-73-79-80-78-77-87-90|6-32-36-39-37-34-33-31-58-53-59-40-45-50-23-18-25-10-8-21|20-22-24-27-30-29-55-12-14-16-15-17-13-9-11-70-81-96|67-63-62-74-72-61-64-66-69-68-65-49-54-56-60-35-38-28-26-19-46-57-44-51-52-47-42-41-43-48
324,4,1068.4355,1684.0115,220.0,3186.4644,0,4,231.318966,231.702859,True,93-5-75-2-1-99-100-97-92-94-95-98-7-3-4-89-91-88-86-84-83-82-85-76-71-73-79-80-78-77-87-90|6-32-36-39-37-34-33-31-58-53-59-40-45-50-23-18-25-10-8-21|20-22-24-27-30-29-55-12-14-16-15-17-13-9-11-70-81-96|67-63-62-74-72-61-64-66-69-68-65-49-54-56-60-35-38-28-26-19-46-57-44-51-52-47-42-41-43-48
325,7,1071.3143,8612.5171,260.0,3090.3311,0,7,1270.594817,1272.00933,True,20-22-91-88-86-84-83-82-85-76-70-81-78-77-90-8|1-99-100-97-92-94-95-98-7|93-5-75-2-3-4-89-59-60-58-56-96|67-63-62-61-72-74-87|69-66-64-68-65-49-55-53-54-57-40-44-46-52-50-51-45-47-43-42-41-48-21|12-14-16-19-17-13-71-73-79-80|24-27-30-29-6-32-34-36-33-31-35-37-38-39-28-26-23-18-15-25-9-11-10
326,7,1071.3143,8612.5171,260.0,3090.3311,0,7,1270.594817,1272.00933,True,20-22-91-88-86-84-83-82-85-76-70-81-78-77-90-8|1-99-100-97-92-94-95-98-7|93-5-75-2-3-4-89-59-60-58-56-96|67-63-62-61-72-74-87|69-66-64-68-65-49-55-53-54-57-40-44-46-52-50-51-45-47-43-42-41-48-21|12-14-16-19-17-13-71-73-79-80|24-27-30-29-6-32-34-36-33-31-35-37-38-39-28-26-23-18-15-25-9-11-10
327,4,1078.8663,1881.6804,210.0,3186.4644,0,4,260.969306,261.384978,True,93-5-75-2-1-99-100-97-92-94-95-98-7-3-4-89-91-88-86-84-83-82-85-76-71-73-79-81-78-77-87-90|6-32-34-36-39-37-31-58-53-59-40-45-23-18-19-25-11-10-8-21|20-22-24-27-30-29-55-56-33-17-15-16-14-12-13-9-70-80-96|67-63-62-66-74-72-61-64-69-68-65-49-54-35-38-28-26-46-57-60-44-51-50-52-47-42-41-43-48
328,4,1078.8663,1881.6804,210.0,3186.4644,0,4,260.969306,261.384978,True,93-5-75-2-1-99-100-97-92-94-95-98-7-3-4-89-91-88-86-84-83-82-85-76-71-73-79-81-78-77-87-90|6-32-34-36-39-37-31-58-53-59-40-45-23-18-19-25-11-10-8-21|20-22-24-27-30-29-55-56-33-17-15-16-14-12-13-9-70-80-96|67-63-62-66-74-72-61-64-69-68-65-49-54-35-38-28-26-46-57-60-44-51-50-52-47-42-41-43-48
329,7,1083.9412,8490.9888,260.0,3090.3311,0,7,1252.36556,1253.765632,True,22-91-88-86-84-83-82-85-76-70-81-78-77-90-8|2-1-99-100-97-92-94-95-98-7-3-4|93-5-75-89-59-56-58-60-44-51-50-52-47-48-96|63-62-74-72-61-64-41-87|67-66-69-68-65-49-55-53-54-57-40-46-45-42-43-21|12-14-16-19-17-13-71-73-79-80|20-24-27-30-29-6-32-34-36-33-31-35-37-38-39-28-26-23-18-15-25-9-11-10
330,7,1083.9412,8490.9888,260.0,3090.3311,0,7,1252.36556,1253.765632,True,22-91-88-86-84-83-82-85-76-70-81-78-77-90-8|2-1-99-100-97-92-94-95-98-7-3-4|93-5-75-89-59-56-58-60-44-51-50-52-47-48-96|63-62-74-72-61-64-41-87|67-66-69-68-65-49-55-53-54-57-40-46-45-42-43-21|12-14-16-19-17-13-71-73-79-80|20-24-27-30-29-6-32-34-36-33-31-35-37-38-39-28-26-23-18-15-25-9-11-10
331,12,1094.5732,14220.5719,240.0,3090.3311,0,12,2111.803031,2114.065229,True,93-5-2-75|69-64|1-99-100-97-92-94-95-98-7-3-4-89|63-74-62-67|8-9-17-19-16-14-12-11-10-90|66-61-72-49-55-54-53-56-58-60-59-38-36-34|68-65-57-40-44-46-45-42-41-43-47-48|91-88-84-83-82-85-76-71-70-73-80-79-81-77|87|20-29-6-32-33-39-37-35-31-51-50-52|86-78-96|22-24-27-30-28-26-23-18-15-13-25-21
332,12,1094.5732,14220.5719,240.0,3090.3311,0,12,2111.803031,2114.065229,True,93-5-2-75|69-64|1-99-100-97-92-94-95-98-7-3-4-89|63-74-62-67|8-9-17-19-16-14-12-11-10-90|66-61-72-49-55-54-53-56-58-60-59-38-36-34|68-65-57-40-44-46-45-42-41-43-47-48|91-88-84-83-82-85-76-71-70-73-80-79-81-77|87|20-29-6-32-33-39-37-35-31-51-50-52|86-78-96|22-24-27-30-28-26-23-18-15-13-25-21
333,4,1098.0868,1643.4898,240.0,3186.4644,0,4,225.24072,225.62943,True,93-5-75-2-1-99-100-97-92-94-95-98-7-3-4-89-91-88-86-84-83-82-85-76-71-73-79-80-78-77-87-90|6-34-36-39-37-31-58-53-59-45-50-28-23-25-10-8-21|20-22-24-27-30-29-33-32-55-18-16-14-12-15-17-13-9-11-81-70-96|67-63-62-74-72-61-64-66-69-68-65-49-54-56-35-38-26-19-46-60-57-40-44-51-52-47-42-41-43-48
334,4,1098.0868,1643.4898,240.0,3186.4644,0,4,225.24072,225.62943,True,93-5-75-2-1-99-100-97-92-94-95-98-7-3-4-89-91-88-86-84-83-82-85-76-71-73-79-80-78-77-87-90|6-34-36-39-37-31-58-53-59-45-50-28-23-25-10-8-21|20-22-24-27-30-29-33-32-55-18-16-14-12-15-17-13-9-11-81-70-96|67-63-62-74-72-61-64-66-69-68-65-49-54-56-35-38-26-19-46-60-57-40-44-51-52-47-42-41-43-48
335,4,1100.0446,1369.2695,310.0,3223.7735,0,4,184.107677,184.468437,True,93-5-75-2-1-99-100-97-92-94-95-98-7-3-4-89-91-88-86-83-82-85-76-71-70-73-80-79-81-96-78-87-90|20-22-24-27-29-32-30-33-35-31-36-37-26-38-19-39-16-14-28-12-10-8-21|6-68-69-66-84-34-23-18-17-15-13-25-9-11-77|67-63-62-74-72-61-64-65-49-55-54-53-56-58-60-59-57-40-44-46-45-51-50-47-52-42-41-43-48
336,4,1100.0446,1369.2695,310.0,3223.7735,0,4,184.107677,184.468437,True,93-5-75-2-1-99-100-97-92-94-95-98-7-3-4-89-91-88-86-83-82-85-76-71-70-73-80-79-81-96-78-87-90|20-22-24-27-29-32-30-33-35-31-36-37-26-38-19-39-16-14-28-12-10-8-21|6-68-69-66-84-34-23-18-17-15-13-25-9-11-77|67-63-62-74-72-61-64-65-49-55-54-53-56-58-60-59-57-40-44-46-45-51-50-47-52-42-41-43-48
337,7,1100.2704,8288.2256,260.0,3090.3311,0,7,1221.951087,1223.325642,True,20-22-91-88-86-84-83-82-85-76-70-81-78-77-90-8|1-99-100-97-92-94-95-98-7|93-5-75-2-3-4-89-59-56-58-60-44-51-50-52-47-48-96|63-62-74-72-61-64-65-41-87|67-66-69-68-49-55-53-54-57-40-46-45-42-43-21|12-14-16-19-17-13-71-73-79-80|24-27-30-29-6-32-34-36-33-31-35-37-38-39-28-26-23-18-15-25-9-11-10
338,7,1100.2704,8288.2256,260.0,3090.3311,0,7,1221.951087,1223.325642,True,20-22-91-88-86-84-83-82-85-76-70-81-78-77-90-8|1-99-100-97-92-94-95-98-7|93-5-75-2-3-4-89-59-56-58-60-44-51-50-52-47-48-96|63-62-74-72-61-64-65-41-87|67-66-69-68-49-55-53-54-57-40-46-45-42-43-21|12-14-16-19-17-13-71-73-79-80|24-27-30-29-6-32-34-36-33-31-35-37-38-39-28-26-23-18-15-25-9-11-10
339,7,1101.1894,8287.3066,260.0,3090.3311,0,7,1221.813238,1223.187932,True,20-22-91-88-86-84-83-82-85-76-70-81-78-77-90-8|1-99-100-97-92-94-95-98-7|93-5-75-2-3-4-89-59-56-58-60-44-51-50-52-47-48-96|63-62-74-72-61-64-65-41-87|67-66-69-68-49-55-53-54-57-40-46-45-42-43-21|12-14-16-19-17-13-71-73-79-80|24-27-30-29-6-31-35-38-37-33-32-34-36-39-28-26-23-18-15-25-9-11-10
340,7,1101.1894,8287.3066,260.0,3090.3311,0,7,1221.813238,1223.187932,True,20-22-91-88-86-84-83-82-85-76-70-81-78-77-90-8|1-99-100-97-92-94-95-98-7|93-5-75-2-3-4-89-59-56-58-60-44-51-50-52-47-48-96|63-62-74-72-61-64-65-41-87|67-66-69-68-49-55-53-54-57-40-46-45-42-43-21|12-14-16-19-17-13-71-73-79-80|24-27-30-29-6-31-35-38-37-33-32-34-36-39-28-26-23-18-15-25-9-11-10
341,4,1104.1346,1846.4511,210.0,3186.4644,0,4,255.684904,256.102873,True,6-32-34-36-39-37-31-58-53-59-45-50-28-23-18-25-11-10-21|20-22-24-27-30-29-33-55-12-14-16-15-17-13-9-8-70-73-80-96|67-63-62-74-72-61-64-66-69-68-65-49-54-56-35-38-26-19-46-60-57-40-44-51-52-47-42-41-43-48|93-5-75-2-1-99-100-97-92-94-95-98-7-3-4-89-91-88-86-84-83-82-85-71-76-79-81-78-77-87-90
342,4,1104.1346,1846.4511,210.0,3186.4644,0,4,255.684904,256.102873,True,6-32-34-36-39-37-31-58-53-59-45-50-28-23-18-25-11-10-21|20-22-24-27-30-29-33-55-12-14-16-15-17-13-9-8-70-73-80-96|67-63-62-74-72-61-64-66-69-68-65-49-54-56-35-38-26-19-46-60-57-40-44-51-52-47-42-41-43-48|93-5-75-2-1-99-100-97-92-94-95-98-7-3-4-89-91-88-86-84-83-82-85-71-76-79-81-78-77-87-90
343,4,1105.509,1908.0767,160.0,3186.4644,0,4,264.928748,265.351373,True,93-5-75-2-1-99-100-97-92-94-95-98-7-3-4-89-91-88-86-84-83-82-85-76-71-73-79-78-77-87-90|6-32-34-36-39-37-31-58-53-59-46-50-28-18-25-11-10-8-21|20-22-24-27-30-29-55-33-23-12-14-16-15-17-13-9-81-70-80-96|67-63-62-74-72-61-64-66-69-68-65-49-54-56-35-38-26-19-45-60-57-40-44-51-52-47-42-41-43-48
344,4,1105.509,1908.0767,160.0,3186.4644,0,4,264.928748,265.351373,True,93-5-75-2-1-99-100-97-92-94-95-98-7-3-4-89-91-88-86-84-83-82-85-76-71-73-79-78-77-87-90|6-32-34-36-39-37-31-58-53-59-46-50-28-18-25-11-10-8-21|20-22-24-27-30-29-55-33-23-12-14-16-15-17-13-9-81-70-80-96|67-63-62-74-72-61-64-66-69-68-65-49-54-56-35-38-26-19-45-60-57-40-44-51-52-47-42-41-43-48
345,4,1105.7443,1606.2268,150.0,3204.9548,0,4,219.651263,220.030455,True,93-5-75-2-1-99-100-97-92-94-95-98-7-3-4-89-91-88-86-84-83-82-85-76-71-73-79-80-96|6-32-34-36-39-37-31-58-53-59-45-50-28-23-18-25-11-10-21|20-22-24-27-30-29-69-66-68-65-55-33-12-14-16-15-17-13-9-8-70-81-78-77-87-90|67-63-62-74-72-61-64-49-54-56-35-38-26-19-46-60-57-40-44-51-52-47-42-41-43-48
346,4,1105.7443,1606.2268,150.0,3204.9548,0,4,219.651263,220.030455,True,93-5-75-2-1-99-100-97-92-94-95-98-7-3-4-89-91-88-86-84-83-82-85-76-71-73-79-80-96|6-32-34-36-39-37-31-58-53-59-45-50-28-23-18-25-11-10-21|20-22-24-27-30-29-69-66-68-65-55-33-12-14-16-15-17-13-9-8-70-81-78-77-87-90|67-63-62-74-72-61-64-49-54-56-35-38-26-19-46-60-57-40-44-51-52-47-42-41-43-48
347,7,1107.2114,6673.1247,500.0,3090.3311,0,7,979.685951,980.844324,True,5-75-2-1-99-100-97-92-95-98-7-4-89-91-88-86-83-85-76-71-73-80-79-81-78-77-87|20-24-27-30-6-32-31-35-37-38-39-36-34-28-23-18-19-16-12-15-25-9-11-10-8-21|67-63-62-74-72-64-66-69-68-65-49-55-54-53-56-58-60-59-57-40-44-46-45-51-50-52-47-42-41-43-48|33-26-17-90-96|13-14-70|22-29-94-3-84-82|93-61
348,7,1107.2114,6673.1247,500.0,3090.3311,0,7,979.685951,980.844324,True,5-75-2-1-99-100-97-92-95-98-7-4-89-91-88-86-83-85-76-71-73-80-79-81-78-77-87|20-24-27-30-6-32-31-35-37-38-39-36-34-28-23-18-19-16-12-15-25-9-11-10-8-21|67-63-62-74-72-64-66-69-68-65-49-55-54-53-56-58-60-59-57-40-44-46-45-51-50-52-47-42-41-43-48|33-26-17-90-96|13-14-70|22-29-94-3-84-82|93-61
349,7,1112.4135,6625.3265,520.0,3090.3311,0,7,972.516223,973.670987,True,93-5-75-2-1-99-100-97-94-95-98-7-3-4-91-88-84-83-82-85-76-71-70-73-79-81-78-77-87|20-22-24-27-29-6-32-33-35-37-38-39-36-28-26-23-18-19-16-14-15-13-9-11-10-8|67-63-62-74-72-61-64-66-69-68-65-55-54-56-58-59-57-40-44-46-45-51-50-52-47-42-41-43-48|31-25-17-12-21-90-96|34-60-53-80|49-89-86|30-92
350,7,1112.4135,6625.3265,520.0,3090.3311,0,7,972.516223,973.670987,True,93-5-75-2-1-99-100-97-94-95-98-7-3-4-91-88-84-83-82-85-76-71-70-73-79-81-78-77-87|20-22-24-27-29-6-32-33-35-37-38-39-36-28-26-23-18-19-16-14-15-13-9-11-10-8|67-63-62-74-72-61-64-66-69-68-65-55-54-56-58-59-57-40-44-46-45-51-50-52-47-42-41-43-48|31-25-17-12-21-90-96|34-60-53-80|49-89-86|30-92
351,13,1141.8975,14208.1248,230.0,3090.3311,0,13,2109.93596,2112.209789,True,93-5-2-75|69-64|67-62|1-99-100-97-92-94-95-98-7-3-4-89|63-74|8-9-17-19-16-14-12-11-10-90|61-72-49-55-54-53-56-58-60-59-38-36-34|68-65-57-40-44-46-45-42-41-43-47-48|91-88-84-83-82-85-76-71-70-73-80-79-81-77|66-87|20-29-6-32-33-39-37-35-31-51-50-52|86-78-96|22-24-27-30-28-26-23-18-15-13-25-21
352,13,1141.8975,14208.1248,230.0,3090.3311,0,13,2109.93596,2112.209789,True,93-5-2-75|69-64|67-62|1-99-100-97-92-94-95-98-7-3-4-89|63-74|8-9-17-19-16-14-12-11-10-90|61-72-49-55-54-53-56-58-60-59-38-36-34|68-65-57-40-44-46-45-42-41-43-47-48|91-88-84-83-82-85-76-71-70-73-80-79-81-77|66-87|20-29-6-32-33-39-37-35-31-51-50-52|86-78-96|22-24-27-30-28-26-23-18-15-13-25-21
353,7,1201.9824,6855.9946,460.0,3090.3311,0,7,1007.116441,1008.326675,True,93-5-2-99-100-97-92-94-98-3-89-91-88-86-84-83-82-85-76-71-73-80-81-78-77-96|20-27-30-29-6-31-37-38-39-36-18-17-19-14-15-13-25-9-11-10-8-21-41|67-63-62-74-72-61-64-66-69-68-65-49-55-54-53-56-58-59-57-40-44-46-45-51-47-42-43-48-90|16-12-23-26-52-50-87|28-34-33-35-60-70-79|32-24-22-7-4|75-1-95
354,7,1201.9824,6855.9946,460.0,3090.3311,0,7,1007.116441,1008.326675,True,93-5-2-99-100-97-92-94-98-3-89-91-88-86-84-83-82-85-76-71-73-80-81-78-77-96|20-27-30-29-6-31-37-38-39-36-18-17-19-14-15-13-25-9-11-10-8-21-41|67-63-62-74-72-61-64-66-69-68-65-49-55-54-53-56-58-59-57-40-44-46-45-51-47-42-43-48-90|16-12-23-26-52-50-87|28-34-33-35-60-70-79|32-24-22-7-4|75-1-95
355,7,1242.8944,8384.7361,120.0,3090.3311,0,7,1236.427654,1237.845474,True,20-24-29-27-22-91-88-86-84-83-82-85-76-70-81-78-90-8|6-32-30-99-100-97-92-94-95-7|93-5-75-2-1-98-89-59-56-58-60-44-51-50-52-47-48-96-77|67-63-62-74-72-61-64-49-65-41-87|66-69-68-55-53-54-57-40-46-45-42-43-21-9-10|4-3-12-14-16-19-17-13-71-73-79-80|34-36-33-31-35-37-38-39-28-26-23-18-15-25-11
356,7,1242.8944,8384.7361,120.0,3090.3311,0,7,1236.427654,1237.845474,True,20-24-29-27-22-91-88-86-84-83-82-85-76-70-81-78-90-8|6-32-30-99-100-97-92-94-95-7|93-5-75-2-1-98-89-59-56-58-60-44-51-50-52-47-48-96-77|67-63-62-74-72-61-64-49-65-41-87|66-69-68-55-53-54-57-40-46-45-42-43-21-9-10|4-3-12-14-16-19-17-13-71-73-79-80|34-36-33-31-35-37-38-39-28-26-23-18-15-25-11
357,5,1244.648,4070.1169,130.0,3090.3311,0,5,589.234774,590.006326,True,93-91-88-56-58-59-85-12-14-16-15-13-21|1-100-97-92-94-98-7-49-53-54-38-36-34-28-26-23-25-9-11-10|62-5-75-2-99-95-3-4-89-19-18-17-8-71-70-81-96-87|67-63-74-72-61-64-66-69-68-65-86-84-83-82-76-73-79-80-78-77-90|20-22-24-27-30-29-6-32-33-39-37-35-31-60-55-57-40-44-46-45-51-50-52-47-42-41-43-48
358,5,1244.648,4070.1169,130.0,3090.3311,0,5,589.234774,590.006326,True,93-91-88-56-58-59-85-12-14-16-15-13-21|1-100-97-92-94-98-7-49-53-54-38-36-34-28-26-23-25-9-11-10|62-5-75-2-99-95-3-4-89-19-18-17-8-71-70-81-96-87|67-63-74-72-61-64-66-69-68-65-86-84-83-82-76-73-79-80-78-77-90|20-22-24-27-30-29-6-32-33-39-37-35-31-60-55-57-40-44-46-45-51-50-52-47-42-41-43-48
359,5,1434.7912,4046.0406,120.0,3093.613,0,5,585.623331,586.447807,True,93-91-88-56-58-60-59-85-12-14-16-15-13-21|27-30-29-31-1-99-100-97-92-94-98-49-53-54-38-39-36-28-26-23-25-9-11-10-8|5-75-2-95-7-3-4-89-19-18-17-52-45-47-71-81-96-43-87|67-63-74-62-66-72-61-64-65-68-69-84-86-83-82-50-51-76-70-73-79-80-78-77-90|20-22-24-6-32-33-34-37-35-55-57-40-44-46-42-41-48
360,5,1434.7912,4046.0406,120.0,3093.613,0,5,585.623331,586.447807,True,93-91-88-56-58-60-59-85-12-14-16-15-13-21|27-30-29-31-1-99-100-97-92-94-98-49-53-54-38-39-36-28-26-23-25-9-11-10-8|5-75-2-95-7-3-4-89-19-18-17-52-45-47-71-81-96-43-87|67-63-74-62-66-72-61-64-65-68-69-84-86-83-82-50-51-76-70-73-79-80-78-77-90|20-22-24-6-32-33-34-37-35-55-57-40-44-46-42-41-48
361,5,1540.3962,3943.258,180.0,3165.6131,0,5,570.205942,571.063483,True,93-91-88-56-58-59-85-12-14-16-15-17-13-21|22-30-29-31-1-100-97-92-94-98-7-49-53-54-38-39-36-28-23-25-9-11-10-8|62-5-75-2-99-95-3-4-89-19-18-26-52-45-70-71-81-96-47-43-87|67-63-74-72-61-64-66-69-68-65-32-33-84-86-83-82-50-51-76-73-79-80-78-77-90|20-24-27-6-34-37-35-60-55-57-40-44-46-42-41-48
362,5,1540.3962,3943.258,180.0,3165.6131,0,5,570.205942,571.063483,True,93-91-88-56-58-59-85-12-14-16-15-17-13-21|22-30-29-31-1-100-97-92-94-98-7-49-53-54-38-39-36-28-23-25-9-11-10-8|62-5-75-2-99-95-3-4-89-19-18-26-52-45-70-71-81-96-47-43-87|67-63-74-72-61-64-66-69-68-65-32-33-84-86-83-82-50-51-76-73-79-80-78-77-90|20-24-27-6-34-37-35-60-55-57-40-44-46-42-41-48
