Rank,Z1_Vehicles,Z2_Distance,Z3_WaitTime,Z4_LoadBalance,Z5_Makespan,Unserved,Num_Routes,ASF,ASF_aug,In_ROI,Routes
1,3,591.1734,10.5419,70.0,3388.2084,0,3,25.233449,25.235367,True,67-63-62-74-72-61-64-66-69-68-65-49-55-54-53-56-58-60-59-57-40-44-46-45-51-50-52-47-42-41-43-48|93-5-75-2-1-99-100-97-92-94-95-98-7-3-4-89-91-88-84-86-83-82-85-76-71-70-73-80-79-81-78-77-96-87-90|20-22-24-27-30-29-6-32-33-31-35-37-38-39-36-34-28-26-23-18-19-16-14-12-15-17-13-25-9-11-10-8-21
2,3,591.1734,10.5419,70.0,3388.2084,0,3,25.233449,25.235367,True,67-63-62-74-72-61-64-66-69-68-65-49-55-54-53-56-58-60-59-57-40-44-46-45-51-50-52-47-42-41-43-48|93-5-75-2-1-99-100-97-92-94-95-98-7-3-4-89-91-88-84-86-83-82-85-76-71-70-73-80-79-81-78-77-96-87-90|20-22-24-27-30-29-6-32-33-31-35-37-38-39-36-34-28-26-23-18-19-16-14-12-15-17-13-25-9-11-10-8-21
3,3,600.2061,36.1797,80.0,3308.1522,0,3,13.225016,13.222481,True,67-63-62-74-72-61-64-66-69-68-65-49-55-54-53-56-58-60-59-57-40-44-46-45-51-50-52-47-42-41-43-48|93-75-2-1-99-100-97-92-94-95-98-7-3-4-89-91-88-86-84-83-82-85-76-71-70-73-80-79-81-78-77-96-87-90|22-24-27-30-29-6-32-33-31-35-37-38-39-36-34-28-26-23-18-19-16-14-12-15-17-13-25-9-11-10-5-8-21-20
4,3,600.2061,36.1797,80.0,3308.1522,0,3,13.225016,13.222481,True,67-63-62-74-72-61-64-66-69-68-65-49-55-54-53-56-58-60-59-57-40-44-46-45-51-50-52-47-42-41-43-48|93-75-2-1-99-100-97-92-94-95-98-7-3-4-89-91-88-86-84-83-82-85-76-71-70-73-80-79-81-78-77-96-87-90|22-24-27-30-29-6-32-33-31-35-37-38-39-36-34-28-26-23-18-19-16-14-12-15-17-13-25-9-11-10-5-8-21-20
5,3,600.2061,36.1797,80.0,3308.1522,0,3,13.225016,13.222481,True,67-63-62-74-72-61-64-66-69-68-65-49-55-54-53-56-58-60-59-57-40-44-46-45-51-50-52-47-42-41-43-48|93-75-2-1-99-100-97-92-94-95-98-7-3-4-89-91-88-86-84-83-82-85-76-71-70-73-80-79-81-78-77-96-87-90|22-24-27-30-29-6-32-33-31-35-37-38-39-36-34-28-26-23-18-19-16-14-12-15-17-13-25-9-11-10-5-8-21-20
6,3,600.2061,36.1797,80.0,3308.1522,0,3,13.225016,13.222481,True,67-63-62-74-72-61-64-66-69-68-65-49-55-54-53-56-58-60-59-57-40-44-46-45-51-50-52-47-42-41-43-48|93-75-2-1-99-100-97-92-94-95-98-7-3-4-89-91-88-86-84-83-82-85-76-71-70-73-80-79-81-78-77-96-87-90|22-24-27-30-29-6-32-33-31-35-37-38-39-36-34-28-26-23-18-19-16-14-12-15-17-13-25-9-11-10-5-8-21-20
7,3,600.2061,36.1797,80.0,3308.1522,0,3,13.225016,13.222481,True,67-63-62-74-72-61-64-66-69-68-65-49-55-54-53-56-58-60-59-57-40-44-46-45-51-50-52-47-42-41-43-48|93-75-2-1-99-100-97-92-94-95-98-7-3-4-89-91-88-86-84-83-82-85-76-71-70-73-80-79-81-78-77-96-87-90|22-24-27-30-29-6-32-33-31-35-37-38-39-36-34-28-26-23-18-19-16-14-12-15-17-13-25-9-11-10-5-8-21-20
8,3,600.2061,36.1797,80.0,3308.1522,0,3,13.225016,13.222481,True,67-63-62-74-72-61-64-66-69-68-65-49-55-54-53-56-58-60-59-57-40-44-46-45-51-50-52-47-42-41-43-48|93-75-2-1-99-100-97-92-94-95-98-7-3-4-89-91-88-86-84-83-82-85-76-71-70-73-80-79-81-78-77-96-87-90|22-24-27-30-29-6-32-33-31-35-37-38-39-36-34-28-26-23-18-19-16-14-12-15-17-13-25-9-11-10-5-8-21-20
9,3,600.2061,36.1797,80.0,3308.1522,0,3,13.225016,13.222481,True,67-63-62-74-72-61-64-66-69-68-65-49-55-54-53-56-58-60-59-57-40-44-46-45-51-50-52-47-42-41-43-48|93-75-2-1-99-100-97-92-94-95-98-7-3-4-89-91-88-86-84-83-82-85-76-71-70-73-80-79-81-78-77-96-87-90|22-24-27-30-29-6-32-33-31-35-37-38-39-36-34-28-26-23-18-19-16-14-12-15-17-13-25-9-11-10-5-8-21-20
10,3,600.2061,36.1797,80.0,3308.1522,0,3,13.225016,13.222481,True,67-63-62-74-72-61-64-66-69-68-65-49-55-54-53-56-58-60-59-57-40-44-46-45-51-50-52-47-42-41-43-48|93-75-2-1-99-100-97-92-94-95-98-7-3-4-89-91-88-86-84-83-82-85-76-71-70-73-80-79-81-78-77-96-87-90|22-24-27-30-29-6-32-33-31-35-37-38-39-36-34-28-26-23-18-19-16-14-12-15-17-13-25-9-11-10-5-8-21-20
11,3,600.2061,36.1797,80.0,3308.1522,0,3,13.225016,13.222481,True,67-63-62-74-72-61-64-66-69-68-65-49-55-54-53-56-58-60-59-57-40-44-46-45-51-50-52-47-42-41-43-48|93-75-2-1-99-100-97-92-94-95-98-7-3-4-89-91-88-86-84-83-82-85-76-71-70-73-80-79-81-78-77-96-87-90|22-24-27-30-29-6-32-33-31-35-37-38-39-36-34-28-26-23-18-19-16-14-12-15-17-13-25-9-11-10-5-8-21-20
12,3,600.2061,36.1797,80.0,3308.1522,0,3,13.225016,13.222481,True,67-63-62-74-72-61-64-66-69-68-65-49-55-54-53-56-58-60-59-57-40-44-46-45-51-50-52-47-42-41-43-48|93-75-2-1-99-100-97-92-94-95-98-7-3-4-89-91-88-86-84-83-82-85-76-71-70-73-80-79-81-78-77-96-87-90|22-24-27-30-29-6-32-33-31-35-37-38-39-36-34-28-26-23-18-19-16-14-12-15-17-13-25-9-11-10-5-8-21-20
13,3,600.2061,36.1797,80.0,3308.1522,0,3,13.225016,13.222481,True,67-63-62-74-72-61-64-66-69-68-65-49-55-54-53-56-58-60-59-57-40-44-46-45-51-50-52-47-42-41-43-48|93-75-2-1-99-100-97-92-94-95-98-7-3-4-89-91-88-86-84-83-82-85-76-71-70-73-80-79-81-78-77-96-87-90|22-24-27-30-29-6-32-33-31-35-37-38-39-36-34-28-26-23-18-19-16-14-12-15-17-13-25-9-11-10-5-8-21-20
14,3,600.2061,36.1797,80.0,3308.1522,0,3,13.225016,13.222481,True,67-63-62-74-72-61-64-66-69-68-65-49-55-54-53-56-58-60-59-57-40-44-46-45-51-50-52-47-42-41-43-48|93-75-2-1-99-100-97-92-94-95-98-7-3-4-89-91-88-86-84-83-82-85-76-71-70-73-80-79-81-78-77-96-87-90|22-24-27-30-29-6-32-33-31-35-37-38-39-36-34-28-26-23-18-19-16-14-12-15-17-13-25-9-11-10-5-8-21-20
15,3,600.2061,36.1797,80.0,3308.1522,0,3,13.225016,13.222481,True,67-63-62-74-72-61-64-66-69-68-65-49-55-54-53-56-58-60-59-57-40-44-46-45-51-50-52-47-42-41-43-48|93-75-2-1-99-100-97-92-94-95-98-7-3-4-89-91-88-86-84-83-82-85-76-71-70-73-80-79-81-78-77-96-87-90|22-24-27-30-29-6-32-33-31-35-37-38-39-36-34-28-26-23-18-19-16-14-12-15-17-13-25-9-11-10-5-8-21-20
16,3,600.2061,36.1797,80.0,3308.1522,0,3,13.225016,13.222481,True,67-63-62-74-72-61-64-66-69-68-65-49-55-54-53-56-58-60-59-57-40-44-46-45-51-50-52-47-42-41-43-48|93-75-2-1-99-100-97-92-94-95-98-7-3-4-89-91-88-86-84-83-82-85-76-71-70-73-80-79-81-78-77-96-87-90|22-24-27-30-29-6-32-33-31-35-37-38-39-36-34-28-26-23-18-19-16-14-12-15-17-13-25-9-11-10-5-8-21-20
17,3,600.2061,36.1797,80.0,3308.1522,0,3,13.225016,13.222481,True,67-63-62-74-72-61-64-66-69-68-65-49-55-54-53-56-58-60-59-57-40-44-46-45-51-50-52-47-42-41-43-48|93-75-2-1-99-100-97-92-94-95-98-7-3-4-89-91-88-86-84-83-82-85-76-71-70-73-80-79-81-78-77-96-87-90|22-24-27-30-29-6-32-33-31-35-37-38-39-36-34-28-26-23-18-19-16-14-12-15-17-13-25-9-11-10-5-8-21-20
18,3,600.2061,36.1797,80.0,3308.1522,0,3,13.225016,13.222481,True,67-63-62-74-72-61-64-66-69-68-65-49-55-54-53-56-58-60-59-57-40-44-46-45-51-50-52-47-42-41-43-48|93-75-2-1-99-100-97-92-94-95-98-7-3-4-89-91-88-86-84-83-82-85-76-71-70-73-80-79-81-78-77-96-87-90|22-24-27-30-29-6-32-33-31-35-37-38-39-36-34-28-26-23-18-19-16-14-12-15-17-13-25-9-11-10-5-8-21-20
19,3,600.2061,36.1797,80.0,3308.1522,0,3,13.225016,13.222481,True,67-63-62-74-72-61-64-66-69-68-65-49-55-54-53-56-58-60-59-57-40-44-46-45-51-50-52-47-42-41-43-48|93-75-2-1-99-100-97-92-94-95-98-7-3-4-89-91-88-86-84-83-82-85-76-71-70-73-80-79-81-78-77-96-87-90|22-24-27-30-29-6-32-33-31-35-37-38-39-36-34-28-26-23-18-19-16-14-12-15-17-13-25-9-11-10-5-8-21-20
20,3,600.2061,36.1797,80.0,3308.1522,0,3,13.225016,13.222481,True,67-63-62-74-72-61-64-66-69-68-65-49-55-54-53-56-58-60-59-57-40-44-46-45-51-50-52-47-42-41-43-48|93-75-2-1-99-100-97-92-94-95-98-7-3-4-89-91-88-86-84-83-82-85-76-71-70-73-80-79-81-78-77-96-87-90|22-24-27-30-29-6-32-33-31-35-37-38-39-36-34-28-26-23-18-19-16-14-12-15-17-13-25-9-11-10-5-8-21-20
21,3,600.2061,36.1797,80.0,3308.1522,0,3,13.225016,13.222481,True,67-63-62-74-72-61-64-66-69-68-65-49-55-54-53-56-58-60-59-57-40-44-46-45-51-50-52-47-42-41-43-48|93-75-2-1-99-100-97-92-94-95-98-7-3-4-89-91-88-86-84-83-82-85-76-71-70-73-80-79-81-78-77-96-87-90|22-24-27-30-29-6-32-33-31-35-37-38-39-36-34-28-26-23-18-19-16-14-12-15-17-13-25-9-11-10-5-8-21-20
22,3,600.2061,36.1797,80.0,3308.1522,0,3,13.225016,13.222481,True,67-63-62-74-72-61-64-66-69-68-65-49-55-54-53-56-58-60-59-57-40-44-46-45-51-50-52-47-42-41-43-48|93-75-2-1-99-100-97-92-94-95-98-7-3-4-89-91-88-86-84-83-82-85-76-71-70-73-80-79-81-78-77-96-87-90|22-24-27-30-29-6-32-33-31-35-37-38-39-36-34-28-26-23-18-19-16-14-12-15-17-13-25-9-11-10-5-8-21-20
23,3,600.2061,36.1797,80.0,3308.1522,0,3,13.225016,13.222481,True,67-63-62-74-72-61-64-66-69-68-65-49-55-54-53-56-58-60-59-57-40-44-46-45-51-50-52-47-42-41-43-48|93-75-2-1-99-100-97-92-94-95-98-7-3-4-89-91-88-86-84-83-82-85-76-71-70-73-80-79-81-78-77-96-87-90|22-24-27-30-29-6-32-33-31-35-37-38-39-36-34-28-26-23-18-19-16-14-12-15-17-13-25-9-11-10-5-8-21-20
24,3,600.2061,36.1797,80.0,3308.1522,0,3,13.225016,13.222481,True,67-63-62-74-72-61-64-66-69-68-65-49-55-54-53-56-58-60-59-57-40-44-46-45-51-50-52-47-42-41-43-48|93-75-2-1-99-100-97-92-94-95-98-7-3-4-89-91-88-86-84-83-82-85-76-71-70-73-80-79-81-78-77-96-87-90|22-24-27-30-29-6-32-33-31-35-37-38-39-36-34-28-26-23-18-19-16-14-12-15-17-13-25-9-11-10-5-8-21-20
25,3,600.2061,36.1797,80.0,3308.1522,0,3,13.225016,13.222481,True,67-63-62-74-72-61-64-66-69-68-65-49-55-54-53-56-58-60-59-57-40-44-46-45-51-50-52-47-42-41-43-48|93-75-2-1-99-100-97-92-94-95-98-7-3-4-89-91-88-86-84-83-82-85-76-71-70-73-80-79-81-78-77-96-87-90|22-24-27-30-29-6-32-33-31-35-37-38-39-36-34-28-26-23-18-19-16-14-12-15-17-13-25-9-11-10-5-8-21-20
26,3,600.2061,36.1797,80.0,3308.1522,0,3,13.225016,13.222481,True,67-63-62-74-72-61-64-66-69-68-65-49-55-54-53-56-58-60-59-57-40-44-46-45-51-50-52-47-42-41-43-48|93-75-2-1-99-100-97-92-94-95-98-7-3-4-89-91-88-86-84-83-82-85-76-71-70-73-80-79-81-78-77-96-87-90|22-24-27-30-29-6-32-33-31-35-37-38-39-36-34-28-26-23-18-19-16-14-12-15-17-13-25-9-11-10-5-8-21-20
27,3,600.2061,36.1797,80.0,3308.1522,0,3,13.225016,13.222481,True,67-63-62-74-72-61-64-66-69-68-65-49-55-54-53-56-58-60-59-57-40-44-46-45-51-50-52-47-42-41-43-48|93-75-2-1-99-100-97-92-94-95-98-7-3-4-89-91-88-86-84-83-82-85-76-71-70-73-80-79-81-78-77-96-87-90|22-24-27-30-29-6-32-33-31-35-37-38-39-36-34-28-26-23-18-19-16-14-12-15-17-13-25-9-11-10-5-8-21-20
28,3,600.2061,36.1797,80.0,3308.1522,0,3,13.225016,13.222481,True,67-63-62-74-72-61-64-66-69-68-65-49-55-54-53-56-58-60-59-57-40-44-46-45-51-50-52-47-42-41-43-48|93-75-2-1-99-100-97-92-94-95-98-7-3-4-89-91-88-86-84-83-82-85-76-71-70-73-80-79-81-78-77-96-87-90|22-24-27-30-29-6-32-33-31-35-37-38-39-36-34-28-26-23-18-19-16-14-12-15-17-13-25-9-11-10-5-8-21-20
29,3,600.2061,36.1797,80.0,3308.1522,0,3,13.225016,13.222481,True,67-63-62-74-72-61-64-66-69-68-65-49-55-54-53-56-58-60-59-57-40-44-46-45-51-50-52-47-42-41-43-48|93-75-2-1-99-100-97-92-94-95-98-7-3-4-89-91-88-86-84-83-82-85-76-71-70-73-80-79-81-78-77-96-87-90|22-24-27-30-29-6-32-33-31-35-37-38-39-36-34-28-26-23-18-19-16-14-12-15-17-13-25-9-11-10-5-8-21-20
30,3,600.2061,36.1797,80.0,3308.1522,0,3,13.225016,13.222481,True,67-63-62-74-72-61-64-66-69-68-65-49-55-54-53-56-58-60-59-57-40-44-46-45-51-50-52-47-42-41-43-48|93-75-2-1-99-100-97-92-94-95-98-7-3-4-89-91-88-86-84-83-82-85-76-71-70-73-80-79-81-78-77-96-87-90|22-24-27-30-29-6-32-33-31-35-37-38-39-36-34-28-26-23-18-19-16-14-12-15-17-13-25-9-11-10-5-8-21-20
31,3,600.2061,36.1797,80.0,3308.1522,0,3,13.225016,13.222481,True,67-63-62-74-72-61-64-66-69-68-65-49-55-54-53-56-58-60-59-57-40-44-46-45-51-50-52-47-42-41-43-48|93-75-2-1-99-100-97-92-94-95-98-7-3-4-89-91-88-86-84-83-82-85-76-71-70-73-80-79-81-78-77-96-87-90|22-24-27-30-29-6-32-33-31-35-37-38-39-36-34-28-26-23-18-19-16-14-12-15-17-13-25-9-11-10-5-8-21-20
32,3,600.2061,36.1797,80.0,3308.1522,0,3,13.225016,13.222481,True,67-63-62-74-72-61-64-66-69-68-65-49-55-54-53-56-58-60-59-57-40-44-46-45-51-50-52-47-42-41-43-48|93-75-2-1-99-100-97-92-94-95-98-7-3-4-89-91-88-86-84-83-82-85-76-71-70-73-80-79-81-78-77-96-87-90|22-24-27-30-29-6-32-33-31-35-37-38-39-36-34-28-26-23-18-19-16-14-12-15-17-13-25-9-11-10-5-8-21-20
33,3,600.2061,36.1797,80.0,3308.1522,0,3,13.225016,13.222481,True,67-63-62-74-72-61-64-66-69-68-65-49-55-54-53-56-58-60-59-57-40-44-46-45-51-50-52-47-42-41-43-48|93-75-2-1-99-100-97-92-94-95-98-7-3-4-89-91-88-86-84-83-82-85-76-71-70-73-80-79-81-78-77-96-87-90|22-24-27-30-29-6-32-33-31-35-37-38-39-36-34-28-26-23-18-19-16-14-12-15-17-13-25-9-11-10-5-8-21-20
34,3,600.2061,36.1797,80.0,3308.1522,0,3,13.225016,13.222481,True,67-63-62-74-72-61-64-66-69-68-65-49-55-54-53-56-58-60-59-57-40-44-46-45-51-50-52-47-42-41-43-48|93-75-2-1-99-100-97-92-94-95-98-7-3-4-89-91-88-86-84-83-82-85-76-71-70-73-80-79-81-78-77-96-87-90|22-24-27-30-29-6-32-33-31-35-37-38-39-36-34-28-26-23-18-19-16-14-12-15-17-13-25-9-11-10-5-8-21-20
35,3,600.2061,36.1797,80.0,3308.1522,0,3,13.225016,13.222481,True,67-63-62-74-72-61-64-66-69-68-65-49-55-54-53-56-58-60-59-57-40-44-46-45-51-50-52-47-42-41-43-48|93-75-2-1-99-100-97-92-94-95-98-7-3-4-89-91-88-86-84-83-82-85-76-71-70-73-80-79-81-78-77-96-87-90|22-24-27-30-29-6-32-33-31-35-37-38-39-36-34-28-26-23-18-19-16-14-12-15-17-13-25-9-11-10-5-8-21-20
36,3,600.2061,36.1797,80.0,3308.1522,0,3,13.225016,13.222481,True,67-63-62-74-72-61-64-66-69-68-65-49-55-54-53-56-58-60-59-57-40-44-46-45-51-50-52-47-42-41-43-48|93-75-2-1-99-100-97-92-94-95-98-7-3-4-89-91-88-86-84-83-82-85-76-71-70-73-80-79-81-78-77-96-87-90|22-24-27-30-29-6-32-33-31-35-37-38-39-36-34-28-26-23-18-19-16-14-12-15-17-13-25-9-11-10-5-8-21-20
37,3,600.2061,36.1797,80.0,3308.1522,0,3,13.225016,13.222481,True,67-63-62-74-72-61-64-66-69-68-65-49-55-54-53-56-58-60-59-57-40-44-46-45-51-50-52-47-42-41-43-48|93-75-2-1-99-100-97-92-94-95-98-7-3-4-89-91-88-86-84-83-82-85-76-71-70-73-80-79-81-78-77-96-87-90|22-24-27-30-29-6-32-33-31-35-37-38-39-36-34-28-26-23-18-19-16-14-12-15-17-13-25-9-11-10-5-8-21-20
38,3,600.2061,36.1797,80.0,3308.1522,0,3,13.225016,13.222481,True,67-63-62-74-72-61-64-66-69-68-65-49-55-54-53-56-58-60-59-57-40-44-46-45-51-50-52-47-42-41-43-48|93-75-2-1-99-100-97-92-94-95-98-7-3-4-89-91-88-86-84-83-82-85-76-71-70-73-80-79-81-78-77-96-87-90|22-24-27-30-29-6-32-33-31-35-37-38-39-36-34-28-26-23-18-19-16-14-12-15-17-13-25-9-11-10-5-8-21-20
39,3,600.2061,36.1797,80.0,3308.1522,0,3,13.225016,13.222481,True,67-63-62-74-72-61-64-66-69-68-65-49-55-54-53-56-58-60-59-57-40-44-46-45-51-50-52-47-42-41-43-48|93-75-2-1-99-100-97-92-94-95-98-7-3-4-89-91-88-86-84-83-82-85-76-71-70-73-80-79-81-78-77-96-87-90|22-24-27-30-29-6-32-33-31-35-37-38-39-36-34-28-26-23-18-19-16-14-12-15-17-13-25-9-11-10-5-8-21-20
40,3,600.2061,36.1797,80.0,3308.1522,0,3,13.225016,13.222481,True,67-63-62-74-72-61-64-66-69-68-65-49-55-54-53-56-58-60-59-57-40-44-46-45-51-50-52-47-42-41-43-48|93-75-2-1-99-100-97-92-94-95-98-7-3-4-89-91-88-86-84-83-82-85-76-71-70-73-80-79-81-78-77-96-87-90|22-24-27-30-29-6-32-33-31-35-37-38-39-36-34-28-26-23-18-19-16-14-12-15-17-13-25-9-11-10-5-8-21-20
41,3,600.2061,36.1797,80.0,3308.1522,0,3,13.225016,13.222481,True,67-63-62-74-72-61-64-66-69-68-65-49-55-54-53-56-58-60-59-57-40-44-46-45-51-50-52-47-42-41-43-48|93-75-2-1-99-100-97-92-94-95-98-7-3-4-89-91-88-86-84-83-82-85-76-71-70-73-80-79-81-78-77-96-87-90|22-24-27-30-29-6-32-33-31-35-37-38-39-36-34-28-26-23-18-19-16-14-12-15-17-13-25-9-11-10-5-8-21-20
42,3,600.2061,36.1797,80.0,3308.1522,0,3,13.225016,13.222481,True,67-63-62-74-72-61-64-66-69-68-65-49-55-54-53-56-58-60-59-57-40-44-46-45-51-50-52-47-42-41-43-48|93-75-2-1-99-100-97-92-94-95-98-7-3-4-89-91-88-86-84-83-82-85-76-71-70-73-80-79-81-78-77-96-87-90|22-24-27-30-29-6-32-33-31-35-37-38-39-36-34-28-26-23-18-19-16-14-12-15-17-13-25-9-11-10-5-8-21-20
43,3,600.2061,36.1797,80.0,3308.1522,0,3,13.225016,13.222481,True,67-63-62-74-72-61-64-66-69-68-65-49-55-54-53-56-58-60-59-57-40-44-46-45-51-50-52-47-42-41-43-48|93-75-2-1-99-100-97-92-94-95-98-7-3-4-89-91-88-86-84-83-82-85-76-71-70-73-80-79-81-78-77-96-87-90|22-24-27-30-29-6-32-33-31-35-37-38-39-36-34-28-26-23-18-19-16-14-12-15-17-13-25-9-11-10-5-8-21-20
44,3,600.2061,36.1797,80.0,3308.1522,0,3,13.225016,13.222481,True,67-63-62-74-72-61-64-66-69-68-65-49-55-54-53-56-58-60-59-57-40-44-46-45-51-50-52-47-42-41-43-48|93-75-2-1-99-100-97-92-94-95-98-7-3-4-89-91-88-86-84-83-82-85-76-71-70-73-80-79-81-78-77-96-87-90|22-24-27-30-29-6-32-33-31-35-37-38-39-36-34-28-26-23-18-19-16-14-12-15-17-13-25-9-11-10-5-8-21-20
45,3,600.2061,36.1797,80.0,3308.1522,0,3,13.225016,13.222481,True,67-63-62-74-72-61-64-66-69-68-65-49-55-54-53-56-58-60-59-57-40-44-46-45-51-50-52-47-42-41-43-48|93-75-2-1-99-100-97-92-94-95-98-7-3-4-89-91-88-86-84-83-82-85-76-71-70-73-80-79-81-78-77-96-87-90|22-24-27-30-29-6-32-33-31-35-37-38-39-36-34-28-26-23-18-19-16-14-12-15-17-13-25-9-11-10-5-8-21-20
46,3,600.2061,36.1797,80.0,3308.1522,0,3,13.225016,13.222481,True,67-63-62-74-72-61-64-66-69-68-65-49-55-54-53-56-58-60-59-57-40-44-46-45-51-50-52-47-42-41-43-48|93-75-2-1-99-100-97-92-94-95-98-7-3-4-89-91-88-86-84-83-82-85-76-71-70-73-80-79-81-78-77-96-87-90|22-24-27-30-29-6-32-33-31-35-37-38-39-36-34-28-26-23-18-19-16-14-12-15-17-13-25-9-11-10-5-8-21-20
47,3,600.2061,36.1797,80.0,3308.1522,0,3,13.225016,13.222481,True,67-63-62-74-72-61-64-66-69-68-65-49-55-54-53-56-58-60-59-57-40-44-46-45-51-50-52-47-42-41-43-48|93-75-2-1-99-100-97-92-94-95-98-7-3-4-89-91-88-86-84-83-82-85-76-71-70-73-80-79-81-78-77-96-87-90|22-24-27-30-29-6-32-33-31-35-37-38-39-36-34-28-26-23-18-19-16-14-12-15-17-13-25-9-11-10-5-8-21-20
48,3,600.2061,36.1797,80.0,3308.1522,0,3,13.225016,13.222481,True,67-63-62-74-72-61-64-66-69-68-65-49-55-54-53-56-58-60-59-57-40-44-46-45-51-50-52-47-42-41-43-48|93-75-2-1-99-100-97-92-94-95-98-7-3-4-89-91-88-86-84-83-82-85-76-71-70-73-80-79-81-78-77-96-87-90|22-24-27-30-29-6-32-33-31-35-37-38-39-36-34-28-26-23-18-19-16-14-12-15-17-13-25-9-11-10-5-8-21-20
49,3,600.2061,36.1797,80.0,3308.1522,0,3,13.225016,13.222481,True,67-63-62-74-72-61-64-66-69-68-65-49-55-54-53-56-58-60-59-57-40-44-46-45-51-50-52-47-42-41-43-48|93-75-2-1-99-100-97-92-94-95-98-7-3-4-89-91-88-86-84-83-82-85-76-71-70-73-80-79-81-78-77-96-87-90|22-24-27-30-29-6-32-33-31-35-37-38-39-36-34-28-26-23-18-19-16-14-12-15-17-13-25-9-11-10-5-8-21-20
50,3,600.2061,36.1797,80.0,3308.1522,0,3,13.225016,13.222481,True,67-63-62-74-72-61-64-66-69-68-65-49-55-54-53-56-58-60-59-57-40-44-46-45-51-50-52-47-42-41-43-48|93-75-2-1-99-100-97-92-94-95-98-7-3-4-89-91-88-86-84-83-82-85-76-71-70-73-80-79-81-78-77-96-87-90|22-24-27-30-29-6-32-33-31-35-37-38-39-36-34-28-26-23-18-19-16-14-12-15-17-13-25-9-11-10-5-8-21-20
51,3,600.2061,36.1797,80.0,3308.1522,0,3,13.225016,13.222481,True,67-63-62-74-72-61-64-66-69-68-65-49-55-54-53-56-58-60-59-57-40-44-46-45-51-50-52-47-42-41-43-48|93-75-2-1-99-100-97-92-94-95-98-7-3-4-89-91-88-86-84-83-82-85-76-71-70-73-80-79-81-78-77-96-87-90|22-24-27-30-29-6-32-33-31-35-37-38-39-36-34-28-26-23-18-19-16-14-12-15-17-13-25-9-11-10-5-8-21-20
52,3,600.2061,36.1797,80.0,3308.1522,0,3,13.225016,13.222481,True,67-63-62-74-72-61-64-66-69-68-65-49-55-54-53-56-58-60-59-57-40-44-46-45-51-50-52-47-42-41-43-48|93-75-2-1-99-100-97-92-94-95-98-7-3-4-89-91-88-86-84-83-82-85-76-71-70-73-80-79-81-78-77-96-87-90|22-24-27-30-29-6-32-33-31-35-37-38-39-36-34-28-26-23-18-19-16-14-12-15-17-13-25-9-11-10-5-8-21-20
53,3,600.2061,36.1797,80.0,3308.1522,0,3,13.225016,13.222481,True,67-63-62-74-72-61-64-66-69-68-65-49-55-54-53-56-58-60-59-57-40-44-46-45-51-50-52-47-42-41-43-48|93-75-2-1-99-100-97-92-94-95-98-7-3-4-89-91-88-86-84-83-82-85-76-71-70-73-80-79-81-78-77-96-87-90|22-24-27-30-29-6-32-33-31-35-37-38-39-36-34-28-26-23-18-19-16-14-12-15-17-13-25-9-11-10-5-8-21-20
54,3,600.2061,36.1797,80.0,3308.1522,0,3,13.225016,13.222481,True,67-63-62-74-72-61-64-66-69-68-65-49-55-54-53-56-58-60-59-57-40-44-46-45-51-50-52-47-42-41-43-48|93-75-2-1-99-100-97-92-94-95-98-7-3-4-89-91-88-86-84-83-82-85-76-71-70-73-80-79-81-78-77-96-87-90|22-24-27-30-29-6-32-33-31-35-37-38-39-36-34-28-26-23-18-19-16-14-12-15-17-13-25-9-11-10-5-8-21-20
55,3,600.2061,36.1797,80.0,3308.1522,0,3,13.225016,13.222481,True,67-63-62-74-72-61-64-66-69-68-65-49-55-54-53-56-58-60-59-57-40-44-46-45-51-50-52-47-42-41-43-48|93-75-2-1-99-100-97-92-94-95-98-7-3-4-89-91-88-86-84-83-82-85-76-71-70-73-80-79-81-78-77-96-87-90|22-24-27-30-29-6-32-33-31-35-37-38-39-36-34-28-26-23-18-19-16-14-12-15-17-13-25-9-11-10-5-8-21-20
56,3,600.2061,36.1797,80.0,3308.1522,0,3,13.225016,13.222481,True,67-63-62-74-72-61-64-66-69-68-65-49-55-54-53-56-58-60-59-57-40-44-46-45-51-50-52-47-42-41-43-48|93-75-2-1-99-100-97-92-94-95-98-7-3-4-89-91-88-86-84-83-82-85-76-71-70-73-80-79-81-78-77-96-87-90|22-24-27-30-29-6-32-33-31-35-37-38-39-36-34-28-26-23-18-19-16-14-12-15-17-13-25-9-11-10-5-8-21-20
57,3,600.2061,36.1797,80.0,3308.1522,0,3,13.225016,13.222481,True,67-63-62-74-72-61-64-66-69-68-65-49-55-54-53-56-58-60-59-57-40-44-46-45-51-50-52-47-42-41-43-48|93-75-2-1-99-100-97-92-94-95-98-7-3-4-89-91-88-86-84-83-82-85-76-71-70-73-80-79-81-78-77-96-87-90|22-24-27-30-29-6-32-33-31-35-37-38-39-36-34-28-26-23-18-19-16-14-12-15-17-13-25-9-11-10-5-8-21-20
58,3,600.2061,36.1797,80.0,3308.1522,0,3,13.225016,13.222481,True,67-63-62-74-72-61-64-66-69-68-65-49-55-54-53-56-58-60-59-57-40-44-46-45-51-50-52-47-42-41-43-48|93-75-2-1-99-100-97-92-94-95-98-7-3-4-89-91-88-86-84-83-82-85-76-71-70-73-80-79-81-78-77-96-87-90|22-24-27-30-29-6-32-33-31-35-37-38-39-36-34-28-26-23-18-19-16-14-12-15-17-13-25-9-11-10-5-8-21-20
59,3,600.2061,36.1797,80.0,3308.1522,0,3,13.225016,13.222481,True,67-63-62-74-72-61-64-66-69-68-65-49-55-54-53-56-58-60-59-57-40-44-46-45-51-50-52-47-42-41-43-48|93-75-2-1-99-100-97-92-94-95-98-7-3-4-89-91-88-86-84-83-82-85-76-71-70-73-80-79-81-78-77-96-87-90|22-24-27-30-29-6-32-33-31-35-37-38-39-36-34-28-26-23-18-19-16-14-12-15-17-13-25-9-11-10-5-8-21-20
60,3,600.2061,36.1797,80.0,3308.1522,0,3,13.225016,13.222481,True,67-63-62-74-72-61-64-66-69-68-65-49-55-54-53-56-58-60-59-57-40-44-46-45-51-50-52-47-42-41-43-48|93-75-2-1-99-100-97-92-94-95-98-7-3-4-89-91-88-86-84-83-82-85-76-71-70-73-80-79-81-78-77-96-87-90|22-24-27-30-29-6-32-33-31-35-37-38-39-36-34-28-26-23-18-19-16-14-12-15-17-13-25-9-11-10-5-8-21-20
61,3,600.2061,36.1797,80.0,3308.1522,0,3,13.225016,13.222481,True,67-63-62-74-72-61-64-66-69-68-65-49-55-54-53-56-58-60-59-57-40-44-46-45-51-50-52-47-42-41-43-48|93-75-2-1-99-100-97-92-94-95-98-7-3-4-89-91-88-86-84-83-82-85-76-71-70-73-80-79-81-78-77-96-87-90|22-24-27-30-29-6-32-33-31-35-37-38-39-36-34-28-26-23-18-19-16-14-12-15-17-13-25-9-11-10-5-8-21-20
62,3,600.2061,36.1797,80.0,3308.1522,0,3,13.225016,13.222481,True,67-63-62-74-72-61-64-66-69-68-65-49-55-54-53-56-58-60-59-57-40-44-46-45-51-50-52-47-42-41-43-48|93-75-2-1-99-100-97-92-94-95-98-7-3-4-89-91-88-86-84-83-82-85-76-71-70-73-80-79-81-78-77-96-87-90|22-24-27-30-29-6-32-33-31-35-37-38-39-36-34-28-26-23-18-19-16-14-12-15-17-13-25-9-11-10-5-8-21-20
63,3,600.2061,36.1797,80.0,3308.1522,0,3,13.225016,13.222481,True,67-63-62-74-72-61-64-66-69-68-65-49-55-54-53-56-58-60-59-57-40-44-46-45-51-50-52-47-42-41-43-48|93-75-2-1-99-100-97-92-94-95-98-7-3-4-89-91-88-86-84-83-82-85-76-71-70-73-80-79-81-78-77-96-87-90|22-24-27-30-29-6-32-33-31-35-37-38-39-36-34-28-26-23-18-19-16-14-12-15-17-13-25-9-11-10-5-8-21-20
64,3,600.2061,36.1797,80.0,3308.1522,0,3,13.225016,13.222481,True,67-63-62-74-72-61-64-66-69-68-65-49-55-54-53-56-58-60-59-57-40-44-46-45-51-50-52-47-42-41-43-48|93-75-2-1-99-100-97-92-94-95-98-7-3-4-89-91-88-86-84-83-82-85-76-71-70-73-80-79-81-78-77-96-87-90|22-24-27-30-29-6-32-33-31-35-37-38-39-36-34-28-26-23-18-19-16-14-12-15-17-13-25-9-11-10-5-8-21-20
65,3,600.2061,36.1797,80.0,3308.1522,0,3,13.225016,13.222481,True,67-63-62-74-72-61-64-66-69-68-65-49-55-54-53-56-58-60-59-57-40-44-46-45-51-50-52-47-42-41-43-48|93-75-2-1-99-100-97-92-94-95-98-7-3-4-89-91-88-86-84-83-82-85-76-71-70-73-80-79-81-78-77-96-87-90|22-24-27-30-29-6-32-33-31-35-37-38-39-36-34-28-26-23-18-19-16-14-12-15-17-13-25-9-11-10-5-8-21-20
66,3,600.2061,36.1797,80.0,3308.1522,0,3,13.225016,13.222481,True,67-63-62-74-72-61-64-66-69-68-65-49-55-54-53-56-58-60-59-57-40-44-46-45-51-50-52-47-42-41-43-48|93-75-2-1-99-100-97-92-94-95-98-7-3-4-89-91-88-86-84-83-82-85-76-71-70-73-80-79-81-78-77-96-87-90|22-24-27-30-29-6-32-33-31-35-37-38-39-36-34-28-26-23-18-19-16-14-12-15-17-13-25-9-11-10-5-8-21-20
67,3,600.2061,36.1797,80.0,3308.1522,0,3,13.225016,13.222481,True,67-63-62-74-72-61-64-66-69-68-65-49-55-54-53-56-58-60-59-57-40-44-46-45-51-50-52-47-42-41-43-48|93-75-2-1-99-100-97-92-94-95-98-7-3-4-89-91-88-86-84-83-82-85-76-71-70-73-80-79-81-78-77-96-87-90|22-24-27-30-29-6-32-33-31-35-37-38-39-36-34-28-26-23-18-19-16-14-12-15-17-13-25-9-11-10-5-8-21-20
68,3,600.2061,36.1797,80.0,3308.1522,0,3,13.225016,13.222481,True,67-63-62-74-72-61-64-66-69-68-65-49-55-54-53-56-58-60-59-57-40-44-46-45-51-50-52-47-42-41-43-48|93-75-2-1-99-100-97-92-94-95-98-7-3-4-89-91-88-86-84-83-82-85-76-71-70-73-80-79-81-78-77-96-87-90|22-24-27-30-29-6-32-33-31-35-37-38-39-36-34-28-26-23-18-19-16-14-12-15-17-13-25-9-11-10-5-8-21-20
69,3,600.2061,36.1797,80.0,3308.1522,0,3,13.225016,13.222481,True,67-63-62-74-72-61-64-66-69-68-65-49-55-54-53-56-58-60-59-57-40-44-46-45-51-50-52-47-42-41-43-48|93-75-2-1-99-100-97-92-94-95-98-7-3-4-89-91-88-86-84-83-82-85-76-71-70-73-80-79-81-78-77-96-87-90|22-24-27-30-29-6-32-33-31-35-37-38-39-36-34-28-26-23-18-19-16-14-12-15-17-13-25-9-11-10-5-8-21-20
70,3,600.2061,36.1797,80.0,3308.1522,0,3,13.225016,13.222481,True,67-63-62-74-72-61-64-66-69-68-65-49-55-54-53-56-58-60-59-57-40-44-46-45-51-50-52-47-42-41-43-48|93-75-2-1-99-100-97-92-94-95-98-7-3-4-89-91-88-86-84-83-82-85-76-71-70-73-80-79-81-78-77-96-87-90|22-24-27-30-29-6-32-33-31-35-37-38-39-36-34-28-26-23-18-19-16-14-12-15-17-13-25-9-11-10-5-8-21-20
71,3,600.2061,36.1797,80.0,3308.1522,0,3,13.225016,13.222481,True,67-63-62-74-72-61-64-66-69-68-65-49-55-54-53-56-58-60-59-57-40-44-46-45-51-50-52-47-42-41-43-48|93-75-2-1-99-100-97-92-94-95-98-7-3-4-89-91-88-86-84-83-82-85-76-71-70-73-80-79-81-78-77-96-87-90|22-24-27-30-29-6-32-33-31-35-37-38-39-36-34-28-26-23-18-19-16-14-12-15-17-13-25-9-11-10-5-8-21-20
72,3,600.2061,36.1797,80.0,3308.1522,0,3,13.225016,13.222481,True,67-63-62-74-72-61-64-66-69-68-65-49-55-54-53-56-58-60-59-57-40-44-46-45-51-50-52-47-42-41-43-48|93-75-2-1-99-100-97-92-94-95-98-7-3-4-89-91-88-86-84-83-82-85-76-71-70-73-80-79-81-78-77-96-87-90|22-24-27-30-29-6-32-33-31-35-37-38-39-36-34-28-26-23-18-19-16-14-12-15-17-13-25-9-11-10-5-8-21-20
73,3,600.2061,36.1797,80.0,3308.1522,0,3,13.225016,13.222481,True,67-63-62-74-72-61-64-66-69-68-65-49-55-54-53-56-58-60-59-57-40-44-46-45-51-50-52-47-42-41-43-48|93-75-2-1-99-100-97-92-94-95-98-7-3-4-89-91-88-86-84-83-82-85-76-71-70-73-80-79-81-78-77-96-87-90|22-24-27-30-29-6-32-33-31-35-37-38-39-36-34-28-26-23-18-19-16-14-12-15-17-13-25-9-11-10-5-8-21-20
74,3,600.2061,36.1797,80.0,3308.1522,0,3,13.225016,13.222481,True,67-63-62-74-72-61-64-66-69-68-65-49-55-54-53-56-58-60-59-57-40-44-46-45-51-50-52-47-42-41-43-48|93-75-2-1-99-100-97-92-94-95-98-7-3-4-89-91-88-86-84-83-82-85-76-71-70-73-80-79-81-78-77-96-87-90|22-24-27-30-29-6-32-33-31-35-37-38-39-36-34-28-26-23-18-19-16-14-12-15-17-13-25-9-11-10-5-8-21-20
75,3,600.2061,36.1797,80.0,3308.1522,0,3,13.225016,13.222481,True,67-63-62-74-72-61-64-66-69-68-65-49-55-54-53-56-58-60-59-57-40-44-46-45-51-50-52-47-42-41-43-48|93-75-2-1-99-100-97-92-94-95-98-7-3-4-89-91-88-86-84-83-82-85-76-71-70-73-80-79-81-78-77-96-87-90|22-24-27-30-29-6-32-33-31-35-37-38-39-36-34-28-26-23-18-19-16-14-12-15-17-13-25-9-11-10-5-8-21-20
76,3,600.2061,36.1797,80.0,3308.1522,0,3,13.225016,13.222481,True,67-63-62-74-72-61-64-66-69-68-65-49-55-54-53-56-58-60-59-57-40-44-46-45-51-50-52-47-42-41-43-48|93-75-2-1-99-100-97-92-94-95-98-7-3-4-89-91-88-86-84-83-82-85-76-71-70-73-80-79-81-78-77-96-87-90|22-24-27-30-29-6-32-33-31-35-37-38-39-36-34-28-26-23-18-19-16-14-12-15-17-13-25-9-11-10-5-8-21-20
77,3,600.2061,36.1797,80.0,3308.1522,0,3,13.225016,13.222481,True,67-63-62-74-72-61-64-66-69-68-65-49-55-54-53-56-58-60-59-57-40-44-46-45-51-50-52-47-42-41-43-48|93-75-2-1-99-100-97-92-94-95-98-7-3-4-89-91-88-86-84-83-82-85-76-71-70-73-80-79-81-78-77-96-87-90|22-24-27-30-29-6-32-33-31-35-37-38-39-36-34-28-26-23-18-19-16-14-12-15-17-13-25-9-11-10-5-8-21-20
78,3,600.2061,36.1797,80.0,3308.1522,0,3,13.225016,13.222481,True,67-63-62-74-72-61-64-66-69-68-65-49-55-54-53-56-58-60-59-57-40-44-46-45-51-50-52-47-42-41-43-48|93-75-2-1-99-100-97-92-94-95-98-7-3-4-89-91-88-86-84-83-82-85-76-71-70-73-80-79-81-78-77-96-87-90|22-24-27-30-29-6-32-33-31-35-37-38-39-36-34-28-26-23-18-19-16-14-12-15-17-13-25-9-11-10-5-8-21-20
79,3,600.2061,36.1797,80.0,3308.1522,0,3,13.225016,13.222481,True,67-63-62-74-72-61-64-66-69-68-65-49-55-54-53-56-58-60-59-57-40-44-46-45-51-50-52-47-42-41-43-48|93-75-2-1-99-100-97-92-94-95-98-7-3-4-89-91-88-86-84-83-82-85-76-71-70-73-80-79-81-78-77-96-87-90|22-24-27-30-29-6-32-33-31-35-37-38-39-36-34-28-26-23-18-19-16-14-12-15-17-13-25-9-11-10-5-8-21-20
80,3,600.2061,36.1797,80.0,3308.1522,0,3,13.225016,13.222481,True,67-63-62-74-72-61-64-66-69-68-65-49-55-54-53-56-58-60-59-57-40-44-46-45-51-50-52-47-42-41-43-48|93-75-2-1-99-100-97-92-94-95-98-7-3-4-89-91-88-86-84-83-82-85-76-71-70-73-80-79-81-78-77-96-87-90|22-24-27-30-29-6-32-33-31-35-37-38-39-36-34-28-26-23-18-19-16-14-12-15-17-13-25-9-11-10-5-8-21-20
81,3,600.2061,36.1797,80.0,3308.1522,0,3,13.225016,13.222481,True,67-63-62-74-72-61-64-66-69-68-65-49-55-54-53-56-58-60-59-57-40-44-46-45-51-50-52-47-42-41-43-48|93-75-2-1-99-100-97-92-94-95-98-7-3-4-89-91-88-86-84-83-82-85-76-71-70-73-80-79-81-78-77-96-87-90|22-24-27-30-29-6-32-33-31-35-37-38-39-36-34-28-26-23-18-19-16-14-12-15-17-13-25-9-11-10-5-8-21-20
82,3,600.2061,36.1797,80.0,3308.1522,0,3,13.225016,13.222481,True,67-63-62-74-72-61-64-66-69-68-65-49-55-54-53-56-58-60-59-57-40-44-46-45-51-50-52-47-42-41-43-48|93-75-2-1-99-100-97-92-94-95-98-7-3-4-89-91-88-86-84-83-82-85-76-71-70-73-80-79-81-78-77-96-87-90|22-24-27-30-29-6-32-33-31-35-37-38-39-36-34-28-26-23-18-19-16-14-12-15-17-13-25-9-11-10-5-8-21-20
83,3,600.2061,36.1797,80.0,3308.1522,0,3,13.225016,13.222481,True,67-63-62-74-72-61-64-66-69-68-65-49-55-54-53-56-58-60-59-57-40-44-46-45-51-50-52-47-42-41-43-48|93-75-2-1-99-100-97-92-94-95-98-7-3-4-89-91-88-86-84-83-82-85-76-71-70-73-80-79-81-78-77-96-87-90|22-24-27-30-29-6-32-33-31-35-37-38-39-36-34-28-26-23-18-19-16-14-12-15-17-13-25-9-11-10-5-8-21-20
84,3,600.2061,36.1797,80.0,3308.1522,0,3,13.225016,13.222481,True,67-63-62-74-72-61-64-66-69-68-65-49-55-54-53-56-58-60-59-57-40-44-46-45-51-50-52-47-42-41-43-48|93-75-2-1-99-100-97-92-94-95-98-7-3-4-89-91-88-86-84-83-82-85-76-71-70-73-80-79-81-78-77-96-87-90|22-24-27-30-29-6-32-33-31-35-37-38-39-36-34-28-26-23-18-19-16-14-12-15-17-13-25-9-11-10-5-8-21-20
85,3,600.2061,36.1797,80.0,3308.1522,0,3,13.225016,13.222481,True,67-63-62-74-72-61-64-66-69-68-65-49-55-54-53-56-58-60-59-57-40-44-46-45-51-50-52-47-42-41-43-48|93-75-2-1-99-100-97-92-94-95-98-7-3-4-89-91-88-86-84-83-82-85-76-71-70-73-80-79-81-78-77-96-87-90|22-24-27-30-29-6-32-33-31-35-37-38-39-36-34-28-26-23-18-19-16-14-12-15-17-13-25-9-11-10-5-8-21-20
86,3,600.2061,36.1797,80.0,3308.1522,0,3,13.225016,13.222481,True,67-63-62-74-72-61-64-66-69-68-65-49-55-54-53-56-58-60-59-57-40-44-46-45-51-50-52-47-42-41-43-48|93-75-2-1-99-100-97-92-94-95-98-7-3-4-89-91-88-86-84-83-82-85-76-71-70-73-80-79-81-78-77-96-87-90|22-24-27-30-29-6-32-33-31-35-37-38-39-36-34-28-26-23-18-19-16-14-12-15-17-13-25-9-11-10-5-8-21-20
87,3,600.2061,36.1797,80.0,3308.1522,0,3,13.225016,13.222481,True,67-63-62-74-72-61-64-66-69-68-65-49-55-54-53-56-58-60-59-57-40-44-46-45-51-50-52-47-42-41-43-48|93-75-2-1-99-100-97-92-94-95-98-7-3-4-89-91-88-86-84-83-82-85-76-71-70-73-80-79-81-78-77-96-87-90|22-24-27-30-29-6-32-33-31-35-37-38-39-36-34-28-26-23-18-19-16-14-12-15-17-13-25-9-11-10-5-8-21-20
88,3,600.2061,36.1797,80.0,3308.1522,0,3,13.225016,13.222481,True,67-63-62-74-72-61-64-66-69-68-65-49-55-54-53-56-58-60-59-57-40-44-46-45-51-50-52-47-42-41-43-48|93-75-2-1-99-100-97-92-94-95-98-7-3-4-89-91-88-86-84-83-82-85-76-71-70-73-80-79-81-78-77-96-87-90|22-24-27-30-29-6-32-33-31-35-37-38-39-36-34-28-26-23-18-19-16-14-12-15-17-13-25-9-11-10-5-8-21-20
89,3,600.2061,36.1797,80.0,3308.1522,0,3,13.225016,13.222481,True,67-63-62-74-72-61-64-66-69-68-65-49-55-54-53-56-58-60-59-57-40-44-46-45-51-50-52-47-42-41-43-48|93-75-2-1-99-100-97-92-94-95-98-7-3-4-89-91-88-86-84-83-82-85-76-71-70-73-80-79-81-78-77-96-87-90|22-24-27-30-29-6-32-33-31-35-37-38-39-36-34-28-26-23-18-19-16-14-12-15-17-13-25-9-11-10-5-8-21-20
90,3,600.2061,36.1797,80.0,3308.1522,0,3,13.225016,13.222481,True,67-63-62-74-72-61-64-66-69-68-65-49-55-54-53-56-58-60-59-57-40-44-46-45-51-50-52-47-42-41-43-48|93-75-2-1-99-100-97-92-94-95-98-7-3-4-89-91-88-86-84-83-82-85-76-71-70-73-80-79-81-78-77-96-87-90|22-24-27-30-29-6-32-33-31-35-37-38-39-36-34-28-26-23-18-19-16-14-12-15-17-13-25-9-11-10-5-8-21-20
91,3,600.2061,36.1797,80.0,3308.1522,0,3,13.225016,13.222481,True,67-63-62-74-72-61-64-66-69-68-65-49-55-54-53-56-58-60-59-57-40-44-46-45-51-50-52-47-42-41-43-48|93-75-2-1-99-100-97-92-94-95-98-7-3-4-89-91-88-86-84-83-82-85-76-71-70-73-80-79-81-78-77-96-87-90|22-24-27-30-29-6-32-33-31-35-37-38-39-36-34-28-26-23-18-19-16-14-12-15-17-13-25-9-11-10-5-8-21-20
92,3,600.2061,36.1797,80.0,3308.1522,0,3,13.225016,13.222481,True,67-63-62-74-72-61-64-66-69-68-65-49-55-54-53-56-58-60-59-57-40-44-46-45-51-50-52-47-42-41-43-48|93-75-2-1-99-100-97-92-94-95-98-7-3-4-89-91-88-86-84-83-82-85-76-71-70-73-80-79-81-78-77-96-87-90|22-24-27-30-29-6-32-33-31-35-37-38-39-36-34-28-26-23-18-19-16-14-12-15-17-13-25-9-11-10-5-8-21-20
93,3,600.2061,36.1797,80.0,3308.1522,0,3,13.225016,13.222481,True,67-63-62-74-72-61-64-66-69-68-65-49-55-54-53-56-58-60-59-57-40-44-46-45-51-50-52-47-42-41-43-48|93-75-2-1-99-100-97-92-94-95-98-7-3-4-89-91-88-86-84-83-82-85-76-71-70-73-80-79-81-78-77-96-87-90|22-24-27-30-29-6-32-33-31-35-37-38-39-36-34-28-26-23-18-19-16-14-12-15-17-13-25-9-11-10-5-8-21-20
94,3,600.2061,36.1797,80.0,3308.1522,0,3,13.225016,13.222481,True,67-63-62-74-72-61-64-66-69-68-65-49-55-54-53-56-58-60-59-57-40-44-46-45-51-50-52-47-42-41-43-48|93-75-2-1-99-100-97-92-94-95-98-7-3-4-89-91-88-86-84-83-82-85-76-71-70-73-80-79-81-78-77-96-87-90|22-24-27-30-29-6-32-33-31-35-37-38-39-36-34-28-26-23-18-19-16-14-12-15-17-13-25-9-11-10-5-8-21-20
95,3,600.2061,36.1797,80.0,3308.1522,0,3,13.225016,13.222481,True,67-63-62-74-72-61-64-66-69-68-65-49-55-54-53-56-58-60-59-57-40-44-46-45-51-50-52-47-42-41-43-48|93-75-2-1-99-100-97-92-94-95-98-7-3-4-89-91-88-86-84-83-82-85-76-71-70-73-80-79-81-78-77-96-87-90|22-24-27-30-29-6-32-33-31-35-37-38-39-36-34-28-26-23-18-19-16-14-12-15-17-13-25-9-11-10-5-8-21-20
96,3,600.2061,36.1797,80.0,3308.1522,0,3,13.225016,13.222481,True,67-63-62-74-72-61-64-66-69-68-65-49-55-54-53-56-58-60-59-57-40-44-46-45-51-50-52-47-42-41-43-48|93-75-2-1-99-100-97-92-94-95-98-7-3-4-89-91-88-86-84-83-82-85-76-71-70-73-80-79-81-78-77-96-87-90|22-24-27-30-29-6-32-33-31-35-37-38-39-36-34-28-26-23-18-19-16-14-12-15-17-13-25-9-11-10-5-8-21-20
97,3,600.2061,36.1797,80.0,3308.1522,0,3,13.225016,13.222481,True,67-63-62-74-72-61-64-66-69-68-65-49-55-54-53-56-58-60-59-57-40-44-46-45-51-50-52-47-42-41-43-48|93-75-2-1-99-100-97-92-94-95-98-7-3-4-89-91-88-86-84-83-82-85-76-71-70-73-80-79-81-78-77-96-87-90|22-24-27-30-29-6-32-33-31-35-37-38-39-36-34-28-26-23-18-19-16-14-12-15-17-13-25-9-11-10-5-8-21-20
98,3,600.2061,36.1797,80.0,3308.1522,0,3,13.225016,13.222481,True,67-63-62-74-72-61-64-66-69-68-65-49-55-54-53-56-58-60-59-57-40-44-46-45-51-50-52-47-42-41-43-48|93-75-2-1-99-100-97-92-94-95-98-7-3-4-89-91-88-86-84-83-82-85-76-71-70-73-80-79-81-78-77-96-87-90|22-24-27-30-29-6-32-33-31-35-37-38-39-36-34-28-26-23-18-19-16-14-12-15-17-13-25-9-11-10-5-8-21-20
99,3,600.2061,36.1797,80.0,3308.1522,0,3,13.225016,13.222481,True,67-63-62-74-72-61-64-66-69-68-65-49-55-54-53-56-58-60-59-57-40-44-46-45-51-50-52-47-42-41-43-48|93-75-2-1-99-100-97-92-94-95-98-7-3-4-89-91-88-86-84-83-82-85-76-71-70-73-80-79-81-78-77-96-87-90|22-24-27-30-29-6-32-33-31-35-37-38-39-36-34-28-26-23-18-19-16-14-12-15-17-13-25-9-11-10-5-8-21-20
100,3,600.2061,36.1797,80.0,3308.1522,0,3,13.225016,13.222481,True,67-63-62-74-72-61-64-66-69-68-65-49-55-54-53-56-58-60-59-57-40-44-46-45-51-50-52-47-42-41-43-48|93-75-2-1-99-100-97-92-94-95-98-7-3-4-89-91-88-86-84-83-82-85-76-71-70-73-80-79-81-78-77-96-87-90|22-24-27-30-29-6-32-33-31-35-37-38-39-36-34-28-26-23-18-19-16-14-12-15-17-13-25-9-11-10-5-8-21-20
101,3,600.2061,36.1797,80.0,3308.1522,0,3,13.225016,13.222481,True,67-63-62-74-72-61-64-66-69-68-65-49-55-54-53-56-58-60-59-57-40-44-46-45-51-50-52-47-42-41-43-48|93-75-2-1-99-100-97-92-94-95-98-7-3-4-89-91-88-86-84-83-82-85-76-71-70-73-80-79-81-78-77-96-87-90|22-24-27-30-29-6-32-33-31-35-37-38-39-36-34-28-26-23-18-19-16-14-12-15-17-13-25-9-11-10-5-8-21-20
102,3,600.2061,36.1797,80.0,3308.1522,0,3,13.225016,13.222481,True,67-63-62-74-72-61-64-66-69-68-65-49-55-54-53-56-58-60-59-57-40-44-46-45-51-50-52-47-42-41-43-48|93-75-2-1-99-100-97-92-94-95-98-7-3-4-89-91-88-86-84-83-82-85-76-71-70-73-80-79-81-78-77-96-87-90|22-24-27-30-29-6-32-33-31-35-37-38-39-36-34-28-26-23-18-19-16-14-12-15-17-13-25-9-11-10-5-8-21-20
103,3,600.2061,36.1797,80.0,3308.1522,0,3,13.225016,13.222481,True,67-63-62-74-72-61-64-66-69-68-65-49-55-54-53-56-58-60-59-57-40-44-46-45-51-50-52-47-42-41-43-48|93-75-2-1-99-100-97-92-94-95-98-7-3-4-89-91-88-86-84-83-82-85-76-71-70-73-80-79-81-78-77-96-87-90|22-24-27-30-29-6-32-33-31-35-37-38-39-36-34-28-26-23-18-19-16-14-12-15-17-13-25-9-11-10-5-8-21-20
104,3,600.2061,36.1797,80.0,3308.1522,0,3,13.225016,13.222481,True,67-63-62-74-72-61-64-66-69-68-65-49-55-54-53-56-58-60-59-57-40-44-46-45-51-50-52-47-42-41-43-48|93-75-2-1-99-100-97-92-94-95-98-7-3-4-89-91-88-86-84-83-82-85-76-71-70-73-80-79-81-78-77-96-87-90|22-24-27-30-29-6-32-33-31-35-37-38-39-36-34-28-26-23-18-19-16-14-12-15-17-13-25-9-11-10-5-8-21-20
105,3,600.2061,36.1797,80.0,3308.1522,0,3,13.225016,13.222481,True,67-63-62-74-72-61-64-66-69-68-65-49-55-54-53-56-58-60-59-57-40-44-46-45-51-50-52-47-42-41-43-48|93-75-2-1-99-100-97-92-94-95-98-7-3-4-89-91-88-86-84-83-82-85-76-71-70-73-80-79-81-78-77-96-87-90|22-24-27-30-29-6-32-33-31-35-37-38-39-36-34-28-26-23-18-19-16-14-12-15-17-13-25-9-11-10-5-8-21-20
106,3,600.2061,36.1797,80.0,3308.1522,0,3,13.225016,13.222481,True,67-63-62-74-72-61-64-66-69-68-65-49-55-54-53-56-58-60-59-57-40-44-46-45-51-50-52-47-42-41-43-48|93-75-2-1-99-100-97-92-94-95-98-7-3-4-89-91-88-86-84-83-82-85-76-71-70-73-80-79-81-78-77-96-87-90|22-24-27-30-29-6-32-33-31-35-37-38-39-36-34-28-26-23-18-19-16-14-12-15-17-13-25-9-11-10-5-8-21-20
107,3,600.2061,36.1797,80.0,3308.1522,0,3,13.225016,13.222481,True,67-63-62-74-72-61-64-66-69-68-65-49-55-54-53-56-58-60-59-57-40-44-46-45-51-50-52-47-42-41-43-48|93-75-2-1-99-100-97-92-94-95-98-7-3-4-89-91-88-86-84-83-82-85-76-71-70-73-80-79-81-78-77-96-87-90|22-24-27-30-29-6-32-33-31-35-37-38-39-36-34-28-26-23-18-19-16-14-12-15-17-13-25-9-11-10-5-8-21-20
108,3,600.2061,36.1797,80.0,3308.1522,0,3,13.225016,13.222481,True,67-63-62-74-72-61-64-66-69-68-65-49-55-54-53-56-58-60-59-57-40-44-46-45-51-50-52-47-42-41-43-48|93-75-2-1-99-100-97-92-94-95-98-7-3-4-89-91-88-86-84-83-82-85-76-71-70-73-80-79-81-78-77-96-87-90|22-24-27-30-29-6-32-33-31-35-37-38-39-36-34-28-26-23-18-19-16-14-12-15-17-13-25-9-11-10-5-8-21-20
109,3,600.2061,36.1797,80.0,3308.1522,0,3,13.225016,13.222481,True,67-63-62-74-72-61-64-66-69-68-65-49-55-54-53-56-58-60-59-57-40-44-46-45-51-50-52-47-42-41-43-48|93-75-2-1-99-100-97-92-94-95-98-7-3-4-89-91-88-86-84-83-82-85-76-71-70-73-80-79-81-78-77-96-87-90|22-24-27-30-29-6-32-33-31-35-37-38-39-36-34-28-26-23-18-19-16-14-12-15-17-13-25-9-11-10-5-8-21-20
110,3,600.2061,36.1797,80.0,3308.1522,0,3,13.225016,13.222481,True,67-63-62-74-72-61-64-66-69-68-65-49-55-54-53-56-58-60-59-57-40-44-46-45-51-50-52-47-42-41-43-48|93-75-2-1-99-100-97-92-94-95-98-7-3-4-89-91-88-86-84-83-82-85-76-71-70-73-80-79-81-78-77-96-87-90|22-24-27-30-29-6-32-33-31-35-37-38-39-36-34-28-26-23-18-19-16-14-12-15-17-13-25-9-11-10-5-8-21-20
111,3,600.2061,36.1797,80.0,3308.1522,0,3,13.225016,13.222481,True,67-63-62-74-72-61-64-66-69-68-65-49-55-54-53-56-58-60-59-57-40-44-46-45-51-50-52-47-42-41-43-48|93-75-2-1-99-100-97-92-94-95-98-7-3-4-89-91-88-86-84-83-82-85-76-71-70-73-80-79-81-78-77-96-87-90|22-24-27-30-29-6-32-33-31-35-37-38-39-36-34-28-26-23-18-19-16-14-12-15-17-13-25-9-11-10-5-8-21-20
112,3,600.2061,36.1797,80.0,3308.1522,0,3,13.225016,13.222481,True,67-63-62-74-72-61-64-66-69-68-65-49-55-54-53-56-58-60-59-57-40-44-46-45-51-50-52-47-42-41-43-48|93-75-2-1-99-100-97-92-94-95-98-7-3-4-89-91-88-86-84-83-82-85-76-71-70-73-80-79-81-78-77-96-87-90|22-24-27-30-29-6-32-33-31-35-37-38-39-36-34-28-26-23-18-19-16-14-12-15-17-13-25-9-11-10-5-8-21-20
113,3,600.4136,9.7934,70.0,3388.2084,0,3,25.233449,25.238027,True,67-63-62-74-72-64-66-69-61-68-65-49-55-54-53-56-58-60-59-57-40-44-46-45-51-50-52-47-42-41-43-48|93-5-75-2-1-99-100-97-92-94-95-98-7-3-4-89-91-88-84-86-83-82-85-76-71-70-73-80-79-81-78-77-96-87-90|20-22-24-27-30-29-6-32-33-31-35-37-38-39-36-34-28-26-23-18-19-16-14-12-15-17-13-25-9-11-10-8-21
114,3,600.4136,9.7934,70.0,3388.2084,0,3,25.233449,25.238027,True,67-63-62-74-72-64-66-69-61-68-65-49-55-54-53-56-58-60-59-57-40-44-46-45-51-50-52-47-42-41-43-48|93-5-75-2-1-99-100-97-92-94-95-98-7-3-4-89-91-88-84-86-83-82-85-76-71-70-73-80-79-81-78-77-96-87-90|20-22-24-27-30-29-6-32-33-31-35-37-38-39-36-34-28-26-23-18-19-16-14-12-15-17-13-25-9-11-10-8-21
115,3,600.5414,35.1829,80.0,3307.4906,0,3,13.125785,13.123102,True,67-63-62-74-72-61-64-66-69-68-65-49-55-54-53-56-58-60-59-57-40-44-46-45-51-50-52-47-42-41-43-48|93-75-2-1-99-100-97-92-94-95-98-7-3-4-89-91-90-88-84-86-83-82-85-76-71-70-73-80-79-81-78-77-87-96|22-24-27-30-29-6-32-33-31-35-37-38-39-36-34-28-26-23-18-19-16-14-12-15-17-13-25-9-11-10-5-8-21-20
116,3,600.5414,35.1829,80.0,3307.4906,0,3,13.125785,13.123102,True,67-63-62-74-72-61-64-66-69-68-65-49-55-54-53-56-58-60-59-57-40-44-46-45-51-50-52-47-42-41-43-48|93-75-2-1-99-100-97-92-94-95-98-7-3-4-89-91-90-88-84-86-83-82-85-76-71-70-73-80-79-81-78-77-87-96|22-24-27-30-29-6-32-33-31-35-37-38-39-36-34-28-26-23-18-19-16-14-12-15-17-13-25-9-11-10-5-8-21-20
117,3,600.5892,25.6378,80.0,3308.1522,0,3,13.225016,13.221014,True,67-63-62-74-72-61-64-66-69-68-65-49-55-54-53-56-58-60-59-57-40-44-46-45-51-50-52-47-43-42-41-48|93-75-2-1-99-100-97-92-94-95-98-7-3-4-89-91-88-86-84-83-82-85-76-71-70-73-80-79-81-78-77-96-87-90|22-24-27-30-29-6-32-33-31-35-37-38-39-36-34-28-26-23-18-19-16-14-12-15-17-13-25-9-11-10-5-8-21-20
118,3,600.5892,25.6378,80.0,3308.1522,0,3,13.225016,13.221014,True,67-63-62-74-72-61-64-66-69-68-65-49-55-54-53-56-58-60-59-57-40-44-46-45-51-50-52-47-43-42-41-48|93-75-2-1-99-100-97-92-94-95-98-7-3-4-89-91-88-86-84-83-82-85-76-71-70-73-80-79-81-78-77-96-87-90|22-24-27-30-29-6-32-33-31-35-37-38-39-36-34-28-26-23-18-19-16-14-12-15-17-13-25-9-11-10-5-8-21-20
119,3,600.9245,24.641,80.0,3307.4906,0,3,13.125785,13.121635,True,22-24-27-30-29-6-32-33-31-35-37-38-39-36-34-28-26-23-18-19-16-14-12-15-17-13-25-9-11-10-5-8-21-20|93-75-2-1-99-100-97-92-94-95-98-7-3-4-89-91-90-88-84-86-83-82-85-76-71-70-73-80-79-81-78-77-87-96|67-63-62-74-72-61-64-66-69-68-65-49-55-54-53-56-58-60-59-57-40-44-46-45-51-50-52-47-43-42-41-48
120,3,600.9245,24.641,80.0,3307.4906,0,3,13.125785,13.121635,True,22-24-27-30-29-6-32-33-31-35-37-38-39-36-34-28-26-23-18-19-16-14-12-15-17-13-25-9-11-10-5-8-21-20|93-75-2-1-99-100-97-92-94-95-98-7-3-4-89-91-90-88-84-86-83-82-85-76-71-70-73-80-79-81-78-77-87-96|67-63-62-74-72-61-64-66-69-68-65-49-55-54-53-56-58-60-59-57-40-44-46-45-51-50-52-47-43-42-41-48
121,3,604.9147,24.5536,80.0,3307.4906,0,3,13.125785,13.122819,True,67-63-62-74-72-61-64-66-69-68-65-49-55-54-53-56-58-60-59-57-40-44-46-45-51-50-52-47-42-41-43-48|20-22-24-27-30-29-6-32-33-31-35-37-38-39-36-34-28-26-23-18-19-16-14-12-15-17-13-25-9-11-10-8-21-5|93-75-2-1-99-100-97-92-94-95-98-7-3-4-89-91-90-88-84-86-83-82-85-76-71-70-73-80-79-81-78-77-87-96
122,3,604.9147,24.5536,80.0,3307.4906,0,3,13.125785,13.122819,True,67-63-62-74-72-61-64-66-69-68-65-49-55-54-53-56-58-60-59-57-40-44-46-45-51-50-52-47-42-41-43-48|20-22-24-27-30-29-6-32-33-31-35-37-38-39-36-34-28-26-23-18-19-16-14-12-15-17-13-25-9-11-10-8-21-5|93-75-2-1-99-100-97-92-94-95-98-7-3-4-89-91-90-88-84-86-83-82-85-76-71-70-73-80-79-81-78-77-87-96
123,3,604.9626,15.0086,80.0,3308.1522,0,3,13.225016,13.220732,True,67-63-62-74-72-61-64-66-69-68-65-49-55-54-53-56-58-60-59-57-40-44-46-45-51-50-52-47-43-42-41-48|93-75-2-1-99-100-97-92-94-95-98-7-3-4-89-91-88-86-84-83-82-85-76-71-70-73-80-79-81-78-77-96-87-90|20-22-24-27-30-29-6-32-33-31-35-37-38-39-36-34-28-26-23-18-19-16-14-12-15-17-13-25-9-11-10-8-21-5
124,3,604.9626,15.0086,80.0,3308.1522,0,3,13.225016,13.220732,True,67-63-62-74-72-61-64-66-69-68-65-49-55-54-53-56-58-60-59-57-40-44-46-45-51-50-52-47-43-42-41-48|93-75-2-1-99-100-97-92-94-95-98-7-3-4-89-91-88-86-84-83-82-85-76-71-70-73-80-79-81-78-77-96-87-90|20-22-24-27-30-29-6-32-33-31-35-37-38-39-36-34-28-26-23-18-19-16-14-12-15-17-13-25-9-11-10-8-21-5
125,3,606.7596,36.1797,60.0,3308.1522,0,3,13.225016,13.222447,True,67-63-62-74-72-61-64-66-69-68-65-49-55-54-53-56-58-60-59-57-40-44-46-45-51-50-52-47-42-41-43-48-20|22-24-27-30-29-6-32-33-31-35-37-38-39-36-34-28-26-23-18-19-16-14-12-15-17-13-25-9-11-10-5-8-21|93-75-2-1-99-100-97-92-94-95-98-7-3-4-89-91-88-86-84-83-82-85-76-71-70-73-80-79-81-78-77-96-87-90
126,3,606.7596,36.1797,60.0,3308.1522,0,3,13.225016,13.222447,True,67-63-62-74-72-61-64-66-69-68-65-49-55-54-53-56-58-60-59-57-40-44-46-45-51-50-52-47-42-41-43-48-20|22-24-27-30-29-6-32-33-31-35-37-38-39-36-34-28-26-23-18-19-16-14-12-15-17-13-25-9-11-10-5-8-21|93-75-2-1-99-100-97-92-94-95-98-7-3-4-89-91-88-86-84-83-82-85-76-71-70-73-80-79-81-78-77-96-87-90
127,3,607.0949,35.1829,60.0,3307.4906,0,3,13.125785,13.123068,True,67-63-62-74-72-61-64-66-69-68-65-49-55-54-53-56-58-60-59-57-40-44-46-45-51-50-52-47-42-41-43-48-20|22-24-27-30-29-6-32-33-31-35-37-38-39-36-34-28-26-23-18-19-16-14-12-15-17-13-25-9-11-10-5-8-21|93-75-2-1-99-100-97-92-94-95-98-7-3-4-89-91-90-88-84-86-83-82-85-76-71-70-73-80-79-81-78-77-87-96
128,3,607.0949,35.1829,60.0,3307.4906,0,3,13.125785,13.123068,True,67-63-62-74-72-61-64-66-69-68-65-49-55-54-53-56-58-60-59-57-40-44-46-45-51-50-52-47-42-41-43-48-20|22-24-27-30-29-6-32-33-31-35-37-38-39-36-34-28-26-23-18-19-16-14-12-15-17-13-25-9-11-10-5-8-21|93-75-2-1-99-100-97-92-94-95-98-7-3-4-89-91-90-88-84-86-83-82-85-76-71-70-73-80-79-81-78-77-87-96
129,3,607.5538,25.5505,60.0,3308.1522,0,3,13.225016,13.221091,True,67-63-62-74-72-61-64-66-69-68-65-49-55-54-53-56-58-60-59-57-40-44-46-45-51-50-52-47-42-41-43-48-20|93-75-2-1-99-100-97-92-94-95-98-7-3-4-89-91-88-86-84-83-82-85-76-71-70-73-80-79-81-78-77-96-87-90|21-22-24-27-30-29-6-32-33-31-35-37-38-39-36-34-28-26-23-18-19-16-14-12-15-17-13-25-9-11-10-8-5
130,3,607.5538,25.5505,60.0,3308.1522,0,3,13.225016,13.221091,True,67-63-62-74-72-61-64-66-69-68-65-49-55-54-53-56-58-60-59-57-40-44-46-45-51-50-52-47-42-41-43-48-20|93-75-2-1-99-100-97-92-94-95-98-7-3-4-89-91-88-86-84-83-82-85-76-71-70-73-80-79-81-78-77-96-87-90|21-22-24-27-30-29-6-32-33-31-35-37-38-39-36-34-28-26-23-18-19-16-14-12-15-17-13-25-9-11-10-8-5
131,3,607.8891,24.5536,60.0,3307.4906,0,3,13.125785,13.121712,True,67-63-62-74-72-61-64-66-69-68-65-49-55-54-53-56-58-60-59-57-40-44-46-45-51-50-52-47-42-41-43-48-20|21-22-24-27-30-29-6-32-33-31-35-37-38-39-36-34-28-26-23-18-19-16-14-12-15-17-13-25-9-11-10-8-5|93-75-2-1-99-100-97-92-94-95-98-7-3-4-89-91-90-88-84-86-83-82-85-76-71-70-73-80-79-81-78-77-87-96
132,3,607.8891,24.5536,60.0,3307.4906,0,3,13.125785,13.121712,True,67-63-62-74-72-61-64-66-69-68-65-49-55-54-53-56-58-60-59-57-40-44-46-45-51-50-52-47-42-41-43-48-20|21-22-24-27-30-29-6-32-33-31-35-37-38-39-36-34-28-26-23-18-19-16-14-12-15-17-13-25-9-11-10-8-5|93-75-2-1-99-100-97-92-94-95-98-7-3-4-89-91-90-88-84-86-83-82-85-76-71-70-73-80-79-81-78-77-87-96
133,3,608.3014,24.3385,90.0,3307.4906,0,3,13.125785,13.124803,True,67-63-62-74-72-61-64-66-69-68-65-49-55-54-53-56-58-60-59-57-40-44-46-45-51-50-52-47-42-41-43-48|93-5-2-1-99-100-97-92-94-95-98-7-3-4-89-91-90-88-84-86-83-82-85-76-71-70-73-80-79-81-78-77-87-96|20-22-24-27-30-29-6-32-33-31-35-37-38-39-36-34-28-26-23-18-19-16-14-12-15-17-13-25-9-11-10-8-21-75
134,3,608.3014,24.3385,90.0,3307.4906,0,3,13.125785,13.124803,True,67-63-62-74-72-61-64-66-69-68-65-49-55-54-53-56-58-60-59-57-40-44-46-45-51-50-52-47-42-41-43-48|93-5-2-1-99-100-97-92-94-95-98-7-3-4-89-91-90-88-84-86-83-82-85-76-71-70-73-80-79-81-78-77-87-96|20-22-24-27-30-29-6-32-33-31-35-37-38-39-36-34-28-26-23-18-19-16-14-12-15-17-13-25-9-11-10-8-21-75
135,3,608.3493,14.7934,90.0,3308.1522,0,3,13.225016,13.222716,True,67-63-62-74-72-61-64-66-69-68-65-49-55-54-53-56-58-60-59-57-40-44-46-45-51-50-52-47-43-42-41-48|93-5-2-1-99-100-97-92-94-95-98-7-3-4-89-91-88-86-84-83-82-85-76-71-70-73-80-79-81-78-77-96-87-90|20-22-24-27-30-29-6-32-33-31-35-37-38-39-36-34-28-26-23-18-19-16-14-12-15-17-13-25-9-11-10-8-21-75
136,3,608.3493,14.7934,90.0,3308.1522,0,3,13.225016,13.222716,True,67-63-62-74-72-61-64-66-69-68-65-49-55-54-53-56-58-60-59-57-40-44-46-45-51-50-52-47-43-42-41-48|93-5-2-1-99-100-97-92-94-95-98-7-3-4-89-91-88-86-84-83-82-85-76-71-70-73-80-79-81-78-77-96-87-90|20-22-24-27-30-29-6-32-33-31-35-37-38-39-36-34-28-26-23-18-19-16-14-12-15-17-13-25-9-11-10-8-21-75
137,3,611.8414,33.6451,40.0,3308.1522,0,3,13.225016,13.221591,True,67-63-62-74-72-61-64-66-69-68-65-49-55-54-53-56-58-60-59-57-40-44-46-45-51-50-52-47-42-41-43-48-24-20|21-22-27-30-29-6-32-33-31-35-37-38-39-36-34-28-26-23-18-19-16-14-12-15-17-13-25-9-11-10-5-8|93-75-2-1-99-100-97-92-94-95-98-7-3-4-89-91-88-86-84-83-82-85-76-71-70-73-80-79-81-78-77-96-87-90
138,3,611.8414,33.6451,40.0,3308.1522,0,3,13.225016,13.221591,True,67-63-62-74-72-61-64-66-69-68-65-49-55-54-53-56-58-60-59-57-40-44-46-45-51-50-52-47-42-41-43-48-24-20|21-22-27-30-29-6-32-33-31-35-37-38-39-36-34-28-26-23-18-19-16-14-12-15-17-13-25-9-11-10-5-8|93-75-2-1-99-100-97-92-94-95-98-7-3-4-89-91-88-86-84-83-82-85-76-71-70-73-80-79-81-78-77-96-87-90
139,3,612.1767,32.6483,40.0,3307.4906,0,3,13.125785,13.122212,True,67-63-62-74-72-61-64-66-69-68-65-49-55-54-53-56-58-60-59-57-40-44-46-45-51-50-52-47-42-41-43-48-24-20|93-75-2-1-99-100-97-92-94-95-98-7-3-4-89-91-90-88-84-86-83-82-85-76-71-70-73-80-79-81-78-77-87-96|21-22-27-30-29-6-32-33-31-35-37-38-39-36-34-28-26-23-18-19-16-14-12-15-17-13-25-9-11-10-5-8
140,3,612.1767,32.6483,40.0,3307.4906,0,3,13.125785,13.122212,True,67-63-62-74-72-61-64-66-69-68-65-49-55-54-53-56-58-60-59-57-40-44-46-45-51-50-52-47-42-41-43-48-24-20|93-75-2-1-99-100-97-92-94-95-98-7-3-4-89-91-90-88-84-86-83-82-85-76-71-70-73-80-79-81-78-77-87-96|21-22-27-30-29-6-32-33-31-35-37-38-39-36-34-28-26-23-18-19-16-14-12-15-17-13-25-9-11-10-5-8
141,3,614.6077,35.9645,30.0,3308.1522,0,3,13.225016,13.221769,True,67-63-62-74-72-61-64-66-69-68-65-49-55-54-53-56-58-60-59-57-40-44-46-45-51-50-52-47-42-41-43-48-20-21|93-5-2-1-99-100-97-92-94-95-98-7-3-4-89-91-88-86-84-83-82-85-76-71-70-73-80-79-81-78-77-96-87-90|22-24-27-30-29-6-32-33-31-35-37-38-39-36-34-28-26-23-18-19-16-14-12-15-17-13-25-9-11-10-75-8
142,3,614.6077,35.9645,30.0,3308.1522,0,3,13.225016,13.221769,True,67-63-62-74-72-61-64-66-69-68-65-49-55-54-53-56-58-60-59-57-40-44-46-45-51-50-52-47-42-41-43-48-20-21|93-5-2-1-99-100-97-92-94-95-98-7-3-4-89-91-88-86-84-83-82-85-76-71-70-73-80-79-81-78-77-96-87-90|22-24-27-30-29-6-32-33-31-35-37-38-39-36-34-28-26-23-18-19-16-14-12-15-17-13-25-9-11-10-75-8
143,3,614.6077,35.9645,30.0,3308.1522,0,3,13.225016,13.221769,True,67-63-62-74-72-61-64-66-69-68-65-49-55-54-53-56-58-60-59-57-40-44-46-45-51-50-52-47-42-41-43-48-20-21|93-5-2-1-99-100-97-92-94-95-98-7-3-4-89-91-88-86-84-83-82-85-76-71-70-73-80-79-81-78-77-96-87-90|22-24-27-30-29-6-32-33-31-35-37-38-39-36-34-28-26-23-18-19-16-14-12-15-17-13-25-9-11-10-75-8
144,3,614.6077,35.9645,30.0,3308.1522,0,3,13.225016,13.221769,True,67-63-62-74-72-61-64-66-69-68-65-49-55-54-53-56-58-60-59-57-40-44-46-45-51-50-52-47-42-41-43-48-20-21|22-24-27-30-29-6-32-33-31-35-37-38-39-36-34-28-26-23-18-19-16-14-12-15-17-13-25-9-11-10-75-8|93-5-2-1-99-100-97-92-94-95-98-7-3-4-89-91-88-86-84-83-82-85-76-71-70-73-80-79-81-78-77-96-87-90
145,3,614.6077,35.9645,30.0,3308.1522,0,3,13.225016,13.221769,True,67-63-62-74-72-61-64-66-69-68-65-49-55-54-53-56-58-60-59-57-40-44-46-45-51-50-52-47-42-41-43-48-20-21|93-5-2-1-99-100-97-92-94-95-98-7-3-4-89-91-88-86-84-83-82-85-76-71-70-73-80-79-81-78-77-96-87-90|22-24-27-30-29-6-32-33-31-35-37-38-39-36-34-28-26-23-18-19-16-14-12-15-17-13-25-9-11-10-75-8
146,3,614.6077,35.9645,30.0,3308.1522,0,3,13.225016,13.221769,True,67-63-62-74-72-61-64-66-69-68-65-49-55-54-53-56-58-60-59-57-40-44-46-45-51-50-52-47-42-41-43-48-20-21|93-5-2-1-99-100-97-92-94-95-98-7-3-4-89-91-88-86-84-83-82-85-76-71-70-73-80-79-81-78-77-96-87-90|22-24-27-30-29-6-32-33-31-35-37-38-39-36-34-28-26-23-18-19-16-14-12-15-17-13-25-9-11-10-75-8
147,3,614.6077,35.9645,30.0,3308.1522,0,3,13.225016,13.221769,True,67-63-62-74-72-61-64-66-69-68-65-49-55-54-53-56-58-60-59-57-40-44-46-45-51-50-52-47-42-41-43-48-20-21|93-5-2-1-99-100-97-92-94-95-98-7-3-4-89-91-88-86-84-83-82-85-76-71-70-73-80-79-81-78-77-96-87-90|22-24-27-30-29-6-32-33-31-35-37-38-39-36-34-28-26-23-18-19-16-14-12-15-17-13-25-9-11-10-75-8
148,3,614.9908,25.4226,30.0,3308.1522,0,3,13.225016,13.220302,True,67-63-62-74-72-61-64-66-69-68-65-49-55-54-53-56-58-60-59-57-40-44-46-45-51-50-52-47-43-42-41-48-20-21|93-5-2-1-99-100-97-92-94-95-98-7-3-4-89-91-88-86-84-83-82-85-76-71-70-73-80-79-81-78-77-96-87-90|22-24-27-30-29-6-32-33-31-35-37-38-39-36-34-28-26-23-18-19-16-14-12-15-17-13-25-9-11-10-75-8
149,3,617.9355,25.3353,50.0,3308.1522,0,3,13.225016,13.223173,True,67-63-62-74-72-61-64-66-69-68-65-49-55-54-53-56-58-60-59-57-40-44-46-45-51-50-52-47-42-41-43-48-75|20-22-24-27-30-29-6-32-33-31-35-37-38-39-36-34-28-26-23-18-19-16-14-12-15-17-13-25-9-11-10-8-21|93-5-2-1-99-100-97-92-94-95-98-7-3-4-89-91-88-86-84-83-82-85-76-71-70-73-80-79-81-78-77-96-87-90
150,3,617.9355,25.3353,50.0,3308.1522,0,3,13.225016,13.223173,True,67-63-62-74-72-61-64-66-69-68-65-49-55-54-53-56-58-60-59-57-40-44-46-45-51-50-52-47-42-41-43-48-75|20-22-24-27-30-29-6-32-33-31-35-37-38-39-36-34-28-26-23-18-19-16-14-12-15-17-13-25-9-11-10-8-21|93-5-2-1-99-100-97-92-94-95-98-7-3-4-89-91-88-86-84-83-82-85-76-71-70-73-80-79-81-78-77-96-87-90
151,3,618.0676,22.8881,50.0,3308.1522,0,3,13.225016,13.222845,True,67-63-62-74-72-61-64-66-69-68-65-49-55-54-53-56-58-60-59-57-40-44-46-45-51-50-52-47-43-42-41-48-24-20|93-5-2-1-99-100-97-92-94-95-98-7-3-4-89-91-88-86-84-83-82-85-76-71-70-73-80-79-81-78-77-96-87-90|21-22-27-30-29-6-32-33-31-35-37-38-39-36-34-28-26-23-18-19-16-14-12-15-17-13-25-9-11-10-75-8
152,3,618.0676,22.8881,50.0,3308.1522,0,3,13.225016,13.222845,True,67-63-62-74-72-61-64-66-69-68-65-49-55-54-53-56-58-60-59-57-40-44-46-45-51-50-52-47-43-42-41-48-24-20|93-5-2-1-99-100-97-92-94-95-98-7-3-4-89-91-88-86-84-83-82-85-76-71-70-73-80-79-81-78-77-96-87-90|21-22-27-30-29-6-32-33-31-35-37-38-39-36-34-28-26-23-18-19-16-14-12-15-17-13-25-9-11-10-75-8
153,3,618.1865,29.387,40.0,3273.8131,0,3,8.074158,8.066848,True,93-5-75-2-1-99-100-97-92-94-95-98-7-3-4-89-91-88-84-83-82-85-76-71-70-73-80-79-81-78-77-86-90|20-22-24-27-30-29-6-32-33-31-35-37-38-39-36-34-28-26-23-18-19-16-14-12-15-17-13-25-9-11-10-8-21|67-62-74-72-61-64-66-69-68-65-49-55-54-53-56-58-60-59-57-40-44-46-45-51-50-52-47-43-42-41-48-63-96-87
154,3,618.1865,29.387,40.0,3273.8131,0,3,8.074158,8.066848,True,93-5-75-2-1-99-100-97-92-94-95-98-7-3-4-89-91-88-84-83-82-85-76-71-70-73-80-79-81-78-77-86-90|20-22-24-27-30-29-6-32-33-31-35-37-38-39-36-34-28-26-23-18-19-16-14-12-15-17-13-25-9-11-10-8-21|67-62-74-72-61-64-66-69-68-65-49-55-54-53-56-58-60-59-57-40-44-46-45-51-50-52-47-43-42-41-48-63-96-87
155,3,618.2708,24.3385,50.0,3307.4906,0,3,13.125785,13.123794,True,67-63-62-74-72-61-64-66-69-68-65-49-55-54-53-56-58-60-59-57-40-44-46-45-51-50-52-47-42-41-43-48-75|93-5-2-1-99-100-97-92-94-95-98-7-3-4-89-91-90-88-84-86-83-82-85-76-71-70-73-80-79-81-78-77-87-96|20-22-24-27-30-29-6-32-33-31-35-37-38-39-36-34-28-26-23-18-19-16-14-12-15-17-13-25-9-11-10-8-21
156,3,618.2708,24.3385,50.0,3307.4906,0,3,13.125785,13.123794,True,67-63-62-74-72-61-64-66-69-68-65-49-55-54-53-56-58-60-59-57-40-44-46-45-51-50-52-47-42-41-43-48-75|93-5-2-1-99-100-97-92-94-95-98-7-3-4-89-91-90-88-84-86-83-82-85-76-71-70-73-80-79-81-78-77-87-96|20-22-24-27-30-29-6-32-33-31-35-37-38-39-36-34-28-26-23-18-19-16-14-12-15-17-13-25-9-11-10-8-21
157,3,619.5694,25.1969,30.0,3307.4906,0,3,13.125785,13.122312,True,67-63-62-74-72-61-64-66-69-68-65-49-55-54-53-56-58-60-59-57-40-44-46-45-51-50-52-47-43-42-41-48-24-21|93-5-2-1-99-100-97-92-94-95-98-7-3-4-89-91-90-88-84-86-83-82-85-76-71-70-73-80-79-81-78-77-87-96|20-22-27-30-29-6-32-33-31-35-37-38-39-36-34-28-26-23-18-19-16-14-12-15-17-13-25-9-11-10-75-8
158,3,619.5694,25.1969,30.0,3307.4906,0,3,13.125785,13.122312,True,67-63-62-74-72-61-64-66-69-68-65-49-55-54-53-56-58-60-59-57-40-44-46-45-51-50-52-47-43-42-41-48-24-21|93-5-2-1-99-100-97-92-94-95-98-7-3-4-89-91-90-88-84-86-83-82-85-76-71-70-73-80-79-81-78-77-87-96|20-22-27-30-29-6-32-33-31-35-37-38-39-36-34-28-26-23-18-19-16-14-12-15-17-13-25-9-11-10-75-8
159,3,620.2873,18.6986,60.0,3307.4906,0,3,13.125785,13.124553,True,67-63-62-74-72-61-64-66-69-68-65-49-55-54-53-56-58-60-59-57-40-44-46-45-51-50-52-47-43-42-41-48-90|93-5-75-2-1-99-100-97-92-94-95-98-7-3-4-89-91-88-84-86-83-82-85-76-71-70-73-80-79-81-78-77-87-96|20-22-24-27-30-29-6-32-33-31-35-37-38-39-36-34-28-26-23-18-19-16-14-12-15-17-13-25-9-11-10-8-21
160,3,620.2873,18.6986,60.0,3307.4906,0,3,13.125785,13.124553,True,67-63-62-74-72-61-64-66-69-68-65-49-55-54-53-56-58-60-59-57-40-44-46-45-51-50-52-47-43-42-41-48-90|93-5-75-2-1-99-100-97-92-94-95-98-7-3-4-89-91-88-84-86-83-82-85-76-71-70-73-80-79-81-78-77-87-96|20-22-24-27-30-29-6-32-33-31-35-37-38-39-36-34-28-26-23-18-19-16-14-12-15-17-13-25-9-11-10-8-21
161,3,621.1266,29.2405,60.0,3307.4644,0,3,13.121846,13.122443,True,67-63-62-74-72-61-64-66-69-68-65-49-55-54-53-56-58-60-59-57-40-44-46-45-51-50-52-47-42-41-43-48-96|93-5-75-2-1-99-100-97-92-94-95-98-7-3-4-89-91-88-84-86-83-82-85-76-71-70-73-80-79-81-78-77-87-90|20-22-24-27-30-29-6-32-33-31-35-37-38-39-36-34-28-26-23-18-19-16-14-12-15-17-13-25-9-11-10-8-21
162,3,621.1266,29.2405,60.0,3307.4644,0,3,13.121846,13.122443,True,67-63-62-74-72-61-64-66-69-68-65-49-55-54-53-56-58-60-59-57-40-44-46-45-51-50-52-47-42-41-43-48-96|93-5-75-2-1-99-100-97-92-94-95-98-7-3-4-89-91-88-84-86-83-82-85-76-71-70-73-80-79-81-78-77-87-90|20-22-24-27-30-29-6-32-33-31-35-37-38-39-36-34-28-26-23-18-19-16-14-12-15-17-13-25-9-11-10-8-21
163,3,621.2441,10.0447,30.0,3388.2084,0,3,25.233449,25.240314,True,67-63-62-74-72-61-64-66-69-68-65-49-55-54-53-56-58-60-59-57-40-44-46-45-50-51-32-52-47-42-41-43-48|93-5-75-2-1-99-100-97-92-94-95-98-7-3-4-89-91-88-84-86-83-82-85-76-71-70-73-80-79-81-78-77-96-87-90|20-22-24-27-30-29-6-33-31-35-37-38-39-36-34-28-26-23-18-19-16-14-12-15-17-13-25-9-11-10-8-21
164,3,621.2441,10.0447,30.0,3388.2084,0,3,25.233449,25.240314,True,67-63-62-74-72-61-64-66-69-68-65-49-55-54-53-56-58-60-59-57-40-44-46-45-50-51-32-52-47-42-41-43-48|93-5-75-2-1-99-100-97-92-94-95-98-7-3-4-89-91-88-84-86-83-82-85-76-71-70-73-80-79-81-78-77-96-87-90|20-22-24-27-30-29-6-33-31-35-37-38-39-36-34-28-26-23-18-19-16-14-12-15-17-13-25-9-11-10-8-21
165,3,623.6217,23.116,30.0,3308.1522,0,3,13.225016,13.222546,True,67-63-62-74-72-61-64-66-69-68-65-49-55-54-53-56-58-60-59-57-40-44-46-45-50-51-52-47-43-42-41-48-24-21|93-5-2-1-99-100-97-92-94-95-98-3-7-4-89-91-88-86-84-83-82-85-76-71-70-73-80-79-81-78-77-96-87-90|20-22-27-30-29-6-32-33-31-35-37-38-39-36-34-28-26-23-18-19-16-14-12-15-17-13-25-9-11-10-75-8
166,3,623.6217,23.116,30.0,3308.1522,0,3,13.225016,13.222546,True,67-63-62-74-72-61-64-66-69-68-65-49-55-54-53-56-58-60-59-57-40-44-46-45-50-51-52-47-43-42-41-48-24-21|93-5-2-1-99-100-97-92-94-95-98-3-7-4-89-91-88-86-84-83-82-85-76-71-70-73-80-79-81-78-77-96-87-90|20-22-27-30-29-6-32-33-31-35-37-38-39-36-34-28-26-23-18-19-16-14-12-15-17-13-25-9-11-10-75-8
167,3,626.6016,25.0533,20.0,3308.1522,0,3,13.225016,13.22273,True,67-63-62-74-72-61-64-66-69-68-65-49-55-54-53-56-58-60-59-57-40-44-46-45-50-51-32-52-47-42-41-43-48|93-75-2-1-99-100-97-92-94-95-98-7-3-4-89-91-88-86-84-83-82-85-76-71-70-73-80-79-81-78-77-96-87-90|20-22-24-27-30-29-6-33-31-35-37-38-39-36-34-28-26-23-18-19-16-14-12-15-17-13-25-9-11-10-5-8-21
168,3,626.6016,25.0533,20.0,3308.1522,0,3,13.225016,13.22273,True,67-63-62-74-72-61-64-66-69-68-65-49-55-54-53-56-58-60-59-57-40-44-46-45-50-51-32-52-47-42-41-43-48|93-75-2-1-99-100-97-92-94-95-98-7-3-4-89-91-88-86-84-83-82-85-76-71-70-73-80-79-81-78-77-96-87-90|20-22-24-27-30-29-6-33-31-35-37-38-39-36-34-28-26-23-18-19-16-14-12-15-17-13-25-9-11-10-5-8-21
169,3,626.8713,27.2952,50.0,3276.8476,0,3,8.529327,8.525763,True,67-63-62-74-72-61-64-66-69-68-65-49-55-54-53-56-58-60-59-57-40-44-46-45-51-50-52-47-42-41-43-48-90-89|93-5-75-2-1-99-100-97-92-94-95-98-7-3-4-91-88-86-84-83-82-85-76-71-70-73-80-79-81-78-77-96-87|20-22-24-27-30-29-6-32-33-31-35-37-38-39-36-34-28-26-23-18-19-16-14-12-15-17-13-25-9-11-10-8-21
170,3,626.8713,27.2952,50.0,3276.8476,0,3,8.529327,8.525763,True,67-63-62-74-72-61-64-66-69-68-65-49-55-54-53-56-58-60-59-57-40-44-46-45-51-50-52-47-42-41-43-48-90-89|93-5-75-2-1-99-100-97-92-94-95-98-7-3-4-91-88-86-84-83-82-85-76-71-70-73-80-79-81-78-77-96-87|20-22-24-27-30-29-6-32-33-31-35-37-38-39-36-34-28-26-23-18-19-16-14-12-15-17-13-25-9-11-10-8-21
171,3,627.1059,26.0684,10.0,3353.2583,0,3,19.990937,19.994721,True,67-63-62-74-72-61-64-66-69-68-65-49-55-54-53-56-58-60-59-57-40-44-46-45-51-50-52-47-43-42-41-48-24-21-75|93-5-2-1-99-100-97-92-94-95-98-7-3-4-89-91-88-86-84-83-82-85-76-71-70-73-80-79-81-78-77-96-87-90|20-22-27-30-29-6-32-33-31-35-37-38-39-34-36-28-26-23-18-19-16-14-12-15-17-13-25-9-11-10-8
172,3,627.1059,26.0684,10.0,3353.2583,0,3,19.990937,19.994721,True,67-63-62-74-72-61-64-66-69-68-65-49-55-54-53-56-58-60-59-57-40-44-46-45-51-50-52-47-43-42-41-48-24-21-75|93-5-2-1-99-100-97-92-94-95-98-7-3-4-89-91-88-86-84-83-82-85-76-71-70-73-80-79-81-78-77-96-87-90|20-22-27-30-29-6-32-33-31-35-37-38-39-34-36-28-26-23-18-19-16-14-12-15-17-13-25-9-11-10-8
173,4,628.7158,3004.5824,550.0,3211.3311,0,4,433.802839,434.286894,True,67-62-74-72-61-64-66-69-68-65-49-55-54-53-56-58-60-59-57-40-44-46-45-51-50-52-47-42-41-43-48|93-5-75-2-1-99-100-97-92-94-95-98-7-3-4-89-91-88-84-83-82-85-76-71-70-73-80-79-81-78-77-86-90|63-96-87|20-22-24-27-30-29-6-32-33-31-35-37-38-39-36-34-28-26-23-18-19-16-14-12-15-17-13-25-9-11-10-8-21
174,4,628.7158,3004.5824,550.0,3211.3311,0,4,433.802839,434.286894,True,67-62-74-72-61-64-66-69-68-65-49-55-54-53-56-58-60-59-57-40-44-46-45-51-50-52-47-42-41-43-48|93-5-75-2-1-99-100-97-92-94-95-98-7-3-4-89-91-88-84-83-82-85-76-71-70-73-80-79-81-78-77-86-90|63-96-87|20-22-24-27-30-29-6-32-33-31-35-37-38-39-36-34-28-26-23-18-19-16-14-12-15-17-13-25-9-11-10-8-21
175,4,628.9088,3004.3894,600.0,3211.3311,0,4,433.773888,434.262972,True,67-63-62-74-72-61-64-66-69-68-65-49-55-54-53-56-58-60-59-57-40-44-46-45-51-50-52-47-42-41-43-48|93-5-75-2-1-99-100-97-92-94-95-98-7-3-4-89-91-88-84-83-82-85-76-71-70-73-80-79-81-78-77-86-90|96-87|20-22-24-27-30-29-6-32-33-31-35-37-38-39-36-34-28-26-23-18-19-16-14-12-15-17-13-25-9-11-10-8-21
176,4,628.9088,3004.3894,600.0,3211.3311,0,4,433.773888,434.262972,True,67-63-62-74-72-61-64-66-69-68-65-49-55-54-53-56-58-60-59-57-40-44-46-45-51-50-52-47-42-41-43-48|93-5-75-2-1-99-100-97-92-94-95-98-7-3-4-89-91-88-84-83-82-85-76-71-70-73-80-79-81-78-77-86-90|20-22-24-27-30-29-6-32-33-31-35-37-38-39-36-34-28-26-23-18-19-16-14-12-15-17-13-25-9-11-10-8-21|96-87
177,4,628.9088,3004.3894,600.0,3211.3311,0,4,433.773888,434.262972,True,67-63-62-74-72-61-64-66-69-68-65-49-55-54-53-56-58-60-59-57-40-44-46-45-51-50-52-47-42-41-43-48|93-5-75-2-1-99-100-97-92-94-95-98-7-3-4-89-91-88-84-83-82-85-76-71-70-73-80-79-81-78-77-86-90|20-22-24-27-30-29-6-32-33-31-35-37-38-39-36-34-28-26-23-18-19-16-14-12-15-17-13-25-9-11-10-8-21|96-87
178,4,628.9088,3004.3894,600.0,3211.3311,0,4,433.773888,434.262972,True,67-63-62-74-72-61-64-66-69-68-65-49-55-54-53-56-58-60-59-57-40-44-46-45-51-50-52-47-42-41-43-48|93-5-75-2-1-99-100-97-92-94-95-98-7-3-4-89-91-88-84-83-82-85-76-71-70-73-80-79-81-78-77-86-90|96-87|20-22-24-27-30-29-6-32-33-31-35-37-38-39-36-34-28-26-23-18-19-16-14-12-15-17-13-25-9-11-10-8-21
179,4,629.099,2913.9204,550.0,3211.3311,0,4,420.203526,420.674097,True,67-62-74-72-61-64-66-69-68-65-49-55-54-53-56-58-60-59-57-40-44-46-45-51-50-52-47-43-42-41-48|93-5-75-2-1-99-100-97-92-94-95-98-7-3-4-89-91-88-84-83-82-85-76-71-70-73-80-79-81-78-77-86-90|20-22-24-27-30-29-6-32-33-31-35-37-38-39-36-34-28-26-23-18-19-16-14-12-15-17-13-25-9-11-10-8-21|63-96-87
180,4,629.099,2913.9204,550.0,3211.3311,0,4,420.203526,420.674097,True,67-62-74-72-61-64-66-69-68-65-49-55-54-53-56-58-60-59-57-40-44-46-45-51-50-52-47-43-42-41-48|93-5-75-2-1-99-100-97-92-94-95-98-7-3-4-89-91-88-84-83-82-85-76-71-70-73-80-79-81-78-77-86-90|20-22-24-27-30-29-6-32-33-31-35-37-38-39-36-34-28-26-23-18-19-16-14-12-15-17-13-25-9-11-10-8-21|63-96-87
181,3,629.8016,18.6986,60.0,3307.4644,0,3,13.121846,13.123464,True,67-63-62-74-96-61-64-66-69-68-65-49-55-54-53-56-58-60-59-57-40-44-46-45-51-50-52-47-43-42-41-72-48|93-5-75-2-1-99-100-97-92-94-95-98-7-3-4-89-91-88-84-86-83-82-85-76-71-70-73-80-79-81-78-77-87-90|20-22-24-27-30-29-6-32-33-31-35-37-38-39-36-34-28-26-23-18-19-16-14-12-15-17-13-25-9-11-10-8-21
182,3,629.8016,18.6986,60.0,3307.4644,0,3,13.121846,13.123464,True,67-63-62-74-96-61-64-66-69-68-65-49-55-54-53-56-58-60-59-57-40-44-46-45-51-50-52-47-43-42-41-72-48|93-5-75-2-1-99-100-97-92-94-95-98-7-3-4-89-91-88-84-86-83-82-85-76-71-70-73-80-79-81-78-77-87-90|20-22-24-27-30-29-6-32-33-31-35-37-38-39-36-34-28-26-23-18-19-16-14-12-15-17-13-25-9-11-10-8-21
183,3,630.643,17.3382,60.0,3311.555,0,3,13.735438,13.737718,True,90-67-62-74-72-61-64-66-69-68-65-49-55-54-53-56-58-60-59-57-40-44-46-45-51-50-52-47-42-41-43-48-63|93-5-75-2-1-99-100-97-92-94-95-98-7-3-4-89-91-88-84-83-82-85-76-71-70-73-80-79-81-78-77-86-87-96|20-22-24-27-30-29-6-32-33-31-35-37-38-39-36-34-28-26-23-18-19-16-14-12-15-17-13-25-9-11-10-8-21
184,3,630.643,17.3382,60.0,3311.555,0,3,13.735438,13.737718,True,90-67-62-74-72-61-64-66-69-68-65-49-55-54-53-56-58-60-59-57-40-44-46-45-51-50-52-47-42-41-43-48-63|93-5-75-2-1-99-100-97-92-94-95-98-7-3-4-89-91-88-84-83-82-85-76-71-70-73-80-79-81-78-77-86-87-96|20-22-24-27-30-29-6-32-33-31-35-37-38-39-36-34-28-26-23-18-19-16-14-12-15-17-13-25-9-11-10-8-21
185,3,633.3588,21.7476,20.0,3308.1522,0,3,13.225016,13.224262,True,67-63-62-74-72-61-64-66-69-68-65-49-55-54-53-56-58-60-59-57-40-44-46-45-50-51-32-52-47-42-41-43-48|93-75-2-1-99-100-97-92-94-95-98-7-3-4-89-91-88-86-84-83-82-85-76-71-70-73-80-79-81-78-77-96-87-90|21-22-24-27-30-29-6-33-31-35-37-38-39-36-34-28-26-23-18-19-16-14-12-15-17-13-25-9-11-10-5-8-20
186,3,633.3588,21.7476,20.0,3308.1522,0,3,13.225016,13.224262,True,67-63-62-74-72-61-64-66-69-68-65-49-55-54-53-56-58-60-59-57-40-44-46-45-50-51-32-52-47-42-41-43-48|93-75-2-1-99-100-97-92-94-95-98-7-3-4-89-91-88-86-84-83-82-85-76-71-70-73-80-79-81-78-77-96-87-90|21-22-24-27-30-29-6-33-31-35-37-38-39-36-34-28-26-23-18-19-16-14-12-15-17-13-25-9-11-10-5-8-20
187,4,633.4148,1528.19,310.0,3211.3311,0,4,212.343973,212.583979,True,67-62-74-72-61-64-66-69-68-65-49-55-54-53-56-58-60-59-57-40-44-46-45-51-50-52-47-42-41-43-48|93-5-75-2-1-99-100-97-92-94-95-98-7-3-4-89-91-90|63-96-86-88-84-83-82-85-76-71-70-73-80-79-81-78-77-87|20-22-24-27-30-29-6-32-33-31-35-37-38-39-36-34-28-26-23-18-19-16-14-12-15-17-13-25-9-11-10-8-21
188,4,633.4148,1528.19,310.0,3211.3311,0,4,212.343973,212.583979,True,67-62-74-72-61-64-66-69-68-65-49-55-54-53-56-58-60-59-57-40-44-46-45-51-50-52-47-42-41-43-48|93-5-75-2-1-99-100-97-92-94-95-98-7-3-4-89-91-90|63-96-86-88-84-83-82-85-76-71-70-73-80-79-81-78-77-87|20-22-24-27-30-29-6-32-33-31-35-37-38-39-36-34-28-26-23-18-19-16-14-12-15-17-13-25-9-11-10-8-21
189,3,633.6642,40.6408,20.0,3307.4906,0,3,13.125785,13.127857,True,67-63-62-74-72-61-64-66-69-68-65-49-55-54-53-56-58-60-59-57-40-44-46-45-51-50-52-47-42-41-43-48-24-21|93-5-75-2-1-99-100-97-92-94-95-98-7-3-4-89-91-88-84-86-83-82-85-76-71-70-73-80-79-81-78-77-87-96|20-22-27-30-29-6-32-33-31-35-37-38-39-36-34-28-26-23-18-19-16-14-12-15-17-13-25-9-11-10-8-90
190,3,633.6642,40.6408,20.0,3307.4906,0,3,13.125785,13.127857,True,67-63-62-74-72-61-64-66-69-68-65-49-55-54-53-56-58-60-59-57-40-44-46-45-51-50-52-47-42-41-43-48-24-21|93-5-75-2-1-99-100-97-92-94-95-98-7-3-4-89-91-88-84-86-83-82-85-76-71-70-73-80-79-81-78-77-87-96|20-22-27-30-29-6-32-33-31-35-37-38-39-36-34-28-26-23-18-19-16-14-12-15-17-13-25-9-11-10-8-90
191,4,633.7979,1437.5279,310.0,3211.3311,0,4,198.74466,198.971182,True,67-62-74-72-61-64-66-69-68-65-49-55-54-53-56-58-60-59-57-40-44-46-45-51-50-52-47-43-42-41-48|93-5-75-2-1-99-100-97-92-94-95-98-7-3-4-89-91-90|63-96-86-88-84-83-82-85-76-71-70-73-80-79-81-78-77-87|20-22-24-27-30-29-6-32-33-31-35-37-38-39-36-34-28-26-23-18-19-16-14-12-15-17-13-25-9-11-10-8-21
192,4,633.7979,1437.5279,310.0,3211.3311,0,4,198.74466,198.971182,True,67-62-74-72-61-64-66-69-68-65-49-55-54-53-56-58-60-59-57-40-44-46-45-51-50-52-47-43-42-41-48|93-5-75-2-1-99-100-97-92-94-95-98-7-3-4-89-91-90|63-96-86-88-84-83-82-85-76-71-70-73-80-79-81-78-77-87|20-22-24-27-30-29-6-32-33-31-35-37-38-39-36-34-28-26-23-18-19-16-14-12-15-17-13-25-9-11-10-8-21
193,3,635.0836,12.7378,80.0,3366.1024,0,3,21.917548,21.930653,True,20-22-24-27-30-29-6-32-33-31-35-37-38-39-36-34-28-26-23-18-19-16-14-12-15-17-13-25-9-11-10-8-21|93-67-62-74-72-61-64-66-69-68-65-49-55-54-53-56-58-60-59-57-40-44-46-45-51-50-52-47-42-41-43-48-63-96-87|5-75-2-1-99-100-97-92-94-95-98-7-3-4-89-91-88-86-84-83-82-85-76-71-70-73-80-79-81-78-77-90
194,3,635.0836,12.7378,80.0,3366.1024,0,3,21.917548,21.930653,True,20-22-24-27-30-29-6-32-33-31-35-37-38-39-36-34-28-26-23-18-19-16-14-12-15-17-13-25-9-11-10-8-21|93-67-62-74-72-61-64-66-69-68-65-49-55-54-53-56-58-60-59-57-40-44-46-45-51-50-52-47-42-41-43-48-63-96-87|5-75-2-1-99-100-97-92-94-95-98-7-3-4-89-91-88-86-84-83-82-85-76-71-70-73-80-79-81-78-77-90
195,3,637.8782,17.3382,60.0,3311.5287,0,3,13.731499,13.735945,True,67-63-62-74-96-61-64-66-69-68-65-49-55-54-53-56-58-60-59-57-40-44-46-45-51-50-52-47-42-41-43-48-72|93-5-75-2-1-99-100-97-92-94-95-98-7-3-4-89-91-88-84-83-82-85-76-71-70-73-80-79-81-78-77-86-87-90|20-22-24-27-30-29-6-32-33-31-35-37-38-39-36-34-28-26-23-18-19-16-14-12-15-17-13-25-9-11-10-8-21
196,3,637.8782,17.3382,60.0,3311.5287,0,3,13.731499,13.735945,True,67-63-62-74-96-61-64-66-69-68-65-49-55-54-53-56-58-60-59-57-40-44-46-45-51-50-52-47-42-41-43-48-72|93-5-75-2-1-99-100-97-92-94-95-98-7-3-4-89-91-88-84-83-82-85-76-71-70-73-80-79-81-78-77-86-87-90|20-22-24-27-30-29-6-32-33-31-35-37-38-39-36-34-28-26-23-18-19-16-14-12-15-17-13-25-9-11-10-8-21
197,3,639.2018,21.5325,30.0,3308.1522,0,3,13.225016,13.226982,True,67-63-62-74-72-61-64-66-69-68-65-49-55-54-53-56-58-60-59-57-40-44-46-45-50-51-32-52-47-42-41-43-48|93-5-2-1-99-100-97-92-94-95-98-7-3-4-89-91-88-86-84-83-82-85-76-71-70-73-80-79-81-78-77-96-87-90|21-22-24-27-30-29-6-33-31-35-37-38-39-36-34-28-26-23-18-19-16-14-12-15-17-13-25-9-11-10-75-8-20
198,3,639.2018,21.5325,30.0,3308.1522,0,3,13.225016,13.226982,True,67-63-62-74-72-61-64-66-69-68-65-49-55-54-53-56-58-60-59-57-40-44-46-45-50-51-32-52-47-42-41-43-48|93-5-2-1-99-100-97-92-94-95-98-7-3-4-89-91-88-86-84-83-82-85-76-71-70-73-80-79-81-78-77-96-87-90|21-22-24-27-30-29-6-33-31-35-37-38-39-36-34-28-26-23-18-19-16-14-12-15-17-13-25-9-11-10-75-8-20
199,3,639.489,17.7937,30.0,3308.1522,0,3,13.225016,13.226508,True,67-63-62-74-72-61-64-66-69-68-65-49-55-54-53-56-58-60-59-57-40-44-46-45-50-51-32-52-47-42-41-43-48|93-5-2-1-99-100-97-92-94-95-98-7-3-4-89-91-88-86-84-83-82-85-76-71-70-73-80-79-81-78-77-96-87-90|20-22-24-27-30-29-6-31-33-37-35-38-39-36-34-28-26-23-18-19-16-14-12-15-17-13-25-9-11-10-75-8-21
200,3,639.489,17.7937,30.0,3308.1522,0,3,13.225016,13.226508,True,67-63-62-74-72-61-64-66-69-68-65-49-55-54-53-56-58-60-59-57-40-44-46-45-50-51-32-52-47-42-41-43-48|93-5-2-1-99-100-97-92-94-95-98-7-3-4-89-91-88-86-84-83-82-85-76-71-70-73-80-79-81-78-77-96-87-90|20-22-24-27-30-29-6-31-33-37-35-38-39-36-34-28-26-23-18-19-16-14-12-15-17-13-25-9-11-10-75-8-21
201,3,640.5,120.289,10.0,3308.1522,0,3,13.225016,13.240185,True,67-63-62-74-72-61-64-66-69-68-65-49-55-54-53-56-58-60-59-57-40-44-46-45-51-31-37-52-50-42-41-43-47-48|93-75-2-1-99-100-97-92-94-95-98-7-3-4-89-91-88-86-84-83-82-85-76-71-70-73-80-79-81-78-77-96-87-90|20-22-24-27-30-29-6-32-33-35-38-39-36-34-28-26-23-18-19-16-14-12-15-17-13-25-9-11-10-5-8-21
202,3,640.5,120.289,10.0,3308.1522,0,3,13.225016,13.240185,True,67-63-62-74-72-61-64-66-69-68-65-49-55-54-53-56-58-60-59-57-40-44-46-45-51-31-37-52-50-42-41-43-47-48|93-75-2-1-99-100-97-92-94-95-98-7-3-4-89-91-88-86-84-83-82-85-76-71-70-73-80-79-81-78-77-96-87-90|20-22-24-27-30-29-6-32-33-35-38-39-36-34-28-26-23-18-19-16-14-12-15-17-13-25-9-11-10-5-8-21
203,3,640.5,120.289,10.0,3308.1522,0,3,13.225016,13.240185,True,67-63-62-74-72-61-64-66-69-68-65-49-55-54-53-56-58-60-59-57-40-44-46-45-51-31-37-52-50-42-41-43-47-48|93-75-2-1-99-100-97-92-94-95-98-7-3-4-89-91-88-86-84-83-82-85-76-71-70-73-80-79-81-78-77-96-87-90|20-22-24-27-30-29-6-32-33-35-38-39-36-34-28-26-23-18-19-16-14-12-15-17-13-25-9-11-10-5-8-21
204,3,640.5,120.289,10.0,3308.1522,0,3,13.225016,13.240185,True,67-63-62-74-72-61-64-66-69-68-65-49-55-54-53-56-58-60-59-57-40-44-46-45-51-31-37-52-50-42-41-43-47-48|93-75-2-1-99-100-97-92-94-95-98-7-3-4-89-91-88-86-84-83-82-85-76-71-70-73-80-79-81-78-77-96-87-90|20-22-24-27-30-29-6-32-33-35-38-39-36-34-28-26-23-18-19-16-14-12-15-17-13-25-9-11-10-5-8-21
205,3,640.6666,13.9776,80.0,3322.3258,0,3,15.351064,15.359463,True,67-63-62-74-72-61-64-66-69-68-65-49-55-54-53-56-58-60-59-57-40-44-46-45-51-50-52-47-43-42-41-48|93-5-75-2-1-99-100-97-92-94-95-98-7-3-4-91-88-84-89-86-83-82-85-76-71-70-73-80-79-81-78-77-87-96|20-22-24-27-30-29-6-32-33-31-35-37-38-39-36-34-28-26-23-18-19-16-14-12-15-17-13-25-9-11-10-8-21-90
206,3,640.6666,13.9776,80.0,3322.3258,0,3,15.351064,15.359463,True,67-63-62-74-72-61-64-66-69-68-65-49-55-54-53-56-58-60-59-57-40-44-46-45-51-50-52-47-43-42-41-48|93-5-75-2-1-99-100-97-92-94-95-98-7-3-4-91-88-84-89-86-83-82-85-76-71-70-73-80-79-81-78-77-87-96|20-22-24-27-30-29-6-32-33-31-35-37-38-39-36-34-28-26-23-18-19-16-14-12-15-17-13-25-9-11-10-8-21-90
207,3,640.8353,119.2922,10.0,3307.4906,0,3,13.125785,13.140806,True,67-63-62-74-72-61-64-66-69-68-65-49-55-54-53-56-58-60-59-57-40-44-46-45-51-31-37-52-50-42-41-43-47-48|93-75-2-1-99-100-97-92-94-95-98-7-3-4-89-91-90-88-84-86-83-82-85-76-71-70-73-80-79-81-78-77-87-96|20-22-24-27-30-29-6-32-33-35-38-39-36-34-28-26-23-18-19-16-14-12-15-17-13-25-9-11-10-5-8-21
208,3,640.8353,119.2922,10.0,3307.4906,0,3,13.125785,13.140806,True,67-63-62-74-72-61-64-66-69-68-65-49-55-54-53-56-58-60-59-57-40-44-46-45-51-31-37-52-50-42-41-43-47-48|93-75-2-1-99-100-97-92-94-95-98-7-3-4-89-91-90-88-84-86-83-82-85-76-71-70-73-80-79-81-78-77-87-96|20-22-24-27-30-29-6-32-33-35-38-39-36-34-28-26-23-18-19-16-14-12-15-17-13-25-9-11-10-5-8-21
209,3,641.0332,24.738,40.0,3307.4906,0,3,13.125785,13.129682,True,67-63-62-74-72-61-64-66-69-68-65-49-55-54-53-56-58-60-59-57-40-44-46-45-50-51-37-52-47-42-41-43-48|20-22-24-27-30-29-6-32-33-31-35-38-39-36-34-28-26-23-18-19-16-14-12-15-17-13-25-9-11-10-5-8-21|93-75-2-1-99-100-97-92-94-95-98-7-3-4-89-91-90-88-84-86-83-82-85-76-71-70-73-80-79-81-78-77-87-96
210,3,641.0332,24.738,40.0,3307.4906,0,3,13.125785,13.129682,True,67-63-62-74-72-61-64-66-69-68-65-49-55-54-53-56-58-60-59-57-40-44-46-45-50-51-37-52-47-42-41-43-48|20-22-24-27-30-29-6-32-33-31-35-38-39-36-34-28-26-23-18-19-16-14-12-15-17-13-25-9-11-10-5-8-21|93-75-2-1-99-100-97-92-94-95-98-7-3-4-89-91-90-88-84-86-83-82-85-76-71-70-73-80-79-81-78-77-87-96
211,3,641.4583,10.6566,60.0,3308.4273,0,3,13.26628,13.270334,True,67-63-62-74-96-61-64-66-69-68-65-49-55-54-53-56-58-60-59-57-40-44-46-45-51-50-52-47-42-41-43-48-72|93-5-75-2-1-99-100-97-92-94-95-98-7-3-4-89-88-91-84-86-83-82-85-76-71-70-73-80-79-81-78-77-87-90|20-22-24-27-30-29-6-32-33-31-35-37-38-39-36-34-28-26-23-18-19-16-14-12-15-17-13-25-9-11-10-8-21
212,3,641.4583,10.6566,60.0,3308.4273,0,3,13.26628,13.270334,True,67-63-62-74-96-61-64-66-69-68-65-49-55-54-53-56-58-60-59-57-40-44-46-45-51-50-52-47-42-41-43-48-72|93-5-75-2-1-99-100-97-92-94-95-98-7-3-4-89-88-91-84-86-83-82-85-76-71-70-73-80-79-81-78-77-87-90|20-22-24-27-30-29-6-32-33-31-35-37-38-39-36-34-28-26-23-18-19-16-14-12-15-17-13-25-9-11-10-8-21
213,3,642.4712,33.2191,20.0,3307.4906,0,3,13.125785,13.129386,True,67-63-62-74-72-61-64-66-69-68-65-49-55-54-53-56-58-60-59-57-40-44-46-45-50-51-31-52-47-42-41-43-48-90|93-5-75-2-1-99-100-97-92-94-95-98-7-3-4-89-91-88-84-86-83-82-85-76-71-70-73-80-79-81-78-77-87-96|20-22-24-27-30-29-6-32-33-35-37-38-39-36-34-28-26-23-18-19-16-14-12-15-17-13-25-9-11-10-8-21
214,3,642.4712,33.2191,20.0,3307.4906,0,3,13.125785,13.129386,True,67-63-62-74-72-61-64-66-69-68-65-49-55-54-53-56-58-60-59-57-40-44-46-45-50-51-31-52-47-42-41-43-48-90|93-5-75-2-1-99-100-97-92-94-95-98-7-3-4-89-91-88-84-86-83-82-85-76-71-70-73-80-79-81-78-77-87-96|20-22-24-27-30-29-6-32-33-35-37-38-39-36-34-28-26-23-18-19-16-14-12-15-17-13-25-9-11-10-8-21
215,3,643.3537,13.929,30.0,3308.1522,0,3,13.225016,13.227087,True,67-63-62-74-72-61-64-66-69-68-65-49-55-54-53-56-58-60-59-57-40-44-46-45-50-51-32-52-47-42-41-43-48|93-2-5-1-99-100-97-92-94-95-98-7-3-4-89-91-88-86-84-83-82-85-76-71-70-73-80-79-81-78-77-96-87-90|20-22-24-27-30-29-6-33-31-35-37-38-39-36-34-28-26-23-18-19-16-14-12-15-17-13-25-9-11-10-75-8-21
216,3,643.3537,13.929,30.0,3308.1522,0,3,13.225016,13.227087,True,67-63-62-74-72-61-64-66-69-68-65-49-55-54-53-56-58-60-59-57-40-44-46-45-50-51-32-52-47-42-41-43-48|93-2-5-1-99-100-97-92-94-95-98-7-3-4-89-91-88-86-84-83-82-85-76-71-70-73-80-79-81-78-77-96-87-90|20-22-24-27-30-29-6-33-31-35-37-38-39-36-34-28-26-23-18-19-16-14-12-15-17-13-25-9-11-10-75-8-21
217,3,643.5777,117.2113,10.0,3308.1522,0,3,13.225016,13.240647,True,67-63-62-74-72-61-64-66-69-68-65-49-55-54-53-56-58-60-59-57-40-44-46-45-51-31-37-52-50-42-41-43-47-48|93-75-2-1-99-100-97-92-94-95-98-3-7-4-89-91-88-86-84-83-82-85-76-71-70-73-80-79-81-78-77-96-87-90|20-22-24-27-30-29-6-32-33-35-38-39-36-34-28-26-23-18-19-16-14-12-15-17-13-25-9-11-10-5-8-21
218,3,643.5777,117.2113,10.0,3308.1522,0,3,13.225016,13.240647,True,67-63-62-74-72-61-64-66-69-68-65-49-55-54-53-56-58-60-59-57-40-44-46-45-51-31-37-52-50-42-41-43-47-48|93-75-2-1-99-100-97-92-94-95-98-3-7-4-89-91-88-86-84-83-82-85-76-71-70-73-80-79-81-78-77-96-87-90|20-22-24-27-30-29-6-32-33-35-38-39-36-34-28-26-23-18-19-16-14-12-15-17-13-25-9-11-10-5-8-21
219,3,643.8497,26.1937,90.0,3307.0615,0,3,13.06141,13.071307,True,90-67-62-74-72-61-64-66-69-68-65-49-55-54-53-56-58-60-59-57-40-44-46-45-51-50-52-47-42-41-43-48-24-21|93-5-2-1-99-100-97-92-94-95-98-7-3-4-89-91-88-86-84-83-82-85-76-71-70-73-80-79-81-78-77-96-87-63|20-22-27-30-29-6-32-33-31-35-37-38-39-36-34-28-26-23-18-19-16-14-12-15-17-13-25-9-11-10-75-8
220,3,643.8497,26.1937,90.0,3307.0615,0,3,13.06141,13.071307,True,90-67-62-74-72-61-64-66-69-68-65-49-55-54-53-56-58-60-59-57-40-44-46-45-51-50-52-47-42-41-43-48-24-21|93-5-2-1-99-100-97-92-94-95-98-7-3-4-89-91-88-86-84-83-82-85-76-71-70-73-80-79-81-78-77-96-87-63|20-22-27-30-29-6-32-33-31-35-37-38-39-36-34-28-26-23-18-19-16-14-12-15-17-13-25-9-11-10-75-8
221,4,646.4708,56.905,580.0,3211.3311,0,4,49.45,49.50023,True,63|93-5-75-2-1-99-100-97-92-94-95-98-7-3-4-89-91-88-84-83-82-85-76-71-70-73-80-79-81-78-77-86-90|20-22-24-27-30-29-6-32-33-31-35-37-38-39-36-34-28-26-23-18-19-16-14-12-15-17-13-25-9-11-10-8-21|67-62-74-72-61-64-66-69-68-65-49-55-54-53-56-58-60-59-57-40-44-46-45-51-50-52-47-43-42-41-48-96-87
222,4,646.4708,56.905,580.0,3211.3311,0,4,49.45,49.50023,True,63|93-5-75-2-1-99-100-97-92-94-95-98-7-3-4-89-91-88-84-83-82-85-76-71-70-73-80-79-81-78-77-86-90|20-22-24-27-30-29-6-32-33-31-35-37-38-39-36-34-28-26-23-18-19-16-14-12-15-17-13-25-9-11-10-8-21|67-62-74-72-61-64-66-69-68-65-49-55-54-53-56-58-60-59-57-40-44-46-45-51-50-52-47-43-42-41-48-96-87
223,3,647.0871,30.0574,20.0,3307.4906,0,3,13.125785,13.130297,True,67-63-62-74-72-61-64-66-69-68-65-49-55-54-53-56-58-60-59-57-40-44-46-45-51-31-52-50-47-42-41-43-48-90|93-5-75-2-1-99-100-97-92-94-95-98-7-3-4-89-91-88-84-86-83-82-85-76-71-70-73-80-79-81-78-77-87-96|20-22-24-27-30-29-6-33-32-35-37-38-39-36-34-28-26-23-18-19-16-14-12-15-17-13-25-9-11-10-8-21
224,3,647.0871,30.0574,20.0,3307.4906,0,3,13.125785,13.130297,True,67-63-62-74-72-61-64-66-69-68-65-49-55-54-53-56-58-60-59-57-40-44-46-45-51-31-52-50-47-42-41-43-48-90|93-5-75-2-1-99-100-97-92-94-95-98-7-3-4-89-91-88-84-86-83-82-85-76-71-70-73-80-79-81-78-77-87-96|20-22-24-27-30-29-6-33-32-35-37-38-39-36-34-28-26-23-18-19-16-14-12-15-17-13-25-9-11-10-8-21
225,3,647.2572,116.9834,10.0,3308.1522,0,3,13.225016,13.241716,True,67-63-62-74-72-61-64-66-69-68-65-49-55-54-53-56-58-60-59-57-40-44-46-45-51-31-37-52-50-42-41-43-47-48|93-75-2-1-99-100-97-92-94-95-98-7-3-4-89-91-88-86-84-83-82-85-76-71-70-73-80-79-81-78-77-96-87-90|21-22-24-27-30-29-6-32-33-35-38-39-36-34-28-26-23-18-19-16-14-12-15-17-13-25-9-11-10-5-8-20
226,3,647.2572,116.9834,10.0,3308.1522,0,3,13.225016,13.241716,True,67-63-62-74-72-61-64-66-69-68-65-49-55-54-53-56-58-60-59-57-40-44-46-45-51-31-37-52-50-42-41-43-47-48|93-75-2-1-99-100-97-92-94-95-98-7-3-4-89-91-88-86-84-83-82-85-76-71-70-73-80-79-81-78-77-96-87-90|21-22-24-27-30-29-6-32-33-35-38-39-36-34-28-26-23-18-19-16-14-12-15-17-13-25-9-11-10-5-8-20
227,3,647.2572,116.9834,10.0,3308.1522,0,3,13.225016,13.241716,True,67-63-62-74-72-61-64-66-69-68-65-49-55-54-53-56-58-60-59-57-40-44-46-45-51-31-37-52-50-42-41-43-47-48|93-75-2-1-99-100-97-92-94-95-98-7-3-4-89-91-88-86-84-83-82-85-76-71-70-73-80-79-81-78-77-96-87-90|21-22-24-27-30-29-6-32-33-35-38-39-36-34-28-26-23-18-19-16-14-12-15-17-13-25-9-11-10-5-8-20
228,3,647.2572,116.9834,10.0,3308.1522,0,3,13.225016,13.241716,True,67-63-62-74-72-61-64-66-69-68-65-49-55-54-53-56-58-60-59-57-40-44-46-45-51-31-37-52-50-42-41-43-47-48|93-75-2-1-99-100-97-92-94-95-98-7-3-4-89-91-88-86-84-83-82-85-76-71-70-73-80-79-81-78-77-96-87-90|21-22-24-27-30-29-6-32-33-35-38-39-36-34-28-26-23-18-19-16-14-12-15-17-13-25-9-11-10-5-8-20
229,4,647.5254,146.9147,570.0,3211.3311,0,4,48.45,48.513048,True,67-63|93-5-75-2-1-99-100-97-92-94-95-98-7-3-4-89-91-88-84-83-82-85-76-71-70-73-80-79-81-78-77-86-90|20-22-24-27-30-29-6-32-33-31-35-37-38-39-36-34-28-26-23-18-19-16-14-12-15-17-13-25-9-11-10-8-21|62-74-72-61-64-66-69-68-65-49-55-54-53-56-58-60-59-57-40-44-46-45-51-50-52-47-43-42-41-48-96-87
230,4,647.5254,146.9147,570.0,3211.3311,0,4,48.45,48.513048,True,67-63|93-5-75-2-1-99-100-97-92-94-95-98-7-3-4-89-91-88-84-83-82-85-76-71-70-73-80-79-81-78-77-86-90|20-22-24-27-30-29-6-32-33-31-35-37-38-39-36-34-28-26-23-18-19-16-14-12-15-17-13-25-9-11-10-8-21|62-74-72-61-64-66-69-68-65-49-55-54-53-56-58-60-59-57-40-44-46-45-51-50-52-47-43-42-41-48-96-87
231,3,647.5924,115.9866,10.0,3307.4906,0,3,13.125785,13.142338,True,67-63-62-74-72-61-64-66-69-68-65-49-55-54-53-56-58-60-59-57-40-44-46-45-51-31-37-52-50-42-41-43-47-48|93-75-2-1-99-100-97-92-94-95-98-7-3-4-89-91-90-88-84-86-83-82-85-76-71-70-73-80-79-81-78-77-87-96|21-22-24-27-30-29-6-32-33-35-38-39-36-34-28-26-23-18-19-16-14-12-15-17-13-25-9-11-10-5-8-20
232,3,647.5924,115.9866,10.0,3307.4906,0,3,13.125785,13.142338,True,67-63-62-74-72-61-64-66-69-68-65-49-55-54-53-56-58-60-59-57-40-44-46-45-51-31-37-52-50-42-41-43-47-48|93-75-2-1-99-100-97-92-94-95-98-7-3-4-89-91-90-88-84-86-83-82-85-76-71-70-73-80-79-81-78-77-87-96|21-22-24-27-30-29-6-32-33-35-38-39-36-34-28-26-23-18-19-16-14-12-15-17-13-25-9-11-10-5-8-20
233,3,648.5338,28.6107,20.0,3307.4906,0,3,13.125785,13.130514,True,67-63-62-74-72-61-64-66-69-68-65-49-55-54-53-56-58-60-59-57-40-44-46-45-51-31-52-50-47-42-41-43-48-90|93-75-5-2-1-99-100-97-92-94-95-98-7-3-4-89-91-88-84-86-83-82-85-76-71-70-73-80-79-81-78-77-87-96|20-22-24-27-30-29-6-33-32-35-37-38-39-36-34-28-26-23-18-19-16-14-12-15-17-13-25-9-11-10-8-21
234,3,648.5338,28.6107,20.0,3307.4906,0,3,13.125785,13.130514,True,67-63-62-74-72-61-64-66-69-68-65-49-55-54-53-56-58-60-59-57-40-44-46-45-51-31-52-50-47-42-41-43-48-90|93-75-5-2-1-99-100-97-92-94-95-98-7-3-4-89-91-88-84-86-83-82-85-76-71-70-73-80-79-81-78-77-87-96|20-22-24-27-30-29-6-33-32-35-37-38-39-36-34-28-26-23-18-19-16-14-12-15-17-13-25-9-11-10-8-21
235,3,648.9135,3.2014,60.0,3308.4273,0,3,13.26628,13.271452,True,67-63-62-74-96-61-64-66-69-68-65-49-55-54-53-56-58-60-59-57-40-44-46-45-51-50-52-47-42-41-43-48-72|93-5-75-2-1-99-100-97-92-94-95-7-98-3-4-89-88-91-84-86-83-82-85-76-71-70-73-80-79-81-78-77-87-90|20-22-24-27-30-29-6-32-33-31-35-37-38-39-36-34-28-26-23-18-19-16-14-12-15-17-13-25-9-11-10-8-21
236,3,648.9135,3.2014,60.0,3308.4273,0,3,13.26628,13.271452,True,67-63-62-74-96-61-64-66-69-68-65-49-55-54-53-56-58-60-59-57-40-44-46-45-51-50-52-47-42-41-43-48-72|93-5-75-2-1-99-100-97-92-94-95-7-98-3-4-89-88-91-84-86-83-82-85-76-71-70-73-80-79-81-78-77-87-90|20-22-24-27-30-29-6-32-33-31-35-37-38-39-36-34-28-26-23-18-19-16-14-12-15-17-13-25-9-11-10-8-21
237,3,649.067,10.0447,30.0,3309.9811,0,3,13.499358,13.502835,True,67-63-62-74-72-61-64-66-69-68-65-49-55-54-53-56-58-60-59-57-40-44-46-45-50-51-32-52-47-42-41-43-48|93-5-1-2-99-100-97-92-94-95-98-7-3-4-89-91-88-86-84-83-82-85-76-71-70-73-80-79-81-78-77-96-87-90|20-22-24-27-30-29-6-33-31-35-37-38-39-36-34-28-26-23-18-19-16-14-12-15-17-13-25-9-11-10-75-8-21
238,3,649.067,10.0447,30.0,3309.9811,0,3,13.499358,13.502835,True,67-63-62-74-72-61-64-66-69-68-65-49-55-54-53-56-58-60-59-57-40-44-46-45-50-51-32-52-47-42-41-43-48|93-5-1-2-99-100-97-92-94-95-98-7-3-4-89-91-88-86-84-83-82-85-76-71-70-73-80-79-81-78-77-96-87-90|20-22-24-27-30-29-6-33-31-35-37-38-39-36-34-28-26-23-18-19-16-14-12-15-17-13-25-9-11-10-75-8-21
239,3,649.9378,114.3367,10.0,3308.186,0,3,13.230093,13.247206,True,67-63-62-74-72-61-64-66-69-68-65-49-55-54-53-56-58-60-59-57-40-44-46-45-51-31-37-52-50-42-41-43-47-48|93-75-2-1-99-100-97-92-94-95-98-7-3-4-89-91-88-84-86-83-82-85-76-71-70-73-80-79-81-78-77-96-87-90|21-22-24-27-30-29-6-32-33-35-38-39-36-34-28-26-23-18-19-16-14-12-15-17-13-25-9-11-10-5-8-20
240,3,649.9378,114.3367,10.0,3308.186,0,3,13.230093,13.247206,True,67-63-62-74-72-61-64-66-69-68-65-49-55-54-53-56-58-60-59-57-40-44-46-45-51-31-37-52-50-42-41-43-47-48|93-75-2-1-99-100-97-92-94-95-98-7-3-4-89-91-88-84-86-83-82-85-76-71-70-73-80-79-81-78-77-96-87-90|21-22-24-27-30-29-6-32-33-35-38-39-36-34-28-26-23-18-19-16-14-12-15-17-13-25-9-11-10-5-8-20
241,3,649.9749,28.7433,10.0,3307.4906,0,3,13.125785,13.129966,True,67-63-62-74-72-61-64-66-69-68-65-49-55-54-53-56-58-60-59-57-40-44-46-45-50-51-32-52-47-42-41-43-48-90|93-5-75-2-1-99-100-97-92-94-95-98-7-3-4-89-91-88-84-86-83-82-85-76-71-70-73-80-79-81-78-77-87-96|20-22-24-27-30-29-6-33-31-35-37-38-39-36-34-28-26-23-18-19-16-14-12-15-17-13-25-9-11-10-8-21
242,3,649.9749,28.7433,10.0,3307.4906,0,3,13.125785,13.129966,True,67-63-62-74-72-61-64-66-69-68-65-49-55-54-53-56-58-60-59-57-40-44-46-45-50-51-32-52-47-42-41-43-48-90|93-5-75-2-1-99-100-97-92-94-95-98-7-3-4-89-91-88-84-86-83-82-85-76-71-70-73-80-79-81-78-77-87-96|20-22-24-27-30-29-6-33-31-35-37-38-39-36-34-28-26-23-18-19-16-14-12-15-17-13-25-9-11-10-8-21
243,3,654.6625,25.283,50.0,3285.1581,0,3,12.593296,12.599015,True,93-5-75-2-1-99-100-97-92-94-95-98-7-4-89-91-90-88-84-3-83-82-85-76-71-70-73-80-79-81-78-77-87|20-22-24-27-30-29-6-32-33-31-35-37-38-39-36-34-28-26-23-18-19-16-14-12-15-17-13-25-9-11-10-8-21|67-62-74-72-61-64-66-69-68-65-49-55-54-53-56-58-60-59-57-40-44-46-45-51-50-52-47-43-42-41-48-63-96-86
244,3,654.6625,25.283,50.0,3285.1581,0,3,12.593296,12.599015,True,93-5-75-2-1-99-100-97-92-94-95-98-7-4-89-91-90-88-84-3-83-82-85-76-71-70-73-80-79-81-78-77-87|20-22-24-27-30-29-6-32-33-31-35-37-38-39-36-34-28-26-23-18-19-16-14-12-15-17-13-25-9-11-10-8-21|67-62-74-72-61-64-66-69-68-65-49-55-54-53-56-58-60-59-57-40-44-46-45-51-50-52-47-43-42-41-48-63-96-86
245,3,654.9591,11.4132,30.0,3308.1522,0,3,13.225016,13.230192,True,67-63-62-74-72-61-64-66-69-68-65-49-55-54-53-56-58-60-59-57-40-44-46-45-50-51-32-52-47-42-41-43-48|5-93-2-1-99-100-97-92-94-95-98-7-3-4-89-91-88-86-84-83-82-85-76-71-70-73-80-79-81-78-77-96-87-90|20-22-24-27-30-29-6-33-31-35-37-38-39-36-34-28-26-23-19-18-16-14-12-15-17-13-25-9-11-10-75-8-21
246,3,654.9591,11.4132,30.0,3308.1522,0,3,13.225016,13.230192,True,67-63-62-74-72-61-64-66-69-68-65-49-55-54-53-56-58-60-59-57-40-44-46-45-50-51-32-52-47-42-41-43-48|5-93-2-1-99-100-97-92-94-95-98-7-3-4-89-91-88-86-84-83-82-85-76-71-70-73-80-79-81-78-77-96-87-90|20-22-24-27-30-29-6-33-31-35-37-38-39-36-34-28-26-23-19-18-16-14-12-15-17-13-25-9-11-10-75-8-21
247,3,656.4484,23.776,50.0,3285.4371,0,3,13.129077,13.135146,True,67-63-62-74-72-61-64-66-69-68-65-49-55-54-53-56-58-60-59-57-40-44-46-45-51-50-52-47-42-41-43-48-96-86|93-5-75-2-1-99-100-97-92-94-95-98-7-4-89-91-90-88-84-3-83-82-85-76-71-70-73-80-79-81-78-77-87|20-22-24-27-30-29-6-32-33-31-35-37-38-39-36-34-28-26-23-18-19-16-14-12-15-17-13-25-9-11-10-8-21
248,3,656.4484,23.776,50.0,3285.4371,0,3,13.129077,13.135146,True,67-63-62-74-72-61-64-66-69-68-65-49-55-54-53-56-58-60-59-57-40-44-46-45-51-50-52-47-42-41-43-48-96-86|93-5-75-2-1-99-100-97-92-94-95-98-7-4-89-91-90-88-84-3-83-82-85-76-71-70-73-80-79-81-78-77-87|20-22-24-27-30-29-6-32-33-31-35-37-38-39-36-34-28-26-23-18-19-16-14-12-15-17-13-25-9-11-10-8-21
249,3,656.4484,23.776,50.0,3285.4371,0,3,13.129077,13.135146,True,67-63-62-74-72-61-64-66-69-68-65-49-55-54-53-56-58-60-59-57-40-44-46-45-51-50-52-47-42-41-43-48-96-86|93-5-75-2-1-99-100-97-92-94-95-98-7-4-89-91-90-88-84-3-83-82-85-76-71-70-73-80-79-81-78-77-87|20-22-24-27-30-29-6-32-33-31-35-37-38-39-36-34-28-26-23-18-19-16-14-12-15-17-13-25-9-11-10-8-21
250,3,656.4484,23.776,50.0,3285.4371,0,3,13.129077,13.135146,True,67-63-62-74-72-61-64-66-69-68-65-49-55-54-53-56-58-60-59-57-40-44-46-45-51-50-52-47-42-41-43-48-96-86|93-5-75-2-1-99-100-97-92-94-95-98-7-4-89-91-90-88-84-3-83-82-85-76-71-70-73-80-79-81-78-77-87|20-22-24-27-30-29-6-32-33-31-35-37-38-39-36-34-28-26-23-18-19-16-14-12-15-17-13-25-9-11-10-8-21
251,3,656.4484,23.776,50.0,3285.4371,0,3,13.129077,13.135146,True,67-63-62-74-72-61-64-66-69-68-65-49-55-54-53-56-58-60-59-57-40-44-46-45-51-50-52-47-42-41-43-48-96-86|93-5-75-2-1-99-100-97-92-94-95-98-7-4-89-91-90-88-84-3-83-82-85-76-71-70-73-80-79-81-78-77-87|20-22-24-27-30-29-6-32-33-31-35-37-38-39-36-34-28-26-23-18-19-16-14-12-15-17-13-25-9-11-10-8-21
252,3,656.8315,13.2341,50.0,3275.2783,0,3,13.244011,13.24709,True,67-63-62-74-72-61-64-66-69-68-65-49-55-54-53-56-58-60-59-57-40-44-46-45-51-50-52-47-43-42-41-48-96-86|93-5-75-2-1-99-100-97-92-94-95-98-7-4-89-91-90-88-84-3-83-82-85-76-71-70-73-80-79-81-78-77-87|20-22-24-27-30-29-6-32-33-31-35-37-38-39-36-34-28-26-23-18-19-16-14-12-15-17-13-25-9-11-10-8-21
253,3,656.8315,13.2341,50.0,3275.2783,0,3,13.244011,13.24709,True,67-63-62-74-72-61-64-66-69-68-65-49-55-54-53-56-58-60-59-57-40-44-46-45-51-50-52-47-43-42-41-48-96-86|93-5-75-2-1-99-100-97-92-94-95-98-7-4-89-91-90-88-84-3-83-82-85-76-71-70-73-80-79-81-78-77-87|20-22-24-27-30-29-6-32-33-31-35-37-38-39-36-34-28-26-23-18-19-16-14-12-15-17-13-25-9-11-10-8-21
254,3,656.9466,10.8003,40.0,3308.1522,0,3,13.278526,13.285206,True,67-63-62-74-72-61-64-66-69-68-65-49-55-54-53-56-58-60-59-57-40-44-46-45-50-51-37-52-47-42-41-43-48|75-93-2-1-99-100-97-92-94-95-98-7-3-4-89-91-88-86-84-83-82-85-76-71-70-73-80-79-81-78-77-96-87-90|20-22-24-27-30-29-6-32-33-31-35-38-39-36-34-28-26-23-18-19-16-12-14-15-17-13-25-9-11-10-5-8-21
255,3,656.9466,10.8003,40.0,3308.1522,0,3,13.278526,13.285206,True,67-63-62-74-72-61-64-66-69-68-65-49-55-54-53-56-58-60-59-57-40-44-46-45-50-51-37-52-47-42-41-43-48|75-93-2-1-99-100-97-92-94-95-98-7-3-4-89-91-88-86-84-83-82-85-76-71-70-73-80-79-81-78-77-96-87-90|20-22-24-27-30-29-6-32-33-31-35-38-39-36-34-28-26-23-18-19-16-12-14-15-17-13-25-9-11-10-5-8-21
256,3,663.0705,14.5205,20.0,3307.9373,0,3,15.115721,15.122764,True,67-63-62-74-72-61-64-66-69-68-65-49-55-54-53-56-58-60-59-57-40-44-46-45-51-31-52-50-47-42-41-43-48-90|93-5-75-2-1-99-100-97-92-94-7-95-98-3-4-89-91-88-84-86-83-82-85-76-71-70-73-80-79-81-78-77-87-96|20-22-24-27-30-29-6-32-33-35-37-38-39-36-34-28-26-23-18-19-16-14-12-15-17-13-25-9-11-10-8-21
257,3,663.0705,14.5205,20.0,3307.9373,0,3,15.115721,15.122764,True,67-63-62-74-72-61-64-66-69-68-65-49-55-54-53-56-58-60-59-57-40-44-46-45-51-31-52-50-47-42-41-43-48-90|93-5-75-2-1-99-100-97-92-94-7-95-98-3-4-89-91-88-84-86-83-82-85-76-71-70-73-80-79-81-78-77-87-96|20-22-24-27-30-29-6-32-33-35-37-38-39-36-34-28-26-23-18-19-16-14-12-15-17-13-25-9-11-10-8-21
258,3,665.9461,4.1195,50.0,3275.2783,0,3,15.978395,15.982842,True,67-63-62-74-72-61-64-66-69-68-65-49-55-54-53-56-58-60-59-57-40-44-46-45-51-50-52-47-43-42-41-48-96-86|93-5-75-2-1-99-100-97-92-94-95-7-98-4-89-91-90-88-84-3-83-82-85-76-71-70-73-80-79-81-78-77-87|20-22-24-27-30-29-6-32-33-31-35-37-38-39-36-34-28-26-23-18-19-16-14-12-15-17-13-25-9-11-10-8-21
259,3,665.9461,4.1195,50.0,3275.2783,0,3,15.978395,15.982842,True,67-63-62-74-72-61-64-66-69-68-65-49-55-54-53-56-58-60-59-57-40-44-46-45-51-50-52-47-43-42-41-48-96-86|93-5-75-2-1-99-100-97-92-94-95-7-98-4-89-91-90-88-84-3-83-82-85-76-71-70-73-80-79-81-78-77-87|20-22-24-27-30-29-6-32-33-31-35-37-38-39-36-34-28-26-23-18-19-16-14-12-15-17-13-25-9-11-10-8-21
260,3,668.2013,22.9781,40.0,3290.0483,0,3,16.654936,16.664104,True,67-63-62-74-72-61-64-66-69-68-65-49-55-54-53-56-58-60-59-57-40-44-46-45-51-50-52-47-42-41-43-48-86-75|93-5-2-1-99-100-97-92-94-95-98-7-3-4-89-91-90-88-84-83-82-85-76-71-70-73-80-79-81-78-96-77-87|20-22-24-27-30-29-6-32-33-31-35-37-38-39-36-34-26-28-23-18-19-16-14-12-15-17-13-25-9-11-10-8-21
261,3,668.2013,22.9781,40.0,3290.0483,0,3,16.654936,16.664104,True,67-63-62-74-72-61-64-66-69-68-65-49-55-54-53-56-58-60-59-57-40-44-46-45-51-50-52-47-42-41-43-48-86-75|93-5-2-1-99-100-97-92-94-95-98-7-3-4-89-91-90-88-84-83-82-85-76-71-70-73-80-79-81-78-96-77-87|20-22-24-27-30-29-6-32-33-31-35-37-38-39-36-34-26-28-23-18-19-16-14-12-15-17-13-25-9-11-10-8-21
262,3,668.9733,24.5228,20.0,3307.4906,0,3,16.886544,16.896792,True,67-63-62-74-72-61-64-66-69-68-65-49-55-54-53-56-58-60-59-57-40-44-46-45-50-51-37-52-47-42-41-43-48-90|93-5-75-2-1-99-100-97-92-94-95-98-7-3-4-89-91-88-84-86-83-82-85-76-70-71-73-80-79-81-78-77-87-96|20-22-24-27-30-29-6-32-33-31-35-38-39-36-34-28-26-23-18-19-16-14-12-15-17-13-25-9-11-10-8-21
263,3,668.9733,24.5228,20.0,3307.4906,0,3,16.886544,16.896792,True,67-63-62-74-72-61-64-66-69-68-65-49-55-54-53-56-58-60-59-57-40-44-46-45-50-51-37-52-47-42-41-43-48-90|93-5-75-2-1-99-100-97-92-94-95-98-7-3-4-89-91-88-84-86-83-82-85-76-70-71-73-80-79-81-78-77-87-96|20-22-24-27-30-29-6-32-33-31-35-38-39-36-34-28-26-23-18-19-16-14-12-15-17-13-25-9-11-10-8-21
264,3,673.2032,22.0314,40.0,3290.0483,0,3,18.155516,18.166042,True,67-63-62-74-72-61-64-66-69-68-65-49-55-54-53-56-58-60-59-57-40-44-46-45-51-50-52-47-42-41-43-48-86-75|93-5-2-1-99-100-97-92-94-95-98-3-7-4-89-91-90-88-84-83-82-85-76-71-70-73-80-79-81-78-96-77-87|20-22-24-27-30-29-6-32-33-31-35-37-38-39-36-34-28-26-23-18-14-19-16-12-15-17-13-25-9-11-10-8-21
265,3,673.2032,22.0314,40.0,3290.0483,0,3,18.155516,18.166042,True,67-63-62-74-72-61-64-66-69-68-65-49-55-54-53-56-58-60-59-57-40-44-46-45-51-50-52-47-42-41-43-48-86-75|93-5-2-1-99-100-97-92-94-95-98-3-7-4-89-91-90-88-84-83-82-85-76-71-70-73-80-79-81-78-96-77-87|20-22-24-27-30-29-6-32-33-31-35-37-38-39-36-34-28-26-23-18-14-19-16-12-15-17-13-25-9-11-10-8-21
266,3,678.042,18.7175,40.0,3307.4906,0,3,19.607152,19.621249,True,67-63-62-74-72-61-64-66-69-68-65-49-55-54-53-56-58-60-59-57-40-44-46-45-51-50-52-47-42-41-43-48-85|93-5-75-2-1-99-100-97-92-94-95-98-7-3-4-89-91-88-84-90-86-83-82-76-71-70-73-80-79-81-78-77-87-96|20-22-24-27-30-29-6-32-33-31-35-37-38-39-36-34-28-26-23-18-19-16-14-12-15-17-13-25-9-11-10-8-21
267,3,681.0376,12.4585,20.0,3307.4906,0,3,20.505826,20.517883,True,67-63-62-74-72-61-64-66-69-68-65-49-55-54-53-56-58-60-59-57-40-44-46-45-50-51-37-52-47-42-41-43-48-90|93-5-75-2-1-99-100-97-92-94-98-95-7-3-4-89-91-88-84-86-83-82-85-76-70-71-73-80-79-81-78-77-87-96|20-22-24-27-30-29-6-32-33-31-35-38-39-36-34-28-26-23-18-19-16-14-12-15-17-13-25-9-11-10-8-21
268,3,681.0376,12.4585,20.0,3307.4906,0,3,20.505826,20.517883,True,67-63-62-74-72-61-64-66-69-68-65-49-55-54-53-56-58-60-59-57-40-44-46-45-50-51-37-52-47-42-41-43-48-90|93-5-75-2-1-99-100-97-92-94-98-95-7-3-4-89-91-88-84-86-83-82-85-76-70-71-73-80-79-81-78-77-87-96|20-22-24-27-30-29-6-32-33-31-35-38-39-36-34-28-26-23-18-19-16-14-12-15-17-13-25-9-11-10-8-21
269,4,773.0043,1500.0967,290.0,3211.3311,0,4,208.129977,208.405646,True,52-27-30-29-6-34-33-31-35-37-38-39-36-32-28-26-23-18-19-16-14-12-15-17-13-25-9-11-10-75-8-21|22-24-47-2-1-99-100-97-92-94-95-98-7-89-91-90-96-63|93-5-4-3-88-86-84-83-82-85-76-71-70-73-80-79-81-78-77-87|67-62-74-72-61-64-66-69-68-65-49-55-54-53-56-58-60-59-57-40-44-46-45-51-50-20-42-41-43-48
270,4,773.0043,1500.0967,290.0,3211.3311,0,4,208.129977,208.405646,True,52-27-30-29-6-34-33-31-35-37-38-39-36-32-28-26-23-18-19-16-14-12-15-17-13-25-9-11-10-75-8-21|22-24-47-2-1-99-100-97-92-94-95-98-7-89-91-90-96-63|93-5-4-3-88-86-84-83-82-85-76-71-70-73-80-79-81-78-77-87|67-62-74-72-61-64-66-69-68-65-49-55-54-53-56-58-60-59-57-40-44-46-45-51-50-20-42-41-43-48
271,14,1355.7823,20539.883,260.0,3211.3311,0,14,3064.097923,3067.404393,True,63-62-64-49-55-59-60-40-44-51-50-45-42-48|65-57-46-41|74-81-78-77-87|66-61-72-82-83-84-7-98-75|30-28-26-25-21|68|93-8|91-3-95-97-100-12-14-16-19-18-23-24-20|69-90|89-4-5|15-17-13-9-11-10|67-43-47-52-6-33-32-31-35-37-38-39-36-34-29|22-27-54-53-56-58-96|2-1-99-92-94-88-86-85-76-71-70-73-80-79
272,14,1355.7823,20539.883,260.0,3211.3311,0,14,3064.097923,3067.404393,True,63-62-64-49-55-59-60-40-44-51-50-45-42-48|65-57-46-41|74-81-78-77-87|66-61-72-82-83-84-7-98-75|30-28-26-25-21|68|93-8|91-3-95-97-100-12-14-16-19-18-23-24-20|69-90|89-4-5|15-17-13-9-11-10|67-43-47-52-6-33-32-31-35-37-38-39-36-34-29|22-27-54-53-56-58-96|2-1-99-92-94-88-86-85-76-71-70-73-80-79
273,14,2142.722,22395.173,190.0,3211.3311,0,14,3342.391427,3346.205273,True,65-3-88-84-83-91-48-42-47|69-63-81-76-71-70-73-80-79-11-10|99-100-97-92-4-57|30-28-23-25-98|50-52-20-24-15-16-14-2-82-85-77|93-1-62-72-61-31-12-9|95-5-21-29-33-35-37-38-39-36|75-89-74-66-59-60-44-41-43|45-17-19-13-8|46-51-34-7-87|68-55-56-58-90|22-27|18-26-32-6-96-78|67-64-49-53-54-40-86-94
274,14,2142.722,22395.173,190.0,3211.3311,0,14,3342.391427,3346.205273,True,65-3-88-84-83-91-48-42-47|69-63-81-76-71-70-73-80-79-11-10|99-100-97-92-4-57|30-28-23-25-98|50-52-20-24-15-16-14-2-82-85-77|93-1-62-72-61-31-12-9|95-5-21-29-33-35-37-38-39-36|75-89-74-66-59-60-44-41-43|45-17-19-13-8|46-51-34-7-87|68-55-56-58-90|22-27|18-26-32-6-96-78|67-64-49-53-54-40-86-94
275,13,2337.7096,21165.2261,280.0,3211.3311,0,13,3157.899384,3161.595934,True,65-3-88-84-83-91-42-47|69-63-73-70-71-5|99-100-97-92-4-57|98|50-52-29-27-30-23-18-17-14-82-85|1-62-61-72-81-76-59-31-28-26-12-10-48|95-22-51-6-32-33-35-37-38-39-36-34-54|75-89-74-66-60-41-43|44-45-24-25-19-9-8|46-7-77-87|68-55-58-79-90|93-2-16-13-11-78-96|67-64-49-53-56-40-20-21-15-94-86-80
276,13,2337.7096,21165.2261,280.0,3211.3311,0,13,3157.899384,3161.595934,True,65-3-88-84-83-91-42-47|69-63-73-70-71-5|99-100-97-92-4-57|98|50-52-29-27-30-23-18-17-14-82-85|1-62-61-72-81-76-59-31-28-26-12-10-48|95-22-51-6-32-33-35-37-38-39-36-34-54|75-89-74-66-60-41-43|44-45-24-25-19-9-8|46-7-77-87|68-55-58-79-90|93-2-16-13-11-78-96|67-64-49-53-56-40-20-21-15-94-86-80
277,23,2581.3935,36530.7338,130.0,3211.3311,0,23,5462.725546,5468.788027,True,70-71-77|74-96-3-94|21-23-25|30-28-6-51-40-54-46|90-84-63-50|68-65-60-38-39|48-42|1-99-97-14-16-9-8|57-45|44-24-20|59-32-36-26|66-43-47-52-31-29|61-49-56-58-79-81-78|22-33-69|67|86-83-82-88-89-5-13|98-95-92-85-76|64|62-37-35-41|73-91-2-12-17|34-15-11-10|19-18-27-55-53-72-87|93-75-100-7-4-80
278,23,2581.3935,36530.7338,130.0,3211.3311,0,23,5462.725546,5468.788027,True,70-71-77|74-96-3-94|21-23-25|30-28-6-51-40-54-46|90-84-63-50|68-65-60-38-39|48-42|1-99-97-14-16-9-8|57-45|44-24-20|59-32-36-26|66-43-47-52-31-29|61-49-56-58-79-81-78|22-33-69|67|86-83-82-88-89-5-13|98-95-92-85-76|64|62-37-35-41|73-91-2-12-17|34-15-11-10|19-18-27-55-53-72-87|93-75-100-7-4-80
279,21,2615.8894,39952.1913,140.0,3211.3311,0,21,5975.944162,5982.53061,True,35-49-70-71-77|67-62-74-96-88-94-7|23-25-37|20-27-28-6-51-40-54-46|89-4-84-82-73-72-61-50-47|68-65-60-38-39-34|12-14-16-19-18-42-48|93-2-1-99-97|9-10|57-45-43|44-52-29-17-8|30-26-36-80-63|66-53-59-31-21-11|56-81-78-3-98|41|87|22-24-32-33-69-58|90-86-83-91-75-5-13|15|95-92-85-76|100-64-55-79
280,21,2615.8894,39952.1913,140.0,3211.3311,0,21,5975.944162,5982.53061,True,35-49-70-71-77|67-62-74-96-88-94-7|23-25-37|20-27-28-6-51-40-54-46|89-4-84-82-73-72-61-50-47|68-65-60-38-39-34|12-14-16-19-18-42-48|93-2-1-99-97|9-10|57-45-43|44-52-29-17-8|30-26-36-80-63|66-53-59-31-21-11|56-81-78-3-98|41|87|22-24-32-33-69-58|90-86-83-91-75-5-13|15|95-92-85-76|100-64-55-79
