Rank,Z1_Vehicles,Z2_Distance,Z3_WaitTime,Z4_LoadBalance,Z5_Makespan,Unserved,Num_Routes,ASF,ASF_aug,In_ROI,Routes
1,5,1134.6212,1616.7869,326.0,839.2422,0,5,175.232162,175.409321,True,65-83-52-59-75-11-15-16-47-14-12-82-99-57-86-87-97-9-10-13-17-60-55|2-45-5-44-42-39-36-38-72-71-67-64-22-23-21-18-19-49-20-51-85-84-56-89-48-24-25-77-58-74|92-95-62-63-76-33-30-31-29-27-28-26-32-34-50-91-66|90-69-98-88-53-78-73-79-7-6-8-46-4-3-1-100-70-68|94-81-61-41-40-43-35-37-54-93-96-80
2,5,1154.9307,1608.963,321.0,851.7277,0,5,174.058576,174.242027,True,65-83-52-59-75-11-15-16-47-14-12-82-99-64-19-22-57-86-87-97-9-13-10-17-60-55|2-45-5-44-42-39-36-38-72-71-67-62-84-23-21-18-49-76-51-85-89-20-24-48-25-77-58-74|92-95-63-33-30-31-29-27-28-26-32-34-50-56-91-66|90-69-98-88-53-78-73-79-7-6-8-46-4-3-1-100-70-68|94-81-61-40-43-41-35-37-54-93-96-80
3,5,1159.5246,1591.8835,188.0,839.2422,0,5,171.496661,171.663755,True,65-83-52-59-15-16-47-14-12-11-82-99-57-86-75-97-87-9-10-13-17-60-55|2-45-5-42-39-61-81-64-22-23-21-18-19-49-20-51-85-84-94-56-89-48-24-25-77-58-74|92-95-62-63-76-33-30-31-29-27-28-26-32-34-50-91-66|90-69-98-88-53-78-73-79-7-6-8-46-4-3-1-100-70-68|67-71-72-36-40-38-41-44-43-35-37-54-93-96-80
4,5,1169.3984,1594.4953,147.0,851.7277,0,5,171.888418,172.056639,True,65-83-52-59-11-15-16-47-14-12-82-99-57-86-87-75-97-9-10-13-17-60-55|2-45-5-61-67-81-64-22-23-21-18-19-49-51-85-94-84-89-20-24-48-25-77-58-74|92-95-62-63-76-33-30-31-29-27-28-26-32-34-50-56-91-66|90-69-98-88-53-78-73-79-7-6-8-46-4-3-1-100-70-68|71-72-42-39-38-36-40-44-43-41-35-37-54-93-96-80
5,5,1169.5695,1581.8386,177.0,839.2422,0,5,169.989917,170.157418,True,65-83-52-59-11-15-16-47-14-12-82-99-57-86-87-75-97-9-10-13-17-60-55|2-45-5-61-67-81-64-22-23-21-18-19-49-20-51-85-84-94-56-89-48-24-25-77-58-74|92-95-62-63-76-33-30-31-29-27-28-26-32-34-50-91-66|90-69-98-88-53-78-73-79-7-6-8-46-4-3-1-100-70-68|71-72-42-39-38-36-40-44-43-41-35-37-54-93-96-80
6,4,1173.0924,971.4888,174.0,913.4495,0,4,78.437454,78.52499,True,82-11-47-14-12-15-16-75-59-87-9-52-86-57-99-90-53-10-78-60-17-13-97-74-58-77-25-48-24-91-80|65-83-64-92-95-62-33-63-85-76-18-21-23-19-49-22-20-51-84-50-34-32-26-89-56-66|39-36-44-42-72-71-31-29-27-28-30-67-94-81-61-41-38-40-43-35-37-54-93-96|69-98-88-2-45-5-8-79-73-7-6-46-4-3-1-70-100-55-68
7,5,1177.1227,1574.2855,177.0,839.2422,0,5,168.85695,169.025584,True,65-83-52-59-75-11-15-16-47-14-12-82-99-57-86-87-97-9-13-10-17-60-55|2-45-5-61-67-81-64-22-23-21-18-19-49-20-51-85-84-94-56-89-48-24-25-77-58-74|92-95-62-63-76-33-30-31-29-27-28-26-32-34-50-91-66|90-69-98-88-53-78-73-79-7-6-8-46-4-3-1-100-70-68|71-72-42-39-38-36-40-44-43-41-35-37-54-93-96-80
8,4,1179.8074,927.7821,102.0,891.2363,0,4,71.88145,71.953913,True,65-82-11-47-14-12-15-16-75-59-87-9-52-86-57-99-90-53-10-17-13-97-74-58-77-25-48-24-91-80|83-64-92-95-62-33-63-85-76-18-21-23-19-49-22-20-51-84-50-34-32-26-89-56-66|72-36-39-44-42-71-31-29-27-28-30-67-94-81-61-41-38-40-43-35-37-54-93-96|69-98-88-2-45-5-8-79-73-78-7-6-46-4-3-1-60-55-100-70-68
9,5,1184.7041,1540.9885,198.0,833.9573,0,5,163.862398,164.029619,True,65-82-52-12-14-47-16-15-11-59-86-57-22-75-97-87-9-13-10-17-60-55|2-45-5-61-99-83-64-23-21-18-19-51-85-67-94-81-66-56-84-49-24-20-89-48-25-77-58-74|92-95-62-63-76-33-30-31-29-27-28-26-32-34-50-91|90-69-98-88-53-78-73-79-7-6-8-46-4-3-1-100-70-68|71-72-42-39-38-36-40-44-43-41-35-37-54-93-96-80
10,5,1190.7351,1560.6731,151.0,839.2422,0,5,166.815089,166.983165,True,65-82-52-59-75-11-15-16-47-14-12-98-69-90-99-86-87-97-9-10-13-17-60-55|2-45-5-61-67-83-64-57-23-21-18-19-49-22-20-51-85-84-89-48-24-25-77-58-74|92-95-62-63-76-33-30-31-29-27-28-26-32-34-50-56-91-66|81-94-88-53-78-73-79-7-6-8-46-4-3-1-100-70-68|71-72-42-39-38-36-40-44-43-41-35-37-54-93-96-80
11,4,1192.4325,941.8886,261.0,851.7277,0,4,73.997415,74.085755,True,65-52-59-75-11-15-16-47-14-12-78-73-79-88-53-90-57-86-87-97-9-13-10-17-60-55-100-70-68|69-98-82-99-83-64-22-23-21-18-19-49-76-51-85-94-66-56-84-89-20-24-48-25-77-58-74|92-95-62-63-33-30-31-29-27-28-26-32-34-50-93-96-91-80|2-45-5-42-72-39-38-36-40-44-41-71-67-81-61-6-7-8-46-4-3-1-43-35-37-54
12,5,1193.5038,1537.6553,210.0,824.9355,0,5,163.36242,163.531628,True,65-83-52-59-75-11-15-16-47-14-12-82-99-57-19-86-87-97-9-10-13-17-60|2-45-5-61-81-64-22-23-21-18-76-51-85-84-94-56-66-20-49-24-89-48-25-77-58-74|92-95-63-62-67-33-30-31-29-27-28-26-32-34-50-93-96-91-80|90-69-98-88-53-78-73-79-7-6-8-46-4-3-1-70-100-55-68|71-72-42-39-38-36-40-44-43-41-35-37-54
13,5,1201.8922,1547.9042,183.0,837.6304,0,5,164.899754,165.07222,True,65-83-52-59-75-11-15-16-47-14-12-82-99-57-86-87-97-9-13-10-17-60-55|2-45-5-61-81-64-23-21-18-19-76-22-20-51-85-84-94-49-24-89-48-25-77-58-74|92-95-63-62-67-33-30-31-29-27-28-26-32-34-50-56-91-66|90-69-98-88-53-78-73-79-7-6-8-46-4-3-1-100-70-68|72-71-42-44-39-38-36-40-43-41-35-37-54-93-96-80
14,4,1206.459,909.6579,359.0,873.9063,0,4,69.162812,69.263652,True,65-82-11-12-14-47-15-75-59-87-86-57-52-9-16-10-99-90-53-17-13-97-74-58-77-25-24-91-80|92-95-62-31-29-27-28-30-33-63-85-51-76-18-21-23-19-49-22-84-56-94-50-34-32-26-89-48-20-66|69-98-2-45-5-42-39-36-40-38-41-61-88-78-73-79-7-6-8-46-4-3-1-60-55-100-70-68|83-64-67-71-72-81-44-43-35-37-54-93-96
15,4,1209.9301,933.3874,105.0,879.9379,0,4,72.722244,72.80319,True,65-82-52-12-14-47-75-59-87-16-15-11-9-99-86-57-66-90-53-10-17-13-97-74-58-77-25-48-24-80|83-64-95-92-67-62-63-85-76-18-21-23-19-49-22-20-51-84-50-34-32-26-89-56-91|72-36-39-44-42-71-33-30-28-27-29-31-94-81-61-41-38-40-43-35-37-54-93-96|69-98-2-45-5-8-6-88-78-73-79-7-46-4-3-1-70-100-60-55-68
16,4,1212.3584,895.2311,102.0,891.2363,0,4,66.998794,67.07614,True,65-82-52-11-12-14-47-75-59-87-16-15-9-86-57-99-90-53-10-17-13-97-74-58-77-25-48-24-91-80|83-64-92-95-62-30-63-85-76-18-21-23-19-49-22-20-51-84-50-34-32-26-89-56-66|72-36-39-44-42-71-33-28-27-29-31-67-94-81-61-41-38-40-43-35-37-54-93-96|69-98-88-2-45-5-8-79-73-78-7-6-46-4-3-1-60-55-100-70-68
17,4,1216.4892,921.9875,180.0,864.1377,0,4,71.012251,71.098584,True,65-82-52-12-14-47-11-75-59-87-16-15-9-86-57-99-66-90-53-10-17-13-97-74-58-77-25-48-24|83-95-62-31-29-27-28-30-33-63-85-51-76-18-21-23-19-49-22-20-84-50-34-32-26-89-56-91-80|64-92-72-42-44-39-36-71-67-94-81-61-41-38-40-35-37-54-93-96|69-98-88-2-45-5-8-7-79-73-78-6-46-4-3-1-43-70-100-60-55-68
18,4,1218.1804,915.1561,85.0,880.2769,0,4,69.987544,70.066281,True,65-83-52-11-12-14-47-75-59-87-16-15-9-86-57-99-90-53-10-17-13-97-74-58-77-25-48-24-91|64-92-95-62-33-63-85-51-76-18-21-23-19-49-22-84-50-34-32-26-89-20-56-66|39-36-44-42-72-71-31-29-27-28-30-67-94-81-61-41-38-40-43-35-37-54-93-96-80|69-82-98-88-2-45-5-8-79-73-78-7-6-46-4-3-1-60-55-100-70-68
19,5,1222.1669,1529.2412,173.0,839.2422,0,5,162.100309,162.275299,True,65-64-83-52-59-15-16-47-14-12-11-99-57-86-75-97-87-9-10-13-17-60-55|69-98-2-45-5-72-67-81-22-23-21-18-19-49-20-51-85-84-94-89-48-24-25-77-58-74|92-95-62-63-76-33-30-31-29-27-28-26-32-34-50-56-91-66|61-90-82-53-88-78-73-79-7-6-8-46-4-3-1-100-70-68|71-42-44-39-38-36-40-43-41-35-37-54-93-96-80
20,4,1225.1602,869.9589,111.0,891.2363,0,4,63.207972,63.286267,True,65-52-11-12-14-47-16-75-59-87-15-9-86-57-99-56-90-53-10-17-13-97-74-58-77-25-48-24-91-80|83-64-92-95-62-33-63-85-76-18-21-23-19-49-22-20-51-84-50-34-32-26-89-66|72-36-39-44-42-71-31-29-27-28-30-67-94-81-61-41-38-40-43-35-37-54-93-96|69-82-98-88-2-45-5-8-79-73-78-7-6-46-4-3-1-60-55-100-70-68
21,4,1225.1602,869.9589,111.0,891.2363,0,4,63.207972,63.286267,True,65-52-11-12-14-47-16-75-59-87-15-9-86-57-99-56-90-53-10-17-13-97-74-58-77-25-48-24-91-80|83-64-92-95-62-33-63-85-76-18-21-23-19-49-22-20-51-84-50-34-32-26-89-66|72-36-39-44-42-71-31-29-27-28-30-67-94-81-61-41-38-40-43-35-37-54-93-96|69-82-98-88-2-45-5-8-79-73-78-7-6-46-4-3-1-60-55-100-70-68
22,5,1226.2073,1505.8007,215.0,825.7844,0,5,158.584238,158.759105,True,65-83-52-59-75-11-15-16-47-14-12-82-99-76-57-86-87-97-9-10-13-17-60|2-45-5-61-81-64-22-23-21-18-19-49-51-85-84-56-66-94-20-24-89-48-25-77-58-74|92-95-63-62-67-33-30-31-29-27-28-26-32-34-50-93-96-91-80|90-69-98-88-53-78-73-79-7-6-8-46-4-3-1-70-100-55-68|71-72-38-42-39-36-40-44-43-41-35-37-54
23,4,1228.2977,940.0982,144.0,864.1377,0,4,73.72886,73.817852,True,82-52-12-14-47-11-75-59-87-16-15-9-86-57-99-66-90-53-10-17-13-97-74-58-77-25-48-24|65-83-64-92-95-62-63-85-76-18-21-23-19-49-22-20-51-84-94-50-34-32-26-89-56-91-80|72-36-39-44-42-71-33-30-28-27-29-31-67-81-61-41-38-40-35-37-54-93-96|69-98-88-2-45-5-8-7-79-73-78-6-46-4-3-1-43-70-100-60-55-68
24,4,1229.5658,865.5533,130.0,891.2363,0,4,62.54713,62.627986,True,65-82-52-11-12-14-47-75-59-87-16-15-9-86-57-99-56-90-53-10-17-13-97-74-58-77-25-48-24-91-80|83-64-92-95-62-30-33-63-85-76-18-21-23-19-49-22-20-51-84-50-34-32-26-89-66|42-44-39-36-72-71-27-28-29-31-67-94-81-61-38-40-43-41-35-37-54-93-96|69-98-88-2-45-5-8-79-73-78-7-6-46-4-3-1-60-55-100-70-68
25,4,1232.8402,926.5675,230.0,851.7277,0,4,71.699255,71.79432,True,65-52-59-75-11-15-16-47-14-12-78-73-79-53-57-86-87-97-9-10-13-17-60-55-100-70-68|69-98-82-99-83-64-22-23-21-18-19-49-76-51-85-84-56-89-20-24-48-25-77-58-74|2-45-5-42-61-72-39-38-36-40-44-41-81-94-90-88-6-7-8-46-4-3-1-43-35-37-54-96|92-95-33-63-62-67-71-31-29-27-28-30-32-26-34-50-93-91-66-80
26,4,1233.234,903.0478,115.0,873.9063,0,4,68.171305,68.254786,True,65-83-52-11-12-14-47-75-59-87-16-15-9-86-57-99-56-90-53-10-17-13-97-74-58-77-25-24-91-80|64-92-95-62-33-63-85-51-76-18-21-23-19-49-22-84-50-34-32-26-89-48-20-66|39-36-44-42-72-71-31-29-27-28-30-67-94-81-61-41-38-40-43-35-37-54-93-96|69-82-98-88-2-45-5-8-7-79-73-78-6-4-1-3-46-60-55-100-70-68
27,5,1233.3369,1524.2388,196.0,833.9573,0,5,161.349948,161.529047,True,65-83-52-59-11-15-16-47-14-12-82-99-57-86-87-75-97-9-10-13-17-60-55|2-45-5-61-81-64-22-23-21-18-19-49-51-85-84-56-66-24-20-89-48-25-77-58-74|92-95-62-33-63-76-30-27-28-29-31-67-50-32-26-34-93-96-80|90-69-98-88-53-78-73-79-7-6-8-46-4-3-1-43-35-70-100-68|71-72-42-39-38-36-40-44-37-41-54-94-91
28,4,1237.8538,857.2653,169.0,891.2363,0,4,61.303927,61.389926,True,82-14-47-15-75-59-52-99-11-12-78-73-16-9-87-86-57-56-90-53-10-17-13-97-74-58-77-25-48-24-91-80|65-83-64-92-95-62-67-33-63-85-76-18-21-23-19-49-22-20-51-84-50-34-32-26-89-66|72-42-44-39-36-71-31-29-27-28-30-94-81-61-41-38-40-43-35-37-54-93-96|69-98-88-2-45-5-8-79-7-6-46-4-3-1-60-55-100-70-68
29,4,1239.0335,894.303,76.0,880.2769,0,4,66.859577,66.940542,True,82-52-11-12-14-47-59-75-9-15-16-87-86-57-99-90-53-10-17-13-97-74-58-77-25-48-24-91|72-36-39-44-42-71-62-33-30-28-27-29-31-94-81-41-38-40-43-35-37-54-93-96-80|61-5-45-2-88-69-98-78-73-79-7-6-8-46-4-3-1-60-55-100-70-68|65-83-64-95-92-67-63-76-18-21-23-19-49-22-51-84-85-50-34-32-26-89-20-56-66
30,4,1239.4881,870.6523,298.0,851.7277,0,4,63.311982,63.407454,True,65-14-59-75-16-15-11-12-47-73-79-78-53-99-57-86-87-97-9-10-13-17-60-55-100-70-68|92-95-62-63-64-83-69-98-82-52-22-23-21-18-19-49-76-51-84-85-89-20-24-48-25-77-58-74|2-45-5-42-61-72-39-38-36-40-44-41-81-94-90-88-6-7-8-46-4-3-1-43-35-37-54-96-93-91-80|71-67-33-30-31-29-27-28-26-32-34-50-56-66
31,4,1240.672,901.418,223.0,833.9573,0,4,67.926838,68.017114,True,69-98-82-52-59-75-15-14-47-16-11-12-78-73-79-88-53-10-9-86-87-97-13-17-60-4-70-100-55-68|90-99-57-23-21-18-19-76-51-85-84-49-22-24-20-89-48-25-77-58-74|92-95-65-83-64-63-62-67-33-30-31-29-27-28-26-32-34-50-56-66-91-93-96|2-45-5-42-71-72-39-38-36-40-44-41-94-81-61-6-7-8-46-3-1-43-35-37-54-80
32,5,1243.4125,1507.9956,178.0,839.2422,0,5,158.913468,159.092145,True,65-83-52-59-75-16-15-47-14-12-11-82-99-57-18-86-87-97-9-10-13-17-60-55|2-45-5-61-81-64-22-23-21-19-49-76-20-51-85-84-94-89-48-24-25-77-58-74|92-95-62-33-63-67-29-27-31-30-28-26-32-34-50-56-91-66|90-69-98-88-53-78-73-79-7-6-8-46-4-3-1-100-70-68|71-72-42-39-38-36-40-44-43-41-35-37-54-93-96-80
33,4,1243.5516,869.285,125.0,891.2363,0,4,63.106876,63.191988,True,65-83-52-11-12-14-47-75-59-87-16-15-9-86-57-99-90-56-53-10-17-13-97-74-58-77-25-48-24-91-80|64-92-95-62-33-63-85-51-76-18-21-23-19-49-22-84-50-34-32-26-89-20-66|36-39-44-42-72-71-31-29-27-28-30-67-94-81-61-41-38-40-43-35-37-54-93-96|69-82-98-88-2-45-5-8-79-73-78-7-6-46-4-3-1-60-55-100-70-68
34,4,1244.3829,868.4537,121.0,891.2363,0,4,62.982191,63.067027,True,65-82-52-11-12-14-47-75-59-87-16-15-9-86-57-99-56-90-53-10-17-13-97-74-58-77-25-48-24-91-80|83-64-92-95-62-30-63-85-76-18-21-23-19-49-22-51-84-50-34-32-26-89-20-66|72-36-39-42-44-71-33-28-27-29-31-67-94-81-61-41-38-40-43-35-37-54-93-96|69-98-88-2-45-5-8-79-73-78-7-6-46-4-3-1-60-55-100-70-68
35,4,1245.6767,881.1522,153.0,879.9379,0,4,64.886964,64.975598,True,65-82-52-12-14-47-11-75-59-87-16-15-9-99-86-57-66-90-53-10-17-13-97-74-58-77-25-48-24-80|83-64-95-92-67-62-63-85-76-18-21-23-19-49-22-20-51-84-50-34-32-26-89-56-91|72-36-39-44-42-71-33-30-28-27-29-31-94-81-61-41-38-35-37-54-93-96|69-98-88-2-45-5-8-7-79-73-78-6-40-43-1-3-4-46-60-55-100-70-68
36,5,1245.7616,1518.1437,168.0,846.3177,0,5,160.435692,160.616657,True,65-83-59-15-47-14-11-75-23-52-99-82-57-86-87-16-10-9-97-13-17-60-55|2-45-5-61-81-67-64-21-18-19-49-22-20-51-85-84-94-66-56-89-48-24-25-77-58-74|92-95-62-63-76-33-30-31-29-27-28-26-32-34-50-91-80|90-69-98-88-53-12-78-73-79-7-6-8-46-4-3-1-100-70-68|71-72-42-39-38-36-40-44-43-41-35-37-54-93-96
37,4,1247.3865,865.4501,125.0,891.2363,0,4,62.531648,62.617335,True,65-83-52-11-12-14-47-75-59-87-16-15-9-57-86-99-56-90-53-10-17-13-97-74-58-77-25-48-24-91-80|64-92-95-62-33-63-85-51-76-18-21-23-19-49-22-84-50-34-32-26-89-20-66|72-36-39-44-42-71-31-29-27-28-30-67-94-81-61-41-38-40-43-35-37-54-93-96|69-82-98-88-2-45-5-8-79-73-78-7-6-46-4-3-1-60-55-100-70-68
38,4,1252.0803,860.7563,111.0,891.2363,0,4,61.82758,61.912571,True,65-52-59-75-16-15-47-14-12-11-9-87-86-57-99-56-90-53-10-17-13-97-74-58-77-25-48-24-91-80|83-64-92-95-62-28-63-85-51-76-18-21-23-19-49-22-84-50-34-32-26-89-20-66|72-36-39-44-42-71-33-30-27-29-31-67-94-81-61-41-38-40-43-35-37-54-93-96|69-82-98-88-45-2-5-7-79-73-78-6-8-46-4-3-1-60-55-100-70-68
39,4,1253.012,860.5688,117.0,873.9063,0,4,61.799449,61.882691,True,65-64-83-52-11-12-14-47-59-87-9-15-16-75-86-57-56-90-53-10-17-13-97-74-58-77-25-24-91-80|92-95-62-33-63-85-51-76-18-21-23-19-49-22-84-50-34-32-26-89-48-20-66|39-36-44-42-72-71-31-29-27-28-30-67-94-81-61-41-38-40-43-35-37-54-93-96|69-5-45-2-88-98-82-99-78-73-79-7-6-8-46-4-3-1-60-55-100-70-68
40,4,1253.012,860.5688,117.0,873.9063,0,4,61.799449,61.882691,True,65-64-83-52-11-12-14-47-59-87-9-15-16-75-86-57-56-90-53-10-17-13-97-74-58-77-25-24-91-80|92-95-62-33-63-85-51-76-18-21-23-19-49-22-84-50-34-32-26-89-48-20-66|39-36-44-42-72-71-31-29-27-28-30-67-94-81-61-41-38-40-43-35-37-54-93-96|69-5-45-2-88-98-82-99-78-73-79-7-6-8-46-4-3-1-60-55-100-70-68
41,4,1253.2444,859.5922,111.0,891.2363,0,4,61.652962,61.738127,True,65-52-11-12-14-47-75-59-87-16-15-9-86-57-99-56-90-53-10-17-13-97-74-58-77-25-48-24-91-80|83-64-92-95-62-33-63-85-51-76-18-21-23-19-49-22-84-50-34-32-26-89-20-66|72-36-39-44-42-71-31-29-27-28-30-67-94-81-61-41-38-40-43-35-37-54-93-96|69-82-98-88-45-2-5-8-79-73-78-7-6-46-4-3-1-60-55-100-70-68
42,4,1253.8531,841.2661,143.0,891.2363,0,4,58.904042,58.989841,True,65-83-52-82-12-14-47-16-15-59-75-87-9-11-86-57-99-56-90-53-10-17-13-97-74-58-77-25-48-24-91-80|92-95-62-33-76-63-85-64-23-21-18-19-49-22-20-51-84-50-34-32-26-89-66|39-36-44-42-72-71-31-29-27-28-30-67-94-81-41-38-40-43-35-37-54-93-96|69-61-5-45-2-88-98-78-73-79-7-6-8-46-4-3-1-60-55-100-70-68
43,4,1253.8531,841.2661,143.0,891.2363,0,4,58.904042,58.989841,True,65-83-52-82-12-14-47-16-15-59-75-87-9-11-86-57-99-56-90-53-10-17-13-97-74-58-77-25-48-24-91-80|92-95-62-33-76-63-85-64-23-21-18-19-49-22-20-51-84-50-34-32-26-89-66|39-36-44-42-72-71-31-29-27-28-30-67-94-81-41-38-40-43-35-37-54-93-96|69-61-5-45-2-88-98-78-73-79-7-6-8-46-4-3-1-60-55-100-70-68
44,4,1253.8571,865.9525,215.0,851.7277,0,4,62.60701,62.697787,True,65-52-59-75-11-15-16-47-14-12-73-53-90-57-86-87-97-9-10-13-17-60-4-1-70-55-100|69-98-82-99-83-64-22-23-21-18-19-49-76-51-85-94-66-56-84-89-20-24-48-25-77-58-74|92-95-63-62-67-33-30-31-29-27-28-26-32-34-50-93-96-91-80|2-45-5-71-72-42-39-38-36-40-44-41-81-61-88-78-79-7-6-8-46-3-43-35-37-54-68
45,4,1253.8571,865.9525,215.0,851.7277,0,4,62.60701,62.697787,True,65-52-59-75-11-15-16-47-14-12-73-53-90-57-86-87-97-9-10-13-17-60-4-1-70-55-100|69-98-82-99-83-64-22-23-21-18-19-49-76-51-85-94-66-56-84-89-20-24-48-25-77-58-74|92-95-63-62-67-33-30-31-29-27-28-26-32-34-50-93-96-91-80|2-45-5-71-72-42-39-38-36-40-44-41-81-61-88-78-79-7-6-8-46-3-43-35-37-54-68
46,4,1254.6099,865.0012,261.0,851.7277,0,4,62.464308,62.559769,True,65-52-59-75-11-15-16-47-14-12-73-79-78-57-86-87-97-9-10-13-17-60-4-1-70-55-100|69-98-82-99-83-64-22-23-21-18-19-49-76-51-85-94-66-56-84-89-20-24-48-25-77-58-74|92-95-63-62-67-33-30-31-29-27-28-26-32-34-50-93-96-91-80|5-45-2-72-71-42-39-38-36-40-44-41-61-81-90-53-88-6-7-8-46-3-43-35-37-54-68
47,5,1256.8932,1556.2824,201.0,811.2103,0,5,166.156489,166.344548,True,65-83-52-82-12-14-47-16-15-59-75-87-86-11-10-99-9-13-17-60|2-45-5-61-81-64-22-23-21-18-19-49-51-84-56-66-57-24-20-25-77-97-58-74|92-95-63-28-27-29-31-30-33-76-85-62-67-50-34-32-26-89-48-91-80|90-69-98-88-53-78-73-79-7-6-8-46-4-3-1-43-35-70-100-55-68|71-72-42-39-38-36-40-44-37-41-54-94-93-96
48,4,1257.9144,861.6966,267.0,851.7277,0,4,61.968627,62.065183,True,65-52-59-75-11-15-16-47-14-12-78-73-79-90-57-86-87-97-9-10-13-17-60-4-1-70-55-100|69-98-82-99-83-64-22-23-21-18-19-49-76-51-85-94-66-56-84-89-20-24-48-25-77-58-74|92-95-63-62-67-33-30-31-29-27-28-26-32-34-50-93-96-91-80|2-45-5-71-72-42-39-38-36-40-44-41-81-61-53-88-6-7-8-46-3-43-35-37-54-68
49,4,1258.7114,906.0594,74.0,880.2769,0,4,68.623035,68.711467,True,82-52-59-75-16-15-47-14-11-9-87-86-57-99-56-90-53-10-17-13-97-74-58-77-25-48-24-91|65-83-64-92-95-62-67-33-63-51-76-18-21-23-19-49-22-84-85-50-34-32-26-89-20-66|72-36-39-44-42-71-29-27-28-30-31-94-81-61-41-38-40-43-35-37-54-93-96-80|69-98-12-88-2-5-45-6-7-78-73-79-8-46-4-3-1-70-100-60-55-68
50,4,1261.0582,834.061,111.0,891.2363,0,4,57.823275,57.906955,True,65-52-11-12-14-47-16-75-59-87-15-9-86-57-99-56-90-53-10-17-13-97-74-58-77-25-48-24-91-80|83-92-95-64-62-33-63-85-76-18-23-21-19-49-22-20-51-84-50-34-32-26-89-66|72-36-39-44-42-71-31-29-27-28-30-67-94-81-61-41-38-40-43-35-37-54-93-96|69-82-98-88-2-45-5-8-73-79-78-7-6-46-4-3-1-60-55-100-70-68
51,4,1261.0582,834.061,111.0,891.2363,0,4,57.823275,57.906955,True,65-52-11-12-14-47-16-75-59-87-15-9-86-57-99-56-90-53-10-17-13-97-74-58-77-25-48-24-91-80|83-92-95-64-62-33-63-85-76-18-23-21-19-49-22-20-51-84-50-34-32-26-89-66|72-36-39-44-42-71-31-29-27-28-30-67-94-81-61-41-38-40-43-35-37-54-93-96|69-82-98-88-2-45-5-8-73-79-78-7-6-46-4-3-1-60-55-100-70-68
52,4,1265.3081,857.4189,240.0,851.7277,0,4,61.326966,61.422398,True,65-52-59-75-11-15-16-47-14-12-73-79-90-57-86-87-97-9-13-10-17-60-4-1-70-55-100|69-98-82-99-83-64-22-23-21-18-19-49-76-51-85-94-66-56-84-89-20-24-48-25-77-58-74|92-95-63-62-67-33-30-31-29-27-28-26-32-34-50-93-96-91-80|2-45-5-71-72-42-39-38-36-40-44-41-81-61-88-53-78-7-6-8-46-3-43-35-37-54-68
53,4,1265.4658,854.1452,302.0,851.7277,0,4,60.835913,60.937102,True,65-52-59-75-11-15-16-47-14-12-78-73-79-6-90-99-57-86-87-97-9-10-13-17-60-4-1-70-55-100|69-98-82-83-64-22-23-21-18-19-49-76-51-85-94-66-56-84-89-20-24-48-25-77-58-74|92-95-63-62-67-33-30-31-29-27-28-26-32-34-50-93-96-91-80|2-45-5-71-72-42-39-38-36-40-44-41-81-61-88-53-7-8-46-3-43-35-37-54-68
54,4,1265.7677,926.4236,187.0,834.7952,0,4,71.677666,71.775747,True,72-36-39-42-5-45-2-73-14-47-16-15-11-9-87-75-97-13-17-10-74-58-77-25-24|82-65-59-52-83-64-51-76-18-21-23-19-49-22-57-86-99-84-85-50-34-32-26-89-48-20-66|90-69-98-88-53-12-78-79-7-6-8-46-3-43-35-37-54-68-55-100-70-1-4-60|92-95-62-63-33-30-28-27-29-31-67-71-38-40-44-41-61-81-96-94-93-56-91-80
55,4,1265.8112,829.308,143.0,891.2363,0,4,57.110324,57.197916,True,65-83-52-82-47-14-12-11-59-75-87-16-15-9-86-57-99-56-90-53-10-17-13-97-74-58-77-25-48-24-91-80|92-95-62-33-76-63-85-64-23-21-18-19-49-22-20-51-84-50-34-32-26-89-66|39-36-44-42-72-71-31-29-27-28-30-67-94-81-41-38-40-43-35-37-54-93-96|69-61-5-45-2-88-98-78-73-79-7-6-8-46-4-3-1-60-55-100-70-68
56,4,1268.3327,867.9491,115.0,873.9063,0,4,62.9065,62.995247,True,65-83-52-11-12-14-47-75-59-87-16-15-9-86-57-99-56-90-53-10-17-13-97-74-58-77-25-24-91-80|64-92-95-62-33-63-85-51-76-18-21-23-19-49-22-84-50-34-32-26-89-48-20-66|72-36-39-44-42-71-67-30-28-27-29-31-94-61-81-38-41-40-43-35-37-54-93-96|69-82-98-88-2-45-5-8-7-79-73-78-6-4-1-3-46-60-55-100-70-68
57,4,1268.3327,867.9491,115.0,873.9063,0,4,62.9065,62.995247,True,65-83-52-11-12-14-47-75-59-87-16-15-9-86-57-99-56-90-53-10-17-13-97-74-58-77-25-24-91-80|64-92-95-62-33-63-85-51-76-18-21-23-19-49-22-84-50-34-32-26-89-48-20-66|72-36-39-44-42-71-67-30-28-27-29-31-94-61-81-38-41-40-43-35-37-54-93-96|69-82-98-88-2-45-5-8-7-79-73-78-6-4-1-3-46-60-55-100-70-68
58,4,1268.3866,826.7325,143.0,891.2363,0,4,56.724009,56.811988,True,65-83-82-52-11-12-14-47-75-59-87-16-15-9-99-86-57-56-90-53-10-17-13-97-74-58-77-25-48-24-91-80|92-95-62-33-76-63-85-64-23-21-18-19-49-22-20-51-84-50-34-32-26-89-66|39-36-44-42-72-71-31-29-27-28-30-67-94-81-41-38-40-43-35-37-54-93-96|69-61-5-45-2-88-98-78-73-79-7-6-8-46-4-3-1-60-55-100-70-68
59,4,1268.5501,842.6228,263.0,823.7072,0,4,59.107549,59.199832,True,65-52-59-75-16-15-47-14-79-73-12-11-9-10-57-86-87-97-13-17-60-4-1-70-55-100|69-98-82-99-83-64-22-23-21-18-19-76-51-85-84-94-90-66-56-20-49-24-89-48-25-77-58-74|92-95-63-62-67-33-30-31-29-27-28-26-32-34-50-91-80|2-45-5-42-71-72-39-38-36-40-44-41-81-61-88-53-78-7-6-8-46-3-43-35-37-54-93-96-68
60,4,1268.5501,842.6228,263.0,823.7072,0,4,59.107549,59.199832,True,65-52-59-75-16-15-47-14-79-73-12-11-9-10-57-86-87-97-13-17-60-4-1-70-55-100|69-98-82-99-83-64-22-23-21-18-19-76-51-85-84-94-90-66-56-20-49-24-89-48-25-77-58-74|92-95-63-62-67-33-30-31-29-27-28-26-32-34-50-91-80|2-45-5-42-71-72-39-38-36-40-44-41-81-61-88-53-78-7-6-8-46-3-43-35-37-54-93-96-68
61,4,1269.0958,857.7331,154.0,879.9379,0,4,61.374095,61.466342,True,65-82-52-12-14-47-11-75-59-87-16-15-9-86-57-99-66-90-53-10-17-13-97-74-58-77-25-48-24-80|83-64-92-95-62-30-63-85-76-18-21-23-19-49-22-20-51-84-50-34-32-26-89-56-91|72-36-39-44-42-71-33-28-27-29-31-67-94-81-61-41-38-35-37-54-93-96|69-98-88-2-45-5-8-7-79-73-78-6-40-43-1-3-4-46-60-55-100-70-68
62,4,1269.1563,844.4244,125.0,873.9063,0,4,59.377797,59.464261,True,82-65-64-83-52-11-12-14-47-59-87-9-15-16-75-86-57-56-90-53-10-17-13-97-74-58-77-25-24-91-80|92-95-62-63-85-51-18-21-23-19-49-22-76-84-50-34-32-26-89-48-20-66|72-36-39-42-44-71-67-33-30-28-27-29-31-94-81-41-38-40-43-35-37-54-93-96|61-5-45-2-88-98-69-99-78-73-79-7-6-8-46-4-3-1-60-55-100-70-68
63,4,1271.7641,847.847,260.0,851.7277,0,4,59.891174,59.989108,True,65-52-59-75-11-15-16-47-14-12-73-79-6-90-57-86-87-97-9-10-13-17-60-4-1-70-55-100|69-98-82-99-83-64-22-23-21-18-19-49-76-51-85-94-66-56-84-89-20-24-48-25-77-58-74|92-95-63-62-67-33-30-31-29-27-28-26-32-34-50-93-96-91-80|2-45-5-71-72-42-39-38-36-40-44-41-81-61-88-53-78-7-8-46-3-43-35-37-54-68
64,4,1271.7641,847.847,260.0,851.7277,0,4,59.891174,59.989108,True,65-52-59-75-11-15-16-47-14-12-73-79-6-90-57-86-87-97-9-10-13-17-60-4-1-70-55-100|69-98-82-99-83-64-22-23-21-18-19-49-76-51-85-94-66-56-84-89-20-24-48-25-77-58-74|92-95-63-62-67-33-30-31-29-27-28-26-32-34-50-93-96-91-80|2-45-5-71-72-42-39-38-36-40-44-41-81-61-88-53-78-7-8-46-3-43-35-37-54-68
65,4,1272.7718,822.3474,143.0,891.2363,0,4,56.066234,56.154871,True,65-83-82-52-11-12-14-47-75-59-87-16-15-9-99-86-57-56-90-53-10-17-13-97-74-58-77-25-48-24-91-80|92-95-62-33-76-63-85-64-23-21-18-19-22-49-20-51-84-50-34-32-26-89-66|39-36-44-42-72-71-31-29-27-28-30-67-94-81-41-38-40-43-35-37-54-93-96|69-61-5-45-2-88-98-78-73-79-7-6-8-46-4-3-1-60-55-100-70-68
66,4,1273.2591,846.352,260.0,851.7277,0,4,59.666931,59.765089,True,65-52-59-75-11-15-16-47-14-12-73-79-6-90-57-86-87-97-9-10-13-17-60-4-1-70-55-100|69-98-82-99-83-64-22-23-21-18-19-49-76-51-85-94-66-56-84-89-20-24-48-25-77-58-74|92-95-63-62-67-33-30-31-29-27-28-26-32-34-50-93-96-91-80|2-45-5-42-71-72-39-38-36-40-44-41-81-61-88-53-78-7-8-46-3-43-35-37-54-68
67,4,1273.2781,826.8759,119.0,891.2363,0,4,56.745511,56.832579,True,65-82-52-11-12-14-47-75-59-87-16-15-9-86-57-99-56-90-53-10-17-13-97-74-58-77-25-48-24-91-80|72-36-39-44-42-71-67-33-30-28-27-29-31-94-81-41-38-40-43-35-37-54-93-96|92-95-62-61-5-45-2-88-69-98-78-73-79-7-6-8-46-4-3-1-60-55-100-70-68|83-64-63-51-76-18-21-23-19-49-22-20-85-84-50-34-32-26-89-66
68,5,1275.6425,1498.2319,176.0,851.7277,0,5,157.448913,157.637468,True,69-47-14-12-15-16-75-59-87-86-99-11-10-9-97-13-17-60|65-83-82-2-45-5-61-67-81-64-22-23-21-18-19-49-57-51-85-84-89-20-24-48-25-77-58-74|92-95-62-63-76-33-30-31-29-27-28-26-32-34-50-56-66-91-80|52-90-98-88-53-78-73-79-7-6-8-46-4-3-1-70-100-55-68|71-72-42-39-38-36-40-44-43-41-94-54-37-35-93-96
69,4,1276.3703,818.7489,152.0,891.2363,0,4,55.526462,55.616539,True,65-52-11-12-14-47-75-59-87-15-16-73-78-9-86-57-56-90-53-10-17-13-97-74-58-77-25-48-24-91-80|83-64-92-95-62-33-63-85-76-18-21-23-19-49-22-99-20-51-84-50-34-32-26-89-66|72-39-36-44-42-71-31-29-27-28-30-67-94-81-61-41-38-40-43-35-37-54-93-96|69-82-98-88-2-45-5-8-79-7-6-46-4-3-1-60-55-100-70-68
70,4,1278.8442,724.7576,226.0,895.7421,0,4,41.427778,41.512574,True,2-45-5-12-14-47-16-15-11-59-87-9-75-97-13-17-10-74-58-77-25-48-24-91-80|65-52-83-64-92-95-62-63-85-51-76-18-21-23-19-49-22-57-86-99-56-84-50-34-32-26-89-20-66|36-39-42-72-31-29-27-28-30-33-67-71-38-40-44-41-61-81-94-90|69-82-98-88-53-78-73-79-7-6-8-46-3-43-35-37-54-93-96-68-55-60-4-1-70-100
71,4,1278.8442,724.7576,226.0,895.7421,0,4,41.427778,41.512574,True,2-45-5-12-14-47-16-15-11-59-87-9-75-97-13-17-10-74-58-77-25-48-24-91-80|65-52-83-64-92-95-62-63-85-51-76-18-21-23-19-49-22-57-86-99-56-84-50-34-32-26-89-20-66|36-39-42-72-31-29-27-28-30-33-67-71-38-40-44-41-61-81-94-90|69-82-98-88-53-78-73-79-7-6-8-46-3-43-35-37-54-93-96-68-55-60-4-1-70-100
72,4,1280.2518,833.0194,196.0,880.2769,0,4,57.667037,57.763175,True,65-83-52-82-47-14-12-11-59-75-87-16-15-9-99-86-57-56-90-53-10-17-13-97-74-58-77-25-48-24-91|64-95-92-67-62-63-85-51-76-18-21-23-19-49-22-84-50-32-26-89-20-66|44-39-72-71-33-30-28-27-29-31-34-94-96-81-41-43-35-37-54-93-80|69-98-2-45-5-42-38-36-40-61-88-78-73-79-7-6-8-46-3-1-4-60-55-100-70-68
73,4,1280.4525,870.0191,241.0,833.9573,0,4,63.217003,63.316303,True,65-52-59-75-16-15-47-12-78-73-79-90-99-57-86-87-97-9-10-13-17-60-4-70-100-55-68|82-11-14-98-69-83-64-22-23-21-18-19-49-76-51-85-84-94-56-66-24-20-89-48-25-77-58-74|2-45-5-71-72-42-39-38-36-40-44-41-81-61-53-88-6-7-8-46-3-1-43-35-37-54|92-95-63-62-67-33-30-31-29-27-28-26-32-34-50-93-96-91-80
74,4,1281.5174,813.6017,143.0,891.2363,0,4,54.754393,54.844341,True,65-83-82-52-11-12-14-47-75-59-87-16-15-9-99-86-57-56-90-53-10-17-13-97-74-58-77-25-48-24-91-80|92-95-62-33-76-63-85-64-23-21-18-19-49-22-20-51-84-50-34-32-26-89-66|72-36-39-44-42-71-67-30-28-27-29-31-94-81-41-38-40-43-35-37-54-93-96|69-61-5-45-2-88-98-78-73-79-7-6-8-46-4-3-1-60-55-100-70-68
75,4,1282.126,916.3914,159.0,851.7277,0,4,70.172846,70.274069,True,52-59-75-16-15-11-12-47-73-79-6-90-99-57-86-87-97-9-10-13-17-60-4-70-100-55|69-98-14-82-65-83-64-22-23-21-18-19-49-76-51-84-85-32-89-20-24-48-25-77-58-74|2-45-5-42-39-38-36-40-44-41-81-61-88-53-78-7-8-46-3-1-43-35-37-54-68|92-95-72-71-67-62-63-33-28-27-29-31-30-26-34-50-94-96-93-56-66-91-80
76,4,1282.9654,829.8712,111.0,891.2363,0,4,57.194815,57.284439,True,65-52-11-12-14-47-75-59-87-16-15-9-86-99-57-90-53-56-10-17-13-97-74-58-77-25-48-24-91-80|83-64-92-95-62-33-63-85-51-76-18-21-23-19-49-22-84-50-34-32-26-89-20-66|72-36-39-44-42-71-31-29-27-28-30-67-94-81-61-41-38-40-43-35-37-54-93-96|69-82-98-88-2-45-5-8-79-73-78-7-6-46-4-3-1-60-55-100-70-68
77,4,1283.0436,837.3117,237.0,852.4718,0,4,58.310879,58.408427,True,65-52-59-75-11-15-16-47-14-12-73-79-88-90-57-86-87-97-9-10-13-17-60-4-1-70-55-100|69-98-82-99-83-64-22-23-21-18-19-49-76-51-85-94-66-56-84-89-48-20-24-25-77-58-74|2-45-5-44-42-39-38-36-40-41-61-81-53-78-7-6-8-46-3-43-35-37-54-68|92-95-63-33-62-71-72-67-31-29-27-30-28-26-32-34-50-93-96-91-80
78,4,1283.0436,837.3117,237.0,852.4718,0,4,58.310879,58.408427,True,65-52-59-75-11-15-16-47-14-12-73-79-88-90-57-86-87-97-9-10-13-17-60-4-1-70-55-100|69-98-82-99-83-64-22-23-21-18-19-49-76-51-85-94-66-56-84-89-48-20-24-25-77-58-74|2-45-5-44-42-39-38-36-40-41-61-81-53-78-7-6-8-46-3-43-35-37-54-68|92-95-63-33-62-71-72-67-31-29-27-30-28-26-32-34-50-93-96-91-80
79,4,1283.1333,829.1563,120.0,864.1377,0,4,57.087575,57.173977,True,65-83-82-14-47-75-59-52-99-78-16-15-11-9-87-86-57-66-90-53-10-17-13-97-74-58-77-25-48-24|64-92-95-62-33-63-51-76-18-21-23-19-49-22-84-85-50-34-32-26-89-20-56-91-80|72-36-39-44-42-71-29-27-28-30-31-67-94-81-61-41-38-40-43-35-37-54-93-96|69-98-12-88-2-5-45-6-7-73-79-8-46-4-3-1-60-55-100-70-68
80,4,1283.1333,829.1563,120.0,864.1377,0,4,57.087575,57.173977,True,65-83-82-14-47-75-59-52-99-78-16-15-11-9-87-86-57-66-90-53-10-17-13-97-74-58-77-25-48-24|64-92-95-62-33-63-51-76-18-21-23-19-49-22-84-85-50-34-32-26-89-20-56-91-80|72-36-39-44-42-71-29-27-28-30-31-67-94-81-61-41-38-40-43-35-37-54-93-96|69-98-12-88-2-5-45-6-7-73-79-8-46-4-3-1-60-55-100-70-68
81,4,1284.871,860.4546,110.0,891.2363,0,4,61.782316,61.876999,True,65-83-52-82-11-12-14-47-16-59-75-87-15-9-86-57-99-53-10-17-13-97-74-58-77-25-48-24-91-80|72-36-39-44-42-71-67-30-28-27-29-31-38-40-61-90-94-81-41-43-35-37-54-93-96|69-98-2-45-5-8-7-79-73-78-88-6-4-1-3-46-60-55-100-70-68|64-92-95-62-33-63-76-18-21-23-19-49-22-20-51-85-84-50-34-32-26-89-56-66
82,4,1285.9084,809.5077,206.0,913.4495,0,4,54.140292,54.240576,True,82-52-11-12-14-47-75-59-87-16-15-9-86-57-99-10-53-60-17-13-97-74-58-77-25-48-24-91-80|65-83-64-92-95-62-33-63-85-51-76-18-21-23-19-49-22-84-50-34-32-26-89-20-56-66|42-39-36-44-72-71-31-29-27-28-30-67-94-81-61-41-38-40-35-37-43-93-54-68-55-100-4-1-70|69-98-88-2-45-5-8-7-79-73-78-6-46-3-96-90
83,4,1286.6297,832.9814,265.0,851.7277,0,4,57.661343,57.762006,True,65-52-59-75-11-15-16-47-14-12-73-79-6-90-53-57-86-87-97-9-10-13-17-60-4-1-70-55-100|69-98-82-99-83-64-22-23-21-18-19-49-76-51-85-94-66-56-84-89-20-24-48-25-77-58-74|92-95-63-62-67-33-30-31-29-27-28-26-32-34-50-93-96-91-80|2-45-5-71-72-42-39-38-36-40-44-41-81-61-88-78-7-8-46-3-43-35-37-54-68
84,4,1288.0509,833.3721,329.0,833.9573,0,4,57.719947,57.824829,True,65-82-52-59-75-15-16-47-14-11-12-73-79-6-88-99-57-86-87-97-9-10-13-17-60-4-1-70-55-100|83-64-33-63-76-18-21-23-19-22-51-85-67-94-66-56-84-49-24-20-89-48-25-77-58-74|72-71-92-95-62-31-29-27-28-30-32-26-34-50-91-80|69-98-2-45-5-42-39-38-36-40-44-41-61-81-90-53-78-7-8-46-3-43-35-37-54-93-96-68
85,4,1288.1107,825.4701,117.0,873.9063,0,4,56.534644,56.623152,True,65-64-83-52-11-12-14-47-59-87-9-15-16-75-86-57-56-90-53-10-17-13-97-74-58-77-25-24-91-80|92-95-62-33-63-85-51-76-18-21-23-19-49-22-84-50-34-32-26-89-48-20-66|72-36-39-44-42-71-67-30-28-27-29-31-94-61-81-38-41-40-43-35-37-54-93-96|69-5-45-2-88-98-82-99-78-73-79-7-6-8-46-4-3-1-60-55-100-70-68
86,4,1288.1107,825.4701,117.0,873.9063,0,4,56.534644,56.623152,True,65-64-83-52-11-12-14-47-59-87-9-15-16-75-86-57-56-90-53-10-17-13-97-74-58-77-25-24-91-80|92-95-62-33-63-85-51-76-18-21-23-19-49-22-84-50-34-32-26-89-48-20-66|72-36-39-44-42-71-67-30-28-27-29-31-94-61-81-38-41-40-43-35-37-54-93-96|69-5-45-2-88-98-82-99-78-73-79-7-6-8-46-4-3-1-60-55-100-70-68
87,4,1291.7224,827.8886,264.0,851.7277,0,4,56.897426,56.998753,True,65-52-59-75-16-15-47-14-73-79-2-6-78-12-99-57-86-87-97-9-10-13-17-60-4-1-70-55-100|69-98-11-82-83-64-22-23-21-18-19-49-76-51-85-94-66-56-84-89-20-24-48-25-77-58-74|92-95-62-72-71-67-63-33-30-28-27-29-31-26-32-34-50-93-96-91-80|45-5-44-42-39-38-36-40-41-61-81-90-53-88-7-8-46-3-43-35-37-54-68
88,4,1292.4093,827.2018,238.0,851.7277,0,4,56.7944,56.89323,True,65-52-59-75-11-15-16-47-14-12-73-79-6-90-57-86-87-97-9-10-13-17-60-4-1-70-55-100|69-98-82-99-83-64-22-23-21-18-19-49-76-51-85-94-66-56-84-89-20-24-48-25-77-58-74|2-45-5-44-42-39-38-36-40-41-81-61-88-53-78-7-8-46-3-43-35-37-54-68|92-95-63-33-62-71-72-67-31-29-27-30-28-26-32-34-50-93-96-91-80
89,4,1292.4093,827.2018,238.0,851.7277,0,4,56.7944,56.89323,True,65-52-59-75-11-15-16-47-14-12-73-79-6-90-57-86-87-97-9-10-13-17-60-4-1-70-55-100|69-98-82-99-83-64-22-23-21-18-19-49-76-51-85-94-66-56-84-89-20-24-48-25-77-58-74|2-45-5-44-42-39-38-36-40-41-81-61-88-53-78-7-8-46-3-43-35-37-54-68|92-95-63-33-62-71-72-67-31-29-27-30-28-26-32-34-50-93-96-91-80
90,4,1294.419,818.4176,98.0,891.2363,0,4,55.476766,55.566808,True,65-82-52-11-12-14-47-15-75-59-87-16-9-86-99-56-90-53-10-17-13-97-74-58-77-25-48-24-91-80|83-64-92-95-63-62-30-85-76-18-21-23-57-19-49-22-51-84-50-34-32-26-89-20-66|72-39-36-42-44-71-33-28-27-29-31-67-94-81-61-41-38-40-43-35-37-54-93-96|69-98-88-2-45-5-8-79-73-78-7-6-46-4-3-1-60-55-100-70-68
91,4,1295.1859,834.8223,97.0,873.9063,0,4,57.937477,58.02751,True,65-83-52-82-47-14-12-11-59-75-87-16-15-9-86-57-99-90-53-10-17-13-97-74-58-77-25-24-91-80|64-92-95-62-63-76-18-21-23-19-49-22-51-84-85-50-34-32-26-89-48-20-66|72-36-39-44-42-71-67-33-30-28-27-29-31-94-38-40-41-81-43-35-37-54-96-93-56|69-61-5-45-2-88-98-78-73-79-7-6-8-46-4-3-1-60-55-100-70-68
92,4,1295.1859,834.8223,97.0,873.9063,0,4,57.937477,58.02751,True,65-83-52-82-47-14-12-11-59-75-87-16-15-9-86-57-99-90-53-10-17-13-97-74-58-77-25-24-91-80|64-92-95-62-63-76-18-21-23-19-49-22-51-84-85-50-34-32-26-89-48-20-66|72-36-39-44-42-71-67-33-30-28-27-29-31-94-38-40-41-81-43-35-37-54-96-93-56|69-61-5-45-2-88-98-78-73-79-7-6-8-46-4-3-1-60-55-100-70-68
93,5,1296.2571,1465.1317,140.0,839.2422,0,5,152.483893,152.668194,True,69-83-52-47-59-75-12-15-16-11-9-87-86-57-99-97-13-10-17-60|65-14-2-45-5-61-67-81-64-22-23-21-18-19-49-20-51-85-84-89-48-24-25-77-58-74|92-95-62-63-76-33-30-31-29-27-28-26-32-34-50-56-66-91-80|90-82-98-88-53-78-73-79-7-6-8-46-4-3-1-70-100-55-68|71-72-42-39-38-36-40-44-43-41-94-54-37-35-93-96
94,4,1298.6499,814.1867,120.0,891.2363,0,4,54.842132,54.935008,True,82-14-47-75-59-52-99-78-16-15-11-9-87-86-57-56-90-53-10-17-13-97-74-58-77-25-48-24-91-80|65-83-64-92-95-62-67-33-63-51-76-18-21-23-19-49-22-84-85-50-34-32-26-89-20-66|72-36-39-44-42-71-31-30-28-27-29-94-81-61-41-38-40-43-35-37-54-93-96|69-98-12-88-45-5-2-6-7-73-79-8-46-4-3-1-60-55-100-70-68
95,4,1298.6499,814.1867,120.0,891.2363,0,4,54.842132,54.935008,True,82-14-47-75-59-52-99-78-16-15-11-9-87-86-57-56-90-53-10-17-13-97-74-58-77-25-48-24-91-80|65-83-64-92-95-62-67-33-63-51-76-18-21-23-19-49-22-84-85-50-34-32-26-89-20-66|72-36-39-44-42-71-31-30-28-27-29-94-81-61-41-38-40-43-35-37-54-93-96|69-98-12-88-45-5-2-6-7-73-79-8-46-4-3-1-60-55-100-70-68
96,4,1299.4686,829.6112,215.0,817.3698,0,4,57.15581,57.249665,True,65-52-59-75-11-15-16-47-14-12-78-73-79-6-90-57-86-87-97-9-10-13-17-60-4-1-70-55-100|69-98-82-99-83-64-85-76-23-21-18-19-49-51-20-22-24-48-25-77-58-74|2-45-5-71-72-42-39-38-36-40-44-41-81-61-88-53-7-8-46-3-43-35-37-54-93-96-68|92-95-63-62-67-33-30-31-29-27-28-26-34-50-94-84-32-89-56-66-91-80
97,4,1299.4686,829.6112,215.0,817.3698,0,4,57.15581,57.249665,True,65-52-59-75-11-15-16-47-14-12-78-73-79-6-90-57-86-87-97-9-10-13-17-60-4-1-70-55-100|69-98-82-99-83-64-85-76-23-21-18-19-49-51-20-22-24-48-25-77-58-74|2-45-5-71-72-42-39-38-36-40-44-41-81-61-88-53-7-8-46-3-43-35-37-54-93-96-68|92-95-63-62-67-33-30-31-29-27-28-26-34-50-94-84-32-89-56-66-91-80
98,4,1300.1313,812.7053,120.0,891.2363,0,4,54.619926,54.713025,True,82-14-47-75-59-52-99-78-16-15-11-9-87-86-57-56-90-53-10-17-13-97-74-58-77-25-48-24-91-80|65-83-64-92-95-62-67-33-63-51-76-18-21-23-19-49-22-84-85-50-34-32-26-89-20-66|72-36-39-42-44-71-31-30-28-27-29-94-81-61-41-38-40-43-35-37-54-93-96|69-98-12-88-45-5-2-6-7-73-79-8-46-4-3-1-60-55-100-70-68
99,4,1300.3071,812.5295,189.0,891.2363,0,4,54.593562,54.693587,True,82-14-47-75-59-52-99-12-78-16-15-11-9-87-86-57-56-90-53-10-17-13-97-74-58-77-25-48-24-91-80|65-83-64-92-95-62-67-33-63-51-76-18-21-23-19-49-22-84-85-50-34-32-26-89-20-66|45-5-72-36-39-44-42-71-29-27-28-30-31-94-81-61-41-38-40-43-35-37-54-93-96|69-98-88-73-79-7-2-6-8-46-4-3-1-60-55-100-70-68
100,4,1300.9957,795.2605,226.0,797.578,0,4,52.003203,52.090495,True,65-59-16-15-11-12-14-47-73-79-78-99-57-86-87-97-9-10-13-17-60-55-100-70-68|92-95-63-64-83-98-69-82-52-75-22-23-21-18-19-49-76-51-85-84-94-66-24-20-48-25-77-58-74|2-45-5-42-39-38-36-40-44-41-61-81-90-53-88-6-7-8-46-4-3-1-43-35-37-54-96-93-80|72-31-71-67-62-33-30-29-27-28-26-32-34-50-89-56-91
101,4,1300.9957,795.2605,226.0,797.578,0,4,52.003203,52.090495,True,65-59-16-15-11-12-14-47-73-79-78-99-57-86-87-97-9-10-13-17-60-55-100-70-68|92-95-63-64-83-98-69-82-52-75-22-23-21-18-19-49-76-51-85-84-94-66-24-20-48-25-77-58-74|2-45-5-42-39-38-36-40-44-41-61-81-90-53-88-6-7-8-46-4-3-1-43-35-37-54-96-93-80|72-31-71-67-62-33-30-29-27-28-26-32-34-50-89-56-91
102,4,1301.54,801.2871,109.0,873.9063,0,4,52.907197,52.995305,True,65-82-52-11-12-14-47-75-59-87-16-15-9-99-86-57-56-90-53-10-17-13-97-74-58-77-25-24-91-80|83-64-92-95-62-63-85-51-76-18-21-23-19-49-22-84-50-34-32-26-89-48-20-66|72-36-39-44-42-71-67-33-30-28-27-29-31-38-40-41-81-94-96-54-43-35-37-93|69-61-45-5-2-88-98-78-73-79-7-6-8-46-4-3-1-60-55-100-70-68
103,4,1301.6997,810.5899,90.0,864.1377,0,4,54.302615,54.388802,True,65-82-52-11-12-14-47-75-59-87-16-15-9-99-86-57-66-90-53-10-17-13-97-74-58-77-25-48-24|92-67-95-64-83-22-23-21-18-19-49-76-51-84-85-50-34-32-26-89-20-56-91-80|72-36-39-42-44-71-62-63-33-28-27-29-31-30-38-40-41-94-81-43-35-37-54-93-96|69-61-5-45-2-88-98-78-73-79-7-6-8-46-4-3-1-60-55-100-70-68
104,4,1301.6997,810.5899,90.0,864.1377,0,4,54.302615,54.388802,True,65-82-52-11-12-14-47-75-59-87-16-15-9-99-86-57-66-90-53-10-17-13-97-74-58-77-25-48-24|92-67-95-64-83-22-23-21-18-19-49-76-51-84-85-50-34-32-26-89-20-56-91-80|72-36-39-42-44-71-62-63-33-28-27-29-31-30-38-40-41-94-81-43-35-37-54-93-96|69-61-5-45-2-88-98-78-73-79-7-6-8-46-4-3-1-60-55-100-70-68
105,4,1303.0176,832.52,78.0,891.2363,0,4,57.592134,57.684871,True,65-83-52-75-59-15-47-12-11-9-57-64-56-90-53-10-17-13-97-74-58-77-25-48-24-91-80|92-95-62-33-63-76-85-51-18-21-23-19-49-22-86-87-99-84-50-34-32-26-89-20-66|72-36-39-44-42-71-31-29-27-28-30-67-94-81-61-41-38-40-43-35-37-54-93-96|69-98-82-14-88-2-45-5-8-79-73-16-78-7-6-4-1-3-46-60-55-100-70-68
106,4,1303.0176,832.52,78.0,891.2363,0,4,57.592134,57.684871,True,65-83-52-75-59-15-47-12-11-9-57-64-56-90-53-10-17-13-97-74-58-77-25-48-24-91-80|92-95-62-33-63-76-85-51-18-21-23-19-49-22-86-87-99-84-50-34-32-26-89-20-66|72-36-39-44-42-71-31-29-27-28-30-67-94-81-61-41-38-40-43-35-37-54-93-96|69-98-82-14-88-2-45-5-8-79-73-16-78-7-6-4-1-3-46-60-55-100-70-68
107,4,1314.7763,785.3777,129.0,891.2363,0,4,50.520779,50.615072,True,65-82-52-11-12-14-47-75-59-87-16-15-9-86-57-99-56-90-53-10-17-13-97-74-58-77-25-48-24-91-80|72-39-36-44-42-71-67-30-28-27-29-31-94-81-41-38-40-43-35-37-54-93-96|95-63-33-62-92-69-61-5-45-2-88-98-78-73-79-7-6-8-46-4-3-1-60-55-100-70-68|83-64-51-76-18-21-23-19-49-22-20-85-84-50-34-32-26-89-66
108,4,1314.7763,785.3777,129.0,891.2363,0,4,50.520779,50.615072,True,65-82-52-11-12-14-47-75-59-87-16-15-9-86-57-99-56-90-53-10-17-13-97-74-58-77-25-48-24-91-80|72-39-36-44-42-71-67-30-28-27-29-31-94-81-41-38-40-43-35-37-54-93-96|95-63-33-62-92-69-61-5-45-2-88-98-78-73-79-7-6-8-46-4-3-1-60-55-100-70-68|83-64-51-76-18-21-23-19-49-22-20-85-84-50-34-32-26-89-66
109,4,1315.0017,695.7517,296.0,912.7405,0,4,37.076879,37.177722,True,64-83-82-98-88-7-79-73-78-53-90-57-99-10-9-86-87-97-74-24-20-89-48-25-77-58-13-17-60-100|42-39-36-72-92-95-63-33-30-28-27-29-31-62-67-94-71-96-54-37-35-43-1-4-70-68|65-52-11-12-14-47-16-15-59-75-23-21-18-19-49-22-76-51-84-85-32-26-34-50-93-56-66-91-80|69-2-45-5-61-81-41-38-40-44-3-46-8-6-55
110,4,1316.5906,707.8688,265.0,895.7421,0,4,38.894451,38.991937,True,72-36-39-42-5-45-2-73-14-47-16-15-11-9-87-75-97-13-17-10-74-58-77-25-24-91-80|65-82-59-52-83-64-63-85-51-76-18-21-23-19-49-22-57-86-99-56-50-34-32-26-89-48-20-66|61-90-69-98-88-53-12-78-79-7-6-8-46-3-43-35-37-54-93-96-68-55-60-4-1-70-100|92-95-62-33-30-28-27-29-31-67-71-81-44-40-38-41-94-84
111,4,1324.4711,789.1096,146.0,873.9063,0,4,51.080578,51.17744,True,14-65-83-52-82-11-12-47-75-59-87-16-15-9-99-86-57-84-56-90-10-17-13-97-74-58-77-25-24-91-80|92-64-95-62-33-63-76-18-21-23-19-49-22-51-85-50-34-32-26-89-48-20-66|39-36-44-42-72-71-67-30-28-27-29-31-94-81-41-38-40-43-35-37-54-93-96|61-45-5-2-88-69-98-53-78-73-79-7-6-8-46-4-3-1-60-55-100-70-68
112,4,1324.4711,789.1096,146.0,873.9063,0,4,51.080578,51.17744,True,14-65-83-52-82-11-12-47-75-59-87-16-15-9-99-86-57-84-56-90-10-17-13-97-74-58-77-25-24-91-80|92-64-95-62-33-63-76-18-21-23-19-49-22-51-85-50-34-32-26-89-48-20-66|39-36-44-42-72-71-67-30-28-27-29-31-94-81-41-38-40-43-35-37-54-93-96|61-45-5-2-88-69-98-53-78-73-79-7-6-8-46-4-3-1-60-55-100-70-68
113,4,1326.0693,774.0846,115.0,891.2363,0,4,48.826818,48.921404,True,65-82-52-11-12-14-47-75-59-87-16-15-9-86-57-99-56-90-53-10-17-13-97-74-58-77-25-48-24-91-80|92-72-39-36-44-42-71-67-30-28-27-29-31-94-81-41-38-40-43-35-37-54-93-96|95-63-33-62-69-61-5-45-2-88-98-78-73-79-7-6-8-46-4-3-1-60-55-100-70-68|83-64-51-76-18-21-23-19-49-22-20-85-84-50-34-32-26-89-66
114,4,1326.0693,774.0846,115.0,891.2363,0,4,48.826818,48.921404,True,65-82-52-11-12-14-47-75-59-87-16-15-9-86-57-99-56-90-53-10-17-13-97-74-58-77-25-48-24-91-80|92-72-39-36-44-42-71-67-30-28-27-29-31-94-81-41-38-40-43-35-37-54-93-96|95-63-33-62-69-61-5-45-2-88-98-78-73-79-7-6-8-46-4-3-1-60-55-100-70-68|83-64-51-76-18-21-23-19-49-22-20-85-84-50-34-32-26-89-66
115,4,1326.619,759.0913,225.0,911.9151,0,4,46.577822,46.684427,True,5-45-2-14-47-15-16-75-59-87-86-57-52-99-90-61-55-60-10-13-97-74-58-77-25-48-24-91-80|83-64-92-95-62-63-85-51-76-18-21-23-19-49-22-56-84-50-34-32-26-89-20-66|42-36-44-39-72-71-33-30-28-27-29-31-67-94-38-40-41-81|65-82-69-98-88-53-9-11-12-78-73-79-7-6-8-46-3-43-35-37-54-93-96-68-70-100-1-4-17
116,4,1327.7301,791.8809,270.0,851.7277,0,4,51.496272,51.6036,True,65-52-59-75-15-47-14-12-73-79-2-6-90-57-86-87-97-9-10-13-17-60-4-1-70-55-100|5-45-98-69-82-11-16-99-83-64-22-23-21-18-19-49-76-85-51-66-56-84-32-89-20-24-48-25-77-58-74|92-95-62-67-63-33-28-27-29-31-30-26-34-50-94-93-96-91-80|71-72-42-39-38-36-40-44-41-81-61-88-53-78-7-8-46-3-43-35-37-54-68
117,4,1329.1466,783.6868,104.0,833.9573,0,4,50.267146,50.354404,True,65-82-52-59-11-15-16-47-73-14-12-57-86-87-75-97-9-10-13-17-60-55-100-70|69-88-98-99-83-64-22-23-21-18-19-49-76-51-85-84-56-66-24-20-89-48-25-77-58-74|42-39-36-72-92-95-62-63-33-28-27-29-31-30-67-94-71-41-38-40-37-34-26-32-50-93-96-91-80|44-5-45-2-79-78-53-90-81-61-6-7-8-46-4-3-1-43-35-54-68
118,4,1329.1466,783.6868,104.0,833.9573,0,4,50.267146,50.354404,True,65-82-52-59-11-15-16-47-73-14-12-57-86-87-75-97-9-10-13-17-60-55-100-70|69-88-98-99-83-64-22-23-21-18-19-49-76-51-85-84-56-66-24-20-89-48-25-77-58-74|42-39-36-72-92-95-62-63-33-28-27-29-31-30-67-94-71-41-38-40-37-34-26-32-50-93-96-91-80|44-5-45-2-79-78-53-90-81-61-6-7-8-46-4-3-1-43-35-54-68
119,4,1331.3403,782.2404,191.0,873.9063,0,4,50.050197,50.152589,True,65-83-82-11-12-14-47-16-15-59-75-87-9-52-86-99-88-53-10-17-13-97-74-58-77-25-24-91-80|5-45-2-92-95-62-33-63-85-51-76-18-21-23-19-49-22-57-56-84-50-34-32-26-89-48-20-66|39-36-44-42-72-31-29-27-28-30-67-71-61-40-38-41-81-94-54-43-35-37-93-96|64-90-69-98-78-73-79-7-6-8-46-4-3-1-60-55-100-70-68
120,4,1336.8322,631.9541,325.0,850.0409,0,4,33.829458,33.920775,True,95-64-83-65-82-98-88-79-73-78-53-99-10-9-97-87-74-24-20-48-25-77-58-13-17-60|5-45-2-42-44-39-36-72-63-85-76-18-21-23-19-49-22-51-84-56-66-94-96-54-37-35-43-1-4-100-70-68|92-62-33-28-30-27-29-31-71-81-61-41-38-40-3-46-8-7-6-55|69-12-14-47-16-15-11-59-75-86-52-57-90-67-50-34-32-26-89-93-91-80
121,4,1336.8322,631.9541,325.0,850.0409,0,4,33.829458,33.920775,True,95-64-83-65-82-98-88-79-73-78-53-99-10-9-97-87-74-24-20-48-25-77-58-13-17-60|5-45-2-42-44-39-36-72-63-85-76-18-21-23-19-49-22-51-84-56-66-94-96-54-37-35-43-1-4-100-70-68|92-62-33-28-30-27-29-31-71-81-61-41-38-40-3-46-8-7-6-55|69-12-14-47-16-15-11-59-75-86-52-57-90-67-50-34-32-26-89-93-91-80
122,4,1338.9458,773.8908,134.0,891.2363,0,4,48.797758,48.898078,True,65-83-52-12-14-47-59-75-86-9-99-64-56-90-53-10-17-13-97-74-58-77-25-48-24-91-80|92-95-62-30-28-63-85-76-18-21-23-19-49-22-51-84-50-34-32-26-89-20-66|72-36-39-44-42-71-33-27-29-31-67-94-81-61-41-38-40-43-35-37-54-93-96|69-98-82-11-15-88-2-45-5-8-7-79-73-16-87-57-78-6-46-4-3-1-60-55-100-70-68
123,4,1339.2866,763.5405,133.0,873.9063,0,4,47.245204,47.341374,True,65-83-82-52-11-12-14-47-75-59-87-16-15-9-99-86-57-56-90-53-10-17-13-97-74-58-77-25-24-91-80|92-64-95-62-33-76-63-85-51-18-21-23-19-49-22-84-50-34-32-26-89-48-20-66|72-36-39-44-42-71-67-30-28-27-29-31-38-40-41-94-96-81-43-35-37-54-93|61-5-45-2-88-69-98-78-73-79-7-6-8-46-4-3-1-60-55-100-70-68
124,4,1339.2866,763.5405,133.0,873.9063,0,4,47.245204,47.341374,True,65-83-82-52-11-12-14-47-75-59-87-16-15-9-99-86-57-56-90-53-10-17-13-97-74-58-77-25-24-91-80|92-64-95-62-33-76-63-85-51-18-21-23-19-49-22-84-50-34-32-26-89-48-20-66|72-36-39-44-42-71-67-30-28-27-29-31-38-40-41-94-96-81-43-35-37-54-93|61-5-45-2-88-69-98-78-73-79-7-6-8-46-4-3-1-60-55-100-70-68
125,4,1342.9724,759.8547,231.0,873.9063,0,4,46.692336,46.79886,True,65-83-82-52-11-12-14-47-75-59-87-16-15-9-99-86-57-84-56-90-53-10-17-13-97-74-58-77-25-24-91-80|92-64-95-62-33-76-63-85-51-18-21-23-19-49-22-50-32-26-89-48-20-66|44-39-72-71-67-30-28-27-29-31-34-94-96-81-41-43-35-37-54-93|69-2-45-5-61-42-38-36-40-88-98-78-73-79-7-6-8-46-4-3-1-60-55-100-70-68
126,4,1343.1391,776.472,250.0,851.7277,0,4,49.18493,49.29257,True,65-52-59-75-11-15-16-47-14-12-73-79-6-90-57-86-87-97-9-10-13-17-60-4-1-70-55-100|69-98-82-99-83-64-22-23-21-18-19-49-76-51-85-94-66-56-84-89-20-24-48-25-77-58-74|92-95-63-62-42-67-33-30-31-29-27-28-26-32-34-50-93-96-91-80|2-45-5-71-72-39-38-36-40-44-41-81-61-88-53-78-7-8-46-3-43-35-37-54-68
127,4,1343.1786,770.8367,205.0,862.9469,0,4,48.339642,48.443631,True,65-83-82-52-11-12-14-47-75-59-87-16-15-9-99-86-57-84-56-90-53-10-17-13-97-74-58-77-25-24-91|92-64-95-62-33-76-63-85-51-18-21-23-19-49-22-50-32-26-89-48-20-66|44-39-72-71-67-30-28-27-29-31-34-94-96-81-41-43-35-37-54-93-80|69-2-45-5-61-42-38-36-40-88-98-78-73-79-7-6-8-46-3-1-4-60-55-100-70-68
128,4,1343.3998,759.8547,205.0,862.9469,0,4,46.692336,46.794744,True,65-83-82-52-11-12-14-47-75-59-87-16-15-9-99-86-57-84-56-90-53-10-17-13-97-74-58-77-25-24-91|92-64-95-62-33-76-63-85-51-18-21-23-19-49-22-50-32-26-89-48-20-66|44-39-72-71-67-30-28-27-29-31-34-94-96-81-41-43-35-37-54-93-80|69-2-45-5-61-42-38-36-40-88-98-78-73-79-7-6-8-46-4-3-1-60-55-100-70-68
129,4,1343.3998,759.8547,205.0,862.9469,0,4,46.692336,46.794744,True,65-83-82-52-11-12-14-47-75-59-87-16-15-9-99-86-57-84-56-90-53-10-17-13-97-74-58-77-25-24-91|92-64-95-62-33-76-63-85-51-18-21-23-19-49-22-50-32-26-89-48-20-66|44-39-72-71-67-30-28-27-29-31-34-94-96-81-41-43-35-37-54-93-80|69-2-45-5-61-42-38-36-40-88-98-78-73-79-7-6-8-46-4-3-1-60-55-100-70-68
130,4,1347.679,777.8491,108.0,873.9063,0,4,49.39149,49.489825,True,65-82-52-11-12-14-47-15-75-59-87-9-99-86-57-84-56-90-53-10-17-13-97-74-58-77-25-24-91-80|92-83-64-95-62-33-76-63-85-51-18-21-23-19-49-22-50-34-32-26-89-48-20-66|42-39-36-72-71-67-30-28-27-29-31-38-40-44-61-81-94-96-41-43-35-37-54-93|69-98-2-45-5-8-7-79-73-16-88-78-6-4-1-3-46-60-55-100-70-68
131,4,1351.5831,761.9976,154.0,873.9063,0,4,47.013773,47.115501,True,65-83-52-82-47-14-12-11-59-75-87-16-15-9-86-57-99-56-90-53-10-17-13-97-74-58-77-25-24-91-80|64-92-95-62-33-63-85-51-76-18-21-23-19-49-22-84-50-34-32-26-89-48-20-66|72-39-36-44-42-38-31-29-27-28-30-67-71-61-81-94-41-43-35-37-54-93-96|69-2-45-5-40-88-98-78-73-79-7-6-8-46-4-3-1-60-55-100-70-68
132,4,1352.3133,588.9029,223.0,885.4958,0,4,38.47378,38.558401,True,2-45-5-12-14-47-16-15-11-59-87-99-52-86-75-97-9-10-17-13-74-58-77-25-48-24-91-80|82-65-83-64-95-92-67-62-63-85-51-76-18-21-23-19-49-22-57-56-84-50-34-32-26-89-20-66|29-90-69-98-88-53-78-73-79-7-6-8-46-3-43-35-37-54-96-93-68-55-100-70-1-4-60|42-72-31-27-28-33-30-71-39-36-40-44-38-41-61-81-94
133,4,1352.3133,588.9029,223.0,885.4958,0,4,38.47378,38.558401,True,2-45-5-12-14-47-16-15-11-59-87-99-52-86-75-97-9-10-17-13-74-58-77-25-48-24-91-80|82-65-83-64-95-92-67-62-63-85-51-76-18-21-23-19-49-22-57-56-84-50-34-32-26-89-20-66|29-90-69-98-88-53-78-73-79-7-6-8-46-3-43-35-37-54-96-93-68-55-100-70-1-4-60|42-72-31-27-28-33-30-71-39-36-40-44-38-41-61-81-94
134,4,1354.5266,759.0542,189.0,873.9063,0,4,46.572255,46.677925,True,45-2-82-65-52-12-14-47-59-87-9-11-15-16-75-86-99-56-57-10-17-13-97-74-58-77-25-24-91-80|5-83-64-92-95-62-33-63-51-18-21-23-19-49-22-76-85-84-50-34-32-26-89-48-20-66|72-36-39-42-44-71-31-29-27-28-30-67-94-81-61-41-38-40-43-35-37-54-93-96|90-69-98-88-53-78-73-79-7-6-8-46-4-3-1-60-55-100-70-68
135,4,1354.8805,762.2546,129.0,880.2769,0,4,47.052319,47.153531,True,65-83-52-11-12-14-47-75-59-87-16-15-9-86-57-99-90-53-10-17-13-97-74-58-77-25-48-24-91|92-64-95-62-31-67-63-85-76-18-21-23-19-49-22-51-84-56-94-50-34-32-26-89-20-66|72-33-28-27-29-71-36-39-44-42-61-81-30-41-38-40-43-35-37-54-93-96-80|69-82-98-88-2-45-5-8-79-73-78-7-6-46-4-3-1-60-55-100-70-68
136,4,1356.6337,767.7078,116.0,873.9063,0,4,47.870299,47.970599,True,65-82-83-52-75-59-11-12-14-47-16-15-9-87-86-57-99-56-90-53-10-17-13-97-74-58-77-25-24-91-80|64-92-95-62-33-63-76-18-21-23-19-49-22-51-84-85-50-32-26-89-48-20-66|72-36-39-42-44-71-67-31-30-28-27-29-40-38-34-94-81-41-43-35-37-54-93-96|61-5-45-2-88-69-98-78-73-79-7-6-8-46-3-1-4-60-55-100-70-68
137,4,1357.5821,757.7611,60.0,862.9469,0,4,46.37829,46.470139,True,82-52-11-12-14-47-75-59-87-16-15-9-86-57-99-90-53-10-17-13-97-74-58-77-25-24-91|65-83-64-92-95-62-33-63-85-51-76-18-21-23-19-49-22-56-84-50-32-26-89-48-20-66|72-36-39-42-44-71-67-30-28-27-29-31-40-38-34-94-81-41-43-35-37-54-93-96-80|69-61-5-45-2-88-98-78-73-79-7-6-8-46-4-3-1-60-55-100-70-68
138,4,1357.5821,757.7611,60.0,862.9469,0,4,46.37829,46.470139,True,82-52-11-12-14-47-75-59-87-16-15-9-86-57-99-90-53-10-17-13-97-74-58-77-25-24-91|65-83-64-92-95-62-33-63-85-51-76-18-21-23-19-49-22-56-84-50-32-26-89-48-20-66|72-36-39-42-44-71-67-30-28-27-29-31-40-38-34-94-81-41-43-35-37-54-93-96-80|69-61-5-45-2-88-98-78-73-79-7-6-8-46-4-3-1-60-55-100-70-68
139,4,1357.78,752.9581,120.0,889.1378,0,4,45.65784,45.758957,True,82-14-47-75-59-52-99-78-16-15-11-9-87-86-57-56-90-53-10-13-97-74-17-58-77-25-48-24-91-80|65-83-64-92-95-62-67-33-63-51-76-18-21-23-19-49-22-84-85-50-34-32-26-89-20-66|72-36-39-44-42-71-31-30-28-27-29-94-81-61-38-40-41-43-35-37-54-93-96|69-98-12-88-45-5-2-6-7-73-79-8-46-4-3-1-60-55-100-70-68
140,4,1360.5523,753.0285,172.0,873.9063,0,4,45.6684,45.773273,True,65-83-52-82-47-14-12-11-59-75-87-16-15-9-99-86-57-84-56-90-53-10-17-13-97-74-58-77-25-24-91-80|64-92-95-62-33-63-85-51-18-21-23-19-49-22-76-50-34-32-26-89-48-20-66|72-39-36-44-42-38-31-29-27-28-30-67-71-61-81-94-41-43-35-37-54-93-96|69-98-2-45-5-40-88-78-73-79-7-6-8-46-4-3-1-60-55-100-70-68
141,4,1361.7097,734.2828,150.0,871.6808,0,4,42.856548,42.956423,True,83-52-59-11-15-16-47-14-12-53-88-98-75-87-86-99-90-57-97-24-66-56-91-80|82-65-64-95-92-67-62-63-76-85-51-18-21-23-19-49-22-20-84-50-34-32-26-89-48-25-77-58-74-13-17|39-36-44-42-72-33-30-28-27-29-31-71-94-38-40-41-81-43-35-37-54-93-96|69-61-2-45-5-8-7-79-73-9-10-78-6-4-1-3-46-60-55-100-70-68
142,4,1361.7097,734.2828,150.0,871.6808,0,4,42.856548,42.956423,True,83-52-59-11-15-16-47-14-12-53-88-98-75-87-86-99-90-57-97-24-66-56-91-80|82-65-64-95-92-67-62-63-76-85-51-18-21-23-19-49-22-20-84-50-34-32-26-89-48-25-77-58-74-13-17|39-36-44-42-72-33-30-28-27-29-31-71-94-38-40-41-81-43-35-37-54-93-96|69-61-2-45-5-8-7-79-73-9-10-78-6-4-1-3-46-60-55-100-70-68
143,4,1361.9222,596.4444,208.0,885.4958,0,4,41.356447,41.443583,True,2-45-5-12-14-47-16-15-11-59-87-99-52-86-75-97-9-10-17-13-74-58-77-25-48-24-91-80|65-83-64-95-92-67-62-63-85-51-76-18-21-23-19-49-22-57-56-84-50-34-32-26-89-20-66|29-69-98-82-53-88-78-73-79-7-6-8-46-3-43-35-37-54-96-93-68-55-100-70-1-4-60|42-72-31-27-28-33-30-71-39-36-40-44-38-41-61-81-94-90
144,4,1361.9222,596.4444,208.0,885.4958,0,4,41.356447,41.443583,True,2-45-5-12-14-47-16-15-11-59-87-99-52-86-75-97-9-10-17-13-74-58-77-25-48-24-91-80|65-83-64-95-92-67-62-63-85-51-76-18-21-23-19-49-22-57-56-84-50-34-32-26-89-20-66|29-69-98-82-53-88-78-73-79-7-6-8-46-3-43-35-37-54-96-93-68-55-100-70-1-4-60|42-72-31-27-28-33-30-71-39-36-40-44-38-41-61-81-94-90
145,4,1362.374,751.2067,135.0,873.9063,0,4,45.395141,45.496588,True,65-83-82-59-15-16-47-14-12-11-9-99-52-86-57-84-56-90-53-10-17-13-97-74-58-77-25-24-91-80|45-5-92-64-95-62-33-63-76-18-21-23-75-87-19-49-22-51-85-50-34-32-26-89-48-20-66|36-39-44-42-72-71-67-30-28-27-29-31-94-81-41-38-40-43-35-37-54-93-96|69-98-61-2-88-78-73-79-7-6-8-46-4-3-1-60-55-100-70-68
146,4,1362.7612,750.0754,131.0,891.2363,0,4,45.225439,45.329033,True,95-65-83-52-11-12-14-47-75-59-87-16-15-9-86-57-99-56-90-53-10-17-13-97-74-58-77-25-48-24-91-80|92-63-72-36-39-44-42-71-31-29-27-28-30-67-94-81-61-41-38-40-43-35-37-54-93-96|33-62-82-69-98-88-2-45-5-8-79-73-78-7-6-46-4-3-1-60-55-100-70-68|64-51-76-18-21-23-19-49-22-84-85-50-34-32-26-89-20-66
147,4,1363.6381,749.9427,123.0,873.9063,0,4,45.20553,45.305967,True,65-82-52-11-12-14-47-75-59-87-16-15-9-99-86-57-84-56-90-53-10-17-13-97-74-58-77-25-24-91-80|83-64-92-95-62-63-51-19-18-21-23-22-49-76-85-50-32-26-89-48-20-66|39-36-42-44-72-71-67-33-30-28-27-29-31-41-38-40-81-94-34-37-35-43-54-93-96|69-98-61-5-45-2-88-78-73-79-7-6-8-46-4-3-1-60-55-100-70-68
148,4,1367.1208,775.7719,295.0,851.7277,0,4,49.079912,49.199141,True,65-52-59-75-11-15-16-47-14-12-73-79-6-88-90-57-86-87-97-9-10-13-17-60-4-1-70-55-68-100|69-98-82-99-83-64-22-19-21-18-76-85-67-84-51-49-66-56-32-89-20-24-48-25-77-58-74|2-45-5-71-72-42-39-38-36-40-44-41-61-81-53-78-7-8-46-3-43-35-37-54-93-96|92-95-62-23-63-33-30-31-29-27-28-26-34-50-94-91-80
149,4,1368.9951,726.1241,161.0,891.2363,0,4,43.478319,43.58319,True,65-83-82-75-59-15-16-47-14-12-11-9-52-99-87-86-57-84-56-90-53-10-17-13-97-74-58-77-25-48-24-91-80|64-92-95-62-33-63-76-18-21-23-19-49-22-20-51-85-50-32-26-89-66|72-36-39-42-44-71-67-30-28-27-29-31-40-38-34-94-81-41-43-35-37-54-93-96|69-61-5-45-2-88-98-78-73-79-7-6-8-46-4-3-1-60-55-100-70-68
150,4,1369.3293,732.7536,160.0,891.2363,0,4,43.578582,43.684447,True,65-82-52-12-14-47-16-75-59-87-9-15-11-99-86-57-84-56-90-53-10-17-13-97-74-58-77-25-48-24-91-80|5-45-83-64-92-95-62-63-51-18-21-23-19-49-22-76-85-50-34-32-26-89-20-66|39-36-42-44-72-71-67-33-30-28-27-29-31-38-40-41-94-96-81-43-35-37-54-93|69-98-61-2-6-88-78-73-79-7-8-46-4-3-1-60-55-100-70-68
151,4,1370.8278,746.9923,133.0,891.2363,0,4,44.762982,44.868733,True,65-82-52-12-14-47-16-75-59-87-9-15-11-99-86-57-84-56-90-53-10-17-13-97-74-58-77-25-48-24-91-80|72-36-39-42-44-71-67-30-28-27-29-31-40-38-34-94-81-41-43-35-37-54-93-96|69-98-61-2-45-5-8-7-79-73-78-88-6-4-1-3-46-60-55-100-70-68|83-64-92-95-62-33-63-85-76-18-21-23-19-49-22-20-51-50-32-26-89-66
152,4,1374.6904,740.6527,130.0,862.9469,0,4,45.18693,45.288345,True,65-83-82-52-11-12-14-47-75-59-87-16-15-9-99-86-57-84-56-90-53-10-17-13-97-74-58-77-25-24-91|92-64-95-62-33-76-63-85-51-18-21-23-19-49-22-50-32-26-89-48-20-66|42-39-36-72-31-29-27-28-30-67-61-44-40-38-71-34-94-81-41-43-35-37-54-93-96-80|69-98-88-2-45-5-8-79-73-78-7-6-46-4-3-1-60-55-100-70-68
153,4,1374.6904,740.6527,130.0,862.9469,0,4,45.18693,45.288345,True,65-83-82-52-11-12-14-47-75-59-87-16-15-9-99-86-57-84-56-90-53-10-17-13-97-74-58-77-25-24-91|92-64-95-62-33-76-63-85-51-18-21-23-19-49-22-50-32-26-89-48-20-66|42-39-36-72-31-29-27-28-30-67-61-44-40-38-71-34-94-81-41-43-35-37-54-93-96-80|69-98-88-2-45-5-8-79-73-78-7-6-46-4-3-1-60-55-100-70-68
154,4,1376.6116,753.3966,97.0,873.9063,0,4,45.763287,45.865534,True,65-83-82-52-11-12-14-47-75-59-87-16-15-9-86-57-99-90-53-10-17-13-97-74-58-77-25-24-91-80|64-92-95-62-33-63-76-18-21-23-19-49-22-51-84-85-50-32-26-89-48-20-66|72-36-39-42-44-71-67-30-28-27-29-31-40-38-34-94-81-41-43-35-37-54-96-93-56|69-61-5-45-2-88-98-78-73-79-7-6-8-46-4-3-1-60-55-100-70-68
155,4,1376.9106,735.926,141.0,891.2363,0,4,45.852987,45.959702,True,45-82-52-12-14-47-75-59-87-9-16-15-11-99-86-57-84-56-90-53-10-17-13-97-74-58-77-25-48-24-91-80|65-83-64-92-95-62-33-63-51-18-21-23-19-49-22-76-85-50-34-32-26-89-20-66|72-36-39-44-42-71-67-31-30-28-27-29-94-81-41-38-40-35-37-43-54-93-96|69-98-88-73-5-2-61-78-79-7-6-8-46-4-3-1-60-55-100-70-68
156,4,1377.4861,630.1075,202.0,912.7405,0,4,46.025623,46.125964,True,92-95-64-83-52-82-69-98-88-79-73-78-53-99-57-86-10-9-97-87-74-24-20-89-48-25-77-58-13-17-60-100|5-45-2-44-42-39-67-62-63-85-51-18-49-22-84-94-81-90-66-56-96-54-37-35-43-1-4-70-68|65-11-12-14-47-16-15-59-75-23-21-19-76-30-32-26-34-50-93-91-80|33-28-27-29-31-71-72-36-40-38-41-61-3-46-8-7-6-55
157,4,1377.4861,630.1075,202.0,912.7405,0,4,46.025623,46.125964,True,92-95-64-83-52-82-69-98-88-79-73-78-53-99-57-86-10-9-97-87-74-24-20-89-48-25-77-58-13-17-60-100|5-45-2-44-42-39-67-62-63-85-51-18-49-22-84-94-81-90-66-56-96-54-37-35-43-1-4-70-68|65-11-12-14-47-16-15-59-75-23-21-19-76-30-32-26-34-50-93-91-80|33-28-27-29-31-71-72-36-40-38-41-61-3-46-8-7-6-55
158,4,1378.3099,728.5235,288.0,851.7277,0,4,46.272771,46.387569,True,65-82-52-59-75-11-15-16-47-14-12-53-6-81-90-57-86-87-97-9-10-13-17-60-4-1-100-70-68|5-45-2-98-69-61-88-99-83-64-22-23-21-18-19-49-76-85-51-66-56-84-32-89-20-24-48-25-77-58-74|71-72-42-39-38-36-40-44-41-78-73-79-7-8-3-46-55-43-35-37-54-93-96|92-95-63-33-62-67-31-29-27-30-28-26-34-50-94-91-80
159,4,1378.3099,728.5235,288.0,851.7277,0,4,46.272771,46.387569,True,65-82-52-59-75-11-15-16-47-14-12-53-6-81-90-57-86-87-97-9-10-13-17-60-4-1-100-70-68|5-45-2-98-69-61-88-99-83-64-22-23-21-18-19-49-76-85-51-66-56-84-32-89-20-24-48-25-77-58-74|71-72-42-39-38-36-40-44-41-78-73-79-7-8-3-46-55-43-35-37-54-93-96|92-95-63-33-62-67-31-29-27-30-28-26-34-50-94-91-80
160,4,1378.442,540.5959,452.0,891.2363,0,4,46.312387,46.421362,True,2-45-5-14-47-16-15-59-75-87-9-99-90-61-41-38-40-55-10-17-13-97-74-58-77-25-48-24-91-80|52-83-64-95-62-63-85-51-76-18-21-23-19-49-22-86-57-56-84-50-34-32-26-89-20-66|42-39-36-44-72-92-65-82-69-98-88-53-11-12-78-73-79-7-6-8-46-3-43-35-37-54-93-96-68-70-1-4-60-100|71-33-30-28-27-29-31-67-94-81
161,4,1378.442,540.5959,452.0,891.2363,0,4,46.312387,46.421362,True,2-45-5-14-47-16-15-59-75-87-9-99-90-61-41-38-40-55-10-17-13-97-74-58-77-25-48-24-91-80|52-83-64-95-62-63-85-51-76-18-21-23-19-49-22-86-57-56-84-50-34-32-26-89-20-66|42-39-36-44-72-92-65-82-69-98-88-53-11-12-78-73-79-7-6-8-46-3-43-35-37-54-93-96-68-70-1-4-60-100|71-33-30-28-27-29-31-67-94-81
162,4,1379.3405,745.001,120.0,873.9063,0,4,46.581949,46.686055,True,65-82-52-12-14-47-16-75-59-87-9-15-11-99-86-57-84-56-90-53-10-17-13-97-74-58-77-25-24-91-80|83-64-92-95-62-33-63-51-18-21-23-19-49-22-76-85-50-32-26-89-48-20-66|72-36-39-42-44-71-67-30-28-27-29-31-40-38-34-94-81-41-43-35-37-54-93-96|61-5-45-2-88-69-98-78-73-79-7-6-8-46-3-1-4-60-55-100-70-68
163,4,1380.5306,730.6434,118.0,892.9667,0,4,46.938969,47.043938,True,95-64-83-82-99-52-57-86-53-10-9-97-87-74-24-20-89-48-25-77-58-13-17-60|65-14-2-45-5-44-42-39-36-72-61-81-90-84-51-18-49-22-66-56-94-96-54-37-35-43-68-80-91|92-63-33-28-27-29-31-62-67-71-41-38-40-88-78-73-7-79-6-8-46-4-3-1-70-100-55|69-98-11-12-47-16-15-59-75-23-21-19-76-85-30-32-26-34-50-93
164,4,1381.732,492.4051,546.0,942.5353,0,4,47.29941,47.419238,True,92-95-83-64-82-69-98-88-2-45-5-8-6-7-79-73-78-53-99-57-86-87-9-10-13-97-74-24-20-48-25-77-58-17-60-100-70-80|63-33-28-27-29-42-44-39-38-36-40-61-81-94-67-84-51-18-49-22-56-96-68-55-46-4-3-1-43-35-37-54-93-91|65-52-11-12-14-47-16-15-59-75-23-21-19-76-85-50-34-32-26-89-66|62-30-31-71-72-41-90
165,4,1382.984,730.5967,141.0,873.9063,0,4,47.675005,47.780144,True,65-83-82-59-75-15-16-47-14-12-11-9-99-52-87-86-57-84-56-90-53-10-17-13-97-74-58-77-25-24-91-80|64-92-95-62-33-63-85-51-18-21-23-19-49-22-76-50-32-26-89-48-20-66|72-36-39-42-44-71-67-30-28-27-29-31-40-38-34-94-81-41-43-35-37-54-93-96|69-61-5-45-2-88-98-78-73-79-7-6-8-46-4-3-1-60-55-100-70-68
166,4,1383.2726,730.3082,116.0,873.9063,0,4,47.761571,47.864253,True,65-83-82-52-11-12-14-47-75-59-87-16-15-9-86-57-99-56-90-53-10-17-13-97-74-58-77-25-24-91-80|64-92-95-62-33-63-76-18-21-23-19-49-22-51-84-85-50-32-26-89-48-20-66|72-36-39-42-44-71-67-30-28-27-29-31-40-38-34-94-81-41-43-35-37-54-93-96|69-61-5-45-2-88-98-78-73-79-7-6-8-46-4-3-1-60-55-100-70-68
167,4,1383.2726,730.3082,116.0,873.9063,0,4,47.761571,47.864253,True,65-83-82-52-11-12-14-47-75-59-87-16-15-9-86-57-99-56-90-53-10-17-13-97-74-58-77-25-24-91-80|64-92-95-62-33-63-76-18-21-23-19-49-22-51-84-85-50-32-26-89-48-20-66|72-36-39-42-44-71-67-30-28-27-29-31-40-38-34-94-81-41-43-35-37-54-93-96|69-61-5-45-2-88-98-78-73-79-7-6-8-46-4-3-1-60-55-100-70-68
168,4,1384.2903,503.2762,398.0,892.9667,0,4,48.066881,48.166873,True,95-64-83-65-82-98-88-79-73-78-53-99-86-10-9-97-87-74-24-20-89-48-25-77-58-13-17-60|5-45-2-42-44-39-36-72-63-85-76-18-21-23-19-49-22-51-84-56-66-94-96-54-37-35-43-1-4-100-70-68|92-62-33-30-28-27-29-31-71-81-61-41-38-40-3-46-8-7-6-55-50-32-26-34-93-91-80|69-12-14-47-16-15-11-59-75-52-57-67-90
169,4,1384.2903,503.2762,398.0,892.9667,0,4,48.066881,48.166873,True,95-64-83-65-82-98-88-79-73-78-53-99-86-10-9-97-87-74-24-20-89-48-25-77-58-13-17-60|5-45-2-42-44-39-36-72-63-85-76-18-21-23-19-49-22-51-84-56-66-94-96-54-37-35-43-1-4-100-70-68|92-62-33-30-28-27-29-31-71-81-61-41-38-40-3-46-8-7-6-55-50-32-26-34-93-91-80|69-12-14-47-16-15-11-59-75-52-57-67-90
170,4,1384.7386,710.3805,161.0,891.2363,0,4,48.20138,48.308612,True,65-83-82-52-11-12-14-47-75-59-87-16-15-9-99-86-57-84-56-90-53-10-17-13-97-74-58-77-25-48-24-91-80|72-36-39-42-44-71-67-30-28-27-29-31-40-38-34-94-81-41-43-35-37-54-93-96|69-61-5-45-2-88-98-78-73-79-7-6-8-46-4-3-1-60-55-100-70-68|64-92-95-62-33-63-85-76-18-21-23-19-49-22-20-51-50-32-26-89-66
171,4,1385.2558,728.325,146.0,873.9063,0,4,48.35654,48.462519,True,65-83-82-52-11-12-14-47-16-75-59-87-15-9-99-86-57-84-56-90-10-17-13-97-74-58-77-25-24-91-80|92-95-62-33-63-76-64-23-21-18-19-49-22-51-85-50-34-32-26-89-48-20-66|69-61-5-45-2-88-98-53-78-73-79-7-6-8-46-4-3-1-60-55-100-70-68|39-27-28-31-71-72-42-44-36-38-29-30-67-94-81-41-40-43-35-37-54-93-96
172,4,1385.263,739.1239,111.0,880.2769,0,4,48.358704,48.463761,True,45-82-52-12-14-47-75-59-87-9-16-15-11-86-57-99-53-10-17-13-97-74-58-77-25-48-24-91|5-65-83-64-92-95-33-63-76-18-21-23-19-49-22-20-51-85-84-50-34-32-26-89-56-66|72-36-39-44-42-71-29-27-28-30-31-62-67-94-41-38-40-43-35-37-54-93-96-80|69-98-88-73-79-7-2-61-81-90-78-6-8-46-4-3-1-60-55-100-70-68
173,4,1385.263,739.1239,111.0,880.2769,0,4,48.358704,48.463761,True,45-82-52-12-14-47-75-59-87-9-16-15-11-86-57-99-53-10-17-13-97-74-58-77-25-48-24-91|5-65-83-64-92-95-33-63-76-18-21-23-19-49-22-20-51-85-84-50-34-32-26-89-56-66|72-36-39-44-42-71-29-27-28-30-31-62-67-94-41-38-40-43-35-37-54-93-96-80|69-98-88-73-79-7-2-61-81-90-78-6-8-46-4-3-1-60-55-100-70-68
174,4,1385.9074,726.9292,156.0,891.2363,0,4,48.552021,48.661586,True,65-83-82-52-11-12-14-47-75-59-87-16-15-9-99-86-57-84-56-90-10-17-13-97-74-58-77-25-48-24-91-80|92-64-95-62-33-63-76-18-21-23-19-49-22-51-85-50-32-26-89-20-66|72-36-39-42-44-71-67-30-28-27-29-31-40-38-34-94-81-41-43-35-37-54-93-96|69-61-5-45-2-88-98-53-78-73-79-7-6-8-46-4-3-1-60-55-100-70-68
175,4,1386.3362,720.7303,146.0,891.2363,0,4,48.680657,48.78842,True,82-52-11-14-47-15-16-75-59-87-9-99-86-57-51-84-56-90-53-10-17-13-97-74-58-77-25-48-24-91-80|92-42-39-36-72-71-33-30-28-27-29-31-38-40-44-81-94-96-41-43-35-37-54-93|95-63-83-65-98-69-61-2-45-5-8-7-79-73-78-12-88-6-4-1-3-46-60-55-100-70-68|67-62-76-18-21-23-19-22-64-20-49-85-50-34-32-26-89-66
176,4,1386.8142,546.302,340.0,940.0335,0,4,48.824057,48.932519,True,95-62-64-83-65-82-98-88-45-5-8-2-7-79-73-78-53-99-86-10-9-87-97-74-49-24-20-89-48-25-77-58-13-17-60-100-70|42-39-36-72-63-76-21-23-18-19-22-51-84-94-81-61-54-37-35-43-1-4-55-68|92-33-30-28-27-29-31-71-41-38-40-44-3-46-6-90|69-12-14-47-16-15-11-59-75-52-57-85-67-34-26-32-50-56-66-91-93-96-80
177,4,1386.8142,546.302,340.0,940.0335,0,4,48.824057,48.932519,True,95-62-64-83-65-82-98-88-45-5-8-2-7-79-73-78-53-99-86-10-9-87-97-74-49-24-20-89-48-25-77-58-13-17-60-100-70|42-39-36-72-63-76-21-23-18-19-22-51-84-94-81-61-54-37-35-43-1-4-55-68|92-33-30-28-27-29-31-71-41-38-40-44-3-46-6-90|69-12-14-47-16-15-11-59-75-52-57-85-67-34-26-32-50-56-66-91-93-96-80
178,4,1387.7251,741.4604,263.0,851.7277,0,4,49.097315,49.214379,True,65-52-59-75-11-15-16-47-14-12-73-79-6-90-57-86-87-97-9-10-13-17-60-4-1-70-55-100|69-98-82-99-83-64-22-23-21-18-19-49-76-51-85-94-66-56-84-89-20-24-48-25-77-58-74|2-45-5-71-72-42-39-38-36-40-44-41-81-61-88-53-78-7-8-46-3-43-35-37-54-93-68|92-95-33-63-62-67-31-29-27-30-28-96-26-32-34-50-91-80
179,4,1387.8731,725.7077,218.0,873.9063,0,4,49.141719,49.255291,True,65-83-82-52-11-12-14-47-75-59-87-16-15-9-99-86-57-84-56-90-53-10-17-13-97-74-58-77-25-24-91-80|64-92-95-62-31-33-63-85-51-18-21-23-19-49-22-76-81-94-50-34-32-26-89-48-20-66|69-71-61-5-45-2-88-98-78-73-79-7-6-8-46-4-3-1-60-55-100-70-68|42-39-72-29-27-28-30-67-36-40-44-38-43-41-35-37-54-93-96
180,4,1388.9611,724.6196,120.0,873.9063,0,4,49.468135,49.57207,True,65-82-52-12-14-47-75-59-87-9-16-15-11-99-86-57-84-56-90-53-10-17-13-97-74-58-77-25-24-91-80|83-64-92-95-62-33-63-51-18-21-23-19-49-22-76-85-50-32-26-89-48-20-66|72-36-39-42-44-71-67-31-30-28-27-29-40-38-34-94-81-41-43-35-37-54-93-96|69-98-61-2-45-5-8-7-79-73-78-88-6-46-4-3-1-60-55-100-70-68
181,4,1389.9785,754.5778,71.0,852.7842,0,4,49.773336,49.874002,True,65-83-82-52-11-12-14-47-75-59-87-16-15-9-86-57-99-90-53-10-17-13-97-58-77-25-24-74|92-95-62-33-76-63-85-64-23-21-18-19-49-22-51-84-56-50-32-26-89-48-20-66-91-80|72-36-39-42-44-71-67-30-28-27-29-31-40-38-34-94-81-41-43-35-37-54-93-96|69-98-61-2-45-5-8-7-79-73-78-88-6-4-1-3-46-60-55-100-70-68
182,4,1389.9785,754.5778,71.0,852.7842,0,4,49.773336,49.874002,True,65-83-82-52-11-12-14-47-75-59-87-16-15-9-86-57-99-90-53-10-17-13-97-58-77-25-24-74|92-95-62-33-76-63-85-64-23-21-18-19-49-22-51-84-56-50-32-26-89-48-20-66-91-80|72-36-39-42-44-71-67-30-28-27-29-31-40-38-34-94-81-41-43-35-37-54-93-96|69-98-61-2-45-5-8-7-79-73-78-88-6-4-1-3-46-60-55-100-70-68
183,4,1390.1418,731.1083,110.0,926.3377,0,4,49.822324,49.934452,True,82-11-12-14-47-16-15-59-87-52-64-57-86-51-84-56-90-53-10-17-13-97-74-58-77-25-48-24-91-93-80|92-33-30-28-27-29-31-67-71-38-40-44-41-61-81-94-96-54-37-35-43-70-100-68|95-83-65-69-98-88-2-45-5-8-7-79-73-9-78-6-4-1-3-46-60-55|42-39-36-72-62-63-76-19-18-21-23-75-99-22-20-49-85-50-34-32-26-89-66
184,4,1390.1418,731.1083,110.0,926.3377,0,4,49.822324,49.934452,True,82-11-12-14-47-16-15-59-87-52-64-57-86-51-84-56-90-53-10-17-13-97-74-58-77-25-48-24-91-93-80|92-33-30-28-27-29-31-67-71-38-40-44-41-61-81-94-96-54-37-35-43-70-100-68|95-83-65-69-98-88-2-45-5-8-7-79-73-9-78-6-4-1-3-46-60-55|42-39-36-72-62-63-76-19-18-21-23-75-99-22-20-49-85-50-34-32-26-89-66
185,4,1390.2162,744.4329,239.0,851.7277,0,4,49.844669,49.960526,True,65-83-82-52-59-75-11-15-16-73-79-78-53-99-76-57-86-87-97-9-10-13-17-60-55|42-5-45-47-14-12-88-98-69-61-81-64-22-23-21-18-19-49-51-85-84-56-66-94-89-20-24-48-25-77-58-74|92-95-63-62-67-33-30-31-29-27-28-26-32-34-50-93-54-96-91-80|71-72-39-38-36-40-44-2-6-7-8-3-90-41-37-35-43-46-4-1-100-70-68
186,4,1391.0078,728.2444,194.0,847.4238,0,4,50.082138,50.190659,True,65-83-52-59-75-11-15-16-47-14-12-82-99-64-84-94-57-86-87-97-9-10-13-17-60-66|5-45-2-72-61-67-30-33-85-22-23-21-18-19-76-51-50-34-26-32-49-24-20-89-48-25-77-58-74|62-90-69-98-88-53-78-73-79-7-6-8-46-4-3-1-70-100-55-68|92-95-63-28-27-29-31-71-42-39-38-36-40-41-81-44-43-35-37-54-96-93-56-91-80
187,4,1391.0078,728.2444,194.0,847.4238,0,4,50.082138,50.190659,True,65-83-52-59-75-11-15-16-47-14-12-82-99-64-84-94-57-86-87-97-9-10-13-17-60-66|5-45-2-72-61-67-30-33-85-22-23-21-18-19-76-51-50-34-26-32-49-24-20-89-48-25-77-58-74|62-90-69-98-88-53-78-73-79-7-6-8-46-4-3-1-70-100-55-68|92-95-63-28-27-29-31-71-42-39-38-36-40-41-81-44-43-35-37-54-96-93-56-91-80
188,4,1394.1029,656.1858,242.0,865.2174,0,4,51.010661,51.11677,True,95-64-83-52-99-82-98-88-2-7-79-73-78-53-10-9-87-86-74-77-58-97-13-17-60-100-70|42-44-39-36-72-71-67-62-84-85-51-18-49-22-57-56-81-94-96-54-37-35-43-1-4-55-68|69-65-11-12-14-47-16-15-59-75-23-21-19-76-30-32-26-34-50-89-20-48-25-24-91-93-80|92-63-33-28-27-29-31-61-45-5-41-38-40-3-46-8-6-90-66
189,4,1394.1029,656.1858,242.0,865.2174,0,4,51.010661,51.11677,True,95-64-83-52-99-82-98-88-2-7-79-73-78-53-10-9-87-86-74-77-58-97-13-17-60-100-70|42-44-39-36-72-71-67-62-84-85-51-18-49-22-57-56-81-94-96-54-37-35-43-1-4-55-68|69-65-11-12-14-47-16-15-59-75-23-21-19-76-30-32-26-34-50-89-20-48-25-24-91-93-80|92-63-33-28-27-29-31-61-45-5-41-38-40-3-46-8-6-90-66
190,4,1394.38,719.2008,116.0,873.9063,0,4,51.09379,51.198138,True,65-83-82-52-11-12-14-47-75-59-87-16-15-9-99-86-57-56-90-53-10-17-13-97-74-58-77-25-24-91-80|92-64-95-62-33-76-63-85-51-18-21-23-19-49-22-84-50-32-26-89-48-20-66|72-36-39-42-44-71-67-30-28-27-29-31-40-38-34-94-81-41-43-35-37-54-93-96|69-61-5-45-2-88-98-78-73-79-7-6-8-46-4-3-1-60-55-100-70-68
191,4,1394.4272,719.1536,141.0,873.9063,0,4,51.107962,51.214817,True,65-83-82-52-11-12-14-47-75-59-87-16-15-9-99-86-57-84-56-90-53-10-17-13-97-74-58-77-25-24-91-80|64-92-95-62-33-63-85-51-18-21-23-19-49-22-76-50-32-26-89-48-20-66|72-36-39-42-44-71-67-30-28-27-29-31-40-38-34-94-81-41-43-35-37-54-93-96|61-5-45-2-88-69-98-78-73-79-7-6-8-46-4-3-1-60-55-100-70-68
192,4,1395.9705,592.3953,268.0,884.6983,0,4,51.570937,51.67356,True,64-83-82-98-88-7-8-79-73-78-53-99-57-86-10-9-87-97-74-24-20-48-25-77-58-13-17-60-100-70|42-39-36-72-92-95-63-33-30-28-27-29-31-67-62-22-66-56-94-96-37-35-43-1-4-55-68|65-52-59-11-12-14-47-15-16-75-23-21-18-19-49-76-51-84-85-50-34-32-26-89-93-54-91-80|69-2-45-5-61-81-71-41-44-38-40-3-46-6-90
193,4,1395.9705,592.3953,268.0,884.6983,0,4,51.570937,51.67356,True,64-83-82-98-88-7-8-79-73-78-53-99-57-86-10-9-87-97-74-24-20-48-25-77-58-13-17-60-100-70|42-39-36-72-92-95-63-33-30-28-27-29-31-67-62-22-66-56-94-96-37-35-43-1-4-55-68|65-52-59-11-12-14-47-15-16-75-23-21-18-19-49-76-51-84-85-50-34-32-26-89-93-54-91-80|69-2-45-5-61-81-71-41-44-38-40-3-46-6-90
194,4,1396.3557,717.225,148.0,873.9063,0,4,51.686515,51.794359,True,69-82-52-12-14-47-75-59-87-16-15-11-9-99-86-57-84-56-90-10-17-13-97-74-58-77-25-24-91-80|92-65-83-64-95-62-33-76-63-85-18-21-23-19-49-22-51-50-32-26-89-48-20-66|72-36-39-42-44-71-67-30-28-27-29-31-40-38-34-94-81-41-43-35-37-54-93-96|61-5-45-2-88-98-53-78-73-79-7-6-8-46-4-3-1-60-55-100-70-68
195,4,1396.7611,702.7569,177.0,891.2363,0,4,51.808114,51.919409,True,65-83-82-52-11-12-14-47-75-59-87-16-15-9-99-86-57-84-56-90-53-10-17-13-97-74-58-77-25-48-24-91-80|72-36-39-42-44-71-67-30-28-27-29-31-40-38-34-94-81-41-43-35-37-54-96-93-66|69-61-5-45-2-88-98-78-73-79-7-6-8-46-4-3-1-60-55-100-70-68|64-92-95-62-33-63-76-18-21-23-19-49-22-20-51-85-50-32-26-89
196,4,1397.0751,716.5057,141.0,873.9063,0,4,51.902324,52.009577,True,65-83-82-52-11-12-14-47-75-59-87-16-15-9-99-86-57-84-56-90-53-10-17-13-97-74-58-77-25-24-91-80|92-64-95-62-33-76-63-85-18-21-23-19-49-22-51-50-32-26-89-48-20-66|42-39-36-72-71-67-30-28-27-29-31-38-40-44-81-94-34-41-43-35-37-54-93-96|69-61-5-45-2-88-98-78-73-79-7-6-8-46-4-3-1-60-55-100-70-68
197,4,1397.5288,745.4446,73.0,838.7137,0,4,52.038452,52.138102,True,65-83-52-82-98-12-14-47-16-15-59-75-87-11-86-57-97-58-77-25-74-13-17|64-92-95-62-33-63-76-18-21-23-19-49-22-20-51-85-84-50-32-26-89-48-24-66|72-36-39-42-44-71-67-30-28-27-29-31-40-38-34-94-81-41-43-35-37-54-96-93-56-91-80|69-61-2-45-5-8-7-79-73-78-88-90-99-9-10-53-6-4-1-3-46-60-55-100-70-68
198,4,1397.5288,745.4446,73.0,838.7137,0,4,52.038452,52.138102,True,65-83-52-82-98-12-14-47-16-15-59-75-87-11-86-57-97-58-77-25-74-13-17|64-92-95-62-33-63-76-18-21-23-19-49-22-20-51-85-84-50-32-26-89-48-24-66|72-36-39-42-44-71-67-30-28-27-29-31-40-38-34-94-81-41-43-35-37-54-96-93-56-91-80|69-61-2-45-5-8-7-79-73-78-88-90-99-9-10-53-6-4-1-3-46-60-55-100-70-68
199,4,1397.6517,733.5113,115.0,891.2363,0,4,52.075306,52.185282,True,82-52-12-14-47-75-59-87-9-11-15-16-73-99-57-56-90-53-10-17-13-97-74-58-77-25-48-24-91-80|65-83-64-95-92-67-62-63-51-18-21-23-86-22-49-19-76-85-84-81-50-34-32-26-89-20-66|72-39-36-44-42-71-31-30-33-28-27-29-61-40-38-94-41-43-35-37-54-93-96|69-98-88-45-5-2-6-78-79-7-8-46-4-3-1-60-55-100-70-68
200,4,1397.908,722.128,235.0,851.7277,0,4,52.152193,52.266612,True,65-83-52-59-75-11-15-16-47-14-12-82-99-57-86-87-97-9-13-10-17-60-4-1-70-55-68-100|69-98-2-45-5-42-39-81-64-22-23-21-18-19-49-51-66-56-84-89-20-24-48-25-77-58-74|92-95-31-29-27-28-30-33-76-63-85-62-67-94-71-61-6-46-3-43-37-26-32-34-50-93-96-91-80|72-38-36-40-44-8-7-79-73-78-88-53-90-41-35-54
201,4,1398.4275,539.6861,349.0,927.6241,0,4,52.308062,52.418055,True,92-64-83-65-82-98-88-2-45-5-8-7-79-73-78-53-99-57-10-9-87-97-74-24-20-89-48-25-77-58-13-17-60-100-70|14-47-39-36-44-42-72-67-62-63-76-18-21-23-19-49-22-84-94-96-81-68-55-4-1-43-35-37-54-93-80|95-33-28-27-29-31-71-61-41-38-40-3-46-6-90|69-12-11-15-16-75-59-86-52-51-85-30-32-26-34-50-56-91-66
202,4,1398.4275,539.6861,349.0,927.6241,0,4,52.308062,52.418055,True,92-64-83-65-82-98-88-2-45-5-8-7-79-73-78-53-99-57-10-9-87-97-74-24-20-89-48-25-77-58-13-17-60-100-70|14-47-39-36-44-42-72-67-62-63-76-18-21-23-19-49-22-84-94-96-81-68-55-4-1-43-35-37-54-93-80|95-33-28-27-29-31-71-61-41-38-40-3-46-6-90|69-12-11-15-16-75-59-86-52-51-85-30-32-26-34-50-56-91-66
203,4,1398.5379,715.0429,141.0,873.9063,0,4,52.341156,52.448628,True,65-83-82-52-11-12-14-47-75-59-87-16-15-9-99-86-57-84-56-90-53-10-17-13-97-74-58-77-25-24-91-80|64-92-95-62-33-63-85-51-18-21-23-19-49-22-76-50-32-26-89-48-20-66|72-36-39-42-44-71-67-30-28-27-29-31-40-38-34-94-81-41-43-35-37-54-93-96|69-98-61-2-45-5-8-7-79-73-78-88-6-46-4-3-1-60-55-100-70-68
204,4,1398.9572,714.6235,151.0,873.9063,0,4,52.466967,52.575501,True,65-83-82-52-11-12-14-47-75-59-87-16-15-9-99-86-57-84-56-90-53-10-17-13-97-74-58-77-25-24-91-80|92-95-62-63-51-64-23-21-18-19-49-22-76-85-50-32-26-89-48-20-66|42-39-36-72-71-67-33-30-28-27-29-31-40-38-34-94-81-41-43-35-37-54-93-96|69-98-44-61-5-45-2-88-78-73-79-7-6-8-46-4-3-1-60-55-100-70-68
205,4,1399.0454,714.5354,141.0,873.9063,0,4,52.493404,52.600952,True,65-83-82-52-11-12-14-47-75-59-87-16-15-9-99-86-57-84-56-90-53-10-17-13-97-74-58-77-25-24-91-80|64-92-95-62-33-63-85-51-18-21-23-19-49-22-76-50-32-26-89-48-20-66|72-36-39-42-44-71-67-30-28-27-29-31-40-38-34-94-81-41-43-35-37-54-93-96|69-61-5-45-2-88-98-78-73-79-7-6-8-46-4-3-1-60-55-100-70-68
206,4,1400.0274,713.5534,141.0,873.9063,0,4,52.788016,52.895711,True,65-83-82-52-11-12-14-47-75-59-87-16-15-9-99-86-57-84-56-90-53-10-17-13-97-74-58-77-25-24-91-80|64-92-95-62-33-63-85-51-18-23-21-19-49-22-76-50-32-26-89-48-20-66|72-36-39-42-44-71-67-30-28-27-29-31-40-38-34-94-81-41-43-35-37-54-93-96|69-61-5-45-2-88-98-78-73-79-7-6-8-46-4-3-1-60-55-100-70-68
207,4,1400.1801,713.4007,141.0,873.9063,0,4,52.833826,52.941544,True,65-83-82-52-11-12-14-47-75-59-87-16-15-9-99-86-57-84-56-90-53-10-17-13-97-74-58-77-25-24-91-80|64-92-95-62-33-63-85-51-18-21-23-19-49-22-76-50-32-26-89-48-20-66|72-36-39-42-44-71-67-30-28-27-29-31-40-38-34-94-81-41-43-35-37-54-93-96|69-61-45-5-2-88-98-78-73-79-7-6-8-46-4-3-1-60-55-100-70-68
208,4,1400.1946,713.3861,112.0,873.9063,0,4,52.838184,52.943004,True,65-83-82-11-47-14-12-15-16-59-75-87-86-52-99-57-84-56-90-53-10-17-13-97-74-58-77-25-24-91-80|92-64-95-62-33-76-63-85-51-18-21-23-19-49-22-67-50-32-26-89-48-20-66|72-36-39-44-42-61-71-31-29-27-28-30-81-41-40-38-34-94-54-43-35-37-93-96|69-98-2-45-5-8-79-73-78-9-88-6-7-46-4-3-1-60-55-100-70-68
209,4,1400.1946,713.3861,112.0,873.9063,0,4,52.838184,52.943004,True,65-83-82-11-47-14-12-15-16-59-75-87-86-52-99-57-84-56-90-53-10-17-13-97-74-58-77-25-24-91-80|92-64-95-62-33-76-63-85-51-18-21-23-19-49-22-67-50-32-26-89-48-20-66|72-36-39-44-42-61-71-31-29-27-28-30-81-41-40-38-34-94-54-43-35-37-93-96|69-98-2-45-5-8-79-73-78-9-88-6-7-46-4-3-1-60-55-100-70-68
210,4,1400.2979,713.2829,127.0,873.9063,0,4,52.869165,52.9755,True,65-82-52-11-12-14-47-15-75-59-87-16-9-99-86-57-84-56-90-53-10-17-13-97-74-58-77-25-24-91-80|83-64-95-62-33-76-63-85-51-18-21-23-19-49-22-50-32-26-89-48-20-66|92-72-36-39-42-44-71-67-30-28-27-29-31-40-38-34-94-81-41-43-35-37-54-93-96|69-61-5-45-2-88-98-78-73-79-7-6-8-46-4-3-1-60-55-100-70-68
211,4,1400.4903,586.2246,356.0,919.5065,0,4,52.926889,53.043963,True,92-95-64-83-65-69-98-88-2-6-7-79-73-78-53-99-57-86-87-9-10-13-97-74-24-20-48-25-77-58-17-60-100-70|72-36-39-44-42-71-67-62-63-85-51-18-49-22-84-94-96-81-68-55-4-1-43-35-37-54-93-80|82-52-11-12-14-47-16-15-59-75-23-21-19-76-30-32-26-34-50-89-56-91-66|33-28-27-29-31-61-45-5-41-38-40-3-46-8-90
212,4,1401.3401,701.487,200.0,873.9063,0,4,53.181826,53.294005,True,65-83-82-52-11-12-14-47-15-75-59-87-9-16-78-99-86-57-56-90-53-10-17-13-97-74-58-77-25-24-91-80|45-5-92-64-95-62-33-63-51-76-18-21-23-19-49-22-84-85-50-34-32-26-89-48-20-66|42-44-39-36-72-31-29-27-28-30-67-71-38-40-41-94-96-81-43-35-37-54-93|69-98-88-61-2-6-7-73-79-8-46-4-3-1-60-55-100-70-68
213,4,1401.8197,711.0169,135.0,891.2363,0,4,53.325702,53.435554,True,82-52-12-14-47-75-59-87-9-11-15-16-78-86-57-56-90-53-10-17-13-97-74-58-77-25-48-24-91-80|65-83-64-95-62-27-33-63-51-76-18-21-23-19-49-22-99-84-85-50-34-32-26-89-20-66|92-72-36-39-44-42-38-71-29-28-30-31-94-81-61-41-40-43-35-37-54-93-96|69-98-88-45-5-2-67-73-79-7-6-8-46-4-3-1-60-55-100-70-68
214,4,1402.086,711.4948,119.0,873.9063,0,4,53.405597,53.511401,True,65-83-82-52-11-12-14-47-16-75-59-87-15-9-99-86-57-56-90-53-10-17-13-97-74-58-77-25-24-91-80|64-95-62-33-63-85-51-76-18-21-23-19-49-22-84-50-32-26-89-48-20-66|39-36-42-44-72-67-30-28-27-29-31-40-38-34-94-81-41-43-35-37-54-93-96|92-71-61-5-45-2-88-69-98-78-73-79-7-6-8-46-4-3-1-60-55-100-70-68
215,4,1402.2413,711.3394,141.0,873.9063,0,4,53.4522,53.560228,True,65-83-82-52-11-12-14-47-75-59-87-16-15-9-99-86-57-84-56-90-53-10-17-13-97-74-58-77-25-24-91-80|64-92-95-62-33-63-85-51-18-21-23-19-49-22-76-50-32-26-89-48-20-66|72-36-39-42-44-71-67-30-28-27-29-31-40-38-34-94-81-41-43-35-37-54-93-96|69-61-2-5-45-88-98-78-73-79-7-6-8-46-4-3-1-60-55-100-70-68
216,4,1402.6231,716.6291,194.0,847.4238,0,4,53.566718,53.676981,True,65-83-52-59-75-11-15-16-47-14-12-82-99-64-84-94-57-86-87-97-9-10-13-17-60-66|5-45-2-72-61-67-30-33-85-22-23-21-18-19-76-51-50-34-26-32-49-24-20-89-48-25-77-58-74|62-90-69-98-88-53-78-73-79-7-6-8-46-4-3-1-70-100-55-68|92-95-63-28-27-29-31-71-42-39-38-36-40-81-44-43-41-35-37-54-96-93-56-91-80
217,4,1402.6336,710.9471,141.0,873.9063,0,4,53.569888,53.677974,True,65-83-82-52-11-12-14-47-75-59-87-16-15-9-99-86-57-84-56-90-53-10-17-13-97-74-58-77-25-24-91-80|92-64-95-62-33-63-85-51-76-18-21-23-19-49-22-50-32-26-89-48-20-66|72-36-39-42-44-71-67-30-28-27-29-31-40-38-34-94-81-41-43-35-37-54-93-96|69-61-2-45-5-88-98-78-73-79-7-6-8-46-4-3-1-60-55-100-70-68
218,4,1403.8724,708.9642,163.0,891.2363,0,4,53.94151,54.05447,True,65-83-52-82-47-14-12-11-59-75-87-16-15-9-99-86-57-56-90-53-10-17-13-97-74-58-77-25-48-24-91-80|45-5-92-64-95-67-62-63-85-51-76-18-21-23-19-49-22-84-50-34-32-26-89-20-66|72-39-36-44-42-71-33-30-28-27-29-31-94-61-81-38-41-43-35-37-54-93-96|69-98-40-2-6-78-88-73-79-7-8-46-4-3-1-60-55-100-70-68
219,4,1404.0328,709.5479,141.0,873.9063,0,4,53.989651,54.097947,True,65-83-82-52-11-12-14-47-75-59-87-16-15-9-99-86-57-84-56-90-53-10-17-13-97-74-58-77-25-24-91-80|64-92-95-62-33-63-85-51-18-21-23-19-49-22-76-50-32-26-89-48-20-66|72-36-39-42-44-71-67-30-27-28-29-31-40-38-34-94-81-41-43-35-37-54-93-96|69-61-5-45-2-88-98-78-73-79-7-6-8-46-4-3-1-60-55-100-70-68
220,4,1404.2496,709.3311,132.0,873.9063,0,4,54.054693,54.162121,True,65-83-52-11-12-14-47-16-75-59-87-15-9-99-86-57-84-56-90-53-10-17-13-97-74-58-77-25-24-91-80|92-64-95-62-33-76-63-85-51-18-21-23-19-49-22-50-32-26-89-48-20-66|72-36-39-42-44-71-67-30-28-27-29-31-40-38-34-94-81-41-43-35-37-54-93-96|82-69-61-5-45-2-88-98-78-73-79-7-6-8-46-4-3-1-60-55-100-70-68
221,4,1405.5111,708.0697,141.0,873.9063,0,4,54.43313,54.541648,True,65-83-82-52-11-12-14-47-75-59-87-16-15-9-99-86-57-84-56-90-53-10-17-13-97-74-58-77-25-24-91-80|64-92-95-62-33-63-85-51-18-21-23-19-49-22-76-50-32-26-89-48-20-66|72-42-36-39-44-71-67-30-28-27-29-31-40-38-34-94-81-41-43-35-37-54-93-96|69-61-5-45-2-88-98-78-73-79-7-6-8-46-4-3-1-60-55-100-70-68
222,4,1406.4251,707.1556,141.0,873.9063,0,4,54.707336,54.815991,True,65-83-82-52-11-12-14-47-59-75-87-16-15-9-99-86-57-84-56-90-53-10-17-13-97-74-58-77-25-24-91-80|92-64-95-62-33-63-85-51-18-21-23-19-49-22-76-50-32-26-89-48-20-66|72-36-39-42-44-71-67-30-27-28-29-31-40-38-34-94-81-41-43-35-37-54-93-96|69-61-5-45-2-88-98-78-73-79-7-6-8-46-4-3-1-60-55-100-70-68
223,4,1407.0094,706.5714,194.0,873.9063,0,4,54.882622,54.996665,True,82-65-64-83-52-11-12-14-47-59-87-15-16-78-9-86-57-99-56-90-53-10-17-13-97-74-58-77-25-24-91-80|45-5-92-95-62-33-63-85-51-76-18-21-23-19-49-22-84-50-34-32-26-89-48-20-66|72-36-39-44-42-71-67-30-28-27-29-31-94-61-81-38-41-40-43-35-37-54-93-96|69-98-75-88-73-79-7-2-6-8-46-4-3-1-60-55-100-70-68
224,4,1407.5195,706.0612,141.0,873.9063,0,4,55.035662,55.144481,True,65-83-82-52-11-12-14-47-75-59-87-16-15-9-99-86-57-84-56-90-53-10-17-13-97-74-58-77-25-24-91-80|64-92-95-62-33-63-85-51-18-21-23-19-49-22-76-50-32-26-89-48-20-66|72-36-39-42-44-71-67-30-28-27-29-31-40-38-34-94-81-41-43-35-37-54-93-96|69-61-5-45-2-88-98-78-73-79-7-6-8-46-3-4-1-60-55-100-70-68
225,4,1407.8455,705.7353,141.0,873.9063,0,4,55.133439,55.242307,True,65-83-82-52-11-12-14-47-75-59-87-16-15-9-99-86-57-84-56-90-53-10-17-13-97-74-58-77-25-24-91-80|64-92-95-62-33-63-76-85-51-18-21-23-19-49-22-50-32-26-89-48-20-66|72-36-39-42-44-71-67-30-28-27-29-31-40-38-34-94-81-41-43-35-37-54-93-96|69-61-5-45-2-88-98-78-73-79-7-6-8-46-4-3-1-60-55-100-70-68
226,4,1408.0912,705.4895,141.0,873.9063,0,4,55.20717,55.316075,True,65-83-82-52-11-12-14-47-75-59-87-16-15-9-99-86-57-84-56-90-53-10-17-13-97-74-58-77-25-24-91-80|92-64-95-62-33-76-63-85-51-18-21-23-19-49-22-50-32-26-89-48-20-66|72-36-39-42-44-71-67-30-28-27-29-31-40-38-34-94-81-41-43-35-37-54-93-96|69-61-5-45-2-88-98-78-73-79-7-6-8-46-4-3-1-60-55-100-70-68
227,4,1408.1769,707.1663,121.0,862.9469,0,4,55.232859,55.338397,True,65-83-82-52-11-12-14-47-75-59-87-16-15-9-99-86-57-84-56-90-53-10-17-13-97-74-58-77-25-24-91|92-64-95-62-33-76-63-85-51-18-21-23-19-49-22-67-50-32-26-89-48-20-66|39-36-42-44-72-71-30-28-27-29-31-38-40-41-34-94-81-54-43-35-37-93-96-80|69-61-5-45-2-88-98-78-73-79-7-6-8-46-4-3-1-60-55-100-70-68
228,4,1408.1769,707.1663,121.0,862.9469,0,4,55.232859,55.338397,True,65-83-82-52-11-12-14-47-75-59-87-16-15-9-99-86-57-84-56-90-53-10-17-13-97-74-58-77-25-24-91|92-64-95-62-33-76-63-85-51-18-21-23-19-49-22-67-50-32-26-89-48-20-66|39-36-42-44-72-71-30-28-27-29-31-38-40-41-34-94-81-54-43-35-37-93-96-80|69-61-5-45-2-88-98-78-73-79-7-6-8-46-4-3-1-60-55-100-70-68
229,4,1408.6154,704.2212,120.0,891.2363,0,4,55.364427,55.473798,True,82-14-47-75-59-52-99-78-16-15-11-9-87-86-57-56-90-53-10-17-13-97-74-58-77-25-48-24-91-80|65-83-64-92-95-62-67-33-63-51-76-18-21-23-19-49-84-85-50-34-32-26-89-20-66|72-36-39-44-42-71-31-30-28-27-29-94-81-61-41-38-40-43-35-37-54-93-96|69-98-12-88-45-5-2-6-7-73-22-79-8-46-4-3-1-60-55-100-70-68
230,4,1409.226,704.3548,141.0,873.9063,0,4,55.547592,55.656667,True,65-83-82-52-11-12-14-47-75-59-87-16-15-9-99-86-57-84-56-90-53-10-17-13-97-74-58-77-25-24-91-80|92-64-95-62-33-76-63-85-51-18-21-23-19-49-22-50-32-26-89-48-20-66|72-36-39-42-44-71-67-30-28-27-29-31-40-38-34-94-81-41-43-35-37-54-93-96|69-61-45-5-2-88-98-78-73-79-7-6-8-46-4-3-1-60-55-100-70-68
231,4,1409.4202,704.1605,132.0,873.9063,0,4,55.605865,55.714069,True,65-83-52-11-12-14-47-75-59-87-16-15-9-99-86-57-84-56-90-53-10-17-13-97-74-58-77-25-24-91-80|92-64-95-62-29-63-85-76-18-21-23-19-49-22-51-50-32-26-89-48-20-66|72-36-39-42-44-71-67-33-30-28-27-31-40-38-34-94-81-41-43-35-37-54-93-96|82-69-61-5-45-2-88-98-78-73-79-7-6-8-46-4-3-1-60-55-100-70-68
232,4,1410.1981,702.6385,161.0,891.2363,0,4,55.839234,55.952943,True,65-83-82-52-11-12-14-47-75-59-87-16-15-9-99-86-57-84-56-90-53-10-17-13-97-74-58-77-25-48-24-91-80|92-64-95-62-33-76-63-85-51-22-23-21-18-19-49-50-32-26-89-20-66|72-36-39-42-44-71-67-30-28-27-29-31-40-38-34-94-81-41-43-35-37-54-93-96|69-61-5-45-2-88-98-78-73-79-7-6-8-46-4-3-1-60-55-100-70-68
233,4,1410.742,576.4715,345.0,919.5065,0,4,56.00241,56.119997,True,92-95-64-83-65-69-98-88-2-6-7-79-73-78-53-99-57-86-87-9-10-13-97-74-24-20-48-25-77-58-17-60-100-70|72-36-39-44-42-61-81-67-62-84-51-76-18-49-22-56-94-96-68-55-4-1-43-35-37-54-93|82-52-11-12-14-47-16-15-59-75-23-21-19-85-30-32-26-34-50-89-66-91-80|63-33-28-27-29-31-71-45-5-41-38-40-3-46-8-90
234,4,1411.2872,702.2935,141.0,873.9063,0,4,56.165967,56.275351,True,65-83-82-52-11-12-14-47-75-59-87-16-15-9-99-86-57-84-56-90-53-10-17-13-97-74-58-77-25-24-91-80|92-64-95-62-33-76-63-85-51-18-21-23-19-49-22-50-32-26-89-48-20-66|72-36-39-42-44-71-67-30-28-27-29-31-40-38-34-94-81-41-43-35-37-54-93-96|69-61-2-5-45-88-98-78-73-79-7-6-8-46-4-3-1-60-55-100-70-68
235,4,1411.3329,702.2478,141.0,873.9063,0,4,56.179679,56.28907,True,65-83-82-52-11-12-14-47-75-59-87-16-15-9-99-86-57-84-56-90-53-10-17-13-97-74-58-77-25-24-91-80|92-64-95-62-33-76-63-85-51-18-21-23-19-49-22-50-32-26-89-48-20-66|72-36-39-42-44-71-67-30-28-27-29-31-40-38-34-94-81-41-43-35-37-54-93-96|69-61-2-45-5-88-98-78-73-79-7-6-8-46-4-3-1-60-55-100-70-68
236,4,1411.3329,702.2478,141.0,873.9063,0,4,56.179679,56.28907,True,65-83-82-52-11-12-14-47-75-59-87-16-15-9-99-86-57-84-56-90-53-10-17-13-97-74-58-77-25-24-91-80|92-64-95-62-33-76-63-85-51-18-21-23-19-49-22-50-32-26-89-48-20-66|72-36-39-42-44-71-67-30-28-27-29-31-40-38-34-94-81-41-43-35-37-54-93-96|69-61-2-45-5-88-98-78-73-79-7-6-8-46-4-3-1-60-55-100-70-68
237,4,1411.3329,702.2478,141.0,873.9063,0,4,56.179679,56.28907,True,65-83-82-52-11-12-14-47-75-59-87-16-15-9-99-86-57-84-56-90-53-10-17-13-97-74-58-77-25-24-91-80|92-64-95-62-33-76-63-85-51-18-21-23-19-49-22-50-32-26-89-48-20-66|72-36-39-42-44-71-67-30-28-27-29-31-40-38-34-94-81-41-43-35-37-54-93-96|69-61-2-45-5-88-98-78-73-79-7-6-8-46-4-3-1-60-55-100-70-68
238,4,1411.3625,702.2183,141.0,873.9063,0,4,56.18854,56.297935,True,65-83-82-52-11-12-14-47-75-59-87-16-15-9-99-86-57-84-56-90-53-10-17-13-97-74-58-77-25-24-91-80|92-64-95-62-33-76-63-85-51-18-21-23-19-49-22-50-32-26-89-48-20-66|72-36-39-42-44-71-67-30-28-27-29-31-38-40-34-94-81-41-43-35-37-54-93-96|69-61-2-45-5-88-98-78-73-79-7-6-8-46-4-3-1-60-55-100-70-68
239,4,1411.6634,701.9174,132.0,873.9063,0,4,56.278805,56.387345,True,65-83-52-11-12-14-47-75-59-87-16-15-9-99-86-57-84-56-90-53-10-17-13-97-74-58-77-25-24-91-80|92-64-95-62-33-76-63-85-51-18-21-23-19-49-22-50-32-26-89-48-20-66|72-36-39-42-44-71-67-30-28-27-29-31-40-38-34-94-81-41-43-35-37-54-93-96|69-82-61-45-5-2-88-98-78-73-79-7-6-8-46-4-3-1-60-55-100-70-68
240,4,1411.6864,687.8316,177.0,891.2363,0,4,56.285706,56.39924,True,65-83-82-52-11-12-14-47-75-59-87-16-15-9-99-86-57-84-56-90-53-10-17-13-97-74-58-77-25-48-24-91-80|72-36-39-42-44-71-67-30-28-27-29-31-40-38-34-94-81-41-43-35-37-54-96-93-66|69-98-2-45-5-61-88-78-73-79-7-6-8-46-4-3-1-60-55-100-70-68|64-92-95-62-33-63-85-76-23-21-18-19-49-22-20-51-50-32-26-89
241,4,1411.8636,784.3482,134.0,826.0144,0,4,56.338871,56.452853,True,39-36-42-5-45-2-73-14-47-16-15-11-9-87-75-97-13-17-10-74-58-77-25-24|65-82-59-52-83-64-63-85-51-76-18-21-23-19-49-22-57-86-99-94-84-32-26-89-48-20-91-93-80|90-69-98-88-53-12-78-79-7-6-8-46-3-35-1-4-60-55-100-70-68|72-92-95-62-33-30-28-27-29-31-67-71-41-38-40-44-61-81-96-54-43-37-34-50-56-66
242,4,1411.8636,784.3482,134.0,826.0144,0,4,56.338871,56.452853,True,39-36-42-5-45-2-73-14-47-16-15-11-9-87-75-97-13-17-10-74-58-77-25-24|65-82-59-52-83-64-63-85-51-76-18-21-23-19-49-22-57-86-99-94-84-32-26-89-48-20-91-93-80|90-69-98-88-53-12-78-79-7-6-8-46-3-35-1-4-60-55-100-70-68|72-92-95-62-33-30-28-27-29-31-67-71-41-38-40-44-61-81-96-54-43-37-34-50-56-66
243,4,1411.944,701.6368,169.0,873.9063,0,4,56.362994,56.475277,True,92-65-83-82-52-11-12-14-47-75-59-87-16-15-9-99-86-57-84-56-90-53-10-17-13-97-74-58-77-25-24-91-80|64-95-62-33-63-85-51-18-21-23-19-49-22-76-50-32-26-89-48-20-66|72-36-39-42-44-71-67-30-28-27-29-31-40-38-34-94-81-41-43-35-37-54-93-96|69-61-5-45-2-88-98-78-73-79-7-6-8-46-4-3-1-60-55-100-70-68
244,4,1413.1452,707.5176,260.0,829.4779,0,4,56.723369,56.83933,True,65-83-82-52-59-75-11-15-16-47-14-12-73-79-6-90-99-57-86-87-10-9-97-74-13-17-60-4-1-70-55-100|92-69-95-63-62-67-33-30-31-29-27-28-26-32-34-50-93-96-56-91-80|2-45-5-71-72-42-39-38-36-40-44-41-81-61-88-53-78-7-8-46-3-43-35-37-54-68|98-64-51-76-19-18-21-23-49-22-20-85-94-84-66-89-48-24-25-77-58
245,4,1413.1452,707.5176,260.0,829.4779,0,4,56.723369,56.83933,True,65-83-82-52-59-75-11-15-16-47-14-12-73-79-6-90-99-57-86-87-10-9-97-74-13-17-60-4-1-70-55-100|92-69-95-63-62-67-33-30-31-29-27-28-26-32-34-50-93-96-56-91-80|2-45-5-71-72-42-39-38-36-40-44-41-81-61-88-53-78-7-8-46-3-43-35-37-54-68|98-64-51-76-19-18-21-23-49-22-20-85-94-84-66-89-48-24-25-77-58
246,4,1413.338,700.2428,141.0,873.9063,0,4,56.781198,56.89089,True,65-83-82-52-11-12-14-47-75-59-87-16-15-9-99-86-57-84-56-90-53-10-17-13-97-74-58-77-25-24-91-80|92-64-95-62-33-76-63-85-51-18-21-23-19-49-22-50-32-26-89-48-20-66|72-36-39-42-44-71-67-30-28-27-29-31-40-38-34-94-81-41-43-37-35-54-93-96|69-61-2-45-5-88-98-78-73-79-7-6-8-46-4-3-1-60-55-100-70-68
247,4,1413.6413,699.9395,170.0,873.9063,0,4,56.872181,56.984818,True,65-83-82-52-11-12-14-47-15-75-59-87-16-78-9-99-86-57-56-90-53-10-17-13-97-74-58-77-25-24-91-80|92-95-62-27-33-76-63-85-51-64-23-21-18-19-49-22-84-50-32-26-89-48-20-66|45-5-72-42-44-39-36-38-71-67-30-28-31-29-34-94-81-41-43-35-37-54-93-96|69-98-88-73-79-7-2-61-40-3-46-8-6-4-1-60-55-100-70-68
248,4,1413.6499,699.9309,176.0,873.9063,0,4,56.874755,56.987994,True,65-83-82-52-11-12-14-47-75-59-87-16-15-9-86-57-99-56-90-53-10-17-13-97-74-58-77-25-24-91-80|5-45-2-64-92-95-62-33-63-76-18-21-23-19-49-22-51-84-85-50-32-26-89-48-20-66|72-36-39-42-44-71-67-30-28-27-29-31-40-38-34-94-81-41-43-35-37-54-93-96|61-69-98-88-78-73-79-7-6-8-46-4-3-1-60-55-100-70-68
249,4,1414.2206,699.3602,141.0,873.9063,0,4,57.045976,57.155801,True,65-83-82-52-11-12-47-14-75-59-87-16-15-9-99-86-57-84-56-90-53-10-17-13-97-74-58-77-25-24-91-80|92-64-95-62-33-76-63-85-51-18-21-23-19-49-22-50-32-26-89-48-20-66|72-36-39-42-44-71-67-30-28-27-29-31-40-38-34-94-81-41-43-35-37-54-93-96|69-61-2-45-5-88-98-78-73-79-7-6-8-46-4-3-1-60-55-100-70-68
250,4,1414.4824,699.1055,146.0,873.9063,0,4,57.124509,57.234873,True,65-83-52-11-12-14-47-75-59-87-16-15-9-99-86-57-84-56-90-53-10-17-13-97-74-58-77-25-24-91-80|45-5-92-62-95-64-76-63-85-51-18-21-23-19-49-22-50-34-32-26-89-48-20-66|72-36-39-44-42-71-67-33-30-28-27-29-31-38-40-41-94-96-81-43-35-37-54-93|69-82-98-61-2-6-78-88-73-79-7-8-46-3-1-4-60-55-100-70-68
251,4,1414.7717,698.8091,141.0,873.9063,0,4,57.211303,57.32121,True,65-83-82-52-11-12-14-47-75-59-87-16-15-9-99-86-57-84-56-90-53-10-17-13-97-74-58-77-25-24-91-80|92-64-95-62-33-76-63-85-51-18-21-23-49-19-22-50-32-26-89-48-20-66|72-36-39-42-44-71-67-30-28-27-29-31-40-38-34-94-81-41-43-35-37-54-93-96|69-61-2-45-5-88-98-78-73-79-7-6-8-46-4-3-1-60-55-100-70-68
252,4,1414.7843,698.7965,141.0,873.9063,0,4,57.215086,57.324995,True,65-83-82-52-11-12-14-47-75-59-87-16-15-9-99-86-57-84-56-90-53-10-17-13-97-74-58-77-25-24-91-80|92-64-95-62-33-76-63-85-51-18-21-23-19-22-49-50-32-26-89-48-20-66|72-36-39-42-44-71-67-30-28-27-29-31-40-38-34-94-81-41-43-35-37-54-93-96|69-61-2-45-5-88-98-78-73-79-7-6-8-46-4-3-1-60-55-100-70-68
253,4,1415.013,687.0699,179.0,891.2363,0,4,57.283694,57.398311,True,65-52-11-12-14-47-75-59-87-16-15-9-86-57-99-56-90-53-10-17-13-97-74-58-77-25-48-24-91-80|42-39-72-92-83-64-95-62-33-63-85-51-76-18-21-23-19-49-22-84-50-34-32-26-89-20-66|36-69-82-98-88-2-45-5-8-79-73-78-7-6-46-4-3-1-60-55-100-70-68|67-30-28-27-29-31-71-38-44-61-40-41-81-94-96-54-43-35-37-93
254,4,1415.1474,698.4334,229.0,873.9063,0,4,57.324006,57.442769,True,65-83-82-52-11-12-14-47-75-59-87-16-15-9-99-86-57-84-56-90-53-10-17-13-97-74-58-77-25-24-91-80|45-5-92-64-95-62-33-76-63-85-51-18-21-23-19-49-22-50-34-32-26-89-48-20-66|72-36-39-42-44-69-98-61-2-6-78-88-73-79-7-8-46-4-3-1-60-55-100-70-68|67-30-28-27-29-31-94-71-81-41-38-40-43-35-37-54-93-96
255,4,1416.572,707.7696,117.0,873.9063,0,4,57.751392,57.860783,True,65-83-52-82-12-14-47-75-59-87-16-15-11-9-99-86-57-56-90-53-10-17-13-97-74-58-77-25-24-91-80|92-95-64-62-71-30-63-85-51-76-18-21-23-19-49-22-84-50-32-26-89-48-20-66|39-36-42-44-72-67-33-28-27-29-31-40-38-34-94-81-41-43-35-37-54-93-96|69-61-5-45-2-88-98-78-73-79-7-6-8-46-3-1-4-60-55-100-70-68
256,4,1416.9806,664.6065,186.0,927.6241,0,4,57.873984,57.991981,True,95-64-83-82-69-98-88-7-79-73-78-53-90-99-57-86-10-9-97-87-74-24-20-89-48-25-77-58-13-17-60-100-70|42-39-36-72-71-67-62-94-84-51-76-18-49-22-56-81-54-37-35-43-1-68-66-91-80|65-52-11-12-14-47-16-15-59-75-23-21-19-85-30-32-26-34-50-93-96|92-63-33-28-27-29-31-61-2-45-5-41-38-40-44-3-46-8-6-4-55
257,4,1416.9806,664.6065,186.0,927.6241,0,4,57.873984,57.991981,True,95-64-83-82-69-98-88-7-79-73-78-53-90-99-57-86-10-9-97-87-74-24-20-89-48-25-77-58-13-17-60-100-70|42-39-36-72-71-67-62-94-84-51-76-18-49-22-56-81-54-37-35-43-1-68-66-91-80|65-52-11-12-14-47-16-15-59-75-23-21-19-85-30-32-26-34-50-93-96|92-63-33-28-27-29-31-61-2-45-5-41-38-40-44-3-46-8-6-4-55
258,4,1417.7394,695.8414,141.0,873.9063,0,4,58.101614,58.211966,True,65-83-82-52-11-12-14-47-75-59-87-16-15-9-99-86-57-84-56-90-53-10-17-13-97-74-58-77-25-24-91-80|92-64-95-62-33-76-63-85-51-18-21-23-19-49-22-50-32-26-89-48-20-66|72-36-39-42-44-71-67-30-31-28-27-29-40-38-34-94-81-41-43-35-37-54-93-96|69-61-2-45-5-88-98-78-73-79-7-6-8-46-4-3-1-60-55-100-70-68
259,4,1417.8897,684.9373,200.0,873.9063,0,4,58.146717,58.261378,True,65-83-82-52-11-12-14-47-15-75-59-87-9-16-78-99-86-57-56-90-53-10-17-13-97-74-58-77-25-24-91-80|45-5-92-64-95-33-62-63-51-76-18-21-23-19-49-22-84-85-50-34-32-26-89-48-20-66|42-44-39-36-72-31-29-27-28-30-67-71-38-40-41-94-96-81-43-35-37-54-93|69-98-88-61-2-6-7-73-79-8-46-4-3-1-60-55-100-70-68
260,4,1417.9451,695.6357,141.0,873.9063,0,4,58.163318,58.2737,True,65-83-82-52-11-12-14-47-75-59-87-16-15-9-99-86-57-84-56-90-53-10-17-13-97-74-58-77-25-24-91-80|92-64-95-62-33-76-63-85-51-21-18-23-19-49-22-50-32-26-89-48-20-66|72-36-39-42-44-71-67-30-28-27-29-31-40-38-34-94-81-41-43-35-37-54-93-96|69-61-2-45-5-88-98-78-73-79-7-6-8-46-4-3-1-60-55-100-70-68
261,4,1418.2205,723.7992,62.0,870.2477,0,4,58.245959,58.3522,True,65-82-14-47-15-75-59-52-83-53-88-7-79-73-99-87-86-90-56-74-13-17-97-58-77-25-48-24-91-80|64-92-95-62-33-63-85-51-76-18-21-23-19-49-22-57-84-50-34-32-26-89-20-66|72-36-39-44-42-71-31-29-27-28-30-67-94-81-61-41-38-40-43-35-37-54-93-96|69-98-12-11-16-2-45-5-8-78-10-9-6-46-4-3-1-70-100-60-55-68
262,4,1418.2205,723.7992,62.0,870.2477,0,4,58.245959,58.3522,True,65-82-14-47-15-75-59-52-83-53-88-7-79-73-99-87-86-90-56-74-13-17-97-58-77-25-48-24-91-80|64-92-95-62-33-63-85-51-76-18-21-23-19-49-22-57-84-50-34-32-26-89-20-66|72-36-39-44-42-71-31-29-27-28-30-67-94-81-61-41-38-40-43-35-37-54-93-96|69-98-12-11-16-2-45-5-8-78-10-9-6-46-4-3-1-70-100-60-55-68
263,4,1418.351,487.0071,323.0,886.3666,0,4,58.285092,58.384371,True,36-5-45-2-12-14-47-16-15-11-59-87-9-52-86-75-97-94-17-10-13-74-58-77-25-48-24-91-80|82-65-83-64-95-62-67-33-63-85-51-76-18-21-23-19-49-22-57-99-56-84-50-34-32-26-89-20-66|90-69-98-88-53-78-73-79-7-6-8-46-3-41-43-35-37-54-96-93-68-55-100-70-1-4-60|42-92-31-29-27-28-30-71-72-39-38-40-44-61-81
264,4,1418.351,487.0071,323.0,886.3666,0,4,58.285092,58.384371,True,36-5-45-2-12-14-47-16-15-11-59-87-9-52-86-75-97-94-17-10-13-74-58-77-25-48-24-91-80|82-65-83-64-95-62-67-33-63-85-51-76-18-21-23-19-49-22-57-99-56-84-50-34-32-26-89-20-66|90-69-98-88-53-78-73-79-7-6-8-46-3-41-43-35-37-54-96-93-68-55-100-70-1-4-60|42-92-31-29-27-28-30-71-72-39-38-40-44-61-81
265,4,1418.6734,694.9074,141.0,873.9063,0,4,58.381819,58.492311,True,65-83-82-52-11-12-14-47-75-59-87-16-15-9-99-86-57-84-56-90-53-10-17-13-97-74-58-77-25-24-91-80|92-64-95-62-33-76-63-85-51-18-21-19-23-49-22-50-32-26-89-48-20-66|72-36-39-42-44-71-67-30-28-27-29-31-40-38-34-94-81-41-43-35-37-54-93-96|69-61-45-5-2-88-98-78-73-79-7-6-8-46-4-3-1-60-55-100-70-68
266,4,1418.9229,694.6579,87.0,873.9063,0,4,58.456655,58.561784,True,65-83-52-82-12-14-47-75-59-87-9-99-86-57-84-56-90-53-10-17-13-97-74-58-77-25-24-91-80|92-64-95-62-33-76-63-85-51-18-21-23-19-49-22-50-32-26-89-48-20-66|72-36-39-42-44-71-67-30-28-27-29-31-40-38-34-94-81-41-43-35-37-54-93-96|69-61-5-45-2-88-98-15-11-16-78-73-79-7-6-8-46-4-3-1-60-55-100-70-68
267,4,1418.9229,694.6579,87.0,873.9063,0,4,58.456655,58.561784,True,65-83-52-82-12-14-47-75-59-87-9-99-86-57-84-56-90-53-10-17-13-97-74-58-77-25-24-91-80|92-64-95-62-33-76-63-85-51-18-21-23-19-49-22-50-32-26-89-48-20-66|72-36-39-42-44-71-67-30-28-27-29-31-40-38-34-94-81-41-43-35-37-54-93-96|69-61-5-45-2-88-98-15-11-16-78-73-79-7-6-8-46-4-3-1-60-55-100-70-68
268,4,1419.2006,694.3801,160.0,873.9063,0,4,58.539987,58.652458,True,65-83-82-52-11-12-14-47-75-59-87-16-15-9-99-86-57-56-90-53-10-17-13-97-74-58-77-25-24-91-80|45-5-92-64-95-27-28-33-63-51-76-18-21-23-19-49-22-84-85-50-34-32-26-89-48-20-66|62-31-29-72-42-44-39-36-40-38-71-30-67-94-81-41-43-35-37-54-93-96|69-98-61-2-6-88-78-73-79-7-8-46-4-3-1-60-55-100-70-68
269,4,1419.4142,581.2945,206.0,927.6241,0,4,58.604055,58.712285,True,65-64-83-52-82-98-88-7-79-73-78-53-99-57-86-10-9-97-87-74-24-20-89-48-25-77-58-13-17-60-100-70|14-47-42-39-36-72-71-67-62-63-85-84-51-49-22-66-56-94-96-54-37-35-43-1-4-55-68|92-95-33-28-27-29-31-61-2-45-5-41-38-40-44-3-46-8-6-81-90|69-12-11-15-16-59-75-23-21-18-19-76-30-32-26-34-50-93-91-80
270,4,1419.4142,581.2945,206.0,927.6241,0,4,58.604055,58.712285,True,65-64-83-52-82-98-88-7-79-73-78-53-99-57-86-10-9-97-87-74-24-20-89-48-25-77-58-13-17-60-100-70|14-47-42-39-36-72-71-67-62-63-85-84-51-49-22-66-56-94-96-54-37-35-43-1-4-55-68|92-95-33-28-27-29-31-61-2-45-5-41-38-40-44-3-46-8-6-81-90|69-12-11-15-16-59-75-23-21-18-19-76-30-32-26-34-50-93-91-80
271,4,1419.7016,693.8791,141.0,873.9063,0,4,58.690287,58.800933,True,83-82-65-52-11-12-14-47-75-59-87-16-15-9-99-86-57-84-56-90-53-10-17-13-97-74-58-77-25-24-91-80|92-64-95-62-33-76-63-85-51-18-21-23-19-49-22-50-32-26-89-48-20-66|72-36-39-42-44-71-67-30-28-27-29-31-40-38-34-94-81-41-43-35-37-54-93-96|69-61-2-45-5-88-98-78-73-79-7-6-8-46-4-3-1-60-55-100-70-68
272,4,1420.9135,691.9231,140.0,891.2363,0,4,59.053842,59.167058,True,82-14-47-75-59-52-99-78-16-15-11-9-87-86-57-56-90-53-10-17-13-97-74-58-77-25-48-24-91-80|65-83-64-92-95-62-67-33-63-51-76-18-21-23-19-49-22-84-85-50-34-32-26-89-20-66|5-72-39-44-42-71-31-30-28-27-29-94-81-61-41-38-40-43-35-37-54-93-96|36-69-98-45-2-88-12-73-79-7-6-8-46-4-3-1-60-55-100-70-68
273,4,1421.9396,690.6909,130.0,873.9063,0,4,59.361683,59.471423,True,45-65-52-12-14-47-75-59-87-9-16-15-11-99-86-57-66-90-53-10-17-13-97-74-58-77-25-24-91-80|5-82-83-64-92-95-62-33-63-51-76-18-21-23-19-49-22-20-85-84-50-34-32-26-89-48-56|72-36-39-44-42-71-67-31-30-28-27-29-94-81-41-38-40-43-35-37-54-93-96|69-61-2-78-98-88-73-79-7-6-8-46-4-3-1-60-55-100-70-68
274,4,1422.4646,691.1162,116.0,873.9063,0,4,59.519164,59.627725,True,65-83-82-52-11-12-14-47-75-59-87-16-15-9-99-86-57-56-90-53-10-17-13-97-74-58-77-25-24-91-80|64-92-95-62-33-63-76-18-21-23-19-85-49-22-51-84-50-32-26-89-48-20-66|72-36-39-42-44-71-67-30-28-27-29-31-40-38-34-94-81-41-43-35-37-54-93-96|69-61-5-45-2-88-98-78-73-79-7-6-8-46-4-3-1-60-55-100-70-68
275,4,1422.6094,684.9801,93.0,891.2363,0,4,59.56263,59.670613,True,65-82-52-11-12-14-47-75-59-87-16-15-9-57-86-99-90-53-10-17-13-97-74-58-77-25-48-24-91-80|92-95-33-63-64-83-23-21-19-76-62-84-51-18-49-22-20-85-50-32-26-89-56-66|72-36-39-42-44-71-67-30-28-27-29-31-40-38-34-94-81-41-43-35-37-54-93-96|69-61-5-45-2-88-98-78-73-79-7-6-8-46-4-3-1-60-55-100-70-68
276,4,1422.8609,704.3371,161.0,863.8713,0,4,59.638075,59.751732,True,65-82-11-47-14-12-15-16-75-59-87-9-52-99-86-57-51-84-56-90-53-10-17-13-97-74-58-77-25-91-80|42-39-36-72-71-67-33-30-28-27-29-31-40-38-34-94-81-41-43-35-37-54-93-96|95-83-98-69-44-61-2-45-5-8-7-79-73-78-88-6-4-1-3-46-60-55-100-70-68|92-62-63-76-18-21-23-19-22-64-20-49-85-50-32-26-89-48-24-66
277,4,1423.9773,697.1947,291.0,839.2422,0,4,59.972993,60.09522,True,65-59-47-14-2-45-5-61-67-81-64-22-23-21-18-19-49-20-51-85-84-94-56-89-48-24-25-77-58-74|98-69-71-72-42-39-38-36-40-44-57-53-6-8-46-3-43-41-35-37-54-93-96-80|82-83-52-75-16-15-11-12-78-73-79-7-88-90-99-86-87-97-9-13-10-17-60-4-1-100-55-68-70|92-95-62-63-76-33-30-31-29-27-28-26-32-34-50-91-66
278,4,1424.39,689.1908,141.0,873.9063,0,4,60.096784,60.208134,True,65-83-82-52-11-12-14-47-75-59-87-16-15-9-99-86-57-84-56-90-53-10-17-13-97-74-58-77-25-24-91-80|92-64-95-62-33-76-63-85-51-21-23-19-49-18-22-50-32-26-89-48-20-66|72-36-39-42-44-71-67-30-28-27-29-31-40-38-34-94-81-41-43-35-37-54-93-96|69-61-2-45-5-88-98-78-73-79-7-6-8-46-4-3-1-60-55-100-70-68
279,4,1426.4958,687.085,160.0,873.9063,0,4,60.728529,60.842094,True,82-65-83-52-59-15-16-47-14-12-11-9-87-75-86-57-99-56-90-53-10-17-13-97-74-58-77-25-24-91-80|64-95-62-29-27-33-63-85-51-18-21-23-19-49-22-76-84-50-32-26-89-48-20-66|72-36-39-44-42-61-92-67-30-28-31-71-94-34-40-81-43-35-37-54-93-96|69-98-88-2-45-5-38-41-6-78-73-79-7-8-46-4-3-1-60-55-100-70-68
280,4,1428.2089,685.3719,143.0,873.9063,0,4,61.242459,61.354581,True,45-82-65-52-12-14-47-75-59-87-9-16-15-11-99-86-57-90-53-10-17-13-97-74-58-77-25-24-91-80|5-83-64-95-62-27-28-30-63-85-51-18-21-23-19-49-22-76-84-56-50-34-32-26-89-48-20-66|92-33-29-31-71-72-42-44-39-36-40-38-67-94-81-41-43-35-37-54-93-96|69-98-61-2-6-88-78-73-79-7-8-46-4-3-1-60-55-100-70-68
281,4,1428.7535,572.9068,304.0,895.7421,0,4,61.405851,61.520642,True,2-45-5-14-47-16-75-59-87-86-52-99-90-61-40-66-20-57-10-17-13-97-74-58-77-25-48-24-91-80|92-39-36-44-42-72-71-33-30-28-27-29-31-67-94-38-41-81|95-62-63-64-83-82-69-98-88-53-15-11-9-12-78-73-79-7-6-8-46-3-43-35-37-54-93-96-68-55-60-4-1-70-100|65-22-23-21-18-19-49-76-51-85-84-56-50-34-32-26-89
282,4,1429.4226,684.1581,194.0,873.9063,0,4,61.606589,61.723993,True,65-83-82-52-11-12-14-47-75-59-87-16-15-9-99-86-57-84-56-90-53-10-17-13-97-74-58-77-25-24-91-80|5-45-2-64-92-95-62-33-63-85-51-18-21-23-19-49-22-76-50-32-26-89-48-20-66|72-36-39-42-44-71-67-30-28-27-29-31-40-38-34-94-81-41-43-35-37-54-93-96|61-69-98-88-78-73-79-7-6-8-46-4-3-1-60-55-100-70-68
283,4,1429.5205,684.0603,141.0,873.9063,0,4,61.635951,61.74807,True,65-83-82-52-11-12-14-47-75-59-87-16-15-9-99-86-57-84-56-90-53-10-17-13-97-74-58-77-25-24-91-80|64-92-95-33-63-62-85-51-18-21-23-19-49-22-76-32-26-50-89-48-20-66|72-36-39-42-44-71-67-30-28-27-29-31-40-38-34-94-81-41-43-35-37-54-93-96|69-61-5-45-2-88-98-78-73-79-7-6-8-46-4-3-1-60-55-100-70-68
284,4,1430.1753,683.4055,141.0,873.9063,0,4,61.832381,61.944599,True,65-83-82-52-11-12-14-47-75-59-87-16-15-9-99-86-57-84-56-90-53-10-17-13-97-74-58-77-25-24-91-80|92-64-95-62-33-76-63-85-51-18-21-23-19-49-22-50-32-26-89-48-20-66|72-36-39-42-44-71-67-30-28-27-29-31-40-38-34-94-81-41-43-35-37-54-93-96|69-61-2-45-5-88-98-79-78-73-7-6-8-46-4-3-1-60-55-100-70-68
285,4,1430.2585,683.3222,126.0,873.9063,0,4,61.857363,61.968092,True,65-83-52-82-11-14-47-75-59-87-9-15-16-12-99-86-57-56-90-53-10-17-13-97-74-58-77-25-24-91-80|92-64-95-62-29-63-51-76-18-21-23-19-49-22-85-84-94-50-32-26-89-48-20-66|72-36-39-44-42-71-67-33-30-28-27-31-40-38-34-81-41-43-35-37-54-93-96|69-98-61-2-45-5-8-7-79-73-78-88-6-46-4-3-1-60-55-100-70-68
286,4,1430.4278,683.153,116.0,873.9063,0,4,61.908141,62.017896,True,65-83-82-52-11-12-47-14-75-59-87-16-15-9-99-86-57-56-90-53-10-17-13-97-74-58-77-25-24-91-80|92-64-95-62-33-76-63-85-51-18-21-23-19-49-22-50-84-32-26-89-48-20-66|72-36-39-42-44-71-67-30-28-27-29-31-40-38-34-94-81-41-43-35-37-54-93-96|69-61-2-45-5-88-98-78-73-79-7-6-8-46-4-3-1-60-55-100-70-68
287,4,1431.1013,566.7842,265.0,927.6241,0,4,62.110181,62.225641,True,65-64-83-52-98-88-7-79-73-78-53-75-97-87-9-10-74-24-20-89-48-25-77-58-13-17-60-100-70|42-39-36-72-71-67-62-95-81-69-99-86-57-22-49-18-51-84-56-66-94-96-54-37-35-43-1-4-55-68-80|92-63-33-28-27-29-31-61-2-45-5-41-38-40-44-3-46-8-6-90|82-12-14-47-16-15-11-59-23-21-19-76-85-30-32-26-34-50-93-91
288,4,1431.4415,682.1463,146.0,873.9063,0,4,62.212261,62.32517,True,65-83-52-11-12-14-47-75-59-87-16-15-9-99-86-57-84-56-90-53-10-17-13-97-74-58-77-25-24-91-80|45-5-92-95-62-64-76-63-85-51-18-21-23-19-49-22-50-34-32-26-89-48-20-66|72-36-39-44-42-71-67-33-30-28-27-29-31-38-40-41-94-96-81-43-35-37-54-93|69-61-98-82-73-2-6-88-78-79-7-8-46-3-1-4-60-55-100-70-68
289,4,1431.7421,681.8387,139.0,873.9063,0,4,62.302431,62.414684,True,65-82-52-12-14-47-75-59-87-9-11-15-16-78-99-57-56-90-53-10-17-13-97-74-58-77-25-24-91-80|83-64-92-95-62-63-51-86-23-21-18-19-49-22-76-85-84-50-34-32-26-89-48-20-66|33-72-39-44-42-71-67-31-30-28-27-29-94-61-81-38-41-40-43-35-37-54-93-96|36-69-98-88-45-5-2-6-7-73-79-8-46-4-3-1-60-55-100-70-68
290,4,1432.4971,681.0837,141.0,873.9063,0,4,62.528924,62.64149,True,65-83-82-52-11-12-14-47-75-59-87-16-15-9-99-57-86-84-56-90-53-10-17-13-97-74-58-77-25-24-91-80|92-64-95-62-33-76-63-85-51-21-18-19-23-49-22-50-32-26-89-48-20-66|72-39-36-42-44-67-30-28-27-29-31-40-38-71-34-94-81-41-43-35-37-54-93-96|69-61-45-5-2-88-98-78-73-79-7-6-8-46-4-3-1-60-55-100-70-68
291,13,1432.8457,6521.0372,160.0,761.5432,0,13,910.869712,911.846121,True,82-12-14-15-16-47-17-13|64-84-85-51-49-19-18-48-20-66|83-22-21-23-25-24|92-67-31-29-27-28-26-34-93-96|95-62-33-30-32-50-91|52-59-97-87|88-2-45-5-3-1-70-100-55-68|63-76-89-56|65-57-86-75-58-77-74|81-69-98-53-78-73-79-7-6-8-46-4-60|71-72-38-36-35-37-54|61-42-44-39-40-43-41-94-80|90-99-9-11-10
292,4,1432.998,569.2114,214.0,892.9667,0,4,62.679186,62.78528,True,65-64-83-52-82-69-88-7-79-73-78-53-99-57-86-10-9-97-87-74-24-20-89-48-25-77-58-13-17-60|14-47-45-5-42-39-36-72-81-84-51-18-49-22-66-56-94-96-54-37-35-43-1-4-70-100-55-68-80|92-95-63-33-28-27-29-31-62-67-71-61-2-41-38-40-44-3-46-8-6-90|98-12-11-15-16-59-75-23-21-19-76-85-30-32-26-34-50-93-91
293,4,1432.998,569.2114,214.0,892.9667,0,4,62.679186,62.78528,True,65-64-83-52-82-69-88-7-79-73-78-53-99-57-86-10-9-97-87-74-24-20-89-48-25-77-58-13-17-60|14-47-45-5-42-39-36-72-81-84-51-18-49-22-66-56-94-96-54-37-35-43-1-4-70-100-55-68-80|92-95-63-33-28-27-29-31-62-67-71-61-2-41-38-40-44-3-46-8-6-90|98-12-11-15-16-59-75-23-21-19-76-85-30-32-26-34-50-93-91
294,4,1433.295,680.2858,207.0,873.9063,0,4,62.768285,62.88757,True,65-83-82-52-11-12-14-47-75-59-87-16-15-9-99-86-57-84-56-90-53-10-17-13-97-74-58-77-25-24-91-80|45-5-92-64-95-62-33-76-63-85-51-18-21-23-19-49-22-67-50-34-32-26-89-48-20-66|69-98-88-73-79-7-2-61-71-94-81-78-6-8-46-4-3-1-60-55-100-70-68|39-72-31-29-27-28-30-42-36-40-44-41-38-37-35-43-54-93-96
295,4,1434.5299,679.0508,175.0,873.9063,0,4,63.138782,63.255052,True,65-83-82-52-11-12-14-47-75-59-87-16-15-9-99-86-57-84-56-90-53-10-17-13-97-74-58-77-25-24-91-80|45-5-92-64-95-62-33-76-63-85-51-18-21-23-19-49-22-94-50-34-32-26-89-48-20-66|42-39-36-72-71-67-30-28-27-29-31-61-81-41-38-40-43-35-37-54-93-96|69-98-44-2-6-78-88-73-79-7-8-46-4-3-1-60-55-100-70-68
296,4,1434.6759,681.2114,260.0,837.887,0,4,63.182563,63.302298,True,69-82-83-75-59-15-16-47-73-79-6-88-94-99-86-9-87-97-13-10-17-60-4-1-100-55-68-70|44-61-12-11-52-23-21-18-19-76-85-84-51-49-22-57-24-20-89-48-25-77-58-74|92-95-64-63-62-67-33-30-31-29-27-28-26-32-34-50-56-91-66|65-14-2-45-5-42-39-36-38-72-71-81-90-98-53-78-7-8-46-3-40-43-41-35-37-54-93-96-80
297,4,1435.7334,530.6976,219.0,892.9667,0,4,63.499807,63.601444,True,92-95-64-83-52-82-98-88-7-79-73-78-53-99-57-86-10-9-97-87-74-24-20-89-48-25-77-58-13-17-60|65-14-47-42-39-36-72-61-81-67-62-84-51-18-49-22-66-56-94-96-54-37-35-43-1-4-70-100-55-68|63-33-28-27-29-31-71-2-45-5-41-38-40-44-3-46-8-6-90|69-12-11-15-16-59-75-23-21-19-76-85-30-32-26-34-50-93-91-80
298,4,1440.3994,465.6106,419.0,911.9151,0,4,64.899628,65.015744,True,72-39-42-5-45-2-14-47-16-15-11-59-75-87-86-9-90-94-81-41-55-60-10-13-97-74-58-77-25-48-24-91-80|65-52-83-64-95-33-63-85-51-76-18-21-23-19-49-22-57-99-56-84-50-34-32-26-89-20-66|92-31-29-27-28-30-62-67-82-69-98-88-53-12-78-73-79-7-6-8-46-3-43-35-37-54-93-96-68-70-100-1-4-17|71-38-36-40-44-61
299,4,1440.9485,661.8785,134.0,873.9063,0,4,65.064354,65.175874,True,82-52-12-14-47-75-59-87-9-16-15-11-99-86-57-84-56-90-53-10-17-13-97-74-58-77-25-24-91-80|5-45-65-83-64-95-62-67-33-63-51-18-21-23-19-49-22-76-85-32-26-89-48-20-66|92-72-36-39-42-44-71-31-30-28-27-29-40-38-34-50-94-96-81-41-43-35-37-54-93|61-69-98-88-2-6-7-73-78-79-8-46-4-3-1-60-55-100-70-68
300,4,1441.7166,570.4134,190.0,927.6241,0,4,65.294783,65.406471,True,64-83-52-82-98-88-7-79-73-78-53-99-57-86-10-9-97-87-74-24-20-89-48-25-77-58-13-17-60-100-70|65-14-47-42-39-36-72-71-67-62-95-84-51-18-49-22-66-56-94-96-54-37-35-43-1-4-55-68-80|92-63-33-28-27-29-31-61-2-45-5-41-38-40-44-3-46-8-6-81-90|69-12-11-15-16-59-75-23-21-19-76-85-30-32-26-34-50-93-91
301,4,1441.9802,540.6969,250.0,851.7277,0,4,65.373851,65.475777,True,92-95-64-19-21-23-83-82-98-88-79-73-78-53-99-86-87-97-9-13-10-17-60-100-70|63-33-28-27-29-72-36-38-39-42-61-81-94-67-84-51-56-66-96-68-55-4-3-1-43-35-37-54-93-91-80|65-52-59-75-16-15-47-14-12-11-57-22-49-18-76-85-50-34-32-26-89-20-24-48-25-77-58-74|69-2-45-5-62-30-31-71-41-40-44-46-8-7-6-90
302,4,1444.378,676.9649,107.0,873.9063,0,4,66.093207,66.205319,True,65-82-52-12-14-47-16-75-59-87-9-15-11-99-86-57-56-90-53-10-17-13-97-74-58-77-25-24-91-80|83-64-92-95-62-33-63-51-18-21-23-19-49-22-76-85-84-32-26-89-48-20-66|72-36-39-42-44-71-67-30-28-27-29-31-40-38-34-50-94-81-43-35-37-54-93-96|69-98-61-2-45-5-8-6-7-79-73-78-88-41-55-3-1-4-46-60-100-70-68
303,4,1444.946,724.4161,100.0,869.0209,0,4,66.263609,66.381576,True,82-52-59-75-15-16-47-14-11-87-86-76-84-56-66-90-57-60-17-13-97-74-58-77-25-24|65-83-64-92-95-62-33-63-85-51-18-21-23-19-49-22-9-10-99-94-50-32-26-89-48-20-91-80|72-36-39-44-42-31-29-27-28-30-67-71-81-41-38-40-43-37-35-34-93-96-54|69-98-12-2-45-5-8-7-6-61-88-53-78-73-79-46-4-3-1-70-100-55-68
304,4,1448.5827,649.9663,133.0,926.3377,0,4,67.354607,67.474395,True,65-82-52-11-14-47-15-16-75-59-87-9-99-86-57-51-84-56-90-53-10-17-13-97-74-58-77-25-48-24-91-93-80|92-31-29-27-28-30-33-67-71-41-40-38-34-94-96-81-54-37-35-43-70-100-68|95-63-83-98-69-61-2-45-5-8-7-79-73-78-12-88-6-46-4-3-1-60-55|42-39-36-44-72-62-76-18-21-23-19-22-64-20-49-85-50-32-26-89-66
305,4,1451.7426,686.3662,193.0,862.9083,0,4,68.30257,68.425252,True,65-95-63-62-64-83-52-82-69-98-88-2-7-8-6-79-73-78-53-99-57-86-87-97-9-10-13-74-24-20-48-25-77-58-17-60|72-61-42-39-38-40-44-41-71-94-85-51-76-18-49-22-84-89-56-66-91-80|59-11-12-14-47-15-16-75-23-21-19-67-30-32-26-34-50-93-96|92-33-28-27-29-31-36-45-5-3-46-90-81-54-37-35-43-1-4-70-100-55-68
306,4,1451.811,446.2474,522.0,949.4664,0,4,68.323097,68.455665,True,92-82-83-64-69-98-88-2-45-5-7-8-6-79-73-12-78-53-99-57-86-87-9-10-97-58-77-25-48-24-74-13-17-60-100-70-80|72-63-33-28-27-29-36-38-39-42-61-81-94-67-84-51-18-49-22-20-56-96-68-55-46-4-3-1-43-35-37-54-93-91|65-52-11-14-47-16-15-59-75-23-21-19-76-85-30-32-26-34-50-89-66|95-62-31-71-40-44-41-90
307,4,1455.0343,611.0409,199.0,895.7421,0,4,69.290087,69.407982,True,36-5-45-2-73-14-47-16-15-11-9-99-86-75-97-87-13-17-10-74-58-77-25-24-91-80|65-83-59-52-64-95-62-33-76-63-85-51-18-21-23-19-49-22-57-56-84-50-32-26-89-48-20-66|92-72-39-42-44-31-29-27-28-30-67-71-41-40-38-34-94-81|61-69-90-82-98-88-53-12-78-79-7-6-8-46-3-43-35-37-54-93-96-68-55-60-4-1-70-100
308,4,1455.2918,682.1263,128.0,862.9469,0,4,69.367328,69.483944,True,65-83-82-52-11-12-14-47-75-59-87-16-15-9-99-86-57-84-56-90-53-10-17-13-97-74-58-77-25-24-91|64-92-95-62-33-63-85-51-18-21-23-19-49-22-76-50-32-26-89-48-20-66|39-36-42-44-72-71-67-30-28-27-29-31-40-38-34-94-81-54-43-35-37-93-96-80|61-5-45-2-88-69-98-78-73-79-7-6-8-46-41-1-3-4-60-55-100-70-68
309,4,1456.1074,622.4285,220.0,859.2322,0,4,69.612013,69.728563,True,65-83-52-59-75-11-15-16-47-14-12-82-99-76-57-86-87-97-9-10-13-17-60|2-45-5-44-42-39-38-72-61-81-64-22-23-21-18-19-49-51-85-84-56-66-94-50-32-89-20-24-48-25-77-58-74|28-33-90-69-98-88-53-78-73-79-7-6-8-46-4-3-1-70-100-55-68|92-95-63-27-62-71-67-36-40-31-29-30-26-34-41-43-35-37-54-96-93-91-80
310,4,1456.4521,510.92,317.0,927.6241,0,4,69.715414,69.835299,True,95-64-83-65-82-98-88-45-5-7-79-73-78-53-99-86-10-9-97-87-74-24-20-89-48-25-77-58-13-17-60-100-70|14-39-36-44-42-72-71-67-63-85-76-18-21-23-19-49-22-51-84-94-96-81-54-37-43-1-3-4-55-68|69-2-12-47-16-15-11-59-75-52-57-66-56-50-34-32-26-35-93-91-80|92-62-33-30-28-27-29-31-38-40-41-61-46-8-6-90
311,4,1457.5597,666.9212,190.0,833.9573,0,4,70.047703,70.164571,True,11-15-16-47-14-12-73-79-6-90-76-18-57-86-87-9-10-97-13-17-60-4-1-70-55-100|69-98-82-52-99-59-75-23-21-19-49-51-67-85-84-66-22-24-20-89-48-25-77-58-74|65-83-64-92-95-62-63-33-30-31-29-27-28-26-81-56-50-32-34-93-96-91-80|2-45-5-71-72-42-39-38-36-40-44-41-61-88-53-78-7-8-46-3-94-54-37-35-43-68
312,4,1462.1625,698.2166,54.0,851.7277,0,4,71.428556,71.540565,True,65-83-75-59-11-15-16-47-73-79-90-99-57-86-87-97-9-10-13-17-60-100-70-68|69-98-82-12-52-64-67-85-51-18-21-23-19-49-22-76-89-20-24-48-25-77-58-74|45-42-39-72-92-95-62-63-33-28-27-29-30-31-71-81-61-41-38-40-37-94-84-32-26-34-50-56-91-66|36-44-5-2-14-78-7-8-6-53-88-55-46-4-3-1-43-35-54-96-93-80
313,4,1463.4099,650.1709,80.0,873.9063,0,4,71.802772,71.913875,True,65-83-52-59-14-47-99-82-78-9-87-75-86-57-84-56-90-53-10-17-13-97-74-58-77-25-24-91-80|92-64-95-62-33-76-63-85-51-18-21-23-19-49-22-50-32-26-89-48-20-66|72-36-39-42-44-71-67-30-28-27-29-31-40-38-34-94-81-41-43-35-37-54-93-96|69-61-5-45-2-88-98-15-11-12-16-73-79-7-6-8-46-4-3-1-60-55-100-70-68
314,5,1468.688,1380.8133,221.0,804.971,0,5,139.836122,140.062464,True,65-82-52-11-12-14-47-75-59-87-16-15-9-86-57-99-90-53-10-17-13-97-91-80|72-36-39-42-44-71-67-30-28-27-29-31-40-38-34-94-81-41-43-35-37-54-93-96|69-98-61-2-45-5-8-7-79-73-78-88-6-4-1-3-46-60-55-100-70-68|83-64-62-33-63-18-21-23-19-76-51-85-32-26-89-48-77-58-74|92-95-50-84-49-22-24-25-20-56-66
315,4,1472.3631,478.6244,314.0,886.878,0,4,74.488723,74.602126,True,92-95-64-83-65-82-98-88-45-5-8-7-79-73-78-53-99-57-86-10-9-87-97-74-49-20-24-48-25-77-58-13-17-60-100-70|14-47-39-36-44-42-72-67-62-63-76-18-21-19-22-51-84-94-96-81-68-55-4-1-43-35-37-54-93|33-28-27-29-31-71-61-2-41-38-40-3-46-6-90|69-12-15-16-11-52-59-75-23-85-30-32-26-34-50-89-56-66-91-80
316,4,1472.3735,501.4556,270.0,954.0654,0,4,74.49184,74.614348,True,92-95-64-83-65-82-98-88-45-8-7-79-73-78-53-99-86-10-9-87-97-57-24-20-48-25-77-58-74-13-17-60-100-70-93-80|14-47-42-39-36-72-67-62-63-76-18-21-23-19-49-22-84-94-96-81-54-37-35-43-1-4-55-68|33-28-27-29-31-71-61-2-5-44-40-38-41-3-46-6-90|69-12-16-15-11-52-59-75-51-85-30-32-26-34-50-89-56-91-66
317,4,1474.3283,634.9051,165.0,863.8713,0,4,75.078274,75.197357,True,82-65-64-83-52-59-15-16-47-14-12-11-9-87-75-86-99-57-84-56-53-10-17-13-97-74-58-77-25-91-80|45-5-92-95-62-33-76-63-85-51-18-21-23-19-49-22-20-90-50-32-26-89-48-24-66|72-36-39-42-44-71-67-30-28-27-29-31-40-38-34-94-81-41-43-35-37-54-93-96|69-98-61-2-6-88-78-73-79-7-8-46-4-3-1-60-55-100-70-68
318,4,1483.5135,637.6586,251.0,839.2422,0,4,77.833845,77.961002,True,59-47-14-2-45-5-44-36-72-71-64-22-23-21-18-19-49-20-51-85-84-94-89-48-24-25-77-58-74|65-83-92-95-62-33-28-27-29-31-30-63-76-57-53-67-34-26-32-50-56-91-66|69-61-42-39-38-81-6-8-46-3-40-43-41-35-37-54-93-96-80|98-82-52-75-16-15-11-12-78-73-79-7-88-90-99-86-87-97-9-10-13-17-60-4-1-100-55-68-70
319,4,1483.7587,471.469,281.0,940.0335,0,4,77.907422,78.027843,True,95-62-64-83-65-82-98-88-45-5-8-7-79-73-78-53-99-86-10-9-87-97-74-49-24-20-89-48-25-77-58-13-17-60-100-70|14-42-44-39-36-72-63-85-76-18-21-23-19-22-51-84-94-81-54-37-35-43-1-4-55-68|92-33-28-27-29-30-31-71-61-2-41-38-40-3-46-6-90|69-12-47-16-15-11-59-75-52-57-67-34-26-32-50-56-66-91-93-96-80
320,8,1486.5257,3375.3834,344.0,795.2379,0,8,439.021642,439.56426,True,82-11-12-14-47-75-59-87-16-15-9-99-90-53-10-17-13-97-66-91-80|92-95-67-62-33-26-32-34-50-93|72-36-39-44-42-71-31-30-28-27-29-94-81-61-41-38-40-43-35-37-54-96|69-98-88-2-45-5-8-7-79-73-78-6-4-1-3-46-60-55-100-70-68|65-83-20-49-48-77-58-74|22-25|64-76-63-84-18-21-19-86-57-51-85-89-56|52-23-24
321,4,1487.4173,607.7018,150.0,891.2363,0,4,79.00499,79.126524,True,45-82-65-52-12-14-47-75-59-87-9-16-15-11-99-86-57-84-56-90-53-10-17-13-97-74-58-77-25-48-24-91-80|72-36-39-42-44-71-67-31-30-28-27-29-40-38-34-94-81-41-43-35-37-54-93-96|69-98-5-2-78-88-61-73-79-7-6-8-46-4-3-1-60-55-100-70-68|83-64-92-95-62-33-63-85-76-18-21-23-19-49-22-20-51-50-32-26-89-66
322,4,1487.7047,554.6524,109.0,940.0335,0,4,79.091194,79.208077,True,83-65-69-2-73-88-82-99-52-57-86-10-9-97-87-74-49-24-20-89-48-25-77-58-13-17-60-100-70|14-47-45-5-42-39-72-67-62-63-76-18-19-51-85-84-94-81-54-3-4-1-43-35-37-68-55|92-95-33-28-27-29-31-71-61-38-36-40-44-41-79-7-8-46-6-78-53-90|98-12-11-15-16-59-75-23-21-22-64-30-32-26-34-50-56-66-91-93-96-80
323,4,1490.0977,438.8153,407.0,891.2363,0,4,79.809094,79.931799,True,39-36-5-45-2-47-15-75-59-87-9-52-99-61-41-38-40-55-10-17-13-97-74-58-77-25-48-24-91-80|69-98-14-11-83-64-63-85-51-76-18-21-23-19-49-22-86-57-56-84-50-34-32-26-89-20-66|42-72-71-33-30-28-27-29-31-62-67-94-81|82-65-95-92-44-90-88-53-12-16-78-73-79-7-6-8-46-3-43-35-37-54-93-96-68-70-100-1-4-60
324,4,1490.1997,458.392,324.0,928.4662,0,4,79.839717,79.962673,True,64-83-52-82-69-98-88-7-8-79-73-78-53-99-57-86-10-9-87-97-74-24-20-48-25-77-58-13-17-60-100-70-91-80|42-39-36-72-92-95-63-33-28-27-29-31-30-67-62-81-49-22-66-56-96-37-35-43-1-4-55-68|65-59-11-12-14-47-15-16-75-23-21-18-19-76-51-84-85-94-50-34-26-32-89-93-54|5-45-2-61-71-41-38-40-44-3-46-6-90
325,4,1491.596,521.4377,214.0,940.0335,0,4,80.258611,80.382179,True,65-83-52-82-69-88-79-73-78-53-99-57-86-10-9-97-87-74-49-24-20-89-48-25-77-58-13-17-60-100-70|14-47-45-5-42-39-36-72-63-76-18-64-94-71-67-85-84-81-54-37-35-43-1-4-55-68|92-95-62-33-28-27-29-31-61-2-41-38-40-44-3-46-8-7-6-90|98-12-11-15-16-59-75-23-21-19-22-51-30-32-26-34-50-56-66-91-93-96-80
326,4,1492.4103,520.9305,235.0,851.7277,0,4,80.502896,80.615486,True,92-95-64-19-21-23-83-82-98-88-79-73-78-53-99-86-87-97-9-13-10-17-60-4-100-70|63-33-28-27-29-72-36-38-39-42-61-81-94-67-34-51-84-56-66-96-68-55-3-1-43-35-37-54-93-91-80|65-52-59-75-16-15-47-14-12-11-57-22-49-18-76-85-50-32-26-89-20-24-48-25-77-58-74|69-2-45-5-62-30-31-71-41-40-44-46-8-7-6-90
327,4,1494.5979,615.9212,277.0,839.2422,0,4,81.159176,81.288998,True,65-47-2-45-5-44-36-72-67-90-86-23-21-18-19-49-22-20-51-85-84-94-89-48-24-25-77-58-74|83-92-95-62-63-31-29-27-28-30-33-76-64-57-66-56-32-26-34-50-91|69-42-39-38-71-81-61-46-8-3-40-43-41-35-37-54-93-96-80|98-82-52-75-59-11-14-16-15-12-78-73-79-7-6-88-53-99-87-9-10-97-13-17-60-4-1-100-55-68-70
328,4,1497.4102,617.9329,82.0,862.9469,0,4,82.002871,82.117894,True,65-83-52-11-12-14-47-75-59-87-16-15-9-86-57-99-90-53-10-17-13-97-74-58-77-25-24-91|45-5-92-64-95-62-33-76-63-85-51-18-21-23-19-49-22-56-84-50-32-26-89-48-20-66|39-36-42-44-72-67-30-28-27-29-31-40-38-34-94-81-41-43-35-37-54-93-96-80|69-82-98-2-7-71-61-88-78-73-79-6-8-46-4-3-1-60-55-100-70-68
329,4,1499.7188,460.814,298.0,950.6529,0,4,82.69543,82.822334,True,64-83-65-82-98-88-45-5-8-7-79-73-78-53-99-57-86-10-9-87-97-74-24-20-89-48-25-77-58-13-17-60-100-70-80|14-47-42-39-36-72-67-62-63-76-18-23-19-49-22-51-84-94-81-90-66-96-54-37-35-43-1-4-55-68-93|92-95-33-28-27-29-31-71-61-2-41-38-40-44-3-46-6|69-12-15-16-11-52-59-75-21-85-30-32-26-34-50-56-91
330,4,1502.0826,614.3517,130.0,834.8756,0,4,83.40457,83.521047,True,63-65-82-52-75-59-15-16-47-14-12-11-9-87-86-19-49-99-53-10-17-13-97-58-77-25-74|95-72-36-39-42-44-71-67-30-28-27-29-31-40-38-34-94-81-41-43-35-37-54-96-93-56-91-80|92-33-62-64-83-69-61-5-45-2-88-98-78-73-79-7-6-8-46-4-3-1-60-55-100-70-68|90-57-23-21-18-76-22-20-51-85-84-50-32-26-89-48-24-66
331,4,1504.637,457.7176,355.0,940.0335,0,4,84.170904,84.302926,True,92-95-64-83-65-82-98-88-2-45-8-7-79-73-78-53-99-57-86-10-9-87-97-74-49-24-20-89-48-25-77-58-13-17-60-100-70|14-47-42-39-36-72-67-62-63-76-18-21-19-22-51-84-94-81-96-90-66-68-55-4-1-43-35-37-54-93|33-28-27-29-31-71-61-5-41-38-40-44-3-46-6|69-12-15-16-11-52-59-75-23-85-30-32-26-34-50-56-91-80
332,5,1511.262,1298.1396,277.0,780.9656,0,5,127.435067,127.66378,True,65-82-52-11-12-14-47-75-59-87-16-15-9-99-53-90-20-22-74-97-13-17-10-66-91-80|92-95-62-33-26-32-50-48-25-77-58|72-36-39-42-44-71-67-30-28-27-29-31-40-38-34-94-81-41-43-35-37-54-93-96|69-98-61-2-45-5-8-7-79-73-78-88-6-4-1-3-46-60-55-100-70-68|83-64-23-76-63-84-18-21-19-49-86-57-51-85-89-24-56
333,4,1514.6085,390.857,455.0,891.2363,0,4,87.162342,87.290006,True,72-36-39-42-5-45-2-47-16-75-87-86-52-99-90-61-38-40-41-55-10-17-13-97-74-58-77-25-48-24-91-80|65-14-59-83-64-27-28-33-63-85-51-76-18-21-23-19-49-22-20-57-56-84-50-34-32-26-89-66|69-98-82-95-62-67-92-88-53-15-11-9-12-78-73-79-7-6-8-46-3-43-35-37-54-93-96-68-70-100-1-4-60|44-71-31-29-30-94-81
334,8,1515.4166,2891.2972,217.0,787.6231,0,8,366.408706,366.873537,True,92-67-33-30-32-34-26-89-91|42-44-39-36-72-71-31-29-28-27-41-38-40-43-35-37-54-93-96|98-2-45-5-8-7-79-73-78-88-6-4-1-3-46-60-100-70-55|15-59-75-58-77-25-48-24|90-69-99-22-19-49-20-84-66-80|53-18-51-85-50-56-57-74-97-13-17-10|95-63-76-21-23-52-86-87-9|65-82-12-14-47-16-11-83-64-62-94-81-61-68
335,4,1516.1424,597.4384,164.0,873.9063,0,4,87.622508,87.749921,True,65-83-82-52-11-12-14-47-75-59-87-16-15-9-99-86-57-84-56-90-53-10-17-13-97-74-58-77-25-24-91-80|45-5-92-64-95-62-33-63-85-51-18-21-23-19-76-49-22-50-32-26-89-48-20-66|72-36-39-42-44-71-67-30-28-27-29-31-40-38-34-94-81-41-43-35-37-54-93-96|69-98-88-73-79-7-2-61-78-6-8-46-4-3-1-60-55-100-70-68
336,4,1517.387,596.1938,160.0,873.9063,0,4,87.9959,88.1231,True,45-82-65-52-12-14-47-75-59-87-9-16-15-11-99-86-57-84-56-90-53-10-17-13-97-74-58-77-25-24-91-80|5-83-64-92-95-62-33-63-51-18-21-23-19-49-22-76-85-50-32-26-89-48-20-66|72-36-39-42-44-71-67-31-30-28-27-29-40-38-34-94-81-41-43-35-37-54-93-96|69-98-61-2-88-78-73-79-7-6-8-46-4-3-1-60-55-100-70-68
337,4,1517.8837,450.2364,281.0,941.2416,0,4,88.144895,88.27255,True,65-83-52-59-82-98-88-7-79-73-78-53-99-22-86-87-97-9-10-57-74-49-24-20-89-48-25-77-58-13-17-60-100-70|14-47-45-5-42-39-36-72-63-76-19-64-84-67-94-96-81-54-37-35-43-1-4-55-68|92-95-33-28-27-29-31-62-71-61-2-41-38-40-44-3-46-8-6-90|69-12-11-15-16-75-23-21-18-51-85-30-32-26-34-50-56-66-91-93-80
338,4,1518.9724,484.9973,257.0,940.0335,0,4,88.471525,88.602139,True,69-98-88-45-5-7-79-73-78-53-99-86-10-9-97-87-74-49-24-20-89-48-25-77-58-13-17-60-100-70|65-14-42-39-44-36-72-62-63-76-18-21-23-19-22-61-81-94-96-41-37-43-1-3-4-55-68|2-12-47-16-15-11-59-75-52-57-64-85-51-84-66-56-50-32-26-34-35-54-93-91-80|82-83-92-95-67-33-30-28-27-29-31-71-38-40-46-8-6-90
339,4,1519.4115,594.1692,133.0,873.9063,0,4,88.603253,88.728056,True,45-65-52-11-12-14-47-75-59-87-16-15-9-86-57-99-56-90-53-10-17-13-97-74-58-77-25-24-91-80|5-82-83-64-92-95-62-33-63-85-76-18-21-23-19-49-22-51-84-50-32-26-89-48-20-66|72-36-39-42-44-71-67-31-30-28-27-29-40-38-34-94-81-41-43-35-37-54-93-96|69-98-61-2-6-78-88-73-79-7-8-46-4-3-1-60-55-100-70-68
340,4,1520.7737,645.9631,63.0,910.0788,0,4,89.011923,89.14333,True,92-95-63-21-64-83-65-98-82-99-57-86-87-9-10-13-97-74-24-20-48-25-77-58-17-60-80|72-33-28-27-29-42-44-39-38-36-40-67-62-84-51-18-49-22-90-81-56-94-96-54-43-35-37-93-91|52-11-12-14-47-16-15-59-75-23-19-76-85-30-32-26-34-50-89-66|45-5-2-69-31-71-41-61-88-53-78-73-79-7-6-8-46-4-3-1-70-100-55-68
341,4,1520.8506,573.9843,146.0,855.1604,0,4,89.034964,89.155659,True,65-83-82-52-11-15-12-14-47-75-59-87-16-9-99-86-57-56-90-53-10-97-17-13-74-58-77-25-24-91-80|45-5-92-64-95-62-33-76-63-85-51-18-21-23-19-49-22-84-50-32-26-89-48-20-66|72-36-39-42-44-71-67-30-28-27-29-31-40-38-34-94-81-41-43-35-37-54-93-96|69-98-88-73-79-7-2-61-78-6-8-46-4-3-1-60-55-100-70-68
342,4,1521.8286,501.3341,190.0,925.1499,0,4,89.328376,89.453365,True,95-62-64-83-65-82-98-88-7-79-73-78-53-99-86-10-9-97-87-74-49-24-20-89-48-25-77-58-13-17-60-100|14-45-5-44-42-39-72-63-85-76-18-21-23-19-22-51-84-94-96-81-54-37-35-43-1-4-70-68|92-36-27-28-33-30-29-31-71-61-2-41-38-40-3-46-8-6-55|69-12-47-16-15-11-59-75-57-52-90-67-50-32-26-34-93-56-66-91-80
343,4,1524.0971,405.7102,390.0,891.2363,0,4,90.008929,90.135169,True,39-36-5-45-2-47-16-75-86-87-9-52-99-90-61-41-40-55-10-17-13-97-74-58-77-25-48-24-91-80|65-14-59-83-64-29-28-30-33-63-85-51-76-18-21-23-19-49-22-57-56-84-50-34-32-26-89-20-66|69-98-82-95-62-67-92-88-53-15-11-12-78-73-79-7-6-8-46-3-43-35-37-54-93-96-68-70-100-1-4-60|42-44-38-72-71-27-31-94-81
344,4,1524.1988,591.1444,129.0,862.9469,0,4,90.039439,90.16318,True,65-83-82-52-11-12-14-47-75-59-87-16-15-9-99-86-57-84-56-90-53-10-17-13-97-74-58-77-25-24-91|92-64-95-62-33-76-63-85-51-18-21-23-19-49-22-67-41-50-32-26-89-48-20-66|72-36-39-44-42-61-30-28-27-29-31-40-38-34-94-81-54-43-35-37-93-96-80|69-71-5-45-2-88-98-78-73-79-7-6-8-46-4-3-1-60-55-100-70-68
345,4,1525.7188,454.7604,343.0,908.4718,0,4,90.495423,90.627392,True,92-95-64-83-65-82-98-88-2-6-7-79-73-78-53-99-57-86-87-9-10-97-74-24-20-48-25-77-58-13-17-60-100-70-80|14-47-39-36-44-42-72-67-62-63-85-76-18-19-49-22-51-84-94-81-90-66-96-54-37-35-43-1-4-55-68-93-91|33-28-27-29-31-71-61-45-5-41-38-40-3-46-8|69-12-16-15-11-52-59-75-23-21-30-32-26-34-50-89-56
346,4,1528.6429,431.8899,308.0,950.6529,0,4,91.372666,91.504908,True,92-95-64-83-65-82-98-88-45-8-7-79-73-78-53-99-57-86-10-9-87-97-74-24-20-89-48-25-77-58-13-17-60-100-70-80|14-47-39-36-44-42-72-67-62-63-76-18-23-19-49-22-51-84-94-81-90-66-96-54-37-35-43-1-4-55-68-93|33-28-27-29-31-71-61-2-5-41-38-40-3-46-6|69-12-15-16-11-52-59-75-21-85-30-32-26-34-50-56-91
347,4,1529.9315,585.4116,86.0,862.9469,0,4,91.759255,91.879556,True,45-82-83-52-12-14-47-75-59-87-9-16-15-11-53-99-57-86-10-17-13-97-74-58-77-25-24-91|5-65-64-92-95-62-33-63-51-18-21-23-19-49-22-76-85-84-56-50-32-26-89-48-20-66|72-36-39-44-42-71-67-31-30-28-27-29-40-38-34-94-41-43-35-37-54-93-96-80|69-98-88-73-79-7-2-61-81-90-78-6-8-46-4-3-1-60-55-100-70-68
348,4,1531.3166,598.5644,258.0,833.9573,0,4,92.174774,92.310316,True,65-52-59-75-11-15-16-47-14-12-73-79-6-88-53-90-57-86-87-97-9-10-13-17-60-4-1-70-55-100|28-69-82-99-83-64-22-23-19-18-76-51-85-84-94-81-56-49-24-20-89-48-25-77-58-74|39-92-95-21-63-62-67-33-30-27-29-31-26-32-34-50-93-96-66-91-80|45-5-2-42-71-72-38-36-40-44-61-98-78-7-8-46-3-43-41-35-37-54-68
349,4,1532.2196,618.3529,42.0,896.1195,0,4,92.445687,92.572192,True,65-83-52-75-59-87-16-78-99-86-57-84-56-90-53-10-60-17-13-97-74-58-77-25-24-91-80|45-5-92-64-95-62-33-76-63-85-51-18-21-23-19-49-22-50-32-26-89-48-20-66|72-36-39-42-44-71-67-30-28-27-29-31-40-38-34-94-81-41-43-35-37-54-93-96|69-98-82-11-15-47-14-12-73-79-7-2-61-88-9-6-8-46-4-3-1-70-100-55-68
350,4,1534.8409,415.9638,264.0,884.6983,0,4,93.232062,93.349481,True,95-64-83-65-69-98-88-45-8-7-79-73-78-53-99-57-86-10-9-87-97-74-49-20-48-25-77-58-13-17-60-100-70|14-47-39-36-44-42-72-67-62-63-76-18-21-19-22-51-84-94-81-90-66-96-68-55-4-1-43-35-37-54-93|92-33-28-27-29-31-71-61-2-5-41-38-40-3-46-6|82-12-15-16-11-52-59-75-23-85-30-26-32-34-50-89-24-56-91-80
351,4,1536.0835,577.4973,69.0,873.9063,0,4,93.604837,93.72574,True,5-45-98-82-65-83-52-15-16-47-12-99-86-57-64-84-56-90-53-10-17-13-97-74-58-77-25-24-91-80|92-95-62-33-63-76-59-75-23-21-18-19-49-22-51-85-50-32-26-89-48-20-66|72-36-39-44-42-71-67-31-30-28-27-29-40-38-34-94-41-43-35-37-54-93-96|69-11-14-88-73-79-7-2-61-81-87-9-78-6-8-46-4-3-1-60-55-100-70-68
352,4,1553.4424,560.1384,124.0,873.9063,0,4,98.812511,98.941518,True,45-82-52-12-14-47-16-75-59-87-9-15-11-99-86-57-84-56-90-53-10-17-13-97-74-58-77-25-24-91-80|5-65-83-64-92-95-62-33-63-51-18-21-23-19-49-22-76-85-50-32-26-89-48-20-66|39-36-42-44-72-71-67-31-30-28-27-29-40-38-34-94-81-43-35-37-54-93-96|69-98-88-73-79-7-2-41-61-78-6-8-46-4-3-1-60-55-100-70-68
353,4,1555.4418,558.1389,160.0,873.9063,0,4,99.412351,99.545258,True,45-82-65-52-14-12-47-75-59-87-9-16-15-11-99-86-57-84-56-90-53-10-17-13-97-74-58-77-25-24-91-80|5-83-64-92-95-62-33-63-51-18-21-23-19-49-22-76-85-50-32-26-89-48-20-66|72-36-39-42-44-71-67-30-31-28-27-29-40-38-34-94-81-41-43-35-37-54-93-96|69-98-88-73-79-7-2-61-78-6-8-46-4-3-1-60-55-100-70-68
354,4,1559.6654,553.9154,57.0,873.9063,0,4,100.679414,100.802655,True,45-14-15-11-82-65-52-99-59-75-87-86-57-84-56-90-53-17-13-97-74-58-77-25-24-91-80|5-83-64-92-95-62-33-63-51-18-21-23-19-49-22-76-85-50-32-26-89-48-20-66|72-36-39-42-44-71-67-31-30-28-27-29-40-38-34-94-81-41-43-35-37-54-93-96|69-98-88-12-47-73-79-7-2-61-16-9-10-78-6-8-46-4-3-1-60-55-100-70-68
355,4,1563.5075,606.2976,91.0,851.7277,0,4,101.832037,101.964361,True,65-83-52-59-11-15-16-47-14-12-82-99-57-86-75-87-9-97-78-17-13-10-60-55|2-45-5-42-61-7-81-64-22-23-21-18-19-49-51-85-84-56-66-94-89-20-24-48-25-77-58-74|39-72-92-95-62-76-63-33-30-28-27-29-31-67-71-38-37-26-32-34-50-93-54-96-91-80|36-44-88-69-90-98-53-73-79-6-41-40-8-46-4-3-1-43-35-70-100-68
356,4,1564.0448,451.7557,261.0,891.2363,0,4,101.99325,102.12548,True,39-5-45-2-47-16-75-86-87-9-52-99-90-61-40-55-10-17-13-97-74-58-77-25-48-24-91-80|14-59-83-64-95-29-63-85-51-76-18-21-23-19-49-22-57-56-84-50-34-32-26-89-20-66|92-42-44-36-72-71-33-30-28-27-31-67-94-38-41-81|62-65-82-69-98-88-53-15-11-12-78-73-79-7-6-8-46-3-43-35-37-54-93-96-68-70-100-1-4-60
357,4,1567.1853,413.9748,308.0,947.0623,0,4,102.935402,103.075981,True,92-95-64-83-65-82-98-88-45-8-7-79-73-78-53-99-57-86-10-9-87-97-74-49-20-89-48-25-77-58-13-17-60-100-70-80|14-47-39-36-44-42-72-67-62-63-76-18-21-19-22-51-84-94-81-90-66-96-68-55-4-1-43-35-37-54-93|33-28-27-29-31-71-61-2-5-41-38-40-3-46-6|69-12-15-16-11-52-59-75-23-85-30-32-26-34-50-24-56-91
358,4,1567.5739,376.681,493.0,913.4495,0,4,103.051956,103.200516,True,2-45-5-47-15-16-75-86-87-9-99-90-61-41-38-40-55-10-60-17-13-97-74-58-77-25-48-24-91-80|14-59-52-83-64-95-62-29-63-85-51-76-18-21-23-19-49-22-57-56-84-50-34-32-26-89-20-66|42-39-36-72-27-71-92-65-82-69-98-88-53-11-12-78-73-79-7-6-8-46-3-43-35-37-54-93-96-68-70-1-4-100|33-30-28-31-67-94-44-81
359,4,1568.6366,584.868,48.0,864.1377,0,4,103.370773,103.498983,True,65-83-52-82-75-59-14-47-16-15-53-98-87-86-57-49-18-84-56-66-17-13-97-74-58-77-25-48-24|92-95-62-33-63-23-21-19-76-85-51-22-64-99-9-10-90-94-50-32-26-89-20-91|72-36-39-44-42-71-67-31-29-30-28-27-40-38-34-81-41-43-35-37-54-93-96-80|69-11-12-2-45-5-8-7-79-73-78-88-61-6-46-4-3-1-70-100-60-55-68
360,4,1572.6315,589.9272,140.0,833.9573,0,4,104.569257,104.704097,True,65-63-83-52-59-11-15-16-47-14-12-82-99-57-86-75-87-9-97-78-17-13-10-60-55|2-45-5-61-81-64-22-23-21-19-49-76-18-51-85-84-56-66-24-20-89-48-25-77-58-74|72-92-95-62-31-29-27-28-30-33-67-73-94-71-34-26-32-50-93-54-96-91-80|39-36-44-42-7-88-69-90-98-53-41-38-40-6-79-8-46-4-3-1-43-35-37-70-100-68
361,4,1574.6751,462.5473,228.0,927.6241,0,4,105.18234,105.321536,True,65-83-52-82-69-98-88-15-16-73-79-78-53-99-57-86-10-9-97-87-74-24-20-89-48-25-77-58-13-17-60-100-70|59-47-14-42-39-72-71-67-95-90-12-11-75-18-49-22-51-84-56-94-96-54-37-35-43-1-4-55-68|92-33-28-27-29-31-61-2-45-5-41-38-40-44-3-46-8-7-6-81|36-64-19-23-21-76-63-85-62-30-32-26-34-50-93-91-66-80
362,4,1578.8178,489.7605,157.0,884.849,0,4,106.425132,106.556137,True,92-95-33-64-83-99-52-57-86-87-9-16-78-53-10-13-97-74-24-20-48-25-77-58-17-60|5-2-42-44-39-72-67-62-63-27-76-19-49-22-51-84-94-96-54-37-35-43-1-4-100-70-68|36-28-29-31-71-61-45-7-79-73-88-90-81-41-38-40-3-46-8-6-55|65-69-98-82-11-12-14-47-15-59-75-23-21-18-85-30-32-26-34-50-89-56-66-91-93-80
363,4,1585.0132,491.1691,147.0,904.6228,0,4,108.283764,108.418804,True,92-95-33-64-83-99-52-57-86-87-9-16-53-10-13-97-74-24-20-48-25-77-58-17-60-100|5-2-42-44-39-72-67-62-63-27-76-19-49-22-51-84-94-96-81-54-37-35-43-1-4-70-68|36-28-29-31-71-61-45-7-79-73-78-88-90-41-38-40-3-46-8-6-55|65-69-98-82-11-12-14-47-15-59-75-23-21-18-85-30-32-26-34-50-89-56-66-91-93-80
364,4,1586.3213,352.0704,375.0,891.2363,0,4,108.676175,108.811535,True,72-39-42-5-45-2-47-16-75-86-87-9-52-99-90-61-41-40-55-10-17-13-97-74-58-77-25-48-24-91-80|14-82-65-83-64-95-29-27-63-85-51-76-18-21-23-19-49-22-57-56-84-50-34-32-26-89-20-66|92-28-33-59-69-98-88-53-15-11-12-78-73-79-7-6-8-46-3-43-35-37-54-93-96-68-70-100-1-4-60|44-36-38-71-31-30-62-67-94-81
365,4,1589.0548,505.3238,121.0,893.6067,0,4,109.496242,109.630366,True,45-14-11-15-16-75-59-86-52-9-87-53-99-57-84-56-90-10-97-24-66-91-80|5-82-65-83-64-92-95-62-33-63-51-18-21-23-19-49-22-76-85-50-32-26-89-20-48-25-77-58-74-13-17|72-36-39-42-44-71-67-31-30-28-27-29-40-38-34-94-81-41-43-35-37-54-93-96|69-98-88-12-47-73-79-7-2-61-78-6-8-46-4-3-1-60-55-100-70-68
366,9,1592.5065,2961.8213,357.0,770.6907,0,9,376.987333,377.49763,True,75-15-16-47-14-12-53-17-13-97-80|92-95-62-33-63-76-85-84-50-34-32-26-89|72-36-39-44-42-71-31-29-27-28-30-67-94-81-61-41-38-40-43-35-37-54-93-96|69-98-88-2-45-5-8-79-73-78-7-6-46-4-3-1-60-55-100-70-68|66-57-74-77-25-48-24|83-64-20-49-58-56-91|90-11-9-87-99-22-18-86-10|65-19-23-21-51|82-59-52
367,4,1593.5611,422.3544,248.0,848.5086,0,4,110.848119,110.977084,True,14-47-39-36-44-42-72-92-63-30-76-18-21-19-49-22-20-51-56-94-96-54-37-35-43-1-4-70-100-55-68|65-95-33-28-27-29-31-61-2-45-5-41-38-40-3-46-8-7-6-90|69-83-75-59-16-15-12-11-52-99-81-71-67-84-85-50-34-32-26-89-48-24-66-91-93-80|62-64-23-86-82-98-88-79-73-78-53-10-9-97-87-57-25-77-58-74-13-17-60
368,4,1595.7539,387.9506,296.0,934.0593,0,4,111.505978,111.648074,True,65-63-83-82-69-61-39-5-7-79-73-78-88-53-99-86-87-97-9-10-57-20-49-24-89-48-25-77-58-74-13-17-60-100-70|92-95-62-33-28-27-29-31-67-2-41-38-40-44-3-46-8-6-90|72-36-42-98-11-14-15-59-75-23-21-19-22-51-85-30-32-26-34-50-56-66-91-93-80|45-12-47-16-52-64-18-76-84-94-71-96-81-54-37-35-43-1-4-55-68
369,4,1597.3562,516.2246,124.0,873.9063,0,4,111.986645,112.12224,True,45-82-65-52-12-14-47-75-59-87-16-15-11-9-86-99-57-85-90-10-17-13-97-74-58-77-25-24-91-80|5-83-64-92-95-62-67-33-63-51-18-21-23-19-49-22-76-84-81-56-50-32-26-89-48-20-66|72-36-39-44-42-61-71-31-30-28-27-29-40-38-34-94-41-43-35-37-54-93-96|69-98-88-2-6-78-53-73-79-7-8-46-4-3-1-60-55-100-70-68
370,4,1599.354,412.5437,220.0,927.6241,0,4,112.586005,112.724305,True,95-64-83-52-98-88-7-79-73-12-16-11-86-57-10-9-97-87-74-24-20-89-48-25-77-58-13-17-60-100-70|65-14-15-47-42-39-36-72-71-67-62-30-85-51-18-49-22-66-94-96-54-37-35-43-1-4-55-68-80-91|92-63-33-28-27-29-31-61-2-45-5-41-38-40-44-3-46-8-6-81-90|69-82-99-59-75-23-21-19-76-78-53-56-84-50-32-26-34-93
371,4,1602.5672,517.2698,176.0,859.2322,0,4,113.549964,113.690277,True,65-83-52-47-14-12-15-16-75-59-87-86-57-11-10-99-9-97-13-17-60|5-45-2-82-72-39-44-42-61-81-64-22-23-21-18-19-49-51-85-84-56-66-94-50-32-89-20-24-48-25-77-58-74|33-28-38-90-69-98-88-53-78-73-79-7-6-8-46-4-3-1-43-35-37-70-100-55-68|92-95-63-27-62-71-67-36-40-31-29-30-76-26-34-41-54-96-93-91-80
372,4,1607.6294,316.9868,457.0,891.2363,0,4,115.068628,115.213319,True,72-39-42-5-45-2-47-16-75-86-87-9-52-99-90-61-41-40-55-10-17-13-97-74-58-77-25-48-24-91-80|14-59-83-64-95-29-27-33-63-85-51-76-18-21-23-19-49-22-57-56-84-50-34-32-26-89-20-66|92-36-28-62-65-82-69-98-88-53-15-11-12-78-73-79-7-6-8-46-3-43-35-37-54-93-96-68-70-100-1-4-60|44-38-71-31-30-67-94-81
373,4,1616.2515,497.3293,112.0,873.9063,0,4,117.655248,117.792477,True,45-82-65-52-12-14-16-75-59-87-9-11-99-86-57-84-56-90-53-10-17-13-97-74-58-77-25-24-91-80|5-83-64-92-62-29-30-33-63-51-18-21-23-19-49-22-76-85-50-32-26-89-48-20-66|95-72-36-39-44-42-61-71-67-31-28-27-40-38-34-94-81-43-35-37-54-93-96|69-98-15-47-73-79-7-2-41-88-78-6-8-46-4-3-1-60-55-100-70-68
374,4,1616.9776,477.7228,233.0,875.7702,0,4,117.87308,118.019965,True,98-12-15-59-52-83-64-57-86-75-99-9-10-53-90-66-24-20-91-80|47-14-82-65-95-92-71-62-33-63-85-51-76-19-23-21-18-49-22-87-56-84-50-32-26-89-48-25-77-58-74-13-17|42-39-36-31-29-27-28-30-67-72-44-40-38-34-94-81-41-43-35-37-54-93-96|11-69-61-2-45-5-8-7-79-73-88-16-97-78-6-4-1-3-46-60-55-100-70-68
375,12,1619.4849,4750.0519,319.0,761.5432,0,12,645.221912,646.004265,True,65-59-75-11-15-16-47-14-12-82-10-9-87-97-13-17-60|2-45-5-61-81-94|92-62-67-33-30-31-29-27-28-26-32-34-50-93-96-91-80|90-69-98-88-53-78-73-79-7-6-8-46-4-3-1-70-100-55-68|71-72-42-39-38-36-40-44-43-41-35-37-54|85-25|49-48-20-24|64-95-56-66-57-58-74|51-23-76-89|19-18-21-77|83-99-52-86-22-84|63
376,4,1620.6614,372.8275,343.0,875.2346,0,4,118.978207,119.121383,True,92-95-64-19-23-82-98-88-6-79-73-12-78-53-99-86-87-9-97-13-10-17-60-100-70-80|72-63-33-28-27-29-36-38-39-42-61-81-94-67-84-51-76-49-22-56-66-96-68-55-4-3-1-43-35-37-54-93-91|65-83-59-52-11-14-47-15-16-75-21-18-57-85-30-32-26-34-50-89-20-48-25-77-58-74-24|69-2-45-5-62-31-71-41-40-44-46-8-7-90
377,4,1623.9502,474.2764,52.0,833.9573,0,4,119.964851,120.088939,True,95-83-65-82-52-75-59-11-15-16-47-73-79-76-57-86-87-97-9-10-13-17-60-100-70|71-69-98-12-99-64-22-23-21-18-19-49-51-85-84-56-66-24-20-89-48-25-77-58-74|45-42-39-72-92-62-63-33-28-27-29-31-30-67-94-41-38-40-37-34-26-32-50-93-96-91-80|36-44-5-2-14-88-6-7-8-61-81-90-53-78-55-46-4-3-1-43-35-54-68
378,4,1637.8192,622.5251,105.0,831.4752,0,4,124.125562,124.280976,True,69-98-82-65-83-64-95-62-81-61-96-94-34-50-56-66-1-4-100-55-68|72-36-39-42-2-12-11-75-87-86-57-52-99-90-88-53-78-9-13-10-17-60-70-43-54|63-59-14-47-15-16-73-45-5-44-40-38-41-71-67-84-51-20-49-22-24-74-97-58-77-25-48-91|92-33-28-27-29-31-30-85-76-18-21-23-19-79-7-6-8-46-3-37-35-26-32-89-93-80
379,4,1642.8932,440.9858,196.0,891.3246,0,4,125.647755,125.795538,True,98-82-92-67-62-95-83-57-52-9-53-90-81-96-94-34-26-50-56-66-91-80-68-55-60-4-100-70|39-36-42-5-2-88-69-65-99-86-22-64-41-61|59-11-47-15-16-14-7-45-44-40-38-71-84-85-51-20-49-87-10-17-13-97-74-58-77-25-48-24|72-63-31-29-27-28-30-33-76-19-18-21-23-75-12-78-73-79-6-8-46-3-1-43-35-37-54-93-32-89
380,4,1679.8123,426.4586,183.0,841.6617,0,4,136.723494,136.871424,True,69-82-98-88-2-6-7-79-73-78-53-99-22-87-9-97-13-10-17-60-100-70|65-63-33-28-27-29-31-36-39-44-42-61-81-67-76-18-84-94-96-90-68-55-4-3-1-43-35-37-54-93-91-80|5-45-52-11-12-14-47-16-15-59-75-21-64-30-51-85-50-34-32-26-89-20-24-48-25-77-58|92-95-62-83-23-19-72-71-41-38-40-46-8-57-86-74-49-56-66
381,4,1687.1645,425.3723,144.0,893.6067,0,4,138.929157,139.083021,True,14-98-15-12-59-75-23-21-18-19-22-64-49-57-99-9-10-53-90-56-84-24-66-91-80|47-82-65-95-92-71-62-33-63-76-86-51-85-50-32-26-89-20-48-25-77-58-74-13-17|39-36-42-44-72-67-30-28-27-29-31-40-38-34-94-81-41-43-35-37-54-93-96|83-52-11-69-61-2-45-5-8-7-79-73-88-16-87-97-78-6-4-1-3-46-60-55-100-70-68
382,4,1687.2153,287.157,292.0,924.0335,0,4,138.944394,139.096905,True,95-33-62-64-83-65-82-98-88-45-7-79-73-78-53-99-57-86-10-9-97-87-74-49-20-89-48-25-77-58-13-17-60-100-70|14-47-39-36-44-42-72-92-63-30-76-18-21-19-22-51-84-94-81-54-37-35-43-1-4-55-68|31-28-27-29-61-2-5-41-38-40-3-46-8-6-90|69-12-15-16-11-52-59-75-23-71-67-85-34-26-32-50-56-24-66-91-96-93-80
383,4,1689.8401,284.5322,342.0,924.0335,0,4,139.731832,139.889737,True,95-33-62-64-83-65-82-98-88-45-7-79-73-78-53-99-57-86-10-9-97-87-74-49-20-89-48-25-77-58-13-17-60-100-70|14-47-39-36-44-42-72-92-63-30-76-18-21-19-22-51-84-94-81-54-37-35-43-1-4-55-68|5-2-69-12-16-15-11-52-59-75-23-71-67-85-34-26-32-50-56-24-66-91-96-93-80|28-27-29-31-38-40-41-61-3-46-8-6-90
384,4,1690.4446,303.8031,250.0,911.2773,0,4,139.913171,140.063034,True,33-62-64-83-65-69-98-88-45-8-7-79-73-53-99-86-87-97-9-10-57-74-49-89-48-25-77-58-13-17-60-100-70|14-47-42-39-36-72-92-95-63-30-85-76-18-19-22-51-84-56-81-94-54-37-35-43-1-4-55-68|31-28-27-29-61-2-5-41-38-40-44-3-46-6-78-90|82-11-12-15-16-52-59-75-23-21-67-71-34-26-32-50-20-24-66-91-93-96-80
385,8,1692.5786,2802.4542,343.0,774.0315,0,8,353.082254,353.597468,True,65-52-59-11-15-16-47-14-12-73-79-90-57-86-87-9-17-60-4-70|69-98-82-99-83-22-23-21-18-19-49-51-85-84-56-20-24-25-77-58-74|92-95-62-33-30-31-29-27-28-26-32-34-50-93-96-80|2-45-5-72-39-38-36-40-44-41-61-88-53-7-8-46-3-43-35-37-54|81-64-78-66-48-89-91|67-94-97-13-10-55-100-68|6-1|42-71-63-76-75
386,4,1757.056,442.169,161.0,864.1377,0,4,159.896612,160.071243,True,5-98-82-83-95-62-67-92-90-99-52-9-61-81-54-96-50-56-66-91-80-55-100-70-60|39-36-2-88-69-87-86-57-64-84-94-38-40-6-46-4-1-68|65-59-11-47-15-16-14-7-45-44-41-71-30-34-85-51-49-20-22-10-17-13-97-74-58-77-25-48-24|42-72-31-29-27-28-33-63-76-19-18-21-23-75-12-53-78-73-79-8-3-43-35-37-26-32-89-93
387,4,1761.475,429.5784,101.0,897.2337,0,4,161.222296,161.395328,True,95-63-33-62-65-82-98-88-45-8-7-79-73-78-53-9-10-99-86-87-97-58-25-77-74-13-17-60-100-70|14-47-39-36-44-42-72-92-30-76-18-21-23-19-51-85-90-81-94-54-37-35-43-1-4-55-68|83-31-28-27-29-61-2-5-41-38-40-3-46-6-22-49-84-89-48-56|69-12-15-16-11-52-59-75-57-64-67-71-34-26-32-50-20-24-66-91-93-96-80
388,4,1797.857,453.5028,150.0,864.1377,0,4,172.136891,172.324362,True,5-45-98-82-83-95-62-67-92-90-99-52-9-88-81-96-54-94-34-50-56-91-66-60-55|39-61-69-65-86-57-64-84-41-38-40-6-4-3-1-100-70-68|72-63-59-11-16-15-47-14-7-2-44-71-85-51-49-20-22-87-10-17-13-97-74-58-77-25-48-24|42-36-31-29-27-28-30-33-76-19-18-21-23-75-12-73-78-53-79-8-46-43-35-37-26-32-89-93-80
389,4,1858.1587,434.606,143.0,877.5261,0,4,190.227423,190.431458,True,69-82-65-83-64-95-62-67-92-99-98-88-61-81-96-54-94-34-50-56-66-91-80-68-55-100-4-1-70|72-39-42-2-12-11-75-86-57-52-90-41-53-78-13-10-17-60-43|63-59-14-47-15-16-73-45-5-44-40-38-71-84-85-51-22-87-9-20-49-24-74-97-58-77-25-48|36-31-29-27-28-33-30-76-18-21-23-19-79-7-6-8-46-3-37-35-26-32-89-93
390,8,1975.1268,2441.5814,321.0,769.6705,0,8,298.951339,299.494333,True,47-51-84-56-90-53-17-91-80|92-42-39-36-72-71-67-33-30-28-27-29-31-40-38-34-94-81-41-43-35-37-54-93-96|95-63-98-69-61-2-45-5-8-7-79-73-78-88-6-4-1-3-46-60-55-100-70-68|44-62-85-76-50-32-26-89|52-66-10-13-97-58-74-25|82-12-15-75-77-48-20-24|64-99-11-57-21-19-49-22-86-87-9|65-14-59-83-18-23-16
391,11,1997.9178,3612.9243,390.0,768.7854,0,11,474.652769,475.385968,True,15-16-47-14-12-11-10-90-53-17-13-80|45-5-92-62-33-26-32-50|72-36-39-42-44-71-67-30-28-27-29-31-40-38-34-94-81-41-43-35-37-54-93-96|69-98-61-2-6-78-88-73-79-7-8-46-4-3-1-60-55-100-70-68|99-86-74-77-24|95-85-19-48-25-58|51-64-20-56-91-66|9-87-97-49-89|82-76-18-22-57-84|65-52-83-63-21-23-75|59
392,10,2241.7014,2979.1677,264.0,786.4323,0,10,379.589286,380.290304,True,65-82-15-11-12-14-47-59-52-99-84-90-53-10-97-74-58-77-25-24-91|64-95-33-76-51-21-49-22-50-32-26-89-48-20-66|31-29-30-72-39-44-38-41-81-94-34-35-37-54|61-98-2-6-73-79-8-1-4-60-55-70-68|19-28-27-96-93-80-100|88-86-13-17-56|40-43-3-46|92-62-63-23-18-85-57-87-9-16-78|83-69-5-7-71-67|36-42-45-75
393,11,2255.2701,3756.6456,312.0,774.7615,0,11,496.210972,497.036032,True,65-11-12-14-47-16-59-87-86-53-90-9-13-77-25-24-91-80|64-95-62-63-76-18-21-23-19-49-22-20-51-84-32-34-50-66|42-44-39-71-31-29-28-30-67-94-81-41-38-40-37-54-96|98-88-2-45-6-7-73-79-8-46-4-3-1-100-70-68|82-36-35-74|78-97-56-17-60-55|69-83-75-58-48|10-99-93|92-27-52-5-43-26-89|61-85-57|72-33-15
394,12,2261.5021,3663.0248,287.0,774.7615,0,12,482.167855,482.978541,True,82-12-14-47-59-87-9-16-15-11-53-90-56-57-13-77-25-24-91-80|64-95-62-63-51-18-21-23-19-49-85-32-89-20-66|44-42-39-38-71-29-28-30-31-94-37-41-54-96|69-98-88-79-7-2-6-8-46-4-3-1-100-70-68|17-97-58-74|55-60-43-35|40-50-48-93|22-26-34-84-10|67-81-61-73-78-86-99|45-75-52-83-76|92-33-27-36-72-65|5
395,14,2345.8184,6060.8174,297.0,769.0601,0,14,841.836735,843.03313,True,65-12-14-47-16-15-99-52-86-97-9|2-45-61-64-22-23-21-18-19-49-51-84-56-20-25-77-74|92-95-63-33-28-29-31-30-32-34-50-93-96-80|90-69-98-78-73-79-7-6-8-46-4-3-1-100|72-38-39-44-40-37-54|57-66-35-55|60-58|70|36-41-68-91|83-82-10-17|24-48|67-59-75-85-88-87-13-43|81-62-71-94-53-89-26|42-5-11-76-27
396,16,2476.2072,6531.3561,287.0,759.4837,0,16,912.417546,913.721802,True,65-12-14-47-16-15-59-52-9-87-86-57-99|2-45-61-81-64-22-23-21-19-49-51-84-56-20-25-77-74|92-95-62-28-29-31-30-32-34-93-80|90-69-98-78-79-7-6-8-46-4-3-1-100|72-38-39-44-40-37-54|17|68-43-50|5-70-66|55-96-91|53-85-71-67-41-35-60|88-10-13-89|82-83-94-26-48|42-36-33-24-58|76-97|73-11-75-18|63-27
397,11,2520.8305,3709.9812,269.0,757.5431,0,11,489.211316,490.102162,True,65-83-52-12-47-16-15-9-87-57-84-90-53-10-13-97-25-24-91|64-92-95-62-63-51-18-23-19-49-76-32-26-89-48-20|44-39-72-71-67-30-29-27-81-94-34-40-41-35-93|69-61-5-45-2-88-73-79-7-6-8-4-60-100-68|66-22-56-80-55|99-17-70-54|42-31-50-78-1-37-43-96|85-58-77-74|98-3-46-86|59-11-82-38-28-21-75|33-36-14
398,14,2595.5004,5519.4424,369.0,750.0667,0,14,760.630487,761.824931,True,36-5-2-73-47-16-15-9-75-97-10-74-77-24-80|65-59-64-95-62-63-85-51-76-19-49-57-86-99-56-84-32-50|42-39-71-30-28-27-31-34-40|61-69-82-53-88-78-79-7-6-8-46-3-43-37-54-68-55-60-4-1-70|98-52-89|25|48|90-44-38-96-91|92-83-18-58|66-22-17|14-21-20-87-13-93|23-45-81-41-35-100|72-33-29-94-67-26|12-11
399,21,2906.2012,8702.137,203.0,749.2268,0,21,1238.034679,1239.785111,True,65-82-47-15-75-59-52-99-9-97-57|5-61-81-77|93-91-80|90-69-98-53-79-7-6-4-3-1-70-100|71-72-38-36-40-44-41-35-37|92-50-85-84-22-20-89|27-33-21|95-34-18-49|67-31-29-28-30-76-23-19|60|42-2-55-24-66|48|62-63-78-16-11-10-25-68|46-73-13|12-17|96-54-26-56|8-86-58|64-83-88-39-43-32|94-51-74|14-87|45
