Rank,Z1_Vehicles,Z2_Distance,Z3_WaitTime,Z4_LoadBalance,Z5_Makespan,Unserved,Num_Routes,ASF,ASF_aug,In_ROI,Routes
1,13,1340.1069,347.1293,141.0,238.1155,0,13,41.659342,41.696722,True,2-45-1-3-5-8-6-55|60-73-78-79-7-46-4-100-70|12-14-15-11-9-10-13-16-17-47|20-18-48-21-23-22-49-19-25-24|33-28-27-26-29-31-34-71-93-96|39-36-40-38-37-35-72-54-81|64-51-76-84-56-66|65-52-59-87-97-75-58-77|42-44-43-41-61-68|92-67-94-80|69-98-88-53|91-95-62-50-30-32-89-63-85|90-82-99-86-74-57-83
2,13,1340.1069,347.1293,141.0,238.1155,0,13,41.659342,41.696722,True,2-45-1-3-5-8-6-55|60-73-78-79-7-46-4-100-70|12-14-15-11-9-10-13-16-17-47|20-18-48-21-23-22-49-19-25-24|33-28-27-26-29-31-34-71-93-96|39-36-40-38-37-35-72-54-81|64-51-76-84-56-66|65-52-59-87-97-75-58-77|42-44-43-41-61-68|92-67-94-80|69-98-88-53|91-95-62-50-30-32-89-63-85|90-82-99-86-74-57-83
3,13,1340.1069,347.1293,141.0,238.1155,0,13,41.659342,41.696722,True,2-45-1-3-5-8-6-55|60-73-78-79-7-46-4-100-70|12-14-15-11-9-10-13-16-17-47|20-18-48-21-23-22-49-19-25-24|33-28-27-26-29-31-34-71-93-96|39-36-40-38-37-35-72-54-81|64-51-76-84-56-66|65-52-59-87-97-75-58-77|42-44-43-41-61-68|92-67-94-80|69-98-88-53|91-95-62-50-30-32-89-63-85|90-82-99-86-74-57-83
4,13,1344.5734,342.7663,140.0,238.1155,0,13,41.004903,41.042868,True,2-45-1-3-5-8-6-55|60-73-78-79-7-46-4-100-70|12-14-15-11-9-10-13-16-17-47|20-18-48-21-23-22-49-19-25-24|33-28-27-26-29-31-34-71-93-96|39-36-35-37-72-54-81|63-89-76-51-84-56-66|90-82-59-87-97-75-58-77|42-43-44-40-38-41-61-68|64-95-67-94-80|69-88-53-98|92-62-50-30-32-85-91|65-99-52-86-74-57-83
5,13,1344.5734,342.7663,140.0,238.1155,0,13,41.004903,41.042868,True,2-45-1-3-5-8-6-55|60-73-78-79-7-46-4-100-70|12-14-15-11-9-10-13-16-17-47|20-18-48-21-23-22-49-19-25-24|33-28-27-26-29-31-34-71-93-96|39-36-35-37-72-54-81|63-89-76-51-84-56-66|90-82-59-87-97-75-58-77|42-43-44-40-38-41-61-68|64-95-67-94-80|69-88-53-98|92-62-50-30-32-85-91|65-99-52-86-74-57-83
6,13,1345.6822,341.6576,140.0,238.1155,0,13,40.838591,40.876723,True,2-45-1-3-5-8-6-55|60-73-78-79-7-46-4-100-70|12-14-15-11-9-10-13-16-17-47|20-18-48-21-23-22-49-19-25-24|33-28-27-26-29-31-34-71-93-96|39-36-35-37-72-54-81|63-89-76-51-84-56-66|65-52-59-87-97-75-58-77|42-43-44-40-38-41-61-68|64-95-67-94-80|69-88-53-98|92-62-50-30-32-85-91|90-82-99-86-74-57-83
7,13,1346.6695,330.3435,140.0,238.1155,0,13,39.141477,39.178207,True,2-45-1-3-5-8-6-55|60-73-78-79-7-46-4-100-70|12-14-15-11-9-10-13-16-17-47|20-18-48-21-23-22-49-19-25-24|33-28-27-26-29-31-34-71-93-96|39-37-36-35-72-54-81|63-89-76-51-84-56-66|65-52-59-87-97-75-58-77|42-43-44-40-38-41-61-68|64-95-67-94-80|69-88-53-98|92-62-50-30-32-85-91|90-82-99-86-74-57-83
8,13,1347.6888,420.1397,136.0,238.4161,0,13,52.61091,52.661061,True,2-45-1-3-5-8-6-55|88-73-79-7-46-4-100-70|12-14-15-11-9-10-13-16-17-47|20-18-48-21-23-22-49-19-25-24|33-28-27-26-29-31-34-71-93-96|39-36-35-37-72-54-81|64-51-76-84-56-66|65-52-59-87-97-75-58-77|42-43-44-40-38-41-61-68|91-95-67-94-80|69-98-53-78-60|92-62-50-30-32-89-63-85|90-82-99-86-74-57-83
9,13,1347.6888,420.1397,136.0,238.4161,0,13,52.61091,52.661061,True,2-45-1-3-5-8-6-55|88-73-79-7-46-4-100-70|12-14-15-11-9-10-13-16-17-47|20-18-48-21-23-22-49-19-25-24|33-28-27-26-29-31-34-71-93-96|39-36-35-37-72-54-81|64-51-76-84-56-66|65-52-59-87-97-75-58-77|42-43-44-40-38-41-61-68|91-95-67-94-80|69-98-53-78-60|92-62-50-30-32-89-63-85|90-82-99-86-74-57-83
10,13,1348.0709,328.3338,140.0,238.1155,0,13,38.840015,38.876864,True,1-3-45-5-46-8-6-55|60-73-78-79-7-4-2-100-70|12-14-15-11-9-10-13-16-17-47|20-18-48-21-23-22-49-19-25-24|33-28-27-26-29-31-34-71-93-96|39-36-40-38-37-35-72-54-81|64-51-76-84-66|65-52-59-87-97-75-58-77|42-44-43-41-61-68|94-67-95-56-91-80|69-98-88-53|92-62-50-30-32-89-63-85|90-82-99-86-74-57-83
11,13,1348.3079,318.5073,140.0,238.1155,0,13,37.366049,37.401496,True,2-45-1-3-5-8-6-55|60-73-78-79-7-46-4-100-70|12-14-15-11-9-10-13-16-17-47|20-18-48-21-23-22-49-19-25-24|33-28-27-26-29-31-34-71-93-96|39-37-36-35-72-54-81|63-89-76-51-84-56-66|65-52-59-87-97-75-58-77|42-43-44-40-38-41-61-68|64-95-67-94-80|69-98-88-53|92-62-50-30-32-85-91|90-82-99-86-74-57-83
12,12,1349.4797,205.7875,140.0,235.5056,0,12,20.458071,20.476269,True,2-45-1-3-5-8-6-55-68|98-60-73-78-79-7-46-4-100-70|12-14-15-11-9-10-13-16-17-47|20-18-48-21-23-22-49-19-25-24|39-36-40-38-37-35-72-54-81|90-65-52-59-87-97-75-58-77|61-42-44-43-41-71-93-94-96|51-85-63-76-89-26-80|64-99-86-74-57-83|69-88-53-82|33-27-30-32-28-29-31-34-50|91-92-62-67-95-84-56-66
13,12,1349.4797,205.7875,140.0,235.5056,0,12,20.458071,20.476269,True,2-45-1-3-5-8-6-55-68|98-60-73-78-79-7-46-4-100-70|12-14-15-11-9-10-13-16-17-47|20-18-48-21-23-22-49-19-25-24|39-36-40-38-37-35-72-54-81|90-65-52-59-87-97-75-58-77|61-42-44-43-41-71-93-94-96|51-85-63-76-89-26-80|64-99-86-74-57-83|69-88-53-82|33-27-30-32-28-29-31-34-50|91-92-62-67-95-84-56-66
14,13,1351.5329,369.4686,138.0,234.8289,0,13,45.010249,45.053614,True,2-45-1-3-5-8-6-55|88-60-79-7-46-4-100-70|12-14-15-11-9-10-13-16-17-47|18-48-21-23-20-22-49-19-25-24|39-36-40-38-37-35-72-54-81|65-52-59-87-97-75-58-77|42-44-43-41-61-68|69-98-53-78-73|90-82-99-86-74-57-83|64-51-76-89-63-85-95-91|92-62-67-94-80|33-32-30-84-56-66|50-34-29-27-26-28-31-71-93-96
15,13,1351.5329,369.4686,138.0,234.8289,0,13,45.010249,45.053614,True,2-45-1-3-5-8-6-55|88-60-79-7-46-4-100-70|12-14-15-11-9-10-13-16-17-47|18-48-21-23-20-22-49-19-25-24|39-36-40-38-37-35-72-54-81|65-52-59-87-97-75-58-77|42-44-43-41-61-68|69-98-53-78-73|90-82-99-86-74-57-83|64-51-76-89-63-85-95-91|92-62-67-94-80|33-32-30-84-56-66|50-34-29-27-26-28-31-71-93-96
16,13,1352.2241,362.3232,136.0,238.1155,0,13,43.938429,43.981223,True,2-45-1-3-5-8-6-55|60-73-79-7-46-4-100-70|12-14-15-11-9-10-13-16-17-47|20-18-48-21-23-22-49-19-25-24|33-28-27-26-29-31-34-71-93-96|39-36-40-38-37-35-72-54-81|64-51-76-84-56-66|65-52-59-87-97-75-58-77|42-44-43-41-61-68|91-95-67-94-80|69-88-78-53-98|92-62-50-30-32-89-63-85|90-82-99-86-74-57-83
17,13,1352.2241,362.3232,136.0,238.1155,0,13,43.938429,43.981223,True,2-45-1-3-5-8-6-55|60-73-79-7-46-4-100-70|12-14-15-11-9-10-13-16-17-47|20-18-48-21-23-22-49-19-25-24|33-28-27-26-29-31-34-71-93-96|39-36-40-38-37-35-72-54-81|64-51-76-84-56-66|65-52-59-87-97-75-58-77|42-44-43-41-61-68|91-95-67-94-80|69-88-78-53-98|92-62-50-30-32-89-63-85|90-82-99-86-74-57-83
18,13,1354.1569,329.2219,140.0,234.8289,0,13,38.973231,39.011547,True,2-45-1-3-5-8-6-55|60-73-78-79-7-46-4-100-70|14-47-15-11-9-10-13-16-17-12|20-18-48-21-23-22-49-19-25-24|85-33-27-26-29-31-71-93-96|39-37-36-35-72-54-81|63-89-76-51-84-56-66|82-59-87-97-75-58-77|42-43-44-40-38-41-61-68|64-95-67-94-80|69-88-53-98|92-62-34-30-28-32-50-91|90-65-99-52-86-74-57-83
19,13,1354.9496,295.0491,140.0,234.8289,0,13,33.847317,33.880744,True,2-45-1-3-5-8-6-55|60-73-78-79-7-46-4-100-70|12-14-15-11-9-10-13-16-17-47|20-18-48-21-23-22-49-19-25-24|33-28-27-26-29-31-34-71-93|96-39-36-40-38-37-35-72-54-81|63-89-76-51-84-56-66|82-59-87-97-75-58-77|42-44-43-41-61-68|64-95-67-94-80|69-88-53-98|92-62-50-30-32-85-91|90-65-99-52-86-74-57-83
20,13,1354.9496,295.0491,140.0,234.8289,0,13,33.847317,33.880744,True,2-45-1-3-5-8-6-55|60-73-78-79-7-46-4-100-70|12-14-15-11-9-10-13-16-17-47|20-18-48-21-23-22-49-19-25-24|33-28-27-26-29-31-34-71-93|96-39-36-40-38-37-35-72-54-81|63-89-76-51-84-56-66|82-59-87-97-75-58-77|42-44-43-41-61-68|64-95-67-94-80|69-88-53-98|92-62-50-30-32-85-91|90-65-99-52-86-74-57-83
21,13,1355.9641,294.0346,140.0,234.8289,0,13,33.695145,33.728724,True,2-45-1-3-5-8-6-55|60-73-78-79-7-46-4-100-70|12-14-15-11-9-10-13-16-17-47|20-18-48-21-23-22-49-19-25-24|33-28-27-26-29-31-34-71-93|96-39-36-40-38-37-35-72-54-81|63-89-76-51-84-56-66|65-52-59-87-97-75-58-77|42-44-43-41-61-68|64-95-67-94-80|69-88-53-98|92-62-50-30-32-85-91|90-82-99-86-74-57-83
22,13,1357.5496,283.0663,140.0,234.8289,0,13,32.049901,32.082311,True,2-45-1-3-5-8-6-55|60-73-78-79-7-46-4-100-70|12-14-15-11-9-10-13-16-17-47|20-18-48-21-23-22-49-19-25-24|33-28-27-26-29-31-34-71-93|96-39-36-40-38-37-35-72-54-81|51-89-76-84-56-66|65-52-59-87-97-75-58-77|42-44-43-41-61-68|64-95-67-94-80|69-98-88-53|92-62-50-30-32-63-85-91|90-82-99-86-74-57-83
23,13,1357.6024,282.1984,140.0,234.8289,0,13,31.919717,31.952013,True,2-45-1-3-5-8-6-55|60-73-78-79-7-46-4-100-70|12-14-15-11-9-10-13-16-17-47|20-18-48-21-23-22-49-19-25-24|33-28-27-26-29-31-34-71-93|96-39-36-40-38-37-35-72-54-81|63-89-76-51-84-56-66|65-52-59-87-97-75-58-77|42-44-43-41-61-68|64-95-67-94-80|69-98-88-53|92-62-50-30-32-85-91|90-82-99-86-74-57-83
24,13,1357.6753,282.1256,140.0,234.8289,0,13,31.908796,31.941103,True,2-45-1-3-5-8-6-55|60-73-78-79-7-46-4-100-70|12-14-15-11-9-10-13-16-17-47|20-18-48-21-23-22-49-19-25-24|33-28-27-26-29-31-34-71-93|96-39-36-40-38-37-35-72-54-81|63-89-76-51-84-56-66|65-59-87-97-75-58-77|42-44-43-41-61-68|64-95-67-94-80|69-98-88-53|92-62-50-30-32-85-91|90-82-99-52-86-74-57-83
25,13,1358.4398,281.361,140.0,234.8289,0,13,31.794109,31.82653,True,2-45-1-3-5-8-6-55|60-73-78-79-7-46-4-100-70|12-14-15-11-9-10-13-16-17-47|20-18-48-21-23-22-49-19-25-24|33-28-27-26-29-31-34-71-93|96-39-36-40-38-37-35-72-54-81|63-89-76-51-84-56-66|65-52-86-59-87-97-75-58-77|42-44-43-41-61-68|64-95-67-94-80|69-98-88-53|92-62-50-30-32-85-91|90-82-99-74-57-83
26,13,1360.3836,344.1761,132.0,238.4161,0,13,41.216363,41.258528,True,2-45-1-3-5-8-6-55|88-73-79-7-46-4-100-70|12-14-15-11-9-10-13-16-17-47|20-18-48-21-23-22-49-19-25-24|33-28-27-26-29-31-34-71-93-96|39-36-40-38-37-35-72-54-81|63-89-76-51-84-56-66|90-82-59-87-97-75-58-77|42-44-43-41-61-68|64-95-67-94-80|92-62-50-30-32-85-91|65-99-52-86-74-57-83|69-98-53-78-60
27,13,1360.3836,344.1761,132.0,238.4161,0,13,41.216363,41.258528,True,2-45-1-3-5-8-6-55|88-73-79-7-46-4-100-70|12-14-15-11-9-10-13-16-17-47|20-18-48-21-23-22-49-19-25-24|33-28-27-26-29-31-34-71-93-96|39-36-40-38-37-35-72-54-81|63-89-76-51-84-56-66|90-82-59-87-97-75-58-77|42-44-43-41-61-68|64-95-67-94-80|92-62-50-30-32-85-91|65-99-52-86-74-57-83|69-98-53-78-60
28,13,1360.5071,365.5762,132.0,238.1155,0,13,44.42638,44.471747,True,1-3-45-5-46-8-6-55|88-73-79-7-4-2-100-70|12-14-15-11-9-10-13-16-17-47|20-18-48-21-23-22-49-19-25-24|33-28-27-26-29-31-34-71-93-96|39-36-40-35-37-72-54-81|63-89-76-51-84-56-66|65-52-59-87-97-75-58-77|42-44-43-38-41-61-68|64-95-67-94-80|69-98-53-78-60|92-62-50-30-32-85-91|90-82-99-86-74-57-83
29,13,1360.5071,365.5762,132.0,238.1155,0,13,44.42638,44.471747,True,1-3-45-5-46-8-6-55|88-73-79-7-4-2-100-70|12-14-15-11-9-10-13-16-17-47|20-18-48-21-23-22-49-19-25-24|33-28-27-26-29-31-34-71-93-96|39-36-40-35-37-72-54-81|63-89-76-51-84-56-66|65-52-59-87-97-75-58-77|42-44-43-38-41-61-68|64-95-67-94-80|69-98-53-78-60|92-62-50-30-32-85-91|90-82-99-86-74-57-83
30,13,1361.4924,343.0673,132.0,238.4161,0,13,41.050051,41.092383,True,2-45-1-3-5-8-6-55|88-73-79-7-46-4-100-70|12-14-15-11-9-10-13-16-17-47|20-18-48-21-23-22-49-19-25-24|33-28-27-26-29-31-34-71-93-96|39-36-40-38-37-35-72-54-81|63-89-76-51-84-56-66|65-52-59-87-97-75-58-77|42-44-43-41-61-68|64-95-67-94-80|69-98-53-78-60|92-62-50-30-32-85-91|90-82-99-86-74-57-83
31,13,1361.5652,342.9945,132.0,238.4161,0,13,41.03913,41.081473,True,2-45-1-3-5-8-6-55|88-73-79-7-46-4-100-70|12-14-15-11-9-10-13-16-17-47|20-18-48-21-23-22-49-19-25-24|33-28-27-26-29-31-34-71-93-96|39-36-40-38-37-35-72-54-81|63-89-76-51-84-56-66|65-59-87-97-75-58-77|42-44-43-41-61-68|64-95-67-94-80|69-98-53-78-60|92-62-50-30-32-85-91|90-82-99-52-86-74-57-83
32,13,1362.1266,344.1761,132.0,238.1155,0,13,41.216363,41.259006,True,2-45-1-3-5-8-6-55|88-60-79-7-46-4-100-70|12-14-15-11-9-10-13-16-17-47|20-18-48-21-23-22-49-19-25-24|33-28-27-26-29-31-34-71-93-96|39-36-40-38-37-35-72-54-81|63-89-76-51-84-56-66|90-82-59-87-97-75-58-77|42-44-43-41-61-68|64-95-67-94-80|69-98-53-78-73|92-62-50-30-32-85-91|65-99-52-86-74-57-83
33,13,1362.3298,342.2299,132.0,238.4161,0,13,40.924443,40.9669,True,2-45-1-3-5-8-6-55|88-73-79-7-46-4-100-70|12-14-15-11-9-10-13-16-17-47|20-18-48-21-23-22-49-19-25-24|33-28-27-26-29-31-34-71-93-96|39-36-40-38-37-35-72-54-81|63-89-76-51-84-56-66|65-52-86-59-87-97-75-58-77|42-44-43-41-61-68|64-95-67-94-80|69-98-53-78-60|92-62-50-30-32-85-91|90-82-99-74-57-83
34,13,1363.1825,343.9352,132.0,238.1155,0,13,41.180235,41.223158,True,2-45-1-3-5-8-6-55|88-60-79-7-46-4-100-70|12-14-15-11-9-10-13-16-17-47|20-18-48-21-23-22-49-19-25-24|33-28-27-26-29-31-34-71-93-96|39-36-40-38-37-35-72-54-81|51-89-76-84-56-66|65-52-59-87-97-75-58-77|42-44-43-41-61-68|64-95-67-94-80|69-98-53-78-73|92-62-50-30-32-63-85-91|90-82-99-86-74-57-83
35,13,1363.2353,343.0673,132.0,238.1155,0,13,41.050051,41.09286,True,2-45-1-3-5-8-6-55|88-60-79-7-46-4-100-70|12-14-15-11-9-10-13-16-17-47|20-18-48-21-23-22-49-19-25-24|33-28-27-26-29-31-34-71-93-96|39-36-40-38-37-35-72-54-81|63-89-76-51-84-56-66|65-52-59-87-97-75-58-77|42-44-43-41-61-68|64-95-67-94-80|69-98-53-78-73|92-62-50-30-32-85-91|90-82-99-86-74-57-83
36,13,1363.2353,343.0673,132.0,238.1155,0,13,41.050051,41.09286,True,2-45-1-3-5-8-6-55|88-60-79-7-46-4-100-70|12-14-15-11-9-10-13-16-17-47|20-18-48-21-23-22-49-19-25-24|33-28-27-26-29-31-34-71-93-96|39-36-40-38-37-35-72-54-81|63-89-76-51-84-56-66|65-52-59-87-97-75-58-77|42-44-43-41-61-68|64-95-67-94-80|69-98-53-78-73|92-62-50-30-32-85-91|90-82-99-86-74-57-83
37,13,1363.2353,343.0673,132.0,238.1155,0,13,41.050051,41.09286,True,2-45-1-3-5-8-6-55|88-60-79-7-46-4-100-70|12-14-15-11-9-10-13-16-17-47|20-18-48-21-23-22-49-19-25-24|33-28-27-26-29-31-34-71-93-96|39-36-40-38-37-35-72-54-81|63-89-76-51-84-56-66|65-52-59-87-97-75-58-77|42-44-43-41-61-68|64-95-67-94-80|69-98-53-78-73|92-62-50-30-32-85-91|90-82-99-86-74-57-83
38,13,1363.2491,338.044,132.0,238.1155,0,13,40.29655,40.33861,True,2-45-1-3-5-8-6-55-68|88-60-79-7-46-4-100-70|12-14-15-11-9-10-13-16-17-47|20-18-48-21-23-22-49-19-25-24|33-28-27-26-29-31-34-71-93-96|63-89-76-51-84-56-66|65-52-59-87-97-75-58-77|64-95-67-94-80|69-98-53-78-73|92-62-50-30-32-85-91|90-82-99-86-74-57-83|61-42-44-43-40-35-37-72-54-81|39-36-38-41
39,13,1363.2491,338.044,132.0,238.1155,0,13,40.29655,40.33861,True,2-45-1-3-5-8-6-55-68|88-60-79-7-46-4-100-70|12-14-15-11-9-10-13-16-17-47|20-18-48-21-23-22-49-19-25-24|33-28-27-26-29-31-34-71-93-96|63-89-76-51-84-56-66|65-52-59-87-97-75-58-77|64-95-67-94-80|69-98-53-78-73|92-62-50-30-32-85-91|90-82-99-86-74-57-83|61-42-44-43-40-35-37-72-54-81|39-36-38-41
40,12,1364.2475,198.3102,118.0,239.6318,0,12,19.336476,19.356402,True,2-45-1-3-5-8-6-55|98-60-73-78-79-7-46-4-100-70|12-14-15-11-9-87-13-16-17-47|20-18-48-21-23-22-49-19-25-24|33-28-27-26-29-31-34-71-93-96|39-36-40-38-37-35-72-54-81|63-89-76-51-84-56-66|65-82-52-99-97-75-58-77|42-44-43-41-61-68|90-83-64-95-67-94-80|69-88-53-10-59-74-86-57|92-62-50-30-32-85-91
41,12,1364.2475,198.3102,118.0,239.6318,0,12,19.336476,19.356402,True,2-45-1-3-5-8-6-55|98-60-73-78-79-7-46-4-100-70|12-14-15-11-9-87-13-16-17-47|20-18-48-21-23-22-49-19-25-24|33-28-27-26-29-31-34-71-93-96|39-36-40-38-37-35-72-54-81|63-89-76-51-84-56-66|65-82-52-99-97-75-58-77|42-44-43-41-61-68|90-83-64-95-67-94-80|69-88-53-10-59-74-86-57|92-62-50-30-32-85-91
42,13,1366.8736,297.0923,119.0,238.4161,0,13,34.153802,34.189552,True,2-45-1-3-5-8-6-55|88-73-79-7-46-4-100-70|12-14-15-11-9-10-13-16-17-47|20-18-48-21-23-22-49-19-25-24|92-33-27-26-28-29-31-34-71-93|39-36-40-38-37-35-72-54-81|63-89-76-51-84-56-66|65-52-59-87-97-75-58-77|42-44-43-41-61-68|64-95-67-94-96|69-98-53-78-60|62-50-30-32-85-91-80|90-82-99-86-74-57-83
43,13,1366.8736,297.0923,119.0,238.4161,0,13,34.153802,34.189552,True,2-45-1-3-5-8-6-55|88-73-79-7-46-4-100-70|12-14-15-11-9-10-13-16-17-47|20-18-48-21-23-22-49-19-25-24|92-33-27-26-28-29-31-34-71-93|39-36-40-38-37-35-72-54-81|63-89-76-51-84-56-66|65-52-59-87-97-75-58-77|42-44-43-41-61-68|64-95-67-94-96|69-98-53-78-60|62-50-30-32-85-91-80|90-82-99-86-74-57-83
44,13,1368.2468,300.1435,132.0,234.8289,0,13,34.611481,34.648862,True,2-45-1-3-5-7-6-55|60-73-79-8-46-4-100-70|12-14-15-11-9-10-13-16-17-47|20-18-48-21-23-22-49-19-25-24|33-28-27-26-29-31-34-71-93|96-39-36-40-38-37-35-72-54-81|63-89-76-51-84-56-66|65-59-87-97-75-58-77|42-44-43-41-61-68|64-95-67-94-80|69-88-78-53-98|92-62-50-30-32-85-91|90-82-99-52-86-74-57-83
45,13,1368.2468,300.1435,132.0,234.8289,0,13,34.611481,34.648862,True,2-45-1-3-5-7-6-55|60-73-79-8-46-4-100-70|12-14-15-11-9-10-13-16-17-47|20-18-48-21-23-22-49-19-25-24|33-28-27-26-29-31-34-71-93|96-39-36-40-38-37-35-72-54-81|63-89-76-51-84-56-66|65-59-87-97-75-58-77|42-44-43-41-61-68|64-95-67-94-80|69-88-78-53-98|92-62-50-30-32-85-91|90-82-99-52-86-74-57-83
46,13,1368.9061,259.4893,140.0,234.8289,0,13,28.513353,28.545634,True,2-45-1-3-5-8-6-55|60-73-78-79-7-46-4-100-70|12-14-15-11-9-10-13-16-17-47|20-18-48-21-23-22-49-19-25-24|33-28-27-26-29-31-34-71-93|96-39-36-40-38-37-35-72-54-81|85-63-89-76-51-56-66|65-52-59-87-97-75-58-77|42-44-43-41-61-68|64-95-67-84-94-80|69-88-53-98|92-62-32-30-50-91|90-82-99-86-74-57-83
47,13,1368.9061,259.4893,140.0,234.8289,0,13,28.513353,28.545634,True,2-45-1-3-5-8-6-55|60-73-78-79-7-46-4-100-70|12-14-15-11-9-10-13-16-17-47|20-18-48-21-23-22-49-19-25-24|33-28-27-26-29-31-34-71-93|96-39-36-40-38-37-35-72-54-81|85-63-89-76-51-56-66|65-52-59-87-97-75-58-77|42-44-43-41-61-68|64-95-67-84-94-80|69-88-53-98|92-62-32-30-50-91|90-82-99-86-74-57-83
48,13,1370.1195,294.3474,132.0,238.1155,0,13,33.742055,33.779622,True,2-45-1-3-5-8-6-55|98-73-78-79-7-46-4-100-70|12-14-15-11-9-10-13-16-17-47|20-18-48-21-23-22-49-19-25-24|33-28-27-26-29-31-34-71-93-96|39-36-40-38-37-35-72-54-81|63-89-76-51-84-56-66|65-97-87-59-75-58-77|42-44-43-41-61-68|64-95-67-94-80|69-88-60-53|92-62-50-30-32-85-91|90-82-99-52-86-74-57-83
49,13,1370.1195,294.3474,132.0,238.1155,0,13,33.742055,33.779622,True,2-45-1-3-5-8-6-55|98-73-78-79-7-46-4-100-70|12-14-15-11-9-10-13-16-17-47|20-18-48-21-23-22-49-19-25-24|33-28-27-26-29-31-34-71-93-96|39-36-40-38-37-35-72-54-81|63-89-76-51-84-56-66|65-97-87-59-75-58-77|42-44-43-41-61-68|64-95-67-94-80|69-88-60-53|92-62-50-30-32-85-91|90-82-99-52-86-74-57-83
50,13,1372.5934,287.1138,133.0,238.1155,0,13,32.657023,32.694346,True,2-45-1-3-5-8-6-55|98-60-73-78-79-7-46-4-100-70|12-14-15-11-9-10-13-16-17-47|20-18-48-21-23-22-49-19-25-24|33-28-27-26-29-31-34-71-93-96|39-36-40-38-37-35-72-54-81|63-89-76-51-84-56|82-52-59-87-97-75-58-77|42-44-43-41-61-68|64-95-67-94-80|69-88-53-86-74-57|92-62-50-30-32-85-91|90-65-99-83-66
51,13,1372.5934,287.1138,133.0,238.1155,0,13,32.657023,32.694346,True,2-45-1-3-5-8-6-55|98-60-73-78-79-7-46-4-100-70|12-14-15-11-9-10-13-16-17-47|20-18-48-21-23-22-49-19-25-24|33-28-27-26-29-31-34-71-93-96|39-36-40-38-37-35-72-54-81|63-89-76-51-84-56|82-52-59-87-97-75-58-77|42-44-43-41-61-68|64-95-67-94-80|69-88-53-86-74-57|92-62-50-30-32-85-91|90-65-99-83-66
52,13,1373.5636,256.0858,140.0,234.8289,0,13,28.002824,28.035992,True,2-45-1-3-5-8-6-55|60-73-78-79-7-46-4-100-70|12-14-15-11-9-10-13-16-17-47|20-18-48-21-23-22-49-19-25-24|33-28-27-26-29-31-34-71-93|96-39-36-40-38-37-35-72-54-81|63-89-76-51-84-56-66|65-52-59-87-97-75-58-77|42-44-43-41-61-68|64-95-67-94-80|69-98-88-53|92-62-50-30-32-85-91|90-82-99-86-57-74-83
53,12,1375.5378,152.2514,149.0,234.8289,0,12,12.427657,12.446442,True,2-45-1-3-5-8-6-55|98-60-73-78-79-7-46-4-100-70|12-14-15-11-9-10-13-16-17-47|20-18-48-21-23-22-49-19-25-24|96-39-36-40-38-37-35-72-54-81|90-65-52-59-87-97-75-58-77|71-42-44-43-41-61-68-93-94|92-95-64-82-99-86-74-57-83-91|69-88-53|33-27-30-32-28-26-29-31-34|51-62-50-67-80|85-63-89-76-84-56-66
54,12,1375.5378,152.2514,149.0,234.8289,0,12,12.427657,12.446442,True,2-45-1-3-5-8-6-55|98-60-73-78-79-7-46-4-100-70|12-14-15-11-9-10-13-16-17-47|20-18-48-21-23-22-49-19-25-24|96-39-36-40-38-37-35-72-54-81|90-65-52-59-87-97-75-58-77|71-42-44-43-41-61-68-93-94|92-95-64-82-99-86-74-57-83-91|69-88-53|33-27-30-32-28-26-29-31-34|51-62-50-67-80|85-63-89-76-84-56-66
55,13,1376.0816,292.952,132.0,238.1155,0,13,33.532755,33.571901,True,2-45-1-3-5-8-6-55|98-60-73-78-79-7-46-4-100-70|12-14-15-11-9-10-13-16-17-47|20-18-48-21-23-22-49-19-25-24|33-28-27-26-29-31-34-71-93-96|39-36-40-38-37-35-72-54-81|63-89-76-51-84-56|82-59-87-97-75-58-77|42-44-43-41-61-68|64-95-67-94-80|69-88-53-86-74-52-90|92-62-50-30-32-85-91|65-99-57-83-66
56,13,1376.0816,292.952,132.0,238.1155,0,13,33.532755,33.571901,True,2-45-1-3-5-8-6-55|98-60-73-78-79-7-46-4-100-70|12-14-15-11-9-10-13-16-17-47|20-18-48-21-23-22-49-19-25-24|33-28-27-26-29-31-34-71-93-96|39-36-40-38-37-35-72-54-81|63-89-76-51-84-56|82-59-87-97-75-58-77|42-44-43-41-61-68|64-95-67-94-80|69-88-53-86-74-52-90|92-62-50-30-32-85-91|65-99-57-83-66
57,13,1377.277,252.3725,140.0,234.8289,0,13,27.445827,27.479552,True,2-45-1-3-5-8-6-55|60-73-78-79-7-46-4-100-70|12-14-15-11-9-10-13-16-17-47|20-18-48-21-23-22-49-19-25-24|33-28-27-26-29-31-34-71-93|96-39-36-40-38-37-35-72-54-81|63-89-76-51-84-56-66|65-52-59-87-97-75-58-77|43-42-44-41-61-68|64-95-67-94-80|69-98-88-53|92-62-50-30-32-85-91|90-82-99-86-57-74-83
58,13,1377.277,252.3725,140.0,234.8289,0,13,27.445827,27.479552,True,2-45-1-3-5-8-6-55|60-73-78-79-7-46-4-100-70|12-14-15-11-9-10-13-16-17-47|20-18-48-21-23-22-49-19-25-24|33-28-27-26-29-31-34-71-93|96-39-36-40-38-37-35-72-54-81|63-89-76-51-84-56-66|65-52-59-87-97-75-58-77|43-42-44-41-61-68|64-95-67-94-80|69-98-88-53|92-62-50-30-32-85-91|90-82-99-86-57-74-83
59,13,1378.5251,292.9474,132.0,238.1155,0,13,33.532059,33.571937,True,2-45-1-3-5-8-6-55|98-60-73-78-79-7-46-4-100-70|12-14-15-11-9-10-13-16-17-47|20-18-48-21-23-22-49-19-25-24|33-28-27-26-29-31-34-71-93-96|39-36-40-38-37-35-72-54-81|63-89-76-51-84-56|52-59-87-97-75-58-77|42-44-43-41-61-68|64-95-67-94-80|69-88-53-74-86-82|92-62-50-30-32-85-91|90-65-99-57-83-66
60,12,1378.8332,180.4363,140.0,238.8009,0,12,16.655397,16.679093,True,2-45-1-3-5-8-6-55-68|98-60-73-78-79-7-46-4-100-70|12-14-15-11-9-10-13-16-17-47|20-18-48-21-23-22-49-19-25-24|39-36-40-38-37-35-72-54-81|90-65-52-59-87-97-75-58-77|42-44-43-41-61-96-93-94|85-63-76-89-26-71-80|92-64-99-86-74-57-83|69-88-53-82|33-27-30-32-28-29-31-34-50|91-95-62-67-84-51-56-66
61,13,1379.0601,350.2738,129.0,238.0797,0,13,42.131027,42.179359,True,2-45-1-3-5-8-6-55|88-79-7-46-4-100-70|12-14-15-11-9-10-13-16-17-47|20-18-48-21-23-22-49-19-25-24|33-28-27-26-29-31-34-50-93-96|63-89-76-51-84-66|65-52-59-87-97-75-58-77|64-95-67-71-94-80|69-98-53-78-73-60|92-62-32-30-85-56-91|90-82-99-86-74-57-83|42-44-43-35-37-72-54-81|39-36-40-38-41-61-68
62,13,1379.0601,350.2738,129.0,238.0797,0,13,42.131027,42.179359,True,2-45-1-3-5-8-6-55|88-79-7-46-4-100-70|12-14-15-11-9-10-13-16-17-47|20-18-48-21-23-22-49-19-25-24|33-28-27-26-29-31-34-50-93-96|63-89-76-51-84-66|65-52-59-87-97-75-58-77|64-95-67-71-94-80|69-98-53-78-73-60|92-62-32-30-85-56-91|90-82-99-86-74-57-83|42-44-43-35-37-72-54-81|39-36-40-38-41-61-68
63,12,1379.8809,145.9905,149.0,234.8289,0,12,11.488524,11.507673,True,2-45-1-3-5-8-6-55-68|98-60-73-78-79-7-46-4-100-70|12-14-15-11-9-10-13-16-17-47|20-18-48-21-23-22-49-19-25-24|96-39-36-40-38-37-35-72-54-81|90-65-52-59-87-97-75-58-77|42-44-43-41-61-71-93-94|51-85-63-76-89-26-80|92-64-82-99-86-74-57-83|69-88-53|33-27-30-32-28-29-31-34-50|91-95-62-67-84-56-66
64,12,1379.8809,145.9905,149.0,234.8289,0,12,11.488524,11.507673,True,2-45-1-3-5-8-6-55-68|98-60-73-78-79-7-46-4-100-70|12-14-15-11-9-10-13-16-17-47|20-18-48-21-23-22-49-19-25-24|96-39-36-40-38-37-35-72-54-81|90-65-52-59-87-97-75-58-77|42-44-43-41-61-71-93-94|51-85-63-76-89-26-80|92-64-82-99-86-74-57-83|69-88-53|33-27-30-32-28-29-31-34-50|91-95-62-67-84-56-66
65,13,1380.378,315.591,129.0,238.0797,0,13,36.928607,36.972132,True,1-3-45-5-8-6-55|88-79-7-46-4-2-100-70|12-14-15-11-9-10-13-16-17-47|20-18-48-21-23-22-49-19-25-24|33-28-27-26-29-31-34-50-93-96|63-89-76-51-84-66|65-52-59-87-97-75-58-77|64-95-67-71-94-80|69-98-53-78-73-60|92-62-32-30-85-56-91|90-82-99-86-74-57-83|61-42-44-43-38-37-35-72-54-81|39-36-40-41-68
66,13,1380.378,315.591,129.0,238.0797,0,13,36.928607,36.972132,True,1-3-45-5-8-6-55|88-79-7-46-4-2-100-70|12-14-15-11-9-10-13-16-17-47|20-18-48-21-23-22-49-19-25-24|33-28-27-26-29-31-34-50-93-96|63-89-76-51-84-66|65-52-59-87-97-75-58-77|64-95-67-71-94-80|69-98-53-78-73-60|92-62-32-30-85-56-91|90-82-99-86-74-57-83|61-42-44-43-38-37-35-72-54-81|39-36-40-41-68
67,12,1381.8374,179.3638,132.0,239.6318,0,12,16.494518,16.518279,True,2-45-1-3-5-8-6-55|98-60-73-78-79-7-46-4-100-70|12-14-15-11-87-10-13-16-17-47|20-18-48-21-23-22-49-19-25-24|33-28-27-26-29-31-34-71-93-96|39-36-40-38-37-35-72-54-81|42-44-43-41-61-68|90-65-69-88-53-9-59-74-86-82|92-62-50-30-32-85-91|64-95-67-94-80|63-89-76-51-84-56-66|83-57-52-99-97-75-58-77
68,12,1381.8374,179.3638,132.0,239.6318,0,12,16.494518,16.518279,True,2-45-1-3-5-8-6-55|98-60-73-78-79-7-46-4-100-70|12-14-15-11-87-10-13-16-17-47|20-18-48-21-23-22-49-19-25-24|33-28-27-26-29-31-34-71-93-96|39-36-40-38-37-35-72-54-81|42-44-43-41-61-68|90-65-69-88-53-9-59-74-86-82|92-62-50-30-32-85-91|64-95-67-94-80|63-89-76-51-84-56-66|83-57-52-99-97-75-58-77
69,13,1383.7165,277.0023,132.0,234.8289,0,13,31.140299,31.178849,True,2-45-1-3-5-8-6-55|98-60-73-78-79-7-46-4-100-70|12-14-15-11-9-10-13-16-17-47|20-18-48-21-23-22-49-19-25-24|33-28-27-26-29-31-34-71-93|96-39-36-40-38-37-35-72-54-81|63-89-76-51-84-56|52-59-87-97-75-58-77|42-44-43-41-61-68|64-95-67-94-80|69-88-53-74-86-82|92-62-50-30-32-85-91|90-65-99-57-83-66
70,13,1383.7165,277.0023,132.0,234.8289,0,13,31.140299,31.178849,True,2-45-1-3-5-8-6-55|98-60-73-78-79-7-46-4-100-70|12-14-15-11-9-10-13-16-17-47|20-18-48-21-23-22-49-19-25-24|33-28-27-26-29-31-34-71-93|96-39-36-40-38-37-35-72-54-81|63-89-76-51-84-56|52-59-87-97-75-58-77|42-44-43-41-61-68|64-95-67-94-80|69-88-53-74-86-82|92-62-50-30-32-85-91|90-65-99-57-83-66
71,12,1384.052,189.6357,123.0,235.6712,0,12,18.03531,18.059783,True,2-45-1-3-5-8-6-55|69-88-78-79-7-46-4-100-70|12-14-15-11-9-10-13-16-17-47|20-18-48-21-23-22-49-19-25-24|33-28-27-26-29-31-34-85-80|63-89-76-51-84-56-66|90-65-52-59-87-97-75-58-77|64-99-82-53-73-60-98|91-92-62-50-30-32-71-93-96|94-67-95-83-57-74-86|42-44-43-38-37-35-72-54-81|39-36-40-41-61-68
72,12,1384.052,189.6357,123.0,235.6712,0,12,18.03531,18.059783,True,2-45-1-3-5-8-6-55|69-88-78-79-7-46-4-100-70|12-14-15-11-9-10-13-16-17-47|20-18-48-21-23-22-49-19-25-24|33-28-27-26-29-31-34-85-80|63-89-76-51-84-56-66|90-65-52-59-87-97-75-58-77|64-99-82-53-73-60-98|91-92-62-50-30-32-71-93-96|94-67-95-83-57-74-86|42-44-43-38-37-35-72-54-81|39-36-40-41-61-68
73,13,1387.3628,242.2867,140.0,234.8289,0,13,25.932955,25.968192,True,2-45-1-3-5-8-6-55|60-73-78-79-7-46-4-100-70|12-14-15-11-9-10-13-16-17-47|20-18-48-21-23-22-49-19-25-24|33-28-27-26-29-31-34-71-93|96-39-36-40-38-37-35-72-54-81|63-89-76-51-84-56-66|65-52-59-87-97-75-58-77|42-44-43-41-61-68|82-64-95-67-94-80|69-98-88-53|92-62-50-30-32-85-91|90-99-86-57-74-83
74,13,1387.3628,242.2867,140.0,234.8289,0,13,25.932955,25.968192,True,2-45-1-3-5-8-6-55|60-73-78-79-7-46-4-100-70|12-14-15-11-9-10-13-16-17-47|20-18-48-21-23-22-49-19-25-24|33-28-27-26-29-31-34-71-93|96-39-36-40-38-37-35-72-54-81|63-89-76-51-84-56-66|65-52-59-87-97-75-58-77|42-44-43-41-61-68|82-64-95-67-94-80|69-98-88-53|92-62-50-30-32-85-91|90-99-86-57-74-83
75,12,1388.0771,167.8251,140.0,237.2692,0,12,14.763711,14.788059,True,2-45-1-3-5-8-6-55|60-73-78-79-7-46-4-100-70|12-14-15-11-9-10-13-16-17-47|20-18-48-21-23-22-49-19-25-24|96-39-36-40-38-37-35-72-54-81|90-65-52-59-87-97-75-58-77|42-44-43-41-61-68-71-93-94|85-51-76-89-26-29-80|64-83-99-86-74-57-82|69-88-53-98|33-27-30-32-28-31-34-50-95|91-92-62-67-63-84-56-66
76,12,1388.0771,167.8251,140.0,237.2692,0,12,14.763711,14.788059,True,2-45-1-3-5-8-6-55|60-73-78-79-7-46-4-100-70|12-14-15-11-9-10-13-16-17-47|20-18-48-21-23-22-49-19-25-24|96-39-36-40-38-37-35-72-54-81|90-65-52-59-87-97-75-58-77|42-44-43-41-61-68-71-93-94|85-51-76-89-26-29-80|64-83-99-86-74-57-82|69-88-53-98|33-27-30-32-28-31-34-50-95|91-92-62-67-63-84-56-66
77,13,1401.1817,221.8334,140.0,234.8289,0,13,22.864966,22.901281,True,2-45-1-3-5-8-6-55|60-73-78-79-7-46-4-100-70|12-14-15-11-9-10-13-16-17-47|20-18-48-21-23-22-49-19-25-24|33-27-28-26-29-31-34-71-93|96-39-36-40-38-37-35-72-54-81|63-89-76-51-84-56-66|65-52-59-87-97-75-58-77|42-44-43-41-61-68|64-95-67-94-80|69-98-88-53|92-62-50-30-32-85|90-91-82-99-86-57-74-83
78,13,1401.1817,221.8334,140.0,234.8289,0,13,22.864966,22.901281,True,2-45-1-3-5-8-6-55|60-73-78-79-7-46-4-100-70|12-14-15-11-9-10-13-16-17-47|20-18-48-21-23-22-49-19-25-24|33-27-28-26-29-31-34-71-93|96-39-36-40-38-37-35-72-54-81|63-89-76-51-84-56-66|65-52-59-87-97-75-58-77|42-44-43-41-61-68|64-95-67-94-80|69-98-88-53|92-62-50-30-32-85|90-91-82-99-86-57-74-83
79,12,1401.6417,145.0394,140.0,234.8289,0,12,11.441041,11.465675,True,2-45-1-3-5-8-6-55|60-73-78-79-7-46-4-100-70|12-14-15-11-9-10-13-16-17-47|20-18-48-21-23-22-49-19-25-24|42-39-36-40-38-37-35-43-54|90-65-52-59-87-97-75-58-77|96-71-72-44-41-61-68-81-93-94|51-85-63-76-89-26-80|92-64-82-99-86-74-57-83-91|69-88-53-98|33-27-30-32-28-29-31-34-50|95-62-67-84-56-66
80,12,1401.6417,145.0394,140.0,234.8289,0,12,11.441041,11.465675,True,2-45-1-3-5-8-6-55|60-73-78-79-7-46-4-100-70|12-14-15-11-9-10-13-16-17-47|20-18-48-21-23-22-49-19-25-24|42-39-36-40-38-37-35-43-54|90-65-52-59-87-97-75-58-77|96-71-72-44-41-61-68-81-93-94|51-85-63-76-89-26-80|92-64-82-99-86-74-57-83-91|69-88-53-98|33-27-30-32-28-29-31-34-50|95-62-67-84-56-66
81,12,1409.2985,195.5561,118.0,239.6318,0,12,18.92336,18.956388,True,2-45-1-3-5-8-6-55|90-82-60-73-78-79-7-46-4-100-70|12-14-15-11-9-87-13-16-17-47|20-18-48-21-23-22-49-19-25-24|33-28-27-26-29-31-34-71-93-96|39-37-36-35-72-54-81|63-89-76-51-84-56-66-83|65-52-86-99-97-75-58-77|42-43-44-40-38-41-61-68|57-64-95-67-94-80|69-88-53-10-59-74-98|92-62-50-30-32-85-91
82,12,1409.2985,195.5561,118.0,239.6318,0,12,18.92336,18.956388,True,2-45-1-3-5-8-6-55|90-82-60-73-78-79-7-46-4-100-70|12-14-15-11-9-87-13-16-17-47|20-18-48-21-23-22-49-19-25-24|33-28-27-26-29-31-34-71-93-96|39-37-36-35-72-54-81|63-89-76-51-84-56-66-83|65-52-86-99-97-75-58-77|42-43-44-40-38-41-61-68|57-64-95-67-94-80|69-88-53-10-59-74-98|92-62-50-30-32-85-91
83,12,1412.5529,185.0265,128.0,238.1657,0,12,17.343921,17.377127,True,2-45-1-3-5-8-6-55|98-60-73-78-79-7-46-4-100-70|12-14-15-11-9-10-13-16-17-47|20-18-48-21-23-22-49-19-25-24|33-28-27-26-29-31-34-71-93-96|42-39-36-40-38-37-35-72-54-81|63-89-76-51-84-56-66|92-62-50-30-32-85-95-91-80|90-82-99-52-87-59-74-86-57-83|43-44-41-61-68|69-88-53-97-75-58|65-64-67-94-77
84,13,1413.5967,320.3734,115.0,238.4161,0,13,37.64596,37.698818,True,2-45-1-3-5-8-6-55|88-73-79-7-46-4-100-70|12-14-15-11-9-10-13-16-17-47|20-18-48-21-23-22-49-19-25-24|33-28-27-26-29-31-34-71-93-96|64-51-76-63-66|65-59-97-75-77-58-52|95-67-84-89-85-94-80|69-98-53-78-60|92-62-50-30-32-56-91|90-82-99-87-74-86-57-83|61-42-44-43-38-37-35-72-54-81|39-36-40-41-68
85,12,1414.6795,240.476,115.0,237.2692,0,12,25.661348,25.702075,True,2-45-1-3-5-8-6-55|98-60-73-78-79-7-46-4-100-70|12-14-15-11-9-10-13-16-17-47|20-23-21-19-22-49-18-48-25-24|96-39-36-40-38-37-35-72-54-81|90-65-52-59-87-97-75-58-77|42-44-43-41-61-68-71-93-94|64-76-89-26-80|82-99-86-74-57-83|69-88-53-51-63-85-91|33-27-30-32-28-29-31-34-50|92-95-62-67-84-56-66
86,12,1414.6795,240.476,115.0,237.2692,0,12,25.661348,25.702075,True,2-45-1-3-5-8-6-55|98-60-73-78-79-7-46-4-100-70|12-14-15-11-9-10-13-16-17-47|20-23-21-19-22-49-18-48-25-24|96-39-36-40-38-37-35-72-54-81|90-65-52-59-87-97-75-58-77|42-44-43-41-61-68-71-93-94|64-76-89-26-80|82-99-86-74-57-83|69-88-53-51-63-85-91|33-27-30-32-28-29-31-34-50|92-95-62-67-84-56-66
87,12,1414.8708,185.6864,120.0,238.5918,0,12,17.442904,17.476168,True,2-45-1-3-5-8-6-55|98-60-73-78-79-7-46-4-100-70|12-14-15-11-9-10-13-16-17-47|20-18-48-21-23-22-49-19-25-24|33-28-27-26-29-31-34-71-93-96|42-39-36-40-38-37-35-72-54-81|63-89-76-51-84-56-66|92-94-62-50-30-32-85-95-91-80|90-69-88-53-82-52-86-74-83|64-67-57-59-97|43-44-41-61-68|65-99-87-75-58-77
88,12,1414.8708,185.6864,120.0,238.5918,0,12,17.442904,17.476168,True,2-45-1-3-5-8-6-55|98-60-73-78-79-7-46-4-100-70|12-14-15-11-9-10-13-16-17-47|20-18-48-21-23-22-49-19-25-24|33-28-27-26-29-31-34-71-93-96|42-39-36-40-38-37-35-72-54-81|63-89-76-51-84-56-66|92-94-62-50-30-32-85-95-91-80|90-69-88-53-82-52-86-74-83|64-67-57-59-97|43-44-41-61-68|65-99-87-75-58-77
89,12,1415.2781,172.2135,131.0,238.1155,0,12,15.531961,15.564354,True,2-45-1-3-5-8-6-55|98-60-73-78-79-7-46-4-100-70|12-14-15-11-9-10-13-16-17-47|20-18-48-21-23-22-49-19-25-24|33-28-27-26-29-31-34-71-93-96|42-39-36-40-38-37-35-72-54-81|63-89-76-51-84-56-66|92-94-62-50-30-32-85-95-91-80|90-82-99-52-87-59-74-57-83|65-64-67-77-58|43-44-41-61-68|69-88-53-97-75-86
90,12,1415.2781,172.2135,131.0,238.1155,0,12,15.531961,15.564354,True,2-45-1-3-5-8-6-55|98-60-73-78-79-7-46-4-100-70|12-14-15-11-9-10-13-16-17-47|20-18-48-21-23-22-49-19-25-24|33-28-27-26-29-31-34-71-93-96|42-39-36-40-38-37-35-72-54-81|63-89-76-51-84-56-66|92-94-62-50-30-32-85-95-91-80|90-82-99-52-87-59-74-57-83|65-64-67-77-58|43-44-41-61-68|69-88-53-97-75-86
91,12,1415.5319,126.8896,149.0,238.9544,0,12,15.608092,15.635689,True,2-45-1-3-5-8-6-55|98-60-73-78-79-7-46-4-100-70|12-14-15-11-9-10-13-16-17-47|20-18-48-21-23-22-49-19-25-24|90-65-52-59-87-97-75-58-77|71-42-44-43-41-61-68-96-93-94|92-95-64-82-99-86-74-57-83-91|33-27-30-32-28-29-31-34-50-80|39-36-40-38-37-35-72-54-81|69-88-53|62-67-26-51|85-63-89-76-84-56-66
92,13,1416.5126,369.7908,126.0,235.1682,0,13,45.058573,45.120332,True,3-5-45-8-46-4-1-70-100|60-73-79-7-6-2-55|11-15-16-78-17-47-14-12|20-23-21-48-18-19-49-25-24-83|34-31-29-27-26-28-32-50-93|81-42-44-38-40-43-61-68|64-51-76-89-63-85-95-91|65-59-87-97-75-58-77|54-39-36-41-37-35-72-71-96|69-98-88-53-9-10-13-82|90-99-57-22-74-86-52|94-62-67-80|92-33-30-84-56-66
93,13,1416.5126,369.7908,126.0,235.1682,0,13,45.058573,45.120332,True,3-5-45-8-46-4-1-70-100|60-73-79-7-6-2-55|11-15-16-78-17-47-14-12|20-23-21-48-18-19-49-25-24-83|34-31-29-27-26-28-32-50-93|81-42-44-38-40-43-61-68|64-51-76-89-63-85-95-91|65-59-87-97-75-58-77|54-39-36-41-37-35-72-71-96|69-98-88-53-9-10-13-82|90-99-57-22-74-86-52|94-62-67-80|92-33-30-84-56-66
94,12,1417.4808,148.2548,120.0,239.6318,0,12,16.192776,16.221364,True,2-45-1-3-5-8-6-55|98-60-73-78-79-7-46-4-100-70|12-14-15-11-9-87-13-16-17-47|20-18-48-21-23-22-49-19-25-24|33-28-27-26-29-31-34-71-93-96|42-39-36-40-38-37-35-72-54-81|92-62-50-30-32-85-95-91-80|90-65-82-99-97-75-58-77|94-64-67-83-57-86|43-44-41-61-68|69-88-53-10-59-74-52|63-89-76-51-84-56-66
95,12,1417.4808,148.2548,120.0,239.6318,0,12,16.192776,16.221364,True,2-45-1-3-5-8-6-55|98-60-73-78-79-7-46-4-100-70|12-14-15-11-9-87-13-16-17-47|20-18-48-21-23-22-49-19-25-24|33-28-27-26-29-31-34-71-93-96|42-39-36-40-38-37-35-72-54-81|92-62-50-30-32-85-95-91-80|90-65-82-99-97-75-58-77|94-64-67-83-57-86|43-44-41-61-68|69-88-53-10-59-74-52|63-89-76-51-84-56-66
96,12,1421.3698,188.1394,132.0,238.0797,0,12,17.810861,17.847566,True,2-45-1-3-5-8-6-55-68|12-14-15-11-9-10-13-16-17-47|20-18-48-21-23-22-49-19-25-24|33-28-27-26-29-31-34-50-93-96|54-39-36-40-38-41-37-35-72-71|63-89-76-51-84-66|65-52-59-87-97-75-58-77|92-62-32-30-85-56-91|90-69-82-99-53-86-74-57-83|98-60-88-78-79-73-7-46-100|64-95-67-94-80|81-61-42-44-43-4-70
97,12,1421.3698,188.1394,132.0,238.0797,0,12,17.810861,17.847566,True,2-45-1-3-5-8-6-55-68|12-14-15-11-9-10-13-16-17-47|20-18-48-21-23-22-49-19-25-24|33-28-27-26-29-31-34-50-93-96|54-39-36-40-38-41-37-35-72-71|63-89-76-51-84-66|65-52-59-87-97-75-58-77|92-62-32-30-85-56-91|90-69-82-99-53-86-74-57-83|98-60-88-78-79-73-7-46-100|64-95-67-94-80|81-61-42-44-43-4-70
98,13,1425.4168,288.7264,106.0,238.1155,0,13,32.898904,32.949617,True,2-45-1-3-5-8-6-55|88-78-79-7-46-4-100-70|12-14-47-16-15-9-10-13-17-73|20-18-48-21-23-22-49-25-24|33-28-27-26-29-31-34-71-93-96|39-36-40-38-37-35-72-54-81|63-89-76-51-84-56-66|90-65-52-59-87-97-75-58-77|42-44-43-41-61-68|64-95-67-94-80|69-82-99-86-74-57|91-92-62-50-30-32-85-19-83|11-60-53-98
99,13,1425.4168,288.7264,106.0,238.1155,0,13,32.898904,32.949617,True,2-45-1-3-5-8-6-55|88-78-79-7-46-4-100-70|12-14-47-16-15-9-10-13-17-73|20-18-48-21-23-22-49-25-24|33-28-27-26-29-31-34-71-93-96|39-36-40-38-37-35-72-54-81|63-89-76-51-84-56-66|90-65-52-59-87-97-75-58-77|42-44-43-41-61-68|64-95-67-94-80|69-82-99-86-74-57|91-92-62-50-30-32-85-19-83|11-60-53-98
100,12,1428.071,176.6425,126.0,239.0409,0,12,19.369814,19.406349,True,2-45-1-3-5-8-6-55|98-60-73-78-79-7-46-4-100-70|12-14-15-11-9-10-13-16-17-47|20-18-48-21-23-22-49-19-25-24|33-28-27-26-29-31-34-71-93-94|81-39-36-40-38-37-35-72-54-96|63-89-76-51-84-56-66|92-62-50-30-32-85-95-91-80|90-82-99-52-87-59-74-86-57-83|65-64-67-58-97|42-44-43-41-61-68|69-88-53-75-77
101,12,1430.5972,175.2802,126.0,238.1155,0,12,20.127682,20.164632,True,2-45-1-3-5-8-6-55|98-60-73-78-79-7-46-4-100-70|12-14-15-11-9-10-13-16-17-47|20-18-48-21-23-22-49-19-25-24|33-28-27-26-29-31-34-71-93-96|39-36-40-38-37-35-72-54-81|51-89-76-84-56-66|92-94-62-50-30-32-63-85-95-91-80|90-82-99-52-87-59-74-86-57-83|65-64-67-58-97|42-44-43-41-61-68|69-88-53-75-77
102,12,1430.5972,175.2802,126.0,238.1155,0,12,20.127682,20.164632,True,2-45-1-3-5-8-6-55|98-60-73-78-79-7-46-4-100-70|12-14-15-11-9-10-13-16-17-47|20-18-48-21-23-22-49-19-25-24|33-28-27-26-29-31-34-71-93-96|39-36-40-38-37-35-72-54-81|51-89-76-84-56-66|92-94-62-50-30-32-63-85-95-91-80|90-82-99-52-87-59-74-86-57-83|65-64-67-58-97|42-44-43-41-61-68|69-88-53-75-77
103,12,1430.622,170.9334,126.0,239.0409,0,12,20.135129,20.171573,True,2-45-1-3-5-8-6-55|98-60-73-78-79-7-46-4-100-70|12-14-15-11-9-10-13-16-17-47|20-18-48-21-23-22-49-19-25-24|33-28-27-26-29-31-34-71-93-94|96-39-36-40-38-37-35-72-54-81|63-89-76-51-84-56-66|92-62-50-30-32-85-95-91-80|90-65-82-99-52-87-59-74-86-57-83|64-67-58-97|42-44-43-41-61-68|69-88-53-75-77
104,12,1430.622,170.9334,126.0,239.0409,0,12,20.135129,20.171573,True,2-45-1-3-5-8-6-55|98-60-73-78-79-7-46-4-100-70|12-14-15-11-9-10-13-16-17-47|20-18-48-21-23-22-49-19-25-24|33-28-27-26-29-31-34-71-93-94|96-39-36-40-38-37-35-72-54-81|63-89-76-51-84-56-66|92-62-50-30-32-85-95-91-80|90-65-82-99-52-87-59-74-86-57-83|64-67-58-97|42-44-43-41-61-68|69-88-53-75-77
105,12,1430.65,174.4123,126.0,238.1155,0,12,20.143525,20.18036,True,2-45-1-3-5-8-6-55|98-60-73-78-79-7-46-4-100-70|12-14-15-11-9-10-13-16-17-47|20-18-48-21-23-22-49-19-25-24|33-28-27-26-29-31-34-71-93-96|39-36-40-38-37-35-72-54-81|63-89-76-51-84-56-66|92-94-62-50-30-32-85-95-91-80|90-82-99-52-87-59-74-86-57-83|65-64-67-58-97|42-44-43-41-61-68|69-88-53-75-77
106,12,1430.8255,174.2368,126.0,238.1155,0,12,20.196165,20.233026,True,2-45-1-3-5-8-6-55|98-60-73-78-79-7-46-4-100-70|12-14-15-11-9-10-13-16-17-47|20-18-48-21-23-22-49-19-25-24|33-28-27-26-29-31-34-71-93-96|39-36-40-38-37-35-72-54-81|63-89-76-51-84-56-66|92-94-62-50-30-32-85-95-91-80|90-82-99-52-87-59-74-86-57-83|65-64-67-58-97|42-43-44-41-61-68|69-88-53-75-77
107,12,1430.8255,174.2368,126.0,238.1155,0,12,20.196165,20.233026,True,2-45-1-3-5-8-6-55|98-60-73-78-79-7-46-4-100-70|12-14-15-11-9-10-13-16-17-47|20-18-48-21-23-22-49-19-25-24|33-28-27-26-29-31-34-71-93-96|39-36-40-38-37-35-72-54-81|63-89-76-51-84-56-66|92-94-62-50-30-32-85-95-91-80|90-82-99-52-87-59-74-86-57-83|65-64-67-58-97|42-43-44-41-61-68|69-88-53-75-77
108,12,1431.6782,186.8636,126.0,236.5249,0,12,20.451975,20.490748,True,2-45-1-3-5-8-6-55|98-60-73-78-79-7-46-4-100-70|12-14-15-11-9-10-13-16-17-47|65-20-18-48-23-22-49-21-25-24|33-27-30-28-26-29-31-34-93|42-39-36-40-38-37-35-72-54-81|63-89-76-51-84-56-66|92-94-62-67-50-32-85-95-91-80|90-82-99-52-87-59-74-86-57-83|64-19-58-97|96-71-44-43-41-61-68|69-88-53-75-77
109,12,1431.6782,186.8636,126.0,236.5249,0,12,20.451975,20.490748,True,2-45-1-3-5-8-6-55|98-60-73-78-79-7-46-4-100-70|12-14-15-11-9-10-13-16-17-47|65-20-18-48-23-22-49-21-25-24|33-27-30-28-26-29-31-34-93|42-39-36-40-38-37-35-72-54-81|63-89-76-51-84-56-66|92-94-62-67-50-32-85-95-91-80|90-82-99-52-87-59-74-86-57-83|64-19-58-97|96-71-44-43-41-61-68|69-88-53-75-77
110,12,1432.5001,172.4822,117.0,239.0409,0,12,20.698549,20.734888,True,2-45-1-3-5-8-6-55|60-73-78-79-7-46-4-100-70|12-14-15-11-9-10-13-16-17-47|20-18-48-21-23-22-49-19-25-24|33-28-27-26-29-31-34-71-93-94|42-39-36-40-38-37-35-72-54-96|63-89-76-51-84-56-66|92-62-50-30-32-85-95-91-80|90-82-99-52-87-59-74-86-57-83|65-64-67-58-97|81-44-43-41-61-68|69-98-88-53-75-77
111,12,1432.5001,172.4822,117.0,239.0409,0,12,20.698549,20.734888,True,2-45-1-3-5-8-6-55|60-73-78-79-7-46-4-100-70|12-14-15-11-9-10-13-16-17-47|20-18-48-21-23-22-49-19-25-24|33-28-27-26-29-31-34-71-93-94|42-39-36-40-38-37-35-72-54-96|63-89-76-51-84-56-66|92-62-50-30-32-85-95-91-80|90-82-99-52-87-59-74-86-57-83|65-64-67-58-97|81-44-43-41-61-68|69-98-88-53-75-77
112,12,1432.6592,173.5209,126.0,236.5249,0,12,20.746283,20.783349,True,2-45-1-3-5-8-6-55|98-60-73-78-79-7-46-4-100-70|12-14-15-11-9-10-13-16-17-47|20-18-48-21-23-22-49-19-25-24|85-33-27-26-28-29-71-93-96|42-39-36-40-38-37-35-72-54-81|63-89-76-51-84-56-66|92-95-62-50-30-32-31-34-94-91-80|90-82-99-52-87-59-74-86-57-83|65-64-67-58-97|43-44-41-61-68|69-88-53-75-77
113,12,1432.8488,172.2135,126.0,238.1155,0,12,20.803171,20.840336,True,2-45-1-3-5-8-6-55|98-60-73-78-79-7-46-4-100-70|12-14-15-11-9-10-13-16-17-47|20-18-48-21-23-22-49-19-25-24|33-28-27-26-29-31-34-71-93-96|42-39-36-40-38-37-35-72-54-81|63-89-76-51-84-56-66|92-94-62-50-30-32-85-95-91-80|90-82-99-52-87-59-74-86-57-83|65-64-67-58-97|43-44-41-61-68|69-88-53-75-77
114,12,1432.8488,172.2135,126.0,238.1155,0,12,20.803171,20.840336,True,2-45-1-3-5-8-6-55|98-60-73-78-79-7-46-4-100-70|12-14-15-11-9-10-13-16-17-47|20-18-48-21-23-22-49-19-25-24|33-28-27-26-29-31-34-71-93-96|42-39-36-40-38-37-35-72-54-81|63-89-76-51-84-56-66|92-94-62-50-30-32-85-95-91-80|90-82-99-52-87-59-74-86-57-83|65-64-67-58-97|43-44-41-61-68|69-88-53-75-77
115,12,1432.8488,172.2135,126.0,238.1155,0,12,20.803171,20.840336,True,2-45-1-3-5-8-6-55|98-60-73-78-79-7-46-4-100-70|12-14-15-11-9-10-13-16-17-47|20-18-48-21-23-22-49-19-25-24|33-28-27-26-29-31-34-71-93-96|42-39-36-40-38-37-35-72-54-81|63-89-76-51-84-56-66|92-94-62-50-30-32-85-95-91-80|90-82-99-52-87-59-74-86-57-83|65-64-67-58-97|43-44-41-61-68|69-88-53-75-77
116,12,1432.8488,172.2135,126.0,238.1155,0,12,20.803171,20.840336,True,2-45-1-3-5-8-6-55|98-60-73-78-79-7-46-4-100-70|12-14-15-11-9-10-13-16-17-47|20-18-48-21-23-22-49-19-25-24|33-28-27-26-29-31-34-71-93-96|42-39-36-40-38-37-35-72-54-81|63-89-76-51-84-56-66|92-94-62-50-30-32-85-95-91-80|90-82-99-52-87-59-74-86-57-83|65-64-67-58-97|43-44-41-61-68|69-88-53-75-77
117,12,1432.9357,172.1266,126.0,238.1155,0,12,20.829229,20.866407,True,2-45-1-3-5-8-6-55|98-60-73-78-79-7-46-4-100-70|12-14-15-11-9-10-13-16-17-47|20-18-48-21-23-22-49-19-25-24|33-28-27-26-29-31-34-71-93-96|42-39-36-40-38-37-35-72-54-81|63-89-76-51-84-56-66|92-94-62-50-30-32-85-95-91-80|90-82-99-52-87-59-74-86-57-83|65-64-67-58-97|44-43-41-61-68|69-88-53-75-77
118,12,1433.1956,171.8667,126.0,238.1155,0,12,20.907222,20.944439,True,2-45-1-3-5-8-6-55|98-60-73-78-79-7-46-4-100-70|12-14-15-11-9-10-13-16-17-47|20-18-48-21-23-22-49-19-25-24|33-28-27-26-29-31-34-71-93-96|42-39-36-40-38-37-35-72-54-81|63-89-76-51-84-56-66|92-94-62-50-30-32-85-95-91-80|90-65-82-99-52-87-59-74-86-57-83|64-67-58-97|43-44-41-61-68|69-88-53-75-77
119,12,1433.4427,166.4055,131.0,239.0409,0,12,20.981339,21.018449,True,2-45-1-3-5-8-6-55-68|98-60-73-78-79-7-46-4-100-70|12-14-15-11-9-10-13-16-17-47|20-18-48-21-23-22-49-19-25-24|33-28-27-26-29-31-34-71-93-94|42-39-36-40-38-37-35-72-54-96|63-89-76-51-84-56-66|92-62-50-30-32-85-95-91-80|90-82-99-52-87-59-74-86-57-83|65-64-67-58-97|61-43-44-41-81|69-88-53-75-77
120,12,1433.6371,163.8295,126.0,236.5249,0,12,21.039669,21.075574,True,2-45-1-3-5-8-6-55|98-60-73-78-79-7-46-4-100-70|12-14-15-11-9-10-13-16-17-47|20-18-48-21-23-22-49-19-25-24|33-28-27-26-29-31-34-71-93|81-39-36-40-38-37-35-72-54-96|63-89-76-51-84-56-66|92-94-62-50-30-32-85-95-91-80|90-82-99-52-87-59-74-86-57-83|65-64-67-58-97|42-44-43-41-61-68|69-88-53-75-77
121,12,1433.6371,163.8295,126.0,236.5249,0,12,21.039669,21.075574,True,2-45-1-3-5-8-6-55|98-60-73-78-79-7-46-4-100-70|12-14-15-11-9-10-13-16-17-47|20-18-48-21-23-22-49-19-25-24|33-28-27-26-29-31-34-71-93|81-39-36-40-38-37-35-72-54-96|63-89-76-51-84-56-66|92-94-62-50-30-32-85-95-91-80|90-82-99-52-87-59-74-86-57-83|65-64-67-58-97|42-44-43-41-61-68|69-88-53-75-77
122,12,1433.8551,171.1951,120.0,238.1155,0,12,21.105068,21.141783,True,12-14-15-11-9-10-13-16-17-47|20-18-48-21-23-22-49-19-25-24|33-28-27-26-29-31-34-71-93-96|42-39-36-40-38-37-35-72-54-81|63-89-76-51-84-56-66|92-94-62-50-30-32-85-95-91-80|90-82-99-52-87-59-74-86-57-83|65-64-67-58-97|43-44-41-61-68|69-98-88-53-75-77|60-73-78-79-7-4-2-100-70|1-3-45-5-46-8-6-55
123,12,1433.8551,171.1951,120.0,238.1155,0,12,21.105068,21.141783,True,12-14-15-11-9-10-13-16-17-47|20-18-48-21-23-22-49-19-25-24|33-28-27-26-29-31-34-71-93-96|42-39-36-40-38-37-35-72-54-81|63-89-76-51-84-56-66|92-94-62-50-30-32-85-95-91-80|90-82-99-52-87-59-74-86-57-83|65-64-67-58-97|43-44-41-61-68|69-98-88-53-75-77|60-73-78-79-7-4-2-100-70|1-3-45-5-46-8-6-55
124,12,1434.9068,155.9677,128.0,238.1155,0,12,21.420558,21.456104,True,98-60-73-78-79-7-46-4-100-70|12-14-15-11-9-10-13-16-17-47|20-18-48-21-23-22-49-19-25-24|33-28-27-26-29-31-34-71-93-96|39-36-40-38-37-35-72-54-81|63-89-76-51-84-56-66|65-52-59-87-97-75-58-77|42-44-43-41-61-68-55|90-69-82-99-53-86-74-57-83|92-64-67-50-85|45-88-6-8-5-3-1-2|91-95-62-32-30-94-80
125,12,1434.9068,155.9677,128.0,238.1155,0,12,21.420558,21.456104,True,98-60-73-78-79-7-46-4-100-70|12-14-15-11-9-10-13-16-17-47|20-18-48-21-23-22-49-19-25-24|33-28-27-26-29-31-34-71-93-96|39-36-40-38-37-35-72-54-81|63-89-76-51-84-56-66|65-52-59-87-97-75-58-77|42-44-43-41-61-68-55|90-69-82-99-53-86-74-57-83|92-64-67-50-85|45-88-6-8-5-3-1-2|91-95-62-32-30-94-80
126,12,1435.8171,196.1325,116.0,237.2692,0,12,21.693668,21.734184,True,2-45-1-3-5-8-6-55|98-60-73-78-79-7-46-4-100-70|12-14-15-11-9-10-13-16-17-47|20-18-48-21-23-22-49-19-25-24|96-39-36-40-38-37-35-72-54-81|90-65-52-59-87-97-75-58-77|42-44-43-41-61-68-71-93-94|64-76-89-26-80|92-82-99-86-74-57|69-88-53-83-51-63-85|33-27-30-32-28-29-31-34-50|91-95-62-67-84-56-66
127,12,1435.8171,196.1325,116.0,237.2692,0,12,21.693668,21.734184,True,2-45-1-3-5-8-6-55|98-60-73-78-79-7-46-4-100-70|12-14-15-11-9-10-13-16-17-47|20-18-48-21-23-22-49-19-25-24|96-39-36-40-38-37-35-72-54-81|90-65-52-59-87-97-75-58-77|42-44-43-41-61-68-71-93-94|64-76-89-26-80|92-82-99-86-74-57|69-88-53-83-51-63-85|33-27-30-32-28-29-31-34-50|91-95-62-67-84-56-66
128,12,1436.3145,124.281,129.0,239.1713,0,12,21.842867,21.87434,True,2-45-1-3-5-8-6-55|60-73-14-78-79-7-46-4-100-70|20-18-48-21-23-22-49-19-25-24|33-28-27-26-29-31-34-71-93-96|39-36-40-38-37-35-72-54-81|63-89-76-51-84-56-66|65-12-11-15-97-75-58-77|42-44-43-41-61-68|52-64-95-67-94-80|82-69-98-88-53-9-10-13-17-16|92-62-50-30-32-85-91|90-47-99-87-59-74-86-57-83
129,12,1436.3145,124.281,129.0,239.1713,0,12,21.842867,21.87434,True,2-45-1-3-5-8-6-55|60-73-14-78-79-7-46-4-100-70|20-18-48-21-23-22-49-19-25-24|33-28-27-26-29-31-34-71-93-96|39-36-40-38-37-35-72-54-81|63-89-76-51-84-56-66|65-12-11-15-97-75-58-77|42-44-43-41-61-68|52-64-95-67-94-80|82-69-98-88-53-9-10-13-17-16|92-62-50-30-32-85-91|90-47-99-87-59-74-86-57-83
130,12,1437.3391,179.5358,129.0,236.3004,0,12,22.150249,22.189887,True,2-45-1-3-5-8-6-55|69-98-78-79-7-46-4-100-70|73-15-11-9-10-13-16-17-47|18-48-21-23-19-22-49-25-24-20|39-36-40-38-37-35-72-54-81|90-65-52-59-87-97-75-58-77|42-44-43-41-61-68-96-71-93|51-63-76-89-26-29-80|92-64-82-99-86-74-57-83|88-53-12-14-60|33-27-30-32-28-31-34-50-94|91-95-62-67-85-84-56-66
131,12,1437.3391,179.5358,129.0,236.3004,0,12,22.150249,22.189887,True,2-45-1-3-5-8-6-55|69-98-78-79-7-46-4-100-70|73-15-11-9-10-13-16-17-47|18-48-21-23-19-22-49-25-24-20|39-36-40-38-37-35-72-54-81|90-65-52-59-87-97-75-58-77|42-44-43-41-61-68-96-71-93|51-63-76-89-26-29-80|92-64-82-99-86-74-57-83|88-53-12-14-60|33-27-30-32-28-31-34-50-94|91-95-62-67-85-84-56-66
132,12,1437.9054,164.8639,110.0,239.9017,0,12,22.320135,22.356383,True,2-45-1-3-5-8-6-55|98-60-73-78-79-7-46-4-100-70|12-14-15-11-9-87-13-16-17-47|20-18-48-21-23-22-49-19-25-24|33-28-27-26-29-31-34-71-93-94|42-39-36-40-38-37-35-72-54-96|92-62-50-30-32-85-95-91-80|90-65-82-99-97-75-77|64-67-83-57-86-59|81-44-43-41-61-68|69-88-53-10-74-58-52|63-89-76-51-84-56-66
133,12,1437.9054,164.8639,110.0,239.9017,0,12,22.320135,22.356383,True,2-45-1-3-5-8-6-55|98-60-73-78-79-7-46-4-100-70|12-14-15-11-9-87-13-16-17-47|20-18-48-21-23-22-49-19-25-24|33-28-27-26-29-31-34-71-93-94|42-39-36-40-38-37-35-72-54-96|92-62-50-30-32-85-95-91-80|90-65-82-99-97-75-77|64-67-83-57-86-59|81-44-43-41-61-68|69-88-53-10-74-58-52|63-89-76-51-84-56-66
134,12,1439.4028,155.7705,126.0,238.1155,0,12,22.769373,22.806038,True,2-45-1-3-5-8-6-55|98-60-73-78-79-7-46-4-100-70|12-14-15-11-9-10-13-16-17-47|20-18-48-21-23-22-49-19-25-24|33-28-27-26-29-31-34-71-93-96|39-36-40-38-37-35-72-54-81|63-89-76-51-84-56-66|92-94-62-50-30-32-85-95-91-80|90-82-52-99-87-59-74-86-57-83|65-64-67-58-97|42-43-44-41-61-68|69-88-53-75-77
135,12,1439.4028,155.7705,126.0,238.1155,0,12,22.769373,22.806038,True,2-45-1-3-5-8-6-55|98-60-73-78-79-7-46-4-100-70|12-14-15-11-9-10-13-16-17-47|20-18-48-21-23-22-49-19-25-24|33-28-27-26-29-31-34-71-93-96|39-36-40-38-37-35-72-54-81|63-89-76-51-84-56-66|92-94-62-50-30-32-85-95-91-80|90-82-52-99-87-59-74-86-57-83|65-64-67-58-97|42-43-44-41-61-68|69-88-53-75-77
136,12,1439.4575,132.4657,134.0,237.2692,0,12,22.78579,22.819649,True,2-45-1-3-5-8-6-55|98-60-73-78-79-7-46-4-100-70|12-14-15-11-9-10-13-16-17-47|20-18-48-21-23-22-49-19-25-24|96-39-36-40-38-37-35-72-54-81|65-52-59-87-97-75-58-77|42-44-43-41-61-68-71-93-94|51-64-76-89-26-80|92-95-85-99-86-74-57-83|69-88-53-82-90|33-27-30-32-28-29-31-34-50|91-62-67-63-84-56-66
137,12,1439.4575,132.4657,134.0,237.2692,0,12,22.78579,22.819649,True,2-45-1-3-5-8-6-55|98-60-73-78-79-7-46-4-100-70|12-14-15-11-9-10-13-16-17-47|20-18-48-21-23-22-49-19-25-24|96-39-36-40-38-37-35-72-54-81|65-52-59-87-97-75-58-77|42-44-43-41-61-68-71-93-94|51-64-76-89-26-80|92-95-85-99-86-74-57-83|69-88-53-82-90|33-27-30-32-28-29-31-34-50|91-62-67-63-84-56-66
138,12,1441.4262,153.7472,126.0,238.1155,0,12,23.376379,23.413347,True,2-45-1-3-5-8-6-55|98-60-73-78-79-7-46-4-100-70|12-14-15-11-9-10-13-16-17-47|20-18-48-21-23-22-49-19-25-24|33-28-27-26-29-31-34-71-93-96|42-39-36-40-38-37-35-72-54-81|63-89-76-51-84-56-66|92-94-62-50-30-32-85-95-91-80|90-82-52-99-87-59-74-86-57-83|65-64-67-58-97|43-44-41-61-68|69-88-53-75-77
139,12,1441.513,153.6603,126.0,238.1155,0,12,23.402438,23.439419,True,2-45-1-3-5-8-6-55|98-60-73-78-79-7-46-4-100-70|12-14-15-11-9-10-13-16-17-47|20-18-48-21-23-22-49-19-25-24|33-28-27-26-29-31-34-71-93-96|42-39-36-40-38-37-35-72-54-81|63-89-76-51-84-56-66|92-94-62-50-30-32-85-95-91-80|90-82-52-99-87-59-74-86-57-83|65-64-67-58-97|44-43-41-61-68|69-88-53-75-77
140,12,1441.513,153.6603,126.0,238.1155,0,12,23.402438,23.439419,True,2-45-1-3-5-8-6-55|98-60-73-78-79-7-46-4-100-70|12-14-15-11-9-10-13-16-17-47|20-18-48-21-23-22-49-19-25-24|33-28-27-26-29-31-34-71-93-96|42-39-36-40-38-37-35-72-54-81|63-89-76-51-84-56-66|92-94-62-50-30-32-85-95-91-80|90-82-52-99-87-59-74-86-57-83|65-64-67-58-97|44-43-41-61-68|69-88-53-75-77
141,12,1441.7401,141.6878,126.0,236.5249,0,12,23.47057,23.505585,True,2-45-1-3-5-8-6-55|98-60-73-78-79-7-46-4-100-70|12-14-15-11-9-10-13-16-17-47|20-18-48-21-23-22-49-19-25-24|33-28-27-26-29-31-34-50-94-80|42-39-36-40-38-37-35-72-71-93|63-89-76-51-84-66|92-95-62-32-30-85-56-91|90-82-99-52-87-59-74-86-57-83|65-64-67-58-97|81-96-54-44-43-41-61-68|69-88-53-75-77
142,12,1441.7401,141.6878,126.0,236.5249,0,12,23.47057,23.505585,True,2-45-1-3-5-8-6-55|98-60-73-78-79-7-46-4-100-70|12-14-15-11-9-10-13-16-17-47|20-18-48-21-23-22-49-19-25-24|33-28-27-26-29-31-34-50-94-80|42-39-36-40-38-37-35-72-71-93|63-89-76-51-84-66|92-95-62-32-30-85-56-91|90-82-99-52-87-59-74-86-57-83|65-64-67-58-97|81-96-54-44-43-41-61-68|69-88-53-75-77
143,13,1443.8738,316.1326,132.0,234.3986,0,13,37.009849,37.072252,True,2-45-1-3-5-8-6-55|60-73-78-79-7-46-4-100-70|12-14-15-11-9-10-13-16-17-47|20-18-48-21-23-22-49-19-25-24|85-33-27-26-28-29-31-71|42-39-36-44-38-43-35-37-72-81|63-89-76-51-84-56-66|65-52-87-59-97-75-77|96-54-41-40-61-68|64-95-67-93-94-80|69-98-88-53-74|92-62-50-30-32-34-91|90-82-99-86-58-57-83
144,13,1443.8738,316.1326,132.0,234.3986,0,13,37.009849,37.072252,True,2-45-1-3-5-8-6-55|60-73-78-79-7-46-4-100-70|12-14-15-11-9-10-13-16-17-47|20-18-48-21-23-22-49-19-25-24|85-33-27-26-28-29-31-71|42-39-36-44-38-43-35-37-72-81|63-89-76-51-84-56-66|65-52-87-59-97-75-77|96-54-41-40-61-68|64-95-67-93-94-80|69-98-88-53-74|92-62-50-30-32-34-91|90-82-99-86-58-57-83
145,13,1444.8146,352.5556,104.0,238.1155,0,13,42.473284,42.53919,True,2-45-1-3-5-8-6-55|79-7-46-4-100-70|20-23-21-48-18-19-49-25-24-83|33-28-27-26-29-31-34-71-93-96|39-36-40-38-37-35-72-54-81|85-63-76-51-22-57-74-86-52|65-99-87-75-58-77|42-44-43-41-61-68|64-95-67-84-56-66-91|92-94-62-50-30-32-89-80|98-11-15-16-13-97-59|69-88-60-78-73-17-47-14-12|90-82-53-9-10
146,13,1444.8146,352.5556,104.0,238.1155,0,13,42.473284,42.53919,True,2-45-1-3-5-8-6-55|79-7-46-4-100-70|20-23-21-48-18-19-49-25-24-83|33-28-27-26-29-31-34-71-93-96|39-36-40-38-37-35-72-54-81|85-63-76-51-22-57-74-86-52|65-99-87-75-58-77|42-44-43-41-61-68|64-95-67-84-56-66-91|92-94-62-50-30-32-89-80|98-11-15-16-13-97-59|69-88-60-78-73-17-47-14-12|90-82-53-9-10
147,12,1445.689,166.5806,111.0,238.0797,0,12,24.655233,24.693899,True,33-28-27-26-29-31-34-50-93-96|54-39-36-40-38-41-37-35-72-71|82-15-87-97-75-58-77|92-32-30-63-85-56-91-80|90-12-14-47-11-9-59-74-86-52|69-88-78-79-73-60-100|65-99-53-10-13-16-17-98|81-61-42-44-43-1-4-2-70|64-23-22-83-66|3-5-45-46-8-7-6-55-68|94-95-62-67-84-49-19-20-57|51-76-89-18-48-21-25-24
148,12,1445.689,166.5806,111.0,238.0797,0,12,24.655233,24.693899,True,33-28-27-26-29-31-34-50-93-96|54-39-36-40-38-41-37-35-72-71|82-15-87-97-75-58-77|92-32-30-63-85-56-91-80|90-12-14-47-11-9-59-74-86-52|69-88-78-79-73-60-100|65-99-53-10-13-16-17-98|81-61-42-44-43-1-4-2-70|64-23-22-83-66|3-5-45-46-8-7-6-55-68|94-95-62-67-84-49-19-20-57|51-76-89-18-48-21-25-24
149,12,1446.4201,104.3264,164.0,238.9544,0,12,24.874558,24.909537,True,2-45-1-3-5-8-6-7-55|12-14-15-11-9-10-13-16-17-47|20-18-48-21-23-22-49-19-25-24|96-39-36-40-38-37-35-72-54-81|90-65-52-59-87-97-75-58-77|71-42-44-43-41-61-68-93-94|92-95-64-82-99-86-74-57-83-91|33-27-30-32-28-29-31-34-50-80|69-88-78-79-46-4-100-70|62-67-26-51|85-63-89-76-84-56-66|60-73-53-98
150,12,1446.4201,104.3264,164.0,238.9544,0,12,24.874558,24.909537,True,2-45-1-3-5-8-6-7-55|12-14-15-11-9-10-13-16-17-47|20-18-48-21-23-22-49-19-25-24|96-39-36-40-38-37-35-72-54-81|90-65-52-59-87-97-75-58-77|71-42-44-43-41-61-68-93-94|92-95-64-82-99-86-74-57-83-91|33-27-30-32-28-29-31-34-50-80|69-88-78-79-46-4-100-70|62-67-26-51|85-63-89-76-84-56-66|60-73-53-98
151,12,1447.2192,132.0706,140.0,237.8226,0,12,25.114296,25.151107,True,2-45-1-3-5-8-6-55|98-60-73-78-79-7-46-4-100-70|12-14-15-11-9-10-13-16-17-47|20-18-48-21-23-22-49-19-25-24|96-39-36-40-38-37-35-72-54-81|90-65-52-59-87-97-75-58-77|42-44-43-41-61-68-71-93-94|51-64-76-89-26-29|95-85-99-86-74-57-83-91|69-88-53-82|33-27-30-32-28-31-34-50-80|92-62-67-63-84-56-66
152,13,1450.3014,314.0576,107.0,237.6207,0,13,36.698595,36.760598,True,3-5-45-8-46-4-1-70-100|60-79-7-6-2-55|11-15-16-78-73-17-47-14-12|20-23-21-48-18-19-49-25-24-83|34-31-29-27-26-28-50-93|81-42-44-38-40-43-61-68|64-51-76-89-63-85-95-91|65-59-87-97-75-58-77|54-39-36-41-37-35-72-71-96|69-98-88-53-9-10-13-82|33-30-32-84-56|90-99-52-86-74-57|92-62-67-22-66-94-80
153,13,1453.8223,347.6113,107.0,235.6891,0,13,41.731652,41.799455,True,1-3-45-5-8-46-4-70|60-73-79-7-6-2-55-100|11-15-16-78-17-47-14-12|24-23-21-48-18-19-49-25-20-83|34-31-29-27-26-28-50-80|54-42-44-43-38-41-61-68|64-51-76-89-63-85-95-91|65-87-59-97-75-77|39-37-36-40-35-72-71-93|69-98-88-53-9-10-13-82|33-30-32-84-56|90-99-52-86-74-58-57|92-62-67-22-66-94-96-81
154,13,1453.8223,347.6113,107.0,235.6891,0,13,41.731652,41.799455,True,1-3-45-5-8-46-4-70|60-73-79-7-6-2-55-100|11-15-16-78-17-47-14-12|24-23-21-48-18-19-49-25-20-83|34-31-29-27-26-28-50-80|54-42-44-43-38-41-61-68|64-51-76-89-63-85-95-91|65-87-59-97-75-77|39-37-36-40-35-72-71-93|69-98-88-53-9-10-13-82|33-30-32-84-56|90-99-52-86-74-58-57|92-62-67-22-66-94-96-81
155,14,1455.0087,410.5844,107.0,234.8289,0,14,51.17761,51.255385,True,3-5-45-8-46-4-1-100|60-73-79-7-6-2-55-70-61|11-15-16-78-17-47-14-12|64-20-22-66|23-21-48-18-19-49-25-24-83|28-26-27-29-31-34-71-93-96|42-44-43-40-41-68|51-76-89-63-85|90-59-87-97-75-58-77|39-36-38-37-35-72-54-81|92-62-67-84-56|69-98-88-53-9-10-13-82|91-95-33-30-32-50-94-80|65-99-52-86-74-57
156,14,1455.0087,410.5844,107.0,234.8289,0,14,51.17761,51.255385,True,3-5-45-8-46-4-1-100|60-73-79-7-6-2-55-70-61|11-15-16-78-17-47-14-12|64-20-22-66|23-21-48-18-19-49-25-24-83|28-26-27-29-31-34-71-93-96|42-44-43-40-41-68|51-76-89-63-85|90-59-87-97-75-58-77|39-36-38-37-35-72-54-81|92-62-67-84-56|69-98-88-53-9-10-13-82|91-95-33-30-32-50-94-80|65-99-52-86-74-57
157,12,1455.9678,141.2056,126.0,238.1155,0,12,27.738859,27.778309,True,2-45-1-3-5-8-6-55|98-60-73-78-79-7-46-4-100-70|12-14-15-11-9-10-13-16-17-47|20-18-48-21-23-22-49-19-25-24|33-28-27-26-29-31-34-71-93-96|42-39-36-40-38-37-35-72-54-81|63-89-76-51-84-56-66|92-94-62-50-30-32-85-95-91-80|90-65-82-99-87-59-74-86-57-83|52-64-67-58-97|43-44-41-61-68|69-88-53-75-77
158,12,1456.0194,141.1539,126.0,238.1155,0,12,27.754358,27.793816,True,2-45-1-3-5-8-6-55|98-60-73-78-79-7-46-4-100-70|12-14-15-11-9-10-13-16-17-47|20-18-48-21-23-22-49-19-25-24|33-28-27-26-29-31-34-71-93-96|42-39-36-40-38-37-35-72-54-81|63-89-76-51-84-56-66|92-94-62-50-30-32-85-95-91-80|90-65-82-99-87-59-74-86-57-83|52-64-67-58-97|61-43-44-41-68|69-88-53-75-77
159,12,1456.3457,187.8819,93.0,238.0797,0,12,27.852247,27.895506,True,33-28-27-26-29-31-34-50-93-96|54-39-36-40-38-37-35-72-71-81|82-15-87-97-75-58-77|94-32-30-63-85-56-91-80|90-12-14-47-11-9-59-74-86-52|69-88-78-79-73-60-100|65-99-53-10-13-16-17-98|61-42-44-43-41-1-4-2-70|64-23-49-22-66|3-5-45-46-8-7-6-55-68|92-95-62-67-84-19-18-25-24|51-76-89-48-21-20-57-83
160,12,1456.3457,187.8819,93.0,238.0797,0,12,27.852247,27.895506,True,33-28-27-26-29-31-34-50-93-96|54-39-36-40-38-37-35-72-71-81|82-15-87-97-75-58-77|94-32-30-63-85-56-91-80|90-12-14-47-11-9-59-74-86-52|69-88-78-79-73-60-100|65-99-53-10-13-16-17-98|61-42-44-43-41-1-4-2-70|64-23-49-22-66|3-5-45-46-8-7-6-55-68|92-95-62-67-84-19-18-25-24|51-76-89-48-21-20-57-83
161,12,1456.5617,135.3976,131.0,239.0409,0,12,27.917027,27.956423,True,2-45-1-3-5-8-6-55-68|98-60-73-78-79-7-46-4-100-70|12-14-15-11-9-10-13-16-17-47|20-18-48-21-23-22-49-19-25-24|33-28-27-26-29-31-34-71-93-94|42-39-36-40-38-37-35-72-54-96|63-89-76-51-84-56-66|92-62-50-30-32-85-95-91-80|90-65-82-99-87-59-74-86-57-83|52-64-67-58-97|69-88-53-75-77|61-43-44-41-81
162,12,1456.5617,135.3976,131.0,239.0409,0,12,27.917027,27.956423,True,2-45-1-3-5-8-6-55-68|98-60-73-78-79-7-46-4-100-70|12-14-15-11-9-10-13-16-17-47|20-18-48-21-23-22-49-19-25-24|33-28-27-26-29-31-34-71-93-94|42-39-36-40-38-37-35-72-54-96|63-89-76-51-84-56-66|92-62-50-30-32-85-95-91-80|90-65-82-99-87-59-74-86-57-83|52-64-67-58-97|69-88-53-75-77|61-43-44-41-81
163,12,1457.255,140.1872,120.0,238.1155,0,12,28.125028,28.164111,True,2-45-1-3-5-8-6-55|60-73-78-79-7-46-4-100-70|12-14-15-11-9-10-13-16-17-47|20-18-48-21-23-22-49-19-25-24|33-28-27-26-29-31-34-71-93-96|42-39-36-40-38-37-35-72-54-81|92-94-62-50-30-32-85-95-91-80|90-65-82-99-87-59-74-86-57-83|52-64-67-58-97|43-44-41-61-68|69-98-88-53-75-77|63-89-76-51-84-56-66
164,12,1457.255,140.1872,120.0,238.1155,0,12,28.125028,28.164111,True,2-45-1-3-5-8-6-55|60-73-78-79-7-46-4-100-70|12-14-15-11-9-10-13-16-17-47|20-18-48-21-23-22-49-19-25-24|33-28-27-26-29-31-34-71-93-96|42-39-36-40-38-37-35-72-54-81|92-94-62-50-30-32-85-95-91-80|90-65-82-99-87-59-74-86-57-83|52-64-67-58-97|43-44-41-61-68|69-98-88-53-75-77|63-89-76-51-84-56-66
165,14,1458.8228,301.8494,146.0,234.3986,0,14,34.867368,34.933814,True,3-5-45-8-46-4-1-70-100|12-14-73-79-7-6-2-55|64-20-22-66|24-23-21-48-18-19-49-25-57-83|60-15-11-9-97-74|42-39-36-40-38-37-35-72-54-81|91-95-62-50-30-32-71-93-94-80|90-65-99-82-53-98|69-88-78-10-13-16-17-47|33-28-27-26-29-31-34-96|43-44-41-61-68|85-63-89-76-51-56|52-86-87-59-75-58-77|92-67-84
166,14,1458.8228,301.8494,146.0,234.3986,0,14,34.867368,34.933814,True,3-5-45-8-46-4-1-70-100|12-14-73-79-7-6-2-55|64-20-22-66|24-23-21-48-18-19-49-25-57-83|60-15-11-9-97-74|42-39-36-40-38-37-35-72-54-81|91-95-62-50-30-32-71-93-94-80|90-65-99-82-53-98|69-88-78-10-13-16-17-47|33-28-27-26-29-31-34-96|43-44-41-61-68|85-63-89-76-51-56|52-86-87-59-75-58-77|92-67-84
167,12,1465.5191,125.0003,129.0,238.3221,0,12,30.604262,30.644477,True,2-45-1-3-5-8-6-55-73|98-60-88-78-79-7-46-4-100-70|12-14-15-11-9-10-13-16-17-47|20-18-48-21-23-22-49-19-25-24|33-28-27-26-29-31-34-50-93-96|65-52-59-87-97-75-58-77|90-69-82-99-53-86-74-57-83|61-42-44-43-38-37-35-72-54-81|39-36-40-41-68|51-64-76-89-66|92-85-62-30-32-71-94-80|91-95-67-63-84-56
168,12,1465.5191,125.0003,129.0,238.3221,0,12,30.604262,30.644477,True,2-45-1-3-5-8-6-55-73|98-60-88-78-79-7-46-4-100-70|12-14-15-11-9-10-13-16-17-47|20-18-48-21-23-22-49-19-25-24|33-28-27-26-29-31-34-50-93-96|65-52-59-87-97-75-58-77|90-69-82-99-53-86-74-57-83|61-42-44-43-38-37-35-72-54-81|39-36-40-41-68|51-64-76-89-66|92-85-62-30-32-71-94-80|91-95-67-63-84-56
169,12,1465.7339,164.2095,93.0,238.6005,0,12,30.668693,30.711295,True,92-33-27-26-28-29-31-34-93-96|54-39-36-40-38-41-37-35-72-71|65-82-15-87-97-75-58-77|94-30-32-50-56-80|12-14-47-11-9-59-74-86-52|98-69-88-78-79-73-60-100|90-99-53-10-13-16-17|81-61-42-44-43-1-3-5-4-70|64-23-49-22-66|2-45-46-8-7-6-55-68|91-95-62-67-19-18-48-21-25-83|85-63-89-76-84-51-20-24-57
170,12,1465.7339,164.2095,93.0,238.6005,0,12,30.668693,30.711295,True,92-33-27-26-28-29-31-34-93-96|54-39-36-40-38-41-37-35-72-71|65-82-15-87-97-75-58-77|94-30-32-50-56-80|12-14-47-11-9-59-74-86-52|98-69-88-78-79-73-60-100|90-99-53-10-13-16-17|81-61-42-44-43-1-3-5-4-70|64-23-49-22-66|2-45-46-8-7-6-55-68|91-95-62-67-19-18-48-21-25-83|85-63-89-76-84-51-20-24-57
171,13,1467.0761,283.5985,117.0,234.1134,0,13,32.129721,32.192661,True,1-3-45-5-8-7-6-46-4-2-100|60-73-79-78-10-13-82|11-15-9-16-17-47-14-12|19-18-48-21-23-49-20-25-24-83|32-28-27-26-29-31-34-71-93-96|42-44-38-40-43-61-68|51-89-76-22-66|65-52-86-87-59-97-75-77|39-36-41-37-35-72-54-81|92-95-62-67-84-56-91-70|69-98-88-53-55|85-63-33-30-50-94-80|64-99-57-74-58-90
172,13,1467.0761,283.5985,117.0,234.1134,0,13,32.129721,32.192661,True,1-3-45-5-8-7-6-46-4-2-100|60-73-79-78-10-13-82|11-15-9-16-17-47-14-12|19-18-48-21-23-49-20-25-24-83|32-28-27-26-29-31-34-71-93-96|42-44-38-40-43-61-68|51-89-76-22-66|65-52-86-87-59-97-75-77|39-36-41-37-35-72-54-81|92-95-62-67-84-56-91-70|69-98-88-53-55|85-63-33-30-50-94-80|64-99-57-74-58-90
173,12,1468.6518,131.6002,144.0,238.1155,0,12,31.544078,31.587692,True,1-3-45-5-46-8-6-55|60-73-78-79-7-4-2-100-70|12-14-15-11-9-10-13-16-17-47|20-18-48-21-23-22-49-19-25-24|33-28-27-26-29-31-34-71-93-96|39-36-40-38-37-35-72-54-81|42-44-43-41-61-68|92-94-62-50-30-32-85-95-91-80|90-65-69-82-99-87-59-74-86-57-83|52-64-67-58-97|98-88-53-75-77|63-89-76-51-84-56-66
174,12,1468.6518,131.6002,144.0,238.1155,0,12,31.544078,31.587692,True,1-3-45-5-46-8-6-55|60-73-78-79-7-4-2-100-70|12-14-15-11-9-10-13-16-17-47|20-18-48-21-23-22-49-19-25-24|33-28-27-26-29-31-34-71-93-96|39-36-40-38-37-35-72-54-81|42-44-43-41-61-68|92-94-62-50-30-32-85-95-91-80|90-65-69-82-99-87-59-74-86-57-83|52-64-67-58-97|98-88-53-75-77|63-89-76-51-84-56-66
175,12,1468.8872,132.9053,120.0,238.5794,0,12,31.614687,31.656237,True,2-45-1-3-5-8-6-55|90-82-60-73-78-79-7-46-4-100-70|12-14-15-11-53-10-13-16-17-47|20-18-48-21-23-22-49-19-25-24|33-28-27-26-29-31-34-71-93-96|42-39-36-40-38-37-35-72-54-81|95-63-89-76-51-56-66|92-62-50-30-32-85-91-80|69-98-88-87-59-74-86-57-52|94-67-84-58-97|43-44-41-61-68|65-83-64-99-9-75-77
176,12,1469.2755,158.0522,117.0,239.0409,0,12,31.731171,31.776379,True,12-14-15-11-9-10-13-16-17-47|20-18-48-21-23-22-49-19-25-24|33-28-27-26-29-31-34-71-93-94|81-39-36-40-38-37-35-72-54-96|63-89-76-51-84-56-66|92-62-50-30-32-85-95-91-80|90-82-99-52-87-59-74-86-57-83|65-64-67-58-97|42-44-43-41-61-68|69-98-88-53-75-77|1-45-79-78-73-4-100-70|2-3-5-46-8-7-6-60-55
177,12,1469.2755,158.0522,117.0,239.0409,0,12,31.731171,31.776379,True,12-14-15-11-9-10-13-16-17-47|20-18-48-21-23-22-49-19-25-24|33-28-27-26-29-31-34-71-93-94|81-39-36-40-38-37-35-72-54-96|63-89-76-51-84-56-66|92-62-50-30-32-85-95-91-80|90-82-99-52-87-59-74-86-57-83|65-64-67-58-97|42-44-43-41-61-68|69-98-88-53-75-77|1-45-79-78-73-4-100-70|2-3-5-46-8-7-6-60-55
178,12,1469.3712,131.1617,153.0,238.1155,0,12,31.759885,31.804549,True,2-45-1-3-5-8-6-55|98-60-73-78-79-7-46-4-100-70|12-14-15-11-9-10-13-16-17-47|20-18-48-21-23-22-49-19-25-24|33-28-27-26-29-31-34-71-93-96|42-39-36-40-38-37-35-72-54-81|63-89-76-51-84-56-66|92-94-62-50-30-32-85-95-91-80|90-65-69-82-99-87-59-74-86-57-83|52-64-67-58-97|43-44-41-61-68|88-53-75-77
179,12,1469.3712,131.1617,153.0,238.1155,0,12,31.759885,31.804549,True,2-45-1-3-5-8-6-55|98-60-73-78-79-7-46-4-100-70|12-14-15-11-9-10-13-16-17-47|20-18-48-21-23-22-49-19-25-24|33-28-27-26-29-31-34-71-93-96|42-39-36-40-38-37-35-72-54-81|63-89-76-51-84-56-66|92-94-62-50-30-32-85-95-91-80|90-65-69-82-99-87-59-74-86-57-83|52-64-67-58-97|43-44-41-61-68|88-53-75-77
180,12,1469.3712,131.1617,153.0,238.1155,0,12,31.759885,31.804549,True,2-45-1-3-5-8-6-55|98-60-73-78-79-7-46-4-100-70|12-14-15-11-9-10-13-16-17-47|20-18-48-21-23-22-49-19-25-24|33-28-27-26-29-31-34-71-93-96|42-39-36-40-38-37-35-72-54-81|63-89-76-51-84-56-66|92-94-62-50-30-32-85-95-91-80|90-65-69-82-99-87-59-74-86-57-83|52-64-67-58-97|43-44-41-61-68|88-53-75-77
181,12,1469.4581,131.0749,153.0,238.1155,0,12,31.785944,31.830621,True,2-45-1-3-5-8-6-55|98-60-73-78-79-7-46-4-100-70|12-14-15-11-9-10-13-16-17-47|20-18-48-21-23-22-49-19-25-24|33-28-27-26-29-31-34-71-93-96|42-39-36-40-38-37-35-72-54-81|63-89-76-51-84-56-66|92-94-62-50-30-32-85-95-91-80|90-65-69-82-99-87-59-74-86-57-83|52-64-67-58-97|44-43-41-61-68|88-53-75-77
182,12,1469.5454,132.8043,120.0,238.1155,0,12,31.812153,31.853816,True,2-45-1-3-5-8-6-55|98-60-73-78-79-7-46-4-100-70|12-14-15-11-53-10-13-16-17-47|20-18-48-21-23-22-49-19-25-24|33-28-27-26-29-31-34-71-93-96|42-39-36-40-38-37-35-72-54-81|63-89-76-51-84-56-66|92-94-62-50-30-32-85-95-91-80|69-88-87-59-74-86-57-52|83-64-67-58-97|43-44-41-61-68|90-65-82-99-9-75-77
183,12,1469.5454,132.8043,120.0,238.1155,0,12,31.812153,31.853816,True,2-45-1-3-5-8-6-55|98-60-73-78-79-7-46-4-100-70|12-14-15-11-53-10-13-16-17-47|20-18-48-21-23-22-49-19-25-24|33-28-27-26-29-31-34-71-93-96|42-39-36-40-38-37-35-72-54-81|63-89-76-51-84-56-66|92-94-62-50-30-32-85-95-91-80|69-88-87-59-74-86-57-52|83-64-67-58-97|43-44-41-61-68|90-65-82-99-9-75-77
184,12,1470.0107,128.326,126.0,239.0409,0,12,31.95174,31.99361,True,2-45-1-3-5-8-6-55|98-60-73-78-79-7-46-4-100-70|12-14-15-11-9-10-13-16-17-47|20-18-48-21-23-22-49-19-25-24|33-28-27-26-29-31-34-71-93-94|42-39-36-44-38-37-35-72-54-81|63-89-76-51-84-56-66|92-62-50-30-32-85-95-91-80|90-65-82-99-87-59-74-86-57-83|52-64-67-58-97|69-88-53-75-77|96-43-40-41-61-68
185,15,1470.0351,560.6432,105.0,234.8289,0,15,73.686425,73.791317,True,3-5-45-8-46-4-1-70-100|60-73-79-7-6-2|88-78-55|11-15-16-17-47-14-12|64-20-22-66|23-21-48-18-19-49-25-24-83|34-31-29-27-26-28-50-71-93|81-42-44-43-40-41-61-68|51-76-89-63-85-95-91|65-59-87-97-75-58-77|54-39-36-38-37-35-72-96|69-98-53-9-10-13-82|33-30-32-84-56|90-99-52-86-74-57|92-62-67-94-80
186,13,1470.0439,281.64,112.0,236.7673,0,13,31.961713,32.025148,True,62-27-26-28-29-31-34-50|39-36-40-38-41-37-35-72-54|82-14-15-87-59-75-58-77|92-33-30-32-63-56-91-80|90-12-11-9-97-74-86-57-52|69-88-78-79-73-60-98|81-61-42-44-43-1-4-2-100-70|45-3-5-46-8-7-6-55-68|95-85-89-76-84-66|51-48-23-24-20|65-83-64-22-49-19-18-21-25|99-53-10-13-16-17-47|94-67-71-93-96
187,14,1470.0529,407.5547,112.0,234.8289,0,14,50.72316,50.805494,True,1-3-45-5-8-46-4-70|69-88-7-6-2-55-100|60-73-79-78-98|11-15-9-16-17-47-14-12|64-20-49-22-57-74-86-52|19-18-48-21-23-25-24-83|28-26-27-29-31-34-71-93-96|42-44-38-40-43-61-68|51-89-76-85-84-66|65-59-87-97-75-58-77|39-36-41-37-35-72-54-81|92-62-67-95-56|90-99-53-10-13-82|91-63-33-30-32-50-94-80
188,14,1470.0529,407.5547,112.0,234.8289,0,14,50.72316,50.805494,True,1-3-45-5-8-46-4-70|69-88-7-6-2-55-100|60-73-79-78-98|11-15-9-16-17-47-14-12|64-20-49-22-57-74-86-52|19-18-48-21-23-25-24-83|28-26-27-29-31-34-71-93-96|42-44-38-40-43-61-68|51-89-76-85-84-66|65-59-87-97-75-58-77|39-36-41-37-35-72-54-81|92-62-67-95-56|90-99-53-10-13-82|91-63-33-30-32-50-94-80
189,12,1470.4139,128.3715,118.0,239.0409,0,12,32.072686,32.113883,True,2-45-1-3-5-8-6-55|98-60-73-78-79-7-46-4-100-70|12-14-15-11-9-10-13-16-17-47|20-18-48-21-23-22-49-19-25-24|33-28-27-26-29-31-34-71-93-94|42-39-36-40-38-37-35-72-54-81|63-89-76-51-84-56-66|92-62-50-30-32-85-95-91-80|90-82-52-99-53-59-74-86-57|65-83-64-67-58-97|96-44-43-41-61-68|69-88-87-75-77
190,12,1470.4139,128.3715,118.0,239.0409,0,12,32.072686,32.113883,True,2-45-1-3-5-8-6-55|98-60-73-78-79-7-46-4-100-70|12-14-15-11-9-10-13-16-17-47|20-18-48-21-23-22-49-19-25-24|33-28-27-26-29-31-34-71-93-94|42-39-36-40-38-37-35-72-54-81|63-89-76-51-84-56-66|92-62-50-30-32-85-95-91-80|90-82-52-99-53-59-74-86-57|65-83-64-67-58-97|96-44-43-41-61-68|69-88-87-75-77
191,12,1470.8507,129.4014,144.0,238.1155,0,12,32.203724,32.247668,True,1-3-45-5-46-8-6-55|60-73-78-79-7-4-2-100-70|12-14-15-11-9-10-13-16-17-47|20-18-48-21-23-22-49-19-25-24|33-28-27-26-29-31-34-71-93-96|42-39-36-40-38-37-35-72-54-81|63-89-76-51-84-56-66|92-94-62-50-30-32-85-95-91-80|90-65-69-82-99-87-59-74-86-57-83|52-64-67-58-97|43-44-41-61-68|98-88-53-75-77
192,15,1471.329,505.7012,118.0,232.6101,0,15,65.445128,65.543135,True,1-3-45-5-8-46-4-2-70|88-7-6-55-100|60-73-79-78|11-15-16-17-47-14-12|64-20-49-22-66|19-18-48-21-23-25-24-83|28-26-27-29-31-34-71-93-96|42-44-43-40-41-61-68|63-89-76-85-84-56-91|65-52-86-59-97-75-58-77|39-36-38-37-35-72-54-81|92-95-62-67-94|69-98-53-9-10-13-82|51-33-30-32-50-80|90-99-87-74-57
193,15,1472.7197,496.5344,114.0,232.6101,0,15,64.070111,64.16676,True,1-3-45-5-8-46-4-70|88-7-6-2-100|60-73-79-78-47-17-13|11-15-16-14-12-55|64-20-49-22-66|19-18-48-21-23-25-24-83|28-26-27-29-31-34-71-93-96|42-43-44-40-38-41-61-68|51-89-76-85-84-56-91|65-52-86-59-97-75-58-77|39-37-36-35-72-54-81|92-62-67-94|69-98-53-9-10-82|95-63-33-30-32-50-80|90-99-87-74-57
194,12,1474.0504,127.871,153.0,238.1155,0,12,33.163643,33.209217,True,2-45-1-3-5-8-6-55|98-60-73-78-79-7-46-4-100-70|12-14-15-11-9-10-13-16-17-47|20-18-48-21-23-22-49-19-25-24|33-28-27-26-29-31-34-71-93-96|42-43-36-40-38-37-35-72-54-81|51-89-76-63-84-56-66|92-94-62-50-30-32-85-95-91-80|90-65-69-82-99-87-59-74-86-57-83|52-64-67-58-97|39-44-41-61-68|88-53-75-77
195,12,1474.0504,127.871,153.0,238.1155,0,12,33.163643,33.209217,True,2-45-1-3-5-8-6-55|98-60-73-78-79-7-46-4-100-70|12-14-15-11-9-10-13-16-17-47|20-18-48-21-23-22-49-19-25-24|33-28-27-26-29-31-34-71-93-96|42-43-36-40-38-37-35-72-54-81|51-89-76-63-84-56-66|92-94-62-50-30-32-85-95-91-80|90-65-69-82-99-87-59-74-86-57-83|52-64-67-58-97|39-44-41-61-68|88-53-75-77
196,12,1476.2756,113.8372,153.0,238.1155,0,12,33.831219,33.875356,True,2-45-1-3-5-8-6-55|98-60-73-78-79-7-46-4-100-70|12-14-11-15-16-9-10-13-17-47|20-18-48-21-23-22-49-19-25-24|33-28-27-26-29-31-34-71-93-96|42-39-36-40-38-37-35-72-54-81|63-89-76-51-84-56-66|92-94-62-50-30-32-85-95-91-80|90-65-69-82-99-87-59-74-86-57-83|52-64-67-58-97|43-44-41-61-68|88-53-75-77
197,12,1476.2756,113.8372,153.0,238.1155,0,12,33.831219,33.875356,True,2-45-1-3-5-8-6-55|98-60-73-78-79-7-46-4-100-70|12-14-11-15-16-9-10-13-17-47|20-18-48-21-23-22-49-19-25-24|33-28-27-26-29-31-34-71-93-96|42-39-36-40-38-37-35-72-54-81|63-89-76-51-84-56-66|92-94-62-50-30-32-85-95-91-80|90-65-69-82-99-87-59-74-86-57-83|52-64-67-58-97|43-44-41-61-68|88-53-75-77
198,12,1476.7972,124.7127,141.0,238.1155,0,12,33.987691,34.032416,True,2-45-1-3-5-8-6-55|69-88-78-79-7-46-4-100-70|12-14-15-11-9-10-13-16-17-47|20-18-48-21-23-22-49-19-25-24|33-28-27-26-29-31-34-71-93-96|39-36-40-38-37-35-72-54-81|63-89-76-51-84-56-66|92-62-50-30-32-85-95-91-80|90-82-64-99-87-59-74-86-57-83|65-94-67-52-58-97|42-44-43-41-61-68|98-60-73-53-75-77
199,12,1476.7972,124.7127,141.0,238.1155,0,12,33.987691,34.032416,True,2-45-1-3-5-8-6-55|69-88-78-79-7-46-4-100-70|12-14-15-11-9-10-13-16-17-47|20-18-48-21-23-22-49-19-25-24|33-28-27-26-29-31-34-71-93-96|39-36-40-38-37-35-72-54-81|63-89-76-51-84-56-66|92-62-50-30-32-85-95-91-80|90-82-64-99-87-59-74-86-57-83|65-94-67-52-58-97|42-44-43-41-61-68|98-60-73-53-75-77
200,13,1477.0984,319.2434,99.0,235.1682,0,13,37.476462,37.546114,True,3-5-45-8-46-4-1-70-100|60-79-7-6-2-55|20-23-21-48-18-19-49-25-24-83|34-31-29-27-26-28-32-50-93|81-42-44-38-40-43-61-68|65-59-87-97-75-58-77|54-39-36-41-37-35-72-71-96|69-98-88-53-9-10-13-17-82|90-99-52-86-74-57|91-92-95-62-67-94-80|12-11-15-16-78-73-47-14|51-64-76-22-89-63|85-33-30-84-56-66
201,13,1477.0984,319.2434,99.0,235.1682,0,13,37.476462,37.546114,True,3-5-45-8-46-4-1-70-100|60-79-7-6-2-55|20-23-21-48-18-19-49-25-24-83|34-31-29-27-26-28-32-50-93|81-42-44-38-40-43-61-68|65-59-87-97-75-58-77|54-39-36-41-37-35-72-71-96|69-98-88-53-9-10-13-17-82|90-99-52-86-74-57|91-92-95-62-67-94-80|12-11-15-16-78-73-47-14|51-64-76-22-89-63|85-33-30-84-56-66
202,15,1478.3341,486.8831,132.0,233.1545,0,15,62.622419,62.721186,True,1-3-45-5-8-46-4-100-70|88-7-6-2-55|60-73-79-78|11-15-16-17-47-14-12|64-20-49-22-66|19-18-48-21-23-25-24-83|28-26-27-29-31-34-71-93-96|42-44-43-40-61-68|51-89-76-85-84-56|65-52-87-59-97-75-58-57|39-36-37-38-41-35-72-54-81|92-62-67-95|69-98-53-9-10-13-82|91-63-33-30-32-50-94-80|90-99-86-74-77
203,13,1478.402,259.4272,137.0,234.8289,0,13,34.469119,34.533939,True,39-42-44-8-46-4-3-1-70|60-73-78-79-7-55-100|12-14-15-11-9-10-13-16-17-47|20-18-48-21-23-22-49-19-25-24|92-33-27-26-28-29-31-34-71|63-89-76-51-84-56-66|90-65-52-59-87-97-75-58-77|64-95-67-94-93-96|5-45-88-53-98|81-62-50-30-32-85-91-80|69-82-99-86-74-57-83|43-36-40-38-41-37-35-72-54|6-2-61-68
204,13,1478.402,259.4272,137.0,234.8289,0,13,34.469119,34.533939,True,39-42-44-8-46-4-3-1-70|60-73-78-79-7-55-100|12-14-15-11-9-10-13-16-17-47|20-18-48-21-23-22-49-19-25-24|92-33-27-26-28-29-31-34-71|63-89-76-51-84-56-66|90-65-52-59-87-97-75-58-77|64-95-67-94-93-96|5-45-88-53-98|81-62-50-30-32-85-91-80|69-82-99-86-74-57-83|43-36-40-38-41-37-35-72-54|6-2-61-68
205,15,1479.1822,486.8831,132.0,231.9259,0,15,62.622419,62.721256,True,1-3-45-5-8-46-4-100-70|88-7-6-2-55|60-73-79-78|11-15-16-17-47-14-12|64-20-49-22-66|19-18-48-21-23-25-24-83|28-26-27-29-31-34-71-93-96|42-44-43-40-61-68|51-89-76-85-84-56|65-52-87-59-97-75-77|39-36-37-38-41-35-72-54-81|92-62-67-95|69-98-53-9-10-13-82|91-63-33-30-32-50-94-80|90-99-86-74-58-57
206,15,1479.1822,486.8831,132.0,231.9259,0,15,62.622419,62.721256,True,1-3-45-5-8-46-4-100-70|88-7-6-2-55|60-73-79-78|11-15-16-17-47-14-12|64-20-49-22-66|19-18-48-21-23-25-24-83|28-26-27-29-31-34-71-93-96|42-44-43-40-61-68|51-89-76-85-84-56|65-52-87-59-97-75-77|39-36-37-38-41-35-72-54-81|92-62-67-95|69-98-53-9-10-13-82|91-63-33-30-32-50-94-80|90-99-86-74-58-57
207,12,1480.2787,118.2583,147.0,238.9544,0,12,35.032148,35.077674,True,2-45-1-3-5-8-6-55|98-60-73-78-79-7-46-4-100-70|12-14-15-11-9-10-13-16-17-47|20-18-48-21-23-22-49-19-25-24|90-65-52-59-87-97-75-58-77|51-64-76-89-26-94|92-95-82-99-86-74-57-83-91|69-88-53-85|33-27-30-32-28-29-31-34-50-80|62-67-63-84-56-66|81-54-42-44-41-40-37-35-72-71-93|96-39-36-38-43-61-68
208,12,1480.2787,118.2583,147.0,238.9544,0,12,35.032148,35.077674,True,2-45-1-3-5-8-6-55|98-60-73-78-79-7-46-4-100-70|12-14-15-11-9-10-13-16-17-47|20-18-48-21-23-22-49-19-25-24|90-65-52-59-87-97-75-58-77|51-64-76-89-26-94|92-95-82-99-86-74-57-83-91|69-88-53-85|33-27-30-32-28-29-31-34-50-80|62-67-63-84-56-66|81-54-42-44-41-40-37-35-72-71-93|96-39-36-38-43-61-68
209,12,1480.7057,132.333,137.0,238.1155,0,12,35.160225,35.206865,True,2-45-1-3-5-8-6-55|98-60-73-78-79-7-46-4-100-70|12-14-15-11-9-10-13-16-17-47|20-18-48-21-23-22-49-19-25-24|33-28-27-26-29-31-34-71-93-96|42-39-36-43-38-37-35-72-54-81|63-89-76-51-84-56-66|92-94-62-50-30-32-85-95-91-80|69-82-99-87-59-74-86-57-83-90|52-64-67-58-97|44-40-41-61-68|65-88-53-75-77
210,15,1481.098,518.3757,114.0,231.9259,0,15,67.346302,67.448638,True,1-3-45-5-8-46-4-70|88-7-6-2-100|60-73-79-78-47-17-13-82|11-15-16-14-12-55|64-20-49-22-66|19-18-48-21-23-25-24-83|28-26-27-29-31-34-71-93-96|42-43-44-40-38-41-61-68|51-89-76-85-84-56-91|65-52-86-87-59-97-75-77|39-37-36-35-72-54-81|92-62-67-94|69-98-53-9-10|95-63-33-30-32-50-80|90-99-74-58-57
211,13,1481.148,273.3532,98.0,237.6207,0,13,35.292942,35.357194,True,3-5-45-8-46-4-1-70|60-79-7-6-2-55-100|11-15-16-78-73-17-47-14-12|20-23-21-48-18-19-49-25-24-83|34-31-29-27-26-28-32-50-93|81-42-44-38-40-43-61-68|65-52-59-87-97-75-58-77|54-39-36-41-37-35-72-71-96|69-98-88-53-9-10-13-82|92-62-67-63-89-85-94-80|95-33-30-84-56-91|51-64-76-22-66|90-99-86-74-57
212,13,1481.148,273.3532,98.0,237.6207,0,13,35.292942,35.357194,True,3-5-45-8-46-4-1-70|60-79-7-6-2-55-100|11-15-16-78-73-17-47-14-12|20-23-21-48-18-19-49-25-24-83|34-31-29-27-26-28-32-50-93|81-42-44-38-40-43-61-68|65-52-59-87-97-75-58-77|54-39-36-41-37-35-72-71-96|69-98-88-53-9-10-13-82|92-62-67-63-89-85-94-80|95-33-30-84-56-91|51-64-76-22-66|90-99-86-74-57
213,12,1481.3535,115.8199,144.0,238.1155,0,12,35.354565,35.399623,True,2-45-1-3-5-8-6-55|98-60-73-78-79-7-46-4-100-70|12-14-15-11-9-10-13-16-17-47|20-18-48-21-23-22-49-19-25-24|33-28-27-26-29-31-34-71-93-96|42-39-36-40-38-37-35-72-54-81|63-89-76-51-84-56-66|92-94-62-50-30-32-85-95-91-80|90-65-69-99-87-59-74-86-57-83|52-64-67-58-97|43-44-41-61-68|82-88-53-75-77
214,12,1481.3535,115.8199,144.0,238.1155,0,12,35.354565,35.399623,True,2-45-1-3-5-8-6-55|98-60-73-78-79-7-46-4-100-70|12-14-15-11-9-10-13-16-17-47|20-18-48-21-23-22-49-19-25-24|33-28-27-26-29-31-34-71-93-96|42-39-36-40-38-37-35-72-54-81|63-89-76-51-84-56-66|92-94-62-50-30-32-85-95-91-80|90-65-69-99-87-59-74-86-57-83|52-64-67-58-97|43-44-41-61-68|82-88-53-75-77
215,14,1481.5355,397.015,104.0,234.8289,0,14,49.142205,49.225604,True,1-3-45-5-8-46-4-100-70|60-73-79-7-6-2-61-54-81|11-15-16-78-17-47-14-12|64-20-22-66|24-23-21-48-18-19-49-25-83|28-26-27-29-31-34-71-93-94|42-44-40-43-68-55|51-76-89-63-85|90-59-87-97-75-58-77|39-36-38-41-37-35-72-96|92-62-67-84-56|69-98-88-53-9-10-13-82|91-95-33-30-32-50-80|65-99-52-86-74-57
216,14,1481.5355,397.015,104.0,234.8289,0,14,49.142205,49.225604,True,1-3-45-5-8-46-4-100-70|60-73-79-7-6-2-61-54-81|11-15-16-78-17-47-14-12|64-20-22-66|24-23-21-48-18-19-49-25-83|28-26-27-29-31-34-71-93-94|42-44-40-43-68-55|51-76-89-63-85|90-59-87-97-75-58-77|39-36-38-41-37-35-72-96|92-62-67-84-56|69-98-88-53-9-10-13-82|91-95-33-30-32-50-80|65-99-52-86-74-57
217,13,1483.1535,324.3815,90.0,239.1555,0,13,38.247174,38.319111,True,92-95-62-67-63-89-18-48-21|1-5-8-4-2-100-70|69-88-60-78-73-17-13-82|99-87-59-97-75-58|42-39-36-44-43-40-35-37-72-54-81|33-27-30-32-28-26-29-31-34|83-20-76-51-84-85-50-71-93|65-11-9-10-74-86-52-90|64-22-49-66-56-91-80|12-16-15-47-14-53-98|3-45-46-7-6-79-55|94-96-38-41-61-68|57-24-19-23-25-77
218,13,1483.1535,324.3815,90.0,239.1555,0,13,38.247174,38.319111,True,92-95-62-67-63-89-18-48-21|1-5-8-4-2-100-70|69-88-60-78-73-17-13-82|99-87-59-97-75-58|42-39-36-44-43-40-35-37-72-54-81|33-27-30-32-28-26-29-31-34|83-20-76-51-84-85-50-71-93|65-11-9-10-74-86-52-90|64-22-49-66-56-91-80|12-16-15-47-14-53-98|3-45-46-7-6-79-55|94-96-38-41-61-68|57-24-19-23-25-77
219,12,1483.1801,129.9693,101.0,238.311,0,12,35.902568,35.946025,True,33-28-27-26-29-31-34-50-93-96|54-39-36-40-38-41-37-35-72-71|65-52-86-59-87-97-75-58-77|92-32-30-63-85-56-94-80|90-99-9-10-47-14-12|98-69-88-78-79-73-60-100|82-11-15-53-13-16-17|81-61-42-44-43-1-4-2-70|64-23-20-22-24-74-57-83|45-3-5-46-8-7-6-55-68|91-95-62-67-51-49-19-48-21-25|18-89-76-84-66
220,12,1483.1801,129.9693,101.0,238.311,0,12,35.902568,35.946025,True,33-28-27-26-29-31-34-50-93-96|54-39-36-40-38-41-37-35-72-71|65-52-86-59-87-97-75-58-77|92-32-30-63-85-56-94-80|90-99-9-10-47-14-12|98-69-88-78-79-73-60-100|82-11-15-53-13-16-17|81-61-42-44-43-1-4-2-70|64-23-20-22-24-74-57-83|45-3-5-46-8-7-6-55-68|91-95-62-67-51-49-19-48-21-25|18-89-76-84-66
221,12,1483.801,149.3962,123.0,238.0797,0,12,36.088824,36.137547,True,45-46-8-7-6-55-68|20-18-48-21-23-22-49-19-25-24|33-28-27-26-29-31-34-50-93-96|54-39-36-40-38-41-37-35-72-71|63-89-76-51-84-74-57|90-65-52-99-87-75-58-77|92-95-62-32-30-85-56-80|82-15-14-78-79-73-60-70|83-64-67-94-91-66|81-61-42-44-43-1-3-5-4-2-100|97-11-10-16-17-47-12|69-98-88-53-9-13-59-86
222,12,1483.801,149.3962,123.0,238.0797,0,12,36.088824,36.137547,True,45-46-8-7-6-55-68|20-18-48-21-23-22-49-19-25-24|33-28-27-26-29-31-34-50-93-96|54-39-36-40-38-41-37-35-72-71|63-89-76-51-84-74-57|90-65-52-99-87-75-58-77|92-95-62-32-30-85-56-80|82-15-14-78-79-73-60-70|83-64-67-94-91-66|81-61-42-44-43-1-3-5-4-2-100|97-11-10-16-17-47-12|69-98-88-53-9-13-59-86
223,12,1485.8122,115.7305,120.0,239.9017,0,12,36.692183,36.736432,True,2-45-1-3-5-8-6-55|98-60-73-78-79-7-46-4-100-70|12-14-15-11-9-87-13-16-17-47|20-18-48-21-23-22-49-19-25-24|33-28-27-26-29-31-34-71-93-96|42-39-36-40-38-37-35-72-54|81-94-62-50-30-32-85-95-91-80|90-65-69-82-99-97-75-77|64-67-83-57-86-59|43-44-41-61-68|92-88-53-10-74-58-52|63-89-76-51-84-56-66
224,12,1485.8122,115.7305,120.0,239.9017,0,12,36.692183,36.736432,True,2-45-1-3-5-8-6-55|98-60-73-78-79-7-46-4-100-70|12-14-15-11-9-87-13-16-17-47|20-18-48-21-23-22-49-19-25-24|33-28-27-26-29-31-34-71-93-96|42-39-36-40-38-37-35-72-54|81-94-62-50-30-32-85-95-91-80|90-65-69-82-99-97-75-77|64-67-83-57-86-59|43-44-41-61-68|92-88-53-10-74-58-52|63-89-76-51-84-56-66
225,13,1487.5923,196.5135,119.0,235.6466,0,13,37.226212,37.282674,True,3-5-45-8-7-6-46-4-1-70-100|20-23-21-48-18-19-49-25-24-83|34-31-29-27-26-28-50-93|81-42-44-38-40-43-61-68|92-62-51-76-89-63-85-95-91-80|65-59-87-97-75-58-77|54-39-36-41-37-35-72-71-96|69-98-88-53-9-10-13-17-82|33-30-32-84-56|90-64-99-52-86-74-57|16-15-11-79-2-55|94-67-22-66|12-14-47-73-78-60
226,13,1487.5923,196.5135,119.0,235.6466,0,13,37.226212,37.282674,True,3-5-45-8-7-6-46-4-1-70-100|20-23-21-48-18-19-49-25-24-83|34-31-29-27-26-28-50-93|81-42-44-38-40-43-61-68|92-62-51-76-89-63-85-95-91-80|65-59-87-97-75-58-77|54-39-36-41-37-35-72-71-96|69-98-88-53-9-10-13-17-82|33-30-32-84-56|90-64-99-52-86-74-57|16-15-11-79-2-55|94-67-22-66|12-14-47-73-78-60
227,12,1489.8536,74.3411,136.0,238.5794,0,12,37.904608,37.945264,True,2-45-1-3-5-8-6-55-68|90-82-60-73-78-79-7-46-4-100-70|12-14-15-11-9-10-13-16-17-47|20-18-48-21-23-22-49-19-25-24|33-28-27-26-29-31-34-71-93-96|63-89-76-51-84-56-66|65-52-59-87-97-75-58-77|81-42-43-44-40-38-41-72-61|91-92-64-67-85-95-94-54-80|36-39-53-98|69-88-99-86-74-57-83|50-62-32-30-35-37
228,12,1489.8536,74.3411,136.0,238.5794,0,12,37.904608,37.945264,True,2-45-1-3-5-8-6-55-68|90-82-60-73-78-79-7-46-4-100-70|12-14-15-11-9-10-13-16-17-47|20-18-48-21-23-22-49-19-25-24|33-28-27-26-29-31-34-71-93-96|63-89-76-51-84-56-66|65-52-59-87-97-75-58-77|81-42-43-44-40-38-41-72-61|91-92-64-67-85-95-94-54-80|36-39-53-98|69-88-99-86-74-57-83|50-62-32-30-35-37
229,15,1490.263,516.7973,112.0,232.6101,0,15,67.109549,67.2143,True,1-3-45-5-8-46-4-70|88-7-6-2-100|60-73-79-78-13-16-17|11-15-47-14-12-55|64-20-49-22-66|19-18-48-21-23-25-24-83|28-26-27-29-31-34-71-93-96|42-43-44-40-38-41-61-68|51-89-76-85-84|65-52-59-97-75-58-77|39-37-36-35-72-54-81|92-62-67-95-56|69-98-53-9-10-82|91-63-33-30-32-50-94-80|90-99-87-74-86-57
230,15,1490.3303,494.1005,131.0,231.9259,0,15,63.705029,63.808193,True,1-3-45-5-8-46-4-100-70|88-7-6-2-55|60-73-79-78-10|11-15-16-17-47-14-12|64-20-49-22-66|19-18-48-21-23-25-24-83|28-26-27-29-31-34-71-93-96|42-44-38-40-43-61-68|51-89-76-85-84-56|65-52-87-59-97-75-77|39-36-41-37-35-72-54-81|92-95-62-67|69-98-53-9-13-82|91-63-33-30-32-50-94-80|90-99-86-74-58-57
231,13,1491.6863,290.3645,109.0,236.0957,0,13,38.454422,38.525258,True,1-3-45-5-8-7-6-46-4-2-100|60-73-79-78-10-82|11-15-16-17-47-14-12|19-18-48-21-23-49-20-25-24-83|28-26-27-29-31-34-71-93-96|42-44-38-40-43-61-68|51-89-76-85-84-56-66|65-52-87-59-97-75-77|39-36-41-37-35-72-54-81|92-62-67-95-91-55-70|69-98-88-53-9-13-58|63-33-30-32-50-94-80|90-64-99-22-74-86-57
232,13,1491.6863,290.3645,109.0,236.0957,0,13,38.454422,38.525258,True,1-3-45-5-8-7-6-46-4-2-100|60-73-79-78-10-82|11-15-16-17-47-14-12|19-18-48-21-23-49-20-25-24-83|28-26-27-29-31-34-71-93-96|42-44-38-40-43-61-68|51-89-76-85-84-56-66|65-52-87-59-97-75-77|39-36-41-37-35-72-54-81|92-62-67-95-91-55-70|69-98-88-53-9-13-58|63-33-30-32-50-94-80|90-64-99-22-74-86-57
233,14,1491.8271,267.8871,178.0,234.3986,0,14,38.496645,38.571097,True,3-5-45-8-46-4-1-70-100|12-14-73-79-7-6-2-55|92-64-20-22-84-66|24-23-21-48-18-19-49-25-57-83|60-15-11-9-97-74-77|42-39-36-40-38-37-35-72-54-81|91-95-62-50-30-32-71-93-94-80|65-69-88-78-10-13-16-17-47|33-28-27-26-29-31-34-96|43-44-41-61-68|67|85-63-89-76-51-56|90-82-52-99-87-59-75-58-86|98-53
234,14,1491.8271,267.8871,178.0,234.3986,0,14,38.496645,38.571097,True,3-5-45-8-46-4-1-70-100|12-14-73-79-7-6-2-55|92-64-20-22-84-66|24-23-21-48-18-19-49-25-57-83|60-15-11-9-97-74-77|42-39-36-40-38-37-35-72-54-81|91-95-62-50-30-32-71-93-94-80|65-69-88-78-10-13-16-17-47|33-28-27-26-29-31-34-96|43-44-41-61-68|67|85-63-89-76-51-56|90-82-52-99-87-59-75-58-86|98-53
235,13,1493.0864,251.1721,178.0,234.3986,0,13,38.874441,38.946463,True,1-3-45-5-46-8-6-55|60-73-78-79-7-4-2-100-70|12-14-15-11-9-10-13-16-17-47|20-18-48-21-23-22-49-19-25-24|50-33-28-26-29-31-34-71-93-96|39-36-40-38-37-35-72-54-81|92-42-44-43-41-61-68|90-65-69-82-99-87-59-74-86-57-83|63-89-76-51-84-56-66|91-95-62-64-75-77|94-27-30-32-85|98-88-53-97-58-52|67-80
236,13,1493.0864,251.1721,178.0,234.3986,0,13,38.874441,38.946463,True,1-3-45-5-46-8-6-55|60-73-78-79-7-4-2-100-70|12-14-15-11-9-10-13-16-17-47|20-18-48-21-23-22-49-19-25-24|50-33-28-26-29-31-34-71-93-96|39-36-40-38-37-35-72-54-81|92-42-44-43-41-61-68|90-65-69-82-99-87-59-74-86-57-83|63-89-76-51-84-56-66|91-95-62-64-75-77|94-27-30-32-85|98-88-53-97-58-52|67-80
237,12,1493.3189,148.8516,95.0,236.2506,0,12,38.944203,38.992625,True,42-39-36-40-38-41-37-35-70|20-19-23-76-89-63-85-94-80|92-95-62-67-84-51-21-25-83|64-24-22-49-18-48-77-57|81-54-72-44-43-1-3-5-4-2-100|31-29-27-26-28-32-34-71-93-96|65-99-87-59-74-86-52-90|98-11-12-53-14-47-16-13-82|69-88-79-78-10-17|91-50-33-30-56-66|61-45-46-8-7-6-55-68|60-73-15-9-97-75-58
238,12,1493.3189,148.8516,95.0,236.2506,0,12,38.944203,38.992625,True,42-39-36-40-38-41-37-35-70|20-19-23-76-89-63-85-94-80|92-95-62-67-84-51-21-25-83|64-24-22-49-18-48-77-57|81-54-72-44-43-1-3-5-4-2-100|31-29-27-26-28-32-34-71-93-96|65-99-87-59-74-86-52-90|98-11-12-53-14-47-16-13-82|69-88-79-78-10-17|91-50-33-30-56-66|61-45-46-8-7-6-55-68|60-73-15-9-97-75-58
239,13,1494.1741,240.667,178.0,234.771,0,13,39.200756,39.271585,True,2-45-1-3-5-8-6-55|69-88-60-79-7-46-4-100-70|12-11-15-16-78-73-17-47-14|20-18-48-21-23-22-49-19-25-24|54-39-36-40-35-37-72-96|65-52-59-97-87-9-10-13-82|90-99-86-75-58-57-83|98-53-74|81-42-44-43-38-41-61-68|92-95-62-63-76-89-77|91-64-51-85-84-56-66|33-50-67-34-94-80|27-26-28-30-32-29-31-71-93
240,13,1494.1741,240.667,178.0,234.771,0,13,39.200756,39.271585,True,2-45-1-3-5-8-6-55|69-88-60-79-7-46-4-100-70|12-11-15-16-78-73-17-47-14|20-18-48-21-23-22-49-19-25-24|54-39-36-40-35-37-72-96|65-52-59-97-87-9-10-13-82|90-99-86-75-58-57-83|98-53-74|81-42-44-43-38-41-61-68|92-95-62-63-76-89-77|91-64-51-85-84-56-66|33-50-67-34-94-80|27-26-28-30-32-29-31-71-93
241,12,1496.6633,102.5691,127.0,238.3963,0,12,39.947508,39.993512,True,2-45-1-3-5-8-6-55|98-60-73-78-79-7-46-4-100-70|65-14-15-11-9-10-13-16-17-47|20-18-48-21-23-22-49-19-25-24|33-28-27-26-29-31-34-71-93-96|42-39-36-40-38-37-35-72-54-81|63-89-76-51-84-56-66|92-94-62-50-30-32-85-95-91-80|69-82-99-87-59-74-86-57-83|52-64-67-58-97|43-44-41-61-68|90-12-88-53-75-77
242,12,1496.6633,102.5691,127.0,238.3963,0,12,39.947508,39.993512,True,2-45-1-3-5-8-6-55|98-60-73-78-79-7-46-4-100-70|65-14-15-11-9-10-13-16-17-47|20-18-48-21-23-22-49-19-25-24|33-28-27-26-29-31-34-71-93-96|42-39-36-40-38-37-35-72-54-81|63-89-76-51-84-56-66|92-94-62-50-30-32-85-95-91-80|69-82-99-87-59-74-86-57-83|52-64-67-58-97|43-44-41-61-68|90-12-88-53-75-77
243,12,1497.1723,122.6153,120.0,238.1155,0,12,40.100216,40.148638,True,12-14-15-11-9-10-13-16-17-47|20-18-48-21-23-22-49-19-25-24|33-28-27-26-29-31-34-71-93-96|42-39-36-40-38-37-35-72-54-81|63-89-76-51-84-56-66|92-94-62-50-30-32-85-95-91-80|90-65-82-99-87-59-74-86-57-83|52-64-67-58-97|43-44-41-61-68|69-98-88-53-75-77|1-45-79-78-73-4-100-70|2-3-5-46-8-7-6-60-55
244,12,1497.1723,122.6153,120.0,238.1155,0,12,40.100216,40.148638,True,12-14-15-11-9-10-13-16-17-47|20-18-48-21-23-22-49-19-25-24|33-28-27-26-29-31-34-71-93-96|42-39-36-40-38-37-35-72-54-81|63-89-76-51-84-56-66|92-94-62-50-30-32-85-95-91-80|90-65-82-99-87-59-74-86-57-83|52-64-67-58-97|43-44-41-61-68|69-98-88-53-75-77|1-45-79-78-73-4-100-70|2-3-5-46-8-7-6-60-55
245,12,1497.8382,112.2498,153.0,238.1155,0,12,40.299982,40.35035,True,2-45-1-3-5-8-6-55|98-60-73-78-79-7-46-4-100-70|12-14-15-11-9-10-13-16-17-47|20-18-48-21-23-22-49-19-25-24|33-28-27-26-29-31-34-71-93-96|42-39-36-40-38-37-35-72-54-81|63-89-76-51-84-56-66|92-94-62-50-30-32-85-95-91-80|90-65-69-82-99-87-59-74-86-57-83|52-64-67-58-97|43-44-61-41-68|88-53-75-77
246,12,1498.2446,108.7815,138.0,238.1155,0,12,40.421917,40.470386,True,2-45-1-3-5-8-6-55|98-60-73-78-79-7-46-4-100-70|12-14-15-11-53-10-13-16-17-47|20-18-48-21-23-22-49-19-25-24|33-28-27-26-29-31-34-71-93-96|42-39-36-40-38-37-35-72-54-81|85-63-89-76-84-56-66|92-94-62-50-30-32-51-95-91-80|90-65-69-82-99-87-59-74-86-57-83|52-64-67-58-97|43-44-41-61-68|88-9-75-77
247,12,1498.2446,108.7815,138.0,238.1155,0,12,40.421917,40.470386,True,2-45-1-3-5-8-6-55|98-60-73-78-79-7-46-4-100-70|12-14-15-11-53-10-13-16-17-47|20-18-48-21-23-22-49-19-25-24|33-28-27-26-29-31-34-71-93-96|42-39-36-40-38-37-35-72-54-81|85-63-89-76-84-56-66|92-94-62-50-30-32-51-95-91-80|90-65-69-82-99-87-59-74-86-57-83|52-64-67-58-97|43-44-41-61-68|88-9-75-77
248,12,1499.2643,99.3287,153.0,238.1155,0,12,40.727822,40.776679,True,2-45-1-3-5-8-6-55|98-60-73-78-79-7-46-4-100-70|12-14-15-11-9-10-13-16-17-47|20-18-48-21-23-22-49-19-25-24|33-28-27-26-29-31-34-71-93-96|42-39-36-40-38-37-35-72-54-81|63-89-76-51-84-56-66|92-94-62-50-30-32-85-91-80|90-65-69-82-99-87-59-74-86-57-83|52-64-67-58-97|95-43-44-41-61-68|88-53-75-77
249,12,1499.2643,99.3287,153.0,238.1155,0,12,40.727822,40.776679,True,2-45-1-3-5-8-6-55|98-60-73-78-79-7-46-4-100-70|12-14-15-11-9-10-13-16-17-47|20-18-48-21-23-22-49-19-25-24|33-28-27-26-29-31-34-71-93-96|42-39-36-40-38-37-35-72-54-81|63-89-76-51-84-56-66|92-94-62-50-30-32-85-91-80|90-65-69-82-99-87-59-74-86-57-83|52-64-67-58-97|95-43-44-41-61-68|88-53-75-77
250,13,1499.3873,212.7608,123.0,234.8289,0,13,40.764717,40.827433,True,2-45-1-3-5-8-6-55|60-73-78-79-7-46-4-100-70|12-14-15-11-9-10-13-16-17-47|20-18-48-21-23-22-49-19-25-24|92-33-27-26-31-37|42-39-36-40-38-41-35-72-81|63-89-76-51-84-56|65-52-59-87-97-75-58-77|96-54-44-43-61-68|64-95-67-34-71-93-94-80|69-88-98-53-86-74-90|62-50-30-29-28-32-85-91|82-99-57-83-66
251,13,1499.3873,212.7608,123.0,234.8289,0,13,40.764717,40.827433,True,2-45-1-3-5-8-6-55|60-73-78-79-7-46-4-100-70|12-14-15-11-9-10-13-16-17-47|20-18-48-21-23-22-49-19-25-24|92-33-27-26-31-37|42-39-36-40-38-41-35-72-81|63-89-76-51-84-56|65-52-59-87-97-75-58-77|96-54-44-43-61-68|64-95-67-34-71-93-94-80|69-88-98-53-86-74-90|62-50-30-29-28-32-85-91|82-99-57-83-66
252,15,1499.8045,516.2334,101.0,234.8289,0,15,67.024965,67.131727,True,3-5-45-8-46-4-1-70-100|60-73-79-7-6-2-61|69-88-78-55|11-15-16-17-47-14-12|64-20-22-66|23-21-48-18-19-49-25-24-83|28-26-27-29-31-34-71-93-96|42-44-38-40-43-68|51-76-89-63-85|90-59-87-97-75-58-77|39-36-41-37-35-72-54-81|92-62-67-84-56|98-53-9-10-13-82|91-95-33-30-32-50-94-80|65-99-52-86-74-57
253,12,1500.7624,134.8026,148.0,236.5249,0,12,41.177259,41.231148,True,2-45-1-3-5-8-6-55-60|69-98-78-79-7-46-4-100-70|12-14-15-11-9-10-13-16-17-47|20-18-48-21-23-22-49-19-25-24|92-33-27-26-28-29-31-34-93-96|42-39-36-40-38-37-35-72-54-81|63-89-76-51-84-56-66|94-62-50-30-32-85-95-91-80|90-65-82-99-52-87-59-74-86-57-83|64-67-58-97|71-44-43-41-61-68|73-88-53-75-77
254,12,1500.7624,134.8026,148.0,236.5249,0,12,41.177259,41.231148,True,2-45-1-3-5-8-6-55-60|69-98-78-79-7-46-4-100-70|12-14-15-11-9-10-13-16-17-47|20-18-48-21-23-22-49-19-25-24|92-33-27-26-28-29-31-34-93-96|42-39-36-40-38-37-35-72-54-81|63-89-76-51-84-56-66|94-62-50-30-32-85-95-91-80|90-65-82-99-52-87-59-74-86-57-83|64-67-58-97|71-44-43-41-61-68|73-88-53-75-77
255,12,1503.8474,126.5723,147.0,237.0873,0,12,42.102752,42.156317,True,2-45-1-3-5-8-6-55|98-60-73-78-79-7-46-4-100-70|12-14-15-11-9-10-13-16-17-47|20-18-48-21-23-22-49-19-25-24|96-39-36-40-38-37-35-72-54-81|90-65-52-59-87-97-75-58-77|71-42-44-43-41-61-68-93-94|51-64-76-89-26-80|92-95-82-99-86-74-57-83-91|69-88-53-85|33-27-30-32-28-29-31-34-50|62-67-63-84-56-66
256,12,1503.8474,126.5723,147.0,237.0873,0,12,42.102752,42.156317,True,2-45-1-3-5-8-6-55|98-60-73-78-79-7-46-4-100-70|12-14-15-11-9-10-13-16-17-47|20-18-48-21-23-22-49-19-25-24|96-39-36-40-38-37-35-72-54-81|90-65-52-59-87-97-75-58-77|71-42-44-43-41-61-68-93-94|51-64-76-89-26-80|92-95-82-99-86-74-57-83-91|69-88-53-85|33-27-30-32-28-29-31-34-50|62-67-63-84-56-66
257,12,1505.231,106.6306,148.0,237.079,0,12,42.517833,42.56892,True,2-45-1-3-5-8-6-55|69-60-78-79-7-46-4-100-70|98-14-11-87-9-10-13-16-17-47|20-18-48-21-23-22-49-19-25-24|92-62-27-26-29-31-34-71-93|81-39-36-40-38-37-35-72-54-96|63-89-76-51-84-56-66|94-50-33-30-28-32-85-95-91-80|65-64-67-83-57-74-52-90|82-12-15-99-86-59-97-58|42-44-43-41-61-68|73-88-53-75-77
258,12,1505.231,106.6306,148.0,237.079,0,12,42.517833,42.56892,True,2-45-1-3-5-8-6-55|69-60-78-79-7-46-4-100-70|98-14-11-87-9-10-13-16-17-47|20-18-48-21-23-22-49-19-25-24|92-62-27-26-29-31-34-71-93|81-39-36-40-38-37-35-72-54-96|63-89-76-51-84-56-66|94-50-33-30-28-32-85-95-91-80|65-64-67-83-57-74-52-90|82-12-15-99-86-59-97-58|42-44-43-41-61-68|73-88-53-75-77
259,12,1505.9636,138.8403,123.0,238.0797,0,12,42.737601,42.791389,True,45-46-8-7-6-55-68|20-18-48-21-23-22-49-19-25-24|33-28-27-26-29-31-34-50-93-96|54-39-36-40-38-41-37-35-72-71|63-89-76-51-84-66-83|90-82-11-87-59-75-58-77|92-95-62-32-30-85-56-91|12-14-47-99-9-10-74-86-52|69-88-78-79-73-60-100-70|65-57-64-67-94-80|81-61-42-44-43-1-3-5-4-2-98|97-15-53-13-16-17
260,12,1505.9636,138.8403,123.0,238.0797,0,12,42.737601,42.791389,True,45-46-8-7-6-55-68|20-18-48-21-23-22-49-19-25-24|33-28-27-26-29-31-34-50-93-96|54-39-36-40-38-41-37-35-72-71|63-89-76-51-84-66-83|90-82-11-87-59-75-58-77|92-95-62-32-30-85-56-91|12-14-47-99-9-10-74-86-52|69-88-78-79-73-60-100-70|65-57-64-67-94-80|81-61-42-44-43-1-3-5-4-2-98|97-15-53-13-16-17
261,12,1506.2272,94.4445,120.0,238.5102,0,12,42.816691,42.863664,True,2-45-1-3-5-8-6-55|98-60-73-78-79-7-46-4-100-70|20-18-48-21-23-22-49-19-25-24|33-28-27-26-29-31-34-71-93-96|42-39-36-40-38-37-35-72-54-81|63-89-76-51-84-56-66|92-94-62-50-30-32-85-95-91-80|90-52-11-15-87-59-74-86-57-83|65-64-67-58-97|43-44-41-61-68|82-69-88-99-75-77|12-14-47-53-9-10-13-17-16
262,12,1506.2272,94.4445,120.0,238.5102,0,12,42.816691,42.863664,True,2-45-1-3-5-8-6-55|98-60-73-78-79-7-46-4-100-70|20-18-48-21-23-22-49-19-25-24|33-28-27-26-29-31-34-71-93-96|42-39-36-40-38-37-35-72-54-81|63-89-76-51-84-56-66|92-94-62-50-30-32-85-95-91-80|90-52-11-15-87-59-74-86-57-83|65-64-67-58-97|43-44-41-61-68|82-69-88-99-75-77|12-14-47-53-9-10-13-17-16
263,12,1507.718,137.9428,131.0,237.4095,0,12,43.263939,43.318819,True,2-45-1-3-5-8-6-55|69-88-78-79-7-46-4-100-70|20-18-48-21-23-22-49-19-25-24|92-62-27-26-29-31-34-71-93|81-39-36-40-38-37-35-72-54-96|63-89-76-51-84-56-66-83-90|94-50-33-30-28-32-85-95-91-80|67-13-16-17-47|42-44-43-41-61-68|65-82-11-15-9-87-75-77|52-64-99-53-10-74-86-57|98-60-73-14-12-97-59-58
264,12,1507.718,137.9428,131.0,237.4095,0,12,43.263939,43.318819,True,2-45-1-3-5-8-6-55|69-88-78-79-7-46-4-100-70|20-18-48-21-23-22-49-19-25-24|92-62-27-26-29-31-34-71-93|81-39-36-40-38-37-35-72-54-96|63-89-76-51-84-56-66-83-90|94-50-33-30-28-32-85-95-91-80|67-13-16-17-47|42-44-43-41-61-68|65-82-11-15-9-87-75-77|52-64-99-53-10-74-86-57|98-60-73-14-12-97-59-58
265,12,1510.5656,120.8107,116.0,238.779,0,12,44.118195,44.170064,True,2-45-1-5-8-6-60-55|12-14-73-78-79-7-46-4-100-70|20-18-48-21-23-22-49-19-25-24|33-28-27-26-29-31-34-71-93-96|39-36-40-38-37-35-72-54-81|63-89-76-51-84-66|65-11-15-97-75-58-77|42-44-43-41-61-68-3|52-64-67-94-56-80|82-69-98-88-53-9-10-13-17-16|92-62-50-30-32-85-95-91|90-47-99-87-59-74-86-57-83
266,12,1510.5656,120.8107,116.0,238.779,0,12,44.118195,44.170064,True,2-45-1-5-8-6-60-55|12-14-73-78-79-7-46-4-100-70|20-18-48-21-23-22-49-19-25-24|33-28-27-26-29-31-34-71-93-96|39-36-40-38-37-35-72-54-81|63-89-76-51-84-66|65-11-15-97-75-58-77|42-44-43-41-61-68-3|52-64-67-94-56-80|82-69-98-88-53-9-10-13-17-16|92-62-50-30-32-85-95-91|90-47-99-87-59-74-86-57-83
267,12,1512.4105,172.9134,83.0,238.7686,0,12,44.671677,44.728614,True,33-28-27-26-29-31-34-71-93-96|39-36-40-38-41-37-35-72-54-81|82-11-15-87-75-58-77|92-95-62-50-30-32-56-91-80|12-14-99-9-10-74-86-52-90|61-42-44-43-1-4-2-100-70|45-3-5-46-8-7-6-55-68|64-51-76-18-48-21-25-20|69-88-79-78-17-13-98|65-57-24-23-49-22-83-66|94-67-84-85-63-89-19|59-97-53-16-47-73-60
268,12,1512.4105,172.9134,83.0,238.7686,0,12,44.671677,44.728614,True,33-28-27-26-29-31-34-71-93-96|39-36-40-38-41-37-35-72-54-81|82-11-15-87-75-58-77|92-95-62-50-30-32-56-91-80|12-14-99-9-10-74-86-52-90|61-42-44-43-1-4-2-100-70|45-3-5-46-8-7-6-55-68|64-51-76-18-48-21-25-20|69-88-79-78-17-13-98|65-57-24-23-49-22-83-66|94-67-84-85-63-89-19|59-97-53-16-47-73-60
269,12,1513.2646,117.2675,126.0,238.1155,0,12,44.927906,44.980954,True,73-15-11-9-10-13-16-17-47|20-18-48-21-23-22-49-19-25-24|33-28-27-26-29-31-34-71-93-96|39-36-40-38-37-35-72-54-81|63-89-76-51-84-56-66|92-94-62-50-30-32-85-95-91-80|82-14-99-52-87-59-74-86-57-83|90-65-64-67-58-97|42-44-43-41-61-68|98-60-12-53-75-77|69-88-78-79-7-4-2-100|1-3-45-5-46-8-6-55-70
270,12,1514.3148,104.0994,108.0,238.0797,0,12,45.242961,45.292543,True,33-28-27-26-29-31-34-50-93-96|54-39-36-40-38-41-37-35-72-71|82-15-87-59-75-58-77|92-95-62-32-30-85-56-91-80|12-14-47-11-9-10-74-86-52-90|98-69-88-78-79-73-60-100|97-99-53-13-16-17|81-61-42-44-43-1-4-2-70|65-64-23-49-22-66|45-3-5-46-8-7-6-55-68|94-67-84-19-48-21-25-83|51-63-76-89-18-20-24-57
271,12,1514.3148,104.0994,108.0,238.0797,0,12,45.242961,45.292543,True,33-28-27-26-29-31-34-50-93-96|54-39-36-40-38-41-37-35-72-71|82-15-87-59-75-58-77|92-95-62-32-30-85-56-91-80|12-14-47-11-9-10-74-86-52-90|98-69-88-78-79-73-60-100|97-99-53-13-16-17|81-61-42-44-43-1-4-2-70|65-64-23-49-22-66|45-3-5-46-8-7-6-55-68|94-67-84-19-48-21-25-83|51-63-76-89-18-20-24-57
272,15,1514.9861,506.6637,112.0,232.6101,0,15,65.589501,65.700149,True,1-3-45-5-8-7-46-4-70|88-78-6-2-55-100|60-79-73-10|11-15-16-17-47-14-12|64-20-49-22-66|19-18-48-21-23-25-24-83|28-26-27-29-31-34-71-93-96|42-44-38-40-43-61-68|51-89-76-85-84|65-52-86-59-97-75-58-77|39-36-41-37-35-72-54-81|92-62-67-95-56|69-98-53-9-13-82|91-63-33-30-32-50-94-80|90-99-87-74-57
273,12,1515.0727,122.8666,99.0,238.0797,0,12,45.470352,45.522077,True,33-28-27-26-29-31-34-50-93-96|54-39-36-40-38-37-35-72-71-81|82-15-87-59-75-58-77|92-95-62-32-30-85-56-91-80|12-14-47-11-9-10-74-86-52-90|98-69-88-78-79-73-60-100|97-99-53-13-16-17|61-42-44-43-41-1-4-2-70|65-64-23-49-22-66|45-3-5-46-8-7-6-55-68|94-67-84-19-48-21-25-83|51-63-76-89-18-20-24-57
274,12,1515.0727,122.8666,99.0,238.0797,0,12,45.470352,45.522077,True,33-28-27-26-29-31-34-50-93-96|54-39-36-40-38-37-35-72-71-81|82-15-87-59-75-58-77|92-95-62-32-30-85-56-91-80|12-14-47-11-9-10-74-86-52-90|98-69-88-78-79-73-60-100|97-99-53-13-16-17|61-42-44-43-41-1-4-2-70|65-64-23-49-22-66|45-3-5-46-8-7-6-55-68|94-67-84-19-48-21-25-83|51-63-76-89-18-20-24-57
275,12,1515.806,127.53,112.0,237.1403,0,12,45.690334,45.744138,True,92-33-27-26-28-29-31-34-93|54-39-36-40-38-41-37-35-72-71|90-82-15-87-97-75-58-77|50-32-30-63-85-56-94-96-80|12-14-47-11-9-10-59-74-86-52|98-69-88-78-79-73-60-100|65-99-53-13-16-17|81-61-42-44-43-1-4-2-70|64-23-19-22-66|45-3-5-46-8-7-6-55-68|91-95-62-67-20-49-48-21-25-83|18-89-76-84-51-24-57
276,12,1515.806,127.53,112.0,237.1403,0,12,45.690334,45.744138,True,92-33-27-26-28-29-31-34-93|54-39-36-40-38-41-37-35-72-71|90-82-15-87-97-75-58-77|50-32-30-63-85-56-94-96-80|12-14-47-11-9-10-59-74-86-52|98-69-88-78-79-73-60-100|65-99-53-13-16-17|81-61-42-44-43-1-4-2-70|64-23-19-22-66|45-3-5-46-8-7-6-55-68|91-95-62-67-20-49-48-21-25-83|18-89-76-84-51-24-57
277,15,1516.0784,553.2119,96.0,232.6101,0,15,72.571736,72.688094,True,1-3-45-5-8-46-4-70|88-7-6-2-55-100|60-73-79-78-10|11-15-16-17-47-14-12|64-20-49-22-66|19-18-48-21-23-25-24-83|28-26-27-29-31-34-71-93-96|42-43-39-40-41-61-68|92-51-89-76-84-85|65-52-59-97-75-58-77|69-98-53-9-13-82|63-33-30-32-50-56|90-99-87-74-86-57|36-44-38-37-35-72-54-81|91-95-62-67-94-80
278,15,1518.0159,528.3224,94.0,234.8738,0,15,68.838309,68.951655,True,1-3-45-5-46-8-55|88-7-6-4-2-100-70|60-73-79-78-10-58|11-15-16-17-47-14-12|64-20-49-22-66|19-18-48-21-23-25-24-83|28-26-27-29-31-34-71-93-96|42-44-43-40-41-61-68|51-76-89-85|65-52-87-59-97-75-77|39-36-38-37-35-72-54-81|92-62-67-95-84-56|69-98-53-9-13-82|91-63-33-30-32-50-94-80|90-99-86-74-57
279,12,1518.4452,94.1162,114.0,238.318,0,12,46.482102,46.532062,True,33-28-27-26-29-31-34-50-93-96|54-39-36-40-38-41-37-35-72-71|82-15-87-59-75-58-77|94-32-30-63-56-66|12-14-47-11-9-10-74-86-52-90|98-69-88-78-79-73-60-100|81-61-42-44-43-1-4-2-70|45-3-5-46-8-7-6-55-68|19-48-23-76-89-85-95-91-80|92-62-67-84-51-18-21-25-24|97-99-53-13-16-17|65-64-20-49-22-57-83
280,12,1518.4452,94.1162,114.0,238.318,0,12,46.482102,46.532062,True,33-28-27-26-29-31-34-50-93-96|54-39-36-40-38-41-37-35-72-71|82-15-87-59-75-58-77|94-32-30-63-56-66|12-14-47-11-9-10-74-86-52-90|98-69-88-78-79-73-60-100|81-61-42-44-43-1-4-2-70|45-3-5-46-8-7-6-55-68|19-48-23-76-89-85-95-91-80|92-62-67-84-51-18-21-25-24|97-99-53-13-16-17|65-64-20-49-22-57-83
281,12,1518.4846,83.277,110.0,239.1804,0,12,46.49392,46.541995,True,45-73-78-79-4-5-3-1|12-14-15-11-9-10-13-16-17-47|18-48-21-23-49-22-24-66|33-28-27-26-29-31-34-71-93-96|39-36-40-38-37-35-72-54-81|63-89-76-51-84-56|90-65-52-59-87-97-75-58-77|42-44-43-41-61-68|82-64-67-19-25-20-80|92-94-62-50-30-32-85-95-91|60-98-69-99-53-86-74-57-83|7-88-6-8-46-2-55-100-70
282,12,1518.4846,83.277,110.0,239.1804,0,12,46.49392,46.541995,True,45-73-78-79-4-5-3-1|12-14-15-11-9-10-13-16-17-47|18-48-21-23-49-22-24-66|33-28-27-26-29-31-34-71-93-96|39-36-40-38-37-35-72-54-81|63-89-76-51-84-56|90-65-52-59-87-97-75-58-77|42-44-43-41-61-68|82-64-67-19-25-20-80|92-94-62-50-30-32-85-95-91|60-98-69-99-53-86-74-57-83|7-88-6-8-46-2-55-100-70
283,14,1518.5732,341.2464,150.0,233.5686,0,14,46.520491,46.611046,True,1-3-45-5-8-46-4-2-70|88-7-6-55-100|60-73-79-78|47-16-15-11-9-10-13-17-14-12|19-18-48-21-23-49-20-25-24-83|92-27-26-28-29-31-34-71-93-96|42-39-38-44-40-43-61-68|85-63-89-76-84-56-91|65-52-59-97-75-58-77|36-41-37-35-72-54-81|62-67-22-66-95|69-98-53-82|51-33-30-32-50-94-80|90-64-99-87-74-86-57
284,14,1518.5732,341.2464,150.0,233.5686,0,14,46.520491,46.611046,True,1-3-45-5-8-46-4-2-70|88-7-6-55-100|60-73-79-78|47-16-15-11-9-10-13-17-14-12|19-18-48-21-23-49-20-25-24-83|92-27-26-28-29-31-34-71-93-96|42-39-38-44-40-43-61-68|85-63-89-76-84-56-91|65-52-59-97-75-58-77|36-41-37-35-72-54-81|62-67-22-66-95|69-98-53-82|51-33-30-32-50-94-80|90-64-99-87-74-86-57
285,12,1519.071,93.3358,124.0,238.0797,0,12,46.669842,46.720837,True,33-28-27-26-29-31-34-50-93-96|54-39-36-40-38-41-37-35-72-71|82-15-87-59-75-58-77|92-32-30-63-85-56-80|90-12-14-47-11-9-10-74-86-52|98-69-88-78-79-73-60|97-99-53-13-16-17|81-61-42-44-43-1-4-2-100-70|65-64-23-49-22-66|45-3-5-46-8-7-6-55-68|91-95-62-67-84-51-48-21-25-83|94-76-89-18-19-20-24-57
286,12,1519.071,93.3358,124.0,238.0797,0,12,46.669842,46.720837,True,33-28-27-26-29-31-34-50-93-96|54-39-36-40-38-41-37-35-72-71|82-15-87-59-75-58-77|92-32-30-63-85-56-80|90-12-14-47-11-9-10-74-86-52|98-69-88-78-79-73-60|97-99-53-13-16-17|81-61-42-44-43-1-4-2-100-70|65-64-23-49-22-66|45-3-5-46-8-7-6-55-68|91-95-62-67-84-51-48-21-25-83|94-76-89-18-19-20-24-57
287,13,1519.8779,234.9574,145.0,234.3986,0,13,46.911887,46.986214,True,2-45-1-3-5-8-6-55|98-60-73-78-79-7-46-4-100-70|12-14-15-11-9-10-13-16-17-47|20-18-48-21-23-22-49-19-25-24|33-28-27-26-29-31-34-71-93|96-39-36-40-38-37-35-72-54-81|63-89-76-51-84-56-66|65-64-95-67-94-80|92-90-69-82-99-74-86-57-83|42-44-43-41-61-68|62-50-30-32-85-91|88-87-75-77|59-53-97-58-52
288,13,1519.8779,234.9574,145.0,234.3986,0,13,46.911887,46.986214,True,2-45-1-3-5-8-6-55|98-60-73-78-79-7-46-4-100-70|12-14-15-11-9-10-13-16-17-47|20-18-48-21-23-22-49-19-25-24|33-28-27-26-29-31-34-71-93|96-39-36-40-38-37-35-72-54-81|63-89-76-51-84-56-66|65-64-95-67-94-80|92-90-69-82-99-74-86-57-83|42-44-43-41-61-68|62-50-30-32-85-91|88-87-75-77|59-53-97-58-52
289,12,1523.7316,96.5311,105.0,239.1044,0,12,48.068,48.119126,True,92-33-27-26-28-29-34-50-93-96|54-39-36-40-38-41-37-35-72-71|82-15-87-59-75-58-77|31-32-30-63-85-56-91-80|12-14-47-11-9-10-74-86-52-90|98-69-88-78-79-73-60-100|97-99-53-13-16-17|81-61-42-44-43-1-4-2-70|65-83-24-23-49-22-66|45-3-5-46-8-7-6-55-68|64-51-76-89-48-21-25|94-95-62-67-84-18-19-20-57
290,12,1523.7316,96.5311,105.0,239.1044,0,12,48.068,48.119126,True,92-33-27-26-28-29-34-50-93-96|54-39-36-40-38-41-37-35-72-71|82-15-87-59-75-58-77|31-32-30-63-85-56-91-80|12-14-47-11-9-10-74-86-52-90|98-69-88-78-79-73-60-100|97-99-53-13-16-17|81-61-42-44-43-1-4-2-70|65-83-24-23-49-22-66|45-3-5-46-8-7-6-55-68|64-51-76-89-48-21-25|94-95-62-67-84-18-19-20-57
291,13,1524.2691,111.6596,153.0,236.5249,0,13,48.229259,48.287528,True,2-45-1-3-5-8-6-55|98-60-73-78-79-7-46-4-100-70|12-14-15-11-9-10-13-16-17-47|20-18-48-21-23-22-49-19-25-24|42-39-36-40-38-37-35-72-71-93|90-65-69-82-99-87-59-74-86-57-83|33-97-58-52|92-54-44-43-41-61-68|88-53-75-77|91-95-62-64-51-66|27-26-28-30-32-29-31-34-50-80|81-96-94-67|85-63-89-76-84-56
292,13,1524.2691,111.6596,153.0,236.5249,0,13,48.229259,48.287528,True,2-45-1-3-5-8-6-55|98-60-73-78-79-7-46-4-100-70|12-14-15-11-9-10-13-16-17-47|20-18-48-21-23-22-49-19-25-24|42-39-36-40-38-37-35-72-71-93|90-65-69-82-99-87-59-74-86-57-83|33-97-58-52|92-54-44-43-41-61-68|88-53-75-77|91-95-62-64-51-66|27-26-28-30-32-29-31-34-50-80|81-96-94-67|85-63-89-76-84-56
293,15,1525.3202,489.1199,114.0,229.7069,0,15,62.957942,63.068823,True,1-3-45-5-8-46-4-70|88-7-6-2-100|60-73-79-78-10-13-17|11-15-16-47-14-12-55|64-20-49-22-66|19-18-48-21-23-25-24-83|28-26-27-29-31-34-71-93-96|42-43-44-40-38-41-61-68|51-89-76-85-84-56-91|65-52-87-59-97-75-58|39-37-36-35-72-54-81|92-62-67-94|69-98-53-82-77|95-63-33-30-32-50-80|90-99-9-86-74-57
294,13,1527.1414,157.5089,150.0,234.3986,0,13,49.090945,49.156335,True,1-3-45-5-8-6-2-55|60-15-78-79-7-46-4-100-70|98-14-11-9-10-13-16-17-47|20-18-48-21-23-22-49-19-24|92-62-27-26-29-31-34-71-93|81-39-36-40-38-35-37-54-96|63-89-76-51-84-56-66|94-50-33-30-28-32-85-95-91-80|69-53-86-74-57-83-90|82-12-52-87-59-97-75-58|72-42-44-43-41-61-68|73-88-99-77-25|65-64-67
295,13,1527.1414,157.5089,150.0,234.3986,0,13,49.090945,49.156335,True,1-3-45-5-8-6-2-55|60-15-78-79-7-46-4-100-70|98-14-11-9-10-13-16-17-47|20-18-48-21-23-22-49-19-24|92-62-27-26-29-31-34-71-93|81-39-36-40-38-35-37-54-96|63-89-76-51-84-56-66|94-50-33-30-28-32-85-95-91-80|69-53-86-74-57-83-90|82-12-52-87-59-97-75-58|72-42-44-43-41-61-68|73-88-99-77-25|65-64-67
296,12,1527.3982,129.4577,94.0,239.0881,0,12,49.16799,49.224053,True,33-28-27-26-29-31-34-50-93-96|54-39-36-40-38-41-37-35-72-71|82-15-87-59-75-58-77|92-30-32-85-56-91-94-80|12-14-11-9-10-74-86-52-90|98-69-88-78-79-73-60-100|97-99-53-13-16-17-47|81-61-42-44-43-1-4-2-70|65-83-20-23-49-22-66|45-3-5-46-8-7-6-55-68|95-62-67-84-51-19-48-21-25|64-63-76-89-18-24-57
297,12,1527.3982,129.4577,94.0,239.0881,0,12,49.16799,49.224053,True,33-28-27-26-29-31-34-50-93-96|54-39-36-40-38-41-37-35-72-71|82-15-87-59-75-58-77|92-30-32-85-56-91-94-80|12-14-11-9-10-74-86-52-90|98-69-88-78-79-73-60-100|97-99-53-13-16-17-47|81-61-42-44-43-1-4-2-70|65-83-20-23-49-22-66|45-3-5-46-8-7-6-55-68|95-62-67-84-51-19-48-21-25|64-63-76-89-18-24-57
298,12,1529.1878,86.4296,126.0,236.3825,0,12,49.704883,49.757822,True,92-33-27-26-28-29-31-34-93-96|54-39-36-40-38-41-37-35-72-71|65-82-15-87-59-75-58-77|51-63-85-67-94-80|90-12-14-47-11-9-10-74-86-52|98-69-88-78-79-73-60-100|45-3-5-46-8-7-6-55-68|91-95-62-64-22-20-49-25-24-83|81-61-42-44-43-1-4-2-70|19-21-23-76-89-18-48-57|97-99-53-13-16-17|50-32-30-84-56-66
299,12,1529.1878,86.4296,126.0,236.3825,0,12,49.704883,49.757822,True,92-33-27-26-28-29-31-34-93-96|54-39-36-40-38-41-37-35-72-71|65-82-15-87-59-75-58-77|51-63-85-67-94-80|90-12-14-47-11-9-10-74-86-52|98-69-88-78-79-73-60-100|45-3-5-46-8-7-6-55-68|91-95-62-64-22-20-49-25-24-83|81-61-42-44-43-1-4-2-70|19-21-23-76-89-18-48-57|97-99-53-13-16-17|50-32-30-84-56-66
300,12,1529.6378,116.7726,80.0,238.1155,0,12,49.839861,49.893147,True,33-28-27-26-29-31-34-71-93-96|39-36-40-38-41-37-35-72-54|82-15-87-59-75-58-77|92-50-32-30-63-85-56-91-94-80|90-12-14-11-9-10-74-86-52|69-88-78-79-73-60-98|45-3-5-46-8-7-6-55-68|95-62-67-51-19-48-21-25-83|81-61-42-44-43-1-4-2-100-70|65-64-23-49-22-66|18-89-76-84-20-24-57|97-99-53-13-16-17-47
301,12,1529.6378,116.7726,80.0,238.1155,0,12,49.839861,49.893147,True,33-28-27-26-29-31-34-71-93-96|39-36-40-38-41-37-35-72-54|82-15-87-59-75-58-77|92-50-32-30-63-85-56-91-94-80|90-12-14-11-9-10-74-86-52|69-88-78-79-73-60-98|45-3-5-46-8-7-6-55-68|95-62-67-51-19-48-21-25-83|81-61-42-44-43-1-4-2-100-70|65-64-23-49-22-66|18-89-76-84-20-24-57|97-99-53-13-16-17-47
302,12,1532.3597,73.6442,120.0,238.1155,0,12,50.656435,50.708068,True,2-45-1-3-5-8-6-55|98-60-88-78-79-7-46-4-100-70|20-18-48-21-23-22-49-19-25-24|33-28-27-26-29-31-34-71-93-96|42-39-36-40-38-37-35-72-54-81|63-89-76-51-84-56-66|92-94-62-50-30-32-85-95-91-80|90-65-69-99-53-52-86-74-57-83|82-64-67-58-97|43-44-41-61-68|12-14-15-11-9-87-75-77|73-59-10-13-16-17-47
303,12,1532.3597,73.6442,120.0,238.1155,0,12,50.656435,50.708068,True,2-45-1-3-5-8-6-55|98-60-88-78-79-7-46-4-100-70|20-18-48-21-23-22-49-19-25-24|33-28-27-26-29-31-34-71-93-96|42-39-36-40-38-37-35-72-54-81|63-89-76-51-84-56-66|92-94-62-50-30-32-85-95-91-80|90-65-69-99-53-52-86-74-57-83|82-64-67-58-97|43-44-41-61-68|12-14-15-11-9-87-75-77|73-59-10-13-16-17-47
304,13,1533.4877,226.8234,112.0,234.7286,0,13,50.994849,51.068789,True,62-27-26-28-29-34-50-93|39-36-40-38-41-37-35-72-54|82-14-15-87-59-75-58-77|92-33-32-30-31-56-91-80|90-11-12-53-97-74-86|69-88-78-79-73-60-98|81-61-42-44-43-1-4-2-100-70|45-3-5-46-8-7-6-55-68|95-85-63-76-49-22-66|52-57-24-23-48-89-51-20|65-83-64-84-19-18-21-25|99-9-10-13-16-17-47|94-67-71-96
305,13,1533.4877,226.8234,112.0,234.7286,0,13,50.994849,51.068789,True,62-27-26-28-29-34-50-93|39-36-40-38-41-37-35-72-54|82-14-15-87-59-75-58-77|92-33-32-30-31-56-91-80|90-11-12-53-97-74-86|69-88-78-79-73-60-98|81-61-42-44-43-1-4-2-100-70|45-3-5-46-8-7-6-55-68|95-85-63-76-49-22-66|52-57-24-23-48-89-51-20|65-83-64-84-19-18-21-25|99-9-10-13-16-17-47|94-67-71-96
306,12,1539.9236,78.4182,95.0,239.1044,0,12,52.925606,52.977872,True,92-33-27-26-28-29-34-50-93-96|54-39-36-40-38-41-37-35-72-71|82-15-87-59-75-58-77|31-32-30-63-85-56-94-80|90-12-14-47-11-9-10-74-86-52|69-88-78-79-73-60-100|97-99-53-13-16-17-98|81-61-42-44-43-1-4-2-70|65-64-23-49-22-66|3-5-45-46-8-7-6-55-68|91-95-62-67-19-18-48-21-25-83|51-89-76-84-20-24-57
307,12,1539.9236,78.4182,95.0,239.1044,0,12,52.925606,52.977872,True,92-33-27-26-28-29-34-50-93-96|54-39-36-40-38-41-37-35-72-71|82-15-87-59-75-58-77|31-32-30-63-85-56-94-80|90-12-14-47-11-9-10-74-86-52|69-88-78-79-73-60-100|97-99-53-13-16-17-98|81-61-42-44-43-1-4-2-70|65-64-23-49-22-66|3-5-45-46-8-7-6-55-68|91-95-62-67-19-18-48-21-25-83|51-89-76-84-20-24-57
308,12,1540.6975,127.0771,95.0,237.7991,0,12,53.157787,53.217389,True,42-39-36-40-38-41-37-35-70|20-19-23-76-89-63-85-94-80|61-45-46-8-7-6-55-68|92-95-62-67-84-51-21-25-83|65-64-24-22-49-18-48-77-57|81-54-72-44-43-1-3-5-4-2-100|31-29-27-26-28-32-34-71-93-96|73-15-9-87-97-75-58|98-88-99-59-16-14-12|69-60-79-78-10-13-17-47|91-50-33-30-56-66|82-11-53-86-74-52-90
309,12,1540.6975,127.0771,95.0,237.7991,0,12,53.157787,53.217389,True,42-39-36-40-38-41-37-35-70|20-19-23-76-89-63-85-94-80|61-45-46-8-7-6-55-68|92-95-62-67-84-51-21-25-83|65-64-24-22-49-18-48-77-57|81-54-72-44-43-1-3-5-4-2-100|31-29-27-26-28-32-34-71-93-96|73-15-9-87-97-75-58|98-88-99-59-16-14-12|69-60-79-78-10-13-17-47|91-50-33-30-56-66|82-11-53-86-74-52-90
310,12,1542.8525,85.8557,104.0,238.9759,0,12,53.804288,53.85943,True,33-28-27-26-29-31-34-50-93-96|54-39-36-40-38-41-37-35-72-71|65-82-15-87-59-75-58-77|90-12-14-47-11-9-10-74-86-52|98-69-88-78-79-73-60-100|81-61-42-44-43-1-4-2-70|45-3-5-46-8-7-6-55-68|92-95-62-67-51-19-48-21-25-83|64-23-49-22-66|94-30-32-63-85-20-24-57|18-89-76-84-56-91-80|97-99-53-13-16-17
311,12,1542.8525,85.8557,104.0,238.9759,0,12,53.804288,53.85943,True,33-28-27-26-29-31-34-50-93-96|54-39-36-40-38-41-37-35-72-71|65-82-15-87-59-75-58-77|90-12-14-47-11-9-10-74-86-52|98-69-88-78-79-73-60-100|81-61-42-44-43-1-4-2-70|45-3-5-46-8-7-6-55-68|92-95-62-67-51-19-48-21-25-83|64-23-49-22-66|94-30-32-63-85-20-24-57|18-89-76-84-56-91-80|97-99-53-13-16-17
312,12,1544.4866,70.6927,96.0,238.7945,0,12,54.294523,54.347053,True,33-28-27-26-29-31-34-93-96|54-39-36-40-38-41-37-35-72-71|65-82-15-87-59-75-58-77|92-50-32-30-63-85-56-91-94-80|90-12-14-47-11-9-10-74-86-52|98-69-88-78-79-73-60-100|97-99-53-13-16-17|81-61-42-44-43-1-4-2-70|64-23-19-22-66|45-3-5-46-8-7-6-55-68|95-62-67-49-18-48-21-25-83|51-89-76-84-20-24-57
313,12,1544.4866,70.6927,96.0,238.7945,0,12,54.294523,54.347053,True,33-28-27-26-29-31-34-93-96|54-39-36-40-38-41-37-35-72-71|65-82-15-87-59-75-58-77|92-50-32-30-63-85-56-91-94-80|90-12-14-47-11-9-10-74-86-52|98-69-88-78-79-73-60-100|97-99-53-13-16-17|81-61-42-44-43-1-4-2-70|64-23-19-22-66|45-3-5-46-8-7-6-55-68|95-62-67-49-18-48-21-25-83|51-89-76-84-20-24-57
314,12,1545.5388,91.4295,85.0,239.7123,0,12,54.610164,54.665158,True,33-28-27-26-29-31-34-93-96|54-39-36-40-38-41-37-35-72-71|65-82-15-87-59-75-58-77|92-50-32-30-63-85-56-91-94-80|90-12-14-47-11-9-10-74-86-52|69-88-78-79-73-60-100|97-99-53-13-16-17-98|81-61-42-44-43-1-4-2-70|64-23-49-22-66|3-5-45-46-8-7-6-55-68|95-62-67-51-19-48-21-25-57|18-89-76-84-20-24-83
315,12,1545.5388,91.4295,85.0,239.7123,0,12,54.610164,54.665158,True,33-28-27-26-29-31-34-93-96|54-39-36-40-38-41-37-35-72-71|65-82-15-87-59-75-58-77|92-50-32-30-63-85-56-91-94-80|90-12-14-47-11-9-10-74-86-52|69-88-78-79-73-60-100|97-99-53-13-16-17-98|81-61-42-44-43-1-4-2-70|64-23-49-22-66|3-5-45-46-8-7-6-55-68|95-62-67-51-19-48-21-25-57|18-89-76-84-20-24-83
316,12,1545.5493,94.0231,88.0,238.0797,0,12,54.613312,54.668753,True,33-28-27-26-29-31-34-50-93-96|54-39-36-40-38-41-37-35-72-71|65-82-15-87-59-75-58-77|92-32-30-63-85-56-91-94-80|90-12-14-47-11-9-10-74-86-52|69-88-78-79-73-60|97-99-53-13-16-17-98|81-61-42-44-43-1-4-2-100-70|64-23-49-22-66|45-3-5-46-8-7-6-55-68|95-62-67-51-19-48-21-25-83|18-89-76-84-20-24-57
317,12,1545.5493,94.0231,88.0,238.0797,0,12,54.613312,54.668753,True,33-28-27-26-29-31-34-50-93-96|54-39-36-40-38-41-37-35-72-71|65-82-15-87-59-75-58-77|92-32-30-63-85-56-91-94-80|90-12-14-47-11-9-10-74-86-52|69-88-78-79-73-60|97-99-53-13-16-17-98|81-61-42-44-43-1-4-2-100-70|64-23-49-22-66|45-3-5-46-8-7-6-55-68|95-62-67-51-19-48-21-25-83|18-89-76-84-20-24-57
318,14,1546.7301,309.7913,171.0,231.6681,0,14,54.96755,55.063649,True,2-45-1-3-5-8-6-55|69-88-60-79-7-46-4-100-70|12-11-15-16-78-73-17-47-14|20-18-48-21-23-22-49-19-25-24|85-28-27-29-31-34-71-93-96|42-39-36-40-38-37-35-72-54-81|63-89-76-51-84-56-66|65-52-59-97-87-9-10-13-82|64-99-75-58-57-83|94-67-95-91|90-33-80|92-62-32-30-26-50|98-53-86-74-77|43-44-41-61-68
319,14,1546.7301,309.7913,171.0,231.6681,0,14,54.96755,55.063649,True,2-45-1-3-5-8-6-55|69-88-60-79-7-46-4-100-70|12-11-15-16-78-73-17-47-14|20-18-48-21-23-22-49-19-25-24|85-28-27-29-31-34-71-93-96|42-39-36-40-38-37-35-72-54-81|63-89-76-51-84-56-66|65-52-59-97-87-9-10-13-82|64-99-75-58-57-83|94-67-95-91|90-33-80|92-62-32-30-26-50|98-53-86-74-77|43-44-41-61-68
320,12,1552.4373,64.0722,101.0,238.0797,0,12,56.679732,56.734047,True,33-28-27-26-29-31-34-50-93-96|54-39-36-40-38-41-37-35-72-71|65-82-15-87-59-75-58-77|92-32-30-63-85-56-94-80|90-12-14-47-11-9-10-74-86-52|98-69-88-78-79-73-60|45-3-5-46-8-7-6-55-68|91-95-62-67-51-19-48-21-25-83|81-61-42-44-43-1-4-2-100-70|64-23-49-22-66|18-89-76-84-20-24-57|97-99-53-13-16-17
321,12,1552.4373,64.0722,101.0,238.0797,0,12,56.679732,56.734047,True,33-28-27-26-29-31-34-50-93-96|54-39-36-40-38-41-37-35-72-71|65-82-15-87-59-75-58-77|92-32-30-63-85-56-94-80|90-12-14-47-11-9-10-74-86-52|98-69-88-78-79-73-60|45-3-5-46-8-7-6-55-68|91-95-62-67-51-19-48-21-25-83|81-61-42-44-43-1-4-2-100-70|64-23-49-22-66|18-89-76-84-20-24-57|97-99-53-13-16-17
322,12,1554.2774,91.8821,82.0,239.005,0,12,57.231747,57.289024,True,33-28-27-26-29-31-34-50-93-94|54-39-36-40-38-41-37-35-72|82-15-87-59-75-58-77|71-32-30-63-85-56-91-80-96|12-14-47-11-9-10-74-86-52-90|69-88-78-79-73-60-100|97-99-53-13-16-17-98|81-61-42-44-43-1-4-2-70|65-64-23-49-22-66|3-5-45-46-8-7-6-55-68|92-95-62-67-20-19-48-21-25-24|18-89-76-84-51-57-83
323,12,1554.2774,91.8821,82.0,239.005,0,12,57.231747,57.289024,True,33-28-27-26-29-31-34-50-93-94|54-39-36-40-38-41-37-35-72|82-15-87-59-75-58-77|71-32-30-63-85-56-91-80-96|12-14-47-11-9-10-74-86-52-90|69-88-78-79-73-60-100|97-99-53-13-16-17-98|81-61-42-44-43-1-4-2-70|65-64-23-49-22-66|3-5-45-46-8-7-6-55-68|92-95-62-67-20-19-48-21-25-24|18-89-76-84-51-57-83
324,14,1555.5531,396.9458,95.0,230.8286,0,14,57.614461,57.718554,True,1-3-45-5-8-46-4-2-70|69-88-79-6-7-55-100|60-73-78-10-77|82-11-15-16-9-13-47-14-12|64-20-49-22-66|19-18-48-21-23-25-24-83|28-26-27-29-31-34-71-93-96|42-43-44-40-38-41-61-68|51-89-76-85-84-56-91|65-52-87-59-97-75-58|39-37-36-35-72-54-81|92-62-67-94-17-98|95-63-33-30-32-50-80|90-99-53-86-74-57
325,14,1555.5531,396.9458,95.0,230.8286,0,14,57.614461,57.718554,True,1-3-45-5-8-46-4-2-70|69-88-79-6-7-55-100|60-73-78-10-77|82-11-15-16-9-13-47-14-12|64-20-49-22-66|19-18-48-21-23-25-24-83|28-26-27-29-31-34-71-93-96|42-43-44-40-38-41-61-68|51-89-76-85-84-56-91|65-52-87-59-97-75-58|39-37-36-35-72-54-81|92-62-67-94-17-98|95-63-33-30-32-50-80|90-99-53-86-74-57
326,12,1555.5833,91.2633,93.0,239.7123,0,12,57.623524,57.682307,True,33-28-27-26-29-31-34-50-93-94|54-39-36-40-38-41-37-35-72-71|65-82-15-87-59-75-58-77|91-95-32-30-63-85-56-96-80|90-12-14-47-11-9-10-74-86-52|69-88-78-79-73-60-100|97-99-53-13-16-17-98|81-61-42-44-43-1-4-2-70|64-23-49-22-66|45-3-5-46-8-7-6-55-68|92-62-67-51-19-48-21-25-57|18-89-76-84-20-24-83
327,14,1556.9063,319.1032,141.0,232.6101,0,14,58.020415,58.118105,True,1-3-45-5-8-7-6-46-4-100-70|60-73-79-78-10|92-11-15-16-17-47-14-12|19-18-48-21-23-25-24-83|28-26-27-29-31-34-71-93-96|65-52-59-97-75-58-77|42-39-36-38-41-37-35-72-54-81|69-98-88-53-9-13-82|91-63-33-30-32-50-94-80|90-99-87-74-86-57|95-62-64-51|2-44-40-43-55-68-61|67-85-84-56|89-76-49-22-20-66
328,14,1556.9063,319.1032,141.0,232.6101,0,14,58.020415,58.118105,True,1-3-45-5-8-7-6-46-4-100-70|60-73-79-78-10|92-11-15-16-17-47-14-12|19-18-48-21-23-25-24-83|28-26-27-29-31-34-71-93-96|65-52-59-97-75-58-77|42-39-36-38-41-37-35-72-54-81|69-98-88-53-9-13-82|91-63-33-30-32-50-94-80|90-99-87-74-86-57|95-62-64-51|2-44-40-43-55-68-61|67-85-84-56|89-76-49-22-20-66
329,12,1557.606,84.5237,94.0,238.0797,0,12,58.23034,58.288574,True,33-28-27-26-29-31-34-50-93-96|54-39-36-40-38-41-37-35-72-71|82-15-87-59-75-58-77|92-32-30-63-85-56-91-94-80|90-12-14-11-9-10-74-86-52|98-69-88-78-79-73-60-100|45-3-5-46-8-7-6-55-68|95-62-67-51-19-48-21-25-24|81-61-42-44-43-1-4-2-70|65-64-23-49-22-66|18-89-76-84-20-57-83|97-99-53-13-16-17-47
330,12,1557.606,84.5237,94.0,238.0797,0,12,58.23034,58.288574,True,33-28-27-26-29-31-34-50-93-96|54-39-36-40-38-41-37-35-72-71|82-15-87-59-75-58-77|92-32-30-63-85-56-91-94-80|90-12-14-11-9-10-74-86-52|98-69-88-78-79-73-60-100|45-3-5-46-8-7-6-55-68|95-62-67-51-19-48-21-25-24|81-61-42-44-43-1-4-2-70|65-64-23-49-22-66|18-89-76-84-20-57-83|97-99-53-13-16-17-47
331,12,1559.6172,119.7734,90.0,236.6621,0,12,58.833675,58.897186,True,54-39-36-44-38-41-37-35-70|20-19-23-76-63-85-51-94-80|98-14-99-9-10-86-74-57-90|60-45-46-8-7-6-55-68-61-81|92-95-62-67-89-48-25-83|65-52-59-87-97-75-58-77|64-22-49-18-21-24|50-33-30-84-56-66-91|31-29-27-26-28-32-34-71-93-96|69-88-78-79-73-17-47-12|72-42-43-40-1-3-5-4-2-100|82-11-15-16-53-13
332,12,1559.6172,119.7734,90.0,236.6621,0,12,58.833675,58.897186,True,54-39-36-44-38-41-37-35-70|20-19-23-76-63-85-51-94-80|98-14-99-9-10-86-74-57-90|60-45-46-8-7-6-55-68-61-81|92-95-62-67-89-48-25-83|65-52-59-87-97-75-58-77|64-22-49-18-21-24|50-33-30-84-56-66-91|31-29-27-26-28-32-34-71-93-96|69-88-78-79-73-17-47-12|72-42-43-40-1-3-5-4-2-100|82-11-15-16-53-13
333,12,1560.0152,62.4989,101.0,238.0797,0,12,58.953102,59.009454,True,33-28-27-26-29-31-34-50-93-96|54-39-36-40-38-41-37-35-72-71|65-82-15-87-59-75-58-77|92-32-30-63-85-56-94-80|90-12-14-47-11-9-10-74-86-52|98-69-88-78-79-73-60-100|97-99-53-13-16-17|81-61-42-44-43-1-4-2-70|64-23-49-22-66|45-3-5-46-8-7-6-55-68|91-95-62-67-51-19-48-21-25-83|18-89-76-84-20-24-57
334,12,1560.0152,62.4989,101.0,238.0797,0,12,58.953102,59.009454,True,33-28-27-26-29-31-34-50-93-96|54-39-36-40-38-41-37-35-72-71|65-82-15-87-59-75-58-77|92-32-30-63-85-56-94-80|90-12-14-47-11-9-10-74-86-52|98-69-88-78-79-73-60-100|97-99-53-13-16-17|81-61-42-44-43-1-4-2-70|64-23-49-22-66|45-3-5-46-8-7-6-55-68|91-95-62-67-51-19-48-21-25-83|18-89-76-84-20-24-57
335,12,1560.6419,70.9658,93.0,239.7123,0,12,59.141112,59.198367,True,33-28-27-26-29-31-34-50-93-94|65-82-15-87-59-75-58-77|91-95-32-30-63-85-56-96-80|90-12-14-47-11-9-10-74-86-52|98-69-88-78-79-73-60|97-99-53-13-16-17|61-39-42-44-43-1-4-2-100-70|64-23-49-22-66|45-3-5-46-8-7-6-55-68|92-62-67-51-19-48-21-25-57|18-89-76-84-20-24-83|81-54-36-40-38-41-37-35-72-71
336,12,1560.6419,70.9658,93.0,239.7123,0,12,59.141112,59.198367,True,33-28-27-26-29-31-34-50-93-94|65-82-15-87-59-75-58-77|91-95-32-30-63-85-56-96-80|90-12-14-47-11-9-10-74-86-52|98-69-88-78-79-73-60|97-99-53-13-16-17|61-39-42-44-43-1-4-2-100-70|64-23-49-22-66|45-3-5-46-8-7-6-55-68|92-62-67-51-19-48-21-25-57|18-89-76-84-20-24-83|81-54-36-40-38-41-37-35-72-71
337,12,1561.2381,73.3291,84.0,237.4831,0,12,59.319949,59.376503,True,33-28-27-26-29-31-34-93-96|54-39-36-40-38-41-37-35-72-71|65-82-15-87-59-75-58-77|92-50-32-30-63-85-56-91-94-80|98-12-14-11-9-10-74-86-52-90|69-88-78-79-73-60-100|97-99-53-13-16-17-47|81-61-42-44-43-1-4-2-70|57-64-23-49-22-66|45-3-5-46-8-7-6-55-68|95-62-67-51-19-48-21-25-83|18-89-76-84-20-24
338,12,1561.2381,73.3291,84.0,237.4831,0,12,59.319949,59.376503,True,33-28-27-26-29-31-34-93-96|54-39-36-40-38-41-37-35-72-71|65-82-15-87-59-75-58-77|92-50-32-30-63-85-56-91-94-80|98-12-14-11-9-10-74-86-52-90|69-88-78-79-73-60-100|97-99-53-13-16-17-47|81-61-42-44-43-1-4-2-70|57-64-23-49-22-66|45-3-5-46-8-7-6-55-68|95-62-67-51-19-48-21-25-83|18-89-76-84-20-24
339,12,1562.2931,72.5273,93.0,238.0797,0,12,59.636458,59.694198,True,33-28-27-26-29-31-34-50-93-96|54-39-36-40-38-41-37-35-72-71|65-82-15-87-59-75-58-77|92-32-30-63-85-56-91-94-80|90-12-14-47-11-9-10-74-86-52|98-69-88-78-79-73-60-100|97-99-53-13-16-17|81-61-42-44-43-1-4-2-70|64-23-49-22-66|45-3-5-46-8-7-6-55-68|95-62-67-51-19-48-21-25-83|18-89-76-84-20-24-57
340,12,1565.2628,60.6643,95.0,239.1044,0,12,60.52737,60.584575,True,92-33-27-26-28-29-34-50-93-96|54-39-36-40-38-41-37-35-72-71|65-82-15-87-59-75-58-77|31-32-30-63-85-56-94-80|90-12-14-47-11-9-10-74-86-52|98-69-88-78-79-73-60-100|97-99-53-13-16-17|81-61-42-44-43-1-4-2-70|64-23-49-22-66|45-3-5-46-8-7-6-55-68|91-95-62-67-51-19-48-21-25-83|18-89-76-84-20-24-57
341,12,1568.2289,59.516,98.0,239.005,0,12,61.417191,61.475399,True,33-28-27-26-29-31-34-50-93-94|54-39-36-40-38-41-37-35-72-71|82-15-87-59-75-58-77|92-32-30-63-85-56-96-80|90-12-14-47-11-9-10-74-86-52|98-69-88-78-79-73-60-100|97-99-53-13-16-17|81-61-42-44-43-1-4-2-70|65-64-23-49-22-66|45-3-5-46-8-7-6-55-68|91-95-62-67-20-19-48-21-25-83|18-89-76-84-51-24-57
342,12,1572.6434,70.0139,88.0,238.8368,0,12,62.741538,62.80162,True,26-27-28-30-29-31-34-50-93-96|54-39-36-40-38-41-37-35-72-71|65-82-15-87-59-75-58-77|92-32-33-63-85-56-91-94-80|90-12-14-47-11-9-16-74-86-52|98-69-88-78-79-73-60-100|3-5-45-46-8-7-6-55-68|95-62-67-51-19-48-21-25-83|81-61-42-44-43-1-4-2-70|64-23-49-22-66|18-89-76-84-20-24-57|97-99-53-10-13-17
343,12,1572.6434,70.0139,88.0,238.8368,0,12,62.741538,62.80162,True,26-27-28-30-29-31-34-50-93-96|54-39-36-40-38-41-37-35-72-71|65-82-15-87-59-75-58-77|92-32-33-63-85-56-91-94-80|90-12-14-47-11-9-16-74-86-52|98-69-88-78-79-73-60-100|3-5-45-46-8-7-6-55-68|95-62-67-51-19-48-21-25-83|81-61-42-44-43-1-4-2-70|64-23-49-22-66|18-89-76-84-20-24-57|97-99-53-10-13-17
344,12,1576.7778,111.386,93.0,236.2506,0,12,63.981867,64.049506,True,42-39-36-40-38-41-37-35-70|19-89-76-84-56-66-80|61-45-46-8-7-6-55-68|92-95-62-67-22-18-25-24-83|64-23-21-49-20-77-57|81-54-72-44-43-1-3-5-4-2-100|94-31-29-27-26-28-34-71-93-96|73-15-9-87-97-75-58|91-50-33-30-32-63-85-51|69-88-79-78-10-17-60|65-48-99-59-74-86-52-90|98-11-12-53-14-47-16-13-82
345,12,1580.7687,94.6222,137.0,234.8289,0,12,65.179153,65.249662,True,98-60-73-78-79-7-46-4-100-70|12-14-15-11-9-10-13-16-17-47|20-18-48-21-23-22-49-19-25-24|42-39-36-40-38-37-35-72-54-81|90-65-52-59-87-97-75-58-77|51-85-63-76-89-26-80|33-27-30-32-28-29-31-34-50|91-92-62-67-95-84-56-66-93-71|45-1-44-41-43-68-94|69-64-99-86-74-57-83|96-88-8-6-55-5|61-3-2-53-82
346,12,1580.7687,94.6222,137.0,234.8289,0,12,65.179153,65.249662,True,98-60-73-78-79-7-46-4-100-70|12-14-15-11-9-10-13-16-17-47|20-18-48-21-23-22-49-19-25-24|42-39-36-40-38-37-35-72-54-81|90-65-52-59-87-97-75-58-77|51-85-63-76-89-26-80|33-27-30-32-28-29-31-34-50|91-92-62-67-95-84-56-66-93-71|45-1-44-41-43-68-94|69-64-99-86-74-57-83|96-88-8-6-55-5|61-3-2-53-82
347,13,1583.7848,230.6151,91.0,236.4021,0,13,66.083961,66.17171,True,1-3-45-5-8-7-6-46-4-2-100|19-18-48-21-23-49-20-25-24-83|28-26-27-29-31-34-71-93-96|42-44-38-40-43-61-68|65-57-52-87-59-97-75-77|39-36-41-37-35-72-54-81|92-62-67-84-95-91-55-70|69-98-88-53-9-13-58|85-63-33-30-32-50-94-80|64-76-22-56|12-14-15-11-79-73-60|82-99-78-10-16-17-47|89-51-66-74-86-90
348,14,1592.9801,210.4073,174.0,232.1203,0,14,68.842559,68.937993,True,2-45-1-3-5-8-6-55|69-88-60-79-7-46-4-100-70|12-11-15-16-78-73-17-47-14|20-18-48-21-23-22-49-19-25-24|94-31-29-27-28-34-71-93-96|42-39-36-40-38-37-35-72-54-81|63-89-76-51-84-56-66|65-52-59-97-87-9-10-13-82|64-99-75-58-57-83|98-53-86-74-90|92-62-67|43-44-41-61-68|50-32-30-77-80|26-33-85-95-91
349,12,1593.4253,30.8802,65.0,238.4825,0,12,68.976107,69.0342,True,33-28-27-26-29-31-34-71-93-96|54-39-36-40-38-41-37-35-72|65-82-11-15-87-75-58-77|92-50-32-30-63-85-56-94-80|90-12-14-99-9-10-74-86-52|98-69-88-78-79-73-60-100|59-97-53-47-17-13-16|81-61-42-44-43-1-4-2-70|57-64-23-49-22-66|45-3-5-46-8-7-6-55-68|91-95-62-67-20-19-48-21-25-83|18-89-76-84-51-24
350,14,1595.4684,185.4114,150.0,232.1203,0,14,69.589039,69.679071,True,2-45-1-3-5-8-6-55|69-88-60-79-7-46-4-100-70|12-11-15-16-78-73-17-47-14|20-18-48-21-23-22-49-19-25-24|85-28-27-29-31-34-71-93-96|39-36-40-38-37-35-72-54-81|63-89-76-51-84-56-66|65-52-59-97-87-9-10-13-82|90-64-83-99-75-58-57|98-53-86-74|91-95-62-67-94|42-44-43-41-61-68|50-32-30-77-80|92-33-26
351,13,1596.962,205.0697,109.0,236.0957,0,13,70.037133,70.126758,True,1-3-45-5-8-7-6-46-4-2-100|60-73-79-78-10-82|86-11-15-16-17-47-14-12|28-26-27-29-31-34-71-93-96|42-44-38-40-43-61-68|20-64-51-85-84-56-66|65-48-23-87-59-97-75|39-36-41-37-35-72-54-81|92-62-67-95-91-55-70|69-98-88-53-9-13-58|63-33-30-32-50-94-80|90-83-57-52-99-24-19-18-21-25|89-76-49-22-74-77
352,12,1602.6069,117.5513,88.0,236.2506,0,12,71.730594,71.806408,True,42-39-36-40-38-41-37-35-70|19-76-84-56-66-94-80|61-45-46-8-7-6-55-68|92-95-62-67-22-49-18-25-24|64-23-21-20-77-57-83|81-54-72-44-43-1-3-5-4-2-100|31-29-27-26-28-32-34-71-93-96|73-15-9-87-97-75-58|91-50-33-30-89-63-85-51|69-88-79-78-10-17-60|65-48-99-59-74-86-52-90|98-11-12-53-14-47-16-13-82
353,12,1603.8939,121.6461,98.0,235.1822,0,12,72.116709,72.194363,True,54-39-36-40-38-41-37-35-70|20-19-76-63-84-56-66-91-94-80|61-45-46-8-7-6-55-68-81|95-62-67-22-49-18-25-24|64-23-21-77-57-83|72-42-44-43-1-3-5-4-2-100|31-29-27-26-28-32-34-71-93-96|73-15-9-87-97-75-58|92-50-33-30-89-85-51|69-88-79-78-10-17-14|65-48-99-59-74-86-52-90|98-60-12-11-53-47-16-13-82
354,12,1608.9746,81.7205,95.0,236.2506,0,12,73.640896,73.713945,True,42-39-36-40-38-41-37-35-70|20-19-23-76-89-63-85-94-80|61-45-46-8-7-6-55-68|92-95-62-67-84-51-21-25-83|90-65-64-24-22-49-18-48-77-57|81-54-72-44-43-1-3-5-4-2-100|31-29-27-26-28-32-34-71-93-96|69-88-79-78-10-17-60|59-99-9-16-13-58|91-50-33-30-56-66|73-47-15-87-75-74-86-52|82-11-14-12-53-97-98
355,12,1617.2467,109.0795,88.0,236.2506,0,12,76.122541,76.201475,True,42-39-36-40-38-41-37-35-70|19-76-84-56-66-94-80|61-45-46-8-7-6-55-68|92-95-62-67-22-18-25-24-83|64-23-21-49-20-77-57|81-54-72-44-43-1-3-5-4-2-100|31-29-27-26-28-32-34-71-93-96|82-73-9-87-97-75-58|91-50-33-30-89-63-85-51|69-88-79-78-10-17-60|65-48-99-59-74-86-52-90|98-15-11-53-14-47-16-13-12
356,12,1626.0816,63.9527,62.0,238.1155,0,12,78.773016,78.845512,True,33-28-27-26-29-31-34-71-93-96|54-39-36-40-38-41-37-35-72|65-82-11-15-87-75-58-77|92-50-32-30-63-85-56-94-80|98-69-88-78-79-73-60-100|81-61-42-44-43-1-4-2-70|45-3-5-46-8-7-6-55-68|91-95-62-67-20-19-48-21-25-83|64-23-49-22-66-52-90|18-89-76-84-51-24-57|59-99-9-10-74-97|86-12-53-47-16-13-17-14
357,12,1629.7941,53.7976,99.0,238.0797,0,12,79.886757,79.962538,True,33-28-27-26-29-31-34-50-93-96|54-39-36-40-38-41-37-35-72-71|65-82-11-15-87-75-58-77|91-95-62-32-30-85-56-94-80|90-12-14-99-9-10-74-86-52|81-61-42-44-43-1-4-2-100-70|45-3-5-46-8-7-6-55-68|20-51-76-84-18-48-21-25|92-69-88-78-79-73-13-98|57-64-23-49-22-66|67-63-89-19-24-83|59-97-53-16-17-47-60
358,14,1631.3409,150.4962,160.0,234.771,0,14,80.350798,80.447751,True,2-45-1-3-5-8-6-55|69-88-60-79-7-46-4-100-70|12-16-15-11-14-78-73-17-47|20-18-48-21-23-22-49-19-25-24|85-28-27-29-31-34-71-93-96|42-39-36-40-38-37-35-72-54-81|63-89-76-51-84-56-66|65-52-59-97-87-9-10-13-82|90-99-86-75-58-57-83|92-64-53-98-74|91-95-62-67-94|61-43-44-41-68|50-32-30-77-80|26-33
359,13,1636.7494,263.3482,86.0,235.1735,0,13,81.973358,82.081223,True,42-39-36-40-38-41-37-35-61|19-76-84-56-66-94-80|92-95-62-67-22-49-18-25-24|64-23-21-20-77-57-83|81-54-72-44-43-1-3-5-4-100|31-29-27-26-28-32-34-71-93-96|73-15-9-87-97-75-58|91-50-33-30-89-63-85-51|88-53-78-10-17-60|65-48-99-59-74-86-52-90|69-98-11-12-14-47-16-13-82|45-46-8-79-55-68|7-6-2-70
360,13,1636.7494,263.3482,86.0,235.1735,0,13,81.973358,82.081223,True,42-39-36-40-38-41-37-35-61|19-76-84-56-66-94-80|92-95-62-67-22-49-18-25-24|64-23-21-20-77-57-83|81-54-72-44-43-1-3-5-4-100|31-29-27-26-28-32-34-71-93-96|73-15-9-87-97-75-58|91-50-33-30-89-63-85-51|88-53-78-10-17-60|65-48-99-59-74-86-52-90|69-98-11-12-14-47-16-13-82|45-46-8-79-55-68|7-6-2-70
361,12,1640.3836,43.9067,99.0,238.4273,0,12,83.063609,83.141135,True,33-28-27-26-29-31-34-50-93-96|54-39-36-40-38-41-37-35-72-71|65-82-11-15-87-75-58-77|91-95-62-32-30-85-56-94-80|73-14-12-9-59-74-86-52-90|81-61-42-44-43-1-4-2-100-70|45-3-5-46-8-7-6-55-68|24-20-76-84-48-21-25-57|92-69-88-78-79-17-13-98|64-23-49-22-66|51-67-63-89-18-19-83|97-99-53-10-16-47-60
362,12,1640.3836,43.9067,99.0,238.4273,0,12,83.063609,83.141135,True,33-28-27-26-29-31-34-50-93-96|54-39-36-40-38-41-37-35-72-71|65-82-11-15-87-75-58-77|91-95-62-32-30-85-56-94-80|73-14-12-9-59-74-86-52-90|81-61-42-44-43-1-4-2-100-70|45-3-5-46-8-7-6-55-68|24-20-76-84-48-21-25-57|92-69-88-78-79-17-13-98|64-23-49-22-66|51-67-63-89-18-19-83|97-99-53-10-16-47-60
363,12,1640.5562,53.7573,124.0,238.0797,0,12,83.11538,83.196884,True,33-28-27-26-29-31-34-50-93-96|54-39-36-40-38-41-37-35-72-71|65-73-47-75-58-77|91-95-62-32-30-85-56-94-80|90-98-60-99-53-10-74-86-52|81-61-42-44-43-1-4-2-100-70|45-3-5-46-8-7-6-55-68|20-51-76-84-18-48-21-25|92-69-88-78-79-17-13-14|57-64-23-49-22-66|67-63-89-19-24-83|82-12-15-11-9-87-59-97-16
364,12,1640.5562,53.7573,124.0,238.0797,0,12,83.11538,83.196884,True,33-28-27-26-29-31-34-50-93-96|54-39-36-40-38-41-37-35-72-71|65-73-47-75-58-77|91-95-62-32-30-85-56-94-80|90-98-60-99-53-10-74-86-52|81-61-42-44-43-1-4-2-100-70|45-3-5-46-8-7-6-55-68|20-51-76-84-18-48-21-25|92-69-88-78-79-17-13-14|57-64-23-49-22-66|67-63-89-19-24-83|82-12-15-11-9-87-59-97-16
365,12,1644.0831,43.0493,105.0,236.3825,0,12,84.173473,84.252274,True,92-33-27-26-28-29-31-34-93-96|54-39-36-40-38-41-37-35-72-71|65-82-15-87-59-75-58-77|95-62-64-22-49-66-91-94-80|90-12-14-47-11-9-10-74-86-52|98-69-88-78-79-73-60-100|97-99-53-13-16-17|81-61-42-44-43-1-4-2-70|45-3-5-46-8-7-6-55-68|18-23-76-84-56-19|85-63-67-51-20-24-57-83|50-32-30-89-48-21-25
366,12,1646.5404,16.0756,113.0,237.8295,0,12,84.910662,84.987171,True,33-28-27-26-29-31-34-93-96|54-39-36-40-38-41-37-35-72-71|65-82-11-15-87-75-58-77|91-95-50-30-32-85-56-94-80|90-12-14-99-9-10-74-86-52|81-61-42-44-43-1-4-2-100-70|45-3-5-46-8-7-6-55-68|20-51-76-18-48-21-25-19|92-69-88-78-79-47-13-98|57-64-23-49-22-66|63-62-67-84-89-24-83|59-97-53-16-17-73-60
367,12,1646.5404,16.0756,113.0,237.8295,0,12,84.910662,84.987171,True,33-28-27-26-29-31-34-93-96|54-39-36-40-38-41-37-35-72-71|65-82-11-15-87-75-58-77|91-95-50-30-32-85-56-94-80|90-12-14-99-9-10-74-86-52|81-61-42-44-43-1-4-2-100-70|45-3-5-46-8-7-6-55-68|20-51-76-18-48-21-25-19|92-69-88-78-79-47-13-98|57-64-23-49-22-66|63-62-67-84-89-24-83|59-97-53-16-17-73-60
368,12,1647.4037,43.2665,99.0,238.0797,0,12,85.169642,85.249127,True,33-28-27-26-29-31-34-50-93-96|54-39-36-40-38-41-37-35-72-71|65-82-11-15-87-75-58-77|91-95-62-32-30-85-56-94-80|90-12-14-99-9-10-74-86-52|81-61-42-44-43-1-3-4-2-100-70|92-69-88-78-79-17-13-98|59-97-53-16-47-73-60|51-67-63-89-18-25|45-5-46-8-7-6-55-68|83-64-76-84-20-21-24|57-23-48-19-49-22-66
369,12,1651.2769,56.7793,96.0,238.0797,0,12,86.3316,86.413973,True,33-28-27-26-29-31-34-50-93-96|54-39-36-40-38-41-37-35-72-71|65-82-15-87-59-75-58-77|92-32-30-63-85-56-91-94-80|90-12-14-47-11-9-10-86-74-57-52|98-69-88-78-79-73-60-100|81-61-42-44-43-1-4-2-70|45-3-5-46-8-7-6-55-68|95-62-64-22-49-66-24|48-23-76-84-89-51|83-67-20-19-18-21-25|97-99-53-13-16-17
370,12,1661.0118,17.913,101.0,238.0797,0,12,89.252071,89.332035,True,33-28-27-26-29-31-34-50-93-96|54-39-36-40-38-41-37-35-72-71|65-82-11-15-87-75-58-77|91-95-62-30-32-56-94-80|90-12-14-99-9-10-74-86-52|81-61-42-44-43-1-4-2-100-70|45-3-5-46-8-7-6-55-68|20-51-76-84-18-48-21-25|92-69-88-78-79-17-13-98|57-64-23-49-22-66|85-67-63-89-19-24-83|59-97-53-16-47-73-60
371,12,1672.898,9.0958,99.0,238.0797,0,12,92.81792,92.899926,True,33-28-27-26-29-31-34-50-93-96|54-39-36-40-38-41-37-35-72-71|65-82-11-15-87-75-58-77|91-95-62-32-30-85-56-94-80|90-12-14-99-9-10-74-86-52|81-61-42-44-43-1-4-2-100-70|45-3-5-46-8-7-6-55-68|20-51-76-84-18-48-21-25|92-69-88-78-79-17-13-98|57-64-23-49-22-66|63-67-89-19-24-83|59-97-53-16-47-73-60
372,13,1733.6755,172.0373,82.0,237.9185,0,13,111.051168,111.174425,True,39-36-40-38-41-37-35-72-54|65-82-11-15-87-75-58-77|90-12-14-99-9-10-74-86-52|81-61-42-44-43-1-4-2-100-70|45-3-5-46-8-7-6-55-68|94-67-20-18-48-21-25|69-88-79-78-17-13-98|57-23-49-22-66|50-33-30-56-19-24-83|59-97-53-16-47-73-60|71-27-84-85-63-51-91-80|64-76-89-26-29|92-95-62-32-28-31-34-93-96
373,12,1750.321,12.7377,97.0,238.2717,0,12,116.044826,116.150435,True,33-28-27-26-29-31-34-50-93-96|54-39-36-40-38-41-37-35-72-71|65-82-11-15-87-75-58-77|91-95-62-32-30-85-56-94-80-90|81-61-42-44-43-1-4-2-100-70|45-3-5-46-8-7-6-55-68|20-51-76-84-18-48-21-25|92-69-88-78-79-17-13-98|57-64-23-49-22-66-60|63-67-89-19-24-83|59-99-9-10-74-97|73-47-16-53-12-14-86-52
374,14,1761.3489,284.373,90.0,234.6188,0,14,119.353191,119.502206,True,81-54-42-38-44-2|88-53-78-47-16-13-82|59-97-79-17-100|20-19-23-76-63-85-51-91|69-15-9-10-12-14-73-98|60-45-46-8-7-6-55-68|43-39-36-40-41-37-35-72-96|92-95-62-67-89-21-25-24|65-11-99-87-75-77|64-18-48-22-49-74|61-1-3-5-4-70|50-33-30-84-56-66-80|31-29-27-26-28-32-34-71-93-94|90-52-86-58-57-83
375,16,1767.6911,454.873,119.0,227.3618,0,16,121.25586,121.434763,True,3-5-45-8-46-4-1-70|14-73-7-6-2-100|19-18-48-21-23-49-24-77-57|33-28-27-26-29-31-34-71-93|42-44-43-40-61|51-76-89-63-85|39-36-37-38-41-35-72-54|92-67-84-56|94-30-32-50-95-80|65-52-53-60|82-9-87-59-74-58|81-88-78-12-10-16-13-90|69-99-86-83-66-91-96|11-15-79-55-68|62-64-20-22-25|75-97-17-47-98
376,17,1789.1985,551.0266,71.0,236.1455,0,17,127.708087,127.904684,True,92-67-94-1-3-5-100|2-45-7-79-78-73-60|64-23-21-48-49-19-20|96-71-72-38-41|87-59-97-75-58|53-12-16-17-13-82|61-42-44-40-43-55|98-86-74-57|14-11-99-66|65-83-22-24-52-90|88-6-8-46-4-70|51-89-85-84-91-68|69-15-47-9-10|27-26-28-30-32-29-31-93-80|39-36-35-37-54-81|62-63-76-18-25-77|34-33-50-95-56
377,17,1924.5728,443.7554,67.0,236.1455,0,17,168.320361,168.541079,True,92-62-67-94-1-3-5-100|45-7-79-81|64-22-49-19-48-21-20|96-71-72-38-40-41|65-52-59-97-75-58-80|53-12-16-17-13|61-42-44-43-2-55|82-9-10-86-74-57|14-11-99-66|83-24-23-87-90|88-6-8-46-4-60|51-89-85-84-91-68-70|69-15-47-78-73-98|27-26-28-30-32-31-93|39-36-35-37-54|33-63-76-18-25-77|29-34-50-95-56
378,15,1961.6463,219.0056,77.0,237.924,0,15,179.442414,179.641209,True,92-62-67-94-61-1-3-5|2-45-7-79-78-73-55-100-81|64-20-22-19-25-83|96-71-72-38-40-41|59-97-75-48-89-80|16-15-12-53-47-17-13-82|69-98-9-10-86-74-57|14-11-99-49-21-58|65-24-23-87-52-90|95-88-6-8-46-4-60|51-85-84-91-68-70|27-26-28-30-32-31-93|42-39-36-44-43-35-37-54|33-63-76-18-77|29-34-50-56-66
379,17,1974.6435,427.3707,53.0,236.1455,0,17,183.341578,183.57346,True,92-62-67-94-1-3-5-100|45-7-79-73-81|64-19-22-21-48-20|96-71-72-38-40-41|59-97-75-58-80|53-12-16-17-13-82|61-42-44-43-2-55|98-9-10-86-74-57|14-11-99-49-66|65-83-24-23-87-52-90|88-6-8-46-4-60|51-89-85-84-91-68-70|69-15-47-78|27-26-28-30-32-31-93|39-36-35-37-54|33-63-76-18-25-77|29-34-50-95-56
380,17,1974.6435,427.3707,53.0,236.1455,0,17,183.341578,183.57346,True,92-62-67-94-1-3-5-100|45-7-79-73-81|64-19-22-21-48-20|96-71-72-38-40-41|59-97-75-58-80|53-12-16-17-13-82|61-42-44-43-2-55|98-9-10-86-74-57|14-11-99-49-66|65-83-24-23-87-52-90|88-6-8-46-4-60|51-89-85-84-91-68-70|69-15-47-78|27-26-28-30-32-31-93|39-36-35-37-54|33-63-76-18-25-77|29-34-50-95-56
381,16,2032.0874,173.0767,163.0,234.0033,0,16,200.574741,200.79609,True,42-39-36-40-38-41-37-35-70|20-19-23-76-89-63-85-94-80|61-8-7-6-55-68|92-95-62-67-84-51-21-25-83|64-24-22-49-18-48-77-57|81-54-72-44-1-5-4-100|28-27-29-31-34-71-93-96|73-15-87-97-75-58|33-30-56|69-88-79-78-17-60|65-52-86-59-99-90|98-11-12-14-47-16-13|91-50-32-3-2|45-46-9-82-66|43-53-10-74|26
382,20,2057.1011,786.8106,140.0,226.9309,0,20,208.078852,208.397605,True,50-33-30-28-29-31-93-96|40-38-72-54|82-11-87-58|91-95-62-67-32-63-85|90-65-52-86-9-14-12|81-42-44-43-1-3-4-2-100-70|45-5-46-8-7-6-55|51-18-48-23-21-25|88-17|76-49-22-66|59-16-47-78-60|64-89-19-20-24-57|94-71-27-26-34-80|15-73-79-13|99-97-75-77|92-83-74|41-61-68|84-56|69-98-53-10|39-36-35-37
383,20,2074.8746,708.2483,136.0,225.932,0,20,213.410915,213.722665,True,92-33-28-29-31-34-93-96|54-39-36-40-38-61-68|65-11-87-58-86|91-95-62-32-30-50-80|90-52-9-10-17-14-12|81-42-44-43-1-4-2-100-70|3-5-45-46-8-7-6-55|51-18-48-21-25|69-88-53-98|49-20-66|64-19-24-83|59-47-78-60|67-89-57|94-71-27-26-63-85|15-73-79-16-13-82|99-97-75-77|76-22-74|41-37-35-72|84-56|23
384,20,2074.8746,708.2483,136.0,225.932,0,20,213.410915,213.722665,True,92-33-28-29-31-34-93-96|54-39-36-40-38-61-68|65-11-87-58-86|91-95-62-32-30-50-80|90-52-9-10-17-14-12|81-42-44-43-1-4-2-100-70|3-5-45-46-8-7-6-55|51-18-48-21-25|69-88-53-98|49-20-66|64-19-24-83|59-47-78-60|67-89-57|94-71-27-26-63-85|15-73-79-16-13-82|99-97-75-77|76-22-74|41-37-35-72|84-56|23
385,20,2110.395,606.8655,160.0,226.9481,0,20,224.067037,224.376788,True,29-27-26-30-28-31-34-50-93|54-39-36-40-38-37-35-72-71|65-82-9-87-59-58|92-32-33-63-85-56-91-80|90-12-14-47-11-10-74-86-52|69-88-78-73-60-100|99-13-16-17|81-61-42-44-43-1-4-2-70|64-49-22-66|45-3-5-46-8-7-6-55-68|95-62-51-19-48-21-25-83|76-20-24-57|94-89-18|96-53-97-75|98-67-77|84|79|41|15|23
386,17,2110.4119,330.6126,79.0,237.3394,0,17,224.072091,224.332968,True,92-62-67-54-1-3-5-100|45-46-7-79-73-60-81|83-64-22-20-49-19-25|96-71-72-38-40-41|97-75-48-18-89-80|90-53-14-16-17-13-82|42-43-44-2-6-55|91-99-9-10-86-74-57|12-11-21-58|65-24-23-87-52|95-94-88-8-4|51-85-84-68-70-61|69-15-47-78-98|27-26-28-30-32-31-93|39-36-35-37|33-63-76-77-59|29-34-50-56-66
387,21,2296.4589,598.8448,170.0,227.306,0,21,279.886196,280.251917,True,2-45-1-3-5-8-6-55|98-78-60-7-4-100-70|12-14-15-11-9-10-13-16-47|48-23-49-22-25-24|33-28-27-26-29-31-34-93|42-36-40-38-35-72-81|51-76-63-56-66|92-62-32-30-50-95-91|52-87-59-74-86-57-83|65-67-58|43-44-41-61|69-53-75|90-82-21-85-96-54|97-94-71-37|20-19-46-68-80|89-18-77|79-73-17|99-84|64|88|39
388,20,2332.2246,596.0638,122.0,225.7203,0,20,290.61592,290.986616,True,33-28-27-31-34-93|54-39-36-41-72-71|65-82-15-59-75-58|92-32-30-63-85-56-94-80|90-12-14-11-9-74-86-52|69-98-73-60-100|45-3-5-46-8-7-6-55|95-62-67-51-48-21-25|81-61-42-44-43-1-4-70|64-23-22|76-89-18-20-24-57|97-99-53-13-16-17|10-91-96|83-79-2-37|50-19-49-47|84-68|29-26-66|38-40-35|87-77|88-78
389,21,2362.8351,778.7123,113.0,227.5323,0,21,299.79905,300.205999,True,2-45-3-5-8-6-55|98-60-79-7-46-4-100|12-14-11-16-17-47|20-23-21-48-18-19-49-24|28-29-31-34-71-93-96|42-39-38-37-72-54-81|51-76-63-84-56|92-62-32-30-50-95-91-80|90-82-99-87-74-86-57-83|44-61-68|35-94|64-22-26|43-53-13-59|69-89-66-52|78-73-1-70|65-9-97-75-58|85-33-27-25|88-41|36-40|67-10|15-77
390,20,2364.7563,456.7872,153.0,224.3824,0,20,300.375428,300.737891,True,2-1-3-5-8-6-55|98-78-79-46-4-100-70|11-15-9-10-13-16-17|18-21-23-19-22-25|31-29-27-26-28-34-71-93-96|42-39-36-40-38-35|89-76-51-84-56-66|92-62-50-30-85-80|90-65-69-87-59-74-86|64-97-58-52|44-41-61-68|88-75-77|73-57-20-63-83|81-54-72-32-95-94-91|48-14-47-12-82|24-60-43|45-7-37|99-53|67-49|33
391,21,2395.1554,495.8702,160.0,224.119,0,21,309.495154,309.87356,True,2-45-3-5-8-6-55|60-73-78-79-46-4-100-70|11-15-9-10-13-17|18-48-23-19-49-22-25-24|28-26-34-71-93-96|42-39-36-40-38-35-37|89-76-51-84-56-66|92-62-32-30-85-80|90-99-87-74|64-58-52|44-41-68|88-53-77|95-20-57-86-83-82|91-16-47-14-1|72-75-97-59|50-67-81-98-12|65-21-94-54-43|61-29-31-63|7|69|33-27
392,25,2438.311,1112.0693,137.0,224.119,0,25,322.441838,322.924521,True,1-45-6-2|60-78-79-46-4-100-70|11-10-13-47|18-21-23-22-25|28-26-29-31-34-71-93-96|39-38-37-40-54|63-89-76-51-84-56|65-87-59-97-75-58|42-44-43-41-68|64-95-94|69-98-88|62-50-30-32-85-91|90-86-74-57-83|72-81-20-16|80|82-52-24-48-19|99-3-5-61|92-12-14-73-7|53-9-66|17|36-35|8-55|67-49-77|15|33-27
393,25,2579.5012,874.2289,152.0,224.3824,0,25,364.798891,365.289794,True,33-28-29-31-34-50-93-96|54-39-38-40-37-72|65-82-87-59-58|92-32-30-63-85-56-91-80|90-12-14-47-11-74-86-52|88-60|81-61-42-44-43-1-4-2-70|45-3-5-46-8-7-6-55-68|95-64-49-22|48-51|20-19-18-21-25|13-16-17|71-94-83-24-57-98-100|69-73-97-75|99-77|76-89-26|78-79|53-10-66|9|84-35|67-41|62-27|15|36|23
394,25,2590.7362,1060.8004,84.0,233.8684,0,25,368.169377,368.686259,True,92-67-94-1-3-5-100|7-79|64-48-21-20|96-71-72-38-41|9-87-59-97-58|53-12-16-82|61-42-44-43-55|98-86-74-57|11-99-66|65-83-24-52-90|88-6-8-46-4|51-85-84-91-68|69-15-47-78|27-26-28-30-32-31-93|39-36-35-37-54|33-63-76-18-25|62-50-34-95-56|81-60-73-17-14|2-29-19|70|22-77-80|45-40|49-89|23-75-13|10
395,25,2696.3117,851.544,149.0,224.119,0,25,399.842027,400.364231,True,5-3-45-6-55-68|60-73-79-7-4-2-100-70|11-15-47|20-21-23-19-49-22|50-33-28-26-31-34-71-93|30-32-56|82-86-74-52|64-95-80|9-59-97-58|69-53|85-63-76-84|27-89-25|42-40-38-35-37-54|43-39-36-41|91-61-1-46|57-16-14-81|75-94-72|12-24-51-83-96|98-78-48|8-13-90|92-62-18-77|88-10-17|67-29|44-66|65-99-87
396,25,2745.6274,917.0135,121.0,223.1721,0,25,414.636738,415.180615,True,80|73-79|64-20-22-19-25|9-97-75-58|53-14-17-13|43-4-2-70|69-98-10-74|12-11-21-49|65-23-87-52-66|1-3-45-5-8-7-100|85-84|15-47-78|29-27-26-30-32-93|92-33-76-77|34-62-95|42-39-36-44-41-35-72-54|38-40-68|28-89-82|60-86-99-94-81|31-48-57-83|96-51-18-24-91|90-16-59-63|56-71-61|88-6-46-55|37-67-50
