Rank,Z1_Vehicles,Z2_Distance,Z3_WaitTime,Z4_LoadBalance,Z5_Makespan,Unserved,Num_Routes,ASF,ASF_aug,In_ROI,Routes
1,13,1143.3053,291.2765,143.0,229.136,0,13,17.077725,17.097465,True,18-83-17-84-60-89|5-61-16-86-38-14-37-92-13|95-99-59-93-85-98-100-44-91-96|53-94-87-97-6|72-75-23-67-39-25-55-54-24-68|40-21-73-74-56-4-26|2-22-41-57-15-43-42-58|28-76-12-80-29-79-3-77|69-70-30-51-81-34-78-50|33-9-35-71-65-66-20-1|27-31-88-19-63-90-32-10|82-47-36-49-64-11-62|52-7-8-45-46-48
2,13,1143.3053,291.2765,143.0,229.136,0,13,17.077725,17.097465,True,18-83-17-84-60-89|5-61-16-86-38-14-37-92-13|95-99-59-93-85-98-100-44-91-96|53-94-87-97-6|72-75-23-67-39-25-55-54-24-68|40-21-73-74-56-4-26|2-22-41-57-15-43-42-58|28-76-12-80-29-79-3-77|69-70-30-51-81-34-78-50|33-9-35-71-65-66-20-1|27-31-88-19-63-90-32-10|82-47-36-49-64-11-62|52-7-8-45-46-48
3,13,1143.3907,333.2078,120.0,229.136,0,13,23.367431,23.391185,True,18-83-8-84-17-45-60-89|5-61-86-38-14-91-37-92-13|95-59-98-100-44-16-85-93-99-96|53-94-87-97-6|72-75-23-67-39-25-55-54-24-68|40-21-73-74-56-4-26|2-22-41-57-15-43-42-58|12-80-29-79-3-77|28-76-51-81-34-78-50|33-9-35-71-65-66-20-1|27-69-70-30-90-63-32-10|31-88-19-49-64-11-62|52-7-82-47-36-46-48
4,13,1143.3907,333.2078,120.0,229.136,0,13,23.367431,23.391185,True,18-83-8-84-17-45-60-89|5-61-86-38-14-91-37-92-13|95-59-98-100-44-16-85-93-99-96|53-94-87-97-6|72-75-23-67-39-25-55-54-24-68|40-21-73-74-56-4-26|2-22-41-57-15-43-42-58|12-80-29-79-3-77|28-76-51-81-34-78-50|33-9-35-71-65-66-20-1|27-69-70-30-90-63-32-10|31-88-19-49-64-11-62|52-7-82-47-36-46-48
5,13,1145.369,322.8983,129.0,229.136,0,13,21.820998,21.844699,True,18-8-45-84-17-60-89|83-5-61-16-86-38-14-37-92-13|95-59-99-93-85-98-100-44-91-96|53-94-87-97-6|72-75-23-67-39-25-55-54-24-68|40-21-73-74-56-4-26|2-22-41-57-15-43-42-58|12-80-29-79-3-77|28-76-51-81-34-78-50|33-9-35-71-65-66-20-1|27-69-70-30-90-63-32-10|31-88-19-49-64-11-62|52-7-82-47-36-46-48
6,13,1145.369,322.8983,129.0,229.136,0,13,21.820998,21.844699,True,18-8-45-84-17-60-89|83-5-61-16-86-38-14-37-92-13|95-59-99-93-85-98-100-44-91-96|53-94-87-97-6|72-75-23-67-39-25-55-54-24-68|40-21-73-74-56-4-26|2-22-41-57-15-43-42-58|12-80-29-79-3-77|28-76-51-81-34-78-50|33-9-35-71-65-66-20-1|27-69-70-30-90-63-32-10|31-88-19-49-64-11-62|52-7-82-47-36-46-48
7,13,1145.4514,340.4488,118.0,229.136,0,13,24.453582,24.478841,True,18-83-8-84-17-45-60-89|5-61-16-86-38-14-37-92-13|95-59-99-93-85-98-100-44-91-96|53-94-87-97-6|72-75-23-67-39-25-55-54-24-68|40-21-73-74-56-4-26|2-22-41-57-15-43-42-58|12-80-29-79-3-77|28-76-51-81-34-78-50|33-9-35-71-65-66-20-1|27-69-70-30-90-63-32-10|31-88-19-49-64-11-62|52-7-82-47-36-46-48
8,13,1145.4514,340.4488,118.0,229.136,0,13,24.453582,24.478841,True,18-83-8-84-17-45-60-89|5-61-16-86-38-14-37-92-13|95-59-99-93-85-98-100-44-91-96|53-94-87-97-6|72-75-23-67-39-25-55-54-24-68|40-21-73-74-56-4-26|2-22-41-57-15-43-42-58|12-80-29-79-3-77|28-76-51-81-34-78-50|33-9-35-71-65-66-20-1|27-69-70-30-90-63-32-10|31-88-19-49-64-11-62|52-7-82-47-36-46-48
9,13,1145.4514,340.4488,118.0,229.136,0,13,24.453582,24.478841,True,18-83-8-84-17-45-60-89|5-61-16-86-38-14-37-92-13|95-59-99-93-85-98-100-44-91-96|53-94-87-97-6|72-75-23-67-39-25-55-54-24-68|40-21-73-74-56-4-26|2-22-41-57-15-43-42-58|12-80-29-79-3-77|28-76-51-81-34-78-50|33-9-35-71-65-66-20-1|27-69-70-30-90-63-32-10|31-88-19-49-64-11-62|52-7-82-47-36-46-48
10,13,1145.4514,340.4488,118.0,229.136,0,13,24.453582,24.478841,True,18-83-8-84-17-45-60-89|5-61-16-86-38-14-37-92-13|95-59-99-93-85-98-100-44-91-96|53-94-87-97-6|72-75-23-67-39-25-55-54-24-68|40-21-73-74-56-4-26|2-22-41-57-15-43-42-58|12-80-29-79-3-77|28-76-51-81-34-78-50|33-9-35-71-65-66-20-1|27-69-70-30-90-63-32-10|31-88-19-49-64-11-62|52-7-82-47-36-46-48
11,13,1145.4514,340.4488,118.0,229.136,0,13,24.453582,24.478841,True,18-83-8-84-17-45-60-89|5-61-16-86-38-14-37-92-13|95-59-99-93-85-98-100-44-91-96|53-94-87-97-6|72-75-23-67-39-25-55-54-24-68|40-21-73-74-56-4-26|2-22-41-57-15-43-42-58|12-80-29-79-3-77|28-76-51-81-34-78-50|33-9-35-71-65-66-20-1|27-69-70-30-90-63-32-10|31-88-19-49-64-11-62|52-7-82-47-36-46-48
12,13,1145.4514,340.4488,118.0,229.136,0,13,24.453582,24.478841,True,18-83-8-84-17-45-60-89|5-61-16-86-38-14-37-92-13|95-59-99-93-85-98-100-44-91-96|53-94-87-97-6|72-75-23-67-39-25-55-54-24-68|40-21-73-74-56-4-26|2-22-41-57-15-43-42-58|12-80-29-79-3-77|28-76-51-81-34-78-50|33-9-35-71-65-66-20-1|27-69-70-30-90-63-32-10|31-88-19-49-64-11-62|52-7-82-47-36-46-48
13,13,1145.7419,328.8711,120.0,229.136,0,13,22.716924,22.740733,True,18-83-8-84-17-45-60-89|5-61-86-38-14-97-13|95-59-99-93-98-85-16-44-91-100-37-92|53-87-94-96-6|72-75-23-67-39-25-55-54-24-68|40-21-73-74-56-4-26|2-22-41-57-15-43-42-58|28-12-80-29-79-3-77|76-51-81-34-78-50|33-9-35-71-65-66-20-1|27-69-70-30-90-63-32-10|31-88-19-49-64-11-62|52-7-82-47-36-46-48
14,13,1145.7419,328.8711,120.0,229.136,0,13,22.716924,22.740733,True,18-83-8-84-17-45-60-89|5-61-86-38-14-97-13|95-59-99-93-98-85-16-44-91-100-37-92|53-87-94-96-6|72-75-23-67-39-25-55-54-24-68|40-21-73-74-56-4-26|2-22-41-57-15-43-42-58|28-12-80-29-79-3-77|76-51-81-34-78-50|33-9-35-71-65-66-20-1|27-69-70-30-90-63-32-10|31-88-19-49-64-11-62|52-7-82-47-36-46-48
15,13,1145.8895,340.0108,118.0,229.136,0,13,24.387876,24.413201,True,18-83-8-84-17-45-60-89|5-61-16-86-38-14-37-92-13|95-59-99-93-85-98-100-44-91-96|53-94-87-97-6|72-75-23-67-39-25-55-54-24-68|40-21-73-74-56-4-26|2-22-41-57-15-43-42-58|28-12-80-29-79-3-77|76-51-81-34-78-50|33-9-35-71-65-66-20-1|27-69-70-30-90-63-32-10|31-88-19-49-64-11-62|52-7-82-47-36-46-48
16,13,1146.1859,305.1629,132.0,224.243,0,13,19.16069,19.181543,True,18-83-17-84-60-89|5-61-16-86-38-14-37-92-13|95-59-99-93-85-98-100-44-91-96|53-94-87-97-6|2-72-75-23-67-39-25-55-24-68|21-73-74-56-4-54-26|40-22-41-57-15-43-42-58|28-76-12-80-29-79-3-77|69-70-30-51-81-34-78-50|33-9-35-71-65-66-20-1|27-31-88-19-63-90-32-10|47-36-49-64-11-62|52-7-82-8-45-46-48
17,13,1146.1859,305.1629,132.0,224.243,0,13,19.16069,19.181543,True,18-83-17-84-60-89|5-61-16-86-38-14-37-92-13|95-59-99-93-85-98-100-44-91-96|53-94-87-97-6|2-72-75-23-67-39-25-55-24-68|21-73-74-56-4-54-26|40-22-41-57-15-43-42-58|28-76-12-80-29-79-3-77|69-70-30-51-81-34-78-50|33-9-35-71-65-66-20-1|27-31-88-19-63-90-32-10|47-36-49-64-11-62|52-7-82-8-45-46-48
18,13,1146.2508,322.0165,129.0,229.136,0,13,21.688732,21.712566,True,18-8-45-84-17-60-89|83-5-61-16-86-38-14-37-92-13|95-59-99-93-85-98-100-44-91-96|53-94-87-97-6|72-75-23-67-39-25-55-54-24-68|40-21-73-74-56-4-26|2-22-41-57-15-43-42-58|12-80-29-79-3-77|28-76-51-81-34-78-50|33-9-35-71-65-66-20-1|27-69-70-30-63-90-32-10|31-88-19-49-64-11-62|52-7-82-47-36-46-48
19,13,1146.281,316.5917,129.0,229.136,0,13,20.875012,20.898041,True,18-8-45-84-17-60-89|83-5-61-86-38-14-100-37-92-13|95-59-99-93-98-85-16-44-91-96|53-94-87-97-6|72-75-23-67-39-25-55-54-24-68|40-21-73-74-56-4-26|2-22-41-57-15-43-42-58|12-80-29-79-3-77|28-76-51-81-34-78-50|33-9-35-71-65-66-20-1|27-69-70-30-90-63-32-10|31-88-19-49-64-11-62|52-7-82-47-36-46-48
20,13,1146.281,316.5917,129.0,229.136,0,13,20.875012,20.898041,True,18-8-45-84-17-60-89|83-5-61-86-38-14-100-37-92-13|95-59-99-93-98-85-16-44-91-96|53-94-87-97-6|72-75-23-67-39-25-55-54-24-68|40-21-73-74-56-4-26|2-22-41-57-15-43-42-58|12-80-29-79-3-77|28-76-51-81-34-78-50|33-9-35-71-65-66-20-1|27-69-70-30-90-63-32-10|31-88-19-49-64-11-62|52-7-82-47-36-46-48
21,13,1146.3635,334.1423,118.0,229.136,0,13,23.507597,23.532183,True,18-83-8-84-17-45-60-89|5-61-86-38-14-100-37-92-13|95-59-99-93-98-85-16-44-91-96|53-94-87-97-6|72-75-23-67-39-25-55-54-24-68|40-21-73-74-56-4-26|2-22-41-57-15-43-42-58|12-80-29-79-3-77|28-76-51-81-34-78-50|33-9-35-71-65-66-20-1|27-69-70-30-90-63-32-10|31-88-19-49-64-11-62|52-7-82-47-36-46-48
22,13,1146.3635,334.1423,118.0,229.136,0,13,23.507597,23.532183,True,18-83-8-84-17-45-60-89|5-61-86-38-14-100-37-92-13|95-59-99-93-98-85-16-44-91-96|53-94-87-97-6|72-75-23-67-39-25-55-54-24-68|40-21-73-74-56-4-26|2-22-41-57-15-43-42-58|12-80-29-79-3-77|28-76-51-81-34-78-50|33-9-35-71-65-66-20-1|27-69-70-30-90-63-32-10|31-88-19-49-64-11-62|52-7-82-47-36-46-48
23,13,1146.6787,294.6426,132.0,224.243,0,13,17.582645,17.602068,True,18-83-17-84-60-89|5-61-16-86-38-14-37-92-13|95-59-99-93-85-98-100-44-91-96|53-94-87-97-6|2-72-75-23-67-39-25-55-24-68|21-73-74-56-4-54-26|40-22-41-57-15-43-42-58|28-76-12-80-29-79-3-77|69-70-30-51-81-34-78-50|33-9-35-71-65-66-20-1|27-31-88-19-63-90-32-10|82-47-36-49-64-11-62|52-7-8-45-46-48
24,13,1146.6787,294.6426,132.0,224.243,0,13,17.582645,17.602068,True,18-83-17-84-60-89|5-61-16-86-38-14-37-92-13|95-59-99-93-85-98-100-44-91-96|53-94-87-97-6|2-72-75-23-67-39-25-55-24-68|21-73-74-56-4-54-26|40-22-41-57-15-43-42-58|28-76-12-80-29-79-3-77|69-70-30-51-81-34-78-50|33-9-35-71-65-66-20-1|27-31-88-19-63-90-32-10|82-47-36-49-64-11-62|52-7-8-45-46-48
25,13,1146.6787,294.6426,132.0,224.243,0,13,17.582645,17.602068,True,18-83-17-84-60-89|5-61-16-86-38-14-37-92-13|95-59-99-93-85-98-100-44-91-96|53-94-87-97-6|2-72-75-23-67-39-25-55-24-68|21-73-74-56-4-54-26|40-22-41-57-15-43-42-58|28-76-12-80-29-79-3-77|69-70-30-51-81-34-78-50|33-9-35-71-65-66-20-1|27-31-88-19-63-90-32-10|82-47-36-49-64-11-62|52-7-8-45-46-48
26,13,1146.6787,294.6426,132.0,224.243,0,13,17.582645,17.602068,True,18-83-17-84-60-89|5-61-16-86-38-14-37-92-13|95-59-99-93-85-98-100-44-91-96|53-94-87-97-6|2-72-75-23-67-39-25-55-24-68|21-73-74-56-4-54-26|40-22-41-57-15-43-42-58|28-76-12-80-29-79-3-77|69-70-30-51-81-34-78-50|33-9-35-71-65-66-20-1|27-31-88-19-63-90-32-10|82-47-36-49-64-11-62|52-7-8-45-46-48
27,13,1146.6787,294.6426,132.0,224.243,0,13,17.582645,17.602068,True,18-83-17-84-60-89|5-61-16-86-38-14-37-92-13|95-59-99-93-85-98-100-44-91-96|53-94-87-97-6|2-72-75-23-67-39-25-55-24-68|21-73-74-56-4-54-26|40-22-41-57-15-43-42-58|28-76-12-80-29-79-3-77|69-70-30-51-81-34-78-50|33-9-35-71-65-66-20-1|27-31-88-19-63-90-32-10|82-47-36-49-64-11-62|52-7-8-45-46-48
28,13,1147.424,326.2062,118.0,229.136,0,13,22.317186,22.3409,True,18-83-8-84-17-45-60-89|5-61-16-86-38-14-37-92-13|95-59-99-93-85-98-100-44-91-96|53-94-87-97-6|72-75-23-67-39-25-55-54-24-68|40-21-73-74-56-4-26|2-41-22-57-15-43-42-58|12-80-29-79-3-77|28-76-51-81-34-78-50|33-9-35-71-65-66-20-1|27-69-70-30-90-63-32-10|31-88-19-49-64-11-62|52-7-82-47-36-46-48
29,13,1147.424,326.2062,118.0,229.136,0,13,22.317186,22.3409,True,18-83-8-84-17-45-60-89|5-61-16-86-38-14-37-92-13|95-59-99-93-85-98-100-44-91-96|53-94-87-97-6|72-75-23-67-39-25-55-54-24-68|40-21-73-74-56-4-26|2-41-22-57-15-43-42-58|12-80-29-79-3-77|28-76-51-81-34-78-50|33-9-35-71-65-66-20-1|27-69-70-30-90-63-32-10|31-88-19-49-64-11-62|52-7-82-47-36-46-48
30,13,1147.5193,307.0017,127.0,226.362,0,13,19.436504,19.45785,True,18-83-17-84-60-89|5-61-16-86-38-14-37-92-13|95-59-99-93-85-98-100-44-91-96|53-94-87-97-6|2-72-75-23-67-25-55-54-24-68|21-73-74-56-39-4-26|40-22-41-57-15-43-42-58|28-76-12-80-29-79-3-77|69-70-30-51-81-34-78-50|33-9-35-71-65-66-20-1|27-31-11-63-90-32-10|88-19-47-36-49-64-62|52-7-82-8-45-46-48
31,13,1147.5193,307.0017,127.0,226.362,0,13,19.436504,19.45785,True,18-83-17-84-60-89|5-61-16-86-38-14-37-92-13|95-59-99-93-85-98-100-44-91-96|53-94-87-97-6|2-72-75-23-67-25-55-54-24-68|21-73-74-56-39-4-26|40-22-41-57-15-43-42-58|28-76-12-80-29-79-3-77|69-70-30-51-81-34-78-50|33-9-35-71-65-66-20-1|27-31-11-63-90-32-10|88-19-47-36-49-64-62|52-7-82-8-45-46-48
32,13,1148.2677,290.9426,133.0,226.362,0,13,17.027639,17.047401,True,52-7-18-60-89|5-61-16-86-38-14-37-92-13|95-59-99-93-85-98-100-44-91-96|53-94-87-97-6|2-72-75-23-67-25-55-54-24-68|21-73-74-56-39-4-26|40-22-41-57-15-43-42-58|28-76-12-80-29-79-3-77|69-70-30-51-81-34-78-50|33-9-35-71-65-66-20-1|27-31-88-19-63-90-32-10|82-47-36-49-64-11-62|83-84-17-45-8-46-48
33,13,1148.2677,290.9426,133.0,226.362,0,13,17.027639,17.047401,True,52-7-18-60-89|5-61-16-86-38-14-37-92-13|95-59-99-93-85-98-100-44-91-96|53-94-87-97-6|2-72-75-23-67-25-55-54-24-68|21-73-74-56-39-4-26|40-22-41-57-15-43-42-58|28-76-12-80-29-79-3-77|69-70-30-51-81-34-78-50|33-9-35-71-65-66-20-1|27-31-88-19-63-90-32-10|82-47-36-49-64-11-62|83-84-17-45-8-46-48
34,13,1148.7226,280.3727,143.0,229.136,0,13,15.442157,15.461886,True,18-83-17-84-60-89|5-61-16-86-38-14-37-92-13|95-59-99-93-85-98-100-44-91-96|53-94-87-97-6|72-75-23-67-39-25-55-54-24-68|2-21-73-74-56-4-26|40-22-41-57-15-43-42-58|28-76-12-80-29-79-3-77|69-70-30-51-81-34-78-50|33-9-35-71-65-66-20-1|27-31-88-19-63-90-32-10|82-47-36-49-64-11-62|52-7-8-45-46-48
35,13,1149.1412,336.5128,102.0,226.866,0,13,23.863171,23.887006,True,18-83-8-84-17-45-60-89|5-61-16-86-38-14-37-92-13|95-59-99-93-85-98-100-44-91-96|53-94-87-97-6|72-23-67-39-25-55-54-24-68|40-21-74-75-56-4-26|2-73-22-41-57-15-43-42-58|12-80-29-79-3-77|28-76-51-81-34-78-50|33-9-35-71-65-66-20-1|27-69-70-30-90-63-32-10|31-88-19-49-64-11-62|52-7-82-47-36-46-48
36,13,1149.1412,336.5128,102.0,226.866,0,13,23.863171,23.887006,True,18-83-8-84-17-45-60-89|5-61-16-86-38-14-37-92-13|95-59-99-93-85-98-100-44-91-96|53-94-87-97-6|72-23-67-39-25-55-54-24-68|40-21-74-75-56-4-26|2-73-22-41-57-15-43-42-58|12-80-29-79-3-77|28-76-51-81-34-78-50|33-9-35-71-65-66-20-1|27-69-70-30-90-63-32-10|31-88-19-49-64-11-62|52-7-82-47-36-46-48
37,13,1149.3737,305.1629,127.0,226.362,0,13,19.16069,19.182317,True,18-83-17-84-60-89|5-61-16-86-38-14-37-92-13|95-59-99-93-85-98-100-44-91-96|53-94-87-97-6|2-72-75-23-67-25-55-54-24-68|21-73-74-56-39-4-26|40-22-41-57-15-43-42-58|28-76-12-80-29-79-3-77|69-70-30-51-81-34-78-50|33-9-35-71-65-66-20-1|27-31-88-19-63-90-32-10|47-36-49-64-11-62|52-7-82-8-45-46-48
38,13,1149.5489,304.2427,125.0,224.243,0,13,19.022659,19.043683,True,6-83-45-17-84-60-89|5-61-16-86-38-14-37-92-13|95-59-99-93-85-98-100-44-91-96|53-94-87-97|2-72-75-23-67-39-25-55-24-68|21-73-74-56-4-54-26|40-22-41-57-15-43-42-58|28-76-12-80-29-79-3-77|69-70-30-51-81-34-78-50|33-9-35-71-65-66-20-1|27-31-88-62-19-63-90-32-10|52-82-47-36-49-64-11|18-7-8-46-48
39,13,1149.5489,304.2427,125.0,224.243,0,13,19.022659,19.043683,True,6-83-45-17-84-60-89|5-61-16-86-38-14-37-92-13|95-59-99-93-85-98-100-44-91-96|53-94-87-97|2-72-75-23-67-39-25-55-24-68|21-73-74-56-4-54-26|40-22-41-57-15-43-42-58|28-76-12-80-29-79-3-77|69-70-30-51-81-34-78-50|33-9-35-71-65-66-20-1|27-31-88-62-19-63-90-32-10|52-82-47-36-49-64-11|18-7-8-46-48
40,13,1149.8665,294.6426,127.0,226.362,0,13,17.582645,17.602842,True,18-83-17-84-60-89|5-61-16-86-38-14-37-92-13|95-59-99-93-85-98-100-44-91-96|53-94-87-97-6|2-72-75-23-67-25-55-54-24-68|21-73-74-56-39-4-26|40-22-41-57-15-43-42-58|28-76-12-80-29-79-3-77|69-70-30-51-81-34-78-50|33-9-35-71-65-66-20-1|27-31-88-19-63-90-32-10|82-47-36-49-64-11-62|52-7-8-45-46-48
41,13,1149.8665,294.6426,127.0,226.362,0,13,17.582645,17.602842,True,18-83-17-84-60-89|5-61-16-86-38-14-37-92-13|95-59-99-93-85-98-100-44-91-96|53-94-87-97-6|2-72-75-23-67-25-55-54-24-68|21-73-74-56-39-4-26|40-22-41-57-15-43-42-58|28-76-12-80-29-79-3-77|69-70-30-51-81-34-78-50|33-9-35-71-65-66-20-1|27-31-88-19-63-90-32-10|82-47-36-49-64-11-62|52-7-8-45-46-48
42,13,1149.9255,382.6755,113.0,225.1923,0,13,30.787586,30.81943,True,18-8-45-84-17-60-89|83-5-61-16-86-38-14-37-92|95-59-99-93-85-98-100-44-91-96|94-87-97-6|72-22-41-75-23-67-39-25-55|40-21-73-74-56-4-26|53-2-57-15-43-42-13-58|12-29-79-3-77-68-80-54-24|28-76-51-81-34-78-50|33-9-35-71-65-66-20-1|27-69-70-30-90-63-32-10|31-88-19-49-64-11-62|52-7-82-47-36-46-48
43,13,1149.9255,382.6755,113.0,225.1923,0,13,30.787586,30.81943,True,18-8-45-84-17-60-89|83-5-61-16-86-38-14-37-92|95-59-99-93-85-98-100-44-91-96|94-87-97-6|72-22-41-75-23-67-39-25-55|40-21-73-74-56-4-26|53-2-57-15-43-42-13-58|12-29-79-3-77-68-80-54-24|28-76-51-81-34-78-50|33-9-35-71-65-66-20-1|27-69-70-30-90-63-32-10|31-88-19-49-64-11-62|52-7-82-47-36-46-48
44,13,1149.9301,322.8983,118.0,229.136,0,13,21.820998,21.844968,True,83-5-61-16-86-38-14-37-92-13|95-59-99-93-85-98-100-44-91-96|53-94-87-97-6|72-75-23-67-39-25-55-54-24-68|40-21-73-74-56-4-26|2-22-41-57-15-43-42-58|12-80-29-79-3-77|28-76-51-81-34-78-50|33-9-35-71-65-66-20-1|27-69-70-30-90-63-32-10|31-88-19-49-64-11-62|18-47-36-46-48|52-7-82-8-45-84-17-60-89
45,13,1150.2157,321.8683,118.0,229.136,0,13,21.666497,21.690398,True,18-83-8-84-17-45-60-89|5-61-16-86-38-14-37-92-13|95-59-99-93-85-98-100-44-91-96|53-94-87-97-6|72-75-23-67-39-25-55-54-24-68|40-21-73-74-56-4-26|2-22-41-57-15-43-42-58|12-80-29-79-3-77|28-76-51-81-34-78-50|33-9-35-71-65-66-20-1|27-69-70-30-90-63-32-10|31-88-19-49-64-11-62|52-82-7-47-36-46-48
46,13,1150.2157,321.8683,118.0,229.136,0,13,21.666497,21.690398,True,18-83-8-84-17-45-60-89|5-61-16-86-38-14-37-92-13|95-59-99-93-85-98-100-44-91-96|53-94-87-97-6|72-75-23-67-39-25-55-54-24-68|40-21-73-74-56-4-26|2-22-41-57-15-43-42-58|12-80-29-79-3-77|28-76-51-81-34-78-50|33-9-35-71-65-66-20-1|27-69-70-30-90-63-32-10|31-88-19-49-64-11-62|52-82-7-47-36-46-48
47,13,1150.6163,209.2705,119.0,217.7228,0,13,4.77683,4.782349,True,5-17-84-83-18|95-92-98-99-93-61-85-100-37-97-13|59-14-38-86-16-44-91-96|53-87-94-6|72-75-23-67-39-25-55-54|40-21-73-74-56-4-26|2-22-41-57-15-43-42-58|28-12-76-29-78-3-77-68-24-80|69-70-30-51-81-34-79-50|33-9-35-71-65-66-20-1|88-62-11-64-63-90-32-10|27-31-19-47-49-36-46-45-60-89|52-7-82-8-48
48,13,1150.6163,209.2705,119.0,217.7228,0,13,4.77683,4.782349,True,5-17-84-83-18|95-92-98-99-93-61-85-100-37-97-13|59-14-38-86-16-44-91-96|53-87-94-6|72-75-23-67-39-25-55-54|40-21-73-74-56-4-26|2-22-41-57-15-43-42-58|28-12-76-29-78-3-77-68-24-80|69-70-30-51-81-34-79-50|33-9-35-71-65-66-20-1|88-62-11-64-63-90-32-10|27-31-19-47-49-36-46-45-60-89|52-7-82-8-48
49,13,1151.0272,315.2078,118.0,229.136,0,13,20.667431,20.690576,True,18-83-8-84-17-45-60-89|95-59-98-61-86-38-14-91-37-92-13|53-94-87-97|72-75-23-67-39-25-55-54-24-68|40-21-73-74-56-4-26|2-22-41-57-15-43-42-58|12-80-29-79-3-77|28-76-51-81-34-78-50|33-9-35-71-65-66-20-1|27-69-70-30-90-63-32-10|31-88-19-49-64-11-62|52-7-82-47-36-46-48|5-93-100-44-16-85-99-96-6
50,13,1151.0272,315.2078,118.0,229.136,0,13,20.667431,20.690576,True,18-83-8-84-17-45-60-89|95-59-98-61-86-38-14-91-37-92-13|53-94-87-97|72-75-23-67-39-25-55-54-24-68|40-21-73-74-56-4-26|2-22-41-57-15-43-42-58|12-80-29-79-3-77|28-76-51-81-34-78-50|33-9-35-71-65-66-20-1|27-69-70-30-90-63-32-10|31-88-19-49-64-11-62|52-7-82-47-36-46-48|5-93-100-44-16-85-99-96-6
51,13,1154.2677,316.2812,102.0,226.866,0,13,20.828439,20.850777,True,18-83-8-84-17-45-60-89|5-61-16-86-38-14-37-92-13|95-59-99-93-85-98-100-44-91-96|53-94-87-97-6|72-23-67-39-25-55-24-54|40-21-73-74-56-4-26|2-75-22-41-57-15-43-42-58|12-80-29-79-3-77-68|28-76-51-81-34-78-50|33-9-35-71-65-66-20-1|27-69-70-30-90-63-32-10|31-88-19-49-64-11-62|52-7-82-47-36-46-48
52,13,1154.2677,316.2812,102.0,226.866,0,13,20.828439,20.850777,True,18-83-8-84-17-45-60-89|5-61-16-86-38-14-37-92-13|95-59-99-93-85-98-100-44-91-96|53-94-87-97-6|72-23-67-39-25-55-24-54|40-21-73-74-56-4-26|2-75-22-41-57-15-43-42-58|12-80-29-79-3-77-68|28-76-51-81-34-78-50|33-9-35-71-65-66-20-1|27-69-70-30-90-63-32-10|31-88-19-49-64-11-62|52-7-82-47-36-46-48
53,13,1154.6468,280.3727,127.0,213.3444,0,13,15.442157,15.459695,True,18-83-17-84-60-89|5-61-16-86-38-14-37-92-13|95-59-99-93-85-98-100-44-91-96|53-94-87-97-6|72-75-23-67-25-55-24-54|2-21-73-74-56-39-4-26|40-22-41-57-15-43-42-58|28-76-12-80-29-79-3-77-68|69-70-30-51-81-34-78-50|33-9-35-71-65-66-20-1|27-31-88-19-63-90-32-10|82-47-36-49-64-11-62|52-7-8-45-46-48
54,13,1154.6468,280.3727,127.0,213.3444,0,13,15.442157,15.459695,True,18-83-17-84-60-89|5-61-16-86-38-14-37-92-13|95-59-99-93-85-98-100-44-91-96|53-94-87-97-6|72-75-23-67-25-55-24-54|2-21-73-74-56-39-4-26|40-22-41-57-15-43-42-58|28-76-12-80-29-79-3-77-68|69-70-30-51-81-34-78-50|33-9-35-71-65-66-20-1|27-31-88-19-63-90-32-10|82-47-36-49-64-11-62|52-7-8-45-46-48
55,13,1155.3397,294.1491,118.0,229.136,0,13,17.50862,17.5299,True,52-18-83-84-17-45-60-89|5-61-16-86-38-14-37-92-13|95-59-99-93-85-98-100-44-91-96|53-94-87-97-6|72-75-23-67-39-25-55-54-24-68|40-21-73-74-56-4-26|2-22-41-57-15-43-42-58|12-80-29-79-3-77|28-76-51-81-34-78-50|33-9-35-71-65-66-20-1|27-69-70-30-90-63-32-10|31-19-36-49-64-11-62|88-82-7-47-46-8-48
56,13,1155.3397,294.1491,118.0,229.136,0,13,17.50862,17.5299,True,52-18-83-84-17-45-60-89|5-61-16-86-38-14-37-92-13|95-59-99-93-85-98-100-44-91-96|53-94-87-97-6|72-75-23-67-39-25-55-54-24-68|40-21-73-74-56-4-26|2-22-41-57-15-43-42-58|12-80-29-79-3-77|28-76-51-81-34-78-50|33-9-35-71-65-66-20-1|27-69-70-30-90-63-32-10|31-19-36-49-64-11-62|88-82-7-47-46-8-48
57,13,1157.3223,299.3464,111.0,226.362,0,13,18.28821,18.309749,True,18-83-84-17-45-60-89|5-61-16-86-38-14-37-92-13|95-59-99-93-85-98-100-44-91-96|53-94-87-97-6|2-72-75-23-67-25-55-54-24-68|21-73-74-56-39-4-26|40-22-41-57-15-43-42-58|28-76-12-80-29-79-3-77|31-30-51-81-34-78-50|33-9-35-71-65-66-20-1|27-69-70-11-63-90-32-10|88-19-47-36-49-64-62|52-7-82-8-46-48
58,13,1157.3223,299.3464,111.0,226.362,0,13,18.28821,18.309749,True,18-83-84-17-45-60-89|5-61-16-86-38-14-37-92-13|95-59-99-93-85-98-100-44-91-96|53-94-87-97-6|2-72-75-23-67-25-55-54-24-68|21-73-74-56-39-4-26|40-22-41-57-15-43-42-58|28-76-12-80-29-79-3-77|31-30-51-81-34-78-50|33-9-35-71-65-66-20-1|27-69-70-11-63-90-32-10|88-19-47-36-49-64-62|52-7-82-8-46-48
59,13,1161.456,273.8963,139.0,213.3444,0,13,14.470704,14.490513,True,5-61-16-86-38-14-37-92-13|95-59-99-93-85-98-100-44-91-96|2-21-73-74-56-39-4-26|40-22-41-57-15-43-42-58|28-76-12-80-29-79-3-77-68|69-70-30-51-81-34-78-50|33-9-35-71-65-66-20-1|82-47-36-49-64-11-62|52-7-18-8-45-46-48|53-94-87-97-6|27-31-88-19-63-90-32-10|72-75-23-67-25-55-24-54|83-17-84-60-89
60,13,1161.456,273.8963,139.0,213.3444,0,13,14.470704,14.490513,True,5-61-16-86-38-14-37-92-13|95-59-99-93-85-98-100-44-91-96|2-21-73-74-56-39-4-26|40-22-41-57-15-43-42-58|28-76-12-80-29-79-3-77-68|69-70-30-51-81-34-78-50|33-9-35-71-65-66-20-1|82-47-36-49-64-11-62|52-7-18-8-45-46-48|53-94-87-97-6|27-31-88-19-63-90-32-10|72-75-23-67-25-55-24-54|83-17-84-60-89
61,13,1162.3839,206.2515,107.0,226.7403,0,13,4.323987,4.332737,True,59-5-17-84-83-18|95-92-98-99-93-61-85-100-37-97-13|14-38-86-16-44-91-96|53-87-94-6|72-75-23-67-39-25-55-54|40-21-73-74-56-4-26|2-22-41-57-15-43-42-58|28-12-76-29-34-3-77-68-24-80|69-70-30-51-81-78-79-50|33-9-35-71-65-66-20-1|88-62-11-63-90-32-10|27-31-19-64-49-36-46-45-60-89|52-7-82-47-8-48
62,13,1162.3839,206.2515,107.0,226.7403,0,13,4.323987,4.332737,True,59-5-17-84-83-18|95-92-98-99-93-61-85-100-37-97-13|14-38-86-16-44-91-96|53-87-94-6|72-75-23-67-39-25-55-54|40-21-73-74-56-4-26|2-22-41-57-15-43-42-58|28-12-76-29-34-3-77-68-24-80|69-70-30-51-81-78-79-50|33-9-35-71-65-66-20-1|88-62-11-63-90-32-10|27-31-19-64-49-36-46-45-60-89|52-7-82-47-8-48
63,13,1163.9254,306.1048,113.0,215.3949,0,13,19.301981,19.325069,True,18-8-45-84-17-60-89|83-5-61-16-86-38-14-37-92-13|95-59-99-93-85-98-100-44-91-96|53-94-87-97-6|72-75-39-67-25-55-54-24-68|40-21-73-74-56-4-26|2-23-22-41-57-15-43-42-58|12-80-29-79-3-77|28-76-51-81-34-78-50|33-9-35-71-65-66-20-1|27-69-70-30-90-63-32-10|31-88-19-49-64-11-62|52-7-82-47-36-46-48
64,13,1163.9254,306.1048,113.0,215.3949,0,13,19.301981,19.325069,True,18-8-45-84-17-60-89|83-5-61-16-86-38-14-37-92-13|95-59-99-93-85-98-100-44-91-96|53-94-87-97-6|72-75-39-67-25-55-54-24-68|40-21-73-74-56-4-26|2-23-22-41-57-15-43-42-58|12-80-29-79-3-77|28-76-51-81-34-78-50|33-9-35-71-65-66-20-1|27-69-70-30-90-63-32-10|31-88-19-49-64-11-62|52-7-82-47-36-46-48
65,12,1164.9069,273.6524,104.0,224.7429,0,12,14.434115,14.452833,True,29-35-71-65-66-20-1|99-5-83-18-8-45-46-48|53-94-87-97-96-6|52-82-7-47-36-49-64|12-55-25-39-67-23-56-4|40-2-57-15-43-42-13|21-73-72-74-75-41-22-54-58|27-69-70-30-51-33-81-9-34-78-68-80|28-76-77-79-3-50-26-24|31-88-19-11-63-90-32-10-62|59-93-98-85-61-16-91-100-37-92|95-14-44-38-86-17-84-60-89
66,12,1164.9069,273.6524,104.0,224.7429,0,12,14.434115,14.452833,True,29-35-71-65-66-20-1|99-5-83-18-8-45-46-48|53-94-87-97-96-6|52-82-7-47-36-49-64|12-55-25-39-67-23-56-4|40-2-57-15-43-42-13|21-73-72-74-75-41-22-54-58|27-69-70-30-51-33-81-9-34-78-68-80|28-76-77-79-3-50-26-24|31-88-19-11-63-90-32-10-62|59-93-98-85-61-16-91-100-37-92|95-14-44-38-86-17-84-60-89
67,13,1166.1519,211.5634,107.0,225.2435,0,13,5.120772,5.131224,True,59-5-17-84-83-18|95-92-98-99-93-61-85-100-37-97-13|14-38-86-16-44-91-96|53-87-94-6|72-75-23-67-39-25-55-54|40-21-73-74-56-4-26|2-22-41-57-15-43-42-58|28-12-76-29-34-3-77-68-24-80|69-31-70-30-51-81-78-79-50|33-9-35-71-65-66-20-1|88-62-11-63-90-32-10|27-19-64-49-36-46-45-60-89|52-7-82-47-8-48
68,13,1166.1519,211.5634,107.0,225.2435,0,13,5.120772,5.131224,True,59-5-17-84-83-18|95-92-98-99-93-61-85-100-37-97-13|14-38-86-16-44-91-96|53-87-94-6|72-75-23-67-39-25-55-54|40-21-73-74-56-4-26|2-22-41-57-15-43-42-58|28-12-76-29-34-3-77-68-24-80|69-31-70-30-51-81-78-79-50|33-9-35-71-65-66-20-1|88-62-11-63-90-32-10|27-19-64-49-36-46-45-60-89|52-7-82-47-8-48
69,13,1166.1737,276.4945,127.0,213.3444,0,13,14.860426,14.88084,True,18-83-17-84-60-89|5-61-16-86-38-14-37-92-13|95-59-99-93-85-98-100-44-91-96|53-94-87-97-6|2-75-23-67-25-55-24-54|72-21-73-74-56-39-4-26|40-22-41-57-15-43-42-58|28-76-12-80-29-78-3-77-68|69-70-30-51-81-34-79-50|33-9-35-71-65-66-20-1|27-31-88-19-63-90-32-10|82-47-36-49-64-11-62|52-7-8-45-46-48
70,13,1166.1737,276.4945,127.0,213.3444,0,13,14.860426,14.88084,True,18-83-17-84-60-89|5-61-16-86-38-14-37-92-13|95-59-99-93-85-98-100-44-91-96|53-94-87-97-6|2-75-23-67-25-55-24-54|72-21-73-74-56-39-4-26|40-22-41-57-15-43-42-58|28-76-12-80-29-78-3-77-68|69-70-30-51-81-34-79-50|33-9-35-71-65-66-20-1|27-31-88-19-63-90-32-10|82-47-36-49-64-11-62|52-7-8-45-46-48
71,13,1167.2246,217.2629,94.0,225.2435,0,13,5.975685,5.986015,True,59-5-17-84-83-18|95-92-98-100-85-61-93-99-97-13|14-38-86-16-44-91-96|53-94-87-37-6|72-75-23-67-39-25-55-54|40-21-73-74-56-4-26|2-22-41-57-15-43-42-58|28-12-76-29-34-3-77-68-24-80|69-31-70-30-51-81-78-79-50|33-9-35-71-65-66-20-1|88-62-11-64-63-90-32-10|27-19-47-49-36-46-45-60-89|52-7-82-8-48
72,13,1167.2246,217.2629,94.0,225.2435,0,13,5.975685,5.986015,True,59-5-17-84-83-18|95-92-98-100-85-61-93-99-97-13|14-38-86-16-44-91-96|53-94-87-37-6|72-75-23-67-39-25-55-54|40-21-73-74-56-4-26|2-22-41-57-15-43-42-58|28-12-76-29-34-3-77-68-24-80|69-31-70-30-51-81-78-79-50|33-9-35-71-65-66-20-1|88-62-11-64-63-90-32-10|27-19-47-49-36-46-45-60-89|52-7-82-8-48
73,12,1169.2421,221.1149,98.0,226.362,0,12,6.553497,6.565277,True,83-5-61-16-86-38-14-37-92-13|95-99-59-98-85-100-44-84-17-91-93|53-94-87-97-96-6-60-89|2-72-75-23-67-25-55-54-24-68|21-73-74-56-39-4-26|40-22-41-57-15-43-42-58|28-76-12-80-29-79-3-77|31-30-51-81-34-78-50|33-9-35-71-65-66-20-1|27-69-70-11-63-90-32-10|88-19-47-36-49-64-62|52-7-82-18-8-46-45-48
74,12,1169.2421,221.1149,98.0,226.362,0,12,6.553497,6.565277,True,83-5-61-16-86-38-14-37-92-13|95-99-59-98-85-100-44-84-17-91-93|53-94-87-97-96-6-60-89|2-72-75-23-67-25-55-54-24-68|21-73-74-56-39-4-26|40-22-41-57-15-43-42-58|28-76-12-80-29-79-3-77|31-30-51-81-34-78-50|33-9-35-71-65-66-20-1|27-69-70-11-63-90-32-10|88-19-47-36-49-64-62|52-7-82-18-8-46-45-48
75,13,1169.7228,257.9571,127.0,214.9353,0,13,12.079817,12.098754,True,18-83-17-84-60-89|5-61-16-86-38-14-37-92-13|95-59-99-93-85-98-100-44-91-96|40-53-94-87-97-6|2-75-23-67-25-55-54-24-68|21-73-74-56-39-4-26|72-22-41-57-15-43-42-58|28-76-12-80-29-79-3-77|31-30-51-81-34-78-50|33-9-35-71-65-66-20-1|27-69-70-11-63-90-32-10|88-19-47-36-49-64-62|52-7-82-8-45-46-48
76,13,1169.7228,257.9571,127.0,214.9353,0,13,12.079817,12.098754,True,18-83-17-84-60-89|5-61-16-86-38-14-37-92-13|95-59-99-93-85-98-100-44-91-96|40-53-94-87-97-6|2-75-23-67-25-55-54-24-68|21-73-74-56-39-4-26|72-22-41-57-15-43-42-58|28-76-12-80-29-79-3-77|31-30-51-81-34-78-50|33-9-35-71-65-66-20-1|27-69-70-11-63-90-32-10|88-19-47-36-49-64-62|52-7-82-8-45-46-48
77,13,1170.2707,192.477,119.0,217.2401,0,13,4.394626,4.40345,True,5-17-84-83-18|95-92-98-99-93-61-85-100-37-97-13|59-14-38-86-16-44-91-96|53-87-94-6|72-75-23-67-25-55-24-54|40-21-73-74-56-4-26|2-39-22-41-57-15-43-42-58|28-12-76-29-34-3-77-68-80|69-70-30-51-81-78-79-50|33-9-35-71-65-66-20-1|88-62-11-64-63-90-32-10|27-31-19-47-49-36-46-45-60-89|52-7-82-8-48
78,13,1170.2707,192.477,119.0,217.2401,0,13,4.394626,4.40345,True,5-17-84-83-18|95-92-98-99-93-61-85-100-37-97-13|59-14-38-86-16-44-91-96|53-87-94-6|72-75-23-67-25-55-24-54|40-21-73-74-56-4-26|2-39-22-41-57-15-43-42-58|28-12-76-29-34-3-77-68-80|69-70-30-51-81-78-79-50|33-9-35-71-65-66-20-1|88-62-11-64-63-90-32-10|27-31-19-47-49-36-46-45-60-89|52-7-82-8-48
79,13,1173.268,209.6747,115.0,217.2401,0,13,5.293792,5.305695,True,5-17-84-83-18|99-59-98-93-61-85-100-37-92-13|95-14-38-86-16-44-91-96|53-94-87-97-6|2-72-75-67-25-55-24-54|40-21-73-74-56-4-26|39-23-22-41-57-15-43-42-58|28-12-76-29-34-3-77-68-80|69-70-30-51-81-78-79-50|33-9-35-71-65-66-20-1|88-62-11-64-63-90-32-10|27-31-19-47-49-36-46-45-60-89|52-7-82-8-48
80,13,1173.268,209.6747,115.0,217.2401,0,13,5.293792,5.305695,True,5-17-84-83-18|99-59-98-93-61-85-100-37-92-13|95-14-38-86-16-44-91-96|53-94-87-97-6|2-72-75-67-25-55-24-54|40-21-73-74-56-4-26|39-23-22-41-57-15-43-42-58|28-12-76-29-34-3-77-68-80|69-70-30-51-81-78-79-50|33-9-35-71-65-66-20-1|88-62-11-64-63-90-32-10|27-31-19-47-49-36-46-45-60-89|52-7-82-8-48
81,13,1174.3535,276.8995,92.0,226.362,0,13,14.921185,14.942566,True,99-93-18-83-17-84-60-89|5-61-16-86-38-14-37-92-13|95-59-98-85-100-44-91-96|53-94-87-97-6|2-72-75-23-67-25-55-54-24-68|21-73-74-56-39-4-26|40-22-41-57-15-43-42-58|28-76-12-80-29-79-3-77|31-30-51-81-34-78-50|33-9-35-71-65-66-20-1|27-69-70-11-63-90-32-10|88-19-47-36-49-64-62|52-7-82-8-45-46-48
82,13,1174.3535,276.8995,92.0,226.362,0,13,14.921185,14.942566,True,99-93-18-83-17-84-60-89|5-61-16-86-38-14-37-92-13|95-59-98-85-100-44-91-96|53-94-87-97-6|2-72-75-23-67-25-55-54-24-68|21-73-74-56-39-4-26|40-22-41-57-15-43-42-58|28-76-12-80-29-79-3-77|31-30-51-81-34-78-50|33-9-35-71-65-66-20-1|27-69-70-11-63-90-32-10|88-19-47-36-49-64-62|52-7-82-8-45-46-48
83,13,1174.3868,177.4543,113.0,217.2401,0,13,5.629459,5.636665,True,59-5-17-84-83-18|95-92-98-100-16-61-85-93-99-97-13|2-14-38-86-44-91-96|53-94-87-37-6|72-23-67-25-55-24-54|40-21-73-74-56-4-26|39-75-22-41-57-15-43-42-58|28-12-76-77-29-79-3-68-80|69-70-30-51-81-34-78-50|33-9-35-71-65-66-20-1|88-62-11-64-63-90-32-10|27-31-19-47-49-36-46-45-60-89|52-7-82-8-48
84,13,1174.3868,177.4543,113.0,217.2401,0,13,5.629459,5.636665,True,59-5-17-84-83-18|95-92-98-100-16-61-85-93-99-97-13|2-14-38-86-44-91-96|53-94-87-37-6|72-23-67-25-55-24-54|40-21-73-74-56-4-26|39-75-22-41-57-15-43-42-58|28-12-76-77-29-79-3-68-80|69-70-30-51-81-34-78-50|33-9-35-71-65-66-20-1|88-62-11-64-63-90-32-10|27-31-19-47-49-36-46-45-60-89|52-7-82-8-48
85,13,1174.9246,186.1305,107.0,217.2401,0,13,5.790774,5.798843,True,59-5-17-84-83-18|95-92-98-99-93-61-85-100-37-97-13|14-38-86-16-44-91-96|53-87-94-6|72-75-23-67-25-55-24-54|40-21-73-74-56-4-26|2-39-22-41-57-15-43-42-58|28-12-76-29-34-3-77-68-80|69-70-30-51-81-78-79-50|33-9-35-71-65-66-20-1|88-62-11-64-63-90-32-10|27-31-19-47-49-36-46-45-60-89|52-7-82-8-48
86,13,1174.9246,186.1305,107.0,217.2401,0,13,5.790774,5.798843,True,59-5-17-84-83-18|95-92-98-99-93-61-85-100-37-97-13|14-38-86-16-44-91-96|53-87-94-6|72-75-23-67-25-55-24-54|40-21-73-74-56-4-26|2-39-22-41-57-15-43-42-58|28-12-76-29-34-3-77-68-80|69-70-30-51-81-78-79-50|33-9-35-71-65-66-20-1|88-62-11-64-63-90-32-10|27-31-19-47-49-36-46-45-60-89|52-7-82-8-48
87,13,1177.2945,193.3434,102.0,214.7025,0,13,6.501754,6.510735,True,59-5-17-84-83-18|95-92-98-99-93-61-85-100-37-97-13|14-38-86-16-44-91-96|53-58-87-94-6|72-75-23-67-25-55-24-54|40-21-73-74-56-4-26|2-39-22-41-57-15-43-42|28-12-76-29-34-3-77-68-80|69-31-70-30-51-81-78-79-50|33-9-35-71-65-66-20-1|88-62-11-64-63-90-32-10|27-19-47-49-36-46-45-60-89|52-7-82-8-48
88,13,1177.2945,193.3434,102.0,214.7025,0,13,6.501754,6.510735,True,59-5-17-84-83-18|95-92-98-99-93-61-85-100-37-97-13|14-38-86-16-44-91-96|53-58-87-94-6|72-75-23-67-25-55-24-54|40-21-73-74-56-4-26|2-39-22-41-57-15-43-42|28-12-76-29-34-3-77-68-80|69-31-70-30-51-81-78-79-50|33-9-35-71-65-66-20-1|88-62-11-64-63-90-32-10|27-19-47-49-36-46-45-60-89|52-7-82-8-48
89,13,1177.8719,211.5925,88.0,217.1609,0,13,6.674959,6.68582,True,59-5-17-84-83-18|98-100-85-61-93-99-96-97-13|95-14-38-86-16-44-91-37-92|53-87-94-6|72-75-23-67-25-55-24-54|40-21-73-74-56-4-26|2-39-22-41-57-15-43-42-58|28-12-76-29-34-3-77-68-80|69-31-70-30-51-81-78-79-50|33-9-35-71-65-66-20-1|88-62-11-64-63-90-32-10|27-19-47-49-36-46-45-60-89|52-7-82-8-48
90,13,1177.8719,211.5925,88.0,217.1609,0,13,6.674959,6.68582,True,59-5-17-84-83-18|98-100-85-61-93-99-96-97-13|95-14-38-86-16-44-91-37-92|53-87-94-6|72-75-23-67-25-55-24-54|40-21-73-74-56-4-26|2-39-22-41-57-15-43-42-58|28-12-76-29-34-3-77-68-80|69-31-70-30-51-81-78-79-50|33-9-35-71-65-66-20-1|88-62-11-64-63-90-32-10|27-19-47-49-36-46-45-60-89|52-7-82-8-48
91,13,1178.6925,191.4424,107.0,217.1609,0,13,6.921165,6.931149,True,59-5-17-84-83-18|95-92-98-99-93-61-85-100-37-97-13|14-38-86-16-44-91-96|53-87-94-6|72-75-23-67-25-55-24-54|40-21-73-74-56-4-26|2-39-22-41-57-15-43-42-58|28-12-76-29-34-3-77-68-80|69-31-70-30-51-81-78-79-50|33-9-35-71-65-66-20-1|88-62-11-64-63-90-32-10|27-19-47-49-36-46-45-60-89|52-7-82-8-48
92,13,1178.6925,191.4424,107.0,217.1609,0,13,6.921165,6.931149,True,59-5-17-84-83-18|95-92-98-99-93-61-85-100-37-97-13|14-38-86-16-44-91-96|53-87-94-6|72-75-23-67-25-55-24-54|40-21-73-74-56-4-26|2-39-22-41-57-15-43-42-58|28-12-76-29-34-3-77-68-80|69-31-70-30-51-81-78-79-50|33-9-35-71-65-66-20-1|88-62-11-64-63-90-32-10|27-19-47-49-36-46-45-60-89|52-7-82-8-48
93,13,1180.0672,210.5116,98.0,217.2401,0,13,7.333562,7.345931,True,59-5-17-84-83-18|92-98-85-61-99-96-37-97-13|95-100-14-16-86-38-44-91-93|53-87-94-6|72-75-23-67-25-55-24-54|40-21-73-74-56-4-26|2-39-22-41-57-15-43-42-58|28-12-76-29-34-3-77-68-80|69-70-30-51-81-78-79-50|33-9-35-71-65-66-20-1|88-62-11-64-63-90-32-10|27-31-19-47-49-36-46-45-60-89|52-7-82-8-48
94,13,1180.6386,201.0257,94.0,214.7025,0,13,7.504998,7.515334,True,59-5-17-84-83-18|95-92-98-100-85-61-93-99-97-13|14-38-86-16-44-91-96|53-94-87-37-6|72-75-23-67-25-55-24-54|21-73-74-56-39-4-26|2-40-22-41-57-15-43-42-58|28-12-76-29-34-3-77-68-80|69-31-70-30-51-81-78-79-50|33-9-35-71-65-66-20-1|88-62-11-64-63-90-32-10|27-19-47-49-36-46-45-60-89|52-7-82-8-48
95,13,1180.6386,201.0257,94.0,214.7025,0,13,7.504998,7.515334,True,59-5-17-84-83-18|95-92-98-100-85-61-93-99-97-13|14-38-86-16-44-91-96|53-94-87-37-6|72-75-23-67-25-55-24-54|21-73-74-56-39-4-26|2-40-22-41-57-15-43-42-58|28-12-76-29-34-3-77-68-80|69-31-70-30-51-81-78-79-50|33-9-35-71-65-66-20-1|88-62-11-64-63-90-32-10|27-19-47-49-36-46-45-60-89|52-7-82-8-48
96,13,1181.6868,187.5614,90.0,225.2435,0,13,7.819436,7.829248,True,59-5-17-84-83-18|95-92-98-100-14-61-99-96-97-13|44-38-86-16-85-91-37-93|53-87-94-6|72-75-23-67-39-25-55-54|40-21-73-74-56-4-26|2-22-41-57-15-43-42-58|28-12-76-29-34-3-77-68-24-80|27-69-70-30-51-81-78-79-50|33-9-35-71-65-66-20-1|62-63-64-49-36-46-45-60-89|52-82-8-47-19-48|31-88-7-11-90-32-10
97,13,1181.6868,187.5614,90.0,225.2435,0,13,7.819436,7.829248,True,59-5-17-84-83-18|95-92-98-100-14-61-99-96-97-13|44-38-86-16-85-91-37-93|53-87-94-6|72-75-23-67-39-25-55-54|40-21-73-74-56-4-26|2-22-41-57-15-43-42-58|28-12-76-29-34-3-77-68-24-80|27-69-70-30-51-81-78-79-50|33-9-35-71-65-66-20-1|62-63-64-49-36-46-45-60-89|52-82-8-47-19-48|31-88-7-11-90-32-10
98,13,1184.289,195.1575,94.0,217.2401,0,13,8.600114,8.611046,True,59-5-17-84-83-18|95-92-98-100-85-61-93-99-97-13|14-38-86-16-44-91-96|53-94-87-37-6|72-75-23-67-25-55-24-54|40-21-73-74-56-4-26|2-39-22-41-57-15-43-42-58|28-12-76-29-34-3-77-68-80|69-70-30-51-81-78-79-50|33-9-35-71-65-66-20-1|88-62-11-64-63-90-32-10|27-31-19-47-49-36-46-45-60-89|52-7-82-8-48
99,13,1184.289,195.1575,94.0,217.2401,0,13,8.600114,8.611046,True,59-5-17-84-83-18|95-92-98-100-85-61-93-99-97-13|14-38-86-16-44-91-96|53-94-87-37-6|72-75-23-67-25-55-24-54|40-21-73-74-56-4-26|2-39-22-41-57-15-43-42-58|28-12-76-29-34-3-77-68-80|69-70-30-51-81-78-79-50|33-9-35-71-65-66-20-1|88-62-11-64-63-90-32-10|27-31-19-47-49-36-46-45-60-89|52-7-82-8-48
100,13,1184.4017,222.9858,73.0,214.7025,0,13,8.633926,8.646586,True,59-5-17-84-83-18|98-85-61-93-99-96-97-13|95-14-38-86-16-44-91-100-92|53-94-87-37-6|2-75-23-67-25-55-24-54|40-21-73-74-56-4-26|72-39-22-41-57-15-43-42-58|28-12-76-29-34-3-77-68-80|69-31-70-30-51-81-78-79-50|33-9-35-71-65-66-20-1|88-62-11-64-63-90-32-10|27-19-47-49-36-46-45-60-89|52-7-82-8-48
101,13,1184.4017,222.9858,73.0,214.7025,0,13,8.633926,8.646586,True,59-5-17-84-83-18|98-85-61-93-99-96-97-13|95-14-38-86-16-44-91-100-92|53-94-87-37-6|2-75-23-67-25-55-24-54|40-21-73-74-56-4-26|72-39-22-41-57-15-43-42-58|28-12-76-29-34-3-77-68-80|69-31-70-30-51-81-78-79-50|33-9-35-71-65-66-20-1|88-62-11-64-63-90-32-10|27-19-47-49-36-46-45-60-89|52-7-82-8-48
102,13,1185.2141,315.4993,111.0,213.6041,0,13,20.711149,20.741565,True,18-83-84-17-45-60-89|5-61-16-86-38-14-37-92-13|95-59-99-93-85-98-100-44-91-96|53-94-87-97-6|72-75-23-67-25-55-24-54|40-21-56-39-4-26-74|2-73-22-41-57-15-43-42-58|12-80-29-79-3-77-68|28-76-51-81-34-78-50|33-9-35-71-65-66-20-1|27-69-31-70-30-90-63-32-10|88-19-36-49-64-11-62|52-82-7-47-46-8-48
103,13,1185.2141,315.4993,111.0,213.6041,0,13,20.711149,20.741565,True,18-83-84-17-45-60-89|5-61-16-86-38-14-37-92-13|95-59-99-93-85-98-100-44-91-96|53-94-87-97-6|72-75-23-67-25-55-24-54|40-21-56-39-4-26-74|2-73-22-41-57-15-43-42-58|12-80-29-79-3-77-68|28-76-51-81-34-78-50|33-9-35-71-65-66-20-1|27-69-31-70-30-90-63-32-10|88-19-36-49-64-11-62|52-82-7-47-46-8-48
104,13,1185.7332,200.3348,82.0,217.2401,0,13,9.033364,9.044306,True,59-5-17-84-83-18|92-98-100-85-61-99-96-97-13|95-14-38-86-16-44-91-93|53-94-87-37-6|72-75-23-67-25-55-24-54|40-21-73-74-56-4-26|2-39-22-41-57-15-43-42-58|28-12-76-29-34-3-77-68-80|69-70-30-51-81-78-79-50|33-9-35-71-65-66-20-1|88-62-11-64-63-90-32-10|27-31-19-47-49-36-46-45-60-89|52-7-82-8-48
105,13,1185.7332,200.3348,82.0,217.2401,0,13,9.033364,9.044306,True,59-5-17-84-83-18|92-98-100-85-61-99-96-97-13|95-14-38-86-16-44-91-93|53-94-87-37-6|72-75-23-67-25-55-24-54|40-21-73-74-56-4-26|2-39-22-41-57-15-43-42-58|28-12-76-29-34-3-77-68-80|69-70-30-51-81-78-79-50|33-9-35-71-65-66-20-1|88-62-11-64-63-90-32-10|27-31-19-47-49-36-46-45-60-89|52-7-82-8-48
106,13,1186.4419,214.3622,81.0,224.5662,0,13,9.245965,9.260223,True,59-5-17-84-83-18|92-98-100-85-61-93-99-97-13|95-14-38-86-16-44-91-96|53-94-87-37-6|21-72-75-23-67-25-55-54-24|40-73-74-56-4-26|2-39-22-41-57-15-43-42-58|28-12-76-29-34-3-77-68-80|27-69-70-30-51-81-78-79-50|33-9-35-71-65-66-20-1|88-62-11-64-63-90-32-10|31-19-47-49-36-46-45-60-89|52-7-82-8-48
107,13,1186.4419,214.3622,81.0,224.5662,0,13,9.245965,9.260223,True,59-5-17-84-83-18|92-98-100-85-61-93-99-97-13|95-14-38-86-16-44-91-96|53-94-87-37-6|21-72-75-23-67-25-55-54-24|40-73-74-56-4-26|2-39-22-41-57-15-43-42-58|28-12-76-29-34-3-77-68-80|27-69-70-30-51-81-78-79-50|33-9-35-71-65-66-20-1|88-62-11-64-63-90-32-10|31-19-47-49-36-46-45-60-89|52-7-82-8-48
108,13,1186.6178,165.7484,102.0,217.2401,0,13,9.298752,9.306771,True,59-5-17-84-83-18|95-92-98-99-93-61-85-100-37-97-13|14-38-86-16-44-91-96|12-53-87-94-6|72-75-23-67-25-55-24-54|40-21-73-74-56-4-26|2-39-22-41-57-15-43-42-58|28-76-29-34-78-3-77-68-80|69-70-30-51-81-79-50|33-9-35-71-65-66-20-1|88-62-11-64-63-90-32-10|27-31-19-47-49-36-46-45-60-89|52-7-82-8-48
109,13,1186.6178,165.7484,102.0,217.2401,0,13,9.298752,9.306771,True,59-5-17-84-83-18|95-92-98-99-93-61-85-100-37-97-13|14-38-86-16-44-91-96|12-53-87-94-6|72-75-23-67-25-55-24-54|40-21-73-74-56-4-26|2-39-22-41-57-15-43-42-58|28-76-29-34-78-3-77-68-80|69-70-30-51-81-79-50|33-9-35-71-65-66-20-1|88-62-11-64-63-90-32-10|27-31-19-47-49-36-46-45-60-89|52-7-82-8-48
110,12,1187.9739,197.1126,105.0,229.1718,0,12,9.705566,9.720487,True,83-17-84-18-94-96-6|5-61-16-86-38-14-37-92-13|95-59-99-93-98-85-100-44-91-97|21-75-74-23-67-25-55-24-68|53-40-73-26-4-39-56|2-72-22-41-87-57-15-43-42-58|28-76-12-80-29-79-3-77-54|31-30-51-81-34-78-50|33-9-35-71-65-66-20-1|27-69-70-11-63-90-32-10|88-19-47-36-49-64-62|52-7-82-8-48-46-45-60-89
111,12,1187.9739,197.1126,105.0,229.1718,0,12,9.705566,9.720487,True,83-17-84-18-94-96-6|5-61-16-86-38-14-37-92-13|95-59-99-93-98-85-100-44-91-97|21-75-74-23-67-25-55-24-68|53-40-73-26-4-39-56|2-72-22-41-87-57-15-43-42-58|28-76-12-80-29-79-3-77-54|31-30-51-81-34-78-50|33-9-35-71-65-66-20-1|27-69-70-11-63-90-32-10|88-19-47-36-49-64-62|52-7-82-8-48-46-45-60-89
112,13,1188.057,200.4694,94.0,217.1609,0,13,9.730504,9.743352,True,59-5-17-84-83-18|95-92-98-100-85-61-93-99-97-13|14-38-86-16-44-91-96|53-94-87-37-6|72-75-23-67-25-55-24-54|40-21-73-74-56-4-26|2-39-22-41-57-15-43-42-58|28-12-76-29-34-3-77-68-80|69-31-70-30-51-81-78-79-50|33-9-35-71-65-66-20-1|88-62-11-64-63-90-32-10|27-19-47-49-36-46-45-60-89|52-7-82-8-48
113,13,1188.057,200.4694,94.0,217.1609,0,13,9.730504,9.743352,True,59-5-17-84-83-18|95-92-98-100-85-61-93-99-97-13|14-38-86-16-44-91-96|53-94-87-37-6|72-75-23-67-25-55-24-54|40-21-73-74-56-4-26|2-39-22-41-57-15-43-42-58|28-12-76-29-34-3-77-68-80|69-31-70-30-51-81-78-79-50|33-9-35-71-65-66-20-1|88-62-11-64-63-90-32-10|27-19-47-49-36-46-45-60-89|52-7-82-8-48
114,13,1188.057,200.4694,94.0,217.1609,0,13,9.730504,9.743352,True,59-5-17-84-83-18|95-92-98-100-85-61-93-99-97-13|14-38-86-16-44-91-96|53-94-87-37-6|72-75-23-67-25-55-24-54|40-21-73-74-56-4-26|2-39-22-41-57-15-43-42-58|28-12-76-29-34-3-77-68-80|69-31-70-30-51-81-78-79-50|33-9-35-71-65-66-20-1|88-62-11-64-63-90-32-10|27-19-47-49-36-46-45-60-89|52-7-82-8-48
115,13,1188.057,200.4694,94.0,217.1609,0,13,9.730504,9.743352,True,59-5-17-84-83-18|95-92-98-100-85-61-93-99-97-13|14-38-86-16-44-91-96|53-94-87-37-6|72-75-23-67-25-55-24-54|40-21-73-74-56-4-26|2-39-22-41-57-15-43-42-58|28-12-76-29-34-3-77-68-80|69-31-70-30-51-81-78-79-50|33-9-35-71-65-66-20-1|88-62-11-64-63-90-32-10|27-19-47-49-36-46-45-60-89|52-7-82-8-48
116,13,1189.3899,233.683,71.0,217.1609,0,13,10.130359,10.146288,True,59-5-17-84-83-18|92-98-85-61-93-99-96-97-13|95-16-44-86-38-14-91-100|53-94-87-37-6|72-75-23-67-25-55-24-54|40-21-73-74-56-4-26|2-39-22-41-57-15-43-42-58|28-12-76-29-34-3-77-68-80|69-31-70-30-51-81-78-79-50|33-9-35-71-65-66-20-1|88-62-11-64-63-90-32-10|27-19-47-49-36-46-45-60-89|52-7-82-8-48
117,13,1189.3899,233.683,71.0,217.1609,0,13,10.130359,10.146288,True,59-5-17-84-83-18|92-98-85-61-93-99-96-97-13|95-16-44-86-38-14-91-100|53-94-87-37-6|72-75-23-67-25-55-24-54|40-21-73-74-56-4-26|2-39-22-41-57-15-43-42-58|28-12-76-29-34-3-77-68-80|69-31-70-30-51-81-78-79-50|33-9-35-71-65-66-20-1|88-62-11-64-63-90-32-10|27-19-47-49-36-46-45-60-89|52-7-82-8-48
118,13,1191.2532,220.2742,72.0,226.2192,0,13,10.689364,10.705299,True,59-5-84-83-18-89|95-92-98-100-14-61-93-99-96-13|44-38-86-16-85-91-97|53-94-87-37-6|72-75-23-67-25-55-24-54|40-21-73-74-56-4-26|2-39-22-41-57-15-43-42-58|28-12-76-29-34-3-77-68-80|69-70-30-51-81-78-79-50|33-9-35-71-65-66-20-1|88-62-11-64-63-90-32-10|27-31-19-47-49-36-46-45-17-60|52-7-82-8-48
119,13,1191.2532,220.2742,72.0,226.2192,0,13,10.689364,10.705299,True,59-5-84-83-18-89|95-92-98-100-14-61-93-99-96-13|44-38-86-16-85-91-97|53-94-87-37-6|72-75-23-67-25-55-24-54|40-21-73-74-56-4-26|2-39-22-41-57-15-43-42-58|28-12-76-29-34-3-77-68-80|69-70-30-51-81-78-79-50|33-9-35-71-65-66-20-1|88-62-11-64-63-90-32-10|27-31-19-47-49-36-46-45-17-60|52-7-82-8-48
120,13,1192.9938,159.6012,82.0,217.2401,0,13,11.211539,11.218549,True,59-5-17-84-83-18|92-98-93-61-85-100-37-99-13|95-14-38-86-16-44-91-96|40-53-94-87-97-6|2-75-23-67-25-55-24-54|21-73-74-72-56-4-26|39-22-41-57-15-43-42-58|28-12-76-29-34-3-77-68-80|69-70-30-51-81-78-79-50|33-9-35-71-65-66-20-1|88-62-11-64-63-90-32-10|27-31-19-47-49-36-46-45-60-89|52-7-82-8-48
121,13,1192.9938,159.6012,82.0,217.2401,0,13,11.211539,11.218549,True,59-5-17-84-83-18|92-98-93-61-85-100-37-99-13|95-14-38-86-16-44-91-96|40-53-94-87-97-6|2-75-23-67-25-55-24-54|21-73-74-72-56-4-26|39-22-41-57-15-43-42-58|28-12-76-29-34-3-77-68-80|69-70-30-51-81-78-79-50|33-9-35-71-65-66-20-1|88-62-11-64-63-90-32-10|27-31-19-47-49-36-46-45-60-89|52-7-82-8-48
122,13,1193.8684,290.5045,124.0,211.9545,0,13,16.96193,16.992245,True,6-18-83-17-84-60-89|5-61-16-86-38-14-37-92|95-59-99-93-85-98-100-44-91-96|53-94-87-42-41-58|72-75-22-23-67-25-55-54-68|21-73-74-56-39-4-26|40-2-57-15-43-97-13|28-76-12-80-29-79-3-77-24|27-31-51-81-34-78-50|33-9-35-71-65-66-20-1|69-70-30-11-63-90-32-10|88-19-47-36-49-64-62|52-7-82-8-45-46-48
123,13,1193.8684,290.5045,124.0,211.9545,0,13,16.96193,16.992245,True,6-18-83-17-84-60-89|5-61-16-86-38-14-37-92|95-59-99-93-85-98-100-44-91-96|53-94-87-42-41-58|72-75-22-23-67-25-55-54-68|21-73-74-56-39-4-26|40-2-57-15-43-97-13|28-76-12-80-29-79-3-77-24|27-31-51-81-34-78-50|33-9-35-71-65-66-20-1|69-70-30-11-63-90-32-10|88-19-47-36-49-64-62|52-7-82-8-45-46-48
124,13,1193.9541,208.1814,80.0,216.6274,0,13,11.499635,11.513929,True,59-5-17-84-83-18|95-92-98-100-85-61-99-97-43-13|14-38-86-16-44-91-96|53-94-37-93-6|72-75-23-67-25-55-24-54|40-21-73-74-22-41-56-39-4|2-42-15-57-87-58-26|28-12-76-29-34-3-77-68-80|27-69-70-30-51-81-78-79-50|33-9-35-71-65-66-20-1|88-62-11-64-63-90-32-10|31-19-47-49-36-46-45-60-89|52-7-82-8-48
125,13,1193.9541,208.1814,80.0,216.6274,0,13,11.499635,11.513929,True,59-5-17-84-83-18|95-92-98-100-85-61-99-97-43-13|14-38-86-16-44-91-96|53-94-37-93-6|72-75-23-67-25-55-24-54|40-21-73-74-22-41-56-39-4|2-42-15-57-87-58-26|28-12-76-29-34-3-77-68-80|27-69-70-30-51-81-78-79-50|33-9-35-71-65-66-20-1|88-62-11-64-63-90-32-10|31-19-47-49-36-46-45-60-89|52-7-82-8-48
126,13,1194.5713,192.3824,93.0,217.1609,0,13,11.684781,11.698269,True,59-5-17-84-83-18|95-92-98-100-85-61-93-99-96-13|14-38-86-16-44-91-97|53-94-87-37-6|72-21-23-67-25-55-24-54|40-73-74-75-56-4-26|2-39-22-41-57-15-43-42-58|28-12-76-29-34-3-77-68-80|69-31-70-30-51-81-78-79-50|33-9-35-71-65-66-20-1|88-62-11-64-63-90-32-10|27-19-47-49-36-46-45-60-89|52-7-82-8-48
127,13,1194.98,168.2269,81.0,215.5217,0,13,11.807415,11.815957,True,59-5-17-84-83-18|95-92-98-100-14-61-99-96-6|44-38-86-16-85-91-37-93|2-75-23-67-25-55-24-54|40-21-73-74-56-4-26|72-39-22-41-57-15-43-42-58|28-12-76-29-34-3-77-68-80|27-69-70-30-51-81-78-79-50|33-9-35-71-65-66-20-1|62-63-64-49-36-46-45-60-89|52-82-8-47-19-48|31-88-7-11-90-32-10|53-94-87-97-13
128,13,1194.98,168.2269,81.0,215.5217,0,13,11.807415,11.815957,True,59-5-17-84-83-18|95-92-98-100-14-61-99-96-6|44-38-86-16-85-91-37-93|2-75-23-67-25-55-24-54|40-21-73-74-56-4-26|72-39-22-41-57-15-43-42-58|28-12-76-29-34-3-77-68-80|27-69-70-30-51-81-78-79-50|33-9-35-71-65-66-20-1|62-63-64-49-36-46-45-60-89|52-82-8-47-19-48|31-88-7-11-90-32-10|53-94-87-97-13
129,13,1196.1751,233.0564,116.0,212.5015,0,13,12.165945,12.187617,True,52-82-8-83-45-17-84-60-89|5-61-16-86-38-14-37-92-13|95-59-99-93-85-98-100-44-91-96|21-72-75-56-23-39-55-54-68|2-22-74-41-57-15-43-42-58|33-9-35-71-65-66-20-1|27-69-70-30-90-63-32-10-62|73-4-67-25-24-80|28-76-77-79-81-51-50|47-19-7-18|12-29-78-34-3-26|40-53-94-87-97-6|31-88-11-64-49-36-46-48
130,13,1196.1751,233.0564,116.0,212.5015,0,13,12.165945,12.187617,True,52-82-8-83-45-17-84-60-89|5-61-16-86-38-14-37-92-13|95-59-99-93-85-98-100-44-91-96|21-72-75-56-23-39-55-54-68|2-22-74-41-57-15-43-42-58|33-9-35-71-65-66-20-1|27-69-70-30-90-63-32-10-62|73-4-67-25-24-80|28-76-77-79-81-51-50|47-19-7-18|12-29-78-34-3-26|40-53-94-87-97-6|31-88-11-64-49-36-46-48
131,12,1196.8073,216.7337,102.0,228.2242,0,12,12.355602,12.375673,True,27-69-31-18-83-8-84-17-45-60-89|5-61-16-86-38-14-37-92-13|95-59-99-93-85-98-100-44-91-96|53-94-87-97-6|72-75-23-67-39-25-55-54-24-80|40-21-73-74-56-4-26|2-22-41-57-15-43-42-58|88-63-19-49-64-10|52-62-7-82-47-36-46-48|29-78-79-81-34-3-50-77-68|28-12-76-51-30-90-11-32-70|33-9-35-71-65-66-20-1
132,12,1196.8073,216.7337,102.0,228.2242,0,12,12.355602,12.375673,True,27-69-31-18-83-8-84-17-45-60-89|5-61-16-86-38-14-37-92-13|95-59-99-93-85-98-100-44-91-96|53-94-87-97-6|72-75-23-67-39-25-55-54-24-80|40-21-73-74-56-4-26|2-22-41-57-15-43-42-58|88-63-19-49-64-10|52-62-7-82-47-36-46-48|29-78-79-81-34-3-50-77-68|28-12-76-51-30-90-11-32-70|33-9-35-71-65-66-20-1
133,13,1197.0029,199.2257,72.0,217.1609,0,13,12.414281,12.427426,True,59-5-17-84-83-18|95-92-98-100-14-61-93-99-96-13|44-38-86-16-85-91-97|53-94-87-37-6|72-75-23-67-25-55-24-54|40-21-73-74-56-4-26|2-39-22-41-57-15-43-42-58|28-12-76-29-34-3-77-68-80|69-31-70-30-51-81-78-79-50|33-9-35-71-65-66-20-1|88-62-11-64-63-90-32-10|27-19-47-49-36-46-45-60-89|52-7-82-8-48
134,13,1197.0029,199.2257,72.0,217.1609,0,13,12.414281,12.427426,True,59-5-17-84-83-18|95-92-98-100-14-61-93-99-96-13|44-38-86-16-85-91-97|53-94-87-37-6|72-75-23-67-25-55-24-54|40-21-73-74-56-4-26|2-39-22-41-57-15-43-42-58|28-12-76-29-34-3-77-68-80|69-31-70-30-51-81-78-79-50|33-9-35-71-65-66-20-1|88-62-11-64-63-90-32-10|27-19-47-49-36-46-45-60-89|52-7-82-8-48
135,13,1197.4392,228.5917,87.0,213.3444,0,13,12.545157,12.563765,True,5-17-84-83-18-60-89|95-59-98-100-14-61-99-96-97-13|44-38-86-16-85-91-93-92|53-94-87-37-6|2-75-23-67-25-55-24-54|72-21-73-74-56-39-4-26|40-22-41-57-15-43-42-58|28-12-76-29-34-3-77-68-80|27-70-30-51-81-78-79-50|33-9-35-71-65-66-20-1|69-31-88-11-63-90-32-10|19-47-36-49-64-62|52-7-82-8-45-46-48
136,13,1197.4392,228.5917,87.0,213.3444,0,13,12.545157,12.563765,True,5-17-84-83-18-60-89|95-59-98-100-14-61-99-96-97-13|44-38-86-16-85-91-93-92|53-94-87-37-6|2-75-23-67-25-55-24-54|72-21-73-74-56-39-4-26|40-22-41-57-15-43-42-58|28-12-76-29-34-3-77-68-80|27-70-30-51-81-78-79-50|33-9-35-71-65-66-20-1|69-31-88-11-63-90-32-10|19-47-36-49-64-62|52-7-82-8-45-46-48
137,13,1198.5644,196.4875,74.0,217.1609,0,13,12.882738,12.896141,True,59-5-17-84-83-18|92-98-100-85-61-93-99-97-13|95-14-38-86-16-44-91-96|12-53-94-87-37-6|72-75-23-67-25-55-24-54|40-21-73-74-56-4-26|2-39-22-41-57-15-43-42-58|28-76-29-34-78-3-77-68-80|27-69-31-70-30-51-81-79-50|33-9-35-71-65-66-20-1|88-62-11-64-63-90-32-10|19-47-49-36-46-45-60-89|52-7-82-8-48
138,13,1198.5644,196.4875,74.0,217.1609,0,13,12.882738,12.896141,True,59-5-17-84-83-18|92-98-100-85-61-93-99-97-13|95-14-38-86-16-44-91-96|12-53-94-87-37-6|72-75-23-67-25-55-24-54|40-21-73-74-56-4-26|2-39-22-41-57-15-43-42-58|28-76-29-34-78-3-77-68-80|27-69-31-70-30-51-81-79-50|33-9-35-71-65-66-20-1|88-62-11-64-63-90-32-10|19-47-49-36-46-45-60-89|52-7-82-8-48
139,13,1199.9622,167.186,109.0,217.1609,0,13,13.302057,13.314984,True,5-17-84-83-18|95-92-98-100-85-61-99-96-97-13|59-14-38-86-16-44-91-37-93|76-53-87-94-6|72-75-23-67-25-55-24-54|40-21-73-74-56-4-26|2-39-22-41-57-15-43-42-58|28-12-29-34-78-3-77-68-80|27-69-70-30-51-81-79-50|33-9-35-71-65-66-20-1|62-11-64-49-36-46-45-60-89|52-7-82-47-8-48|31-88-19-63-90-32-10
140,13,1199.9622,167.186,109.0,217.1609,0,13,13.302057,13.314984,True,5-17-84-83-18|95-92-98-100-85-61-99-96-97-13|59-14-38-86-16-44-91-37-93|76-53-87-94-6|72-75-23-67-25-55-24-54|40-21-73-74-56-4-26|2-39-22-41-57-15-43-42-58|28-12-29-34-78-3-77-68-80|27-69-70-30-51-81-79-50|33-9-35-71-65-66-20-1|62-11-64-49-36-46-45-60-89|52-7-82-47-8-48|31-88-19-63-90-32-10
141,14,1210.6112,358.919,80.0,213.3444,0,14,27.224108,27.265816,True,5-17-84-83-18-60-89|95-92-61-16-86-38-44-91-13|94-87-53|21-72-75-23-67-25-55-54|2-73-74-56-39-4-26|40-22-41-57-15-43-42-58|28-12-76-77-29-34-24-80-68|70-30-51-81-78-79-3-50|33-9-35-71-65-66-20-1|27-69-31-62-11-63-90-32-10|88-7-19-47-49-64|52-82-8-45-46-36-48|14-100-93-99-96-6|59-85-98-37-97
142,14,1210.6112,358.919,80.0,213.3444,0,14,27.224108,27.265816,True,5-17-84-83-18-60-89|95-92-61-16-86-38-44-91-13|94-87-53|21-72-75-23-67-25-55-54|2-73-74-56-39-4-26|40-22-41-57-15-43-42-58|28-12-76-77-29-34-24-80-68|70-30-51-81-78-79-3-50|33-9-35-71-65-66-20-1|27-69-31-62-11-63-90-32-10|88-7-19-47-49-64|52-82-8-45-46-36-48|14-100-93-99-96-6|59-85-98-37-97
143,13,1210.9366,175.0633,74.0,217.1609,0,13,16.59437,16.60827,True,59-5-17-84-83-18|95-92-98-100-14-61-99-96-97-13|44-38-86-16-85-91-93|53-94-87-37-6|72-75-23-67-25-55-24-54|40-21-73-74-56-4-26|2-39-22-41-57-15-43-42-58|28-12-76-29-34-3-77-68-80|27-69-70-30-51-81-78-79-50|33-9-35-71-65-66-20-1|62-63-64-49-36-46-45-60-89|52-82-8-47-19-48|31-88-7-11-90-32-10
144,13,1215.6439,205.6802,65.0,221.916,0,13,18.006566,18.026284,True,59-5-17-84-83-18|92-98-100-85-61-93-99-6|95-14-38-86-16-44-91-96|53-94-87-37-97|72-75-23-67-25-55-24-54|40-22-73-26-4-56-74-58|2-21-39-41-57-15-43-42-13|28-12-76-29-34-3-77-68-80|69-31-70-30-51-81-78-79-50|33-9-35-71-65-66-20-1|88-62-11-64-63-90-32-10|27-19-47-49-36-46-45-60-89|52-7-82-8-48
145,13,1215.6439,205.6802,65.0,221.916,0,13,18.006566,18.026284,True,59-5-17-84-83-18|92-98-100-85-61-93-99-6|95-14-38-86-16-44-91-96|53-94-87-37-97|72-75-23-67-25-55-24-54|40-22-73-26-4-56-74-58|2-21-39-41-57-15-43-42-13|28-12-76-29-34-3-77-68-80|69-31-70-30-51-81-78-79-50|33-9-35-71-65-66-20-1|88-62-11-64-63-90-32-10|27-19-47-49-36-46-45-60-89|52-7-82-8-48
146,14,1216.3666,323.8699,59.0,213.3444,0,14,21.966742,22.00282,True,5-17-84-83-18-60-89|95-92-98-14-38-44-91-97-13|53-87-94-6|2-75-23-67-25-55-24-54|72-21-73-74-56-39-4-26|40-22-41-57-15-43-42-58|28-12-76-29-78-3-77-68-80|70-30-51-81-34-79-50|33-9-35-71-65-66-20-1|27-69-31-88-11-63-90-32-10|19-47-36-49-64-62|52-7-82-8-45-46-48|100-16-86-61-93-99-96|59-85-37
147,14,1216.3666,323.8699,59.0,213.3444,0,14,21.966742,22.00282,True,5-17-84-83-18-60-89|95-92-98-14-38-44-91-97-13|53-87-94-6|2-75-23-67-25-55-24-54|72-21-73-74-56-39-4-26|40-22-41-57-15-43-42-58|28-12-76-29-78-3-77-68-80|70-30-51-81-34-79-50|33-9-35-71-65-66-20-1|27-69-31-88-11-63-90-32-10|19-47-36-49-64-62|52-7-82-8-45-46-48|100-16-86-61-93-99-96|59-85-37
148,14,1216.7838,321.8219,86.0,213.3444,0,14,21.659538,21.698133,True,5-17-84-83-18-60-89|95-61-38-44-91-97-13|53-2-87-37-92|72-75-23-67-25-55-24-54|21-73-74-56-39-4-26|40-22-41-57-15-43-42-58|28-12-76-29-34-3-77-68-80|69-70-30-51-81-78-79-50|33-9-35-71-65-66-20-1|27-31-11-63-90-32-10|88-19-47-36-49-64-62|52-7-82-8-45-46-48|98-100-14-86-16-93-99-96|6-85-59-94
149,14,1216.7838,321.8219,86.0,213.3444,0,14,21.659538,21.698133,True,5-17-84-83-18-60-89|95-61-38-44-91-97-13|53-2-87-37-92|72-75-23-67-25-55-24-54|21-73-74-56-39-4-26|40-22-41-57-15-43-42-58|28-12-76-29-34-3-77-68-80|69-70-30-51-81-78-79-50|33-9-35-71-65-66-20-1|27-31-11-63-90-32-10|88-19-47-36-49-64-62|52-7-82-8-45-46-48|98-100-14-86-16-93-99-96|6-85-59-94
150,12,1217.0341,183.9765,132.0,229.136,0,12,18.423629,18.447992,True,83-5-61-16-86-38-14-37-92-13|95-59-99-93-85-98-100-44-91-96|72-75-23-67-39-25-55-54-24-68|2-21-73-22-41-57-15-43-42-58|28-76-51-81-34-78-50-77-80|33-9-35-71-65-66-20-1|11-64-19-8-84-17-45-60-89|12-29-79-3-26-4-56-74|53-40-87-97|69-31-63-49-47-46-36-48|27-52-88-70-30-90-32-10-62|82-7-18-6-94
151,12,1217.0341,183.9765,132.0,229.136,0,12,18.423629,18.447992,True,83-5-61-16-86-38-14-37-92-13|95-59-99-93-85-98-100-44-91-96|72-75-23-67-39-25-55-54-24-68|2-21-73-22-41-57-15-43-42-58|28-76-51-81-34-78-50-77-80|33-9-35-71-65-66-20-1|11-64-19-8-84-17-45-60-89|12-29-79-3-26-4-56-74|53-40-87-97|69-31-63-49-47-46-36-48|27-52-88-70-30-90-32-10-62|82-7-18-6-94
152,14,1219.384,317.5449,74.0,213.3444,0,14,21.017996,21.055531,True,5-17-84-83-18-60-89|95-92-98-14-38-44-91-97-13|53-87-85-37-6|2-75-23-67-25-55-24-54|72-21-73-74-56-39-4-26|40-22-41-57-15-43-42-58|28-12-76-29-78-3-77-68-80|69-70-30-51-81-34-79-50|33-9-35-71-65-66-20-1|27-31-88-63-90-32-10|47-19-36-49-64-11-62|52-7-82-8-45-46-48|100-16-86-61-93-99-96|94-59
153,14,1219.384,317.5449,74.0,213.3444,0,14,21.017996,21.055531,True,5-17-84-83-18-60-89|95-92-98-14-38-44-91-97-13|53-87-85-37-6|2-75-23-67-25-55-24-54|72-21-73-74-56-39-4-26|40-22-41-57-15-43-42-58|28-12-76-29-78-3-77-68-80|69-70-30-51-81-34-79-50|33-9-35-71-65-66-20-1|27-31-88-63-90-32-10|47-19-36-49-64-11-62|52-7-82-8-45-46-48|100-16-86-61-93-99-96|94-59
154,14,1221.2916,319.412,63.0,213.3444,0,14,21.298049,21.335335,True,5-17-84-83-18-60-89|95-92-98-14-38-44-91-97-13|53-85-37-6|2-75-23-67-25-55-24-54|72-21-73-74-56-39-4-26|40-22-41-57-15-43-42-58|28-12-76-29-78-3-77-68-80|69-70-30-51-81-34-79-50|33-9-35-71-65-66-20-1|27-31-88-19-63-90-32-10|47-36-49-64-11-62|52-7-82-8-45-46-48|100-16-86-61-93-99-96|87-59-94
155,12,1225.1871,205.5402,117.0,228.2242,0,12,20.869531,20.897938,True,27-69-31-18-83-8-84-17-45-60-89|95-59-98-61-16-86-38-14-42-13|5-99-94-85-44-91-100-93|72-75-23-67-39-25-55-54-24-80|52-62-7-82-47-36-46-48|29-78-79-81-34-3-50-77-68|28-12-76-51-30-90-11-32-70|33-9-35-71-65-66-20-1|40-21-73-74-56-4-26|88-63-19-49-64-10|2-41-22-57-15-43-97-37|53-58-87-92-96-6
156,12,1225.1871,205.5402,117.0,228.2242,0,12,20.869531,20.897938,True,27-69-31-18-83-8-84-17-45-60-89|95-59-98-61-16-86-38-14-42-13|5-99-94-85-44-91-100-93|72-75-23-67-39-25-55-54-24-80|52-62-7-82-47-36-46-48|29-78-79-81-34-3-50-77-68|28-12-76-51-30-90-11-32-70|33-9-35-71-65-66-20-1|40-21-73-74-56-4-26|88-63-19-49-64-10|2-41-22-57-15-43-97-37|53-58-87-92-96-6
157,12,1225.6791,190.744,118.0,226.362,0,12,21.017144,21.0433,True,5-93-61-85-18-99-17-60-89|59-98-44-16-86-38-14-37-100-91-13|53-94-87-97-6-96-92|2-72-75-23-67-25-55-54-24-68|40-22-41-57-15-43-42-58|28-76-12-80-29-79-3-77|69-70-30-51-81-34-78-50|33-9-35-71-65-66-20-1|27-31-88-19-63-90-32-10|83-82-47-36-49-64-11-62|52-7-8-84-45-46-48|95-73-74-21-26-4-39-56
158,12,1225.6791,190.744,118.0,226.362,0,12,21.017144,21.0433,True,5-93-61-85-18-99-17-60-89|59-98-44-16-86-38-14-37-100-91-13|53-94-87-97-6-96-92|2-72-75-23-67-25-55-54-24-68|40-22-41-57-15-43-42-58|28-76-12-80-29-79-3-77|69-70-30-51-81-34-78-50|33-9-35-71-65-66-20-1|27-31-88-19-63-90-32-10|83-82-47-36-49-64-11-62|52-7-8-84-45-46-48|95-73-74-21-26-4-39-56
159,13,1229.4861,231.9757,138.0,205.5608,0,13,22.159243,22.191905,True,52-18-83-94-6-60-89|95-59-93-98-85-44-14-100-97|15-38-86-16-91-96|72-75-23-67-25-55-24-54|2-73-22-56-39-4-26|53-13-87-57-42-58|28-12-76-77-29-34-68-80|27-70-30-51-81-78-79-3-50|33-9-35-71-65-66-20-1|69-31-62-19-11-63-90-32-10|88-82-7-47-36-49-64|5-99-61-84-17-45-8-46-48|40-21-74-41-43-37-92
160,13,1229.4861,231.9757,138.0,205.5608,0,13,22.159243,22.191905,True,52-18-83-94-6-60-89|95-59-93-98-85-44-14-100-97|15-38-86-16-91-96|72-75-23-67-25-55-24-54|2-73-22-56-39-4-26|53-13-87-57-42-58|28-12-76-77-29-34-68-80|27-70-30-51-81-78-79-3-50|33-9-35-71-65-66-20-1|69-31-62-19-11-63-90-32-10|88-82-7-47-36-49-64|5-99-61-84-17-45-8-46-48|40-21-74-41-43-37-92
161,14,1232.0553,309.6327,85.0,213.3444,0,14,22.929992,22.971241,True,5-17-84-83-18|95-92-61-38-44-91-97-13|94-87-37-6|2-75-23-67-25-55-24-54|72-21-73-74-56-39-4-26|40-22-41-57-15-43-42-58|28-12-76-29-34-3-77-68-80|69-70-30-51-81-78-79-50|33-9-35-71-65-66-20-1|27-31-88-11-63-90-32-10|19-47-36-49-64-62|52-7-82-8-45-46-48|98-100-14-86-16-93-99-96|53-59-85-60-89
162,14,1232.0553,309.6327,85.0,213.3444,0,14,22.929992,22.971241,True,5-17-84-83-18|95-92-61-38-44-91-97-13|94-87-37-6|2-75-23-67-25-55-24-54|72-21-73-74-56-39-4-26|40-22-41-57-15-43-42-58|28-12-76-29-34-3-77-68-80|69-70-30-51-81-78-79-50|33-9-35-71-65-66-20-1|27-31-88-11-63-90-32-10|19-47-36-49-64-62|52-7-82-8-45-46-48|98-100-14-86-16-93-99-96|53-59-85-60-89
163,12,1232.2742,183.1451,136.0,226.362,0,12,22.995678,23.024472,True,83-5-61-16-86-38-14-37-92-13|95-59-99-93-85-98-100-44-91-60-89|2-72-75-23-67-25-55-54-24-68|21-73-74-56-39-4-26|40-22-41-57-15-43-42-58|28-76-12-80-29-79-3-77|69-70-30-51-81-34-78-50|33-9-35-71-65-66-20-1|27-31-88-19-11-63-90-32-10|53-94-87-97-96-6-45|62-82-7-47-49-46-36-48|52-17-84-18-8-64
164,12,1232.2742,183.1451,136.0,226.362,0,12,22.995678,23.024472,True,83-5-61-16-86-38-14-37-92-13|95-59-99-93-85-98-100-44-91-60-89|2-72-75-23-67-25-55-54-24-68|21-73-74-56-39-4-26|40-22-41-57-15-43-42-58|28-76-12-80-29-79-3-77|69-70-30-51-81-34-78-50|33-9-35-71-65-66-20-1|27-31-88-19-11-63-90-32-10|53-94-87-97-96-6-45|62-82-7-47-49-46-36-48|52-17-84-18-8-64
165,14,1233.7054,308.9328,82.0,213.3444,0,14,23.425029,23.466368,True,5-17-84-83-18-60-89|95-98-61-38-44-91-97|53-94-37-92|2-75-23-67-25-55-24-54|72-21-73-74-56-39-4-26|40-22-41-57-15-43-42-58|28-12-76-77-29-34-68-80|70-30-51-81-78-79-3-50|33-9-35-71-65-66-20-1|27-69-31-88-11-63-90-32-10|19-47-36-49-64-62|52-7-82-8-45-46-48|100-14-86-16-93-99-96|6-59-85-87-13
166,14,1233.7054,308.9328,82.0,213.3444,0,14,23.425029,23.466368,True,5-17-84-83-18-60-89|95-98-61-38-44-91-97|53-94-37-92|2-75-23-67-25-55-24-54|72-21-73-74-56-39-4-26|40-22-41-57-15-43-42-58|28-12-76-77-29-34-68-80|70-30-51-81-78-79-3-50|33-9-35-71-65-66-20-1|27-69-31-88-11-63-90-32-10|19-47-36-49-64-62|52-7-82-8-45-46-48|100-14-86-16-93-99-96|6-59-85-87-13
167,12,1236.1498,110.1107,122.0,223.0224,0,12,24.158336,24.175436,True,95-92-98-100-85-61-5-93-99-97-13|59-14-38-86-16-44-91-96-60-89|72-75-23-67-25-55-24-54|40-21-73-74-56-4-26|2-39-22-41-57-15-43-42-58|28-12-76-29-34-3-77-68-80|69-31-70-30-51-81-78-79-50|33-9-35-71-65-66-20-1|88-62-11-64-63-90-32-10|83-53-94-87-37-6|27-52-82-7-19-49-46-36-48|47-18-8-45-84-17
168,14,1236.5054,287.0834,71.0,213.3444,0,14,24.265028,24.30283,True,5-17-84-83-18-60-89|95-92-98-61-38-44-91-97-13|53-94-87-37-6|2-75-23-67-25-55-24-54|72-21-73-74-56-39-4-26|40-22-41-57-15-43-42-58|28-12-76-29-34-3-77-68-80|70-30-51-81-78-79-50|33-9-35-71-65-66-20-1|27-69-31-88-11-63-90-32-10|19-47-36-49-64-62|52-7-82-8-45-46-48|100-14-86-16-93-99-96|59-85
169,13,1238.2379,218.9526,63.0,217.2075,0,13,24.784788,24.812369,True,99-59-98-95-94-96-6-89|5-93-61-16-86-84-8-17|42-14-38-44-85-91-100-37-92|72-75-41-57-15-43-97-58|40-21-73-74-22-23-56-4|28-12-76-77-29-78-3-68-24-80|33-35-9-81-34-79-50|69-70-30-51-71-65-66-20-1|27-88-19-36-49-64-11-62|52-83-18-7-48-46-45-60|31-82-47-63-90-32-10|39-67-25-55-54-26|53-2-87-13
170,13,1238.2379,218.9526,63.0,217.2075,0,13,24.784788,24.812369,True,99-59-98-95-94-96-6-89|5-93-61-16-86-84-8-17|42-14-38-44-85-91-100-37-92|72-75-41-57-15-43-97-58|40-21-73-74-22-23-56-4|28-12-76-77-29-78-3-68-24-80|33-35-9-81-34-79-50|69-70-30-51-71-65-66-20-1|27-88-19-36-49-64-11-62|52-83-18-7-48-46-45-60|31-82-47-63-90-32-10|39-67-25-55-54-26|53-2-87-13
171,14,1238.9947,320.7594,83.0,206.4324,0,14,25.011824,25.055587,True,5-17-84-83-18-60-89|92-98-61-38-44-91-97-13|53-87-94-6|2-75-23-67-25-55-24-54|21-72-74-56-39-4-26|40-73-22-41-57-15-42-58|28-12-76-29-34-3-77-68-80|69-70-30-51-81-78-79-50|33-9-35-71-65-66-20-1|27-31-88-11-63-90-32-10|19-47-36-49-64-62|52-7-82-8-45-46-48|95-100-14-86-16-93-99-96|59-85-37-43
172,14,1238.9947,320.7594,83.0,206.4324,0,14,25.011824,25.055587,True,5-17-84-83-18-60-89|92-98-61-38-44-91-97-13|53-87-94-6|2-75-23-67-25-55-24-54|21-72-74-56-39-4-26|40-73-22-41-57-15-42-58|28-12-76-29-34-3-77-68-80|69-70-30-51-81-78-79-50|33-9-35-71-65-66-20-1|27-31-88-11-63-90-32-10|19-47-36-49-64-62|52-7-82-8-45-46-48|95-100-14-86-16-93-99-96|59-85-37-43
173,13,1239.259,174.3087,67.0,217.1609,0,13,25.091113,25.112697,True,59-5-17-84-83-18-93-37-13|95-92-98-100-85-99-87-97-6|14-38-86-16-44-91-96|12-61-94-53|72-75-23-67-25-55-24-54|40-21-73-74-56-4-26|2-39-22-41-57-15-43-42-58|28-76-77-29-34-3-68-80|69-31-70-30-51-81-78-79-50|33-9-35-71-65-66-20-1|88-62-11-64-63-90-32-10|27-19-47-49-36-46-45-60-89|52-7-82-8-48
174,13,1239.259,174.3087,67.0,217.1609,0,13,25.091113,25.112697,True,59-5-17-84-83-18-93-37-13|95-92-98-100-85-99-87-97-6|14-38-86-16-44-91-96|12-61-94-53|72-75-23-67-25-55-24-54|40-21-73-74-56-4-26|2-39-22-41-57-15-43-42-58|28-76-77-29-34-3-68-80|69-31-70-30-51-81-78-79-50|33-9-35-71-65-66-20-1|88-62-11-64-63-90-32-10|27-19-47-49-36-46-45-60-89|52-7-82-8-48
175,13,1243.4425,140.363,86.0,219.4176,0,13,26.346145,26.366131,True,83-17-84-8-47-48|95-92-100-98-99-18-96-97-13|44-38-86-16-85-91-37-93|40-22-41-57-15-43-42-58|28-12-76-29-34-3-77-68-80|27-69-70-30-51-81-78-79-50|33-9-35-71-65-66-20-1|62-63-64-49-36-46-45-60-89|31-88-19-11-90-32-10|52-82-7-6-94-53|2-72-75-39-56-4-54-26|21-73-74-23-67-25-55-24|59-5-61-14-87
176,13,1243.4425,140.363,86.0,219.4176,0,13,26.346145,26.366131,True,83-17-84-8-47-48|95-92-100-98-99-18-96-97-13|44-38-86-16-85-91-37-93|40-22-41-57-15-43-42-58|28-12-76-29-34-3-77-68-80|27-69-70-30-51-81-78-79-50|33-9-35-71-65-66-20-1|62-63-64-49-36-46-45-60-89|31-88-19-11-90-32-10|52-82-7-6-94-53|2-72-75-39-56-4-54-26|21-73-74-23-67-25-55-24|59-5-61-14-87
177,12,1243.7158,181.6046,118.0,225.7183,0,12,26.428135,26.458234,True,83-5-61-16-86-38-14-37-92-93-13|95-100-44-98-18-45-46-36|53-94-87-97-96-91-17|2-72-75-23-67-39-25-55-24-68|21-73-74-56-4-54-26|40-22-41-57-15-43-42-58|28-76-12-80-29-79-3-77|69-70-30-51-81-34-78-50|33-9-35-71-65-66-20-1|27-31-88-19-63-90-32-10|52-82-7-49-64-11-62-48|47-8-84-85-59-99-6-60-89
178,13,1243.8369,170.0561,64.0,217.2972,0,13,26.46447,26.48651,True,100-14-44-61-17-84|95-92-98-86-38-43-15-42-58|72-75-23-67-25-55-24-54|2-40-21-73-74-56-4-26|39-22-41-87-57-97-37-91-13|28-12-76-29-34-3-77-68-80|69-31-70-30-51-81-78-79-50|33-9-35-71-65-66-20-1|88-62-11-64-63-90-32-10|83-47-19-49-36-46-45-60-89|27-52-7-82-8-48|5-16-93-59-94-53|18-85-99-96-6
179,13,1243.8369,170.0561,64.0,217.2972,0,13,26.46447,26.48651,True,100-14-44-61-17-84|95-92-98-86-38-43-15-42-58|72-75-23-67-25-55-24-54|2-40-21-73-74-56-4-26|39-22-41-87-57-97-37-91-13|28-12-76-29-34-3-77-68-80|69-31-70-30-51-81-78-79-50|33-9-35-71-65-66-20-1|88-62-11-64-63-90-32-10|83-47-19-49-36-46-45-60-89|27-52-7-82-8-48|5-16-93-59-94-53|18-85-99-96-6
180,13,1243.9544,166.9817,67.0,228.4844,0,13,26.499718,26.52331,True,5-17-84-83-47-8-48|95-92-100-98-99-18-96-97-13|44-38-86-16-85-91-37|40-22-41-57-15-43-42-58|28-12-76-29-34-3-77-68-80|27-69-70-30-51-81-78-79-50|33-9-35-71-65-66-20-1|31-62-11-64-49-36-46-45-60-89|88-19-63-90-32-10|52-82-7-6-94-53|2-72-75-39-56-4-54-26|21-73-74-23-67-25-55-24|59-93-61-14-87
181,13,1243.9544,166.9817,67.0,228.4844,0,13,26.499718,26.52331,True,5-17-84-83-47-8-48|95-92-100-98-99-18-96-97-13|44-38-86-16-85-91-37|40-22-41-57-15-43-42-58|28-12-76-29-34-3-77-68-80|27-69-70-30-51-81-78-79-50|33-9-35-71-65-66-20-1|31-62-11-64-49-36-46-45-60-89|88-19-63-90-32-10|52-82-7-6-94-53|2-72-75-39-56-4-54-26|21-73-74-23-67-25-55-24|59-93-61-14-87
182,14,1245.01,281.4837,99.0,209.3108,0,14,26.816411,26.858119,True,95-93-61-84-17-45-8-60-89|27-5-99-98-85-16-44-91-96|59-42-14-38-86-100-37-92|53-2-87-97-13|72-75-41-57-15-43-58|40-21-73-74-22-23-56-4|39-67-25-55-54-26|28-12-76-77-29-79-3-68-24-80|33-35-9-81-34-78-50|69-30-51-71-65-66-20-1|31-63-90-32-10-70|88-19-36-49-64-11-62|52-7-82-47-46-48|83-18-6-94
183,14,1245.01,281.4837,99.0,209.3108,0,14,26.816411,26.858119,True,95-93-61-84-17-45-8-60-89|27-5-99-98-85-16-44-91-96|59-42-14-38-86-100-37-92|53-2-87-97-13|72-75-41-57-15-43-58|40-21-73-74-22-23-56-4|39-67-25-55-54-26|28-12-76-77-29-79-3-68-24-80|33-35-9-81-34-78-50|69-30-51-71-65-66-20-1|31-63-90-32-10-70|88-19-36-49-64-11-62|52-7-82-47-46-48|83-18-6-94
184,12,1247.6124,169.7817,53.0,227.0293,0,12,27.597125,27.620316,True,92-98-14-38-16-86-44-91-17-60|72-75-23-67-25-55-24-54-4|2-39-22-41-57-15-43-42-100|28-12-76-29-34-3-77-68-80|69-31-70-30-51-81-78-79-50|33-9-35-71-65-66-20-1|88-62-11-64-63-90-32-10-48|83-82-47-19-49-36-46-45-89|53-21-73-40-26-56-74-58|27-52-7-8-94-99-37-13|95-59-5-61-84-18|6-85-87-97-93-96
185,12,1247.6124,169.7817,53.0,227.0293,0,12,27.597125,27.620316,True,92-98-14-38-16-86-44-91-17-60|72-75-23-67-25-55-24-54-4|2-39-22-41-57-15-43-42-100|28-12-76-29-34-3-77-68-80|69-31-70-30-51-81-78-79-50|33-9-35-71-65-66-20-1|88-62-11-64-63-90-32-10-48|83-82-47-19-49-36-46-45-89|53-21-73-40-26-56-74-58|27-52-7-8-94-99-37-13|95-59-5-61-84-18|6-85-87-97-93-96
186,12,1253.1456,154.6673,62.0,227.1331,0,12,29.257072,29.280572,True,53-16-86-38-91-100-93|72-75-23-67-25-55-24-54|40-21-73-74-56-4-26|39-22-41-15-43-14-37-92-13|28-12-76-29-34-3-77-68-80|69-31-70-30-51-81-78-79-50|33-9-35-71-65-66-20-1|88-62-11-64-63-90-32-10|27-52-19-47-49-36-46-45-17-60|5-83-82-7-18-8-84-48-89|95-98-61-85-94-57-97-96|59-99-6-2-87-44-42-58
187,12,1253.1456,154.6673,62.0,227.1331,0,12,29.257072,29.280572,True,53-16-86-38-91-100-93|72-75-23-67-25-55-24-54|40-21-73-74-56-4-26|39-22-41-15-43-14-37-92-13|28-12-76-29-34-3-77-68-80|69-31-70-30-51-81-78-79-50|33-9-35-71-65-66-20-1|88-62-11-64-63-90-32-10|27-52-19-47-49-36-46-45-17-60|5-83-82-7-18-8-84-48-89|95-98-61-85-94-57-97-96|59-99-6-2-87-44-42-58
188,14,1259.0699,282.3021,81.0,214.6269,0,14,31.034372,31.079418,True,95-93-61-84-17-45-8-46-60-89|27-99-98-85-16-44-91-96|59-42-14-38-86-100-37-92|53-2-87-97-13|72-75-41-57-15-43-58|40-21-73-74-22-23-56-4|39-67-25-55-54-26|28-12-76-77-29-79-3-68-24-80|33-35-9-81-34-78-50|69-30-51-71-65-66-20-1|31-63-90-32-10-70|88-19-47-49-64-11-62|52-7-82-36-48|5-83-18-6-94
189,14,1259.0699,282.3021,81.0,214.6269,0,14,31.034372,31.079418,True,95-93-61-84-17-45-8-46-60-89|27-99-98-85-16-44-91-96|59-42-14-38-86-100-37-92|53-2-87-97-13|72-75-41-57-15-43-58|40-21-73-74-22-23-56-4|39-67-25-55-54-26|28-12-76-77-29-79-3-68-24-80|33-35-9-81-34-78-50|69-30-51-71-65-66-20-1|31-63-90-32-10-70|88-19-47-49-64-11-62|52-7-82-36-48|5-83-18-6-94
190,12,1259.6019,175.332,88.0,225.2788,0,12,31.193979,31.224837,True,59-99-5-84-83-18-45-46-36|95-92-98-61-14-100-37-97-96-13|44-38-86-16-85-91-93-17-60|63-53-94-6-89|72-75-23-67-25-55-24-54|40-21-73-74-22-41-56-39-4|2-57-87-42-43-15-58|28-12-76-29-3-34-78-77-68-80|27-69-30-51-81-79-50-26|33-9-35-71-65-66-20-70-1|52-82-8-47-19-49-64-48|31-88-7-11-90-32-10-62
191,12,1259.6019,175.332,88.0,225.2788,0,12,31.193979,31.224837,True,59-99-5-84-83-18-45-46-36|95-92-98-61-14-100-37-97-96-13|44-38-86-16-85-91-93-17-60|63-53-94-6-89|72-75-23-67-25-55-24-54|40-21-73-74-22-41-56-39-4|2-57-87-42-43-15-58|28-12-76-29-3-34-78-77-68-80|27-69-30-51-81-79-50-26|33-9-35-71-65-66-20-70-1|52-82-8-47-19-49-64-48|31-88-7-11-90-32-10-62
192,14,1266.6938,296.3951,87.0,212.7718,0,14,33.321532,33.371301,True,52-18-83-8-60-89|95-92-98-100-14-44-91-97|15-38-16-94|72-75-23-67-25-55-24-54|2-73-74-56-39-4-26|40-21-22-41-57-43-42-58|28-12-76-77-29-34-68-80|27-70-30-51-81-78-79-3-50|33-9-35-71-65-66-20-1|69-31-62-19-11-63-90-32-10|88-82-7-47-36-49-64|53-84-45-46-48|59-5-17-86-61-93-99-96|13-87-85-37-6
193,14,1266.6938,296.3951,87.0,212.7718,0,14,33.321532,33.371301,True,52-18-83-8-60-89|95-92-98-100-14-44-91-97|15-38-16-94|72-75-23-67-25-55-24-54|2-73-74-56-39-4-26|40-21-22-41-57-43-42-58|28-12-76-77-29-34-68-80|27-70-30-51-81-78-79-3-50|33-9-35-71-65-66-20-1|69-31-62-19-11-63-90-32-10|88-82-7-47-36-49-64|53-84-45-46-48|59-5-17-86-61-93-99-96|13-87-85-37-6
194,14,1268.4792,285.2175,76.0,212.8114,0,14,33.857171,33.904705,True,52-18-83-8-60-89|95-92-98-100-14-44-86-91-97|15-38-16-94|72-75-23-67-25-55-24-54|2-73-22-56-39-4-26|40-21-74-41-57-43-42-58|28-12-76-77-29-34-68-80|27-70-30-51-81-78-79-3-50|33-9-35-71-65-66-20-1|69-31-62-19-11-63-90-32-10|88-82-7-47-36-49-64|53-84-45-46-48|59-93-61-17-5-99-96|13-87-85-37-6
195,14,1268.4792,285.2175,76.0,212.8114,0,14,33.857171,33.904705,True,52-18-83-8-60-89|95-92-98-100-14-44-86-91-97|15-38-16-94|72-75-23-67-25-55-24-54|2-73-22-56-39-4-26|40-21-74-41-57-43-42-58|28-12-76-77-29-34-68-80|27-70-30-51-81-78-79-3-50|33-9-35-71-65-66-20-1|69-31-62-19-11-63-90-32-10|88-82-7-47-36-49-64|53-84-45-46-48|59-93-61-17-5-99-96|13-87-85-37-6
196,13,1270.1312,152.1889,90.0,218.8119,0,13,34.352778,34.382854,True,5-17-84-83-18-60-6-89|95-59-98-100-14-61-99-96-97-13|44-38-86-16-85-91-37-93-92|72-21-73-74-56-39-4-26|2-40-22-41-57-15-43-42-58|28-12-76-29-34-3-77-68-80|69-31-70-30-51-81-78-79-50|33-9-35-71-65-66-20-1|52-7-82-8-45-46-36-48|75-87-94-53|47-19-63-90-27|88-62-11-49-64-10-32|23-67-25-55-24-54
197,13,1270.1312,152.1889,90.0,218.8119,0,13,34.352778,34.382854,True,5-17-84-83-18-60-6-89|95-59-98-100-14-61-99-96-97-13|44-38-86-16-85-91-37-93-92|72-21-73-74-56-39-4-26|2-40-22-41-57-15-43-42-58|28-12-76-29-34-3-77-68-80|69-31-70-30-51-81-78-79-50|33-9-35-71-65-66-20-1|52-7-82-8-45-46-36-48|75-87-94-53|47-19-63-90-27|88-62-11-49-64-10-32|23-67-25-55-24-54
198,13,1270.5727,200.3815,50.0,224.5332,0,13,34.485221,34.519516,True,2-75-23-67-25-55-24-54|72-21-73-74-56-39-4-26|15-41-22-87-94-96-6|28-12-76-29-34-3-77-68-80|70-30-51-81-78-79-50|33-9-35-71-65-66-20-1|27-69-31-88-11-63-90-32-10|83-19-47-36-49-64-62|52-7-82-18-8-46-45-48|53-98-86-43-42-13|40-95-99-85-37-97|5-17-84-61-16-57-58|59-92-100-14-38-44-91-93-60-89
199,13,1270.5727,200.3815,50.0,224.5332,0,13,34.485221,34.519516,True,2-75-23-67-25-55-24-54|72-21-73-74-56-39-4-26|15-41-22-87-94-96-6|28-12-76-29-34-3-77-68-80|70-30-51-81-78-79-50|33-9-35-71-65-66-20-1|27-69-31-88-11-63-90-32-10|83-19-47-36-49-64-62|52-7-82-18-8-46-45-48|53-98-86-43-42-13|40-95-99-85-37-97|5-17-84-61-16-57-58|59-92-100-14-38-44-91-93-60-89
200,12,1271.1783,163.9714,105.0,226.4902,0,12,34.666904,34.701413,True,95-44-61-85-98-59-99-96-97-13|72-75-23-67-25-55-24-54-4|28-12-76-29-34-3-77-68-80|69-31-70-30-51-81-78-79-50|33-9-35-71-65-66-20-1|88-62-11-64-63-90-32-10-48|27-52-19-47-49-36-46-45-17-60|83-82-8-7-18-84-37-100-92-89|5-93-94-6-53-26|21-73-2-87-57-22-41-74-56|40-16-86-38-91|39-15-43-14-42-58
201,12,1271.1783,163.9714,105.0,226.4902,0,12,34.666904,34.701413,True,95-44-61-85-98-59-99-96-97-13|72-75-23-67-25-55-24-54-4|28-12-76-29-34-3-77-68-80|69-31-70-30-51-81-78-79-50|33-9-35-71-65-66-20-1|88-62-11-64-63-90-32-10-48|27-52-19-47-49-36-46-45-17-60|83-82-8-7-18-84-37-100-92-89|5-93-94-6-53-26|21-73-2-87-57-22-41-74-56|40-16-86-38-91|39-15-43-14-42-58
202,13,1276.1073,201.2486,98.0,210.5863,0,13,36.145601,36.184394,True,95-93-61-84-17-45-8-60-89|27-5-99-98-85-16-44-91-96|59-42-14-38-86-100-37-92-13|72-75-41-2-87-57-15-43-58|83-40-21-73-74-22-23-56-4|39-67-25-55-54-26|28-12-76-77-29-79-3-68-24-80|69-30-51-71-65-66-20-1|52-82-31-63-90-32-10-70|47-19-7-18-50|33-81-9-35-34-78|53-94-97-6|88-62-11-64-49-36-46-48
203,13,1276.1073,201.2486,98.0,210.5863,0,13,36.145601,36.184394,True,95-93-61-84-17-45-8-60-89|27-5-99-98-85-16-44-91-96|59-42-14-38-86-100-37-92-13|72-75-41-2-87-57-15-43-58|83-40-21-73-74-22-23-56-4|39-67-25-55-54-26|28-12-76-77-29-79-3-68-24-80|69-30-51-71-65-66-20-1|52-82-31-63-90-32-10-70|47-19-7-18-50|33-81-9-35-34-78|53-94-97-6|88-62-11-64-49-36-46-48
204,12,1279.4773,151.6674,114.0,227.8979,0,12,37.156579,37.192843,True,83-5-61-16-86-38-14-37-92|95-59-99-93-85-98-100-44-91-96-17|72-75-23-56-39-25-55-54-24-80|2-21-73-22-41-57-15-43-42-13-58|33-9-35-71-65-66-20-1|27-69-31-70-30-90-63-32-10-62|28-76-12-29-81-79-3-50-77-68|11-19-64-49-36-46-45-48|40-94-87-97-74|47-7-88-51-34-78|67-4-26-53|52-82-8-18-84-60-6-89
205,12,1279.4773,151.6674,114.0,227.8979,0,12,37.156579,37.192843,True,83-5-61-16-86-38-14-37-92|95-59-99-93-85-98-100-44-91-96-17|72-75-23-56-39-25-55-54-24-80|2-21-73-22-41-57-15-43-42-13-58|33-9-35-71-65-66-20-1|27-69-31-70-30-90-63-32-10-62|28-76-12-29-81-79-3-50-77-68|11-19-64-49-36-46-45-48|40-94-87-97-74|47-7-88-51-34-78|67-4-26-53|52-82-8-18-84-60-6-89
206,12,1279.6273,101.4465,120.0,221.6401,0,12,37.201599,37.230036,True,95-100-16-85-93-99-37-91-97-92-13|72-75-23-67-25-55-24-54-4|39-74-22-41-57-43-42-58|28-12-76-29-34-3-77-68-80|69-31-70-30-51-81-78-79-50|33-9-35-71-65-66-20-1|88-62-11-64-63-90-32-10-48|27-52-19-47-49-36-46-45-60-89|5-83-82-7-18-94-96-6|59-44-14-87-86-38-17|2-15-98-61-84-8|40-21-73-56-53-26
207,12,1279.6273,101.4465,120.0,221.6401,0,12,37.201599,37.230036,True,95-100-16-85-93-99-37-91-97-92-13|72-75-23-67-25-55-24-54-4|39-74-22-41-57-43-42-58|28-12-76-29-34-3-77-68-80|69-31-70-30-51-81-78-79-50|33-9-35-71-65-66-20-1|88-62-11-64-63-90-32-10-48|27-52-19-47-49-36-46-45-60-89|5-83-82-7-18-94-96-6|59-44-14-87-86-38-17|2-15-98-61-84-8|40-21-73-56-53-26
208,12,1285.0447,113.2405,99.0,225.2435,0,12,38.826799,38.857071,True,95-92-98-85-61-16-100-37-97-13|72-23-67-25-55-54-26-56|2-75-22-41-57-15-43-42-58|28-12-76-29-34-3-77-68-24-80|69-31-70-30-51-81-78-79-50-4|33-9-35-71-65-66-20-1|88-62-11-64-63-90-32-10-48|27-52-19-47-49-36-46-45-60-89|5-83-82-7-18-94-96-6|99-59-14-44-86-38-91|93-87-84-8-17|39-21-74-73-40-53
209,12,1285.0447,113.2405,99.0,225.2435,0,12,38.826799,38.857071,True,95-92-98-85-61-16-100-37-97-13|72-23-67-25-55-54-26-56|2-75-22-41-57-15-43-42-58|28-12-76-29-34-3-77-68-24-80|69-31-70-30-51-81-78-79-50-4|33-9-35-71-65-66-20-1|88-62-11-64-63-90-32-10-48|27-52-19-47-49-36-46-45-60-89|5-83-82-7-18-94-96-6|99-59-14-44-86-38-91|93-87-84-8-17|39-21-74-73-40-53
210,13,1285.279,152.0333,94.0,219.0267,0,13,38.897105,38.932133,True,5-98-17-84-18-89|95-59-92-100-14-61-99-96-97-13|44-38-86-16-85-91-37-93-60|67-53-94-6|41-23-39-4-25-55-24-68|21-72-73-2-87-57-15-43-42-58|28-12-76-29-34-3-77-54-80|31-70-30-51-81-78-79-50|33-9-35-71-65-66-20-1|27-69-88-19-11-63-90-32-10|83-45-47-36-49-64-62|52-7-82-8-46-48|40-56-75-22-74-26
211,12,1286.2209,87.3834,142.0,226.8387,0,12,39.179683,39.210968,True,95-92-98-100-16-61-85-93-99-97-37-13|72-75-23-67-25-55-24-54|59-40-21-73-74-56-4-26|2-39-22-41-57-15-43-42-58|28-76-12-80-29-68-3-50|69-31-70-30-51-81-79-34-78-77|33-9-35-71-65-66-20-1|88-62-11-64-63-90-32-10|27-82-47-19-49-36-46-48-60-89|5-44-14-87-94-96-84-17-91|52-18-7-8-6-45|83-38-86-53
212,12,1286.2209,87.3834,142.0,226.8387,0,12,39.179683,39.210968,True,95-92-98-100-16-61-85-93-99-97-37-13|72-75-23-67-25-55-24-54|59-40-21-73-74-56-4-26|2-39-22-41-57-15-43-42-58|28-76-12-80-29-68-3-50|69-31-70-30-51-81-79-34-78-77|33-9-35-71-65-66-20-1|88-62-11-64-63-90-32-10|27-82-47-19-49-36-46-48-60-89|5-44-14-87-94-96-84-17-91|52-18-7-8-6-45|83-38-86-53
213,12,1286.4834,122.4471,99.0,223.0224,0,12,39.258428,39.29018,True,95-92-98-44-61-85-93-99-97-37-13|59-14-38-86-16-91-43-89|2-72-75-23-67-39-54-55-25|40-21-73-74-56-4-26|5-100-87-22-41-15-42-58|28-12-76-29-78-3-77-68-24-80|69-70-30-51-81-34-79-50|33-9-35-71-65-66-20-1|88-62-11-64-63-90-32-10|31-53-57-94-96-6|27-52-82-7-19-49-46-36-48|47-83-18-8-45-84-17-60
214,12,1286.4834,122.4471,99.0,223.0224,0,12,39.258428,39.29018,True,95-92-98-44-61-85-93-99-97-37-13|59-14-38-86-16-91-43-89|2-72-75-23-67-39-54-55-25|40-21-73-74-56-4-26|5-100-87-22-41-15-42-58|28-12-76-29-78-3-77-68-24-80|69-70-30-51-81-34-79-50|33-9-35-71-65-66-20-1|88-62-11-64-63-90-32-10|31-53-57-94-96-6|27-52-82-7-19-49-46-36-48|47-83-18-8-45-84-17-60
215,14,1286.8383,279.0605,111.0,208.5065,0,14,39.364896,39.419868,True,98-17-84-18-89|95-59-92-100-14-61-99-96-97-13|44-38-86-16-85-91-93-60|53-94-87-37-6|41-23-39-25-55-54-24-68|21-72-73-2-57-15-43-42-58|28-12-76-29-34-3-77-80|31-70-30-51-81-78-79-50|33-9-35-71-65-66-20-1|27-69-88-19-11-63-90-32-10|5-83-47-36-49-64-62|52-7-82-8-45-46-48|40-56-75-22-74-26|4-67
216,14,1286.8383,279.0605,111.0,208.5065,0,14,39.364896,39.419868,True,98-17-84-18-89|95-59-92-100-14-61-99-96-97-13|44-38-86-16-85-91-93-60|53-94-87-37-6|41-23-39-25-55-54-24-68|21-72-73-2-57-15-43-42-58|28-12-76-29-34-3-77-80|31-70-30-51-81-78-79-50|33-9-35-71-65-66-20-1|27-69-88-19-11-63-90-32-10|5-83-47-36-49-64-62|52-7-82-8-45-46-48|40-56-75-22-74-26|4-67
217,12,1287.6724,95.0682,155.0,222.2485,0,12,39.615128,39.648613,True,95-92-98-100-16-61-85-93-99-97-37-91-13|72-75-23-67-25-55-24-54-4|2-39-22-41-57-15-43-42-58|28-12-76-29-34-3-77-68-80|69-31-70-30-51-81-78-79-50|33-9-35-71-65-66-20-1|88-62-11-64-63-90-32-10-48|27-52-19-47-49-36-46-45-60-89|5-83-82-7-18-94-96-6|59-44-14-87-86-38-17|8-84-40-26|21-53-73-74-56
218,14,1287.8431,361.9075,55.0,221.0795,0,14,39.666338,39.730325,True,5-17-84-83-18-46-45-60-89|95-92-98-14-38-44-91-97-13|94-85-6|72-75-23-67-25-55-24-54|21-73-74-56-39-4-26|40-22-41-57-15-43-42-58|12-29-34-78-3-77-68-80|28-35-51-81-33-79-50-1|76-9-71-65-66-20-32-70|31-63-19-47-36-49-64|52-7-82-8-48-11|100-16-86-61-93-99-96|53-2-87-59-37|88-62-30-90-10-69-27
219,14,1287.8431,361.9075,55.0,221.0795,0,14,39.666338,39.730325,True,5-17-84-83-18-46-45-60-89|95-92-98-14-38-44-91-97-13|94-85-6|72-75-23-67-25-55-24-54|21-73-74-56-39-4-26|40-22-41-57-15-43-42-58|12-29-34-78-3-77-68-80|28-35-51-81-33-79-50-1|76-9-71-65-66-20-32-70|31-63-19-47-36-49-64|52-7-82-8-48-11|100-16-86-61-93-99-96|53-2-87-59-37|88-62-30-90-10-69-27
220,13,1290.4524,150.1173,67.0,222.3824,0,13,40.449117,40.483213,True,95-92-98-100-14-61-99-96-97-37-91-13|72-75-23-67-25-55-24-54|40-21-73-74-56-4-26|2-39-22-41-57-15-43-42-58|28-12-76-29-34-3-77-68-80|27-69-70-30-51-81-78-79-50|33-9-35-71-65-66-20-1|62-63-64-49-36-46-45-60-89|31-88-7-11-90-32-10|52-82-83-16-17-84-93|47-19-18-5-8-48|6-59-85-87-53|44-38-86-94
221,13,1290.4524,150.1173,67.0,222.3824,0,13,40.449117,40.483213,True,95-92-98-100-14-61-99-96-97-37-91-13|72-75-23-67-25-55-24-54|40-21-73-74-56-4-26|2-39-22-41-57-15-43-42-58|28-12-76-29-34-3-77-68-80|27-69-70-30-51-81-78-79-50|33-9-35-71-65-66-20-1|62-63-64-49-36-46-45-60-89|31-88-7-11-90-32-10|52-82-83-16-17-84-93|47-19-18-5-8-48|6-59-85-87-53|44-38-86-94
222,14,1290.5059,329.8843,70.0,211.0662,0,14,40.465188,40.525168,True,94-38-43-13|72-23-67-25-55-24-54|40-21-73-74-56-4-26|39-75-22-41-15-57-58|28-12-29-34-78-3-77-68-80|27-70-30-51-81-76-79-50|33-9-35-71-65-66-20-1|88-62-11-64-63-90-32-10|69-31-19-49-47-46-45|52-7-82-18-8-36-48|99-98-100-93-5-17-84-60-89|53-2-87-42-91-37-92|95-59-44-14-97|83-61-86-16-85-96-6
223,14,1290.5059,329.8843,70.0,211.0662,0,14,40.465188,40.525168,True,94-38-43-13|72-23-67-25-55-24-54|40-21-73-74-56-4-26|39-75-22-41-15-57-58|28-12-29-34-78-3-77-68-80|27-70-30-51-81-76-79-50|33-9-35-71-65-66-20-1|88-62-11-64-63-90-32-10|69-31-19-49-47-46-45|52-7-82-18-8-36-48|99-98-100-93-5-17-84-60-89|53-2-87-42-91-37-92|95-59-44-14-97|83-61-86-16-85-96-6
224,13,1291.2796,143.9266,77.0,220.9256,0,13,40.697281,40.731479,True,95-92-98-16-85-93-99-37-97-6|72-75-23-67-25-55-24-54|40-21-73-74-56-4-26|2-39-22-41-57-15-43-42-58|28-76-12-80-29-68-3-50|69-31-70-30-51-81-79-34-78-77|33-9-35-71-65-66-20-1|88-62-11-64-63-90-32-10|27-52-82-19-49-36-46-48-89|5-44-14-87-94-84-17-91-100|47-7-18-8-45-60|83-38-86-53|13-61-59-96
225,13,1291.2796,143.9266,77.0,220.9256,0,13,40.697281,40.731479,True,95-92-98-16-85-93-99-37-97-6|72-75-23-67-25-55-24-54|40-21-73-74-56-4-26|2-39-22-41-57-15-43-42-58|28-76-12-80-29-68-3-50|69-31-70-30-51-81-79-34-78-77|33-9-35-71-65-66-20-1|88-62-11-64-63-90-32-10|27-52-82-19-49-36-46-48-89|5-44-14-87-94-84-17-91-100|47-7-18-8-45-60|83-38-86-53|13-61-59-96
226,12,1292.7841,86.0203,114.0,223.0005,0,12,41.148623,41.178297,True,92-98-100-61-85-93-99-53-26-13|72-75-23-67-25-55-24-54|59-95-2-40-21-73-74-56-4|39-22-41-57-15-43-42-58|28-76-12-80-29-68-3-50|69-31-70-30-51-81-79-34-78-77|33-9-35-71-65-66-20-1|27-88-11-64-63-90-32-10|62-19-47-49-36-46-48-60-89|5-44-14-87-94-96-84-17-91|52-7-82-18-8-6|83-16-86-38-37-97-45
227,12,1292.7841,86.0203,114.0,223.0005,0,12,41.148623,41.178297,True,92-98-100-61-85-93-99-53-26-13|72-75-23-67-25-55-24-54|59-95-2-40-21-73-74-56-4|39-22-41-57-15-43-42-58|28-76-12-80-29-68-3-50|69-31-70-30-51-81-79-34-78-77|33-9-35-71-65-66-20-1|27-88-11-64-63-90-32-10|62-19-47-49-36-46-48-60-89|5-44-14-87-94-96-84-17-91|52-7-82-18-8-6|83-16-86-38-37-97-45
228,12,1293.0224,103.2543,105.0,229.1094,0,12,41.220127,41.252474,True,95-92-100-98-59-18-53|44-38-86-16-85-91-37-93-17|47-6-94-57-15-43-42-13-58|28-12-76-29-34-3-77-68-80-4|27-69-70-30-51-81-78-79-50|33-9-35-71-65-66-20-1|62-63-64-49-36-46-45-60-89|31-88-19-11-90-32-10-48|52-82-7-83-8-84|40-21-73-72-26-54-39-56|2-41-22-74-75-23-67-25-55-24|5-99-61-14-87-97-96
229,12,1293.0224,103.2543,105.0,229.1094,0,12,41.220127,41.252474,True,95-92-100-98-59-18-53|44-38-86-16-85-91-37-93-17|47-6-94-57-15-43-42-13-58|28-12-76-29-34-3-77-68-80-4|27-69-70-30-51-81-78-79-50|33-9-35-71-65-66-20-1|62-63-64-49-36-46-45-60-89|31-88-19-11-90-32-10-48|52-82-7-83-8-84|40-21-73-72-26-54-39-56|2-41-22-74-75-23-67-25-55-24|5-99-61-14-87-97-96
230,12,1293.9752,61.9992,140.0,225.4271,0,12,41.505975,41.535368,True,95-92-98-100-16-61-85-93-99-97-91-13|72-75-23-67-25-55-24-54|59-40-21-73-74-56-4-26|2-39-22-41-57-15-43-42-58|28-76-12-80-29-68-3-50|69-31-70-30-51-81-79-34-78-77|33-9-35-71-65-66-20-1|88-62-11-64-63-90-32-10-48|27-82-47-19-49-36-46-45-60-89|5-44-14-87-94-84-37-17|52-8-7-18-96-6|83-38-86-53
231,12,1293.9752,61.9992,140.0,225.4271,0,12,41.505975,41.535368,True,95-92-98-100-16-61-85-93-99-97-91-13|72-75-23-67-25-55-24-54|59-40-21-73-74-56-4-26|2-39-22-41-57-15-43-42-58|28-76-12-80-29-68-3-50|69-31-70-30-51-81-79-34-78-77|33-9-35-71-65-66-20-1|88-62-11-64-63-90-32-10-48|27-82-47-19-49-36-46-45-60-89|5-44-14-87-94-84-37-17|52-8-7-18-96-6|83-38-86-53
232,14,1294.4071,185.9929,114.0,203.7075,0,14,41.635546,41.678409,True,95-92-85-61-16-100-37-97-13|72-75-23-67-25-55-24-54|2-40-21-73-74-56-4-26|28-12-76-29-34-3-77-68-80|69-31-70-30-51-81-78-79-50|33-9-35-71-65-66-20-1|88-62-11-64-63-90-32-10|27-19-47-49-36-60-89|52-7-82-8-45-46-48|59-5-83-18-94-96-6|98-44-38-87|14-57-53|39-22-41-15-43-42-58|99-93-84-17-86-91
233,14,1294.4071,185.9929,114.0,203.7075,0,14,41.635546,41.678409,True,95-92-85-61-16-100-37-97-13|72-75-23-67-25-55-24-54|2-40-21-73-74-56-4-26|28-12-76-29-34-3-77-68-80|69-31-70-30-51-81-78-79-50|33-9-35-71-65-66-20-1|88-62-11-64-63-90-32-10|27-19-47-49-36-60-89|52-7-82-8-45-46-48|59-5-83-18-94-96-6|98-44-38-87|14-57-53|39-22-41-15-43-42-58|99-93-84-17-86-91
234,13,1296.7618,118.4633,117.0,217.5711,0,13,42.341952,42.377472,True,95-92-98-100-85-93-99-59-91-97|72-75-23-67-25-55-24-54|40-21-73-74-56-4-26|2-39-22-41-57-15-43-42-58|28-12-76-29-34-3-77-68-80|69-31-70-30-51-81-78-79-50|33-9-35-71-65-66-20-1|27-88-11-64-63-90-32-10-48|82-47-19-49-36-46-45-60-89|5-16-44-87-94-37-17|52-83-84-61-86-96-6|62-8-7-18|38-14-13-53
235,13,1296.7618,118.4633,117.0,217.5711,0,13,42.341952,42.377472,True,95-92-98-100-85-93-99-59-91-97|72-75-23-67-25-55-24-54|40-21-73-74-56-4-26|2-39-22-41-57-15-43-42-58|28-12-76-29-34-3-77-68-80|69-31-70-30-51-81-78-79-50|33-9-35-71-65-66-20-1|27-88-11-64-63-90-32-10-48|82-47-19-49-36-46-45-60-89|5-16-44-87-94-37-17|52-83-84-61-86-96-6|62-8-7-18|38-14-13-53
236,12,1296.8185,108.8017,111.0,228.6731,0,12,42.358959,42.393811,True,52-82-8-45-17-84-60-89|83-5-61-16-86-38-14-37-92|95-59-99-93-85-98-100-44-91|72-75-23-56-39-25-55-54-24-80|2-21-73-22-41-57-15-43-42-13|33-9-35-71-65-66-20-1|27-69-31-70-30-90-63-32-10-62|40-6-94-87-53-26|11-19-64-49-36-46-48|28-76-12-29-81-79-3-50-77-68|88-47-7-18-96-97-74-58|67-51-34-78-4
237,12,1296.8185,108.8017,111.0,228.6731,0,12,42.358959,42.393811,True,52-82-8-45-17-84-60-89|83-5-61-16-86-38-14-37-92|95-59-99-93-85-98-100-44-91|72-75-23-56-39-25-55-54-24-80|2-21-73-22-41-57-15-43-42-13|33-9-35-71-65-66-20-1|27-69-31-70-30-90-63-32-10-62|40-6-94-87-53-26|11-19-64-49-36-46-48|28-76-12-29-81-79-3-50-77-68|88-47-7-18-96-97-74-58|67-51-34-78-4
238,13,1297.2177,120.825,87.0,219.724,0,13,42.478708,42.512042,True,59-5-17-84-83-18-53|95-92-98-14-61-99-96-37-97-13-58|44-38-86-16-85-91-43-93|40-57-87-94-6|2-21-73-72-75-25-24-54|28-12-76-29-34-3-77-68-80|27-69-70-30-51-81-78-79-50|33-9-35-71-65-66-20-1|62-63-64-49-36-46-45-60-89|52-82-8-47-19-48|31-88-7-11-90-32-10|15-22-23-67-26|100-42-41-74-56-39-55-4
239,13,1297.2177,120.825,87.0,219.724,0,13,42.478708,42.512042,True,59-5-17-84-83-18-53|95-92-98-14-61-99-96-37-97-13-58|44-38-86-16-85-91-43-93|40-57-87-94-6|2-21-73-72-75-25-24-54|28-12-76-29-34-3-77-68-80|27-69-70-30-51-81-78-79-50|33-9-35-71-65-66-20-1|62-63-64-49-36-46-45-60-89|52-82-8-47-19-48|31-88-7-11-90-32-10|15-22-23-67-26|100-42-41-74-56-39-55-4
240,12,1300.3917,111.7075,99.0,229.1648,0,12,43.430925,43.466159,True,95-92-98-99-93-61-85-100-37-97-13|59-14-38-86-16-44-91-96|72-75-23-67-25-55-24-54-4|2-39-22-41-57-15-43-42-58|28-12-76-29-34-3-77-68-80|69-31-70-30-51-81-78-79-50|33-9-35-71-65-66-20-1|88-62-11-64-63-90-32-10|52-82-7-83-45-8-46-48|27-47-18-19-49-36-17|5-21-73-87-26-56-74|53-40-94-6-84-60-89
241,12,1300.3917,111.7075,99.0,229.1648,0,12,43.430925,43.466159,True,95-92-98-99-93-61-85-100-37-97-13|59-14-38-86-16-44-91-96|72-75-23-67-25-55-24-54-4|2-39-22-41-57-15-43-42-58|28-12-76-29-34-3-77-68-80|69-31-70-30-51-81-78-79-50|33-9-35-71-65-66-20-1|88-62-11-64-63-90-32-10|52-82-7-83-45-8-46-48|27-47-18-19-49-36-17|5-21-73-87-26-56-74|53-40-94-6-84-60-89
242,14,1301.4954,236.5564,87.0,209.3108,0,14,43.762011,43.812725,True,99-93-84-17-45-8-46-60-89|98-100-85-61-16-91-96|95-59-42-14-38-86-44-37-92|21-72-22-41-57-15-43-13|40-73-74-75-23-56-4|28-12-76-77-29-79-3-68-24-80|33-35-9-81-34-78-50|69-70-30-51-71-65-66-20-1|83-82-47-36-49-64-11-62|63-18-5-94-6-97|52-7-10-90-32-48|39-67-25-55-54-26|2-87-58-53|27-31-88-19
243,14,1301.4954,236.5564,87.0,209.3108,0,14,43.762011,43.812725,True,99-93-84-17-45-8-46-60-89|98-100-85-61-16-91-96|95-59-42-14-38-86-44-37-92|21-72-22-41-57-15-43-13|40-73-74-75-23-56-4|28-12-76-77-29-79-3-68-24-80|33-35-9-81-34-78-50|69-70-30-51-71-65-66-20-1|83-82-47-36-49-64-11-62|63-18-5-94-6-97|52-7-10-90-32-48|39-67-25-55-54-26|2-87-58-53|27-31-88-19
244,13,1302.8892,273.1999,56.0,221.7386,0,13,44.180169,44.235262,True,95-5-16-86-17-45-8-60-89|99-61-85-98-59-94-96-6|100-42-14-38-43-91-37-92-93|53-2-87-57-97-13|12-21-72-75-22-41-15-58|40-73-74-56-23-67-4|28-29-25-39-55-54-26|69-70-30-90-63-10-32-20-1|27-31-88-19-49-64-11-62|52-7-82-47-36-46-48|44-84-83-18-50-33-68|76-79-78-81-34-3-77-24-80|51-9-71-35-65-66
245,13,1302.8892,273.1999,56.0,221.7386,0,13,44.180169,44.235262,True,95-5-16-86-17-45-8-60-89|99-61-85-98-59-94-96-6|100-42-14-38-43-91-37-92-93|53-2-87-57-97-13|12-21-72-75-22-41-15-58|40-73-74-56-23-67-4|28-29-25-39-55-54-26|69-70-30-90-63-10-32-20-1|27-31-88-19-49-64-11-62|52-7-82-47-36-46-48|44-84-83-18-50-33-68|76-79-78-81-34-3-77-24-80|51-9-71-35-65-66
246,13,1307.5693,102.1915,105.0,229.0851,0,13,45.584201,45.621049,True,6-85-87-13-53|2-72-75-23-67-25-55-54-24-68|95-21-73-74-56-39-4-26|92-40-22-41-43-42-100-91|28-76-12-80-29-79-3-77|69-70-30-51-81-34-78-50|33-9-35-71-65-66-20-1|27-31-88-62-19-63-90-32-10|83-82-47-36-49-64-11-60-89|5-52-7-18-8-48-46-45-17|59-98-93-84-86-37-97-96|14-38-44-94|99-61-16-15-57-58
247,13,1307.5693,102.1915,105.0,229.0851,0,13,45.584201,45.621049,True,6-85-87-13-53|2-72-75-23-67-25-55-54-24-68|95-21-73-74-56-39-4-26|92-40-22-41-43-42-100-91|28-76-12-80-29-79-3-77|69-70-30-51-81-34-78-50|33-9-35-71-65-66-20-1|27-31-88-62-19-63-90-32-10|83-82-47-36-49-64-11-60-89|5-52-7-18-8-48-46-45-17|59-98-93-84-86-37-97-96|14-38-44-94|99-61-16-15-57-58
248,14,1309.298,233.1936,87.0,209.3108,0,14,46.102816,46.155367,True,95-93-84-17-45-8-46-60-89|99-98-85-61-16-91-96|59-42-14-38-86-44-100-37-92|72-75-41-57-15-43-97-13|40-21-73-74-22-23-56-4|28-12-76-77-29-79-3-68-24-80|33-35-9-81-34-78-50|69-70-30-51-71-65-66-20-1|83-82-47-36-49-11-62|63-18-5-94-6|52-7-10-90-32-48|39-67-25-55-54-26|53-2-87-58|27-31-64-19-88
249,14,1309.298,233.1936,87.0,209.3108,0,14,46.102816,46.155367,True,95-93-84-17-45-8-46-60-89|99-98-85-61-16-91-96|59-42-14-38-86-44-100-37-92|72-75-41-57-15-43-97-13|40-21-73-74-22-23-56-4|28-12-76-77-29-79-3-68-24-80|33-35-9-81-34-78-50|69-70-30-51-71-65-66-20-1|83-82-47-36-49-11-62|63-18-5-94-6|52-7-10-90-32-48|39-67-25-55-54-26|53-2-87-58|27-31-64-19-88
250,14,1311.2632,263.752,68.0,214.6269,0,14,46.692361,46.748982,True,95-93-61-84-17-45-8-46-60-89|27-83-99-98-85-16-44-91-96|59-42-14-38-86-100-37-92|72-75-41-57-15-43-97|40-21-73-74-22-23-56-4|28-12-76-77-29-3-68-24-80|33-9-81-34-78-50|69-70-30-51-20-32-10-1|88-19-47-36-49-64-62|18-5-94-6|31-82-7-90-63-11-48|39-67-25-55-54-26|52-2-87-13-58-53|79-35-71-65-66
251,14,1311.2632,263.752,68.0,214.6269,0,14,46.692361,46.748982,True,95-93-61-84-17-45-8-46-60-89|27-83-99-98-85-16-44-91-96|59-42-14-38-86-100-37-92|72-75-41-57-15-43-97|40-21-73-74-22-23-56-4|28-12-76-77-29-3-68-24-80|33-9-81-34-78-50|69-70-30-51-20-32-10-1|88-19-47-36-49-64-62|18-5-94-6|31-82-7-90-63-11-48|39-67-25-55-54-26|52-2-87-13-58-53|79-35-71-65-66
252,13,1312.1511,113.1097,73.0,229.0851,0,13,46.958737,46.995397,True,6-85-87-13-53|2-75-23-67-25-55-54-24-68|95-21-73-72-56-39-4-26|92-40-74-22-41-15-43-100-91|28-76-12-80-29-3-34-77|69-70-30-51-81-78-79-50|33-9-35-71-65-66-20-1|27-31-88-62-19-63-90-32-10|83-82-47-36-49-64-11-60-89|5-52-7-18-8-48-46-45-17|98-93-84-86-37-97-96|14-38-44-59-94|99-61-16-42-57-58
253,13,1312.1511,113.1097,73.0,229.0851,0,13,46.958737,46.995397,True,6-85-87-13-53|2-75-23-67-25-55-54-24-68|95-21-73-72-56-39-4-26|92-40-74-22-41-15-43-100-91|28-76-12-80-29-3-34-77|69-70-30-51-81-78-79-50|33-9-35-71-65-66-20-1|27-31-88-62-19-63-90-32-10|83-82-47-36-49-64-11-60-89|5-52-7-18-8-48-46-45-17|98-93-84-86-37-97-96|14-38-44-59-94|99-61-16-42-57-58
254,14,1317.0437,223.1533,83.0,214.6269,0,14,48.426524,48.48029,True,95-93-61-84-17-45-8-46-60-89|27-99-98-85-16-44-91-96|59-42-14-38-86-100-37-92|40-41-87-57-97-13|21-75-4-56-22-15-43-58|72-23-67-25-55-54-26|28-12-76-77-29-79-3-68-24-80|33-35-9-81-34-78-50|69-30-51-71-65-66-20-1|31-63-90-32-10-70|88-19-47-49-64-11-62|52-7-82-36-48|5-83-18-6-94|2-39-74-73-53
255,13,1318.3903,165.426,84.0,214.6269,0,13,48.830488,48.875798,True,95-93-61-84-17-45-8-46-60-89|27-52-99-85-16-86-91-96|83-5-59-98-100-44-14-42-37-92|72-75-41-57-15-43-97-58|40-21-73-74-22-23-56-4|28-12-76-77-29-79-3-68-24-80|33-35-9-81-34-78-50|69-70-30-51-71-65-66-20-1|88-19-36-49-64-11-62|63-82-18-94-6|31-47-7-10-90-32-48|39-67-25-55-54-26|53-2-87-38-13
256,13,1318.3903,165.426,84.0,214.6269,0,13,48.830488,48.875798,True,95-93-61-84-17-45-8-46-60-89|27-52-99-85-16-86-91-96|83-5-59-98-100-44-14-42-37-92|72-75-41-57-15-43-97-58|40-21-73-74-22-23-56-4|28-12-76-77-29-79-3-68-24-80|33-35-9-81-34-78-50|69-70-30-51-71-65-66-20-1|88-19-36-49-64-11-62|63-82-18-94-6|31-47-7-10-90-32-48|39-67-25-55-54-26|53-2-87-38-13
257,12,1318.6429,110.7018,75.0,224.8795,0,12,48.906273,48.943789,True,95-14-38-86-16-44-91-96-13|72-75-23-67-25-55-24-54|2-39-22-41-57-15-43-42-58|28-12-76-29-34-3-77-68-80|69-31-70-30-51-81-78-79-50|33-9-35-71-65-66-20-1|88-62-11-64-63-90-32-10|27-19-47-49-36-46-45-60-89|59-98-100-61-94-53-40-74-56-4|99-5-84-17-8-6-37-92-93|21-73-87-85-26|52-82-83-18-7-97-48
258,12,1318.6429,110.7018,75.0,224.8795,0,12,48.906273,48.943789,True,95-14-38-86-16-44-91-96-13|72-75-23-67-25-55-24-54|2-39-22-41-57-15-43-42-58|28-12-76-29-34-3-77-68-80|69-31-70-30-51-81-78-79-50|33-9-35-71-65-66-20-1|88-62-11-64-63-90-32-10|27-19-47-49-36-46-45-60-89|59-98-100-61-94-53-40-74-56-4|99-5-84-17-8-6-37-92-93|21-73-87-85-26|52-82-83-18-7-97-48
259,13,1320.1436,135.9057,81.0,220.4787,0,13,49.356472,49.398459,True,95-59-99-8-18-94-96-6-89|83-5-93-98-61-16-86-84-17-91|42-14-38-44-85-100-37-92|72-75-41-57-15-43-97-13-58|40-21-73-74-22-23-56-4|28-12-76-77-29-78-3-68-24-80|33-35-9-81-34-79-50|69-70-30-51-71-65-66-20-1|52-82-7-63-48-46-45-60|47-19-64-90-32-10|53-2-87-54|27-31-88-62-11-49-36|39-67-25-55-26
260,13,1320.4804,158.1621,84.0,214.6269,0,13,49.457513,49.502362,True,95-93-61-84-17-45-8-46-60-89|27-52-99-98-85-16-86-91-96|83-5-59-42-14-44-100-37-92|72-75-41-57-15-43-97-58|40-21-73-74-22-23-56-4|28-12-76-77-29-79-3-68-24-80|33-35-9-81-34-78-50|69-70-30-51-71-65-66-20-1|88-19-36-49-64-11-62|63-82-18-94-6|31-47-7-10-90-32-48|39-67-25-55-54-26|53-2-87-38-13
261,16,1328.6143,479.3353,72.0,203.7075,0,16,51.897689,51.991215,True,18-83-45-8-89|100-44-16-86-38-14-42-92|95-85-91-96|23-67-25-55-54-24-68|21-74-56-4-26|13-87-43-15-41-58|28-12-80-29-79-3-77|76-51-81-34-78-50|33-9-35-71-65-66-20-1|27-69-70-30-90-63-32-10|31-88-19-49-64-11-62|52-7-82-47-36-46-48|94-97-37-93-60|39-75-22-57|59-98-2-73-72-40-53|5-17-84-61-99-6
262,16,1328.6143,479.3353,72.0,203.7075,0,16,51.897689,51.991215,True,18-83-45-8-89|100-44-16-86-38-14-42-92|95-85-91-96|23-67-25-55-54-24-68|21-74-56-4-26|13-87-43-15-41-58|28-12-80-29-79-3-77|76-51-81-34-78-50|33-9-35-71-65-66-20-1|27-69-70-30-90-63-32-10|31-88-19-49-64-11-62|52-7-82-47-36-46-48|94-97-37-93-60|39-75-22-57|59-98-2-73-72-40-53|5-17-84-61-99-6
263,13,1331.9821,114.9025,129.0,217.7453,0,13,52.908048,52.954826,True,95-92-98-100-85-61-93-99-37-97-13|72-75-23-67-25-55-24-54|2-40-21-73-74-56-4-26|28-12-76-29-34-3-77-68-80|69-31-70-30-51-81-78-79-50|33-9-35-71-65-66-20-1|88-62-11-64-63-90-32-10|27-83-47-19-49-36-45-60-89|52-7-82-8-46-48|59-16-5-18-94-96-6|38-87-86-44-91-17|14-84-57-53|39-22-41-15-43-42-58
264,13,1331.9821,114.9025,129.0,217.7453,0,13,52.908048,52.954826,True,95-92-98-100-85-61-93-99-37-97-13|72-75-23-67-25-55-24-54|2-40-21-73-74-56-4-26|28-12-76-29-34-3-77-68-80|69-31-70-30-51-81-78-79-50|33-9-35-71-65-66-20-1|88-62-11-64-63-90-32-10|27-83-47-19-49-36-45-60-89|52-7-82-8-46-48|59-16-5-18-94-96-6|38-87-86-44-91-17|14-84-57-53|39-22-41-15-43-42-58
265,13,1333.5041,155.1108,91.0,218.1048,0,13,53.364629,53.414148,True,95-98-93-61-86-17-45-46-60-89|52-83-84-85-16-44-91-96|5-99-59-42-14-38-100-37-92|72-75-41-57-15-43-97-58|53-21-73-74-22-23-56-4|28-12-76-77-29-79-3-68-24-80|33-35-9-81-34-78-50|69-70-30-51-71-65-66-20-1|88-47-36-49-64-11-62|63-8-18-94-6|27-31-82-7-19-90-32-48|39-67-25-55-54-26|40-2-87-13-10
266,13,1333.5041,155.1108,91.0,218.1048,0,13,53.364629,53.414148,True,95-98-93-61-86-17-45-46-60-89|52-83-84-85-16-44-91-96|5-99-59-42-14-38-100-37-92|72-75-41-57-15-43-97-58|53-21-73-74-22-23-56-4|28-12-76-77-29-79-3-68-24-80|33-35-9-81-34-78-50|69-70-30-51-71-65-66-20-1|88-47-36-49-64-11-62|63-8-18-94-6|27-31-82-7-19-90-32-48|39-67-25-55-54-26|40-2-87-13-10
267,14,1337.6708,213.2136,88.0,207.1736,0,14,54.614639,54.672484,True,5-17-84-83-18-60-89|95-92-98-61-38-44-91-97-13|2-75-23-67-25-55-24-54|72-21-73-74-56-39-4-26|28-12-76-29-34-3-77-68-80|70-30-51-81-78-79-50|33-9-35-71-65-66-20-1|27-69-31-88-11-63-90-32-10|52-7-82-8-45-46-48|47-19-16-99-96-6|59-93-85-87-40-58|15-14-86-94-100-37|62-64-49-36|53-22-41-57-43-42
268,14,1337.6708,213.2136,88.0,207.1736,0,14,54.614639,54.672484,True,5-17-84-83-18-60-89|95-92-98-61-38-44-91-97-13|2-75-23-67-25-55-24-54|72-21-73-74-56-39-4-26|28-12-76-29-34-3-77-68-80|70-30-51-81-78-79-50|33-9-35-71-65-66-20-1|27-69-31-88-11-63-90-32-10|52-7-82-8-45-46-48|47-19-16-99-96-6|59-93-85-87-40-58|15-14-86-94-100-37|62-64-49-36|53-22-41-57-43-42
269,13,1348.036,111.9772,96.0,215.4131,0,13,57.724217,57.771723,True,95-92-98-100-14-61-99-96-97-37-13|72-75-23-67-25-55-24-54|40-21-73-74-22-56-39-4|44-2-57-42-43-15-41-58|28-12-76-29-34-3-77-68-80|27-69-70-30-51-81-78-79-50|33-9-35-71-65-66-20-1|62-63-19-49-36-46-45-60-89|31-88-7-11-90-32-10-48|64-82-94-6|52-83-5-85-87-53-26|47-8-16-86-38-91-93|59-17-84-18
270,13,1348.036,111.9772,96.0,215.4131,0,13,57.724217,57.771723,True,95-92-98-100-14-61-99-96-97-37-13|72-75-23-67-25-55-24-54|40-21-73-74-22-56-39-4|44-2-57-42-43-15-41-58|28-12-76-29-34-3-77-68-80|27-69-70-30-51-81-78-79-50|33-9-35-71-65-66-20-1|62-63-19-49-36-46-45-60-89|31-88-7-11-90-32-10-48|64-82-94-6|52-83-5-85-87-53-26|47-8-16-86-38-91-93|59-17-84-18
271,12,1348.8636,90.6731,112.0,227.8979,0,12,57.972498,58.020228,True,83-5-61-16-86-38-14-37-92|95-59-99-93-85-98-100-44-91-96-17|72-75-23-56-39-25-55-54-24-80|2-21-73-22-41-57-15-43-42-13-58|33-9-35-71-65-66-20-70-1|69-31-88-30-90-63-32-10-62|12-29-79-81-3-50-77-68|67-94-97-6|11-19-64-49-36-46-45-48|28-76-51-78-34-26-4-74|27-52-82-7-87-84-60-89|47-8-18-40-53
272,12,1348.8636,90.6731,112.0,227.8979,0,12,57.972498,58.020228,True,83-5-61-16-86-38-14-37-92|95-59-99-93-85-98-100-44-91-96-17|72-75-23-56-39-25-55-54-24-80|2-21-73-22-41-57-15-43-42-13-58|33-9-35-71-65-66-20-70-1|69-31-88-30-90-63-32-10-62|12-29-79-81-3-50-77-68|67-94-97-6|11-19-64-49-36-46-45-48|28-76-51-78-34-26-4-74|27-52-82-7-87-84-60-89|47-8-18-40-53
273,12,1352.6585,87.7117,113.0,227.8979,0,12,59.110949,59.159474,True,83-5-61-16-86-38-14-37-92|95-98-59-6-99-93-85-100-44-91-17|72-75-23-39-25-55-54-24-80|2-21-73-22-41-57-15-43-42-13-58|29-35-71-65-66-20-33-1|27-69-31-30-90-63-32-10-62|28-12-76-81-78-79-3-50-77-68|67-56-40-97-96|11-19-64-49-36-46-45-48|88-70-51-9-34-26-4-74|52-82-7-87-84-60-89|47-8-18-94-53
274,12,1352.6585,87.7117,113.0,227.8979,0,12,59.110949,59.159474,True,83-5-61-16-86-38-14-37-92|95-98-59-6-99-93-85-100-44-91-17|72-75-23-39-25-55-54-24-80|2-21-73-22-41-57-15-43-42-13-58|29-35-71-65-66-20-33-1|27-69-31-30-90-63-32-10-62|28-12-76-81-78-79-3-50-77-68|67-56-40-97-96|11-19-64-49-36-46-45-48|88-70-51-9-34-26-4-74|52-82-7-87-84-60-89|47-8-18-94-53
275,12,1358.4903,75.1437,125.0,228.4429,0,12,60.860486,60.910157,True,83-5-61-16-86-38-14-37-92|95-59-99-93-85-98-100-44-91-96-17|72-75-23-56-39-25-55-54-24-80|2-21-73-22-41-57-15-43-42-13-58|33-9-35-71-65-66-20-1|27-69-31-30-90-63-32-10-62|28-76-12-29-81-79-3-50-77-68|67-53-94-97-6|11-19-64-49-36-46-45-48|88-70-51-78-34-26-4-74|52-82-7-87-84-60-89|47-8-18-40
276,12,1358.5593,83.374,125.0,227.8979,0,12,60.88119,60.932034,True,83-5-61-16-86-38-14-37-92|95-59-99-93-85-98-100-44-91-96-17|72-75-23-56-39-25-55-54-24-80|2-21-73-22-41-57-15-43-42-13-58|33-9-35-71-65-66-20-1|27-69-31-70-30-90-63-32-10-62|28-76-12-29-81-79-3-50-77-68|67-53-94-97-6|11-19-64-49-36-46-45-48|88-51-78-34-26-4-74|52-82-7-87-84-60-89|47-8-18-40
277,12,1358.5593,83.374,125.0,227.8979,0,12,60.88119,60.932034,True,83-5-61-16-86-38-14-37-92|95-59-99-93-85-98-100-44-91-96-17|72-75-23-56-39-25-55-54-24-80|2-21-73-22-41-57-15-43-42-13-58|33-9-35-71-65-66-20-1|27-69-31-70-30-90-63-32-10-62|28-76-12-29-81-79-3-50-77-68|67-53-94-97-6|11-19-64-49-36-46-45-48|88-51-78-34-26-4-74|52-82-7-87-84-60-89|47-8-18-40
278,12,1361.8473,83.1526,118.0,221.1187,0,12,61.86758,61.917661,True,62-47-8-45-17-84-93-60-89|83-5-61-16-86-38-14-37-92|72-75-23-56-39-25-55-54-24-80|2-21-73-74-22-41-57-15-43-91|59-40-87-94-53-26-4|11-19-64-49-36-46-48|28-76-12-29-81-79-3-50-77-68|27-52-88-7-82-18-99-96-6|95-98-85-100-44-42-97-13-58|67-34-65-66-1|69-31-70-30-90-63-32-9-35|33-78-71-51-20-10
279,13,1365.4974,164.7895,60.0,225.4066,0,13,62.962613,63.021177,True,35-71-65-66-20-1|40-13-94-87-97-96-6-58|2-41-22-23-67-39-26|28-76-79-29-68-80-54-55-56-74|27-69-70-30-51-33-81-9-34-78-24|72-25-4-12-77-3-50|31-62-11-63-90-32-10|99-59-85-44-38-14-37-92-91|98-100-16-86-61-17-84-60-89|15-95-47-36-46-48|52-88-18-19-49-64|21-75-73-53-57-43-42-93|5-83-45-8-82-7
280,13,1365.4974,164.7895,60.0,225.4066,0,13,62.962613,63.021177,True,35-71-65-66-20-1|40-13-94-87-97-96-6-58|2-41-22-23-67-39-26|28-76-79-29-68-80-54-55-56-74|27-69-70-30-51-33-81-9-34-78-24|72-25-4-12-77-3-50|31-62-11-63-90-32-10|99-59-85-44-38-14-37-92-91|98-100-16-86-61-17-84-60-89|15-95-47-36-46-48|52-88-18-19-49-64|21-75-73-53-57-43-42-93|5-83-45-8-82-7
281,13,1366.9539,124.5146,74.0,223.813,0,13,63.399571,63.453692,True,95-93-61-84-17-45-8-46-60-89|27-83-99-98-85-16-44-91-96|59-42-14-38-86-100-37-92|72-75-41-57-15-43-97-58|40-53-21-73-74-22-23-56-4|28-12-76-77-29-79-3-68-24-80|33-35-9-81-34-78-50|69-70-30-51-71-65-66-20-1|88-19-47-49-64-11-62|63-18-5-94-6|31-82-7-90-32-36-48|39-67-25-55-54-26|52-2-87-13-10
282,13,1378.6611,99.5597,86.0,228.9614,0,13,66.911719,66.967581,True,95-93-61-84-83-8-46-45-17-60-89|52-99-98-85-16-86-91-96|5-59-42-14-38-44-100-37-92|72-75-41-57-15-43-97-13-58|40-21-73-74-22-23-56-4|28-12-76-77-29-79-3-68-24-80|33-35-9-81-34-78-50|69-70-30-51-71-65-66-20-1|2-39-67-25-55-54-26|88-62-11-6-94|31-82-7-19-90-32-10-48|47-36-18-49-64|27-63-87-53
283,13,1378.6611,99.5597,86.0,228.9614,0,13,66.911719,66.967581,True,95-93-61-84-83-8-46-45-17-60-89|52-99-98-85-16-86-91-96|5-59-42-14-38-44-100-37-92|72-75-41-57-15-43-97-13-58|40-21-73-74-22-23-56-4|28-12-76-77-29-79-3-68-24-80|33-35-9-81-34-78-50|69-70-30-51-71-65-66-20-1|2-39-67-25-55-54-26|88-62-11-6-94|31-82-7-19-90-32-10-48|47-36-18-49-64|27-63-87-53
284,12,1396.1419,64.721,88.0,229.3868,0,12,72.155972,72.211817,True,95-92-98-44-61-85-93-99-97-37-74|59-14-38-86-16-91-43-89|5-100-42-2-87-57-22-39-25|28-76-29-78-3-77-68-24-55-4|69-70-30-51-81-34-79-50-80|33-9-35-71-65-66-20-1|88-62-11-64-63-90-32-10|31-12-21-94-96-6-13-58|27-52-82-7-19-49-46-36-48|47-83-18-8-45-84-17-60|72-75-73-40-53|15-41-23-67-54-26-56
285,12,1396.1419,64.721,88.0,229.3868,0,12,72.155972,72.211817,True,95-92-98-44-61-85-93-99-97-37-74|59-14-38-86-16-91-43-89|5-100-42-2-87-57-22-39-25|28-76-29-78-3-77-68-24-55-4|69-70-30-51-81-34-79-50-80|33-9-35-71-65-66-20-1|88-62-11-64-63-90-32-10|31-12-21-94-96-6-13-58|27-52-82-7-19-49-46-36-48|47-83-18-8-45-84-17-60|72-75-73-40-53|15-41-23-67-54-26-56
286,12,1398.96,91.0102,108.0,227.8979,0,12,73.001407,73.063817,True,83-5-61-16-86-38-14-37-92|95-59-93-98-100-85-84-44-91-17|72-75-22-23-56-39-25-55-54-24|2-40-21-73-41-57-15-42-13-58|33-9-35-71-65-66-20-1|88-31-70-30-90-63-32-10-62|28-12-29-79-81-3-50-77-68-80|67-53-94-97-6|47-19-64-49-36-46-45-48|27-69-76-51-34-78-26-4|52-7-87-99-60-89|11-82-8-18-96-43-74
287,12,1398.96,91.0102,108.0,227.8979,0,12,73.001407,73.063817,True,83-5-61-16-86-38-14-37-92|95-59-93-98-100-85-84-44-91-17|72-75-22-23-56-39-25-55-54-24|2-40-21-73-41-57-15-42-13-58|33-9-35-71-65-66-20-1|88-31-70-30-90-63-32-10-62|28-12-29-79-81-3-50-77-68-80|67-53-94-97-6|47-19-64-49-36-46-45-48|27-69-76-51-34-78-26-4|52-7-87-99-60-89|11-82-8-18-96-43-74
288,12,1403.4635,73.8053,99.0,227.8979,0,12,74.352464,74.412744,True,83-5-61-16-86-38-14-37-92|95-59-99-93-85-98-100-44-91-96-17|72-75-23-56-39-25-55-54-24-80|2-21-73-22-41-57-15-43-42-13-58|27-69-31-70-30-90-63-32-10-62|28-12-76-29-3-79-34-78-77-68|67-53-94-97-6|11-19-64-49-36-46-45-48|88-71-51-81-26-4-74|52-82-7-87-84-60-89|47-8-18-40-50-1|33-35-65-66-20-9
289,13,1404.0508,153.985,63.0,228.1965,0,13,74.528653,74.597881,True,23-67-39-25-55-54-26|88-62-11-64-63-90-32-10-1|52-31-7-82-19-49-36-48|27-69-79-78-29-3-34-77-80|28-35-65-71-51-20-66-70|59-98-13-42-43-15-41-56-74|40-21-12-76-68-24-4-58|72-75-22-57-87-97-96|83-5-84-61-16-85-99-6|30-53-18-94-93|95-14-38-86-44-91-37-92|100-17-45-46-47-8-60-89|2-73-81-9-50-33
290,13,1404.0508,153.985,63.0,228.1965,0,13,74.528653,74.597881,True,23-67-39-25-55-54-26|88-62-11-64-63-90-32-10-1|52-31-7-82-19-49-36-48|27-69-79-78-29-3-34-77-80|28-35-65-71-51-20-66-70|59-98-13-42-43-15-41-56-74|40-21-12-76-68-24-4-58|72-75-22-57-87-97-96|83-5-84-61-16-85-99-6|30-53-18-94-93|95-14-38-86-44-91-37-92|100-17-45-46-47-8-60-89|2-73-81-9-50-33
291,13,1407.1788,72.1175,110.0,226.0801,0,13,75.467041,75.52931,True,95-92-98-100-14-61-99-96-97-37-13|44-38-86-16-85-84-17-91-93|72-21-40-73-74-56-4-26-55|2-39-22-41-57-15-43-42-58|28-12-76-29-34-3-77-54-80-68|27-69-70-30-51-81-78-79-50-24|33-9-35-71-65-66-20-1|62-63-64-49-36-46-45-60-89|31-88-7-11-90-32-10-48|52-82-8-18-6-94|25-23-75-53|59-5-83-47-19|67-87
292,13,1407.1788,72.1175,110.0,226.0801,0,13,75.467041,75.52931,True,95-92-98-100-14-61-99-96-97-37-13|44-38-86-16-85-84-17-91-93|72-21-40-73-74-56-4-26-55|2-39-22-41-57-15-43-42-58|28-12-76-29-34-3-77-54-80-68|27-69-70-30-51-81-78-79-50-24|33-9-35-71-65-66-20-1|62-63-64-49-36-46-45-60-89|31-88-7-11-90-32-10-48|52-82-8-18-6-94|25-23-75-53|59-5-83-47-19|67-87
293,12,1408.5169,77.062,98.0,226.4193,0,12,75.868475,75.930438,True,95-92-98-16-85-93-99-37-97-6-13|72-75-23-67-25-55-24-54-4|2-39-22-41-57-15-43-42-58|28-76-12-80-29-68-3-50-56|69-31-70-30-51-81-79-34-78-77|33-9-35-71-65-66-20-1|88-62-11-64-63-90-32-10|27-52-82-19-49-36-46-48-60-89|5-44-14-87-94-84-17-91-100|83-40-73-21-26-53|59-61-7-8-96-74|47-18-86-38-45
294,12,1408.5169,77.062,98.0,226.4193,0,12,75.868475,75.930438,True,95-92-98-16-85-93-99-37-97-6-13|72-75-23-67-25-55-24-54-4|2-39-22-41-57-15-43-42-58|28-76-12-80-29-68-3-50-56|69-31-70-30-51-81-79-34-78-77|33-9-35-71-65-66-20-1|88-62-11-64-63-90-32-10|27-52-82-19-49-36-46-48-60-89|5-44-14-87-94-84-17-91-100|83-40-73-21-26-53|59-61-7-8-96-74|47-18-86-38-45
295,13,1423.4462,106.4037,92.0,222.0731,0,13,80.347264,80.417155,True,95-59-6-5-61-85-8-45-17-89|83-99-93-84-16-86-91-37-92|14-38-44-100-94-96-97-13|39-67-25-55-54-26|30-88-19-49-64-11-62|27-52-31-7-82-47-36-46-48-60|76-79-78-81-34-3-77-24-80|28-29-51-71-32-10-70-1|2-98-87-57-15-43-42-58|72-75-22-73-21-40-53|63-18-90-20-33-68|69-35-65-66-9-50|12-4-56-23-41-74
296,13,1423.4462,106.4037,92.0,222.0731,0,13,80.347264,80.417155,True,95-59-6-5-61-85-8-45-17-89|83-99-93-84-16-86-91-37-92|14-38-44-100-94-96-97-13|39-67-25-55-54-26|30-88-19-49-64-11-62|27-52-31-7-82-47-36-46-48-60|76-79-78-81-34-3-77-24-80|28-29-51-71-32-10-70-1|2-98-87-57-15-43-42-58|72-75-22-73-21-40-53|63-18-90-20-33-68|69-35-65-66-9-50|12-4-56-23-41-74
297,12,1429.5307,102.3152,86.0,229.3073,0,12,82.172628,82.243917,True,82-5-86-38-14-91-37-92-13-58|2-42-44-16-61-85-99-96-6|21-72-75-23-67-25-55-54-68|95-40-73-22-41-57-15-43-100-93|33-9-35-71-65-66-20-1|76-70-30-90-32-10-24|63-19-11-64-49-36-48|28-12-29-79-3-77-26-56-74|83-53-94-87-97-39|69-78-51-81-34-50-80-4|27-31-47-8-46-45-84-17-60-89|59-98-52-18-7-88-62
298,12,1429.5307,102.3152,86.0,229.3073,0,12,82.172628,82.243917,True,82-5-86-38-14-91-37-92-13-58|2-42-44-16-61-85-99-96-6|21-72-75-23-67-25-55-54-68|95-40-73-22-41-57-15-43-100-93|33-9-35-71-65-66-20-1|76-70-30-90-32-10-24|63-19-11-64-49-36-48|28-12-29-79-3-77-26-56-74|83-53-94-87-97-39|69-78-51-81-34-50-80-4|27-31-47-8-46-45-84-17-60-89|59-98-52-18-7-88-62
299,12,1429.9053,120.6331,72.0,229.3073,0,12,82.284983,82.357731,True,59-5-17-84-83-18-77-68|95-92-98-100-14-61-99-96-97-4|44-38-86-16-85-91-37-93|21-75-2-87-94-6-74-58|28-12-76-29-34-3-26-56|69-70-30-51-81-78-79-50-80-55|33-9-35-71-65-66-20-1|27-62-63-64-49-36-46-45-60-89|52-7-82-47-8-48|31-88-19-11-90-32-10-24|72-73-57-40-53-54-25|39-67-23-22-41-15-43-42-13
300,12,1429.9053,120.6331,72.0,229.3073,0,12,82.284983,82.357731,True,59-5-17-84-83-18-77-68|95-92-98-100-14-61-99-96-97-4|44-38-86-16-85-91-37-93|21-75-2-87-94-6-74-58|28-12-76-29-34-3-26-56|69-70-30-51-81-78-79-50-80-55|33-9-35-71-65-66-20-1|27-62-63-64-49-36-46-45-60-89|52-7-82-47-8-48|31-88-19-11-90-32-10-24|72-73-57-40-53-54-25|39-67-23-22-41-15-43-42-13
301,13,1433.7518,183.8436,58.0,220.2769,0,13,83.438936,83.519866,True,28-53-56-22-41-58|40-95-94-85-99-96-6|12-52-18-88-50-77-68-80|76-51-9-81-79-3-54|21-73-2-87-42-57-13|5-83-8-82-7-27-26-4|59-98-16-44-14-15-97-37-92|30-35-29-24-55-25-39|100-38-86-61-84-17-45-60-89|65-71-66-20-34-78-33|69-63-19-49-47-46-36-48|72-67-23-75-74-43-91-93|31-62-11-64-90-32-10-70-1
302,13,1433.7518,183.8436,58.0,220.2769,0,13,83.438936,83.519866,True,28-53-56-22-41-58|40-95-94-85-99-96-6|12-52-18-88-50-77-68-80|76-51-9-81-79-3-54|21-73-2-87-42-57-13|5-83-8-82-7-27-26-4|59-98-16-44-14-15-97-37-92|30-35-29-24-55-25-39|100-38-86-61-84-17-45-60-89|65-71-66-20-34-78-33|69-63-19-49-47-46-36-48|72-67-23-75-74-43-91-93|31-62-11-64-90-32-10-70-1
303,13,1436.9747,105.5904,91.0,224.7204,0,13,84.405827,84.479952,True,44-17-86-45-8-46-60-89|53-57-87-27|14-16-61-94-85-38-91-100|2-72-75-41-15-43-97-37-92-13-58|59-42-40-21-73-74-22-23-56-4|28-12-76-77-29-79-3-68-24-80|33-35-9-81-34-78-50|69-70-30-51-71-65-66-20-1|88-19-47-49-64-11-62|63-83-5-84-99-96|31-82-7-90-32-36-48|39-67-25-55-54-26|95-98-93-6-52-18-10
304,13,1448.1483,118.1006,71.0,229.3781,0,13,87.757884,87.835936,True,95-98-6-5-61-86-84-17-45-60-89|99-16-44-85-93-59-91-96|42-14-38-100-94-37-92|2-15-13-87-43-97|12-72-75-41-57-58|40-53-21-73-74-22-23-56|39-67-25-55-4-54-26|65-63-90-32-20-66-1|30-88-19-49-64-11-62|27-52-31-7-82-47-36-46-48|83-8-18-50-9-33-68|69-76-79-78-81-34-3-77-24-80|28-29-35-71-51-70-10
305,13,1448.1483,118.1006,71.0,229.3781,0,13,87.757884,87.835936,True,95-98-6-5-61-86-84-17-45-60-89|99-16-44-85-93-59-91-96|42-14-38-100-94-37-92|2-15-13-87-43-97|12-72-75-41-57-58|40-53-21-73-74-22-23-56|39-67-25-55-4-54-26|65-63-90-32-20-66-1|30-88-19-49-64-11-62|27-52-31-7-82-47-36-46-48|83-8-18-50-9-33-68|69-76-79-78-81-34-3-77-24-80|28-29-35-71-51-70-10
306,13,1448.9888,122.3437,72.0,225.4464,0,13,88.010031,88.088482,True,59-98-100-85-61-84-17-45-60-89|14-38-44-16-94-6-97-13|39-67-56-4-26-41-74-58|30-88-19-49-64-11-62-1|27-69-31-7-82-47-36-46-48|76-79-78-81-3-77-24-54-55|28-35-71-63-32-10-70|12-72-22-73-40-53|52-8-86-93-96-37-91|21-75-2-87-57-15-43-42|95-92-99-5-83-18|33-9-51-90-20-50-68-80|23-25-29-34-65-66
307,13,1448.9888,122.3437,72.0,225.4464,0,13,88.010031,88.088482,True,59-98-100-85-61-84-17-45-60-89|14-38-44-16-94-6-97-13|39-67-56-4-26-41-74-58|30-88-19-49-64-11-62-1|27-69-31-7-82-47-36-46-48|76-79-78-81-3-77-24-54-55|28-35-71-63-32-10-70|12-72-22-73-40-53|52-8-86-93-96-37-91|21-75-2-87-57-15-43-42|95-92-99-5-83-18|33-9-51-90-20-50-68-80|23-25-29-34-65-66
308,12,1456.1963,84.3058,106.0,224.543,0,12,90.172292,90.250164,True,52-7-8-45-17-84-93-60-89|83-5-61-16-86-38-14-37-92|72-75-23-56-39-25-55-54-24-80|2-21-73-22-41-57-15-43-42-91|59-100-40-87-94-53-26-4|69-31-63-64-49-36-46-48|28-76-12-29-81-79-3-50-77-68|27-88-62-47-18-99-96-6-74|33-95-98-85-44-97-13-58|67-34-65-66-70|82-19-11-90-30-9-35-1|78-71-51-20-32-10
309,12,1456.1963,84.3058,106.0,224.543,0,12,90.172292,90.250164,True,52-7-8-45-17-84-93-60-89|83-5-61-16-86-38-14-37-92|72-75-23-56-39-25-55-54-24-80|2-21-73-22-41-57-15-43-42-91|59-100-40-87-94-53-26-4|69-31-63-64-49-36-46-48|28-76-12-29-81-79-3-50-77-68|27-88-62-47-18-99-96-6-74|33-95-98-85-44-97-13-58|67-34-65-66-70|82-19-11-90-30-9-35-1|78-71-51-20-32-10
310,12,1461.2355,53.9366,120.0,227.6538,0,12,91.684054,91.760749,True,95-44-61-85-98-59-99-96-97-13|72-75-23-67-25-55-24-54-4|2-39-22-41-57-15-43-42-58|28-12-76-29-34-3-50-77-68-80|88-62-11-64-63-90-32-10-48|27-52-19-47-49-36-46-45-17-60|83-82-8-7-18-84-37-92-89|14-16-87-86-38-91-100-93|21-31-70-20-78-1|5-73-40-53-94-6|69-30-71-51-81-79-9-66|65-35-33-26-56-74
311,12,1461.2355,53.9366,120.0,227.6538,0,12,91.684054,91.760749,True,95-44-61-85-98-59-99-96-97-13|72-75-23-67-25-55-24-54-4|2-39-22-41-57-15-43-42-58|28-12-76-29-34-3-50-77-68-80|88-62-11-64-63-90-32-10-48|27-52-19-47-49-36-46-45-17-60|83-82-8-7-18-84-37-92-89|14-16-87-86-38-91-100-93|21-31-70-20-78-1|5-73-40-53-94-6|69-30-71-51-81-79-9-66|65-35-33-26-56-74
312,12,1464.1485,58.917,129.0,223.9495,0,12,92.557952,92.636612,True,52-62-82-8-45-17-84-93-60-89|83-5-61-16-86-38-14-37-92|72-75-23-56-39-25-55-54-24-80|2-21-73-22-41-57-15-43-42-91|59-100-40-87-94-53-26-4|11-19-64-49-36-46-48|28-76-12-29-81-79-3-50-77-68|27-88-47-7-18-99-96-6-74|33-95-98-85-44-97-13-58|67-34-65-66-1|69-31-70-30-90-63-32-9-35|78-71-51-20-10
313,12,1464.1485,58.917,129.0,223.9495,0,12,92.557952,92.636612,True,52-62-82-8-45-17-84-93-60-89|83-5-61-16-86-38-14-37-92|72-75-23-56-39-25-55-54-24-80|2-21-73-22-41-57-15-43-42-91|59-100-40-87-94-53-26-4|11-19-64-49-36-46-48|28-76-12-29-81-79-3-50-77-68|27-88-47-7-18-99-96-6-74|33-95-98-85-44-97-13-58|67-34-65-66-1|69-31-70-30-90-63-32-9-35|78-71-51-20-10
314,12,1464.1485,58.917,129.0,223.9495,0,12,92.557952,92.636612,True,52-62-82-8-45-17-84-93-60-89|83-5-61-16-86-38-14-37-92|72-75-23-56-39-25-55-54-24-80|2-21-73-22-41-57-15-43-42-91|59-100-40-87-94-53-26-4|11-19-64-49-36-46-48|28-76-12-29-81-79-3-50-77-68|27-88-47-7-18-99-96-6-74|33-95-98-85-44-97-13-58|67-34-65-66-1|69-31-70-30-90-63-32-9-35|78-71-51-20-10
315,13,1466.4986,161.9508,60.0,227.639,0,13,93.262991,93.351765,True,12-40-2-87-59-99-6-89|53-52-94-96-97-13|92-30-51-50-3-68-80|21-73-57-15-43-42-37-91-93|5-83-82-18-7-9|28-76-79-81-22-41-74-58|95-98-100-44-16-17-45-8-36|27-69-35-29-24-55-25-39-4|14-38-86-61-85-84-60|65-71-66-20-34-78-33-77|88-63-19-47-49-46-48|72-75-23-67-56-26-54|31-62-11-64-90-32-10-70-1
316,13,1466.4986,161.9508,60.0,227.639,0,13,93.262991,93.351765,True,12-40-2-87-59-99-6-89|53-52-94-96-97-13|92-30-51-50-3-68-80|21-73-57-15-43-42-37-91-93|5-83-82-18-7-9|28-76-79-81-22-41-74-58|95-98-100-44-16-17-45-8-36|27-69-35-29-24-55-25-39-4|14-38-86-61-85-84-60|65-71-66-20-34-78-33-77|88-63-19-47-49-46-48|72-75-23-67-56-26-54|31-62-11-64-90-32-10-70-1
317,14,1474.2225,59.4771,124.0,226.0801,0,14,95.580162,95.662348,True,59-5-17-84-83-18-8-48|95-92-98-100-14-61-99-96-97-13-74|44-38-86-16-85-91-37-93|2-39-22-41-57-15-43-42-58|28-12-76-29-34-3-77-54-80-68|27-69-70-30-51-81-78-79-50-24|33-9-35-71-65-66-20-1|62-63-64-49-36-46-45-60-89|31-88-7-11-90-32-10|67-25-94-56-55|82-6-87-53|23-75-4-73-40-26|47-19-52|72-21
318,14,1474.2225,59.4771,124.0,226.0801,0,14,95.580162,95.662348,True,59-5-17-84-83-18-8-48|95-92-98-100-14-61-99-96-97-13-74|44-38-86-16-85-91-37-93|2-39-22-41-57-15-43-42-58|28-12-76-29-34-3-77-54-80-68|27-69-70-30-51-81-78-79-50-24|33-9-35-71-65-66-20-1|62-63-64-49-36-46-45-60-89|31-88-7-11-90-32-10|67-25-94-56-55|82-6-87-53|23-75-4-73-40-26|47-19-52|72-21
319,13,1475.133,138.169,63.0,227.639,0,13,95.853303,95.9414,True,28-12-87-14-6-89|52-53-40-94-96-99-97-13|92-59-51-9-3-50-68-80|21-73-2-57-15-43-37-91-93|5-83-82-18-7-88|76-79-81-22-41-74-58|95-98-100-44-16-17-45-8-36|69-35-29-24-55-25-39-4|42-38-86-61-85-84-60|65-71-66-20-34-78-33-77|30-63-19-47-49-46-48|72-75-23-67-56-26-54|27-31-62-11-64-90-32-10-70-1
320,13,1475.133,138.169,63.0,227.639,0,13,95.853303,95.9414,True,28-12-87-14-6-89|52-53-40-94-96-99-97-13|92-59-51-9-3-50-68-80|21-73-2-57-15-43-37-91-93|5-83-82-18-7-88|76-79-81-22-41-74-58|95-98-100-44-16-17-45-8-36|69-35-29-24-55-25-39-4|42-38-86-61-85-84-60|65-71-66-20-34-78-33-77|30-63-19-47-49-46-48|72-75-23-67-56-26-54|27-31-62-11-64-90-32-10-70-1
321,13,1476.153,135.3217,81.0,220.5391,0,13,96.159316,96.248027,True,12-40-72-22-23-24-80|95-2-21-73-75-41-15-43-42-58|33-9-35-71-65-66-20-70-1|69-47-11-63-90-32-10-62|28-76-29-79-81-3-50-77-68|67-57-87-97-13|52-82-19-64-49-36-48-60|88-30-51-34-78-26-74|53-56-39-25-55-54-4|59-44-16-7-8-46-45-17|27-31-83-18-5-85-96-6-89|14-99-86-94|98-38-61-84-91-100-37-92-93
322,13,1480.6654,108.1681,103.0,221.7386,0,13,97.513013,97.601384,True,95-59-6-5-61-85-84-17-45-60-89|83-99-93-16-86-37-91-96|98-44-38-14-100-97-13|12-21-73-72-74-22-23-56|39-67-25-55-4-54-26|30-88-19-49-64-11-62-1|27-52-31-7-82-47-36-46-48|69-76-79-78-81-34-3-77-24-80|28-29-35-71-51-10-32-70|65-90-20-50-33-68|40-2-87-57-15-43-42-92|63-8-18-9-66|75-41-94-58-53
323,13,1480.6654,108.1681,103.0,221.7386,0,13,97.513013,97.601384,True,95-59-6-5-61-85-84-17-45-60-89|83-99-93-16-86-37-91-96|98-44-38-14-100-97-13|12-21-73-72-74-22-23-56|39-67-25-55-4-54-26|30-88-19-49-64-11-62-1|27-52-31-7-82-47-36-46-48|69-76-79-78-81-34-3-77-24-80|28-29-35-71-51-10-32-70|65-90-20-50-33-68|40-2-87-57-15-43-42-92|63-8-18-9-66|75-41-94-58-53
324,13,1484.25,189.6828,49.0,229.4192,0,13,98.588407,98.685833,True,29-35-71-65-66-20-1|40-13-94-87-97-92-96-58|2-41-22-23-67-4-26-55|28-25-68-79-24-54-56-74|69-70-30-51-81-34-78-50|39-12-76-77-3-9-33-80|27-31-88-47-63-90-32-10|59-93-61-16-44-38-14-37-91|95-100-98-5-84-18-8-46-36|6-99-85-86-15|52-83-82-7-19-49-64|72-21-75-73-53-57-43-42|62-11-48-45-17-60-89
325,13,1484.25,189.6828,49.0,229.4192,0,13,98.588407,98.685833,True,29-35-71-65-66-20-1|40-13-94-87-97-92-96-58|2-41-22-23-67-4-26-55|28-25-68-79-24-54-56-74|69-70-30-51-81-34-78-50|39-12-76-77-3-9-33-80|27-31-88-47-63-90-32-10|59-93-61-16-44-38-14-37-91|95-100-98-5-84-18-8-46-36|6-99-85-86-15|52-83-82-7-19-49-64|72-21-75-73-53-57-43-42|62-11-48-45-17-60-89
326,13,1495.1612,111.2761,72.0,227.639,0,13,101.861765,101.952736,True,12-40-2-87-59-99-6|88-53-18-94-96-97-13|92-30-51-50-3-68-80|21-73-57-15-43-42-37-91-93|5-52-31-62-10-9|28-76-79-81-22-41-74-58|95-98-100-44-16-17-8-46-45|27-69-35-29-24-55-25-39-4|14-38-86-61-85-84-60-89|65-71-66-20-34-78-33-77|83-82-7-63-49-36-48|72-75-23-67-56-26-54|47-19-11-64-90-32-70-1
327,13,1495.1612,111.2761,72.0,227.639,0,13,101.861765,101.952736,True,12-40-2-87-59-99-6|88-53-18-94-96-97-13|92-30-51-50-3-68-80|21-73-57-15-43-42-37-91-93|5-52-31-62-10-9|28-76-79-81-22-41-74-58|95-98-100-44-16-17-8-46-45|27-69-35-29-24-55-25-39-4|14-38-86-61-85-84-60-89|65-71-66-20-34-78-33-77|83-82-7-63-49-36-48|72-75-23-67-56-26-54|47-19-11-64-90-32-70-1
328,14,1498.4748,96.9722,113.0,224.3918,0,14,102.855846,102.949579,True,39-67-25-55-4-54-26|88-62-11-63-90-32-65-1|52-31-7-82-19-49-36-48|27-69-79-78-81-34-3-77-68-80|28-29-35-71-51-70-10|59-98-53-74-41-15-43-42-13|33-9-66-30-20-50|40-12-76-24|72-21-22-75-56-57-97-96|95-2-23-73-58|83-5-61-86-16-85-99-6|64-18-84-93|44-38-14-87-94-91-37-92|100-17-45-46-47-8-60-89
329,14,1498.4748,96.9722,113.0,224.3918,0,14,102.855846,102.949579,True,39-67-25-55-4-54-26|88-62-11-63-90-32-65-1|52-31-7-82-19-49-36-48|27-69-79-78-81-34-3-77-68-80|28-29-35-71-51-70-10|59-98-53-74-41-15-43-42-13|33-9-66-30-20-50|40-12-76-24|72-21-22-75-56-57-97-96|95-2-23-73-58|83-5-61-86-16-85-99-6|64-18-84-93|44-38-14-87-94-91-37-92|100-17-45-46-47-8-60-89
330,13,1502.4116,68.3132,67.0,229.1749,0,13,104.036894,104.123327,True,95-93-61-84-17-45-8-46-60-89|27-83-99-98-85-16-44-91-96|59-42-14-38-86-100-37-92|72-21-75-2-57-43-97-74-58|67-23-22-40-53|28-12-76-77-29-79-3-26-4|33-35-9-81-34-78-50-24-80|69-70-30-51-71-65-66-20-1|88-19-47-49-64-11-62|63-18-5-94-6|31-82-7-90-32-36-48|52-73-87-13-10-68|15-41-56-39-25-55-54
331,13,1502.4116,68.3132,67.0,229.1749,0,13,104.036894,104.123327,True,95-93-61-84-17-45-8-46-60-89|27-83-99-98-85-16-44-91-96|59-42-14-38-86-100-37-92|72-21-75-2-57-43-97-74-58|67-23-22-40-53|28-12-76-77-29-79-3-26-4|33-35-9-81-34-78-50-24-80|69-70-30-51-71-65-66-20-1|88-19-47-49-64-11-62|63-18-5-94-6|31-82-7-90-32-36-48|52-73-87-13-10-68|15-41-56-39-25-55-54
332,14,1503.059,102.4663,90.0,220.7376,0,14,104.231116,104.3242,True,39-67-25-55-4-54-26|88-62-11-64-63-90-10-1|52-31-7-82-19-49-36-48|27-69-79-78-81-34-3-24-80|28-29-51-71-65-32-70|59-53-74-41-15-43-42-13|30-33-9-66-20-50-77-68|23-40-12-76-35|72-75-22-57-87-97-96|95-2-73-21-56-58|83-5-61-85-98-93-99-6|47-8-84-18|16-14-94-91-37-92|100-44-38-86-17-46-45-60-89
333,14,1503.059,102.4663,90.0,220.7376,0,14,104.231116,104.3242,True,39-67-25-55-4-54-26|88-62-11-64-63-90-10-1|52-31-7-82-19-49-36-48|27-69-79-78-81-34-3-24-80|28-29-51-71-65-32-70|59-53-74-41-15-43-42-13|30-33-9-66-20-50-77-68|23-40-12-76-35|72-75-22-57-87-97-96|95-2-73-21-56-58|83-5-61-85-98-93-99-6|47-8-84-18|16-14-94-91-37-92|100-44-38-86-17-46-45-60-89
334,13,1506.425,81.9825,62.0,225.0979,0,13,105.240908,105.329483,True,92-14-38-86-94-97-74-56|39-67-25-55-4-54-26|30-88-19-49-64-11-62-1|52-31-7-82-47-36-46-48-89|69-76-79-78-81-34-3-77-24-80|28-29-35-71-51-10-32-70|12-87-57-15-43-42-13|72-75-22-73-21-40-58-53|63-8-45-17-96-37-91-93|95-98-100-44-16-61-99-6|59-83-18-5-85-84-60|27-33-9-90-20-50-68|2-41-23-65-66
335,13,1506.425,81.9825,62.0,225.0979,0,13,105.240908,105.329483,True,92-14-38-86-94-97-74-56|39-67-25-55-4-54-26|30-88-19-49-64-11-62-1|52-31-7-82-47-36-46-48-89|69-76-79-78-81-34-3-77-24-80|28-29-35-71-51-10-32-70|12-87-57-15-43-42-13|72-75-22-73-21-40-58-53|63-8-45-17-96-37-91-93|95-98-100-44-16-61-99-6|59-83-18-5-85-84-60|27-33-9-90-20-50-68|2-41-23-65-66
336,13,1517.7007,98.23,59.0,223.5908,0,13,108.623625,108.717494,True,98-59-6-85-61-84-17-45-60-89|100-14-38-44-16-97-13-56|39-67-25-55-54-4-74-58|30-88-19-49-64-11-62-1|52-31-7-82-47-36-46-48|69-76-79-78-81-34-3-24-80|28-29-35-71-51-20-32-70|72-75-22-73-21-26-53|63-8-86-37-96-93-91|12-40-2-87-57-15-43-42|95-92-99-5-83-18-94|27-33-9-90-10-50-77-68|41-23-65-66
337,13,1517.7007,98.23,59.0,223.5908,0,13,108.623625,108.717494,True,98-59-6-85-61-84-17-45-60-89|100-14-38-44-16-97-13-56|39-67-25-55-54-4-74-58|30-88-19-49-64-11-62-1|52-31-7-82-47-36-46-48|69-76-79-78-81-34-3-24-80|28-29-35-71-51-20-32-70|72-75-22-73-21-26-53|63-8-86-37-96-93-91|12-40-2-87-57-15-43-42|95-92-99-5-83-18-94|27-33-9-90-10-50-77-68|41-23-65-66
338,13,1521.2652,50.8688,137.0,228.1977,0,13,109.692968,109.789294,True,95-98-59-6-5-61-85-84-17-45-60-89|83-99-93-16-86-37-91-96|14-38-44-100-94-97-13|39-67-25-55-4-54-26-74-58|30-88-19-49-64-11-62-1|27-52-31-7-82-47-36-46-48|69-76-79-78-81-34-3-77-24-80|28-29-35-71-51-10-32-70|12-2-87-57-15-43-42-92|65-90-20-50-33-68|23-41-22-56-72-53|63-8-18-9-66|21-75-73-40
339,13,1521.2652,50.8688,137.0,228.1977,0,13,109.692968,109.789294,True,95-98-59-6-5-61-85-84-17-45-60-89|83-99-93-16-86-37-91-96|14-38-44-100-94-97-13|39-67-25-55-4-54-26-74-58|30-88-19-49-64-11-62-1|27-52-31-7-82-47-36-46-48|69-76-79-78-81-34-3-77-24-80|28-29-35-71-51-10-32-70|12-2-87-57-15-43-42-92|65-90-20-50-33-68|23-41-22-56-72-53|63-8-18-9-66|21-75-73-40
340,14,1523.911,148.6443,52.0,221.7386,0,14,110.486694,110.58931,True,39-67-25-55-54-26|88-62-11-64-63-90-32-1|52-31-7-19-49-36-48|27-69-79-78-81-34-3-77-24-80|28-29-35-71-51-70-10|59-74-22-41-15-43-42-13|33-9-66-30-20-50-68|23-4-12-76-65|21-72-57-87-97-96|2-75-56-73-40-53-58|83-5-84-61-16-85-99-6|47-82-18-86-93|14-44-8-94-91-37-92|95-98-100-38-17-45-46-60-89
341,14,1523.911,148.6443,52.0,221.7386,0,14,110.486694,110.58931,True,39-67-25-55-54-26|88-62-11-64-63-90-32-1|52-31-7-19-49-36-48|27-69-79-78-81-34-3-77-24-80|28-29-35-71-51-70-10|59-74-22-41-15-43-42-13|33-9-66-30-20-50-68|23-4-12-76-65|21-72-57-87-97-96|2-75-56-73-40-53-58|83-5-84-61-16-85-99-6|47-82-18-86-93|14-44-8-94-91-37-92|95-98-100-38-17-45-46-60-89
342,13,1526.3854,96.6397,86.0,224.8995,0,13,111.229019,111.328151,True,14-38-44-100-94-97-13-56|39-67-25-55-4-54-26-74-58|27-52-31-7-82-47-36-46-48-89|69-76-79-78-81-34-3-77-24-80|28-29-35-71-51-10-32-70|12-87-57-15-43-42-92|72-75-22-73-21-40-53|95-98-16-61-83-99-96-6|59-93-18-5-85-84-17-45-60|30-63-90-66-20-9-33-68|88-19-8-86-91-37|62-11-64-49-50|2-41-23-65-1
343,13,1526.3854,96.6397,86.0,224.8995,0,13,111.229019,111.328151,True,14-38-44-100-94-97-13-56|39-67-25-55-4-54-26-74-58|27-52-31-7-82-47-36-46-48-89|69-76-79-78-81-34-3-77-24-80|28-29-35-71-51-10-32-70|12-87-57-15-43-42-92|72-75-22-73-21-40-53|95-98-16-61-83-99-96-6|59-93-18-5-85-84-17-45-60|30-63-90-66-20-9-33-68|88-19-8-86-91-37|62-11-64-49-50|2-41-23-65-1
344,14,1531.3459,123.6185,76.0,221.7386,0,14,112.717164,112.820657,True,95-14-38-92-94-74-56-58|39-67-25-55-54-26|31-88-36-49-64-11-62-1|52-7-82-47-8-46-48-89|69-76-79-78-81-34-3-77-24-80|28-29-51-10-90-32-70|23-41-57-87-42-43-15-13|21-72-22-73-40-53|30-63-19-45-96-37-91|98-100-44-61-6|59-99-83-18-5-85-84-60|27-33-71-65-35-9-20-68|2-75-4-12-50-66|93-17-86-16-97
345,14,1531.3459,123.6185,76.0,221.7386,0,14,112.717164,112.820657,True,95-14-38-92-94-74-56-58|39-67-25-55-54-26|31-88-36-49-64-11-62-1|52-7-82-47-8-46-48-89|69-76-79-78-81-34-3-77-24-80|28-29-51-10-90-32-70|23-41-57-87-42-43-15-13|21-72-22-73-40-53|30-63-19-45-96-37-91|98-100-44-61-6|59-99-83-18-5-85-84-60|27-33-71-65-35-9-20-68|2-75-4-12-50-66|93-17-86-16-97
346,14,1532.9671,133.6628,69.0,221.8009,0,14,113.203519,113.308315,True,39-67-25-55-4-54-26|88-62-11-64-63-90-1|52-31-7-19-49-36-48|27-69-30-78-34-79-3-77-24-80|28-29-35-81-51-10-32-70|59-98-53-74-41-15-43-42-13|33-9-71-66-20-50-68|23-75-12-76-65|21-72-2-57-87-97-96|40-73-56-22-58|5-84-61-16-85-99-6|47-82-18-86-93|44-8-83-94-91-37-92|95-100-14-38-17-45-46-60-89
347,14,1532.9671,133.6628,69.0,221.8009,0,14,113.203519,113.308315,True,39-67-25-55-4-54-26|88-62-11-64-63-90-1|52-31-7-19-49-36-48|27-69-30-78-34-79-3-77-24-80|28-29-35-81-51-10-32-70|59-98-53-74-41-15-43-42-13|33-9-71-66-20-50-68|23-75-12-76-65|21-72-2-57-87-97-96|40-73-56-22-58|5-84-61-16-85-99-6|47-82-18-86-93|44-8-83-94-91-37-92|95-100-14-38-17-45-46-60-89
348,13,1538.0261,57.8925,107.0,227.9437,0,13,114.721228,114.820597,True,95-98-59-6-5-61-84-17-45-60-89|83-99-93-85-16-86-91-96|44-38-14-87-94-43-100-13|39-67-25-55-4-54-26-74-58|30-88-19-49-64-11-62-1|27-52-31-7-82-47-36-46-48|69-76-79-78-81-34-3-24-80|28-29-35-71-51-10-32-70|12-2-57-15-42-97-37-92|65-90-20-50-33-77-68|23-41-22-56-72-53|63-8-18-9-66|21-75-73-40
349,13,1538.0261,57.8925,107.0,227.9437,0,13,114.721228,114.820597,True,95-98-59-6-5-61-84-17-45-60-89|83-99-93-85-16-86-91-96|44-38-14-87-94-43-100-13|39-67-25-55-4-54-26-74-58|30-88-19-49-64-11-62-1|27-52-31-7-82-47-36-46-48|69-76-79-78-81-34-3-24-80|28-29-35-71-51-10-32-70|12-2-57-15-42-97-37-92|65-90-20-50-33-77-68|23-41-22-56-72-53|63-8-18-9-66|21-75-73-40
350,14,1553.1147,98.6358,84.0,221.7386,0,14,119.247802,119.354878,True,39-67-25-55-4-54-26|88-62-11-64-63-90-10-1|52-31-7-82-19-49-36-48|27-69-79-78-81-34-3-77-24-80|28-29-35-71-51-32-70|59-98-53-74-41-15-43-42-13|30-33-9-66-20-50-68|40-12-76-65|72-21-75-22-87-57-97-96|2-23-56-73-58|83-5-61-85-99-6|47-18-86-84-93|14-44-8-94-91-37-92|95-100-38-16-17-45-46-60-89
351,14,1553.1147,98.6358,84.0,221.7386,0,14,119.247802,119.354878,True,39-67-25-55-4-54-26|88-62-11-64-63-90-10-1|52-31-7-82-19-49-36-48|27-69-79-78-81-34-3-77-24-80|28-29-35-71-51-32-70|59-98-53-74-41-15-43-42-13|30-33-9-66-20-50-68|40-12-76-65|72-21-75-22-87-57-97-96|2-23-56-73-58|83-5-61-85-99-6|47-18-86-84-93|14-44-8-94-91-37-92|95-100-38-16-17-45-46-60-89
352,13,1556.0123,81.77,76.0,225.6714,0,13,120.117095,120.222,True,100-98-59-6-61-85-84-17-45-60-89|14-38-44-16-94-97-13-56|39-67-25-55-4-54-26-74-58|30-88-19-49-64-11-62-1|52-31-7-82-47-36-46-48|69-76-79-78-81-34-3-77-24-80|28-29-35-71-51-10-32-70|21-72-75-22-73-53|63-8-86-37-96-93-91|12-40-2-87-57-15-43-42|95-92-99-5-83-18|27-33-9-90-20-50-68|41-23-65-66
353,13,1558.5719,102.1515,55.0,228.5664,0,13,120.884959,120.992024,True,12-40-21-73-72-56-23-39-25|95-2-22-41-57-43-15-74-4|28-9-35-71-65-66-20-77|31-70-30-90-63-32-10-62-1|67-75-87-53-54-55|52-19-11-64-49-36-48-60-89|88-76-29-81-34-78-33-68-80|82-83-61-98-13-58|5-44-16-7-8-46-45-17|47-18-85-59-96-6|14-99-86-94|42-38-84-93-92-97-37-100-91|27-69-51-79-3-50-26-24
354,13,1558.5719,102.1515,55.0,228.5664,0,13,120.884959,120.992024,True,12-40-21-73-72-56-23-39-25|95-2-22-41-57-43-15-74-4|28-9-35-71-65-66-20-77|31-70-30-90-63-32-10-62-1|67-75-87-53-54-55|52-19-11-64-49-36-48-60-89|88-76-29-81-34-78-33-68-80|82-83-61-98-13-58|5-44-16-7-8-46-45-17|47-18-85-59-96-6|14-99-86-94|42-38-84-93-92-97-37-100-91|27-69-51-79-3-50-26-24
355,14,1565.7476,81.8628,73.0,221.7386,0,14,123.037683,123.144933,True,39-67-25-55-4-54-26|88-62-11-64-63-90-1|52-31-7-82-19-49-36-48|76-79-78-81-34-3-77-24-80|28-29-71-51-32-10-70|59-98-53-74-41-15-43-42-13|69-30-33-9-66-20-50-68|23-40-12-35-65|21-72-22-57-87-97-96|95-2-75-56-73-58|83-5-61-85-99-6|27-47-18-86-84-93|44-16-8-94-91-37-92|100-14-38-17-45-46-60-89
356,14,1565.7476,81.8628,73.0,221.7386,0,14,123.037683,123.144933,True,39-67-25-55-4-54-26|88-62-11-64-63-90-1|52-31-7-82-19-49-36-48|76-79-78-81-34-3-77-24-80|28-29-71-51-32-10-70|59-98-53-74-41-15-43-42-13|69-30-33-9-66-20-50-68|23-40-12-35-65|21-72-22-57-87-97-96|95-2-75-56-73-58|83-5-61-85-99-6|27-47-18-86-84-93|44-16-8-94-91-37-92|100-14-38-17-45-46-60-89
357,20,1566.7666,665.5189,112.0,195.9817,0,20,123.343389,123.54033,True,8-45-83-89|16-86-38-14-100-37|6-99-93-85-44-91-96|94-97|72-23-67-39-25-55-24-54|73-74-75-56-4-26|2-57-15-43-13|76-77|28-33-81-34-3|78-9-66-20-1|27-69-70-30-90-63-32-10|31-88-19-49-64-11-62|52-7-82-47-36-48|42-92-98-17-84-60|51-50-80|12-68|40-22-41-58-53|29-79-35-71-65|21-95-87-59-46|61-5-18
358,20,1566.7666,665.5189,112.0,195.9817,0,20,123.343389,123.54033,True,8-45-83-89|16-86-38-14-100-37|6-99-93-85-44-91-96|94-97|72-23-67-39-25-55-24-54|73-74-75-56-4-26|2-57-15-43-13|76-77|28-33-81-34-3|78-9-66-20-1|27-69-70-30-90-63-32-10|31-88-19-49-64-11-62|52-7-82-47-36-48|42-92-98-17-84-60|51-50-80|12-68|40-22-41-58-53|29-79-35-71-65|21-95-87-59-46|61-5-18
359,17,1576.1033,421.879,108.0,205.5709,0,17,126.144398,126.307732,True,95-92-98-85-17-45-8-60-89|5-61-86-38-14-37|83-93-99-96|6-100-94-58-53|72-75-23-25-55-54-24-68|40-21-73-74-56-4-26|2-41-15-43-42-13|28-12-29-71-9-50|69-31-63-90-32|88-70-51-81-34-78-33-1|27-52-7-10-30-20|82-36-49-47-48|59-44-16-87-3-80|76-77-79-35-65-66|39-67-22-57-91|18-19-11-62|64-46-84-97
360,17,1576.1033,421.879,108.0,205.5709,0,17,126.144398,126.307732,True,95-92-98-85-17-45-8-60-89|5-61-86-38-14-37|83-93-99-96|6-100-94-58-53|72-75-23-25-55-54-24-68|40-21-73-74-56-4-26|2-41-15-43-42-13|28-12-29-71-9-50|69-31-63-90-32|88-70-51-81-34-78-33-1|27-52-7-10-30-20|82-36-49-47-48|59-44-16-87-3-80|76-77-79-35-65-66|39-67-22-57-91|18-19-11-62|64-46-84-97
361,13,1579.0586,55.359,69.0,228.7479,0,13,127.030986,127.138606,True,88-62-11-64-63-90-1|27-69-79-78-81-34-3-77-24-80|28-29-35-71-51-10-32-70|59-98-53-74-41-15-43-42-13-58|30-33-9-66-20-50-68|72-21-75-22-87-57-97-96|83-5-84-61-16-85-99-6|14-44-8-94-92-37-91-93|100-38-86-17-45-46-48-60-89|52-31-7-76-54-55-25-39|47-82-18-19-49-36|95-2-73-12-40-26|67-23-56-4-65
362,13,1579.0586,55.359,69.0,228.7479,0,13,127.030986,127.138606,True,88-62-11-64-63-90-1|27-69-79-78-81-34-3-77-24-80|28-29-35-71-51-10-32-70|59-98-53-74-41-15-43-42-13-58|30-33-9-66-20-50-68|72-21-75-22-87-57-97-96|83-5-84-61-16-85-99-6|14-44-8-94-92-37-91-93|100-38-86-17-45-46-48-60-89|52-31-7-76-54-55-25-39|47-82-18-19-49-36|95-2-73-12-40-26|67-23-56-4-65
363,19,1594.8762,648.6957,122.0,200.9368,0,19,131.776261,131.980554,True,5-44-61-84-17-45-8-60-89|99-93-98-85-16-86-91-96|95-59-42-14-38-43-100-37-92|53-94-87-97-13-58|2-72-75-41-15-57|40-21-73-74-22-23-56-4|39-67-25-55-54-26|12-80-29-79-3-24-68|28-76-77-78-34-35|27-65-71|19-36-49-64-11|52-7-82-47-46-48|18-83-6|32-9-33|88-62-70-1|50-66|90-10-30-20|69-31-63-51|81
364,19,1594.8762,648.6957,122.0,200.9368,0,19,131.776261,131.980554,True,5-44-61-84-17-45-8-60-89|99-93-98-85-16-86-91-96|95-59-42-14-38-43-100-37-92|53-94-87-97-13-58|2-72-75-41-15-57|40-21-73-74-22-23-56-4|39-67-25-55-54-26|12-80-29-79-3-24-68|28-76-77-78-34-35|27-65-71|19-36-49-64-11|52-7-82-47-46-48|18-83-6|32-9-33|88-62-70-1|50-66|90-10-30-20|69-31-63-51|81
365,14,1613.9889,65.0964,85.0,221.7386,0,14,137.510067,137.630475,True,39-67-25-55-4-54-26|88-62-11-64-63-90-1|52-31-7-82-19-49-36-48|27-69-79-78-81-34-3-77-24-80|28-29-35-71-51-10-32-70|59-98-53-74-41-15-43-42-13|30-33-9-66-20-50-68|23-40-12-76-65|72-21-75-22-87-57-97-96|95-2-56-73-58|83-5-61-16-85-99-6|47-18-86-84-93|14-44-8-94-91-37-92|100-38-17-45-46-60-89
366,18,1623.2534,456.948,110.0,198.1751,0,18,140.289416,140.471546,True,59-5-17-84-83-18|95-92-98-100-85-61-93-97|16-86-38-44-91-96|53-94-87-37-6|72-23-67-25-55-24-54|40-21-73-56-4-26|2-42-15-57-22-39-58|28-12-76-29-34-3-77-68-80|69-31-30-51-81-78-79-50|35-71-65-66-1|88-62-11-64-63-90-32-10|27-19-47-36-46-89|52-7-82-8|74-13-60-45|99-14-43-41|75-33-9-70|20-48|49
367,18,1623.2534,456.948,110.0,198.1751,0,18,140.289416,140.471546,True,59-5-17-84-83-18|95-92-98-100-85-61-93-97|16-86-38-44-91-96|53-94-87-37-6|72-23-67-25-55-24-54|40-21-73-56-4-26|2-42-15-57-22-39-58|28-12-76-29-34-3-77-68-80|69-31-30-51-81-78-79-50|35-71-65-66-1|88-62-11-64-63-90-32-10|27-19-47-36-46-89|52-7-82-8|74-13-60-45|99-14-43-41|75-33-9-70|20-48|49
368,18,1638.5618,508.2403,98.0,202.4851,0,18,144.881953,145.075816,True,35-71-65-66-20-70-1|5-84-17-45-46|94-87-13|52-22-39-25-26|82-19-47-36-49-64-62|2-21-73-72-75-57-42-97|79-29-80-53-74-58|27-69-30-51-33-81-78-24-55|28-76-9-34-3-50|31-88-11-63-90-32-10|95-100-14-38-44-91-37-92|59-85-16-86-99|41-56-67-4-54|40-6-18-8-60-93-89|12-68-77|48|83-61-98-15-43-96|23-7
369,18,1638.5618,508.2403,98.0,202.4851,0,18,144.881953,145.075816,True,35-71-65-66-20-70-1|5-84-17-45-46|94-87-13|52-22-39-25-26|82-19-47-36-49-64-62|2-21-73-72-75-57-42-97|79-29-80-53-74-58|27-69-30-51-33-81-78-24-55|28-76-9-34-3-50|31-88-11-63-90-32-10|95-100-14-38-44-91-37-92|59-85-16-86-99|41-56-67-4-54|40-6-18-8-60-93-89|12-68-77|48|83-61-98-15-43-96|23-7
370,14,1638.9556,140.4633,73.0,221.6307,0,14,145.000099,145.138085,True,27-69-28-53-13-58-26-93-60-89|40-95-94-99-96-6|12-52-18-1-50-77-68-80|59-98-31-70-3-54-74|21-72-73-2-87-97-37-100-91-92|5-83-7-88-10-33-4|62-30-51-79-22-56|15-44-16-17-84-8-48|76-9-29-24-55-25-39|47-19-11-63-90-32-20-66|14-38-86-61-85|65-71-81-35-34-78|82-64-49-36-46-45|67-23-75-41-57-43-42
371,14,1638.9556,140.4633,73.0,221.6307,0,14,145.000099,145.138085,True,27-69-28-53-13-58-26-93-60-89|40-95-94-99-96-6|12-52-18-1-50-77-68-80|59-98-31-70-3-54-74|21-72-73-2-87-97-37-100-91-92|5-83-7-88-10-33-4|62-30-51-79-22-56|15-44-16-17-84-8-48|76-9-29-24-55-25-39|47-19-11-63-90-32-20-66|14-38-86-61-85|65-71-81-35-34-78|82-64-49-36-46-45|67-23-75-41-57-43-42
372,20,1642.8699,628.6226,127.0,194.5052,0,20,146.174361,146.389877,True,18-45-17-84-60-89|83-5-86-14-37-92-13|95-59-85-100-44-91-96|94-87-97-6|72-75-23-67-25-24-54|40-21-74-56-4|2-22-41-57-43-58|12-80-3-77|28-76-51-81-34-78-50|33-35-65-66-20-1|27-69-70-30-90-63-32-10|31-88-19-49-64-11-62|52-7-47-36-46-48|9-29-68-55-39|79-71-93|53-26-42|15-38-16-99|8-82|73|98-61
373,20,1642.8699,628.6226,127.0,194.5052,0,20,146.174361,146.389877,True,18-45-17-84-60-89|83-5-86-14-37-92-13|95-59-85-100-44-91-96|94-87-97-6|72-75-23-67-25-24-54|40-21-74-56-4|2-22-41-57-43-58|12-80-3-77|28-76-51-81-34-78-50|33-35-65-66-20-1|27-69-70-30-90-63-32-10|31-88-19-49-64-11-62|52-7-47-36-46-48|9-29-68-55-39|79-71-93|53-26-42|15-38-16-99|8-82|73|98-61
374,25,1721.5861,1027.0921,105.0,194.2295,0,25,169.789226,170.087386,True,95-93-5-61-17-84-60|27-99-98-16-86-44-91-96|42-14-38-100-37-92-97|53|58|40-74-75-56-23-22|21-39-67-25-54-26|28-76-77-3-79-68|33-78-29-24|69-71-35-65-66-20-70|31-63-90-32-10|88-19-36-49-64-11-62|52-7-82-48|6-83-18|15-57-73-80|2-13|89|87|47-30-1-50|4|34-9|85-59-94|45-46-8|51-81|12-55-72-41-43
375,25,1721.5861,1027.0921,105.0,194.2295,0,25,169.789226,170.087386,True,95-93-5-61-17-84-60|27-99-98-16-86-44-91-96|42-14-38-100-37-92-97|53|58|40-74-75-56-23-22|21-39-67-25-54-26|28-76-77-3-79-68|33-78-29-24|69-71-35-65-66-20-70|31-63-90-32-10|88-19-36-49-64-11-62|52-7-82-48|6-83-18|15-57-73-80|2-13|89|87|47-30-1-50|4|34-9|85-59-94|45-46-8|51-81|12-55-72-41-43
376,21,1732.9774,578.1009,155.0,197.5565,0,21,173.206616,173.445144,True,18-83-8-60-89|5-61-16-86-38-14-37-13|95-44-100-85-93-59-99|94-6|72-75-39-67-24-68|40-21-74-56-4|2-22-41-57-43-42|12-80-29-3-77|28-76-81-34|33-9-35-65-66-20-1|27-69-70-30-90-63-32-10|31-88-19-49-64-11-62|52-82-47-36-46-48|92-58-73-25-55-54|84-45-91-96|17-15-97-26|98-78-50|51-79-53|23-87|7|71
377,21,1732.9774,578.1009,155.0,197.5565,0,21,173.206616,173.445144,True,18-83-8-60-89|5-61-16-86-38-14-37-13|95-44-100-85-93-59-99|94-6|72-75-39-67-24-68|40-21-74-56-4|2-22-41-57-43-42|12-80-29-3-77|28-76-81-34|33-9-35-65-66-20-1|27-69-70-30-90-63-32-10|31-88-19-49-64-11-62|52-82-47-36-46-48|92-58-73-25-55-54|84-45-91-96|17-15-97-26|98-78-50|51-79-53|23-87|7|71
378,20,1744.8267,555.2483,111.0,197.5213,0,20,176.761418,176.995367,True,95-93-61-17-8-60-89|99-85-16-44-91-96|59-42-14-38-86-37-92|53-2-87-97-13|72-41-57-15-43|40-73-74-22-23-56|39-25-55-54-26|28-12-76-77-29-79-3-24-80|9-81-35-34-78|69-30-51-65-66-20-1|31-63-90-32-10|88-19-47-49-64-11-62|52-7-82-36-48|6-5-94|45-100-58-4-68|27-98-75-33-70|83-46-84|21-67-50|18|71
379,25,1761.4821,982.5895,139.0,188.2712,0,25,181.758034,182.063994,True,95-61-84-5|99-93-85-16-44-91-37-92|57-42-43-14-100|53-58|40-73-74-75-56-22-41|72-23-67-39-54-26|28-76-77-29-79-3-68|33|69-30-71-35-65-66-20|31-63-32-10|88-19-36-49-64-11|52-7-82-48|83-18|15-21-12-80|2-13|89|87-97|47-1-50|4-25-55-24|27-70-90-9-34-78|59-98-38-86-94|46-8|51-81|6-60|62-45-17-96
380,23,1765.528,864.5673,106.0,200.6456,0,23,182.97181,183.259236,True,95-93-5-61-17-84-60|27-99-98-16-86-44-91-96|42-14-38-100-37-92-97|40-74-75-56-23-22|21-39-67-25-54-26|28-76-77-3-79-68|33-78-29-24|69-71-35-65-66-20-70|31-63-90-32-10|88-19-36-49-64-11-62|52-7-82-48|6-83-18|15-57-73-80|2-13|34-9|45-46-8|12-55-72-41-43|53-58-4-1-89|94-85|50|51-30|47-59-87|81
381,24,1830.0594,966.3763,91.0,196.2145,0,24,202.331238,202.65143,True,95-5-17-84-83-60|6-61-16-91-96|98-86-38-44-100-37-92|58-57|40-73-74-75-23-22|56-39-4-26|79-29-24|33-35-78-76|27-69-71-20|31-63-90-32-10|82-36-19-11-62-88|46-48|15-41-67-25-55-54|21-72-2-14-97|43-42-89|13-87|47-64-30-1-50|94|51-9-65-66-70|28-59-85-93-99|12-80-68-34-3-77|52-7-49|81|53-18-8-45
382,25,1842.1056,914.7812,98.0,201.1132,0,25,205.945083,206.262885,True,95-93-5-61-17-84-60|99-98-16-86-44-91-96|57-42-14-100-37-92|53|58|40-74-75-56-23-22-41|73-72-39-54-26|28-29-71-81-79-3|36-49-64-62|82|6-83-18|15-21|2-13|89|87-43-97|52-7-47-48|4-67-25-55-24|59-38-85-94|45-46-8|27-30-1|80-68-10|88-76-78-34-65|31-11-66-51-20-33|12-77-35-9-50|69-70-19-63-90-32
383,22,1927.9456,693.4025,101.0,202.1875,0,22,231.697089,232.006997,True,18-83-84-60-89|5-61-16-14-37-92-97-13|95-59-99-93-98-100-91-96|72-75-23-25-55-54-68|21-73-74-56-4-26|42-15-22-40-58|28-77-3-80|51-81-78-50|33-9-66-20-1|27-69-90-63-10|88-62-49|52-82-8|44-41-67-39-24|76-79-35-65-70|31-19-11-64-32|6-38-17-45|48-36|7-53-57-43|29-30-71-34|2-12-47-46|85-94|87-86
384,23,1936.55,753.3442,106.0,200.7006,0,23,234.278401,234.600459,True,95-93-61-84-83-8-45-60-89|99-98-85-16-91-96|59-44-14-100-37-92|72-75-41-15|40-21-73-74-22-56|28-76-77-3-79-68-80|78-9-33-50|69-70-30-51-71-66-20-1|88-19-49-11-62|18-6|27-90-10|39-25-55-54-26|53-13|86-57-4|63-97-42-58|35-65-17|52-64-36-46-48|12-23-67-24|5-82-47-7-32|94-38-43|31-29-34|2-87|81
385,23,1939.84,736.4138,100.0,202.3817,0,23,235.265389,235.585546,True,17-84|61-86-14-37-92|93-98-85-91-96|94-87|2-23-67-25-55-24-54|21-74-56-4-26|40-22-15-43-42-58|28-76-12-80-3-77|69-30-34-78-50|9-35-71-65-66|27-19-63-90|82-36-49-64-11-62|52-8-46-48|5-45-16-13-53-33|1-68|39-75-57-38-100-60|88-59-97-6-89|99-70-20-32-10|29-79-51|44-83-7-47|73-72-41|18|95-31-81
386,21,1953.6598,666.1366,121.0,192.7447,0,21,239.411334,239.72515,True,18-83-45-84-60-89|5-61-16-86-38-14-37|99-85-98-100-44-91|53-87-97-6|23-67-25-54-24-68|40-21-56-26|2-22-41-57-15-43-58|12-80-29-79-3-77|28-76-51-81-34-50|33-9-66|27-30-90-63-32-10|31-88-19-49-11-62|52-7-82-47-36|13-46-1|39-74-92-93-17|42-4-55-78|96-70|69-64-48|95-73-72-8|59-71-65-35|75-94-20
387,25,1953.7511,845.5659,95.0,200.3849,0,25,239.438733,239.779237,True,5-84-83-89|95-92-98-44-91-97-13|6|75-23-25-55-54|73-74-56-4-26|42-15-41-22-40-58|28-77-3-68-80|70-30-51-81-79-50|33-9-66-20-1|27-69-31-88-63-90-10|47-49-62|52-7-82-8|100-16-93-99-96|59|36-48-45-60|72-29-24-78|76-35-17|19-64-11-32|61-86-38-14-43|2-57-67-39|12-37|53-94-85-46|71-65-34|18-87|21
388,21,1957.8407,524.4052,70.0,207.7613,0,21,240.665603,240.956566,True,35-66-20-1|93-5-45-46-48|94-87-97-96-6|7-18-53|41-22-23-67-55-4|73-75-57-15-43|74-56-25-54-24-68|27-69-51-9-81-34-78-80|39-3-50|11-63-90-32-10|92-59-85-91|95-98-86-17-84-60|70-64-30-79-58|88-62-33-77-76|82-2-100-13-89|65-99-37|21-42-14-38-44|31-28-12-40-26|16-61-83-8|52-19-47-36-49|72-29-71
389,23,1997.6849,778.2381,106.0,194.9602,0,23,252.618866,252.962137,True,18-84-60-89|5-61-16-86-14-92|95-98-85-100-91-96|53-87-97|72-75-23-67-24|2-73-74-56-4|40-41-57-43-42|28-76-77-3-79-80|70-30-78-50|33-9-35-66-1|27-88-90-32-10|82-47-36-49-64-62|52-7-8-45-48|39-13-59-93-17|6-21-22-25-55|31-11-15-58|26-54-68|71-20-69|94-38-37|12-99-44-46|65-51-81-34|83-19-63|29
390,23,2017.5481,607.3961,101.0,195.5078,0,23,258.577839,258.901024,True,5-61-17-84-37-92-97|95-98-85-42|72-75-23-25-55-68|21-73-74-56-4-26|87-41-22-58|28-12-80-79-3-77|31-30-51-81-78-50|33-9-71-66-20-1|27-69-70-90-63-10|88-19-47-36-49-62|52-7-82-45-60-89|59-99-6|100-44-14-15-57|38-8-48|11-64-93-96-13|35-24-39|2-43-91|65-54|53-40-76-34|67-29-32|94-46|83-18-86|16
391,25,2042.3838,747.1687,95.0,202.1147,0,25,266.028555,266.381149,True,5-84-83-89|95-92-98-44-91-97-13|6|75-23-25-55-54|73-74-56-4-26|42-15-41-22-40-58|28-77-3-68-80|70-30-51-81-79-50|33-9-66-20-1|27-69-31-88-63-90-10|47-36-49-62|52-7-82-8|100-16-93-99-96|59|72-71-35-24|12-67-39-60|17-45-46-48|61-11-32|53-2-43-37|57-38|29-18-64|14-86-85|21-76-78-34-65|94-87|19
392,21,2063.1496,544.9289,70.0,206.4046,0,21,272.258296,272.583727,True,28-53-22-41-58|94-85-99-6|52-18-88-50-68-80|76-9-81-3|73-57-87|5-83-8-7-27-26-4|59-98-14-92-97|30-35-29-24-25-39|100-38-86-61-84-17-45-60|65-66-20-78-33|63-19-49-36-46-48|67-23-43-91-93|11-64-32-10-70-1|69-82-37-96-13-89|44-42-74-56-55|95-54-77|15-16-79|51-71-62|12-21-2-40|72-75-34|31-90-47
393,21,2092.7196,561.1912,95.0,202.5,0,21,281.129271,281.467926,True,5-16-86-84-8-45-17|99-59-98-85-91-96|95-14-38-94-6|15-87-37-92-97-13|12-72-75-41-57-43|40-21-74-22-58|53-4-67-25-55|71-65-20-32-1|52-19-64|88-7-82-47-36-46-48|63-83-18-33|76-79-81-34-3-77|28-29-35-70-10|27-69-90-50-26-54|39-100-93-89|31-60-42|56-23-24-80-68|11-62-66-51|2-73-78|30-9-44|61-49
394,25,2243.1957,801.4833,92.0,203.6579,0,25,326.272108,326.693024,True,95-93-61-5-17-84-60|27-99-98-16-44-91-96|42-86-100-37-92|53-97|57-58|40-74-75-56-23-22|39-67-54-26|28-77-29-79-3-24-68|33-35-78|69-71-66-20|31-63-32-10|36-19-11-62|52-7-82-46-48|6-83-18|38-15-25-80|72-2-14-13-70|43-89|73-87-88-45|47-64-30-1-50|12-94-4-55|90-65-9|76-59-85-41|21-34|8-49|51-81
395,25,2258.525,729.254,64.0,198.9018,0,25,330.870906,331.282073,True,5-17-83-60|95-92-61-38-91-97|53-94-37-6|23-67-25-24-54|21-73-39-4|40-22-41-15-43-42-58|12-76-3-34-80|30-81-79-50|9-35-66-20-1|27-88-11-63-90-32|19-64-36|52-7-82|100-86-96|59-85|33-56-72-93-89|10-77-68|71-65-26-74|99-13-57-55|78-69-48-45|70-62-47-46|98-14-44-84|51-8|29-31-49|28-2-16-87|75-18
396,25,2258.525,729.254,64.0,198.9018,0,25,330.870906,331.282073,True,5-17-83-60|95-92-61-38-91-97|53-94-37-6|23-67-25-24-54|21-73-39-4|40-22-41-15-43-42-58|12-76-3-34-80|30-81-79-50|9-35-66-20-1|27-88-11-63-90-32|19-64-36|52-7-82|100-86-96|59-85|33-56-72-93-89|10-77-68|71-65-26-74|99-13-57-55|78-69-48-45|70-62-47-46|98-14-44-84|51-8|29-31-49|28-2-16-87|75-18
397,25,2320.061,647.3973,100.0,200.4647,0,25,349.331709,349.752893,True,35-71-65-66-20-1|93-5-83-8-46-48|40-13-87-94-96-58|53|82-47-36-49|2-41-22-23-4-26|73-72-75-43|79-68-25-74|27-51-9-81-33-78-80|12-76-50|88-11-63-90|99-44-38-37-92|98-16-86-61-17-60|14-42-54|10-24|64-70-89|69-45-15-56|39-6-62-32|31-52-84-57-77|30-95-18-55|28-67-100-91|59-97|7-85|21-29-34-3|19
