Rank,Z1_Vehicles,Z2_Distance,Z3_WaitTime,Z4_LoadBalance,Z5_Makespan,Unserved,Num_Routes,ASF,ASF_aug,In_ROI,Routes
1,3,588.3238,155.9109,70.0,3385.5278,0,3,21.740815,21.775005,True,93-5-75-2-1-99-100-97-92-94-95-98-7-3-4-89-91-88-86-84-83-82-85-76-71-70-73-80-79-81-78-77-96-87-90|20-22-24-27-30-29-6-32-33-31-35-37-38-39-36-34-28-26-23-18-17-19-16-14-12-15-13-25-9-11-10-8-21|67-63-62-74-72-61-64-66-69-68-65-49-55-54-53-56-58-60-59-57-40-44-46-45-51-50-52-47-42-41-43-48
2,3,588.3238,155.9109,70.0,3385.5278,0,3,21.740815,21.775005,True,93-5-75-2-1-99-100-97-92-94-95-98-7-3-4-89-91-88-86-84-83-82-85-76-71-70-73-80-79-81-78-77-96-87-90|20-22-24-27-30-29-6-32-33-31-35-37-38-39-36-34-28-26-23-18-17-19-16-14-12-15-13-25-9-11-10-8-21|67-63-62-74-72-61-64-66-69-68-65-49-55-54-53-56-58-60-59-57-40-44-46-45-51-50-52-47-42-41-43-48
3,3,588.3238,155.9109,70.0,3385.5278,0,3,21.740815,21.775005,True,93-5-75-2-1-99-100-97-92-94-95-98-7-3-4-89-91-88-86-84-83-82-85-76-71-70-73-80-79-81-78-77-96-87-90|20-22-24-27-30-29-6-32-33-31-35-37-38-39-36-34-28-26-23-18-17-19-16-14-12-15-13-25-9-11-10-8-21|67-63-62-74-72-61-64-66-69-68-65-49-55-54-53-56-58-60-59-57-40-44-46-45-51-50-52-47-42-41-43-48
4,3,588.3238,155.9109,70.0,3385.5278,0,3,21.740815,21.775005,True,93-5-75-2-1-99-100-97-92-94-95-98-7-3-4-89-91-88-86-84-83-82-85-76-71-70-73-80-79-81-78-77-96-87-90|20-22-24-27-30-29-6-32-33-31-35-37-38-39-36-34-28-26-23-18-17-19-16-14-12-15-13-25-9-11-10-8-21|67-63-62-74-72-61-64-66-69-68-65-49-55-54-53-56-58-60-59-57-40-44-46-45-51-50-52-47-42-41-43-48
5,3,588.3238,155.9109,70.0,3385.5278,0,3,21.740815,21.775005,True,93-5-75-2-1-99-100-97-92-94-95-98-7-3-4-89-91-88-86-84-83-82-85-76-71-70-73-80-79-81-78-77-96-87-90|20-22-24-27-30-29-6-32-33-31-35-37-38-39-36-34-28-26-23-18-17-19-16-14-12-15-13-25-9-11-10-8-21|67-63-62-74-72-61-64-66-69-68-65-49-55-54-53-56-58-60-59-57-40-44-46-45-51-50-52-47-42-41-43-48
6,3,588.3238,155.9109,70.0,3385.5278,0,3,21.740815,21.775005,True,93-5-75-2-1-99-100-97-92-94-95-98-7-3-4-89-91-88-86-84-83-82-85-76-71-70-73-80-79-81-78-77-96-87-90|20-22-24-27-30-29-6-32-33-31-35-37-38-39-36-34-28-26-23-18-17-19-16-14-12-15-13-25-9-11-10-8-21|67-63-62-74-72-61-64-66-69-68-65-49-55-54-53-56-58-60-59-57-40-44-46-45-51-50-52-47-42-41-43-48
7,3,588.3238,155.9109,70.0,3385.5278,0,3,21.740815,21.775005,True,93-5-75-2-1-99-100-97-92-94-95-98-7-3-4-89-91-88-86-84-83-82-85-76-71-70-73-80-79-81-78-77-96-87-90|20-22-24-27-30-29-6-32-33-31-35-37-38-39-36-34-28-26-23-18-17-19-16-14-12-15-13-25-9-11-10-8-21|67-63-62-74-72-61-64-66-69-68-65-49-55-54-53-56-58-60-59-57-40-44-46-45-51-50-52-47-42-41-43-48
8,3,588.3238,155.9109,70.0,3385.5278,0,3,21.740815,21.775005,True,93-5-75-2-1-99-100-97-92-94-95-98-7-3-4-89-91-88-86-84-83-82-85-76-71-70-73-80-79-81-78-77-96-87-90|20-22-24-27-30-29-6-32-33-31-35-37-38-39-36-34-28-26-23-18-17-19-16-14-12-15-13-25-9-11-10-8-21|67-63-62-74-72-61-64-66-69-68-65-49-55-54-53-56-58-60-59-57-40-44-46-45-51-50-52-47-42-41-43-48
9,3,588.3238,155.9109,70.0,3385.5278,0,3,21.740815,21.775005,True,93-5-75-2-1-99-100-97-92-94-95-98-7-3-4-89-91-88-86-84-83-82-85-76-71-70-73-80-79-81-78-77-96-87-90|20-22-24-27-30-29-6-32-33-31-35-37-38-39-36-34-28-26-23-18-17-19-16-14-12-15-13-25-9-11-10-8-21|67-63-62-74-72-61-64-66-69-68-65-49-55-54-53-56-58-60-59-57-40-44-46-45-51-50-52-47-42-41-43-48
10,3,588.3238,155.9109,70.0,3385.5278,0,3,21.740815,21.775005,True,93-5-75-2-1-99-100-97-92-94-95-98-7-3-4-89-91-88-86-84-83-82-85-76-71-70-73-80-79-81-78-77-96-87-90|20-22-24-27-30-29-6-32-33-31-35-37-38-39-36-34-28-26-23-18-17-19-16-14-12-15-13-25-9-11-10-8-21|67-63-62-74-72-61-64-66-69-68-65-49-55-54-53-56-58-60-59-57-40-44-46-45-51-50-52-47-42-41-43-48
11,3,588.3238,155.9109,70.0,3385.5278,0,3,21.740815,21.775005,True,93-5-75-2-1-99-100-97-92-94-95-98-7-3-4-89-91-88-86-84-83-82-85-76-71-70-73-80-79-81-78-77-96-87-90|20-22-24-27-30-29-6-32-33-31-35-37-38-39-36-34-28-26-23-18-17-19-16-14-12-15-13-25-9-11-10-8-21|67-63-62-74-72-61-64-66-69-68-65-49-55-54-53-56-58-60-59-57-40-44-46-45-51-50-52-47-42-41-43-48
12,3,588.3238,155.9109,70.0,3385.5278,0,3,21.740815,21.775005,True,93-5-75-2-1-99-100-97-92-94-95-98-7-3-4-89-91-88-86-84-83-82-85-76-71-70-73-80-79-81-78-77-96-87-90|20-22-24-27-30-29-6-32-33-31-35-37-38-39-36-34-28-26-23-18-17-19-16-14-12-15-13-25-9-11-10-8-21|67-63-62-74-72-61-64-66-69-68-65-49-55-54-53-56-58-60-59-57-40-44-46-45-51-50-52-47-42-41-43-48
13,3,588.3238,155.9109,70.0,3385.5278,0,3,21.740815,21.775005,True,93-5-75-2-1-99-100-97-92-94-95-98-7-3-4-89-91-88-86-84-83-82-85-76-71-70-73-80-79-81-78-77-96-87-90|20-22-24-27-30-29-6-32-33-31-35-37-38-39-36-34-28-26-23-18-17-19-16-14-12-15-13-25-9-11-10-8-21|67-63-62-74-72-61-64-66-69-68-65-49-55-54-53-56-58-60-59-57-40-44-46-45-51-50-52-47-42-41-43-48
14,3,588.3238,155.9109,70.0,3385.5278,0,3,21.740815,21.775005,True,93-5-75-2-1-99-100-97-92-94-95-98-7-3-4-89-91-88-86-84-83-82-85-76-71-70-73-80-79-81-78-77-96-87-90|20-22-24-27-30-29-6-32-33-31-35-37-38-39-36-34-28-26-23-18-17-19-16-14-12-15-13-25-9-11-10-8-21|67-63-62-74-72-61-64-66-69-68-65-49-55-54-53-56-58-60-59-57-40-44-46-45-51-50-52-47-42-41-43-48
15,3,588.3238,155.9109,70.0,3385.5278,0,3,21.740815,21.775005,True,93-5-75-2-1-99-100-97-92-94-95-98-7-3-4-89-91-88-86-84-83-82-85-76-71-70-73-80-79-81-78-77-96-87-90|20-22-24-27-30-29-6-32-33-31-35-37-38-39-36-34-28-26-23-18-17-19-16-14-12-15-13-25-9-11-10-8-21|67-63-62-74-72-61-64-66-69-68-65-49-55-54-53-56-58-60-59-57-40-44-46-45-51-50-52-47-42-41-43-48
16,3,588.3238,155.9109,70.0,3385.5278,0,3,21.740815,21.775005,True,93-5-75-2-1-99-100-97-92-94-95-98-7-3-4-89-91-88-86-84-83-82-85-76-71-70-73-80-79-81-78-77-96-87-90|20-22-24-27-30-29-6-32-33-31-35-37-38-39-36-34-28-26-23-18-17-19-16-14-12-15-13-25-9-11-10-8-21|67-63-62-74-72-61-64-66-69-68-65-49-55-54-53-56-58-60-59-57-40-44-46-45-51-50-52-47-42-41-43-48
17,3,588.3238,155.9109,70.0,3385.5278,0,3,21.740815,21.775005,True,93-5-75-2-1-99-100-97-92-94-95-98-7-3-4-89-91-88-86-84-83-82-85-76-71-70-73-80-79-81-78-77-96-87-90|20-22-24-27-30-29-6-32-33-31-35-37-38-39-36-34-28-26-23-18-17-19-16-14-12-15-13-25-9-11-10-8-21|67-63-62-74-72-61-64-66-69-68-65-49-55-54-53-56-58-60-59-57-40-44-46-45-51-50-52-47-42-41-43-48
18,3,588.3238,155.9109,70.0,3385.5278,0,3,21.740815,21.775005,True,93-5-75-2-1-99-100-97-92-94-95-98-7-3-4-89-91-88-86-84-83-82-85-76-71-70-73-80-79-81-78-77-96-87-90|20-22-24-27-30-29-6-32-33-31-35-37-38-39-36-34-28-26-23-18-17-19-16-14-12-15-13-25-9-11-10-8-21|67-63-62-74-72-61-64-66-69-68-65-49-55-54-53-56-58-60-59-57-40-44-46-45-51-50-52-47-42-41-43-48
19,3,588.3238,155.9109,70.0,3385.5278,0,3,21.740815,21.775005,True,93-5-75-2-1-99-100-97-92-94-95-98-7-3-4-89-91-88-86-84-83-82-85-76-71-70-73-80-79-81-78-77-96-87-90|20-22-24-27-30-29-6-32-33-31-35-37-38-39-36-34-28-26-23-18-17-19-16-14-12-15-13-25-9-11-10-8-21|67-63-62-74-72-61-64-66-69-68-65-49-55-54-53-56-58-60-59-57-40-44-46-45-51-50-52-47-42-41-43-48
20,3,588.3238,155.9109,70.0,3385.5278,0,3,21.740815,21.775005,True,93-5-75-2-1-99-100-97-92-94-95-98-7-3-4-89-91-88-86-84-83-82-85-76-71-70-73-80-79-81-78-77-96-87-90|20-22-24-27-30-29-6-32-33-31-35-37-38-39-36-34-28-26-23-18-17-19-16-14-12-15-13-25-9-11-10-8-21|67-63-62-74-72-61-64-66-69-68-65-49-55-54-53-56-58-60-59-57-40-44-46-45-51-50-52-47-42-41-43-48
21,3,588.3238,155.9109,70.0,3385.5278,0,3,21.740815,21.775005,True,93-5-75-2-1-99-100-97-92-94-95-98-7-3-4-89-91-88-86-84-83-82-85-76-71-70-73-80-79-81-78-77-96-87-90|20-22-24-27-30-29-6-32-33-31-35-37-38-39-36-34-28-26-23-18-17-19-16-14-12-15-13-25-9-11-10-8-21|67-63-62-74-72-61-64-66-69-68-65-49-55-54-53-56-58-60-59-57-40-44-46-45-51-50-52-47-42-41-43-48
22,3,588.3238,155.9109,70.0,3385.5278,0,3,21.740815,21.775005,True,93-5-75-2-1-99-100-97-92-94-95-98-7-3-4-89-91-88-86-84-83-82-85-76-71-70-73-80-79-81-78-77-96-87-90|20-22-24-27-30-29-6-32-33-31-35-37-38-39-36-34-28-26-23-18-17-19-16-14-12-15-13-25-9-11-10-8-21|67-63-62-74-72-61-64-66-69-68-65-49-55-54-53-56-58-60-59-57-40-44-46-45-51-50-52-47-42-41-43-48
23,3,588.3238,155.9109,70.0,3385.5278,0,3,21.740815,21.775005,True,93-5-75-2-1-99-100-97-92-94-95-98-7-3-4-89-91-88-86-84-83-82-85-76-71-70-73-80-79-81-78-77-96-87-90|20-22-24-27-30-29-6-32-33-31-35-37-38-39-36-34-28-26-23-18-17-19-16-14-12-15-13-25-9-11-10-8-21|67-63-62-74-72-61-64-66-69-68-65-49-55-54-53-56-58-60-59-57-40-44-46-45-51-50-52-47-42-41-43-48
24,3,588.3238,155.9109,70.0,3385.5278,0,3,21.740815,21.775005,True,93-5-75-2-1-99-100-97-92-94-95-98-7-3-4-89-91-88-86-84-83-82-85-76-71-70-73-80-79-81-78-77-96-87-90|20-22-24-27-30-29-6-32-33-31-35-37-38-39-36-34-28-26-23-18-17-19-16-14-12-15-13-25-9-11-10-8-21|67-63-62-74-72-61-64-66-69-68-65-49-55-54-53-56-58-60-59-57-40-44-46-45-51-50-52-47-42-41-43-48
25,3,588.3238,155.9109,70.0,3385.5278,0,3,21.740815,21.775005,True,93-5-75-2-1-99-100-97-92-94-95-98-7-3-4-89-91-88-86-84-83-82-85-76-71-70-73-80-79-81-78-77-96-87-90|20-22-24-27-30-29-6-32-33-31-35-37-38-39-36-34-28-26-23-18-17-19-16-14-12-15-13-25-9-11-10-8-21|67-63-62-74-72-61-64-66-69-68-65-49-55-54-53-56-58-60-59-57-40-44-46-45-51-50-52-47-42-41-43-48
26,3,588.3238,155.9109,70.0,3385.5278,0,3,21.740815,21.775005,True,93-5-75-2-1-99-100-97-92-94-95-98-7-3-4-89-91-88-86-84-83-82-85-76-71-70-73-80-79-81-78-77-96-87-90|20-22-24-27-30-29-6-32-33-31-35-37-38-39-36-34-28-26-23-18-17-19-16-14-12-15-13-25-9-11-10-8-21|67-63-62-74-72-61-64-66-69-68-65-49-55-54-53-56-58-60-59-57-40-44-46-45-51-50-52-47-42-41-43-48
27,3,588.3238,155.9109,70.0,3385.5278,0,3,21.740815,21.775005,True,93-5-75-2-1-99-100-97-92-94-95-98-7-3-4-89-91-88-86-84-83-82-85-76-71-70-73-80-79-81-78-77-96-87-90|20-22-24-27-30-29-6-32-33-31-35-37-38-39-36-34-28-26-23-18-17-19-16-14-12-15-13-25-9-11-10-8-21|67-63-62-74-72-61-64-66-69-68-65-49-55-54-53-56-58-60-59-57-40-44-46-45-51-50-52-47-42-41-43-48
28,3,588.4928,0.0,70.0,3385.5278,0,3,21.740815,21.751669,True,93-5-75-2-1-99-100-97-92-94-95-98-7-3-4-89-91-88-86-84-83-82-85-76-71-70-73-80-79-81-78-77-96-87-90|20-22-24-27-30-29-6-32-33-31-35-37-38-39-36-34-28-26-23-18-19-16-14-12-15-17-13-25-9-11-10-8-21|67-63-62-74-72-61-64-66-69-68-65-49-55-54-53-56-58-60-59-57-40-44-46-45-51-50-52-47-42-41-43-48
29,3,588.4928,0.0,70.0,3385.5278,0,3,21.740815,21.751669,True,93-5-75-2-1-99-100-97-92-94-95-98-7-3-4-89-91-88-86-84-83-82-85-76-71-70-73-80-79-81-78-77-96-87-90|20-22-24-27-30-29-6-32-33-31-35-37-38-39-36-34-28-26-23-18-19-16-14-12-15-17-13-25-9-11-10-8-21|67-63-62-74-72-61-64-66-69-68-65-49-55-54-53-56-58-60-59-57-40-44-46-45-51-50-52-47-42-41-43-48
30,3,588.4928,0.0,70.0,3385.5278,0,3,21.740815,21.751669,True,93-5-75-2-1-99-100-97-92-94-95-98-7-3-4-89-91-88-86-84-83-82-85-76-71-70-73-80-79-81-78-77-96-87-90|20-22-24-27-30-29-6-32-33-31-35-37-38-39-36-34-28-26-23-18-19-16-14-12-15-17-13-25-9-11-10-8-21|67-63-62-74-72-61-64-66-69-68-65-49-55-54-53-56-58-60-59-57-40-44-46-45-51-50-52-47-42-41-43-48
31,3,588.4928,0.0,70.0,3385.5278,0,3,21.740815,21.751669,True,93-5-75-2-1-99-100-97-92-94-95-98-7-3-4-89-91-88-86-84-83-82-85-76-71-70-73-80-79-81-78-77-96-87-90|20-22-24-27-30-29-6-32-33-31-35-37-38-39-36-34-28-26-23-18-19-16-14-12-15-17-13-25-9-11-10-8-21|67-63-62-74-72-61-64-66-69-68-65-49-55-54-53-56-58-60-59-57-40-44-46-45-51-50-52-47-42-41-43-48
32,3,588.4928,0.0,70.0,3385.5278,0,3,21.740815,21.751669,True,93-5-75-2-1-99-100-97-92-94-95-98-7-3-4-89-91-88-86-84-83-82-85-76-71-70-73-80-79-81-78-77-96-87-90|20-22-24-27-30-29-6-32-33-31-35-37-38-39-36-34-28-26-23-18-19-16-14-12-15-17-13-25-9-11-10-8-21|67-63-62-74-72-61-64-66-69-68-65-49-55-54-53-56-58-60-59-57-40-44-46-45-51-50-52-47-42-41-43-48
33,3,588.4928,0.0,70.0,3385.5278,0,3,21.740815,21.751669,True,93-5-75-2-1-99-100-97-92-94-95-98-7-3-4-89-91-88-86-84-83-82-85-76-71-70-73-80-79-81-78-77-96-87-90|20-22-24-27-30-29-6-32-33-31-35-37-38-39-36-34-28-26-23-18-19-16-14-12-15-17-13-25-9-11-10-8-21|67-63-62-74-72-61-64-66-69-68-65-49-55-54-53-56-58-60-59-57-40-44-46-45-51-50-52-47-42-41-43-48
34,3,588.4928,0.0,70.0,3385.5278,0,3,21.740815,21.751669,True,93-5-75-2-1-99-100-97-92-94-95-98-7-3-4-89-91-88-86-84-83-82-85-76-71-70-73-80-79-81-78-77-96-87-90|20-22-24-27-30-29-6-32-33-31-35-37-38-39-36-34-28-26-23-18-19-16-14-12-15-17-13-25-9-11-10-8-21|67-63-62-74-72-61-64-66-69-68-65-49-55-54-53-56-58-60-59-57-40-44-46-45-51-50-52-47-42-41-43-48
35,3,588.4928,0.0,70.0,3385.5278,0,3,21.740815,21.751669,True,93-5-75-2-1-99-100-97-92-94-95-98-7-3-4-89-91-88-86-84-83-82-85-76-71-70-73-80-79-81-78-77-96-87-90|20-22-24-27-30-29-6-32-33-31-35-37-38-39-36-34-28-26-23-18-19-16-14-12-15-17-13-25-9-11-10-8-21|67-63-62-74-72-61-64-66-69-68-65-49-55-54-53-56-58-60-59-57-40-44-46-45-51-50-52-47-42-41-43-48
36,3,588.4928,0.0,70.0,3385.5278,0,3,21.740815,21.751669,True,93-5-75-2-1-99-100-97-92-94-95-98-7-3-4-89-91-88-86-84-83-82-85-76-71-70-73-80-79-81-78-77-96-87-90|20-22-24-27-30-29-6-32-33-31-35-37-38-39-36-34-28-26-23-18-19-16-14-12-15-17-13-25-9-11-10-8-21|67-63-62-74-72-61-64-66-69-68-65-49-55-54-53-56-58-60-59-57-40-44-46-45-51-50-52-47-42-41-43-48
37,3,588.4928,0.0,70.0,3385.5278,0,3,21.740815,21.751669,True,93-5-75-2-1-99-100-97-92-94-95-98-7-3-4-89-91-88-86-84-83-82-85-76-71-70-73-80-79-81-78-77-96-87-90|20-22-24-27-30-29-6-32-33-31-35-37-38-39-36-34-28-26-23-18-19-16-14-12-15-17-13-25-9-11-10-8-21|67-63-62-74-72-61-64-66-69-68-65-49-55-54-53-56-58-60-59-57-40-44-46-45-51-50-52-47-42-41-43-48
38,3,588.4928,0.0,70.0,3385.5278,0,3,21.740815,21.751669,True,93-5-75-2-1-99-100-97-92-94-95-98-7-3-4-89-91-88-86-84-83-82-85-76-71-70-73-80-79-81-78-77-96-87-90|20-22-24-27-30-29-6-32-33-31-35-37-38-39-36-34-28-26-23-18-19-16-14-12-15-17-13-25-9-11-10-8-21|67-63-62-74-72-61-64-66-69-68-65-49-55-54-53-56-58-60-59-57-40-44-46-45-51-50-52-47-42-41-43-48
39,3,588.4928,0.0,70.0,3385.5278,0,3,21.740815,21.751669,True,93-5-75-2-1-99-100-97-92-94-95-98-7-3-4-89-91-88-86-84-83-82-85-76-71-70-73-80-79-81-78-77-96-87-90|20-22-24-27-30-29-6-32-33-31-35-37-38-39-36-34-28-26-23-18-19-16-14-12-15-17-13-25-9-11-10-8-21|67-63-62-74-72-61-64-66-69-68-65-49-55-54-53-56-58-60-59-57-40-44-46-45-51-50-52-47-42-41-43-48
40,3,588.4928,0.0,70.0,3385.5278,0,3,21.740815,21.751669,True,93-5-75-2-1-99-100-97-92-94-95-98-7-3-4-89-91-88-86-84-83-82-85-76-71-70-73-80-79-81-78-77-96-87-90|20-22-24-27-30-29-6-32-33-31-35-37-38-39-36-34-28-26-23-18-19-16-14-12-15-17-13-25-9-11-10-8-21|67-63-62-74-72-61-64-66-69-68-65-49-55-54-53-56-58-60-59-57-40-44-46-45-51-50-52-47-42-41-43-48
41,3,588.4928,0.0,70.0,3385.5278,0,3,21.740815,21.751669,True,93-5-75-2-1-99-100-97-92-94-95-98-7-3-4-89-91-88-86-84-83-82-85-76-71-70-73-80-79-81-78-77-96-87-90|20-22-24-27-30-29-6-32-33-31-35-37-38-39-36-34-28-26-23-18-19-16-14-12-15-17-13-25-9-11-10-8-21|67-63-62-74-72-61-64-66-69-68-65-49-55-54-53-56-58-60-59-57-40-44-46-45-51-50-52-47-42-41-43-48
42,3,588.4928,0.0,70.0,3385.5278,0,3,21.740815,21.751669,True,93-5-75-2-1-99-100-97-92-94-95-98-7-3-4-89-91-88-86-84-83-82-85-76-71-70-73-80-79-81-78-77-96-87-90|20-22-24-27-30-29-6-32-33-31-35-37-38-39-36-34-28-26-23-18-19-16-14-12-15-17-13-25-9-11-10-8-21|67-63-62-74-72-61-64-66-69-68-65-49-55-54-53-56-58-60-59-57-40-44-46-45-51-50-52-47-42-41-43-48
43,3,588.4928,0.0,70.0,3385.5278,0,3,21.740815,21.751669,True,93-5-75-2-1-99-100-97-92-94-95-98-7-3-4-89-91-88-86-84-83-82-85-76-71-70-73-80-79-81-78-77-96-87-90|20-22-24-27-30-29-6-32-33-31-35-37-38-39-36-34-28-26-23-18-19-16-14-12-15-17-13-25-9-11-10-8-21|67-63-62-74-72-61-64-66-69-68-65-49-55-54-53-56-58-60-59-57-40-44-46-45-51-50-52-47-42-41-43-48
44,3,588.4928,0.0,70.0,3385.5278,0,3,21.740815,21.751669,True,93-5-75-2-1-99-100-97-92-94-95-98-7-3-4-89-91-88-86-84-83-82-85-76-71-70-73-80-79-81-78-77-96-87-90|20-22-24-27-30-29-6-32-33-31-35-37-38-39-36-34-28-26-23-18-19-16-14-12-15-17-13-25-9-11-10-8-21|67-63-62-74-72-61-64-66-69-68-65-49-55-54-53-56-58-60-59-57-40-44-46-45-51-50-52-47-42-41-43-48
45,3,588.4928,0.0,70.0,3385.5278,0,3,21.740815,21.751669,True,93-5-75-2-1-99-100-97-92-94-95-98-7-3-4-89-91-88-86-84-83-82-85-76-71-70-73-80-79-81-78-77-96-87-90|20-22-24-27-30-29-6-32-33-31-35-37-38-39-36-34-28-26-23-18-19-16-14-12-15-17-13-25-9-11-10-8-21|67-63-62-74-72-61-64-66-69-68-65-49-55-54-53-56-58-60-59-57-40-44-46-45-51-50-52-47-42-41-43-48
46,3,588.4928,0.0,70.0,3385.5278,0,3,21.740815,21.751669,True,93-5-75-2-1-99-100-97-92-94-95-98-7-3-4-89-91-88-86-84-83-82-85-76-71-70-73-80-79-81-78-77-96-87-90|20-22-24-27-30-29-6-32-33-31-35-37-38-39-36-34-28-26-23-18-19-16-14-12-15-17-13-25-9-11-10-8-21|67-63-62-74-72-61-64-66-69-68-65-49-55-54-53-56-58-60-59-57-40-44-46-45-51-50-52-47-42-41-43-48
47,3,588.4928,0.0,70.0,3385.5278,0,3,21.740815,21.751669,True,93-5-75-2-1-99-100-97-92-94-95-98-7-3-4-89-91-88-86-84-83-82-85-76-71-70-73-80-79-81-78-77-96-87-90|20-22-24-27-30-29-6-32-33-31-35-37-38-39-36-34-28-26-23-18-19-16-14-12-15-17-13-25-9-11-10-8-21|67-63-62-74-72-61-64-66-69-68-65-49-55-54-53-56-58-60-59-57-40-44-46-45-51-50-52-47-42-41-43-48
48,3,588.4928,0.0,70.0,3385.5278,0,3,21.740815,21.751669,True,93-5-75-2-1-99-100-97-92-94-95-98-7-3-4-89-91-88-86-84-83-82-85-76-71-70-73-80-79-81-78-77-96-87-90|20-22-24-27-30-29-6-32-33-31-35-37-38-39-36-34-28-26-23-18-19-16-14-12-15-17-13-25-9-11-10-8-21|67-63-62-74-72-61-64-66-69-68-65-49-55-54-53-56-58-60-59-57-40-44-46-45-51-50-52-47-42-41-43-48
49,3,588.4928,0.0,70.0,3385.5278,0,3,21.740815,21.751669,True,93-5-75-2-1-99-100-97-92-94-95-98-7-3-4-89-91-88-86-84-83-82-85-76-71-70-73-80-79-81-78-77-96-87-90|20-22-24-27-30-29-6-32-33-31-35-37-38-39-36-34-28-26-23-18-19-16-14-12-15-17-13-25-9-11-10-8-21|67-63-62-74-72-61-64-66-69-68-65-49-55-54-53-56-58-60-59-57-40-44-46-45-51-50-52-47-42-41-43-48
50,3,588.4928,0.0,70.0,3385.5278,0,3,21.740815,21.751669,True,93-5-75-2-1-99-100-97-92-94-95-98-7-3-4-89-91-88-86-84-83-82-85-76-71-70-73-80-79-81-78-77-96-87-90|20-22-24-27-30-29-6-32-33-31-35-37-38-39-36-34-28-26-23-18-19-16-14-12-15-17-13-25-9-11-10-8-21|67-63-62-74-72-61-64-66-69-68-65-49-55-54-53-56-58-60-59-57-40-44-46-45-51-50-52-47-42-41-43-48
51,3,588.4928,0.0,70.0,3385.5278,0,3,21.740815,21.751669,True,93-5-75-2-1-99-100-97-92-94-95-98-7-3-4-89-91-88-86-84-83-82-85-76-71-70-73-80-79-81-78-77-96-87-90|20-22-24-27-30-29-6-32-33-31-35-37-38-39-36-34-28-26-23-18-19-16-14-12-15-17-13-25-9-11-10-8-21|67-63-62-74-72-61-64-66-69-68-65-49-55-54-53-56-58-60-59-57-40-44-46-45-51-50-52-47-42-41-43-48
52,3,588.4928,0.0,70.0,3385.5278,0,3,21.740815,21.751669,True,93-5-75-2-1-99-100-97-92-94-95-98-7-3-4-89-91-88-86-84-83-82-85-76-71-70-73-80-79-81-78-77-96-87-90|20-22-24-27-30-29-6-32-33-31-35-37-38-39-36-34-28-26-23-18-19-16-14-12-15-17-13-25-9-11-10-8-21|67-63-62-74-72-61-64-66-69-68-65-49-55-54-53-56-58-60-59-57-40-44-46-45-51-50-52-47-42-41-43-48
53,3,588.4928,0.0,70.0,3385.5278,0,3,21.740815,21.751669,True,93-5-75-2-1-99-100-97-92-94-95-98-7-3-4-89-91-88-86-84-83-82-85-76-71-70-73-80-79-81-78-77-96-87-90|20-22-24-27-30-29-6-32-33-31-35-37-38-39-36-34-28-26-23-18-19-16-14-12-15-17-13-25-9-11-10-8-21|67-63-62-74-72-61-64-66-69-68-65-49-55-54-53-56-58-60-59-57-40-44-46-45-51-50-52-47-42-41-43-48
54,3,605.3465,0.0,50.0,3385.5278,0,3,21.740815,21.754725,True,93-5-75-2-1-99-100-97-92-94-95-98-7-3-4-89-91-88-86-84-83-82-85-76-71-70-73-80-79-81-78-77-96-87-90|20-67-63-62-74-72-61-64-66-69-68-65-49-55-54-53-56-58-60-59-57-40-44-46-45-51-50-52-47-42-41-43-48|22-24-27-30-29-6-32-33-31-35-37-38-39-36-34-28-26-23-18-19-16-14-12-15-17-13-25-9-11-10-8-21
55,3,605.3465,0.0,50.0,3385.5278,0,3,21.740815,21.754725,True,93-5-75-2-1-99-100-97-92-94-95-98-7-3-4-89-91-88-86-84-83-82-85-76-71-70-73-80-79-81-78-77-96-87-90|20-67-63-62-74-72-61-64-66-69-68-65-49-55-54-53-56-58-60-59-57-40-44-46-45-51-50-52-47-42-41-43-48|22-24-27-30-29-6-32-33-31-35-37-38-39-36-34-28-26-23-18-19-16-14-12-15-17-13-25-9-11-10-8-21
56,3,617.0546,155.9109,60.0,3321.0419,0,3,16.574516,16.606652,True,93-5-75-2-1-99-100-97-92-94-95-98-7-3-4-89-91-88-86-84-83-82-85-76-71-70-73-80-79-81-78-77-87-96|20-22-24-27-30-29-6-32-33-31-35-37-38-39-36-34-28-26-23-18-17-19-16-14-12-15-13-25-9-11-10-8-21|67-63-62-74-72-61-64-66-69-68-65-49-55-54-53-56-58-60-59-57-40-44-46-45-51-50-52-47-42-41-43-48-90
57,3,617.0546,155.9109,60.0,3321.0419,0,3,16.574516,16.606652,True,93-5-75-2-1-99-100-97-92-94-95-98-7-3-4-89-91-88-86-84-83-82-85-76-71-70-73-80-79-81-78-77-87-96|20-22-24-27-30-29-6-32-33-31-35-37-38-39-36-34-28-26-23-18-17-19-16-14-12-15-13-25-9-11-10-8-21|67-63-62-74-72-61-64-66-69-68-65-49-55-54-53-56-58-60-59-57-40-44-46-45-51-50-52-47-42-41-43-48-90
58,3,617.2236,0.0,60.0,3286.1114,0,3,6.828359,6.831919,True,93-5-75-2-1-99-100-97-92-94-95-98-7-3-4-89-91-88-86-84-83-82-85-76-71-70-73-80-79-81-78-77-87-96|20-22-24-27-30-29-6-32-33-31-35-37-38-39-36-34-28-26-23-18-19-16-14-12-15-17-13-25-9-11-10-8-21|67-63-62-74-72-61-64-66-69-68-65-49-55-54-53-56-58-60-59-57-40-44-46-45-51-50-52-47-42-41-43-48-90
59,3,617.2236,0.0,60.0,3286.1114,0,3,6.828359,6.831919,True,93-5-75-2-1-99-100-97-92-94-95-98-7-3-4-89-91-88-86-84-83-82-85-76-71-70-73-80-79-81-78-77-87-96|20-22-24-27-30-29-6-32-33-31-35-37-38-39-36-34-28-26-23-18-19-16-14-12-15-17-13-25-9-11-10-8-21|67-63-62-74-72-61-64-66-69-68-65-49-55-54-53-56-58-60-59-57-40-44-46-45-51-50-52-47-42-41-43-48-90
60,3,618.446,0.0,60.0,3286.0852,0,3,6.82442,6.828343,True,93-5-75-2-1-99-100-97-92-94-95-98-7-3-4-89-91-88-86-84-83-82-85-76-71-70-73-80-79-81-78-77-87-90|20-22-24-27-30-29-6-32-33-31-35-37-38-39-36-34-28-26-23-18-19-16-14-12-15-17-13-25-9-11-10-8-21|67-63-62-74-72-61-64-66-69-68-65-49-55-54-53-56-58-60-59-57-40-44-46-45-51-50-52-47-42-41-43-48-96
61,3,618.446,0.0,60.0,3286.0852,0,3,6.82442,6.828343,True,93-5-75-2-1-99-100-97-92-94-95-98-7-3-4-89-91-88-86-84-83-82-85-76-71-70-73-80-79-81-78-77-87-90|20-22-24-27-30-29-6-32-33-31-35-37-38-39-36-34-28-26-23-18-19-16-14-12-15-17-13-25-9-11-10-8-21|67-63-62-74-72-61-64-66-69-68-65-49-55-54-53-56-58-60-59-57-40-44-46-45-51-50-52-47-42-41-43-48-96
62,3,631.3968,155.9109,40.0,3350.8151,0,3,16.574516,16.61342,True,93-5-75-2-1-99-100-97-92-94-95-98-7-3-4-89-91-88-86-84-83-82-85-71-70-73-76-79-80-81-78-77-87-96|20-22-24-27-30-29-6-32-33-31-35-37-38-39-36-34-28-26-23-18-17-19-16-14-12-15-13-25-9-11-10-8-90|67-63-62-74-72-61-64-66-69-68-65-49-55-54-53-56-58-60-59-57-40-44-46-45-51-50-52-47-42-41-43-48-21
63,3,631.3968,155.9109,40.0,3350.8151,0,3,16.574516,16.61342,True,93-5-75-2-1-99-100-97-92-94-95-98-7-3-4-89-91-88-86-84-83-82-85-71-70-73-76-79-80-81-78-77-87-96|20-22-24-27-30-29-6-32-33-31-35-37-38-39-36-34-28-26-23-18-17-19-16-14-12-15-13-25-9-11-10-8-90|67-63-62-74-72-61-64-66-69-68-65-49-55-54-53-56-58-60-59-57-40-44-46-45-51-50-52-47-42-41-43-48-21
64,3,634.3851,0.0,50.0,3299.2237,0,3,10.308451,10.318126,True,93-5-75-2-1-99-100-97-92-94-95-98-7-3-4-89-91-88-86-84-83-82-85-71-70-73-76-79-80-81-78-77-96-90|20-22-24-27-30-29-6-32-33-31-35-37-38-39-36-34-28-26-23-18-19-16-14-12-15-17-13-25-9-11-10-8-21|67-63-62-74-72-61-64-66-69-68-65-49-55-54-53-56-58-60-59-57-40-44-46-45-51-50-52-47-42-41-43-48-87
65,3,634.3851,0.0,50.0,3299.2237,0,3,10.308451,10.318126,True,93-5-75-2-1-99-100-97-92-94-95-98-7-3-4-89-91-88-86-84-83-82-85-71-70-73-76-79-80-81-78-77-96-90|20-22-24-27-30-29-6-32-33-31-35-37-38-39-36-34-28-26-23-18-19-16-14-12-15-17-13-25-9-11-10-8-21|67-63-62-74-72-61-64-66-69-68-65-49-55-54-53-56-58-60-59-57-40-44-46-45-51-50-52-47-42-41-43-48-87
66,4,634.9261,2382.2191,570.0,3165.3001,0,4,350.520745,350.920127,True,93-5-75-2-1-99-100-97-92-94-95-98-3-88-86-84-83-82-85-71-70-73-80-79-76-81-78-77-87-96|20-22-24-27-30-29-6-32-33-31-35-37-38-39-36-34-28-26-23-18-19-16-14-12-15-17-13-25-9-11-10-8-21|67-63-62-74-72-61-64-66-69-68-65-49-55-54-53-56-58-60-59-57-40-44-46-45-51-50-52-47-43-42-41-48|89-7-4-91-90
67,4,634.9261,2382.2191,570.0,3165.3001,0,4,350.520745,350.920127,True,93-5-75-2-1-99-100-97-92-94-95-98-3-88-86-84-83-82-85-71-70-73-80-79-76-81-78-77-87-96|20-22-24-27-30-29-6-32-33-31-35-37-38-39-36-34-28-26-23-18-19-16-14-12-15-17-13-25-9-11-10-8-21|67-63-62-74-72-61-64-66-69-68-65-49-55-54-53-56-58-60-59-57-40-44-46-45-51-50-52-47-43-42-41-48|89-7-4-91-90
68,4,635.8564,55.3449,540.0,3206.0467,0,4,46.39,46.443742,True,20-24-27-30-29-6-32-33-31-35-37-38-39-36-34-28-26-23-18-19-15-16-14-12-13-17-25-9-11-10-8-21|67-63-62-74-72-61-64-66-69-68-65-49-55-54-53-56-58-60-59-57-40-44-46-45-51-50-52-47-42-41-43-48|75-2-1-99-100-97-92-94-95-98-7-3-4-89-91-88-86-84-83-82-85-71-70-73-80-79-76-81-78-77-96-87-90|22-5-93
69,4,635.8564,55.3449,540.0,3206.0467,0,4,46.39,46.443742,True,20-24-27-30-29-6-32-33-31-35-37-38-39-36-34-28-26-23-18-19-15-16-14-12-13-17-25-9-11-10-8-21|67-63-62-74-72-61-64-66-69-68-65-49-55-54-53-56-58-60-59-57-40-44-46-45-51-50-52-47-42-41-43-48|75-2-1-99-100-97-92-94-95-98-7-3-4-89-91-88-86-84-83-82-85-71-70-73-80-79-76-81-78-77-96-87-90|22-5-93
70,4,643.5046,242.416,520.0,3202.8971,0,4,44.39,44.471625,True,20-24-29-6-32-33-31-35-37-38-39-36-34-28-26-23-18-19-15-16-14-12-13-17-25-9-11-10-8-21|67-63-62-74-72-61-64-66-69-68-65-49-55-54-53-56-58-60-59-57-40-44-46-45-51-50-52-47-42-41-43-48|93-2-1-99-100-97-92-94-95-98-7-3-4-89-91-88-86-84-83-82-85-76-71-70-73-80-79-81-78-77-96-87-90|22-27-30-5-75
71,4,643.5046,242.416,520.0,3202.8971,0,4,44.39,44.471625,True,20-24-29-6-32-33-31-35-37-38-39-36-34-28-26-23-18-19-15-16-14-12-13-17-25-9-11-10-8-21|67-63-62-74-72-61-64-66-69-68-65-49-55-54-53-56-58-60-59-57-40-44-46-45-51-50-52-47-42-41-43-48|93-2-1-99-100-97-92-94-95-98-7-3-4-89-91-88-86-84-83-82-85-76-71-70-73-80-79-81-78-77-96-87-90|22-27-30-5-75
72,4,645.3576,50.7312,520.0,3202.8971,0,4,44.39,44.443428,True,20-24-29-6-32-31-35-33-37-38-39-36-34-28-26-23-18-19-16-14-12-15-17-13-25-9-11-10-8-21|67-63-62-74-72-61-64-66-69-68-65-49-55-54-53-56-58-60-59-57-40-44-46-45-51-50-52-47-42-41-43-48|93-2-1-99-100-97-92-94-95-98-7-3-4-89-91-88-86-84-83-82-85-76-71-70-73-80-79-81-78-77-96-87-90|22-27-30-5-75
73,4,645.3576,50.7312,520.0,3202.8971,0,4,44.39,44.443428,True,20-24-29-6-32-31-35-33-37-38-39-36-34-28-26-23-18-19-16-14-12-15-17-13-25-9-11-10-8-21|67-63-62-74-72-61-64-66-69-68-65-49-55-54-53-56-58-60-59-57-40-44-46-45-51-50-52-47-42-41-43-48|93-2-1-99-100-97-92-94-95-98-7-3-4-89-91-88-86-84-83-82-85-76-71-70-73-80-79-81-78-77-96-87-90|22-27-30-5-75
74,4,645.6153,2275.7011,520.0,3165.3001,0,4,334.543039,334.92465,True,93-5-75-2-1-99-100-97-92-94-95-98-7-83-82-85-76-71-70-73-80-79-81-78-77-87-96|20-22-24-27-30-29-6-32-33-31-35-37-38-39-36-34-28-26-23-18-19-16-14-12-15-17-13-25-9-11-10-8-21|67-63-62-74-72-61-64-66-69-68-65-49-55-54-53-56-58-60-59-57-40-44-46-45-51-50-52-47-42-41-43-48|91-89-4-3-88-84-86-90
75,4,645.6153,2275.7011,520.0,3165.3001,0,4,334.543039,334.92465,True,93-5-75-2-1-99-100-97-92-94-95-98-7-83-82-85-76-71-70-73-80-79-81-78-77-87-96|20-22-24-27-30-29-6-32-33-31-35-37-38-39-36-34-28-26-23-18-19-16-14-12-15-17-13-25-9-11-10-8-21|67-63-62-74-72-61-64-66-69-68-65-49-55-54-53-56-58-60-59-57-40-44-46-45-51-50-52-47-42-41-43-48|91-89-4-3-88-84-86-90
76,4,646.5349,329.9002,500.0,3221.9029,0,4,42.672909,42.769416,True,20-24-29-6-32-31-35-33-34-36-37-38-39-28-26-23-18-19-15-16-14-12-13-17-25-9-11-10-8-21|67-63-62-74-72-61-64-66-69-68-65-49-55-54-53-56-58-60-59-57-40-44-46-45-51-50-52-47-42-41-43-48|75-2-1-99-100-97-92-94-95-98-7-3-4-89-91-88-86-84-83-82-85-71-70-73-80-79-76-81-78-77-96-87-90|22-27-30-5-93
77,4,646.5349,329.9002,500.0,3221.9029,0,4,42.672909,42.769416,True,20-24-29-6-32-31-35-33-34-36-37-38-39-28-26-23-18-19-15-16-14-12-13-17-25-9-11-10-8-21|67-63-62-74-72-61-64-66-69-68-65-49-55-54-53-56-58-60-59-57-40-44-46-45-51-50-52-47-42-41-43-48|75-2-1-99-100-97-92-94-95-98-7-3-4-89-91-88-86-84-83-82-85-71-70-73-80-79-76-81-78-77-96-87-90|22-27-30-5-93
78,4,646.6169,242.416,490.0,3206.1991,0,4,41.39,41.470054,True,20-24-29-6-32-33-31-35-37-38-39-36-34-28-26-23-18-19-15-16-14-12-13-17-25-9-11-10-8-21|67-63-62-74-72-61-64-66-69-68-65-49-55-54-53-56-58-60-59-57-40-44-46-45-51-50-52-47-42-41-43-48|5-2-1-99-100-97-92-94-95-98-7-3-4-89-91-88-86-84-83-82-85-71-70-73-80-79-76-81-78-77-96-87-90|22-27-30-75-93
79,4,646.6169,242.416,490.0,3206.1991,0,4,41.39,41.470054,True,20-24-29-6-32-33-31-35-37-38-39-36-34-28-26-23-18-19-15-16-14-12-13-17-25-9-11-10-8-21|67-63-62-74-72-61-64-66-69-68-65-49-55-54-53-56-58-60-59-57-40-44-46-45-51-50-52-47-42-41-43-48|5-2-1-99-100-97-92-94-95-98-7-3-4-89-91-88-86-84-83-82-85-71-70-73-80-79-76-81-78-77-96-87-90|22-27-30-75-93
80,4,652.816,2083.0144,550.0,3165.3001,0,4,305.640031,305.997899,True,93-5-75-2-1-99-100-97-92-94-95-98-3-4-88-86-84-83-82-85-76-71-70-73-80-79-81-78-77-87-96|20-22-24-27-30-29-6-32-33-31-35-37-38-39-36-34-28-26-23-18-19-16-14-12-15-17-13-25-9-11-10-8-21|63-62-74-72-61-64-68-65-49-55-54-53-56-58-60-59-57-40-44-46-45-51-50-52-47-43-42-41-48|69-66-67-89-7-91-90
81,4,652.816,2083.0144,550.0,3165.3001,0,4,305.640031,305.997899,True,93-5-75-2-1-99-100-97-92-94-95-98-3-4-88-86-84-83-82-85-76-71-70-73-80-79-81-78-77-87-96|20-22-24-27-30-29-6-32-33-31-35-37-38-39-36-34-28-26-23-18-19-16-14-12-15-17-13-25-9-11-10-8-21|63-62-74-72-61-64-68-65-49-55-54-53-56-58-60-59-57-40-44-46-45-51-50-52-47-43-42-41-48|69-66-67-89-7-91-90
82,3,669.9517,0.0,50.0,3288.4572,0,3,20.978422,20.997152,True,93-5-75-2-1-99-100-97-92-94-95-98-7-3-4-89-91-88-84-86-83-82-85-70-71-76-73-80-79-81-77-96-90|20-22-24-27-30-29-6-32-33-31-35-37-38-39-36-34-28-26-23-18-19-16-14-12-15-17-13-25-9-11-10-8-21|67-63-62-74-72-61-64-66-69-68-65-49-55-54-53-56-58-60-59-57-40-44-46-45-51-50-52-47-42-41-43-48-78-87
83,3,669.9517,0.0,50.0,3288.4572,0,3,20.978422,20.997152,True,93-5-75-2-1-99-100-97-92-94-95-98-7-3-4-89-91-88-84-86-83-82-85-70-71-76-73-80-79-81-77-96-90|20-22-24-27-30-29-6-32-33-31-35-37-38-39-36-34-28-26-23-18-19-16-14-12-15-17-13-25-9-11-10-8-21|67-63-62-74-72-61-64-66-69-68-65-49-55-54-53-56-58-60-59-57-40-44-46-45-51-50-52-47-42-41-43-48-78-87
84,4,678.0019,1820.8719,510.0,3202.8971,0,4,266.318664,266.646406,True,20-24-29-6-31-35-32-33-37-38-39-36-34-28-26-23-18-19-16-14-12-15-17-13-25-9-11-10-8-21|67-63-66-62-74-72-61-64-69-68-65-49-55-54-53-56-58-60-59-57-40-44-46-45-51-52-47-42-41-43-48|93-2-1-99-100-97-92-94-95-98-7-3-4-89-91-88-86-84-83-82-85-76-71-70-73-80-79-81-78-77-96-87-90|75-5-22-30-27-50
85,4,678.0019,1820.8719,510.0,3202.8971,0,4,266.318664,266.646406,True,20-24-29-6-31-35-32-33-37-38-39-36-34-28-26-23-18-19-16-14-12-15-17-13-25-9-11-10-8-21|67-63-66-62-74-72-61-64-69-68-65-49-55-54-53-56-58-60-59-57-40-44-46-45-51-52-47-42-41-43-48|93-2-1-99-100-97-92-94-95-98-7-3-4-89-91-88-86-84-83-82-85-76-71-70-73-80-79-81-78-77-96-87-90|75-5-22-30-27-50
86,4,680.5949,739.6281,470.0,3160.2774,0,4,104.13209,104.288031,True,93-5-75-2-1-99-100-97-92-94-95-3-4-91-88-86-84-83-82-85-76-71-70-73-80-79-81-78-77-96-87-90|20-24-27-30-29-6-32-33-31-35-37-38-39-36-34-28-26-23-18-19-16-14-12-15-17-13-25-9-11-10-8-21|67-62-74-72-61-64-68-65-49-55-54-53-56-58-60-59-57-40-44-46-45-51-50-52-47-43-42-41-48|22-69-66-63-89-7-98
87,4,680.5949,739.6281,470.0,3160.2774,0,4,104.13209,104.288031,True,93-5-75-2-1-99-100-97-92-94-95-3-4-91-88-86-84-83-82-85-76-71-70-73-80-79-81-78-77-96-87-90|20-24-27-30-29-6-32-33-31-35-37-38-39-36-34-28-26-23-18-19-16-14-12-15-17-13-25-9-11-10-8-21|67-62-74-72-61-64-68-65-49-55-54-53-56-58-60-59-57-40-44-46-45-51-50-52-47-43-42-41-48|22-69-66-63-89-7-98
88,4,701.7306,1264.59,210.0,3255.7616,0,4,182.876379,183.105728,True,6-32-33-37-38-35-31-55-54-53-56-58-60-59-57-40-44-46-45-51-50-52-47-42-41-43-48|67-63-62-74-72-61-64-66-69-68-65-49-86-88-84-83-82-85-76-71-70-73-80-79-81-78-77-96-87-90|93-5-75-2-1-99-100-97-92-94-95-98-7-3-4-89-91|20-22-24-27-30-29-34-36-39-28-26-23-18-19-16-14-12-15-17-13-25-9-11-10-8-21
89,4,701.7306,1264.59,210.0,3255.7616,0,4,182.876379,183.105728,True,6-32-33-37-38-35-31-55-54-53-56-58-60-59-57-40-44-46-45-51-50-52-47-42-41-43-48|67-63-62-74-72-61-64-66-69-68-65-49-86-88-84-83-82-85-76-71-70-73-80-79-81-78-77-96-87-90|93-5-75-2-1-99-100-97-92-94-95-98-7-3-4-89-91|20-22-24-27-30-29-34-36-39-28-26-23-18-19-16-14-12-15-17-13-25-9-11-10-8-21
90,4,701.8767,780.5931,430.0,3160.2774,0,4,110.276841,110.441311,True,93-5-75-2-1-99-100-97-92-94-3-4-91-88-86-84-83-82-85-76-71-70-73-80-79-81-78-77-96-87-90|20-24-27-30-29-6-32-33-31-35-37-38-39-36-34-28-26-23-18-19-16-14-12-15-17-13-25-9-11-10-8-21|67-62-74-72-61-64-65-49-55-54-53-56-58-60-59-57-40-44-46-45-51-50-52-47-43-42-41-48|22-66-69-68-63-89-95-98-7
91,4,702.3403,2183.564,230.0,3156.3452,0,4,320.722479,321.076944,True,6-32-33-35-37-38-39-36-31-55-54-53-56-58-60-59-57-40-44-46-45-51-50-52-47-42-41-43-48|67-63-62-74-72-61-64-66-69-68-65-49-86-88-84-83-82-85-76-71-70-73-80-79-81-78-77-87-96|93-5-75-2-1-99-100-97-92-94-95-98-7-3-4-89-91-90|20-22-24-27-30-29-34-28-26-23-18-19-16-14-12-15-17-13-25-9-11-10-8-21
92,4,702.3403,2183.564,230.0,3156.3452,0,4,320.722479,321.076944,True,6-32-33-35-37-38-39-36-31-55-54-53-56-58-60-59-57-40-44-46-45-51-50-52-47-42-41-43-48|67-63-62-74-72-61-64-66-69-68-65-49-86-88-84-83-82-85-76-71-70-73-80-79-81-78-77-87-96|93-5-75-2-1-99-100-97-92-94-95-98-7-3-4-89-91-90|20-22-24-27-30-29-34-28-26-23-18-19-16-14-12-15-17-13-25-9-11-10-8-21
93,5,704.3107,4841.2981,480.0,3040.8478,0,5,719.382586,720.144277,True,88-84-83-82-85-76-71-70-73-80-79-81-78-77-87-96|20-22-24-27-30-29-6-32-33-31-35-37-38-39-36-34-28-26-23-18-17-19-16-14-12-15-13-9-25-21|67-63-62-74-72-61-64-66-69-68-65-49-55-54-53-56-58-60-59-57-40-44-46-45-51-50-52-47-42-41-43-48|7-95-3-4-89-91-86-90|93-5-75-2-1-99-100-97-92-94-98-11-10-8
94,5,704.3107,4841.2981,480.0,3040.8478,0,5,719.382586,720.144277,True,88-84-83-82-85-76-71-70-73-80-79-81-78-77-87-96|20-22-24-27-30-29-6-32-33-31-35-37-38-39-36-34-28-26-23-18-17-19-16-14-12-15-13-9-25-21|67-63-62-74-72-61-64-66-69-68-65-49-55-54-53-56-58-60-59-57-40-44-46-45-51-50-52-47-42-41-43-48|7-95-3-4-89-91-86-90|93-5-75-2-1-99-100-97-92-94-98-11-10-8
95,5,707.6193,4638.9288,500.0,3060.8611,0,5,689.027196,689.764527,True,20-24-29-6-31-35-33-32-34-36-37-38-39-28-26-23-18-17-13-11-10-8|22-27-30-19-16-14-12-15-9-25-21|67-63-62-74-72-61-64-66-69-68-65-49-55-54-53-56-58-60-59-57-40-44-46-45-51-50-52-47-42-41-43-48|93-5-75-2-1-99-100-97-92-94-95-3-4-91-88-86-84-83-82-85-76-71-70-73-80-79-81-78-77-87-96|98-7-89-90
96,5,707.6193,4638.9288,500.0,3060.8611,0,5,689.027196,689.764527,True,20-24-29-6-31-35-33-32-34-36-37-38-39-28-26-23-18-17-13-11-10-8|22-27-30-19-16-14-12-15-9-25-21|67-63-62-74-72-61-64-66-69-68-65-49-55-54-53-56-58-60-59-57-40-44-46-45-51-50-52-47-42-41-43-48|93-5-75-2-1-99-100-97-92-94-95-3-4-91-88-86-84-83-82-85-76-71-70-73-80-79-81-78-77-87-96|98-7-89-90
97,3,725.9482,0.0,30.0,3334.813,0,3,37.777354,37.817837,True,20-22-24-27-30-29-6-32-33-31-35-37-38-39-36-34-28-26-23-18-19-15-16-14-12-13-25-9-11-10-8-21-90|67-63-62-74-72-61-64-66-69-68-65-49-55-54-53-56-58-60-59-57-40-44-46-45-51-50-52-17-47-43-42-41-48-96|93-5-75-2-1-99-100-97-92-94-95-98-7-3-4-89-91-88-86-84-83-82-85-76-71-70-73-80-79-81-78-77-87
98,3,725.9482,0.0,30.0,3334.813,0,3,37.777354,37.817837,True,20-22-24-27-30-29-6-32-33-31-35-37-38-39-36-34-28-26-23-18-19-15-16-14-12-13-25-9-11-10-8-21-90|67-63-62-74-72-61-64-66-69-68-65-49-55-54-53-56-58-60-59-57-40-44-46-45-51-50-52-17-47-43-42-41-48-96|93-5-75-2-1-99-100-97-92-94-95-98-7-3-4-89-91-88-86-84-83-82-85-76-71-70-73-80-79-81-78-77-87
99,4,729.1196,1926.9716,190.0,3255.7616,0,4,282.233619,282.568541,True,54-53-56-58-60-59-57-40-44-46-51-50-52-47-45-42-41-43-48|67-63-66-62-74-72-61-64-69-68-65-55-49-86-88-84-83-82-85-76-71-70-73-80-79-81-78-77-96-87-90|93-5-75-2-1-99-100-97-92-94-95-98-7-3-4-91-89-14-12-16-15-19-17-13-9-11-10-8|20-22-24-27-30-29-6-32-31-35-33-37-38-39-36-34-28-26-23-18-25-21
100,4,729.1196,1926.9716,190.0,3255.7616,0,4,282.233619,282.568541,True,54-53-56-58-60-59-57-40-44-46-51-50-52-47-45-42-41-43-48|67-63-66-62-74-72-61-64-69-68-65-55-49-86-88-84-83-82-85-76-71-70-73-80-79-81-78-77-96-87-90|93-5-75-2-1-99-100-97-92-94-95-98-7-3-4-91-89-14-12-16-15-19-17-13-9-11-10-8|20-22-24-27-30-29-6-32-31-35-33-37-38-39-36-34-28-26-23-18-25-21
101,4,737.0139,2110.4836,240.0,3156.3452,0,4,309.760416,310.115321,True,20-24-29-6-32-33-31-35-37-38-39-36-34-60-58-54-53-56-59-57-40-44-46-45-51-50-52-47-43-42-41-48|67-63-62-74-72-61-64-66-69-68-65-55-49-86-88-84-83-82-85-76-71-70-73-80-79-81-78-77-87-96|22-27-93-5-75-2-1-99-100-97-92-94-95-98-7-3-4-89-91-90|30-28-26-23-18-19-16-14-12-15-17-13-25-9-11-10-8-21
102,4,737.0139,2110.4836,240.0,3156.3452,0,4,309.760416,310.115321,True,20-24-29-6-32-33-31-35-37-38-39-36-34-60-58-54-53-56-59-57-40-44-46-45-51-50-52-47-43-42-41-48|67-63-62-74-72-61-64-66-69-68-65-55-49-86-88-84-83-82-85-76-71-70-73-80-79-81-78-77-87-96|22-27-93-5-75-2-1-99-100-97-92-94-95-98-7-3-4-89-91-90|30-28-26-23-18-19-16-14-12-15-17-13-25-9-11-10-8-21
103,5,738.928,4815.8983,470.0,3109.0594,0,5,715.572627,716.350126,True,20-22-24-29-6-32-31-35-33-34-36-37-38-39-28-26-23-18-15-13-11-10-8|67-69-27-30-17-19-16-14-12-9-25-21|66-62-74-72-61-64-68-65-49-55-54-53-56-58-60-59-57-40-44-46-45-51-50-52-47-42-41-43-48|93-5-75-2-1-99-100-97-94-92-95-98-7-3-4-89-86-84-83-82-85-71-70-73-80-79-76-81-78-77-87-96|63-91-88-90
104,5,738.928,4815.8983,470.0,3109.0594,0,5,715.572627,716.350126,True,20-22-24-29-6-32-31-35-33-34-36-37-38-39-28-26-23-18-15-13-11-10-8|67-69-27-30-17-19-16-14-12-9-25-21|66-62-74-72-61-64-68-65-49-55-54-53-56-58-60-59-57-40-44-46-45-51-50-52-47-42-41-43-48|93-5-75-2-1-99-100-97-94-92-95-98-7-3-4-89-86-84-83-82-85-71-70-73-80-79-76-81-78-77-87-96|63-91-88-90
105,4,741.463,2093.4249,240.0,3156.3452,0,4,307.201609,307.55529,True,20-22-24-29-6-32-33-31-35-37-38-39-36-34-60-58-53-56-59-57-40-44-46-45-51-50-52-47-43-42-41-48|67-63-62-74-72-61-64-66-69-68-65-55-54-49-86-88-84-83-82-85-76-71-70-73-80-79-81-78-77-87-96|27-93-5-75-2-1-99-100-97-92-94-95-98-7-3-4-89-91-90|30-28-26-23-18-19-16-14-12-15-17-13-25-9-11-10-8-21
106,4,741.463,2093.4249,240.0,3156.3452,0,4,307.201609,307.55529,True,20-22-24-29-6-32-33-31-35-37-38-39-36-34-60-58-53-56-59-57-40-44-46-45-51-50-52-47-43-42-41-48|67-63-62-74-72-61-64-66-69-68-65-55-54-49-86-88-84-83-82-85-76-71-70-73-80-79-81-78-77-87-96|27-93-5-75-2-1-99-100-97-92-94-95-98-7-3-4-89-91-90|30-28-26-23-18-19-16-14-12-15-17-13-25-9-11-10-8-21
107,4,751.9158,2072.4523,370.0,3193.5311,0,4,304.055726,304.427975,True,20-24-29-6-32-33-37-38-39-35-31-54-53-56-58-60-59-57-40-44-46-45-51-50-52-47-42-41-43-48|67-63-62-66-69-74-72-61-64-68-65-55-49-91-88-86-84-83-82-85-76-71-70-73-80-79-81-78-77-96-87-90|93-5-75-2-1-99-100-97-92-94-95-98-7-3-4-89-14-12-16-15-19-17-13-9-11-10-8|22-27-30-34-36-28-26-23-18-25-21
108,4,751.9158,2072.4523,370.0,3193.5311,0,4,304.055726,304.427975,True,20-24-29-6-32-33-37-38-39-35-31-54-53-56-58-60-59-57-40-44-46-45-51-50-52-47-42-41-43-48|67-63-62-66-69-74-72-61-64-68-65-55-49-91-88-86-84-83-82-85-76-71-70-73-80-79-81-78-77-96-87-90|93-5-75-2-1-99-100-97-92-94-95-98-7-3-4-89-14-12-16-15-19-17-13-9-11-10-8|22-27-30-34-36-28-26-23-18-25-21
109,4,760.255,2035.7251,370.0,3206.0451,0,4,298.546635,298.917753,True,75-20-22-24-29-6-32-31-35-33-34-36-37-38-39-28-26-23-18-15-13-11-10-8|30-27-69-67-4-12-14-16-19-17-9-25-21|63-66-62-74-72-61-64-68-65-49-55-54-53-56-58-60-59-57-40-44-46-45-51-50-52-47-42-41-43-48|93-5-2-1-99-100-97-92-94-95-98-7-3-89-91-88-86-84-83-82-85-71-70-73-80-79-76-81-78-77-96-87-90
110,4,760.255,2035.7251,370.0,3206.0451,0,4,298.546635,298.917753,True,75-20-22-24-29-6-32-31-35-33-34-36-37-38-39-28-26-23-18-15-13-11-10-8|30-27-69-67-4-12-14-16-19-17-9-25-21|63-66-62-74-72-61-64-68-65-49-55-54-53-56-58-60-59-57-40-44-46-45-51-50-52-47-42-41-43-48|93-5-2-1-99-100-97-92-94-95-98-7-3-89-91-88-86-84-83-82-85-71-70-73-80-79-76-81-78-77-96-87-90
111,4,772.2328,1989.7426,420.0,3163.598,0,4,291.649266,292.015713,True,29-6-32-33-31-35-37-38-39-36-34-60-56-53-59-57-40-44-46-45-51-50-52-47-42-41-43-48|67-63-74-62-66-69-72-61-64-68-65-55-54-58-49-86-84-83-82-85-71-70-73-80-79-76-81-78-77-96-87-90|93-5-75-2-1-99-100-97-92-94-95-98-7-3-4-88-91-89-14-12-16-18-19-15-17-13-9-11-10-8|20-22-24-27-30-28-26-23-25-21
112,4,772.2328,1989.7426,420.0,3163.598,0,4,291.649266,292.015713,True,29-6-32-33-31-35-37-38-39-36-34-60-56-53-59-57-40-44-46-45-51-50-52-47-42-41-43-48|67-63-74-62-66-69-72-61-64-68-65-55-54-58-49-86-84-83-82-85-71-70-73-80-79-76-81-78-77-96-87-90|93-5-75-2-1-99-100-97-92-94-95-98-7-3-4-88-91-89-14-12-16-18-19-15-17-13-9-11-10-8|20-22-24-27-30-28-26-23-25-21
113,7,773.583,5933.4429,540.0,3037.665,0,7,883.204316,884.156733,True,20-24-29-6-31-35-33-32-34-36-37-38-39-28-26-23-18-17-13-9-11-10-8|22-27-30-19-16-14-12-15-25-21|67-63-62-74-72-61-64-66-69-68-65-49-55-54-53-56-58-60-59-57-40-44-46-45-51-50-52-47-42-41-43-48|93-5-2-1-99-100-97-92-94-95-98-3-4-88-86-84-83-82-85-76-71-70-73-80-79-81-78-77-87|91-90-96|7-89|75
114,7,773.583,5933.4429,540.0,3037.665,0,7,883.204316,884.156733,True,20-24-29-6-31-35-33-32-34-36-37-38-39-28-26-23-18-17-13-9-11-10-8|22-27-30-19-16-14-12-15-25-21|67-63-62-74-72-61-64-66-69-68-65-49-55-54-53-56-58-60-59-57-40-44-46-45-51-50-52-47-42-41-43-48|93-5-2-1-99-100-97-92-94-95-98-3-4-88-86-84-83-82-85-76-71-70-73-80-79-81-78-77-87|91-90-96|7-89|75
115,4,773.6767,1969.4248,360.0,3198.3219,0,4,288.601591,288.964633,True,93-5-75-2-1-99-100-97-92-94-95-98-7-3-4-89-91-88-84-83-82-85-71-70-73-80-79-81-78-77-96-87-90|20-22-24-27-30-29-6-32-33-31-35-37-38-39-36-34-28-26-23-18-19-15-16-14-12-13-9-11-10-8|67-62-72-61-64-66-69-68-65-49-55-54-53-56-58-60-59-57-40-46-45-42-41-43-47-48|63-74-86-76-44-51-50-52-17-25-21
116,4,773.6767,1969.4248,360.0,3198.3219,0,4,288.601591,288.964633,True,93-5-75-2-1-99-100-97-92-94-95-98-7-3-4-89-91-88-84-83-82-85-71-70-73-80-79-81-78-77-96-87-90|20-22-24-27-30-29-6-32-33-31-35-37-38-39-36-34-28-26-23-18-19-15-16-14-12-13-9-11-10-8|67-62-72-61-64-66-69-68-65-49-55-54-53-56-58-60-59-57-40-46-45-42-41-43-47-48|63-74-86-76-44-51-50-52-17-25-21
117,5,782.2121,4499.9257,500.0,3090.9644,0,5,668.176735,668.920109,True,93-5-75-2-1-99-100-97-92-94-95-98-7-3-4-89-91-88-86-84-83-82-85-76-71-70-73-79-81-78-77-87|20-22-24-27-30-29-6-32-33-31-35-37-38-39-36-34-28-26-23-18-19-16-14-15-13-9-11-10-8|67-63-62-74-72-61-64-66-69-65-55-54-56-58-59-57-40-44-46-45-51-50-52-47-42-41-43-48|68-49-60-53-80-96-90|12-17-25-21
118,5,782.2121,4499.9257,500.0,3090.9644,0,5,668.176735,668.920109,True,93-5-75-2-1-99-100-97-92-94-95-98-7-3-4-89-91-88-86-84-83-82-85-76-71-70-73-79-81-78-77-87|20-22-24-27-30-29-6-32-33-31-35-37-38-39-36-34-28-26-23-18-19-16-14-15-13-9-11-10-8|67-63-62-74-72-61-64-66-69-65-55-54-56-58-59-57-40-44-46-45-51-50-52-47-42-41-43-48|68-49-60-53-80-96-90|12-17-25-21
119,5,782.7276,2860.4891,500.0,3060.8611,0,5,422.261242,422.754339,True,5-75-2-1-99-100-97-92-94-95-3-4-91-88-86-84-83-82-85-76-71-70-73-80-79-81-78-77-87-96|20-24-27-30-29-6-32-35-37-38-39-36-34-28-26-23-18-19-16-14-12-15-17-13-25-9-11-10-8-21|63-62-74-72-61-64-65-49-55-54-53-56-58-60-59-57-40-44-46-45-51-50-52-47-43-42-41-48|93-89|22-67-66-69-68-31-33-98-7-90
120,5,782.7276,2860.4891,500.0,3060.8611,0,5,422.261242,422.754339,True,5-75-2-1-99-100-97-92-94-95-3-4-91-88-86-84-83-82-85-76-71-70-73-80-79-81-78-77-87-96|20-24-27-30-29-6-32-35-37-38-39-36-34-28-26-23-18-19-16-14-12-15-17-13-25-9-11-10-8-21|63-62-74-72-61-64-65-49-55-54-53-56-58-60-59-57-40-44-46-45-51-50-52-47-43-42-41-48|93-89|22-67-66-69-68-31-33-98-7-90
121,6,786.2889,7376.6662,430.0,3091.5285,0,6,1099.687802,1100.857295,True,20-22-24-29-6-32-31-35-33-34-36-37-38-39-28-26-23-18-15-13-11-10-8|67-69-27-30-17-19-16-14-12-9-25-21|66-62-74-72-61-64-68-65-49-55-54-53-56-58-60-59-57-40-44-46-45-51-50-52-47-42-41-43-48|75-98-95-7-4-89-91-90|63-96|93-5-2-1-99-100-97-92-94-3-88-86-84-83-82-85-71-70-73-80-79-76-81-78-77-87
122,6,786.2889,7376.6662,430.0,3091.5285,0,6,1099.687802,1100.857295,True,20-22-24-29-6-32-31-35-33-34-36-37-38-39-28-26-23-18-15-13-11-10-8|67-69-27-30-17-19-16-14-12-9-25-21|66-62-74-72-61-64-68-65-49-55-54-53-56-58-60-59-57-40-44-46-45-51-50-52-47-42-41-43-48|75-98-95-7-4-89-91-90|63-96|93-5-2-1-99-100-97-92-94-3-88-86-84-83-82-85-71-70-73-80-79-76-81-78-77-87
123,5,826.4325,4482.3176,350.0,3064.1816,0,5,665.535522,666.270503,True,1-20-22-24-30-29-6-32-31-35-33-34-36-37-38-39-28-26-23-19-15-13-11-10-8|67-69-68-27-18-16-14-12-17-9-25-21|63-66-62-74-72-61-64-65-49-55-54-53-56-58-60-59-57-40-44-46-45-51-50-52-47-42-41-43-48|75-98-95-94-7-4-89-91-88-86-90|93-5-2-99-100-97-92-3-84-83-82-85-71-70-73-80-79-76-81-78-77-87-96
124,5,826.4325,4482.3176,350.0,3064.1816,0,5,665.535522,666.270503,True,1-20-22-24-30-29-6-32-31-35-33-34-36-37-38-39-28-26-23-19-15-13-11-10-8|67-69-68-27-18-16-14-12-17-9-25-21|63-66-62-74-72-61-64-65-49-55-54-53-56-58-60-59-57-40-44-46-45-51-50-52-47-42-41-43-48|75-98-95-94-7-4-89-91-88-86-90|93-5-2-99-100-97-92-3-84-83-82-85-71-70-73-80-79-76-81-78-77-87-96
125,5,826.4414,3018.4053,480.0,3060.8611,0,5,445.948675,446.476574,True,5-75-2-1-99-100-97-92-94-3-4-91-88-86-84-83-82-85-76-71-70-73-80-79-81-78-77-87-96|20-24-30-29-6-32-33-35-37-38-39-36-34-28-26-23-18-19-16-14-12-15-17-13-25-9-11-10-8-21|63-62-74-72-61-64-65-49-55-54-53-56-58-60-59-57-40-44-46-45-51-50-52-47-43-42-41-48|67-27-31-68-69-66-89-7-98|22-93-95-90
126,5,826.4414,3018.4053,480.0,3060.8611,0,5,445.948675,446.476574,True,5-75-2-1-99-100-97-92-94-3-4-91-88-86-84-83-82-85-76-71-70-73-80-79-81-78-77-87-96|20-24-30-29-6-32-33-35-37-38-39-36-34-28-26-23-18-19-16-14-12-15-17-13-25-9-11-10-8-21|63-62-74-72-61-64-65-49-55-54-53-56-58-60-59-57-40-44-46-45-51-50-52-47-43-42-41-48|67-27-31-68-69-66-89-7-98|22-93-95-90
127,6,828.0278,6652.4301,450.0,2968.7358,0,6,991.05239,992.10935,True,93-75-2-1-99-97-92-94-95-98-7-3-4-84-83-82-85-76-71-70-73-80-79-81-78-77-87-96|20-22-24-27-29-6-32-35-37-38-39-36-34-28-26-23-18-19-15-16-14-12-11-10-8|67-62-74-72-61-64-66-69-68-65-49-55-54-53-56-58-60-59-57-40-44-46-45-51-50-42-41-43-48|89-91-88-86-90|63-9-13-17-25-21|5-100-30-33-31-52-47
128,6,828.0278,6652.4301,450.0,2968.7358,0,6,991.05239,992.10935,True,93-75-2-1-99-97-92-94-95-98-7-3-4-84-83-82-85-76-71-70-73-80-79-81-78-77-87-96|20-22-24-27-29-6-32-35-37-38-39-36-34-28-26-23-18-19-15-16-14-12-11-10-8|67-62-74-72-61-64-66-69-68-65-49-55-54-53-56-58-60-59-57-40-44-46-45-51-50-42-41-43-48|89-91-88-86-90|63-9-13-17-25-21|5-100-30-33-31-52-47
129,5,847.8551,4146.5534,420.0,2968.7358,0,5,615.170885,615.854611,True,22-24-27-30-6-32-33-31-35-37-38-39-34-26-18-19-16-14-12-15-13-9-11-10-25-21-8|20-29-36-28-23-17-51-45-46|69-68-65-49-55-54-53-56-58-60-59-57-40-44-50-52-47-42-41-43-48|93-5-75-2-1-99-100-97-92-94-95-98-7-3-4-89-91-88-86-84-82-85-73-80-79-81-78-77-87-96|67-63-74-62-66-64-61-72-76-71-70-83-90
130,5,847.8551,4146.5534,420.0,2968.7358,0,5,615.170885,615.854611,True,22-24-27-30-6-32-33-31-35-37-38-39-34-26-18-19-16-14-12-15-13-9-11-10-25-21-8|20-29-36-28-23-17-51-45-46|69-68-65-49-55-54-53-56-58-60-59-57-40-44-50-52-47-42-41-43-48|93-5-75-2-1-99-100-97-92-94-95-98-7-3-4-89-91-88-86-84-82-85-73-80-79-81-78-77-87-96|67-63-74-62-66-64-61-72-76-71-70-83-90
131,4,850.4479,1828.8099,130.0,3160.2774,0,4,267.509357,267.84563,True,67-66-72-61-68-6-32-33-31-35-37-38-39-36-34-28-26-23-18-17-25-52-50-51-42-41|63-74-62-64-49-91-89-12-14-16-19-15-13-9-11-10-8-21|93-5-75-2-1-99-95-94-92-3-4-88-86-84-83-82-85-76-71-70-73-80-79-81-78-77-96-87-90|20-22-24-27-29-30-100-97-98-7-69-65-55-54-53-56-58-60-59-57-40-44-46-45-47-43-48
132,4,850.4479,1828.8099,130.0,3160.2774,0,4,267.509357,267.84563,True,67-66-72-61-68-6-32-33-31-35-37-38-39-36-34-28-26-23-18-17-25-52-50-51-42-41|63-74-62-64-49-91-89-12-14-16-19-15-13-9-11-10-8-21|93-5-75-2-1-99-95-94-92-3-4-88-86-84-83-82-85-76-71-70-73-80-79-81-78-77-96-87-90|20-22-24-27-29-30-100-97-98-7-69-65-55-54-53-56-58-60-59-57-40-44-46-45-47-43-48
133,4,851.7529,1827.5048,180.0,3160.2774,0,4,267.313601,267.655071,True,67-74-72-61-66-24-29-6-32-33-31-35-37-38-39-36-34-28-26-23-18-17-25-52-50-51-42-41|63-62-64-49-91-89-12-14-16-19-15-13-9-11-10-8-21|93-5-75-2-1-99-95-94-92-3-4-88-86-84-83-82-85-76-71-70-73-80-79-81-78-77-96-87-90|20-22-27-30-100-97-98-7-69-68-65-55-54-53-56-58-60-59-57-40-44-46-45-47-43-48
134,4,851.7529,1827.5048,180.0,3160.2774,0,4,267.313601,267.655071,True,67-74-72-61-66-24-29-6-32-33-31-35-37-38-39-36-34-28-26-23-18-17-25-52-50-51-42-41|63-62-64-49-91-89-12-14-16-19-15-13-9-11-10-8-21|93-5-75-2-1-99-95-94-92-3-4-88-86-84-83-82-85-76-71-70-73-80-79-81-78-77-96-87-90|20-22-27-30-100-97-98-7-69-68-65-55-54-53-56-58-60-59-57-40-44-46-45-47-43-48
135,4,853.257,1826.0007,120.0,3160.2774,0,4,267.087983,267.423678,True,67-66-72-61-6-32-33-31-35-37-38-39-36-34-28-26-23-18-17-25-52-50-51-42-41|63-74-62-64-65-49-91-89-12-14-16-19-15-13-9-11-10-8-21|93-5-75-2-1-99-95-94-92-3-4-88-86-84-83-82-85-76-71-70-73-80-79-81-78-77-96-87-90|20-22-24-27-29-30-100-97-98-7-69-68-55-54-53-56-58-60-59-57-40-44-46-45-47-43-48
136,4,853.257,1826.0007,120.0,3160.2774,0,4,267.087983,267.423678,True,67-66-72-61-6-32-33-31-35-37-38-39-36-34-28-26-23-18-17-25-52-50-51-42-41|63-74-62-64-65-49-91-89-12-14-16-19-15-13-9-11-10-8-21|93-5-75-2-1-99-95-94-92-3-4-88-86-84-83-82-85-76-71-70-73-80-79-81-78-77-96-87-90|20-22-24-27-29-30-100-97-98-7-69-68-55-54-53-56-58-60-59-57-40-44-46-45-47-43-48
137,4,853.9127,1924.9591,80.0,3160.2774,0,4,281.931744,282.27848,True,67-62-72-61-64-69-24-29-6-32-33-31-35-37-38-39-36-34-28-26-23-18-52-47-46-41|63-74-91-4-89-12-14-16-19-15-17-13-25-9-11-10-8-21|93-5-75-2-1-99-95-94-3-88-86-84-83-82-85-76-71-70-73-80-79-81-78-77-96-87-90|20-22-27-30-100-97-92-98-7-66-68-65-49-55-54-53-56-58-60-59-57-40-44-51-50-45-42-43-48
138,4,853.9127,1924.9591,80.0,3160.2774,0,4,281.931744,282.27848,True,67-62-72-61-64-69-24-29-6-32-33-31-35-37-38-39-36-34-28-26-23-18-52-47-46-41|63-74-91-4-89-12-14-16-19-15-17-13-25-9-11-10-8-21|93-5-75-2-1-99-95-94-3-88-86-84-83-82-85-76-71-70-73-80-79-81-78-77-96-87-90|20-22-27-30-100-97-92-98-7-66-68-65-49-55-54-53-56-58-60-59-57-40-44-51-50-45-42-43-48
139,4,853.9127,1924.9591,80.0,3160.2774,0,4,281.931744,282.27848,True,67-62-72-61-64-69-24-29-6-32-33-31-35-37-38-39-36-34-28-26-23-18-52-47-46-41|63-74-91-4-89-12-14-16-19-15-17-13-25-9-11-10-8-21|93-5-75-2-1-99-95-94-3-88-86-84-83-82-85-76-71-70-73-80-79-81-78-77-96-87-90|20-22-27-30-100-97-92-98-7-66-68-65-49-55-54-53-56-58-60-59-57-40-44-51-50-45-42-43-48
140,4,855.2732,1905.0137,90.0,3160.2774,0,4,278.939928,279.28508,True,67-62-61-66-20-22-24-29-6-32-33-31-35-37-38-39-36-34-28-26-23-18-19-17-25-21|63-74-72-64-65-55-54-53-49-91-4-89-12-14-16-15-13-9-11-10-8|93-5-75-2-1-99-95-94-92-3-88-86-84-83-82-85-76-71-70-73-80-79-81-78-77-96-87-90|27-30-100-97-98-7-69-68-57-59-56-58-60-40-44-46-45-51-50-52-47-42-41-43-48
141,4,855.2732,1905.0137,90.0,3160.2774,0,4,278.939928,279.28508,True,67-62-61-66-20-22-24-29-6-32-33-31-35-37-38-39-36-34-28-26-23-18-19-17-25-21|63-74-72-64-65-55-54-53-49-91-4-89-12-14-16-15-13-9-11-10-8|93-5-75-2-1-99-95-94-92-3-88-86-84-83-82-85-76-71-70-73-80-79-81-78-77-96-87-90|27-30-100-97-98-7-69-68-57-59-56-58-60-40-44-46-45-51-50-52-47-42-41-43-48
142,4,861.8936,1918.1553,70.0,3160.2774,0,4,280.91117,281.25828,True,67-62-72-61-64-69-24-29-6-32-33-31-35-37-38-39-36-34-28-26-23-18-17-52-46-41-47|63-74-88-91-4-89-12-14-16-19-15-13-25-9-11-10-8-21|93-5-75-2-1-99-95-94-3-86-84-83-82-85-76-71-70-73-80-79-81-78-77-96-87-90|20-22-27-30-100-97-92-98-7-66-68-65-49-55-54-53-56-58-60-59-57-40-44-51-50-45-42-43-48
143,4,861.8936,1918.1553,70.0,3160.2774,0,4,280.91117,281.25828,True,67-62-72-61-64-69-24-29-6-32-33-31-35-37-38-39-36-34-28-26-23-18-17-52-46-41-47|63-74-88-91-4-89-12-14-16-19-15-13-25-9-11-10-8-21|93-5-75-2-1-99-95-94-3-86-84-83-82-85-76-71-70-73-80-79-81-78-77-96-87-90|20-22-27-30-100-97-92-98-7-66-68-65-49-55-54-53-56-58-60-59-57-40-44-51-50-45-42-43-48
144,4,861.8936,1918.1553,70.0,3160.2774,0,4,280.91117,281.25828,True,67-62-72-61-64-69-24-29-6-32-33-31-35-37-38-39-36-34-28-26-23-18-17-52-46-41-47|63-74-88-91-4-89-12-14-16-19-15-13-25-9-11-10-8-21|93-5-75-2-1-99-95-94-3-86-84-83-82-85-76-71-70-73-80-79-81-78-77-96-87-90|20-22-27-30-100-97-92-98-7-66-68-65-49-55-54-53-56-58-60-59-57-40-44-51-50-45-42-43-48
145,5,863.0271,2394.7992,460.0,3011.1639,0,5,352.407749,352.843628,True,93-2-1-99-100-97-92-94-95-98-7-3-4-89-91-88-86-84-83-82-85-76-71-70-73-80-79-81-78-77-90|27-29-32-33-31-35-38-36-34-28-26-23-18-19-16-14-12-15-17-13-25-9-11-10-8-21|67-63-62-74-72-61-66-68-65-49-55-59-57-40-44-46-45-51-50-52-47-42-41-43-48|5-30-39-37-56-58-60-53-54-96-87|75-22-24-6-20-64-69
146,5,863.0271,2394.7992,460.0,3011.1639,0,5,352.407749,352.843628,True,93-2-1-99-100-97-92-94-95-98-7-3-4-89-91-88-86-84-83-82-85-76-71-70-73-80-79-81-78-77-90|27-29-32-33-31-35-38-36-34-28-26-23-18-19-16-14-12-15-17-13-25-9-11-10-8-21|67-63-62-74-72-61-66-68-65-49-55-59-57-40-44-46-45-51-50-52-47-42-41-43-48|5-30-39-37-56-58-60-53-54-96-87|75-22-24-6-20-64-69
147,4,865.6927,1821.0908,180.0,3167.8032,0,4,266.351496,266.697314,True,67-74-72-61-66-6-33-32-31-35-37-38-39-36-34-28-26-23-18-17-25-52-50-51-42-41|63-62-64-49-54-65-12-14-16-19-15-13-9-11-10-8-21|93-75-2-1-99-95-92-94-7-3-4-89-91-88-86-84-83-82-85-76-71-70-73-80-79-81-78-77-96-87-90|20-22-24-27-29-30-5-100-97-98-69-68-55-53-56-58-60-59-57-40-44-46-45-47-43-48
148,4,865.6927,1821.0908,180.0,3167.8032,0,4,266.351496,266.697314,True,67-74-72-61-66-6-33-32-31-35-37-38-39-36-34-28-26-23-18-17-25-52-50-51-42-41|63-62-64-49-54-65-12-14-16-19-15-13-9-11-10-8-21|93-75-2-1-99-95-92-94-7-3-4-89-91-88-86-84-83-82-85-76-71-70-73-80-79-81-78-77-96-87-90|20-22-24-27-29-30-5-100-97-98-69-68-55-53-56-58-60-59-57-40-44-46-45-47-43-48
149,4,873.4614,1805.7963,80.0,3160.2774,0,4,264.057323,264.392049,True,67-66-72-61-6-32-33-31-35-37-38-39-36-34-28-26-23-18-17-25-52-50-51-42-41|63-74-62-64-65-54-49-91-89-12-14-16-19-15-13-9-11-10-8-21|93-5-75-2-1-99-95-94-92-3-4-88-86-84-83-82-85-76-71-70-73-80-79-81-78-77-96-87-90|20-22-24-27-29-30-100-97-98-7-69-68-55-53-56-58-60-59-57-40-44-46-45-47-43-48
150,4,873.4614,1805.7963,80.0,3160.2774,0,4,264.057323,264.392049,True,67-66-72-61-6-32-33-31-35-37-38-39-36-34-28-26-23-18-17-25-52-50-51-42-41|63-74-62-64-65-54-49-91-89-12-14-16-19-15-13-9-11-10-8-21|93-5-75-2-1-99-95-94-92-3-4-88-86-84-83-82-85-76-71-70-73-80-79-81-78-77-96-87-90|20-22-24-27-29-30-100-97-98-7-69-68-55-53-56-58-60-59-57-40-44-46-45-47-43-48
151,4,873.4614,1805.7963,80.0,3160.2774,0,4,264.057323,264.392049,True,67-66-72-61-6-32-33-31-35-37-38-39-36-34-28-26-23-18-17-25-52-50-51-42-41|63-74-62-64-65-54-49-91-89-12-14-16-19-15-13-9-11-10-8-21|93-5-75-2-1-99-95-94-92-3-4-88-86-84-83-82-85-76-71-70-73-80-79-81-78-77-96-87-90|20-22-24-27-29-30-100-97-98-7-69-68-55-53-56-58-60-59-57-40-44-46-45-47-43-48
152,4,873.7182,1805.5395,130.0,3160.2774,0,4,264.018805,264.358569,True,67-74-72-61-66-24-29-6-32-33-31-35-37-38-39-36-34-28-26-23-18-17-25-52-50-51-42-41|63-62-64-65-54-49-91-89-12-14-16-19-15-13-9-11-10-8-21|93-75-2-1-99-95-94-92-3-4-88-86-84-83-82-85-76-71-70-73-80-79-81-78-77-96-87-90|20-22-27-30-5-100-97-98-7-69-68-55-53-56-58-60-59-57-40-44-46-45-47-43-48
153,4,873.7182,1805.5395,130.0,3160.2774,0,4,264.018805,264.358569,True,67-74-72-61-66-24-29-6-32-33-31-35-37-38-39-36-34-28-26-23-18-17-25-52-50-51-42-41|63-62-64-65-54-49-91-89-12-14-16-19-15-13-9-11-10-8-21|93-75-2-1-99-95-94-92-3-4-88-86-84-83-82-85-76-71-70-73-80-79-81-78-77-96-87-90|20-22-27-30-5-100-97-98-7-69-68-55-53-56-58-60-59-57-40-44-46-45-47-43-48
154,4,874.1804,1805.0774,130.0,3160.2774,0,4,263.949485,264.289318,True,67-74-72-61-66-24-29-6-32-33-31-35-37-38-39-36-34-28-26-23-18-17-25-52-50-51-42-41|63-62-64-65-54-49-91-89-12-14-16-19-15-13-9-11-10-8-21|93-5-75-2-1-99-95-94-92-3-4-88-86-84-83-82-85-76-71-70-73-80-79-81-78-77-96-87-90|20-22-27-30-100-97-98-7-69-68-55-53-56-58-60-59-57-40-44-46-45-47-43-48
155,4,874.1804,1805.0774,130.0,3160.2774,0,4,263.949485,264.289318,True,67-74-72-61-66-24-29-6-32-33-31-35-37-38-39-36-34-28-26-23-18-17-25-52-50-51-42-41|63-62-64-65-54-49-91-89-12-14-16-19-15-13-9-11-10-8-21|93-5-75-2-1-99-95-94-92-3-4-88-86-84-83-82-85-76-71-70-73-80-79-81-78-77-96-87-90|20-22-27-30-100-97-98-7-69-68-55-53-56-58-60-59-57-40-44-46-45-47-43-48
156,4,881.8628,1843.217,70.0,3160.2774,0,4,269.670419,270.012279,True,67-66-72-61-29-6-32-33-31-35-37-38-39-36-34-28-26-23-18-19-17-25-21-42-41|63-74-62-64-65-54-49-91-4-89-12-14-16-15-13-9-11-10-8|93-5-75-2-1-99-95-94-3-88-86-84-83-82-85-76-71-70-73-80-79-81-78-77-96-87-90|20-22-24-27-30-100-97-92-98-7-69-68-55-53-56-58-60-59-57-40-44-46-45-51-50-52-47-43-48
157,4,881.8628,1843.217,70.0,3160.2774,0,4,269.670419,270.012279,True,67-66-72-61-29-6-32-33-31-35-37-38-39-36-34-28-26-23-18-19-17-25-21-42-41|63-74-62-64-65-54-49-91-4-89-12-14-16-15-13-9-11-10-8|93-5-75-2-1-99-95-94-3-88-86-84-83-82-85-76-71-70-73-80-79-81-78-77-96-87-90|20-22-24-27-30-100-97-92-98-7-69-68-55-53-56-58-60-59-57-40-44-46-45-51-50-52-47-43-48
158,4,882.4407,1660.7242,330.0,3160.2774,0,4,242.296502,242.637161,True,67-66-6-32-33-31-35-37-38-39-36-34-28-26-19-18-23-52-51-46-42-41|63-62-74-72-61-64-65-55-54-53-56-58-49-91-4-89-12-14-16-15-17-13-25-9-11-10-8-21|93-5-75-2-1-99-100-97-92-94-95-3-88-86-84-83-82-85-76-71-70-73-80-79-81-78-77-96-87-90|20-22-24-27-29-30-98-7-69-68-57-59-60-40-44-45-50-47-43-48
159,4,882.4407,1660.7242,330.0,3160.2774,0,4,242.296502,242.637161,True,67-66-6-32-33-31-35-37-38-39-36-34-28-26-19-18-23-52-51-46-42-41|63-62-74-72-61-64-65-55-54-53-56-58-49-91-4-89-12-14-16-15-17-13-25-9-11-10-8-21|93-5-75-2-1-99-100-97-92-94-95-3-88-86-84-83-82-85-76-71-70-73-80-79-81-78-77-96-87-90|20-22-24-27-29-30-98-7-69-68-57-59-60-40-44-45-50-47-43-48
160,4,888.0518,1788.9465,60.0,3160.2774,0,4,261.529857,261.864432,True,67-66-62-72-61-29-6-32-33-31-35-37-38-39-36-34-28-26-23-18-17-25-21-42-41|63-74-64-65-55-54-53-49-91-4-89-12-14-16-19-15-13-9-11-10-8|93-75-2-1-99-94-95-98-3-88-86-84-83-82-85-76-71-70-73-80-79-81-78-77-96-87-90|20-22-24-27-30-5-100-97-92-7-69-68-56-58-60-59-57-40-44-46-45-51-50-52-47-43-48
161,4,888.0518,1788.9465,60.0,3160.2774,0,4,261.529857,261.864432,True,67-66-62-72-61-29-6-32-33-31-35-37-38-39-36-34-28-26-23-18-17-25-21-42-41|63-74-64-65-55-54-53-49-91-4-89-12-14-16-19-15-13-9-11-10-8|93-75-2-1-99-94-95-98-3-88-86-84-83-82-85-76-71-70-73-80-79-81-78-77-96-87-90|20-22-24-27-30-5-100-97-92-7-69-68-56-58-60-59-57-40-44-46-45-51-50-52-47-43-48
162,5,888.2249,4515.6061,370.0,3060.8611,0,5,670.528794,671.288808,True,20-29-6-32-33-35-37-38-39-36-34-60-58-56-59-57-40-44-46-45-51-50-52-47-42-41-43-48|63-74-72-61-64-66-69-68-65-49-86-84-83-82-85-76-71-70-73-80-79-81-78-77-87-96|93-5-75-2-1-99-100-97-92-94-95-98-7-4-14-16-19-18-17-15-12-13-9-11-10-8|22-24-27-30-28-26-23-25-21|67-62-55-54-53-31-89-3-88-91-90
163,5,888.2249,4515.6061,370.0,3060.8611,0,5,670.528794,671.288808,True,20-29-6-32-33-35-37-38-39-36-34-60-58-56-59-57-40-44-46-45-51-50-52-47-42-41-43-48|63-74-72-61-64-66-69-68-65-49-86-84-83-82-85-76-71-70-73-80-79-81-78-77-87-96|93-5-75-2-1-99-100-97-92-94-95-98-7-4-14-16-19-18-17-15-12-13-9-11-10-8|22-24-27-30-28-26-23-25-21|67-62-55-54-53-31-89-3-88-91-90
164,4,895.4043,1743.0102,100.0,3160.2774,0,4,254.639401,254.973291,True,67-74-72-61-66-24-29-6-32-33-31-35-37-38-39-36-34-28-26-18-23-52-45-46-42-41|63-62-64-54-49-91-4-89-12-14-16-19-15-17-13-25-9-11-10-8-21|93-5-75-2-1-99-95-94-92-3-88-86-84-83-82-85-76-71-70-73-80-79-81-78-77-96-87-90|20-22-27-30-100-97-98-7-69-68-65-55-53-56-58-60-59-57-40-44-51-50-47-43-48
165,4,895.4043,1743.0102,100.0,3160.2774,0,4,254.639401,254.973291,True,67-74-72-61-66-24-29-6-32-33-31-35-37-38-39-36-34-28-26-18-23-52-45-46-42-41|63-62-64-54-49-91-4-89-12-14-16-19-15-17-13-25-9-11-10-8-21|93-5-75-2-1-99-95-94-92-3-88-86-84-83-82-85-76-71-70-73-80-79-81-78-77-96-87-90|20-22-27-30-100-97-98-7-69-68-65-55-53-56-58-60-59-57-40-44-51-50-47-43-48
166,4,896.5934,1371.8252,200.0,3068.1522,0,4,198.96166,199.236411,True,67-62-61-66-69-6-32-33-31-35-37-38-39-36-34-28-26-19-18-23-52|63-74-72-64-65-55-54-56-53-49-86-88-89-12-14-16-15-17-13-25-9-11-10-8-21|93-5-75-2-1-99-95-94-92-3-91-84-83-82-85-76-71-70-73-80-79-81-78-77-96-87-90|20-22-24-27-29-30-100-97-98-7-4-68-57-59-58-60-40-44-46-45-51-50-47-42-41-43-48
167,4,896.5934,1371.8252,200.0,3068.1522,0,4,198.96166,199.236411,True,67-62-61-66-69-6-32-33-31-35-37-38-39-36-34-28-26-19-18-23-52|63-74-72-64-65-55-54-56-53-49-86-88-89-12-14-16-15-17-13-25-9-11-10-8-21|93-5-75-2-1-99-95-94-92-3-91-84-83-82-85-76-71-70-73-80-79-81-78-77-96-87-90|20-22-24-27-29-30-100-97-98-7-4-68-57-59-58-60-40-44-46-45-51-50-47-42-41-43-48
168,4,896.8096,1732.0596,90.0,3160.2774,0,4,252.996814,253.328484,True,67-74-72-61-66-24-29-6-32-33-31-35-37-38-39-36-34-28-26-18-23-52-51-46-41|63-62-64-54-49-91-89-12-14-16-19-15-17-13-25-9-11-10-8-21|93-5-75-2-1-99-95-94-92-3-4-88-86-84-83-82-85-76-71-70-73-80-79-81-78-77-96-87-90|20-22-27-30-100-97-98-7-69-68-65-55-53-56-58-60-59-57-40-44-45-50-47-42-43-48
169,4,896.8096,1732.0596,90.0,3160.2774,0,4,252.996814,253.328484,True,67-74-72-61-66-24-29-6-32-33-31-35-37-38-39-36-34-28-26-18-23-52-51-46-41|63-62-64-54-49-91-89-12-14-16-19-15-17-13-25-9-11-10-8-21|93-5-75-2-1-99-95-94-92-3-4-88-86-84-83-82-85-76-71-70-73-80-79-81-78-77-96-87-90|20-22-27-30-100-97-98-7-69-68-65-55-53-56-58-60-59-57-40-44-45-50-47-42-43-48
170,7,902.838,7568.2365,560.0,2906.0881,0,7,1128.423344,1129.642021,True,93-75-2-1-99-100-97-92-94-95-98-7-3-4-89-91-88-86-84-83-82-85-71-70-73-79-81-78-77-87|20-22-24-27-29-6-32-33-35-37-38-39-36-28-26-23-18-19-16-14-12-15-13-9-11-10-8|67-63-62-72-61-64-66-69-68-65-49-55-54-53-56-58-60-59-57-40-44-46-45-42-41-43-47-48|90|74-80-76-96|34-51-50-52-17-25-21|5-30-31
171,7,902.838,7568.2365,560.0,2906.0881,0,7,1128.423344,1129.642021,True,93-75-2-1-99-100-97-92-94-95-98-7-3-4-89-91-88-86-84-83-82-85-71-70-73-79-81-78-77-87|20-22-24-27-29-6-32-33-35-37-38-39-36-28-26-23-18-19-16-14-12-15-13-9-11-10-8|67-63-62-72-61-64-66-69-68-65-49-55-54-53-56-58-60-59-57-40-44-46-45-42-41-43-47-48|90|74-80-76-96|34-51-50-52-17-25-21|5-30-31
172,4,907.5877,1721.2815,140.0,3160.2774,0,4,251.3801,251.718387,True,67-74-72-61-66-24-29-6-32-33-31-35-37-38-39-36-34-28-26-18-23-52-51-46-41|63-62-64-65-54-56-53-49-91-4-89-12-14-16-19-15-17-13-25-9-11-10-8-21|93-5-75-2-1-99-95-94-92-3-88-86-84-83-82-85-76-71-70-73-80-79-81-78-77-96-87-90|20-22-27-30-100-97-98-7-69-68-55-58-60-59-57-40-44-45-50-47-42-43-48
173,4,907.5877,1721.2815,140.0,3160.2774,0,4,251.3801,251.718387,True,67-74-72-61-66-24-29-6-32-33-31-35-37-38-39-36-34-28-26-18-23-52-51-46-41|63-62-64-65-54-56-53-49-91-4-89-12-14-16-19-15-17-13-25-9-11-10-8-21|93-5-75-2-1-99-95-94-92-3-88-86-84-83-82-85-76-71-70-73-80-79-81-78-77-96-87-90|20-22-27-30-100-97-98-7-69-68-55-58-60-59-57-40-44-45-50-47-42-43-48
174,6,910.043,5299.0795,420.0,2961.1045,0,6,788.049795,788.924212,True,93-5-2-99-100-97-92-94-98-3-4-89-91-88-84-83-82-85-76-71-70-73-79-80-78-87-90|20-22-6-33-31-35-37-39-36-34-23-19-16-14-12-15-13-25-9-11-10|67-63-66-62-74-72-61-64-68-65-49-55-54-53-56-58-60-59-44-46-45-51-50-52-47-42-41-43-48|69-40-57-86-77-81-96|24-27-30-29-32-38-28-26-18-17-8-21|75-1-95-7
175,6,910.043,5299.0795,420.0,2961.1045,0,6,788.049795,788.924212,True,93-5-2-99-100-97-92-94-98-3-4-89-91-88-84-83-82-85-76-71-70-73-79-80-78-87-90|20-22-6-33-31-35-37-39-36-34-23-19-16-14-12-15-13-25-9-11-10|67-63-66-62-74-72-61-64-68-65-49-55-54-53-56-58-60-59-44-46-45-51-50-52-47-42-41-43-48|69-40-57-86-77-81-96|24-27-30-29-32-38-28-26-18-17-8-21|75-1-95-7
176,5,911.8331,4491.9979,400.0,3060.8611,0,5,666.987562,667.754117,True,20-29-6-32-33-35-37-38-36-34-60-58-56-59-57-40-44-46-45-51-50-52-47-42-41-43-48|67-63-74-72-61-64-66-69-68-65-55-49-86-84-83-82-85-76-71-70-73-80-79-81-78-77-87-96|93-5-75-2-1-99-100-97-92-94-95-98-7-4-89-14-16-19-18-17-15-12-13-9-11-10-8|22-24-27-30-26-23-25-21|62-54-53-31-39-28-3-88-91-90
177,5,911.8331,4491.9979,400.0,3060.8611,0,5,666.987562,667.754117,True,20-29-6-32-33-35-37-38-36-34-60-58-56-59-57-40-44-46-45-51-50-52-47-42-41-43-48|67-63-74-72-61-64-66-69-68-65-55-49-86-84-83-82-85-76-71-70-73-80-79-81-78-77-87-96|93-5-75-2-1-99-100-97-92-94-95-98-7-4-89-14-16-19-18-17-15-12-13-9-11-10-8|22-24-27-30-26-23-25-21|62-54-53-31-39-28-3-88-91-90
178,5,911.8331,4491.9979,400.0,3060.8611,0,5,666.987562,667.754117,True,20-29-6-32-33-35-37-38-36-34-60-58-56-59-57-40-44-46-45-51-50-52-47-42-41-43-48|67-63-74-72-61-64-66-69-68-65-55-49-86-84-83-82-85-76-71-70-73-80-79-81-78-77-87-96|93-5-75-2-1-99-100-97-92-94-95-98-7-4-89-14-16-19-18-17-15-12-13-9-11-10-8|22-24-27-30-26-23-25-21|62-54-53-31-39-28-3-88-91-90
179,5,914.2803,1168.7265,410.0,3160.2774,0,5,168.496854,168.781565,True,5-75-2-1-99-100-97-92-94-3-4-91-88-86-84-83-82-85-76-71-70-73-80-79-81-78-77-96-87-90|20-24-30-29-6-32-35-38-39-36-34-28-26-23-18-19-16-14-12-15-17-13-25-9-11-10-8-21|63-62-74-72-61-64-65-49-55-54-53-56-58-60-59-57-40-44-46-45-51-50-52-47-43-42-41-48|67-33-31-27-68-69-66-89-7-98|22-93-95-37
180,5,914.2803,1168.7265,410.0,3160.2774,0,5,168.496854,168.781565,True,5-75-2-1-99-100-97-92-94-3-4-91-88-86-84-83-82-85-76-71-70-73-80-79-81-78-77-96-87-90|20-24-30-29-6-32-35-38-39-36-34-28-26-23-18-19-16-14-12-15-17-13-25-9-11-10-8-21|63-62-74-72-61-64-65-49-55-54-53-56-58-60-59-57-40-44-46-45-51-50-52-47-43-42-41-48|67-33-31-27-68-69-66-89-7-98|22-93-95-37
181,5,915.6704,3440.6541,430.0,3060.8611,0,5,509.285986,509.898991,True,93-5-75-2-1-99-100-97-92-94-98-4-89-91-88-86-84-83-82-85-76-71-70-73-80-79-81-78-77-87-96|20-22-24-27-29-6-32-33-31-35-38-37-34-28-26-18-17-19-16-14-12-15-9-11-8-21|63-62-72-61-64-66-69-68-65-49-54-53-56-58-60-59-57-40-44-46-45-51-50-47-42-41-43-48|30-23-25-13-10-52-90|67-74-55-39-36-95-3-7
182,5,915.6704,3440.6541,430.0,3060.8611,0,5,509.285986,509.898991,True,93-5-75-2-1-99-100-97-92-94-98-4-89-91-88-86-84-83-82-85-76-71-70-73-80-79-81-78-77-87-96|20-22-24-27-29-6-32-33-31-35-38-37-34-28-26-18-17-19-16-14-12-15-9-11-8-21|63-62-72-61-64-66-69-68-65-49-54-53-56-58-60-59-57-40-44-46-45-51-50-47-42-41-43-48|30-23-25-13-10-52-90|67-74-55-39-36-95-3-7
183,7,917.1511,8267.1037,530.0,2943.6496,0,7,1233.25343,1234.583865,True,93-5-75-2-1-99-100-97-92-94-95-98-7-3-4-91-88-83-82-85-71-70-73-80-79-81-78-77-87|20-22-24-27-29-6-32-31-35-37-38-39-36-34-28-26-23-18-19-16-14-12-15-17-9-11-10-8|67-63-62-74-72-61-64-66-69-68-65-55-54-53-56-58-60-59-57-40-44-46-45-51-50-52-47-42-41-43-48|25-13-90|86-84-76-96|89-49|33-30-21
184,7,917.1511,8267.1037,530.0,2943.6496,0,7,1233.25343,1234.583865,True,93-5-75-2-1-99-100-97-92-94-95-98-7-3-4-91-88-83-82-85-71-70-73-80-79-81-78-77-87|20-22-24-27-29-6-32-31-35-37-38-39-36-34-28-26-23-18-19-16-14-12-15-17-9-11-10-8|67-63-62-74-72-61-64-66-69-68-65-55-54-53-56-58-60-59-57-40-44-46-45-51-50-52-47-42-41-43-48|25-13-90|86-84-76-96|89-49|33-30-21
185,4,919.8538,1866.905,50.0,3160.2774,0,4,273.223624,273.578433,True,67-62-61-66-20-29-6-32-33-31-35-37-38-39-36-34-28-26-23-18-19-25-46-51-50-52|63-74-72-64-54-53-49-88-91-3-89-12-14-16-15-17-13-9-11-10-8-21|93-5-75-1-99-95-98-4-86-84-83-82-85-76-71-70-73-80-79-81-78-77-96-87-90|22-24-27-30-2-100-97-92-94-7-69-68-65-55-56-58-60-59-57-40-44-45-42-41-43-47-48
186,4,919.8538,1866.905,50.0,3160.2774,0,4,273.223624,273.578433,True,67-62-61-66-20-29-6-32-33-31-35-37-38-39-36-34-28-26-23-18-19-25-46-51-50-52|63-74-72-64-54-53-49-88-91-3-89-12-14-16-15-17-13-9-11-10-8-21|93-5-75-1-99-95-98-4-86-84-83-82-85-76-71-70-73-80-79-81-78-77-96-87-90|22-24-27-30-2-100-97-92-94-7-69-68-65-55-56-58-60-59-57-40-44-45-42-41-43-47-48
187,4,931.574,1514.3236,130.0,3186.7583,0,4,220.336419,220.65383,True,67-62-72-61-64-69-24-29-6-32-33-31-35-37-38-39-36-34-28-26-23-18-19|63-74-56-53-88-3-4-91-89-12-14-16-15-17-13-25-9-11-10-8-21|93-5-75-2-1-99-95-94-84-86-83-82-85-76-71-70-73-80-79-81-78-77-87-96|20-22-27-30-100-97-92-98-7-66-68-65-49-55-54-58-60-59-57-40-44-46-51-50-52-45-42-41-43-47-48-90
188,4,931.574,1514.3236,130.0,3186.7583,0,4,220.336419,220.65383,True,67-62-72-61-64-69-24-29-6-32-33-31-35-37-38-39-36-34-28-26-23-18-19|63-74-56-53-88-3-4-91-89-12-14-16-15-17-13-25-9-11-10-8-21|93-5-75-2-1-99-95-94-84-86-83-82-85-76-71-70-73-80-79-81-78-77-87-96|20-22-27-30-100-97-92-98-7-66-68-65-49-55-54-58-60-59-57-40-44-46-51-50-52-45-42-41-43-47-48-90
189,4,933.0248,1491.6565,100.0,3160.2774,0,4,216.936356,217.24383,True,67-66-72-61-29-6-32-33-31-35-37-38-39-36-34-28-26-23-19-17-25-46-41|63-74-62-64-65-54-56-53-49-91-3-4-89-18-16-14-12-15-13-9-11-10-8-21|93-5-75-2-1-99-95-94-88-86-84-83-82-85-76-71-70-73-80-79-81-78-77-96-87-90|20-22-24-27-30-100-97-92-98-7-69-68-55-58-60-59-57-40-44-45-51-50-52-47-42-43-48
190,4,933.0248,1491.6565,100.0,3160.2774,0,4,216.936356,217.24383,True,67-66-72-61-29-6-32-33-31-35-37-38-39-36-34-28-26-23-19-17-25-46-41|63-74-62-64-65-54-56-53-49-91-3-4-89-18-16-14-12-15-13-9-11-10-8-21|93-5-75-2-1-99-95-94-88-86-84-83-82-85-76-71-70-73-80-79-81-78-77-96-87-90|20-22-24-27-30-100-97-92-98-7-69-68-55-58-60-59-57-40-44-45-51-50-52-47-42-43-48
191,5,934.4734,4326.4685,410.0,2977.1756,0,5,642.158146,642.895111,True,93-75-2-1-99-97-94-95-98-7-3-4-91-88-83-82-85-70-73-79-81-78-87|20-22-24-27-30-29-6-32-33-31-35-37-38-39-36-34-28-26-23-18-19-16-14-12-15-9-11-10-8|67-63-62-74-72-61-64-66-69-68-65-49-55-54-53-56-58-60-59-57-40-44-46-45-51-50-47-42-43-48|92-100-13-17-52-41-77-90|5-89-86-84-76-71-80-96-25-21
192,5,934.4734,4326.4685,410.0,2977.1756,0,5,642.158146,642.895111,True,93-75-2-1-99-97-94-95-98-7-3-4-91-88-83-82-85-70-73-79-81-78-87|20-22-24-27-30-29-6-32-33-31-35-37-38-39-36-34-28-26-23-18-19-16-14-12-15-9-11-10-8|67-63-62-74-72-61-64-66-69-68-65-49-55-54-53-56-58-60-59-57-40-44-46-45-51-50-47-42-43-48|92-100-13-17-52-41-77-90|5-89-86-84-76-71-80-96-25-21
193,4,935.2536,1517.5988,140.0,3068.1522,0,4,220.827697,221.129912,True,67-66-61-64-69-6-32-33-31-35-37-38-39-36-34-28-26-23-18-19-52-46-51-41|63-62-74-72-53-54-49-88-3-4-91-89-12-14-16-15-17-13-25-9-11-10-8-21|93-5-75-2-1-98-95-94-84-86-83-82-85-76-71-70-73-80-79-81-78-77-96-87-90|20-22-24-27-29-30-99-100-97-92-7-68-65-55-56-58-60-59-57-40-44-45-50-47-42-43-48
194,4,935.2536,1517.5988,140.0,3068.1522,0,4,220.827697,221.129912,True,67-66-61-64-69-6-32-33-31-35-37-38-39-36-34-28-26-23-18-19-52-46-51-41|63-62-74-72-53-54-49-88-3-4-91-89-12-14-16-15-17-13-25-9-11-10-8-21|93-5-75-2-1-98-95-94-84-86-83-82-85-76-71-70-73-80-79-81-78-77-96-87-90|20-22-24-27-29-30-99-100-97-92-7-68-65-55-56-58-60-59-57-40-44-45-50-47-42-43-48
195,4,942.5341,1618.7438,60.0,3060.8611,0,4,235.999448,236.309925,True,67-66-72-61-68-29-6-32-33-31-35-37-38-39-36-34-28-26-23-18-19-25-51-42-41|63-74-62-64-65-55-56-53-88-91-4-89-12-14-16-15-17-13-9-11-10-8-21|93-5-75-2-1-99-95-94-3-86-84-83-82-85-76-71-70-73-80-79-81-78-77-87-96|20-22-24-27-30-100-97-92-98-7-69-49-54-58-60-59-57-40-44-46-45-50-52-47-43-48-90
196,4,942.5341,1618.7438,60.0,3060.8611,0,4,235.999448,236.309925,True,67-66-72-61-68-29-6-32-33-31-35-37-38-39-36-34-28-26-23-18-19-25-51-42-41|63-74-62-64-65-55-56-53-88-91-4-89-12-14-16-15-17-13-9-11-10-8-21|93-5-75-2-1-99-95-94-3-86-84-83-82-85-76-71-70-73-80-79-81-78-77-87-96|20-22-24-27-30-100-97-92-98-7-69-49-54-58-60-59-57-40-44-46-45-50-52-47-43-48-90
197,4,943.9569,1495.3417,60.0,3160.2774,0,4,217.489135,217.796441,True,67-66-74-72-61-29-6-32-33-31-35-38-39-36-34-28-26-23-18-19-17-25|63-62-64-65-54-56-53-49-91-4-89-12-14-16-15-13-9-11-10-8-21|93-75-1-99-97-94-95-98-3-88-86-84-83-82-85-76-71-70-73-80-79-81-78-77-96-87-90|20-22-24-27-30-5-2-100-92-7-69-68-37-55-58-60-59-57-40-44-46-45-51-50-52-47-42-41-43-48
198,4,943.9569,1495.3417,60.0,3160.2774,0,4,217.489135,217.796441,True,67-66-74-72-61-29-6-32-33-31-35-38-39-36-34-28-26-23-18-19-17-25|63-62-64-65-54-56-53-49-91-4-89-12-14-16-15-13-9-11-10-8-21|93-75-1-99-97-94-95-98-3-88-86-84-83-82-85-76-71-70-73-80-79-81-78-77-96-87-90|20-22-24-27-30-5-2-100-92-7-69-68-37-55-58-60-59-57-40-44-46-45-51-50-52-47-42-41-43-48
199,4,944.9201,1457.8476,50.0,3160.2774,0,4,211.86501,212.165981,True,67-74-72-64-66-69-29-6-32-33-31-35-38-39-36-34-28-26-23-18-19-17-25|63-62-61-65-54-56-53-49-91-4-89-12-14-16-15-13-9-11-10-8-21|93-75-1-97-94-95-98-3-88-86-84-83-82-85-76-71-70-73-80-79-81-78-77-96-87-90|20-22-24-27-30-5-2-99-100-92-7-68-37-55-58-60-59-57-40-44-46-45-51-50-52-47-42-41-43-48
200,4,944.9201,1457.8476,50.0,3160.2774,0,4,211.86501,212.165981,True,67-74-72-64-66-69-29-6-32-33-31-35-38-39-36-34-28-26-23-18-19-17-25|63-62-61-65-54-56-53-49-91-4-89-12-14-16-15-13-9-11-10-8-21|93-75-1-97-94-95-98-3-88-86-84-83-82-85-76-71-70-73-80-79-81-78-77-96-87-90|20-22-24-27-30-5-2-99-100-92-7-68-37-55-58-60-59-57-40-44-46-45-51-50-52-47-42-41-43-48
201,7,948.4668,7522.6077,560.0,2906.0881,0,7,1121.579037,1122.804558,True,93-75-2-1-99-100-97-92-94-95-98-7-3-4-89-91-88-86-84-83-82-85-71-70-73-79-81-78-77-87|20-22-24-27-29-6-32-33-37-38-39-36-28-26-23-18-19-16-14-12-15-13-9-11-10-8|67-63-62-72-61-64-66-69-68-65-49-55-54-53-56-58-59-57-40-46-45-42-41-43-47-48|90|74-80-76-96|34-35-60-44-51-50-52-17-25-21|5-30-31
202,7,948.4668,7522.6077,560.0,2906.0881,0,7,1121.579037,1122.804558,True,93-75-2-1-99-100-97-92-94-95-98-7-3-4-89-91-88-86-84-83-82-85-71-70-73-79-81-78-77-87|20-22-24-27-29-6-32-33-37-38-39-36-28-26-23-18-19-16-14-12-15-13-9-11-10-8|67-63-62-72-61-64-66-69-68-65-49-55-54-53-56-58-59-57-40-46-45-42-41-43-47-48|90|74-80-76-96|34-35-60-44-51-50-52-17-25-21|5-30-31
203,5,962.9182,3302.273,490.0,2999.6764,0,5,488.528827,489.132072,True,93-5-75-2-1-99-100-97-92-94-95-98-7-3-4-91-88-84-83-82-85-76-71-70-73-79-81-78-77-87|20-22-24-27-29-6-32-33-31-35-37-38-39-36-28-26-23-18-19-16-14-15-13-9-11-10-8-21|67-63-62-74-72-61-64-66-69-68-65-55-54-56-58-59-57-40-44-46-45-51-50-52-47-42-41-43-48|60-25-17-12-90-80-96|30-34-53-49-86-89
204,5,962.9182,3302.273,490.0,2999.6764,0,5,488.528827,489.132072,True,93-5-75-2-1-99-100-97-92-94-95-98-7-3-4-91-88-84-83-82-85-76-71-70-73-79-81-78-77-87|20-22-24-27-29-6-32-33-31-35-37-38-39-36-28-26-23-18-19-16-14-15-13-9-11-10-8-21|67-63-62-74-72-61-64-66-69-68-65-55-54-56-58-59-57-40-44-46-45-51-50-52-47-42-41-43-48|60-25-17-12-90-80-96|30-34-53-49-86-89
205,4,980.2858,1558.8011,120.0,3028.0689,0,4,227.008037,227.321929,True,67-66-72-61-68-29-6-32-33-31-35-37-38-39-36-34-28-26-23-18-19-46-51-41|63-74-62-64-56-53-88-3-4-91-89-12-14-16-15-17-13-25-9-11-10-8-21|93-5-75-2-1-99-95-94-84-86-83-82-85-76-71-70-73-80-79-81-78-77-87-96|20-22-24-27-30-100-97-92-98-7-69-65-49-55-54-58-60-59-57-40-44-45-50-52-47-42-43-48-90
206,4,980.2858,1558.8011,120.0,3028.0689,0,4,227.008037,227.321929,True,67-66-72-61-68-29-6-32-33-31-35-37-38-39-36-34-28-26-23-18-19-46-51-41|63-74-62-64-56-53-88-3-4-91-89-12-14-16-15-17-13-25-9-11-10-8-21|93-5-75-2-1-99-95-94-84-86-83-82-85-76-71-70-73-80-79-81-78-77-87-96|20-22-24-27-30-100-97-92-98-7-69-65-49-55-54-58-60-59-57-40-44-45-50-52-47-42-43-48-90
207,6,992.6547,6564.9656,380.0,2968.7358,0,6,977.932719,979.018947,True,93-75-1-99-97-92-94-95-98-7-3-4-83-82-85-76-71-70-73-80-79-81-78-77-87-96|22-24-27-29-6-32-35-37-38-28-26-23-18-19-16-14-15-13-9-11-10-8|67-63-62-66-69-68-65-49-55-54-58-59-40-46-41-42-43-48|20-34-36-39-60-56-53-57-44-45-51-25-17-12-21|30-5-2-100-74-72-61-64-31-33-52-50-47|89-91-88-84-86-90
208,6,992.6547,6564.9656,380.0,2968.7358,0,6,977.932719,979.018947,True,93-75-1-99-97-92-94-95-98-7-3-4-83-82-85-76-71-70-73-80-79-81-78-77-87-96|22-24-27-29-6-32-35-37-38-28-26-23-18-19-16-14-15-13-9-11-10-8|67-63-62-66-69-68-65-49-55-54-58-59-40-46-41-42-43-48|20-34-36-39-60-56-53-57-44-45-51-25-17-12-21|30-5-2-100-74-72-61-64-31-33-52-50-47|89-91-88-84-86-90
209,8,1012.6606,11918.2999,450.0,2851.466,0,8,1780.932867,1782.818107,True,67-63-62-66-69-72-61-64-68-65-49-54-59-57-40-44-46-51-50-52-47-45-42-41-43-48|55-60-58-56-53-86-84-83-82-85-71-70-76-90|25-17-13-9-10-8|93-5-75-2-1-99-100-97-92-94-95-98-7-3-4-88-91-89-11-21|22-24-27-30-29-6-31-35-32-33-37-38-39-36-34-28-26-23-18-19-15-16-14-12|20-74-80-79-73-81-78|96-87|77
210,8,1012.6606,11918.2999,450.0,2851.466,0,8,1780.932867,1782.818107,True,67-63-62-66-69-72-61-64-68-65-49-54-59-57-40-44-46-51-50-52-47-45-42-41-43-48|55-60-58-56-53-86-84-83-82-85-71-70-76-90|25-17-13-9-10-8|93-5-75-2-1-99-100-97-92-94-95-98-7-3-4-88-91-89-11-21|22-24-27-30-29-6-31-35-32-33-37-38-39-36-34-28-26-23-18-19-15-16-14-12|20-74-80-79-73-81-78|96-87|77
211,6,1016.0376,6541.5827,390.0,2968.7358,0,6,974.425277,975.516013,True,93-75-2-1-99-97-94-95-98-7-3-4-83-82-85-76-71-70-73-80-79-81-78-77-87-96|20-22-24-27-29-6-32-35-37-38-36-28-26-23-19-16-14-15-13-9-11-10-8|67-63-62-69-66-61-64-65-49-55-54-58-59-40-46-41-42-43-48|34-39-60-56-53-57-44-45-51-18-17-12-25-21|30-5-100-92-74-72-68-31-33-52-50-47|89-91-88-84-86-90
212,6,1016.0376,6541.5827,390.0,2968.7358,0,6,974.425277,975.516013,True,93-75-2-1-99-97-94-95-98-7-3-4-83-82-85-76-71-70-73-80-79-81-78-77-87-96|20-22-24-27-29-6-32-35-37-38-36-28-26-23-19-16-14-15-13-9-11-10-8|67-63-62-69-66-61-64-65-49-55-54-58-59-40-46-41-42-43-48|34-39-60-56-53-57-44-45-51-18-17-12-25-21|30-5-100-92-74-72-68-31-33-52-50-47|89-91-88-84-86-90
213,7,1021.9616,6430.3216,530.0,2876.4189,0,7,957.736119,958.812395,True,93-5-2-1-99-100-97-92-94-95-98-3-4-89-88-86-84-83-82-85-76-70-73-80-79-81-78-77-90|20-22-27-30-29-6-32-33-31-35-37-38-39-36-34-28-26-18-19-16-14-12-13-17-25-9-10-8|67-63-74-61-64-66-68-65-49-55-54-53-58-60-59-57-40-44-46-45-51-50-52-47-42-41-43-48|62-96-87|75-11-21|69-72-56-91-7-23-15-71|24
214,7,1021.9616,6430.3216,530.0,2876.4189,0,7,957.736119,958.812395,True,93-5-2-1-99-100-97-92-94-95-98-3-4-89-88-86-84-83-82-85-76-70-73-80-79-81-78-77-90|20-22-27-30-29-6-32-33-31-35-37-38-39-36-34-28-26-18-19-16-14-12-13-17-25-9-10-8|67-63-74-61-64-66-68-65-49-55-54-53-58-60-59-57-40-44-46-45-51-50-52-47-42-41-43-48|62-96-87|75-11-21|69-72-56-91-7-23-15-71|24
215,5,1024.8602,3987.906,430.0,2968.7358,0,5,591.373778,592.087809,True,93-5-75-2-1-99-100-97-92-94-91-88-84-83-85-76-71-70-73-80-79-81-78-77-87-96|20-22-24-27-30-29-6-31-35-33-32-34-36-37-38-39-23-19-16-14-12-15-17-13-25-9-11-10-8-21|67-63-74-62-66-69-72-61-64-68-65-49-55-54-53-56-59-57-40-44-51-50-52-45-47|4-3-95-18-28-60-82-86-90|89-7-98-26-58-46-41-42-43-48
216,5,1024.8602,3987.906,430.0,2968.7358,0,5,591.373778,592.087809,True,93-5-75-2-1-99-100-97-92-94-91-88-84-83-85-76-71-70-73-80-79-81-78-77-87-96|20-22-24-27-30-29-6-31-35-33-32-34-36-37-38-39-23-19-16-14-12-15-17-13-25-9-11-10-8-21|67-63-74-62-66-69-72-61-64-68-65-49-55-54-53-56-59-57-40-44-51-50-52-45-47|4-3-95-18-28-60-82-86-90|89-7-98-26-58-46-41-42-43-48
217,5,1030.7179,3443.1761,430.0,2935.5529,0,5,509.664298,510.293399,True,93-5-75-1-99-100-92-94-95-98-3-4-89-88-86-84-82-70-73-80-79-81-77-87-96|20-22-27-30-29-6-33-31-35-37-38-39-36-34-26-23-18-16-14-12-15-17-13-25-9-11-10-8-21|67-63-62-74-72-61-64-66-69-68-65-55-54-53-56-58-60-59-57-44-46-45-51-50-52-42-41-43-48|24-32-49-83-85-71-76-78-90-47|2-97-7-91-19-28-40
218,5,1030.7179,3443.1761,430.0,2935.5529,0,5,509.664298,510.293399,True,93-5-75-1-99-100-92-94-95-98-3-4-89-88-86-84-82-70-73-80-79-81-77-87-96|20-22-27-30-29-6-33-31-35-37-38-39-36-34-26-23-18-16-14-12-15-17-13-25-9-11-10-8-21|67-63-62-74-72-61-64-66-69-68-65-55-54-53-56-58-60-59-57-44-46-45-51-50-52-42-41-43-48|24-32-49-83-85-71-76-78-90-47|2-97-7-91-19-28-40
219,7,1039.5163,7226.8569,420.0,2876.4189,0,7,1077.216412,1078.406434,True,5-75-2-1-99-92-94-95-98-7-3-4-89-91-88-86-84-83-82-85-76-71-73-80-79-81-78-77-90|6-31-32-33-36-39-26-23-18-19-16-14-12-15-17-13-25-9-11-10-8|67-63-74-72-61-64-69-68-65-49-55-54-53-56-58-60-59-57-40-44-45-50-52-47-43-48|42-41-87|66-29-34-35-51-46-70-96|62-97-100-93|20-22-24-27-30-28-37-38-21
220,7,1039.5163,7226.8569,420.0,2876.4189,0,7,1077.216412,1078.406434,True,5-75-2-1-99-92-94-95-98-7-3-4-89-91-88-86-84-83-82-85-76-71-73-80-79-81-78-77-90|6-31-32-33-36-39-26-23-18-19-16-14-12-15-17-13-25-9-11-10-8|67-63-74-72-61-64-69-68-65-49-55-54-53-56-58-60-59-57-40-44-45-50-52-47-43-48|42-41-87|66-29-34-35-51-46-70-96|62-97-100-93|20-22-24-27-30-28-37-38-21
221,7,1042.7625,6032.7429,520.0,2878.6322,0,7,898.099312,899.121523,True,93-5-75-2-1-99-100-97-94-95-98-7-3-4-91-88-84-83-82-85-76-71-70-73-79-81-78-77-87|20-22-24-27-29-6-32-33-35-37-38-39-36-28-26-23-18-19-16-14-15-13-9-11-10-8|67-63-62-74-72-61-64-66-69-68-65-55-54-56-58-59-57-40-44-46-45-51-50-52-47-42-41-43-48|12-17-25-21-90|31-34-89-86-80-96|49-53-60|30-92
222,7,1042.7625,6032.7429,520.0,2878.6322,0,7,898.099312,899.121523,True,93-5-75-2-1-99-100-97-94-95-98-7-3-4-91-88-84-83-82-85-76-71-70-73-79-81-78-77-87|20-22-24-27-29-6-32-33-35-37-38-39-36-28-26-23-18-19-16-14-15-13-9-11-10-8|67-63-62-74-72-61-64-66-69-68-65-55-54-56-58-59-57-40-44-46-45-51-50-52-47-42-41-43-48|12-17-25-21-90|31-34-89-86-80-96|49-53-60|30-92
223,12,1056.4776,17270.1815,320.0,2875.5293,0,12,2583.715099,2586.408075,True,84-83-82-85-76-71-70-73-80-79-81-78-77-96|20-22-24-27-30-29-6-32-33-31-35-37-38-39-36-34-28-26-23-21|66-69-68-49-54-53-56-58-60-59-45-51-50-52-47-43-48|67-63-62-74-72-61-64-65-55-57-40-44-46-42-41|88|18-17-25|86-87|5-2-93|7-98-92-94-91-90|8-9|12-14-16-19-15-13-11-10|75-1-99-100-97-95-3-4-89
224,12,1056.4776,17270.1815,320.0,2875.5293,0,12,2583.715099,2586.408075,True,84-83-82-85-76-71-70-73-80-79-81-78-77-96|20-22-24-27-30-29-6-32-33-31-35-37-38-39-36-34-28-26-23-21|66-69-68-49-54-53-56-58-60-59-45-51-50-52-47-43-48|67-63-62-74-72-61-64-65-55-57-40-44-46-42-41|88|18-17-25|86-87|5-2-93|7-98-92-94-91-90|8-9|12-14-16-19-15-13-11-10|75-1-99-100-97-95-3-4-89
225,6,1057.214,5139.7883,390.0,2968.7358,0,6,764.156122,765.048942,True,93-75-2-1-99-97-94-95-98-7-3-4-83-82-85-76-71-70-73-80-79-81-78-77-87-96|20-22-24-27-29-6-32-35-37-38-36-28-26-23-19-16-14-15-13-9-11-10-8|67-63-62-61-64-66-69-68-65-55-54-58-59-57-40-46-45-50-52-47-42-43-48|34-39-60-56-53-44-51-18-17-12-25-21-41|30-5-100-92-74-72-49-31-33|89-91-88-84-86-90
226,6,1057.214,5139.7883,390.0,2968.7358,0,6,764.156122,765.048942,True,93-75-2-1-99-97-94-95-98-7-3-4-83-82-85-76-71-70-73-80-79-81-78-77-87-96|20-22-24-27-29-6-32-35-37-38-36-28-26-23-19-16-14-15-13-9-11-10-8|67-63-62-61-64-66-69-68-65-55-54-58-59-57-40-46-45-50-52-47-42-43-48|34-39-60-56-53-44-51-18-17-12-25-21-41|30-5-100-92-74-72-49-31-33|89-91-88-84-86-90
227,6,1057.5513,6752.6159,370.0,2972.976,0,6,1006.080255,1007.213736,True,93-75-2-1-99-100-97-92-94-95-98-7-3-4-88-86-84-83-82-85-71-70-73-81-78-96|22-29-6-31-35-39-28-26-23-18-19-16-15-13-11-10|63-62-66-69-61-64-68-65-49-55-54-56-58-59-40-44-45-51-50-52-47-42-41-43-48|67-74-72-80-79-76-90-8-25|20-30-34-36-37-38-60-53-57-46-17-14-12-9-21|5-27-33-32-24-89-91-77-87
228,6,1057.5513,6752.6159,370.0,2972.976,0,6,1006.080255,1007.213736,True,93-75-2-1-99-100-97-92-94-95-98-7-3-4-88-86-84-83-82-85-71-70-73-81-78-96|22-29-6-31-35-39-28-26-23-18-19-16-15-13-11-10|63-62-66-69-61-64-68-65-49-55-54-56-58-59-40-44-45-51-50-52-47-42-41-43-48|67-74-72-80-79-76-90-8-25|20-30-34-36-37-38-60-53-57-46-17-14-12-9-21|5-27-33-32-24-89-91-77-87
229,9,1062.6317,9427.3194,480.0,2872.5762,0,9,1407.285789,1408.818839,True,93-75-2-1-99-97-94-95-98-7-3-4-84-83-82-85-76-71-70-73-80-79-81-78-77-87|20-22-24-27-29-6-32-33-31-35-37-38-28-26-23-18-19-15-16-14-12-9-11-10-8|67-62-61-64-66-69-68-65-55-54-53-56-58-60-59-57-40-44-46-45-51-50-52-47-42-43-48|91-88-86-90-41|96|74-63-13-17-25-21|89-49|5-92-100-30-39-36-34|72
230,9,1062.6317,9427.3194,480.0,2872.5762,0,9,1407.285789,1408.818839,True,93-75-2-1-99-97-94-95-98-7-3-4-84-83-82-85-76-71-70-73-80-79-81-78-77-87|20-22-24-27-29-6-32-33-31-35-37-38-28-26-23-18-19-15-16-14-12-9-11-10-8|67-62-61-64-66-69-68-65-55-54-53-56-58-60-59-57-40-44-46-45-51-50-52-47-42-43-48|91-88-86-90-41|96|74-63-13-17-25-21|89-49|5-92-100-30-39-36-34|72
231,9,1080.009,10759.4131,540.0,2872.2036,0,9,1607.099836,1608.843858,True,93-5-75-2-1-99-100-97-94-95-98-7-3-4-89-91-88-84-83-82-85-71-70-73-79-81-78-77-87|20-22-24-27-29-6-32-37-38-39-36-34-28-26-23-18-19-16-14-12-15-17-13-9-11-10-8|67-63-62-74-72-61-64-66-69-68-65-55-54-44-46-45-51-50-52-47-43-42-41-48|59|25-90|86-76-80-96|21|49-53-56-58-60-57-40|30-33-35-31-92
232,9,1080.009,10759.4131,540.0,2872.2036,0,9,1607.099836,1608.843858,True,93-5-75-2-1-99-100-97-94-95-98-7-3-4-89-91-88-84-83-82-85-71-70-73-79-81-78-77-87|20-22-24-27-29-6-32-37-38-39-36-34-28-26-23-18-19-16-14-12-15-17-13-9-11-10-8|67-63-62-74-72-61-64-66-69-68-65-55-54-44-46-45-51-50-52-47-43-42-41-48|59|25-90|86-76-80-96|21|49-53-56-58-60-57-40|30-33-35-31-92
233,9,1080.7805,14168.3692,440.0,2872.5762,0,9,2118.443256,2120.688909,True,93-75-1-99-92-94-95-98-7-3-4-84-83-82-85-76-71-70-73-80-79-81-78-77-87|20-22-24-29-6-32-33-35-37-28-26-23-18-19-15-13-25-9-8|67-62-61-64-66-69-68-65-49-55-54-53-56-58-60-59-57-40-44-45-42-43-48|96|91-88-86-90|47-21|27-30-34-36-39-38-51-50-17-16-14-12-11-10|89-46-41|5-2-100-97-63-74-72-31-52
234,9,1080.7805,14168.3692,440.0,2872.5762,0,9,2118.443256,2120.688909,True,93-75-1-99-92-94-95-98-7-3-4-84-83-82-85-76-71-70-73-80-79-81-78-77-87|20-22-24-29-6-32-33-35-37-28-26-23-18-19-15-13-25-9-8|67-62-61-64-66-69-68-65-49-55-54-53-56-58-60-59-57-40-44-45-42-43-48|96|91-88-86-90|47-21|27-30-34-36-39-38-51-50-17-16-14-12-11-10|89-46-41|5-2-100-97-63-74-72-31-52
235,8,1105.0007,8357.5947,530.0,2872.2036,0,8,1246.827084,1248.217031,True,93-5-75-2-1-99-100-97-94-95-98-7-3-4-91-88-84-83-82-85-76-71-70-73-79-81-78-77-87|20-22-24-27-29-6-32-33-35-37-38-39-36-34-28-26-23-18-19-16-14-15-13-9-11-10-8|67-63-62-74-72-61-64-66-69-68-65-55-54-56-58-59-57-40-44-46-45-51-50-52-47-42-41-43-48|96-90|31-25-21|86-89-12-17-80|30-49-53-60|92
236,8,1105.0007,8357.5947,530.0,2872.2036,0,8,1246.827084,1248.217031,True,93-5-75-2-1-99-100-97-94-95-98-7-3-4-91-88-84-83-82-85-76-71-70-73-79-81-78-77-87|20-22-24-27-29-6-32-33-35-37-38-39-36-34-28-26-23-18-19-16-14-15-13-9-11-10-8|67-63-62-74-72-61-64-66-69-68-65-55-54-56-58-59-57-40-44-46-45-51-50-52-47-42-41-43-48|96-90|31-25-21|86-89-12-17-80|30-49-53-60|92
237,6,1123.3982,6982.6396,290.0,2975.0395,0,6,1040.583811,1041.763859,True,20-24-29-6-37-38-35-31-55-54-53-56-58-60-40-46-41-42-43-48|67-63-62-66-69-74-72-61-64-49-65-68-86-88-83-82-76-71-70-73-80-79-81-78-77-87-96|93-5-75-2-1-99-100-97-92-94-95-98-7-4-91-11-15-9-10-8|22-27-30-28-23-18-17-14-13-25-21|89-3-85-12-16-19-52-45-51-50-47|32-33-34-36-39-26-44-59-57-84-90
238,6,1123.3982,6982.6396,290.0,2975.0395,0,6,1040.583811,1041.763859,True,20-24-29-6-37-38-35-31-55-54-53-56-58-60-40-46-41-42-43-48|67-63-62-66-69-74-72-61-64-49-65-68-86-88-83-82-76-71-70-73-80-79-81-78-77-87-96|93-5-75-2-1-99-100-97-92-94-95-98-7-4-91-11-15-9-10-8|22-27-30-28-23-18-17-14-13-25-21|89-3-85-12-16-19-52-45-51-50-47|32-33-34-36-39-26-44-59-57-84-90
239,9,1124.0633,11483.4527,400.0,2858.5686,0,9,1715.705786,1717.555585,True,93-75-1-99-94-95-98-7-3-4-83-82-85-76-71-70-73-79-81-78-87|20-22-24-27-30-17-15-16-13-9-25-21|67-62-61-64-66-69-68-65-55-54-53-56-58-59-57-40-44-46-45-51-50-52-47-42-41-43-48|96-77|91-88-86-90|63-80|29-6-32-33-37-35-31-60-38-39-36-34-28-26-23-18-19-14-12-11-10-8|89-84|5-2-100-97-92-74-72-49
240,9,1124.0633,11483.4527,400.0,2858.5686,0,9,1715.705786,1717.555585,True,93-75-1-99-94-95-98-7-3-4-83-82-85-76-71-70-73-79-81-78-87|20-22-24-27-30-17-15-16-13-9-25-21|67-62-61-64-66-69-68-65-55-54-53-56-58-59-57-40-44-46-45-51-50-52-47-42-41-43-48|96-77|91-88-86-90|63-80|29-6-32-33-37-35-31-60-38-39-36-34-28-26-23-18-19-14-12-11-10-8|89-84|5-2-100-97-92-74-72-49
241,7,1125.7075,7651.464,480.0,2863.5992,0,7,1140.907473,1142.191121,True,93-75-2-1-99-97-94-95-98-7-3-4-91-88-83-82-85-70-73-79-81-78-87|20-22-24-27-30-29-6-32-35-37-38-36-28-26-23-18-19-16-14-12-15-9-11-10-8|67-63-62-74-72-61-64-66-69-68-65-49-55-54-53-56-58-60-59-57-40-46-45-51-50-47-42-43-48|44-41-96-21|92-100-13-17-52-77-90|5-89-86-84-76-71-80-25|31-33-39-34
242,7,1125.7075,7651.464,480.0,2863.5992,0,7,1140.907473,1142.191121,True,93-75-2-1-99-97-94-95-98-7-3-4-91-88-83-82-85-70-73-79-81-78-87|20-22-24-27-30-29-6-32-35-37-38-36-28-26-23-18-19-16-14-12-15-9-11-10-8|67-63-62-74-72-61-64-66-69-68-65-49-55-54-53-56-58-60-59-57-40-46-45-51-50-47-42-43-48|44-41-96-21|92-100-13-17-52-77-90|5-89-86-84-76-71-80-25|31-33-39-34
243,7,1149.92,7775.9803,340.0,2860.6786,0,7,1159.584915,1160.880066,True,93-75-1-99-94-95-98-7-3-4-84-83-82-85-76-71-70-73-80-79-81-78-87|20-22-24-29-6-32-35-37-28-26-23-19-16-15-13-25-9-8|67-63-62-61-64-66-69-68-65-55-54-53-56-58-59-57-40-45-50-42-43-48|89-91-88-86-90-21|27-30-34-36-39-38-60-51-18-17-14-12-11-10-41|5-2-100-97-92-74-72-49-31-33|46-44-52-47-96-77
244,7,1149.92,7775.9803,340.0,2860.6786,0,7,1159.584915,1160.880066,True,93-75-1-99-94-95-98-7-3-4-84-83-82-85-76-71-70-73-80-79-81-78-87|20-22-24-29-6-32-35-37-28-26-23-19-16-15-13-25-9-8|67-63-62-61-64-66-69-68-65-55-54-53-56-58-59-57-40-45-50-42-43-48|89-91-88-86-90-21|27-30-34-36-39-38-60-51-18-17-14-12-11-10-41|5-2-100-97-92-74-72-49-31-33|46-44-52-47-96-77
245,7,1169.3533,9326.7071,310.0,2854.104,0,7,1392.193947,1393.723551,True,99-100-97-92-94-84-83-82-85-76-71-70-73-79-80-96|22-24-32-33-31-35-37-38-39-36-34-28-26-23-18-19-15-25-9-11-8-21|67-66-62-74-72-61-64-65-49-55-54-53-56-58-59-57-40-44-50-52-42-41-43-48|20-30-27-69-68-60-46-51-47-14-12-13-10|6-29-17-16-45-81|63-89-4-7-3-90-87|93-5-75-2-1-98-95-91-88-86-77-78
246,7,1169.3533,9326.7071,310.0,2854.104,0,7,1392.193947,1393.723551,True,99-100-97-92-94-84-83-82-85-76-71-70-73-79-80-96|22-24-32-33-31-35-37-38-39-36-34-28-26-23-18-19-15-25-9-11-8-21|67-66-62-74-72-61-64-65-49-55-54-53-56-58-59-57-40-44-50-52-42-41-43-48|20-30-27-69-68-60-46-51-47-14-12-13-10|6-29-17-16-45-81|63-89-4-7-3-90-87|93-5-75-2-1-98-95-91-88-86-77-78
247,7,1170.571,6635.9041,520.0,2872.5334,0,7,988.573498,989.723611,True,93-5-75-2-1-99-100-97-94-95-98-7-3-4-91-88-84-83-82-85-76-71-70-73-79-81-78-77-87|20-22-24-27-29-6-32-33-35-37-38-39-36-28-26-23-18-19-16-14-15-13-9-11-10-8|67-63-62-74-72-61-64-66-69-68-65-55-54-56-58-59-57-40-44-46-45-51-50-52-47-42-41-43-48|90-21|60-25-17-12-80-96|34-49-53-86-89|31-30-92
248,7,1170.571,6635.9041,520.0,2872.5334,0,7,988.573498,989.723611,True,93-5-75-2-1-99-100-97-94-95-98-7-3-4-91-88-84-83-82-85-76-71-70-73-79-81-78-77-87|20-22-24-27-29-6-32-33-35-37-38-39-36-28-26-23-18-19-16-14-15-13-9-11-10-8|67-63-62-74-72-61-64-66-69-68-65-55-54-56-58-59-57-40-44-46-45-51-50-52-47-42-41-43-48|90-21|60-25-17-12-80-96|34-49-53-86-89|31-30-92
249,11,1173.4331,16770.7739,350.0,2843.236,0,11,2508.803964,2511.454972,True,82-85-71-70-73-80-79-76-81-78|20-24-27-30-29-6-32-33-31-35-37-38-39-36-34-28-26-23-18-19-13-9-8|69-66-49-53-56-58-60-59-46-51-50-52-47-43-48|67-63-62-74-72-61-64-68-65-55-54-57-40-44-45-42-41-96|91-98-21|22-86-83-77-90|93-75-2-7-11-10|94-92-84-87|12-14-16-15-17-25|88-3-4-89|5-1-99-100-97-95
250,11,1173.4331,16770.7739,350.0,2843.236,0,11,2508.803964,2511.454972,True,82-85-71-70-73-80-79-76-81-78|20-24-27-30-29-6-32-33-31-35-37-38-39-36-34-28-26-23-18-19-13-9-8|69-66-49-53-56-58-60-59-46-51-50-52-47-43-48|67-63-62-74-72-61-64-68-65-55-54-57-40-44-45-42-41-96|91-98-21|22-86-83-77-90|93-75-2-7-11-10|94-92-84-87|12-14-16-15-17-25|88-3-4-89|5-1-99-100-97-95
251,8,1181.7227,6636.2058,420.0,2883.0948,0,8,988.618739,989.764128,True,5-75-1-99-97-92-94-95-98-7-3-4-89-88-86-84-83-82-85-76-71-70-73-79-80-78-77-96|20-22-24-27-30-29-32-31-33-37-38-36-34-28-26-18-17-13-25-9-11-10-8-21|67-63-62-74-72-61-64-66-68-55-54-53-56-60-59-57-40-44-51-50-52-47-43-41-48|45-46-81-87-90|69-23-19-14-12-16-15-42|93-6-58-49-91|65-35-39|2-100
252,8,1181.7227,6636.2058,420.0,2883.0948,0,8,988.618739,989.764128,True,5-75-1-99-97-92-94-95-98-7-3-4-89-88-86-84-83-82-85-76-71-70-73-79-80-78-77-96|20-22-24-27-30-29-32-31-33-37-38-36-34-28-26-18-17-13-25-9-11-10-8-21|67-63-62-74-72-61-64-66-68-55-54-53-56-60-59-57-40-44-51-50-52-47-43-41-48|45-46-81-87-90|69-23-19-14-12-16-15-42|93-6-58-49-91|65-35-39|2-100
253,7,1231.2963,6984.3844,370.0,2968.7095,0,7,1040.845535,1042.065564,True,93-5-75-2-1-100-97-92-94-95-98-7-3-4-86-83-85-76-73-80-79-81-78-77-87-90|20-22-24-27-30-33-35-37-39-36-34-28-26-23-16-14-12-13-17-25-9-11-10-8-21|67-62-74-72-61-64-66-68-65-49-55-54-53-56-58-60-59-40-44-46-45-51-50-52-47-42-41-48|99-63-69-96-43|6-15-82-71-70|88-84-91-19-18-57|29-32-38-31-89
254,7,1231.2963,6984.3844,370.0,2968.7095,0,7,1040.845535,1042.065564,True,93-5-75-2-1-100-97-92-94-95-98-7-3-4-86-83-85-76-73-80-79-81-78-77-87-90|20-22-24-27-30-33-35-37-39-36-34-28-26-23-16-14-12-13-17-25-9-11-10-8-21|67-62-74-72-61-64-66-68-65-49-55-54-53-56-58-60-59-40-44-46-45-51-50-52-47-42-41-48|99-63-69-96-43|6-15-82-71-70|88-84-91-19-18-57|29-32-38-31-89
255,10,1341.0935,13286.0507,360.0,2843.236,0,10,1986.095474,1988.274772,True,93-5-75-2-99-97-94-98-7-91-88-83-82-85-76-70-73-79-78-87|20-22-24-27-29-6-32-33-35-37-38-28-26-23-18-15-13-9-11-10-8|67-63-62-74-72-61-66-69-68-65-55-54-58-59-57-40-46-42-43-48|52-47-77-90|30-34-36-39-60-56-53-80-96|12-14-16-19-17-25-21|1-100-84-86-44-51-50-45-41|89-4-3-71-81|31-49-64|95-92
256,10,1341.0935,13286.0507,360.0,2843.236,0,10,1986.095474,1988.274772,True,93-5-75-2-99-97-94-98-7-91-88-83-82-85-76-70-73-79-78-87|20-22-24-27-29-6-32-33-35-37-38-28-26-23-18-15-13-9-11-10-8|67-63-62-74-72-61-66-69-68-65-55-54-58-59-57-40-46-42-43-48|52-47-77-90|30-34-36-39-60-56-53-80-96|12-14-16-19-17-25-21|1-100-84-86-44-51-50-45-41|89-4-3-71-81|31-49-64|95-92
257,7,1349.3525,8103.8786,320.0,2890.1128,0,7,1208.769664,1210.176245,True,93-75-2-1-99-100-97-92-94-95-98-7-4-91-88-83-82-85-73-79-81-78-77-87|20-22-24-27-29-6-32-35-37-38-36-28-26-23-16-14-13-9-11-10-8|67-69-66-61-64-68-65-55-54-56-58-59-57-40-46-45-50-47-42-43-48|62-72-74-5-30-12-52-44-41-80-96|31-51-25-17-15-21|34-60-53-3-89-86-84-71-70-76-90|63-49-33-39-18-19
258,7,1349.3525,8103.8786,320.0,2890.1128,0,7,1208.769664,1210.176245,True,93-75-2-1-99-100-97-92-94-95-98-7-4-91-88-83-82-85-73-79-81-78-77-87|20-22-24-27-29-6-32-35-37-38-36-28-26-23-16-14-13-9-11-10-8|67-69-66-61-64-68-65-55-54-56-58-59-57-40-46-45-50-47-42-43-48|62-72-74-5-30-12-52-44-41-80-96|31-51-25-17-15-21|34-60-53-3-89-86-84-71-70-76-90|63-49-33-39-18-19
259,7,1357.13,7399.7472,400.0,2882.3319,0,7,1103.149954,1104.460081,True,93-5-75-2-1-99-97-94-95-98-7-3-4-91-84-83-82-85-76-71-70-73-79-81-78-87|20-22-24-27-29-6-32-35-37-38-36-28-26-23-16-14-15-13-9-11-10-8|67-63-62-72-61-64-66-69-68-65-55-54-56-58-59-57-40-44-46-45-51-50-47-42-41-43-48|33-52-25-17-90-96|49-88-34-18-19-12-86-77-80|89-53-60-39-21|74-92-100-30-31
260,7,1357.13,7399.7472,400.0,2882.3319,0,7,1103.149954,1104.460081,True,93-5-75-2-1-99-97-94-95-98-7-3-4-91-84-83-82-85-76-71-70-73-79-81-78-87|20-22-24-27-29-6-32-35-37-38-36-28-26-23-16-14-15-13-9-11-10-8|67-63-62-72-61-64-66-69-68-65-55-54-56-58-59-57-40-44-46-45-51-50-47-42-41-43-48|33-52-25-17-90-96|49-88-34-18-19-12-86-77-80|89-53-60-39-21|74-92-100-30-31
261,16,1368.5068,25673.2717,320.0,2839.3933,0,16,3844.178635,3848.221464,True,85-71-70-73-80-79-76-81-78|24-27-30-29-6-32-33-31-35-37-38-39-36-34-28-26-23|69-66-49-54-53-56-58-60-59-51-50-52-47-43-48|67-63-62-74-72-61-64-68-65-55-57-40-44-46-45-42-41-96|82-88-10|18-17-25|91-21|8|22-86-83-77-87|5-2-7-11|98-94-92-84-90|93-9-13|12-14-16-19-15|89|75-1-99-100-97-95-3-4|20
262,16,1368.5068,25673.2717,320.0,2839.3933,0,16,3844.178635,3848.221464,True,85-71-70-73-80-79-76-81-78|24-27-30-29-6-32-33-31-35-37-38-39-36-34-28-26-23|69-66-49-54-53-56-58-60-59-51-50-52-47-43-48|67-63-62-74-72-61-64-68-65-55-57-40-44-46-45-42-41-96|82-88-10|18-17-25|91-21|8|22-86-83-77-87|5-2-7-11|98-94-92-84-90|93-9-13|12-14-16-19-15|89|75-1-99-100-97-95-3-4|20
263,13,1387.5817,19951.6788,470.0,2782.1985,0,13,2985.939696,2989.135529,True,93-5-75-2-1-99-100-97-94-95-3-4-88-84-83-82-85-76-71-70-73-79-81-78-77|20-22-24-27-29-6-32-33-35-37-38-39-36-28-26-23-18-19-16-14-15-13-9-11-10-8|63-62-74-72-61-64-65-55-54-56-58-59-57-40-44-46-45-51-50-52-47-43-42-41-48|89-7-91|66-69|60-87|31-12-86|21|67-30-34-25|90|49-80|68-53-96|98-92-17
264,13,1387.5817,19951.6788,470.0,2782.1985,0,13,2985.939696,2989.135529,True,93-5-75-2-1-99-100-97-94-95-3-4-88-84-83-82-85-76-71-70-73-79-81-78-77|20-22-24-27-29-6-32-33-35-37-38-39-36-28-26-23-18-19-16-14-15-13-9-11-10-8|63-62-74-72-61-64-65-55-54-56-58-59-57-40-44-46-45-51-50-52-47-43-42-41-48|89-7-91|66-69|60-87|31-12-86|21|67-30-34-25|90|49-80|68-53-96|98-92-17
265,10,1416.0646,15376.0393,480.0,2808.2068,0,10,2299.593776,2302.115808,True,93-5-75-2-1-99-97-94-95-98-7-4-91-88-84-83-82-85-76-70-73-79-81-78-87|20-22-24-27-29-6-32-33-35-37-38-36-28-26-23-18-19-16-14-15-13-9-11-10-8|67-63-62-74-72-61-64-66-69-68-65-55-54-56-58-59-57-40-44-46-45-50-47-42-41-43-48|100-3-89-90|31-34-49-71-86-12-51|30-39-60-53|25-17-52-96|21|77|92-80
266,10,1416.0646,15376.0393,480.0,2808.2068,0,10,2299.593776,2302.115808,True,93-5-75-2-1-99-97-94-95-98-7-4-91-88-84-83-82-85-76-70-73-79-81-78-87|20-22-24-27-29-6-32-33-35-37-38-36-28-26-23-18-19-16-14-15-13-9-11-10-8|67-63-62-74-72-61-64-66-69-68-65-55-54-56-58-59-57-40-44-46-45-50-47-42-41-43-48|100-3-89-90|31-34-49-71-86-12-51|30-39-60-53|25-17-52-96|21|77|92-80
267,9,1425.9079,9979.8154,490.0,2843.236,0,9,1490.160187,1491.881693,True,20-29-6-32-33-35-37-38-39-36-34-54-56-58-59-57-40-44-46-45-51-50-47-42-41-43-48|67-63-66-62-72-61-64-65-49-86-84-83-82-85-76-71-70-73-79-81-78-87|93-5-75-2-1-99-97-94-95-98-7-4-89-16-15-17-13-9-11-10-8|22-24-27-30-26-23-25-21|88-80-96|28-19-14-12-52-77-90|68-60-18-91|69-74-100-92-3-53-55|31
268,9,1425.9079,9979.8154,490.0,2843.236,0,9,1490.160187,1491.881693,True,20-29-6-32-33-35-37-38-39-36-34-54-56-58-59-57-40-44-46-45-51-50-47-42-41-43-48|67-63-66-62-72-61-64-65-49-86-84-83-82-85-76-71-70-73-79-81-78-87|93-5-75-2-1-99-97-94-95-98-7-4-89-16-15-17-13-9-11-10-8|22-24-27-30-26-23-25-21|88-80-96|28-19-14-12-52-77-90|68-60-18-91|69-74-100-92-3-53-55|31
269,11,1427.6103,17510.508,370.0,2749.6619,0,11,2619.764075,2622.59026,True,93-75-2-99-97-94-85-76-71-70-73-80-79-81-78|20-22-24-27-29-6-32-35-37-38-36-28-26-16-14-15-13-9-11-10-8|67-63-62-61-64-66-69-68-65-55-54-58-59-57-40-46-45-50-47-42-43-48|21|34-39-60-56-53-44-51-18-17-12-25-41|19-23-52|30-5-100-92-74-72-49-31-33|1-95-7-4-89-88-90|91-3-82-84-86-87|98-83-77|96
270,11,1427.6103,17510.508,370.0,2749.6619,0,11,2619.764075,2622.59026,True,93-75-2-99-97-94-85-76-71-70-73-80-79-81-78|20-22-24-27-29-6-32-35-37-38-36-28-26-16-14-15-13-9-11-10-8|67-63-62-61-64-66-69-68-65-55-54-58-59-57-40-46-45-50-47-42-43-48|21|34-39-60-56-53-44-51-18-17-12-25-41|19-23-52|30-5-100-92-74-72-49-31-33|1-95-7-4-89-88-90|91-3-82-84-86-87|98-83-77|96
271,8,1452.6339,8518.6961,330.0,2884.4058,0,8,1270.992295,1272.492527,True,93-75-2-1-99-100-97-94-95-7-4-89-91-88-86-83-71-70-79-80-78-77-90|20-22-24-30-29-32-35-37-39-36-34-28-26-23-18-19-16-17-9-10-8-21|67-63-62-69-64-68-65-49-54-53-56-58-60-40-46-51-47-42-41-43-48|25-11-87-96|14-13-85-73-81-50-52|27-6-55-59-57-44-45-76-82-12-15|33-31-38-66-98-3-84|72-61-74-92-5
272,8,1452.6339,8518.6961,330.0,2884.4058,0,8,1270.992295,1272.492527,True,93-75-2-1-99-100-97-94-95-7-4-89-91-88-86-83-71-70-79-80-78-77-90|20-22-24-30-29-32-35-37-39-36-34-28-26-23-18-19-16-17-9-10-8-21|67-63-62-69-64-68-65-49-54-53-56-58-60-40-46-51-47-42-41-43-48|25-11-87-96|14-13-85-73-81-50-52|27-6-55-59-57-44-45-76-82-12-15|33-31-38-66-98-3-84|72-61-74-92-5
273,12,1458.5469,16802.0189,410.0,2781.5626,0,12,2513.490716,2516.228993,True,93-5-75-2-1-99-97-94-3-4-88-84-83-82-85-76-70-73-79-81-78-87|20-24-27-29-6-32-33-35-37-38-36-28-26-23-18-19-16-14-15-9-11-10-8|67-62-74-72-61-64-55-54-56-58-59-57-40-44-46-45-51-50-47-43-42-41-48|69-63-89-7-98|86-12-13-17-25|77|21|65-60-39-34-52-96|66-90|91-49-80-71|95-92-100-31-68-53|22-30
274,12,1458.5469,16802.0189,410.0,2781.5626,0,12,2513.490716,2516.228993,True,93-5-75-2-1-99-97-94-3-4-88-84-83-82-85-76-70-73-79-81-78-87|20-24-27-29-6-32-33-35-37-38-36-28-26-23-18-19-16-14-15-9-11-10-8|67-62-74-72-61-64-55-54-56-58-59-57-40-44-46-45-51-50-47-43-42-41-48|69-63-89-7-98|86-12-13-17-25|77|21|65-60-39-34-52-96|66-90|91-49-80-71|95-92-100-31-68-53|22-30
275,19,1472.2194,25545.6125,300.0,2885.3955,0,19,3825.029751,3829.090345,True,65-55-54-53-56-58-60-59|63-74-72-49-69|75-2-99-97-100-1|57-40-44-46-41|5|22-27-21|6-32-31-35-37-38-39-28-4-3-84-87|66-64|47|20-24|85-71-70-73-76-81-79-80-96|7-94-92-95-98|93-86-83-82-78|45-42-43|29-33-36-34|67-61-62-89-91-88-77-90|52-51-50|68-48|30-26-23-18-19-16-14-12-15-17-13-25-9-11-10-8
276,19,1472.2194,25545.6125,300.0,2885.3955,0,19,3825.029751,3829.090345,True,65-55-54-53-56-58-60-59|63-74-72-49-69|75-2-99-97-100-1|57-40-44-46-41|5|22-27-21|6-32-31-35-37-38-39-28-4-3-84-87|66-64|47|20-24|85-71-70-73-76-81-79-80-96|7-94-92-95-98|93-86-83-82-78|45-42-43|29-33-36-34|67-61-62-89-91-88-77-90|52-51-50|68-48|30-26-23-18-19-16-14-12-15-17-13-25-9-11-10-8
277,16,1486.3596,25949.7908,330.0,2787.1122,0,16,3885.656492,3889.769312,True,85-71-70-73-80-79-76-81-78|24-27-30-29-6-32-33-31-35-37-38-39-36-34-28-26-23-18-19|69-66-49-53-56-58-60-59-46-51-50-52-47-43-48|67-63-62-74-72-61-64-68-65-55-54-57-40-44-45-42-41-96|4-82-10|17-90|91-98-21|8|22-86-83-77|2-7-11|94-92-84-87|93-75-13-9|14-12-16-15-25|88-3-89|5-1-99-100-97-95|20
278,16,1486.3596,25949.7908,330.0,2787.1122,0,16,3885.656492,3889.769312,True,85-71-70-73-80-79-76-81-78|24-27-30-29-6-32-33-31-35-37-38-39-36-34-28-26-23-18-19|69-66-49-53-56-58-60-59-46-51-50-52-47-43-48|67-63-62-74-72-61-64-68-65-55-54-57-40-44-45-42-41-96|4-82-10|17-90|91-98-21|8|22-86-83-77|2-7-11|94-92-84-87|93-75-13-9|14-12-16-15-25|88-3-89|5-1-99-100-97-95|20
279,16,1571.9489,27362.4542,300.0,2808.2068,0,16,4097.556005,4101.906565,True,24-6-32-33-31-35-37-38-39-34|20-36-50-45-46|68-65-49-55-54-53-56-58-60-59-57-40-44-51-52-47-42-41-43-48|100-97-92-94-85-73-80-79-81|64-61-70-71-76-78|27-29-28-17-11-10|9-15-13-25|18-19-16-14-12|22-30-26-23-21|75-88-90|89-84-82-87|2-98-86-77|69-93-5-8|91-83-96|72-74-4-3-95-7|67-66-62-63-1-99
280,16,1571.9489,27362.4542,300.0,2808.2068,0,16,4097.556005,4101.906565,True,24-6-32-33-31-35-37-38-39-34|20-36-50-45-46|68-65-49-55-54-53-56-58-60-59-57-40-44-51-52-47-42-41-43-48|100-97-92-94-85-73-80-79-81|64-61-70-71-76-78|27-29-28-17-11-10|9-15-13-25|18-19-16-14-12|22-30-26-23-21|75-88-90|89-84-82-87|2-98-86-77|69-93-5-8|91-83-96|72-74-4-3-95-7|67-66-62-63-1-99
281,12,1582.7681,17405.1943,340.0,2793.9547,0,12,2603.967017,2606.827896,True,93-2-1-99-97-94-95-98-7-4-91-83-82-85-71-73-79-78-77|20-22-24-27-29-6-32-35-37-38-36-28-26-23-18-19-16-14-15-9-10-8|69-66-49-56-58-59-46-51-50-47-43-48|67-61-64-65-55-57-40-44-45-42-41|17-21|92-87|89-60-34-52-12-90|62-74-68-54-80-70-76-81-96|5-11-13-25|63-3-88-84-86|72-30-33-39-31-53|75-100
282,12,1582.7681,17405.1943,340.0,2793.9547,0,12,2603.967017,2606.827896,True,93-2-1-99-97-94-95-98-7-4-91-83-82-85-71-73-79-78-77|20-22-24-27-29-6-32-35-37-38-36-28-26-23-18-19-16-14-15-9-10-8|69-66-49-56-58-59-46-51-50-47-43-48|67-61-64-65-55-57-40-44-45-42-41|17-21|92-87|89-60-34-52-12-90|62-74-68-54-80-70-76-81-96|5-11-13-25|63-3-88-84-86|72-30-33-39-31-53|75-100
283,7,1584.8841,8720.0474,200.0,2993.8439,0,7,1301.194984,1302.768209,True,89-4-3-84-83-88-91-12-15-17-13-25-9-11-10-8-90|20-22-24-33-37-51-50-45-80-79-73-81-78-96|100-27-29-34-38-44-40-57-59-86-82-76-71-70|66-69-68-6-39-7-98-23-26-18-19-16-14-85-77-87|5-2-75-63-62-72-61-49-54-53-56-58-60-36-28-21|93-99-97-92-94-95-64-65-55-46-41-42-47-43-48|67-74-1-30-32-35-31-52
284,7,1584.8841,8720.0474,200.0,2993.8439,0,7,1301.194984,1302.768209,True,89-4-3-84-83-88-91-12-15-17-13-25-9-11-10-8-90|20-22-24-33-37-51-50-45-80-79-73-81-78-96|100-27-29-34-38-44-40-57-59-86-82-76-71-70|66-69-68-6-39-7-98-23-26-18-19-16-14-85-77-87|5-2-75-63-62-72-61-49-54-53-56-58-60-36-28-21|93-99-97-92-94-95-64-65-55-46-41-42-47-43-48|67-74-1-30-32-35-31-52
285,10,1600.7729,12166.2119,450.0,2850.7483,0,10,1818.119667,1820.219019,True,93-5-75-2-1-99-97-94-95-98-7-4-91-88-83-82-85-70-73-79-81-78-87|20-22-24-27-29-6-32-33-35-37-38-36-28-26-23-18-19-16-14-15-9-11-10-8|67-63-62-74-72-61-64-66-69-68-65-55-54-56-58-59-57-40-46-45-50-47-42-43-48|31-39-13-12-52-41-21|25-51-96-90|30-89-76-80-77|100-17-44-71|3-84-86-60|49-53-34|92
286,10,1600.7729,12166.2119,450.0,2850.7483,0,10,1818.119667,1820.219019,True,93-5-75-2-1-99-97-94-95-98-7-4-91-88-83-82-85-70-73-79-81-78-87|20-22-24-27-29-6-32-33-35-37-38-36-28-26-23-18-19-16-14-15-9-11-10-8|67-63-62-74-72-61-64-66-69-68-65-55-54-56-58-59-57-40-46-45-50-47-42-43-48|31-39-13-12-52-41-21|25-51-96-90|30-89-76-80-77|100-17-44-71|3-84-86-60|49-53-34|92
287,20,1606.71,26105.8611,290.0,2974.3955,0,20,3909.067035,3913.264663,True,54-53-56-58-60-59|63-74-72-49-55|1-97-100-99-2|69-57-40-44-46-41|5-75|22-27|6-32-31-35-37-38-39-28-3-84-87|66-64|42-47|20-24-29|21|73-70-71-76-81-79-80-96|7-94-92-95-98|93-86-83-82-85-78|91-45-43|67-62-33-36-34|65-61-89-4-88-77-90|52-51-50|68-48|30-26-23-18-19-16-14-12-15-17-13-25-9-11-10-8
288,20,1606.71,26105.8611,290.0,2974.3955,0,20,3909.067035,3913.264663,True,54-53-56-58-60-59|63-74-72-49-55|1-97-100-99-2|69-57-40-44-46-41|5-75|22-27|6-32-31-35-37-38-39-28-3-84-87|66-64|42-47|20-24-29|21|73-70-71-76-81-79-80-96|7-94-92-95-98|93-86-83-82-85-78|91-45-43|67-62-33-36-34|65-61-89-4-88-77-90|52-51-50|68-48|30-26-23-18-19-16-14-12-15-17-13-25-9-11-10-8
289,11,1619.9821,17474.8216,450.0,2813.3909,0,11,2614.411114,2617.307217,True,67-66-68-32-33-31-35-37-38-39-36-34-28-26-23-25-46-51-41-21|5-30-24-20-56-49-89-4-3-12-15-17-13-9-11-10-8|27-1-99-100-97-94-95-29-6-18-19-16-14|22-93-75-2-98-92-7-69-65-55-54-53-58-60-59-57-40-44-45-50-52-47-42-43-48|63-64-78|86-87|77|88-83-81-71-79|61-74-84-82-96|72-85-70-73-76-80-90|62-91
290,11,1619.9821,17474.8216,450.0,2813.3909,0,11,2614.411114,2617.307217,True,67-66-68-32-33-31-35-37-38-39-36-34-28-26-23-25-46-51-41-21|5-30-24-20-56-49-89-4-3-12-15-17-13-9-11-10-8|27-1-99-100-97-94-95-29-6-18-19-16-14|22-93-75-2-98-92-7-69-65-55-54-53-58-60-59-57-40-44-45-50-52-47-42-43-48|63-64-78|86-87|77|88-83-81-71-79|61-74-84-82-96|72-85-70-73-76-80-90|62-91
291,11,1623.185,14154.4659,260.0,2931.0822,0,11,2116.357755,2118.755419,True,6-32-33|20-24-29-34-36-39-60-59-57-40-44-46-45-42-41-90|67-79-81-78-77-87|93-5-2-1-99-100-97-92-94-95-7-3-4|91-88-89-12-14-16-19-15-17-13-9-11-10-8|22-27-30-28-26|63-54-53-58-49-86-85-76-70-73|75-98-65-55-56-37-83-82-71-80|96|31-38-68-69-84-18-23-25-21|62-74-72-61-64-66-35-52-51-50-47-43-48
292,11,1623.185,14154.4659,260.0,2931.0822,0,11,2116.357755,2118.755419,True,6-32-33|20-24-29-34-36-39-60-59-57-40-44-46-45-42-41-90|67-79-81-78-77-87|93-5-2-1-99-100-97-92-94-95-7-3-4|91-88-89-12-14-16-19-15-17-13-9-11-10-8|22-27-30-28-26|63-54-53-58-49-86-85-76-70-73|75-98-65-55-56-37-83-82-71-80|96|31-38-68-69-84-18-23-25-21|62-74-72-61-64-66-35-52-51-50-47-43-48
293,7,1635.2258,8674.0054,120.0,2996.9195,0,7,1294.288683,1295.862566,True,89-4-3-84-83-88-91-12-15-17-13-25-9-11-10-8-90|20-33-37-51-50-45-80-79-73-71-81-78-96|100-27-29-34-38-44-40-57-59-86-82-76-70|66-69-68-6-39-7-98-23-26-18-19-16-14-85-77-87|2-63-72-61-49-54-53-56-58-60-36-28-21|64-62-93-75-99-97-92-94-95-65-55-46-41-42-47-43-48|67-74-1-5-22-24-30-32-35-31-52
294,7,1635.2258,8674.0054,120.0,2996.9195,0,7,1294.288683,1295.862566,True,89-4-3-84-83-88-91-12-15-17-13-25-9-11-10-8-90|20-33-37-51-50-45-80-79-73-71-81-78-96|100-27-29-34-38-44-40-57-59-86-82-76-70|66-69-68-6-39-7-98-23-26-18-19-16-14-85-77-87|2-63-72-61-49-54-53-56-58-60-36-28-21|64-62-93-75-99-97-92-94-95-65-55-46-41-42-47-43-48|67-74-1-5-22-24-30-32-35-31-52
295,9,1635.5549,9463.8583,290.0,2968.3369,0,9,1412.766627,1414.472399,True,67-32-33-35-38-39-36-34-28-26-23-25-46-51-41-21|5-30-56-89-4-12-15-17-13-9-11-10-8|1-99-97-100-14-16-19-18|22-93-75-2-7-55-54-58-60-59-57-40-44-45-50-52-47-42-43-48|86-88-84-83-82-81-71-79-96|63-72-85-76-70-73-80-78-77-87-90|37-66-65-53-49-91-3|6-69-62-74-68-94-95-98|20-24-27-29-31-64-61-92
296,9,1635.5549,9463.8583,290.0,2968.3369,0,9,1412.766627,1414.472399,True,67-32-33-35-38-39-36-34-28-26-23-25-46-51-41-21|5-30-56-89-4-12-15-17-13-9-11-10-8|1-99-97-100-14-16-19-18|22-93-75-2-7-55-54-58-60-59-57-40-44-45-50-52-47-42-43-48|86-88-84-83-82-81-71-79-96|63-72-85-76-70-73-80-78-77-87-90|37-66-65-53-49-91-3|6-69-62-74-68-94-95-98|20-24-27-29-31-64-61-92
297,13,1648.8675,17499.1745,400.0,2782.1985,0,13,2618.064046,2620.963389,True,93-75-2-1-99-97-95-98-7-4-83-82-85-76-71-70-73-79-81-78-77|20-22-24-27-29-6-32-37-36-28-26-23-19-16-14-15-13-9-11-10-8|67-63-62-61-64-66-69-68-65-55-54-59-57-40-46-45-50-52-47-43-48|34-60-56-44-51-17-25-21|5-74-72-31|91-88-86-90|42|84-87|18-12-96|89-3-80-41|39-38-35-58-53|30-33-49-94|100-92
298,13,1648.8675,17499.1745,400.0,2782.1985,0,13,2618.064046,2620.963389,True,93-75-2-1-99-97-95-98-7-4-83-82-85-76-71-70-73-79-81-78-77|20-22-24-27-29-6-32-37-36-28-26-23-19-16-14-15-13-9-11-10-8|67-63-62-61-64-66-69-68-65-55-54-59-57-40-46-45-50-52-47-43-48|34-60-56-44-51-17-25-21|5-74-72-31|91-88-86-90|42|84-87|18-12-96|89-3-80-41|39-38-35-58-53|30-33-49-94|100-92
299,11,1665.648,16024.4688,440.0,2804.4194,0,11,2396.858189,2399.548093,True,93-5-1-99-92-94-95-98-7-3-4-91-88-86-84-83-82-85-76-71-73-80-79-81-90|20-22-24-30-29-6-31-33-36-39-26-17-15-12-9-11-10-21|67-63-74-72-61-64-69-68-65-49-54-53-56-58-60-59-57-40-44-45-50-52-47-43-48|13-42-87|32-37-18-19-16-78-41|66-34-35-51-46-70-14|62-75-97-100-27|23-25-8|96|2-89-55-77|28-38
300,11,1665.648,16024.4688,440.0,2804.4194,0,11,2396.858189,2399.548093,True,93-5-1-99-92-94-95-98-7-3-4-91-88-86-84-83-82-85-76-71-73-80-79-81-90|20-22-24-30-29-6-31-33-36-39-26-17-15-12-9-11-10-21|67-63-74-72-61-64-69-68-65-49-54-53-56-58-60-59-57-40-44-45-50-52-47-43-48|13-42-87|32-37-18-19-16-78-41|66-34-35-51-46-70-14|62-75-97-100-27|23-25-8|96|2-89-55-77|28-38
301,11,1691.3998,14603.1614,430.0,2842.3464,0,11,2183.662082,2186.151205,True,93-5-1-99-92-94-95-98-7-3-4-91-88-86-84-83-82-85-76-71-73-80-79-81-90|20-22-24-30-29-6-31-33-36-39-26-17-15-12-9-11-10-21|67-63-74-72-61-64-69-68-65-49-54-53-56-58-60-59-57-40-44-45-50-52-47-43-48|13-42-87|25-77-96|32-37-18-19-16-78-41|8|66-34-35-51-46-70-14|2-89-23-28|55-38|62-27-97-100-75
302,11,1691.3998,14603.1614,430.0,2842.3464,0,11,2183.662082,2186.151205,True,93-5-1-99-92-94-95-98-7-3-4-91-88-86-84-83-82-85-76-71-73-80-79-81-90|20-22-24-30-29-6-31-33-36-39-26-17-15-12-9-11-10-21|67-63-74-72-61-64-69-68-65-49-54-53-56-58-60-59-57-40-44-45-50-52-47-43-48|13-42-87|25-77-96|32-37-18-19-16-78-41|8|66-34-35-51-46-70-14|2-89-23-28|55-38|62-27-97-100-75
303,7,1713.0519,7343.6095,360.0,2884.1193,0,7,1094.729299,1096.13405,True,66-74-72-61-68-6-32-33-31-35-37-36-34-28-26-23-25-52-50-41-48-21|30-20-63-62-53-56-49-89-4-3-88-86-91-12-15-13-9-11-10-8|27-1-100-97-94-95-29-19-16-14-83-82-85-76-71-70-79-81-96|22-75-2-98-92-7-69-65-55-54-58-60-59-57-40-44-46-45-47-80-78-77-90|17-51-42-43-87|38-84-73|67-93-5-99-64-24-39-18
304,7,1713.0519,7343.6095,360.0,2884.1193,0,7,1094.729299,1096.13405,True,66-74-72-61-68-6-32-33-31-35-37-36-34-28-26-23-25-52-50-41-48-21|30-20-63-62-53-56-49-89-4-3-88-86-91-12-15-13-9-11-10-8|27-1-100-97-94-95-29-19-16-14-83-82-85-76-71-70-79-81-96|22-75-2-98-92-7-69-65-55-54-58-60-59-57-40-44-46-45-47-80-78-77-90|17-51-42-43-87|38-84-73|67-93-5-99-64-24-39-18
305,15,1736.0117,21075.4685,280.0,2855.5103,0,15,3154.508145,3157.969672,True,5-100-92-94-82-85-71-70-73-79-80|24-32-31-35-38-39-36-34-28-26-9-11-8-21|62-61-64-65-55-54-56-58-60-44-51-50-42-43-48|22-30-68-46-47-14-12-10|6-23-18-19-16-15-17-13-25-52-45-41-81|76|57-59-40|20-27-29-33-37-53-49|95-97|86-84-83-77|96|63-89-7-4-90-87|75-2-1-98-3-91-88-78|66-69-72-74-99|93-67
306,15,1736.0117,21075.4685,280.0,2855.5103,0,15,3154.508145,3157.969672,True,5-100-92-94-82-85-71-70-73-79-80|24-32-31-35-38-39-36-34-28-26-9-11-8-21|62-61-64-65-55-54-56-58-60-44-51-50-42-43-48|22-30-68-46-47-14-12-10|6-23-18-19-16-15-17-13-25-52-45-41-81|76|57-59-40|20-27-29-33-37-53-49|95-97|86-84-83-77|96|63-89-7-4-90-87|75-2-1-98-3-91-88-78|66-69-72-74-99|93-67
307,10,1772.0214,13364.7598,350.0,2843.236,0,10,1997.901846,2000.221228,True,20-24-29-6-32-35-37-38-36-34-54-56-58-59-57-40-46-45-50-47-42-43-48|67-66-61-64-65-49-86-84-83-82-85-73-79-81-78-87|93-2-1-99-97-94-95-98-7-4-89-13-17-9-10-8|22-27-30-26-23-25-21|75-63-55-77-90|69-51-52-14-12-11-41|28-19-15-44-80-96|88-3-91-16-18-76-71-70|62-68-53-60-39|72-5-100-92-74-31-33
308,10,1772.0214,13364.7598,350.0,2843.236,0,10,1997.901846,2000.221228,True,20-24-29-6-32-35-37-38-36-34-54-56-58-59-57-40-46-45-50-47-42-43-48|67-66-61-64-65-49-86-84-83-82-85-73-79-81-78-87|93-2-1-99-97-94-95-98-7-4-89-13-17-9-10-8|22-27-30-26-23-25-21|75-63-55-77-90|69-51-52-14-12-11-41|28-19-15-44-80-96|88-3-91-16-18-76-71-70|62-68-53-60-39|72-5-100-92-74-31-33
309,13,1806.3319,20783.2786,360.0,2782.1985,0,13,3110.679661,3114.114858,True,67-66-61-68-6-32-33-35-37-38-39-36-28-26-23-18|63-62-64-53-88-4-89-12-14-16-15-9-11-10-8|93-5-75-2-1-99-95-84-83-82-85-76-71-70-73-79-81-78-77|20-22-24-27-100-97-98-7-69-65-55-54-58-59-57-40-44-45-50-47-43-48|74-21|72-42-52|30-46-25-17-13|92-86-51-87|3-90|41|29-56-49-80-96|94-91-19-34-60|31
310,13,1806.3319,20783.2786,360.0,2782.1985,0,13,3110.679661,3114.114858,True,67-66-61-68-6-32-33-35-37-38-39-36-28-26-23-18|63-62-64-53-88-4-89-12-14-16-15-9-11-10-8|93-5-75-2-1-99-95-84-83-82-85-76-71-70-73-79-81-78-77|20-22-24-27-100-97-98-7-69-65-55-54-58-59-57-40-44-45-50-47-43-48|74-21|72-42-52|30-46-25-17-13|92-86-51-87|3-90|41|29-56-49-80-96|94-91-19-34-60|31
311,7,1807.2531,6527.2924,320.0,2945.1,0,7,972.281734,973.597445,True,72-61-68-6-31-35-37-38-39-36-34-28-26-25-46-51-41-21|22-30-24-20-63-74-62-64-56-53-4-88-86-12-15-13-9-11-10-8|27-1-100-97-94-95-29-23-18-16-14-84-83-85-73-79-81-78-77-96|5-75-2-98-69-65-49-55-54-58-59-57-44-45-50-52-47-42-48-87-90|40-76-71-82-80-43-17|93-89-91-3-7-19-60-70|66-67-92-99-33-32
312,7,1807.2531,6527.2924,320.0,2945.1,0,7,972.281734,973.597445,True,72-61-68-6-31-35-37-38-39-36-34-28-26-25-46-51-41-21|22-30-24-20-63-74-62-64-56-53-4-88-86-12-15-13-9-11-10-8|27-1-100-97-94-95-29-23-18-16-14-84-83-85-73-79-81-78-77-96|5-75-2-98-69-65-49-55-54-58-59-57-44-45-50-52-47-42-48-87-90|40-76-71-82-80-43-17|93-89-91-3-7-19-60-70|66-67-92-99-33-32
313,14,1808.137,23301.1689,300.0,2859.7289,0,14,3488.363217,3492.182569,True,93-5-75-2-100-99-7-89-4-88-84-83-82-76-73-79-87-90|20-22-27-30-35-36-34-26-23-19-16-14-12-15-13-25-11-10|67-63-72-61-69-68-65-49-55-54-56-58-60-59-44-45-50-52|42-41-96-77|57-53-81|9-17-51|66-46|24-29-32-33-37-38-39-28-18-8|64-1-97-95-3|6-31-47-43-78|74-71-86-21|62-98-94-92-70-80|91-48|40-85
314,14,1808.137,23301.1689,300.0,2859.7289,0,14,3488.363217,3492.182569,True,93-5-75-2-100-99-7-89-4-88-84-83-82-76-73-79-87-90|20-22-27-30-35-36-34-26-23-19-16-14-12-15-13-25-11-10|67-63-72-61-69-68-65-49-55-54-56-58-60-59-44-45-50-52|42-41-96-77|57-53-81|9-17-51|66-46|24-29-32-33-37-38-39-28-18-8|64-1-97-95-3|6-31-47-43-78|74-71-86-21|62-98-94-92-70-80|91-48|40-85
315,11,1811.4346,14735.7447,340.0,2845.6556,0,11,2203.549588,2206.086105,True,93-2-1-99-97-94-95-98-4-91-88-84-83-82-85-73-79-81-78-77|20-22-24-27-29-6-32-35-37-38-36-26-23-18-19-16-14-15-9-10-8|67-66-69-61-68-65-55-54-56-58-44-46-45-50-47-42-41-48|64-57-90|75-89-13-21|28-59-53-52-96-87|43-25-11|63-3-33-49-40-34-12-17-51-80-76-71-70|74-60-86|62-72-30-39-31-7|5-100-92
316,11,1811.4346,14735.7447,340.0,2845.6556,0,11,2203.549588,2206.086105,True,93-2-1-99-97-94-95-98-4-91-88-84-83-82-85-73-79-81-78-77|20-22-24-27-29-6-32-35-37-38-36-26-23-18-19-16-14-15-9-10-8|67-66-69-61-68-65-55-54-56-58-44-46-45-50-47-42-41-48|64-57-90|75-89-13-21|28-59-53-52-96-87|43-25-11|63-3-33-49-40-34-12-17-51-80-76-71-70|74-60-86|62-72-30-39-31-7|5-100-92
317,19,1818.7381,28023.4748,230.0,2891.9993,0,19,4196.709091,4201.23931,True,60-58-56-59|63-74-49-53-54-55|67-1-99-100-97-92-2|69-57-40-44-46|5-75-7|6-32-31-35-37-38-39-3-84-78-87-8|42-47|20-24-29|23-25-21|76-71-70-73-80-79-81-96|94-95-98|93-83-82-85|86-91-18-28-52-45-43|62-33-36-34-41|65-66-89-4-88-77|51-50|61-64-68-48|72-90|22-27-30-26-19-16-14-12-15-17-13-9-11-10
318,19,1818.7381,28023.4748,230.0,2891.9993,0,19,4196.709091,4201.23931,True,60-58-56-59|63-74-49-53-54-55|67-1-99-100-97-92-2|69-57-40-44-46|5-75-7|6-32-31-35-37-38-39-3-84-78-87-8|42-47|20-24-29|23-25-21|76-71-70-73-80-79-81-96|94-95-98|93-83-82-85|86-91-18-28-52-45-43|62-33-36-34-41|65-66-89-4-88-77|51-50|61-64-68-48|72-90|22-27-30-26-19-16-14-12-15-17-13-9-11-10
319,14,1863.9382,20951.3974,320.0,2749.6619,0,14,3135.89748,3139.366597,True,32-35-38-39-36-34-28-26-23-25-46-41|5-93-68-54-56-53-89-4-12-15-17-13-9-11-10-8|1-99-97-100-14-16-19-18-21|22-75-2-7-65-55-58-60-59-57-40-44-45-51-50-52-47-42-43-48|63-64-78|86-87|77|83-85-81-79|88-84-82-96|72-76-71-70-73-80-90|67-62-91|30-37-33-66-49-3|6-69-74-94-95-98|20-24-27-29-31-61-92
320,14,1863.9382,20951.3974,320.0,2749.6619,0,14,3135.89748,3139.366597,True,32-35-38-39-36-34-28-26-23-25-46-41|5-93-68-54-56-53-89-4-12-15-17-13-9-11-10-8|1-99-97-100-14-16-19-18-21|22-75-2-7-65-55-58-60-59-57-40-44-45-51-50-52-47-42-43-48|63-64-78|86-87|77|83-85-81-79|88-84-82-96|72-76-71-70-73-80-90|67-62-91|30-37-33-66-49-3|6-69-74-94-95-98|20-24-27-29-31-61-92
321,15,1915.0781,22043.5501,220.0,2872.2036,0,15,3299.720386,3303.377349,True,6-32-33|20-24-29-34-36-44-59-57-40-46-45-42-41|67-81-78-77-87|93-5-2-1-99-100-97-92-94-95-7-3-4|91-89-12-14-16-15-17-13-9-11-10-8|22-27-30-26|63-49-54-53-85-76-70-73|75-65-55-82-83|69-68-31-23-25-21|62-74-72-61-64-66-50-51-52-47-43-48|38-58-96|98-88-86-71-80|84-90|39-28-19-18-60-79|37-35-56
322,15,1915.0781,22043.5501,220.0,2872.2036,0,15,3299.720386,3303.377349,True,6-32-33|20-24-29-34-36-44-59-57-40-46-45-42-41|67-81-78-77-87|93-5-2-1-99-100-97-92-94-95-7-3-4|91-89-12-14-16-15-17-13-9-11-10-8|22-27-30-26|63-49-54-53-85-76-70-73|75-65-55-82-83|69-68-31-23-25-21|62-74-72-61-64-66-50-51-52-47-43-48|38-58-96|98-88-86-71-80|84-90|39-28-19-18-60-79|37-35-56
323,25,1923.6491,45650.5076,260.0,2782.1985,0,25,6840.764009,6847.958086,True,69-68-65-40-44-46|21|6-32-33-37-38-35-31-60-58-56-53|20-24-29-7-89|22-30-52|1-99-72-61-64-49-55-54-59-57-34|50-47|98-100-97-92-94-95-3-4|5-2-93|23-18-17-19-16-14-15-13|88-84-83-82-85-76-71-70-73-79-80|87|86|67-90|63-66-62-74-81-78-77|9|75-96|27-39-28-26-25-10|48|42|8|41|43|36-45-11|91-12-51
324,25,1923.6491,45650.5076,260.0,2782.1985,0,25,6840.764009,6847.958086,True,69-68-65-40-44-46|21|6-32-33-37-38-35-31-60-58-56-53|20-24-29-7-89|22-30-52|1-99-72-61-64-49-55-54-59-57-34|50-47|98-100-97-92-94-95-3-4|5-2-93|23-18-17-19-16-14-15-13|88-84-83-82-85-76-71-70-73-79-80|87|86|67-90|63-66-62-74-81-78-77|9|75-96|27-39-28-26-25-10|48|42|8|41|43|36-45-11|91-12-51
325,13,1951.3794,17815.0386,220.0,2963.405,0,13,2665.443666,2668.490323,True,6-32-39-44-59-57-40-42-41-43-48|63-66-64-65-61-82-85-81-78-77-96|91-4-7-14-12-17-13-9-10|8-25-11|21|93-75-89-84-80-79-87|99-20-35-36-28-15-19-50-51-46-52-47-90|3-49-55-60-54-73-70-71-76|67-18-16-23-26-45-83|22-30-31-37-38-34-58-56-53-86-88|24-33-29-68-69-95-94-98|5-100-97-92-2-1|27-72-74-62
326,13,1951.3794,17815.0386,220.0,2963.405,0,13,2665.443666,2668.490323,True,6-32-39-44-59-57-40-42-41-43-48|63-66-64-65-61-82-85-81-78-77-96|91-4-7-14-12-17-13-9-10|8-25-11|21|93-75-89-84-80-79-87|99-20-35-36-28-15-19-50-51-46-52-47-90|3-49-55-60-54-73-70-71-76|67-18-16-23-26-45-83|22-30-31-37-38-34-58-56-53-86-88|24-33-29-68-69-95-94-98|5-100-97-92-2-1|27-72-74-62
327,12,2023.469,18231.2349,310.0,2820.8188,0,12,2727.873115,2730.99114,True,20-22-31-35-37-38-36-28-26-23-25-21|27-5-75-74-72-61-64-66-91-4-89-14-16-19-15-13-9-11-10-8|63-1-2-6-32-58-59-83-82-85-70-73-79-81-78-77|93-97-94-95-98-7-69-65-49-54-57-46-45-50-47-42|67-68-40-48|33-62-76-71-87|17-44-41-43-52|3-84-96|34-18-88-90|30-99-12-51-80|24-39-53-56-60-55-86|29-100-92
328,12,2023.469,18231.2349,310.0,2820.8188,0,12,2727.873115,2730.99114,True,20-22-31-35-37-38-36-28-26-23-25-21|27-5-75-74-72-61-64-66-91-4-89-14-16-19-15-13-9-11-10-8|63-1-2-6-32-58-59-83-82-85-70-73-79-81-78-77|93-97-94-95-98-7-69-65-49-54-57-46-45-50-47-42|67-68-40-48|33-62-76-71-87|17-44-41-43-52|3-84-96|34-18-88-90|30-99-12-51-80|24-39-53-56-60-55-86|29-100-92
329,25,2099.4715,41656.3943,260.0,2858.2988,0,25,6241.64702,6248.306142,True,8|48|69-68-65-57-40-44-46|20|11-25-21|41-10|100|6-32-33-37-38-35-31-60-58-56-53|24-29-36-98-7-89|22-30-26-28-52-45|42|1-99-97-72-61-64-49-55-54-59-39-34|50-51-47|94-92-3-4|27-5-2-95|23-18-17-19-16-14-12-15-13|80|88-84-82-85-71-70-73-79|87-77|78|86-83|67-74-91-90-96|9|75-63-66-62-76-81|93-43
330,25,2099.4715,41656.3943,260.0,2858.2988,0,25,6241.64702,6248.306142,True,8|48|69-68-65-57-40-44-46|20|11-25-21|41-10|100|6-32-33-37-38-35-31-60-58-56-53|24-29-36-98-7-89|22-30-26-28-52-45|42|1-99-97-72-61-64-49-55-54-59-39-34|50-51-47|94-92-3-4|27-5-2-95|23-18-17-19-16-14-12-15-13|80|88-84-82-85-71-70-73-79|87-77|78|86-83|67-74-91-90-96|9|75-63-66-62-76-81|93-43
331,25,2151.8399,39861.3319,260.0,2858.2988,0,25,5972.38766,5978.793233,True,8|93-75|34-48|43|68-65-57-40-44|69-24-20|11-9-25-21|41-10|100|6-32-33-37-38-35-31-60-58-56-53|36-98-7-89|22-30-23-26-28-52-45-46|42|99-97-72-61-64-49-55-54-59-39|50-51-47|1-92-94-3-4|29-27-5-2-95|18-19-16-14-12-15-17-13|80|84-76-71-70-73-79-81|77|82-87|78|88-83-85|67-66-62-74-63-86-91-90-96
332,25,2151.8399,39861.3319,260.0,2858.2988,0,25,5972.38766,5978.793233,True,8|93-75|34-48|43|68-65-57-40-44|69-24-20|11-9-25-21|41-10|100|6-32-33-37-38-35-31-60-58-56-53|36-98-7-89|22-30-23-26-28-52-45-46|42|99-97-72-61-64-49-55-54-59-39|50-51-47|1-92-94-3-4|29-27-5-2-95|18-19-16-14-12-15-17-13|80|84-76-71-70-73-79-81|77|82-87|78|88-83-85|67-66-62-74-63-86-91-90-96
333,17,2170.6443,25520.6276,300.0,2749.6619,0,17,3821.282023,3825.527436,True,75-2-99-97-92-98-7-3-4-86-83-82-71-70-73-76-81-96|29-33-35-37-39-26-23-18-15-13-11-10|69-66-62-64-68-49-55-53-56-60-46-45-47-43-41-48|87|74-72-79-77|20-24-36-54-44-51-19-14-25-21|89-88|27-30-32|50-8|78|84-42-52|67-1-85-57-9|65-61-58-91-28-17-12-90|6-34-38-40-59-80|63-31-16|93-5-100-94-95|22
334,17,2170.6443,25520.6276,300.0,2749.6619,0,17,3821.282023,3825.527436,True,75-2-99-97-92-98-7-3-4-86-83-82-71-70-73-76-81-96|29-33-35-37-39-26-23-18-15-13-11-10|69-66-62-64-68-49-55-53-56-60-46-45-47-43-41-48|87|74-72-79-77|20-24-36-54-44-51-19-14-25-21|89-88|27-30-32|50-8|78|84-42-52|67-1-85-57-9|65-61-58-91-28-17-12-90|6-34-38-40-59-80|63-31-16|93-5-100-94-95|22
335,12,2185.7648,18579.5252,300.0,2781.5626,0,12,2780.116662,2783.328731,True,74-72-62-69-68-65-54-33-31-35-38-39-36-52|93-75-29-24-64-61-63-88-4-18-17-13-9-11-10-90|67-20-27-30-2-1-99-95-97-19-86-85-76-70-73-79-81-78-87|22-5-98-92-94-3-7-49-53-57-44-46-45-42-41-43|89-83-12-51-21|59-58-60-48|32-66-91-77|50-8|34-25-15-47-96|56-40-82-71-80|55-84-28-26-23-16-14|6-37-100
336,12,2185.7648,18579.5252,300.0,2781.5626,0,12,2780.116662,2783.328731,True,74-72-62-69-68-65-54-33-31-35-38-39-36-52|93-75-29-24-64-61-63-88-4-18-17-13-9-11-10-90|67-20-27-30-2-1-99-95-97-19-86-85-76-70-73-79-81-78-87|22-5-98-92-94-3-7-49-53-57-44-46-45-42-41-43|89-83-12-51-21|59-58-60-48|32-66-91-77|50-8|34-25-15-47-96|56-40-82-71-80|55-84-28-26-23-16-14|6-37-100
337,24,2330.2121,42940.0044,240.0,2845.3188,0,24,6434.188529,6441.105167,True,5-2-99-100-97-1-27-6-21-8|22-30-45|20-24-29-43-48|55-53-56-58-60-59|67-75-93|4-89|69-66-49-54-57-40-44-46-10-11|15-16-19-51-50-47|91-26|3-92-94-95-98-7|32-31-35-33-37-38-39-28-23-18-14-12|9-13-17-25|64-65-68-34-36-52-42-41|63-62-61-83-73|78|74-82-90|88-84-87|86-96|77|72-76-71|85-81|79|80|70
338,24,2330.2121,42940.0044,240.0,2845.3188,0,24,6434.188529,6441.105167,True,5-2-99-100-97-1-27-6-21-8|22-30-45|20-24-29-43-48|55-53-56-58-60-59|67-75-93|4-89|69-66-49-54-57-40-44-46-10-11|15-16-19-51-50-47|91-26|3-92-94-95-98-7|32-31-35-33-37-38-39-28-23-18-14-12|9-13-17-25|64-65-68-34-36-52-42-41|63-62-61-83-73|78|74-82-90|88-84-87|86-96|77|72-76-71|85-81|79|80|70
339,19,2399.8117,27329.5944,250.0,2844.3188,0,19,4092.627033,4097.22234,True,67-32-35-37-38-39-36-28-26-23-25-42-41|56-13-15-12-9-11-10|1-99-97-100-16-17-8-21|93-2-7-54-58-57-40-44-50-52-47-43|63-78|86-87|88-71-79-81|82-96|80-73-70-77-90|91|66-49-65|29-6-64-74-62-69|20-22-24-27-31-72-61-95|19-34-51-45-46|75-30-68-89-84-83-76-48|98-94-85-14-18|5-3-4-53-60-59|55-33|92
340,19,2399.8117,27329.5944,250.0,2844.3188,0,19,4092.627033,4097.22234,True,67-32-35-37-38-39-36-28-26-23-25-42-41|56-13-15-12-9-11-10|1-99-97-100-16-17-8-21|93-2-7-54-58-57-40-44-50-52-47-43|63-78|86-87|88-71-79-81|82-96|80-73-70-77-90|91|66-49-65|29-6-64-74-62-69|20-22-24-27-31-72-61-95|19-34-51-45-46|75-30-68-89-84-83-76-48|98-94-85-14-18|5-3-4-53-60-59|55-33|92
341,20,2465.8921,35163.5413,280.0,2749.6619,0,20,5267.719076,5273.498401,True,93-75-2-1-99-97-94-95-4-82-85-73-81-78|22-6-35-37-28-26-23-15-13|63-66-62-74-72-61-64-68-65-55-59-46-47-43-48|91-90|8|20-57-34-17-14-21|30-41|33-38-32-52-25|89-79-80|60-53-3-84-77|27-29-36-39-49-86|24-16-18-50-51-42-96|87|44-58-83-11|45-9-12|5-67-56-40-10|98-92-88-76-71-70|69-7-19|31-54|100
342,20,2465.8921,35163.5413,280.0,2749.6619,0,20,5267.719076,5273.498401,True,93-75-2-1-99-97-94-95-4-82-85-73-81-78|22-6-35-37-28-26-23-15-13|63-66-62-74-72-61-64-68-65-55-59-46-47-43-48|91-90|8|20-57-34-17-14-21|30-41|33-38-32-52-25|89-79-80|60-53-3-84-77|27-29-36-39-49-86|24-16-18-50-51-42-96|87|44-58-83-11|45-9-12|5-67-56-40-10|98-92-88-76-71-70|69-7-19|31-54|100
343,25,2803.7936,41838.2368,190.0,2934.3069,0,25,6268.923392,6275.825488,True,60-58-59-83-9|63-74-53-55-25|96|67-1-99-100-97-92-2|69-57-40-46|5-75-7|52|22-27|32-35-37-38-39-3-84-78-87-8|66-64-44|42-47|20-24-29|12-23-21-81|73-70-76-11|49-94-95-98|93-13-82-85-71|79|86-91-18-28-45-43|10|62-54-33-36-34-41|56-65-4-89-88-77-80|14-51-50|61-68-31-48|6-72-90|30-26-19-16-15-17
344,25,2803.7936,41838.2368,190.0,2934.3069,0,25,6268.923392,6275.825488,True,60-58-59-83-9|63-74-53-55-25|96|67-1-99-100-97-92-2|69-57-40-46|5-75-7|52|22-27|32-35-37-38-39-3-84-78-87-8|66-64-44|42-47|20-24-29|12-23-21-81|73-70-76-11|49-94-95-98|93-13-82-85-71|79|86-91-18-28-45-43|10|62-54-33-36-34-41|56-65-4-89-88-77-80|14-51-50|61-68-31-48|6-72-90|30-26-19-16-15-17
345,25,2842.8491,40527.371,240.0,2861.8418,0,25,6072.293519,6079.004832,True,69-55-53-58-60-79-42-47|84-48|6-29-25|2-100-99|16-14-88-83-85-96-41|10|86|32-35-18-19-78|20-24-93|75-15|12|97-92-94-95-91-37-38-34-51-50-73-70-71|1-7-3|13|52-9-8|21|45|43-80-77|17-82-87|28-98-11|63-74-66-64-61-76-81-90|62-65-31-39-36-26-23-46-44-40-57|27-67-59-56-89|22-33-54-49-68-4|5-30-72
346,25,2842.8491,40527.371,240.0,2861.8418,0,25,6072.293519,6079.004832,True,69-55-53-58-60-79-42-47|84-48|6-29-25|2-100-99|16-14-88-83-85-96-41|10|86|32-35-18-19-78|20-24-93|75-15|12|97-92-94-95-91-37-38-34-51-50-73-70-71|1-7-3|13|52-9-8|21|45|43-80-77|17-82-87|28-98-11|63-74-66-64-61-76-81-90|62-65-31-39-36-26-23-46-44-40-57|27-67-59-56-89|22-33-54-49-68-4|5-30-72
347,23,2908.394,40844.0898,180.0,2934.3069,0,23,6119.801348,6126.584102,True,60-58-59-83-9|63-74-53-55-25|67-1-99-100-97-92-2|22-27|32-35-37-38-39-3-84-78-87-8|66-64-44|12-23-21-81|73-70-76-11|49-94-95-98|93-13-82-85-71|86-91-18-28-45-43|62-54-33-36-34-41|56-65-89-4-88-77-80|14-51-50|61-68-31-48|6-72-90|30-26-19-16-15-17|29-10|5-69-47|24-57-96|46-42|20-75-7-52|40-79
348,23,2908.394,40844.0898,180.0,2934.3069,0,23,6119.801348,6126.584102,True,60-58-59-83-9|63-74-53-55-25|67-1-99-100-97-92-2|22-27|32-35-37-38-39-3-84-78-87-8|66-64-44|12-23-21-81|73-70-76-11|49-94-95-98|93-13-82-85-71|86-91-18-28-45-43|62-54-33-36-34-41|56-65-89-4-88-77-80|14-51-50|61-68-31-48|6-72-90|30-26-19-16-15-17|29-10|5-69-47|24-57-96|46-42|20-75-7-52|40-79
