Rank,Z1_Vehicles,Z2_Distance,Z3_WaitTime,Z4_LoadBalance,Z5_Makespan,Unserved,Num_Routes,ASF,ASF_aug,In_ROI,Routes
1,6,1240.8081,2630.4965,295.0,944.66,0,6,303.096761,303.415615,True,69-82-11-15-16-47-14-12-99-52-57-86-9-87-59-75-97-10-13-74-77-58-25-48|65-83-64-19-23-21-18-76-51-84-49-22-24-20-66|92-95-63-33-30-27-28-26-29-31-34-32-89-85-56-91-80|90-88-79-73-78-53-98-55-68|45-42-39-36-44-38-81-61-2-6-7-8-46-5-3-1-4-17-60-100-70|94-62-50-67-71-72-41-40-43-35-37-54-93-96
2,6,1242.1448,2629.1597,295.0,944.66,0,6,302.896252,303.215306,True,69-82-11-15-16-47-14-12-99-52-57-86-9-87-59-75-97-10-13-74-77-58-25-48|65-83-64-19-23-21-18-76-51-84-49-22-24-20-66|92-95-63-33-30-27-28-26-29-31-34-32-89-85-56-91-80|90-88-79-73-78-53-98-55-68|2-45-42-39-36-44-38-81-61-6-7-8-46-5-3-1-4-17-60-100-70|94-62-50-67-71-72-41-40-35-37-43-54-93-96
3,6,1243.1868,2628.1178,295.0,944.66,0,6,302.739954,303.059164,True,69-82-11-15-16-47-14-12-99-52-57-86-9-87-59-75-97-10-13-74-77-58-25-48|65-83-64-19-23-21-18-76-51-84-49-22-24-20-66|92-95-63-33-30-27-28-26-29-31-34-32-89-85-56-91-80|90-88-79-73-78-53-98-55-68|2-45-5-42-39-36-44-38-81-61-6-7-8-46-3-1-4-17-60-100-70|94-62-50-67-71-72-41-40-43-35-37-54-93-96
4,6,1244.1858,2627.1188,295.0,944.66,0,6,302.590113,302.909473,True,69-82-11-15-16-47-14-12-99-52-57-86-9-87-59-75-97-10-13-74-77-58-25-48|65-83-64-19-23-21-18-76-51-84-49-22-24-20-66|92-95-63-33-30-27-29-31-34-28-26-32-89-85-56-91-80|90-88-79-73-78-53-98-55-68|2-45-42-39-36-44-38-81-61-6-7-8-46-5-3-1-4-17-60-100-70|94-62-50-67-71-72-41-40-43-35-37-54-93-96
5,6,1244.332,2603.2783,295.0,920.9656,0,6,299.014029,299.326303,True,69-82-11-15-16-47-14-12-99-52-57-86-9-87-59-75-97-10-13-74-48-25-77-58|65-83-64-19-23-21-18-76-84-51-49-22-24-20-66|92-95-63-33-30-27-28-26-29-31-34-32-89-85-56-91-80|90-88-79-73-78-53-98-55-68|2-45-42-39-36-44-38-81-61-6-7-8-46-5-3-1-4-17-60-100-70|94-62-50-67-71-72-41-40-43-35-37-54-93-96
6,6,1244.332,2603.2783,295.0,920.9656,0,6,299.014029,299.326303,True,69-82-11-15-16-47-14-12-99-52-57-86-9-87-59-75-97-10-13-74-48-25-77-58|65-83-64-19-23-21-18-76-84-51-49-22-24-20-66|92-95-63-33-30-27-28-26-29-31-34-32-89-85-56-91-80|90-88-79-73-78-53-98-55-68|2-45-42-39-36-44-38-81-61-6-7-8-46-5-3-1-4-17-60-100-70|94-62-50-67-71-72-41-40-43-35-37-54-93-96
7,6,1249.5976,2621.707,241.0,944.66,0,6,301.778341,302.093113,True,82-12-14-47-16-15-11-99-52-57-86-9-87-59-75-97-10-13-74-77-58-25-48|65-83-64-19-23-21-18-76-51-84-49-22-24-20-66|92-95-63-33-30-27-28-26-29-31-34-32-89-85-56-91-80|69-88-79-73-78-53-98-90-55-68|2-45-42-39-36-44-38-81-61-6-7-8-46-5-3-1-4-17-60-100-70|94-62-50-67-71-72-41-40-43-35-37-54-93-96
8,6,1249.5976,2621.707,241.0,944.66,0,6,301.778341,302.093113,True,82-12-14-47-16-15-11-99-52-57-86-9-87-59-75-97-10-13-74-77-58-25-48|65-83-64-19-23-21-18-76-51-84-49-22-24-20-66|92-95-63-33-30-27-28-26-29-31-34-32-89-85-56-91-80|69-88-79-73-78-53-98-90-55-68|2-45-42-39-36-44-38-81-61-6-7-8-46-5-3-1-4-17-60-100-70|94-62-50-67-71-72-41-40-43-35-37-54-93-96
9,6,1252.6839,2618.6207,225.0,944.66,0,6,301.315399,301.629034,True,69-82-11-15-16-47-14-12-99-52-57-86-9-87-59-75-97-74-77-58-25-48|65-83-64-19-23-21-18-76-51-84-49-22-24-20-66|92-95-63-33-30-27-28-26-29-31-34-32-89-85-56-91-80|90-98-88-79-73-78-53-10-55-68|45-42-39-36-44-38-81-61-2-6-7-8-46-5-3-1-4-13-17-60-100-70|94-62-50-67-71-72-41-40-43-35-37-54-93-96
10,6,1252.6839,2618.6207,225.0,944.66,0,6,301.315399,301.629034,True,69-82-11-15-16-47-14-12-99-52-57-86-9-87-59-75-97-74-77-58-25-48|65-83-64-19-23-21-18-76-51-84-49-22-24-20-66|92-95-63-33-30-27-28-26-29-31-34-32-89-85-56-91-80|90-98-88-79-73-78-53-10-55-68|45-42-39-36-44-38-81-61-2-6-7-8-46-5-3-1-4-13-17-60-100-70|94-62-50-67-71-72-41-40-43-35-37-54-93-96
11,6,1253.3538,2617.9508,285.0,944.66,0,6,301.214911,301.534646,True,69-82-11-15-16-47-14-12-99-52-57-86-9-87-59-75-97-10-13-74-77-58-25-48|65-83-64-19-23-21-18-76-51-84-49-22-24-20-66|92-95-63-33-30-27-28-26-29-31-34-32-89-85-56-91-80|90-81-88-79-73-78-53-98-55-68|2-45-42-39-36-44-40-38-61-6-7-8-46-5-3-1-4-17-60-100-70|94-62-50-67-71-72-41-43-35-37-54-93-96
12,6,1253.3538,2617.9508,285.0,944.66,0,6,301.214911,301.534646,True,69-82-11-15-16-47-14-12-99-52-57-86-9-87-59-75-97-10-13-74-77-58-25-48|65-83-64-19-23-21-18-76-51-84-49-22-24-20-66|92-95-63-33-30-27-28-26-29-31-34-32-89-85-56-91-80|90-81-88-79-73-78-53-98-55-68|2-45-42-39-36-44-40-38-61-6-7-8-46-5-3-1-4-17-60-100-70|94-62-50-67-71-72-41-43-35-37-54-93-96
13,6,1253.6635,2508.924,282.0,920.9656,0,6,284.860885,285.160505,True,69-82-11-15-16-47-14-12-99-52-86-9-87-59-75-97-10-13-74-24-48-25-77-58|65-83-64-19-23-21-18-76-51-84-49-22-20-57-66|92-95-63-33-30-27-28-26-29-31-34-32-89-85-56-91-80|90-88-79-73-78-53-98-55-68|2-45-42-39-36-44-40-38-61-6-7-8-46-5-3-1-4-17-60-100-70|94-62-50-67-71-81-72-41-43-35-37-54-93-96
14,6,1253.6635,2508.924,282.0,920.9656,0,6,284.860885,285.160505,True,69-82-11-15-16-47-14-12-99-52-86-9-87-59-75-97-10-13-74-24-48-25-77-58|65-83-64-19-23-21-18-76-51-84-49-22-20-57-66|92-95-63-33-30-27-28-26-29-31-34-32-89-85-56-91-80|90-88-79-73-78-53-98-55-68|2-45-42-39-36-44-40-38-61-6-7-8-46-5-3-1-4-17-60-100-70|94-62-50-67-71-81-72-41-43-35-37-54-93-96
15,6,1262.7134,2608.5912,234.0,944.66,0,6,299.810975,300.127015,True,69-82-11-15-16-47-14-12-99-52-57-86-9-87-59-75-97-74-77-58-25-48|65-83-64-19-23-21-18-76-51-84-49-22-24-20-66|92-95-63-33-30-27-28-26-29-31-34-32-89-85-56-91-80|90-98-88-79-73-78-53-10-55-68|2-45-42-39-36-44-40-38-61-6-7-8-46-5-3-1-4-13-17-60-100-70|94-62-50-67-71-81-72-41-43-35-37-54-93-96
16,6,1262.7134,2608.5912,234.0,944.66,0,6,299.810975,300.127015,True,69-82-11-15-16-47-14-12-99-52-57-86-9-87-59-75-97-74-77-58-25-48|65-83-64-19-23-21-18-76-51-84-49-22-24-20-66|92-95-63-33-30-27-28-26-29-31-34-32-89-85-56-91-80|90-98-88-79-73-78-53-10-55-68|2-45-42-39-36-44-40-38-61-6-7-8-46-5-3-1-4-13-17-60-100-70|94-62-50-67-71-81-72-41-43-35-37-54-93-96
17,6,1263.3814,2607.9232,241.0,944.66,0,6,299.710773,300.027612,True,82-12-14-47-16-15-11-99-52-57-86-9-87-59-75-97-10-13-74-77-58-25-48|65-83-64-19-23-21-18-76-51-84-49-22-24-20-66|95-63-33-30-27-28-26-29-31-34-32-89-85-56-91-80|69-90-88-79-73-78-53-98-55-68|45-42-39-36-44-40-38-2-6-7-8-46-5-3-1-4-17-60-100-70|92-94-62-50-67-71-81-61-72-41-43-35-37-54-93-96
18,6,1263.6756,2607.629,265.0,944.66,0,6,299.666634,299.985918,True,69-82-11-15-16-47-14-12-9-87-52-57-86-59-75-97-10-13-74-77-58-25-48|65-83-64-19-23-21-18-76-51-84-49-22-24-20-66|92-95-63-33-30-27-28-26-29-31-34-32-89-85-56-91-80|90-99-88-79-73-78-53-98-55-68|2-45-42-39-36-44-40-38-61-6-7-8-46-5-3-1-4-17-60-100-70|94-62-50-67-71-81-72-41-43-35-37-54-93-96
19,6,1267.2117,2514.1126,262.0,944.66,0,6,285.639184,285.945201,True,82-12-14-47-16-15-11-99-52-57-86-9-87-59-75-97-10-13-74-77-58-25-48|65-83-64-19-23-21-18-76-51-84-49-22-24-20-66|95-63-33-30-27-28-26-29-31-34-32-89-85-56-91-93-96-80|69-88-79-73-78-53-98-90-55|45-42-39-36-44-38-81-61-2-6-7-8-46-5-3-1-4-17-60-100-70|92-94-62-50-67-71-72-41-40-43-35-37-54-68
20,6,1267.2117,2514.1126,262.0,944.66,0,6,285.639184,285.945201,True,82-12-14-47-16-15-11-99-52-57-86-9-87-59-75-97-10-13-74-77-58-25-48|65-83-64-19-23-21-18-76-51-84-49-22-24-20-66|95-63-33-30-27-28-26-29-31-34-32-89-85-56-91-93-96-80|69-88-79-73-78-53-98-90-55|45-42-39-36-44-38-81-61-2-6-7-8-46-5-3-1-4-17-60-100-70|92-94-62-50-67-71-72-41-40-43-35-37-54-68
21,6,1274.8225,2659.7663,215.0,944.66,0,6,307.487243,307.812691,True,69-82-11-15-16-47-14-12-99-52-57-86-9-87-59-75-97-74-77-58-25-48|65-83-64-19-23-21-18-76-51-84-49-22-24-20-66|92-95-63-33-30-27-28-26-29-31-34-32-89-85-56-91-80|90-88-79-73-78-53-98-55-4-68|2-45-42-39-36-44-40-38-61-6-7-8-46-5-3-1-10-13-17-60-100-70|94-62-50-67-71-81-72-41-43-35-37-54-93-96
22,7,1277.3444,3289.5717,219.0,920.9656,0,7,401.958048,402.375869,True,94-62-67-71-72-81-61-79-7-6-46-5-3-1-4-100-70|90-82-99-52-57-86-9-87-59-75-97-74-25-77-58|98-12-14-47-16-15-11-10-13-17|65-83-64-19-23-21-48-18-49-22-24-20-56-66|92-95-33-28-27-29-31-30-63-76-51-84-85-89-26-32-34-50-93-96-91-80|2-45-42-39-36-44-40-38-41-8-43-35-37-54|69-88-53-78-73-60-55-68
23,6,1277.4792,2570.131,229.0,920.9656,0,6,294.041939,294.352585,True,69-82-11-15-16-47-14-12-9-86-87-59-75-97-10-13-74-25-77-58|65-52-83-64-19-23-21-18-76-51-84-22-49-48-57-24-20-66|92-95-63-33-30-27-28-26-29-31-34-32-89-85-56-91-80|90-99-88-79-73-78-53-98-55-68|2-45-42-39-36-44-38-81-61-6-7-8-46-5-3-1-4-17-60-100-70|94-62-50-67-71-72-41-40-43-35-37-54-93-96
24,6,1277.4792,2570.131,229.0,920.9656,0,6,294.041939,294.352585,True,69-82-11-15-16-47-14-12-9-86-87-59-75-97-10-13-74-25-77-58|65-52-83-64-19-23-21-18-76-51-84-22-49-48-57-24-20-66|92-95-63-33-30-27-28-26-29-31-34-32-89-85-56-91-80|90-99-88-79-73-78-53-98-55-68|2-45-42-39-36-44-38-81-61-6-7-8-46-5-3-1-4-17-60-100-70|94-62-50-67-71-72-41-40-43-35-37-54-93-96
25,6,1280.3039,2505.978,275.0,944.66,0,6,284.418991,284.729015,True,69-82-11-15-16-47-14-12-9-87-52-57-86-59-75-97-10-13-74-24-77-58-25-48|65-83-64-19-23-21-18-76-51-84-49-22-20-66|92-95-63-33-30-27-28-26-29-31-34-32-89-85-56-91-80|90-99-88-79-73-78-53-98-55-68|2-45-42-39-36-44-40-38-61-6-7-8-46-5-3-1-4-17-60-100-70|94-62-50-67-71-81-72-41-43-35-37-54-93-96
26,6,1280.3039,2505.978,275.0,944.66,0,6,284.418991,284.729015,True,69-82-11-15-16-47-14-12-9-87-52-57-86-59-75-97-10-13-74-24-77-58-25-48|65-83-64-19-23-21-18-76-51-84-49-22-20-66|92-95-63-33-30-27-28-26-29-31-34-32-89-85-56-91-80|90-99-88-79-73-78-53-98-55-68|2-45-42-39-36-44-40-38-61-6-7-8-46-5-3-1-4-17-60-100-70|94-62-50-67-71-81-72-41-43-35-37-54-93-96
27,6,1282.8799,2628.0146,225.0,920.9656,0,6,302.724481,303.04503,True,69-82-11-15-16-47-14-12-99-52-57-86-9-87-59-75-97-13-74-48-25-77-58|65-83-64-19-23-21-18-76-51-84-49-22-24-20-66|92-95-63-33-30-27-28-26-29-31-34-32-89-85-56-91-80|90-88-79-73-78-53-98-55-4-68|45-42-39-36-44-38-81-61-2-6-7-8-46-5-3-1-10-17-60-100-70|94-62-50-67-71-72-41-40-43-35-37-54-93-96
28,6,1282.8799,2628.0146,225.0,920.9656,0,6,302.724481,303.04503,True,69-82-11-15-16-47-14-12-99-52-57-86-9-87-59-75-97-13-74-48-25-77-58|65-83-64-19-23-21-18-76-51-84-49-22-24-20-66|92-95-63-33-30-27-28-26-29-31-34-32-89-85-56-91-80|90-88-79-73-78-53-98-55-4-68|45-42-39-36-44-38-81-61-2-6-7-8-46-5-3-1-10-17-60-100-70|94-62-50-67-71-72-41-40-43-35-37-54-93-96
29,6,1283.7564,2488.0506,285.0,920.9656,0,6,281.729886,282.035703,True,69-82-11-15-16-47-14-12-99-52-57-86-9-87-59-75-97-10-13-74-25-77-58|65-83-64-19-23-21-76-18-48-49-22-24-20-89-32-91-80|92-95-63-33-30-27-28-26-29-31-34-85-51-84-56-66|90-88-79-73-78-53-98-55-68|2-45-42-39-36-44-40-38-61-6-7-8-46-5-3-1-4-17-60-100-70|94-62-50-67-71-81-72-41-43-35-37-54-93-96
30,6,1283.7564,2488.0506,285.0,920.9656,0,6,281.729886,282.035703,True,69-82-11-15-16-47-14-12-99-52-57-86-9-87-59-75-97-10-13-74-25-77-58|65-83-64-19-23-21-76-18-48-49-22-24-20-89-32-91-80|92-95-63-33-30-27-28-26-29-31-34-85-51-84-56-66|90-88-79-73-78-53-98-55-68|2-45-42-39-36-44-40-38-61-6-7-8-46-5-3-1-4-17-60-100-70|94-62-50-67-71-81-72-41-43-35-37-54-93-96
31,6,1284.2423,2573.2432,212.0,944.66,0,6,294.508772,294.823767,True,82-52-12-14-47-16-15-11-9-86-87-59-75-97-10-13-74-77-58-25-48|65-83-64-19-23-21-18-76-51-84-49-22-20-57-24-66|92-95-63-33-30-27-28-26-29-31-34-32-89-85-56-91-80|69-90-99-88-79-73-78-53-98-55-68|2-45-42-39-36-44-40-38-61-6-7-8-46-5-3-1-4-17-60-100-70|94-62-50-67-71-81-72-41-43-35-37-54-93-96
32,6,1284.2423,2573.2432,212.0,944.66,0,6,294.508772,294.823767,True,82-52-12-14-47-16-15-11-9-86-87-59-75-97-10-13-74-77-58-25-48|65-83-64-19-23-21-18-76-51-84-49-22-20-57-24-66|92-95-63-33-30-27-28-26-29-31-34-32-89-85-56-91-80|69-90-99-88-79-73-78-53-98-55-68|2-45-42-39-36-44-40-38-61-6-7-8-46-5-3-1-4-17-60-100-70|94-62-50-67-71-81-72-41-43-35-37-54-93-96
33,9,1287.4663,4393.8791,127.0,920.9656,0,9,567.60415,568.182054,True,69-88-78-73-79-7-8-46-6-2-55-68|94-67-71-72-81-61-1-3-5-4-100-70|90-82-99-52-57-86-87-59-75-97-74-25-77-58|98-12-14-47-16-15-11-9-53-10-13-17-60|65-83-19-23-21-48-18-49-22-24-20-66|92-62-31-29-27-28-26-34-84-91|95-33-30-32-50-93-96-80|45-42-39-36-44-40-38-37-41-43-35-54|64-51-85-63-76-89-56
34,6,1291.0316,2566.4539,239.0,944.66,0,6,293.490371,293.809085,True,69-82-12-15-16-11-14-47-9-86-87-59-75-97-10-13-74-77-58-25-48|65-52-83-64-19-23-21-18-76-51-84-22-49-20-57-24-66|92-95-63-33-30-27-28-26-29-31-34-32-89-85-56-91-80|90-99-88-79-73-78-53-98-55-68|2-45-42-39-36-44-40-38-61-6-7-8-46-5-3-1-4-17-60-100-70|94-62-50-67-71-81-72-41-43-35-37-54-93-96
35,6,1291.0316,2566.4539,239.0,944.66,0,6,293.490371,293.809085,True,69-82-12-15-16-11-14-47-9-86-87-59-75-97-10-13-74-77-58-25-48|65-52-83-64-19-23-21-18-76-51-84-22-49-20-57-24-66|92-95-63-33-30-27-28-26-29-31-34-32-89-85-56-91-80|90-99-88-79-73-78-53-98-55-68|2-45-42-39-36-44-40-38-61-6-7-8-46-5-3-1-4-17-60-100-70|94-62-50-67-71-81-72-41-43-35-37-54-93-96
36,6,1291.9265,2579.3781,197.0,944.66,0,6,295.429005,295.745727,True,65-82-12-14-47-16-15-11-99-52-57-86-9-87-59-75-97-13-74-77-58-25-48|83-64-19-23-21-18-76-51-84-49-22-24-20-66|92-95-63-33-30-27-28-26-29-31-34-32-89-85-56-91-80|69-88-79-73-78-53-98-90-10-55-68|2-45-42-39-36-44-40-38-61-6-7-8-46-5-3-1-4-17-60-100-70|94-62-50-67-71-81-72-41-43-35-37-54-93-96
37,6,1291.9265,2579.3781,197.0,944.66,0,6,295.429005,295.745727,True,65-82-12-14-47-16-15-11-99-52-57-86-9-87-59-75-97-13-74-77-58-25-48|83-64-19-23-21-18-76-51-84-49-22-24-20-66|92-95-63-33-30-27-28-26-29-31-34-32-89-85-56-91-80|69-88-79-73-78-53-98-90-10-55-68|2-45-42-39-36-44-40-38-61-6-7-8-46-5-3-1-4-17-60-100-70|94-62-50-67-71-81-72-41-43-35-37-54-93-96
38,6,1295.7535,2575.5511,197.0,944.66,0,6,294.854951,295.172247,True,65-82-12-14-47-16-15-11-99-57-52-86-9-87-59-75-97-13-74-77-58-25-48|83-64-19-23-21-18-76-51-84-49-22-24-20-66|92-95-63-33-30-27-28-26-29-31-34-32-89-85-56-91-80|69-88-79-73-78-53-98-90-10-55-68|2-45-42-39-36-44-40-38-61-6-7-8-46-5-3-1-4-17-60-100-70|94-62-50-67-71-81-72-41-43-35-37-54-93-96
39,6,1295.7535,2575.5511,197.0,944.66,0,6,294.854951,295.172247,True,65-82-12-14-47-16-15-11-99-57-52-86-9-87-59-75-97-13-74-77-58-25-48|83-64-19-23-21-18-76-51-84-49-22-24-20-66|92-95-63-33-30-27-28-26-29-31-34-32-89-85-56-91-80|69-88-79-73-78-53-98-90-10-55-68|2-45-42-39-36-44-40-38-61-6-7-8-46-5-3-1-4-17-60-100-70|94-62-50-67-71-81-72-41-43-35-37-54-93-96
40,6,1298.1257,2559.3598,237.0,944.66,0,6,292.42626,292.745838,True,69-82-11-15-16-47-14-12-9-86-87-59-75-97-74-77-58-25-48|65-52-83-64-19-23-21-18-76-51-84-49-22-20-57-24-66|92-95-63-33-30-27-28-26-29-31-34-32-89-85-56-91-80|90-99-88-79-73-78-53-10-55-68|98-2-45-42-39-36-44-40-38-61-6-7-8-46-5-3-1-4-13-17-60-100-70|94-62-50-67-71-81-72-41-43-35-37-54-93-96
41,6,1298.1257,2559.3598,237.0,944.66,0,6,292.42626,292.745838,True,69-82-11-15-16-47-14-12-9-86-87-59-75-97-74-77-58-25-48|65-52-83-64-19-23-21-18-76-51-84-49-22-20-57-24-66|92-95-63-33-30-27-28-26-29-31-34-32-89-85-56-91-80|90-99-88-79-73-78-53-10-55-68|98-2-45-42-39-36-44-40-38-61-6-7-8-46-5-3-1-4-13-17-60-100-70|94-62-50-67-71-81-72-41-43-35-37-54-93-96
42,6,1298.7953,2572.5092,210.0,944.66,0,6,294.398678,294.717729,True,82-52-12-14-47-16-15-11-9-86-87-59-75-97-57-74-77-58-25-48|65-83-64-19-23-21-18-76-51-84-49-22-24-20-66|92-95-63-33-30-27-28-26-29-31-34-32-89-85-56-91-80|69-90-99-88-79-73-78-53-10-55-68|98-2-45-42-39-36-44-40-38-61-6-7-8-46-5-3-1-4-13-17-60-100-70|94-62-50-67-71-81-72-41-43-35-37-54-93-96
43,6,1298.7953,2572.5092,210.0,944.66,0,6,294.398678,294.717729,True,82-52-12-14-47-16-15-11-9-86-87-59-75-97-57-74-77-58-25-48|65-83-64-19-23-21-18-76-51-84-49-22-24-20-66|92-95-63-33-30-27-28-26-29-31-34-32-89-85-56-91-80|69-90-99-88-79-73-78-53-10-55-68|98-2-45-42-39-36-44-40-38-61-6-7-8-46-5-3-1-4-13-17-60-100-70|94-62-50-67-71-81-72-41-43-35-37-54-93-96
44,5,1307.9657,1883.5851,226.0,944.66,0,5,191.060061,191.279825,True,69-82-11-15-16-47-14-12-99-52-57-86-9-87-59-75-97-10-13-74-77-58-25-48|65-83-64-62-19-23-21-18-76-51-49-22-24-20-66|92-95-63-33-28-30-27-29-31-67-71-72-61-81-96-94-84-50-34-26-32-89-85-56-91-80|2-45-42-39-36-44-40-38-41-6-7-8-46-5-3-1-4-17-60-100-70|90-88-79-73-78-53-98-55-68-43-35-37-54-93
45,5,1307.9657,1883.5851,226.0,944.66,0,5,191.060061,191.279825,True,69-82-11-15-16-47-14-12-99-52-57-86-9-87-59-75-97-10-13-74-77-58-25-48|65-83-64-62-19-23-21-18-76-51-49-22-24-20-66|92-95-63-33-28-30-27-29-31-67-71-72-61-81-96-94-84-50-34-26-32-89-85-56-91-80|2-45-42-39-36-44-40-38-41-6-7-8-46-5-3-1-4-17-60-100-70|90-88-79-73-78-53-98-55-68-43-35-37-54-93
46,5,1307.99,1894.3145,200.0,944.66,0,5,192.669472,192.888253,True,69-82-11-15-16-47-14-12-99-52-57-86-9-87-59-75-97-10-13-74-77-58-25-48|65-83-64-62-19-23-21-18-76-51-49-22-24-20-66|92-95-63-33-28-30-27-29-31-67-71-72-61-81-94-84-50-34-26-32-89-85-56-91-80|2-45-42-39-36-44-40-38-41-6-7-8-46-5-3-1-4-17-60-100-70|90-88-79-73-78-53-98-55-68-43-35-37-54-93-96
47,5,1307.99,1894.3145,200.0,944.66,0,5,192.669472,192.888253,True,69-82-11-15-16-47-14-12-99-52-57-86-9-87-59-75-97-10-13-74-77-58-25-48|65-83-64-62-19-23-21-18-76-51-49-22-24-20-66|92-95-63-33-28-30-27-29-31-67-71-72-61-81-94-84-50-34-26-32-89-85-56-91-80|2-45-42-39-36-44-40-38-41-6-7-8-46-5-3-1-4-17-60-100-70|90-88-79-73-78-53-98-55-68-43-35-37-54-93-96
48,5,1308.1551,1883.3958,226.0,944.66,0,5,191.031665,191.251457,True,69-82-11-15-16-47-14-12-99-52-57-86-9-87-59-75-97-10-13-74-77-58-25-48|65-83-64-62-19-23-21-18-76-51-84-49-22-24-20-66|92-95-63-33-28-27-29-30-67-71-72-61-81-96-94-50-34-31-26-32-89-85-56-91-80|2-45-42-39-36-44-40-38-41-6-7-8-46-5-3-1-4-17-60-100-70|90-88-79-73-78-53-98-55-68-43-35-37-54-93
49,5,1308.7555,1893.5491,200.0,944.66,0,5,192.554653,192.773549,True,69-82-11-15-16-47-14-12-99-52-57-86-9-87-59-75-97-10-13-74-77-58-25-48|65-83-64-62-19-23-21-18-76-51-84-49-22-24-20-66|92-95-63-33-30-27-28-29-31-67-71-72-61-81-94-50-34-26-32-89-85-56-91-80|2-45-42-39-36-44-40-38-41-6-7-8-46-5-3-1-4-17-60-100-70|90-88-79-73-78-53-98-55-68-43-35-37-54-93-96
50,5,1308.7555,1893.5491,200.0,944.66,0,5,192.554653,192.773549,True,69-82-11-15-16-47-14-12-99-52-57-86-9-87-59-75-97-10-13-74-77-58-25-48|65-83-64-62-19-23-21-18-76-51-84-49-22-24-20-66|92-95-63-33-30-27-28-29-31-67-71-72-61-81-94-50-34-26-32-89-85-56-91-80|2-45-42-39-36-44-40-38-41-6-7-8-46-5-3-1-4-17-60-100-70|90-88-79-73-78-53-98-55-68-43-35-37-54-93-96
51,5,1308.9622,1893.3424,200.0,944.66,0,5,192.523653,192.74258,True,69-82-11-15-16-47-14-12-99-52-57-86-9-87-59-75-97-10-13-74-77-58-25-48|65-83-64-62-19-23-21-18-76-51-84-49-22-24-20-66|92-95-63-33-28-30-27-29-31-50-67-71-72-61-81-94-34-26-32-89-85-56-91-80|2-45-42-39-36-44-40-38-41-6-7-8-46-5-3-1-4-17-60-100-70|90-88-79-73-78-53-98-55-68-43-35-37-54-93-96
52,5,1308.9672,1893.3373,200.0,944.66,0,5,192.522892,192.741819,True,69-82-11-15-16-47-14-12-99-52-57-86-9-87-59-75-97-10-13-74-77-58-25-48|65-83-64-62-19-23-21-18-76-51-49-22-24-20-66|92-95-63-33-30-27-28-29-31-67-71-72-81-94-84-50-34-26-32-89-85-56-91-80|2-45-42-39-36-44-40-38-41-61-8-7-6-46-5-3-1-4-17-60-100-70|90-88-79-73-78-53-98-55-68-43-35-37-54-93-96
53,5,1311.8888,1879.6621,226.0,944.66,0,5,190.471605,190.691957,True,69-82-11-15-16-47-14-12-99-52-57-86-9-87-59-75-97-10-13-74-77-58-25-48|65-83-64-62-19-23-21-18-76-51-84-49-22-24-20-66|92-95-63-85-33-30-27-28-29-31-67-71-72-61-81-96-94-50-34-32-26-89-56-91-80|2-45-42-39-36-44-40-38-41-6-7-8-46-5-3-1-4-17-60-100-70|90-88-79-73-78-53-98-55-68-43-35-37-54-93
54,5,1311.8888,1879.6621,226.0,944.66,0,5,190.471605,190.691957,True,69-82-11-15-16-47-14-12-99-52-57-86-9-87-59-75-97-10-13-74-77-58-25-48|65-83-64-62-19-23-21-18-76-51-84-49-22-24-20-66|92-95-63-85-33-30-27-28-29-31-67-71-72-61-81-96-94-50-34-32-26-89-56-91-80|2-45-42-39-36-44-40-38-41-6-7-8-46-5-3-1-4-17-60-100-70|90-88-79-73-78-53-98-55-68-43-35-37-54-93
55,5,1313.3518,1888.9528,155.0,944.66,0,5,191.865215,192.0803,True,69-98-11-15-16-47-14-12-99-52-57-86-9-87-59-75-97-10-13-74-77-58-25-48|65-83-64-62-19-23-21-18-76-51-84-49-22-24-20-66|92-95-63-33-30-27-28-26-29-31-34-50-32-89-85-56-91-80|2-45-42-39-36-44-40-38-41-6-7-8-46-5-3-1-4-17-60-100-70|61-72-71-94-67-81-88-79-73-78-53-82-90-55-68-43-35-37-54-93-96
56,5,1313.3518,1888.9528,155.0,944.66,0,5,191.865215,192.0803,True,69-98-11-15-16-47-14-12-99-52-57-86-9-87-59-75-97-10-13-74-77-58-25-48|65-83-64-62-19-23-21-18-76-51-84-49-22-24-20-66|92-95-63-33-30-27-28-26-29-31-34-50-32-89-85-56-91-80|2-45-42-39-36-44-40-38-41-6-7-8-46-5-3-1-4-17-60-100-70|61-72-71-94-67-81-88-79-73-78-53-82-90-55-68-43-35-37-54-93-96
57,5,1315.2357,1887.0689,200.0,944.66,0,5,191.582619,191.802486,True,69-82-11-15-16-47-14-12-99-52-57-86-9-87-59-75-97-10-13-74-77-58-25-48|65-83-64-62-19-23-21-18-76-51-84-49-22-24-20-66|92-95-63-33-27-30-28-29-31-67-71-72-61-81-94-50-34-26-32-89-85-56-91-80|2-45-42-39-36-44-40-38-41-6-7-8-46-5-3-1-4-17-60-100-70|90-88-79-73-78-53-98-55-68-43-35-37-54-93-96
58,5,1315.2357,1887.0689,200.0,944.66,0,5,191.582619,191.802486,True,69-82-11-15-16-47-14-12-99-52-57-86-9-87-59-75-97-10-13-74-77-58-25-48|65-83-64-62-19-23-21-18-76-51-84-49-22-24-20-66|92-95-63-33-27-30-28-29-31-67-71-72-61-81-94-50-34-26-32-89-85-56-91-80|2-45-42-39-36-44-40-38-41-6-7-8-46-5-3-1-4-17-60-100-70|90-88-79-73-78-53-98-55-68-43-35-37-54-93-96
59,5,1318.2126,1884.092,200.0,944.66,0,5,191.136092,191.356406,True,69-82-11-15-16-47-14-12-99-52-57-86-9-87-59-75-97-10-13-74-77-58-25-48|65-83-64-62-19-23-21-18-76-51-84-49-22-24-20-66|92-95-63-33-30-27-28-29-31-67-71-72-61-81-94-50-34-26-32-89-85-56-91-80|2-45-42-39-36-44-40-38-41-6-8-46-7-5-3-1-4-17-60-100-70|90-88-79-73-78-53-98-55-68-43-35-37-54-93-96
60,5,1318.2126,1884.092,200.0,944.66,0,5,191.136092,191.356406,True,69-82-11-15-16-47-14-12-99-52-57-86-9-87-59-75-97-10-13-74-77-58-25-48|65-83-64-62-19-23-21-18-76-51-84-49-22-24-20-66|92-95-63-33-30-27-28-29-31-67-71-72-61-81-94-50-34-26-32-89-85-56-91-80|2-45-42-39-36-44-40-38-41-6-8-46-7-5-3-1-4-17-60-100-70|90-88-79-73-78-53-98-55-68-43-35-37-54-93-96
61,5,1320.0344,1773.5531,210.0,920.9656,0,5,174.555248,174.756974,True,69-82-11-15-16-47-14-12-99-52-57-86-9-87-59-75-97-10-13-74-24-48-25-77-58|65-83-64-62-19-23-21-18-76-51-84-49-22-20-66|92-95-63-33-30-27-28-29-31-67-71-72-41-81-94-50-34-26-32-89-85-56-91-80|2-45-42-39-36-44-40-38-61-6-7-8-46-5-3-1-4-17-60-100-70|90-88-79-73-78-53-98-55-68-43-35-37-54-93-96
62,5,1320.0344,1773.5531,210.0,920.9656,0,5,174.555248,174.756974,True,69-82-11-15-16-47-14-12-99-52-57-86-9-87-59-75-97-10-13-74-24-48-25-77-58|65-83-64-62-19-23-21-18-76-51-84-49-22-20-66|92-95-63-33-30-27-28-29-31-67-71-72-41-81-94-50-34-26-32-89-85-56-91-80|2-45-42-39-36-44-40-38-61-6-7-8-46-5-3-1-4-17-60-100-70|90-88-79-73-78-53-98-55-68-43-35-37-54-93-96
63,5,1320.5286,1881.776,200.0,944.66,0,5,190.788693,191.009355,True,69-82-12-15-16-11-47-14-99-52-57-86-9-87-59-75-97-10-13-74-77-58-25-48|65-83-64-62-19-23-21-18-76-51-84-49-22-24-20-66|92-95-63-33-30-27-28-29-31-67-71-72-61-81-94-50-34-26-32-89-85-56-91-80|2-45-42-39-36-44-40-38-41-6-7-8-46-5-3-1-4-17-60-100-70|90-88-79-73-78-53-98-55-68-43-35-37-54-93-96
64,5,1320.5286,1881.776,200.0,944.66,0,5,190.788693,191.009355,True,69-82-12-15-16-11-47-14-99-52-57-86-9-87-59-75-97-10-13-74-77-58-25-48|65-83-64-62-19-23-21-18-76-51-84-49-22-24-20-66|92-95-63-33-30-27-28-29-31-67-71-72-61-81-94-50-34-26-32-89-85-56-91-80|2-45-42-39-36-44-40-38-41-6-7-8-46-5-3-1-4-17-60-100-70|90-88-79-73-78-53-98-55-68-43-35-37-54-93-96
65,5,1321.2775,1881.0271,162.0,944.66,0,5,190.676358,190.893332,True,65-82-12-14-47-16-15-11-99-52-57-86-9-87-59-75-97-10-13-74-77-58-25-48|83-64-62-19-23-21-18-76-51-84-49-22-24-20-66|92-95-63-33-30-27-28-29-31-67-71-72-61-81-94-50-34-26-32-89-85-56-91-80|2-45-42-39-36-44-40-38-41-6-7-8-46-5-3-1-4-17-60-100-70|69-88-79-73-78-53-98-90-55-68-43-35-37-54-93-96
66,5,1321.2775,1881.0271,162.0,944.66,0,5,190.676358,190.893332,True,65-82-12-14-47-16-15-11-99-52-57-86-9-87-59-75-97-10-13-74-77-58-25-48|83-64-62-19-23-21-18-76-51-84-49-22-24-20-66|92-95-63-33-30-27-28-29-31-67-71-72-61-81-94-50-34-26-32-89-85-56-91-80|2-45-42-39-36-44-40-38-41-6-7-8-46-5-3-1-4-17-60-100-70|69-88-79-73-78-53-98-90-55-68-43-35-37-54-93-96
67,5,1323.1017,1868.4492,196.0,944.66,0,5,188.78967,189.008705,True,69-82-11-15-16-47-14-12-9-87-52-57-86-59-75-97-10-13-74-77-58-25-48|65-83-64-62-19-23-21-18-76-51-84-49-22-24-20-66|92-95-63-33-30-27-28-29-31-67-71-72-81-96-94-50-34-26-32-89-85-56-91-80|2-45-42-39-36-44-40-38-41-61-8-7-6-46-5-3-1-4-17-60-100-70|90-99-88-79-73-78-53-98-55-68-43-35-37-54-93
68,5,1323.1017,1868.4492,196.0,944.66,0,5,188.78967,189.008705,True,69-82-11-15-16-47-14-12-9-87-52-57-86-59-75-97-10-13-74-77-58-25-48|65-83-64-62-19-23-21-18-76-51-84-49-22-24-20-66|92-95-63-33-30-27-28-29-31-67-71-72-81-96-94-50-34-26-32-89-85-56-91-80|2-45-42-39-36-44-40-38-41-61-8-7-6-46-5-3-1-4-17-60-100-70|90-99-88-79-73-78-53-98-55-68-43-35-37-54-93
69,5,1325.6838,1876.6208,176.0,944.66,0,5,190.015408,190.234443,True,65-83-82-12-14-47-16-15-11-99-52-57-86-9-87-59-75-97-10-13-74-77-58-25-48|62-64-19-23-21-18-76-51-84-49-22-24-20-66|92-95-63-33-30-27-28-29-31-67-71-72-61-81-94-50-34-26-32-89-85-56-91-80|2-45-42-39-36-44-40-38-41-6-7-8-46-5-3-1-4-17-60-100-70|69-88-79-73-78-53-98-90-55-68-43-35-37-54-93-96
70,5,1325.6838,1876.6208,176.0,944.66,0,5,190.015408,190.234443,True,65-83-82-12-14-47-16-15-11-99-52-57-86-9-87-59-75-97-10-13-74-77-58-25-48|62-64-19-23-21-18-76-51-84-49-22-24-20-66|92-95-63-33-30-27-28-29-31-67-71-72-61-81-94-50-34-26-32-89-85-56-91-80|2-45-42-39-36-44-40-38-41-6-7-8-46-5-3-1-4-17-60-100-70|69-88-79-73-78-53-98-90-55-68-43-35-37-54-93-96
71,5,1329.4966,1858.9889,177.0,944.66,0,5,187.370623,187.588257,True,69-11-16-15-47-14-12-82-99-52-86-9-87-59-75-97-10-13-74-77-58-25-48|65-83-64-62-19-23-21-18-76-51-84-49-22-20-57-24-66|92-95-63-33-30-27-28-29-31-67-71-72-61-81-94-50-34-26-32-89-85-56-91-80|2-45-42-39-36-44-40-38-41-6-7-8-46-5-3-1-4-17-60-100-70|90-88-79-73-78-53-98-55-68-43-35-37-54-93-96
72,5,1329.4966,1858.9889,177.0,944.66,0,5,187.370623,187.588257,True,69-11-16-15-47-14-12-82-99-52-86-9-87-59-75-97-10-13-74-77-58-25-48|65-83-64-62-19-23-21-18-76-51-84-49-22-20-57-24-66|92-95-63-33-30-27-28-29-31-67-71-72-61-81-94-50-34-26-32-89-85-56-91-80|2-45-42-39-36-44-40-38-41-6-7-8-46-5-3-1-4-17-60-100-70|90-88-79-73-78-53-98-55-68-43-35-37-54-93-96
73,6,1330.5181,2559.7865,123.0,944.66,0,6,292.490263,292.808223,True,69-98-73-47-11-9-87-52-57-86-59-75-97-10-13-74-77-58-25-48|65-83-64-19-23-21-18-76-51-84-49-22-24-20-66|92-95-63-33-30-27-28-26-29-31-34-32-89-85-56-91-80|12-14-16-15-82-90-99-88-53-79-78-60-55-68|45-42-39-36-44-38-81-61-2-6-7-8-46-5-3-1-4-17-100-70|94-62-50-67-71-72-41-40-43-35-37-54-93-96
74,6,1330.5181,2559.7865,123.0,944.66,0,6,292.490263,292.808223,True,69-98-73-47-11-9-87-52-57-86-59-75-97-10-13-74-77-58-25-48|65-83-64-19-23-21-18-76-51-84-49-22-24-20-66|92-95-63-33-30-27-28-26-29-31-34-32-89-85-56-91-80|12-14-16-15-82-90-99-88-53-79-78-60-55-68|45-42-39-36-44-38-81-61-2-6-7-8-46-5-3-1-4-17-100-70|94-62-50-67-71-72-41-40-43-35-37-54-93-96
75,5,1330.6423,1847.9679,190.0,920.9656,0,5,185.717479,185.93155,True,69-82-11-15-16-47-14-12-99-52-57-86-9-87-59-75-97-10-13-74-25-77-58|65-83-64-62-19-23-21-51-76-18-48-49-22-24-20-66|92-95-63-33-30-27-28-29-31-67-71-72-61-81-84-50-34-26-32-89-85-56-94-91-80|2-45-42-39-36-44-40-38-41-6-8-7-46-5-3-1-4-17-60-100-70|90-88-79-73-78-53-98-55-68-43-35-37-54-93-96
76,5,1330.6423,1847.9679,190.0,920.9656,0,5,185.717479,185.93155,True,69-82-11-15-16-47-14-12-99-52-57-86-9-87-59-75-97-10-13-74-25-77-58|65-83-64-62-19-23-21-51-76-18-48-49-22-24-20-66|92-95-63-33-30-27-28-29-31-67-71-72-61-81-84-50-34-26-32-89-85-56-94-91-80|2-45-42-39-36-44-40-38-41-6-8-7-46-5-3-1-4-17-60-100-70|90-88-79-73-78-53-98-55-68-43-35-37-54-93-96
77,5,1337.1029,1854.448,172.0,944.66,0,5,186.689495,186.90823,True,82-12-14-47-16-15-11-99-52-57-86-9-87-59-75-97-10-13-74-77-58-25-48|65-83-64-62-19-23-21-18-76-51-84-49-22-24-20-66|92-95-63-33-30-27-28-29-31-67-71-72-41-81-96-94-50-34-26-32-89-85-56-91-80|45-2-42-39-36-44-40-38-61-6-7-8-46-5-3-1-4-17-60-100-70|69-88-79-73-78-53-98-90-55-68-37-35-43-54-93
78,5,1337.1029,1854.448,172.0,944.66,0,5,186.689495,186.90823,True,82-12-14-47-16-15-11-99-52-57-86-9-87-59-75-97-10-13-74-77-58-25-48|65-83-64-62-19-23-21-18-76-51-84-49-22-24-20-66|92-95-63-33-30-27-28-29-31-67-71-72-41-81-96-94-50-34-26-32-89-85-56-91-80|45-2-42-39-36-44-40-38-61-6-7-8-46-5-3-1-4-17-60-100-70|69-88-79-73-78-53-98-90-55-68-37-35-43-54-93
79,5,1337.94,1755.6475,200.0,920.9656,0,5,171.869408,172.07282,True,69-82-11-15-16-47-14-12-99-52-57-86-9-87-59-75-97-10-13-74-24-48-25-77-58|65-83-64-62-19-23-21-18-76-51-49-22-20-66|92-95-63-33-30-27-28-29-31-67-71-72-41-94-84-50-34-26-32-89-85-56-91-80|2-45-42-39-36-44-40-38-61-6-7-8-46-5-3-1-4-17-60-100-70|90-81-88-79-73-78-53-98-55-68-43-35-37-54-93-96
80,5,1337.94,1755.6475,200.0,920.9656,0,5,171.869408,172.07282,True,69-82-11-15-16-47-14-12-99-52-57-86-9-87-59-75-97-10-13-74-24-48-25-77-58|65-83-64-62-19-23-21-18-76-51-49-22-20-66|92-95-63-33-30-27-28-29-31-67-71-72-41-94-84-50-34-26-32-89-85-56-91-80|2-45-42-39-36-44-40-38-61-6-7-8-46-5-3-1-4-17-60-100-70|90-81-88-79-73-78-53-98-55-68-43-35-37-54-93-96
81,5,1338.8402,1838.8916,181.0,944.66,0,5,184.356023,184.573845,True,69-82-11-15-16-47-14-12-9-86-87-59-75-97-10-13-74-77-58-25-48|65-52-83-64-62-19-23-21-18-76-51-84-49-22-20-57-24-66|92-95-63-33-30-27-28-29-31-67-71-72-61-81-96-94-50-34-26-32-89-85-56-91-80|2-45-42-39-36-44-40-38-41-6-7-8-46-5-3-1-4-17-60-100-70|90-99-88-79-73-78-53-98-55-68-43-35-37-54-93
82,5,1338.8402,1838.8916,181.0,944.66,0,5,184.356023,184.573845,True,69-82-11-15-16-47-14-12-9-86-87-59-75-97-10-13-74-77-58-25-48|65-52-83-64-62-19-23-21-18-76-51-84-49-22-20-57-24-66|92-95-63-33-30-27-28-29-31-67-71-72-61-81-96-94-50-34-26-32-89-85-56-91-80|2-45-42-39-36-44-40-38-41-6-7-8-46-5-3-1-4-17-60-100-70|90-99-88-79-73-78-53-98-55-68-43-35-37-54-93
83,5,1339.1152,1839.495,190.0,920.9656,0,5,184.446538,184.661879,True,69-82-11-15-16-47-14-12-99-52-57-86-9-87-59-75-97-10-13-74-48-25-77-58|65-83-64-62-19-23-21-18-76-51-49-22-24-20-66|92-95-63-33-30-27-28-29-31-67-71-72-41-94-84-50-34-26-32-89-85-56-91-80|2-45-42-39-36-44-40-38-61-6-7-8-46-5-3-1-4-17-60-100-70|90-81-88-79-73-78-53-98-55-68-43-35-37-54-93-96
84,5,1339.1152,1839.495,190.0,920.9656,0,5,184.446538,184.661879,True,69-82-11-15-16-47-14-12-99-52-57-86-9-87-59-75-97-10-13-74-48-25-77-58|65-83-64-62-19-23-21-18-76-51-49-22-24-20-66|92-95-63-33-30-27-28-29-31-67-71-72-41-94-84-50-34-26-32-89-85-56-91-80|2-45-42-39-36-44-40-38-61-6-7-8-46-5-3-1-4-17-60-100-70|90-81-88-79-73-78-53-98-55-68-43-35-37-54-93-96
85,5,1339.2157,1849.2698,155.0,944.66,0,5,185.912762,186.129654,True,69-82-11-15-16-47-14-12-9-86-87-59-75-97-10-13-74-77-58-25-48|65-52-83-64-62-19-23-21-18-76-51-84-22-49-20-57-24-66|92-95-63-33-30-27-28-29-31-67-71-72-61-81-94-50-34-26-32-89-85-56-91-80|2-45-42-39-36-44-40-38-41-6-7-8-46-5-3-1-4-17-60-100-70|90-99-88-79-73-78-53-98-55-68-43-35-37-54-93-96
86,11,1348.2013,5395.3863,125.0,920.9656,0,11,717.83023,718.57698,True,45-6-7-79-8-46-2-68|94-67-71-72-81-61-1-3-5-4-100-70|82-9-87-59-75-97-74-25-77-58|98-12-14-47-16-15-11-10-13-17|83-19-23-21-48-18-49-22-24-20-66|92-62-31-29-27-28-26-34-84-91|95-33-30-32-50-93-96-80|42-39-36-44-40-38-41-43-35-37-54|69-88-53-78-73-60-55|64-51-85-63-76-89-56|65-57-86-52-99-90
87,5,1348.348,1840.1375,155.0,944.66,0,5,184.542915,184.761177,True,69-82-11-15-16-47-14-12-9-86-87-59-75-97-10-13-74-77-58-25-48|92-95-62-64-19-23-21-18-76-51-52-57-22-20-49-24-66|65-83-63-33-30-27-28-29-31-67-71-72-61-81-84-50-34-26-32-89-85-56-94-91-80|2-45-42-39-36-44-40-38-41-6-7-8-46-5-3-1-4-17-60-100-70|90-99-88-79-73-78-53-98-55-68-43-35-37-54-93-96
88,5,1348.348,1840.1375,155.0,944.66,0,5,184.542915,184.761177,True,69-82-11-15-16-47-14-12-9-86-87-59-75-97-10-13-74-77-58-25-48|92-95-62-64-19-23-21-18-76-51-52-57-22-20-49-24-66|65-83-63-33-30-27-28-29-31-67-71-72-61-81-84-50-34-26-32-89-85-56-94-91-80|2-45-42-39-36-44-40-38-41-6-7-8-46-5-3-1-4-17-60-100-70|90-99-88-79-73-78-53-98-55-68-43-35-37-54-93-96
89,5,1348.543,1745.0445,170.0,920.9656,0,5,170.278966,170.480968,True,69-82-11-15-16-47-14-12-99-52-57-86-9-87-59-75-97-10-13-74-24-48-25-77-58|65-83-64-19-23-21-18-76-51-84-49-22-20-66|95-63-33-30-27-28-26-29-31-72-41-81-94-50-34-32-89-85-56-91-80|2-45-42-39-36-44-40-38-61-6-7-8-46-5-3-1-4-17-60-100-70|92-71-62-67-90-88-79-73-78-53-98-55-68-43-35-37-54-93-96
90,5,1348.543,1745.0445,170.0,920.9656,0,5,170.278966,170.480968,True,69-82-11-15-16-47-14-12-99-52-57-86-9-87-59-75-97-10-13-74-24-48-25-77-58|65-83-64-19-23-21-18-76-51-84-49-22-20-66|95-63-33-30-27-28-26-29-31-72-41-81-94-50-34-32-89-85-56-91-80|2-45-42-39-36-44-40-38-61-6-7-8-46-5-3-1-4-17-60-100-70|92-71-62-67-90-88-79-73-78-53-98-55-68-43-35-37-54-93-96
91,11,1353.283,5864.6919,108.0,927.8925,0,11,788.226069,789.044079,True,2-45-46-8-7-6-70|94-67-71-72-81-61-1-3-5-4-100|90-82-9-87-59-75-97-10-13|98-12-14-11-15-16-47-17-60|83-19-23-21-48-18-49-22-24-20-66|92-62-31-29-27-28-26-34-84-91|95-33-30-32-50-93-96-80|42-39-36-44-40-38-41-43-35-37-54|69-88-79-73-78-53-55-68|64-51-85-63-76-89-56|65-99-52-57-86-74-77-58-25
92,5,1355.2329,1960.346,154.0,944.66,0,5,202.574195,202.812453,True,69-82-11-15-16-47-14-12-99-52-57-86-9-87-59-75-97-10-13-74-77-58-25-48|65-83-64-85-63-19-23-21-18-76-51-84-49-22-24-20-56-66|92-95-33-28-31-62-30-27-29-34-50-67-71-81-61-72-54-96-94-93|2-45-42-39-36-44-40-38-41-6-7-8-46-5-3-1-4-17-60-100-70|90-88-79-73-78-53-98-55-68-43-35-37-32-26-89-91-80
93,5,1355.2329,1960.346,154.0,944.66,0,5,202.574195,202.812453,True,69-82-11-15-16-47-14-12-99-52-57-86-9-87-59-75-97-10-13-74-77-58-25-48|65-83-64-85-63-19-23-21-18-76-51-84-49-22-24-20-56-66|92-95-33-28-31-62-30-27-29-34-50-67-71-81-61-72-54-96-94-93|2-45-42-39-36-44-40-38-41-6-7-8-46-5-3-1-4-17-60-100-70|90-88-79-73-78-53-98-55-68-43-35-37-32-26-89-91-80
94,5,1380.2507,1713.3368,170.0,920.9656,0,5,165.522811,165.72957,True,69-82-11-15-16-47-14-12-99-52-57-86-9-87-59-75-97-10-13-74-24-48-25-77-58|65-83-64-19-23-21-18-76-51-84-49-22-20-66|95-63-33-30-27-28-26-29-31-72-41-81-94-50-34-32-89-85-56-91-80|2-45-42-39-36-44-40-38-61-6-7-8-46-5-3-1-4-17-60-100-70|98-92-62-67-71-88-79-73-78-53-90-55-68-43-35-37-54-93-96
95,5,1380.2507,1713.3368,170.0,920.9656,0,5,165.522811,165.72957,True,69-82-11-15-16-47-14-12-99-52-57-86-9-87-59-75-97-10-13-74-24-48-25-77-58|65-83-64-19-23-21-18-76-51-84-49-22-20-66|95-63-33-30-27-28-26-29-31-72-41-81-94-50-34-32-89-85-56-91-80|2-45-42-39-36-44-40-38-61-6-7-8-46-5-3-1-4-17-60-100-70|98-92-62-67-71-88-79-73-78-53-90-55-68-43-35-37-54-93-96
96,5,1387.3472,1814.9574,168.0,944.66,0,5,180.765894,180.993378,True,69-82-11-15-16-47-14-12-99-52-57-86-9-87-59-75-97-10-13-74-77-58-25-48|65-83-64-62-19-23-21-18-76-51-84-49-22-24-20-66|92-95-63-33-30-27-28-26-29-31-72-41-81-94-50-34-32-89-85-56-91-80|2-45-42-39-36-44-40-38-6-7-8-46-5-3-1-4-17-60-100-70|98-61-71-67-90-88-79-73-78-53-55-68-43-35-37-54-93-96
97,5,1387.3472,1814.9574,168.0,944.66,0,5,180.765894,180.993378,True,69-82-11-15-16-47-14-12-99-52-57-86-9-87-59-75-97-10-13-74-77-58-25-48|65-83-64-62-19-23-21-18-76-51-84-49-22-24-20-66|92-95-63-33-30-27-28-26-29-31-72-41-81-94-50-34-32-89-85-56-91-80|2-45-42-39-36-44-40-38-6-7-8-46-5-3-1-4-17-60-100-70|98-61-71-67-90-88-79-73-78-53-55-68-43-35-37-54-93-96
98,11,1400.785,5834.8472,109.0,927.8925,0,11,783.749372,784.577256,True,2-45-46-8-7-6-70|94-67-71-72-41-61-81-1-3-5-4-100|90-82-9-87-59-97-10-13-74|98-12-14-11-15-16-47-17|83-23-22-19-18-48-21-49-20-24-66|92-62-31-29-27-28-26-34-84-91|95-33-30-32-50-93-96-80|42-39-36-44-38-40-43-35-37-54-68|69-88-79-73-78-53-60-55|64-51-85-63-76-89-56|65-99-52-57-86-75-77-58-25
99,5,1408.0401,1698.4881,242.0,944.66,0,5,163.295502,163.519123,True,69-82-11-15-16-47-14-12-99-52-57-86-9-87-59-75-97-10-13-74-24-77-58-25-48|92-95-63-33-30-27-28-29-31-67-71-72-61-81-96-94-50-34-26-32-89-85-56-20-91-80|2-45-42-39-36-44-40-38-41-6-7-8-46-5-3-1-4-17-60-100-70|65-64-62-19-23-21-18-76-22-51-84-49-83-90-66|98-88-79-73-78-53-55-68-43-35-37-54-93
100,5,1408.0401,1698.4881,242.0,944.66,0,5,163.295502,163.519123,True,69-82-11-15-16-47-14-12-99-52-57-86-9-87-59-75-97-10-13-74-24-77-58-25-48|92-95-63-33-30-27-28-29-31-67-71-72-61-81-96-94-50-34-26-32-89-85-56-20-91-80|2-45-42-39-36-44-40-38-41-6-7-8-46-5-3-1-4-17-60-100-70|65-64-62-19-23-21-18-76-22-51-84-49-83-90-66|98-88-79-73-78-53-55-68-43-35-37-54-93
101,5,1408.1373,1711.0902,201.0,944.66,0,5,165.185822,165.407264,True,98-69-82-11-15-16-47-14-12-99-52-57-86-9-87-59-75-97-10-13-74-77-58-25-48|65-83-64-62-19-23-21-18-76-51-84-49-22-24-20-66|92-95-63-33-30-27-28-29-31-67-71-72-61-81-96-94-91-56-85-89-26-32-34-50-93-80|90-88-79-73-78-53-6-55-46-4-17-60-100-70|39-36-42-7-45-44-40-38-41-2-8-5-3-1-43-35-37-54-68
102,5,1408.1373,1711.0902,201.0,944.66,0,5,165.185822,165.407264,True,98-69-82-11-15-16-47-14-12-99-52-57-86-9-87-59-75-97-10-13-74-77-58-25-48|65-83-64-62-19-23-21-18-76-51-84-49-22-24-20-66|92-95-63-33-30-27-28-29-31-67-71-72-61-81-96-94-91-56-85-89-26-32-34-50-93-80|90-88-79-73-78-53-6-55-46-4-17-60-100-70|39-36-42-7-45-44-40-38-41-2-8-5-3-1-43-35-37-54-68
103,5,1415.634,1786.6706,102.0,944.66,0,5,176.52288,176.748007,True,82-14-12-47-16-15-11-99-52-57-86-9-87-59-75-97-10-13-74-77-58-25-48|65-83-64-62-19-23-21-18-76-51-84-49-22-24-20-66|92-95-63-85-33-30-27-28-29-38-40-41-72-34-31-26-32-50-89-56-91-80|2-45-42-39-36-44-81-61-6-7-8-46-5-3-1-4-17-60-100-70|98-69-71-67-94-90-88-79-73-78-53-55-68-43-35-37-54-93-96
104,5,1415.634,1786.6706,102.0,944.66,0,5,176.52288,176.748007,True,82-14-12-47-16-15-11-99-52-57-86-9-87-59-75-97-10-13-74-77-58-25-48|65-83-64-62-19-23-21-18-76-51-84-49-22-24-20-66|92-95-63-85-33-30-27-28-29-38-40-41-72-34-31-26-32-50-89-56-91-80|2-45-42-39-36-44-81-61-6-7-8-46-5-3-1-4-17-60-100-70|98-69-71-67-94-90-88-79-73-78-53-55-68-43-35-37-54-93-96
105,5,1428.2316,1621.2143,239.0,920.9656,0,5,151.704431,151.918665,True,69-82-11-15-16-47-14-12-99-52-57-86-9-87-59-75-97-10-13-74-24-48-25-77-58|92-95-63-85-33-30-27-31-28-26-29-34-84-18-22-20-49-32-89-56-66|23-51-64-90-88-79-73-78-53-98-55-68|2-45-42-39-36-44-40-38-61-6-7-8-46-5-3-1-4-17-60-100-70|65-83-62-19-21-76-50-67-94-71-81-72-41-43-35-37-54-96-93-91-80
106,5,1428.2316,1621.2143,239.0,920.9656,0,5,151.704431,151.918665,True,69-82-11-15-16-47-14-12-99-52-57-86-9-87-59-75-97-10-13-74-24-48-25-77-58|92-95-63-85-33-30-27-31-28-26-29-34-84-18-22-20-49-32-89-56-66|23-51-64-90-88-79-73-78-53-98-55-68|2-45-42-39-36-44-40-38-61-6-7-8-46-5-3-1-4-17-60-100-70|65-83-62-19-21-76-50-67-94-71-81-72-41-43-35-37-54-96-93-91-80
107,5,1434.6231,1578.7131,306.0,944.66,0,5,145.329256,145.549287,True,69-82-11-15-16-47-14-12-88-99-86-9-87-59-75-97-10-74-17-13-77-58-25-48|65-52-83-64-62-19-23-21-18-76-51-84-49-22-20-57-24-66-55-68-54-93|92-95-63-33-30-27-28-29-31-67-71-72-61-81-96-94-50-34-26-32-89-85-56-91-80|39-36-45-5-3-2-7-8-79-73-78-60-46-4-1-43-35-37-70-100|42-44-40-38-41-6-53-98-90
108,5,1434.6231,1578.7131,306.0,944.66,0,5,145.329256,145.549287,True,69-82-11-15-16-47-14-12-88-99-86-9-87-59-75-97-10-74-17-13-77-58-25-48|65-52-83-64-62-19-23-21-18-76-51-84-49-22-20-57-24-66-55-68-54-93|92-95-63-33-30-27-28-29-31-67-71-72-61-81-96-94-50-34-26-32-89-85-56-91-80|39-36-45-5-3-2-7-8-79-73-78-60-46-4-1-43-35-37-70-100|42-44-40-38-41-6-53-98-90
109,5,1440.3896,1585.9581,316.0,920.9656,0,5,146.416012,146.636305,True,69-82-11-15-16-47-14-12-99-52-86-9-87-59-75-48-49-20-57-10-97-13-74-24-25-77-58|92-95-33-30-27-28-29-31-67-71-72-61-81-96-94-50-34-26-32-89-56-66-91-80|2-45-42-39-36-44-40-38-41-6-7-8-46-5-3-1-4-17-60-100-70|65-62-63-19-23-21-18-88-79-73-78-53-98-55-68-43-35-37-54-93|64-76-85-84-51-22-83-90
110,5,1440.3896,1585.9581,316.0,920.9656,0,5,146.416012,146.636305,True,69-82-11-15-16-47-14-12-99-52-86-9-87-59-75-48-49-20-57-10-97-13-74-24-25-77-58|92-95-33-30-27-28-29-31-67-71-72-61-81-96-94-50-34-26-32-89-56-66-91-80|2-45-42-39-36-44-40-38-41-6-7-8-46-5-3-1-4-17-60-100-70|65-62-63-19-23-21-18-88-79-73-78-53-98-55-68-43-35-37-54-93|64-76-85-84-51-22-83-90
111,5,1449.8056,1494.779,358.0,920.9656,0,5,132.73914,132.952781,True,69-82-11-15-16-47-14-12-99-52-86-87-59-75-22-48-49-20-57-97-10-13-74-24-25-77-58|92-95-33-28-30-27-29-31-67-71-72-61-81-96-94-84-50-34-26-32-89-56-66-91-80|2-45-42-39-36-44-40-38-41-6-7-8-46-5-3-1-4-17-60-100-70|62-63-19-23-21-18-88-79-73-78-53-98-55-68-43-35-37-54-93|65-64-85-76-51-83-9-90
112,5,1465.4889,1612.3342,249.0,920.9656,0,5,150.372425,150.597504,True,69-82-11-15-16-47-14-12-99-52-57-86-9-87-59-75-97-10-13-74-24-48-25-77-58|92-95-63-85-33-30-27-28-29-31-67-71-72-61-81-96-94-50-34-26-32-89-20-66-91-80|2-45-42-39-36-44-40-38-41-6-7-8-46-5-3-1-4-17-60-100-70|65-62-23-51-76-88-79-73-78-53-98-55-68-43-35-37-54-93|83-64-19-21-18-84-49-22-90-56
113,5,1465.4889,1612.3342,249.0,920.9656,0,5,150.372425,150.597504,True,69-82-11-15-16-47-14-12-99-52-57-86-9-87-59-75-97-10-13-74-24-48-25-77-58|92-95-63-85-33-30-27-28-29-31-67-71-72-61-81-96-94-50-34-26-32-89-20-66-91-80|2-45-42-39-36-44-40-38-41-6-7-8-46-5-3-1-4-17-60-100-70|65-62-23-51-76-88-79-73-78-53-98-55-68-43-35-37-54-93|83-64-19-21-18-84-49-22-90-56
114,5,1471.574,1554.7738,323.0,920.9656,0,5,141.738365,141.964036,True,69-82-11-15-16-47-14-12-99-52-86-9-87-59-75-48-49-20-57-10-97-13-74-24-25-77-58|92-95-33-28-27-29-31-62-67-71-72-61-81-96-94-50-34-26-32-89-56-66-91-80|2-45-42-39-36-44-40-38-41-6-7-8-46-5-3-1-4-17-60-100-70|65-64-63-19-23-21-18-88-79-73-78-53-98-55-68-43-35-37-54-93|30-76-85-84-51-22-83-90
115,5,1471.574,1554.7738,323.0,920.9656,0,5,141.738365,141.964036,True,69-82-11-15-16-47-14-12-99-52-86-9-87-59-75-48-49-20-57-10-97-13-74-24-25-77-58|92-95-33-28-27-29-31-62-67-71-72-61-81-96-94-50-34-26-32-89-56-66-91-80|2-45-42-39-36-44-40-38-41-6-7-8-46-5-3-1-4-17-60-100-70|65-64-63-19-23-21-18-88-79-73-78-53-98-55-68-43-35-37-54-93|30-76-85-84-51-22-83-90
116,5,1481.788,1450.4805,448.0,920.9656,0,5,126.094364,126.319955,True,39-36-42-45-2-12-14-47-16-15-11-98-88-78-73-79-7-6-8-46-5-3-1-68-55-4-17-60-100-70|65-83-64-19-23-21-76-18-48-22-84-51-85-56-91-66|94-62-67-90-99-52-9-87-59-86-57-20-49-89-26-32-34-50-35-37-93-96-80|92-95-63-33-28-27-29-30-31-71-72-38-41-81-53-82-75-97-10-13-74-24-25-77-58|69-61-44-40-43-54
117,5,1486.4923,1683.0568,214.0,920.9656,0,5,160.980803,161.219291,True,65-69-82-11-15-16-47-14-12-99-59-87-9-86-57-22-75-97-10-13-74-25-77-58|92-95-63-33-30-27-28-26-29-31-34-84-49-48-85-32-89-56-20-24-91-80|2-45-42-39-36-44-40-38-61-6-7-8-46-5-3-1-4-17-60-100-70|94-62-51-76-50-67-71-81-72-41-43-35-37-54-93-96|52-83-64-19-23-21-18-88-79-73-78-53-98-90-66-55-68
118,5,1486.4923,1683.0568,214.0,920.9656,0,5,160.980803,161.219291,True,65-69-82-11-15-16-47-14-12-99-59-87-9-86-57-22-75-97-10-13-74-25-77-58|92-95-63-33-30-27-28-26-29-31-34-84-49-48-85-32-89-56-20-24-91-80|2-45-42-39-36-44-40-38-61-6-7-8-46-5-3-1-4-17-60-100-70|94-62-51-76-50-67-71-81-72-41-43-35-37-54-93-96|52-83-64-19-23-21-18-88-79-73-78-53-98-90-66-55-68
119,5,1487.1567,1497.9811,348.0,920.9656,0,5,133.219455,133.443782,True,69-82-11-15-16-47-14-12-99-52-86-9-87-59-22-20-49-48-57-10-97-13-74-24-25-77-58|92-95-33-30-27-28-29-31-67-71-72-61-81-96-94-50-34-26-32-89-56-66-91-80|2-45-42-39-36-44-40-38-41-6-7-8-46-5-3-1-4-17-60-100-70|62-63-19-23-21-18-88-79-73-78-53-98-55-68-43-35-37-54-93|65-75-64-76-85-51-84-83-90
120,5,1487.1567,1497.9811,348.0,920.9656,0,5,133.219455,133.443782,True,69-82-11-15-16-47-14-12-99-52-86-9-87-59-22-20-49-48-57-10-97-13-74-24-25-77-58|92-95-33-30-27-28-29-31-67-71-72-61-81-96-94-50-34-26-32-89-56-66-91-80|2-45-42-39-36-44-40-38-41-6-7-8-46-5-3-1-4-17-60-100-70|62-63-19-23-21-18-88-79-73-78-53-98-55-68-43-35-37-54-93|65-75-64-76-85-51-84-83-90
121,5,1497.2544,1473.9863,316.0,920.9656,0,5,129.620237,129.840793,True,72-36-39-42-45-2-12-11-15-16-47-14-78-73-79-7-6-8-46-5-3-1-55-60-4-100-70|65-83-64-23-21-18-76-85-22-19-48-51-84-56-91-66|71-30-67-90-99-52-86-9-87-59-20-49-89-26-32-34-50-35-37-93-96-80|92-95-63-33-28-27-29-31-62-94-81-88-98-53-82-57-75-97-10-74-13-17-24-25-77-58|69-61-44-38-41-40-43-54-68
122,5,1497.2544,1473.9863,316.0,920.9656,0,5,129.620237,129.840793,True,72-36-39-42-45-2-12-11-15-16-47-14-78-73-79-7-6-8-46-5-3-1-55-60-4-100-70|65-83-64-23-21-18-76-85-22-19-48-51-84-56-91-66|71-30-67-90-99-52-86-9-87-59-20-49-89-26-32-34-50-35-37-93-96-80|92-95-63-33-28-27-29-31-62-94-81-88-98-53-82-57-75-97-10-74-13-17-24-25-77-58|69-61-44-38-41-40-43-54-68
123,5,1498.6316,1696.4561,208.0,944.66,0,5,162.990705,163.237799,True,69-82-11-15-16-47-14-12-99-52-57-86-9-87-59-75-97-10-13-74-24-77-58-25-48|92-95-63-33-62-30-27-28-26-29-31-34-84-22-18-49-20-32-89-85-56-91-80|65-83-23-21-19-51-64-90-88-79-73-78-53-98-55-68-37-35-93|2-45-42-39-36-44-38-72-81-61-6-7-8-46-5-3-1-4-17-60-100-70|94-76-67-71-41-40-43-54-96-50-66
124,5,1498.6316,1696.4561,208.0,944.66,0,5,162.990705,163.237799,True,69-82-11-15-16-47-14-12-99-52-57-86-9-87-59-75-97-10-13-74-24-77-58-25-48|92-95-63-33-62-30-27-28-26-29-31-34-84-22-18-49-20-32-89-85-56-91-80|65-83-23-21-19-51-64-90-88-79-73-78-53-98-55-68-37-35-93|2-45-42-39-36-44-38-72-81-61-6-7-8-46-5-3-1-4-17-60-100-70|94-76-67-71-41-40-43-54-96-50-66
125,5,1500.1353,1273.1055,618.0,920.9656,0,5,99.488111,99.7096,True,39-36-42-45-69-98-11-15-16-47-14-12-88-78-73-79-7-8-6-2-46-5-3-1-43-54-68-55-4-17-60-100-70|65-83-64-23-21-18-76-19-22-51-85-84-56-91-66|94-62-30-67-90-99-52-9-87-86-57-20-49-48-89-26-32-34-50-35-37-93-96-80|92-95-63-33-28-27-29-31-71-72-44-40-38-41-61-81-82-59-75-97-10-13-74-24-25-77-58|53
126,5,1500.1353,1273.1055,618.0,920.9656,0,5,99.488111,99.7096,True,39-36-42-45-69-98-11-15-16-47-14-12-88-78-73-79-7-8-6-2-46-5-3-1-43-54-68-55-4-17-60-100-70|65-83-64-23-21-18-76-19-22-51-85-84-56-91-66|94-62-30-67-90-99-52-9-87-86-57-20-49-48-89-26-32-34-50-35-37-93-96-80|92-95-63-33-28-27-29-31-71-72-44-40-38-41-61-81-82-59-75-97-10-13-74-24-25-77-58|53
127,4,1503.5387,824.372,308.0,920.9656,0,4,71.972353,72.096252,True,39-36-42-45-69-98-11-15-16-47-14-12-88-78-73-79-7-8-6-2-46-5-3-1-43-37-54-68-55-60-4-100-70|65-83-64-23-21-18-76-19-22-51-85-84-56-91-66|94-62-30-67-90-99-52-9-87-86-57-20-49-48-89-26-32-34-50-35-93-96-80|92-95-63-33-28-27-29-31-71-72-61-44-40-38-41-81-82-53-59-75-97-10-74-13-17-24-25-77-58
128,4,1503.5387,824.372,308.0,920.9656,0,4,71.972353,72.096252,True,39-36-42-45-69-98-11-15-16-47-14-12-88-78-73-79-7-8-6-2-46-5-3-1-43-37-54-68-55-60-4-100-70|65-83-64-23-21-18-76-19-22-51-85-84-56-91-66|94-62-30-67-90-99-52-9-87-86-57-20-49-48-89-26-32-34-50-35-93-96-80|92-95-63-33-28-27-29-31-71-72-61-44-40-38-41-81-82-53-59-75-97-10-74-13-17-24-25-77-58
129,4,1504.3147,833.9261,271.0,920.9656,0,4,72.205138,72.327004,True,39-36-42-45-14-47-16-15-11-12-98-88-78-73-79-7-8-6-2-46-5-3-1-43-54-68-55-60-4-100-70|65-83-64-23-21-18-76-19-22-51-85-84-56-91-66|69-94-30-67-90-99-9-87-59-86-52-57-20-49-48-89-26-32-34-50-35-37-93-96-80|92-95-63-33-28-27-29-31-62-71-72-44-40-38-41-61-81-53-82-75-97-10-74-13-17-24-25-77-58
130,4,1504.3147,833.9261,271.0,920.9656,0,4,72.205138,72.327004,True,39-36-42-45-14-47-16-15-11-12-98-88-78-73-79-7-8-6-2-46-5-3-1-43-54-68-55-60-4-100-70|65-83-64-23-21-18-76-19-22-51-85-84-56-91-66|69-94-30-67-90-99-9-87-59-86-52-57-20-49-48-89-26-32-34-50-35-37-93-96-80|92-95-63-33-28-27-29-31-62-71-72-44-40-38-41-61-81-53-82-75-97-10-74-13-17-24-25-77-58
131,5,1510.248,1607.0338,252.0,944.66,0,5,149.577365,149.818932,True,65-69-82-11-15-16-47-14-12-99-52-57-86-9-87-59-75-49-20-97-10-13-74-24-77-58-25-48|92-95-63-33-30-27-28-26-29-31-72-41-81-94-50-34-32-89-85-56-91-80|2-45-42-39-36-71-62-44-40-38-61-6-7-8-46-5-3-1-4-17-60-100-70|83-64-19-23-21-76-51-67-84-18-22-90-66|88-79-73-78-53-98-55-68-37-35-43-54-93-96
132,5,1510.248,1607.0338,252.0,944.66,0,5,149.577365,149.818932,True,65-69-82-11-15-16-47-14-12-99-52-57-86-9-87-59-75-49-20-97-10-13-74-24-77-58-25-48|92-95-63-33-30-27-28-26-29-31-72-41-81-94-50-34-32-89-85-56-91-80|2-45-42-39-36-71-62-44-40-38-61-6-7-8-46-5-3-1-4-17-60-100-70|83-64-19-23-21-76-51-67-84-18-22-90-66|88-79-73-78-53-98-55-68-37-35-43-54-93-96
133,4,1516.8307,821.4101,261.0,920.9656,0,4,75.959942,76.082685,True,39-36-42-45-14-47-16-15-11-12-98-88-78-73-79-7-8-6-2-46-5-3-1-43-54-68-55-60-4-100-70|65-83-64-23-21-18-76-85-22-19-48-51-84-56-91-66|69-94-30-67-90-99-52-9-87-59-86-57-20-49-89-26-32-34-50-35-37-93-96-80|92-95-63-33-28-27-29-31-62-71-72-44-40-38-41-61-81-53-82-75-97-10-74-13-17-24-25-77-58
134,4,1516.8307,821.4101,261.0,920.9656,0,4,75.959942,76.082685,True,39-36-42-45-14-47-16-15-11-12-98-88-78-73-79-7-8-6-2-46-5-3-1-43-54-68-55-60-4-100-70|65-83-64-23-21-18-76-85-22-19-48-51-84-56-91-66|69-94-30-67-90-99-52-9-87-59-86-57-20-49-89-26-32-34-50-35-37-93-96-80|92-95-63-33-28-27-29-31-62-71-72-44-40-38-41-61-81-53-82-75-97-10-74-13-17-24-25-77-58
135,5,1517.7014,1673.8495,229.0,944.66,0,5,159.599713,159.851238,True,69-82-11-15-16-47-14-12-88-78-9-86-87-59-75-97-10-13-74-77-58-25-48|92-95-63-33-62-30-27-28-29-31-67-71-72-61-81-96-94-50-34-26-32-89-85-56-91-80|2-45-42-39-36-44-40-38-41-6-7-8-46-5-3-1-4-17-60-100-70|65-98-73-64-51-76-18-21-19-84-49-22-57-24-20-66|23-83-52-99-90-53-79-55-68-43-35-37-54-93
136,5,1517.7014,1673.8495,229.0,944.66,0,5,159.599713,159.851238,True,69-82-11-15-16-47-14-12-88-78-9-86-87-59-75-97-10-13-74-77-58-25-48|92-95-63-33-62-30-27-28-29-31-67-71-72-61-81-96-94-50-34-26-32-89-85-56-91-80|2-45-42-39-36-44-40-38-41-6-7-8-46-5-3-1-4-17-60-100-70|65-98-73-64-51-76-18-21-19-84-49-22-57-24-20-66|23-83-52-99-90-53-79-55-68-43-35-37-54-93
137,4,1528.9019,759.5091,291.0,920.9656,0,4,79.581318,79.701397,True,39-36-42-45-2-12-14-47-16-15-11-98-88-78-73-79-7-6-8-46-5-3-1-43-54-68-55-60-4-35-37-70-100|65-83-64-19-23-21-51-85-76-18-48-22-84-56-91-66|69-94-62-30-67-90-99-52-86-87-9-59-75-97-24-20-89-26-32-34-50-93-96-80|92-95-63-33-28-27-29-31-71-72-44-40-38-41-61-81-53-82-49-57-10-74-13-17-25-77-58
138,4,1528.9019,759.5091,291.0,920.9656,0,4,79.581318,79.701397,True,39-36-42-45-2-12-14-47-16-15-11-98-88-78-73-79-7-6-8-46-5-3-1-43-54-68-55-60-4-35-37-70-100|65-83-64-19-23-21-51-85-76-18-48-22-84-56-91-66|69-94-62-30-67-90-99-52-86-87-9-59-75-97-24-20-89-26-32-34-50-93-96-80|92-95-63-33-28-27-29-31-71-72-44-40-38-41-61-81-53-82-49-57-10-74-13-17-25-77-58
139,5,1529.2872,1520.2022,155.0,920.9656,0,5,136.552622,136.773621,True,39-36-42-45-12-11-15-16-47-14-78-73-79-8-46-5-3-1-55-68|92-95-31-29-27-28-33-63-85-19-23-21-18-76-51-84-89-56-66|69-88-98-82-57-22-9-53-4-17-60-100-70|94-71-72-44-40-38-41-61-81-2-6-7-10-97-13-74-24-48-25-77-58|65-83-64-62-30-67-90-99-52-86-87-59-75-49-20-50-32-26-34-37-35-43-54-96-93-91-80
140,5,1529.2872,1520.2022,155.0,920.9656,0,5,136.552622,136.773621,True,39-36-42-45-12-11-15-16-47-14-78-73-79-8-46-5-3-1-55-68|92-95-31-29-27-28-33-63-85-19-23-21-18-76-51-84-89-56-66|69-88-98-82-57-22-9-53-4-17-60-100-70|94-71-72-44-40-38-41-61-81-2-6-7-10-97-13-74-24-48-25-77-58|65-83-64-62-30-67-90-99-52-86-87-59-75-49-20-50-32-26-34-37-35-43-54-96-93-91-80
141,4,1532.5965,954.1882,227.0,923.5443,0,4,80.689699,80.834075,True,39-36-42-45-2-69-98-11-15-16-47-14-12-88-78-73-79-7-6-8-5-3-1-55-46-4-60-100-70|65-19-23-21-76-51-84-22-18-49-20-85-32-34-50-94-96-68-43-35-37-93-91-80|92-95-63-33-28-27-29-31-30-67-81-90-82-99-9-87-59-75-97-10-66-56-89-26-54|52-83-64-62-71-72-44-40-38-41-61-53-57-86-74-13-17-24-48-25-77-58
142,4,1532.5965,954.1882,227.0,923.5443,0,4,80.689699,80.834075,True,39-36-42-45-2-69-98-11-15-16-47-14-12-88-78-73-79-7-6-8-5-3-1-55-46-4-60-100-70|65-19-23-21-76-51-84-22-18-49-20-85-32-34-50-94-96-68-43-35-37-93-91-80|92-95-63-33-28-27-29-31-30-67-81-90-82-99-9-87-59-75-97-10-66-56-89-26-54|52-83-64-62-71-72-44-40-38-41-61-53-57-86-74-13-17-24-48-25-77-58
143,5,1533.785,1653.6359,98.0,944.66,0,5,156.56768,156.807897,True,69-98-73-11-16-52-99-88-53-87-86-57-59-75-97-10-74-17-13-77-58-25-48|65-83-64-62-19-23-21-18-76-51-84-49-22-24-20-66|92-95-63-33-30-27-28-29-31-67-71-72-61-81-94-50-34-26-32-89-85-56-91-80|42-39-36-44-40-38-41-79-78-6-60-46-4-3-1-70-100|2-45-5-12-14-15-47-7-8-9-82-90-55-68-43-35-37-54-93-96
144,5,1533.785,1653.6359,98.0,944.66,0,5,156.56768,156.807897,True,69-98-73-11-16-52-99-88-53-87-86-57-59-75-97-10-74-17-13-77-58-25-48|65-83-64-62-19-23-21-18-76-51-84-49-22-24-20-66|92-95-63-33-30-27-28-29-31-67-71-72-61-81-94-50-34-26-32-89-85-56-91-80|42-39-36-44-40-38-41-79-78-6-60-46-4-3-1-70-100|2-45-5-12-14-15-47-7-8-9-82-90-55-68-43-35-37-54-93-96
145,4,1534.8505,795.639,290.0,923.5443,0,4,81.365888,81.493458,True,39-36-42-45-14-47-16-15-11-12-98-61-88-78-73-79-6-8-46-7-2-5-3-1-43-37-54-68-55-60-4-100-70|65-83-64-19-23-21-18-76-22-51-85-84-56-91-66|92-95-63-33-28-27-29-31-71-72-44-40-38-41-81-82-53-59-75-97-10-74-13-17-24-48-25-77-58|69-62-30-67-94-90-99-52-9-87-86-57-20-49-89-26-32-34-50-35-93-96-80
146,4,1534.8505,795.639,290.0,923.5443,0,4,81.365888,81.493458,True,39-36-42-45-14-47-16-15-11-12-98-61-88-78-73-79-6-8-46-7-2-5-3-1-43-37-54-68-55-60-4-100-70|65-83-64-19-23-21-18-76-22-51-85-84-56-91-66|92-95-63-33-28-27-29-31-71-72-44-40-38-41-81-82-53-59-75-97-10-74-13-17-24-48-25-77-58|69-62-30-67-94-90-99-52-9-87-86-57-20-49-89-26-32-34-50-35-93-96-80
147,4,1534.9719,1053.7629,228.0,922.8015,0,4,81.402322,81.562336,True,39-36-42-45-7-14-47-16-15-11-12-98-88-78-73-79-6-8-5-3-1-2-55-46-4-17-60-100-70|92-95-31-29-27-28-33-63-19-23-21-76-51-84-22-18-48-49-20-66-68-54-43-35-37-26-32-89-91-80|69-62-30-67-90-82-99-52-86-87-9-59-75-97-57-56-85-50-34-93-96|65-83-64-94-71-72-44-40-38-41-61-81-53-10-13-74-24-25-77-58
148,4,1534.9719,1053.7629,228.0,922.8015,0,4,81.402322,81.562336,True,39-36-42-45-7-14-47-16-15-11-12-98-88-78-73-79-6-8-5-3-1-2-55-46-4-17-60-100-70|92-95-31-29-27-28-33-63-19-23-21-76-51-84-22-18-48-49-20-66-68-54-43-35-37-26-32-89-91-80|69-62-30-67-90-82-99-52-86-87-9-59-75-97-57-56-85-50-34-93-96|65-83-64-94-71-72-44-40-38-41-61-81-53-10-13-74-24-25-77-58
149,4,1536.6824,801.5584,280.0,920.9656,0,4,81.915454,82.043075,True,39-36-42-45-14-47-16-15-11-12-98-61-88-78-73-79-7-8-6-2-46-5-3-1-43-54-68-55-60-4-100-70|65-83-64-19-23-21-18-76-22-51-85-84-56-91-66|69-94-30-67-90-99-52-9-87-59-57-20-49-48-89-26-32-34-50-35-37-93-96-80|92-95-63-33-28-27-29-31-62-71-72-44-40-38-41-81-53-82-86-75-97-10-74-17-13-24-25-77-58
150,4,1536.6824,801.5584,280.0,920.9656,0,4,81.915454,82.043075,True,39-36-42-45-14-47-16-15-11-12-98-61-88-78-73-79-7-8-6-2-46-5-3-1-43-54-68-55-60-4-100-70|65-83-64-19-23-21-18-76-22-51-85-84-56-91-66|69-94-30-67-90-99-52-9-87-59-57-20-49-48-89-26-32-34-50-35-37-93-96-80|92-95-63-33-28-27-29-31-62-71-72-44-40-38-41-81-53-82-86-75-97-10-74-17-13-24-25-77-58
151,5,1537.5256,1555.7074,153.0,920.9656,0,5,141.878393,142.106989,True,72-36-39-42-5-45-98-69-82-99-52-86-59-87-9-53-6-7-46-3-4-1-43-54-93-96-80|92-95-63-33-28-27-29-31-62-64-83-88-2-8-79-73-78-12-75-97-13-17-60|44-40-38-41-61-90-66-56-89-26-32-34-35-37-70-100|94-71-67-50-30-84-51-49-22-20-57-10-74-24-48-25-77-58|65-14-47-16-15-11-23-21-18-19-76-85-91-81-68-55
152,5,1537.5256,1555.7074,153.0,920.9656,0,5,141.878393,142.106989,True,72-36-39-42-5-45-98-69-82-99-52-86-59-87-9-53-6-7-46-3-4-1-43-54-93-96-80|92-95-63-33-28-27-29-31-62-64-83-88-2-8-79-73-78-12-75-97-13-17-60|44-40-38-41-61-90-66-56-89-26-32-34-35-37-70-100|94-71-67-50-30-84-51-49-22-20-57-10-74-24-48-25-77-58|65-14-47-16-15-11-23-21-18-19-76-85-91-81-68-55
153,5,1540.8551,1562.6977,148.0,920.9656,0,5,142.926946,143.15709,True,39-36-42-5-45-7-14-47-16-15-11-88-8-79-73-78-12-17-60-100-70|65-83-64-19-23-21-76-18-48-22-84-51-85-56-91-66|94-62-67-90-99-52-9-87-59-86-57-20-49-89-26-32-34-50-35-37-93-96-80|92-95-63-33-28-27-29-31-30-71-72-38-40-41-81-98-53-82-75-97-10-13-74-24-25-77-58|69-61-44-2-6-46-3-1-43-55-4-68-54
154,5,1540.8551,1562.6977,148.0,920.9656,0,5,142.926946,143.15709,True,39-36-42-5-45-7-14-47-16-15-11-88-8-79-73-78-12-17-60-100-70|65-83-64-19-23-21-76-18-48-22-84-51-85-56-91-66|94-62-67-90-99-52-9-87-59-86-57-20-49-89-26-32-34-50-35-37-93-96-80|92-95-63-33-28-27-29-31-30-71-72-38-40-41-81-98-53-82-75-97-10-13-74-24-25-77-58|69-61-44-2-6-46-3-1-43-55-4-68-54
155,4,1541.7015,752.6756,307.0,944.2172,0,4,83.421179,83.549161,True,39-36-42-45-2-14-47-16-15-11-12-98-61-88-78-73-79-7-8-6-46-5-3-1-43-54-68-55-60-4-35-37-70-100|65-83-64-23-19-51-85-63-76-18-21-48-22-84-56-66|69-94-30-67-90-99-9-87-59-86-57-49-24-20-89-26-32-34-50-93-96-80|92-95-33-28-27-29-31-62-71-72-44-40-38-41-81-53-82-52-75-97-10-74-17-13-77-58-25-91
156,4,1541.7015,752.6756,307.0,944.2172,0,4,83.421179,83.549161,True,39-36-42-45-2-14-47-16-15-11-12-98-61-88-78-73-79-7-8-6-46-5-3-1-43-54-68-55-60-4-35-37-70-100|65-83-64-23-19-51-85-63-76-18-21-48-22-84-56-66|69-94-30-67-90-99-9-87-59-86-57-49-24-20-89-26-32-34-50-93-96-80|92-95-33-28-27-29-31-62-71-72-44-40-38-41-81-53-82-52-75-97-10-74-17-13-77-58-25-91
157,4,1545.8559,748.5212,313.0,944.2172,0,4,84.667506,84.796711,True,39-36-42-45-7-14-47-16-15-11-12-98-61-88-78-73-79-8-6-2-46-5-3-1-43-54-68-55-60-4-35-37-70-100|65-83-64-23-21-19-51-85-76-18-48-22-84-56-66|69-94-62-30-67-90-99-52-9-87-59-86-49-24-20-89-26-32-34-50-93-96-80|92-95-63-33-28-27-29-31-71-72-44-40-38-41-81-53-82-57-75-97-10-74-17-13-77-58-25-91
158,4,1545.8559,748.5212,313.0,944.2172,0,4,84.667506,84.796711,True,39-36-42-45-7-14-47-16-15-11-12-98-61-88-78-73-79-8-6-2-46-5-3-1-43-54-68-55-60-4-35-37-70-100|65-83-64-23-21-19-51-85-76-18-48-22-84-56-66|69-94-62-30-67-90-99-52-9-87-59-86-49-24-20-89-26-32-34-50-93-96-80|92-95-63-33-28-27-29-31-71-72-44-40-38-41-81-53-82-57-75-97-10-74-17-13-77-58-25-91
159,4,1546.2144,792.0263,280.0,920.9656,0,4,84.775072,84.904123,True,39-36-42-45-12-14-47-16-15-11-98-61-88-78-73-79-7-8-6-2-46-5-3-1-43-54-68-55-60-4-100-70|65-83-64-23-21-18-76-19-22-51-85-84-56-91-66|69-94-30-67-90-99-52-86-9-87-59-20-49-48-89-26-32-34-50-35-37-93-96-80|92-95-63-33-28-27-29-31-62-71-72-44-40-38-41-81-53-82-57-75-97-10-74-13-17-24-25-77-58
160,4,1546.2144,792.0263,280.0,920.9656,0,4,84.775072,84.904123,True,39-36-42-45-12-14-47-16-15-11-98-61-88-78-73-79-7-8-6-2-46-5-3-1-43-54-68-55-60-4-100-70|65-83-64-23-21-18-76-19-22-51-85-84-56-91-66|69-94-30-67-90-99-52-86-9-87-59-20-49-48-89-26-32-34-50-35-37-93-96-80|92-95-63-33-28-27-29-31-62-71-72-44-40-38-41-81-53-82-57-75-97-10-74-13-17-24-25-77-58
161,4,1546.992,829.4029,227.0,920.9656,0,4,85.008353,85.137944,True,39-36-42-45-14-47-16-15-11-12-98-88-78-73-79-7-8-6-2-46-5-3-1-43-68-55-4-17-60-100-70|65-83-64-21-23-19-85-63-76-51-84-22-18-48-49-20-89-56-66|92-33-28-27-29-31-62-71-72-61-44-40-38-41-81-53-82-57-75-97-10-13-74-24-25-77-58|69-95-30-67-90-99-9-87-59-86-52-91-94-50-34-32-26-35-37-54-93-96-80
162,4,1546.992,829.4029,227.0,920.9656,0,4,85.008353,85.137944,True,39-36-42-45-14-47-16-15-11-12-98-88-78-73-79-7-8-6-2-46-5-3-1-43-68-55-4-17-60-100-70|65-83-64-21-23-19-85-63-76-51-84-22-18-48-49-20-89-56-66|92-33-28-27-29-31-62-71-72-61-44-40-38-41-81-53-82-57-75-97-10-13-74-24-25-77-58|69-95-30-67-90-99-9-87-59-86-52-91-94-50-34-32-26-35-37-54-93-96-80
163,4,1547.3647,790.8761,290.0,920.9656,0,4,85.120148,85.250371,True,39-36-42-45-14-47-16-15-11-12-98-61-88-78-73-79-7-8-6-2-46-5-3-1-43-54-68-55-4-17-60-100-70|65-83-64-23-21-18-76-85-22-19-48-51-84-56-91-66|69-94-30-67-99-52-59-87-9-86-57-20-49-89-26-32-34-50-35-37-93-96-80|92-95-63-33-28-27-29-31-62-71-72-44-40-38-41-81-90-53-82-75-97-10-13-74-24-25-77-58
164,4,1547.3647,790.8761,290.0,920.9656,0,4,85.120148,85.250371,True,39-36-42-45-14-47-16-15-11-12-98-61-88-78-73-79-7-8-6-2-46-5-3-1-43-54-68-55-4-17-60-100-70|65-83-64-23-21-18-76-85-22-19-48-51-84-56-91-66|69-94-30-67-99-52-59-87-9-86-57-20-49-89-26-32-34-50-35-37-93-96-80|92-95-63-33-28-27-29-31-62-71-72-44-40-38-41-81-90-53-82-75-97-10-13-74-24-25-77-58
165,4,1551.4923,786.7484,290.0,920.9656,0,4,86.358444,86.489287,True,39-36-42-45-14-47-16-15-11-12-98-61-88-78-73-79-7-8-6-2-46-5-3-1-43-54-68-55-4-17-60-100-70|65-83-64-23-21-18-76-85-51-22-19-48-84-56-91-66|69-94-30-67-90-99-52-86-9-87-59-20-49-89-26-32-34-50-35-37-93-96-80|92-95-63-33-28-27-29-31-62-71-72-44-40-38-41-81-53-82-57-75-97-10-13-74-24-25-77-58
166,4,1551.4923,786.7484,290.0,920.9656,0,4,86.358444,86.489287,True,39-36-42-45-14-47-16-15-11-12-98-61-88-78-73-79-7-8-6-2-46-5-3-1-43-54-68-55-4-17-60-100-70|65-83-64-23-21-18-76-85-51-22-19-48-84-56-91-66|69-94-30-67-90-99-52-86-9-87-59-20-49-89-26-32-34-50-35-37-93-96-80|92-95-63-33-28-27-29-31-62-71-72-44-40-38-41-81-53-82-57-75-97-10-13-74-24-25-77-58
167,4,1551.9762,786.2646,270.0,920.9656,0,4,86.503589,86.632504,True,39-36-42-45-7-12-14-47-16-15-11-98-61-88-78-73-79-8-6-2-46-5-3-1-43-54-68-55-60-4-100-70|65-83-64-23-21-18-76-85-22-19-48-51-84-56-91-66|69-94-30-67-99-52-86-9-87-59-75-20-49-89-26-32-34-50-35-37-93-96-80|92-95-63-33-28-27-29-31-62-71-72-44-40-38-41-81-90-53-82-57-10-97-74-13-17-24-25-77-58
168,4,1551.9762,786.2646,270.0,920.9656,0,4,86.503589,86.632504,True,39-36-42-45-7-12-14-47-16-15-11-98-61-88-78-73-79-8-6-2-46-5-3-1-43-54-68-55-60-4-100-70|65-83-64-23-21-18-76-85-22-19-48-51-84-56-91-66|69-94-30-67-99-52-86-9-87-59-75-20-49-89-26-32-34-50-35-37-93-96-80|92-95-63-33-28-27-29-31-62-71-72-44-40-38-41-81-90-53-82-57-10-97-74-13-17-24-25-77-58
169,4,1552.867,785.3737,270.0,920.9656,0,4,86.770855,86.899904,True,39-36-42-45-12-14-47-16-15-11-98-61-88-78-73-79-7-8-6-2-46-5-3-1-43-54-68-55-60-4-100-70|65-83-64-23-21-18-76-85-22-19-48-51-84-56-91-66|69-94-30-67-99-52-86-9-87-59-75-20-49-89-26-32-34-50-35-37-93-96-80|92-95-63-33-28-27-29-31-62-71-72-44-40-38-41-81-90-53-82-57-10-97-74-13-17-24-25-77-58
170,4,1557.5763,737.7616,300.0,927.8925,0,4,88.183618,88.310976,True,39-36-42-45-14-47-16-15-11-12-98-61-88-78-73-79-7-8-6-2-46-5-3-1-43-54-68-55-60-4-35-37-70-100|65-83-64-19-23-21-51-85-76-18-48-22-84-56-91-66|69-94-30-67-90-99-52-9-87-59-86-49-24-20-89-26-32-34-50-93-96-80|92-95-63-33-28-27-29-31-62-71-72-44-40-38-41-81-53-82-57-75-97-10-74-17-13-77-58-25
171,4,1557.5763,737.7616,300.0,927.8925,0,4,88.183618,88.310976,True,39-36-42-45-14-47-16-15-11-12-98-61-88-78-73-79-7-8-6-2-46-5-3-1-43-54-68-55-60-4-35-37-70-100|65-83-64-19-23-21-51-85-76-18-48-22-84-56-91-66|69-94-30-67-90-99-52-9-87-59-86-49-24-20-89-26-32-34-50-93-96-80|92-95-63-33-28-27-29-31-62-71-72-44-40-38-41-81-53-82-57-75-97-10-74-17-13-77-58-25
172,4,1557.7052,780.5356,270.0,920.9656,0,4,88.222297,88.352072,True,39-36-42-45-14-47-16-15-11-12-98-61-88-78-73-79-7-8-6-2-46-5-3-1-43-54-68-55-60-4-100-70|65-83-64-19-23-21-76-85-51-18-48-22-84-56-91-66|69-94-30-67-90-99-52-86-9-87-59-20-49-89-26-32-34-50-35-37-93-96-80|92-95-63-33-28-27-29-31-62-71-72-44-40-38-41-81-53-82-57-75-97-10-74-13-17-24-25-77-58
173,4,1557.7052,780.5356,270.0,920.9656,0,4,88.222297,88.352072,True,39-36-42-45-14-47-16-15-11-12-98-61-88-78-73-79-7-8-6-2-46-5-3-1-43-54-68-55-60-4-100-70|65-83-64-19-23-21-76-85-51-18-48-22-84-56-91-66|69-94-30-67-90-99-52-86-9-87-59-20-49-89-26-32-34-50-35-37-93-96-80|92-95-63-33-28-27-29-31-62-71-72-44-40-38-41-81-53-82-57-75-97-10-74-13-17-24-25-77-58
174,4,1559.1857,779.0551,270.0,920.9656,0,4,88.666448,88.796445,True,39-36-42-45-7-12-14-47-16-15-11-61-98-88-78-73-79-8-6-2-46-5-3-1-43-54-68-55-60-4-100-70|65-83-64-23-21-18-76-85-22-19-48-51-84-56-91-66|69-94-30-67-99-52-86-9-87-59-75-20-49-89-26-32-34-50-35-37-93-96-80|92-95-63-33-28-27-29-31-62-71-72-44-40-38-41-81-90-53-82-57-10-97-74-13-17-24-25-77-58
175,4,1559.1857,779.0551,270.0,920.9656,0,4,88.666448,88.796445,True,39-36-42-45-7-12-14-47-16-15-11-61-98-88-78-73-79-8-6-2-46-5-3-1-43-54-68-55-60-4-100-70|65-83-64-23-21-18-76-85-22-19-48-51-84-56-91-66|69-94-30-67-99-52-86-9-87-59-75-20-49-89-26-32-34-50-35-37-93-96-80|92-95-63-33-28-27-29-31-62-71-72-44-40-38-41-81-90-53-82-57-10-97-74-13-17-24-25-77-58
176,4,1559.4799,778.7608,270.0,920.9656,0,4,88.754724,88.884765,True,39-36-42-45-12-14-47-16-15-11-98-61-88-78-73-79-7-8-6-2-46-5-3-1-43-54-68-55-60-4-100-70|65-83-64-19-23-21-76-85-51-22-48-18-84-56-91-66|69-94-30-67-90-99-52-86-9-87-59-20-49-89-26-32-34-50-35-37-93-96-80|92-95-63-33-28-27-29-31-62-71-72-44-40-38-41-81-53-82-57-75-97-10-74-13-17-24-25-77-58
177,4,1559.7544,778.4864,270.0,920.9656,0,4,88.837047,88.967129,True,39-36-42-45-14-47-16-15-11-12-98-61-88-78-73-79-7-8-6-2-46-5-3-1-43-54-68-55-60-4-100-70|65-83-64-23-21-18-76-85-22-19-48-51-84-56-91-66|69-94-30-67-90-99-52-86-9-87-59-20-49-89-26-32-34-50-35-37-93-96-80|92-95-63-33-28-27-29-31-62-71-72-44-40-38-41-81-53-82-57-75-97-10-74-13-17-24-25-77-58
178,4,1559.7544,778.4864,270.0,920.9656,0,4,88.837047,88.967129,True,39-36-42-45-14-47-16-15-11-12-98-61-88-78-73-79-7-8-6-2-46-5-3-1-43-54-68-55-60-4-100-70|65-83-64-23-21-18-76-85-22-19-48-51-84-56-91-66|69-94-30-67-90-99-52-86-9-87-59-20-49-89-26-32-34-50-35-37-93-96-80|92-95-63-33-28-27-29-31-62-71-72-44-40-38-41-81-53-82-57-75-97-10-74-13-17-24-25-77-58
179,4,1559.7544,778.4864,270.0,920.9656,0,4,88.837047,88.967129,True,39-36-42-45-14-47-16-15-11-12-98-61-88-78-73-79-7-8-6-2-46-5-3-1-43-54-68-55-60-4-100-70|65-83-64-23-21-18-76-85-22-19-48-51-84-56-91-66|69-94-30-67-90-99-52-86-9-87-59-20-49-89-26-32-34-50-35-37-93-96-80|92-95-63-33-28-27-29-31-62-71-72-44-40-38-41-81-53-82-57-75-97-10-74-13-17-24-25-77-58
180,4,1559.7544,778.4864,270.0,920.9656,0,4,88.837047,88.967129,True,39-36-42-45-14-47-16-15-11-12-98-61-88-78-73-79-7-8-6-2-46-5-3-1-43-54-68-55-60-4-100-70|65-83-64-23-21-18-76-85-22-19-48-51-84-56-91-66|69-94-30-67-90-99-52-86-9-87-59-20-49-89-26-32-34-50-35-37-93-96-80|92-95-63-33-28-27-29-31-62-71-72-44-40-38-41-81-53-82-57-75-97-10-74-13-17-24-25-77-58
181,4,1560.2049,778.0359,275.0,920.9656,0,4,88.972198,89.102848,True,39-36-42-45-14-47-16-15-11-12-98-88-78-73-79-7-8-6-2-46-5-3-1-43-54-68-55-4-17-60-100-70|65-75-83-64-23-21-18-76-19-22-51-85-84-56-91-66|69-94-62-30-67-90-99-52-86-87-9-59-20-49-48-89-26-32-34-50-35-37-93-96-80|92-95-63-33-28-27-29-31-71-72-44-40-38-41-61-81-53-82-57-97-10-13-74-24-25-77-58
182,4,1561.767,776.4737,270.0,920.9656,0,4,89.440847,89.57123,True,39-36-42-45-14-47-16-15-11-12-98-61-88-78-73-79-7-8-6-2-46-5-3-1-43-54-68-55-60-4-100-70|65-83-64-19-23-21-76-85-51-22-18-48-84-56-91-66|69-94-30-67-90-99-52-86-9-87-59-20-49-89-26-32-34-50-35-37-93-96-80|92-95-63-33-28-27-29-31-62-71-72-44-40-38-41-81-53-82-57-75-97-10-74-13-17-24-25-77-58
183,4,1561.767,776.4737,270.0,920.9656,0,4,89.440847,89.57123,True,39-36-42-45-14-47-16-15-11-12-98-61-88-78-73-79-7-8-6-2-46-5-3-1-43-54-68-55-60-4-100-70|65-83-64-19-23-21-76-85-51-22-18-48-84-56-91-66|69-94-30-67-90-99-52-86-9-87-59-20-49-89-26-32-34-50-35-37-93-96-80|92-95-63-33-28-27-29-31-62-71-72-44-40-38-41-81-53-82-57-75-97-10-74-13-17-24-25-77-58
184,4,1562.0545,776.1863,270.0,920.9656,0,4,89.527093,89.65752,True,39-36-42-45-12-14-47-16-15-11-98-61-88-73-78-79-7-8-6-2-46-5-3-1-43-54-68-55-60-4-100-70|65-83-64-23-21-18-76-85-22-19-48-51-84-56-91-66|69-94-30-67-99-52-86-9-87-59-75-20-49-89-26-32-34-50-35-37-93-96-80|92-95-63-33-28-27-29-31-62-71-72-44-40-38-41-81-90-53-82-57-10-97-74-13-17-24-25-77-58
185,4,1563.8621,731.4757,300.0,927.8925,0,4,90.069381,90.197682,True,39-36-42-45-14-47-16-15-11-12-98-61-88-78-73-79-7-8-6-2-46-5-3-1-43-54-68-55-60-4-35-37-70-100|65-64-83-19-23-21-51-85-76-18-48-22-84-56-91-66|69-94-30-67-90-99-52-9-87-59-86-49-24-20-89-26-32-34-50-93-96-80|92-95-63-33-28-27-29-31-62-71-72-44-40-38-41-81-53-82-57-75-97-10-74-17-13-77-58-25
186,4,1563.8621,731.4757,300.0,927.8925,0,4,90.069381,90.197682,True,39-36-42-45-14-47-16-15-11-12-98-61-88-78-73-79-7-8-6-2-46-5-3-1-43-54-68-55-60-4-35-37-70-100|65-64-83-19-23-21-51-85-76-18-48-22-84-56-91-66|69-94-30-67-90-99-52-9-87-59-86-49-24-20-89-26-32-34-50-93-96-80|92-95-63-33-28-27-29-31-62-71-72-44-40-38-41-81-53-82-57-75-97-10-74-17-13-77-58-25
187,5,1565.8343,1452.7803,107.0,920.9656,0,5,126.439329,126.656378,True,39-36-42-45-14-47-16-15-11-12-88-78-73-79-8-5-3-1-43-68|92-95-31-27-28-33-63-85-19-23-21-18-76-51-84-56-66-91-94-96-54|69-61-44-71-81-90-83-57-9-53-98-55-4-17-60-100-70|65-64-62-30-29-67-72-38-40-41-2-46-6-7-10-97-13-74-24-25-77-58|82-99-52-86-87-59-75-22-20-49-48-89-26-32-34-50-35-37-93-80
188,5,1565.8343,1452.7803,107.0,920.9656,0,5,126.439329,126.656378,True,39-36-42-45-14-47-16-15-11-12-88-78-73-79-8-5-3-1-43-68|92-95-31-27-28-33-63-85-19-23-21-18-76-51-84-56-66-91-94-96-54|69-61-44-71-81-90-83-57-9-53-98-55-4-17-60-100-70|65-64-62-30-29-67-72-38-40-41-2-46-6-7-10-97-13-74-24-25-77-58|82-99-52-86-87-59-75-22-20-49-48-89-26-32-34-50-35-37-93-80
189,4,1566.6892,771.5515,270.0,920.9656,0,4,90.917513,91.048635,True,39-36-42-45-14-47-16-15-11-12-61-98-88-78-73-79-7-8-6-2-46-5-3-1-43-54-68-55-60-4-100-70|65-83-64-23-21-18-76-85-22-19-48-51-84-56-91-66|69-94-30-67-90-99-52-86-9-87-59-20-49-89-26-32-34-50-35-37-93-96-80|92-95-63-33-28-27-29-31-62-71-72-44-40-38-41-81-53-82-57-75-97-10-74-13-17-24-25-77-58
190,4,1566.6892,771.5515,270.0,920.9656,0,4,90.917513,91.048635,True,39-36-42-45-14-47-16-15-11-12-61-98-88-78-73-79-7-8-6-2-46-5-3-1-43-54-68-55-60-4-100-70|65-83-64-23-21-18-76-85-22-19-48-51-84-56-91-66|69-94-30-67-90-99-52-86-9-87-59-20-49-89-26-32-34-50-35-37-93-96-80|92-95-63-33-28-27-29-31-62-71-72-44-40-38-41-81-53-82-57-75-97-10-74-13-17-24-25-77-58
191,4,1568.9418,769.2989,270.0,920.9656,0,4,91.593285,91.724745,True,39-36-42-45-14-47-16-15-11-12-98-61-88-73-78-79-7-8-6-2-46-5-3-1-43-54-68-55-60-4-100-70|65-83-64-23-21-18-76-85-22-19-48-51-84-56-91-66|69-94-30-67-90-99-52-86-9-87-59-20-49-89-26-32-34-50-35-37-93-96-80|92-95-63-33-28-27-29-31-62-71-72-44-40-38-41-81-53-82-57-75-97-10-74-13-17-24-25-77-58
192,4,1568.9418,769.2989,270.0,920.9656,0,4,91.593285,91.724745,True,39-36-42-45-14-47-16-15-11-12-98-61-88-73-78-79-7-8-6-2-46-5-3-1-43-54-68-55-60-4-100-70|65-83-64-23-21-18-76-85-22-19-48-51-84-56-91-66|69-94-30-67-90-99-52-86-9-87-59-20-49-89-26-32-34-50-35-37-93-96-80|92-95-63-33-28-27-29-31-62-71-72-44-40-38-41-81-53-82-57-75-97-10-74-13-17-24-25-77-58
193,4,1569.3555,768.8852,270.0,920.9656,0,4,91.717396,91.848918,True,39-36-42-45-14-47-16-15-11-12-98-61-88-78-73-79-7-8-6-2-46-5-3-1-43-54-68-55-60-4-100-70|65-83-64-23-19-21-18-76-85-22-48-51-84-56-91-66|69-94-30-67-90-99-52-86-9-87-59-20-49-89-26-32-34-50-35-37-93-96-80|92-95-63-33-28-27-29-31-62-71-72-44-40-38-41-81-53-82-57-75-97-10-74-13-17-24-25-77-58
194,4,1572.3187,765.9221,270.0,920.9656,0,4,92.606347,92.738313,True,39-36-42-45-14-47-16-12-15-11-98-61-88-78-73-79-7-8-6-2-46-5-3-1-43-54-68-55-60-4-100-70|65-83-64-23-21-18-76-85-22-19-48-51-84-56-91-66|69-94-30-67-90-99-52-86-9-87-59-20-49-89-26-32-34-50-35-37-93-96-80|92-95-63-33-28-27-29-31-62-71-72-44-40-38-41-81-53-82-57-75-97-10-74-13-17-24-25-77-58
195,4,1572.3187,765.9221,270.0,920.9656,0,4,92.606347,92.738313,True,39-36-42-45-14-47-16-12-15-11-98-61-88-78-73-79-7-8-6-2-46-5-3-1-43-54-68-55-60-4-100-70|65-83-64-23-21-18-76-85-22-19-48-51-84-56-91-66|69-94-30-67-90-99-52-86-9-87-59-20-49-89-26-32-34-50-35-37-93-96-80|92-95-63-33-28-27-29-31-62-71-72-44-40-38-41-81-53-82-57-75-97-10-74-13-17-24-25-77-58
196,4,1576.2424,761.9984,270.0,920.9656,0,4,93.783452,93.916007,True,39-36-42-45-14-47-16-15-11-12-98-61-88-78-73-79-7-8-6-2-46-5-3-1-43-54-68-55-60-4-100-70|65-83-64-23-21-18-76-85-22-19-48-51-84-56-91-66|69-94-30-67-90-99-52-86-9-87-59-20-49-89-26-32-34-50-35-37-93-96-80|92-95-63-28-33-27-29-31-62-71-72-44-40-38-41-81-53-82-57-75-97-10-74-13-17-24-25-77-58
197,4,1576.2424,761.9984,270.0,920.9656,0,4,93.783452,93.916007,True,39-36-42-45-14-47-16-15-11-12-98-61-88-78-73-79-7-8-6-2-46-5-3-1-43-54-68-55-60-4-100-70|65-83-64-23-21-18-76-85-22-19-48-51-84-56-91-66|69-94-30-67-90-99-52-86-9-87-59-20-49-89-26-32-34-50-35-37-93-96-80|92-95-63-28-33-27-29-31-62-71-72-44-40-38-41-81-53-82-57-75-97-10-74-13-17-24-25-77-58
198,4,1579.6176,810.1246,260.0,952.3997,0,4,94.796033,94.940535,True,39-36-42-45-14-15-11-16-47-12-88-98-78-73-79-7-8-6-2-46-5-3-1-43-68-55-60-4-100-70|65-83-64-23-21-18-76-22-19-48-51-84-56-66|69-61-94-30-67-90-99-9-87-86-52-57-20-49-85-32-26-34-50-54-37-35-96-93-89-91-80|92-95-63-33-28-27-29-31-62-71-72-44-40-38-41-81-82-53-59-75-97-10-74-13-17-24-25-77-58
199,4,1579.6176,810.1246,260.0,952.3997,0,4,94.796033,94.940535,True,39-36-42-45-14-15-11-16-47-12-88-98-78-73-79-7-8-6-2-46-5-3-1-43-68-55-60-4-100-70|65-83-64-23-21-18-76-22-19-48-51-84-56-66|69-61-94-30-67-90-99-9-87-86-52-57-20-49-85-32-26-34-50-54-37-35-96-93-89-91-80|92-95-63-33-28-27-29-31-62-71-72-44-40-38-41-81-82-53-59-75-97-10-74-13-17-24-25-77-58
200,16,1582.5527,8977.0471,127.0,903.1455,0,16,1255.079348,1256.43268,True,2-45-46-8-7-6-70|81-61-41-1-3-5-4-100|90-82-9-87-59-97-13-74|11-10|12-14-15-16-47-17|22-19-18-48-21-49-20-24-66|83-23-25-77|92-62-31-29-27-28-26-34-84-91|95-33-30-32-50-80|72-39-36-35-37-54|42-44-38-40-43-68|88-78-73-79-60-55|64-51-85-63-76-89-56|65-99-52-57-86-75-58|94-67-71-93-96|69-98-53
201,5,1584.523,1397.058,144.0,925.536,0,5,118.08099,118.299674,True,39-36-42-45-12-11-15-16-47-14-78-73-79-8-46-5-3-1-68|92-31-29-27-28-33-63-19-23-21-18-76-51-84-95-56-66-91-54|61-69-88-99-86-59-87-9-53-98-55-4-17-60-100-70|65-83-64-94-71-72-44-40-38-41-81-2-6-7-10-97-13-74-24-89-25-77-58|62-30-67-90-82-52-57-75-22-20-49-48-85-50-32-26-34-43-35-37-93-96-80
202,5,1584.523,1397.058,144.0,925.536,0,5,118.08099,118.299674,True,39-36-42-45-12-11-15-16-47-14-78-73-79-8-46-5-3-1-68|92-31-29-27-28-33-63-19-23-21-18-76-51-84-95-56-66-91-54|61-69-88-99-86-59-87-9-53-98-55-4-17-60-100-70|65-83-64-94-71-72-44-40-38-41-81-2-6-7-10-97-13-74-24-89-25-77-58|62-30-67-90-82-52-57-75-22-20-49-48-85-50-32-26-34-43-35-37-93-96-80
203,4,1585.0532,753.1875,270.0,920.9656,0,4,96.426714,96.56059,True,39-36-42-45-14-47-16-15-11-12-98-61-88-78-73-79-7-8-6-2-46-5-3-1-43-54-68-55-60-4-100-70|65-83-64-19-23-21-76-85-51-18-48-22-84-56-91-66|69-94-30-67-90-99-52-86-9-87-59-20-49-89-26-32-34-50-35-37-93-96-80|92-95-63-33-28-27-29-31-71-62-72-44-40-38-41-81-53-82-57-75-97-10-74-13-17-24-25-77-58
204,4,1585.0532,753.1875,270.0,920.9656,0,4,96.426714,96.56059,True,39-36-42-45-14-47-16-15-11-12-98-61-88-78-73-79-7-8-6-2-46-5-3-1-43-54-68-55-60-4-100-70|65-83-64-19-23-21-76-85-51-18-48-22-84-56-91-66|69-94-30-67-90-99-52-86-9-87-59-20-49-89-26-32-34-50-35-37-93-96-80|92-95-63-33-28-27-29-31-71-62-72-44-40-38-41-81-53-82-57-75-97-10-74-13-17-24-25-77-58
205,5,1585.4211,1383.1958,137.0,920.9656,0,5,116.001659,116.217147,True,39-36-42-45-12-11-15-16-47-14-78-73-79-8-46-5-3-1-68|92-31-29-27-28-33-63-85-19-23-21-18-76-51-84-66-91-96-54|61-69-88-98-82-57-22-9-53-55-4-13-17-60-100-70|65-83-64-94-71-72-44-40-38-41-81-2-6-7-10-97-74-24-89-48-25-77-58|95-62-30-67-90-99-52-86-87-59-75-49-20-56-50-32-26-34-43-35-37-93-80
206,5,1585.4211,1383.1958,137.0,920.9656,0,5,116.001659,116.217147,True,39-36-42-45-12-11-15-16-47-14-78-73-79-8-46-5-3-1-68|92-31-29-27-28-33-63-85-19-23-21-18-76-51-84-66-91-96-54|61-69-88-98-82-57-22-9-53-55-4-13-17-60-100-70|65-83-64-94-71-72-44-40-38-41-81-2-6-7-10-97-74-24-89-48-25-77-58|95-62-30-67-90-99-52-86-87-59-75-49-20-56-50-32-26-34-43-35-37-93-80
207,4,1591.6655,682.6947,285.0,920.9656,0,4,98.410384,98.53717,True,39-36-42-45-14-47-16-15-11-12-98-88-81-78-73-79-7-8-6-2-46-5-3-1-43-55-60-4-68-35-37-70-100|65-83-64-23-21-18-76-85-22-19-48-51-84-56-91-66|69-94-30-67-90-99-52-86-9-87-59-20-49-89-26-32-34-50-96-54-93-80|92-95-63-33-28-27-29-31-62-71-72-44-40-38-41-61-53-82-57-75-97-10-74-13-17-24-25-77-58
208,4,1591.6655,682.6947,285.0,920.9656,0,4,98.410384,98.53717,True,39-36-42-45-14-47-16-15-11-12-98-88-81-78-73-79-7-8-6-2-46-5-3-1-43-55-60-4-68-35-37-70-100|65-83-64-23-21-18-76-85-22-19-48-51-84-56-91-66|69-94-30-67-90-99-52-86-9-87-59-20-49-89-26-32-34-50-96-54-93-80|92-95-63-33-28-27-29-31-62-71-72-44-40-38-41-61-53-82-57-75-97-10-74-13-17-24-25-77-58
209,4,1594.3191,743.9216,270.0,920.9656,0,4,99.206474,99.34174,True,39-36-42-45-12-14-47-16-15-11-98-61-88-78-73-79-7-8-6-2-46-5-3-1-43-54-68-55-60-4-100-70|65-83-23-64-21-18-76-85-22-19-48-51-84-56-91-66|69-94-30-67-99-52-86-9-87-59-75-20-49-89-26-32-34-50-35-37-93-96-80|92-95-63-33-28-27-29-31-62-71-72-44-40-38-41-81-90-53-82-57-10-97-74-13-17-24-25-77-58
210,4,1594.3191,743.9216,270.0,920.9656,0,4,99.206474,99.34174,True,39-36-42-45-12-14-47-16-15-11-98-61-88-78-73-79-7-8-6-2-46-5-3-1-43-54-68-55-60-4-100-70|65-83-23-64-21-18-76-85-22-19-48-51-84-56-91-66|69-94-30-67-99-52-86-9-87-59-75-20-49-89-26-32-34-50-35-37-93-96-80|92-95-63-33-28-27-29-31-62-71-72-44-40-38-41-81-90-53-82-57-10-97-74-13-17-24-25-77-58
211,5,1598.0806,1369.2294,112.0,920.9656,0,5,113.906708,114.121399,True,39-36-42-45-12-11-15-16-47-14-78-73-79-8-46-5-3-1-68|92-31-29-27-28-33-63-85-19-23-21-18-76-51-84-95-56-66-91-54|61-69-88-64-57-22-9-53-98-55-4-13-17-60-100-70|65-83-94-71-72-44-40-38-41-81-2-6-7-10-97-74-24-89-48-25-77-58|62-30-67-90-82-99-52-86-87-59-75-49-20-50-32-26-34-37-35-43-93-96-80
212,5,1598.0806,1369.2294,112.0,920.9656,0,5,113.906708,114.121399,True,39-36-42-45-12-11-15-16-47-14-78-73-79-8-46-5-3-1-68|92-31-29-27-28-33-63-85-19-23-21-18-76-51-84-95-56-66-91-54|61-69-88-64-57-22-9-53-98-55-4-13-17-60-100-70|65-83-94-71-72-44-40-38-41-81-2-6-7-10-97-74-24-89-48-25-77-58|62-30-67-90-82-99-52-86-87-59-75-49-20-50-32-26-34-37-35-43-93-96-80
213,4,1599.9191,738.3217,270.0,920.9656,0,4,100.886473,101.02258,True,39-36-42-45-12-14-47-16-15-11-98-61-88-78-73-79-7-8-6-2-46-5-3-1-43-54-68-55-60-4-100-70|65-64-23-83-21-18-76-85-22-19-48-51-84-56-91-66|69-94-30-67-99-52-86-9-87-59-75-20-49-89-26-32-34-50-35-37-93-96-80|92-95-63-33-28-27-29-31-62-71-72-44-40-38-41-81-90-53-82-57-10-97-74-13-17-24-25-77-58
214,4,1599.9191,738.3217,270.0,920.9656,0,4,100.886473,101.02258,True,39-36-42-45-12-14-47-16-15-11-98-61-88-78-73-79-7-8-6-2-46-5-3-1-43-54-68-55-60-4-100-70|65-64-23-83-21-18-76-85-22-19-48-51-84-56-91-66|69-94-30-67-99-52-86-9-87-59-75-20-49-89-26-32-34-50-35-37-93-96-80|92-95-63-33-28-27-29-31-62-71-72-44-40-38-41-81-90-53-82-57-10-97-74-13-17-24-25-77-58
215,5,1603.3356,1459.4563,63.0,920.9656,0,5,127.440742,127.665643,True,39-36-42-45-12-11-15-16-47-14-78-73-79-8-46-5-3-1-68|92-31-29-27-28-33-63-85-19-23-21-18-76-51-95-84-89-56-66-91-54|61-69-88-64-83-57-22-9-53-98-55-4-17-60-100-70|94-71-72-44-40-38-41-81-2-6-7-10-97-13-74-24-48-25-77-58|65-62-30-67-90-82-99-52-86-87-59-75-49-20-50-32-26-34-37-35-43-93-96-80
216,5,1603.3356,1459.4563,63.0,920.9656,0,5,127.440742,127.665643,True,39-36-42-45-12-11-15-16-47-14-78-73-79-8-46-5-3-1-68|92-31-29-27-28-33-63-85-19-23-21-18-76-51-95-84-89-56-66-91-54|61-69-88-64-83-57-22-9-53-98-55-4-17-60-100-70|94-71-72-44-40-38-41-81-2-6-7-10-97-13-74-24-48-25-77-58|65-62-30-67-90-82-99-52-86-87-59-75-49-20-50-32-26-34-37-35-43-93-96-80
217,5,1605.517,1456.9768,105.0,920.9656,0,5,127.068806,127.29819,True,39-36-42-45-7-12-11-15-16-47-14-78-73-79-8-46-5-3-1-68|92-31-29-27-28-33-63-85-19-23-21-18-76-51-95-84-89-66-91-54|69-88-64-57-22-9-53-98-55-4-17-60-100-70|65-83-94-71-72-44-40-38-41-61-81-2-6-10-97-13-74-24-48-25-77-58|62-30-67-90-82-99-52-86-87-59-75-49-20-56-50-32-26-34-43-35-37-93-96-80
218,5,1605.517,1456.9768,105.0,920.9656,0,5,127.068806,127.29819,True,39-36-42-45-7-12-11-15-16-47-14-78-73-79-8-46-5-3-1-68|92-31-29-27-28-33-63-85-19-23-21-18-76-51-95-84-89-66-91-54|69-88-64-57-22-9-53-98-55-4-17-60-100-70|65-83-94-71-72-44-40-38-41-61-81-2-6-10-97-13-74-24-48-25-77-58|62-30-67-90-82-99-52-86-87-59-75-49-20-56-50-32-26-34-43-35-37-93-96-80
219,5,1611.6875,1359.5533,122.0,920.9656,0,5,112.455282,112.673604,True,72-36-39-42-45-14-47-16-15-11-12-88-78-73-79-8-5-3-1-43-54-68|92-95-63-33-28-31-62-64-19-23-21-48-18-51-84-56-91-66|69-61-44-94-85-76-22-9-53-98-55-4-17-60-100-70|65-83-29-27-30-67-71-38-40-41-81-2-46-6-7-10-97-13-74-24-25-77-58|90-82-99-52-57-86-87-59-75-20-49-89-26-32-34-50-35-37-93-96-80
220,5,1611.6875,1359.5533,122.0,920.9656,0,5,112.455282,112.673604,True,72-36-39-42-45-14-47-16-15-11-12-88-78-73-79-8-5-3-1-43-54-68|92-95-63-33-28-31-62-64-19-23-21-48-18-51-84-56-91-66|69-61-44-94-85-76-22-9-53-98-55-4-17-60-100-70|65-83-29-27-30-67-71-38-40-41-81-2-46-6-7-10-97-13-74-24-25-77-58|90-82-99-52-57-86-87-59-75-20-49-89-26-32-34-50-35-37-93-96-80
221,4,1614.6021,837.4223,221.0,920.9656,0,4,105.291385,105.441861,True,72-36-39-42-45-14-47-16-15-11-12-90-98-88-78-73-79-7-8-6-2-46-5-3-1-55-4-17-60-100-70|65-83-92-33-28-27-31-62-85-63-19-23-21-18-76-84-51-22-49-89-26-32-34-50-93-96-80|69-71-30-67-95-99-9-87-59-86-52-57-20-66-56-91-68-43-35-37-54|29-64-94-44-40-38-41-61-81-53-82-75-97-10-13-74-24-48-25-77-58
222,4,1614.6021,837.4223,221.0,920.9656,0,4,105.291385,105.441861,True,72-36-39-42-45-14-47-16-15-11-12-90-98-88-78-73-79-7-8-6-2-46-5-3-1-55-4-17-60-100-70|65-83-92-33-28-27-31-62-85-63-19-23-21-18-76-84-51-22-49-89-26-32-34-50-93-96-80|69-71-30-67-95-99-9-87-59-86-52-57-20-66-56-91-68-43-35-37-54|29-64-94-44-40-38-41-61-81-53-82-75-97-10-13-74-24-48-25-77-58
223,9,1615.1885,4408.059,190.0,914.119,0,9,569.731135,570.414756,True,69-98-11-15-47-14-12-73-79-16-75-77-25-48|19-23-21-18-76-51-84|92-95-63-33-30-27-28-26-29-31-34-32-89-85-56-91-80|2-45-42-39-36-44-38-40-5-3-1-78-17-60|94-62-50-67-71-72-41-43-35-37-54-93-96|61-81-88-53-87-97-66-20-24-58|65-52-64-22-74-13|90-83-49-57-86-10-55-68|82-99-59-9-8-7-6-46-4-100-70
224,4,1616.6902,907.8874,180.0,920.9656,0,4,105.917812,106.075385,True,39-36-42-45-7-69-11-15-16-47-14-98-88-78-73-79-6-8-5-3-1-2-55-46-4-60-100-70|65-92-95-31-29-27-28-33-63-19-23-21-18-76-51-84-22-48-49-20-66-68-43-35-37-26-32-91-80|62-30-67-90-82-99-12-9-87-59-75-97-57-56-85-89-34-50-54-93-96|52-83-64-94-71-72-44-40-38-41-61-81-53-86-10-74-13-17-24-25-77-58
225,4,1616.6902,907.8874,180.0,920.9656,0,4,105.917812,106.075385,True,39-36-42-45-7-69-11-15-16-47-14-98-88-78-73-79-6-8-5-3-1-2-55-46-4-60-100-70|65-92-95-31-29-27-28-33-63-19-23-21-18-76-51-84-22-48-49-20-66-68-43-35-37-26-32-91-80|62-30-67-90-82-99-12-9-87-59-75-97-57-56-85-89-34-50-54-93-96|52-83-64-94-71-72-44-40-38-41-61-81-53-86-10-74-13-17-24-25-77-58
226,6,1621.8653,2219.5684,173.0,913.596,0,6,241.457556,241.812228,True,65-82-12-14-15-11-16-47-73-99-52-86-9-87-59-75-10-74-17-13-77-58|95-64-83-19-51-85-63-76-32-89-66|92-33-62-27-30-67-28-26-29-31-34-50-84-22-20-49-48-25-24-91-80|94-71-72-44-40-38-41-61-81-90-68-43-35-37-54-93-96|39-36-42-45-5-3-8-46-7-6-2-55-60-4-1-70-100|69-23-21-18-88-98-53-79-78-97-57-56
227,6,1621.8653,2219.5684,173.0,913.596,0,6,241.457556,241.812228,True,65-82-12-14-15-11-16-47-73-99-52-86-9-87-59-75-10-74-17-13-77-58|95-64-83-19-51-85-63-76-32-89-66|92-33-62-27-30-67-28-26-29-31-34-50-84-22-20-49-48-25-24-91-80|94-71-72-44-40-38-41-61-81-90-68-43-35-37-54-93-96|39-36-42-45-5-3-8-46-7-6-2-55-60-4-1-70-100|69-23-21-18-88-98-53-79-78-97-57-56
228,5,1625.5743,1319.1614,143.0,920.9656,0,5,108.583024,108.801553,True,39-36-42-45-12-11-15-16-47-14-78-73-79-8-5-3-1-43-54-68|31-29-27-28-33-62-85-63-23-21-18-76-51-84-95-91-66|61-69-88-64-57-19-22-9-53-98-55-4-60-13-17-100-70|65-83-92-71-72-44-40-38-41-81-2-46-6-7-10-97-74-24-48-25-77-58|94-30-67-90-82-99-52-86-87-59-75-49-20-56-89-26-32-34-50-35-37-93-96-80
229,5,1625.5743,1319.1614,143.0,920.9656,0,5,108.583024,108.801553,True,39-36-42-45-12-11-15-16-47-14-78-73-79-8-5-3-1-43-54-68|31-29-27-28-33-62-85-63-23-21-18-76-51-84-95-91-66|61-69-88-64-57-19-22-9-53-98-55-4-60-13-17-100-70|65-83-92-71-72-44-40-38-41-81-2-46-6-7-10-97-74-24-48-25-77-58|94-30-67-90-82-99-52-86-87-59-75-49-20-56-89-26-32-34-50-35-37-93-96-80
230,5,1627.9276,1434.5662,107.0,920.9656,0,5,123.707224,123.940169,True,39-36-42-45-12-11-15-16-47-14-78-73-79-8-46-5-3-1-68|92-31-29-27-28-33-63-85-19-23-21-18-76-51-95-84-89-66-91-54|61-69-88-64-57-22-9-53-98-55-4-17-60-100-70|65-83-94-71-72-44-40-38-41-81-2-6-7-10-97-13-74-24-48-25-77-58|62-30-67-90-82-99-52-86-87-59-75-49-20-56-50-32-26-34-43-35-37-93-96-80
231,5,1629.9468,1626.9215,127.0,919.9667,0,5,152.560514,152.824769,True,72-36-42-45-98-69-82-99-52-86-59-87-9-53-6-7-46-3-4-1-43-54-93-96-80|92-95-63-33-28-27-29-31-62-64-11-88-2-5-8-79-73-78-12-75-97-17-58|39-44-40-38-41-61-90-83-66-56-89-26-32-34-35-37-70-100|94-67-50-30-84-51-49-22-20-57-10-13-74-77-25-48-24-91|65-14-47-16-15-23-21-19-18-76-85-71-81-68-55-60
232,5,1629.9468,1626.9215,127.0,919.9667,0,5,152.560514,152.824769,True,72-36-42-45-98-69-82-99-52-86-59-87-9-53-6-7-46-3-4-1-43-54-93-96-80|92-95-63-33-28-27-29-31-62-64-11-88-2-5-8-79-73-78-12-75-97-17-58|39-44-40-38-41-61-90-83-66-56-89-26-32-34-35-37-70-100|94-67-50-30-84-51-49-22-20-57-10-13-74-77-25-48-24-91|65-14-47-16-15-23-21-19-18-76-85-71-81-68-55-60
233,4,1630.7783,717.4273,237.0,920.9656,0,4,110.14423,110.28316,True,39-36-42-45-14-47-16-15-11-12-98-88-78-73-79-7-8-6-2-46-5-3-1-43-54-68-55-4-17-60-100-70|65-75-83-64-23-21-18-76-22-19-48-51-84-26-56-91-66|69-94-30-67-90-99-52-86-9-87-59-20-49-89-85-50-32-34-35-37-93-96-80|92-95-63-33-28-27-29-31-62-71-72-44-40-38-41-61-81-53-82-57-97-10-13-74-24-25-77-58
234,4,1630.7783,717.4273,237.0,920.9656,0,4,110.14423,110.28316,True,39-36-42-45-14-47-16-15-11-12-98-88-78-73-79-7-8-6-2-46-5-3-1-43-54-68-55-4-17-60-100-70|65-75-83-64-23-21-18-76-22-19-48-51-84-26-56-91-66|69-94-30-67-90-99-52-86-9-87-59-20-49-89-85-50-32-34-35-37-93-96-80|92-95-63-33-28-27-29-31-62-71-72-44-40-38-41-61-81-53-82-57-97-10-13-74-24-25-77-58
235,5,1632.7586,1429.6458,95.0,920.9656,0,5,122.969154,123.20161,True,39-36-42-45-12-11-15-16-47-14-78-73-79-8-46-5-3-1-68-54|92-31-29-27-28-33-63-85-19-23-21-18-76-51-84-22-49-89-66|61-69-88-98-90-99-57-86-9-53-55-4-13-17-60-100-70|65-83-94-71-72-44-40-38-41-81-2-6-7-10-97-74-24-48-25-77-58|62-30-64-95-67-82-52-87-59-75-20-56-50-32-26-34-43-35-37-93-96-91-80
236,5,1632.7586,1429.6458,95.0,920.9656,0,5,122.969154,123.20161,True,39-36-42-45-12-11-15-16-47-14-78-73-79-8-46-5-3-1-68-54|92-31-29-27-28-33-63-85-19-23-21-18-76-51-84-22-49-89-66|61-69-88-98-90-99-57-86-9-53-55-4-13-17-60-100-70|65-83-94-71-72-44-40-38-41-81-2-6-7-10-97-74-24-48-25-77-58|62-30-64-95-67-82-52-87-59-75-20-56-50-32-26-34-43-35-37-93-96-91-80
237,11,1635.5147,5622.7986,149.0,899.2354,0,11,751.942083,752.80828,True,65-52-11-15-16-47-17|82-12-14-99-86-87-59-74-77-25-24|64-19-23-21-51-85-63-76-18-48-49-20-66|92-62-30-28-26-29-31-32-34-50-91-94-93-96|61-81-71-72-41-35-37-54-68|45-5-42-44-2-6-7-8-46-4-3-1-70-100|69-98-88-79-73-78-53|90-83-57-9-97-13-60|39-36-38-40-43-55-58|67-95-84-22-75-10|27-33-89-56-80
238,5,1644.5709,1359.0128,127.0,920.9656,0,5,114.281998,114.510604,True,39-36-42-45-14-47-16-15-11-12-88-78-73-79-8-5-3-1-43-54-68|31-27-28-33-63-64-19-23-21-76-18-48-51-84-85-32-34-50-56-91-66|69-61-44-71-94-81-90-82-9-53-98-55-4-17-60-100-70|92-95-62-30-29-67-72-38-40-41-2-46-6-7-10-97-13-74-24-25-77-58|65-83-99-52-86-87-59-75-22-57-20-49-89-26-35-37-93-96-80
239,4,1654.5475,811.5701,231.0,920.9656,0,4,117.274997,117.43458,True,72-36-39-42-45-14-47-16-15-11-98-88-78-73-79-7-8-46-6-2-5-3-1-43-68-55-4-17-60-100-70|92-95-33-28-27-29-31-62-85-63-19-23-21-76-22-48-18-51-84-56-66-91-32-26-34-93-96-80|94-71-61-44-40-38-41-81-53-82-83-57-97-10-13-74-24-25-77-58|65-75-12-69-64-30-67-90-99-52-9-87-59-86-20-49-89-50-35-37-54
240,4,1654.5475,811.5701,231.0,920.9656,0,4,117.274997,117.43458,True,72-36-39-42-45-14-47-16-15-11-98-88-78-73-79-7-8-46-6-2-5-3-1-43-68-55-4-17-60-100-70|92-95-33-28-27-29-31-62-85-63-19-23-21-76-22-48-18-51-84-56-66-91-32-26-34-93-96-80|94-71-61-44-40-38-41-81-53-82-83-57-97-10-13-74-24-25-77-58|65-75-12-69-64-30-67-90-99-52-9-87-59-86-20-49-89-50-35-37-54
241,5,1656.5873,1566.8117,130.0,899.2354,0,5,143.544044,143.804465,True,72-36-42-45-69-90-99-52-86-59-87-9-53-6-7-46-3-4-1-43-54-93-96-80|95-63-33-28-27-29-31-62-64-11-98-88-2-5-8-79-73-78-12-75-97-17-58|39-44-40-38-41-61-91-84-56-66-89-26-32-34-35-37-70-100|92-67-50-30-51-19-48-18-49-22-20-57-10-13-74-77-25-24|65-83-82-14-47-16-15-23-21-76-85-94-71-81-68-55-60
242,5,1656.5873,1566.8117,130.0,899.2354,0,5,143.544044,143.804465,True,72-36-42-45-69-90-99-52-86-59-87-9-53-6-7-46-3-4-1-43-54-93-96-80|95-63-33-28-27-29-31-62-64-11-98-88-2-5-8-79-73-78-12-75-97-17-58|39-44-40-38-41-61-91-84-56-66-89-26-32-34-35-37-70-100|92-67-50-30-51-19-48-18-49-22-20-57-10-13-74-77-25-24|65-83-82-14-47-16-15-23-21-76-85-94-71-81-68-55-60
243,5,1667.8992,1303.3416,165.0,920.9656,0,5,121.280491,121.511544,True,72-36-39-42-45-14-47-16-15-11-12-88-78-73-79-8-5-3-1-43-54-68|92-95-63-33-29-31-71-62-64-23-21-48-18-51-84-56-91-66|69-61-44-94-67-76-22-9-53-98-55-4-17-60-100-70|65-83-19-27-28-30-38-40-41-81-2-46-6-7-10-97-13-74-24-25-77-58|90-82-99-52-57-86-87-59-75-49-20-85-89-26-32-34-50-35-37-93-96-80
244,5,1667.8992,1303.3416,165.0,920.9656,0,5,121.280491,121.511544,True,72-36-39-42-45-14-47-16-15-11-12-88-78-73-79-8-5-3-1-43-54-68|92-95-63-33-29-31-71-62-64-23-21-48-18-51-84-56-91-66|69-61-44-94-67-76-22-9-53-98-55-4-17-60-100-70|65-83-19-27-28-30-38-40-41-81-2-46-6-7-10-97-13-74-24-25-77-58|90-82-99-52-57-86-87-59-75-49-20-85-89-26-32-34-50-35-37-93-96-80
245,5,1675.9973,1295.2435,115.0,920.9656,0,5,123.709926,123.937195,True,72-36-39-42-45-14-47-16-15-11-12-88-78-73-79-8-5-3-1-43-54-68|92-95-63-33-28-31-62-64-19-23-21-48-18-51-84-56-91-66|69-61-94-67-85-76-22-9-53-98-55-4-17-60-100-70|65-83-29-27-71-44-40-38-41-81-2-46-6-7-10-97-13-74-24-25-77-58|30-90-82-99-52-57-86-87-59-75-20-49-89-26-32-34-50-35-37-93-96-80
246,5,1675.9973,1295.2435,115.0,920.9656,0,5,123.709926,123.937195,True,72-36-39-42-45-14-47-16-15-11-12-88-78-73-79-8-5-3-1-43-54-68|92-95-63-33-28-31-62-64-19-23-21-48-18-51-84-56-91-66|69-61-94-67-85-76-22-9-53-98-55-4-17-60-100-70|65-83-29-27-71-44-40-38-41-81-2-46-6-7-10-97-13-74-24-25-77-58|30-90-82-99-52-57-86-87-59-75-20-49-89-26-32-34-50-35-37-93-96-80
247,4,1679.0102,870.1246,114.0,920.9656,0,4,124.613804,124.777808,True,39-36-42-45-2-69-98-12-14-15-11-16-47-78-73-79-8-5-3-55-4-1-43-35-37-70-100|92-95-64-19-23-75-76-18-48-22-84-51-49-20-57-68-54-96-93-91-80|65-82-52-59-21-63-85-62-94-71-44-40-38-41-61-81-53-6-46-7-10-97-13-74-24-25-77-58|72-31-29-27-28-33-30-67-90-88-99-9-87-86-83-66-56-50-34-32-26-89-17-60
248,4,1679.0102,870.1246,114.0,920.9656,0,4,124.613804,124.777808,True,39-36-42-45-2-69-98-12-14-15-11-16-47-78-73-79-8-5-3-55-4-1-43-35-37-70-100|92-95-64-19-23-75-76-18-48-22-84-51-49-20-57-68-54-96-93-91-80|65-82-52-59-21-63-85-62-94-71-44-40-38-41-61-81-53-6-46-7-10-97-13-74-24-25-77-58|72-31-29-27-28-33-30-67-90-88-99-9-87-86-83-66-56-50-34-32-26-89-17-60
249,5,1679.1122,1382.4181,107.0,920.9656,0,5,124.644388,124.884867,True,39-36-42-45-14-47-16-15-11-88-78-73-79-8-46-5-3-1-43-68|92-31-29-27-28-33-63-85-19-23-21-48-18-84-56-66-91-34-54|69-61-44-95-51-76-22-9-53-98-55-4-17-60-100-70|65-83-64-62-30-71-72-38-40-41-81-2-6-7-12-10-97-13-74-24-25-77-58|94-67-90-82-99-52-57-86-87-59-75-49-20-89-26-32-50-35-37-93-96-80
250,5,1679.1122,1382.4181,107.0,920.9656,0,5,124.644388,124.884867,True,39-36-42-45-14-47-16-15-11-88-78-73-79-8-46-5-3-1-43-68|92-31-29-27-28-33-63-85-19-23-21-48-18-84-56-66-91-34-54|69-61-44-95-51-76-22-9-53-98-55-4-17-60-100-70|65-83-64-62-30-71-72-38-40-41-81-2-6-7-12-10-97-13-74-24-25-77-58|94-67-90-82-99-52-57-86-87-59-75-49-20-89-26-32-50-35-37-93-96-80
251,6,1688.5538,2194.3567,122.0,902.2976,0,6,237.675799,238.039901,True,65-82-12-14-15-11-16-47-73-99-52-86-75-87-9-10-74-17-13-77-58|83-19-51-63-76-67-81-79-98-85-89-32-91|92-95-33-62-30-27-28-26-29-31-34-50-84-22-20-49-48-25-24-80|94-71-72-44-38-61-41-40-43-35-37-54-93-96|39-36-42-45-3-5-8-46-7-6-2-55-60-4-68-70-1-100|69-64-23-21-18-88-90-53-78-59-97-57-66-56
252,6,1688.5538,2194.3567,122.0,902.2976,0,6,237.675799,238.039901,True,65-82-12-14-15-11-16-47-73-99-52-86-75-87-9-10-74-17-13-77-58|83-19-51-63-76-67-81-79-98-85-89-32-91|92-95-33-62-30-27-28-26-29-31-34-50-84-22-20-49-48-25-24-80|94-71-72-44-38-61-41-40-43-35-37-54-93-96|39-36-42-45-3-5-8-46-7-6-2-55-60-4-68-70-1-100|69-64-23-21-18-88-90-53-78-59-97-57-66-56
253,5,1689.5918,1310.232,73.0,920.9656,0,5,127.788278,128.017672,True,39-36-42-45-12-11-15-16-47-14-78-73-79-8-46-5-3-1-43-68|92-31-27-28-33-63-85-19-23-21-48-18-51-84-32-34-96-54|69-61-44-71-67-76-57-52-9-53-82-66-56-55-4-17-60-100-70|65-83-64-95-62-30-29-72-38-40-41-81-2-6-7-10-97-13-74-24-25-77-58|94-88-98-90-99-86-87-59-75-22-20-49-89-26-50-35-37-93-91-80
254,5,1689.5918,1310.232,73.0,920.9656,0,5,127.788278,128.017672,True,39-36-42-45-12-11-15-16-47-14-78-73-79-8-46-5-3-1-43-68|92-31-27-28-33-63-85-19-23-21-48-18-51-84-32-34-96-54|69-61-44-71-67-76-57-52-9-53-82-66-56-55-4-17-60-100-70|65-83-64-95-62-30-29-72-38-40-41-81-2-6-7-10-97-13-74-24-25-77-58|94-88-98-90-99-86-87-59-75-22-20-49-89-26-50-35-37-93-91-80
255,4,1692.3049,815.0366,155.0,920.9656,0,4,128.6022,128.766029,True,39-36-42-45-2-69-11-15-16-47-14-12-98-88-78-73-79-8-5-3-55-4-1-43-35-37-70-100|92-95-64-19-23-75-76-18-48-22-84-51-49-20-57-66-68-54-96-93-91-80|65-82-52-59-21-63-85-62-94-71-44-40-38-41-61-81-53-6-46-7-10-97-13-74-24-25-77-58|72-29-27-28-33-30-31-34-67-99-9-87-86-83-90-56-50-32-26-89-17-60
256,5,1698.8344,1222.802,54.0,920.9656,0,5,130.561065,130.778219,True,39-36-42-45-7-12-11-15-16-47-14-78-73-79-8-5-3-1-43-68|92-31-28-33-63-85-64-19-23-21-76-18-48-22-84-91-96-54|69-61-44-67-51-99-57-52-86-9-82-90-66-56-55-4-17-60-100-70|65-83-95-62-30-27-29-72-38-40-41-2-46-6-10-97-13-74-24-25-77-58|94-71-81-88-98-53-87-59-75-49-20-89-26-32-34-50-35-37-93-80
257,5,1698.8344,1222.802,54.0,920.9656,0,5,130.561065,130.778219,True,39-36-42-45-7-12-11-15-16-47-14-78-73-79-8-5-3-1-43-68|92-31-28-33-63-85-64-19-23-21-76-18-48-22-84-91-96-54|69-61-44-67-51-99-57-52-86-9-82-90-66-56-55-4-17-60-100-70|65-83-95-62-30-27-29-72-38-40-41-2-46-6-10-97-13-74-24-25-77-58|94-71-81-88-98-53-87-59-75-49-20-89-26-32-34-50-35-37-93-80
258,4,1701.1442,675.2507,229.0,920.9656,0,4,131.253995,131.406909,True,39-36-42-45-14-47-16-15-11-12-98-61-88-78-73-79-7-8-6-2-46-5-3-1-43-37-68-55-60-4-100-70|65-83-27-85-19-23-21-76-51-84-22-18-48-49-20-89-56-66|92-63-33-28-29-31-64-62-71-72-44-40-38-41-81-53-82-57-75-97-10-74-13-17-24-25-77-58|69-95-30-67-90-99-9-87-59-86-52-91-94-50-34-32-26-35-54-93-96-80
259,4,1707.3713,669.0236,229.0,920.9656,0,4,133.122142,133.275989,True,39-36-42-45-47-12-14-16-15-11-98-61-88-78-73-79-7-8-6-2-46-5-3-1-43-37-68-55-60-4-100-70|65-83-27-85-19-23-21-76-51-84-22-18-48-49-20-89-56-66|92-63-33-28-29-31-64-62-71-72-44-40-38-41-81-53-82-57-75-97-10-74-13-17-24-25-77-58|69-95-30-67-90-99-9-87-59-86-52-91-94-50-34-32-26-35-54-93-96-80
260,4,1707.3713,669.0236,229.0,920.9656,0,4,133.122142,133.275989,True,39-36-42-45-47-12-14-16-15-11-98-61-88-78-73-79-7-8-6-2-46-5-3-1-43-37-68-55-60-4-100-70|65-83-27-85-19-23-21-76-51-84-22-18-48-49-20-89-56-66|92-63-33-28-29-31-64-62-71-72-44-40-38-41-81-53-82-57-75-97-10-74-13-17-24-25-77-58|69-95-30-67-90-99-9-87-59-86-52-91-94-50-34-32-26-35-54-93-96-80
261,4,1715.9181,536.8133,384.0,923.5443,0,4,135.686172,135.838638,True,65-39-36-42-45-69-82-11-15-16-47-14-12-98-88-78-73-79-8-5-3-1-68-55-60-4-43-35-37-70-100|92-31-29-27-33-63-23-64-95-67-85-51-18-19-84-22-49-20-66-56-91-54-96-94-50-34-32-26-89-93-80|83-59-75-21-62-72-44-40-38-41-61-81-2-46-6-7-10-97-74-13-17-24-48-25-77-58|71-28-30-76-57-99-86-87-9-53-52-90
262,4,1715.9181,536.8133,384.0,923.5443,0,4,135.686172,135.838638,True,65-39-36-42-45-69-82-11-15-16-47-14-12-98-88-78-73-79-8-5-3-1-68-55-60-4-43-35-37-70-100|92-31-29-27-33-63-23-64-95-67-85-51-18-19-84-22-49-20-66-56-91-54-96-94-50-34-32-26-89-93-80|83-59-75-21-62-72-44-40-38-41-61-81-2-46-6-7-10-97-74-13-17-24-48-25-77-58|71-28-30-76-57-99-86-87-9-53-52-90
263,5,1718.0558,1558.7287,312.0,899.2354,0,5,142.331593,142.627442,True,72-36-39-42-45-14-16-15-88-64-83-9-78-73-6-46-5-4-3-1-54-93-96-80|92-95-63-33-28-27-29-31-62-11-12-47-79-7-8-2-98-82-66-56-91-94-50-34-32-26-89-48-25-24|69-61-44-38-81-90-99-52-86-57-84-20-49-97-10-13-74-77-58|65-59-75-23-21-18-76-19-22-87-53-55-60-17|85-51-30-67-71-41-40-35-37-43-68-70-100
264,5,1718.0558,1558.7287,312.0,899.2354,0,5,142.331593,142.627442,True,72-36-39-42-45-14-16-15-88-64-83-9-78-73-6-46-5-4-3-1-54-93-96-80|92-95-63-33-28-27-29-31-62-11-12-47-79-7-8-2-98-82-66-56-91-94-50-34-32-26-89-48-25-24|69-61-44-38-81-90-99-52-86-57-84-20-49-97-10-13-74-77-58|65-59-75-23-21-18-76-19-22-87-53-55-60-17|85-51-30-67-71-41-40-35-37-43-68-70-100
265,4,1720.089,782.9258,200.0,920.9656,0,4,136.937439,137.109287,True,72-36-39-42-5-45-7-47-16-15-14-11-98-88-78-73-79-6-8-46-3-1-2-55-60-4-68-70-100|65-95-31-29-27-28-33-63-19-23-21-76-51-81-94-84-22-18-48-49-20-66-89-32-26-35-37-96-91-80|92-62-30-67-90-82-99-12-9-87-59-75-97-57-56-85-50-34-43-54-93|52-83-64-69-61-44-40-38-41-71-53-86-10-74-13-17-24-25-77-58
266,4,1720.089,782.9258,200.0,920.9656,0,4,136.937439,137.109287,True,72-36-39-42-5-45-7-47-16-15-14-11-98-88-78-73-79-6-8-46-3-1-2-55-60-4-68-70-100|65-95-31-29-27-28-33-63-19-23-21-76-51-81-94-84-22-18-48-49-20-66-89-32-26-35-37-96-91-80|92-62-30-67-90-82-99-12-9-87-59-75-97-57-56-85-50-34-43-54-93|52-83-64-69-61-44-40-38-41-71-53-86-10-74-13-17-24-25-77-58
267,4,1720.3729,504.7273,396.0,920.9656,0,4,137.02262,137.172423,True,72-36-39-42-45-69-82-11-15-16-47-14-12-98-88-78-73-79-8-5-3-68-55-60-4-43-35-37-93-70-100|92-31-28-29-27-33-63-23-64-95-67-30-85-51-18-48-49-22-20-57-66-56-94-96-54-50-34-32-26-89-91-80|65-83-59-75-21-19-61-44-40-38-41-81-53-6-2-1-46-7-10-97-74-13-17-24-25-77-58|71-62-76-99-86-87-9-52-84-90
268,4,1720.3729,504.7273,396.0,920.9656,0,4,137.02262,137.172423,True,72-36-39-42-45-69-82-11-15-16-47-14-12-98-88-78-73-79-8-5-3-68-55-60-4-43-35-37-93-70-100|92-31-28-29-27-33-63-23-64-95-67-30-85-51-18-48-49-22-20-57-66-56-94-96-54-50-34-32-26-89-91-80|65-83-59-75-21-19-61-44-40-38-41-81-53-6-2-1-46-7-10-97-74-13-17-24-25-77-58|71-62-76-99-86-87-9-52-84-90
269,5,1724.855,1561.9227,281.0,899.2354,0,5,142.810696,143.105964,True,39-36-42-45-7-14-16-15-88-64-83-87-9-73-6-46-5-4-3-1-96-93-80|95-63-33-28-27-29-31-62-11-12-47-78-79-8-2-98-82-66-56-91-94-50-34-32-26-89-48-25-24|65-52-59-75-23-21-51-67-71-72-41-40-43-35-37-54-68-70-100|69-61-44-38-81-90-99-86-57-84-20-49-10-97-74-77-58|92-30-85-76-18-19-22-53-55-60-17-13
270,5,1724.855,1561.9227,281.0,899.2354,0,5,142.810696,143.105964,True,39-36-42-45-7-14-16-15-88-64-83-87-9-73-6-46-5-4-3-1-96-93-80|95-63-33-28-27-29-31-62-11-12-47-78-79-8-2-98-82-66-56-91-94-50-34-32-26-89-48-25-24|65-52-59-75-23-21-51-67-71-72-41-40-43-35-37-54-68-70-100|69-61-44-38-81-90-99-86-57-84-20-49-10-97-74-77-58|92-30-85-76-18-19-22-53-55-60-17-13
271,4,1731.4784,531.4168,380.0,932.1474,0,4,140.354265,140.51148,True,39-36-45-69-82-11-15-16-47-14-12-98-88-78-73-79-6-8-5-3-1-68-55-60-4-43-35-37-70-100|92-31-29-27-28-33-63-23-64-95-67-85-51-18-48-49-22-20-57-66-56-91-54-96-94-50-34-32-26-89-93-80|65-83-59-75-21-19-62-44-40-38-41-61-81-53-2-46-7-10-97-74-17-13-77-25-24-58|42-72-71-30-76-99-86-87-9-52-84-90
272,4,1731.4784,531.4168,380.0,932.1474,0,4,140.354265,140.51148,True,39-36-45-69-82-11-15-16-47-14-12-98-88-78-73-79-6-8-5-3-1-68-55-60-4-43-35-37-70-100|92-31-29-27-28-33-63-23-64-95-67-85-51-18-48-49-22-20-57-66-56-91-54-96-94-50-34-32-26-89-93-80|65-83-59-75-21-19-62-44-40-38-41-61-81-53-2-46-7-10-97-74-17-13-77-25-24-58|42-72-71-30-76-99-86-87-9-52-84-90
273,5,1732.3244,1409.4327,358.0,899.2354,0,5,140.608075,140.890411,True,39-36-42-45-14-16-15-88-64-83-9-78-73-6-46-5-4-3-1-35-37-93-96-80|95-63-33-28-27-29-31-62-11-12-47-79-7-8-2-98-82-66-56-91-94-50-34-32-26-89-48-25-24|69-61-44-38-81-90-99-86-57-84-85-49-20-97-10-74-17-13-77-58|65-52-59-75-23-21-19-18-76-51-22-87-53-60-55-68-70-100|92-30-67-71-72-41-40-43-54
274,5,1732.3244,1409.4327,358.0,899.2354,0,5,140.608075,140.890411,True,39-36-42-45-14-16-15-88-64-83-9-78-73-6-46-5-4-3-1-35-37-93-96-80|95-63-33-28-27-29-31-62-11-12-47-79-7-8-2-98-82-66-56-91-94-50-34-32-26-89-48-25-24|69-61-44-38-81-90-99-86-57-84-85-49-20-97-10-74-17-13-77-58|65-52-59-75-23-21-19-18-76-51-22-87-53-60-55-68-70-100|92-30-67-71-72-41-40-43-54
275,4,1735.1276,611.1837,261.0,920.9656,0,4,141.449014,141.605712,True,65-39-36-45-2-69-11-15-16-47-14-12-98-88-78-73-79-8-5-3-68-55-60-4-43-35-37-70-100|92-95-64-19-23-76-18-48-22-84-51-49-20-57-66-89-26-54-96-93-91-80|82-52-59-75-21-63-85-62-94-71-44-40-38-41-61-81-53-6-1-46-7-10-97-74-13-17-24-25-77-58|42-72-29-27-28-33-30-31-34-67-99-9-87-86-83-90-56-32-50
276,4,1735.7722,708.6325,183.0,920.9656,0,4,141.642388,141.806097,True,72-39-42-45-2-14-47-16-15-11-12-98-61-88-78-73-79-7-6-8-46-5-3-1-43-68-55-60-4-100-70|92-95-33-28-27-29-31-62-85-63-23-21-76-22-19-48-18-51-84-32-89-56-66-91-93-96-80|65-52-69-94-30-67-90-99-9-87-59-57-83-20-49-50-34-26-35-37-54|36-71-64-44-40-38-41-81-53-82-86-75-97-10-74-13-17-24-25-77-58
277,5,1737.3832,1479.09,352.0,899.2354,0,5,142.125699,142.4194,True,72-36-39-42-45-14-16-15-88-64-83-59-9-78-73-6-46-5-4-3-1-54-93-96-80|92-95-63-33-28-27-29-31-62-11-12-47-79-7-8-2-98-82-66-56-91-94-50-34-32-26-89-48-25-24|65-69-61-44-38-81-90-99-52-86-57-84-20-49-97-10-74-17-13-77-58|75-23-21-19-18-76-51-22-87-53-60-55-68|85-30-67-71-41-40-35-37-43-70-100
278,5,1737.3832,1479.09,352.0,899.2354,0,5,142.125699,142.4194,True,72-36-39-42-45-14-16-15-88-64-83-59-9-78-73-6-46-5-4-3-1-54-93-96-80|92-95-63-33-28-27-29-31-62-11-12-47-79-7-8-2-98-82-66-56-91-94-50-34-32-26-89-48-25-24|65-69-61-44-38-81-90-99-52-86-57-84-20-49-97-10-74-17-13-77-58|75-23-21-19-18-76-51-22-87-53-60-55-68|85-30-67-71-41-40-35-37-43-70-100
279,5,1738.0306,1557.7018,248.0,899.2354,0,5,142.319922,142.615209,True,36-39-42-45-12-14-47-16-11-88-64-83-87-9-73-7-6-46-5-4-3-1-54-93-96-80|95-63-33-28-27-29-31-62-69-2-8-79-78-98-82-66-91-56-50-34-32-26-89-48-25-24|65-52-59-75-15-23-21-19-51-67-71-72-41-40-35-37-43-68-70-100|61-44-38-81-90-99-86-57-84-20-49-10-97-74-77-58|92-94-30-85-76-18-22-53-55-60-17-13
280,5,1738.0306,1557.7018,248.0,899.2354,0,5,142.319922,142.615209,True,36-39-42-45-12-14-47-16-11-88-64-83-87-9-73-7-6-46-5-4-3-1-54-93-96-80|95-63-33-28-27-29-31-62-69-2-8-79-78-98-82-66-91-56-50-34-32-26-89-48-25-24|65-52-59-75-15-23-21-19-51-67-71-72-41-40-35-37-43-68-70-100|61-44-38-81-90-99-86-57-84-20-49-10-97-74-77-58|92-94-30-85-76-18-22-53-55-60-17-13
281,5,1739.1838,1547.5939,301.0,899.2354,0,5,142.665874,142.965291,True,39-36-42-45-14-16-15-88-64-83-9-78-73-6-46-5-4-3-1-96-93-80|95-63-33-28-27-29-31-62-11-12-47-79-7-8-2-98-82-66-56-91-94-50-34-32-26-89-48-25-24|65-52-59-75-23-21-19-51-67-71-72-41-37-40-43-35-54-68-70-100|69-61-44-38-81-90-99-86-57-84-20-49-10-97-74-77-58|92-30-85-76-18-22-87-53-55-60-17-13
282,5,1739.1838,1547.5939,301.0,899.2354,0,5,142.665874,142.965291,True,39-36-42-45-14-16-15-88-64-83-9-78-73-6-46-5-4-3-1-96-93-80|95-63-33-28-27-29-31-62-11-12-47-79-7-8-2-98-82-66-56-91-94-50-34-32-26-89-48-25-24|65-52-59-75-23-21-19-51-67-71-72-41-37-40-43-35-54-68-70-100|69-61-44-38-81-90-99-86-57-84-20-49-10-97-74-77-58|92-30-85-76-18-22-87-53-55-60-17-13
283,5,1739.1838,1547.5939,301.0,899.2354,0,5,142.665874,142.965291,True,39-36-42-45-14-16-15-88-64-83-9-78-73-6-46-5-4-3-1-96-93-80|95-63-33-28-27-29-31-62-11-12-47-79-7-8-2-98-82-66-56-91-94-50-34-32-26-89-48-25-24|65-52-59-75-23-21-19-51-67-71-72-41-37-40-43-35-54-68-70-100|69-61-44-38-81-90-99-86-57-84-20-49-10-97-74-77-58|92-30-85-76-18-22-87-53-55-60-17-13
284,5,1748.0866,1562.5294,205.0,914.119,0,5,145.336724,145.633685,True,39-36-42-45-2-14-16-15-64-51-83-88-78-73-6-46-5-3-1-4-100-70|92-95-63-33-28-27-29-31-62-11-12-47-79-8-7-98-82-66-91-56-50-34-32-26-89-48-25-24|52-59-75-23-21-19-67-72-38-41-40-43-35-37-54-93-96-80|65-69-61-44-81-99-87-86-57-84-20-49-10-97-74-77-58|94-71-30-85-76-18-22-9-53-90-68-55-60-17-13
285,5,1748.0866,1562.5294,205.0,914.119,0,5,145.336724,145.633685,True,39-36-42-45-2-14-16-15-64-51-83-88-78-73-6-46-5-3-1-4-100-70|92-95-63-33-28-27-29-31-62-11-12-47-79-8-7-98-82-66-91-56-50-34-32-26-89-48-25-24|52-59-75-23-21-19-67-72-38-41-40-43-35-37-54-93-96-80|65-69-61-44-81-99-87-86-57-84-20-49-10-97-74-77-58|94-71-30-85-76-18-22-9-53-90-68-55-60-17-13
286,5,1750.8595,1535.9181,301.0,899.2354,0,5,146.1686,146.469768,True,39-36-42-45-14-16-15-88-64-83-9-78-73-6-46-5-4-3-1-96-93-80|95-63-33-28-27-29-31-62-11-12-47-79-7-8-2-98-82-66-56-91-94-50-34-32-26-89-48-25-24|65-52-59-75-23-21-19-51-67-71-72-37-40-41-43-35-54-68-70-100|69-61-44-38-81-90-99-86-57-84-20-49-10-97-74-77-58|92-30-85-76-18-22-87-53-55-60-17-13
287,5,1750.8595,1535.9181,301.0,899.2354,0,5,146.1686,146.469768,True,39-36-42-45-14-16-15-88-64-83-9-78-73-6-46-5-4-3-1-96-93-80|95-63-33-28-27-29-31-62-11-12-47-79-7-8-2-98-82-66-56-91-94-50-34-32-26-89-48-25-24|65-52-59-75-23-21-19-51-67-71-72-37-40-41-43-35-54-68-70-100|69-61-44-38-81-90-99-86-57-84-20-49-10-97-74-77-58|92-30-85-76-18-22-87-53-55-60-17-13
288,5,1750.8595,1535.9181,301.0,899.2354,0,5,146.1686,146.469768,True,39-36-42-45-14-16-15-88-64-83-9-78-73-6-46-5-4-3-1-96-93-80|95-63-33-28-27-29-31-62-11-12-47-79-7-8-2-98-82-66-56-91-94-50-34-32-26-89-48-25-24|65-52-59-75-23-21-19-51-67-71-72-37-40-41-43-35-54-68-70-100|69-61-44-38-81-90-99-86-57-84-20-49-10-97-74-77-58|92-30-85-76-18-22-87-53-55-60-17-13
289,5,1750.8595,1535.9181,301.0,899.2354,0,5,146.1686,146.469768,True,39-36-42-45-14-16-15-88-64-83-9-78-73-6-46-5-4-3-1-96-93-80|95-63-33-28-27-29-31-62-11-12-47-79-7-8-2-98-82-66-56-91-94-50-34-32-26-89-48-25-24|65-52-59-75-23-21-19-51-67-71-72-37-40-41-43-35-54-68-70-100|69-61-44-38-81-90-99-86-57-84-20-49-10-97-74-77-58|92-30-85-76-18-22-87-53-55-60-17-13
290,5,1752.2075,1534.5702,301.0,899.2354,0,5,146.572988,146.874359,True,42-39-36-45-14-16-15-88-64-83-9-78-73-6-46-5-4-3-1-96-93-80|95-63-33-28-27-29-31-62-11-12-47-79-7-8-2-98-82-66-56-91-94-50-34-32-26-89-48-25-24|65-52-59-75-23-21-19-51-67-71-72-37-40-41-43-35-54-68-70-100|69-61-44-38-81-90-99-86-57-84-20-49-10-97-74-77-58|92-30-85-76-18-22-87-53-55-60-17-13
291,5,1752.2075,1534.5702,301.0,899.2354,0,5,146.572988,146.874359,True,42-39-36-45-14-16-15-88-64-83-9-78-73-6-46-5-4-3-1-96-93-80|95-63-33-28-27-29-31-62-11-12-47-79-7-8-2-98-82-66-56-91-94-50-34-32-26-89-48-25-24|65-52-59-75-23-21-19-51-67-71-72-37-40-41-43-35-54-68-70-100|69-61-44-38-81-90-99-86-57-84-20-49-10-97-74-77-58|92-30-85-76-18-22-87-53-55-60-17-13
292,4,1752.7117,499.0016,412.0,920.9656,0,4,146.724265,146.884511,True,65-39-36-45-69-82-11-15-16-47-14-12-98-88-78-73-79-6-8-5-3-68-55-60-4-43-35-37-70-100|92-31-29-27-28-33-63-19-23-64-95-67-85-51-18-48-49-22-20-57-66-56-91-54-96-94-50-34-32-26-89-93-80|83-59-75-21-62-72-44-40-38-41-61-81-53-2-1-46-7-10-97-74-13-17-24-25-77-58|42-71-30-76-99-86-87-9-52-84-90
293,4,1752.7117,499.0016,412.0,920.9656,0,4,146.724265,146.884511,True,65-39-36-45-69-82-11-15-16-47-14-12-98-88-78-73-79-6-8-5-3-68-55-60-4-43-35-37-70-100|92-31-29-27-28-33-63-19-23-64-95-67-85-51-18-48-49-22-20-57-66-56-91-54-96-94-50-34-32-26-89-93-80|83-59-75-21-62-72-44-40-38-41-61-81-53-2-1-46-7-10-97-74-13-17-24-25-77-58|42-71-30-76-99-86-87-9-52-84-90
294,5,1757.1435,1242.6803,50.0,920.9656,0,5,148.053794,148.291021,True,39-36-42-45-12-11-15-16-47-14-78-73-79-8-5-3-1-43-68|92-95-31-27-28-33-63-85-64-23-21-18-19-22-84-32-34-96-54|69-61-44-76-51-99-57-86-9-82-90-66-56-55-4-13-17-60-100-70|65-52-83-62-30-29-72-38-40-41-2-46-6-7-10-97-74-24-25-77-58|71-67-94-81-88-98-53-87-59-75-49-20-48-89-26-50-35-37-93-91-80
295,5,1757.1435,1242.6803,50.0,920.9656,0,5,148.053794,148.291021,True,39-36-42-45-12-11-15-16-47-14-78-73-79-8-5-3-1-43-68|92-95-31-27-28-33-63-85-64-23-21-18-19-22-84-32-34-96-54|69-61-44-76-51-99-57-86-9-82-90-66-56-55-4-13-17-60-100-70|65-52-83-62-30-29-72-38-40-41-2-46-6-7-10-97-74-24-25-77-58|71-67-94-81-88-98-53-87-59-75-49-20-48-89-26-50-35-37-93-91-80
296,4,1758.5234,509.5814,373.0,932.1887,0,4,148.467769,148.629129,True,39-36-42-45-69-82-11-15-16-47-14-12-98-88-78-73-79-8-5-3-68-55-60-4-1-35-37-93-70-100|92-31-29-27-28-33-63-23-64-95-67-85-51-84-22-18-49-20-66-56-94-96-54-43-50-34-32-26-89-91-80|65-83-52-59-75-21-19-62-44-72-38-40-41-81-53-6-2-46-7-10-97-74-13-17-24-48-25-77-58|61-71-30-76-57-99-86-87-9-90
297,4,1758.5234,509.5814,373.0,932.1887,0,4,148.467769,148.629129,True,39-36-42-45-69-82-11-15-16-47-14-12-98-88-78-73-79-8-5-3-68-55-60-4-1-35-37-93-70-100|92-31-29-27-28-33-63-23-64-95-67-85-51-84-22-18-49-20-66-56-94-96-54-43-50-34-32-26-89-91-80|65-83-52-59-75-21-19-62-44-72-38-40-41-81-53-6-2-46-7-10-97-74-13-17-24-48-25-77-58|61-71-30-76-57-99-86-87-9-90
298,5,1759.9511,1516.8334,273.0,899.2354,0,5,148.896069,149.194302,True,39-36-42-5-45-16-15-11-83-64-99-9-78-73-7-46-4-3-1-54-93-96-80|92-33-28-27-29-31-62-69-88-12-14-47-79-8-6-2-98-82-66-91-56-50-34-32-26-89-48-25-24|61-44-38-52-87-86-22-18-49-20-57-97-10-13-74-77-58|65-59-75-23-21-19-76-67-71-81-53-84-90-55-60-17|85-30-63-51-95-94-72-41-40-35-37-43-68-70-100
299,5,1759.9511,1516.8334,273.0,899.2354,0,5,148.896069,149.194302,True,39-36-42-5-45-16-15-11-83-64-99-9-78-73-7-46-4-3-1-54-93-96-80|92-33-28-27-29-31-62-69-88-12-14-47-79-8-6-2-98-82-66-91-56-50-34-32-26-89-48-25-24|61-44-38-52-87-86-22-18-49-20-57-97-10-13-74-77-58|65-59-75-23-21-19-76-67-71-81-53-84-90-55-60-17|85-30-63-51-95-94-72-41-40-35-37-43-68-70-100
300,4,1763.0762,414.1387,453.0,920.9656,0,4,149.833596,149.988322,True,72-36-39-42-45-12-14-47-16-15-11-98-61-88-78-73-79-8-46-7-6-2-5-3-1-43-37-54-68-55-60-4-100-70|65-92-95-33-28-27-31-62-85-63-19-23-21-76-22-48-18-51-84-50-34-26-32-89-56-66-91-35-93-96-80|75-29-64-94-71-44-40-38-41-81-53-82-83-20-49-57-10-97-74-13-17-24-25-77-58|69-30-67-99-52-86-59-87-9-90
301,4,1763.0762,414.1387,453.0,920.9656,0,4,149.833596,149.988322,True,72-36-39-42-45-12-14-47-16-15-11-98-61-88-78-73-79-8-46-7-6-2-5-3-1-43-37-54-68-55-60-4-100-70|65-92-95-33-28-27-31-62-85-63-19-23-21-76-22-48-18-51-84-50-34-26-32-89-56-66-91-35-93-96-80|75-29-64-94-71-44-40-38-41-81-53-82-83-20-49-57-10-97-74-13-17-24-25-77-58|69-30-67-99-52-86-59-87-9-90
302,4,1763.4741,472.9516,450.0,920.9656,0,4,149.952976,150.116344,True,72-36-39-42-45-14-47-16-15-11-12-98-61-88-78-73-79-7-8-6-2-46-5-3-1-43-54-68-55-60-4-100-70|65-83-92-95-33-28-27-31-62-85-63-19-23-21-76-57-22-48-18-51-84-50-34-26-32-89-56-66-91-37-35-93-96-80|29-64-94-71-44-40-38-41-81-53-82-52-75-97-10-20-74-13-17-24-25-77-58|69-30-67-99-86-9-87-59-49-90
303,4,1763.4741,472.9516,450.0,920.9656,0,4,149.952976,150.116344,True,72-36-39-42-45-14-47-16-15-11-12-98-61-88-78-73-79-7-8-6-2-46-5-3-1-43-54-68-55-60-4-100-70|65-83-92-95-33-28-27-31-62-85-63-19-23-21-76-57-22-48-18-51-84-50-34-26-32-89-56-66-91-37-35-93-96-80|29-64-94-71-44-40-38-41-81-53-82-52-75-97-10-20-74-13-17-24-25-77-58|69-30-67-99-86-9-87-59-49-90
304,4,1763.4741,472.9516,450.0,920.9656,0,4,149.952976,150.116344,True,72-36-39-42-45-14-47-16-15-11-12-98-61-88-78-73-79-7-8-6-2-46-5-3-1-43-54-68-55-60-4-100-70|65-83-92-95-33-28-27-31-62-85-63-19-23-21-76-57-22-48-18-51-84-50-34-26-32-89-56-66-91-37-35-93-96-80|29-64-94-71-44-40-38-41-81-53-82-52-75-97-10-20-74-13-17-24-25-77-58|69-30-67-99-86-9-87-59-49-90
305,5,1763.71,1532.0223,248.0,899.2354,0,5,150.023755,150.322894,True,36-39-42-45-2-14-47-16-11-88-64-83-9-73-7-46-5-4-3-1-54-93-96-80|95-63-33-28-27-29-31-62-82-12-78-79-8-6-98-66-56-91-94-50-34-32-26-89-48-25-24|65-52-59-75-15-23-21-19-51-67-71-72-41-40-35-37-43-68-70-100|69-61-44-38-81-90-99-86-57-84-20-49-10-97-74-77-58|92-30-85-76-18-22-87-53-55-60-17-13
306,5,1763.71,1532.0223,248.0,899.2354,0,5,150.023755,150.322894,True,36-39-42-45-2-14-47-16-11-88-64-83-9-73-7-46-5-4-3-1-54-93-96-80|95-63-33-28-27-29-31-62-82-12-78-79-8-6-98-66-56-91-94-50-34-32-26-89-48-25-24|65-52-59-75-15-23-21-19-51-67-71-72-41-40-35-37-43-68-70-100|69-61-44-38-81-90-99-86-57-84-20-49-10-97-74-77-58|92-30-85-76-18-22-87-53-55-60-17-13
307,4,1763.9199,492.8177,409.0,920.9656,0,4,150.086702,150.249083,True,65-39-36-42-45-69-82-11-15-16-47-14-12-98-88-78-73-79-8-5-3-68-55-60-4-43-35-37-70-100|92-31-28-29-27-33-63-23-64-95-67-30-85-51-18-48-21-22-49-20-57-66-56-94-96-54-50-34-32-26-89-93-91-80|83-59-75-19-61-44-72-38-40-41-81-53-6-2-1-46-7-10-97-74-13-17-24-25-77-58|71-62-76-99-52-86-87-9-84-90
308,4,1763.9199,492.8177,409.0,920.9656,0,4,150.086702,150.249083,True,65-39-36-42-45-69-82-11-15-16-47-14-12-98-88-78-73-79-8-5-3-68-55-60-4-43-35-37-70-100|92-31-28-29-27-33-63-23-64-95-67-30-85-51-18-48-21-22-49-20-57-66-56-94-96-54-50-34-32-26-89-93-91-80|83-59-75-19-61-44-72-38-40-41-81-53-6-2-1-46-7-10-97-74-13-17-24-25-77-58|71-62-76-99-52-86-87-9-84-90
309,4,1763.9199,492.8177,409.0,920.9656,0,4,150.086702,150.249083,True,65-39-36-42-45-69-82-11-15-16-47-14-12-98-88-78-73-79-8-5-3-68-55-60-4-43-35-37-70-100|92-31-28-29-27-33-63-23-64-95-67-30-85-51-18-48-21-22-49-20-57-66-56-94-96-54-50-34-32-26-89-93-91-80|83-59-75-19-61-44-72-38-40-41-81-53-6-2-1-46-7-10-97-74-13-17-24-25-77-58|71-62-76-99-52-86-87-9-84-90
310,5,1764.5413,1206.6995,113.0,920.9656,0,5,150.273128,150.513477,True,72-36-39-42-45-14-47-16-15-11-12-88-78-73-79-8-5-3-1-43-54-68|92-95-63-33-28-31-71-62-19-23-75-21-48-18-51-84-56-91-66|69-61-44-94-85-76-83-57-82-53-98-55-4-13-17-60-100-70|27-29-67-38-40-41-81-2-46-6-7-10-97-74-24-25-77-58|65-64-30-90-99-52-86-9-87-59-22-20-49-89-26-32-34-50-35-37-93-96-80
311,5,1764.5413,1206.6995,113.0,920.9656,0,5,150.273128,150.513477,True,72-36-39-42-45-14-47-16-15-11-12-88-78-73-79-8-5-3-1-43-54-68|92-95-63-33-28-31-71-62-19-23-75-21-48-18-51-84-56-91-66|69-61-44-94-85-76-83-57-82-53-98-55-4-13-17-60-100-70|27-29-67-38-40-41-81-2-46-6-7-10-97-74-24-25-77-58|65-64-30-90-99-52-86-9-87-59-22-20-49-89-26-32-34-50-35-37-93-96-80
312,4,1767.7121,571.5791,373.0,920.9656,0,4,151.22438,151.396113,True,72-36-39-42-45-14-47-16-15-11-12-98-61-88-78-73-79-7-8-6-2-46-5-3-1-43-37-54-68-55-60-4-100-70|65-83-92-95-33-28-27-31-62-85-63-19-23-21-76-22-48-18-51-84-91-66-56-89-32-34-35-93-96-80|29-64-94-71-44-40-38-41-81-53-82-57-75-97-10-74-13-17-24-25-77-58|69-30-67-90-99-52-9-87-59-86-20-49-26-50
313,4,1767.7121,571.5791,373.0,920.9656,0,4,151.22438,151.396113,True,72-36-39-42-45-14-47-16-15-11-12-98-61-88-78-73-79-7-8-6-2-46-5-3-1-43-37-54-68-55-60-4-100-70|65-83-92-95-33-28-27-31-62-85-63-19-23-21-76-22-48-18-51-84-91-66-56-89-32-34-35-93-96-80|29-64-94-71-44-40-38-41-81-53-82-57-75-97-10-74-13-17-24-25-77-58|69-30-67-90-99-52-9-87-59-86-20-49-26-50
314,4,1767.9658,457.1344,396.0,920.9656,0,4,151.300468,151.45741,True,65-39-36-42-45-69-82-11-15-16-47-14-12-98-88-78-73-79-8-5-3-68-55-60-4-43-35-37-93-70-100|92-31-28-29-27-33-63-23-64-95-67-30-85-51-18-48-49-22-20-57-66-56-94-96-54-50-34-32-26-89-91-80|83-59-75-21-19-61-44-72-38-40-41-81-53-6-2-1-46-7-10-97-74-13-17-24-25-77-58|71-62-76-99-86-87-9-52-84-90
315,4,1771.4635,565.845,310.0,920.9656,0,4,152.349781,152.515479,True,65-39-36-45-69-82-11-15-16-47-14-12-98-88-78-73-79-6-8-5-3-68-55-60-4-43-35-37-70-100|92-95-64-19-23-76-18-48-22-84-51-49-57-66-56-89-26-50-54-96-93-91-80|83-59-75-21-63-85-62-94-71-44-40-38-41-61-81-53-2-1-46-7-10-97-74-13-17-24-25-77-58|42-72-33-28-30-27-29-31-34-67-99-9-87-86-52-90-20-32
316,5,1775.2131,1501.5714,286.0,899.2354,0,5,153.474659,153.776482,True,92-36-39-42-45-14-47-16-15-11-64-51-83-9-78-73-6-46-5-4-3-1-54-93-96-80|95-63-33-28-27-29-31-69-88-12-79-7-8-2-98-82-66-91-56-50-34-32-26-89-48-25-24|52-59-75-23-21-19-76-85-67-71-72-41-40-35-37-43-68-70-100|65-61-44-38-81-99-87-86-84-20-49-97-10-13-74-77-58|94-62-30-18-22-57-53-90-55-60-17
317,5,1775.2131,1501.5714,286.0,899.2354,0,5,153.474659,153.776482,True,92-36-39-42-45-14-47-16-15-11-64-51-83-9-78-73-6-46-5-4-3-1-54-93-96-80|95-63-33-28-27-29-31-69-88-12-79-7-8-2-98-82-66-91-56-50-34-32-26-89-48-25-24|52-59-75-23-21-19-76-85-67-71-72-41-40-35-37-43-68-70-100|65-61-44-38-81-99-87-86-84-20-49-97-10-13-74-77-58|94-62-30-18-22-57-53-90-55-60-17
318,4,1777.9537,447.1464,404.0,920.9656,0,4,154.296865,154.456106,True,65-36-42-45-2-69-82-11-15-16-47-14-12-98-88-78-73-79-8-5-3-68-55-60-4-43-35-37-93-70-100|92-31-28-29-27-33-63-23-64-95-67-30-85-51-18-48-49-22-20-57-66-56-94-96-54-50-34-32-26-89-91-80|83-59-75-21-19-72-44-40-38-41-61-81-53-6-1-46-7-10-97-74-13-17-24-25-77-58|39-71-62-76-99-86-87-9-52-84-90
319,4,1777.9537,447.1464,404.0,920.9656,0,4,154.296865,154.456106,True,65-36-42-45-2-69-82-11-15-16-47-14-12-98-88-78-73-79-8-5-3-68-55-60-4-43-35-37-93-70-100|92-31-28-29-27-33-63-23-64-95-67-30-85-51-18-48-49-22-20-57-66-56-94-96-54-50-34-32-26-89-91-80|83-59-75-21-19-72-44-40-38-41-61-81-53-6-1-46-7-10-97-74-13-17-24-25-77-58|39-71-62-76-99-86-87-9-52-84-90
320,4,1779.6159,559.6754,373.0,920.9656,0,4,154.795503,154.969022,True,72-36-39-42-5-45-14-47-16-15-11-12-98-61-88-78-73-79-8-46-7-6-2-3-1-43-37-54-68-55-4-60-100-70|65-83-92-95-33-28-27-31-62-85-63-19-23-21-76-22-48-18-51-84-91-66-56-89-32-34-35-93-96-80|29-64-94-71-44-40-38-41-81-53-82-57-75-97-10-74-13-17-24-25-77-58|69-30-67-90-99-52-9-87-59-86-20-49-26-50
321,4,1779.6159,559.6754,373.0,920.9656,0,4,154.795503,154.969022,True,72-36-39-42-5-45-14-47-16-15-11-12-98-61-88-78-73-79-8-46-7-6-2-3-1-43-37-54-68-55-4-60-100-70|65-83-92-95-33-28-27-31-62-85-63-19-23-21-76-22-48-18-51-84-91-66-56-89-32-34-35-93-96-80|29-64-94-71-44-40-38-41-81-53-82-57-75-97-10-74-13-17-24-25-77-58|69-30-67-90-99-52-9-87-59-86-20-49-26-50
322,5,1783.5252,1319.5016,272.0,914.119,0,5,155.968298,156.246136,True,65-82-14-47-75-23-21-19-64-99-73-79-8-5-3-6-55-68-54-50-34-26-32-25-24|92-33-28-31-27-69-15-16-88-40-41-81-96-94-95-56-66-74-13-17-60-100-70|61-44-38-67-84-51-20-49-85-89-48-77-58|83-98-2-45-12-11-78-53-9-59-97-10-7-46-4-1-43-35-37-93-91-80|42-39-36-72-71-62-29-30-63-76-18-22-57-86-87-52-90
323,5,1783.5252,1319.5016,272.0,914.119,0,5,155.968298,156.246136,True,65-82-14-47-75-23-21-19-64-99-73-79-8-5-3-6-55-68-54-50-34-26-32-25-24|92-33-28-31-27-69-15-16-88-40-41-81-96-94-95-56-66-74-13-17-60-100-70|61-44-38-67-84-51-20-49-85-89-48-77-58|83-98-2-45-12-11-78-53-9-59-97-10-7-46-4-1-43-35-37-93-91-80|42-39-36-72-71-62-29-30-63-76-18-22-57-86-87-52-90
324,4,1792.0657,423.3167,434.0,920.9656,0,4,158.530456,158.693356,True,39-36-42-45-2-69-82-11-15-16-47-14-12-98-88-78-73-79-8-41-1-3-68-55-60-4-43-35-37-93-70-100|92-31-29-27-28-33-63-23-64-95-76-85-51-18-48-22-84-20-49-57-66-56-94-96-54-50-34-32-26-89-91-80|65-83-52-59-75-21-19-62-30-67-72-40-81-53-6-5-46-7-10-97-74-13-17-24-25-77-58|61-44-38-71-99-86-87-9-90
325,4,1792.0657,423.3167,434.0,920.9656,0,4,158.530456,158.693356,True,39-36-42-45-2-69-82-11-15-16-47-14-12-98-88-78-73-79-8-41-1-3-68-55-60-4-43-35-37-93-70-100|92-31-29-27-28-33-63-23-64-95-76-85-51-18-48-22-84-20-49-57-66-56-94-96-54-50-34-32-26-89-91-80|65-83-52-59-75-21-19-62-30-67-72-40-81-53-6-5-46-7-10-97-74-13-17-24-25-77-58|61-44-38-71-99-86-87-9-90
326,5,1795.0565,1472.7733,275.0,899.2354,0,5,159.427691,159.730047,True,72-36-39-42-45-14-16-15-11-64-83-9-78-73-7-46-5-4-3-1-54-93-80|92-95-63-33-28-27-29-31-62-69-88-12-47-79-8-6-2-98-82-66-91-56-50-34-32-26-89-48-25-24|61-44-38-81-90-99-52-87-86-22-49-20-57-97-10-13-74-77-58|65-59-75-23-21-19-76-67-71-96-53-84-55-60-17|85-30-18-51-94-41-40-35-37-43-68-70-100
327,5,1795.0565,1472.7733,275.0,899.2354,0,5,159.427691,159.730047,True,72-36-39-42-45-14-16-15-11-64-83-9-78-73-7-46-5-4-3-1-54-93-80|92-95-63-33-28-27-29-31-62-69-88-12-47-79-8-6-2-98-82-66-91-56-50-34-32-26-89-48-25-24|61-44-38-81-90-99-52-87-86-22-49-20-57-97-10-13-74-77-58|65-59-75-23-21-19-76-67-71-96-53-84-55-60-17|85-30-18-51-94-41-40-35-37-43-68-70-100
328,5,1796.5341,1203.2897,100.0,920.9656,0,5,159.870957,160.119093,True,39-36-42-45-12-11-15-16-47-14-78-73-79-8-5-3-1-43-68|92-95-31-27-28-33-63-85-64-23-22-21-48-18-84-32-34-96-54|69-61-44-76-51-99-52-86-9-82-90-57-56-66-55-4-17-60-100-70|65-83-19-62-30-29-72-38-40-41-2-46-6-7-10-97-13-74-24-25-77-58|71-67-94-81-88-98-53-87-59-75-49-20-89-26-50-35-37-93-91-80
329,5,1796.5341,1203.2897,100.0,920.9656,0,5,159.870957,160.119093,True,39-36-42-45-12-11-15-16-47-14-78-73-79-8-5-3-1-43-68|92-95-31-27-28-33-63-85-64-23-22-21-48-18-84-32-34-96-54|69-61-44-76-51-99-52-86-9-82-90-57-56-66-55-4-17-60-100-70|65-83-19-62-30-29-72-38-40-41-2-46-6-7-10-97-13-74-24-25-77-58|71-67-94-81-88-98-53-87-59-75-49-20-89-26-50-35-37-93-91-80
330,4,1798.5243,467.0018,383.0,932.1887,0,4,160.468042,160.636015,True,65-39-36-42-45-69-82-11-15-16-47-14-12-98-88-78-73-79-8-5-3-68-55-60-4-1-35-37-93-70-100|92-31-29-27-28-33-63-23-64-95-67-85-51-18-48-22-84-49-20-66-56-94-96-54-43-50-34-32-26-89-91-80|83-52-59-75-21-19-62-44-72-38-40-41-81-53-6-2-46-7-10-97-74-13-17-24-25-77-58|61-71-30-76-57-99-86-87-9-90
331,4,1798.5243,467.0018,383.0,932.1887,0,4,160.468042,160.636015,True,65-39-36-42-45-69-82-11-15-16-47-14-12-98-88-78-73-79-8-5-3-68-55-60-4-1-35-37-93-70-100|92-31-29-27-28-33-63-23-64-95-67-85-51-18-48-22-84-49-20-66-56-94-96-54-43-50-34-32-26-89-91-80|83-52-59-75-21-19-62-44-72-38-40-41-81-53-6-2-46-7-10-97-74-13-17-24-25-77-58|61-71-30-76-57-99-86-87-9-90
332,4,1798.5243,467.0018,383.0,932.1887,0,4,160.468042,160.636015,True,65-39-36-42-45-69-82-11-15-16-47-14-12-98-88-78-73-79-8-5-3-68-55-60-4-1-35-37-93-70-100|92-31-29-27-28-33-63-23-64-95-67-85-51-18-48-22-84-49-20-66-56-94-96-54-43-50-34-32-26-89-91-80|83-52-59-75-21-19-62-44-72-38-40-41-81-53-6-2-46-7-10-97-74-13-17-24-25-77-58|61-71-30-76-57-99-86-87-9-90
333,4,1799.9999,477.9163,380.0,932.1887,0,4,160.910705,161.080458,True,65-39-36-42-45-69-82-11-15-16-47-14-12-98-88-78-73-79-8-5-3-68-55-60-4-1-35-37-93-70-100|92-31-29-27-28-33-63-23-64-95-67-85-51-18-48-22-84-49-20-66-56-94-96-54-43-50-34-32-26-89-91-80|83-59-75-21-19-62-44-72-38-40-41-81-53-6-2-46-7-10-97-74-13-17-24-25-77-58|61-71-30-76-57-99-9-87-86-52-90
334,4,1799.9999,477.9163,380.0,932.1887,0,4,160.910705,161.080458,True,65-39-36-42-45-69-82-11-15-16-47-14-12-98-88-78-73-79-8-5-3-68-55-60-4-1-35-37-93-70-100|92-31-29-27-28-33-63-23-64-95-67-85-51-18-48-22-84-49-20-66-56-94-96-54-43-50-34-32-26-89-91-80|83-59-75-21-19-62-44-72-38-40-41-81-53-6-2-46-7-10-97-74-13-17-24-25-77-58|61-71-30-76-57-99-9-87-86-52-90
335,4,1799.9999,477.9163,380.0,932.1887,0,4,160.910705,161.080458,True,65-39-36-42-45-69-82-11-15-16-47-14-12-98-88-78-73-79-8-5-3-68-55-60-4-1-35-37-93-70-100|92-31-29-27-28-33-63-23-64-95-67-85-51-18-48-22-84-49-20-66-56-94-96-54-43-50-34-32-26-89-91-80|83-59-75-21-19-62-44-72-38-40-41-81-53-6-2-46-7-10-97-74-13-17-24-25-77-58|61-71-30-76-57-99-9-87-86-52-90
336,5,1805.1355,1194.6883,97.0,920.9656,0,5,162.451389,162.700515,True,39-36-42-45-12-11-15-16-47-14-78-73-79-8-5-3-1-43-68|92-95-31-27-28-33-63-85-23-19-76-51-84-32-34-96-54|69-61-44-52-99-18-22-86-9-82-90-57-56-66-55-4-17-60-100-70|65-83-21-64-62-30-29-72-38-40-41-2-46-6-7-10-97-13-74-24-48-25-77-58|71-67-94-81-88-98-53-87-59-75-49-20-89-26-50-35-37-93-91-80
337,5,1805.1355,1194.6883,97.0,920.9656,0,5,162.451389,162.700515,True,39-36-42-45-12-11-15-16-47-14-78-73-79-8-5-3-1-43-68|92-95-31-27-28-33-63-85-23-19-76-51-84-32-34-96-54|69-61-44-52-99-18-22-86-9-82-90-57-56-66-55-4-17-60-100-70|65-83-21-64-62-30-29-72-38-40-41-2-46-6-7-10-97-13-74-24-48-25-77-58|71-67-94-81-88-98-53-87-59-75-49-20-89-26-50-35-37-93-91-80
338,5,1810.4603,1466.3241,259.0,899.2354,0,5,164.048846,164.353256,True,72-36-39-42-45-7-14-16-15-88-64-83-86-59-9-78-6-46-5-4-3-1-54-93-96-80|92-95-63-33-28-27-29-31-62-82-11-12-47-73-79-8-2-98-66-91-56-50-34-32-26-89-48-25-24|65-69-61-44-38-81-90-99-57-84-51-20-49-97-10-13-74-77-58|52-75-23-21-19-76-67-22-87-53-55-60-17|71-30-85-18-94-41-40-35-37-43-68-70-100
339,5,1810.4603,1466.3241,259.0,899.2354,0,5,164.048846,164.353256,True,72-36-39-42-45-7-14-16-15-88-64-83-86-59-9-78-6-46-5-4-3-1-54-93-96-80|92-95-63-33-28-27-29-31-62-82-11-12-47-73-79-8-2-98-66-91-56-50-34-32-26-89-48-25-24|65-69-61-44-38-81-90-99-57-84-51-20-49-97-10-13-74-77-58|52-75-23-21-19-76-67-22-87-53-55-60-17|71-30-85-18-94-41-40-35-37-43-68-70-100
340,5,1811.1416,1188.6822,100.0,920.9656,0,5,164.253233,164.50356,True,39-36-42-45-15-12-11-16-47-14-78-73-79-8-5-3-1-43-68|92-95-31-27-28-33-63-85-64-23-22-21-48-18-84-32-34-96-54|69-61-44-76-51-99-52-86-9-82-90-57-56-66-55-4-17-60-100-70|65-83-19-62-30-29-72-38-40-41-2-46-6-7-10-97-13-74-24-25-77-58|71-67-94-81-88-98-53-87-59-75-49-20-89-26-50-35-37-93-91-80
341,5,1811.1416,1188.6822,100.0,920.9656,0,5,164.253233,164.50356,True,39-36-42-45-15-12-11-16-47-14-78-73-79-8-5-3-1-43-68|92-95-31-27-28-33-63-85-64-23-22-21-48-18-84-32-34-96-54|69-61-44-76-51-99-52-86-9-82-90-57-56-66-55-4-17-60-100-70|65-83-19-62-30-29-72-38-40-41-2-46-6-7-10-97-13-74-24-25-77-58|71-67-94-81-88-98-53-87-59-75-49-20-89-26-50-35-37-93-91-80
342,4,1826.3969,612.5922,255.0,920.9656,0,4,168.829825,169.013516,True,45-42-39-36-72-61-69-11-16-47-88-78-73-79-6-8-46-7-2-5-3-1-43-37-68-55-4-17-60-100-70|92-95-33-28-27-31-62-19-23-21-76-30-51-18-48-22-84-56-66-91-32-34-35-93-96-80|65-29-63-85-64-94-71-44-40-38-41-81-90-53-98-12-10-97-13-74-24-25-77-58|75-15-14-67-83-99-82-9-87-59-86-52-57-20-49-89-26-50-54
343,5,1827.6211,1158.0309,110.0,920.9656,0,5,169.197081,169.448755,True,39-36-42-45-12-11-15-16-47-14-78-73-79-8-5-3-1-43-68|92-64-23-63-28-76-22-21-48-18-51-84-31-34-50-96-54|69-61-44-71-99-57-52-86-9-82-90-66-56-55-4-17-60-100-70|65-83-19-27-30-72-38-40-41-2-46-6-7-10-97-13-74-24-25-77-58|95-33-29-62-67-94-81-88-98-53-87-59-75-49-20-89-85-32-26-35-37-93-91-80
344,5,1827.6211,1158.0309,110.0,920.9656,0,5,169.197081,169.448755,True,39-36-42-45-12-11-15-16-47-14-78-73-79-8-5-3-1-43-68|92-64-23-63-28-76-22-21-48-18-51-84-31-34-50-96-54|69-61-44-71-99-57-52-86-9-82-90-66-56-55-4-17-60-100-70|65-83-19-27-30-72-38-40-41-2-46-6-7-10-97-13-74-24-25-77-58|95-33-29-62-67-94-81-88-98-53-87-59-75-49-20-89-85-32-26-35-37-93-91-80
345,5,1836.2335,1440.551,323.0,899.2354,0,5,171.780782,172.095457,True,72-36-39-42-45-14-16-15-88-64-83-59-9-78-73-6-46-5-4-3-1-54-93-96-80|92-95-63-33-28-27-29-31-71-82-11-12-47-79-7-8-2-98-66-56-91-94-50-34-32-26-89-48-25-24|69-61-44-38-81-90-99-86-57-84-20-49-97-10-13-74-77-58|65-52-75-23-21-19-76-67-22-87-53-55-60-17|62-85-30-18-51-41-40-35-37-43-68-70-100
346,5,1836.2335,1440.551,323.0,899.2354,0,5,171.780782,172.095457,True,72-36-39-42-45-14-16-15-88-64-83-59-9-78-73-6-46-5-4-3-1-54-93-96-80|92-95-63-33-28-27-29-31-71-82-11-12-47-79-7-8-2-98-66-56-91-94-50-34-32-26-89-48-25-24|69-61-44-38-81-90-99-86-57-84-20-49-97-10-13-74-77-58|65-52-75-23-21-19-76-67-22-87-53-55-60-17|62-85-30-18-51-41-40-35-37-43-68-70-100
347,4,1842.4257,433.5904,410.0,937.7867,0,4,173.638445,173.818117,True,65-39-36-42-45-69-82-11-15-16-47-14-12-98-88-78-73-79-8-5-3-68-55-60-4-1-35-37-93-70-100|92-31-29-27-33-63-23-64-95-67-85-51-18-22-84-86-49-20-66-56-94-96-54-43-50-34-32-26-89-91-80|83-59-75-21-19-62-44-72-38-40-41-61-81-2-6-46-7-10-97-74-13-17-24-48-25-77-58|71-28-30-76-57-99-87-9-53-52-90
348,4,1842.4257,433.5904,410.0,937.7867,0,4,173.638445,173.818117,True,65-39-36-42-45-69-82-11-15-16-47-14-12-98-88-78-73-79-8-5-3-68-55-60-4-1-35-37-93-70-100|92-31-29-27-33-63-23-64-95-67-85-51-18-22-84-86-49-20-66-56-94-96-54-43-50-34-32-26-89-91-80|83-59-75-21-19-62-44-72-38-40-41-61-81-2-6-46-7-10-97-74-13-17-24-48-25-77-58|71-28-30-76-57-99-87-9-53-52-90
349,4,1842.4257,433.5904,410.0,937.7867,0,4,173.638445,173.818117,True,65-39-36-42-45-69-82-11-15-16-47-14-12-98-88-78-73-79-8-5-3-68-55-60-4-1-35-37-93-70-100|92-31-29-27-33-63-23-64-95-67-85-51-18-22-84-86-49-20-66-56-94-96-54-43-50-34-32-26-89-91-80|83-59-75-21-19-62-44-72-38-40-41-61-81-2-6-46-7-10-97-74-13-17-24-48-25-77-58|71-28-30-76-57-99-87-9-53-52-90
350,5,1844.3808,1442.3968,285.0,899.2354,0,5,174.224992,174.538588,True,39-36-42-45-14-16-15-88-64-83-9-78-73-6-46-5-4-3-1-96-93-80|95-63-33-28-27-29-31-62-11-12-47-79-7-8-2-98-82-66-56-91-94-50-34-32-26-89-48-25-24|65-52-59-23-21-19-51-67-71-72-37-40-41-43-35-54-68-70-100|69-61-44-38-81-90-99-86-57-84-20-49-10-97-74-77-58|92-75-30-85-76-18-22-87-53-55-60-17-13
351,5,1844.3808,1442.3968,285.0,899.2354,0,5,174.224992,174.538588,True,39-36-42-45-14-16-15-88-64-83-9-78-73-6-46-5-4-3-1-96-93-80|95-63-33-28-27-29-31-62-11-12-47-79-7-8-2-98-82-66-56-91-94-50-34-32-26-89-48-25-24|65-52-59-23-21-19-51-67-71-72-37-40-41-43-35-54-68-70-100|69-61-44-38-81-90-99-86-57-84-20-49-10-97-74-77-58|92-75-30-85-76-18-22-87-53-55-60-17-13
352,5,1844.3832,1442.3944,302.0,899.2354,0,5,174.225713,174.54101,True,92-36-39-42-45-14-16-15-64-51-83-88-78-73-6-46-5-4-3-1-96-93-80|95-63-33-28-27-29-31-62-11-12-47-79-7-8-2-98-82-66-56-91-94-50-34-32-26-89-48-25-24|52-59-75-23-21-19-67-71-72-37-40-41-81-54-35-43-68-70-100|65-69-61-44-38-99-87-86-57-84-20-49-10-97-74-77-58|30-85-76-18-22-9-53-90-55-60-17-13
353,5,1845.6046,1431.1799,251.0,899.2354,0,5,174.592108,174.900989,True,72-36-39-42-5-45-7-14-15-88-64-83-9-78-73-6-46-4-3-1-54-93-96-80|92-95-63-33-28-27-29-31-62-12-11-16-47-79-8-2-53-82-66-91-56-50-34-32-26-89-48-25-24|65-98-69-61-44-38-81-90-99-52-57-84-20-49-97-13-74-77-58|59-75-23-21-19-76-67-22-86-87-10-55-60-17|85-71-30-18-51-94-41-40-35-37-43-68-70-100
354,5,1845.6046,1431.1799,251.0,899.2354,0,5,174.592108,174.900989,True,72-36-39-42-5-45-7-14-15-88-64-83-9-78-73-6-46-4-3-1-54-93-96-80|92-95-63-33-28-27-29-31-62-12-11-16-47-79-8-2-53-82-66-91-56-50-34-32-26-89-48-25-24|65-98-69-61-44-38-81-90-99-52-57-84-20-49-97-13-74-77-58|59-75-23-21-19-76-67-22-86-87-10-55-60-17|85-71-30-18-51-94-41-40-35-37-43-68-70-100
355,4,1853.2051,422.048,404.0,932.1887,0,4,176.872259,177.051993,True,39-36-42-45-2-98-69-82-11-15-16-47-14-12-88-78-73-79-8-5-3-68-55-60-4-1-35-37-93-70-100|92-31-27-28-33-95-64-23-63-85-76-22-84-51-18-48-49-20-66-56-94-96-54-43-50-34-32-26-89-91-80|65-83-59-75-21-19-62-44-72-38-40-41-81-53-6-46-7-10-97-74-13-17-24-25-77-58|29-71-61-30-67-57-99-9-87-86-52-90
356,4,1853.2051,422.048,404.0,932.1887,0,4,176.872259,177.051993,True,39-36-42-45-2-98-69-82-11-15-16-47-14-12-88-78-73-79-8-5-3-68-55-60-4-1-35-37-93-70-100|92-31-27-28-33-95-64-23-63-85-76-22-84-51-18-48-49-20-66-56-94-96-54-43-50-34-32-26-89-91-80|65-83-59-75-21-19-62-44-72-38-40-41-81-53-6-46-7-10-97-74-13-17-24-25-77-58|29-71-61-30-67-57-99-9-87-86-52-90
357,5,1854.9722,1421.8122,287.0,899.2354,0,5,177.402407,177.716293,True,72-36-39-42-5-45-14-47-16-15-83-64-59-87-78-73-6-46-4-3-1-54-93-96-80|92-95-63-33-28-27-29-31-62-82-11-12-79-7-8-2-98-90-66-56-91-94-50-34-32-26-89-48-25-24|69-61-44-38-88-99-52-86-57-84-20-49-97-10-13-74-77-58|65-75-23-21-19-76-67-22-9-53-55-60-17|85-30-18-51-71-40-41-81-37-35-43-68-70-100
358,5,1854.9722,1421.8122,287.0,899.2354,0,5,177.402407,177.716293,True,72-36-39-42-5-45-14-47-16-15-83-64-59-87-78-73-6-46-4-3-1-54-93-96-80|92-95-63-33-28-27-29-31-62-82-11-12-79-7-8-2-98-90-66-56-91-94-50-34-32-26-89-48-25-24|69-61-44-38-88-99-52-86-57-84-20-49-97-10-13-74-77-58|65-75-23-21-19-76-67-22-9-53-55-60-17|85-30-18-51-71-40-41-81-37-35-43-68-70-100
359,4,1856.3683,505.8419,285.0,920.9656,0,4,177.821228,178.000897,True,72-36-39-42-45-14-47-16-15-11-98-61-88-78-73-79-8-46-7-6-2-5-3-1-43-37-68-55-60-4-100-70|65-92-95-33-28-27-31-62-85-63-19-23-21-76-22-48-18-51-84-91-66-56-89-32-34-35-93-96-80|29-64-94-71-44-40-38-41-81-53-82-83-57-10-97-74-13-17-24-25-77-58|75-12-69-30-67-90-99-52-9-87-59-86-20-49-26-50-54
360,4,1856.3683,505.8419,285.0,920.9656,0,4,177.821228,178.000897,True,72-36-39-42-45-14-47-16-15-11-98-61-88-78-73-79-8-46-7-6-2-5-3-1-43-37-68-55-60-4-100-70|65-92-95-33-28-27-31-62-85-63-19-23-21-76-22-48-18-51-84-91-66-56-89-32-34-35-93-96-80|29-64-94-71-44-40-38-41-81-53-82-83-57-10-97-74-13-17-24-25-77-58|75-12-69-30-67-90-99-52-9-87-59-86-20-49-26-50-54
361,4,1860.9871,444.6622,388.0,920.9656,0,4,179.206866,179.389044,True,65-39-36-45-69-82-11-15-16-47-14-12-98-88-78-73-79-6-8-5-3-68-55-60-4-43-35-37-70-100|92-95-31-27-28-33-64-19-23-76-30-18-48-22-84-51-49-57-66-56-89-26-50-54-96-93-91-80|83-59-75-21-63-85-62-94-71-72-44-40-38-41-61-81-53-2-1-46-7-10-97-74-13-17-24-25-77-58|42-29-67-90-99-52-9-87-86-20-32-34
362,4,1860.9871,444.6622,388.0,920.9656,0,4,179.206866,179.389044,True,65-39-36-45-69-82-11-15-16-47-14-12-98-88-78-73-79-6-8-5-3-68-55-60-4-43-35-37-70-100|92-95-31-27-28-33-64-19-23-76-30-18-48-22-84-51-49-57-66-56-89-26-50-54-96-93-91-80|83-59-75-21-63-85-62-94-71-72-44-40-38-41-61-81-53-2-1-46-7-10-97-74-13-17-24-25-77-58|42-29-67-90-99-52-9-87-86-20-32-34
363,4,1862.7555,435.3682,379.0,932.1887,0,4,179.737399,179.919497,True,65-39-36-42-45-69-82-11-15-16-47-14-12-88-78-73-79-8-5-81-3-46-60-55-68-4-1-35-37-93-70-100|92-31-29-27-28-33-63-21-23-64-95-67-85-51-18-48-22-84-49-20-66-56-94-96-54-43-50-34-32-26-89-91-80|52-59-75-19-62-44-72-38-40-41-98-53-6-2-7-10-97-74-13-17-24-25-77-58|61-71-30-76-57-99-9-87-86-83-90
364,4,1862.7555,435.3682,379.0,932.1887,0,4,179.737399,179.919497,True,65-39-36-42-45-69-82-11-15-16-47-14-12-88-78-73-79-8-5-81-3-46-60-55-68-4-1-35-37-93-70-100|92-31-29-27-28-33-63-21-23-64-95-67-85-51-18-48-22-84-49-20-66-56-94-96-54-43-50-34-32-26-89-91-80|52-59-75-19-62-44-72-38-40-41-98-53-6-2-7-10-97-74-13-17-24-25-77-58|61-71-30-76-57-99-9-87-86-83-90
365,4,1864.0019,434.7618,423.0,920.9656,0,4,180.111317,180.296414,True,72-36-39-42-45-12-14-47-16-15-11-98-61-88-78-73-79-8-46-7-6-2-5-3-1-43-37-54-68-55-60-4-100-70|65-92-95-33-28-27-31-62-85-63-19-23-21-76-22-48-18-51-84-50-34-32-89-56-66-91-35-93-96-80|75-29-64-94-71-44-40-38-41-81-53-82-83-20-49-57-10-97-74-13-17-24-25-77-58|69-30-67-99-52-86-59-87-9-90-26
366,4,1864.0019,434.7618,423.0,920.9656,0,4,180.111317,180.296414,True,72-36-39-42-45-12-14-47-16-15-11-98-61-88-78-73-79-8-46-7-6-2-5-3-1-43-37-54-68-55-60-4-100-70|65-92-95-33-28-27-31-62-85-63-19-23-21-76-22-48-18-51-84-50-34-32-89-56-66-91-35-93-96-80|75-29-64-94-71-44-40-38-41-81-53-82-83-20-49-57-10-97-74-13-17-24-25-77-58|69-30-67-99-52-86-59-87-9-90-26
367,5,1868.775,1408.0094,382.0,899.2354,0,5,181.543249,181.868705,True,92-36-39-42-45-14-47-15-64-51-83-88-78-73-6-46-5-3-4-1-43-54-93-96-80|95-63-33-28-27-29-31-62-69-11-16-12-79-7-8-2-98-82-66-56-91-94-50-34-32-26-89-48-25-24|52-59-75-23-21-19-76-85-67-71-72-37-40-41-81-35-68-70-100|65-61-44-38-99-87-86-57-84-20-49-97-10-13-74-77-58|30-18-22-9-53-90-55-60-17
368,5,1868.775,1408.0094,382.0,899.2354,0,5,181.543249,181.868705,True,92-36-39-42-45-14-47-15-64-51-83-88-78-73-6-46-5-3-4-1-43-54-93-96-80|95-63-33-28-27-29-31-62-69-11-16-12-79-7-8-2-98-82-66-56-91-94-50-34-32-26-89-48-25-24|52-59-75-23-21-19-76-85-67-71-72-37-40-41-81-35-68-70-100|65-61-44-38-99-87-86-57-84-20-49-97-10-13-74-77-58|30-18-22-9-53-90-55-60-17
369,5,1869.8117,1423.5972,242.0,903.1218,0,5,181.854247,182.168936,True,72-36-39-42-5-45-7-14-16-15-12-88-83-87-78-73-6-46-4-3-1-54-93-96-80|92-95-63-33-28-27-29-31-62-64-11-47-79-8-2-98-82-66-20-56-50-34-32-26-89-48-25-24-91|65-69-61-44-38-81-90-99-86-22-84-49-57-97-10-13-74-77-58|52-59-75-23-21-19-76-67-9-53-55-60-17|85-71-30-18-51-94-41-40-35-37-43-68-70-100
370,5,1869.8117,1423.5972,242.0,903.1218,0,5,181.854247,182.168936,True,72-36-39-42-5-45-7-14-16-15-12-88-83-87-78-73-6-46-4-3-1-54-93-96-80|92-95-63-33-28-27-29-31-62-64-11-47-79-8-2-98-82-66-20-56-50-34-32-26-89-48-25-24-91|65-69-61-44-38-81-90-99-86-22-84-49-57-97-10-13-74-77-58|52-59-75-23-21-19-76-67-9-53-55-60-17|85-71-30-18-51-94-41-40-35-37-43-68-70-100
371,5,1870.7748,1255.7992,314.0,918.5341,0,5,182.14317,182.44249,True,82-12-14-65-83-21-23-19-38-40-5-8-79-78-6-55-68-96-94-50-34-26-32-25-24|92-31-33-64-11-15-16-47-73-88-84-54-91-56-66-97-74-13-17-60-100-70|42-39-36-72-71-29-27-28-30-67-95-99-9-87-57-20-49-85-89-48-77-58-80|98-2-45-44-41-61-81-53-10-7-46-3-4-1-43-35-37-93|69-62-63-51-76-18-22-75-59-86-52-90
372,5,1870.7748,1255.7992,314.0,918.5341,0,5,182.14317,182.44249,True,82-12-14-65-83-21-23-19-38-40-5-8-79-78-6-55-68-96-94-50-34-26-32-25-24|92-31-33-64-11-15-16-47-73-88-84-54-91-56-66-97-74-13-17-60-100-70|42-39-36-72-71-29-27-28-30-67-95-99-9-87-57-20-49-85-89-48-77-58-80|98-2-45-44-41-61-81-53-10-7-46-3-4-1-43-35-37-93|69-62-63-51-76-18-22-75-59-86-52-90
373,4,1871.1086,491.1016,285.0,920.9656,0,4,182.243326,182.425206,True,72-36-39-42-45-14-47-16-15-11-98-61-88-78-73-79-46-8-7-6-2-5-3-1-43-37-68-55-60-4-100-70|65-92-95-28-33-27-31-62-85-63-19-23-21-76-22-48-18-51-84-91-66-56-89-32-34-35-93-96-80|29-64-94-71-44-40-38-41-81-53-82-83-57-10-97-74-13-17-24-25-77-58|75-12-69-30-67-90-99-52-9-87-59-86-20-49-26-50-54
374,4,1871.1086,491.1016,285.0,920.9656,0,4,182.243326,182.425206,True,72-36-39-42-45-14-47-16-15-11-98-61-88-78-73-79-46-8-7-6-2-5-3-1-43-37-68-55-60-4-100-70|65-92-95-28-33-27-31-62-85-63-19-23-21-76-22-48-18-51-84-91-66-56-89-32-34-35-93-96-80|29-64-94-71-44-40-38-41-81-53-82-83-57-10-97-74-13-17-24-25-77-58|75-12-69-30-67-90-99-52-9-87-59-86-20-49-26-50-54
375,5,1878.6886,1398.0958,301.0,899.2354,0,5,184.517334,184.836178,True,72-36-39-42-45-14-16-15-88-64-83-59-9-78-73-6-46-5-4-3-1-54-93-96-80|92-95-63-33-28-27-29-31-62-11-12-47-79-7-8-2-98-82-66-56-91-94-50-34-32-26-89-48-25-24|65-69-61-44-38-81-90-99-52-86-57-84-20-49-97-10-13-74-77-58|75-23-21-19-76-67-22-87-53-55-60-17|85-71-30-18-51-41-40-35-37-43-68-70-100
376,5,1878.6886,1398.0958,301.0,899.2354,0,5,184.517334,184.836178,True,72-36-39-42-45-14-16-15-88-64-83-59-9-78-73-6-46-5-4-3-1-54-93-96-80|92-95-63-33-28-27-29-31-62-11-12-47-79-7-8-2-98-82-66-56-91-94-50-34-32-26-89-48-25-24|65-69-61-44-38-81-90-99-52-86-57-84-20-49-97-10-13-74-77-58|75-23-21-19-76-67-22-87-53-55-60-17|85-71-30-18-51-41-40-35-37-43-68-70-100
377,5,1885.0199,1183.2977,479.0,903.8381,0,5,186.416718,186.723732,True,39-36-42-45-14-16-15-88-64-83-99-86-9-78-73-6-46-5-4-3-1-96-93-80|92-95-63-33-28-27-29-31-62-69-11-12-47-79-7-8-2-98-82-10-57-66-56-91-94-50-34-32-26-89-48-25-24|65-52-59-75-19-21-23-51-76-85-67-71-72-41-40-43-35-37-54-68-70-100|61-44-30-18-87-53-97-20-55-60-74-13-17-77-58|81-38-84-49-22-90
378,5,1885.0199,1183.2977,479.0,903.8381,0,5,186.416718,186.723732,True,39-36-42-45-14-16-15-88-64-83-99-86-9-78-73-6-46-5-4-3-1-96-93-80|92-95-63-33-28-27-29-31-62-69-11-12-47-79-7-8-2-98-82-10-57-66-56-91-94-50-34-32-26-89-48-25-24|65-52-59-75-19-21-23-51-76-85-67-71-72-41-40-43-35-37-54-68-70-100|61-44-30-18-87-53-97-20-55-60-74-13-17-77-58|81-38-84-49-22-90
379,5,1906.796,1073.3953,99.0,920.9656,0,5,192.949547,193.211178,True,39-36-42-45-2-59-11-15-16-47-14-73-79-8-5-3-1-41-43-68|92-64-23-63-28-76-22-21-48-18-51-84-31-34-50-94-96-54|69-61-44-71-90-99-82-6-53-52-57-66-56-91-55-4-17-60-100-70|65-83-19-27-30-72-38-40-46-7-78-12-10-97-13-74-24-25-77-58|95-33-29-62-67-81-88-98-9-87-75-86-49-20-89-85-32-26-35-37-93-80
380,5,1906.796,1073.3953,99.0,920.9656,0,5,192.949547,193.211178,True,39-36-42-45-2-59-11-15-16-47-14-73-79-8-5-3-1-41-43-68|92-64-23-63-28-76-22-21-48-18-51-84-31-34-50-94-96-54|69-61-44-71-90-99-82-6-53-52-57-66-56-91-55-4-17-60-100-70|65-83-19-27-30-72-38-40-46-7-78-12-10-97-13-74-24-25-77-58|95-33-29-62-67-81-88-98-9-87-75-86-49-20-89-85-32-26-35-37-93-80
381,4,1908.764,397.7691,372.0,920.9656,0,4,193.539948,193.727825,True,65-39-36-45-69-82-11-15-16-47-14-12-98-88-78-73-79-6-8-5-3-68-55-60-4-43-35-37-70-100|92-42-27-28-33-95-64-19-23-76-67-22-48-18-51-84-49-57-66-56-89-26-50-96-54-93-91-80|83-52-59-75-21-63-85-62-94-71-44-40-38-41-61-81-53-2-1-46-7-10-97-74-13-17-24-25-77-58|72-31-29-30-34-99-86-87-9-90-20-32
382,4,1908.764,397.7691,372.0,920.9656,0,4,193.539948,193.727825,True,65-39-36-45-69-82-11-15-16-47-14-12-98-88-78-73-79-6-8-5-3-68-55-60-4-43-35-37-70-100|92-42-27-28-33-95-64-19-23-76-67-22-48-18-51-84-49-57-66-56-89-26-50-96-54-93-91-80|83-52-59-75-21-63-85-62-94-71-44-40-38-41-61-81-53-2-1-46-7-10-97-74-13-17-24-25-77-58|72-31-29-30-34-99-86-87-9-90-20-32
383,5,1957.7768,1162.3669,237.0,918.5341,0,5,208.243775,208.547481,True,65-83-14-12-69-82-19-38-40-5-79-6-55-68-96-94-50-34-26-32-25-24|92-31-33-63-64-11-15-16-47-73-88-84-41-54-91-56-66-97-74-13-17-60-100-70|42-39-36-72-71-29-27-28-30-67-95-99-9-75-49-20-85-89-48-77-58-80|98-2-45-44-81-61-8-78-53-10-7-46-3-4-1-43-35-37-93|62-23-21-18-76-51-22-57-86-87-59-52-90
384,5,1957.7768,1162.3669,237.0,918.5341,0,5,208.243775,208.547481,True,65-83-14-12-69-82-19-38-40-5-79-6-55-68-96-94-50-34-26-32-25-24|92-31-33-63-64-11-15-16-47-73-88-84-41-54-91-56-66-97-74-13-17-60-100-70|42-39-36-72-71-29-27-28-30-67-95-99-9-75-49-20-85-89-48-77-58-80|98-2-45-44-81-61-8-78-53-10-7-46-3-4-1-43-35-37-93|62-23-21-18-76-51-22-57-86-87-59-52-90
385,5,2007.4337,1265.3968,426.0,908.7854,0,5,223.140846,223.492341,True,92-36-2-14-47-16-15-11-21-18-76-19-22-86-87-9-12-97-10-7-46-4-1-43-35-37-70-100|52-59-75-23-64-38-40-3-5-79-68-91-66-20-24-25-58|65-69-57-83-71-72-41-81-54-55-60-17-13|42-39-31-29-27-28-33-63-62-30-67-95-99-8-6-98-82-49-89-48-74-77|45-44-61-88-73-78-53-90-84-51-85-32-26-34-50-56-94-93-96-80
386,5,2007.4337,1265.3968,426.0,908.7854,0,5,223.140846,223.492341,True,92-36-2-14-47-16-15-11-21-18-76-19-22-86-87-9-12-97-10-7-46-4-1-43-35-37-70-100|52-59-75-23-64-38-40-3-5-79-68-91-66-20-24-25-58|65-69-57-83-71-72-41-81-54-55-60-17-13|42-39-31-29-27-28-33-63-62-30-67-95-99-8-6-98-82-49-89-48-74-77|45-44-61-88-73-78-53-90-84-51-85-32-26-34-50-56-94-93-96-80
387,5,2084.3648,970.0709,482.0,918.9745,0,5,246.220179,246.557583,True,36-5-45-12-14-47-16-15-11-51-76-18-21-19-22-86-87-9-97-10-55-46-4-3-43-35-37-1-70-100|65-52-59-75-23-83-61-40-38-81-54-96-50-34-26-89-24-25-58|92-31-27-28-64-99-57-84-94-41-68-56-66-13-17-60|42-39-72-33-63-30-29-95-67-71-2-6-53-82-49-48-32-85-20-74-77-91-93-80|69-62-44-88-7-8-79-73-78-98-90
388,5,2084.3648,970.0709,482.0,918.9745,0,5,246.220179,246.557583,True,36-5-45-12-14-47-16-15-11-51-76-18-21-19-22-86-87-9-97-10-55-46-4-3-43-35-37-1-70-100|65-52-59-75-23-83-61-40-38-81-54-96-50-34-26-89-24-25-58|92-31-27-28-64-99-57-84-94-41-68-56-66-13-17-60|42-39-72-33-63-30-29-95-67-71-2-6-53-82-49-48-32-85-20-74-77-91-93-80|69-62-44-88-7-8-79-73-78-98-90
389,5,2159.5883,940.3254,380.0,914.119,0,5,268.787242,269.131823,True,65-75-47-14-12-82-69-23-19-64-38-40-79-6-5-68-54-50-34-32-26-89-25-24-91|92-31-28-27-33-15-16-88-81-96-94-95-84-56-66-55-74-13-17-60-100-70|61-44-29-67-41-8-49-57-85-20-48-77-58|83-21-98-2-45-73-11-99-53-78-59-97-10-7-46-3-4-1-43-35-37-93-80|42-39-36-72-71-62-30-63-51-76-18-22-87-9-86-52-90
390,5,2159.5883,940.3254,380.0,914.119,0,5,268.787242,269.131823,True,65-75-47-14-12-82-69-23-19-64-38-40-79-6-5-68-54-50-34-32-26-89-25-24-91|92-31-28-27-33-15-16-88-81-96-94-95-84-56-66-55-74-13-17-60-100-70|61-44-29-67-41-8-49-57-85-20-48-77-58|83-21-98-2-45-73-11-99-53-78-59-97-10-7-46-3-4-1-43-35-37-93-80|42-39-36-72-71-62-30-63-51-76-18-22-87-9-86-52-90
391,5,2190.958,820.1177,524.0,908.7854,0,5,278.198137,278.547697,True,39-36-2-12-16-11-64-51-76-18-21-22-57-86-87-59-97-10-7-46-4-1-43-35-37-70-100|82-14-47-75-19-23-83-38-40-3-5-79-78-68-50-34-26-89-48-25-58|65-92-31-28-27-69-15-99-84-94-41-54-96-91-56-66-55-60-17-13|42-72-33-63-62-30-29-67-95-71-81-8-6-98-49-32-85-20-24-74-77-93-80|45-44-61-88-73-53-9-52-90
392,5,2190.958,820.1177,524.0,908.7854,0,5,278.198137,278.547697,True,39-36-2-12-16-11-64-51-76-18-21-22-57-86-87-59-97-10-7-46-4-1-43-35-37-70-100|82-14-47-75-19-23-83-38-40-3-5-79-78-68-50-34-26-89-48-25-58|65-92-31-28-27-69-15-99-84-94-41-54-96-91-56-66-55-60-17-13|42-72-33-63-62-30-29-67-95-71-81-8-6-98-49-32-85-20-24-74-77-93-80|45-44-61-88-73-53-9-52-90
393,5,2201.0122,870.7882,253.0,914.119,0,5,281.21441,281.548287,True,65-75-47-14-82-69-23-64-38-40-5-79-6-68-54-34-50-24-25-58|92-31-28-27-33-15-16-88-81-96-94-95-84-56-66-55-74-13-17-60-100-70|61-44-29-67-41-8-49-57-20-85-32-26-89-48-77|83-21-98-2-45-73-12-11-99-53-78-59-97-10-7-46-3-4-1-43-35-37-93-91-80|42-39-36-72-71-62-30-63-51-76-18-19-22-86-87-9-52-90
394,5,2262.0818,722.3679,538.0,915.269,0,5,299.535282,299.893889,True,36-2-14-47-16-15-11-51-76-18-21-19-22-86-87-9-12-97-10-7-46-4-1-43-35-37-70-100|52-59-75-23-83-38-40-3-5-79-68-96-50-34-26-89-24-25-58|65-92-31-27-28-64-69-57-84-94-41-54-91-56-66-55-60-17-13|42-39-72-33-63-71-29-30-67-95-99-8-6-98-82-49-48-32-85-20-74-77-93-80|45-62-44-61-81-88-73-78-53-90
395,5,2262.0818,722.3679,538.0,915.269,0,5,299.535282,299.893889,True,36-2-14-47-16-15-11-51-76-18-21-19-22-86-87-9-12-97-10-7-46-4-1-43-35-37-70-100|52-59-75-23-83-38-40-3-5-79-68-96-50-34-26-89-24-25-58|65-92-31-27-28-64-69-57-84-94-41-54-91-56-66-55-60-17-13|42-39-72-33-63-71-29-30-67-95-99-8-6-98-82-49-48-32-85-20-74-77-93-80|45-62-44-61-81-88-73-78-53-90
396,5,2269.6297,814.2937,337.0,918.8509,0,5,301.799642,302.15474,True,65-75-47-14-82-69-23-19-64-40-5-79-6-68-54-50-34-26-89-24-25-58|92-31-28-27-33-15-16-88-38-81-96-94-95-84-56-66-55-74-13-17-60-100-70|61-44-29-67-41-8-49-57-20-85-32-48-77|83-21-98-2-45-12-11-99-53-78-73-59-97-10-7-46-3-4-1-43-35-37-93-91-80|42-39-36-72-71-62-30-63-51-76-18-22-87-9-86-52-90
397,5,2313.3013,717.4083,444.0,915.269,0,5,314.901129,315.264958,True,82-12-14-47-75-19-21-23-83-38-40-3-5-79-78-7-46-1-43-68-96-50-34-26-89-24-25-58|65-92-31-28-27-69-15-64-76-18-22-84-94-41-37-54-91-56-66-55-60-17-13|42-39-72-33-63-71-29-30-67-95-99-8-6-98-57-49-48-32-85-20-74-77-93-80|2-45-36-44-61-81-88-53-87-59-97-10-4-35-70-100|62-52-11-73-16-9-86-51-90
398,5,2319.0631,777.994,320.0,918.9745,0,5,316.629658,316.99246,True,65-75-47-14-82-69-23-19-64-40-5-79-6-68-96-50-34-26-89-24-25-58|92-31-28-27-33-15-16-88-38-41-81-84-95-94-54-56-66-55-74-13-17-60-100-70|42-44-72-67-29-61-8-49-57-20-85-32-48-77-91-93-80|83-21-98-2-45-12-11-99-53-78-73-59-97-10-7-46-3-4-1-43-35-37|39-36-71-62-30-63-51-76-18-22-87-9-86-52-90
399,5,2319.1409,712.6576,501.0,915.269,0,5,316.653015,317.023584,True,36-2-12-16-11-51-76-18-21-19-22-86-87-59-97-10-7-46-4-1-43-35-37-70-100|82-14-47-75-23-83-38-40-3-5-79-78-68-96-50-34-26-89-24-25-58|65-92-31-28-27-69-15-64-84-94-41-54-91-56-66-55-60-17-13|42-39-72-33-63-71-29-30-67-95-99-8-6-98-57-49-48-32-85-20-74-77-93-80|45-62-44-61-81-88-73-53-9-52-90
400,5,2400.8169,668.0929,323.0,914.119,0,5,341.155817,341.526231,True,83-75-14-12-82-69-23-19-38-40-5-79-78-6-68-96-94-50-34-26-24-25-58|65-92-33-31-27-64-11-15-16-47-73-88-51-84-41-54-91-56-66-55-74-13-17-60-100-70|63-42-39-72-71-29-28-30-67-95-99-87-8-49-57-20-85-32-89-48-77-80|21-98-2-45-44-61-81-53-97-10-7-46-3-4-1-43-35-37-93|36-62-76-18-22-59-9-86-52-90
