Rank,Z1_Vehicles,Z2_Distance,Z3_WaitTime,Z4_LoadBalance,Z5_Makespan,Unserved,Num_Routes,ASF,ASF_aug,In_ROI,Routes
1,6,1355.3302,2106.7788,241.0,889.1762,0,6,183.353125,183.523586,True,5-45-2-6-7-8-46-3-4-1-55-68|65-59-14-47-16-15-11-12-88-79-73-78-53-90|92-95-63-33-31-29-27-30-28-26-34-50-32-89-48-24-25-77-58|72-36-39-42-44-40-38-61-81-94-41-43-35-37-54-93-91-80|83-64-71-67-62-85-76-51-84-49-20-66-56-96|69-98-82-52-75-23-21-18-19-22-57-99-86-87-9-10-97-74-13-17-60-100-70
2,6,1356.6392,2274.1458,225.0,889.1762,0,6,208.458187,208.652546,True,5-45-2-6-7-8-46-3-4-1-55-68|59-14-47-16-15-11-12-88-79-73-78-53-90|92-95-63-33-31-29-27-30-28-26-34-50-32-89-48-24-25-77-58|72-36-39-42-44-40-38-61-41-81-94-96-54-43-35-37-93|65-83-64-71-67-62-85-76-51-84-49-20-66-56-91-80|69-98-82-52-75-23-21-18-19-22-57-99-86-87-9-10-97-74-13-17-60-100-70
3,6,1356.6456,2072.8486,267.0,889.1762,0,6,178.263606,178.431972,True,5-45-2-6-7-8-46-3-4-1-55-68|65-59-14-47-16-15-11-12-88-79-73-78-53-90|92-95-63-33-28-27-29-31-30-26-34-50-32-89-48-24-25-77-58|72-36-39-42-44-40-38-61-41-81-94-96-54-43-35-37-93-91-80|83-64-71-67-62-85-76-51-84-49-20-56-66|69-98-82-52-75-23-21-18-19-22-57-99-86-87-9-10-97-74-13-17-60-100-70
4,6,1359.2765,2092.5731,235.0,889.1762,0,6,181.222273,181.391187,True,5-45-2-6-7-8-46-3-4-1-55-68|14-47-59-75-16-15-11-12-88-79-73-78-53-90|92-95-63-33-31-29-27-30-28-26-34-50-32-89-48-24-25-77-58|72-36-39-42-44-40-38-61-41-81-94-96-54-43-35-37-93-91-80|65-83-64-71-67-62-85-76-51-84-49-20-56-66|69-98-82-52-23-21-18-19-22-57-99-86-87-9-10-97-74-13-17-60-100-70
5,6,1363.1006,2290.0398,166.0,889.1762,0,6,210.842278,211.035059,True,5-45-2-6-7-8-46-3-4-1-55-68|14-47-59-75-16-15-11-12-88-79-73-78-53-90|92-95-63-33-28-29-31-30-27-26-34-50-32-89-48-24-25-77-58|72-36-39-42-44-40-38-61-41-81-94-96-54-43-35-37-93|65-83-64-71-67-62-85-76-51-84-49-22-20-66-56-91-80|69-98-82-52-23-21-18-19-57-99-86-87-9-10-97-74-13-17-60-100-70
6,6,1365.4696,2181.7387,227.0,889.1762,0,6,194.597109,194.780456,True,5-45-2-6-7-8-46-3-4-1-55|14-47-59-75-16-15-11-12-88-79-73-78-53-90|92-95-63-33-31-29-27-30-28-26-34-50-32-89-48-24-25-77-58|72-36-39-42-44-40-38-61-41-81-94-96-54-37-35-43-68|65-83-64-71-67-62-85-76-51-84-49-20-66-56-91-93-80|69-98-82-52-23-21-18-19-22-57-99-86-87-9-10-97-74-13-17-60-100-70
7,6,1366.4559,2335.5539,155.0,889.1762,0,6,217.669395,217.86891,True,5-45-2-6-7-79-8-46-3-4-1-55-68|14-47-59-75-16-15-11-12-88-73-78-53-90-94-96-93-91-80|92-95-63-33-31-29-27-30-28-26-34-50-32-89-48-24-25-77-58|72-42-39-36-38-44-61-81-41-40-43-35-37-54|65-83-64-71-67-62-85-76-51-84-49-22-20-56-66|69-98-82-52-23-21-18-19-57-99-86-87-9-10-97-74-13-17-60-100-70
8,6,1368.9033,2178.305,187.0,889.1762,0,6,194.082058,194.26192,True,5-45-2-6-7-8-46-3-4-1-55|14-47-59-75-16-15-11-12-88-79-73-78-53-90|92-63-33-31-29-27-30-28-26-34-50-32-89-48-24-25-77-58|72-36-39-42-44-40-38-61-41-81-94-96-54-37-35-43-68|65-83-64-95-71-67-62-85-76-51-84-49-22-20-66-56-91-93-80|69-98-82-52-23-21-18-19-57-99-86-87-9-10-97-74-13-17-60-100-70
9,6,1384.4513,2139.3013,139.0,889.1762,0,6,188.231501,188.405377,True,5-45-2-6-7-8-46-3-4-1-55-68|65-59-14-47-16-15-11-12-88-79-73-78-53-90|92-95-63-33-28-27-29-31-30-26-34-50-32-89-48-24-25-77-58|72-36-39-42-44-40-38-61-41-81-94-56-96-54-43-35-37-93-91-80|83-64-71-67-62-85-76-51-84-49-22-20-97-74-66|69-98-82-52-75-23-21-18-19-57-99-86-87-9-10-13-17-60-100-70
10,6,1392.0368,2154.0711,123.0,889.1762,0,6,190.446982,190.623748,True,5-45-2-6-7-8-46-3-4-1-55-68|14-47-59-75-16-15-11-12-88-79-73-78-53-90|92-95-63-33-31-29-27-30-28-26-34-50-32-89-48-24-25-77-58|72-42-39-36-38-44-40-61-41-81-94-56-96-54-43-35-37-93-91-80|65-83-64-71-67-62-85-76-51-84-49-22-20-97-74-66|69-98-82-52-23-21-18-19-57-99-86-87-9-10-13-17-60-100-70
11,6,1392.7275,2255.2022,236.0,883.9656,0,6,205.616643,205.819305,True,5-45-2-6-7-8-46-3-4-1-55-68|14-47-59-75-16-15-11-12-88-79-73-78-53-90|92-95-63-33-28-29-31-30-27-26-34-50-32-89-48-25-77-58|72-36-39-42-44-40-38-61-41-81-94-84-56-66-96-54-37-43-35-93|65-83-64-71-67-62-85-51-76-49-20-24-74-91-80|69-98-82-52-23-21-18-19-22-57-99-86-87-9-10-97-13-17-60-100-70
12,5,1393.8451,1575.3652,177.0,889.1762,0,5,103.641099,103.736702,True,14-47-59-75-16-15-11-12-78-73-79-53-90-94-50-34-32-26-89-48-24-25-77-58|72-36-39-42-44-40-38-41-81-96-54-43-35-37-93-91-80|65-82-52-83-64-76-19-23-21-18-57-99-86-87-9-10-97-74-13-17-60-100-70|92-95-63-33-28-27-29-31-30-62-67-71-84-85-51-49-22-20-56-66|5-45-2-69-98-88-61-6-7-8-46-3-4-1-55-68
13,6,1398.3393,2254.801,105.0,889.1762,0,6,205.556468,205.748435,True,5-45-2-6-7-8-46-3-4-1-55-68|14-47-59-75-16-15-11-12-88-79-73-78-53-90|92-95-63-33-28-29-31-30-27-26-34-50-32-89-48-24-25-77-58|72-36-39-42-44-40-38-61-41-81-94-84-56-96-54-43-35-37-93|65-83-64-62-71-67-85-51-76-18-49-22-20-97-74-66-91-80|69-98-82-52-23-21-19-57-99-86-87-9-10-13-17-60-100-70
14,5,1407.6109,1561.5995,171.0,889.1762,0,5,101.57623,101.673298,True,65-14-47-59-75-16-15-11-12-53-99-90-50-34-32-26-89-48-24-25-77-58|72-36-39-42-44-40-38-41-81-96-54-43-35-37-93-91-80|69-82-52-83-64-19-23-21-18-76-51-57-86-87-9-10-97-74-13-17-60-100-70|92-95-63-33-28-27-29-31-30-62-67-71-61-94-84-85-49-22-20-56-66|5-45-2-88-98-78-73-7-79-6-8-46-3-4-1-55-68
15,6,1423.3484,2224.5813,146.0,883.9656,0,6,201.023512,201.221767,True,5-45-2-6-7-8-46-3-4-1-55-68|14-47-59-75-16-15-11-12-88-79-73-78-53-90|92-95-63-33-28-29-31-30-27-26-34-50-56-66-20-24-48-25-77-58|72-36-39-42-44-40-38-61-41-81-94-96-54-43-35-37-93|65-83-64-62-71-67-85-51-76-18-49-22-84-32-89-91-80|69-98-82-52-23-21-19-57-99-86-87-9-10-97-74-13-17-60-100-70
16,5,1426.0927,1543.1177,328.0,889.1762,0,5,98.803963,98.919503,True,65-14-47-59-75-16-15-11-12-78-73-7-79-6-8-46-3-4-1-55-68|83-63-33-28-27-29-31-30-26-34-50-32-89-48-24-25-77-58|72-36-39-42-44-40-38-41-81-94-96-54-43-35-37-93-91-80|5-45-2-98-69-82-52-23-21-76-18-19-22-57-99-86-87-9-10-97-74-13-17-60-100-70|92-64-95-62-67-71-61-88-53-90-51-85-84-49-20-56-66
17,5,1428.6669,1507.9975,214.0,889.1762,0,5,93.535939,93.635583,True,14-47-59-75-16-15-11-12-73-78-53-90-94-50-34-32-26-89-48-24-25-77-58|72-36-39-42-44-40-38-41-81-96-54-43-35-37-93-91-80|65-69-82-52-83-64-19-23-21-76-51-57-99-86-87-9-10-97-74-13-17-60-1-70-100|92-95-63-33-28-27-29-31-30-62-67-71-84-85-18-49-22-20-56-66|5-45-2-61-98-88-79-7-6-8-46-3-4-55-68
18,6,1438.1848,2180.0743,208.0,868.7265,0,6,194.347451,194.547395,True,5-45-2-6-7-79-8-46-3-4-1-55-68|14-47-59-75-16-15-11-12-88-73-78-53-90|92-95-63-33-31-29-27-30-28-26-34-50-32-89-48-58|72-42-39-36-38-44-40-61-41-81-94-96-54-43-35-37-93|65-83-64-71-67-62-85-76-51-49-84-56-66-20-24-74-77-25-91-80|69-98-82-52-23-21-18-19-22-57-99-86-87-9-10-97-13-17-60-100-70
19,6,1445.4282,2084.3353,156.0,889.1762,0,6,179.986609,180.172233,True,5-45-2-6-7-79-8-46-3-4-1-55|14-47-59-75-16-15-11-12-88-73-78-53-90|92-95-63-33-31-29-27-30-28-26-34-50-32-89-48-24-25-77-58|72-42-39-36-38-44-40-61-41-81-94-96-54-37-35-43-68|65-83-64-71-67-62-76-85-51-57-99-22-49-20-66-56-91-93-80|69-98-82-52-23-21-18-19-84-86-87-9-10-97-74-13-17-60-100-70
20,5,1447.013,1322.6935,381.0,883.9656,0,5,65.740334,65.833606,True,14-47-59-75-16-15-11-12-73-78-79-7-6-8-46-3-4-1-55-68|92-95-63-33-28-27-29-31-30-85-51-76-49-84-26-34-50-56-66-20-24-89-48-25-77-58|72-36-39-42-44-40-38-41-81-94-96-54-43-35-37-32-93-91-80|5-45-2-98-69-82-52-23-21-18-19-22-57-99-86-87-9-10-97-74-13-17-60-100-70|65-83-64-62-67-71-61-88-53-90
21,5,1452.0873,1317.6192,397.0,883.9656,0,5,64.979188,65.07482,True,65-14-47-59-75-16-15-11-12-73-78-79-7-6-8-46-3-4-1-55-68|92-95-63-33-28-27-29-31-30-85-51-76-49-84-26-34-50-56-66-20-24-89-48-25-77-58|72-36-39-42-44-40-38-41-81-94-96-54-43-35-37-32-93-91-80|5-45-2-98-69-82-52-23-21-18-19-22-57-99-86-87-9-10-97-74-13-17-60-100-70|83-64-62-67-71-61-88-53-90
22,5,1452.0873,1317.6192,397.0,883.9656,0,5,64.979188,65.07482,True,65-14-47-59-75-16-15-11-12-73-78-79-7-6-8-46-3-4-1-55-68|92-95-63-33-28-27-29-31-30-85-51-76-49-84-26-34-50-56-66-20-24-89-48-25-77-58|72-36-39-42-44-40-38-41-81-94-96-54-43-35-37-32-93-91-80|5-45-2-98-69-82-52-23-21-18-19-22-57-99-86-87-9-10-97-74-13-17-60-100-70|83-64-62-67-71-61-88-53-90
23,5,1453.434,1316.2724,381.0,883.9656,0,5,64.777175,64.87141,True,14-47-59-75-16-15-11-12-73-78-79-7-6-8-46-3-4-1-55-68|92-95-63-33-28-27-29-31-30-85-51-76-49-84-26-34-50-56-66-20-24-89-48-25-77-58|72-42-39-36-38-44-40-41-81-94-96-54-43-35-37-32-93-91-80|5-45-2-98-69-82-52-23-21-18-19-22-57-99-86-87-9-10-97-74-13-17-60-100-70|65-83-64-62-67-71-61-88-53-90
24,9,1454.1134,4439.6477,166.0,880.0726,0,9,533.283459,533.82552,True,5-45-2-6-7-8-46-3-1-4-100-70|65-82-12-11-15-16-17-13|61-81-94-84-51-49-22-57-20-56-66|71-67-64-85-76-18-48-24-89|92-95-63-62-33-28-27-29-31-30-26-34-50-32-96-54-93-91-80|72-36-39-42-44-41-38-40-35-37-43-68|88-78-73-79-60-55|69-98-90-53-99-86-87-9-10|14-47-59-52-83-19-21-23-75-97-74-58-77-25
25,5,1455.2171,1347.1999,378.0,899.332,0,5,69.416299,69.517712,True,14-47-59-75-16-15-11-12-73-78-79-7-6-8-46-3-4-1-55-68|92-63-33-28-27-29-31-30-62-85-51-76-49-84-26-34-50-56-66-20-24-48-25-77-58|72-36-39-42-44-40-38-41-81-94-96-54-43-35-37-32-89-91-93-80|5-45-2-98-69-82-52-23-21-18-19-22-57-99-86-87-9-10-97-74-13-17-60-100-70|65-83-64-95-67-71-61-88-53-90
26,5,1455.2171,1347.1999,378.0,899.332,0,5,69.416299,69.517712,True,14-47-59-75-16-15-11-12-73-78-79-7-6-8-46-3-4-1-55-68|92-63-33-28-27-29-31-30-62-85-51-76-49-84-26-34-50-56-66-20-24-48-25-77-58|72-36-39-42-44-40-38-41-81-94-96-54-43-35-37-32-89-91-93-80|5-45-2-98-69-82-52-23-21-18-19-22-57-99-86-87-9-10-97-74-13-17-60-100-70|65-83-64-95-67-71-61-88-53-90
27,5,1458.2905,1370.3748,265.0,883.9656,0,5,72.892536,72.984743,True,14-47-59-75-16-15-11-12-78-73-79-53-90|92-95-63-33-28-27-29-31-30-85-51-76-49-84-26-34-50-56-66-20-24-89-48-25-77-58|72-36-39-42-44-40-38-41-81-94-96-54-43-35-37-32-93-91-80|5-45-2-98-69-82-52-23-21-18-19-22-57-99-86-87-9-10-97-74-13-17-60-100-70|65-83-64-62-67-71-61-88-6-7-8-46-3-4-1-55-68
28,5,1459.0133,1346.7302,265.0,883.9656,0,5,69.345837,69.434714,True,14-47-59-75-16-15-11-12-73-79-78-53-90|92-95-63-33-28-27-29-31-30-85-51-76-49-84-26-34-50-56-66-20-24-89-48-25-77-58|72-36-39-42-44-40-38-41-81-94-96-54-43-35-37-32-93-91-80|5-45-2-98-69-82-52-23-21-18-19-22-57-99-86-87-9-10-97-74-13-17-60-100-70|65-83-64-62-67-71-61-88-6-7-8-46-3-4-1-55-68
29,5,1459.9108,1323.212,295.0,883.9656,0,5,65.818115,65.906733,True,14-47-59-75-16-15-11-12-73-78-53-90|92-95-63-33-28-27-29-31-30-85-51-76-49-84-26-34-50-56-66-20-24-89-48-25-77-58|72-36-39-42-44-40-38-41-81-94-96-54-43-35-37-32-93-91-80|5-45-2-98-69-82-52-23-21-18-19-22-57-99-86-87-9-10-97-74-13-17-60-100-70|65-83-64-62-67-71-61-88-79-7-6-8-46-3-4-1-55-68
30,5,1459.9108,1323.212,295.0,883.9656,0,5,65.818115,65.906733,True,14-47-59-75-16-15-11-12-73-78-53-90|92-95-63-33-28-27-29-31-30-85-51-76-49-84-26-34-50-56-66-20-24-89-48-25-77-58|72-36-39-42-44-40-38-41-81-94-96-54-43-35-37-32-93-91-80|5-45-2-98-69-82-52-23-21-18-19-22-57-99-86-87-9-10-97-74-13-17-60-100-70|65-83-64-62-67-71-61-88-79-7-6-8-46-3-4-1-55-68
31,5,1460.4338,1309.2726,381.0,883.9656,0,5,63.727206,63.82249,True,14-47-59-75-16-15-11-12-78-73-7-79-6-8-46-3-4-1-55-68|92-95-63-33-28-27-29-31-30-85-51-76-49-84-26-34-50-56-66-20-24-89-48-25-77-58|72-36-39-42-44-40-38-41-81-94-96-54-43-35-37-32-93-91-80|5-45-2-98-69-82-52-23-21-18-19-22-57-99-86-87-9-10-97-74-13-17-60-100-70|65-83-64-62-67-71-61-88-53-90
32,5,1460.4338,1309.2726,381.0,883.9656,0,5,63.727206,63.82249,True,14-47-59-75-16-15-11-12-78-73-7-79-6-8-46-3-4-1-55-68|92-95-63-33-28-27-29-31-30-85-51-76-49-84-26-34-50-56-66-20-24-89-48-25-77-58|72-36-39-42-44-40-38-41-81-94-96-54-43-35-37-32-93-91-80|5-45-2-98-69-82-52-23-21-18-19-22-57-99-86-87-9-10-97-74-13-17-60-100-70|65-83-64-62-67-71-61-88-53-90
33,6,1460.5507,2187.379,123.0,883.9656,0,6,195.443157,195.644692,True,5-45-2-6-7-8-46-3-4-1-55-68|14-47-59-75-16-15-11-12-88-79-73-78-53-90|92-95-63-33-28-29-31-30-27-26-34-50-20-24-89-48-25-77-58|72-36-39-42-44-40-38-61-41-81-94-84-56-96-54-43-35-37-32-93|65-83-64-62-71-67-85-51-76-49-22-97-74-66-91-80|69-98-82-52-23-21-18-19-57-99-86-87-9-10-13-17-60-100-70
34,5,1462.0228,1330.2656,254.0,883.9656,0,5,66.876149,66.962359,True,65-59-14-47-16-15-11-12-73-79-78-53-90|92-95-63-33-28-27-29-31-30-85-51-76-49-84-26-34-50-56-66-20-24-89-48-25-77-58|72-36-39-42-44-40-38-41-81-94-96-54-43-35-37-32-93-91-80|5-45-2-98-82-52-75-23-21-18-19-22-57-99-86-87-9-10-97-74-13-17-60-100-70|69-83-64-62-67-71-61-88-6-7-8-46-3-4-1-55-68
35,5,1462.0228,1330.2656,254.0,883.9656,0,5,66.876149,66.962359,True,65-59-14-47-16-15-11-12-73-79-78-53-90|92-95-63-33-28-27-29-31-30-85-51-76-49-84-26-34-50-56-66-20-24-89-48-25-77-58|72-36-39-42-44-40-38-41-81-94-96-54-43-35-37-32-93-91-80|5-45-2-98-82-52-75-23-21-18-19-22-57-99-86-87-9-10-97-74-13-17-60-100-70|69-83-64-62-67-71-61-88-6-7-8-46-3-4-1-55-68
36,5,1463.1782,1306.5283,361.0,883.9656,0,5,63.315552,63.409248,True,14-47-59-75-16-15-11-12-78-73-7-79-6-8-46-3-4-1-55-68|92-95-63-33-28-27-29-31-30-85-51-76-18-49-84-26-34-50-56-66-20-24-89-48-25-77-58|72-36-39-42-44-40-38-41-81-94-96-54-43-35-37-32-93-91-80|5-45-2-98-69-82-52-23-21-19-22-57-99-86-87-9-10-97-74-13-17-60-100-70|65-83-64-62-67-71-61-88-53-90
37,5,1463.1782,1306.5283,361.0,883.9656,0,5,63.315552,63.409248,True,14-47-59-75-16-15-11-12-78-73-7-79-6-8-46-3-4-1-55-68|92-95-63-33-28-27-29-31-30-85-51-76-18-49-84-26-34-50-56-66-20-24-89-48-25-77-58|72-36-39-42-44-40-38-41-81-94-96-54-43-35-37-32-93-91-80|5-45-2-98-69-82-52-23-21-19-22-57-99-86-87-9-10-97-74-13-17-60-100-70|65-83-64-62-67-71-61-88-53-90
38,5,1463.3648,1365.3005,249.0,883.9656,0,5,72.131389,72.222757,True,65-14-47-59-75-16-15-11-12-78-73-79-53-90|92-95-63-33-28-27-29-31-30-85-51-76-49-84-26-34-50-56-66-20-24-89-48-25-77-58|72-36-39-42-44-40-38-41-81-94-96-54-43-35-37-32-93-91-80|5-45-2-98-69-82-52-23-21-18-19-22-57-99-86-87-9-10-97-74-13-17-60-100-70|83-64-62-67-71-61-88-6-7-8-46-3-4-1-55-68
39,5,1463.3648,1365.3005,249.0,883.9656,0,5,72.131389,72.222757,True,65-14-47-59-75-16-15-11-12-78-73-79-53-90|92-95-63-33-28-27-29-31-30-85-51-76-49-84-26-34-50-56-66-20-24-89-48-25-77-58|72-36-39-42-44-40-38-41-81-94-96-54-43-35-37-32-93-91-80|5-45-2-98-69-82-52-23-21-18-19-22-57-99-86-87-9-10-97-74-13-17-60-100-70|83-64-62-67-71-61-88-6-7-8-46-3-4-1-55-68
40,5,1463.701,1410.5494,241.0,899.332,0,5,78.91872,79.018481,True,65-14-47-59-75-16-15-11-12-78-73-79-53-90|92-95-63-33-28-27-29-31-30-85-51-76-49-84-26-34-50-56-66-20-24-74-58-77-25-48|72-36-39-42-44-40-38-41-81-94-96-54-43-35-37-32-89-91-93-80|5-45-2-98-69-82-52-23-21-18-19-22-57-99-86-87-9-10-97-13-17-60-100-70|83-64-62-67-71-61-88-6-7-8-46-3-4-1-55-68
41,5,1463.701,1410.5494,241.0,899.332,0,5,78.91872,79.018481,True,65-14-47-59-75-16-15-11-12-78-73-79-53-90|92-95-63-33-28-27-29-31-30-85-51-76-49-84-26-34-50-56-66-20-24-74-58-77-25-48|72-36-39-42-44-40-38-41-81-94-96-54-43-35-37-32-89-91-93-80|5-45-2-98-69-82-52-23-21-18-19-22-57-99-86-87-9-10-97-13-17-60-100-70|83-64-62-67-71-61-88-6-7-8-46-3-4-1-55-68
42,5,1464.0876,1341.6559,249.0,883.9656,0,5,68.58469,68.672728,True,65-14-47-59-75-16-15-11-12-73-79-78-53-90|92-95-63-33-28-27-29-31-30-85-51-76-49-84-26-34-50-56-66-20-24-89-48-25-77-58|72-36-39-42-44-40-38-41-81-94-96-54-43-35-37-32-93-91-80|5-45-2-98-69-82-52-23-21-18-19-22-57-99-86-87-9-10-97-74-13-17-60-100-70|83-64-62-67-71-61-88-6-7-8-46-3-4-1-55-68
43,5,1464.9851,1318.1377,279.0,883.9656,0,5,65.056968,65.144748,True,65-14-47-59-75-16-15-11-12-73-78-53-90|92-95-63-33-28-27-29-31-30-85-51-76-49-84-26-34-50-56-66-20-24-89-48-25-77-58|72-36-39-42-44-40-38-41-81-94-96-54-43-35-37-32-93-91-80|5-45-2-98-69-82-52-23-21-18-19-22-57-99-86-87-9-10-97-74-13-17-60-100-70|83-64-62-67-71-61-88-79-7-6-8-46-3-4-1-55-68
44,5,1465.5081,1304.1983,397.0,883.9656,0,5,62.966059,63.063704,True,65-14-47-59-75-16-15-11-12-78-73-7-79-6-8-46-3-4-1-55-68|92-95-63-33-28-27-29-31-30-85-51-76-49-84-26-34-50-56-66-20-24-89-48-25-77-58|72-36-39-42-44-40-38-41-81-94-96-54-43-35-37-32-93-91-80|5-45-2-98-69-82-52-23-21-18-19-22-57-99-86-87-9-10-97-74-13-17-60-100-70|83-64-62-67-71-61-88-53-90
45,5,1466.5904,1515.6385,246.0,883.9656,0,5,94.682089,94.796675,True,14-47-59-75-16-15-11-12-73-79-78-53-90-81-94-96-54|92-95-63-33-28-27-29-31-30-62-67-85-51-76-49-84-26-34-50-56-66-20-24-89-48-25-77-58|72-36-39-42-44-41-38-40-43-35-37-32-93-91-80|5-45-2-98-69-82-52-23-21-18-19-22-57-99-86-87-9-10-97-74-13-17-60-100-70|65-83-64-71-61-88-6-7-8-46-3-4-1-55-68
46,5,1467.1492,1302.5572,391.0,883.9656,0,5,62.719897,62.817189,True,65-14-47-59-75-16-15-11-12-78-73-7-79-6-8-46-3-4-1-55-68|92-63-33-28-27-29-31-30-85-51-76-49-84-26-34-50-56-66-20-24-89-48-25-77-58|72-36-39-42-44-40-38-41-81-94-96-54-43-35-37-32-93-91-80|5-45-2-98-69-82-52-23-21-18-19-22-57-99-86-87-9-10-97-74-13-17-60-100-70|83-64-95-62-67-71-61-88-53-90
47,5,1467.1943,1315.9286,279.0,883.9656,0,5,64.725601,64.813712,True,65-47-14-59-75-16-15-11-12-73-78-53-90|92-95-63-33-28-27-29-31-30-85-51-76-49-84-26-34-50-56-66-20-24-89-48-25-77-58|72-36-39-42-44-40-38-41-81-94-96-54-43-35-37-32-93-91-80|5-45-2-98-69-82-52-23-21-18-19-22-57-99-86-87-9-10-97-74-13-17-60-100-70|83-64-62-67-71-61-88-79-7-6-8-46-3-4-1-55-68
48,5,1467.7172,1301.9892,397.0,883.9656,0,5,62.634692,62.732669,True,65-47-14-59-75-16-15-11-12-78-73-7-79-6-8-46-3-4-1-55-68|92-95-63-33-28-27-29-31-30-85-51-76-49-84-26-34-50-56-66-20-24-89-48-25-77-58|72-36-39-42-44-40-38-41-81-94-96-54-43-35-37-32-93-91-80|5-45-2-98-69-82-52-23-21-18-19-22-57-99-86-87-9-10-97-74-13-17-60-100-70|83-64-62-67-71-61-88-53-90
49,5,1468.6145,1337.129,249.0,883.9656,0,5,67.905666,67.994383,True,65-14-47-59-75-16-15-11-12-73-79-78-53-90|92-95-63-33-28-27-29-31-30-62-85-51-76-49-84-26-34-50-56-66-20-24-89-48-25-77-58|72-36-39-42-44-40-38-41-81-94-96-54-43-35-37-32-93-91-80|5-45-2-98-69-82-52-23-21-18-19-22-57-99-86-87-9-10-97-74-13-17-60-100-70|83-64-67-71-61-88-6-7-8-46-3-4-1-55-68
50,5,1469.4773,1300.2292,431.0,883.9656,0,5,62.370689,62.47233,True,65-14-47-59-75-16-15-11-12-73-78-79-7-6-8-46-3-4-1-55-68|92-95-63-33-28-27-29-31-30-85-51-76-49-84-26-34-50-56-66-20-24-89-48-25-77-58|72-36-39-42-44-40-38-41-81-94-96-54-43-35-37-32-93-91-80|5-45-2-98-69-82-52-64-23-21-18-19-22-57-99-86-87-9-10-97-74-13-17-60-100-70|83-62-67-71-61-88-53-90
51,5,1471.2102,1498.0002,133.0,889.1762,0,5,92.036337,92.139145,True,45-5-14-59-75-16-15-11-12-78-53-90-50-34-32-26-89-48-24-25-77-58|72-36-39-42-44-40-38-61-41-81-94-96-54-43-35-37-93-91-80|65-82-52-83-64-19-23-21-76-85-57-99-86-87-9-10-97-74-13-17-60-100-70|92-95-63-33-28-27-29-31-30-62-67-71-84-51-18-49-22-20-56-66|69-98-47-2-88-73-79-7-6-8-46-3-4-1-55-68
52,6,1473.4576,2162.011,115.0,889.1762,0,6,191.637957,191.839541,True,5-45-2-6-7-79-8-46-3-4-1-55-68|14-47-59-23-21-75-11-12-88-73-78-53-90|92-95-63-33-31-29-27-30-28-26-34-50-32-89-48-24-25-77-58|72-36-39-42-44-40-38-61-41-81-94-84-56-96-54-43-35-37-93|65-83-64-71-67-62-85-51-76-18-49-22-20-97-74-66-91-80|69-98-82-15-16-52-99-19-57-86-87-9-10-13-17-60-100-70
53,5,1473.6098,1332.1337,229.0,883.9656,0,5,67.15636,67.243826,True,65-14-47-59-75-16-15-11-12-73-79-78-53-90|92-95-63-33-28-27-29-31-30-85-51-76-18-22-49-84-26-34-50-56-66-20-24-89-48-25-77-58|72-36-39-42-44-40-38-41-81-94-96-54-43-35-37-32-93-91-80|5-45-2-98-69-82-52-23-21-19-57-99-86-87-9-10-97-74-13-17-60-100-70|83-64-62-67-71-61-88-6-7-8-46-3-4-1-55-68
54,5,1473.6098,1332.1337,229.0,883.9656,0,5,67.15636,67.243826,True,65-14-47-59-75-16-15-11-12-73-79-78-53-90|92-95-63-33-28-27-29-31-30-85-51-76-18-22-49-84-26-34-50-56-66-20-24-89-48-25-77-58|72-36-39-42-44-40-38-41-81-94-96-54-43-35-37-32-93-91-80|5-45-2-98-69-82-52-23-21-19-57-99-86-87-9-10-97-74-13-17-60-100-70|83-64-62-67-71-61-88-6-7-8-46-3-4-1-55-68
55,5,1474.6812,1295.0252,425.0,883.9656,0,5,61.590094,61.691916,True,65-14-47-59-75-16-15-11-12-78-73-7-79-6-8-46-3-4-1-55-68|83-63-33-28-27-29-31-30-85-51-76-49-84-26-34-50-56-66-20-24-89-48-25-77-58|72-36-39-42-44-40-38-41-81-94-96-54-43-35-37-32-93-91-80|5-45-2-98-69-82-52-64-23-21-18-19-22-57-99-86-87-9-10-97-74-13-17-60-100-70|92-95-62-67-71-61-88-53-90
56,5,1475.2386,1506.9903,206.0,883.9656,0,5,93.384852,93.496735,True,14-47-59-75-16-15-11-12-73-79-78-53-90-81-94-96-54|92-95-63-33-28-27-29-31-30-62-67-85-51-76-49-84-26-34-50-56-66-20-24-89-48-25-77-58|72-36-39-42-44-61-71-41-38-40-43-35-37-32-93-91-80|5-45-2-98-82-52-23-21-18-19-22-57-99-86-87-9-10-97-74-13-17-60-100-70|65-83-64-69-88-6-7-8-46-3-4-1-55-68
57,5,1478.5571,1291.1494,397.0,883.9656,0,5,61.008716,61.108319,True,65-14-47-59-75-16-15-11-12-73-78-7-79-6-8-46-3-4-1-55-68|92-95-63-33-28-27-29-31-30-85-51-76-49-84-26-34-50-56-66-20-24-89-48-25-77-58|72-36-42-39-44-40-38-41-81-94-96-54-43-35-37-32-93-91-80|5-45-2-98-69-82-52-23-21-18-19-22-57-99-86-87-9-10-97-74-13-17-60-100-70|83-64-62-67-71-61-88-53-90
58,5,1478.5571,1291.1494,397.0,883.9656,0,5,61.008716,61.108319,True,65-14-47-59-75-16-15-11-12-73-78-7-79-6-8-46-3-4-1-55-68|92-95-63-33-28-27-29-31-30-85-51-76-49-84-26-34-50-56-66-20-24-89-48-25-77-58|72-36-42-39-44-40-38-41-81-94-96-54-43-35-37-32-93-91-80|5-45-2-98-69-82-52-23-21-18-19-22-57-99-86-87-9-10-97-74-13-17-60-100-70|83-64-62-67-71-61-88-53-90
59,5,1478.7596,1326.9839,249.0,883.9656,0,5,66.383899,66.474138,True,65-14-47-59-75-16-15-11-12-73-79-78-53-90|95-63-33-28-27-29-31-30-85-51-76-49-84-26-34-50-56-66-20-24-89-48-25-77-58|72-36-39-42-44-40-38-41-81-94-96-54-43-35-37-32-93-91-80|5-45-2-98-69-82-52-23-21-18-19-22-57-99-86-87-9-10-97-74-13-17-60-100-70|92-83-64-62-67-71-61-88-6-7-8-46-3-4-1-55-68
60,5,1481.4776,1324.2659,275.0,883.9656,0,5,65.976191,66.069438,True,65-14-47-59-75-16-15-11-12-73-79-78-53-90|92-95-63-33-28-27-29-31-30-85-51-76-49-84-26-34-50-56-66-20-24-89-48-25-77-58|72-36-39-42-44-40-38-41-81-94-96-54-43-35-37-32-93-91-80|5-45-2-98-69-82-52-64-23-21-18-19-22-57-99-86-87-9-10-97-74-13-17-60-100-70|83-62-67-71-61-88-6-7-8-46-3-4-1-55-68
61,5,1481.4776,1324.2659,275.0,883.9656,0,5,65.976191,66.069438,True,65-14-47-59-75-16-15-11-12-73-79-78-53-90|92-95-63-33-28-27-29-31-30-85-51-76-49-84-26-34-50-56-66-20-24-89-48-25-77-58|72-36-39-42-44-40-38-41-81-94-96-54-43-35-37-32-93-91-80|5-45-2-98-69-82-52-64-23-21-18-19-22-57-99-86-87-9-10-97-74-13-17-60-100-70|83-62-67-71-61-88-6-7-8-46-3-4-1-55-68
62,5,1481.9961,1287.7103,397.0,883.9656,0,5,60.492857,60.592975,True,65-14-47-59-75-16-15-11-12-78-73-7-79-6-8-46-3-4-1-55-68|92-95-63-28-33-27-29-31-30-85-51-76-49-84-26-34-50-56-66-20-24-89-48-25-77-58|72-36-39-42-44-40-38-41-81-94-96-54-43-35-37-32-93-91-80|5-45-2-98-69-82-52-23-21-18-19-22-57-99-86-87-9-10-97-74-13-17-60-100-70|83-64-62-67-71-61-88-53-90
63,5,1482.143,1323.6005,275.0,883.9656,0,5,65.876387,65.969733,True,65-14-47-59-75-16-15-11-12-73-79-78-53-90|92-95-63-33-28-27-29-31-30-85-51-76-49-84-26-34-50-56-66-20-24-89-48-25-77-58|72-36-39-42-44-40-38-41-81-94-96-54-43-35-37-32-93-91-80|5-45-2-98-69-82-52-64-19-23-21-18-22-57-99-86-87-9-10-97-74-13-17-60-100-70|83-62-67-71-61-88-6-7-8-46-3-4-1-55-68
64,6,1482.3997,2165.53,147.0,883.9656,0,6,192.165816,192.373029,True,5-45-2-6-7-8-46-3-4-1-55-68|14-47-59-75-16-15-11-12-88-79-73-78-53-90|92-95-63-33-28-29-31-30-27-26-34-50-56-66-20-24-89-48-25-77-58|72-36-39-42-44-40-38-61-41-81-94-96-54-43-35-37-93|65-52-23-64-62-71-67-85-76-51-49-22-84-32-91-80|69-98-82-83-19-21-18-57-99-86-87-9-10-97-74-13-17-60-100-70
65,5,1482.8981,1286.8083,431.0,883.9656,0,5,60.35756,60.461214,True,65-14-47-59-75-16-15-11-12-78-73-7-79-6-8-46-3-4-1-55-68|92-95-63-33-28-27-29-31-30-85-51-76-49-84-26-34-50-56-66-20-24-89-48-25-77-58|72-36-39-42-44-40-38-41-81-94-96-54-43-35-37-32-93-91-80|5-45-2-98-69-82-52-64-23-21-18-19-22-57-99-86-87-9-10-97-74-13-17-60-100-70|83-62-67-71-61-88-53-90
66,5,1483.4576,1453.2069,224.0,889.1762,0,5,85.317343,85.426206,True,14-47-59-75-16-15-11-12-53-90-49-50-34-32-26-89-48-24-25-77-58|72-36-39-42-44-40-38-41-81-94-96-54-43-35-37-93-91-80|65-69-82-52-83-64-19-23-21-76-51-57-99-86-87-9-10-97-74-13-17-60-1-70-100|92-95-63-33-28-27-29-31-30-62-67-71-84-85-18-22-20-56-66|5-45-2-61-98-88-78-73-7-79-6-8-46-3-4-55-68
67,5,1483.4576,1453.2069,224.0,889.1762,0,5,85.317343,85.426206,True,14-47-59-75-16-15-11-12-53-90-49-50-34-32-26-89-48-24-25-77-58|72-36-39-42-44-40-38-41-81-94-96-54-43-35-37-93-91-80|65-69-82-52-83-64-19-23-21-76-51-57-99-86-87-9-10-97-74-13-17-60-1-70-100|92-95-63-33-28-27-29-31-30-62-67-71-84-85-18-22-20-56-66|5-45-2-61-98-88-78-73-7-79-6-8-46-3-4-55-68
68,5,1487.3307,1282.3757,391.0,883.9656,0,5,59.692671,59.79299,True,65-59-14-47-16-15-11-12-73-78-79-7-6-8-46-3-4-1-55-68|92-95-63-33-28-27-29-30-31-71-67-85-76-51-49-84-26-34-50-56-66-20-24-89-48-25-77-58|72-36-39-42-44-40-38-61-41-81-94-96-54-43-35-37-32-93-91-80|5-45-2-98-82-52-75-23-21-18-19-22-57-99-86-87-9-10-97-74-13-17-60-100-70|62-64-83-69-88-53-90
69,5,1487.3307,1282.3757,391.0,883.9656,0,5,59.692671,59.79299,True,65-59-14-47-16-15-11-12-73-78-79-7-6-8-46-3-4-1-55-68|92-95-63-33-28-27-29-30-31-71-67-85-76-51-49-84-26-34-50-56-66-20-24-89-48-25-77-58|72-36-39-42-44-40-38-61-41-81-94-96-54-43-35-37-32-93-91-80|5-45-2-98-82-52-75-23-21-18-19-22-57-99-86-87-9-10-97-74-13-17-60-100-70|62-64-83-69-88-53-90
70,5,1490.0125,1327.4475,242.0,883.9656,0,5,66.453435,66.54642,True,65-59-14-47-16-15-11-12-73-79-78-53-99-90|92-95-63-33-28-27-29-31-30-85-51-76-49-84-26-34-50-56-66-20-24-89-48-25-77-58|72-36-39-42-44-40-38-41-81-94-96-54-43-35-37-32-93-91-80|5-45-2-69-82-52-75-23-21-18-19-22-57-86-9-87-10-97-74-13-17-60-100-70|98-83-64-62-67-71-61-88-6-7-8-46-3-4-1-55-68
71,5,1490.5949,1315.1486,249.0,883.9656,0,5,64.608605,64.700619,True,65-14-47-59-75-16-15-11-12-73-79-78-53-90|92-95-63-33-28-27-29-31-30-85-51-76-49-84-26-34-50-56-66-20-24-89-48-25-77-58|72-36-39-42-44-40-38-41-81-94-96-54-43-35-37-32-93-91-80|5-45-2-98-69-82-52-23-21-18-19-22-99-57-86-87-9-97-10-74-13-17-60-100-70|83-64-62-67-71-61-88-6-7-8-46-3-4-1-55-68
72,5,1490.5949,1315.1486,249.0,883.9656,0,5,64.608605,64.700619,True,65-14-47-59-75-16-15-11-12-73-79-78-53-90|92-95-63-33-28-27-29-31-30-85-51-76-49-84-26-34-50-56-66-20-24-89-48-25-77-58|72-36-39-42-44-40-38-41-81-94-96-54-43-35-37-32-93-91-80|5-45-2-98-69-82-52-23-21-18-19-22-99-57-86-87-9-97-10-74-13-17-60-100-70|83-64-62-67-71-61-88-6-7-8-46-3-4-1-55-68
73,5,1491.6391,1300.6132,287.0,883.9656,0,5,62.428294,62.522241,True,65-14-47-59-75-16-15-11-12-73-88-53-90|92-95-63-33-28-27-29-31-30-85-51-76-49-84-26-34-50-56-66-20-24-89-48-25-77-58|72-36-39-42-44-40-38-41-81-94-96-54-43-35-37-32-93-91-80|5-45-2-98-69-82-52-23-21-18-19-22-57-99-86-87-9-10-97-74-13-17-60-100-70|83-64-62-67-71-61-6-7-78-79-8-46-3-4-1-55-68
74,5,1491.6391,1300.6132,287.0,883.9656,0,5,62.428294,62.522241,True,65-14-47-59-75-16-15-11-12-73-88-53-90|92-95-63-33-28-27-29-31-30-85-51-76-49-84-26-34-50-56-66-20-24-89-48-25-77-58|72-36-39-42-44-40-38-41-81-94-96-54-43-35-37-32-93-91-80|5-45-2-98-69-82-52-23-21-18-19-22-57-99-86-87-9-10-97-74-13-17-60-100-70|83-64-62-67-71-61-6-7-78-79-8-46-3-4-1-55-68
75,5,1491.8006,1278.4031,409.0,883.9656,0,5,59.096783,59.199647,True,65-59-47-14-11-15-16-12-7-88-53-73-78-79-6-8-46-3-4-1-55-68|92-95-63-33-28-27-29-31-30-85-51-76-49-84-26-34-50-56-66-20-24-89-48-25-77-58|72-36-39-42-44-40-38-41-94-96-54-43-35-37-32-93-91-80|5-45-2-98-69-52-75-23-21-18-19-22-57-99-86-87-9-10-97-74-13-17-60-100-70|82-83-64-62-67-71-81-61-90
76,5,1496.1496,1309.5939,266.0,883.9656,0,5,63.7754,63.869948,True,65-14-47-59-75-16-15-11-12-73-79-78-53-90|95-63-33-28-27-29-31-30-85-51-76-49-84-26-34-50-56-66-20-24-89-48-25-77-58|72-36-39-42-44-40-38-41-81-94-96-54-43-35-37-32-93-91-80|5-45-2-98-69-82-52-64-23-21-18-19-22-57-99-86-87-9-10-97-74-13-17-60-100-70|92-83-62-67-71-61-88-6-7-8-46-3-4-1-55-68
77,5,1497.0095,1272.6969,446.0,883.9656,0,5,58.240849,58.34812,True,92-95-63-33-28-27-29-31-30-62-67-85-51-76-49-84-26-34-50-56-66-20-24-89-48-25-77-58|42-39-36-72-71-61-44-40-38-41-81-94-96-54-43-35-37-32-93-91-80|14-47-45-5-2-98-69-64-23-21-18-19-22-57-86-87-9-10-97-74-13-17-60-100-70|65-83-59-75-16-15-11-12-78-73-7-79-6-8-46-3-4-1-55-68|82-52-99-88-53-90
78,5,1497.1143,1298.933,375.0,910.3065,0,5,62.176266,62.284355,True,65-14-47-59-75-16-15-11-12-78-73-7-79-6-8-46-3-4-1-55-68|95-63-33-28-27-29-31-30-85-51-76-49-84-26-34-50-56-66-20-74-24-89-48-25-77-58|72-36-39-42-44-40-38-41-81-94-96-54-43-35-37-32-93-91-80|5-45-2-98-69-82-52-23-21-18-19-22-57-99-86-87-9-10-97-13-17-60-100-70|92-83-64-62-67-71-61-88-53-90
79,5,1498.9691,1470.31,221.0,889.1762,0,5,87.882815,87.998597,True,14-47-59-52-75-16-15-11-12-53-90-94-84-50-34-32-26-89-48-24-25-77-58|72-36-39-42-44-40-38-41-81-43-35-37-54-93-91-80|65-69-98-82-83-64-19-23-21-18-76-51-99-86-87-9-10-97-74-13-17-60-1-70-100|92-95-63-33-28-27-29-31-30-62-71-67-85-57-22-49-20-66-56-96|5-45-2-61-88-78-73-7-79-6-8-46-3-4-55-68
80,5,1498.9691,1470.31,221.0,889.1762,0,5,87.882815,87.998597,True,14-47-59-52-75-16-15-11-12-53-90-94-84-50-34-32-26-89-48-24-25-77-58|72-36-39-42-44-40-38-41-81-43-35-37-54-93-91-80|65-69-98-82-83-64-19-23-21-18-76-51-99-86-87-9-10-97-74-13-17-60-1-70-100|92-95-63-33-28-27-29-31-30-62-71-67-85-57-22-49-20-66-56-96|5-45-2-61-88-78-73-7-79-6-8-46-3-4-55-68
81,5,1499.484,1306.2594,244.0,883.9656,0,5,63.275228,63.368075,True,65-14-47-59-75-16-15-11-12-73-79-78-53-90|92-95-63-33-28-27-29-31-30-62-85-51-76-49-84-26-34-50-56-66-20-24-89-48-25-77-58|72-36-39-42-44-40-38-41-81-94-96-54-43-35-37-32-93-91-80|5-45-2-82-83-64-52-23-21-18-19-22-57-99-86-87-9-10-97-74-13-17-60-100-70|69-98-88-67-71-61-7-6-8-46-3-4-1-55-68
82,5,1499.484,1306.2594,244.0,883.9656,0,5,63.275228,63.368075,True,65-14-47-59-75-16-15-11-12-73-79-78-53-90|92-95-63-33-28-27-29-31-30-62-85-51-76-49-84-26-34-50-56-66-20-24-89-48-25-77-58|72-36-39-42-44-40-38-41-81-94-96-54-43-35-37-32-93-91-80|5-45-2-82-83-64-52-23-21-18-19-22-57-99-86-87-9-10-97-74-13-17-60-100-70|69-98-88-67-71-61-7-6-8-46-3-4-1-55-68
83,4,1502.7405,855.6712,58.0,889.1762,0,4,18.322537,18.330655,True,65-14-47-59-75-16-15-11-12-53-90-18-49-22-20-50-34-32-26-89-48-24-25-77-58|69-82-52-83-64-19-23-21-76-85-51-57-99-86-87-9-10-97-74-13-17-60-100-70|36-39-42-5-45-2-44-61-98-88-78-73-7-79-6-8-46-3-4-1-55-68|72-92-95-63-33-28-27-29-31-30-62-67-71-40-38-41-81-94-84-56-66-96-37-35-43-54-93-91-80
84,4,1502.7405,855.6712,58.0,889.1762,0,4,18.322537,18.330655,True,65-14-47-59-75-16-15-11-12-53-90-18-49-22-20-50-34-32-26-89-48-24-25-77-58|69-82-52-83-64-19-23-21-76-85-51-57-99-86-87-9-10-97-74-13-17-60-100-70|36-39-42-5-45-2-44-61-98-88-78-73-7-79-6-8-46-3-4-1-55-68|72-92-95-63-33-28-27-29-31-30-62-67-71-40-38-41-81-94-84-56-66-96-37-35-43-54-93-91-80
85,6,1504.1877,2389.0344,207.0,880.0726,0,6,225.691476,225.944167,True,92-95-63-33-28-27-29-31-30-62-67-84-85-51-49-22-20-66-96-54-37-35-43-70-100|14-47-11-9-57-86-87-97-10-17-13-74-58-77-25|65-59-75-16-15-12-78-73-7-79-6-8-46-3-4-1-55-68|69-82-52-83-64-76-19-23-21-18-89-48-24-91-80|5-45-2-88-98-44-40-38-41-94-50-34-26-32-56-93|42-39-36-72-71-81-61-99-90-53-60
86,5,1505.7973,1263.9091,406.0,883.9656,0,5,56.92268,57.027269,True,65-14-47-59-75-16-15-11-12-78-73-7-79-6-8-46-3-4-1-55-68|92-95-63-33-28-27-29-31-30-76-85-84-51-49-26-34-50-56-66-20-24-89-48-25-77-58|72-36-39-42-44-40-38-61-41-81-94-96-54-43-35-37-32-93-91-80|5-45-2-98-69-82-52-23-21-18-19-22-57-99-86-87-9-10-97-74-13-17-60-100-70|83-64-62-67-71-88-53-90
87,6,1506.1367,2141.7931,150.0,883.9656,0,6,188.60527,188.816343,True,5-45-2-6-7-8-46-3-4-1-55-68|14-47-59-75-16-15-11-12-88-79-73-78-53-90|92-95-63-33-28-29-31-30-27-26-34-50-20-24-89-48-25-77-58|72-36-39-42-44-40-38-61-41-81-94-96-54-43-35-37-93|65-64-23-62-71-67-85-76-51-49-22-84-56-32-66-91-80|69-98-82-83-52-19-21-18-57-99-86-87-9-10-97-74-13-17-60-100-70
88,5,1507.3695,1262.337,397.0,883.9656,0,5,56.68686,56.790785,True,65-14-47-59-75-16-15-11-12-78-73-7-79-6-8-46-3-4-1-55-68|92-95-63-33-28-27-29-31-30-85-51-76-49-84-26-34-50-56-66-20-24-89-48-25-77-58|72-36-39-42-44-40-38-41-81-94-96-54-43-35-37-32-93-91-80|5-45-2-98-69-82-52-23-21-18-19-22-99-86-87-9-57-10-97-74-13-17-60-100-70|83-64-62-67-71-61-88-53-90
89,5,1507.3695,1262.337,397.0,883.9656,0,5,56.68686,56.790785,True,65-14-47-59-75-16-15-11-12-78-73-7-79-6-8-46-3-4-1-55-68|92-95-63-33-28-27-29-31-30-85-51-76-49-84-26-34-50-56-66-20-24-89-48-25-77-58|72-36-39-42-44-40-38-41-81-94-96-54-43-35-37-32-93-91-80|5-45-2-98-69-82-52-23-21-18-19-22-99-86-87-9-57-10-97-74-13-17-60-100-70|83-64-62-67-71-61-88-53-90
90,4,1508.5502,849.8615,58.0,889.1762,0,4,20.065456,20.074445,True,65-14-47-59-75-16-15-11-12-53-90-18-49-22-20-50-34-32-26-89-48-24-25-77-58|69-82-52-83-64-19-23-21-76-85-51-57-99-86-87-9-10-97-74-13-17-60-100-70|36-39-42-5-45-2-44-61-98-88-78-73-7-79-6-8-46-3-4-1-55-68|72-92-95-63-33-28-27-29-31-30-62-67-71-40-38-41-81-94-84-56-66-96-54-37-43-35-93-91-80
91,4,1509.9198,848.4919,60.0,889.1762,0,4,20.476332,20.485727,True,14-47-59-75-16-15-11-12-90-53-99-57-22-49-20-50-34-32-26-89-48-24-25-77-58|65-69-82-52-83-64-19-23-21-18-76-85-51-86-87-9-10-97-74-13-17-60-100-70|36-39-42-5-45-2-44-61-98-88-78-73-7-79-6-8-46-3-4-1-55-68|72-92-95-63-33-28-27-29-31-30-62-67-71-38-40-41-81-94-84-56-66-96-54-37-43-35-93-91-80
92,5,1510.7519,1258.9546,406.0,883.9656,0,5,56.179494,56.284826,True,65-14-47-59-75-16-15-11-12-78-73-7-79-6-8-46-3-4-1-55-68|92-95-63-33-28-27-29-31-30-76-85-84-51-49-26-34-50-56-66-20-24-89-48-25-77-58|72-42-39-36-38-44-40-61-41-81-94-96-54-43-35-37-32-93-91-80|5-45-2-98-69-82-52-23-21-18-19-22-57-99-86-87-9-10-97-74-13-17-60-100-70|83-64-62-67-71-88-53-90
93,7,1512.0793,3075.1423,110.0,880.0726,0,7,328.607661,328.956236,True,5-45-2-6-7-8-46-3-1-4-100-70|65-82-12-11-15-16-78-73-79-60-17-13|71-67-64-19-76-85-84-18-49-22-20-24-48-89|92-95-63-62-33-28-27-29-31-30-51-50-34-26-32-96-54-93-91-80|72-42-39-36-38-44-40-61-41-81-94-90-66-56-37-35-43-68|69-98-88-53-99-57-86-87-9-10-55|14-47-59-52-83-21-23-75-97-74-58-77-25
94,4,1513.3339,845.0778,67.0,889.1762,0,4,21.500561,21.511168,True,65-14-47-59-75-16-15-11-12-53-90-18-49-22-20-50-34-32-26-89-48-24-25-77-58|69-82-52-83-64-19-23-21-76-85-51-57-99-86-87-9-10-97-74-13-17-60-100-70|36-39-42-5-45-2-44-98-88-73-78-79-7-6-8-46-3-4-1-55-68|72-92-95-63-33-28-27-29-31-30-62-67-71-61-38-40-41-81-94-84-56-66-96-54-37-43-35-93-91-80
95,4,1515.4818,842.93,67.0,889.1762,0,4,22.144921,22.15585,True,14-47-59-75-16-15-11-12-53-90-18-49-22-20-50-34-32-26-89-48-24-25-77-58|65-69-82-52-83-64-19-23-21-76-85-51-57-99-86-87-9-10-97-74-13-17-60-100-70|36-39-42-5-45-2-44-61-98-88-78-73-7-79-6-8-46-3-4-1-55-68|72-92-95-63-33-28-27-29-31-30-62-67-71-38-40-41-81-94-84-56-66-96-54-37-43-35-93-91-80
96,4,1515.8413,842.5704,67.0,889.1762,0,4,22.252786,22.263769,True,14-47-59-75-16-15-11-12-53-90-18-49-22-20-50-34-32-26-89-48-24-25-77-58|65-69-82-52-83-64-19-23-21-76-85-51-57-99-86-87-9-10-97-74-13-17-60-100-70|36-39-42-5-45-2-44-61-98-88-73-78-79-7-6-8-46-3-4-1-55-68|72-92-95-63-62-33-28-27-29-31-30-67-71-38-40-41-81-94-84-56-66-96-54-37-43-35-93-91-80
97,5,1516.5373,1253.1691,397.0,883.9656,0,5,55.311678,55.416978,True,65-14-47-59-75-16-15-11-12-78-73-7-79-6-8-46-3-4-1-55-68|92-95-63-33-28-27-29-31-30-76-85-84-51-49-50-56-66-20-24-89-48-25-77-58|72-36-39-42-44-40-38-41-81-94-34-26-96-54-43-35-37-32-93-91-80|5-45-2-98-69-82-52-23-21-18-19-22-57-99-86-87-9-10-97-74-13-17-60-100-70|83-64-62-67-71-61-88-53-90
98,5,1516.9651,1252.7414,471.0,883.9656,0,5,55.247514,55.360278,True,65-14-47-59-75-16-15-11-12-78-73-7-79-6-8-46-3-4-1-55-68|92-95-63-33-28-27-29-31-30-85-51-76-49-84-26-34-50-56-66-20-24-89-48-25-77-58|72-71-38-44-40-41-81-94-96-54-43-35-37-32-93-91-80|36-39-42-5-45-2-98-69-82-52-23-21-18-19-22-57-99-86-87-9-10-97-74-13-17-60-100-70|83-64-62-67-61-88-53-90
99,4,1517.3257,841.0861,67.0,889.1762,0,4,22.698095,22.7093,True,14-47-59-75-16-15-11-12-53-90-18-49-22-20-50-34-32-26-89-48-24-25-77-58|65-69-82-52-83-64-19-23-21-76-85-51-57-99-86-87-9-10-97-74-13-17-60-100-70|39-36-42-45-5-2-44-61-98-88-78-73-7-79-6-8-46-3-4-1-55-68|72-92-95-63-33-28-27-29-31-30-62-67-71-38-40-41-81-94-84-56-66-96-54-37-43-35-93-91-80
100,4,1517.3257,841.0861,67.0,889.1762,0,4,22.698095,22.7093,True,14-47-59-75-16-15-11-12-53-90-18-49-22-20-50-34-32-26-89-48-24-25-77-58|65-69-82-52-83-64-19-23-21-76-85-51-57-99-86-87-9-10-97-74-13-17-60-100-70|39-36-42-45-5-2-44-61-98-88-78-73-7-79-6-8-46-3-4-1-55-68|72-92-95-63-33-28-27-29-31-30-62-67-71-38-40-41-81-94-84-56-66-96-54-37-43-35-93-91-80
101,4,1518.9128,839.4989,90.0,889.1762,0,4,23.17423,23.187974,True,65-14-47-59-75-16-15-11-12-99-53-57-18-49-22-20-50-34-32-26-89-48-24-25-77-58|69-82-52-83-64-19-23-21-76-51-85-84-86-87-9-10-97-74-13-17-60-100-70|39-36-42-45-5-2-44-61-98-88-78-73-7-79-6-8-46-3-4-1-55-68|72-92-95-63-33-28-27-29-31-30-62-67-71-38-40-41-81-94-90-66-56-96-54-37-43-35-93-91-80
102,5,1518.972,1309.6933,206.0,883.9656,0,5,63.790308,63.885717,True,65-14-47-59-75-16-15-11-12-78-73-79-53-90|92-95-63-33-28-27-29-31-30-85-51-76-18-49-84-26-34-50-56-66-20-24-89-48-25-77-58|72-36-39-42-44-40-38-41-81-94-96-54-43-35-37-32-93-91-80|5-45-2-98-69-82-64-52-99-19-22-57-86-87-9-10-97-74-13-17-60-100-70|83-23-21-62-67-71-61-88-6-7-8-46-3-4-1-55-68
103,4,1521.5981,804.2677,146.0,889.1762,0,4,23.979813,23.994677,True,14-47-59-75-16-15-11-12-53-90-51-85-84-49-20-50-34-32-26-89-48-24-25-77-58|65-69-82-52-83-64-76-23-21-18-19-22-57-99-86-87-9-10-97-74-13-17-60-1-70-100|36-39-42-5-45-2-44-61-98-88-78-73-7-79-6-8-46-3-4-55-68|72-92-95-63-33-28-27-29-31-30-62-67-71-38-40-41-81-94-56-66-96-54-37-43-35-93-91-80
104,4,1521.5981,804.2677,146.0,889.1762,0,4,23.979813,23.994677,True,14-47-59-75-16-15-11-12-53-90-51-85-84-49-20-50-34-32-26-89-48-24-25-77-58|65-69-82-52-83-64-76-23-21-18-19-22-57-99-86-87-9-10-97-74-13-17-60-1-70-100|36-39-42-5-45-2-44-61-98-88-78-73-7-79-6-8-46-3-4-55-68|72-92-95-63-33-28-27-29-31-30-62-67-71-38-40-41-81-94-56-66-96-54-37-43-35-93-91-80
105,4,1521.9088,836.503,24.0,889.1762,0,4,24.073013,24.080606,True,14-47-59-75-16-15-11-12-53-90-18-49-22-20-50-34-32-26-89-48-24-25-77-58|65-82-52-83-64-19-23-21-76-85-51-57-99-86-87-9-10-97-74-13-17-60-100-70|36-39-42-5-45-2-44-69-98-88-78-73-7-79-6-8-46-3-4-1-55-68|72-92-95-63-33-28-27-29-31-30-62-67-71-61-41-38-40-81-94-84-56-66-96-54-37-43-35-93-91-80
106,5,1522.7656,1305.8998,269.0,883.9656,0,5,63.221276,63.323554,True,65-14-47-59-75-16-15-11-12-78-73-79-53-90|92-95-63-33-28-27-29-31-30-76-19-18-85-51-22-49-84-26-34-50-56-66-20-24-89-48-25-77-58|72-36-39-42-44-40-38-41-81-94-96-54-43-35-37-32-93-91-80|5-45-2-98-69-82-64-52-99-57-86-87-9-10-97-74-13-17-60-100-70|83-23-21-62-67-71-61-88-6-7-8-46-3-4-1-55-68
107,4,1522.9612,835.4506,24.0,889.1762,0,4,24.388736,24.396486,True,14-47-59-75-16-15-11-12-53-90-18-49-22-20-50-34-32-26-89-48-24-25-77-58|65-82-52-83-64-19-23-21-76-85-51-57-99-86-87-9-10-97-74-13-17-60-100-70|72-92-95-63-33-28-27-29-31-30-62-67-71-61-41-38-40-81-94-84-56-66-96-54-37-43-35-93-91-80|36-39-42-5-45-2-44-69-98-88-7-78-73-79-6-8-46-3-4-1-55-68
108,4,1522.9612,835.4506,24.0,889.1762,0,4,24.388736,24.396486,True,14-47-59-75-16-15-11-12-53-90-18-49-22-20-50-34-32-26-89-48-24-25-77-58|65-82-52-83-64-19-23-21-76-85-51-57-99-86-87-9-10-97-74-13-17-60-100-70|72-92-95-63-33-28-27-29-31-30-62-67-71-61-41-38-40-81-94-84-56-66-96-54-37-43-35-93-91-80|36-39-42-5-45-2-44-69-98-88-7-78-73-79-6-8-46-3-4-1-55-68
109,6,1523.788,2124.1417,175.0,883.9656,0,6,185.957571,186.173792,True,5-45-2-6-7-8-46-3-4-1-55-68|14-47-59-75-16-15-11-12-88-79-73-78-53-90|95-63-33-28-29-31-30-27-26-34-50-56-20-24-89-48-25-77-58|72-36-39-42-44-40-38-61-41-81-94-96-54-43-35-37-93|92-65-52-23-62-71-67-85-51-18-49-22-84-32-66-91-80|69-98-82-83-64-76-21-19-57-99-86-87-9-10-97-74-13-17-60-100-70
110,4,1525.5921,832.8197,67.0,889.1762,0,4,25.178,25.190446,True,65-14-47-59-75-16-15-11-12-53-90-18-49-22-20-50-34-32-26-89-48-24-25-77-58|69-82-52-83-64-19-23-21-76-85-51-57-99-86-87-9-10-97-74-13-17-60-100-70|36-39-42-5-45-2-44-88-98-78-73-7-79-6-8-46-3-4-1-55-68|72-92-95-63-33-28-27-29-31-30-62-67-71-61-41-38-40-81-94-84-56-66-96-54-37-43-35-93-91-80
111,5,1526.1452,1243.5613,387.0,883.9656,0,5,53.870501,53.976242,True,65-14-47-59-75-16-15-11-12-78-73-7-79-6-8-46-3-4-1-55-68|92-95-63-33-28-27-29-31-30-85-51-76-49-84-26-34-50-56-66-20-24-89-48-25-77-58|45-42-72-36-39-44-40-38-41-81-94-96-54-43-35-37-32-93-91-80|5-2-98-69-82-52-23-21-18-19-22-57-99-86-87-9-10-97-74-13-17-60-100-70|83-64-62-67-71-61-88-53-90
112,5,1526.1452,1243.5613,387.0,883.9656,0,5,53.870501,53.976242,True,65-14-47-59-75-16-15-11-12-78-73-7-79-6-8-46-3-4-1-55-68|92-95-63-33-28-27-29-31-30-85-51-76-49-84-26-34-50-56-66-20-24-89-48-25-77-58|45-42-72-36-39-44-40-38-41-81-94-96-54-43-35-37-32-93-91-80|5-2-98-69-82-52-23-21-18-19-22-57-99-86-87-9-10-97-74-13-17-60-100-70|83-64-62-67-71-61-88-53-90
113,4,1528.0251,797.8408,101.0,889.1762,0,4,25.907904,25.919233,True,14-47-59-75-16-15-11-12-53-90-51-85-84-49-20-50-34-32-26-89-48-24-25-77-58|65-82-52-83-64-76-23-21-18-19-22-57-99-86-87-9-10-97-74-13-17-60-1-70-100|36-39-42-5-45-2-44-69-98-88-78-73-7-79-6-8-46-3-4-55-68|72-92-95-63-33-28-27-29-31-30-62-67-71-61-41-38-40-81-94-56-66-96-54-37-43-35-93-91-80
114,4,1528.0251,797.8408,101.0,889.1762,0,4,25.907904,25.919233,True,14-47-59-75-16-15-11-12-53-90-51-85-84-49-20-50-34-32-26-89-48-24-25-77-58|65-82-52-83-64-76-23-21-18-19-22-57-99-86-87-9-10-97-74-13-17-60-1-70-100|36-39-42-5-45-2-44-69-98-88-78-73-7-79-6-8-46-3-4-55-68|72-92-95-63-33-28-27-29-31-30-62-67-71-61-41-38-40-81-94-56-66-96-54-37-43-35-93-91-80
115,6,1528.3085,2102.1764,137.0,883.9656,0,6,182.662767,182.873249,True,5-45-2-6-7-79-8-46-3-4-1-55-68|14-47-59-75-16-15-11-12-88-73-78-53-90|95-63-33-28-29-31-30-27-26-34-50-56-20-24-89-48-25-77-58|72-36-39-42-44-40-38-61-41-81-94-96-54-43-35-37-93|92-65-52-23-64-62-71-67-85-76-51-18-49-22-84-32-66-91-80|69-98-82-83-19-21-57-99-86-87-9-10-97-74-13-17-60-100-70
116,4,1528.4515,829.9603,67.0,889.1762,0,4,26.035829,26.048704,True,14-47-59-75-16-15-11-12-53-90-18-49-22-20-50-34-32-26-89-48-24-25-77-58|65-69-82-52-83-64-19-23-21-76-85-51-57-99-86-87-9-10-97-74-13-17-60-100-70|36-39-42-5-45-2-44-61-98-88-78-73-7-79-6-8-46-3-4-1-55-68|72-92-95-63-62-33-28-27-29-31-30-67-71-38-40-41-81-94-84-56-66-96-54-37-43-35-93-91-80
117,4,1529.0658,829.3459,21.0,889.1762,0,4,26.220128,26.228495,True,14-47-59-75-16-15-11-12-53-90-84-85-22-49-20-50-34-32-26-89-48-24-25-77-58|65-82-52-83-64-19-23-21-18-76-51-57-86-87-9-10-97-74-13-17-60-100-70|36-39-42-5-45-2-44-69-98-99-88-78-73-7-79-6-8-46-3-4-1-55-68|72-92-95-63-33-28-27-29-31-30-62-67-71-61-41-38-40-81-94-56-66-96-54-37-43-35-93-91-80
118,4,1529.0658,829.3459,21.0,889.1762,0,4,26.220128,26.228495,True,14-47-59-75-16-15-11-12-53-90-84-85-22-49-20-50-34-32-26-89-48-24-25-77-58|65-82-52-83-64-19-23-21-18-76-51-57-86-87-9-10-97-74-13-17-60-100-70|36-39-42-5-45-2-44-69-98-99-88-78-73-7-79-6-8-46-3-4-1-55-68|72-92-95-63-33-28-27-29-31-30-62-67-71-61-41-38-40-81-94-56-66-96-54-37-43-35-93-91-80
119,4,1529.4923,828.9195,81.0,889.1762,0,4,26.348066,26.362497,True,14-47-59-75-16-15-11-12-53-90-18-49-22-20-50-34-32-26-89-48-24-25-77-58|92-65-69-82-52-83-64-19-23-21-76-85-51-57-99-86-87-9-10-97-74-13-17-60-100-70|36-39-42-5-45-2-44-61-98-88-78-73-7-79-6-8-46-3-4-1-55-68|72-95-63-33-28-27-29-31-30-62-67-71-38-40-41-81-94-84-56-66-96-37-35-43-54-93-91-80
120,5,1529.8846,1282.5718,354.0,883.9656,0,5,59.722084,59.831498,True,65-59-14-47-15-11-75-16-12-78-73-7-79-6-8-46-3-4-1-55-68|92-95-63-33-28-27-29-31-30-62-85-51-76-49-84-26-34-50-56-66-20-24-89-48-25-77-58|72-36-39-42-44-40-38-41-81-94-96-54-43-35-37-32-93-91-80|5-45-2-98-69-82-52-23-21-18-19-22-99-86-87-9-10-97-74-13-17-60-100-70|83-64-67-71-61-88-53-57-90
121,4,1530.1062,795.7597,103.0,889.1762,0,4,26.532236,26.544076,True,14-47-59-75-16-15-11-12-53-99-90-57-22-49-20-50-34-32-26-89-48-24-25-77-58|92-65-69-82-52-83-64-19-23-21-18-76-85-51-86-87-9-10-97-74-13-17-60-1-70-100|36-39-42-5-45-2-44-61-98-88-73-78-79-7-6-8-46-3-4-55-68|72-95-63-33-28-27-29-31-30-62-67-71-38-40-41-81-94-84-56-66-96-54-37-43-35-93-91-80
122,5,1530.7486,1242.5379,347.0,883.9656,0,5,53.716996,53.819964,True,65-14-47-59-75-16-15-11-12-78-73-7-79-8-6-46-3-4-1-55-68|92-95-63-33-28-27-29-31-30-85-51-76-49-84-26-34-50-56-66-20-24-89-48-25-77-58|72-36-39-42-44-40-38-41-81-94-96-54-43-35-37-32-93-91-80|5-45-69-82-52-83-23-21-18-19-22-57-99-86-87-9-10-97-74-13-17-60-100-70|2-98-64-62-67-71-61-88-53-90
123,5,1530.7486,1242.5379,347.0,883.9656,0,5,53.716996,53.819964,True,65-14-47-59-75-16-15-11-12-78-73-7-79-8-6-46-3-4-1-55-68|92-95-63-33-28-27-29-31-30-85-51-76-49-84-26-34-50-56-66-20-24-89-48-25-77-58|72-36-39-42-44-40-38-41-81-94-96-54-43-35-37-32-93-91-80|5-45-69-82-52-83-23-21-18-19-22-57-99-86-87-9-10-97-74-13-17-60-100-70|2-98-64-62-67-71-61-88-53-90
124,4,1530.7734,827.6383,63.0,889.1762,0,4,26.732417,26.745239,True,14-47-59-75-16-15-11-12-53-99-57-22-49-20-50-34-32-26-89-48-24-25-77-58|92-83-65-69-82-52-64-19-23-21-18-76-85-51-86-87-9-10-97-74-13-17-60-100-70|36-39-42-5-45-2-44-61-98-88-78-73-7-79-6-8-46-3-4-1-55-68|72-95-63-33-28-27-29-31-30-62-67-71-38-40-41-81-90-94-84-56-66-96-54-37-43-35-93-91-80
125,4,1533.9632,824.4486,76.0,889.1762,0,4,27.689328,27.703929,True,14-47-59-75-16-15-11-12-53-90-18-49-22-20-50-34-32-26-89-48-24-25-77-58|65-69-82-52-83-64-19-23-21-76-85-51-57-99-86-87-9-10-97-74-13-17-60-100-70|36-39-42-5-45-2-44-88-98-78-73-7-79-6-8-46-3-4-1-55-68|72-92-95-63-33-28-27-29-31-30-62-67-71-61-41-38-40-81-94-84-56-66-96-54-37-43-35-93-91-80
126,4,1534.3572,824.0545,66.0,889.1762,0,4,27.80755,27.821211,True,14-47-59-75-16-15-11-12-9-99-53-90-22-49-20-50-34-32-26-89-48-24-25-77-58|92-65-69-82-52-83-64-19-23-21-18-76-85-51-57-86-87-10-97-74-13-17-60-100-70|36-39-42-5-45-2-44-61-98-88-78-73-7-79-6-8-46-3-4-1-55-68|72-95-63-33-28-27-29-31-30-62-67-71-38-40-41-81-94-84-56-66-96-54-37-43-35-93-91-80
127,4,1535.302,823.1098,81.0,889.1762,0,4,28.090985,28.106287,True,14-47-59-75-16-15-11-12-53-90-18-49-22-20-50-34-32-26-89-48-24-25-77-58|92-65-69-82-52-83-64-19-23-21-76-85-51-57-99-86-87-9-10-97-74-13-17-60-100-70|36-39-42-5-45-2-44-61-98-88-78-73-7-79-6-8-46-3-4-1-55-68|72-95-63-33-28-27-29-31-30-62-67-71-38-40-41-81-94-84-56-66-96-54-37-43-35-93-91-80
128,5,1536.5417,1269.2018,262.0,883.9656,0,5,57.716579,57.816785,True,45-14-47-59-75-16-15-11-12-73-79-78-53-90|92-95-63-33-28-27-29-31-30-62-85-51-76-49-84-26-34-50-56-66-20-24-89-48-25-77-58|72-36-39-42-2-5-44-40-38-41-81-94-96-54-43-35-37-32-93-91-80|65-69-98-82-83-64-52-23-21-18-19-22-57-99-86-87-9-10-97-74-13-17-60-100-70|67-71-61-88-6-7-8-46-3-4-1-55-68
129,4,1537.0072,821.4046,48.0,889.1762,0,4,28.602533,28.614791,True,65-14-47-59-75-16-15-11-12-53-90-85-49-22-20-50-34-32-26-89-48-24-25-77-58|69-82-52-83-64-19-23-21-18-76-51-57-86-87-9-10-97-74-13-17-60-100-70|36-39-42-5-45-2-44-88-98-99-78-73-7-79-6-8-46-3-4-1-55-68|72-92-95-63-33-28-27-29-31-30-62-67-71-61-41-38-40-81-94-84-56-66-96-54-37-43-35-93-91-80
130,4,1537.0716,816.1295,103.0,883.9656,0,4,28.621873,28.638077,True,92-95-63-33-28-27-29-31-30-62-71-67-85-76-51-49-84-26-34-50-56-66-20-24-89-48-25-77-58|72-36-39-42-2-88-61-44-40-38-41-81-53-90-94-96-54-43-35-37-32-93-91-80|5-45-69-98-82-83-64-52-23-21-18-19-22-57-99-86-87-9-10-97-74-13-17-60-100-70|65-47-14-59-75-16-15-11-12-73-78-79-7-6-8-46-3-4-1-55-68
131,4,1537.0716,816.1295,103.0,883.9656,0,4,28.621873,28.638077,True,92-95-63-33-28-27-29-31-30-62-71-67-85-76-51-49-84-26-34-50-56-66-20-24-89-48-25-77-58|72-36-39-42-2-88-61-44-40-38-41-81-53-90-94-96-54-43-35-37-32-93-91-80|5-45-69-98-82-83-64-52-23-21-18-19-22-57-99-86-87-9-10-97-74-13-17-60-100-70|65-47-14-59-75-16-15-11-12-73-78-79-7-6-8-46-3-4-1-55-68
132,4,1537.1459,821.2658,81.0,889.1762,0,4,28.644159,28.659738,True,14-47-59-75-16-15-11-12-53-90-18-49-22-20-50-34-32-26-89-48-24-25-77-58|92-65-69-82-52-83-64-19-23-21-76-85-51-57-99-86-87-9-10-97-74-13-17-60-100-70|39-36-42-45-5-2-44-61-98-88-78-73-7-79-6-8-46-3-4-1-55-68|72-95-63-33-28-27-29-31-30-62-67-71-38-40-41-81-94-84-56-66-96-54-37-43-35-93-91-80
133,4,1538.3148,820.097,83.0,889.1762,0,4,28.994816,29.010769,True,14-47-59-75-16-15-11-12-53-90-18-49-22-20-50-34-32-26-89-48-24-25-77-58|65-69-82-52-83-64-19-23-21-76-85-51-57-99-86-87-9-10-97-74-66-13-17-60-100-70|39-36-42-45-5-2-44-61-98-88-78-73-7-79-6-8-46-3-4-1-55-68|72-92-95-63-33-28-27-29-31-30-62-67-71-38-40-41-81-94-84-56-96-54-43-35-37-93-91-80
134,4,1539.4324,818.9794,24.0,889.1762,0,4,29.330097,29.340318,True,14-47-59-75-16-15-11-99-53-90-85-49-22-20-50-34-32-26-89-48-24-25-77-58|65-82-52-83-64-19-23-21-18-76-51-57-86-87-9-10-97-74-13-17-60-100-70|36-39-42-5-45-2-44-69-98-88-12-78-73-7-79-6-8-46-3-4-1-55-68|72-92-95-63-33-28-27-29-31-30-62-67-71-61-41-38-40-81-94-84-56-66-96-54-37-43-35-93-91-80
135,4,1539.6213,786.2445,62.0,889.1762,0,4,29.386778,29.395947,True,14-47-59-75-16-15-11-12-53-90-18-49-22-20-50-34-32-26-89-48-24-25-77-58|65-82-52-83-64-19-23-21-76-85-51-57-99-86-87-9-10-97-74-13-17-60-1-70-100|36-39-42-5-45-2-44-69-98-88-78-73-7-79-6-8-46-3-4-55-68|72-92-95-63-33-28-27-29-31-30-62-67-71-61-41-38-40-81-94-84-56-66-96-54-37-43-35-93-91-80
136,4,1540.8666,817.5452,19.0,889.1762,0,4,29.760353,29.77029,True,14-47-59-75-16-15-11-12-53-90-85-49-22-20-50-34-32-26-89-48-24-25-77-58|65-82-52-83-64-19-23-21-18-76-51-57-86-87-9-10-97-74-13-17-60-100-70|36-39-42-5-45-2-44-69-98-99-88-78-73-7-79-6-8-46-3-4-1-55-68|72-92-95-63-33-28-27-29-31-30-62-67-71-61-41-38-40-81-94-84-56-66-96-54-37-43-35-93-91-80
137,4,1540.8666,817.5452,19.0,889.1762,0,4,29.760353,29.77029,True,14-47-59-75-16-15-11-12-53-90-85-49-22-20-50-34-32-26-89-48-24-25-77-58|65-82-52-83-64-19-23-21-18-76-51-57-86-87-9-10-97-74-13-17-60-100-70|36-39-42-5-45-2-44-69-98-99-88-78-73-7-79-6-8-46-3-4-1-55-68|72-92-95-63-33-28-27-29-31-30-62-67-71-61-41-38-40-81-94-84-56-66-96-54-37-43-35-93-91-80
138,4,1540.8666,817.5452,19.0,889.1762,0,4,29.760353,29.77029,True,14-47-59-75-16-15-11-12-53-90-85-49-22-20-50-34-32-26-89-48-24-25-77-58|65-82-52-83-64-19-23-21-18-76-51-57-86-87-9-10-97-74-13-17-60-100-70|36-39-42-5-45-2-44-69-98-99-88-78-73-7-79-6-8-46-3-4-1-55-68|72-92-95-63-33-28-27-29-31-30-62-67-71-61-41-38-40-81-94-84-56-66-96-54-37-43-35-93-91-80
139,4,1541.7252,816.6865,19.0,889.1762,0,4,30.017955,30.028021,True,14-47-59-75-16-15-11-12-53-90-85-49-22-20-50-34-32-26-89-48-24-25-77-58|65-82-52-83-64-19-23-21-18-76-51-57-86-87-9-10-97-74-13-17-60-100-70|36-39-42-5-45-2-44-69-98-88-99-78-73-7-79-6-8-46-3-4-1-55-68|72-92-95-63-33-28-27-29-31-30-62-67-71-61-41-38-40-81-94-84-56-66-96-54-37-43-35-93-91-80
140,4,1551.3079,807.1039,19.0,889.1762,0,4,32.892755,32.904258,True,14-47-59-75-16-15-11-12-53-90-85-49-22-20-50-34-32-26-89-48-24-25-77-58|65-82-52-83-64-19-21-23-18-76-51-57-86-87-9-10-97-74-13-17-60-100-70|36-39-42-5-45-2-44-69-98-99-88-78-73-7-79-6-8-46-3-4-1-55-68|92-72-95-63-33-28-27-29-31-30-62-67-71-61-41-38-40-81-94-84-56-66-96-54-37-43-35-93-91-80
141,4,1552.1257,773.7401,105.0,889.1762,0,4,33.138094,33.153438,True,65-14-47-59-75-16-15-11-12-53-90-18-49-22-20-50-34-32-26-89-48-24-25-77-58|92-69-82-52-83-64-19-23-21-76-85-51-57-99-86-87-9-10-97-74-13-17-60-1-70-100|36-39-42-5-45-2-44-61-98-88-78-73-7-79-6-8-46-3-4-55-68|72-95-63-33-28-27-29-31-30-62-67-71-38-40-41-81-94-84-56-66-96-54-37-43-35-93-91-80
142,4,1552.1257,773.7401,105.0,889.1762,0,4,33.138094,33.153438,True,65-14-47-59-75-16-15-11-12-53-90-18-49-22-20-50-34-32-26-89-48-24-25-77-58|92-69-82-52-83-64-19-23-21-76-85-51-57-99-86-87-9-10-97-74-13-17-60-1-70-100|36-39-42-5-45-2-44-61-98-88-78-73-7-79-6-8-46-3-4-55-68|72-95-63-33-28-27-29-31-30-62-67-71-38-40-41-81-94-84-56-66-96-54-37-43-35-93-91-80
143,4,1553.8872,804.5246,19.0,889.1762,0,4,33.666538,33.678428,True,14-47-59-75-16-15-11-12-53-90-85-49-22-20-50-34-32-26-89-48-24-25-77-58|65-82-52-83-64-76-19-23-21-18-51-57-86-87-9-10-97-74-13-17-60-100-70|36-39-42-5-45-2-44-69-98-99-88-78-73-7-79-6-8-46-3-4-1-55-68|72-92-95-63-33-28-27-29-31-30-62-67-71-61-41-38-40-81-94-84-56-66-96-54-37-43-35-93-91-80
144,4,1561.9682,763.8977,173.0,889.1762,0,4,36.09083,36.11445,True,14-47-59-75-16-15-11-12-53-90-18-49-22-20-50-34-32-26-89-48-24-25-77-58|63-65-69-82-52-83-64-19-23-21-76-85-51-57-99-86-87-9-10-97-74-13-17-60-1-70-100|42-36-39-72-92-95-62-33-28-27-29-31-30-67-71-38-40-41-81-94-84-56-66-96-54-37-43-35-93-91-80|5-45-2-44-61-98-88-73-78-79-7-6-8-46-3-4-55-68
145,5,1562.5028,1687.1216,186.0,880.0726,0,5,120.404554,120.567052,True,72-62-95-83-64-19-23-21-18-76-51-85-84-49-22-20-56-66-24-48-89-91|92-63-33-28-27-29-31-30-67-71-61-81-94-50-34-26-32-96-54-93-80|45-5-42-39-36-44-40-38-41-6-8-46-3-68-37-35-43-1-4-100|2-98-69-82-52-75-87-86-57-99-90-53-60-55-70|65-59-14-47-16-15-11-12-88-7-79-73-78-9-97-10-17-13-74-58-77-25
146,4,1563.6504,794.7613,15.0,889.1762,0,4,36.595516,36.60847,True,59-14-47-15-75-16-11-12-73-53-90-85-49-22-20-50-34-32-26-89-48-24-25-77-58|65-82-52-83-64-19-23-21-18-76-51-57-86-87-9-10-97-74-13-17-60-100-70|36-39-42-5-45-2-44-69-98-99-88-78-79-7-6-8-46-3-4-1-55-68|72-92-95-63-33-28-27-29-31-30-62-67-71-61-41-38-40-81-94-84-56-66-96-37-35-43-54-93-91-80
147,4,1563.6504,794.7613,15.0,889.1762,0,4,36.595516,36.60847,True,59-14-47-15-75-16-11-12-73-53-90-85-49-22-20-50-34-32-26-89-48-24-25-77-58|65-82-52-83-64-19-23-21-18-76-51-57-86-87-9-10-97-74-13-17-60-100-70|36-39-42-5-45-2-44-69-98-99-88-78-79-7-6-8-46-3-4-1-55-68|72-92-95-63-33-28-27-29-31-30-62-67-71-61-41-38-40-81-94-84-56-66-96-37-35-43-54-93-91-80
148,4,1564.7588,793.6529,28.0,889.1762,0,4,36.928035,36.942455,True,14-47-59-75-16-15-11-12-53-90-18-49-22-20-50-34-32-26-89-48-24-25-77-58|63-65-82-52-83-64-19-23-21-76-85-51-57-99-86-87-9-10-97-74-13-17-60-100-70|36-39-42-5-45-2-44-69-98-88-73-78-79-7-6-8-46-3-4-1-55-68|72-92-95-33-28-27-29-31-30-62-67-71-61-41-38-40-81-94-84-56-66-96-54-37-43-35-93-91-80
149,4,1572.186,769.8854,81.0,889.1762,0,4,39.156181,39.174565,True,14-47-59-75-16-15-11-12-53-90-18-49-22-20-50-34-32-26-89-48-24-25-77-58|92-65-69-82-52-83-64-19-23-21-76-85-51-57-99-86-87-9-10-97-74-13-17-60-100-70|36-39-42-5-45-2-44-61-98-88-78-73-7-79-6-8-46-3-55-4-1-68|72-95-63-33-28-27-29-31-30-62-67-71-38-40-41-81-94-84-56-66-96-54-37-43-35-93-91-80
150,4,1572.186,769.8854,81.0,889.1762,0,4,39.156181,39.174565,True,14-47-59-75-16-15-11-12-53-90-18-49-22-20-50-34-32-26-89-48-24-25-77-58|92-65-69-82-52-83-64-19-23-21-76-85-51-57-99-86-87-9-10-97-74-13-17-60-100-70|36-39-42-5-45-2-44-61-98-88-78-73-7-79-6-8-46-3-55-4-1-68|72-95-63-33-28-27-29-31-30-62-67-71-38-40-41-81-94-84-56-66-96-54-37-43-35-93-91-80
151,4,1572.4645,753.4014,113.0,889.1762,0,4,39.239726,39.258921,True,14-47-59-75-16-15-11-12-53-90-18-49-22-20-50-34-32-26-89-48-24-25-77-58|63-65-69-82-52-83-64-19-23-21-76-85-51-57-99-86-87-9-10-97-74-13-17-60-1-70-100|36-39-42-5-45-2-44-61-98-88-73-78-79-7-6-8-46-3-4-55-68|72-92-95-62-33-28-27-29-31-30-67-71-38-40-41-81-94-84-56-66-96-54-37-43-35-93-91-80
152,4,1572.7859,785.6258,73.0,889.1762,0,4,39.33616,39.356285,True,14-47-59-75-16-15-11-12-53-90-18-49-22-20-50-34-32-26-89-48-24-25-77-58|63-65-69-82-52-83-64-19-23-21-76-85-51-57-99-86-87-9-10-97-74-13-17-60-100-70|39-36-42-45-5-2-44-61-98-88-78-73-7-79-6-8-46-3-4-1-55-68|72-92-95-33-28-27-29-31-30-62-67-71-38-40-41-81-94-84-56-66-96-54-37-43-35-93-91-80
153,4,1573.7093,784.7025,62.0,889.1762,0,4,39.613162,39.632326,True,14-47-59-75-16-15-11-12-53-90-18-49-22-20-50-34-32-26-89-48-24-25-77-58|65-95-92-82-52-83-64-19-23-21-76-85-51-57-99-86-87-9-10-97-74-13-17-60-100-70|42-39-72-63-33-28-27-29-31-30-62-67-71-61-38-40-41-81-94-84-56-66-96-54-37-43-35-93-91-80|36-5-45-2-44-69-98-88-73-78-79-7-6-8-46-3-4-1-55-68
154,4,1573.7847,784.6271,58.0,889.1762,0,4,39.635788,39.654562,True,14-47-59-75-16-15-11-12-53-99-18-49-22-20-50-34-32-26-89-48-24-25-77-58|63-65-69-82-52-83-64-19-23-21-76-85-51-57-86-87-9-10-97-74-13-17-60-100-70|39-36-42-45-5-2-44-61-98-88-78-73-7-79-6-8-46-3-4-1-55-68|72-92-95-33-28-27-29-31-30-62-67-71-38-40-41-81-90-94-84-56-66-96-54-37-43-35-93-91-80
155,4,1573.8075,784.6042,66.0,889.1762,0,4,39.642637,39.662215,True,14-47-59-75-16-15-11-12-53-99-18-49-22-84-50-34-32-26-89-48-24-25-77-58|92-83-65-69-82-52-23-21-19-64-85-76-51-57-86-87-9-10-97-74-13-17-60-100-70|36-39-42-5-45-2-44-61-98-88-78-73-7-79-6-8-46-3-4-1-55-68|72-95-63-33-28-27-29-31-30-62-67-71-38-40-41-81-94-90-20-66-56-96-54-37-43-35-93-91-80
156,4,1573.8508,752.0151,107.0,889.1762,0,4,39.65562,39.674423,True,14-47-59-75-16-15-11-12-53-90-18-49-22-20-50-34-32-26-89-48-24-25-77-58|65-69-82-52-83-64-19-23-21-76-85-51-57-99-86-87-9-10-97-74-13-17-60-1-70-100|36-39-42-5-45-2-44-61-98-88-73-78-79-7-6-8-46-3-4-55-68|72-92-95-63-62-33-28-27-29-31-30-67-71-38-40-41-81-94-84-56-66-96-37-43-54-35-93-91-80
157,4,1573.8508,752.0151,107.0,889.1762,0,4,39.65562,39.674423,True,14-47-59-75-16-15-11-12-53-90-18-49-22-20-50-34-32-26-89-48-24-25-77-58|65-69-82-52-83-64-19-23-21-76-85-51-57-99-86-87-9-10-97-74-13-17-60-1-70-100|36-39-42-5-45-2-44-61-98-88-73-78-79-7-6-8-46-3-4-55-68|72-92-95-63-62-33-28-27-29-31-30-67-71-38-40-41-81-94-84-56-66-96-37-43-54-35-93-91-80
158,4,1574.3483,751.5175,187.0,889.1762,0,4,39.804874,39.831751,True,14-47-59-75-16-15-11-12-53-90-18-49-22-20-50-34-32-26-89-48-24-25-77-58|92-63-65-69-82-52-83-64-19-23-21-76-85-51-57-99-86-87-9-10-97-74-13-17-60-1-70-100|42-36-39-72-95-62-33-28-27-29-31-30-67-71-38-40-41-81-94-84-56-66-96-54-37-43-35-93-91-80|45-5-2-44-61-98-88-7-79-73-78-6-8-46-3-4-55-68
159,4,1574.705,751.1608,173.0,889.1762,0,4,39.911896,39.937426,True,14-47-59-75-16-15-11-12-53-90-18-49-22-20-50-34-32-26-89-48-24-25-77-58|63-65-69-82-52-83-64-19-23-21-76-85-51-57-99-86-87-9-10-97-74-13-17-60-1-70-100|42-36-39-72-92-95-62-33-28-27-29-31-30-67-71-38-40-41-81-94-84-56-66-96-54-37-43-35-93-91-80|45-5-2-44-61-98-88-7-79-73-78-6-8-46-3-4-55-68
160,4,1575.0044,783.4074,73.0,889.1762,0,4,40.001706,40.022163,True,47-14-59-75-16-15-11-12-53-90-18-49-22-20-50-34-32-26-89-48-24-25-77-58|63-65-69-82-52-83-64-19-23-21-76-85-51-57-99-86-87-9-10-97-74-13-17-60-100-70|39-36-42-45-5-2-44-61-98-88-78-73-7-79-6-8-46-3-4-1-55-68|72-92-95-33-28-27-29-31-30-62-67-71-38-40-41-81-94-84-56-66-96-54-37-43-35-93-91-80
161,4,1575.3165,783.0952,20.0,889.1762,0,4,40.095347,40.110551,True,14-47-59-75-16-15-11-12-88-53-90-85-49-22-20-50-34-32-26-89-48-24-25-77-58|65-82-52-83-64-19-23-21-18-76-51-57-86-87-9-10-97-74-13-17-60-100-70|42-36-39-5-45-2-98-69-44-61-7-79-73-78-99-8-6-46-3-4-1-55-68|72-92-95-63-33-28-27-29-31-30-62-67-71-38-40-41-81-94-84-56-66-96-54-37-43-35-93-91-80
162,4,1575.3165,783.0952,20.0,889.1762,0,4,40.095347,40.110551,True,14-47-59-75-16-15-11-12-88-53-90-85-49-22-20-50-34-32-26-89-48-24-25-77-58|65-82-52-83-64-19-23-21-18-76-51-57-86-87-9-10-97-74-13-17-60-100-70|42-36-39-5-45-2-98-69-44-61-7-79-73-78-99-8-6-46-3-4-1-55-68|72-92-95-63-33-28-27-29-31-30-62-67-71-38-40-41-81-94-84-56-66-96-54-37-43-35-93-91-80
163,4,1575.7535,750.1124,192.0,889.1762,0,4,40.226423,40.254011,True,14-47-59-75-16-15-11-12-88-53-90-18-49-22-20-50-34-32-26-89-48-24-25-77-58|63-65-69-82-52-83-64-19-23-21-76-85-51-57-99-86-87-9-10-97-74-13-17-60-1-70-100|42-36-39-72-92-95-62-33-28-27-29-31-30-67-71-38-40-41-81-94-84-56-66-96-54-37-43-35-93-91-80|45-5-2-44-61-98-73-78-79-7-6-8-46-3-4-55-68
164,4,1575.8617,750.0041,127.0,889.1762,0,4,40.258904,40.280008,True,14-47-59-75-16-15-11-12-53-90-18-49-22-20-50-34-32-26-89-48-24-25-77-58|92-63-65-69-82-52-83-64-19-23-21-76-85-51-57-99-86-87-9-10-97-74-13-17-60-1-70-100|42-39-36-5-45-2-44-61-98-88-73-78-79-7-6-8-46-3-4-55-68|72-95-33-28-27-29-31-30-62-67-71-38-40-41-81-94-84-56-66-96-54-37-43-35-93-91-80
165,4,1575.9293,782.4824,73.0,889.1762,0,4,40.27918,40.299776,True,14-47-59-75-16-15-11-12-53-90-18-49-22-20-50-34-32-26-89-48-24-25-77-58|63-83-65-69-82-52-64-19-23-21-76-85-51-57-99-86-87-9-10-97-74-13-17-60-100-70|39-36-42-45-5-2-44-61-98-88-78-73-7-79-6-8-46-3-4-1-55-68|72-92-95-33-28-27-29-31-30-62-67-71-38-40-41-81-94-84-56-66-96-54-37-43-35-93-91-80
166,4,1576.4899,781.9219,65.0,889.1762,0,4,40.447349,40.467229,True,14-47-59-75-16-15-11-12-53-90-18-49-22-57-20-50-34-32-26-89-48-24-25-77-58|92-83-65-69-82-52-23-21-19-64-85-76-51-99-86-87-9-10-97-74-13-17-60-100-70|36-39-42-5-45-2-44-61-98-88-78-73-7-79-6-8-46-3-4-1-55-68|72-95-63-33-28-27-29-31-30-62-67-71-38-40-41-81-94-84-56-66-96-54-37-43-35-93-91-80
167,4,1577.0122,781.3995,42.0,889.1762,0,4,40.604057,40.621715,True,14-47-59-75-16-15-11-12-53-90-18-49-22-20-50-34-32-26-89-48-24-25-77-58|92-63-65-82-52-83-64-19-23-21-76-85-51-57-99-86-87-9-10-97-74-13-17-60-100-70|36-39-42-5-45-2-44-69-98-88-78-73-7-79-6-8-46-3-4-1-55-68|72-95-33-28-27-29-31-30-62-67-71-61-41-38-40-81-94-84-56-66-96-54-37-43-35-93-91-80
168,4,1577.0474,748.8184,113.0,889.1762,0,4,40.614608,40.63449,True,14-47-59-75-16-15-11-12-53-90-18-49-22-20-50-34-32-26-89-48-24-25-77-58|63-83-65-69-82-52-64-19-23-21-76-85-51-57-99-86-87-9-10-97-74-13-17-60-1-70-100|36-39-42-5-45-2-44-61-98-88-73-78-79-7-6-8-46-3-4-55-68|72-92-95-62-33-28-27-29-31-30-67-71-40-38-41-81-94-84-56-66-96-54-37-43-35-93-91-80
169,4,1577.3401,781.0716,73.0,889.1762,0,4,40.702424,40.723232,True,14-47-59-75-16-15-11-12-53-90-18-49-22-20-50-34-32-26-89-48-24-25-77-58|63-65-69-82-52-83-64-19-23-21-76-85-51-57-99-86-87-9-10-97-74-13-17-60-100-70|39-36-42-45-5-2-44-61-98-88-78-73-7-79-6-8-46-3-4-1-55-68|72-92-95-33-28-29-27-31-30-62-67-71-38-40-41-81-94-84-56-66-96-54-37-43-35-93-91-80
170,4,1577.369,781.0428,28.0,889.1762,0,4,40.711078,40.72739,True,14-47-59-75-16-15-11-12-53-90-18-49-22-20-50-34-32-26-89-48-24-25-77-58|63-65-82-52-83-64-19-23-21-76-85-51-57-99-86-87-9-10-97-74-13-17-60-100-70|36-39-42-5-45-2-44-69-98-88-78-73-7-79-6-8-46-3-4-1-55-68|72-92-95-33-28-27-29-31-30-62-67-71-61-41-38-40-81-94-84-56-66-96-54-37-43-35-93-91-80
171,4,1577.8875,747.9784,69.0,889.1762,0,4,40.86663,40.882238,True,14-47-59-75-16-15-11-12-53-99-57-22-49-20-50-34-32-26-89-48-24-25-77-58|65-69-82-52-83-64-19-23-21-18-76-85-51-86-87-9-10-97-74-13-17-60-1-70-100|36-39-42-5-45-2-44-61-98-88-73-78-79-7-8-6-41-3-46-4-55-68|72-92-95-63-33-28-27-29-31-30-62-67-71-38-40-81-90-94-84-56-66-96-54-37-43-35-93-91-80
172,4,1577.8875,747.9784,69.0,889.1762,0,4,40.86663,40.882238,True,14-47-59-75-16-15-11-12-53-99-57-22-49-20-50-34-32-26-89-48-24-25-77-58|65-69-82-52-83-64-19-23-21-18-76-85-51-86-87-9-10-97-74-13-17-60-1-70-100|36-39-42-5-45-2-44-61-98-88-73-78-79-7-8-6-41-3-46-4-55-68|72-92-95-63-33-28-27-29-31-30-62-67-71-38-40-81-90-94-84-56-66-96-54-37-43-35-93-91-80
173,4,1578.0667,780.3451,46.0,889.1762,0,4,40.920393,40.93861,True,14-47-59-75-16-15-11-12-53-86-18-49-22-84-20-34-32-26-89-48-24-25-77-58|65-82-52-83-64-19-23-21-76-85-51-57-99-87-9-10-97-74-13-17-60-100-70|36-39-42-5-45-2-44-69-98-88-73-78-79-7-6-8-46-3-4-1-55-68|72-92-95-63-33-28-27-29-31-30-62-67-71-61-41-38-40-81-90-94-50-56-66-96-54-37-43-35-93-91-80
174,4,1579.5875,778.8243,28.0,889.1762,0,4,41.376624,41.393269,True,47-14-59-75-16-15-11-12-53-90-18-49-22-20-50-34-32-26-89-48-24-25-77-58|63-65-82-52-83-64-19-23-21-76-85-51-57-99-86-87-9-10-97-74-13-17-60-100-70|36-39-42-5-45-2-44-69-98-88-78-73-7-79-6-8-46-3-4-1-55-68|72-92-95-33-28-27-29-31-30-62-67-71-61-41-38-40-81-94-84-56-66-96-54-37-43-35-93-91-80
175,4,1579.8137,746.0522,127.0,889.1762,0,4,41.444484,41.46618,True,14-47-59-75-16-15-11-12-53-90-18-49-22-20-50-34-32-26-89-48-24-25-77-58|92-63-65-69-82-52-83-64-19-23-21-76-85-51-57-99-86-87-9-10-97-74-13-17-60-1-70-100|36-39-42-5-45-2-44-61-98-88-79-73-78-7-6-8-46-3-4-55-68|72-95-33-28-27-29-31-30-62-67-71-38-40-41-81-94-84-56-66-96-54-37-43-35-93-91-80
176,4,1580.4397,777.972,42.0,889.1762,0,4,41.632306,41.650479,True,14-47-59-75-16-15-11-12-53-90-18-49-22-20-50-34-32-26-89-48-24-25-77-58|92-63-65-82-52-83-64-19-23-21-76-85-51-57-99-86-87-9-10-97-74-13-17-60-100-70|42-39-36-5-45-2-44-69-98-88-78-73-7-79-8-6-46-3-4-1-55-68|72-95-33-28-27-29-31-30-62-67-71-61-38-40-41-81-94-84-56-66-96-54-37-43-35-93-91-80
177,4,1581.8357,744.0302,117.0,889.1762,0,4,42.051085,42.072085,True,65-47-14-59-75-16-15-11-12-53-90-18-49-22-20-50-34-32-26-89-48-24-25-77-58|92-63-95-69-82-52-83-64-19-23-21-76-85-51-57-99-86-87-9-10-97-74-13-17-60-1-70-100|36-39-42-5-45-2-44-61-98-88-78-73-7-79-6-8-46-3-4-55-68|72-33-28-27-29-31-30-62-67-71-38-40-41-81-94-84-56-66-96-54-37-43-35-93-91-80
178,4,1582.2949,743.571,117.0,889.1762,0,4,42.188848,42.209917,True,65-14-47-59-75-16-15-11-12-53-90-18-49-22-20-50-34-32-26-89-48-24-25-77-58|63-95-92-69-82-52-83-64-19-23-21-76-85-51-57-99-86-87-9-10-97-74-13-17-60-1-70-100|36-39-42-5-45-2-44-61-98-88-78-73-7-79-6-8-46-3-4-55-68|72-62-33-28-27-29-31-30-67-71-38-40-41-81-94-84-56-66-96-54-37-43-35-93-91-80
179,4,1582.4158,770.7853,110.0,883.9656,0,4,42.225121,42.248827,True,92-95-63-62-33-28-27-29-31-30-67-71-94-84-85-26-34-50-66-20-24-89-48-25-77-58|42-39-36-72-64-83-69-88-61-44-40-38-41-81-90-53-57-49-56-96-54-43-35-37-32-93-91-80|5-45-2-98-82-52-23-21-76-51-18-19-22-99-86-87-9-10-97-74-13-17-60-100-70|65-47-14-59-75-16-15-11-12-73-78-79-7-6-8-46-3-4-1-55-68
180,4,1582.4158,770.7853,110.0,883.9656,0,4,42.225121,42.248827,True,92-95-63-62-33-28-27-29-31-30-67-71-94-84-85-26-34-50-66-20-24-89-48-25-77-58|42-39-36-72-64-83-69-88-61-44-40-38-41-81-90-53-57-49-56-96-54-43-35-37-32-93-91-80|5-45-2-98-82-52-23-21-76-51-18-19-22-99-86-87-9-10-97-74-13-17-60-100-70|65-47-14-59-75-16-15-11-12-73-78-79-7-6-8-46-3-4-1-55-68
181,7,1582.5716,2743.5525,296.0,866.6214,0,7,278.869189,279.205755,True,92-95-63-33-28-27-29-31-30-62-67-71-94-84-85-50-34-26-32-56-89-48-25|72-36-39-42-2-69-98-88-61-44-40-38-41-81-96-54-43-35-37-93-91-80|5-45-47-14-11-75-23-21-18-19-76-51-66-10-17-60-100-70|65-59-16-15-12-73-78-79-7|90-53-6-8-46-3-4-1-55-68|64-83-52-99-86-57-22-20-49-24-74-58-77|82-9-87-97-13
182,4,1584.7179,741.148,127.0,889.1762,0,4,42.915748,42.938181,True,14-47-59-75-16-15-11-12-53-90-18-49-22-20-50-34-32-26-89-48-24-25-77-58|92-63-65-69-82-52-83-64-19-23-21-76-85-51-57-99-86-87-9-10-97-74-13-17-60-1-70-100|36-39-42-5-45-2-44-61-98-88-78-73-7-79-6-8-46-3-4-55-68|72-95-62-33-28-27-29-31-30-67-71-38-40-41-81-94-84-56-66-96-54-37-43-35-93-91-80
183,4,1584.9067,773.5051,47.0,889.1762,0,4,42.972381,42.991724,True,14-47-59-75-16-15-11-12-53-90-18-49-22-57-20-50-34-32-26-89-48-24-25-77-58|92-83-65-82-52-23-21-19-64-85-76-51-99-86-87-9-10-97-74-13-17-60-100-70|39-36-42-45-5-2-44-69-98-88-78-73-7-79-6-8-46-3-4-1-55-68|72-95-63-33-28-27-29-31-30-62-67-71-61-38-40-41-81-94-84-56-66-96-54-37-43-35-93-91-80
184,4,1585.0746,740.7912,113.0,889.1762,0,4,43.02277,43.043856,True,14-47-59-75-16-15-11-12-53-90-18-49-22-20-50-34-32-26-89-48-24-25-77-58|63-65-69-82-52-83-64-19-23-21-76-85-51-57-99-86-87-9-10-97-74-13-17-60-1-70-100|36-39-42-5-45-2-44-61-98-88-78-73-7-79-6-8-46-3-4-55-68|72-92-95-62-33-28-27-29-31-30-67-71-38-40-41-81-94-84-56-66-96-54-37-43-35-93-91-80
185,4,1586.5142,739.3517,113.0,889.1762,0,4,43.454632,43.475934,True,14-47-59-75-16-15-11-12-53-90-18-49-22-20-50-34-32-26-89-48-24-25-77-58|63-65-69-82-52-83-64-19-23-21-76-85-51-57-99-86-87-9-10-97-74-13-17-60-1-70-100|36-39-42-5-45-2-44-61-98-88-78-73-7-79-6-8-46-3-4-55-68|72-92-95-62-33-28-27-29-31-30-67-71-40-38-41-81-94-84-56-66-96-54-37-43-35-93-91-80
186,4,1588.2978,737.568,127.0,889.1762,0,4,43.989731,44.0127,True,14-47-59-75-16-15-11-12-53-90-18-49-22-20-50-34-32-26-89-48-24-25-77-58|92-63-65-69-82-52-83-64-19-23-21-76-85-51-57-99-86-87-9-10-97-74-13-17-60-1-70-100|36-39-42-5-45-2-44-61-98-88-78-73-7-79-6-8-46-3-4-55-68|72-95-33-28-27-29-31-30-62-67-71-38-40-41-81-94-84-56-66-96-54-37-43-35-93-91-80
187,4,1588.4719,737.394,127.0,889.1762,0,4,44.041947,44.064943,True,14-47-59-75-16-15-11-12-53-90-18-49-22-20-50-34-32-26-89-48-24-25-77-58|92-63-65-69-82-52-83-64-19-23-21-76-85-51-57-99-86-87-9-10-97-74-13-17-60-1-70-100|42-39-36-5-45-2-44-61-98-88-78-73-7-79-6-8-46-3-4-55-68|72-95-33-28-27-29-31-30-62-67-71-38-40-41-81-94-84-56-66-96-54-37-43-35-93-91-80
188,4,1589.276,736.5898,205.0,889.1762,0,4,44.283196,44.314112,True,14-47-59-75-16-15-11-12-88-53-99-90-57-22-49-20-50-34-32-26-89-48-24-25-77-58|92-63-83-65-69-98-82-52-23-21-19-64-51-85-76-18-86-87-9-10-97-74-13-17-60-1-70-100|36-39-72-95-33-28-27-29-31-30-62-67-71-61-38-40-41-81-94-84-56-66-96-54-37-43-35-93-91-80|45-5-42-44-2-79-73-78-7-6-8-46-3-4-55-68
189,4,1591.4496,711.8764,166.0,889.1762,0,4,44.935274,44.959235,True,65-59-47-14-12-11-15-16-75-87-9-99-86-57-22-49-20-50-34-32-26-89-48-24-25-77-58|69-98-82-83-52-64-19-23-21-18-76-51-85-84-90-53-10-97-74-13-17-4-1-60-100-70|72-39-42-45-5-2-44-61-88-73-78-79-7-6-8-46-3-55-68-43-35-54-93-91-80|36-92-95-63-33-28-27-29-31-30-62-67-71-38-40-41-81-94-37-96-56-66
190,4,1591.4496,711.8764,166.0,889.1762,0,4,44.935274,44.959235,True,65-59-47-14-12-11-15-16-75-87-9-99-86-57-22-49-20-50-34-32-26-89-48-24-25-77-58|69-98-82-83-52-64-19-23-21-18-76-51-85-84-90-53-10-97-74-13-17-4-1-60-100-70|72-39-42-45-5-2-44-61-88-73-78-79-7-6-8-46-3-55-68-43-35-54-93-91-80|36-92-95-63-33-28-27-29-31-30-62-67-71-38-40-41-81-94-37-96-56-66
191,4,1592.3158,733.5501,85.0,889.1762,0,4,45.195113,45.214485,True,14-47-59-75-16-15-11-12-53-90-18-49-22-57-20-50-34-32-26-89-48-24-25-77-58|83-65-69-82-52-23-21-19-64-85-76-51-99-86-87-9-10-97-74-13-17-60-1-70-100|36-39-42-5-45-2-44-61-98-88-78-73-7-79-6-8-46-3-4-55-68|72-92-95-63-33-28-27-29-31-30-62-67-71-81-38-40-41-94-84-56-66-96-54-37-43-35-93-91-80
192,4,1592.3158,733.5501,85.0,889.1762,0,4,45.195113,45.214485,True,14-47-59-75-16-15-11-12-53-90-18-49-22-57-20-50-34-32-26-89-48-24-25-77-58|83-65-69-82-52-23-21-19-64-85-76-51-99-86-87-9-10-97-74-13-17-60-1-70-100|36-39-42-5-45-2-44-61-98-88-78-73-7-79-6-8-46-3-4-55-68|72-92-95-63-33-28-27-29-31-30-62-67-71-81-38-40-41-94-84-56-66-96-54-37-43-35-93-91-80
193,4,1592.6523,765.7595,55.0,889.1762,0,4,45.296064,45.317369,True,65-14-47-59-75-52-11-16-12-53-90-18-49-22-20-50-34-32-26-89-48-24-25-77-58|69-98-82-83-64-19-23-21-76-85-51-57-99-86-87-9-10-97-74-13-17-60-100-70|36-39-42-5-45-2-15-88-44-7-73-78-79-6-8-46-3-4-1-55-68|72-92-95-63-33-28-27-29-31-30-62-67-71-61-41-38-40-81-94-84-56-66-96-54-37-43-35-93-91-80
194,4,1592.6523,765.7595,55.0,889.1762,0,4,45.296064,45.317369,True,65-14-47-59-75-52-11-16-12-53-90-18-49-22-20-50-34-32-26-89-48-24-25-77-58|69-98-82-83-64-19-23-21-76-85-51-57-99-86-87-9-10-97-74-13-17-60-100-70|36-39-42-5-45-2-15-88-44-7-73-78-79-6-8-46-3-4-1-55-68|72-92-95-63-33-28-27-29-31-30-62-67-71-61-41-38-40-81-94-84-56-66-96-54-37-43-35-93-91-80
195,4,1595.0815,730.7843,68.0,889.1762,0,4,46.024844,46.042931,True,14-47-59-75-16-15-11-12-53-90-18-49-22-20-50-34-32-26-89-48-24-25-77-58|63-65-82-52-83-64-19-23-21-76-85-51-57-99-86-87-9-10-97-74-13-17-60-1-70-100|36-39-42-5-45-2-44-69-98-88-78-73-7-79-6-8-46-3-4-55-68|72-92-95-33-28-27-29-31-30-62-67-71-61-41-38-40-81-94-84-56-66-96-54-37-43-35-93-91-80
196,4,1595.4083,747.1456,44.0,889.1762,0,4,46.122869,46.141108,True,65-14-47-59-75-16-15-11-12-53-90-18-49-22-20-50-34-32-26-89-48-24-25-77-58|69-82-52-83-64-19-23-21-76-85-51-57-99-86-87-9-10-97-74-13-17-60-100-70|36-39-42-5-45-2-44-88-98-78-73-7-79-6-8-46-3-96-68-4-1-55|72-92-95-63-33-28-27-29-31-30-62-67-71-61-41-38-40-81-94-84-56-66-54-43-37-35-93-91-80
197,4,1595.4083,747.1456,44.0,889.1762,0,4,46.122869,46.141108,True,65-14-47-59-75-16-15-11-12-53-90-18-49-22-20-50-34-32-26-89-48-24-25-77-58|69-82-52-83-64-19-23-21-76-85-51-57-99-86-87-9-10-97-74-13-17-60-100-70|36-39-42-5-45-2-44-88-98-78-73-7-79-6-8-46-3-96-68-4-1-55|72-92-95-63-33-28-27-29-31-30-62-67-71-61-41-38-40-81-94-84-56-66-54-43-37-35-93-91-80
198,4,1595.4291,730.4367,147.0,889.1762,0,4,46.129118,46.155157,True,65-14-47-59-52-82-69-12-11-15-16-75-87-86-18-49-22-20-50-34-32-26-89-48-24-25-77-58|92-63-64-83-19-23-21-76-85-51-57-99-53-9-10-97-74-13-17-60-1-70-100|36-39-42-5-45-2-44-61-98-88-78-73-7-79-6-8-46-3-4-55-68|72-95-33-28-27-29-31-30-62-67-71-38-40-41-81-90-94-84-56-66-96-54-37-43-35-93-91-80
199,4,1595.8488,730.017,68.0,889.1762,0,4,46.255032,46.273234,True,14-47-59-75-16-15-11-12-53-90-18-49-22-20-50-34-32-26-89-48-24-25-77-58|63-65-82-52-83-64-19-23-21-76-85-51-57-99-86-87-9-10-97-74-13-17-60-1-70-100|36-39-42-5-45-2-44-69-98-88-78-73-7-6-79-8-46-3-4-55-68|72-92-95-33-28-27-29-31-30-62-67-71-61-41-38-40-81-94-84-56-66-96-54-37-43-35-93-91-80
200,4,1596.7805,729.0854,98.0,889.1762,0,4,46.534525,46.555867,True,47-14-59-75-16-15-11-12-53-90-18-49-22-57-20-50-34-32-26-89-48-24-25-77-58|92-83-65-69-82-52-23-21-19-64-85-76-51-99-86-87-9-10-97-74-13-17-60-1-70-100|36-39-42-5-45-2-44-61-98-88-73-78-79-7-6-8-46-3-4-55-68|72-95-63-62-33-28-27-29-31-30-67-71-38-40-41-81-94-84-56-66-96-54-37-43-35-93-91-80
201,4,1596.8527,729.0132,113.0,889.1762,0,4,46.556186,46.579038,True,14-47-59-75-16-15-11-12-53-90-18-49-22-20-50-34-32-26-89-48-24-25-77-58|63-65-69-82-52-83-64-19-21-23-76-85-51-57-99-86-87-9-10-97-74-13-17-60-1-70-100|36-39-42-5-45-2-44-61-98-88-78-73-7-79-6-8-46-3-4-55-68|92-72-95-62-33-28-27-29-31-30-67-71-40-38-41-81-94-84-56-66-96-54-37-43-35-93-91-80
202,4,1597.3631,728.5028,127.0,889.1762,0,4,46.709297,46.733627,True,14-47-59-75-16-15-11-12-53-90-18-49-22-20-50-34-32-26-89-48-24-25-77-58|92-63-65-69-82-52-83-64-19-23-21-76-85-51-57-99-86-87-9-10-97-74-13-17-60-1-70-100|36-42-39-5-45-2-44-61-98-88-78-73-7-79-6-8-46-3-4-55-68|72-95-33-28-27-29-31-30-62-67-71-38-40-41-81-94-84-56-66-96-54-37-43-35-93-91-80
203,4,1597.4667,728.3991,68.0,889.1762,0,4,46.740394,46.758838,True,14-47-59-75-16-15-11-12-53-90-18-49-22-20-50-34-32-26-89-48-24-25-77-58|63-65-82-52-83-64-19-23-21-76-85-51-57-99-86-87-9-10-97-74-13-17-60-1-70-100|36-39-42-5-45-2-44-69-98-88-78-73-7-79-6-8-46-3-4-55-68|72-92-95-33-28-27-31-29-30-62-67-71-61-41-38-40-81-94-84-56-66-96-54-37-43-35-93-91-80
204,4,1598.2249,727.6409,68.0,889.1762,0,4,46.967863,46.986422,True,14-47-59-75-16-15-11-12-53-90-18-49-22-20-50-34-32-26-89-48-24-25-77-58|63-83-65-82-52-64-19-23-21-76-85-51-57-99-86-87-9-10-97-74-13-17-60-1-70-100|36-39-42-5-45-2-44-69-98-88-78-73-7-79-6-8-46-3-4-55-68|72-92-95-33-28-27-29-31-30-62-67-71-61-41-38-40-81-94-84-56-66-96-54-37-43-35-93-91-80
205,4,1602.3061,723.5598,113.0,889.1762,0,4,48.192199,48.21587,True,59-14-47-15-12-11-16-75-99-53-90-51-49-22-20-50-34-32-26-89-48-24-25-77-58|92-63-65-69-82-52-83-64-19-23-21-18-76-85-57-86-87-9-10-97-74-13-17-60-1-70-100|42-39-36-5-45-2-44-61-98-88-73-78-79-7-6-8-46-3-4-55-68|72-95-33-28-27-29-31-30-62-67-71-38-40-41-81-94-84-56-66-96-54-37-43-35-93-91-80
206,4,1603.0851,722.7808,68.0,889.1762,0,4,48.42591,48.445197,True,14-47-59-75-16-15-11-12-53-90-18-49-22-20-50-34-32-26-89-48-24-25-77-58|65-63-82-52-83-64-19-23-21-76-85-51-57-99-86-87-9-10-97-74-13-17-60-1-70-100|36-39-42-5-45-2-44-69-98-88-78-73-7-79-6-8-46-3-4-55-68|72-92-95-33-28-27-29-31-30-62-67-71-61-41-38-40-81-94-84-56-66-96-54-37-43-35-93-91-80
207,4,1604.3968,721.469,127.0,889.1762,0,4,48.819434,48.844819,True,14-47-59-75-16-15-11-12-53-90-18-49-22-20-50-34-32-26-89-48-24-25-77-58|92-63-65-69-82-52-83-64-19-23-21-76-85-51-57-99-86-87-9-10-97-74-13-17-60-1-70-100|36-39-42-5-45-2-44-61-98-7-88-78-73-79-6-8-46-3-4-55-68|72-95-33-28-27-29-31-30-62-67-71-38-40-41-81-94-84-56-66-96-54-37-43-35-93-91-80
208,4,1604.4117,721.4541,122.0,889.1762,0,4,48.823896,48.848783,True,14-47-59-75-16-15-11-12-53-90-18-49-22-57-20-50-34-32-26-89-48-24-25-77-58|92-63-83-65-69-98-82-52-23-21-19-64-85-76-51-99-86-87-9-10-97-74-13-17-60-1-70-100|39-36-42-45-5-2-44-61-88-73-78-79-7-6-8-46-3-4-55-68|72-95-62-33-28-27-29-31-30-67-71-38-40-41-81-94-84-56-66-96-54-37-43-35-93-91-80
209,4,1605.7781,720.0878,113.0,889.1762,0,4,49.233808,49.258,True,14-47-59-75-16-15-11-12-53-90-18-49-22-20-50-34-32-26-89-48-24-25-77-58|63-65-69-82-52-83-64-19-23-21-76-85-51-57-99-86-87-9-97-10-74-13-17-60-1-70-100|36-39-42-5-45-2-44-61-98-88-78-73-7-79-6-8-46-3-4-55-68|72-92-95-62-33-28-27-29-31-30-67-71-40-38-41-81-94-84-56-66-96-54-37-43-35-93-91-80
210,4,1606.9498,718.916,127.0,889.1762,0,4,49.585324,49.611092,True,14-47-59-75-16-15-11-12-53-90-18-49-22-20-50-34-32-26-89-48-24-25-77-58|63-92-65-69-82-52-83-64-19-23-21-76-85-51-57-99-86-87-9-10-97-74-13-17-60-1-70-100|36-42-39-5-45-2-44-61-98-88-78-73-7-79-8-6-46-3-4-55-68|72-95-33-28-27-29-31-30-62-67-71-38-40-41-81-94-84-56-66-96-54-37-43-35-93-91-80
211,4,1607.1549,773.4893,38.0,889.1762,0,4,49.646842,49.671956,True,45-14-47-59-75-16-15-11-12-53-90-18-49-22-20-50-34-32-26-89-48-24-25-77-58|42-72-92-95-63-33-28-27-29-31-30-62-67-71-61-41-38-40-81-94-84-56-66-96-54-37-43-35-93-91-80|39-36-5-2-69-98-88-44-7-79-73-78-6-8-46-3-4-1-55-68-70-100|65-82-52-83-64-19-23-21-76-85-51-57-99-86-87-9-10-97-74-13-17-60
212,4,1607.3679,718.498,78.0,889.1762,0,4,49.710749,49.731679,True,14-47-59-75-16-15-11-12-53-90-18-49-22-20-50-34-32-26-89-48-24-25-77-58|63-65-82-52-83-64-19-23-21-76-85-51-57-99-86-87-9-10-97-74-13-17-60-1-70-100|42-72-92-95-33-28-27-29-31-30-62-67-71-61-41-38-40-81-94-84-56-66-96-54-37-43-35-93-91-80|39-36-5-45-2-44-69-98-88-79-73-78-7-6-8-46-3-4-55-68
213,4,1608.44,717.4258,45.0,889.1762,0,4,50.032392,50.050183,True,65-14-47-59-75-16-15-11-12-53-90-18-49-22-20-50-34-32-26-89-48-24-25-77-58|92-63-64-83-82-52-21-23-19-76-85-51-57-86-87-9-10-97-74-13-17-60-1-70-100|42-39-36-5-45-2-44-69-98-99-88-78-73-7-79-6-8-46-3-4-55-68|72-95-33-28-27-29-31-30-62-67-71-61-38-40-41-81-94-84-56-66-96-54-37-43-35-93-91-80
214,4,1608.44,717.4258,45.0,889.1762,0,4,50.032392,50.050183,True,65-14-47-59-75-16-15-11-12-53-90-18-49-22-20-50-34-32-26-89-48-24-25-77-58|92-63-64-83-82-52-21-23-19-76-85-51-57-86-87-9-10-97-74-13-17-60-1-70-100|42-39-36-5-45-2-44-69-98-99-88-78-73-7-79-6-8-46-3-4-55-68|72-95-33-28-27-29-31-30-62-67-71-61-38-40-41-81-94-84-56-66-96-54-37-43-35-93-91-80
215,4,1615.3872,687.3962,128.0,889.1762,0,4,52.116544,52.140214,True,65-59-47-14-11-12-15-16-52-75-87-86-99-22-49-20-50-34-32-26-89-48-24-25-77-58|69-98-82-83-64-19-23-21-18-76-85-51-57-9-10-97-74-13-17-4-1-60-100-70|39-36-42-45-5-2-44-61-88-73-79-8-7-78-53-6-46-3-68-54-37-43-35-93-91-80|72-92-95-63-33-28-27-29-31-30-62-67-71-38-40-41-81-90-94-84-56-66-96-55
216,4,1615.3872,687.3962,128.0,889.1762,0,4,52.116544,52.140214,True,65-59-47-14-11-12-15-16-52-75-87-86-99-22-49-20-50-34-32-26-89-48-24-25-77-58|69-98-82-83-64-19-23-21-18-76-85-51-57-9-10-97-74-13-17-4-1-60-100-70|39-36-42-45-5-2-44-61-88-73-79-8-7-78-53-6-46-3-68-54-37-43-35-93-91-80|72-92-95-63-33-28-27-29-31-30-62-67-71-38-40-41-81-90-94-84-56-66-96-55
217,8,1617.6587,3432.5803,97.0,880.0726,0,8,382.223359,382.656223,True,45-5-42-39-36-44-40-38-41-81-80|82-98-88-53-10-97-17-13-74-58-77-25|90-84-94-96-54-37-35-43-1-4-60-100-70|92-95-63-62-71-67-29-30-26-34-50-32|72-27-28-31-33-85-51-76-89-48-24-93|69-2-61-73-79-7-6-8-46-3-55-68-66|59-14-47-16-15-11-12-78-99-9-87-86-57|65-64-83-52-75-23-21-18-19-49-22-20-56-91
218,4,1619.1062,706.7597,127.0,889.1762,0,4,53.232238,53.259829,True,59-14-47-15-75-16-11-12-53-90-18-49-22-20-50-34-32-26-89-48-24-25-77-58|92-63-65-69-82-52-83-64-19-23-21-76-85-51-57-99-86-87-9-10-97-74-13-17-60-1-70-100|42-39-36-5-45-2-44-61-98-88-78-73-7-79-6-8-46-3-4-55-68|72-95-33-28-27-29-31-30-62-67-71-38-40-41-81-94-84-56-66-96-54-37-43-35-93-91-80
219,4,1619.2342,706.6316,69.0,889.1762,0,4,53.270652,53.292462,True,65-59-47-14-82-75-16-15-11-12-53-90-18-49-22-20-50-34-32-26-89-48-24-25-77-58|95-63-64-83-52-21-23-19-76-85-51-57-99-86-87-9-10-97-74-13-17-60-1-70-100|36-39-42-5-45-2-44-69-98-88-78-73-7-79-6-8-46-3-4-55-68|92-72-33-28-27-29-31-30-62-67-71-61-41-38-40-81-94-84-56-66-96-54-37-43-35-93-91-80
220,4,1619.2342,706.6316,69.0,889.1762,0,4,53.270652,53.292462,True,65-59-47-14-82-75-16-15-11-12-53-90-18-49-22-20-50-34-32-26-89-48-24-25-77-58|95-63-64-83-52-21-23-19-76-85-51-57-99-86-87-9-10-97-74-13-17-60-1-70-100|36-39-42-5-45-2-44-69-98-88-78-73-7-79-6-8-46-3-4-55-68|92-72-33-28-27-29-31-30-62-67-71-61-41-38-40-81-94-84-56-66-96-54-37-43-35-93-91-80
221,4,1620.7177,705.1482,120.0,889.1762,0,4,53.715685,53.742818,True,14-47-59-75-16-15-11-12-53-90-18-49-22-20-50-34-32-26-89-48-24-25-77-58|63-65-82-52-83-64-19-23-21-76-85-51-57-99-86-87-9-10-97-74-13-17-60-1-70-100|72-42-5-45-2-44-69-98-88-78-73-7-79-6-8-46-3-4-55-68|36-39-92-95-33-28-27-29-31-30-62-67-71-61-38-40-41-81-94-84-56-66-96-54-37-43-35-93-91-80
222,4,1620.9132,732.288,88.0,883.9656,0,4,53.774335,53.801615,True,92-95-63-33-28-27-29-31-30-62-71-67-85-76-51-18-49-84-26-34-50-56-66-20-24-89-48-25-77-58|72-36-39-42-2-88-44-40-38-61-41-81-90-94-96-54-43-35-37-32-93-91-80|5-45-69-98-82-83-52-64-19-23-21-22-57-99-86-87-9-10-97-74-13-17-60-100-70|65-59-14-47-15-75-16-11-12-73-78-79-7-8-53-6-46-3-4-1-55-68
223,4,1620.9132,732.288,88.0,883.9656,0,4,53.774335,53.801615,True,92-95-63-33-28-27-29-31-30-62-71-67-85-76-51-18-49-84-26-34-50-56-66-20-24-89-48-25-77-58|72-36-39-42-2-88-44-40-38-61-41-81-90-94-96-54-43-35-37-32-93-91-80|5-45-69-98-82-83-52-64-19-23-21-22-57-99-86-87-9-10-97-74-13-17-60-100-70|65-59-14-47-15-75-16-11-12-73-78-79-7-8-53-6-46-3-4-1-55-68
224,4,1621.7617,704.1041,104.0,889.1762,0,4,54.028893,54.054582,True,14-47-59-75-16-15-11-12-53-90-18-49-22-57-20-50-34-32-26-89-48-24-25-77-58|92-63-83-65-69-82-52-23-21-19-64-85-76-51-99-86-87-9-10-97-74-13-17-60-1-70-100|36-39-42-5-45-2-44-61-98-88-78-73-7-79-6-8-46-3-4-55-68|72-95-33-28-27-29-31-30-62-67-71-38-40-41-81-94-84-56-66-96-54-37-43-35-93-91-80
225,4,1623.9802,701.8857,104.0,889.1762,0,4,54.694438,54.72046,True,47-14-59-75-16-15-11-12-53-90-18-49-22-57-20-50-34-32-26-89-48-24-25-77-58|92-63-83-65-69-82-52-23-21-19-64-85-76-51-99-86-87-9-10-97-74-13-17-60-1-70-100|36-39-42-5-45-2-44-61-98-88-78-73-7-79-6-8-46-3-4-55-68|72-95-33-28-27-29-31-30-62-67-71-38-40-41-81-94-84-56-66-96-54-37-43-35-93-91-80
226,4,1624.4974,701.78,104.0,889.1762,0,4,54.849599,54.87576,True,47-14-59-75-16-15-11-12-53-90-18-49-22-57-20-50-34-32-26-89-48-24-25-77-58|92-63-83-65-69-82-52-23-21-19-64-85-76-51-99-86-87-9-10-97-74-13-17-60-1-100-70|36-39-42-5-45-2-44-61-98-88-78-73-7-79-6-8-46-3-4-55-68|72-95-33-28-27-29-31-30-62-67-71-38-40-41-81-94-84-56-66-96-54-37-43-35-93-91-80
227,4,1625.0148,700.8511,127.0,889.1762,0,4,55.004817,55.033294,True,14-47-59-75-16-15-11-12-53-90-18-49-22-20-50-34-32-26-89-48-24-25-77-58|92-63-65-69-82-52-83-64-19-23-21-76-85-51-57-99-86-87-9-10-97-74-13-17-60-1-70-100|36-39-42-5-45-2-44-61-98-88-78-73-7-79-6-8-46-3-4-55-68|72-95-62-33-28-27-29-31-30-67-71-38-40-41-81-94-84-56-66-96-37-43-54-35-93-91-80
228,4,1625.0326,700.8333,104.0,889.1762,0,4,55.010161,55.036341,True,47-14-59-75-16-15-11-12-53-90-18-49-22-57-20-50-34-32-26-89-48-24-25-77-58|92-63-83-65-69-82-52-23-21-19-64-85-76-51-99-86-87-9-10-97-74-13-17-60-1-70-100|36-39-42-5-45-2-44-61-98-88-7-78-73-79-6-8-46-3-4-55-68|72-95-33-28-27-29-31-30-62-67-71-38-40-41-81-94-84-56-66-96-54-37-43-35-93-91-80
229,4,1625.7398,700.1261,127.0,889.1762,0,4,55.222318,55.250904,True,14-47-59-75-16-15-11-12-53-90-18-49-22-20-50-34-32-26-89-48-24-25-77-58|92-63-65-69-82-52-83-64-19-23-21-76-85-51-57-99-86-87-9-10-97-74-13-17-60-1-70-100|36-39-42-5-45-2-44-61-98-88-78-73-7-79-6-8-46-3-4-55-68|72-95-33-62-28-27-29-31-30-67-71-38-40-41-81-94-84-56-66-96-54-37-43-35-93-91-80
230,4,1625.7532,700.1127,104.0,889.1762,0,4,55.226337,55.252625,True,47-14-59-75-15-16-11-12-53-90-18-49-22-57-20-50-34-32-26-89-48-24-25-77-58|92-63-83-65-69-82-52-23-21-19-64-85-76-51-99-86-87-9-10-97-74-13-17-60-1-70-100|36-39-42-5-45-2-44-61-98-88-78-73-7-79-6-8-46-3-4-55-68|72-95-33-28-27-29-31-30-62-67-71-38-40-41-81-94-84-56-66-96-54-37-43-35-93-91-80
231,10,1626.1628,4264.1418,241.0,854.119,0,10,506.957586,507.528843,True,5-45-2-6-7-79-8-46-3-4-1-55-68|14-47-59-75-16-15-11-12-88-73-78-53-90|92-95-63-33-31-29-27-30-28-26-34-50-32-89-77-58|72-42-39-36-38-44-40-61-41-81-94-96-54-43-35-37-93|65-71-67-62-85-76-84-56-66-91-80|69-98-82-52-99-86-87-9-10-97-13-17-60-100-70|19-48-25|51-22-20-49-24-74|64-18-57|83-23-21
232,4,1626.8012,699.0647,60.0,889.1762,0,4,55.540735,55.56278,True,14-59-82-52-11-47-12-15-16-75-86-87-9-99-53-90-50-34-32-26-89-48-24-25-77-58|65-83-63-64-19-23-21-18-76-85-51-57-22-49-20-10-97-74-13-17-60-1-70-100|36-39-42-5-45-2-44-69-98-88-78-73-7-79-6-8-46-3-4-55-68|72-92-95-33-28-27-29-31-30-62-67-71-61-41-38-40-81-94-84-56-66-96-54-37-43-35-93-91-80
233,4,1626.8012,699.0647,60.0,889.1762,0,4,55.540735,55.56278,True,14-59-82-52-11-47-12-15-16-75-86-87-9-99-53-90-50-34-32-26-89-48-24-25-77-58|65-83-63-64-19-23-21-18-76-85-51-57-22-49-20-10-97-74-13-17-60-1-70-100|36-39-42-5-45-2-44-69-98-88-78-73-7-79-6-8-46-3-4-55-68|72-92-95-33-28-27-29-31-30-62-67-71-61-41-38-40-81-94-84-56-66-96-54-37-43-35-93-91-80
234,4,1626.9076,675.8758,111.0,889.1762,0,4,55.572656,55.596355,True,65-59-14-47-11-12-15-16-52-75-86-99-22-49-20-50-34-32-26-89-48-24-25-77-58|69-98-82-83-64-19-23-21-18-76-85-51-57-87-9-10-97-74-13-17-4-1-60-100-70|72-39-42-45-5-2-44-61-88-7-79-73-78-53-6-8-46-3-68-54-37-43-35-93-91-80|36-92-95-63-33-28-27-29-31-30-62-67-71-38-40-41-81-90-94-84-56-66-96-55
235,4,1626.9076,675.8758,111.0,889.1762,0,4,55.572656,55.596355,True,65-59-14-47-11-12-15-16-52-75-86-99-22-49-20-50-34-32-26-89-48-24-25-77-58|69-98-82-83-64-19-23-21-18-76-85-51-57-87-9-10-97-74-13-17-4-1-60-100-70|72-39-42-45-5-2-44-61-88-7-79-73-78-53-6-8-46-3-68-54-37-43-35-93-91-80|36-92-95-63-33-28-27-29-31-30-62-67-71-38-40-41-81-90-94-84-56-66-96-55
236,4,1628.5162,697.3496,68.0,889.1762,0,4,56.055255,56.078358,True,14-47-59-75-16-15-11-12-53-90-18-22-84-50-34-32-26-89-48-24-25-77-58|63-65-82-52-83-64-19-23-21-76-85-51-57-99-86-87-9-10-97-74-13-17-60-1-70-100|36-39-42-5-45-2-44-69-98-88-78-73-7-79-6-8-46-3-4-55-68|72-92-95-33-28-27-29-31-30-62-67-71-61-41-38-40-81-94-49-20-66-56-96-54-37-43-35-93-91-80
237,4,1628.6129,660.4739,129.0,889.1762,0,4,56.084256,56.107956,True,65-59-47-14-12-11-15-16-75-87-86-18-49-22-57-20-50-34-32-26-89-48-24-25-77-58|69-82-52-83-64-19-23-21-76-85-51-99-53-9-10-97-74-13-17-4-1-60-100-70|72-39-42-45-5-2-44-61-98-88-78-73-7-79-6-8-46-3-55-54-37-43-35-93-91-80|36-92-95-63-33-28-27-29-31-30-62-67-71-38-40-41-81-90-94-84-56-66-96-68
238,4,1628.6129,660.4739,129.0,889.1762,0,4,56.084256,56.107956,True,65-59-47-14-12-11-15-16-75-87-86-18-49-22-57-20-50-34-32-26-89-48-24-25-77-58|69-82-52-83-64-19-23-21-76-85-51-99-53-9-10-97-74-13-17-4-1-60-100-70|72-39-42-45-5-2-44-61-98-88-78-73-7-79-6-8-46-3-55-54-37-43-35-93-91-80|36-92-95-63-33-28-27-29-31-30-62-67-71-38-40-41-81-90-94-84-56-66-96-68
239,4,1632.8855,678.9039,74.0,889.1762,0,4,57.366042,57.388288,True,65-14-47-59-75-16-15-11-12-53-90-85-49-22-20-50-34-32-26-89-48-24-25-77-58|69-82-52-83-64-19-23-21-18-76-51-57-86-87-9-10-97-74-13-17-60-1-70-100|36-39-42-5-45-2-44-88-98-99-73-78-79-7-6-8-46-3-37-43-4-68|72-92-95-63-33-28-27-29-31-30-62-67-71-61-41-38-40-81-94-84-56-66-55-96-54-35-93-91-80
240,4,1632.8855,678.9039,74.0,889.1762,0,4,57.366042,57.388288,True,65-14-47-59-75-16-15-11-12-53-90-85-49-22-20-50-34-32-26-89-48-24-25-77-58|69-82-52-83-64-19-23-21-18-76-51-57-86-87-9-10-97-74-13-17-60-1-70-100|36-39-42-5-45-2-44-88-98-99-73-78-79-7-6-8-46-3-37-43-4-68|72-92-95-63-33-28-27-29-31-30-62-67-71-61-41-38-40-81-94-84-56-66-55-96-54-35-93-91-80
241,6,1634.0612,2039.8033,163.0,871.7854,0,6,173.306799,173.540425,True,5-45-2-6-7-8-46-3-4-1-55-68|14-47-59-75-16-15-11-12-88-79-73-78-53-90|92-95-63-33-28-29-31-30-27-26-34-50-32-66-25-58|72-36-39-42-44-40-38-61-41-81-84-94-96-54-43-35-37-93|65-83-23-21-64-62-67-71-85-76-51-18-49-22-57-97-20-56-89-48-77-91-80|69-98-82-19-52-99-86-87-9-10-24-74-13-17-60-100-70
242,4,1635.2931,717.908,107.0,883.9656,0,4,58.088307,58.119644,True,92-95-63-33-28-27-29-31-30-62-67-85-51-76-18-22-49-84-26-34-50-56-66-20-24-89-48-25-77-58|72-36-39-42-5-2-69-98-88-61-44-40-38-41-81-53-90-94-96-54-43-35-37-32-93-91-80|65-14-47-59-83-75-16-15-11-12-73-78-79-7-6-8-46-3-4-1-55-68|45-82-52-23-21-19-64-71-99-57-86-87-9-10-97-74-13-17-60-100-70
243,4,1635.2931,717.908,107.0,883.9656,0,4,58.088307,58.119644,True,92-95-63-33-28-27-29-31-30-62-67-85-51-76-18-22-49-84-26-34-50-56-66-20-24-89-48-25-77-58|72-36-39-42-5-2-69-98-88-61-44-40-38-41-81-53-90-94-96-54-43-35-37-32-93-91-80|65-14-47-59-83-75-16-15-11-12-73-78-79-7-6-8-46-3-4-1-55-68|45-82-52-23-21-19-64-71-99-57-86-87-9-10-97-74-13-17-60-100-70
244,4,1638.3834,687.4824,36.0,889.1762,0,4,59.01541,59.036792,True,14-47-59-75-16-15-12-99-53-90-51-49-22-20-50-34-32-26-89-48-24-25-77-58|63-65-82-52-83-64-19-23-21-18-76-85-57-86-87-9-10-97-74-13-17-60-1-70-100|36-39-42-5-45-2-44-69-98-11-88-78-73-7-79-6-8-46-3-4-55-68|72-92-95-33-28-27-29-31-30-62-67-71-61-41-38-40-81-94-84-56-66-96-54-37-43-35-93-91-80
245,4,1638.3834,687.4824,36.0,889.1762,0,4,59.01541,59.036792,True,14-47-59-75-16-15-12-99-53-90-51-49-22-20-50-34-32-26-89-48-24-25-77-58|63-65-82-52-83-64-19-23-21-18-76-85-57-86-87-9-10-97-74-13-17-60-1-70-100|36-39-42-5-45-2-44-69-98-11-88-78-73-7-79-6-8-46-3-4-55-68|72-92-95-33-28-27-29-31-30-62-67-71-61-41-38-40-81-94-84-56-66-96-54-37-43-35-93-91-80
246,4,1639.2187,686.6471,68.0,889.1762,0,4,59.265997,59.290705,True,14-47-59-75-16-15-11-12-53-90-18-49-22-20-50-34-32-26-89-48-24-25-77-58|63-65-82-52-83-64-19-23-21-76-85-51-57-99-86-87-9-10-97-74-13-17-60-1-70-100|36-39-42-45-2-5-69-98-44-88-78-73-7-79-6-8-46-3-4-55-68|72-92-95-33-28-27-29-31-30-62-67-71-61-41-38-40-81-94-84-56-66-96-54-37-43-35-93-91-80
247,5,1641.1554,1430.6915,180.0,880.0726,0,5,81.940034,82.087064,True,69-82-98-88-7-53-99-57-86-87-9-97-10-17-13-74-58-77-25|65-14-47-59-52-83-64-19-23-21-18-76-85-90-94-32-66-91-60-100-70|36-39-42-5-45-2-11-75-15-16-12-78-73-79-6-8-46-3-4-1-55|92-95-63-62-33-28-27-29-31-30-67-84-51-22-49-26-34-50-56-20-24-48-89-93-80|72-71-61-44-40-38-41-81-96-54-37-35-43-68
248,5,1641.1554,1430.6915,180.0,880.0726,0,5,81.940034,82.087064,True,69-82-98-88-7-53-99-57-86-87-9-97-10-17-13-74-58-77-25|65-14-47-59-52-83-64-19-23-21-18-76-85-90-94-32-66-91-60-100-70|36-39-42-5-45-2-11-75-15-16-12-78-73-79-6-8-46-3-4-1-55|92-95-63-62-33-28-27-29-31-30-67-84-51-22-49-26-34-50-56-20-24-48-89-93-80|72-71-61-44-40-38-41-81-96-54-37-35-43-68
249,4,1644.4232,658.3602,123.0,889.1762,0,4,60.827347,60.854873,True,65-59-47-14-12-11-15-16-75-87-86-99-57-22-49-20-50-34-32-26-89-48-24-25-77-58|83-52-82-98-69-64-19-23-21-18-76-85-51-90-9-10-97-74-13-17-4-1-60-100-70|72-39-42-45-5-2-44-61-88-73-79-8-7-78-53-6-46-3-68-54-37-43-35-93-91-80|36-92-95-63-33-28-27-29-31-30-62-67-71-38-40-41-81-94-84-56-66-96-55
250,4,1647.0955,678.7704,95.0,889.1762,0,4,61.629025,61.657614,True,14-47-59-75-16-15-11-12-53-99-18-49-22-20-50-34-32-26-89-48-24-25-77-58|92-63-65-69-82-52-83-64-19-23-21-76-85-51-57-86-87-9-10-97-74-13-17-60-1-70-100|36-39-42-5-45-2-44-61-98-88-73-78-79-7-6-8-41-3-46-4-55-68|72-95-62-33-28-27-29-31-30-67-71-38-40-81-90-94-84-56-66-96-54-37-43-35-93-91-80
251,4,1647.4611,662.3892,92.0,889.1762,0,4,61.738726,61.764667,True,39-65-83-52-82-98-69-64-19-23-21-18-76-85-51-57-9-10-97-74-13-17-60-1-70-100|72-36-42-45-5-2-44-61-88-73-78-79-7-6-8-46-3-4-55-68-35-93-91-80|92-95-63-33-28-27-29-31-30-62-67-71-38-40-41-81-90-84-94-37-43-54-96-56-66|59-47-14-12-11-15-16-75-87-53-99-86-22-49-20-50-34-32-26-89-48-24-25-77-58
252,4,1647.4611,662.3892,92.0,889.1762,0,4,61.738726,61.764667,True,39-65-83-52-82-98-69-64-19-23-21-18-76-85-51-57-9-10-97-74-13-17-60-1-70-100|72-36-42-45-5-2-44-61-88-73-78-79-7-6-8-46-3-4-55-68-35-93-91-80|92-95-63-33-28-27-29-31-30-62-67-71-38-40-41-81-90-84-94-37-43-54-96-56-66|59-47-14-12-11-15-16-75-87-53-99-86-22-49-20-50-34-32-26-89-48-24-25-77-58
253,4,1647.5676,655.2158,111.0,889.1762,0,4,61.770652,61.79745,True,65-59-14-47-11-12-15-16-52-75-86-99-22-49-20-50-34-32-26-89-48-24-25-77-58|69-98-82-83-64-19-23-21-18-76-85-51-57-87-9-10-97-74-13-17-4-1-60-100-70|72-39-42-45-5-2-44-61-88-73-79-8-7-78-53-6-46-3-68-54-37-43-35-93-91-80|36-92-95-63-33-28-27-29-31-30-62-67-71-38-40-41-81-90-94-84-56-66-96-55
254,4,1652.4675,673.3983,91.0,889.1762,0,4,63.240643,63.269638,True,45-14-47-59-75-16-15-11-12-53-90-18-49-22-20-50-34-32-26-89-48-24-25-77-58|65-82-52-83-64-19-23-21-76-85-51-57-99-86-87-9-10-97-56-74-13-17-60-1-70-100|72-92-95-63-33-28-27-29-31-30-62-67-71-61-38-40-41-81-94-84-66-96-54-43-37-35-93-91-80|39-36-42-5-2-69-98-88-44-7-79-73-78-6-8-46-3-4-55-68
255,4,1655.9324,642.8891,113.0,889.1762,0,4,64.280089,64.307747,True,65-83-52-82-98-69-64-19-23-21-18-76-85-51-57-9-10-97-74-13-17-60-100-70|72-39-42-45-5-2-44-61-88-73-79-8-7-78-53-6-46-3-43-37-68-55-4-1-35-93-91-80|36-92-95-63-33-28-27-29-31-30-62-67-71-38-40-41-81-90-94-54-96-56-66|59-47-14-12-11-15-16-75-87-86-99-84-49-22-20-50-34-32-26-89-48-24-25-77-58
256,4,1655.9324,642.8891,113.0,889.1762,0,4,64.280089,64.307747,True,65-83-52-82-98-69-64-19-23-21-18-76-85-51-57-9-10-97-74-13-17-60-100-70|72-39-42-45-5-2-44-61-88-73-79-8-7-78-53-6-46-3-43-37-68-55-4-1-35-93-91-80|36-92-95-63-33-28-27-29-31-30-62-67-71-38-40-41-81-90-94-54-96-56-66|59-47-14-12-11-15-16-75-87-86-99-84-49-22-20-50-34-32-26-89-48-24-25-77-58
257,4,1657.8597,668.0062,88.0,889.1762,0,4,64.858281,64.887785,True,45-14-47-59-75-16-15-11-12-53-90-18-49-22-20-50-34-32-26-89-48-24-25-77-58|63-65-82-52-83-64-19-23-21-76-85-51-57-99-86-87-9-10-97-74-13-17-60-1-70-100|42-72-92-95-33-28-27-29-31-30-62-67-71-61-41-38-40-81-94-84-56-66-96-54-37-43-35-93-91-80|39-36-5-2-44-69-98-88-7-79-73-78-6-8-46-3-4-55-68
258,4,1658.0755,667.7904,88.0,889.1762,0,4,64.923029,64.952565,True,45-14-47-59-75-16-15-11-12-53-90-18-49-22-20-50-34-32-26-89-48-24-25-77-58|63-65-82-52-83-64-19-23-21-76-85-51-57-99-86-87-9-10-97-74-13-17-60-1-70-100|42-72-92-95-33-28-27-29-31-30-62-67-71-61-41-38-40-81-94-84-56-66-96-54-37-43-35-93-91-80|39-36-5-2-44-69-98-88-78-73-7-79-6-8-46-3-4-55-68
259,4,1662.108,576.8365,158.0,889.1762,0,4,66.132772,66.156875,True,65-83-52-82-98-69-64-19-23-21-18-76-85-51-57-20-56-66-10-97-74-13-17-60-100-70|72-39-42-45-5-2-44-61-88-73-79-8-7-78-53-6-46-3-43-37-68-55-4-1-35-93-91-80|36-92-95-63-33-28-27-29-31-30-62-67-71-38-40-41-81-90-94-96-54|59-47-14-12-11-15-16-75-87-9-99-86-22-49-84-50-34-32-26-89-48-24-25-77-58
260,4,1662.108,576.8365,158.0,889.1762,0,4,66.132772,66.156875,True,65-83-52-82-98-69-64-19-23-21-18-76-85-51-57-20-56-66-10-97-74-13-17-60-100-70|72-39-42-45-5-2-44-61-88-73-79-8-7-78-53-6-46-3-43-37-68-55-4-1-35-93-91-80|36-92-95-63-33-28-27-29-31-30-62-67-71-38-40-41-81-90-94-96-54|59-47-14-12-11-15-16-75-87-9-99-86-22-49-84-50-34-32-26-89-48-24-25-77-58
261,4,1665.3653,698.5883,147.0,883.9656,0,4,67.109984,67.151445,True,65-59-47-14-82-52-83-64-19-23-21-18-76-51-57-86-87-9-10-97-20-24-74-13-17-60-100-70|36-39-42-5-45-2-44-69-98-99-88-78-73-7-79-6-8-46-3-4-1-55-68|72-92-95-63-33-28-27-29-31-30-62-67-71-61-41-38-40-81-94-84-49-66-56-96-54-37-43-35-93-91-80|12-11-15-16-75-53-90-85-22-50-34-32-26-89-48-25-77-58
262,4,1665.3653,698.5883,147.0,883.9656,0,4,67.109984,67.151445,True,65-59-47-14-82-52-83-64-19-23-21-18-76-51-57-86-87-9-10-97-20-24-74-13-17-60-100-70|36-39-42-5-45-2-44-69-98-99-88-78-73-7-79-6-8-46-3-4-1-55-68|72-92-95-63-33-28-27-29-31-30-62-67-71-61-41-38-40-81-94-84-49-66-56-96-54-37-43-35-93-91-80|12-11-15-16-75-53-90-85-22-50-34-32-26-89-48-25-77-58
263,9,1667.1546,3897.5495,202.0,854.119,0,9,451.968733,452.493098,True,5-45-2-6-7-8-46-3-4-1-55-68|88-12-73-79-78-53-90|92-95-63-33-28-29-31-30-27-26-34-50-32-89-48-24-25|72-36-39-42-44-40-38-61-41-81-94-96-54-43-35-37-93|65-83-64-71-67-62-85-76-51-84-49-22-20-66-56-91-80|69-98-82-23-21-18-19-99-17-60-100-70|16-97-13-74-58|14-47-9-87-86-57-10-77|59-52-75-15-11
264,4,1667.6046,635.1788,143.0,889.1762,0,4,67.78176,67.814763,True,65-59-47-14-12-11-15-16-75-87-86-99-18-49-22-57-20-50-34-32-26-89-48-24-25-77-58|83-52-82-98-69-64-19-23-21-76-85-51-90-9-10-97-74-13-17-4-1-60-100-70|72-39-42-45-5-2-44-61-88-7-79-73-78-53-6-8-46-3-68-54-37-43-35-93-91-80|36-92-95-63-33-28-27-29-31-30-62-67-71-38-40-41-81-94-84-56-66-96-55
265,4,1670.6252,655.2407,102.0,889.1762,0,4,68.68794,68.720758,True,45-14-47-59-75-16-15-11-12-53-90-18-49-22-20-50-34-32-26-89-48-24-25-77-58|92-63-65-82-52-83-64-19-23-21-76-85-51-57-99-86-87-9-10-97-74-13-17-60-1-70-100|42-72-95-33-28-27-29-31-30-62-67-71-61-41-38-40-81-94-84-56-66-96-54-37-43-35-93-91-80|39-36-5-2-69-98-88-44-7-79-73-78-6-8-46-3-4-55-68
266,4,1670.9489,648.3734,38.0,883.9656,0,4,68.785041,68.809745,True,65-83-52-82-98-69-64-19-23-21-18-76-85-51-90-9-10-97-74-13-17-60-1-70-100|45-5-42-39-36-44-2-61-88-73-79-8-7-78-53-6-46-3-43-37-68-55-4-35-93-91-80|59-47-14-12-11-15-16-75-87-86-99-57-22-49-20-56-66-24-89-48-25-77-58|72-92-95-63-62-33-28-27-29-31-30-67-71-38-40-41-81-94-84-50-34-26-32-96-54
267,4,1670.9489,648.3734,38.0,883.9656,0,4,68.785041,68.809745,True,65-83-52-82-98-69-64-19-23-21-18-76-85-51-90-9-10-97-74-13-17-60-1-70-100|45-5-42-39-36-44-2-61-88-73-79-8-7-78-53-6-46-3-43-37-68-55-4-35-93-91-80|59-47-14-12-11-15-16-75-87-86-99-57-22-49-20-56-66-24-89-48-25-77-58|72-92-95-63-62-33-28-27-29-31-30-67-71-38-40-41-81-94-84-50-34-26-32-96-54
268,4,1672.1222,630.6612,100.0,889.1762,0,4,69.137049,69.16643,True,65-83-52-82-98-69-64-19-23-21-18-76-85-51-90-9-10-97-74-13-17-4-1-60-100-70|72-39-42-45-5-2-44-61-88-73-79-8-7-78-53-6-46-3-68-54-37-43-35-93-91-80|36-92-95-63-33-28-27-29-31-30-62-67-71-38-40-41-81-94-84-50-56-66-96-55|59-47-14-12-11-15-16-75-87-86-99-57-22-49-20-34-32-26-89-48-24-25-77-58
269,4,1674.6395,628.1439,143.0,889.1762,0,4,69.892227,69.926285,True,65-59-47-14-12-11-15-16-75-87-86-99-18-49-22-57-20-50-34-32-26-89-48-24-25-77-58|69-98-82-83-52-64-19-23-21-76-85-51-90-9-10-97-74-13-17-4-1-60-100-70|72-39-42-45-5-2-44-61-88-73-79-8-7-78-53-6-46-3-68-54-37-43-35-93-91-80|36-92-95-63-33-28-27-29-31-30-62-67-71-38-40-41-81-94-84-56-66-96-55
270,4,1675.3369,627.4465,100.0,889.1762,0,4,70.101459,70.131322,True,65-83-52-82-98-69-64-19-23-21-18-76-85-51-90-9-10-97-74-13-17-4-1-60-100-70|72-39-42-45-5-2-44-61-88-73-79-8-7-78-53-6-46-3-68-54-37-43-35-93-91-80|36-92-95-63-33-28-27-29-31-30-62-67-71-38-40-41-81-94-84-50-56-66-96-55|59-14-47-16-15-12-11-75-87-86-99-57-22-49-20-34-32-26-89-48-24-25-77-58
271,4,1680.011,609.0759,148.0,889.1762,0,4,71.503677,71.536987,True,65-59-47-14-12-11-15-16-75-87-86-99-18-49-22-57-20-50-34-32-26-89-48-24-25-77-58|83-52-82-98-69-64-19-23-21-76-85-51-90-9-10-97-74-13-17-4-1-60-100-70|72-39-42-45-5-2-44-61-88-73-79-8-7-78-53-6-46-3-55-54-37-43-35-93-91-80|36-92-95-63-33-28-27-29-31-30-62-67-71-38-40-41-81-94-84-56-66-96-68
272,4,1680.011,609.0759,148.0,889.1762,0,4,71.503677,71.536987,True,65-59-47-14-12-11-15-16-75-87-86-99-18-49-22-57-20-50-34-32-26-89-48-24-25-77-58|83-52-82-98-69-64-19-23-21-76-85-51-90-9-10-97-74-13-17-4-1-60-100-70|72-39-42-45-5-2-44-61-88-73-79-8-7-78-53-6-46-3-55-54-37-43-35-93-91-80|36-92-95-63-33-28-27-29-31-30-62-67-71-38-40-41-81-94-84-56-66-96-68
273,4,1688.2646,614.5188,143.0,889.1762,0,4,73.979756,74.015858,True,65-59-47-14-12-11-15-16-75-87-86-99-18-49-22-57-20-50-34-32-26-89-48-24-25-77-58|83-52-82-98-69-64-19-23-21-76-85-51-90-9-10-97-74-13-17-4-1-60-100-70|72-39-42-45-5-2-44-61-88-73-79-8-7-78-53-6-46-3-68-54-37-43-35-93-91-80|36-92-95-63-33-28-27-29-31-30-62-67-71-38-40-41-81-94-84-56-66-96-55
274,4,1688.2646,614.5188,143.0,889.1762,0,4,73.979756,74.015858,True,65-59-47-14-12-11-15-16-75-87-86-99-18-49-22-57-20-50-34-32-26-89-48-24-25-77-58|83-52-82-98-69-64-19-23-21-76-85-51-90-9-10-97-74-13-17-4-1-60-100-70|72-39-42-45-5-2-44-61-88-73-79-8-7-78-53-6-46-3-68-54-37-43-35-93-91-80|36-92-95-63-33-28-27-29-31-30-62-67-71-38-40-41-81-94-84-56-66-96-55
275,4,1691.3088,611.4746,84.0,889.1762,0,4,74.893013,74.923672,True,65-59-14-47-15-11-75-52-99-16-86-18-49-22-20-50-34-32-26-89-48-24-25-77-58|69-98-82-83-64-19-23-21-76-85-51-57-87-9-10-97-74-13-17-4-1-60-100-70|72-39-42-45-5-2-44-61-88-12-73-79-8-7-78-53-6-46-3-68-54-37-43-35-93-91-80|36-92-95-63-33-28-27-29-31-30-62-67-71-38-40-41-81-90-94-84-56-66-96-55
276,4,1691.3088,611.4746,84.0,889.1762,0,4,74.893013,74.923672,True,65-59-14-47-15-11-75-52-99-16-86-18-49-22-20-50-34-32-26-89-48-24-25-77-58|69-98-82-83-64-19-23-21-76-85-51-57-87-9-10-97-74-13-17-4-1-60-100-70|72-39-42-45-5-2-44-61-88-12-73-79-8-7-78-53-6-46-3-68-54-37-43-35-93-91-80|36-92-95-63-33-28-27-29-31-30-62-67-71-38-40-41-81-90-94-84-56-66-96-55
277,5,1692.0406,1333.6585,379.0,871.7717,0,5,75.112573,75.278969,True,83-64-19-23-21-18-76-51-84-85-50-34-32-26-89-48-24-25-91-80|36-5-45-2-98-69-82-52-75-87-86-57-9-10-13-17-60-100-70|65-59-14-47-16-15-11-12-7-88-53-78-79-6-8-46-3-43-37-54-68-55-4-1-35-93|42-39-72-63-33-28-27-29-31-30-71-44-40-38-41-81-94-22-49-20-56-66-97-74-58-77|92-95-62-67-61-73-99-90-96
278,5,1692.0406,1333.6585,379.0,871.7717,0,5,75.112573,75.278969,True,83-64-19-23-21-18-76-51-84-85-50-34-32-26-89-48-24-25-91-80|36-5-45-2-98-69-82-52-75-87-86-57-9-10-13-17-60-100-70|65-59-14-47-16-15-11-12-7-88-53-78-79-6-8-46-3-43-37-54-68-55-4-1-35-93|42-39-72-63-33-28-27-29-31-30-71-44-40-38-41-81-94-22-49-20-56-66-97-74-58-77|92-95-62-67-61-73-99-90-96
279,16,1693.8318,9130.4177,122.0,862.6101,0,16,1236.898962,1238.211635,True,45-5-3-1-70|2-6-7-8-46-4-100|82-12-11-15-16-17-13|83-21-23-25|90-84-51-49-22-20-66|71-67-64-19-18-48-24|92-31-29-27-28-26-34-50-93-80|95-62-33-30-32-56|72-39-36-35-37-54|42-44-38-40-43-68|61-41-81-94-96|65-52-75-58-77|88-78-73-79-60-55|63-85-76-89-91|69-98-53-99-57-86-87-9-10|14-47-59-97-74
280,4,1696.6735,637.9965,38.0,883.9656,0,4,76.502419,76.533284,True,83-52-82-98-69-64-19-23-21-18-76-51-85-84-90-53-66-10-97-74-13-17-60-1-70-100|36-39-42-5-45-2-44-61-88-73-78-79-7-6-8-46-3-37-43-55-4-68-54-35-93-80|72-92-95-63-62-33-28-27-29-31-30-67-71-38-40-41-81-94-34-50-56-26-32-96-91|65-59-47-14-12-11-15-16-75-87-9-99-86-57-22-20-49-24-89-48-25-77-58
281,6,1696.7524,1856.2332,244.0,866.6214,0,6,145.771286,146.003509,True,14-47-59-75-16-15-11-12-53-90-50-34-32-26-89-77-58|92-63-65-69-82-52-99-85-57-86-87-9-10-97-74-13-17-60-1-70-100|36-39-42-5-45-2-44-61-98-88-78-73-7-79-6-8-46-3-4-55-68|72-95-33-28-27-29-31-30-62-67-71-38-40-41-81-94-56-66-96-54-37-43-35-93-91-80|64-84-51-49-22-20-24-25-48|83-19-23-21-18-76
282,4,1702.1829,575.4166,128.0,889.1762,0,4,78.155242,78.188155,True,65-59-47-14-12-11-15-16-75-87-86-99-57-22-49-20-50-34-32-26-89-48-24-25-77-58|63-83-52-82-98-69-64-19-23-21-18-76-85-51-90-9-10-97-74-13-17-60-1-70-100|72-39-42-45-5-2-44-61-88-7-79-73-78-53-6-8-46-3-43-37-54-68-4-35-93-91-80|36-92-95-62-33-28-27-29-31-30-67-71-38-40-41-81-94-84-56-66-96-55
283,4,1702.1829,575.4166,128.0,889.1762,0,4,78.155242,78.188155,True,65-59-47-14-12-11-15-16-75-87-86-99-57-22-49-20-50-34-32-26-89-48-24-25-77-58|63-83-52-82-98-69-64-19-23-21-18-76-85-51-90-9-10-97-74-13-17-60-1-70-100|72-39-42-45-5-2-44-61-88-7-79-73-78-53-6-8-46-3-43-37-54-68-4-35-93-91-80|36-92-95-62-33-28-27-29-31-30-67-71-38-40-41-81-94-84-56-66-96-55
284,4,1702.8179,605.2695,87.0,889.1762,0,4,78.345754,78.379235,True,65-59-47-14-12-11-15-16-75-18-49-22-20-50-34-32-26-89-48-24-25-77-58|69-82-52-83-64-19-23-21-76-85-51-57-99-86-87-9-10-97-74-13-17-60-1-70-100|72-39-42-45-5-2-44-61-98-88-73-79-8-7-78-53-6-46-3-43-55-4-68-54-35-93-91-80|36-92-95-63-33-28-27-29-31-30-62-67-71-38-40-41-81-90-94-84-56-66-96-37
285,4,1702.8499,623.0159,76.0,889.1762,0,4,78.355361,78.390413,True,14-47-59-75-16-15-11-12-53-99-18-49-22-57-20-50-34-32-26-89-48-24-25-77-58|63-65-82-52-83-64-19-23-21-76-85-51-86-87-9-94-10-97-74-13-17-60-1-70-100|36-39-42-5-45-2-44-69-98-88-78-73-7-79-6-8-46-3-4-55-68|72-92-95-33-28-27-29-31-30-62-67-71-61-41-38-40-81-90-84-56-66-96-54-37-43-35-93-91-80
286,4,1702.8499,623.0159,76.0,889.1762,0,4,78.355361,78.390413,True,14-47-59-75-16-15-11-12-53-99-18-49-22-57-20-50-34-32-26-89-48-24-25-77-58|63-65-82-52-83-64-19-23-21-76-85-51-86-87-9-94-10-97-74-13-17-60-1-70-100|36-39-42-5-45-2-44-69-98-88-78-73-7-79-6-8-46-3-4-55-68|72-92-95-33-28-27-29-31-30-62-67-71-61-41-38-40-81-90-84-56-66-96-54-37-43-35-93-91-80
287,4,1703.105,570.5841,193.0,889.1762,0,4,78.431894,78.470858,True,59-47-14-98-75-16-15-11-12-53-90-18-49-22-57-20-50-34-32-26-89-48-24-25-77-58|92-63-83-65-69-82-52-23-21-19-64-85-76-51-99-86-87-9-10-97-74-13-17-4-1-60-100-70|36-39-42-5-45-2-44-61-88-78-73-7-79-6-8-46-3-55-68|72-95-33-28-27-29-31-30-62-67-71-38-40-41-81-94-84-56-66-96-54-37-43-35-93-91-80
288,5,1715.4424,1322.3399,134.0,880.0726,0,5,82.133097,82.28156,True,14-65-95-63-62-64-83-52-23-21-18-19-76-51-85-84-49-22-20-66-56-89-48-24-91|92-72-33-28-27-29-31-30-67-71-81-61-40-41-94-50-34-26-32-96-54-68-93-80|45-5-42-39-36-44-2-6-7-8-46-3-37-35-43-1-4-60-100-70|59-82-98-47-16-15-12-11-75-87-86-99-57-90-55|69-38-88-79-73-78-53-9-97-10-17-13-74-58-77-25
289,5,1715.4424,1322.3399,134.0,880.0726,0,5,82.133097,82.28156,True,14-65-95-63-62-64-83-52-23-21-18-19-76-51-85-84-49-22-20-66-56-89-48-24-91|92-72-33-28-27-29-31-30-67-71-81-61-40-41-94-50-34-26-32-96-54-68-93-80|45-5-42-39-36-44-2-6-7-8-46-3-37-35-43-1-4-60-100-70|59-82-98-47-16-15-12-11-75-87-86-99-57-90-55|69-38-88-79-73-78-53-9-97-10-17-13-74-58-77-25
290,4,1715.5916,592.4958,119.0,889.1762,0,4,82.177865,82.216462,True,65-59-47-14-12-11-15-16-75-87-86-99-57-22-49-20-50-34-32-26-89-48-24-25-77-58|83-52-82-98-69-64-19-23-21-18-76-85-51-90-9-10-97-74-13-17-60-1-70-100|72-39-42-45-5-2-44-88-7-79-73-78-53-6-8-46-3-43-55-4-68-54-35-93-91-80|36-92-95-63-33-28-27-29-31-30-62-67-71-61-38-40-41-81-94-84-56-66-96-37
291,4,1715.6064,562.5358,166.0,889.1762,0,4,82.182291,82.221098,True,65-59-47-14-12-11-15-16-75-87-86-99-18-49-22-57-20-50-34-32-26-89-48-24-25-77-58|69-82-52-83-64-19-23-21-76-51-85-84-90-9-10-97-74-13-17-60-1-70-100|72-39-42-45-5-2-44-61-98-88-73-79-8-7-78-53-6-46-3-43-55-4-68-54-35-93-91-80|36-92-95-63-33-28-27-29-31-30-62-67-71-38-40-41-81-94-37-96-56-66
292,4,1715.6064,562.5358,166.0,889.1762,0,4,82.182291,82.221098,True,65-59-47-14-12-11-15-16-75-87-86-99-18-49-22-57-20-50-34-32-26-89-48-24-25-77-58|69-82-52-83-64-19-23-21-76-51-85-84-90-9-10-97-74-13-17-60-1-70-100|72-39-42-45-5-2-44-61-98-88-73-79-8-7-78-53-6-46-3-43-55-4-68-54-35-93-91-80|36-92-95-63-33-28-27-29-31-30-62-67-71-38-40-41-81-94-37-96-56-66
293,4,1715.9636,586.8198,97.0,889.1762,0,4,82.289458,82.325115,True,65-83-52-82-98-69-64-19-23-21-76-85-51-90-9-10-97-74-13-17-4-1-60-100-70|72-39-42-45-5-2-44-61-88-73-79-8-7-78-53-6-46-3-68-54-37-43-35-93-91-80|36-92-95-63-33-28-27-29-31-30-62-67-71-38-40-41-81-94-84-50-56-66-96-55|59-47-14-12-11-15-16-75-87-86-99-18-49-22-57-20-34-32-26-89-48-24-25-77-58
294,4,1715.9636,586.8198,97.0,889.1762,0,4,82.289458,82.325115,True,65-83-52-82-98-69-64-19-23-21-76-85-51-90-9-10-97-74-13-17-4-1-60-100-70|72-39-42-45-5-2-44-61-88-73-79-8-7-78-53-6-46-3-68-54-37-43-35-93-91-80|36-92-95-63-33-28-27-29-31-30-62-67-71-38-40-41-81-94-84-50-56-66-96-55|59-47-14-12-11-15-16-75-87-86-99-18-49-22-57-20-34-32-26-89-48-24-25-77-58
295,4,1721.8304,580.953,97.0,889.1762,0,4,84.049494,84.086031,True,65-83-52-82-98-69-64-19-23-21-76-85-51-90-9-10-97-74-13-17-4-1-60-100-70|72-39-42-45-5-2-44-61-88-73-79-8-7-78-53-6-46-3-68-54-37-43-35-93-91-80|36-92-95-63-33-28-27-29-31-30-62-67-71-38-40-41-81-94-84-50-56-66-96-55|59-14-47-11-12-15-16-75-87-86-99-18-49-22-57-20-34-32-26-89-48-24-25-77-58
296,4,1721.8304,580.953,97.0,889.1762,0,4,84.049494,84.086031,True,65-83-52-82-98-69-64-19-23-21-76-85-51-90-9-10-97-74-13-17-4-1-60-100-70|72-39-42-45-5-2-44-61-88-73-79-8-7-78-53-6-46-3-68-54-37-43-35-93-91-80|36-92-95-63-33-28-27-29-31-30-62-67-71-38-40-41-81-94-84-50-56-66-96-55|59-14-47-11-12-15-16-75-87-86-99-18-49-22-57-20-34-32-26-89-48-24-25-77-58
297,4,1724.052,629.1491,169.0,883.9656,0,4,84.715979,84.76683,True,92-72-36-39-42-2-69-98-88-61-44-40-38-41-81-94-85-84-26-96-54-43-35-37-32-93-91-80|45-5-47-14-82-52-83-64-19-23-21-18-76-51-22-86-87-9-10-97-74-24-13-17-60-100-70|65-59-75-16-15-11-12-73-79-8-7-49-20-34-50-56-66-89-48-25-77-58|95-63-33-28-27-29-31-30-62-67-71-90-57-99-53-78-6-46-3-4-1-55-68
298,4,1729.4364,623.7647,207.0,883.9656,0,4,86.331303,86.386762,True,72-36-39-42-2-69-98-88-61-44-40-38-41-81-94-85-84-26-96-54-43-35-37-32-93-91-80|45-5-47-14-82-52-83-64-19-23-21-18-76-51-22-86-87-9-10-97-74-24-13-17-60-100-70|65-59-75-16-15-11-12-73-79-7-8-6-78-53-49-20-34-50-56-66-89-48-25-77-58|92-95-63-62-33-28-27-29-30-31-71-67-57-99-90-3-46-4-1-55-68
299,4,1729.4364,623.7647,207.0,883.9656,0,4,86.331303,86.386762,True,72-36-39-42-2-69-98-88-61-44-40-38-41-81-94-85-84-26-96-54-43-35-37-32-93-91-80|45-5-47-14-82-52-83-64-19-23-21-18-76-51-22-86-87-9-10-97-74-24-13-17-60-100-70|65-59-75-16-15-11-12-73-79-7-8-6-78-53-49-20-34-50-56-66-89-48-25-77-58|92-95-63-62-33-28-27-29-30-31-71-67-57-99-90-3-46-4-1-55-68
300,5,1729.955,1184.9127,353.0,868.7265,0,5,86.486889,86.63929,True,65-82-83-64-67-62-85-51-76-18-49-84-50-34-26-32-24-48-77-25-91-80|36-39-42-5-45-2-98-69-52-75-23-21-19-22-57-99-86-87-9-10-97-74-13-17-60-100-70|59-14-47-15-16-11-12-88-73-78-79-7-6-8-46-3-43-37-54-68-55-4-1-35-93|92-95-63-33-29-31-71-38-44-40-61-41-81-90-53|72-27-28-30-94-96-56-66-20-89-58
301,5,1729.955,1184.9127,353.0,868.7265,0,5,86.486889,86.63929,True,65-82-83-64-67-62-85-51-76-18-49-84-50-34-26-32-24-48-77-25-91-80|36-39-42-5-45-2-98-69-52-75-23-21-19-22-57-99-86-87-9-10-97-74-13-17-60-100-70|59-14-47-15-16-11-12-88-73-78-79-7-6-8-46-3-43-37-54-68-55-4-1-35-93|92-95-63-33-29-31-71-38-44-40-61-41-81-90-53|72-27-28-30-94-96-56-66-20-89-58
302,5,1734.5175,1305.8073,268.0,880.0726,0,5,87.855645,88.020751,True,14-47-59-52-82-12-11-15-16-75-99-90-57-86-87-9-97-10-17-13-74-58-77-25|72-92-95-63-33-28-27-29-31-30-67-71-61-73-79-81-94-50-34-26-32-96-54-4-60-93-80|45-5-42-39-36-44-2-7-40-38-41-6-8-46-3-43-37-35-55-68-1-70-100|69-98-88-78-53-51-85-84-56-66|65-83-64-62-76-23-21-18-19-49-22-20-24-48-89-91
303,5,1734.5175,1305.8073,268.0,880.0726,0,5,87.855645,88.020751,True,14-47-59-52-82-12-11-15-16-75-99-90-57-86-87-9-97-10-17-13-74-58-77-25|72-92-95-63-33-28-27-29-31-30-67-71-61-73-79-81-94-50-34-26-32-96-54-4-60-93-80|45-5-42-39-36-44-2-7-40-38-41-6-8-46-3-43-37-35-55-68-1-70-100|69-98-88-78-53-51-85-84-56-66|65-83-64-62-76-23-21-18-19-49-22-20-24-48-89-91
304,4,1736.1711,622.2407,83.0,889.1762,0,4,88.351704,88.397336,True,45-14-47-59-75-16-15-11-12-53-90-18-49-22-57-20-50-34-32-26-89-48-24-25-77-58|92-63-83-65-69-98-82-52-64-19-23-21-76-85-51-99-86-87-9-10-97-74-13-17-60-100-70|42-95-33-28-27-29-31-30-62-67-71-61-41-38-40-81-94-84-56-66-96-54-35-93-91-80|5-72-36-39-44-2-88-78-73-7-79-6-8-46-3-43-37-4-1-55-68
305,4,1736.6744,627.508,191.0,883.9656,0,4,88.502698,88.55929,True,92-95-63-33-28-27-29-31-30-62-67-85-76-51-90-78-53-34-50-56-20-24-89-48-25-77-58|42-39-36-72-71-61-44-40-38-41-81-94-84-49-66-96-54-37-35-43-93-91-80|5-45-2-98-69-82-52-64-23-21-18-19-22-57-99-86-87-9-10-97-74-13-17-4-1-60-100-70|65-14-47-59-83-75-16-15-11-12-73-88-6-7-79-8-46-3-26-32-68-55
306,4,1736.6744,627.508,191.0,883.9656,0,4,88.502698,88.55929,True,92-95-63-33-28-27-29-31-30-62-67-85-76-51-90-78-53-34-50-56-20-24-89-48-25-77-58|42-39-36-72-71-61-44-40-38-41-81-94-84-49-66-96-54-37-35-43-93-91-80|5-45-2-98-69-82-52-64-23-21-18-19-22-57-99-86-87-9-10-97-74-13-17-4-1-60-100-70|65-14-47-59-83-75-16-15-11-12-73-88-6-7-79-8-46-3-26-32-68-55
307,4,1743.8059,574.7155,92.0,889.1762,0,4,90.642151,90.683845,True,65-59-14-47-15-11-75-52-99-16-87-86-22-18-49-20-50-34-32-26-89-48-24-25-77-58|69-98-82-83-64-19-23-21-76-85-51-90-57-9-10-97-74-13-17-60-1-70-100|72-39-42-45-5-2-44-61-88-12-73-79-8-7-78-53-6-46-3-43-4-55-68-35-93-91-80|36-92-95-63-33-28-27-29-31-30-62-67-71-38-40-41-81-94-84-56-66-96-54-37
308,4,1743.8059,574.7155,92.0,889.1762,0,4,90.642151,90.683845,True,65-59-14-47-15-11-75-52-99-16-87-86-22-18-49-20-50-34-32-26-89-48-24-25-77-58|69-98-82-83-64-19-23-21-76-85-51-90-57-9-10-97-74-13-17-60-1-70-100|72-39-42-45-5-2-44-61-88-12-73-79-8-7-78-53-6-46-3-43-4-55-68-35-93-91-80|36-92-95-63-33-28-27-29-31-30-62-67-71-38-40-41-81-94-84-56-66-96-54-37
309,5,1747.437,1302.044,201.0,861.061,0,5,91.731483,91.890348,True,69-83-64-62-85-76-22-51-84-50-49-20-24-74-77-25-91|5-45-2-98-82-52-75-23-21-18-19-57-99-86-87-9-10-97-13-17-60-100-70|65-59-14-47-16-15-11-12-73-78-79-7-6-8-46-3-43-37-54-68-55-4-1-35-93-80|42-39-92-95-63-33-28-29-31-71-38-44-40-61-41-81-96-56-66|72-36-27-30-67-88-53-90-94-34-32-26-89-48-58
310,5,1747.437,1302.044,201.0,861.061,0,5,91.731483,91.890348,True,69-83-64-62-85-76-22-51-84-50-49-20-24-74-77-25-91|5-45-2-98-82-52-75-23-21-18-19-57-99-86-87-9-10-97-13-17-60-100-70|65-59-14-47-16-15-11-12-73-78-79-7-6-8-46-3-43-37-54-68-55-4-1-35-93-80|42-39-92-95-63-33-28-29-31-71-38-44-40-61-41-81-96-56-66|72-36-27-30-67-88-53-90-94-34-32-26-89-48-58
311,4,1747.4801,573.3011,104.0,889.1762,0,4,91.744408,91.788192,True,65-59-47-14-12-11-15-16-75-87-86-99-18-49-22-20-50-34-32-26-89-48-24-25-77-58|83-52-82-98-69-64-19-23-21-76-85-51-90-9-57-10-97-74-13-17-60-1-70-100|72-39-42-45-5-2-44-61-7-88-53-73-78-79-6-8-46-3-43-4-55-54-35-93-91-80|36-92-95-63-33-28-27-29-31-30-62-67-71-38-40-41-81-94-84-56-66-96-37-68
312,4,1750.6433,616.4788,165.0,883.9656,0,4,92.693364,92.749892,True,92-95-63-33-28-27-29-31-30-62-67-85-76-51-84-34-50-56-55-20-24-89-48-25-77-58|72-36-39-42-98-69-61-71-44-40-38-41-81-94-90-53-49-66-96-54-37-35-43-93-91-80|5-45-2-82-83-64-52-23-21-18-19-22-57-99-86-87-9-10-97-74-13-17-4-1-60-100-70|65-14-47-59-75-16-15-11-12-73-88-7-78-79-8-6-46-3-26-32-68
313,4,1756.4302,596.7709,209.0,883.9656,0,4,94.429444,94.489153,True,72-36-39-42-2-88-61-44-40-38-41-81-94-85-84-26-96-54-43-35-37-32-93-91-80|5-45-47-14-98-69-82-52-64-19-23-21-18-76-51-22-86-87-9-10-97-74-24-13-17-60-100-70|65-63-83-59-75-16-15-11-12-73-79-8-7-6-90-49-20-34-50-56-66-89-48-25-77-58|92-95-62-33-28-27-29-30-31-71-67-57-99-53-78-46-3-4-1-55-68
314,4,1760.0843,565.7816,75.0,889.1762,0,4,95.525666,95.569204,True,92-63-65-69-82-52-83-64-19-23-21-76-85-51-90-86-87-9-10-97-74-13-17-60-1-70-100|36-39-42-5-45-2-44-61-98-88-73-78-79-7-8-6-41-3-46-4-55-68|14-72-95-62-33-28-27-29-31-30-67-71-38-40-81-94-57-20-66-56-96-54-37-43-35-93-91-80|47-59-75-16-15-11-12-53-99-18-49-22-84-50-34-32-26-89-48-24-25-77-58
315,4,1762.2755,501.6274,151.0,889.1762,0,4,96.183029,96.225201,True,65-59-47-14-12-11-15-16-75-87-86-99-18-49-22-20-50-34-32-26-89-48-24-25-77-58|72-63-83-52-82-98-69-64-19-23-21-76-85-51-90-9-57-10-97-74-13-17-60-1-70-100|39-36-42-45-5-2-44-88-73-79-8-7-78-53-6-46-3-37-43-4-55-54-35-93-91-80|92-95-33-28-27-29-31-30-62-67-71-61-38-40-41-81-94-84-56-66-96-68
316,4,1763.8674,544.22,125.0,889.1762,0,4,96.660617,96.707055,True,65-59-47-14-12-11-15-16-75-87-86-99-18-49-22-20-50-34-32-26-89-48-24-25-77-58|69-98-82-83-52-64-19-23-21-76-85-51-90-9-57-10-97-74-13-17-60-1-70-100|72-39-42-45-5-2-44-61-88-73-79-8-7-78-53-6-46-3-43-55-4-68-54-35-93-91-80|36-92-95-63-33-28-27-29-31-30-62-67-71-38-40-41-81-94-84-56-66-96-37
317,4,1764.2031,606.1895,69.0,889.1762,0,4,96.761305,96.811539,True,65-59-14-47-15-83-52-64-19-23-21-18-76-85-51-90-53-10-97-66-56-96-54-35-70-100|63-33-72-95-62-31-28-27-29-30-67-71-38-40-41-81-94-84-37-43-68-55-17-13-74-91-93-80|5-45-2-69-82-98-88-11-16-12-73-78-79-7-6-8-46-3-1-4-60|92-36-39-42-44-61-75-87-9-99-86-57-22-49-20-50-34-32-26-89-48-24-25-77-58
318,4,1764.8935,588.3076,184.0,883.9656,0,4,96.968435,97.026912,True,72-36-39-42-2-69-82-98-88-61-44-40-38-41-81-94-85-84-26-96-54-43-35-37-32-93-91-80|5-45-47-14-52-83-64-19-23-21-18-76-51-22-86-87-9-10-97-74-24-13-17-60-100-70|65-63-59-75-16-15-11-12-73-79-8-7-78-53-49-20-34-50-56-66-89-48-25-77-58|92-95-62-33-28-27-29-30-31-71-67-57-99-90-6-46-3-4-1-55-68
319,5,1769.5257,1041.572,410.0,861.061,0,5,98.358087,98.505408,True,69-83-64-62-31-30-85-51-76-18-49-22-84-50-96-56-66-20-24-74-77-25-91|42-72-5-45-2-98-82-52-75-23-21-19-57-99-86-87-9-10-97-13-17-60-100-70|65-59-14-47-16-15-11-12-73-78-79-7-6-8-46-3-43-37-54-68-55-4-1-35-93-80|36-39-92-95-63-33-28-27-29-67-71-61-88-53-40-41-94-34-32-26-89-48-58|38-44-81-90
320,5,1770.0464,1479.578,121.0,880.0726,0,5,98.514306,98.701436,True,83-63-62-95-64-19-23-21-18-76-51-85-84-49-22-20-50-56-66-24-48-89-91|59-92-72-33-28-27-29-31-30-67-71-61-6-81-94-34-26-32-96-54-93-80|45-5-42-39-36-44-40-38-41-46-3-43-37-35-55-68-1-100|65-98-2-69-82-52-75-87-86-57-99-90-53-60-4-70|14-47-16-15-11-12-73-88-7-8-79-78-9-97-10-17-13-74-58-77-25
321,4,1773.4643,547.317,87.0,889.1762,0,4,99.539657,99.585639,True,65-63-83-52-82-98-69-64-19-23-21-76-85-51-57-9-10-97-74-13-17-60-1-70-100|39-42-5-45-2-44-61-88-73-79-8-7-78-53-6-46-3-43-4-55-54-35-93-91-80|36-72-92-95-33-28-27-29-31-30-62-67-71-38-40-41-81-90-94-84-56-66-96-37-68|59-14-47-15-16-12-11-75-87-86-99-18-49-22-20-50-34-32-26-89-48-24-25-77-58
322,4,1776.2134,524.338,89.0,894.1007,0,4,100.364393,100.408691,True,83-52-82-98-69-64-19-23-21-76-85-51-90-9-57-20-56-66-10-97-74-13-17-60-100-70|72-39-42-45-5-2-44-61-88-7-79-73-78-53-6-8-46-3-43-35-55-4-1-80-91-93|36-92-95-63-33-28-27-29-31-30-62-67-71-38-40-41-81-94-34-37-54-96-68|65-59-47-14-12-11-15-16-75-86-87-99-22-18-49-84-50-32-26-89-48-24-25-77-58
323,4,1778.1999,529.8875,108.0,889.1762,0,4,100.960364,101.007252,True,65-83-52-82-98-69-64-19-23-21-18-76-85-90-9-57-10-97-74-13-17-60-1-70-100|72-39-42-45-5-2-44-61-88-73-79-8-7-78-53-6-46-3-43-55-4-68-54-35-93-91-80|36-92-95-63-33-28-27-29-31-30-62-67-71-38-40-41-81-94-84-56-66-96-37|59-47-14-12-11-15-16-75-87-86-99-51-49-22-20-50-34-32-26-89-48-24-25-77-58
324,5,1778.6773,1275.6369,295.0,880.0726,0,5,101.103583,101.280111,True,14-47-59-52-82-12-11-15-16-75-99-90-57-86-87-9-97-10-17-13-74-58-77-25|65-83-64-95-62-76-23-21-18-19-22-51-84-85-50-49-20-24-48-89-91|72-92-63-33-28-27-29-31-30-67-71-61-79-81-94-34-26-32-96-54-4-60-93-80|45-5-42-39-36-44-2-7-40-38-41-6-8-46-3-43-37-35-55-68-1-70-100|69-98-88-73-78-53-66-56
325,9,1781.0445,3818.9591,311.0,854.119,0,9,440.180177,440.73782,True,5-45-2-6-7-8-3-4-1-55-68|59-14-47-15-11-12-88-79-73-78-53-90|92-95-63-33-31-29-27-30-28-26-34-50-24-48-77-58|72-36-39-42-44-40-38-41-81-94-96-54-43-93|65-83-64-67-62-84-85-51-49-22-20-91-80|69-98-82-21-23-52-99-76-18-57-86-87-9-10-97-74-13-17-60-100-70|66-56-89-25|71-61-46-37-35-32|19-75-16
326,4,1781.5018,580.854,19.0,883.9656,0,4,101.950936,101.996778,True,65-83-52-82-98-69-64-19-23-21-18-76-85-51-90-9-10-97-74-13-17-60-1-70-100|36-39-42-5-45-2-44-61-88-73-79-8-7-78-53-6-46-3-43-37-54-68-4-35-93-80|72-92-95-63-62-33-28-27-29-31-30-67-71-38-40-41-81-94-34-50-56-26-32-96-55-91|59-47-14-12-11-15-16-75-87-86-99-57-84-22-49-20-66-24-89-48-25-77-58
327,4,1786.8816,549.2216,55.0,889.1762,0,4,103.564865,103.611958,True,65-83-82-98-69-62-64-19-23-21-76-85-51-90-9-57-10-97-74-13-17-60-100-70|39-42-5-45-2-44-61-88-73-79-8-7-78-53-6-46-3-43-55-4-1-68-93-91-80|36-72-92-95-63-33-28-27-29-31-30-67-71-38-40-41-81-94-84-50-56-66-96-54-35-37|14-47-59-52-11-12-15-16-75-86-87-99-22-18-49-20-34-32-26-89-48-24-25-77-58
328,4,1790.2359,517.8516,95.0,889.1762,0,4,104.571141,104.618535,True,65-59-14-47-15-11-52-75-99-16-86-18-49-22-20-50-34-32-26-89-48-24-25-77-58|69-98-82-83-64-19-23-21-76-85-51-90-57-87-9-10-97-74-13-17-60-1-70-100|72-39-42-45-5-2-44-61-88-12-73-79-8-7-53-78-6-46-3-43-55-4-68-54-35-93-91-80|36-92-95-63-33-28-27-29-31-30-62-67-71-38-40-41-81-94-84-56-66-96-37
329,4,1793.6746,559.5265,134.0,883.9656,0,4,105.602775,105.66057,True,92-72-36-39-42-2-69-98-88-61-44-40-38-41-81-94-85-84-26-96-54-43-35-37-32-93-91-80|45-5-47-14-82-52-83-64-19-23-21-18-76-51-22-86-87-9-10-97-74-24-13-17-60-100-70|65-59-95-63-33-28-27-29-31-30-62-67-71-90-57-99-53-78-6-46-3-4-1-55-68|75-16-15-11-12-73-79-8-7-49-20-34-50-56-66-89-48-25-77-58
330,4,1795.9922,442.9522,103.0,889.1762,0,4,106.298046,106.336731,True,65-63-83-52-82-98-69-64-19-23-21-76-85-51-90-9-57-66-10-97-74-13-17-60-100-70|72-39-42-45-5-2-44-61-88-73-79-8-7-78-53-6-46-3-43-37-68-55-4-1-35-93-91-80|36-92-95-62-33-28-27-29-31-30-67-71-38-40-41-81-94-84-34-96-54|59-47-14-12-11-15-16-75-87-86-99-18-49-22-20-56-50-32-26-89-48-24-25-77-58
331,5,1797.1303,1061.1986,374.0,868.7265,0,5,106.639458,106.795554,True,92-63-95-83-23-64-67-62-85-51-76-49-22-84-50-34-26-32-24-74-77-25-91-80|72-42-5-45-2-98-69-52-75-21-18-19-57-86-87-9-10-97-13-17-60-100-70|65-59-14-47-15-16-11-12-88-53-7-79-6-8-46-3-43-37-54-68-55-4-1-35-93|39-36-33-28-27-29-31-30-71-44-40-38-41-81-94-96-56-66-20-89-48-58|82-61-73-78-99-90
332,4,1802.8324,473.8529,78.0,889.1762,0,4,108.350091,108.392964,True,65-63-83-52-82-98-69-64-19-23-21-18-76-85-51-90-53-57-49-20-66-10-97-74-13-17-60-100-70|72-39-42-45-5-2-44-61-88-12-78-73-7-79-6-8-46-3-43-68-55-4-1-35-93-91-80|36-92-95-33-28-27-29-31-30-62-67-71-38-40-41-81-94-50-34-37-54-96|59-47-14-11-15-16-75-87-9-99-86-22-84-56-32-26-89-48-24-25-77-58
333,4,1803.3844,498.4579,57.0,889.1762,0,4,108.515698,108.560327,True,36-63-83-52-82-98-69-64-19-23-21-76-85-51-90-9-10-97-74-13-17-60-1-70-100|72-39-42-45-5-2-44-88-7-79-73-78-53-6-8-46-3-37-43-4-55-54-35-93-91-80|92-95-33-28-27-29-31-30-62-67-71-61-38-40-41-81-94-84-34-50-56-66-96-68|65-59-47-14-12-11-15-16-75-87-86-99-18-49-22-57-20-32-26-89-48-24-25-77-58
334,4,1804.4615,544.9327,53.0,889.1762,0,4,108.838825,108.890348,True,65-63-83-69-98-82-52-64-19-23-21-76-85-51-90-53-9-57-10-97-74-13-17-60-1-70-100|72-39-42-45-5-2-44-61-88-73-78-7-79-6-8-46-3-43-55-4-68-54-93-91-80|36-92-95-62-33-28-27-29-31-30-67-71-38-40-41-81-94-84-34-50-56-66-96-37-35|59-47-14-12-11-15-16-75-87-86-99-18-49-22-20-32-26-89-48-24-25-77-58
335,5,1807.544,1007.7833,399.0,868.7265,0,5,109.763581,109.91729,True,65-83-64-95-62-76-19-23-21-18-51-49-22-84-50-34-26-32-24-48-77-25-91-80|72-5-45-2-98-69-82-52-75-87-86-57-99-9-10-97-74-13-17-60-100-70|59-14-47-15-16-11-12-73-7-88-53-78-79-6-8-46-3-43-37-68-55-4-1-35-93|42-36-39-63-33-28-27-29-31-71-38-44-40-41-81-94-85-20-66-54-96-56-89-58|92-67-30-61-90
336,4,1808.7396,484.7891,34.0,889.1762,0,4,110.122269,110.164154,True,63-83-65-69-98-82-52-64-19-23-21-76-85-51-90-57-9-10-97-74-13-17-60-1-70-100|72-39-42-45-5-2-44-61-88-73-79-8-7-78-53-6-46-3-37-43-4-55-54-35-93-91-80|36-92-95-62-33-28-27-29-31-30-67-71-38-40-41-81-94-84-50-34-96-56-66-68|59-14-47-11-12-15-16-75-87-86-99-18-49-22-20-32-26-89-48-24-25-77-58
337,5,1809.7148,1258.6272,279.0,878.8914,0,5,110.414819,110.59633,True,65-14-47-59-83-64-62-31-30-85-51-76-18-49-22-84-50-96-56-66-20-24-74-77-25-91-80|72-42-82-52-75-23-21-19-57-99-86-87-9-10-97-13-17-4-1-60-100-70|36-39-92-95-63-33-28-27-29-67-71-61-40-41-94-34-32-26-89-48-58|69-98-12-11-15-16-73-88-90-7-78-79-8-6-46-3-43-35-37-54-93|5-45-2-44-38-81-53-55-68
338,4,1811.9283,552.2541,331.0,883.9656,0,4,111.078865,111.160745,True,72-92-95-63-33-28-27-29-31-30-62-67-85-76-51-84-53-78-34-50-56-20-24-89-48-25-77-58|36-39-42-5-45-2-98-69-82-52-64-23-21-18-19-22-57-99-86-87-9-10-97-74-13-17-4-1-60-100-70|65-14-47-59-83-75-16-15-11-12-73-88-7-79-6-8-46-3-26-32-68-55|71-38-44-40-61-41-81-94-90-49-66-96-54-37-35-43-93-91-80
339,5,1811.9834,1187.2305,289.0,868.7265,0,5,111.095392,111.266349,True,65-83-64-95-19-23-21-18-76-51-84-85-50-34-26-32-24-48-77-25-91-80|5-45-2-98-69-82-52-75-87-86-99-9-10-97-74-13-17-60-100-70|59-14-47-16-15-11-12-7-88-53-78-6-8-46-3-43-37-54-68-55-4-1-35-93|42-36-39-92-63-33-28-27-29-31-38-44-40-41-81-90-57-22-49-20-66-56-89-58|72-30-62-67-71-61-73-79-94-96
340,5,1813.6057,1241.4973,252.0,868.7265,0,5,111.582082,111.757966,True,95-63-67-85-51-76-18-49-22-24-48-77-25-91-80|5-45-2-83-52-75-23-21-19-57-99-86-87-9-10-97-74-13-17-60-100-70|65-59-14-82-69-98-47-16-15-11-12-78-73-7-6-8-46-3-43-37-54-68-55-4-1-35-93|42-39-36-72-33-28-29-31-71-38-44-40-61-41-81-84-20-66-56-96|92-27-30-62-64-88-79-53-90-94-50-34-32-26-89-58
341,5,1815.5646,1002.5485,387.0,868.7265,0,5,112.169761,112.323891,True,65-83-64-95-62-76-19-23-21-18-51-49-22-84-50-34-26-32-66-24-48-77-25-91-80|5-45-2-98-69-82-52-75-87-86-57-99-9-10-97-74-13-17-60-100-70|59-47-14-11-15-16-12-7-88-53-73-78-79-6-8-46-3-43-37-68-55-4-1-35-93|42-36-39-92-63-33-28-27-29-30-38-44-40-41-94-85-20-56-96-54-89-58|72-71-31-67-81-61-90
342,5,1817.3982,1025.9278,399.0,866.561,0,5,112.719833,112.878894,True,65-83-64-95-62-76-19-23-21-18-51-49-22-84-50-34-26-32-48-25-91-80|72-5-45-2-98-69-82-52-75-86-99-87-9-53-10-97-74-13-17-60-100-70|59-14-47-16-15-11-12-88-78-73-7-79-6-8-46-3-43-37-68-55-4-1-35-93|42-36-39-92-63-33-28-27-29-31-38-44-40-41-81-94-85-57-20-66-54-96-56-89-24-77-58|61-71-30-67-90
343,5,1821.7087,1109.1141,302.0,880.0726,0,5,114.012983,114.178142,True,14-65-83-63-62-95-64-82-52-19-23-21-18-76-85-84-51-57-22-49-20-50-56-66-24-48-89-91|59-92-72-33-28-27-29-31-30-67-71-61-38-40-41-81-94-34-26-32-96-54-4-60-93-80|45-5-42-39-36-44-2-88-79-7-6-8-46-3-43-37-35-55-68-1-70-100|69-98-47-16-75-86-87-97-10-17-13-74-58-77-25|11-15-12-73-78-9-99-53-90
344,5,1824.7979,982.4132,364.0,868.7265,0,5,114.939744,115.091323,True,65-63-95-83-23-64-67-62-85-51-76-49-22-84-50-34-26-32-66-24-48-77-25-91-80|92-72-42-5-45-2-98-69-52-75-21-18-19-57-99-86-87-9-10-97-74-13-17-60-100-70|14-59-82-11-47-16-15-12-73-7-88-53-78-79-6-8-46-3-43-37-54-68-55-4-1-35-93|33-28-27-29-30-31-71-61-40-41-94-96-56-20-89-58|39-36-38-44-81-90
345,4,1830.4377,522.7634,233.0,883.9656,0,4,116.631689,116.704899,True,92-72-36-39-42-2-69-98-88-61-44-40-38-41-81-94-85-84-26-96-54-43-35-37-32-93-91-80|45-5-47-14-82-52-83-64-19-23-21-18-76-51-22-86-87-9-10-97-74-24-13-17-60-100-70|65-63-95-59-75-16-15-11-12-73-79-8-6-7-78-53-49-20-34-50-56-66-89-48-25-77-58|27-28-33-62-30-29-31-71-67-57-99-90-3-46-4-1-55-68
346,5,1839.4407,1195.4337,289.0,866.561,0,5,119.332577,119.512677,True,65-83-64-95-62-76-23-18-51-84-85-50-34-26-32-66-24-48-25-91-80|5-45-2-98-69-82-52-75-21-19-22-99-86-87-9-10-97-74-13-17-60-100-70|59-14-47-16-15-11-12-79-7-78-53-6-8-46-3-43-37-54-68-55-4-1-35-93|42-36-39-92-63-33-28-27-31-30-38-44-40-41-81-57-20-49-89-77-58|72-29-67-71-61-88-73-90-94-96-56
347,4,1839.5047,455.3786,91.0,889.1762,0,4,119.351799,119.404203,True,65-63-83-52-82-98-69-64-19-23-21-76-85-51-90-9-57-20-56-66-10-97-74-13-17-60-100-70|72-39-42-45-5-2-44-61-88-73-79-8-7-78-53-6-46-3-43-35-55-4-1-91-93-80|36-92-95-33-28-27-29-31-30-62-67-71-38-40-41-81-94-34-37-54-96-68|59-47-14-12-11-15-16-75-87-86-99-18-49-22-84-50-32-26-89-48-24-25-77-58
348,5,1839.7078,1207.2322,132.0,880.0726,0,5,119.412707,119.580984,True,65-14-52-83-64-62-23-21-18-19-76-85-84-51-49-22-20-56-66-24-48-89-91|72-92-95-63-33-28-27-29-31-30-67-71-81-61-7-79-94-50-34-26-32-96-54-93-80|45-5-42-39-36-44-2-41-40-6-8-46-3-55-68-37-35-1-4-60-100-70|59-82-98-47-16-15-12-11-75-87-86-99-57-90-43|69-38-88-53-73-78-9-97-10-17-13-74-58-77-25
349,4,1843.237,472.937,12.0,889.1762,0,4,120.471468,120.519724,True,63-65-69-98-82-83-64-19-23-21-76-85-51-99-90-9-10-97-74-13-17-60-1-70-100|72-39-42-45-5-2-44-61-88-73-79-8-7-78-53-6-46-3-43-55-4-68-54-35-93-91-80|36-92-95-33-28-27-29-31-30-62-67-71-38-40-41-81-94-84-34-50-56-66-96-37|59-47-14-11-12-15-16-52-75-87-86-57-22-18-49-20-32-26-89-48-24-25-77-58
350,5,1843.9341,944.4573,400.0,868.7265,0,5,120.680598,120.835825,True,65-83-23-64-67-62-85-51-76-49-22-84-50-34-26-32-24-74-77-25-91-80|42-5-45-2-98-69-52-75-21-18-19-57-99-86-87-9-10-97-13-17-60-100-70|14-59-82-11-47-16-15-12-7-88-53-73-78-79-6-8-46-3-43-37-54-68-55-4-1-35-93|36-39-72-95-63-33-28-29-71-38-44-40-61-41-81-94-96-66-56-20-89-48-58|92-31-27-30-90
351,5,1846.111,1061.5452,293.0,880.0726,0,5,121.333683,121.498128,True,65-83-63-62-95-64-82-52-19-23-21-18-76-51-85-84-49-22-20-50-56-66-24-48-89-91-80|92-72-33-28-27-29-31-30-67-71-61-73-79-81-94-34-26-32-96-54-4-60-93|45-5-42-39-36-44-2-88-7-40-38-41-6-8-46-3-43-37-35-55-68-1-70-100|69-98-47-75-16-12-99-57-86-87-97-10-17-13-74-58-77-25|59-14-15-11-9-78-53-90
352,5,1847.1562,1243.2095,211.0,861.061,0,5,121.647255,121.828211,True,69-83-64-62-85-51-76-18-49-22-84-50-34-24-48-77-25-91|5-45-2-98-82-52-75-23-21-19-57-99-86-87-9-10-97-74-13-17-60-100-70|65-59-14-47-16-15-11-12-78-73-7-6-8-46-3-43-37-54-68-55-4-1-35-93-80|36-39-92-95-63-33-28-29-31-71-38-44-40-61-41-81-96-56-20-66|42-72-27-30-67-88-79-53-90-94-32-26-89-58
353,4,1848.9766,576.2827,91.0,866.561,0,4,122.193358,122.263346,True,63-33-95-83-23-64-67-62-30-85-76-51-18-49-22-84-50-34-26-32-24-25-91-80|92-72-42-5-45-2-98-69-52-75-21-19-57-99-86-87-9-10-97-74-13-17-60-100-70|65-59-14-82-11-47-16-15-12-7-88-53-73-78-79-6-8-46-3-43-37-54-68-55-4-1-35-93|39-36-27-28-29-31-71-44-40-38-61-41-81-90-94-96-56-66-20-89-48-77-58
354,4,1853.9184,389.3533,174.0,889.1762,0,4,123.675887,123.731011,True,65-59-47-14-62-12-11-15-16-75-87-86-99-57-22-49-20-50-34-32-26-89-48-24-25-77-58|33-63-83-52-82-98-69-64-19-23-21-18-76-85-51-90-9-10-97-74-13-17-60-1-70-100|92-72-39-42-45-5-2-44-61-88-7-79-73-78-53-6-8-46-3-37-43-55-4-68-54-35-93-91-80|95-36-27-28-30-29-31-67-71-38-40-41-81-94-84-56-66-96
355,4,1858.5698,565.7975,77.0,883.9656,0,4,125.071325,125.143829,True,65-63-83-59-52-82-98-69-64-19-23-21-18-76-85-90-9-57-10-97-74-13-17-60-1-70-100|72-39-42-45-5-2-44-61-88-73-79-8-7-78-53-6-46-3-43-37-68-55-4-35-93-91-80|36-92-95-33-28-27-29-31-30-62-67-71-38-40-41-81-94-54-96-66-56-32-89|14-47-12-11-15-16-75-87-86-99-51-49-22-84-50-34-26-20-24-48-25-77-58
356,5,1858.8092,1190.7228,199.0,861.061,0,5,125.143144,125.318523,True,69-82-67-62-85-51-76-18-22-49-57-84-50-34-20-24-48-25-91|5-45-2-98-83-52-19-21-23-75-86-87-10-97-74-13-17-60-100-70|65-59-14-47-16-15-11-12-88-78-73-7-6-8-46-3-43-37-54-68-55-4-1-35-93-80|36-39-92-95-63-33-28-29-31-71-38-44-40-61-41-81-96-56-66|42-72-27-30-64-99-9-79-53-90-94-32-26-89-77-58
357,4,1866.2312,428.6521,91.0,889.1762,0,4,127.369744,127.426156,True,65-63-83-52-82-98-69-64-19-23-21-76-85-51-90-9-57-20-56-66-10-97-74-13-17-60-100-70|42-72-39-45-5-2-44-61-88-73-79-8-7-78-53-6-46-3-43-35-55-4-1-91-93-80|36-92-95-33-28-27-29-31-30-62-67-71-38-40-41-81-94-34-37-54-96-68|59-47-14-12-11-15-16-75-87-99-86-18-49-22-84-50-32-26-89-48-24-25-77-58
358,4,1867.2261,555.9994,41.0,883.9656,0,4,127.668203,127.738234,True,69-98-82-83-64-19-23-21-76-85-51-90-57-87-9-10-97-74-13-17-60-1-70-100|72-39-42-45-5-2-44-61-88-12-73-79-8-7-78-53-6-46-3-43-55-4-68-54-35-93-91-80|36-92-95-63-33-28-27-29-31-30-62-67-71-38-40-41-81-94-84-50-56-66-96-37-32-89|65-59-14-47-11-15-16-52-75-86-99-22-18-49-26-34-20-24-48-25-77-58
359,4,1872.0365,380.4044,108.0,889.1762,0,4,129.111328,129.163945,True,63-69-82-83-64-19-23-21-76-85-51-99-53-90-57-20-66-10-97-74-13-17-60-100-70|72-39-42-45-5-2-44-61-98-88-12-16-78-7-79-6-8-46-3-43-68-55-4-1-35-93-91-80|36-92-95-33-28-27-29-31-30-62-67-71-38-40-41-81-94-34-37-54-96|65-59-14-47-15-75-52-11-73-9-87-86-18-49-22-84-56-50-32-26-89-48-24-25-77-58
360,11,1874.1874,4883.9268,257.0,853.7075,0,11,599.925337,600.665807,True,59-14-47-15-11-12-88-98-53-68|92-95-63-33-31-29-27-30-28-26-34-50-24-48-77-58|72-42-39-36-40-38-41-81-94-96-54-93|65-83-64-67-62-84-85-51-49-22-20-91-80|69-23-52-99-18-57-86-87-9-10-97-74-13-17|5-45-2-6-7-8-46-3-4-1-35-70-100|66-56-89-25|61-71-44-43-37-32|19-75-16-73-79-78-60-55|76|21-82-90
361,4,1879.1724,537.2115,65.0,883.9656,0,4,131.252101,131.325297,True,65-59-82-52-83-64-62-19-23-21-76-51-85-84-90-9-10-97-74-13-17-60-1-70-100|39-42-5-45-2-44-69-98-88-12-73-79-8-7-78-53-6-46-3-43-4-55-68-35-93|36-72-92-95-63-33-28-27-29-31-30-67-71-61-38-40-41-81-94-50-34-37-54-96-32-89-91-80|14-47-11-15-16-75-86-87-99-57-18-49-22-20-26-56-66-24-48-25-77-58
362,4,1881.6488,480.129,261.0,883.9656,0,4,131.995019,132.079997,True,42-72-92-95-63-33-28-27-29-31-30-62-67-85-76-51-84-53-78-34-50-56-20-24-89-48-25-77-58|39-36-5-45-2-98-82-52-64-23-21-18-19-22-57-99-86-87-9-10-97-74-13-17-4-1-60-100-70|65-14-47-59-83-75-16-15-11-12-73-88-7-79-6-8-46-3-37-26-32-68|69-61-71-44-40-38-41-81-94-90-49-66-96-54-43-55-35-93-91-80
363,4,1890.8944,532.3311,41.0,883.9656,0,4,134.768703,134.842284,True,65-59-14-47-15-11-75-52-99-16-86-18-49-22-20-34-26-24-48-25-77-58|69-98-82-83-64-19-23-21-76-85-51-90-57-87-9-10-97-74-13-17-60-1-70-100|72-39-42-45-5-2-44-61-88-12-73-79-8-7-78-53-6-46-3-43-55-4-68-54-35-93-91-80|36-92-95-63-33-28-27-29-31-30-62-67-71-38-40-41-81-94-84-50-56-66-96-37-32-89
364,4,1892.7228,518.9668,108.0,868.7265,0,4,135.317232,135.393771,True,65-63-33-95-83-23-64-67-62-30-85-76-51-18-49-22-84-50-34-26-32-66-24-48-77-25-91-80|92-72-42-5-45-2-98-69-52-75-21-19-57-99-86-87-9-10-97-74-13-17-60-100-70|14-59-82-11-47-16-15-12-7-88-53-73-78-79-6-8-46-3-43-37-54-68-55-4-1-35-93|39-36-27-28-29-31-71-44-40-38-61-41-81-90-94-96-56-20-89-58
365,4,1895.3087,373.1607,185.0,936.6355,0,4,136.092997,136.166328,True,65-63-83-59-52-82-98-69-64-19-23-21-18-76-85-51-49-22-20-10-97-74-13-17-60-1-70-100|72-39-42-45-5-2-44-61-88-73-79-8-7-78-53-6-46-3-43-55-4-68-54-35-93-91-80|36-92-95-33-28-27-29-31-30-62-67-71-38-40-41-81-90-94-34-37-96-66-56-32-89-24-48-25-77-58|47-14-12-11-15-16-75-87-9-99-86-57-84-26-50
366,4,1897.3159,520.9632,79.0,883.9656,0,4,136.695164,136.772767,True,92-63-83-59-52-82-98-69-64-19-23-21-76-85-51-57-9-10-97-74-13-17-60-1-70-100|72-39-42-45-5-2-44-61-88-73-79-8-7-78-53-6-46-3-43-4-55-68-35-93|36-95-33-28-27-29-31-30-62-67-71-38-40-41-81-90-94-84-50-34-37-54-96-32-89-91-80|65-14-47-11-12-15-16-75-87-86-99-18-49-22-20-26-56-66-24-48-25-77-58
367,4,1911.1577,380.3999,83.0,925.8806,0,4,140.847702,140.91506,True,65-63-83-59-52-82-98-69-64-23-21-18-19-76-85-51-49-20-10-97-74-13-17-60-1-70-100|72-39-42-45-5-2-44-61-88-73-79-8-7-78-53-6-46-3-43-55-4-68-54-35-93-91-80|36-92-95-33-28-27-29-31-30-62-67-71-38-40-41-81-90-94-34-37-66-56-32-89-24-48-25-77-58|47-14-12-11-15-16-75-87-9-99-86-57-22-84-50-26-96
368,5,1914.2938,1176.072,253.0,861.061,0,5,141.788507,141.983734,True,69-83-64-67-62-85-51-76-18-49-22-84-50-34-24-48-77-25-91|5-45-2-98-82-52-75-23-21-19-57-86-87-9-10-97-74-13-17-60-100-70|65-59-14-47-16-15-11-12-88-7-73-78-53-6-8-46-3-43-37-54-68-55-4-1-35-93-80|36-39-92-95-63-33-28-29-31-71-38-44-40-61-41-81-96-56-20-66|42-72-27-30-99-79-90-94-32-26-89-58
369,4,1919.9223,357.643,166.0,889.1762,0,4,143.477081,143.546449,True,59-63-28-31-95-64-19-23-21-76-85-67-99-86-87-9-57-10-97-74-13-17-60-1-70-100|72-36-42-45-5-2-98-82-69-61-88-73-79-8-7-78-53-6-46-3-43-37-54-55-4-35-93-91-80|39-92-62-33-27-29-30-71-44-40-38-41-81-90-94-34-96-68-66|65-83-14-47-11-12-15-16-52-75-18-51-84-49-22-20-56-50-32-26-89-48-24-25-77-58
370,4,1923.2295,510.43,82.0,883.9656,0,4,144.469221,144.553318,True,65-63-83-59-52-82-98-69-64-19-23-21-76-85-51-90-9-57-10-97-74-13-17-60-1-70-100|39-42-5-45-2-44-61-88-7-8-73-79-78-53-6-46-3-43-4-55-68-35-93-91-80|36-72-92-95-33-28-27-29-31-30-62-67-71-38-40-41-81-94-34-50-56-66-96-54-37-32-89|47-14-12-11-15-16-75-87-86-99-18-49-22-84-26-20-24-48-25-77-58
371,4,1936.7347,328.1081,205.0,936.6355,0,4,148.5208,148.6018,True,65-63-83-59-52-82-98-69-64-19-23-21-18-76-85-51-49-22-20-10-97-74-13-17-60-1-70-100|72-39-42-45-5-2-44-61-88-12-73-79-8-7-78-53-6-46-3-43-55-4-68-54-35-93-91-80|36-92-95-33-28-27-29-31-30-62-67-71-38-40-41-81-90-94-34-37-96-66-56-32-89-24-48-25-77-58|14-47-15-11-75-99-16-9-87-86-57-84-26-50
372,8,1947.983,3183.1774,304.0,854.119,0,8,344.812927,345.324285,True,39-42-2-98-12-11-15-16-78-73-79-8-53-10-17-13-74-25|72-36-64-82-69-88-6-7-46-3-96-54-37-35-43-1-4-60-100-70|45-5-33-28-27-29-31-71-38-40-41-81-94-84-56-66-77-80|65-83-19-21-23-86-87-9-90|95-63-85-51-76-18-49-22-20-50-34-26-32-93|14-47-59-75-52-99-57-24-48-89-91|55-97-58|92-62-30-67-44-61-68
373,4,1959.295,472.017,59.0,883.9656,0,4,155.288876,155.37573,True,63-83-52-82-98-69-64-19-23-21-76-85-51-90-9-57-10-97-74-13-17-60-1-70-100|72-39-42-45-5-2-44-61-88-73-79-8-7-78-53-6-46-3-43-55-4-68-54-35-93-91-80|36-92-95-33-28-27-29-31-30-62-67-71-38-40-41-81-94-84-34-50-56-66-96-37-32-89|65-59-47-14-12-11-15-16-75-87-86-99-18-49-22-20-26-24-48-25-77-58
374,4,1975.2806,356.9453,224.0,883.9656,0,4,160.084549,160.175438,True,65-63-83-59-52-82-98-69-64-19-23-21-76-85-51-90-9-57-20-49-10-97-74-13-17-60-1-70-100|72-36-42-45-5-2-44-61-88-12-73-79-8-7-78-53-6-46-3-43-37-68-55-4-35-93-91-80|39-92-95-33-28-27-29-31-30-62-67-71-38-40-41-81-94-84-34-50-56-66-96-54-32-89-48-25-77-58|14-47-15-11-16-75-87-86-99-18-22-26-24
375,4,1988.9588,442.3532,118.0,883.9656,0,4,164.188033,164.285237,True,65-63-83-59-52-82-98-69-64-19-23-21-76-85-51-90-9-57-10-97-74-13-17-60-1-70-100|72-39-42-45-5-2-44-61-88-12-73-79-8-7-78-53-6-46-3-43-55-4-68-54-35-93-91-80|36-92-95-33-28-27-29-31-30-62-67-71-38-40-41-81-94-84-34-50-56-66-96-37-32-89|14-47-11-15-16-75-86-87-99-22-18-49-26-20-24-48-25-77-58
376,11,2039.493,4579.679,260.0,853.7075,0,11,554.288163,555.032888,True,65-59-14-47-45-2-7-79-73-78-53-22-49-32-48-77-58|72-36-39-42-44-40-38-41-94-54-93-80|83-64-23-21-18-19-86-9-97-74-13-17-60-1-70-100|33-28-27-29-31-30-62-84-51-20-56|81-61-3-46-55|71-67-50-34-26-37-43-24-25|66-68-96-35-4-91|92-95-63-85-76-89|69-98-88-12-11-16-87-10|5-8-6-57|82-15-75-52-99-90
377,7,2045.9561,2541.9319,366.0,853.7075,0,7,248.626095,249.076497,True,59-14-47-45-5-2-12-11-15-75-16-73-79-78-53-90-49-32-48-77-58|72-36-39-42-44-40-38-61-41-81-94-54-93-80|83-65-69-98-82-21-23-52-99-19-22-57-86-9-87-97-74-13-17-60-1-70-100|63-33-28-27-29-31-30-62-67-71-84-51-20-56|64-76-50-34-26-37-43-55-24-25|88-7-8-3-46-6-10-66-68-96-35-4-91|92-95-85-18-89
378,8,2161.0782,2985.8866,295.0,854.119,0,8,315.219307,315.764099,True,42-39-65-98-2-12-11-15-16-78-73-79-8-53-10-97-17-13-74-25|36-72-59-52-82-64-62-67-88-6-46-3-96-54-37-35-43-1-4-100-70|45-5-95-33-28-27-29-31-71-40-41-81-94-84-56-77-91-80|83-19-21-23-75-87-86-9-90|63-85-51-76-18-49-22-20-50-34-26-32-93|14-47-7-99-57-66-24-48-89|69-55-60-58|92-30-38-44-61-68
379,13,2207.432,6455.7406,390.0,839.6469,0,13,835.697399,836.785406,True,65-14-47-59-75-16-15-11-12-78-73-79-90|92-95-63-33-28-27-29-31-30-76-51-84-85-26-34-66-24-89-48-25|72-36-39-42-44-40-38-94-81-41-43-35-32-91|5-45-2-98-69-82-52-23-21-18-19-22-57-99-86-9-97-74-17-100|83-64-62-67-71-61-88-7-8-1|37-70|20-50-93|54-56-80|68-4-60-13|96-55-10-58|6-53-87-77|46-3|49
380,13,2208.9193,5241.9764,194.0,856.0444,0,13,653.632776,654.522023,True,5-45-2-7-8-73-79-78-17-13-58|14-47-16-15-11-9-74-24|42-39-72-64-83-81-61-35-37-54|33-28-27-29-31-30-67-71-41-38-40-43-89-91-80|65-19-21-23-87-86-57-99-90|63-85-51-76-18-49-22-84-34-50-66|96-55-10-60-68-93|56-20-97-25-48|94-26-32-77|62-44-6-46-3-1-4-100-70|69-98-82-75-52|36-95-92|59-12-88-53
381,13,2225.8884,5481.5436,300.0,841.8001,0,13,689.567858,690.506595,True,5-45-2-6-7-8-3-4-68|59-15-11-12-88-79-73-78-90|92-95-63-33-31-29-27-30-28-26-34-50-24-48-77-58|72-36-39-42-44-38-41-81-94-96-54-43-93|65-83-64-67-62-84-85-51-49-22-20-91-80|69-98-82-23-52-99-18-57-86-87-9-10-97-74-13-17-60-100|70|47-53-40-35-55-1|66-56-89-25|71-46-37-32|19-75-16|61-76|14-21
382,9,2300.8754,2684.8923,353.0,859.4774,0,9,270.070152,270.618638,True,65-59-14-47-15-75-87-86-99-18-49-22-20-50-34-32-26-89-48-24-58|63-69-98-83-64-19-23-21-76-85-51-9-10-97-74-17-60-100-70|72-39-42-45-5-2-44-61-88-73-79-53-6-8-46-3-43-55-4-68-54-35-93-91|92-36-33-27-29-30-62-71-38-40-41-81-94-37-96-66|90-13-77-25-80|56-1|12-11-16-52-57-84|95-67-7-78|82-28-31
383,11,2328.9664,4310.2745,346.0,853.7075,0,11,513.877485,514.677241,True,59-14-47-45-2-12-15-16-73-79-78-53-90-49-32-48-77-58|72-36-39-42-44-40-38-61-41-81-94-54-93-80|83-69-98-82-21-23-52-99-19-22-86-9-97-74-13-17-60-1-70-100|63-33-28-27-29-31-30-62-67-71-84-51-20-56|7-46-3-55|76-50-34-26-37-43-24-25|66-68-96-35-4-91|92-95-85-18-89|64-11-87-10|65-5-8-6-57|88-75
384,14,2414.9413,5973.9475,192.0,857.9597,0,14,763.428441,764.489678,True,5-45-2-6-7-3-4-1-55|14-47-75-16-15-11-12-73-79-53-90|92-63-33-30-31-29-26-34-50-32-89-48-24-77|72-42-36-40-38-81-94-54-37-35-93|65-83-67-62-76-84-49-22-20-80|98-82-52-19-21-23-87-9-10-13-74-60|43-91-70|41-96-56-66-68-100|88-46-17-58|44-71-85-51-57-86-25|69-64-18-99-97|78-8|59-95-28-61|39-27
385,11,2547.5586,4537.0363,358.0,841.8001,0,11,547.89176,548.790522,True,14-59-75-15-11-12-53-57-18-22-20-50-34-26-48-25|92-63-65-82-52-23-21-19-64-85-76-51-99-9-97-66-74-13-17-60-1-100|36-42-5-45-2-44-88-98-78-73-7-79-6-46-3-4|72-95-62-27-28-30-67-71-38-40-94-84-56-96-37-43-54-91-80|70|93|90-81-41-68-55-24-77-58|69-10-89|47-86-49-32-35|39-61-8-87|83-33-29-31-16
386,10,2553.9413,2670.6339,348.0,857.7672,0,10,333.682781,334.304592,True,69-83-64-67-62-85-51-76-18-49-22-84-24-48-77-25-91|45-98-82-52-75-23-19-57-9-10-97-13-17-60-100-70|65-59-14-47-15-11-12-88-7-73-78-53-6-8-46-55-68-37-1-4-93-80|39-92-63-33-28-29-71-38-44-40-61-41-81-96-56-20-66|42-72-27-30-99-79-90-94-32-26-89-58|3-35-54-74|87-86-50-34-43|2-5-16-21|95-31|36
387,11,2574.9022,3594.3313,248.0,856.0444,0,11,406.486008,407.242704,True,65-14-47-15-11-75-86-99-22-26-32-24-77-58|83-64-51-85-90-57-87-9-10-97-13-17-60-1-70-100|72-39-42-45-2-44-61-12-73-53-78-79-46-3-55-68-35-54-93-80|36-92-63-33-28-27-29-31-30-62-67-71-41-81-94-84-56-66-96|98-76-21-74-25-48|18-20-89-91|52-50-34-37-43-4|6-8-7-49|19-16-88-40|5-38|59-82-69-95-23
388,20,2582.5292,8847.6625,216.0,850.4818,0,20,1194.485686,1196.031335,True,59-49-32-48-77-58|72-36-39-42-44-40-38-61-41-81-94-54-93-80|83-23-21-19-22-86-97-74|63-33-28-27-29-31-30-62-67-71-84-51-20-56|76-50-34-26-37-43-24-25|66-68-96-35-91|92-95-85-18-89|64|65-57|75|69-70|99-87-4|98-53-90-100|55-1|79-10-17|88-7-3-46-6-60|82-52-11-15-12-78-73-9-13|2-8|45-14-47-16|5
389,19,2587.1752,9723.3411,179.0,854.119,0,19,1325.837482,1327.512422,True,63-29-31-94-80|14-45-27-15-16-61-81-54-35-43-68-91|69-98-47-12-82-67-41-40-37|72-42-39-36-38-44-71|2-5-3-1-55|6-7-8-46-4-17-93|88-79-73-78-53|96-56-89-60|100-70|92-95-62-33-30-28-26-34-50-32|65-11-10-97-24|51-19-58|83-20-25|66-74|90-99-57-86-87-9-13|52-77|64-23-48|75-21-18-49-22|59-76-85-84
390,25,2651.2186,11959.9252,175.0,839.6469,0,25,1661.325091,1663.353961,True,65-11-15-16-12-53-10-13-17|39-40-3-1-100|64-52-88-43-35-37|84-56-80|9-86-90|63-76-51-85-50-34-32|78-7-6-8-46-4-70|14-47-66-24|2-60|67-22-18-48|92|91|21-19-20-74-55|99|71-81-54-68|83-57|41-94|61-79-73|69-98-82|95|5-45-59-75-87-49-25|62-38-44-96-97-58|89|42-36-72-27-31-33-30-28-29-26-93|23-77
391,15,2682.3467,6474.5158,231.0,839.6469,0,15,838.513687,839.731684,True,79-7-6-8-46-55-68|59-14-47-16-15-12-78|92-95-33-31-29-27-30-28-26-32-24|72-39-38-44-40-61-41-81-84-94-96-35-93|65-83-64-76-67-71-56-66-91-80|69-98-82-52-99-57-86-87-9-10-17-60-70|53-3-1-25|42-4-13-77|58|2-74-89|45-23-11-73-97-20-48|18-49-50-34-37-43-54-100|88-90-22-51-85|5-36-62-19-21-75|63
392,12,2760.9514,3568.6184,292.0,855.6017,0,12,402.629066,403.442353,True,69-82-18-76-51-34-50-20-24-48-25-91|5-45-2-98-83-52-19-21-23-75-97-74-13-17-60-100-70|65-59-14-16-15-11-73-88-7-6-3-68-54-37-35-1-93-80|36-39-92-63-33-28-71-44-40-41-81-96-56-66|42-27-64-9-79-32-89-77-58|53-87-8-4-55|86-49-10-46-43|38-94-57-22-84-26|67-85-90-78|72-95-30-29-31-61-99|62-12|47
393,15,2840.2078,5410.8315,315.0,850.4818,0,15,678.961033,680.076861,True,45-14-47-59-16-15-11-12-73-79-53-49-50-34-32-26-89-48-77|72-36-42-44-40-38-81-37-54-96-93-80|69-82-21-52-99-19-22-57-86-9-10-74-13-17-1-70|92-62-67-29-30-85-18-56|5-8-7-6-3-55|94-43-100|4-24-58|87-78-46-60-91|83-51-20-35-68-25|95-28-27-41-84-66-97|65-76-90|71-61-88|2-31-64|98-75-23|63-33-39
394,13,2902.2494,4360.7558,334.0,845.5054,0,13,521.449688,522.42717,True,69-82-52-83-64-19-23-21-51-85-9-97-74-13-17-4-60-70|39-42-5-45-2-44-88-8-73-78-53-68-35-43-54-91-80|36-92-95-33-27-29-30-67-38-81-94-84-56-50-96-55|59-75-15-11-99-86-57-20-49-32-89-24-58|62-34-26-66-100|87-10-1-93|65-61-41-37-48-25|90-6-46-3-77|40-7-79-22|63-14-16-12-71-18|98-76|72-31-28|47
395,13,2924.4206,5822.6971,184.0,854.119,0,13,740.740879,741.930597,True,39-42-2-12-11-15-16-73-78-9-25|36-72-59-52-82-67-46-3-96-54-37-35-43|45-5-95-33-28-27-71-40-41-81-84-56-77-91-80|63-51-49-93|14-47-79-7-99-57-48-89|92-30-38-44-68|19-74-13-60-100-70|62-29-88-6-53-20-26|65-98-83-23-21-18-76-90-8-4-1-55|69-31-64-75-66|22-86-87-97-10-17|61-94-85-32-24-58|50-34
396,20,3339.308,6597.1009,155.0,856.0444,0,20,856.901444,858.331276,True,4-60-17-13-58|14-47-16-15-11-74-24-100-70|39-83-69-88-6-46-3-35-37-54|45-5-95-33-28-27-71-43-89-91-80|65-19-90-68|63-76-34-50-66|96-10-55-1-93|56-97-25-48|81-26-32-77|62-44|42-2-52|92-36|59|82-23-99-78-73-94-84-49-20|98-61-38-67-18-22-57-86|85-51-53-79-8|87-9-41|40-7|72-64-21-75-12|31-29-30
397,25,3341.6279,12343.3292,140.0,853.8731,0,25,1718.835685,1721.127822,True,14-47-16-15-11-25|36-72-59-52-67-96-54-35|95-33-28-27-71-84-56-77-91-80|83-21-23-87-9|63-51-49-93|99-57-89|92-30-38-44-61|19-74-13|42-39-37-48|62-29-26-20|65-18-76|31-64-75|22-86-97|66|24|94-85-32-58|10-50|34|55-1|90-53-3-70|82-69-88-78-6-46-60-68|5-45-2-4|81-43-100|41-40-79-17|98-12-73-7-8
398,19,3544.6435,7810.5789,210.0,853.8731,0,19,1038.923147,1040.601476,True,39-42-2-12-11-15-16-73-78-25|36-72-59-52-82-67-46-96-54-35-43|45-5-95-33-28-27-71-40-41-81-84-56-77-91-80|83-21-23-87-9-90|63-51-49-93|47-7-99-57-89|92-30-38-44-68|37-48-100|62-29-88-6-53-20-26|69-31-64-75|22-86-97-17|66-55-4-1|61-94-85-32-58|24-74|19-34-50-10-13-60-70|65-98-3|8-79|76-18|14
399,23,3596.7138,9486.2261,161.0,839.6469,0,23,1290.270229,1292.209693,True,60-17-58|14-15-11-9-74-24-70|72-83-69-53-79-46-3-54|45-5-33-28-30-29-71-89-91-80|65-19-21-23-86-87-90-68|63-85-76-22-34-50-66|96-55-1-93|56-20-97|81-94-26-32-77|62-78|42-75-52|92-36|59|99-16-8-4|100|10-48|35|39-44-73-57-51-84-25|12-98-88-41-37-43|95-31-64-61-67-49-13|82-7-6|40-38-18|47-2-27
400,23,3764.5448,9200.7951,198.0,839.6469,0,23,1247.455579,1249.406277,True,42-65-16-15-11-12-53-10-17-13-25|45-31-40-1-100|36-59-52-64-62-88-3-96-37-35-43|33-84-56-80|9-86-90|63-76-51-85-50-34-32|78-46-4-70|14-47-7-66-24-89|60-58|67-22-18-48|92-38|39-28-75|91|21-20-97-74-55|87-99-8-93|71-81-54-68-77|72-83-23-57-6-49-26|2-41-94|44-61-79-73|19-30|69-98-82-29|95-27|5
