Rank,Z1_Vehicles,Z2_Distance,Z3_WaitTime,Z4_LoadBalance,Z5_Makespan,Unserved,Num_Routes,ASF,ASF_aug,In_ROI,Routes
1,11,990.0784,194.443,116.0,229.1284,0,11,16.371664,16.381164,True,21-72-75-56-23-67-39-25-55-4|6-94-95-97-87-13|88-47-36-49-64-63-90-32-70|12-80-68-29-24-54-26|53-40-73-74-22-41-58|27-69-31-30-51-9-81-33-3-77-50|28-76-79-78-34-35-71-65-66-20-1|52-18-7-82-48-19-11-62-10|2-57-15-43-42-100-37-59-96|99-5-84-17-45-46-8-83-60-89|92-98-85-61-16-86-38-44-14-91-93
2,11,990.4825,160.5426,116.0,229.1284,0,11,11.286594,11.29113,True,21-72-75-56-23-67-39-25-55-4|52-18-6-94-95-97-87-13|47-36-49-64-63-90-32-10|12-80-68-29-24-54-26|53-40-73-74-22-41-58|27-69-70-30-51-9-81-33-3-77-50|28-76-79-78-34-35-71-65-66-20-1|31-88-62-11-19-48-82-7|2-57-15-43-42-100-37-59-96|99-5-84-17-45-46-8-83-60-89|92-98-85-61-16-86-38-44-14-91-93
3,11,990.4825,160.5426,116.0,229.1284,0,11,11.286594,11.29113,True,21-72-75-56-23-67-39-25-55-4|52-18-6-94-95-97-87-13|47-36-49-64-63-90-32-10|12-80-68-29-24-54-26|53-40-73-74-22-41-58|27-69-70-30-51-9-81-33-3-77-50|28-76-79-78-34-35-71-65-66-20-1|31-88-62-11-19-48-82-7|2-57-15-43-42-100-37-59-96|99-5-84-17-45-46-8-83-60-89|92-98-85-61-16-86-38-44-14-91-93
4,11,993.3215,173.4447,113.0,229.1284,0,11,13.221911,13.228934,True,21-72-75-56-23-67-39-25-55-4|52-18-6-94-95-97-87-13|82-47-36-49-64-63-90-32-70|12-80-68-29-24-54-26|53-40-73-74-22-41-58|27-69-30-51-9-81-33-3-77-50|28-76-79-78-34-35-71-65-66-20-1|31-88-7-48-19-11-62-10|2-57-15-43-42-100-98-37-92-59-96|5-84-17-45-46-8-83-60-89|99-85-61-16-86-38-44-14-91-93
5,11,995.4721,151.1833,116.0,229.1284,0,11,9.882706,9.887335,True,21-72-75-56-23-67-39-25-55-4|52-18-6-94-95-97-87-13|82-47-36-49-64-63-90-32-70|12-80-68-29-24-54-26|53-40-73-74-22-41-58|27-69-30-51-9-81-33-3-77-50|28-76-79-78-34-35-71-65-66-20-1|31-88-7-48-19-11-62-10|2-57-15-43-42-100-37-59-96|99-5-84-17-45-46-8-83-60-89|92-98-85-61-16-86-38-44-14-91-93
6,11,995.4721,151.1833,116.0,229.1284,0,11,9.882706,9.887335,True,21-72-75-56-23-67-39-25-55-4|52-18-6-94-95-97-87-13|82-47-36-49-64-63-90-32-70|12-80-68-29-24-54-26|53-40-73-74-22-41-58|27-69-30-51-9-81-33-3-77-50|28-76-79-78-34-35-71-65-66-20-1|31-88-7-48-19-11-62-10|2-57-15-43-42-100-37-59-96|99-5-84-17-45-46-8-83-60-89|92-98-85-61-16-86-38-44-14-91-93
7,11,995.4721,151.1833,116.0,229.1284,0,11,9.882706,9.887335,True,21-72-75-56-23-67-39-25-55-4|52-18-6-94-95-97-87-13|82-47-36-49-64-63-90-32-70|12-80-68-29-24-54-26|53-40-73-74-22-41-58|27-69-30-51-9-81-33-3-77-50|28-76-79-78-34-35-71-65-66-20-1|31-88-7-48-19-11-62-10|2-57-15-43-42-100-37-59-96|99-5-84-17-45-46-8-83-60-89|92-98-85-61-16-86-38-44-14-91-93
8,11,995.4721,151.1833,116.0,229.1284,0,11,9.882706,9.887335,True,21-72-75-56-23-67-39-25-55-4|52-18-6-94-95-97-87-13|82-47-36-49-64-63-90-32-70|12-80-68-29-24-54-26|53-40-73-74-22-41-58|27-69-30-51-9-81-33-3-77-50|28-76-79-78-34-35-71-65-66-20-1|31-88-7-48-19-11-62-10|2-57-15-43-42-100-37-59-96|99-5-84-17-45-46-8-83-60-89|92-98-85-61-16-86-38-44-14-91-93
9,11,995.4721,151.1833,116.0,229.1284,0,11,9.882706,9.887335,True,21-72-75-56-23-67-39-25-55-4|52-18-6-94-95-97-87-13|82-47-36-49-64-63-90-32-70|12-80-68-29-24-54-26|53-40-73-74-22-41-58|27-69-30-51-9-81-33-3-77-50|28-76-79-78-34-35-71-65-66-20-1|31-88-7-48-19-11-62-10|2-57-15-43-42-100-37-59-96|99-5-84-17-45-46-8-83-60-89|92-98-85-61-16-86-38-44-14-91-93
10,11,995.4721,151.1833,116.0,229.1284,0,11,9.882706,9.887335,True,21-72-75-56-23-67-39-25-55-4|52-18-6-94-95-97-87-13|82-47-36-49-64-63-90-32-70|12-80-68-29-24-54-26|53-40-73-74-22-41-58|27-69-30-51-9-81-33-3-77-50|28-76-79-78-34-35-71-65-66-20-1|31-88-7-48-19-11-62-10|2-57-15-43-42-100-37-59-96|99-5-84-17-45-46-8-83-60-89|92-98-85-61-16-86-38-44-14-91-93
11,11,995.4721,151.1833,116.0,229.1284,0,11,9.882706,9.887335,True,21-72-75-56-23-67-39-25-55-4|52-18-6-94-95-97-87-13|82-47-36-49-64-63-90-32-70|12-80-68-29-24-54-26|53-40-73-74-22-41-58|27-69-30-51-9-81-33-3-77-50|28-76-79-78-34-35-71-65-66-20-1|31-88-7-48-19-11-62-10|2-57-15-43-42-100-37-59-96|99-5-84-17-45-46-8-83-60-89|92-98-85-61-16-86-38-44-14-91-93
12,11,995.4721,151.1833,116.0,229.1284,0,11,9.882706,9.887335,True,21-72-75-56-23-67-39-25-55-4|52-18-6-94-95-97-87-13|82-47-36-49-64-63-90-32-70|12-80-68-29-24-54-26|53-40-73-74-22-41-58|27-69-30-51-9-81-33-3-77-50|28-76-79-78-34-35-71-65-66-20-1|31-88-7-48-19-11-62-10|2-57-15-43-42-100-37-59-96|99-5-84-17-45-46-8-83-60-89|92-98-85-61-16-86-38-44-14-91-93
13,11,995.4721,151.1833,116.0,229.1284,0,11,9.882706,9.887335,True,21-72-75-56-23-67-39-25-55-4|52-18-6-94-95-97-87-13|82-47-36-49-64-63-90-32-70|12-80-68-29-24-54-26|53-40-73-74-22-41-58|27-69-30-51-9-81-33-3-77-50|28-76-79-78-34-35-71-65-66-20-1|31-88-7-48-19-11-62-10|2-57-15-43-42-100-37-59-96|99-5-84-17-45-46-8-83-60-89|92-98-85-61-16-86-38-44-14-91-93
14,11,996.1268,160.7608,114.0,229.1284,0,11,11.31932,11.325383,True,21-72-75-56-23-67-39-25-55-4|52-18-6-94-95-97-87-13|82-47-36-49-64-63-90-32-70|12-80-68-29-24-54-26|53-40-73-74-22-41-58|27-69-30-51-9-81-33-3-77-50|28-76-79-78-34-35-71-65-66-20-1|31-88-7-48-19-11-62-10|2-57-15-43-42-100-37-92-59-96|99-5-84-17-45-46-8-83-60-89|98-85-61-16-86-38-44-14-91-93
15,11,996.4967,151.1833,96.0,229.1284,0,11,9.882706,9.885643,True,21-72-75-56-23-67-39-25-55-4|52-18-6-94-95-97-87-13|82-47-36-49-64-63-90-32-70|12-80-68-29-24-54-26|53-40-73-74-22-41-58|27-69-30-51-9-81-33-3-77-50|28-76-79-78-34-35-71-65-66-20-1|31-88-7-48-19-11-62-10|2-57-15-43-42-14-100-37-59-96|99-5-84-17-45-46-8-83-60-89|92-98-85-61-16-86-38-44-91-93
16,11,997.3246,139.3309,125.0,229.1284,0,11,8.104843,8.10915,True,21-73-72-75-56-23-67-39-25-55-4|52-18-6-94-95-97-87-13|82-47-36-49-64-63-90-32-70|12-80-68-29-24-54-26|53-40-74-22-41-58|27-69-30-51-9-81-33-3-77-50|28-76-79-78-34-35-71-65-66-20-1|31-88-7-48-19-11-62-10|2-57-15-43-42-100-37-59-96|99-5-84-17-45-46-8-83-60-89|92-98-85-61-16-86-38-44-14-91-93
17,11,997.3246,139.3309,125.0,229.1284,0,11,8.104843,8.10915,True,21-73-72-75-56-23-67-39-25-55-4|52-18-6-94-95-97-87-13|82-47-36-49-64-63-90-32-70|12-80-68-29-24-54-26|53-40-74-22-41-58|27-69-30-51-9-81-33-3-77-50|28-76-79-78-34-35-71-65-66-20-1|31-88-7-48-19-11-62-10|2-57-15-43-42-100-37-59-96|99-5-84-17-45-46-8-83-60-89|92-98-85-61-16-86-38-44-14-91-93
18,11,998.3543,151.1833,94.0,229.1284,0,11,9.882706,9.886,True,21-72-75-56-23-67-39-25-55-4|52-18-6-94-95-97-87-13|82-47-36-49-64-63-90-32-70|12-80-68-29-24-54-26|53-40-73-74-22-41-58|27-69-30-51-9-81-33-3-77-50|28-76-79-78-34-35-71-65-66-20-1|31-88-7-48-19-11-62-10|2-57-15-43-42-100-37-93-59-96|99-5-84-17-45-46-8-83-60-89|92-98-85-61-16-86-38-44-14-91
19,11,1000.6249,173.4447,93.0,229.1284,0,11,13.221911,13.229125,True,21-72-75-56-23-67-39-25-55-4|52-18-6-94-95-97-87-13|82-47-36-49-64-63-90-32-70|12-80-68-29-24-54-26|53-40-73-74-22-41-58|27-69-30-51-9-81-33-3-77-50|28-76-79-78-34-35-71-65-66-20-1|31-88-7-48-19-11-62-10|2-57-15-43-42-100-98-37-93-59-96|5-84-17-45-46-8-83-60-89|99-92-85-61-16-86-44-38-14-91
20,11,1001.2246,138.6356,91.0,229.1284,0,11,8.00055,8.002523,True,21-72-75-56-23-67-39-25-55-4|52-18-85-100-37-95-6|82-47-36-49-64-63-90-32-70|12-80-68-29-24-54-26|53-40-73-74-22-41-58|27-69-30-51-9-81-33-3-77-50|28-76-79-78-34-35-71-65-66-20-1|31-88-7-48-19-11-62-10|2-57-15-43-42-87-97-94-13|59-99-5-84-17-45-46-8-83-60-89|92-98-61-16-86-38-14-44-91-93-96
21,11,1001.2246,138.6356,91.0,229.1284,0,11,8.00055,8.002523,True,21-72-75-56-23-67-39-25-55-4|52-18-85-100-37-95-6|82-47-36-49-64-63-90-32-70|12-80-68-29-24-54-26|53-40-73-74-22-41-58|27-69-30-51-9-81-33-3-77-50|28-76-79-78-34-35-71-65-66-20-1|31-88-7-48-19-11-62-10|2-57-15-43-42-87-97-94-13|59-99-5-84-17-45-46-8-83-60-89|92-98-61-16-86-38-14-44-91-93-96
22,11,1003.1867,161.3487,127.0,221.7631,0,11,11.407512,11.415976,True,21-72-75-56-23-67-39-25-55-4|18-6-94-13|47-36-49-64-11-63-90-32-70|12-80-68-29-24-54-26|53-40-73-74-22-41-58|27-69-30-51-9-81-33-79-3-77-50|28-76-78-34-35-71-65-66-20-1|52-7-82-48-19-62-88-31-10|2-57-15-43-42-87-97-37-93-59-96|95-99-5-84-17-45-46-8-83-60-89|92-98-85-61-16-86-38-44-14-91-100
23,11,1003.4868,137.1915,116.0,229.1284,0,11,7.78393,7.788865,True,21-72-75-23-56-67-39-25-55-4|52-18-6-94-95-97-87-13|82-47-36-49-64-63-90-32-70|12-80-68-29-24-54-26|53-40-73-74-22-41-58|27-69-30-51-9-81-33-3-77-50|28-76-79-78-34-35-71-65-66-20-1|31-88-7-48-19-11-62-10|2-57-15-43-42-100-37-59-96|99-5-84-17-45-46-8-83-60-89|92-98-85-61-16-86-38-44-14-91-93
24,11,1003.4868,137.1915,116.0,229.1284,0,11,7.78393,7.788865,True,21-72-75-23-56-67-39-25-55-4|52-18-6-94-95-97-87-13|82-47-36-49-64-63-90-32-70|12-80-68-29-24-54-26|53-40-73-74-22-41-58|27-69-30-51-9-81-33-3-77-50|28-76-79-78-34-35-71-65-66-20-1|31-88-7-48-19-11-62-10|2-57-15-43-42-100-37-59-96|99-5-84-17-45-46-8-83-60-89|92-98-85-61-16-86-38-44-14-91-93
25,11,1003.622,206.3769,104.0,221.7631,0,11,18.16174,18.174789,True,21-75-56-23-67-39-25-55-4|18-6-94-95-97-87-13|47-36-49-64-11-63-90-32-70|12-80-68-29-24-54-26|53-40-73-72-74-22-41-58|27-69-30-51-9-81-33-79-3-77-50|28-76-78-34-35-71-65-66-20-1|52-7-82-48-19-62-88-31-10|2-57-15-43-42-100-98-37-92-59-96|5-84-17-45-46-8-83-60-89|99-85-61-16-86-38-44-14-91-93
26,11,1004.5888,153.5628,116.0,221.7631,0,11,10.239631,10.246248,True,21-72-75-56-23-67-39-25-55-4|52-18-6-94-95-97-87-13|82-47-36-49-64-63-90-32-70|12-80-68-29-24-54-26|53-40-73-74-22-41-58|27-69-30-51-9-81-79-33-3-77-50|28-76-78-34-35-71-65-66-20-1|31-88-7-48-19-11-62-10|2-57-15-43-42-100-37-59-96|99-5-84-17-45-46-8-83-60-89|92-98-85-61-16-86-38-44-14-91-93
27,11,1004.5888,153.5628,116.0,221.7631,0,11,10.239631,10.246248,True,21-72-75-56-23-67-39-25-55-4|52-18-6-94-95-97-87-13|82-47-36-49-64-63-90-32-70|12-80-68-29-24-54-26|53-40-73-74-22-41-58|27-69-30-51-9-81-79-33-3-77-50|28-76-78-34-35-71-65-66-20-1|31-88-7-48-19-11-62-10|2-57-15-43-42-100-37-59-96|99-5-84-17-45-46-8-83-60-89|92-98-85-61-16-86-38-44-14-91-93
28,11,1004.6516,181.6778,57.0,229.1284,0,11,14.456873,14.462931,True,73-75-56-23-67-39-25-55-4|18-6-94-95-97-87-13|47-36-49-64-11-63-90-32-70|12-80-68-29-24-54-26|53-40-21-72-74-22-41-58|27-69-30-51-9-81-33-3-77-50|28-76-79-78-34-35-71-65-66-20-1|52-7-82-48-19-62-88-31-10|2-57-15-43-42-100-85-93-59-96|99-5-84-17-45-46-8-83-60-89|92-98-61-16-86-38-14-44-91-37
29,11,1004.6516,181.6778,57.0,229.1284,0,11,14.456873,14.462931,True,73-75-56-23-67-39-25-55-4|18-6-94-95-97-87-13|47-36-49-64-11-63-90-32-70|12-80-68-29-24-54-26|53-40-21-72-74-22-41-58|27-69-30-51-9-81-33-3-77-50|28-76-79-78-34-35-71-65-66-20-1|52-7-82-48-19-62-88-31-10|2-57-15-43-42-100-85-93-59-96|99-5-84-17-45-46-8-83-60-89|92-98-61-16-86-38-14-44-91-37
30,11,1005.3849,153.5532,116.0,221.7631,0,11,10.238184,10.245038,True,21-72-75-56-23-67-39-25-55-4|52-18-6-94-95-97-87-13|82-47-36-49-64-63-90-32-70|12-80-68-29-24-54-26|53-40-73-74-22-41-58|27-69-30-51-9-81-33-78-3-77-50|28-76-79-34-35-71-65-66-20-1|31-88-7-48-19-11-62-10|2-57-15-43-42-100-37-59-96|99-5-84-17-45-46-8-83-60-89|92-98-85-61-16-86-38-44-14-91-93
31,11,1005.3849,153.5532,116.0,221.7631,0,11,10.238184,10.245038,True,21-72-75-56-23-67-39-25-55-4|52-18-6-94-95-97-87-13|82-47-36-49-64-63-90-32-70|12-80-68-29-24-54-26|53-40-73-74-22-41-58|27-69-30-51-9-81-33-78-3-77-50|28-76-79-34-35-71-65-66-20-1|31-88-7-48-19-11-62-10|2-57-15-43-42-100-37-59-96|99-5-84-17-45-46-8-83-60-89|92-98-85-61-16-86-38-44-14-91-93
32,11,1005.7726,184.1155,99.0,221.7631,0,11,14.822535,14.83239,True,21-75-56-23-67-39-25-55-4|18-6-94-95-97-87-13|47-36-49-64-11-63-90-32-70|12-80-68-29-24-54-26|53-40-73-72-74-22-41-58|27-69-30-51-9-81-33-79-3-77-50|28-76-78-34-35-71-65-66-20-1|52-7-82-48-19-62-88-31-10|2-57-15-43-42-100-37-59-96|99-5-84-17-45-46-8-83-60-89|92-98-85-61-16-86-38-44-14-91-93
33,11,1005.7726,184.1155,99.0,221.7631,0,11,14.822535,14.83239,True,21-75-56-23-67-39-25-55-4|18-6-94-95-97-87-13|47-36-49-64-11-63-90-32-70|12-80-68-29-24-54-26|53-40-73-72-74-22-41-58|27-69-30-51-9-81-33-79-3-77-50|28-76-78-34-35-71-65-66-20-1|52-7-82-48-19-62-88-31-10|2-57-15-43-42-100-37-59-96|99-5-84-17-45-46-8-83-60-89|92-98-85-61-16-86-38-44-14-91-93
34,11,1007.1514,193.6725,83.0,221.7631,0,11,16.256082,16.266184,True,73-75-56-23-67-39-25-55-4|18-6-94-95-97-87-13|47-36-49-64-11-63-90-32-70|12-80-68-29-24-54-26|53-40-21-72-74-22-41-58|27-69-30-51-9-81-33-79-3-77-50|28-76-78-34-35-71-65-66-20-1|52-7-82-48-19-62-88-31-10|2-57-15-43-42-37-98-93-59-96|99-5-84-17-45-46-8-83-60-89|92-85-61-16-86-38-44-14-91-100
35,11,1007.1514,193.6725,83.0,221.7631,0,11,16.256082,16.266184,True,73-75-56-23-67-39-25-55-4|18-6-94-95-97-87-13|47-36-49-64-11-63-90-32-70|12-80-68-29-24-54-26|53-40-21-72-74-22-41-58|27-69-30-51-9-81-33-79-3-77-50|28-76-78-34-35-71-65-66-20-1|52-7-82-48-19-62-88-31-10|2-57-15-43-42-37-98-93-59-96|99-5-84-17-45-46-8-83-60-89|92-85-61-16-86-38-44-14-91-100
36,11,1007.995,137.0143,116.0,229.1284,0,11,7.757349,7.76361,True,21-72-75-56-23-67-39-25-55-4|52-18-6-94-95-97-87-13|82-47-36-49-64-63-90-32-70|12-80-68-29-24-54-26|53-40-73-74-22-41-58|27-69-30-51-9-81-33-3-77-50|28-76-79-78-34-35-71-65-66-20-1|31-88-7-48-19-11-62-10|2-42-57-15-43-100-37-59-96|99-5-84-17-45-46-8-83-60-89|92-98-85-61-16-86-38-44-14-91-93
37,11,1007.995,137.0143,116.0,229.1284,0,11,7.757349,7.76361,True,21-72-75-56-23-67-39-25-55-4|52-18-6-94-95-97-87-13|82-47-36-49-64-63-90-32-70|12-80-68-29-24-54-26|53-40-73-74-22-41-58|27-69-30-51-9-81-33-3-77-50|28-76-79-78-34-35-71-65-66-20-1|31-88-7-48-19-11-62-10|2-42-57-15-43-100-37-59-96|99-5-84-17-45-46-8-83-60-89|92-98-85-61-16-86-38-44-14-91-93
38,11,1009.456,172.8262,85.0,229.1284,0,11,13.129141,13.138113,True,73-75-56-23-67-39-25-55-4|18-6-94-95-97-87-13|47-36-49-64-11-63-90-32-70|12-80-68-3-29-24-54-26|53-40-21-72-74-22-41-58|27-69-30-51-9-81-33-77-50|28-76-79-78-34-35-71-65-66-20-1|52-88-7-48-19-62-10-31|2-57-15-43-42-37-98-93-59-96|82-8-46-45-17-84-5-83-60-89|92-99-85-61-16-86-38-44-14-91-100
39,11,1009.456,172.8262,85.0,229.1284,0,11,13.129141,13.138113,True,73-75-56-23-67-39-25-55-4|18-6-94-95-97-87-13|47-36-49-64-11-63-90-32-70|12-80-68-3-29-24-54-26|53-40-21-72-74-22-41-58|27-69-30-51-9-81-33-77-50|28-76-79-78-34-35-71-65-66-20-1|52-88-7-48-19-62-10-31|2-57-15-43-42-37-98-93-59-96|82-8-46-45-17-84-5-83-60-89|92-99-85-61-16-86-38-44-14-91-100
40,11,1011.0299,132.6811,116.0,229.1284,0,11,7.107374,7.113896,True,21-72-75-56-23-67-39-25-55-4|52-18-6-94-95-97-87-13|82-47-36-49-64-63-90-32-70|28-29-24-54-80-12-26|53-40-73-74-22-41-58|27-69-30-51-9-81-33-3-68-77-50|76-79-78-34-35-71-65-66-20-1|31-88-7-48-19-11-62-10|2-57-15-43-42-100-37-59-96|99-5-84-17-45-46-8-83-60-89|92-98-85-61-16-86-38-44-14-91-93
41,11,1011.0299,132.6811,116.0,229.1284,0,11,7.107374,7.113896,True,21-72-75-56-23-67-39-25-55-4|52-18-6-94-95-97-87-13|82-47-36-49-64-63-90-32-70|28-29-24-54-80-12-26|53-40-73-74-22-41-58|27-69-30-51-9-81-33-3-68-77-50|76-79-78-34-35-71-65-66-20-1|31-88-7-48-19-11-62-10|2-57-15-43-42-100-37-59-96|99-5-84-17-45-46-8-83-60-89|92-98-85-61-16-86-38-44-14-91-93
42,11,1012.3011,188.9439,83.0,221.7631,0,11,15.546799,15.557737,True,21-75-56-23-67-39-25-55-4|18-6-94-95-97-87-13|47-36-49-64-11-63-90-32-70|12-80-68-29-24-54-26|53-40-73-72-74-22-41-58|27-69-30-51-9-81-33-79-3-77-50|28-76-78-34-35-71-65-66-20-1|52-82-7-48-19-62-88-31-10|2-57-15-43-42-37-98-93-59-96|99-5-84-17-45-46-8-83-60-89|92-85-61-16-86-38-44-14-91-100
43,11,1012.3011,188.9439,83.0,221.7631,0,11,15.546799,15.557737,True,21-75-56-23-67-39-25-55-4|18-6-94-95-97-87-13|47-36-49-64-11-63-90-32-70|12-80-68-29-24-54-26|53-40-73-72-74-22-41-58|27-69-30-51-9-81-33-79-3-77-50|28-76-78-34-35-71-65-66-20-1|52-82-7-48-19-62-88-31-10|2-57-15-43-42-37-98-93-59-96|99-5-84-17-45-46-8-83-60-89|92-85-61-16-86-38-44-14-91-100
44,11,1013.0596,170.9375,56.0,227.5644,0,11,12.845828,12.852462,True,21-75-56-23-67-39-25-55-4|18-6-94-95-97-87-13|47-36-49-64-11-63-90-32-70|28-76-77-68-80-24-54-26|53-40-73-72-74-22-41-58|27-69-30-51-9-81-33-79-3-50|12-29-78-34-35-71-65-66-20-1|52-7-82-48-19-62-88-31-10|2-57-15-43-42-37-98-85-93-59-96|99-5-84-17-45-46-8-83-60-89|92-61-16-86-38-14-44-91-100
45,11,1013.0596,170.9375,56.0,227.5644,0,11,12.845828,12.852462,True,21-75-56-23-67-39-25-55-4|18-6-94-95-97-87-13|47-36-49-64-11-63-90-32-70|28-76-77-68-80-24-54-26|53-40-73-72-74-22-41-58|27-69-30-51-9-81-33-79-3-50|12-29-78-34-35-71-65-66-20-1|52-7-82-48-19-62-88-31-10|2-57-15-43-42-37-98-85-93-59-96|99-5-84-17-45-46-8-83-60-89|92-61-16-86-38-14-44-91-100
46,11,1014.7513,173.3652,101.0,227.0204,0,11,13.209987,13.221911,True,21-72-75-56-23-67-39-25-55-4|27-18-6-94-95-97-87-13|47-36-49-64-11-63-90-10-70|12-80-68-29-24-54-26|53-40-73-74-22-41-58|69-30-51-20-9-81-33-3-77-50-1|28-76-79-78-34-35-71-65-66-32|52-7-82-48-19-62-88-31|2-57-15-43-42-37-98-93-59-96|99-5-84-17-45-46-8-83-60-89|92-85-61-16-86-38-44-14-91-100
47,11,1014.7513,173.3652,101.0,227.0204,0,11,13.209987,13.221911,True,21-72-75-56-23-67-39-25-55-4|27-18-6-94-95-97-87-13|47-36-49-64-11-63-90-10-70|12-80-68-29-24-54-26|53-40-73-74-22-41-58|69-30-51-20-9-81-33-3-77-50-1|28-76-79-78-34-35-71-65-66-32|52-7-82-48-19-62-88-31|2-57-15-43-42-37-98-93-59-96|99-5-84-17-45-46-8-83-60-89|92-85-61-16-86-38-44-14-91-100
48,11,1015.1989,166.372,78.0,229.1284,0,11,12.161002,12.170027,True,21-75-56-23-67-39-25-55-4|18-5-93-100-37-59-96|47-36-49-64-11-63-90-32-70|12-80-68-29-24-54-26|53-40-73-72-74-22-41-58|27-69-30-51-9-81-33-3-77-50|28-76-79-78-34-35-71-65-66-20-1|52-7-82-48-19-62-88-31-10|2-57-15-43-42-87-94-6|95-98-85-84-17-45-46-8-83-60-89|92-99-61-16-86-38-14-44-91-97-13
49,11,1015.1989,166.372,78.0,229.1284,0,11,12.161002,12.170027,True,21-75-56-23-67-39-25-55-4|18-5-93-100-37-59-96|47-36-49-64-11-63-90-32-70|12-80-68-29-24-54-26|53-40-73-72-74-22-41-58|27-69-30-51-9-81-33-3-77-50|28-76-79-78-34-35-71-65-66-20-1|52-7-82-48-19-62-88-31-10|2-57-15-43-42-87-94-6|95-98-85-84-17-45-46-8-83-60-89|92-99-61-16-86-38-14-44-91-97-13
50,11,1015.9624,130.1124,116.0,229.1284,0,11,6.722075,6.729691,True,21-72-75-56-23-67-39-25-55-4|52-18-6-94-95-97-87-13|82-47-36-49-64-63-90-32-70|28-12-76-77-3-29-24-54-26|53-40-73-74-22-41-58|27-69-30-51-9-81-50-68-80|33-79-78-34-35-71-65-66-20-1|31-88-7-48-19-11-62-10|2-57-15-43-42-100-37-59-96|99-5-84-17-45-46-8-83-60-89|92-98-85-61-16-86-38-44-14-91-93
51,10,1017.5009,106.5416,83.0,229.0933,0,10,3.186453,3.18739,True,40-21-73-75-56-39-67-25-55-54|53-6-94-95-97-87-41-58|82-47-36-49-64-63-90-32-70|12-29-24-4-23-22-74-72-26|27-69-30-51-9-81-33-3-77-68-80|28-76-79-78-34-35-71-65-66-20|31-88-7-48-19-11-62-10-1-50|2-57-15-43-42-100-98-37-92-59-96-13|52-83-18-8-46-45-17-84-5-60-89|99-85-61-16-86-38-44-14-91-93
52,10,1017.5009,106.5416,83.0,229.0933,0,10,3.186453,3.18739,True,40-21-73-75-56-39-67-25-55-54|53-6-94-95-97-87-41-58|82-47-36-49-64-63-90-32-70|12-29-24-4-23-22-74-72-26|27-69-30-51-9-81-33-3-77-68-80|28-76-79-78-34-35-71-65-66-20|31-88-7-48-19-11-62-10-1-50|2-57-15-43-42-100-98-37-92-59-96-13|52-83-18-8-46-45-17-84-5-60-89|99-85-61-16-86-38-44-14-91-93
53,11,1017.9769,132.8938,116.0,223.4221,0,11,7.139271,7.147053,True,21-72-75-56-23-67-39-25-55-4|52-18-6-94-95-97-87-13|82-47-36-49-64-63-90-32-70-1|76-12-80-68-29-24-54-26|53-40-73-74-22-41-58|27-69-30-51-9-33-79-3-77-50|28-78-81-34-35-71-65-66-20|31-88-7-48-19-11-62-10|2-57-15-43-42-100-37-59-96|99-5-84-17-45-46-8-83-60-89|92-98-85-61-16-86-38-44-14-91-93
54,11,1017.9769,132.8938,116.0,223.4221,0,11,7.139271,7.147053,True,21-72-75-56-23-67-39-25-55-4|52-18-6-94-95-97-87-13|82-47-36-49-64-63-90-32-70-1|76-12-80-68-29-24-54-26|53-40-73-74-22-41-58|27-69-30-51-9-33-79-3-77-50|28-78-81-34-35-71-65-66-20|31-88-7-48-19-11-62-10|2-57-15-43-42-100-37-59-96|99-5-84-17-45-46-8-83-60-89|92-98-85-61-16-86-38-44-14-91-93
55,11,1018.8386,151.1833,116.0,221.7631,0,11,9.882706,9.89324,True,21-72-75-56-23-67-39-25-55-4|52-18-6-94-95-97-87-13|82-47-36-49-64-63-90-32-70|12-80-68-29-24-54-26-1|53-40-73-74-22-41-58|27-69-30-51-9-81-33-3-77-50|28-76-79-78-34-35-71-65-66-20|31-88-7-48-19-11-62-10|2-57-15-43-42-100-37-59-96|99-5-84-17-45-46-8-83-60-89|92-98-85-61-16-86-38-44-14-91-93
56,11,1018.8386,151.1833,116.0,221.7631,0,11,9.882706,9.89324,True,21-72-75-56-23-67-39-25-55-4|52-18-6-94-95-97-87-13|82-47-36-49-64-63-90-32-70|12-80-68-29-24-54-26-1|53-40-73-74-22-41-58|27-69-30-51-9-81-33-3-77-50|28-76-79-78-34-35-71-65-66-20|31-88-7-48-19-11-62-10|2-57-15-43-42-100-37-59-96|99-5-84-17-45-46-8-83-60-89|92-98-85-61-16-86-38-44-14-91-93
57,10,1020.2484,51.6849,98.0,229.1284,0,10,1.051321,1.046359,True,40-73-41-22-75-56-4-55-54|27-52-18-6-94-95-97-87-53-58|82-47-36-49-64-63-90-32|12-29-24-25-39-67-23-74|69-30-51-9-81-33-3-77-68-80-26|28-76-79-78-34-35-71-65-66-20-1|31-88-7-48-19-11-62-10-70-50|21-72-2-57-15-43-42-100-37-59-96-13|99-5-84-17-45-46-8-83-60-89|92-98-85-61-16-86-38-44-14-91-93
58,10,1020.2484,51.6849,98.0,229.1284,0,10,1.051321,1.046359,True,40-73-41-22-75-56-4-55-54|27-52-18-6-94-95-97-87-53-58|82-47-36-49-64-63-90-32|12-29-24-25-39-67-23-74|69-30-51-9-81-33-3-77-68-80-26|28-76-79-78-34-35-71-65-66-20-1|31-88-7-48-19-11-62-10-70-50|21-72-2-57-15-43-42-100-37-59-96-13|99-5-84-17-45-46-8-83-60-89|92-98-85-61-16-86-38-44-14-91-93
59,11,1021.5169,194.345,70.0,221.7631,0,11,16.356965,16.370178,True,21-75-56-23-67-39-25-55-4|18-6-94-95-97-87-13|47-36-49-64-11-63-90-32-70|80-12-68-29-24-54-26|53-40-73-72-74-22-41-58|27-69-30-51-9-81-33-79-3-77-50|28-76-78-34-35-71-65-66-20-1|52-7-82-48-19-62-88-31-10|2-57-15-43-42-37-98-85-93-59-96|99-5-84-17-45-46-8-83-60-89|92-61-16-86-38-44-14-91-100
60,11,1021.5169,194.345,70.0,221.7631,0,11,16.356965,16.370178,True,21-75-56-23-67-39-25-55-4|18-6-94-95-97-87-13|47-36-49-64-11-63-90-32-70|80-12-68-29-24-54-26|53-40-73-72-74-22-41-58|27-69-30-51-9-81-33-79-3-77-50|28-76-78-34-35-71-65-66-20-1|52-7-82-48-19-62-88-31-10|2-57-15-43-42-37-98-85-93-59-96|99-5-84-17-45-46-8-83-60-89|92-61-16-86-38-44-14-91-100
61,11,1022.9166,175.8668,110.0,221.7631,0,11,13.585225,13.600086,True,21-72-75-56-23-67-39-25-55-4|6-94-95-97-87-13|47-36-49-64-11-63-90-32-70|12-80-68-29-24-54-26-1|53-40-73-74-22-41-58|27-69-30-51-9-81-33-3-77-50|28-76-79-78-34-35-71-65-66-20|52-7-82-48-19-62-88-31-10|2-57-15-43-42-37-98-93-59-96|83-18-8-46-45-17-84-5-60-89|92-99-85-61-16-86-38-44-14-91-100
62,11,1022.9166,175.8668,110.0,221.7631,0,11,13.585225,13.600086,True,21-72-75-56-23-67-39-25-55-4|6-94-95-97-87-13|47-36-49-64-11-63-90-32-70|12-80-68-29-24-54-26-1|53-40-73-74-22-41-58|27-69-30-51-9-81-33-3-77-50|28-76-79-78-34-35-71-65-66-20|52-7-82-48-19-62-88-31-10|2-57-15-43-42-37-98-93-59-96|83-18-8-46-45-17-84-5-60-89|92-99-85-61-16-86-38-44-14-91-100
63,11,1023.3879,170.5042,106.0,227.0204,0,11,12.780836,12.795423,True,21-72-75-56-23-67-39-25-55-4|27-18-6-94-95-97-87-13|47-36-49-64-11-63-90-10-70|12-80-68-29-24-54-26|53-40-73-74-22-41-58|69-30-51-20-9-81-33-3-77-50-1|28-76-79-78-34-35-71-65-66-32|52-7-82-48-19-62-88-31|2-57-15-43-42-91-85-92-59-96|5-84-17-45-46-8-83-60-89|98-99-61-16-86-38-44-14-100-37-93
64,11,1023.6352,163.4001,114.0,221.7631,0,11,11.715225,11.728831,True,21-72-75-56-23-67-39-25-55-4|52-18-6-94-95-97-87-13|47-36-49-64-11-63-90-32-70|12-80-68-29-24-54-26-1|53-40-73-74-22-41-58|27-69-30-51-9-81-33-3-77-50|28-76-79-78-34-35-71-65-66-20|31-88-7-82-48-19-62-10|2-57-15-43-42-100-37-92-59-96|99-5-84-17-45-46-8-83-60-89|98-85-61-16-86-38-44-14-91-93
65,11,1024.6434,156.6599,55.0,223.3704,0,11,10.704193,10.711431,True,21-75-56-23-67-39-25-55-4|18-6-94-95-97-87-13|47-36-49-64-11-63-90-32-70|28-76-12-80-68-29-24-54-26|53-40-73-72-74-22-41-58|27-69-30-51-81-79-3-77-50-1|33-9-78-34-35-71-65-66-20|52-7-82-48-19-62-88-31-10|2-57-15-43-42-37-98-85-93-59-96|99-5-84-17-45-46-8-83-60-89|92-61-16-86-38-14-44-91-100
66,11,1024.6434,156.6599,55.0,223.3704,0,11,10.704193,10.711431,True,21-75-56-23-67-39-25-55-4|18-6-94-95-97-87-13|47-36-49-64-11-63-90-32-70|28-76-12-80-68-29-24-54-26|53-40-73-72-74-22-41-58|27-69-30-51-81-79-3-77-50-1|33-9-78-34-35-71-65-66-20|52-7-82-48-19-62-88-31-10|2-57-15-43-42-37-98-85-93-59-96|99-5-84-17-45-46-8-83-60-89|92-61-16-86-38-14-44-91-100
67,11,1026.0678,178.2247,102.0,221.7631,0,11,13.938913,13.954273,True,21-72-75-56-23-67-39-25-55-4|7-6-94-95-97-87-13|47-36-49-64-11-63-90-32-70|12-80-68-29-24-54-26|53-40-73-74-22-41-58|27-69-31-30-51-9-81-33-3-77-50-1|28-76-79-78-34-35-71-65-66-20|52-18-82-48-19-62-88-10|2-57-15-43-42-37-98-93-59-96|99-5-84-17-45-46-8-83-60-89|92-85-61-16-86-38-44-14-91-100
68,11,1026.4665,174.9429,101.0,221.7631,0,11,13.446639,13.461527,True,21-72-75-56-23-67-39-25-55-4|18-6-94-95-97-87-13|82-47-36-49-64-63-90-32-70|12-80-68-29-24-54-26-1|53-40-73-74-22-41-58|27-69-30-51-9-81-33-3-77-50|28-76-79-78-34-35-71-65-66-20|52-88-7-48-19-11-62-31-10|2-57-15-43-42-37-98-93-59-96|99-5-84-17-45-46-8-83-60-89|92-85-61-16-86-38-44-14-91-100
69,11,1026.7941,178.6249,91.0,221.7631,0,11,13.99894,14.013478,True,21-72-75-56-23-67-39-25-55-4|18-6-94-95-97-87-13|47-36-49-64-11-63-90-32-70|12-80-68-29-24-54-26-1|53-40-73-74-22-41-58|27-69-30-51-9-81-33-3-77-50|28-76-79-78-34-35-71-65-66-20|52-7-82-48-19-62-88-31-10|2-57-15-43-42-37-98-85-93-59-96|5-84-17-45-46-8-83-60-89|92-99-61-16-86-38-14-44-91-100
70,11,1027.4533,171.7276,111.0,221.7631,0,11,12.964344,12.980044,True,21-72-75-56-23-67-39-25-55-4|18-6-94-95-97-87-13|47-36-49-64-11-63-90-32-70|12-80-68-29-24-54-26-1|53-40-73-74-22-41-58|27-69-30-51-9-81-33-3-77-50|28-76-79-78-34-35-71-65-66-20|52-7-82-48-19-62-88-31-10|2-57-15-43-42-37-93-59-96|99-5-84-17-45-46-8-83-60-89|92-98-85-61-16-86-38-44-14-91-100
71,11,1027.5542,171.7276,91.0,221.7631,0,11,12.964344,12.978075,True,21-72-75-56-23-67-39-25-55-4|18-6-94-95-97-87-13|47-36-49-64-11-63-90-32-70|12-80-68-29-24-54-26-1|53-40-73-74-22-41-58|27-69-30-51-9-81-33-3-77-50|28-76-79-78-34-35-71-65-66-20|52-7-82-48-19-62-88-31-10|2-57-15-43-42-37-98-85-93-59-96|99-5-84-17-45-46-8-83-60-89|92-61-16-86-38-14-44-91-100
72,11,1027.5542,171.7276,91.0,221.7631,0,11,12.964344,12.978075,True,21-72-75-56-23-67-39-25-55-4|18-6-94-95-97-87-13|47-36-49-64-11-63-90-32-70|12-80-68-29-24-54-26-1|53-40-73-74-22-41-58|27-69-30-51-9-81-33-3-77-50|28-76-79-78-34-35-71-65-66-20|52-7-82-48-19-62-88-31-10|2-57-15-43-42-37-98-85-93-59-96|99-5-84-17-45-46-8-83-60-89|92-61-16-86-38-14-44-91-100
73,11,1029.5763,171.8407,98.0,219.9824,0,11,12.98132,12.996107,True,21-72-75-23-67-39-25-55-4-26|18-6-94-97-87-13|47-36-49-64-11-63-90-32-70|12-54-24-29-80-68-1|53-40-73-74-56-22-41-58|27-69-30-51-9-81-33-3-77-50|28-76-79-78-34-35-71-65-66-20|52-7-82-48-19-62-88-31-10|2-57-15-43-42-100-98-37-93-59-96|99-5-84-17-45-46-8-83-60-89|95-92-85-61-16-86-38-44-14-91
74,11,1029.5763,171.8407,98.0,219.9824,0,11,12.98132,12.996107,True,21-72-75-23-67-39-25-55-4-26|18-6-94-97-87-13|47-36-49-64-11-63-90-32-70|12-54-24-29-80-68-1|53-40-73-74-56-22-41-58|27-69-30-51-9-81-33-3-77-50|28-76-79-78-34-35-71-65-66-20|52-7-82-48-19-62-88-31-10|2-57-15-43-42-100-98-37-93-59-96|99-5-84-17-45-46-8-83-60-89|95-92-85-61-16-86-38-44-14-91
75,11,1029.7665,151.1833,109.0,219.0272,0,11,9.882706,9.895408,True,21-72-75-56-23-67-25-54-26|52-18-6-94-95-97-87-13|82-47-36-49-64-63-90-32-70|12-80-68-29-24-55-39-4|27-69-30-51-9-81-33-3-77|28-76-79-78-34-35-71-65-66-20|31-88-7-48-19-11-62-10-1-50|2-57-15-43-42-44-100-37-59|99-5-84-17-45-46-8-83-60-89|92-98-85-61-16-86-38-14-91-93-96|53-40-73-74-22-41-58
76,11,1029.7665,151.1833,109.0,219.0272,0,11,9.882706,9.895408,True,21-72-75-56-23-67-25-54-26|52-18-6-94-95-97-87-13|82-47-36-49-64-63-90-32-70|12-80-68-29-24-55-39-4|27-69-30-51-9-81-33-3-77|28-76-79-78-34-35-71-65-66-20|31-88-7-48-19-11-62-10-1-50|2-57-15-43-42-44-100-37-59|99-5-84-17-45-46-8-83-60-89|92-98-85-61-16-86-38-14-91-93-96|53-40-73-74-22-41-58
77,11,1030.1172,109.7843,116.0,219.0272,0,11,3.672858,3.680156,True,21-72-75-56-23-67-25-54-26|52-18-6-94-95-97-87-13|82-47-36-49-64-63-90-32-70|12-29-24-55-39-4|27-69-30-51-9-81-33-3-77-68-80|28-76-79-78-34-35-71-65-66-20|31-88-7-48-19-11-62-10-1-50|2-57-15-43-42-100-37-59-96|99-5-84-17-45-46-8-83-60-89|92-98-85-61-16-86-38-44-14-91-93|53-40-73-74-22-41-58
78,11,1031.3667,157.5273,101.0,221.7631,0,11,10.834309,10.848053,True,21-72-75-56-23-67-39-25-55-4|52-82-18-6-94-95-97-87-13|47-36-49-64-11-63-90-32-70|12-80-68-29-24-54-26-1|53-40-73-74-22-41-58|27-69-30-51-9-81-33-3-77-50|28-76-79-78-34-35-71-65-66-20|88-7-48-19-62-10-31|2-57-15-43-42-37-98-93-59-96|99-5-84-17-45-46-8-83-60-89|92-85-61-16-86-38-44-14-91-100
79,11,1031.4224,148.7496,91.0,221.7631,0,11,9.517645,9.52909,True,21-72-75-56-23-67-39-25-55-4|82-18-6-94-95-97-87-13|47-36-49-64-11-63-90-32-70|12-80-68-29-24-54-26-1|53-40-73-74-22-41-58|27-69-30-51-9-81-33-3-77-50|28-76-79-78-34-35-71-65-66-20|52-88-7-48-19-62-10-31|2-57-15-43-42-37-98-85-93-59-96|5-84-17-45-46-8-83-60-89|92-99-61-16-86-38-14-44-91-100
80,11,1031.4224,148.7496,91.0,221.7631,0,11,9.517645,9.52909,True,21-72-75-56-23-67-39-25-55-4|82-18-6-94-95-97-87-13|47-36-49-64-11-63-90-32-70|12-80-68-29-24-54-26-1|53-40-73-74-22-41-58|27-69-30-51-9-81-33-3-77-50|28-76-79-78-34-35-71-65-66-20|52-88-7-48-19-62-10-31|2-57-15-43-42-37-98-85-93-59-96|5-84-17-45-46-8-83-60-89|92-99-61-16-86-38-14-44-91-100
81,11,1031.9696,97.9319,125.0,219.0272,0,11,3.256773,3.263749,True,21-73-72-75-56-23-67-25-54-26|52-18-6-94-95-97-87-13|82-47-36-49-64-63-90-32-70|12-29-24-55-39-4|27-69-30-51-9-81-33-3-77-68-80|28-76-79-78-34-35-71-65-66-20|31-88-7-48-19-11-62-10-1-50|2-57-15-43-42-100-37-59-96|99-5-84-17-45-46-8-83-60-89|92-98-85-61-16-86-38-44-14-91-93|53-40-74-22-41-58
82,11,1031.9696,97.9319,125.0,219.0272,0,11,3.256773,3.263749,True,21-73-72-75-56-23-67-25-54-26|52-18-6-94-95-97-87-13|82-47-36-49-64-63-90-32-70|12-29-24-55-39-4|27-69-30-51-9-81-33-3-77-68-80|28-76-79-78-34-35-71-65-66-20|31-88-7-48-19-11-62-10-1-50|2-57-15-43-42-100-37-59-96|99-5-84-17-45-46-8-83-60-89|92-98-85-61-16-86-38-44-14-91-93|53-40-74-22-41-58
83,11,1032.1275,106.0162,123.0,219.5079,0,11,3.304153,3.312261,True,21-73-75-56-23-67-39-25-55-54|27-52-18-6-94-95-97-87-13|82-47-36-49-64-63-90-32-70|12-29-24-4-72-26|69-30-51-9-81-33-3-77-68-80|28-76-79-78-34-35-71-65-66-20|31-88-7-48-19-11-62-10-1-50|2-57-15-43-42-100-37-92-59-96|99-5-84-17-45-46-8-83-60-89|98-85-61-16-86-38-44-14-91-93|53-40-74-22-41-58
84,11,1032.3388,122.9024,107.0,219.0272,0,11,5.640572,5.649604,True,21-72-75-56-23-67-25-54|18-6-94-95-97-87-13|82-47-36-49-64-63-90-32-70|12-29-24-55-39-4-26|27-69-30-51-9-81-33-50-3-77-68-80|28-76-79-78-34-35-71-65-66-20|52-31-88-7-48-19-11-62-10-1|2-57-15-43-42-14-100-37-59-96|99-5-84-17-45-46-8-83-60-89|92-98-85-61-16-86-38-44-91-93|53-40-73-74-22-41-58
85,11,1032.3879,97.9319,116.0,219.0272,0,11,3.382262,3.388464,True,21-73-72-75-56-23-67-25-54-26|52-18-6-94-95-97-87-13|82-47-36-49-64-63-90-32-70|12-29-24-55-39-4|27-69-30-51-9-81-33-3-77-68-80|28-76-79-78-34-35-71-65-66-20|31-88-7-48-19-11-62-10-1-50|2-57-15-43-42-14-100-37-59|99-5-84-17-45-46-8-83-60-89|92-98-85-61-16-86-38-44-91-93-96|53-40-74-22-41-58
86,11,1032.3879,97.9319,116.0,219.0272,0,11,3.382262,3.388464,True,21-73-72-75-56-23-67-25-54-26|52-18-6-94-95-97-87-13|82-47-36-49-64-63-90-32-70|12-29-24-55-39-4|27-69-30-51-9-81-33-3-77-68-80|28-76-79-78-34-35-71-65-66-20|31-88-7-48-19-11-62-10-1-50|2-57-15-43-42-14-100-37-59|99-5-84-17-45-46-8-83-60-89|92-98-85-61-16-86-38-44-91-93-96|53-40-74-22-41-58
87,11,1032.5552,97.554,107.0,219.0272,0,11,3.432464,3.437759,True,21-72-75-56-23-67-25-54|27-52-18-6-94-95-97-87-13|82-47-36-49-64-63-90-32-70|12-29-24-55-39-4-26|69-30-51-9-81-33-3-77-68-80|28-76-79-78-34-35-71-65-66-20|31-88-7-48-19-11-62-10-1-50|2-57-15-43-42-14-100-37-59|99-5-84-17-45-46-8-83-60-89|92-98-85-61-16-86-38-44-91-93-96|53-40-73-74-22-41-58
88,11,1032.8982,97.9319,105.0,219.0272,0,11,3.535349,3.540604,True,21-73-72-75-56-23-67-25-54|52-18-6-94-95-97-87-13|82-47-36-49-64-63-90-32-70|12-29-24-55-39-4-26|27-69-30-51-9-81-33-3-77-68-80|28-76-79-78-34-35-71-65-66-20|31-88-7-48-19-11-62-10-1-50|2-57-15-43-42-14-100-37-59-96|99-5-84-17-45-46-8-83-60-89|92-98-85-61-16-86-38-44-91-93|53-40-74-22-41-58
89,11,1032.8982,97.9319,105.0,219.0272,0,11,3.535349,3.540604,True,21-73-72-75-56-23-67-25-54|52-18-6-94-95-97-87-13|82-47-36-49-64-63-90-32-70|12-29-24-55-39-4-26|27-69-30-51-9-81-33-3-77-68-80|28-76-79-78-34-35-71-65-66-20|31-88-7-48-19-11-62-10-1-50|2-57-15-43-42-14-100-37-59-96|99-5-84-17-45-46-8-83-60-89|92-98-85-61-16-86-38-44-91-93|53-40-74-22-41-58
90,11,1033.9893,85.7016,125.0,219.0272,0,11,3.862701,3.868449,True,21-73-72-75-56-23-67-25-54|27-52-18-6-94-95-97-87-13|82-47-36-49-64-63-90-32-70|12-29-24-55-39-4-26|69-30-51-9-81-33-3-77-68-80|28-76-79-78-34-35-71-65-66-20|31-88-7-48-19-11-62-10-1-50|2-57-15-43-42-100-37-59-96|99-5-84-17-45-46-8-83-60-89|92-98-85-61-16-86-38-44-14-91-93|53-40-74-22-41-58
91,11,1033.9893,85.7016,125.0,219.0272,0,11,3.862701,3.868449,True,21-73-72-75-56-23-67-25-54|27-52-18-6-94-95-97-87-13|82-47-36-49-64-63-90-32-70|12-29-24-55-39-4-26|69-30-51-9-81-33-3-77-68-80|28-76-79-78-34-35-71-65-66-20|31-88-7-48-19-11-62-10-1-50|2-57-15-43-42-100-37-59-96|99-5-84-17-45-46-8-83-60-89|92-98-85-61-16-86-38-44-14-91-93|53-40-74-22-41-58
92,11,1034.7015,172.4825,50.0,229.1284,0,11,13.077589,13.090582,True,21-75-56-23-67-39-25-55-4|18-6-94-97-87-44-13|47-36-49-64-11-63-90-32-70|12-80-68-29-24-54-26|53-40-73-72-74-22-41-58|27-69-30-51-9-81-33-3-77-50|28-76-79-78-34-35-71-65-66-20-1|52-7-82-48-19-62-88-31-10|2-57-15-43-42-37-98-85-93-59-96|95-99-5-84-17-45-46-8-83-60-89|61-16-86-38-14-91-100-92
93,11,1034.7015,172.4825,50.0,229.1284,0,11,13.077589,13.090582,True,21-75-56-23-67-39-25-55-4|18-6-94-97-87-44-13|47-36-49-64-11-63-90-32-70|12-80-68-29-24-54-26|53-40-73-72-74-22-41-58|27-69-30-51-9-81-33-3-77-50|28-76-79-78-34-35-71-65-66-20-1|52-7-82-48-19-62-88-31-10|2-57-15-43-42-37-98-85-93-59-96|95-99-5-84-17-45-46-8-83-60-89|61-16-86-38-14-91-100-92
94,11,1035.1098,85.7016,105.0,219.0272,0,11,4.198848,4.202931,True,21-73-72-75-56-23-67-25-54-26|27-52-18-6-94-95-97-87-13|82-47-36-49-64-63-90-32-70|12-29-24-55-39-4|69-30-51-9-81-33-3-77-68-80|28-76-79-78-34-35-71-65-66-20|31-88-7-48-19-11-62-10-1-50|2-57-15-43-42-14-100-37-59-96|99-5-84-17-45-46-8-83-60-89|92-98-85-61-16-86-38-44-91-93|53-40-74-22-41-58
95,11,1035.62,177.1221,83.0,221.4716,0,11,13.773525,13.789642,True,21-73-72-75-56-23-67-39-25-55-54|18-6-94-95-97-87-13|82-47-49-64-11-63-90-32-70|53-40-26-4-74-22-41-58|27-69-30-51-9-81-33-79-77|76-78-34-35-71-65-66-20-1|52-7-88-31-10-62-19-36-48|2-57-15-43-42-37-98-93-59-96|99-5-84-17-45-46-8-83-60-89|92-85-61-16-86-38-44-14-91-100|28-12-80-68-24-29-3-50
96,11,1035.62,177.1221,83.0,221.4716,0,11,13.773525,13.789642,True,21-73-72-75-56-23-67-39-25-55-54|18-6-94-95-97-87-13|82-47-49-64-11-63-90-32-70|53-40-26-4-74-22-41-58|27-69-30-51-9-81-33-79-77|76-78-34-35-71-65-66-20-1|52-7-88-31-10-62-19-36-48|2-57-15-43-42-37-98-93-59-96|99-5-84-17-45-46-8-83-60-89|92-85-61-16-86-38-44-14-91-100|28-12-80-68-24-29-3-50
97,11,1035.7065,175.2333,88.0,221.4716,0,11,13.490202,13.506561,True,21-72-22-56-23-67-39-25-55-54|18-6-94-95-97-87-13-58|47-36-49-64-11-63-90-32-70|53-40-73-74-41-75-4-26|27-69-30-51-9-81-79-29-24-80|12-78-34-35-71-65-66-20-1|52-7-82-48-19-62-88-31-10|2-57-15-43-42-100-98-37-59-96|99-5-84-17-45-46-8-83-60-89|92-85-61-16-86-38-44-14-91-93|28-76-77-68-3-33-50
98,11,1035.7065,175.2333,88.0,221.4716,0,11,13.490202,13.506561,True,21-72-22-56-23-67-39-25-55-54|18-6-94-95-97-87-13-58|47-36-49-64-11-63-90-32-70|53-40-73-74-41-75-4-26|27-69-30-51-9-81-79-29-24-80|12-78-34-35-71-65-66-20-1|52-7-82-48-19-62-88-31-10|2-57-15-43-42-100-98-37-59-96|99-5-84-17-45-46-8-83-60-89|92-85-61-16-86-38-44-14-91-93|28-76-77-68-3-33-50
99,10,1036.3509,73.7448,98.0,227.1,0,10,4.571168,4.574041,True,40-73-22-75-56-39-25-55-54-80|52-18-6-94-95-97-87-53-58|82-47-36-49-64-63-90-32-70|28-12-29-24-67-23-41-74-4|27-69-30-51-9-81-33-3-77-68-26|76-79-78-34-35-71-65-66-20|31-88-7-48-19-11-62-10-1-50|21-72-2-57-15-43-42-100-37-59-96-13|99-5-84-17-45-46-8-83-60-89|92-98-85-61-16-86-38-44-14-91-93
100,10,1036.3509,73.7448,98.0,227.1,0,10,4.571168,4.574041,True,40-73-22-75-56-39-25-55-54-80|52-18-6-94-95-97-87-53-58|82-47-36-49-64-63-90-32-70|28-12-29-24-67-23-41-74-4|27-69-30-51-9-81-33-3-77-68-26|76-79-78-34-35-71-65-66-20|31-88-7-48-19-11-62-10-1-50|21-72-2-57-15-43-42-100-37-59-96-13|99-5-84-17-45-46-8-83-60-89|92-98-85-61-16-86-38-44-14-91-93
101,11,1037.3211,156.5524,85.0,227.5644,0,11,10.688069,10.702724,True,21-73-72-75-23-67-39-25-55-54|18-6-94-95-97-87-13|47-36-49-64-11-63-90-32-70|53-40-4-56-74-22-41-58|27-69-30-51-9-81-33-24-80-26|12-29-78-34-35-71-65-66-20-1|52-7-82-48-19-62-88-31-10|2-57-15-43-42-37-98-93-59-96|99-5-84-17-45-46-8-83-60-89|92-85-61-16-86-38-44-14-91-100|28-76-77-68-3-79-50
102,11,1039.0656,203.6346,91.0,219.9824,0,11,17.750397,17.7721,True,21-73-72-75-56-23-67-39-25-55-54|18-6-94-95-97-87-13|47-36-49-64-11-63-90-32-70|26-12-24-29-68-1|53-40-4-74-22-41-58|27-69-30-51-9-81-33-3-80-77-50|28-76-79-78-34-35-71-65-66-20|52-7-82-48-19-62-88-31-10|2-57-15-43-42-37-98-93-59-96|99-5-84-17-45-46-8-83-60-89|92-85-61-16-86-38-44-14-91-100
103,11,1039.0656,203.6346,91.0,219.9824,0,11,17.750397,17.7721,True,21-73-72-75-56-23-67-39-25-55-54|18-6-94-95-97-87-13|47-36-49-64-11-63-90-32-70|26-12-24-29-68-1|53-40-4-74-22-41-58|27-69-30-51-9-81-33-3-80-77-50|28-76-79-78-34-35-71-65-66-20|52-7-82-48-19-62-88-31-10|2-57-15-43-42-37-98-93-59-96|99-5-84-17-45-46-8-83-60-89|92-85-61-16-86-38-44-14-91-100
104,11,1039.286,139.1859,97.0,221.7631,0,11,8.083085,8.096055,True,21-72-75-56-23-67-39-25-55-4|18-6-94-95-97-87-13|47-36-49-64-11-63-90-32-70|53-12-80-68-29-24-54-26|44-41-22-74-73-40-58|27-69-30-51-9-81-33-79-3-77-50|28-76-78-34-35-71-65-66-20-1|52-7-82-48-19-62-88-31-10|2-57-15-43-42-93-99-59-96|5-84-17-45-46-8-83-60-89|92-98-85-61-16-86-38-14-91-100-37
105,11,1039.286,139.1859,97.0,221.7631,0,11,8.083085,8.096055,True,21-72-75-56-23-67-39-25-55-4|18-6-94-95-97-87-13|47-36-49-64-11-63-90-32-70|53-12-80-68-29-24-54-26|44-41-22-74-73-40-58|27-69-30-51-9-81-33-79-3-77-50|28-76-78-34-35-71-65-66-20-1|52-7-82-48-19-62-88-31-10|2-57-15-43-42-93-99-59-96|5-84-17-45-46-8-83-60-89|92-98-85-61-16-86-38-14-91-100-37
106,11,1040.725,184.1155,77.0,221.7631,0,11,14.822535,14.840676,True,21-75-56-23-67-39-25-55-4|18-6-94-95-87-42-15-43-13|47-36-49-64-11-63-90-32-70|12-80-68-29-24-54-26|53-40-73-72-74-22-41-58|27-69-30-51-9-81-33-79-3-77-50|28-76-78-34-35-71-65-66-20-1|52-7-82-48-19-62-88-31-10|2-57-38-86-61-93-96|99-5-84-17-45-46-8-83-60-89|59-98-85-16-44-14-91-100-37-92-97
107,11,1042.5202,136.2491,91.0,227.5644,0,11,7.642568,7.656337,True,21-73-72-75-56-23-67-39-25-55-54|52-88-7-18-6-94-97-87-13|47-36-49-64-11-63-90-32-70|53-40-4-74-22-41-58|27-69-30-51-9-81-79-24-80-26|12-29-78-34-35-71-65-66-20-1|82-48-19-62-10-31|2-57-15-43-42-37-98-93-59-96|95-99-5-84-17-45-46-8-83-60-89|92-85-61-16-86-38-44-14-91-100|28-76-77-68-3-33-50
108,11,1042.5202,136.2491,91.0,227.5644,0,11,7.642568,7.656337,True,21-73-72-75-56-23-67-39-25-55-54|52-88-7-18-6-94-97-87-13|47-36-49-64-11-63-90-32-70|53-40-4-74-22-41-58|27-69-30-51-9-81-79-24-80-26|12-29-78-34-35-71-65-66-20-1|82-48-19-62-10-31|2-57-15-43-42-37-98-93-59-96|95-99-5-84-17-45-46-8-83-60-89|92-85-61-16-86-38-44-14-91-100|28-76-77-68-3-33-50
109,11,1043.4007,184.1155,70.0,221.7631,0,11,14.822535,14.840778,True,21-75-56-23-67-39-25-55-4|18-6-94-95-87-42-15-43-13|47-36-49-64-11-63-90-32-70|12-80-68-29-24-54-26|53-40-73-72-74-22-41-58|27-69-30-51-9-81-33-79-3-77-50|28-76-78-34-35-71-65-66-20-1|52-7-82-48-19-62-88-31-10|2-57-100-16-86-61-93-96|99-5-84-17-45-46-8-83-60-89|92-59-85-44-38-14-91-98-37-97
110,11,1043.4007,184.1155,70.0,221.7631,0,11,14.822535,14.840778,True,21-75-56-23-67-39-25-55-4|18-6-94-95-87-42-15-43-13|47-36-49-64-11-63-90-32-70|12-80-68-29-24-54-26|53-40-73-72-74-22-41-58|27-69-30-51-9-81-33-79-3-77-50|28-76-78-34-35-71-65-66-20-1|52-7-82-48-19-62-88-31-10|2-57-100-16-86-61-93-96|99-5-84-17-45-46-8-83-60-89|92-59-85-44-38-14-91-98-37-97
111,11,1044.8244,135.5379,102.0,221.7631,0,11,7.535893,7.550476,True,21-73-72-75-56-23-67-39-25-55-4|18-6-94-95-97-13|47-36-49-64-11-63-90-32-70|12-80-68-29-24-54-26|44-57-41-22-74-40-58|27-69-30-51-9-81-33-79-3-77-50|28-76-78-34-35-71-65-66-20-1|52-7-82-48-19-62-88-31-10|53-2-87-15-43-42-37-93|59-99-5-84-17-45-46-8-83-60-89|92-98-85-61-16-86-38-14-91-100-96
112,11,1046.2497,134.3334,84.0,221.7631,0,11,7.540813,7.553843,True,21-72-75-56-23-67-39-25-55-4|18-6-94-95-13-53|47-36-49-64-11-63-90-32-70|12-80-68-29-24-54-26|44-14-87-40-73-74-22-41-58|27-69-30-51-9-81-33-79-3-77-50|28-76-78-34-35-71-65-66-20-1|52-7-82-48-19-62-88-31-10|2-57-15-43-42-93-99-59-96|5-84-17-45-46-8-83-60-89|92-98-85-61-16-86-38-91-100-37-97
113,11,1047.2788,143.134,83.0,227.5644,0,11,8.675303,8.690733,True,21-72-75-56-23-67-39-25-55-54|52-88-18-6-94-95-97-87-13|47-36-49-64-11-63-90-32-70|53-40-4-73-74-22-41-58|27-69-30-51-9-81-79-24-80-26|12-29-78-34-35-71-65-66-20-1|82-7-48-19-62-10-31|2-57-15-43-42-37-98-93-59-96|99-5-84-17-45-46-8-83-60-89|92-85-61-16-86-38-44-14-91-100|28-76-77-68-3-33-50
114,11,1047.2788,143.134,83.0,227.5644,0,11,8.675303,8.690733,True,21-72-75-56-23-67-39-25-55-54|52-88-18-6-94-95-97-87-13|47-36-49-64-11-63-90-32-70|53-40-4-73-74-22-41-58|27-69-30-51-9-81-79-24-80-26|12-29-78-34-35-71-65-66-20-1|82-7-48-19-62-10-31|2-57-15-43-42-37-98-93-59-96|99-5-84-17-45-46-8-83-60-89|92-85-61-16-86-38-44-14-91-100|28-76-77-68-3-33-50
115,11,1049.3678,131.2153,84.0,221.7631,0,11,8.476241,8.489739,True,21-72-75-56-23-67-39-25-55-4|52-18-6-94-95-13-53|47-36-49-64-11-63-90-32-70|12-80-68-29-24-54-26|44-14-87-40-73-74-22-41-58|27-69-30-51-9-81-33-79-3-77-50|28-76-78-34-35-71-65-66-20-1|7-82-48-19-62-88-31-10|2-57-15-43-42-93-99-59-96|5-84-17-45-46-8-83-60-89|92-98-85-61-16-86-38-91-100-37-97
116,11,1049.3678,131.2153,84.0,221.7631,0,11,8.476241,8.489739,True,21-72-75-56-23-67-39-25-55-4|52-18-6-94-95-13-53|47-36-49-64-11-63-90-32-70|12-80-68-29-24-54-26|44-14-87-40-73-74-22-41-58|27-69-30-51-9-81-33-79-3-77-50|28-76-78-34-35-71-65-66-20-1|7-82-48-19-62-88-31-10|2-57-15-43-42-93-99-59-96|5-84-17-45-46-8-83-60-89|92-98-85-61-16-86-38-91-100-37-97
117,10,1049.6885,73.7448,66.0,229.1284,0,10,8.572446,8.576425,True,40-21-22-75-56-39-25-55-54-80|52-18-6-94-95-97-87-53-58-13|82-47-36-49-64-63-90-32-70|28-12-29-24-67-23-41-74-4|27-69-30-51-9-81-33-3-77-68-26|76-79-78-34-35-71-65-66-20-1|31-88-7-48-19-11-62-10-50|72-73-2-57-15-43-42-100-37-93-96|92-59-5-84-17-45-46-8-83-60-89|99-98-85-61-16-86-44-38-14-91
118,10,1049.6885,73.7448,66.0,229.1284,0,10,8.572446,8.576425,True,40-21-22-75-56-39-25-55-54-80|52-18-6-94-95-97-87-53-58-13|82-47-36-49-64-63-90-32-70|28-12-29-24-67-23-41-74-4|27-69-30-51-9-81-33-3-77-68-26|76-79-78-34-35-71-65-66-20-1|31-88-7-48-19-11-62-10-50|72-73-2-57-15-43-42-100-37-93-96|92-59-5-84-17-45-46-8-83-60-89|99-98-85-61-16-86-44-38-14-91
119,11,1056.0645,144.6395,102.0,221.4716,0,11,10.485234,10.504511,True,21-73-72-75-56-23-67-39-25-55-54|27-18-6-94-87-42-91-93-13|47-36-49-64-11-63-90-32-70|53-40-4-74-22-41-58|69-30-51-9-81-33-29-24-80-26|12-78-34-35-71-65-66-20-1|52-7-82-48-19-62-88-31-10|2-57-15-43-14-37-98-59-96|99-5-84-17-45-46-8-83-60-89|95-92-85-61-16-86-38-44-100-97|28-76-77-68-3-79-50
120,11,1056.0645,144.6395,102.0,221.4716,0,11,10.485234,10.504511,True,21-73-72-75-56-23-67-39-25-55-54|27-18-6-94-87-42-91-93-13|47-36-49-64-11-63-90-32-70|53-40-4-74-22-41-58|69-30-51-9-81-33-29-24-80-26|12-78-34-35-71-65-66-20-1|52-7-82-48-19-62-88-31-10|2-57-15-43-14-37-98-59-96|99-5-84-17-45-46-8-83-60-89|95-92-85-61-16-86-38-44-100-97|28-76-77-68-3-79-50
121,11,1058.0688,190.4974,49.0,227.5644,0,11,15.779825,15.802196,True,21-75-56-23-67-39-25-55-4|6-13-87-97-95-94-46|47-36-49-64-11-63-90-32-70|28-76-77-68-80-24-54-26|53-40-73-72-74-22-41-58|27-69-30-51-9-81-33-79-3-50|12-29-78-34-35-71-65-66-20-1|52-7-82-48-19-62-88-31-10|2-57-15-43-42-37-98-85-93-59-96|99-18-83-8-45-17-84-5-60-89|92-61-16-86-38-14-44-91-100
122,11,1058.0688,190.4974,49.0,227.5644,0,11,15.779825,15.802196,True,21-75-56-23-67-39-25-55-4|6-13-87-97-95-94-46|47-36-49-64-11-63-90-32-70|28-76-77-68-80-24-54-26|53-40-73-72-74-22-41-58|27-69-30-51-9-81-33-79-3-50|12-29-78-34-35-71-65-66-20-1|52-7-82-48-19-62-88-31-10|2-57-15-43-42-37-98-85-93-59-96|99-18-83-8-45-17-84-5-60-89|92-61-16-86-38-14-44-91-100
123,11,1058.0688,190.4974,49.0,227.5644,0,11,15.779825,15.802196,True,21-75-56-23-67-39-25-55-4|6-13-87-97-95-94-46|47-36-49-64-11-63-90-32-70|28-76-77-68-80-24-54-26|53-40-73-72-74-22-41-58|27-69-30-51-9-81-33-79-3-50|12-29-78-34-35-71-65-66-20-1|52-7-82-48-19-62-88-31-10|2-57-15-43-42-37-98-85-93-59-96|99-18-83-8-45-17-84-5-60-89|92-61-16-86-38-14-44-91-100
124,11,1059.5696,120.9769,101.0,223.032,0,11,11.536767,11.55368,True,21-72-75-56-23-67-39-25-55-4|7-6-94-95-97-87-13|52-47-36-49-64-63-90-32-70-1|12-9-3-68-80-29-24-54-26|53-40-73-74-22-41-58|27-69-31-30-10-51-81-33-77-50|28-76-79-78-34-35-71-65-66-20|2-57-15-43-42-37-98-93-59-96|99-5-84-17-45-46-8-83-60-89|92-85-61-16-86-38-44-14-91-100|88-62-11-19-48-82-18
125,11,1059.5696,120.9769,101.0,223.032,0,11,11.536767,11.55368,True,21-72-75-56-23-67-39-25-55-4|7-6-94-95-97-87-13|52-47-36-49-64-63-90-32-70-1|12-9-3-68-80-29-24-54-26|53-40-73-74-22-41-58|27-69-31-30-10-51-81-33-77-50|28-76-79-78-34-35-71-65-66-20|2-57-15-43-42-37-98-93-59-96|99-5-84-17-45-46-8-83-60-89|92-85-61-16-86-38-44-14-91-100|88-62-11-19-48-82-18
126,11,1059.8956,129.9569,83.0,227.5644,0,11,11.634584,11.651822,True,21-72-75-56-23-67-39-25-55-54|52-88-18-6-94-95-97-87-13|47-36-49-64-11-63-90-32-70|53-40-4-73-74-22-41-58|27-69-30-51-9-81-79-24-80-26|12-29-78-34-35-71-65-66-20-1|82-7-48-19-62-10-31|2-15-57-43-42-37-98-93-59-96|99-5-84-17-45-46-8-83-60-89|92-85-61-16-86-38-44-14-91-100|28-76-77-68-3-33-50
127,11,1059.8956,129.9569,83.0,227.5644,0,11,11.634584,11.651822,True,21-72-75-56-23-67-39-25-55-54|52-88-18-6-94-95-97-87-13|47-36-49-64-11-63-90-32-70|53-40-4-73-74-22-41-58|27-69-30-51-9-81-79-24-80-26|12-29-78-34-35-71-65-66-20-1|82-7-48-19-62-10-31|2-15-57-43-42-37-98-93-59-96|99-5-84-17-45-46-8-83-60-89|92-85-61-16-86-38-44-14-91-100|28-76-77-68-3-33-50
128,11,1060.4773,191.2431,57.0,222.1027,0,11,15.891672,15.914858,True,41-75-56-23-67-39-25-55-4|6-94-95-92-100-38-97-13-58|47-36-49-64-11-63-90-32-70|12-54-24-29-80-68-50-1|53-40-21-73-22-74-72-26|27-69-31-30-51-9-81-33-3-77|28-76-79-78-34-35-71-65-66-20|52-88-7-18-82-48-19-62-10|2-57-15-43-42-87-98-37-93-59|5-61-84-17-45-46-8-83-60-89|99-85-16-86-44-14-91-96
129,11,1060.4773,191.2431,57.0,222.1027,0,11,15.891672,15.914858,True,41-75-56-23-67-39-25-55-4|6-94-95-92-100-38-97-13-58|47-36-49-64-11-63-90-32-70|12-54-24-29-80-68-50-1|53-40-21-73-22-74-72-26|27-69-31-30-51-9-81-33-3-77|28-76-79-78-34-35-71-65-66-20|52-88-7-18-82-48-19-62-10|2-57-15-43-42-87-98-37-93-59|5-61-84-17-45-46-8-83-60-89|99-85-16-86-44-14-91-96
130,11,1061.3664,115.7516,98.0,219.4133,0,11,12.075824,12.09165,True,73-72-75-56-23-67-25-54|52-18-6-94-95-97-87-42-91-93-13|82-47-36-49-64-63-90-32-70|12-29-24-55-39-4-26|27-69-30-51-9-81-33-3-77-68-80|28-76-79-78-34-35-71-65-66-20|31-88-7-48-19-11-62-10-1-50|2-57-15-100-37-59-99-96|5-84-17-45-46-8-83-60-89|92-98-85-61-16-86-38-44-14-43|53-40-21-74-22-41-58
131,11,1061.3664,115.7516,98.0,219.4133,0,11,12.075824,12.09165,True,73-72-75-56-23-67-25-54|52-18-6-94-95-97-87-42-91-93-13|82-47-36-49-64-63-90-32-70|12-29-24-55-39-4-26|27-69-30-51-9-81-33-3-77-68-80|28-76-79-78-34-35-71-65-66-20|31-88-7-48-19-11-62-10-1-50|2-57-15-100-37-59-99-96|5-84-17-45-46-8-83-60-89|92-98-85-61-16-86-38-44-14-43|53-40-21-74-22-41-58
132,11,1061.9859,134.8007,55.0,223.3704,0,11,12.261679,12.276842,True,21-75-56-23-67-39-25-55-4|18-6-94-95-97-87-13|47-36-49-64-11-63-90-32-70|28-76-80-12-68-29-24-54-26|73-53-40-72-74-22-41-58|27-69-30-51-81-79-3-77-50-1|33-9-78-34-35-71-65-66-20|52-7-82-48-19-62-88-31-10|2-57-15-43-42-37-98-85-93-59-96|99-5-84-17-45-46-8-83-60-89|92-61-16-86-38-14-44-91-100
133,11,1061.9859,134.8007,55.0,223.3704,0,11,12.261679,12.276842,True,21-75-56-23-67-39-25-55-4|18-6-94-95-97-87-13|47-36-49-64-11-63-90-32-70|28-76-80-12-68-29-24-54-26|73-53-40-72-74-22-41-58|27-69-30-51-81-79-3-77-50-1|33-9-78-34-35-71-65-66-20|52-7-82-48-19-62-88-31-10|2-57-15-43-42-37-98-85-93-59-96|99-5-84-17-45-46-8-83-60-89|92-61-16-86-38-14-44-91-100
134,11,1063.235,122.4006,93.0,221.7631,0,11,12.636406,12.653642,True,21-72-75-56-23-67-39-25-55-4|95-59-98-93-96-6-18|47-36-49-64-11-63-90-32-70|53-12-80-68-29-24-54-26|44-85-100-87-73-74-22-41-58|27-69-30-51-9-81-33-79-3-77-50|28-76-78-34-35-71-65-66-20-1|52-7-82-48-19-62-88-31-10|40-2-57-15-43-42-91-97-13|92-99-5-84-17-45-46-8-83-60-89|61-16-86-38-14-37-94
135,11,1063.235,122.4006,93.0,221.7631,0,11,12.636406,12.653642,True,21-72-75-56-23-67-39-25-55-4|95-59-98-93-96-6-18|47-36-49-64-11-63-90-32-70|53-12-80-68-29-24-54-26|44-85-100-87-73-74-22-41-58|27-69-30-51-9-81-33-79-3-77-50|28-76-78-34-35-71-65-66-20-1|52-7-82-48-19-62-88-31-10|40-2-57-15-43-42-91-97-13|92-99-5-84-17-45-46-8-83-60-89|61-16-86-38-14-37-94
136,11,1063.3058,130.0521,91.0,223.9497,0,11,12.657648,12.676181,True,21-72-75-56-23-67-39-25-55-4|18-6-94-95-87-13|47-36-49-64-11-63-90-32-70|71-24-68-80-12-54-26|53-40-73-74-22-41-58|27-69-30-51-9-81-33-79-3-77-50|28-76-29-78-34-35-65-66-20-1|52-7-82-48-19-62-88-31-10|2-57-15-43-42-37-98-85-93-59-96|99-5-84-17-45-46-8-83-60-89|92-61-16-86-38-14-44-91-100-97
137,11,1066.0739,112.9275,100.0,223.9497,0,11,13.488073,13.505768,True,21-72-75-56-23-67-39-25-55-4|18-6-94-95-53|47-36-49-64-11-63-90-32-70|71-24-68-80-12-54-26|40-73-74-22-41-87-58|27-69-30-51-9-81-33-79-3-77-50|28-76-29-78-34-35-65-66-20-1|52-7-82-48-19-62-88-31-10|2-57-15-43-42-37-98-85-93-59-96|99-5-84-17-45-46-8-83-60-89|92-61-16-86-38-14-44-91-100-97-13
138,11,1066.0739,112.9275,100.0,223.9497,0,11,13.488073,13.505768,True,21-72-75-56-23-67-39-25-55-4|18-6-94-95-53|47-36-49-64-11-63-90-32-70|71-24-68-80-12-54-26|40-73-74-22-41-87-58|27-69-30-51-9-81-33-79-3-77-50|28-76-29-78-34-35-65-66-20-1|52-7-82-48-19-62-88-31-10|2-57-15-43-42-37-98-85-93-59-96|99-5-84-17-45-46-8-83-60-89|92-61-16-86-38-14-44-91-100-97-13
139,11,1066.4711,125.8687,92.0,221.7631,0,11,13.607217,13.625845,True,21-75-72-56-23-67-39-25-55-4|18-6-94-95-97-87-13|47-36-49-64-11-63-90-32-70|12-80-68-29-24-54-26|44-53-40-73-74-22-41-58|27-69-30-51-9-81-33-79-3-77-50|28-76-78-34-35-71-65-66-20-1|52-7-82-48-19-62-88-31-10|2-57-15-43-42-93-99-59-96|5-84-17-45-46-8-83-60-89|92-98-85-61-16-86-38-14-91-100-37
140,11,1066.4711,125.8687,92.0,221.7631,0,11,13.607217,13.625845,True,21-75-72-56-23-67-39-25-55-4|18-6-94-95-97-87-13|47-36-49-64-11-63-90-32-70|12-80-68-29-24-54-26|44-53-40-73-74-22-41-58|27-69-30-51-9-81-33-79-3-77-50|28-76-78-34-35-71-65-66-20-1|52-7-82-48-19-62-88-31-10|2-57-15-43-42-93-99-59-96|5-84-17-45-46-8-83-60-89|92-98-85-61-16-86-38-14-91-100-37
141,11,1066.4711,125.8687,92.0,221.7631,0,11,13.607217,13.625845,True,21-75-72-56-23-67-39-25-55-4|18-6-94-95-97-87-13|47-36-49-64-11-63-90-32-70|12-80-68-29-24-54-26|44-53-40-73-74-22-41-58|27-69-30-51-9-81-33-79-3-77-50|28-76-78-34-35-71-65-66-20-1|52-7-82-48-19-62-88-31-10|2-57-15-43-42-93-99-59-96|5-84-17-45-46-8-83-60-89|92-98-85-61-16-86-38-14-91-100-37
142,11,1067.6582,119.544,77.0,226.8494,0,11,13.963364,13.980662,True,21-72-22-23-67-25-55-54-80-68|18-6-94-95-97-87-13-58|82-47-36-49-64-63-90-32-70-1|51-33-79-50-76-28-53|40-73-74-41-75-56-39-4-26|27-69-31-30-20-71-9-81-3-77|12-24-29-78-34-35-65-66|52-88-7-48-19-11-62-10|2-57-15-43-38-44-93-59-96|99-5-84-17-45-46-8-83-60-89|92-98-42-14-86-16-61-85-91-100-37
143,11,1067.6582,119.544,77.0,226.8494,0,11,13.963364,13.980662,True,21-72-22-23-67-25-55-54-80-68|18-6-94-95-97-87-13-58|82-47-36-49-64-63-90-32-70-1|51-33-79-50-76-28-53|40-73-74-41-75-56-39-4-26|27-69-31-30-20-71-9-81-3-77|12-24-29-78-34-35-65-66|52-88-7-48-19-11-62-10|2-57-15-43-38-44-93-59-96|99-5-84-17-45-46-8-83-60-89|92-98-42-14-86-16-61-85-91-100-37
144,11,1069.2617,206.0075,46.0,229.1284,0,11,18.106334,18.134324,True,2-41-75-56-23-67-39-25-55-4|6-94-95-97-100-14-43-13|47-36-49-64-11-63-90-10-70|12-80-68-3-29-24-54-26|53-40-21-73-72-74-22-57-58|27-69-30-32-51-9-81-33-77-50|28-76-79-78-34-35-71-65-66-20-1|52-31-88-62-7-82-48-19-46|87-15-42-37-98-93-59-96|99-18-83-8-45-17-84-5-60-89|92-85-61-16-86-38-44-91
145,11,1069.2617,206.0075,46.0,229.1284,0,11,18.106334,18.134324,True,2-41-75-56-23-67-39-25-55-4|6-94-95-97-100-14-43-13|47-36-49-64-11-63-90-10-70|12-80-68-3-29-24-54-26|53-40-21-73-72-74-22-57-58|27-69-30-32-51-9-81-33-77-50|28-76-79-78-34-35-71-65-66-20-1|52-31-88-62-7-82-48-19-46|87-15-42-37-98-93-59-96|99-18-83-8-45-17-84-5-60-89|92-85-61-16-86-38-44-91
146,11,1070.5528,137.3297,102.0,218.5473,0,11,14.831752,14.853841,True,21-72-75-23-67-39-25-55-54-26|52-18-6-96-37-100-97-13|82-47-49-64-63-90-32-10-70|12-80-68-24-29-66|53-40-73-74-22-41-56-4-58|27-69-30-51-9-81-33-77-3-50|28-76-79-78-34-35-65-71-20-1|31-88-7-48-36-19-11-62|2-57-15-43-42-87-95-94|59-99-5-84-17-45-46-8-83-60-89|92-98-85-61-16-86-38-44-14-91-93
147,11,1070.5528,137.3297,102.0,218.5473,0,11,14.831752,14.853841,True,21-72-75-23-67-39-25-55-54-26|52-18-6-96-37-100-97-13|82-47-49-64-63-90-32-10-70|12-80-68-24-29-66|53-40-73-74-22-41-56-4-58|27-69-30-51-9-81-33-77-3-50|28-76-79-78-34-35-65-71-20-1|31-88-7-48-36-19-11-62|2-57-15-43-42-87-95-94|59-99-5-84-17-45-46-8-83-60-89|92-98-85-61-16-86-38-44-14-91-93
148,10,1071.4644,71.0175,102.0,229.1024,0,10,15.105232,15.118931,True,21-40-73-72-75-56-39-25-55-54-80|53-6-94-2-57-15-43-100|82-47-36-49-64-63-90-32-70|12-29-24-67-23-22-41-74-4|27-69-30-51-9-81-33-3-77-68-26|28-76-79-78-34-35-71-65-66-20|31-88-7-48-19-11-62-10-1-50|95-61-42-87-97-92-37-98-59-96-13-58|52-18-8-46-45-17-84-5-60-89|83-99-85-16-86-38-44-14-91-93
149,11,1072.1949,166.8041,94.0,219.9824,0,11,15.324373,15.350791,True,21-41-22-75-56-23-67-39-25-55|18-6-94-37-100-14-97-13|47-36-49-64-11-63-90-32-70|12-80-68-29-24-54-26-1|53-58-40-73-74-72-4|27-69-30-51-9-81-33-3-77-50|28-76-79-78-34-35-71-65-66-20|52-7-82-48-19-62-88-31-10|2-42-87-57-15-43-98-93-96|99-5-84-17-45-46-8-83-60-89|95-92-85-61-16-86-38-44-91-59
150,11,1072.1949,166.8041,94.0,219.9824,0,11,15.324373,15.350791,True,21-41-22-75-56-23-67-39-25-55|18-6-94-37-100-14-97-13|47-36-49-64-11-63-90-32-70|12-80-68-29-24-54-26-1|53-58-40-73-74-72-4|27-69-30-51-9-81-33-3-77-50|28-76-79-78-34-35-71-65-66-20|52-7-82-48-19-62-88-31-10|2-42-87-57-15-43-98-93-96|99-5-84-17-45-46-8-83-60-89|95-92-85-61-16-86-38-44-91-59
151,11,1076.1127,140.5431,83.0,223.032,0,11,16.499697,16.522708,True,21-73-75-56-23-67-39-25-55-4|69-31-18-6-94-95-97-87-13|52-47-36-49-64-63-90-32-70-1|27-12-80-68-29-24-54-26|82-7-53-40-72-74-22-41-58|88-30-51-9-81-33-3-77-50|28-76-79-78-34-35-71-65-66-20|2-57-15-43-42-37-98-93-59-96|99-5-84-17-45-46-8-83-60-89|92-85-61-16-86-38-44-14-91-100|10-62-11-19-48
152,11,1076.1127,140.5431,83.0,223.032,0,11,16.499697,16.522708,True,21-73-75-56-23-67-39-25-55-4|69-31-18-6-94-95-97-87-13|52-47-36-49-64-63-90-32-70-1|27-12-80-68-29-24-54-26|82-7-53-40-72-74-22-41-58|88-30-51-9-81-33-3-77-50|28-76-79-78-34-35-71-65-66-20|2-57-15-43-42-37-98-93-59-96|99-5-84-17-45-46-8-83-60-89|92-85-61-16-86-38-44-14-91-100|10-62-11-19-48
153,11,1077.7546,116.0603,96.0,223.9497,0,11,16.992281,17.01355,True,21-72-75-23-67-39-25-55-4-26|18-6-94-95-87-13|47-36-49-64-11-63-90-32-70|71-79-24-12-80-68-54|53-40-73-74-56-22-41-58|27-69-30-51-9-81-33-3-77-50|28-76-29-78-34-35-65-66-20-1|52-7-82-48-19-62-88-31-10|2-57-15-43-42-37-98-85-93-59-96|99-5-84-17-45-46-8-83-60-89|92-61-16-86-38-14-44-91-100-97
154,11,1077.7546,116.0603,96.0,223.9497,0,11,16.992281,17.01355,True,21-72-75-23-67-39-25-55-4-26|18-6-94-95-87-13|47-36-49-64-11-63-90-32-70|71-79-24-12-80-68-54|53-40-73-74-56-22-41-58|27-69-30-51-9-81-33-3-77-50|28-76-29-78-34-35-65-66-20-1|52-7-82-48-19-62-88-31-10|2-57-15-43-42-37-98-85-93-59-96|99-5-84-17-45-46-8-83-60-89|92-61-16-86-38-14-44-91-100-97
155,11,1079.5516,148.9268,49.0,228.9874,0,11,17.531387,17.554181,True,21-72-75-56-23-67-25-55-24-54|18-6-94-95-97-87-13|47-36-49-64-11-63-90-32-70|53-40-73-74-22-41-39-4-58|27-69-30-51-9-33-3-68-80-26|12-29-78-34-35-71-65-66-20-1|52-7-82-48-19-62-88-31-10|2-57-15-43-42-100-98-85-14-93|5-16-84-17-45-46-8-83-60-89|61-86-38-44-91-37-99-92-59-96|28-76-77-79-81-50
156,11,1079.5516,148.9268,49.0,228.9874,0,11,17.531387,17.554181,True,21-72-75-56-23-67-25-55-24-54|18-6-94-95-97-87-13|47-36-49-64-11-63-90-32-70|53-40-73-74-22-41-39-4-58|27-69-30-51-9-33-3-68-80-26|12-29-78-34-35-71-65-66-20-1|52-7-82-48-19-62-88-31-10|2-57-15-43-42-100-98-85-14-93|5-16-84-17-45-46-8-83-60-89|61-86-38-44-91-37-99-92-59-96|28-76-77-79-81-50
157,11,1080.404,180.759,47.0,229.1284,0,11,17.787105,17.814751,True,2-15-41-75-56-23-67-25-55-4|6-94-95-97-100-14-43-13|47-36-49-64-11-63-90-10-70|12-80-68-3-29-24-54-26|53-40-21-73-72-74-22-39-58|27-69-30-32-51-9-81-33-77-50|28-76-79-78-34-35-71-65-66-20-1|52-31-88-7-19-48-82-18|87-57-42-37-98-93-59-96|62-46-8-83-45-17-84-5-60-89|92-99-85-61-16-86-38-44-91
158,11,1080.404,180.759,47.0,229.1284,0,11,17.787105,17.814751,True,2-15-41-75-56-23-67-25-55-4|6-94-95-97-100-14-43-13|47-36-49-64-11-63-90-10-70|12-80-68-3-29-24-54-26|53-40-21-73-72-74-22-39-58|27-69-30-32-51-9-81-33-77-50|28-76-79-78-34-35-71-65-66-20-1|52-31-88-7-19-48-82-18|87-57-42-37-98-93-59-96|62-46-8-83-45-17-84-5-60-89|92-99-85-61-16-86-38-44-91
159,11,1080.766,133.8274,72.0,224.3614,0,11,17.89571,17.91821,True,21-72-22-23-67-25-55-4-26|18-6-94-95-97-87-13|82-47-36-49-64-63-90-32-70-1|28-51-3-12-80-68-29-24-54|53-40-73-74-41-75-56-39-58|27-69-31-30-20-71-9-81-33-77|76-79-78-34-35-65-66-50|52-88-7-48-19-11-62-10|2-57-15-43-38-44-93-59-96|99-5-84-17-45-46-8-83-60-89|92-98-42-14-86-16-61-85-91-100-37
160,11,1081.2001,120.2727,95.0,219.0272,0,11,18.025917,18.048013,True,40-73-75-56-39-25-55-54-26|52-18-6-94-95-97-87-13|82-47-36-49-64-63-90-32-70|28-12-29-24-80-4-23-74-58|27-69-30-51-9-81-33-3-68-77-50|76-79-78-34-35-71-65-66-20|31-88-7-48-19-11-62-10-1|21-2-57-15-43-42-14-100-37-59-96|99-5-84-17-45-46-8-83-60-89|92-98-85-61-16-86-38-44-91-93|53-72-67-22-41
161,11,1081.2001,120.2727,95.0,219.0272,0,11,18.025917,18.048013,True,40-73-75-56-39-25-55-54-26|52-18-6-94-95-97-87-13|82-47-36-49-64-63-90-32-70|28-12-29-24-80-4-23-74-58|27-69-30-51-9-81-33-3-68-77-50|76-79-78-34-35-71-65-66-20|31-88-7-48-19-11-62-10-1|21-2-57-15-43-42-14-100-37-59-96|99-5-84-17-45-46-8-83-60-89|92-98-85-61-16-86-38-44-91-93|53-72-67-22-41
162,11,1081.811,129.5683,85.0,221.7631,0,11,18.209212,18.232296,True,41-75-56-23-67-39-25-55-4|52-7-47-36-49-64-11-63-70|69-30-51-9-81-3-29-24-54-26|40-21-72-74-22-57-15-42-97-58|33-71-65-35-34-78-79-50|27-88-10-90-32-66-20-1|59-99-5-84-17-45-46-8-83-60-89|92-98-85-61-16-86-38-14-100-37-96|73-2-87-95-93-91-44-43-13|28-76-77-68-80-12-53|31-62-19-48-82-18-6-94
163,11,1081.811,129.5683,85.0,221.7631,0,11,18.209212,18.232296,True,41-75-56-23-67-39-25-55-4|52-7-47-36-49-64-11-63-70|69-30-51-9-81-3-29-24-54-26|40-21-72-74-22-57-15-42-97-58|33-71-65-35-34-78-79-50|27-88-10-90-32-66-20-1|59-99-5-84-17-45-46-8-83-60-89|92-98-85-61-16-86-38-14-100-37-96|73-2-87-95-93-91-44-43-13|28-76-77-68-80-12-53|31-62-19-48-82-18-6-94
164,11,1082.1109,122.626,82.0,223.4221,0,11,18.299154,18.321236,True,21-72-75-56-23-67-39-25-55-54|18-6-94-97-95-87-13-58|82-47-36-49-64-63-90-32-70-1|28-76-9-24-68-12|53-40-73-41-22-74-4-26|27-69-30-51-20-71-81-33-3-77-80|29-79-78-34-35-65-66-50|52-31-88-7-48-19-11-62-10|2-57-15-43-42-44-91-93-59-96|99-5-84-17-45-46-8-83-60-89|92-98-85-61-16-86-38-14-100-37
165,11,1082.1109,122.626,82.0,223.4221,0,11,18.299154,18.321236,True,21-72-75-56-23-67-39-25-55-54|18-6-94-97-95-87-13-58|82-47-36-49-64-63-90-32-70-1|28-76-9-24-68-12|53-40-73-41-22-74-4-26|27-69-30-51-20-71-81-33-3-77-80|29-79-78-34-35-65-66-50|52-31-88-7-48-19-11-62-10|2-57-15-43-42-44-91-93-59-96|99-5-84-17-45-46-8-83-60-89|92-98-85-61-16-86-38-14-100-37
166,11,1084.3874,108.4103,91.0,223.9497,0,11,18.982122,19.003733,True,21-75-72-56-23-67-39-25-55-4|18-6-94-95-87-13|47-36-49-64-11-63-90-32-70|71-24-68-80-12-54-26|53-40-73-74-22-41-58|27-69-30-51-9-81-33-79-3-77-50|28-76-29-78-34-35-65-66-20-1|52-7-82-48-19-62-88-31-10|2-15-57-43-42-37-98-85-93-59-96|99-5-84-17-45-46-8-83-60-89|92-61-16-86-38-14-44-91-100-97
167,11,1084.3874,108.4103,91.0,223.9497,0,11,18.982122,19.003733,True,21-75-72-56-23-67-39-25-55-4|18-6-94-95-87-13|47-36-49-64-11-63-90-32-70|71-24-68-80-12-54-26|53-40-73-74-22-41-58|27-69-30-51-9-81-33-79-3-77-50|28-76-29-78-34-35-65-66-20-1|52-7-82-48-19-62-88-31-10|2-15-57-43-42-37-98-85-93-59-96|99-5-84-17-45-46-8-83-60-89|92-61-16-86-38-14-44-91-100-97
168,11,1085.323,159.7253,80.0,221.7631,0,11,19.26281,19.290972,True,21-72-75-56-23-67-39-25-55-4|18-5-93-99-95-6|47-36-49-64-11-63-90-32-70|12-80-68-29-24-54-26-1|53-40-73-74-22-41-14-100|27-69-30-51-9-81-33-3-77-50|28-76-79-78-34-35-71-65-66-20|52-7-82-48-19-62-88-31-10|2-57-15-43-42-87-85-92-59-96|98-16-84-17-45-46-8-83-60-89|61-86-38-44-91-37-94-97-13-58
169,11,1085.323,159.7253,80.0,221.7631,0,11,19.26281,19.290972,True,21-72-75-56-23-67-39-25-55-4|18-5-93-99-95-6|47-36-49-64-11-63-90-32-70|12-80-68-29-24-54-26-1|53-40-73-74-22-41-14-100|27-69-30-51-9-81-33-3-77-50|28-76-79-78-34-35-71-65-66-20|52-7-82-48-19-62-88-31-10|2-57-15-43-42-87-85-92-59-96|98-16-84-17-45-46-8-83-60-89|61-86-38-44-91-37-94-97-13-58
170,11,1085.5413,114.4964,95.0,223.4221,0,11,19.328299,19.351491,True,21-72-22-23-67-25-55-26|18-6-94-95-97-87-58|82-47-36-49-64-63-90-32-70-1|12-51-3-29-24-54-68|53-40-73-74-41-75-56-39-4|27-69-31-30-20-71-9-81-33-77-80|28-76-79-78-34-35-65-66-50|52-88-7-48-19-11-62-10|2-57-15-43-38-44-93-59-96|99-5-84-17-45-46-8-83-60-89|92-98-42-14-86-16-61-85-91-100-37-13
171,11,1085.5413,114.4964,95.0,223.4221,0,11,19.328299,19.351491,True,21-72-22-23-67-25-55-26|18-6-94-95-97-87-58|82-47-36-49-64-63-90-32-70-1|12-51-3-29-24-54-68|53-40-73-74-41-75-56-39-4|27-69-31-30-20-71-9-81-33-77-80|28-76-79-78-34-35-65-66-50|52-88-7-48-19-11-62-10|2-57-15-43-38-44-93-59-96|99-5-84-17-45-46-8-83-60-89|92-98-42-14-86-16-61-85-91-100-37-13
172,11,1085.5907,124.1263,92.0,221.7631,0,11,19.343095,19.367196,True,21-73-72-75-56-23-67-39-25-55-4|18-94-95-97-13-22-74|47-36-49-64-11-63-90-32-70|12-80-68-29-24-54-26|44-87-41-40-58-53|27-69-30-51-9-81-33-79-3-77-50|28-76-78-34-35-71-65-66-20-1|52-7-82-48-19-62-88-31-10|2-57-15-43-42-59-99-6-93-96|5-84-17-45-46-8-83-60-89|92-98-85-61-16-86-38-14-91-100-37
173,11,1085.5907,124.1263,92.0,221.7631,0,11,19.343095,19.367196,True,21-73-72-75-56-23-67-39-25-55-4|18-94-95-97-13-22-74|47-36-49-64-11-63-90-32-70|12-80-68-29-24-54-26|44-87-41-40-58-53|27-69-30-51-9-81-33-79-3-77-50|28-76-78-34-35-71-65-66-20-1|52-7-82-48-19-62-88-31-10|2-57-15-43-42-59-99-6-93-96|5-84-17-45-46-8-83-60-89|92-98-85-61-16-86-38-14-91-100-37
174,11,1085.5907,124.1263,92.0,221.7631,0,11,19.343095,19.367196,True,21-73-72-75-56-23-67-39-25-55-4|18-94-95-97-13-22-74|47-36-49-64-11-63-90-32-70|12-80-68-29-24-54-26|44-87-41-40-58-53|27-69-30-51-9-81-33-79-3-77-50|28-76-78-34-35-71-65-66-20-1|52-7-82-48-19-62-88-31-10|2-57-15-43-42-59-99-6-93-96|5-84-17-45-46-8-83-60-89|92-98-85-61-16-86-38-14-91-100-37
175,11,1087.0192,76.3902,170.0,221.9436,0,11,19.771657,19.796854,True,21-40-73-22-75-56-39-25-55-54-80|52-18-89-6-97-2-53|82-47-36-49-64-63-90-32-70|12-29-24-67-23-41-74-4|27-69-30-51-9-81-33-3-77-68-26|28-76-79-78-34-35-71-65-66-20|31-88-7-48-19-11-62-10-1-50|72-57-15-43-42-87-100-37-59-13-58|95-99-5-84-17-45-46-8-83-60-96|92-98-85-61-16-86-38-44-14-91-93|94
176,11,1087.0192,76.3902,170.0,221.9436,0,11,19.771657,19.796854,True,21-40-73-22-75-56-39-25-55-54-80|52-18-89-6-97-2-53|82-47-36-49-64-63-90-32-70|12-29-24-67-23-41-74-4|27-69-30-51-9-81-33-3-77-68-26|28-76-79-78-34-35-71-65-66-20|31-88-7-48-19-11-62-10-1-50|72-57-15-43-42-87-100-37-59-13-58|95-99-5-84-17-45-46-8-83-60-96|92-98-85-61-16-86-38-44-14-91-93|94
177,10,1088.5001,44.9089,92.0,229.1284,0,10,20.215934,20.229831,True,21-40-73-72-75-56-39-25-55-54-80|61-6-94-53-2-57-15-43-13|82-47-36-49-64-63-90-32|12-29-24-67-23-22-41-74-4|27-69-30-51-9-81-33-3-77-68-26|28-76-79-78-34-35-71-65-66-20-1|31-88-7-48-19-11-62-10-70-50|95-100-42-87-97-92-37-98-59-96-58|52-18-8-46-45-17-84-5-60-89|83-99-85-16-86-38-44-14-91-93
178,10,1088.5001,44.9089,92.0,229.1284,0,10,20.215934,20.229831,True,21-40-73-72-75-56-39-25-55-54-80|61-6-94-53-2-57-15-43-13|82-47-36-49-64-63-90-32|12-29-24-67-23-22-41-74-4|27-69-30-51-9-81-33-3-77-68-26|28-76-79-78-34-35-71-65-66-20-1|31-88-7-48-19-11-62-10-70-50|95-100-42-87-97-92-37-98-59-96-58|52-18-8-46-45-17-84-5-60-89|83-99-85-16-86-38-44-14-91-93
179,10,1088.7072,57.4202,92.0,229.1024,0,10,20.278068,20.2939,True,21-40-73-72-75-56-39-25-55-54-80|61-6-94-53-2-57-15-43-100|82-47-36-49-64-63-90-32-70|12-29-24-67-23-22-41-74-4|27-69-30-51-9-81-33-3-77-68-26|28-76-79-78-34-35-71-65-66-20|31-88-7-48-19-11-62-10-1-50|95-87-42-97-92-37-98-59-96-13-58|52-18-8-46-45-17-84-5-60-89|83-99-85-16-86-38-44-14-91-93
180,10,1088.8573,51.689,63.0,225.8759,0,10,20.323097,20.33473,True,75-41-22-74-56-23-67-39-25-55|27-28-53-18-6-94-87-72|47-36-49-64-11-63-90-32-70|21-40-73-4-24-29-68-80-26|69-30-51-9-81-33-79-3-50-77-54|12-76-78-34-35-71-65-66-20-1|52-7-82-48-19-62-88-31-10|2-57-15-43-42-37-98-93-59-97-13-58|95-99-5-84-17-45-46-8-83-60-96-89|92-85-61-16-86-38-44-14-91-100
181,10,1088.8573,51.689,63.0,225.8759,0,10,20.323097,20.33473,True,75-41-22-74-56-23-67-39-25-55|27-28-53-18-6-94-87-72|47-36-49-64-11-63-90-32-70|21-40-73-4-24-29-68-80-26|69-30-51-9-81-33-79-3-50-77-54|12-76-78-34-35-71-65-66-20-1|52-7-82-48-19-62-88-31-10|2-57-15-43-42-37-98-93-59-97-13-58|95-99-5-84-17-45-46-8-83-60-96-89|92-85-61-16-86-38-44-14-91-100
182,11,1088.9991,116.0603,57.0,229.1284,0,11,20.365621,20.38714,True,44-75-56-39-67-25-55-4|18-6-94-95-97-87-13|47-36-49-64-11-63-90-32-70|23-12-80-68-29-24-54-26|53-40-21-73-72-74-22-41-58|27-69-30-51-9-81-33-3-77-50|28-76-79-78-34-35-71-65-66-20-1|52-7-82-48-19-62-88-31-10|2-57-15-43-42-91-85-93-59-96|99-5-84-17-45-46-8-83-60-89|98-61-16-86-38-14-100-37-92
183,11,1088.9991,116.0603,57.0,229.1284,0,11,20.365621,20.38714,True,44-75-56-39-67-25-55-4|18-6-94-95-97-87-13|47-36-49-64-11-63-90-32-70|23-12-80-68-29-24-54-26|53-40-21-73-72-74-22-41-58|27-69-30-51-9-81-33-3-77-50|28-76-79-78-34-35-71-65-66-20-1|52-7-82-48-19-62-88-31-10|2-57-15-43-42-91-85-93-59-96|99-5-84-17-45-46-8-83-60-89|98-61-16-86-38-14-100-37-92
184,11,1089.3413,149.5168,55.0,221.7631,0,11,20.468295,20.493631,True,21-41-75-56-23-67-39-25-55-4|18-6-94-85-98-95-13|47-36-49-64-11-63-90-32-70|12-80-68-29-24-54-26-1|53-40-73-72-74-22-15-58|27-69-30-51-9-81-33-3-77-50|28-76-79-78-34-35-71-65-66-20|52-7-82-48-19-62-88-31-10|2-44-87-97-92-37-100-91-93-59-96|99-5-84-17-45-46-8-83-60-89|61-16-86-38-14-43-42-57
185,11,1089.3413,149.5168,55.0,221.7631,0,11,20.468295,20.493631,True,21-41-75-56-23-67-39-25-55-4|18-6-94-85-98-95-13|47-36-49-64-11-63-90-32-70|12-80-68-29-24-54-26-1|53-40-73-72-74-22-15-58|27-69-30-51-9-81-33-3-77-50|28-76-79-78-34-35-71-65-66-20|52-7-82-48-19-62-88-31-10|2-44-87-97-92-37-100-91-93-59-96|99-5-84-17-45-46-8-83-60-89|61-16-86-38-14-43-42-57
186,11,1091.8065,128.6017,71.0,223.4221,0,11,21.207847,21.232634,True,21-72-23-67-25-55-4-74-26|18-6-94-95-97-87-13|82-47-36-49-64-63-90-32-70-1|12-51-3-29-24-54-68|53-40-73-41-22-75-56-39-58|27-69-30-20-71-9-81-33-77-80|28-76-79-78-34-35-65-66-50|52-31-88-7-48-19-11-62-10|2-57-15-43-38-44-91-93-59-96|99-5-84-17-45-46-8-83-60-89|92-98-85-61-16-86-14-42-100-37
187,11,1091.8065,128.6017,71.0,223.4221,0,11,21.207847,21.232634,True,21-72-23-67-25-55-4-74-26|18-6-94-95-97-87-13|82-47-36-49-64-63-90-32-70-1|12-51-3-29-24-54-68|53-40-73-41-22-75-56-39-58|27-69-30-20-71-9-81-33-77-80|28-76-79-78-34-35-65-66-50|52-31-88-7-48-19-11-62-10|2-57-15-43-38-44-91-93-59-96|99-5-84-17-45-46-8-83-60-89|92-98-85-61-16-86-14-42-100-37
188,11,1092.1533,130.7527,126.0,218.5473,0,11,21.31188,21.341862,True,21-72-75-23-67-39-25-55-4-26|52-18-6-94-96-37-87-97-13|82-47-49-64-63-90-32-10-70|12-80-68-24-29-66|53-40-73-74-56-22-41-58|27-69-30-51-9-81-33-50-3-77-54|28-76-79-78-34-35-65-71-20-1|31-88-7-48-36-19-11-62|2-57-15-43-42-100-95|59-99-5-84-17-45-46-8-83-60-89|92-98-85-61-16-86-38-44-14-91-93
189,11,1092.1533,130.7527,126.0,218.5473,0,11,21.31188,21.341862,True,21-72-75-23-67-39-25-55-4-26|52-18-6-94-96-37-87-97-13|82-47-49-64-63-90-32-10-70|12-80-68-24-29-66|53-40-73-74-56-22-41-58|27-69-30-51-9-81-33-50-3-77-54|28-76-79-78-34-35-65-71-20-1|31-88-7-48-36-19-11-62|2-57-15-43-42-100-95|59-99-5-84-17-45-46-8-83-60-89|92-98-85-61-16-86-38-44-14-91-93
190,11,1093.3391,82.0558,90.0,221.7631,0,11,21.667627,21.687542,True,21-72-75-56-23-67-39-25-55-4|18-6-94-95-97-13-53|47-36-49-64-11-63-90-32-70|33-65-68-80-24-54-26|12-40-73-74-22-41-87-2-58|27-69-30-51-9-81-79-3-77-50|28-76-29-78-34-35-71-66-20-1|52-7-82-48-19-62-88-31-10|42-57-15-43-14-93-99-59-96|5-84-17-45-46-8-83-60-89|92-98-85-61-16-86-38-44-91-100-37
191,11,1093.3391,82.0558,90.0,221.7631,0,11,21.667627,21.687542,True,21-72-75-56-23-67-39-25-55-4|18-6-94-95-97-13-53|47-36-49-64-11-63-90-32-70|33-65-68-80-24-54-26|12-40-73-74-22-41-87-2-58|27-69-30-51-9-81-79-3-77-50|28-76-29-78-34-35-71-66-20-1|52-7-82-48-19-62-88-31-10|42-57-15-43-14-93-99-59-96|5-84-17-45-46-8-83-60-89|92-98-85-61-16-86-38-44-91-100-37
192,11,1093.722,134.3334,92.0,221.4716,0,11,21.782504,21.810533,True,21-72-75-56-23-67-39-25-55-54|18-6-94-95-97-87-13|47-36-49-64-11-63-90-32-70|44-53-40-73-74-22-41-58|27-69-30-51-9-81-33-79-29-50-77|28-76-78-34-35-71-65-66-20-1|52-7-82-48-19-62-88-31-10|2-57-15-43-42-93-99-59-96|5-84-17-45-46-8-83-60-89|92-98-85-61-16-86-38-14-91-100-37|12-80-68-3-24-4-26
193,11,1093.722,134.3334,92.0,221.4716,0,11,21.782504,21.810533,True,21-72-75-56-23-67-39-25-55-54|18-6-94-95-97-87-13|47-36-49-64-11-63-90-32-70|44-53-40-73-74-22-41-58|27-69-30-51-9-81-33-79-29-50-77|28-76-78-34-35-71-65-66-20-1|52-7-82-48-19-62-88-31-10|2-57-15-43-42-93-99-59-96|5-84-17-45-46-8-83-60-89|92-98-85-61-16-86-38-14-91-100-37|12-80-68-3-24-4-26
194,11,1094.7449,110.8262,64.0,224.3614,0,11,22.089363,22.111806,True,21-72-22-23-67-25-55-4-26|18-6-94-95-97-87-13|82-47-36-49-64-63-90-32-70-1|12-51-3-29-24-54-68|53-40-73-74-41-75-56-39-58|27-69-31-30-20-71-9-81-33-77-80|28-76-79-78-34-35-65-66-50|52-88-7-48-19-11-62-10|2-57-15-43-38-44-91-93-59-96|83-8-46-45-17-61-84-5-60-89|92-99-98-85-16-86-14-42-100-37
195,11,1094.7449,110.8262,64.0,224.3614,0,11,22.089363,22.111806,True,21-72-22-23-67-25-55-4-26|18-6-94-95-97-87-13|82-47-36-49-64-63-90-32-70-1|12-51-3-29-24-54-68|53-40-73-74-41-75-56-39-58|27-69-31-30-20-71-9-81-33-77-80|28-76-79-78-34-35-65-66-50|52-88-7-48-19-11-62-10|2-57-15-43-38-44-91-93-59-96|83-8-46-45-17-61-84-5-60-89|92-99-98-85-16-86-14-42-100-37
196,11,1099.2624,160.1859,89.0,220.357,0,11,23.444607,23.477708,True,40-21-73-41-75-39-25-55-80|6-94-95-37-97-87-13|82-47-36-49-64-63-90-32-70|12-29-24-4-67-23-56-74|27-69-30-51-9-81-33-50-77-68-26|28-76-79-78-34-35-71-65-66-20|52-31-88-7-48-19-11-62-10-1|2-57-15-43-42-100-98-85-93-59-96|92-99-5-84-17-45-46-8-83-60-89|18-61-16-86-44-38-14-91|53-3-54-72-22-58
197,11,1099.2624,160.1859,89.0,220.357,0,11,23.444607,23.477708,True,40-21-73-41-75-39-25-55-80|6-94-95-37-97-87-13|82-47-36-49-64-63-90-32-70|12-29-24-4-67-23-56-74|27-69-30-51-9-81-33-50-77-68-26|28-76-79-78-34-35-71-65-66-20|52-31-88-7-48-19-11-62-10-1|2-57-15-43-42-100-98-85-93-59-96|92-99-5-84-17-45-46-8-83-60-89|18-61-16-86-44-38-14-91|53-3-54-72-22-58
198,11,1111.0802,109.6604,67.0,223.4221,0,11,26.989949,27.017276,True,12-21-72-75-56-23-67-25-55-4|18-6-94-95-97-87-13|82-47-36-49-64-63-90-32-70-1|11-9-81-29-24-54-26|53-40-73-74-22-41-39-58|27-69-30-51-20-71-33-3-77-68-80|28-76-79-78-34-35-65-66-50|52-88-7-48-19-62-10-31|2-57-15-43-14-44-91-93-59-96|99-5-84-17-45-46-8-83-60-89|92-98-85-61-16-86-38-42-100-37
199,11,1111.0802,109.6604,67.0,223.4221,0,11,26.989949,27.017276,True,12-21-72-75-56-23-67-25-55-4|18-6-94-95-97-87-13|82-47-36-49-64-63-90-32-70-1|11-9-81-29-24-54-26|53-40-73-74-22-41-39-58|27-69-30-51-20-71-33-3-77-68-80|28-76-79-78-34-35-65-66-50|52-88-7-48-19-62-10-31|2-57-15-43-14-44-91-93-59-96|99-5-84-17-45-46-8-83-60-89|92-98-85-61-16-86-38-42-100-37
200,11,1113.0129,63.9152,177.0,224.7717,0,11,27.56978,27.602028,True,40-73-41-22-75-56-4-25-55-54|52-18-6-94-95-97-87-53-58|82-47-36-49-64-63-90-32|12-29-24-39-67-23-74|27-69-30-51-9-81-3-77-68-80-26|28-76-33-79-78-34-35-71-66-20-1|31-88-7-48-19-11-62-10-70-50|21-72-2-57-15-43-42-100-37-59-96-13|99-5-84-17-45-46-8-83-60-89|92-98-85-61-16-86-38-44-14-91-93|65
201,11,1113.0129,63.9152,177.0,224.7717,0,11,27.56978,27.602028,True,40-73-41-22-75-56-4-25-55-54|52-18-6-94-95-97-87-53-58|82-47-36-49-64-63-90-32|12-29-24-39-67-23-74|27-69-30-51-9-81-3-77-68-80-26|28-76-33-79-78-34-35-71-66-20-1|31-88-7-48-19-11-62-10-70-50|21-72-2-57-15-43-42-100-37-59-96-13|99-5-84-17-45-46-8-83-60-89|92-98-85-61-16-86-38-44-14-91-93|65
202,11,1113.0129,63.9152,177.0,224.7717,0,11,27.56978,27.602028,True,40-73-41-22-75-56-4-25-55-54|52-18-6-94-95-97-87-53-58|82-47-36-49-64-63-90-32|12-29-24-39-67-23-74|27-69-30-51-9-81-3-77-68-80-26|28-76-33-79-78-34-35-71-66-20-1|31-88-7-48-19-11-62-10-70-50|21-72-2-57-15-43-42-100-37-59-96-13|99-5-84-17-45-46-8-83-60-89|92-98-85-61-16-86-38-44-14-91-93|65
203,11,1113.6602,81.6017,144.0,221.7631,0,11,27.763974,27.795318,True,21-73-72-75-56-23-67-39-25-55-4|18-6-94-87-41-22-74-58-13|31-47-36-49-64-63-90-32-1|12-33-71-68-29-24-54-26|57-2-40-53|27-69-70-30-20-51-9-81-3-77-80|28-76-79-78-34-35-65-66-50|52-88-7-82-48-19-11-62-10|95-44-15-43-42-91-85-93-59-96|99-5-84-17-45-46-8-83-60-89|98-61-16-86-38-14-100-37-92-97
204,11,1122.9085,59.1752,106.0,214.5695,0,11,30.538457,30.564332,True,21-73-41-22-75-56-4-25-55-54-80|18-6-94-97-87-53|52-47-36-49-64-63-90-32-70|12-29-24-39-67-23-74-72-58|27-69-30-51-81-33-3-77-68|28-76-79-78-34-35-71-66-20-50|31-88-7-82-48-19-11-62-10-1|2-15-43-42-100-37-59-96|95-99-5-84-17-45-46-8-83-60-89|92-98-85-61-16-86-38-44-14-91-93|65-9-26-40-57-13
205,11,1122.9085,59.1752,106.0,214.5695,0,11,30.538457,30.564332,True,21-73-41-22-75-56-4-25-55-54-80|18-6-94-97-87-53|52-47-36-49-64-63-90-32-70|12-29-24-39-67-23-74-72-58|27-69-30-51-81-33-3-77-68|28-76-79-78-34-35-71-66-20-50|31-88-7-82-48-19-11-62-10-1|2-15-43-42-100-37-59-96|95-99-5-84-17-45-46-8-83-60-89|92-98-85-61-16-86-38-44-14-91-93|65-9-26-40-57-13
206,11,1125.8621,70.8061,95.0,224.0094,0,11,31.424531,31.453353,True,21-22-75-56-23-67-39-25-55-4|11-18-6-94-95-97-58|52-47-36-49-64-63-90-32-70-1|29-24-68-80-54-12-26|73-72-41-74-57-40-53|27-69-30-76-3-81-9-51-50-77|28-33-79-78-34-35-71-65-66-20|7-82-48-19-62-88-31-10|2-42-15-43-87-98-85-93-59-96|99-5-84-17-45-46-8-83-60-89|92-61-16-86-38-14-44-91-100-37-13
207,11,1125.8621,70.8061,95.0,224.0094,0,11,31.424531,31.453353,True,21-22-75-56-23-67-39-25-55-4|11-18-6-94-95-97-58|52-47-36-49-64-63-90-32-70-1|29-24-68-80-54-12-26|73-72-41-74-57-40-53|27-69-30-76-3-81-9-51-50-77|28-33-79-78-34-35-71-65-66-20|7-82-48-19-62-88-31-10|2-42-15-43-87-98-85-93-59-96|99-5-84-17-45-46-8-83-60-89|92-61-16-86-38-14-44-91-100-37-13
208,11,1126.9676,110.7088,65.0,223.6602,0,11,31.756183,31.78827,True,21-72-75-56-23-67-39-25-55-54|18-85-95-94-6-53|47-36-49-64-11-63-90-32-70|40-2-41-22-74-73-4-26-58|12-29-24-3-51-71-65-66|52-7-82-48-19-62-88-31-10-1|57-15-43-42-87-100-37-97-13|59-99-5-84-17-45-46-8-83-60-89|92-98-61-16-86-38-14-44-91-93-96|28-76-33-34-35-9-20-50-80|27-69-30-81-78-79-77-68
209,11,1126.9676,110.7088,65.0,223.6602,0,11,31.756183,31.78827,True,21-72-75-56-23-67-39-25-55-54|18-85-95-94-6-53|47-36-49-64-11-63-90-32-70|40-2-41-22-74-73-4-26-58|12-29-24-3-51-71-65-66|52-7-82-48-19-62-88-31-10-1|57-15-43-42-87-100-37-97-13|59-99-5-84-17-45-46-8-83-60-89|92-98-61-16-86-38-14-44-91-93-96|28-76-33-34-35-9-20-50-80|27-69-30-81-78-79-77-68
210,11,1132.8915,143.9554,82.0,222.4739,0,11,33.533346,33.573719,True,21-73-72-75-56-23-67-39-25-55-4|18-6-94-87-2-22-41-74-13|27-69-31-70-30-20-51-9-81-33-50|76-79-78-34-35-65-66-1|52-88-7-82-48-19-11-62-90-10|99-5-84-17-45-46-8-83-60-89|98-61-16-86-38-14-100-37-92-97-58|53-15-43-91-85-93-59-96|71-32-63-64-49-36-47|95-44-42-57-40-26-54-24-80|28-12-68-29-3-77
211,11,1132.8915,143.9554,82.0,222.4739,0,11,33.533346,33.573719,True,21-73-72-75-56-23-67-39-25-55-4|18-6-94-87-2-22-41-74-13|27-69-31-70-30-20-51-9-81-33-50|76-79-78-34-35-65-66-1|52-88-7-82-48-19-11-62-90-10|99-5-84-17-45-46-8-83-60-89|98-61-16-86-38-14-100-37-92-97-58|53-15-43-91-85-93-59-96|71-32-63-64-49-36-47|95-44-42-57-40-26-54-24-80|28-12-68-29-3-77
212,11,1135.4741,101.2755,79.0,225.5166,0,11,34.308122,34.343024,True,21-73-72-75-56-23-67-39-25-55-4|6-94-87-42-2-22-41-74-13|88-47-36-49-64-63-90-32-70|12-33-71-68-29-24-54-26|27-69-31-30-20-51-9-81-3-77-80|28-76-79-78-34-35-65-66-50-1|52-7-82-48-19-11-62-10|40-15-43-44-91-85-93-96|83-18-8-46-45-17-84-5-60-89|99-98-61-86-38-14-92-37-97|95-59-16-100-57-58-53
213,11,1135.4741,101.2755,79.0,225.5166,0,11,34.308122,34.343024,True,21-73-72-75-56-23-67-39-25-55-4|6-94-87-42-2-22-41-74-13|88-47-36-49-64-63-90-32-70|12-33-71-68-29-24-54-26|27-69-31-30-20-51-9-81-3-77-80|28-76-79-78-34-35-65-66-50-1|52-7-82-48-19-11-62-10|40-15-43-44-91-85-93-96|83-18-8-46-45-17-84-5-60-89|99-98-61-86-38-14-92-37-97|95-59-16-100-57-58-53
214,11,1135.6931,44.9866,106.0,222.666,0,11,34.37384,34.402637,True,21-73-41-22-75-56-4-25-55-54-80|27-18-6-94-97-87-53|52-47-36-49-64-63-90-32-70|12-29-24-39-67-23-74-72-58|69-30-51-81-33-3-77-68|28-76-79-78-34-35-71-66-20|31-88-7-82-48-19-11-62-10-50-1|2-15-43-42-100-37-59-96|95-99-5-84-17-45-46-8-83-60-89|92-98-85-61-16-86-38-44-14-91-93|65-9-26-40-57-13
215,11,1135.6931,44.9866,106.0,222.666,0,11,34.37384,34.402637,True,21-73-41-22-75-56-4-25-55-54-80|27-18-6-94-97-87-53|52-47-36-49-64-63-90-32-70|12-29-24-39-67-23-74-72-58|69-30-51-81-33-3-77-68|28-76-79-78-34-35-71-66-20|31-88-7-82-48-19-11-62-10-50-1|2-15-43-42-100-37-59-96|95-99-5-84-17-45-46-8-83-60-89|92-98-85-61-16-86-38-44-14-91-93|65-9-26-40-57-13
216,12,1140.2355,138.9243,85.0,214.2322,0,12,35.736545,35.77773,True,40-21-73-72-75-56-39-25-55-54|52-18-6-94-95-97-87|82-47-36-49-64-63-90-32-70|28-12-29-24-67-23-74-58|27-69-9-81-33-3-77-68-80-26|76-79-78-34-35-71-20-50|31-88-7-48-19-11-62-10-1|53-2-57-42-100-37-59-96-13|99-5-84-17-45-46-8-83-60-89|98-85-61-16-86-44-91-93|92-14-38-43-15-41-22-4|51-65-66-30
217,12,1140.2355,138.9243,85.0,214.2322,0,12,35.736545,35.77773,True,40-21-73-72-75-56-39-25-55-54|52-18-6-94-95-97-87|82-47-36-49-64-63-90-32-70|28-12-29-24-67-23-74-58|27-69-9-81-33-3-77-68-80-26|76-79-78-34-35-71-20-50|31-88-7-48-19-11-62-10-1|53-2-57-42-100-37-59-96-13|99-5-84-17-45-46-8-83-60-89|98-85-61-16-86-44-91-93|92-14-38-43-15-41-22-4|51-65-66-30
218,12,1140.438,105.3007,95.0,216.8789,0,12,35.797284,35.834883,True,40-21-73-22-75-56-39-25-55-54|52-18-6-94-95-97-87-53|82-47-36-49-64-63-90-32-70|28-12-29-24-67-23-74-58|27-69-51-9-81-33-3-77-68-80-26|76-79-78-34-35-71-20-50|31-88-7-48-19-11-62-10|2-57-42-100-37-59-96-13|99-5-84-17-45-46-8-83-60-89|92-98-85-61-16-86-44-91-93|14-38-43-15-41-72-4|30-66-65-1
219,12,1140.438,105.3007,95.0,216.8789,0,12,35.797284,35.834883,True,40-21-73-22-75-56-39-25-55-54|52-18-6-94-95-97-87-53|82-47-36-49-64-63-90-32-70|28-12-29-24-67-23-74-58|27-69-51-9-81-33-3-77-68-80-26|76-79-78-34-35-71-20-50|31-88-7-48-19-11-62-10|2-57-42-100-37-59-96-13|99-5-84-17-45-46-8-83-60-89|92-98-85-61-16-86-44-91-93|14-38-43-15-41-72-4|30-66-65-1
220,11,1141.095,123.8229,89.0,221.9862,0,11,35.994407,36.034848,True,18-6-94-95-97-87-13|47-36-49-64-11-63-90-32-70|73-23-56-25-54-29-80-1|53-40-41-22-67-74-58|27-69-30-51-9-81-33-50-77-3-24|28-76-79-78-34-35-71-65-66-20|52-7-82-48-19-62-88-31-10|21-2-57-15-43-42-37-98-93-59-96|99-5-84-17-45-46-8-83-60-89|92-85-61-16-86-38-44-14-91-100|72-75-39-55-4-12-68-26
221,11,1141.095,123.8229,89.0,221.9862,0,11,35.994407,36.034848,True,18-6-94-95-97-87-13|47-36-49-64-11-63-90-32-70|73-23-56-25-54-29-80-1|53-40-41-22-67-74-58|27-69-30-51-9-81-33-50-77-3-24|28-76-79-78-34-35-71-65-66-20|52-7-82-48-19-62-88-31-10|21-2-57-15-43-42-37-98-93-59-96|99-5-84-17-45-46-8-83-60-89|92-85-61-16-86-38-44-14-91-100|72-75-39-55-4-12-68-26
222,11,1141.4985,67.5569,97.0,224.0094,0,11,36.115455,36.148681,True,21-22-75-56-23-67-39-25-55-4|88-7-18-6-94-95-97-87-13|82-47-36-49-64-63-90-32-70-1|27-69-30-66-20-51-81-33-3-77-80|2-41-57-15-43-42-44-93-59-96|99-5-84-17-45-46-8-83-60-89|92-98-85-61-16-86-38-14-91-100-37|28-9-79-68-24-54-26|29-78-34-35-65-71-10|52-48-19-11-62-31|12-76-72-74-73-40-58-53-50
223,11,1141.4985,67.5569,97.0,224.0094,0,11,36.115455,36.148681,True,21-22-75-56-23-67-39-25-55-4|88-7-18-6-94-95-97-87-13|82-47-36-49-64-63-90-32-70-1|27-69-30-66-20-51-81-33-3-77-80|2-41-57-15-43-42-44-93-59-96|99-5-84-17-45-46-8-83-60-89|92-98-85-61-16-86-38-14-91-100-37|28-9-79-68-24-54-26|29-78-34-35-65-71-10|52-48-19-11-62-31|12-76-72-74-73-40-58-53-50
224,11,1148.278,127.2989,63.0,223.4044,0,11,38.149306,38.190036,True,21-72-75-56-23-67-39-25-55-4|47-36-49-64-11-63-90-32-70|12-80-68-29-24-54-26-1|53-40-73-74-22-41-42-13-58|27-69-30-51-9-81-33-3-77-50|28-76-79-78-34-35-71-65-66-20|52-7-82-48-19-62-88-31-10|16-87-15-43-44-38-14-100|61-99-85-91-17-45-8-46-60-89|83-18-84-86-37-94-6-96|95-59-5-93-98-92-97-57-2
225,11,1148.278,127.2989,63.0,223.4044,0,11,38.149306,38.190036,True,21-72-75-56-23-67-39-25-55-4|47-36-49-64-11-63-90-32-70|12-80-68-29-24-54-26-1|53-40-73-74-22-41-42-13-58|27-69-30-51-9-81-33-3-77-50|28-76-79-78-34-35-71-65-66-20|52-7-82-48-19-62-88-31-10|16-87-15-43-44-38-14-100|61-99-85-91-17-45-8-46-60-89|83-18-84-86-37-94-6-96|95-59-5-93-98-92-97-57-2
226,10,1148.6511,10.4763,112.0,228.9592,0,10,38.261218,38.289969,True,92-53-40-75-56-39-25-55-54-80|2-15-42-100-91-98-18-93|82-47-36-49-64-63-90-32-70|28-12-29-24-67-23-41-74-4|69-30-51-9-81-33-3-77-68-26-58|27-76-79-78-34-35-71-65-66-20|52-31-88-7-48-19-11-62-10-50-1|21-73-72-22-57-87-94-59-37-97-13|5-61-84-17-45-46-8-83-60-96-89|95-99-6-85-16-86-44-38-14-43
227,10,1148.6511,10.4763,112.0,228.9592,0,10,38.261218,38.289969,True,92-53-40-75-56-39-25-55-54-80|2-15-42-100-91-98-18-93|82-47-36-49-64-63-90-32-70|28-12-29-24-67-23-41-74-4|69-30-51-9-81-33-3-77-68-26-58|27-76-79-78-34-35-71-65-66-20|52-31-88-7-48-19-11-62-10-50-1|21-73-72-22-57-87-94-59-37-97-13|5-61-84-17-45-46-8-83-60-96-89|95-99-6-85-16-86-44-38-14-43
228,11,1149.6307,43.682,95.0,221.4448,0,11,38.555095,38.586595,True,42-15-75-56-23-67-39-25-55|52-7-47-36-49-64-11-20|12-33-81-3-68-29-24-54-4|27-21-73-72-74-22-41-57-58|28-76-79-78-34-35-71-65-66-1|31-63-90-32-10-70-51-9-50|59-99-5-84-17-45-46-8-83-60-89|95-92-98-85-61-16-86-38-91-100-37|2-87-43-14-44-93-96-13|69-30-77-80-26-40-53|88-62-19-48-82-18-6-94-97
229,11,1149.6307,43.682,95.0,221.4448,0,11,38.555095,38.586595,True,42-15-75-56-23-67-39-25-55|52-7-47-36-49-64-11-20|12-33-81-3-68-29-24-54-4|27-21-73-72-74-22-41-57-58|28-76-79-78-34-35-71-65-66-1|31-63-90-32-10-70-51-9-50|59-99-5-84-17-45-46-8-83-60-89|95-92-98-85-61-16-86-38-91-100-37|2-87-43-14-44-93-96-13|69-30-77-80-26-40-53|88-62-19-48-82-18-6-94-97
230,11,1150.3824,99.3258,86.0,225.5166,0,11,38.780631,38.820413,True,21-73-72-75-56-23-67-39-25-55-4|6-94-87-42-2-22-41-74-13|31-47-36-49-64-63-90-32-70|12-33-71-68-29-24-54-26|27-69-30-20-51-9-81-3-77-80|28-76-79-78-34-35-65-66-50-1|52-88-7-82-48-19-11-62-10|40-15-43-44-91-85-93-59-96|83-18-8-46-45-17-5-60-89|98-61-84-86-38-14-92-37-97|95-99-16-100-57-58-53
231,11,1150.3824,99.3258,86.0,225.5166,0,11,38.780631,38.820413,True,21-73-72-75-56-23-67-39-25-55-4|6-94-87-42-2-22-41-74-13|31-47-36-49-64-63-90-32-70|12-33-71-68-29-24-54-26|27-69-30-20-51-9-81-3-77-80|28-76-79-78-34-35-65-66-50-1|52-88-7-82-48-19-11-62-10|40-15-43-44-91-85-93-59-96|83-18-8-46-45-17-5-60-89|98-61-84-86-38-14-92-37-97|95-99-16-100-57-58-53
232,10,1151.6271,31.5535,63.0,229.1284,0,10,39.154035,39.181966,True,2-21-72-75-56-23-67-39-25-55-4|52-18-84-61-16-38-14-97-37|82-47-36-49-64-63-90-32-70|42-12-80-68-29-24-54-26-13|95-53-40-73-74-22-41-15-43-58|27-69-30-51-9-81-33-3-77-50|28-76-79-78-34-35-71-65-66-20-1|31-88-7-48-19-11-62-10-96-93|44-86-17-45-46-8-83-5-60-89|92-98-57-87-6-94-99-85-59-91-100
233,10,1151.6271,31.5535,63.0,229.1284,0,10,39.154035,39.181966,True,2-21-72-75-56-23-67-39-25-55-4|52-18-84-61-16-38-14-97-37|82-47-36-49-64-63-90-32-70|42-12-80-68-29-24-54-26-13|95-53-40-73-74-22-41-15-43-58|27-69-30-51-9-81-33-3-77-50|28-76-79-78-34-35-71-65-66-20-1|31-88-7-48-19-11-62-10-96-93|44-86-17-45-46-8-83-5-60-89|92-98-57-87-6-94-99-85-59-91-100
234,11,1152.4549,135.8906,83.0,221.7631,0,11,39.402364,39.44739,True,21-72-75-56-23-67-39-25-55-4|19-6-94-95-87-97-17-13|52-7-49-64-11-63-90-32-70|12-80-68-29-24-54-26|44-53-40-73-74-22-41-58|27-69-30-51-9-81-33-79-3-77-50|28-76-78-34-35-71-65-66-20-1|18-82-62-88-31-10|2-57-15-43-42-93-99-59-96-60-89|92-98-85-61-16-86-38-14-91-100-37|5-84-83-45-8-46-36-47-48
235,11,1152.4549,135.8906,83.0,221.7631,0,11,39.402364,39.44739,True,21-72-75-56-23-67-39-25-55-4|19-6-94-95-87-97-17-13|52-7-49-64-11-63-90-32-70|12-80-68-29-24-54-26|44-53-40-73-74-22-41-58|27-69-30-51-9-81-33-79-3-77-50|28-76-78-34-35-71-65-66-20-1|18-82-62-88-31-10|2-57-15-43-42-93-99-59-96-60-89|92-98-85-61-16-86-38-14-91-100-37|5-84-83-45-8-46-36-47-48
236,11,1153.3585,47.3686,94.0,225.8759,0,11,39.673463,39.707199,True,15-41-56-23-67-39-25-55-4|52-47-36-49-64-63-32-10-70|69-30-51-81-3-68-29-24-54-26|27-40-21-72-74-22-43-42-97|33-71-65-35-34-78-79-50|88-7-11-90-20-66-9-1|59-99-5-84-17-45-46-8-83-60-96-89|92-98-85-61-16-86-38-44-14-91-37|75-73-2-57-87-100-95-13|28-76-77-80-12-58-53|31-62-19-48-82-18-6-94-93
237,11,1153.3585,47.3686,94.0,225.8759,0,11,39.673463,39.707199,True,15-41-56-23-67-39-25-55-4|52-47-36-49-64-63-32-10-70|69-30-51-81-3-68-29-24-54-26|27-40-21-72-74-22-43-42-97|33-71-65-35-34-78-79-50|88-7-11-90-20-66-9-1|59-99-5-84-17-45-46-8-83-60-96-89|92-98-85-61-16-86-38-44-14-91-37|75-73-2-57-87-100-95-13|28-76-77-80-12-58-53|31-62-19-48-82-18-6-94-93
238,12,1153.8997,88.6072,105.0,216.8789,0,12,39.835797,39.875931,True,40-21-73-22-75-56-39-25-55-54|52-18-6-94-95-97-87-53|82-47-36-49-64-63-90-32-70|28-12-29-24-67-23-74-58|27-69-51-9-81-33-3-77-68-80-26|76-79-78-34-35-71-20-50|31-88-7-48-19-11-62-10-1|2-57-15-42-100-37-59-96-13|99-5-84-17-45-46-8-83-60-89|92-98-85-61-16-86-44-91-93|14-38-43-41-72-4|65-66-30
239,11,1161.339,113.5264,40.0,227.5644,0,11,42.06761,42.108517,True,21-73-75-56-23-67-39-25-55-54|52-7-19-83-96-59-95-97-13|47-36-49-64-11-63-90-32-70|53-40-4-72-74-22-41-58|27-69-30-51-9-81-79-24-80-26|12-29-78-34-35-71-65-66-20-1|18-82-48-62-88-31-10|2-42-57-15-43-14-91-85-100-37|92-98-86-38-44-87-94-60-89|99-6-28-76-77-68-3-33-50|5-61-16-84-45-8-46-17-93
240,11,1161.339,113.5264,40.0,227.5644,0,11,42.06761,42.108517,True,21-73-75-56-23-67-39-25-55-54|52-7-19-83-96-59-95-97-13|47-36-49-64-11-63-90-32-70|53-40-4-72-74-22-41-58|27-69-30-51-9-81-79-24-80-26|12-29-78-34-35-71-65-66-20-1|18-82-48-62-88-31-10|2-42-57-15-43-14-91-85-100-37|92-98-86-38-44-87-94-60-89|99-6-28-76-77-68-3-33-50|5-61-16-84-45-8-46-17-93
241,11,1163.793,126.3952,85.0,221.7631,0,11,42.80381,42.851013,True,21-72-75-56-23-67-39-25-55-4|46-6-94-95-13-54|47-36-49-64-11-63-90-32-70|65-24-12-68-80-26|53-40-73-74-22-41-43-58|27-69-30-51-9-81-33-79-3-77-50|28-76-29-78-34-35-71-66-20-1|52-7-82-48-19-62-88-31-10|2-57-15-42-87-37-98-85-93-59-96|99-18-83-8-45-17-84-5-60-89|92-61-16-86-38-14-44-91-100-97
242,11,1163.793,126.3952,85.0,221.7631,0,11,42.80381,42.851013,True,21-72-75-56-23-67-39-25-55-4|46-6-94-95-13-54|47-36-49-64-11-63-90-32-70|65-24-12-68-80-26|53-40-73-74-22-41-43-58|27-69-30-51-9-81-33-79-3-77-50|28-76-29-78-34-35-71-66-20-1|52-7-82-48-19-62-88-31-10|2-57-15-42-87-37-98-85-93-59-96|99-18-83-8-45-17-84-5-60-89|92-61-16-86-38-14-44-91-100-97
243,10,1170.6427,22.9432,89.0,229.1284,0,10,44.858703,44.893648,True,12-21-75-56-23-67-39-25-55-4|47-36-49-64-11-63-90-32-70|27-69-30-51-9-81-33-50-77-3-24|28-76-79-78-34-35-71-65-66-20-1|52-7-82-48-19-62-88-31-10-68|59-99-5-84-17-45-46-8-83-60-96-89|92-61-16-86-38-14-44-91-100-43|15-57-87-94-6-18-93-37-97-13|95-98-85-42-41-74-53-58-26|2-22-72-73-40-80-29-54
244,10,1170.6427,22.9432,89.0,229.1284,0,10,44.858703,44.893648,True,12-21-75-56-23-67-39-25-55-4|47-36-49-64-11-63-90-32-70|27-69-30-51-9-81-33-50-77-3-24|28-76-79-78-34-35-71-65-66-20-1|52-7-82-48-19-62-88-31-10-68|59-99-5-84-17-45-46-8-83-60-96-89|92-61-16-86-38-14-44-91-100-43|15-57-87-94-6-18-93-37-97-13|95-98-85-42-41-74-53-58-26|2-22-72-73-40-80-29-54
245,11,1173.845,105.7036,40.0,227.5644,0,11,45.819406,45.86289,True,21-73-75-56-23-67-39-25-55-54|52-7-19-95-87-97-59-96-13|47-36-49-64-11-63-90-32-70|53-40-4-72-74-22-41-58|27-69-30-51-9-81-79-24-80-26|12-29-78-34-35-71-65-66-20-1|83-18-82-48-62-88-31-10|2-57-15-43-42-14-85-100-37|92-98-44-38-86-91-94-60-89|99-6-28-76-77-68-3-33-50|16-61-5-84-45-8-46-17-93
246,11,1173.845,105.7036,40.0,227.5644,0,11,45.819406,45.86289,True,21-73-75-56-23-67-39-25-55-54|52-7-19-95-87-97-59-96-13|47-36-49-64-11-63-90-32-70|53-40-4-72-74-22-41-58|27-69-30-51-9-81-79-24-80-26|12-29-78-34-35-71-65-66-20-1|83-18-82-48-62-88-31-10|2-57-15-43-42-14-85-100-37|92-98-44-38-86-91-94-60-89|99-6-28-76-77-68-3-33-50|16-61-5-84-45-8-46-17-93
247,11,1173.845,105.7036,40.0,227.5644,0,11,45.819406,45.86289,True,21-73-75-56-23-67-39-25-55-54|52-7-19-95-87-97-59-96-13|47-36-49-64-11-63-90-32-70|53-40-4-72-74-22-41-58|27-69-30-51-9-81-79-24-80-26|12-29-78-34-35-71-65-66-20-1|83-18-82-48-62-88-31-10|2-57-15-43-42-14-85-100-37|92-98-44-38-86-91-94-60-89|99-6-28-76-77-68-3-33-50|16-61-5-84-45-8-46-17-93
248,11,1177.5097,66.4884,88.0,223.4221,0,11,46.918806,46.961687,True,21-72-22-23-67-25-55-4-26|12-6-94-95-97-42-87-13|82-47-36-49-64-63-90-32-70-1|18-11-3-68-24-54|29-53-40-73-74-75-56-39-58|27-69-30-51-20-71-9-81-33-77-80|28-76-79-78-34-35-65-66-50|52-88-7-48-19-62-10-31|2-57-41-15-43-44-93-59-96|99-5-84-17-45-46-8-83-60-89|92-98-85-61-16-86-38-14-91-100-37
249,11,1177.5097,66.4884,88.0,223.4221,0,11,46.918806,46.961687,True,21-72-22-23-67-25-55-4-26|12-6-94-95-97-42-87-13|82-47-36-49-64-63-90-32-70-1|18-11-3-68-24-54|29-53-40-73-74-75-56-39-58|27-69-30-51-20-71-9-81-33-77-80|28-76-79-78-34-35-65-66-50|52-88-7-48-19-62-10-31|2-57-41-15-43-44-93-59-96|99-5-84-17-45-46-8-83-60-89|92-98-85-61-16-86-38-14-91-100-37
250,11,1181.9931,30.3436,174.0,228.5414,0,11,48.263823,48.311995,True,21-40-73-72-75-56-39-67-25-55-54|42-94-6-53-2-57-15-43-100|82-47-36-49-64-63-90-32-70|12-29-24-80-4-23-22-74|27-69-30-51-9-81-33-3-77-68-26|28-76-79-78-34-35-71-66-20-50|31-88-7-48-19-11-62-10-1|95-41-87-97-92-37-98-59-96-13-58|52-83-18-8-46-45-17-84-5-60-89|99-85-61-16-86-38-44-14-91-93|65
251,11,1181.9931,30.3436,174.0,228.5414,0,11,48.263823,48.311995,True,21-40-73-72-75-56-39-67-25-55-54|42-94-6-53-2-57-15-43-100|82-47-36-49-64-63-90-32-70|12-29-24-80-4-23-22-74|27-69-30-51-9-81-33-3-77-68-26|28-76-79-78-34-35-71-66-20-50|31-88-7-48-19-11-62-10-1|95-41-87-97-92-37-98-59-96-13-58|52-83-18-8-46-45-17-84-5-60-89|99-85-61-16-86-38-44-14-91-93|65
252,11,1186.4527,39.9528,109.0,225.8759,0,11,49.601711,49.645762,True,42-15-75-56-23-67-39-25-55|52-7-47-36-49-64-11-20|12-33-81-3-77-68-29-24-54-4|27-21-73-72-74-22-41-57-58|28-76-79-78-34-35-65-71-50-1|63-90-32-10-70-51-9-66|59-99-5-84-17-45-46-8-83-60-96-89|95-92-98-85-61-16-86-38-91-100-37|2-87-43-14-44-93-13|69-30-80-26-40-53|31-88-62-19-48-82-18-94-6-97
253,11,1186.4527,39.9528,109.0,225.8759,0,11,49.601711,49.645762,True,42-15-75-56-23-67-39-25-55|52-7-47-36-49-64-11-20|12-33-81-3-77-68-29-24-54-4|27-21-73-72-74-22-41-57-58|28-76-79-78-34-35-65-71-50-1|63-90-32-10-70-51-9-66|59-99-5-84-17-45-46-8-83-60-96-89|95-92-98-85-61-16-86-38-91-100-37|2-87-43-14-44-93-13|69-30-80-26-40-53|31-88-62-19-48-82-18-94-6-97
254,12,1191.4605,178.1458,65.0,219.9824,0,12,51.104041,51.165339,True,40-72-74-23-67-39-25-55|6-94-95-87-2-57-15-43-13|47-36-49-64-11-63-90-32-70|53-12-68-80-54-4-26-58|27-69-51-9-81-29-3-50|28-76-79-78-34-35-71-65-66-20|52-7-82-48-19-88-31|99-5-84-17-45-46-8-89|92-85-61-44-38-14-100-37-97|18-83-60-86-16-91-93-59-96|21-73-41-22-75-56-24-77-1|42-98-62-10-30-33
255,12,1191.4605,178.1458,65.0,219.9824,0,12,51.104041,51.165339,True,40-72-74-23-67-39-25-55|6-94-95-87-2-57-15-43-13|47-36-49-64-11-63-90-32-70|53-12-68-80-54-4-26-58|27-69-51-9-81-29-3-50|28-76-79-78-34-35-71-65-66-20|52-7-82-48-19-88-31|99-5-84-17-45-46-8-89|92-85-61-44-38-14-100-37-97|18-83-60-86-16-91-93-59-96|21-73-41-22-75-56-24-77-1|42-98-62-10-30-33
256,11,1195.3807,134.5565,83.0,222.4107,0,11,52.280105,52.337905,True,21-72-75-56-23-67-39-25-55-54|19-6-94-95-87-97-17-13|52-7-49-64-11-63-90-32-70|44-53-40-73-74-22-41-58|27-69-30-51-9-3-24-4-26|28-12-79-34-35-71-65-66-20-1|18-82-62-88-31-10|2-57-15-43-42-93-99-59-96-60-89|92-98-85-61-16-86-38-14-91-100-37|5-84-83-45-8-46-36-47-48|76-50-33-81-78-29-68-80-77
257,11,1195.3807,134.5565,83.0,222.4107,0,11,52.280105,52.337905,True,21-72-75-56-23-67-39-25-55-54|19-6-94-95-87-97-17-13|52-7-49-64-11-63-90-32-70|44-53-40-73-74-22-41-58|27-69-30-51-9-3-24-4-26|28-12-79-34-35-71-65-66-20-1|18-82-62-88-31-10|2-57-15-43-42-93-99-59-96-60-89|92-98-85-61-16-86-38-14-91-100-37|5-84-83-45-8-46-36-47-48|76-50-33-81-78-29-68-80-77
258,11,1199.9559,36.8255,128.0,225.8759,0,11,53.652663,53.702196,True,42-15-56-23-67-39-25-55-4|52-7-47-36-49-64-32-20-70|12-33-81-3-77-68-29-24-54-26|27-21-73-72-74-75-22-41-57-43-58|28-76-79-78-34-35-65-71-50-1|82-11-63-90-10-51-9-66|59-99-5-84-17-45-46-8-83-60-96-89|92-98-85-61-16-86-38-14-91-100-37|2-87-44-95-13|69-30-80-40-53|31-88-62-19-48-18-6-94-93-97
259,11,1199.9559,36.8255,128.0,225.8759,0,11,53.652663,53.702196,True,42-15-56-23-67-39-25-55-4|52-7-47-36-49-64-32-20-70|12-33-81-3-77-68-29-24-54-26|27-21-73-72-74-75-22-41-57-43-58|28-76-79-78-34-35-65-71-50-1|82-11-63-90-10-51-9-66|59-99-5-84-17-45-46-8-83-60-96-89|92-98-85-61-16-86-38-14-91-100-37|2-87-44-95-13|69-30-80-40-53|31-88-62-19-48-18-6-94-93-97
260,11,1201.1385,35.3333,97.0,227.7798,0,11,54.00744,54.05429,True,21-72-75-56-23-67-39-25-55-4|47-36-49-64-11-63-90-32-70|83-12-80-68-29-24-54-26-1|2-41-22-74-73-40-58-53|27-69-30-51-9-81-33-3-77-50|28-76-79-78-34-35-71-65-66-20|52-7-82-48-19-62-88-31-10-89|44-85-93-94-87-57-15-43-100|92-59-99-18-46-84-5-37|95-98-38-86-16-61-60-6-13|42-14-91-17-45-8-96-97
261,11,1201.1385,35.3333,97.0,227.7798,0,11,54.00744,54.05429,True,21-72-75-56-23-67-39-25-55-4|47-36-49-64-11-63-90-32-70|83-12-80-68-29-24-54-26-1|2-41-22-74-73-40-58-53|27-69-30-51-9-81-33-3-77-50|28-76-79-78-34-35-71-65-66-20|52-7-82-48-19-62-88-31-10-89|44-85-93-94-87-57-15-43-100|92-59-99-18-46-84-5-37|95-98-38-86-16-61-60-6-13|42-14-91-17-45-8-96-97
262,11,1207.4395,15.0016,128.0,224.6863,0,11,55.897751,55.946077,True,12-40-21-73-75-56-39-25-55-24-80|61-6-100-97-95-94-53|82-47-36-49-64-63-90-32-70|29-4-67-23-22-41-74-58|27-30-51-9-33-3-77-68-54-26|28-76-79-81-78-34-35-65-66-20|31-88-7-48-19-11-62-10-1-50|72-2-57-15-43-42-98-37-92-59-96|69-52-18-8-46-45-17-84-5-60-89|83-99-85-16-86-38-44-14-91-93|71-87-13
263,11,1207.4395,15.0016,128.0,224.6863,0,11,55.897751,55.946077,True,12-40-21-73-75-56-39-25-55-24-80|61-6-100-97-95-94-53|82-47-36-49-64-63-90-32-70|29-4-67-23-22-41-74-58|27-30-51-9-33-3-77-68-54-26|28-76-79-81-78-34-35-65-66-20|31-88-7-48-19-11-62-10-1-50|72-2-57-15-43-42-98-37-92-59-96|69-52-18-8-46-45-17-84-5-60-89|83-99-85-16-86-38-44-14-91-93|71-87-13
264,11,1214.7315,39.7163,120.0,226.3568,0,11,58.085362,58.139034,True,40-75-56-23-39-25-55-4-80|52-7-47-36-49-64-32-10-70|12-33-81-3-77-68-29-24-54-26|2-73-21-72-74-22-41-57-15-43-58|28-76-79-78-34-9-35-71-65|19-11-63-90-66-20-51-50-1|59-99-5-84-17-45-46-8-83-60-89|92-98-85-61-16-86-38-14-91-100-37|67-87-95-44-93-97-13|27-69-30-53-42|31-88-62-48-82-18-96-94-6
265,11,1215.7154,19.8336,98.0,229.1284,0,11,58.380526,58.429726,True,82-18-6-12-80-4-72-74-58|47-36-49-64-11-63-90-32-70|75-23-67-55-24-29-54-26|27-69-30-51-9-81-33-3-68-77-50|28-76-79-78-34-35-71-65-66-20-1|92-99-5-84-17-45-46-8-83-60-89|52-98-85-61-16-86-44-14-91-100|31-88-7-62-10-19-48-96-97-13|21-73-25-39-56-94|2-22-41-57-15-43-42-59-93-37|95-38-87-40-53
266,11,1215.7154,19.8336,98.0,229.1284,0,11,58.380526,58.429726,True,82-18-6-12-80-4-72-74-58|47-36-49-64-11-63-90-32-70|75-23-67-55-24-29-54-26|27-69-30-51-9-81-33-3-68-77-50|28-76-79-78-34-35-71-65-66-20-1|92-99-5-84-17-45-46-8-83-60-89|52-98-85-61-16-86-44-14-91-100|31-88-7-62-10-19-48-96-97-13|21-73-25-39-56-94|2-22-41-57-15-43-42-59-93-37|95-38-87-40-53
267,11,1215.7233,29.2355,95.0,228.8588,0,11,58.382895,58.433167,True,42-15-23-56-39-25-55-4-80|52-7-82-47-36-49-64-32-70|12-33-81-3-77-68-29-24-54-26|21-73-72-74-75-22-41-57-43-58|28-76-79-78-34-35-71-66-20-50-1|11-63-90-10-30-51-9-65|59-99-5-84-17-45-46-8-83-60-89|92-98-85-61-16-86-38-14-91-100-37|67-40-2-87-95-13|27-69-93-44-96-53|31-88-62-19-48-18-6-94-97
268,11,1215.7233,29.2355,95.0,228.8588,0,11,58.382895,58.433167,True,42-15-23-56-39-25-55-4-80|52-7-82-47-36-49-64-32-70|12-33-81-3-77-68-29-24-54-26|21-73-72-74-75-22-41-57-43-58|28-76-79-78-34-35-71-66-20-50-1|11-63-90-10-30-51-9-65|59-99-5-84-17-45-46-8-83-60-89|92-98-85-61-16-86-38-14-91-100-37|67-40-2-87-95-13|27-69-93-44-96-53|31-88-62-19-48-18-6-94-97
269,11,1220.0408,107.526,76.0,223.8693,0,11,59.67813,59.738792,True,47-36-49-64-11-63-90-32-70|75-12-80-68-29-24-54-26-1|27-69-31-30-51-9-81-33-3-77-50|28-76-79-78-34-35-71-65-66-20|2-57-15-43-42-87-94-6-91-100|92-85-84-17-45-46-8-83-59-93|95-99-98-61-16-44-38-86-5-96|40-22-56-23-67-25-55-58|72-73-39-4-52-62-10|53-21-74-41-14-37-97-13|88-7-19-48-82-18-60-89
270,11,1220.0408,107.526,76.0,223.8693,0,11,59.67813,59.738792,True,47-36-49-64-11-63-90-32-70|75-12-80-68-29-24-54-26-1|27-69-31-30-51-9-81-33-3-77-50|28-76-79-78-34-35-71-65-66-20|2-57-15-43-42-87-94-6-91-100|92-85-84-17-45-46-8-83-59-93|95-99-98-61-16-44-38-86-5-96|40-22-56-23-67-25-55-58|72-73-39-4-52-62-10|53-21-74-41-14-37-97-13|88-7-19-48-82-18-60-89
271,11,1222.75,41.2113,83.0,227.9091,0,11,60.490895,60.543729,True,21-72-75-56-23-67-39-25-55-4|52-82-18-95-97-57-41-22-74-58|31-62-30-20-51-9-81-33-3-77-80|28-76-79-78-34-35-65-66-50-1|27-88-7-48-47-19-11-63-90-10-70|59-92-98-85-61-5-45-8-83-60-96|42-44-38-86-16-17-84-89-13|12-40-2-87-94-6|69-71-32-64-49-36-46|99-53-26-54-24-68|29-73-15-43-14-91-100-37-93
272,11,1222.75,41.2113,83.0,227.9091,0,11,60.490895,60.543729,True,21-72-75-56-23-67-39-25-55-4|52-82-18-95-97-57-41-22-74-58|31-62-30-20-51-9-81-33-3-77-80|28-76-79-78-34-35-65-66-50-1|27-88-7-48-47-19-11-63-90-10-70|59-92-98-85-61-5-45-8-83-60-96|42-44-38-86-16-17-84-89-13|12-40-2-87-94-6|69-71-32-64-49-36-46|99-53-26-54-24-68|29-73-15-43-14-91-100-37-93
273,11,1231.9316,36.8255,112.0,226.196,0,11,63.24539,63.302964,True,42-15-75-56-23-67-39-25-55|52-7-19-36-49-64-11|12-33-81-35-3-77-29-54-4|27-21-73-72-74-22-41-57-58-80-68|28-76-79-78-34-65-71-9-50-1|62-63-90-32-10-70-51-66-20|59-99-5-84-17-45-46-8-83-60-96-89|95-92-98-85-61-16-86-38-91-100-37|2-87-43-14-44-93-13|69-30-24-26-40-53|31-88-47-48-82-18-6-94-97
274,11,1231.9316,36.8255,112.0,226.196,0,11,63.24539,63.302964,True,42-15-75-56-23-67-39-25-55|52-7-19-36-49-64-11|12-33-81-35-3-77-29-54-4|27-21-73-72-74-22-41-57-58-80-68|28-76-79-78-34-65-71-9-50-1|62-63-90-32-10-70-51-66-20|59-99-5-84-17-45-46-8-83-60-96-89|95-92-98-85-61-16-86-38-91-100-37|2-87-43-14-44-93-13|69-30-24-26-40-53|31-88-47-48-82-18-6-94-97
275,14,1234.2077,283.0367,161.0,213.8601,0,14,63.928213,64.027351,True,6-97-87-57-72-58|47-36-49-64-11-63-90-32|40-21-75-23-67-56-4-26|92-99-5-84-17-45-46-8-83-60-89|98-85-61-16-86-38-44-14-91-93|52-88-62-19-48-82-7-18-13|39-74-73-94|2-22-41-15-43-42-100-37-59-96|95-53|12-80-68-3-33-50-1|31-10-70-77|27-69-30-51-76-28|81-9-35-71-65-66-20|79-78-34-29-24-25-55-54
276,14,1234.644,201.6887,161.0,213.8601,0,14,64.059113,64.14618,True,87-57-74-72-58|47-36-49-64-11-63-90-10|40-73-75-23-67-56-4|92-99-5-84-17-45-46-8-83-60-89|98-85-61-16-86-38-44-14-91-93|52-88-62-19-48-82-7-18-96-97-13|39-21-94-6|2-22-41-15-43-42-100-37-59|95-53|12-80-68-3-50-1|31-70-32-30-51-77-54|27-69-76-28|33-81-9-35-71-65-66-20|79-78-34-29-24-25-55-26
277,14,1234.644,201.6887,161.0,213.8601,0,14,64.059113,64.14618,True,87-57-74-72-58|47-36-49-64-11-63-90-10|40-73-75-23-67-56-4|92-99-5-84-17-45-46-8-83-60-89|98-85-61-16-86-38-44-14-91-93|52-88-62-19-48-82-7-18-96-97-13|39-21-94-6|2-22-41-15-43-42-100-37-59|95-53|12-80-68-3-50-1|31-70-32-30-51-77-54|27-69-76-28|33-81-9-35-71-65-66-20|79-78-34-29-24-25-55-26
278,11,1235.1229,30.8225,80.0,227.2294,0,11,64.20278,64.257365,True,95-40-21-22-56-23-67-25-55-4|11-82-18-6-94-2-37-97-58|52-47-36-49-64-63-90-32-70-1|28-29-24-68-80-54-12-26|72-39-74-41-57-53|27-69-30-76-3-81-9-51-50-77|33-79-78-34-35-71-65-66-20|31-88-7-48-46-19-62-10|75-15-43-42-87-98-91-59-96|92-99-85-93-84-17-45-8-83-5-60-89|73-61-16-86-44-38-14-100-13
279,11,1235.1229,30.8225,80.0,227.2294,0,11,64.20278,64.257365,True,95-40-21-22-56-23-67-25-55-4|11-82-18-6-94-2-37-97-58|52-47-36-49-64-63-90-32-70-1|28-29-24-68-80-54-12-26|72-39-74-41-57-53|27-69-30-76-3-81-9-51-50-77|33-79-78-34-35-71-65-66-20|31-88-7-48-46-19-62-10|75-15-43-42-87-98-91-59-96|92-99-85-93-84-17-45-8-83-5-60-89|73-61-16-86-44-38-14-100-13
280,11,1237.5772,56.0377,58.0,228.8276,0,11,64.939053,64.996197,True,98-40-21-56-23-67-39-25-55|47-36-49-64-11-63-90-32-70|33-9-81-3-77-68-80-24-54-26|73-72-74-75-22-41-15-57-58|28-76-79-78-34-35-65-71-20-1|52-7-82-48-19-62-88-31-10|83-18-8-46-45-17-84-5-60-89|16-44-38-43-87-99-59-37-91-93|27-69-30-66-51-53-4|12-29-50-61-86-97-13|2-42-14-100-85-92-95-94-6-96
281,11,1237.5772,56.0377,58.0,228.8276,0,11,64.939053,64.996197,True,98-40-21-56-23-67-39-25-55|47-36-49-64-11-63-90-32-70|33-9-81-3-77-68-80-24-54-26|73-72-74-75-22-41-15-57-58|28-76-79-78-34-35-65-71-20-1|52-7-82-48-19-62-88-31-10|83-18-8-46-45-17-84-5-60-89|16-44-38-43-87-99-59-37-91-93|27-69-30-66-51-53-4|12-29-50-61-86-97-13|2-42-14-100-85-92-95-94-6-96
282,11,1241.9349,30.2973,103.0,227.2126,0,11,66.246383,66.305231,True,21-72-75-39-25-55-29-77|83-6-94-95-85-16-98-92-56|62-7-47-36-49-64-63-10-70|69-71-9-3-68-80-24-54-26|12-40-73-74-22-41-23-67-4-58|52-19-11-90-30-51-81-33-50-1|28-76-79-78-34-35-65-66-20-32|2-57-15-43-42-87-14-100-96|82-18-48-46-8-17-84-5-60-89|61-86-38-44-91-37-99-93-59-97-13|27-31-88-45-53
283,11,1242.024,19.9299,123.0,228.4296,0,11,66.273098,66.3326,True,21-72-75-39-25-55-29-77|47-36-49-64-11-63-90-10-70|71-9-81-3-68-80-24-54-26|12-40-73-41-22-56-23-67-4|27-69-31-88-19-62-30-51-33-50-1|28-76-79-78-34-35-65-66-20-32|95-98-99-18-82-48-7|61-86-44-100-37-93-96-94-6-13-58|52-8-46-45-83-53-97|15-38-16-85-17-84-5-60-89|59-92-2-74-57-87-42-43-14-91
284,11,1242.024,19.9299,123.0,228.4296,0,11,66.273098,66.3326,True,21-72-75-39-25-55-29-77|47-36-49-64-11-63-90-10-70|71-9-81-3-68-80-24-54-26|12-40-73-41-22-56-23-67-4|27-69-31-88-19-62-30-51-33-50-1|28-76-79-78-34-35-65-66-20-32|95-98-99-18-82-48-7|61-86-44-100-37-93-96-94-6-13-58|52-8-46-45-83-53-97|15-38-16-85-17-84-5-60-89|59-92-2-74-57-87-42-43-14-91
285,11,1247.0865,28.1133,76.0,227.3301,0,11,67.791862,67.849246,True,21-72-75-23-39-25-55-29-77|47-36-49-64-11-63-90-10-70|71-9-50-68-80-24-54-26|12-40-73-74-22-41-56-67-4-58|27-69-31-88-62-30-51-81-33-3-1|28-76-79-78-34-35-65-66-20-32|2-57-15-43-14-16-85-92-97-100|42-61-18-8-48-19-46-60|98-5-84-17-86-38-44-91-59-37|52-7-82-83-93-89-53|45-6-94-96-99-95-87-13
286,11,1247.0865,28.1133,76.0,227.3301,0,11,67.791862,67.849246,True,21-72-75-23-39-25-55-29-77|47-36-49-64-11-63-90-10-70|71-9-50-68-80-24-54-26|12-40-73-74-22-41-56-67-4-58|27-69-31-88-62-30-51-81-33-3-1|28-76-79-78-34-35-65-66-20-32|2-57-15-43-14-16-85-92-97-100|42-61-18-8-48-19-46-60|98-5-84-17-86-38-44-91-59-37|52-7-82-83-93-89-53|45-6-94-96-99-95-87-13
287,11,1254.2845,33.0863,93.0,221.2094,0,11,69.951262,70.012332,True,40-21-72-75-56-4-25-55-54-80|12-29-24-39-67-23-41-74-58|27-69-30-51-9-81-33-3-77-68-26|28-76-79-78-34-35-71-66-20-50|52-2-15-43-42-100-37-97-59-96|95-99-5-84-17-45-46-8-83-60-89|92-98-85-61-16-86-38-44-14-91-93|31-88-7-18-87-73-22|19-82-6-94-53-57-13|63-90-11-64-49-62-10-70|36-47-48-32-65-1
288,11,1254.2845,33.0863,93.0,221.2094,0,11,69.951262,70.012332,True,40-21-72-75-56-4-25-55-54-80|12-29-24-39-67-23-41-74-58|27-69-30-51-9-81-33-3-77-68-26|28-76-79-78-34-35-71-66-20-50|52-2-15-43-42-100-37-97-59-96|95-99-5-84-17-45-46-8-83-60-89|92-98-85-61-16-86-38-44-14-91-93|31-88-7-18-87-73-22|19-82-6-94-53-57-13|63-90-11-64-49-62-10-70|36-47-48-32-65-1
289,12,1260.5424,119.5725,57.0,223.0372,0,12,71.828633,71.901528,True,21-73-72-23-56-39-67-25-55-24|8-18-94-87-86-13|7-19-36-49-64-90-32-70|40-80-54-4-75-22-41-74-58|27-69-30-51-35-34-78-29-68|28-76-79-9-71-65-66-20-50|52-88-62-11-63-10-31-1|2-57-15-43-42-37-98-85-93-59-96|5-44-17-45-46-82-83-60-89|95-92-61-16-91-14-100-99-6|33-81-3-77-12-26-53|47-48-84-38-97
290,12,1260.5424,119.5725,57.0,223.0372,0,12,71.828633,71.901528,True,21-73-72-23-56-39-67-25-55-24|8-18-94-87-86-13|7-19-36-49-64-90-32-70|40-80-54-4-75-22-41-74-58|27-69-30-51-35-34-78-29-68|28-76-79-9-71-65-66-20-50|52-88-62-11-63-10-31-1|2-57-15-43-42-37-98-85-93-59-96|5-44-17-45-46-82-83-60-89|95-92-61-16-91-14-100-99-6|33-81-3-77-12-26-53|47-48-84-38-97
291,11,1265.3798,13.9798,88.0,229.9003,0,11,73.279835,73.342172,True,21-72-75-23-39-25-55-29-77|47-36-49-64-11-63-90-10-70|71-9-50-68-80-24-54-26|12-40-73-74-22-41-56-67-4-58|27-69-31-88-62-30-51-81-33-3-1|28-76-79-78-34-35-65-66-20-32|95-98-99-18-82-48-19|52-7-61-16-86-44-100-37-93-96-13|83-45-46-8-85-53|15-38-94-6-5-84-17-60-89|59-92-2-57-97-87-42-43-14-91
292,11,1265.3798,13.9798,88.0,229.9003,0,11,73.279835,73.342172,True,21-72-75-23-39-25-55-29-77|47-36-49-64-11-63-90-10-70|71-9-50-68-80-24-54-26|12-40-73-74-22-41-56-67-4-58|27-69-31-88-62-30-51-81-33-3-1|28-76-79-78-34-35-65-66-20-32|95-98-99-18-82-48-19|52-7-61-16-86-44-100-37-93-96-13|83-45-46-8-85-53|15-38-94-6-5-84-17-60-89|59-92-2-57-97-87-42-43-14-91
293,11,1281.0735,13.3306,95.0,225.5295,0,11,77.987936,78.054929,True,12-40-21-73-75-56-39-25-55-24-80|98-44-16-61-6-53|82-47-36-49-64-63-90-32-70|29-4-67-23-22-41-74-58|27-30-51-9-33-3-77-68-54-26|28-76-79-81-78-34-35-65-66-20|31-88-7-48-19-11-62-10-1-50|72-2-57-15-43-42-87-92-37-14|69-52-18-8-46-45-86-91-60-89|83-5-17-38-85-99-93-100-96|71-94-95-84-59-97-13
294,11,1281.0735,13.3306,95.0,225.5295,0,11,77.987936,78.054929,True,12-40-21-73-75-56-39-25-55-24-80|98-44-16-61-6-53|82-47-36-49-64-63-90-32-70|29-4-67-23-22-41-74-58|27-30-51-9-33-3-77-68-54-26|28-76-79-81-78-34-35-65-66-20|31-88-7-48-19-11-62-10-1-50|72-2-57-15-43-42-87-92-37-14|69-52-18-8-46-45-86-91-60-89|83-5-17-38-85-99-93-100-96|71-94-95-84-59-97-13
295,14,1295.8885,175.6954,176.0,213.6063,0,14,82.432451,82.535454,True,14-6-94-87-57-74-72-58|47-36-49-64-11-63-90-32|40-75-23-56-4|92-99-5-84-17-45-8-18-83-60-89|95-98-85-61-16-86-38-44-91-100|52-7-88-62-19-48-82-96-97-13|39-67-25-55-73-21|2-22-41-15-43-42-37-93-59|53|27-12-80-68-3-33-50-1|31-46-10-70-77-26|69-30-51-76-28|81-9-35-71-65-66-20|79-78-34-29-24-54
296,14,1295.8885,175.6954,176.0,213.6063,0,14,82.432451,82.535454,True,14-6-94-87-57-74-72-58|47-36-49-64-11-63-90-32|40-75-23-56-4|92-99-5-84-17-45-8-18-83-60-89|95-98-85-61-16-86-38-44-91-100|52-7-88-62-19-48-82-96-97-13|39-67-25-55-73-21|2-22-41-15-43-42-37-93-59|53|27-12-80-68-3-33-50-1|31-46-10-70-77-26|69-30-51-76-28|81-9-35-71-65-66-20|79-78-34-29-24-54
297,11,1297.6347,23.1525,133.0,223.3235,0,11,82.956303,83.033206,True,12-40-21-73-75-56-39-25-55-54-80|82-47-36-49-64-63-90-32-70|27-69-30-51-9-81-33-3-77-68-26|28-76-79-78-34-35-71-65-66-20|31-88-7-48-19-11-62-10-1-50|72-2-57-15-43-42-98-37-92-59-96-13|83-99-85-16-86-38-44-14-91-93|5-45-46-60-100-41-74-58|95-61-17-97-29-24|52-18-6-94-53-67-4|23-22-87-84-8-89
298,11,1297.6347,23.1525,133.0,223.3235,0,11,82.956303,83.033206,True,12-40-21-73-75-56-39-25-55-54-80|82-47-36-49-64-63-90-32-70|27-69-30-51-9-81-33-3-77-68-26|28-76-79-78-34-35-71-65-66-20|31-88-7-48-19-11-62-10-1-50|72-2-57-15-43-42-98-37-92-59-96-13|83-99-85-16-86-38-44-14-91-93|5-45-46-60-100-41-74-58|95-61-17-97-29-24|52-18-6-94-53-67-4|23-22-87-84-8-89
299,11,1302.6839,10.7765,135.0,221.7159,0,11,84.471082,84.547602,True,21-40-73-72-75-56-39-25-55-54-80|82-47-36-49-64-63-90-32-70|27-69-30-51-9-81-33-3-77-68-26|28-76-79-78-34-35-71-65-66-20|31-88-7-48-19-11-62-10-1-50|95-61-42-87-97-92-37-98-59-96-13-58|83-99-85-16-86-38-44-14-91-93|45-100-57-22-23-67-4|12-52-18-8-46-17-43|29-74-41-15-94|2-6-84-5-60-89-53-24
300,11,1302.6839,10.7765,135.0,221.7159,0,11,84.471082,84.547602,True,21-40-73-72-75-56-39-25-55-54-80|82-47-36-49-64-63-90-32-70|27-69-30-51-9-81-33-3-77-68-26|28-76-79-78-34-35-71-65-66-20|31-88-7-48-19-11-62-10-1-50|95-61-42-87-97-92-37-98-59-96-13-58|83-99-85-16-86-38-44-14-91-93|45-100-57-22-23-67-4|12-52-18-8-46-17-43|29-74-41-15-94|2-6-84-5-60-89-53-24
301,11,1316.4099,18.7461,87.0,229.1284,0,11,88.588874,88.667019,True,21-73-72-75-56-23-67-39-25-55-4|52-7-18-6-94-95-97-87-13-26-80|82-47-36-49-64-63-90-32-70|27-69-30-51-9-81-33-50-77-3-24|28-76-79-78-34-35-71-65-66-20-1|12-40-2-57-15-43-42-100-37-59-96|92-99-5-84-17-45-46-8-83-60-89|38-86-48-88-62-10|29-22-41-16-14-91-93|31-11-19-61-53-54-68|98-85-44-74-58
302,11,1316.4099,18.7461,87.0,229.1284,0,11,88.588874,88.667019,True,21-73-72-75-56-23-67-39-25-55-4|52-7-18-6-94-95-97-87-13-26-80|82-47-36-49-64-63-90-32-70|27-69-30-51-9-81-33-50-77-3-24|28-76-79-78-34-35-71-65-66-20-1|12-40-2-57-15-43-42-100-37-59-96|92-99-5-84-17-45-46-8-83-60-89|38-86-48-88-62-10|29-22-41-16-14-91-93|31-11-19-61-53-54-68|98-85-44-74-58
303,11,1317.8863,4.8422,88.0,229.0852,0,11,89.031793,89.108389,True,21-73-72-75-56-23-67-39-25-55-4|82-45-17-86-41-22-74-58|69-62-30-20-51-9-81-33-3-77-80|28-76-79-78-34-35-65-66-50-1|52-31-88-7-48-47-19-11-90-10-70|95-92-59-94-98-37-44-8-60-96|38-16-61-84-83-18-6-89|12-2-15-87-13-53|71-32-63-64-49-36-46|5-99-85-42-57-40-26-54-24-68|27-29-43-14-91-100-97-93
304,11,1317.8863,4.8422,88.0,229.0852,0,11,89.031793,89.108389,True,21-73-72-75-56-23-67-39-25-55-4|82-45-17-86-41-22-74-58|69-62-30-20-51-9-81-33-3-77-80|28-76-79-78-34-35-65-66-50-1|52-31-88-7-48-47-19-11-90-10-70|95-92-59-94-98-37-44-8-60-96|38-16-61-84-83-18-6-89|12-2-15-87-13-53|71-32-63-64-49-36-46|5-99-85-42-57-40-26-54-24-68|27-29-43-14-91-100-97-93
305,14,1321.6431,233.6026,38.0,219.9824,0,14,90.15884,90.265412,True,21-41-75-23-67-25-55-54|18-6-94-95-97-87-13|47-36-49-64-11-63-90-32-70|53-58-73-22-74-4|27-69-51-9-81-79-24-80-26|12-29-78-34-71-65-66-1|52-7-82-48-19-62-88|2-57-15-43-42-37-98-93-59-96|99-5-84-45-46-83-60-89|92-61-16-86-38-91|28-68-77-3-50|100-40-72-56-39|8-17-44-14-85|31-76-33-35-30-20-10
306,14,1321.6431,233.6026,38.0,219.9824,0,14,90.15884,90.265412,True,21-41-75-23-67-25-55-54|18-6-94-95-97-87-13|47-36-49-64-11-63-90-32-70|53-58-73-22-74-4|27-69-51-9-81-79-24-80-26|12-29-78-34-71-65-66-1|52-7-82-48-19-62-88|2-57-15-43-42-37-98-93-59-96|99-5-84-45-46-83-60-89|92-61-16-86-38-91|28-68-77-3-50|100-40-72-56-39|8-17-44-14-85|31-76-33-35-30-20-10
307,11,1324.9908,15.7794,90.0,224.5685,0,11,91.163146,91.243037,True,21-73-72-75-56-23-67-39-25-55-4|83-86-94-41-22-74-58|27-69-31-30-20-51-9-81-33-3-77-80|28-76-79-78-34-35-65-66-50-1|52-88-7-82-48-19-11-62-90-10-70|44-18-8-46-45-84-5-17|95-98-38-16-61-99-6-60-89|12-53-2-15-87-85-59-97-13|71-32-63-64-49-36-47|92-42-57-40-26-54-24-68|29-43-14-91-100-37-96-93
308,11,1324.9908,15.7794,90.0,224.5685,0,11,91.163146,91.243037,True,21-73-72-75-56-23-67-39-25-55-4|83-86-94-41-22-74-58|27-69-31-30-20-51-9-81-33-3-77-80|28-76-79-78-34-35-65-66-50-1|52-88-7-82-48-19-11-62-90-10-70|44-18-8-46-45-84-5-17|95-98-38-16-61-99-6-60-89|12-53-2-15-87-85-59-97-13|71-32-63-64-49-36-47|92-42-57-40-26-54-24-68|29-43-14-91-100-37-96-93
309,11,1324.9908,15.7794,90.0,224.5685,0,11,91.163146,91.243037,True,21-73-72-75-56-23-67-39-25-55-4|83-86-94-41-22-74-58|27-69-31-30-20-51-9-81-33-3-77-80|28-76-79-78-34-35-65-66-50-1|52-88-7-82-48-19-11-62-90-10-70|44-18-8-46-45-84-5-17|95-98-38-16-61-99-6-60-89|12-53-2-15-87-85-59-97-13|71-32-63-64-49-36-47|92-42-57-40-26-54-24-68|29-43-14-91-100-37-96-93
310,14,1329.2269,167.4582,106.0,204.6653,0,14,92.433962,92.53739,True,21-72-75-56-23-39-25-55-4|47-36-49-63-90-32-70|53-12-80-68-24-54-26|40-73-74-22-41-2-58|27-69-51-9-81-33-3-77-50|28-76-79-78-34-35-71-66-20-1|52-7-82-48-19-62-88-31|57-15-42-87-100-37-97-13|59-99-5-84-45-8-83-60-89|92-98-61-16-86-44-91-93-96|95-85-17-38-14-43|18-46-11-10|29-67-94-6|30-65-64
311,14,1329.2269,167.4582,106.0,204.6653,0,14,92.433962,92.53739,True,21-72-75-56-23-39-25-55-4|47-36-49-63-90-32-70|53-12-80-68-24-54-26|40-73-74-22-41-2-58|27-69-51-9-81-33-3-77-50|28-76-79-78-34-35-71-66-20-1|52-7-82-48-19-62-88-31|57-15-42-87-100-37-97-13|59-99-5-84-45-8-83-60-89|92-98-61-16-86-44-91-93-96|95-85-17-38-14-43|18-46-11-10|29-67-94-6|30-65-64
312,11,1332.4318,22.6074,95.0,223.4221,0,11,93.395453,93.478928,True,12-72-75-56-23-67-39-25-55-4|82-47-36-49-64-63-90-32-70-1|71-9-50-68-29-24-54-26|61-53-40-21-73-74-22-41-58|27-52-69-31-10-30-51-33-3-77-80|28-76-79-81-78-34-35-65-66-20|95-99-5-84-17-45-46-8-83-60-89|88-7-18-16-98-87-2-37-96|19-6-94-85-44-86-93-13|15-38-62-11-48|14-100-91-59-92-97-57-42-43
313,11,1332.4318,22.6074,95.0,223.4221,0,11,93.395453,93.478928,True,12-72-75-56-23-67-39-25-55-4|82-47-36-49-64-63-90-32-70-1|71-9-50-68-29-24-54-26|61-53-40-21-73-74-22-41-58|27-52-69-31-10-30-51-33-3-77-80|28-76-79-81-78-34-35-65-66-20|95-99-5-84-17-45-46-8-83-60-89|88-7-18-16-98-87-2-37-96|19-6-94-85-44-86-93-13|15-38-62-11-48|14-100-91-59-92-97-57-42-43
314,12,1336.112,8.1489,174.0,229.0661,0,12,94.499497,94.590954,True,42-15-56-23-67-39-25-55-4|47-36-64-32-51-66-70|12-33-81-3-77-68-29-24-54-26|27-21-73-72-74-75-22-41-43-58|28-76-79-78-34-35-65-71-50-1|69-82-49-63-90-10-20|59-99-5-84-17-45-46-8-83-60-96-89|92-98-85-61-16-86-38-44-14-91-100|30-9-80-40-2-13-97-37-93|31-11-7-95-87-57|62-19-48-18-6-94-53|52-88
315,11,1351.6373,19.8821,77.0,227.5269,0,11,99.157088,99.244732,True,12-40-21-73-75-56-39-25-55-24-80|98-44-16-61-60-6-94-53-48|88-47-36-49-64-63-90-32-70|29-4-67-23-22-41-74-58|69-30-51-9-33-3-77-68-54-26|28-76-79-81-78-34-35-65-66-20|52-7-82-19-11-10-31-1-50|72-2-57-15-43-42-87-92-37-14|62-18-8-46-45-86-91|83-5-17-38-85-99-93-100-96-89|71-27-95-84-59-97-13
316,11,1351.6373,19.8821,77.0,227.5269,0,11,99.157088,99.244732,True,12-40-21-73-75-56-39-25-55-24-80|98-44-16-61-60-6-94-53-48|88-47-36-49-64-63-90-32-70|29-4-67-23-22-41-74-58|69-30-51-9-33-3-77-68-54-26|28-76-79-81-78-34-35-65-66-20|52-7-82-19-11-10-31-1-50|72-2-57-15-43-42-87-92-37-14|62-18-8-46-45-86-91|83-5-17-38-85-99-93-100-96-89|71-27-95-84-59-97-13
317,11,1357.9859,15.1985,79.0,227.4911,0,11,101.06167,101.15071,True,21-72-75-23-39-25-55-29-77|47-36-49-64-11-63-90-10-70|71-9-50-68-80-24-54-26|12-40-73-74-22-41-56-67-4-58|27-69-31-88-62-30-51-81-33-3-1|28-76-79-78-34-35-65-66-20-32|95-98-44-99-18-48-19-46|52-7-82-61-16-87-2-93-96-13|83-45-8-86-85-53-60-89|15-38-94-6-5-84-17|59-92-57-43-42-97-37-100-14-91
318,11,1357.9859,15.1985,79.0,227.4911,0,11,101.06167,101.15071,True,21-72-75-23-39-25-55-29-77|47-36-49-64-11-63-90-10-70|71-9-50-68-80-24-54-26|12-40-73-74-22-41-56-67-4-58|27-69-31-88-62-30-51-81-33-3-1|28-76-79-78-34-35-65-66-20-32|95-98-44-99-18-48-19-46|52-7-82-61-16-87-2-93-96-13|83-45-8-86-85-53-60-89|15-38-94-6-5-84-17|59-92-57-43-42-97-37-100-14-91
319,11,1362.1208,49.4774,72.0,227.5644,0,11,102.302129,102.396862,True,21-73-22-75-56-23-67-39-25-55-54|52-7-19-83-96-95-59-92-37-97-13|47-36-49-64-11-63-90-32-70|27-69-30-51-9-81-79-24-80-26|12-29-78-34-35-71-65-66-20-1|99-6-28-76-77-68-3-33-50|5-61-16-84-45-8-46-17-91-93|31-88-18-98-87-40-53-48|82-85-86-44-42-2-100-60|15-38-94-62-10-89|57-14-43-41-74-72-4-58
320,11,1362.1208,49.4774,72.0,227.5644,0,11,102.302129,102.396862,True,21-73-22-75-56-23-67-39-25-55-54|52-7-19-83-96-95-59-92-37-97-13|47-36-49-64-11-63-90-32-70|27-69-30-51-9-81-79-24-80-26|12-29-78-34-35-71-65-66-20-1|99-6-28-76-77-68-3-33-50|5-61-16-84-45-8-46-17-91-93|31-88-18-98-87-40-53-48|82-85-86-44-42-2-100-60|15-38-94-62-10-89|57-14-43-41-74-72-4-58
321,11,1362.6457,7.9372,112.0,225.8519,0,11,102.459618,102.552022,True,95-15-56-23-67-39-25-55-4|52-7-47-36-49-64-32-20-70|12-33-81-3-77-68-29-24-54-26|27-21-73-72-74-75-22-41-57-43-58|28-76-79-78-34-35-65-71-50-1|82-11-63-90-10-51-9-66|44-85-18-8-46-83-5-96-93|98-99-61-16-38-87-94-91-100|2-42-14-92-97-13-6-45-17|69-30-80-40-53-60-89|31-88-62-19-48-84-86-37-59
322,11,1362.6457,7.9372,112.0,225.8519,0,11,102.459618,102.552022,True,95-15-56-23-67-39-25-55-4|52-7-47-36-49-64-32-20-70|12-33-81-3-77-68-29-24-54-26|27-21-73-72-74-75-22-41-57-43-58|28-76-79-78-34-35-65-71-50-1|82-11-63-90-10-51-9-66|44-85-18-8-46-83-5-96-93|98-99-61-16-38-87-94-91-100|2-42-14-92-97-13-6-45-17|69-30-80-40-53-60-89|31-88-62-19-48-84-86-37-59
323,12,1408.4977,40.4265,73.0,224.5122,0,12,116.2152,116.322431,True,88-7-48-49-64-11-32-70|12-39-23-22-73-40-2-58|27-69-71-9-81-33-3-77-68-80|76-79-78-34-35-65-66-50|92-59-99-5-84-17-45-46-8-60-96|83-61-86-44-38-43-15-56|29-57-85-16-14-91-93|42-41-74-72-26-53-89|28-98-6-52-82-47-36-1|19-18-94-95-87-100-37-97-13|31-62-63-90-10-30-20-51|21-75-4-67-25-55-24-54
324,12,1408.4977,40.4265,73.0,224.5122,0,12,116.2152,116.322431,True,88-7-48-49-64-11-32-70|12-39-23-22-73-40-2-58|27-69-71-9-81-33-3-77-68-80|76-79-78-34-35-65-66-50|92-59-99-5-84-17-45-46-8-60-96|83-61-86-44-38-43-15-56|29-57-85-16-14-91-93|42-41-74-72-26-53-89|28-98-6-52-82-47-36-1|19-18-94-95-87-100-37-97-13|31-62-63-90-10-30-20-51|21-75-4-67-25-55-24-54
325,16,1414.7994,314.8803,103.0,212.2354,0,16,118.105722,118.258371,True,75-56-23-67-39-25-55|6-94-95-97-87-13|47-36-49-64-11-90-70|12-68-80-54-26|73-72-22-41-58|30-51-9-81-33-77-50|79-78-34-35-65|2-57-15-43-42-37-85-59|46-17-84-5-60|92-61-16-86-38-14-44-91-100|52-83-8-48-19-62-63-10-1|29-24-28-27-18-89|53-4-99-93|69-31-88-7-82-45-96|76-3-71-66-20-32|98-74-21-40
326,16,1414.7994,314.8803,103.0,212.2354,0,16,118.105722,118.258371,True,75-56-23-67-39-25-55|6-94-95-97-87-13|47-36-49-64-11-90-70|12-68-80-54-26|73-72-22-41-58|30-51-9-81-33-77-50|79-78-34-35-65|2-57-15-43-42-37-85-59|46-17-84-5-60|92-61-16-86-38-14-44-91-100|52-83-8-48-19-62-63-10-1|29-24-28-27-18-89|53-4-99-93|69-31-88-7-82-45-96|76-3-71-66-20-32|98-74-21-40
327,16,1440.4721,306.1657,126.0,199.5708,0,16,125.807536,125.966979,True,21-72-75-56-23-39-25-55-4|6-94-95-97-13|47-36-49-63-90-32-70|12-80-68-24-54|53-40-73-74-22-58|27-69-51-9-81-33-3-77-50|28-76-79-78-34-35-71-66-20|52-7-82-48-19-62-88-31|2-57-15-42-37-98-93-59-96|99-5-84-45-8-83-60-89|92-100-91-16-86-61-85|64-11-10-30-1|87-43-14-44-17|29-67-26|18-38-41|46-65
328,16,1440.4721,306.1657,126.0,199.5708,0,16,125.807536,125.966979,True,21-72-75-56-23-39-25-55-4|6-94-95-97-13|47-36-49-63-90-32-70|12-80-68-24-54|53-40-73-74-22-58|27-69-51-9-81-33-3-77-50|28-76-79-78-34-35-71-66-20|52-7-82-48-19-62-88-31|2-57-15-42-37-98-93-59-96|99-5-84-45-8-83-60-89|92-100-91-16-86-61-85|64-11-10-30-1|87-43-14-44-17|29-67-26|18-38-41|46-65
329,14,1459.574,155.3033,106.0,211.4402,0,14,131.53809,131.679815,True,21-73-75-56-39-25-55-54|61-6-53-58-94-95-100-97|82-47-36-49-64-90-70|12-4-67-23-22-41-74|27-30-9-81-77-68-26|28-76-79-78-34-65-66|62-11-19-48-7-31-1-50|72-57-15-43-42-37-98-92-59-96-13|52-18-8-46-45-17-5-60-89|83-99-16-86-38-14-44-91-93|84-32-20-80|69-51-71-88-63-10|40-24-29-3-33-35|2-87-85
330,14,1459.574,155.3033,106.0,211.4402,0,14,131.53809,131.679815,True,21-73-75-56-39-25-55-54|61-6-53-58-94-95-100-97|82-47-36-49-64-90-70|12-4-67-23-22-41-74|27-30-9-81-77-68-26|28-76-79-78-34-65-66|62-11-19-48-7-31-1-50|72-57-15-43-42-37-98-92-59-96-13|52-18-8-46-45-17-5-60-89|83-99-16-86-38-14-44-91-93|84-32-20-80|69-51-71-88-63-10|40-24-29-3-33-35|2-87-85
331,16,1507.3924,164.1038,143.0,206.6456,0,16,145.883616,146.044588,True,40-21-22-75-56-39-25-55-54|52-6-94-95-97-87-53|82-47-36-49-63-90-32-70|28-12-24-23-74-58|27-69-51-9-81-33-3-77-68-26|76-79-78-34-35-71-20-50|31-88-7-48-19-62-10-1|2-57-15-42-100-37-59-96-13|99-5-84-17-45-8-83-60-89|92-98-85-61-16-86-44-91-93|72|38-14-43-41-4|18-11-64-80|73-29-65-66|46-30|67
332,16,1507.3924,164.1038,143.0,206.6456,0,16,145.883616,146.044588,True,40-21-22-75-56-39-25-55-54|52-6-94-95-97-87-53|82-47-36-49-63-90-32-70|28-12-24-23-74-58|27-69-51-9-81-33-3-77-68-26|76-79-78-34-35-71-20-50|31-88-7-48-19-62-10-1|2-57-15-42-100-37-59-96-13|99-5-84-17-45-8-83-60-89|92-98-85-61-16-86-44-91-93|72|38-14-43-41-4|18-11-64-80|73-29-65-66|46-30|67
333,17,1513.4516,349.9256,88.0,211.2233,0,17,147.701376,147.887525,True,21-75-56-23-67-39-25-55|94-13|82-47-36-49-64-63-90-32-70|80-68-29-24-26|53-40-74-22-41|69-30-51-9-33-3-77-50|28-76-79-34-35-65-66-20-1|7-48-11-10|15-42-14-100-37|99-5-84-17-45-46-8-60-89|92-98-91-86-16-85|72-43-97-95-58|6-93-59-96-83|81-78-73-4-54|27-61-52-31-71|2-57-87-38-44|88-62-19-18-12
334,15,1514.0015,258.7906,103.0,212.0911,0,15,147.866358,148.040032,True,6-94-95-87-57-74-72-58|47-36-49-64-63-90-10|40-21-75-23-67-39-4|92-99-5-84-17-45-46-8-83-60|98-85-61-16-44-38-14-91-100|52-88-62-19-82-18-97-13|2-22-41-15-43-42-37-93|27-12-80-68-3-50-1|7-31-70-30-26|33-81-9-66-51|79-78-34-29-24-54|69-32-11-48-59-89|76-77-55-25-56-96|73-28-35-65-20|86-53-71
335,16,1526.7975,281.8536,142.0,204.1877,0,16,151.705138,151.889124,True,21-72-75-56-23-39-25-55-4|6-94-95-97-87-13|47-36-49-63-90-32-70|12-80-68-29-24-54|40-73-74-22-58|27-69-51-9-81-33-3-77-50|28-76-79-78-34-35-71-66-20|52-7-82-48-19-62-88-31|2-57-15-42-37-98-93-96|99-5-84-17-45-8-83-60-89|92-85-61-16-86-14-91-100-59|44-46-64-11|43-26-1|30-67-41|10-18-53|38-65
336,20,1529.8142,370.2745,84.0,199.9343,0,20,152.610163,152.803079,True,21-72-4-25-55|11-36-49-64-63-90|12-68-80-54-26|53-40-73-74-58|27-51-81-33-3-77|28-76-79-78-34-35-71-20-1|52-62-88|2-57-15-43-42-37-98-96|5-84-45-60-89|92-100-85-61-6|59-91-44-14-97-13|23-67-39-24-29|18-82-48-47-8-83|99-93|16-86-17-46-7|87-41-22-75-56|31|95-38-94|70-32-66-65-9-50|69-30-10-19
337,17,1535.5802,365.9835,83.0,214.5175,0,17,154.339951,154.535141,True,21-72-75-56-23-25-55-4|6-94-95-97-13|47-36-49-63-90-70|12-80-68-24-54|53-40-73-74-22-58|27-69-51-81-33-3-77|28-76-79-78-34-35-66-20|52-7-82-48-62-88-31|2-57-15-42-37-98-93-59-96|99-5-84-45-8-83-60-89|92-100-91-16-86-61-85|43-14-44-38-17|11-19-10-32-50|1-65-71|9-30-64-46|18-39-29-26|67-41-87
338,16,1544.3916,147.3708,148.0,213.3534,0,16,156.98339,157.154458,True,42-15-23-39-25-55-4|52-7-47-36-49-64-32-70|33-81-3-77-68-24-54-26|21-73-72-74-75-22-41-57-58|28-76-79-78-34-35-71-50-1|11-63-90-9-51|59-99-5-84-17-45-8-83-60-89|92-98-85-61-16-86-14-91-100-37|95-87-13|69-53|31-88-62-19-48-18-6-94-97|30-82-46-93-96|27-38-2-56-80|12-29-67-40-43|10-20-66-65|44
339,16,1552.8103,226.0091,76.0,208.9571,0,16,159.508992,159.686521,True,87-15-43-100-37-92|47-36-49-64-63-32-70|27-11-81-33-3-77-68-80|76-79-78-34-35-71-65-66|18-82-48-7-31-10-20|99-5-84-17-45-46-83-60|29-2-57-91-85-93-96|42-41-72-21-26-53|28-50-1-52-89-6|19-8-94-13|69-51-30-90-62-88|40-73-74-22-67-25-54|95-98-59|9-24-55-39-23-4|12-56-75-86|61-16-44-38-14-97-58
340,13,1556.2665,7.0405,160.0,225.5611,0,13,160.545852,160.701563,True,44-47-49-64-63-32-70|39-23-22-41-57-40-58-97-37|31-30-71-9-81-33-3-77-68-80|27-76-79-78-34-35-65-66-50|5-61-84-48-7-88-10-20-1|59-99-17-45-46-36-83-60-96|95-42-53-21-73-74-56-72-26|92-98-6-18-82-52-89|19-8-94-16-86-14-100-13|69-62-11-90-51-24-55-4|67-25-54-75-15-43|12-2-87-38-91-85-93|29-28
341,13,1556.2665,7.0405,160.0,225.5611,0,13,160.545852,160.701563,True,44-47-49-64-63-32-70|39-23-22-41-57-40-58-97-37|31-30-71-9-81-33-3-77-68-80|27-76-79-78-34-35-65-66-50|5-61-84-48-7-88-10-20-1|59-99-17-45-46-36-83-60-96|95-42-53-21-73-74-56-72-26|92-98-6-18-82-52-89|19-8-94-16-86-14-100-13|69-62-11-90-51-24-55-4|67-25-54-75-15-43|12-2-87-38-91-85-93|29-28
342,16,1563.7362,152.29,158.0,210.5118,0,16,162.786746,162.964929,True,21-73-72-75-56-23-39-25-55-4|6-94-87-2-22-74-58|27-69-30-51-81-33-3-77|28-76-79-78-34-35-1|52-7-82-48-19-10-70|5-84-45-8-83-60-89|95-99-61-16-86-14-100-37-97-13|53-15-43-91-85-93-59-96|32-63-49-36-47|92-98-42-57-40-26-54-68|12-31-71-29-24-80|38-41-67|62-9-65-66-20-50|11-46-17-18|88-64-90|44
343,12,1636.0633,24.0672,76.0,228.8982,0,12,184.48488,184.658885,True,92-18-6-94-95-97-87-42-43-100-13|82-47-36-49-64-66-35|2-53-40-73-74-22-41-23-39-58|62-19-48-7-30-71-20-70|59-99-5-84-17-45-46-8-83-60-96-89|29-57-98-85-16-14-91-93|21-67-25-55-34-65|38-86-37-75-56-4-80|61-11-51-81-9-77-68|44-15-72-79-78-24|27-31-88-3-33-10-90-63-32|28-52-69-1-50-76-12-54-26
344,17,1639.7261,274.0558,90.0,207.0357,0,17,185.583723,185.795946,True,21-72-75-56-67-25-55-4|6-94-95-97-13|82-47-49-63-90-70|12-80-68-29-24-54-26|53-40-73-74-22-58|27-69-51-81-33-3-77|28-76-79-78-34-35-66-20-1|88-19-7|2-57-15-42-100-37-59-96|5-84-45-8-83-60-89|92-98-91-16-61-85-93|9-31-99-41|52-87-44-46-36|71-65-30-10|18-48-62-64-32|39-23-38-86-17|11-50-43-14
345,17,1652.2555,350.7434,73.0,218.0134,0,17,189.342551,189.569982,True,21-72-75-56-25-55-4|52-6-94-95-97-13|82-47-49-19-63-90-70|12-80-68-24-54-26|53-40-73-74-22-58|27-69-51-81-33-3-77|28-76-79-78-34-35-66-20-1|2-57-15-42-100-37-59-96|5-84-45-8-83-60-89|92-98-91-16-61-85-93|7-48-17-14|99-36-30-50|87-43-23-39|18-9-71-65-32|88-62-10-11-64-46|86-41-67|29-31-44-38
346,17,1654.282,220.8354,124.0,195.1697,0,17,189.950493,190.16072,True,40-21-75-56-39-25-55-54|52-6-94-95-97|82-47-36-49-63-90-70|28-12-24-23-74|27-69-51-81-33-3-77-68-26|76-79-78-34-35-66-20|31-88-7-19-62-10-1|73-2-57-15-42-100-37-59-96|99-5-84-45-8-83-60-89|92-98-91-16-86-61-85-93|53-13-87-43-14|9-80-4-22-58|30-32-48-46-17|72-29-65-71-50|11-64-38|41-44-18|67
347,17,1677.2072,265.2258,101.0,207.3847,0,17,196.828056,197.051351,True,72-75-23-39-4|18-6-94-95-97-87|47-36-49-11-63-32-70|12-80-29-24-54-26-1|40-73-74-22|30-51-81-33-50|28-76-78-34-35-71-65-66|7-82-48-19-62-31-10|43-37-98-96|99-5-84-17-45-46-8-83-60-89|92-61-16-86-14-91-100-59|27-64-90-2-58|52-69-68-41-42-93|55-57-44-13|88-53-77-3-79-9-20|85-56-67-25|21-15-38
348,18,1683.5739,336.9358,119.0,198.466,0,18,198.738054,198.974778,True,40-56-23-39-25-55-4|47-36-49-63-90-70|33-81-3-77-68-80-54-26|21-73-72-74-75-22-41-57-58|28-76-79-78-34-35-66-20-1|52-7-82-48-19-62-88-31|8-45-84-5-60-89|87-44-16-93-99-59|27-69|12-50-61-97-13|2-42-100-85-92-95-94-6|17-11-32-10|43-15-91-37-96|98-14-18-46-83|24-29-30-51-9|38-67|53-86|71-65-64
349,16,1699.4692,150.991,108.0,209.8107,0,16,203.506668,203.72027,True,47-49-64-63-32-70|39-23-41-58|31-62-11-51-81-33-50|76-79-78-34-35-65-66-1|48-88-10-20|59-99-5-84-17-45-83-60-89|61-86-38-44-14-56-4|28-29-95-91-16-85-93-96|57-15-22-25-55-26|42-74-72-21-40-53|82-36-46-8|12-24-68-92-98-100-37|27-69-90-30-9-77|52-7-18-6-97-2-43-13|73-75-87-94-19|71-3-80-54-67
350,16,1702.2474,118.2726,139.0,211.9628,0,16,204.340121,204.553072,True,21-73-75-56-39-67-55-4|52-6-94-22-74|69-31-30-20-51-9-81-3-77-80|28-76-79-78-65-50|7-82-48-19-62-10-90-1|99-45-46-8-83-60-89|16-38-14-100-37-92-97-13-58|12-53-43-91-85-93-59-96|71-32-63-64-47|95-42-57-40-26-54-24-68|29|44-86-17-61-5-70|84-36-49-11|88-18-87-2-41-72-25|27-23-15|98-66-35-34-33
351,16,1702.2474,118.2726,139.0,211.9628,0,16,204.340121,204.553072,True,21-73-75-56-39-67-55-4|52-6-94-22-74|69-31-30-20-51-9-81-3-77-80|28-76-79-78-65-50|7-82-48-19-62-10-90-1|99-45-46-8-83-60-89|16-38-14-100-37-92-97-13-58|12-53-43-91-85-93-59-96|71-32-63-64-47|95-42-57-40-26-54-24-68|29|44-86-17-61-5-70|84-36-49-11|88-18-87-2-41-72-25|27-23-15|98-66-35-34-33
352,17,1713.9756,148.0185,118.0,213.2704,0,17,207.85857,208.077897,True,92-100-87|47-49-64-63-90-32-70|39-23-41-22-40-58|27-11-81-33-3-77-68-80|76-79-78-34-35-65-66-50|48-88-31-10-20-1|59-99-5-84-17-45-46-8-83-60-96|61-86-38-44-57-56-4|51-71-9-24-54-37|29-98-91-16-85-93|15-25-55|2-43-14-97|42-95-74-72-21-26-53-89|28-36-82-52|7-19-18-6-94-13|69-30-62|12-67-75-73
353,16,1726.773,102.8162,150.0,209.8107,0,16,211.697812,211.91658,True,47-49-64-63-32-70|39-23-41-73-40-58|27-31-62-11-30-81-3-77-68|28-76-79-78-34-35-65-66-50|48-88-10-20-1|59-99-5-84-17-45-83-60-89|61-86-38-44-14-56-4|29-95-100-91-16-85-93-96|15-22-25-55|42-57-74-21-26-53|82-36-46-8-6|12-24-13-37-98-92|69-90-9-33-80-54|52-7-18-94-97-87-2-43|72-75-19|51-71-67
354,16,1726.773,102.8162,150.0,209.8107,0,16,211.697812,211.91658,True,47-49-64-63-32-70|39-23-41-73-40-58|27-31-62-11-30-81-3-77-68|28-76-79-78-34-35-65-66-50|48-88-10-20-1|59-99-5-84-17-45-83-60-89|61-86-38-44-14-56-4|29-95-100-91-16-85-93-96|15-22-25-55|42-57-74-21-26-53|82-36-46-8-6|12-24-13-37-98-92|69-90-9-33-80-54|52-7-18-94-97-87-2-43|72-75-19|51-71-67
355,16,1726.773,102.8162,150.0,209.8107,0,16,211.697812,211.91658,True,47-49-64-63-32-70|39-23-41-73-40-58|27-31-62-11-30-81-3-77-68|28-76-79-78-34-35-65-66-50|48-88-10-20-1|59-99-5-84-17-45-83-60-89|61-86-38-44-14-56-4|29-95-100-91-16-85-93-96|15-22-25-55|42-57-74-21-26-53|82-36-46-8-6|12-24-13-37-98-92|69-90-9-33-80-54|52-7-18-94-97-87-2-43|72-75-19|51-71-67
356,16,1748.4114,122.1557,92.0,219.9824,0,16,218.189331,218.413216,True,98-40-56-23-67-39-25-4|47-36-49-64-11-63-90-32-70|9-33-68-80-24-54-26|21-73-72-75-22-15-37-58|28-79-78-71-65-20|52-7-82-48-10-62-88|83-18-8-46-45-17-84-5-60|16-38-43-87-59-99-93-91|27-69-51-53|29-12-61-86-97-13|2-42-14-100-85-96-95-6|41-30-31-1-89|92-55-34-3-77-50|76-74-57-44|94-66-35|19-81
357,19,1754.826,324.9326,86.0,201.3599,0,19,220.113698,220.367431,True,21-75-56-39-25-55-4|6-94-95-97-13|47-49-63-90-70|12-80-68-24-54|53-40-73-72-74-22-58|27-69-51-81-33-3-77|28-76-79-78-34-35-20|52-7-82-48-62-88|2-42-37-98-93-59-96|99-5-84-45-8-83-60-89|92-100-91-86-16|19-38-14-15|61-85-43-23-26|30-71-32-64-10|44-87-50|36-46-17-11-1|57-41-67|31-66-65-9|18-29
358,18,1755.6505,244.8879,111.0,198.5001,0,18,220.361054,220.604798,True,21-72-75-56-23-67-39-55|6-94-87-13|47-49-64-11-32-70|71-24-68-80-26|53-73-74-41|27-30-51-81-33-3-77-50|28-76-78-34-35-65-66-20|52-7-82-48-19-62|15-37-85-59|99-5-17-45-83-60-89|92-61-86-38-14-44-91-100|9-25-4|16-43-57-93-84|90-8-96-58|69-46-40-95-97|42-98-54-12-1|31-88-18-36-63-10|79-29-22-2
359,19,1758.55,177.7003,157.0,204.4768,0,19,221.2309,221.471233,True,42-15-23-39-25-55-4|47-32-70|33-81-3-77-68-29-24-54-26|21-73-72-74-75-22-41-58|28-76-79-78-34-35-71-50-1|63-90|59-99-5-84-17-45-8-83-60-89|92-98-85-61-16-86-14-91-100-37|80-40-97-13|31-7-95-87|62-19-48-18-6-94-53|52|51-9-65-66|12-69-27-93-96|44-82-36-49|88-64-30-10-46|2-57-43-67-56|20-11|38
360,18,1758.8876,278.152,93.0,197.1788,0,18,221.332192,221.579899,True,21-72-75-56-55|52-18-6-94-87-13|82-47-36-49-63-70|68-80-24-54-26|53-73-74-22-58|27-69-9-81-33-77-50|76-79-35-65-66-20-1|31-88-10-11-19-48|2-57-42-100-37-59|99-5-17-45-46-8-83-60-89|92-14-86-61-85-98|40-95-97-93-84-96|28-51-71-34-78-29-3|44-7-64-32|30-23-39-15|12-25-4-41-43|62-38-16-91|90-67
361,18,1789.2829,225.5435,99.0,199.1767,0,18,230.450763,230.700597,True,21-72-75-56-23-25-55-54|27-6-94-95-97-13|47-36-49-63-90-70|53-73-74-22-58|12-35-66-20-50|52-7-82-48-62-88-31|2-57-15-42-37-98-93-59-96|99-5-84-45-8-83-60-89|92-100-91-16-86-61-85|69-51-9-78-79|28-76-80-68-3-33-1|11-32-81-77-10|14-38-17-18-46|30-34-29-24-26|19-71-39|40-4-41-87-43|44-67|64-65
362,17,1790.2537,214.5898,100.0,212.1241,0,17,230.742018,230.992242,True,47-49-64-63-32-70|40-73-22-23-41-97-58|27-9-81-33-3-77-68-80|76-79-78-34-35-66-50|7-88-10-31|59-99-5-84-17-45-83-60-96|95-74-72-21-26-53|92-98-6-18-82-52|69-30-51-29-24-55-4|25-67-75-15|2-57-87-100-91-16-85-93|56-28-62-48|39-12-20-89|42-14-46-36-8|90-65-71-1-54|11-61-44-38-43-13|19-86-37-94
363,16,1792.0278,142.0047,123.0,212.327,0,16,231.274243,231.516142,True,47-49-64-63-32-70|39-23-41-73-40-58|27-62-11-51-81-33-3-77-68-80|76-79-78-34-35-65-66-50|48-88-31-10-20-1|59-99-5-84-17-45-83-60-89|61-86-38-44-14-56-4|29-95-91-16-85-93-96|57-15-22-25-55|42-74-72-21-26-53|28-82-36-46-8-6|24-13-92-98-100-37|52-69-90-30-9-54|12-7-18-94-97-2-43|75-87-19|71-67
364,16,1792.0278,142.0047,123.0,212.327,0,16,231.274243,231.516142,True,47-49-64-63-32-70|39-23-41-73-40-58|27-62-11-51-81-33-3-77-68-80|76-79-78-34-35-65-66-50|48-88-31-10-20-1|59-99-5-84-17-45-83-60-89|61-86-38-44-14-56-4|29-95-91-16-85-93-96|57-15-22-25-55|42-74-72-21-26-53|28-82-36-46-8-6|24-13-92-98-100-37|52-69-90-30-9-54|12-7-18-94-97-2-43|75-87-19|71-67
365,20,1804.8796,414.7737,76.0,196.6216,0,20,235.129782,235.410596,True,21-72-25-55|36-11-63-90-70|12-68-80-54-26|53-40-73-74-22-58|27-69-51-81-33-3-77|28-76-79-78-34-35-71-20-1|52-48-62-88|2-57-15-42-37-98-59-96|5-84-45-60-89|92-100-91-16-61-6|44-14-97-95|99-39-24-29|82-47-8-83-43-13|50-17-93|85-86-46-7|87-23-56-75|31-4-67-41|18-38-94|64-32-66-65-9|30-10-49-19
366,19,1806.1273,361.7659,71.0,203.6295,0,19,235.504094,235.777582,True,75-56-39-67-55-4|6-94-97-87-13|47-36-49-64-63-32-70|12-29-68|53-40-72-74-22-41-58|69-51-81-50|28-76-79-78-71-20-1|52-7-88-10|15-42-37-85-96|99-45-46-8-83-60-89|92-100-14-38-86-16-91|77-17-5|18-90-30-33-24|57-21-25-54-80-3|27-2-98-59-48-11|35-9-62-82|19-84-61-93-43|44-95-73-23-26|31-66-65-34
367,17,1821.8916,268.1653,80.0,208.327,0,17,240.233386,240.498568,True,6-95-97-87-43-42-13|82-47-36-49-64-63-90-70-1|40-73-41-22-39|69-11-30-33-3-77-68-80|28-76-34-35-65-66|52-7-48-19-62-31-20|46-45-17-84-60-96-89|86-44-72-56-4|12-54-24-9|29-91-16-85-93|21-15-67-25-55-26|50-92-37-100-14|5-99-59-94-74-58|27-78-79-51-71-32-10|23-75-53-18-83|88-8-98-57-2|38-61-81
368,20,1830.0281,345.7669,99.0,192.6394,0,20,242.674336,242.954046,True,21-72-75-56-25-55|36-63-90-70|12-80-68-24-54-26|53-40-73-74-22-58|27-69-51-81-33-3-77|28-76-79-78-34-35-71-20-1|52-48-62-88|2-57-15-42-37-98-93-59-96|8-45-84-5-60-89|92-100-91-16-61-85-6|11|44-14-97-95-94|50-65-66|41-87-13-47|39-30-32-10|99-82-7-19-64|31-18-46-17|9-29-67-23|83-86-38-43-4|49
369,17,1830.9064,219.7245,85.0,213.6131,0,17,242.937808,243.199722,True,73-56-23-67-25-55-54|18-6-94-95-97|47-49-64-63-90-32-20|12-3-29-24-4-72|51-81-79-34-71-65-66|7-19-11-9-77-50|57-15-43-42-100-37-92-59|99-5-84-45-8-60-89|98-61-16-86-38-14-91|27-53-40-74-22-41-58|31-78-68-76-1-70-10|52-36-46-21-93|28-33-35-17-96|88-83-13-26-80|2-44-87-69-48|30-82-85|62-39-75
370,17,1848.4922,126.9346,118.0,208.4941,0,17,248.213557,248.46936,True,92-100-43-87-97|47-49-64-63-32-70|39-23-41-22-73-40-58|27-11-81-33-3-77-68-80|76-79-78-34-35-65-66-50|48-7-88-31-10-20|59-99-5-84-17-45-46-83-60-96|61-86-38-44-56-4|9-71-24-54-37|29-57-91-16-85-93|15-25-55|2-14|95-42-89-53-26-21-72-74|28-6-52-82-36-1|19-8-18-94-13|69-90-62-30-51|98-12-67-75
371,19,1850.0348,363.2219,70.0,213.0182,0,19,248.676344,248.964532,True,21-72-75-56-25-55-4|6-94-95-97-13|47-49-63-90-70|12-80-68-24-54|53-40-73-74-22-58|27-69-51-81-33-3-77|28-76-79-78-34-35-66-20|52-7-48-62-88|2-57-15-42-37-98-93-59-96|5-84-45-8-83-60-89|92-100-16-61-85|11-91-44-38-14-43|23-39-19-50|41-29-1-26|31-9-71-46|99-18-82-36-17|10-64-32|30-65-67|87-86
372,19,1878.4738,241.5257,78.0,206.1411,0,19,257.208042,257.486275,True,40-75-39-25-54-26|6-95-87-53|47-36-49-64-63-90-32-70|28-24-23|27-30-51-3-77-50|76-78-34-35-65-71|19-48-7-88-31-1|73-2-57-15-42-100-37-59-96|99-5-17-45-46-83-60-89|61-38-44-91-93|41-67-72|12-29-9-20-33-58|98-74-4-55-80-68|8-84-97-56|82-14-16-94|69-52-92-13-21-22-43|18-11-10-66|62-81-79-85|86
373,18,1900.4114,329.2147,67.0,213.2386,0,18,263.789322,264.086955,True,21-72-75-67-4|18-83-86-22-58|27-1-20-51-81-33|28-76-79-78-35-65-50|88-7-82-19-62-10-90-70|44-16-61-84-45-46-8-5|98-38-17-96-95|12-26-2-85-97-13|43-14-91-100-37|39-56-6-60-48|99-93-59-25-55-54|42-57-74-80-29-3-77|69-30-31-87-15-41|73-92-94-89|52-64-9-34-24-68|71-32-36-47|66-63-11-49|53-40-23
374,18,1900.4114,329.2147,67.0,213.2386,0,18,263.789322,264.086955,True,21-72-75-67-4|18-83-86-22-58|27-1-20-51-81-33|28-76-79-78-35-65-50|88-7-82-19-62-10-90-70|44-16-61-84-45-46-8-5|98-38-17-96-95|12-26-2-85-97-13|43-14-91-100-37|39-56-6-60-48|99-93-59-25-55-54|42-57-74-80-29-3-77|69-30-31-87-15-41|73-92-94-89|52-64-9-34-24-68|71-32-36-47|66-63-11-49|53-40-23
375,19,1911.7834,303.0961,64.0,218.348,0,19,267.200921,267.498814,True,56-39-67-25-55-4|18-6-95-97-87-13|47-49-64-11-90-32-70|29-12-26|44-41-22-74-40-58|33-81-77|28-79-78-35-71-20|7-82-19-62-88-31-10|15-43-37-98-93|99-5-60-83-8-89|92-61-16-38-14-91-100|76-50-68-80-54|21-24-34-9-63|75-2-53-84-36|45-59-57-73-23|69-52-48-17|72-96-42-94-1|51-30-85-86-46|27-65-66-3
376,19,1930.8172,131.1879,106.0,202.8297,0,19,272.91106,273.190749,True,87-43-100-92-97|39-23-41-22-73-40-58|27-33-81-3-77-68-80|76-79-78-34-35-65|59-99-5-84-17-45-46-83-60-96|61-86-38-44-56-4|71-24-54-37|29-57-91-16-85-93|15-25-55|2-14|42-95-74-72-21-26-53-89|28-36-6|18-8-94-13|98-12-67-75|70-66-32-10-62|31-7-19-64-47-48|52-63-90-20-51-1|82-69-30-9-50|88-11-49
377,18,1940.2041,198.6446,122.0,201.3542,0,18,275.727117,276.020819,True,21-73-72-56-23-67-25-55|52-82-18-6-94-13-41|27-7-11-1-81-79-3-80|30-66-34-51-70|5-84-17-8-83-60-89|98-61-16-86-14-100-37-92-58|28-53-43-85-96|47-36-49-64-63|95-42-57-40-26-54-24-68|29-9-71-90-19-48|33-62|91-15-22-39|31-78-77-12-4-74|2-93-99-32-20|69-35-50-88-10|76-75-38-44-97|87-59-45-46|65
378,21,1949.4803,422.3086,89.0,194.732,0,21,278.50998,278.836622,True,21-72-75-25-55|6-94-95-97-13|47-49-63-90-70|12-80-68-24-54|40-73-74-22-58|27-69-51-81-33-3-77|28-76-79-78-34-35-66-20|52-48-62-88|2-57-15-42-37-98-93-96|5-84-45-8-83-60-89|92-100-16-61-85-59|29-23-17|14-46-36-7|31-91-43-56-4|30-71-64-19-10|82-1-53|50-9-65|11-18-44|26-67-39|99-86-38-41|87-32
379,22,2001.2604,518.1323,71.0,193.6073,0,22,294.044014,294.398894,True,75-23-67-39|47-36-49-64-90-32-70|40-74-58|77-33-9-51-50|28-78-34-35-71-66-20|7-19-62-10-27|15-43-37-59|18-8-46-84-60|86-38-44-91|21-87-100-93|17-61-53-26|16-31-79|72-22-56-25-55-4|6-92-98-14-5-45|11-65-3|2-88-63-69-1|68-30-48|89-83-96-94-13|85-42-57-41-54|52-82-95-12-24-29|99-97-73-80|76-81
380,23,2076.2509,383.4356,126.0,192.3981,0,23,316.541178,316.90397,True,47-49-64-63-32-70|40-23-73-58|27-31-62-30-81-3-77|28-76-79-78-34-35-66-50|88-10-1|59-99-5-84-17-45-83-60-89|61-86-44-14-56-4|95-100-91-85-93-96|22-25-55|57-74-21-26-53|82-46-8-6|12-13-37-98-92|69-33-80|52-18-94-97-87|72|51|68-24-42|11-16-15-41|48-36-19-90|38-43-39|2-29-71-9-20|7-75-67-54|65
381,23,2076.2509,383.4356,126.0,192.3981,0,23,316.541178,316.90397,True,47-49-64-63-32-70|40-23-73-58|27-31-62-30-81-3-77|28-76-79-78-34-35-66-50|88-10-1|59-99-5-84-17-45-83-60-89|61-86-44-14-56-4|95-100-91-85-93-96|22-25-55|57-74-21-26-53|82-46-8-6|12-13-37-98-92|69-33-80|52-18-94-97-87|72|51|68-24-42|11-16-15-41|48-36-19-90|38-43-39|2-29-71-9-20|7-75-67-54|65
382,23,2246.2035,271.355,88.0,198.1489,0,23,367.526962,367.92099,True,87-43-92-97|47-49-64-63-32-70|39-41-73-40-58|27-11-33-77-68-80|79-78-34-35-65-66|7-10-20|59-5-17-45-46-60-96|86-38-44-56-4|9-24-54-37|29-57-91-16-85-93|15-25-55|14|95-42-74-72-21-26|6-52-36-1|19-8-18|69-90-51|67-75|2-100-98-84-82-89|83-13-53-76-50|88-28-3-81-12|48-30-71|23-22-99-94|31-62-61
383,25,2475.0639,300.6219,94.0,195.3103,0,25,436.18507,436.652921,True,92-100-97|47-49-64-63-32-70|39-23-22-58|27-11-3-77-68|79-78-34-66|48-10-31|59-99-5-84-17-46-83|86-38-44-56|9-24-54-37|91-16-85-93|15-55|14|95-42-87-74-21-26-53|28-36-18-6|19-8-94-13|69-62|67-75|2-98-60-76-51|90-52-89-73-41|88-29-72-57|40-12-80-33-50-1|30-7-45-96|4-81-20|82-43-25|61-71-65-35
