Rank,Z1_Vehicles,Z2_Distance,Z3_WaitTime,Z4_LoadBalance,Z5_Makespan,Unserved,Num_Routes,ASF,ASF_aug,In_ROI,Routes
1,10,958.3599,202.4339,105.0,228.6267,0,10,23.674766,23.692875,True,6-96-99-5-84-17-61-85-93-59-94|95-92-98-44-14-38-86-16-91-100-37-97|2-57-15-43-42-87-13-58|53-40-21-4-74-22-41|73-72-75-56-23-67-39-55-25-54-26|28-12-80-76-3-79-78-34-29-24-68-77|50-33-81-51-9-35-71-65-66-20|27-69-1-70-30-32-90-63-10-31|18-7-82-8-46-45-83-60-89|52-88-62-19-11-64-49-36-47-48
2,10,958.3599,202.4339,105.0,228.6267,0,10,23.674766,23.692875,True,6-96-99-5-84-17-61-85-93-59-94|95-92-98-44-14-38-86-16-91-100-37-97|2-57-15-43-42-87-13-58|53-40-21-4-74-22-41|73-72-75-56-23-67-39-55-25-54-26|28-12-80-76-3-79-78-34-29-24-68-77|50-33-81-51-9-35-71-65-66-20|27-69-1-70-30-32-90-63-10-31|18-7-82-8-46-45-83-60-89|52-88-62-19-11-64-49-36-47-48
3,10,961.3873,217.9451,98.0,228.6267,0,10,26.001441,26.022085,True,6-96-99-5-84-17-61-85-93-59-94|95-92-98-44-14-38-86-16-91-100-37-97|2-57-15-43-42-87-13-58|53-40-41-22-74-73-21-26|72-75-56-23-67-39-55-4-25-54|28-12-80-76-3-79-78-34-29-24-68-77|50-33-81-51-9-35-71-65-66-20|27-69-1-70-30-32-90-63-10-31|52-7-82-8-46-45-83-60-18-89|88-62-19-11-64-49-36-47-48
4,10,961.3873,217.9451,98.0,228.6267,0,10,26.001441,26.022085,True,6-96-99-5-84-17-61-85-93-59-94|95-92-98-44-14-38-86-16-91-100-37-97|2-57-15-43-42-87-13-58|53-40-41-22-74-73-21-26|72-75-56-23-67-39-55-4-25-54|28-12-80-76-3-79-78-34-29-24-68-77|50-33-81-51-9-35-71-65-66-20|27-69-1-70-30-32-90-63-10-31|52-7-82-8-46-45-83-60-18-89|88-62-19-11-64-49-36-47-48
5,10,961.6562,202.2132,101.0,228.6267,0,10,23.641657,23.660322,True,6-96-99-5-84-17-61-85-93-59-94|95-92-98-44-14-38-86-16-91-100-37-97|2-57-15-43-42-87-13-58|53-40-41-22-74-73-21-26|72-75-56-23-67-39-55-4-25-54|28-12-80-76-3-79-78-34-29-24-68-77|50-33-81-51-9-35-71-65-66-20|27-69-1-70-30-32-90-63-10-31|18-7-82-8-46-45-83-60-89|52-88-62-19-11-64-49-36-47-48
6,10,961.7421,201.7438,101.0,228.2433,0,10,23.571255,23.589817,True,6-96-99-5-84-17-61-85-93-59-94|95-92-98-44-14-38-86-16-91-100-37-97|2-57-15-43-42-87-13-58|53-40-41-22-74-73-21-26|72-75-56-23-67-39-55-4-25-54|12-80-68-76-3-79-78-34-29-24-77-28|50-33-81-51-9-35-71-65-66-20|27-69-1-70-30-32-90-63-10-31|18-7-82-8-46-45-83-60-89|52-88-62-19-11-64-49-36-47-48
7,10,963.6554,196.3924,98.0,228.6267,0,10,22.768533,22.786624,True,6-96-99-5-84-17-61-85-93-59-94|95-92-98-44-14-38-86-16-91-100-37-97|2-57-15-43-42-87-13-58|53-40-41-22-74-73-21-26|72-75-56-23-67-39-55-4-25-54|28-12-80-76-3-79-78-34-29-24-68-77|50-33-81-51-9-35-71-65-66-20|27-69-1-70-30-32-90-63-10-31|52-7-82-46-8-45-83-60-18-89|88-62-19-11-64-49-36-47-48
8,10,963.6554,196.3924,98.0,228.6267,0,10,22.768533,22.786624,True,6-96-99-5-84-17-61-85-93-59-94|95-92-98-44-14-38-86-16-91-100-37-97|2-57-15-43-42-87-13-58|53-40-41-22-74-73-21-26|72-75-56-23-67-39-55-4-25-54|28-12-80-76-3-79-78-34-29-24-68-77|50-33-81-51-9-35-71-65-66-20|27-69-1-70-30-32-90-63-10-31|52-7-82-46-8-45-83-60-18-89|88-62-19-11-64-49-36-47-48
9,10,963.9242,185.2586,101.0,228.6267,0,10,21.098477,21.115279,True,6-96-99-5-84-17-61-85-93-59-94|95-92-98-44-14-38-86-16-91-100-37-97|2-57-15-43-42-87-13-58|53-40-41-22-74-73-21-26|72-75-56-23-67-39-55-4-25-54|28-12-80-76-3-79-78-34-29-24-68-77|50-33-81-51-9-35-71-65-66-20|27-69-1-70-30-32-90-63-10-31|18-7-82-46-8-45-83-60-89|52-88-62-19-11-64-49-36-47-48
10,10,965.9142,202.2132,97.0,228.6267,0,10,23.641657,23.661199,True,6-96-99-5-84-61-85-93-59-94|95-92-37-44-14-38-86-16-91-100-98-97|2-57-15-43-42-87-13-58|53-40-41-22-74-73-21-26|72-75-56-23-67-39-55-4-25-54|28-12-80-76-3-79-78-34-29-24-68-77|50-33-81-51-9-35-71-65-66-20|27-69-1-70-30-32-90-63-10-31|18-7-82-8-46-45-17-83-60-89|52-88-62-19-11-64-49-36-47-48
11,10,965.9142,202.2132,97.0,228.6267,0,10,23.641657,23.661199,True,6-96-99-5-84-61-85-93-59-94|95-92-37-44-14-38-86-16-91-100-98-97|2-57-15-43-42-87-13-58|53-40-41-22-74-73-21-26|72-75-56-23-67-39-55-4-25-54|28-12-80-76-3-79-78-34-29-24-68-77|50-33-81-51-9-35-71-65-66-20|27-69-1-70-30-32-90-63-10-31|18-7-82-8-46-45-17-83-60-89|52-88-62-19-11-64-49-36-47-48
12,10,966.7441,182.4388,101.0,228.6267,0,10,20.675492,20.692717,True,6-96-99-5-84-17-61-85-93-59-94|95-92-98-44-14-38-86-16-91-100-37-97|2-57-15-43-42-87-13-58|53-40-41-22-74-73-21-26|72-75-56-23-67-39-55-4-25-54|28-12-80-76-3-79-78-34-29-24-68-77|50-81-33-51-9-35-71-65-66-20|27-69-1-70-30-32-90-63-10-31|18-7-82-46-8-45-83-60-89|52-88-62-19-11-64-49-36-47-48
13,10,966.7441,182.4388,101.0,228.6267,0,10,20.675492,20.692717,True,6-96-99-5-84-17-61-85-93-59-94|95-92-98-44-14-38-86-16-91-100-37-97|2-57-15-43-42-87-13-58|53-40-41-22-74-73-21-26|72-75-56-23-67-39-55-4-25-54|28-12-80-76-3-79-78-34-29-24-68-77|50-81-33-51-9-35-71-65-66-20|27-69-1-70-30-32-90-63-10-31|18-7-82-46-8-45-83-60-89|52-88-62-19-11-64-49-36-47-48
14,10,966.8111,185.2586,98.0,228.6267,0,10,21.098477,21.115845,True,6-96-99-5-84-17-61-85-93-59-94|95-92-98-44-14-38-86-16-91-100-37-97|2-57-15-43-42-87-13-58|53-40-41-22-74-73-21-26|72-75-56-23-67-39-55-4-25-54|28-12-80-76-3-79-78-34-29-24-68-77|50-33-81-51-9-35-71-65-66-20|27-69-1-70-30-32-90-63-10-31|18-82-19-46-8-45-83-60-89|52-88-62-11-64-49-36-47-48-7
15,10,966.8111,185.2586,98.0,228.6267,0,10,21.098477,21.115845,True,6-96-99-5-84-17-61-85-93-59-94|95-92-98-44-14-38-86-16-91-100-37-97|2-57-15-43-42-87-13-58|53-40-41-22-74-73-21-26|72-75-56-23-67-39-55-4-25-54|28-12-80-76-3-79-78-34-29-24-68-77|50-33-81-51-9-35-71-65-66-20|27-69-1-70-30-32-90-63-10-31|18-82-19-46-8-45-83-60-89|52-88-62-11-64-49-36-47-48-7
16,10,967.59,212.09,92.0,228.6904,0,10,25.123176,25.144212,True,6-96-99-5-84-17-61-85-93-59-94|95-92-98-44-14-38-86-16-91-100-37-97|2-57-15-43-42-87-13-58|53-40-21-73-72-74-22-41|26-75-56-23-67-39-55-4-25-54|28-12-80-76-3-79-78-34-29-24-68-77|50-33-81-35-9-71-65-66-20-51|27-69-1-70-30-32-90-63-10-31|52-7-82-8-46-45-83-60-18-89|88-62-19-11-64-49-36-47-48
17,10,967.59,212.09,92.0,228.6904,0,10,25.123176,25.144212,True,6-96-99-5-84-17-61-85-93-59-94|95-92-98-44-14-38-86-16-91-100-37-97|2-57-15-43-42-87-13-58|53-40-21-73-72-74-22-41|26-75-56-23-67-39-55-4-25-54|28-12-80-76-3-79-78-34-29-24-68-77|50-33-81-35-9-71-65-66-20-51|27-69-1-70-30-32-90-63-10-31|52-7-82-8-46-45-83-60-18-89|88-62-19-11-64-49-36-47-48
18,10,968.0656,179.4035,112.0,228.6267,0,10,20.220211,20.238477,True,6-96-99-5-84-17-61-85-93-59-94|95-92-98-44-14-38-86-16-91-100-37-97|2-57-15-43-42-87-13-58|53-40-41-22-74-73-21-26|72-75-56-23-67-39-55-4-25-54|28-12-80-76-3-79-78-34-29-24-68-77|50-33-81-35-9-71-65-66-20-51|27-69-1-70-30-32-90-63-10-31|7-19-46-8-45-83-60-89|52-88-62-11-64-49-36-47-48-82-18
19,10,968.1768,209.561,92.0,228.6904,0,10,24.743823,24.764655,True,6-96-99-5-84-17-61-85-93-59-94|95-92-98-44-14-38-86-16-91-100-37-97|2-57-15-43-42-87-13-58|53-40-21-73-72-74-22-41|26-75-56-23-67-39-55-4-25-54|28-12-80-68-76-3-79-78-34-29-24-77|50-33-81-35-9-71-65-66-20-51|27-69-1-70-30-32-90-63-10-31|52-7-82-8-46-45-83-60-18-89|88-62-19-11-64-49-36-47-48
20,10,968.1768,209.561,92.0,228.6904,0,10,24.743823,24.764655,True,6-96-99-5-84-17-61-85-93-59-94|95-92-98-44-14-38-86-16-91-100-37-97|2-57-15-43-42-87-13-58|53-40-21-73-72-74-22-41|26-75-56-23-67-39-55-4-25-54|28-12-80-68-76-3-79-78-34-29-24-77|50-33-81-35-9-71-65-66-20-51|27-69-1-70-30-32-90-63-10-31|52-7-82-8-46-45-83-60-18-89|88-62-19-11-64-49-36-47-48
21,10,969.9563,176.533,112.0,228.6267,0,10,19.789633,19.808035,True,94-96-99-59-93-84-17-5-6|92-98-91-44-14-38-86-16-61-85-100-37|2-57-15-43-42-87-97-95-13-58|53-40-41-22-74-73-21-26|72-75-56-23-67-39-55-4-25-54|28-12-80-76-3-79-78-34-29-24-68-77|50-33-81-51-9-35-71-65-66-20|27-69-1-70-30-32-90-63-10-31|18-7-82-8-46-45-83-60-89|52-88-62-19-11-64-49-36-47-48
22,10,970.8387,159.5785,121.0,228.6267,0,10,17.246452,17.263476,True,94-96-99-59-93-84-5-6|92-98-91-44-14-38-86-16-61-85-100-37|2-57-15-43-42-87-97-95-13-58|53-40-41-22-74-73-21-26|72-75-56-23-67-39-55-4-25-54|28-12-80-76-3-79-78-34-29-24-68-77|50-33-81-51-9-35-71-65-66-20|27-69-1-70-30-32-90-63-10-31|7-19-46-8-45-17-83-60-89|52-88-62-11-64-49-36-47-48-82-18
23,10,970.8387,159.5785,121.0,228.6267,0,10,17.246452,17.263476,True,94-96-99-59-93-84-5-6|92-98-91-44-14-38-86-16-61-85-100-37|2-57-15-43-42-87-97-95-13-58|53-40-41-22-74-73-21-26|72-75-56-23-67-39-55-4-25-54|28-12-80-76-3-79-78-34-29-24-68-77|50-33-81-51-9-35-71-65-66-20|27-69-1-70-30-32-90-63-10-31|7-19-46-8-45-17-83-60-89|52-88-62-11-64-49-36-47-48-82-18
24,10,970.9538,165.5103,109.0,228.6267,0,10,18.136221,18.15297,True,94-96-59-93-99-17-84-5-6|92-98-91-44-14-38-86-16-61-85-100-37|2-57-15-43-42-87-97-95-13-58|53-40-41-22-74-73-21-26|72-75-56-23-67-39-55-4-25-54|28-12-80-76-3-79-78-34-29-24-68-77|50-33-81-51-9-35-71-65-66-20|27-69-1-70-30-32-90-63-10-31|52-7-82-8-46-45-83-60-18-89|88-62-19-11-64-49-36-47-48
25,10,970.9538,165.5103,109.0,228.6267,0,10,18.136221,18.15297,True,94-96-59-93-99-17-84-5-6|92-98-91-44-14-38-86-16-61-85-100-37|2-57-15-43-42-87-97-95-13-58|53-40-41-22-74-73-21-26|72-75-56-23-67-39-55-4-25-54|28-12-80-76-3-79-78-34-29-24-68-77|50-33-81-51-9-35-71-65-66-20|27-69-1-70-30-32-90-63-10-31|52-7-82-8-46-45-83-60-18-89|88-62-19-11-64-49-36-47-48
26,10,971.2649,190.5373,90.0,228.6904,0,10,21.890268,21.908973,True,6-96-99-5-84-17-61-85-93-59-94|95-92-98-44-14-38-86-16-91-100-37-97|2-57-15-43-42-87-13-58|53-40-73-41-22-74-72-21|26-75-56-23-67-39-55-4-25-54|28-12-80-76-3-79-78-34-29-24-68-77|50-33-81-35-9-71-65-66-20-51|27-69-1-70-30-32-90-63-10-31|18-82-19-46-8-45-83-60-89|88-62-11-64-49-36-47-48-7-52
27,10,971.2649,190.5373,90.0,228.6904,0,10,21.890268,21.908973,True,6-96-99-5-84-17-61-85-93-59-94|95-92-98-44-14-38-86-16-91-100-37-97|2-57-15-43-42-87-13-58|53-40-73-41-22-74-72-21|26-75-56-23-67-39-55-4-25-54|28-12-80-76-3-79-78-34-29-24-68-77|50-33-81-35-9-71-65-66-20-51|27-69-1-70-30-32-90-63-10-31|18-82-19-46-8-45-83-60-89|88-62-11-64-49-36-47-48-7-52
28,10,971.5739,179.4035,100.0,228.6267,0,10,20.220211,20.23833,True,6-96-99-5-84-17-61-85-93-59-94|95-92-98-44-14-38-86-16-91-100-37-97|2-57-15-43-42-87-13-58|53-40-41-22-74-73-21-26|72-75-56-23-67-39-55-4-25-54|28-12-80-76-3-79-78-34-29-24-68-77|50-33-81-35-9-71-65-66-20-51|27-69-1-70-30-32-90-63-10-31|18-7-19-46-8-45-83-60-89|52-88-62-11-64-49-36-47-48-82
29,10,971.7802,179.4035,98.0,228.6267,0,10,20.220211,20.238192,True,6-96-99-5-84-17-61-85-93-59-94|95-92-98-44-14-38-86-16-91-100-37-97|53-40-41-22-74-73-21-26|28-12-80-76-3-79-78-34-29-24-68-77|50-33-81-35-9-71-65-66-20-51|27-69-1-70-30-32-90-63-10-31|52-88-62-11-64-49-36-47-48-7|2-57-15-43-42-87-13-58|72-75-56-23-67-39-55-4-25-54|18-82-19-46-8-45-83-60-89
30,10,971.7861,177.7203,100.0,228.6267,0,10,19.967724,19.985653,True,6-96-59-99-93-85-84-17-5-60-89|92-98-91-44-14-38-86-16-61-100-37-97|2-57-15-43-42-87-95-94-13-58|53-40-41-22-74-73-21-26|72-75-56-23-67-39-55-4-25-54|28-12-80-76-3-79-78-34-29-24-68-77|50-33-81-51-9-35-71-65-66-20|27-69-1-70-30-32-90-63-10-31|52-7-82-8-46-45-83-18|88-62-19-11-64-49-36-47-48
31,10,971.8662,178.9342,98.0,228.2433,0,10,20.149809,20.167687,True,6-96-99-5-84-17-61-85-93-59-94|95-92-98-44-14-38-86-16-91-100-37-97|2-57-15-43-42-87-13-58|53-40-41-22-74-73-21-26|72-75-56-23-67-39-55-4-25-54|12-80-68-76-3-79-78-34-29-24-77-28|50-33-81-35-9-71-65-66-20-51|27-69-1-70-30-32-90-63-10-31|18-82-19-46-8-45-83-60-89|52-88-62-11-64-49-36-47-48-7
32,10,971.8662,178.9342,98.0,228.2433,0,10,20.149809,20.167687,True,6-96-99-5-84-17-61-85-93-59-94|95-92-98-44-14-38-86-16-91-100-37-97|2-57-15-43-42-87-13-58|53-40-41-22-74-73-21-26|72-75-56-23-67-39-55-4-25-54|12-80-68-76-3-79-78-34-29-24-77-28|50-33-81-35-9-71-65-66-20-51|27-69-1-70-30-32-90-63-10-31|18-82-19-46-8-45-83-60-89|52-88-62-11-64-49-36-47-48-7
33,10,971.952,194.8694,101.0,227.6063,0,10,22.540088,22.560587,True,6-96-99-5-84-17-61-85-93-59-94|95-92-98-44-14-38-86-16-91-100-37-97|2-57-15-43-42-87-13-58|53-40-41-22-74-73-21-26|72-75-56-23-67-39-55-4-25-54|12-68-3-76-79-78-34-29-24-80-77|50-33-81-51-9-35-71-65-66-20|28-69-1-70-30-32-90-63-10-31-27|18-7-82-8-46-45-83-60-89|52-88-62-19-11-64-49-36-47-48
34,10,971.952,194.8694,101.0,227.6063,0,10,22.540088,22.560587,True,6-96-99-5-84-17-61-85-93-59-94|95-92-98-44-14-38-86-16-91-100-37-97|2-57-15-43-42-87-13-58|53-40-41-22-74-73-21-26|72-75-56-23-67-39-55-4-25-54|12-68-3-76-79-78-34-29-24-80-77|50-33-81-51-9-35-71-65-66-20|28-69-1-70-30-32-90-63-10-31-27|18-7-82-8-46-45-83-60-89|52-88-62-19-11-64-49-36-47-48
35,10,972.5313,165.0619,110.0,228.6267,0,10,18.068971,18.086225,True,94-96-99-59-93-84-5-6|92-98-91-44-14-38-86-16-61-85-100-37|2-57-15-43-42-87-97-95-13-58|53-40-41-22-74-73-21-26|72-75-56-23-67-39-55-4-25-54|28-12-80-76-3-79-78-34-29-24-68-77|50-33-81-51-9-35-71-65-66-20|27-69-1-70-30-32-90-63-10-31|7-82-46-8-45-17-83-60-18-89|52-88-62-19-11-64-49-36-47-48
36,10,972.9185,143.2792,175.0,228.6267,0,10,14.801557,14.82216,True,6-96-99-5-84-17-61-85-93-59-94|95-92-98-44-14-38-86-16-91-100-37-97|72-75-56-23-67-39-55-4-25-54|28-12-80-76-3-79-78-34-29-24-68-77|50-33-81-51-9-35-71-65-66-20|27-69-1-70-30-32-90-63-10-31-89|52-88-62-19-11-64-49-36-47-48|2-57-15-43-42-87-41-22-74-73-21-58|18-7-82-46-8-45-83-60-13-40-26|53
37,10,972.9433,165.3297,106.0,228.6267,0,10,18.10913,18.126148,True,6-96-99-5-84-17-61-85-93-59-94|95-92-98-44-14-38-86-16-91-100-37-97|2-57-15-43-42-87-13|26-53-40-21-73-74-22-41-58|72-75-56-23-67-39-55-4-25-54|28-12-80-76-3-79-78-34-29-24-68-77|50-33-81-51-9-35-71-65-66-20|27-69-1-70-30-32-90-63-10-31|52-18-82-8-46-45-83-60-89|88-19-62-11-64-49-36-47-48-7
38,10,974.0451,221.1931,100.0,227.6063,0,10,26.488638,26.513613,True,6-96-99-5-84-17-61-85-93-59-94|95-92-98-44-14-38-86-16-91-100-37-97|2-57-15-43-42-87-13-58|53-40-41-22-74-73-21-26|72-75-56-23-67-39-55-4-25-54|28-12-76-3-79-78-34-29-24-80-68|1-51-33-81-9-35-71-65-66-20|27-69-10-63-90-32-30-70-50-77|52-7-82-8-46-45-83-60-18-89|31-88-62-19-11-64-49-36-47-48
39,10,974.0451,221.1931,100.0,227.6063,0,10,26.488638,26.513613,True,6-96-99-5-84-17-61-85-93-59-94|95-92-98-44-14-38-86-16-91-100-37-97|2-57-15-43-42-87-13-58|53-40-41-22-74-73-21-26|72-75-56-23-67-39-55-4-25-54|28-12-76-3-79-78-34-29-24-80-68|1-51-33-81-9-35-71-65-66-20|27-69-10-63-90-32-30-70-50-77|52-7-82-8-46-45-83-60-18-89|31-88-62-19-11-64-49-36-47-48
40,10,974.1225,221.1931,94.0,227.6063,0,10,26.488638,26.513037,True,6-96-99-5-84-17-61-85-93-59-94|95-92-98-44-14-38-86-16-91-100-37-97|2-57-15-43-42-87-13-58|53-40-41-22-74-72-21-26|73-75-56-23-67-39-55-4-25-54|28-12-76-3-79-78-34-29-24-80-68|1-51-33-81-9-35-71-65-66-20|27-69-10-63-90-32-30-70-50-77|52-7-82-8-46-45-83-60-18-89|31-88-62-19-11-64-49-36-47-48
41,10,974.1225,221.1931,94.0,227.6063,0,10,26.488638,26.513037,True,6-96-99-5-84-17-61-85-93-59-94|95-92-98-44-14-38-86-16-91-100-37-97|2-57-15-43-42-87-13-58|53-40-41-22-74-72-21-26|73-75-56-23-67-39-55-4-25-54|28-12-76-3-79-78-34-29-24-80-68|1-51-33-81-9-35-71-65-66-20|27-69-10-63-90-32-30-70-50-77|52-7-82-8-46-45-83-60-18-89|31-88-62-19-11-64-49-36-47-48
42,10,974.4057,164.3766,112.0,228.6267,0,10,17.966165,17.984079,True,94-96-59-93-99-17-84-5-6|92-98-14-44-38-86-16-61-85-91-100-37|2-57-15-43-42-87-97-95-13-58|53-40-41-22-74-73-21-26|72-75-56-23-67-39-55-4-25-54|28-12-80-76-3-79-78-34-29-24-68-77|50-33-81-51-9-35-71-65-66-20|27-69-1-70-30-32-90-63-10-31|7-82-8-46-45-83-60-18-89|52-88-62-19-11-64-49-36-47-48
43,10,974.5533,159.5785,109.0,228.6267,0,10,17.246452,17.263391,True,94-96-99-59-93-84-5-6|92-98-91-44-14-38-86-16-61-85-100-37|2-57-15-43-42-87-97-95-13-58|53-40-41-22-74-73-21-26|72-75-56-23-67-39-55-4-25-54|28-12-80-76-3-79-78-34-29-24-68-77|50-33-81-51-9-35-71-65-66-20|27-69-1-70-30-32-90-63-10-31|18-82-19-46-8-45-17-83-60-89|52-88-62-11-64-49-36-47-48-7
44,10,974.6318,166.4839,98.0,228.6267,0,10,18.282266,18.299164,True,6-94-96-99-5-84-17-61-85-93-59|95-92-98-44-14-38-86-16-91-100-37-97|2-57-15-43-42-87-13-58|53-40-41-22-74-73-21-26|72-75-56-23-67-39-55-4-25-54|28-12-80-76-3-79-78-34-29-24-68-77|50-33-81-35-9-71-65-66-20-51|27-69-1-70-30-32-90-63-10-31|18-82-19-46-8-45-83-60-89|52-88-62-11-64-49-36-47-48-7
45,10,974.6318,166.4839,98.0,228.6267,0,10,18.282266,18.299164,True,6-94-96-99-5-84-17-61-85-93-59|95-92-98-44-14-38-86-16-91-100-37-97|2-57-15-43-42-87-13-58|53-40-41-22-74-73-21-26|72-75-56-23-67-39-55-4-25-54|28-12-80-76-3-79-78-34-29-24-68-77|50-33-81-35-9-71-65-66-20-51|27-69-1-70-30-32-90-63-10-31|18-82-19-46-8-45-83-60-89|52-88-62-11-64-49-36-47-48-7
46,10,975.076,157.733,117.0,228.6267,0,10,16.969623,16.987242,True,6-94-96-59-93-99-17-84-5|92-98-91-44-14-38-86-16-61-85-100-37|2-57-15-43-42-87-97-95-13-58|53-40-41-22-74-73-21-26|72-75-56-23-67-39-55-4-25-54|28-12-80-76-3-79-78-34-29-24-68-77|50-33-81-51-9-35-71-65-66-20|27-69-1-70-30-32-90-63-10-88-31|18-82-8-46-45-83-60-89|52-7-62-19-11-64-49-36-47-48
47,10,976.1917,143.9233,112.0,228.6267,0,10,14.898172,14.913553,True,94-96-59-93-99-17-84-5-6|92-98-91-44-14-38-86-16-61-85-100-37|2-57-15-43-42-87-97-95-13-58|53-40-41-22-74-73-21-26|72-75-56-23-67-39-55-4-25-54|28-12-80-76-3-79-78-34-29-24-68-77|50-33-81-35-9-71-65-66-20-51|27-69-1-70-30-32-90-63-10-31|18-7-82-8-46-45-83-60-89|52-88-62-19-11-64-49-36-47-48
48,10,976.2983,203.4768,100.0,227.6063,0,10,23.831197,23.85419,True,6-96-99-5-84-17-61-85-93-59-94|95-92-98-44-14-38-86-16-91-100-37-97|2-57-15-43-42-87-13-58|53-40-41-22-74-73-21-26|72-75-56-23-67-39-55-4-25-54|28-12-76-3-79-78-34-29-24-80-68|1-51-33-81-9-35-71-65-66-20|27-69-10-63-90-32-30-70-50-77|52-18-7-82-8-46-45-83-60-89|31-88-62-19-11-64-49-36-47-48
49,10,976.2983,203.4768,100.0,227.6063,0,10,23.831197,23.85419,True,6-96-99-5-84-17-61-85-93-59-94|95-92-98-44-14-38-86-16-91-100-37-97|2-57-15-43-42-87-13-58|53-40-41-22-74-73-21-26|72-75-56-23-67-39-55-4-25-54|28-12-76-3-79-78-34-29-24-80-68|1-51-33-81-9-35-71-65-66-20|27-69-10-63-90-32-30-70-50-77|52-18-7-82-8-46-45-83-60-89|31-88-62-19-11-64-49-36-47-48
50,10,976.3775,132.8238,109.0,228.6267,0,10,13.233257,13.246729,True,94-96-59-93-99-17-84-5-6|92-98-91-44-14-38-86-16-61-85-100-37|2-57-15-43-42-87-97-95-13-58|53-40-41-22-74-73-21-26|72-75-56-23-67-39-55-4-25-54|28-12-80-76-3-79-78-34-29-24-68-77|50-33-81-51-9-35-71-65-66-20|27-69-1-70-30-32-90-63-10-31|18-82-19-46-8-45-83-60-89|52-88-62-11-64-49-36-47-48-7
51,10,976.3775,132.8238,109.0,228.6267,0,10,13.233257,13.246729,True,94-96-59-93-99-17-84-5-6|92-98-91-44-14-38-86-16-61-85-100-37|2-57-15-43-42-87-97-95-13-58|53-40-41-22-74-73-21-26|72-75-56-23-67-39-55-4-25-54|28-12-80-76-3-79-78-34-29-24-68-77|50-33-81-51-9-35-71-65-66-20|27-69-1-70-30-32-90-63-10-31|18-82-19-46-8-45-83-60-89|52-88-62-11-64-49-36-47-48-7
52,10,977.9124,159.4746,106.0,228.6267,0,10,17.230864,17.248495,True,6-96-99-5-84-17-61-85-93-59-94|95-92-98-44-14-38-86-16-91-100-37-97|2-57-15-43-42-87-13|26-53-40-21-73-74-22-41-58|72-75-56-23-67-39-55-4-25-54|28-12-80-76-3-79-78-34-29-24-68-77|50-33-81-35-9-71-65-66-20-51|27-69-1-70-30-32-90-63-10-31|52-18-82-8-46-45-83-60-89|88-19-62-11-64-49-36-47-48-7
53,10,977.9124,159.4746,106.0,228.6267,0,10,17.230864,17.248495,True,6-96-99-5-84-17-61-85-93-59-94|95-92-98-44-14-38-86-16-91-100-37-97|2-57-15-43-42-87-13|26-53-40-21-73-74-22-41-58|72-75-56-23-67-39-55-4-25-54|28-12-80-76-3-79-78-34-29-24-68-77|50-33-81-35-9-71-65-66-20-51|27-69-1-70-30-32-90-63-10-31|52-18-82-8-46-45-83-60-89|88-19-62-11-64-49-36-47-48-7
54,10,978.2853,112.4837,160.0,228.6267,0,10,10.18224,10.198333,True,94-95-97-96-99-17-84-5-93-59-13|92-37-14-44-38-86-16-61-85-91-100-98|72-75-56-23-67-39-55-4-25-54|28-12-80-76-3-79-78-34-29-24-68-77|50-33-81-51-9-35-71-65-66-20|27-69-1-70-30-32-90-63-10-88-31|52-7-62-19-11-64-49-36-47-48|2-57-15-43-42-87-41-22-74-73-21-58|6-60-83-45-46-8-82-18-89|53-40-26
55,10,978.7046,73.4064,160.0,228.6267,0,10,6.014,6.024358,True,6-94-95-59-93-99-5-84-17-97-13|92-98-91-44-14-38-86-16-61-85-100-37|72-75-56-23-67-39-55-4-25-54|28-12-80-76-3-79-78-34-29-24-68-77|50-33-81-51-9-35-71-65-66-20|27-69-1-70-30-32-90-63-10-31|52-88-62-19-11-64-49-36-47-48|2-57-15-43-42-87-41-22-74-73-21-58|89-18-7-82-8-46-45-83-60-96|26-40-53
56,10,978.7046,73.4064,160.0,228.6267,0,10,6.014,6.024358,True,6-94-95-59-93-99-5-84-17-97-13|92-98-91-44-14-38-86-16-61-85-100-37|72-75-56-23-67-39-55-4-25-54|28-12-80-76-3-79-78-34-29-24-68-77|50-33-81-51-9-35-71-65-66-20|27-69-1-70-30-32-90-63-10-31|52-88-62-19-11-64-49-36-47-48|2-57-15-43-42-87-41-22-74-73-21-58|89-18-7-82-8-46-45-83-60-96|26-40-53
57,10,980.1946,168.804,95.0,228.6267,0,10,18.63028,18.648895,True,83-17-61-85-93-99-96-95-94-6|59-92-98-44-14-38-86-16-91-100-37-97|2-57-15-43-42-87-13-58|53-40-41-22-74-73-21-26|72-75-56-23-67-39-55-4-25-54|28-12-80-76-3-79-78-34-29-24-68-77|50-33-81-51-9-35-71-65-66-20|27-69-1-70-30-32-90-63-10-31|89-18-60-5-84-8-45-46-82-7|52-88-62-19-11-64-49-36-47-48
58,10,980.1946,168.804,95.0,228.6267,0,10,18.63028,18.648895,True,83-17-61-85-93-99-96-95-94-6|59-92-98-44-14-38-86-16-91-100-37-97|2-57-15-43-42-87-13-58|53-40-41-22-74-73-21-26|72-75-56-23-67-39-55-4-25-54|28-12-80-76-3-79-78-34-29-24-68-77|50-33-81-51-9-35-71-65-66-20|27-69-1-70-30-32-90-63-10-31|89-18-60-5-84-8-45-46-82-7|52-88-62-19-11-64-49-36-47-48
59,10,980.2989,137.6331,109.0,228.2433,0,10,13.954646,13.969958,True,94-96-59-93-99-17-84-5-6|92-98-91-44-14-38-86-16-61-85-100-37|2-57-15-43-42-87-97-95-13-58|53-40-41-22-74-73-21-26|72-75-56-23-67-39-55-4-25-54|12-80-68-76-3-79-78-34-29-24-77-28|50-33-81-35-9-71-65-66-20-51|27-69-1-70-30-32-90-63-10-31|18-82-19-46-8-45-83-60-89|88-62-11-64-49-36-47-48-7-52
60,10,980.2989,137.6331,109.0,228.2433,0,10,13.954646,13.969958,True,94-96-59-93-99-17-84-5-6|92-98-91-44-14-38-86-16-61-85-100-37|2-57-15-43-42-87-97-95-13-58|53-40-41-22-74-73-21-26|72-75-56-23-67-39-55-4-25-54|12-80-68-76-3-79-78-34-29-24-77-28|50-33-81-35-9-71-65-66-20-51|27-69-1-70-30-32-90-63-10-31|18-82-19-46-8-45-83-60-89|88-62-11-64-49-36-47-48-7-52
61,10,981.1396,146.7275,108.0,228.6904,0,10,15.318799,15.335695,True,94-96-59-93-99-17-84-5-6|92-98-91-44-14-38-86-16-61-85-100-37|2-57-15-43-42-87-97-95-13-58|53-40-21-73-72-74-22-41|26-75-56-23-67-39-55-4-25-54|28-12-80-76-3-79-78-34-29-24-68-77|50-33-81-35-9-71-65-66-20-51|27-69-1-70-30-32-90-63-10-31|52-18-82-8-46-45-83-60-89|88-19-62-11-64-49-36-47-48-7
62,10,981.1403,126.9687,111.0,228.6267,0,10,12.354991,12.369214,True,94-96-59-93-99-17-84-5-6|92-98-91-44-14-38-86-16-61-85-100-37|2-57-15-43-42-87-97-95-13-58|53-40-41-22-74-73-21-26|72-75-56-23-67-39-55-4-25-54|28-12-80-76-3-79-78-34-29-24-68-77|50-33-81-35-9-71-65-66-20-51|27-69-1-70-30-32-90-63-10-31|18-7-19-46-8-45-83-60-89|52-88-62-11-64-49-36-47-48-82
63,10,981.3467,126.9687,109.0,228.6267,0,10,12.354991,12.369076,True,94-96-59-93-99-17-84-5-6|92-98-91-44-14-38-86-16-61-85-100-37|2-57-15-43-42-87-97-95-13-58|53-40-41-22-74-73-21-26|72-75-56-23-67-39-55-4-25-54|28-12-80-76-3-79-78-34-29-24-68-77|50-33-81-35-9-71-65-66-20-51|27-69-1-70-30-32-90-63-10-31|18-82-19-46-8-45-83-60-89|52-88-62-11-64-49-36-47-48-7
64,10,981.5649,126.1857,109.0,228.6267,0,10,12.237531,12.251564,True,6-96-59-93-99-17-84-5|92-98-91-44-14-38-86-16-61-85-100-37|2-57-15-43-42-87-97-95-94-13-58|53-40-41-22-74-73-21-26|72-75-56-23-67-39-55-4-25-54|28-12-80-76-3-79-78-34-29-24-68-77|50-33-81-35-9-71-65-66-20-51|27-69-1-70-30-32-90-63-10-31|18-82-19-46-8-45-83-60-89|88-62-11-64-49-36-47-48-7-52
65,10,982.1005,153.8771,105.0,228.6267,0,10,16.391246,16.409194,True,89-6-96-99-5-84-17-61-85-93-59|95-92-98-44-14-38-86-16-91-100-37-97|2-57-15-43-42-87-74-4-26|53-40-73-22-41-58|21-72-75-56-23-67-39-55-25-54-80|28-12-76-3-79-78-34-29-24-68-77|50-33-81-51-9-35-71-65-66-20|27-69-1-70-30-32-90-63-10-31|18-82-48-46-8-45-83-60-94-13|52-88-62-11-64-49-36-47-19-7
66,10,982.5802,126.9687,101.0,228.6904,0,10,12.354991,12.368656,True,94-96-59-93-99-17-84-5-6|92-98-91-44-14-38-86-16-61-85-100-37|2-57-15-43-42-87-97-95-13-58|53-40-21-73-72-74-22-41|26-75-56-23-67-39-55-4-25-54|28-12-80-76-3-79-78-34-29-24-68-77|50-33-81-35-9-71-65-66-20-51|27-69-1-70-30-32-90-63-10-31|18-82-19-46-8-45-83-60-89|52-88-62-11-64-49-36-47-48-7
67,10,982.5802,126.9687,101.0,228.6904,0,10,12.354991,12.368656,True,94-96-59-93-99-17-84-5-6|92-98-91-44-14-38-86-16-61-85-100-37|2-57-15-43-42-87-97-95-13-58|53-40-21-73-72-74-22-41|26-75-56-23-67-39-55-4-25-54|28-12-80-76-3-79-78-34-29-24-68-77|50-33-81-35-9-71-65-66-20-51|27-69-1-70-30-32-90-63-10-31|18-82-19-46-8-45-83-60-89|52-88-62-11-64-49-36-47-48-7
68,10,983.0829,119.001,109.0,228.6267,0,10,11.159836,11.173247,True,6-94-96-59-93-99-17-84-5|92-98-91-44-14-38-86-16-61-85-100-37|2-57-15-43-42-87-97-95-13-58|53-40-41-22-74-73-21-26|72-75-56-23-67-39-55-4-25-54|28-12-80-76-3-79-78-34-29-24-68-77|50-33-81-35-9-71-65-66-20-51|27-69-1-70-30-32-90-63-10-31|18-82-19-46-8-45-83-60-89|52-88-62-11-64-49-36-47-48-7
69,10,983.0829,119.001,109.0,228.6267,0,10,11.159836,11.173247,True,6-94-96-59-93-99-17-84-5|92-98-91-44-14-38-86-16-61-85-100-37|2-57-15-43-42-87-97-95-13-58|53-40-41-22-74-73-21-26|72-75-56-23-67-39-55-4-25-54|28-12-80-76-3-79-78-34-29-24-68-77|50-33-81-35-9-71-65-66-20-51|27-69-1-70-30-32-90-63-10-31|18-82-19-46-8-45-83-60-89|52-88-62-11-64-49-36-47-48-7
70,10,983.4955,166.4136,102.0,228.6267,0,10,18.27172,18.291666,True,6-96-99-5-84-17-61-85-93-59-94|95-92-98-44-14-38-86-16-91-100-37-97|2-57-15-43-42-87-73-74-4-26|53-40-22-41-13-58|21-72-75-56-23-67-39-55-25-54-80|28-12-76-3-79-78-34-29-24-68-77|50-33-81-35-9-71-65-66-20-51|27-69-1-70-30-32-90-63-10-31|18-82-48-46-8-45-83-60-89|88-62-11-64-49-36-47-19-7-52
71,10,983.6885,135.552,105.0,228.2433,0,10,13.642472,13.65809,True,89-6-96-99-5-84-17-61-85-93-59|95-92-98-44-14-38-86-16-91-100-37-97|2-57-15-43-42-87-74-4-26|53-40-73-22-41-58|21-72-75-56-23-67-39-55-25-54|12-80-68-76-3-79-78-34-29-24-77-28|50-33-81-51-9-35-71-65-66-20|27-69-1-70-30-32-90-63-10-31|18-82-48-46-8-45-83-60-94-13|52-88-62-11-64-49-36-47-19-7
72,10,983.6885,135.552,105.0,228.2433,0,10,13.642472,13.65809,True,89-6-96-99-5-84-17-61-85-93-59|95-92-98-44-14-38-86-16-91-100-37-97|2-57-15-43-42-87-74-4-26|53-40-73-22-41-58|21-72-75-56-23-67-39-55-25-54|12-80-68-76-3-79-78-34-29-24-77-28|50-33-81-51-9-35-71-65-66-20|27-69-1-70-30-32-90-63-10-31|18-82-48-46-8-45-83-60-94-13|52-88-62-11-64-49-36-47-19-7
73,10,983.9379,83.9407,134.0,228.4014,0,10,5.900791,5.911665,True,6-96-99-5-84-17-61-85-93-59-94|95-92-98-44-14-38-86-16-91-100-37-97|57-15-43-42-87-2-74-4-26|41-22-73-40-53|21-72-75-56-23-67-39-55-25-54|12-80-68-76-3-79-78-34-29-24-77-28|50-33-81-51-9-35-71-65-66-20|27-69-1-70-30-32-90-63-10-31|89-18-82-48-46-8-45-83-60-13-58|88-62-11-64-49-36-47-19-7-52
74,10,984.4798,79.0765,134.0,228.4014,0,10,5.171151,5.181458,True,6-96-99-5-84-17-61-85-93-59-94|95-92-98-44-14-38-86-16-91-100-37-97|2-57-15-43-42-87-74-4-26|41-22-73-40-53|21-72-75-56-23-67-39-55-25-54|12-80-68-76-3-79-78-34-29-24-77-28|50-33-81-51-9-35-71-65-66-20|27-69-1-70-30-32-90-63-10-31|89-18-82-48-46-8-45-83-60-13-58|88-62-11-64-49-36-47-19-7-52
75,10,984.8061,84.483,123.0,228.6267,0,10,5.982123,5.992273,True,89-6-96-99-5-84-17-61-85-93-59|95-92-98-44-14-38-86-16-91-100-37-97|2-57-15-43-42-87-74-4-26|41-22-73-40-53|21-72-75-56-23-67-39-55-25-54-80|28-12-76-3-79-78-34-29-24-68-77|50-33-81-51-9-35-71-65-66-20|27-69-1-70-30-32-90-63-10-31|18-82-48-46-8-45-83-60-94-13-58|88-62-11-64-49-36-47-19-7-52
76,10,984.9227,156.0304,98.0,228.6267,0,10,16.714242,16.732659,True,6-5-96-99-84-17-61-85-93-59-94|95-92-98-44-14-38-86-16-91-100-37-97|2-57-15-43-42-87-13-58|53-40-41-22-74-73-21-26|72-75-56-23-67-39-55-4-25-54|28-12-80-76-3-79-78-34-29-24-68-77|50-33-81-35-9-71-65-66-20-51|27-69-1-70-30-32-90-63-10-31|18-82-19-46-8-45-83-60-89|52-88-62-11-64-49-36-47-48-7
77,10,984.9227,156.0304,98.0,228.6267,0,10,16.714242,16.732659,True,6-5-96-99-84-17-61-85-93-59-94|95-92-98-44-14-38-86-16-91-100-37-97|2-57-15-43-42-87-13-58|53-40-41-22-74-73-21-26|72-75-56-23-67-39-55-4-25-54|28-12-80-76-3-79-78-34-29-24-68-77|50-33-81-35-9-71-65-66-20-51|27-69-1-70-30-32-90-63-10-31|18-82-19-46-8-45-83-60-89|52-88-62-11-64-49-36-47-48-7
78,10,985.3979,78.2135,123.0,228.6267,0,10,5.041706,5.051094,True,89-6-96-99-5-84-17-61-85-93-59|95-92-98-44-14-38-86-16-91-100-37-97|57-15-43-42-87-2-74-4-26|41-22-73-40-53|21-72-75-56-23-67-39-55-25-54-80|28-12-76-3-79-78-34-29-24-68-77|50-33-81-51-9-35-71-65-66-20|27-69-1-70-30-32-90-63-10-31|18-82-48-46-8-45-83-60-94-13-58|52-88-62-11-64-49-36-47-19-7
79,10,985.8522,71.0221,123.0,228.4014,0,10,3.962989,3.9714,True,89-6-96-99-5-84-17-61-85-93-59|95-92-98-44-14-38-86-16-91-100-37-97|57-15-43-42-87-2-74-4-26|41-22-73-40-53|21-72-75-56-23-67-39-55-25-54|12-80-68-76-3-79-78-34-29-24-77-28|50-33-81-51-9-35-71-65-66-20|27-69-1-70-30-32-90-63-10-31|18-82-48-46-8-45-83-60-94-13-58|88-62-11-64-49-36-47-19-7-52
80,10,986.0356,201.8081,98.0,227.6063,0,10,23.580896,23.606361,True,6-96-99-5-84-17-61-85-93-59-94|95-92-98-44-14-38-86-16-91-100-37-97|2-57-15-43-42-87-13-58|53-40-41-22-74-73-21-26|72-75-56-23-67-39-55-4-25-54|28-12-76-3-79-78-34-29-24-80-68|50-33-81-51-9-35-71-65-66-20|27-69-10-63-90-32-30-70-1-77|31-88-18-82-8-46-45-83-60-89|52-7-62-19-11-64-49-36-47-48
81,10,986.0356,201.8081,98.0,227.6063,0,10,23.580896,23.606361,True,6-96-99-5-84-17-61-85-93-59-94|95-92-98-44-14-38-86-16-91-100-37-97|2-57-15-43-42-87-13-58|53-40-41-22-74-73-21-26|72-75-56-23-67-39-55-4-25-54|28-12-76-3-79-78-34-29-24-80-68|50-33-81-51-9-35-71-65-66-20|27-69-10-63-90-32-30-70-1-77|31-88-18-82-8-46-45-83-60-89|52-7-62-19-11-64-49-36-47-48
82,10,986.3941,66.1578,123.0,228.4014,0,10,3.233349,3.241193,True,89-6-96-99-5-84-17-61-85-93-59|95-92-98-44-14-38-86-16-91-100-37-97|2-57-15-43-42-87-74-4-26|41-22-73-40-53|21-72-75-56-23-67-39-55-25-54|12-80-68-76-3-79-78-34-29-24-77-28|50-33-81-51-9-35-71-65-66-20|27-69-1-70-30-32-90-63-10-31|18-82-48-46-8-45-83-60-94-13-58|88-62-11-64-49-36-47-19-7-52
83,10,986.4472,81.4861,120.0,228.4014,0,10,5.532589,5.542448,True,89-6-96-99-5-84-17-61-85-93-59|95-92-98-44-14-38-86-16-91-100-37-97|2-42-43-15-57-41-22-74-4-26|40-73-87-53|21-72-75-56-23-67-39-55-25-54|12-80-68-76-3-79-78-34-29-24-77-28|50-33-81-35-9-71-65-66-20-51|27-69-1-70-30-32-90-63-10-31|18-82-48-46-8-45-83-60-94-13-58|88-62-11-64-49-36-47-19-7-52
84,10,986.4472,81.4861,120.0,228.4014,0,10,5.532589,5.542448,True,89-6-96-99-5-84-17-61-85-93-59|95-92-98-44-14-38-86-16-91-100-37-97|2-42-43-15-57-41-22-74-4-26|40-73-87-53|21-72-75-56-23-67-39-55-25-54|12-80-68-76-3-79-78-34-29-24-77-28|50-33-81-35-9-71-65-66-20-51|27-69-1-70-30-32-90-63-10-31|18-82-48-46-8-45-83-60-94-13-58|88-62-11-64-49-36-47-19-7-52
85,10,987.0551,166.5187,89.0,228.9651,0,10,18.287479,18.30726,True,6-5-61-85-93-59-99-96-94|95-92-98-44-14-38-86-16-91-100-37-97|2-57-15-43-42-87-13-58|53-40-41-22-74-73-21-26|72-75-56-23-67-39-55-4-25-54|28-12-80-76-3-79-78-34-29-24-68-77|50-33-81-9-35-71-65-66-51|27-69-1-70-30-20-32-90-63-10-31|88-7-48-82-8-83-84-17-45-60-18-89|52-19-62-11-64-49-36-47-46
86,10,987.0551,166.5187,89.0,228.9651,0,10,18.287479,18.30726,True,6-5-61-85-93-59-99-96-94|95-92-98-44-14-38-86-16-91-100-37-97|2-57-15-43-42-87-13-58|53-40-41-22-74-73-21-26|72-75-56-23-67-39-55-4-25-54|28-12-80-76-3-79-78-34-29-24-68-77|50-33-81-9-35-71-65-66-51|27-69-1-70-30-20-32-90-63-10-31|88-7-48-82-8-83-84-17-45-60-18-89|52-19-62-11-64-49-36-47-46
87,10,987.5278,55.0241,123.0,228.2433,0,10,2.314,2.32049,True,89-6-96-99-5-84-17-61-85-93-59|95-92-98-44-14-38-86-16-91-100-37-97|2-57-15-43-42-87-74-4-26|41-22-73-40-53|21-72-75-56-23-67-39-55-25-54|12-80-68-76-3-79-78-34-29-24-77-28|50-33-81-51-9-35-71-65-66-20|27-69-1-70-30-32-90-63-10-31|18-82-48-46-8-45-83-60-94-13-58|52-88-62-11-64-49-36-47-19-7
88,10,987.5278,55.0241,123.0,228.2433,0,10,2.314,2.32049,True,89-6-96-99-5-84-17-61-85-93-59|95-92-98-44-14-38-86-16-91-100-37-97|2-57-15-43-42-87-74-4-26|41-22-73-40-53|21-72-75-56-23-67-39-55-25-54|12-80-68-76-3-79-78-34-29-24-77-28|50-33-81-51-9-35-71-65-66-20|27-69-1-70-30-32-90-63-10-31|18-82-48-46-8-45-83-60-94-13-58|52-88-62-11-64-49-36-47-19-7
89,10,987.6926,181.9643,101.0,227.6063,0,10,20.604321,20.627606,True,6-96-99-5-84-17-61-85-93-59-94|95-92-98-44-14-38-86-16-91-100-37-97|2-57-15-43-42-87-13-58|53-40-41-22-74-73-21-26|72-75-56-23-67-39-55-4-25-54|28-12-80-68-76-79-78-34-29-24-77|50-33-81-51-9-35-71-65-66-20|3-1-69-70-30-32-90-63-10-31-27|18-7-82-8-46-45-83-60-89|52-88-62-19-11-64-49-36-47-48
90,10,987.7858,98.4148,100.0,228.6267,0,10,8.071893,8.082727,True,94-96-59-93-99-17-84-5-6|92-98-91-44-14-38-86-16-61-85-100-37|2-57-15-43-42-87-97-95-13|26-53-40-21-73-74-22-41-58|72-75-56-23-67-39-55-4-25-54|28-12-80-76-3-79-78-34-29-24-68-77|50-33-81-35-9-71-65-66-20-51|27-69-1-70-30-32-90-63-10-31|18-82-19-46-8-45-83-60-89|88-62-11-64-49-36-47-48-7-52
91,10,988.9195,87.281,100.0,228.6267,0,10,6.401836,6.41134,True,94-96-59-93-99-17-84-5-6|92-98-91-44-14-38-86-16-61-85-100-37|2-57-15-43-42-87-97-95-13|26-53-40-21-73-74-22-41-58|72-75-56-23-67-39-55-4-25-54|28-12-80-76-3-79-78-34-29-24-68-77|50-33-81-35-9-71-65-66-20-51|27-69-1-70-30-32-90-63-10-31|18-82-19-46-8-45-83-60-89|52-88-62-11-64-49-36-47-48-7
92,10,988.9195,87.281,100.0,228.6267,0,10,6.401836,6.41134,True,94-96-59-93-99-17-84-5-6|92-98-91-44-14-38-86-16-61-85-100-37|2-57-15-43-42-87-97-95-13|26-53-40-21-73-74-22-41-58|72-75-56-23-67-39-55-4-25-54|28-12-80-76-3-79-78-34-29-24-68-77|50-33-81-35-9-71-65-66-20-51|27-69-1-70-30-32-90-63-10-31|18-82-19-46-8-45-83-60-89|52-88-62-11-64-49-36-47-48-7
93,10,989.1098,38.7841,137.0,228.2433,0,10,3.714,3.719929,True,6-94-96-59-99-5-84-17-61-93-13-58|92-98-85-44-14-38-86-16-91-100-37-97|95-42-43-15-57-87-74-4-26|2-41-22-73-40-53|21-72-75-56-23-67-39-55-25-54|12-80-68-76-3-79-78-34-29-24-77-28|50-33-81-51-9-35-71-65-66-20|27-69-1-70-30-32-90-63-10-31|18-82-48-46-8-45-83-60-89|52-88-62-11-64-49-36-47-19-7
94,10,989.1098,38.7841,137.0,228.2433,0,10,3.714,3.719929,True,6-94-96-59-99-5-84-17-61-93-13-58|92-98-85-44-14-38-86-16-91-100-37-97|95-42-43-15-57-87-74-4-26|2-41-22-73-40-53|21-72-75-56-23-67-39-55-25-54|12-80-68-76-3-79-78-34-29-24-77-28|50-33-81-51-9-35-71-65-66-20|27-69-1-70-30-32-90-63-10-31|18-82-48-46-8-45-83-60-89|52-88-62-11-64-49-36-47-19-7
95,10,991.1568,195.8606,98.0,227.6063,0,10,22.688763,22.714872,True,6-96-99-5-84-17-61-85-93-59-94|95-92-98-44-14-38-86-16-91-100-37-97|2-57-15-43-42-87-13-58|53-40-41-22-74-73-21-26|72-75-56-23-67-39-55-4-25-54|12-76-3-79-78-34-29-24-80-68|27-1-69-81-9-35-71-65-66-20|70-10-63-90-32-30-51-33-77-50-28|18-82-19-46-8-45-83-60-89|52-31-88-62-11-64-49-36-47-48-7
96,10,991.1568,195.8606,98.0,227.6063,0,10,22.688763,22.714872,True,6-96-99-5-84-17-61-85-93-59-94|95-92-98-44-14-38-86-16-91-100-37-97|2-57-15-43-42-87-13-58|53-40-41-22-74-73-21-26|72-75-56-23-67-39-55-4-25-54|12-76-3-79-78-34-29-24-80-68|27-1-69-81-9-35-71-65-66-20|70-10-63-90-32-30-51-33-77-50-28|18-82-19-46-8-45-83-60-89|52-31-88-62-11-64-49-36-47-48-7
97,10,991.422,102.1288,108.0,227.6063,0,10,8.628992,8.642121,True,94-96-59-93-99-17-84-5-6|92-98-91-44-14-38-86-16-61-85-100-37|2-57-15-43-42-87-97-95-13|53-40-21-73-74-22-41-58|72-75-56-23-67-39-55-4-25-54|28-26-12-76-3-79-78-34-29-24-80-68|50-33-81-51-9-35-71-65-66-20|27-1-69-31-10-63-90-32-30-70-77|18-82-19-46-8-45-83-60-89|52-88-62-11-64-49-36-47-48-7
98,10,991.422,102.1288,108.0,227.6063,0,10,8.628992,8.642121,True,94-96-59-93-99-17-84-5-6|92-98-91-44-14-38-86-16-61-85-100-37|2-57-15-43-42-87-97-95-13|53-40-21-73-74-22-41-58|72-75-56-23-67-39-55-4-25-54|28-26-12-76-3-79-78-34-29-24-80-68|50-33-81-51-9-35-71-65-66-20|27-1-69-31-10-63-90-32-30-70-77|18-82-19-46-8-45-83-60-89|52-88-62-11-64-49-36-47-48-7
99,10,991.955,54.0332,123.0,228.2433,0,10,3.500749,3.508418,True,89-6-96-99-5-84-17-61-85-93-59|95-92-98-44-14-38-86-16-91-100-37-97|57-15-43-42-87-2-74-4-26|41-22-73-40-53|21-72-75-56-23-67-39-55-25-54|12-80-68-76-3-79-78-34-29-24-77-28|50-33-81-35-9-71-65-66-20-51|27-69-1-70-30-32-90-63-10-31|18-82-48-46-8-45-83-60-94-13-58|52-88-62-11-64-49-36-47-19-7
100,10,992.4109,49.6383,123.0,228.6267,0,10,3.637535,3.64474,True,89-6-96-99-5-84-17-61-85-93-59|95-92-98-44-14-38-86-16-91-100-37-97|2-57-15-43-42-87-74-4-26|41-22-73-40-53|21-72-75-56-23-67-39-55-25-54|28-12-80-76-3-79-78-34-29-24-68-77|50-33-81-35-9-71-65-66-20-51|27-69-1-70-30-32-90-63-10-31|18-82-48-46-8-45-83-60-94-13-58|52-88-62-11-64-49-36-47-19-7
101,10,992.4969,49.169,123.0,228.2433,0,10,3.663318,3.670421,True,89-6-96-99-5-84-17-61-85-93-59|95-92-98-44-14-38-86-16-91-100-37-97|2-57-15-43-42-87-74-4-26|41-22-73-40-53|21-72-75-56-23-67-39-55-25-54|12-80-68-76-3-79-78-34-29-24-77-28|50-33-81-35-9-71-65-66-20-51|27-69-1-70-30-32-90-63-10-31|18-82-48-46-8-45-83-60-94-13-58|52-88-62-11-64-49-36-47-19-7
102,10,992.4969,49.169,123.0,228.2433,0,10,3.663318,3.670421,True,89-6-96-99-5-84-17-61-85-93-59|95-92-98-44-14-38-86-16-91-100-37-97|2-57-15-43-42-87-74-4-26|41-22-73-40-53|21-72-75-56-23-67-39-55-25-54|12-80-68-76-3-79-78-34-29-24-77-28|50-33-81-35-9-71-65-66-20-51|27-69-1-70-30-32-90-63-10-31|18-82-48-46-8-45-83-60-94-13-58|52-88-62-11-64-49-36-47-19-7
103,10,992.9162,191.2939,91.0,228.6267,0,10,22.003772,22.029177,True,6-99-5-84-86-85-93-96-94|95-92-61-16-44-38-14-91-98-100-37-97|2-57-15-43-42-87-59-13-58|53-40-41-22-74-73-21-26|72-75-56-23-67-39-55-4-25-54|28-12-80-76-3-79-78-34-29-24-68-77|50-33-81-51-9-35-71-65-66-20|27-69-1-70-30-32-90-63-10-31|18-7-82-8-46-45-17-83-60-89|52-88-62-19-11-64-49-36-47-48
104,10,992.9301,65.1351,116.0,228.2433,0,10,3.79329,3.802218,True,89-6-96-99-5-84-17-61-85-93-59|95-92-98-44-14-38-86-16-91-100-37-97|2-15-43-42-87-74-4-26|57-41-22-73-40-53|21-72-75-56-23-67-39-55-25-54|12-80-68-76-3-79-78-34-29-24-77-28|50-33-81-51-9-35-71-65-66-20|27-69-1-70-30-32-90-63-10-31|18-82-48-46-8-45-83-60-94-13-58|52-88-62-11-64-49-36-47-19-7
105,10,992.9301,65.1351,116.0,228.2433,0,10,3.79329,3.802218,True,89-6-96-99-5-84-17-61-85-93-59|95-92-98-44-14-38-86-16-91-100-37-97|2-15-43-42-87-74-4-26|57-41-22-73-40-53|21-72-75-56-23-67-39-55-25-54|12-80-68-76-3-79-78-34-29-24-77-28|50-33-81-51-9-35-71-65-66-20|27-69-1-70-30-32-90-63-10-31|18-82-48-46-8-45-83-60-94-13-58|52-88-62-11-64-49-36-47-19-7
106,9,994.5792,12.798,99.0,228.6267,0,9,4.288027,4.287656,True,92-98-91-44-14-38-86-16-61-85-100-37|2-57-15-43-42-87-97-95-94-13-58-40|72-75-56-23-67-39-55-4-25-54|28-12-80-76-3-79-78-34-29-24-68-77|50-33-81-51-9-35-71-65-66-20|26-69-1-70-30-32-90-63-10-31-27|88-19-62-11-64-49-36-47-48-7|6-5-93-59-99-96-53-21-73-74-22-41|52-18-82-46-8-84-17-45-83-60-89
107,9,994.5792,12.798,99.0,228.6267,0,9,4.288027,4.287656,True,92-98-91-44-14-38-86-16-61-85-100-37|2-57-15-43-42-87-97-95-94-13-58-40|72-75-56-23-67-39-55-4-25-54|28-12-80-76-3-79-78-34-29-24-68-77|50-33-81-51-9-35-71-65-66-20|26-69-1-70-30-32-90-63-10-31-27|88-19-62-11-64-49-36-47-48-7|6-5-93-59-99-96-53-21-73-74-22-41|52-18-82-46-8-84-17-45-83-60-89
108,10,994.7954,206.66,88.0,228.6267,0,10,24.308685,24.336658,True,94-96-99-59-93-85-91-98-100-37-6|92-14-44-38-84-17-86-16-61|2-57-15-43-42-87-97-95-13-58|53-40-41-22-74-73-21-26|72-75-56-23-67-39-55-4-25-54|28-12-80-76-3-79-78-34-29-24-68-77|50-33-81-51-9-35-71-65-66-20|27-69-1-70-30-32-90-63-10-88-31|18-82-8-46-45-83-5-60-89|52-7-62-19-11-64-49-36-47-48
109,10,994.8261,192.1829,120.0,226.9405,0,10,22.137115,22.165873,True,53-26-12-77-28|72-75-56-23-67-39-55-4-25-54|76-3-79-78-34-29-24-80-68|50-33-81-35-9-71-65-66-20-51|27-69-1-70-30-32-90-63-10-31|52-88-62-11-64-49-36-46-47-48|2-57-15-43-42-87-41-22-74-73-21-40|7-19-82-8-45-84-17-83-60-18-89|61-16-86-44-38-14-91-85-100-37-97|6-59-92-98-93-5-99-96-95-94-13-58
110,10,994.8261,192.1829,120.0,226.9405,0,10,22.137115,22.165873,True,53-26-12-77-28|72-75-56-23-67-39-55-4-25-54|76-3-79-78-34-29-24-80-68|50-33-81-35-9-71-65-66-20-51|27-69-1-70-30-32-90-63-10-31|52-88-62-11-64-49-36-46-47-48|2-57-15-43-42-87-41-22-74-73-21-40|7-19-82-8-45-84-17-83-60-18-89|61-16-86-44-38-14-91-85-100-37-97|6-59-92-98-93-5-99-96-95-94-13-58
111,10,994.8303,156.7252,88.0,228.6267,0,10,16.818467,16.83896,True,92-85-61-16-44-38-14-91-98-100-37-97|2-57-15-43-42-87-13-58|53-40-41-22-74-73-21-26|72-75-56-23-67-39-55-4-25-54|28-12-80-76-3-79-78-34-29-24-68-77|50-33-81-51-9-35-71-65-66-20|27-69-1-70-30-32-90-63-10-88-31|18-82-46-8-45-84-17-86-5-60|52-7-62-19-11-64-49-36-47-48|89-83-93-59-99-96-95-94-6
112,10,995.1164,67.5606,115.0,228.4014,0,10,4.44918,4.459051,True,6-96-99-5-84-17-61-85-93-59-94|95-92-98-44-14-38-86-16-91-100-37-97|2-57-15-43-42-87-73-74-13-58|26-21-22-41-40-53|72-75-56-23-67-39-55-4-25-54|12-80-68-76-3-79-78-34-29-24-77-28|50-33-81-35-9-71-65-66-20-51|27-69-1-70-30-32-90-63-10-31|18-82-48-46-8-45-83-60-89|88-62-11-64-49-36-47-19-7-52
113,10,995.1225,126.9687,88.0,228.6267,0,10,12.354991,12.371109,True,94-96-59-93-99-17-84-85-5-6|92-98-91-44-14-38-86-16-61-100-37|2-57-15-43-42-87-97-95-13-58|53-40-41-22-74-73-21-26|72-75-56-23-67-39-55-4-25-54|28-12-80-76-3-79-78-34-29-24-68-77|50-33-81-35-9-71-65-66-20-51|27-69-1-70-30-32-90-63-10-31|18-82-19-46-8-45-83-60-89|52-88-62-11-64-49-36-47-48-7
114,10,995.1225,126.9687,88.0,228.6267,0,10,12.354991,12.371109,True,94-96-59-93-99-17-84-85-5-6|92-98-91-44-14-38-86-16-61-100-37|2-57-15-43-42-87-97-95-13-58|53-40-41-22-74-73-21-26|72-75-56-23-67-39-55-4-25-54|28-12-80-76-3-79-78-34-29-24-68-77|50-33-81-35-9-71-65-66-20-51|27-69-1-70-30-32-90-63-10-31|18-82-19-46-8-45-83-60-89|52-88-62-11-64-49-36-47-48-7
115,10,996.2501,56.4269,115.0,228.2433,0,10,4.789293,4.79781,True,6-96-99-5-84-17-61-85-93-59-94|95-92-98-44-14-38-86-16-91-100-37-97|2-57-15-43-42-87-73-74-13-58|26-21-22-41-40-53|72-75-56-23-67-39-55-4-25-54|12-80-68-76-3-79-78-34-29-24-77-28|50-33-81-35-9-71-65-66-20-51|27-69-1-70-30-32-90-63-10-31|18-82-48-46-8-45-83-60-89|52-88-62-11-64-49-36-47-19-7
116,10,996.2501,56.4269,115.0,228.2433,0,10,4.789293,4.79781,True,6-96-99-5-84-17-61-85-93-59-94|95-92-98-44-14-38-86-16-91-100-37-97|2-57-15-43-42-87-73-74-13-58|26-21-22-41-40-53|72-75-56-23-67-39-55-4-25-54|12-80-68-76-3-79-78-34-29-24-77-28|50-33-81-35-9-71-65-66-20-51|27-69-1-70-30-32-90-63-10-31|18-82-48-46-8-45-83-60-89|52-88-62-11-64-49-36-47-19-7
117,10,996.8387,119.3438,104.0,228.4014,0,10,11.211252,11.228307,True,94-95-37-98-59-99-5-84-17-93-96-6|92-91-44-14-38-86-16-61-85-100-97|53-87-2-74-73-21-40-58|26-22-41-15-43-42-57-13|72-75-56-23-67-39-55-4-25-54|12-80-68-76-3-79-78-34-29-24-77-28|50-33-81-35-9-71-65-66-20-51|27-69-1-70-30-32-90-63-10-31|18-82-48-46-8-45-83-60-89|88-62-11-64-49-36-47-19-7-52
118,10,996.8387,119.3438,104.0,228.4014,0,10,11.211252,11.228307,True,94-95-37-98-59-99-5-84-17-93-96-6|92-91-44-14-38-86-16-61-85-100-97|53-87-2-74-73-21-40-58|26-22-41-15-43-42-57-13|72-75-56-23-67-39-55-4-25-54|12-80-68-76-3-79-78-34-29-24-77-28|50-33-81-35-9-71-65-66-20-51|27-69-1-70-30-32-90-63-10-31|18-82-48-46-8-45-83-60-89|88-62-11-64-49-36-47-19-7-52
119,10,996.9646,157.8946,85.0,228.6267,0,10,16.993871,17.01488,True,6-96-99-84-17-61-85-93-59-94|95-92-98-44-14-38-86-16-91-100-37-97|2-57-15-43-42-87-13-58|60-5-53-40-41-22-74-73-21-26|72-75-56-23-67-39-55-4-25-54|28-12-80-76-3-79-78-34-29-24-68-77|50-33-81-51-9-35-71-65-66-20|27-69-1-70-30-32-90-63-10-31|52-7-82-8-46-45-83-18-89|88-62-19-11-64-49-36-47-48
120,10,996.9646,157.8946,85.0,228.6267,0,10,16.993871,17.01488,True,6-96-99-84-17-61-85-93-59-94|95-92-98-44-14-38-86-16-91-100-37-97|2-57-15-43-42-87-13-58|60-5-53-40-41-22-74-73-21-26|72-75-56-23-67-39-55-4-25-54|28-12-80-76-3-79-78-34-29-24-68-77|50-33-81-51-9-35-71-65-66-20|27-69-1-70-30-32-90-63-10-31|52-7-82-8-46-45-83-18-89|88-62-19-11-64-49-36-47-48
121,9,998.5664,28.4827,94.0,229.7069,0,9,5.484159,5.486999,True,92-98-91-44-14-38-86-16-61-85-100-37|2-57-15-43-42-87-97-95-94-6-13-58-40|72-75-56-23-67-39-55-4-25-54|28-12-80-76-3-79-78-34-29-24-68-77|50-33-81-51-9-35-71-65-66-20|26-69-1-70-30-32-90-63-10-31-27|88-62-11-64-49-36-47-48-7-52|60-5-93-59-99-96-53-21-73-74-22-41|89-83-45-17-84-8-46-19-82-18
122,9,998.5664,28.4827,94.0,229.7069,0,9,5.484159,5.486999,True,92-98-91-44-14-38-86-16-61-85-100-37|2-57-15-43-42-87-97-95-94-6-13-58-40|72-75-56-23-67-39-55-4-25-54|28-12-80-76-3-79-78-34-29-24-68-77|50-33-81-51-9-35-71-65-66-20|26-69-1-70-30-32-90-63-10-31-27|88-62-11-64-49-36-47-48-7-52|60-5-93-59-99-96-53-21-73-74-22-41|89-83-45-17-84-8-46-19-82-18
123,10,998.5731,163.0436,78.0,228.7364,0,10,17.766227,17.787807,True,26-75-56-23-67-39-55-4-25-54|28-12-80-76-3-79-78-34-29-24-68-77|50-33-81-51-9-35-71-65-66-20|27-69-1-70-30-32-90-63-10-31|52-88-62-11-64-49-36-46-47-48|57-42-43-15-41-22-74-72-73-21-40-58|7-19-82-8-45-84-17-83-60-18-89|53-87-97-59-98-100-2|92-85-91-44-14-38-86-16-61-5|6-96-99-93-37-95-94-13
124,10,999.1028,67.5606,113.0,228.4014,0,10,5.645077,5.655944,True,6-96-99-5-84-61-85-93-59-94|95-92-98-44-14-38-86-16-91-100-37-97|40-57-15-43-42-87-2-74-13-58|26-21-73-22-41-53|72-75-56-23-67-39-55-4-25-54|12-80-68-76-3-79-78-34-29-24-77-28|50-33-81-35-9-71-65-66-20-51|27-69-1-70-30-32-90-63-10-31|18-82-48-46-8-45-17-83-60-89|88-62-11-64-49-36-47-19-7-52
125,10,999.1028,67.5606,113.0,228.4014,0,10,5.645077,5.655944,True,6-96-99-5-84-61-85-93-59-94|95-92-98-44-14-38-86-16-91-100-37-97|40-57-15-43-42-87-2-74-13-58|26-21-73-22-41-53|72-75-56-23-67-39-55-4-25-54|12-80-68-76-3-79-78-34-29-24-77-28|50-33-81-35-9-71-65-66-20-51|27-69-1-70-30-32-90-63-10-31|18-82-48-46-8-45-17-83-60-89|88-62-11-64-49-36-47-19-7-52
126,10,999.9604,192.1609,100.0,227.6063,0,10,22.133812,22.162207,True,6-96-99-5-84-17-61-85-93-59-94|95-92-98-16-44-38-86-91-100-37-97|2-57-15-43-42-87-14-13-58|53-40-41-22-74-73-21-26|72-75-56-23-67-39-55-4-25-54|28-12-76-3-79-78-34-29-24-80-68|1-51-33-81-9-35-71-65-66-20|27-69-70-10-63-90-32-30-50-77|52-7-82-8-46-45-83-60-18-89|31-88-62-19-11-64-49-36-47-48
127,10,999.9604,192.1609,100.0,227.6063,0,10,22.133812,22.162207,True,6-96-99-5-84-17-61-85-93-59-94|95-92-98-16-44-38-86-91-100-37-97|2-57-15-43-42-87-14-13-58|53-40-41-22-74-73-21-26|72-75-56-23-67-39-55-4-25-54|28-12-76-3-79-78-34-29-24-80-68|1-51-33-81-9-35-71-65-66-20|27-69-70-10-63-90-32-30-50-77|52-7-82-8-46-45-83-60-18-89|31-88-62-19-11-64-49-36-47-48
128,10,1000.0023,111.0172,89.0,228.6267,0,10,9.962263,9.977552,True,53-87-97-13-2-58|40-73-56-23-67-39-55-4-25-54|28-12-80-76-3-79-78-34-29-24-68-77|50-33-81-35-9-71-65-66-20-51|27-69-1-70-30-32-90-63-10-31|52-88-62-11-64-49-36-46-48-82|57-42-43-15-41-22-75-74-72-21-26|7-19-47-8-45-84-17-83-18-89|6-92-91-44-14-38-86-16-98-100-37-96|60-5-61-85-93-99-59-95-94
129,10,1000.0023,111.0172,89.0,228.6267,0,10,9.962263,9.977552,True,53-87-97-13-2-58|40-73-56-23-67-39-55-4-25-54|28-12-80-76-3-79-78-34-29-24-68-77|50-33-81-35-9-71-65-66-20-51|27-69-1-70-30-32-90-63-10-31|52-88-62-11-64-49-36-46-48-82|57-42-43-15-41-22-75-74-72-21-26|7-19-47-8-45-84-17-83-18-89|6-92-91-44-14-38-86-16-98-100-37-96|60-5-61-85-93-99-59-95-94
130,10,1000.1611,160.8409,103.0,226.7204,0,10,17.435811,17.459736,True,6-96-99-5-84-17-61-85-93-59-94|95-92-98-44-14-38-86-16-91-100-37-97|41-15-43-42-87-57-2-13-58|53-40-73-22-74-21-26|72-75-56-23-67-39-55-4-25-54|28-12-76-3-79-78-34-29-24-80-68|50-33-81-35-9-71-65-66-20-51|27-69-10-63-90-32-30-70-1-77|18-82-19-46-8-45-83-60-89|31-88-62-11-64-49-36-47-48-7-52
131,10,1000.1611,160.8409,103.0,226.7204,0,10,17.435811,17.459736,True,6-96-99-5-84-17-61-85-93-59-94|95-92-98-44-14-38-86-16-91-100-37-97|41-15-43-42-87-57-2-13-58|53-40-73-22-74-21-26|72-75-56-23-67-39-55-4-25-54|28-12-76-3-79-78-34-29-24-80-68|50-33-81-35-9-71-65-66-20-51|27-69-10-63-90-32-30-70-1-77|18-82-19-46-8-45-83-60-89|31-88-62-11-64-49-36-47-48-7-52
132,9,1000.6426,10.3891,129.0,228.6267,0,9,6.107036,6.111123,True,92-98-91-44-14-38-86-16-61-85-100-37|2-57-15-43-42-87-97-95-94-6-13-58-40|72-75-56-23-67-39-55-4-25-54|28-12-80-76-3-79-78-34-29-24-68-77|50-33-81-35-9-71-65-66-20-51|26-69-1-70-30-32-90-63-10-31-27|52-88-62-11-64-49-36-47-48-82-18|89-5-93-59-99-96-53-21-73-74-22-41|60-83-45-17-84-8-46-19-7
133,9,1000.6426,10.3891,129.0,228.6267,0,9,6.107036,6.111123,True,92-98-91-44-14-38-86-16-61-85-100-37|2-57-15-43-42-87-97-95-94-6-13-58-40|72-75-56-23-67-39-55-4-25-54|28-12-80-76-3-79-78-34-29-24-68-77|50-33-81-35-9-71-65-66-20-51|26-69-1-70-30-32-90-63-10-31-27|52-88-62-11-64-49-36-47-48-82-18|89-5-93-59-99-96-53-21-73-74-22-41|60-83-45-17-84-8-46-19-7
134,10,1000.7578,138.1025,109.0,227.2215,0,10,14.025048,14.046415,True,94-96-59-93-99-17-84-5-6|92-98-91-44-14-38-86-16-61-85-100-37|2-57-15-43-42-87-97-95-13-58|53-40-41-22-74-73-21-26|72-75-56-23-67-39-55-4-25-54|28-12-80-76-3-79-9-29-24-68-77|33-81-78-34-35-71-65-66-20-51|27-69-1-50-70-30-32-90-63-10-31|18-19-47-46-8-45-83-60-89|88-62-11-64-49-36-48-82-7-52
135,10,1000.7578,138.1025,109.0,227.2215,0,10,14.025048,14.046415,True,94-96-59-93-99-17-84-5-6|92-98-91-44-14-38-86-16-61-85-100-37|2-57-15-43-42-87-97-95-13-58|53-40-41-22-74-73-21-26|72-75-56-23-67-39-55-4-25-54|28-12-80-76-3-79-9-29-24-68-77|33-81-78-34-35-71-65-66-20-51|27-69-1-50-70-30-32-90-63-10-31|18-19-47-46-8-45-83-60-89|88-62-11-64-49-36-48-82-7-52
136,9,1001.0154,28.4514,94.0,229.7069,0,9,6.218886,6.222456,True,92-98-91-44-14-38-86-16-61-85-100-37|2-57-15-43-42-87-97-95-94-6-13-58-40|72-75-56-23-67-39-55-4-25-54|28-12-80-76-3-79-78-34-29-24-68-77|50-33-81-51-9-35-71-65-66-20|26-27-69-1-70-30-32-90-63-10-31|88-62-11-64-49-36-47-48-7-52|60-5-93-59-99-96-53-21-73-74-22-41|89-83-45-17-84-8-46-19-82-18
137,10,1001.5378,66.0375,133.0,227.6063,0,10,6.375581,6.388831,True,89-6-96-99-5-84-17-61-85-93-59|95-92-98-44-14-38-86-16-91-100-37-97|2-57-15-43-42-87-74-4-77|41-22-73-40-53|21-72-75-56-23-67-39-55-25-54-26|12-80-76-3-79-78-34-29-24-68-28|50-33-81-51-9-35-71-65-66-20|27-69-1-70-30-32-90-63-10-31|18-82-48-46-8-45-83-60-94-13-58|52-88-62-11-64-49-36-47-19-7
138,10,1001.5378,66.0375,133.0,227.6063,0,10,6.375581,6.388831,True,89-6-96-99-5-84-17-61-85-93-59|95-92-98-44-14-38-86-16-91-100-37-97|2-57-15-43-42-87-74-4-77|41-22-73-40-53|21-72-75-56-23-67-39-55-25-54-26|12-80-76-3-79-78-34-29-24-68-28|50-33-81-51-9-35-71-65-66-20|27-69-1-70-30-32-90-63-10-31|18-82-48-46-8-45-83-60-94-13-58|52-88-62-11-64-49-36-47-19-7
139,9,1001.6389,39.4973,97.0,229.5183,0,9,6.405914,6.4116,True,92-98-91-44-14-38-86-16-61-85-100-37|2-57-15-43-42-87-97-95-94-6-13-58-40|72-75-56-23-67-39-55-4-25-54|28-12-80-76-3-79-78-34-29-24-68-77|50-33-81-9-35-71-65-66-51|26-69-1-70-30-20-32-90-63-10-31-27|88-62-11-64-49-36-47-48-82-18|89-60-93-59-99-96-53-21-73-74-22-41|5-83-45-17-84-8-46-19-7-52
140,9,1001.6389,39.4973,97.0,229.5183,0,9,6.405914,6.4116,True,92-98-91-44-14-38-86-16-61-85-100-37|2-57-15-43-42-87-97-95-94-6-13-58-40|72-75-56-23-67-39-55-4-25-54|28-12-80-76-3-79-78-34-29-24-68-77|50-33-81-9-35-71-65-66-51|26-69-1-70-30-20-32-90-63-10-31-27|88-62-11-64-49-36-47-48-82-18|89-60-93-59-99-96-53-21-73-74-22-41|5-83-45-17-84-8-46-19-7-52
141,9,1001.9619,10.828,106.0,228.6267,0,9,6.50282,6.505068,True,92-98-91-44-14-38-86-16-61-85-100-37|2-57-15-43-42-87-97-95-94-6-13-58-40|72-75-56-23-67-39-55-4-25-54|28-12-80-76-3-79-78-34-29-24-68-77|50-33-81-51-9-71-35-65-66-20|26-69-1-70-30-32-90-63-10-31-27|52-88-62-11-64-49-36-47-48-82-18|89-60-93-59-99-96-53-21-73-74-22-41|5-83-45-17-84-8-46-19-7
142,9,1002.623,29.2885,106.0,228.2901,0,9,6.70116,6.706325,True,92-98-91-44-14-38-86-16-61-85-100-37|2-57-15-43-42-87-97-95-94-6-13-58-40|72-75-56-23-67-39-55-4-25-54|28-26-12-76-3-79-78-34-29-24-80-68|50-33-81-51-9-35-71-65-66-20|27-1-69-31-10-63-90-32-30-70-77|88-62-11-64-49-36-47-48-7-52|89-5-93-59-99-96-53-21-73-74-22-41|60-83-45-17-84-8-46-19-82-18
143,9,1002.623,29.2885,106.0,228.2901,0,9,6.70116,6.706325,True,92-98-91-44-14-38-86-16-61-85-100-37|2-57-15-43-42-87-97-95-94-6-13-58-40|72-75-56-23-67-39-55-4-25-54|28-26-12-76-3-79-78-34-29-24-80-68|50-33-81-51-9-35-71-65-66-20|27-1-69-31-10-63-90-32-30-70-77|88-62-11-64-49-36-47-48-7-52|89-5-93-59-99-96-53-21-73-74-22-41|60-83-45-17-84-8-46-19-82-18
144,9,1003.9846,21.9617,83.0,228.6267,0,9,7.10963,7.111855,True,92-98-91-44-14-38-86-16-61-85-100-37|2-57-15-43-42-87-97-95-94-6-13-58-40|72-75-56-23-67-39-55-4-25-54|28-12-80-76-3-79-78-34-29-24-68-77|50-33-81-51-9-35-71-65-66-20|26-69-1-70-30-32-90-63-10-31-27|88-62-11-64-49-36-47-48-7-52|89-60-93-59-99-96-53-21-73-74-22-41|5-83-45-17-84-8-46-19-82-18
145,10,1004.6575,93.0148,66.0,228.7364,0,10,7.3115,7.323201,True,92-93-85-42-87-53|26-75-56-23-67-39-55-4-25-54|28-12-80-76-3-79-78-34-29-24-68-77|50-33-81-51-9-35-71-65-66-20|27-69-1-70-30-32-90-63-10-31|52-88-62-11-64-49-36-47-46-82|2-57-43-15-41-22-74-72-73-21-40-58|6-96-61-44-14-38-86-16-91-100-37-97|60-45-17-84-5-98-95-13|94-59-99-83-8-48-19-7-18-89
146,10,1004.6575,93.0148,66.0,228.7364,0,10,7.3115,7.323201,True,92-93-85-42-87-53|26-75-56-23-67-39-55-4-25-54|28-12-80-76-3-79-78-34-29-24-68-77|50-33-81-51-9-35-71-65-66-20|27-69-1-70-30-32-90-63-10-31|52-88-62-11-64-49-36-47-46-82|2-57-43-15-41-22-74-72-73-21-40-58|6-96-61-44-14-38-86-16-91-100-37-97|60-45-17-84-5-98-95-13|94-59-99-83-8-48-19-7-18-89
147,9,1005.1183,10.828,83.0,228.6267,0,9,7.449743,7.450638,True,92-98-91-44-14-38-86-16-61-85-100-37|2-57-15-43-42-87-97-95-94-6-13-58-40|72-75-56-23-67-39-55-4-25-54|28-12-80-76-3-79-78-34-29-24-68-77|50-33-81-51-9-35-71-65-66-20|26-69-1-70-30-32-90-63-10-31-27|52-88-62-11-64-49-36-47-48-7|89-60-93-59-99-96-53-21-73-74-22-41|5-83-45-17-84-8-46-19-82-18
148,9,1005.1183,10.828,83.0,228.6267,0,9,7.449743,7.450638,True,92-98-91-44-14-38-86-16-61-85-100-37|2-57-15-43-42-87-97-95-94-6-13-58-40|72-75-56-23-67-39-55-4-25-54|28-12-80-76-3-79-78-34-29-24-68-77|50-33-81-51-9-35-71-65-66-20|26-69-1-70-30-32-90-63-10-31-27|52-88-62-11-64-49-36-47-48-7|89-60-93-59-99-96-53-21-73-74-22-41|5-83-45-17-84-8-46-19-82-18
149,10,1005.2911,173.3169,101.0,227.6063,0,10,19.30722,19.334487,True,6-96-99-5-84-17-61-85-93-59-94|95-92-98-16-44-38-86-91-100-37-97|2-57-15-43-42-87-14-13-58|53-40-41-22-74-73-21-26|72-75-56-23-67-39-55-4-25-54|28-12-76-3-79-78-34-29-24-80-68|50-33-81-51-9-35-71-65-66-20|27-1-69-31-10-63-90-32-30-70-77|18-7-82-8-46-45-83-60-89|52-88-62-19-11-64-49-36-47-48
150,10,1005.2911,173.3169,101.0,227.6063,0,10,19.30722,19.334487,True,6-96-99-5-84-17-61-85-93-59-94|95-92-98-16-44-38-86-91-100-37-97|2-57-15-43-42-87-14-13-58|53-40-41-22-74-73-21-26|72-75-56-23-67-39-55-4-25-54|28-12-76-3-79-78-34-29-24-80-68|50-33-81-51-9-35-71-65-66-20|27-1-69-31-10-63-90-32-30-70-77|18-7-82-8-46-45-83-60-89|52-88-62-19-11-64-49-36-47-48
151,10,1006.1254,99.7422,65.0,228.6267,0,10,8.271015,8.28405,True,6-93-85-98-97-87-53|73-75-56-23-67-39-55-4-25-54|28-12-80-76-3-79-78-34-29-24-68-77|50-33-81-51-9-35-71-65-66-20|27-69-1-70-30-32-90-63-10-31|52-88-62-19-11-64-49-36-47-48|57-42-43-15-41-22-74-72-21-2-58|7-82-46-8-45-84-17-5-60-83-18|92-61-91-44-38-86-16-14-100-37|89-96-99-59-95-94-13-40-26
152,10,1006.1254,99.7422,65.0,228.6267,0,10,8.271015,8.28405,True,6-93-85-98-97-87-53|73-75-56-23-67-39-55-4-25-54|28-12-80-76-3-79-78-34-29-24-68-77|50-33-81-51-9-35-71-65-66-20|27-69-1-70-30-32-90-63-10-31|52-88-62-19-11-64-49-36-47-48|57-42-43-15-41-22-74-72-21-2-58|7-82-46-8-45-84-17-5-60-83-18|92-61-91-44-38-86-16-14-100-37|89-96-99-59-95-94-13-40-26
153,9,1006.3728,4.9729,106.0,228.6267,0,9,7.826099,7.828792,True,92-98-91-44-14-38-86-16-61-85-100-37|2-57-15-43-42-87-97-95-94-6-13-58-40|72-75-56-23-67-39-55-4-25-54|28-12-80-76-3-79-78-34-29-24-68-77|50-33-81-35-9-71-65-66-20-51|26-69-1-70-30-32-90-63-10-31-27|52-88-62-11-64-49-36-47-48-82-18|89-60-93-59-99-96-53-21-73-74-22-41|5-83-45-17-84-8-46-19-7
154,9,1007.5674,10.7966,83.0,228.6267,0,9,8.18447,8.186095,True,92-98-91-44-14-38-86-16-61-85-100-37|2-57-15-43-42-87-97-95-94-6-13-58-40|72-75-56-23-67-39-55-4-25-54|28-12-80-76-3-79-78-34-29-24-68-77|50-33-81-51-9-35-71-65-66-20|26-27-69-1-70-30-32-90-63-10-31|52-88-62-11-64-49-36-47-48-7|89-60-93-59-99-96-53-21-73-74-22-41|5-83-45-17-84-8-46-19-82-18
155,10,1008.068,162.3834,98.0,228.0208,0,10,17.667183,17.693406,True,6-96-99-5-84-17-61-85-93-59-94|95-92-37-14-44-38-86-16-91-100-98-97|2-57-15-43-42-87-13-58|53-40-41-22-74-73-21-26|72-75-56-23-67-39-55-4-25-54|28-12-80-76-3-79-81-78-29-24-68-77|50-34-35-9-71-65-66-20-51|33-1-69-70-30-32-90-63-10-31-27|18-82-19-47-8-45-83-60-89|52-88-62-11-64-49-36-46-48-7
156,10,1008.2892,42.5485,135.0,228.2433,0,10,8.401023,8.41307,True,89-18-60-99-5-84-61-85-93-59-96-6|95-92-98-44-14-38-86-16-91-100-37-97|57-15-43-42-87-2-74-4-26|41-22-73-40-53|21-72-75-56-23-67-39-55-25-54|12-80-68-76-3-79-78-34-29-24-77-28|50-33-81-35-9-71-65-66-20-51|27-69-1-70-30-32-90-63-10-31|83-82-48-46-8-45-17-94-13-58|52-88-62-11-64-49-36-47-19-7
157,10,1008.4606,52.0377,111.0,228.2433,0,10,8.452435,8.463557,True,6-96-59-99-5-84-61-85-93-13|95-92-98-44-14-38-86-16-91-100-37-97|2-57-15-43-42-87-74-21-58|26-73-22-41-40-53|72-75-56-23-67-39-55-4-25-54|12-80-68-76-3-79-78-34-29-24-77-28|50-33-81-35-9-71-65-66-20-51|27-69-1-70-30-32-90-63-10-31|94-18-7-82-8-46-45-17-83-60-89|52-88-62-19-11-64-49-36-47-48
158,10,1008.4974,41.5516,132.0,228.2433,0,10,8.463487,8.475147,True,89-6-96-59-99-5-84-17-61-85-93-42|95-92-98-44-14-38-86-16-91-100-37-97|2-57-15-43-87-41-74-4-26|22-73-40-53|21-72-75-56-23-67-39-55-25-54|12-80-68-76-3-79-78-34-29-24-77-28|50-33-81-51-9-35-71-65-66-20|27-69-1-70-30-32-90-63-10-31|18-82-48-46-8-45-83-60-94-13-58|52-88-62-11-64-49-36-47-19-7
159,10,1008.6578,98.7468,76.0,228.6904,0,10,8.511598,8.526353,True,5-85-91-97-87-53|26-75-56-23-67-39-55-4-25-54|28-12-80-76-3-79-78-34-29-24-68-77|50-33-81-51-9-35-71-65-66-20|27-69-1-70-30-32-90-63-10-31|52-88-62-19-11-64-49-36-47-48|57-42-43-15-41-22-74-72-73-21-58|7-82-46-8-45-84-17-83-60-18-89|92-98-61-16-44-38-86-14-100-37-96|6-99-93-59-95-94-13-2-40
160,10,1008.8414,82.6675,51.0,228.9207,0,10,8.56668,8.576612,True,5-85-91-97-87-53|26-75-56-23-67-39-55-4-25-54|28-12-80-76-3-79-78-34-29-24-68-77|50-33-81-35-9-71-65-66-20-51|27-69-1-70-30-32-90-63-10-88-31|52-7-62-11-64-49-36-47-46-18|2-57-43-15-41-22-74-72-73-21-40-58|19-48-82-8-45-84-17-83-60-89|92-98-61-16-44-38-86-14-42-100-37|6-96-99-93-59-95-94-13
161,10,1009.5545,37.5474,134.0,228.2433,0,10,8.780588,8.792165,True,89-18-96-99-5-84-17-61-85-93-59-6|95-92-98-44-14-38-86-16-91-100-37-97|2-57-15-43-42-87-74-4-26|41-22-73-40-53|21-72-75-56-23-67-39-55-25-54|12-80-68-76-3-79-78-34-29-24-77-28|50-33-81-35-9-71-65-66-20-51|27-69-1-70-30-32-90-10-31|7-82-48-46-8-45-83-60-94-13-58|52-88-62-11-63-64-49-36-47-19
162,10,1009.9421,80.9924,76.0,228.6904,0,10,8.89689,8.909367,True,5-85-91-97-87-53|26-75-56-23-67-39-55-4-25-54|28-12-80-76-3-79-78-34-29-24-68-77|50-33-81-35-9-71-65-66-20-51|27-69-1-70-30-32-90-63-10-31|52-88-62-19-11-64-49-36-47-48|2-42-43-15-57-41-22-74-72-73-21-58|7-82-46-8-45-84-17-83-60-18-89|92-98-61-16-44-38-86-14-100-37-96|6-99-93-59-95-94-13-40
163,10,1009.9421,80.9924,76.0,228.6904,0,10,8.89689,8.909367,True,5-85-91-97-87-53|26-75-56-23-67-39-55-4-25-54|28-12-80-76-3-79-78-34-29-24-68-77|50-33-81-35-9-71-65-66-20-51|27-69-1-70-30-32-90-63-10-31|52-88-62-19-11-64-49-36-47-48|2-42-43-15-57-41-22-74-72-73-21-58|7-82-46-8-45-84-17-83-60-18-89|92-98-61-16-44-38-86-14-100-37-96|6-99-93-59-95-94-13-40
164,9,1010.0874,4.9729,83.0,228.6267,0,9,8.94048,8.941988,True,92-98-91-44-14-38-86-16-61-85-100-37|2-57-15-43-42-87-97-95-94-6-13-58-40|72-75-56-23-67-39-55-4-25-54|28-12-80-76-3-79-78-34-29-24-68-77|50-33-81-35-9-71-65-66-20-51|26-69-1-70-30-32-90-63-10-31-27|52-88-62-11-64-49-36-47-48-7|89-60-93-59-99-96-53-21-73-74-22-41|5-83-45-17-84-8-46-19-82-18
165,9,1010.0874,4.9729,83.0,228.6267,0,9,8.94048,8.941988,True,92-98-91-44-14-38-86-16-61-85-100-37|2-57-15-43-42-87-97-95-94-6-13-58-40|72-75-56-23-67-39-55-4-25-54|28-12-80-76-3-79-78-34-29-24-68-77|50-33-81-35-9-71-65-66-20-51|26-69-1-70-30-32-90-63-10-31-27|52-88-62-11-64-49-36-47-48-7|89-60-93-59-99-96-53-21-73-74-22-41|5-83-45-17-84-8-46-19-82-18
166,10,1010.446,156.3624,98.0,227.6063,0,10,16.764039,16.79001,True,6-96-99-5-84-17-61-85-93-59-94|95-92-98-16-44-38-86-91-100-37-97|2-57-15-43-42-87-14-13-58|53-40-41-22-74-73-21-26|72-75-56-23-67-39-55-4-25-54|28-12-76-3-79-78-34-29-24-80-68|50-33-81-51-9-35-71-65-66-20|27-1-69-31-10-63-90-32-30-70-77|18-82-19-46-8-45-83-60-89|52-88-62-11-64-49-36-47-48-7
167,10,1010.446,156.3624,98.0,227.6063,0,10,16.764039,16.79001,True,6-96-99-5-84-17-61-85-93-59-94|95-92-98-16-44-38-86-91-100-37-97|2-57-15-43-42-87-14-13-58|53-40-41-22-74-73-21-26|72-75-56-23-67-39-55-4-25-54|28-12-76-3-79-78-34-29-24-80-68|50-33-81-51-9-35-71-65-66-20|27-1-69-31-10-63-90-32-30-70-77|18-82-19-46-8-45-83-60-89|52-88-62-11-64-49-36-47-48-7
168,10,1010.4544,40.9359,124.0,228.2433,0,10,9.050567,9.061922,True,92-89-6-96-99-5-84-17-61-85-93-59|95-98-44-14-38-86-16-91-100-37-97|2-57-15-43-42-87-74-4-26|41-22-73-40-53|21-72-75-56-23-67-39-55-25-54|12-80-68-76-3-79-78-34-29-24-77-28|50-33-81-51-9-35-71-65-66-20|27-69-1-70-30-32-90-63-10-31|18-82-48-46-8-45-83-60-94-13-58|52-88-62-11-64-49-36-47-19-7
169,10,1010.529,88.7348,52.0,228.6267,0,10,9.072959,9.084364,True,5-85-93-97-87-53|21-75-56-23-67-39-55-4-25-54|28-12-80-76-3-79-78-34-29-24-68-77|50-33-81-51-9-35-71-65-66-20|27-69-1-70-30-32-90-63-10-31|52-88-62-11-64-49-36-47-46-82|57-42-43-15-41-22-74-72-73-2-58|7-19-48-8-45-84-17-83-60-18|92-98-61-16-44-38-86-14-91-100-37|89-6-96-99-59-95-94-13-40-26
170,10,1010.5667,87.1597,72.0,228.7364,0,10,9.084252,9.097448,True,92-93-85-42-87-53|26-75-56-23-67-39-55-4-25-54|28-12-80-76-3-79-78-34-29-24-68-77|50-33-81-35-9-71-65-66-20-51|27-69-1-70-30-32-90-63-10-31|52-88-62-19-11-64-49-36-46-82|2-57-43-15-41-22-74-72-73-21-40-58|6-96-61-44-14-38-86-16-91-100-37-97|60-45-17-84-5-98-95-13|94-59-99-83-8-47-48-7-18-89
171,10,1010.5667,87.1597,72.0,228.7364,0,10,9.084252,9.097448,True,92-93-85-42-87-53|26-75-56-23-67-39-55-4-25-54|28-12-80-76-3-79-78-34-29-24-68-77|50-33-81-35-9-71-65-66-20-51|27-69-1-70-30-32-90-63-10-31|52-88-62-19-11-64-49-36-46-82|2-57-43-15-41-22-74-72-73-21-40-58|6-96-61-44-14-38-86-16-91-100-37-97|60-45-17-84-5-98-95-13|94-59-99-83-8-47-48-7-18-89
172,10,1010.9295,144.8246,109.0,226.7204,0,10,15.033363,15.058715,True,94-96-59-93-99-17-84-5-6-77|92-98-91-44-14-38-86-16-61-85-100-37|2-57-15-43-42-87-97-95-13-58|53-40-41-22-74-73-21-26|72-75-56-23-67-39-55-4-25-54|28-12-76-3-79-78-34-29-24-80-68|50-33-81-35-9-71-65-66-20-51|27-69-1-70-30-32-90-63-10-31|18-82-19-46-8-45-83-60-89|52-88-62-11-64-49-36-47-48-7
173,10,1011.0314,195.5598,90.0,227.6063,0,10,22.643654,22.67488,True,6-96-99-84-61-14-85-93-59-94|95-92-98-16-44-38-86-91-100-37-97|2-57-15-43-42-87-13-58|53-40-41-22-74-73-21-26|72-75-56-23-67-39-55-4-25-54|28-12-76-3-79-78-34-29-24-80-68|50-33-81-51-9-35-71-65-66-20|27-1-69-31-10-63-90-32-30-70-77|5-17-45-46-8-82-7-18-83-60-89|52-88-62-19-11-64-49-36-47-48
174,10,1011.0314,195.5598,90.0,227.6063,0,10,22.643654,22.67488,True,6-96-99-84-61-14-85-93-59-94|95-92-98-16-44-38-86-91-100-37-97|2-57-15-43-42-87-13-58|53-40-41-22-74-73-21-26|72-75-56-23-67-39-55-4-25-54|28-12-76-3-79-78-34-29-24-80-68|50-33-81-51-9-35-71-65-66-20|27-1-69-31-10-63-90-32-30-70-77|5-17-45-46-8-82-7-18-83-60-89|52-88-62-19-11-64-49-36-47-48
175,10,1012.0054,88.3516,71.0,228.6904,0,10,9.515861,9.52956,True,85-91-98-97-87-53|26-75-56-23-67-39-55-4-25-54|28-12-80-76-3-79-78-34-29-24-68-77|50-33-81-51-9-35-71-65-66-20|27-69-1-70-30-32-90-63-10-31|52-88-62-19-11-64-49-36-47-48|2-42-43-15-57-41-22-74-72-73-40-58|7-82-46-8-45-84-17-5-60-83-18|92-61-16-44-38-86-14-100-37-94|89-6-96-99-93-59-95-13-21
176,10,1012.0462,87.0272,72.0,228.6267,0,10,9.528104,9.541708,True,5-85-91-97-87-53|26-72-56-23-67-39-55-4-25-54|28-12-80-76-3-79-78-34-29-24-68-77|50-33-81-51-9-35-71-65-66-20|27-69-1-70-30-32-90-63-10-31|52-88-62-11-64-49-36-46-47-48|57-42-43-15-41-22-75-74-73-21-40-58|7-19-82-8-45-84-17-83-60-18-89|92-98-61-16-44-38-86-14-100-37-94|6-96-99-93-59-95-13-2
177,10,1012.558,74.4918,58.0,228.6904,0,10,9.681655,9.692142,True,5-85-91-97-87-53|26-75-56-23-67-39-55-4-25-54|28-12-80-76-3-79-78-34-29-24-68-77|50-33-81-51-9-35-71-65-66-20|27-69-1-70-30-32-90-63-10-31|52-88-62-11-64-49-36-46-47-48|2-42-43-15-57-41-22-74-72-73-21-58|7-19-82-8-45-84-17-83-60-18-89|92-98-61-16-44-38-86-14-100-37|6-96-99-93-59-95-94-13-40
178,9,1012.6805,3.0189,90.0,228.6041,0,9,9.718388,9.721077,True,92-98-91-44-14-38-86-16-61-85-100-37|2-57-15-43-42-87-97-95-94-6-13-58|72-75-56-23-67-39-55-4-25-54|40-26-12-76-3-79-78-34-29-24-80-68|50-33-81-35-9-71-65-66-20-51|28-1-69-31-10-63-90-32-30-70-77|52-88-62-11-64-49-36-47-48-82-18|89-60-93-59-99-96-53-21-73-74-22-41|5-83-45-17-84-8-46-19-7-27
179,10,1012.8068,84.8171,66.0,228.6267,0,10,9.756281,9.769181,True,5-85-91-97-87-53|21-73-72-56-23-67-39-55-25-54-26|28-12-80-76-3-79-78-34-29-24-68-77|50-33-81-51-9-35-71-65-66-20|27-69-1-70-30-32-90-63-10-31|52-88-62-11-64-49-36-46-47-48|57-42-43-15-41-22-75-74-4-40-58|7-19-82-8-45-84-17-83-60-18-89|92-98-61-16-44-38-86-14-100-37-96|6-99-93-59-95-94-13-2
180,10,1012.8068,84.8171,66.0,228.6267,0,10,9.756281,9.769181,True,5-85-91-97-87-53|21-73-72-56-23-67-39-55-25-54-26|28-12-80-76-3-79-78-34-29-24-68-77|50-33-81-51-9-35-71-65-66-20|27-69-1-70-30-32-90-63-10-31|52-88-62-11-64-49-36-46-47-48|57-42-43-15-41-22-75-74-4-40-58|7-19-82-8-45-84-17-83-60-18-89|92-98-61-16-44-38-86-14-100-37-96|6-99-93-59-95-94-13-2
181,10,1013.1957,98.1367,51.0,228.6904,0,10,9.872969,9.886493,True,5-85-91-97-87-53|26-75-56-23-67-39-55-4-25-54|28-12-80-76-3-79-78-34-29-24-68-77|50-33-81-51-9-35-71-65-66-20|27-69-1-70-30-32-90-63-10-31|52-88-62-11-64-49-36-47-46-82|57-42-43-15-41-22-74-72-73-21-58|7-19-48-8-45-84-17-83-60-18-89|92-98-61-16-44-38-86-14-100-37-96|6-99-93-59-95-94-13-2-40
182,10,1013.6832,83.2967,100.0,226.0805,0,10,10.019202,10.035155,True,94-96-59-93-99-17-84-5-6|92-98-91-44-14-38-86-16-61-85-100-37|27-69-53-40-41-22-74-73-21-26|72-75-56-23-67-39-55-4-25-54|28-12-76-3-79-78-29-24-80-68-77|18-82-19-46-8-45-83-60-89|52-88-62-11-64-49-36-47-48-7|2-57-15-43-42-87-97-95-13-58|20-66-65-71-9-35-34-81-33|1-50-51-30-32-90-63-10-70-31
183,10,1013.6832,83.2967,100.0,226.0805,0,10,10.019202,10.035155,True,94-96-59-93-99-17-84-5-6|92-98-91-44-14-38-86-16-61-85-100-37|27-69-53-40-41-22-74-73-21-26|72-75-56-23-67-39-55-4-25-54|28-12-76-3-79-78-29-24-80-68-77|18-82-19-46-8-45-83-60-89|52-88-62-11-64-49-36-47-48-7|2-57-15-43-42-87-97-95-13-58|20-66-65-71-9-35-34-81-33|1-50-51-30-32-90-63-10-70-31
184,10,1013.6954,68.8705,57.0,228.7364,0,10,10.022882,10.032773,True,61-85-37-97-87-53|26-75-56-23-67-39-55-4-25-54|28-12-80-76-3-79-78-34-29-24-68-77|50-33-81-51-9-35-71-65-66-20|27-69-1-70-30-32-90-63-10-31|52-88-62-11-64-49-36-47-46-18|2-57-43-15-41-22-74-72-73-21-40-58|7-19-48-8-45-84-17-83-82-89|92-98-91-44-38-86-16-14-42-100-96|6-60-5-93-99-59-95-94-13
185,10,1013.6954,68.8705,57.0,228.7364,0,10,10.022882,10.032773,True,61-85-37-97-87-53|26-75-56-23-67-39-55-4-25-54|28-12-80-76-3-79-78-34-29-24-68-77|50-33-81-51-9-35-71-65-66-20|27-69-1-70-30-32-90-63-10-31|52-88-62-11-64-49-36-47-46-18|2-57-43-15-41-22-74-72-73-21-40-58|7-19-48-8-45-84-17-83-82-89|92-98-91-44-38-86-16-14-42-100-96|6-60-5-93-99-59-95-94-13
186,10,1015.6277,81.4193,153.0,226.9405,0,10,10.602554,10.624238,True,28-26-53|72-75-56-23-67-39-55-4-25-54|12-80-3-76-79-33-81-29-24-68-77|78-34-35-9-71-65-66-20-51|27-69-1-50-70-30-32-90-63-10-31|52-88-62-11-64-49-36-46-47-48|2-57-15-43-42-87-41-22-74-73-21-40|7-19-82-8-45-84-17-5-83-60-89|18-61-44-14-38-86-16-85-91-100-37|6-59-92-98-93-99-96-94-95-97-13-58
187,11,1016.6349,377.1413,136.0,226.0386,0,11,49.880871,49.94568,True,6-96-99-5-84-17-61-85-93-59-94|95-92-98-44-14-38-86-16-91-100-37-97|2-57-15-43-42-87-13-58|53-40-41-22-74-73-21-26|72-75-56-23-67-39-55-4-25-54|68-3-33-81-79-78-34-29-24-80-12|76-9-35-71-65-66|27-69-70-30-51-20-32-90-63-10-31|52-7-82-8-46-45-83-60-18-89|88-62-19-11-64-49-36-47-48|1-50-77-28
188,10,1017.1216,58.265,147.0,227.9214,0,10,11.050729,11.068935,True,72-75-56-23-67-39-55-4-25-54|28-26-12-76-3-79-78-34-29-24-80-68|50-33-81-51-9-35-71-65-66-20|27-1-69-31-10-63-90-32-30-70-77|52-88-62-11-64-49-36-46-47-48|57-42-43-15-41-22-74-73-21-2-58|7-19-82-8-45-84-17-83-60-18-89|92-37-14-44-38-86-16-61-85-91-100-98|96-59-93-5-99-95-87-97-13|6-94-40-53
189,10,1017.1216,58.265,147.0,227.9214,0,10,11.050729,11.068935,True,72-75-56-23-67-39-55-4-25-54|28-26-12-76-3-79-78-34-29-24-80-68|50-33-81-51-9-35-71-65-66-20|27-1-69-31-10-63-90-32-30-70-77|52-88-62-11-64-49-36-46-47-48|57-42-43-15-41-22-74-73-21-2-58|7-19-82-8-45-84-17-83-60-18-89|92-37-14-44-38-86-16-61-85-91-100-98|96-59-93-5-99-95-87-97-13|6-94-40-53
190,10,1017.2164,115.5914,95.0,226.7204,0,10,11.079181,11.100634,True,6-96-99-5-84-17-61-85-93-59-94|95-92-98-44-14-38-86-16-91-100-37-97|2-57-15-43-42-87-13-58|24-53-40-41-22-74-73-21-26|72-75-56-23-67-39-55-4-25-54|28-12-80-76-3-79-78-34-29-68-77|50-33-81-35-9-71-65-66-20-51|27-69-1-70-30-32-90-63-10-31|18-82-19-46-8-45-83-60-89|52-88-62-11-64-49-36-47-48-7
191,10,1017.2164,115.5914,95.0,226.7204,0,10,11.079181,11.100634,True,6-96-99-5-84-17-61-85-93-59-94|95-92-98-44-14-38-86-16-91-100-37-97|2-57-15-43-42-87-13-58|24-53-40-41-22-74-73-21-26|72-75-56-23-67-39-55-4-25-54|28-12-80-76-3-79-78-34-29-68-77|50-33-81-35-9-71-65-66-20-51|27-69-1-70-30-32-90-63-10-31|18-82-19-46-8-45-83-60-89|52-88-62-11-64-49-36-47-48-7
192,10,1017.5778,86.1124,37.0,228.6267,0,10,11.187579,11.199205,True,5-61-85-97-87-53|26-21-56-23-67-39-55-4-25-54|28-12-80-76-3-79-78-34-29-24-68-77|50-33-81-51-9-35-71-65-66-20|27-69-1-70-30-32-90-63-10-31-7|52-88-62-11-64-49-36-47-46-18|57-42-43-15-41-22-75-74-72-73-2-58|19-48-82-8-45-84-17-83-60-89|92-98-91-16-44-38-86-14-100-37-96|6-99-93-59-95-94-13-40
193,10,1017.5778,86.1124,37.0,228.6267,0,10,11.187579,11.199205,True,5-61-85-97-87-53|26-21-56-23-67-39-55-4-25-54|28-12-80-76-3-79-78-34-29-24-68-77|50-33-81-51-9-35-71-65-66-20|27-69-1-70-30-32-90-63-10-31-7|52-88-62-11-64-49-36-47-46-18|57-42-43-15-41-22-75-74-72-73-2-58|19-48-82-8-45-84-17-83-60-89|92-98-91-16-44-38-86-14-100-37-96|6-99-93-59-95-94-13-40
194,10,1018.7159,74.8408,100.0,226.7204,0,10,11.529023,11.545313,True,94-96-59-93-99-17-84-5-6|92-98-91-44-14-38-86-16-61-85-100-37|2-57-15-43-42-87-97-95-13-58|28-24-26-53-40-21-73-74-22-41|72-75-56-23-67-39-55-4-25-54|12-76-3-79-78-34-29-80-68-77|50-33-81-35-9-71-65-66-20-51|27-69-1-70-30-32-90-63-10-31|18-82-19-46-8-45-83-60-89|52-88-62-11-64-49-36-47-48-7
195,10,1018.7159,74.8408,100.0,226.7204,0,10,11.529023,11.545313,True,94-96-59-93-99-17-84-5-6|92-98-91-44-14-38-86-16-61-85-100-37|2-57-15-43-42-87-97-95-13-58|28-24-26-53-40-21-73-74-22-41|72-75-56-23-67-39-55-4-25-54|12-76-3-79-78-34-29-80-68-77|50-33-81-35-9-71-65-66-20-51|27-69-1-70-30-32-90-63-10-31|18-82-19-46-8-45-83-60-89|52-88-62-11-64-49-36-47-48-7
196,10,1020.0166,78.7123,56.0,228.6267,0,10,11.919232,11.932379,True,5-85-91-97-87-53|26-21-56-23-67-39-55-4-25-54|28-12-80-76-3-79-78-34-29-24-68-77|50-33-81-35-9-71-65-66-20-51|27-69-1-70-30-32-90-63-10-31|52-88-62-11-64-49-36-46-47-48|57-42-43-15-41-22-75-74-72-73-2-58|7-19-82-8-45-84-17-83-60-18-89|92-98-61-16-44-38-86-14-100-37-96|6-99-93-59-95-94-13-40
197,10,1020.0166,78.7123,56.0,228.6267,0,10,11.919232,11.932379,True,5-85-91-97-87-53|26-21-56-23-67-39-55-4-25-54|28-12-80-76-3-79-78-34-29-24-68-77|50-33-81-35-9-71-65-66-20-51|27-69-1-70-30-32-90-63-10-31|52-88-62-11-64-49-36-46-47-48|57-42-43-15-41-22-75-74-72-73-2-58|7-19-82-8-45-84-17-83-60-18-89|92-98-61-16-44-38-86-14-100-37-96|6-99-93-59-95-94-13-40
198,10,1022.8069,29.8911,113.0,228.2433,0,10,12.756334,12.768638,True,6-96-5-61-85-93-99-59-95|94-92-98-44-14-38-86-16-91-100-37-97|2-57-15-43-42-87-21-74-13-58|26-73-22-41-40-53|72-75-56-23-67-39-55-4-25-54|12-80-68-76-3-79-78-34-29-24-77-28|1-50-33-81-9-35-65-71-20-51|27-69-70-30-66-32-90-63-10-31|7-19-48-82-8-84-17-45-83-60-89|52-88-62-11-64-49-36-47-46-18
199,10,1023.0331,59.3709,58.0,228.7364,0,10,12.824195,12.835562,True,5-85-91-97-87-53|26-75-56-23-67-39-55-4-25-54|28-12-80-76-3-79-78-34-29-24-68-77|50-33-81-35-9-71-65-66-20-51|27-69-1-70-30-32-90-63-10-88-31|52-7-62-11-64-49-36-47-46-18|2-42-43-15-41-22-74-72-73-21-40-58|19-48-82-8-45-84-17-83-60-89|92-98-61-16-44-38-86-14-100-37-95|6-94-96-99-93-59-57-13
200,10,1023.0331,59.3709,58.0,228.7364,0,10,12.824195,12.835562,True,5-85-91-97-87-53|26-75-56-23-67-39-55-4-25-54|28-12-80-76-3-79-78-34-29-24-68-77|50-33-81-35-9-71-65-66-20-51|27-69-1-70-30-32-90-63-10-88-31|52-7-62-11-64-49-36-47-46-18|2-42-43-15-41-22-74-72-73-21-40-58|19-48-82-8-45-84-17-83-60-89|92-98-61-16-44-38-86-14-100-37-95|6-94-96-99-93-59-57-13
201,10,1023.2108,45.1505,83.0,228.2433,0,10,12.877496,12.88921,True,95-92-98-44-14-38-86-16-91-100-37-97|2-57-15-43-42-87-73-74-4-26|12-80-68-76-3-79-78-34-29-24-77-28|50-33-81-35-9-71-65-66-20-51|27-69-1-70-30-32-90-63-10-31|18-82-48-46-8-45-83-60-94-13-58|52-88-62-11-64-49-36-47-19-7|6-96-59-99-84-17-61-85-93-5-89|21-41-75-56-67-39-55-25-54|40-22-23-72-53
202,10,1023.2108,45.1505,83.0,228.2433,0,10,12.877496,12.88921,True,95-92-98-44-14-38-86-16-91-100-37-97|2-57-15-43-42-87-73-74-4-26|12-80-68-76-3-79-78-34-29-24-77-28|50-33-81-35-9-71-65-66-20-51|27-69-1-70-30-32-90-63-10-31|18-82-48-46-8-45-83-60-94-13-58|52-88-62-11-64-49-36-47-19-7|6-96-59-99-84-17-61-85-93-5-89|21-41-75-56-67-39-55-25-54|40-22-23-72-53
203,10,1026.8126,171.4204,92.0,226.2985,0,10,19.022744,19.055087,True,6-96-99-5-84-17-61-85-93-59-94|95-92-98-44-14-38-86-16-91-100-37-97|76-53-41-22-75-74-72-26|28-12-80-68-3-79-33-81-78-34-29-24|27-1-69-70-30-51-20-32-90-63-10-31|52-7-82-8-46-45-83-60-18-89|88-62-19-11-64-49-36-47-48|2-57-15-43-42-87-13-58-40|21-73-56-23-67-39-55-4-25-54|66-65-71-9-35-77-50
204,10,1026.8126,171.4204,92.0,226.2985,0,10,19.022744,19.055087,True,6-96-99-5-84-17-61-85-93-59-94|95-92-98-44-14-38-86-16-91-100-37-97|76-53-41-22-75-74-72-26|28-12-80-68-3-79-33-81-78-34-29-24|27-1-69-70-30-51-20-32-90-63-10-31|52-7-82-8-46-45-83-60-18-89|88-62-19-11-64-49-36-47-48|2-57-15-43-42-87-13-58-40|21-73-56-23-67-39-55-4-25-54|66-65-71-9-35-77-50
205,10,1028.5323,63.1566,106.0,227.7881,0,10,14.473949,14.492193,True,94-96-59-93-99-17-84-5-6|92-98-91-44-14-38-86-16-61-85-100-37|2-57-15-43-42-87-97-95-13-58|24-53-40-22-41-74-73-21-26|72-75-56-23-67-39-55-4-25-54|28-12-80-76-3-79-78-34-29-68-77|50-33-81-35-9-71-65-66-20-51|27-69-1-70-30-32-90-63-10-31|18-82-19-46-8-45-83-60-89|52-88-62-11-64-49-36-47-48-7
206,10,1028.5323,63.1566,106.0,227.7881,0,10,14.473949,14.492193,True,94-96-59-93-99-17-84-5-6|92-98-91-44-14-38-86-16-61-85-100-37|2-57-15-43-42-87-97-95-13-58|24-53-40-22-41-74-73-21-26|72-75-56-23-67-39-55-4-25-54|28-12-80-76-3-79-78-34-29-68-77|50-33-81-35-9-71-65-66-20-51|27-69-1-70-30-32-90-63-10-31|18-82-19-46-8-45-83-60-89|52-88-62-11-64-49-36-47-48-7
207,10,1029.5062,139.0664,93.0,227.6063,0,10,14.766117,14.794711,True,6-96-99-5-84-17-61-85-93-59-94|95-92-98-44-14-38-86-16-91-100-37-97|2-57-15-43-42-87-13-58|70-53-40-41-22-74-73-21-26|72-75-56-23-67-39-55-4-25-54|28-50-3-76-79-78-34-29-24-80-77|12-68-81-9-35-71-65-66-20|27-69-1-33-51-30-32-90-63-10-31|18-82-19-46-8-45-83-60-89|52-88-62-11-64-49-36-47-48-7
208,10,1029.899,68.958,49.0,228.6904,0,10,14.883949,14.897907,True,6-96-59-85-97-87-53|26-75-56-23-67-39-55-4-25-54|28-12-80-76-3-79-78-34-29-24-68-77|50-33-81-35-9-71-65-66-20-51|27-69-1-70-30-32-90-63-10-31|52-88-62-11-64-49-36-47-82-83|2-42-43-15-57-41-22-74-72-73-21-58|92-61-44-14-38-86-16-91-100-18|89-99-93-98-37-95-94-13-40|60-5-45-17-84-8-46-48-19-7
209,10,1029.899,68.958,49.0,228.6904,0,10,14.883949,14.897907,True,6-96-59-85-97-87-53|26-75-56-23-67-39-55-4-25-54|28-12-80-76-3-79-78-34-29-24-68-77|50-33-81-35-9-71-65-66-20-51|27-69-1-70-30-32-90-63-10-31|52-88-62-11-64-49-36-47-82-83|2-42-43-15-57-41-22-74-72-73-21-58|92-61-44-14-38-86-16-91-100-18|89-99-93-98-37-95-94-13-40|60-5-45-17-84-8-46-48-19-7
210,10,1031.2743,84.2055,76.0,227.6063,0,10,15.296531,15.315726,True,5-93-85-91-87-53|72-75-56-23-67-39-55-4-25-54|28-26-12-76-3-79-78-34-29-24-80-68|50-33-81-51-9-35-71-65-66-20|27-1-69-31-10-63-90-32-30-70-77|52-88-62-11-64-49-36-46-47-48|57-42-43-15-41-22-74-73-21-2-58|7-19-82-8-45-84-17-83-60-18-89|92-98-61-16-44-38-86-14-100-37-97|6-96-99-59-95-94-13-40
211,10,1031.6585,83.8213,76.0,227.6063,0,10,15.411803,15.431057,True,5-93-85-91-87-53|72-75-56-23-67-39-55-4-25-54|28-26-12-76-3-79-78-34-29-24-80-68|50-33-81-51-9-35-71-65-66-20|27-1-69-31-10-63-90-32-30-70-77|52-88-62-11-64-49-36-46-47-48|57-42-43-15-41-22-74-73-21-2-58|7-19-82-8-45-84-17-83-60-18-89|92-98-61-16-44-38-86-14-100-37-97|6-94-96-99-59-95-13-40
212,10,1032.0452,28.8214,123.0,228.2433,0,10,15.527826,15.543741,True,6-5-61-85-93-99-96-95-94-13|59-92-98-44-14-38-86-16-91-100-37-97|2-57-15-43-42-87-74-21-58|26-73-22-41-40-53|72-75-56-23-67-39-55-4-25-54|12-80-68-76-3-79-78-34-29-24-77-28|27-1-50-33-81-9-35-65-71-20-51|52-69-70-30-66-32-90-63-10|7-19-82-8-45-84-17-83-60-18-89|31-88-62-11-64-49-36-46-47-48
213,10,1032.6437,100.942,89.0,226.7204,0,10,15.707354,15.730638,True,6-96-99-5-84-17-61-85-93-59-94|95-92-98-44-14-38-86-16-91-100-37-97|2-57-15-43-42-87-13-58|34-53-40-41-22-74-73-21-26|72-75-56-23-67-39-55-4-25-54|28-12-80-76-3-79-78-29-24-68-77|50-33-81-35-9-71-65-66-20-51|27-69-1-70-30-32-90-63-10-31|18-82-19-46-8-45-83-60-89|52-88-62-11-64-49-36-47-48-7
214,10,1032.6437,100.942,89.0,226.7204,0,10,15.707354,15.730638,True,6-96-99-5-84-17-61-85-93-59-94|95-92-98-44-14-38-86-16-91-100-37-97|2-57-15-43-42-87-13-58|34-53-40-41-22-74-73-21-26|72-75-56-23-67-39-55-4-25-54|28-12-80-76-3-79-78-29-24-68-77|50-33-81-35-9-71-65-66-20-51|27-69-1-70-30-32-90-63-10-31|18-82-19-46-8-45-83-60-89|52-88-62-11-64-49-36-47-48-7
215,10,1035.9412,54.2622,56.0,228.6904,0,10,16.696618,16.710885,True,93-85-97-87-53|26-75-56-23-67-39-55-4-25-54|28-12-80-76-3-79-78-34-29-24-68-77|50-33-81-35-9-71-65-66-20-51|27-69-1-70-30-32-90-63-10-31|52-88-62-11-64-49-36-47-83-60|2-42-43-15-57-41-22-74-72-73-21-58|92-98-44-14-38-86-16-61-91-100-37|48-46-45-17-84-5-95-13-40|6-94-96-59-99-8-82-19-7-18-89
216,10,1036.6281,21.4445,114.0,228.2433,0,10,16.90268,16.917963,True,6-96-5-61-85-93-99-95-94|59-92-98-44-14-38-86-16-91-100-37-97|2-57-15-43-42-87-21-74-13-58|26-73-22-41-40-53|72-75-56-23-67-39-55-4-25-54|12-80-68-76-3-79-78-34-29-24-77-28|27-50-33-81-9-35-65-71-20-51|52-69-1-70-30-66-32-90-63-10|7-19-48-82-8-84-17-45-83-60-89|31-88-62-11-64-49-36-47-46-18
217,10,1036.6281,21.4445,114.0,228.2433,0,10,16.90268,16.917963,True,6-96-5-61-85-93-99-95-94|59-92-98-44-14-38-86-16-91-100-37-97|2-57-15-43-42-87-21-74-13-58|26-73-22-41-40-53|72-75-56-23-67-39-55-4-25-54|12-80-68-76-3-79-78-34-29-24-77-28|27-50-33-81-9-35-65-71-20-51|52-69-1-70-30-66-32-90-63-10|7-19-48-82-8-84-17-45-83-60-89|31-88-62-11-64-49-36-47-46-18
218,11,1038.109,53.925,174.0,227.3944,0,11,17.346966,17.373738,True,6-96-99-5-84-17-61-85-93-59-94|95-92-98-44-14-38-86-16-91-100-37-97|2-57-15-43-42-87-74-73-58|26-21-22-41-40-53|72-75-56-23-67-39-55-4-25-54|12-80-68-76-3-79-78-34-29-24-77|33-81-35-9-71-65-66-20-51|28-50-1-69-70-30-32-90-63-10-31-27|88-7-82-46-8-45-83-60-13|52-19-62-11-64-49-36-47-48-18|89
219,11,1038.109,53.925,174.0,227.3944,0,11,17.346966,17.373738,True,6-96-99-5-84-17-61-85-93-59-94|95-92-98-44-14-38-86-16-91-100-37-97|2-57-15-43-42-87-74-73-58|26-21-22-41-40-53|72-75-56-23-67-39-55-4-25-54|12-80-68-76-3-79-78-34-29-24-77|33-81-35-9-71-65-66-20-51|28-50-1-69-70-30-32-90-63-10-31-27|88-7-82-46-8-45-83-60-13|52-19-62-11-64-49-36-47-48-18|89
220,10,1038.7461,56.2702,51.0,228.6904,0,10,17.538081,17.55299,True,5-85-91-97-87-53|26-75-56-23-67-39-55-4-25-54|28-12-80-76-3-79-78-34-29-24-68-77|50-33-81-51-9-35-71-65-66-20|27-69-1-70-30-32-90-63-10-31|52-88-62-11-64-49-36-47-46-18|57-42-43-15-41-22-74-72-73-21-58|7-19-48-8-45-84-17-83-60-89|92-98-61-16-44-38-86-14-100-37-96|82-6-99-93-59-95-94-13-2-40
221,10,1039.2059,42.0326,60.0,228.6904,0,10,17.676014,17.689826,True,5-85-91-97-87-53|26-75-56-23-67-39-55-4-25-54|28-12-80-76-3-79-78-34-29-24-68-77|50-33-81-35-9-71-65-66-20-51|27-69-1-70-30-32-90-63-10-31|52-88-62-11-64-49-36-47-46-18|2-57-42-15-43-41-22-74-72-73-21-58|7-19-48-8-45-84-17-83-60-89|92-93-61-16-44-38-86-14-100-37-98|82-6-96-99-59-95-94-13-40
222,10,1039.2059,42.0326,60.0,228.6904,0,10,17.676014,17.689826,True,5-85-91-97-87-53|26-75-56-23-67-39-55-4-25-54|28-12-80-76-3-79-78-34-29-24-68-77|50-33-81-35-9-71-65-66-20-51|27-69-1-70-30-32-90-63-10-31|52-88-62-11-64-49-36-47-46-18|2-57-42-15-43-41-22-74-72-73-21-58|7-19-48-8-45-84-17-83-60-89|92-93-61-16-44-38-86-14-100-37-98|82-6-96-99-59-95-94-13-40
223,10,1040.2166,72.1166,76.0,227.6063,0,10,17.979238,17.999303,True,93-85-91-87-53|72-75-56-23-67-39-55-4-25-54|28-26-12-76-3-79-78-34-29-24-80-68|50-33-81-51-9-35-71-65-66-20|27-1-69-31-10-63-90-32-30-70-77|52-88-62-11-64-49-36-46-47-48|57-42-43-15-41-22-74-73-21-2-58|7-19-82-8-45-84-17-5-83-60-89|92-98-61-16-44-38-86-14-100-37-97|18-6-96-99-59-95-94-13-40
224,10,1040.2166,72.1166,76.0,227.6063,0,10,17.979238,17.999303,True,93-85-91-87-53|72-75-56-23-67-39-55-4-25-54|28-26-12-76-3-79-78-34-29-24-80-68|50-33-81-51-9-35-71-65-66-20|27-1-69-31-10-63-90-32-30-70-77|52-88-62-11-64-49-36-46-47-48|57-42-43-15-41-22-74-73-21-2-58|7-19-82-8-45-84-17-5-83-60-89|92-98-61-16-44-38-86-14-100-37-97|18-6-96-99-59-95-94-13-40
225,11,1042.2835,220.6501,155.0,226.0386,0,11,26.407197,26.458127,True,6-96-99-5-84-17-61-85-93-59-94|95-92-98-44-14-38-86-16-91-100-37-97|2-57-15-43-42-87-13-58|53-40-41-22-74-73-21-26|72-75-56-23-67-39-55-4-25-54|28-12-76-3-79-78-29-24-80-68-77|50-33-81-9-35-71-66-20-51|27-69-1-70-30-32-90-63-10-31|18-82-19-46-8-45-83-60-89|52-88-62-11-64-49-36-47-48-7|34-65
226,10,1042.326,46.0912,56.0,228.6904,0,10,18.612043,18.627,True,5-61-85-97-87-53|26-75-56-23-67-39-55-4-25-54|28-12-80-76-3-79-78-34-29-24-68-77|50-33-81-51-9-35-71-65-66-20|27-69-1-70-30-32-90-63-10-31|88-62-11-64-49-36-47-46-18|2-42-43-15-57-41-22-74-72-21-40-58|7-19-48-8-45-84-17-83-60-89|92-98-91-44-38-86-16-14-100-37|52-82-6-96-99-93-59-95-94-13-73
227,10,1042.326,46.0912,56.0,228.6904,0,10,18.612043,18.627,True,5-61-85-97-87-53|26-75-56-23-67-39-55-4-25-54|28-12-80-76-3-79-78-34-29-24-68-77|50-33-81-51-9-35-71-65-66-20|27-69-1-70-30-32-90-63-10-31|88-62-11-64-49-36-47-46-18|2-42-43-15-57-41-22-74-72-21-40-58|7-19-48-8-45-84-17-83-60-89|92-98-91-44-38-86-16-14-100-37|52-82-6-96-99-93-59-95-94-13-73
228,10,1043.7152,50.4151,51.0,228.6904,0,10,19.028818,19.04434,True,5-85-91-97-87-53|26-75-56-23-67-39-55-4-25-54|28-12-80-76-3-79-78-34-29-24-68-77|50-33-81-35-9-71-65-66-20-51|27-69-1-70-30-32-90-63-10-31|52-88-62-11-64-49-36-47-46-18|57-42-43-15-41-22-74-72-73-21-58|7-19-48-8-45-84-17-83-60-89|92-98-61-16-44-38-86-14-100-37-96|82-6-99-93-59-95-94-13-2-40
229,10,1043.7152,50.4151,51.0,228.6904,0,10,19.028818,19.04434,True,5-85-91-97-87-53|26-75-56-23-67-39-55-4-25-54|28-12-80-76-3-79-78-34-29-24-68-77|50-33-81-35-9-71-65-66-20-51|27-69-1-70-30-32-90-63-10-31|52-88-62-11-64-49-36-47-46-18|57-42-43-15-41-22-74-72-73-21-58|7-19-48-8-45-84-17-83-60-89|92-98-61-16-44-38-86-14-100-37-96|82-6-99-93-59-95-94-13-2-40
230,10,1045.316,12.9875,120.0,228.2433,0,10,19.509064,19.526285,True,6-5-61-85-93-99-96-95-94|59-92-98-44-14-38-86-16-91-100-37-97|2-57-15-43-42-87-74-13-58|41-22-73-21-40-53|72-75-56-23-67-39-55-4-25-54|12-80-68-76-3-79-78-34-29-24-77-28|26-50-33-81-9-35-65-71-20-51|27-52-69-1-70-30-66-32-90-63-10|7-19-82-8-45-84-17-83-60-18-89|31-88-62-11-64-49-36-46-47-48
231,10,1046.8657,24.1157,138.0,224.8785,0,10,19.973955,19.994606,True,27-89-6-96-99-5-84-17-61-85-93-59|95-92-98-44-14-38-86-16-91-100-37-97|57-15-43-42-87-2-74-4-26|41-22-73-40-53|21-72-75-56-23-67-39-55-25-54-28|12-80-68-76-79-81-78-34-29-24-77|1-50-33-51-9-35-65-66-20-30|70-69-31-10-63-90-32-71-3|18-82-48-46-8-45-83-60-94-13-58|52-88-62-11-64-49-36-47-19-7
232,10,1046.8657,24.1157,138.0,224.8785,0,10,19.973955,19.994606,True,27-89-6-96-99-5-84-17-61-85-93-59|95-92-98-44-14-38-86-16-91-100-37-97|57-15-43-42-87-2-74-4-26|41-22-73-40-53|21-72-75-56-23-67-39-55-25-54-28|12-80-68-76-79-81-78-34-29-24-77|1-50-33-51-9-35-65-66-20-30|70-69-31-10-63-90-32-71-3|18-82-48-46-8-45-83-60-94-13-58|52-88-62-11-64-49-36-47-19-7
233,10,1047.0858,34.4469,60.0,228.6904,0,10,20.039983,20.055021,True,93-85-91-97-87-53|26-75-56-23-67-39-55-4-25-54|28-12-80-76-3-79-78-34-29-24-68-77|50-33-81-35-9-71-65-66-20-51|27-69-1-70-30-32-90-63-10-31|52-88-62-11-64-49-36-47-48-18|2-42-43-15-57-41-22-74-72-73-21-58|7-82-46-8-45-84-17-5-83-60-89|92-98-61-16-44-38-86-14-100-37-96|19-6-99-59-95-94-13-40
234,10,1047.0858,34.4469,60.0,228.6904,0,10,20.039983,20.055021,True,93-85-91-97-87-53|26-75-56-23-67-39-55-4-25-54|28-12-80-76-3-79-78-34-29-24-68-77|50-33-81-35-9-71-65-66-20-51|27-69-1-70-30-32-90-63-10-31|52-88-62-11-64-49-36-47-48-18|2-42-43-15-57-41-22-74-72-73-21-58|7-82-46-8-45-84-17-5-83-60-89|92-98-61-16-44-38-86-14-100-37-96|19-6-99-59-95-94-13-40
235,10,1050.28,21.0859,114.0,226.7204,0,10,20.998256,21.017352,True,75-97-99-5-84-17-61-85-93-59-96|95-92-98-44-14-38-86-16-91-100-37-94|2-57-15-43-42-87-21-74-13-58|28-26-22-41-40-53|73-72-56-23-67-39-55-4-25-54|12-80-68-76-3-79-78-34-29-24-77|50-33-81-35-9-71-65-66-20-51|27-69-1-70-30-32-90-63-10-31|6-60-83-45-46-8-82-7-18-89|52-88-62-19-11-64-49-36-47-48
236,10,1050.28,21.0859,114.0,226.7204,0,10,20.998256,21.017352,True,75-97-99-5-84-17-61-85-93-59-96|95-92-98-44-14-38-86-16-91-100-37-94|2-57-15-43-42-87-21-74-13-58|28-26-22-41-40-53|73-72-56-23-67-39-55-4-25-54|12-80-68-76-3-79-78-34-29-24-77|50-33-81-35-9-71-65-66-20-51|27-69-1-70-30-32-90-63-10-31|6-60-83-45-46-8-82-7-18-89|52-88-62-19-11-64-49-36-47-48
237,10,1051.9437,105.7658,98.0,226.5068,0,10,21.497358,21.528023,True,94-96-99-59-93-84-5-6|92-98-91-44-14-38-86-16-61-85-100-37|2-57-15-43-42-87-97-95-13-58|28-24-53-40-73-41-22-74-21-26|72-75-56-23-67-39-55-4-25-54|12-50-76-3-79-78-34-29-80-68-77|30-33-81-9-35-65-71-20-51|27-69-1-70-66-32-90-63-10-31|18-82-19-46-8-45-17-83-60-89|88-62-11-64-49-36-47-48-7-52
238,10,1051.9437,105.7658,98.0,226.5068,0,10,21.497358,21.528023,True,94-96-99-59-93-84-5-6|92-98-91-44-14-38-86-16-61-85-100-37|2-57-15-43-42-87-97-95-13-58|28-24-53-40-73-41-22-74-21-26|72-75-56-23-67-39-55-4-25-54|12-50-76-3-79-78-34-29-80-68-77|30-33-81-9-35-65-71-20-51|27-69-1-70-66-32-90-63-10-31|18-82-19-46-8-45-17-83-60-89|88-62-11-64-49-36-47-48-7-52
239,10,1053.3018,26.9233,66.0,228.6904,0,10,21.904787,21.921161,True,5-85-91-97-87-53|26-75-56-23-67-39-55-4-25-54|28-12-80-76-3-79-78-34-29-24-68-77|50-33-81-35-9-71-65-66-20-51|27-69-1-70-30-32-90-63-10-31|52-88-62-11-64-49-36-47-82-18|2-57-42-15-43-41-22-74-72-73-21-58|7-48-46-8-45-84-17-83-60-89|92-98-61-16-44-38-86-14-100-37-96|19-6-99-93-59-95-94-13-40
240,10,1053.3018,26.9233,66.0,228.6904,0,10,21.904787,21.921161,True,5-85-91-97-87-53|26-75-56-23-67-39-55-4-25-54|28-12-80-76-3-79-78-34-29-24-68-77|50-33-81-35-9-71-65-66-20-51|27-69-1-70-30-32-90-63-10-31|52-88-62-11-64-49-36-47-82-18|2-57-42-15-43-41-22-74-72-73-21-58|7-48-46-8-45-84-17-83-60-89|92-98-61-16-44-38-86-14-100-37-96|19-6-99-93-59-95-94-13-40
241,10,1055.074,43.9975,100.0,226.7204,0,10,22.436464,22.459036,True,94-96-59-93-99-17-84-5-6|92-98-91-44-14-38-86-16-61-85-100-37|2-57-15-43-42-87-97-95-13-58|78-12-53-40-41-22-74-73-21-26|72-75-56-23-67-39-55-4-25-54|28-34-3-76-79-29-24-80-68-77|50-33-81-35-9-71-65-66-20-51|27-69-1-70-30-32-90-63-10-31|18-82-19-46-8-45-83-60-89|52-88-62-11-64-49-36-47-48-7
242,10,1055.074,43.9975,100.0,226.7204,0,10,22.436464,22.459036,True,94-96-59-93-99-17-84-5-6|92-98-91-44-14-38-86-16-61-85-100-37|2-57-15-43-42-87-97-95-13-58|78-12-53-40-41-22-74-73-21-26|72-75-56-23-67-39-55-4-25-54|28-34-3-76-79-29-24-80-68-77|50-33-81-35-9-71-65-66-20-51|27-69-1-70-30-32-90-63-10-31|18-82-19-46-8-45-83-60-89|52-88-62-11-64-49-36-47-48-7
243,10,1056.0542,50.0848,76.0,228.6267,0,10,22.730517,22.752182,True,95-92-98-44-14-38-86-16-91-100-37-97|2-57-15-43-42-87-41-22-74-73-40-58|72-75-56-23-67-39-55-4-25-54|28-12-80-76-3-79-78-34-29-24-68-77|50-33-81-35-9-71-65-66-20-51|69-1-70-30-32-90-63-10-88|31-62-11-64-49-36-46-82-7|21-59-99-93-85-61-5-18|19-47-48-8-45-84-17-83-60|27-52-89-6-96-94-53-26-13
244,10,1056.0564,34.1428,58.0,228.6904,0,10,22.731186,22.74867,True,85-14-97-87-53|26-75-56-23-67-39-55-4-25-54|28-12-80-76-3-79-78-34-29-24-68-77|50-33-81-35-9-71-65-66-20-51|27-69-1-70-30-32-90-63-10-31|52-88-62-11-64-49-36-47-82-18|2-42-43-15-57-41-22-74-72-73-21-58|7-48-46-8-45-84-17-5-83-60-89|92-98-61-16-44-38-86-91-100-37-96|19-6-99-93-59-95-94-13-40
245,10,1056.0564,34.1428,58.0,228.6904,0,10,22.731186,22.74867,True,85-14-97-87-53|26-75-56-23-67-39-55-4-25-54|28-12-80-76-3-79-78-34-29-24-68-77|50-33-81-35-9-71-65-66-20-51|27-69-1-70-30-32-90-63-10-31|52-88-62-11-64-49-36-47-82-18|2-42-43-15-57-41-22-74-72-73-21-58|7-48-46-8-45-84-17-5-83-60-89|92-98-61-16-44-38-86-91-100-37-96|19-6-99-93-59-95-94-13-40
246,10,1056.3501,30.663,110.0,226.0805,0,10,22.819278,22.841136,True,94-96-59-93-99-17-84-5-6|92-98-91-44-14-38-86-16-61-85-100-37|2-57-15-43-42-87-97-95-13-58|72-75-56-23-67-39-55-4-25-54|28-26-12-76-3-79-78-29-24-80-68-77|18-82-19-46-8-45-83-60-89|52-88-62-11-64-49-36-47-48-7|63-69-53-40-21-73-74-22-41|20-66-65-71-9-35-34-81-33|27-31-70-10-90-32-30-51-50-1
247,10,1056.3501,30.663,110.0,226.0805,0,10,22.819278,22.841136,True,94-96-59-93-99-17-84-5-6|92-98-91-44-14-38-86-16-61-85-100-37|2-57-15-43-42-87-97-95-13-58|72-75-56-23-67-39-55-4-25-54|28-26-12-76-3-79-78-29-24-80-68-77|18-82-19-46-8-45-83-60-89|52-88-62-11-64-49-36-47-48-7|63-69-53-40-21-73-74-22-41|20-66-65-71-9-35-34-81-33|27-31-70-10-90-32-30-51-50-1
248,10,1057.0461,123.0479,88.0,226.4337,0,10,23.028073,23.061851,True,6-96-99-5-84-17-61-85-93-59-94|95-92-98-44-14-38-86-16-91-100-37-97|2-57-15-43-42-87-13-58|33-28-53-40-41-22-74-73-21-26|72-75-56-23-67-39-55-4-25-54|12-80-29-78-79-9-32-90-63-10|27-18-7-82-8-46-45-83-60-89|52-88-62-19-11-64-49-36-47-48|30-20-66-65-71-35-34-24-77|69-1-50-76-68-3-81-51-70-31
249,10,1057.4612,123.0479,88.0,226.0386,0,10,23.152612,23.186455,True,6-96-99-5-84-17-61-85-93-59-94|95-92-98-44-14-38-86-16-91-100-37-97|2-57-15-43-42-87-13-58|33-28-53-40-41-22-74-73-21-26|72-75-56-23-67-39-55-4-25-54|12-80-29-78-79-9-32-90-63-10|27-18-7-82-8-46-45-83-60-89|52-88-62-19-11-64-49-36-47-48|1-20-66-65-71-35-34-24-77|69-50-76-68-3-81-51-30-70-31
250,10,1057.4612,123.0479,88.0,226.0386,0,10,23.152612,23.186455,True,6-96-99-5-84-17-61-85-93-59-94|95-92-98-44-14-38-86-16-91-100-37-97|2-57-15-43-42-87-13-58|33-28-53-40-41-22-74-73-21-26|72-75-56-23-67-39-55-4-25-54|12-80-29-78-79-9-32-90-63-10|27-18-7-82-8-46-45-83-60-89|52-88-62-19-11-64-49-36-47-48|1-20-66-65-71-35-34-24-77|69-50-76-68-3-81-51-30-70-31
251,10,1059.7953,49.7834,53.0,229.0574,0,10,23.852834,23.873341,True,6-93-85-37-97-87-53|26-75-56-23-67-39-55-4-25-54|28-68-76-3-79-78-29-24-80-77-12|50-33-81-34-9-35-65-66-20-51|27-1-69-70-30-71-32-90-63-10-31|52-88-62-11-64-49-36-47-46-18|57-42-43-15-41-22-74-72-73-21-40-58|7-19-48-8-45-84-17-83-89|92-98-61-16-44-38-86-14-91-100-95|82-60-5-99-59-96-94-13-2
252,10,1060.4284,49.3212,75.0,228.6267,0,10,24.042771,24.065534,True,95-92-98-44-14-38-86-16-91-100-37-97|2-57-15-43-42-87-74-73-40-58|72-75-56-23-67-39-55-4-25-54|28-12-80-76-3-79-78-34-29-24-68-77|50-33-81-35-9-71-65-66-20-51|27-69-1-70-30-32-90-63-10-88|31-62-11-64-49-36-46-48-82|21-22-41-59-99-93-85-61-5|7-19-47-8-45-84-17-83-60-18|52-89-6-96-94-53-26-13
253,10,1061.0669,63.181,93.0,225.9509,0,10,24.234316,24.260748,True,6-96-59-98-85-93-99-84-17-61-5-60-89|2-57-15-14-38-86-16-100-97-95|94-92-37-91-44-87-43-42-13|12-26-53-40-21-73-74-22-41-58|28-80-24-68-76-79-78-29-3-77-50|27-69-70-30-51-20-32-90-63-10|52-88-62-19-11-64-49-36-47-48|72-75-56-23-67-39-55-4-25-54|18-83-45-46-8-82-7-31|1-66-65-71-9-35-34-81-33
254,10,1061.0669,63.181,93.0,225.9509,0,10,24.234316,24.260748,True,6-96-59-98-85-93-99-84-17-61-5-60-89|2-57-15-14-38-86-16-100-97-95|94-92-37-91-44-87-43-42-13|12-26-53-40-21-73-74-22-41-58|28-80-24-68-76-79-78-29-3-77-50|27-69-70-30-51-20-32-90-63-10|52-88-62-19-11-64-49-36-47-48|72-75-56-23-67-39-55-4-25-54|18-83-45-46-8-82-7-31|1-66-65-71-9-35-34-81-33
255,10,1065.5206,44.3662,93.0,228.4534,0,10,25.57042,25.59574,True,6-96-92-98-59-99-61-84-17-5-60-89|2-57-15-43-38-86-16-91-100-37-95|94-93-85-44-14-87-42-97-13|12-26-53-40-73-75-74-22-41-58|21-72-56-23-67-39-55-4-25-54|28-68-80-24-29-79-78-34-3-77-50|70-69-81-9-35-71-65-66-30|1-33-76-51-20-32-90-63-10-27|18-83-45-46-8-82-88-31|52-7-62-19-11-64-49-36-47-48
256,10,1065.6697,62.7011,89.0,226.8592,0,10,25.61515,25.642626,True,6-96-59-37-98-99-84-17-61-5-60-89|2-57-15-44-38-86-16-14-100-97|94-95-92-93-85-91-87-43-42-13-58|12-26-53-40-21-73-74-22-41|28-80-24-68-76-79-78-34-29-3-77|69-1-70-30-20-32-90-63-10|52-7-62-19-11-64-49-36-47-48|72-75-56-23-67-39-55-4-25-54|18-83-45-46-8-82-88-31-27|51-66-65-71-9-35-81-33-50
257,10,1065.6697,62.7011,89.0,226.8592,0,10,25.61515,25.642626,True,6-96-59-37-98-99-84-17-61-5-60-89|2-57-15-44-38-86-16-14-100-97|94-95-92-93-85-91-87-43-42-13-58|12-26-53-40-21-73-74-22-41|28-80-24-68-76-79-78-34-29-3-77|69-1-70-30-20-32-90-63-10|52-7-62-19-11-64-49-36-47-48|72-75-56-23-67-39-55-4-25-54|18-83-45-46-8-82-88-31-27|51-66-65-71-9-35-81-33-50
258,11,1065.7202,245.3511,73.0,227.998,0,11,30.112341,30.166101,True,95-92-98-91-44-38-14-37-100-97-94|2-57-15-43-42-87-13-58|12-80-24-54-72-74-22-41-21-40|28-76-3-79-78-34-29-68-77-50|27-69-1-70-30-32-90-63-10-31|62-48-46-8-45-83-60-18-89|88-19-11-64-49-36-47-82-7-52|17-86-16-61-99-96|73-75-56-23-67-39-55-4-25-26|20-66-65-35-9-71-51-81-33|53-84-5-85-93-59-6
259,11,1065.7202,245.3511,73.0,227.998,0,11,30.112341,30.166101,True,95-92-98-91-44-38-14-37-100-97-94|2-57-15-43-42-87-13-58|12-80-24-54-72-74-22-41-21-40|28-76-3-79-78-34-29-68-77-50|27-69-1-70-30-32-90-63-10-31|62-48-46-8-45-83-60-18-89|88-19-11-64-49-36-47-82-7-52|17-86-16-61-99-96|73-75-56-23-67-39-55-4-25-26|20-66-65-35-9-71-51-81-33|53-84-5-85-93-59-6
260,10,1066.0684,41.6797,75.0,228.6267,0,10,25.734769,25.758078,True,95-92-98-44-14-38-86-16-91-100-37-97|2-57-15-43-42-87-41-22-74-73-40-58|28-12-80-76-3-79-78-34-29-24-68-77|50-33-81-35-9-71-65-66-20-51|69-1-70-30-32-90-63-10-88|19-47-48-8-45-84-17-83-60-18|27-52-89-6-96-94-53-75-13-26|5-61-85-93-59-99|21-72-56-23-67-39-55-4-25-54|31-62-11-64-49-36-46-82-7
261,10,1066.0684,41.6797,75.0,228.6267,0,10,25.734769,25.758078,True,95-92-98-44-14-38-86-16-91-100-37-97|2-57-15-43-42-87-41-22-74-73-40-58|28-12-80-76-3-79-78-34-29-24-68-77|50-33-81-35-9-71-65-66-20-51|69-1-70-30-32-90-63-10-88|19-47-48-8-45-84-17-83-60-18|27-52-89-6-96-94-53-75-13-26|5-61-85-93-59-99|21-72-56-23-67-39-55-4-25-54|31-62-11-64-49-36-46-82-7
262,10,1066.6761,30.8143,58.0,228.6904,0,10,25.917079,25.937249,True,85-14-97-87-53|26-75-56-23-67-39-55-4-25-54|28-12-80-76-3-79-78-34-29-24-68-77|50-33-81-35-9-71-65-66-20-51|27-69-1-70-30-32-90-63-10-31-7|52-88-62-11-64-49-36-47-83-60|2-42-43-15-57-41-22-74-72-73-21-58|92-98-91-44-38-86-17-61-16-100-37|19-46-45-84-5-93-95-13-40|6-94-96-59-99-8-48-82-18-89
263,10,1066.6761,30.8143,58.0,228.6904,0,10,25.917079,25.937249,True,85-14-97-87-53|26-75-56-23-67-39-55-4-25-54|28-12-80-76-3-79-78-34-29-24-68-77|50-33-81-35-9-71-65-66-20-51|27-69-1-70-30-32-90-63-10-31-7|52-88-62-11-64-49-36-47-83-60|2-42-43-15-57-41-22-74-72-73-21-58|92-98-91-44-38-86-17-61-16-100-37|19-46-45-84-5-93-95-13-40|6-94-96-59-99-8-48-82-18-89
264,10,1068.4371,11.7466,138.0,228.5344,0,10,26.445377,26.471192,True,92-98-91-44-14-38-86-16-61-100-37-95|2-57-15-43-42-87-97-94-6-13-58-40|72-75-56-23-67-39-55-4-25-54|26-12-80-76-79-78-34-29-24-68-77-28|50-33-81-35-9-71-65-66-20-51|27-3-69-1-70-30-32-90-63-10-31|52-88-62-11-64-49-36-47-48-82-7|5-93-59-99-96-53-21-73-74-22-41|18-19-46-8-84-17-45-83-60-89|85
265,10,1070.0411,30.3767,109.0,226.8592,0,10,26.926584,26.952523,True,6-96-59-37-98-99-84-17-61-5|2-57-15-44-38-86-16-14-100-97|94-92-93-85-91-87-43-42-95-13-58|26-80-76-53-40-21-73-74-22-41|72-75-56-23-67-39-55-4-25-54|28-12-68-24-29-79-78-34-3-77-50|27-69-33-81-9-35-71-65-66|1-70-30-51-20-32-90-63-10-88-31|89-60-83-45-46-8-82-18|52-7-62-19-11-64-49-36-47-48
266,10,1070.0411,30.3767,109.0,226.8592,0,10,26.926584,26.952523,True,6-96-59-37-98-99-84-17-61-5|2-57-15-44-38-86-16-14-100-97|94-92-93-85-91-87-43-42-95-13-58|26-80-76-53-40-21-73-74-22-41|72-75-56-23-67-39-55-4-25-54|28-12-68-24-29-79-78-34-3-77-50|27-69-33-81-9-35-71-65-66|1-70-30-51-20-32-90-63-10-88-31|89-60-83-45-46-8-82-18|52-7-62-19-11-64-49-36-47-48
267,10,1071.4926,29.3589,62.0,228.6904,0,10,27.362025,27.383822,True,93-85-91-97-87-53|26-75-56-23-67-39-55-4-25-54|28-12-80-76-3-79-78-34-29-24-68-77|50-33-81-35-9-71-65-66-20-51|27-69-1-70-30-32-90-10-31-18|52-88-62-19-11-64-49-36-47-48|2-42-43-15-57-41-22-74-72-73-21-58|7-82-46-8-45-84-17-5-83-60-89|92-98-61-16-44-38-86-14-100-37-96|63-6-99-59-95-94-13-40
268,10,1071.6833,68.0355,70.0,225.9509,0,10,27.419244,27.447289,True,89-6-96-59-99-5-84-17-61-37-13|2-57-15-44-38-86-16-100-98-95|94-92-93-85-91-97-87-42-43-14-58|12-80-26-53-40-21-73-74-22-41|28-68-76-79-78-34-29-24-3-77|69-1-70-30-20-32-90-63-10-88|52-7-62-19-11-64-49-36-47-48|72-75-56-23-67-39-55-4-25-54|18-60-83-45-46-8-82-31-27|51-66-65-71-9-35-81-33-50
269,10,1071.6833,68.0355,70.0,225.9509,0,10,27.419244,27.447289,True,89-6-96-59-99-5-84-17-61-37-13|2-57-15-44-38-86-16-100-98-95|94-92-93-85-91-97-87-42-43-14-58|12-80-26-53-40-21-73-74-22-41|28-68-76-79-78-34-29-24-3-77|69-1-70-30-20-32-90-63-10-88|52-7-62-19-11-64-49-36-47-48|72-75-56-23-67-39-55-4-25-54|18-60-83-45-46-8-82-31-27|51-66-65-71-9-35-81-33-50
270,10,1072.1724,45.807,75.0,228.4534,0,10,27.565967,27.5917,True,6-96-59-85-93-99-61-84-5-60-89|2-57-15-44-38-86-16-14-100-97|94-92-98-91-37-87-43-42-95-13|28-12-26-53-40-73-75-74-22-41-58|80-24-68-76-3-79-78-29-77-50|27-69-70-30-51-20-32-90-63-10|52-7-62-19-11-64-49-36-47-48|21-72-56-23-67-39-55-4-25-54|18-83-17-45-46-8-82-88-31|1-66-65-71-9-35-34-81-33
271,10,1072.1724,45.807,75.0,228.4534,0,10,27.565967,27.5917,True,6-96-59-85-93-99-61-84-5-60-89|2-57-15-44-38-86-16-14-100-97|94-92-98-91-37-87-43-42-95-13|28-12-26-53-40-73-75-74-22-41-58|80-24-68-76-3-79-78-29-77-50|27-69-70-30-51-20-32-90-63-10|52-7-62-19-11-64-49-36-47-48|21-72-56-23-67-39-55-4-25-54|18-83-17-45-46-8-82-88-31|1-66-65-71-9-35-34-81-33
272,10,1073.6421,63.5962,71.0,226.8592,0,10,28.006876,28.035079,True,89-6-96-59-99-5-84-17-61-37-95|2-57-15-44-38-86-16-14-100-97|94-92-93-85-91-98-87-43-42-13-58|12-80-26-53-40-21-73-74-22-41|28-68-76-79-78-34-29-24-3-77|69-1-70-30-20-32-90-63-10-88|52-7-62-19-11-64-49-36-47-48|72-75-56-23-67-39-55-4-25-54|18-60-83-45-46-8-82-31-27|51-66-65-71-9-35-81-33-50
273,10,1073.6421,63.5962,71.0,226.8592,0,10,28.006876,28.035079,True,89-6-96-59-99-5-84-17-61-37-95|2-57-15-44-38-86-16-14-100-97|94-92-93-85-91-98-87-43-42-13-58|12-80-26-53-40-21-73-74-22-41|28-68-76-79-78-34-29-24-3-77|69-1-70-30-20-32-90-63-10-88|52-7-62-19-11-64-49-36-47-48|72-75-56-23-67-39-55-4-25-54|18-60-83-45-46-8-82-31-27|51-66-65-71-9-35-81-33-50
274,10,1075.3655,29.3589,60.0,228.6904,0,10,28.523903,28.546661,True,93-85-91-97-87-53|26-75-56-23-67-39-55-4-25-54|28-12-80-76-3-79-78-34-29-24-68-77|50-33-81-35-9-71-65-66-20-51|27-69-1-70-30-32-90-10-19-31|52-88-62-11-64-49-36-47-48-18|2-42-43-15-57-41-22-74-72-73-21-58|7-82-46-8-45-84-17-5-83-60-89|92-98-61-16-44-38-86-14-100-37-96|63-6-99-59-95-94-13-40
275,10,1076.7824,40.83,55.0,228.6904,0,10,28.948963,28.973367,True,93-85-91-97-87-53|26-75-56-23-67-39-55-4-25-54|28-12-80-76-3-79-78-34-29-24-68-77|50-33-81-35-9-71-65-66-20-51|27-69-1-70-30-32-90-10-19-31|52-88-62-11-64-49-36-46-47-48|2-42-43-15-57-41-22-74-72-73-21-58|18-7-82-8-45-84-17-5-83-60-89|92-98-61-16-44-38-86-14-100-37-96|63-6-99-59-95-94-13-40
276,10,1077.9421,63.0107,84.0,227.6063,0,10,29.296888,29.327704,True,6-96-59-37-98-99-5-84-17-61-85-89|2-57-15-44-38-86-16-100-97-95|94-92-93-91-87-42-43-14-13|50-33-76-53-40-21-73-74-22-41-58|72-75-56-23-67-39-55-4-25-54|26-12-80-24-29-79-78-34-3-77-68-28|1-81-9-35-71-65-66-20|27-69-70-51-30-32-90-63-10-88|18-60-83-45-46-8-82-31|52-7-62-11-64-49-36-47-19-48
277,11,1077.9687,242.2907,102.0,224.9285,0,11,29.653289,29.712704,True,69-1-51-9-65-81-33-50|2-57-15-43-42-87-97-37-100-98-59|93-85-91-44-14-38-86-16-61-6|95-92-99-96-53-13-94-89|18-5-17-8-83-84-60-82-7-52|21-72-75-56-23-67-39-55-25-54-26|12-24-29-78-34-35-71-66-20-30|31-88-62-10-63-90-32-70-27|80-68-76-79-3-77-28|73-41-22-74-4-40-58|48-19-11-64-49-36-47-46-45
278,11,1077.9687,242.2907,102.0,224.9285,0,11,29.653289,29.712704,True,69-1-51-9-65-81-33-50|2-57-15-43-42-87-97-37-100-98-59|93-85-91-44-14-38-86-16-61-6|95-92-99-96-53-13-94-89|18-5-17-8-83-84-60-82-7-52|21-72-75-56-23-67-39-55-25-54-26|12-24-29-78-34-35-71-66-20-30|31-88-62-10-63-90-32-70-27|80-68-76-79-3-77-28|73-41-22-74-4-40-58|48-19-11-64-49-36-47-46-45
279,10,1079.1855,62.7524,75.0,228.3458,0,10,29.669891,29.700253,True,6-96-59-97-98-99-84-17-61-5-89|2-57-15-44-38-86-16-14-100-94|95-92-93-85-91-37-87-43-42-13-58|12-80-26-53-40-21-73-74-22-41|28-68-76-79-78-34-29-24-77-50|27-69-70-10-63-90-32-20-51-1|52-7-62-11-64-49-36-47-19-48|72-75-56-23-67-39-55-4-25-54|18-60-83-45-46-8-82-88-31|3-33-81-9-35-71-65-66-30
280,10,1081.6609,59.9221,68.0,228.6629,0,10,30.412526,30.442553,True,6-96-99-5-84-17-61-85-93-59-89|2-57-15-44-38-86-16-91-100-98-95|92-14-43-42-87-97-37-94-13-58|12-80-26-53-40-21-73-74-22-41|28-24-68-76-79-78-34-29-3-77-50|1-69-70-30-51-20-32-90-63-10-88|52-7-62-19-11-64-49-36-47-48|72-75-56-23-67-39-55-4-25-54|18-60-83-45-46-8-82-31-27|66-65-71-9-35-81-33
281,10,1083.174,28.7488,55.0,228.6904,0,10,30.866459,30.890969,True,93-85-91-97-87-53|26-75-56-23-67-39-55-4-25-54|28-12-80-76-3-79-78-34-29-24-68-77|50-33-81-35-9-71-65-66-20-51|27-69-1-70-30-32-90-10-31-82|52-88-62-11-64-49-36-47-46-18|2-42-43-15-57-41-22-74-72-73-21-58|7-19-48-8-45-84-17-5-83-60-89|92-98-61-16-44-38-86-14-100-37-96|63-6-99-59-95-94-13-40
282,10,1083.174,28.7488,55.0,228.6904,0,10,30.866459,30.890969,True,93-85-91-97-87-53|26-75-56-23-67-39-55-4-25-54|28-12-80-76-3-79-78-34-29-24-68-77|50-33-81-35-9-71-65-66-20-51|27-69-1-70-30-32-90-10-31-82|52-88-62-11-64-49-36-47-46-18|2-42-43-15-57-41-22-74-72-73-21-58|7-19-48-8-45-84-17-5-83-60-89|92-98-61-16-44-38-86-14-100-37-96|63-6-99-59-95-94-13-40
283,10,1083.3784,7.8287,190.0,228.2901,0,10,30.927775,30.962649,True,92-98-91-44-14-38-86-16-61-85-100-37|2-57-15-43-42-87-97-95-94-6-13-58-40|72-75-56-23-67-39-55-4-25-54|28-12-3-76-79-78-34-29-24-80-77|50-33-81-35-9-71-65-66-20-51|26-68-69-1-70-30-32-90-10-31-27|52-88-62-11-64-49-36-47-48-82-18|89-5-93-59-99-96-53-21-73-74-22-41|60-83-45-17-84-8-46-19-7|63
284,10,1083.3784,7.8287,190.0,228.2901,0,10,30.927775,30.962649,True,92-98-91-44-14-38-86-16-61-85-100-37|2-57-15-43-42-87-97-95-94-6-13-58-40|72-75-56-23-67-39-55-4-25-54|28-12-3-76-79-78-34-29-24-80-77|50-33-81-35-9-71-65-66-20-51|26-68-69-1-70-30-32-90-10-31-27|52-88-62-11-64-49-36-47-48-82-18|89-5-93-59-99-96-53-21-73-74-22-41|60-83-45-17-84-8-46-19-7|63
285,12,1085.2301,306.8113,126.0,224.6745,0,12,39.331377,39.40531,True,6-96-99-5-84-17-61-85-93-59-94|95-92-98-44-14-38-86-16-91-100-37-97|2-57-15-43-42-87-13-58|53-40-73-74-22-41|21-72-75-56-23-67-39-55-4-25|34-35-71-65-66-20|69-32-90-63-10-31|18-7-82-8-46-45-83-60-89|52-88-62-19-11-64-49-36-47-48|28-26-76-9-51-30-70-27|1-50-3-29-24-54-80-12|33-81-78-79-77-68
286,10,1085.5713,27.8345,98.0,226.8592,0,10,31.585654,31.614771,True,6-96-59-37-98-99-61-84-17-5-89|2-57-15-44-38-86-16-14-100-97|94-92-93-85-91-87-43-42-95-13-58|12-68-80-26-53-40-21-73-74-22-41|28-24-29-76-79-78-34-3-77-50|69-1-70-30-32-90-63-10|52-7-62-19-11-64-49-36-47-48|72-75-56-23-67-39-55-4-25-54|18-60-83-45-46-8-82-88-31-27|51-20-66-65-9-71-35-81-33
287,10,1085.5713,27.8345,98.0,226.8592,0,10,31.585654,31.614771,True,6-96-59-37-98-99-61-84-17-5-89|2-57-15-44-38-86-16-14-100-97|94-92-93-85-91-87-43-42-95-13-58|12-68-80-26-53-40-21-73-74-22-41|28-24-29-76-79-78-34-3-77-50|69-1-70-30-32-90-63-10|52-7-62-19-11-64-49-36-47-48|72-75-56-23-67-39-55-4-25-54|18-60-83-45-46-8-82-88-31-27|51-20-66-65-9-71-35-81-33
288,10,1086.3888,43.1245,84.0,226.8592,0,10,31.830883,31.861139,True,6-96-59-37-98-99-5-84-17-61-60-89|2-57-15-44-38-86-16-14-100-97|94-92-93-85-91-87-43-42-95-13-58|12-80-26-53-40-21-73-74-22-41|28-24-68-76-79-78-29-3-77-50|69-1-70-30-20-32-90-63-10-88|52-7-62-19-11-64-49-36-47-48|72-75-56-23-67-39-55-4-25-54|18-83-45-46-8-82-31-27|51-66-65-71-9-35-34-81-33
289,10,1086.3888,43.1245,84.0,226.8592,0,10,31.830883,31.861139,True,6-96-59-37-98-99-5-84-17-61-60-89|2-57-15-44-38-86-16-14-100-97|94-92-93-85-91-87-43-42-95-13-58|12-80-26-53-40-21-73-74-22-41|28-24-68-76-79-78-29-3-77-50|69-1-70-30-20-32-90-63-10-88|52-7-62-19-11-64-49-36-47-48|72-75-56-23-67-39-55-4-25-54|18-83-45-46-8-82-31-27|51-66-65-71-9-35-34-81-33
290,11,1086.7856,159.7761,110.0,224.9285,0,11,31.949937,32.00042,True,69-1-51-9-81-33-50|2-57-15-43-42-87-37-98-95-13|93-85-91-44-14-38-86-16-61-17-6|97-92-59-99-5-84-100-96-94|89-18-60-83-8-82-7-52|21-73-72-75-56-67-39-55-25-54-26|24-29-78-34-35-71-65-66-20|31-88-62-10-63-90-32-30-70-27|12-80-68-76-79-3-77-28|48-19-11-64-49-36-47-46-45|40-41-23-53-4-74-22-58
291,11,1086.7856,159.7761,110.0,224.9285,0,11,31.949937,32.00042,True,69-1-51-9-81-33-50|2-57-15-43-42-87-37-98-95-13|93-85-91-44-14-38-86-16-61-17-6|97-92-59-99-5-84-100-96-94|89-18-60-83-8-82-7-52|21-73-72-75-56-67-39-55-25-54-26|24-29-78-34-35-71-65-66-20|31-88-62-10-63-90-32-30-70-27|12-80-68-76-79-3-77-28|48-19-11-64-49-36-47-46-45|40-41-23-53-4-74-22-58
292,10,1088.6241,18.826,130.0,226.7204,0,10,32.501477,32.533338,True,92-98-91-44-14-38-86-16-61-85-100-37|2-57-15-43-42-87-97-95-96-94-13-58-40|72-75-56-23-67-39-55-4-25-54|29-80-76-79-78-34-24-68-77|50-33-81-35-9-71-65-66-20-51|27-69-10-63-90-32-30-70-1-3|31-88-62-11-64-49-36-47-48-82|18-60-93-59-99-53-21-73-74-22-41|5-83-45-17-84-8-46-19-7-52|89-6-26-12-28
293,10,1088.6669,30.4888,82.0,227.6063,0,10,32.514337,32.543293,True,6-96-59-37-98-99-84-17-61-5|2-57-15-44-38-86-16-14-100-97|94-92-93-85-91-87-43-42-95-13-58|21-26-12-76-53-40-73-74-22-41|72-75-56-23-67-39-55-4-25-54|68-80-24-29-79-78-34-81-33-3-77-50|28-70-51-9-35-71-65-66-20|27-69-1-30-32-90-63-10-88|89-60-83-45-46-8-82-18-31|52-7-62-11-64-49-36-47-19-48
294,10,1088.6669,30.4888,82.0,227.6063,0,10,32.514337,32.543293,True,6-96-59-37-98-99-84-17-61-5|2-57-15-44-38-86-16-14-100-97|94-92-93-85-91-87-43-42-95-13-58|21-26-12-76-53-40-73-74-22-41|72-75-56-23-67-39-55-4-25-54|68-80-24-29-79-78-34-81-33-3-77-50|28-70-51-9-35-71-65-66-20|27-69-1-30-32-90-63-10-88|89-60-83-45-46-8-82-18-31|52-7-62-11-64-49-36-47-19-48
295,10,1088.6754,30.6532,71.0,228.6629,0,10,32.516886,32.544928,True,6-94-92-59-99-5-84-17-61-91-85-60-89|2-57-15-44-38-86-16-14-100-98|96-93-37-42-43-87-97-95-13|12-80-26-53-40-21-73-74-22-41-58|28-24-68-76-79-78-34-29-3-77-50|1-69-70-30-51-20-32-90-63-10-88|52-7-62-19-11-64-49-36-47-48|72-75-56-23-67-39-55-4-25-54|18-83-45-46-8-82-31-27|66-65-71-9-35-81-33
296,10,1088.798,32.8625,97.0,226.8494,0,10,32.55366,32.584398,True,6-96-95-97-59-99-84-17-61-5-18|2-57-15-44-38-86-16-14-100-98|94-92-93-85-91-37-87-43-42-13|12-24-54-26-53-40-73-74-22-41-58|21-72-75-56-23-67-39-55-4-25|28-80-68-29-79-78-34-35-33-3-77|27-1-69-70-81-9-71-65-66-30|50-76-51-20-32-90-63-10-31|89-60-83-45-46-8-82-7|52-88-62-19-11-64-49-36-47-48
297,10,1088.798,32.8625,97.0,226.8494,0,10,32.55366,32.584398,True,6-96-95-97-59-99-84-17-61-5-18|2-57-15-44-38-86-16-14-100-98|94-92-93-85-91-37-87-43-42-13|12-24-54-26-53-40-73-74-22-41-58|21-72-75-56-23-67-39-55-4-25|28-80-68-29-79-78-34-35-33-3-77|27-1-69-70-81-9-71-65-66-30|50-76-51-20-32-90-63-10-31|89-60-83-45-46-8-82-7|52-88-62-19-11-64-49-36-47-48
298,10,1093.0392,27.4104,78.0,228.6267,0,10,33.826016,33.855575,True,95-92-98-44-14-38-86-16-91-100-37-97|2-57-15-43-42-87-73-74-13-58|72-75-56-23-67-39-55-4-25-54|28-12-80-76-3-79-78-34-29-24-68-77|50-33-81-51-9-35-71-65-66-20|27-69-1-70-30-32-90-63-10-31|52-88-62-19-11-64-49-36-47-48|22-41-99-53-5-83-60-89|96-93-85-61-17-84-8-45-46-82-7|18-6-59-94-40-21-26
299,10,1094.8623,18.7828,119.0,226.9405,0,10,34.372931,34.40559,True,72-75-56-23-67-39-55-4-25-54|28-26-12-76-3-79-78-34-29-24-80-68|27-1-69-31-10-63-90-32-30-70-77|52-88-62-11-64-49-36-46-47-48|57-42-43-15-41-22-74-73-21-2-58|92-98-61-16-44-38-86-14-100-37-97|6-96-91-85-99-59-87-95-94-13-40|89-18-60-93-53-50|5-83-45-17-84-8-82-19-7|20-66-65-35-9-71-51-81-33
300,10,1095.0121,1.1061,151.0,229.8912,0,10,34.417879,34.451574,True,92-98-91-44-14-38-86-16-61-85-100-37|2-57-15-43-42-87-97-95-94-6-13-58-40|72-75-56-23-67-39-55-4-25-54|12-69-76-79-9-65-63|31-88-62-11-64-49-36-47-48-7-52|89-60-93-59-99-96-53-21-73-74-22-41|5-83-45-17-84-8-46-19-82-18|10-90-32-20-66-71-35-34-78-3|1-70-30-51-81-33-29-24-80-68-77-50|26-28-27
301,10,1095.7241,27.8983,71.0,228.6629,0,10,34.631474,34.661217,True,6-96-98-59-99-93-84-17-61-5-89|2-57-15-44-38-86-16-14-100-37|92-85-91-43-42-87-97-95-94-13-58|12-80-26-53-40-21-73-74-22-41|28-24-68-76-79-78-34-29-3-77-50|1-69-70-30-51-20-32-90-63-10-88|52-7-62-19-11-64-49-36-47-48|72-75-56-23-67-39-55-4-25-54|18-60-83-45-46-8-82-31-27|66-65-71-9-35-81-33
302,10,1097.8892,76.28,67.0,228.0208,0,10,35.281004,35.318158,True,95-92-98-44-38-14-42-37-91-100-59-94|12-80-26-53-40-21-72-74-22-41-58|28-50-76-3-79-81-78-29-24-68-77|27-69-1-70-30-20-32-90-63-10-31|18-62-19-46-8-45-17-83-60-89|88-11-64-49-36-47-48-82-7-52|73-75-56-23-67-39-55-4-25-54|6-96-5-93-99-16-86-43-13|51-66-65-71-9-35-34-33|2-57-15-87-84-61-85-97
303,10,1097.8892,76.28,67.0,228.0208,0,10,35.281004,35.318158,True,95-92-98-44-38-14-42-37-91-100-59-94|12-80-26-53-40-21-72-74-22-41-58|28-50-76-3-79-81-78-29-24-68-77|27-69-1-70-30-20-32-90-63-10-31|18-62-19-46-8-45-17-83-60-89|88-11-64-49-36-47-48-82-7-52|73-75-56-23-67-39-55-4-25-54|6-96-5-93-99-16-86-43-13|51-66-65-71-9-35-34-33|2-57-15-87-84-61-85-97
304,10,1098.7963,54.9917,75.0,227.7672,0,10,35.553152,35.588146,True,6-96-59-37-98-99-17-84-5-95|2-57-15-44-38-86-16-14-100-97|94-92-93-85-61-91-87-43-42-13-58|12-26-53-40-21-73-74-22-41|72-75-56-23-67-39-55-4-25-54|28-68-80-24-29-79-78-34-3-77-50-1|27-69-33-81-9-35-71-65-66|70-30-76-51-20-32-90-63-10-88|89-60-83-45-46-8-82-18-31|52-7-62-19-11-64-49-36-47-48
305,10,1099.6506,25.6867,82.0,228.6904,0,10,35.809439,35.841132,True,5-85-91-97-87-53|26-75-56-23-67-39-55-4-25-54|28-12-80-76-3-79-78-34-29-24-68-77|50-33-81-51-9-35-71-65-66-20|27-1-69-31-30-32-10-88-7-82-52|90-62-11-63-64-49-36-46|57-42-43-15-41-22-74-72-73-21-58|19-47-48-8-45-84-17-83-60-18-89|92-98-61-16-44-38-86-14-100-37-96|70-6-99-93-59-95-94-13-2-40
306,14,1099.7936,411.3397,190.0,221.239,0,14,55.010633,55.1111,True,69|2-57-15-43-38-91-98-100-37-97|76-68-80-54-4|73-42-14-44-86-16-61-85-93-96-6|13|60-83-45-46-8-82-18|40-21-72-75-23-67-39-55-25-26|50-81-78-34-35-71-65-66-20-30|31-62-10-63-90-32-70-1-27|12-24-29-79-9-51-33-3-77-28|87-41-22-56-74-58|88-19-11-64-49-36-47-48-7-52|53|94-95-92-59-99-17-84-5-89
307,10,1100.4442,43.1973,73.0,228.6267,0,10,36.047521,36.08117,True,42-43-15-53-40-73-22-74-21-26|72-75-56-23-67-39-55-4-25-54|28-12-80-76-3-79-78-34-29-24-68-77|50-33-81-51-9-35-71-65-66-20|27-69-1-70-30-32-90-63-10-88-31|18-83-82-8-46-45-17-5-60-89|52-7-62-19-11-64-49-36-47-48|92-14-44-38-84-86-91-100-98|6-94-95-16-61-99-37-41-13-58|96-59-93-85-97-87-57-2
308,10,1100.7567,50.8718,68.0,227.6063,0,10,36.141273,36.175513,True,6-96-59-37-98-99-5-84-17-61-85-89|2-57-15-44-38-86-16-100-97-95|94-92-93-91-87-42-43-14-13-58|50-33-12-26-53-40-21-73-74-22-41|72-75-56-23-67-39-55-4-25-54|68-80-24-29-79-78-34-3-77-28|69-81-9-35-71-65-66-20|70-1-76-51-30-32-90-63-10|18-60-83-45-46-8-82-88-31-27|52-7-62-11-64-49-36-47-19-48
309,10,1100.7567,50.8718,68.0,227.6063,0,10,36.141273,36.175513,True,6-96-59-37-98-99-5-84-17-61-85-89|2-57-15-44-38-86-16-100-97-95|94-92-93-91-87-42-43-14-13-58|50-33-12-26-53-40-21-73-74-22-41|72-75-56-23-67-39-55-4-25-54|68-80-24-29-79-78-34-3-77-28|69-81-9-35-71-65-66-20|70-1-76-51-30-32-90-63-10|18-60-83-45-46-8-82-88-31-27|52-7-62-11-64-49-36-47-19-48
310,10,1101.3653,2.529,114.0,228.6267,0,10,36.323839,36.355764,True,73-6-96-99-5-84-17-61-85-93-59-94|95-92-98-44-14-38-86-16-91-100-37-97|2-57-15-43-42-87-41-22-13-58|72-75-56-23-67-39-55-4-25-54|28-12-80-76-3-79-78-34-29-24-68-77|50-33-81-35-9-71-65-66-20-51|18-82-19-47-46-8-45-83-60-89|90-69-27-53-40-74-21-26|70-10-62-11-64-49-36-48-7-52|31-88-63-32-30-1
311,10,1101.4352,35.7717,71.0,228.6267,0,10,36.344825,36.377457,True,92-98-44-14-38-86-16-91-100-37-97|2-57-15-43-42-87-73-74-13-58|72-75-56-23-67-39-55-4-25-54|28-12-80-76-3-79-78-34-29-24-68-77|50-33-81-51-9-35-71-65-66-20|27-69-1-70-30-32-90-63-10-31|52-88-62-19-11-64-49-36-47-48|22-41-99-53-40-21-59-5|96-93-85-61-17-84-8-45-46-82-7|89-18-83-60-6-94-95-26
312,10,1102.6936,22.8711,81.0,228.6629,0,10,36.722326,36.754405,True,6-96-59-37-98-99-84-17-61-5-89|2-57-15-44-38-86-16-14-100-97|94-92-93-85-91-87-43-42-95-13-58|12-80-26-53-40-21-73-74-22-41|28-24-68-76-79-78-34-29-3-77-50|1-69-70-30-51-20-32-90-63-10-88|52-7-62-19-11-64-49-36-47-48|72-75-56-23-67-39-55-4-25-54|18-60-83-45-46-8-82-31-27|66-65-71-9-35-81-33
313,10,1103.3898,14.1449,82.0,227.6063,0,10,36.931196,36.962118,True,95-92-98-44-14-38-86-16-91-100-37-97|2-57-15-43-42-87-74-73-40-58|72-75-56-23-67-39-55-4-25-54|28-12-68-76-3-79-34-29-24-80-77|50-33-81-51-9-35-71-65-66-20|78-69-1-70-30-32-90-63-10|31-88-62-11-64-49-36-46-82-7|21-22-41-59-99-93-85-61-5|19-47-48-8-45-84-17-83-60-18|27-52-89-6-96-94-53-26-13
314,10,1103.6021,24.0849,78.0,228.0646,0,10,36.994877,37.027022,True,6-96-59-37-98-99-5-84-17-61-85-89|2-57-15-44-38-86-16-14-100-97|94-92-93-91-87-43-42-95-13-58|12-80-26-53-40-21-73-74-22-41|28-24-68-76-79-78-34-29-3-77-50|1-69-70-51-20-32-90-63-10-88|52-7-62-19-11-64-49-36-47-48|72-75-56-23-67-39-55-4-25-54|18-60-83-45-46-8-82-31-27|30-66-65-71-9-35-81-33
315,10,1103.757,7.1615,136.0,227.6063,0,10,37.041353,37.076737,True,95-92-98-44-14-38-86-16-91-100-37-97|2-57-15-43-42-87-73-74-13-58-40|72-75-56-23-67-39-55-4-25-54|50-33-81-51-9-35-71-65-66-20|60-27-69-1-70-30-32-90-63-10-31|52-88-62-19-11-64-49-36-47-48|96-93-85-61-17-84-8-45-46-82-7|28-26-21-94-59-99-5-83-18-89-6|12-68-3-76-79-78-34-29-24-77|80-22-41-53
316,10,1107.6198,40.7921,68.0,227.6063,0,10,38.200183,38.234971,True,6-96-59-37-98-99-5-84-17-61-85-89|2-57-15-44-38-86-16-100-97-95|94-92-93-91-87-42-43-14-13-58|33-12-26-53-40-21-73-74-22-41|72-75-56-23-67-39-55-4-25-54|28-68-80-24-29-79-78-34-3-77-50|69-81-9-35-71-65-66-20|70-1-76-51-30-32-90-63-10-88|18-60-83-45-46-8-82-31-27|52-7-62-11-64-49-36-47-19-48
317,10,1109.063,42.6913,80.0,227.1835,0,10,38.633144,38.669786,True,6-96-92-37-98-59-99-84-17-61-5|2-57-15-44-38-86-16-100-97-95|94-93-85-91-87-42-43-14-13-58|12-26-53-40-21-73-74-22-41|72-75-56-23-67-39-55-4-25-54|28-68-80-24-29-79-78-34-33-3-77-50|70-69-1-81-9-35-71-65-66|27-30-76-51-20-32-90-63-10-88|89-60-83-45-46-8-82-18-31|52-7-62-11-64-49-36-47-19-48
318,11,1109.7406,137.1961,132.0,222.7636,0,11,38.836423,38.892281,True,69-20-71-9-51-81-33-77-50|57-15-43-42-87-97-37-100-98-59|92-93-91-44-14-38-86-16-61-85|89-6-96-99-95-2-74-13-94-58|18-5-17-8-83-84-60-7-52|21-72-75-56-23-67-39-55-25-26|12-24-29-78-34-35-65-66-30|31-88-62-11-63-90-32-10-70-1-27|76-3-79-68-80-54-4-28|41-22-73-40-53|82-48-19-64-49-36-47-46-45
319,10,1110.3637,37.2718,82.0,227.0884,0,10,39.023351,39.059756,True,6-96-59-37-98-99-84-17-61-5-18|2-57-15-44-38-86-16-14-100-97|94-92-93-85-91-87-43-42-95-13-58|12-26-53-40-21-73-74-22-41|72-75-56-23-67-39-55-4-25-54|28-68-80-24-29-79-78-34-3-77|70-69-33-81-9-35-71-65-66|30-50-76-51-20-32-90-63-10-88|89-60-83-45-46-8-82-31-1-27|52-7-62-19-11-64-49-36-47-48
320,10,1111.4129,12.5748,81.0,228.0646,0,10,39.338132,39.371193,True,6-96-59-37-98-99-84-17-61-5|2-57-15-44-38-86-16-14-100-97|94-92-93-85-91-87-43-42-95-13-58|12-80-26-53-40-21-73-74-22-41|72-75-56-23-67-39-55-4-25-54|28-24-68-76-79-78-34-29-3-77-50|70-69-33-81-9-35-71-65-66|1-30-51-20-32-90-63-10-88|89-60-83-45-46-8-82-18-31-27|52-7-62-19-11-64-49-36-47-48
321,11,1117.5562,132.6868,133.0,225.4365,0,11,41.181109,41.239136,True,69-51-9-65-81-33-77-50|2-57-15-43-42-87-97-37-100-98-59|93-85-91-44-14-38-86-16-61-6|89-95-92-99-96-74-13-94-58|18-5-17-8-83-84-60-7-52|21-72-75-56-23-67-39-55-25-54-26|12-24-29-78-34-35-71-66-20-30|31-88-62-11-63-90-32-10-70-1-27|76-3-79-68-80-4-28|41-22-73-40-53|82-48-19-64-49-36-47-46-45
322,10,1118.7951,31.9264,76.0,227.7672,0,10,41.552769,41.590403,True,6-96-59-37-98-99-84-17-61-5|2-57-15-44-38-86-16-14-100-97|94-95-92-93-85-91-87-43-42-13-58|33-12-26-53-40-21-73-74-22-41|72-75-56-23-67-39-55-4-25-54|28-68-80-24-29-79-78-34-3-77-50-1|69-81-9-35-71-65-66|27-70-30-76-51-20-32-90-63-10|89-60-83-45-46-8-82-18-88-31|52-7-62-19-11-64-49-36-47-48
323,11,1121.901,157.4635,90.0,223.8468,0,11,42.484553,42.543062,True,95-92-98-44-14-38-86-16-91-100-37-94|2-57-15-43-42-87-97-13-58|21-72-75-41-22-74-73-40|26-56-23-67-39-55-4-25-54|50-81-3-76-12-53-52|10-90-32-33-79-29-24-80-68-77|27-69-1-9-66-71-35-34-78|88-62-11-63-64-47-48-82-7|60-83-45-8-46-36-49-19-18|89-5-99-93-84-17-61-85-59-96-6|28-51-65-20-30-70-31
324,10,1125.53,21.4377,73.0,226.4766,0,10,43.573252,43.61084,True,6-96-92-97-59-99-84-17-61-5-18|2-57-15-44-38-86-16-14-100-98|94-93-85-91-37-87-43-42-95-13|12-24-26-53-40-21-73-74-22-41-58|72-75-56-23-67-39-55-4-25-54|80-68-29-79-78-34-71-3-77-28|1-69-50-33-81-9-35-65-66|27-70-30-76-51-20-32-90-63-10|89-60-83-45-46-8-82-88-31|52-7-62-19-11-64-49-36-47-48
325,10,1131.4117,16.1498,90.0,226.8592,0,10,45.337777,45.378093,True,6-96-59-37-98-99-61-84-17-5-18|2-57-15-44-38-86-16-14-100-97|94-95-92-93-85-91-87-43-42-13-58|33-26-53-40-21-73-74-22-41|72-75-56-23-67-39-55-4-25-54|28-12-80-68-24-29-79-78-34-3-77-50|70-69-1-81-9-35-71-65-66|30-76-51-20-32-90-63-10-88|89-60-83-45-46-8-82-31-27|52-7-62-11-64-49-36-47-19-48
326,10,1131.6055,46.9184,47.0,228.579,0,10,45.395903,45.43685,True,93-85-97-87-53-81|40-21-75-56-23-67-39-55-25-77|29-34-35-9-71-65-66-20-51|12-80-3-76-70-30-32-90-63-10-31|52-88-62-11-64-49-36-47-83-60|2-42-43-15-57-41-22-74-4-72-73|92-98-44-14-38-86-16-61-91-100-37|27-48-46-45-17-84-5-95-13-58|6-94-96-59-99-8-82-19-7-18-89|28-69-1-50-33-79-78-68-24-54-26
327,10,1132.8916,13.7318,71.0,227.7672,0,10,45.781746,45.82038,True,6-96-59-37-98-93-99-84-17-61-5-60-89|2-57-15-44-38-86-16-14-100-97|94-92-85-91-87-43-42-95-13-58|33-12-26-53-40-21-73-74-22-41|72-75-56-23-67-39-55-4-25-54|28-68-80-24-29-79-78-34-3-77-50-1|70-69-81-9-35-71-65-66|30-76-51-20-32-90-63-10-88|18-83-45-46-8-82-31-27|52-7-62-19-11-64-49-36-47-48
328,10,1134.7245,9.7854,78.0,226.8592,0,10,46.331607,46.370762,True,6-96-59-37-98-99-84-17-61-5|2-57-15-44-38-86-16-14-100-97|94-92-93-85-91-87-43-42-95-13-58|33-12-26-53-40-21-73-74-22-41|72-75-56-23-67-39-55-4-25-54|28-68-80-24-29-79-78-34-3-77-50|70-69-1-81-9-35-71-65-66|30-76-51-20-32-90-63-10-88|89-60-83-45-46-8-82-18-31-27|52-7-62-19-11-64-49-36-47-48
329,11,1135.1702,119.87,97.0,221.5616,0,11,46.465317,46.522525,True,95-92-98-44-14-38-86-16-100-37-94|57-15-43-42-87-97-13-2-58|21-72-75-41-22-74-73-40|26-56-23-67-39-55-4-25-54|50-81-3-76-12-53|10-90-32-33-79-29-24-80-68-77|27-51-66-9-65-35-34-78|52-88-62-11-63-64-19-47-48-82|7-49-36-46-8-45-83-60-89|5-93-99-84-17-61-91-85-59-96-6|28-69-1-71-20-30-70-31-18
330,10,1139.1505,20.8934,54.0,228.6267,0,10,47.65941,47.699424,True,95-92-98-44-14-38-86-16-91-100-37-97|10-30-53-40-41-22-74-73-21-26|72-75-56-23-67-39-55-4-25-54|28-12-80-76-3-79-78-34-29-24-68-77|50-33-81-51-9-35-71-65-66-20|32-90-63-48-8-46-45-83-60-89|70-69-62-11-64-49-36-47-19|52-18-5-99-17-82-7-88-31-1|61-43-15-42-87-57-2-13-58-27|94-96-59-93-85-84-6
331,10,1139.7341,63.7925,65.0,226.1839,0,10,47.834476,47.881834,True,89-6-96-99-84-17-86-16-61-93-59|2-57-15-44-38-14-91-100-95|94-92-85-98-37-97-87-43-42-13-58|33-3-12-26-53-40-21-73-74-22-41|72-75-56-23-67-39-55-4-25-54|70-30-34-78-79-29-24-80-68-50|27-69-1-81-9-35-71-65-66|31-76-51-20-32-90-63-10-88|5-60-83-45-46-8-82-18-77-28|52-19-62-11-64-49-36-47-48-7
332,10,1142.7263,6.8444,70.0,227.1835,0,10,48.732151,48.772515,True,6-96-59-14-98-99-84-17-61-5|2-57-15-44-38-86-16-100-97-95|94-92-93-85-91-37-87-43-42-13-58|33-12-26-53-40-21-73-74-22-41|72-75-56-23-67-39-55-4-25-54|28-68-80-24-29-79-78-34-3-77-50|70-69-1-81-9-35-71-65-66|27-30-76-51-20-32-90-63-10-88|89-60-83-45-46-8-82-18-31|52-7-62-19-11-64-49-36-47-48
333,10,1143.1069,11.3206,138.0,226.0805,0,10,48.846324,48.894108,True,92-98-91-44-14-38-86-16-61-85-100-37|2-57-15-43-42-87-97-95-94-13-58-40|50-33-81-34-9-35-71-65-66|26-12-69-51-20-32-90-63-10-31|27-88-62-11-64-49-36-47-48-82-18|89-60-96-59-99-6-53-74-22-93|5-83-45-17-84-8-46-19-7-52|72-75-56-23-67-39-55-4-25-54|70-1-76-3-79-78-29-24-80-68-77|41-73-21-28-30
334,11,1148.2073,146.9602,95.0,223.7225,0,11,50.376428,50.441735,True,95-92-98-44-14-38-86-16-100-94|57-15-43-42-87-37-97-13-2-58|21-72-75-41-22-74-73-40|26-56-23-67-39-55-4-25-54|12-3-76-28-53-7-52|31-10-90-32-79-29-24-80-68-77|69-1-9-66-71-35-34-78|88-62-11-63-64-47-48-82-18|19-49-36-46-8-45-83-60-89|5-93-99-84-17-61-91-85-59-96-6|50-33-81-51-65-20-30-70-27
335,11,1149.3336,90.5343,134.0,224.4685,0,11,50.714343,50.775535,True,96-99-5-84-17-61-85-93-59-94|92-14-44-38-86-16-91-37-100-97-6|2-57-15-43-42-87-41-22-74-75-58|73-72-56-23-67-39-55-4-25-54|12-76-3-79-78-29-24-80-77|50-1-69-70-51-30-32-90-63-10-31|52-7-62-11-64-49-36-48-82-18|27-28-34-26-21-40-13-98|88-19-47-46-8-45-83|20-66-65-71-9-35-81-33-68|89-60-95-53
336,10,1149.5135,12.7754,68.0,229.7125,0,10,50.768316,50.811785,True,6-96-5-93-99-95-53-94|92-37-14-44-38-86-16-61-91-100-98-59|2-57-15-43-42-87-21-74-13-58|28-68-26-40-73-72-22-41-97-85|75-56-23-67-39-55-4-25-54|12-80-24-78-79-9-34-29-3-77|50-33-76-81-35-65-71-20-51|27-52-69-1-70-30-66-32-90-63-10|7-19-47-8-45-84-17-83-60-18-89|31-88-62-11-64-49-36-46-48-82
337,10,1154.853,5.3265,68.0,227.0209,0,10,52.370157,52.413706,True,6-96-5-93-99-59-53-94|92-98-14-44-38-86-16-61-91-100-37-95|2-57-15-43-42-87-21-74-13-58|28-68-26-40-73-72-22-41-97-85|75-56-23-67-39-55-4-25-54|12-80-3-78-79-9-34-29-24-77|51-50-76-33-81-35-65-71-20|27-52-69-1-70-30-66-32-90-63-10|7-19-47-8-45-84-17-83-60-18-89|31-88-62-11-64-49-36-46-48-82
338,11,1157.0217,139.7797,85.0,223.7225,0,11,53.020776,53.08665,True,59-92-98-44-14-38-86-16-91-100-37-97|57-15-43-42-87-2-13-58|21-72-75-41-22-74-73-40|26-56-23-67-39-55-4-25-54|50-81-3-76-12-53-7-52|10-90-32-33-79-29-24-80-68-77|27-69-1-9-66-71-35-34-78|88-62-11-63-64-47-48-82|19-49-36-46-8-45-83-60-89|94-95-96-99-93-61-84-17-5-85-6|28-51-65-20-30-70-31-18
339,11,1159.9159,114.2941,103.0,223.7225,0,11,53.889029,53.953748,True,95-92-98-44-14-38-86-16-100-94|57-15-43-42-87-37-97-13-2-58|21-72-75-41-22-74-73-40|26-56-23-67-39-55-4-25-54|50-81-3-76-12-53-7-52|10-90-32-33-79-29-24-80-68-77|27-69-1-9-66-71-35-34-78|31-88-62-11-63-64-47-48-82-18|19-49-36-46-8-45-83-60-89|5-93-99-84-17-61-91-85-59-96-6|28-51-65-20-30-70
340,10,1163.1005,50.4773,50.0,228.2433,0,10,54.844399,54.895579,True,92-43-99-5-84-17-93-13-94-6|57-15-44-38-86-16-91-100-42|85-95-53-87-41-4-21-26|37-22-23-67-39-55-25-54|12-80-68-76-3-79-78-34-29-24-77-28|50-33-81-35-9-71-65-66-20-51|27-69-1-70-30-32-90-63-10-31|18-82-48-46-8-45-83-60-61-14|52-88-62-11-64-49-36-47-19-7|89-96-59-98-97-2-73-72-56-75-74-40-58
341,10,1167.9395,37.3668,59.0,226.8592,0,10,56.296099,56.347456,True,89-6-96-99-98-84-17-61-93-59|2-57-15-44-38-86-16-14-100-97|94-92-85-91-37-87-43-42-95-13-58|33-3-12-26-53-40-21-73-74-22-41|72-75-56-23-67-39-55-4-25-54|28-68-80-24-29-79-78-34-30-50|70-69-1-81-9-35-71-65-66|31-76-51-20-32-90-63-10-88|5-60-83-45-46-8-82-18-27-77|52-7-62-19-11-64-49-36-47-48
342,11,1171.012,122.0108,81.0,222.5736,0,11,57.217866,57.284699,True,95-92-98-44-14-38-86-16-100-94|57-15-43-42-87-37-97-13-2-58|21-72-75-41-22-74-73-40|26-56-23-67-39-55-4-25-54|50-81-3-76-12-53-7-52|10-90-32-33-79-29-24-80-68-77|27-69-1-20-66-71-35-34-78-28|88-62-11-63-64-47-48-82|19-49-36-46-8-45-83-60-89|5-93-99-84-17-61-91-85-59-96-6|51-65-9-30-70-31-18
343,10,1190.5093,4.2715,59.0,228.7538,0,10,63.067044,63.120492,True,92-37-98-44-38-84-61-91-14-100|2-57-15-43-42-87-97-95-96-94-13-58|28-12-80-24-41-22-74-72-21-40-26|18-50-76-79-81-78-34-29-68-77|27-1-69-31-70-30-32-90-63-10-88-7|64-62-8-45-83-60-5-93-59|82-48-19-11-49-36-47-46-17|85-16-86-99-53-6-89-52|73-75-56-23-67-39-55-4-25-54|20-66-65-35-9-71-51-33-3
344,11,1203.4255,85.2183,105.0,223.7225,0,11,66.941893,67.015504,True,57-15-43-42-87-91-13-2-58|98-97-21-72-75-41-22-74-73-40|26-56-23-67-39-55-4-25-54|50-81-3-76-12-53-52|10-90-32-33-79-29-24-80-68-77|27-69-1-9-66-71-35-34-78|88-62-11-63-64-47-48-82-7|6-94-95-59-93-99-84-36-49-19|28-51-65-20-30-70-31|92-85-61-16-44-38-86-14-100-37-96|18-83-8-46-45-17-5-60-89
345,10,1206.6065,2.4879,88.0,227.7263,0,10,67.896199,67.956955,True,6-96-59-37-98-99-84-17-61-5-82|2-57-15-44-38-86-16-14-100-94|92-93-85-91-87-43-42-97-95-13-58|50-29-24-53-40-21-73-74-22-41|72-75-56-23-67-39-55-4-25-54|34-76-79-35-71-65-66|28-27-69-81-9-20-32-90-63-10-88|89-60-83-45-46-8-18-51-77|52-7-62-19-11-64-49-36-47-48|26-12-80-68-3-78-33-30-70-31-1
346,11,1211.4238,86.1376,55.0,223.7225,0,11,69.341384,69.412532,True,92-14-44-38-84-17-86-16-100|95-42-43-15-57-87-37-97-13-2-58|21-72-75-41-22-74-73-40|26-56-23-67-39-55-4-25-54|50-81-3-76-12-53-7-52|10-90-32-33-79-29-24-80-68-77|27-69-1-9-66-71-35-34-78|88-62-11-63-64-47-48-82-18|94-59-91-93-99-46-36-49-19|28-51-65-20-30-70-31|6-96-98-85-61-45-8-83-5-60-89
347,10,1217.6655,1.3064,138.0,228.2901,0,10,71.213904,71.282885,True,92-98-91-44-14-38-86-16-61-85-100-37|2-57-15-43-42-87-97-95-94-6-13-58-40|72-75-56-23-67-39-55-4-25-54|50-33-81-35-9-71-65-66-20-51|52-88-62-11-64-49-36-47-48-82-18|89-5-93-59-99-96-53-21-73-74-22-41|63-90-76-79-34-24-80-12|3-32-84-17-45-46|27-1-69-70-10-8-83-60-28|7-19-31-30-78-29-68-77-26
348,11,1219.5327,70.1369,74.0,224.6809,0,11,71.774051,71.847275,True,96-59-92-85-93-99-5-84-17-45-83|94-95-97-42-14-38-100-37-98|2-41-15-43-87-57-13-58|28-12-80-24-54-72-75-22-74-73-40|21-56-23-67-39-55-4-25-26|50-81-3-76-53-70-31-88|90-32-51-33-79-78-34-29-68-77|27-1-69-20-66-9-35-65-71|82-62-11-63-64-47-7-52|19-49-36-46-8-48-10-30|6-91-44-86-16-61-60-18-89
349,10,1234.5422,0.0,96.0,228.4275,0,10,76.276913,76.346581,True,95-92-98-91-44-38-14-42-37-100-97-94|12-80-24-26-53-40-21-72-74-22-41|28-50-69-76-79-81-78-34-29-68-77|64-62-8-46-45-83-60-18|88-63-11-19-49-36-47-48-82-7-52|73-75-56-23-67-39-55-4-25-54|20-66-65-35-9-71-51-33-3|43-15-99-87-57-85-13-58|61-16-86-17-84-10-90-32-30|2-6-96-59-93-5-89-31-70-1-27
350,11,1240.5562,8.0472,160.0,225.9324,0,11,78.081112,78.160117,True,6-96-85-93-99-5-84-61-16-86-17-83|94-95-92-98-44-38-14-91-37-100-59-97|2-57-41-15-87-43-42-13-58|28-12-80-24-21-72-75-22-74-73-40|54-56-23-67-39-55-4-25-26|50-81-3-76-53-7-88-31|90-32-51-33-79-78-34-29-68-77|27-1-69-20-66-9-35-65-71|82-62-11-63-64-47-46-45|19-49-36-8-48-10-30-70|52-18-60-89
351,13,1247.3942,266.3246,145.0,220.3799,0,13,80.1325,80.250565,True,6-96-99-5-84-17-61-85-59|92-14-44-38-86-16-91-100-37-97|2-57-15-43-42-87-13-58|53-40-41-22-74-73-26|72-75-56-23-67-39-55-4-25|80-76-3-79-34-29-24-68-77|50-33-81-51-9-35-65-71-20|69-63-90-32-30-1|7-82-8-46-45-83-60-89|52-88-62-19-11-64-49-36-47-48|95-21-54-12-28-10-31|27-70-18-93-98-94|78-66
352,11,1258.7603,62.7634,86.0,225.297,0,11,83.542345,83.627524,True,57-41-15-43-87-42-2-58|28-12-80-21-72-75-22-74-4-73-40|26-54-56-23-67-39-55-25-24|50-33-81-3-76-53-70-31-52|90-32-20-51-79-78-34-29-68-77|27-69-1-9-35-65-71-66|82-11-63-64-47-46-45-83|6-5-17-44-38-86-16-14-100-97|94-95-92-37-91-93-99-59-96-10-30|89-60-18-48-8-84-61-85-98-13|88-62-19-49-36-7
353,11,1272.5324,7.0429,150.0,226.8296,0,11,87.673976,87.761558,True,94-95-92-44-38-86-16-14-100-37-97|2-57-41-15-87-43-42-13-58|28-12-80-24-21-72-75-22-74-73-40|54-56-23-67-39-55-4-25-26|50-81-3-76-53-70-31-88-7|90-32-33-79-78-34-29-68-77|27-1-69-20-66-9-35-65-71|82-62-11-63-64-47-48-45|19-49-36-46-8-10-30-51|52-83-5-99-84-17-61-85-91-98-93-59|89-18-60-96-6
354,13,1275.3515,298.4844,140.0,219.3891,0,13,88.519693,88.650321,True,6-96-99-5-84-17-85-93-59-94|95-92-44-38-86-16-91-100|2-15-43-42-87-13-58|53-40-41-22-74-26|72-56-23-67-39-55-4-25-54|28-12-80-76-79-78-34-29-24-68-77|50-33-81-51-9-35-71-65-66|69-1-70-30-32-90-63-31|7-8-46-45-83-60-89|62-19-11-64-49-47-48|18-82-36-10-20-88-52|14-61-98-37-97-75-73-21|27-3-57
355,11,1279.1163,33.4127,130.0,225.9324,0,11,89.649127,89.740506,True,6-96-85-93-99-5-84-61-16-86-17-83|94-97-92-98-44-38-14-91-100-37-59|2-41-15-43-87-57-42-95-13-58|28-12-80-24-54-21-72-75-22-74-73-40|10-90-32-33-79-78-34-29-68-77|27-1-69-20-66-9-35-65-71|82-62-11-63-64-47-46-45|89-7-48-8-36-49-19-70|50-56-23-67-39-55-4-25|31-51-81-76-53-60-18|26-3-30-88-52
356,11,1282.4176,43.6865,66.0,226.2103,0,11,90.639527,90.727079,True,96-59-92-85-93-99-5-84-17-83|94-95-97-15-38-14-42-100-37-98|2-41-43-57-87-13-58|28-12-80-24-21-72-75-22-74-73-40|54-56-23-67-39-55-4-25-26|50-81-3-76-53-70-31-88-7|90-32-33-79-78-34-29-68-77|27-1-69-20-66-9-35-65-71|82-62-11-63-64-47-46-45|19-49-36-8-48-10-30-51|52-18-60-91-44-86-16-61-6-89
357,11,1313.1798,20.3351,156.0,225.9324,0,11,99.868203,99.970439,True,6-96-85-93-99-5-84-61-16-86-17-83|94-97-92-98-44-38-14-91-100-37-59|2-57-41-15-87-43-42-13-95-58|28-12-80-24-54-21-72-75-22-74-73-40|10-90-32-33-79-78-34-29-68-77|27-1-69-20-66-9-35-65-71|82-62-11-63-64-47-46-45|89-60-7-48-8-36-49-19-70|50-56-23-67-39-55-4-25|31-51-81-76-53-26-88-18|3-30-52
358,13,1315.6707,173.7568,118.0,220.7401,0,13,100.615467,100.737485,True,95-92-98-91-44-38-14-37-100-97-94|2-15-43-42-87-13-58|12-80-24-26-53-21-74-22-41|50-76-79-81-78-34-29-68-77|27-69-1-70-32-90-10|64-46-8-45-83-18|88-62-11-19-49-36-47-48-82-7|17-86-16-61-99-96|73-75-56-23-67-39-55-4-25|20-66-65-35-9-51-3|60-5-84-85-93-59-6|40-28-30-63-31-52-89|57-72-54-33-71
359,11,1322.3931,6.0319,102.0,225.9509,0,11,102.632171,102.729628,True,95-92-98-44-14-38-86-16-91-100-37-97|2-57-15-43-42-87-73-74-13-58|72-75-56-23-67-39-55-4-25-54|24-29-34-79-9-71-65-66|60-10-63-90-32-35-77|52-88-62-19-11-64-49-36-47-48|40-21-22-41-99-5-83-70-30|96-93-85-61-17-84-8-45-46-82-7|20-78-76-27-18-89-6-59-94|31-69-1-68-53-26-12-51|50-33-81-3-80-28
360,11,1340.1887,17.7199,98.0,225.1575,0,11,107.970874,108.074904,True,2-57-41-15-87-43-42-13-58|28-12-80-24-21-72-75-22-74-73-40|54-56-23-67-39-55-4-25-26|50-81-3-76-53-70-31-88-7-52|90-32-51-33-79-78-34-29-68-77|6-5-17-44-38-86-16-91-14-100|89-60-18-48-8-84-61-85-98-37-97-96|94-95-92-59-93-99-47|49-11-64-65-35|27-69-20-9-71-66-30-10-1|82-19-62-63-36-46-45-83
361,13,1368.5466,44.2776,160.0,224.4672,0,13,116.478234,116.601452,True,96-85-93-99-5-84-17-86-16-61|94-59-92-98-44-38-14-91-37-100-97-95|2-57-41-15-87-43-42-13-58|12-80-24-21-72-75-22-74-73-40|54-56-23-67-39-55-4-25-26|50-33-81-3-76-53-70|90-32-66-79-78-34-29-68-77|20-71-65-35-9-51|63-64-11-47-45|19-49-36-46-8-48-10-30|28-82-7-88-31-52-18-60-6-89|83-1-27|69-62
362,14,1374.6434,256.3307,102.0,219.3891,0,14,118.30726,118.457853,True,94-96-59-93-99-17-84-5-6|92-14-44-38-86-16-61-100-37|2-15-43-42-87-97-13-58|53-40-73-74-21-26|75-56-23-67-39-55-4-25-54|28-76-3-79-29-24-80-68-77|81-9-71-66-20-51|27-69-1-30-70-31|18-82-46-8-83-60|52-88-62-11-64-49-36-48-7|50-33-19-47-98-89|10-63-90-65-35-72|22-41-57-91-85-45-95|12-78-34-32
363,14,1387.4881,266.8678,111.0,218.5999,0,14,122.16069,122.317498,True,96-59-93-99-17-84|92-98-91-44-86-61-85-100-37|2-57-15-43-42-87-97-13-58|53-40-41-74-73-21-26|75-56-23-67-39-55-4-25|28-80-76-3-79-34-29-24-68-77|50-33-51-9-35-65-71-20|27-69-70-32-90-63-10-88-31|18-82-46-8-83-89|62-19-11-64-49-36-47|12-72-22-6-5-16-45-60|54-1-52-48-95-94|7-30-66-81-78|14-38
364,14,1410.6086,116.8343,176.0,219.3891,0,14,129.096824,129.244682,True,98-91-44-38-86-16-61-85-100-37|2-15-43-87-95-94-13-58-40|72-23-67-39-55-4-25-54|12-80-76-3-79-78-29-24-68-77|50-33-81-9-35-71-65-66|26-69-70-30-90-63-10-31-27|88-62-11-49-36-47-48-82-18|89-5-93-59-99-96-53-21-74-22-41|60-83-45-17-84-8-46-19|28-52-7-14-97-6|73-51-34-20-32-1|56-75-57-42|64|92
365,14,1414.6907,177.8504,132.0,220.4954,0,14,130.321462,130.475462,True,6-99-84-17-61-85-93-59-94|95-92-14-44-38-86-16-91-100-37|2-15-43-42-87-73-74-13-58|26-21-41-40-53|56-23-67-39-55-4-25-54|12-76-68-3-79-78-29-24-77|33-81-71-65-66-20-51|27-69-1-70-30-32-90-10-31|18-82-48-46-8-45-60|62-11-64-49-36-47-19-7|75-97-96-5-83-52-89|88-63-34-22-72-28|57-98-80-50|35-9
366,15,1433.6046,276.7599,168.0,212.842,0,15,135.995635,136.172898,True,94-59-93-17-84-5|92-91-44-14-38-86-16-85-100-37|2-57-15-43-42-87-13-58|53-40-21-74-22-41|72-75-23-67-39-55-4-25|28-12-76-79-78-29-24-68-77|50-33-81-9-71-66-20|69-1-70-30-32-63-10-31|18-19-46-8-45-83-89|52-88-62-11-64-49-36-47-48-7|34-65|27-90-60-98-97-73|56-54-26-61-96-95-6|82-35-51-3-80|99
367,16,1473.1865,455.5606,146.0,217.5362,0,16,147.870206,148.084968,True,5-85-91-97-87-53|26-75-56-23-67-39-4-25|28-12-80-76-68-24-34-78-3-77|33-81-51-9-35-71-65-66|27-69-70-30-32-90-63-10-31|52-88-62-64-49-36|2-57-43-15-41-22-74-72-73-21|7-19-82-8-84-17-83-60-18-89|92-98-61-16-44-38-86-14-100-37|6-96-99-59-95-94-40|93-46-1-50-29|54-20-47-48-45|58|42-13|79-55|11
368,13,1474.5727,184.0686,70.0,220.1923,0,13,148.286065,148.452417,True,6-96-99-84-17-85-59-94|95-98-44-38-86-100-97|2-41-42-87-13-58|43-15-57-53-22-74-68|72-56-23-67-39-55-4-25|28-12-80-76-3-79-34-35-77|24-81-9-71-65-66-20|27-69-31-10-63-90-32-30-50|52-88-62-11-64-36-47-48-7|70-18-60-5-16-14-91-93-40|89-83-45-46-82-19-1-33|51-78-29-54-75-73-26|92-37-61-8-49-21
369,16,1495.6468,453.0987,144.0,217.3129,0,16,154.608287,154.829184,True,6-96-84-17-61-85-93-59-94|95-92-98-44-38-86-16-91-37-97|57-15-43-87-13|53-41-22-74-73-21-26|75-56-23-67-39-55-4-54|28-80-3-79-78-34-29-24-68-77|33-81-51-9-35-71-66-20|27-10-63-90-32-30-70-1|7-82-8-83-89|52-88-62-19-64-49-47-48|18-31-50-12-72-2-40|42-5-45-36-60|99-14-100-58|65-46|69-76-25|11
370,14,1505.9736,244.208,125.0,217.5362,0,14,157.706331,157.896526,True,92-98-91-44-14-38-86-16-100|2-57-43-42-87-97-95-13|56-23-67-39-55-4-25|12-80-68-24-79-3-77|50-33-51-9-35-71-65-66|26-27-69-70-32-90-10-31|62-11-64-47-48-7|93-99-53-22-74-73-21|5-84-8-46-45-83-18|52-88-82-96-61-85-59-94-89|28-1-81-78-54-72-41|29-34-76-36-60|19-49-63-20-30-40|75-15-37-17-6-58
371,15,1522.8347,355.8519,146.0,215.4753,0,15,162.764659,162.97875,True,94-96-59-93-99-17-84-5-6|92-98-91-44-14-38-86-61-100-37|2-57-15-42-87-97-13-58|53-40-41-22-73-21-26|72-75-56-23-67-39-55-4-54|28-76-3-79-78-29-24-80-77|50-33-81-9-35-66-51|69-1-70-30-32-10-31|18-19-46-8-45-60-89|52-88-62-11-64-49-36-47-48-7|34-65|95-85-90-20-68-27|74-12|16-43-82-63|83-71-25
372,14,1538.8131,214.2016,129.0,219.3891,0,14,167.558184,167.754408,True,92-98-85-61-16-38-14-91-100-37|6-94-95-97-87-42-43-57-2-13-58|72-75-56-23-39-55-4-25-54|28-12-80-3-79-78-34-29-24-68|81-9-35-65-66-20|27-69-1-30-32-90-10-31|88-11-64-36-47-48-82-7|60-93-59-99-96-53-21-73-74-41|5-17-45-83-8-46-19-18|89-70-63-51-26-22|40-76-50-49-52|86-44-71-33-77|62-84|15-67
373,16,1540.3762,416.3477,92.0,218.7856,0,16,168.02711,168.250935,True,59-91-38-86-84-5-60-89|92-44-100-97|57-15-43-42-87-13-58|53-73-75-4-80-12|72-56-23-67-39-55-25|33-34-78-79-68|1-51-9-71-65-35-81-50|69-70-30-66-32-63-10|64-62-8-46-82|88-11-49-36-47-19-48-7|28-2-95-96-17-45-18-52|3-29-24-54-21-26|94-14-40|6-61-85-98-41-22-74-31|99-93-16-37|83-27-76-90-20-77
374,16,1547.5276,373.5301,167.0,212.0842,0,16,170.172532,170.398574,True,92-98-91-44-86-16-61-85-100-37|2-57-15-42-87-97-95-94-6-13-58|72-75-56-23-39-54|28-12-68-29-78-79-3-77|50-33-81-71-66-20-51|69-1-70-30-32-90-10-31-27|52-88-62-11-49-36-47-48-82-18|89-5-93-59-99-96-53-22-74-73-21|60-83-45-17-84-8-7|19-46-14-41-40|63-64-43-26|80-24-34-9-35-65|55-25|76-4|38|67
375,17,1549.896,622.8851,151.0,212.842,0,17,170.883063,171.146032,True,94-96-59-84-5-6|92-91-44-38-16-61-85-100|2-15-42-87-97-95-13|40-22-74-73-21|72-75-56-23-67-39-55-25-54|76-79-29-24-68-77|50-33-81-9-35-66-20-51|27-69-1-70-30-32-90-63-10-31|18-82-19-46-8-83-60-89|88-62-11-64-49-36-47-48-7|26-12-34-65|43-58|78-80-57-37-93-45|41-98-52-71-28|53-14-86-17|3-4|99
376,17,1569.5173,580.5892,145.0,212.0831,0,17,176.769454,177.031252,True,6-96-99-5-84-17-61-85-93-59|92-14-44-38-86-16-91-97|2-57-15-43-42-87-13-26|75-56-23-67-39-25-54|28-12-80-76-3-79-78-29-24-77|27-69-1-50-70-30-32-90-10-31|52-7-62-11-49-47-48-82|41-22-73-21-40|18-8-46-45-83-60-89|20-66-71-9-51-33|94-98-19-64|95-63-35-34|68-55-72-74-58|53-37-88|36-65-81|100|4
377,18,1597.1509,486.9412,155.0,209.1372,0,18,185.059534,185.316433,True,94-96-59-93-84-5-6|92-98-91-44-86-16-61-85-100-37|2-57-15-42-87-97-95-13-58|53-40-73-22-74-21-26|72-75-56-23-39-54|28-12-68-29-78-79-3-77|50-33-81-71-66-20-51|27-69-1-70-30-32-90-10-31|18-82-83-60-89|52-88-62-11-49-36-47-48-7|64-65-35-34-80|99-41-24|43-14-17-45-46|19-63-9-55-25|76-4|8|38|67
378,16,1605.7371,382.3978,165.0,213.4608,0,16,187.635378,187.88022,True,94-96-93-99-17-84|92-98-91-44-14-38-86-16-85-100-37|2-57-15-42-87-97|53-40-73-22-74-21-26|75-23-67-39-55-4|28-12-80-76-3-79-78-34-29-68-77|50-33-81-35-71-65-66-51|27-69-1-70-30-32-63-10-31|18-82-8-45-60-89|52-88-62-11-64-47-48-7|20-83-59-56|41-43-61-5-36|54-24-19-6-95-58|72-46-49-90|13|9-25
379,18,1607.5331,537.6127,122.0,217.6064,0,18,188.174182,188.439767,True,96-93-17-84-5|92-37-98-91-38-86-61-85|2-57-43-42-87-95-13-58|53-40-21-73-74-22-41|72-56-39-55-25|76-68-24-29-78-3-77|50-33-9-35-71-66-51|69-1-30-32-90-10-31|18-82-19-46-8-45-83-60-89|88-62-11-64-49-36-7|34-65|59-16-27-81|26-12-52-47-6-94|70-20-63-48-97|75-23-67-4-54-80-28|14-15-44-100|99|79
380,16,1622.8827,140.375,170.0,220.1321,0,16,192.779056,192.994238,True,2-96-99-5-84-17-85-93-59|95-14-44-38-86-16-100-37-97|72-75-23-67-39-55-4-25|28-76-3-79-78-34-29-68-77|50-33-81-9-35-71-66-20|27-69-63-90-30-70-1|52-7-88-62-11-64-49-47-48-82|73-15-43-87-22-74-13-58|60-45-46-8-18|26-21-57-53|36-94-40-80-12|6-31-19-10-54|83-91-98-41-56-24|51-89-61-42|32-65|92
381,17,1628.5724,542.0981,124.0,217.5362,0,17,194.485962,194.75842,True,6-96-99-5-84-61-85-59|16-37-97|2-57-15-43-42-87-13-58|41-74-73-21-26|75-23-67-39-55-4|12-80-24-29-34-79-3-77-68|50-33-81-51-9-35-71-65-66|27-69-1-30-32-90-63-10-88|18-8-46-45-60-89|52-7-62-11-19-36-47-48|95-93-70-20-78|54-31-64-49-94|56-22-14-91-98-17-83|72-76-40-86-82|28-92-100|53-25|44-38
382,16,1637.4001,386.8824,154.0,213.8451,0,16,197.134292,197.388263,True,6-96-99-5-84-17-61-85-93|98-44-14-38-86-16-91-100-37|2-15-87-58|43-53-22-74-73-26|72-75-56-23-67-39-4-25-54|80-76-3-79-78-24-68|50-33-81-35-66-51|27-69-1-70-30-32-90-63-10-31|18-82-46-8-83-60-89|88-62-64-49-36-47-48-7|59-21-29-12-28-52|19-45-94-41-40|97-95-42-57-34-20|71-65-55-77|13|92-11-9
383,17,1643.9695,236.1646,131.0,218.1338,0,17,199.105109,199.337086,True,6-96-99-5-84-61-85-93|95-92-98-44-14-38-86-91-100-37|42-43-15-2-74-4|22-73-53|21-72-75-56-39-67-55|68-76-3-79-78-34-24-77-28|50-33-35-65-20|27-31-10-90-32-70-1|18-82-48-8-45-60-94-13-58|52-88-62-11-64-36-47|16-89-40-26-80-12|29-81-54-41-59|97-69-30-63-7|19-49-46-17-83|51-71-66-9|87-57-25|23
384,16,1656.205,416.2681,141.0,210.8997,0,16,202.77574,203.038018,True,94-96-59-99-93-84-5-6|98-91-44-14-38-86-16-61-100|2-57-15-43-87-97-95-13-58|53-40-73-74-22-41|72-75-56-23-67-4-54|12-76-3-79-78-29-24-77|50-33-81-9-35-71|27-69-1-70-32-90-63-10-31|18-8-46-19|52-88-11-64-49-36-48-7|30-66-51-45-85-89|28-80-20-47-82-83|37-60-21-39-26|62-34-42|92-17-65-68|55-25
385,16,1659.396,197.9222,141.0,217.4445,0,16,203.733048,203.964514,True,95-92-44-38-14-91-100|2-57-15-43-42-87-13-58|12-80-24-41-22-74-40-26|68-1-69-70-30-32-90-63-10-31|88-11-64-36-47-48-82-7-52|73-75-56-23-39-55-4-25|20-66-71-35-9-51-33-3|18-62-76-79-34-81|50-19-46-8-83-96|85-61-86-17-84-60|28|97-21-54-29-65|27-45-49-93-6-89|78-37-98-16-5-94|72-59-99-53-77|67
386,16,1663.297,271.9965,109.0,213.4138,0,16,204.903351,205.143293,True,5-85-91-97-87-53|26-75-56-23-39-55-4-25|12-68-24-29-78-79-3-77|81-9-35-65-66|69-30-32-90-63|52-88-62-11-64-49-36-47-46|57-42-43-41-74-72-58|19-48-8-45-84-83-60|92-98-61-44-38-86-14-100-96|6-99-93-95-94-13-2-40|31-82-17-22-73-28|27-70-76-54-16-89|37-18-7-50-80-21|1-33-34-51-20-10|59-71|15-67
387,16,1705.755,178.791,140.0,215.3034,0,16,217.640749,217.882831,True,98-91-14-86-16-61|2-57-15-43-42-87-97-95-94-13-58-40|72-75-56-67-55-4-54|28-12-80-76-3-78-34-29-68|50-33-35-71-20-51|26-1-70-30-90-63-31|52-11-49-36-47-48-82-7|89-60-93-59-99-96-53-22-74-21|19-46-8-84-17-45-83-18|27-62-64-5-6|85-37-24-81-32|88-69-73-41-39-25|66-9-77|10-65-79-100|92-44-38|23
388,18,1741.0113,464.3283,153.0,209.8204,0,18,228.217639,228.514206,True,96-99-5-84-61-85-59-94|95-92-14-44-38-86-16-91-100-97|2-15-87-13-58|53-21-74-41|23-67-39-55-4-25|68-29-79-77|33-81-51-9-71-65-66-20|70-32-90-63-31|8-46-45-83|52-62-11-19-49-36-47-48|93-72-12-3-1-28-27|80-50-30-10-89-40|54-22-75-73-57-43|17-18-60-98-56-26|6-42-24-34-78|35-88-7-82-37|64|69-76
389,16,1747.6824,229.3826,134.0,214.3344,0,16,230.218962,230.480466,True,73-6-99-93-61-84-5-94|95-92-14-44-38-86-16-91-37|57-15-41-87-42-13|56-23-67-39-4|28-12-80-76-79-78-34-29-68-77|50-33-81-9-35-65-66|52-88-11-64-49-36-47-48|90-60-53-40-74-21-26|1-69-31-70-32-63-19-46|89-18-83-45-8-82-7-10-27|72-97-85-30-20-3|24-2-98-59-96-58|17-43-22-54|51-75-55-25|71-100|62
390,19,1750.2025,610.0643,126.0,210.1132,0,19,230.975015,231.293844,True,53-87-42-93-13|73-75-56-39-67-25|12-24-29-34-68-77|50-33-81-35-65-66-51|27-69-70-30-32-90-63-10-31|11-64-49-36-82|2-57-43-41-74-72-40|7-19-8-45-83-89|6-92-91-44-38-14-100-96|60-5-85-37-59-97-94|48-16-98-95-22|1-18-61-99|47-58|26-21-54-80-78-3-28|20-52-46-86|62-88-17-84|76-79-9-71|4|15-23-55
391,20,1751.942,616.4869,119.0,202.9148,0,20,231.49685,231.815684,True,6-96-99-5-84-61-85-59|93-16-37-97|2-57-15-43-42-87-13-58|41-74-73-21|75-23-67-39-55-4|32-90-63-88|18-8-46-45-60-89|52-7-62-11-19-36-47-48|64-49-94|56-22-14-91-98-17-83|40-72-86-82|92-100|53-25|44-38-95|26-1-70-30-10-27|54-24-78-65-66-20-50|69-51-79-29-28|31-35-81-33-12|80-68-34-71-3-77|76-9
392,17,1763.534,314.0564,182.0,212.7633,0,17,234.974454,235.258279,True,92-98-44-14-38-86-16-61-85-100|15-43-87-94-6-13-58|72-75-23-67-39-55-4-25|28-12-68-24-34-78-3-77|50-33-9-35-65-71-20|1-70-30-32-90-10|88-62-11-64-49-47-48-82-18|60-93-99-53-74-41|83-5-84-46-19-7|59-69-29-54-27|42-2-36-31-52|26-80-81-76-21-22-97|89-17-45-37-57-95-96|63-56-73-40|91-66-51|79|8
393,17,1773.1767,256.9038,175.0,213.8451,0,17,237.867251,238.144858,True,95-92-98-44-14-38-86-16-100-94|15-42-87-37-97-2-58|21-72-75-41-22-74-73-40|26-56-23-67-39-4-25-54|50-81-3-76-12-53-7|90-33-79-29-24-80-68-77|27-69-1-9-66-35-78|88-62-11-64-48-82|49-36-46-83-60-89|59-93-85-91-17-84-5-6|28-51-20-30-70-18|57-45-47-32-52|43-61-99-10|96-31-63-71|34-55-13|19-65|8
394,18,1788.7227,542.0488,126.0,202.8292,0,18,242.531052,242.849842,True,94-96-59-93-99-17-84-5-6|98-44-14-38-86-16-61-37|2-57-15-43-42-87-97-95-13-58|53-40-74-21-26|75-23-67-4-25|28-68-80-29-79-3|50-33-81-9-35-71-20|27-69-1-30-32-90-63-10-31|18-82-19-46-45-60-89|88-62-11-64-49-36-48-7|34-65|12-51-41-91-85|56-73-24-70-52|76-78-39-22|72-54-66-83|77|47-100|92-8-55
395,20,1862.2064,475.7761,146.0,209.8204,0,20,264.576164,264.910707,True,6-96-59-37-98-99-5-84-89|2-57-86-16-100-97|94-95-92-93-85-91-42-13-58|12-26-22-74-73-21-40|28-68-78-79-3-77|69-70-10-90-32-20-51|52-7-62-11-49-47|72-75-56-23-39-54|83-45-8-82-88-31-27|33-81-71-66-30-1|19-35-80-55|48-64-63-65|29-24-53-60|43-14-61-17-18|46-36-34-50|41-15-87-4-25|9|76|44-38|67
396,20,1930.6763,679.9322,110.0,212.586,0,20,285.117138,285.499661,True,43-15-74-73-21-26|40-72-23-39-54|28-12-68-24-29-34-78-3-77|50-33-35-65-71-51|27-31-10-63-32-30-70-1|60-83-82-8-46-45-85-100-37|7-62-11-19-49-47|92-14-44-38-91-16-17|5-93-13|2-41-53-94-95-97-96|89-6-86-42-22-52|59-18-48-64-66|80-76-81-20-90|58|88-61-98-57-75-56|79-36|99-4-25|9-55|87-84|69-67
397,25,2100.8708,1012.433,102.0,215.6362,0,25,336.175491,336.660105,True,70-79|15-42|32-66-71-35-34-78|59-99|88-11-3|84-93-95|29-24-55-54|10-64-49-36-46-45-83|69|72-75-39-23-41|48-62-90-30|85-100-37|77-50|28-53-87-58|76-51-9-81-68|97-89-20-65-1|94-13-73|47-33-80-4|25-26|92-98-91-16-44-38-86-17|67|63-6-14-43-57-2|19-22-74-56-21-40|12-27-31-61-96|52-7-82-8-5-60-18
398,23,2161.7654,692.639,104.0,218.3589,0,23,354.443886,354.898807,True,93-97-53|26-54-39-56|28-68-29-78-79-3-12|50-33-81-71-66-20|27-69-70-30-90-10-31|52-88-62-11-49-47-83-60|42-15-41-22-74-72-73-21-58|92-98-16-91-100-37|45-84-5-95-13|6-94-96-99-82-7-18-89|40-59-17-36-48|1-77|46-63-35-34|24-2-57-86-85|64-19-80-75|51-55-25|65-43-14|44-61-32|8-4|76-9|87|23-67|38
399,25,2231.5955,786.2949,111.0,204.8858,0,25,375.392915,375.882113,True,95-92-98-14-44-91-59-94|2-57-15-42-87-97-13|12-80-26-22-74-72-21-40|28-68-29-78-79-77|27-69-70-30-90-10-31|83-45-60-89|88-11-47-48-7-52|61-16-99-96|73-75-56-39-54|20-66-35-33|5-93-6|1-34-71-81-24|17-49-64|3-36-43|65-19-82|55-50|46-63-32-51|100|8-85-41|62-4|18-86-37-58|76-53-25|9|38-84|23-67
