Rank,Z1_Vehicles,Z2_Distance,Z3_WaitTime,Z4_LoadBalance,Z5_Makespan,Unserved,Num_Routes,ASF,ASF_aug,In_ROI,Routes
1,16,1376.467,467.0876,115.0,227.2458,0,16,19.906193,19.926956,True,12-29-78-34-35-1|2-15-57-87-43-100-91-93|53-40-26|28-76-79-3-68-24-80-77|5-59-99-94-6|42-14-44-38-86-17-60-89|72-39-23-67-55-54-4-25|27-30-51-9-81-50|69-31-62-88|33-65-71-66-20-32-70|47-36-19-49-46-48|63-64-11-90-10|83-45-8-84-96|21-73-75-22-41-56-74-58|95-92-98-16-61-85-37-97-13|52-82-7-18
2,16,1376.55,397.2774,139.0,227.2458,0,16,9.434669,9.447386,True,28-12-29-78-34-35-1|2-15-57-87-43-100-91-93|53-40-26|52-69-76-79-3-68-24-80-77|5-59-99-94-6|42-14-44-38-86-17-60-89|72-39-23-67-55-54-4-25|31-30-51-9-81-50|27|33-65-71-66-20-32-70|47-36-19-49-46-48|63-64-11-90-10|83-45-82-8-84-96|21-73-75-22-41-56-74-58|95-92-98-16-61-85-37-97-13|62-88-7-18
3,16,1376.55,397.2774,139.0,227.2458,0,16,9.434669,9.447386,True,28-12-29-78-34-35-1|2-15-57-87-43-100-91-93|53-40-26|52-69-76-79-3-68-24-80-77|5-59-99-94-6|42-14-44-38-86-17-60-89|72-39-23-67-55-54-4-25|31-30-51-9-81-50|27|33-65-71-66-20-32-70|47-36-19-49-46-48|63-64-11-90-10|83-45-82-8-84-96|21-73-75-22-41-56-74-58|95-92-98-16-61-85-37-97-13|62-88-7-18
4,16,1376.905,466.6495,115.0,227.2458,0,16,19.840487,19.861316,True,28-12-29-78-34-35-1|2-15-57-87-43-100-91-93|53-40-26|76-79-3-68-24-80-77|5-59-99-94-6|42-14-44-38-86-17-60-89|72-39-23-67-55-54-4-25|27-30-51-9-81-50|69-31-62-88|33-65-71-66-20-32-70|47-36-19-49-46-48|63-64-11-90-10|83-45-8-84-96|21-73-75-22-41-56-74-58|95-92-98-16-61-85-37-97-13|52-82-7-18
5,16,1377.5648,465.5538,115.0,227.2458,0,16,19.676129,19.696992,True,28-76-79-78-34-35-1|2-15-57-87-43-100-91-93|53-40-26|12-29-3-68-24-80-77|5-59-99-94-6|42-14-44-38-86-17-60-89|72-39-23-67-55-54-4-25|27-30-51-9-81-50|69-31-62-88|33-65-71-66-20-32-70|47-36-19-49-46-48|63-64-11-90-10|83-45-8-84-96|21-73-75-22-41-56-74-58|95-92-98-16-61-85-37-97-13|52-82-7-18
6,16,1378.0028,465.1158,115.0,227.2458,0,16,19.610424,19.631352,True,76-79-78-34-35-1|2-15-57-87-43-100-91-93|28-12-29-3-68-24-80-77|5-59-99-94-6|42-14-44-38-86-17-60-89|72-39-23-67-55-54-4-25|27-30-51-9-81-50|69-31-62-88|33-65-71-66-20-32-70|47-36-19-49-46-48|63-64-11-90-10|83-45-8-84-96|21-73-75-22-41-56-74-58|95-92-98-16-61-85-37-97-13|52-82-7-18|53-40-26
7,16,1379.5275,462.7362,115.0,227.2458,0,16,19.253486,19.274515,True,28-29-79-78-34-35-1|2-15-57-87-43-100-91-93|53-40-26|12-76-3-68-24-80-77|5-59-99-94-6|42-14-44-38-86-17-60-89|72-39-23-67-55-54-4-25|27-30-51-9-81-50|69-31-62-88|33-65-71-66-20-32-70|47-36-19-49-46-48|63-64-11-90-10|83-45-8-84-96|21-73-75-22-41-56-74-58|95-92-98-16-61-85-37-97-13|52-82-7-18
8,16,1379.5275,462.7362,115.0,227.2458,0,16,19.253486,19.274515,True,28-29-79-78-34-35-1|2-15-57-87-43-100-91-93|53-40-26|12-76-3-68-24-80-77|5-59-99-94-6|42-14-44-38-86-17-60-89|72-39-23-67-55-54-4-25|27-30-51-9-81-50|69-31-62-88|33-65-71-66-20-32-70|47-36-19-49-46-48|63-64-11-90-10|83-45-8-84-96|21-73-75-22-41-56-74-58|95-92-98-16-61-85-37-97-13|52-82-7-18
9,16,1380.6505,462.1693,115.0,227.2458,0,16,19.168459,19.189739,True,28-76-79-78-34-35-1|2-15-57-87-43-100-91-93|53-40-26|12-29-3-68-24-80-77|5-59-99-94-6|42-14-44-38-86-17-60-89|72-39-23-67-55-54-4-25|69-30-51-81-9-50|27-31-62-88|33-65-71-66-20-32-70|47-36-19-49-46-48|63-64-11-90-10|83-45-8-84-96|21-73-75-22-41-56-74-58|95-92-98-16-61-85-37-97-13|52-82-7-18
10,16,1380.6505,462.1693,115.0,227.2458,0,16,19.168459,19.189739,True,28-76-79-78-34-35-1|2-15-57-87-43-100-91-93|53-40-26|12-29-3-68-24-80-77|5-59-99-94-6|42-14-44-38-86-17-60-89|72-39-23-67-55-54-4-25|69-30-51-81-9-50|27-31-62-88|33-65-71-66-20-32-70|47-36-19-49-46-48|63-64-11-90-10|83-45-8-84-96|21-73-75-22-41-56-74-58|95-92-98-16-61-85-37-97-13|52-82-7-18
11,16,1380.6505,462.1693,115.0,227.2458,0,16,19.168459,19.189739,True,28-76-79-78-34-35-1|2-15-57-87-43-100-91-93|53-40-26|12-29-3-68-24-80-77|5-59-99-94-6|42-14-44-38-86-17-60-89|72-39-23-67-55-54-4-25|69-30-51-81-9-50|27-31-62-88|33-65-71-66-20-32-70|47-36-19-49-46-48|63-64-11-90-10|83-45-8-84-96|21-73-75-22-41-56-74-58|95-92-98-16-61-85-37-97-13|52-82-7-18
12,16,1380.6505,462.1693,115.0,227.2458,0,16,19.168459,19.189739,True,28-76-79-78-34-35-1|2-15-57-87-43-100-91-93|53-40-26|12-29-3-68-24-80-77|5-59-99-94-6|42-14-44-38-86-17-60-89|72-39-23-67-55-54-4-25|69-30-51-81-9-50|27-31-62-88|33-65-71-66-20-32-70|47-36-19-49-46-48|63-64-11-90-10|83-45-8-84-96|21-73-75-22-41-56-74-58|95-92-98-16-61-85-37-97-13|52-82-7-18
13,16,1381.0886,461.7313,115.0,227.2458,0,16,19.102753,19.124099,True,76-79-78-34-35-1|2-15-57-87-43-100-91-93|28-12-29-3-68-24-80-77|5-59-99-94-6|42-14-44-38-86-17-60-89|72-39-23-67-55-54-4-25|69-30-51-81-9-50|27-31-62-88|33-65-71-66-20-32-70|47-36-19-49-46-48|63-64-11-90-10|83-45-8-84-96|21-73-75-22-41-56-74-58|95-92-98-16-61-85-37-97-13|52-82-7-18|53-40-26
14,16,1381.1161,443.5324,115.0,227.2458,0,16,16.372911,16.391535,True,28-76-81-78-34-35-1|2-15-57-87-43-100-91-93|53-40-26|12-29-79-3-68-24-80-77|5-59-99-94-6|42-14-44-38-86-17-60-89|72-39-23-67-55-54-4-25|27-69-30-51-9-50|31-62-88|33-65-71-66-20-32-70|47-36-19-49-46-48|63-64-11-90-10|83-45-8-84-96|21-73-75-22-41-56-74-58|95-92-98-16-61-85-37-97-13|52-82-7-18
15,16,1381.1161,443.5324,115.0,227.2458,0,16,16.372911,16.391535,True,28-76-81-78-34-35-1|2-15-57-87-43-100-91-93|53-40-26|12-29-79-3-68-24-80-77|5-59-99-94-6|42-14-44-38-86-17-60-89|72-39-23-67-55-54-4-25|27-69-30-51-9-50|31-62-88|33-65-71-66-20-32-70|47-36-19-49-46-48|63-64-11-90-10|83-45-8-84-96|21-73-75-22-41-56-74-58|95-92-98-16-61-85-37-97-13|52-82-7-18
16,16,1382.5028,439.9423,134.0,227.2458,0,16,15.834402,15.854804,True,12-29-78-34-35-1|2-15-57-87-43-100-91-93|28-76-81-79-3-68-24-80-77|5-59-99-94-6|42-14-44-38-86-17-60-89|72-39-23-67-55-54-4-25|27-69-30-51-9-50|31-62-88-7|33-65-71-66-20-32-70|47-36-19-49-46-48|63-64-11-90-10|83-45-82-8-84-96|21-73-75-22-41-56-74-58|95-92-98-16-61-85-37-97-13|52-18|53-40-26
17,16,1382.5028,439.9423,134.0,227.2458,0,16,15.834402,15.854804,True,12-29-78-34-35-1|2-15-57-87-43-100-91-93|28-76-81-79-3-68-24-80-77|5-59-99-94-6|42-14-44-38-86-17-60-89|72-39-23-67-55-54-4-25|27-69-30-51-9-50|31-62-88-7|33-65-71-66-20-32-70|47-36-19-49-46-48|63-64-11-90-10|83-45-82-8-84-96|21-73-75-22-41-56-74-58|95-92-98-16-61-85-37-97-13|52-18|53-40-26
18,16,1382.5311,481.878,108.0,226.9511,0,16,22.124754,22.148811,True,28-76-79-78-34-35-77|2-15-57-87-43-100-91-93|53-40-26|12-29-3-68-54-24-80|5-59-99-94-6|42-14-44-38-86-17-60-89|72-39-23-67-56-55-4-25|69-30-51-81-9-50-1|27-31-62-88|33-65-71-66-20-32-70|47-36-19-49-46-48|63-64-11-90-10|83-45-8-84-96|21-73-75-22-41-74-58|95-92-98-16-61-85-37-97-13|52-82-7-18
19,16,1382.5311,481.878,108.0,226.9511,0,16,22.124754,22.148811,True,28-76-79-78-34-35-77|2-15-57-87-43-100-91-93|53-40-26|12-29-3-68-54-24-80|5-59-99-94-6|42-14-44-38-86-17-60-89|72-39-23-67-56-55-4-25|69-30-51-81-9-50-1|27-31-62-88|33-65-71-66-20-32-70|47-36-19-49-46-48|63-64-11-90-10|83-45-8-84-96|21-73-75-22-41-74-58|95-92-98-16-61-85-37-97-13|52-82-7-18
20,16,1382.9409,439.5043,134.0,227.2458,0,16,15.768696,15.789164,True,28-12-29-78-34-35-1|2-15-57-87-43-100-91-93|76-81-79-3-68-24-80-77|5-59-99-94-6|42-14-44-38-86-17-60-89|72-39-23-67-55-54-4-25|27-69-30-51-9-50|31-62-88-7|33-65-71-66-20-32-70|47-36-19-49-46-48|63-64-11-90-10|83-45-82-8-84-96|21-73-75-22-41-56-74-58|95-92-98-16-61-85-37-97-13|52-18|53-40-26
21,16,1387.5104,448.8311,108.0,226.1698,0,16,17.167719,17.188196,True,28-76-81-78-34-35-1|2-15-57-87-43-100-91-93|53-40-26|12-29-79-3-68-54-24-77|5-59-99-94-6|42-14-44-38-86-17-60-89|69-30-51-9-50|27-31-62-88|33-65-71-66-20-32-70|47-36-19-49-46-48|63-64-11-90-10|83-45-8-84-96|21-73-75-22-41-56-74-58|95-92-98-16-61-85-37-97-13|52-82-7-18|72-39-23-67-55-4-25-80
22,16,1387.5104,448.8311,108.0,226.1698,0,16,17.167719,17.188196,True,28-76-81-78-34-35-1|2-15-57-87-43-100-91-93|53-40-26|12-29-79-3-68-54-24-77|5-59-99-94-6|42-14-44-38-86-17-60-89|69-30-51-9-50|27-31-62-88|33-65-71-66-20-32-70|47-36-19-49-46-48|63-64-11-90-10|83-45-8-84-96|21-73-75-22-41-56-74-58|95-92-98-16-61-85-37-97-13|52-82-7-18|72-39-23-67-55-4-25-80
23,16,1391.7685,480.899,106.0,224.2417,0,16,21.977902,22.003977,True,28-76-79-78-34-35-1|2-15-57-87-43-100-91-93|53-40-26-54-4|12-29-3-68-24-80-77|5-59-99-94-6|42-14-44-38-86-17-60-89|72-39-23-67-56-55-25|69-30-51-81-9-50|27-31-62-88|33-65-71-66-20-32-70|47-36-19-49-46-48|63-64-11-90-10|83-45-8-84-96|21-73-75-22-41-74-58|95-92-98-16-61-85-37-97-13|52-82-7-18
24,16,1391.7685,480.899,106.0,224.2417,0,16,21.977902,22.003977,True,28-76-79-78-34-35-1|2-15-57-87-43-100-91-93|53-40-26-54-4|12-29-3-68-24-80-77|5-59-99-94-6|42-14-44-38-86-17-60-89|72-39-23-67-56-55-25|69-30-51-81-9-50|27-31-62-88|33-65-71-66-20-32-70|47-36-19-49-46-48|63-64-11-90-10|83-45-8-84-96|21-73-75-22-41-74-58|95-92-98-16-61-85-37-97-13|52-82-7-18
25,16,1392.2636,460.7764,127.0,224.2417,0,16,18.959519,18.984824,True,28-76-81-78-34-35-1|2-15-57-87-43-100-91-93|53-40-26-54-4|12-29-79-3-68-24-80-77|5-59-99-94-6|42-14-44-38-86-17-60-89|72-39-23-67-55-25|27-69-30-51-9-50|31-62-88-7|33-65-71-66-20-32-70|47-36-19-49-46-48|63-64-11-90-10|83-45-82-8-84-96|21-73-75-22-41-56-74-58|95-92-98-16-61-85-37-97-13|52-18
26,16,1392.2636,460.7764,127.0,224.2417,0,16,18.959519,18.984824,True,28-76-81-78-34-35-1|2-15-57-87-43-100-91-93|53-40-26-54-4|12-29-79-3-68-24-80-77|5-59-99-94-6|42-14-44-38-86-17-60-89|72-39-23-67-55-25|27-69-30-51-9-50|31-62-88-7|33-65-71-66-20-32-70|47-36-19-49-46-48|63-64-11-90-10|83-45-82-8-84-96|21-73-75-22-41-56-74-58|95-92-98-16-61-85-37-97-13|52-18
27,16,1392.3542,431.6586,129.0,227.2458,0,16,14.591844,14.613459,True,28-76-79-78-34-35-1|2-15-57-87-43-100-91-93|53-40-26|12-29-81-3-68-24-80-77|5-59-99-94-6|42-14-44-38-86-17-60-89|72-39-23-67-55-54-4-25|27-69-30-51-9-50|31-62-88|33-65-71-66-20-32-70|47-36-19-49-46-48|63-64-11-90-10|83-45-82-8-84-96|21-73-75-22-41-56-74-58|95-92-98-16-61-85-37-97-13|52-7-18
28,16,1393.0688,472.9216,109.0,224.2417,0,16,20.781296,20.806864,True,28-76-79-78-34-35-1|2-15-57-87-43-100-91-93|12-29-3-68-24-25|5-59-99-94-6|42-14-44-38-86-17-60-89|72-39-23-67-55-54-4|69-30-51-81-9-50-77-80|27-31-62-88|33-65-71-66-20-32-70|47-36-19-49-46-48|63-64-11-90-10|83-45-8-84-96|21-73-75-22-41-56-74-58|95-92-98-16-61-85-37-97-13|52-82-7-18|53-40-26
29,16,1393.0688,472.9216,109.0,224.2417,0,16,20.781296,20.806864,True,28-76-79-78-34-35-1|2-15-57-87-43-100-91-93|12-29-3-68-24-25|5-59-99-94-6|42-14-44-38-86-17-60-89|72-39-23-67-55-54-4|69-30-51-81-9-50-77-80|27-31-62-88|33-65-71-66-20-32-70|47-36-19-49-46-48|63-64-11-90-10|83-45-8-84-96|21-73-75-22-41-56-74-58|95-92-98-16-61-85-37-97-13|52-82-7-18|53-40-26
30,15,1393.1454,341.7504,110.0,227.2458,0,15,2.70795,2.714117,True,27-28-76-79-78-34-35-1|2-15-57-87-43-100-91-93|31-52-53-40-26|12-29-3-68-24-80-77|5-59-99-94-6|42-14-44-38-86-17-60-89|72-39-23-67-55-54-4-25|69-30-51-81-9-50|33-65-71-66-20-32-70|47-36-19-49-46-48|63-64-11-90-10|83-45-82-8-84-96|21-73-75-22-41-56-74-58|95-92-98-16-61-85-37-97-13|62-88-7-18
31,15,1393.1454,341.7504,110.0,227.2458,0,15,2.70795,2.714117,True,27-28-76-79-78-34-35-1|2-15-57-87-43-100-91-93|31-52-53-40-26|12-29-3-68-24-80-77|5-59-99-94-6|42-14-44-38-86-17-60-89|72-39-23-67-55-54-4-25|69-30-51-81-9-50|33-65-71-66-20-32-70|47-36-19-49-46-48|63-64-11-90-10|83-45-82-8-84-96|21-73-75-22-41-56-74-58|95-92-98-16-61-85-37-97-13|62-88-7-18
32,16,1394.2605,470.5004,126.0,224.2417,0,16,20.418122,20.445385,True,12-29-78-34-35-1|2-15-57-87-43-100-91-93|5-59-99-94-6|42-14-44-38-86-17-60-89|72-39-23-67-56-55-25|27-30-51-9-81-50-68-80|69-31-62-88|33-65-71-66-20-32-70|47-36-19-49-46-48|63-64-11-90-10|83-45-8-84-96|21-73-75-22-41-74-4|95-92-98-16-61-85-37-97-13-58|52-82-7-18|53-40-26|28-76-79-3-54-24-77
33,16,1394.2605,470.5004,126.0,224.2417,0,16,20.418122,20.445385,True,12-29-78-34-35-1|2-15-57-87-43-100-91-93|5-59-99-94-6|42-14-44-38-86-17-60-89|72-39-23-67-56-55-25|27-30-51-9-81-50-68-80|69-31-62-88|33-65-71-66-20-32-70|47-36-19-49-46-48|63-64-11-90-10|83-45-8-84-96|21-73-75-22-41-74-4|95-92-98-16-61-85-37-97-13-58|52-82-7-18|53-40-26|28-76-79-3-54-24-77
34,16,1395.8267,467.5607,106.0,226.9511,0,16,19.977163,20.002861,True,28-76-81-78-34-35-1|2-15-57-87-43-100-91-93|53-40-26-54|12-29-79-3-68-24-80-77|5-59-99-94-6|42-14-44-38-86-17-60-89|72-39-23-67-56-55-4-25|69-30-51-9-50|27-31-62-88|33-65-71-66-20-32-70|47-36-19-49-46-48|63-64-11-90-10|83-45-8-84-96|21-73-75-22-41-74-58|95-92-98-16-61-85-37-97-13|52-82-7-18
35,16,1395.8267,467.5607,106.0,226.9511,0,16,19.977163,20.002861,True,28-76-81-78-34-35-1|2-15-57-87-43-100-91-93|53-40-26-54|12-29-79-3-68-24-80-77|5-59-99-94-6|42-14-44-38-86-17-60-89|72-39-23-67-56-55-4-25|69-30-51-9-50|27-31-62-88|33-65-71-66-20-32-70|47-36-19-49-46-48|63-64-11-90-10|83-45-8-84-96|21-73-75-22-41-74-58|95-92-98-16-61-85-37-97-13|52-82-7-18
36,15,1397.6742,358.4925,106.0,227.2458,0,15,3.616928,3.626564,True,12-29-78-34-35-1|2-15-57-87-43-100-91-93|52-53-40-26|28-76-81-79-3-68-24-80-77|5-59-99-84-94-96|42-14-44-38-86-17-60-89|72-39-23-67-55-54-4-25|27-69-30-51-9-50|31-62-88-7-8|33-65-71-66-20-32-70|47-36-19-49-46-48|63-64-11-90-10|83-45-82-18-6|21-73-75-22-41-56-74-58|95-92-98-16-61-85-37-97-13
37,15,1397.6742,358.4925,106.0,227.2458,0,15,3.616928,3.626564,True,12-29-78-34-35-1|2-15-57-87-43-100-91-93|52-53-40-26|28-76-81-79-3-68-24-80-77|5-59-99-84-94-96|42-14-44-38-86-17-60-89|72-39-23-67-55-54-4-25|27-69-30-51-9-50|31-62-88-7-8|33-65-71-66-20-32-70|47-36-19-49-46-48|63-64-11-90-10|83-45-82-18-6|21-73-75-22-41-56-74-58|95-92-98-16-61-85-37-97-13
38,16,1399.3544,456.3368,127.0,224.2417,0,16,18.293569,18.320336,True,28-76-79-78-34-35-1|2-15-57-87-43-100-91-93|53-40-26-54-4|12-29-81-3-68-24-80-77|5-59-99-94-6|42-14-44-38-86-17-60-89|72-39-23-67-55-25|27-69-30-51-9-50|31-62-88-7|33-65-71-66-20-32-70|47-36-19-49-46-48|63-64-11-90-10|83-45-82-8-84-96|21-73-75-22-41-56-74-58|95-92-98-16-61-85-37-97-13|52-18
39,16,1399.3544,456.3368,127.0,224.2417,0,16,18.293569,18.320336,True,28-76-79-78-34-35-1|2-15-57-87-43-100-91-93|53-40-26-54-4|12-29-81-3-68-24-80-77|5-59-99-94-6|42-14-44-38-86-17-60-89|72-39-23-67-55-25|27-69-30-51-9-50|31-62-88-7|33-65-71-66-20-32-70|47-36-19-49-46-48|63-64-11-90-10|83-45-82-8-84-96|21-73-75-22-41-56-74-58|95-92-98-16-61-85-37-97-13|52-18
40,16,1400.5592,458.6084,106.0,224.2417,0,16,18.634322,18.659691,True,28-76-79-78-34-35-1|2-15-57-87-43-100-91-93|12-29-3-68-24-80-77|5-59-99-94-6|42-14-44-38-86-17-60-89|72-39-23-67-54-55-25|69-30-51-81-9-50|27-31-62-88|33-65-71-66-20-32-70|47-36-19-49-46-48|63-64-11-90-10|83-45-8-84-96|21-73-75-22-41-56-74-58|95-92-98-16-61-85-37-97-13|52-82-7-18|53-40-26-4
41,16,1400.5592,458.6084,106.0,224.2417,0,16,18.634322,18.659691,True,28-76-79-78-34-35-1|2-15-57-87-43-100-91-93|12-29-3-68-24-80-77|5-59-99-94-6|42-14-44-38-86-17-60-89|72-39-23-67-54-55-25|69-30-51-81-9-50|27-31-62-88|33-65-71-66-20-32-70|47-36-19-49-46-48|63-64-11-90-10|83-45-8-84-96|21-73-75-22-41-56-74-58|95-92-98-16-61-85-37-97-13|52-82-7-18|53-40-26-4
42,15,1400.8104,371.0035,112.0,226.5991,0,15,5.493575,5.506532,True,28-12-29-78-34-35-1|2-15-57-87-43-100-91-93|53-40-26|69-76-81-79-3-68-54-24-77|5-59-99-84-94-96|42-14-44-38-86-17-60-89|72-39-23-67-55-4-25-80|27-52-30-51-9-50|31-62-88-7-8|33-65-71-66-20-32-70|47-36-19-49-46-48|63-64-11-90-10|83-45-82-18-6|21-73-75-22-41-56-74-58|95-92-98-16-61-85-37-97-13
43,15,1400.8104,371.0035,112.0,226.5991,0,15,5.493575,5.506532,True,28-12-29-78-34-35-1|2-15-57-87-43-100-91-93|53-40-26|69-76-81-79-3-68-54-24-77|5-59-99-84-94-96|42-14-44-38-86-17-60-89|72-39-23-67-55-4-25-80|27-52-30-51-9-50|31-62-88-7-8|33-65-71-66-20-32-70|47-36-19-49-46-48|63-64-11-90-10|83-45-82-18-6|21-73-75-22-41-56-74-58|95-92-98-16-61-85-37-97-13
44,16,1402.7707,447.7635,111.0,224.2417,0,16,17.007582,17.032487,True,28-76-79-78-34-35-1|2-15-57-87-43-100-91-93|53-40-26-4|12-29-3-68-24-80-77|5-59-99-94-6|42-14-44-38-86-17-60-89|72-39-23-67-54-55-25|69-30-51-81-9-50|27-52-18|33-65-71-66-20-32-70|47-36-19-49-46-48|63-64-11-90-10|83-45-82-8-84-96|21-73-75-22-41-56-74-58|95-92-98-16-61-85-37-97-13|31-62-88-7
45,16,1402.7707,447.7635,111.0,224.2417,0,16,17.007582,17.032487,True,28-76-79-78-34-35-1|2-15-57-87-43-100-91-93|53-40-26-4|12-29-3-68-24-80-77|5-59-99-94-6|42-14-44-38-86-17-60-89|72-39-23-67-54-55-25|69-30-51-81-9-50|27-52-18|33-65-71-66-20-32-70|47-36-19-49-46-48|63-64-11-90-10|83-45-82-8-84-96|21-73-75-22-41-56-74-58|95-92-98-16-61-85-37-97-13|31-62-88-7
46,15,1403.9983,358.4925,113.0,226.5991,0,15,4.50964,4.521777,True,12-29-78-34-35-1|2-15-57-87-43-100-91-93|52-53-40-26|28-76-81-79-3-68-54-24-77|5-59-99-84-94-96|42-14-44-38-86-17-60-89|72-39-23-67-55-4-25-80|27-69-30-51-9-50|31-62-88-7-8|33-65-71-66-20-32-70|47-36-19-49-46-48|63-64-11-90-10|83-45-82-18-6|21-73-75-22-41-56-74-58|95-92-98-16-61-85-37-97-13
47,15,1403.9983,358.4925,113.0,226.5991,0,15,4.50964,4.521777,True,12-29-78-34-35-1|2-15-57-87-43-100-91-93|52-53-40-26|28-76-81-79-3-68-54-24-77|5-59-99-84-94-96|42-14-44-38-86-17-60-89|72-39-23-67-55-4-25-80|27-69-30-51-9-50|31-62-88-7-8|33-65-71-66-20-32-70|47-36-19-49-46-48|63-64-11-90-10|83-45-82-18-6|21-73-75-22-41-56-74-58|95-92-98-16-61-85-37-97-13
48,15,1404.5597,362.1853,99.0,226.5991,0,15,4.678068,4.689527,True,28-12-29-78-34-35-1|2-15-57-87-43-100-91-93|52-53-40-26|76-81-79-3-68-54-24-77|5-59-99-84-94-96|42-14-44-38-86-17-60-89|72-39-23-67-56-55-25-80|27-69-30-51-9-50|31-62-88-7-8|33-65-71-66-20-32-70|47-36-19-49-46-48|63-64-11-90-10|83-45-82-18-6|21-73-75-22-41-74-4-58|95-92-98-16-61-85-37-97-13
49,15,1404.5597,362.1853,99.0,226.5991,0,15,4.678068,4.689527,True,28-12-29-78-34-35-1|2-15-57-87-43-100-91-93|52-53-40-26|76-81-79-3-68-54-24-77|5-59-99-84-94-96|42-14-44-38-86-17-60-89|72-39-23-67-56-55-25-80|27-69-30-51-9-50|31-62-88-7-8|33-65-71-66-20-32-70|47-36-19-49-46-48|63-64-11-90-10|83-45-82-18-6|21-73-75-22-41-74-4-58|95-92-98-16-61-85-37-97-13
50,15,1404.8786,336.1176,110.0,227.2458,0,15,4.773742,4.782583,True,27-76-79-78-34-35-1|2-15-57-43-37-100-91-93|31-52-53-40-26|28-12-29-3-68-24-80-77|59-5-16-99-94-6|42-14-44-38-86-17-60-89|72-39-23-67-55-54-4-25|69-30-51-81-9-50|33-65-71-66-20-32-70|47-36-19-49-46-48|63-64-11-90-10|83-45-82-8-84-96|21-73-75-22-41-56-74-58|95-92-98-61-85-87-97-13|62-88-7-18
51,15,1404.8786,336.1176,110.0,227.2458,0,15,4.773742,4.782583,True,27-76-79-78-34-35-1|2-15-57-43-37-100-91-93|31-52-53-40-26|28-12-29-3-68-24-80-77|59-5-16-99-94-6|42-14-44-38-86-17-60-89|72-39-23-67-55-54-4-25|69-30-51-81-9-50|33-65-71-66-20-32-70|47-36-19-49-46-48|63-64-11-90-10|83-45-82-8-84-96|21-73-75-22-41-56-74-58|95-92-98-61-85-87-97-13|62-88-7-18
52,15,1405.3327,379.6718,98.0,224.2417,0,15,6.793824,6.807684,True,52-69-76-78-34-35-77|2-15-57-87-43-100-91-93|5-59-99-94-6|42-14-44-38-86-17-60-89|72-39-23-67-55-4-25|31-30-51-9-81-50-1|33-65-71-66-20-32-70|47-36-19-49-46-48|63-64-11-90-10|21-73-75-22-41-56-74-58|95-92-98-16-61-85-37-97-13|83-45-82-7-8|53-40-26-54-24-80|27-62-88-18-84-96|28-12-29-79-3-68
53,15,1405.3327,379.6718,98.0,224.2417,0,15,6.793824,6.807684,True,52-69-76-78-34-35-77|2-15-57-87-43-100-91-93|5-59-99-94-6|42-14-44-38-86-17-60-89|72-39-23-67-55-4-25|31-30-51-9-81-50-1|33-65-71-66-20-32-70|47-36-19-49-46-48|63-64-11-90-10|21-73-75-22-41-56-74-58|95-92-98-16-61-85-37-97-13|83-45-82-7-8|53-40-26-54-24-80|27-62-88-18-84-96|28-12-29-79-3-68
54,15,1405.7107,357.2789,97.0,226.5991,0,15,5.023382,5.03425,True,28-12-29-78-34-35-1|2-15-57-87-43-100-91-93|52-53-40-26|76-81-79-3-68-54-24-77|59-5-85-99-94-96|42-14-44-38-86-17-60-89|72-39-23-67-55-4-25-80|27-69-30-51-9-50|31-62-88-7-8|33-65-71-66-20-32-70|47-36-19-49-46-48|63-64-11-90-10|83-45-82-18-6|21-73-75-22-41-56-74-58|95-92-98-16-61-84-37-97-13
55,15,1405.7107,357.2789,97.0,226.5991,0,15,5.023382,5.03425,True,28-12-29-78-34-35-1|2-15-57-87-43-100-91-93|52-53-40-26|76-81-79-3-68-54-24-77|59-5-85-99-94-96|42-14-44-38-86-17-60-89|72-39-23-67-55-4-25-80|27-69-30-51-9-50|31-62-88-7-8|33-65-71-66-20-32-70|47-36-19-49-46-48|63-64-11-90-10|83-45-82-18-6|21-73-75-22-41-56-74-58|95-92-98-16-61-84-37-97-13
56,15,1406.0821,327.7014,110.0,227.2458,0,15,5.134779,5.142719,True,28-76-79-78-34-35-1|2-15-87-57-43-37-100-91-93|12-29-3-68-24-80-77|95-5-99-40-26|42-14-44-38-86-17-60-89|72-39-23-67-55-54-4-25|69-30-51-81-9-50|31-62-88-53|33-65-71-66-20-32-70|47-36-19-49-46-48|63-64-11-90-10|83-45-82-8-84-96-97-13|21-73-75-22-41-56-74-58|59-92-98-16-61-85-94|27-52-7-18-6
57,15,1406.0821,327.7014,110.0,227.2458,0,15,5.134779,5.142719,True,28-76-79-78-34-35-1|2-15-87-57-43-37-100-91-93|12-29-3-68-24-80-77|95-5-99-40-26|42-14-44-38-86-17-60-89|72-39-23-67-55-54-4-25|69-30-51-81-9-50|31-62-88-53|33-65-71-66-20-32-70|47-36-19-49-46-48|63-64-11-90-10|83-45-82-8-84-96-97-13|21-73-75-22-41-56-74-58|59-92-98-16-61-85-94|27-52-7-18-6
58,15,1406.485,312.8299,132.0,227.2458,0,15,5.255663,5.263693,True,28-76-79-81-78-34-35-77|2-15-57-87-43-100-91-93|5-59-99-94-6|42-14-44-38-86-17-60-89|72-39-23-67-55-54-4-25|47-36-19-49-46-48|63-64-11-90-10-32-1|21-73-75-22-41-56-74-58|95-92-98-16-61-85-37-97-13|83-45-82-8-84-96|52-53|62-88-7-18|27-69-31-30-50-3-68-24-80|33-29-12-40-26|65-71-9-51-20-66-70
59,15,1406.485,312.8299,132.0,227.2458,0,15,5.255663,5.263693,True,28-76-79-81-78-34-35-77|2-15-57-87-43-100-91-93|5-59-99-94-6|42-14-44-38-86-17-60-89|72-39-23-67-55-54-4-25|47-36-19-49-46-48|63-64-11-90-10-32-1|21-73-75-22-41-56-74-58|95-92-98-16-61-85-37-97-13|83-45-82-8-84-96|52-53|62-88-7-18|27-69-31-30-50-3-68-24-80|33-29-12-40-26|65-71-9-51-20-66-70
60,15,1407.9587,353.695,97.0,226.5991,0,15,5.69776,5.708765,True,28-12-29-78-34-35-1|2-15-57-87-43-100-91-93|52-53-40-26|76-81-79-3-68-54-24-77|59-5-61-84-94-96|42-14-44-38-86-17-60-89|72-39-23-67-55-4-25-80|27-69-30-51-9-50|31-62-88-7-8|33-65-71-66-20-32-70|47-36-19-49-46-48|63-64-11-90-10|83-45-82-18-6|21-73-75-22-41-56-74-58|95-92-98-99-16-85-37-97-13
61,15,1407.9587,353.695,97.0,226.5991,0,15,5.69776,5.708765,True,28-12-29-78-34-35-1|2-15-57-87-43-100-91-93|52-53-40-26|76-81-79-3-68-54-24-77|59-5-61-84-94-96|42-14-44-38-86-17-60-89|72-39-23-67-55-4-25-80|27-69-30-51-9-50|31-62-88-7-8|33-65-71-66-20-32-70|47-36-19-49-46-48|63-64-11-90-10|83-45-82-18-6|21-73-75-22-41-56-74-58|95-92-98-99-16-85-37-97-13
62,15,1408.1842,317.7197,110.0,227.2458,0,15,5.76542,5.772493,True,28-76-79-81-78-34-35-77|2-15-57-87-43-100-91-93|5-59-99-94-6|42-14-44-38-86-17-60-89|72-39-23-67-55-54-4-25|65-71-9-66-20-32-70|47-36-19-49-46-48|63-64-11-90-10-1|21-73-75-22-41-56-74-58|95-92-98-16-61-85-37-97-13|83-45-82-8-84-96|31-52-40-53|62-88-7-18|27-69-30-51-50-3-68-24-80|33-29-12-26
63,15,1408.565,318.2936,109.0,227.2458,0,15,5.879673,5.886847,True,28-76-79-81-78-34-35-77|2-15-57-87-43-100-91-93|5-59-99-94-53|42-14-44-38-86-17-60-89|72-39-23-67-55-54-4-25|65-71-9-66-20-32-70|47-36-19-49-46-48|63-64-11-90-10-1|21-73-75-22-41-56-74-58|95-92-98-16-61-85-37-97-13|83-45-8-18|31-62-88-7|52-82-84-6-96|27-69-30-51-50-3-68-24-80|33-29-12-40-26
64,15,1408.565,318.2936,109.0,227.2458,0,15,5.879673,5.886847,True,28-76-79-81-78-34-35-77|2-15-57-87-43-100-91-93|5-59-99-94-53|42-14-44-38-86-17-60-89|72-39-23-67-55-54-4-25|65-71-9-66-20-32-70|47-36-19-49-46-48|63-64-11-90-10-1|21-73-75-22-41-56-74-58|95-92-98-16-61-85-37-97-13|83-45-8-18|31-62-88-7|52-82-84-6-96|27-69-30-51-50-3-68-24-80|33-29-12-40-26
65,15,1409.035,293.5776,110.0,227.2458,0,15,6.020668,6.024375,True,28-76-79-81-78-34-35-77|2-15-57-87-43-100-91-93|5-59-99-94-6|42-14-44-38-86-17-60-89|72-39-23-67-55-54-4-25|65-71-9-66-20-32-70|47-36-19-49-46-48|63-64-11-90-10-1|21-73-75-22-41-56-74-58|95-92-98-16-61-85-37-97-13|83-45-82-8-84-96|31-52-53|62-88-7-18|27-69-30-51-50-3-68-24-80|33-29-12-40-26
66,15,1409.035,293.5776,110.0,227.2458,0,15,6.020668,6.024375,True,28-76-79-81-78-34-35-77|2-15-57-87-43-100-91-93|5-59-99-94-6|42-14-44-38-86-17-60-89|72-39-23-67-55-54-4-25|65-71-9-66-20-32-70|47-36-19-49-46-48|63-64-11-90-10-1|21-73-75-22-41-56-74-58|95-92-98-16-61-85-37-97-13|83-45-82-8-84-96|31-52-53|62-88-7-18|27-69-30-51-50-3-68-24-80|33-29-12-40-26
67,15,1409.035,293.5776,110.0,227.2458,0,15,6.020668,6.024375,True,28-76-79-81-78-34-35-77|2-15-57-87-43-100-91-93|5-59-99-94-6|42-14-44-38-86-17-60-89|72-39-23-67-55-54-4-25|65-71-9-66-20-32-70|47-36-19-49-46-48|63-64-11-90-10-1|21-73-75-22-41-56-74-58|95-92-98-16-61-85-37-97-13|83-45-82-8-84-96|31-52-53|62-88-7-18|27-69-30-51-50-3-68-24-80|33-29-12-40-26
68,15,1409.2669,340.4945,106.0,227.2458,0,15,6.090239,6.100653,True,28-12-29-78-34-35-1|2-15-57-87-43-100-91-93|52-53-40-26|33-76-81-79-3-68-24-80-77|5-59-99-94-6|42-14-44-38-86-17-60-89|72-39-23-67-55-54-4-25|27-69-30-51-9-50|31-62-88-7-8|65-71-66-20-32-70|47-36-19-49-46-48|63-64-11-90-10|83-45-82-18-84-96|21-73-75-22-41-56-74-58|95-92-98-16-61-85-37-97-13
69,15,1409.2669,340.4945,106.0,227.2458,0,15,6.090239,6.100653,True,28-12-29-78-34-35-1|2-15-57-87-43-100-91-93|52-53-40-26|33-76-81-79-3-68-24-80-77|5-59-99-94-6|42-14-44-38-86-17-60-89|72-39-23-67-55-54-4-25|27-69-30-51-9-50|31-62-88-7-8|65-71-66-20-32-70|47-36-19-49-46-48|63-64-11-90-10|83-45-82-18-84-96|21-73-75-22-41-56-74-58|95-92-98-16-61-85-37-97-13
70,15,1411.843,374.2267,103.0,226.1698,0,15,6.863076,6.878861,True,28-12-29-79-78-34-35|2-15-57-87-43-100-91-93|52-53-40-26|76-81-3-68-54-24-77|59-5-61-16-84-96|42-14-44-38-86-17-60-89|72-39-23-67-55-4-25-80|27-69-30-51-9-50-1|31-62-88-7-8|33-65-71-66-20-32-70|47-36-19-49-46-48|63-64-11-90-10|83-45-82-18-6|21-73-75-22-41-56-74-58|95-92-98-85-99-94-37-97-13
71,15,1411.843,374.2267,103.0,226.1698,0,15,6.863076,6.878861,True,28-12-29-79-78-34-35|2-15-57-87-43-100-91-93|52-53-40-26|76-81-3-68-54-24-77|59-5-61-16-84-96|42-14-44-38-86-17-60-89|72-39-23-67-55-4-25-80|27-69-30-51-9-50-1|31-62-88-7-8|33-65-71-66-20-32-70|47-36-19-49-46-48|63-64-11-90-10|83-45-82-18-6|21-73-75-22-41-56-74-58|95-92-98-85-99-94-37-97-13
72,15,1414.4685,374.5669,121.0,224.2417,0,15,7.650713,7.668848,True,2-15-57-87-43-100-91-93|52-31-30-9-3-68-24-80|33-65-71-66-20-32-70|63-64-11-90-10-1|83-45-82-8-84-96|21-73-75-22-41-74-4|95-92-98-16-61-85-37-97-13-58|42-14-44-38-86-17-60-89|69-29-79-78-34-35-77|27-53-40-26-54|5-59-99-94-6|28-12-76-51-81-50|72-39-23-67-56-55-25|47-36-19-49-46-48|62-88-7-18
73,15,1414.4685,374.5669,121.0,224.2417,0,15,7.650713,7.668848,True,2-15-57-87-43-100-91-93|52-31-30-9-3-68-24-80|33-65-71-66-20-32-70|63-64-11-90-10-1|83-45-82-8-84-96|21-73-75-22-41-74-4|95-92-98-16-61-85-37-97-13-58|42-14-44-38-86-17-60-89|69-29-79-78-34-35-77|27-53-40-26-54|5-59-99-94-6|28-12-76-51-81-50|72-39-23-67-56-55-25|47-36-19-49-46-48|62-88-7-18
74,15,1415.4929,329.0353,101.0,227.2458,0,15,7.958029,7.968092,True,2-15-57-87-43-100-91-93|5-59-99-94-6|42-14-44-38-86-17-60-89|72-39-23-67-55-54-4-25|62-88-30-9-34-35-77|33-65-71-66-20-32-70|47-36-19-49-46-48|63-64-11-90-10-1|83-45-8-84-96|21-73-75-22-41-56-74-58|95-92-98-16-61-85-37-97-13|27-52-82-7-18|29-76-79-78-3-68-24-80|28-12-40-53|69-31-51-81-50-26
75,15,1415.4929,329.0353,101.0,227.2458,0,15,7.958029,7.968092,True,2-15-57-87-43-100-91-93|5-59-99-94-6|42-14-44-38-86-17-60-89|72-39-23-67-55-54-4-25|62-88-30-9-34-35-77|33-65-71-66-20-32-70|47-36-19-49-46-48|63-64-11-90-10-1|83-45-8-84-96|21-73-75-22-41-56-74-58|95-92-98-16-61-85-37-97-13|27-52-82-7-18|29-76-79-78-3-68-24-80|28-12-40-53|69-31-51-81-50-26
76,15,1417.0887,371.9467,149.0,224.2417,0,15,8.436773,8.458101,True,2-15-57-87-43-100-91-93|52-31-30-9-3-68-24-80|33-65-71-66-20-32-70|63-64-11-90-10-1|83-45-82-8-84-96|21-73-75-22-41-74-4|59-95-92-98-16-61-85-37-97-13-58|42-14-44-38-86-17-60-89|69-29-79-78-34-35-77|27-53-40-26-54|5-99-94-6|28-12-76-51-81-50|72-39-23-67-56-55-25|47-36-19-49-46-48|62-88-7-18
77,15,1417.0887,371.9467,149.0,224.2417,0,15,8.436773,8.458101,True,2-15-57-87-43-100-91-93|52-31-30-9-3-68-24-80|33-65-71-66-20-32-70|63-64-11-90-10-1|83-45-82-8-84-96|21-73-75-22-41-74-4|59-95-92-98-16-61-85-37-97-13-58|42-14-44-38-86-17-60-89|69-29-79-78-34-35-77|27-53-40-26-54|5-99-94-6|28-12-76-51-81-50|72-39-23-67-56-55-25|47-36-19-49-46-48|62-88-7-18
78,15,1418.1521,318.9177,99.0,227.2458,0,15,8.755792,8.764936,True,28-76-79-81-78-34-35-77|2-15-57-87-43-100-91-93|5-59-99-94-6|42-14-44-38-86-17-60-89|72-39-23-67-55-54-4-25|65-71-9-66-20-32-70|47-36-19-49-46-48|63-64-11-90-10-1|21-73-75-22-41-56-74-58|95-92-98-16-61-85-37-97-13|83-45-82-8-84|31-52-40-53|62-88-7-18-96|27-69-30-51-50-3-68-24-80|33-29-12-26
79,15,1418.1784,318.3138,107.0,227.2458,0,15,8.763677,8.773538,True,28-29-79-81-78-34-35-77|2-15-57-87-43-100-91-93|5-59-99-6-53|42-14-44-38-86-17-60-89|72-39-23-67-55-54-4-25|33-65-71-9-66-20-70|47-36-19-49-46-48|63-64-11-90-10-32-1|21-73-75-22-41-56-74-58|95-92-98-16-61-85-37-97-13|83-45-82-7|31-52-18-94|62-88-8-84-96|27-69-30-51-50-3-68-24-80|76-12-40-26
80,15,1418.4208,311.4801,109.0,227.2458,0,15,8.836407,8.845515,True,28-76-79-81-78-34-35-77|2-15-57-87-43-100-91-93|5-59-99-94-53|42-14-44-38-86-17-60-89|39-23-67-55-54-4-25|65-71-9-66-20-32-70|47-36-19-49-46-48|63-64-11-90-10-1|72-21-73-75-22-41-56-74-58|95-92-98-16-61-85-37-97-13|83-45-8-6|31-62-88-7|52-82-18-84-96|27-69-30-51-50-3-68-24-80|33-29-12-40-26
81,15,1419.0029,294.7755,105.0,227.2458,0,15,9.011041,9.017418,True,28-76-79-81-78-34-35-77|2-15-57-87-43-100-91-93|5-59-99-94-6|42-14-44-38-86-17-60-89|72-39-23-67-55-54-4-25|65-71-9-66-20-32-70|47-36-19-49-46-48|63-64-11-90-10-1|21-73-75-22-41-56-74-58|95-92-98-16-61-85-37-97-13|83-45-82-8-84|31-52-53|62-88-7-18-96|27-69-30-51-50-3-68-24-80|33-29-12-40-26
82,15,1419.0029,294.7755,105.0,227.2458,0,15,9.011041,9.017418,True,28-76-79-81-78-34-35-77|2-15-57-87-43-100-91-93|5-59-99-94-6|42-14-44-38-86-17-60-89|72-39-23-67-55-54-4-25|65-71-9-66-20-32-70|47-36-19-49-46-48|63-64-11-90-10-1|21-73-75-22-41-56-74-58|95-92-98-16-61-85-37-97-13|83-45-82-8-84|31-52-53|62-88-7-18-96|27-69-30-51-50-3-68-24-80|33-29-12-40-26
83,15,1419.6437,312.1071,98.0,227.2458,0,15,9.203268,9.211738,True,28-76-79-78-34-35-1|2-15-57-87-43-100-91-93|12-29-81-3-68-24-80-77|5-59-99-94-6|42-14-44-38-86-17-60-89|39-23-67-55-54-4-25|27-69-30-51-9-50|31-62-88-7|47-36-19-49-46-48|72-21-73-75-22-41-56-74-58|95-92-98-16-61-85-37-97-13|63-64-11-90-10|45-82-18-8-84-96|33-65-71-66-20-32-70|83-52-53-40-26
84,15,1419.6437,312.1071,98.0,227.2458,0,15,9.203268,9.211738,True,28-76-79-78-34-35-1|2-15-57-87-43-100-91-93|12-29-81-3-68-24-80-77|5-59-99-94-6|42-14-44-38-86-17-60-89|39-23-67-55-54-4-25|27-69-30-51-9-50|31-62-88-7|47-36-19-49-46-48|72-21-73-75-22-41-56-74-58|95-92-98-16-61-85-37-97-13|63-64-11-90-10|45-82-18-8-84-96|33-65-71-66-20-32-70|83-52-53-40-26
85,15,1421.2796,348.0896,108.0,226.5991,0,15,9.694046,9.709306,True,28-12-29-78-34-35-1|2-15-57-87-43-100-91-93|52-53-40-26|33-76-81-79-3-68-54-24-77|5-59-99-94-6-96|42-14-44-38-86-17-60-89|72-39-23-67-55-4-25-80|27-69-30-51-9-50|31-62-88-7-8|65-71-66-20-32-70|47-36-19-49-46-48|63-64-11-90-10|83-45-82-18-84|21-73-75-22-41-56-74-58|95-92-98-16-61-85-37-97-13
86,15,1421.2796,348.0896,108.0,226.5991,0,15,9.694046,9.709306,True,28-12-29-78-34-35-1|2-15-57-87-43-100-91-93|52-53-40-26|33-76-81-79-3-68-54-24-77|5-59-99-94-6-96|42-14-44-38-86-17-60-89|72-39-23-67-55-4-25-80|27-69-30-51-9-50|31-62-88-7-8|65-71-66-20-32-70|47-36-19-49-46-48|63-64-11-90-10|83-45-82-18-84|21-73-75-22-41-56-74-58|95-92-98-16-61-85-37-97-13
87,15,1421.5517,278.1476,110.0,227.2458,0,15,9.77567,9.780818,True,28-30-51-81-78-34-35-77|2-15-57-87-43-100-91-93|5-59-99-94-6|42-14-44-38-86-17-60-89|72-39-23-67-55-54-4-25|65-71-9-66-20-32-70|47-36-19-49-46-48|63-64-11-90-10-1|21-73-75-22-41-56-74-58|95-92-98-16-61-85-37-97-13|83-45-82-8-84-96|31-52-53|62-88-7-18|27-69-76-79-3-50-68-24-80|33-29-12-40-26
88,15,1421.5517,278.1476,110.0,227.2458,0,15,9.77567,9.780818,True,28-30-51-81-78-34-35-77|2-15-57-87-43-100-91-93|5-59-99-94-6|42-14-44-38-86-17-60-89|72-39-23-67-55-54-4-25|65-71-9-66-20-32-70|47-36-19-49-46-48|63-64-11-90-10-1|21-73-75-22-41-56-74-58|95-92-98-16-61-85-37-97-13|83-45-82-8-84-96|31-52-53|62-88-7-18|27-69-76-79-3-50-68-24-80|33-29-12-40-26
89,15,1422.257,362.936,100.0,224.2417,0,15,9.98725,10.003877,True,28-12-29-78-34-35-1|2-15-57-87-43-100-91-93|52-53-40-26|33-76-81-79-3-68-54-24-80|5-59-99-84-94-96|42-14-44-38-86-17-60-89|72-39-23-67-55-4-25|27-69-30-51-9-50-77|31-62-88-7-8|65-71-66-20-32-70|47-36-19-49-46-48|63-64-11-90-10|83-45-82-18-6|21-73-75-22-41-56-74-58|95-92-98-16-61-85-37-97-13
90,15,1422.257,362.936,100.0,224.2417,0,15,9.98725,10.003877,True,28-12-29-78-34-35-1|2-15-57-87-43-100-91-93|52-53-40-26|33-76-81-79-3-68-54-24-80|5-59-99-84-94-96|42-14-44-38-86-17-60-89|72-39-23-67-55-4-25|27-69-30-51-9-50-77|31-62-88-7-8|65-71-66-20-32-70|47-36-19-49-46-48|63-64-11-90-10|83-45-82-18-6|21-73-75-22-41-56-74-58|95-92-98-16-61-85-37-97-13
91,15,1422.5549,335.7589,99.0,226.1698,0,15,10.076628,10.089457,True,28-12-29-78-34-35-1|2-15-57-87-43-100-91-93|52-53-40-26|33-76-79-3-68-54-24-77|5-59-99-84-94-96|42-14-44-38-86-17-60-89|72-39-23-67-55-4-25-80|27-69-30-51-81-50|31-62-88-7-8|65-71-9-66-20-32-70|47-36-19-49-46-48|63-64-11-90-10|83-45-82-18-6|21-73-75-22-41-56-74-58|95-92-98-16-61-85-37-97-13
92,15,1422.5549,335.7589,99.0,226.1698,0,15,10.076628,10.089457,True,28-12-29-78-34-35-1|2-15-57-87-43-100-91-93|52-53-40-26|33-76-79-3-68-54-24-77|5-59-99-84-94-96|42-14-44-38-86-17-60-89|72-39-23-67-55-4-25-80|27-69-30-51-81-50|31-62-88-7-8|65-71-9-66-20-32-70|47-36-19-49-46-48|63-64-11-90-10|83-45-82-18-6|21-73-75-22-41-56-74-58|95-92-98-16-61-85-37-97-13
93,15,1423.1745,354.8779,99.0,224.8744,0,15,10.262527,10.278216,True,28-12-29-78-34-35-77|2-15-57-87-43-100-91-93|52-53-40-26|33-76-81-79-3-68-54-24|5-59-99-94-6-96|42-14-44-38-86-17-60-89|72-39-23-67-55-4-25-80|27-69-30-51-9-50-1|31-62-88-7-8|65-71-66-20-32-70|47-36-19-49-46-48|63-64-11-90-10|83-45-82-18-84|21-73-75-22-41-56-74-58|95-92-98-16-61-85-37-97-13
94,15,1424.1827,344.3148,99.0,224.2417,0,15,10.564968,10.579279,True,28-29-79-78-34-35-1|2-15-57-87-43-100-91-93|52-53-40-26|12-76-81-3-54-24-80-77|5-59-99-84-94-96|42-14-44-38-86-17-60-89|72-39-23-67-55-4-25|27-69-30-51-9-50-68|31-62-88-7-8|33-65-71-66-20-32-70|47-36-19-49-46-48|63-64-11-90-10|83-45-82-18-6|21-73-75-22-41-56-74-58|95-92-98-16-61-85-37-97-13
95,15,1424.1827,344.3148,99.0,224.2417,0,15,10.564968,10.579279,True,28-29-79-78-34-35-1|2-15-57-87-43-100-91-93|52-53-40-26|12-76-81-3-54-24-80-77|5-59-99-84-94-96|42-14-44-38-86-17-60-89|72-39-23-67-55-4-25|27-69-30-51-9-50-68|31-62-88-7-8|33-65-71-66-20-32-70|47-36-19-49-46-48|63-64-11-90-10|83-45-82-18-6|21-73-75-22-41-56-74-58|95-92-98-16-61-85-37-97-13
96,15,1426.7481,346.997,86.0,225.4248,0,15,11.334586,11.348947,True,2-15-87-57-43-37-100-91-93|52-31-30-9-3-68-24-80|33-65-71-66-20-32-70|63-64-11-90-10-1|83-45-82-8-84-96-97-13-58|21-73-75-22-41-74-4|59-5-61-16-99-6|42-14-44-38-86-17-60-89|69-29-79-78-34-35-77|27-53-40-26-54|28-12-76-51-81-50|72-39-23-67-56-55-25|47-36-19-49-46-48|62-88-7-18|95-92-98-85-94
97,15,1426.7481,346.997,86.0,225.4248,0,15,11.334586,11.348947,True,2-15-87-57-43-37-100-91-93|52-31-30-9-3-68-24-80|33-65-71-66-20-32-70|63-64-11-90-10-1|83-45-82-8-84-96-97-13-58|21-73-75-22-41-74-4|59-5-61-16-99-6|42-14-44-38-86-17-60-89|69-29-79-78-34-35-77|27-53-40-26-54|28-12-76-51-81-50|72-39-23-67-56-55-25|47-36-19-49-46-48|62-88-7-18|95-92-98-85-94
98,15,1428.458,342.5767,149.0,224.2417,0,15,11.84757,11.867903,True,2-15-57-87-43-100-91-93|52-69-30-51-3-68-24-80|33-65-71-66-20-32-70|63-64-11-90-10|83-45-82-8-84-96|21-73-75-22-41-74-4|59-95-92-98-16-61-85-37-97-13-58|42-14-44-38-86-17-60-89|29-79-78-34-35-77|27-31-53-40-26-54|5-99-94-6|28-12-76-81-9-50-1|72-39-23-67-56-55-25|47-36-19-49-46-48|62-88-7-18
99,15,1428.458,342.5767,149.0,224.2417,0,15,11.84757,11.867903,True,2-15-57-87-43-100-91-93|52-69-30-51-3-68-24-80|33-65-71-66-20-32-70|63-64-11-90-10|83-45-82-8-84-96|21-73-75-22-41-74-4|59-95-92-98-16-61-85-37-97-13-58|42-14-44-38-86-17-60-89|29-79-78-34-35-77|27-31-53-40-26-54|5-99-94-6|28-12-76-81-9-50-1|72-39-23-67-56-55-25|47-36-19-49-46-48|62-88-7-18
100,15,1428.885,293.5776,105.0,227.2458,0,15,11.975663,11.984826,True,28-76-79-81-78-34-35-77|2-15-57-87-43-100-91-93|5-59-99-94-6|42-14-44-38-86-17-60-89|72-39-23-67-55-54-4-25|65-71-9-66-20-32-70|47-36-19-49-46-48|63-64-11-90-10-1|21-73-75-22-41-56-74-58|95-92-98-16-61-85-37-97-13|83-45-82-7-8|31-52-53|62-88-18-84-96|27-69-30-51-50-3-68-24-80|33-29-12-40-26
101,15,1428.885,293.5776,105.0,227.2458,0,15,11.975663,11.984826,True,28-76-79-81-78-34-35-77|2-15-57-87-43-100-91-93|5-59-99-94-6|42-14-44-38-86-17-60-89|72-39-23-67-55-54-4-25|65-71-9-66-20-32-70|47-36-19-49-46-48|63-64-11-90-10-1|21-73-75-22-41-56-74-58|95-92-98-16-61-85-37-97-13|83-45-82-7-8|31-52-53|62-88-18-84-96|27-69-30-51-50-3-68-24-80|33-29-12-40-26
102,15,1428.885,293.5776,105.0,227.2458,0,15,11.975663,11.984826,True,28-76-79-81-78-34-35-77|2-15-57-87-43-100-91-93|5-59-99-94-6|42-14-44-38-86-17-60-89|72-39-23-67-55-54-4-25|65-71-9-66-20-32-70|47-36-19-49-46-48|63-64-11-90-10-1|21-73-75-22-41-56-74-58|95-92-98-16-61-85-37-97-13|83-45-82-7-8|31-52-53|62-88-18-84-96|27-69-30-51-50-3-68-24-80|33-29-12-40-26
103,15,1429.16,316.1252,109.0,226.5991,0,15,12.058164,12.071094,True,28-12-29-78-34-35-1|2-15-57-87-43-100-91-93|27-52-40-53|33-76-81-79-3-68-54-24-77|5-59-99-84-94-96|42-14-44-38-86-17-60-89|72-39-23-67-55-4-25-80|69-30-51-9-50-26|31-62-88-7-8|65-71-66-20-32-70|47-36-19-49-46-48|63-64-11-90-10|83-45-82-18-6|21-73-75-22-41-56-74-58|95-92-98-16-61-85-37-97-13
104,15,1429.16,316.1252,109.0,226.5991,0,15,12.058164,12.071094,True,28-12-29-78-34-35-1|2-15-57-87-43-100-91-93|27-52-40-53|33-76-81-79-3-68-54-24-77|5-59-99-84-94-96|42-14-44-38-86-17-60-89|72-39-23-67-55-4-25-80|69-30-51-9-50-26|31-62-88-7-8|65-71-66-20-32-70|47-36-19-49-46-48|63-64-11-90-10|83-45-82-18-6|21-73-75-22-41-56-74-58|95-92-98-16-61-85-37-97-13
105,15,1429.5306,291.932,105.0,227.2458,0,15,12.16935,12.178459,True,28-29-79-81-78-34-35-77|2-15-57-87-43-100-91-93|5-59-99-94-6|42-14-44-38-86-17-60-89|72-39-23-67-55-54-4-25|65-71-9-66-20-32-70|47-36-19-49-46-48|63-64-11-90-10-1|21-73-75-22-41-56-74-58|95-92-98-16-61-85-37-97-13|83-45-82-7-8|31-52-53|62-88-18-84-96|27-69-30-51-50-3-68-24-80|33-76-12-40-26
106,15,1429.6853,293.5776,104.0,227.2458,0,15,12.215752,12.225055,True,28-76-79-81-78-34-35-77|2-15-57-87-43-100-91-93|5-59-99-94-6|42-14-44-38-86-17-60-89|72-39-23-67-55-54-4-25|65-71-9-66-20-32-70|47-36-19-49-46-48|63-64-11-90-10-1|21-73-75-22-41-56-74-58|95-92-98-16-61-85-37-97-13|83-45-82-8|31-52-18-53|62-88-7-84-96|27-69-30-51-50-3-68-24-80|33-29-12-40-26
107,15,1429.6853,293.5776,104.0,227.2458,0,15,12.215752,12.225055,True,28-76-79-81-78-34-35-77|2-15-57-87-43-100-91-93|5-59-99-94-6|42-14-44-38-86-17-60-89|72-39-23-67-55-54-4-25|65-71-9-66-20-32-70|47-36-19-49-46-48|63-64-11-90-10-1|21-73-75-22-41-56-74-58|95-92-98-16-61-85-37-97-13|83-45-82-8|31-52-18-53|62-88-7-84-96|27-69-30-51-50-3-68-24-80|33-29-12-40-26
108,15,1431.1312,288.4115,105.0,227.2458,0,15,12.649525,12.658586,True,28-76-79-81-78-34-35-77|2-15-57-87-43-91-100-93|5-59-99-94-6|42-14-44-38-86-17-60-89|72-39-23-67-55-54-4-25|65-71-9-66-20-32-70|47-36-19-49-46-48|63-64-11-90-10-1|21-73-75-22-41-56-74-58|95-92-98-16-61-85-37-97-13|83-45-82-7-8|31-52-53|62-88-18-84-96|27-69-30-51-50-3-68-24-80|33-29-12-40-26
109,15,1431.1312,288.4115,105.0,227.2458,0,15,12.649525,12.658586,True,28-76-79-81-78-34-35-77|2-15-57-87-43-91-100-93|5-59-99-94-6|42-14-44-38-86-17-60-89|72-39-23-67-55-54-4-25|65-71-9-66-20-32-70|47-36-19-49-46-48|63-64-11-90-10-1|21-73-75-22-41-56-74-58|95-92-98-16-61-85-37-97-13|83-45-82-7-8|31-52-53|62-88-18-84-96|27-69-30-51-50-3-68-24-80|33-29-12-40-26
110,15,1432.2295,336.6768,149.0,224.2417,0,15,12.979016,12.999596,True,2-15-57-87-43-100-91-93|52-30-51-9-3-68-24-80|33-65-71-66-20-32-70|63-64-11-90-10-1|83-45-82-8-84-96|59-95-92-98-16-61-85-37-97-13-58|42-14-44-38-86-17-60-89|69-29-79-78-34-35-77|27-31-53-40-26-54-4|72-39-23-67-56-55-25|5-99-94-6|28-12-76-81-50|21-73-75-22-41-74|47-36-19-49-46-48|62-88-7-18
111,15,1432.2295,336.6768,149.0,224.2417,0,15,12.979016,12.999596,True,2-15-57-87-43-100-91-93|52-30-51-9-3-68-24-80|33-65-71-66-20-32-70|63-64-11-90-10-1|83-45-82-8-84-96|59-95-92-98-16-61-85-37-97-13-58|42-14-44-38-86-17-60-89|69-29-79-78-34-35-77|27-31-53-40-26-54-4|72-39-23-67-56-55-25|5-99-94-6|28-12-76-81-50|21-73-75-22-41-74|47-36-19-49-46-48|62-88-7-18
112,15,1432.5612,269.6463,140.0,227.2458,0,15,13.078509,13.088685,True,28-76-79-81-78-34-35-77|2-15-57-87-43-100-91-93|42-14-44-38-86-17-60-89|72-39-23-67-55-54-4-25|65-71-9-66-20-32-70|63-64-11-90-10-1|21-73-75-22-41-56-74-58|59-95-92-98-16-61-85-37-97-13|62-88-8-84-96|27-69-30-51-50-3-68-24-80|45-5-99-94-53|33-29-12-40-26|47-36-19-49-46-48|52-31|83-82-7-18-6
113,15,1432.5612,269.6463,140.0,227.2458,0,15,13.078509,13.088685,True,28-76-79-81-78-34-35-77|2-15-57-87-43-100-91-93|42-14-44-38-86-17-60-89|72-39-23-67-55-54-4-25|65-71-9-66-20-32-70|63-64-11-90-10-1|21-73-75-22-41-56-74-58|59-95-92-98-16-61-85-37-97-13|62-88-8-84-96|27-69-30-51-50-3-68-24-80|45-5-99-94-53|33-29-12-40-26|47-36-19-49-46-48|52-31|83-82-7-18-6
114,15,1433.6902,322.2366,95.0,225.4248,0,15,13.417211,13.430841,True,28-76-79-78-34-35-1|2-15-87-57-43-37-100-91-93|12-29-3-68-24-80-77|95-5-99-40|42-14-44-38-86-17-60-89|72-39-23-67-54-55-25|69-30-51-81-9-50|31-62-88-53-26-4|33-65-71-66-20-32-70|47-36-19-49-46-48|63-64-11-90-10|83-45-82-8-84-96-97-13|21-73-75-22-41-56-74-58|59-92-98-16-61-85-94|27-52-7-18-6
115,15,1433.6902,322.2366,95.0,225.4248,0,15,13.417211,13.430841,True,28-76-79-78-34-35-1|2-15-87-57-43-37-100-91-93|12-29-3-68-24-80-77|95-5-99-40|42-14-44-38-86-17-60-89|72-39-23-67-54-55-25|69-30-51-81-9-50|31-62-88-53-26-4|33-65-71-66-20-32-70|47-36-19-49-46-48|63-64-11-90-10|83-45-82-8-84-96-97-13|21-73-75-22-41-56-74-58|59-92-98-16-61-85-94|27-52-7-18-6
116,15,1433.7564,330.8748,103.0,224.2417,0,15,13.437088,13.452656,True,27-28-29-79-34-35-1|2-15-57-87-43-100-91-93|5-59-99-94-6|42-14-44-38-86-17-60-89|72-39-23-67-55-4-25|69-30-51-81-9-50|33-65-71-66-20-32-70|47-36-19-49-46-48|63-64-11-90-10|21-73-75-22-41-56-74-58|95-92-98-16-61-85-37-97-13|83-45-82-8-84-96|31-52-53-40-26-54-80-77|62-88-7-18|12-76-78-3-68-24
117,15,1433.7564,330.8748,103.0,224.2417,0,15,13.437088,13.452656,True,27-28-29-79-34-35-1|2-15-57-87-43-100-91-93|5-59-99-94-6|42-14-44-38-86-17-60-89|72-39-23-67-55-4-25|69-30-51-81-9-50|33-65-71-66-20-32-70|47-36-19-49-46-48|63-64-11-90-10|21-73-75-22-41-56-74-58|95-92-98-16-61-85-37-97-13|83-45-82-8-84-96|31-52-53-40-26-54-80-77|62-88-7-18|12-76-78-3-68-24
118,15,1436.308,292.898,103.0,227.2458,0,15,14.202561,14.213648,True,28-76-79-81-78-34-35-77|2-15-57-87-43-100-91-93|5-59-99-94-6|42-14-44-38-86-17-60-89|72-39-23-67-55-54-4-25|65-71-9-66-20-32-70|47-36-19-49-46-48|63-64-11-90-10-1|21-73-75-22-41-56-74-58|95-92-98-16-61-85-37-97-13|83-45-82-18|69-31-7-53|62-88-8-84-96|27-52-30-51-50-3-68-24-80|33-29-12-40-26
119,15,1436.308,292.898,103.0,227.2458,0,15,14.202561,14.213648,True,28-76-79-81-78-34-35-77|2-15-57-87-43-100-91-93|5-59-99-94-6|42-14-44-38-86-17-60-89|72-39-23-67-55-54-4-25|65-71-9-66-20-32-70|47-36-19-49-46-48|63-64-11-90-10-1|21-73-75-22-41-56-74-58|95-92-98-16-61-85-37-97-13|83-45-82-18|69-31-7-53|62-88-8-84-96|27-52-30-51-50-3-68-24-80|33-29-12-40-26
120,15,1437.2479,272.9279,135.0,227.2458,0,15,14.484532,14.496106,True,28-30-51-81-78-34-35-77|2-15-57-87-43-100-91-93|83-5-99-94-6|42-14-44-38-86-17-60-89|72-39-23-67-55-54-4-25|65-71-9-66-20-32-70|47-36-19-49-46-48|63-64-11-90-10-1|21-73-75-22-41-56-74-58|59-95-92-98-16-61-85-37-97-13|45-82-18-8-84-96|31-53|52-62-88-7|27-69-76-79-3-50-68-24-80|33-29-12-40-26
121,15,1437.2479,272.9279,135.0,227.2458,0,15,14.484532,14.496106,True,28-30-51-81-78-34-35-77|2-15-57-87-43-100-91-93|83-5-99-94-6|42-14-44-38-86-17-60-89|72-39-23-67-55-54-4-25|65-71-9-66-20-32-70|47-36-19-49-46-48|63-64-11-90-10-1|21-73-75-22-41-56-74-58|59-95-92-98-16-61-85-37-97-13|45-82-18-8-84-96|31-53|52-62-88-7|27-69-76-79-3-50-68-24-80|33-29-12-40-26
122,15,1439.0157,334.1142,91.0,224.2417,0,15,15.014873,15.031304,True,28-76-79-81-78-34-35-77|2-15-57-87-43-100-91-93|5-59-99-94-6|42-14-44-38-86-17-60-89|72-39-23-67-55-25|65-71-9-66-20-32-70|47-36-19-49-46-48|63-64-11-90-10-1|21-73-75-22-41-56-74-58|95-92-98-16-61-85-37-97-13|83-45-82-7-8|31-52-40-53|62-88-18-84-96|27-69-30-51-50-3-68-24-80|33-29-12-26-54-4
123,15,1439.0157,334.1142,91.0,224.2417,0,15,15.014873,15.031304,True,28-76-79-81-78-34-35-77|2-15-57-87-43-100-91-93|5-59-99-94-6|42-14-44-38-86-17-60-89|72-39-23-67-55-25|65-71-9-66-20-32-70|47-36-19-49-46-48|63-64-11-90-10-1|21-73-75-22-41-56-74-58|95-92-98-16-61-85-37-97-13|83-45-82-7-8|31-52-40-53|62-88-18-84-96|27-69-30-51-50-3-68-24-80|33-29-12-26-54-4
124,15,1439.3567,296.7803,98.0,227.2458,0,15,15.11716,15.129244,True,28-76-79-81-78-34-35-77|2-15-57-87-43-100-91-93|5-59-99-6-53|42-14-44-38-86-17-60-89|72-39-23-67-55-54-4-25|65-71-9-66-20-32-70|47-36-19-49-46-48|63-64-11-90-10-1|21-73-75-22-41-56-74-58|95-92-98-16-61-85-37-97-13|83-45-82-7-8|31-52-94|62-88-18-84-96|27-69-30-51-50-3-68-24-80|33-29-12-40-26
125,15,1439.3567,296.7803,98.0,227.2458,0,15,15.11716,15.129244,True,28-76-79-81-78-34-35-77|2-15-57-87-43-100-91-93|5-59-99-6-53|42-14-44-38-86-17-60-89|72-39-23-67-55-54-4-25|65-71-9-66-20-32-70|47-36-19-49-46-48|63-64-11-90-10-1|21-73-75-22-41-56-74-58|95-92-98-16-61-85-37-97-13|83-45-82-7-8|31-52-94|62-88-18-84-96|27-69-30-51-50-3-68-24-80|33-29-12-40-26
126,15,1440.9358,314.7174,108.0,226.5991,0,15,15.590917,15.607069,True,28-12-29-78-34-35-1|2-15-87-57-43-37-100-91-93|52-53-40-26|33-76-81-79-3-68-54-24-77|72-39-23-67-55-4-25-80|27-69-30-51-9-50|31-62-88-7-8|65-71-66-20-32-70|47-36-19-49-46-48|63-64-11-90-10|83-45-82-18-94|21-73-75-22-41-56-74-58|95-92-98-85-99-6-96|42-14-44-16-86-84-17-60-89|59-5-61-38-97-13
127,15,1440.9358,314.7174,108.0,226.5991,0,15,15.590917,15.607069,True,28-12-29-78-34-35-1|2-15-87-57-43-37-100-91-93|52-53-40-26|33-76-81-79-3-68-54-24-77|72-39-23-67-55-4-25-80|27-69-30-51-9-50|31-62-88-7-8|65-71-66-20-32-70|47-36-19-49-46-48|63-64-11-90-10|83-45-82-18-94|21-73-75-22-41-56-74-58|95-92-98-85-99-6-96|42-14-44-16-86-84-17-60-89|59-5-61-38-97-13
128,15,1442.9813,322.9122,98.0,224.2417,0,15,16.204563,16.221204,True,28-76-79-78-34-35-1|2-15-57-87-43-100-91-93|82-53-40-26-54|12-29-81-3-68-24-80-77|5-59-99-94-6|42-14-44-38-86-17-60-89|72-39-23-67-55-4-25|27-69-30-51-9-50|31-62-88-7-8|33-65-71-66-20-32-70|47-36-19-49-46-48|63-64-11-90-10|21-73-75-22-41-56-74-58|95-92-98-16-61-85-37-97-13|45-83-52-18-84-96
129,15,1442.9813,322.9122,98.0,224.2417,0,15,16.204563,16.221204,True,28-76-79-78-34-35-1|2-15-57-87-43-100-91-93|82-53-40-26-54|12-29-81-3-68-24-80-77|5-59-99-94-6|42-14-44-38-86-17-60-89|72-39-23-67-55-4-25|27-69-30-51-9-50|31-62-88-7-8|33-65-71-66-20-32-70|47-36-19-49-46-48|63-64-11-90-10|21-73-75-22-41-56-74-58|95-92-98-16-61-85-37-97-13|45-83-52-18-84-96
130,15,1444.2127,275.5137,128.0,227.2458,0,15,16.573973,16.587324,True,28-76-79-81-78-34-35-77|2-15-57-87-43-100-91-93|42-14-44-38-86-17-60-89|72-39-23-67-55-54-4-25|65-71-9-66-20-32-70|47-36-19-49-46-48|63-64-11-90-10-1|21-73-75-22-41-56-74-58|95-59-98-16-85-84-37-97-13|83-45-82-7-8|31-52-53|62-88-18|27-69-30-51-50-3-68-24-80|33-29-12-40-26|92-5-61-99-94-6-96
131,15,1444.2127,275.5137,128.0,227.2458,0,15,16.573973,16.587324,True,28-76-79-81-78-34-35-77|2-15-57-87-43-100-91-93|42-14-44-38-86-17-60-89|72-39-23-67-55-54-4-25|65-71-9-66-20-32-70|47-36-19-49-46-48|63-64-11-90-10-1|21-73-75-22-41-56-74-58|95-59-98-16-85-84-37-97-13|83-45-82-7-8|31-52-53|62-88-18|27-69-30-51-50-3-68-24-80|33-29-12-40-26|92-5-61-99-94-6-96
132,15,1446.1311,285.0831,109.0,227.2458,0,15,17.149496,17.162958,True,28-76-79-81-78-34-35-77|59-2-15-57-87-43-100-91-93|42-14-44-38-86-17-60-89|72-39-23-67-55-54-4-25|65-71-9-66-20-32-70|47-36-19-49-46-48|63-64-11-90-10-1|21-73-75-22-41-56-74-58|95-92-98-16-61-84-37-97-13|52-94-53|45-82-7-8|27-69-30-51-50-3-68-24-80|33-29-12-40-26|31-62-88-18|83-5-85-99-6-96
133,15,1446.1311,285.0831,109.0,227.2458,0,15,17.149496,17.162958,True,28-76-79-81-78-34-35-77|59-2-15-57-87-43-100-91-93|42-14-44-38-86-17-60-89|72-39-23-67-55-54-4-25|65-71-9-66-20-32-70|47-36-19-49-46-48|63-64-11-90-10-1|21-73-75-22-41-56-74-58|95-92-98-16-61-84-37-97-13|52-94-53|45-82-7-8|27-69-30-51-50-3-68-24-80|33-29-12-40-26|31-62-88-18|83-5-85-99-6-96
134,16,1447.8291,452.221,82.0,224.2417,0,16,17.67621,17.712401,True,28-76-79-78-34-35-1|2-15-38-43-100-91-93|53-40-26-54-4|12-29-81-3-68-24-80-77|5-59-99-87-6|42-14-44-16-61-86-17-60-89|72-39-23-67-55-25|27-69-30-51-9-50|31-62-88-7|33-65-71-66-20-32-70|47-36-19-49-46-48|63-64-11-90-10|83-45-82-8-84-96|21-73-75-22-41-56-74-58|95-92-98-85-57-37-97-13|52-18-94
135,16,1447.8291,452.221,82.0,224.2417,0,16,17.67621,17.712401,True,28-76-79-78-34-35-1|2-15-38-43-100-91-93|53-40-26-54-4|12-29-81-3-68-24-80-77|5-59-99-87-6|42-14-44-16-61-86-17-60-89|72-39-23-67-55-25|27-69-30-51-9-50|31-62-88-7|33-65-71-66-20-32-70|47-36-19-49-46-48|63-64-11-90-10|83-45-82-8-84-96|21-73-75-22-41-56-74-58|95-92-98-85-57-37-97-13|52-18-94
136,15,1447.9429,314.1588,91.0,224.2417,0,15,17.693029,17.709145,True,28-76-79-81-78-34-35-77|2-15-57-87-43-100-91-93|5-59-99-94-6|42-14-44-38-86-17-60-89|72-39-23-67-54-55-25|65-71-9-66-20-32-70|47-36-19-49-46-48|63-64-11-90-10-1|21-73-75-22-41-56-74-58|95-92-98-16-61-85-37-97-13|83-45-82-7-8|31-52-40-53|62-88-18-84-96|27-69-30-51-50-3-68-24-80|33-29-12-26-4
137,15,1447.9429,314.1588,91.0,224.2417,0,15,17.693029,17.709145,True,28-76-79-81-78-34-35-77|2-15-57-87-43-100-91-93|5-59-99-94-6|42-14-44-38-86-17-60-89|72-39-23-67-54-55-25|65-71-9-66-20-32-70|47-36-19-49-46-48|63-64-11-90-10-1|21-73-75-22-41-56-74-58|95-92-98-16-61-85-37-97-13|83-45-82-7-8|31-52-40-53|62-88-18-84-96|27-69-30-51-50-3-68-24-80|33-29-12-26-4
138,15,1448.7937,290.0167,98.0,224.2417,0,15,17.948278,17.961728,True,28-76-79-81-78-34-35-77|2-15-57-87-43-100-91-93|5-59-99-94-6|42-14-44-38-86-17-60-89|72-39-23-67-54-55-25|65-71-9-66-20-32-70|47-36-19-49-46-48|63-64-11-90-10-1|21-73-75-22-41-56-74-58|95-92-98-16-61-85-37-97-13|83-45-82-7-8|31-52-53|62-88-18-84-96|27-69-30-51-50-3-68-24-80|33-29-12-40-26-4
139,15,1448.7937,290.0167,98.0,224.2417,0,15,17.948278,17.961728,True,28-76-79-81-78-34-35-77|2-15-57-87-43-100-91-93|5-59-99-94-6|42-14-44-38-86-17-60-89|72-39-23-67-54-55-25|65-71-9-66-20-32-70|47-36-19-49-46-48|63-64-11-90-10-1|21-73-75-22-41-56-74-58|95-92-98-16-61-85-37-97-13|83-45-82-7-8|31-52-53|62-88-18-84-96|27-69-30-51-50-3-68-24-80|33-29-12-40-26-4
140,15,1453.9158,261.9157,107.0,229.1702,0,15,19.484895,19.497305,True,28-76-79-81-78-34-35-77|2-15-57-87-43-100-91-93|5-59-99-94-6|42-14-44-38-86-17-60-89|39-75-23-67-55-54-4-25|65-71-9-66-20-32-70|47-36-19-49-46-48|63-64-11-90-10-1|72-21-73-41-22-56-74-58|95-92-98-16-61-85-37-97-13|83-82-7-88|62-31-53|45-52-18-8-84-96|27-69-30-51-50-3-68-24-80|33-29-12-40-26
141,15,1453.9158,261.9157,107.0,229.1702,0,15,19.484895,19.497305,True,28-76-79-81-78-34-35-77|2-15-57-87-43-100-91-93|5-59-99-94-6|42-14-44-38-86-17-60-89|39-75-23-67-55-54-4-25|65-71-9-66-20-32-70|47-36-19-49-46-48|63-64-11-90-10-1|72-21-73-41-22-56-74-58|95-92-98-16-61-85-37-97-13|83-82-7-88|62-31-53|45-52-18-8-84-96|27-69-30-51-50-3-68-24-80|33-29-12-40-26
142,17,1454.3324,606.1958,129.0,224.2096,0,17,40.77243,40.838664,True,28-76-79-78-34-35-1|2-15-57-43-37|53-40-26-54-4|12-29-81-3-68-24-80-77|42-14-44-38-86-17-60-89|72-39-23-67-55-25|27-69-30-51-9-50|31-62-88-7|33-65-71-66-20-32-70|47-36-19-49-46-48|63-64-11-90-10|83-45-82-8-84|21-73-75-22-41-56-74-58|52-18-6-94|5-98-61-85-87-97-13|95-59-16-91-100-93|92-99-96
143,15,1455.6072,283.2032,98.0,224.2417,0,15,19.992323,20.006795,True,28-76-79-81-78-34-35-77|2-15-57-87-43-100-91-93|5-59-99-94-6|42-14-44-38-86-17-60-89|39-23-67-54-55-25|65-71-9-66-20-32-70|47-36-19-49-46-48|63-64-11-90-10-1|72-21-73-75-22-41-56-74-58|95-92-98-16-61-85-37-97-13|83-45-82-7-8|31-52-53|62-88-18-84-96|27-69-30-51-50-3-68-24-80|33-29-12-40-26-4
144,15,1455.6072,283.2032,98.0,224.2417,0,15,19.992323,20.006795,True,28-76-79-81-78-34-35-77|2-15-57-87-43-100-91-93|5-59-99-94-6|42-14-44-38-86-17-60-89|39-23-67-54-55-25|65-71-9-66-20-32-70|47-36-19-49-46-48|63-64-11-90-10-1|72-21-73-75-22-41-56-74-58|95-92-98-16-61-85-37-97-13|83-45-82-7-8|31-52-53|62-88-18-84-96|27-69-30-51-50-3-68-24-80|33-29-12-40-26-4
145,15,1457.3368,276.6186,119.0,227.2458,0,15,20.511202,20.527756,True,28-76-79-81-78-34-35-77|59-95-2-15-57-87-43-100-91-93|42-14-38-86-84-17-60-89|72-39-23-67-55-54-4-25|65-71-9-66-20-32-70|47-36-19-49-46-48|63-64-11-90-10-1|21-73-75-22-41-56-74-58|5-92-98-44-16-85-37-97-13|52-94-53|62-82-7|27-69-30-51-50-3-68-24-80|33-29-12-40-26|31-88-18-8|83-45-61-99-6-96
146,15,1460.0463,275.1216,122.0,227.2458,0,15,21.324065,21.341507,True,28-76-79-81-78-34-35-77|59-95-2-15-57-87-43-100-91-93|42-14-44-38-86-17-60-89|39-23-67-55-54-4-25|65-71-9-66-20-32-70|47-36-19-49-46-48|63-64-11-90-10-1|72-21-73-75-22-41-56-74-58|5-92-98-16-61-85-37-97-13|52-62-88-7|45-82-8-84|27-31-30-51-50-3-68-24-80|33-29-12-40-26|69-18-53|83-99-94-6-96
147,15,1461.7602,266.0138,126.0,227.2458,0,15,21.838236,21.855226,True,28-76-79-81-78-34-35-77|95-2-15-57-87-43-100-91-93|42-14-44-38-86-17-60-89|72-39-23-67-55-54-4-25|65-71-9-66-20-32-70|63-64-11-90-10-1|21-73-75-22-41-56-74-58|59-92-98-16-61-85-37-97-13|31-52-18-8-84-96|27-69-30-51-50-3-68-24-80|45-5-99-94-53|33-29-12-40-26|47-36-19-49-46-48|82-7-88|83-62-6
148,15,1461.7602,266.0138,126.0,227.2458,0,15,21.838236,21.855226,True,28-76-79-81-78-34-35-77|95-2-15-57-87-43-100-91-93|42-14-44-38-86-17-60-89|72-39-23-67-55-54-4-25|65-71-9-66-20-32-70|63-64-11-90-10-1|21-73-75-22-41-56-74-58|59-92-98-16-61-85-37-97-13|31-52-18-8-84-96|27-69-30-51-50-3-68-24-80|45-5-99-94-53|33-29-12-40-26|47-36-19-49-46-48|82-7-88|83-62-6
149,16,1462.2586,438.1273,82.0,224.2417,0,16,21.98774,22.026146,True,28-12-76-79-78-34-35-1|2-15-38-43-100-91-93|53-40-26-54-4|33-29-81-3-68-24-80-77|5-59-99-87-6|42-14-44-16-61-86-17-60-89|72-39-23-67-55-25|27-69-30-51-9-50|31-62-88-7|65-71-66-20-32-70|47-36-19-49-46-48|63-64-11-90-10|83-45-82-8-84-96|21-73-75-22-41-56-74-58|95-92-98-85-57-37-97-13|52-18-94
150,16,1462.2586,438.1273,82.0,224.2417,0,16,21.98774,22.026146,True,28-12-76-79-78-34-35-1|2-15-38-43-100-91-93|53-40-26-54-4|33-29-81-3-68-24-80-77|5-59-99-87-6|42-14-44-16-61-86-17-60-89|72-39-23-67-55-25|27-69-30-51-9-50|31-62-88-7|65-71-66-20-32-70|47-36-19-49-46-48|63-64-11-90-10|83-45-82-8-84-96|21-73-75-22-41-56-74-58|95-92-98-85-57-37-97-13|52-18-94
151,15,1462.3059,264.2027,133.0,227.2458,0,15,22.001926,22.019508,True,28-76-79-81-78-34-35-77|95-2-15-57-87-43-100-91-93|42-14-44-38-86-17-60-89|72-39-23-67-55-54-4-25|65-71-9-66-20-32-70|63-64-11-90-10-1|21-73-75-22-41-56-74-58|59-92-98-16-61-85-37-97-13|62-88-18-84-96|27-69-30-51-50-3-68-24-80|45-5-99-94-53|33-29-12-40-26|47-36-19-49-46-48|31-82-7-8|83-52-6
152,15,1462.6105,276.1587,107.0,227.2458,0,15,22.093318,22.110185,True,28-76-79-81-78-34-35-77|42-2-15-57-87-43-100-91-93|92-95-59-99-94-53|5-44-38-86-17-60-89|39-23-67-55-54-4-25|65-71-9-66-20-32-70|47-36-19-49-46-48|63-64-11-90-10-1|72-21-73-75-22-41-56-74-58|14-98-16-61-85-37-97-13|83-45-8-6|52-31-88-7|62-82-18-84-96|27-69-30-51-50-3-68-24-80|33-29-12-40-26
153,15,1462.6105,276.1587,107.0,227.2458,0,15,22.093318,22.110185,True,28-76-79-81-78-34-35-77|42-2-15-57-87-43-100-91-93|92-95-59-99-94-53|5-44-38-86-17-60-89|39-23-67-55-54-4-25|65-71-9-66-20-32-70|47-36-19-49-46-48|63-64-11-90-10-1|72-21-73-75-22-41-56-74-58|14-98-16-61-85-37-97-13|83-45-8-6|52-31-88-7|62-82-18-84-96|27-69-30-51-50-3-68-24-80|33-29-12-40-26
154,15,1463.4347,272.0484,120.0,227.2458,0,15,22.340586,22.358384,True,59-95-2-15-57-87-43-100-91-93|42-14-44-38-86-17-60-89|72-39-23-67-55-54-4-25|65-71-9-66-20-32-70|47-36-19-49-46-48|63-64-11-90-10-1|28-21-73-75-22-41-56-74-58|5-92-98-16-61-85-37-97-13|27-31-30-51-50-3-68-24-80|33-29-12-40-26|52-18-99-94-96|69-76-79-81-78-34-35-77|82-7-53|83-45-84-6|62-88-8
155,15,1463.4347,272.0484,120.0,227.2458,0,15,22.340586,22.358384,True,59-95-2-15-57-87-43-100-91-93|42-14-44-38-86-17-60-89|72-39-23-67-55-54-4-25|65-71-9-66-20-32-70|47-36-19-49-46-48|63-64-11-90-10-1|28-21-73-75-22-41-56-74-58|5-92-98-16-61-85-37-97-13|27-31-30-51-50-3-68-24-80|33-29-12-40-26|52-18-99-94-96|69-76-79-81-78-34-35-77|82-7-53|83-45-84-6|62-88-8
156,17,1464.3399,570.0448,109.0,217.4743,0,17,35.349773,35.410576,True,28-76-79-78-34-35-1|2-15-57-87-43-91-93|12-29-3-68-24-80-77|42-14-44-38-86-17-60-89|72-39-23-67-55-25|69-30-51-81-9-50|27-40-73-56-4-54|33-65-71-66-20-32-70|47-36-19-49-46-48|63-64-11-90-10|21-75-41-22-74|59-95-92-98-16-99-96-13-58|52-82-8-84-97-37-100|31-62-88|83-45-7-18|53-26|5-61-85-94-6
157,17,1464.3399,570.0448,109.0,217.4743,0,17,35.349773,35.410576,True,28-76-79-78-34-35-1|2-15-57-87-43-91-93|12-29-3-68-24-80-77|42-14-44-38-86-17-60-89|72-39-23-67-55-25|69-30-51-81-9-50|27-40-73-56-4-54|33-65-71-66-20-32-70|47-36-19-49-46-48|63-64-11-90-10|21-75-41-22-74|59-95-92-98-16-99-96-13-58|52-82-8-84-97-37-100|31-62-88|83-45-7-18|53-26|5-61-85-94-6
158,15,1464.5636,280.5426,124.0,224.2417,0,15,22.679256,22.698616,True,28-76-79-81-78-34-35-77|59-95-2-15-57-87-43-100-91-93|42-14-44-38-86-17-60-89|72-39-23-67-54-55-25|65-71-9-66-20-32-70|47-36-19-49-46-48|63-64-11-90-10-1|21-73-75-22-41-56-74-58|5-92-98-99-16-85-37-97-13|52-6-53|45-82-8-18|27-69-30-51-50-3-68-24-80|33-29-12-40-26-4|31-62-88-7|83-61-84-94-96
159,15,1464.5636,280.5426,124.0,224.2417,0,15,22.679256,22.698616,True,28-76-79-81-78-34-35-77|59-95-2-15-57-87-43-100-91-93|42-14-44-38-86-17-60-89|72-39-23-67-54-55-25|65-71-9-66-20-32-70|47-36-19-49-46-48|63-64-11-90-10-1|21-73-75-22-41-56-74-58|5-92-98-99-16-85-37-97-13|52-6-53|45-82-8-18|27-69-30-51-50-3-68-24-80|33-29-12-40-26-4|31-62-88-7|83-61-84-94-96
160,17,1464.5785,595.6616,105.0,217.4743,0,17,39.192298,39.256615,True,28-76-79-78-34-35-1|2-15-43-37|53-40-26-54-4|12-29-3-68-24-80-77|42-14-44-16-86-84-17-60-89|72-39-23-67-55-25|27-30-51-9-81-50|69-31-62-88|33-65-71-66-20-32-70|47-36-19-49-46-48|63-64-11-90-10|83-45-82-7-8|21-73-75-22-41-56-74-58|52-18-6|5-61-85-87-97-96|95-98-38-91-100-93|92-59-99-94-57-13
161,17,1464.5785,595.6616,105.0,217.4743,0,17,39.192298,39.256615,True,28-76-79-78-34-35-1|2-15-43-37|53-40-26-54-4|12-29-3-68-24-80-77|42-14-44-16-86-84-17-60-89|72-39-23-67-55-25|27-30-51-9-81-50|69-31-62-88|33-65-71-66-20-32-70|47-36-19-49-46-48|63-64-11-90-10|83-45-82-7-8|21-73-75-22-41-56-74-58|52-18-6|5-61-85-87-97-96|95-98-38-91-100-93|92-59-99-94-57-13
162,15,1466.0887,275.8101,117.0,224.2417,0,15,23.136786,23.155194,True,28-76-79-81-78-34-35-77|95-2-15-57-87-43-100-91-93|42-14-44-38-86-17-60-89|72-39-23-67-54-55-25|65-71-9-66-20-32-70|63-64-11-90-10-1|21-73-75-22-41-56-74-58|59-92-98-16-61-85-37-97-13|62-88-18-84-96|27-69-30-51-50-3-68-24-80|45-5-99-94-53|33-29-12-40-26-4|47-36-19-49-46-48|52-31-7|83-82-8-6
163,15,1466.0887,275.8101,117.0,224.2417,0,15,23.136786,23.155194,True,28-76-79-81-78-34-35-77|95-2-15-57-87-43-100-91-93|42-14-44-38-86-17-60-89|72-39-23-67-54-55-25|65-71-9-66-20-32-70|63-64-11-90-10-1|21-73-75-22-41-56-74-58|59-92-98-16-61-85-37-97-13|62-88-18-84-96|27-69-30-51-50-3-68-24-80|45-5-99-94-53|33-29-12-40-26-4|47-36-19-49-46-48|52-31-7|83-82-8-6
164,16,1466.2072,452.0814,77.0,217.4743,0,16,23.172327,23.212496,True,27-28-76-79-78-34-35-1|95-2-15-41-57-43-91-93|12-29-3-68-24-80-77|59-92-98-16-61-99-6|42-14-44-38-86-17-60-89|72-39-23-67-55-25|69-30-51-81-9-50|21-73-75-22-56-4-54|33-65-71-66-20-32-70|47-36-19-49-46-48|83-5-94-87-97-37-100|63-64-11-90-10|52-18-85-96-13|45-82-7-8-84|31-62-88|53-40-26-74-58
165,16,1466.2072,452.0814,77.0,217.4743,0,16,23.172327,23.212496,True,27-28-76-79-78-34-35-1|95-2-15-41-57-43-91-93|12-29-3-68-24-80-77|59-92-98-16-61-99-6|42-14-44-38-86-17-60-89|72-39-23-67-55-25|69-30-51-81-9-50|21-73-75-22-56-4-54|33-65-71-66-20-32-70|47-36-19-49-46-48|83-5-94-87-97-37-100|63-64-11-90-10|52-18-85-96-13|45-82-7-8-84|31-62-88|53-40-26-74-58
166,15,1466.6968,273.0688,112.0,227.2458,0,15,23.319216,23.337345,True,28-76-79-81-78-34-35-77|59-95-2-15-57-87-43-100-91-93|42-14-38-86-84-17-60-89|72-39-23-67-55-54-4-25|65-71-9-66-20-32-70|47-36-19-49-46-48|63-64-11-90-10-1|21-73-75-22-41-56-74-58|5-92-98-44-16-85-37-97-13|52-94-53|45-82-62-7|27-69-30-51-50-3-68-24-80|33-29-12-40-26|31-88-18-8|83-61-99-6-96
167,15,1466.6968,273.0688,112.0,227.2458,0,15,23.319216,23.337345,True,28-76-79-81-78-34-35-77|59-95-2-15-57-87-43-100-91-93|42-14-38-86-84-17-60-89|72-39-23-67-55-54-4-25|65-71-9-66-20-32-70|47-36-19-49-46-48|63-64-11-90-10-1|21-73-75-22-41-56-74-58|5-92-98-44-16-85-37-97-13|52-94-53|45-82-62-7|27-69-30-51-50-3-68-24-80|33-29-12-40-26|31-88-18-8|83-61-99-6-96
168,15,1466.8471,319.3266,87.0,224.2417,0,15,23.364295,23.386458,True,28-76-79-78-34-35-1|92-95-2-15-57-87-43-100-91-93|53-40-26-54-4|12-29-81-3-68-24-80-77|42-14-44-38-86-37-97-13|72-39-23-67-56-55-25|27-69-30-51-9-50|31-62-88-7-8|33-65-71-66-20-32-70|47-36-19-49-46-48|63-64-11-90-10|21-73-75-22-41-74-58|45-83-52-18-6|5-98-16-85-99-84-17-60-89|59-82-61-94-96
169,15,1466.8471,319.3266,87.0,224.2417,0,15,23.364295,23.386458,True,28-76-79-78-34-35-1|92-95-2-15-57-87-43-100-91-93|53-40-26-54-4|12-29-81-3-68-24-80-77|42-14-44-38-86-37-97-13|72-39-23-67-56-55-25|27-69-30-51-9-50|31-62-88-7-8|33-65-71-66-20-32-70|47-36-19-49-46-48|63-64-11-90-10|21-73-75-22-41-74-58|45-83-52-18-6|5-98-16-85-99-84-17-60-89|59-82-61-94-96
170,15,1468.7602,256.6734,124.0,227.2458,0,15,23.938223,23.955713,True,28-76-79-81-78-34-35-77|95-2-15-57-87-43-100-91-93|42-14-44-38-86-17-60-89|72-39-23-67-55-54-4-25|65-71-9-66-20-32-70|63-64-11-90-10-1|21-73-75-22-41-56-74-58|59-92-98-16-61-85-37-97-13|62-88-18-84-96|27-69-30-51-50-3-68-24-80|45-5-99-94-53|33-29-12-40-26|47-36-19-49-46-48|31-82-7|83-52-8-6
171,15,1468.7602,256.6734,124.0,227.2458,0,15,23.938223,23.955713,True,28-76-79-81-78-34-35-77|95-2-15-57-87-43-100-91-93|42-14-44-38-86-17-60-89|72-39-23-67-55-54-4-25|65-71-9-66-20-32-70|63-64-11-90-10-1|21-73-75-22-41-56-74-58|59-92-98-16-61-85-37-97-13|62-88-18-84-96|27-69-30-51-50-3-68-24-80|45-5-99-94-53|33-29-12-40-26|47-36-19-49-46-48|31-82-7|83-52-8-6
172,15,1469.0384,293.1803,89.0,227.2458,0,15,24.021689,24.041238,True,28-76-79-81-78-34-35-77|42-2-15-57-43-100-91-93|5-59-99-87-6|92-14-44-38-86-17-60-89|39-23-67-55-54-4-25|65-71-9-66-20-32-70|47-36-19-49-46-48|63-64-11-90-10-1|72-21-73-75-22-41-56-74-58|95-98-16-61-85-37-97-13|83-45-82-7-8|31-52-94-53|62-88-18-84-96|27-69-30-51-50-3-68-24-80|33-29-12-40-26
173,15,1469.0384,293.1803,89.0,227.2458,0,15,24.021689,24.041238,True,28-76-79-81-78-34-35-77|42-2-15-57-43-100-91-93|5-59-99-87-6|92-14-44-38-86-17-60-89|39-23-67-55-54-4-25|65-71-9-66-20-32-70|47-36-19-49-46-48|63-64-11-90-10-1|72-21-73-75-22-41-56-74-58|95-98-16-61-85-37-97-13|83-45-82-7-8|31-52-94-53|62-88-18-84-96|27-69-30-51-50-3-68-24-80|33-29-12-40-26
174,16,1469.9871,447.1987,92.0,217.4743,0,16,24.306288,24.348358,True,27-76-79-78-34-35-1|95-2-15-41-57-43-91-93|28-12-29-3-68-24-80-77|59-92-98-16-99-6|42-14-44-38-86-17-60-89|72-39-23-67-55-25|69-30-51-81-9-50|21-73-75-22-56-4-54|33-65-71-66-20-32-70|47-36-19-49-46-48|83-5-61-94-87-97-37-100|63-64-11-90-10|52-18-85-96-13|45-82-8-84|31-62-88-7|53-40-26-74-58
175,16,1469.9871,447.1987,92.0,217.4743,0,16,24.306288,24.348358,True,27-76-79-78-34-35-1|95-2-15-41-57-43-91-93|28-12-29-3-68-24-80-77|59-92-98-16-99-6|42-14-44-38-86-17-60-89|72-39-23-67-55-25|69-30-51-81-9-50|21-73-75-22-56-4-54|33-65-71-66-20-32-70|47-36-19-49-46-48|83-5-61-94-87-97-37-100|63-64-11-90-10|52-18-85-96-13|45-82-8-84|31-62-88-7|53-40-26-74-58
176,15,1470.565,279.4938,105.0,227.2458,0,15,24.479666,24.49922,True,28-76-79-81-78-34-35-77|59-95-2-15-57-87-43-100-91-93|42-14-44-38-86-17-60-89|72-39-23-67-55-54-4-25|65-71-9-66-20-32-70|47-36-19-49-46-48|63-64-11-90-10-1|21-73-75-22-41-56-74-58|5-92-98-16-61-84-37-97-13|52-94-53|45-82-62-7|27-69-30-51-50-3-68-24-80|33-29-12-40-26|31-88-18-8-96|83-85-99-6
177,15,1470.565,279.4938,105.0,227.2458,0,15,24.479666,24.49922,True,28-76-79-81-78-34-35-77|59-95-2-15-57-87-43-100-91-93|42-14-44-38-86-17-60-89|72-39-23-67-55-54-4-25|65-71-9-66-20-32-70|47-36-19-49-46-48|63-64-11-90-10-1|21-73-75-22-41-56-74-58|5-92-98-16-61-84-37-97-13|52-94-53|45-82-62-7|27-69-30-51-50-3-68-24-80|33-29-12-40-26|31-88-18-8-96|83-85-99-6
178,15,1470.565,279.4938,105.0,227.2458,0,15,24.479666,24.49922,True,28-76-79-81-78-34-35-77|59-95-2-15-57-87-43-100-91-93|42-14-44-38-86-17-60-89|72-39-23-67-55-54-4-25|65-71-9-66-20-32-70|47-36-19-49-46-48|63-64-11-90-10-1|21-73-75-22-41-56-74-58|5-92-98-16-61-84-37-97-13|52-94-53|45-82-62-7|27-69-30-51-50-3-68-24-80|33-29-12-40-26|31-88-18-8-96|83-85-99-6
179,17,1471.5582,580.4148,74.0,217.4743,0,17,36.905277,36.966301,True,28-76-79-78-34-35-1|2-15-57-43-91-93|12-29-3-68-24-80-77|59-92-98-16-61-99-6|42-14-44-38-86-17-60-89|72-39-23-67-55-25|69-30-51-81-9-50|21-75-41-22-56-4-54|27-31-62-88|33-65-71-66-20-32-70|47-36-19-49-46-48|63-64-11-90-10|95-94-87-97-37-100|52-18-85-96-13|40-73-74-58|83-82-7-53-26|5-45-8-84
180,15,1471.9792,265.2058,119.0,227.2458,0,15,24.903937,24.923172,True,31-30-51-81-78-34-35-77|59-95-2-15-57-87-43-100-91-93|42-14-44-38-86-17-60-89|72-39-23-67-55-54-4-25|65-71-9-66-20-32-70|47-36-19-49-46-48|63-64-11-90-10-1|21-73-75-22-41-56-74-58|5-92-98-16-85-84-37-97-13|53-94|45-62-88-7|28-69-76-79-3-50-68-24-80|33-29-12-40-26|27-52-82-8-18-96|83-61-99-6
181,15,1472.3185,265.3392,115.0,227.2458,0,15,25.005721,25.024678,True,28-76-79-81-78-34-35-77|95-2-15-57-87-43-100-91-93|42-14-44-38-86-17-60-89|72-39-23-67-55-54-4-25|65-71-9-66-20-32-70|63-64-11-90-10-1|21-73-75-22-41-56-74-58|59-92-98-16-61-85-37-97-13|27-69-30-51-50-3-68-24-80|45-5-99-94-53|62-88-49-46-48|33-29-12-40-26|83-82-18-8-84-96|36-47-19-6|52-31-7
182,15,1472.3185,265.3392,115.0,227.2458,0,15,25.005721,25.024678,True,28-76-79-81-78-34-35-77|95-2-15-57-87-43-100-91-93|42-14-44-38-86-17-60-89|72-39-23-67-55-54-4-25|65-71-9-66-20-32-70|63-64-11-90-10-1|21-73-75-22-41-56-74-58|59-92-98-16-61-85-37-97-13|27-69-30-51-50-3-68-24-80|45-5-99-94-53|62-88-49-46-48|33-29-12-40-26|83-82-18-8-84-96|36-47-19-6|52-31-7
183,17,1472.3428,561.6335,72.0,217.4743,0,17,34.088081,34.146323,True,28-76-79-78-34-35-1|2-15-57-43-91-13|12-29-3-68-24-80-77|95-92-98-16-61-6|42-14-44-38-86-17-60-89|72-39-23-67-55-25|27-30-51-9-81-50|21-75-22-56-4-54|69-31-62-88|33-65-71-66-20-32-70|47-36-19-49-46-48|63-64-11-90-10|52-94-87-97-37-100-93|59-99-85-84-96|40-73-41-74-58|83-82-7-53-26|5-45-8-18
184,17,1472.3428,561.6335,72.0,217.4743,0,17,34.088081,34.146323,True,28-76-79-78-34-35-1|2-15-57-43-91-13|12-29-3-68-24-80-77|95-92-98-16-61-6|42-14-44-38-86-17-60-89|72-39-23-67-55-25|27-30-51-9-81-50|21-75-22-56-4-54|69-31-62-88|33-65-71-66-20-32-70|47-36-19-49-46-48|63-64-11-90-10|52-94-87-97-37-100-93|59-99-85-84-96|40-73-41-74-58|83-82-7-53-26|5-45-8-18
185,15,1472.3677,311.7997,100.0,218.4924,0,15,25.020467,25.043595,True,28-29-79-81-78-34-35-77|21-73-75-22-41-43-91-93|42-14-44-38-86-17-60-89|65-71-9-66-20-32-70|47-36-19-49-46-48|63-64-11-90-10-1|59-92-98-16-61-85-84-37-100|27-69-30-51-50-3-68-24-80|5-82-53-40-26|33-76-12-54-55-25|62-7-18-8|52-31-88|83-45-99-94-6-96|72-39-23-67-56-74-4|95-2-15-57-87-97-13-58
186,15,1472.3677,311.7997,100.0,218.4924,0,15,25.020467,25.043595,True,28-29-79-81-78-34-35-77|21-73-75-22-41-43-91-93|42-14-44-38-86-17-60-89|65-71-9-66-20-32-70|47-36-19-49-46-48|63-64-11-90-10-1|59-92-98-16-61-85-84-37-100|27-69-30-51-50-3-68-24-80|5-82-53-40-26|33-76-12-54-55-25|62-7-18-8|52-31-88|83-45-99-94-6-96|72-39-23-67-56-74-4|95-2-15-57-87-97-13-58
187,15,1473.3029,255.3542,132.0,227.2458,0,15,25.301034,25.320488,True,28-76-79-81-78-34-35-77|2-15-57-87-43-100-91-93|42-14-44-38-86-37-96-60-89|72-39-23-67-55-54-4-25|65-71-9-66-20-32-70|47-36-19-49-46-17|63-64-11-90-10-1|21-73-75-22-41-56-74-58|59-95-92-98-85-99-94-97-13|45-82-7-8-84-48|31-52-53|62-88-18|27-69-30-51-50-3-68-24-80|33-29-12-40-26|83-5-61-16-6
188,15,1473.3029,255.3542,132.0,227.2458,0,15,25.301034,25.320488,True,28-76-79-81-78-34-35-77|2-15-57-87-43-100-91-93|42-14-44-38-86-37-96-60-89|72-39-23-67-55-54-4-25|65-71-9-66-20-32-70|47-36-19-49-46-17|63-64-11-90-10-1|21-73-75-22-41-56-74-58|59-95-92-98-85-99-94-97-13|45-82-7-8-84-48|31-52-53|62-88-18|27-69-30-51-50-3-68-24-80|33-29-12-40-26|83-5-61-16-6
189,15,1473.633,277.3481,106.0,227.2458,0,15,25.400054,25.420306,True,28-76-79-81-78-34-35-77|2-15-57-87-43-100-91-93|42-14-44-38-86-17-60-89|72-39-23-67-55-54-4-25|65-71-9-66-20-32-70|47-36-19-49-46-48|63-64-11-90-10-1|21-73-75-22-41-56-74-58|59-95-5-61-16-84-37-97-13|52-94-53|27-69-30-51-50-3-68-24-80|33-29-12-40-26|31-88-18-8|92-83-98-85-99-6-96|45-82-62-7
190,15,1473.633,277.3481,106.0,227.2458,0,15,25.400054,25.420306,True,28-76-79-81-78-34-35-77|2-15-57-87-43-100-91-93|42-14-44-38-86-17-60-89|72-39-23-67-55-54-4-25|65-71-9-66-20-32-70|47-36-19-49-46-48|63-64-11-90-10-1|21-73-75-22-41-56-74-58|59-95-5-61-16-84-37-97-13|52-94-53|27-69-30-51-50-3-68-24-80|33-29-12-40-26|31-88-18-8|92-83-98-85-99-6-96|45-82-62-7
191,15,1476.1278,279.4375,98.0,227.2458,0,15,26.148514,26.169028,True,27-28-76-79-78-34-50-1|2-15-57-87-43-100-91-93|5-59-99-94-6|42-14-44-38-86-17-60-89|72-39-23-67-55-54-4-25|69-30-51-81|65-71-9-20-66-35|47-36-19-49-46-48|63-64-11-90-10-32-70|21-73-75-22-41-56-74-58|95-92-98-16-61-85-37-97-13|83-45-82-7-8|31-52-53-3-68-24-80-77|62-88-18-84-96|33-29-12-40-26
192,15,1476.1278,279.4375,98.0,227.2458,0,15,26.148514,26.169028,True,27-28-76-79-78-34-50-1|2-15-57-87-43-100-91-93|5-59-99-94-6|42-14-44-38-86-17-60-89|72-39-23-67-55-54-4-25|69-30-51-81|65-71-9-20-66-35|47-36-19-49-46-48|63-64-11-90-10-32-70|21-73-75-22-41-56-74-58|95-92-98-16-61-85-37-97-13|83-45-82-7-8|31-52-53-3-68-24-80-77|62-88-18-84-96|33-29-12-40-26
193,15,1477.1793,257.4641,115.0,227.2458,0,15,26.463946,26.483179,True,28-76-79-81-78-34-35-77|95-2-15-57-87-43-100-91-93|42-14-44-38-86-17-60-89|72-39-23-67-55-54-4-25|65-71-9-66-20-32-70|63-64-11-90-10-1|59-92-98-16-61-85-37-97-13|27-69-30-51-50-3-68-24-80|45-5-99-94-53|47-36-19-49-46-48|83-88-6-84-96|21-73-75-22-41-56-74-58|33-29-12-40-26|62-82-7-8|31-52-18
194,15,1477.1793,257.4641,115.0,227.2458,0,15,26.463946,26.483179,True,28-76-79-81-78-34-35-77|95-2-15-57-87-43-100-91-93|42-14-44-38-86-17-60-89|72-39-23-67-55-54-4-25|65-71-9-66-20-32-70|63-64-11-90-10-1|59-92-98-16-61-85-37-97-13|27-69-30-51-50-3-68-24-80|45-5-99-94-53|47-36-19-49-46-48|83-88-6-84-96|21-73-75-22-41-56-74-58|33-29-12-40-26|62-82-7-8|31-52-18
195,15,1478.2908,274.5046,105.0,227.2458,0,15,26.797391,26.818514,True,27-28-76-79-78-34-35-1|92-2-15-57-43-37-100-91-93|42-14-44-38-86-17-60-89|72-39-23-67-55-54-4-25|69-30-51-81-9-50|33-65-71-66-20-32-70|47-36-19-49-46-48|63-64-11-90-10|21-73-75-22-41-56-74-58|83-82-7-8-84-96|31-52-53-3-68-24-80-77|45-62-88-18|29-12-40-26|5-59-99-94-87-97-13|95-98-16-61-85-6
196,15,1478.2908,274.5046,105.0,227.2458,0,15,26.797391,26.818514,True,27-28-76-79-78-34-35-1|92-2-15-57-43-37-100-91-93|42-14-44-38-86-17-60-89|72-39-23-67-55-54-4-25|69-30-51-81-9-50|33-65-71-66-20-32-70|47-36-19-49-46-48|63-64-11-90-10|21-73-75-22-41-56-74-58|83-82-7-8-84-96|31-52-53-3-68-24-80-77|45-62-88-18|29-12-40-26|5-59-99-94-87-97-13|95-98-16-61-85-6
197,16,1479.6038,414.662,78.0,225.4248,0,16,27.191299,27.231166,True,28-76-79-78-34-35-1|2-15-87-57-43-37-100-91-93|12-29-3-68-24-80-77|42-14-44-38-86-17-60-89|72-39-23-67-55-25|69-30-51-81-9-50|21-75-41-22-56-4-54|33-65-71-66-20-32-70|47-36-19-49-46-48|63-64-11-90-10|5-45-82-8-84-96-97-13|59-95-92-98-16-99-94|52-62-88-7|27-83-18-6|31-40-73-74-58|61-85-53-26
198,16,1479.6038,414.662,78.0,225.4248,0,16,27.191299,27.231166,True,28-76-79-78-34-35-1|2-15-87-57-43-37-100-91-93|12-29-3-68-24-80-77|42-14-44-38-86-17-60-89|72-39-23-67-55-25|69-30-51-81-9-50|21-75-41-22-56-4-54|33-65-71-66-20-32-70|47-36-19-49-46-48|63-64-11-90-10|5-45-82-8-84-96-97-13|59-95-92-98-16-99-94|52-62-88-7|27-83-18-6|31-40-73-74-58|61-85-53-26
199,17,1482.5055,551.366,68.0,224.2417,0,17,32.547963,32.608329,True,28-76-79-78-34-35-1|2-15-57-43-100-91-93|12-29-3-68-24-80-77|59-92-16-61-99-6|42-14-44-38-86-17-60-89|72-39-23-67-55-25|69-30-51-81-9-50|21-73-75-56-4-54|27-31-62-88|33-65-71-66-20-32-70|47-36-19-49-46-48|63-64-11-90-10|83-52-94-87-37-97|95-98-85-84-96-13|40-22-41-74-58|82-7-53-26|5-45-8-18
200,17,1482.5055,551.366,68.0,224.2417,0,17,32.547963,32.608329,True,28-76-79-78-34-35-1|2-15-57-43-100-91-93|12-29-3-68-24-80-77|59-92-16-61-99-6|42-14-44-38-86-17-60-89|72-39-23-67-55-25|69-30-51-81-9-50|21-73-75-56-4-54|27-31-62-88|33-65-71-66-20-32-70|47-36-19-49-46-48|63-64-11-90-10|83-52-94-87-37-97|95-98-85-84-96-13|40-22-41-74-58|82-7-53-26|5-45-8-18
201,15,1482.5228,248.8569,128.0,227.2458,0,15,28.066988,28.087834,True,28-76-79-81-78-34-35-77|59-95-2-15-57-87-43-100-91-93|42-14-44-38-86-17-60-89|72-39-23-67-55-54-4-25|65-71-9-66-20-32-70|47-36-19-49-46-48|63-64-11-90-10-1|21-73-75-22-41-56-74-58|5-92-98-16-85-84-37-97-13|52-99-94-53|45-82-62-88|27-69-30-51-50-3-68-24-80|33-29-12-40-26|31-7-18-8-96|83-61-6
202,15,1482.5228,248.8569,128.0,227.2458,0,15,28.066988,28.087834,True,28-76-79-81-78-34-35-77|59-95-2-15-57-87-43-100-91-93|42-14-44-38-86-17-60-89|72-39-23-67-55-54-4-25|65-71-9-66-20-32-70|47-36-19-49-46-48|63-64-11-90-10-1|21-73-75-22-41-56-74-58|5-92-98-16-85-84-37-97-13|52-99-94-53|45-82-62-88|27-69-30-51-50-3-68-24-80|33-29-12-40-26|31-7-18-8-96|83-61-6
203,17,1482.6578,544.3566,74.0,224.2417,0,17,31.496543,31.556504,True,28-76-79-78-34-50-1|2-15-57-43-100-91-93|12-29-3-68-24-80|92-59-61-85-99-6|42-14-44-38-86-17-60-89|72-39-23-67-55-25|69-30-51-81-9-35-77|21-75-41-22-56-4-54|27-31-62-88|33-65-71-66-20-32-70|47-36-19-49-46-48|63-64-11-90-10|52-94-87-37-97-13|95-98-16-18|40-73-74-58|83-82-7-53-26|5-45-8-84-96
204,17,1482.6578,544.3566,74.0,224.2417,0,17,31.496543,31.556504,True,28-76-79-78-34-50-1|2-15-57-43-100-91-93|12-29-3-68-24-80|92-59-61-85-99-6|42-14-44-38-86-17-60-89|72-39-23-67-55-25|69-30-51-81-9-35-77|21-75-41-22-56-4-54|27-31-62-88|33-65-71-66-20-32-70|47-36-19-49-46-48|63-64-11-90-10|52-94-87-37-97-13|95-98-16-18|40-73-74-58|83-82-7-53-26|5-45-8-84-96
205,15,1483.2233,251.8575,110.0,224.2417,0,15,28.277156,28.296411,True,95-15-57-87-37-97-13-58|83-82-7-88-90-10-1|59-92-98-16-61-85-84-17-60-89|63-11-64-49-46-48|27-28-12-76-3-54-55-25|39-75-23-67-56-74-4|47-36-19-8|5-45-18-99-94-96|72-73-41-22-26|42-14-44-38-86-43-100-91-93|2-21-40-53|52-62-6|65-71-9-78-34-35-77|69-31-30-51-20-66-32-70|33-29-79-81-50-68-24-80
206,15,1483.2233,251.8575,110.0,224.2417,0,15,28.277156,28.296411,True,95-15-57-87-37-97-13-58|83-82-7-88-90-10-1|59-92-98-16-61-85-84-17-60-89|63-11-64-49-46-48|27-28-12-76-3-54-55-25|39-75-23-67-56-74-4|47-36-19-8|5-45-18-99-94-96|72-73-41-22-26|42-14-44-38-86-43-100-91-93|2-21-40-53|52-62-6|65-71-9-78-34-35-77|69-31-30-51-20-66-32-70|33-29-79-81-50-68-24-80
207,16,1483.5009,399.7648,68.0,226.1698,0,16,28.360447,28.398361,True,28-76-79-78-34-35-1|2-15-87-57-43-37-100-91-93|12-29-3-68-54-24-77|95-5-99-40-26|42-14-44-38-86-17-60-89|39-23-67-22-56-55-25|69-30-51-81-9-50|31-62-88-53|33-65-71-66-20-32-70|47-36-19-49-46-48|63-64-11-90-10|83-45-8-84-96-97-13-58|59-92-98-16-61-85-6|27-52-82-7-18|72-75-73-94|21-41-74-4-80
208,16,1483.5009,399.7648,68.0,226.1698,0,16,28.360447,28.398361,True,28-76-79-78-34-35-1|2-15-87-57-43-37-100-91-93|12-29-3-68-54-24-77|95-5-99-40-26|42-14-44-38-86-17-60-89|39-23-67-22-56-55-25|69-30-51-81-9-50|31-62-88-53|33-65-71-66-20-32-70|47-36-19-49-46-48|63-64-11-90-10|83-45-8-84-96-97-13-58|59-92-98-16-61-85-6|27-52-82-7-18|72-75-73-94|21-41-74-4-80
209,15,1485.2054,298.2234,93.0,226.9511,0,15,28.871782,28.897293,True,28-76-79-81-78-34-35-77|59-95-2-15-57-87-43-100-91-93|42-14-44-38-86-17-60-89|72-39-23-67-56-55-4-25|65-71-9-66-20-32-70|47-36-19-49-46-48|63-64-11-90-10-1|21-73-75-22-41-74-58|5-92-98-16-61-84-37-97-13|52-94-53|45-82-62-7|27-69-30-51-50-3-68-24-80|33-29-12-40-26-54|31-88-18-8-96|83-85-99-6
210,15,1485.2054,298.2234,93.0,226.9511,0,15,28.871782,28.897293,True,28-76-79-81-78-34-35-77|59-95-2-15-57-87-43-100-91-93|42-14-44-38-86-17-60-89|72-39-23-67-56-55-4-25|65-71-9-66-20-32-70|47-36-19-49-46-48|63-64-11-90-10-1|21-73-75-22-41-74-58|5-92-98-16-61-84-37-97-13|52-94-53|45-82-62-7|27-69-30-51-50-3-68-24-80|33-29-12-40-26-54|31-88-18-8-96|83-85-99-6
211,15,1485.9377,281.4469,101.0,224.2417,0,15,29.091484,29.115092,True,33-29-79-81-50-35-77|65-71-9-78-34-68-24-80|95-87-57-37-97-13-58|83-82-7-88-90-10-32-70|59-92-98-16-61-85-84-17-60-89|42-14-44-38-86-43-100-91-93|63-11-64-49-46-48|27-28-12-76-3-54-55-25|69-31-30-51-66-20-1|39-75-23-67-56-74-4|45-5-99-94-6-96|2-15-41-22-26|47-36-19-8|52-62-18|72-73-21-40-53
212,15,1485.9377,281.4469,101.0,224.2417,0,15,29.091484,29.115092,True,33-29-79-81-50-35-77|65-71-9-78-34-68-24-80|95-87-57-37-97-13-58|83-82-7-88-90-10-32-70|59-92-98-16-61-85-84-17-60-89|42-14-44-38-86-43-100-91-93|63-11-64-49-46-48|27-28-12-76-3-54-55-25|69-31-30-51-66-20-1|39-75-23-67-56-74-4|45-5-99-94-6-96|2-15-41-22-26|47-36-19-8|52-62-18|72-73-21-40-53
213,16,1486.056,419.2317,66.0,217.4743,0,16,29.126972,29.167068,True,28-76-79-78-34-35-1|2-15-57-43-91-93|12-29-3-68-24-80-77|92-95-98-16-61-99-6|42-14-44-38-86-17-60-89|39-75-23-67-55-25|69-30-51-81-9-50|72-21-73-41-22-56-4-54|27-31-62-88|33-65-71-66-20-32-70|47-36-19-49-46-48|63-64-11-90-10|40-87-94-97-37-100|52-18-85-96-13|83-82-7-53-26-74-58|59-5-45-8-84
214,16,1486.056,419.2317,66.0,217.4743,0,16,29.126972,29.167068,True,28-76-79-78-34-35-1|2-15-57-43-91-93|12-29-3-68-24-80-77|92-95-98-16-61-99-6|42-14-44-38-86-17-60-89|39-75-23-67-55-25|69-30-51-81-9-50|72-21-73-41-22-56-4-54|27-31-62-88|33-65-71-66-20-32-70|47-36-19-49-46-48|63-64-11-90-10|40-87-94-97-37-100|52-18-85-96-13|83-82-7-53-26-74-58|59-5-45-8-84
215,15,1486.1544,272.3232,105.0,227.2458,0,15,29.156485,29.179639,True,28-76-81-78-34-35-1|59-95-2-15-57-87-43-100-91-93|42-14-44-38-86-17-60-89|72-39-23-67-55-54-4-25|65-71-9-66-20-32-70|47-36-19-49-46-48|63-64-11-90-10|21-73-75-22-41-56-74-58|5-92-98-16-61-84-37-97-13|52-94-53|45-82-62-7-50|27-69-30-51-79-3-68-24-80-77|33-29-12-40-26|31-88-18-8-96|83-85-99-6
216,15,1486.1544,272.3232,105.0,227.2458,0,15,29.156485,29.179639,True,28-76-81-78-34-35-1|59-95-2-15-57-87-43-100-91-93|42-14-44-38-86-17-60-89|72-39-23-67-55-54-4-25|65-71-9-66-20-32-70|47-36-19-49-46-48|63-64-11-90-10|21-73-75-22-41-56-74-58|5-92-98-16-61-84-37-97-13|52-94-53|45-82-62-7-50|27-69-30-51-79-3-68-24-80-77|33-29-12-40-26|31-88-18-8-96|83-85-99-6
217,15,1487.511,313.0047,77.0,227.2458,0,15,29.56345,29.590314,True,28-76-79-81-78-34-35-77|95-2-15-57-43-100-91-93|42-14-44-38-86-37-97|39-23-67-55-54-4-25|65-71-9-66-20-32-70|47-36-19-49-46-17-89|63-64-11-90-10-1|72-21-73-75-22-41-56-74-58|59-92-98-85-99-6|45-82-7-8-84-60-48|31-18-53|52-62-88-94-96|27-69-30-51-50-3-68-24-80|33-29-12-40-26|83-5-61-16-87-13
218,15,1487.511,313.0047,77.0,227.2458,0,15,29.56345,29.590314,True,28-76-79-81-78-34-35-77|95-2-15-57-43-100-91-93|42-14-44-38-86-37-97|39-23-67-55-54-4-25|65-71-9-66-20-32-70|47-36-19-49-46-17-89|63-64-11-90-10-1|72-21-73-75-22-41-56-74-58|59-92-98-85-99-6|45-82-7-8-84-60-48|31-18-53|52-62-88-94-96|27-69-30-51-50-3-68-24-80|33-29-12-40-26|83-5-61-16-87-13
219,15,1495.9496,303.3801,86.0,224.2417,0,15,32.095055,32.123456,True,28-76-79-81-78-34-35-77|59-2-15-57-87-43-100-91-93|42-14-44-38-86-17-60-89|72-39-23-67-54-55-25|65-71-9-66-20-32-70|47-36-19-8-46|63-64-11-90-10-1|21-73-75-22-41-56-74-58|95-92-98-61-16-37-97-13|52-94-53|45-82-62-7-49-48|27-69-30-51-50-3-68-24-80|33-29-12-40-26-4|31-88-18-84-96|83-5-85-99-6
220,15,1495.9496,303.3801,86.0,224.2417,0,15,32.095055,32.123456,True,28-76-79-81-78-34-35-77|59-2-15-57-87-43-100-91-93|42-14-44-38-86-17-60-89|72-39-23-67-54-55-25|65-71-9-66-20-32-70|47-36-19-8-46|63-64-11-90-10-1|21-73-75-22-41-56-74-58|95-92-98-61-16-37-97-13|52-94-53|45-82-62-7-49-48|27-69-30-51-50-3-68-24-80|33-29-12-40-26-4|31-88-18-84-96|83-5-85-99-6
221,15,1497.3699,264.9359,109.0,227.2458,0,15,32.521143,32.546955,True,28-76-79-81-78-34-35-77|59-95-2-15-57-87-43-100-91-93|42-14-44-38-86-17-60-89|72-39-23-67-55-54-4-25|65-71-9-66-20-32-70|63-11-62-90-10-1|21-73-75-22-41-56-74-58|92-98-16-61-84-37-97-13|36-94-53|45-82-7-8-46|27-69-30-51-50-3-68-24-80|33-29-12-40-26|52-31-88-18-96|83-5-85-99-6|47-19-64-49-48
222,15,1497.3699,264.9359,109.0,227.2458,0,15,32.521143,32.546955,True,28-76-79-81-78-34-35-77|59-95-2-15-57-87-43-100-91-93|42-14-44-38-86-17-60-89|72-39-23-67-55-54-4-25|65-71-9-66-20-32-70|63-11-62-90-10-1|21-73-75-22-41-56-74-58|92-98-16-61-84-37-97-13|36-94-53|45-82-7-8-46|27-69-30-51-50-3-68-24-80|33-29-12-40-26|52-31-88-18-96|83-5-85-99-6|47-19-64-49-48
223,15,1500.6957,232.6774,120.0,227.2458,0,15,33.51886,33.54193,True,28-76-79-81-78-34-35-77|59-95-2-15-57-87-43-100-91-93|42-14-38-86-84-17-60-89|72-39-23-67-55-54-4-25|65-71-9-66-20-32-70|63-64-11-90-10-1|21-73-75-22-41-56-74-58|5-92-98-44-16-85-37-97-13|52-99-94-53|27-69-30-51-50-3-68-24-80|33-29-12-40-26|31-62-88-7-8-46-48|83-82-61-6-96|45-36-19-49|47-18
224,15,1500.6957,232.6774,120.0,227.2458,0,15,33.51886,33.54193,True,28-76-79-81-78-34-35-77|59-95-2-15-57-87-43-100-91-93|42-14-38-86-84-17-60-89|72-39-23-67-55-54-4-25|65-71-9-66-20-32-70|63-64-11-90-10-1|21-73-75-22-41-56-74-58|5-92-98-44-16-85-37-97-13|52-99-94-53|27-69-30-51-50-3-68-24-80|33-29-12-40-26|31-62-88-7-8-46-48|83-82-61-6-96|45-36-19-49|47-18
225,15,1502.5713,254.7391,98.0,224.2417,0,15,34.081555,34.105847,True,28-12-29-79-78-34-35-77|65-71-9-81-50-68-24-80|95-52-87-57-37-97-13-58|83-82-7-88-90-10-32-70|59-92-98-16-61-85-84-17-60-89|42-14-44-38-86-43-100-91-93|63-11-64-49-46-48|27-76-3-54-55-25|33-30-51-66-20-1|39-75-23-67-56-74-4|45-5-99-94-6-96|72-2-15-41-22-26|47-36-19-8|69-31-62-18|21-73-40-53
226,15,1502.5713,254.7391,98.0,224.2417,0,15,34.081555,34.105847,True,28-12-29-79-78-34-35-77|65-71-9-81-50-68-24-80|95-52-87-57-37-97-13-58|83-82-7-88-90-10-32-70|59-92-98-16-61-85-84-17-60-89|42-14-44-38-86-43-100-91-93|63-11-64-49-46-48|27-76-3-54-55-25|33-30-51-66-20-1|39-75-23-67-56-74-4|45-5-99-94-6-96|72-2-15-41-22-26|47-36-19-8|69-31-62-18|21-73-40-53
227,15,1503.2536,239.1902,104.0,227.2458,0,15,34.286233,34.309448,True,28-76-79-81-78-34-35-77|59-95-2-15-57-87-43-100-91-93|42-14-44-38-86-17-60-89|72-39-23-67-55-54-4-25|65-71-9-66-20-32-70|63-64-11-90-10-1|21-73-75-22-41-56-74-58|5-92-98-16-61-84-37-97-13|27-69-30-51-50-3-68-24-80|31-88-18-8-96|52-99-94-53|33-29-12-40-26|45-36-19-49-46-48|47-62-7|83-82-85-6
228,15,1508.6232,218.4538,101.0,224.2417,0,15,35.897109,35.918073,True,95-52-87-57-37-97-13-58|83-82-7-90-10-1|59-92-98-16-61-85-84-17-60-89|63-11-64-49-46-48|27-28-12-76-3-54-55-25|39-75-23-67-56-74-4|42-14-44-38-86-43-100-91-93|65-71-9-78-34-35-77|69-31-30-51-20-66-32-70|33-29-79-81-50-68-24-80|45-5-99-94-6-96|72-2-15-41-22-26|47-36-19-8|62-88-18|21-73-40-53
229,15,1508.6232,218.4538,101.0,224.2417,0,15,35.897109,35.918073,True,95-52-87-57-37-97-13-58|83-82-7-90-10-1|59-92-98-16-61-85-84-17-60-89|63-11-64-49-46-48|27-28-12-76-3-54-55-25|39-75-23-67-56-74-4|42-14-44-38-86-43-100-91-93|65-71-9-78-34-35-77|69-31-30-51-20-66-32-70|33-29-79-81-50-68-24-80|45-5-99-94-6-96|72-2-15-41-22-26|47-36-19-8|62-88-18|21-73-40-53
230,17,1508.9437,574.2425,79.0,216.7065,0,17,35.993278,36.064977,True,76-79-78-34-35-1|2-15-57-43-91-93|28-12-29-3-68-80-77|59-92-16-61-99-6-26|42-14-44-38-86-17-60-89|72-39-23-67-55-24-25|69-30-51-81-9-50|21-75-41-22-56-4-54|27-31-62-88|33-65-71-66-20-32-70|47-36-19-49-46-48|63-64-11-90-10|83-94-87-97-37-100|95-98-85-53-96-13|40-73-74-58|52-82-7-18|5-45-8-84
231,17,1508.9437,574.2425,79.0,216.7065,0,17,35.993278,36.064977,True,76-79-78-34-35-1|2-15-57-43-91-93|28-12-29-3-68-80-77|59-92-16-61-99-6-26|42-14-44-38-86-17-60-89|72-39-23-67-55-24-25|69-30-51-81-9-50|21-75-41-22-56-4-54|27-31-62-88|33-65-71-66-20-32-70|47-36-19-49-46-48|63-64-11-90-10|83-94-87-97-37-100|95-98-85-53-96-13|40-73-74-58|52-82-7-18|5-45-8-84
232,15,1509.2088,211.8906,110.0,224.2417,0,15,36.072793,36.093848,True,95-52-87-57-37-97-13-58|83-82-7-88-90-10-1|59-92-98-16-61-85-84-17-60-89|63-11-64-49-46-48|27-28-12-76-3-54-55-25|39-75-23-67-56-74-4|42-14-44-38-86-43-100-91-93|65-71-9-78-34-35-77|69-31-30-51-20-66-32-70|33-29-79-81-50-68-24-80|45-5-99-94-6-96|72-2-15-41-22-26|47-36-19-8|62-18|21-73-40-53
233,15,1509.2088,211.8906,110.0,224.2417,0,15,36.072793,36.093848,True,95-52-87-57-37-97-13-58|83-82-7-88-90-10-1|59-92-98-16-61-85-84-17-60-89|63-11-64-49-46-48|27-28-12-76-3-54-55-25|39-75-23-67-56-74-4|42-14-44-38-86-43-100-91-93|65-71-9-78-34-35-77|69-31-30-51-20-66-32-70|33-29-79-81-50-68-24-80|45-5-99-94-6-96|72-2-15-41-22-26|47-36-19-8|62-18|21-73-40-53
234,15,1510.5812,322.598,71.0,226.0662,0,15,36.48453,36.518977,True,2-21-75-22-41-26|33-29-79-81-50-68-24-80|47-36-19-8-60-89|95-15-57-87-37-97-13-58|45-82-7-88-90-10-32-70|59-92-98-16-61-85-84-17|42-14-44-38-86-43-91|28-12-76-3-54-55-25|72-73-40-6-96-93-100|83-5-99-94-53|39-23-67-56-74-4|63-11-64-49-46-48|69-31-30-51-20-66-35-77|27-52-62-18|65-71-9-78-34-1
235,15,1510.5812,322.598,71.0,226.0662,0,15,36.48453,36.518977,True,2-21-75-22-41-26|33-29-79-81-50-68-24-80|47-36-19-8-60-89|95-15-57-87-37-97-13-58|45-82-7-88-90-10-32-70|59-92-98-16-61-85-84-17|42-14-44-38-86-43-91|28-12-76-3-54-55-25|72-73-40-6-96-93-100|83-5-99-94-53|39-23-67-56-74-4|63-11-64-49-46-48|69-31-30-51-20-66-35-77|27-52-62-18|65-71-9-78-34-1
236,15,1510.7165,244.932,84.0,224.2417,0,15,36.525101,36.548966,True,95-98-15-57-87-37-97-13-58|83-82-7-88-90-32-70|92-16-85-61-84-17-60-89|42-14-44-38-86-43-100-91-93|28-12-76-79-3-54-55-25|27-69-31-30-51-20-66-1|39-75-23-67-56-74-4|63-11-64-49-46-48|45-47-8-18|5-59-2-41-22-26|52-99-94-6-96|33-29-81-78-34-35-77|72-73-21-40-53|36-62-19-10|65-71-9-50-68-24-80
237,15,1510.7165,244.932,84.0,224.2417,0,15,36.525101,36.548966,True,95-98-15-57-87-37-97-13-58|83-82-7-88-90-32-70|92-16-85-61-84-17-60-89|42-14-44-38-86-43-100-91-93|28-12-76-79-3-54-55-25|27-69-31-30-51-20-66-1|39-75-23-67-56-74-4|63-11-64-49-46-48|45-47-8-18|5-59-2-41-22-26|52-99-94-6-96|33-29-81-78-34-35-77|72-73-21-40-53|36-62-19-10|65-71-9-50-68-24-80
238,16,1513.3464,400.7132,74.0,217.4743,0,16,37.314076,37.360381,True,27-69-76-79-78-34-35-1|2-15-41-57-43-91-93|28-12-29-3-68-24-80-77|59-92-16-85-99-6|42-14-44-38-86-17-60-89|72-39-23-67-55-25|31-30-51-9-81-50|21-73-75-22-56-4-54|33-65-71-66-20-32-70|47-36-19-49-46-48|63-64-11-90-10|52-87-97-37-100|95-98-61-94-53-96-13|62-88-40-26-74-58|83-82-7-18|5-45-8-84
239,16,1513.3464,400.7132,74.0,217.4743,0,16,37.314076,37.360381,True,27-69-76-79-78-34-35-1|2-15-41-57-43-91-93|28-12-29-3-68-24-80-77|59-92-16-85-99-6|42-14-44-38-86-17-60-89|72-39-23-67-55-25|31-30-51-9-81-50|21-73-75-22-56-4-54|33-65-71-66-20-32-70|47-36-19-49-46-48|63-64-11-90-10|52-87-97-37-100|95-98-61-94-53-96-13|62-88-40-26-74-58|83-82-7-18|5-45-8-84
240,15,1513.3592,320.3837,66.0,219.0416,0,15,37.317935,37.351329,True,2-21-75-22-41-26|33-65-71-81-34-35-77|47-36-19-8-60-89|95-15-57-87-37-97-13-58|45-82-7-88-90-10-32-70|59-92-98-16-61-85-84-17|42-14-44-38-86-43-91|28-69-76-79-3-54-55-25|72-73-40-6-96-93-100|83-5-99-94-53|39-23-67-56-74-4|63-11-64-49-46-48|31-30-51-9-66-20-1|27-52-62-18|12-29-78-50-68-24-80
241,15,1513.3592,320.3837,66.0,219.0416,0,15,37.317935,37.351329,True,2-21-75-22-41-26|33-65-71-81-34-35-77|47-36-19-8-60-89|95-15-57-87-37-97-13-58|45-82-7-88-90-10-32-70|59-92-98-16-61-85-84-17|42-14-44-38-86-43-91|28-69-76-79-3-54-55-25|72-73-40-6-96-93-100|83-5-99-94-53|39-23-67-56-74-4|63-11-64-49-46-48|31-30-51-9-66-20-1|27-52-62-18|12-29-78-50-68-24-80
242,15,1514.2937,316.7675,87.0,223.9428,0,15,37.598279,37.634247,True,33-29-79-81-3-50-77|28-21-75-22-41-26|65-71-9-78-34-68-24-80|36-47-8-18|95-2-15-57-87-37-97-13-58|45-82-7-88-90-20-32-70|59-92-98-16-61-85-84-17-60-89|42-14-44-38-86-43-100-91|69-76-12-54-55|72-73-40-6-96-93|83-5-99-94-53|39-23-67-56-74-4-25|63-11-64-49-46-48|31-30-51-66-35-1|27-52-62-19-10
243,15,1514.2937,316.7675,87.0,223.9428,0,15,37.598279,37.634247,True,33-29-79-81-3-50-77|28-21-75-22-41-26|65-71-9-78-34-68-24-80|36-47-8-18|95-2-15-57-87-37-97-13-58|45-82-7-88-90-20-32-70|59-92-98-16-61-85-84-17-60-89|42-14-44-38-86-43-100-91|69-76-12-54-55|72-73-40-6-96-93|83-5-99-94-53|39-23-67-56-74-4-25|63-11-64-49-46-48|31-30-51-66-35-1|27-52-62-19-10
244,17,1520.7218,561.1357,74.0,210.9626,0,17,39.526705,39.59861,True,28-76-79-78-34-35-1|2-15-57-43-91-93|12-29-3-68-24-80|92-59-61-85-99-6-77|42-14-44-38-86-17-60-89|72-39-23-67-55-25|69-30-51-81-9-50|21-75-41-22-56-4-54|27-31-62-88|33-65-71-66-20-32-70|47-36-19-49-46-48|63-64-11-90-10|52-94-87-97-37-100|95-98-16-18|40-73-74-58|83-82-7-53-26|5-45-8-84-96-13
245,17,1520.7218,561.1357,74.0,210.9626,0,17,39.526705,39.59861,True,28-76-79-78-34-35-1|2-15-57-43-91-93|12-29-3-68-24-80|92-59-61-85-99-6-77|42-14-44-38-86-17-60-89|72-39-23-67-55-25|69-30-51-81-9-50|21-75-41-22-56-4-54|27-31-62-88|33-65-71-66-20-32-70|47-36-19-49-46-48|63-64-11-90-10|52-94-87-97-37-100|95-98-16-18|40-73-74-58|83-82-7-53-26|5-45-8-84-96-13
246,15,1521.4669,342.0675,60.0,221.9928,0,15,39.750226,39.789148,True,33-29-79-81-3-35-77|21-75-22-41-26|65-71-9-78-34-68-24-80|47-36-19-8-60-89|95-2-15-57-87-37-97-13-58|45-82-7-88-90-10-32-70|59-92-98-16-61-85-84-17|42-14-44-38-86-43-100-91|28-76-12-54-55-25|72-73-40-6-96-93|83-5-99-94-53|39-23-67-56-74-4|63-11-64-49-46-48|69-31-30-51-66-20-1|27-52-62-18-50
247,15,1521.4669,342.0675,60.0,221.9928,0,15,39.750226,39.789148,True,33-29-79-81-3-35-77|21-75-22-41-26|65-71-9-78-34-68-24-80|47-36-19-8-60-89|95-2-15-57-87-37-97-13-58|45-82-7-88-90-10-32-70|59-92-98-16-61-85-84-17|42-14-44-38-86-43-100-91|28-76-12-54-55-25|72-73-40-6-96-93|83-5-99-94-53|39-23-67-56-74-4|63-11-64-49-46-48|69-31-30-51-66-20-1|27-52-62-18-50
248,15,1521.8937,217.1924,100.0,224.2417,0,15,39.878269,39.902925,True,95-52-87-57-37-97-13-58|83-82-7-88-90-10-1|59-92-98-16-61-85-84-17-60-89|27-28-12-76-3-54-55-25|39-75-23-67-56-74-4|42-14-44-38-86-43-100-91-93|65-71-9-78-34-35-77|69-31-30-51-20-66-32-70|33-29-79-81-50-68-24-80|72-2-15-41-22-26|5-99-94-6-96|21-73-40-53|63-11-64-49-46-48|36-62-19|45-47-8-18
249,15,1521.8937,217.1924,100.0,224.2417,0,15,39.878269,39.902925,True,95-52-87-57-37-97-13-58|83-82-7-88-90-10-1|59-92-98-16-61-85-84-17-60-89|27-28-12-76-3-54-55-25|39-75-23-67-56-74-4|42-14-44-38-86-43-100-91-93|65-71-9-78-34-35-77|69-31-30-51-20-66-32-70|33-29-79-81-50-68-24-80|72-2-15-41-22-26|5-99-94-6-96|21-73-40-53|63-11-64-49-46-48|36-62-19|45-47-8-18
250,15,1522.8982,200.8277,110.0,224.2417,0,15,40.179625,40.203128,True,95-52-87-57-37-97-13-58|83-82-7-88-90-10-1|59-92-98-16-61-85-84-17-60-89|63-11-64-49-46-48|27-12-29-3-54-55-25|39-75-23-67-56-74-4|42-14-44-38-86-43-100-91-93|65-71-9-78-34-35-77|69-31-30-51-20-66-32-70|33-76-79-81-50-68-24-80|45-5-99-94-6-96|72-2-15-41-22-26|47-36-19-8|62-18|28-21-73-40-53
251,15,1522.8982,200.8277,110.0,224.2417,0,15,40.179625,40.203128,True,95-52-87-57-37-97-13-58|83-82-7-88-90-10-1|59-92-98-16-61-85-84-17-60-89|63-11-64-49-46-48|27-12-29-3-54-55-25|39-75-23-67-56-74-4|42-14-44-38-86-43-100-91-93|65-71-9-78-34-35-77|69-31-30-51-20-66-32-70|33-76-79-81-50-68-24-80|45-5-99-94-6-96|72-2-15-41-22-26|47-36-19-8|62-18|28-21-73-40-53
252,15,1524.1707,353.2838,52.0,222.8833,0,15,40.561369,40.602119,True,33-29-79-81-3-50|72-75-22-41-26|65-71-9-78-34-68-24-80|47-36-19-8-89|95-2-15-57-87-97-13-58|45-82-7-88-90-10-32-70|59-92-98-16-61-85-84-17-60|42-14-44-38-86-43-91|28-76-12-54-55-25|21-73-40-6-96-37-100-93|83-5-99-94-53|39-23-67-56-74-4|63-11-64-49-46-48|69-31-30-51-66-20-1|27-52-62-18-35-77
253,15,1524.1707,353.2838,52.0,222.8833,0,15,40.561369,40.602119,True,33-29-79-81-3-50|72-75-22-41-26|65-71-9-78-34-68-24-80|47-36-19-8-89|95-2-15-57-87-97-13-58|45-82-7-88-90-10-32-70|59-92-98-16-61-85-84-17-60|42-14-44-38-86-43-91|28-76-12-54-55-25|21-73-40-6-96-37-100-93|83-5-99-94-53|39-23-67-56-74-4|63-11-64-49-46-48|69-31-30-51-66-20-1|27-52-62-18-35-77
254,15,1525.926,315.5363,87.0,221.9928,0,15,41.08796,41.12694,True,33-29-79-81-3-50-77|65-71-9-78-34-68-24-80|95-2-15-57-87-37-97-13-58|45-82-7-88-90-10-32-70|59-92-98-16-61-85-84-17-60-89|42-14-44-38-86-43-91|72-73-40-6-96-93-100|83-5-99-94-53-26|63-11-64-49-46-48|69-31-30-51-66-20-1|28-12-76-35|21-75-22-41-56-74-4|36-47-8-18|39-23-67-54-55-25|27-52-62-19
255,15,1525.926,315.5363,87.0,221.9928,0,15,41.08796,41.12694,True,33-29-79-81-3-50-77|65-71-9-78-34-68-24-80|95-2-15-57-87-37-97-13-58|45-82-7-88-90-10-32-70|59-92-98-16-61-85-84-17-60-89|42-14-44-38-86-43-91|72-73-40-6-96-93-100|83-5-99-94-53-26|63-11-64-49-46-48|69-31-30-51-66-20-1|28-12-76-35|21-75-22-41-56-74-4|36-47-8-18|39-23-67-54-55-25|27-52-62-19
256,17,1528.2109,522.2247,109.0,216.7065,0,17,41.773432,41.846108,True,12-29-79-78-34-35-77|2-15-57-43-91-93|59-92-16-61-99-6|42-14-44-38-86-17-60-89|72-39-23-67-55-24-25|27-30-51-9-81-50-68-80|21-75-22-56-4-54|69-31-62-88|33-65-71-66-20-32-70|47-36-19-49-46-48|63-64-11-90-10-1|83-52-94-87-97-37-100|95-98-18-85-96-13|40-73-41-74-58|82-7-53|5-45-8-84|28-76-3-26
257,17,1528.2109,522.2247,109.0,216.7065,0,17,41.773432,41.846108,True,12-29-79-78-34-35-77|2-15-57-43-91-93|59-92-16-61-99-6|42-14-44-38-86-17-60-89|72-39-23-67-55-24-25|27-30-51-9-81-50-68-80|21-75-22-56-4-54|69-31-62-88|33-65-71-66-20-32-70|47-36-19-49-46-48|63-64-11-90-10-1|83-52-94-87-97-37-100|95-98-18-85-96-13|40-73-41-74-58|82-7-53|5-45-8-84|28-76-3-26
258,15,1530.0303,293.4415,84.0,217.3827,0,15,42.319261,42.355167,True,95-98-15-57-87-37-97-13-58|59-92-16-85-61-84-17-60-89|42-14-44-38-86-43-100-91|12-76-79-3-54-55-25|72-21-73-40-6-96-93|27-69-31-30-51-20-66-1|39-23-67-56-74-4|63-11-64-49-46-48|28-29-81-78-34-68-24-80|5-2-75-22-41-26|52-99-94-53|45-36-19-90-10-32-70|33-65-71-9-35-77|47-62-88-7-50|83-82-8-18
259,15,1530.0303,293.4415,84.0,217.3827,0,15,42.319261,42.355167,True,95-98-15-57-87-37-97-13-58|59-92-16-85-61-84-17-60-89|42-14-44-38-86-43-100-91|12-76-79-3-54-55-25|72-21-73-40-6-96-93|27-69-31-30-51-20-66-1|39-23-67-56-74-4|63-11-64-49-46-48|28-29-81-78-34-68-24-80|5-2-75-22-41-26|52-99-94-53|45-36-19-90-10-32-70|33-65-71-9-35-77|47-62-88-7-50|83-82-8-18
260,16,1532.6184,401.1787,72.0,217.4743,0,16,43.095692,43.147649,True,28-76-79-78-34-35-1|2-15-57-87-43-91-93|12-29-3-68-24-80-77|59-5-61-16-99-94|42-14-44-38-86-17-60-89|72-39-23-67-55-25|69-30-51-81-9-50|27-75-41-22-56-4-54|31-62-88-7|33-65-71-66-20-32-70|47-36-19-49-46-48|63-64-11-90-10|83-52-8-84-97-37-100|92-95-98-18-85-96-13|21-40-73-74-58|45-82-6-53-26
261,16,1532.6184,401.1787,72.0,217.4743,0,16,43.095692,43.147649,True,28-76-79-78-34-35-1|2-15-57-87-43-91-93|12-29-3-68-24-80-77|59-5-61-16-99-94|42-14-44-38-86-17-60-89|72-39-23-67-55-25|69-30-51-81-9-50|27-75-41-22-56-4-54|31-62-88-7|33-65-71-66-20-32-70|47-36-19-49-46-48|63-64-11-90-10|83-52-8-84-97-37-100|92-95-98-18-85-96-13|21-40-73-74-58|45-82-6-53-26
262,15,1532.799,311.1392,75.0,221.2404,0,15,43.149877,43.188947,True,95-98-15-57-87-97-13-58|45-82-7-88-90-32-70|92-61-16-85-84-17-60-89|42-14-44-38-86-43-100-91|28-12-76-79-3-54-55-25|72-21-73-40-6-96-37-93|27-69-31-30-51-20-66-1|39-75-23-67-56-4|63-11-64-49-46-48|52-62-19-10-35-77|83-99-94-53-26|29-81-78-34-68-24-80|36-47-8-18|5-59-2-41-22-74|33-65-71-9-50
263,15,1532.799,311.1392,75.0,221.2404,0,15,43.149877,43.188947,True,95-98-15-57-87-97-13-58|45-82-7-88-90-32-70|92-61-16-85-84-17-60-89|42-14-44-38-86-43-100-91|28-12-76-79-3-54-55-25|72-21-73-40-6-96-37-93|27-69-31-30-51-20-66-1|39-75-23-67-56-4|63-11-64-49-46-48|52-62-19-10-35-77|83-99-94-53-26|29-81-78-34-68-24-80|36-47-8-18|5-59-2-41-22-74|33-65-71-9-50
264,15,1533.0257,211.1631,108.0,224.2417,0,15,43.217882,43.245774,True,65-71-9-78-34-68-24-80|95-15-57-87-37-97-13-58|59-92-98-16-61-85-84-17-60-89|63-11-64-49-46-48|27-28-12-76-3-54-55-25|39-75-23-67-56-74-4|42-14-44-38-86-43-100-91-93|72-73-41-22-26|69-31-30-51-66-20-1|33-29-79-81-50-35-77|5-52-99-94-6-96|83-47-19-90-10-32-70|2-21-40-53|45-82-7-18-8|36-62-88
265,15,1533.0257,211.1631,108.0,224.2417,0,15,43.217882,43.245774,True,65-71-9-78-34-68-24-80|95-15-57-87-37-97-13-58|59-92-98-16-61-85-84-17-60-89|63-11-64-49-46-48|27-28-12-76-3-54-55-25|39-75-23-67-56-74-4|42-14-44-38-86-43-100-91-93|72-73-41-22-26|69-31-30-51-66-20-1|33-29-79-81-50-35-77|5-52-99-94-6-96|83-47-19-90-10-32-70|2-21-40-53|45-82-7-18-8|36-62-88
266,15,1533.1029,230.4672,94.0,224.2417,0,15,43.241035,43.270446,True,65-71-9-78-34-68-24-80|52-40-87-57-97-37-13-58|83-82-7-88-90-10-32-70|59-92-98-16-61-85-84-17-60-89|28-12-76-3-54-55-25|39-75-23-67-56-74-4|42-14-44-38-86-43-100-91-93|69-31-30-51-66-20-1|45-5-99-94-6-96|33-29-79-81-50-35-77|72-15-41-22-26|63-11-64-49-46-48|27-62-18|47-36-19-8|95-2-21-73-53
267,15,1533.1029,230.4672,94.0,224.2417,0,15,43.241035,43.270446,True,65-71-9-78-34-68-24-80|52-40-87-57-97-37-13-58|83-82-7-88-90-10-32-70|59-92-98-16-61-85-84-17-60-89|28-12-76-3-54-55-25|39-75-23-67-56-74-4|42-14-44-38-86-43-100-91-93|69-31-30-51-66-20-1|45-5-99-94-6-96|33-29-79-81-50-35-77|72-15-41-22-26|63-11-64-49-46-48|27-62-18|47-36-19-8|95-2-21-73-53
268,15,1536.1873,281.2386,83.0,221.2404,0,15,44.166344,44.202746,True,95-2-57-87-97-13-58|45-83-82-7-90-32-70|59-92-16-85-61-84-17-60-89|42-14-44-38-86-43-100-91|28-12-76-79-3-54-55-25|72-21-73-40-6-96-37-93|27-69-31-30-51-20-66-1|39-75-23-67-56-74-4|63-11-64-49-46-48|62-19-88-10-35-77|52-99-94-53|33-29-81-78-34-68-24-80|36-47-8-18|5-98-15-41-22-26|65-71-9-50
269,15,1536.1873,281.2386,83.0,221.2404,0,15,44.166344,44.202746,True,95-2-57-87-97-13-58|45-83-82-7-90-32-70|59-92-16-85-61-84-17-60-89|42-14-44-38-86-43-100-91|28-12-76-79-3-54-55-25|72-21-73-40-6-96-37-93|27-69-31-30-51-20-66-1|39-75-23-67-56-74-4|63-11-64-49-46-48|62-19-88-10-35-77|52-99-94-53|33-29-81-78-34-68-24-80|36-47-8-18|5-98-15-41-22-26|65-71-9-50
270,15,1537.5133,225.524,99.0,214.8861,0,15,44.564139,44.593228,True,52-87-57-43-37-13-58|83-82-7-88-90-10-1|59-92-98-16-61-85-84-17-60-89|63-11-64-49-46-48|27-28-12-76-3-54-55-25|39-75-23-67-56-74-4|42-14-44-38-86-91-100-93|65-71-9-78-34-35-77|69-31-30-51-20-66-32-70|33-29-79-81-50-68-24-80|95-5-18-99-94-96-97|72-15-73-22-41-26|36-62-19|2-21-40-53|45-47-8-6
271,15,1537.5133,225.524,99.0,214.8861,0,15,44.564139,44.593228,True,52-87-57-43-37-13-58|83-82-7-88-90-10-1|59-92-98-16-61-85-84-17-60-89|63-11-64-49-46-48|27-28-12-76-3-54-55-25|39-75-23-67-56-74-4|42-14-44-38-86-91-100-93|65-71-9-78-34-35-77|69-31-30-51-20-66-32-70|33-29-79-81-50-68-24-80|95-5-18-99-94-96-97|72-15-73-22-41-26|36-62-19|2-21-40-53|45-47-8-6
272,15,1540.6288,250.0307,83.0,213.7748,0,15,45.498807,45.53074,True,59-98-15-57-87-37-97-13-58|83-82-7-88-90-32-70|92-16-85-61-84-17-60-89|42-14-44-38-86-43-100-91|28-12-76-79-3-54-55-25|72-21-73-40-6-96-93|27-69-31-30-51-20-66-1|39-75-23-67-56-74-4|63-11-64-49-46-48|5-95-2-41-22-26|52-99-94-53|33-29-81-78-34-35-77|36-62-19-10|45-47-8-18|65-71-9-50-68-24-80
273,15,1540.6288,250.0307,83.0,213.7748,0,15,45.498807,45.53074,True,59-98-15-57-87-37-97-13-58|83-82-7-88-90-32-70|92-16-85-61-84-17-60-89|42-14-44-38-86-43-100-91|28-12-76-79-3-54-55-25|72-21-73-40-6-96-93|27-69-31-30-51-20-66-1|39-75-23-67-56-74-4|63-11-64-49-46-48|5-95-2-41-22-26|52-99-94-53|33-29-81-78-34-35-77|36-62-19-10|45-47-8-18|65-71-9-50-68-24-80
274,15,1540.9663,203.2226,108.0,224.2417,0,15,45.600057,45.629139,True,65-71-9-78-34-68-24-80|95-15-57-87-37-97-13-58|59-92-98-16-61-85-84-17-60-89|63-11-64-49-46-48|27-28-12-76-3-54-55-25|72-75-23-67-56-74-4|42-14-44-38-86-43-100-91-93|39-73-41-22-26|69-31-30-51-66-20-1|33-29-79-81-50-35-77|5-52-99-94-6-96|83-47-19-90-10-32-70|2-21-40-53|45-82-7-18-8|36-62-88
275,15,1541.9072,238.5627,82.0,224.9512,0,15,45.882327,45.9145,True,95-98-15-57-87-37-97-13-58|83-82-7-88-90-32-70|59-92-16-85-61-84-17-60-89|42-14-44-38-86-43-100-91-93|28-12-76-3-54-55-25|72-21-73-40-6-96|27-69-31-30-51-20-66-1|39-75-23-67-56-74-4|63-11-64-49-46-48|36-62-19-10-35-77|45-47-8-18|52-99-94-53|33-29-79-78-34-68-24-80|5-2-41-22-26|65-71-9-81-50
276,15,1541.9072,238.5627,82.0,224.9512,0,15,45.882327,45.9145,True,95-98-15-57-87-37-97-13-58|83-82-7-88-90-32-70|59-92-16-85-61-84-17-60-89|42-14-44-38-86-43-100-91-93|28-12-76-3-54-55-25|72-21-73-40-6-96|27-69-31-30-51-20-66-1|39-75-23-67-56-74-4|63-11-64-49-46-48|36-62-19-10-35-77|45-47-8-18|52-99-94-53|33-29-79-78-34-68-24-80|5-2-41-22-26|65-71-9-81-50
277,15,1542.415,270.4114,79.0,224.9326,0,15,46.034659,46.071458,True,95-98-15-57-87-37-97-13-58|83-82-7-88-90-32-70|59-92-16-85-61-84-17-60-89|42-14-44-38-86-43-100-91|72-21-73-40-6-96-93|39-75-23-67-56-74-4|63-11-64-49-46-48|36-62-19-10|45-47-8-18|52-99-94-53|5-2-41-22-54-55-25|33-65-71-20-66-35-77|28-12-76-79-78-3-68-24-80|31-30-51-9-81-50-1|27-69-29-34-26
278,15,1542.415,270.4114,79.0,224.9326,0,15,46.034659,46.071458,True,95-98-15-57-87-37-97-13-58|83-82-7-88-90-32-70|59-92-16-85-61-84-17-60-89|42-14-44-38-86-43-100-91|72-21-73-40-6-96-93|39-75-23-67-56-74-4|63-11-64-49-46-48|36-62-19-10|45-47-8-18|52-99-94-53|5-2-41-22-54-55-25|33-65-71-20-66-35-77|28-12-76-79-78-3-68-24-80|31-30-51-9-81-50-1|27-69-29-34-26
279,15,1544.3685,230.4446,82.0,224.9512,0,15,46.620704,46.652397,True,95-98-15-57-87-37-97-13-58|83-82-7-88-90-32-70|59-92-16-85-61-84-17-60-89|42-14-44-38-86-43-100-91-93|28-12-76-79-3-54-55-25|72-21-73-40-6-96|27-69-31-30-51-20-66-1|39-75-23-67-56-74-4|63-11-64-49-46-48|36-62-19-10-35-77|52-99-94-53|33-29-78-34-68-24-80|45-47-8-18|5-2-41-22-26|65-71-9-81-50
280,15,1544.3685,230.4446,82.0,224.9512,0,15,46.620704,46.652397,True,95-98-15-57-87-37-97-13-58|83-82-7-88-90-32-70|59-92-16-85-61-84-17-60-89|42-14-44-38-86-43-100-91-93|28-12-76-79-3-54-55-25|72-21-73-40-6-96|27-69-31-30-51-20-66-1|39-75-23-67-56-74-4|63-11-64-49-46-48|36-62-19-10-35-77|52-99-94-53|33-29-78-34-68-24-80|45-47-8-18|5-2-41-22-26|65-71-9-81-50
281,15,1546.4081,195.7897,114.0,224.2417,0,15,47.232599,47.2628,True,95-52-87-57-37-97-13-58|83-82-7-88-90-10-1|59-92-98-16-61-85-84-17-60-89|27-28-12-76-3-54-55-25|39-75-23-67-56-74-4|42-14-44-38-86-43-100-91-93|65-71-9-78-34-35-77|69-31-30-51-20-66-32-70|33-29-79-81-50-68-24-80|72-15-73-22-41-26|5-45-18-99-94-96|63-11-64-49-46-48|47-36-19-8|62-6-53|2-21-40
282,15,1546.8378,217.3504,99.0,227.1516,0,15,47.361517,47.394017,True,33-29-79-81-50-35-77|65-71-9-78-34-68-24-80|95-52-87-57-37-97-13-58|83-82-7-88-90-10-32-70|59-92-98-16-61-85-84-17-60-89|42-14-44-38-86-43-100-91-93|63-11-64-49-46-48|39-75-23-67-56-74-4-25|45-5-99-94-6-96|72-2-15-41-22-26|28-12-76-3-55-54|21-73-40-53|36-47-8-18|31-62-19-66-20-1|27-69-30-51
283,15,1546.8378,217.3504,99.0,227.1516,0,15,47.361517,47.394017,True,33-29-79-81-50-35-77|65-71-9-78-34-68-24-80|95-52-87-57-37-97-13-58|83-82-7-88-90-10-32-70|59-92-98-16-61-85-84-17-60-89|42-14-44-38-86-43-100-91-93|63-11-64-49-46-48|39-75-23-67-56-74-4-25|45-5-99-94-6-96|72-2-15-41-22-26|28-12-76-3-55-54|21-73-40-53|36-47-8-18|31-62-19-66-20-1|27-69-30-51
284,15,1547.372,219.4056,98.0,224.2417,0,15,47.521774,47.554206,True,33-29-79-81-50-35-77|65-71-9-78-34-68-24-80|95-52-87-57-37-97-13-58|83-82-7-88-90-10-32-70|59-92-98-16-61-85-84-17-60-89|42-14-44-38-86-43-100-91-93|27-28-12-76-3-54-55-25|69-31-30-51-66-20-1|39-75-23-67-56-74-4|72-2-15-41-22-26|5-99-94-6-96|21-73-40-53|63-11-64-49-46-48|45-36-19-8|47-62-18
285,15,1547.372,219.4056,98.0,224.2417,0,15,47.521774,47.554206,True,33-29-79-81-50-35-77|65-71-9-78-34-68-24-80|95-52-87-57-37-97-13-58|83-82-7-88-90-10-32-70|59-92-98-16-61-85-84-17-60-89|42-14-44-38-86-43-100-91-93|27-28-12-76-3-54-55-25|69-31-30-51-66-20-1|39-75-23-67-56-74-4|72-2-15-41-22-26|5-99-94-6-96|21-73-40-53|63-11-64-49-46-48|45-36-19-8|47-62-18
286,15,1548.5328,343.3765,46.0,222.8833,0,15,47.87001,47.915982,True,28-76-81-78-3-50|2-21-75-22-41-26|33-65-71-9-34-68-24-80|47-36-19-8-60-89|95-15-57-87-37-97-13-58|45-82-7-88-90-10-32-70|59-92-98-16-61-85-84-17|42-14-44-38-86-43-91|12-29-79-54-55-25|72-73-40-6-96-93-100|83-5-99-94-53|39-23-67-56-74-4|63-11-64-49-46-48|69-31-30-51-66-20-1|27-52-62-18-35-77
287,15,1548.5328,343.3765,46.0,222.8833,0,15,47.87001,47.915982,True,28-76-81-78-3-50|2-21-75-22-41-26|33-65-71-9-34-68-24-80|47-36-19-8-60-89|95-15-57-87-37-97-13-58|45-82-7-88-90-10-32-70|59-92-98-16-61-85-84-17|42-14-44-38-86-43-91|12-29-79-54-55-25|72-73-40-6-96-93-100|83-5-99-94-53|39-23-67-56-74-4|63-11-64-49-46-48|69-31-30-51-66-20-1|27-52-62-18-35-77
288,15,1548.9709,342.9384,54.0,222.8833,0,15,48.001421,48.048259,True,2-21-75-22-41-26|33-65-71-9-34-68-24-80|47-36-19-8-60-89|95-15-57-87-37-97-13-58|45-82-7-88-90-10-32-70|59-92-98-16-61-85-84-17|42-14-44-38-86-43-91|28-12-29-79-54-55-25|72-73-40-6-96-93-100|83-5-99-94-53|39-23-67-56-74-4|63-11-64-49-46-48|69-31-30-51-66-20-1|27-52-62-18-35-77|76-81-78-3-50
289,15,1549.9218,225.4581,82.0,224.9512,0,15,48.286713,48.319324,True,95-92-15-57-87-37-97-13-58|83-82-7-88-90-32-70|98-16-61-85-84-17-60-89|42-14-44-38-86-43-100-91-93|28-12-76-79-3-54-55-25|72-21-73-40-6-96|27-69-31-30-51-20-66-1|39-75-23-67-56-74-4|63-11-64-49-46-48|36-62-19-10-35-77|52-99-94-53|33-29-81-78-34-68-24-80|45-47-8-18|5-59-2-41-22-26|65-71-9-50
290,15,1549.9218,225.4581,82.0,224.9512,0,15,48.286713,48.319324,True,95-92-15-57-87-37-97-13-58|83-82-7-88-90-32-70|98-16-61-85-84-17-60-89|42-14-44-38-86-43-100-91-93|28-12-76-79-3-54-55-25|72-21-73-40-6-96|27-69-31-30-51-20-66-1|39-75-23-67-56-74-4|63-11-64-49-46-48|36-62-19-10-35-77|52-99-94-53|33-29-81-78-34-68-24-80|45-47-8-18|5-59-2-41-22-26|65-71-9-50
291,15,1550.2672,257.7528,78.0,224.9512,0,15,48.390332,48.427491,True,95-15-57-87-97-13-58|83-82-7-88-90-32-70|59-92-98-16-61-85-84-17-60-89|42-14-44-38-86-43-100-91|28-12-76-79-3-54-55-25|27-69-40-53-6-96-37-93|52-31-30-51-20-66-1|39-75-23-67-56-74-4|63-11-64-49-46-48|36-62-19-10-35-77|5-99-94|33-29-81-78-34-68-24-80|45-47-8-18|72-2-21-73-41-22-26|65-71-9-50
292,15,1550.2672,257.7528,78.0,224.9512,0,15,48.390332,48.427491,True,95-15-57-87-97-13-58|83-82-7-88-90-32-70|59-92-98-16-61-85-84-17-60-89|42-14-44-38-86-43-100-91|28-12-76-79-3-54-55-25|27-69-40-53-6-96-37-93|52-31-30-51-20-66-1|39-75-23-67-56-74-4|63-11-64-49-46-48|36-62-19-10-35-77|5-99-94|33-29-81-78-34-68-24-80|45-47-8-18|72-2-21-73-41-22-26|65-71-9-50
293,15,1550.691,360.0904,58.0,221.9928,0,15,48.517476,48.567669,True,33-29-79-81-3-50-77|2-21-75-22-41-26|65-71-9-78-34-68-24-80|47-36-19-8-60-89|95-15-57-87-37-97-13-58|45-82-7-88-90-10-32-70|59-92-98-16-61-85-84-17|42-14-44-38-86-43-91|28-76-12-54-55-25|72-73-40-6-96-93-100|83-5-99-94-53|39-23-67-56-74-4|63-11-64-49-46-48|69-31-30-51-66-20-1|27-52-62-18-35
294,17,1551.1912,516.4625,69.0,210.9626,0,17,48.667536,48.74138,True,28-12-76-79-78-34-35-1|2-15-57-43-91-93|59-92-16-61-99-6|42-14-44-38-86-17-60-89|72-39-23-67-55-25|69-30-51-50-3-68-77|21-75-22-56-4-54|27-31-62-88|33-65-71-66-20-32-70|47-36-19-49-46-48|63-64-11-90-10|83-52-94-87-97-37-100|95-98-18-85-96-13|40-73-41-74-58|82-7-53-26|5-45-8-84|29-9-81-24-80
295,17,1551.1912,516.4625,69.0,210.9626,0,17,48.667536,48.74138,True,28-12-76-79-78-34-35-1|2-15-57-43-91-93|59-92-16-61-99-6|42-14-44-38-86-17-60-89|72-39-23-67-55-25|69-30-51-50-3-68-77|21-75-22-56-4-54|27-31-62-88|33-65-71-66-20-32-70|47-36-19-49-46-48|63-64-11-90-10|83-52-94-87-97-37-100|95-98-18-85-96-13|40-73-41-74-58|82-7-53-26|5-45-8-84|29-9-81-24-80
296,16,1551.2376,448.5294,76.0,205.6319,0,16,48.681428,48.744697,True,33-29-79-81-3-68-24-80|65-71-9-78-34-35|47-36-19-8-89|72-2-15-57-87-97-13|45-82-7-88-90-10-32-70|59-92-98-16-61-85-84-17-60|42-14-44-38-86-91-100|95-94-6-96-37-93|83-5-99-53|63-11-64-49-46-48|69-31-30-51-66-20-1|27-52-62-18-50-77|39-23-75-73-56-74-4|21-40-22-41-43-58|28-76-12-26|67-54-55-25
297,16,1551.2376,448.5294,76.0,205.6319,0,16,48.681428,48.744697,True,33-29-79-81-3-68-24-80|65-71-9-78-34-35|47-36-19-8-89|72-2-15-57-87-97-13|45-82-7-88-90-10-32-70|59-92-98-16-61-85-84-17-60|42-14-44-38-86-91-100|95-94-6-96-37-93|83-5-99-53|63-11-64-49-46-48|69-31-30-51-66-20-1|27-52-62-18-50-77|39-23-75-73-56-74-4|21-40-22-41-43-58|28-76-12-26|67-54-55-25
298,15,1551.4244,265.5644,77.0,224.9512,0,15,48.737489,48.776067,True,95-98-15-57-87-37-97-13-58|83-82-7-88-90-32-70|59-92-16-85-61-84-17-60-89|42-14-44-38-86-43-100-91|28-12-76-3-54-55-25|72-21-73-40-6-96-93|27-69-31-30-51-20-66-1|39-75-23-67-56-74-4|63-11-64-49-46-48|36-62-19-10-35-77|45-47-8-18|52-99-94-53|33-29-79-78-34-68-24-80|5-2-41-22-26|65-71-9-81-50
299,15,1553.911,281.752,73.0,224.9512,0,15,49.48347,49.524822,True,95-98-15-57-87-37-97-13-58|83-82-7-88-90-32-70|59-92-16-85-61-84-17-60-89|42-14-44-38-86-43-100-91|12-76-79-3-54-55-25|72-21-73-40-6-96-93|27-69-31-30-51-20-66-1|39-23-67-56-74-4|63-11-64-49-46-48|36-62-19-10-35-77|45-47-8-18|52-99-94-53|28-29-81-78-34-68-24-80|5-2-75-22-41-26|33-65-71-9-50
300,15,1553.911,281.752,73.0,224.9512,0,15,49.48347,49.524822,True,95-98-15-57-87-37-97-13-58|83-82-7-88-90-32-70|59-92-16-85-61-84-17-60-89|42-14-44-38-86-43-100-91|12-76-79-3-54-55-25|72-21-73-40-6-96-93|27-69-31-30-51-20-66-1|39-23-67-56-74-4|63-11-64-49-46-48|36-62-19-10-35-77|45-47-8-18|52-99-94-53|28-29-81-78-34-68-24-80|5-2-75-22-41-26|33-65-71-9-50
301,15,1554.9373,251.9432,77.0,213.8455,0,15,49.791348,49.82727,True,95-98-15-57-87-37-97-13-58|83-82-7-88-90-32-70|59-92-16-85-61-84-17-60-89|42-14-44-38-86-43-100-91|28-12-76-79-3-54-55-25|72-21-73-40-6-96-93|27-69-31-30-66-35-1|39-75-23-67-56-74-4|63-11-64-49-46-48|36-62-19-10-20-77|45-47-8-18|52-99-94-53|33-29-81-78-34-68-24-80|5-2-41-22-26|65-71-9-51-50
302,15,1554.9373,251.9432,77.0,213.8455,0,15,49.791348,49.82727,True,95-98-15-57-87-37-97-13-58|83-82-7-88-90-32-70|59-92-16-85-61-84-17-60-89|42-14-44-38-86-43-100-91|28-12-76-79-3-54-55-25|72-21-73-40-6-96-93|27-69-31-30-66-35-1|39-75-23-67-56-74-4|63-11-64-49-46-48|36-62-19-10-20-77|45-47-8-18|52-99-94-53|33-29-81-78-34-68-24-80|5-2-41-22-26|65-71-9-51-50
303,16,1557.3257,439.662,70.0,213.7748,0,16,50.507861,50.572247,True,83-45-61-16-85-93|39-75-23-67-55-25|27-19-64-10-32-1|33-30-51-79-3-68-24-80|52-88-7-18-60-89|92-42-14-44-86-84-17|2-15-57-87-26-74-58|72-21-73-41-22-56-4-54|63-11-62-90-66-20-70|69-76-40-97-37-100-91|28-12-29-78-34-35-77|65-71-9-81-50|95-59-99-94-53|5-98-38-43-13|47-36-49-46-48|31-82-8-6-96
304,16,1557.3257,439.662,70.0,213.7748,0,16,50.507861,50.572247,True,83-45-61-16-85-93|39-75-23-67-55-25|27-19-64-10-32-1|33-30-51-79-3-68-24-80|52-88-7-18-60-89|92-42-14-44-86-84-17|2-15-57-87-26-74-58|72-21-73-41-22-56-4-54|63-11-62-90-66-20-70|69-76-40-97-37-100-91|28-12-29-78-34-35-77|65-71-9-81-50|95-59-99-94-53|5-98-38-43-13|47-36-49-46-48|31-82-8-6-96
305,15,1557.9853,282.0831,71.0,224.9512,0,15,50.705741,50.748165,True,95-98-15-57-87-37-97-13|83-82-7-88-90-32-70|59-92-16-85-61-84-17-60-89|42-14-44-38-86-43-100-91|28-12-76-79-3-54-55-25|72-21-73-40-6-96-93|27-69-31-30-51-20-66-1|39-75-23-67-56-4|63-11-64-49-46-48|36-62-19-10-35-77|52-99-94-53|33-29-81-78-34-68-24-80|45-47-8-18|5-2-41-22-74-58|65-71-9-50-26
306,15,1557.9853,282.0831,71.0,224.9512,0,15,50.705741,50.748165,True,95-98-15-57-87-37-97-13|83-82-7-88-90-32-70|59-92-16-85-61-84-17-60-89|42-14-44-38-86-43-100-91|28-12-76-79-3-54-55-25|72-21-73-40-6-96-93|27-69-31-30-51-20-66-1|39-75-23-67-56-4|63-11-64-49-46-48|36-62-19-10-35-77|52-99-94-53|33-29-81-78-34-68-24-80|45-47-8-18|5-2-41-22-74-58|65-71-9-50-26
307,15,1559.1675,193.0929,100.0,224.2417,0,15,51.060398,51.092622,True,95-52-87-57-37-97-13-58|83-82-7-88-90-10-1|59-92-98-16-61-85-84-17-60-89|27-28-12-76-3-54-55-25|39-75-23-67-56-74-4|42-14-44-38-86-43-100-91-93|65-71-9-78-34-35-77|69-31-30-51-20-66-32-70|33-29-79-81-50-68-24-80|72-15-73-22-41-26|5-18-99-94-96|63-11-64-49-46-48|36-62-19|2-21-40-53|45-47-8-6
308,15,1559.295,201.7449,99.0,224.2417,0,15,51.098657,51.132117,True,65-71-9-78-34-68-24-80|95-52-87-57-37-97-13-58|83-82-7-88-90-10-32-70|59-92-98-16-61-85-84-17-60-89|63-11-64-49-46-48|27-28-12-76-3-54-55-25|39-75-23-67-56-74-4|42-14-44-38-86-43-100-91-93|69-31-30-51-66-20-1|72-29-79-81-50-35-77|45-5-99-94-6-96|33-62-18|2-15-41-22-26|47-36-19-8|21-73-40-53
309,15,1559.295,201.7449,99.0,224.2417,0,15,51.098657,51.132117,True,65-71-9-78-34-68-24-80|95-52-87-57-37-97-13-58|83-82-7-88-90-10-32-70|59-92-98-16-61-85-84-17-60-89|63-11-64-49-46-48|27-28-12-76-3-54-55-25|39-75-23-67-56-74-4|42-14-44-38-86-43-100-91-93|69-31-30-51-66-20-1|72-29-79-81-50-35-77|45-5-99-94-6-96|33-62-18|2-15-41-22-26|47-36-19-8|21-73-40-53
310,15,1560.0391,237.0051,83.0,224.2417,0,15,51.321904,51.359276,True,33-29-79-81-35-77|65-71-9-78-34-68-24-80|95-52-87-57-37-97-13-58|83-82-7-88-90-10-32-70|59-92-98-16-61-85-84-17-60-89|63-11-64-49-46-48|28-12-76-3-54-55-25|39-75-23-67-56-74-4|72-15-73-22-41-26|42-14-44-38-86-43-100-91-93|45-5-99-18-6|27-31-69-50|2-21-40-53-94-96|47-36-19-8|62-30-51-66-20-1
311,15,1560.0391,237.0051,83.0,224.2417,0,15,51.321904,51.359276,True,33-29-79-81-35-77|65-71-9-78-34-68-24-80|95-52-87-57-37-97-13-58|83-82-7-88-90-10-32-70|59-92-98-16-61-85-84-17-60-89|63-11-64-49-46-48|28-12-76-3-54-55-25|39-75-23-67-56-74-4|72-15-73-22-41-26|42-14-44-38-86-43-100-91-93|45-5-99-18-6|27-31-69-50|2-21-40-53-94-96|47-36-19-8|62-30-51-66-20-1
312,15,1560.2448,188.6058,108.0,224.2417,0,15,51.383616,51.416289,True,65-71-9-78-34-68-24-80|95-52-87-57-37-97-13-58|59-92-98-16-61-85-84-17-60-89|63-11-64-49-46-48|27-28-12-76-3-54-55-25|39-75-23-67-56-74-4|42-14-44-38-86-43-100-91-93|72-15-73-22-41-26|69-31-30-51-66-20-1|33-29-79-81-50-35-77|45-5-99-94-6-96|83-47-19-90-10-32-70|2-21-40-53|36-82-18|62-88-7-8
313,15,1560.6947,250.9348,77.0,224.9512,0,15,51.518586,51.557751,True,92-98-15-57-87-37-97-13-58|83-82-7-88-90-32-70|59-16-85-61-84-17-60-89|42-14-44-38-86-43-100-91|28-12-76-79-3-54-55-25|72-21-73-40-6-96-93|27-69-31-30-51-20-66-1|39-75-23-67-56-74-4|63-11-64-49-46-48|36-62-19-10-35-77|52-99-94-53|33-29-81-78-34-68-24-80|45-47-8-18|5-95-2-41-22-26|65-71-9-50
314,15,1561.5988,250.0307,81.0,224.9512,0,15,51.789816,51.829516,True,59-98-15-57-87-37-97-13-58|83-82-7-88-90-32-70|92-16-85-61-84-17-60-89|42-14-44-38-86-43-100-91|28-12-76-79-3-54-55-25|72-21-73-40-6-96-93|27-69-31-30-51-20-66-1|39-75-23-67-56-74-4|63-11-64-49-46-48|36-62-19-10-35-77|45-47-8-18|52-99-94-53|33-29-81-78-34-68-24-80|5-95-2-41-22-26|65-71-9-50
315,15,1561.5988,250.0307,81.0,224.9512,0,15,51.789816,51.829516,True,59-98-15-57-87-37-97-13-58|83-82-7-88-90-32-70|92-16-85-61-84-17-60-89|42-14-44-38-86-43-100-91|28-12-76-79-3-54-55-25|72-21-73-40-6-96-93|27-69-31-30-51-20-66-1|39-75-23-67-56-74-4|63-11-64-49-46-48|36-62-19-10-35-77|45-47-8-18|52-99-94-53|33-29-81-78-34-68-24-80|5-95-2-41-22-26|65-71-9-50
316,15,1562.0324,249.8665,77.0,224.9512,0,15,51.919873,51.959279,True,95-98-15-57-87-37-97-13-58|83-82-7-88-90-32-70|92-16-85-61-84-17-60-89|42-14-44-38-86-43-100-91|28-12-76-79-3-54-55-25|72-21-73-40-6-96-93|27-69-31-30-51-20-66-1|39-75-23-67-56-74-4|63-11-64-49-46-48|36-62-19-10-35-77|52-99-94-53|33-29-81-78-34-68-24-80|45-47-8-18|5-59-2-41-22-26|65-71-9-50
317,15,1562.0324,249.8665,77.0,224.9512,0,15,51.919873,51.959279,True,95-98-15-57-87-37-97-13-58|83-82-7-88-90-32-70|92-16-85-61-84-17-60-89|42-14-44-38-86-43-100-91|28-12-76-79-3-54-55-25|72-21-73-40-6-96-93|27-69-31-30-51-20-66-1|39-75-23-67-56-74-4|63-11-64-49-46-48|36-62-19-10-35-77|52-99-94-53|33-29-81-78-34-68-24-80|45-47-8-18|5-59-2-41-22-26|65-71-9-50
318,15,1562.6488,212.7878,87.0,224.2417,0,15,52.104801,52.139723,True,33-29-79-81-50-35-77|65-71-9-78-34-68-24-80|95-52-87-57-37-97-13-58|83-82-7-88-90-10-32-70|59-92-98-16-61-85-84-17-60-89|63-11-64-49-46-48|27-28-12-76-3-54-55-25|39-75-23-67-56-74-4|42-14-44-38-86-43-100-91-93|2-21-40-53-94-96|45-5-99-6|72-15-73-22-41-26|69-31-62-18|47-36-19-8|30-51-66-20-1
319,15,1562.6488,212.7878,87.0,224.2417,0,15,52.104801,52.139723,True,33-29-79-81-50-35-77|65-71-9-78-34-68-24-80|95-52-87-57-37-97-13-58|83-82-7-88-90-10-32-70|59-92-98-16-61-85-84-17-60-89|63-11-64-49-46-48|27-28-12-76-3-54-55-25|39-75-23-67-56-74-4|42-14-44-38-86-43-100-91-93|2-21-40-53-94-96|45-5-99-6|72-15-73-22-41-26|69-31-62-18|47-36-19-8|30-51-66-20-1
320,15,1563.4041,245.1504,77.0,224.9512,0,15,52.331398,52.370508,True,95-98-15-57-87-37-97-13-58|83-82-7-88-90-32-70|59-92-16-85-61-84-17-60-89|42-14-44-38-86-43-100-91|28-12-76-79-3-54-55-25|72-21-73-40-6-96-93|27-69-31-30-51-20-66-1|39-75-23-67-56-74-4|63-11-64-49-46-48|36-62-19-10-35-77|45-47-8-18|52-99-94-53|33-29-81-78-34-68-24-80|5-2-41-22-26|65-71-9-50
321,15,1563.4041,245.1504,77.0,224.9512,0,15,52.331398,52.370508,True,95-98-15-57-87-37-97-13-58|83-82-7-88-90-32-70|59-92-16-85-61-84-17-60-89|42-14-44-38-86-43-100-91|28-12-76-79-3-54-55-25|72-21-73-40-6-96-93|27-69-31-30-51-20-66-1|39-75-23-67-56-74-4|63-11-64-49-46-48|36-62-19-10-35-77|45-47-8-18|52-99-94-53|33-29-81-78-34-68-24-80|5-2-41-22-26|65-71-9-50
322,15,1563.4041,245.1504,77.0,224.9512,0,15,52.331398,52.370508,True,95-98-15-57-87-37-97-13-58|83-82-7-88-90-32-70|59-92-16-85-61-84-17-60-89|42-14-44-38-86-43-100-91|28-12-76-79-3-54-55-25|72-21-73-40-6-96-93|27-69-31-30-51-20-66-1|39-75-23-67-56-74-4|63-11-64-49-46-48|36-62-19-10-35-77|45-47-8-18|52-99-94-53|33-29-81-78-34-68-24-80|5-2-41-22-26|65-71-9-50
323,15,1565.3698,218.1488,83.0,227.1516,0,15,52.921088,52.957668,True,95-98-15-57-87-37-97-13-58|83-82-7-88-90-32-70|59-92-16-85-61-84-17-60-89|42-14-44-38-86-43-100-91-93|28-12-76-79-3-55-54|72-21-73-40-6-96|27-69-31-30-51-20-66-1|39-75-23-67-56-74-4-25|63-11-64-49-46-48|36-62-19-10-35-77|52-99-94-53|33-29-81-78-34-68-24-80|45-47-8-18|5-2-41-22-26|65-71-9-50
324,15,1565.3698,218.1488,83.0,227.1516,0,15,52.921088,52.957668,True,95-98-15-57-87-37-97-13-58|83-82-7-88-90-32-70|59-92-16-85-61-84-17-60-89|42-14-44-38-86-43-100-91-93|28-12-76-79-3-55-54|72-21-73-40-6-96|27-69-31-30-51-20-66-1|39-75-23-67-56-74-4-25|63-11-64-49-46-48|36-62-19-10-35-77|52-99-94-53|33-29-81-78-34-68-24-80|45-47-8-18|5-2-41-22-26|65-71-9-50
325,15,1566.3815,249.7041,72.0,224.9512,0,15,53.224623,53.264809,True,95-98-15-57-87-37-97-13-58|83-82-7-88-90-32-70|59-92-16-85-61-84-17-60-89|42-14-44-38-86-43-100-91|28-12-76-79-3-54-55-25|72-21-73-40-6-96-93|69-31-30-51-66-20-1|39-75-23-67-56-74-4|63-11-64-49-46-48|36-62-19-10-35-77|45-47-8-18|27-52-99-94-53|5-2-41-22-26|65-71-9-34-50|33-29-78-81-68-24-80
326,15,1566.3815,249.7041,72.0,224.9512,0,15,53.224623,53.264809,True,95-98-15-57-87-37-97-13-58|83-82-7-88-90-32-70|59-92-16-85-61-84-17-60-89|42-14-44-38-86-43-100-91|28-12-76-79-3-54-55-25|72-21-73-40-6-96-93|69-31-30-51-66-20-1|39-75-23-67-56-74-4|63-11-64-49-46-48|36-62-19-10-35-77|45-47-8-18|27-52-99-94-53|5-2-41-22-26|65-71-9-34-50|33-29-78-81-68-24-80
327,15,1566.8903,228.1129,79.0,224.9512,0,15,53.377243,53.415043,True,83-82-7-88-90-32-70|59-92-98-16-61-99-84-17-60-89|42-14-44-38-86-43-100-91-93|28-12-76-79-3-54-55-25|27-69-31-30-51-20-66-1|72-39-23-67-56-74-4|63-11-64-49-46-48|36-62-19-10-35-77|45-47-8-18|52-85-53|33-29-81-78-34-68-24-80|5-95-40-73-41-26|65-71-9-50|21-75-22-57-37-97-13-58|2-15-87-94-6-96
328,15,1566.8903,228.1129,79.0,224.9512,0,15,53.377243,53.415043,True,83-82-7-88-90-32-70|59-92-98-16-61-99-84-17-60-89|42-14-44-38-86-43-100-91-93|28-12-76-79-3-54-55-25|27-69-31-30-51-20-66-1|72-39-23-67-56-74-4|63-11-64-49-46-48|36-62-19-10-35-77|45-47-8-18|52-85-53|33-29-81-78-34-68-24-80|5-95-40-73-41-26|65-71-9-50|21-75-22-57-37-97-13-58|2-15-87-94-6-96
329,15,1567.1379,178.3105,110.0,224.2417,0,15,53.451533,53.484931,True,95-52-87-57-37-97-13-58|83-82-7-90-10-1|59-92-98-16-61-85-84-17-60-89|63-11-64-49-46-48|27-28-76-78-3-54-55-25|39-75-23-67-56-74-4|5-45-18-99-94-96|72-2-21-73-41-22-26|42-14-44-38-86-43-100-91-93|69-31-30-51-20-66-32-70|33-12-29-79-50-68-24-80|47-36-19-8|62-88-6|65-71-9-81-34-35-77|15-40-53
330,15,1567.2999,188.6058,104.0,224.2417,0,15,53.500138,53.534529,True,65-71-9-78-34-68-24-80|95-52-87-57-37-97-13-58|59-92-98-16-61-85-84-17-60-89|63-11-64-49-46-48|27-28-12-76-3-54-55-25|39-75-23-67-56-74-4|42-14-44-38-86-43-100-91-93|72-15-73-22-41-26|69-31-30-51-66-20-1|33-29-79-81-50-35-77|45-5-99-94-6-96|83-47-19-90-10-32-70|2-21-40-53|36-82-7-18|62-88-8
331,16,1570.0345,352.1913,107.0,211.2485,0,16,54.320523,54.378922,True,33-29-79-81-34-35-77|12-78-68-24-80|95-87-57-97-13-58|83-82-7-88-90-10-32-70|59-92-98-16-61-85-84-17-60-89|42-14-44-38-86-43-91|63-11-64-49-46-48|28-27-69-76-3-54-55-25|52-31-30-66-20-1|72-21-73-40-6-96-37-100-93|5-99-94-53|47-62-19-8|2-15-41-22-26|45-36-18|39-75-23-67-56-74-4|65-71-9-51-50
332,16,1570.0345,352.1913,107.0,211.2485,0,16,54.320523,54.378922,True,33-29-79-81-34-35-77|12-78-68-24-80|95-87-57-97-13-58|83-82-7-88-90-10-32-70|59-92-98-16-61-85-84-17-60-89|42-14-44-38-86-43-91|63-11-64-49-46-48|28-27-69-76-3-54-55-25|52-31-30-66-20-1|72-21-73-40-6-96-37-100-93|5-99-94-53|47-62-19-8|2-15-41-22-26|45-36-18|39-75-23-67-56-74-4|65-71-9-51-50
333,15,1570.1929,248.9353,68.0,224.9512,0,15,54.368042,54.408856,True,95-98-15-57-87-37-97-13-58|83-82-7-88-90-32-70|59-92-16-85-61-84-17-60-89|42-14-44-38-86-43-100-91|28-12-76-79-3-54-55-25|72-73-21-40-53-96-93|27-69-31-30-66-20-1|36-62-19-10-35-77|33-29-81-78-34-68-24-80|65-71-9-51-50|5-52-99-94-6|39-67-22-56-74-4|63-11-64-49-46-48|2-75-23-41-26|45-47-8-18
334,15,1570.1929,248.9353,68.0,224.9512,0,15,54.368042,54.408856,True,95-98-15-57-87-37-97-13-58|83-82-7-88-90-32-70|59-92-16-85-61-84-17-60-89|42-14-44-38-86-43-100-91|28-12-76-79-3-54-55-25|72-73-21-40-53-96-93|27-69-31-30-66-20-1|36-62-19-10-35-77|33-29-81-78-34-68-24-80|65-71-9-51-50|5-52-99-94-6|39-67-22-56-74-4|63-11-64-49-46-48|2-75-23-41-26|45-47-8-18
335,15,1571.5448,182.7087,108.0,224.2417,0,15,54.773588,54.808768,True,33-29-79-81-50-35-77|65-71-9-78-34-68-24-80|95-52-87-57-37-97-13-58|83-82-7-88-90-10-32-70|59-92-98-16-61-85-84-17-60-89|63-11-64-49-46-48|27-28-12-76-3-54-55-25|39-75-23-67-56-74-4|72-15-73-22-41-26|42-14-44-38-86-43-100-91-93|45-5-99-18-6|31-69|2-21-40-53-94-96|47-36-19-8|62-30-51-66-20-1
336,15,1571.8973,170.3027,133.0,224.2417,0,15,54.879364,54.915289,True,95-52-87-57-37-97-13-58|83-82-7-88-90-10-1|59-92-98-16-61-85-84-17-60-89|63-11-64-49-46-48|27-28-12-76-3-54-55-25|39-75-23-67-56-74-4|47-62-19-8|5-45-18-99-94-96|72-15-73-22-41-26|42-14-44-38-86-43-100-91-93|2-21-40-53|36-6|65-71-9-78-34-35-77|69-31-30-51-20-66-32-70|33-29-79-81-50-68-24-80
337,15,1572.8365,235.5601,78.0,224.9512,0,15,55.161121,55.201722,True,95-42-15-57-87-43-13-58|83-82-7-88-90-32-70|28-12-76-79-3-54-55-25|72-21-73-40-6-96-37-100-91-93|27-69-31-30-51-20-66-1|39-75-23-67-56-74-4|63-11-64-49-46-48|36-62-19-10-35-77|52-99-94-53|33-29-81-78-34-68-24-80|45-47-8-18-97|5-92-2-41-22-26|65-71-9-50|98-16-61-85-84|59-14-44-38-86-17-60-89
338,15,1572.8365,235.5601,78.0,224.9512,0,15,55.161121,55.201722,True,95-42-15-57-87-43-13-58|83-82-7-88-90-32-70|28-12-76-79-3-54-55-25|72-21-73-40-6-96-37-100-91-93|27-69-31-30-51-20-66-1|39-75-23-67-56-74-4|63-11-64-49-46-48|36-62-19-10-35-77|52-99-94-53|33-29-81-78-34-68-24-80|45-47-8-18-97|5-92-2-41-22-26|65-71-9-50|98-16-61-85-84|59-14-44-38-86-17-60-89
339,15,1580.6204,238.492,81.0,221.9928,0,15,57.496286,57.539518,True,33-29-79-81-50-35-77|65-71-9-78-34-68-24-80|21-73-40-57-37-97-13-58|83-82-7-88-90-10-32-70|59-92-16-85-61-84-17-60-89|27-28-12-76-3-54-55-25|69-31-30-51-66-20-1|39-75-23-67-56-74-4|72-2-15-22-41-43|42-14-44-38-86-91-100-93|5-52-18-6-94|63-11-64-49-46-48|36-62-53-26|45-47-19-8|95-98-99-87-96
340,15,1580.6204,238.492,81.0,221.9928,0,15,57.496286,57.539518,True,33-29-79-81-50-35-77|65-71-9-78-34-68-24-80|21-73-40-57-37-97-13-58|83-82-7-88-90-10-32-70|59-92-16-85-61-84-17-60-89|27-28-12-76-3-54-55-25|69-31-30-51-66-20-1|39-75-23-67-56-74-4|72-2-15-22-41-43|42-14-44-38-86-91-100-93|5-52-18-6-94|63-11-64-49-46-48|36-62-53-26|45-47-19-8|95-98-99-87-96
341,16,1582.8003,410.4956,65.0,214.3562,0,16,58.150245,58.217486,True,59-92-16-44-38-43-100|39-21-73-41-22-74-25|53-40-26-54-24-80|72-75-23-67-56-55-4|28-12-29-79-78-68|27-69-30-71-66-20-32-70|63-31-88-90-10|62-11-64-49-48|47-36-19-8-46|45-83-82-7-18|95-14-99-94-96-37-91-93|42-2-15-57-87-97-13-58|5-61-86-84-17-60-89|33-76-81-3-34-35-77|52-98-85-6|65-9-51-50-1
342,16,1582.8003,410.4956,65.0,214.3562,0,16,58.150245,58.217486,True,59-92-16-44-38-43-100|39-21-73-41-22-74-25|53-40-26-54-24-80|72-75-23-67-56-55-4|28-12-29-79-78-68|27-69-30-71-66-20-32-70|63-31-88-90-10|62-11-64-49-48|47-36-19-8-46|45-83-82-7-18|95-14-99-94-96-37-91-93|42-2-15-57-87-97-13-58|5-61-86-84-17-60-89|33-76-81-3-34-35-77|52-98-85-6|65-9-51-50-1
343,15,1584.6536,223.0388,97.0,213.7748,0,15,58.706243,58.748734,True,95-98-15-57-87-37-97-13-58|83-82-7-88-90-10-32-70|59-92-16-85-61-84-17-60-89|42-14-44-38-86-43-100-91|28-12-76-79-3-54-55-25|72-21-73-40-6-96-93|27-69-31-30-51-20-66-1|39-75-23-67-56-74-4|63-11-64-49-46-48|5-2-41-22-26-24-80|65-71-78-81-50-68|62-18-99-94|33-29-9-34-35-77|47-36-19-8|45-52-53
344,15,1584.6536,223.0388,97.0,213.7748,0,15,58.706243,58.748734,True,95-98-15-57-87-37-97-13-58|83-82-7-88-90-10-32-70|59-92-16-85-61-84-17-60-89|42-14-44-38-86-43-100-91|28-12-76-79-3-54-55-25|72-21-73-40-6-96-93|27-69-31-30-51-20-66-1|39-75-23-67-56-74-4|63-11-64-49-46-48|5-2-41-22-26-24-80|65-71-78-81-50-68|62-18-99-94|33-29-9-34-35-77|47-36-19-8|45-52-53
345,15,1586.1617,187.5357,104.0,224.2417,0,15,59.158667,59.198556,True,65-71-9-78-34-68-24-80|95-52-87-57-37-97-13-58|83-82-7-88-90-10-32-70|59-92-98-16-61-85-84-17-60-89|63-11-64-49-46-48|27-28-12-76-3-54-55-25|39-75-23-67-56-74-4|72-15-73-22-41-26|42-14-44-38-86-43-100-91-93|2-21-40-53-94-96|45-5-99-6|33-31-30-51-66-20-1|69-62-18|47-36-19-8|29-79-81-50-35-77
346,16,1590.4568,408.5154,70.0,213.7748,0,16,60.447208,60.516862,True,83-45-61-16-85-93|31-82-8-6|5-98-38-94-96|39-75-23-67-55-25|27-19-64-10-32-1|33-30-51-79-3-68-24-80|52-88-7-18-60-89|42-14-44-86-84-17|2-15-57-26-74-58|72-21-73-41-22-56-4-54|63-11-62-90-66-20-70|47-36-49-46-48|69-76-40-53-97-37-100-91|28-12-29-78-34-35-77|92-95-59-99-87-43-13|65-71-9-81-50
347,16,1590.4568,408.5154,70.0,213.7748,0,16,60.447208,60.516862,True,83-45-61-16-85-93|31-82-8-6|5-98-38-94-96|39-75-23-67-55-25|27-19-64-10-32-1|33-30-51-79-3-68-24-80|52-88-7-18-60-89|42-14-44-86-84-17|2-15-57-26-74-58|72-21-73-41-22-56-4-54|63-11-62-90-66-20-70|47-36-49-46-48|69-76-40-53-97-37-100-91|28-12-29-78-34-35-77|92-95-59-99-87-43-13|65-71-9-81-50
348,15,1594.5433,177.9056,114.0,224.2417,0,15,61.673152,61.715111,True,33-29-79-81-50-35-77|65-71-9-78-34-68-24-80|95-52-87-57-37-97-13-58|83-82-7-88-90-10-32-70|59-92-98-16-61-85-84-17-60-89|63-11-64-49-46-48|27-28-12-76-3-54-55-25|69-31-30-51-66-20-1|47-62-19-8|39-75-23-67-56-74-4|36-18-99-94-96|72-15-73-22-41-26|42-14-44-38-86-43-100-91-93|45-5-6-53|2-21-40
349,15,1595.7113,236.5505,82.0,224.2417,0,15,62.023557,62.071462,True,28-12-29-79-50-35-77|33-65-71-9-34-68-24-80|95-52-87-57-37-97-13-58|83-82-7-88-90-10-32-70|59-92-98-16-61-85-84-17-60-89|63-11-64-49-48|27-76-78-3-54-55-25|39-75-23-67-56-74-4|72-15-73-22-41-26|42-14-44-38-86-43-100-91-93|5-45-18-99-6|69-31-81|2-21-40-53-94-96|47-36-19-8-46|62-30-51-66-20-1
350,15,1595.7113,236.5505,82.0,224.2417,0,15,62.023557,62.071462,True,28-12-29-79-50-35-77|33-65-71-9-34-68-24-80|95-52-87-57-37-97-13-58|83-82-7-88-90-10-32-70|59-92-98-16-61-85-84-17-60-89|63-11-64-49-48|27-76-78-3-54-55-25|39-75-23-67-56-74-4|72-15-73-22-41-26|42-14-44-38-86-43-100-91-93|5-45-18-99-6|69-31-81|2-21-40-53-94-96|47-36-19-8-46|62-30-51-66-20-1
351,15,1596.2951,186.0417,102.0,224.2417,0,15,62.198703,62.241208,True,33-29-79-81-50-35-77|65-71-9-78-34-68-24-80|95-52-87-57-37-97-13-58|83-82-7-88-90-10-32-70|59-92-98-16-61-85-84-17-60-89|27-28-12-76-3-54-55-25|39-75-23-67-56-74-4|42-14-44-38-86-43-100-91-93|2-21-40-53-94-96|69-31-30-51-66-20-1|47-99-6|72-15-73-22-41-26|63-11-64-49-46-48|36-62-19|5-45-8-18
352,15,1596.2951,186.0417,102.0,224.2417,0,15,62.198703,62.241208,True,33-29-79-81-50-35-77|65-71-9-78-34-68-24-80|95-52-87-57-37-97-13-58|83-82-7-88-90-10-32-70|59-92-98-16-61-85-84-17-60-89|27-28-12-76-3-54-55-25|39-75-23-67-56-74-4|42-14-44-38-86-43-100-91-93|2-21-40-53-94-96|69-31-30-51-66-20-1|47-99-6|72-15-73-22-41-26|63-11-64-49-46-48|36-62-19|5-45-8-18
353,15,1599.0646,172.9785,103.0,224.2417,0,15,63.029542,63.071018,True,33-29-79-81-50-35-77|65-71-9-78-34-68-24-80|95-52-87-57-37-97-13-58|83-82-7-88-90-10-32-70|59-92-98-16-61-85-84-17-60-89|63-11-64-49-46-48|27-28-12-76-3-54-55-25|39-75-23-67-56-74-4|36-18-99-94-96|42-14-44-38-86-43-100-91-93|72-21-73-41-22-26|45-62-19|5-47-8-6|69-31-30-51-66-20-1|2-15-40-53
354,15,1602.3872,182.3828,101.0,224.2417,0,15,64.026314,64.069997,True,33-29-79-81-9-35-77|65-71-78-34-68-24-80|95-52-87-57-37-97-13-58|83-82-7-88-90-10-32-70|59-92-98-16-61-85-84-17-60-89|63-11-64-49-46-48|27-28-12-76-3-54-55-25|69-31-30-51-66-20-1|39-75-23-67-56-74-4|36-18-99-94-96|72-15-73-22-41-26|42-14-44-38-86-43-100-91-93|45-5-6-53|2-21-40-50|47-62-19-8
355,15,1602.3872,182.3828,101.0,224.2417,0,15,64.026314,64.069997,True,33-29-79-81-9-35-77|65-71-78-34-68-24-80|95-52-87-57-37-97-13-58|83-82-7-88-90-10-32-70|59-92-98-16-61-85-84-17-60-89|63-11-64-49-46-48|27-28-12-76-3-54-55-25|69-31-30-51-66-20-1|39-75-23-67-56-74-4|36-18-99-94-96|72-15-73-22-41-26|42-14-44-38-86-43-100-91-93|45-5-6-53|2-21-40-50|47-62-19-8
356,20,1606.1949,995.6432,101.0,205.559,0,20,99.189533,99.355045,True,5-83-18|63-11-64-49-46-60-89|82-47-19-48|69-30-51-20-32-70|65-71-9-66-35-1|72-39-23-67-56-55-25|53-40-26-54-4|45-36-8-84|59-61-16-86-17|52-7-88|15-41-57-58|27-31-62-90-10|21-73-75-22-74-13|92-98-85-93|42-14-44-38-43-100|2-87-97-37-91|95-99-94-6-96|28-76-79-3-50-77|12-29-24-80|33-81-78-34-68
357,15,1616.3073,207.1141,98.0,224.2417,0,15,68.202352,68.253621,True,33-29-79-81-50-35-77|65-71-9-78-34-68-24-80|95-52-87-57-37-97-13-58|83-82-7-88-90-10-32-70|59-92-98-16-61-85-84-17-60-89|27-28-12-76-3-54-55-25|39-75-23-67-56-74-4|42-14-44-38-86-43-100-91-93|2-21-40-53-94-96|63-62-30-51-66-20-1|45-5-99-18-6|72-15-73-22-41-26|69-31-8-46|47-36-11|19-64-49-48
358,15,1616.3073,207.1141,98.0,224.2417,0,15,68.202352,68.253621,True,33-29-79-81-50-35-77|65-71-9-78-34-68-24-80|95-52-87-57-37-97-13-58|83-82-7-88-90-10-32-70|59-92-98-16-61-85-84-17-60-89|27-28-12-76-3-54-55-25|39-75-23-67-56-74-4|42-14-44-38-86-43-100-91-93|2-21-40-53-94-96|63-62-30-51-66-20-1|45-5-99-18-6|72-15-73-22-41-26|69-31-8-46|47-36-11|19-64-49-48
359,17,1619.3971,393.719,127.0,210.3112,0,17,69.129287,69.210884,True,95-98-15-57-43-37-13-58|83-82-7-88-90-10-32-70|59-92-16-85-61-84-17-60-89|42-14-44-38-86-91-100|28-12-76-79-3-54-55-25|72-73-21-87-97-96-93|27-69-31-30-51-20-66-1|39-75-23-67-56-74-4|63-11-64-49-46-48|36-19-34-35-77|47-62-18|52-99-94-53|33-29-78-68-24-80|5-2-41-22-26|65-71-9-81-50|45-8-6|40
360,17,1619.3971,393.719,127.0,210.3112,0,17,69.129287,69.210884,True,95-98-15-57-43-37-13-58|83-82-7-88-90-10-32-70|59-92-16-85-61-84-17-60-89|42-14-44-38-86-91-100|28-12-76-79-3-54-55-25|72-73-21-87-97-96-93|27-69-31-30-51-20-66-1|39-75-23-67-56-74-4|63-11-64-49-46-48|36-19-34-35-77|47-62-18|52-99-94-53|33-29-78-68-24-80|5-2-41-22-26|65-71-9-81-50|45-8-6|40
361,15,1621.9212,294.951,71.0,221.9928,0,15,69.886522,69.949614,True,33-29-79-81-3-50-77|65-71-9-78-34-68-24-80|42-15-85-57-97-58|45-82-7-88-90-10-32-70|95-59-98-16-61-84-17-91-100|92-14-44-38-86-43-13|63-11-64-49-46-48|28-76-12-40-54-55-25|27-52-62-18-35|83-5-99-6-53|72-21-75-67-56-74-4|69-31-30-51-66-20-1|47-36-19-8-60-89|2-23-41-22-26|39-73-87-94-96-37-93
362,15,1621.9212,294.951,71.0,221.9928,0,15,69.886522,69.949614,True,33-29-79-81-3-50-77|65-71-9-78-34-68-24-80|42-15-85-57-97-58|45-82-7-88-90-10-32-70|95-59-98-16-61-84-17-91-100|92-14-44-38-86-43-13|63-11-64-49-46-48|28-76-12-40-54-55-25|27-52-62-18-35|83-5-99-6-53|72-21-75-67-56-74-4|69-31-30-51-66-20-1|47-36-19-8-60-89|2-23-41-22-26|39-73-87-94-96-37-93
363,15,1625.5853,247.344,79.0,223.9428,0,15,70.985767,71.043909,True,95-98-15-57-87-37-97-13-58|83-82-7-88-90-10-32-70|59-92-16-85-61-84-17-60-89|42-14-44-38-86-43-100-91|28-76-12-6-96-93|27-69-31-30-51-20-66-1|72-39-23-67-56-26|63-11-64-49-46-48|5-2-21-73-41-74-4-25|65-71-81-78-3-68-24-80|62-18-99-94|33-29-79-9-34-35-77|47-36-19-8|45-52-22-55-54|75-40-53-50
364,15,1625.5853,247.344,79.0,223.9428,0,15,70.985767,71.043909,True,95-98-15-57-87-37-97-13-58|83-82-7-88-90-10-32-70|59-92-16-85-61-84-17-60-89|42-14-44-38-86-43-100-91|28-76-12-6-96-93|27-69-31-30-51-20-66-1|72-39-23-67-56-26|63-11-64-49-46-48|5-2-21-73-41-74-4-25|65-71-81-78-3-68-24-80|62-18-99-94|33-29-79-9-34-35-77|47-36-19-8|45-52-22-55-54|75-40-53-50
365,15,1635.2714,201.5711,99.0,226.9776,0,15,73.891597,73.948234,True,33-29-79-81-3-35-77|72-2-21-75-22-41-26|47-36-19-8-60-89|5-95-15-57-87-37-97-13-58|45-82-7-88-90-10-32-70|59-92-98-16-61-85-84-17|42-14-44-38-86-43-100-91-93|62-18-99-94-96|63-11-64-49-46-48|27-23-67-56-74-4-25|52-31-76-50-68|28-69-30-51-66-20-1|83-40-73-55-54|39-12-53-6|65-71-9-78-34-24-80
366,23,1673.5694,1344.0988,98.0,205.559,0,23,151.457876,151.696469,True,5-83-18|94-6|63-11-64-49-46-60-89|82-47-19-48|69-30-51-9-20-32-70|65-71-66-35-1|72-39-23-67-55-25|26-54|45-36-8-84|59-61-16-86-17|52-7-88|53-56-4|15-41-57|27-31-62-90-10|21-73-75-22-74-13|40-58|92-98-85-93|42-14-44-38-43-100|2-87-97-37-91|95-99-96|28-76-79-3-50-77|12-29-24-80|33-81-78-34-68
367,15,1686.5873,171.363,97.0,227.1516,0,15,89.286366,89.353692,True,95-52-87-57-37-97-13-58|83-82-7-88-90-10-32-70|59-92-98-16-61-85-84-17-60-89|63-11-64-49-46-48|47-62-19-8|39-75-23-67-56-74-4-25|36-18-99-94-96|72-15-73-22-41-26|42-14-44-38-86-43-100-91-93|45-5-6|27-2-21-40-53-55|31-69-76-66-20-1|65-30-9-34-35-77|28-12-29-79-78-3-68-24-80|33-71-51-81-50-54
368,15,1686.5873,171.363,97.0,227.1516,0,15,89.286366,89.353692,True,95-52-87-57-37-97-13-58|83-82-7-88-90-10-32-70|59-92-98-16-61-85-84-17-60-89|63-11-64-49-46-48|47-62-19-8|39-75-23-67-56-74-4-25|36-18-99-94-96|72-15-73-22-41-26|42-14-44-38-86-43-100-91-93|45-5-6|27-2-21-40-53-55|31-69-76-66-20-1|65-30-9-34-35-77|28-12-29-79-78-3-68-24-80|33-71-51-81-50-54
369,16,1699.5214,222.5601,86.0,225.8211,0,16,93.166597,93.244484,True,33-29-79-81-9-35-77|65-71-78-34-68-24-80|95-52-87-57-37-97-13-58|83-82-7-88-90-10-32-70|59-92-98-16-61-85-84-17-60-89|63-11-64-49-46-48|27-28-12-76-3-55-54|69-31-30-51-66-20-1|36-18-99-94-96|72-2-15-40-26|42-14-44-38-86-43-100-91-93|45-5-6-53|39-21-50|47-62-19-8|23-75-73-41|67-22-56-74-4-25
370,16,1699.5214,222.5601,86.0,225.8211,0,16,93.166597,93.244484,True,33-29-79-81-9-35-77|65-71-78-34-68-24-80|95-52-87-57-37-97-13-58|83-82-7-88-90-10-32-70|59-92-98-16-61-85-84-17-60-89|63-11-64-49-46-48|27-28-12-76-3-55-54|69-31-30-51-66-20-1|36-18-99-94-96|72-2-15-40-26|42-14-44-38-86-43-100-91-93|45-5-6-53|39-21-50|47-62-19-8|23-75-73-41|67-22-56-74-4-25
371,16,1702.2355,364.0582,73.0,215.5196,0,16,93.980825,94.077906,True,33-29-81-9-66-20-1|5-98-15-57-87-97-13-58|42-14-44-38-86-17-60-89|27-69-30-51-79-3-50|63-11-62-90-32-70|65-71-78-34-35-77|52-82-19-10-68-80|59-45-16-61-84-91-100|95-92-85-99-6-96-37-93|72-21-40-22-41-74|2-75-73-53-24-25|31-88-7-94-43|28-23-67-56-26|39-12-76-54-55-4|83-47-18-8|36-64-49-46-48
372,16,1702.2355,364.0582,73.0,215.5196,0,16,93.980825,94.077906,True,33-29-81-9-66-20-1|5-98-15-57-87-97-13-58|42-14-44-38-86-17-60-89|27-69-30-51-79-3-50|63-11-62-90-32-70|65-71-78-34-35-77|52-82-19-10-68-80|59-45-16-61-84-91-100|95-92-85-99-6-96-37-93|72-21-40-22-41-74|2-75-73-53-24-25|31-88-7-94-43|28-23-67-56-26|39-12-76-54-55-4|83-47-18-8|36-64-49-46-48
373,17,1704.9606,348.6719,119.0,213.7245,0,17,94.798349,94.89857,True,12-76-50-91-100|5-14-44-38-86-17-60-89|83-45-18-6-94|33-29-73-57-37-93|95-98-16-85-99-84-96|92-42-15-75-22-41-74-4-58|72-39-23-67-56-55-25|28-69-30-79-3-68-24-77|63-11-62-90-10-32-70|36-82-7-8-46-48|31-71-78-34-35-80|52-88-51-66-20-1|47-19-64-49|59-61-87-43-97-13|2-21-40-53-26-54|27|65-9-81
374,15,1712.0882,176.0188,92.0,226.9776,0,15,96.93662,97.011769,True,33-29-79-81-3-35-77|72-2-21-75-22-41-26|5-95-15-57-87-37-97-13-58|59-92-98-16-61-85-84-17-60-89|42-14-44-38-86-43-100-91-93|63-11-64-49-46-48|27-23-67-56-74-4-25|28-69-30-51-66-20-1|65-71-9-78-34-68-24-80|83-52-18-99-6-54|45-31-7-8|39-12-76-53-55|36-47-88-90-10-32-70|82-62-19-50|73-40-94-96
375,16,1722.3326,309.2761,70.0,224.2417,0,16,100.009943,100.105844,True,62-30-51-50-24-80|92-14-44-38-86-17-60-89|52-18-99-6-54|2-78-34-3-68-77|95-42-98-61-85-37-43|33-29-73-57-97-100-91-93|59-5-83-16-84-96|15-75-22-55-4-74-58|39-23-67-41-56-25|36-82-7-8-46-48|27-69-31-88-53|28-12-76-81-79-26|65-71-9-20-66-35|45-47-19-49-10-1|72-21-40-87-94-13|63-64-11-90-32-70
376,16,1739.4054,209.1037,94.0,225.8211,0,16,105.131779,105.220413,True,33-29-79-81-9-35-77|65-71-78-34-68-24-80|52-61-94-6|83-82-7-88-90-10-32-70|59-95-92-16-85-99-84-17-60-89|63-11-64-49-46-48|27-28-12-76-3-55-54|69-31-30-51-66-20-1|5-36-18-96|72-2-15-40-26|42-14-44-38-86-43-100-91-93|45-98-87-53|39-21-57-50|47-62-19-8-37|23-75-73-41-97-13-58|67-22-56-74-4-25
377,16,1755.6746,214.148,62.0,224.2417,0,16,110.012536,110.10337,True,59-62-30-51-50-24-80|5-14-44-38-86-17-60|83-52-18-6-94-54|92-2-78-34-3-68-77|42-61-87-43-97-13-89|33-29-73-57-37-100-91-93|95-98-16-85-99-84-96|15-75-22-55-4-74-58|39-23-67-41-56-25|36-82-7-8-46-48|27-69-31-88|28-12-76-81-79-26|65-71-9-20-66-35|45-47-19-49-10-1|72-21-40-53|63-64-11-90-32-70
378,17,1772.1948,335.6116,54.0,225.6396,0,17,114.968602,115.082322,True,69-71-9-50-24-80|59-14-38-86-84-17-60|5-83-52-18-6-94-54|2-78-34-3-68-77|99-87-97-13-89|33-29-12-57-43-100-91-93|95-92-98-44-16-37-96|42-15-75-22-55-4-74-58|39-23-67-41-56-25|36-82-7-8-46-48|65-51-66-35-1|63-11-62-90-10-20-32-70|27-28-76-79-81|72-73-21-40-26|47-19-64-49|45-61-85-53|31-88-30
379,17,1775.5808,376.1951,104.0,213.7245,0,17,115.984405,116.108441,True,12-76-50-91-100|5-14-44-38-86-17-60-89|52-18-6-94|59-61-87-43-97-13|33-29-73-57-37-93|95-98-16-85-99-84-96|92-42-15-75-22-41-74-4-58|72-39-23-67-56-55-25|65-81-51-66-20-1|28-69-30-79-3-35-77|63-11-62-90-10-32-70|83-82-7-8-46-48|45-47-64-49|27-31-88-19|2-21-40-53-26|36-78-34-24-80|71-9-68-54
380,16,1778.6036,235.4193,73.0,217.5975,0,16,116.891234,116.992241,True,72-12-76-84-91-100|5-14-44-38-86-17-60-89|83-52-18-6-94|59-42-61-87-43-97-13|33-29-73-57-37-93|95-98-16-85-99-96|92-15-75-41-22-55-4|39-23-67-56-54-25|65-81-51-66-20-1|27-69-30-79-34-35-77|63-11-62-90-10-32-70|36-82-7-8-46-48|45-47-64-49|31-19-88-50|28-71-9-78-3-68-24-80|2-21-40-53-26-74-58
381,16,1778.6036,235.4193,73.0,217.5975,0,16,116.891234,116.992241,True,72-12-76-84-91-100|5-14-44-38-86-17-60-89|83-52-18-6-94|59-42-61-87-43-97-13|33-29-73-57-37-93|95-98-16-85-99-96|92-15-75-41-22-55-4|39-23-67-56-54-25|65-81-51-66-20-1|27-69-30-79-34-35-77|63-11-62-90-10-32-70|36-82-7-8-46-48|45-47-64-49|31-19-88-50|28-71-9-78-3-68-24-80|2-21-40-53-26-74-58
382,16,1806.6546,205.933,82.0,228.0235,0,16,125.306534,125.413997,True,72-12-76-9-50-91-100|5-14-44-38-86-17-60-89|83-52-18-6-94|59-42-61-87-43-97-13-58|33-29-73-57-37-93|95-98-16-85-99-84-96|92-15-75-22-54-55-4|39-23-67-41-56-74-25|65-81-51-66-20-1|27-69-30-79-3-35-77|63-11-62-90-10-32-70|36-82-7-8-46-48|45-47-64-49|31-88-19|28-71-78-34-68-24-80|2-21-40-53-26
383,18,1810.3742,435.2993,99.0,212.4019,0,18,126.422426,126.565367,True,33-29-79-81-9-35-77|65-71-78-34-68-24-80|95-52-87-37-97-13|83-82-7-88-90-10-32-70|59-92-98-16-84-17-60-89|63-11-64-49-46-48|27-28-12-76-3-54-55-25|69-31-30-51-66-20-1|39-23-75-4|36-18-99-94-96|72-15-73-22-41-26|42-14-44-38-86-43-91-93|45-5-6|2-21-40-50|47-62-19-8|61-85-74-100|53-57-56-58|67
384,16,1819.2348,230.498,88.0,220.1346,0,16,129.080612,129.19495,True,59-69-71-9-24-25|92-42-2-87-57-43-100-93|5-14-44-38-86-17-60-89|45-52-18-6-94-97-13|39-29-78-34-50-68-80|33-12-75-22-41-37-91|95-98-16-85-99-84|65-81-51-66-20-1|27-30-76-79-3-35-77|63-11-62-90-10-32-70|28-21-73-40-53-26-54|72-15-61-96-74-58|83-31-88|47-36-64-49-48|82-19-7-8-46|23-67-56-55-4
385,16,1819.9544,202.1867,67.0,225.2689,0,16,129.296491,129.405469,True,72-12-76-9-50-91-100|92-14-44-38-86-17-60-89|5-83-52-18-6-94|42-98-61-99-87-37-43-93|33-29-73-57-97-13|95-59-16-85-84-96|15-75-22-55-4-74-58|39-23-67-41-56-25|65-81-51-66-20-1|28-69-30-79-3-35-77|63-11-62-90-10-32-70|36-82-7-8-46-48|45-47-64-49|27-31-88-19|2-21-40-53-26-68|71-78-34-54-24-80
386,25,1821.5924,1473.7852,115.0,202.541,0,25,170.910841,171.215141,True,5-83-7|26|18-6-94|63-11-64-49-46-60-89|82-47-19-48|69-30-90-32-70|65-71-66-20|39-67-34-77|54-55|33-81-78-50|45-36-8-84-17|59-61-16-86-91-100|52-88|53-56-4-25|21-23-41|28-12-29-79-3-68-24-80|76-51-9-35|27-31-62-10|73-75-22-74-13|40-58|92-98-85-93|42-14-44-38-43-37|2-15-57-87-97|72-95-99-96|1
387,16,1829.7609,199.2564,76.0,225.2689,0,16,132.238448,132.350828,True,72-12-76-9-50-91-100|5-14-44-38-86-17-60-89|83-52-18-6-94|59-42-61-87-43-97-13|33-29-73-57-37-93|95-98-16-85-99-84-96|92-15-75-22-55-4-74-58|39-23-67-41-56-25|65-81-51-66-20-1|28-69-30-79-3-35-77|63-11-62-90-10-32-70|36-82-7-8-46-48|45-47-64-49|27-31-88-19|2-21-40-53-26-68|71-78-34-54-24-80
388,16,1836.6907,219.243,118.0,224.0336,0,16,134.317378,134.43885,True,12-76-9-50-91-100|5-14-44-38-86-17-60-89|83-52-18-6-94|59-42-61-87-43-97-13-58|33-29-22-41-37-93|95-98-16-85-99-84-96|92-75-21-40-53-26-54|65-81-51-66-20-1|28-69-30-79-3-35-77|63-11-62-90-10-32-70|36-82-7-8-46-48|45-47-64-49|27-31-88-19-68|71-78-34-55-24-80|72-39-23-67-56-74-4-25|2-15-73-57
389,16,1837.3988,186.3213,73.0,225.2689,0,16,134.529789,134.642221,True,72-12-76-9-50-91-100|5-14-44-38-86-17-60-89|83-52-18-6-94|33-29-73-57-37-93|95-98-16-85-99-84-96|92-15-75-22-55-4-74-58|39-23-67-41-56-25|28-69-30-79-3-35-77|63-11-62-90-10-32-70|36-82-7-8-46-48|65-71-78-34-54-24-80|45-88-51-66-20-1|47-19-64-49|59-42-61-87-43-97-13|2-21-40-53-26-68|27-31-81
390,16,1844.8249,219.6103,95.0,219.1667,0,16,136.757637,136.878574,True,95-98-15-57-87-37-97-13-58|83-82-7-88-90-10-32-70|59-92-16-85-61-84-17-60-89|42-14-44-38-86-43-100-91|28-12-76-79-3-54-74|72-23-75-6-96-93|27-69-31-30-51-20-66-1|63-11-64-49-46-48|5-2-73-40-53|33-52-99-94|45-36-19-8|47-62-18-35-77|65-71-78-81-50-24-80|39-21-9-34-68|67-22-56-55-4|29-41-26-25
391,25,1888.2156,1239.4612,102.0,199.541,0,25,149.774832,150.062221,True,28-79-34-35-1|2-15-57-43-93|12-3-68-80|92-59-61-85-99-6|42-14-44-38-86-17-89|72-39-23-67-55-25|30-51-81-50|21-75-22-41-56-4|27-31-62-88|33-65-71-20-32-70|47-36-19-49-46-48|63-64-90-10|52-94-87-97-37-100|16-18|40-73-74-58|83-7|5-45-8-84-96|29-24-77|54-13|26-60|95-91|78-9-66|82-11|98-53|69-76
392,23,1908.2821,1143.4489,123.0,202.541,0,23,155.794783,156.075739,True,5-83-18-6-94|26|63-11-64-49-46-89|82-47-19|69-30-20-32-70|65-71-66-1|39-67-34-77|55|33-81-51-50|45-36-8-84-17-60|59-16-44-38-48|52-7-88-54|53-56-4-25|75-23-41|28-12-29-79-3-68-24-80|76-78-9-35|27-31-62-90-10|21-73-22-74-13|99-40-58|92-98-85-61-93|14-42-15-43-100|2-57-87-97-37-91|72-95-86-96
393,23,1969.3568,1132.1141,99.0,205.1129,0,23,174.117212,174.412776,True,5-84-17-60|99-16-86-13-93|59-94-55-89|95-92-44-38-43-100|2-87-58|26-25|72-54-24-80|21-23-67-4|28-12-29-79-78-68-77|33-81-34-50|65-71-35-1|27-69-30-66-20-70|63-31-88-90-10|62-11-64-49-48|47-36-19-46|45-83-82-7-18|40-6-37-91|76-3-56-74|98-61-85-8-96|52-51-9-32|14-42-15-57-97|39-22-41|75-73-53
394,25,2027.8786,1219.4744,120.0,202.541,0,25,191.673742,192.002281,True,83-5|26|61-18-6|63-11-64-49-46-60-89|82-47-19|31-88-7-20-32-70|65-71-66-1|39-67-34-77|27-69-30-51-55|33-81-50|53|45-36-84-17|59-16-38-86-48|8-54|56-4-25|23-41-57|12-29-79-3-68-24-80|28-76-78-9-35|52-62-90-10|21-73-75-22-74-13|99-40-58|92-98-85-93|42-14-44-43-100|2-15-87-94-97-37-91|72-95-96
395,22,2032.2269,896.8495,120.0,204.2088,0,22,192.978221,193.259022,True,5-83-7|9-50-26|61-18-6|27-64-49-46-60-89|82-47-19-90-10-32-70|33-65-71-51-20-66-1|39-67-34-77|62-11-88-55|53|45-36-84-17|59-16-38-86-48|63-31-8-54|76-56-4-25|23-41-57|12-29-79-3-68-24-80|28-69-30-81-78-35|21-73-75-22-74-13|52-99-40-58|92-98-85-93|42-14-44-43-100|2-15-87-94-97-37-91|72-95-96
396,25,2053.5872,1146.5082,99.0,204.7506,0,25,199.386338,199.709876,True,33-79-78-34-35-77|65-71-9-51-50|47-36-19-8-60-89|5-15-37-97-58|45-82-7-88-90-10-32-70|59-92-98-16-61-85-17|28-67-56-74-4|69-31-30-66-20-1|72-39-73-6-96-93|83-52-81-68-24-80|99-94|63-64-49-46|14-44-38-86-91|75-22-55-54|40-26|27-48|42-43-100|2-13|95-87-57-25|62-18-53|76-3|21-41|11-84|29-12|23
397,25,2075.1351,1312.1596,96.0,200.3146,0,25,205.850695,206.20458,True,95-92-16-44-38-100|39-21-73-41-22-56|53-40-54-24-80|72-75-23-67-55-4|29-78-79-50|69-30-71-66-70|63-31-88-90-1|62-11-64-49-48|47-36-19-8|83-45-18|59-14-94-37-91-93|42-2-15-87-6|5-86-84-17-60|76-81-35|98-85-96-58|65-9-51|99-68-77|27-28-25|33-20-10-89|97-13|26-74|52-32|12-3-34|82-7-46|61-57-43
398,25,2080.2799,1287.2655,100.0,204.1199,0,25,207.394131,207.746796,True,28-79-78-34-1|2-15-57-87-43-93|5-59-99-94-6|42-44-86-17-89|72-75-23-67-55-4|69-9-81-50|33-65-71-20-32|47-36-19-46-48|63-64-11-90-10|21-73-41-22-74-58|95-92-98-16-85-97|45-82-7|52-53-68-80|62-88-18-96|29-12-40|83-54-24-77|39-25|91-100|26-13-60|27-70|61-38-37|76-3-35|30-51-66|31-8-49|14-84-56
399,25,2084.8696,1220.5955,98.0,202.1634,0,25,208.771058,209.114606,True,79-78-35-1|2-15-43-91-93|12-29-3-68-24-80|59-92-16-99-6|42-14-44-38-86-17|72-39-23-67-55-25|69-30-51-81-9-50|21-75-22-54|62-88|32-70|47-36-19-46-48|63-64-10|52-94-97-100|95-98-18-85-96-13|73-74-58|82-7-26|5-45-8-84|37-89|87-56-4-77|33-65-71-34-20|53-40-60|28-61-41|76-57|27-83-90-66|31-11-49
400,25,2203.8256,1035.0359,81.0,202.2983,0,25,244.457834,244.807556,True,2-57-43-91|42-44-38-17-89|72-39-67-56-55-25|27-30-51-81-50-80|33-65-71-66-20|47-36-49-46-48|63-64-11-10|45-82-8-96|21-75-41-22-4|95-92-98-61-37-97-13|78-3-24-77|5-18|31-62-34-35|69-88-6|29-40-53|87-85-60-93|15-99-100|14-90-1-70|28-52-26-54-58|12-76-9-68|84-94-74|7-19-32|73-79|59-83-16-86|23
